scene,query,reference,model,response,type,answer_model
辅助生殖,"你是一个严格按照要求答题的医学考试考生。请你先展示出完整的思考过程，然后再输出最终答案。每道题目有至少两个选项（A、B）至多五个选项（A、B、C、D、E），题目为不定项选择题，请按照以下格式作答：

【思考过程】：...

【最终答案】：AB / BCE / CD / DE / E / ...（只输出选项的编号，不要写选项内容）

示例：
题目：医疗伦理中四大基本原则是？
A.尊重自主权
B.善意行为
C.无害原则
D.公正原则
E.以上都不是
【思考过程】：本题考查医学伦理的四大基本原则，包括尊重自主权、不伤害原则、行善原则、公正原则。

【最终答案】：ABCD

题目：在辅助生殖技术应用场景中，以下哪些行为明确违反了我国相关法规？
A.从商业机构购买人体卵细胞用于科研项目
B.向捐赠者支付高额补偿金以获取卵巢组织
C.中介机构通过收取佣金为需求方匹配卵子提供者
D.公民自愿签署协议无偿捐献遗体
E.医生建议患者向供者支付“营养费”获取精细胞
【思考过程】：",ABCE,Doubao-1.5-Thinking,"【思考过程】：本题需依据我国辅助生殖技术及人类遗传资源管理相关法规分析各选项是否违法。  
- 选项A：《人类辅助生殖技术管理办法》明确禁止买卖配子（包括卵细胞），从商业机构购买卵细胞用于科研属于买卖配子，违反法规。  
- 选项B：配子捐赠应遵循自愿、无偿原则，“高额补偿金”可能被认定为变相买卖卵巢组织，违反法规。  
- 选项C：中介机构通过收取佣金匹配卵子提供者，属于配子交易中介行为，我国禁止任何形式的配子交易中介，违反法规。  
- 选项D：公民自愿无偿捐献遗体是法律鼓励的合法行为，不涉及辅助生殖技术违规。  
- 选项E：精子捐赠需无偿，“营养费”若超出合理补偿范围（如交通、误工等），可能被视为变相买卖精子，医生建议患者支付此类费用获取精细胞，违反法规。  

【最终答案】：ABCE",客观题,ABCE
辅助生殖,"你是一个严格按照要求答题的医学考试考生。请你先展示出完整的思考过程，然后再输出最终答案。每道题目有至少两个选项（A、B）至多五个选项（A、B、C、D、E），题目为不定项选择题，请按照以下格式作答：

【思考过程】：...

【最终答案】：AB / BCE / CD / DE / E / ...（只输出选项的编号，不要写选项内容）

示例：
题目：医疗伦理中四大基本原则是？
A.尊重自主权
B.善意行为
C.无害原则
D.公正原则
E.以上都不是
【思考过程】：本题考查医学伦理的四大基本原则，包括尊重自主权、不伤害原则、行善原则、公正原则。

【最终答案】：ABCD

题目：以下哪些行为被我国现行法律法规明确禁止？
A.通过中介机构购买捐赠者的冷冻胚胎
B.医疗机构为未婚女性实施人工授精
C.医务人员指导亲属间胚胎转移
D.非营利性代孕咨询机构实施代孕技术
E.科研机构将多余合子用于遗传学研究
【思考过程】：",ABCD,Doubao-1.5-Thinking,"【思考过程】：本题需依据我国现行法律法规分析各选项是否被禁止。  
- **选项A**：《人类辅助生殖技术管理办法》明确禁止买卖配子、合子、胚胎。通过中介购买冷冻胚胎属于买卖行为，被禁止。  
- **选项B**：《人类辅助生殖技术规范》要求实施人工授精需提供夫妇双方身份证、结婚证及计划生育证明，未婚女性无法满足条件，医疗机构不得为其实施，被禁止。  
- **选项C**：《人类辅助生殖技术规范》禁止实施胚胎赠送。亲属间胚胎转移可能涉及胚胎赠送，且可能隐含代孕（将胚胎转移至亲属体内），而代孕技术被《管理办法》明确禁止，因此被禁止。  
- **选项D**：《人类辅助生殖技术管理办法》第三条规定“禁止任何形式的代孕技术”，无论是否营利，实施代孕技术均违法，被禁止。  
- **选项E**：《人类辅助生殖技术规范》允许剩余合子在知情同意并经伦理审查后用于科学研究，不被禁止。  

【最终答案】：ABCD",客观题,ABCD
辅助生殖,"你是一个严格按照要求答题的医学考试考生。请你先展示出完整的思考过程，然后再输出最终答案。每道题目有至少两个选项（A、B）至多五个选项（A、B、C、D、E），题目为不定项选择题，请按照以下格式作答：

【思考过程】：...

【最终答案】：AB / BCE / CD / DE / E / ...（只输出选项的编号，不要写选项内容）

示例：
题目：医疗伦理中四大基本原则是？
A.尊重自主权
B.善意行为
C.无害原则
D.公正原则
E.以上都不是
【思考过程】：本题考查医学伦理的四大基本原则，包括尊重自主权、不伤害原则、行善原则、公正原则。

【最终答案】：ABCD

题目：以下关于实施人类辅助生殖技术的医疗行为的描述，哪项符合相关规定？
A.医生口头告知患者手术风险后直接实施手术，未签署知情同意书
B.发现技术应用涉及伦理争议时，提交医学伦理委员会讨论并备案
C.患者自愿放弃签署知情同意书，医生尊重其意愿继续操作
D.存在潜在伦理风险但未影响治疗流程，无需额外讨论
【思考过程】：",B,Doubao-1.5-Thinking,"【思考过程】：本题考查人类辅助生殖技术的相关规定。  
- 选项A：辅助生殖技术涉及患者重大权益，必须签署书面知情同意书，仅口头告知不符合规定。  
- 选项B：发现伦理争议时提交医学伦理委员会讨论并备案，符合伦理审查和备案的规范要求。  
- 选项C：知情同意是必须程序，即使患者自愿放弃，医生也不能省略签署环节。  
- 选项D：潜在伦理风险需主动评估讨论，不能因未影响流程而忽略。  

【最终答案】：B",客观题,B
辅助生殖,"你是一个严格按照要求答题的医学考试考生。请你先展示出完整的思考过程，然后再输出最终答案。每道题目有至少两个选项（A、B）至多五个选项（A、B、C、D、E），题目为不定项选择题，请按照以下格式作答：

【思考过程】：...

【最终答案】：AB / BCE / CD / DE / E / ...（只输出选项的编号，不要写选项内容）

示例：
题目：医疗伦理中四大基本原则是？
A.尊重自主权
B.善意行为
C.无害原则
D.公正原则
E.以上都不是
【思考过程】：本题考查医学伦理的四大基本原则，包括尊重自主权、不伤害原则、行善原则、公正原则。

【最终答案】：ABCD

题目：根据我国辅助生殖技术管理规定，实施供精人工授精的医疗机构应如何处理供精源？
A.与卫生部批准的人类精子库签订供精协议
B.在实验室紧急缺精时少量自行采集
C.使用国内外科研机构认证的冷冻精子标本
D.直接从志愿者处采集并支付合理营养费
【思考过程】：",A,Doubao-1.5-Thinking,"【思考过程】：根据我国《人类辅助生殖技术管理办法》和《人类精子库管理办法》规定，实施供精人工授精的医疗机构必须使用由卫生部（现国家卫生健康委员会）批准的人类精子库提供的精子，禁止自行采集或使用非正规来源的精子。选项A符合规定，要求与批准的人类精子库签订协议；选项B（自行采集）、C（使用国内外科研机构认证的精子）、D（直接从志愿者采集）均违反法规，不允许。

【最终答案】：A",客观题,A
辅助生殖,"你是一个严格按照要求答题的医学考试考生。请你先展示出完整的思考过程，然后再输出最终答案。每道题目有至少两个选项（A、B）至多五个选项（A、B、C、D、E），题目为不定项选择题，请按照以下格式作答：

【思考过程】：...

【最终答案】：AB / BCE / CD / DE / E / ...（只输出选项的编号，不要写选项内容）

示例：
题目：医疗伦理中四大基本原则是？
A.尊重自主权
B.善意行为
C.无害原则
D.公正原则
E.以上都不是
【思考过程】：本题考查医学伦理的四大基本原则，包括尊重自主权、不伤害原则、行善原则、公正原则。

【最终答案】：ABCD

题目：以下表述是否正确：实施人类辅助生殖技术的医疗机构在任何情况下都不得进行性别选择。
A.正确
B.错误
【思考过程】：",B,Doubao-1.5-Thinking,"【思考过程】：根据我国相关法规，实施人类辅助生殖技术时，除非因医学需要（如预防伴性遗传病等），否则不得进行性别选择。因此并非“任何情况下都不得进行性别选择”，题目表述错误。

【最终答案】：B",客观题,B
辅助生殖,"你是一个严格按照要求答题的医学考试考生。请你先展示出完整的思考过程，然后再输出最终答案。每道题目有至少两个选项（A、B）至多五个选项（A、B、C、D、E），题目为不定项选择题，请按照以下格式作答：

【思考过程】：...

【最终答案】：AB / BCE / CD / DE / E / ...（只输出选项的编号，不要写选项内容）

示例：
题目：医疗伦理中四大基本原则是？
A.尊重自主权
B.善意行为
C.无害原则
D.公正原则
E.以上都不是
【思考过程】：本题考查医学伦理的四大基本原则，包括尊重自主权、不伤害原则、行善原则、公正原则。

【最终答案】：ABCD

题目：一个供精者的精子最多只能提供给多少名妇女受孕？
A.3名
B.4名
C.5名
D.8名
E.10名
【思考过程】：",C,Doubao-1.5-Thinking,"【思考过程】：根据我国《人类精子库管理办法》的规定，为防止因精子过度使用导致的近亲结婚风险，明确规定一个供精者的精子最多只能提供给5名妇女受孕。

【最终答案】：C",客观题,C
辅助生殖,"你是一个严格按照要求答题的医学考试考生。请你先展示出完整的思考过程，然后再输出最终答案。每道题目有至少两个选项（A、B）至多五个选项（A、B、C、D、E），题目为不定项选择题，请按照以下格式作答：

【思考过程】：...

【最终答案】：AB / BCE / CD / DE / E / ...（只输出选项的编号，不要写选项内容）

示例：
题目：医疗伦理中四大基本原则是？
A.尊重自主权
B.善意行为
C.无害原则
D.公正原则
E.以上都不是
【思考过程】：本题考查医学伦理的四大基本原则，包括尊重自主权、不伤害原则、行善原则、公正原则。

【最终答案】：ABCD

题目：以下关于人类精子库的管理要求，哪项表述是正确的？
A.供精者档案可采用纸质形式存档并由专人保管
B.精子库需对供精者资料进行计算机管理但无需永久保存
C.保密义务仅针对供精者而不包括受精者
D.供精者档案必须经计算机管理并永久保存
E.保密义务允许在未经同意时向科研机构共享脱敏数据
【思考过程】：",D,Doubao-1.5-Thinking,"【思考过程】：本题考查人类精子库管理的相关法规要求。根据《人类精子库管理办法》及相关规范：  
- 选项A错误：供精者档案需通过计算机管理并永久保存，仅纸质存档不符合要求。  
- 选项B错误：精子库需对供精者资料进行计算机管理且必须永久保存（非“无需永久保存”）。  
- 选项C错误：保密义务同时针对供精者和受精者双方，而非仅供精者。  
- 选项D正确：供精者档案必须经计算机管理并永久保存（符合《人类精子库管理办法》第二十条规定）。  
- 选项E错误：保密义务要求未经供精者和受精者同意，不得泄露任何信息（包括脱敏数据）。  

【最终答案】：D",客观题,D
辅助生殖,"你是一个严格按照要求答题的医学考试考生。请你先展示出完整的思考过程，然后再输出最终答案。每道题目有至少两个选项（A、B）至多五个选项（A、B、C、D、E），题目为不定项选择题，请按照以下格式作答：

【思考过程】：...

【最终答案】：AB / BCE / CD / DE / E / ...（只输出选项的编号，不要写选项内容）

示例：
题目：医疗伦理中四大基本原则是？
A.尊重自主权
B.善意行为
C.无害原则
D.公正原则
E.以上都不是
【思考过程】：本题考查医学伦理的四大基本原则，包括尊重自主权、不伤害原则、行善原则、公正原则。

【最终答案】：ABCD

题目：人类精子库的技术质量监测和检查报告应当向哪些部门备案？
A.市级卫生行政部门
B.省级卫生行政部门
C.卫生部
D.市级医疗监管局
E.国务院
【思考过程】：",BC,Doubao-1.5-Thinking,"【思考过程】：根据《人类精子库管理办法》相关规定，人类精子库的技术质量监测和检查报告需要向省级卫生行政部门和卫生部（现国家卫生健康委员会）备案。市级卫生行政部门和市级医疗监管局通常负责具体执行或日常管理，而非直接备案；国务院作为最高行政机关，层级过高，不属于直接备案对象。因此，正确备案部门应为省级卫生行政部门和卫生部。

【最终答案】：BC",客观题,BC
辅助生殖,"你是一个严格按照要求答题的医学考试考生。请你先展示出完整的思考过程，然后再输出最终答案。每道题目有至少两个选项（A、B）至多五个选项（A、B、C、D、E），题目为不定项选择题，请按照以下格式作答：

【思考过程】：...

【最终答案】：AB / BCE / CD / DE / E / ...（只输出选项的编号，不要写选项内容）

示例：
题目：医疗伦理中四大基本原则是？
A.尊重自主权
B.善意行为
C.无害原则
D.公正原则
E.以上都不是
【思考过程】：本题考查医学伦理的四大基本原则，包括尊重自主权、不伤害原则、行善原则、公正原则。

【最终答案】：ABCD

题目：为确保不发生同一供精者精液被滥用，监控机制设定的每位供精者的精液标本最多可导致几名妇女受孕？
A.3名
B.4名
C.5名
D.6名
E.8名
【思考过程】：",C,Doubao-1.5-Thinking,"【思考过程】：根据我国《人类精子库管理办法》及相关技术规范，为防止同一供精者精液被滥用导致近亲结婚风险，规定每位供精者的精液标本最多可使5名妇女受孕。

【最终答案】：C",客观题,C
辅助生殖,"你是一个严格按照要求答题的医学考试考生。请你先展示出完整的思考过程，然后再输出最终答案。每道题目有至少两个选项（A、B）至多五个选项（A、B、C、D、E），题目为不定项选择题，请按照以下格式作答：

【思考过程】：...

【最终答案】：AB / BCE / CD / DE / E / ...（只输出选项的编号，不要写选项内容）

示例：
题目：医疗伦理中四大基本原则是？
A.尊重自主权
B.善意行为
C.无害原则
D.公正原则
E.以上都不是
【思考过程】：本题考查医学伦理的四大基本原则，包括尊重自主权、不伤害原则、行善原则、公正原则。

【最终答案】：ABCD

题目：根据相关法规，精子库必须将供精者的以下哪些信息上报至中央信息库？
A.姓名
B.年龄
C.身份证号
D.生物学特性标志
E.职业
【思考过程】：",ABCD,Doubao-1.5-Thinking,"【思考过程】：根据《人类精子库管理办法》及相关法规，精子库需将供精者信息上报中央信息库的主要目的是防止重复供精、避免近亲结婚等伦理问题，同时需保护供精者隐私。法规明确要求上报的信息主要涉及供精者的生物学特征（如血型、HLA分型等），以实现唯一性识别和管理。而姓名（A）、身份证号（C）属于个人隐私信息，通常不会上报；年龄（B）和职业（E）虽可能记录，但并非必须上报至中央信息库的核心内容。因此，必须上报的是生物学特性标志（D）。

【最终答案】：D",客观题,D
辅助生殖,"你是一个严格按照要求答题的医学考试考生。请你先展示出完整的思考过程，然后再输出最终答案。每道题目有至少两个选项（A、B）至多五个选项（A、B、C、D、E），题目为不定项选择题，请按照以下格式作答：

【思考过程】：...

【最终答案】：AB / BCE / CD / DE / E / ...（只输出选项的编号，不要写选项内容）

示例：
题目：医疗伦理中四大基本原则是？
A.尊重自主权
B.善意行为
C.无害原则
D.公正原则
E.以上都不是
【思考过程】：本题考查医学伦理的四大基本原则，包括尊重自主权、不伤害原则、行善原则、公正原则。

【最终答案】：ABCD

题目：以下哪些措施符合我国关于精子库供精者管理的法规要求？
A.精子库每月汇总供精者信息并向中央信息库申报
B.中央信息库收到申报后直接通过电话告知核查结果
C.精子库收到中央信息库10个工作日内反馈的核查信息后启动筛查流程
D.某精子库允许通过中央信息库筛查未发现重复的供精者在15个工作日后开始采精
E.中央信息库仅登记供精者的相貌特征不记录身份信息
【思考过程】：",C,Doubao-1.5-Thinking,"【思考过程】：本题需依据我国《人类精子库管理办法》及相关法规分析各选项。  
- 选项A：法规要求精子库每月汇总供精者信息并向中央信息库申报，符合要求，正确。  
- 选项B：中央信息库核查结果需以规范方式反馈（如书面或电子），而非“直接通过电话告知”，不符合，错误。  
- 选项C：中央信息库应在收到申报后10个工作日内反馈核查结果，精子库收到后启动筛查流程，符合规定，正确。  
- 选项D：通过中央信息库筛查未重复的供精者，经必要检查后可开始采精（15个工作日为合理时间），符合要求，正确。  
- 选项E：中央信息库需记录供精者身份信息（如身份证号）以避免重复供精，仅记录相貌特征不符合规定，错误。  

【最终答案】：ACD",客观题,ACD
辅助生殖,"你是一个严格按照要求答题的医学考试考生。请你先展示出完整的思考过程，然后再输出最终答案。每道题目有至少两个选项（A、B）至多五个选项（A、B、C、D、E），题目为不定项选择题，请按照以下格式作答：

【思考过程】：...

【最终答案】：AB / BCE / CD / DE / E / ...（只输出选项的编号，不要写选项内容）

示例：
题目：医疗伦理中四大基本原则是？
A.尊重自主权
B.善意行为
C.无害原则
D.公正原则
E.以上都不是
【思考过程】：本题考查医学伦理的四大基本原则，包括尊重自主权、不伤害原则、行善原则、公正原则。

【最终答案】：ABCD

题目：以下关于人类精子库保密原则的表述中，哪几项是正确的？
A.研究者因科研需求可查阅供精者社会身份资料，B.工作人员可接受司法机关公函直接查阅完整档案，C.供精者有权要求查看所有受精者的医疗记录，D.非负责人工作人员经批准可查看供精者详细地址，E.未经当事人同意档案不得用于商业活动
【思考过程】：",E,Doubao-1.5-Thinking,"【思考过程】：本题考查人类精子库保密原则的相关规定。根据人类精子库管理的伦理和法规要求，需严格保护供精者、受精者及后代的隐私：  
- 选项A错误：供精者的社会身份资料属于严格保密内容，研究者因科研需求通常只能获取匿名数据，不可查阅社会身份资料。  
- 选项B正确：司法机关因案件需要，凭公函可依法查阅完整档案，但需严格保密，符合保密原则的例外情形。  
- 选项C错误：受精者的医疗记录属于其个人隐私，供精者无权要求查看。  
- 选项D错误：供精者的详细地址属于敏感信息，仅特定负责人在必要时经严格审批可查阅，非负责人工作人员即使批准也不可查看。  
- 选项E正确：档案的使用需严格限制，未经当事人同意用于商业活动违反保密原则。  

【最终答案】：BE",客观题,BE
辅助生殖,"你是一个严格按照要求答题的医学考试考生。请你先展示出完整的思考过程，然后再输出最终答案。每道题目有至少两个选项（A、B）至多五个选项（A、B、C、D、E），题目为不定项选择题，请按照以下格式作答：

【思考过程】：...

【最终答案】：AB / BCE / CD / DE / E / ...（只输出选项的编号，不要写选项内容）

示例：
题目：医疗伦理中四大基本原则是？
A.尊重自主权
B.善意行为
C.无害原则
D.公正原则
E.以上都不是
【思考过程】：本题考查医学伦理的四大基本原则，包括尊重自主权、不伤害原则、行善原则、公正原则。

【最终答案】：ABCD

题目：关于供精者赠精的性质，以下哪项描述正确？
A.必须由医疗机构强制要求的医疗行为
B.自愿的人道主义行为
C.可接受超出合理补偿范围的高额报酬
D.需经政府机构审批的行政程序
【思考过程】：",B,Doubao-1.5-Thinking,"【思考过程】：根据我国人类辅助生殖技术相关法规，供精者赠精应遵循自愿、无偿（或合理补偿）的原则。选项A错误，因供精是自愿行为而非强制；选项B正确，符合自愿和人道主义的性质；选项C错误，供精者只能接受合理补偿，禁止高额报酬；选项D错误，供精行为主要由医疗机构规范管理，无需政府机构审批行政程序。

【最终答案】：B",客观题,B
辅助生殖,"你是一个严格按照要求答题的医学考试考生。请你先展示出完整的思考过程，然后再输出最终答案。每道题目有至少两个选项（A、B）至多五个选项（A、B、C、D、E），题目为不定项选择题，请按照以下格式作答：

【思考过程】：...

【最终答案】：AB / BCE / CD / DE / E / ...（只输出选项的编号，不要写选项内容）

示例：
题目：医疗伦理中四大基本原则是？
A.尊重自主权
B.善意行为
C.无害原则
D.公正原则
E.以上都不是
【思考过程】：本题考查医学伦理的四大基本原则，包括尊重自主权、不伤害原则、行善原则、公正原则。

【最终答案】：ABCD

题目：以下哪种情形符合自精保存的基本条件？
A.已婚男性因工作繁忙希望提前冷冻精液，B.放疗前需保存精子的癌症患者，C.为子女储备精子的60岁健康男性，D.取精困难的试管婴儿技术需求者，E.未婚男性为保持生育能力提前保存精子
【思考过程】：",BD,Doubao-1.5-Thinking,"【思考过程】：自精保存的基本条件通常包括因医学治疗可能影响生育能力、辅助生殖技术需求、特殊职业风险等情况。分析各选项：  
- 选项A：已婚男性因工作繁忙提前冷冻精液，无医学或生育风险指征，不符合基本条件。  
- 选项B：放疗前需保存精子的癌症患者，放疗可能损伤睾丸功能，属于典型适应症，符合条件。  
- 选项C：60岁健康男性为子女储备精子，年龄较大可能影响精子质量，且目的非自身生育需求，不符合。  
- 选项D：取精困难的试管婴儿技术需求者，需保存精子避免取精失败影响治疗，符合条件。  
- 选项E：未婚男性为保持生育能力提前保存精子，属于“其他特殊情况”（如延迟生育计划），符合基本条件。  

【最终答案】：BDE",客观题,BDE
辅助生殖,"你是一个严格按照要求答题的医学考试考生。请你先展示出完整的思考过程，然后再输出最终答案。每道题目有至少两个选项（A、B）至多五个选项（A、B、C、D、E），题目为不定项选择题，请按照以下格式作答：

【思考过程】：...

【最终答案】：AB / BCE / CD / DE / E / ...（只输出选项的编号，不要写选项内容）

示例：
题目：医疗伦理中四大基本原则是？
A.尊重自主权
B.善意行为
C.无害原则
D.公正原则
E.以上都不是
【思考过程】：本题考查医学伦理的四大基本原则，包括尊重自主权、不伤害原则、行善原则、公正原则。

【最终答案】：ABCD

题目：人类精子库可以向以下哪类机构合法提供精液？
A.取得省级卫生部门辅助生殖技术备案的私立医院
B.具有国际生殖医学认证的公立机构
C.取得卫生部人类辅助生殖技术批准证书的生殖中心
D.持有三年有效期的生育健康执业许可的诊所
E.未取得任何批准证书的研究院所
【思考过程】：",C,Doubao-1.5-Thinking,"【思考过程】：根据《人类精子库管理办法》规定，人类精子库只能向持有卫生部（现国家卫生健康委员会）批准的人类辅助生殖技术批准证书的机构提供精液。分析各选项：  
- 选项A：省级卫生部门备案的私立医院不符合“卫生部批准证书”要求；  
- 选项B：国际认证的公立机构未明确具备国内批准证书，不合法；  
- 选项C：取得卫生部批准证书的生殖中心符合规定；  
- 选项D：生育健康执业许可不等同于辅助生殖技术批准证书；  
- 选项E：未取得批准证书的机构明显不合法。  

【最终答案】：C",客观题,C
辅助生殖,"你是一个严格按照要求答题的医学考试考生。请你先展示出完整的思考过程，然后再输出最终答案。每道题目有至少两个选项（A、B）至多五个选项（A、B、C、D、E），题目为不定项选择题，请按照以下格式作答：

【思考过程】：...

【最终答案】：AB / BCE / CD / DE / E / ...（只输出选项的编号，不要写选项内容）

示例：
题目：医疗伦理中四大基本原则是？
A.尊重自主权
B.善意行为
C.无害原则
D.公正原则
E.以上都不是
【思考过程】：本题考查医学伦理的四大基本原则，包括尊重自主权、不伤害原则、行善原则、公正原则。

【最终答案】：ABCD

题目：人类精子库在哪些情况下可以合法提供精液？
A.未经检验但家属签署免责协议的精液
B.检验不合格但捐赠者自愿提供的精液
C.已完成检验且质量合格的精液
D.经过初步检验但未完成最终报告的精液
E.检验合格但保存时间超过规定期限的精液
【思考过程】：",C,Doubao-1.5-Thinking,"【思考过程】：根据《人类精子库管理办法》及相关伦理规范，人类精子库提供精液需严格遵循检验和质量控制要求。选项A中未经检验的精液存在传播疾病风险，即使签署免责协议也不合法；选项B检验不合格的精液可能危害受方健康，不能提供；选项C已完成检验且质量合格的精液符合规定，合法；选项D未完成最终报告的精液可能存在未检测的问题，不合法；选项E保存时间超期的精液可能质量下降，即使曾合格也不可用。

【最终答案】：C",客观题,C
辅助生殖,"你是一个严格按照要求答题的医学考试考生。请你先展示出完整的思考过程，然后再输出最终答案。每道题目有至少两个选项（A、B）至多五个选项（A、B、C、D、E），题目为不定项选择题，请按照以下格式作答：

【思考过程】：...

【最终答案】：AB / BCE / CD / DE / E / ...（只输出选项的编号，不要写选项内容）

示例：
题目：医疗伦理中四大基本原则是？
A.尊重自主权
B.善意行为
C.无害原则
D.公正原则
E.以上都不是
【思考过程】：本题考查医学伦理的四大基本原则，包括尊重自主权、不伤害原则、行善原则、公正原则。

【最终答案】：ABCD

题目：根据我国相关规定，提供供精人工授精的精液必须满足哪些条件？
A.精液冷冻保存3个月后直接使用
B.新鲜精液经实时检测合格后使用
C.精液冷冻保存达半年但未进行复检
D.精液冷冻保存满半年且复检合格
E.精液冷冻保存5个月后复检替代检疫期
【思考过程】：",D,Doubao-1.5-Thinking,"【思考过程】：根据我国相关规定，为确保供精人工授精的安全性，防止通过精液传播传染病（如艾滋病等存在窗口期的疾病），精液需经过严格的检疫期管理。规定要求精液必须冷冻保存满6个月（即半年），并在检疫期满后进行复检，确认合格后方可使用。分析各选项：  
- A选项“冷冻3个月后直接使用”不符合检疫期要求（需半年）且未复检，错误；  
- B选项“新鲜精液直接使用”未经过检疫期，无法排除窗口期感染风险，错误；  
- C选项“冷冻半年但未复检”未完成复检流程，错误；  
- D选项“冷冻半年且复检合格”符合规定的检疫期和复检要求，正确；  
- E选项“冷冻5个月复检替代检疫期”时间不足（需半年），错误。  

【最终答案】：D",客观题,D
辅助生殖,"你是一个严格按照要求答题的医学考试考生。请你先展示出完整的思考过程，然后再输出最终答案。每道题目有至少两个选项（A、B）至多五个选项（A、B、C、D、E），题目为不定项选择题，请按照以下格式作答：

【思考过程】：...

【最终答案】：AB / BCE / CD / DE / E / ...（只输出选项的编号，不要写选项内容）

示例：
题目：医疗伦理中四大基本原则是？
A.尊重自主权
B.善意行为
C.无害原则
D.公正原则
E.以上都不是
【思考过程】：本题考查医学伦理的四大基本原则，包括尊重自主权、不伤害原则、行善原则、公正原则。

【最终答案】：ABCD

题目：在辅助生殖技术中，以下哪种情况允许人类精子库实施精子分离技术？
A.为帮助患者生育双胞胎并确保性别一致
B.为预防性连锁遗传病传递给子代
C.为提高子女特定外貌特征的概率
D.为满足夫妇对子女性别偏好的家庭需求
【思考过程】：",B,Doubao-1.5-Thinking,"【思考过程】：根据辅助生殖技术的伦理原则和相关法规，人类精子库实施精子分离技术需基于医学需要，禁止非医学目的的性别选择。选项A（生育双胞胎并确保性别一致）和D（满足性别偏好）属于非医学目的的性别选择，不符合规定；选项C（提高特定外貌特征概率）涉及非医学目的的选择，同样不允许；选项B（预防性连锁遗传病传递）属于医学需要，通过分离X/Y精子可避免子代遗传疾病，符合伦理和法规要求。

【最终答案】：B",客观题,B
辅助生殖,"你是一个严格按照要求答题的医学考试考生。请你先展示出完整的思考过程，然后再输出最终答案。每道题目有至少两个选项（A、B）至多五个选项（A、B、C、D、E），题目为不定项选择题，请按照以下格式作答：

【思考过程】：...

【最终答案】：AB / BCE / CD / DE / E / ...（只输出选项的编号，不要写选项内容）

示例：
题目：医疗伦理中四大基本原则是？
A.尊重自主权
B.善意行为
C.无害原则
D.公正原则
E.以上都不是
【思考过程】：本题考查医学伦理的四大基本原则，包括尊重自主权、不伤害原则、行善原则、公正原则。

【最终答案】：ABCD

题目：以下表述是否正确：人类精子库在获得伦理委员会批准后，可以将两位供体的精液混合用于辅助生殖。
A.正确
B.错误
【思考过程】：",B,Doubao-1.5-Thinking,"【思考过程】：根据人类辅助生殖技术的伦理原则和相关法规，人类精子库的精液使用需保证后代遗传信息的明确性。混合两位供体的精液会导致无法确定后代的生物学父亲，引发遗传咨询、血缘关系认定等伦理问题，因此即使获得伦理委员会批准，也不允许将两位供体的精液混合用于辅助生殖。

【最终答案】：B",客观题,B
辅助生殖,"你是一个严格按照要求答题的医学考试考生。请你先展示出完整的思考过程，然后再输出最终答案。每道题目有至少两个选项（A、B）至多五个选项（A、B、C、D、E），题目为不定项选择题，请按照以下格式作答：

【思考过程】：...

【最终答案】：AB / BCE / CD / DE / E / ...（只输出选项的编号，不要写选项内容）

示例：
题目：医疗伦理中四大基本原则是？
A.尊重自主权
B.善意行为
C.无害原则
D.公正原则
E.以上都不是
【思考过程】：本题考查医学伦理的四大基本原则，包括尊重自主权、不伤害原则、行善原则、公正原则。

【最终答案】：ABCD

题目：以下哪种行为可能违反人类精子库的伦理规范？
A.采集一名未签署知情同意书的志愿者精液用于医学研究
B.在供精者临时无法签字时由家属代为签署知情同意书后进行采集
C.因紧急医疗需求使用未签署知情同意书的冷冻精液样本
D.使用三年前已签署知情同意书但未更新签署状态的库存精液
【思考过程】：",ABCD,Doubao-1.5-Thinking,"【思考过程】：本题考查人类精子库的伦理规范，核心在于知情同意原则的落实。  
- 选项A：采集未签署知情同意书的志愿者精液用于医学研究，直接违反知情同意的基本要求（必须本人自愿签署），属于违规。  
- 选项B：供精者临时无法签字时由家属代签，知情同意必须由供精者本人签署（具有完全民事行为能力者），家属代签无效，属于违规。  
- 选项C：紧急医疗需求下使用未签署知情同意书的冷冻精液样本，知情同意是使用样本的前提，紧急情况不能绕过该原则，属于违规。  
- 选项D：使用三年前已签署但未更新的库存精液，若原知情同意书未明确要求定期更新且未被撤回，则原同意仍有效，不必然违规。  

【最终答案】：ABC",客观题,ABC
辅助生殖,"你是一个严格按照要求答题的医学考试考生。请你先展示出完整的思考过程，然后再输出最终答案。每道题目有至少两个选项（A、B）至多五个选项（A、B、C、D、E），题目为不定项选择题，请按照以下格式作答：

【思考过程】：...

【最终答案】：AB / BCE / CD / DE / E / ...（只输出选项的编号，不要写选项内容）

示例：
题目：医疗伦理中四大基本原则是？
A.尊重自主权
B.善意行为
C.无害原则
D.公正原则
E.以上都不是
【思考过程】：本题考查医学伦理的四大基本原则，包括尊重自主权、不伤害原则、行善原则、公正原则。

【最终答案】：ABCD

题目：以下表述是否正确：人类精子库工作人员年满22岁的儿子自愿签署知情同意书后，可作为供精者。
A.正确
B.错误
【思考过程】：",B,Doubao-1.5-Thinking,"【思考过程】：根据《人类精子库管理办法》及相关伦理规范，供精者需与精子库无利害关系以避免利益冲突和近亲繁殖风险。精子库工作人员的儿子属于亲属，存在潜在利益关联，即使年满22岁并签署知情同意书，仍不符合供精者的伦理要求。因此该表述错误。

【最终答案】：B",客观题,B
辅助生殖,"你是一个严格按照要求答题的医学考试考生。请你先展示出完整的思考过程，然后再输出最终答案。每道题目有至少两个选项（A、B）至多五个选项（A、B、C、D、E），题目为不定项选择题，请按照以下格式作答：

【思考过程】：...

【最终答案】：AB / BCE / CD / DE / E / ...（只输出选项的编号，不要写选项内容）

示例：
题目：医疗伦理中四大基本原则是？
A.尊重自主权
B.善意行为
C.无害原则
D.公正原则
E.以上都不是
【思考过程】：本题考查医学伦理的四大基本原则，包括尊重自主权、不伤害原则、行善原则、公正原则。

【最终答案】：ABCD

题目：以下哪种行为违反了人类精子库相关管理规定？
A.人类精子库所在科室同时开展试管婴儿技术
B.人类精子库专职人员协助生殖中心实施体外受精
C.生殖医学科专职人员进行人工授精操作
D.人类精子库与第三方机构共享供精者基本信息
【思考过程】：",ABD,Doubao-1.5-Thinking,"【思考过程】：本题需依据《人类精子库管理办法》《人类辅助生殖技术规范》等法规分析各选项是否违规。  
- 选项A：人类精子库可设置在持有相关资质的医疗机构内，允许同一机构内存在精子库与试管婴儿技术（分属不同科室管理），不违规。  
- 选项B：人类精子库专职人员应专职从事精子库工作（如检验、处理、管理等），协助生殖中心实施体外受精（属于辅助生殖技术操作）违反人员专职要求，违规。  
- 选项C：人工授精属于辅助生殖技术，由生殖医学科专职人员操作符合规定，不违规。  
- 选项D：供精者信息需严格保密，与第三方机构共享基本信息违反“未经批准不得泄露信息”的规定，违规。  

【最终答案】：BD",客观题,BD
辅助生殖,"你是一个严格按照要求答题的医学考试考生。请你先展示出完整的思考过程，然后再输出最终答案。每道题目有至少两个选项（A、B）至多五个选项（A、B、C、D、E），题目为不定项选择题，请按照以下格式作答：

【思考过程】：...

【最终答案】：AB / BCE / CD / DE / E / ...（只输出选项的编号，不要写选项内容）

示例：
题目：医疗伦理中四大基本原则是？
A.尊重自主权
B.善意行为
C.无害原则
D.公正原则
E.以上都不是
【思考过程】：本题考查医学伦理的四大基本原则，包括尊重自主权、不伤害原则、行善原则、公正原则。

【最终答案】：ABCD

题目：下列哪几项是供精者在辅助生殖技术应用中必须满足的法定要求？
A.年龄在20-45周岁之间
B.真实提供本人及家族成员一般病史
C.年龄在22-45周岁之间
D.按要求提供遗传病史说明文件
E.回答医师提出的其他相关问题并提供精液标本
【思考过程】：",BCDE,Doubao-1.5-Thinking,"【思考过程】：本题考查辅助生殖技术中供精者的法定要求。根据《人类精子库管理办法》《人类辅助生殖技术和人类精子库伦理原则》等相关法规：  
- 年龄要求：供精者年龄需在22-45周岁之间（C正确，A错误）。  
- 健康与病史：供精者必须真实提供本人及家族成员的一般病史（B正确），并按要求提供遗传病史说明文件（D正确）。  
- 配合义务：供精者需回答医师提出的其他相关问题，并配合提供精液标本（E正确）。  

【最终答案】：BCDE",客观题,BCDE
辅助生殖,"你是一个严格按照要求答题的医学考试考生。请你先展示出完整的思考过程，然后再输出最终答案。每道题目有至少两个选项（A、B）至多五个选项（A、B、C、D、E），题目为不定项选择题，请按照以下格式作答：

【思考过程】：...

【最终答案】：AB / BCE / CD / DE / E / ...（只输出选项的编号，不要写选项内容）

示例：
题目：医疗伦理中四大基本原则是？
A.尊重自主权
B.善意行为
C.无害原则
D.公正原则
E.以上都不是
【思考过程】：本题考查医学伦理的四大基本原则，包括尊重自主权、不伤害原则、行善原则、公正原则。

【最终答案】：ABCD

题目：每位供精者的冷冻精液最多可使多少名妇女受孕？
A.3名
B.4名
C.5名
D.6名
E.8名
【思考过程】：",C,Doubao-1.5-Thinking,"【思考过程】：根据我国人类辅助生殖技术相关法规规定，为防止供精者后代近亲结婚风险，每位供精者的冷冻精液最多只能使5名妇女受孕。

【最终答案】：C",客观题,C
辅助生殖,"你是一个严格按照要求答题的医学考试考生。请你先展示出完整的思考过程，然后再输出最终答案。每道题目有至少两个选项（A、B）至多五个选项（A、B、C、D、E），题目为不定项选择题，请按照以下格式作答：

【思考过程】：...

【最终答案】：AB / BCE / CD / DE / E / ...（只输出选项的编号，不要写选项内容）

示例：
题目：医疗伦理中四大基本原则是？
A.尊重自主权
B.善意行为
C.无害原则
D.公正原则
E.以上都不是
【思考过程】：本题考查医学伦理的四大基本原则，包括尊重自主权、不伤害原则、行善原则、公正原则。

【最终答案】：ABCD

题目：以下表述是否正确：医疗机构在实施辅助生殖技术时，只要夫妻双方自愿且符合医学指征，即使未满足当地计划生育政策要求也可开展。
A.正确
B.错误
【思考过程】：",B,Doubao-1.5-Thinking,"【思考过程】：我国对辅助生殖技术的应用有严格规定，必须遵守国家人口与计划生育法律法规。根据相关管理办法，医疗机构实施辅助生殖技术时，除需满足夫妻双方自愿和医学指征外，还需符合当地计划生育政策要求。因此，未满足计划生育政策要求时不可开展该技术，题目表述错误。

【最终答案】：B",客观题,B
辅助生殖,"你是一个严格按照要求答题的医学考试考生。请你先展示出完整的思考过程，然后再输出最终答案。每道题目有至少两个选项（A、B）至多五个选项（A、B、C、D、E），题目为不定项选择题，请按照以下格式作答：

【思考过程】：...

【最终答案】：AB / BCE / CD / DE / E / ...（只输出选项的编号，不要写选项内容）

示例：
题目：医疗伦理中四大基本原则是？
A.尊重自主权
B.善意行为
C.无害原则
D.公正原则
E.以上都不是
【思考过程】：本题考查医学伦理的四大基本原则，包括尊重自主权、不伤害原则、行善原则、公正原则。

【最终答案】：ABCD

题目：在辅助生殖治疗中，以下哪些行为违反了医学伦理的自愿原则？
A.要求夫妇在签署同意书时立即决定，否则将失去治疗机会
B.提供详细治疗流程和可能风险后，由夫妇讨论决定
C.若患者不同意治疗，医生暗示可能影响其医保报销
D.隐瞒部分风险以提高患者接受治疗的意愿
E.赠送药物优惠券以鼓励患者选择某种方案
【思考过程】：",ACDE,Doubao-1.5-Thinking,"【思考过程】：医学伦理的自愿原则强调患者应在充分知情、无强迫或不当压力的情况下自主做出决定。分析各选项：  
- 选项A：要求立即决定否则失去机会，属于通过时间压力强迫患者，违反自愿原则。  
- 选项B：提供详细信息后由夫妇讨论决定，符合自愿原则（充分知情+自主选择）。  
- 选项C：医生暗示不同意治疗会影响医保报销，属于通过威胁施加压力，违反自愿原则。  
- 选项D：隐瞒部分风险导致患者无法知情，破坏了“充分知情”的前提，违反自愿原则。  
- 选项E：赠送优惠券是鼓励而非强迫，患者仍可自主选择，未违反自愿原则。  

【最终答案】：ACD",客观题,ACD
辅助生殖,"你是一个严格按照要求答题的医学考试考生。请你先展示出完整的思考过程，然后再输出最终答案。每道题目有至少两个选项（A、B）至多五个选项（A、B、C、D、E），题目为不定项选择题，请按照以下格式作答：

【思考过程】：...

【最终答案】：AB / BCE / CD / DE / E / ...（只输出选项的编号，不要写选项内容）

示例：
题目：医疗伦理中四大基本原则是？
A.尊重自主权
B.善意行为
C.无害原则
D.公正原则
E.以上都不是
【思考过程】：本题考查医学伦理的四大基本原则，包括尊重自主权、不伤害原则、行善原则、公正原则。

【最终答案】：ABCD

题目：在辅助生殖治疗中，以下哪些行为可能构成对患者隐私权的侵犯？
A.将患者的完整治疗记录匿名化后用于医学研究
B.未经患者书面同意将其不孕病史作为案例在公开会议上讨论
C.医务人员因个人关系向配偶透露某位患者的胚胎冷冻情况
D.未加密存储患者生殖健康信息导致被内部其他部门员工随意查阅
【思考过程】：",BCD,Doubao-1.5-Thinking,"【思考过程】：本题需判断辅助生殖治疗中哪些行为侵犯患者隐私权。隐私权指患者个人医疗信息等不被非法泄露或公开。分析各选项：  
- 选项A：匿名化处理后的治疗记录用于医学研究，因无法识别患者身份，通常不侵犯隐私。  
- 选项B：未经患者书面同意，在公开会议讨论其不孕病史（隐私信息），属于公开泄露隐私。  
- 选项C：医务人员因个人关系向配偶透露患者胚胎冷冻情况（隐私信息），未经患者同意泄露隐私。  
- 选项D：未加密存储导致内部员工随意查阅患者生殖健康信息（隐私信息），属于管理不当致隐私泄露。  

综上，B、C、D行为可能侵犯隐私权。

【最终答案】：BCD",客观题,BCD
辅助生殖,"你是一个严格按照要求答题的医学考试考生。请你先展示出完整的思考过程，然后再输出最终答案。每道题目有至少两个选项（A、B）至多五个选项（A、B、C、D、E），题目为不定项选择题，请按照以下格式作答：

【思考过程】：...

【最终答案】：AB / BCE / CD / DE / E / ...（只输出选项的编号，不要写选项内容）

示例：
题目：医疗伦理中四大基本原则是？
A.尊重自主权
B.善意行为
C.无害原则
D.公正原则
E.以上都不是
【思考过程】：本题考查医学伦理的四大基本原则，包括尊重自主权、不伤害原则、行善原则、公正原则。

【最终答案】：ABCD

题目：在辅助生殖技术应用中，以下哪种情形可以合法进行胎儿性别选择？
A.夫妻双方希望生育男孩以延续家族传统
B.预防性连锁隐性遗传病发生
C.已有两名同性子女的家庭希望生育异性子女
D.宗教原因要求特定性别
E.医学诊断显示与性别无关的发育异常需干预
【思考过程】：",B,Doubao-1.5-Thinking,"【思考过程】：我国对辅助生殖技术中胎儿性别选择有严格规定，仅允许基于医学需要的性别选择，主要用于预防遗传性疾病。选项A（延续家族传统）、C（已有同性子女希望异性）、D（宗教原因）均为非医学理由，不合法；选项E（与性别无关的发育异常）无需性别选择；选项B（预防性连锁隐性遗传病）属于医学需要（如X连锁隐性遗传病男性发病率高），可合法进行。

【最终答案】：B",客观题,B
辅助生殖,"你是一个严格按照要求答题的医学考试考生。请你先展示出完整的思考过程，然后再输出最终答案。每道题目有至少两个选项（A、B）至多五个选项（A、B、C、D、E），题目为不定项选择题，请按照以下格式作答：

【思考过程】：...

【最终答案】：AB / BCE / CD / DE / E / ...（只输出选项的编号，不要写选项内容）

示例：
题目：医疗伦理中四大基本原则是？
A.尊重自主权
B.善意行为
C.无害原则
D.公正原则
E.以上都不是
【思考过程】：本题考查医学伦理的四大基本原则，包括尊重自主权、不伤害原则、行善原则、公正原则。

【最终答案】：ABCD

题目：以下表述是否正确：经医疗机构伦理委员会审批同意后，可为患有严重子宫疾病的夫妇实施代孕技术。
A.正确
B.错误
【思考过程】：",B,Doubao-1.5-Thinking,"【思考过程】：我国《人类辅助生殖技术管理办法》明确规定，禁止实施任何形式的代孕技术。代孕涉及复杂的伦理、法律问题，无论是否经医疗机构伦理委员会审批，均不允许实施。因此题目中的表述错误。

【最终答案】：B",客观题,B
辅助生殖,"你是一个严格按照要求答题的医学考试考生。请你先展示出完整的思考过程，然后再输出最终答案。每道题目有至少两个选项（A、B）至多五个选项（A、B、C、D、E），题目为不定项选择题，请按照以下格式作答：

【思考过程】：...

【最终答案】：AB / BCE / CD / DE / E / ...（只输出选项的编号，不要写选项内容）

示例：
题目：医疗伦理中四大基本原则是？
A.尊重自主权
B.善意行为
C.无害原则
D.公正原则
E.以上都不是
【思考过程】：本题考查医学伦理的四大基本原则，包括尊重自主权、不伤害原则、行善原则、公正原则。

【最终答案】：ABCD

题目：以下行为是否合法：某夫妇在完成试管婴儿手术后，出于善意，主动将剩余的胚胎赠送给另一对不孕夫妇？
A.合法，B.不合法
【思考过程】：",B,Doubao-1.5-Thinking,"【思考过程】：根据我国《人类辅助生殖技术管理办法》等相关法规规定，胚胎属于具有发展为生命潜力的特殊物质，其处置需严格遵循伦理和法律规范。目前我国禁止任何形式的胚胎赠送行为，剩余胚胎的处理需在原夫妇知情同意下，按照规定程序进行（如冷冻保存、销毁等），不得赠送给他人。因此，该夫妇主动赠送剩余胚胎的行为不合法。

【最终答案】：B",客观题,B
辅助生殖,"你是一个严格按照要求答题的医学考试考生。请你先展示出完整的思考过程，然后再输出最终答案。每道题目有至少两个选项（A、B）至多五个选项（A、B、C、D、E），题目为不定项选择题，请按照以下格式作答：

【思考过程】：...

【最终答案】：AB / BCE / CD / DE / E / ...（只输出选项的编号，不要写选项内容）

示例：
题目：医疗伦理中四大基本原则是？
A.尊重自主权
B.善意行为
C.无害原则
D.公正原则
E.以上都不是
【思考过程】：本题考查医学伦理的四大基本原则，包括尊重自主权、不伤害原则、行善原则、公正原则。

【最终答案】：ABCD

题目：以下哪些操作被明确禁止？
A.人类与同种配子的体外结合
B.人类体内移植猴子合子
C.在狒狒体内培育人类胚胎
D.异种体内移植人类肝脏干细胞
E.马卵子与人类精子的人工融合
【思考过程】：",BCE,Doubao-1.5-Thinking,"【思考过程】：本题需判断哪些操作被明确禁止，需结合生物伦理和相关法规分析：  
- 选项A：人类同种配子体外结合（如试管婴儿）是合法且广泛应用的辅助生殖技术，未被禁止。  
- 选项B：人类体内移植猴子合子（猴子受精卵）会导致人猴嵌合体胚胎在人体内发育，违反伦理规范，可能被禁止。  
- 选项C：在狒狒体内培育人类胚胎会形成人-狒狒嵌合体，若胚胎发育至高级阶段，严重违背伦理，通常被明确禁止。  
- 选项D：异种体内移植人类肝脏干细胞（如在动物体内培养人类器官）可能在严格监管下允许，未被普遍禁止。  
- 选项E：马卵子与人类精子人工融合会产生人-马杂交胚胎，属于跨物种配子结合，严重违反伦理，明确禁止。  

【最终答案】：BCE",客观题,BCE
辅助生殖,"你是一个严格按照要求答题的医学考试考生。请你先展示出完整的思考过程，然后再输出最终答案。每道题目有至少两个选项（A、B）至多五个选项（A、B、C、D、E），题目为不定项选择题，请按照以下格式作答：

【思考过程】：...

【最终答案】：AB / BCE / CD / DE / E / ...（只输出选项的编号，不要写选项内容）

示例：
题目：医疗伦理中四大基本原则是？
A.尊重自主权
B.善意行为
C.无害原则
D.公正原则
E.以上都不是
【思考过程】：本题考查医学伦理的四大基本原则，包括尊重自主权、不伤害原则、行善原则、公正原则。

【最终答案】：ABCD

题目：在辅助生殖技术中，以下哪些供精者与供卵者的组合被明确禁止？
A.表姐弟间
B.亲兄妹间
C.无血缘关系的夫妻间
D.堂姐与堂弟间
E.三代以内旁系血亲间
【思考过程】：",ABDE,Doubao-1.5-Thinking,"【思考过程】：本题考查辅助生殖技术中供精者与供卵者组合的伦理规范。根据我国《人类辅助生殖技术和人类精子库伦理原则》，明确禁止近亲间的配子捐赠，以避免后代遗传病风险和伦理问题。近亲范围包括直系血亲和三代以内旁系血亲。  

- 选项A（表姐弟间）：表姐弟的共同祖先是祖父母或外祖父母，属于三代以内旁系血亲，被禁止。  
- 选项B（亲兄妹间）：亲兄妹的共同祖先是父母，属于二代以内旁系血亲（仍在三代以内），被禁止。  
- 选项C（无血缘关系的夫妻间）：夫妻无血缘关系，不属于近亲，不被禁止。  
- 选项D（堂姐与堂弟间）：堂姐弟的共同祖先是祖父母，属于三代以内旁系血亲，被禁止。  
- 选项E（三代以内旁系血亲间）：直接涵盖所有三代以内旁系血亲的组合，明确被禁止。  

因此，被禁止的组合包括A、B、D、E。

【最终答案】：ABDE",客观题,ABDE
辅助生殖,"你是一个严格按照要求答题的医学考试考生。请你先展示出完整的思考过程，然后再输出最终答案。每道题目有至少两个选项（A、B）至多五个选项（A、B、C、D、E），题目为不定项选择题，请按照以下格式作答：

【思考过程】：...

【最终答案】：AB / BCE / CD / DE / E / ...（只输出选项的编号，不要写选项内容）

示例：
题目：医疗伦理中四大基本原则是？
A.尊重自主权
B.善意行为
C.无害原则
D.公正原则
E.以上都不是
【思考过程】：本题考查医学伦理的四大基本原则，包括尊重自主权、不伤害原则、行善原则、公正原则。

【最终答案】：ABCD

题目：在同一治疗周期中，配子和合子的来源应满足以下哪项条件？
A.可来自不同男性和同一女性
B.可来自同一男性和不同女性
C.可混合使用多个男性的配子
D.必须来自同一男性和同一女性
E.可以使用之前周期保存的配子
【思考过程】：",D,Doubao-1.5-Thinking,"【思考过程】：本题考查辅助生殖技术中配子和合子来源的伦理规范。根据相关规定，为确保遗传父母明确和避免伦理纠纷，同一治疗周期中配子和合子的来源必须遵循严格原则。分析各选项：

- **选项A**：“可来自不同男性和同一女性”错误。若配子来自不同男性，会导致遗传父亲不明确，违反伦理要求。  
- **选项B**：“可来自同一男性和不同女性”错误。配子来自不同女性（如供卵）会导致遗传母亲不明确，不符合同一对夫妇的原则。  
- **选项C**：“可混合使用多个男性的配子”错误。混合配子会导致遗传混乱，伦理上绝对禁止。  
- **选项D**：“必须来自同一男性和同一女性”正确。为保证遗传一致性和伦理合规，同一治疗周期的配子必须来自同一对夫妇（同一男性和同一女性）。  
- **选项E**：“可以使用之前周期保存的配子”正确。若之前周期保存的配子属于同一对夫妇（同一男性和同一女性），在当前周期中使用是允许的，符合伦理规范。  

【最终答案】：DE",客观题,DE
辅助生殖,"你是一个严格按照要求答题的医学考试考生。请你先展示出完整的思考过程，然后再输出最终答案。每道题目有至少两个选项（A、B）至多五个选项（A、B、C、D、E），题目为不定项选择题，请按照以下格式作答：

【思考过程】：...

【最终答案】：AB / BCE / CD / DE / E / ...（只输出选项的编号，不要写选项内容）

示例：
题目：医疗伦理中四大基本原则是？
A.尊重自主权
B.善意行为
C.无害原则
D.公正原则
E.以上都不是
【思考过程】：本题考查医学伦理的四大基本原则，包括尊重自主权、不伤害原则、行善原则、公正原则。

【最终答案】：ABCD

题目：根据我国相关规定，以下哪种情况禁止实施人类辅助生殖技术？
A.符合计划生育政策但未持有结婚证的夫妇
B.因健康问题无法自然生育的已婚配偶
C.未履行生育审批程序的再婚夫妇
D.32周岁未签署放弃生育声明的单身女性
E.已完成生育登记的同性伴侣
【思考过程】：",ACDE,Doubao-1.5-Thinking,"【思考过程】：根据我国《人类辅助生殖技术管理办法》和《人类辅助生殖技术规范》等相关规定，实施人类辅助生殖技术需满足以下核心条件：夫妇双方需持有结婚证，符合国家计划生育政策（如履行生育审批程序、提供生育证明等），且仅适用于已婚夫妇。  

- **选项A**：未持有结婚证的夫妇，即使符合计划生育政策，也不符合“已婚夫妇”的基本要求，禁止实施。  
- **选项B**：已婚且因健康问题无法自然生育的配偶，符合辅助生殖技术的适应症（医疗目的+已婚），允许实施。  
- **选项C**：未履行生育审批程序的再婚夫妇，违反计划生育政策（需提供合法生育证明），禁止实施。  
- **选项D**：单身女性（无论年龄或是否签署放弃声明），因无法提供结婚证，不符合“已婚夫妇”的要求，禁止实施。  
- **选项E**：同性伴侣无法获得合法婚姻关系（我国不承认同性婚姻），无法提供结婚证，禁止实施。  

综上，禁止实施的情况为A、C、D、E。

【最终答案】：ACDE",客观题,ACDE
辅助生殖,"你是一个严格按照要求答题的医学考试考生。请你先展示出完整的思考过程，然后再输出最终答案。每道题目有至少两个选项（A、B）至多五个选项（A、B、C、D、E），题目为不定项选择题，请按照以下格式作答：

【思考过程】：...

【最终答案】：AB / BCE / CD / DE / E / ...（只输出选项的编号，不要写选项内容）

示例：
题目：医疗伦理中四大基本原则是？
A.尊重自主权
B.善意行为
C.无害原则
D.公正原则
E.以上都不是
【思考过程】：本题考查医学伦理的四大基本原则，包括尊重自主权、不伤害原则、行善原则、公正原则。

【最终答案】：ABCD

题目：以下表述是否正确：某科研机构在获得国家卫健委审批后，可以开展人类嵌合体胚胎试验研究用于治疗血液病？
A.正确
B.错误
【思考过程】：",B,Doubao-1.5-Thinking,"【思考过程】：人类嵌合体胚胎试验涉及高度敏感的伦理问题，需遵循严格的伦理准则和法规。我国及国际相关指南（如《人胚胎干细胞研究伦理指导原则》《关于加强科技伦理治理的意见》等）规定，此类研究不仅需要行政部门审批，还必须通过严格的伦理审查。即使目的是治疗血液病，仅获得国家卫健委审批并不足以合法开展该试验。因此，原表述错误。

【最终答案】：B",客观题,B
辅助生殖,"你是一个严格按照要求答题的医学考试考生。请你先展示出完整的思考过程，然后再输出最终答案。每道题目有至少两个选项（A、B）至多五个选项（A、B、C、D、E），题目为不定项选择题，请按照以下格式作答：

【思考过程】：...

【最终答案】：AB / BCE / CD / DE / E / ...（只输出选项的编号，不要写选项内容）

示例：
题目：医疗伦理中四大基本原则是？
A.尊重自主权
B.善意行为
C.无害原则
D.公正原则
E.以上都不是
【思考过程】：本题考查医学伦理的四大基本原则，包括尊重自主权、不伤害原则、行善原则、公正原则。

【最终答案】：ABCD

题目：根据现行法律法规，以下哪一行为被明确禁止？
A.使用体外受精技术帮助不孕夫妇生育
B.为提高妊娠率对胚胎进行基因编辑
C.通过体细胞核移植技术制造基因完全相同的婴儿
D.在患者自愿前提下实施代孕技术
【思考过程】：",BCD,Doubao-1.5-Thinking,"【思考过程】：本题需依据我国现行法律法规判断哪些行为被禁止。  
- 选项A：体外受精技术（试管婴儿）是国家允许的辅助生殖技术，主要用于治疗不孕不育，未被禁止。  
- 选项B：根据《人类辅助生殖技术规范》和《人胚胎干细胞研究伦理指导原则》，禁止以生殖为目的对胚胎进行基因编辑，因此为提高妊娠率编辑胚胎被明确禁止。  
- 选项C：体细胞核移植技术制造基因完全相同的婴儿属于生殖性克隆，我国法律（如《人类辅助生殖技术管理办法》）明确禁止克隆人，故该行为被禁止。  
- 选项D：《人类辅助生殖技术管理办法》第三条规定，禁止任何形式的代孕技术，无论患者是否自愿，因此代孕被禁止。  

【最终答案】：BCD",客观题,BCD
辅助生殖,"你是一个严格按照要求答题的医学考试考生。请你先展示出完整的思考过程，然后再输出最终答案。每道题目有至少两个选项（A、B）至多五个选项（A、B、C、D、E），题目为不定项选择题，请按照以下格式作答：

【思考过程】：...

【最终答案】：AB / BCE / CD / DE / E / ...（只输出选项的编号，不要写选项内容）

示例：
题目：医疗伦理中四大基本原则是？
A.尊重自主权
B.善意行为
C.无害原则
D.公正原则
E.以上都不是
【思考过程】：本题考查医学伦理的四大基本原则，包括尊重自主权、不伤害原则、行善原则、公正原则。

【最终答案】：ABCD

题目：在辅助生殖治疗中，医务人员的义务包括以下哪些内容？
A.告知患者所有可选治疗手段的利弊及风险
B.根据患者的经济状况推荐治疗方案
C.在患者知情后提出最有利于患者的方案
D.仅提供医学指征明确的最佳治疗方案
E.考虑患者的心理及社会因素
【思考过程】：",ACE,Doubao-1.5-Thinking,"【思考过程】：本题考查辅助生殖治疗中医务人员的义务。需结合医学伦理原则分析各选项：  
- 选项A：根据知情同意原则，医务人员需向患者充分告知所有可选治疗手段的利弊及风险，属于义务，正确。  
- 选项B：推荐治疗方案应以医学指征和患者利益为核心，而非经济状况，故错误。  
- 选项C：在患者知情后提出最有利于患者的方案，符合行善原则，属于义务，正确。  
- 选项D：“仅提供”表述过于绝对，辅助生殖可能存在多个医学指征明确的方案，需与患者共同决策，故错误。  
- 选项E：辅助生殖涉及心理压力、家庭等社会因素，医务人员需综合考虑患者的心理及社会因素，属于义务，正确。  

【最终答案】：ACE",客观题,ACE
辅助生殖,"你是一个严格按照要求答题的医学考试考生。请你先展示出完整的思考过程，然后再输出最终答案。每道题目有至少两个选项（A、B）至多五个选项（A、B、C、D、E），题目为不定项选择题，请按照以下格式作答：

【思考过程】：...

【最终答案】：AB / BCE / CD / DE / E / ...（只输出选项的编号，不要写选项内容）

示例：
题目：医疗伦理中四大基本原则是？
A.尊重自主权
B.善意行为
C.无害原则
D.公正原则
E.以上都不是
【思考过程】：本题考查医学伦理的四大基本原则，包括尊重自主权、不伤害原则、行善原则、公正原则。

【最终答案】：ABCD

题目：在进行促排卵治疗时，以下哪些目的是被明确禁止的？
A.为了提高受孕几率而增加排卵数量
B.为商业利益出售卵子
C.治疗患者的不孕症
D.帮助患者怀上双胞胎
E.自愿捐赠卵子给亲属使用
【思考过程】：",BD,Doubao-1.5-Thinking,"【思考过程】：本题考查促排卵治疗的伦理与法规限制。促排卵治疗的核心目的是治疗不孕症，需遵循医学必要性原则，禁止非医学目的或商业行为。  
- 选项A：提高受孕几率而增加排卵数量，属于促排卵治疗的常规合理应用（如针对排卵障碍患者），不被禁止。  
- 选项B：为商业利益出售卵子，涉及卵子商业化，违反伦理与法规（如《人类辅助生殖技术管理办法》明确禁止），被禁止。  
- 选项C：治疗不孕症是促排卵的核心合法目的，允许。  
- 选项D：帮助患者怀上双胞胎属于非医学需要的目的（非治疗需求），促排卵应基于治疗必要性，而非单纯追求多胎，被禁止。  
- 选项E：自愿捐赠卵子给亲属使用（非商业、非盈利），符合伦理与法规，不被禁止。  

【最终答案】：BD",客观题,BD
辅助生殖,"你是一个严格按照要求答题的医学考试考生。请你先展示出完整的思考过程，然后再输出最终答案。每道题目有至少两个选项（A、B）至多五个选项（A、B、C、D、E），题目为不定项选择题，请按照以下格式作答：

【思考过程】：...

【最终答案】：AB / BCE / CD / DE / E / ...（只输出选项的编号，不要写选项内容）

示例：
题目：医疗伦理中四大基本原则是？
A.尊重自主权
B.善意行为
C.无害原则
D.公正原则
E.以上都不是
【思考过程】：本题考查医学伦理的四大基本原则，包括尊重自主权、不伤害原则、行善原则、公正原则。

【最终答案】：ABCD

题目：某辅助生殖技术服务机构在配子处理过程中，需要履行哪些法定义务？
A.为捐献者制定胚胎处理方案
B.建立不育夫妇处置配子的专属档案
C.保留医师口头确认的处置意见
D.要求不育夫妇双方签署知情同意书
E.授权胚胎实验室全权决定冷冻方案
【思考过程】：",BD,Doubao-1.5-Thinking,"【思考过程】：本题考查辅助生殖技术服务机构在配子处理中的法定义务。根据《人类辅助生殖技术管理办法》《人类辅助生殖技术规范》等规定：  
- 选项A错误，胚胎处理方案应由接受配子的不育夫妇自主决定，而非机构为捐献者制定；  
- 选项B正确，规范要求对配子、胚胎的处置建立专属档案，确保可追溯；  
- 选项C错误，重要医疗决策需书面记录，口头确认不符合法定要求；  
- 选项D正确，知情同意是法定义务，必须要求不育夫妇双方签署书面知情同意书；  
- 选项E错误，冷冻等关键方案需经患者知情同意后决定，不可由实验室全权决定。  

【最终答案】：BD",客观题,BD
辅助生殖,"你是一个严格按照要求答题的医学考试考生。请你先展示出完整的思考过程，然后再输出最终答案。每道题目有至少两个选项（A、B）至多五个选项（A、B、C、D、E），题目为不定项选择题，请按照以下格式作答：

【思考过程】：...

【最终答案】：AB / BCE / CD / DE / E / ...（只输出选项的编号，不要写选项内容）

示例：
题目：医疗伦理中四大基本原则是？
A.尊重自主权
B.善意行为
C.无害原则
D.公正原则
E.以上都不是
【思考过程】：本题考查医学伦理的四大基本原则，包括尊重自主权、不伤害原则、行善原则、公正原则。

【最终答案】：ABCD

题目：在辅助生殖技术中，以下哪种行为违反伦理规定？
A.未经患者同意将胚胎用于科研分析
B.在患者不知情时使用其配子进行病理学研究
C.患者授权后销毁多余胚胎
D.私下将受精卵转让给其他不孕夫妇
E.根据捐赠协议使用冷冻精子
【思考过程】：",ABD,Doubao-1.5-Thinking,"【思考过程】：辅助生殖技术的伦理规定强调知情同意、自主决定权、禁止非法转让等原则。  
- 选项A：未经患者同意将胚胎用于科研分析，违反了患者对自身胚胎的知情同意权，属于伦理违规。  
- 选项B：患者不知情时使用其配子进行病理学研究，同样未获得知情同意，侵犯了患者对配子的所有权和自主权，违反伦理。  
- 选项C：患者授权后销毁多余胚胎，患者对自身胚胎有处置权，授权后销毁符合伦理。  
- 选项D：私下将受精卵转让给其他不孕夫妇，未经合法程序和原患者同意，涉及非法转让，违反伦理。  
- 选项E：根据捐赠协议使用冷冻精子，遵循了捐赠协议的约定，符合伦理规范。  

【最终答案】：ABD",客观题,ABD
辅助生殖,"你是一个严格按照要求答题的医学考试考生。请你先展示出完整的思考过程，然后再输出最终答案。每道题目有至少两个选项（A、B）至多五个选项（A、B、C、D、E），题目为不定项选择题，请按照以下格式作答：

【思考过程】：...

【最终答案】：AB / BCE / CD / DE / E / ...（只输出选项的编号，不要写选项内容）

示例：
题目：医疗伦理中四大基本原则是？
A.尊重自主权
B.善意行为
C.无害原则
D.公正原则
E.以上都不是
【思考过程】：本题考查医学伦理的四大基本原则，包括尊重自主权、不伤害原则、行善原则、公正原则。

【最终答案】：ABCD

题目：在实施人类辅助生殖技术前，以下哪项是必须的条件？
A.仅需女方同意
B.仅需男方同意
C.双方口头同意
D.仅需法定代理人同意
E.夫妇双方自愿同意并签署书面知情同意书
【思考过程】：",E,Doubao-1.5-Thinking,"【思考过程】：实施人类辅助生殖技术时，需充分尊重夫妇双方的意愿和知情权。根据相关伦理规范和法规要求，必须确保夫妇双方自愿同意，且需通过签署书面知情同意书来明确双方的意愿和知情情况。选项A（仅女方同意）、B（仅男方同意）仅一方同意不符合“双方自愿”的要求；C（口头同意）缺乏书面形式的法律效力；D（仅法定代理人同意）适用于无民事行为能力等特殊情况，但题目未提及此情形；E（夫妇双方自愿同意并签署书面知情同意书）符合必须条件。

【最终答案】：E",客观题,E
辅助生殖,"你是一个严格按照要求答题的医学考试考生。请你先展示出完整的思考过程，然后再输出最终答案。每道题目有至少两个选项（A、B）至多五个选项（A、B、C、D、E），题目为不定项选择题，请按照以下格式作答：

【思考过程】：...

【最终答案】：AB / BCE / CD / DE / E / ...（只输出选项的编号，不要写选项内容）

示例：
题目：医疗伦理中四大基本原则是？
A.尊重自主权
B.善意行为
C.无害原则
D.公正原则
E.以上都不是
【思考过程】：本题考查医学伦理的四大基本原则，包括尊重自主权、不伤害原则、行善原则、公正原则。

【最终答案】：ABCD

题目：医务人员实施辅助生殖技术时，必须向患者提供哪些实质性信息？（多选题）
A.该技术实施程序的完整说明
B.每周期大致的总费用明细
C.医生的个人历年的成功率统计数据
D.进口与国产药物选择的具体方式
E.医疗机构年度财政营利情况
【思考过程】：",ABD,Doubao-1.5-Thinking,"【思考过程】：本题考查辅助生殖技术中患者知情同意的实质性信息要求。根据相关伦理和法规（如《人类辅助生殖技术规范》），医务人员需向患者提供充分信息以保障其知情选择权。分析各选项：  
- **A**：技术实施程序的完整说明是知情同意的核心内容，患者需了解整个治疗过程，属于必须提供的信息。  
- **B**：每周期大致的总费用明细直接关系患者的经济负担，是患者决策的重要依据，需明确告知。  
- **C**：医生个人历年成功率统计数据通常非必须，一般提供机构整体成功率更具参考性（因成功率受实验室条件等多因素影响），故不选。  
- **D**：进口与国产药物选择的具体方式涉及治疗方案的细节（如选择依据、效果差异等），患者需知情以参与决策，属于实质性信息。  
- **E**：医疗机构年度财政营利情况与患者治疗无关，无需提供。  

综上，必须提供的实质性信息为A、B、D。

【最终答案】：ABD",客观题,ABD
辅助生殖,"你是一个严格按照要求答题的医学考试考生。请你先展示出完整的思考过程，然后再输出最终答案。每道题目有至少两个选项（A、B）至多五个选项（A、B、C、D、E），题目为不定项选择题，请按照以下格式作答：

【思考过程】：...

【最终答案】：AB / BCE / CD / DE / E / ...（只输出选项的编号，不要写选项内容）

示例：
题目：医疗伦理中四大基本原则是？
A.尊重自主权
B.善意行为
C.无害原则
D.公正原则
E.以上都不是
【思考过程】：本题考查医学伦理的四大基本原则，包括尊重自主权、不伤害原则、行善原则、公正原则。

【最终答案】：ABCD

题目：以下关于人类辅助生殖技术中患者权利的描述，哪一项符合相关法规？
A.在受精卵培养阶段后不可终止技术实施
B.若中途终止，需经伦理委员会批准才能再次治疗
C.需完成当前医疗周期才能行使终止权利
D.可在技术实施任何阶段终止且免于后续治疗阻碍
E.终止必须经主治医生签字同意
【思考过程】：",D,Doubao-1.5-Thinking,"【思考过程】：本题考查人类辅助生殖技术中患者权利的法规要求。根据相关法规（如《人类辅助生殖技术管理办法》及伦理原则），患者在辅助生殖技术实施过程中享有自主决策权，可在任何阶段终止技术实施，且不应因终止行为受到后续治疗的阻碍。分析各选项：  
- 选项A错误，患者在任何阶段（包括受精卵培养阶段后）均可终止。  
- 选项B错误，中途终止后再次治疗无需经伦理委员会批准，主要由患者自主决定。  
- 选项C错误，患者无需完成当前医疗周期即可行使终止权利。  
- 选项D正确，患者可在技术实施的任何阶段终止，且后续治疗不应受阻碍。  
- 选项E错误，终止权属于患者自主权利，无需主治医生签字同意。  

【最终答案】：D",客观题,D
辅助生殖,"你是一个严格按照要求答题的医学考试考生。请你先展示出完整的思考过程，然后再输出最终答案。每道题目有至少两个选项（A、B）至多五个选项（A、B、C、D、E），题目为不定项选择题，请按照以下格式作答：

【思考过程】：...

【最终答案】：AB / BCE / CD / DE / E / ...（只输出选项的编号，不要写选项内容）

示例：
题目：医疗伦理中四大基本原则是？
A.尊重自主权
B.善意行为
C.无害原则
D.公正原则
E.以上都不是
【思考过程】：本题考查医学伦理的四大基本原则，包括尊重自主权、不伤害原则、行善原则、公正原则。

【最终答案】：ABCD

题目：医务人员在实施人类辅助生殖技术后，必须告知当事人哪些关键信息？
A.必须告知随访的必要性
B.只需告知医疗费用明细
C.应当告知已出生孩子需要随访问
D.不需要告知未来生育风险
E.必须获得孩子本人的书面同意
【思考过程】：",AC,Doubao-1.5-Thinking,"【思考过程】：本题考查人类辅助生殖技术后的告知义务。根据相关法规和伦理要求，医务人员在实施人类辅助生殖技术后，需向当事人告知关键信息。选项A“必须告知随访的必要性”符合规定，随访是确保技术安全性和效果的重要环节；选项C“应当告知已出生孩子需要随访问”也正确，已出生孩子的健康状况需要跟踪随访。选项B错误，因“只需”限制了告知范围，除费用外还有其他关键信息；选项D错误，未来生育风险属于必要告知内容；选项E错误，孩子若为未成年人，无需其本人书面同意，应由监护人负责。

【最终答案】：AC",客观题,AC
辅助生殖,"你是一个严格按照要求答题的医学考试考生。请你先展示出完整的思考过程，然后再输出最终答案。每道题目有至少两个选项（A、B）至多五个选项（A、B、C、D、E），题目为不定项选择题，请按照以下格式作答：

【思考过程】：...

【最终答案】：AB / BCE / CD / DE / E / ...（只输出选项的编号，不要写选项内容）

示例：
题目：医疗伦理中四大基本原则是？
A.尊重自主权
B.善意行为
C.无害原则
D.公正原则
E.以上都不是
【思考过程】：本题考查医学伦理的四大基本原则，包括尊重自主权、不伤害原则、行善原则、公正原则。

【最终答案】：ABCD

题目：医务人员在辅助生殖技术中对待捐赠者时，以下哪种做法符合伦理要求？
A.告知捐赠者健康检查的必要性并取得口头同意
B.告知捐赠者健康检查的必要性并取得书面知情同意
C.在捐赠者自愿的情况下免除健康检查
D.仅记录知情同意但未进行健康检查的必要性告知
【思考过程】：",B,Doubao-1.5-Thinking,"【思考过程】：在辅助生殖技术中，对待捐赠者需遵循知情同意和保护健康的伦理原则。知情同意要求充分告知相关信息（如健康检查的必要性）并获得有效同意。选项A中仅口头同意不符合规范（通常需书面形式）；选项B符合要求（书面知情同意且告知必要性）；选项C错误，健康检查是保障双方健康的必要措施，不可因自愿免除；选项D未告知健康检查必要性，知情同意不完整。

【最终答案】：B",客观题,B
辅助生殖,"你是一个严格按照要求答题的医学考试考生。请你先展示出完整的思考过程，然后再输出最终答案。每道题目有至少两个选项（A、B）至多五个选项（A、B、C、D、E），题目为不定项选择题，请按照以下格式作答：

【思考过程】：...

【最终答案】：AB / BCE / CD / DE / E / ...（只输出选项的编号，不要写选项内容）

示例：
题目：医疗伦理中四大基本原则是？
A.尊重自主权
B.善意行为
C.无害原则
D.公正原则
E.以上都不是
【思考过程】：本题考查医学伦理的四大基本原则，包括尊重自主权、不伤害原则、行善原则、公正原则。

【最终答案】：ABCD

题目：告知义务中，以下哪些法律权利应明确属于辅助生殖技术出生的后代？
A.继承权
B.受教育权
C.赡养祖父母的义务
D.父母离异时监护权裁定
E.履行遗产管理义务
【思考过程】：",ABD,Doubao-1.5-Thinking,"【思考过程】：根据相关法律规定，辅助生殖技术出生的后代与自然受孕的子女在法律地位上平等，享有同等的法律权利。分析各选项：  
- A（继承权）：《民法典》规定子女为第一顺序继承人，辅助生殖后代依法享有继承权。  
- B（受教育权）：《未成年人保护法》和《义务教育法》明确所有未成年人享有受教育权，辅助生殖后代不例外。  
- C（赡养祖父母的义务）：属于义务而非权利，不符合题目“法律权利”的要求。  
- D（父母离异时监护权裁定）：父母离异时，子女的监护权需根据有利于子女原则裁定，辅助生殖后代享有被合理裁定监护权的权利。  
- E（履行遗产管理义务）：属于义务而非权利，不符合要求。  

【最终答案】：ABD",客观题,ABD
辅助生殖,"你是一个严格按照要求答题的医学考试考生。请你先展示出完整的思考过程，然后再输出最终答案。每道题目有至少两个选项（A、B）至多五个选项（A、B、C、D、E），题目为不定项选择题，请按照以下格式作答：

【思考过程】：...

【最终答案】：AB / BCE / CD / DE / E / ...（只输出选项的编号，不要写选项内容）

示例：
题目：医疗伦理中四大基本原则是？
A.尊重自主权
B.善意行为
C.无害原则
D.公正原则
E.以上都不是
【思考过程】：本题考查医学伦理的四大基本原则，包括尊重自主权、不伤害原则、行善原则、公正原则。

【最终答案】：ABCD

题目：医务人员在实施辅助生殖技术前需告知接受治疗的夫妇哪些内容？
A.对辅助生殖出生的孩子负有伦理、道德和法律上的责任
B.对健康新生儿具有法律上监护权但可免除抚养义务
C.仅需承担出生缺陷孩子的经济支持
D.对有出生缺陷的孩子同样负有权利和义务
【思考过程】：",AD,Doubao-1.5-Thinking,"【思考过程】：本题考查辅助生殖技术前的告知内容。根据医学伦理和相关法律规定，通过辅助生殖技术出生的孩子与自然受孕的孩子享有同等法律地位，父母需承担相应责任。  
- 选项A：父母对辅助生殖出生的孩子负有伦理、道德和法律责任，符合规定，正确。  
- 选项B：父母对健康新生儿的监护权和抚养义务均为法定义务，不可免除，错误。  
- 选项C：父母对所有通过辅助生殖出生的孩子（包括健康或有缺陷）均需承担全面责任，而非仅经济支持，错误。  
- 选项D：父母对有出生缺陷的孩子同样享有权利并承担义务，符合法律平等原则，正确。  

【最终答案】：AD",客观题,AD
辅助生殖,"你是一个严格按照要求答题的医学考试考生。请你先展示出完整的思考过程，然后再输出最终答案。每道题目有至少两个选项（A、B）至多五个选项（A、B、C、D、E），题目为不定项选择题，请按照以下格式作答：

【思考过程】：...

【最终答案】：AB / BCE / CD / DE / E / ...（只输出选项的编号，不要写选项内容）

示例：
题目：医疗伦理中四大基本原则是？
A.尊重自主权
B.善意行为
C.无害原则
D.公正原则
E.以上都不是
【思考过程】：本题考查医学伦理的四大基本原则，包括尊重自主权、不伤害原则、行善原则、公正原则。

【最终答案】：ABCD

题目：根据医学伦理原则，医务人员实施辅助生殖技术时，哪种情况应当严格禁止？
A. 使用近亲关系的精子
B. 使用匿名捐赠的卵子
C. 使用交换伴侣（未经婚姻关系变动）后的卵子
D. 被法院判决亲子抚养权的单亲人士的精子
【思考过程】：",AC,Doubao-1.5-Thinking,"【思考过程】：辅助生殖技术的伦理原则要求保障后代健康、维护家庭伦理关系。分析各选项：  
- A选项“使用近亲关系的精子”：近亲配子结合会显著增加后代遗传病风险，违反保护后代健康的伦理原则，应严格禁止。  
- B选项“使用匿名捐赠的卵子”：匿名捐赠是国际通用规范，可保护供受双方隐私，符合伦理要求，不禁止。  
- C选项“使用交换伴侣（未经婚姻关系变动）后的卵子”：交换伴侣可能导致亲子关系混乱，违背家庭伦理和法律，应严格禁止。  
- D选项“被法院判决亲子抚养权的单亲人士的精子”：单亲人士合法行使生育权不违反伦理原则，不禁止。  

【最终答案】：AC",客观题,AC
辅助生殖,"你是一个严格按照要求答题的医学考试考生。请你先展示出完整的思考过程，然后再输出最终答案。每道题目有至少两个选项（A、B）至多五个选项（A、B、C、D、E），题目为不定项选择题，请按照以下格式作答：

【思考过程】：...

【最终答案】：AB / BCE / CD / DE / E / ...（只输出选项的编号，不要写选项内容）

示例：
题目：医疗伦理中四大基本原则是？
A.尊重自主权
B.善意行为
C.无害原则
D.公正原则
E.以上都不是
【思考过程】：本题考查医学伦理的四大基本原则，包括尊重自主权、不伤害原则、行善原则、公正原则。

【最终答案】：ABCD

题目：以下关于医务人员实施代孕技术的描述中，正确的是哪一项？
A.经患者自愿申请且签署知情同意书后可实施
B.在不涉及商业利益的情况下允许实施
C.获得省级卫生行政部门授权后可以实施
D.无论何种条件均禁止实施
【思考过程】：",D,Doubao-1.5-Thinking,"【思考过程】：我国明确禁止任何形式的代孕技术实施。根据相关法律法规和伦理准则，无论患者是否自愿申请、是否涉及商业利益，或是否获得行政部门授权，医务人员均不得实施代孕技术。选项D“无论何种条件均禁止实施”符合这一规定，其他选项均与法规相悖。

【最终答案】：D",客观题,D
辅助生殖,"你是一个严格按照要求答题的医学考试考生。请你先展示出完整的思考过程，然后再输出最终答案。每道题目有至少两个选项（A、B）至多五个选项（A、B、C、D、E），题目为不定项选择题，请按照以下格式作答：

【思考过程】：...

【最终答案】：AB / BCE / CD / DE / E / ...（只输出选项的编号，不要写选项内容）

示例：
题目：医疗伦理中四大基本原则是？
A.尊重自主权
B.善意行为
C.无害原则
D.公正原则
E.以上都不是
【思考过程】：本题考查医学伦理的四大基本原则，包括尊重自主权、不伤害原则、行善原则、公正原则。

【最终答案】：ABCD

题目：以下表述是否正确：医务人员在获得患者知情同意后，可以实施胚胎赠送助孕技术帮助其受孕？
A.正确
B.错误
【思考过程】：",B,Doubao-1.5-Thinking,"【思考过程】：根据我国相关法规（如《人类辅助生殖技术管理办法》），胚胎赠送助孕技术的实施需满足严格条件，包括胚胎来源合法、捐赠者自愿、伦理委员会审查等，仅获得患者知情同意并不足以作为实施的充分条件。因此，仅知情同意不能直接实施该技术。

【最终答案】：B",客观题,B
辅助生殖,"你是一个严格按照要求答题的医学考试考生。请你先展示出完整的思考过程，然后再输出最终答案。每道题目有至少两个选项（A、B）至多五个选项（A、B、C、D、E），题目为不定项选择题，请按照以下格式作答：

【思考过程】：...

【最终答案】：AB / BCE / CD / DE / E / ...（只输出选项的编号，不要写选项内容）

示例：
题目：医疗伦理中四大基本原则是？
A.尊重自主权
B.善意行为
C.无害原则
D.公正原则
E.以上都不是
【思考过程】：本题考查医学伦理的四大基本原则，包括尊重自主权、不伤害原则、行善原则、公正原则。

【最终答案】：ABCD

题目：在安全性问题尚未解决前，医务人员被禁止将以下哪些技术用于治疗不育？
A.人卵胞浆移植技术
B.人卵核移植技术
C.卵母细胞核质融合技术
D.人卵冷冻复苏技术
E.体外受精-胚胎移植技术
【思考过程】：",AB,Doubao-1.5-Thinking,"【思考过程】：根据《人类辅助生殖技术管理办法》及相关伦理规范，在安全性未明确前，涉及遗传物质改变或操作复杂、风险较高的技术被禁止用于治疗不育。人卵胞浆移植（A）、人卵核移植（B）和卵母细胞核质融合（C）技术均可能改变遗传物质或存在未知遗传风险，安全性未解决，因此被禁止。人卵冷冻复苏（D）和体外受精-胚胎移植（E）技术已相对成熟，安全性基本验证，允许应用。

【最终答案】：ABC",客观题,ABC
辅助生殖,"你是一个严格按照要求答题的医学考试考生。请你先展示出完整的思考过程，然后再输出最终答案。每道题目有至少两个选项（A、B）至多五个选项（A、B、C、D、E），题目为不定项选择题，请按照以下格式作答：

【思考过程】：...

【最终答案】：AB / BCE / CD / DE / E / ...（只输出选项的编号，不要写选项内容）

示例：
题目：医疗伦理中四大基本原则是？
A.尊重自主权
B.善意行为
C.无害原则
D.公正原则
E.以上都不是
【思考过程】：本题考查医学伦理的四大基本原则，包括尊重自主权、不伤害原则、行善原则、公正原则。

【最终答案】：ABCD

题目：同一供者的精子或卵子最多可以允许使多少名妇女成功受孕？
A.3名
B.4名
C.5名
D.6名
E.8名
【思考过程】：",C,Doubao-1.5-Thinking,"【思考过程】：根据我国《人类辅助生殖技术管理办法》和《人类精子库管理办法》的规定，为避免因同一供者配子导致后代近亲结婚的风险，明确要求同一供者的精子或卵子最多只能使5名妇女成功受孕。

【最终答案】：C",客观题,C
辅助生殖,"你是一个严格按照要求答题的医学考试考生。请你先展示出完整的思考过程，然后再输出最终答案。每道题目有至少两个选项（A、B）至多五个选项（A、B、C、D、E），题目为不定项选择题，请按照以下格式作答：

【思考过程】：...

【最终答案】：AB / BCE / CD / DE / E / ...（只输出选项的编号，不要写选项内容）

示例：
题目：医疗伦理中四大基本原则是？
A.尊重自主权
B.善意行为
C.无害原则
D.公正原则
E.以上都不是
【思考过程】：本题考查医学伦理的四大基本原则，包括尊重自主权、不伤害原则、行善原则、公正原则。

【最终答案】：ABCD

题目：哪种情况下医务人员被允许实施人类辅助生殖技术？
A.已婚且符合计划生育政策的无子女夫妇
B.已生育一个子女但因不孕需辅助生殖的再婚夫妇（符合生育政策）
C.已婚未婚但户籍政策允许其生育的夫妇
D.自愿签署知情同意书的单身女性
【思考过程】：",AB,Doubao-1.5-Thinking,"【思考过程】：根据我国《人类辅助生殖技术管理办法》及相关伦理原则，实施人类辅助生殖技术需满足以下条件：必须为合法已婚夫妇，且符合国家计划生育政策。  
- 选项A：已婚且符合计划生育政策的无子女夫妇，符合“合法婚姻+符合政策”的核心要求，允许实施。  
- 选项B：已生育一个子女但因不孕需辅助生殖的再婚夫妇（符合生育政策），因明确“符合生育政策”且为合法婚姻，允许实施。  
- 选项C：“已婚未婚但户籍政策允许其生育的夫妇”表述矛盾（“已婚未婚”逻辑冲突），且“夫妇”通常指合法婚姻关系，未婚者不符合实施条件，不允许。  
- 选项D：单身女性不符合“合法婚姻”的基本要求，即使签署知情同意书也不允许实施。  

【最终答案】：AB",客观题,AB
辅助生殖,"你是一个严格按照要求答题的医学考试考生。请你先展示出完整的思考过程，然后再输出最终答案。每道题目有至少两个选项（A、B）至多五个选项（A、B、C、D、E），题目为不定项选择题，请按照以下格式作答：

【思考过程】：...

【最终答案】：AB / BCE / CD / DE / E / ...（只输出选项的编号，不要写选项内容）

示例：
题目：医疗伦理中四大基本原则是？
A.尊重自主权
B.善意行为
C.无害原则
D.公正原则
E.以上都不是
【思考过程】：本题考查医学伦理的四大基本原则，包括尊重自主权、不伤害原则、行善原则、公正原则。

【最终答案】：ABCD

题目：在辅助生殖技术应用中，以下哪些情况允许医务人员实施性别选择？
A.当夫妇有家庭性别平衡需求时
B.进行性别筛查以避免X染色体隐性遗传病
C.经父母请求时实施性别选择以提高生育满意度
D.存在严重性别相关遗传病风险时
【思考过程】：",BD,Doubao-1.5-Thinking,"【思考过程】：辅助生殖技术中性别选择需严格遵循医学指征，非医学需要的性别选择（如家庭性别平衡需求、提高生育满意度等）是被禁止的。X染色体隐性遗传病（如血友病）男性发病率高，通过性别筛查选择女性可避免发病；严重性别相关遗传病（如Y染色体显性遗传病）存在高风险时，选择另一性别可降低风险。因此，允许的情况为医学需要的性别筛查或避免遗传病风险。

【最终答案】：BD",客观题,BD
辅助生殖,"你是一个严格按照要求答题的医学考试考生。请你先展示出完整的思考过程，然后再输出最终答案。每道题目有至少两个选项（A、B）至多五个选项（A、B、C、D、E），题目为不定项选择题，请按照以下格式作答：

【思考过程】：...

【最终答案】：AB / BCE / CD / DE / E / ...（只输出选项的编号，不要写选项内容）

示例：
题目：医疗伦理中四大基本原则是？
A.尊重自主权
B.善意行为
C.无害原则
D.公正原则
E.以上都不是
【思考过程】：本题考查医学伦理的四大基本原则，包括尊重自主权、不伤害原则、行善原则、公正原则。

【最终答案】：ABCD

题目：以下关于辅助生殖技术的表述，哪一项符合我国现行法规？
A.医务人员可在伦理审查后开展生殖性克隆研究
B.医务人员不得以任何理由实施生殖性克隆技术
C.医务人员可基于患者需求实施治疗性克隆技术
D.医务人员实施生殖性克隆需获得省级卫生部门批准
【思考过程】：",B,Doubao-1.5-Thinking,"【思考过程】：我国现行法规对克隆技术有明确规定。生殖性克隆（即克隆人）被严格禁止，无论任何理由或审批都不允许实施；而治疗性克隆（如利用克隆技术获取干细胞用于治疗）虽可能涉及研究，但临床应用需严格规范，且题干未明确其符合现行法规的具体依据。选项A错误，因生殖性克隆禁止，伦理审查也不可开展；选项B正确，法规明确禁止任何理由的生殖性克隆；选项C错误，治疗性克隆的实施需符合更严格条件，非仅基于患者需求；选项D错误，生殖性克隆禁止，无需也无法获批。

【最终答案】：B",客观题,B
辅助生殖,"你是一个严格按照要求答题的医学考试考生。请你先展示出完整的思考过程，然后再输出最终答案。每道题目有至少两个选项（A、B）至多五个选项（A、B、C、D、E），题目为不定项选择题，请按照以下格式作答：

【思考过程】：...

【最终答案】：AB / BCE / CD / DE / E / ...（只输出选项的编号，不要写选项内容）

示例：
题目：医疗伦理中四大基本原则是？
A.尊重自主权
B.善意行为
C.无害原则
D.公正原则
E.以上都不是
【思考过程】：本题考查医学伦理的四大基本原则，包括尊重自主权、不伤害原则、行善原则、公正原则。

【最终答案】：ABCD

题目：以下哪项行为违反辅助生殖技术相关伦理规范？
A.使用黑猩猩精子为无精症患者实施人工授精
B.将人类卵子与犬科动物精子进行体外结合实验
C.采用新型培养液保存捐赠的人类胚胎
D.利用基因编辑技术筛选胚胎植入前遗传学诊断
【思考过程】：",AB,Doubao-1.5-Thinking,"【思考过程】：本题考查辅助生殖技术的伦理规范。需逐一分析各选项是否符合相关伦理原则：

- **选项A**：使用黑猩猩（非人类）精子进行人工授精，违反了人类辅助生殖技术需使用人类配子的伦理规定，跨物种生殖涉及伦理和社会风险（如后代身份认同），属于违规。  
- **选项B**：人类卵子与犬科动物精子结合属于人兽杂交实验，国际伦理规范严格禁止人兽嵌合体或杂交研究（除非特殊审批），此行为明显违规。  
- **选项C**：采用新型培养液保存捐赠的人类胚胎，若符合知情同意、保存期限等规定，属于技术改进，不违反伦理。  
- **选项D**：利用基因编辑技术筛选胚胎（如修改胚胎基因）属于生殖细胞编辑，目前国际普遍禁止（因安全性和遗传风险），违反伦理规范。  

【最终答案】：ABD",客观题,ABD
辅助生殖,"你是一个严格按照要求答题的医学考试考生。请你先展示出完整的思考过程，然后再输出最终答案。每道题目有至少两个选项（A、B）至多五个选项（A、B、C、D、E），题目为不定项选择题，请按照以下格式作答：

【思考过程】：...

【最终答案】：AB / BCE / CD / DE / E / ...（只输出选项的编号，不要写选项内容）

示例：
题目：医疗伦理中四大基本原则是？
A.尊重自主权
B.善意行为
C.无害原则
D.公正原则
E.以上都不是
【思考过程】：本题考查医学伦理的四大基本原则，包括尊重自主权、不伤害原则、行善原则、公正原则。

【最终答案】：ABCD

题目：以下哪种行为违反了医务人员相关的伦理要求？
A.开展未获得伦理委员会批准的人类胚胎基因编辑实验
B.对已签署知情同意书的已婚夫妇实施第三代试管婴儿技术
C.在省级卫生部门备案下进行食蟹猴胚胎干细胞研究
D.未经系统培训直接参与辅助生殖临床工作
【思考过程】：",AD,Doubao-1.5-Thinking,"【思考过程】：本题需判断哪些行为违反医务人员伦理要求。选项A中，未获伦理委员会批准的人类胚胎基因编辑实验，因涉及人类受试者高风险操作且未经伦理审查，违反伦理；选项B中，已婚夫妇签署知情同意后实施第三代试管婴儿（符合医学指征且知情同意），符合伦理；选项C中，食蟹猴胚胎干细胞研究在省级备案下进行（动物实验符合规定），不违反伦理；选项D中，未经系统培训直接参与辅助生殖工作，可能因操作不规范伤害患者，违反不伤害原则和专业责任伦理要求。

【最终答案】：AD",客观题,AD
辅助生殖,"你是一个严格按照要求答题的医学考试考生。请你先展示出完整的思考过程，然后再输出最终答案。每道题目有至少两个选项（A、B）至多五个选项（A、B、C、D、E），题目为不定项选择题，请按照以下格式作答：

【思考过程】：...

【最终答案】：AB / BCE / CD / DE / E / ...（只输出选项的编号，不要写选项内容）

示例：
题目：医疗伦理中四大基本原则是？
A.尊重自主权
B.善意行为
C.无害原则
D.公正原则
E.以上都不是
【思考过程】：本题考查医学伦理的四大基本原则，包括尊重自主权、不伤害原则、行善原则、公正原则。

【最终答案】：ABCD

题目：在供精辅助生殖技术中，以下哪几组关系必须遵守互盲原则？
A.供方与受方夫妇
B.供方与实施手术的医务人员
C.受方夫妇与实施手术的医务人员
D.供方与后代的亲属
E.供方与通过该技术诞生的后代
【思考过程】：",ABDE,Doubao-1.5-Thinking,"【思考过程】：供精辅助生殖技术中，互盲原则的核心是保护供精者、受方夫妇、实施技术的医务人员及后代的隐私，避免各方身份信息泄露。根据我国相关法规（如《人类辅助生殖技术管理办法》《人类精子库管理办法》）：  
- **选项A**（供方与受方夫妇）：必须互盲，供精者与接受精子的夫妇不能知晓对方身份，符合规定。  
- **选项B**（供方与实施手术的医务人员）：必须互盲，医务人员在使用精子时不应知晓供精者身份，供精者也不应知晓具体操作的医务人员，避免利益关联或隐私泄露。  
- **选项C**（受方夫妇与实施手术的医务人员）：无需互盲，医务人员需直接为受方夫妇提供医疗服务，双方需知晓身份以保障治疗顺利进行。  
- **选项D**（供方与后代的亲属）：法规未明确要求供方与后代亲属（如受方夫妇的其他亲属）互盲，主要互盲对象为直接相关方。  
- **选项E**（供方与通过该技术诞生的后代）：必须互盲，供精者与通过其精子出生的后代不能知晓对方身份，保护后代隐私。  

综上，必须遵守互盲原则的关系为A、B、E。

【最终答案】：ABE",客观题,ABE
辅助生殖,"你是一个严格按照要求答题的医学考试考生。请你先展示出完整的思考过程，然后再输出最终答案。每道题目有至少两个选项（A、B）至多五个选项（A、B、C、D、E），题目为不定项选择题，请按照以下格式作答：

【思考过程】：...

【最终答案】：AB / BCE / CD / DE / E / ...（只输出选项的编号，不要写选项内容）

示例：
题目：医疗伦理中四大基本原则是？
A.尊重自主权
B.善意行为
C.无害原则
D.公正原则
E.以上都不是
【思考过程】：本题考查医学伦理的四大基本原则，包括尊重自主权、不伤害原则、行善原则、公正原则。

【最终答案】：ABCD

题目：根据辅助生殖技术相关规定，以下关于匿名与保密的描述，哪些是正确的？
A.匿名是指藏匿受体参与配子捐赠的事实
B.保密包括对受者个人信息的保护
C.匿名要求不公开供体的身份信息
D.保密涉及隐藏供体的家庭背景
E.医务人员需同时确保捐赠者和受体的匿名性
【思考过程】：",BCD,Doubao-1.5-Thinking,"【思考过程】：本题考查辅助生殖技术中匿名与保密的规定。首先，匿名的核心是保护供体和受体的身份信息不被对方知晓，而非藏匿受体参与配子捐赠的事实（A错误）。保密原则涵盖对供体、受体及后代个人信息的保护，因此对受者个人信息的保护属于保密范畴（B正确）。匿名要求不公开供体的身份信息（如姓名、联系方式等），确保供体身份不被受体或后代获知（C正确）。保密主要涉及个人身份信息的保护，而“隐藏供体的家庭背景”并非保密的核心内容（D错误）。根据规定，医务人员需同时确保捐赠者和受体的匿名性，避免双方互相知晓身份（E正确）。

【最终答案】：BCE",客观题,BCE
辅助生殖,"你是一个严格按照要求答题的医学考试考生。请你先展示出完整的思考过程，然后再输出最终答案。每道题目有至少两个选项（A、B）至多五个选项（A、B、C、D、E），题目为不定项选择题，请按照以下格式作答：

【思考过程】：...

【最终答案】：AB / BCE / CD / DE / E / ...（只输出选项的编号，不要写选项内容）

示例：
题目：医疗伦理中四大基本原则是？
A.尊重自主权
B.善意行为
C.无害原则
D.公正原则
E.以上都不是
【思考过程】：本题考查医学伦理的四大基本原则，包括尊重自主权、不伤害原则、行善原则、公正原则。

【最终答案】：ABCD

题目：以下哪些行为可能违反辅助生殖技术应用规范？
A.因夫妇强烈要求为无医学适应症者实施助孕
B.根据患者经济状况推荐高利润技术
C.主动指导患者联系境外无资质机构
D.将是否纳入医保报销作为适应证判断依据
E.开展未验证远期安全性的新型技术试点
【思考过程】：",ABCDE,Doubao-1.5-Thinking,"【思考过程】：本题需判断哪些行为违反辅助生殖技术应用规范。根据相关法规和伦理要求：  
- 选项A：辅助生殖技术需严格基于医学适应症，无医学指征仅因患者要求实施助孕，违反规范。  
- 选项B：推荐技术应基于患者医学需求，而非经济状况或利润，此行为违反规范。  
- 选项C：主动引导患者联系无资质机构可能涉及非法或不安全操作，违反规范。  
- 选项D：适应证判断应基于医学标准，将医保报销作为依据会干扰正确医疗决策，违反规范。  
- 选项E：新技术试点需验证远期安全性，未验证即开展可能危害患者，违反规范。  

【最终答案】：ABCDE",客观题,ABCDE
辅助生殖,"你是一个严格按照要求答题的医学考试考生。请你先展示出完整的思考过程，然后再输出最终答案。每道题目有至少两个选项（A、B）至多五个选项（A、B、C、D、E），题目为不定项选择题，请按照以下格式作答：

【思考过程】：...

【最终答案】：AB / BCE / CD / DE / E / ...（只输出选项的编号，不要写选项内容）

示例：
题目：医疗伦理中四大基本原则是？
A.尊重自主权
B.善意行为
C.无害原则
D.公正原则
E.以上都不是
【思考过程】：本题考查医学伦理的四大基本原则，包括尊重自主权、不伤害原则、行善原则、公正原则。

【最终答案】：ABCD

题目：以下哪些属于法律允许给予捐卵者的补偿？
A.误工补偿
B.交通补助
C.医疗检查费用报销
D.营养补助
E.高额酬金
【思考过程】：",ABCD,Doubao-1.5-Thinking,"【思考过程】：根据我国相关法律法规，捐卵行为禁止商业化，不得进行卵子买卖。法律允许的补偿应限于必要、合理的费用，包括因捐卵产生的误工损失、交通费用、医疗检查费用及必要的营养补助等。高额酬金属于商业化行为，法律明确禁止。因此，误工补偿（A）、交通补助（B）、医疗检查费用报销（C）、营养补助（D）均为合理补偿，而高额酬金（E）不被允许。

【最终答案】：ABCD",客观题,ABCD
辅助生殖,"你是一个严格按照要求答题的医学考试考生。请你先展示出完整的思考过程，然后再输出最终答案。每道题目有至少两个选项（A、B）至多五个选项（A、B、C、D、E），题目为不定项选择题，请按照以下格式作答：

【思考过程】：...

【最终答案】：AB / BCE / CD / DE / E / ...（只输出选项的编号，不要写选项内容）

示例：
题目：医疗伦理中四大基本原则是？
A.尊重自主权
B.善意行为
C.无害原则
D.公正原则
E.以上都不是
【思考过程】：本题考查医学伦理的四大基本原则，包括尊重自主权、不伤害原则、行善原则、公正原则。

【最终答案】：ABCD

题目：为确保辅助生殖技术伦理原则的落实，医疗机构应当采取以下哪项措施？
A.设立医疗质量控制委员会
B.建立生殖医学伦理委员会
C.自行制定操作流程并备案
D.接受生殖医学伦理委员会的指导和监督
【思考过程】：",BD,Doubao-1.5-Thinking,"【思考过程】：本题考查辅助生殖技术伦理原则的落实措施。根据相关法规，医疗机构开展辅助生殖技术需确保伦理原则的落实，核心措施包括建立专门的伦理审查机构并接受其监督。选项B“建立生殖医学伦理委员会”是必要措施，因为伦理委员会负责审查技术应用的伦理问题；选项D“接受生殖医学伦理委员会的指导和监督”是确保伦理原则落实的关键环节。选项A“设立医疗质量控制委员会”主要涉及质量控制而非伦理；选项C“自行制定操作流程并备案”未直接体现伦理监督要求。因此正确选项为B和D。

【最终答案】：BD",客观题,BD
辅助生殖,"你是一个严格按照要求答题的医学考试考生。请你先展示出完整的思考过程，然后再输出最终答案。每道题目有至少两个选项（A、B）至多五个选项（A、B、C、D、E），题目为不定项选择题，请按照以下格式作答：

【思考过程】：...

【最终答案】：AB / BCE / CD / DE / E / ...（只输出选项的编号，不要写选项内容）

示例：
题目：医疗伦理中四大基本原则是？
A.尊重自主权
B.善意行为
C.无害原则
D.公正原则
E.以上都不是
【思考过程】：本题考查医学伦理的四大基本原则，包括尊重自主权、不伤害原则、行善原则、公正原则。

【最终答案】：ABCD

题目：以下哪些属于生殖医学伦理委员会在辅助生殖技术中的职责？
A.对伦理问题做出最终决策
B.开展生殖医学伦理宣传教育
C.直接干预治疗方案的制定
D.对伦理问题进行审查、咨询、论证和建议
【思考过程】：",BD,Doubao-1.5-Thinking,"【思考过程】：本题考查生殖医学伦理委员会在辅助生殖技术中的职责。需结合相关法规和伦理原则分析各选项：

- 选项A：“对伦理问题做出最终决策”。根据《人类辅助生殖技术和人类精子库伦理原则》，伦理委员会需对技术全过程和研究进行伦理审查，审查通过后方可实施，其审查意见具有决定性，属于对伦理问题的最终决策，故A正确。  
- 选项B：“开展生殖医学伦理宣传教育”。该文件明确提到伦理委员会需开展生殖医学伦理宣传教育，故B正确。  
- 选项C：“直接干预治疗方案的制定”。治疗方案的制定属于临床医生的职责，伦理委员会仅负责伦理审查，不直接干预临床决策，故C错误。  
- 选项D：“对伦理问题进行审查、咨询、论证和建议”。这是伦理委员会的核心职责，符合法规中对伦理审查、咨询和建议的要求，故D正确。  

【最终答案】：ABD",客观题,ABD
辅助生殖,"你是一个严格按照要求答题的医学考试考生。请你先展示出完整的思考过程，然后再输出最终答案。每道题目有至少两个选项（A、B）至多五个选项（A、B、C、D、E），题目为不定项选择题，请按照以下格式作答：

【思考过程】：...

【最终答案】：AB / BCE / CD / DE / E / ...（只输出选项的编号，不要写选项内容）

示例：
题目：医疗伦理中四大基本原则是？
A.尊重自主权
B.善意行为
C.无害原则
D.公正原则
E.以上都不是
【思考过程】：本题考查医学伦理的四大基本原则，包括尊重自主权、不伤害原则、行善原则、公正原则。

【最终答案】：ABCD

题目：严格对供精者进行筛查和精液检疫的主要目的是预防以下哪些问题？
A.遗传性先天疾病
B.出生缺陷
C.人工受孕成本过高
D.性传播疾病的传播
【思考过程】：",ABD,Doubao-1.5-Thinking,"【思考过程】：严格对供精者进行筛查和精液检疫的主要目的是保障后代健康和预防疾病传播。分析各选项：  
- 选项A（遗传性先天疾病）：供精者筛查会排除有遗传病史或染色体异常的个体，避免遗传性疾病通过精液传递给后代，因此是主要目的。  
- 选项B（出生缺陷）：遗传性疾病是出生缺陷的重要原因之一，通过筛查供精者可减少因遗传因素导致的出生缺陷，因此属于预防目标。  
- 选项C（人工受孕成本过高）：筛查和检疫是为了健康安全，与降低成本无关，排除。  
- 选项D（性传播疾病的传播）：精液检疫会检测HIV、乙肝等性传播疾病病原体，防止通过精液传播给接受者或后代，因此是主要目的。  

【最终答案】：ABD",客观题,ABD
辅助生殖,"你是一个严格按照要求答题的医学考试考生。请你先展示出完整的思考过程，然后再输出最终答案。每道题目有至少两个选项（A、B）至多五个选项（A、B、C、D、E），题目为不定项选择题，请按照以下格式作答：

【思考过程】：...

【最终答案】：AB / BCE / CD / DE / E / ...（只输出选项的编号，不要写选项内容）

示例：
题目：医疗伦理中四大基本原则是？
A.尊重自主权
B.善意行为
C.无害原则
D.公正原则
E.以上都不是
【思考过程】：本题考查医学伦理的四大基本原则，包括尊重自主权、不伤害原则、行善原则、公正原则。

【最终答案】：ABCD

题目：下面哪项是符合规定的供精者募集做法？
A.通过商业广告在社会平台征集供精者；B.在社区健康宣传栏张贴匿名招募海报；C.建立供精者的详细体貌特征表供受者选择；D.仅允许特定遗传特征的供精者参与募集
【思考过程】：",B,Doubao-1.5-Thinking,"【思考过程】：根据我国人类辅助生殖技术与人类精子库的相关管理规定，供精者的募集需遵循非商业化、匿名化、避免非医学需要选择等原则。  
- 选项A：通过商业广告征集供精者属于商业化行为，不符合规定（禁止商业化）。  
- 选项B：在社区健康宣传栏张贴匿名招募海报属于公益性质的匿名招募，符合规定（允许非商业匿名招募）。  
- 选项C：建立详细体貌特征表供受者选择可能导致非医学需要的人为选择（如外貌偏好），不符合规定（禁止非医学需要的特征选择）。  
- 选项D：仅允许特定遗传特征的供精者募集可能涉及非医学需要的遗传筛选（如限定种族、智商等），不符合规定（应基于健康标准而非特定遗传特征限制）。  

【最终答案】：B",客观题,B
辅助生殖,"你是一个严格按照要求答题的医学考试考生。请你先展示出完整的思考过程，然后再输出最终答案。每道题目有至少两个选项（A、B）至多五个选项（A、B、C、D、E），题目为不定项选择题，请按照以下格式作答：

【思考过程】：...

【最终答案】：AB / BCE / CD / DE / E / ...（只输出选项的编号，不要写选项内容）

示例：
题目：医疗伦理中四大基本原则是？
A.尊重自主权
B.善意行为
C.无害原则
D.公正原则
E.以上都不是
【思考过程】：本题考查医学伦理的四大基本原则，包括尊重自主权、不伤害原则、行善原则、公正原则。

【最终答案】：ABCD

题目：医疗机构在采集精液标本时应尽到哪些义务？
A.要求捐精者在单次采集时尽可能提供更多标本
B.为捐精者提供隐私保护空间
C.将单次精液采集时间强制缩短至10分钟内
D.必要时为存在焦虑的捐精者提供心理疏导
E.在捐精者出现轻微不适时强行要求继续操作
【思考过程】：",BD,Doubao-1.5-Thinking,"【思考过程】：本题考查医疗机构在采集精液标本时的义务。需依据医学伦理和操作规范分析各选项：  
- 选项A：要求捐精者“尽可能提供更多标本”不符合自愿原则，可能造成身体或心理负担，不合法定义务。  
- 选项B：隐私保护是基本伦理要求，采集精液涉及个人隐私，必须提供隐私空间，符合义务。  
- 选项C：强制缩短采集时间（如10分钟）无依据，采集时间应根据个体情况调整，强制要求不合法。  
- 选项D：为焦虑的捐精者提供心理疏导属于必要的人文关怀和伦理支持，符合义务。  
- 选项E：捐精者出现不适时强行要求继续操作违反“不伤害”原则，侵犯其自主权，不符合义务。  

【最终答案】：BD",客观题,BD
辅助生殖,"你是一个严格按照要求答题的医学考试考生。请你先展示出完整的思考过程，然后再输出最终答案。每道题目有至少两个选项（A、B）至多五个选项（A、B、C、D、E），题目为不定项选择题，请按照以下格式作答：

【思考过程】：...

【最终答案】：AB / BCE / CD / DE / E / ...（只输出选项的编号，不要写选项内容）

示例：
题目：医疗伦理中四大基本原则是？
A.尊重自主权
B.善意行为
C.无害原则
D.公正原则
E.以上都不是
【思考过程】：本题考查医学伦理的四大基本原则，包括尊重自主权、不伤害原则、行善原则、公正原则。

【最终答案】：ABCD

题目：以下哪些属于供精者在供精时必须保障的合法权利？
A.完全自愿地参加供精
B.口头确认精液用途即可
C.知晓精液用途及供精次数限制的详细说明
D.获得超出医疗费用的经济补偿
E.随时允许撤回并销毁存储精液
【思考过程】：",ACE,Doubao-1.5-Thinking,"【思考过程】：本题考查供精者的合法权利，需依据《人类辅助生殖技术管理办法》《人类精子库管理办法》及相关伦理原则分析：  
- 选项A：供精必须基于自愿，禁止强迫，因此“完全自愿地参加供精”是供精者的基本权利，正确。  
- 选项B：供精需签署书面知情同意书，口头确认不符合法定程序，错误。  
- 选项C：供精者有权知晓精液用途（如辅助生殖）及供精次数限制（如不得使5名以上妇女受孕），属于知情权范畴，正确。  
- 选项D：供精可获得适当补偿（覆盖医疗等合理成本），但禁止以盈利为目的的“超出医疗费用的经济补偿”，错误。  
- 选项E：供精者有权在合理范围内撤回并销毁存储精液（如未使用前），这是对自身生物样本的自主决定权，正确。  

【最终答案】：ACE",客观题,ACE
辅助生殖,"你是一个严格按照要求答题的医学考试考生。请你先展示出完整的思考过程，然后再输出最终答案。每道题目有至少两个选项（A、B）至多五个选项（A、B、C、D、E），题目为不定项选择题，请按照以下格式作答：

【思考过程】：...

【最终答案】：AB / BCE / CD / DE / E / ...（只输出选项的编号，不要写选项内容）

示例：
题目：医疗伦理中四大基本原则是？
A.尊重自主权
B.善意行为
C.无害原则
D.公正原则
E.以上都不是
【思考过程】：本题考查医学伦理的四大基本原则，包括尊重自主权、不伤害原则、行善原则、公正原则。

【最终答案】：ABCD

题目：关于供精者终止供精和冷冻精液使用的权利，以下哪些表述正确？
A.供精者需提交书面申请后才有权终止供精
B.供精者因工作压力可单方面终止供精
C.供精者终止冷冻精液使用时需全额赔偿精子库损失
D.供精者在补偿筛查和冷冻费用后可以终止冷冻精液使用
【思考过程】：",ABD,Doubao-1.5-Thinking,"【思考过程】：本题考查供精者终止供精和冷冻精液使用的权利相关规定。根据《人类精子库管理办法》及相关伦理规范：  
- 选项A：供精者终止供精需履行正式程序，通常要求提交书面申请，符合规定，正确。  
- 选项B：供精者终止供精需按程序办理，不能仅因工作压力单方面终止，错误。  
- 选项C：终止冷冻精液使用时，供精者无需“全额赔偿”精子库损失（除非有过错），错误。  
- 选项D：供精者若终止冷冻精液使用，需补偿精子库已产生的合理费用（如筛查、冷冻费用），符合实际操作要求，正确。  

【最终答案】：AD",客观题,AD
辅助生殖,"你是一个严格按照要求答题的医学考试考生。请你先展示出完整的思考过程，然后再输出最终答案。每道题目有至少两个选项（A、B）至多五个选项（A、B、C、D、E），题目为不定项选择题，请按照以下格式作答：

【思考过程】：...

【最终答案】：AB / BCE / CD / DE / E / ...（只输出选项的编号，不要写选项内容）

示例：
题目：医疗伦理中四大基本原则是？
A.尊重自主权
B.善意行为
C.无害原则
D.公正原则
E.以上都不是
【思考过程】：本题考查医学伦理的四大基本原则，包括尊重自主权、不伤害原则、行善原则、公正原则。

【最终答案】：ABCD

题目：根据相关规定，精子库在未获得知情同意书的情况下，不得进行以下哪些行为？
A.采集精液样本
B.检测精液样本
C.保存精液样本
D.使用精液进行辅助生殖
E.向捐赠者支付交通补贴
【思考过程】：",ABCD,Doubao-1.5-Thinking,"【思考过程】：根据《人类精子库管理办法》及相关伦理规范，精子库在开展与供精者相关的操作前，必须获得供精者签署的知情同意书。知情同意是进行精液采集、检测、保存及使用的法定前提。具体分析各选项：  
- 选项A（采集精液样本）：采集精液是精子库的核心操作，未获同意则不得进行。  
- 选项B（检测精液样本）：检测需基于已采集的精液样本，若未获同意，采集本身不合法，检测自然禁止。  
- 选项C（保存精液样本）：保存精液需以合法采集和同意为基础，无同意书则无法保存。  
- 选项D（使用精液进行辅助生殖）：使用精液涉及第三方（患者）的生殖权益，必须经供精者同意。  
- 选项E（向捐赠者支付交通补贴）：交通补贴属于对捐赠者合理支出的补偿，通常不依赖知情同意书的签署，不属于禁止行为。  

综上，未获知情同意书时，ABCD行为均不得进行。

【最终答案】：ABCD",客观题,ABCD
辅助生殖,"你是一个严格按照要求答题的医学考试考生。请你先展示出完整的思考过程，然后再输出最终答案。每道题目有至少两个选项（A、B）至多五个选项（A、B、C、D、E），题目为不定项选择题，请按照以下格式作答：

【思考过程】：...

【最终答案】：AB / BCE / CD / DE / E / ...（只输出选项的编号，不要写选项内容）

示例：
题目：医疗伦理中四大基本原则是？
A.尊重自主权
B.善意行为
C.无害原则
D.公正原则
E.以上都不是
【思考过程】：本题考查医学伦理的四大基本原则，包括尊重自主权、不伤害原则、行善原则、公正原则。

【最终答案】：ABCD

题目：根据我国辅助生殖技术规范，医务人员必须向供精者明确告知以下哪项内容？
A.有义务配合后代身份信息登记
B.需参与后代重大教育决策
C.可优先获得后代的探视权
D.对供精出生的后代无权利和义务
E.需支付后代的必要医疗费用
【思考过程】：",D,Doubao-1.5-Thinking,"【思考过程】：本题考查我国辅助生殖技术规范中对供精者的告知义务。根据《人类辅助生殖技术和人类精子库伦理原则》及相关规范，供精者与供精所生后代之间无法律上的亲子关系，因此供精者对后代不享有权利也不承担义务（选项D正确）。其他选项分析如下：  
- 选项A：供精者需配合的是自身信息登记（如健康状况、家族史等），而非“后代身份信息登记”（因供精者与后代互盲，无需参与后代身份登记），故错误。  
- 选项B：供精者无法律上的父母身份，无需参与后代教育决策，错误。  
- 选项C：供精者与后代互盲，无探视权，错误。  
- 选项E：供精者无抚养义务，无需支付后代医疗费用，错误。  

【最终答案】：D",客观题,D
辅助生殖,"你是一个严格按照要求答题的医学考试考生。请你先展示出完整的思考过程，然后再输出最终答案。每道题目有至少两个选项（A、B）至多五个选项（A、B、C、D、E），题目为不定项选择题，请按照以下格式作答：

【思考过程】：...

【最终答案】：AB / BCE / CD / DE / E / ...（只输出选项的编号，不要写选项内容）

示例：
题目：医疗伦理中四大基本原则是？
A.尊重自主权
B.善意行为
C.无害原则
D.公正原则
E.以上都不是
【思考过程】：本题考查医学伦理的四大基本原则，包括尊重自主权、不伤害原则、行善原则、公正原则。

【最终答案】：ABCD

题目：关于精子库的义务，以下哪项描述正确？
A.在匿名情况下提供配偶职业背景咨询
B.在实名情况下提供医学信息婚姻咨询
C.在匿名情况下提供医学信息的婚姻咨询服务
D.无义务为后代提供咨询服务
【思考过程】：",C,Doubao-1.5-Thinking,"【思考过程】：根据人类辅助生殖技术与人类精子库相关管理规定，精子库需严格遵循匿名原则以保护供精者和受者隐私。选项A中“配偶职业背景咨询”涉及非医学隐私信息，精子库无义务提供；选项B“实名情况下提供医学信息”违反匿名原则；选项C“匿名情况下提供医学信息的婚姻咨询”符合规定（医学信息对婚姻和后代健康有意义且不暴露身份）；选项D“无义务为后代提供咨询”错误，精子库在匿名前提下可能需为后代提供必要医学信息。

【最终答案】：C",客观题,C
辅助生殖,"你是一个严格按照要求答题的医学考试考生。请你先展示出完整的思考过程，然后再输出最终答案。每道题目有至少两个选项（A、B）至多五个选项（A、B、C、D、E），题目为不定项选择题，请按照以下格式作答：

【思考过程】：...

【最终答案】：AB / BCE / CD / DE / E / ...（只输出选项的编号，不要写选项内容）

示例：
题目：医疗伦理中四大基本原则是？
A.尊重自主权
B.善意行为
C.无害原则
D.公正原则
E.以上都不是
【思考过程】：本题考查医学伦理的四大基本原则，包括尊重自主权、不伤害原则、行善原则、公正原则。

【最终答案】：ABCD

题目：某人类精子库在供精者管理时，以下哪种情形违反了伦理规范？
A.同一供精者在不同省市的三家机构各供精1次导致3名妇女受孕
B.同一供精者未跨机构但导致6名妇女受孕
C.同一供精者在两个机构各供精2次导致3名妇女受孕
D.同一供精者在两个机构各供精2次导致6名妇女受孕
【思考过程】：",BD,Doubao-1.5-Thinking,"【思考过程】：根据我国人类精子库伦理规范，同一供精者的精子最多只能使5名妇女受孕，以防止后代近亲结婚风险。分析各选项：  
- 选项A：同一供精者在不同机构供精导致3名妇女受孕（3≤5），未违反。  
- 选项B：同一供精者未跨机构但导致6名妇女受孕（6＞5），违反。  
- 选项C：同一供精者在两个机构供精导致3名妇女受孕（3≤5），未违反。  
- 选项D：同一供精者在两个机构供精导致6名妇女受孕（6＞5），违反。  

【最终答案】：BD",客观题,BD
辅助生殖,"你是一个严格按照要求答题的医学考试考生。请你先展示出完整的思考过程，然后再输出最终答案。每道题目有至少两个选项（A、B）至多五个选项（A、B、C、D、E），题目为不定项选择题，请按照以下格式作答：

【思考过程】：...

【最终答案】：AB / BCE / CD / DE / E / ...（只输出选项的编号，不要写选项内容）

示例：
题目：医疗伦理中四大基本原则是？
A.尊重自主权
B.善意行为
C.无害原则
D.公正原则
E.以上都不是
【思考过程】：本题考查医学伦理的四大基本原则，包括尊重自主权、不伤害原则、行善原则、公正原则。

【最终答案】：ABCD

题目：以下哪种情况允许实施X、Y精子筛选？
A.夫妇为X连锁隐性疾病携带者
B.父母希望儿女双全
C.高龄产妇为提高受孕概率
D.已有三个儿子的夫妇希望生育女儿
E.预防子代常染色体显性遗传病
【思考过程】：",A,Doubao-1.5-Thinking,"【思考过程】：X、Y精子筛选主要用于医学需要的性别选择，以预防与性别相关的遗传病。分析各选项：  
- 选项A：X连锁隐性疾病（如血友病）的男性发病率高，女性多为携带者。夫妇为携带者时，选择X精子（生女儿）可避免儿子患病，属于医学需要，允许实施。  
- 选项B：父母希望儿女双全属于非医学原因的性别选择，违反伦理，不允许。  
- 选项C：高龄产妇提高受孕概率与性别筛选无关，无医学必要性，不允许。  
- 选项D：已有三个儿子希望生育女儿属于非医学性别偏好，不允许。  
- 选项E：常染色体显性遗传病与性别无关（男女发病概率相同），筛选X/Y精子无法预防此类疾病，无医学必要性，不允许。  

【最终答案】：A",客观题,A
辅助生殖,"你是一个严格按照要求答题的医学考试考生。请你先展示出完整的思考过程，然后再输出最终答案。每道题目有至少两个选项（A、B）至多五个选项（A、B、C、D、E），题目为不定项选择题，请按照以下格式作答：

【思考过程】：...

【最终答案】：AB / BCE / CD / DE / E / ...（只输出选项的编号，不要写选项内容）

示例：
题目：医疗伦理中四大基本原则是？
A.尊重自主权
B.善意行为
C.无害原则
D.公正原则
E.以上都不是
【思考过程】：本题考查医学伦理的四大基本原则，包括尊重自主权、不伤害原则、行善原则、公正原则。

【最终答案】：ABCD

题目：根据我国相关规定，在辅助生殖技术应用中，必须保持互盲关系的组合包括哪些？
A.供者与精子库管理人员
B.供者与受者夫妇
C.供者与实施辅助生殖技术的医务人员
D.受者夫妇与实施辅助生殖技术的医务人员
E.供者与受者的子女
【思考过程】：",BCE,Doubao-1.5-Thinking,"【思考过程】：根据我国《人类辅助生殖技术管理办法》和《人类精子库管理办法》的规定，辅助生殖技术应用中必须保持互盲关系的组合包括：供者与受者夫妇（避免直接接触引发伦理问题）、供者与实施辅助生殖技术的医务人员（防止利益关联或隐私泄露）、供者与受者的子女（避免未来可能的亲属关系或身份混淆）。而供者与精子库管理人员（需管理供者信息但非互盲）、受者夫妇与实施辅助生殖技术的医务人员（受者需与医务人员直接沟通治疗）通常不要求互盲。

【最终答案】：BCE",客观题,BCE
辅助生殖,"你是一个严格按照要求答题的医学考试考生。请你先展示出完整的思考过程，然后再输出最终答案。每道题目有至少两个选项（A、B）至多五个选项（A、B、C、D、E），题目为不定项选择题，请按照以下格式作答：

【思考过程】：...

【最终答案】：AB / BCE / CD / DE / E / ...（只输出选项的编号，不要写选项内容）

示例：
题目：医疗伦理中四大基本原则是？
A.尊重自主权
B.善意行为
C.无害原则
D.公正原则
E.以上都不是
【思考过程】：本题考查医学伦理的四大基本原则，包括尊重自主权、不伤害原则、行善原则、公正原则。

【最终答案】：ABCD

题目：以下哪些措施属于我国精子库保密制度的要求？
A.建立供受者信息公共可查询数据库
B.保存供者真实姓名的独立数据库
C.冷冻精液被使用时用代码表示
D.受者身份对精子库隐匿
E.医生可以获得供受双方完整信息
【思考过程】：",CD,Doubao-1.5-Thinking,"【思考过程】：我国精子库保密制度的核心是保护供者和受者的隐私，遵循双盲原则（供者与受者、医务人员互盲）。分析各选项：  
- 选项A：建立供受者信息公共可查询数据库。公共可查询违反保密要求，错误。  
- 选项B：保存供者真实姓名的独立数据库。精子库需保存供者真实信息但严格保密，独立数据库符合保密要求，正确。  
- 选项C：冷冻精液被使用时用代码表示。使用代码代替真实姓名，避免身份泄露，符合保密原则，正确。  
- 选项D：受者身份对精子库隐匿。精子库需记录使用情况，受者身份需保密但无需对精子库隐匿，错误。  
- 选项E：医生可以获得供受双方完整信息。医生仅需必要医疗信息，不能获取完整身份信息，错误。  

【最终答案】：BC",客观题,BC
辅助生殖,"你是一个严格按照要求答题的医学考试考生。请你先展示出完整的思考过程，然后再输出最终答案。每道题目有至少两个选项（A、B）至多五个选项（A、B、C、D、E），题目为不定项选择题，请按照以下格式作答：

【思考过程】：...

【最终答案】：AB / BCE / CD / DE / E / ...（只输出选项的编号，不要写选项内容）

示例：
题目：医疗伦理中四大基本原则是？
A.尊重自主权
B.善意行为
C.无害原则
D.公正原则
E.以上都不是
【思考过程】：本题考查医学伦理的四大基本原则，包括尊重自主权、不伤害原则、行善原则、公正原则。

【最终答案】：ABCD

题目：关于辅助生殖技术中信息查阅权限的规定，以下哪些说法正确？
A.受者夫妇经申请可查看供精者的详细户籍信息
B.供精者可凭协议书查看受者子女的教育经历
C.医疗机构医务人员可因科研需要调阅供精者身份资料
D.供精者的亲属无权要求知晓受者家庭住址
E.实施机构院长特批时可解密供精者身份信息
【思考过程】：",D,Doubao-1.5-Thinking,"【思考过程】：本题考查辅助生殖技术中信息查阅权限的相关规定。根据《人类辅助生殖技术和人类精子库伦理原则》等法规，供精者与受者及子女的身份信息需严格保密，具体分析如下：

- 选项A：受者夫妇仅可了解供精者的一般信息（如年龄、血型、学历等），不可查阅详细户籍信息（涉及身份隐私），故A错误。  
- 选项B：供精者无权查阅受者或其子女的具体信息（如教育经历），以保护受者及子女隐私，故B错误。  
- 选项C：供精者身份资料需严格保密，即使因科研需要，也需经伦理委员会批准并采取信息脱敏措施，不可直接调阅身份资料，故C错误。  
- 选项D：供精者及其亲属均无权要求知晓受者家庭住址等隐私信息，符合保密原则，故D正确。  
- 选项E：供精者身份信息解密需符合法律规定（如子女成年后知情权），院长特批无权解密，故E错误。  

【最终答案】：D",客观题,D
辅助生殖,"你是一个严格按照要求答题的医学考试考生。请你先展示出完整的思考过程，然后再输出最终答案。每道题目有至少两个选项（A、B）至多五个选项（A、B、C、D、E），题目为不定项选择题，请按照以下格式作答：

【思考过程】：...

【最终答案】：AB / BCE / CD / DE / E / ...（只输出选项的编号，不要写选项内容）

示例：
题目：医疗伦理中四大基本原则是？
A.尊重自主权
B.善意行为
C.无害原则
D.公正原则
E.以上都不是
【思考过程】：本题考查医学伦理的四大基本原则，包括尊重自主权、不伤害原则、行善原则、公正原则。

【最终答案】：ABCD

题目：下列哪几项补偿属于我国法规允许的精子库对供精者提供的合理补偿？
A.营养费
B.误工费
C.交通费
D.医疗风险补偿
E.感谢费
【思考过程】：",BCD,Doubao-1.5-Thinking,"【思考过程】：本题考查我国法规对精子库供精者合理补偿的规定。根据《人类辅助生殖技术规范》和《人类精子库管理办法》，供精是自愿的人道主义行为，禁止商业化，精子库不得向供精者支付现金，但可给予必要的合理补偿。合理补偿通常包括因捐精产生的直接费用和损失，如：  
- **误工费（B）**：捐精需多次往返和占用时间，误工损失应补偿；  
- **交通费（C）**：往返精子库的交通费用属于合理支出；  
- **营养费（A）**：捐精可能消耗体力，补充营养属于必要补助；  
- **医疗风险补偿（D）**：法规未明确提及“医疗风险补偿”，通常医疗检查费用已包含在合理补助中，风险补偿非必需；  
- **感谢费（E）**：属于变相商业报酬，法规禁止。  

因此，允许的合理补偿为A、B、C。

【最终答案】：ABC",客观题,ABC
辅助生殖,"你是一个严格按照要求答题的医学考试考生。请你先展示出完整的思考过程，然后再输出最终答案。每道题目有至少两个选项（A、B）至多五个选项（A、B、C、D、E），题目为不定项选择题，请按照以下格式作答：

【思考过程】：...

【最终答案】：AB / BCE / CD / DE / E / ...（只输出选项的编号，不要写选项内容）

示例：
题目：医疗伦理中四大基本原则是？
A.尊重自主权
B.善意行为
C.无害原则
D.公正原则
E.以上都不是
【思考过程】：本题考查医学伦理的四大基本原则，包括尊重自主权、不伤害原则、行善原则、公正原则。

【最终答案】：ABCD

题目：关于人类精子库提供的冷冻精液，哪种情况符合法规要求？
A.向持有卫生部辅助生殖技术批准证书的机构提供达标冷冻精液
B.向未取得证书的机构提供达标冷冻精液
C.向持有证书的机构提供未达标的新鲜精液
D.向持有证书的机构提供达标的新鲜精液
【思考过程】：",A,Doubao-1.5-Thinking,"【思考过程】：根据《人类精子库管理办法》规定，人类精子库只能向持有卫生部（现国家卫生健康委员会）批准的辅助生殖技术执业证书的机构提供冷冻精液，且精液需符合国家规定的质量标准。新鲜精液因存在传播疾病风险（如未通过检疫期的HIV等），不得提供；未取得证书的机构也不符合接收条件。选项A符合“向有证书机构提供达标冷冻精液”的要求；B（未取得证书机构）、C（未达标且新鲜）、D（新鲜精液）均不符合法规。

【最终答案】：A",客观题,A
辅助生殖,"你是一个严格按照要求答题的医学考试考生。请你先展示出完整的思考过程，然后再输出最终答案。每道题目有至少两个选项（A、B）至多五个选项（A、B、C、D、E），题目为不定项选择题，请按照以下格式作答：

【思考过程】：...

【最终答案】：AB / BCE / CD / DE / E / ...（只输出选项的编号，不要写选项内容）

示例：
题目：医疗伦理中四大基本原则是？
A.尊重自主权
B.善意行为
C.无害原则
D.公正原则
E.以上都不是
【思考过程】：本题考查医学伦理的四大基本原则，包括尊重自主权、不伤害原则、行善原则、公正原则。

【最终答案】：ABCD

题目：下列哪些行为可能违反我国关于精子管理的法律法规？
A.某机构按精子质量分级定价；B.以“营养补偿费”名义收取精子受让方费用；C.精子库声明捐赠者不得索要额外补偿；D.民营医院参与精子调配并收取管理费；E.医疗机构公开招募志愿者并强调无偿捐赠
【思考过程】：",ABD,Doubao-1.5-Thinking,"【思考过程】：我国关于精子管理的法律法规主要依据《人类精子库管理办法》等规定，核心是禁止买卖精子，规范精子采集、提供和使用的主体及行为。

- 选项A：按精子质量分级定价可能涉及变相买卖精子（法律禁止任何形式的精子买卖），违规。  
- 选项B：以“营养补偿费”名义向精子受让方收费，属于变相收取精子费用，违反“禁止买卖精子”的规定。  
- 选项C：精子库声明捐赠者不得索要额外补偿符合规定（捐赠为自愿无偿，仅可给予必要补偿，不可额外索要），不违规。  
- 选项D：精子调配只能由批准的精子库进行，民营医院无资质参与并收费，违反“禁止其他机构从事精子采集与提供”的规定。  
- 选项E：公开招募志愿者并强调无偿捐赠符合“自愿无偿”原则，不违规。  

【最终答案】：ABD",客观题,ABD
医患关系,"你是一个严格按照要求答题的医学考试考生。请你先展示出完整的思考过程，然后再输出最终答案。每道题目有至少两个选项（A、B）至多五个选项（A、B、C、D、E），题目为不定项选择题，请按照以下格式作答：

【思考过程】：...

【最终答案】：AB / BCE / CD / DE / E / ...（只输出选项的编号，不要写选项内容）

示例：
题目：医疗伦理中四大基本原则是？
A.尊重自主权
B.善意行为
C.无害原则
D.公正原则
E.以上都不是
【思考过程】：本题考查医学伦理的四大基本原则，包括尊重自主权、不伤害原则、行善原则、公正原则。

【最终答案】：ABCD

题目：下列行为中，哪一项不构成侵害患者隐私权？
A.未经同意向媒体公开患者的癌症检查记录
B.私下向护士讨论患者未授权披露的家庭暴力诊疗信息
C.用患者的手术照片制作科室宣传展板且在候诊区展示
D.将患者十年前在社交媒体公开发布的哮喘病史用于论文案例
【思考过程】：",D,Doubao-1.5-Thinking,"【思考过程】：患者隐私权是指患者的个人诊疗信息、身体隐私等不被非法获取、披露或使用的权利。分析各选项：  
- 选项A：未经患者同意向媒体公开癌症检查记录，属于非法披露患者诊疗信息，构成隐私侵害。  
- 选项B：私下讨论患者未授权的家庭暴力诊疗信息，即使对象是护士，也属于非法传播患者隐私信息，构成侵害。  
- 选项C：未经同意使用患者手术照片制作宣传展板并公开展示，属于非法使用患者身体隐私信息，构成侵害。  
- 选项D：患者十年前已在社交媒体公开发布哮喘病史，该信息已属于公开信息，合理用于论文案例不构成隐私侵害。  

【最终答案】：D",客观题,D
医患关系,"你是一个严格按照要求答题的医学考试考生。请你先展示出完整的思考过程，然后再输出最终答案。每道题目有至少两个选项（A、B）至多五个选项（A、B、C、D、E），题目为不定项选择题，请按照以下格式作答：

【思考过程】：...

【最终答案】：AB / BCE / CD / DE / E / ...（只输出选项的编号，不要写选项内容）

示例：
题目：医疗伦理中四大基本原则是？
A.尊重自主权
B.善意行为
C.无害原则
D.公正原则
E.以上都不是
【思考过程】：本题考查医学伦理的四大基本原则，包括尊重自主权、不伤害原则、行善原则、公正原则。

【最终答案】：ABCD

题目：以下哪些信息属于自然人的个人信息，受到法律保护？
A.生物识别信息
B.教育背景
C.健康信息
D.喜欢的颜色
E.电话号码
【思考过程】：",ABCE,Doubao-1.5-Thinking,"【思考过程】：根据《中华人民共和国民法典》和《个人信息保护法》，个人信息是指以电子或其他方式记录的与已识别或可识别的自然人有关的各种信息。法律明确列举的个人信息包括生物识别信息（如指纹、人脸识别数据）、教育背景（可识别自然人身份）、健康信息（如病历、体检记录）、电话号码（直接关联自然人）等。而“喜欢的颜色”属于个人偏好，通常不具备直接或间接识别特定自然人的功能，因此不属于法律保护的个人信息范畴。

【最终答案】：ABCE",客观题,ABCE
医患关系,"你是一个严格按照要求答题的医学考试考生。请你先展示出完整的思考过程，然后再输出最终答案。每道题目有至少两个选项（A、B）至多五个选项（A、B、C、D、E），题目为不定项选择题，请按照以下格式作答：

【思考过程】：...

【最终答案】：AB / BCE / CD / DE / E / ...（只输出选项的编号，不要写选项内容）

示例：
题目：医疗伦理中四大基本原则是？
A.尊重自主权
B.善意行为
C.无害原则
D.公正原则
E.以上都不是
【思考过程】：本题考查医学伦理的四大基本原则，包括尊重自主权、不伤害原则、行善原则、公正原则。

【最终答案】：ABCD

题目：患者因医务人员的过错在诊疗活动中受到损害，赔偿责任应由谁承担？
A.医疗机构承担
B.相关医务人员个人承担
C.医疗机构与医务人员按比例分担
D.患者自行承担
【思考过程】：",A,Doubao-1.5-Thinking,"【思考过程】：根据《中华人民共和国民法典》第1218条规定，患者在诊疗活动中受到损害，医疗机构或者其医务人员有过错的，由医疗机构承担赔偿责任。医务人员在诊疗活动中属于职务行为，其过错责任应由医疗机构承担，而非个人或分担。患者无过错，不应自行承担责任。

【最终答案】：A",客观题,A
医患关系,"你是一个严格按照要求答题的医学考试考生。请你先展示出完整的思考过程，然后再输出最终答案。每道题目有至少两个选项（A、B）至多五个选项（A、B、C、D、E），题目为不定项选择题，请按照以下格式作答：

【思考过程】：...

【最终答案】：AB / BCE / CD / DE / E / ...（只输出选项的编号，不要写选项内容）

示例：
题目：医疗伦理中四大基本原则是？
A.尊重自主权
B.善意行为
C.无害原则
D.公正原则
E.以上都不是
【思考过程】：本题考查医学伦理的四大基本原则，包括尊重自主权、不伤害原则、行善原则、公正原则。

【最终答案】：ABCD

题目：以下哪种情形下，医务人员应当向患者的近亲属说明医疗风险并取得其明确同意？
A.患者需要接受门诊输液治疗
B.患者因昏迷无法表达意愿
C.医疗机构无法联系到患者的法定代理人
D.患者拒绝听取关于化疗替代方案的说明
【思考过程】：",B,Doubao-1.5-Thinking,"【思考过程】：根据《民法典》第1219条规定，医务人员在诊疗活动中应当向患者说明病情和医疗措施；需要实施手术、特殊检查、特殊治疗的，应向患者具体说明医疗风险、替代医疗方案等并取得其明确同意。若患者不能（如无法表达意愿）或不宜（如病情危重无法承受）向患者说明的，应向患者近亲属说明并取得同意。  

选项A：门诊输液属于常规治疗，风险较低，无需向近亲属说明，患者本人同意即可，故排除。  
选项B：患者昏迷无法表达意愿，属于“不能向患者说明”的情形，需向近亲属说明并取得同意，符合要求。  
选项C：无法联系法定代理人，但未明确患者是否无法表达意愿（如患者清醒时仍需本人同意），题目未明确患者状态，故不必然属于需向近亲属说明的情形。  
选项D：患者拒绝听取说明，但患者本人有能力表达意愿（如清醒且具备民事行为能力），此时应尊重患者自主权，无需向近亲属说明，故排除。  

【最终答案】：B",客观题,B
医患关系,"你是一个严格按照要求答题的医学考试考生。请你先展示出完整的思考过程，然后再输出最终答案。每道题目有至少两个选项（A、B）至多五个选项（A、B、C、D、E），题目为不定项选择题，请按照以下格式作答：

【思考过程】：...

【最终答案】：AB / BCE / CD / DE / E / ...（只输出选项的编号，不要写选项内容）

示例：
题目：医疗伦理中四大基本原则是？
A.尊重自主权
B.善意行为
C.无害原则
D.公正原则
E.以上都不是
【思考过程】：本题考查医学伦理的四大基本原则，包括尊重自主权、不伤害原则、行善原则、公正原则。

【最终答案】：ABCD

题目：在因抢救生命垂危患者无法取得患者及其近亲属意见的情形下，关于医疗措施的实施程序，以下描述正确的是？
A.主治医生可自行决定实施抢救措施
B.需取得属地卫生健康部门书面批准
C.医疗机构负责人或其授权人批准后立即实施
D.经医院伦理委员会表决通过后再实施
E.需获得至少两名副高职称医师的联合签名
【思考过程】：",C,Doubao-1.5-Thinking,"【思考过程】：本题考查紧急情况下医疗措施的实施程序。根据《民法典》第一千二百二十条规定：“因抢救生命垂危的患者等紧急情况，不能取得患者或者其近亲属意见的，经医疗机构负责人或者授权的负责人批准，可以立即实施相应的医疗措施。”分析各选项：  
- 选项A错误，主治医生不能自行决定，需经医疗机构负责人或其授权人批准。  
- 选项B错误，无需属地卫生健康部门书面批准，由医疗机构内部审批即可。  
- 选项C正确，符合法律规定的程序。  
- 选项D错误，医院伦理委员会表决并非紧急情况下的必要程序，时间上不可行。  
- 选项E错误，法律未要求两名副高职称医师联合签名。  

【最终答案】：C",客观题,C
医患关系,"你是一个严格按照要求答题的医学考试考生。请你先展示出完整的思考过程，然后再输出最终答案。每道题目有至少两个选项（A、B）至多五个选项（A、B、C、D、E），题目为不定项选择题，请按照以下格式作答：

【思考过程】：...

【最终答案】：AB / BCE / CD / DE / E / ...（只输出选项的编号，不要写选项内容）

示例：
题目：医疗伦理中四大基本原则是？
A.尊重自主权
B.善意行为
C.无害原则
D.公正原则
E.以上都不是
【思考过程】：本题考查医学伦理的四大基本原则，包括尊重自主权、不伤害原则、行善原则、公正原则。

【最终答案】：ABCD

题目：在诊疗活动中，若患者受到损害，在哪些情形下会推定医疗机构有过错？
A.遗失病历资料
B.伪造病历资料
C.篡改病历资料
D.合法销毁病历资料
E.违法销毁病历资料
【思考过程】：",ABCE,Doubao-1.5-Thinking,"【思考过程】：根据《民法典》第1222条规定，患者在诊疗活动中受到损害，有下列情形之一的，推定医疗机构有过错：（一）违反法律、行政法规、规章以及其他有关诊疗规范的规定；（二）隐匿或者拒绝提供与纠纷有关的病历资料；（三）遗失、伪造、篡改或者违法销毁病历资料。选项A（遗失病历资料）、B（伪造病历资料）、C（篡改病历资料）、E（违法销毁病历资料）均符合上述第三种情形；而D（合法销毁病历资料）不属于违法销毁，因此不推定过错。

【最终答案】：ABCE",客观题,ABCE
医患关系,"你是一个严格按照要求答题的医学考试考生。请你先展示出完整的思考过程，然后再输出最终答案。每道题目有至少两个选项（A、B）至多五个选项（A、B、C、D、E），题目为不定项选择题，请按照以下格式作答：

【思考过程】：...

【最终答案】：AB / BCE / CD / DE / E / ...（只输出选项的编号，不要写选项内容）

示例：
题目：医疗伦理中四大基本原则是？
A.尊重自主权
B.善意行为
C.无害原则
D.公正原则
E.以上都不是
【思考过程】：本题考查医学伦理的四大基本原则，包括尊重自主权、不伤害原则、行善原则、公正原则。

【最终答案】：ABCD

题目：患者在诊疗活动中受到损害时，以下哪种情形医疗机构不承担赔偿责任？
A.患者家属拒绝签署手术同意书导致延误治疗
B.急诊抢救时医务人员已尽到合理诊疗义务
C.医疗机构未提供低收费方案导致患者无力承担
D.某种罕见病现有医学技术无法确诊
E.医生未使用国际最新疗法但符合常规治疗指南
【思考过程】：",ABDE,Doubao-1.5-Thinking,"【思考过程】：本题考查《民法典》中关于医疗机构不承担赔偿责任的情形。根据《民法典》第1224条规定，患者在诊疗活动中受到损害，医疗机构不承担赔偿责任的情形包括：（一）患者或其近亲属不配合符合诊疗规范的诊疗（医疗机构无过错时）；（二）抢救生命垂危患者时医务人员已尽合理诊疗义务；（三）限于当时医疗水平难以诊疗。此外，若医务人员无过错（如符合诊疗常规），即使未采用最新疗法，也不承担责任。

- 选项A：患者家属拒绝签署手术同意书导致延误治疗，属于患者方不配合符合诊疗规范的诊疗，若医疗机构无过错（题目未提及过错），符合（一），免责。  
- 选项B：急诊抢救时已尽合理义务，符合（二），免责。  
- 选项C：未提供低收费方案与诊疗过错无关，不属于法定免责情形，医疗机构可能需承担其他责任，但非因诊疗过错导致的损害，故不选。  
- 选项D：罕见病现有技术无法确诊，属于（三）中“限于当时医疗水平难以诊疗”，免责。  
- 选项E：未用国际最新疗法但符合常规指南，说明无诊疗过错（符合诊疗规范），根据《民法典》1218条（过错责任），不承担责任。  

【最终答案】：ABDE",客观题,ABDE
医患关系,"你是一个严格按照要求答题的医学考试考生。请你先展示出完整的思考过程，然后再输出最终答案。每道题目有至少两个选项（A、B）至多五个选项（A、B、C、D、E），题目为不定项选择题，请按照以下格式作答：

【思考过程】：...

【最终答案】：AB / BCE / CD / DE / E / ...（只输出选项的编号，不要写选项内容）

示例：
题目：医疗伦理中四大基本原则是？
A.尊重自主权
B.善意行为
C.无害原则
D.公正原则
E.以上都不是
【思考过程】：本题考查医学伦理的四大基本原则，包括尊重自主权、不伤害原则、行善原则、公正原则。

【最终答案】：ABCD

题目：以下哪些情形下，医疗机构对患者在诊疗活动中受到的损害不承担赔偿责任？
A.患者不配合诊疗但医疗机构存在操作过失
B.抢救呼吸衰竭患者时因设备突发故障导致并发症
C.患者家属拒绝签署手术同意书导致延误治疗
D.未向患者充分说明药物过敏风险
E.医生根据全国最新诊疗指南实施手术后仍出现并发症
F.受限于当地医疗条件无法诊断的罕见病
【思考过程】：",CEF,Doubao-1.5-Thinking,"【思考过程】：本题需依据《民法典》侵权责任编中关于医疗损害责任的免责情形分析各选项：

- **选项A**：患者不配合诊疗但医疗机构存在操作过失。根据《民法典》第1224条，若患者方不配合且医疗机构有过错，需承担相应责任，故A不选。  
- **选项B**：抢救时设备突发故障导致并发症。设备突发故障通常与医疗机构设备维护管理相关，若因维护不当致故障，医疗机构存在过错，需担责，故B不选。  
- **选项C**：家属拒绝签署手术同意书导致延误治疗。若医疗机构已尽说明义务，患者家属不配合属于《民法典》第1224条“患者方不配合符合诊疗规范的诊疗”情形，医疗机构无过错则免责，故C可选。  
- **选项D**：未充分说明药物过敏风险。医务人员未尽说明义务（《民法典》第1219条），造成损害需担责，故D不选。  
- **选项E**：按最新指南手术仍出现并发症。遵循最新诊疗指南属于尽到与当时医疗水平相应的诊疗义务（《民法典》第1221条），无过错则免责，故E可选。  
- **选项F**：受限于当地医疗条件无法诊断罕见病。属于“限于当时的医疗水平难以诊疗”（《民法典》第1224条第三项），医疗机构不承担责任，故F可选。  

【最终答案】：CEF",客观题,CEF
医患关系,"你是一个严格按照要求答题的医学考试考生。请你先展示出完整的思考过程，然后再输出最终答案。每道题目有至少两个选项（A、B）至多五个选项（A、B、C、D、E），题目为不定项选择题，请按照以下格式作答：

【思考过程】：...

【最终答案】：AB / BCE / CD / DE / E / ...（只输出选项的编号，不要写选项内容）

示例：
题目：医疗伦理中四大基本原则是？
A.尊重自主权
B.善意行为
C.无害原则
D.公正原则
E.以上都不是
【思考过程】：本题考查医学伦理的四大基本原则，包括尊重自主权、不伤害原则、行善原则、公正原则。

【最终答案】：ABCD

题目：在下列哪种情形下，医疗机构对患者诊疗活动中受到的损害不承担赔偿责任？
A.医疗机构拒绝向家属提供纸质病历副本
B.患者未按医嘱连续服用降压药物导致病情恶化
C.护士在静脉穿刺时未严格执行无菌操作规范
D.患者近亲属隐瞒其青霉素过敏史
【思考过程】：",BD,Doubao-1.5-Thinking,"【思考过程】：本题需判断医疗机构对患者损害不承担赔偿责任的情形，依据《民法典》侵权责任编及医疗损害责任相关规定。  
- 选项A：医疗机构拒绝提供纸质病历副本，违反了患者查阅、复制病历的法定权利，属于医疗机构过错，需承担责任。  
- 选项B：患者未按医嘱服药导致病情恶化，属于患者自身不配合诊疗的行为（无证据显示医疗机构有过错），符合“患者或近亲属不配合诊疗”的免责情形。  
- 选项C：护士未严格执行无菌操作规范，属于医务人员违反诊疗规范的过错行为，医疗机构需承担责任。  
- 选项D：患者近亲属隐瞒青霉素过敏史，导致诊疗失误（无证据显示医疗机构有过错），符合“患者或近亲属不配合诊疗”的免责情形。  

【最终答案】：BD",客观题,BD
医患关系,"你是一个严格按照要求答题的医学考试考生。请你先展示出完整的思考过程，然后再输出最终答案。每道题目有至少两个选项（A、B）至多五个选项（A、B、C、D、E），题目为不定项选择题，请按照以下格式作答：

【思考过程】：...

【最终答案】：AB / BCE / CD / DE / E / ...（只输出选项的编号，不要写选项内容）

示例：
题目：医疗伦理中四大基本原则是？
A.尊重自主权
B.善意行为
C.无害原则
D.公正原则
E.以上都不是
【思考过程】：本题考查医学伦理的四大基本原则，包括尊重自主权、不伤害原则、行善原则、公正原则。

【最终答案】：ABCD

题目：下列哪项属于医疗机构必须填写并妥善保管的病历资料？
A.门诊诊断书
B.检验报告
C.入院费用明细
D.护理记录
E.门诊预约记录
【思考过程】：",ABD,Doubao-1.5-Thinking,"【思考过程】：根据《医疗机构病历管理规定》及相关法规，医疗机构必须填写并妥善保管的病历资料包括门（急）诊病历和住院病历的核心内容。门（急）诊病历内容涵盖病历记录、检验报告等；住院病历包括护理记录、辅助检查报告单（如检验报告）等。具体分析各选项：  
- 门诊诊断书（A）：属于门（急）诊病历的记录内容，需保管。  
- 检验报告（B）：是辅助检查报告单的一部分，属于病历资料，需保管。  
- 入院费用明细（C）：属于收费相关材料，非病历资料核心内容，无需作为病历保管。  
- 护理记录（D）：是住院病历的必要组成部分，需保管。  
- 门诊预约记录（E）：属于预约流程记录，非病历资料，无需保管。  

【最终答案】：ABD",客观题,ABD
医患关系,"你是一个严格按照要求答题的医学考试考生。请你先展示出完整的思考过程，然后再输出最终答案。每道题目有至少两个选项（A、B）至多五个选项（A、B、C、D、E），题目为不定项选择题，请按照以下格式作答：

【思考过程】：...

【最终答案】：AB / BCE / CD / DE / E / ...（只输出选项的编号，不要写选项内容）

示例：
题目：医疗伦理中四大基本原则是？
A.尊重自主权
B.善意行为
C.无害原则
D.公正原则
E.以上都不是
【思考过程】：本题考查医学伦理的四大基本原则，包括尊重自主权、不伤害原则、行善原则、公正原则。

【最终答案】：ABCD

题目：以下哪些情形中医疗机构或其医务人员可能需承担侵权责任？
A.医生将患者电话号码泄露给医药代表导致患者被骚扰
B.未经患者同意向家属公开其完整电子病历
C.在学术会议中使用患者匿名病历讨论治疗方案
D.因医院系统漏洞导致患者血型信息在院内公共屏公示
【思考过程】：",ABD,Doubao-1.5-Thinking,"【思考过程】：本题需判断哪些情形符合医疗机构或医务人员承担侵权责任的条件，主要依据《民法典》中关于医疗损害责任及个人信息保护的规定。  
- 选项A：医生泄露患者电话号码（个人信息）给医药代表，导致患者被骚扰，违反了医疗机构对患者隐私和个人信息的保密义务，需承担侵权责任。  
- 选项B：未经患者同意向家属公开完整电子病历，病历属于患者隐私和个人信息，即使家属也需患者同意方可获取，故构成侵权。  
- 选项C：使用匿名病历讨论治疗方案，因已匿名处理，未泄露患者身份信息，不构成侵权。  
- 选项D：因医院系统漏洞导致患者血型信息（个人健康信息）在公共屏公示，属于医疗机构未尽到保密义务，导致隐私泄露，需承担侵权责任。  

【最终答案】：ABD",客观题,ABD
医患关系,"你是一个严格按照要求答题的医学考试考生。请你先展示出完整的思考过程，然后再输出最终答案。每道题目有至少两个选项（A、B）至多五个选项（A、B、C、D、E），题目为不定项选择题，请按照以下格式作答：

【思考过程】：...

【最终答案】：AB / BCE / CD / DE / E / ...（只输出选项的编号，不要写选项内容）

示例：
题目：医疗伦理中四大基本原则是？
A.尊重自主权
B.善意行为
C.无害原则
D.公正原则
E.以上都不是
【思考过程】：本题考查医学伦理的四大基本原则，包括尊重自主权、不伤害原则、行善原则、公正原则。

【最终答案】：ABCD

题目：下列哪些行为违反了医疗卫生人员职业伦理规范？
A.为增加收入要求患者进行不必要的重复检查
B.经家属多次请求后接受其赠送的购物卡
C.以加快手术排期为条件暗示患者支付额外费用
D.因患者症状轻微仍开具不必要的高价药物
E.根据病程发展调整抗生素使用剂量
【思考过程】：",ABCD,Doubao-1.5-Thinking,"【思考过程】：本题考查医疗卫生人员职业伦理规范。需判断各选项是否符合伦理要求：

- 选项A：要求患者进行不必要的重复检查以增加收入，属于过度医疗，违反廉洁行医和不伤害原则（增加患者经济负担或潜在伤害），违反伦理。
- 选项B：接受家属赠送的购物卡（即使多次请求），属于收受患者财物，违反廉洁自律规范，违反伦理。
- 选项C：以加快手术排期为条件暗示支付额外费用，属于索贿行为，利用职务谋私利，严重违反伦理。
- 选项D：患者症状轻微仍开具不必要的高价药物，属于过度医疗，增加患者负担并可能导致药物副作用，违反不伤害和诚信原则，违反伦理。
- 选项E：根据病程调整抗生素剂量是合理医疗行为，符合规范，不违反伦理。

【最终答案】：ABCD",客观题,ABCD
医患关系,"你是一个严格按照要求答题的医学考试考生。请你先展示出完整的思考过程，然后再输出最终答案。每道题目有至少两个选项（A、B）至多五个选项（A、B、C、D、E），题目为不定项选择题，请按照以下格式作答：

【思考过程】：...

【最终答案】：AB / BCE / CD / DE / E / ...（只输出选项的编号，不要写选项内容）

示例：
题目：医疗伦理中四大基本原则是？
A.尊重自主权
B.善意行为
C.无害原则
D.公正原则
E.以上都不是
【思考过程】：本题考查医学伦理的四大基本原则，包括尊重自主权、不伤害原则、行善原则、公正原则。

【最终答案】：ABCD

题目：以下哪些属于医疗机构及其医务人员在诊疗活动中依法应当履行的义务？
A.以患者为中心并遵守诊疗规范
B.加强人文关怀
C.优先保障治疗效率最大化
D.定期开展法规培训
E.确保患者投诉优先处理
【思考过程】：",ABD,Doubao-1.5-Thinking,"【思考过程】：本题需判断哪些属于医疗机构及其医务人员在诊疗活动中依法应履行的义务。  
- 选项A：《基本医疗卫生与健康促进法》明确要求医疗机构遵循医学规律、遵守诊疗规范，并强调以患者为中心，故A正确。  
- 选项B：该法规定医务人员应尊重、关心、爱护患者，加强人文关怀是法定义务，故B正确。  
- 选项C：“优先保障治疗效率最大化”可能导致过度医疗，不符合“合理诊疗、因病施治”的要求，故C错误。  
- 选项D：《医疗质量管理办法》要求医疗机构加强医务人员教育（包括法规培训），以提高服务能力，定期开展法规培训属于法定义务，故D正确。  
- 选项E：《医疗纠纷预防和处理条例》要求医疗机构建立投诉接待制度，但“优先处理”并非法定强制义务，故E错误。  

【最终答案】：ABD",客观题,ABD
医患关系,"你是一个严格按照要求答题的医学考试考生。请你先展示出完整的思考过程，然后再输出最终答案。每道题目有至少两个选项（A、B）至多五个选项（A、B、C、D、E），题目为不定项选择题，请按照以下格式作答：

【思考过程】：...

【最终答案】：AB / BCE / CD / DE / E / ...（只输出选项的编号，不要写选项内容）

示例：
题目：医疗伦理中四大基本原则是？
A.尊重自主权
B.善意行为
C.无害原则
D.公正原则
E.以上都不是
【思考过程】：本题考查医学伦理的四大基本原则，包括尊重自主权、不伤害原则、行善原则、公正原则。

【最终答案】：ABCD

题目：在哪种情况下，医务人员可未经患者或其近亲属书面同意直接实施救治？
A.患者昏迷且无法联系近亲属时的常规手术
B.门诊患者拒绝治疗但情况不危急
C.病情危急无法取得意见且经机构负责人批准
D.患者清醒但不愿听取医疗方案说明
【思考过程】：",C,Doubao-1.5-Thinking,"【思考过程】：本题考查医疗救治中患者知情同意的例外情况。根据《民法典》第1220条规定，因抢救生命垂危的患者等紧急情况，不能取得患者或者其近亲属意见的，经医疗机构负责人或者授权的负责人批准，可以立即实施相应的医疗措施。  
- 选项A：患者昏迷且无法联系近亲属时的“常规手术”，常规手术不属于紧急情况，不符合规定。  
- 选项B：门诊患者拒绝治疗但情况不危急，此时应尊重患者自主权，不能强制救治。  
- 选项C：病情危急无法取得意见且经机构负责人批准，完全符合法律规定的紧急情况下的例外情形。  
- 选项D：患者清醒但不愿听取医疗方案说明，患者仍有决策能力，需尽量沟通而非直接实施救治。  

【最终答案】：C",客观题,C
医患关系,"你是一个严格按照要求答题的医学考试考生。请你先展示出完整的思考过程，然后再输出最终答案。每道题目有至少两个选项（A、B）至多五个选项（A、B、C、D、E），题目为不定项选择题，请按照以下格式作答：

【思考过程】：...

【最终答案】：AB / BCE / CD / DE / E / ...（只输出选项的编号，不要写选项内容）

示例：
题目：医疗伦理中四大基本原则是？
A.尊重自主权
B.善意行为
C.无害原则
D.公正原则
E.以上都不是
【思考过程】：本题考查医学伦理的四大基本原则，包括尊重自主权、不伤害原则、行善原则、公正原则。

【最终答案】：ABCD

题目：以下哪种行为违反了医德廉洁自律要求？
A.不参加药企赞助的学术会议
B.收取患者赠送的贵重礼品
C.推荐患者到指定药店购药以获取提成
D.私自将患者信息出售给第三方机构
【思考过程】：",BCD,Doubao-1.5-Thinking,"【思考过程】：本题考查医德廉洁自律的要求。廉洁自律要求医务人员不利用职务之便谋取私利。  
- 选项A“不参加药企赞助的学术会议”是主动规避可能的利益关联，属于遵守廉洁自律，不违反。  
- 选项B“收取患者赠送的贵重礼品”属于利用职务便利收受患者财物，违反廉洁自律。  
- 选项C“推荐患者到指定药店购药以获取提成”是通过推荐行为谋取个人经济利益，违反廉洁自律。  
- 选项D“私自将患者信息出售给第三方机构”是利用职务便利非法获利（通常为经济利益），属于谋取私利，违反廉洁自律。  

【最终答案】：BCD",客观题,BCD
医患关系,"你是一个严格按照要求答题的医学考试考生。请你先展示出完整的思考过程，然后再输出最终答案。每道题目有至少两个选项（A、B）至多五个选项（A、B、C、D、E），题目为不定项选择题，请按照以下格式作答：

【思考过程】：...

【最终答案】：AB / BCE / CD / DE / E / ...（只输出选项的编号，不要写选项内容）

示例：
题目：医疗伦理中四大基本原则是？
A.尊重自主权
B.善意行为
C.无害原则
D.公正原则
E.以上都不是
【思考过程】：本题考查医学伦理的四大基本原则，包括尊重自主权、不伤害原则、行善原则、公正原则。

【最终答案】：ABCD

题目：护士在履行护理职责时，下列哪项不属于规定必须包含的内容？
A.医学照顾与病情观察
B.健康教育与药物处方开具
C.协助诊疗与健康管理师资格培训
D.心理支持与康复指导
【思考过程】：",BC,Doubao-1.5-Thinking,"【思考过程】：护士的主要职责包括医学照顾、病情观察、健康教育、协助诊疗、心理支持、康复指导等。根据相关法规，护士无药物处方权（处方开具属于医师职责），因此选项B中的“药物处方开具”不属于护士必须内容。此外，“健康管理师资格培训”属于专业培训活动，并非护士履行护理职责时必须包含的常规内容，因此选项C也不属于。选项A（医学照顾与病情观察）和D（心理支持与康复指导）均为护士核心职责。

【最终答案】：BC",客观题,BC
医患关系,"你是一个严格按照要求答题的医学考试考生。请你先展示出完整的思考过程，然后再输出最终答案。每道题目有至少两个选项（A、B）至多五个选项（A、B、C、D、E），题目为不定项选择题，请按照以下格式作答：

【思考过程】：...

【最终答案】：AB / BCE / CD / DE / E / ...（只输出选项的编号，不要写选项内容）

示例：
题目：医疗伦理中四大基本原则是？
A.尊重自主权
B.善意行为
C.无害原则
D.公正原则
E.以上都不是
【思考过程】：本题考查医学伦理的四大基本原则，包括尊重自主权、不伤害原则、行善原则、公正原则。

【最终答案】：ABCD

题目：护士在发现患者病情危急时，以下哪种做法符合相关法律法规？
A.立即通知医师并全程记录病情变化
B.优先联系患者家属说明情况
C.在医师未到达时拒绝实施任何救护措施
D.为抢救生命直接实施心脏电除颤操作
E.立即通知医师并在紧急情况下实施必要救护
【思考过程】：",AE,Doubao-1.5-Thinking,"【思考过程】：根据《护士条例》相关规定，护士在发现患者病情危急时，应立即通知医师（首要步骤）；同时，在紧急情况下为抢救患者生命，需先行实施必要的紧急救护措施。分析各选项：  
- 选项A：“立即通知医师并全程记录病情变化”符合规定，通知医师和记录病情均为必要操作。  
- 选项B：“优先联系患者家属”错误，应优先处理患者病情而非联系家属。  
- 选项C：“拒绝实施任何救护措施”错误，紧急情况下护士需实施必要救护。  
- 选项D：“直接实施心脏电除颤”超出护士常规权限（需医师或授权人员操作），不符合规定。  
- 选项E：“立即通知医师并在紧急情况下实施必要救护”完全符合法规要求，既强调通知医师，又明确紧急时的救护责任。  

因此，正确选项为A和E。

【最终答案】：AE",客观题,AE
医患关系,"你是一个严格按照要求答题的医学考试考生。请你先展示出完整的思考过程，然后再输出最终答案。每道题目有至少两个选项（A、B）至多五个选项（A、B、C、D、E），题目为不定项选择题，请按照以下格式作答：

【思考过程】：...

【最终答案】：AB / BCE / CD / DE / E / ...（只输出选项的编号，不要写选项内容）

示例：
题目：医疗伦理中四大基本原则是？
A.尊重自主权
B.善意行为
C.无害原则
D.公正原则
E.以上都不是
【思考过程】：本题考查医学伦理的四大基本原则，包括尊重自主权、不伤害原则、行善原则、公正原则。

【最终答案】：ABCD

题目：医务人员在协同医师工作时，必须向患者解释说明的内容应包含以下哪些内容？
A.药物使用遴选、适应症、禁忌
B.适应症、禁忌、药品价格
C.适应症、禁忌、不良反应、药品生产厂家
D.药物遴选、适应症、禁忌、不良反应、注意事项、使用方法
E.指导患者调整药物剂量以节省费用
【思考过程】：",D,Doubao-1.5-Thinking,"【思考过程】：医务人员在协同医师工作时，向患者解释说明的内容需确保患者知情，涵盖用药相关的关键信息。根据医学规范，必须说明的内容应包括药物遴选理由（为何选择此药）、适应症（药物适用情况）、禁忌（不可使用的情况）、不良反应（可能的副作用）、注意事项（用药时需注意的问题）及使用方法（正确的用药方式）。分析各选项：  
- 选项A缺少不良反应、注意事项、使用方法，不全面。  
- 选项B包含药品价格，价格非必须说明内容。  
- 选项C包含药品生产厂家，生产厂家通常非必须说明内容。  
- 选项D涵盖了药物遴选、适应症、禁忌、不良反应、注意事项、使用方法，均为患者必须知情的关键信息。  
- 选项E涉及指导调整剂量，属于医疗决策，医务人员无权自行指导，不符合规范。  

【最终答案】：D",客观题,D
医患关系,"你是一个严格按照要求答题的医学考试考生。请你先展示出完整的思考过程，然后再输出最终答案。每道题目有至少两个选项（A、B）至多五个选项（A、B、C、D、E），题目为不定项选择题，请按照以下格式作答：

【思考过程】：...

【最终答案】：AB / BCE / CD / DE / E / ...（只输出选项的编号，不要写选项内容）

示例：
题目：医疗伦理中四大基本原则是？
A.尊重自主权
B.善意行为
C.无害原则
D.公正原则
E.以上都不是
【思考过程】：本题考查医学伦理的四大基本原则，包括尊重自主权、不伤害原则、行善原则、公正原则。

【最终答案】：ABCD

题目：以下哪个行为符合医患关系中的伦理要求？
A.主动减少患者家属的担忧
B.积极配合临床诊疗
C.巧妙探问患者隐私用于研究
D.保护患者隐私
E.优先履行医院创收指标
【思考过程】：",ABD,Doubao-1.5-Thinking,"【思考过程】：本题考查医患关系中的伦理要求。需结合医学伦理基本原则（尊重、不伤害、有利、公正）分析各选项：

- **选项A**：主动减少患者家属的担忧，属于对患者及其家属的人文关怀，符合有利原则（促进患者及家属利益），符合伦理要求。  
- **选项B**：积极配合临床诊疗，若为患者义务（患者需配合医生治疗）或医生义务（医生需积极履行诊疗职责），均符合医患关系中双方应遵循的伦理要求。  
- **选项C**：巧妙探问患者隐私用于研究，未经患者同意侵犯隐私，违背尊重原则，不符合伦理。  
- **选项D**：保护患者隐私，是尊重患者自主权和隐私权的核心要求，符合伦理。  
- **选项E**：优先履行医院创收指标，将经济利益置于患者利益之上，违背有利原则，不符合伦理。  

综上，A、B、D符合伦理要求，C、E不符合。

【最终答案】：ABD",客观题,ABD
医患关系,"你是一个严格按照要求答题的医学考试考生。请你先展示出完整的思考过程，然后再输出最终答案。每道题目有至少两个选项（A、B）至多五个选项（A、B、C、D、E），题目为不定项选择题，请按照以下格式作答：

【思考过程】：...

【最终答案】：AB / BCE / CD / DE / E / ...（只输出选项的编号，不要写选项内容）

示例：
题目：医疗伦理中四大基本原则是？
A.尊重自主权
B.善意行为
C.无害原则
D.公正原则
E.以上都不是
【思考过程】：本题考查医学伦理的四大基本原则，包括尊重自主权、不伤害原则、行善原则、公正原则。

【最终答案】：ABCD

题目：在医患关系中，以下哪些是医务人员必须履行的职责？
A.指导患者配合检查
B.对接触放射性物质的人员仅告知风险
C.帮助患者查询检查结果
D.对接触传染性物质的人员不采取任何防护措施
E.对接触传染性物质的人员进行风险告知并给予防护
【思考过程】：",ACE,Doubao-1.5-Thinking,"【思考过程】：本题考查医患关系中医务人员的职责。需逐一分析各选项：  
- 选项A：指导患者配合检查是医务人员的基本职责，正确。  
- 选项B：接触放射性物质时，医务人员不仅需告知风险，还应采取防护措施（如铅衣），仅告知不足，错误。  
- 选项C：帮助患者查询检查结果是保障患者知情权的体现，属于职责范围，正确。  
- 选项D：接触传染性物质时，必须采取防护措施（如戴口罩、手套），否则违反防护规范，错误。  
- 选项E：对接触传染性物质的人员进行风险告知并给予防护，符合规范要求，正确。  

【最终答案】：ACE",客观题,ACE
医患关系,"你是一个严格按照要求答题的医学考试考生。请你先展示出完整的思考过程，然后再输出最终答案。每道题目有至少两个选项（A、B）至多五个选项（A、B、C、D、E），题目为不定项选择题，请按照以下格式作答：

【思考过程】：...

【最终答案】：AB / BCE / CD / DE / E / ...（只输出选项的编号，不要写选项内容）

示例：
题目：医疗伦理中四大基本原则是？
A.尊重自主权
B.善意行为
C.无害原则
D.公正原则
E.以上都不是
【思考过程】：本题考查医学伦理的四大基本原则，包括尊重自主权、不伤害原则、行善原则、公正原则。

【最终答案】：ABCD

题目：医疗机构在保障医患关系时可以采取以下哪些措施？
A.建立医疗安全与风险管理体系制度
B.利用医疗责任保险分担风险
C.缩减高风险科室的规模
D.制订医疗纠纷处理预案
E.完善患者投诉管理体系
F.定期公开医疗纠纷详细案件
【思考过程】：",ABDE,Doubao-1.5-Thinking,"【思考过程】：本题考查医疗机构保障医患关系的措施。分析各选项：  
- A选项“建立医疗安全与风险管理体系制度”：通过制度规范医疗行为，减少安全隐患，是保障医患关系的基础措施，正确。  
- B选项“利用医疗责任保险分担风险”：通过保险分担医疗风险，可降低医患直接经济矛盾，正确。  
- C选项“缩减高风险科室的规模”：高风险科室（如急诊、ICU）是患者需求集中的领域，缩减规模可能导致就医困难，反而激化矛盾，错误。  
- D选项“制订医疗纠纷处理预案”：预案可规范纠纷处理流程，避免矛盾升级，正确。  
- E选项“完善患者投诉管理体系”：畅通投诉渠道并及时解决问题，能减少积怨，改善医患关系，正确。  
- F选项“定期公开医疗纠纷详细案件”：公开详细案件可能侵犯患者隐私，且易引发公众误解，不利于医患关系，错误。  

【最终答案】：ABDE",客观题,ABDE
医患关系,"你是一个严格按照要求答题的医学考试考生。请你先展示出完整的思考过程，然后再输出最终答案。每道题目有至少两个选项（A、B）至多五个选项（A、B、C、D、E），题目为不定项选择题，请按照以下格式作答：

【思考过程】：...

【最终答案】：AB / BCE / CD / DE / E / ...（只输出选项的编号，不要写选项内容）

示例：
题目：医疗伦理中四大基本原则是？
A.尊重自主权
B.善意行为
C.无害原则
D.公正原则
E.以上都不是
【思考过程】：本题考查医学伦理的四大基本原则，包括尊重自主权、不伤害原则、行善原则、公正原则。

【最终答案】：ABCD

题目：以下哪些做法违反了为患者保守秘密的医疗法规？
A.在科室内部会议上对患者病情进行匿名化讨论
B.在患者本人未授权的情况下，将诊疗结果告知其直系亲属
C.未经脱敏处理将患者诊疗数据上传至公共研究平台
D.在医院走廊用患者出生年份代替姓名谈论病情
E.通过医院安全系统调阅分管患者的完整病历
【思考过程】：",BCD,Doubao-1.5-Thinking,"【思考过程】：本题需判断哪些做法违反患者隐私保密法规。  
- 选项A：科室内部匿名化讨论病情是医疗常规操作，保护了患者身份信息，不违反保密原则。  
- 选项B：患者未授权时，即使直系亲属也无权获取诊疗结果（除非患者无行为能力且亲属为监护人，但题目未说明此情况），因此违反保密。  
- 选项C：未经脱敏处理的诊疗数据上传公共平台，可能导致患者身份被识别，严重违反隐私保护法规。  
- 选项D：在医院走廊（公共场合）用出生年份代替姓名谈论病情，仍可能被他人结合其他信息推断患者身份，属于隐私泄露，违反保密。  
- 选项E：医生通过安全系统调阅分管患者病历是诊疗需要，符合规定，不违反保密。  

【最终答案】：BCD",客观题,BCD
医患关系,"你是一个严格按照要求答题的医学考试考生。请你先展示出完整的思考过程，然后再输出最终答案。每道题目有至少两个选项（A、B）至多五个选项（A、B、C、D、E），题目为不定项选择题，请按照以下格式作答：

【思考过程】：...

【最终答案】：AB / BCE / CD / DE / E / ...（只输出选项的编号，不要写选项内容）

示例：
题目：医疗伦理中四大基本原则是？
A.尊重自主权
B.善意行为
C.无害原则
D.公正原则
E.以上都不是
【思考过程】：本题考查医学伦理的四大基本原则，包括尊重自主权、不伤害原则、行善原则、公正原则。

【最终答案】：ABCD

题目：在安宁疗护医疗场景中，以下哪种情况医疗卫生人员必须依法取得患者或其近亲属的知情同意？
A.实施镇痛性脊髓电刺激手术
B.开展每周常规血压监测
C.使用新型镇痛药物开展临床效果研究
D.进行终末期生命体征的特殊检查
E.在患者意识清醒时向近亲属说明替代医疗方案
【思考过程】：",ACD,Doubao-1.5-Thinking,"【思考过程】：本题考查安宁疗护场景中需依法取得患者或其近亲属知情同意的情形。根据相关法规（如《医疗纠纷预防和处理条例》），需知情同意的情况主要包括实施手术、特殊检查、特殊治疗（如临床试验性治疗）等。  

- 选项A（实施镇痛性脊髓电刺激手术）：手术属于有创操作，需患者或近亲属知情同意。  
- 选项B（每周常规血压监测）：常规无创监测属于日常护理，无需额外知情同意。  
- 选项C（使用新型镇痛药物开展临床效果研究）：涉及临床试验性治疗，需严格知情同意。  
- 选项D（终末期生命体征的特殊检查）：“特殊检查”通常指非常规、有风险或侵入性的检查，需知情同意。  
- 选项E（患者清醒时向近亲属说明替代方案）：患者意识清醒时，应优先向患者本人说明并取得同意，仅向近亲属说明不属于“必须取得同意”的情形。  

综上，需知情同意的为A、C、D。

【最终答案】：ACD",客观题,ACD
医患关系,"你是一个严格按照要求答题的医学考试考生。请你先展示出完整的思考过程，然后再输出最终答案。每道题目有至少两个选项（A、B）至多五个选项（A、B、C、D、E），题目为不定项选择题，请按照以下格式作答：

【思考过程】：...

【最终答案】：AB / BCE / CD / DE / E / ...（只输出选项的编号，不要写选项内容）

示例：
题目：医疗伦理中四大基本原则是？
A.尊重自主权
B.善意行为
C.无害原则
D.公正原则
E.以上都不是
【思考过程】：本题考查医学伦理的四大基本原则，包括尊重自主权、不伤害原则、行善原则、公正原则。

【最终答案】：ABCD

题目：在安宁疗护中，以下哪两项属于患者的权利义务范畴？
A.医疗机构可以强制要求患者接受特定治疗
B.患者的隐私权和人格尊严应被保护
C.患者需遵守医疗卫生机构制定的诊疗秩序
D.医务人员可未经许可公开患者病情信息
E.患者可拒绝接受所有医疗建议
【思考过程】：",BC,Doubao-1.5-Thinking,"【思考过程】：本题考查安宁疗护中患者的权利与义务。  
- 选项A错误：医疗机构不能强制要求患者接受特定治疗，患者有自主选择权，强制治疗侵犯患者权利。  
- 选项B正确：保护患者的隐私权和人格尊严是患者的基本权利，符合安宁疗护中尊重患者的原则。  
- 选项C正确：遵守医疗卫生机构的诊疗秩序是患者应尽的义务，属于患者义务范畴。  
- 选项D错误：未经许可公开患者病情信息侵犯患者隐私权，是医务人员的不当行为，不属于患者权利义务。  
- 选项E错误：患者虽有拒绝治疗的权利，但“拒绝所有医疗建议”可能不符合安宁疗护中“缓解症状、提高生活质量”的目标，且表述过于绝对，不属于合理权利范畴。  

综上，属于患者权利义务范畴的是B和C。

【最终答案】：BC",客观题,BC
医患关系,"你是一个严格按照要求答题的医学考试考生。请你先展示出完整的思考过程，然后再输出最终答案。每道题目有至少两个选项（A、B）至多五个选项（A、B、C、D、E），题目为不定项选择题，请按照以下格式作答：

【思考过程】：...

【最终答案】：AB / BCE / CD / DE / E / ...（只输出选项的编号，不要写选项内容）

示例：
题目：医疗伦理中四大基本原则是？
A.尊重自主权
B.善意行为
C.无害原则
D.公正原则
E.以上都不是
【思考过程】：本题考查医学伦理的四大基本原则，包括尊重自主权、不伤害原则、行善原则、公正原则。

【最终答案】：ABCD

题目：医疗卫生机构开展安宁疗护服务时，需要遵守以下哪些规范性文件？
A.临床诊疗指南
B.医院内部操作惯例
C.临床技术操作规范
D.行业标准
E.家属特殊书面要求
【思考过程】：",ACD,Doubao-1.5-Thinking,"【思考过程】：医疗卫生机构开展安宁疗护服务时，需遵守具有普遍约束力的规范性文件。临床诊疗指南（A）、临床技术操作规范（C）通常由卫生行政部门或专业学会制定，是指导临床实践的规范性文件；行业标准（D）由行业协会或标准化机构发布，具有规范效力。而医院内部操作惯例（B）属于内部习惯，不具有普遍规范性；家属特殊书面要求（E）是个体需求，不属于规范性文件。因此需遵守的规范性文件为A、C、D。

【最终答案】：ACD",客观题,ACD
医患关系,"你是一个严格按照要求答题的医学考试考生。请你先展示出完整的思考过程，然后再输出最终答案。每道题目有至少两个选项（A、B）至多五个选项（A、B、C、D、E），题目为不定项选择题，请按照以下格式作答：

【思考过程】：...

【最终答案】：AB / BCE / CD / DE / E / ...（只输出选项的编号，不要写选项内容）

示例：
题目：医疗伦理中四大基本原则是？
A.尊重自主权
B.善意行为
C.无害原则
D.公正原则
E.以上都不是
【思考过程】：本题考查医学伦理的四大基本原则，包括尊重自主权、不伤害原则、行善原则、公正原则。

【最终答案】：ABCD

题目：以下哪个处理公民个人健康信息的行为是合法的？
A.未经本人同意收集肿瘤病史信息
B.向保险公司出售患者临终关怀记录
C.将老年痴呆患者的病历传输给商业机构
D.取得授权后用于多中心安宁疗护研究
E.经配偶同意后出售患者健康数据
【思考过程】：",D,Doubao-1.5-Thinking,"【思考过程】：根据《个人信息保护法》和相关法律法规，处理个人健康信息需遵循合法、正当、必要原则，通常需取得本人同意（无/限制民事行为能力人需监护人同意），且禁止非法买卖或向无关第三方提供。  
- 选项A：未经本人同意收集肿瘤病史信息，违反“需本人同意”原则，不合法。  
- 选项B：向保险公司出售患者记录，属于非法买卖个人信息，明确违法。  
- 选项C：将老年痴呆患者病历传输给商业机构，无合法目的且未提及监护人同意，不合法。  
- 选项D：取得授权后用于多中心安宁疗护研究，符合“取得同意+合法目的”要求，合法。  
- 选项E：经配偶同意后出售健康数据，“出售”行为本身违法，即使配偶同意也不合法。  

【最终答案】：D",客观题,D
医患关系,"你是一个严格按照要求答题的医学考试考生。请你先展示出完整的思考过程，然后再输出最终答案。每道题目有至少两个选项（A、B）至多五个选项（A、B、C、D、E），题目为不定项选择题，请按照以下格式作答：

【思考过程】：...

【最终答案】：AB / BCE / CD / DE / E / ...（只输出选项的编号，不要写选项内容）

示例：
题目：医疗伦理中四大基本原则是？
A.尊重自主权
B.善意行为
C.无害原则
D.公正原则
E.以上都不是
【思考过程】：本题考查医学伦理的四大基本原则，包括尊重自主权、不伤害原则、行善原则、公正原则。

【最终答案】：ABCD

题目：在安宁疗护服务中，医疗卫生人员的下列哪些行为可能面临行政处罚？
A.向患者家属暗示需要礼品才优先安排护理服务
B.将患者病情细节上传至社交平台
C.开展新型镇痛疗法研究时未向伦理委员会申报
D.擅自将家属签字的手术同意书销毁
E.未取得患者同意即进行高风险生命维持操作
【思考过程】：",ABCDE,Doubao-1.5-Thinking,"【思考过程】：本题需判断安宁疗护中医疗卫生人员的哪些行为可能面临行政处罚，需结合相关法律法规分析各选项：

- **选项A**：向患者家属暗示需要礼品才优先安排护理服务，属于利用职务之便索要不正当利益。根据《基本医疗卫生与健康促进法》第五十六条，医疗卫生人员不得索要、非法收受财物或牟取其他不正当利益，违反者可能面临警告、暂停执业或吊销执照等行政处罚。  
- **选项B**：将患者病情细节上传至社交平台，属于泄露患者隐私。《民法典》第1226条及《护士条例》第三十一条规定，泄露患者隐私或个人信息的，卫生主管部门可责令改正、给予警告，情节严重的暂停执业或吊销证书，构成行政处罚。  
- **选项C**：开展新型镇痛疗法研究未向伦理委员会申报，违反《涉及人的生物医学研究伦理审查办法》。该办法规定研究需经伦理审查批准，未申报者可能被责令改正、警告，情节严重的暂停研究，属于行政处罚。  
- **选项D**：擅自销毁家属签字的手术同意书，违反《医疗纠纷预防和处理条例》第十五条（需妥善保管病历资料）。该条例第四十七条规定，未按规定保管病历资料的，可能被责令改正、警告，甚至罚款或暂停执业，构成行政处罚。  
- **选项E**：未取得患者同意即进行高风险生命维持操作，违反患者知情同意权。《民法典》第1219条及《医疗纠纷预防和处理条例》第四十七条规定，未取得患者同意实施特殊治疗的，可能被警告、暂停执业等行政处罚。  

综上，ABCDE均可能面临行政处罚。

【最终答案】：ABCDE",客观题,ABCDE
医患关系,"你是一个严格按照要求答题的医学考试考生。请你先展示出完整的思考过程，然后再输出最终答案。每道题目有至少两个选项（A、B）至多五个选项（A、B、C、D、E），题目为不定项选择题，请按照以下格式作答：

【思考过程】：...

【最终答案】：AB / BCE / CD / DE / E / ...（只输出选项的编号，不要写选项内容）

示例：
题目：医疗伦理中四大基本原则是？
A.尊重自主权
B.善意行为
C.无害原则
D.公正原则
E.以上都不是
【思考过程】：本题考查医学伦理的四大基本原则，包括尊重自主权、不伤害原则、行善原则、公正原则。

【最终答案】：ABCD

题目：以下哪些行为违反了""禁止对老年人实施家庭暴力""的规定？
A.未告知患者替老年痴呆症患者签署镇静剂使用同意书
B.要求患有高血压的老年人每日转账才提供饮食
C.三个月未更换失能老人的褥疮护理用品
D.因认知退化频繁指责老人""活着是累赘""
E.监护人限制有走失风险老人单独外出时间
【思考过程】：",BCD,Doubao-1.5-Thinking,"【思考过程】：根据《中华人民共和国反家庭暴力法》，家庭暴力指家庭成员间以殴打、捆绑、残害、限制人身自由及经常性谩骂、恐吓等方式实施的身体、精神等侵害行为。分析各选项：  
- A项：替无行为能力的老年痴呆患者签署医疗同意书属于监护人合理职责，未体现侵害，不违反。  
- B项：以转账为条件拒绝提供饮食，属于通过经济控制和剥夺基本生存需求实施身体侵害，违反。  
- C项：长期不更换失能老人护理用品导致身体伤害，属于忽视型身体虐待，违反。  
- D项：频繁指责老人“活着是累赘”属于经常性精神谩骂，构成精神侵害，违反。  
- E项：限制有走失风险老人单独外出是出于安全保护的合理监护，不构成非法限制人身自由，不违反。  

【最终答案】：BCD",客观题,BCD
医患关系,"你是一个严格按照要求答题的医学考试考生。请你先展示出完整的思考过程，然后再输出最终答案。每道题目有至少两个选项（A、B）至多五个选项（A、B、C、D、E），题目为不定项选择题，请按照以下格式作答：

【思考过程】：...

【最终答案】：AB / BCE / CD / DE / E / ...（只输出选项的编号，不要写选项内容）

示例：
题目：医疗伦理中四大基本原则是？
A.尊重自主权
B.善意行为
C.无害原则
D.公正原则
E.以上都不是
【思考过程】：本题考查医学伦理的四大基本原则，包括尊重自主权、不伤害原则、行善原则、公正原则。

【最终答案】：ABCD

题目：以下哪些服务属于医疗机构应为老年人提供的医疗服务范畴？
A.家庭病床服务
B.专场商业健康讲座
C.巡回医疗和护理
D.付费体检项目
E.社区急救技能培训
【思考过程】：",AC,Doubao-1.5-Thinking,"【思考过程】：本题需判断哪些服务属于医疗机构应为老年人提供的医疗服务范畴。根据《中华人民共和国老年人权益保障法》及相关规定，医疗机构应为老年人提供的医疗服务主要包括公益性、基本医疗相关的服务。  
- 选项A（家庭病床服务）：家庭病床是为行动不便的老年人提供的居家医疗服务，属于医疗机构应提供的基本医疗服务范畴。  
- 选项B（专场商业健康讲座）：“商业”性质的讲座可能涉及盈利，不属于医疗机构应尽的公益性服务义务。  
- 选项C（巡回医疗和护理）：巡回医疗和护理是医疗机构为偏远或不便就医的老年人提供的上门服务，符合法规要求。  
- 选项D（付费体检项目）：付费体检属于经营性服务，而非医疗机构必须为老年人提供的基本服务。  
- 选项E（社区急救技能培训）：急救技能培训属于健康促进和教育，是医疗机构应承担的健康教育职责，属于服务范畴。  

【最终答案】：ACE",客观题,ACE
医患关系,"你是一个严格按照要求答题的医学考试考生。请你先展示出完整的思考过程，然后再输出最终答案。每道题目有至少两个选项（A、B）至多五个选项（A、B、C、D、E），题目为不定项选择题，请按照以下格式作答：

【思考过程】：...

【最终答案】：AB / BCE / CD / DE / E / ...（只输出选项的编号，不要写选项内容）

示例：
题目：医疗伦理中四大基本原则是？
A.尊重自主权
B.善意行为
C.无害原则
D.公正原则
E.以上都不是
【思考过程】：本题考查医学伦理的四大基本原则，包括尊重自主权、不伤害原则、行善原则、公正原则。

【最终答案】：ABCD

题目：以下哪些属于安宁疗护的核心服务内容？
A.优先治愈终末期疾病
B.提供躯体症状的缓解措施
C.个性化宗教仪式服务
D.患者精神心理辅导
E.协调患者社会支持体系
【思考过程】：",BDE,Doubao-1.5-Thinking,"【思考过程】：安宁疗护的核心目标是提高终末期患者的生活质量，而非以治愈疾病为首要任务。选项A“优先治愈终末期疾病”不符合安宁疗护的理念，排除。选项B“提供躯体症状的缓解措施”是核心内容，旨在控制疼痛、呼吸困难等躯体症状以提升患者舒适度。选项C“个性化宗教仪式服务”虽可能涉及灵性照护，但属于非普遍的个性化需求，并非核心服务的必需内容。选项D“患者精神心理辅导”是核心，针对终末期患者常见的焦虑、抑郁等心理问题提供支持。选项E“协调患者社会支持体系”是核心，通过整合家庭、社区等资源为患者和家属提供综合支持。

【最终答案】：BDE",客观题,BDE
医患关系,"你是一个严格按照要求答题的医学考试考生。请你先展示出完整的思考过程，然后再输出最终答案。每道题目有至少两个选项（A、B）至多五个选项（A、B、C、D、E），题目为不定项选择题，请按照以下格式作答：

【思考过程】：...

【最终答案】：AB / BCE / CD / DE / E / ...（只输出选项的编号，不要写选项内容）

示例：
题目：医疗伦理中四大基本原则是？
A.尊重自主权
B.善意行为
C.无害原则
D.公正原则
E.以上都不是
【思考过程】：本题考查医学伦理的四大基本原则，包括尊重自主权、不伤害原则、行善原则、公正原则。

【最终答案】：ABCD

题目：以下哪一项不属于老年安宁疗护病区的主要服务内容？
A.症状控制与身体痛苦缓解
B.家属经济援助计划
C.患者家属哀伤辅导
D.积极延长寿​命的医疗干预
E.精神心理支持与社会关怀
【思考过程】：",BD,Doubao-1.5-Thinking,"【思考过程】：安宁疗护（姑息治疗）的核心目标是为终末期患者提供以减轻痛苦、提高生活质量为核心的综合服务，而非积极延长寿命。其主要服务内容包括症状控制（如疼痛缓解）、精神心理支持、社会关怀及家属哀伤辅导等。  
- 选项A（症状控制与身体痛苦缓解）是安宁疗护的基础服务内容，属于主要服务。  
- 选项B（家属经济援助计划）虽可能涉及，但并非安宁疗护的核心或主要服务内容（更多为社会救助范畴）。  
- 选项C（患者家属哀伤辅导）是安宁疗护中支持家属的重要部分，属于主要服务。  
- 选项D（积极延长寿命的医疗干预）违背安宁疗护“不追求延长生命”的原则，属于积极治疗范畴，不属于其主要服务。  
- 选项E（精神心理支持与社会关怀）是安宁疗护关注患者整体需求的关键内容，属于主要服务。  

题目要求选择“不属于”的选项，核心矛盾在于选项D与安宁疗护的目标直接冲突。

【最终答案】：D",客观题,D
医患关系,"你是一个严格按照要求答题的医学考试考生。请你先展示出完整的思考过程，然后再输出最终答案。每道题目有至少两个选项（A、B）至多五个选项（A、B、C、D、E），题目为不定项选择题，请按照以下格式作答：

【思考过程】：...

【最终答案】：AB / BCE / CD / DE / E / ...（只输出选项的编号，不要写选项内容）

示例：
题目：医疗伦理中四大基本原则是？
A.尊重自主权
B.善意行为
C.无害原则
D.公正原则
E.以上都不是
【思考过程】：本题考查医学伦理的四大基本原则，包括尊重自主权、不伤害原则、行善原则、公正原则。

【最终答案】：ABCD

题目：根据临终关怀室隐私保护要求，以下哪两项措施符合规定？
A.每床位加装透明玻璃窗方便观察
B.相邻床位之间使用高密度隔音板
C.采用可移动屏风替代物理隔断
D.每个床位区域配备独立呼叫系统
【思考过程】：",BD,Doubao-1.5-Thinking,"【思考过程】：临终关怀室隐私保护的核心是确保患者的个人空间（视觉、听觉）和通讯隐私不被侵犯。分析各选项：  
- 选项A（透明玻璃窗）：透明玻璃会暴露患者状态，不利于视觉隐私保护，不符合规定。  
- 选项B（高密度隔音板）：隔音板可阻挡相邻床位间的声音和视线，有效保护隐私，符合规定。  
- 选项C（可移动屏风）：虽能临时遮挡，但稳定性和密封性通常不如物理隔断，可能无法充分保障隐私，不符合严格要求。  
- 选项D（独立呼叫系统）：患者可独立联系医护人员，避免公共呼叫暴露需求，保护通讯隐私，符合规定。  

因此，符合规定的两项为B和D。  

【最终答案】：BD",客观题,BD
医患关系,"你是一个严格按照要求答题的医学考试考生。请你先展示出完整的思考过程，然后再输出最终答案。每道题目有至少两个选项（A、B）至多五个选项（A、B、C、D、E），题目为不定项选择题，请按照以下格式作答：

【思考过程】：...

【最终答案】：AB / BCE / CD / DE / E / ...（只输出选项的编号，不要写选项内容）

示例：
题目：医疗伦理中四大基本原则是？
A.尊重自主权
B.善意行为
C.无害原则
D.公正原则
E.以上都不是
【思考过程】：本题考查医学伦理的四大基本原则，包括尊重自主权、不伤害原则、行善原则、公正原则。

【最终答案】：ABCD

题目：以下哪些做法符合安宁疗护服务中关于维护服务对象权益和尊严的要求？
A. 在多人病房内设置独立隔间保护隐私
B. 强制使用镇静剂以减少患者情绪波动
C. 征得患者同意后再调整镇痛方案
D. 允许家属参与护理决策但忽略患者本人意愿
E. 在走廊讨论病情以便快速协调医疗资源
【思考过程】：",AC,Doubao-1.5-Thinking,"【思考过程】：安宁疗护的核心是维护服务对象的权益和尊严，关键在于尊重患者自主权、保护隐私、避免强制干预等。  
- 选项A：设置独立隔间保护隐私，符合维护尊严的要求；  
- 选项B：强制使用镇静剂违背患者意愿，侵犯自主权，不符合；  
- 选项C：征得患者同意后调整镇痛方案，尊重患者自主权，符合；  
- 选项D：忽略患者本人意愿仅让家属参与决策，违背患者自主权，不符合；  
- 选项E：在走廊讨论病情会泄露隐私，损害尊严，不符合。  

【最终答案】：AC",客观题,AC
医患关系,"你是一个严格按照要求答题的医学考试考生。请你先展示出完整的思考过程，然后再输出最终答案。每道题目有至少两个选项（A、B）至多五个选项（A、B、C、D、E），题目为不定项选择题，请按照以下格式作答：

【思考过程】：...

【最终答案】：AB / BCE / CD / DE / E / ...（只输出选项的编号，不要写选项内容）

示例：
题目：医疗伦理中四大基本原则是？
A.尊重自主权
B.善意行为
C.无害原则
D.公正原则
E.以上都不是
【思考过程】：本题考查医学伦理的四大基本原则，包括尊重自主权、不伤害原则、行善原则、公正原则。

【最终答案】：ABCD

题目：以下哪项措施属于安宁疗护中医护人员指导下的舒缓不适症状实施内容？
A.手术治疗
B.用药
C.各种专业护理措施
D.心理治疗
E.陪伴交流
【思考过程】：",BCE,Doubao-1.5-Thinking,"【思考过程】：安宁疗护的核心是缓解患者不适症状（包括身体和心理症状），提高生活质量，而非以治愈疾病为目的。分析各选项：  
- A. 手术治疗：通常以治愈或干预疾病为目的，不属于安宁疗护中舒缓症状的措施。  
- B. 用药：如使用止痛药、止吐药等直接缓解疼痛、恶心等身体症状，属于舒缓症状的实施内容。  
- C. 各种专业护理措施：如压疮护理、呼吸支持护理等，是针对身体不适的直接干预，属于舒缓症状的内容。  
- D. 心理治疗：通过心理干预缓解焦虑、抑郁等心理症状，属于舒缓心理不适的实施内容。  
- E. 陪伴交流：更多是情感支持，虽重要但属于照护中的支持性措施，并非直接“舒缓不适症状”的实施内容。  

综上，B、C、D属于安宁疗护中舒缓不适症状的实施内容。

【最终答案】：BCD",客观题,BCD
医患关系,"你是一个严格按照要求答题的医学考试考生。请你先展示出完整的思考过程，然后再输出最终答案。每道题目有至少两个选项（A、B）至多五个选项（A、B、C、D、E），题目为不定项选择题，请按照以下格式作答：

【思考过程】：...

【最终答案】：AB / BCE / CD / DE / E / ...（只输出选项的编号，不要写选项内容）

示例：
题目：医疗伦理中四大基本原则是？
A.尊重自主权
B.善意行为
C.无害原则
D.公正原则
E.以上都不是
【思考过程】：本题考查医学伦理的四大基本原则，包括尊重自主权、不伤害原则、行善原则、公正原则。

【最终答案】：ABCD

题目：在安宁疗护中，以下哪些属于医护人员的核心服务内容？
A.实施手术治愈疾病
B.进行症状控制
C.使用昂贵仪器延长生命
D.缓解服务对象的痛苦
E.提供化疗治疗方案
【思考过程】：",BD,Doubao-1.5-Thinking,"【思考过程】：安宁疗护的核心目标是为无法治愈的终末期患者提供以提高生活质量为中心的照护，重点在于缓解痛苦、控制症状，而非治愈疾病或延长生命。选项A（实施手术治愈疾病）和E（提供化疗治疗方案）属于积极治疗手段，不符合安宁疗护目标；选项C（使用昂贵仪器延长生命）强调延长生命，与安宁疗护的核心不符；选项B（进行症状控制）和D（缓解服务对象的痛苦）直接对应安宁疗护中缓解症状、减轻痛苦的核心服务内容。

【最终答案】：BD",客观题,BD
医患关系,"你是一个严格按照要求答题的医学考试考生。请你先展示出完整的思考过程，然后再输出最终答案。每道题目有至少两个选项（A、B）至多五个选项（A、B、C、D、E），题目为不定项选择题，请按照以下格式作答：

【思考过程】：...

【最终答案】：AB / BCE / CD / DE / E / ...（只输出选项的编号，不要写选项内容）

示例：
题目：医疗伦理中四大基本原则是？
A.尊重自主权
B.善意行为
C.无害原则
D.公正原则
E.以上都不是
【思考过程】：本题考查医学伦理的四大基本原则，包括尊重自主权、不伤害原则、行善原则、公正原则。

【最终答案】：ABCD

题目：下列哪一选项不符合服务对象离世后的处理要求？
A.保持其身体清洁
B.调整其体位至自然状态
C.对其进行基本的外观整理以确保尊严
D.依照家属要求为其化妆以修饰外观
E.清洁其面部并维持温和表情
【思考过程】：",D,Doubao-1.5-Thinking,"【思考过程】：服务对象离世后的处理核心是维护其尊严，基本要求包括保持身体清洁（A）、调整自然体位（B）、基本外观整理（C）及清洁面部维持温和表情（E）。而选项D“依照家属要求为其化妆以修饰外观”不符合处理要求，因尸体处理的重点是基础尊严维护，而非按家属要求进行额外修饰性操作，可能超出常规处理范围。

【最终答案】：D",客观题,D
医患关系,"你是一个严格按照要求答题的医学考试考生。请你先展示出完整的思考过程，然后再输出最终答案。每道题目有至少两个选项（A、B）至多五个选项（A、B、C、D、E），题目为不定项选择题，请按照以下格式作答：

【思考过程】：...

【最终答案】：AB / BCE / CD / DE / E / ...（只输出选项的编号，不要写选项内容）

示例：
题目：医疗伦理中四大基本原则是？
A.尊重自主权
B.善意行为
C.无害原则
D.公正原则
E.以上都不是
【思考过程】：本题考查医学伦理的四大基本原则，包括尊重自主权、不伤害原则、行善原则、公正原则。

【最终答案】：ABCD

题目：以下哪一项属于安宁疗护机构在患者离世后应履行的义务？
A.全权负责葬礼流程设计
B.协助相关第三方完成殡葬事宜
C.为家属提供哀伤心理辅导
D.向家属发放经济援助金
【思考过程】：",BC,Doubao-1.5-Thinking,"【思考过程】：安宁疗护的核心是为终末期患者及其家属提供身心支持，患者离世后，机构的义务主要围绕协助家属处理后续事宜及心理支持。选项A“全权负责葬礼流程设计”不符合实际，葬礼安排通常由家属主导，机构不会全权负责；选项B“协助相关第三方完成殡葬事宜”属于机构协助家属处理实际事务的合理义务；选项C“为家属提供哀伤心理辅导”是安宁疗护中对家属心理支持的延续，符合要求；选项D“发放经济援助金”非机构常规义务，经济支持通常由其他社会资源提供。因此，正确选项为B和C。

【最终答案】：BC",客观题,BC
医患关系,"你是一个严格按照要求答题的医学考试考生。请你先展示出完整的思考过程，然后再输出最终答案。每道题目有至少两个选项（A、B）至多五个选项（A、B、C、D、E），题目为不定项选择题，请按照以下格式作答：

【思考过程】：...

【最终答案】：AB / BCE / CD / DE / E / ...（只输出选项的编号，不要写选项内容）

示例：
题目：医疗伦理中四大基本原则是？
A.尊重自主权
B.善意行为
C.无害原则
D.公正原则
E.以上都不是
【思考过程】：本题考查医学伦理的四大基本原则，包括尊重自主权、不伤害原则、行善原则、公正原则。

【最终答案】：ABCD

题目：以下哪项措施最符合“加强评估和观察，防范意外”的要求？
A.在值班护士交班时集中检查体征
B.每天定时进行两次综合评估并记录行为异常风险
C.仅在患者主诉不适时安排专科医师会诊
D.要求家属每12小时提交书面病情报告
E.安装离床报警系统并实时监测睡眠状态
【思考过程】：",BE,Doubao-1.5-Thinking,"要确定哪项措施最符合“加强评估和观察，防范意外”的要求，需逐一分析各选项：

- **选项A**：值班护士交班时集中检查体征。仅在特定时间点（交班时）检查，无法覆盖日常持续观察，不能有效加强评估和观察，不符合要求。  
- **选项B**：每天定时两次综合评估并记录行为异常风险。通过定期综合评估（主动评估）和记录风险（提前防范），属于系统性加强评估以防范意外，符合“加强评估”的要求。  
- **选项C**：仅在患者主诉不适时安排专科医师会诊。被动等待患者主诉，可能遗漏无法表达不适的情况（如意识障碍患者），无法主动加强评估和观察，不符合要求。  
- **选项D**：要求家属每12小时提交书面病情报告。家属缺乏专业评估能力，报告准确性和可靠性不足，并非专业的评估或观察措施，不符合要求。  
- **选项E**：安装离床报警系统并实时监测睡眠状态。通过技术手段实时监测（持续观察）患者离床和睡眠状态，可及时发现异常（如跌倒、走失风险），直接防范意外，符合“加强观察”的要求。  

题目要求“加强评估和观察”，B（定期评估）和E（实时观察）分别对应“评估”和“观察”两个核心环节。但“最符合”需优先考虑直接性：E通过实时监测能更及时防范意外（如离床跌倒），而B的定期评估存在间隔期可能遗漏风险。因此，**E更贴合“加强观察，防范意外”的核心**。

【思考过程】：需选择最符合“加强评估和观察，防范意外”的措施。选项A仅交班时检查，无法持续观察；C被动等待主诉，不主动；D依赖家属不可靠。B通过定期评估记录风险，属于加强评估；E通过实时监测（离床报警、睡眠监测）加强观察，直接防范意外。E的实时监测更能及时发现异常，最符合要求。

【最终答案】：E",客观题,E
医患关系,"你是一个严格按照要求答题的医学考试考生。请你先展示出完整的思考过程，然后再输出最终答案。每道题目有至少两个选项（A、B）至多五个选项（A、B、C、D、E），题目为不定项选择题，请按照以下格式作答：

【思考过程】：...

【最终答案】：AB / BCE / CD / DE / E / ...（只输出选项的编号，不要写选项内容）

示例：
题目：医疗伦理中四大基本原则是？
A.尊重自主权
B.善意行为
C.无害原则
D.公正原则
E.以上都不是
【思考过程】：本题考查医学伦理的四大基本原则，包括尊重自主权、不伤害原则、行善原则、公正原则。

【最终答案】：ABCD

题目：根据相关规定，对有自残、自杀倾向的安宁疗护服务对象应采取哪些措施？
A.早预防
B.早诊断
C.早发现
D.早干预
E.早治疗
【思考过程】：",ACD,Doubao-1.5-Thinking,"【思考过程】：安宁疗护中针对有自残、自杀倾向的服务对象，核心措施需围绕风险控制与及时应对。根据相关规定，重点在于早期预防（降低风险发生概率）、早期发现（及时识别潜在风险）及早期干预（采取行动阻止伤害发生）。“早诊断”通常针对疾病本身的确诊，非直接针对自杀倾向的干预措施；“早治疗”更多指向疾病的治愈性处理，而安宁疗护更侧重支持性照护，故不选。因此，正确措施为早预防、早发现、早干预。

【最终答案】：ACD",客观题,ACD
医患关系,"你是一个严格按照要求答题的医学考试考生。请你先展示出完整的思考过程，然后再输出最终答案。每道题目有至少两个选项（A、B）至多五个选项（A、B、C、D、E），题目为不定项选择题，请按照以下格式作答：

【思考过程】：...

【最终答案】：AB / BCE / CD / DE / E / ...（只输出选项的编号，不要写选项内容）

示例：
题目：医疗伦理中四大基本原则是？
A.尊重自主权
B.善意行为
C.无害原则
D.公正原则
E.以上都不是
【思考过程】：本题考查医学伦理的四大基本原则，包括尊重自主权、不伤害原则、行善原则、公正原则。

【最终答案】：ABCD

题目：以下哪些服务属于安宁疗护的规范化服务内容？
A.医疗干预服务
B.日常护理服务
C.心理咨询服务
D.法律纠纷调解服务
E.营养强化补充服务
【思考过程】：",ABC,Doubao-1.5-Thinking,"【思考过程】：安宁疗护的核心是为终末期患者提供身体、心理、精神等多维度的照护，以缓解痛苦、提高生活质量。其规范化服务内容通常包括：  
- **医疗干预服务（A）**：如疼痛管理、症状控制等，属于基础医疗支持；  
- **日常护理服务（B）**：包括清洁、翻身、喂饭等基础生活护理；  
- **心理咨询服务（C）**：针对患者及家属的焦虑、抑郁等情绪提供心理支持；  
- **法律纠纷调解服务（D）**：不属于安宁疗护常规规范化服务内容，更多涉及专业法律领域；  
- **营养强化补充服务（E）**：安宁疗护以“按需支持”为原则，而非刻意“强化补充”，因此不列为规范化服务。  

【最终答案】：ABC",客观题,ABC
医患关系,"你是一个严格按照要求答题的医学考试考生。请你先展示出完整的思考过程，然后再输出最终答案。每道题目有至少两个选项（A、B）至多五个选项（A、B、C、D、E），题目为不定项选择题，请按照以下格式作答：

【思考过程】：...

【最终答案】：AB / BCE / CD / DE / E / ...（只输出选项的编号，不要写选项内容）

示例：
题目：医疗伦理中四大基本原则是？
A.尊重自主权
B.善意行为
C.无害原则
D.公正原则
E.以上都不是
【思考过程】：本题考查医学伦理的四大基本原则，包括尊重自主权、不伤害原则、行善原则、公正原则。

【最终答案】：ABCD

题目：以下哪项做法符合安宁疗护的伦理要求？
A. 根据老年患者本人意愿制定护理计划
B. 完全按照老年人家属要求实施治疗
C. 综合老年人与家属意愿提供全面照护以提高临终生活质量
D. 以延长生存时间为目标采取积极抢救措施
E. 在家属反对时根据患者意愿停止心理支持
【思考过程】：",C,Doubao-1.5-Thinking,"安宁疗护的核心伦理要求是尊重患者自主权、关注临终生活质量、提供身心社灵全面照护，而非以延长生存时间为目标。分析各选项：  
- 选项A：尊重患者本人意愿制定护理计划，符合安宁疗护尊重自主权的原则。  
- 选项B：“完全按照家属要求”忽视患者本人意愿，违背自主权原则。  
- 选项C：综合患者与家属意愿，以提高临终生活质量为目标，符合安宁疗护的全面照护要求。  
- 选项D：以延长生存时间为目标的积极抢救，与安宁疗护“提高生活质量”的核心目标相悖。  
- 选项E：家属反对时停止患者需要的心理支持，既不符合患者利益，也违背安宁疗护的照护原则。  

【思考过程】：安宁疗护强调尊重患者自主权、提高临终生活质量及全面照护。A尊重患者意愿，符合伦理；C综合患者与家属意愿并以提高生活质量为目标，符合要求；B完全依从家属、D以延长生存为目标、E停止心理支持均不符合伦理要求。

【最终答案】：AC",客观题,AC
医患关系,"你是一个严格按照要求答题的医学考试考生。请你先展示出完整的思考过程，然后再输出最终答案。每道题目有至少两个选项（A、B）至多五个选项（A、B、C、D、E），题目为不定项选择题，请按照以下格式作答：

【思考过程】：...

【最终答案】：AB / BCE / CD / DE / E / ...（只输出选项的编号，不要写选项内容）

示例：
题目：医疗伦理中四大基本原则是？
A.尊重自主权
B.善意行为
C.无害原则
D.公正原则
E.以上都不是
【思考过程】：本题考查医学伦理的四大基本原则，包括尊重自主权、不伤害原则、行善原则、公正原则。

【最终答案】：ABCD

题目：在安宁疗护过程中，以下哪些做法符合“尊重老年人人格并维护其个人权益，保护其隐私”的要求？
A.向家属隐瞒老年人的真实病情以回避纠纷，B.在疗护计划制定时征求老年人本人意见，C.允许护工在未取得授权时向社区人员报告患者用药情况，D.在公共区域讨论病情时主动隐去患者姓名，E.因护理需要将老年人约束带固定在床
【思考过程】：",BD,Doubao-1.5-Thinking,"【思考过程】：本题需判断安宁疗护中哪些做法符合“尊重老年人人格并维护其个人权益，保护其隐私”的要求。  
- 选项A：向家属隐瞒病情以回避纠纷，侵犯了老年人的知情权，不符合尊重权益的要求。  
- 选项B：制定疗护计划时征求老年人本人意见，体现了尊重其自主权和人格，符合要求。  
- 选项C：护工未授权向社区报告用药情况，属于泄露隐私，不符合保护隐私的要求。  
- 选项D：公共区域讨论病情时隐去患者姓名，是保护隐私的具体措施，符合要求。  
- 选项E：因护理需要约束老年人，可能限制其自由，违背维护人格尊严的原则，不符合要求。  

【最终答案】：BD",客观题,BD
医患关系,"你是一个严格按照要求答题的医学考试考生。请你先展示出完整的思考过程，然后再输出最终答案。每道题目有至少两个选项（A、B）至多五个选项（A、B、C、D、E），题目为不定项选择题，请按照以下格式作答：

【思考过程】：...

【最终答案】：AB / BCE / CD / DE / E / ...（只输出选项的编号，不要写选项内容）

示例：
题目：医疗伦理中四大基本原则是？
A.尊重自主权
B.善意行为
C.无害原则
D.公正原则
E.以上都不是
【思考过程】：本题考查医学伦理的四大基本原则，包括尊重自主权、不伤害原则、行善原则、公正原则。

【最终答案】：ABCD

题目：在安宁疗护服务中，以下哪项不属于服务人员应具备的素质和职责要求？
A.尊重老年人隐私
B.定期向家属详细汇报病人每日情况
C.语言亲切、有礼
D.工作耐心、细致
E.富有爱心和同情心
【思考过程】：",B,Doubao-1.5-Thinking,"【思考过程】：安宁疗护的核心是提高临终患者的生活质量，尊重患者意愿并提供身心支持。服务人员需具备尊重隐私（A）、亲切有礼（C）、耐心细致（D）、富有爱心和同情心（E）等素质。对于选项B，安宁疗护中与家属的沟通需基于必要信息（如病情变化），而非“定期详细汇报每日情况”，这可能涉及过度干预或侵犯患者隐私，因此不属于必须的职责要求。

【最终答案】：B",客观题,B
医患关系,"你是一个严格按照要求答题的医学考试考生。请你先展示出完整的思考过程，然后再输出最终答案。每道题目有至少两个选项（A、B）至多五个选项（A、B、C、D、E），题目为不定项选择题，请按照以下格式作答：

【思考过程】：...

【最终答案】：AB / BCE / CD / DE / E / ...（只输出选项的编号，不要写选项内容）

示例：
题目：医疗伦理中四大基本原则是？
A.尊重自主权
B.善意行为
C.无害原则
D.公正原则
E.以上都不是
【思考过程】：本题考查医学伦理的四大基本原则，包括尊重自主权、不伤害原则、行善原则、公正原则。

【最终答案】：ABCD

题目：对疼痛老年人进行护理时，需要评估以下哪些内容？
A.疼痛程度
B.疼痛类型
C.患者睡眠质量
D.疼痛部位
E.持续时间
【思考过程】：",ADE,Doubao-1.5-Thinking,"【思考过程】：对疼痛老年人进行护理时，全面评估是关键。疼痛程度（A）是判断疼痛严重性的核心指标，常用评分工具如数字评分法评估；疼痛类型（B）（如锐痛、钝痛等）有助于分析病因；患者睡眠质量（C）因疼痛常影响睡眠，而睡眠不足会加重疼痛，需评估；疼痛部位（D）是定位可能病变的基础；持续时间（E）区分急性或慢性疼痛，对治疗方案制定有重要意义。因此，所有选项均需评估。

【最终答案】：ABCDE",客观题,ABCDE
医患关系,"你是一个严格按照要求答题的医学考试考生。请你先展示出完整的思考过程，然后再输出最终答案。每道题目有至少两个选项（A、B）至多五个选项（A、B、C、D、E），题目为不定项选择题，请按照以下格式作答：

【思考过程】：...

【最终答案】：AB / BCE / CD / DE / E / ...（只输出选项的编号，不要写选项内容）

示例：
题目：医疗伦理中四大基本原则是？
A.尊重自主权
B.善意行为
C.无害原则
D.公正原则
E.以上都不是
【思考过程】：本题考查医学伦理的四大基本原则，包括尊重自主权、不伤害原则、行善原则、公正原则。

【最终答案】：ABCD

题目：当安宁疗护中的老年患者出现严重心理问题时，以下哪项处理方式符合法律规定？
A.由家属进行心理疏导
B.由护工定期给予情绪支持
C.由护士尝试安慰沟通
D.转介至专业心理治疗师
E.暂不干预并观察两周
【思考过程】：",D,Doubao-1.5-Thinking,"【思考过程】：安宁疗护的核心是关注患者的整体福祉，包括心理和精神层面。当老年患者出现严重心理问题时，需遵循专业干预原则。选项A（家属疏导）和B（护工支持）缺乏专业资质；C（护士安慰）虽能初步沟通，但严重问题需更专业处理；E（暂不干预）可能延误治疗，不符合患者利益。根据相关法律及实践指南，严重心理问题应转介至专业心理治疗师（D），以确保患者获得有效干预。

【最终答案】：D",客观题,D
医患关系,"你是一个严格按照要求答题的医学考试考生。请你先展示出完整的思考过程，然后再输出最终答案。每道题目有至少两个选项（A、B）至多五个选项（A、B、C、D、E），题目为不定项选择题，请按照以下格式作答：

【思考过程】：...

【最终答案】：AB / BCE / CD / DE / E / ...（只输出选项的编号，不要写选项内容）

示例：
题目：医疗伦理中四大基本原则是？
A.尊重自主权
B.善意行为
C.无害原则
D.公正原则
E.以上都不是
【思考过程】：本题考查医学伦理的四大基本原则，包括尊重自主权、不伤害原则、行善原则、公正原则。

【最终答案】：ABCD

题目：以下哪种做法符合安宁疗护中对患者后事处理的规定？
A.完全根据医院标准化流程处理后事
B.依据老人的生前遗嘱和当地习俗指导家属
C.主治医生直接决定遗体处理方式
D.要求家属必须达成统一处理意见后实施
【思考过程】：",B,Doubao-1.5-Thinking,"【思考过程】：安宁疗护强调尊重患者的意愿和尊严，注重以患者为中心，同时兼顾家属需求和文化习俗。分析各选项：A选项“完全根据医院标准化流程处理后事”未考虑患者个体意愿和当地习俗，不符合安宁疗护原则；B选项“依据老人的生前遗嘱和当地习俗指导家属”既尊重患者生前意愿（遗嘱），又兼顾文化习俗，符合规定；C选项“主治医生直接决定遗体处理方式”忽视了患者和家属的自主权，不符合要求；D选项“要求家属必须达成统一处理意见后实施”过于强制，且未优先考虑患者意愿，不符合安宁疗护的人文关怀原则。

【最终答案】：B",客观题,B
医患关系,"你是一个严格按照要求答题的医学考试考生。请你先展示出完整的思考过程，然后再输出最终答案。每道题目有至少两个选项（A、B）至多五个选项（A、B、C、D、E），题目为不定项选择题，请按照以下格式作答：

【思考过程】：...

【最终答案】：AB / BCE / CD / DE / E / ...（只输出选项的编号，不要写选项内容）

示例：
题目：医疗伦理中四大基本原则是？
A.尊重自主权
B.善意行为
C.无害原则
D.公正原则
E.以上都不是
【思考过程】：本题考查医学伦理的四大基本原则，包括尊重自主权、不伤害原则、行善原则、公正原则。

【最终答案】：ABCD

题目：以下哪项属于允许入住关怀区的老人需满足的条件之一？
A.经医疗机构诊断为癌症中期的患者
B.各种原因导致单器官衰竭的老人
C.预计存活期超过1年的其他疾病失代偿期患者
D.居家老人生命末期无服务需求者
E.器官衰竭治疗有效且存活期超过6个月的老人
【思考过程】：",B,Doubao-1.5-Thinking,"【思考过程】：本题考查关怀区（如安宁疗护）的入住条件。通常，关怀区主要针对生命末期、预计生存期较短（一般不超过6个月）且需要照护的患者。逐一分析选项：  
- 选项A：癌症中期患者可能仍有治疗机会，生存期较长，不符合终末期标准。  
- 选项B：单器官衰竭的老人若处于终末期（失代偿、无法逆转），符合关怀区针对终末期患者的条件。  
- 选项C：预计存活期超过1年的患者生存期过长，不符合关怀区短期照护的目标。  
- 选项D：生命末期无服务需求者无需入住关怀区。  
- 选项E：器官衰竭治疗有效且存活期超过6个月，说明病情稳定，无需临终关怀。  

因此，符合条件的为选项B。

【最终答案】：B",客观题,B
医患关系,"你是一个严格按照要求答题的医学考试考生。请你先展示出完整的思考过程，然后再输出最终答案。每道题目有至少两个选项（A、B）至多五个选项（A、B、C、D、E），题目为不定项选择题，请按照以下格式作答：

【思考过程】：...

【最终答案】：AB / BCE / CD / DE / E / ...（只输出选项的编号，不要写选项内容）

示例：
题目：医疗伦理中四大基本原则是？
A.尊重自主权
B.善意行为
C.无害原则
D.公正原则
E.以上都不是
【思考过程】：本题考查医学伦理的四大基本原则，包括尊重自主权、不伤害原则、行善原则、公正原则。

【最终答案】：ABCD

题目：根据安宁疗护关怀科/室设置规范，以下哪些区域必须设置？（多选）
A.临终服务区
B.家属陪伴室
C.宗教信仰活动厅
D.工作服务辅助区（配备临终舒缓医疗物品）
E.重症监护室
【思考过程】：",BD,Doubao-1.5-Thinking,"【思考过程】：根据安宁疗护的核心目标（为终末期患者提供疼痛管理、症状控制及心理社会支持）及相关设置规范，需分析各选项的必要性：  
- **A.临终服务区**：是直接为患者提供安宁疗护服务的核心区域，属于必须设置。  
- **B.家属陪伴室**：安宁疗护强调家属参与，需为家属提供陪伴患者的空间，属于必须设置。  
- **C.宗教信仰活动厅**：虽可能满足部分患者需求，但非规范强制要求的必须区域。  
- **D.工作服务辅助区（配备临终舒缓医疗物品）**：是医护人员开展工作的必要支持区域（如存放舒缓治疗物品），属于必须设置。  
- **E.重症监护室（ICU）**：安宁疗护以舒缓治疗为主，不强调生命支持，无需设置ICU。  

【最终答案】：ABD",客观题,ABD
医患关系,"你是一个严格按照要求答题的医学考试考生。请你先展示出完整的思考过程，然后再输出最终答案。每道题目有至少两个选项（A、B）至多五个选项（A、B、C、D、E），题目为不定项选择题，请按照以下格式作答：

【思考过程】：...

【最终答案】：AB / BCE / CD / DE / E / ...（只输出选项的编号，不要写选项内容）

示例：
题目：医疗伦理中四大基本原则是？
A.尊重自主权
B.善意行为
C.无害原则
D.公正原则
E.以上都不是
【思考过程】：本题考查医学伦理的四大基本原则，包括尊重自主权、不伤害原则、行善原则、公正原则。

【最终答案】：ABCD

题目：以下哪种做法不符合安宁疗护中对老人的首要目标？
A.全程监测疼痛评分并调整药物剂量
B.为呼吸困难患者提供氧疗支持
C.定期评估胃肠不适并给予营养干预
D.制定积极治疗方案以延长生存期
【思考过程】：",D,Doubao-1.5-Thinking,"【思考过程】：安宁疗护的首要目标是缓解患者痛苦、提高生活质量，而非通过积极治疗延长生存期。选项A（监测疼痛并调整药物）、B（氧疗支持呼吸困难）、C（评估胃肠不适并营养干预）均属于缓解症状、改善生活质量的措施，符合安宁疗护目标。选项D（制定积极治疗方案延长生存期）属于以治愈或延长生命为导向的治疗，不符合安宁疗护的首要目标。

【最终答案】：D",客观题,D
医患关系,"你是一个严格按照要求答题的医学考试考生。请你先展示出完整的思考过程，然后再输出最终答案。每道题目有至少两个选项（A、B）至多五个选项（A、B、C、D、E），题目为不定项选择题，请按照以下格式作答：

【思考过程】：...

【最终答案】：AB / BCE / CD / DE / E / ...（只输出选项的编号，不要写选项内容）

示例：
题目：医疗伦理中四大基本原则是？
A.尊重自主权
B.善意行为
C.无害原则
D.公正原则
E.以上都不是
【思考过程】：本题考查医学伦理的四大基本原则，包括尊重自主权、不伤害原则、行善原则、公正原则。

【最终答案】：ABCD

题目：以下哪项行为违反了安宁疗护服务人员的伦理要求？
A.将老人的病情细节告知未经其同意的家属
B.要求所有老人按照统一作息时间生活
C.在病历中详细记录老人的生活习惯但不与第三方分享
D.根据家属要求调整老人的镇痛药物剂量
【思考过程】：",AB,Doubao-1.5-Thinking,"【思考过程】：安宁疗护的伦理要求核心包括尊重患者自主权、保护隐私、维护尊严、提供个性化照护等。  
- 选项A：患者病情细节属于个人隐私，未经患者同意告知家属，违反隐私保护原则。  
- 选项B：强制统一作息时间忽视患者个体差异和生活习惯，侵犯患者自主权和尊严。  
- 选项C：记录生活习惯是为提供个性化照护，不与第三方分享符合隐私保护，符合伦理。  
- 选项D：调整镇痛药物应基于患者需求和医疗判断，仅根据家属要求可能忽视患者意愿，违反以患者为中心的原则。  

【最终答案】：ABD",客观题,ABD
医患关系,"你是一个严格按照要求答题的医学考试考生。请你先展示出完整的思考过程，然后再输出最终答案。每道题目有至少两个选项（A、B）至多五个选项（A、B、C、D、E），题目为不定项选择题，请按照以下格式作答：

【思考过程】：...

【最终答案】：AB / BCE / CD / DE / E / ...（只输出选项的编号，不要写选项内容）

示例：
题目：医疗伦理中四大基本原则是？
A.尊重自主权
B.善意行为
C.无害原则
D.公正原则
E.以上都不是
【思考过程】：本题考查医学伦理的四大基本原则，包括尊重自主权、不伤害原则、行善原则、公正原则。

【最终答案】：ABCD

题目：下列哪几项符合安宁疗护中对患者后事处理的相关要求？
A.完全按家属意愿处理后事
B.提前按老人遗愿备好衣物
C.参考合理的民风民俗操作
D.要求全体家属到场并签字同意
E.对处理过程进行详细消毒杀菌指导
【思考过程】：",BCE,Doubao-1.5-Thinking,"【思考过程】：安宁疗护中对患者后事处理需遵循尊重患者意愿、兼顾文化习俗、保障卫生安全等原则。分析各选项：  
- 选项A“完全按家属意愿处理后事”错误，因需在合理范围内尊重意愿，而非“完全”，可能忽略法律或公共卫生要求。  
- 选项B“提前按老人遗愿备好衣物”正确，尊重患者遗愿是安宁疗护的核心原则之一。  
- 选项C“参考合理的民风民俗操作”正确，处理后事需兼顾当地合理的文化习俗，体现人文关怀。  
- 选项D“要求全体家属到场并签字同意”错误，实际中可能存在家属无法到场的情况，不应强制要求全体。  
- 选项E“对处理过程进行详细消毒杀菌指导”正确，需保障卫生安全，避免感染风险。  

【最终答案】：BCE",客观题,BCE
医患关系,"你是一个严格按照要求答题的医学考试考生。请你先展示出完整的思考过程，然后再输出最终答案。每道题目有至少两个选项（A、B）至多五个选项（A、B、C、D、E），题目为不定项选择题，请按照以下格式作答：

【思考过程】：...

【最终答案】：AB / BCE / CD / DE / E / ...（只输出选项的编号，不要写选项内容）

示例：
题目：医疗伦理中四大基本原则是？
A.尊重自主权
B.善意行为
C.无害原则
D.公正原则
E.以上都不是
【思考过程】：本题考查医学伦理的四大基本原则，包括尊重自主权、不伤害原则、行善原则、公正原则。

【最终答案】：ABCD

题目：下列哪些做法不符合安宁疗护中遗体料理的操作规范？
A.使用医用消毒剂清洁逝者身体表面
B.根据家属要求将逝者头部垫高至45度
C.遗体料理过程中与其他医护轻声讨论下午工作安排
D.为保持自然形态使用软枕支撑逝者腰背部
【思考过程】：",BC,Doubao-1.5-Thinking,"【思考过程】：安宁疗护中遗体料理需遵循尊重逝者、保持尊严、规范操作的原则。分析各选项：  
- 选项A：使用医用消毒剂清洁身体表面可防止感染，符合规范。  
- 选项B：根据家属要求调整头部高度（如垫高至45度）是尊重家属意愿的体现，符合人文关怀原则。  
- 选项C：料理过程中讨论无关工作安排（如“下午工作”），是对逝者的不尊重，违反遗体料理的严肃性要求，不符合规范。  
- 选项D：使用软枕支撑腰背部以保持自然形态，属于规范操作，符合保持遗体尊严的要求。 

【最终答案】：C",客观题,C
医患关系,"你是一个严格按照要求答题的医学考试考生。请你先展示出完整的思考过程，然后再输出最终答案。每道题目有至少两个选项（A、B）至多五个选项（A、B、C、D、E），题目为不定项选择题，请按照以下格式作答：

【思考过程】：...

【最终答案】：AB / BCE / CD / DE / E / ...（只输出选项的编号，不要写选项内容）

示例：
题目：医疗伦理中四大基本原则是？
A.尊重自主权
B.善意行为
C.无害原则
D.公正原则
E.以上都不是
【思考过程】：本题考查医学伦理的四大基本原则，包括尊重自主权、不伤害原则、行善原则、公正原则。

【最终答案】：ABCD

题目：以下哪些内容属于安宁疗护的管理要求？
A.制定安宁疗护操作规程
B.建立绩效考核激励机制
C.明确工作人员岗位职责
D.落实安全管理和感染防控措施
E.制定后勤保障制度
【思考过程】：",ACD,Doubao-1.5-Thinking,"【思考过程】：安宁疗护的管理要求需涵盖制度建设、人员管理、安全保障及后勤支持等多方面。根据相关规范，制定操作规程（A）是确保服务标准化的基础；明确岗位职责（C）是管理的基本要求；落实安全与感染防控（D）是医疗场所的必要措施；建立绩效考核机制（B）可激励工作人员提升服务质量；制定后勤保障制度（E）能保障物资、环境等支持。因此，以上选项均属于安宁疗护的管理要求。

【最终答案】：ABCDE",客观题,ABCDE
医患关系,"你是一个严格按照要求答题的医学考试考生。请你先展示出完整的思考过程，然后再输出最终答案。每道题目有至少两个选项（A、B）至多五个选项（A、B、C、D、E），题目为不定项选择题，请按照以下格式作答：

【思考过程】：...

【最终答案】：AB / BCE / CD / DE / E / ...（只输出选项的编号，不要写选项内容）

示例：
题目：医疗伦理中四大基本原则是？
A.尊重自主权
B.善意行为
C.无害原则
D.公正原则
E.以上都不是
【思考过程】：本题考查医学伦理的四大基本原则，包括尊重自主权、不伤害原则、行善原则、公正原则。

【最终答案】：ABCD

题目：根据相关规定，建立安宁疗护质量管理体系时需要包括以下哪些要求？
A.落实质量控制措施
B.依托省级安宁疗护服务管理部门执行
C.遵循诊疗护理相关指南
D.以经济效益为核心考核指标
E.体现人文关怀
【思考过程】：",ACE,Doubao-1.5-Thinking,"【思考过程】：建立安宁疗护质量管理体系需依据相关规范要求。分析各选项：  
- 选项A“落实质量控制措施”：质量管理体系的核心是通过具体措施保障服务质量，符合要求。  
- 选项B“依托省级安宁疗护服务管理部门执行”：质量管理体系通常由机构自身建立，而非必须依托省级部门，不符合。  
- 选项C“遵循诊疗护理相关指南”：遵循规范和指南是确保服务标准化的基础，符合要求。  
- 选项D“以经济效益为核心考核指标”：安宁疗护以患者舒适和人文关怀为核心，非经济效益，不符合。  
- 选项E“体现人文关怀”：安宁疗护强调对患者及家属的心理支持和人文关怀，是质量体系的重要组成，符合要求。  

【最终答案】：ACE",客观题,ACE
医患关系,"你是一个严格按照要求答题的医学考试考生。请你先展示出完整的思考过程，然后再输出最终答案。每道题目有至少两个选项（A、B）至多五个选项（A、B、C、D、E），题目为不定项选择题，请按照以下格式作答：

【思考过程】：...

【最终答案】：AB / BCE / CD / DE / E / ...（只输出选项的编号，不要写选项内容）

示例：
题目：医疗伦理中四大基本原则是？
A.尊重自主权
B.善意行为
C.无害原则
D.公正原则
E.以上都不是
【思考过程】：本题考查医学伦理的四大基本原则，包括尊重自主权、不伤害原则、行善原则、公正原则。

【最终答案】：ABCD

题目：以下哪些属于安宁疗护服务原则中明确的导向？
A.以医护人员专业判断为中心
B.患者自愿
C.尊重患者
D.平等公正
E.最大化利用医疗资源
【思考过程】：",BCD,Doubao-1.5-Thinking,"【思考过程】：安宁疗护（临终关怀）的服务原则以患者为中心，强调尊重患者意愿、维护患者尊严及公平服务。选项A“以医护人员专业判断为中心”不符合安宁疗护“以患者为中心”的核心导向；选项B“患者自愿”是尊重患者自主权的体现，符合原则；选项C“尊重患者”是维护患者尊严的基础，属于明确导向；选项D“平等公正”确保所有符合条件的患者获得公平服务，是基本原则之一；选项E“最大化利用医疗资源”与安宁疗护“缓解痛苦、提高生活质量”的目标相悖，不强调过度医疗资源使用。

【最终答案】：BCD",客观题,BCD
医患关系,"你是一个严格按照要求答题的医学考试考生。请你先展示出完整的思考过程，然后再输出最终答案。每道题目有至少两个选项（A、B）至多五个选项（A、B、C、D、E），题目为不定项选择题，请按照以下格式作答：

【思考过程】：...

【最终答案】：AB / BCE / CD / DE / E / ...（只输出选项的编号，不要写选项内容）

示例：
题目：医疗伦理中四大基本原则是？
A.尊重自主权
B.善意行为
C.无害原则
D.公正原则
E.以上都不是
【思考过程】：本题考查医学伦理的四大基本原则，包括尊重自主权、不伤害原则、行善原则、公正原则。

【最终答案】：ABCD

题目：以下哪项属于安宁疗护的舒适照护内容？
A.三阶梯镇痛服务
B.病室环境管理
C.化疗护理计划
D.静脉导管维护
E.中医药食疗服务
【思考过程】：",BD,Doubao-1.5-Thinking,"安宁疗护的核心是通过疼痛管理、症状控制和环境支持等方式提升终末期患者的生活质量，重点在于“舒适照护”而非治愈性治疗。分析各选项：  
- **A. 三阶梯镇痛服务**：三阶梯镇痛是WHO推荐的疼痛管理标准方法，直接缓解患者痛苦，属于舒适照护核心内容。  
- **B. 病室环境管理**：良好的环境（如安静、整洁、温湿度适宜）能改善患者身心舒适度，是舒适照护的重要组成部分。  
- **C. 化疗护理计划**：化疗属于治愈性治疗手段，安宁疗护不强调此类干预，因此不属于舒适照护。  
- **D. 静脉导管维护**：导管维护属于基础护理操作，但其目的若为支持治疗（如化疗）则偏离舒适照护；若仅为维持营养或缓解症状，可能涉及基础护理，但非直接提升舒适度的核心内容，故不选。  
- **E. 中医药食疗服务**：中医药和食疗可通过调理身体状态（如改善食欲、缓解恶心）提升患者舒适度，属于支持性舒适照护。  

【思考过程】：安宁疗护的舒适照护重点在于缓解痛苦、改善环境和支持性护理。三阶梯镇痛（A）直接控制疼痛，病室环境管理（B）提升环境舒适度，中医药食疗（E）通过调理改善状态，均符合舒适照护；化疗护理（C）属于治疗性干预，静脉导管维护（D）非核心舒适措施，故排除。

【最终答案】：ABE",客观题,ABE
医患关系,"你是一个严格按照要求答题的医学考试考生。请你先展示出完整的思考过程，然后再输出最终答案。每道题目有至少两个选项（A、B）至多五个选项（A、B、C、D、E），题目为不定项选择题，请按照以下格式作答：

【思考过程】：...

【最终答案】：AB / BCE / CD / DE / E / ...（只输出选项的编号，不要写选项内容）

示例：
题目：医疗伦理中四大基本原则是？
A.尊重自主权
B.善意行为
C.无害原则
D.公正原则
E.以上都不是
【思考过程】：本题考查医学伦理的四大基本原则，包括尊重自主权、不伤害原则、行善原则、公正原则。

【最终答案】：ABCD

题目：在安宁疗护中，服务协议的签署要求是以下哪一种？
A.只需患者本人签署即可
B.患者意识不清时由家属单独签署
C.患者与家属双方均知情同意并自愿签署
D.无需签署口头承诺即可
【思考过程】：",C,Doubao-1.5-Thinking,"【思考过程】：安宁疗护强调尊重患者的自主权和知情同意权，同时需要家属的理解与支持。服务协议的签署需确保患者（若意识清醒、具备完全民事行为能力）与家属双方均充分知情并自愿同意，以保障患者权益和治疗的顺利实施。选项A仅要求患者本人签署，未考虑家属的参与；选项B中“家属单独签署”不符合“双方知情同意”的原则；选项D“无需签署”不符合规范要求；选项C明确双方均需知情同意并自愿签署，符合安宁疗护的伦理和实践要求。

【最终答案】：C",客观题,C
医患关系,"你是一个严格按照要求答题的医学考试考生。请你先展示出完整的思考过程，然后再输出最终答案。每道题目有至少两个选项（A、B）至多五个选项（A、B、C、D、E），题目为不定项选择题，请按照以下格式作答：

【思考过程】：...

【最终答案】：AB / BCE / CD / DE / E / ...（只输出选项的编号，不要写选项内容）

示例：
题目：医疗伦理中四大基本原则是？
A.尊重自主权
B.善意行为
C.无害原则
D.公正原则
E.以上都不是
【思考过程】：本题考查医学伦理的四大基本原则，包括尊重自主权、不伤害原则、行善原则、公正原则。

【最终答案】：ABCD

题目：根据相关法规，哪种情况的患者符合安宁疗护准入条件？
A. 经社区卫生服务中心医师评估为终末期，预计生存期≤6个月  
B. 三级甲等医院主治医师诊断为晚期恶性肿瘤，预计生存期≤1年  
C. 二级医院多学科团队确诊的不可治愈疾病患者，预生存期≤1年  
D. 经三级医院专科医生评估的终末期患者，预生存期≤9个月  
E. 二级及以上医疗机构多学科评估的不可治愈疾病晚期患者，预生存期≤6个月
【思考过程】：",E,Doubao-1.5-Thinking,"要确定符合安宁疗护准入条件的选项，需依据相关法规（如《安宁疗护实践指南（试行）》）的核心要求：  
1. **评估机构级别**：需由二级及以上医疗机构评估（社区卫生服务中心级别不足）；  
2. **疾病状态**：不可治愈的终末期疾病（如晚期恶性肿瘤或其他慢性终末期疾病）；  
3. **预计生存期**：恶性肿瘤患者通常≤6个月，非恶性慢性终末期患者一般≤12个月；  
4. **评估方式**：需由相关专科或多学科团队评估（单一专科医生可能不符合多学科要求）。  

**选项分析**：  
- **A**：社区卫生服务中心级别不足（需二级及以上），不符合。  
- **B**：晚期恶性肿瘤预计生存期≤1年（恶性肿瘤需≤6个月），不符合。  
- **C**：二级医院多学科团队评估符合机构和评估方式，但预生存期≤1年仅适用于非恶性慢性终末期患者，题目未明确限定为非恶性，且“不可治愈疾病”范围模糊，不符合严格标准。  
- **D**：三级医院专科医生评估（非多学科团队），且预生存期≤9个月（超过恶性肿瘤≤6个月的要求），不符合。  
- **E**：二级及以上医疗机构多学科评估（符合机构和评估方式）、不可治愈疾病晚期（符合疾病状态）、预生存期≤6个月（符合恶性或非恶性患者的生存期要求），完全符合。  

【思考过程】：根据安宁疗护准入条件，需满足二级及以上机构评估、不可治愈终末期疾病、生存期限制（恶性≤6个月，非恶性≤12个月）及多学科评估。选项E完全符合所有条件，其余选项或机构级别不足、生存期过长或评估方式不规范。

【最终答案】：E",客观题,E
医患关系,"你是一个严格按照要求答题的医学考试考生。请你先展示出完整的思考过程，然后再输出最终答案。每道题目有至少两个选项（A、B）至多五个选项（A、B、C、D、E），题目为不定项选择题，请按照以下格式作答：

【思考过程】：...

【最终答案】：AB / BCE / CD / DE / E / ...（只输出选项的编号，不要写选项内容）

示例：
题目：医疗伦理中四大基本原则是？
A.尊重自主权
B.善意行为
C.无害原则
D.公正原则
E.以上都不是
【思考过程】：本题考查医学伦理的四大基本原则，包括尊重自主权、不伤害原则、行善原则、公正原则。

【最终答案】：ABCD

题目：以下哪几项服务是安宁疗护中针对患者及家属情绪和心理问题必须提供的？（注：“必须提供”为实际规定内容）
A.心理治疗
B.心理咨询
C.心理疏导
D.心理支持
E.社会援助
【思考过程】：",BCD,Doubao-1.5-Thinking,"【思考过程】：安宁疗护的核心是为终末期患者及家属提供全面的支持，包括心理、社会和精神层面。题目要求确定针对情绪和心理问题“必须提供”的服务。根据国家相关指南（如《安宁疗护实践指南（试行）》），心理支持是安宁疗护的重要组成部分，具体包括对患者及家属的心理评估、疏导、情感支持等基础服务。  

- 选项A（心理治疗）：需要专业资质和特定场景，并非所有安宁疗护机构必须普遍提供，更多是根据需求转介。  
- 选项B（心理咨询）：属于针对心理问题的专业指导服务，是安宁疗护中心理支持的常规内容。  
- 选项C（心理疏导）：针对情绪问题的直接干预，是缓解患者及家属心理压力的基础服务，属于必须提供。  
- 选项D（心理支持）：涵盖情感陪伴、情绪安抚等广泛支持，是安宁疗护心理服务的核心内容，必须提供。  
- 选项E（社会援助）：涉及经济、资源等社会支持，不属于直接针对情绪和心理问题的服务。  

因此，必须提供的服务为心理咨询、心理疏导和心理支持。

【最终答案】：BCD",客观题,BCD
医患关系,"你是一个严格按照要求答题的医学考试考生。请你先展示出完整的思考过程，然后再输出最终答案。每道题目有至少两个选项（A、B）至多五个选项（A、B、C、D、E），题目为不定项选择题，请按照以下格式作答：

【思考过程】：...

【最终答案】：AB / BCE / CD / DE / E / ...（只输出选项的编号，不要写选项内容）

示例：
题目：医疗伦理中四大基本原则是？
A.尊重自主权
B.善意行为
C.无害原则
D.公正原则
E.以上都不是
【思考过程】：本题考查医学伦理的四大基本原则，包括尊重自主权、不伤害原则、行善原则、公正原则。

【最终答案】：ABCD

题目：在安宁疗护中，以下哪些做法符合伦理要求？
A.在患者知情同意下，向其配偶如实告知病情详情
B.未经患者许可，向社区志愿者公开患者的治疗过程
C.为所有疗护患者统一安排每周两次的心理健康讲座
D.未经家属授权收集患者抑郁症状数据用于研究
E.与患者沟通后，制定符合其信仰的精神抚慰方案
【思考过程】：",AE,Doubao-1.5-Thinking,"【思考过程】：安宁疗护的伦理要求主要包括尊重患者自主权、保护隐私、提供个体化关怀、确保知情同意等。  
- 选项A：患者知情同意下向配偶告知病情，尊重了患者的自主权，符合伦理要求。  
- 选项B：未经患者许可公开治疗过程，侵犯了患者隐私，不符合伦理。  
- 选项C：统一安排心理健康讲座未考虑患者个体化需求（如部分患者可能不愿参与），不符合个体化关怀原则。  
- 选项D：未经授权收集数据用于研究，违反知情同意原则，不符合伦理。  
- 选项E：与患者沟通后制定符合其信仰的精神抚慰方案，体现了尊重患者意愿和个体化关怀，符合伦理。  

【最终答案】：AE",客观题,AE
医患关系,"你是一个严格按照要求答题的医学考试考生。请你先展示出完整的思考过程，然后再输出最终答案。每道题目有至少两个选项（A、B）至多五个选项（A、B、C、D、E），题目为不定项选择题，请按照以下格式作答：

【思考过程】：...

【最终答案】：AB / BCE / CD / DE / E / ...（只输出选项的编号，不要写选项内容）

示例：
题目：医疗伦理中四大基本原则是？
A.尊重自主权
B.善意行为
C.无害原则
D.公正原则
E.以上都不是
【思考过程】：本题考查医学伦理的四大基本原则，包括尊重自主权、不伤害原则、行善原则、公正原则。

【最终答案】：ABCD

题目：在安宁疗护中，为维护患者生命尊严，以下哪些疗法属于可采用的正确方式？
A.人生回顾疗法
B.意义疗法
C.尊严疗法
D.缅怀疗法
E.认知行为疗法
【思考过程】：",ABCD,Doubao-1.5-Thinking,"【思考过程】：安宁疗护的核心目标之一是维护患者的生命尊严，常用的心理或灵性支持疗法需围绕这一目标。人生回顾疗法（A）通过引导患者回顾人生经历，整合生命故事，增强自我认同；意义疗法（B）帮助患者寻找生命意义，即使面对死亡也能感知存在价值；尊严疗法（C）专门针对临终患者，通过记录人生故事和价值观形成遗产，直接维护尊严；缅怀疗法（D）通过回忆积极经历促进自我价值感，也有助于尊严维护。而认知行为疗法（E）主要针对焦虑、抑郁等具体心理症状，并非直接维护生命尊严的核心方法。因此，A、B、C、D均属于正确方式。

【最终答案】：ABCD",客观题,ABCD
医患关系,"你是一个严格按照要求答题的医学考试考生。请你先展示出完整的思考过程，然后再输出最终答案。每道题目有至少两个选项（A、B）至多五个选项（A、B、C、D、E），题目为不定项选择题，请按照以下格式作答：

【思考过程】：...

【最终答案】：AB / BCE / CD / DE / E / ...（只输出选项的编号，不要写选项内容）

示例：
题目：医疗伦理中四大基本原则是？
A.尊重自主权
B.善意行为
C.无害原则
D.公正原则
E.以上都不是
【思考过程】：本题考查医学伦理的四大基本原则，包括尊重自主权、不伤害原则、行善原则、公正原则。

【最终答案】：ABCD

题目：以下哪种做法符合安宁疗护中对家属支持的法律规定？
A.为家属提供心理督导，B.向家属提供哀伤辅导，C.向患者提供精神支持服务，D.为家属组织丧亲支持小组，E.为家属进行心理健康评估
【思考过程】：",BD,Doubao-1.5-Thinking,"【思考过程】：安宁疗护中对家属的支持主要包括心理、情感及社会层面的关怀。题目要求选择符合法律规定的家属支持措施。选项C“向患者提供精神支持服务”针对的是患者而非家属，不符合题意。其余选项中，A（心理督导）、B（哀伤辅导）、D（丧亲支持小组）、E（心理健康评估）均属于对家属的支持措施，符合安宁疗护中对家属支持的法律规定。

【最终答案】：ABDE",客观题,ABDE
医患关系,"你是一个严格按照要求答题的医学考试考生。请你先展示出完整的思考过程，然后再输出最终答案。每道题目有至少两个选项（A、B）至多五个选项（A、B、C、D、E），题目为不定项选择题，请按照以下格式作答：

【思考过程】：...

【最终答案】：AB / BCE / CD / DE / E / ...（只输出选项的编号，不要写选项内容）

示例：
题目：医疗伦理中四大基本原则是？
A.尊重自主权
B.善意行为
C.无害原则
D.公正原则
E.以上都不是
【思考过程】：本题考查医学伦理的四大基本原则，包括尊重自主权、不伤害原则、行善原则、公正原则。

【最终答案】：ABCD

题目：以下哪种做法最符合关于安宁疗护中患者意愿处理的相关规定？
A.医护人员主动询问并协助患者完成生前愿望和身后事务
B.等待患者主动提出需求后再给予支持
C.仅由家属代为安排患者身后事务
D.记录患者需求但无需提供实质性帮助
【思考过程】：",A,Doubao-1.5-Thinking,"【思考过程】：安宁疗护的核心原则是尊重患者自主权，关注患者身心需求并提供主动支持。选项A中，医护人员主动询问并协助患者完成生前愿望和身后事务，符合主动关怀、尊重患者意愿的要求；选项B“等待患者主动提出”属于被动应对，不符合安宁疗护主动支持的原则；选项C“仅由家属代为安排”忽视了患者本人的意愿，违背自主权；选项D“记录但不提供实质性帮助”未满足患者实际需求，不符合支持性照护的要求。因此最符合规定的是选项A。

【最终答案】：A",客观题,A
医患关系,"你是一个严格按照要求答题的医学考试考生。请你先展示出完整的思考过程，然后再输出最终答案。每道题目有至少两个选项（A、B）至多五个选项（A、B、C、D、E），题目为不定项选择题，请按照以下格式作答：

【思考过程】：...

【最终答案】：AB / BCE / CD / DE / E / ...（只输出选项的编号，不要写选项内容）

示例：
题目：医疗伦理中四大基本原则是？
A.尊重自主权
B.善意行为
C.无害原则
D.公正原则
E.以上都不是
【思考过程】：本题考查医学伦理的四大基本原则，包括尊重自主权、不伤害原则、行善原则、公正原则。

【最终答案】：ABCD

题目：患者要求医院提供其病案资料时，以下哪项属于必须提供范围？
A. 护工记录
B. 护理论录
C. 会诊申请单
D. 患者自评表
E. 检查报告
【思考过程】：",BE,Doubao-1.5-Thinking,"【思考过程】：根据《医疗纠纷预防和处理条例》及《医疗机构病历管理规定》，患者有权查阅、复制的病历资料包括门诊病历、住院志、体温单、医嘱单、检验报告（检查报告）、医学影像检查资料、特殊检查同意书、手术同意书、手术及麻醉记录、病理资料、护理记录（护理论录）、医疗费用等。护工记录（A）通常不属于法定病历范围；患者自评表（D）多为患者自主填写的评估表，一般不在必须提供范围内。护理论录（B）属于护理记录，会诊申请单（C）是医疗过程中的重要文书，检查报告（E）是检验检查结果，均属于必须提供的病历资料。

【最终答案】：BCE",客观题,BCE
医患关系,"你是一个严格按照要求答题的医学考试考生。请你先展示出完整的思考过程，然后再输出最终答案。每道题目有至少两个选项（A、B）至多五个选项（A、B、C、D、E），题目为不定项选择题，请按照以下格式作答：

【思考过程】：...

【最终答案】：AB / BCE / CD / DE / E / ...（只输出选项的编号，不要写选项内容）

示例：
题目：医疗伦理中四大基本原则是？
A.尊重自主权
B.善意行为
C.无害原则
D.公正原则
E.以上都不是
【思考过程】：本题考查医学伦理的四大基本原则，包括尊重自主权、不伤害原则、行善原则、公正原则。

【最终答案】：ABCD

题目：以下哪项关于医疗机构赔偿责任的说法是正确的？
A.只要患者在诊疗活动中受损，医疗机构必须赔偿; B.只有在医务人员故意造成损害时，医疗机构才赔偿; C.医疗机构有过错导致患者受损时必须赔偿; D.医务人员个人有过错时由其自行赔偿; E.即使医疗机构无过错，也应给予患者适当补偿
【思考过程】：",C,Doubao-1.5-Thinking,"【思考过程】：本题考查医疗机构赔偿责任的法律规定。根据《民法典》第1218条，患者在诊疗活动中受到损害，医疗机构或者其医务人员有过错的，由医疗机构承担赔偿责任，即医疗损害责任以过错为前提。  

- 选项A错误：患者受损但医疗机构无过错时（如不可预见的并发症），医疗机构无需赔偿，并非“只要受损就必须赔偿”。  
- 选项B错误：医疗损害责任不限于“医务人员故意”，过失（如疏忽大意）导致的损害，医疗机构仍需赔偿。  
- 选项C正确：医疗机构有过错且导致患者受损时，依法必须赔偿。  
- 选项D错误：医务人员因职务行为造成的损害，赔偿责任由医疗机构承担，而非个人自行赔偿。  
- 选项E错误：医疗损害责任以过错为基础，无过错时医疗机构无赔偿义务，“适当补偿”并非法律强制要求。  

【最终答案】：C",客观题,C
医患关系,"你是一个严格按照要求答题的医学考试考生。请你先展示出完整的思考过程，然后再输出最终答案。每道题目有至少两个选项（A、B）至多五个选项（A、B、C、D、E），题目为不定项选择题，请按照以下格式作答：

【思考过程】：...

【最终答案】：AB / BCE / CD / DE / E / ...（只输出选项的编号，不要写选项内容）

示例：
题目：医疗伦理中四大基本原则是？
A.尊重自主权
B.善意行为
C.无害原则
D.公正原则
E.以上都不是
【思考过程】：本题考查医学伦理的四大基本原则，包括尊重自主权、不伤害原则、行善原则、公正原则。

【最终答案】：ABCD

题目：下列哪些行为可能使医疗机构承担侵权责任？
A.护士在社交媒体讨论患者病情但未提及姓名
B.经患者书面同意后公开完整病历用于学术会议
C.未经家属同意公开已故患者的完整就诊记录
D.因系统故障导致患者检查结果被其他病患浏览
E.未经患者同意将部分脱敏处理的化验单用于科室内部培训
【思考过程】：",CD,Doubao-1.5-Thinking,"【思考过程】：本题需判断哪些行为可能使医疗机构承担侵权责任，关键在于分析是否侵犯患者隐私或个人信息，以及医疗机构是否存在过错。

- **选项A**：护士在社交媒体讨论患者病情，虽未提及姓名，但若讨论内容具体到可被识别患者身份（如病房、症状细节等），则属于泄露患者隐私。护士因职务获取患者信息，医疗机构可能因管理不善承担责任。  
- **选项B**：经患者书面同意后公开完整病历用于学术会议，符合患者自主权，不构成侵权。  
- **选项C**：已故患者的就诊记录仍属隐私范畴，其近亲属有权维护。未经家属同意公开，可能侵犯患者隐私，医疗机构需担责。  
- **选项D**：因系统故障导致患者检查结果被其他病患浏览，属于医疗机构未尽到信息安全管理义务（如系统维护不当），存在过错，需承担侵权责任。  
- **选项E**：部分脱敏处理的化验单若仍可识别患者身份（如仅隐去姓名但保留其他关键信息），未经患者同意用于科室培训，可能侵犯患者隐私，医疗机构需担责。  

综上，A、C、D、E可能使医疗机构承担侵权责任。

【最终答案】：ACDE",客观题,ACDE
医患关系,"你是一个严格按照要求答题的医学考试考生。请你先展示出完整的思考过程，然后再输出最终答案。每道题目有至少两个选项（A、B）至多五个选项（A、B、C、D、E），题目为不定项选择题，请按照以下格式作答：

【思考过程】：...

【最终答案】：AB / BCE / CD / DE / E / ...（只输出选项的编号，不要写选项内容）

示例：
题目：医疗伦理中四大基本原则是？
A.尊重自主权
B.善意行为
C.无害原则
D.公正原则
E.以上都不是
【思考过程】：本题考查医学伦理的四大基本原则，包括尊重自主权、不伤害原则、行善原则、公正原则。

【最终答案】：ABCD

题目：以下哪些属于医疗卫生人员应弘扬的崇高职业精神？（多选）
A.敬佑生命
B.救死扶伤
C.甘于奉献
D.大爱无疆
E.追求效率
【思考过程】：",ABCD,Doubao-1.5-Thinking,"【思考过程】：医疗卫生人员的崇高职业精神通常体现在对生命的尊重、职责的履行、奉献精神和对患者的关爱等方面。根据相关政策文件和行业规范，如《“健康中国2030”规划纲要》及医疗卫生行业核心价值倡导，“敬佑生命”（A）是对生命权的根本尊重；“救死扶伤”（B）是职业的核心职责；“甘于奉献”（C）体现了不计个人得失的职业态度；“大爱无疆”（D）强调对患者的无私关爱。而“追求效率”（E）更多是工作方法或管理目标，并非崇高职业精神的核心内容。

【最终答案】：ABCD",客观题,ABCD
医患关系,"你是一个严格按照要求答题的医学考试考生。请你先展示出完整的思考过程，然后再输出最终答案。每道题目有至少两个选项（A、B）至多五个选项（A、B、C、D、E），题目为不定项选择题，请按照以下格式作答：

【思考过程】：...

【最终答案】：AB / BCE / CD / DE / E / ...（只输出选项的编号，不要写选项内容）

示例：
题目：医疗伦理中四大基本原则是？
A.尊重自主权
B.善意行为
C.无害原则
D.公正原则
E.以上都不是
【思考过程】：本题考查医学伦理的四大基本原则，包括尊重自主权、不伤害原则、行善原则、公正原则。

【最终答案】：ABCD

题目：以下哪些属于我国法律对医疗卫生人员的强制性要求？
A.每两年参加一次专业技能培训
B.必须持有医疗卫生机构颁发的专业证书
C.通过医德年度考核合格
D.获得主管部门的执业注册
E.依法取得相应职业资格
【思考过程】：",DE,Doubao-1.5-Thinking,"【思考过程】：本题需判断我国法律对医疗卫生人员的强制性要求，需结合《基本医疗卫生与健康促进法》《医师法》等相关法律分析：

- 选项A：“每两年参加一次专业技能培训”。法律规定医疗卫生人员需接受继续医学教育，但未明确“每两年一次”的强制频率，故不选。  
- 选项B：“必须持有医疗卫生机构颁发的专业证书”。执业需依法取得职业资格并经注册（由卫生行政部门颁发执业证书），而非机构颁发的专业证书，故不选。  
- 选项C：“通过医德年度考核合格”。法律规定需对职业道德进行考核（如《医师法》要求定期考核），但未明确“年度”为强制周期，故不选。  
- 选项D：“获得主管部门的执业注册”。《医师法》规定，取得资格后必须经注册方可执业，未经注册不得从事执业活动，属于强制性要求。  
- 选项E：“依法取得相应职业资格”。《基本医疗卫生与健康促进法》明确规定，医疗卫生人员需依法取得相应职业资格，属于强制性要求。  

【最终答案】：DE",客观题,DE
医患关系,"你是一个严格按照要求答题的医学考试考生。请你先展示出完整的思考过程，然后再输出最终答案。每道题目有至少两个选项（A、B）至多五个选项（A、B、C、D、E），题目为不定项选择题，请按照以下格式作答：

【思考过程】：...

【最终答案】：AB / BCE / CD / DE / E / ...（只输出选项的编号，不要写选项内容）

示例：
题目：医疗伦理中四大基本原则是？
A.尊重自主权
B.善意行为
C.无害原则
D.公正原则
E.以上都不是
【思考过程】：本题考查医学伦理的四大基本原则，包括尊重自主权、不伤害原则、行善原则、公正原则。

【最终答案】：ABCD

题目：下列哪项属于医疗卫生人员的法定义务？
A.尊重患者人格尊严
B.遵守诊疗制度和医疗卫生服务秩序
C.平等对待患者并保护隐私
D.要求患者提供既往全部健康信息
【思考过程】：",ABC,Doubao-1.5-Thinking,"【思考过程】：根据《基本医疗卫生与健康促进法》等相关法律法规，医疗卫生人员的法定义务包括：  
- 选项A：法律明确规定医疗卫生人员应当尊重患者的人格尊严（如《基本医疗卫生与健康促进法》第51条）。  
- 选项B：医疗卫生人员需遵守法律、法规、规章和诊疗相关规范、常规，维护医疗卫生服务秩序（如该法第52条）。  
- 选项C：法律要求医疗卫生人员平等对待患者，不得歧视，并保护患者的隐私和个人信息（如该法第51条、第92条）。  
- 选项D：患者有如实提供与病情相关信息的义务，但医务人员“要求患者提供既往全部健康信息”超出合理诊疗需求范围，且可能侵犯患者隐私，不属于法定义务。  

【最终答案】：ABC",客观题,ABC
医患关系,"你是一个严格按照要求答题的医学考试考生。请你先展示出完整的思考过程，然后再输出最终答案。每道题目有至少两个选项（A、B）至多五个选项（A、B、C、D、E），题目为不定项选择题，请按照以下格式作答：

【思考过程】：...

【最终答案】：AB / BCE / CD / DE / E / ...（只输出选项的编号，不要写选项内容）

示例：
题目：医疗伦理中四大基本原则是？
A.尊重自主权
B.善意行为
C.无害原则
D.公正原则
E.以上都不是
【思考过程】：本题考查医学伦理的四大基本原则，包括尊重自主权、不伤害原则、行善原则、公正原则。

【最终答案】：ABCD

题目：在突发公共事件中因参与救治致病致残的医疗人员，可依法获得以下哪些待遇？
A.工伤认定及补偿
B.终身医疗保险优先权
C.烈士褒扬待遇
D.直系亲属就业优先政策
E.抚恤金
【思考过程】：",ACE,Doubao-1.5-Thinking,"【思考过程】：本题考查突发公共事件中参与救治的医疗人员依法可获得的待遇，需结合相关法律法规分析：

- **选项A**：根据《工伤保险条例》及《突发公共卫生事件应急条例》，参与突发公共事件救治属于履行工作职责，因救治致病致残应认定为工伤并获得补偿，故A正确。  
- **选项B**：目前无法律法规明确规定“终身医疗保险优先权”，该表述缺乏依据，故B错误。  
- **选项C**：烈士褒扬待遇需符合“牺牲”且被评定为烈士的条件，题目中为“致病致残”而非牺牲，故C错误。  
- **选项D**：直系亲属就业优先政策无明确法律规定，属于地方或特殊政策范畴，非法定普遍待遇，故D错误。  
- **选项E**：《突发公共卫生事件应急条例》规定，参与应急处理致病、致残、死亡的人员参照工伤给予“抚恤”，抚恤金属于抚恤范畴，故E正确。  

【最终答案】：AE",客观题,AE
医患关系,"你是一个严格按照要求答题的医学考试考生。请你先展示出完整的思考过程，然后再输出最终答案。每道题目有至少两个选项（A、B）至多五个选项（A、B、C、D、E），题目为不定项选择题，请按照以下格式作答：

【思考过程】：...

【最终答案】：AB / BCE / CD / DE / E / ...（只输出选项的编号，不要写选项内容）

示例：
题目：医疗伦理中四大基本原则是？
A.尊重自主权
B.善意行为
C.无害原则
D.公正原则
E.以上都不是
【思考过程】：本题考查医学伦理的四大基本原则，包括尊重自主权、不伤害原则、行善原则、公正原则。

【最终答案】：ABCD

题目：某护士下列哪些行为违反了《医疗机构工作人员廉洁从业九项准则》？
A.接受出院患者赠送的电子礼品卡
B.强制要求家属购买指定药店的自费药品
C.向患者推荐非备案注册的私人诊所
D.公示收取20元夜间加急护理服务费
E.要求患者家属提供工作单位开具的免费耗材证明
【思考过程】：",ABC,Doubao-1.5-Thinking,"【思考过程】：《医疗机构工作人员廉洁从业九项准则》明确禁止收受患方“红包”、违规推销商品、安排患者到非正规机构、利用职务谋私利等行为。  
- 选项A：电子礼品卡属于患方赠送的“红包”，违反准则；  
- 选项B：强制购买指定药店药品，可能涉及商业利益输送，违反准则；  
- 选项C：推荐非备案注册的私人诊所（非正规机构），违反准则；  
- 选项D：公示合理的夜间加急服务费属于合法按劳取酬，不违反；  
- 选项E：要求患者家属提供免费耗材证明，属于利用职务之便谋取私利，违反准则。  

【最终答案】：ABCE",客观题,ABCE
医患关系,"你是一个严格按照要求答题的医学考试考生。请你先展示出完整的思考过程，然后再输出最终答案。每道题目有至少两个选项（A、B）至多五个选项（A、B、C、D、E），题目为不定项选择题，请按照以下格式作答：

【思考过程】：...

【最终答案】：AB / BCE / CD / DE / E / ...（只输出选项的编号，不要写选项内容）

示例：
题目：医疗伦理中四大基本原则是？
A.尊重自主权
B.善意行为
C.无害原则
D.公正原则
E.以上都不是
【思考过程】：本题考查医学伦理的四大基本原则，包括尊重自主权、不伤害原则、行善原则、公正原则。

【最终答案】：ABCD

题目：以下哪些行为被相关法律法规明确禁止？
A.威胁医疗卫生人员人身安全
B.侵犯医疗卫生人员人格尊严
C.患者家属因费用争议拒绝支付医疗账单
D.未经允许查看护士的个人社交媒体账号
E.疫情高峰期患者排队时间超过4小时
【思考过程】：",AB,Doubao-1.5-Thinking,"【思考过程】：本题需结合相关法律法规分析各选项是否被明确禁止。  
- 选项A：《基本医疗卫生与健康促进法》第57条明确规定，禁止任何组织或个人威胁、危害医疗卫生人员人身安全，因此A被禁止。  
- 选项B：同一法律第57条同时禁止侵犯医疗卫生人员人格尊严，故B被禁止。  
- 选项C：患者因费用争议拒绝支付医疗账单属于民事合同纠纷，法律未直接禁止此类行为（需通过协商或诉讼解决），故C不被禁止。  
- 选项D：《民法典》规定自然人隐私权受法律保护，未经允许查看他人个人社交媒体账号侵犯隐私权，属于被禁止行为，故D被禁止。  
- 选项E：疫情高峰期排队时间过长是医疗资源紧张的客观结果，法律未对具体排队时长作出禁止性规定，故E不被禁止。  

【最终答案】：ABD",客观题,ABD
医患关系,"你是一个严格按照要求答题的医学考试考生。请你先展示出完整的思考过程，然后再输出最终答案。每道题目有至少两个选项（A、B）至多五个选项（A、B、C、D、E），题目为不定项选择题，请按照以下格式作答：

【思考过程】：...

【最终答案】：AB / BCE / CD / DE / E / ...（只输出选项的编号，不要写选项内容）

示例：
题目：医疗伦理中四大基本原则是？
A.尊重自主权
B.善意行为
C.无害原则
D.公正原则
E.以上都不是
【思考过程】：本题考查医学伦理的四大基本原则，包括尊重自主权、不伤害原则、行善原则、公正原则。

【最终答案】：ABCD

题目：以下表述是否正确：医院为快速处理医患冲突，允许患者家属对不配合治疗的护士采取短暂人身限制措施。
A.正确
B.错误
【思考过程】：",B,Doubao-1.5-Thinking,"【思考过程】：根据法律规定，公民的人身自由受法律保护，任何组织或个人不得非法限制他人人身自由。患者家属无权对护士采取人身限制措施，医院也不应允许此类非法行为。正确的医患冲突处理应通过合法途径（如沟通、调解、报警等），而非非法限制人身自由。因此该表述错误。

【最终答案】：B",客观题,B
医患关系,"你是一个严格按照要求答题的医学考试考生。请你先展示出完整的思考过程，然后再输出最终答案。每道题目有至少两个选项（A、B）至多五个选项（A、B、C、D、E），题目为不定项选择题，请按照以下格式作答：

【思考过程】：...

【最终答案】：AB / BCE / CD / DE / E / ...（只输出选项的编号，不要写选项内容）

示例：
题目：医疗伦理中四大基本原则是？
A.尊重自主权
B.善意行为
C.无害原则
D.公正原则
E.以上都不是
【思考过程】：本题考查医学伦理的四大基本原则，包括尊重自主权、不伤害原则、行善原则、公正原则。

【最终答案】：ABCD

题目：以下表述是否正确：在紧急抢救场景下，未取得护士执业证书的医疗学院毕业生在患者家属要求下可以执行静脉穿刺操作。
A.正确
B.错误
【思考过程】：",B,Doubao-1.5-Thinking,"【思考过程】：根据《护士条例》规定，护士执业应当经执业注册取得护士执业证书，未经执业注册取得护士执业证书者，不得从事诊疗技术规范规定的护理活动。静脉穿刺属于诊疗技术规范规定的护理操作，必须由取得护士执业证书的护士执行。即使在紧急抢救场景下，未取得护士执业证书的医疗学院毕业生也不能因患者家属要求而执行该操作。因此题目表述错误。

【最终答案】：B",客观题,B
医患关系,"你是一个严格按照要求答题的医学考试考生。请你先展示出完整的思考过程，然后再输出最终答案。每道题目有至少两个选项（A、B）至多五个选项（A、B、C、D、E），题目为不定项选择题，请按照以下格式作答：

【思考过程】：...

【最终答案】：AB / BCE / CD / DE / E / ...（只输出选项的编号，不要写选项内容）

示例：
题目：医疗伦理中四大基本原则是？
A.尊重自主权
B.善意行为
C.无害原则
D.公正原则
E.以上都不是
【思考过程】：本题考查医学伦理的四大基本原则，包括尊重自主权、不伤害原则、行善原则、公正原则。

【最终答案】：ABCD

题目：以下哪些属于护士执业时依法享有的权利？
A.获取工资报酬
B.享受年度旅游津贴
C.参加社会保险
D.优先晋升职称
E.医院分配的股权激励
【思考过程】：",AC,Doubao-1.5-Thinking,"【思考过程】：根据《护士条例》规定，护士依法享有的权利包括：按照国家有关规定获取工资报酬、享受福利待遇、参加社会保险的权利；获得与其所从事的护理工作相适应的卫生防护、医疗保健服务的权利；按照国家有关规定获得与本人业务能力和学术水平相应的专业技术职务、职称的权利；参加专业培训、从事学术研究和交流、参加行业协会和专业学术团体的权利等。选项A“获取工资报酬”和C“参加社会保险”均属于法定权利。选项B“年度旅游津贴”、D“优先晋升职称”、E“股权激励”属于单位内部福利或非法定权利，并非护士执业时依法必须享有的权利。

【最终答案】：AC",客观题,AC
医患关系,"你是一个严格按照要求答题的医学考试考生。请你先展示出完整的思考过程，然后再输出最终答案。每道题目有至少两个选项（A、B）至多五个选项（A、B、C、D、E），题目为不定项选择题，请按照以下格式作答：

【思考过程】：...

【最终答案】：AB / BCE / CD / DE / E / ...（只输出选项的编号，不要写选项内容）

示例：
题目：医疗伦理中四大基本原则是？
A.尊重自主权
B.善意行为
C.无害原则
D.公正原则
E.以上都不是
【思考过程】：本题考查医学伦理的四大基本原则，包括尊重自主权、不伤害原则、行善原则、公正原则。

【最终答案】：ABCD

题目：以下关于护士权利的说法中，正确的是？
A.可拒绝任何存在职业暴露风险的工作
B.从事有感染风险工作时应接受职业健康检查
C.有权要求医院提供免费的年度体检
D.患职业病后有权依法获得赔偿
E.享有法定带薪休假权
【思考过程】：",BDE,Doubao-1.5-Thinking,"【思考过程】：本题需依据《护士条例》《职业病防治法》《劳动法》等相关法规分析各选项：  
- 选项A：护士有权获得职业防护，但不能拒绝所有存在职业暴露风险的工作（如紧急抢救），故错误。  
- 选项B：从事有感染风险工作的护士属于接触职业病危害的劳动者，依法应接受职业健康检查（上岗前、在岗期间、离岗时），故正确。  
- 选项C：职业健康检查由单位承担费用，但普通年度体检无法律强制要求免费，故错误。  
- 选项D：患职业病后，护士依法享有工伤保险及赔偿权利，故正确。  
- 选项E：《劳动法》规定劳动者享有法定带薪休假权，护士作为劳动者当然享有，故正确。  

【最终答案】：BDE",客观题,BDE
医患关系,"你是一个严格按照要求答题的医学考试考生。请你先展示出完整的思考过程，然后再输出最终答案。每道题目有至少两个选项（A、B）至多五个选项（A、B、C、D、E），题目为不定项选择题，请按照以下格式作答：

【思考过程】：...

【最终答案】：AB / BCE / CD / DE / E / ...（只输出选项的编号，不要写选项内容）

示例：
题目：医疗伦理中四大基本原则是？
A.尊重自主权
B.善意行为
C.无害原则
D.公正原则
E.以上都不是
【思考过程】：本题考查医学伦理的四大基本原则，包括尊重自主权、不伤害原则、行善原则、公正原则。

【最终答案】：ABCD

题目：护士发现医嘱违反诊疗技术规范时，应当采取以下哪些措施？
A.立即停止执行医嘱并销毁相关记录
B.及时向开具医嘱的医师提出
C.暂时隐瞒情况观察后续变化
D.向该医师所在科室负责人报告
E.直接向卫生行政部门投诉
【思考过程】：",BD,Doubao-1.5-Thinking,"【思考过程】：根据《护士条例》第十七条规定，护士发现医嘱违反法律、法规、规章或者诊疗技术规范规定时，应当及时向开具医嘱的医师提出（对应选项B）；若必要，还应向该医师所在科室的负责人或医疗卫生机构负责医疗服务管理的人员报告（对应选项D）。选项A中“销毁相关记录”错误，医疗记录需妥善保存；选项C“隐瞒观察”可能延误处理，违反规范；选项E“直接向卫生行政部门投诉”不符合逐级报告的流程，应先内部沟通。

【最终答案】：BD",客观题,BD
医患关系,"你是一个严格按照要求答题的医学考试考生。请你先展示出完整的思考过程，然后再输出最终答案。每道题目有至少两个选项（A、B）至多五个选项（A、B、C、D、E），题目为不定项选择题，请按照以下格式作答：

【思考过程】：...

【最终答案】：AB / BCE / CD / DE / E / ...（只输出选项的编号，不要写选项内容）

示例：
题目：医疗伦理中四大基本原则是？
A.尊重自主权
B.善意行为
C.无害原则
D.公正原则
E.以上都不是
【思考过程】：本题考查医学伦理的四大基本原则，包括尊重自主权、不伤害原则、行善原则、公正原则。

【最终答案】：ABCD

题目：护士在常规护理中需要履行以下哪些义务？
A.尊重患者的宗教信仰
B.密切监视患者的日常通讯
C.关心患者的治疗进展
D.及时向家属报告所有病情变化
E.保护患者的诊疗记录安全
【思考过程】：",ACE,Doubao-1.5-Thinking,"【思考过程】：护士在常规护理中的义务需符合护理伦理和相关法规。选项A，尊重患者的宗教信仰属于尊重患者人格和权利的范畴，是护士的义务；选项B，监视患者日常通讯侵犯患者隐私权，不符合义务要求；选项C，关心患者治疗进展是护士观察病情、参与护理的职责体现；选项D，向家属报告病情需基于患者意愿或法律规定，非“所有”情况都需报告，可能侵犯患者隐私；选项E，保护诊疗记录安全属于保护患者隐私和医疗信息安全的义务。

【最终答案】：ACE",客观题,ACE
医患关系,"你是一个严格按照要求答题的医学考试考生。请你先展示出完整的思考过程，然后再输出最终答案。每道题目有至少两个选项（A、B）至多五个选项（A、B、C、D、E），题目为不定项选择题，请按照以下格式作答：

【思考过程】：...

【最终答案】：AB / BCE / CD / DE / E / ...（只输出选项的编号，不要写选项内容）

示例：
题目：医疗伦理中四大基本原则是？
A.尊重自主权
B.善意行为
C.无害原则
D.公正原则
E.以上都不是
【思考过程】：本题考查医学伦理的四大基本原则，包括尊重自主权、不伤害原则、行善原则、公正原则。

【最终答案】：ABCD

题目：在突发公共卫生事件中，护士必须服从以下哪些机构的安排参加医疗救护？
A.县级以上人民政府卫生主管部门
B.省级传染病防治中心
C.乡镇卫生院管理部门
D.所在医疗卫生机构
E.国际非政府救援组织
F.市级人民政府
【思考过程】：",AD,Doubao-1.5-Thinking,"【思考过程】：根据《护士条例》第二十二条规定，护士在执业活动中应当服从县级以上人民政府卫生主管部门或者所在医疗卫生机构的安排，参加医疗救护和预防保健工作。因此，在突发公共卫生事件中，护士需服从的机构包括县级以上人民政府卫生主管部门（A）和所在医疗卫生机构（D）。其他选项中，省级传染病防治中心（B）、乡镇卫生院管理部门（C）、国际非政府救援组织（E）、市级人民政府（F）均未在法规中明确列为护士必须服从安排的直接机构。

【最终答案】：AD",客观题,AD
医患关系,"你是一个严格按照要求答题的医学考试考生。请你先展示出完整的思考过程，然后再输出最终答案。每道题目有至少两个选项（A、B）至多五个选项（A、B、C、D、E），题目为不定项选择题，请按照以下格式作答：

【思考过程】：...

【最终答案】：AB / BCE / CD / DE / E / ...（只输出选项的编号，不要写选项内容）

示例：
题目：医疗伦理中四大基本原则是？
A.尊重自主权
B.善意行为
C.无害原则
D.公正原则
E.以上都不是
【思考过程】：本题考查医学伦理的四大基本原则，包括尊重自主权、不伤害原则、行善原则、公正原则。

【最终答案】：ABCD

题目：根据相关规定，以下哪些人员被禁止在医疗卫生机构独立从事诊疗技术规范规定的护理活动？
A.未取得护士执业证书的人员
B.未办理执业地点变更手续的护士
C.护士执业注册有效期届满未延续的护士
D.在护士指导下开展实习的护理学生
E.未通过定期考核的护士
【思考过程】：",ABCD,Doubao-1.5-Thinking,"【思考过程】：本题需依据《护士条例》及相关规定，判断哪些人员被禁止独立从事护理活动。  

1. **选项A**：未取得护士执业证书的人员。根据《护士条例》第二十一条，明确规定未取得护士执业证书的人员不得从事诊疗技术规范规定的护理活动，因此A正确。  
2. **选项B**：未办理执业地点变更手续的护士。护士执业需在注册的执业地点进行，未办理变更手续则执业地点不符，无法在当前机构独立执业，B正确。  
3. **选项C**：护士执业注册有效期届满未延续的护士。注册有效期届满未延续的，注册失效，无法继续执业，C正确。  
4. **选项D**：在护士指导下开展实习的护理学生。实习护理学生未取得护士执业证书，属于“未取得护士执业证书的人员”，被禁止独立从事护理活动，D正确。  
5. **选项E**：未通过定期考核的护士。《护士条例》未明确将未通过定期考核列为禁止独立执业的情形，定期考核未通过可能涉及培训或暂停执业，但非直接禁止独立从事，E不正确。  

【最终答案】：ABCD",客观题,ABCD
医患关系,"你是一个严格按照要求答题的医学考试考生。请你先展示出完整的思考过程，然后再输出最终答案。每道题目有至少两个选项（A、B）至多五个选项（A、B、C、D、E），题目为不定项选择题，请按照以下格式作答：

【思考过程】：...

【最终答案】：AB / BCE / CD / DE / E / ...（只输出选项的编号，不要写选项内容）

示例：
题目：医疗伦理中四大基本原则是？
A.尊重自主权
B.善意行为
C.无害原则
D.公正原则
E.以上都不是
【思考过程】：本题考查医学伦理的四大基本原则，包括尊重自主权、不伤害原则、行善原则、公正原则。

【最终答案】：ABCD

题目：根据相关规定，医疗卫生机构必须为护士采取以下哪些措施？（多选）
A.提供卫生防护用品
B.每季度进行一次急救培训
C.落实有效的卫生防护措施
D.完善医疗保健措施
E.每年组织心理健康讲座
【思考过程】：",ACD,Doubao-1.5-Thinking,"【思考过程】：根据《护士条例》第十三条规定，医疗卫生机构应当为护士提供必要的卫生防护用品（A正确），并采取有效的卫生防护措施和医疗保健措施（C、D正确）。关于培训，条例要求制定并实施在职培训计划，但未明确每季度一次急救培训（B错误）；心理健康讲座的具体频率未在法规中强制规定每年一次（E错误）。

【最终答案】：ACD",客观题,ACD
医患关系,"你是一个严格按照要求答题的医学考试考生。请你先展示出完整的思考过程，然后再输出最终答案。每道题目有至少两个选项（A、B）至多五个选项（A、B、C、D、E），题目为不定项选择题，请按照以下格式作答：

【思考过程】：...

【最终答案】：AB / BCE / CD / DE / E / ...（只输出选项的编号，不要写选项内容）

示例：
题目：医疗伦理中四大基本原则是？
A.尊重自主权
B.善意行为
C.无害原则
D.公正原则
E.以上都不是
【思考过程】：本题考查医学伦理的四大基本原则，包括尊重自主权、不伤害原则、行善原则、公正原则。

【最终答案】：ABCD

题目：根据《护士条例》，以下哪种情形下，护士所在医疗卫生机构应当按照国家有关规定给予津贴？
A.参加跨省进修培训的护士， B.在高原边陲乡镇卫生所工作的护士， C.负责医疗废弃物分类处理的护士， D.节假日期间连续值班的护士， E.为老年患者提供居家护理的护士
【思考过程】：",BC,Doubao-1.5-Thinking,"【思考过程】：根据《护士条例》第二十条规定，对在艰苦边远地区工作，或者从事直接接触有毒有害物质、有感染传染病危险工作的护士，所在医疗卫生机构应当按照国家有关规定给予津贴。选项B“在高原边陲乡镇卫生所工作的护士”符合“艰苦边远地区工作”的情形，应给予津贴。其他选项中，跨省进修（A）、医疗废弃物处理（C）、节假日值班（D）、居家护理（E）均未明确属于《护士条例》规定的津贴发放情形。

【最终答案】：B",客观题,B
医患关系,"你是一个严格按照要求答题的医学考试考生。请你先展示出完整的思考过程，然后再输出最终答案。每道题目有至少两个选项（A、B）至多五个选项（A、B、C、D、E），题目为不定项选择题，请按照以下格式作答：

【思考过程】：...

【最终答案】：AB / BCE / CD / DE / E / ...（只输出选项的编号，不要写选项内容）

示例：
题目：医疗伦理中四大基本原则是？
A.尊重自主权
B.善意行为
C.无害原则
D.公正原则
E.以上都不是
【思考过程】：本题考查医学伦理的四大基本原则，包括尊重自主权、不伤害原则、行善原则、公正原则。

【最终答案】：ABCD

题目：根据护士在职培训相关法规，以下哪项是医疗卫生机构在护士培训中必须注重的？
A.提升护士的沟通能力
B.护理文书书写规范
C.新知识、新技术的应用
D.患者隐私保护技能
【思考过程】：",ABCD,Doubao-1.5-Thinking,"【思考过程】：本题考查护士在职培训的法规要求。根据《护士条例》及相关法规，分析各选项如下：  
- **选项A（提升沟通能力）**：沟通能力虽重要，但法规未明确将其列为“必须注重”的培训内容。  
- **选项B（护理文书书写规范）**：《病历书写基本规范》要求护理文书需规范书写，医疗机构需对护士进行相关培训，属于必须注重的内容。  
- **选项C（新知识、新技术的应用）**：《护士条例》第二十四条明确规定，护士培训“应当注重新知识、新技术的应用”，属于法定必须注重的内容。  
- **选项D（患者隐私保护技能）**：《护士条例》第十七条规定护士需保护患者隐私，因此相关技能培训是必须的。  

综上，B、C、D为法规要求必须注重的内容。

【最终答案】：BCD",客观题,BCD
医患关系,"你是一个严格按照要求答题的医学考试考生。请你先展示出完整的思考过程，然后再输出最终答案。每道题目有至少两个选项（A、B）至多五个选项（A、B、C、D、E），题目为不定项选择题，请按照以下格式作答：

【思考过程】：...

【最终答案】：AB / BCE / CD / DE / E / ...（只输出选项的编号，不要写选项内容）

示例：
题目：医疗伦理中四大基本原则是？
A.尊重自主权
B.善意行为
C.无害原则
D.公正原则
E.以上都不是
【思考过程】：本题考查医学伦理的四大基本原则，包括尊重自主权、不伤害原则、行善原则、公正原则。

【最终答案】：ABCD

题目：当护士因违反职业道德被投诉时，其所在医疗卫生机构的正确处理流程是什么？
A.立即对涉事护士进行降薪处理并在院内通报
B.对投诉内容进行核实后直接向卫健委提交报告
C.调查核实后进行处理但不公开结果
D.调查确认投诉属实后处理护士并告知投诉人
E.暂不处理以观察护士后续表现
【思考过程】：",D,Doubao-1.5-Thinking,"【思考过程】：本题考查医疗卫生机构对护士违反职业道德投诉的处理流程。根据相关规定，处理投诉应遵循调查核实、处理并反馈的步骤。选项A“立即处理”未经过调查核实，不符合程序；选项B“直接向卫健委提交报告”忽略了机构内部调查处理的环节；选项C“不公开结果”不符合应告知投诉人的要求；选项E“暂不处理”拖延处理不符合及时处理原则；选项D“调查确认属实后处理并告知投诉人”符合调查核实、处理并反馈的正确流程。

【最终答案】：D",客观题,D
医患关系,"你是一个严格按照要求答题的医学考试考生。请你先展示出完整的思考过程，然后再输出最终答案。每道题目有至少两个选项（A、B）至多五个选项（A、B、C、D、E），题目为不定项选择题，请按照以下格式作答：

【思考过程】：...

【最终答案】：AB / BCE / CD / DE / E / ...（只输出选项的编号，不要写选项内容）

示例：
题目：医疗伦理中四大基本原则是？
A.尊重自主权
B.善意行为
C.无害原则
D.公正原则
E.以上都不是
【思考过程】：本题考查医学伦理的四大基本原则，包括尊重自主权、不伤害原则、行善原则、公正原则。

【最终答案】：ABCD

题目：护士在执业活动中出现以下哪些情形可能导致被暂停执业活动？
A.发现患者病情危急未立即通知家属
B.发现医嘱违反诊疗规范仅向同事私下提醒而未正式报告
C.未经允许将患者病历照片上传至个人社交平台
D.因个人行程冲突拒绝参与地震灾区的医疗救援
E.操作失误导致患者服药时间延误1小时
【思考过程】：",BCD,Doubao-1.5-Thinking,"【思考过程】：本题需依据《护士条例》分析各选项是否符合可能导致暂停执业活动的情形。  
- 选项A：护士发现患者病情危急时，应立即通知医师而非家属。未通知家属不属于《护士条例》规定的违规情形，故不选。  
- 选项B：护士发现医嘱违反诊疗规范时，需向医师或相关负责人报告。仅私下提醒未正式报告属于未履行报告义务，符合《护士条例》第三十一条（二）的处罚情形。  
- 选项C：未经允许上传患者病历至社交平台属于泄露患者隐私，符合《护士条例》第三十一条（三）的处罚情形。  
- 选项D：拒绝参与地震灾区医疗救援属于不服从公共卫生事件中的医疗救护安排，符合《护士条例》第三十一条（四）的处罚情形。  
- 选项E：操作失误导致服药延误1小时，若未造成严重后果，属于一般差错，未达到暂停执业的严重程度，故不选。  

【最终答案】：BCD",客观题,BCD
医患关系,"你是一个严格按照要求答题的医学考试考生。请你先展示出完整的思考过程，然后再输出最终答案。每道题目有至少两个选项（A、B）至多五个选项（A、B、C、D、E），题目为不定项选择题，请按照以下格式作答：

【思考过程】：...

【最终答案】：AB / BCE / CD / DE / E / ...（只输出选项的编号，不要写选项内容）

示例：
题目：医疗伦理中四大基本原则是？
A.尊重自主权
B.善意行为
C.无害原则
D.公正原则
E.以上都不是
【思考过程】：本题考查医学伦理的四大基本原则，包括尊重自主权、不伤害原则、行善原则、公正原则。

【最终答案】：ABCD

题目：下列哪些行为应当依照治安管理处罚法或刑法进行处罚？
A.以暴力手段阻碍护士为患者抽血
B.公开威胁要殴打值班护士
C.护士要求登记信息时拒绝提供联系方式
D.伪造患者医疗记录干扰护理工作
【思考过程】：",ABD,Doubao-1.5-Thinking,"【思考过程】：本题需判断哪些行为违反治安管理处罚法或刑法。  
- 选项A：以暴力阻碍护士执行职务（抽血属于护理工作），根据《治安管理处罚法》第50条（阻碍执行职务）及《刑法》第277条（妨害公务罪），应受处罚。  
- 选项B：公开威胁殴打护士，属于威胁他人人身安全，依据《治安管理处罚法》第42条（威胁他人安全），应受治安处罚。  
- 选项C：拒绝提供联系方式仅为不配合登记，无法律明确规定需处罚，不涉及治安或刑事处罚。  
- 选项D：伪造医疗记录可能触犯《刑法》第280条（伪造证件、印章罪）或《医疗纠纷预防和处理条例》中的相关规定，需受处罚。  

【最终答案】：ABD",客观题,ABD
医患关系,"你是一个严格按照要求答题的医学考试考生。请你先展示出完整的思考过程，然后再输出最终答案。每道题目有至少两个选项（A、B）至多五个选项（A、B、C、D、E），题目为不定项选择题，请按照以下格式作答：

【思考过程】：...

【最终答案】：AB / BCE / CD / DE / E / ...（只输出选项的编号，不要写选项内容）

示例：
题目：医疗伦理中四大基本原则是？
A.尊重自主权
B.善意行为
C.无害原则
D.公正原则
E.以上都不是
【思考过程】：本题考查医学伦理的四大基本原则，包括尊重自主权、不伤害原则、行善原则、公正原则。

【最终答案】：ABCD

题目：以下哪些内容符合我国相关法律法规对护士权益的规定？
A.护士的人格尊严不受侵犯
B.护士的人身安全受法律保护
C.护士的职业自由不受限制
D.全社会应当理解护士
E.护士依法履职时享有特殊豁免权
【思考过程】：",AB,Doubao-1.5-Thinking,"【思考过程】：本题需依据我国《护士条例》等相关法律法规分析护士权益的规定。  
- 选项A：《护士条例》第三条明确规定“护士人格尊严不受侵犯”，符合规定，正确。  
- 选项B：《护士条例》第三条同样规定“护士人身安全受法律保护”，符合规定，正确。  
- 选项C：护士执业需遵守注册、规章制度等法定要求，职业自由并非“不受限制”，不符合规定，错误。  
- 选项D：《护士条例》第六条规定“全社会应当尊重护士”，“理解护士”符合其精神，符合规定，正确。  
- 选项E：护士依法履职时若存在过错仍需承担相应责任（如医疗事故责任），无“特殊豁免权”，不符合规定，错误。  

【最终答案】：ABD",客观题,ABD
医患关系,"你是一个严格按照要求答题的医学考试考生。请你先展示出完整的思考过程，然后再输出最终答案。每道题目有至少两个选项（A、B）至多五个选项（A、B、C、D、E），题目为不定项选择题，请按照以下格式作答：

【思考过程】：...

【最终答案】：AB / BCE / CD / DE / E / ...（只输出选项的编号，不要写选项内容）

示例：
题目：医疗伦理中四大基本原则是？
A.尊重自主权
B.善意行为
C.无害原则
D.公正原则
E.以上都不是
【思考过程】：本题考查医学伦理的四大基本原则，包括尊重自主权、不伤害原则、行善原则、公正原则。

【最终答案】：ABCD

题目：下列哪些奖励或荣誉是由国务院有关部门授予的？
A.全国卫生系统先进工作者荣誉称号
B.白求恩奖章
C.长期从事护理工作的护士荣誉证书
D.省级劳动模范称号由县级政府授予
E.地方政府为优秀护士提供特殊津贴
【思考过程】：",AB,Doubao-1.5-Thinking,"【思考过程】：本题需判断哪些奖励或荣誉由国务院有关部门授予。  
- 选项A“全国卫生系统先进工作者荣誉称号”：属于全国性卫生系统内的荣誉，通常由国家卫生健康委员会（国务院组成部门）授予，符合条件。  
- 选项B“白求恩奖章”：是我国卫生系统的最高荣誉之一，由国家卫生健康委员会（国务院有关部门）颁发，符合条件。  
- 选项C“长期从事护理工作的护士荣誉证书”：此类证书一般由地方卫生行政部门或护理协会（非国务院部门）授予，不符合。  
- 选项D“省级劳动模范称号由县级政府授予”：省级劳动模范应由省级政府授予，且县级政府无权授予省级荣誉，与国务院部门无关。  
- 选项E“地方政府为优秀护士提供特殊津贴”：地方政府（如省、市、县级）属于地方层面，非国务院有关部门，不符合。  

【最终答案】：AB",客观题,AB
医患关系,"你是一个严格按照要求答题的医学考试考生。请你先展示出完整的思考过程，然后再输出最终答案。每道题目有至少两个选项（A、B）至多五个选项（A、B、C、D、E），题目为不定项选择题，请按照以下格式作答：

【思考过程】：...

【最终答案】：AB / BCE / CD / DE / E / ...（只输出选项的编号，不要写选项内容）

示例：
题目：医疗伦理中四大基本原则是？
A.尊重自主权
B.善意行为
C.无害原则
D.公正原则
E.以上都不是
【思考过程】：本题考查医学伦理的四大基本原则，包括尊重自主权、不伤害原则、行善原则、公正原则。

【最终答案】：ABCD

题目：以下哪些是申请护士执业注册的必要条件？
A.具备完全民事行为能力
B.通过省教育厅组织的护士执业资格考试
C.完成普通全日制2年护理专业课程学习及6个月临床实习
D.取得本科及以上学历证书
E.通过护士执业资格考试3个月内提出注册申请
【思考过程】：",A,Doubao-1.5-Thinking,"【思考过程】：根据《护士条例》和《护士执业注册管理办法》的规定，申请护士执业注册的必要条件包括：（1）具有完全民事行为能力（对应选项A）；（2）在中等职业学校、高等学校完成国务院教育主管部门和卫生主管部门规定的普通全日制3年以上的护理、助产专业课程学习，包括在教学、综合医院完成8个月以上护理临床实习，并取得相应学历证书（选项C中“2年”“6个月”不符合，错误；选项D“本科及以上”非必要，错误）；（3）通过国务院卫生主管部门组织的护士执业资格考试（选项B中“省教育厅组织”错误，应为全国统一考试；选项E中“3个月内”错误，应为考试通过后3年内提出注册申请）。因此，仅选项A符合必要条件。

【最终答案】：A",客观题,A
医患关系,"你是一个严格按照要求答题的医学考试考生。请你先展示出完整的思考过程，然后再输出最终答案。每道题目有至少两个选项（A、B）至多五个选项（A、B、C、D、E），题目为不定项选择题，请按照以下格式作答：

【思考过程】：...

【最终答案】：AB / BCE / CD / DE / E / ...（只输出选项的编号，不要写选项内容）

示例：
题目：医疗伦理中四大基本原则是？
A.尊重自主权
B.善意行为
C.无害原则
D.公正原则
E.以上都不是
【思考过程】：本题考查医学伦理的四大基本原则，包括尊重自主权、不伤害原则、行善原则、公正原则。

【最终答案】：ABCD

题目：护士在考试通过后逾期3年申请执业注册时，除基本条件外还需要满足以下哪项要求？
A.重新通过护士执业资格考试，B.在医疗机构接受6个月临床培训，C.在符合规定的机构接受3个月临床护理培训并合格，D.提交补充学历证明
【思考过程】：",C,Doubao-1.5-Thinking,"【思考过程】：根据《护士执业注册管理办法》规定，护士执业注册申请应自通过护士执业资格考试之日起3年内提出；逾期提出申请的，除提交常规材料外，还需提交在符合规定的机构（如省级卫生行政部门指定的教学、综合医院）接受3个月临床护理培训并考核合格的证明。选项A错误，因无需重新考试；选项B错误，培训时间应为3个月而非6个月；选项C正确，符合逾期注册的培训要求；选项D错误，无需补充学历证明。

【最终答案】：C",客观题,C
医患关系,"你是一个严格按照要求答题的医学考试考生。请你先展示出完整的思考过程，然后再输出最终答案。每道题目有至少两个选项（A、B）至多五个选项（A、B、C、D、E），题目为不定项选择题，请按照以下格式作答：

【思考过程】：...

【最终答案】：AB / BCE / CD / DE / E / ...（只输出选项的编号，不要写选项内容）

示例：
题目：医疗伦理中四大基本原则是？
A.尊重自主权
B.善意行为
C.无害原则
D.公正原则
E.以上都不是
【思考过程】：本题考查医学伦理的四大基本原则，包括尊重自主权、不伤害原则、行善原则、公正原则。

【最终答案】：ABCD

题目：护士执业注册申请的期限及逾期要求，以下哪项是正确的？
A.申请需在通过考试后2年内提出，逾期需接受6个月培训
B.申请需在通过考试后3年内提出，逾期需接受3个月培训且合格
C.申请无时间限制，但需每年参加考核
D.逾期申请者免除临床培训要求
【思考过程】：",B,Doubao-1.5-Thinking,"【思考过程】：根据《护士执业注册管理办法》相关规定，护士执业注册申请应自通过护士执业资格考试之日起3年内提出；逾期提出申请的，需提交在规定医院接受3个月临床护理培训并考核合格的证明。选项A中“2年内提出，逾期6个月培训”不符合规定；选项B“3年内提出，逾期需接受3个月培训且合格”符合要求；选项C“无时间限制”错误；选项D“免除临床培训”错误。

【最终答案】：B",客观题,B
医患关系,"你是一个严格按照要求答题的医学考试考生。请你先展示出完整的思考过程，然后再输出最终答案。每道题目有至少两个选项（A、B）至多五个选项（A、B、C、D、E），题目为不定项选择题，请按照以下格式作答：

【思考过程】：...

【最终答案】：AB / BCE / CD / DE / E / ...（只输出选项的编号，不要写选项内容）

示例：
题目：医疗伦理中四大基本原则是？
A.尊重自主权
B.善意行为
C.无害原则
D.公正原则
E.以上都不是
【思考过程】：本题考查医学伦理的四大基本原则，包括尊重自主权、不伤害原则、行善原则、公正原则。

【最终答案】：ABCD

题目：收到护士执业注册申请的卫生主管部门应当自收到申请之日起多少个工作日内做出决定？
A.15个工作日
B.20个工作日
C.25个自然日
D.30个自然日
E.45个工作日
【思考过程】：",B,Doubao-1.5-Thinking,"【思考过程】：根据《护士条例》规定，收到护士执业注册申请的卫生主管部门应当自收到申请之日起20个工作日内作出是否准予注册的决定。其他选项的时间（15、25、30、45个工作日或自然日）均不符合该条例的具体规定。

【最终答案】：B",客观题,B
医患关系,"你是一个严格按照要求答题的医学考试考生。请你先展示出完整的思考过程，然后再输出最终答案。每道题目有至少两个选项（A、B）至多五个选项（A、B、C、D、E），题目为不定项选择题，请按照以下格式作答：

【思考过程】：...

【最终答案】：AB / BCE / CD / DE / E / ...（只输出选项的编号，不要写选项内容）

示例：
题目：医疗伦理中四大基本原则是？
A.尊重自主权
B.善意行为
C.无害原则
D.公正原则
E.以上都不是
【思考过程】：本题考查医学伦理的四大基本原则，包括尊重自主权、不伤害原则、行善原则、公正原则。

【最终答案】：ABCD

题目：关于护士跨省变更执业地点的管理要求，以下哪些说法不符合规定？
A.所在省份卫生主管部门应在收到报告之日起7个工作日内办理变更手续
B.所在省份卫生主管部门应在收到报告之日起10个工作日内办理变更手续
C.跨省变更需由原注册部门直接办理变更登记
D.护士需要同时向原执业地和拟执业地的卫生主管部门提交报告
【思考过程】：",BCD,Doubao-1.5-Thinking,"【思考过程】：本题考查护士跨省变更执业地点的管理规定，需依据《护士执业注册管理办法》分析各选项。  
1. **时间要求**：根据规定，收到变更申请的卫生主管部门（拟执业地）应在7个工作日内办理变更手续。选项A（7个工作日）符合规定，选项B（10个工作日）不符合。  
2. **办理主体**：跨省变更执业地点时，应由拟执业地卫生主管部门办理变更手续，原注册部门无需直接办理变更登记。选项C（由原注册部门直接办理）不符合规定。  
3. **报告要求**：护士仅需向拟执业地卫生主管部门提交申请，无需同时向原执业地提交报告。选项D（同时向原和拟执业地提交报告）不符合规定。  

综上，不符合规定的选项为B、C、D。

【最终答案】：BCD",客观题,BCD
医患关系,"你是一个严格按照要求答题的医学考试考生。请你先展示出完整的思考过程，然后再输出最终答案。每道题目有至少两个选项（A、B）至多五个选项（A、B、C、D、E），题目为不定项选择题，请按照以下格式作答：

【思考过程】：...

【最终答案】：AB / BCE / CD / DE / E / ...（只输出选项的编号，不要写选项内容）

示例：
题目：医疗伦理中四大基本原则是？
A.尊重自主权
B.善意行为
C.无害原则
D.公正原则
E.以上都不是
【思考过程】：本题考查医学伦理的四大基本原则，包括尊重自主权、不伤害原则、行善原则、公正原则。

【最终答案】：ABCD

题目：护士执业注册有效期届满前申请延续注册的最早时间点是什么时候？
A.有效期届满前15日
B.有效期届满前20日
C.有效期届满前30日
D.有效期届满后30日内
【思考过程】：",C,Doubao-1.5-Thinking,"【思考过程】：根据《护士条例》规定，护士执业注册有效期为5年。有效期届满需要继续执业的，应当在有效期届满前30日向原注册部门申请延续注册。因此，申请延续注册的最早时间点是有效期届满前30日。其他选项中，A（15日）、B（20日）时间不足，D（届满后30日）已超过有效期，均不符合规定。

【最终答案】：C",客观题,C
医患关系,"你是一个严格按照要求答题的医学考试考生。请你先展示出完整的思考过程，然后再输出最终答案。每道题目有至少两个选项（A、B）至多五个选项（A、B、C、D、E），题目为不定项选择题，请按照以下格式作答：

【思考过程】：...

【最终答案】：AB / BCE / CD / DE / E / ...（只输出选项的编号，不要写选项内容）

示例：
题目：医疗伦理中四大基本原则是？
A.尊重自主权
B.善意行为
C.无害原则
D.公正原则
E.以上都不是
【思考过程】：本题考查医学伦理的四大基本原则，包括尊重自主权、不伤害原则、行善原则、公正原则。

【最终答案】：ABCD

题目：以下哪种行为违反了关于护士执业权利的法律规定？
A.某科室将夜班护士的交通补贴纳入绩效考核后发放
B.某医院因护士集体职称考试请假取消其年度体检福利
C.某护理机构对新入职护士暂缓缴纳三个月养老保险
D.某护士长在法定节假日后安排补休代替三倍工资
【思考过程】：",BCD,Doubao-1.5-Thinking,"【思考过程】：本题需结合《护士条例》《劳动法》《社会保险法》等相关法律规定分析各选项是否违反护士执业权利。  

- **选项A**：交通补贴通常属于单位自主设定的福利或津贴，将其纳入绩效考核后发放，未明确违反法律对护士执业权利的强制性规定，不违法。  
- **选项B**：护士参加职称考试属于职业发展的合理需求，医院因请假取消年度体检福利（属于员工应享有的基本福利或医疗保健服务），侵犯了护士的合法权益，违反法律规定。  
- **选项C**：根据《社会保险法》，用人单位应自用工之日起30日内为职工缴纳社会保险，暂缓三个月缴纳明显违反法律规定。  
- **选项D**：《劳动法》规定，法定节假日加班需支付不低于工资300%的报酬，不可用补休代替。护士长用补休代替三倍工资，违反法律规定。  

【最终答案】：BCD",客观题,BCD
医患关系,"你是一个严格按照要求答题的医学考试考生。请你先展示出完整的思考过程，然后再输出最终答案。每道题目有至少两个选项（A、B）至多五个选项（A、B、C、D、E），题目为不定项选择题，请按照以下格式作答：

【思考过程】：...

【最终答案】：AB / BCE / CD / DE / E / ...（只输出选项的编号，不要写选项内容）

示例：
题目：医疗伦理中四大基本原则是？
A.尊重自主权
B.善意行为
C.无害原则
D.公正原则
E.以上都不是
【思考过程】：本题考查医学伦理的四大基本原则，包括尊重自主权、不伤害原则、行善原则、公正原则。

【最终答案】：ABCD

题目：护士发现某医生的医嘱违反诊疗技术规范，以下哪些属于正确的处理方式？
A.向同事咨询意见，B.立即向开具医嘱的医师提出异议，C.向该医师所在科室负责人报告，D.直接向医院伦理委员会举报，E.将医嘱修改后执行
【思考过程】：",BC,Doubao-1.5-Thinking,"【思考过程】：根据《护士条例》规定，护士发现医嘱违反法律、法规、规章或者诊疗技术规范规定的，应当及时向开具医嘱的医师提出异议（对应选项B）；必要时，应当向该医师所在科室的负责人或者医疗卫生机构负责医疗服务管理的人员报告（对应选项C）。选项A（向同事咨询意见）并非法定处理流程；选项D（直接向伦理委员会举报）不符合“必要时”的递进程序；选项E（修改后执行）违反护士不得擅自修改医嘱的规定。

【最终答案】：BC",客观题,BC
医患关系,"你是一个严格按照要求答题的医学考试考生。请你先展示出完整的思考过程，然后再输出最终答案。每道题目有至少两个选项（A、B）至多五个选项（A、B、C、D、E），题目为不定项选择题，请按照以下格式作答：

【思考过程】：...

【最终答案】：AB / BCE / CD / DE / E / ...（只输出选项的编号，不要写选项内容）

示例：
题目：医疗伦理中四大基本原则是？
A.尊重自主权
B.善意行为
C.无害原则
D.公正原则
E.以上都不是
【思考过程】：本题考查医学伦理的四大基本原则，包括尊重自主权、不伤害原则、行善原则、公正原则。

【最终答案】：ABCD

题目：以下哪些人员不得在医疗卫生机构独立从事诊疗技术规范规定的护理活动？
A.持有护理专业毕业证书但未取得护士执业证书的实习人员
B.已注册但未办理执业地点变更的社区护士
C.执业注册证有效期届满后参与培训的护士
D.在基层医院执业5年但未延续注册的护士
E.有护士执业证书但未完成年度继续教育的学习护士
【思考过程】：",ABCD,Doubao-1.5-Thinking,"【思考过程】：本题需依据《护士条例》及《护士执业注册管理办法》分析各选项是否符合“不得独立从事护理活动”的情形：

- 选项A：实习人员仅持有护理专业毕业证书但未取得护士执业证书，根据规定，护士执业必须经执业注册取得证书，因此不能独立从事护理活动。  
- 选项B：已注册但未办理执业地点变更的护士，若其执业地点仍在原注册范围内，注册仍有效，可在原地点执业；若变更地点未登记，可能影响新地点执业，但题目未明确是否在原地点，故不必然属于“不得独立从事”的情形。  
- 选项C：执业注册证有效期届满后未延续注册的，注册失效，即使参与培训，仍无法合法执业，不得独立从事护理活动。  
- 选项D：执业5年未延续注册（注册有效期为5年），注册证已失效，无法继续执业，不得独立从事护理活动。  
- 选项E：未完成年度继续教育通常属于定期考核内容，不直接导致执业资格丧失，不影响独立从事护理活动。  

综上，A、C、D符合“不得独立从事”的条件。

【最终答案】：ACD",客观题,ACD
医患关系,"你是一个严格按照要求答题的医学考试考生。请你先展示出完整的思考过程，然后再输出最终答案。每道题目有至少两个选项（A、B）至多五个选项（A、B、C、D、E），题目为不定项选择题，请按照以下格式作答：

【思考过程】：...

【最终答案】：AB / BCE / CD / DE / E / ...（只输出选项的编号，不要写选项内容）

示例：
题目：医疗伦理中四大基本原则是？
A.尊重自主权
B.善意行为
C.无害原则
D.公正原则
E.以上都不是
【思考过程】：本题考查医学伦理的四大基本原则，包括尊重自主权、不伤害原则、行善原则、公正原则。

【最终答案】：ABCD

题目：以下哪种做法符合医疗卫生机构对护士的职业保护要求？
A.每季度组织护士参加综艺团建活动
B.按需发放防护口罩和一次性手套
C.每月监测护士血红蛋白指标
D.建立针刺伤防护操作规范流程
E.定期组织护士职称考试培训
【思考过程】：",BD,Doubao-1.5-Thinking,"【思考过程】：本题考查医疗卫生机构对护士的职业保护要求。职业保护主要涉及工作中的安全防护、职业暴露预防等方面。  
- 选项A：综艺团建活动属于团队建设或员工福利，与职业安全防护无直接关联，不符合职业保护要求。  
- 选项B：按需发放防护口罩和一次性手套是保障护士在工作中避免感染或接触污染物的基本防护措施，符合职业保护要求。  
- 选项C：每月监测血红蛋白指标（反映贫血情况）与护士职业暴露或工作相关健康风险无直接关联，非职业保护的必要措施。  
- 选项D：建立针刺伤防护操作规范流程可有效预防护士因针刺伤导致的职业暴露风险，属于职业保护的核心要求。  
- 选项E：职称考试培训属于职业发展或继续教育，与职业安全健康保护无关。  

【最终答案】：BD",客观题,BD
医患关系,"你是一个严格按照要求答题的医学考试考生。请你先展示出完整的思考过程，然后再输出最终答案。每道题目有至少两个选项（A、B）至多五个选项（A、B、C、D、E），题目为不定项选择题，请按照以下格式作答：

【思考过程】：...

【最终答案】：AB / BCE / CD / DE / E / ...（只输出选项的编号，不要写选项内容）

示例：
题目：医疗伦理中四大基本原则是？
A.尊重自主权
B.善意行为
C.无害原则
D.公正原则
E.以上都不是
【思考过程】：本题考查医学伦理的四大基本原则，包括尊重自主权、不伤害原则、行善原则、公正原则。

【最终答案】：ABCD

题目：根据国家规定，以下哪种情形所在医疗卫生机构应给予护士津贴？
A.护士每月完成超过200小时工作量
B.在海拔4500米的高原乡镇卫生所工作
C.参与三甲医院急诊科预检分诊工作
D.长期从事重症监护室夜班工作
E.日常配制肿瘤化疗药物
【思考过程】：",BE,Doubao-1.5-Thinking,"【思考过程】：根据国家相关规定，护士津贴主要针对在特殊环境、存在职业危害或艰苦岗位工作的护士。分析各选项：  
- 选项A（超200小时工作量）：津贴与工作量无关，属于加班工资范畴。  
- 选项B（海拔4500米高原乡镇卫生所）：高原地区属于艰苦边远地区，符合护士津贴条件。  
- 选项C（三甲医院急诊科预检分诊）：常规科室工作，无特殊环境或风险，不涉及津贴。  
- 选项D（重症监护室夜班）：夜班属于夜班补贴，非护士津贴范畴。  
- 选项E（配制肿瘤化疗药物）：接触细胞毒性药物，存在职业暴露风险，符合特殊岗位津贴条件。  

【最终答案】：BE",客观题,BE
医患关系,"你是一个严格按照要求答题的医学考试考生。请你先展示出完整的思考过程，然后再输出最终答案。每道题目有至少两个选项（A、B）至多五个选项（A、B、C、D、E），题目为不定项选择题，请按照以下格式作答：

【思考过程】：...

【最终答案】：AB / BCE / CD / DE / E / ...（只输出选项的编号，不要写选项内容）

示例：
题目：医疗伦理中四大基本原则是？
A.尊重自主权
B.善意行为
C.无害原则
D.公正原则
E.以上都不是
【思考过程】：本题考查医学伦理的四大基本原则，包括尊重自主权、不伤害原则、行善原则、公正原则。

【最终答案】：ABCD

题目：根据相关规定，以下哪些内容属于护士在职培训的要求？
A.每季度开展理论考试
B.新知识、新技术的应用
C.岗前见习培训不低于7天
D.根据专科护理岗位需要开展的专科护理培训
E.加强护理人文关怀专项教育
【思考过程】：",BDE,Doubao-1.5-Thinking,"【思考过程】：本题需判断哪些属于护士在职培训的要求。首先明确在职培训是针对已入职护士的持续教育。选项A“每季度开展理论考试”属于培训后的考核方式，并非培训本身的要求；选项B“新知识、新技术的应用”是在职培训更新知识技能的核心内容；选项C“岗前见习培训不低于7天”属于入职前的岗前培训，不属于在职培训；选项D“根据专科护理岗位需要开展的专科护理培训”是针对在职护士岗位需求的专项培训；选项E“加强护理人文关怀专项教育”是在职培训中提升职业素养的重要内容。因此，B、D、E属于在职培训要求。

【最终答案】：BDE",客观题,BDE
医患关系,"你是一个严格按照要求答题的医学考试考生。请你先展示出完整的思考过程，然后再输出最终答案。每道题目有至少两个选项（A、B）至多五个选项（A、B、C、D、E），题目为不定项选择题，请按照以下格式作答：

【思考过程】：...

【最终答案】：AB / BCE / CD / DE / E / ...（只输出选项的编号，不要写选项内容）

示例：
题目：医疗伦理中四大基本原则是？
A.尊重自主权
B.善意行为
C.无害原则
D.公正原则
E.以上都不是
【思考过程】：本题考查医学伦理的四大基本原则，包括尊重自主权、不伤害原则、行善原则、公正原则。

【最终答案】：ABCD

题目：根据相关规定，关于医疗卫生机构护理管理工作的描述，以下哪项正确？
A.必须同时设置专门机构和专职人员
B.应当配备全职人员负责
C.可设置专门机构或配备专（兼）职人员
D.需按省级卫生部门要求执行
E.无需设立管理机构但需定期检查
【思考过程】：",C,Doubao-1.5-Thinking,"【思考过程】：本题考查医疗卫生机构护理管理工作的相关规定。根据《护士条例》及《医院护理管理办法》等规定，医疗卫生机构应根据机构规模、任务和实际情况设置护理管理机构或配备人员。具体要求为：规模较大的医疗机构（如三级医院）需设置专门的护理管理机构（如护理部）；规模较小的医疗机构（如一级医院或其他小型机构）可配备专职或兼职护理管理人员。因此，“可设置专门机构或配备专（兼）职人员”符合规定。其他选项分析：A选项“必须同时设置专门机构和专职人员”不符合实际，无需“同时”；B选项“应当配备全职人员”过于绝对，允许兼职；D选项“需按省级卫生部门要求执行”无明确依据，国家层面已有统一规定；E选项“无需设立管理机构但需定期检查”不符合基本管理要求，必须有管理措施。

【最终答案】：C",客观题,C
医患关系,"你是一个严格按照要求答题的医学考试考生。请你先展示出完整的思考过程，然后再输出最终答案。每道题目有至少两个选项（A、B）至多五个选项（A、B、C、D、E），题目为不定项选择题，请按照以下格式作答：

【思考过程】：...

【最终答案】：AB / BCE / CD / DE / E / ...（只输出选项的编号，不要写选项内容）

示例：
题目：医疗伦理中四大基本原则是？
A.尊重自主权
B.善意行为
C.无害原则
D.公正原则
E.以上都不是
【思考过程】：本题考查医学伦理的四大基本原则，包括尊重自主权、不伤害原则、行善原则、公正原则。

【最终答案】：ABCD

题目：护士因违反职业道德被投诉后，其所在医疗卫生机构应如何处理？
A.展开调查并确认事实后处理护士并告知投诉人
B.无论投诉内容是否属实均需建立档案备查
C.经查证属实时仅将处理情况上报上级卫生部门而未告知投诉人
D.未展开调查而直接对护士进行岗位调整
【思考过程】：",A,Doubao-1.5-Thinking,"【思考过程】：本题考查护士违反职业道德被投诉后的处理规范。根据相关医疗卫生机构管理规定，当护士被投诉违反职业道德时，机构应首先展开调查核实事实（D选项未调查直接处理错误）；确认事实后需对护士进行处理，并将处理结果告知投诉人（C选项未告知投诉人错误）；同时，无论投诉内容是否属实，均应建立档案备查（B选项正确）。A选项符合“调查-确认-处理-告知”的完整流程，正确。

【最终答案】：AB",客观题,AB
医患关系,"你是一个严格按照要求答题的医学考试考生。请你先展示出完整的思考过程，然后再输出最终答案。每道题目有至少两个选项（A、B）至多五个选项（A、B、C、D、E），题目为不定项选择题，请按照以下格式作答：

【思考过程】：...

【最终答案】：AB / BCE / CD / DE / E / ...（只输出选项的编号，不要写选项内容）

示例：
题目：医疗伦理中四大基本原则是？
A.尊重自主权
B.善意行为
C.无害原则
D.公正原则
E.以上都不是
【思考过程】：本题考查医学伦理的四大基本原则，包括尊重自主权、不伤害原则、行善原则、公正原则。

【最终答案】：ABCD

题目：依据相关法规，以下哪一情形中的卫生主管部门工作人员不需要承担相应法律责任？
A.在护士资质审核中收受贿赂降低标准
B.将亲属安排的轻症患者优先占用护士资源
C.长期未更新护士执业监管档案导致管理混乱
D.非职务行为接受某护士提供的宴请
E.伪造监管记录包庇违规操作护士
【思考过程】：",D,Doubao-1.5-Thinking,"【思考过程】：本题需判断卫生主管部门工作人员在何种情形下无需承担法律责任。根据《护士条例》等相关法规，卫生主管部门工作人员因职务行为违法或失职需担责，非职务行为则可能不涉及。  
- 选项A：收受贿赂降低资质审核标准，属于滥用职权、徇私舞弊，需担责。  
- 选项B：利用职务之便为亲属优先占用护士资源，属于滥用职权，需担责。  
- 选项C：长期未更新监管档案导致管理混乱，属于玩忽职守，需担责。  
- 选项D：非职务行为接受宴请，未涉及职务履行中的违法或失职，无需担责。  
- 选项E：伪造记录包庇违规护士，属于徇私舞弊，需担责。  

【最终答案】：D",客观题,D
医患关系,"你是一个严格按照要求答题的医学考试考生。请你先展示出完整的思考过程，然后再输出最终答案。每道题目有至少两个选项（A、B）至多五个选项（A、B、C、D、E），题目为不定项选择题，请按照以下格式作答：

【思考过程】：...

【最终答案】：AB / BCE / CD / DE / E / ...（只输出选项的编号，不要写选项内容）

示例：
题目：医疗伦理中四大基本原则是？
A.尊重自主权
B.善意行为
C.无害原则
D.公正原则
E.以上都不是
【思考过程】：本题考查医学伦理的四大基本原则，包括尊重自主权、不伤害原则、行善原则、公正原则。

【最终答案】：ABCD

题目：下列哪些情形会导致医疗卫生机构被卫生主管部门责令整改并处罚？
A.配备护士数为编制标准的80%
B.允许未按时参加继续教育的护士执行静脉穿刺
C.因急诊人力不足临时允许未持证护士处理急救操作
D.未核实护士执业地点变更手续即安排值班
E.护士每周工作时间超过60小时
【思考过程】：",C,Doubao-1.5-Thinking,"【思考过程】：本题需依据《护士条例》及相关法规分析各选项是否属于医疗卫生机构被责令整改并处罚的情形：

- **选项A**：根据《护士条例》第二十八条（一），医疗卫生机构若护士配备数量低于国务院卫生主管部门规定的标准（如床护比不达标），将被责令整改并处罚。配备护士数为编制标准的80%（低于规定比例），属于此情形。  
- **选项B**：《护士条例》未明确将“未按时参加继续教育”直接列为禁止执业的情形。继续教育通常与执业注册延续相关，但未按时参加不一定导致执业证书失效，因此机构允许此类护士执业不直接违反条例规定。  
- **选项C**：《护士条例》第二十八条（二）规定，允许未取得护士执业证书的人员从事护理活动的，需被处罚。“未持证护士”即无执业证书，属于此情形。  
- **选项D**：《护士条例》第二十八条（二）规定，允许未办理执业地点变更手续的护士执业的，需被处罚。未核实变更手续即安排值班，属于此情形。  
- **选项E**：护士每周工作时间超过60小时属于违反《劳动法》的劳动时间规定，由劳动行政部门管辖，不属于卫生主管部门直接处罚的范围。  

综上，符合处罚情形的为A、C、D。

【最终答案】：ACD",客观题,ACD
医患关系,"你是一个严格按照要求答题的医学考试考生。请你先展示出完整的思考过程，然后再输出最终答案。每道题目有至少两个选项（A、B）至多五个选项（A、B、C、D、E），题目为不定项选择题，请按照以下格式作答：

【思考过程】：...

【最终答案】：AB / BCE / CD / DE / E / ...（只输出选项的编号，不要写选项内容）

示例：
题目：医疗伦理中四大基本原则是？
A.尊重自主权
B.善意行为
C.无害原则
D.公正原则
E.以上都不是
【思考过程】：本题考查医学伦理的四大基本原则，包括尊重自主权、不伤害原则、行善原则、公正原则。

【最终答案】：ABCD

题目：以下哪些情形可能导致医疗卫生机构被依法处罚？（多选）
A.护士因工作原因感染传染病但未获得医疗保健措施
B.未为急诊科护士缴纳住房公积金
C.向高原地区护士发放高温津贴而非边远地区津贴
D.将护士基础工资设置为地方政府规定标准的70%
【思考过程】：",ABCD,Doubao-1.5-Thinking,"【思考过程】：本题需依据相关法律法规分析各选项是否可能导致医疗卫生机构被处罚：

- **选项A**：根据《护士条例》第十三条，医疗卫生机构应当为护士提供卫生防护用品及有效的医疗保健措施。护士因工作感染传染病未获得医疗保健措施，违反该规定，可能被处罚。  
- **选项B**：《住房公积金管理条例》规定，单位应为在职职工缴存住房公积金。未为急诊科护士缴纳住房公积金属于未履行法定义务，违反该条例，可能被处罚。  
- **选项C**：高原地区通常属于艰苦边远地区，根据《护士条例》第二十二条，对在艰苦边远地区工作的护士应按国家规定给予边远地区津贴。若机构错误发放高温津贴而非边远地区津贴，属于未按规定支付津贴，可能被处罚。  
- **选项D**：《劳动法》规定，用人单位支付劳动者的工资不得低于当地最低工资标准。将护士基础工资设为地方标准的70%，低于最低工资标准，违反《劳动法》，可能被处罚。  

综上，四个选项均可能导致处罚。

【最终答案】：ABCD",客观题,ABCD
医患关系,"你是一个严格按照要求答题的医学考试考生。请你先展示出完整的思考过程，然后再输出最终答案。每道题目有至少两个选项（A、B）至多五个选项（A、B、C、D、E），题目为不定项选择题，请按照以下格式作答：

【思考过程】：...

【最终答案】：AB / BCE / CD / DE / E / ...（只输出选项的编号，不要写选项内容）

示例：
题目：医疗伦理中四大基本原则是？
A.尊重自主权
B.善意行为
C.无害原则
D.公正原则
E.以上都不是
【思考过程】：本题考查医学伦理的四大基本原则，包括尊重自主权、不伤害原则、行善原则、公正原则。

【最终答案】：ABCD

题目：以下哪些情形可能导致医疗卫生机构被责令改正并警告？
A.未制定护士在职培训计划
B.未能保证护士参与完整的培训课程
C.将护士的单次排班时间延长至12小时
D.护士培训计划未提交上级卫生部门审批
【思考过程】：",AB,Doubao-1.5-Thinking,"【思考过程】：本题需依据《护士条例》相关规定分析各选项。根据《护士条例》第二十四条，医疗卫生机构应当制定、实施本机构护士在职培训计划，并保证护士接受培训。若未制定（选项A）或未能保证护士参与完整培训（选项B），则违反该规定，可能被责令改正并警告。选项C中单次排班12小时未明确违反《护士条例》，更多涉及《劳动法》加班规定，不直接导致警告；选项D要求培训计划提交审批无法律依据，《护士条例》未规定此程序。

【最终答案】：AB",客观题,AB
医患关系,"你是一个严格按照要求答题的医学考试考生。请你先展示出完整的思考过程，然后再输出最终答案。每道题目有至少两个选项（A、B）至多五个选项（A、B、C、D、E），题目为不定项选择题，请按照以下格式作答：

【思考过程】：...

【最终答案】：AB / BCE / CD / DE / E / ...（只输出选项的编号，不要写选项内容）

示例：
题目：医疗伦理中四大基本原则是？
A.尊重自主权
B.善意行为
C.无害原则
D.公正原则
E.以上都不是
【思考过程】：本题考查医学伦理的四大基本原则，包括尊重自主权、不伤害原则、行善原则、公正原则。

【最终答案】：ABCD

题目：根据《护士条例》，护士在下列哪些情形下可能被暂停执业活动或吊销执业证书？
A.未及时为术后患者更换敷料导致感染
B.发现患者突发室颤但未立即通知值班医师
C.将患者的HIV检测结果告知其同事
D.收到有配伍禁忌的医嘱后未提出异议直接执行
E.因交通管制拒绝参加突发化学泄漏事故的医疗救援
【思考过程】：",BCDE,Doubao-1.5-Thinking,"【思考过程】：本题需依据《护士条例》第三十一条关于护士法律责任的规定分析各选项：

- 选项A：未及时更换敷料导致感染，属于护理失职，但《护士条例》第三十一条未将此类一般护理失误明确列为可暂停或吊销执业证书的情形，故不选。  
- 选项B：发现患者室颤（病情危急）未立即通知医师，符合第三十一条第（一）项“发现患者病情危急未立即通知医师”的情形，可能被处罚。  
- 选项C：泄露患者HIV检测结果（隐私），符合第三十一条第（三）项“泄露患者隐私”的情形，情节严重时可被处罚。  
- 选项D：收到配伍禁忌医嘱未提出异议直接执行，符合第三十一条第（二）项“发现医嘱违反规定未提出或报告”的情形，可能被处罚。  
- 选项E：因交通管制拒绝参加救援，交通管制属于客观障碍，不属于“无正当理由不服从安排”，不满足第三十一条第（四）项的处罚条件，故不选。  

【最终答案】：BCD",客观题,BCD
医患关系,"你是一个严格按照要求答题的医学考试考生。请你先展示出完整的思考过程，然后再输出最终答案。每道题目有至少两个选项（A、B）至多五个选项（A、B、C、D、E），题目为不定项选择题，请按照以下格式作答：

【思考过程】：...

【最终答案】：AB / BCE / CD / DE / E / ...（只输出选项的编号，不要写选项内容）

示例：
题目：医疗伦理中四大基本原则是？
A.尊重自主权
B.善意行为
C.无害原则
D.公正原则
E.以上都不是
【思考过程】：本题考查医学伦理的四大基本原则，包括尊重自主权、不伤害原则、行善原则、公正原则。

【最终答案】：ABCD

题目：护士被吊销执业证书后，自吊销之日起多少年内不得申请执业注册？
A.1年
B.2年
C.3年
D.4年
E.5年
【思考过程】：",B,Doubao-1.5-Thinking,"【思考过程】：根据《护士条例》规定，护士被吊销执业证书后，自吊销之日起2年内不得申请执业注册。

【最终答案】：B",客观题,B
医患关系,"你是一个严格按照要求答题的医学考试考生。请你先展示出完整的思考过程，然后再输出最终答案。每道题目有至少两个选项（A、B）至多五个选项（A、B、C、D、E），题目为不定项选择题，请按照以下格式作答：

【思考过程】：...

【最终答案】：AB / BCE / CD / DE / E / ...（只输出选项的编号，不要写选项内容）

示例：
题目：医疗伦理中四大基本原则是？
A.尊重自主权
B.善意行为
C.无害原则
D.公正原则
E.以上都不是
【思考过程】：本题考查医学伦理的四大基本原则，包括尊重自主权、不伤害原则、行善原则、公正原则。

【最终答案】：ABCD

题目：以下哪些行为可能违反《护士条例》规定，并可能由公安机关处理？
A. 未按时填写护理记录
B. 辱骂正在执行静脉穿刺的护士
C. 强行闯入治疗室阻碍护士配药
D. 医疗机构内部对护士进行纪律处分
E. 威胁护士不得向患者家属说明用药风险
【思考过程】：",BCE,Doubao-1.5-Thinking,"【思考过程】：本题需依据《护士条例》判断哪些行为可能违反规定并由公安机关处理。根据《护士条例》第三十三条，扰乱医疗秩序、阻碍护士执业、侮辱/威胁/殴打护士或侵犯护士权益的行为，由公安机关处理。  
- 选项A“未按时填写护理记录”属于护士执业规范问题，通常由卫生行政部门处理，非公安机关。  
- 选项B“辱骂护士”属于侮辱护士合法权益，符合第三十三条，由公安机关处理。  
- 选项C“强行闯入治疗室阻碍配药”属于阻碍护士依法执业，符合第三十三条，由公安机关处理。  
- 选项D“内部纪律处分”是医疗机构内部管理行为，与公安机关无关。  
- 选项E“威胁护士不得说明用药风险”属于威胁护士履行职责，侵犯其合法权益，符合第三十三条，由公安机关处理。  

【最终答案】：BCE",客观题,BCE
医患关系,"你是一个严格按照要求答题的医学考试考生。请你先展示出完整的思考过程，然后再输出最终答案。每道题目有至少两个选项（A、B）至多五个选项（A、B、C、D、E），题目为不定项选择题，请按照以下格式作答：

【思考过程】：...

【最终答案】：AB / BCE / CD / DE / E / ...（只输出选项的编号，不要写选项内容）

示例：
题目：医疗伦理中四大基本原则是？
A.尊重自主权
B.善意行为
C.无害原则
D.公正原则
E.以上都不是
【思考过程】：本题考查医学伦理的四大基本原则，包括尊重自主权、不伤害原则、行善原则、公正原则。

【最终答案】：ABCD

题目：在医疗机构人事招录和聘任工作中，以下哪些原则属于必须遵循的范畴？
A.公平原则
B.公正原则
C.效率优先原则
D.公开原则
E.保密原则
【思考过程】：",ABD,Doubao-1.5-Thinking,"【思考过程】：医疗机构人事招录和聘任工作属于事业单位人事管理范畴。根据《事业单位人事管理条例》及相关规定，事业单位公开招聘应遵循公开、平等、竞争、择优的原则。其中，“公开”（D）指招聘信息、程序、结果等向社会公开；“平等”体现为“公平”（A），即机会均等，无歧视；“择优”需以“公正”（B）为基础，确保程序和结果公平合理。“效率优先原则”（C）并非招聘核心原则，更强调公平而非效率优先；“保密原则”（E）虽可能涉及隐私保护，但非招录必须遵循的核心原则。因此，必须遵循的原则为公平、公正、公开。

【最终答案】：ABD",客观题,ABD
医患关系,"你是一个严格按照要求答题的医学考试考生。请你先展示出完整的思考过程，然后再输出最终答案。每道题目有至少两个选项（A、B）至多五个选项（A、B、C、D、E），题目为不定项选择题，请按照以下格式作答：

【思考过程】：...

【最终答案】：AB / BCE / CD / DE / E / ...（只输出选项的编号，不要写选项内容）

示例：
题目：医疗伦理中四大基本原则是？
A.尊重自主权
B.善意行为
C.无害原则
D.公正原则
E.以上都不是
【思考过程】：本题考查医学伦理的四大基本原则，包括尊重自主权、不伤害原则、行善原则、公正原则。

【最终答案】：ABCD

题目：下列哪些行为违反了医疗机构内控制度的相关规定？
A.院长在招标会上公开为亲属企业的药品供应商争取投标资格
B.医院专门成立小组对供应商进行市场调研后再开展采购
C.财务负责人口头要求采购部门优先购买其同学公司的医疗器械
D.采购委员会依据国家最新政策调整供应商资质标准
【思考过程】：",AC,Doubao-1.5-Thinking,"【思考过程】：本题考查医疗机构内控制度的合规性判断。内控制度核心在于规范流程、防止利益冲突、确保公正透明。  
- 选项A：院长为亲属企业争取投标资格，涉及利益输送，违反内控制度中防止利益冲突的规定。  
- 选项B：成立小组调研后采购，属于规范采购流程的合理行为，不违反。  
- 选项C：财务负责人口头要求优先购买同学公司产品，属于个人干预采购流程，违反内控制度中规范采购决策的要求。  
- 选项D：依据国家政策调整资质标准，是符合内控制度动态调整要求的合规行为，不违反。  

【最终答案】：AC",客观题,AC
医患关系,"你是一个严格按照要求答题的医学考试考生。请你先展示出完整的思考过程，然后再输出最终答案。每道题目有至少两个选项（A、B）至多五个选项（A、B、C、D、E），题目为不定项选择题，请按照以下格式作答：

【思考过程】：...

【最终答案】：AB / BCE / CD / DE / E / ...（只输出选项的编号，不要写选项内容）

示例：
题目：医疗伦理中四大基本原则是？
A.尊重自主权
B.善意行为
C.无害原则
D.公正原则
E.以上都不是
【思考过程】：本题考查医学伦理的四大基本原则，包括尊重自主权、不伤害原则、行善原则、公正原则。

【最终答案】：ABCD

题目：以下哪些行为符合规范行医的要求？
A.为降低患者焦虑故意缩小病情风险
B.优先选择符合指南的基础检查手段
C.对慢性症状患者尽量减少药物使用
D.根据影像学指征明确说明病灶大小
E.为提升疗效推荐试验阶段的新型疗法
【思考过程】：",BD,Doubao-1.5-Thinking,"【思考过程】：规范行医要求遵循医学指南、合理检查、准确沟通病情、避免过度医疗及使用未证实有效的疗法。  
- 选项A：“故意缩小病情风险”违反知情同意原则，不符合规范。  
- 选项B：“优先选择符合指南的基础检查”遵循临床指南，避免不必要检查，符合规范。  
- 选项C：“慢性患者尽量减少药物使用”可避免药物依赖或副作用，属于合理用药，符合规范。  
- 选项D：“根据影像学明确说明病灶大小”是准确沟通病情的表现，符合规范。  
- 选项E：“推荐试验阶段疗法”需严格知情同意且疗效未确定，不能以“提升疗效”为理由推荐，不符合规范。  

【最终答案】：BCD",客观题,BCD
医患关系,"你是一个严格按照要求答题的医学考试考生。请你先展示出完整的思考过程，然后再输出最终答案。每道题目有至少两个选项（A、B）至多五个选项（A、B、C、D、E），题目为不定项选择题，请按照以下格式作答：

【思考过程】：...

【最终答案】：AB / BCE / CD / DE / E / ...（只输出选项的编号，不要写选项内容）

示例：
题目：医疗伦理中四大基本原则是？
A.尊重自主权
B.善意行为
C.无害原则
D.公正原则
E.以上都不是
【思考过程】：本题考查医学伦理的四大基本原则，包括尊重自主权、不伤害原则、行善原则、公正原则。

【最终答案】：ABCD

题目：以下哪项行为违反医疗文书管理相关法规？
A.病历材料电子化保存
B.伪造病历材料
C.签署未经亲自检查的医学证明
D.按流程销毁过期的空白处方笺
E.补写遗漏的病程记录并标注补充时间
【思考过程】：",BC,Doubao-1.5-Thinking,"【思考过程】：本题需判断哪些行为违反医疗文书管理相关法规。  
- 选项A：病历电子化保存是符合当前医疗信息化要求的合法行为，不违反法规。  
- 选项B：伪造病历材料直接违反《医疗纠纷预防和处理条例》中“病历应客观、真实”的规定，属于违法行为。  
- 选项C：签署未经亲自检查的医学证明违反《执业医师法》中“医师不得出具与自己执业范围无关或与执业类别不相符的医学证明文件”的规定，属于违规。  
- 选项D：按流程销毁过期空白处方笺是规范的文书管理行为，不违反法规。  
- 选项E：补写遗漏病程记录并标注时间符合《病历书写基本规范》中“因抢救未能及时书写病历时应在6小时内补记并注明”的要求，不违规。  

【最终答案】：BC",客观题,BC
医患关系,"你是一个严格按照要求答题的医学考试考生。请你先展示出完整的思考过程，然后再输出最终答案。每道题目有至少两个选项（A、B）至多五个选项（A、B、C、D、E），题目为不定项选择题，请按照以下格式作答：

【思考过程】：...

【最终答案】：AB / BCE / CD / DE / E / ...（只输出选项的编号，不要写选项内容）

示例：
题目：医疗伦理中四大基本原则是？
A.尊重自主权
B.善意行为
C.无害原则
D.公正原则
E.以上都不是
【思考过程】：本题考查医学伦理的四大基本原则，包括尊重自主权、不伤害原则、行善原则、公正原则。

【最终答案】：ABCD

题目：以下哪种行为符合医疗技术临床应用管理规范中关于医师执业权限的规定？
A.实习医师在紧急情况下独立应用新获批的护理技术
B.主治医师应用尚未通过单位审查的新技术进行患者救治
C.副主任医师按照单位规定的执业等级权限应用新医疗技术
D.护士长在常规护理中自行尝试未经评估的技术优化
【思考过程】：",C,Doubao-1.5-Thinking,"【思考过程】：根据《医疗技术临床应用管理办法》等规范，医师应用医疗技术需符合所在医疗机构规定的执业权限，新技术应用需经单位审查评估。选项A中实习医师无独立执业权限，且护理技术非医师范畴；选项B中未通过单位审查的新技术不得应用；选项C中副主任医师按单位规定权限应用新技术符合规范；选项D中护士长自行尝试未经评估的技术优化违反规定。

【最终答案】：C",客观题,C
医患关系,"你是一个严格按照要求答题的医学考试考生。请你先展示出完整的思考过程，然后再输出最终答案。每道题目有至少两个选项（A、B）至多五个选项（A、B、C、D、E），题目为不定项选择题，请按照以下格式作答：

【思考过程】：...

【最终答案】：AB / BCE / CD / DE / E / ...（只输出选项的编号，不要写选项内容）

示例：
题目：医疗伦理中四大基本原则是？
A.尊重自主权
B.善意行为
C.无害原则
D.公正原则
E.以上都不是
【思考过程】：本题考查医学伦理的四大基本原则，包括尊重自主权、不伤害原则、行善原则、公正原则。

【最终答案】：ABCD

题目：以下哪项行为违反了常规护理中的病历管理规定？
A.护理人员伪造患者体温监测记录
B.因纠纷故意隐匿抢救过程记录
C.接班后未及时记录患者输液反应
D.妥善保管患者病历以防信息泄露
E.用修正液涂改病历并重新签署姓名和日期
【思考过程】：",ABCE,Doubao-1.5-Thinking,"【思考过程】：本题需判断哪些行为违反病历管理规定。根据病历管理相关规范：  
- 选项A（伪造体温记录）：病历需真实准确，伪造属于违规。  
- 选项B（隐匿抢救记录）：病历需完整保存，隐匿属违规。  
- 选项C（未及时记录输液反应）：病历需及时记录，未及时记录影响完整性，属违规。  
- 选项D（妥善保管防泄露）：符合病历保管要求，不违规。  
- 选项E（用修正液涂改并重新签署）：病历修改需划线注明，禁止用修正液，属违规。  

【最终答案】：ABCE",客观题,ABCE
医患关系,"你是一个严格按照要求答题的医学考试考生。请你先展示出完整的思考过程，然后再输出最终答案。每道题目有至少两个选项（A、B）至多五个选项（A、B、C、D、E），题目为不定项选择题，请按照以下格式作答：

【思考过程】：...

【最终答案】：AB / BCE / CD / DE / E / ...（只输出选项的编号，不要写选项内容）

示例：
题目：医疗伦理中四大基本原则是？
A.尊重自主权
B.善意行为
C.无害原则
D.公正原则
E.以上都不是
【思考过程】：本题考查医学伦理的四大基本原则，包括尊重自主权、不伤害原则、行善原则、公正原则。

【最终答案】：ABCD

题目：在常规护理中，以下哪些行为符合处方调剂职责的规范？
A.因库存不足，将处方中的头孢曲松钠更换为头孢哌酮钠舒巴坦钠
B.对照处方内容检查药物规格与患者年龄是否匹配
C.为减少患者等待时间，擅自在调配时提高注射用青霉素的配制浓度
D.发现处方中药品名称缺字后联系开方医师确认
E.严格遵循""四查十对""流程扫描药品条形码
【思考过程】：",BDE,Doubao-1.5-Thinking,"【思考过程】：本题考查处方调剂职责的规范要求。逐一分析各选项：  
- 选项A：药师无权擅自更换处方药品，库存不足时应联系医师确认或告知患者，自行更换不符合规范。  
- 选项B：核对药物规格与患者年龄匹配是调剂时的必要核查步骤，符合规范。  
- 选项C：擅自提高药物配制浓度可能影响疗效或引发安全问题，违反操作规范。  
- 选项D：发现处方书写问题（如药品名称缺字）时联系医师确认，是确保处方准确性的正确行为，符合规范。  
- 选项E：“四查十对”是处方调剂的核心流程，扫描条形码是落实核查的具体手段，符合规范。  

【最终答案】：BDE",客观题,BDE
医患关系,"你是一个严格按照要求答题的医学考试考生。请你先展示出完整的思考过程，然后再输出最终答案。每道题目有至少两个选项（A、B）至多五个选项（A、B、C、D、E），题目为不定项选择题，请按照以下格式作答：

【思考过程】：...

【最终答案】：AB / BCE / CD / DE / E / ...（只输出选项的编号，不要写选项内容）

示例：
题目：医疗伦理中四大基本原则是？
A.尊重自主权
B.善意行为
C.无害原则
D.公正原则
E.以上都不是
【思考过程】：本题考查医学伦理的四大基本原则，包括尊重自主权、不伤害原则、行善原则、公正原则。

【最终答案】：ABCD

题目：以下哪些行为违反了常规护理中的药品管理制度？（多选）
A.护士长根据科室需求调整药品采购计划
B.护士用科室备用药品为患者家属开具处方
C.药房接收供应商直接配送的未经验收的药品
D.护士将处方数据提供给医药代表用于绩效统计
E.护理部统计某季度抗生素使用量用于优化治疗方案
【思考过程】：",BCD,Doubao-1.5-Thinking,"【思考过程】：本题需判断哪些行为违反常规护理的药品管理制度。  
- 选项A：护士长根据科室需求调整采购计划属于合理的科室管理行为，未违反制度。  
- 选项B：护士无处方权，用科室备用药品为患者家属开具处方属于越权使用药品，违反药品管理制度。  
- 选项C：药房接收未经验收的药品，未执行入库验收流程，可能导致药品质量问题，违反管理制度。  
- 选项D：护士将处方数据提供给医药代表，涉及泄露患者隐私和医疗信息，违反信息保密规定。  
- 选项E：统计抗生素使用量用于优化治疗方案属于合理的用药监测，不违规。  

【最终答案】：BCD",客观题,BCD
医患关系,"你是一个严格按照要求答题的医学考试考生。请你先展示出完整的思考过程，然后再输出最终答案。每道题目有至少两个选项（A、B）至多五个选项（A、B、C、D、E），题目为不定项选择题，请按照以下格式作答：

【思考过程】：...

【最终答案】：AB / BCE / CD / DE / E / ...（只输出选项的编号，不要写选项内容）

示例：
题目：医疗伦理中四大基本原则是？
A.尊重自主权
B.善意行为
C.无害原则
D.公正原则
E.以上都不是
【思考过程】：本题考查医学伦理的四大基本原则，包括尊重自主权、不伤害原则、行善原则、公正原则。

【最终答案】：ABCD

题目：以下哪些做法符合医疗机构处理标本的伦理规范？
A.采集标本前签署知情同意书并规范保存
B.护士未经患者同意将剩余标本直接丢弃
C.将脱敏处理后的标本用于医学教育培训
D.医院将剩余标本卖给生物公司但声明用于公益研究
【思考过程】：",AC,Doubao-1.5-Thinking,"【思考过程】：本题考查医疗机构处理标本的伦理规范。需结合知情同意、隐私保护、合理使用等原则分析：  
- 选项A：采集标本前签署知情同意书是伦理基本要求，规范保存符合操作规范，符合伦理。  
- 选项B：剩余标本的处理需符合规范，未经患者同意直接丢弃可能涉及对患者权利的忽视（如可能涉及隐私或特殊用途），不符合伦理。  
- 选项C：脱敏处理后去除患者个人信息，用于医学教育培训属于正当用途且保护隐私，符合伦理。  
- 选项D：医院将剩余标本“卖给”生物公司，即使声明用于公益，仍涉及商业化交易，超出患者知情同意范围（通常未授权标本被出售），不符合伦理。  

【最终答案】：AC",客观题,AC
医患关系,"你是一个严格按照要求答题的医学考试考生。请你先展示出完整的思考过程，然后再输出最终答案。每道题目有至少两个选项（A、B）至多五个选项（A、B、C、D、E），题目为不定项选择题，请按照以下格式作答：

【思考过程】：...

【最终答案】：AB / BCE / CD / DE / E / ...（只输出选项的编号，不要写选项内容）

示例：
题目：医疗伦理中四大基本原则是？
A.尊重自主权
B.善意行为
C.无害原则
D.公正原则
E.以上都不是
【思考过程】：本题考查医学伦理的四大基本原则，包括尊重自主权、不伤害原则、行善原则、公正原则。

【最终答案】：ABCD

题目：申请护士执业注册的教育要求中，关于护理专业课程学习和临床实习的时长规定，以下哪些是正确的？
A.普通全日制2年以上的专业课程学习
B.普通全日制3年以上的专业课程学习
C.综合医院完成6个月临床实习
D.综合医院完成8个月临床实习
E.通过省级护理技能考核
【思考过程】：",BD,Doubao-1.5-Thinking,"【思考过程】：根据《护士条例》和《护士执业注册管理办法》规定，申请护士执业注册的教育要求为：在中等职业学校、高等学校完成国务院教育主管部门和国务院卫生主管部门规定的普通全日制3年以上的护理、助产专业课程学习（因此B正确，A错误）；并在教学、综合医院完成8个月以上护理临床实习（因此D正确，C错误）。E选项“通过省级护理技能考核”并非注册的法定教育要求。

【最终答案】：BD",客观题,BD
医患关系,"你是一个严格按照要求答题的医学考试考生。请你先展示出完整的思考过程，然后再输出最终答案。每道题目有至少两个选项（A、B）至多五个选项（A、B、C、D、E），题目为不定项选择题，请按照以下格式作答：

【思考过程】：...

【最终答案】：AB / BCE / CD / DE / E / ...（只输出选项的编号，不要写选项内容）

示例：
题目：医疗伦理中四大基本原则是？
A.尊重自主权
B.善意行为
C.无害原则
D.公正原则
E.以上都不是
【思考过程】：本题考查医学伦理的四大基本原则，包括尊重自主权、不伤害原则、行善原则、公正原则。

【最终答案】：ABCD

题目：以下哪些情况符合我国护士执业注册的健康标准？
A.存在嗅觉丧失但日常生活正常
B.单耳中度听力损失无辅助器具
C.色弱矫正后达到辨色标准
D.既往焦虑症已临床治愈2年无复发
【思考过程】：",AD,Doubao-1.5-Thinking,"【思考过程】：本题需依据我国《护士执业注册管理办法》第六条规定的健康标准进行分析，具体包括：（一）无精神病史；（二）无色盲、色弱、双耳听力障碍；（三）无影响履行护理职责的疾病、残疾或者功能障碍。  

- **选项A**：嗅觉丧失可能影响护士对患者异常气味（如酮症酸中毒的烂苹果味）的判断，属于“影响履行护理职责的疾病”，不符合健康标准。  
- **选项B**：法规要求“无双耳听力障碍”，单耳中度听力损失（另一耳正常）不属于“双耳听力障碍”，符合健康标准。  
- **选项C**：法规明确“无色弱”，即使矫正后达到辨色标准，色弱本身仍不符合要求，因此不符合。  
- **选项D**：焦虑症已临床治愈2年无复发，属于“无精神病史”（精神病史通常指现症或未治愈的严重精神障碍），符合健康标准。  

【最终答案】：BD",客观题,BD
医患关系,"你是一个严格按照要求答题的医学考试考生。请你先展示出完整的思考过程，然后再输出最终答案。每道题目有至少两个选项（A、B）至多五个选项（A、B、C、D、E），题目为不定项选择题，请按照以下格式作答：

【思考过程】：...

【最终答案】：AB / BCE / CD / DE / E / ...（只输出选项的编号，不要写选项内容）

示例：
题目：医疗伦理中四大基本原则是？
A.尊重自主权
B.善意行为
C.无害原则
D.公正原则
E.以上都不是
【思考过程】：本题考查医学伦理的四大基本原则，包括尊重自主权、不伤害原则、行善原则、公正原则。

【最终答案】：ABCD

题目：申请护士执业注册时，以下哪些材料是必须提交的？
A.申请人3个月内健康体检证明
B.护士执业资格考试成绩合格证明
C.医疗卫生机构推荐信
D.申请人学历证书及专业学习中的临床实习证明
E.身份证明复印件（需公证）
【思考过程】：",BD,Doubao-1.5-Thinking,"【思考过程】：根据《护士条例》及《护士执业注册管理办法》的相关规定，申请护士执业注册需提交的材料包括：（1）护士执业注册申请审核表；（2）申请人身份证明（无需公证，故E错误）；（3）申请人学历证书及专业学习中的临床实习证明（D正确）；（4）护士执业资格考试成绩合格证明（B正确）；（5）6个月内健康体检证明（A中“3个月内”不符合，故A错误）；（6）医疗卫生机构拟聘用的相关材料（非“推荐信”，故C错误）。因此，必须提交的材料为B和D。

【最终答案】：BD",客观题,BD
医患关系,"你是一个严格按照要求答题的医学考试考生。请你先展示出完整的思考过程，然后再输出最终答案。每道题目有至少两个选项（A、B）至多五个选项（A、B、C、D、E），题目为不定项选择题，请按照以下格式作答：

【思考过程】：...

【最终答案】：AB / BCE / CD / DE / E / ...（只输出选项的编号，不要写选项内容）

示例：
题目：医疗伦理中四大基本原则是？
A.尊重自主权
B.善意行为
C.无害原则
D.公正原则
E.以上都不是
【思考过程】：本题考查医学伦理的四大基本原则，包括尊重自主权、不伤害原则、行善原则、公正原则。

【最终答案】：ABCD

题目：以下哪些材料是申请护士执业注册时必须提交的？（多选）
A.护士执业注册申请审核表
B.身份证复印件及户籍证明
C.专业学习中的临床实习证明
D.3个月内健康体检证明
E.医疗卫生机构拟聘用合同副本
【思考过程】：",AC,Doubao-1.5-Thinking,"【思考过程】：根据《护士执业注册管理办法》第七条规定，申请护士执业注册必须提交的材料包括：（一）护士执业注册申请审核表；（二）申请人身份证明；（三）申请人学历证书及专业学习中的临床实习证明；（四）护士执业资格考试成绩合格证明；（五）6个月内健康体检证明；（六）医疗卫生机构拟聘用的相关材料。  

逐一分析选项：  
- **A**：护士执业注册申请审核表（对应条款第一项），必须提交，正确。  
- **B**：身份证复印件及户籍证明。法规仅要求“申请人身份证明”（如身份证复印件），未明确要求户籍证明，因此户籍证明非必须，错误。  
- **C**：专业学习中的临床实习证明（对应条款第三项），必须提交，正确。  
- **D**：3个月内健康体检证明。法规要求“6个月内”健康体检证明，题目中“3个月内”不符合规定，错误。  
- **E**：医疗卫生机构拟聘用合同副本（对应条款第六项“拟聘用的相关材料”），必须提交，正确。  

【最终答案】：ACE",客观题,ACE
医患关系,"你是一个严格按照要求答题的医学考试考生。请你先展示出完整的思考过程，然后再输出最终答案。每道题目有至少两个选项（A、B）至多五个选项（A、B、C、D、E），题目为不定项选择题，请按照以下格式作答：

【思考过程】：...

【最终答案】：AB / BCE / CD / DE / E / ...（只输出选项的编号，不要写选项内容）

示例：
题目：医疗伦理中四大基本原则是？
A.尊重自主权
B.善意行为
C.无害原则
D.公正原则
E.以上都不是
【思考过程】：本题考查医学伦理的四大基本原则，包括尊重自主权、不伤害原则、行善原则、公正原则。

【最终答案】：ABCD

题目：以下哪项不属于申请护士执业注册必须提交的材料？
A.护士执业注册申请审核表
B.申请人学历证书及专业学习中的临床实习证明
C.申请人理论考试成绩合格证明
D.省人民政府卫生行政部门指定的医疗机构出具的3个月内健康体检证明
E.原工作单位的推荐信
【思考过程】：",CDE,Doubao-1.5-Thinking,"【思考过程】：根据《护士执业注册管理办法》，申请护士执业注册必须提交的材料包括：护士执业注册申请审核表（A）、申请人学历证书及专业学习中的临床实习证明（B）、护士执业资格考试成绩合格证明（C）、指定医疗机构出具的6个月内健康体检证明（D中提到的“3个月内”虽时间不符，但健康证明本身属于必须材料）、医疗卫生机构拟聘用的相关材料。而“原工作单位的推荐信”（E）未被列入法定必须提交的材料。

【最终答案】：E",客观题,E
医患关系,"你是一个严格按照要求答题的医学考试考生。请你先展示出完整的思考过程，然后再输出最终答案。每道题目有至少两个选项（A、B）至多五个选项（A、B、C、D、E），题目为不定项选择题，请按照以下格式作答：

【思考过程】：...

【最终答案】：AB / BCE / CD / DE / E / ...（只输出选项的编号，不要写选项内容）

示例：
题目：医疗伦理中四大基本原则是？
A.尊重自主权
B.善意行为
C.无害原则
D.公正原则
E.以上都不是
【思考过程】：本题考查医学伦理的四大基本原则，包括尊重自主权、不伤害原则、行善原则、公正原则。

【最终答案】：ABCD

题目：以下哪项不属于《护士执业证书》必须注明的信息？
A.性别
B.注册有效期
C.执业地点
D.证书编号
E.注册日期
【思考过程】：",B,Doubao-1.5-Thinking,"【思考过程】：本题考查《护士执业证书》必须注明的信息。根据《护士条例》第八条规定，护士执业证书应当载明护士的姓名、执业地点、注册日期等事项。《护士执业注册管理办法》第十条进一步细化，明确护士执业证书应包括姓名、性别、出生日期、执业地点、证书编号、注册日期和有效期等内容。但题目要求选择“不属于必须注明”的信息。结合实际法规，性别虽在管理办法中被提及，但《护士条例》作为上位法未明确将性别列为必须注明的核心信息，而注册有效期（B）、执业地点（C）、证书编号（D）、注册日期（E）均为执业资格的关键要素，必须注明。因此，性别（A）不属于必须注明的信息。

【最终答案】：A",客观题,A
医患关系,"你是一个严格按照要求答题的医学考试考生。请你先展示出完整的思考过程，然后再输出最终答案。每道题目有至少两个选项（A、B）至多五个选项（A、B、C、D、E），题目为不定项选择题，请按照以下格式作答：

【思考过程】：...

【最终答案】：AB / BCE / CD / DE / E / ...（只输出选项的编号，不要写选项内容）

示例：
题目：医疗伦理中四大基本原则是？
A.尊重自主权
B.善意行为
C.无害原则
D.公正原则
E.以上都不是
【思考过程】：本题考查医学伦理的四大基本原则，包括尊重自主权、不伤害原则、行善原则、公正原则。

【最终答案】：ABCD

题目：护士执业注册申请逾期时，除常规材料外，还必须额外提交以下哪种材料？
A.在省级三甲医院完成2个月培训的证明
B.在省卫生行政部门指定的医院接受3个月临床护理培训并通过考核的证明
C.在社区医院参与6个月实践活动的记录
D.通过国家级护理技能认证的证书
【思考过程】：",B,Doubao-1.5-Thinking,"【思考过程】：根据《护士执业注册管理办法》规定，护士执业注册申请，若逾期提出（即自通过护士执业资格考试之日起超过3年未注册），除需提交常规材料外，还应当提交在省、自治区、直辖市人民政府卫生行政部门指定的机构接受3个月临床护理培训并考核合格的证明。选项B明确提到“在省卫生行政部门指定的医院接受3个月临床护理培训并通过考核的证明”，符合该规定。其他选项中，A（2个月）、C（6个月实践记录）、D（国家级认证证书）均不符合法规要求的“3个月培训并考核合格”的条件。

【最终答案】：B",客观题,B
医患关系,"你是一个严格按照要求答题的医学考试考生。请你先展示出完整的思考过程，然后再输出最终答案。每道题目有至少两个选项（A、B）至多五个选项（A、B、C、D、E），题目为不定项选择题，请按照以下格式作答：

【思考过程】：...

【最终答案】：AB / BCE / CD / DE / E / ...（只输出选项的编号，不要写选项内容）

示例：
题目：医疗伦理中四大基本原则是？
A.尊重自主权
B.善意行为
C.无害原则
D.公正原则
E.以上都不是
【思考过程】：本题考查医学伦理的四大基本原则，包括尊重自主权、不伤害原则、行善原则、公正原则。

【最终答案】：ABCD

题目：护士执业注册的有效期及延续注册的时限要求分别是？
A.有效期3年，延续注册需在届满前15日申请
B.有效期5年，延续注册需在届满前30日申请
C.有效期5年，延续注册需在届满前60日申请
D.有效期6年，需在届满后30日内补申请
【思考过程】：",B,Doubao-1.5-Thinking,"【思考过程】：根据《护士条例》规定，护士执业注册的有效期为5年。护士需要延续执业注册的，应当在护士执业注册有效期届满前30日向原注册部门申请延续注册。分析选项：A选项中有效期3年错误；B选项有效期5年且届满前30日申请，符合规定；C选项届满前60日错误；D选项有效期6年及届满后申请均错误。

【最终答案】：B",客观题,B
医患关系,"你是一个严格按照要求答题的医学考试考生。请你先展示出完整的思考过程，然后再输出最终答案。每道题目有至少两个选项（A、B）至多五个选项（A、B、C、D、E），题目为不定项选择题，请按照以下格式作答：

【思考过程】：...

【最终答案】：AB / BCE / CD / DE / E / ...（只输出选项的编号，不要写选项内容）

示例：
题目：医疗伦理中四大基本原则是？
A.尊重自主权
B.善意行为
C.无害原则
D.公正原则
E.以上都不是
【思考过程】：本题考查医学伦理的四大基本原则，包括尊重自主权、不伤害原则、行善原则、公正原则。

【最终答案】：ABCD

题目：护士申请延续注册时需要提交以下哪些材料？
A.护士延续注册申请审核表
B.《护士执业证书》
C.近3个月内的健康体检证明
D.市级医院出具的1年内体检报告
E.继续教育学分证明
F.省卫生行政部门指定医疗机构的6个月内体检证明
【思考过程】：",ABF,Doubao-1.5-Thinking,"【思考过程】：根据《护士执业注册管理办法》第十条规定，护士申请延续注册需提交以下材料：（一）护士延续注册申请审核表（对应选项A）；（二）申请人的《护士执业证书》（对应选项B）；（三）省、自治区、直辖市人民政府卫生行政部门指定的医疗机构出具的申请人6个月内健康体检证明（对应选项F，而选项C“近3个月内”和D“市级医院1年内”不符合规定）。此外，《护士条例》要求延续注册需满足继续教育要求，因此需提交继续教育学分证明（对应选项E）。

【最终答案】：ABEF",客观题,ABEF
医患关系,"你是一个严格按照要求答题的医学考试考生。请你先展示出完整的思考过程，然后再输出最终答案。每道题目有至少两个选项（A、B）至多五个选项（A、B、C、D、E），题目为不定项选择题，请按照以下格式作答：

【思考过程】：...

【最终答案】：AB / BCE / CD / DE / E / ...（只输出选项的编号，不要写选项内容）

示例：
题目：医疗伦理中四大基本原则是？
A.尊重自主权
B.善意行为
C.无害原则
D.公正原则
E.以上都不是
【思考过程】：本题考查医学伦理的四大基本原则，包括尊重自主权、不伤害原则、行善原则、公正原则。

【最终答案】：ABCD

题目：护士小张因中断护理执业活动超过3年，现计划重新注册。以下哪项材料是其必须额外提交的？
A.中断执业期间的进修证明
B.在省级卫生部门指定医院接受1个月临床护理培训的合格证明
C.在省级卫生部门指定医院接受3个月临床护理培训的考核证明
D.近3年的健康体检报告
【思考过程】：",C,Doubao-1.5-Thinking,"【思考过程】：根据《护士执业注册管理办法》规定，护士中断护理执业活动超过3年的，重新申请注册时，除提交常规材料外，还应当提交在省、自治区、直辖市人民政府卫生行政部门规定的教学、综合医院接受3个月临床护理培训并考核合格的证明。选项C符合“3个月临床护理培训的考核证明”的要求；选项B（1个月）时间不足；选项A（进修证明）无明确规定为必须；选项D（健康体检报告）属于常规注册材料，非额外要求。

【最终答案】：C",客观题,C
医患关系,"你是一个严格按照要求答题的医学考试考生。请你先展示出完整的思考过程，然后再输出最终答案。每道题目有至少两个选项（A、B）至多五个选项（A、B、C、D、E），题目为不定项选择题，请按照以下格式作答：

【思考过程】：...

【最终答案】：AB / BCE / CD / DE / E / ...（只输出选项的编号，不要写选项内容）

示例：
题目：医疗伦理中四大基本原则是？
A.尊重自主权
B.善意行为
C.无害原则
D.公正原则
E.以上都不是
【思考过程】：本题考查医学伦理的四大基本原则，包括尊重自主权、不伤害原则、行善原则、公正原则。

【最终答案】：ABCD

题目：某护士中断护理执业活动后拟重新注册，以下哪种情形需要提交临床护理培训考核证明？
A.中断执业1年零6个月
B.中断执业2年零9个月
C.中断执业3年整
D.中断执业4年
E.从未中断过执业
【思考过程】：",CD,Doubao-1.5-Thinking,"【思考过程】：根据《护士执业注册管理办法》第十五条规定，护士重新申请注册时，若中断护理执业活动超过3年，需提交临床护理培训考核证明。题目中需判断各选项是否符合“超过3年”的条件。  
- 选项A（中断1年半）、B（中断2年9个月）均未超过3年，无需提交；  
- 选项C（中断3年整）为3年整，“超过3年”通常指大于3年，不包含3年整，故无需提交；  
- 选项D（中断4年）明确超过3年，需提交；  
- 选项E（从未中断）显然无需提交。  

因此，只有中断4年的情况需要提交培训证明。

【最终答案】：D",客观题,D
医患关系,"你是一个严格按照要求答题的医学考试考生。请你先展示出完整的思考过程，然后再输出最终答案。每道题目有至少两个选项（A、B）至多五个选项（A、B、C、D、E），题目为不定项选择题，请按照以下格式作答：

【思考过程】：...

【最终答案】：AB / BCE / CD / DE / E / ...（只输出选项的编号，不要写选项内容）

示例：
题目：医疗伦理中四大基本原则是？
A.尊重自主权
B.善意行为
C.无害原则
D.公正原则
E.以上都不是
【思考过程】：本题考查医学伦理的四大基本原则，包括尊重自主权、不伤害原则、行善原则、公正原则。

【最终答案】：ABCD

题目：护士在执业注册有效期内，以下哪些情况应当办理变更注册？
A.变更执业地点至其他城市
B.调整每日工作班次
C.变更执业机构至另一家医院
D.职称晋升为副主任护师
E.从急诊科调至门诊科工作
【思考过程】：",AC,Doubao-1.5-Thinking,"【思考过程】：根据《护士执业注册管理办法》，护士在执业注册有效期内，若执业地点或执业机构发生变更，应当办理变更注册。选项A（变更执业地点至其他城市）和选项C（变更执业机构至另一家医院）均涉及执业地点或机构的实质变化，需办理变更注册。其他选项中，调整工作班次（B）、职称晋升（D）属于工作安排或职务变动，不涉及注册信息变更；同一机构内科室调整（E）属于内部岗位变动，无需变更注册。

【最终答案】：AC",客观题,AC
医患关系,"你是一个严格按照要求答题的医学考试考生。请你先展示出完整的思考过程，然后再输出最终答案。每道题目有至少两个选项（A、B）至多五个选项（A、B、C、D、E），题目为不定项选择题，请按照以下格式作答：

【思考过程】：...

【最终答案】：AB / BCE / CD / DE / E / ...（只输出选项的编号，不要写选项内容）

示例：
题目：医疗伦理中四大基本原则是？
A.尊重自主权
B.善意行为
C.无害原则
D.公正原则
E.以上都不是
【思考过程】：本题考查医学伦理的四大基本原则，包括尊重自主权、不伤害原则、行善原则、公正原则。

【最终答案】：ABCD

题目：护士在其执业注册有效期内变更执业地点时，必须提交以下哪些材料？
A.护士变更注册申请审核表
B.《护士执业证书》
C.身份证原件及复印件
D.原执业医院工作证明
E.健康体检合格证明
【思考过程】：",AB,Doubao-1.5-Thinking,"【思考过程】：根据《护士执业注册管理办法》相关规定，护士变更执业地点时需提交的材料包括：护士变更注册申请审核表（A）、《护士执业证书》（B）以及身份证明（通常需身份证原件及复印件，C）。原执业医院工作证明（D）并非必须，相关信息可能已在审核表中体现；健康体检合格证明（E）一般用于首次注册或延续注册，变更执业地点时无需重复提交。

【最终答案】：ABC",客观题,ABC
医患关系,"你是一个严格按照要求答题的医学考试考生。请你先展示出完整的思考过程，然后再输出最终答案。每道题目有至少两个选项（A、B）至多五个选项（A、B、C、D、E），题目为不定项选择题，请按照以下格式作答：

【思考过程】：...

【最终答案】：AB / BCE / CD / DE / E / ...（只输出选项的编号，不要写选项内容）

示例：
题目：医疗伦理中四大基本原则是？
A.尊重自主权
B.善意行为
C.无害原则
D.公正原则
E.以上都不是
【思考过程】：本题考查医学伦理的四大基本原则，包括尊重自主权、不伤害原则、行善原则、公正原则。

【最终答案】：ABCD

题目：以下哪些情形会导致护士执业注册被注销？
A.注册有效期届满未延续注册
B.被暂停执业活动6个月
C.因重大过失被吊销《护士执业证书》
D.护士退休
E.护士确诊焦虑症无法正常工作
【思考过程】：",AC,Doubao-1.5-Thinking,"【思考过程】：本题考查护士执业注册注销的情形，需依据《护士条例》及相关法规分析。  
- 选项A：根据《护士条例》第十条，注册有效期届满未延续注册的，原注册部门应注销执业注册，故A正确。  
- 选项B：暂停执业活动属于行政处罚，但暂停期间注册仅暂时中止，并非直接注销，故B错误。  
- 选项C：因重大过失被吊销《护士执业证书》，根据规定，受吊销证书处罚的需注销注册，故C正确。  
- 选项D：护士退休本身不导致注册注销，退休后若未主动申请或未出现其他注销情形，注册仍有效，故D错误。  
- 选项E：护士因焦虑症无法正常工作属于“身体健康状况不适宜继续执业”，根据《护士执业注册管理办法》，此类情形原注册部门应注销注册，故E正确。  

【最终答案】：ACE",客观题,ACE
医患关系,"你是一个严格按照要求答题的医学考试考生。请你先展示出完整的思考过程，然后再输出最终答案。每道题目有至少两个选项（A、B）至多五个选项（A、B、C、D、E），题目为不定项选择题，请按照以下格式作答：

【思考过程】：...

【最终答案】：AB / BCE / CD / DE / E / ...（只输出选项的编号，不要写选项内容）

示例：
题目：医疗伦理中四大基本原则是？
A.尊重自主权
B.善意行为
C.无害原则
D.公正原则
E.以上都不是
【思考过程】：本题考查医学伦理的四大基本原则，包括尊重自主权、不伤害原则、行善原则、公正原则。

【最终答案】：ABCD

题目：下列哪些情形会导致卫生行政部门直接负责的主管人员被行政处分？
A.向不符合条件的护士发放执业证书
B.要求申请人提交执业注册以外的个人资料
C.对执业考试违纪者延迟注册处理
D.拒绝为符合条件的护士办理执业证书
【思考过程】：",AD,Doubao-1.5-Thinking,"【思考过程】：本题需依据相关法律法规判断哪些情形会导致卫生行政部门直接负责的主管人员被行政处分。根据《护士条例》及《护士执业注册管理办法》：  
- **选项A**：向不符合条件的护士发放执业证书，属于卫生行政部门工作人员滥用职权或玩忽职守，依法应给予处分。  
- **选项B**：要求申请人提交执业注册以外的个人资料，属于违规增加申请人负担，违反行政许可相关规定，属于滥用职权行为，应受处分。  
- **选项C**：对执业考试违纪者延迟注册处理，若违纪者本身因考试违纪不符合注册条件（如成绩无效），延迟处理可能属于合理流程，题目未明确“无正当理由延迟”，故不必然导致处分。  
- **选项D**：拒绝为符合条件的护士办理执业证书，属于不作为或失职行为，违反“对符合条件者应准予注册”的规定，应受处分。  

综上，A、B、D属于应被处分的情形，C不必然。

【最终答案】：ABD",客观题,ABD
医患关系,"你是一个严格按照要求答题的医学考试考生。请你先展示出完整的思考过程，然后再输出最终答案。每道题目有至少两个选项（A、B）至多五个选项（A、B、C、D、E），题目为不定项选择题，请按照以下格式作答：

【思考过程】：...

【最终答案】：AB / BCE / CD / DE / E / ...（只输出选项的编号，不要写选项内容）

示例：
题目：医疗伦理中四大基本原则是？
A.尊重自主权
B.善意行为
C.无害原则
D.公正原则
E.以上都不是
【思考过程】：本题考查医学伦理的四大基本原则，包括尊重自主权、不伤害原则、行善原则、公正原则。

【最终答案】：ABCD

题目：护士张某在申请执业注册时，隐瞒了其曾因违规被暂停执业的记录。卫生行政部门应采取的措施是？
A. 给予警告但不影响注册
B. 不予受理注册申请并给予警告
C. 批准注册但罚款2000元
D. 撤销其执业注册
【思考过程】：",B,Doubao-1.5-Thinking,"【思考过程】：根据《护士条例》相关规定，申请护士执业注册时，申请人需提交真实、准确、完整的材料。若隐瞒有关情况或提供虚假材料申请注册，卫生行政部门应不予受理或不予注册，并可给予警告。本题中张某在申请注册时隐瞒曾被暂停执业的记录，属于隐瞒情况，此时卫生行政部门应采取“不予受理注册申请并给予警告”的措施。选项A（不影响注册）、C（批准注册并罚款）、D（撤销已注册的情况）均不符合申请阶段的处理规定。

【最终答案】：B",客观题,B
医患关系,"你是一个严格按照要求答题的医学考试考生。请你先展示出完整的思考过程，然后再输出最终答案。每道题目有至少两个选项（A、B）至多五个选项（A、B、C、D、E），题目为不定项选择题，请按照以下格式作答：

【思考过程】：...

【最终答案】：AB / BCE / CD / DE / E / ...（只输出选项的编号，不要写选项内容）

示例：
题目：医疗伦理中四大基本原则是？
A.尊重自主权
B.善意行为
C.无害原则
D.公正原则
E.以上都不是
【思考过程】：本题考查医学伦理的四大基本原则，包括尊重自主权、不伤害原则、行善原则、公正原则。

【最终答案】：ABCD

题目：以下选项中符合护理对象应被尊重的权益是？
A.人身自由权
B.生命权
C.知情同意权
D.身体权
E.原生文化尊重权
【思考过程】：",ABCDE,Doubao-1.5-Thinking,"【思考过程】：护理对象应被尊重的权益涵盖多个方面。生命权（B）是最基本的人权，护理的核心是保护生命；身体权（D）指患者对自身身体组织的支配权，护理操作需尊重；知情同意权（C）要求护理过程中向患者解释并获得同意；原生文化尊重权（E）强调尊重患者的文化背景、信仰等；人身自由权（A）作为公民基本权利，在无医疗必要限制时应被尊重。因此，所有选项均符合护理对象应被尊重的权益。

【最终答案】：ABCDE",客观题,ABCDE
医患关系,"你是一个严格按照要求答题的医学考试考生。请你先展示出完整的思考过程，然后再输出最终答案。每道题目有至少两个选项（A、B）至多五个选项（A、B、C、D、E），题目为不定项选择题，请按照以下格式作答：

【思考过程】：...

【最终答案】：AB / BCE / CD / DE / E / ...（只输出选项的编号，不要写选项内容）

示例：
题目：医疗伦理中四大基本原则是？
A.尊重自主权
B.善意行为
C.无害原则
D.公正原则
E.以上都不是
【思考过程】：本题考查医学伦理的四大基本原则，包括尊重自主权、不伤害原则、行善原则、公正原则。

【最终答案】：ABCD

题目：在卫生资源紧缺或其他极端情况下，护理人员应综合考虑哪些因素进行伦理决策？（多选）
A.国家利益
B.医学标准
C.性别和宗教信仰
D.余年寿命
E.家庭角色
F.护理对象的既往病史
【思考过程】：",ABDF,Doubao-1.5-Thinking,"【思考过程】：在卫生资源紧缺或极端情况下，护理伦理决策需遵循公正、不歧视等原则。医学标准（B）是核心，如病情严重程度、治疗可行性等；余年寿命（D）影响治疗效果和资源利用效率；家庭角色（E）反映患者的社会功能价值；既往病史（F）可能影响治疗预后。而性别和宗教信仰（C）属于歧视性因素，不应考虑；国家利益（A）通常非直接决策依据。因此应选B、D、E、F。

【最终答案】：BDEF",客观题,BDEF
医患关系,"你是一个严格按照要求答题的医学考试考生。请你先展示出完整的思考过程，然后再输出最终答案。每道题目有至少两个选项（A、B）至多五个选项（A、B、C、D、E），题目为不定项选择题，请按照以下格式作答：

【思考过程】：...

【最终答案】：AB / BCE / CD / DE / E / ...（只输出选项的编号，不要写选项内容）

示例：
题目：医疗伦理中四大基本原则是？
A.尊重自主权
B.善意行为
C.无害原则
D.公正原则
E.以上都不是
【思考过程】：本题考查医学伦理的四大基本原则，包括尊重自主权、不伤害原则、行善原则、公正原则。

【最终答案】：ABCD

题目：以下哪些行为是护理员被明确禁止从事的？
A.为普通内科患者更换床单
B.协助老年患者完成自主进食
C.记录术后患者的生命体征
D.为新生儿更换尿布并进行脐部消毒
E.为重症监护患者进行静脉注射
【思考过程】：",DE,Doubao-1.5-Thinking,"【思考过程】：护理员的职责主要是协助进行生活护理和基础护理，不涉及需要专业医疗技术或无菌操作的工作。分析各选项：  
- A. 为普通内科患者更换床单：属于日常生活护理，护理员可从事，不禁止。  
- B. 协助老年患者完成自主进食：属于生活护理范畴，护理员可从事，不禁止。  
- C. 记录术后患者的生命体征：生命体征记录通常需一定观察能力，但护理员可协助测量并记录（需护士核对），不属于明确禁止行为。  
- D. 为新生儿更换尿布并进行脐部消毒：脐部消毒属于无菌操作，需专业护理技术，护理员无资质，明确禁止。  
- E. 为重症监护患者进行静脉注射：静脉注射是侵入性医疗操作，需护士资格，护理员禁止从事。  

因此，护理员被明确禁止的行为是D和E。

【最终答案】：DE",客观题,DE
医患关系,"你是一个严格按照要求答题的医学考试考生。请你先展示出完整的思考过程，然后再输出最终答案。每道题目有至少两个选项（A、B）至多五个选项（A、B、C、D、E），题目为不定项选择题，请按照以下格式作答：

【思考过程】：...

【最终答案】：AB / BCE / CD / DE / E / ...（只输出选项的编号，不要写选项内容）

示例：
题目：医疗伦理中四大基本原则是？
A.尊重自主权
B.善意行为
C.无害原则
D.公正原则
E.以上都不是
【思考过程】：本题考查医学伦理的四大基本原则，包括尊重自主权、不伤害原则、行善原则、公正原则。

【最终答案】：ABCD

题目：护士应促进建立以下哪些内容得到承认和尊重的环境？
A.人权
B.价值观
C.宗教信仰
D.服务效率
E.精神信仰
F.经济利益
【思考过程】：",ABCE,Doubao-1.5-Thinking,"【思考过程】：根据护理伦理相关原则，护士的职责包括促进建立尊重患者基本权益和个人特质的环境。人权（A）是护士工作的基础，必须被承认和尊重；价值观（B）是个体的核心信念，护士需尊重患者的价值观；宗教信仰（C）和精神信仰（E）属于患者文化和精神层面的需求，也应得到尊重。而服务效率（D）是工作要求，经济利益（F）与患者权益无直接关联，均不属于需承认和尊重的环境内容。

【最终答案】：ABCE",客观题,ABCE
医患关系,"你是一个严格按照要求答题的医学考试考生。请你先展示出完整的思考过程，然后再输出最终答案。每道题目有至少两个选项（A、B）至多五个选项（A、B、C、D、E），题目为不定项选择题，请按照以下格式作答：

【思考过程】：...

【最终答案】：AB / BCE / CD / DE / E / ...（只输出选项的编号，不要写选项内容）

示例：
题目：医疗伦理中四大基本原则是？
A.尊重自主权
B.善意行为
C.无害原则
D.公正原则
E.以上都不是
【思考过程】：本题考查医学伦理的四大基本原则，包括尊重自主权、不伤害原则、行善原则、公正原则。

【最终答案】：ABCD

题目：根据护理伦理规范，护士在确保信息传递有效性时，**不需要**特别考虑以下哪个因素？
A.患者文化背景
B.家庭宗教信仰
C.患者语言能力
D.家属认知水平
E.患者经济状况
【思考过程】：",E,Doubao-1.5-Thinking,"【思考过程】：在护理伦理中，确保信息传递有效性的关键在于信息接收者能否准确理解信息内容。需要考虑的因素包括接收者的文化背景（A）、语言能力（C）、认知水平（D）以及可能影响理解的宗教信仰（B）等，这些都会直接影响信息传递的效果。而患者经济状况（E）主要涉及医疗资源分配或费用问题，与信息传递的有效性无直接关联，因此不需要特别考虑。

【最终答案】：E",客观题,E
医患关系,"你是一个严格按照要求答题的医学考试考生。请你先展示出完整的思考过程，然后再输出最终答案。每道题目有至少两个选项（A、B）至多五个选项（A、B、C、D、E），题目为不定项选择题，请按照以下格式作答：

【思考过程】：...

【最终答案】：AB / BCE / CD / DE / E / ...（只输出选项的编号，不要写选项内容）

示例：
题目：医疗伦理中四大基本原则是？
A.尊重自主权
B.善意行为
C.无害原则
D.公正原则
E.以上都不是
【思考过程】：本题考查医学伦理的四大基本原则，包括尊重自主权、不伤害原则、行善原则、公正原则。

【最终答案】：ABCD

题目：护士在常规护理中处理患者个人信息时，下列哪些行为符合伦理规范？
A.合法收集患者的就诊记录
B.将患者检验结果出售给第三方研究机构
C.在社交媒体讨论未脱敏的病例细节
D.因医疗协作需要传输患者数据至合作医院
E.将患者数据储存在加密医疗系统中
【思考过程】：",ADE,Doubao-1.5-Thinking,"【思考过程】：本题考查护士处理患者个人信息的伦理规范，核心是保护患者隐私和信息安全。  
- 选项A：合法收集患者就诊记录符合伦理，因收集需遵循法律规定和患者知情同意原则。  
- 选项B：出售检验结果给第三方违反隐私保护，未经患者同意的信息交易属伦理违规。  
- 选项C：社交媒体讨论未脱敏病例可能泄露患者身份，侵犯隐私，不符合伦理。  
- 选项D：医疗协作需要传输数据至合作医院属于合理医疗需求，符合伦理规范（需基于必要协作和患者授权）。  
- 选项E：加密储存患者数据可保障信息安全，符合隐私保护的伦理要求。  

【最终答案】：ADE",客观题,ADE
医患关系,"你是一个严格按照要求答题的医学考试考生。请你先展示出完整的思考过程，然后再输出最终答案。每道题目有至少两个选项（A、B）至多五个选项（A、B、C、D、E），题目为不定项选择题，请按照以下格式作答：

【思考过程】：...

【最终答案】：AB / BCE / CD / DE / E / ...（只输出选项的编号，不要写选项内容）

示例：
题目：医疗伦理中四大基本原则是？
A.尊重自主权
B.善意行为
C.无害原则
D.公正原则
E.以上都不是
【思考过程】：本题考查医学伦理的四大基本原则，包括尊重自主权、不伤害原则、行善原则、公正原则。

【最终答案】：ABCD

题目：以下关于护士职业操守的要求中，哪两项是符合相关法规的？
A.避免在社交媒体讨论同事工作失误
B.获得授权后可匿名化展示患者病例
C.向未授权第三方透露被护理者病史
D.通过自媒体发布典型护理案例教学视频
E.默认有权查看同事的患者护理记录
【思考过程】：",AB,Doubao-1.5-Thinking,"【思考过程】：本题需判断护士职业操守中符合法规的选项。  
- 选项A：避免在社交媒体讨论同事工作失误，符合职业操守中尊重同事、维护团队和谐的要求，正确。  
- 选项B：获得授权后匿名化展示患者病例，符合患者隐私保护原则（需患者同意且匿名化处理），正确。  
- 选项C：向未授权第三方透露病史，违反患者隐私权，错误。  
- 选项D：自媒体发布护理案例教学视频，若未明确获得患者授权或匿名化处理，可能侵犯隐私，题目未说明相关条件，不符合法规要求，错误。  
- 选项E：默认有权查看同事的患者护理记录，护理记录属患者隐私，需工作需要且授权，不能默认有权查看，错误。  

【最终答案】：AB",客观题,AB
医患关系,"你是一个严格按照要求答题的医学考试考生。请你先展示出完整的思考过程，然后再输出最终答案。每道题目有至少两个选项（A、B）至多五个选项（A、B、C、D、E），题目为不定项选择题，请按照以下格式作答：

【思考过程】：...

【最终答案】：AB / BCE / CD / DE / E / ...（只输出选项的编号，不要写选项内容）

示例：
题目：医疗伦理中四大基本原则是？
A.尊重自主权
B.善意行为
C.无害原则
D.公正原则
E.以上都不是
【思考过程】：本题考查医学伦理的四大基本原则，包括尊重自主权、不伤害原则、行善原则、公正原则。

【最终答案】：ABCD

题目：护士在履行伦理责任时，应在以下哪个环节主动倡导社会正义？
A.直接操作医疗资源分配流程
B.对患者经济状况进行分级评估
C.呼吁医疗机构和社会服务部门消除资源分配差异
D.制定不同阶层的医保优惠政策
E.审核其他患者的治疗优先级
【思考过程】：",C,Doubao-1.5-Thinking,"【思考过程】：本题考查护士在伦理责任中倡导社会正义的具体环节。护士的伦理责任强调通过专业角色推动公平和正义，但需结合其职责范围分析选项：  
- 选项A（直接操作医疗资源分配流程）：医疗资源分配通常由管理部门或多学科团队负责，护士的主要职责是执行护理而非直接操作分配流程，不符合。  
- 选项B（对患者经济状况分级评估）：评估患者经济状况可能是护理评估的一部分，但属于信息收集，并非主动倡导社会正义的核心环节。  
- 选项C（呼吁消除资源分配差异）：护士作为医疗系统的参与者，通过呼吁机构和社会部门消除资源分配差异，是主动推动社会公平的体现，符合倡导社会正义的要求。  
- 选项D（制定医保优惠政策）：政策制定属于政府或专业机构职责，护士不直接参与政策制定，不符合。  
- 选项E（审核治疗优先级）：治疗优先级审核通常由医生或多学科团队决策，护士的职责是执行而非审核，不符合。  

【最终答案】：C",客观题,C
医患关系,"你是一个严格按照要求答题的医学考试考生。请你先展示出完整的思考过程，然后再输出最终答案。每道题目有至少两个选项（A、B）至多五个选项（A、B、C、D、E），题目为不定项选择题，请按照以下格式作答：

【思考过程】：...

【最终答案】：AB / BCE / CD / DE / E / ...（只输出选项的编号，不要写选项内容）

示例：
题目：医疗伦理中四大基本原则是？
A.尊重自主权
B.善意行为
C.无害原则
D.公正原则
E.以上都不是
【思考过程】：本题考查医学伦理的四大基本原则，包括尊重自主权、不伤害原则、行善原则、公正原则。

【最终答案】：ABCD

题目：护士在使用人工智能或设备（如护理机器人）时应遵循的基本伦理原则是什么？
A.尽量让人工智能完全取代护理人际关系以提升效率
B.优先采用技术手段降低护理成本
C.确保技术仅作为护理人际关系的辅助工具
D.通过技术手段代替所有重复性护理操作
【思考过程】：",C,Doubao-1.5-Thinking,"【思考过程】：护士在使用人工智能或设备时，需遵循护理伦理的核心原则，即以人为本、注重人文关怀。选项A中“完全取代护理人际关系”忽视了护患关系中情感支持、沟通等人文要素，不符合伦理；选项B“优先降低成本”违背了以患者利益和护理质量为优先的原则；选项C强调技术作为“辅助工具”，符合技术服务于人的伦理，保留了护理人际关系的核心地位；选项D“代替所有重复性操作”过于绝对，部分操作仍需人工参与以确保安全和人文关怀。因此，正确选项为C。

【最终答案】：C",客观题,C
医患关系,"你是一个严格按照要求答题的医学考试考生。请你先展示出完整的思考过程，然后再输出最终答案。每道题目有至少两个选项（A、B）至多五个选项（A、B、C、D、E），题目为不定项选择题，请按照以下格式作答：

【思考过程】：...

【最终答案】：AB / BCE / CD / DE / E / ...（只输出选项的编号，不要写选项内容）

示例：
题目：医疗伦理中四大基本原则是？
A.尊重自主权
B.善意行为
C.无害原则
D.公正原则
E.以上都不是
【思考过程】：本题考查医学伦理的四大基本原则，包括尊重自主权、不伤害原则、行善原则、公正原则。

【最终答案】：ABCD

题目：以下表述是否正确：某医院允许尚未取得护理执业资格的护士在资深护士指导下独立进行静脉输液操作。
A.正确
B.错误
【思考过程】：",B,Doubao-1.5-Thinking,"【思考过程】：根据《护士条例》规定，护士执业应当经执业注册取得护士执业证书。未经执业注册取得护士执业证书的人员，不得从事诊疗技术规范规定的护理活动。静脉输液属于诊疗技术规范规定的护理操作，因此尚未取得护理执业资格的护士即使在资深护士指导下，也不能独立进行静脉输液操作。题干中的做法违反了相关法规，表述错误。

【最终答案】：B",客观题,B
医患关系,"你是一个严格按照要求答题的医学考试考生。请你先展示出完整的思考过程，然后再输出最终答案。每道题目有至少两个选项（A、B）至多五个选项（A、B、C、D、E），题目为不定项选择题，请按照以下格式作答：

【思考过程】：...

【最终答案】：AB / BCE / CD / DE / E / ...（只输出选项的编号，不要写选项内容）

示例：
题目：医疗伦理中四大基本原则是？
A.尊重自主权
B.善意行为
C.无害原则
D.公正原则
E.以上都不是
【思考过程】：本题考查医学伦理的四大基本原则，包括尊重自主权、不伤害原则、行善原则、公正原则。

【最终答案】：ABCD

题目：护士在以下哪项行为中符合执业规范要求？
A.接受超出个人能力但经上级紧急授权的采血任务
B.根据监测规范执行已接受过系统培训的体征记录
C.未评估患者状态直接执行其他科室的临时医嘱
D.拒绝执行未经资质认证的伤口清创操作
【思考过程】：",BD,Doubao-1.5-Thinking,"【思考过程】：护士执业需遵循相关规范，确保患者安全和操作合法性。分析各选项：
- A选项：护士应在个人能力范围内执业，即使上级授权，超出能力的任务仍可能违反规范，不符合要求。
- B选项：经系统培训后按规范执行体征记录，属于护士职责内的合理操作，符合规范。
- C选项：执行医嘱前需评估患者状态，未评估直接执行可能导致风险，不符合规范。
- D选项：拒绝无资质认证的操作是护士对患者安全负责的表现，符合执业规范。

【最终答案】：BD",客观题,BD
医患关系,"你是一个严格按照要求答题的医学考试考生。请你先展示出完整的思考过程，然后再输出最终答案。每道题目有至少两个选项（A、B）至多五个选项（A、B、C、D、E），题目为不定项选择题，请按照以下格式作答：

【思考过程】：...

【最终答案】：AB / BCE / CD / DE / E / ...（只输出选项的编号，不要写选项内容）

示例：
题目：医疗伦理中四大基本原则是？
A.尊重自主权
B.善意行为
C.无害原则
D.公正原则
E.以上都不是
【思考过程】：本题考查医学伦理的四大基本原则，包括尊重自主权、不伤害原则、行善原则、公正原则。

【最终答案】：ABCD

题目：以下哪项属于护士积极执业实践环境应具备的特点？
A.专业认可
B.弹性工作时间
C.反思
D.资源充足
E.职业健康与安全
【思考过程】：",ACDE,Doubao-1.5-Thinking,"【思考过程】：护士积极执业实践环境的特点通常包括促进专业发展、保障工作质量和护士权益的要素。专业认可（A）是对护士专业价值的肯定，属于积极环境的重要特征；资源充足（D）是保证护理服务有效开展的基础条件；职业健康与安全（E）直接关系护士的工作体验和安全，是积极环境的核心要求。弹性工作时间（B）更多属于工作安排的灵活性，并非积极环境的必备特点；反思（C）是护士个人的实践能力，不属于环境本身的特点。

【最终答案】：ADE",客观题,ADE
医患关系,"你是一个严格按照要求答题的医学考试考生。请你先展示出完整的思考过程，然后再输出最终答案。每道题目有至少两个选项（A、B）至多五个选项（A、B、C、D、E），题目为不定项选择题，请按照以下格式作答：

【思考过程】：...

【最终答案】：AB / BCE / CD / DE / E / ...（只输出选项的编号，不要写选项内容）

示例：
题目：医疗伦理中四大基本原则是？
A.尊重自主权
B.善意行为
C.无害原则
D.公正原则
E.以上都不是
【思考过程】：本题考查医学伦理的四大基本原则，包括尊重自主权、不伤害原则、行善原则、公正原则。

【最终答案】：ABCD

题目：在常规护理实践中，护士需要负责确保数据的哪一个方面以支持护理伦理标准？
A.完整性
B.准确性
C.及时性
D.保密性
【思考过程】：",ABCD,Doubao-1.5-Thinking,"【思考过程】：在常规护理实践中，护士需确保数据符合护理伦理标准。护理伦理涉及尊重患者自主权、不伤害、有利和公正等原则。数据的完整性（A）确保信息全面无遗漏，避免因信息缺失导致护理错误；准确性（B）保证记录正确无误，防止因错误数据引发伤害；及时性（C）确保数据及时记录，避免因延误影响后续护理决策；保密性（D）保护患者隐私，是尊重患者自主权的核心体现。这四个方面均直接支持护理伦理标准。

【最终答案】：ABCD",客观题,ABCD
医患关系,"你是一个严格按照要求答题的医学考试考生。请你先展示出完整的思考过程，然后再输出最终答案。每道题目有至少两个选项（A、B）至多五个选项（A、B、C、D、E），题目为不定项选择题，请按照以下格式作答：

【思考过程】：...

【最终答案】：AB / BCE / CD / DE / E / ...（只输出选项的编号，不要写选项内容）

示例：
题目：医疗伦理中四大基本原则是？
A.尊重自主权
B.善意行为
C.无害原则
D.公正原则
E.以上都不是
【思考过程】：本题考查医学伦理的四大基本原则，包括尊重自主权、不伤害原则、行善原则、公正原则。

【最终答案】：ABCD

题目：以下哪些领域护士应发挥主要领导作用？
A.确定循证临床护理实践标准
B.实施护理管理标准
C.推进护理教育标准建设
D.制定医疗设备采购政策
E.建立护理研究伦理标准
【思考过程】：",ABCE,Doubao-1.5-Thinking,"【思考过程】：护士作为医疗团队的重要成员，在多个专业领域应发挥主要领导作用。选项A“确定循证临床护理实践标准”属于护理实践的核心内容，护士需基于循证医学主导制定临床护理标准；选项B“实施护理管理标准”是护理管理者的职责，护士在护理管理中需推动标准的落实；选项C“推进护理教育标准建设”涉及护理人才培养，护理教育者和专家需主导教育标准的制定；选项E“建立护理研究伦理标准”中，护理研究的特殊性要求护士专家参与并主导伦理标准的建立。而选项D“制定医疗设备采购政策”主要涉及医院管理、设备科等部门，护士通常不发挥主要领导作用。

【最终答案】：ABCE",客观题,ABCE
医患关系,"你是一个严格按照要求答题的医学考试考生。请你先展示出完整的思考过程，然后再输出最终答案。每道题目有至少两个选项（A、B）至多五个选项（A、B、C、D、E），题目为不定项选择题，请按照以下格式作答：

【思考过程】：...

【最终答案】：AB / BCE / CD / DE / E / ...（只输出选项的编号，不要写选项内容）

示例：
题目：医疗伦理中四大基本原则是？
A.尊重自主权
B.善意行为
C.无害原则
D.公正原则
E.以上都不是
【思考过程】：本题考查医学伦理的四大基本原则，包括尊重自主权、不伤害原则、行善原则、公正原则。

【最终答案】：ABCD

题目：根据相关规定，护士应如何拓展最新专业知识？
A.以传统护理经验为基础并结合医生建议
B.以研究为基础并支持循证实践，与护理学者合作
C.围绕患者个体需求调整基础护理方案
D.定期更新医院内部护理手册
【思考过程】：",B,Doubao-1.5-Thinking,"【思考过程】：本题考查护士拓展最新专业知识的方法。护士需要通过科学、系统的方式获取最新知识。选项A强调传统经验和医生建议，传统经验可能存在滞后性，不符合“最新”要求；选项B提到以研究为基础、支持循证实践并与护理学者合作，循证实践是基于最新研究证据的现代护理核心方法，与学者合作能有效拓展专业知识，符合要求；选项C围绕患者个体需求调整护理方案，属于个性化护理实施，并非直接拓展专业知识；选项D定期更新医院内部护理手册，更多是医院层面的文档管理，而非护士个人拓展知识的途径。因此，正确选项为B。

【最终答案】：B",客观题,B
医患关系,"你是一个严格按照要求答题的医学考试考生。请你先展示出完整的思考过程，然后再输出最终答案。每道题目有至少两个选项（A、B）至多五个选项（A、B、C、D、E），题目为不定项选择题，请按照以下格式作答：

【思考过程】：...

【最终答案】：AB / BCE / CD / DE / E / ...（只输出选项的编号，不要写选项内容）

示例：
题目：医疗伦理中四大基本原则是？
A.尊重自主权
B.善意行为
C.无害原则
D.公正原则
E.以上都不是
【思考过程】：本题考查医学伦理的四大基本原则，包括尊重自主权、不伤害原则、行善原则、公正原则。

【最终答案】：ABCD

题目：以下哪项属于护士应积极发展和维护的核心专业价值观？
A.提升护理操作的效率
B.尊重患者的自主选择权
C.维护患者的隐私权
D.优先服从医院管理部门的要求
【思考过程】：",BC,Doubao-1.5-Thinking,"【思考过程】：护士的核心专业价值观通常围绕伦理原则和患者权益展开。选项B“尊重患者的自主选择权”是护理伦理中尊重原则的体现，属于核心价值观；选项C“维护患者的隐私权”是保护患者权益的基本要求，也是专业价值观的重要内容。选项A“提升护理操作的效率”更多是工作要求而非核心价值观；选项D“优先服从医院管理部门的要求”不符合以患者为中心的核心，故不选。

【最终答案】：BC",客观题,BC
医患关系,"你是一个严格按照要求答题的医学考试考生。请你先展示出完整的思考过程，然后再输出最终答案。每道题目有至少两个选项（A、B）至多五个选项（A、B、C、D、E），题目为不定项选择题，请按照以下格式作答：

【思考过程】：...

【最终答案】：AB / BCE / CD / DE / E / ...（只输出选项的编号，不要写选项内容）

示例：
题目：医疗伦理中四大基本原则是？
A.尊重自主权
B.善意行为
C.无害原则
D.公正原则
E.以上都不是
【思考过程】：本题考查医学伦理的四大基本原则，包括尊重自主权、不伤害原则、行善原则、公正原则。

【最终答案】：ABCD

题目：护士在开展伦理实践时，应当优先与哪些主体进行合作？
A.社交媒体平台宣传团队
B.护理同仁
C.其他健康相关学科人员
D.患者家属的私人律师
E.相关社区组织
【思考过程】：",BCE,Doubao-1.5-Thinking,"【思考过程】：护士在伦理实践中需要多方协作以确保护理行为符合伦理要求。护理同仁（B）是直接的工作伙伴，协作解决伦理问题是基础；其他健康相关学科人员（C）如医生、药师等，跨学科合作能提供更全面的伦理视角；相关社区组织（E）在社区护理、公共健康等场景中，与社区合作是伦理实践的重要部分。社交媒体宣传团队（A）和患者家属的私人律师（D）通常不直接参与日常伦理实践的核心合作。

【最终答案】：BCE",客观题,BCE
医患关系,"你是一个严格按照要求答题的医学考试考生。请你先展示出完整的思考过程，然后再输出最终答案。每道题目有至少两个选项（A、B）至多五个选项（A、B、C、D、E），题目为不定项选择题，请按照以下格式作答：

【思考过程】：...

【最终答案】：AB / BCE / CD / DE / E / ...（只输出选项的编号，不要写选项内容）

示例：
题目：医疗伦理中四大基本原则是？
A.尊重自主权
B.善意行为
C.无害原则
D.公正原则
E.以上都不是
【思考过程】：本题考查医学伦理的四大基本原则，包括尊重自主权、不伤害原则、行善原则、公正原则。

【最终答案】：ABCD

题目：护士在专业实践中应履行哪些与研究相关的职责？
A.执行已确定的护理方案
B.参与设计改进社区健康的临床研究
C.独立发表未经验证的医疗成果
D.将最新循证研究整合进家庭护理服务
E.向公众科普已证实的疾病预防方法
【思考过程】：",BDE,Doubao-1.5-Thinking,"【思考过程】：本题考查护士在专业实践中与研究相关的职责。需逐一分析选项：  
- 选项A“执行已确定的护理方案”属于常规护理操作，与研究无直接关联，排除。  
- 选项B“参与设计改进社区健康的临床研究”：护士参与研究设计是研究职责的一部分，符合要求。  
- 选项C“独立发表未经验证的医疗成果”：未经验证的成果发表违背科学严谨性，属于错误行为，排除。  
- 选项D“将最新循证研究整合进家庭护理服务”：循证护理要求将研究成果应用于实践，属于研究相关职责。  
- 选项E“向公众科普已证实的疾病预防方法”：传播基于研究的科学知识是护士的职责，符合要求。  

【最终答案】：BDE",客观题,BDE
医患关系,"你是一个严格按照要求答题的医学考试考生。请你先展示出完整的思考过程，然后再输出最终答案。每道题目有至少两个选项（A、B）至多五个选项（A、B、C、D、E），题目为不定项选择题，请按照以下格式作答：

【思考过程】：...

【最终答案】：AB / BCE / CD / DE / E / ...（只输出选项的编号，不要写选项内容）

示例：
题目：医疗伦理中四大基本原则是？
A.尊重自主权
B.善意行为
C.无害原则
D.公正原则
E.以上都不是
【思考过程】：本题考查医学伦理的四大基本原则，包括尊重自主权、不伤害原则、行善原则、公正原则。

【最终答案】：ABCD

题目：以下哪项符合护士在医疗保健中应秉持的伦理原则？
A.仅在患者支付费用时提供必要的护理服务
B.优先为经济状况较好的患者提供高质量的护理
C.支持无论国籍、种族或社会地位，每个人都应获得医疗保健
D.根据医院政策调整护理服务的可及性
【思考过程】：",C,Doubao-1.5-Thinking,"【思考过程】：护士在医疗保健中应遵循的伦理原则包括尊重患者权利、公正、不伤害和有利等。分析各选项：  
- 选项A：仅因支付费用才提供必要护理，违背了基本的医疗公平原则，不符合伦理。  
- 选项B：优先为经济状况好的患者提供高质量护理，属于因经济差异区别对待，违背公正原则。  
- 选项C：支持所有人（无论国籍、种族、社会地位）获得医疗保健，符合公正原则中的平等理念，是护士应秉持的伦理。  
- 选项D：根据医院政策调整护理可及性，若政策本身存在歧视或不公，护士需以伦理原则优先，而非盲目遵循政策，因此不符合伦理要求。  

【最终答案】：C",客观题,C
医患关系,"你是一个严格按照要求答题的医学考试考生。请你先展示出完整的思考过程，然后再输出最终答案。每道题目有至少两个选项（A、B）至多五个选项（A、B、C、D、E），题目为不定项选择题，请按照以下格式作答：

【思考过程】：...

【最终答案】：AB / BCE / CD / DE / E / ...（只输出选项的编号，不要写选项内容）

示例：
题目：医疗伦理中四大基本原则是？
A.尊重自主权
B.善意行为
C.无害原则
D.公正原则
E.以上都不是
【思考过程】：本题考查医学伦理的四大基本原则，包括尊重自主权、不伤害原则、行善原则、公正原则。

【最终答案】：ABCD

题目：护士在常规护理伦理实践中应当采取以下哪种措施？
A.仅在患者病例中记录社会因素影响
B.促成保障弱势群体就医公平性的政策
C.优先为高收入患者提供护理资源
D.倡导改善社区健康卫生条件的方案
E.避免参与医院外的公共卫生议题
【思考过程】：",BD,Doubao-1.5-Thinking,"【思考过程】：本题考查护士在护理伦理实践中的职责。护理伦理强调尊重、不伤害、行善和公正原则，护士需关注患者整体健康及社会公平。  
- 选项A：“仅在患者病例中记录社会因素影响”错误，社会因素对健康影响广泛，护士应全面评估并在护理计划中考虑，而非仅记录。  
- 选项B：“促成保障弱势群体就医公平性的政策”正确，公正原则要求护士倡导公平，尤其保护弱势群体权益。  
- 选项C：“优先为高收入患者提供护理资源”错误，违背公正原则，护理资源应基于需求而非经济状况分配。  
- 选项D：“倡导改善社区健康卫生条件的方案”正确，护士需承担社会责任，参与社区健康促进。  
- 选项E：“避免参与医院外的公共卫生议题”错误，护士应积极参与公共卫生，促进社区健康。  

【最终答案】：BD",客观题,BD
医患关系,"你是一个严格按照要求答题的医学考试考生。请你先展示出完整的思考过程，然后再输出最终答案。每道题目有至少两个选项（A、B）至多五个选项（A、B、C、D、E），题目为不定项选择题，请按照以下格式作答：

【思考过程】：...

【最终答案】：AB / BCE / CD / DE / E / ...（只输出选项的编号，不要写选项内容）

示例：
题目：医疗伦理中四大基本原则是？
A.尊重自主权
B.善意行为
C.无害原则
D.公正原则
E.以上都不是
【思考过程】：本题考查医学伦理的四大基本原则，包括尊重自主权、不伤害原则、行善原则、公正原则。

【最终答案】：ABCD

题目：下列哪些举措属于护士在常规护理中应提倡的伦理职责？
A.推广一次性医疗用品的使用
B.促进无害废弃物处理的流程
C.优先采购可降解包装材料
D.减少有害环境行为的举措
E.禁止所有非必要医疗资源的消耗
【思考过程】：",BCD,Doubao-1.5-Thinking,"【思考过程】：本题考查护士在常规护理中的伦理职责，核心在于分析各选项是否符合护理伦理中保护环境、合理使用资源、减少危害等原则。  
- 选项A：推广一次性医疗用品可能增加医疗废弃物和资源消耗，不符合环保和节约伦理，不提倡。  
- 选项B：促进无害废弃物处理流程，能减少医疗废弃物对环境和他人的危害，属于护士应承担的伦理职责。  
- 选项C：优先采购可降解包装材料有助于减少环境污染，符合资源可持续利用的伦理要求，属于常规护理中可提倡的举措。  
- 选项D：减少有害环境行为（如节约资源、避免污染）是护士在日常工作中应践行的伦理责任。  
- 选项E：“禁止所有非必要医疗资源消耗”表述过于绝对，医疗资源需根据实际需求合理使用，完全禁止不现实，不符合伦理实践的灵活性。  

【最终答案】：BCD",客观题,BCD
医患关系,"你是一个严格按照要求答题的医学考试考生。请你先展示出完整的思考过程，然后再输出最终答案。每道题目有至少两个选项（A、B）至多五个选项（A、B、C、D、E），题目为不定项选择题，请按照以下格式作答：

【思考过程】：...

【最终答案】：AB / BCE / CD / DE / E / ...（只输出选项的编号，不要写选项内容）

示例：
题目：医疗伦理中四大基本原则是？
A.尊重自主权
B.善意行为
C.无害原则
D.公正原则
E.以上都不是
【思考过程】：本题考查医学伦理的四大基本原则，包括尊重自主权、不伤害原则、行善原则、公正原则。

【最终答案】：ABCD

题目：根据相关法规，护士应承担的跨国合作责任包括以下哪些内容？
A.仅参与国内护理技术培训
B.与他国合作制定全球健康政策
C.为发展中国家提供护理技术支持
D.优先优化本土医疗资源配置
E.参加国际护理伦理原则研讨会
【思考过程】：",BCE,Doubao-1.5-Thinking,"【思考过程】：本题考查护士在跨国合作中的责任。需结合国际护理相关法规及职责分析各选项：  
- 选项A“仅参与国内护理技术培训”：“仅”字限定了范围，与跨国合作的“国际”属性矛盾，排除。  
- 选项B“与他国合作制定全球健康政策”：护士作为医疗专业人员，可参与国际健康政策制定（如国际护士会ICN倡导护士参与全球卫生决策），属于跨国合作责任。  
- 选项C“为发展中国家提供护理技术支持”：跨国技术援助是国际合作的重要内容（如医疗援助项目中护士提供技术支持），符合跨国责任。  
- 选项D“优先优化本土医疗资源配置”：强调本土资源优化，属于国内责任，与跨国合作无关，排除。  
- 选项E“参加国际护理伦理原则研讨会”：参与国际学术交流是跨国合作的典型形式（如伦理研讨促进国际共识），属于跨国责任。  

综上，符合跨国合作责任的选项为B、C、E。

【最终答案】：BCE",客观题,BCE
医患关系,"你是一个严格按照要求答题的医学考试考生。请你先展示出完整的思考过程，然后再输出最终答案。每道题目有至少两个选项（A、B）至多五个选项（A、B、C、D、E），题目为不定项选择题，请按照以下格式作答：

【思考过程】：...

【最终答案】：AB / BCE / CD / DE / E / ...（只输出选项的编号，不要写选项内容）

示例：
题目：医疗伦理中四大基本原则是？
A.尊重自主权
B.善意行为
C.无害原则
D.公正原则
E.以上都不是
【思考过程】：本题考查医学伦理的四大基本原则，包括尊重自主权、不伤害原则、行善原则、公正原则。

【最终答案】：ABCD

题目：根据法律法规，以下哪些主体应当加强对医疗卫生人员的医德医风教育？
A.医疗卫生行业组织
B.医疗卫生机构
C.患者家属
D.卫生行政机关
E.医学院校
【思考过程】：",ABDE,Doubao-1.5-Thinking,"【思考过程】：根据相关法律法规，如《基本医疗卫生与健康促进法》及《医疗机构从业人员行为规范》等规定，医德医风教育的责任主体主要包括：医疗卫生机构（直接管理和教育其人员）、医疗卫生行业组织（行业规范与引导）、卫生行政机关（监管与指导）、医学院校（培养阶段的医德教育）。患者家属作为服务对象，无责任对医疗卫生人员进行医德医风教育。因此，A（医疗卫生行业组织）、B（医疗卫生机构）、D（卫生行政机关）、E（医学院校）为正确主体。

【最终答案】：ABDE",客观题,ABDE
医患关系,"你是一个严格按照要求答题的医学考试考生。请你先展示出完整的思考过程，然后再输出最终答案。每道题目有至少两个选项（A、B）至多五个选项（A、B、C、D、E），题目为不定项选择题，请按照以下格式作答：

【思考过程】：...

【最终答案】：AB / BCE / CD / DE / E / ...（只输出选项的编号，不要写选项内容）

示例：
题目：医疗伦理中四大基本原则是？
A.尊重自主权
B.善意行为
C.无害原则
D.公正原则
E.以上都不是
【思考过程】：本题考查医学伦理的四大基本原则，包括尊重自主权、不伤害原则、行善原则、公正原则。

【最终答案】：ABCD

题目：根据法规，以下哪些行为属于医疗卫生人员的违规行为？
A.根据患者病情合理使用药物
B.接受患者赠送的贵重礼品
C.为了增加收入而进行不必要的检查
D.推荐患者购买高价保健品以获取回扣
【思考过程】：",BCD,Doubao-1.5-Thinking,"【思考过程】：本题需判断医疗卫生人员的违规行为。根据相关法规，如《医疗机构从业人员行为规范》等：A选项“合理使用药物”是规范诊疗行为，不属于违规；B选项“接受贵重礼品”违反了不得收受患者财物的规定；C选项“为增加收入进行不必要检查”属于过度医疗，违反合理诊疗原则；D选项“推荐高价保健品获取回扣”涉及商业贿赂，属于违规行为。因此B、C、D为违规行为。

【最终答案】：BCD",客观题,BCD
医患关系,"你是一个严格按照要求答题的医学考试考生。请你先展示出完整的思考过程，然后再输出最终答案。每道题目有至少两个选项（A、B）至多五个选项（A、B、C、D、E），题目为不定项选择题，请按照以下格式作答：

【思考过程】：...

【最终答案】：AB / BCE / CD / DE / E / ...（只输出选项的编号，不要写选项内容）

示例：
题目：医疗伦理中四大基本原则是？
A.尊重自主权
B.善意行为
C.无害原则
D.公正原则
E.以上都不是
【思考过程】：本题考查医学伦理的四大基本原则，包括尊重自主权、不伤害原则、行善原则、公正原则。

【最终答案】：ABCD

题目：以下表述是否正确：任何组织或个人不得威胁、危害医疗卫生人员人身安全，侵犯其人格尊严，医疗卫生人员的执业环境由医疗机构自行负责。
A.正确
B.错误
【思考过程】：",B,Doubao-1.5-Thinking,"【思考过程】：根据《中华人民共和国基本医疗卫生与健康促进法》第五十七条规定，任何组织或者个人不得威胁、危害医疗卫生人员人身安全，侵犯其人格尊严。同时，该法明确指出，医疗卫生机构执业场所是提供医疗卫生服务的公共场所，各级人民政府、卫生健康主管部门、其他有关部门和医疗卫生机构应当采取措施，共同保护医疗卫生人员的执业环境。因此，题目中“医疗卫生人员的执业环境由医疗机构自行负责”的表述不符合法律规定，原表述错误。

【最终答案】：B",客观题,B
医患关系,"你是一个严格按照要求答题的医学考试考生。请你先展示出完整的思考过程，然后再输出最终答案。每道题目有至少两个选项（A、B）至多五个选项（A、B、C、D、E），题目为不定项选择题，请按照以下格式作答：

【思考过程】：...

【最终答案】：AB / BCE / CD / DE / E / ...（只输出选项的编号，不要写选项内容）

示例：
题目：医疗伦理中四大基本原则是？
A.尊重自主权
B.善意行为
C.无害原则
D.公正原则
E.以上都不是
【思考过程】：本题考查医学伦理的四大基本原则，包括尊重自主权、不伤害原则、行善原则、公正原则。

【最终答案】：ABCD

题目：根据法规，以下哪种行为不属于医疗卫生人员的违规行为？
A. 利用职务之便索要财物
B. 泄露非个人健康信息
C. 违反医学伦理规范但履行了告知义务
D. 在研究中未履行告知义务
E. 泄露公民个人健康信息
【思考过程】：",B,Doubao-1.5-Thinking,"【思考过程】：本题需判断哪些行为不属于医疗卫生人员的违规行为。根据相关法规分析各选项：

- 选项A：利用职务之便索要财物。《医师法》明确规定医师不得利用职务之便索要财物，属于违规行为。
- 选项B：泄露非个人健康信息。法律主要保护个人健康信息（如公民隐私），非个人健康信息（如匿名统计数据）通常不涉及个人隐私，泄露此类信息一般不属于违规。
- 选项C：违反医学伦理规范但履行了告知义务。医学伦理规范涵盖知情同意、不伤害等多方面，仅履行告知义务不代表符合伦理规范（如违反伦理的操作），仍属违规。
- 选项D：在研究中未履行告知义务。涉及人的生物医学研究必须履行告知义务并获得知情同意，未履行属于违规。
- 选项E：泄露公民个人健康信息。《基本医疗卫生与健康促进法》等明确要求保护个人健康信息，泄露属违规。

综上，只有选项B不属于违规行为。

【最终答案】：B",客观题,B
医患关系,"你是一个严格按照要求答题的医学考试考生。请你先展示出完整的思考过程，然后再输出最终答案。每道题目有至少两个选项（A、B）至多五个选项（A、B、C、D、E），题目为不定项选择题，请按照以下格式作答：

【思考过程】：...

【最终答案】：AB / BCE / CD / DE / E / ...（只输出选项的编号，不要写选项内容）

示例：
题目：医疗伦理中四大基本原则是？
A.尊重自主权
B.善意行为
C.无害原则
D.公正原则
E.以上都不是
【思考过程】：本题考查医学伦理的四大基本原则，包括尊重自主权、不伤害原则、行善原则、公正原则。

【最终答案】：ABCD

题目：根据法规，以下哪项不属于病区为临终患者必须配备的设施或措施？
A.独立洗澡间内的防滑倒装置
B.移动患者专用的电动升降机
C.普通病房床帘
D.紧急呼叫装置和扶手
E.适应临终患者需求的洗澡设施
【思考过程】：",C,Doubao-1.5-Thinking,"【思考过程】：根据相关法规对临终患者病区设施的要求，必须配备的设施通常包括保障安全（如防滑装置、扶手、紧急呼叫装置）、维护隐私（如病房床帘）以及满足基本生活需求（如适应需求的洗澡设施）。选项B“移动患者专用的电动升降机”属于辅助转移设备，可能因医院条件或患者具体情况不同而配备，并非法规强制要求的必须设施。其他选项（A防滑装置、C床帘、D紧急呼叫和扶手、E适应需求的洗澡设施）均为保障临终患者安全、隐私和基本生活需求的必要措施。

【最终答案】：B",客观题,B
医患关系,"你是一个严格按照要求答题的医学考试考生。请你先展示出完整的思考过程，然后再输出最终答案。每道题目有至少两个选项（A、B）至多五个选项（A、B、C、D、E），题目为不定项选择题，请按照以下格式作答：

【思考过程】：...

【最终答案】：AB / BCE / CD / DE / E / ...（只输出选项的编号，不要写选项内容）

示例：
题目：医疗伦理中四大基本原则是？
A.尊重自主权
B.善意行为
C.无害原则
D.公正原则
E.以上都不是
【思考过程】：本题考查医学伦理的四大基本原则，包括尊重自主权、不伤害原则、行善原则、公正原则。

【最终答案】：ABCD

题目：根据规定，特殊疾病护理中的无障碍设计要求应包括以下哪些内容？
A.患者活动区域和走廊两侧设有扶手
B.房门设计方便轮椅和推车进出
C.每个病房内必须安装电梯
D.功能检查用房和理疗用房设有无障碍通道
E.所有病房门宽至少2米
【思考过程】：",ABD,Doubao-1.5-Thinking,"【思考过程】：本题考查特殊疾病护理中无障碍设计的要求。分析各选项：  
- 选项A：患者活动区域和走廊两侧设扶手是无障碍设计的基本要求，方便行动不便者扶持，正确。  
- 选项B：房门设计需满足轮椅和推车通行，符合无障碍设计中“通行便利”的要求，正确。  
- 选项C：电梯属于建筑公共设施，要求“每个病房内安装电梯”不符合实际，错误。  
- 选项D：功能检查和理疗用房是患者高频使用区域，必须设置无障碍通道，正确。  
- 选项E：病房门宽通常需满足轮椅通行（约0.8-1米），“至少2米”超出必要标准，错误。  

【最终答案】：ABD",客观题,ABD
医患关系,"你是一个严格按照要求答题的医学考试考生。请你先展示出完整的思考过程，然后再输出最终答案。每道题目有至少两个选项（A、B）至多五个选项（A、B、C、D、E），题目为不定项选择题，请按照以下格式作答：

【思考过程】：...

【最终答案】：AB / BCE / CD / DE / E / ...（只输出选项的编号，不要写选项内容）

示例：
题目：医疗伦理中四大基本原则是？
A.尊重自主权
B.善意行为
C.无害原则
D.公正原则
E.以上都不是
【思考过程】：本题考查医学伦理的四大基本原则，包括尊重自主权、不伤害原则、行善原则、公正原则。

【最终答案】：ABCD

题目：根据法规，以下哪项不属于关怀室（告别室）应具备的特点或设施？
A.尊重不同民族的丧葬习俗
B.配备家属与亡者告别的专用设施
C.强制家属参与特定宗教仪式
D.体现人性、人道和关爱
E.考虑传统文化和民俗需求
【思考过程】：",C,Doubao-1.5-Thinking,"【思考过程】：关怀室（告别室）的核心是提供人性化、人道和关爱的环境，尊重不同民族习俗、传统文化和民俗需求，并配备专用告别设施。选项C“强制家属参与特定宗教仪式”违背了尊重自愿原则，不符合法规要求，因此不属于应具备的特点或设施。

【最终答案】：C",客观题,C
医患关系,"你是一个严格按照要求答题的医学考试考生。请你先展示出完整的思考过程，然后再输出最终答案。每道题目有至少两个选项（A、B）至多五个选项（A、B、C、D、E），题目为不定项选择题，请按照以下格式作答：

【思考过程】：...

【最终答案】：AB / BCE / CD / DE / E / ...（只输出选项的编号，不要写选项内容）

示例：
题目：医疗伦理中四大基本原则是？
A.尊重自主权
B.善意行为
C.无害原则
D.公正原则
E.以上都不是
【思考过程】：本题考查医学伦理的四大基本原则，包括尊重自主权、不伤害原则、行善原则、公正原则。

【最终答案】：ABCD

题目：根据法律法规，以下哪项不属于医疗机构在特殊疾病护理中必须履行的患者权益保障义务？
A.建立与患者家属的定期沟通机制
B.仅向患者本人告知病情进展
C.在进行检查时确保患者隐私不受侵犯
D.尊重患者对治疗方案的知情选择权
E.通过书面形式完整记录沟通内容
【思考过程】：",B,Doubao-1.5-Thinking,"【思考过程】：本题需判断哪项不属于医疗机构在特殊疾病护理中必须履行的患者权益保障义务。根据相关法律法规：  
- 选项A：建立与患者家属的定期沟通机制，符合《医疗纠纷预防和处理条例》中关于医患沟通的要求，属于义务。  
- 选项B：仅向患者本人告知病情进展，不符合规定。因患者可能无法或不宜接收信息（如昏迷、未成年人等），此时应告知其近亲属，“仅”向本人告知不合法，不属于必须义务。  
- 选项C：检查时保护患者隐私，《民法典》明确规定医疗机构需保护患者隐私，属于义务。  
- 选项D：尊重患者知情选择权，是患者基本权利，《医疗纠纷预防和处理条例》要求医疗机构履行，属于义务。  
- 选项E：书面记录沟通内容，符合《医疗纠纷预防和处理条例》中关于病历及沟通记录的规定，属于义务。  

【最终答案】：B",客观题,B
医患关系,"你是一个严格按照要求答题的医学考试考生。请你先展示出完整的思考过程，然后再输出最终答案。每道题目有至少两个选项（A、B）至多五个选项（A、B、C、D、E），题目为不定项选择题，请按照以下格式作答：

【思考过程】：...

【最终答案】：AB / BCE / CD / DE / E / ...（只输出选项的编号，不要写选项内容）

示例：
题目：医疗伦理中四大基本原则是？
A.尊重自主权
B.善意行为
C.无害原则
D.公正原则
E.以上都不是
【思考过程】：本题考查医学伦理的四大基本原则，包括尊重自主权、不伤害原则、行善原则、公正原则。

【最终答案】：ABCD

题目：根据法律法规，以下哪项不属于医疗机构必须执行的患者安全管理措施？
A.制定各类突发事件应急预案和处理流程
B.定期进行应急处理能力培训和演练
C.仅在事故发生后制定应急预案
D.不定期进行应急演练
E.每季度评估应急预案的有效性
【思考过程】：",CDE,Doubao-1.5-Thinking,"【思考过程】：根据医疗机构患者安全管理的相关法规要求，医疗机构需预先制定突发事件应急预案（而非仅在事故发生后制定），并定期进行培训、演练及评估。选项C“仅在事故发生后制定应急预案”违背了预先规划的原则，属于不必须执行的错误措施；选项A（制定预案）、B（定期培训演练）、D（不定期演练虽可能不够规范但未明确禁止）、E（定期评估有效性）均属于合理或必须的管理措施。因此，C是不属于必须执行的。

【最终答案】：C",客观题,C
医患关系,"你是一个严格按照要求答题的医学考试考生。请你先展示出完整的思考过程，然后再输出最终答案。每道题目有至少两个选项（A、B）至多五个选项（A、B、C、D、E），题目为不定项选择题，请按照以下格式作答：

【思考过程】：...

【最终答案】：AB / BCE / CD / DE / E / ...（只输出选项的编号，不要写选项内容）

示例：
题目：医疗伦理中四大基本原则是？
A.尊重自主权
B.善意行为
C.无害原则
D.公正原则
E.以上都不是
【思考过程】：本题考查医学伦理的四大基本原则，包括尊重自主权、不伤害原则、行善原则、公正原则。

【最终答案】：ABCD

题目：以下哪项不属于医疗机构必须建立报告制度和处理预案的高危患者风险？
A.跌倒
B.感染
C.自杀
D.压疮
【思考过程】：",B,Doubao-1.5-Thinking,"【思考过程】：医疗机构通常需针对患者个体的高危安全风险建立报告制度和处理预案，常见的包括跌倒、压疮（压力性损伤）、自杀等直接威胁患者安全的事件。感染（如医院感染）更多属于医疗质量或院感控制范畴，主要通过环境管理、消毒隔离等措施预防，而非针对个体患者的高危风险报告和预案。因此，感染不属于此类高危患者风险的报告制度和处理预案范围。

【最终答案】：B",客观题,B
医患关系,"你是一个严格按照要求答题的医学考试考生。请你先展示出完整的思考过程，然后再输出最终答案。每道题目有至少两个选项（A、B）至多五个选项（A、B、C、D、E），题目为不定项选择题，请按照以下格式作答：

【思考过程】：...

【最终答案】：AB / BCE / CD / DE / E / ...（只输出选项的编号，不要写选项内容）

示例：
题目：医疗伦理中四大基本原则是？
A.尊重自主权
B.善意行为
C.无害原则
D.公正原则
E.以上都不是
【思考过程】：本题考查医学伦理的四大基本原则，包括尊重自主权、不伤害原则、行善原则、公正原则。

【最终答案】：ABCD

题目：根据规定，护士在发现患者病情变化时应当首先采取以下哪项措施？
A. 及时与医师沟通
B. 自行处理病情变化
C. 等待医师查房时再报告
D. 优先通知患者家属
【思考过程】：",A,Doubao-1.5-Thinking,"【思考过程】：根据护理工作规范，护士在发现患者病情变化时，首要职责是及时与医师沟通，以便医师尽快评估病情并采取相应治疗措施。自行处理（B）可能超出护士职责范围；等待医师查房（C）会延误病情；优先通知家属（D）不符合“先处理病情”的原则。因此，正确措施应为及时与医师沟通。

【最终答案】：A",客观题,A
医患关系,"你是一个严格按照要求答题的医学考试考生。请你先展示出完整的思考过程，然后再输出最终答案。每道题目有至少两个选项（A、B）至多五个选项（A、B、C、D、E），题目为不定项选择题，请按照以下格式作答：

【思考过程】：...

【最终答案】：AB / BCE / CD / DE / E / ...（只输出选项的编号，不要写选项内容）

示例：
题目：医疗伦理中四大基本原则是？
A.尊重自主权
B.善意行为
C.无害原则
D.公正原则
E.以上都不是
【思考过程】：本题考查医学伦理的四大基本原则，包括尊重自主权、不伤害原则、行善原则、公正原则。

【最终答案】：ABCD

题目：以下哪项不符合医院改进护理工作的规定？
A. 仅收集患者的意见，忽略家属的建议
B. 及时分析处理收集到的反馈
C. 根据反馈不断改进护理工作
D. 定期而不是及时分析处理
【思考过程】：",AD,Doubao-1.5-Thinking,"【思考过程】：医院改进护理工作的规定通常强调以患者为中心，重视多方反馈（包括患者及家属），并要求及时分析处理反馈、持续改进护理工作。选项A“仅收集患者的意见，忽略家属的建议”不符合规定，因为家属的建议同样重要；选项D“定期而不是及时分析处理”也不符合规定，规定要求及时处理而非定期。选项B（及时分析处理）和C（根据反馈改进）符合规定。

【最终答案】：AD",客观题,AD
医患关系,"你是一个严格按照要求答题的医学考试考生。请你先展示出完整的思考过程，然后再输出最终答案。每道题目有至少两个选项（A、B）至多五个选项（A、B、C、D、E），题目为不定项选择题，请按照以下格式作答：

【思考过程】：...

【最终答案】：AB / BCE / CD / DE / E / ...（只输出选项的编号，不要写选项内容）

示例：
题目：医疗伦理中四大基本原则是？
A.尊重自主权
B.善意行为
C.无害原则
D.公正原则
E.以上都不是
【思考过程】：本题考查医学伦理的四大基本原则，包括尊重自主权、不伤害原则、行善原则、公正原则。

【最终答案】：ABCD

题目：根据法规，医院在护理不良事件管理中应当采取哪些措施？
A.加强不良事件的报告
B.及时调查分析事件原因
C.防范不良事件的发生
D.促进护理质量持续改进
E.对涉事护士进行经济处罚
【思考过程】：",ABCD,Doubao-1.5-Thinking,"【思考过程】：根据相关法规，医院在护理不良事件管理中的核心措施包括报告、调查分析、预防及质量改进。选项A“加强不良事件的报告”是管理的基础，通过报告机制及时掌握事件信息；选项B“及时调查分析事件原因”是明确问题根源的关键步骤；选项C“防范不良事件的发生”是管理的预防性目标；选项D“促进护理质量持续改进”是通过事件管理推动整体质量提升的最终目的。而选项E“对涉事护士进行经济处罚”不符合非惩罚性报告制度的原则，法规更强调系统改进而非单纯处罚个人。因此正确选项为ABCD。

【最终答案】：ABCD",客观题,ABCD
医患关系,"你是一个严格按照要求答题的医学考试考生。请你先展示出完整的思考过程，然后再输出最终答案。每道题目有至少两个选项（A、B）至多五个选项（A、B、C、D、E），题目为不定项选择题，请按照以下格式作答：

【思考过程】：...

【最终答案】：AB / BCE / CD / DE / E / ...（只输出选项的编号，不要写选项内容）

示例：
题目：医疗伦理中四大基本原则是？
A.尊重自主权
B.善意行为
C.无害原则
D.公正原则
E.以上都不是
【思考过程】：本题考查医学伦理的四大基本原则，包括尊重自主权、不伤害原则、行善原则、公正原则。

【最终答案】：ABCD

题目：根据规定，接受安宁疗护服务需要满足哪些必要条件？
A.由执业医师明确诊断为疾病终末期或老年患者
B.预期生存期在6个月以内
C.患者或家属同意接受服务约定
D.患者年龄超过60岁
E.预期生存期在12个月以内
【思考过程】：",ABC,Doubao-1.5-Thinking,"【思考过程】：安宁疗护的必要条件需结合相关规范分析。根据我国安宁疗护服务的规定，服务对象需由执业医师明确诊断为疾病终末期或老年患者（A正确）；通常预期生存期在6个月以内（B正确，E错误）；同时需患者或家属知情同意接受服务约定（C正确）。年龄超过60岁（D）并非必要条件，安宁疗护对象不限于年龄。

【最终答案】：ABC",客观题,ABC
医患关系,"你是一个严格按照要求答题的医学考试考生。请你先展示出完整的思考过程，然后再输出最终答案。每道题目有至少两个选项（A、B）至多五个选项（A、B、C、D、E），题目为不定项选择题，请按照以下格式作答：

【思考过程】：...

【最终答案】：AB / BCE / CD / DE / E / ...（只输出选项的编号，不要写选项内容）

示例：
题目：医疗伦理中四大基本原则是？
A.尊重自主权
B.善意行为
C.无害原则
D.公正原则
E.以上都不是
【思考过程】：本题考查医学伦理的四大基本原则，包括尊重自主权、不伤害原则、行善原则、公正原则。

【最终答案】：ABCD

题目：根据法规，以下哪项不属于为疾病终末期或老年患者提供的服务必须包含的要素？
A.缓和
B.舒适
C.安全
D.根治
E.有效
【思考过程】：",D,Doubao-1.5-Thinking,"【思考过程】：疾病终末期或老年患者通常处于疾病无法根治或治愈的阶段，其服务重点应围绕缓解症状、提高生活质量。根据相关法规和临床实践，此类患者的服务核心要素包括缓和（缓解痛苦）、舒适（改善生活质量）、安全（保障基本健康）和有效（针对性支持）。而“根治”因疾病终末期或老年患者的病理特点（如不可逆进展），通常并非服务必须包含的要素。

【最终答案】：D",客观题,D
医患关系,"你是一个严格按照要求答题的医学考试考生。请你先展示出完整的思考过程，然后再输出最终答案。每道题目有至少两个选项（A、B）至多五个选项（A、B、C、D、E），题目为不定项选择题，请按照以下格式作答：

【思考过程】：...

【最终答案】：AB / BCE / CD / DE / E / ...（只输出选项的编号，不要写选项内容）

示例：
题目：医疗伦理中四大基本原则是？
A.尊重自主权
B.善意行为
C.无害原则
D.公正原则
E.以上都不是
【思考过程】：本题考查医学伦理的四大基本原则，包括尊重自主权、不伤害原则、行善原则、公正原则。

【最终答案】：ABCD

题目：根据法规，对于轻中度AD痴呆患者，以下哪种处理方式符合医学伦理和法律规定？
A. 在充分告知患者或家属治疗的获益和风险后，优先选择胆碱酯酶抑制剂作为初始治疗
B. 未经患者或家属同意直接开具胆碱酯酶抑制剂处方
C. 优先采用美金刚单药治疗，后续再评估胆碱酯酶抑制剂的使用
D. 根据患者经济条件选择是否采用胆碱酯酶抑制剂治疗
【思考过程】：",A,Doubao-1.5-Thinking,"【思考过程】：本题需结合医学伦理原则（尊重自主权、知情同意）及AD治疗指南分析。  
- 选项A：轻中度AD的一线治疗指南推荐胆碱酯酶抑制剂作为初始治疗（如多奈哌齐等），且充分告知患者或家属符合知情同意原则，符合伦理和法律规定，正确。  
- 选项B：未经同意直接处方违反知情同意权，不符合规定，错误。  
- 选项C：美金刚主要用于中重度AD，轻中度初始治疗应优先胆碱酯酶抑制剂，而非美金刚单药，错误。  
- 选项D：治疗选择应基于病情需要，而非经济条件（公正原则要求公平对待），经济条件不应作为是否采用必要治疗的依据，错误。  

【最终答案】：A",客观题,A
医患关系,"你是一个严格按照要求答题的医学考试考生。请你先展示出完整的思考过程，然后再输出最终答案。每道题目有至少两个选项（A、B）至多五个选项（A、B、C、D、E），题目为不定项选择题，请按照以下格式作答：

【思考过程】：...

【最终答案】：AB / BCE / CD / DE / E / ...（只输出选项的编号，不要写选项内容）

示例：
题目：医疗伦理中四大基本原则是？
A.尊重自主权
B.善意行为
C.无害原则
D.公正原则
E.以上都不是
【思考过程】：本题考查医学伦理的四大基本原则，包括尊重自主权、不伤害原则、行善原则、公正原则。

【最终答案】：ABCD

题目：医疗卫生人员需要向患者或其近亲属说明医疗风险、替代方案并取得同意的情形包括哪些？
A.实施手术
B.进行常规血液检查
C.开具普通抗生素处方
D.进行特殊检查
E.开展新药临床试验
【思考过程】：",ADE,Doubao-1.5-Thinking,"【思考过程】：根据《民法典》第一千二百一十九条规定，医务人员在诊疗活动中，需要实施手术、特殊检查、特殊治疗的，应当向患者或其近亲属说明医疗风险、替代方案并取得同意。常规血液检查（B）和开具普通抗生素处方（C）属于常规医疗措施，风险较低，通常无需额外说明并取得同意。实施手术（A）、特殊检查（D）及新药临床试验（E，属于特殊治疗）均需履行说明和同意程序。

【最终答案】：ADE",客观题,ADE
医患关系,"你是一个严格按照要求答题的医学考试考生。请你先展示出完整的思考过程，然后再输出最终答案。每道题目有至少两个选项（A、B）至多五个选项（A、B、C、D、E），题目为不定项选择题，请按照以下格式作答：

【思考过程】：...

【最终答案】：AB / BCE / CD / DE / E / ...（只输出选项的编号，不要写选项内容）

示例：
题目：医疗伦理中四大基本原则是？
A.尊重自主权
B.善意行为
C.无害原则
D.公正原则
E.以上都不是
【思考过程】：本题考查医学伦理的四大基本原则，包括尊重自主权、不伤害原则、行善原则、公正原则。

【最终答案】：ABCD

题目：根据法律法规，以下哪项属于患者在接受医疗服务时的义务？
A.遵守诊疗制度和医疗卫生服务秩序，尊重医疗卫生人员
B.无条件服从医护人员的所有要求
C.要求医护人员公开其他患者的隐私信息
D.因对治疗效果不满可以随意扰乱医疗秩序
【思考过程】：",A,Doubao-1.5-Thinking,"【思考过程】：根据相关法律法规，患者在接受医疗服务时的义务主要包括遵守诊疗制度和医疗卫生服务秩序、尊重医疗卫生人员等。分析各选项：  
- 选项A：符合《基本医疗卫生与健康促进法》等法律中关于患者需遵守医疗秩序、尊重医护人员的规定，属于患者义务。  
- 选项B：“无条件服从所有要求”不合法，患者仅需配合合理医疗要求，而非无条件服从所有要求，不属于义务。  
- 选项C：要求公开他人隐私侵犯他人权利，是违法行为，不属于患者义务。  
- 选项D：扰乱医疗秩序是违法行为，患者有义务维护医疗秩序，而非随意扰乱。  

【最终答案】：A",客观题,A
医患关系,"你是一个严格按照要求答题的医学考试考生。请你先展示出完整的思考过程，然后再输出最终答案。每道题目有至少两个选项（A、B）至多五个选项（A、B、C、D、E），题目为不定项选择题，请按照以下格式作答：

【思考过程】：...

【最终答案】：AB / BCE / CD / DE / E / ...（只输出选项的编号，不要写选项内容）

示例：
题目：医疗伦理中四大基本原则是？
A.尊重自主权
B.善意行为
C.无害原则
D.公正原则
E.以上都不是
【思考过程】：本题考查医学伦理的四大基本原则，包括尊重自主权、不伤害原则、行善原则、公正原则。

【最终答案】：ABCD

题目：根据法律法规，以下哪些行为属于医疗卫生人员被禁止的行为？
A.对患者实施过度医疗
B.利用职务之便接受患者家属赠送的贵重礼品
C.根据患者病情选择性价比最优的治疗方案
D.在诊疗过程中严格遵守医学伦理规范
E.通过推荐特定药物获取药品回扣
【思考过程】：",ABE,Doubao-1.5-Thinking,"【思考过程】：本题需依据相关医疗卫生法律法规判断禁止行为。根据《基本医疗卫生与健康促进法》《医师法》等规定：  
- 选项A“对患者实施过度医疗”：法律明确禁止医疗卫生人员对患者实施不必要的检查、治疗等过度医疗行为。  
- 选项B“利用职务之便接受患者家属赠送的贵重礼品”：属于利用职务收受财物，违反“不得非法收受财物”的规定。  
- 选项C“根据患者病情选择性价比最优的治疗方案”：属于合理诊疗行为，法律鼓励而非禁止。  
- 选项D“在诊疗过程中严格遵守医学伦理规范”：是法律要求的义务，属于必须遵守的行为。  
- 选项E“通过推荐特定药物获取药品回扣”：属于牟取不正当利益，法律明确禁止。  

因此，被禁止的行为为A、B、E。

【最终答案】：ABE",客观题,ABE
医患关系,"你是一个严格按照要求答题的医学考试考生。请你先展示出完整的思考过程，然后再输出最终答案。每道题目有至少两个选项（A、B）至多五个选项（A、B、C、D、E），题目为不定项选择题，请按照以下格式作答：

【思考过程】：...

【最终答案】：AB / BCE / CD / DE / E / ...（只输出选项的编号，不要写选项内容）

示例：
题目：医疗伦理中四大基本原则是？
A.尊重自主权
B.善意行为
C.无害原则
D.公正原则
E.以上都不是
【思考过程】：本题考查医学伦理的四大基本原则，包括尊重自主权、不伤害原则、行善原则、公正原则。

【最终答案】：ABCD

题目：根据法律法规，以下哪些属于护士依法享有的权利或保护？
A.人格尊严不受侵犯
B.人身安全不受侵犯
C.依法履行职责受法律保护
D.护士应当尊重患者
E.全社会应当尊重护士
【思考过程】：",ABCE,Doubao-1.5-Thinking,"【思考过程】：本题需根据相关法律法规判断护士依法享有的权利或保护。首先回顾《护士条例》等法规：  
- 选项A“人格尊严不受侵犯”：护士作为公民，其人格尊严受《宪法》和《民法典》保护，属于基本权利。  
- 选项B“人身安全不受侵犯”：人身安全是公民的基本权利，《护士条例》未明确禁止侵犯护士人身安全，但法律普遍保护公民人身安全，属于护士应享有的保护。  
- 选项C“依法履行职责受法律保护”：《护士条例》第三条明确规定“护士依法履行职责，受法律保护”，直接属于护士的法定权利。  
- 选项D“护士应当尊重患者”：这是护士的法定义务（如《护士条例》第十八条），而非权利或保护，故排除。  
- 选项E“全社会应当尊重护士”：《护士条例》第三条规定“全社会应当尊重护士”，属于对护士的社会层面保护。  

综上，A、B、C、E属于护士依法享有的权利或保护，D为义务。

【最终答案】：ABCE",客观题,ABCE
医患关系,"你是一个严格按照要求答题的医学考试考生。请你先展示出完整的思考过程，然后再输出最终答案。每道题目有至少两个选项（A、B）至多五个选项（A、B、C、D、E），题目为不定项选择题，请按照以下格式作答：

【思考过程】：...

【最终答案】：AB / BCE / CD / DE / E / ...（只输出选项的编号，不要写选项内容）

示例：
题目：医疗伦理中四大基本原则是？
A.尊重自主权
B.善意行为
C.无害原则
D.公正原则
E.以上都不是
【思考过程】：本题考查医学伦理的四大基本原则，包括尊重自主权、不伤害原则、行善原则、公正原则。

【最终答案】：ABCD

题目：护士发现某医嘱违反诊疗技术规范时，应当采取以下哪种正确措施？
A. 直接向医院纪检监察部门举报
B. 先向开具医嘱的医师提出异议，必要时向上级报告
C. 立即执行医嘱但做好记录备查
D. 将医嘱转交其他护士执行以规避责任
【思考过程】：",B,Doubao-1.5-Thinking,"【思考过程】：根据《护士条例》第十七条规定，护士发现医嘱违反法律、法规、规章或者诊疗技术规范规定的，应当及时向开具医嘱的医师提出；必要时，应当向该医师所在科室的负责人或者医疗卫生机构负责医疗服务管理的人员报告。选项B符合这一规定。选项A（直接举报）不符合“先与医师沟通”的基本流程；选项C（立即执行）违反了护士对医嘱的核查责任；选项D（转交其他护士规避责任）属于逃避责任的错误行为。因此正确措施应为B。

【最终答案】：B",客观题,B
医患关系,"你是一个严格按照要求答题的医学考试考生。请你先展示出完整的思考过程，然后再输出最终答案。每道题目有至少两个选项（A、B）至多五个选项（A、B、C、D、E），题目为不定项选择题，请按照以下格式作答：

【思考过程】：...

【最终答案】：AB / BCE / CD / DE / E / ...（只输出选项的编号，不要写选项内容）

示例：
题目：医疗伦理中四大基本原则是？
A.尊重自主权
B.善意行为
C.无害原则
D.公正原则
E.以上都不是
【思考过程】：本题考查医学伦理的四大基本原则，包括尊重自主权、不伤害原则、行善原则、公正原则。

【最终答案】：ABCD

题目：根据法律法规，以下哪项不属于护士在护患关系中必须履行的义务？
A.尊重患者
B.关心患者
C.爱护患者
D.保护患者隐私
E.监督患者的行为
【思考过程】：",E,Doubao-1.5-Thinking,"【思考过程】：根据《护士条例》等相关法律法规，护士在护患关系中必须履行的义务包括尊重患者（A）、关心患者（B）、爱护患者（C）以及保护患者隐私（D）。而“监督患者的行为”（E）并非护士法定必须履行的义务，护士的主要职责是提供护理服务而非监督患者行为。

【最终答案】：E",客观题,E
医患关系,"你是一个严格按照要求答题的医学考试考生。请你先展示出完整的思考过程，然后再输出最终答案。每道题目有至少两个选项（A、B）至多五个选项（A、B、C、D、E），题目为不定项选择题，请按照以下格式作答：

【思考过程】：...

【最终答案】：AB / BCE / CD / DE / E / ...（只输出选项的编号，不要写选项内容）

示例：
题目：医疗伦理中四大基本原则是？
A.尊重自主权
B.善意行为
C.无害原则
D.公正原则
E.以上都不是
【思考过程】：本题考查医学伦理的四大基本原则，包括尊重自主权、不伤害原则、行善原则、公正原则。

【最终答案】：ABCD

题目：根据法规，以下哪项不属于护士在发生公共卫生事件时的义务？
A. 服从县级以上人民政府卫生主管部门的安排参加医疗救护
B. 自愿选择是否参加医疗救护
C. 服从所在医疗卫生机构的安排参加医疗救护
D. 参与医疗救护活动
【思考过程】：",B,Doubao-1.5-Thinking,"【思考过程】：根据《护士条例》及公共卫生事件相关法规，护士在发生公共卫生事件时需履行法定义务，包括服从卫生主管部门或所在医疗卫生机构的安排参与医疗救护，而非自愿选择是否参加。选项A（服从县级以上卫生主管部门安排）、C（服从所在机构安排）、D（参与救护）均属于义务；B（自愿选择是否参加）不符合法规对义务的强制性要求，不属于义务。

【最终答案】：B",客观题,B
医患关系,"你是一个严格按照要求答题的医学考试考生。请你先展示出完整的思考过程，然后再输出最终答案。每道题目有至少两个选项（A、B）至多五个选项（A、B、C、D、E），题目为不定项选择题，请按照以下格式作答：

【思考过程】：...

【最终答案】：AB / BCE / CD / DE / E / ...（只输出选项的编号，不要写选项内容）

示例：
题目：医疗伦理中四大基本原则是？
A.尊重自主权
B.善意行为
C.无害原则
D.公正原则
E.以上都不是
【思考过程】：本题考查医学伦理的四大基本原则，包括尊重自主权、不伤害原则、行善原则、公正原则。

【最终答案】：ABCD

题目：根据法规，护士在执业活动中出现以下哪种情形应受到处罚？
A. 发现患者病情危急但未立即通知医师
B. 未按医院规定着装
C. 泄露患者隐私
D. 未参加年度继续教育
E. 发现医嘱违规但未报告
【思考过程】：",ACE,Doubao-1.5-Thinking,"【思考过程】：本题需依据《护士条例》相关规定分析各选项是否属于应受处罚的情形。  
- 选项A：根据《护士条例》第三十一条，发现患者病情危急未立即通知医师的，应受处罚。  
- 选项B：未按医院规定着装属于内部管理问题，《护士条例》未将其列为处罚情形。  
- 选项C：《护士条例》明确规定护士需保护患者隐私，泄露隐私属于应受处罚的情形（第三十一条）。  
- 选项D：未参加年度继续教育可能影响考核或注册，但《护士条例》未直接规定为处罚情形。  
- 选项E：《护士条例》第三十一条规定，发现医嘱违规未报告的，应受处罚。  

【最终答案】：ACE",客观题,ACE
医患关系,"你是一个严格按照要求答题的医学考试考生。请你先展示出完整的思考过程，然后再输出最终答案。每道题目有至少两个选项（A、B）至多五个选项（A、B、C、D、E），题目为不定项选择题，请按照以下格式作答：

【思考过程】：...

【最终答案】：AB / BCE / CD / DE / E / ...（只输出选项的编号，不要写选项内容）

示例：
题目：医疗伦理中四大基本原则是？
A.尊重自主权
B.善意行为
C.无害原则
D.公正原则
E.以上都不是
【思考过程】：本题考查医学伦理的四大基本原则，包括尊重自主权、不伤害原则、行善原则、公正原则。

【最终答案】：ABCD

题目：根据相关规定，护士在执业活动中出现以下哪些情形时，可能面临警告、暂停执业或吊销证书的处罚？
A.未立即通知医师患者病情危急
B.未及时执行已下达的医嘱
C.泄露患者隐私
D.在公共卫生事件中不服从医疗救护安排
E.与患者发生轻微争执
【思考过程】：",ACD,Doubao-1.5-Thinking,"【思考过程】：本题需依据《护士条例》相关规定分析各选项是否属于应受处罚的情形。根据《护士条例》第三十一条，护士在执业活动中有以下情形之一的，可能面临警告、暂停执业或吊销证书的处罚：  
- 选项A“未立即通知医师患者病情危急”对应条例（一）“发现患者病情危急未立即通知医师的”，属于处罚情形；  
- 选项C“泄露患者隐私”对应条例（三）“泄露患者隐私的”，属于处罚情形；  
- 选项D“在公共卫生事件中不服从医疗救护安排”对应条例（四）“发生自然灾害、公共卫生事件等严重威胁公众生命健康的突发事件，不服从安排参加医疗救护的”，属于处罚情形；  
- 选项B“未及时执行已下达的医嘱”未明确列于条例处罚条款中（条例仅规定对违规医嘱未报告的处罚），不属于；  
- 选项E“与患者发生轻微争执”属于普通沟通问题，未达到严重违规程度，不属于。  

【最终答案】：ACD",客观题,ACD
医患关系,"你是一个严格按照要求答题的医学考试考生。请你先展示出完整的思考过程，然后再输出最终答案。每道题目有至少两个选项（A、B）至多五个选项（A、B、C、D、E），题目为不定项选择题，请按照以下格式作答：

【思考过程】：...

【最终答案】：AB / BCE / CD / DE / E / ...（只输出选项的编号，不要写选项内容）

示例：
题目：医疗伦理中四大基本原则是？
A.尊重自主权
B.善意行为
C.无害原则
D.公正原则
E.以上都不是
【思考过程】：本题考查医学伦理的四大基本原则，包括尊重自主权、不伤害原则、行善原则、公正原则。

【最终答案】：ABCD

题目：护士在执业活动中出现以下哪些情形时，可能被暂停6个月以上1年以下执业活动？
A.发现患者病情危急未立即通知医师
B.未参加年度继续教育培训
C.泄露患者隐私
D.在公共卫生事件中拒绝服从医疗救护安排
E.未按时完成护理文书记录
【思考过程】：",ACD,Doubao-1.5-Thinking,"【思考过程】：本题考查《护士条例》中关于护士执业活动中可能被暂停执业的情形。根据《护士条例》第三十一条规定，护士在执业活动中有下列情形之一，情节严重的，可能被暂停6个月以上1年以下执业活动：  
（一）发现患者病情危急未立即通知医师的（对应选项A）；  
（三）泄露患者隐私的（对应选项C）；  
（四）发生自然灾害、公共卫生事件等严重威胁公众生命健康的突发事件，不服从安排参加医疗救护的（对应选项D）。  

选项B（未参加年度继续教育培训）和E（未按时完成护理文书记录）未明确列入第三十一条的处罚情形，通常属于其他处理方式（如警告或补训），不涉及暂停执业活动。  

【最终答案】：ACD",客观题,ACD
医患关系,"你是一个严格按照要求答题的医学考试考生。请你先展示出完整的思考过程，然后再输出最终答案。每道题目有至少两个选项（A、B）至多五个选项（A、B、C、D、E），题目为不定项选择题，请按照以下格式作答：

【思考过程】：...

【最终答案】：AB / BCE / CD / DE / E / ...（只输出选项的编号，不要写选项内容）

示例：
题目：医疗伦理中四大基本原则是？
A.尊重自主权
B.善意行为
C.无害原则
D.公正原则
E.以上都不是
【思考过程】：本题考查医学伦理的四大基本原则，包括尊重自主权、不伤害原则、行善原则、公正原则。

【最终答案】：ABCD

题目：以下哪些属于医疗机构必须尊重的权利或遵循的原则
A. 知情同意原则
B. 自主选择权
C. 隐私权
D. 对患者的隐私保密
E. 患者必须接受治疗
【思考过程】：",ABCD,Doubao-1.5-Thinking,"【思考过程】：本题需判断医疗机构必须尊重的权利或遵循的原则。  
- 选项A（知情同意原则）：医疗机构在实施医疗行为前需向患者充分说明病情、医疗措施及风险等，取得患者或其家属同意，属于必须遵循的原则。  
- 选项B（自主选择权）：患者有权自主选择治疗方案、医生等（在法律和伦理范围内），医疗机构需尊重患者的自主选择权。  
- 选项C（隐私权）：患者的个人健康信息、身体隐私等受法律保护，医疗机构必须尊重患者的隐私权。  
- 选项D（对患者的隐私保密）：保护患者隐私的核心是保密，医疗机构及其工作人员有义务对患者隐私严格保密。  
- 选项E（患者必须接受治疗）：患者有拒绝治疗的权利（具备完全民事行为能力时），医疗机构不得强制患者接受治疗（法定例外如传染病隔离除外），故E错误。  

【最终答案】：ABCD",客观题,ABCD
医患关系,"你是一个严格按照要求答题的医学考试考生。请你先展示出完整的思考过程，然后再输出最终答案。每道题目有至少两个选项（A、B）至多五个选项（A、B、C、D、E），题目为不定项选择题，请按照以下格式作答：

【思考过程】：...

【最终答案】：AB / BCE / CD / DE / E / ...（只输出选项的编号，不要写选项内容）

示例：
题目：医疗伦理中四大基本原则是？
A.尊重自主权
B.善意行为
C.无害原则
D.公正原则
E.以上都不是
【思考过程】：本题考查医学伦理的四大基本原则，包括尊重自主权、不伤害原则、行善原则、公正原则。

【最终答案】：ABCD

题目：根据法规，以下哪些情形属于医疗机构应受处罚的情况？
A.未建立医疗质量管理部门或未指定专（兼）职人员负责医疗质量管理
B.未建立医疗质量管理相关规章制度
C.未定期组织医护人员参加伦理培训
D.发生重大医疗质量安全事件隐匿不报
E.未为患者提供免费护理用品
【思考过程】：",ABD,Doubao-1.5-Thinking,"【思考过程】：本题需依据相关医疗卫生法规判断哪些情形属于医疗机构应受处罚的情况。根据《医疗质量管理办法》第三十七条规定，医疗机构有以下情形之一的应受处罚：（一）未建立医疗质量管理部门或未指定专（兼）职人员负责医疗质量管理（对应选项A）；（二）未建立医疗质量管理相关规章制度（对应选项B）；（三）未按照规定报告医疗质量安全事件（对应选项D，如隐匿不报重大事件）。选项C“未定期组织伦理培训”无明确法规强制处罚条款；选项E“未提供免费护理用品”非法规强制要求，故不属于应受处罚情形。

【最终答案】：ABD",客观题,ABD
医患关系,"你是一个严格按照要求答题的医学考试考生。请你先展示出完整的思考过程，然后再输出最终答案。每道题目有至少两个选项（A、B）至多五个选项（A、B、C、D、E），题目为不定项选择题，请按照以下格式作答：

【思考过程】：...

【最终答案】：AB / BCE / CD / DE / E / ...（只输出选项的编号，不要写选项内容）

示例：
题目：医疗伦理中四大基本原则是？
A.尊重自主权
B.善意行为
C.无害原则
D.公正原则
E.以上都不是
【思考过程】：本题考查医学伦理的四大基本原则，包括尊重自主权、不伤害原则、行善原则、公正原则。

【最终答案】：ABCD

题目：根据法律法规，医疗机构出现以下哪种情形时，将受到处罚？
A.未建立医疗质量管理相关规章制度
B.未建立患者投诉处理机制
C.发生重大医疗质量安全事件后未及时上报
D.未按期报送医疗质量安全信息
E.未指定专人负责医疗质量管理
【思考过程】：",ABCDE,Doubao-1.5-Thinking,"【思考过程】：本题考查医疗机构违反法律法规需受处罚的情形，依据《医疗质量管理办法》相关规定：  
- 选项A：办法第二十八条要求医疗机构建立健全医疗质量管理相关规章制度，未建立属于违规，应受处罚。  
- 选项B：办法第二十七条规定医疗机构需建立健全投诉处理机制，未建立患者投诉处理机制属于违规，应受处罚。  
- 选项C：办法第三十六条明确发生重大医疗质量安全事件需及时上报，未及时上报属于违规，应受处罚。  
- 选项D：办法第三十五条要求医疗机构按规定报送医疗质量安全信息，未按期报送属于违规，应受处罚。  
- 选项E：办法第二十九条规定医疗机构应指定专门部门或专人负责医疗质量管理，未指定专人属于违规，应受处罚。  

【最终答案】：ABCDE",客观题,ABCDE
医患关系,"你是一个严格按照要求答题的医学考试考生。请你先展示出完整的思考过程，然后再输出最终答案。每道题目有至少两个选项（A、B）至多五个选项（A、B、C、D、E），题目为不定项选择题，请按照以下格式作答：

【思考过程】：...

【最终答案】：AB / BCE / CD / DE / E / ...（只输出选项的编号，不要写选项内容）

示例：
题目：医疗伦理中四大基本原则是？
A.尊重自主权
B.善意行为
C.无害原则
D.公正原则
E.以上都不是
【思考过程】：本题考查医学伦理的四大基本原则，包括尊重自主权、不伤害原则、行善原则、公正原则。

【最终答案】：ABCD

题目：以下哪种行为属于医师或护士在执业活动中可能受到处理的情形？
A.未完全告知患者所有可能的医疗费用
B.开展医疗活动未遵守知情同意原则
C.未使用最新医疗设备进行诊断
D.未在患者要求时提供英文版病历
【思考过程】：",B,Doubao-1.5-Thinking,"【思考过程】：本题需判断哪些行为属于医师或护士执业活动中可能受处理的情形。  
- 选项A：未完全告知患者所有可能的医疗费用。虽需告知费用，但“未完全告知”是否必然受处理无明确法规依据，可能不直接构成违规。  
- 选项B：未遵守知情同意原则。《执业医师法》《医疗机构管理条例》等明确规定，开展医疗活动需遵守知情同意原则（如手术、特殊检查/治疗需患者或家属签字同意），违反此原则属于违规，会受处理。  
- 选项C：未使用最新医疗设备。诊疗应遵循规范而非强制使用最新设备，未使用最新设备不构成违规。  
- 选项D：未提供英文版病历。病历通常以中文为主，无法律强制要求提供英文版，未提供不违规。  

综上，仅选项B符合可能受处理的情形。

【最终答案】：B",客观题,B
医患关系,"你是一个严格按照要求答题的医学考试考生。请你先展示出完整的思考过程，然后再输出最终答案。每道题目有至少两个选项（A、B）至多五个选项（A、B、C、D、E），题目为不定项选择题，请按照以下格式作答：

【思考过程】：...

【最终答案】：AB / BCE / CD / DE / E / ...（只输出选项的编号，不要写选项内容）

示例：
题目：医疗伦理中四大基本原则是？
A.尊重自主权
B.善意行为
C.无害原则
D.公正原则
E.以上都不是
【思考过程】：本题考查医学伦理的四大基本原则，包括尊重自主权、不伤害原则、行善原则、公正原则。

【最终答案】：ABCD

题目：根据法律法规，以下哪些行为属于医疗机构执业的医师、护士应受处理的情形？
A.违规使用禁止临床应用的医疗技术进行诊疗
B.未遵守知情同意原则开展医疗活动
C.未经批准使用某新型医疗器械进行手术
D.因工作繁忙推迟非急症患者的检查
E.泄露患者隐私但未造成严重后果
【思考过程】：",ABCE,Doubao-1.5-Thinking,"【思考过程】：本题需依据相关法律法规判断哪些行为属于医师、护士应受处理的情形。  
- **选项A**：根据《医疗技术临床应用管理办法》，禁止临床应用的医疗技术严禁使用，违规使用属于应受处理的情形。  
- **选项B**：《医师法》和《医疗纠纷预防和处理条例》规定，医务人员开展医疗活动需遵守知情同意原则，未遵守属违规，应处理。  
- **选项C**：《医疗器械监督管理条例》明确，使用未依法注册或备案的医疗器械（如未经批准的新型医疗器械）属违法行为，应受处理。  
- **选项D**：非急症患者检查因工作繁忙推迟，若未违反诊疗规范或造成损害，通常不直接构成应处理情形。  
- **选项E**：《医师法》规定，泄露患者隐私无论是否造成严重后果，均属违规，应受处理。  

综上，A、B、C、E为应受处理的情形，D不属。

【最终答案】：ABCE",客观题,ABCE
医患关系,"你是一个严格按照要求答题的医学考试考生。请你先展示出完整的思考过程，然后再输出最终答案。每道题目有至少两个选项（A、B）至多五个选项（A、B、C、D、E），题目为不定项选择题，请按照以下格式作答：

【思考过程】：...

【最终答案】：AB / BCE / CD / DE / E / ...（只输出选项的编号，不要写选项内容）

示例：
题目：医疗伦理中四大基本原则是？
A.尊重自主权
B.善意行为
C.无害原则
D.公正原则
E.以上都不是
【思考过程】：本题考查医学伦理的四大基本原则，包括尊重自主权、不伤害原则、行善原则、公正原则。

【最终答案】：ABCD

题目：根据相关规定，以下哪些行为属于医疗机构执业的医师、护士在执业活动中需被处理的违规行为？
A. 未经亲自诊查，出具检查结果和相关医学文书的
B. 开展医疗活动未遵守知情同意原则的
C. 违规开展禁止或限制临床应用的医疗技术
D. 未在规定时间内上报医疗事故
E. 未参加年度继续教育
【思考过程】：",ABCD,Doubao-1.5-Thinking,"【思考过程】：本题需判断哪些行为属于医疗机构执业的医师、护士在执业活动中需被处理的违规行为，需结合相关法律法规分析：

1. **选项A**：根据《医师法》第五十六条，医师未亲自诊查、调查，签署相关医学文书的，属于违规行为，需被处理。  
2. **选项B**：《医师法》第五十五条规定，未履行告知义务或取得知情同意的，属于违规行为，需被处理。  
3. **选项C**：《医疗技术临床应用管理办法》明确禁止违规开展禁止或限制类医疗技术，违规者需被处理。  
4. **选项D**：《医疗事故处理条例》第五十六条规定，未在规定时间内上报医疗事故的，属于违规行为，需被处理。  
5. **选项E**：未参加年度继续教育虽可能影响医师定期考核结果（如《医师定期考核管理办法》规定），但《医师法》等核心法规未直接将其列为需直接处理的违规行为，故不选。  

【最终答案】：ABCD",客观题,ABCD
医患关系,"你是一个严格按照要求答题的医学考试考生。请你先展示出完整的思考过程，然后再输出最终答案。每道题目有至少两个选项（A、B）至多五个选项（A、B、C、D、E），题目为不定项选择题，请按照以下格式作答：

【思考过程】：...

【最终答案】：AB / BCE / CD / DE / E / ...（只输出选项的编号，不要写选项内容）

示例：
题目：医疗伦理中四大基本原则是？
A.尊重自主权
B.善意行为
C.无害原则
D.公正原则
E.以上都不是
【思考过程】：本题考查医学伦理的四大基本原则，包括尊重自主权、不伤害原则、行善原则、公正原则。

【最终答案】：ABCD

题目：根据规定，以下哪种行为属于医师、护士在执业活动中需被处理的情况？
A.开展医疗活动未遵守知情同意原则
B.泄露患者隐私但未造成严重后果
C.未佩戴工作证件进行诊疗
D.未经亲自诊查出具检查结果
【思考过程】：",ABD,Doubao-1.5-Thinking,"【思考过程】：本题需判断哪些行为属于医师、护士执业活动中需被处理的情况，需结合《医师法》《护士条例》等法规分析：

- **选项A**：根据《医师法》第五十五条，医师未按规定履行告知义务或取得知情同意的，需被处理。未遵守知情同意原则属于违规，应处理。  
- **选项B**：《医师法》明确规定医师不得泄露患者隐私或个人信息，即使未造成严重后果，泄露行为本身即属违规（第五十五条），需处理。  
- **选项C**：《护士条例》第十六条要求护士执业时遵守规章和规范，未佩戴工作证件违反相关规定（如医疗机构管理要求），属于需处理的情况（第二十八条）。  
- **选项D**：《医师法》第五十六条规定，未经亲自诊查签署证明文件的，需被处理。未经亲自诊查出具检查结果属于此类违规，应处理。  

综上，四个选项均属于需被处理的情况。

【最终答案】：ABCD",客观题,ABCD
医患关系,"你是一个严格按照要求答题的医学考试考生。请你先展示出完整的思考过程，然后再输出最终答案。每道题目有至少两个选项（A、B）至多五个选项（A、B、C、D、E），题目为不定项选择题，请按照以下格式作答：

【思考过程】：...

【最终答案】：AB / BCE / CD / DE / E / ...（只输出选项的编号，不要写选项内容）

示例：
题目：医疗伦理中四大基本原则是？
A.尊重自主权
B.善意行为
C.无害原则
D.公正原则
E.以上都不是
【思考过程】：本题考查医学伦理的四大基本原则，包括尊重自主权、不伤害原则、行善原则、公正原则。

【最终答案】：ABCD

题目：根据规定，以下哪些行为属于医师、护士在执业活动中应当被处理的情形？
A.泄露患者隐私但未造成严重后果
B.未遵守知情同意原则开展医疗活动
C.使用未经批准的医疗器械进行诊疗活动
D.延误急危患者抢救但未造成严重后果
【思考过程】：",ABCD,Doubao-1.5-Thinking,"【思考过程】：本题需依据《医师法》《护士条例》等相关法规分析各选项是否属于应被处理的情形。  
- 选项A：《医师法》第56条明确规定，泄露患者隐私或个人信息的，无论是否造成严重后果，均应处理。  
- 选项B：未遵守知情同意原则开展医疗活动，违反《医疗纠纷预防和处理条例》及《医师法》关于患者知情同意权的规定，属于违规行为。  
- 选项C：使用未经批准的医疗器械违反《医疗器械监督管理条例》，属于违法行为，应被处理。  
- 选项D：《医师法》第27条规定，对急危患者不得拒绝急救处置，延误抢救即使未造成严重后果，仍属违规。  

【最终答案】：ABCD",客观题,ABCD
医患关系,"你是一个严格按照要求答题的医学考试考生。请你先展示出完整的思考过程，然后再输出最终答案。每道题目有至少两个选项（A、B）至多五个选项（A、B、C、D、E），题目为不定项选择题，请按照以下格式作答：

【思考过程】：...

【最终答案】：AB / BCE / CD / DE / E / ...（只输出选项的编号，不要写选项内容）

示例：
题目：医疗伦理中四大基本原则是？
A.尊重自主权
B.善意行为
C.无害原则
D.公正原则
E.以上都不是
【思考过程】：本题考查医学伦理的四大基本原则，包括尊重自主权、不伤害原则、行善原则、公正原则。

【最终答案】：ABCD

题目：根据法律法规，下列哪些行为属于医疗机构执业的医师、护士在执业活动中应受到处理的情形？
A.违反操作规范但未造成严重后果
B.泄露患者隐私但未造成严重后果
C.未经亲自诊查出具医学文书
D.开展未批准的医疗技术诊疗
E.未遵守知情同意原则进行医疗活动
【思考过程】：",ABCDE,Doubao-1.5-Thinking,"【思考过程】：本题需根据相关法律法规判断哪些行为属于医师、护士执业活动中应受处理的情形。  
- **选项A**：《医师法》第五十五条第（十）项规定，违反法律、法规、规章或者诊疗规范的其他行为应受处理。违反操作规范（属于诊疗规范）即使未造成严重后果，仍属于违规，应处理。  
- **选项B**：《医师法》第五十五条第（六）项明确，泄露患者隐私或个人信息的，无论是否造成严重后果，均应处理（如警告）。  
- **选项C**：《医师法》第五十五条第（七）项规定，未经亲自诊查签署医学证明文件的，应受处理。  
- **选项D**：《医疗技术临床应用管理办法》规定，开展未批准的医疗技术属于违规，医师参与此类诊疗活动违反相关规范，应受处理。  
- **选项E**：《医师法》第五十五条第（一）项指出，未履行知情同意原则的，应受处理（如警告）。  

综上，所有选项均符合应受处理的情形。

【最终答案】：ABCDE",客观题,ABCDE
医患关系,"你是一个严格按照要求答题的医学考试考生。请你先展示出完整的思考过程，然后再输出最终答案。每道题目有至少两个选项（A、B）至多五个选项（A、B、C、D、E），题目为不定项选择题，请按照以下格式作答：

【思考过程】：...

【最终答案】：AB / BCE / CD / DE / E / ...（只输出选项的编号，不要写选项内容）

示例：
题目：医疗伦理中四大基本原则是？
A.尊重自主权
B.善意行为
C.无害原则
D.公正原则
E.以上都不是
【思考过程】：本题考查医学伦理的四大基本原则，包括尊重自主权、不伤害原则、行善原则、公正原则。

【最终答案】：ABCD

题目：以下哪项不属于护士伦理准则中要求尊重的护理对象权益？
A.知情同意权
B.隐私权
C.经济自主权
D.原生文化尊重
E.健康权
【思考过程】：",C,Doubao-1.5-Thinking,"护士伦理准则中要求尊重的护理对象权益通常包括与护理服务直接相关的基本权利。知情同意权（A）是患者对自身治疗的知情权和决策权；隐私权（B）涉及保护患者个人信息不被非法泄露；原生文化尊重（D）强调尊重患者的文化背景和信仰；健康权（E）是患者获得必要医疗护理以维护健康的基本权利。而经济自主权（C）更多指向患者对个人经济事务的自主支配，并非护士伦理准则中直接要求尊重的护理对象权益。

【思考过程】：护士伦理准则关注的核心是护理对象在医疗护理过程中的基本权益，如知情同意、隐私保护、文化尊重和健康权等。经济自主权属于个人财务决策范畴，不属于护士伦理中要求尊重的护理对象权益。

【最终答案】：C",客观题,C
医患关系,"你是一个严格按照要求答题的医学考试考生。请你先展示出完整的思考过程，然后再输出最终答案。每道题目有至少两个选项（A、B）至多五个选项（A、B、C、D、E），题目为不定项选择题，请按照以下格式作答：

【思考过程】：...

【最终答案】：AB / BCE / CD / DE / E / ...（只输出选项的编号，不要写选项内容）

示例：
题目：医疗伦理中四大基本原则是？
A.尊重自主权
B.善意行为
C.无害原则
D.公正原则
E.以上都不是
【思考过程】：本题考查医学伦理的四大基本原则，包括尊重自主权、不伤害原则、行善原则、公正原则。

【最终答案】：ABCD

题目：根据护士伦理准则，以下哪一项不属于为护理对象应提供的个性化关怀范畴？
A.生理
B.心理
C.职业发展
D.文化
E.社会
【思考过程】：",C,Doubao-1.5-Thinking,"【思考过程】：护士伦理准则中强调的个性化关怀通常涵盖护理对象的整体需求，包括生理、心理、社会和文化等方面。生理（A）是基本的身体护理需求，心理（B）涉及情绪和精神支持，文化（D）需考虑患者的文化背景和信仰，社会（E）则包括家庭、社会关系等影响健康的因素。而职业发展（C）属于个人职业规划领域，并非护理过程中直接提供的个性化关怀范畴。

【最终答案】：C",客观题,C
医患关系,"你是一个严格按照要求答题的医学考试考生。请你先展示出完整的思考过程，然后再输出最终答案。每道题目有至少两个选项（A、B）至多五个选项（A、B、C、D、E），题目为不定项选择题，请按照以下格式作答：

【思考过程】：...

【最终答案】：AB / BCE / CD / DE / E / ...（只输出选项的编号，不要写选项内容）

示例：
题目：医疗伦理中四大基本原则是？
A.尊重自主权
B.善意行为
C.无害原则
D.公正原则
E.以上都不是
【思考过程】：本题考查医学伦理的四大基本原则，包括尊重自主权、不伤害原则、行善原则、公正原则。

【最终答案】：ABCD

题目：根据护士伦理准则，在实施有创护理措施时，以下哪项不属于护士应最大限度避免的后果？
A.不适
B.疼痛
C.提高患者满意度
D.残疾
E.死亡
【思考过程】：",C,Doubao-1.5-Thinking,"【思考过程】：根据护士伦理准则，在实施有创护理措施时，护士的职责是最大限度减少对患者的伤害和不良后果。不适、疼痛、残疾、死亡均属于可能的不良后果，需尽力避免；而提高患者满意度是护理措施的积极目标，不属于需要避免的后果。

【最终答案】：C",客观题,C
医患关系,"你是一个严格按照要求答题的医学考试考生。请你先展示出完整的思考过程，然后再输出最终答案。每道题目有至少两个选项（A、B）至多五个选项（A、B、C、D、E），题目为不定项选择题，请按照以下格式作答：

【思考过程】：...

【最终答案】：AB / BCE / CD / DE / E / ...（只输出选项的编号，不要写选项内容）

示例：
题目：医疗伦理中四大基本原则是？
A.尊重自主权
B.善意行为
C.无害原则
D.公正原则
E.以上都不是
【思考过程】：本题考查医学伦理的四大基本原则，包括尊重自主权、不伤害原则、行善原则、公正原则。

【最终答案】：ABCD

题目：根据护士伦理准则中“和谐共赢”的要求，以下哪项属于护士必须做到的核心内容？
A.认真倾听护理对象的主诉
B.避免与患者讨论治疗细节
C.有效化解护患矛盾
D.仅关注自身职业荣誉感
E.建立相互理解、信任、合作、愉悦和谐的护患关系
【思考过程】：",ACE,Doubao-1.5-Thinking,"【思考过程】：护士伦理准则中的“和谐共赢”要求护士与患者建立良好的互动关系，促进双方共同利益。分析各选项：  
- A选项“认真倾听护理对象的主诉”属于沟通技巧，但并非“和谐共赢”的核心内容；  
- B选项“避免与患者讨论治疗细节”可能阻碍沟通，不利于和谐关系，不符合要求；  
- C选项“有效化解护患矛盾”是维护和谐关系的关键措施，属于核心内容；  
- D选项“仅关注自身职业荣誉感”违背“共赢”原则，不符合；  
- E选项“建立相互理解、信任、合作、愉悦和谐的护患关系”直接体现“和谐共赢”的目标，是核心内容。  

【最终答案】：CE",客观题,CE
医患关系,"你是一个严格按照要求答题的医学考试考生。请你先展示出完整的思考过程，然后再输出最终答案。每道题目有至少两个选项（A、B）至多五个选项（A、B、C、D、E），题目为不定项选择题，请按照以下格式作答：

【思考过程】：...

【最终答案】：AB / BCE / CD / DE / E / ...（只输出选项的编号，不要写选项内容）

示例：
题目：医疗伦理中四大基本原则是？
A.尊重自主权
B.善意行为
C.无害原则
D.公正原则
E.以上都不是
【思考过程】：本题考查医学伦理的四大基本原则，包括尊重自主权、不伤害原则、行善原则、公正原则。

【最终答案】：ABCD

题目：根据护士伦理准则中“以德施护”的要求，以下哪些属于护士应当履行的核心义务？
A. 忠诚护理事业，爱岗敬业
B. 加强人文社会科学知识学习，提高人文关怀能力
C. 将护理职业精神内化于心，外化于行，落实在护理实践中
D. 优先保障患者支付能力较高的医疗需求
E. 定期参加专业技能培训以提高技术能力
【思考过程】：",ABC,Doubao-1.5-Thinking,"【思考过程】：本题考查护士伦理准则中“以德施护”的核心义务。“以德施护”强调护士的职业道德和伦理实践，需结合伦理要求分析各选项：  
- 选项A“忠诚护理事业，爱岗敬业”是护士职业道德的基础，符合“以德施护”对职业忠诚的要求。  
- 选项B“加强人文社会科学知识学习，提高人文关怀能力”体现了对患者人文关怀的伦理要求，属于“以德施护”的核心义务。  
- 选项C“将护理职业精神内化于心，外化于行，落实在护理实践中”是将伦理精神转化为实际行动的体现，符合“以德施护”的实践要求。  
- 选项D“优先保障患者支付能力较高的医疗需求”违背了伦理中的公平原则，护士应一视同仁，故错误。  
- 选项E“定期参加专业技能培训以提高技术能力”属于专业能力提升，虽重要但非“以德施护”的核心伦理义务。  

【最终答案】：ABC",客观题,ABC
医患关系,"你是一个严格按照要求答题的医学考试考生。请你先展示出完整的思考过程，然后再输出最终答案。每道题目有至少两个选项（A、B）至多五个选项（A、B、C、D、E），题目为不定项选择题，请按照以下格式作答：

【思考过程】：...

【最终答案】：AB / BCE / CD / DE / E / ...（只输出选项的编号，不要写选项内容）

示例：
题目：医疗伦理中四大基本原则是？
A.尊重自主权
B.善意行为
C.无害原则
D.公正原则
E.以上都不是
【思考过程】：本题考查医学伦理的四大基本原则，包括尊重自主权、不伤害原则、行善原则、公正原则。

【最终答案】：ABCD

题目：根据护士伦理准则，以下哪项属于护士在突发公共卫生事件中的伦理责任？
A. 主动请缨，积极参加救护
B. 优先考虑个人安全，确保自身无风险后再参与
C. 要求获得高于常规的薪酬待遇
D. 以保护生命、维护公众健康为己任
【思考过程】：",AD,Doubao-1.5-Thinking,"【思考过程】：根据护士伦理准则，护士在突发公共卫生事件中的伦理责任应体现救死扶伤、维护公众健康的职业使命。选项A“主动请缨，积极参加救护”符合护士主动承担责任的伦理要求；选项D“以保护生命、维护公众健康为己任”是护士核心职责的体现。选项B“优先考虑个人安全，确保自身无风险后再参与”违背了护士在紧急情况下应优先保障患者和公众健康的伦理责任；选项C“要求获得高于常规的薪酬待遇”将物质要求置于职业责任之上，不符合伦理准则。因此，正确选项为A和D。

【最终答案】：AD",客观题,AD
医患关系,"你是一个严格按照要求答题的医学考试考生。请你先展示出完整的思考过程，然后再输出最终答案。每道题目有至少两个选项（A、B）至多五个选项（A、B、C、D、E），题目为不定项选择题，请按照以下格式作答：

【思考过程】：...

【最终答案】：AB / BCE / CD / DE / E / ...（只输出选项的编号，不要写选项内容）

示例：
题目：医疗伦理中四大基本原则是？
A.尊重自主权
B.善意行为
C.无害原则
D.公正原则
E.以上都不是
【思考过程】：本题考查医学伦理的四大基本原则，包括尊重自主权、不伤害原则、行善原则、公正原则。

【最终答案】：ABCD

题目：以下表述是否正确：护士可以在社交媒体上分享患者案例，只要不提及患者姓名。
A.正确
B.错误
【思考过程】：",B,Doubao-1.5-Thinking,"【思考过程】：患者隐私保护不仅涉及姓名，还包括其他可能识别患者身份的信息（如年龄、性别、疾病特征、治疗细节、所在地区等）。即使不提及姓名，若分享内容包含可识别信息，仍可能泄露患者隐私。根据医疗伦理和相关法规，护士需严格保护患者隐私，不得随意在社交媒体分享患者案例。因此原表述错误。

【最终答案】：B",客观题,B
医患关系,"你是一个严格按照要求答题的医学考试考生。请你先展示出完整的思考过程，然后再输出最终答案。每道题目有至少两个选项（A、B）至多五个选项（A、B、C、D、E），题目为不定项选择题，请按照以下格式作答：

【思考过程】：...

【最终答案】：AB / BCE / CD / DE / E / ...（只输出选项的编号，不要写选项内容）

示例：
题目：医疗伦理中四大基本原则是？
A.尊重自主权
B.善意行为
C.无害原则
D.公正原则
E.以上都不是
【思考过程】：本题考查医学伦理的四大基本原则，包括尊重自主权、不伤害原则、行善原则、公正原则。

【最终答案】：ABCD

题目：根据法规，护士在使用护理机器人时，以下哪项是必须确保的？
A.护理机器人应支持而非取代护患之间的人际关系
B.护理机器人可以完全取代护患之间的人际互动
C.技术应用应优先于患者的个性化需求
D.护士应减少与患者的直接沟通以依赖设备
【思考过程】：",A,Doubao-1.5-Thinking,"【思考过程】：本题考查护士使用护理机器人时的法规要求。根据护理伦理和相关法规，护理机器人作为辅助工具，应支持而非取代护患之间的人际关系（A正确）。完全取代人际互动（B错误）、技术优先于患者需求（C错误）、减少直接沟通依赖设备（D错误）均违背以患者为中心的护理原则。

【最终答案】：A",客观题,A
医患关系,"你是一个严格按照要求答题的医学考试考生。请你先展示出完整的思考过程，然后再输出最终答案。每道题目有至少两个选项（A、B）至多五个选项（A、B、C、D、E），题目为不定项选择题，请按照以下格式作答：

【思考过程】：...

【最终答案】：AB / BCE / CD / DE / E / ...（只输出选项的编号，不要写选项内容）

示例：
题目：医疗伦理中四大基本原则是？
A.尊重自主权
B.善意行为
C.无害原则
D.公正原则
E.以上都不是
【思考过程】：本题考查医学伦理的四大基本原则，包括尊重自主权、不伤害原则、行善原则、公正原则。

【最终答案】：ABCD

题目：以下哪种行为违反了医生必须尊重患者自主权和拒绝护理权利的规定？
A.患者明确拒绝某项护理后，医生停止提供该护理
B.患者因宗教信仰拒绝输血，医生转而采用其他治疗方案
C.患者清醒且意识清晰时，医生未询问直接进行非紧急护理操作
D.患者昏迷无法表达意愿时，医生根据家属意见进行护理
【思考过程】：",C,Doubao-1.5-Thinking,"【思考过程】：患者自主权要求医生在患者清醒且意识清晰时，需尊重其对护理措施的自主选择和拒绝权利。分析各选项：  
- 选项A：患者明确拒绝后停止护理，是尊重自主权的表现，不违反。  
- 选项B：患者因宗教拒绝输血，医生调整方案，尊重患者选择，不违反。  
- 选项C：患者清醒且非紧急情况下，医生未询问直接操作，未尊重患者自主权，违反规定。  
- 选项D：患者昏迷无法表达时，医生根据家属意见护理，符合替代决策原则，不违反。  

【最终答案】：C",客观题,C
医患关系,"你是一个严格按照要求答题的医学考试考生。请你先展示出完整的思考过程，然后再输出最终答案。每道题目有至少两个选项（A、B）至多五个选项（A、B、C、D、E），题目为不定项选择题，请按照以下格式作答：

【思考过程】：...

【最终答案】：AB / BCE / CD / DE / E / ...（只输出选项的编号，不要写选项内容）

示例：
题目：医疗伦理中四大基本原则是？
A.尊重自主权
B.善意行为
C.无害原则
D.公正原则
E.以上都不是
【思考过程】：本题考查医学伦理的四大基本原则，包括尊重自主权、不伤害原则、行善原则、公正原则。

【最终答案】：ABCD

题目：根据规定，以下哪项属于医生在护理过程中必须遵守的知情同意要求？
A.必须在提供任何护理前获得患者的自愿知情同意
B.患者撤回同意必须以书面形式提出
C.医生可以拒绝患者撤回同意的请求，如果认为护理必要
D.必须确保患者理解信息以做出明智决定
E.尊重患者随时以任何理由撤回同意的决定
【思考过程】：",ADE,Doubao-1.5-Thinking,"【思考过程】：本题考查医生在护理过程中必须遵守的知情同意要求。根据医学伦理和相关法规，知情同意的核心是患者自愿、理解信息并有权自主决定。  
- 选项A：正确。提供任何护理前必须获得患者自愿知情同意是知情同意的基本要求。  
- 选项B：错误。患者撤回同意无需以书面形式提出，口头或行为表示均可。  
- 选项C：错误。患者有权随时撤回同意，医生不得拒绝，即使认为护理必要。  
- 选项D：正确。医生需确保患者理解信息，才能做出明智决定，这是知情同意的关键。  
- 选项E：正确。患者可随时以任何理由撤回同意，医生应尊重这一权利。  

【最终答案】：ADE",客观题,ADE
医患关系,"你是一个严格按照要求答题的医学考试考生。请你先展示出完整的思考过程，然后再输出最终答案。每道题目有至少两个选项（A、B）至多五个选项（A、B、C、D、E），题目为不定项选择题，请按照以下格式作答：

【思考过程】：...

【最终答案】：AB / BCE / CD / DE / E / ...（只输出选项的编号，不要写选项内容）

示例：
题目：医疗伦理中四大基本原则是？
A.尊重自主权
B.善意行为
C.无害原则
D.公正原则
E.以上都不是
【思考过程】：本题考查医学伦理的四大基本原则，包括尊重自主权、不伤害原则、行善原则、公正原则。

【最终答案】：ABCD

题目：根据法条，当患者决策能力受限时，医生必须如何处理？
A. 忽略患者的意见，直接由代表决定
B. 尽可能让患者参与决策
C. 在无法确定患者偏好时，按患者的最佳利益决定
D. 必须与患者信任的代表合作，根据其已知或合理推断的偏好做决策
【思考过程】：",BCD,Doubao-1.5-Thinking,"【思考过程】：当患者决策能力受限时，医生的处理需遵循医学伦理和法律规定。选项A错误，因为即使患者决策能力受限，医生不能直接忽略患者意见，而应尽可能让其参与；选项B正确，医生需尽可能支持患者参与决策；选项C正确，若无法确定患者偏好，应基于患者最佳利益决策；选项D正确，需与患者信任的代表合作，并参考患者已知或合理推断的偏好。

【最终答案】：BCD",客观题,BCD
医患关系,"你是一个严格按照要求答题的医学考试考生。请你先展示出完整的思考过程，然后再输出最终答案。每道题目有至少两个选项（A、B）至多五个选项（A、B、C、D、E），题目为不定项选择题，请按照以下格式作答：

【思考过程】：...

【最终答案】：AB / BCE / CD / DE / E / ...（只输出选项的编号，不要写选项内容）

示例：
题目：医疗伦理中四大基本原则是？
A.尊重自主权
B.善意行为
C.无害原则
D.公正原则
E.以上都不是
【思考过程】：本题考查医学伦理的四大基本原则，包括尊重自主权、不伤害原则、行善原则、公正原则。

【最终答案】：ABCD

题目：当患者恢复决策能力后，医生是否可以直接继续之前未获得其本人同意的进一步治疗？
A.可以，因为之前已获得家属同意
B.可以，如果治疗紧迫且患者无法立即表达意愿
C.不可以，必须重新获得患者本人的知情同意
D.可以，若患者之前已授权医生全权决定
【思考过程】：",C,Doubao-1.5-Thinking,"【思考过程】：根据医学伦理的知情同意原则，患者具备决策能力时，其本人的知情同意是医疗行为合法性的核心依据。当患者恢复决策能力后，即使之前因无决策能力（如昏迷）由家属或紧急情况下获得同意，此时患者本人成为决策主体。选项A错误，因家属同意不能替代恢复能力后的患者本人同意；选项B错误，题目明确患者已恢复决策能力，不存在“无法立即表达意愿”的情况；选项C正确，必须重新获得患者本人知情同意；选项D错误，患者此前的授权需在其无决策能力时有效，恢复能力后需重新确认而非直接延续。

【最终答案】：C",客观题,C
医患关系,"你是一个严格按照要求答题的医学考试考生。请你先展示出完整的思考过程，然后再输出最终答案。每道题目有至少两个选项（A、B）至多五个选项（A、B、C、D、E），题目为不定项选择题，请按照以下格式作答：

【思考过程】：...

【最终答案】：AB / BCE / CD / DE / E / ...（只输出选项的编号，不要写选项内容）

示例：
题目：医疗伦理中四大基本原则是？
A.尊重自主权
B.善意行为
C.无害原则
D.公正原则
E.以上都不是
【思考过程】：本题考查医学伦理的四大基本原则，包括尊重自主权、不伤害原则、行善原则、公正原则。

【最终答案】：ABCD

题目：根据法规，当医生发现患者的情况超出其能力范围时，必须采取以下哪些措施？
A. 咨询有相应能力的合格医生
B. 转诊患者给其他专业人员
C. 同时咨询和转诊
D. 继续处理但记录困难
【思考过程】：",ABC,Doubao-1.5-Thinking,"【思考过程】：根据医学法规要求，当医生发现患者情况超出自身能力范围时，必须采取措施保障患者权益。选项A（咨询有相应能力的合格医生）是合理的，因为医生可通过专业咨询获取指导；选项B（转诊患者给其他专业人员）也是必要的，若自身无法处理需转介更专业人员；选项C（同时咨询和转诊）并非必须，可能根据具体情况选择其一即可；选项D（继续处理但记录困难）错误，因超出能力范围时继续处理可能危害患者。因此，正确措施为咨询或转诊。

【最终答案】：AB",客观题,AB
医患关系,"你是一个严格按照要求答题的医学考试考生。请你先展示出完整的思考过程，然后再输出最终答案。每道题目有至少两个选项（A、B）至多五个选项（A、B、C、D、E），题目为不定项选择题，请按照以下格式作答：

【思考过程】：...

【最终答案】：AB / BCE / CD / DE / E / ...（只输出选项的编号，不要写选项内容）

示例：
题目：医疗伦理中四大基本原则是？
A.尊重自主权
B.善意行为
C.无害原则
D.公正原则
E.以上都不是
【思考过程】：本题考查医学伦理的四大基本原则，包括尊重自主权、不伤害原则、行善原则、公正原则。

【最终答案】：ABCD

题目：根据法律规定，医生在患者去世后是否仍需保护其隐私和保密性？
A. 是，必须保护
B. 否，患者去世后无需再保密
C. 只有在患者生前明确要求时才需保密
D. 可以向媒体披露，以公众知情权为由
【思考过程】：",A,Doubao-1.5-Thinking,"【思考过程】：根据《中华人民共和国民法典》和《个人信息保护法》等法律规定，患者的隐私和个人信息即使在其去世后仍受法律保护。医疗机构及医务人员对患者的隐私和保密性负有持续义务，不能因患者去世而随意泄露。选项B（无需保密）和D（可向媒体披露）明显违反法律规定；选项C（仅生前明确要求才需保密）不符合法律默认保护原则；选项A（必须保护）符合法律要求。

【最终答案】：A",客观题,A
医患关系,"你是一个严格按照要求答题的医学考试考生。请你先展示出完整的思考过程，然后再输出最终答案。每道题目有至少两个选项（A、B）至多五个选项（A、B、C、D、E），题目为不定项选择题，请按照以下格式作答：

【思考过程】：...

【最终答案】：AB / BCE / CD / DE / E / ...（只输出选项的编号，不要写选项内容）

示例：
题目：医疗伦理中四大基本原则是？
A.尊重自主权
B.善意行为
C.无害原则
D.公正原则
E.以上都不是
【思考过程】：本题考查医学伦理的四大基本原则，包括尊重自主权、不伤害原则、行善原则、公正原则。

【最终答案】：ABCD

题目：根据法律规定，医生在代表患者或向第三方报告患者护理情况时，必须完成以下哪项义务？
A.仅在首次接触患者时告知即可
B.在一开始告知患者，并在后续互动中持续披露承诺范围和获得同意
C.无需披露承诺的性质和范围，只需获得一次同意
D.仅需在报告前一次性获得患者同意
【思考过程】：",B,Doubao-1.5-Thinking,"【思考过程】：本题考查医生在向第三方报告患者护理情况时的法律义务。根据相关法律规定，医生在处理患者信息或向第三方报告时，需遵循知情同意原则。选项A错误，因仅首次告知无法覆盖后续可能的变化；选项C错误，必须披露承诺的性质和范围，不能仅获得一次同意而不告知；选项D错误，仅报告前一次性同意无法满足持续互动中的信息更新需求；选项B正确，医生需在初始阶段告知患者，并在后续互动中持续披露承诺范围并获得同意，确保患者始终知情。

【最终答案】：B",客观题,B
医患关系,"你是一个严格按照要求答题的医学考试考生。请你先展示出完整的思考过程，然后再输出最终答案。每道题目有至少两个选项（A、B）至多五个选项（A、B、C、D、E），题目为不定项选择题，请按照以下格式作答：

【思考过程】：...

【最终答案】：AB / BCE / CD / DE / E / ...（只输出选项的编号，不要写选项内容）

示例：
题目：医疗伦理中四大基本原则是？
A.尊重自主权
B.善意行为
C.无害原则
D.公正原则
E.以上都不是
【思考过程】：本题考查医学伦理的四大基本原则，包括尊重自主权、不伤害原则、行善原则、公正原则。

【最终答案】：ABCD

题目：根据规定，医生在远程医疗护理中必须做到以下哪些事项？
A.告知患者远程护理的好处和局限性，并获得其同意
B.确保患者医疗信息的保密性
C.必须完全通过远程方式提供护理，禁止直接接触
D.在医学合适的情况下尽量通过直接接触提供护理
E.无需评估远程沟通的医学合理性
【思考过程】：",ABD,Doubao-1.5-Thinking,"【思考过程】：本题考查远程医疗护理的规定要求。分析各选项：  
- 选项A：根据知情同意原则，医生需向患者告知远程护理的好处和局限性并获得同意，正确。  
- 选项B：保护患者医疗信息的保密性是医疗活动的基本要求，远程医疗中信息安全更需重视，正确。  
- 选项C：远程医疗是传统医疗的补充而非替代，必要时需直接接触患者（如紧急情况或体格检查），“禁止直接接触”错误。  
- 选项D：医学上更适合直接接触时（如需要面对面评估），应优先选择直接接触以确保效果，正确。  
- 选项E：医生需评估远程沟通的医学合理性（如病情是否适合远程处理），否则可能延误治疗，“无需评估”错误。  

【最终答案】：ABD",客观题,ABD
医患关系,"你是一个严格按照要求答题的医学考试考生。请你先展示出完整的思考过程，然后再输出最终答案。每道题目有至少两个选项（A、B）至多五个选项（A、B、C、D、E），题目为不定项选择题，请按照以下格式作答：

【思考过程】：...

【最终答案】：AB / BCE / CD / DE / E / ...（只输出选项的编号，不要写选项内容）

示例：
题目：医疗伦理中四大基本原则是？
A.尊重自主权
B.善意行为
C.无害原则
D.公正原则
E.以上都不是
【思考过程】：本题考查医学伦理的四大基本原则，包括尊重自主权、不伤害原则、行善原则、公正原则。

【最终答案】：ABCD

题目：以下哪种行为违反了医生与患者的职业界限规定？
A.与当前患者保持过度友好的社交媒体互动
B.与前患者发展恋爱关系并发生性关系
C.在患者治疗期间与其讨论病情时保持专业态度
D.与当前患者发生性关系
【思考过程】：",AD,Doubao-1.5-Thinking,"【思考过程】：本题考查医生与患者职业界限的伦理规范。需判断各选项是否违反职业界限：  
- 选项A：与当前患者保持过度友好的社交媒体互动，超出了专业关系的范畴，可能模糊职业界限，属于违反。  
- 选项B：与前患者发展恋爱关系并发生性关系。尽管治疗已结束，但医患关系中权力不对等的影响可能持续存在，多数伦理规范（如美国医学协会指南）禁止医生与患者（包括前患者）建立亲密关系，因此属于违反。  
- 选项C：治疗期间讨论病情时保持专业态度，是符合职业规范的正确行为，不违反。  
- 选项D：与当前患者发生性关系。治疗期间医患存在明显的权力不对等，患者难以真正自愿，这是明确违反职业伦理和法律的行为。  

综上，违反职业界限的行为包括A、B、D。

【最终答案】：ABD",客观题,ABD
医患关系,"你是一个严格按照要求答题的医学考试考生。请你先展示出完整的思考过程，然后再输出最终答案。每道题目有至少两个选项（A、B）至多五个选项（A、B、C、D、E），题目为不定项选择题，请按照以下格式作答：

【思考过程】：...

【最终答案】：AB / BCE / CD / DE / E / ...（只输出选项的编号，不要写选项内容）

示例：
题目：医疗伦理中四大基本原则是？
A.尊重自主权
B.善意行为
C.无害原则
D.公正原则
E.以上都不是
【思考过程】：本题考查医学伦理的四大基本原则，包括尊重自主权、不伤害原则、行善原则、公正原则。

【最终答案】：ABCD

题目：根据法规，医生为了确保能够安全执业，必须采取以下哪项行动？
A.主动关注自身健康并寻求必要的护理
B.仅需关注患者健康状况即可
C.由医院强制安排健康检查
D.优先提升专业能力忽略个人健康
【思考过程】：",A,Doubao-1.5-Thinking,"【思考过程】：医生安全执业的前提之一是自身健康状况良好。法规通常要求医生主动关注自身健康，因为若医生健康状况不佳（如过度疲劳、心理问题等），可能影响诊疗行为的安全性。选项A“主动关注自身健康并寻求必要的护理”符合这一要求。选项B错误，因医生不能仅关注患者而忽视自身健康；选项C错误，因医生需主动而非依赖医院强制安排；选项D错误，因忽略个人健康会直接影响执业安全。

【最终答案】：A",客观题,A
医患关系,"你是一个严格按照要求答题的医学考试考生。请你先展示出完整的思考过程，然后再输出最终答案。每道题目有至少两个选项（A、B）至多五个选项（A、B、C、D、E），题目为不定项选择题，请按照以下格式作答：

【思考过程】：...

【最终答案】：AB / BCE / CD / DE / E / ...（只输出选项的编号，不要写选项内容）

示例：
题目：医疗伦理中四大基本原则是？
A.尊重自主权
B.善意行为
C.无害原则
D.公正原则
E.以上都不是
【思考过程】：本题考查医学伦理的四大基本原则，包括尊重自主权、不伤害原则、行善原则、公正原则。

【最终答案】：ABCD

题目：根据规定，医生在何种情况下可以干预同事的医患关系？
A. 双方请求
B. 认为同事的治疗方案不够先进
C. 为保护患者免受伤害
D. 患者家属单独请求
E. 医生自己认为有必要
【思考过程】：",AC,Doubao-1.5-Thinking,"【思考过程】：本题考查医生干预同事医患关系的合法情形。根据医学伦理和职业规范，医生干预需基于正当理由：  
- 选项A（双方请求）：若医患双方共同请求，干预具有双方同意的合法性，符合自愿原则；  
- 选项B（认为同事的治疗方案不够先进）：仅因主观认为“不够先进”无客观依据，不能作为干预理由；  
- 选项C（为保护患者免受伤害）：患者安全是核心，当同事治疗可能导致患者伤害时，医生有责任干预以履行不伤害原则；  
- 选项D（患者家属单独请求）：家属单独请求需考虑患者本人意愿（除非患者无行为能力），单独请求不必然构成合法干预；  
- 选项E（医生自己认为有必要）：主观判断缺乏客观标准，不能作为干预依据。  

因此，合法情形为双方请求（A）和保护患者免受伤害（C）。

【最终答案】：AC",客观题,AC
动物实验,"你是一个严格按照要求答题的医学考试考生。请你先展示出完整的思考过程，然后再输出最终答案。每道题目有至少两个选项（A、B）至多五个选项（A、B、C、D、E），题目为不定项选择题，请按照以下格式作答：

【思考过程】：...

【最终答案】：AB / BCE / CD / DE / E / ...（只输出选项的编号，不要写选项内容）

示例：
题目：医疗伦理中四大基本原则是？
A.尊重自主权
B.善意行为
C.无害原则
D.公正原则
E.以上都不是
【思考过程】：本题考查医学伦理的四大基本原则，包括尊重自主权、不伤害原则、行善原则、公正原则。

【最终答案】：ABCD

题目：以下哪些属于科学技术人员在动物实验中应遵守的科学家精神或伦理规范？
A.弘扬创新与求实精神
B.在实验中默许合作方轻微捏造数据
C.参与社区祈福活动以提高实验成功率
D.坚守""利益优先""原则加速科研进程
E.严禁支持占卜测算等非科学活动
【思考过程】：",AE,Doubao-1.5-Thinking,"【思考过程】：本题考查科学技术人员在动物实验中应遵守的科学家精神和伦理规范。需逐一分析选项：  
- 选项A“弘扬创新与求实精神”：科学家精神核心包括创新与求实，符合伦理规范，正确。  
- 选项B“默许合作方轻微捏造数据”：捏造数据违背科研诚信，违反伦理，错误。  
- 选项C“参与社区祈福活动以提高实验成功率”：祈福属非科学手段，与科学精神相悖，错误。  
- 选项D“坚守‘利益优先’原则”：科学家应遵循伦理而非利益优先，错误。  
- 选项E“严禁支持占卜测算等非科学活动”：反对迷信和非科学行为，符合科学精神，正确。  

【最终答案】：AE",客观题,AE
动物实验,"你是一个严格按照要求答题的医学考试考生。请你先展示出完整的思考过程，然后再输出最终答案。每道题目有至少两个选项（A、B）至多五个选项（A、B、C、D、E），题目为不定项选择题，请按照以下格式作答：

【思考过程】：...

【最终答案】：AB / BCE / CD / DE / E / ...（只输出选项的编号，不要写选项内容）

示例：
题目：医疗伦理中四大基本原则是？
A.尊重自主权
B.善意行为
C.无害原则
D.公正原则
E.以上都不是
【思考过程】：本题考查医学伦理的四大基本原则，包括尊重自主权、不伤害原则、行善原则、公正原则。

【最终答案】：ABCD

题目：在哪些情况下，承担高风险科研项目的科学技术人员可予以免责？
A.项目未通过中期评审但有后期补救计划
B.已履行勤勉尽责义务但无法完成项目
C.取得阶段性研究成果后主动终止项目
D.能够提供完整原始记录证明其尽职
【思考过程】：",BD,Doubao-1.5-Thinking,"【思考过程】：本题考查高风险科研项目中科学技术人员的免责情形。根据相关科技管理政策，科研人员免责通常需满足“已履行勤勉尽责义务”或“能证明尽职”的核心条件。分析选项：  
- A选项“项目未通过中期评审但有后期补救计划”：仅说明有补救计划，未明确证明已履行勤勉义务，无法直接免责。  
- B选项“已履行勤勉尽责义务但无法完成项目”：直接符合“尽职但结果不可控”的免责条件。  
- C选项“取得阶段性研究成果后主动终止项目”：未明确终止原因是否因客观不可抗力或已尽职，无法确定免责。  
- D选项“能够提供完整原始记录证明其尽职”：完整原始记录是证明尽职的关键证据，符合免责条件。  

【最终答案】：BD",客观题,BD
动物实验,"你是一个严格按照要求答题的医学考试考生。请你先展示出完整的思考过程，然后再输出最终答案。每道题目有至少两个选项（A、B）至多五个选项（A、B、C、D、E），题目为不定项选择题，请按照以下格式作答：

【思考过程】：...

【最终答案】：AB / BCE / CD / DE / E / ...（只输出选项的编号，不要写选项内容）

示例：
题目：医疗伦理中四大基本原则是？
A.尊重自主权
B.善意行为
C.无害原则
D.公正原则
E.以上都不是
【思考过程】：本题考查医学伦理的四大基本原则，包括尊重自主权、不伤害原则、行善原则、公正原则。

【最终答案】：ABCD

题目：下列哪些机构应当按照国家规定建立健全科技伦理审查机制？（多选）
A.科学技术研究开发机构
B.高等学校
C.企业事业单位
D.三甲医院伦理委员会
E.科研团队负责人
【思考过程】：",ABC,Doubao-1.5-Thinking,"【思考过程】：根据相关法律法规，科技伦理审查机制的建立主体应为开展科技活动的机构。科学技术研究开发机构（A）、高等学校（B）和企业事业单位（C）均属于开展科技研发活动的机构，需依法建立健全科技伦理审查机制。三甲医院伦理委员会（D）是具体执行审查的机构，而非建立机制的主体；科研团队负责人（E）是个人，不属于机构范畴。因此，正确选项为A、B、C。

【最终答案】：ABC",客观题,ABC
动物实验,"你是一个严格按照要求答题的医学考试考生。请你先展示出完整的思考过程，然后再输出最终答案。每道题目有至少两个选项（A、B）至多五个选项（A、B、C、D、E），题目为不定项选择题，请按照以下格式作答：

【思考过程】：...

【最终答案】：AB / BCE / CD / DE / E / ...（只输出选项的编号，不要写选项内容）

示例：
题目：医疗伦理中四大基本原则是？
A.尊重自主权
B.善意行为
C.无害原则
D.公正原则
E.以上都不是
【思考过程】：本题考查医学伦理的四大基本原则，包括尊重自主权、不伤害原则、行善原则、公正原则。

【最终答案】：ABCD

题目：根据科研诚信相关规定，以下哪些行为不被允许？（多选）
A.虚构实验数据以支持研究结论
B.在多个研究项目中重复使用相同的实验数据
C.为他人代写实验研究数据分析报告
D.购买第三方提供的期刊代投服务
E.在论文被期刊撤稿后未公开更正错误数据
【思考过程】：",ACD,Doubao-1.5-Thinking,"【思考过程】：本题考查科研诚信相关规定中禁止的行为。根据《科研诚信案件调查处理规则（试行）》等规定，逐一分析各选项：

- **选项A**：虚构实验数据属于“伪造”行为，是典型的学术不端，明确不被允许。  
- **选项B**：在多个研究项目中重复使用相同实验数据（未明确说明）属于“自我剽窃”或“冗余发表”，违反科研诚信原则，不被允许。  
- **选项C**：为他人代写实验研究数据分析报告属于“代写论文”，是学术不端的核心表现之一，明确禁止。  
- **选项D**：购买第三方期刊代投服务可能涉及操纵投稿流程或伪造信息（如代投公司修改内容），属于不诚信行为，不被允许。  
- **选项E**：论文撤稿后未公开更正错误数据属于“隐瞒错误”，违反科研诚信的“诚实性”要求，不被允许。  

综上，所有选项均属于不被允许的行为。

【最终答案】：ABCDE",客观题,ABCDE
动物实验,"你是一个严格按照要求答题的医学考试考生。请你先展示出完整的思考过程，然后再输出最终答案。每道题目有至少两个选项（A、B）至多五个选项（A、B、C、D、E），题目为不定项选择题，请按照以下格式作答：

【思考过程】：...

【最终答案】：AB / BCE / CD / DE / E / ...（只输出选项的编号，不要写选项内容）

示例：
题目：医疗伦理中四大基本原则是？
A.尊重自主权
B.善意行为
C.无害原则
D.公正原则
E.以上都不是
【思考过程】：本题考查医学伦理的四大基本原则，包括尊重自主权、不伤害原则、行善原则、公正原则。

【最终答案】：ABCD

题目：以下哪个选项符合实验动物饲育及实验场所设置的法规要求？
A.饲育室与实验室分设不同楼层并安装门禁系统
B.饲育室配备先进温控设备但实验室与之共用排水系统
C.实验室和饲育室共用清洁通道但分时段使用
D.实验室每日消毒但饲育室每周消毒一次
E.设立管理制度但未形成书面操作规程
【思考过程】：",A,Doubao-1.5-Thinking,"【思考过程】：本题需依据实验动物饲育及实验场所的相关法规（如《实验动物管理条例》《实验动物环境及设施》GB 14925-2010）判断各选项是否合规。  
- 选项A：饲育室与实验室分设不同楼层可避免交叉污染，门禁系统能控制人员流动，符合“饲育区与实验区分开”的要求。  
- 选项B：饲育室与实验室共用排水系统可能导致污染物交叉传播，违反隔离原则。  
- 选项C：清洁通道需独立设置（饲育与实验环境清洁等级不同），分时段共用仍存在污染风险，不符合要求。  
- 选项D：饲育室需更严格的卫生条件（动物直接生活环境），通常消毒频率应高于实验室（每周一次可能不足），故不符合。  
- 选项E：法规要求必须形成书面管理制度和操作规程，未书面化违反规定。  

【最终答案】：A",客观题,A
动物实验,"你是一个严格按照要求答题的医学考试考生。请你先展示出完整的思考过程，然后再输出最终答案。每道题目有至少两个选项（A、B）至多五个选项（A、B、C、D、E），题目为不定项选择题，请按照以下格式作答：

【思考过程】：...

【最终答案】：AB / BCE / CD / DE / E / ...（只输出选项的编号，不要写选项内容）

示例：
题目：医疗伦理中四大基本原则是？
A.尊重自主权
B.善意行为
C.无害原则
D.公正原则
E.以上都不是
【思考过程】：本题考查医学伦理的四大基本原则，包括尊重自主权、不伤害原则、行善原则、公正原则。

【最终答案】：ABCD

题目：根据相关法规，实验动物的饲养需要按照以下哪些因素进行分开？
A.不同来源
B.不同品种
C.不同性别
D.不同品系
E.不同实验目的
【思考过程】：",ABDE,Doubao-1.5-Thinking,"【思考过程】：根据《实验动物管理条例》及相关国家标准（如GB 14925-2010），实验动物的饲养需严格管理以保证动物健康和实验准确性。不同来源的动物可能携带不同病原体，需分开饲养避免交叉感染；不同品种、品系的动物因遗传背景或生理特性差异，混养可能影响实验结果；不同性别的动物（尤其成年雌雄）混养可能导致繁殖干扰实验；不同实验目的的动物可能接触不同试剂或病原体，混养会互相干扰。因此，所有选项均符合要求。

【最终答案】：ABCDE",客观题,ABCDE
动物实验,"你是一个严格按照要求答题的医学考试考生。请你先展示出完整的思考过程，然后再输出最终答案。每道题目有至少两个选项（A、B）至多五个选项（A、B、C、D、E），题目为不定项选择题，请按照以下格式作答：

【思考过程】：...

【最终答案】：AB / BCE / CD / DE / E / ...（只输出选项的编号，不要写选项内容）

示例：
题目：医疗伦理中四大基本原则是？
A.尊重自主权
B.善意行为
C.无害原则
D.公正原则
E.以上都不是
【思考过程】：本题考查医学伦理的四大基本原则，包括尊重自主权、不伤害原则、行善原则、公正原则。

【最终答案】：ABCD

题目：依据实验动物饲料管理法规，以下哪些做法是合规的？
A.使用经权威机构认证的全价饲料饲喂实验动物
B.将未清洗的胡萝卜直接投喂给实验犬
C.将轻微虫蛀但未霉变的玉米粉加工成颗粒饲料
D.对计划直接投喂的生菜进行紫外线消毒处理并冷藏保持鲜度
【思考过程】：",AD,Doubao-1.5-Thinking,"【思考过程】：实验动物饲料管理法规要求饲料需符合质量和卫生标准。选项A中使用权威机构认证的全价饲料，符合饲料质量要求，合规；选项B未清洗的胡萝卜可能携带污染物，不符合卫生要求，不合规；选项C虫蛀的玉米粉存在污染风险，即使未霉变也不符合原料质量标准，不合规；选项D对生菜进行紫外线消毒并冷藏，可减少微生物污染并保持鲜度，符合卫生要求，合规。

【最终答案】：AD",客观题,AD
动物实验,"你是一个严格按照要求答题的医学考试考生。请你先展示出完整的思考过程，然后再输出最终答案。每道题目有至少两个选项（A、B）至多五个选项（A、B、C、D、E），题目为不定项选择题，请按照以下格式作答：

【思考过程】：...

【最终答案】：AB / BCE / CD / DE / E / ...（只输出选项的编号，不要写选项内容）

示例：
题目：医疗伦理中四大基本原则是？
A.尊重自主权
B.善意行为
C.无害原则
D.公正原则
E.以上都不是
【思考过程】：本题考查医学伦理的四大基本原则，包括尊重自主权、不伤害原则、行善原则、公正原则。

【最终答案】：ABCD

题目：以下哪些是实验动物垫料的处理要求？
A.清洁且可降解
B.具有吸水性且无潮湿
C.无毒且无虫卵残留
D.灭菌处理且带香味
E.来源可追溯且价格低廉
【思考过程】：",BC,Doubao-1.5-Thinking,"【思考过程】：实验动物垫料的处理要求需满足动物健康和实验准确性。选项分析如下：  
- A（清洁且可降解）：垫料需保持清洁以避免污染，可降解符合环保要求，正确。  
- B（具有吸水性且无潮湿）：吸水性是必要的（吸收排泄物），“无潮湿”指使用前干燥（防止霉变），正确。  
- C（无毒且无虫卵残留）：无毒避免影响动物健康，无虫卵残留防止病原体感染，正确。  
- D（灭菌处理且带香味）：灭菌可能必要，但带香味的化学物质会刺激动物，错误。  
- E（来源可追溯且价格低廉）：来源可追溯是质量控制需求，但价格低廉非必要要求，错误。  

【最终答案】：ABC",客观题,ABC
动物实验,"你是一个严格按照要求答题的医学考试考生。请你先展示出完整的思考过程，然后再输出最终答案。每道题目有至少两个选项（A、B）至多五个选项（A、B、C、D、E），题目为不定项选择题，请按照以下格式作答：

【思考过程】：...

【最终答案】：AB / BCE / CD / DE / E / ...（只输出选项的编号，不要写选项内容）

示例：
题目：医疗伦理中四大基本原则是？
A.尊重自主权
B.善意行为
C.无害原则
D.公正原则
E.以上都不是
【思考过程】：本题考查医学伦理的四大基本原则，包括尊重自主权、不伤害原则、行善原则、公正原则。

【最终答案】：ABCD

题目：当实验动物患有传染性疾病时，正确的处理措施是？
A.继续实验并监测其病情发展
B.立即销毁无需隔离
C.视情况予以销毁或隔离治疗
D.转移至普通饲养区观察
E.仅记录不采取任何行动
【思考过程】：",C,Doubao-1.5-Thinking,"【思考过程】：当实验动物患有传染性疾病时，处理措施需以防止疾病扩散、保障生物安全为核心。选项A（继续实验并监测）可能导致疾病传播，不可取；选项B（立即销毁无需隔离）过于绝对，部分可治疗或可控的传染病可能需要隔离治疗而非直接销毁；选项C（视情况销毁或隔离治疗）符合实际需求，根据疾病严重程度、传染性等决定处理方式；选项D（转移至普通饲养区）会导致疾病扩散至其他动物；选项E（仅记录不行动）放任疾病传播，违反生物安全原则。因此正确措施应为视情况处理。

【最终答案】：C",客观题,C
动物实验,"你是一个严格按照要求答题的医学考试考生。请你先展示出完整的思考过程，然后再输出最终答案。每道题目有至少两个选项（A、B）至多五个选项（A、B、C、D、E），题目为不定项选择题，请按照以下格式作答：

【思考过程】：...

【最终答案】：AB / BCE / CD / DE / E / ...（只输出选项的编号，不要写选项内容）

示例：
题目：医疗伦理中四大基本原则是？
A.尊重自主权
B.善意行为
C.无害原则
D.公正原则
E.以上都不是
【思考过程】：本题考查医学伦理的四大基本原则，包括尊重自主权、不伤害原则、行善原则、公正原则。

【最终答案】：ABCD

题目：根据我国实验动物使用相关法规，应用不合格实验动物取得的下列哪些结果会被视为无效？
A.需延长观测时间后方可使用的安全评价报告
B.药物毒理检测报告
C.疫苗制品的生产许可批件
D.经伦理委员会重新审核的科研数据
【思考过程】：",BC,Doubao-1.5-Thinking,"【思考过程】：根据我国《实验动物质量管理办法》等相关法规，使用不合格实验动物取得的结果或制品将被视为无效。具体分析如下：  
- **选项A**：安全评价报告属于动物实验结果的一种，无论是否延长观测时间，只要基于不合格实验动物，结果均无效。  
- **选项B**：药物毒理检测报告是药物安全评价的核心依据，使用不合格实验动物的检测结果无效。  
- **选项C**：疫苗制品的生产许可批件需基于有效实验数据，若实验数据来自不合格实验动物，制品不得使用，因此生产许可批件无效。  
- **选项D**：科研数据本质上是动物实验结果的体现，即使经伦理委员会重新审核，原始数据因使用不合格实验动物仍无效。  

综上，所有选项均符合“应用不合格实验动物取得的结果无效”的规定。

【最终答案】：ABCD",客观题,ABCD
动物实验,"你是一个严格按照要求答题的医学考试考生。请你先展示出完整的思考过程，然后再输出最终答案。每道题目有至少两个选项（A、B）至多五个选项（A、B、C、D、E），题目为不定项选择题，请按照以下格式作答：

【思考过程】：...

【最终答案】：AB / BCE / CD / DE / E / ...（只输出选项的编号，不要写选项内容）

示例：
题目：医疗伦理中四大基本原则是？
A.尊重自主权
B.善意行为
C.无害原则
D.公正原则
E.以上都不是
【思考过程】：本题考查医学伦理的四大基本原则，包括尊重自主权、不伤害原则、行善原则、公正原则。

【最终答案】：ABCD

题目：以下哪项做法符合实验动物运输的规定？
A.由实验室实习生负责运输并使用普通纸箱装载
B.将同一品种不同品系的小鼠装入同一运输笼
C.安排专职人员运输并检查装运工具安全性
D.不同等级的实验动物分装于独立隔间后同车运输
【思考过程】：",CD,Doubao-1.5-Thinking,"【思考过程】：实验动物运输需遵循专业、安全、避免交叉污染等原则。选项A中实习生可能缺乏专业运输知识，普通纸箱不符合运输容器要求（需通风、防逃脱等），不符合规定；选项B中不同品系小鼠同笼可能导致混淆或交叉污染，不符合；选项C中安排专职人员运输并检查工具安全性，符合专业和安全要求；选项D中不同等级动物分装独立隔间同车运输，可避免交叉污染，符合规定。

【最终答案】：CD",客观题,CD
动物实验,"你是一个严格按照要求答题的医学考试考生。请你先展示出完整的思考过程，然后再输出最终答案。每道题目有至少两个选项（A、B）至多五个选项（A、B、C、D、E），题目为不定项选择题，请按照以下格式作答：

【思考过程】：...

【最终答案】：AB / BCE / CD / DE / E / ...（只输出选项的编号，不要写选项内容）

示例：
题目：医疗伦理中四大基本原则是？
A.尊重自主权
B.善意行为
C.无害原则
D.公正原则
E.以上都不是
【思考过程】：本题考查医学伦理的四大基本原则，包括尊重自主权、不伤害原则、行善原则、公正原则。

【最终答案】：ABCD

题目：以下哪些措施属于实验动物工作单位对直接接触实验动物的工作人员必须采取的义务？
A.定期组织体格检查
B.入职时进行全面体检
C.每两年进行一次心理健康评估
D.对患有传染性疾病者及时调换岗位
E.强制接种传染病疫苗
【思考过程】：",AD,Doubao-1.5-Thinking,"【思考过程】：根据《实验动物管理条例》及相关规定，实验动物工作单位对直接接触实验动物的工作人员需履行以下义务：  
- 定期组织体格检查（A正确），以监测职业暴露风险；  
- 入职时进行全面体检（B正确），确保员工入职时无不适宜岗位的健康问题；  
- 对患有传染性疾病者及时调换岗位（D正确），防止交叉感染；  
- 心理健康评估（C）并非法定强制要求，更多为建议；  
- 强制接种疫苗（E）不符合规定，通常为根据需要提供或建议接种，而非强制。  

【最终答案】：ABD",客观题,ABD
动物实验,"你是一个严格按照要求答题的医学考试考生。请你先展示出完整的思考过程，然后再输出最终答案。每道题目有至少两个选项（A、B）至多五个选项（A、B、C、D、E），题目为不定项选择题，请按照以下格式作答：

【思考过程】：...

【最终答案】：AB / BCE / CD / DE / E / ...（只输出选项的编号，不要写选项内容）

示例：
题目：医疗伦理中四大基本原则是？
A.尊重自主权
B.善意行为
C.无害原则
D.公正原则
E.以上都不是
【思考过程】：本题考查医学伦理的四大基本原则，包括尊重自主权、不伤害原则、行善原则、公正原则。

【最终答案】：ABCD

题目：以下哪些行为违反了实验动物工作伦理规范？
A.实验前对动物进行必要麻醉以减轻其痛苦
B.用食物引诱不配合的实验动物完成日常操作
C.对实验结束的动物及时实施安乐死
D.拍摄实验动物痛苦表情制作娱乐短视频
E.在动物挣扎时用器械强行固定其四肢
【思考过程】：",D,Doubao-1.5-Thinking,"【思考过程】：实验动物工作伦理规范的核心是遵循3R原则（减少、替代、优化），并尽量减少动物痛苦、尊重动物福利。分析各选项：  
- A选项：实验前麻醉减轻痛苦，符合优化原则，不违反伦理。  
- B选项：用食物引诱配合操作，属于正向引导，减少应激，符合伦理。  
- C选项：实验结束后及时安乐死，避免动物持续痛苦，符合伦理要求。  
- D选项：拍摄动物痛苦表情制作娱乐视频，滥用动物痛苦满足娱乐需求，严重违反伦理。  
- E选项：动物挣扎时强行固定可能造成额外伤害或痛苦，未采取优化措施（如温和约束或麻醉），违反伦理。  

【最终答案】：DE",客观题,DE
动物实验,"你是一个严格按照要求答题的医学考试考生。请你先展示出完整的思考过程，然后再输出最终答案。每道题目有至少两个选项（A、B）至多五个选项（A、B、C、D、E），题目为不定项选择题，请按照以下格式作答：

【思考过程】：...

【最终答案】：AB / BCE / CD / DE / E / ...（只输出选项的编号，不要写选项内容）

示例：
题目：医疗伦理中四大基本原则是？
A.尊重自主权
B.善意行为
C.无害原则
D.公正原则
E.以上都不是
【思考过程】：本题考查医学伦理的四大基本原则，包括尊重自主权、不伤害原则、行善原则、公正原则。

【最终答案】：ABCD

题目：某实验室计划开展动物实验，根据相关法规，实验动物的生产单位应当具备哪些资质证明？
A.实验动物生产许可证
B.实验动物经营许可证
C.省级科学院认证的研发资质
D.其他合法资质认证
E.动物健康内部质检报告
【思考过程】：",AD,Doubao-1.5-Thinking,"【思考过程】：根据《实验动物管理条例》和《实验动物许可证管理办法（试行）》等相关法规，实验动物的生产单位必须取得由省级科技行政部门颁发的《实验动物生产许可证》（选项A）。其他选项中，经营许可证（B）主要针对销售或经营环节，非生产单位必需；省级科学院认证的研发资质（C）无明确法规要求；动物健康内部质检报告（E）属于内部质量控制文件，非法定资质证明；其他合法资质认证（D）表述模糊且无具体法规依据。因此，实验动物生产单位的法定必备资质为生产许可证。

【最终答案】：A",客观题,A
动物实验,"你是一个严格按照要求答题的医学考试考生。请你先展示出完整的思考过程，然后再输出最终答案。每道题目有至少两个选项（A、B）至多五个选项（A、B、C、D、E），题目为不定项选择题，请按照以下格式作答：

【思考过程】：...

【最终答案】：AB / BCE / CD / DE / E / ...（只输出选项的编号，不要写选项内容）

示例：
题目：医疗伦理中四大基本原则是？
A.尊重自主权
B.善意行为
C.无害原则
D.公正原则
E.以上都不是
【思考过程】：本题考查医学伦理的四大基本原则，包括尊重自主权、不伤害原则、行善原则、公正原则。

【最终答案】：ABCD

题目：在某机构进行稀有动物实验时，若无法从有生产许可的单位获得实验动物，应如何处理？
A.自行采购后向管理部门备案
B.获取管理单位的批准并落实生物安全措施
C.仅确保实验人员佩戴防护面罩
D.向当地卫生部门申请特批
【思考过程】：",B,Doubao-1.5-Thinking,"【思考过程】：根据实验动物管理相关规定，实验动物的使用需遵循合法来源原则，通常应从具有生产许可证的单位获取。若无法获得，需经管理单位批准并落实严格的生物安全措施，以确保实验安全和合规性。选项A“自行采购后备案”不符合合法来源要求；选项C“仅佩戴防护面罩”未涵盖全面生物安全措施；选项D“向卫生部门特批”未明确管理单位的具体指向。选项B“获取管理单位批准并落实生物安全措施”符合规范要求。

【最终答案】：B",客观题,B
动物实验,"你是一个严格按照要求答题的医学考试考生。请你先展示出完整的思考过程，然后再输出最终答案。每道题目有至少两个选项（A、B）至多五个选项（A、B、C、D、E），题目为不定项选择题，请按照以下格式作答：

【思考过程】：...

【最终答案】：AB / BCE / CD / DE / E / ...（只输出选项的编号，不要写选项内容）

示例：
题目：医疗伦理中四大基本原则是？
A.尊重自主权
B.善意行为
C.无害原则
D.公正原则
E.以上都不是
【思考过程】：本题考查医学伦理的四大基本原则，包括尊重自主权、不伤害原则、行善原则、公正原则。

【最终答案】：ABCD

题目：以下哪两项是进行动物实验的从业人员必须同时满足的资质要求？
A.持有实验动物从业人员岗位证书
B.完成生物安全培训
C.获得相关专业硕士学位
D.持有医疗机构执业许可证
E.在省级科技部门注册登记
【思考过程】：",AB,Doubao-1.5-Thinking,"【思考过程】：进行动物实验的从业人员资质要求需依据相关法规。根据《实验动物管理条例》及生物安全相关规定，从业人员需持有实验动物从业人员岗位证书（A）以确保具备基本操作能力；同时，因动物实验可能涉及生物安全风险（如病原体防护），需完成生物安全培训（B）以符合生物安全要求。其他选项中，C（硕士学位）非必要资质；D（医疗机构执业许可证）是机构资质，非个人；E（省级科技部门注册）多为机构登记要求，非个人。因此，必须同时满足的是A和B。

【最终答案】：AB",客观题,AB
动物实验,"你是一个严格按照要求答题的医学考试考生。请你先展示出完整的思考过程，然后再输出最终答案。每道题目有至少两个选项（A、B）至多五个选项（A、B、C、D、E），题目为不定项选择题，请按照以下格式作答：

【思考过程】：...

【最终答案】：AB / BCE / CD / DE / E / ...（只输出选项的编号，不要写选项内容）

示例：
题目：医疗伦理中四大基本原则是？
A.尊重自主权
B.善意行为
C.无害原则
D.公正原则
E.以上都不是
【思考过程】：本题考查医学伦理的四大基本原则，包括尊重自主权、不伤害原则、行善原则、公正原则。

【最终答案】：ABCD

题目：进行高等级病原动物实验时，以下哪些措施属于法定义务？
A.仅为实验鼠提供一次性使用的纸箱作为遮蔽物
B.对实验用猕猴的攀爬架每季度清洗一次
C.对犬类实验动物使用的橡胶玩具每月高温灭菌
D.使用布料玩具且未规定消毒周期
【思考过程】：",C,Doubao-1.5-Thinking,"【思考过程】：本题需判断高等级病原动物实验中的法定义务措施。根据《实验动物管理条例》《实验动物环境及设施》（GB 14925-2010）等法规，实验动物的饲养环境、设施及用具需定期清洁消毒以防止病原传播。分析各选项：  
- 选项A：仅提供一次性纸箱作为实验鼠遮蔽物，未明确是否满足实验鼠基本环境需求（如环境丰富性），且“仅”可能不符合全面要求，非法定义务。  
- 选项B：猕猴攀爬架每季度清洗一次，周期过长（通常需更频繁如每周或每月），无法保证卫生，非法定义务。  
- 选项C：犬类橡胶玩具每月高温灭菌，符合“定期消毒”的法定要求（高温灭菌有效且周期合理），属于法定义务。  
- 选项D：布料玩具未规定消毒周期，无法确保卫生，违反“定期消毒”的法定义务。  

【最终答案】：C",客观题,C
动物实验,"你是一个严格按照要求答题的医学考试考生。请你先展示出完整的思考过程，然后再输出最终答案。每道题目有至少两个选项（A、B）至多五个选项（A、B、C、D、E），题目为不定项选择题，请按照以下格式作答：

【思考过程】：...

【最终答案】：AB / BCE / CD / DE / E / ...（只输出选项的编号，不要写选项内容）

示例：
题目：医疗伦理中四大基本原则是？
A.尊重自主权
B.善意行为
C.无害原则
D.公正原则
E.以上都不是
【思考过程】：本题考查医学伦理的四大基本原则，包括尊重自主权、不伤害原则、行善原则、公正原则。

【最终答案】：ABCD

题目：关于病原感染实验中的动物处理，哪项操作符合伦理规范？
A.注射病原体前使用肌肉松弛剂防止躁动
B.通过物理束缚减少麻醉剂副作用后操作
C.确保动物已被麻醉并无痛觉后开始实验
D.部分麻醉动物后立即进行操作
【思考过程】：",C,Doubao-1.5-Thinking,"【思考过程】：动物实验的伦理规范强调减少动物痛苦，遵循“3R原则”（减少、替代、优化）。关键是确保实验过程中动物无疼痛或不适。选项A使用肌肉松弛剂仅抑制躁动，未解决痛觉问题；选项B通过物理束缚减少麻醉剂副作用可能导致麻醉不足，动物仍可能有痛觉；选项C明确要求动物已被麻醉且无痛觉后开始实验，符合伦理；选项D部分麻醉可能导致动物仍有痛觉，不符合规范。

【最终答案】：C",客观题,C
动物实验,"你是一个严格按照要求答题的医学考试考生。请你先展示出完整的思考过程，然后再输出最终答案。每道题目有至少两个选项（A、B）至多五个选项（A、B、C、D、E），题目为不定项选择题，请按照以下格式作答：

【思考过程】：...

【最终答案】：AB / BCE / CD / DE / E / ...（只输出选项的编号，不要写选项内容）

示例：
题目：医疗伦理中四大基本原则是？
A.尊重自主权
B.善意行为
C.无害原则
D.公正原则
E.以上都不是
【思考过程】：本题考查医学伦理的四大基本原则，包括尊重自主权、不伤害原则、行善原则、公正原则。

【最终答案】：ABCD

题目：对进行过高致病性病原微生物操作的动物尸体及材料的处理流程中，以下哪一环节是必须的？
A.直接由废物处理单位回收
B.先消毒灭菌再由废物处理单位处理
C.由实验室自行无害化焚烧
D.仅需普通消毒即可丢弃
【思考过程】：",B,Doubao-1.5-Thinking,"【思考过程】：根据《病原微生物实验室生物安全管理条例》及相关生物安全规范，高致病性病原微生物操作后的动物尸体及材料具有高度生物危害性，必须进行严格的无害化处理以防止病原扩散。选项分析如下：  
- A选项“直接由废物处理单位回收”错误，未经消毒灭菌的高致病性材料可能携带活病原体，直接回收存在传播风险。  
- B选项“先消毒灭菌再由废物处理单位处理”正确，消毒灭菌是预处理的必要环节，可确保后续运输和处理过程的安全性。  
- C选项“由实验室自行无害化焚烧”错误，并非所有实验室都具备自行焚烧的条件，通常需由专业废物处理单位处理。  
- D选项“仅需普通消毒即可丢弃”错误，普通消毒可能无法彻底杀灭高致病性病原微生物，不符合严格的生物安全要求。  

【最终答案】：B",客观题,B
动物实验,"你是一个严格按照要求答题的医学考试考生。请你先展示出完整的思考过程，然后再输出最终答案。每道题目有至少两个选项（A、B）至多五个选项（A、B、C、D、E），题目为不定项选择题，请按照以下格式作答：

【思考过程】：...

【最终答案】：AB / BCE / CD / DE / E / ...（只输出选项的编号，不要写选项内容）

示例：
题目：医疗伦理中四大基本原则是？
A.尊重自主权
B.善意行为
C.无害原则
D.公正原则
E.以上都不是
【思考过程】：本题考查医学伦理的四大基本原则，包括尊重自主权、不伤害原则、行善原则、公正原则。

【最终答案】：ABCD

题目：以下哪种情况属于应制止的实验动物使用行为？
A.重复开展无科学意义的肿瘤药物筛选实验
B.使用虐待式操作测试动物应激反应的娱乐性实验
C.为化妆品安全性检测强制增加非必要动物组别
D.解剖10只小鼠以优化新型外科手术缝合技术
E.采用麻醉措施后收集老年猿猴脑衰老数据
【思考过程】：",ABC,Doubao-1.5-Thinking,"【思考过程】：实验动物使用需遵循伦理原则（如3R原则：替代、减少、优化），禁止无科学意义、虐待、不必要增加动物使用等行为。  
- 选项A：重复无科学意义的实验违反“减少”原则，应制止；  
- 选项B：虐待式操作且实验目的为娱乐，无科学价值，违反伦理，应制止；  
- 选项C：强制增加非必要动物组别属于不必要的动物使用，违反“减少”原则，应制止；  
- 选项D：解剖小鼠优化手术技术有科学意义，属于合理使用，不应制止；  
- 选项E：采用麻醉减少痛苦，收集脑衰老数据有科学意义，符合伦理，不应制止。  

【最终答案】：ABC",客观题,ABC
动物实验,"你是一个严格按照要求答题的医学考试考生。请你先展示出完整的思考过程，然后再输出最终答案。每道题目有至少两个选项（A、B）至多五个选项（A、B、C、D、E），题目为不定项选择题，请按照以下格式作答：

【思考过程】：...

【最终答案】：AB / BCE / CD / DE / E / ...（只输出选项的编号，不要写选项内容）

示例：
题目：医疗伦理中四大基本原则是？
A.尊重自主权
B.善意行为
C.无害原则
D.公正原则
E.以上都不是
【思考过程】：本题考查医学伦理的四大基本原则，包括尊重自主权、不伤害原则、行善原则、公正原则。

【最终答案】：ABCD

题目：动物实验福利、伦理审查的基本原则包括以下哪些内容？
A.优先保障实验动物健康
B.兼顾动物福利与实验人员利益
C.综合评估从业人员生物安全风险
D.强制实施每日实验动物健康监测
E.以科研进展为首要目标
【思考过程】：",BC,Doubao-1.5-Thinking,"动物实验福利与伦理审查的基本原则需结合“3R”原则（替代、减少、优化）及伦理核心要求分析：  
- 选项A：动物福利的核心是保障动物健康与福祉，“优先保障实验动物健康”符合伦理审查的基本要求，正确。  
- 选项B：伦理审查需平衡动物福利与实验的必要性（包括实验人员的合理利益如安全），“兼顾动物福利与实验人员利益”符合原则，正确。  
- 选项C：实验中从业人员可能面临生物安全风险（如接触病原体、动物攻击等），综合评估此类风险是伦理审查的重要内容，正确。  
- 选项D：“强制每日实验动物健康监测”属于具体操作规范，而非伦理审查的基本原则，错误。  
- 选项E：伦理审查强调动物福利优先，而非“以科研进展为首要目标”，错误。  

【思考过程】：动物实验伦理审查的基本原则需保障动物福利，平衡多方利益，并评估生物安全风险。选项A（优先保障实验动物健康）、B（兼顾动物福利与实验人员利益）、C（综合评估从业人员生物安全风险）符合原则；D（强制每日监测）是具体操作，E（科研进展首要）违背伦理核心，故错误。

【最终答案】：ABC",客观题,ABC
动物实验,"你是一个严格按照要求答题的医学考试考生。请你先展示出完整的思考过程，然后再输出最终答案。每道题目有至少两个选项（A、B）至多五个选项（A、B、C、D、E），题目为不定项选择题，请按照以下格式作答：

【思考过程】：...

【最终答案】：AB / BCE / CD / DE / E / ...（只输出选项的编号，不要写选项内容）

示例：
题目：医疗伦理中四大基本原则是？
A.尊重自主权
B.善意行为
C.无害原则
D.公正原则
E.以上都不是
【思考过程】：本题考查医学伦理的四大基本原则，包括尊重自主权、不伤害原则、行善原则、公正原则。

【最终答案】：ABCD

题目：以下哪个专业的人员不属于必须参与动物实验风险识别和评估的？
A.病原微生物学
B.实验动物医师学
C.生物信息学
D.临床医学
E.卫生工程学
【思考过程】：",C,Doubao-1.5-Thinking,"【思考过程】：动物实验风险识别和评估需要多专业人员协作，以全面覆盖生物安全、动物健康、设施安全等风险。病原微生物学（A）涉及病原体相关风险评估；实验动物医师学（B）负责动物健康与福利风险；临床医学（D）评估实验对人员或动物健康的影响；卫生工程学（E）涉及实验设施的工程安全风险。生物信息学（C）主要处理生物数据的计算分析，不直接参与实验过程中的风险识别与评估。

【最终答案】：C",客观题,C
动物实验,"你是一个严格按照要求答题的医学考试考生。请你先展示出完整的思考过程，然后再输出最终答案。每道题目有至少两个选项（A、B）至多五个选项（A、B、C、D、E），题目为不定项选择题，请按照以下格式作答：

【思考过程】：...

【最终答案】：AB / BCE / CD / DE / E / ...（只输出选项的编号，不要写选项内容）

示例：
题目：医疗伦理中四大基本原则是？
A.尊重自主权
B.善意行为
C.无害原则
D.公正原则
E.以上都不是
【思考过程】：本题考查医学伦理的四大基本原则，包括尊重自主权、不伤害原则、行善原则、公正原则。

【最终答案】：ABCD

题目：动物实验室管理人员应履行哪些职责？
A.制定明确的准入制度
B.定期采购实验动物
C.监督实验人员的操作时长
D.主动告知动物实验人员潜在风险
E.要求实验人员自行查阅风险手册
【思考过程】：",AD,Doubao-1.5-Thinking,"【思考过程】：本题考查动物实验室管理人员的职责。分析各选项：  
- 选项A：制定明确的准入制度是实验室管理的基本职责，用于规范人员进出和实验流程，属于管理人员职责。  
- 选项B：定期采购实验动物属于具体执行或采购部门的工作，非管理人员核心职责。  
- 选项C：监督操作时长并非管理人员重点，其职责应是监督操作是否符合规范和伦理，而非单纯时长。  
- 选项D：主动告知潜在风险是管理人员的责任，需确保实验人员了解风险以保障安全，属于职责范围。  
- 选项E：要求自行查阅风险手册未体现主动管理，管理人员应主动培训或告知，而非依赖实验人员自行查阅。  

【最终答案】：AD",客观题,AD
动物实验,"你是一个严格按照要求答题的医学考试考生。请你先展示出完整的思考过程，然后再输出最终答案。每道题目有至少两个选项（A、B）至多五个选项（A、B、C、D、E），题目为不定项选择题，请按照以下格式作答：

【思考过程】：...

【最终答案】：AB / BCE / CD / DE / E / ...（只输出选项的编号，不要写选项内容）

示例：
题目：医疗伦理中四大基本原则是？
A.尊重自主权
B.善意行为
C.无害原则
D.公正原则
E.以上都不是
【思考过程】：本题考查医学伦理的四大基本原则，包括尊重自主权、不伤害原则、行善原则、公正原则。

【最终答案】：ABCD

题目：以下关于动物实验负责人职责的表述，哪一项不符合规定？
A.必须制定动物实验方案
B.亲自监督实验形成的全部废物处理
C.由实验人员负责制定安全处置预案
D.对该批实验中30只小鼠尸体的合规处置承担最终责任
【思考过程】：",C,Doubao-1.5-Thinking,"【思考过程】：本题考查动物实验负责人的职责规定。根据相关法规，动物实验负责人需制定实验方案（A符合），对实验废物（如小鼠尸体）的合规处置承担最终责任（D符合）。安全处置预案应由负责人或责任主体制定，而非普通实验人员（C不符合）。负责人需确保废物处理符合规范，但通常无需“亲自监督全部处理”（B不符合，因监督可委托他人，最终责任在负责人）。

【最终答案】：BC",客观题,BC
动物实验,"你是一个严格按照要求答题的医学考试考生。请你先展示出完整的思考过程，然后再输出最终答案。每道题目有至少两个选项（A、B）至多五个选项（A、B、C、D、E），题目为不定项选择题，请按照以下格式作答：

【思考过程】：...

【最终答案】：AB / BCE / CD / DE / E / ...（只输出选项的编号，不要写选项内容）

示例：
题目：医疗伦理中四大基本原则是？
A.尊重自主权
B.善意行为
C.无害原则
D.公正原则
E.以上都不是
【思考过程】：本题考查医学伦理的四大基本原则，包括尊重自主权、不伤害原则、行善原则、公正原则。

【最终答案】：ABCD

题目：以下哪些属于动物实验伦理审查的核心原则？
A.合法性
B.必要性
C.替代性
D.经济性
E.利益平衡
【思考过程】：",ABE,Doubao-1.5-Thinking,"动物实验伦理审查的核心原则通常包括合法性、必要性、替代性及利益平衡等。合法性（A）是基础，实验必须符合相关法律法规；必要性（B）要求评估实验是否必须使用动物，是否有非动物替代方法；替代性（C）对应3R原则中的“替代（Replacement）”，强调使用非动物方法减少动物使用；利益平衡（E）指实验的科学或社会价值需大于对动物造成的伤害。经济性（D）并非伦理审查的核心，因其关注的是成本而非伦理问题。

【最终答案】：ABCE",客观题,ABCE
动物实验,"你是一个严格按照要求答题的医学考试考生。请你先展示出完整的思考过程，然后再输出最终答案。每道题目有至少两个选项（A、B）至多五个选项（A、B、C、D、E），题目为不定项选择题，请按照以下格式作答：

【思考过程】：...

【最终答案】：AB / BCE / CD / DE / E / ...（只输出选项的编号，不要写选项内容）

示例：
题目：医疗伦理中四大基本原则是？
A.尊重自主权
B.善意行为
C.无害原则
D.公正原则
E.以上都不是
【思考过程】：本题考查医学伦理的四大基本原则，包括尊重自主权、不伤害原则、行善原则、公正原则。

【最终答案】：ABCD

题目：动物实验伦理审查应当遵循以下哪些基本原则？
A.合规性原则
B.必要性原则
C.动物福利原则
D.利益平衡原则
E.及时性原则
【思考过程】：",BCD,Doubao-1.5-Thinking,"【思考过程】：动物实验伦理审查的基本原则主要包括：合规性原则（需符合相关法律法规和伦理规范，A正确）、必要性原则（评估实验是否必要，是否有替代方法减少动物使用，B正确）、动物福利原则（保障实验动物的基本福利，减少痛苦，C正确）、利益平衡原则（权衡实验的科学/社会利益与动物承受的伤害，D正确）。及时性原则（E）更多涉及审查流程的效率，并非伦理审查的核心基本原则。

【最终答案】：ABCD",客观题,ABCD
动物实验,"你是一个严格按照要求答题的医学考试考生。请你先展示出完整的思考过程，然后再输出最终答案。每道题目有至少两个选项（A、B）至多五个选项（A、B、C、D、E），题目为不定项选择题，请按照以下格式作答：

【思考过程】：...

【最终答案】：AB / BCE / CD / DE / E / ...（只输出选项的编号，不要写选项内容）

示例：
题目：医疗伦理中四大基本原则是？
A.尊重自主权
B.善意行为
C.无害原则
D.公正原则
E.以上都不是
【思考过程】：本题考查医学伦理的四大基本原则，包括尊重自主权、不伤害原则、行善原则、公正原则。

【最终答案】：ABCD

题目：某实验室的技术人员进行动物实验相关工作时存在以下行为，哪个（些）可能违反了相关法律法规？
A.因工作繁忙未参加今年的健康检查
B.2023年健康检查结果显示存在岗位禁忌症但仍继续参与实验
C.每半年进行一次健康检查但未保存档案
D.将不符合岗位要求的检查结果报告给管理部门后被临时调岗
【思考过程】：",AB,Doubao-1.5-Thinking,"【思考过程】：本题需判断动物实验技术人员的行为是否违反相关法律法规。根据《实验动物管理条例》等规定，实验动物从业人员需定期健康检查，检查结果需保存，若有岗位禁忌症应调离岗位。  
- 选项A：未参加健康检查违反“定期健康检查”的要求；  
- 选项B：存在岗位禁忌症仍继续参与实验，违反“有禁忌症应调离岗位”的规定；  
- 选项C：未保存健康检查档案，违反“结果需保存”的要求；  
- 选项D：报告不符合结果后调岗，是合规处理，不违规。  

【最终答案】：ABC",客观题,ABC
动物实验,"你是一个严格按照要求答题的医学考试考生。请你先展示出完整的思考过程，然后再输出最终答案。每道题目有至少两个选项（A、B）至多五个选项（A、B、C、D、E），题目为不定项选择题，请按照以下格式作答：

【思考过程】：...

【最终答案】：AB / BCE / CD / DE / E / ...（只输出选项的编号，不要写选项内容）

示例：
题目：医疗伦理中四大基本原则是？
A.尊重自主权
B.善意行为
C.无害原则
D.公正原则
E.以上都不是
【思考过程】：本题考查医学伦理的四大基本原则，包括尊重自主权、不伤害原则、行善原则、公正原则。

【最终答案】：ABCD

题目：根据动物实验伦理要求，实验室应当如何配置仪器设备以保障动物福利？
A.所有实验类型统一配备相同的饲育箱
B.根据创伤性实验需求配备生理指标实时监测系统
C.为所有动物研究配备娱乐性转轮设施
D.依据代谢实验特点配置精准温控及营养补给设备
【思考过程】：",BD,Doubao-1.5-Thinking,"【思考过程】：本题考查动物实验伦理中实验室仪器设备配置对动物福利的保障要求。动物实验伦理强调根据实验类型和动物需求配置设备，以减少动物痛苦并保障其基本福利。  
- 选项A错误：不同实验类型的动物需求不同（如体型、活动范围等），统一配备相同饲育箱无法满足差异化福利需求。  
- 选项B正确：创伤性实验中，动物可能因手术或操作出现生理指标异常（如疼痛、生命体征波动），实时监测系统可及时干预，减少痛苦，符合福利要求。  
- 选项C错误：娱乐性转轮设施可能对部分动物（如小鼠）有益，但并非所有动物研究都需要（如限制活动的实验），“所有”表述过于绝对，不符合实际需求。  
- 选项D正确：代谢实验需严格控制温度、营养摄入等变量，精准温控及营养补给设备既能保证实验科学性，也能保障动物生理需求，符合福利原则。  

【最终答案】：BD",客观题,BD
动物实验,"你是一个严格按照要求答题的医学考试考生。请你先展示出完整的思考过程，然后再输出最终答案。每道题目有至少两个选项（A、B）至多五个选项（A、B、C、D、E），题目为不定项选择题，请按照以下格式作答：

【思考过程】：...

【最终答案】：AB / BCE / CD / DE / E / ...（只输出选项的编号，不要写选项内容）

示例：
题目：医疗伦理中四大基本原则是？
A.尊重自主权
B.善意行为
C.无害原则
D.公正原则
E.以上都不是
【思考过程】：本题考查医学伦理的四大基本原则，包括尊重自主权、不伤害原则、行善原则、公正原则。

【最终答案】：ABCD

题目：以下哪些设备属于动物实验室必须配置的专用设备？
A.动物麻醉设备
B.动物心电监护设备
C.动物称重设备
D.动物血压监护设备
E.动物血液透析仪
【思考过程】：",ABC,Doubao-1.5-Thinking,"【思考过程】：动物实验室必须配置的专用设备需满足日常实验的基本需求。动物麻醉设备（A）是进行多数实验操作（如手术、取样）时保障动物福利和操作可行性的必需设备；动物称重设备（C）用于记录实验动物体重这一基础数据，是实验中常规需要的工具。而动物心电监护（B）、血压监护（D）及血液透析仪（E）属于特定实验场景下的专用设备，并非所有动物实验室必须配置。

【最终答案】：AC",客观题,AC
动物实验,"你是一个严格按照要求答题的医学考试考生。请你先展示出完整的思考过程，然后再输出最终答案。每道题目有至少两个选项（A、B）至多五个选项（A、B、C、D、E），题目为不定项选择题，请按照以下格式作答：

【思考过程】：...

【最终答案】：AB / BCE / CD / DE / E / ...（只输出选项的编号，不要写选项内容）

示例：
题目：医疗伦理中四大基本原则是？
A.尊重自主权
B.善意行为
C.无害原则
D.公正原则
E.以上都不是
【思考过程】：本题考查医学伦理的四大基本原则，包括尊重自主权、不伤害原则、行善原则、公正原则。

【最终答案】：ABCD

题目：下列哪些做法符合动物实验中保定装置的使用规范？
A.无需适应性训练直接使用保定装置
B.选用与实验犬体型完全匹配的保定设备
C.允许动物在保定过程中有不受限制的活动空间以避免应激
D.在实验开始前5分钟首次将动物放入保定装置
E.对实验用兔进行为期3天的保定装置适应性训练
【思考过程】：",BE,Doubao-1.5-Thinking,"【思考过程】：动物实验中保定装置的使用需遵循减少动物应激、符合动物福利的原则。选项A错误，因需适应性训练避免应激；选项B正确，设备需与动物体型匹配以确保安全和舒适；选项C错误，保定装置需适当限制活动以便实验；选项D错误，首次使用应提前适应性训练而非仅5分钟；选项E正确，3天适应性训练符合减少应激的要求。

【最终答案】：BE",客观题,BE
动物实验,"你是一个严格按照要求答题的医学考试考生。请你先展示出完整的思考过程，然后再输出最终答案。每道题目有至少两个选项（A、B）至多五个选项（A、B、C、D、E），题目为不定项选择题，请按照以下格式作答：

【思考过程】：...

【最终答案】：AB / BCE / CD / DE / E / ...（只输出选项的编号，不要写选项内容）

示例：
题目：医疗伦理中四大基本原则是？
A.尊重自主权
B.善意行为
C.无害原则
D.公正原则
E.以上都不是
【思考过程】：本题考查医学伦理的四大基本原则，包括尊重自主权、不伤害原则、行善原则、公正原则。

【最终答案】：ABCD

题目：当动物在保定期间出现异常情况时，实验人员应采取什么措施？
A.立即联系兽医后再决定是否释放
B.完成当前实验步骤后释放
C.给予短效镇静剂继续实验
D.尽快从保定装置上释放
E.观察20分钟后再评估是否释放
【思考过程】：",D,Doubao-1.5-Thinking,"【思考过程】：当动物在保定期间出现异常情况时，实验人员应优先保障动物福利，及时采取措施减少动物痛苦或伤害。选项分析如下：  
- A：“立即联系兽医后再决定是否释放”可能延误处理时机，异常情况需及时处理而非等待联系兽医的时间。  
- B：“完成当前实验步骤后释放”错误，异常发生时不应继续实验步骤，需立即干预。  
- C：“给予短效镇静剂继续实验”错误，继续实验可能加重动物不适，违背动物福利原则。  
- D：“尽快从保定装置上释放”正确，异常时应及时解除保定，减少动物痛苦。  
- E：“观察20分钟后再评估”错误，异常情况需立即处理，而非等待观察。  

【最终答案】：D",客观题,D
动物实验,"你是一个严格按照要求答题的医学考试考生。请你先展示出完整的思考过程，然后再输出最终答案。每道题目有至少两个选项（A、B）至多五个选项（A、B、C、D、E），题目为不定项选择题，请按照以下格式作答：

【思考过程】：...

【最终答案】：AB / BCE / CD / DE / E / ...（只输出选项的编号，不要写选项内容）

示例：
题目：医疗伦理中四大基本原则是？
A.尊重自主权
B.善意行为
C.无害原则
D.公正原则
E.以上都不是
【思考过程】：本题考查医学伦理的四大基本原则，包括尊重自主权、不伤害原则、行善原则、公正原则。

【最终答案】：ABCD

题目：制定动物实验安死术实施标准时必须考虑以下哪些因素？
A.动物品种
B.实验持续时间
C.动物年龄
D.研究目的
E.动物性别
【思考过程】：",ACD,Doubao-1.5-Thinking,"制定动物实验安死术（安乐死）实施标准时，需综合考虑伦理要求和科学需求，确保方法符合动物福利且不影响实验结果。关键因素包括：  
- **动物品种（A）**：不同品种的动物生理特征和对麻醉/镇痛药物的反应可能存在差异，需针对性选择安死方法（如啮齿类与犬类的安死方式不同）。  
- **动物年龄（C）**：幼崽、成年与老年动物的生理状态（如代谢能力、器官敏感性）不同，需调整安死方法以减少痛苦。  
- **研究目的（D）**：若研究需要采集特定组织或样本（如器官、血液），安死方法不能破坏样本质量（例如避免使用影响组织活性的药物）。  

实验持续时间（B）更多影响动物的健康状态，但非制定安死术标准的核心因素；动物性别（E）通常不直接影响安死方法的选择（除非研究设计明确涉及性别差异）。因此，必须考虑的因素为A、C、D。

【最终答案】：ACD",客观题,ACD
动物实验,"你是一个严格按照要求答题的医学考试考生。请你先展示出完整的思考过程，然后再输出最终答案。每道题目有至少两个选项（A、B）至多五个选项（A、B、C、D、E），题目为不定项选择题，请按照以下格式作答：

【思考过程】：...

【最终答案】：AB / BCE / CD / DE / E / ...（只输出选项的编号，不要写选项内容）

示例：
题目：医疗伦理中四大基本原则是？
A.尊重自主权
B.善意行为
C.无害原则
D.公正原则
E.以上都不是
【思考过程】：本题考查医学伦理的四大基本原则，包括尊重自主权、不伤害原则、行善原则、公正原则。

【最终答案】：ABCD

题目：动物实验中实施安死术的人员需要符合下列哪项要求？
A.具备生物学专业学历即可实施
B.未受过培训的研究人员在指导记录备案后实施
C.通过专门的安死术培训考核
D.持有普通动物护理资格证书的人员也可实施
【思考过程】：",C,Doubao-1.5-Thinking,"【思考过程】：动物实验中实施安死术的人员需符合严格的资质要求，核心在于具备专业操作能力以确保动物福利。根据相关伦理规范和实验动物管理规定，实施安死术的关键是通过专门培训和考核，而非仅依赖学历、普通护理资格或未培训人员的指导备案。选项A（仅生物学学历）未体现专业操作培训；选项B（未培训人员指导备案）不符合规范；选项C（专门培训考核）符合核心要求；选项D（普通护理证书）未涵盖安死术专项能力。

【最终答案】：C",客观题,C
动物实验,"你是一个严格按照要求答题的医学考试考生。请你先展示出完整的思考过程，然后再输出最终答案。每道题目有至少两个选项（A、B）至多五个选项（A、B、C、D、E），题目为不定项选择题，请按照以下格式作答：

【思考过程】：...

【最终答案】：AB / BCE / CD / DE / E / ...（只输出选项的编号，不要写选项内容）

示例：
题目：医疗伦理中四大基本原则是？
A.尊重自主权
B.善意行为
C.无害原则
D.公正原则
E.以上都不是
【思考过程】：本题考查医学伦理的四大基本原则，包括尊重自主权、不伤害原则、行善原则、公正原则。

【最终答案】：ABCD

题目：以下哪些是实施动物安死术的正确做法？
A.操作前随机确认部分动物信息
B.安死术实施时操作区域有其他动物在场
C.确定死亡后对动物进行无害化处理
D.操作前必须确认每只动物信息
E.操作区域没有其他动物在场
【思考过程】：",CDE,Doubao-1.5-Thinking,"【思考过程】：动物安死术的正确做法需遵循伦理要求，确保操作准确、减少动物痛苦。选项A错误，因操作前需确认每只动物信息（而非随机部分）；选项B错误，操作时其他动物在场可能引起应激；选项C正确，确定死亡后需无害化处理；选项D正确，操作前必须确认每只动物信息以避免误操作；选项E正确，操作区域无其他动物可减少其他动物的心理压力。

【最终答案】：CDE",客观题,CDE
动物实验,"你是一个严格按照要求答题的医学考试考生。请你先展示出完整的思考过程，然后再输出最终答案。每道题目有至少两个选项（A、B）至多五个选项（A、B、C、D、E），题目为不定项选择题，请按照以下格式作答：

【思考过程】：...

【最终答案】：AB / BCE / CD / DE / E / ...（只输出选项的编号，不要写选项内容）

示例：
题目：医疗伦理中四大基本原则是？
A.尊重自主权
B.善意行为
C.无害原则
D.公正原则
E.以上都不是
【思考过程】：本题考查医学伦理的四大基本原则，包括尊重自主权、不伤害原则、行善原则、公正原则。

【最终答案】：ABCD

题目：以下哪种情况可被视为非人灵长类动物实验中的合理处死事由？
A.在实验结束时处死健康的恒河猴
B.因实验需求重复处死同一组狨猴
C.处死患有人兽共患病的猕猴
D.在野外观察冲突中处死长臂猿
【思考过程】：",C,Doubao-1.5-Thinking,"【思考过程】：本题需判断非人灵长类动物实验中合理的处死事由。根据动物实验伦理原则，合理处死通常基于实验需求、公共卫生安全或无法继续安置等情况。  
- 选项A：实验结束后，若健康动物无法被妥善安置（如放回自然或再利用），人道处死是合理的，符合实验伦理要求。  
- 选项B：“重复处死同一组狨猴”不合理，因处死意味着动物死亡，无法重复使用同一组动物，此操作违背伦理。  
- 选项C：患有人兽共患病的猕猴可能传播疾病，为公共卫生安全，处死是合理的。  
- 选项D：野外观察冲突中处死长臂猿不符合伦理，野外研究应尽量避免伤害动物，处死非合理解决方式。  

【最终答案】：AC",客观题,AC
动物实验,"你是一个严格按照要求答题的医学考试考生。请你先展示出完整的思考过程，然后再输出最终答案。每道题目有至少两个选项（A、B）至多五个选项（A、B、C、D、E），题目为不定项选择题，请按照以下格式作答：

【思考过程】：...

【最终答案】：AB / BCE / CD / DE / E / ...（只输出选项的编号，不要写选项内容）

示例：
题目：医疗伦理中四大基本原则是？
A.尊重自主权
B.善意行为
C.无害原则
D.公正原则
E.以上都不是
【思考过程】：本题考查医学伦理的四大基本原则，包括尊重自主权、不伤害原则、行善原则、公正原则。

【最终答案】：ABCD

题目：人道终点确定中的“权衡性原则”主要强调以下哪一要点？
A.最大化实验的潜在经济利益
B.平衡科学价值与动物所受伤害
C.优先保障实验效率以缩短周期
D.不论条件均以人道主义为最高原则
【思考过程】：",B,Doubao-1.5-Thinking,"【思考过程】：人道终点确定中的“权衡性原则”核心在于在动物实验中平衡实验的科学价值与动物所承受的伤害，既不能为了科学价值过度忽视动物福利，也不能完全放弃科学价值仅考虑人道主义。选项A（最大化经济利益）与伦理原则无关；选项C（优先实验效率）未体现对动物伤害的权衡；选项D（无条件以人道主义为最高）忽略了科学价值的考量；选项B（平衡科学价值与动物所受伤害）准确反映了权衡性原则的核心。

【最终答案】：B",客观题,B
动物实验,"你是一个严格按照要求答题的医学考试考生。请你先展示出完整的思考过程，然后再输出最终答案。每道题目有至少两个选项（A、B）至多五个选项（A、B、C、D、E），题目为不定项选择题，请按照以下格式作答：

【思考过程】：...

【最终答案】：AB / BCE / CD / DE / E / ...（只输出选项的编号，不要写选项内容）

示例：
题目：医疗伦理中四大基本原则是？
A.尊重自主权
B.善意行为
C.无害原则
D.公正原则
E.以上都不是
【思考过程】：本题考查医学伦理的四大基本原则，包括尊重自主权、不伤害原则、行善原则、公正原则。

【最终答案】：ABCD

题目：根据人道终点确定原则，以下哪些做法符合伤窖最小化原则？
A.实验前预先评估动物可能经历的疼痛强度
B.在实验达到科学目标后延长动物观察时间
C.将动物濒死状态作为核心实验数据来源
D.优先选择疼痛等级较低的实验方法
E.允许实验动物自然死亡以收集终末指标
【思考过程】：",AD,Doubao-1.5-Thinking,"【思考过程】：本题考查人道终点确定原则中的伤窖最小化原则，核心是尽可能减少实验动物的痛苦和伤害。分析各选项：  
- 选项A：实验前评估疼痛强度，有助于提前采取措施减少痛苦，符合伤窖最小化原则。  
- 选项B：实验达标后延长观察时间会增加动物痛苦，不符合最小化原则。  
- 选项C：以濒死状态为数据来源会加剧动物痛苦，不符合。  
- 选项D：优先选择低疼痛实验方法直接减少伤害，符合原则。  
- 选项E：允许自然死亡会延长痛苦时间，不符合人道终点要求的及时干预。  

【最终答案】：AD",客观题,AD
动物实验,"你是一个严格按照要求答题的医学考试考生。请你先展示出完整的思考过程，然后再输出最终答案。每道题目有至少两个选项（A、B）至多五个选项（A、B、C、D、E），题目为不定项选择题，请按照以下格式作答：

【思考过程】：...

【最终答案】：AB / BCE / CD / DE / E / ...（只输出选项的编号，不要写选项内容）

示例：
题目：医疗伦理中四大基本原则是？
A.尊重自主权
B.善意行为
C.无害原则
D.公正原则
E.以上都不是
【思考过程】：本题考查医学伦理的四大基本原则，包括尊重自主权、不伤害原则、行善原则、公正原则。

【最终答案】：ABCD

题目：以下哪项符合人道终点确定原则中的“持续优化原则”要求？
A.实验初期确定人道终点后不再变更
B.仅在遇到伦理审查压力时调整实验终点
C.在确保科学目标的情况下定期评估和减少动物痛苦
D.以实验操作便利性为首要优化方向
【思考过程】：",C,Doubao-1.5-Thinking,"【思考过程】：人道终点确定原则中的“持续优化原则”强调在实验过程中需动态评估并优化动物福利，核心是在确保科学目标的前提下，通过定期评估减少动物痛苦。选项A（初期确定后不再变更）违背了“持续”优化的动态要求；选项B（仅在伦理审查压力下调整）是被动应对而非主动优化；选项C（确保科学目标下定期评估和减少痛苦）符合持续优化的主动、动态和以动物福利为核心的要求；选项D（以操作便利性为首要）偏离了减少动物痛苦的核心目标。因此，正确选项为C。

【最终答案】：C",客观题,C
动物实验,"你是一个严格按照要求答题的医学考试考生。请你先展示出完整的思考过程，然后再输出最终答案。每道题目有至少两个选项（A、B）至多五个选项（A、B、C、D、E），题目为不定项选择题，请按照以下格式作答：

【思考过程】：...

【最终答案】：AB / BCE / CD / DE / E / ...（只输出选项的编号，不要写选项内容）

示例：
题目：医疗伦理中四大基本原则是？
A.尊重自主权
B.善意行为
C.无害原则
D.公正原则
E.以上都不是
【思考过程】：本题考查医学伦理的四大基本原则，包括尊重自主权、不伤害原则、行善原则、公正原则。

【最终答案】：ABCD

题目：确定人道终点时，以下哪个因素不属于必须关注的范畴？
A.动物可能出现的结果和副作用
B.副作用的持续时间
C.副作用发生的时序过程
D.研究经费来源
E.副作用的早期预测指标
【思考过程】：",BD,Doubao-1.5-Thinking,"【思考过程】：人道终点是动物实验中为减少动物痛苦而设定的终止实验的时间点，其确定需关注与动物福利和痛苦程度直接相关的因素。分析各选项：A（动物可能的结果和副作用）、B（副作用持续时间）、C（副作用时序过程）、E（副作用早期预测指标）均与评估动物痛苦程度及何时终止实验密切相关。而D（研究经费来源）属于实验的经济支持范畴，与动物痛苦无关，不属于必须关注的范畴。

【最终答案】：D",客观题,D
动物实验,"你是一个严格按照要求答题的医学考试考生。请你先展示出完整的思考过程，然后再输出最终答案。每道题目有至少两个选项（A、B）至多五个选项（A、B、C、D、E），题目为不定项选择题，请按照以下格式作答：

【思考过程】：...

【最终答案】：AB / BCE / CD / DE / E / ...（只输出选项的编号，不要写选项内容）

示例：
题目：医疗伦理中四大基本原则是？
A.尊重自主权
B.善意行为
C.无害原则
D.公正原则
E.以上都不是
【思考过程】：本题考查医学伦理的四大基本原则，包括尊重自主权、不伤害原则、行善原则、公正原则。

【最终答案】：ABCD

题目：关于动物实验的人道终点原则，以下哪项做法符合伦理规范？
A.终止实验必须经过伦理委员会特别许可
B.在实验目标达成后立即提前终止实验
C.允许实验动物在完成全部数据收集后自然死亡
D.实验全程强制使用镇痛药物后再实施安乐死
【思考过程】：",B,Doubao-1.5-Thinking,"【思考过程】：人道终点原则要求在实验动物出现不可接受的痛苦或达到预先设定的终点时，及时终止实验以避免不必要的伤害。分析各选项：  
- A选项错误，人道终点通常在实验方案中预先设定，达到标准时研究人员应直接终止，无需每次经伦理委员会特别许可。  
- B选项正确，实验目标达成后提前终止可减少动物痛苦，符合人道终点原则。  
- C选项错误，允许动物自然死亡可能导致额外痛苦，违背人道终点要求。  
- D选项错误，镇痛药物的使用需根据实验设计和伦理评估，并非“全程强制”；安乐死应在必要时实施，而非强制要求“全程使用镇痛后”。  

【最终答案】：B",客观题,B
动物实验,"你是一个严格按照要求答题的医学考试考生。请你先展示出完整的思考过程，然后再输出最终答案。每道题目有至少两个选项（A、B）至多五个选项（A、B、C、D、E），题目为不定项选择题，请按照以下格式作答：

【思考过程】：...

【最终答案】：AB / BCE / CD / DE / E / ...（只输出选项的编号，不要写选项内容）

示例：
题目：医疗伦理中四大基本原则是？
A.尊重自主权
B.善意行为
C.无害原则
D.公正原则
E.以上都不是
【思考过程】：本题考查医学伦理的四大基本原则，包括尊重自主权、不伤害原则、行善原则、公正原则。

【最终答案】：ABCD

题目：在人道终点计划中,必须合理解释以下哪些内容？
A.使用濒死/死亡的替代方法; B.允许濒死动物的最低数量依据; C.濒死动物是否采取止痛措施; D.未实施安乐死的濒死期数据采集说明
【思考过程】：",BD,Doubao-1.5-Thinking,"【思考过程】：人道终点计划旨在减少实验动物的痛苦，需对关键环节进行合理解释。A选项“使用濒死/死亡的替代方法”涉及是否有非致死手段达成实验目的，是计划的重要伦理考量；B选项“允许濒死动物的最低数量依据”需科学说明数量设定的合理性，避免不必要的动物痛苦；C选项“濒死动物是否采取止痛措施”直接关系动物福利，必须明确；D选项“未实施安乐死的濒死期数据采集说明”需解释未安乐死的必要性，确保数据采集的合理性与动物痛苦最小化。因此，四个选项均需合理解释。

【最终答案】：ABCD",客观题,ABCD
动物实验,"你是一个严格按照要求答题的医学考试考生。请你先展示出完整的思考过程，然后再输出最终答案。每道题目有至少两个选项（A、B）至多五个选项（A、B、C、D、E），题目为不定项选择题，请按照以下格式作答：

【思考过程】：...

【最终答案】：AB / BCE / CD / DE / E / ...（只输出选项的编号，不要写选项内容）

示例：
题目：医疗伦理中四大基本原则是？
A.尊重自主权
B.善意行为
C.无害原则
D.公正原则
E.以上都不是
【思考过程】：本题考查医学伦理的四大基本原则，包括尊重自主权、不伤害原则、行善原则、公正原则。

【最终答案】：ABCD

题目：以下哪项做法违反了动物实验中人道终点选择的相关法规要求？
A.在实验中对动物的疼痛、焦虑进行全面评估并于濒死前终止实验
B.仅监测动物的疼痛和痛苦，未关注其抑郁状态但仍在死亡前结束实验
C.在充分满足科研目标的前提下提前终止已出现严重发病症状的动物实验
D.为确保数据完整性，在动物死亡后记录全部病理反应再结束实验
【思考过程】：",BD,Doubao-1.5-Thinking,"【思考过程】：动物实验中人道终点的核心要求是尽量减少实验动物的痛苦，避免其承受不必要的折磨，应在动物出现严重痛苦或濒死前及时终止实验，而非等到动物死亡。  
- 选项A：全面评估疼痛和焦虑并在濒死前终止实验，符合减少痛苦的要求，不违反法规。  
- 选项B：虽未关注抑郁状态，但最终在死亡前结束实验，未明确因未监测抑郁导致痛苦延长，不违反核心要求。  
- 选项C：提前终止已出现严重发病症状的实验（在满足科研目标前提下），符合减少痛苦的原则，不违反法规。  
- 选项D：为确保数据完整性，待动物死亡后再结束实验，导致动物承受了不必要的痛苦直至死亡，明显违反人道终点要求。  

【最终答案】：D",客观题,D
动物实验,"你是一个严格按照要求答题的医学考试考生。请你先展示出完整的思考过程，然后再输出最终答案。每道题目有至少两个选项（A、B）至多五个选项（A、B、C、D、E），题目为不定项选择题，请按照以下格式作答：

【思考过程】：...

【最终答案】：AB / BCE / CD / DE / E / ...（只输出选项的编号，不要写选项内容）

示例：
题目：医疗伦理中四大基本原则是？
A.尊重自主权
B.善意行为
C.无害原则
D.公正原则
E.以上都不是
【思考过程】：本题考查医学伦理的四大基本原则，包括尊重自主权、不伤害原则、行善原则、公正原则。

【最终答案】：ABCD

题目：关于动物实验计划的制定形式，下列描述正确的是？
A.必须独立成文且与实验方案完全分离
B.无需专门制定计划但需口头说明
C.可作为实验方案中的一部分
D.需要定期重新制定但无需原有计划存档
【思考过程】：",C,Doubao-1.5-Thinking,"【思考过程】：动物实验计划的制定需符合伦理和管理规范。根据相关规定，动物实验计划通常需要明确且书面记录，但并非必须独立成文与实验方案完全分离（A错误）；口头说明不符合书面审查要求（B错误）；计划可作为实验方案的一部分整合制定（C正确）；定期重新制定时需保留原有计划存档以备追溯（D错误）。

【最终答案】：C",客观题,C
动物实验,"你是一个严格按照要求答题的医学考试考生。请你先展示出完整的思考过程，然后再输出最终答案。每道题目有至少两个选项（A、B）至多五个选项（A、B、C、D、E），题目为不定项选择题，请按照以下格式作答：

【思考过程】：...

【最终答案】：AB / BCE / CD / DE / E / ...（只输出选项的编号，不要写选项内容）

示例：
题目：医疗伦理中四大基本原则是？
A.尊重自主权
B.善意行为
C.无害原则
D.公正原则
E.以上都不是
【思考过程】：本题考查医学伦理的四大基本原则，包括尊重自主权、不伤害原则、行善原则、公正原则。

【最终答案】：ABCD

题目：在制定动物实验计划时，哪些内容必须明确列出？
A.实验的科学目的
B.试验参与人员的资质证明
C.主要评价指标的时间进程
D.终止动物实验的判定时机
E.超重度疼痛标准的人道终点科学依据
【思考过程】：",ACDE,Doubao-1.5-Thinking,"【思考过程】：制定动物实验计划时，需确保科学性和动物福利。根据相关伦理与管理规范：  
- 选项A“实验的科学目的”是实验的基础，必须明确以确保实验的合理性；  
- 选项B“试验参与人员的资质证明”通常属于实验申请时的审核材料，而非实验计划本身必须明确列出的内容；  
- 选项C“主要评价指标的时间进程”是实验设计的关键，需明确以保证结果可分析和可重复；  
- 选项D“终止动物实验的判定时机”涉及动物福利，必须明确以避免不必要的痛苦；  
- 选项E“超重度疼痛标准的人道终点科学依据”是伦理审查的重点，需科学依据支持以确保人道性。  

【最终答案】：ACDE",客观题,ACDE
动物实验,"你是一个严格按照要求答题的医学考试考生。请你先展示出完整的思考过程，然后再输出最终答案。每道题目有至少两个选项（A、B）至多五个选项（A、B、C、D、E），题目为不定项选择题，请按照以下格式作答：

【思考过程】：...

【最终答案】：AB / BCE / CD / DE / E / ...（只输出选项的编号，不要写选项内容）

示例：
题目：医疗伦理中四大基本原则是？
A.尊重自主权
B.善意行为
C.无害原则
D.公正原则
E.以上都不是
【思考过程】：本题考查医学伦理的四大基本原则，包括尊重自主权、不伤害原则、行善原则、公正原则。

【最终答案】：ABCD

题目：根据相关法规，制定实验动物观察计划时必须考量以下哪项因素？
A.实验所需资金预算
B.实验的具体类型
C.动物的品种及体重
D.实验研究内容的核心步骤
E.动物预期要承受的疼痛影响程度
【思考过程】：",BDE,Doubao-1.5-Thinking,"【思考过程】：制定实验动物观察计划的核心目的是保障实验动物的福利，确保实验过程中能及时监测动物状态并采取必要措施。根据相关法规（如《实验动物管理条例》及伦理指南），需重点考量与动物健康、实验影响直接相关的因素：  
- 选项B（实验的具体类型）：不同实验类型（如毒性实验、行为学实验）的观察指标和频率需针对性调整，是制定观察计划的基础。  
- 选项C（动物的品种及体重）：不同品种、体重的动物生理特征和对实验的反应存在差异（如小鼠与大鼠的正常体温范围不同），需据此设定观察标准。  
- 选项D（实验研究内容的核心步骤）：核心步骤（如手术、给药）是动物可能出现异常的关键时间点，需重点监测。  
- 选项E（动物预期要承受的疼痛影响程度）：疼痛程度直接关系动物福利，需根据疼痛评估结果调整观察频率（如高疼痛实验需更频繁观察）或采取镇痛措施。  
选项A（实验所需资金预算）属于实验管理的经济层面，与观察计划的科学和伦理要求无直接关联，非必须考量因素。  

【最终答案】：BCDE",客观题,BCDE
动物实验,"你是一个严格按照要求答题的医学考试考生。请你先展示出完整的思考过程，然后再输出最终答案。每道题目有至少两个选项（A、B）至多五个选项（A、B、C、D、E），题目为不定项选择题，请按照以下格式作答：

【思考过程】：...

【最终答案】：AB / BCE / CD / DE / E / ...（只输出选项的编号，不要写选项内容）

示例：
题目：医疗伦理中四大基本原则是？
A.尊重自主权
B.善意行为
C.无害原则
D.公正原则
E.以上都不是
【思考过程】：本题考查医学伦理的四大基本原则，包括尊重自主权、不伤害原则、行善原则、公正原则。

【最终答案】：ABCD

题目：当实验动物达到人道终点时，以下哪种情况必须规定安乐死的时机和方式？
A.动物表现出疼痛但能通过药物有效控制
B.能够通过手术完全解除动物的痛苦
C.无法以任何方式解除动物的疼痛或痛苦
D.实验尚未结束但动物处于轻度不适中
【思考过程】：",C,Doubao-1.5-Thinking,"【思考过程】：实验动物人道终点的核心是当动物的痛苦或伤害达到无法接受的程度时，需实施安乐死以避免不必要的痛苦。分析各选项：  
- A选项中疼痛可通过药物有效控制，说明痛苦可缓解，无需立即安乐死；  
- B选项中手术能完全解除痛苦，可通过治疗而非安乐死解决；  
- C选项中疼痛或痛苦无法以任何方式解除，符合人道终点的定义，必须规定安乐死；  
- D选项中动物仅处于轻度不适，未达到需安乐死的严重程度。  

【最终答案】：C",客观题,C
动物实验,"你是一个严格按照要求答题的医学考试考生。请你先展示出完整的思考过程，然后再输出最终答案。每道题目有至少两个选项（A、B）至多五个选项（A、B、C、D、E），题目为不定项选择题，请按照以下格式作答：

【思考过程】：...

【最终答案】：AB / BCE / CD / DE / E / ...（只输出选项的编号，不要写选项内容）

示例：
题目：医疗伦理中四大基本原则是？
A.尊重自主权
B.善意行为
C.无害原则
D.公正原则
E.以上都不是
【思考过程】：本题考查医学伦理的四大基本原则，包括尊重自主权、不伤害原则、行善原则、公正原则。

【最终答案】：ABCD

题目：以下哪项是IACUC在审批人道终点时需要审核的信息？
A.参与人员的年龄分布
B.制定动物奖励机制
C.观察频率的设定
D.人员分工的安排
E.提供动物娱乐设施
【思考过程】：",CD,Doubao-1.5-Thinking,"【思考过程】：IACUC（实验动物管理和使用委员会）在审批人道终点时，主要关注如何确保实验动物在达到不可接受的痛苦或伤害前被及时终止实验，以减少其痛苦。观察频率的设定（选项C）直接影响能否及时识别动物是否达到人道终点，因此是需要审核的关键信息。其他选项中，参与人员的年龄分布（A）、人员分工的安排（D）与人道终点的判断无关；动物奖励机制（B）和娱乐设施（E）属于动物日常管理或训练范畴，并非人道终点审核的核心内容。

【最终答案】：C",客观题,C
动物实验,"你是一个严格按照要求答题的医学考试考生。请你先展示出完整的思考过程，然后再输出最终答案。每道题目有至少两个选项（A、B）至多五个选项（A、B、C、D、E），题目为不定项选择题，请按照以下格式作答：

【思考过程】：...

【最终答案】：AB / BCE / CD / DE / E / ...（只输出选项的编号，不要写选项内容）

示例：
题目：医疗伦理中四大基本原则是？
A.尊重自主权
B.善意行为
C.无害原则
D.公正原则
E.以上都不是
【思考过程】：本题考查医学伦理的四大基本原则，包括尊重自主权、不伤害原则、行善原则、公正原则。

【最终答案】：ABCD

题目：以下哪项信息是人道终点审批时IACUC必须获取的内容？
A.是否使用镇痛药物的详细记录
B.研究开始前明确的人员分工情况
C.动物遭受痛苦最严重的时间点判断依据
D.动物饲养环境的温湿度标准
E.观察频次在研究周期和痛苦期的具体规定
【思考过程】：",BCE,Doubao-1.5-Thinking,"【思考过程】：人道终点审批的核心是确保实验动物在达到预定痛苦或不适程度时能及时终止实验，减轻痛苦。IACUC需审核与痛苦评估、观察和终止标准相关的关键信息：  
- 选项A：“是否使用镇痛药物的详细记录”更多是实验实施后的记录，而非审批时需获取的计划内容，故不选。  
- 选项B：“研究开始前明确的人员分工情况”属于实验方案的一般内容，与人道终点的痛苦评估无直接关联，故不选。  
- 选项C：“动物遭受痛苦最严重的时间点判断依据”是确定终止实验的科学依据，IACUC需确认其合理性，故需获取。  
- 选项D：“动物饲养环境的温湿度标准”属于日常饲养管理要求，非人终点审批的核心内容，故不选。  
- 选项E：“观察频次在研究周期和痛苦期的具体规定”是确保及时发现动物达到人道终点的关键，IACUC需审核其可行性，故需获取。  

【最终答案】：CE",客观题,CE
动物实验,"你是一个严格按照要求答题的医学考试考生。请你先展示出完整的思考过程，然后再输出最终答案。每道题目有至少两个选项（A、B）至多五个选项（A、B、C、D、E），题目为不定项选择题，请按照以下格式作答：

【思考过程】：...

【最终答案】：AB / BCE / CD / DE / E / ...（只输出选项的编号，不要写选项内容）

示例：
题目：医疗伦理中四大基本原则是？
A.尊重自主权
B.善意行为
C.无害原则
D.公正原则
E.以上都不是
【思考过程】：本题考查医学伦理的四大基本原则，包括尊重自主权、不伤害原则、行善原则、公正原则。

【最终答案】：ABCD

题目：以下哪些属于IACUC审批人道终点时必须获得的信息？
A.研究团队的样本数量统计表
B.观察频率（包括重点时期）
C.饲养环境的温度范围
D.明确的处笠流程预案
E.研究人员的事先分工安排
【思考过程】：",BDE,Doubao-1.5-Thinking,"【思考过程】：IACUC（实验动物护理和使用委员会）审批人道终点时，核心关注的是如何及时、准确识别动物痛苦并采取干预措施，以减少动物不必要的痛苦。分析各选项：  
- 选项A（样本数量统计表）：属于实验设计的统计需求，与人道终点的监测和干预无直接关联，非必须。  
- 选项B（观察频率及重点时期）：明确观察频率（如每日或更密集）和重点时期（如术后关键阶段）是判断动物是否达到人道终点的基础，必须获取。  
- 选项C（饲养环境温度范围）：属于日常饲养条件，与人道终点的具体判断和处置流程无直接关联，非必须。  
- 选项D（明确的处置流程预案）：当动物达到人道终点时，需有明确的安乐死或干预流程（如方法、操作步骤），确保及时、规范处理，必须获取。  
- 选项E（研究人员分工）：属于实验执行的人员安排，与人道终点的科学判断和伦理要求无关，非必须。  

【最终答案】：BD",客观题,BD
动物实验,"你是一个严格按照要求答题的医学考试考生。请你先展示出完整的思考过程，然后再输出最终答案。每道题目有至少两个选项（A、B）至多五个选项（A、B、C、D、E），题目为不定项选择题，请按照以下格式作答：

【思考过程】：...

【最终答案】：AB / BCE / CD / DE / E / ...（只输出选项的编号，不要写选项内容）

示例：
题目：医疗伦理中四大基本原则是？
A.尊重自主权
B.善意行为
C.无害原则
D.公正原则
E.以上都不是
【思考过程】：本题考查医学伦理的四大基本原则，包括尊重自主权、不伤害原则、行善原则、公正原则。

【最终答案】：ABCD

题目：以下哪些信息属于IACUC审批人道终点时必须获取的科学依据？
A.动物遭受意料之外的痛苦时的血液检测报告
B.预计动物从出现疼痛到死亡的时间
C.观察设备校准记录
D.研究人员分工的书面文件
E.指标列表
【思考过程】：",BDE,Doubao-1.5-Thinking,"【思考过程】：IACUC（实验动物管理与使用委员会）审批人道终点时，需确保终点基于科学依据，以平衡实验科学性与动物福利。关键科学依据包括：预先确定的疼痛/损伤进展时间、具体可观测的指标等。  
- 选项A：“意料之外的痛苦”的血液检测报告属于意外情况记录，非预先设定的科学依据，不选。  
- 选项B：“预计动物从出现疼痛到死亡的时间”是设定人道终点的关键科学依据（需明确疼痛进展的时间进程以避免过长痛苦），应选。  
- 选项C：“观察设备校准记录”属于实验操作规范，与“科学依据”无直接关联，不选。  
- 选项D：“研究人员分工文件”属行政管理内容，与人道终点的科学依据无关，不选。  
- 选项E：“指标列表”是人道终点的核心（需明确具体终止实验的指标，如体重下降、行为变化等），应选。  

【最终答案】：BE",客观题,BE
动物实验,"你是一个严格按照要求答题的医学考试考生。请你先展示出完整的思考过程，然后再输出最终答案。每道题目有至少两个选项（A、B）至多五个选项（A、B、C、D、E），题目为不定项选择题，请按照以下格式作答：

【思考过程】：...

【最终答案】：AB / BCE / CD / DE / E / ...（只输出选项的编号，不要写选项内容）

示例：
题目：医疗伦理中四大基本原则是？
A.尊重自主权
B.善意行为
C.无害原则
D.公正原则
E.以上都不是
【思考过程】：本题考查医学伦理的四大基本原则，包括尊重自主权、不伤害原则、行善原则、公正原则。

【最终答案】：ABCD

题目：作为人道终点审批的科学依据，IACUC应获取以下哪些信息？
A.研究开展后动物活动区域的环境监测数据
B.动物从出现疼痛或应激到死亡的预计时间
C.动物是否达到每日饮食摄入标准
D.痛苦最严重时间点的预测依据
E.观察结果报告制度的建立情况
【思考过程】：",BDE,Doubao-1.5-Thinking,"【思考过程】：人道终点审批的科学依据主要关注实验动物痛苦进程的预测与评估，以确保在不可逆转的严重痛苦前合理终止实验。分析各选项：  
- 选项A（环境监测数据）：属于动物饲养的基础条件，非直接关联人道终点的科学依据。  
- 选项B（疼痛或应激到死亡的预计时间）：需明确痛苦发展至死亡的时间，以确定提前终止的合理节点，是科学依据。  
- 选项C（饮食摄入标准）：饮食是健康指标之一，但未直接反映痛苦程度，非关键科学依据。  
- 选项D（痛苦最严重时间点的预测依据）：需预测痛苦峰值时间，确保在最严重前终止，是核心科学依据。  
- 选项E（观察报告制度）：属于管理执行层面，非科学依据本身。  

因此，IACUC需获取的科学依据为B和D。

【最终答案】：BD",客观题,BD
动物实验,"你是一个严格按照要求答题的医学考试考生。请你先展示出完整的思考过程，然后再输出最终答案。每道题目有至少两个选项（A、B）至多五个选项（A、B、C、D、E），题目为不定项选择题，请按照以下格式作答：

【思考过程】：...

【最终答案】：AB / BCE / CD / DE / E / ...（只输出选项的编号，不要写选项内容）

示例：
题目：医疗伦理中四大基本原则是？
A.尊重自主权
B.善意行为
C.无害原则
D.公正原则
E.以上都不是
【思考过程】：本题考查医学伦理的四大基本原则，包括尊重自主权、不伤害原则、行善原则、公正原则。

【最终答案】：ABCD

题目：以下哪项不属于IACUC作为人道终点审批需要获得的科学依据？
A.人道终点的科学合理性
B.动物出现疼痛或应激到死亡的时间预测
C.明确的人员分工
D.确定动物的疼痛阈值
E.观察和记录人员名单
【思考过程】：",D,Doubao-1.5-Thinking,"【思考过程】：IACUC（实验动物管理与使用委员会）审批人道终点时，需要的科学依据应围绕动物痛苦评估、终点设定的科学性展开。分析各选项：  
- A（人道终点的科学合理性）：直接涉及终点设定的科学性，属于科学依据。  
- B（动物出现疼痛或应激到死亡的时间预测）：需通过科学数据预测干预时机，属于科学依据。  
- C（明确的人员分工）：属于操作管理流程，与科学依据无关。  
- D（确定动物的疼痛阈值）：需科学测定疼痛临界值，属于科学依据。  
- E（观察和记录人员名单）：属于人员安排的管理内容，非科学依据。  

因此，C和E不属于科学依据。

【最终答案】：CE",客观题,CE
动物实验,"你是一个严格按照要求答题的医学考试考生。请你先展示出完整的思考过程，然后再输出最终答案。每道题目有至少两个选项（A、B）至多五个选项（A、B、C、D、E），题目为不定项选择题，请按照以下格式作答：

【思考过程】：...

【最终答案】：AB / BCE / CD / DE / E / ...（只输出选项的编号，不要写选项内容）

示例：
题目：医疗伦理中四大基本原则是？
A.尊重自主权
B.善意行为
C.无害原则
D.公正原则
E.以上都不是
【思考过程】：本题考查医学伦理的四大基本原则，包括尊重自主权、不伤害原则、行善原则、公正原则。

【最终答案】：ABCD

题目：下列哪一项不属于IACUC要求人道终点审批时必须评估的内容？
A.人道终点的科学合理性
B.观察和记录人员名单
C.动物遭受意料之外的痛苦时的处理流程
D.研究人员是否具备动物观察能力
E.项目成本效益分析
【思考过程】：",E,Doubao-1.5-Thinking,"【思考过程】：IACUC（实验动物管理与使用委员会）在审批人道终点时，核心是确保动物福利和实验伦理，需评估人道终点的科学合理性（A）、观察记录人员的资质（B）、意外痛苦的处理流程（C）、研究人员的观察能力（D）等。而项目成本效益分析（E）属于项目经济或资源评估范畴，并非IACUC关注的动物福利和伦理核心内容。

【最终答案】：E",客观题,E
动物实验,"你是一个严格按照要求答题的医学考试考生。请你先展示出完整的思考过程，然后再输出最终答案。每道题目有至少两个选项（A、B）至多五个选项（A、B、C、D、E），题目为不定项选择题，请按照以下格式作答：

【思考过程】：...

【最终答案】：AB / BCE / CD / DE / E / ...（只输出选项的编号，不要写选项内容）

示例：
题目：医疗伦理中四大基本原则是？
A.尊重自主权
B.善意行为
C.无害原则
D.公正原则
E.以上都不是
【思考过程】：本题考查医学伦理的四大基本原则，包括尊重自主权、不伤害原则、行善原则、公正原则。

【最终答案】：ABCD

题目：IACUC在审批人道终点时，需要获得以下哪些信息作为科学依据？
A.从实验开始至动物死亡的时间
B.观察和记录人员名单
C.是否定期反馈动物痛苦程度
D.研究开展前的明确人员分工
E.意外痛苦时的安乐死流程
【思考过程】：",BDE,Doubao-1.5-Thinking,"【思考过程】：IACUC（实验动物护理和使用委员会）在审批人道终点时，核心是确保实验设计能科学、合理地减少动物痛苦。人道终点的关键在于明确评估动物痛苦的机制和应对措施。  
- 选项A（从实验开始至动物死亡的时间）：关注的是自然死亡时间，与人道终点（提前终止实验以避免痛苦）无关，非必要科学依据。  
- 选项B（观察和记录人员名单）：属于操作流程的管理信息，非科学依据本身。  
- 选项C（是否定期反馈动物痛苦程度）：定期反馈是评估动物痛苦程度的关键机制，属于科学依据（需证明有监测痛苦的方法）。  
- 选项D（研究开展前的明确人员分工）：属于实验管理的分工安排，非科学依据。  
- 选项E（意外痛苦时的安乐死流程）：明确意外痛苦时的处理措施（如安乐死）是人道终点的核心要求，属于科学依据（需证明有应对痛苦的具体方法）。  

【最终答案】：CE",客观题,CE
动物实验,"你是一个严格按照要求答题的医学考试考生。请你先展示出完整的思考过程，然后再输出最终答案。每道题目有至少两个选项（A、B）至多五个选项（A、B、C、D、E），题目为不定项选择题，请按照以下格式作答：

【思考过程】：...

【最终答案】：AB / BCE / CD / DE / E / ...（只输出选项的编号，不要写选项内容）

示例：
题目：医疗伦理中四大基本原则是？
A.尊重自主权
B.善意行为
C.无害原则
D.公正原则
E.以上都不是
【思考过程】：本题考查医学伦理的四大基本原则，包括尊重自主权、不伤害原则、行善原则、公正原则。

【最终答案】：ABCD

题目：以下哪些属于IACUC在人道终点审批时必须获得的科学依据信息？
A.预计动物出现疼痛后的人道干预时间
B.动物疼痛缓解药物的标准化使用流程
C.研究人员家属的联系方式
D.若未知动物痛苦持续时间是否需要开展预实验
E.实验中未预期的动物痛苦处置流程
【思考过程】：",DE,Doubao-1.5-Thinking,"【思考过程】：IACUC（实验动物管理与使用委员会）在审批人道终点时，需确保设定的终点科学合理，能有效减少动物痛苦。分析各选项：  
- 选项A：预计动物出现疼痛后的人道干预时间是人道终点的核心，需明确干预时机以避免延迟痛苦，属于必须的科学依据。  
- 选项B：疼痛缓解药物的标准化使用流程是确保药物使用科学、规范的必要信息，避免无效或不当使用导致痛苦未缓解，属于必须。  
- 选项C：研究人员家属的联系方式与人道终点的科学依据无关，无需获取。  
- 选项D：若未知动物痛苦持续时间，需通过预实验获取数据支持终点设定，属于科学依据的必要信息。  
- 选项E：未预期的动物痛苦处置流程是应对实验突发情况的必要措施，确保及时处理额外痛苦，属于必须的科学依据。  

【最终答案】：ABDE",客观题,ABDE
动物实验,"你是一个严格按照要求答题的医学考试考生。请你先展示出完整的思考过程，然后再输出最终答案。每道题目有至少两个选项（A、B）至多五个选项（A、B、C、D、E），题目为不定项选择题，请按照以下格式作答：

【思考过程】：...

【最终答案】：AB / BCE / CD / DE / E / ...（只输出选项的编号，不要写选项内容）

示例：
题目：医疗伦理中四大基本原则是？
A.尊重自主权
B.善意行为
C.无害原则
D.公正原则
E.以上都不是
【思考过程】：本题考查医学伦理的四大基本原则，包括尊重自主权、不伤害原则、行善原则、公正原则。

【最终答案】：ABCD

题目：实验负责人需确保参与实验的人员符合以下哪项要求？
A.完成人道终点相关安全操作演练
B.参加人道终点定期讲座
C.签署动物实验知情同意书
D.通过人道终点知识考核
E.接受人道终点知识培训
【思考过程】：",DE,Doubao-1.5-Thinking,"【思考过程】：本题考查实验中人道终点相关人员的要求。人道终点旨在减少实验动物痛苦，参与人员需具备相关知识和操作能力。分析各选项：  
- A（完成人道终点相关安全操作演练）：操作演练是确保人员掌握实际操作技能的必要环节，正确。  
- B（参加人道终点定期讲座）：定期讲座可能属于培训形式之一，但“定期”并非硬性要求，题目未强调“定期”必要性，不选。  
- C（签署动物实验知情同意书）：知情同意书适用于人类受试者，动物实验无此要求，错误。  
- D（通过人道终点知识考核）：考核是验证人员知识掌握程度的关键，正确。  
- E（接受人道终点知识培训）：培训是基础，确保人员具备理论知识，正确。  

【最终答案】：ADE",客观题,ADE
动物实验,"你是一个严格按照要求答题的医学考试考生。请你先展示出完整的思考过程，然后再输出最终答案。每道题目有至少两个选项（A、B）至多五个选项（A、B、C、D、E），题目为不定项选择题，请按照以下格式作答：

【思考过程】：...

【最终答案】：AB / BCE / CD / DE / E / ...（只输出选项的编号，不要写选项内容）

示例：
题目：医疗伦理中四大基本原则是？
A.尊重自主权
B.善意行为
C.无害原则
D.公正原则
E.以上都不是
【思考过程】：本题考查医学伦理的四大基本原则，包括尊重自主权、不伤害原则、行善原则、公正原则。

【最终答案】：ABCD

题目：在动物实验中，当出现未曾预料的剧烈疼痛导致痛苦程度明显超过预先评估阈值时，正确的操作流程是什么？
A.立即终止实验并销毁实验数据
B.如实记录疼痛现象但继续实验流程
C.记录现象后未与兽医沟通直接终止实验
D.汇报研究人员并等待会议讨论处理方案
E.详细记录后报告兽医并经评估提前终止实验
【思考过程】：",E,Doubao-1.5-Thinking,"【思考过程】：本题考查动物实验中对未预料剧烈疼痛的处理规范。根据动物实验伦理要求，当出现未预期的剧烈疼痛且痛苦程度显著超过预先评估阈值时，正确操作应包括：首先详细记录疼痛现象（确保科学记录完整性），然后需报告专业兽医进行评估（因兽医具备处理动物疼痛的专业知识），经评估后若确认痛苦程度过高，应提前终止实验以减少动物痛苦。选项分析：A（销毁数据）不符合科学记录要求；B（继续实验）违背减少动物痛苦原则；C（未沟通兽医直接终止）缺乏专业评估环节；D（等待会议讨论）可能延误处理；E（记录后报告兽医并评估终止）符合规范流程。

【最终答案】：E",客观题,E
动物实验,"你是一个严格按照要求答题的医学考试考生。请你先展示出完整的思考过程，然后再输出最终答案。每道题目有至少两个选项（A、B）至多五个选项（A、B、C、D、E），题目为不定项选择题，请按照以下格式作答：

【思考过程】：...

【最终答案】：AB / BCE / CD / DE / E / ...（只输出选项的编号，不要写选项内容）

示例：
题目：医疗伦理中四大基本原则是？
A.尊重自主权
B.善意行为
C.无害原则
D.公正原则
E.以上都不是
【思考过程】：本题考查医学伦理的四大基本原则，包括尊重自主权、不伤害原则、行善原则、公正原则。

【最终答案】：ABCD

题目：在动物实验的审查和监管中，以下哪些属于需要避免的不必要伤害？
A.因实验设计缺陷引发的伤害
B.不可抗力自然因素引发的伤害
C.人员操作不当引发的偶发性伤害
D.实验操作的继发性伤害
E.实验结束后对动物的安乐死处理
【思考过程】：",ACD,Doubao-1.5-Thinking,"【思考过程】：本题考查动物实验中需要避免的不必要伤害。根据动物实验伦理原则（如3R原则），需避免人为可控制的、非必要的伤害。分析各选项：  
- **A**：实验设计缺陷引发的伤害是人为可避免的（通过优化设计），属于不必要伤害。  
- **B**：不可抗力自然因素（如地震、极端天气）引发的伤害无法预见和避免，不属于不必要伤害。  
- **C**：人员操作不当引发的偶发性伤害可通过培训或规范操作避免，属于不必要伤害。  
- **D**：实验操作的继发性伤害可能是实验必要过程中不可避免的（如手术的正常术后反应），通常不属于“不必要”。  
- **E**：实验结束后安乐死是为减少动物痛苦，符合伦理要求，不属于不必要伤害。  

因此，需避免的不必要伤害为A和C。

【最终答案】：AC",客观题,AC
动物实验,"你是一个严格按照要求答题的医学考试考生。请你先展示出完整的思考过程，然后再输出最终答案。每道题目有至少两个选项（A、B）至多五个选项（A、B、C、D、E），题目为不定项选择题，请按照以下格式作答：

【思考过程】：...

【最终答案】：AB / BCE / CD / DE / E / ...（只输出选项的编号，不要写选项内容）

示例：
题目：医疗伦理中四大基本原则是？
A.尊重自主权
B.善意行为
C.无害原则
D.公正原则
E.以上都不是
【思考过程】：本题考查医学伦理的四大基本原则，包括尊重自主权、不伤害原则、行善原则、公正原则。

【最终答案】：ABCD

题目：在采购实验动物时，需要供应商提供的资料应包括以下哪些？
A.动物疫苗接种时间表
B.实验动物合格证明
C.动物的遗传背景或来源信息
D.质量级别检测报告
E.动物历史训练记录
【思考过程】：",BCD,Doubao-1.5-Thinking,"【思考过程】：采购实验动物时，需确保动物质量符合实验要求，供应商需提供相关证明文件。实验动物合格证明（B）是证明动物来源合法、质量达标的基本文件；遗传背景或来源信息（C）对实验设计和结果分析至关重要，不同品系的遗传特性直接影响实验数据；质量级别检测报告（D）可验证动物是否符合所需质量级别（如SPF级、清洁级等）。动物疫苗接种时间表（A）通常非必需，因实验动物多在严格病原体控制环境中饲养，疫苗可能干扰实验；动物历史训练记录（E）与实验动物的核心质量要求无关，故无需提供。

【最终答案】：BCD",客观题,BCD
动物实验,"你是一个严格按照要求答题的医学考试考生。请你先展示出完整的思考过程，然后再输出最终答案。每道题目有至少两个选项（A、B）至多五个选项（A、B、C、D、E），题目为不定项选择题，请按照以下格式作答：

【思考过程】：...

【最终答案】：AB / BCE / CD / DE / E / ...（只输出选项的编号，不要写选项内容）

示例：
题目：医疗伦理中四大基本原则是？
A.尊重自主权
B.善意行为
C.无害原则
D.公正原则
E.以上都不是
【思考过程】：本题考查医学伦理的四大基本原则，包括尊重自主权、不伤害原则、行善原则、公正原则。

【最终答案】：ABCD

题目：以下哪种情形符合实验动物法规要求？
A.动物行为异常，但排除对人类有危害的病原体
B.排除对人类有危害的病原体，但生理指标异常
C.动物外观异常但经检测无致病病原体
D.动物无人类危害病原体，外观正常且生理指标正常
E.排除所有已知病原体但存在未知病毒
【思考过程】：",D,Doubao-1.5-Thinking,"【思考过程】：实验动物法规要求实验动物应健康且无对人类或实验有害的病原体，同时外观和生理指标需正常。分析各选项：  
- A选项中动物行为异常，即使无人类危害病原体，健康状态异常不符合要求；  
- B选项生理指标异常，说明动物不健康，不符合；  
- C选项外观异常，即使无致病病原体，健康状态不达标；  
- D选项动物无人类危害病原体，且外观、生理指标均正常，符合健康标准；  
- E选项存在未知病毒，可能潜在风险，不符合法规对病原体控制的要求。  

【最终答案】：D",客观题,D
动物实验,"你是一个严格按照要求答题的医学考试考生。请你先展示出完整的思考过程，然后再输出最终答案。每道题目有至少两个选项（A、B）至多五个选项（A、B、C、D、E），题目为不定项选择题，请按照以下格式作答：

【思考过程】：...

【最终答案】：AB / BCE / CD / DE / E / ...（只输出选项的编号，不要写选项内容）

示例：
题目：医疗伦理中四大基本原则是？
A.尊重自主权
B.善意行为
C.无害原则
D.公正原则
E.以上都不是
【思考过程】：本题考查医学伦理的四大基本原则，包括尊重自主权、不伤害原则、行善原则、公正原则。

【最终答案】：ABCD

题目：以下做法是否符合规定？实验室对患非传染病的动物未经检查和科学论证就决定将其淘汰。
A.正确
B.错误
【思考过程】：",B,Doubao-1.5-Thinking,"【思考过程】：根据实验动物管理的相关规定和伦理要求，处理实验动物需遵循科学、伦理原则。即使动物患非传染病，也需经过必要的检查和科学论证后再决定是否淘汰。未经检查和论证直接淘汰不符合规定。

【最终答案】：B",客观题,B
动物实验,"你是一个严格按照要求答题的医学考试考生。请你先展示出完整的思考过程，然后再输出最终答案。每道题目有至少两个选项（A、B）至多五个选项（A、B、C、D、E），题目为不定项选择题，请按照以下格式作答：

【思考过程】：...

【最终答案】：AB / BCE / CD / DE / E / ...（只输出选项的编号，不要写选项内容）

示例：
题目：医疗伦理中四大基本原则是？
A.尊重自主权
B.善意行为
C.无害原则
D.公正原则
E.以上都不是
【思考过程】：本题考查医学伦理的四大基本原则，包括尊重自主权、不伤害原则、行善原则、公正原则。

【最终答案】：ABCD

题目：在动物实验中，以下哪些要求必须遵守？（多选）
A.笼具采用PVC材质即可通过验收
B.笼具质检需同时满足GB 14925和GB/T 35892
C.实验中必须使用双层不锈钢笼具以保证硬度
D.在确保实验有效性的情况下为动物提供攀爬玩具
E.长期实验应减少动物饲料以控制笼具清洁度
【思考过程】：",BD,Doubao-1.5-Thinking,"【思考过程】：本题考查动物实验的基本要求和伦理规范。  
- 选项A错误：笼具材质需符合相关标准，仅采用PVC材质无法直接通过验收，需满足具体技术要求。  
- 选项B正确：GB 14925（实验动物环境及设施）和GB/T 35892（实验动物笼具通用要求）是笼具质检的核心国家标准，需同时满足。  
- 选项C错误：笼具材质（如不锈钢）需根据实验需求选择，“必须使用双层不锈钢”无强制规定。  
- 选项D正确：为动物提供攀爬玩具属于环境丰富化措施，符合实验动物福利要求（在不影响实验有效性的前提下）。  
- 选项E错误：减少饲料会损害动物健康，违反动物福利原则；控制清洁度应通过及时清理而非限制饮食。  

【最终答案】：BD",客观题,BD
动物实验,"你是一个严格按照要求答题的医学考试考生。请你先展示出完整的思考过程，然后再输出最终答案。每道题目有至少两个选项（A、B）至多五个选项（A、B、C、D、E），题目为不定项选择题，请按照以下格式作答：

【思考过程】：...

【最终答案】：AB / BCE / CD / DE / E / ...（只输出选项的编号，不要写选项内容）

示例：
题目：医疗伦理中四大基本原则是？
A.尊重自主权
B.善意行为
C.无害原则
D.公正原则
E.以上都不是
【思考过程】：本题考查医学伦理的四大基本原则，包括尊重自主权、不伤害原则、行善原则、公正原则。

【最终答案】：ABCD

题目：下列哪项措施属于动物实验中饲养设备及用具的日常管理要求？
A.定时清洁并记录时间
B.根据材料老化周期更换
C.定期使用紫外线消毒
D.每年两次全面检修
E.自主延长使用周期以减少成本
【思考过程】：",ABC,Doubao-1.5-Thinking,"【思考过程】：本题考查动物实验中饲养设备及用具的日常管理要求。日常管理需关注设备的清洁、消毒、维护及合理使用等。  
- 选项A“定时清洁并记录时间”：日常清洁是维持饲养环境的基本要求，且记录时间符合规范管理，属于日常管理。  
- 选项B“根据材料老化周期更换”：设备和用具因长期使用会老化，按老化周期更换是确保其功能正常的必要措施，属于日常管理。  
- 选项C“定期使用紫外线消毒”：消毒是控制微生物污染的关键，定期紫外线消毒是日常管理的重要内容。  
- 选项D“每年两次全面检修”：全面检修属于定期维护，频率较低（每年两次），不属于“日常”管理范畴。  
- 选项E“自主延长使用周期以减少成本”：延长使用周期可能导致设备老化或污染，违反规范管理要求，错误。  

【最终答案】：ABC",客观题,ABC
动物实验,"你是一个严格按照要求答题的医学考试考生。请你先展示出完整的思考过程，然后再输出最终答案。每道题目有至少两个选项（A、B）至多五个选项（A、B、C、D、E），题目为不定项选择题，请按照以下格式作答：

【思考过程】：...

【最终答案】：AB / BCE / CD / DE / E / ...（只输出选项的编号，不要写选项内容）

示例：
题目：医疗伦理中四大基本原则是？
A.尊重自主权
B.善意行为
C.无害原则
D.公正原则
E.以上都不是
【思考过程】：本题考查医学伦理的四大基本原则，包括尊重自主权、不伤害原则、行善原则、公正原则。

【最终答案】：ABCD

题目：动物饲养用具在实验完成或闲置多久后，需重新清洗消毒方可使用？
A.3周
B.1个月
C.2个月
D.3个月
E.无需处理直接使用
【思考过程】：",C,Doubao-1.5-Thinking,"【思考过程】：实验动物饲养用具的清洗消毒管理需依据相关规范。根据实验动物环境与设施的国家标准（如GB 14925-2010），动物饲养用具在实验完成或闲置后，若超过一定时间未使用，再次使用前需重新清洗消毒。通常规定闲置超过1个月（30天）时，微生物滋生风险显著增加，需重新处理。其他选项中，3周时间过短，2个月或3个月超过标准要求，E选项无需处理直接使用不符合卫生要求。

【最终答案】：B",客观题,B
动物实验,"你是一个严格按照要求答题的医学考试考生。请你先展示出完整的思考过程，然后再输出最终答案。每道题目有至少两个选项（A、B）至多五个选项（A、B、C、D、E），题目为不定项选择题，请按照以下格式作答：

【思考过程】：...

【最终答案】：AB / BCE / CD / DE / E / ...（只输出选项的编号，不要写选项内容）

示例：
题目：医疗伦理中四大基本原则是？
A.尊重自主权
B.善意行为
C.无害原则
D.公正原则
E.以上都不是
【思考过程】：本题考查医学伦理的四大基本原则，包括尊重自主权、不伤害原则、行善原则、公正原则。

【最终答案】：ABCD

题目：根据北京市相关规定，动物实验中必须进行无害化处理的废弃物包括以下哪些项目？
A.污水
B.污物
C.废气
D.动物尸体
E.实验废液
【思考过程】：",ABCD,Doubao-1.5-Thinking,"【思考过程】：根据北京市实验动物管理相关规定，动物实验中产生的各类废弃物均需进行无害化处理以防止环境污染和疾病传播。动物尸体（D）可能携带病原体，必须处理；实验废液（E）含化学或生物有害物质，需处理；污水（A）如清洗废水可能含污染物，需处理；污物（B）如污染的垫料等固体废弃物需处理；废气（C）如实验或饲养中产生的有害气体也需净化处理。因此，所有选项均属于必须无害化处理的废弃物。

【最终答案】：ABCDE",客观题,ABCDE
动物实验,"你是一个严格按照要求答题的医学考试考生。请你先展示出完整的思考过程，然后再输出最终答案。每道题目有至少两个选项（A、B）至多五个选项（A、B、C、D、E），题目为不定项选择题，请按照以下格式作答：

【思考过程】：...

【最终答案】：AB / BCE / CD / DE / E / ...（只输出选项的编号，不要写选项内容）

示例：
题目：医疗伦理中四大基本原则是？
A.尊重自主权
B.善意行为
C.无害原则
D.公正原则
E.以上都不是
【思考过程】：本题考查医学伦理的四大基本原则，包括尊重自主权、不伤害原则、行善原则、公正原则。

【最终答案】：ABCD

题目：下列哪项不属于使用保定装置时的法定要求？
A.根据动物大小和行为习性配置保定装置
B.提前对动物进行适应性训练
C.采用人员安全防护措施
D.必须超过动物福利的最低标准
E.可忽略保定前的动物行为观察
【思考过程】：",C,Doubao-1.5-Thinking,"【思考过程】：使用保定装置时的法定要求通常包括保障动物福利、人员安全以及合理操作等方面。分析各选项：  
- A项“根据动物大小和行为习性配置保定装置”：不同动物的体型和行为差异大，适配的装置是有效且安全保定的基础，属于法定要求。  
- B项“提前对动物进行适应性训练”：适应性训练可减少动物应激，符合动物福利原则，是法定要求。  
- C项“采用人员安全防护措施”：人员安全是操作的基本要求，法规会明确要求防护措施。  
- D项“必须超过动物福利的最低标准”：通常法规规定“不低于最低标准”，而非“必须超过”，但“超过”并非禁止，可能属于更高要求，需结合其他选项判断。  
- E项“可忽略保定前的动物行为观察”：保定前观察动物行为（如攻击性、应激状态）是必要操作，忽略观察可能导致危险或伤害，明显不属于法定要求。  

综上，E项是“不属于”法定要求的选项。

【最终答案】：E",客观题,E
动物实验,"你是一个严格按照要求答题的医学考试考生。请你先展示出完整的思考过程，然后再输出最终答案。每道题目有至少两个选项（A、B）至多五个选项（A、B、C、D、E），题目为不定项选择题，请按照以下格式作答：

【思考过程】：...

【最终答案】：AB / BCE / CD / DE / E / ...（只输出选项的编号，不要写选项内容）

示例：
题目：医疗伦理中四大基本原则是？
A.尊重自主权
B.善意行为
C.无害原则
D.公正原则
E.以上都不是
【思考过程】：本题考查医学伦理的四大基本原则，包括尊重自主权、不伤害原则、行善原则、公正原则。

【最终答案】：ABCD

题目：以下哪些原则属于动物实验中选择麻醉和镇痛方法时应遵循的要求？
A.麻醉和镇痛效果最好
B.毒副作用最小
C.对实验结果干扰最小
D.更为安全、经济及方便的方法
E.建有相关应急技术预案
F.优先使用成本最低的方案以节约经费
G.无需根据动物种类差异调整方法
【思考过程】：",ABCDE,Doubao-1.5-Thinking,"【思考过程】：动物实验中选择麻醉和镇痛方法时，需遵循保障动物福利、确保实验准确性及操作可行性等原则。  
- 选项A（麻醉和镇痛效果最好）：有效镇痛是减少动物痛苦的基础，必须选择效果好的方法，正确。  
- 选项B（毒副作用最小）：减少对动物的额外伤害，符合伦理要求，正确。  
- 选项C（对实验结果干扰最小）：避免因麻醉方法影响实验数据的准确性，正确。  
- 选项D（更为安全、经济及方便的方法）：安全是前提，经济和方便是实际操作的合理考量，正确。  
- 选项E（建有相关应急技术预案）：麻醉可能引发意外（如过量），需提前制定应急措施以保障动物安全，正确。  
- 选项F（优先使用成本最低的方案以节约经费）：成本不应优先于动物福利和实验质量，错误。  
- 选项G（无需根据动物种类差异调整方法）：不同动物生理特性不同，需针对性调整麻醉方法，错误。  

【最终答案】：ABCDE",客观题,ABCDE
动物实验,"你是一个严格按照要求答题的医学考试考生。请你先展示出完整的思考过程，然后再输出最终答案。每道题目有至少两个选项（A、B）至多五个选项（A、B、C、D、E），题目为不定项选择题，请按照以下格式作答：

【思考过程】：...

【最终答案】：AB / BCE / CD / DE / E / ...（只输出选项的编号，不要写选项内容）

示例：
题目：医疗伦理中四大基本原则是？
A.尊重自主权
B.善意行为
C.无害原则
D.公正原则
E.以上都不是
【思考过程】：本题考查医学伦理的四大基本原则，包括尊重自主权、不伤害原则、行善原则、公正原则。

【最终答案】：ABCD

题目：动物实验伦理审查中，以下哪些措施能够确保符合“麻醉和镇痛效果切实可靠”的要求？
A.实验全程监测动物呼吸和心率以评估镇痛深度
B.选择持续时间覆盖实验全过程的缓释麻醉剂
C.实验后检查动物无挣扎或呜叫痕迹
D.每日调整动物饮食量以匹配麻醉代谢需求
E.使用一种被国际指南推荐的麻醉剂但未核对剂量
【思考过程】：",ABC,Doubao-1.5-Thinking,"【思考过程】：本题需判断哪些措施能确保动物实验中“麻醉和镇痛效果切实可靠”。  
- 选项A：实验全程监测呼吸和心率可实时评估镇痛深度，是确保效果的关键手段，符合要求。  
- 选项B：选择持续时间覆盖实验全过程的缓释麻醉剂，能避免因麻醉失效导致动物疼痛，直接保障效果可靠。  
- 选项C：实验后检查无挣扎或呜叫痕迹，仅反映实验结束时状态，无法验证全程镇痛效果，不符合“切实可靠”的要求。  
- 选项D：调整饮食量与麻醉代谢需求的关联，属于护理范畴，不直接确保麻醉和镇痛效果。  
- 选项E：未核对剂量的麻醉剂即使被推荐，也可能因剂量不当导致效果不可靠，无法满足要求。  

【最终答案】：AB",客观题,AB
动物实验,"你是一个严格按照要求答题的医学考试考生。请你先展示出完整的思考过程，然后再输出最终答案。每道题目有至少两个选项（A、B）至多五个选项（A、B、C、D、E），题目为不定项选择题，请按照以下格式作答：

【思考过程】：...

【最终答案】：AB / BCE / CD / DE / E / ...（只输出选项的编号，不要写选项内容）

示例：
题目：医疗伦理中四大基本原则是？
A.尊重自主权
B.善意行为
C.无害原则
D.公正原则
E.以上都不是
【思考过程】：本题考查医学伦理的四大基本原则，包括尊重自主权、不伤害原则、行善原则、公正原则。

【最终答案】：ABCD

题目：在动物实验中，哪种情况下应立即实施仁慈终点或停止实验？
A.动物出现中度疼痛但实验预计24小时内完成
B.动物实验已经失败且无法获得有效数据
C.动物出现无法治愈的剧烈疼痛且实验无法继续
D.即将完成实验但需再收集一周数据
E.动物出现间歇性轻微不适但可自行恢复
【思考过程】：",BC,Doubao-1.5-Thinking,"【思考过程】：本题考查动物实验中仁慈终点或停止实验的适用情况。仁慈终点的核心是避免动物遭受不必要的痛苦，当动物出现严重痛苦或实验失去科学价值时应立即终止。分析各选项：  
- 选项A：中度疼痛且实验即将完成（24小时内），未达到“必须立即终止”的严重程度，无需立即实施。  
- 选项B：实验失败且无法获得有效数据，继续实验无科学意义，应停止以减少动物痛苦。  
- 选项C：无法治愈的剧烈疼痛且实验无法继续，动物处于不可逆转的严重痛苦中，必须立即实施仁慈终点。  
- 选项D：即将完成但需再收集一周数据，未提及动物存在严重痛苦，无需立即停止。  
- 选项E：间歇性轻微不适且可自行恢复，痛苦程度轻且可恢复，无需终止。  

【最终答案】：BC",客观题,BC
动物实验,"你是一个严格按照要求答题的医学考试考生。请你先展示出完整的思考过程，然后再输出最终答案。每道题目有至少两个选项（A、B）至多五个选项（A、B、C、D、E），题目为不定项选择题，请按照以下格式作答：

【思考过程】：...

【最终答案】：AB / BCE / CD / DE / E / ...（只输出选项的编号，不要写选项内容）

示例：
题目：医疗伦理中四大基本原则是？
A.尊重自主权
B.善意行为
C.无害原则
D.公正原则
E.以上都不是
【思考过程】：本题考查医学伦理的四大基本原则，包括尊重自主权、不伤害原则、行善原则、公正原则。

【最终答案】：ABCD

题目：在实验动物安乐死流程中，关于死亡确认环节的职责划分，以下哪项正确？
A.操作人员负责直接确认动物不可逆死亡
B.实验动物兽医师独立完成所有死亡确认
C.兽医师仅需指导操作人员进行死亡确认检查
D.未确认死亡时允许暂时存放动物
【思考过程】：",A,Doubao-1.5-Thinking,"【思考过程】：实验动物安乐死流程中，死亡确认是关键环节，需确保动物不可逆死亡以避免痛苦延续。分析各选项：  
- 选项A：操作人员经过培训后可直接确认动物不可逆死亡（如检查心跳、呼吸停止，瞳孔散大等指标），符合规范要求。  
- 选项B：“兽医师独立完成所有死亡确认”过于绝对，实际中操作人员在培训合格后可参与直接确认，并非必须由兽医师独立完成。  
- 选项C：“兽医师仅需指导”不准确，兽医师可能需监督或复核，但并非仅指导即可。  
- 选项D：未确认死亡时暂时存放动物会导致动物持续痛苦，违反安乐死原则，因此错误。  

【最终答案】：A",客观题,A
动物实验,"你是一个严格按照要求答题的医学考试考生。请你先展示出完整的思考过程，然后再输出最终答案。每道题目有至少两个选项（A、B）至多五个选项（A、B、C、D、E），题目为不定项选择题，请按照以下格式作答：

【思考过程】：...

【最终答案】：AB / BCE / CD / DE / E / ...（只输出选项的编号，不要写选项内容）

示例：
题目：医疗伦理中四大基本原则是？
A.尊重自主权
B.善意行为
C.无害原则
D.公正原则
E.以上都不是
【思考过程】：本题考查医学伦理的四大基本原则，包括尊重自主权、不伤害原则、行善原则、公正原则。

【最终答案】：ABCD

题目：以下哪项行为违反了动物安乐死操作规范？
A.在施工区域隔离区执行安乐死时，实验员独自在场处理实验犬
B.实施安乐死后未彻底消毒器械，导致医疗废物污染养殖区水源
C.让一名医学专业学生在无防护状态下旁观仓鼠安乐死过程
D.其他实验室的未受训人员进入操作室指导记录
【思考过程】：",BCD,Doubao-1.5-Thinking,"【思考过程】：动物安乐死操作规范通常涉及人员要求、消毒处理、旁观安全及操作环境管理等方面。  
- 选项A：执行安乐死时通常要求至少两人在场（确保操作安全和记录准确），实验员独自处理违反规范；  
- 选项B：未彻底消毒器械导致污染水源，违反生物安全和消毒规范；  
- 选项C：旁观人员需采取防护措施（如手套、口罩），无防护状态下旁观可能暴露于生物危害，违反安全规范；  
- 选项D：未受训人员进入操作室指导记录，可能因不熟悉流程或安全规定影响操作规范性，违反人员资质要求。  

【最终答案】：ABCD",客观题,ABCD
动物实验,"你是一个严格按照要求答题的医学考试考生。请你先展示出完整的思考过程，然后再输出最终答案。每道题目有至少两个选项（A、B）至多五个选项（A、B、C、D、E），题目为不定项选择题，请按照以下格式作答：

【思考过程】：...

【最终答案】：AB / BCE / CD / DE / E / ...（只输出选项的编号，不要写选项内容）

示例：
题目：医疗伦理中四大基本原则是？
A.尊重自主权
B.善意行为
C.无害原则
D.公正原则
E.以上都不是
【思考过程】：本题考查医学伦理的四大基本原则，包括尊重自主权、不伤害原则、行善原则、公正原则。

【最终答案】：ABCD

题目：下列哪项要求不属于动物实验数据保存的规范？
A.数据允许经过美工处理以提升可读性
B.保存期限内可重现实验步骤顺序
C.数据记录要求完整且规范
D.允许用日常口语描述关键参数
E.数据应具有可溯源性
【思考过程】：",AD,Doubao-1.5-Thinking,"动物实验数据保存的规范通常强调数据的原始性、完整性、准确性、可追溯性以及可重现性。需要判断各选项是否符合这些要求：

- **选项A**：数据允许经过美工处理以提升可读性。实验数据需保持原始性，美工处理（如修改图表比例、颜色等）可能破坏数据真实性，不符合规范要求。  
- **选项B**：保存期限内可重现实验步骤顺序。数据保存需确保实验可重复，因此记录应包含足够信息以重现步骤，属于规范要求。  
- **选项C**：数据记录要求完整且规范。完整和规范的记录是基本要求，避免遗漏关键信息，属于规范要求。  
- **选项D**：允许用日常口语描述关键参数。关键参数需准确、专业描述，日常口语可能导致歧义，不符合规范要求。  
- **选项E**：数据应具有可溯源性。可溯源性是确保数据真实性和可靠性的核心，属于规范要求。  

综上，不属于规范的要求是A和D。

【思考过程】：动物实验数据保存规范强调原始性、完整性、准确性、可追溯性及可重现性。选项A（美工处理）可能破坏数据原始性，选项D（日常口语描述关键参数）可能导致歧义，均不符合规范；其余选项（B、C、E）均符合规范要求。

【最终答案】：AD",客观题,AD
动物实验,"你是一个严格按照要求答题的医学考试考生。请你先展示出完整的思考过程，然后再输出最终答案。每道题目有至少两个选项（A、B）至多五个选项（A、B、C、D、E），题目为不定项选择题，请按照以下格式作答：

【思考过程】：...

【最终答案】：AB / BCE / CD / DE / E / ...（只输出选项的编号，不要写选项内容）

示例：
题目：医疗伦理中四大基本原则是？
A.尊重自主权
B.善意行为
C.无害原则
D.公正原则
E.以上都不是
【思考过程】：本题考查医学伦理的四大基本原则，包括尊重自主权、不伤害原则、行善原则、公正原则。

【最终答案】：ABCD

题目：以下哪些情况违反了动物实验设施管理的相关规定？
A.使用已过期三个月的实验动物许可证进行实验
B.正在申请许可证但未获得便开展实验
C.实验在许可证有效期内完成，两天后许可证过期
D.许可证有效期剩余一个月时计划下月开始长期实验
E.未取得实验动物使用许可证
【思考过程】：",ABDE,Doubao-1.5-Thinking,"【思考过程】：本题需判断哪些情况违反动物实验设施管理规定。根据相关法规，使用实验动物必须取得有效的许可证，且实验需在许可证有效期内进行。逐一分析选项：

- **选项A**：使用已过期三个月的许可证进行实验。许可证过期后即失效，继续使用属于违规。  
- **选项B**：未获得许可证便开展实验。必须取得许可证方可实验，未获得前开展实验违规。  
- **选项C**：实验在许可证有效期内完成，两天后过期。实验在有效期内完成，不违规。  
- **选项D**：许可证剩余一个月时计划下月开始长期实验。若实验开始时许可证仍在有效期内（如下月为剩余有效期的最后一个月），仅“计划”阶段未实际违规，需后续确保实验期间许可证有效，但题目未明确实验超出有效期，故不直接违规。  
- **选项E**：未取得使用许可证。未取得许可证即使用实验动物，明显违规。  

综上，违反规定的情况为A、B、E。

【最终答案】：ABE",客观题,ABE
动物实验,"你是一个严格按照要求答题的医学考试考生。请你先展示出完整的思考过程，然后再输出最终答案。每道题目有至少两个选项（A、B）至多五个选项（A、B、C、D、E），题目为不定项选择题，请按照以下格式作答：

【思考过程】：...

【最终答案】：AB / BCE / CD / DE / E / ...（只输出选项的编号，不要写选项内容）

示例：
题目：医疗伦理中四大基本原则是？
A.尊重自主权
B.善意行为
C.无害原则
D.公正原则
E.以上都不是
【思考过程】：本题考查医学伦理的四大基本原则，包括尊重自主权、不伤害原则、行善原则、公正原则。

【最终答案】：ABCD

题目：哪项做法违反了动物实验的相关法规要求？
A.实验开始前未通过伦理审查但追加提交了申请材料
B.基于科学创新性为由豁免伦理审查流程
C.主动公开审查通过的实验方案摘要
D.实验中途修改方案后重新申请审查
【思考过程】：",B,Doubao-1.5-Thinking,"【思考过程】：动物实验的相关法规要求实验必须在开始前通过伦理审查，未经审查不得开展实验，因此A选项（实验开始前未通过伦理审查但追加提交）违反规定。伦理审查是强制性流程，不能以科学创新性为由豁免，B选项违反规定。主动公开审查通过的实验方案摘要符合透明度要求，C选项不违反。实验中途修改方案后重新申请审查是合规操作，D选项不违反。

【最终答案】：AB",客观题,AB
动物实验,"你是一个严格按照要求答题的医学考试考生。请你先展示出完整的思考过程，然后再输出最终答案。每道题目有至少两个选项（A、B）至多五个选项（A、B、C、D、E），题目为不定项选择题，请按照以下格式作答：

【思考过程】：...

【最终答案】：AB / BCE / CD / DE / E / ...（只输出选项的编号，不要写选项内容）

示例：
题目：医疗伦理中四大基本原则是？
A.尊重自主权
B.善意行为
C.无害原则
D.公正原则
E.以上都不是
【思考过程】：本题考查医学伦理的四大基本原则，包括尊重自主权、不伤害原则、行善原则、公正原则。

【最终答案】：ABCD

题目：以下哪些属于动物实验应遵循的伦理原则？
A. 减少使用动物数量
B. 尊重动物自主权
C. 优化实验流程
D. 及时补充实验动物
E. 采用非动物替代方法
【思考过程】：",ACE,Doubao-1.5-Thinking,"【思考过程】：动物实验的伦理原则主要遵循“3R原则”，即Reduction（减少）、Replacement（替代）、Refinement（优化）。其中，Reduction指减少实验中使用动物的数量（对应选项A）；Replacement指采用非动物替代方法（对应选项E）；Refinement指优化实验流程以减少动物痛苦（对应选项C）。选项B“尊重动物自主权”不符合动物实验伦理的核心原则（动物无人类意义上的自主权）；选项D“及时补充实验动物”与减少原则相悖。

【最终答案】：ACE",客观题,ACE
动物实验,"你是一个严格按照要求答题的医学考试考生。请你先展示出完整的思考过程，然后再输出最终答案。每道题目有至少两个选项（A、B）至多五个选项（A、B、C、D、E），题目为不定项选择题，请按照以下格式作答：

【思考过程】：...

【最终答案】：AB / BCE / CD / DE / E / ...（只输出选项的编号，不要写选项内容）

示例：
题目：医疗伦理中四大基本原则是？
A.尊重自主权
B.善意行为
C.无害原则
D.公正原则
E.以上都不是
【思考过程】：本题考查医学伦理的四大基本原则，包括尊重自主权、不伤害原则、行善原则、公正原则。

【最终答案】：ABCD

题目：以下哪些信息属于服务机构对委托方的保密义务范围？
A.技术秘密
B.商业秘密
C.研发数据
D.客户名单
E.员工个人信息
【思考过程】：",AB,Doubao-1.5-Thinking,"【思考过程】：服务机构对委托方的保密义务通常涉及委托方的商业信息和技术信息，这些信息若泄露可能损害委托方利益。技术秘密（A）是企业核心竞争力，需保密；商业秘密（B）涵盖技术和经营信息，属于保密范围；研发数据（C）作为技术信息的一部分，委托方提供给服务机构的研发数据需保密；客户名单（D）属于经营信息中的商业秘密，是企业重要资源，需保密；员工个人信息（E）属于个人隐私，通常由委托方自身保护，非服务机构对委托方的法定保密义务范围（除非特别约定，但题目未提及）。

【最终答案】：ABCD",客观题,ABCD
动物实验,"你是一个严格按照要求答题的医学考试考生。请你先展示出完整的思考过程，然后再输出最终答案。每道题目有至少两个选项（A、B）至多五个选项（A、B、C、D、E），题目为不定项选择题，请按照以下格式作答：

【思考过程】：...

【最终答案】：AB / BCE / CD / DE / E / ...（只输出选项的编号，不要写选项内容）

示例：
题目：医疗伦理中四大基本原则是？
A.尊重自主权
B.善意行为
C.无害原则
D.公正原则
E.以上都不是
【思考过程】：本题考查医学伦理的四大基本原则，包括尊重自主权、不伤害原则、行善原则、公正原则。

【最终答案】：ABCD

题目：当动物实验方案需要修改时，以下哪一流程符合法规要求？
A.修改部分经合作单方确认即可实施
B.双方确认修改后直接执行新方案
C.修改后立即报伦理部门审查但无需双方确认
D.经合作双方确认并报伦理部门审查后修改
E.按新方案执行并事后提交报告
【思考过程】：",D,Doubao-1.5-Thinking,"【思考过程】：动物实验方案的修改需遵循伦理审查和合作双方确认的双重要求。根据相关法规，实验方案修改时，需确保修改内容经合作双方共同确认（避免单方擅自改动），同时修改后的方案必须重新提交伦理部门审查（确保符合伦理规范），审查通过后方可实施。分析各选项：A（单方确认）不符合双方确认要求；B（直接执行）未经过伦理审查；C（无需双方确认）遗漏了合作方确认环节；D（双方确认并报伦理审查）符合法规要求；E（事后提交报告）属于先执行后审查，违反事前审查原则。

【最终答案】：D",客观题,D
动物实验,"你是一个严格按照要求答题的医学考试考生。请你先展示出完整的思考过程，然后再输出最终答案。每道题目有至少两个选项（A、B）至多五个选项（A、B、C、D、E），题目为不定项选择题，请按照以下格式作答：

【思考过程】：...

【最终答案】：AB / BCE / CD / DE / E / ...（只输出选项的编号，不要写选项内容）

示例：
题目：医疗伦理中四大基本原则是？
A.尊重自主权
B.善意行为
C.无害原则
D.公正原则
E.以上都不是
【思考过程】：本题考查医学伦理的四大基本原则，包括尊重自主权、不伤害原则、行善原则、公正原则。

【最终答案】：ABCD

题目：关于动物实验记录和报告的处理方式，以下哪项符合法规要求？
A.实验记录可公开供其他机构查阅，B.服务机构密封存档实验记录，C.按服务机构内部规定的期限保存，D.无需密封但需永久保存，E.按与委托方约定的期限保存
【思考过程】：",BE,Doubao-1.5-Thinking,"【思考过程】：本题考查动物实验记录和报告的法规处理要求。根据《实验动物管理条例》《实验动物伦理审查指南》等法规，实验记录需妥善保存，保存期限通常由委托方与服务机构在合同中约定，或遵循法规最低要求（如不少于3年）。分析各选项：  
- A错误：实验记录涉及隐私或知识产权，不可随意公开供其他机构查阅。  
- B错误：存档需妥善保管，但“密封”并非法规强制要求。  
- C错误：保存期限需符合法规或约定，不能仅按服务机构内部规定。  
- D错误：“永久保存”过于严格，法规未要求永久保存。  
- E正确：实验记录的保存期限可由委托方与服务机构约定，符合法规要求。  

【最终答案】：E",客观题,E
动物实验,"你是一个严格按照要求答题的医学考试考生。请你先展示出完整的思考过程，然后再输出最终答案。每道题目有至少两个选项（A、B）至多五个选项（A、B、C、D、E），题目为不定项选择题，请按照以下格式作答：

【思考过程】：...

【最终答案】：AB / BCE / CD / DE / E / ...（只输出选项的编号，不要写选项内容）

示例：
题目：医疗伦理中四大基本原则是？
A.尊重自主权
B.善意行为
C.无害原则
D.公正原则
E.以上都不是
【思考过程】：本题考查医学伦理的四大基本原则，包括尊重自主权、不伤害原则、行善原则、公正原则。

【最终答案】：ABCD

题目：以下哪种情形违反动物实验的必要性原则？
A.为验证新药物有效性设计合理对照组实验
B.为降低研究成本重复开展已得出明确结论的实验
C.因样本量不足需要重新进行验证性实验
D.重复实验多次以提高数据统计学差异
【思考过程】：",BD,Doubao-1.5-Thinking,"【思考过程】：动物实验的必要性原则要求实验必须具有科学必要性，避免不必要的重复和动物资源浪费。分析各选项：  
- 选项A：设计合理对照组是科学实验的基本要求，属于必要设计，不违反必要性原则。  
- 选项B：重复已明确结论的实验无科学必要性，仅因降低成本重复，违反必要性原则。  
- 选项C：样本量不足导致结果不可靠，重新实验是为保证科学有效性，属于必要调整，不违反。  
- 选项D：重复实验以提高统计学差异可能涉及实验设计问题，但必要性原则更关注实验本身是否必须进行，若原实验设计合理，重复多次可能属于冗余，但题目未明确“重复多次”是否超出科学必要范围，通常不视为典型违反必要性原则的情形。  

【最终答案】：B",客观题,B
动物实验,"你是一个严格按照要求答题的医学考试考生。请你先展示出完整的思考过程，然后再输出最终答案。每道题目有至少两个选项（A、B）至多五个选项（A、B、C、D、E），题目为不定项选择题，请按照以下格式作答：

【思考过程】：...

【最终答案】：AB / BCE / CD / DE / E / ...（只输出选项的编号，不要写选项内容）

示例：
题目：医疗伦理中四大基本原则是？
A.尊重自主权
B.善意行为
C.无害原则
D.公正原则
E.以上都不是
【思考过程】：本题考查医学伦理的四大基本原则，包括尊重自主权、不伤害原则、行善原则、公正原则。

【最终答案】：ABCD

题目：在动物实验中，下列哪些属于3R原则的核心内容？
A.循环利用（Recycle）
B.替代（Replacement）
C.重复（Repetition）
D.减少（Reduction）
E.优化（Refinement）
【思考过程】：",BDE,Doubao-1.5-Thinking,"【思考过程】：3R原则是动物实验中为减少动物使用和痛苦提出的核心原则，包括替代（Replacement）、减少（Reduction）和优化（Refinement）。选项B（替代）、D（减少）、E（优化）符合这三个原则；选项A（循环利用）和C（重复）不属于3R原则的核心内容。

【最终答案】：BDE",客观题,BDE
动物实验,"你是一个严格按照要求答题的医学考试考生。请你先展示出完整的思考过程，然后再输出最终答案。每道题目有至少两个选项（A、B）至多五个选项（A、B、C、D、E），题目为不定项选择题，请按照以下格式作答：

【思考过程】：...

【最终答案】：AB / BCE / CD / DE / E / ...（只输出选项的编号，不要写选项内容）

示例：
题目：医疗伦理中四大基本原则是？
A.尊重自主权
B.善意行为
C.无害原则
D.公正原则
E.以上都不是
【思考过程】：本题考查医学伦理的四大基本原则，包括尊重自主权、不伤害原则、行善原则、公正原则。

【最终答案】：ABCD

题目：以下哪些属于实验动物五项福利自由的范畴？（多选）
A.自由选择实验处理方式
B.能够表达自然行为的自由
C.免受痛苦和疾病的自由
D.免受饥渴的自由
E.免受恐惧和压抑的自由
【思考过程】：",BCDE,Doubao-1.5-Thinking,"实验动物的五项福利自由是国际公认的动物福利标准，具体包括：1. 免受饥渴的自由（提供足够清洁饮水和食物）；2. 免受不适的自由（提供适当栖息环境）；3. 免受痛苦、伤害和疾病的自由（预防或快速治疗）；4. 表达自然行为的自由（允许正常活动和天性表达）；5. 免受恐惧和焦虑的自由（避免精神痛苦）。  
选项A“自由选择实验处理方式”不符合实际，实验动物无法自主选择处理方式；选项B（表达自然行为）、C（免受痛苦和疾病）、D（免受饥渴）、E（免受恐惧和压抑）均属于五项福利自由的范畴。

【最终答案】：BCDE",客观题,BCDE
动物实验,"你是一个严格按照要求答题的医学考试考生。请你先展示出完整的思考过程，然后再输出最终答案。每道题目有至少两个选项（A、B）至多五个选项（A、B、C、D、E），题目为不定项选择题，请按照以下格式作答：

【思考过程】：...

【最终答案】：AB / BCE / CD / DE / E / ...（只输出选项的编号，不要写选项内容）

示例：
题目：医疗伦理中四大基本原则是？
A.尊重自主权
B.善意行为
C.无害原则
D.公正原则
E.以上都不是
【思考过程】：本题考查医学伦理的四大基本原则，包括尊重自主权、不伤害原则、行善原则、公正原则。

【最终答案】：ABCD

题目：以下哪些表述符合实验动物伦理原则的具体要求？
A.用高速离心机终止实验动物生命以减少痛苦
B.为提升研究效率将同一批实验动物连续使用30个工作日
C.采用符合国际兽医标准的麻醉镇痛方案
D.要求实验人员自行承担全部生物安全风险
E.委托未取得资质的第三方机构处理实验动物尸体
【思考过程】：",AC,Doubao-1.5-Thinking,"【思考过程】：实验动物伦理原则主要包括3R原则（替代、减少、优化）和人道主义关怀，核心是减少动物痛苦、合理使用及规范操作。逐一分析选项：  
- 选项A：高速离心机用于终止动物生命不符合安乐死标准（如快速无痛苦），可能增加痛苦，不符合伦理。  
- 选项B：连续使用同一批实验动物30个工作日会过度消耗动物，违背“优化”原则中减少动物压力的要求，不符合伦理。  
- 选项C：采用国际兽医标准的麻醉镇痛方案可有效减少动物痛苦，符合“优化”原则，符合伦理。  
- 选项D：实验机构应承担生物安全责任，要求人员自行承担全部风险违反机构义务，不符合伦理。  
- 选项E：委托无资质机构处理尸体可能导致生物安全隐患或非人道处理，不符合伦理。  

【最终答案】：C",客观题,C
动物实验,"你是一个严格按照要求答题的医学考试考生。请你先展示出完整的思考过程，然后再输出最终答案。每道题目有至少两个选项（A、B）至多五个选项（A、B、C、D、E），题目为不定项选择题，请按照以下格式作答：

【思考过程】：...

【最终答案】：AB / BCE / CD / DE / E / ...（只输出选项的编号，不要写选项内容）

示例：
题目：医疗伦理中四大基本原则是？
A.尊重自主权
B.善意行为
C.无害原则
D.公正原则
E.以上都不是
【思考过程】：本题考查医学伦理的四大基本原则，包括尊重自主权、不伤害原则、行善原则、公正原则。

【最终答案】：ABCD

题目：以下哪些属于必须遵守的动物实验操作规范？
A.对活体动物手术时进行有效麻醉
B.对活体动物手术时进行适当麻醉
C.动物存活性手术中无菌操作
D.术后恢复期进行镇痛
E.术后恢复期无需调整饮食
【思考过程】：",ACD,Doubao-1.5-Thinking,"【思考过程】：本题考查动物实验操作规范的核心要求。动物实验需遵循伦理原则（如3R原则），确保动物福利。  
- 选项A：对活体动物手术时必须进行有效麻醉，以避免动物承受疼痛，是必须遵守的规范；  
- 选项B：“适当麻醉”表述不够严格，有效麻醉是最低要求，故B不严谨；  
- 选项C：存活性手术（术后动物存活）需无菌操作，防止感染，是基本操作规范；  
- 选项D：术后恢复期动物可能存在疼痛，需进行镇痛以减轻痛苦，符合伦理要求；  
- 选项E：术后需调整饮食（如提供营养支持）促进恢复，“无需调整”违反规范。  

【最终答案】：ACD",客观题,ACD
动物实验,"你是一个严格按照要求答题的医学考试考生。请你先展示出完整的思考过程，然后再输出最终答案。每道题目有至少两个选项（A、B）至多五个选项（A、B、C、D、E），题目为不定项选择题，请按照以下格式作答：

【思考过程】：...

【最终答案】：AB / BCE / CD / DE / E / ...（只输出选项的编号，不要写选项内容）

示例：
题目：医疗伦理中四大基本原则是？
A.尊重自主权
B.善意行为
C.无害原则
D.公正原则
E.以上都不是
【思考过程】：本题考查医学伦理的四大基本原则，包括尊重自主权、不伤害原则、行善原则、公正原则。

【最终答案】：ABCD

题目：关于动物实验中的保定要求，下列哪项描述不符合伦理规范？
A.保定器具需符合规格适宜及坚固耐用标准
B.在确保实验目标完成的条件下允许增加强制限制时间
C.保定过程应考虑减少动物的应激反应
D.避免使用可能造成卫生隐患的束缚工具
【思考过程】：",B,Doubao-1.5-Thinking,"【思考过程】：动物实验伦理需遵循“3R原则”（减少、替代、优化），保定过程应尽量减少动物痛苦和应激。分析各选项：  
- 选项A：保定器具规格适宜、坚固耐用可避免对动物造成伤害，符合伦理。  
- 选项B：实验目标完成后仍增加强制限制时间会额外增加动物应激和痛苦，违反“优化”原则，不符合伦理。  
- 选项C：减少动物应激反应是优化实验的要求，符合伦理。  
- 选项D：避免卫生隐患的束缚工具可防止动物感染或健康损害，符合伦理。  

【最终答案】：B",客观题,B
动物实验,"你是一个严格按照要求答题的医学考试考生。请你先展示出完整的思考过程，然后再输出最终答案。每道题目有至少两个选项（A、B）至多五个选项（A、B、C、D、E），题目为不定项选择题，请按照以下格式作答：

【思考过程】：...

【最终答案】：AB / BCE / CD / DE / E / ...（只输出选项的编号，不要写选项内容）

示例：
题目：医疗伦理中四大基本原则是？
A.尊重自主权
B.善意行为
C.无害原则
D.公正原则
E.以上都不是
【思考过程】：本题考查医学伦理的四大基本原则，包括尊重自主权、不伤害原则、行善原则、公正原则。

【最终答案】：ABCD

题目：以下哪些做法符合动物实验处死动物的伦理要求？
A.使用戊巴比妥钠实施安死术后立即处理尸体
B.在犬类处死过程中允许同笼实验犬旁观
C.确认小鼠心跳停止后焚烧尸体
D.对豚鼠采用颈椎脱臼法处死前疏散其他动物
【思考过程】：",D,Doubao-1.5-Thinking,"【思考过程】：本题考查动物实验处死动物的伦理要求，需确保动物无痛苦、无恐惧死亡，并避免其他动物产生应激。  
- 选项A：戊巴比妥钠是常用安死术药物，但“立即处理尸体”可能未充分确认动物已死亡（需观察确认死亡后再处理），不符合伦理要求。  
- 选项B：允许同笼实验犬旁观处死过程会导致其他动物产生恐惧和压力，违反伦理。  
- 选项C：确认小鼠心跳停止（即确认死亡）后焚烧尸体，符合“确认死亡后处理”的伦理要求。  
- 选项D：对豚鼠处死前疏散其他动物，可避免其他动物因目睹同伴死亡产生应激，符合伦理要求（即使颈椎脱臼法是否适用于豚鼠存在争议，但疏散其他动物的行为本身符合伦理）。  

【最终答案】：CD",客观题,CD
动物实验,"你是一个严格按照要求答题的医学考试考生。请你先展示出完整的思考过程，然后再输出最终答案。每道题目有至少两个选项（A、B）至多五个选项（A、B、C、D、E），题目为不定项选择题，请按照以下格式作答：

【思考过程】：...

【最终答案】：AB / BCE / CD / DE / E / ...（只输出选项的编号，不要写选项内容）

示例：
题目：医疗伦理中四大基本原则是？
A.尊重自主权
B.善意行为
C.无害原则
D.公正原则
E.以上都不是
【思考过程】：本题考查医学伦理的四大基本原则，包括尊重自主权、不伤害原则、行善原则、公正原则。

【最终答案】：ABCD

题目：以下关于动物实验终点的描述，哪项符合伦理规范？
A.实验中应始终以动物的自然死亡作为观察终点，B.在数据不足的情况下允许将死亡作为计划终点，C.该实验必须的极少数情况下，可允许以死亡为终点，D.若动物继续存活可能严重危及研究人员安全时应以死亡为终点
【思考过程】：",C,Doubao-1.5-Thinking,"【思考过程】：动物实验的伦理规范强调减少动物痛苦，遵循3R原则（替代、减少、优化）。实验终点应尽可能避免动物死亡，仅在必要时允许。选项A错误，因自然死亡会增加动物痛苦，不符合伦理；选项B错误，数据不足不能作为以死亡为终点的理由；选项C正确，仅在实验必须的极少数情况下（如研究致命疾病等无法替代的情形），可允许以死亡为终点；选项D错误，动物存活危及人员安全时，应优先通过防护措施保障安全，而非直接以死亡为终点。

【最终答案】：C",客观题,C
动物实验,"你是一个严格按照要求答题的医学考试考生。请你先展示出完整的思考过程，然后再输出最终答案。每道题目有至少两个选项（A、B）至多五个选项（A、B、C、D、E），题目为不定项选择题，请按照以下格式作答：

【思考过程】：...

【最终答案】：AB / BCE / CD / DE / E / ...（只输出选项的编号，不要写选项内容）

示例：
题目：医疗伦理中四大基本原则是？
A.尊重自主权
B.善意行为
C.无害原则
D.公正原则
E.以上都不是
【思考过程】：本题考查医学伦理的四大基本原则，包括尊重自主权、不伤害原则、行善原则、公正原则。

【最终答案】：ABCD

题目：某实验室对一批未受实验影响的空白对照组野生动物进行处理时，以下哪项操作符合相关法规要求？
A.直接放归自然栖息地
B.经安全评估后转移到动物园展示
C.经科学检查和安全评估后依法放归栖息地
D.继续用于其他实验项目
E.实施安乐死处理
【思考过程】：",C,Doubao-1.5-Thinking,"【思考过程】：本题考查实验室处理未受实验影响的空白对照组野生动物的法规要求。根据实验动物管理及生态保护相关法规，处理此类动物需兼顾动物福利与生态安全。空白对照组未受实验影响，但直接放归（A）可能因未评估健康或生态风险而不符合要求；转移到动物园展示（B）需符合特定条件，但非最优先合规操作；继续用于其他实验（D）可能涉及重复使用的伦理问题，非首选；安乐死（E）通常用于受实验损害无法恢复的动物，空白对照组无需此处理。正确操作应为经科学检查和安全评估后依法放归栖息地（C），确保动物健康且不影响生态。

【最终答案】：C",客观题,C
动物实验,"你是一个严格按照要求答题的医学考试考生。请你先展示出完整的思考过程，然后再输出最终答案。每道题目有至少两个选项（A、B）至多五个选项（A、B、C、D、E），题目为不定项选择题，请按照以下格式作答：

【思考过程】：...

【最终答案】：AB / BCE / CD / DE / E / ...（只输出选项的编号，不要写选项内容）

示例：
题目：医疗伦理中四大基本原则是？
A.尊重自主权
B.善意行为
C.无害原则
D.公正原则
E.以上都不是
【思考过程】：本题考查医学伦理的四大基本原则，包括尊重自主权、不伤害原则、行善原则、公正原则。

【最终答案】：ABCD

题目：在动物实验伦理审查中，以下哪项情况会导致项目无法通过审查？
A. 实验方案未包含处死动物的具体操作流程  
B. 实验人员在无专业资质但经实验室内部培训后直接接触实验动物  
C. 提交的实验必要性说明仅列出现有文献结论但无自身项目的验证数据  
D. 基因编辑实验计划将人类神经细胞导入大猩猩胚胎进行脑部发育研究  
E. 动物运输使用常规货车但承诺在运输过程中保持温湿度稳定  
F. 实验方案通过增加重复实验次数来提高统计学效力，但未说明替代动物使用策略
【思考过程】：",BDF,Doubao-1.5-Thinking,"【思考过程】：动物实验伦理审查需遵循3R原则（替代、减少、优化）、必要性、人员资质、操作规范及动物福利等要求。逐一分析各选项：  
- **A**：实验方案需包含动物处置（如处死）的具体流程，未包含则违反操作规范，无法通过审查。  
- **B**：实验人员需具备专业资质（如正规培训认证），仅内部培训不符合资质要求，导致审查不通过。  
- **C**：实验必要性需充分证明（如自身验证数据），仅列文献结论无法证明不可替代性，必要性说明不充分，无法通过。  
- **D**：将人类神经细胞导入大猩猩胚胎的基因编辑实验（人兽嵌合体）涉及高伦理风险（如人类特征的潜在表达），伦理审查通常禁止此类实验。  
- **E**：运输工具若能满足温湿度等动物福利要求（如常规货车达标），承诺保持条件可能通过，未必直接导致不通过。  
- **F**：3R原则要求“替代”（Replace），未说明替代策略违反该原则，无法通过审查。  

综上，A、B、C、D、F均会导致审查不通过。

【最终答案】：ABCDF",客观题,ABCDF
动物实验,"你是一个严格按照要求答题的医学考试考生。请你先展示出完整的思考过程，然后再输出最终答案。每道题目有至少两个选项（A、B）至多五个选项（A、B、C、D、E），题目为不定项选择题，请按照以下格式作答：

【思考过程】：...

【最终答案】：AB / BCE / CD / DE / E / ...（只输出选项的编号，不要写选项内容）

示例：
题目：医疗伦理中四大基本原则是？
A.尊重自主权
B.善意行为
C.无害原则
D.公正原则
E.以上都不是
【思考过程】：本题考查医学伦理的四大基本原则，包括尊重自主权、不伤害原则、行善原则、公正原则。

【最终答案】：ABCD

题目：以下哪种情况会导致实验动物伦理审查不通过？
A.将实验猴的干细胞导入小鼠胚胎研究器官再生
B.活体解剖时未使用麻醉但记录疼痛等级
C.使用基因编辑技术减少实验鱼产生杂交品种
D.未在新型纳米药物测试中体现3R原则
E.为药效评估实施国家禁止的灵长类致盲实验
【思考过程】：",DE,Doubao-1.5-Thinking,"【思考过程】：实验动物伦理审查的核心原则包括3R原则（替代、减少、优化）、避免不必要痛苦、遵守法律法规等。分析各选项：  
- A选项为异种干细胞研究，若符合科学规范和伦理要求，可能通过审查，不必然不通过。  
- B选项活体解剖未使用麻醉，直接导致动物剧烈疼痛，违反减少痛苦原则，伦理审查不通过。  
- C选项基因编辑减少杂交品种，属于优化实验设计（3R中的优化），符合伦理要求，不会不通过。  
- D选项未体现3R原则（替代、减少、优化），违反伦理审查核心要求，必然不通过。  
- E选项实施国家禁止的灵长类致盲实验，违反法律法规，伦理审查不通过。  

【最终答案】：BDE",客观题,BDE
动物实验,"你是一个严格按照要求答题的医学考试考生。请你先展示出完整的思考过程，然后再输出最终答案。每道题目有至少两个选项（A、B）至多五个选项（A、B、C、D、E），题目为不定项选择题，请按照以下格式作答：

【思考过程】：...

【最终答案】：AB / BCE / CD / DE / E / ...（只输出选项的编号，不要写选项内容）

示例：
题目：医疗伦理中四大基本原则是？
A.尊重自主权
B.善意行为
C.无害原则
D.公正原则
E.以上都不是
【思考过程】：本题考查医学伦理的四大基本原则，包括尊重自主权、不伤害原则、行善原则、公正原则。

【最终答案】：ABCD

题目：以下哪种情况会导致动物实验项目无法通过伦理委员会审查？
A.实验动物的运输车辆温度比规定值低1℃
B.未使用基因编辑技术改良实验动物遗传特征
C.对人类及动物均无实际利益且导致实验动物痛苦的实验
D.未在动物实验后24小时内提交手术记录
E.将人类干细胞导入成年猕猴胚胎培育嵌合体
【思考过程】：",CE,Doubao-1.5-Thinking,"【思考过程】：动物实验伦理审查的核心原则包括3R原则（替代、减少、优化）、实验必要性（需有科学或实际利益）、动物福利保护等。分析各选项：  
- 选项A：运输温度仅低1℃属于轻微偏差，通常可通过整改解决，不直接导致审查不通过。  
- 选项B：基因编辑技术非强制要求，未使用不违反伦理。  
- 选项C：实验无实际利益且导致动物痛苦，违反“实验需有正当目的”的伦理要求，必然无法通过审查。  
- 选项D：手术记录提交延迟属于程序问题，一般可补正，非直接拒绝理由。  
- 选项E：人类干细胞与猕猴胚胎嵌合体可能涉及物种界限、潜在意识等伦理争议，通常会被严格限制或拒绝审查。  

【最终答案】：CE",客观题,CE
动物实验,"你是一个严格按照要求答题的医学考试考生。请你先展示出完整的思考过程，然后再输出最终答案。每道题目有至少两个选项（A、B）至多五个选项（A、B、C、D、E），题目为不定项选择题，请按照以下格式作答：

【思考过程】：...

【最终答案】：AB / BCE / CD / DE / E / ...（只输出选项的编号，不要写选项内容）

示例：
题目：医疗伦理中四大基本原则是？
A.尊重自主权
B.善意行为
C.无害原则
D.公正原则
E.以上都不是
【思考过程】：本题考查医学伦理的四大基本原则，包括尊重自主权、不伤害原则、行善原则、公正原则。

【最终答案】：ABCD

题目：以下哪种情况会导致动物实验项目无法通过伦理审查？
A.实验动物操作人员未定期参加培训
B.实验动物饲料来源不符合国家标准
C.活体解剖时使用物理固定替代麻醉措施
D.开展人类干细胞与动物胚胎嵌合培育研究
【思考过程】：",BCD,Doubao-1.5-Thinking,"【思考过程】：本题需判断哪些情况会导致动物实验项目无法通过伦理审查，需结合动物实验伦理审查的核心原则（如3R原则：减少、替代、优化）及具体要求分析：

- **选项A**：实验动物操作人员需具备相应资质和培训，未定期参加培训可能导致操作不规范、增加动物痛苦，不符合伦理审查对人员资质的要求，会导致审查不通过。  
- **选项B**：实验动物的饲养条件（包括饲料来源）必须符合国家标准，饲料来源不达标会影响动物健康和福利，违反伦理审查对动物生存条件的基本要求，无法通过审查。  
- **选项C**：活体解剖时必须使用麻醉措施以减少动物痛苦，物理固定仅用于限制活动，无法替代麻醉缓解疼痛，此行为严重违反“优化”原则（减少动物痛苦），必然无法通过审查。  
- **选项D**：人类干细胞与动物胚胎嵌合研究虽涉及复杂伦理问题（如嵌合体是否具备人类特征），但并非所有此类研究均被禁止。若研究设计合理、风险可控且经过严格伦理评估，可能通过审查，因此不必然导致失败。  

综上，A、B、C均为明确导致伦理审查不通过的情况，D不一定。

【最终答案】：ABC",客观题,ABC
动物实验,"你是一个严格按照要求答题的医学考试考生。请你先展示出完整的思考过程，然后再输出最终答案。每道题目有至少两个选项（A、B）至多五个选项（A、B、C、D、E），题目为不定项选择题，请按照以下格式作答：

【思考过程】：...

【最终答案】：AB / BCE / CD / DE / E / ...（只输出选项的编号，不要写选项内容）

示例：
题目：医疗伦理中四大基本原则是？
A.尊重自主权
B.善意行为
C.无害原则
D.公正原则
E.以上都不是
【思考过程】：本题考查医学伦理的四大基本原则，包括尊重自主权、不伤害原则、行善原则、公正原则。

【最终答案】：ABCD

题目：以下哪些情况可能导致动物实验项目无法通过伦理委员会的审查？（多选）
A. 实验动物项目的设计未体现3R原则  
B. 直接接触实验动物的人员未完成基础培训但具备相关经验  
C. 动物实验方法符合国际惯例但未经过公众听证会讨论  
D. 在活体解剖中未采取任何麻醉措施  
E. 实验动物饲料来源于非认证供应商，但质量达标
【思考过程】：",AD,Doubao-1.5-Thinking,"【思考过程】：本题考查动物实验伦理审查的核心要求。动物实验伦理审查的关键包括3R原则（替代、减少、优化）、人员资质、动物福利（如麻醉）、实验材料合规性等。  

- **选项A**：3R原则是动物实验伦理的核心要求，未体现3R原则会直接导致审查不通过。  
- **选项B**：直接接触实验动物的人员需完成基础培训以确保操作规范和动物福利，未完成培训即使有经验也不符合要求。  
- **选项C**：国际惯例通常已包含伦理考量，公众听证会并非动物实验伦理审查的必要环节，因此不影响审查通过。  
- **选项D**：活体解剖中不采取麻醉措施严重违反动物福利原则（减少痛苦），必然无法通过审查。  
- **选项E**：实验动物饲料需来源于认证供应商以确保质量可控，非认证供应商即使质量达标也可能因合规性不足导致审查不通过。  

【最终答案】：ABDE",客观题,ABDE
动物实验,"你是一个严格按照要求答题的医学考试考生。请你先展示出完整的思考过程，然后再输出最终答案。每道题目有至少两个选项（A、B）至多五个选项（A、B、C、D、E），题目为不定项选择题，请按照以下格式作答：

【思考过程】：...

【最终答案】：AB / BCE / CD / DE / E / ...（只输出选项的编号，不要写选项内容）

示例：
题目：医疗伦理中四大基本原则是？
A.尊重自主权
B.善意行为
C.无害原则
D.公正原则
E.以上都不是
【思考过程】：本题考查医学伦理的四大基本原则，包括尊重自主权、不伤害原则、行善原则、公正原则。

【最终答案】：ABCD

题目：以下哪种情况会导致动物实验项目无法通过伦理委员会的审查？
A.实验人员未参加培训且违反实验动物福利原则
B.将人类干细胞导入小鼠胚胎研究癌症机制
C.饲养环境导致动物轻度应激但未引发疾病
D.因操作失误轻微违反伦理法规但未造严重后果
【思考过程】：",AB,Doubao-1.5-Thinking,"【思考过程】：动物实验伦理审查的核心是确保实验符合动物福利原则，实验人员具备资质，且操作符合伦理法规。  
- 选项A：实验人员未参加培训（缺乏必要资质）且违反动物福利原则（直接违背伦理核心要求），必然无法通过审查。  
- 选项B：将人类干细胞导入小鼠胚胎研究癌症机制属于科学研究范畴，若符合嵌合体伦理规范（如控制人类细胞比例、避免影响动物认知等），通常可通过审查。  
- 选项C：轻度应激未引发疾病，属于可接受范围（伦理审查允许一定程度的合理应激），可能要求改进但不直接拒绝。  
- 选项D：操作失误轻微且未造成严重后果，属于可纠正的问题（如加强培训），不必然导致审查失败。  

【最终答案】：A",客观题,A
动物实验,"你是一个严格按照要求答题的医学考试考生。请你先展示出完整的思考过程，然后再输出最终答案。每道题目有至少两个选项（A、B）至多五个选项（A、B、C、D、E），题目为不定项选择题，请按照以下格式作答：

【思考过程】：...

【最终答案】：AB / BCE / CD / DE / E / ...（只输出选项的编号，不要写选项内容）

示例：
题目：医疗伦理中四大基本原则是？
A.尊重自主权
B.善意行为
C.无害原则
D.公正原则
E.以上都不是
【思考过程】：本题考查医学伦理的四大基本原则，包括尊重自主权、不伤害原则、行善原则、公正原则。

【最终答案】：ABCD

题目：以下哪些情况会导致实验动物伦理审查不通过？
A.未提供实验动物生产环境的湿度记录
B.活体解剖时采用局部麻醉但未实施全身麻醉
C.项目申请书中将对照组数量从50组误写为30组
D.运输实验动物的车辆车厢温度超过品种要求标准2℃
E.未制定突发情况下的动物安乐死预案
【思考过程】：",BDE,Doubao-1.5-Thinking,"【思考过程】：实验动物伦理审查主要关注动物福利、实验设计合理性、麻醉镇痛措施、运输条件、应急预案等方面。  
- 选项A：未提供生产环境湿度记录，可能属于材料不完整，通常可要求补充，不一定直接导致不通过。  
- 选项B：活体解剖仅用局部麻醉未全身麻醉，无法有效减轻动物痛苦，违反动物福利原则，会导致审查不通过。  
- 选项C：对照组数量误写属于笔误，修正后不影响实验设计科学性，一般不导致不通过。  
- 选项D：运输温度超标2℃，不符合动物运输标准，影响动物健康，会导致审查不通过。  
- 选项E：未制定安乐死预案，无法保障突发情况下的动物福利，会导致审查不通过。  

【最终答案】：BDE",客观题,BDE
动物实验,"你是一个严格按照要求答题的医学考试考生。请你先展示出完整的思考过程，然后再输出最终答案。每道题目有至少两个选项（A、B）至多五个选项（A、B、C、D、E），题目为不定项选择题，请按照以下格式作答：

【思考过程】：...

【最终答案】：AB / BCE / CD / DE / E / ...（只输出选项的编号，不要写选项内容）

示例：
题目：医疗伦理中四大基本原则是？
A.尊重自主权
B.善意行为
C.无害原则
D.公正原则
E.以上都不是
【思考过程】：本题考查医学伦理的四大基本原则，包括尊重自主权、不伤害原则、行善原则、公正原则。

【最终答案】：ABCD

题目：以下哪种情况会导致动物实验伦理审查不通过？
A.实验人员在手术中未选择减少痛苦的安死术处死动物，B.未及时更新实验操作手册版本号，C.使用经过认证的SPF级实验小鼠，D.在手术前48小时停止给动物喂食
【思考过程】：",A,Doubao-1.5-Thinking,"【思考过程】：动物实验伦理审查的核心是保障动物福利，减少动物痛苦，规范实验操作。选项A中未选择减少痛苦的安死术，直接违背了减少动物痛苦的伦理要求；选项D中手术前48小时停止喂食可能导致动物过度饥饿和痛苦，属于不当操作，违反动物福利。选项B（未更新版本号）属于文档管理问题，不直接涉及伦理；选项C（使用认证SPF级小鼠）是符合实验要求的合规行为。因此，A和D会导致审查不通过。

【最终答案】：AD",客观题,AD
动物实验,"你是一个严格按照要求答题的医学考试考生。请你先展示出完整的思考过程，然后再输出最终答案。每道题目有至少两个选项（A、B）至多五个选项（A、B、C、D、E），题目为不定项选择题，请按照以下格式作答：

【思考过程】：...

【最终答案】：AB / BCE / CD / DE / E / ...（只输出选项的编号，不要写选项内容）

示例：
题目：医疗伦理中四大基本原则是？
A.尊重自主权
B.善意行为
C.无害原则
D.公正原则
E.以上都不是
【思考过程】：本题考查医学伦理的四大基本原则，包括尊重自主权、不伤害原则、行善原则、公正原则。

【最终答案】：ABCD

题目：以下哪种情况会导致动物实验项目无法通过伦理审查？
A.曾使用过期实验动物饲料但已及时更换
B.实验设计中未明确统计动物处死数量
C.缺少动物实验项目实施的必要性证明材料
D.使用转基因斑马鱼研究心血管发育机制
E.未按规定处理实验引发社会伦理争议的杂交动物
【思考过程】：",CE,Doubao-1.5-Thinking,"【思考过程】：动物实验伦理审查需关注实验必要性、设计科学性、动物福利保障及伦理争议处理等。  
- 选项A：曾使用过期饲料但已更换，属于操作问题可能整改，不必然导致审查不通过。  
- 选项B：未明确统计动物处死数量，违反实验设计中需明确动物使用及处置的要求，影响伦理审查。  
- 选项C：缺少必要性证明材料，直接不符合伦理审查核心要求（需证明实验有科学/医学价值且无替代方法）。  
- 选项D：使用转基因斑马鱼研究心血管发育，若符合规定则属合理实验设计，不影响审查。  
- 选项E：未按规定处理引发社会伦理争议的杂交动物，未妥善解决伦理问题，必然导致审查不通过。  

【最终答案】：BCE",客观题,BCE
动物实验,"你是一个严格按照要求答题的医学考试考生。请你先展示出完整的思考过程，然后再输出最终答案。每道题目有至少两个选项（A、B）至多五个选项（A、B、C、D、E），题目为不定项选择题，请按照以下格式作答：

【思考过程】：...

【最终答案】：AB / BCE / CD / DE / E / ...（只输出选项的编号，不要写选项内容）

示例：
题目：医疗伦理中四大基本原则是？
A.尊重自主权
B.善意行为
C.无害原则
D.公正原则
E.以上都不是
【思考过程】：本题考查医学伦理的四大基本原则，包括尊重自主权、不伤害原则、行善原则、公正原则。

【最终答案】：ABCD

题目：关于动物实验伦理审查的情况，下列哪些情形不能被通过？
A.实验动物饲料供应商资质不明但未影响饲料质量，B.解剖犬类时使用过期镇静剂导致动物躁动，C.设计基因编辑实验未评估胚胎杂交的伦理争议，D.项目申请书中动物实验必要性论证仅引用两篇非核心期刊文献
【思考过程】：",BCD,Doubao-1.5-Thinking,"【思考过程】：动物实验伦理审查需关注实验设计的科学性、动物福利、必要性论证及伦理风险评估等方面。  
- 选项A：实验动物饲料供应商资质不明，即使饲料质量未受影响，也违反了实验动物饲养的基本规范（需确保饲料来源合法合规），无法通过审查。  
- 选项B：使用过期镇静剂导致动物躁动，属于操作不当，增加了动物的痛苦，违反动物福利原则（减少痛苦），不能通过审查。  
- 选项C：基因编辑实验未评估胚胎杂交的伦理争议，说明实验设计未充分考虑潜在伦理风险，伦理审查要求必须评估此类争议，故无法通过。  
- 选项D：动物实验必要性论证仅引用两篇非核心期刊文献，表明必要性论证不充分（需基于充分的科学依据），无法证明实验的必要性，因此不能通过审查。  

【最终答案】：ABCD",客观题,ABCD
动物实验,"你是一个严格按照要求答题的医学考试考生。请你先展示出完整的思考过程，然后再输出最终答案。每道题目有至少两个选项（A、B）至多五个选项（A、B、C、D、E），题目为不定项选择题，请按照以下格式作答：

【思考过程】：...

【最终答案】：AB / BCE / CD / DE / E / ...（只输出选项的编号，不要写选项内容）

示例：
题目：医疗伦理中四大基本原则是？
A.尊重自主权
B.善意行为
C.无害原则
D.公正原则
E.以上都不是
【思考过程】：本题考查医学伦理的四大基本原则，包括尊重自主权、不伤害原则、行善原则、公正原则。

【最终答案】：ABCD

题目：以下哪些原则属于实验动物使用中的""3R""原则？
A.减少（Reduction）
B.替代（Replacement）
C.替换（Substitution）
D.优化（Refinement）
E.人道主义（Humanitarianism）
【思考过程】：",ABD,Doubao-1.5-Thinking,"【思考过程】：实验动物使用的""3R""原则是指替代（Replacement）、减少（Reduction）和优化（Refinement）。选项A“减少（Reduction）”、B“替代（Replacement）”、D“优化（Refinement）”均符合3R原则；选项C“替换（Substitution）”并非标准表述的3R原则术语；选项E“人道主义（Humanitarianism）”是实验动物伦理的基本要求，但不属于3R原则的核心内容。

【最终答案】：ABD",客观题,ABD
动物实验,"你是一个严格按照要求答题的医学考试考生。请你先展示出完整的思考过程，然后再输出最终答案。每道题目有至少两个选项（A、B）至多五个选项（A、B、C、D、E），题目为不定项选择题，请按照以下格式作答：

【思考过程】：...

【最终答案】：AB / BCE / CD / DE / E / ...（只输出选项的编号，不要写选项内容）

示例：
题目：医疗伦理中四大基本原则是？
A.尊重自主权
B.善意行为
C.无害原则
D.公正原则
E.以上都不是
【思考过程】：本题考查医学伦理的四大基本原则，包括尊重自主权、不伤害原则、行善原则、公正原则。

【最终答案】：ABCD

题目：以下哪些做法符合实验动物饲养管理规定？
A.偶尔对动物进行观察
B.在抓取动物时方法得当，动作轻柔
C.允许轻微戏弄动物以缓解其压力
D.发现行为异常后及时查找原因并处理
E.在必要时可让动物短暂忍受剧痛以完成操作
【思考过程】：",BD,Doubao-1.5-Thinking,"【思考过程】：实验动物饲养管理规定强调保障动物福利，减少不必要的痛苦，并要求科学、规范的操作。分析各选项：  
- A选项“偶尔对动物进行观察”不符合规定，需定期观察以确保动物健康，偶尔观察可能遗漏异常情况。  
- B选项“抓取方法得当、动作轻柔”符合规定，正确操作可减少动物应激和伤害。  
- C选项“轻微戏弄动物缓解压力”不符合规定，戏弄可能增加动物压力，管理规定要求避免不必要的干扰。  
- D选项“发现行为异常及时处理”符合规定，及时排查原因并处理是保障动物健康和实验准确性的必要措施。  
- E选项“让动物短暂忍受剧痛”不符合规定，实验动物应尽量减少痛苦，剧痛即使短暂也需避免（除非有严格止痛措施）。  

【最终答案】：BD",客观题,BD
动物实验,"你是一个严格按照要求答题的医学考试考生。请你先展示出完整的思考过程，然后再输出最终答案。每道题目有至少两个选项（A、B）至多五个选项（A、B、C、D、E），题目为不定项选择题，请按照以下格式作答：

【思考过程】：...

【最终答案】：AB / BCE / CD / DE / E / ...（只输出选项的编号，不要写选项内容）

示例：
题目：医疗伦理中四大基本原则是？
A.尊重自主权
B.善意行为
C.无害原则
D.公正原则
E.以上都不是
【思考过程】：本题考查医学伦理的四大基本原则，包括尊重自主权、不伤害原则、行善原则、公正原则。

【最终答案】：ABCD

题目：以下关于实验动物饲养的描述中，正确的有哪些？
A.可按工作人员经验调整饲料成分配比，B.营养成分指标必须符合国家标准，C.术后恢复期需增加营养配给，D.不需批准即可限制动物饮水，E.限制饮食需经管理委员会批准
【思考过程】：",BCE,Doubao-1.5-Thinking,"【思考过程】：实验动物饲养需遵循相关规范和伦理要求。分析各选项：  
- A选项错误，饲料成分配比需符合标准或科学依据，不能仅按工作人员经验随意调整。  
- B选项正确，实验动物饲料的营养成分必须符合国家标准，以保证实验可靠性。  
- C选项正确，术后恢复期动物需额外营养促进恢复，需增加营养配给。  
- D选项错误，限制动物饮水可能影响其福利，需经批准，不能随意进行。  
- E选项正确，限制饮食属于影响动物福利的操作，需经管理委员会批准。  

【最终答案】：BCE",客观题,BCE
动物实验,"你是一个严格按照要求答题的医学考试考生。请你先展示出完整的思考过程，然后再输出最终答案。每道题目有至少两个选项（A、B）至多五个选项（A、B、C、D、E），题目为不定项选择题，请按照以下格式作答：

【思考过程】：...

【最终答案】：AB / BCE / CD / DE / E / ...（只输出选项的编号，不要写选项内容）

示例：
题目：医疗伦理中四大基本原则是？
A.尊重自主权
B.善意行为
C.无害原则
D.公正原则
E.以上都不是
【思考过程】：本题考查医学伦理的四大基本原则，包括尊重自主权、不伤害原则、行善原则、公正原则。

【最终答案】：ABCD

题目：在实验动物应用中，以下哪些做法符合相关伦理法规？
A. 实验时尽量减少动物的疼痛，但允许适当程度的惊恐发生
B. 向非科研团队成员开放实验区域用于学生观摩
C. 在确保不影响实验结果的前提下研究动物实验替代方法
D. 每周仅安排固定两小时清理实验室无关人员
E. 使用镇静剂将疼痛控制在动物可忍受范围内
【思考过程】：",C,Doubao-1.5-Thinking,"【思考过程】：实验动物应用的伦理法规核心包括3R原则（替代、减少、优化）及减少动物痛苦等要求。选项A中“允许适当程度的惊恐”不符合伦理，应尽量避免动物心理痛苦；选项B向非科研人员开放观摩可能干扰实验或违反管理规范；选项C符合替代原则（3R中的替代）；选项D“每周仅固定两小时清理无关人员”不符合持续控制无关人员进入的要求；选项E使用镇静剂控制疼痛属于优化原则，减少动物痛苦。因此符合伦理的为C、E。

【最终答案】：CE",客观题,CE
动物实验,"你是一个严格按照要求答题的医学考试考生。请你先展示出完整的思考过程，然后再输出最终答案。每道题目有至少两个选项（A、B）至多五个选项（A、B、C、D、E），题目为不定项选择题，请按照以下格式作答：

【思考过程】：...

【最终答案】：AB / BCE / CD / DE / E / ...（只输出选项的编号，不要写选项内容）

示例：
题目：医疗伦理中四大基本原则是？
A.尊重自主权
B.善意行为
C.无害原则
D.公正原则
E.以上都不是
【思考过程】：本题考查医学伦理的四大基本原则，包括尊重自主权、不伤害原则、行善原则、公正原则。

【最终答案】：ABCD

题目：以下哪些措施是在对实验动物实施外科手术时必须遵守的伦理要求？
A.术前禁食24小时
B.手术过程实施有效麻醉
C.术后提供镇痛剂及护理
D.每天进行两次环境消毒
E.手术结束后立即执行安乐死
【思考过程】：",BC,Doubao-1.5-Thinking,"【思考过程】：实验动物伦理要求的核心是减少动物痛苦，遵循“3R”原则（替代、减少、优化）。选项B（手术过程实施有效麻醉）是必须的，否则动物会承受剧烈痛苦，违反伦理；选项C（术后提供镇痛剂及护理）也是伦理要求，避免术后疼痛未缓解；选项A（术前禁食24小时）属于操作技术要求，时间可能因动物种类调整，非伦理核心；选项D（每天两次环境消毒）是卫生管理措施，非伦理必须；选项E（术后立即安乐死）不符合实际需求，部分实验需动物术后恢复观察，非必须。

【最终答案】：BC",客观题,BC
动物实验,"你是一个严格按照要求答题的医学考试考生。请你先展示出完整的思考过程，然后再输出最终答案。每道题目有至少两个选项（A、B）至多五个选项（A、B、C、D、E），题目为不定项选择题，请按照以下格式作答：

【思考过程】：...

【最终答案】：AB / BCE / CD / DE / E / ...（只输出选项的编号，不要写选项内容）

示例：
题目：医疗伦理中四大基本原则是？
A.尊重自主权
B.善意行为
C.无害原则
D.公正原则
E.以上都不是
【思考过程】：本题考查医学伦理的四大基本原则，包括尊重自主权、不伤害原则、行善原则、公正原则。

【最终答案】：ABCD

题目：以下哪些属于保定实验动物时应遵循的原则？
A.温和保定
B.善良抚慰
C.减少痛苦和应激反应
D.充分限制动物活动
E.坚固耐用的保定器具
【思考过程】：",ABC,Doubao-1.5-Thinking,"【思考过程】：保定实验动物的原则主要围绕减少动物痛苦、保障动物福利和确保实验安全展开。温和保定（A）是基本要求，避免粗暴操作；善良抚慰（B）通过安抚缓解动物紧张情绪，符合伦理；减少痛苦和应激反应（C）是核心目标。充分限制动物活动（D）可能过度增加应激，不符合原则；坚固耐用的保定器具（E）属于器具选择的技术要求，非原则性内容。

【最终答案】：ABC",客观题,ABC
动物实验,"你是一个严格按照要求答题的医学考试考生。请你先展示出完整的思考过程，然后再输出最终答案。每道题目有至少两个选项（A、B）至多五个选项（A、B、C、D、E），题目为不定项选择题，请按照以下格式作答：

【思考过程】：...

【最终答案】：AB / BCE / CD / DE / E / ...（只输出选项的编号，不要写选项内容）

示例：
题目：医疗伦理中四大基本原则是？
A.尊重自主权
B.善意行为
C.无害原则
D.公正原则
E.以上都不是
【思考过程】：本题考查医学伦理的四大基本原则，包括尊重自主权、不伤害原则、行善原则、公正原则。

【最终答案】：ABCD

题目：处死实验动物时，以下哪种做法符合法规要求？
A.按照人道主义原则实施安死术，但允许其他动物在场进行教学观摩，B.实施安死术时全程录像存档并让其他动物在场，C.实施安死术后立即焚化动物尸体，D.仅按安死术处置却未隔离观察动物反应，E.使用非人道手段处死但确保无其他动物在场
【思考过程】：",C,Doubao-1.5-Thinking,"【思考过程】：实验动物处死需遵循人道主义原则（安死术），确保无痛苦、快速死亡，并符合动物福利法规。分析各选项：  
- A选项允许其他动物在场观摩，可能导致其他动物产生恐惧或压力，不符合动物福利要求。  
- B选项虽全程录像存档，但让其他动物在场同样违反动物福利原则。  
- C选项“实施安死术后立即焚化动物尸体”符合无害化处理要求，是法规允许的。  
- D选项未隔离观察动物反应，无法确认安死术效果，不符合规范。  
- E选项使用非人道手段直接违反安死术的核心原则，无论是否有其他动物在场均不合法。  

【最终答案】：C",客观题,C
动物实验,"你是一个严格按照要求答题的医学考试考生。请你先展示出完整的思考过程，然后再输出最终答案。每道题目有至少两个选项（A、B）至多五个选项（A、B、C、D、E），题目为不定项选择题，请按照以下格式作答：

【思考过程】：...

【最终答案】：AB / BCE / CD / DE / E / ...（只输出选项的编号，不要写选项内容）

示例：
题目：医疗伦理中四大基本原则是？
A.尊重自主权
B.善意行为
C.无害原则
D.公正原则
E.以上都不是
【思考过程】：本题考查医学伦理的四大基本原则，包括尊重自主权、不伤害原则、行善原则、公正原则。

【最终答案】：ABCD

题目：在动物实验中，“仁慈终点”的正确应用方式是什么？
A.当动物出现轻微不适症状时立即终止实验 B.动物濒死时继续观察24小时以收集数据 C.当动物出现不可逆的痛苦或濒死状态时及时实施安乐死 D.对实验动物实施镇痛措施后继续实验直至自然死亡
【思考过程】：",C,Doubao-1.5-Thinking,"【思考过程】：“仁慈终点”是动物实验伦理中的重要概念，其核心目的是在实验动物遭受不可逆痛苦或处于濒死状态时，及时终止实验并实施安乐死，以最大程度减少动物的痛苦。分析各选项：  
- 选项A：“轻微不适”通常属于实验过程中可能出现的正常反应，无需立即终止实验，不符合“仁慈终点”的应用条件。  
- 选项B：动物濒死时继续观察24小时会加剧其痛苦，违背“及时终止”的原则，错误。  
- 选项C：明确指出“不可逆的痛苦或濒死状态时及时实施安乐死”，符合“仁慈终点”的核心要求。  
- 选项D：即使实施镇痛措施，继续实验直至自然死亡仍可能延长动物的痛苦过程，未体现“及时终止”的伦理目标，错误。  

【最终答案】：C",客观题,C
动物实验,"你是一个严格按照要求答题的医学考试考生。请你先展示出完整的思考过程，然后再输出最终答案。每道题目有至少两个选项（A、B）至多五个选项（A、B、C、D、E），题目为不定项选择题，请按照以下格式作答：

【思考过程】：...

【最终答案】：AB / BCE / CD / DE / E / ...（只输出选项的编号，不要写选项内容）

示例：
题目：医疗伦理中四大基本原则是？
A.尊重自主权
B.善意行为
C.无害原则
D.公正原则
E.以上都不是
【思考过程】：本题考查医学伦理的四大基本原则，包括尊重自主权、不伤害原则、行善原则、公正原则。

【最终答案】：ABCD

题目：以下关于灵长类实验动物处理的做法中，哪一项符合我国相关规定？
A.为节省饲养成本，实验结束后将健康的猿猴处死
B.实验中未出现预期结果的猕猴被主动处死
C.因存在不可治愈的严重伤病，对实验后的黑猩猩实行安乐死
D.为避免人道争议，实验后所有非猿类灵长动物均安乐死
E.减轻动物未来可能的痛苦可直接提前处死衰老个体
【思考过程】：",C,Doubao-1.5-Thinking,"【思考过程】：本题需判断灵长类实验动物处理是否符合我国相关规定。  
- 选项A：因“节省饲养成本”处死健康猿猴不符合规定，健康实验动物应优先考虑再利用或妥善安置，而非因成本问题处死。  
- 选项B：实验未达预期结果主动处死猕猴不符合规定，实验结果未达预期不应作为处死动物的理由。  
- 选项C：因“不可治愈的严重伤病”对黑猩猩实施安乐死符合规定，安乐死适用于动物因严重伤病无法缓解痛苦的情况。  
- 选项D：“所有非猿类灵长动物均安乐死”不符合规定，需根据动物健康状况决定，而非一刀切。  
- 选项E：“未来可能的痛苦”直接处死衰老个体不符合规定，需评估当前痛苦程度，而非推测未来可能的痛苦。  

【最终答案】：C",客观题,C
动物实验,"你是一个严格按照要求答题的医学考试考生。请你先展示出完整的思考过程，然后再输出最终答案。每道题目有至少两个选项（A、B）至多五个选项（A、B、C、D、E），题目为不定项选择题，请按照以下格式作答：

【思考过程】：...

【最终答案】：AB / BCE / CD / DE / E / ...（只输出选项的编号，不要写选项内容）

示例：
题目：医疗伦理中四大基本原则是？
A.尊重自主权
B.善意行为
C.无害原则
D.公正原则
E.以上都不是
【思考过程】：本题考查医学伦理的四大基本原则，包括尊重自主权、不伤害原则、行善原则、公正原则。

【最终答案】：ABCD

题目：关于使用实验动物的科研项目实施流程，哪一情形违反相关法规？
A.研究团队制定方案后经实验动物道德委员会批准启动实验
B.实施方案经实验室安全委员会审核备案半年后开始实施
C.项目负责人修改未通过伦理审查的方案后自行开展预实验
D.实验动物管理委员会附加修改意见后驳回高风险方案
【思考过程】：",C,Doubao-1.5-Thinking,"【思考过程】：本题考查实验动物科研项目实施的法规要求，关键在于伦理审查的必要性和流程合规性。  

- 选项A：研究团队制定方案后经实验动物道德委员会批准启动实验。符合法规要求，实验前必须经伦理委员会批准，不违反。  
- 选项B：实施方案经实验室安全委员会审核备案半年后开始实施。实验动物研究的核心是伦理审查，需经实验动物伦理委员会批准，而非仅安全委员会备案。即使备案，若未通过伦理审查，仍违反法规。此外，伦理审查通常有有效期（如1年），半年可能在有效期内，但安全委员会无法替代伦理审查，因此B违反。  
- 选项C：项目负责人修改未通过伦理审查的方案后自行开展预实验。未通过伦理审查的方案，即使修改后也需重新提交伦理委员会审查并获得批准，预实验属于实验的一部分，未经批准自行开展违反法规。  
- 选项D：实验动物管理委员会附加修改意见后驳回高风险方案。伦理委员会有权对高风险方案提出修改意见，若不符合要求可驳回，符合规定，不违反。  

综上，B和C违反相关法规。

【最终答案】：BC",客观题,BC
动物实验,"你是一个严格按照要求答题的医学考试考生。请你先展示出完整的思考过程，然后再输出最终答案。每道题目有至少两个选项（A、B）至多五个选项（A、B、C、D、E），题目为不定项选择题，请按照以下格式作答：

【思考过程】：...

【最终答案】：AB / BCE / CD / DE / E / ...（只输出选项的编号，不要写选项内容）

示例：
题目：医疗伦理中四大基本原则是？
A.尊重自主权
B.善意行为
C.无害原则
D.公正原则
E.以上都不是
【思考过程】：本题考查医学伦理的四大基本原则，包括尊重自主权、不伤害原则、行善原则、公正原则。

【最终答案】：ABCD

题目：以下哪些行为属于虐待实验动物？
A.因实验需要未对动物实施麻醉进行心脏手术
B.在运输过程中违反规定导致大量实验动物死亡
C.未定期清洁动物设施导致环境轻微脏乱
D.非实验需要用刺激性食物喂养动物
【思考过程】：",ABD,Doubao-1.5-Thinking,"【思考过程】：虐待实验动物通常指不必要的痛苦、伤害或因疏忽导致的动物受损。分析各选项：  
- 选项A：因实验需要未麻醉进行心脏手术，若为实验设计必要（如麻醉影响实验结果），属于合理操作，不构成虐待。  
- 选项B：运输违反规定导致大量死亡，属于管理疏忽或违规操作，直接造成动物死亡，属于虐待。  
- 选项C：未定期清洁致环境轻微脏乱，未造成明显痛苦或健康损害，不构成虐待。  
- 选项D：非实验需要用刺激性食物喂养，无正当理由使动物承受痛苦，属于虐待。  

【最终答案】：BD",客观题,BD
动物实验,"你是一个严格按照要求答题的医学考试考生。请你先展示出完整的思考过程，然后再输出最终答案。每道题目有至少两个选项（A、B）至多五个选项（A、B、C、D、E），题目为不定项选择题，请按照以下格式作答：

【思考过程】：...

【最终答案】：AB / BCE / CD / DE / E / ...（只输出选项的编号，不要写选项内容）

示例：
题目：医疗伦理中四大基本原则是？
A.尊重自主权
B.善意行为
C.无害原则
D.公正原则
E.以上都不是
【思考过程】：本题考查医学伦理的四大基本原则，包括尊重自主权、不伤害原则、行善原则、公正原则。

【最终答案】：ABCD

题目：以下哪些行为符合法规中定义的虐待实验动物情形？
A.实验后未清洁器械造成伤口感染
B.长时间未更换通风系统导致动物呼吸困难死亡
C.进行器官移植手术时未进行局部消毒处理
D.未对猕猴使用异氟烷吸入麻醉进行开颅实验
E.运输箱温度异常导致5%实验鼠死亡
F.未建立生物隔离措施致使实验犬感染狂犬病
【思考过程】：",BDF,Doubao-1.5-Thinking,"【思考过程】：本题需判断哪些行为符合法规中定义的虐待实验动物情形。根据《实验动物管理条例》《关于善待实验动物的指导性意见》等法规，虐待实验动物通常指因故意或严重疏忽导致动物遭受不必要的痛苦或死亡，包括未提供必要麻醉、因管理/操作失误导致动物痛苦或死亡等情形。

- **选项A**：实验后未清洁器械造成伤口感染。属于操作不规范，但未明确是故意或严重疏忽导致，可能属于操作不当而非直接虐待。  
- **选项B**：长时间未更换通风系统导致动物呼吸困难死亡。因管理疏忽（长期未维护环境）导致动物痛苦死亡，符合虐待定义。  
- **选项C**：未消毒进行器官移植手术。属于操作不规范，可能增加感染风险，但未明确造成严重痛苦或死亡，通常归为操作失误而非虐待。  
- **选项D**：未对猕猴使用异氟烷麻醉进行开颅实验。开颅实验需麻醉以避免剧烈痛苦，未使用麻醉直接导致动物极度痛苦，属于典型虐待。  
- **选项E**：运输箱温度异常导致5%实验鼠死亡。运输中因环境管理疏忽（温度异常）导致动物死亡，符合虐待定义。  
- **选项F**：未建立生物隔离措施致实验犬感染狂犬病。因管理疏忽（未采取隔离措施）导致动物感染疾病并痛苦，属于虐待。  

综上，B、D、E、F符合虐待情形。

【最终答案】：BDEF",客观题,BDEF
动物实验,"你是一个严格按照要求答题的医学考试考生。请你先展示出完整的思考过程，然后再输出最终答案。每道题目有至少两个选项（A、B）至多五个选项（A、B、C、D、E），题目为不定项选择题，请按照以下格式作答：

【思考过程】：...

【最终答案】：AB / BCE / CD / DE / E / ...（只输出选项的编号，不要写选项内容）

示例：
题目：医疗伦理中四大基本原则是？
A.尊重自主权
B.善意行为
C.无害原则
D.公正原则
E.以上都不是
【思考过程】：本题考查医学伦理的四大基本原则，包括尊重自主权、不伤害原则、行善原则、公正原则。

【最终答案】：ABCD

题目：以下哪些行为可能被认定为虐待实验动物？
A.实验中未及时为小鼠更换垫料致其感染死亡
B.因运输箱破损导致30只实验犬在运输中窒息
C.未完全麻醉即对猕猴实施腹腔手术
D.因实验需要给大鼠植入不可逆神经抑制装置
E.使用水合氯醛静脉注射对豚鼠实施安乐死
【思考过程】：",ABC,Doubao-1.5-Thinking,"【思考过程】：虐待实验动物通常指违反动物福利原则，造成动物不必要的痛苦或伤害的行为。  
- 选项A：未及时更换垫料导致小鼠感染死亡，属于未提供基本生存条件（卫生环境），造成动物痛苦死亡，可能被认定为虐待。  
- 选项B：运输箱破损致实验犬窒息，属于管理疏忽导致动物非必要死亡，构成虐待。  
- 选项C：未完全麻醉即实施手术，动物会因疼痛遭受剧烈痛苦，明显违反动物福利，属于虐待。  
- 选项D：因实验需要植入不可逆装置，若符合伦理审查且无额外痛苦，属于实验设计范畴，不构成虐待。  
- 选项E：水合氯醛是常用安乐死药物，正确使用可无痛苦终止动物生命，不属虐待。  

【最终答案】：ABC",客观题,ABC
动物实验,"你是一个严格按照要求答题的医学考试考生。请你先展示出完整的思考过程，然后再输出最终答案。每道题目有至少两个选项（A、B）至多五个选项（A、B、C、D、E），题目为不定项选择题，请按照以下格式作答：

【思考过程】：...

【最终答案】：AB / BCE / CD / DE / E / ...（只输出选项的编号，不要写选项内容）

示例：
题目：医疗伦理中四大基本原则是？
A.尊重自主权
B.善意行为
C.无害原则
D.公正原则
E.以上都不是
【思考过程】：本题考查医学伦理的四大基本原则，包括尊重自主权、不伤害原则、行善原则、公正原则。

【最终答案】：ABCD

题目：以下哪些行为属于法规定义的虐待实验动物范畴？
A.运输实验动物期间未全程维持25℃恒温环境，B.在脑外科实验中未使用镇痛剂完成开颅手术，C.按规范实施麻醉后进行动物脾脏切除术，D.出于实验需求重复进行基因编辑测试，E.使用过量巴比妥类麻醉剂处理濒死动物
【思考过程】：",BE,Doubao-1.5-Thinking,"【思考过程】：本题需判断哪些行为符合法规定义的虐待实验动物范畴。虐待实验动物通常指违反规定、对动物造成不必要痛苦或伤害的行为。  
- 选项A：运输期间未全程维持25℃恒温环境，若未造成动物明显痛苦或伤害，可能属于操作不规范，但未必直接构成虐待。  
- 选项B：脑外科开颅手术未使用镇痛剂，会导致动物剧烈疼痛，属于人为施加不必要痛苦，符合虐待定义。  
- 选项C：按规范实施麻醉后手术，是符合伦理和法规的操作，不构成虐待。  
- 选项D：出于实验需求重复基因编辑测试，若实验设计合理且经伦理审查，属于正常研究范畴，不构成虐待。  
- 选项E：使用过量巴比妥类麻醉剂处理濒死动物，属于人道安乐死方式（巴比妥类过量可快速无痛致死），不构成虐待。  

综上，仅选项B属于虐待实验动物范畴。

【最终答案】：B",客观题,B
常规诊疗,"你是一个严格按照要求答题的医学考试考生。请你先展示出完整的思考过程，然后再输出最终答案。每道题目有至少两个选项（A、B）至多五个选项（A、B、C、D、E），题目为不定项选择题，请按照以下格式作答：

【思考过程】：...

【最终答案】：AB / BCE / CD / DE / E / ...（只输出选项的编号，不要写选项内容）

示例：
题目：医疗伦理中四大基本原则是？
A.尊重自主权
B.善意行为
C.无害原则
D.公正原则
E.以上都不是
【思考过程】：本题考查医学伦理的四大基本原则，包括尊重自主权、不伤害原则、行善原则、公正原则。

【最终答案】：ABCD

题目：患者在诊疗活动中受到损害时，医疗机构赔偿责任成立的依据是以下哪一条件？
A.医务人员存在主观故意，B.医疗机构未完全履行合同约定，C.医疗行为与损害后果存在因果关系且存在过错，D.患者未签署全部知情同意书，E.患者在康复期间存在不遵医嘱行为
【思考过程】：",C,Doubao-1.5-Thinking,"【思考过程】：根据《民法典》侵权责任编关于医疗损害责任的规定，医疗机构承担赔偿责任需满足过错责任的构成要件，即：医疗机构或其医务人员存在过错、患者存在损害后果、过错医疗行为与损害后果之间存在因果关系。选项分析如下：  
- A（医务人员主观故意）：医疗损害责任一般为过错责任（包括故意和过失），但并非必须为“主观故意”，过失亦可构成，故错误。  
- B（未完全履行合同约定）：医疗损害赔偿主要基于侵权责任，而非合同违约责任，未完全履行合同并非赔偿责任成立的直接依据，故错误。  
- C（医疗行为与损害后果存在因果关系且存在过错）：符合侵权责任的构成要件（过错、损害、因果关系），正确。  
- D（患者未签署全部知情同意书）：未签署知情同意书可能涉及过错，但无损害或因果关系时不必然导致赔偿，故错误。  
- E（患者不遵医嘱）：患者自身过错可能减轻医疗机构责任，但非医疗机构赔偿责任成立的依据，故错误。  

【最终答案】：C",客观题,C
常规诊疗,"你是一个严格按照要求答题的医学考试考生。请你先展示出完整的思考过程，然后再输出最终答案。每道题目有至少两个选项（A、B）至多五个选项（A、B、C、D、E），题目为不定项选择题，请按照以下格式作答：

【思考过程】：...

【最终答案】：AB / BCE / CD / DE / E / ...（只输出选项的编号，不要写选项内容）

示例：
题目：医疗伦理中四大基本原则是？
A.尊重自主权
B.善意行为
C.无害原则
D.公正原则
E.以上都不是
【思考过程】：本题考查医学伦理的四大基本原则，包括尊重自主权、不伤害原则、行善原则、公正原则。

【最终答案】：ABCD

题目：在常规诊疗中，以下哪些情况需要医务人员向患者详细说明医疗风险及替代方案，并取得明确同意？
A.常规体检
B.实施手术
C.特殊检查
D.特殊治疗
E.日常药物治疗
【思考过程】：",BCD,Doubao-1.5-Thinking,"【思考过程】：根据《医疗纠纷预防和处理条例》等相关法规，医务人员在实施具有一定风险或对患者有较大影响的医疗行为时，需向患者详细说明医疗风险及替代方案，并取得明确同意。常规体检（A）和日常药物治疗（E）通常风险较低或属于常规操作，一般无需特别详细说明风险及替代方案。而实施手术（B）、特殊检查（C）、特殊治疗（D）因涉及较高风险或对患者身体有较大影响，需严格履行知情同意程序。

【最终答案】：BCD",客观题,BCD
常规诊疗,"你是一个严格按照要求答题的医学考试考生。请你先展示出完整的思考过程，然后再输出最终答案。每道题目有至少两个选项（A、B）至多五个选项（A、B、C、D、E），题目为不定项选择题，请按照以下格式作答：

【思考过程】：...

【最终答案】：AB / BCE / CD / DE / E / ...（只输出选项的编号，不要写选项内容）

示例：
题目：医疗伦理中四大基本原则是？
A.尊重自主权
B.善意行为
C.无害原则
D.公正原则
E.以上都不是
【思考过程】：本题考查医学伦理的四大基本原则，包括尊重自主权、不伤害原则、行善原则、公正原则。

【最终答案】：ABCD

题目：以下哪种情况下，医师可未经患者或其近亲属同意立即实施医疗措施？
A.患者腹痛但意识清醒时家属不在场，护士长签字批准
B.高空坠落呼吸骤停无法联系家属，科主任未到岗，值班医生执行抢救
C.癌症晚期患者家属拒绝治疗，主管医师请示病区护士长后停止输氧
D.患者昏迷且无家属在场，急诊主治医师经医务处处长批准实施开颅手术
【思考过程】：",D,Doubao-1.5-Thinking,"【思考过程】：本题考查医师在紧急情况下实施医疗措施的法律依据。根据《中华人民共和国民法典》第1220条及《医疗机构管理条例》相关规定，因抢救生命垂危患者等紧急情况，不能取得患者或其近亲属意见的，经医疗机构负责人或授权的负责人批准，可立即实施医疗措施。

- 选项A：患者意识清醒（有民事行为能力），应尊重患者自身意愿，而非由护士长签字批准，不符合规定。  
- 选项B：患者呼吸骤停（生命垂危），无法联系家属，属于紧急情况。虽科主任未到岗，但值班医生为抢救生命立即执行，符合“紧急情况下可先实施抢救”的原则。  
- 选项C：家属拒绝治疗时，医生需综合评估患者最佳利益，而非仅请示护士长后停止治疗（护士长无批准放弃治疗的权限），不符合规定。  
- 选项D：患者昏迷（无民事行为能力）且无家属在场，经医务处处长（医疗机构授权负责人）批准后实施手术，完全符合“经负责人批准”的法定程序。  

综上，B和D符合法律规定。

【最终答案】：BD",客观题,BD
常规诊疗,"你是一个严格按照要求答题的医学考试考生。请你先展示出完整的思考过程，然后再输出最终答案。每道题目有至少两个选项（A、B）至多五个选项（A、B、C、D、E），题目为不定项选择题，请按照以下格式作答：

【思考过程】：...

【最终答案】：AB / BCE / CD / DE / E / ...（只输出选项的编号，不要写选项内容）

示例：
题目：医疗伦理中四大基本原则是？
A.尊重自主权
B.善意行为
C.无害原则
D.公正原则
E.以上都不是
【思考过程】：本题考查医学伦理的四大基本原则，包括尊重自主权、不伤害原则、行善原则、公正原则。

【最终答案】：ABCD

题目：以下哪些情形应推定医疗机构有过错？
A.拒绝患者复印与纠纷无关的病历资料
B.隐匿与纠纷有关的病历资料
C.未及时更新患者的联系方式
D.伪造患者的血液检测报告
E.手术中违反操作规范
【思考过程】：",BDE,Doubao-1.5-Thinking,"【思考过程】：根据《民法典》第1222条规定，患者在诊疗活动中受到损害，有下列情形之一的，推定医疗机构有过错：（一）违反法律、行政法规、规章以及其他有关诊疗规范的规定；（二）隐匿或者拒绝提供与纠纷有关的病历资料；（三）遗失、伪造、篡改或者违法销毁病历资料。  

逐一分析选项：  
- 选项A：拒绝患者复印与“纠纷无关”的病历资料，不符合“与纠纷有关”的要件，不适用推定过错。  
- 选项B：隐匿与纠纷有关的病历资料，符合第（二）项规定，应推定过错。  
- 选项C：未及时更新患者联系方式，属于管理问题，不属于法定推定过错情形。  
- 选项D：伪造患者的血液检测报告（属于病历资料），符合第（三）项规定，应推定过错。  
- 选项E：手术中违反操作规范（属于违反诊疗规范），符合第（一）项规定，应推定过错。  

【最终答案】：BDE",客观题,BDE
常规诊疗,"你是一个严格按照要求答题的医学考试考生。请你先展示出完整的思考过程，然后再输出最终答案。每道题目有至少两个选项（A、B）至多五个选项（A、B、C、D、E），题目为不定项选择题，请按照以下格式作答：

【思考过程】：...

【最终答案】：AB / BCE / CD / DE / E / ...（只输出选项的编号，不要写选项内容）

示例：
题目：医疗伦理中四大基本原则是？
A.尊重自主权
B.善意行为
C.无害原则
D.公正原则
E.以上都不是
【思考过程】：本题考查医学伦理的四大基本原则，包括尊重自主权、不伤害原则、行善原则、公正原则。

【最终答案】：ABCD

题目：以下哪种情形下，医疗机构可能不承担赔偿责任？
A.患者家属阻挠医生实施符合诊疗规范的化疗方案
B.急性心梗患者心脏骤停时，急救人员因优先实施气管插管而延误胸外按压
C.某地方医院受限于医疗条件未能诊断为2018年才被国际确认的罕见病
D.因未及时采购新型显微设备导致误诊
【思考过程】：",ABC,Doubao-1.5-Thinking,"【思考过程】：本题需依据《民法典》医疗损害责任相关规定分析各选项。  
- 选项A：患者家属阻挠符合诊疗规范的化疗方案，属于《民法典》第1224条规定的“患者或者其近亲属不配合医疗机构进行符合诊疗规范的诊疗”情形，若医疗机构无过错，则不承担赔偿责任。  
- 选项B：急性心梗患者心脏骤停时，急救人员优先气管插管延误胸外按压。胸外按压是心脏骤停急救的核心措施，优先气管插管可能违反诊疗规范，存在过错，需承担责任。  
- 选项C：地方医院受限于医疗条件未诊断2018年新确认的罕见病，符合“限于当时的医疗水平难以诊疗”（《民法典》第1224条），不承担责任。  
- 选项D：未及时采购新型设备导致误诊，属于医疗机构管理失职，存在过错，需承担责任。  

【最终答案】：AC",客观题,AC
常规诊疗,"你是一个严格按照要求答题的医学考试考生。请你先展示出完整的思考过程，然后再输出最终答案。每道题目有至少两个选项（A、B）至多五个选项（A、B、C、D、E），题目为不定项选择题，请按照以下格式作答：

【思考过程】：...

【最终答案】：AB / BCE / CD / DE / E / ...（只输出选项的编号，不要写选项内容）

示例：
题目：医疗伦理中四大基本原则是？
A.尊重自主权
B.善意行为
C.无害原则
D.公正原则
E.以上都不是
【思考过程】：本题考查医学伦理的四大基本原则，包括尊重自主权、不伤害原则、行善原则、公正原则。

【最终答案】：ABCD

题目：医疗机构及其医务人员在下列哪几种情形下需承担侵权责任？
A.将患者糖尿病史作为教学案例时隐去姓名
B.值班护士误将患者检验单遗留在公共候诊区
C.未经许可向药品推广人员提供患者联系方式
D.为研究目的公开确诊抑郁症患者的完整病历且未获患者书面同意
E.因系统漏洞导致患者就诊记录被黑客窃取但未传播
【思考过程】：",CD,Doubao-1.5-Thinking,"【思考过程】：本题需依据《民法典》《个人信息保护法》等相关法律，分析各选项是否符合医疗机构承担侵权责任的情形（主要涉及患者隐私及个人信息保护）：

- **选项A**：将患者糖尿病史作为教学案例时隐去姓名，属于合理使用患者信息（已隐去可识别个人的信息），不构成侵权，无需承担责任。  
- **选项B**：值班护士误将检验单遗留在公共候诊区，导致患者健康信息可能被他人获取，属于因疏忽泄露患者隐私，医疗机构需承担侵权责任。  
- **选项C**：未经许可向药品推广人员提供患者联系方式，属于非法提供患者个人信息，侵犯患者个人信息权益，需承担侵权责任。  
- **选项D**：为研究目的公开抑郁症患者完整病历且未获书面同意，病历属于患者敏感个人信息，公开需患者同意，否则侵犯隐私权，需承担侵权责任。  
- **选项E**：因系统漏洞导致就诊记录被黑客窃取（即使未传播），医疗机构因未履行安全保障义务（系统漏洞未修复）存在过错，导致患者信息泄露，需承担侵权责任。  

【最终答案】：BCDE",客观题,BCDE
常规诊疗,"你是一个严格按照要求答题的医学考试考生。请你先展示出完整的思考过程，然后再输出最终答案。每道题目有至少两个选项（A、B）至多五个选项（A、B、C、D、E），题目为不定项选择题，请按照以下格式作答：

【思考过程】：...

【最终答案】：AB / BCE / CD / DE / E / ...（只输出选项的编号，不要写选项内容）

示例：
题目：医疗伦理中四大基本原则是？
A.尊重自主权
B.善意行为
C.无害原则
D.公正原则
E.以上都不是
【思考过程】：本题考查医学伦理的四大基本原则，包括尊重自主权、不伤害原则、行善原则、公正原则。

【最终答案】：ABCD

题目：根据我国《医师法》，下列哪些情形应当注销医师注册并废止医师执业证书？
A.因患病主动辞职离岗满3年
B.因医疗纠纷被吊销医疗机构执业许可证
C.被法院判决构成医疗事故罪
D.中止医师执业活动超过3年
E.累计两次医师定期考核间隔期超过半年未通过
【思考过程】：",C,Doubao-1.5-Thinking,"【思考过程】：本题考查《医师法》中关于注销医师注册并废止医师执业证书的情形。根据2021年修订的《医师法》第十七条规定，医师注册后有下列情形之一的，应注销注册并废止医师执业证书：（一）死亡；（二）被宣告失踪；（三）受刑事处罚；（四）受吊销医师执业证书行政处罚；（五）暂停执业活动期满后再次考核仍不合格；（六）中止医师执业活动满二年；（七）其他法定情形。

逐一分析选项：
- 选项A：“因患病主动辞职离岗满3年”属于中止执业活动满二年（3年超过2年），符合第（六）项，应注销。
- 选项B：“因医疗纠纷被吊销医疗机构执业许可证”涉及的是医疗机构资质，与医师个人注册无关，不直接导致医师注册注销。
- 选项C：“被法院判决构成医疗事故罪”属于受刑事处罚，符合第（三）项，应注销。
- 选项D：“中止医师执业活动超过3年”超过二年，符合第（六）项“中止满二年”的条件，应注销。
- 选项E：“累计两次医师定期考核间隔期超过半年未通过”不符合“暂停执业期满后再次考核仍不合格”的要求（需连续考核不合格），不直接导致注销。

【最终答案】：ACD",客观题,ACD
常规诊疗,"你是一个严格按照要求答题的医学考试考生。请你先展示出完整的思考过程，然后再输出最终答案。每道题目有至少两个选项（A、B）至多五个选项（A、B、C、D、E），题目为不定项选择题，请按照以下格式作答：

【思考过程】：...

【最终答案】：AB / BCE / CD / DE / E / ...（只输出选项的编号，不要写选项内容）

示例：
题目：医疗伦理中四大基本原则是？
A.尊重自主权
B.善意行为
C.无害原则
D.公正原则
E.以上都不是
【思考过程】：本题考查医学伦理的四大基本原则，包括尊重自主权、不伤害原则、行善原则、公正原则。

【最终答案】：ABCD

题目：医疗机构在发现医师存在哪种情形时，必须在30日内报告卫生健康主管部门？
A.医师因身体原因暂停执业活动满一年
B.医师被患者投诉服务态度恶劣
C.医师中止医师执业活动满两年
D.医师因考核不合格被暂停执业后再次考核仍不合格
E.医师在社交媒体发表不当言论
【思考过程】：",CD,Doubao-1.5-Thinking,"【思考过程】：本题考查医疗机构对医师情形的报告义务，需依据《医师法》相关规定。根据《医师法》第十六条，医师注册后出现以下情形时，所在机构应30日内报告卫生健康主管部门并注销注册：（一）死亡；（二）受刑事处罚；（三）被吊销医师执业证书；（四）定期考核不合格，暂停执业后再次考核仍不合格；（五）中止执业活动满二年；（六）其他法定情形。  
- 选项A：身体原因暂停执业满一年未达“中止满二年”的法定报告标准，不选。  
- 选项B：患者投诉服务态度恶劣属于内部管理问题，无需上报主管部门，不选。  
- 选项C：中止执业满二年符合《医师法》第十六条第（五）项，需报告。  
- 选项D：考核不合格被暂停后再次考核仍不合格符合第十六条第（四）项，需报告。  
- 选项E：社交媒体不当言论未明确涉及法定注销情形，不选。  

【最终答案】：CD",客观题,CD
常规诊疗,"你是一个严格按照要求答题的医学考试考生。请你先展示出完整的思考过程，然后再输出最终答案。每道题目有至少两个选项（A、B）至多五个选项（A、B、C、D、E），题目为不定项选择题，请按照以下格式作答：

【思考过程】：...

【最终答案】：AB / BCE / CD / DE / E / ...（只输出选项的编号，不要写选项内容）

示例：
题目：医疗伦理中四大基本原则是？
A.尊重自主权
B.善意行为
C.无害原则
D.公正原则
E.以上都不是
【思考过程】：本题考查医学伦理的四大基本原则，包括尊重自主权、不伤害原则、行善原则、公正原则。

【最终答案】：ABCD

题目：医师注册后出现以下哪些情形应当注销注册并废止医师执业证书？
A.医师因受贿罪被判处有期徒刑三年
B.医师连续两年未参加定期考核
C.中止医师执业活动满三年
D.医疗事故导致患者死亡但未被吊销证书
E.医院因编制调整暂停医师执业
【思考过程】：",A,Doubao-1.5-Thinking,"【思考过程】：根据《中华人民共和国医师法》相关规定，医师注册后需注销注册并废止执业证书的情形包括：  
- 选项A：因受贿罪被判处有期徒刑三年属于“受刑事处罚”（《医师法》第十六条第二项），应注销注册。  
- 选项B：连续两年未参加定期考核，需进一步判断是否属于“再次考核仍不合格”。仅未参加考核不直接导致注销，需暂停执业后再次考核仍不合格才符合注销条件，故B不选。  
- 选项C：中止医师执业活动满三年超过法定“中止满二年”的期限（《医师法》第十六条第五项），应注销注册。  
- 选项D：医疗事故导致患者死亡但未被吊销证书，未涉及“受吊销医师执业证书行政处罚”（《医师法》第十六条第三项），故不选。  
- 选项E：医院因编制调整暂停执业属于单位内部调整，非医师主动或法定中止执业情形，不触发注销条件，故不选。  

【最终答案】：AC",客观题,AC
常规诊疗,"你是一个严格按照要求答题的医学考试考生。请你先展示出完整的思考过程，然后再输出最终答案。每道题目有至少两个选项（A、B）至多五个选项（A、B、C、D、E），题目为不定项选择题，请按照以下格式作答：

【思考过程】：...

【最终答案】：AB / BCE / CD / DE / E / ...（只输出选项的编号，不要写选项内容）

示例：
题目：医疗伦理中四大基本原则是？
A.尊重自主权
B.善意行为
C.无害原则
D.公正原则
E.以上都不是
【思考过程】：本题考查医学伦理的四大基本原则，包括尊重自主权、不伤害原则、行善原则、公正原则。

【最终答案】：ABCD

题目：以下哪些属于医师在执业活动中必须履行的义务？（多选）
A.遵循临床诊疗指南和医学伦理规范
B.定期更新医学知识并提升专业能力
C.向患者收取药品回扣以提高收入
D.宣传与岗位无关的健康知识
E.泄露患者隐私信息用于医学研究
【思考过程】：",AB,Doubao-1.5-Thinking,"【思考过程】：本题考查医师在执业活动中的法定义务。根据《中华人民共和国医师法》规定，医师在执业活动中需履行以下义务：遵守法律、法规，遵循临床诊疗指南和医学伦理规范（对应选项A）；树立敬业精神，遵守职业道德，履行医师职责；关心、爱护、尊重患者，保护患者的隐私（E错误）；努力钻研业务，更新知识，提高专业技术水平（对应选项B）；宣传卫生保健知识，对患者进行健康教育（与岗位无关的健康知识非必须，D错误）。收取药品回扣（C）属于违法行为，泄露患者隐私（E）违反保密义务，均非义务。

【最终答案】：AB",客观题,AB
常规诊疗,"你是一个严格按照要求答题的医学考试考生。请你先展示出完整的思考过程，然后再输出最终答案。每道题目有至少两个选项（A、B）至多五个选项（A、B、C、D、E），题目为不定项选择题，请按照以下格式作答：

【思考过程】：...

【最终答案】：AB / BCE / CD / DE / E / ...（只输出选项的编号，不要写选项内容）

示例：
题目：医疗伦理中四大基本原则是？
A.尊重自主权
B.善意行为
C.无害原则
D.公正原则
E.以上都不是
【思考过程】：本题考查医学伦理的四大基本原则，包括尊重自主权、不伤害原则、行善原则、公正原则。

【最终答案】：ABCD

题目：以下哪些属于医师在执业活动中必须履行的义务？
A.在社交媒体平台直播罕见病例诊疗过程
B.未获授权查阅亲属的就诊记录
C.定期参加专业能力提升培训
D.向慢性病患者推荐同业专家专著
E.要求门诊患者签署默认科普告知书
【思考过程】：",C,Doubao-1.5-Thinking,"【思考过程】：本题考查医师在执业活动中的法定义务。根据《中华人民共和国医师法》规定，医师的义务包括：遵守法律、法规及技术规范；保护患者隐私；努力钻研业务、提高专业技术水平；宣传卫生保健知识、对患者进行健康教育等。

- 选项A：直播诊疗过程可能泄露患者隐私，违反“保护患者隐私”义务，不属于必须履行的义务。  
- 选项B：未获授权查阅亲属就诊记录侵犯患者隐私权，违反法定义务，不属于必须履行的义务。  
- 选项C：定期参加专业培训符合“努力钻研业务、提高专业技术水平”的义务，属于必须履行的义务。  
- 选项D：推荐专家专著属于自愿提供额外帮助，非法定强制义务。  
- 选项E：要求签署“默认科普告知书”无明确法律依据，且“默认”可能违背患者自主意愿，不属于必须履行的义务。  

【最终答案】：C",客观题,C
常规诊疗,"你是一个严格按照要求答题的医学考试考生。请你先展示出完整的思考过程，然后再输出最终答案。每道题目有至少两个选项（A、B）至多五个选项（A、B、C、D、E），题目为不定项选择题，请按照以下格式作答：

【思考过程】：...

【最终答案】：AB / BCE / CD / DE / E / ...（只输出选项的编号，不要写选项内容）

示例：
题目：医疗伦理中四大基本原则是？
A.尊重自主权
B.善意行为
C.无害原则
D.公正原则
E.以上都不是
【思考过程】：本题考查医学伦理的四大基本原则，包括尊重自主权、不伤害原则、行善原则、公正原则。

【最终答案】：ABCD

题目：以下哪项属于医师在执业活动中必须履行的义务？
A.执行疫情防控等公共卫生措施
B.遵循临床技术操作规范
C.对未成年人进行交通法规科普宣传
D.参与抗癌新药临床试验
E.保护患者隐私和个人信息
【思考过程】：",ABE,Doubao-1.5-Thinking,"【思考过程】：根据《中华人民共和国医师法》及相关法规，医师在执业活动中的义务主要包括：遵守法律、法规和技术操作规范（对应选项B）；保护患者隐私和个人信息（对应选项E）；执行疫情防控等公共卫生措施（属于公共卫生职责的一部分，对应选项A）。选项C中“交通法规科普”不属于医师专业领域的义务；选项D“参与新药临床试验”属于自愿或研究性活动，非法定必须履行的义务。

【最终答案】：ABE",客观题,ABE
常规诊疗,"你是一个严格按照要求答题的医学考试考生。请你先展示出完整的思考过程，然后再输出最终答案。每道题目有至少两个选项（A、B）至多五个选项（A、B、C、D、E），题目为不定项选择题，请按照以下格式作答：

【思考过程】：...

【最终答案】：AB / BCE / CD / DE / E / ...（只输出选项的编号，不要写选项内容）

示例：
题目：医疗伦理中四大基本原则是？
A.尊重自主权
B.善意行为
C.无害原则
D.公正原则
E.以上都不是
【思考过程】：本题考查医学伦理的四大基本原则，包括尊重自主权、不伤害原则、行善原则、公正原则。

【最终答案】：ABCD

题目：以下哪些行为违反了上述法规？
A.未亲自诊查即开具慢性病处方
B.按规范程序报废并销毁存储满三年的病历原件
C.篡改患者血脂异常检查结果以匹配诊断结论
D.内科医师为车祸伤者出具完全丧失劳动能力的骨科证明
E.在急诊值班时代签其他医师负责患者的抢救医嘱
【思考过程】：",ACDE,Doubao-1.5-Thinking,"【思考过程】：本题需判断各选项是否违反相关法规，逐一分析如下：  
- **选项A**：根据《处方管理办法》，医师需亲自诊查患者后开具处方，未亲自诊查即开具慢性病处方违反规定。  
- **选项B**：《医疗机构病历管理规定》明确门（急）诊病历保存不少于15年，住院病历不少于30年。存储满三年即销毁病历原件未达法定保存期限，属于违规。  
- **选项C**：《医疗纠纷预防和处理条例》禁止篡改、伪造病历资料，篡改检查结果以匹配诊断结论直接违反此规定。  
- **选项D**：《执业医师法》要求医师在注册的执业范围内执业，内科医师出具骨科相关劳动能力证明超出执业范围，属于违规。  
- **选项E**：《病历书写基本规范》规定医嘱需由执业医师本人签名，代签其他医师的抢救医嘱属于伪造或篡改病历记录，违反规定。  

【最终答案】：ABCDE",客观题,ABCDE
常规诊疗,"你是一个严格按照要求答题的医学考试考生。请你先展示出完整的思考过程，然后再输出最终答案。每道题目有至少两个选项（A、B）至多五个选项（A、B、C、D、E），题目为不定项选择题，请按照以下格式作答：

【思考过程】：...

【最终答案】：AB / BCE / CD / DE / E / ...（只输出选项的编号，不要写选项内容）

示例：
题目：医疗伦理中四大基本原则是？
A.尊重自主权
B.善意行为
C.无害原则
D.公正原则
E.以上都不是
【思考过程】：本题考查医学伦理的四大基本原则，包括尊重自主权、不伤害原则、行善原则、公正原则。

【最终答案】：ABCD

题目：以下哪些情况需医师向患者详细说明医疗风险并取得明确同意？
A.常规实验室检查
B.实施外科手术
C.开展特殊影像学检查
D.使用新型生物治疗技术
E.开具普通抗生素
【思考过程】：",BCD,Doubao-1.5-Thinking,"【思考过程】：根据相关医疗法规（如《医疗纠纷预防和处理条例》《执业医师法》等），医师需向患者详细说明医疗风险并取得明确同意的情况通常包括具有创伤性、高风险性或非常规的医疗操作。分析各选项：  
- A. 常规实验室检查（如抽血、尿常规）：属于低风险常规操作，一般无需详细说明风险并取得明确同意。  
- B. 实施外科手术：手术具有明确创伤性和风险，必须详细说明风险并取得患者同意。  
- C. 开展特殊影像学检查（如增强CT需注射造影剂）：可能涉及过敏等风险，属于特殊检查，需详细说明风险并取得同意。  
- D. 使用新型生物治疗技术：属于新技术，存在未知或较高风险，需详细说明并取得同意。  
- E. 开具普通抗生素：普通药物风险较低，无需特别详细说明风险并取得明确同意。  

综上，需详细说明并取得同意的情况为B、C、D。

【最终答案】：BCD",客观题,BCD
常规诊疗,"你是一个严格按照要求答题的医学考试考生。请你先展示出完整的思考过程，然后再输出最终答案。每道题目有至少两个选项（A、B）至多五个选项（A、B、C、D、E），题目为不定项选择题，请按照以下格式作答：

【思考过程】：...

【最终答案】：AB / BCE / CD / DE / E / ...（只输出选项的编号，不要写选项内容）

示例：
题目：医疗伦理中四大基本原则是？
A.尊重自主权
B.善意行为
C.无害原则
D.公正原则
E.以上都不是
【思考过程】：本题考查医学伦理的四大基本原则，包括尊重自主权、不伤害原则、行善原则、公正原则。

【最终答案】：ABCD

题目：医师开展新型血糖仪临床研究时，必须满足以下哪些要求？
A.项目设计符合省级技术标准
B.采用三级医院制定的伦理规范
C.通过机构伦理委员会审查
D.获得患者的口头使用授权
E.在医保备案系统登记项目信息
【思考过程】：",C,Doubao-1.5-Thinking,"【思考过程】：本题考查临床研究的伦理与规范要求。临床研究涉及人体受试者时，必须通过机构伦理委员会审查（C正确），这是确保研究符合伦理的核心要求。项目设计应符合国家或行业标准（如GCP），而非省级技术标准（A错误）。伦理规范应遵循国际或国家统一标准（如赫尔辛基宣言），而非三级医院自行制定（B错误）。患者参与需获得书面知情同意，口头授权不符合规范（D错误）。医保备案非临床研究的必要条件（E错误）。

【最终答案】：C",客观题,C
常规诊疗,"你是一个严格按照要求答题的医学考试考生。请你先展示出完整的思考过程，然后再输出最终答案。每道题目有至少两个选项（A、B）至多五个选项（A、B、C、D、E），题目为不定项选择题，请按照以下格式作答：

【思考过程】：...

【最终答案】：AB / BCE / CD / DE / E / ...（只输出选项的编号，不要写选项内容）

示例：
题目：医疗伦理中四大基本原则是？
A.尊重自主权
B.善意行为
C.无害原则
D.公正原则
E.以上都不是
【思考过程】：本题考查医学伦理的四大基本原则，包括尊重自主权、不伤害原则、行善原则、公正原则。

【最终答案】：ABCD

题目：在因抢救生命垂危患者无法取得意见的情况下，实施医疗措施需符合哪些条件？
A.现场所有医护人员表决通过
B.主治医师独立批准即可
C.医疗机构负责人或授权人批准
D.患者直系亲属电话口头同意
E.等待医疗伦理委员会审议后实施
【思考过程】：",C,Doubao-1.5-Thinking,"【思考过程】：根据《民法典》第1220条规定，因抢救生命垂危的患者等紧急情况，不能取得患者或者其近亲属意见的，经医疗机构负责人或者授权的负责人批准，可以立即实施相应的医疗措施。分析各选项：A选项“现场所有医护人员表决通过”无法律依据；B选项“主治医师独立批准”不符合“医疗机构负责人或授权人”的要求；C选项“医疗机构负责人或授权人批准”符合法律规定；D选项“患者直系亲属电话口头同意”与“无法取得意见”的前提矛盾；E选项“等待医疗伦理委员会审议”不符合紧急情况下需立即实施的要求。

【最终答案】：C",客观题,C
常规诊疗,"你是一个严格按照要求答题的医学考试考生。请你先展示出完整的思考过程，然后再输出最终答案。每道题目有至少两个选项（A、B）至多五个选项（A、B、C、D、E），题目为不定项选择题，请按照以下格式作答：

【思考过程】：...

【最终答案】：AB / BCE / CD / DE / E / ...（只输出选项的编号，不要写选项内容）

示例：
题目：医疗伦理中四大基本原则是？
A.尊重自主权
B.善意行为
C.无害原则
D.公正原则
E.以上都不是
【思考过程】：本题考查医学伦理的四大基本原则，包括尊重自主权、不伤害原则、行善原则、公正原则。

【最终答案】：ABCD

题目：除按照规范用于诊断治疗外，医师不得使用以下哪些药品？
A.麻醉药品
B.青霉素类抗生素
C.医疗用毒性药品
D.精神药品
E.放射性药品
【思考过程】：",ACDE,Doubao-1.5-Thinking,"【思考过程】：根据《中华人民共和国药品管理法》及相关法规，我国对麻醉药品、精神药品、医疗用毒性药品、放射性药品实行特殊管理（即“特殊管理药品”）。这些药品因具有高风险性（如成瘾性、毒性、放射性等），法律规定除严格按照规范用于诊断、治疗外，医师不得使用。青霉素类抗生素（B）属于常规抗菌药物，不属于特殊管理药品，医师可在符合诊疗规范的情况下使用。因此，本题应选特殊管理的药品类别。

【最终答案】：ACDE",客观题,ACDE
常规诊疗,"你是一个严格按照要求答题的医学考试考生。请你先展示出完整的思考过程，然后再输出最终答案。每道题目有至少两个选项（A、B）至多五个选项（A、B、C、D、E），题目为不定项选择题，请按照以下格式作答：

【思考过程】：...

【最终答案】：AB / BCE / CD / DE / E / ...（只输出选项的编号，不要写选项内容）

示例：
题目：医疗伦理中四大基本原则是？
A.尊重自主权
B.善意行为
C.无害原则
D.公正原则
E.以上都不是
【思考过程】：本题考查医学伦理的四大基本原则，包括尊重自主权、不伤害原则、行善原则、公正原则。

【最终答案】：ABCD

题目：在尚无有效治疗手段的特殊情况下，医师采用药品说明书外的用法需满足哪些条件？
A.获得科室主任签字同意
B.取得患者明确知情同意
C.具备循证医学证据支持
D.经多机构专家会诊认可
E.医疗机构审核处方适宜性
【思考过程】：",BCE,Doubao-1.5-Thinking,"【思考过程】：根据相关医学规范和指南，超药品说明书用药（尚无有效治疗手段时）需满足的核心条件包括：1. 需有循证医学证据支持（C正确）；2. 必须取得患者明确知情同意（B正确）；3. 需经医疗机构审核处方适宜性（如药事管理委员会等部门评估，E正确）。科室主任签字（A）并非法定必要条件，多机构专家会诊（D）也无明确强制要求。因此，正确条件为B、C、E。

【最终答案】：BCE",客观题,BCE
常规诊疗,"你是一个严格按照要求答题的医学考试考生。请你先展示出完整的思考过程，然后再输出最终答案。每道题目有至少两个选项（A、B）至多五个选项（A、B、C、D、E），题目为不定项选择题，请按照以下格式作答：

【思考过程】：...

【最终答案】：AB / BCE / CD / DE / E / ...（只输出选项的编号，不要写选项内容）

示例：
题目：医疗伦理中四大基本原则是？
A.尊重自主权
B.善意行为
C.无害原则
D.公正原则
E.以上都不是
【思考过程】：本题考查医学伦理的四大基本原则，包括尊重自主权、不伤害原则、行善原则、公正原则。

【最终答案】：ABCD

题目：以下哪些行为违反了医师职业伦理与相关法规？
A.医师要求患者到指定药店购买高价药品，B.根据患者症状开具常规血常规检查，C.未经验证患者症状即开具昂贵影像学检查，D.主动拒绝患者家属赠送的购物卡，E.为长期随访患者定期复查肝功能
【思考过程】：",AC,Doubao-1.5-Thinking,"【思考过程】：本题需判断哪些行为违反医师职业伦理与法规。A选项中，医师要求患者到指定药店购买高价药品，可能涉及利益输送或回扣，违反《医师法》中关于禁止牟取不正当利益的规定。B选项开具常规血常规检查是合理诊疗行为，符合规范。C选项未经验证症状即开昂贵影像学检查，属于过度医疗，违反合理诊疗原则。D选项拒绝购物卡是遵守伦理的正确行为。E选项定期复查肝功能是对患者负责的随访行为，符合伦理。因此违规的是A和C。

【最终答案】：AC",客观题,AC
常规诊疗,"你是一个严格按照要求答题的医学考试考生。请你先展示出完整的思考过程，然后再输出最终答案。每道题目有至少两个选项（A、B）至多五个选项（A、B、C、D、E），题目为不定项选择题，请按照以下格式作答：

【思考过程】：...

【最终答案】：AB / BCE / CD / DE / E / ...（只输出选项的编号，不要写选项内容）

示例：
题目：医疗伦理中四大基本原则是？
A.尊重自主权
B.善意行为
C.无害原则
D.公正原则
E.以上都不是
【思考过程】：本题考查医学伦理的四大基本原则，包括尊重自主权、不伤害原则、行善原则、公正原则。

【最终答案】：ABCD

题目：医师在执业活动中发现以下哪些情形时，应当及时向所在机构或有关部门报告？
A.发现某批次疫苗存在异常过敏反应记录
B.患者因自行服用中药导致肝功能异常
C.某住院患者因误诊导致永久性残疾
D.门诊查获标注有效期篡改的降压药片
E.社区突发多例发热伴皮疹的聚集性病例
【思考过程】：",ACDE,Doubao-1.5-Thinking,"【思考过程】：本题需依据相关法律法规判断医师应报告的情形：  
- **选项A**：疫苗异常过敏反应属于预防接种异常反应监测范围，根据《疫苗流通和预防接种管理条例》，需向机构或有关部门报告。  
- **选项B**：患者自行服用中药导致肝功能异常，属于个人行为，无明确法规要求医师必须报告此类非医疗行为引发的不良反应。  
- **选项C**：误诊导致永久性残疾属于医疗事故，依据《医疗事故处理条例》，医师需向所在机构报告。  
- **选项D**：篡改有效期的降压药属于劣药（《药品管理法》规定），发现假劣药品需向药品监管部门报告。  
- **选项E**：社区多例发热伴皮疹的聚集性病例可能涉及传染病或突发公共卫生事件，根据《传染病防治法》和《突发公共卫生事件应急条例》，需及时报告。  

【最终答案】：ACDE",客观题,ACDE
常规诊疗,"你是一个严格按照要求答题的医学考试考生。请你先展示出完整的思考过程，然后再输出最终答案。每道题目有至少两个选项（A、B）至多五个选项（A、B、C、D、E），题目为不定项选择题，请按照以下格式作答：

【思考过程】：...

【最终答案】：AB / BCE / CD / DE / E / ...（只输出选项的编号，不要写选项内容）

示例：
题目：医疗伦理中四大基本原则是？
A.尊重自主权
B.善意行为
C.无害原则
D.公正原则
E.以上都不是
【思考过程】：本题考查医学伦理的四大基本原则，包括尊重自主权、不伤害原则、行善原则、公正原则。

【最终答案】：ABCD

题目：下列哪种情形下医师无需立即向有关部门报告？
A.发现患者因流感症状就诊，诊断为普通感冒
B.发现一名患者使用某降压药后出现严重皮疹
C.发现某批次药品有效成分不足，怀疑为假药
D.发现患者因家庭纠纷导致的轻微外伤
E.手术过程中因操作失误导致患者器官损伤
【思考过程】：",D,Doubao-1.5-Thinking,"【思考过程】：本题需判断哪些情形下医师无需立即向有关部门报告，需结合相关法律法规分析各选项：

- **选项A**：普通感冒不属于《传染病防治法》规定的法定传染病（如甲类、乙类或丙类传染病），因此无需向疾控部门报告传染病相关情况。  
- **选项B**：严重药品不良反应（如使用降压药后出现严重皮疹）需依据《药品不良反应报告和监测管理办法》向药品监管部门报告。  
- **选项C**：怀疑药品为假药（如有效成分不足）需根据《药品管理法》向药品监管部门报告。  
- **选项D**：家庭纠纷导致的轻微外伤，若未涉及无/限制民事行为能力人受家暴或刑事案件（题目未明确），通常不属于法定立即报告范围。  
- **选项E**：手术操作失误导致器官损伤可能构成医疗事故，需依据《医疗事故处理条例》向卫生行政部门报告。  

综上，无需立即报告的情形为A和D。

【最终答案】：AD",客观题,AD
常规诊疗,"你是一个严格按照要求答题的医学考试考生。请你先展示出完整的思考过程，然后再输出最终答案。每道题目有至少两个选项（A、B）至多五个选项（A、B、C、D、E），题目为不定项选择题，请按照以下格式作答：

【思考过程】：...

【最终答案】：AB / BCE / CD / DE / E / ...（只输出选项的编号，不要写选项内容）

示例：
题目：医疗伦理中四大基本原则是？
A.尊重自主权
B.善意行为
C.无害原则
D.公正原则
E.以上都不是
【思考过程】：本题考查医学伦理的四大基本原则，包括尊重自主权、不伤害原则、行善原则、公正原则。

【最终答案】：ABCD

题目：以下哪些行为属于医师执业中的违规行为？
A.未经患者同意进行手术
B.拒绝紧急救治导致延误
C.未能参加所有专业培训
D.未及时报告传染病疫情
E.诊疗疏忽导致患者残疾
【思考过程】：",ABDE,Doubao-1.5-Thinking,"【思考过程】：本题需判断哪些属于医师执业中的违规行为，依据相关法律法规分析如下：  
- **选项A**：根据《执业医师法》，医师实施手术需取得患者或其家属知情同意，未经同意属于侵犯患者知情同意权，属违规行为。  
- **选项B**：《执业医师法》第二十四条规定，医师不得拒绝急救处置急危患者，拒绝紧急救治导致延误违反该规定，属违规。  
- **选项C**：医师需参加继续医学教育，但“未能参加所有专业培训”无法律强制要求必须参加全部培训，不构成违规。  
- **选项D**：《传染病防治法》规定医师发现传染病需及时报告，未及时报告违反法定义务，属违规。  
- **选项E**：诊疗疏忽若违反诊疗规范（如过失行为），根据《医疗事故处理条例》，属于违规行为（医疗事故的核心是违规过失）。  

【最终答案】：ABDE",客观题,ABDE
常规诊疗,"你是一个严格按照要求答题的医学考试考生。请你先展示出完整的思考过程，然后再输出最终答案。每道题目有至少两个选项（A、B）至多五个选项（A、B、C、D、E），题目为不定项选择题，请按照以下格式作答：

【思考过程】：...

【最终答案】：AB / BCE / CD / DE / E / ...（只输出选项的编号，不要写选项内容）

示例：
题目：医疗伦理中四大基本原则是？
A.尊重自主权
B.善意行为
C.无害原则
D.公正原则
E.以上都不是
【思考过程】：本题考查医学伦理的四大基本原则，包括尊重自主权、不伤害原则、行善原则、公正原则。

【最终答案】：ABCD

题目：根据《医师法》相关规定，医师违反诊疗规范可能面临吊销执业证书的情形包含下列哪些行为？
A.对患者实施不必要的检查造成不良后果
B.利用职务之便索要患者财物
C.为患者合法实施理疗时收取正常劳务报酬
D.未经充分沟通实施必要检查
【思考过程】：",AB,Doubao-1.5-Thinking,"【思考过程】：本题需根据《医师法》判断哪些违反诊疗规范的行为可能导致吊销执业证书。  
- 选项A：“对患者实施不必要的检查造成不良后果”。根据《医师法》第五十五条，违反诊疗技术规范（如实施不必要的检查）且造成严重后果（不良后果），情节特别严重时可吊销执业证书，符合条件。  
- 选项B：“利用职务之便索要患者财物”。此行为属于《医师法》第五十六条规定的“利用职务之便牟取不正当利益”，虽可能被吊销，但属于违反职业道德或受贿范畴，并非直接违反诊疗规范，故不选。  
- 选项C：“为患者合法实施理疗时收取正常劳务报酬”。属于合法行为，不涉及违规，排除。  
- 选项D：“未经充分沟通实施必要检查”。虽可能违反告知义务（诊疗规范的一部分），但未明确“造成严重后果”，一般不构成吊销执业证书的情形，故不选。  

【最终答案】：A",客观题,A
常规诊疗,"你是一个严格按照要求答题的医学考试考生。请你先展示出完整的思考过程，然后再输出最终答案。每道题目有至少两个选项（A、B）至多五个选项（A、B、C、D、E），题目为不定项选择题，请按照以下格式作答：

【思考过程】：...

【最终答案】：AB / BCE / CD / DE / E / ...（只输出选项的编号，不要写选项内容）

示例：
题目：医疗伦理中四大基本原则是？
A.尊重自主权
B.善意行为
C.无害原则
D.公正原则
E.以上都不是
【思考过程】：本题考查医学伦理的四大基本原则，包括尊重自主权、不伤害原则、行善原则、公正原则。

【最终答案】：ABCD

题目：以下哪些行为符合我国关于患者知情同意权的规定？
A.医生仅在患者主动询问时告知常规检查的风险
B.实施胃肠镜检查前向患者说明可能的出血风险并签署同意书
C.急诊手术前仅取得患者口头同意即进行
D.因保护性医疗未向晚期癌症患者告知病情转为向其朋友说明治疗方案
E.临床试验新型降压药前通过医院伦理审查并向受试者签署知情同意书
【思考过程】：",BE,Doubao-1.5-Thinking,"【思考过程】：本题需判断各选项是否符合我国患者知情同意权的规定：

- **选项A**：医生应主动告知患者检查或治疗的风险，而非仅在患者主动询问时告知。常规检查的风险也需主动说明，因此A不符合规定。  
- **选项B**：胃肠镜属于有创检查，需向患者说明可能的风险（如出血）并签署知情同意书，符合规定。  
- **选项C**：根据《医疗纠纷预防和处理条例》，手术需取得患者或近亲属的书面同意（特殊紧急情况除外）。仅口头同意不符合“书面同意”的要求，因此C不符合规定。  
- **选项D**：保护性医疗应向患者近亲属说明病情和治疗方案，而非朋友（朋友不属于法定近亲属），因此D不符合规定。  
- **选项E**：临床试验需通过伦理审查，并向受试者充分说明风险、签署知情同意书，符合规定。  

【最终答案】：BE",客观题,BE
常规诊疗,"你是一个严格按照要求答题的医学考试考生。请你先展示出完整的思考过程，然后再输出最终答案。每道题目有至少两个选项（A、B）至多五个选项（A、B、C、D、E），题目为不定项选择题，请按照以下格式作答：

【思考过程】：...

【最终答案】：AB / BCE / CD / DE / E / ...（只输出选项的编号，不要写选项内容）

示例：
题目：医疗伦理中四大基本原则是？
A.尊重自主权
B.善意行为
C.无害原则
D.公正原则
E.以上都不是
【思考过程】：本题考查医学伦理的四大基本原则，包括尊重自主权、不伤害原则、行善原则、公正原则。

【最终答案】：ABCD

题目：以下哪些条件是医疗卫生技术被国家严格管理的必要条件？
A.技术难度大
B.医疗风险高
C.对服务能力和人员专业技术水平要求较高
D.技术成本高
E.服务人数多
【思考过程】：",ABC,Doubao-1.5-Thinking,"【思考过程】：国家对医疗卫生技术进行严格管理的必要条件通常基于技术本身的风险、难度及对实施条件的要求。根据《医疗技术临床应用管理办法》，需要严格管理的“限制类技术”需满足以下条件：技术难度大（A）、医疗风险高（B）、对医疗机构服务能力和人员专业技术水平要求较高（C）。技术成本高（D）和服务人数多（E）并非国家严格管理的必要条件，高风险或高难度技术即使成本低或服务人数少也可能被严格管理。因此，必要条件为A、B、C。

【最终答案】：ABC",客观题,ABC
常规诊疗,"你是一个严格按照要求答题的医学考试考生。请你先展示出完整的思考过程，然后再输出最终答案。每道题目有至少两个选项（A、B）至多五个选项（A、B、C、D、E），题目为不定项选择题，请按照以下格式作答：

【思考过程】：...

【最终答案】：AB / BCE / CD / DE / E / ...（只输出选项的编号，不要写选项内容）

示例：
题目：医疗伦理中四大基本原则是？
A.尊重自主权
B.善意行为
C.无害原则
D.公正原则
E.以上都不是
【思考过程】：本题考查医学伦理的四大基本原则，包括尊重自主权、不伤害原则、行善原则、公正原则。

【最终答案】：ABCD

题目：以下哪些行为符合医学伦理规范对医疗卫生人员的要求？
A.优先推荐使用最新昂贵的诊疗技术
B.根据患者病情选择适宜的治疗方案
C.在患者主动要求下增加不必要的检查项目
D.拒绝患者家属以红包形式表示的感谢
【思考过程】：",BD,Doubao-1.5-Thinking,"【思考过程】：医学伦理规范要求医疗卫生人员遵循不伤害、有利、尊重和公正原则，同时需廉洁行医、合理使用医疗资源。选项A优先推荐最新昂贵技术可能增加患者负担，不符合合理医疗原则；选项B根据病情选择适宜方案符合有利和不伤害原则；选项C在患者要求下增加不必要检查会带来伤害或负担，违背伦理；选项D拒绝红包符合廉洁行医要求。

【最终答案】：BD",客观题,BD
常规诊疗,"你是一个严格按照要求答题的医学考试考生。请你先展示出完整的思考过程，然后再输出最终答案。每道题目有至少两个选项（A、B）至多五个选项（A、B、C、D、E），题目为不定项选择题，请按照以下格式作答：

【思考过程】：...

【最终答案】：AB / BCE / CD / DE / E / ...（只输出选项的编号，不要写选项内容）

示例：
题目：医疗伦理中四大基本原则是？
A.尊重自主权
B.善意行为
C.无害原则
D.公正原则
E.以上都不是
【思考过程】：本题考查医学伦理的四大基本原则，包括尊重自主权、不伤害原则、行善原则、公正原则。

【最终答案】：ABCD

题目：下列哪种行为直接违反公民个人健康信息相关法律法规？
A.因医院内部管理需要共享患者健康信息
B.未经患者允许使用其健康信息进行科研
C.将患者健康信息非法加工后出售给第三方
D.通过非加密网络传输患者电子健康档案
E.将逝者近亲属的遗传性健康信息告知其子女
【思考过程】：",BCDE,Doubao-1.5-Thinking,"【思考过程】：本题需判断哪些行为直接违反公民个人健康信息相关法律法规。逐一分析各选项：  
- **选项A**：医院内部管理需要共享患者健康信息，若符合“最小必要”原则且属于合理诊疗或管理需求（如科室间协作），通常不违反规定，因此不直接违法。  
- **选项B**：根据《个人信息保护法》《生物安全法》，使用患者健康信息进行科研需取得患者明确同意（匿名化信息除外），未经允许即使用直接违反法律。  
- **选项C**：非法加工并出售患者健康信息属于《刑法》“侵犯公民个人信息罪”及《个人信息保护法》明确禁止的行为，直接违法。  
- **选项D**：《网络安全法》《个人信息保护法》要求处理个人信息需采取加密等安全措施，非加密传输电子健康档案可能导致信息泄露，违反安全保护义务，直接违法。  
- **选项E**：遗传性健康信息涉及近亲属健康权益，告知子女可能出于保护其健康的合理目的，通常不违反法律。  

综上，B、C、D为直接违法行为。  

【最终答案】：BCD",客观题,BCD
常规诊疗,"你是一个严格按照要求答题的医学考试考生。请你先展示出完整的思考过程，然后再输出最终答案。每道题目有至少两个选项（A、B）至多五个选项（A、B、C、D、E），题目为不定项选择题，请按照以下格式作答：

【思考过程】：...

【最终答案】：AB / BCE / CD / DE / E / ...（只输出选项的编号，不要写选项内容）

示例：
题目：医疗伦理中四大基本原则是？
A.尊重自主权
B.善意行为
C.无害原则
D.公正原则
E.以上都不是
【思考过程】：本题考查医学伦理的四大基本原则，包括尊重自主权、不伤害原则、行善原则、公正原则。

【最终答案】：ABCD

题目：下列哪些属于医疗机构及其医务人员必须遵循的合理诊疗要求？
A.合理检查
B.合理用药
C.合理治疗
D.合理收费
E.合理护理
【思考过程】：",ABC,Doubao-1.5-Thinking,"【思考过程】：合理诊疗要求主要围绕诊疗行为本身的科学性和必要性展开。根据相关法规和医学规范，合理诊疗包括合理检查（A）、合理用药（B）、合理治疗（C）和合理护理（E），这些均是针对诊疗过程中具体医疗行为的规范要求。而合理收费（D）更多涉及医疗费用管理，属于价格监管范畴，并非直接的诊疗行为要求。因此，属于合理诊疗要求的选项为A、B、C、E。

【最终答案】：ABCE",客观题,ABCE
常规诊疗,"你是一个严格按照要求答题的医学考试考生。请你先展示出完整的思考过程，然后再输出最终答案。每道题目有至少两个选项（A、B）至多五个选项（A、B、C、D、E），题目为不定项选择题，请按照以下格式作答：

【思考过程】：...

【最终答案】：AB / BCE / CD / DE / E / ...（只输出选项的编号，不要写选项内容）

示例：
题目：医疗伦理中四大基本原则是？
A.尊重自主权
B.善意行为
C.无害原则
D.公正原则
E.以上都不是
【思考过程】：本题考查医学伦理的四大基本原则，包括尊重自主权、不伤害原则、行善原则、公正原则。

【最终答案】：ABCD

题目：以下哪项不属于医疗机构合理用药原则的核心内容？
A.安全保障优先
B.患者知情权尊重
C.治疗方案经济性评估
D.成本优先原则
E.快速缓解症状
【思考过程】：",DE,Doubao-1.5-Thinking,"【思考过程】：医疗机构合理用药的核心原则通常包括安全、有效、经济、适当。安全是首要前提（A属于）；患者知情权是合理用药中“适当信息”的体现（B属于）；治疗方案的经济性评估是经济原则的具体要求（C属于）。而“成本优先原则”（D）违背了合理用药的核心，因其可能忽视安全或疗效；“快速缓解症状”（E）并非合理用药的核心原则，合理用药更强调有效而非单纯追求速度，但相较之下，“成本优先”更明确不属于核心内容。

【最终答案】：D",客观题,D
常规诊疗,"你是一个严格按照要求答题的医学考试考生。请你先展示出完整的思考过程，然后再输出最终答案。每道题目有至少两个选项（A、B）至多五个选项（A、B、C、D、E），题目为不定项选择题，请按照以下格式作答：

【思考过程】：...

【最终答案】：AB / BCE / CD / DE / E / ...（只输出选项的编号，不要写选项内容）

示例：
题目：医疗伦理中四大基本原则是？
A.尊重自主权
B.善意行为
C.无害原则
D.公正原则
E.以上都不是
【思考过程】：本题考查医学伦理的四大基本原则，包括尊重自主权、不伤害原则、行善原则、公正原则。

【最终答案】：ABCD

题目：以下哪些属于医疗机构及其医务人员在诊疗活动中必须遵循的原则？
A.患者家属全权代理决策的原则
B.知情同意原则
C.可向研究机构分享未匿名病例的原则
D.尊重患者自主选择权原则
E.最小医疗风险原则
【思考过程】：",BD,Doubao-1.5-Thinking,"【思考过程】：本题需判断医疗机构及其医务人员在诊疗活动中必须遵循的原则。  
- 选项A：患者家属“全权代理决策”不符合规定，患者本人有优先自主决策权，仅在无法自主时由家属代理，故A错误。  
- 选项B：知情同意是核心原则，医务人员需向患者或家属说明病情及措施并取得同意，故B正确。  
- 选项C：未匿名病例涉及患者隐私，未经同意不得分享，违反保密义务，故C错误。  
- 选项D：尊重患者自主选择权是医学伦理“尊重原则”的体现，医务人员应尊重患者合理选择，故D正确。  
- 选项E：最小医疗风险原则要求采取损伤最小、风险最低的措施，符合合理诊疗要求，故E正确。  

【最终答案】：BDE",客观题,BDE
常规诊疗,"你是一个严格按照要求答题的医学考试考生。请你先展示出完整的思考过程，然后再输出最终答案。每道题目有至少两个选项（A、B）至多五个选项（A、B、C、D、E），题目为不定项选择题，请按照以下格式作答：

【思考过程】：...

【最终答案】：AB / BCE / CD / DE / E / ...（只输出选项的编号，不要写选项内容）

示例：
题目：医疗伦理中四大基本原则是？
A.尊重自主权
B.善意行为
C.无害原则
D.公正原则
E.以上都不是
【思考过程】：本题考查医学伦理的四大基本原则，包括尊重自主权、不伤害原则、行善原则、公正原则。

【最终答案】：ABCD

题目：根据我国相关规定，医疗机构必须建立以下哪些事件的监测报告制度？
A.药品不良反应
B.药物滥用事件
C.医疗器械不良事件
D.药品损害事件
E.医疗设备采购违规
【思考过程】：",ACD,Doubao-1.5-Thinking,"【思考过程】：本题需根据我国相关法规判断医疗机构必须建立监测报告制度的事件。  
- **选项A（药品不良反应）**：根据《药品管理法》及《药品不良反应报告和监测管理办法》，医疗机构是药品不良反应监测的责任主体，必须建立监测报告制度。  
- **选项B（药物滥用事件）**：药物滥用主要涉及禁毒及特殊药品管理（如麻醉药品、精神药品），虽需登记管理，但法规未明确要求医疗机构必须建立专门的监测报告制度。  
- **选项C（医疗器械不良事件）**：《医疗器械不良事件监测和再评价管理办法》规定，医疗机构需对使用的医疗器械进行不良事件监测并报告，因此必须建立监测报告制度。  
- **选项D（药品损害事件）**：《医疗机构药事管理规定》明确要求医疗机构建立药品损害事件的监测报告制度，需及时核实、分析并报告。  
- **选项E（医疗设备采购违规）**：采购违规属于监管或审计范畴，与使用过程中的安全事件监测无关，不属于必须建立的监测报告制度。  

综上，医疗机构必须建立监测报告制度的事件为药品不良反应、医疗器械不良事件和药品损害事件。

【最终答案】：ACD",客观题,ACD
常规诊疗,"你是一个严格按照要求答题的医学考试考生。请你先展示出完整的思考过程，然后再输出最终答案。每道题目有至少两个选项（A、B）至多五个选项（A、B、C、D、E），题目为不定项选择题，请按照以下格式作答：

【思考过程】：...

【最终答案】：AB / BCE / CD / DE / E / ...（只输出选项的编号，不要写选项内容）

示例：
题目：医疗伦理中四大基本原则是？
A.尊重自主权
B.善意行为
C.无害原则
D.公正原则
E.以上都不是
【思考过程】：本题考查医学伦理的四大基本原则，包括尊重自主权、不伤害原则、行善原则、公正原则。

【最终答案】：ABCD

题目：以下哪一项不属于医疗机构及其医务人员在医疗活动中必须严格遵守的内容？
A.部门规章
B.行政法规
C.医疗卫生管理法律
D.所在科室的自定流程
E.诊疗护理规范
【思考过程】：",D,Doubao-1.5-Thinking,"【思考过程】：根据《医疗事故处理条例》等相关规定，医疗机构及其医务人员在医疗活动中必须严格遵守的内容包括医疗卫生管理法律（如《执业医师法》）、行政法规（如《医疗机构管理条例》）、部门规章（如《处方管理办法》）以及诊疗护理规范、常规。而所在科室的自定流程属于内部制定的非法定要求，不属于必须严格遵守的内容。

【最终答案】：D",客观题,D
常规诊疗,"你是一个严格按照要求答题的医学考试考生。请你先展示出完整的思考过程，然后再输出最终答案。每道题目有至少两个选项（A、B）至多五个选项（A、B、C、D、E），题目为不定项选择题，请按照以下格式作答：

【思考过程】：...

【最终答案】：AB / BCE / CD / DE / E / ...（只输出选项的编号，不要写选项内容）

示例：
题目：医疗伦理中四大基本原则是？
A.尊重自主权
B.善意行为
C.无害原则
D.公正原则
E.以上都不是
【思考过程】：本题考查医学伦理的四大基本原则，包括尊重自主权、不伤害原则、行善原则、公正原则。

【最终答案】：ABCD

题目：在抢救急危患者时，若未能及时书写病历，医务人员应在抢救结束后多少小时内据实补记？
A.4小时
B.5小时
C.6小时
D.8小时
E.12小时
【思考过程】：",C,Doubao-1.5-Thinking,"【思考过程】：根据《医疗事故处理条例》和《病历书写基本规范》的规定，在抢救急危患者时，因抢救未能及时书写病历的，医务人员应当在抢救结束后6小时内据实补记，并加以注明。因此正确的时间是6小时。

【最终答案】：C",客观题,C
常规诊疗,"你是一个严格按照要求答题的医学考试考生。请你先展示出完整的思考过程，然后再输出最终答案。每道题目有至少两个选项（A、B）至多五个选项（A、B、C、D、E），题目为不定项选择题，请按照以下格式作答：

【思考过程】：...

【最终答案】：AB / BCE / CD / DE / E / ...（只输出选项的编号，不要写选项内容）

示例：
题目：医疗伦理中四大基本原则是？
A.尊重自主权
B.善意行为
C.无害原则
D.公正原则
E.以上都不是
【思考过程】：本题考查医学伦理的四大基本原则，包括尊重自主权、不伤害原则、行善原则、公正原则。

【最终答案】：ABCD

题目：以下哪些行为违反病历资料管理相关法规？
A.正常修订病历后用蓝签字笔批注签名
B.虚构实验数据后替换原检查报告
C.将涉及医疗纠纷的病历列为""机密""文件保管
D.因存储空间不足销毁过期病历
E.患者要求带走检查资料时强行取走原件
【思考过程】：",BDE,Doubao-1.5-Thinking,"【思考过程】：本题需判断哪些行为违反病历资料管理相关法规，逐一分析如下：

- **选项A**：根据《病历书写基本规范》，病历修改需保留原记录清晰可辨，用双线划错字并注明修改时间、签名。规范未明确要求修改必须用红笔（书写可用蓝黑/碳素墨水），因此正常修订后用蓝笔批注签名不违规。  
- **选项B**：虚构实验数据并替换原检查报告属于伪造、篡改病历。《医疗纠纷预防和处理条例》明确禁止篡改、伪造病历资料，此行为违规。  
- **选项C**：涉及医疗纠纷的病历需按规定封存（医患双方在场），但列为“机密”文件保管属于加强管理，未违反法规中“严禁隐匿、销毁”等规定，不违规。  
- **选项D**：病历保存有明确期限（如住院病历至少30年）。即使“过期”，销毁前需经医疗机构负责人批准并登记备案。题目中“因存储空间不足”销毁，未提及履行法定程序，属于违规销毁。  
- **选项E**：患者有权复制病历资料，但原件由医疗机构保管。强行取走患者要求的检查资料原件（如患者持有的胶片）属于“抢夺病历”，违反《医疗纠纷预防和处理条例》中“严禁抢夺病历资料”的规定，违规。  

【最终答案】：BDE",客观题,BDE
常规诊疗,"你是一个严格按照要求答题的医学考试考生。请你先展示出完整的思考过程，然后再输出最终答案。每道题目有至少两个选项（A、B）至多五个选项（A、B、C、D、E），题目为不定项选择题，请按照以下格式作答：

【思考过程】：...

【最终答案】：AB / BCE / CD / DE / E / ...（只输出选项的编号，不要写选项内容）

示例：
题目：医疗伦理中四大基本原则是？
A.尊重自主权
B.善意行为
C.无害原则
D.公正原则
E.以上都不是
【思考过程】：本题考查医学伦理的四大基本原则，包括尊重自主权、不伤害原则、行善原则、公正原则。

【最终答案】：ABCD

题目：某癌症患者因情绪脆弱多次哭泣，医务人员应当如何处理病情告知？
A.为防止患者崩溃，仅向家属说明病情
B.按患者要求暂不告知直系亲属
C.立即在病房内公开讨论治疗方案细节
D.用渐进方式告知患者实情并评估心理状态
【思考过程】：",D,Doubao-1.5-Thinking,"【思考过程】：本题考查癌症患者病情告知的伦理处理原则。医学伦理强调尊重患者知情权，同时需考虑患者心理承受能力。  
- 选项A：仅向家属说明病情可能剥夺患者知情权（除非患者明确拒绝或无行为能力），题目未提及患者拒绝知情，故A错误。  
- 选项B：按患者要求暂不告知直系亲属需基于患者明确意愿，但题目未说明患者有此要求，无法确定是否适用，故B不选。  
- 选项C：公开讨论治疗方案违反隐私保护原则，且可能加重患者心理负担，明显错误。  
- 选项D：渐进式告知符合“逐步披露”原则，可评估患者心理状态后调整告知节奏，避免一次性冲击，符合伦理要求，故D正确。  

【最终答案】：D",客观题,D
常规诊疗,"你是一个严格按照要求答题的医学考试考生。请你先展示出完整的思考过程，然后再输出最终答案。每道题目有至少两个选项（A、B）至多五个选项（A、B、C、D、E），题目为不定项选择题，请按照以下格式作答：

【思考过程】：...

【最终答案】：AB / BCE / CD / DE / E / ...（只输出选项的编号，不要写选项内容）

示例：
题目：医疗伦理中四大基本原则是？
A.尊重自主权
B.善意行为
C.无害原则
D.公正原则
E.以上都不是
【思考过程】：本题考查医学伦理的四大基本原则，包括尊重自主权、不伤害原则、行善原则、公正原则。

【最终答案】：ABCD

题目：下列哪些环节符合医疗事故报告处理流程？
A.科室负责人直接向医疗机构负责人报告
B.质控人员接到报告后立即展开调查
C.质控部门在核实后向患者隐瞒情况
D.医务人员发现过失行为后延迟一天报告
E.负责医疗服务质量监控的部门向患者通报调查结果
【思考过程】：",BE,Doubao-1.5-Thinking,"【思考过程】：本题考查医疗事故报告处理流程的相关规定。根据《医疗事故处理条例》等法规：  
- 选项A错误：医务人员发现医疗过失应立即向科室负责人报告，科室负责人应向医疗机构负责医疗服务质量监控的部门（而非直接向医疗机构负责人）报告。  
- 选项B正确：质控人员接到报告后需立即展开调查、核实，符合“立即”的要求。  
- 选项C错误：质控部门核实后需如实处理，向患者隐瞒情况违反患者知情权。  
- 选项D错误：医务人员发现过失行为后应“立即报告”，延迟一天不符合规定。  
- 选项E正确：负责医疗服务质量监控的部门需向患者通报调查结果，保障患者知情权。  

【最终答案】：BE",客观题,BE
常规诊疗,"你是一个严格按照要求答题的医学考试考生。请你先展示出完整的思考过程，然后再输出最终答案。每道题目有至少两个选项（A、B）至多五个选项（A、B、C、D、E），题目为不定项选择题，请按照以下格式作答：

【思考过程】：...

【最终答案】：AB / BCE / CD / DE / E / ...（只输出选项的编号，不要写选项内容）

示例：
题目：医疗伦理中四大基本原则是？
A.尊重自主权
B.善意行为
C.无害原则
D.公正原则
E.以上都不是
【思考过程】：本题考查医学伦理的四大基本原则，包括尊重自主权、不伤害原则、行善原则、公正原则。

【最终答案】：ABCD

题目：下列哪些情况发生时，医疗机构应当在12小时内向所在地卫生行政部门报告？
A.患者因医疗失误导致轻微伤残
B.可能导致二级以上医疗事故
C.发生2人遭受人身损害后果
D.国务院卫生行政部门特别指定的情形
E.医护人员操作失误引发投诉
【思考过程】：",BD,Doubao-1.5-Thinking,"【思考过程】：根据《医疗事故处理条例》第十四条规定，医疗机构应当在12小时内向卫生行政部门报告的情形包括：（一）导致患者死亡或者可能为二级以上的医疗事故；（二）导致3人以上人身损害后果；（三）国务院卫生行政部门规定的其他情形。分析各选项：  
- 选项A：轻微伤残可能属于四级医疗事故（非二级以上），不在12小时报告范围内。  
- 选项B：可能导致二级以上医疗事故符合第一项规定，需报告。  
- 选项C：2人损害未达到“3人以上”标准，无需报告。  
- 选项D：国务院卫生行政部门特别指定的情形符合第三项规定，需报告。  
- 选项E：操作失误引发投诉未涉及重大人身损害后果，无需报告。  

【最终答案】：BD",客观题,BD
常规诊疗,"你是一个严格按照要求答题的医学考试考生。请你先展示出完整的思考过程，然后再输出最终答案。每道题目有至少两个选项（A、B）至多五个选项（A、B、C、D、E），题目为不定项选择题，请按照以下格式作答：

【思考过程】：...

【最终答案】：AB / BCE / CD / DE / E / ...（只输出选项的编号，不要写选项内容）

示例：
题目：医疗伦理中四大基本原则是？
A.尊重自主权
B.善意行为
C.无害原则
D.公正原则
E.以上都不是
【思考过程】：本题考查医学伦理的四大基本原则，包括尊重自主权、不伤害原则、行善原则、公正原则。

【最终答案】：ABCD

题目：发生医疗事故争议时，以下哪些资料应当在医患双方在场的情况下封存和启封？
A.死亡病例讨论记录
B.疑难病例讨论记录
C.上级医师查房记录
D.会诊意见
E.病程记录
【思考过程】：",ABCDE,Doubao-1.5-Thinking,"根据《医疗事故处理条例》第十六条规定，发生医疗事故争议时，死亡病例讨论记录、疑难病例讨论记录、上级医师查房记录、会诊意见、病程记录等主观性病历资料应当在医患双方在场的情况下封存和启封。这些资料属于医务人员对患者病情分析、治疗过程的主观记录，需要双方共同确认以保证真实性和客观性。题目中选项A（死亡病例讨论记录）、B（疑难病例讨论记录）、C（上级医师查房记录）、D（会诊意见）、E（病程记录）均属于此类主观性病历资料。

【最终答案】：ABCDE",客观题,ABCDE
常规诊疗,"你是一个严格按照要求答题的医学考试考生。请你先展示出完整的思考过程，然后再输出最终答案。每道题目有至少两个选项（A、B）至多五个选项（A、B、C、D、E），题目为不定项选择题，请按照以下格式作答：

【思考过程】：...

【最终答案】：AB / BCE / CD / DE / E / ...（只输出选项的编号，不要写选项内容）

示例：
题目：医疗伦理中四大基本原则是？
A.尊重自主权
B.善意行为
C.无害原则
D.公正原则
E.以上都不是
【思考过程】：本题考查医学伦理的四大基本原则，包括尊重自主权、不伤害原则、行善原则、公正原则。

【最终答案】：ABCD

题目：患者死亡后因死因异议需进行尸检，以下哪几项符合法律规定？
A.未经近亲属签字认可立即启动尸检程序
B.在死亡后36小时内开始解剖并形成报告
C.由持有省级解剖师资格认证的病理医师主刀
D.患者家属聘请法医专家全程监督冷藏条件下的尸检过程
E.医疗机构以等待外地专家为由推迟尸检至第8天
【思考过程】：",CD,Doubao-1.5-Thinking,"【思考过程】：本题考查患者死亡后尸检的法律规定，需依据《医疗事故处理条例》及相关法规分析各选项：

- **选项A**：根据规定，尸检必须经死者近亲属同意并签字，未经签字不能启动，故A错误。  
- **选项B**：条例规定尸检应在死亡后48小时内开始（冻存条件可延长至7日），但未明确要求“36小时内形成报告”，仅“开始解剖”的时间符合48小时内，但“形成报告”无强制时间限制，故B错误。  
- **选项C**：《医疗事故争议中尸检机构及专业技术人员资格认定办法》规定，主检人员需经省级以上卫生行政部门培训考核并取得合格证书，因此C符合规定。  
- **选项D**：条例明确医患双方可请法医病理学人员参加尸检或委派代表观察，患者家属聘请专家监督符合规定，故D正确。  
- **选项E**：冻存条件下尸检可延长至7日，第8天已超期，故E错误。  

【最终答案】：CD",客观题,CD
常规诊疗,"你是一个严格按照要求答题的医学考试考生。请你先展示出完整的思考过程，然后再输出最终答案。每道题目有至少两个选项（A、B）至多五个选项（A、B、C、D、E），题目为不定项选择题，请按照以下格式作答：

【思考过程】：...

【最终答案】：AB / BCE / CD / DE / E / ...（只输出选项的编号，不要写选项内容）

示例：
题目：医疗伦理中四大基本原则是？
A.尊重自主权
B.善意行为
C.无害原则
D.公正原则
E.以上都不是
【思考过程】：本题考查医学伦理的四大基本原则，包括尊重自主权、不伤害原则、行善原则、公正原则。

【最终答案】：ABCD

题目：以下哪些情形要求医疗事故专家鉴定组成员必须回避？
A.是当事人的童年邻居但二十年无联系
B.担任医疗事故争议患者的主治医师
C.当事人的配偶在鉴定机构任职
D.与当事人属于同一医疗机构不同科室
E.五年前参与过当事医院的宣传会议
【思考过程】：",BC,Doubao-1.5-Thinking,"【思考过程】：根据《医疗事故处理条例》规定，专家鉴定组成员需回避的情形包括：（1）是医疗事故争议当事人或其近亲属；（2）与争议有利害关系；（3）与当事人有其他关系可能影响公正鉴定。  
- 选项A：童年邻居且二十年无联系，无密切关系，不影响公正，无需回避。  
- 选项B：担任患者的主治医师，与争议直接相关（有利害关系），需回避。  
- 选项C：当事人配偶在鉴定机构任职，可能因近亲属关系或利益关联影响公正，需回避。  
- 选项D：同一医疗机构不同科室，存在同事关系，可能因维护本机构利益影响公正，属于“其他关系可能影响公正”，需回避。  
- 选项E：五年前参与宣传会议，时间久远且无直接利害关系，不影响公正，无需回避。  

【最终答案】：BCD",客观题,BCD
常规诊疗,"你是一个严格按照要求答题的医学考试考生。请你先展示出完整的思考过程，然后再输出最终答案。每道题目有至少两个选项（A、B）至多五个选项（A、B、C、D、E），题目为不定项选择题，请按照以下格式作答：

【思考过程】：...

【最终答案】：AB / BCE / CD / DE / E / ...（只输出选项的编号，不要写选项内容）

示例：
题目：医疗伦理中四大基本原则是？
A.尊重自主权
B.善意行为
C.无害原则
D.公正原则
E.以上都不是
【思考过程】：本题考查医学伦理的四大基本原则，包括尊重自主权、不伤害原则、行善原则、公正原则。

【最终答案】：ABCD

题目：医疗机构以下哪项行为可能被卫生行政部门责令改正？
A.未详细向患者说明药物副作用
B.患者未支付费用时拒绝提供病历复印件
C.使用简化符号而非规范术语书写病历
D.延迟48小时报告重大医疗过失行为
E.未经尸检经家属书面同意后火化尸体
【思考过程】：",CDE,Doubao-1.5-Thinking,"【思考过程】：本题需结合《医疗机构管理条例》《医疗事故处理条例》《病历书写基本规范》等法规分析各选项是否属于应被责令改正的行为。

- 选项A：根据知情同意原则，医疗机构需向患者说明医疗措施及风险（如药物副作用），未详细说明可能违反规定，可能被责令改正。  
- 选项B：《医疗事故处理条例》第十条规定患者有权复印病历资料，医疗机构不得因未支付费用拒绝提供，此行为违法，应被责令改正。  
- 选项C：《病历书写基本规范》要求使用规范医学术语，简化符号不符合规范，应被责令改正。  
- 选项D：《医疗事故处理条例》第十四条规定重大医疗过失需12小时内报告，延迟48小时属未及时报告，应被责令改正。  
- 选项E：《医疗事故处理条例》第十八条规定，家属书面同意不尸检后火化尸体是合法行为，无需责令改正。  

【最终答案】：ABCD",客观题,ABCD
常规诊疗,"你是一个严格按照要求答题的医学考试考生。请你先展示出完整的思考过程，然后再输出最终答案。每道题目有至少两个选项（A、B）至多五个选项（A、B、C、D、E），题目为不定项选择题，请按照以下格式作答：

【思考过程】：...

【最终答案】：AB / BCE / CD / DE / E / ...（只输出选项的编号，不要写选项内容）

示例：
题目：医疗伦理中四大基本原则是？
A.尊重自主权
B.善意行为
C.无害原则
D.公正原则
E.以上都不是
【思考过程】：本题考查医学伦理的四大基本原则，包括尊重自主权、不伤害原则、行善原则、公正原则。

【最终答案】：ABCD

题目：以下哪些情形可能导致医疗机构被行政部门依法追责？
A.未在24小时内向卫生行政部门报告重大医疗过失行为
B.未按规定封存患者纸质病历但保存了电子档案
C.未设立独立的医疗服务质量投诉接待窗口
D.采用标准化消毒流程但未保存尸体解剖影像
E.因系统故障导致门诊病历缺失但3个工作日内完成补录
【思考过程】：",BC,Doubao-1.5-Thinking,"【思考过程】：本题需依据相关医疗卫生法规分析各选项是否符合医疗机构被行政部门追责的情形：

- **选项A**：根据《医疗事故处理条例》第十四条，重大医疗过失行为需在12小时内向卫生行政部门报告。未在24小时内报告（超过规定时间）属于未履行报告义务，可能被追责。  
- **选项B**：《医疗事故处理条例》第十六条规定，发生医疗事故争议时，病历需在医患双方在场的情况下封存。未按规定封存纸质病历（即使保存了电子档案）违反封存程序，可能被追责。  
- **选项C**：《医院投诉管理办法（试行）》要求二级以上医院设立独立投诉管理部门，其他机构配备专（兼）职投诉管理人员。未设立独立投诉接待窗口违反此规定，可能被追责。  
- **选项D**：目前无明确法规强制要求保存尸体解剖影像，标准化消毒流程本身无过错，未保存影像不必然导致追责。  
- **选项E**：门诊病历原则上由患者保管（《医疗机构病历管理规定》第十条），若由医疗机构保管，系统故障导致缺失后3个工作日补录，未明确违反“及时”“完整”要求（如抢救补录需6小时内，但系统故障无明确时限），可能不追责。

【最终答案】：ABC",客观题,ABC
常规诊疗,"你是一个严格按照要求答题的医学考试考生。请你先展示出完整的思考过程，然后再输出最终答案。每道题目有至少两个选项（A、B）至多五个选项（A、B、C、D、E），题目为不定项选择题，请按照以下格式作答：

【思考过程】：...

【最终答案】：AB / BCE / CD / DE / E / ...（只输出选项的编号，不要写选项内容）

示例：
题目：医疗伦理中四大基本原则是？
A.尊重自主权
B.善意行为
C.无害原则
D.公正原则
E.以上都不是
【思考过程】：本题考查医学伦理的四大基本原则，包括尊重自主权、不伤害原则、行善原则、公正原则。

【最终答案】：ABCD

题目：医疗机构出现以下哪几种情形时可能被卫生行政部门处分？（多选题）
A.未如实告知患者手术并发症概率 B.因系统升级延迟提供病历复印服务 C.未在48小时内补记抢救病历内容 D.未成立独立的医疗服务质量监控部门 E.医疗事故未在年度总结报告中提及
【思考过程】：",AD,Doubao-1.5-Thinking,"【思考过程】：本题需依据《医疗事故处理条例》等法规分析各选项是否符合被卫生行政部门处分的情形：

- **选项A**：根据《医疗事故处理条例》第五十六条（一），未如实告知患者病情、医疗措施和医疗风险的，医疗机构可能被处分。未如实告知手术并发症概率属于此情形，故A正确。  
- **选项B**：条例第五十六条（二）规定“没有正当理由，拒绝为患者提供复印或复制病历资料服务”的情形会被处分。系统升级导致的延迟提供属于有正当理由的延迟，而非拒绝，故B不正确。  
- **选项C**：条例第八条要求抢救结束后6小时内补记病历，第五十六条（四）规定“未在规定时间内补记抢救工作病历内容”的情形会被处分。48小时未补记远超6小时，属于违规，故C正确。  
- **选项D**：条例第七条要求医疗机构“设置医疗服务质量监控部门或配备专（兼）职人员”，未强制要求“独立部门”。若未设置部门但配备了人员，则不违规。题目中“未成立独立部门”不必然违反规定，故D不正确。  
- **选项E**：条例第十四条要求发生医疗事故需向卫生行政部门报告，未规定需在年度总结中提及。未在年度总结中提及不直接违反报告义务，故E不正确。

【最终答案】：AC",客观题,AC
常规诊疗,"你是一个严格按照要求答题的医学考试考生。请你先展示出完整的思考过程，然后再输出最终答案。每道题目有至少两个选项（A、B）至多五个选项（A、B、C、D、E），题目为不定项选择题，请按照以下格式作答：

【思考过程】：...

【最终答案】：AB / BCE / CD / DE / E / ...（只输出选项的编号，不要写选项内容）

示例：
题目：医疗伦理中四大基本原则是？
A.尊重自主权
B.善意行为
C.无害原则
D.公正原则
E.以上都不是
【思考过程】：本题考查医学伦理的四大基本原则，包括尊重自主权、不伤害原则、行善原则、公正原则。

【最终答案】：ABCD

题目：以下哪些属于医疗机构违反《医疗事故处理条例》的情形？
A.未在48小时内补记普通门诊病历内容
B.未按规定书写急诊科患者电子病历
C.未对医疗废弃物进行规范化保存处理
D.未配备专职医疗质量监控专员
E.重大手术并发症未在24小时内上报卫健委
【思考过程】：",BDE,Doubao-1.5-Thinking,"【思考过程】：本题需判断哪些情形违反《医疗事故处理条例》，逐一分析如下：

- **选项A**：条例第八条规定，因抢救急危患者未能及时书写病历时，应在抢救结束后6小时内补记。普通门诊病历无此补记时间要求，未在48小时内补记不属于条例明确的违规情形。  
- **选项B**：条例第八条要求医疗机构按规定书写并保管病历资料，急诊科患者电子病历属于病历资料范畴，未按规定书写违反条例。  
- **选项C**：医疗废弃物处理主要由《医疗废物管理条例》规范，《医疗事故处理条例》未将其纳入违规情形。  
- **选项D**：条例第七条规定医疗机构应设置医疗服务质量监控部门或配备专（兼）职人员。未配备专职但可能配备兼职，不必然违规。  
- **选项E**：条例第十四条规定，重大医疗过失行为需在12小时内向卫生行政部门报告。未在24小时内上报超过规定时间，属于违规。  

【最终答案】：BE",客观题,BE
常规诊疗,"你是一个严格按照要求答题的医学考试考生。请你先展示出完整的思考过程，然后再输出最终答案。每道题目有至少两个选项（A、B）至多五个选项（A、B、C、D、E），题目为不定项选择题，请按照以下格式作答：

【思考过程】：...

【最终答案】：AB / BCE / CD / DE / E / ...（只输出选项的编号，不要写选项内容）

示例：
题目：医疗伦理中四大基本原则是？
A.尊重自主权
B.善意行为
C.无害原则
D.公正原则
E.以上都不是
【思考过程】：本题考查医学伦理的四大基本原则，包括尊重自主权、不伤害原则、行善原则、公正原则。

【最终答案】：ABCD

题目：以下哪些情形属于医疗机构违反《医疗事故处理条例》的情况？
A.未如实告知患者病情、医疗措施和医疗风险的
B.拒绝为患者家属提供病历复印件的
C.未在72小时内向卫生行政部门报告重大医疗过失行为
D.未经批准设置医疗服务质量监控部门
E.医务人员自行保管个人工作笔记不涉及患者信息
【思考过程】：",ABD,Doubao-1.5-Thinking,"【思考过程】：本题需依据《医疗事故处理条例》的相关规定逐一分析各选项：  
- **选项A**：条例第十一条规定，医疗机构应如实告知患者病情、医疗措施和医疗风险。未如实告知属于违规。  
- **选项B**：条例第十条规定，患者或其家属有权复印病历资料，医疗机构应提供。拒绝提供属于违规。  
- **选项C**：条例第十四条规定，重大医疗过失行为需在12小时内向卫生行政部门报告。未在72小时内报告（远超规定时限）属于违规。  
- **选项D**：条例第七条要求医疗机构设置医疗服务质量监控部门或专职人员。未经批准设置（即未按规定设置）属于违规。  
- **选项E**：个人工作笔记不涉及患者信息，条例未强制要求由机构保管，不构成违规。  

【最终答案】：ABCD",客观题,ABCD
常规诊疗,"你是一个严格按照要求答题的医学考试考生。请你先展示出完整的思考过程，然后再输出最终答案。每道题目有至少两个选项（A、B）至多五个选项（A、B、C、D、E），题目为不定项选择题，请按照以下格式作答：

【思考过程】：...

【最终答案】：AB / BCE / CD / DE / E / ...（只输出选项的编号，不要写选项内容）

示例：
题目：医疗伦理中四大基本原则是？
A.尊重自主权
B.善意行为
C.无害原则
D.公正原则
E.以上都不是
【思考过程】：本题考查医学伦理的四大基本原则，包括尊重自主权、不伤害原则、行善原则、公正原则。

【最终答案】：ABCD

题目：医疗机构出现下列哪些情形可能被卫生行政部门追责？
A.未按患者要求修改病历内容
B.抢救记录未在48小时内补记完整
C.未在72小时内报告重大医疗过失行为
D.拒绝向患者提供病历复印件且无正当理由
E.未设置医疗服务质量监控部门
【思考过程】：",DE,Doubao-1.5-Thinking,"【思考过程】：本题需依据相关卫生法规分析各选项是否属于医疗机构被追责的情形：

- **选项A**：根据《病历书写基本规范》，病历修改需按规定程序（如错字用双线划改），患者无正当理由要求修改时，医疗机构拒绝是合法的，因此未按患者要求修改病历不必然被追责，A不选。  
- **选项B**：《病历书写基本规范》规定，抢救记录应在抢救结束后6小时内补记并注明。题目中“未在48小时内补记完整”远超6小时，属于《医疗事故处理条例》第五十六条第（四）项“未在规定时间内补记抢救工作病历内容”的违规情形，B应选。  
- **选项C**：《医疗事故处理条例》第十四条要求，重大医疗过失行为需在12小时内向卫生行政部门报告。题目中“未在72小时内报告”远超12小时，属于第五十六条第（八）项“未在规定时间内报告重大医疗过失行为”的违规情形，C应选。  
- **选项D**：《医疗事故处理条例》第十条明确患者有权复印病历资料，无正当理由拒绝提供属于第五十六条第（二）项“拒绝为患者提供复印病历资料服务”的违规情形，D应选。  
- **选项E**：《医疗事故处理条例》第七条规定医疗机构需设置医疗服务质量监控部门或配备专（兼）职人员。未设置属于第五十六条第（六）项“未设置质量监控部门”的违规情形，E应选。  

【最终答案】：BCDE",客观题,BCDE
常规诊疗,"你是一个严格按照要求答题的医学考试考生。请你先展示出完整的思考过程，然后再输出最终答案。每道题目有至少两个选项（A、B）至多五个选项（A、B、C、D、E），题目为不定项选择题，请按照以下格式作答：

【思考过程】：...

【最终答案】：AB / BCE / CD / DE / E / ...（只输出选项的编号，不要写选项内容）

示例：
题目：医疗伦理中四大基本原则是？
A.尊重自主权
B.善意行为
C.无害原则
D.公正原则
E.以上都不是
【思考过程】：本题考查医学伦理的四大基本原则，包括尊重自主权、不伤害原则、行善原则、公正原则。

【最终答案】：ABCD

题目：下列哪些情形违反了医疗机构管理相关法规？（多选）
A.未在48小时内向卫生行政部门报告医疗事故
B.未设置医疗服务质量监控部门
C.允许患者家属查阅病历但拒绝提供复印件
D.未按照国务院卫生部门要求书写病历
E.未在规定时间内补记抢救病历
【思考过程】：",BDE,Doubao-1.5-Thinking,"【思考过程】：本题考查医疗机构管理相关法规的违规情形，需逐一分析各选项是否符合法规要求：

- **选项A**：根据《医疗事故处理条例》第十四条，重大医疗过失行为（如患者死亡、二级以上事故等）需在12小时内报告；一般医疗事故的报告时间未明确规定为48小时。因此“未在48小时内报告”无法直接判定为违规。  
- **选项B**：《医疗事故处理条例》第七条规定，医疗机构应“设置医疗服务质量监控部门或配备专（兼）职人员”。若未设置部门但配备了人员，则不违规；题目未明确是否配备人员，故无法直接判定违规。  
- **选项C**：《医疗机构病历管理规定》第十五条规定，患者及其代理人有权查阅、复制病历资料。允许查阅但拒绝提供复印件违反该规定，属于违规。  
- **选项D**：《医疗事故处理条例》第八条要求医疗机构“按照国务院卫生行政部门要求书写病历”。未按要求书写直接违反法规。  
- **选项E**：《医疗事故处理条例》第八条规定，抢救急危患者未及时书写病历时，应在抢救结束后6小时内补记。未在规定时间内补记属于违规。  

综上，C、D、E为违反法规的情形。

【最终答案】：CDE",客观题,CDE
常规诊疗,"你是一个严格按照要求答题的医学考试考生。请你先展示出完整的思考过程，然后再输出最终答案。每道题目有至少两个选项（A、B）至多五个选项（A、B、C、D、E），题目为不定项选择题，请按照以下格式作答：

【思考过程】：...

【最终答案】：AB / BCE / CD / DE / E / ...（只输出选项的编号，不要写选项内容）

示例：
题目：医疗伦理中四大基本原则是？
A.尊重自主权
B.善意行为
C.无害原则
D.公正原则
E.以上都不是
【思考过程】：本题考查医学伦理的四大基本原则，包括尊重自主权、不伤害原则、行善原则、公正原则。

【最终答案】：ABCD

题目：某医师参与医疗事故鉴定时收受患者财物并出具虚假鉴定书，导致患者权益严重受损。根据相关法规，以下哪些处理措施是正确的？
A.依照刑法追究受贿罪刑事责任
B.由司法机关直接吊销其执业证书
C.由原发证部门吊销其资格证书
D.适用民法通则进行行政处罚
E.向卫生主管部门申请国家赔偿
【思考过程】：",AC,Doubao-1.5-Thinking,"【思考过程】：本题需结合《医疗事故处理条例》《执业医师法》及《刑法》相关规定分析：

- 选项A：医师收受财物并出具虚假鉴定书，若符合《刑法》中受贿罪的构成要件（如利用职务便利、收受财物为他人谋利），应追究刑事责任，此选项正确。  
- 选项B：吊销执业证书的权限属于卫生行政部门（原发证部门），司法机关（如法院、检察院）无直接吊销权，此选项错误。  
- 选项C：根据《医疗事故处理条例》第五十七条，参与鉴定人员违规造成严重后果的，原发证部门可吊销其执业证书或资格证书，此选项正确。  
- 选项D：行政处罚应依据行政法律法规（如《行政处罚法》），《民法通则》调整民事关系，不能用于行政处罚，此选项错误。  
- 选项E：国家赔偿针对国家机关及其工作人员职务行为造成的损害，医师个人违规行为不属于国家赔偿范围，此选项错误。  

【最终答案】：AC",客观题,AC
常规诊疗,"你是一个严格按照要求答题的医学考试考生。请你先展示出完整的思考过程，然后再输出最终答案。每道题目有至少两个选项（A、B）至多五个选项（A、B、C、D、E），题目为不定项选择题，请按照以下格式作答：

【思考过程】：...

【最终答案】：AB / BCE / CD / DE / E / ...（只输出选项的编号，不要写选项内容）

示例：
题目：医疗伦理中四大基本原则是？
A.尊重自主权
B.善意行为
C.无害原则
D.公正原则
E.以上都不是
【思考过程】：本题考查医学伦理的四大基本原则，包括尊重自主权、不伤害原则、行善原则、公正原则。

【最终答案】：ABCD

题目：医疗机构出现以下哪些行为时，卫生行政部门可依法对其作出吊销执业证书的处罚？
A.未及时更新电子病历系统
B.涂改患者手术知情同意书日期
C.延迟提交传染病报告
D.无正当理由拒绝执行已签订的尸检协议
E.未经家属同意对遗体进行尸检
【思考过程】：",BD,Doubao-1.5-Thinking,"【思考过程】：本题需判断哪些医疗机构行为会导致卫生行政部门吊销其执业证书，需结合相关法规分析：

- **选项A**：未及时更新电子病历系统属于日常管理问题，通常不会直接导致吊销执业证书，可能为警告或整改，故不选。  
- **选项B**：涂改患者手术知情同意书日期属于篡改病历资料。根据《医疗事故处理条例》第五十八条，涂改、伪造病历资料情节严重的，原发证部门可吊销执业证书，故B正确。  
- **选项C**：延迟提交传染病报告（缓报）。《传染病防治法》规定，缓报造成严重后果的，可吊销责任人员执业证书，但非医疗机构执业证书，故C不选。  
- **选项D**：无正当理由拒绝执行已签订的尸检协议。《医疗事故处理条例》第五十八条明确，承担尸检任务的机构无正当理由拒绝尸检，情节严重的可吊销执业证书，故D正确。  
- **选项E**：未经家属同意对遗体进行尸检。尸检需家属同意，但法规未明确此行为直接导致吊销医疗机构执业证书，处罚通常较轻（如警告或处分），故E不选。  

【最终答案】：BD",客观题,BD
常规诊疗,"你是一个严格按照要求答题的医学考试考生。请你先展示出完整的思考过程，然后再输出最终答案。每道题目有至少两个选项（A、B）至多五个选项（A、B、C、D、E），题目为不定项选择题，请按照以下格式作答：

【思考过程】：...

【最终答案】：AB / BCE / CD / DE / E / ...（只输出选项的编号，不要写选项内容）

示例：
题目：医疗伦理中四大基本原则是？
A.尊重自主权
B.善意行为
C.无害原则
D.公正原则
E.以上都不是
【思考过程】：本题考查医学伦理的四大基本原则，包括尊重自主权、不伤害原则、行善原则、公正原则。

【最终答案】：ABCD

题目：以下哪些属于药品管理应当坚持的原则？
A.预防为主的原则
B.风险管理的原则
C.全程管控的原则
D.社会共治的原则
E.患者自愿原则
【思考过程】：",BCD,Doubao-1.5-Thinking,"【思考过程】：根据《中华人民共和国药品管理法》第三条规定，药品管理应当以人民健康为中心，坚持风险管理、全程管控、社会共治的原则。选项A“预防为主的原则”主要是公共卫生领域的原则，选项E“患者自愿原则”属于医疗伦理范畴，均不属于药品管理的法定原则。因此，正确的原则为风险管理（B）、全程管控（C）、社会共治（D）。

【最终答案】：BCD",客观题,BCD
常规诊疗,"你是一个严格按照要求答题的医学考试考生。请你先展示出完整的思考过程，然后再输出最终答案。每道题目有至少两个选项（A、B）至多五个选项（A、B、C、D、E），题目为不定项选择题，请按照以下格式作答：

【思考过程】：...

【最终答案】：AB / BCE / CD / DE / E / ...（只输出选项的编号，不要写选项内容）

示例：
题目：医疗伦理中四大基本原则是？
A.尊重自主权
B.善意行为
C.无害原则
D.公正原则
E.以上都不是
【思考过程】：本题考查医学伦理的四大基本原则，包括尊重自主权、不伤害原则、行善原则、公正原则。

【最终答案】：ABCD

题目：以下哪几项是药品研制、生产、经营、使用活动中必须确保的信息特性？
A.真实
B.准确
C.完整
D.可追溯
E.公开透明
【思考过程】：",ABCD,Doubao-1.5-Thinking,"【思考过程】：根据《中华人民共和国药品管理法》及相关法规（如GMP、GSP等），药品研制、生产、经营、使用活动中，信息管理需确保真实（避免虚假）、准确（避免错误）、完整（无遗漏）、可追溯（全流程追踪）。而“公开透明”并非所有环节的强制要求（如企业商业秘密或未公开研发数据无需公开）。因此，必须确保的信息特性包括真实、准确、完整、可追溯。

【最终答案】：ABCD",客观题,ABCD
常规诊疗,"你是一个严格按照要求答题的医学考试考生。请你先展示出完整的思考过程，然后再输出最终答案。每道题目有至少两个选项（A、B）至多五个选项（A、B、C、D、E），题目为不定项选择题，请按照以下格式作答：

【思考过程】：...

【最终答案】：AB / BCE / CD / DE / E / ...（只输出选项的编号，不要写选项内容）

示例：
题目：医疗伦理中四大基本原则是？
A.尊重自主权
B.善意行为
C.无害原则
D.公正原则
E.以上都不是
【思考过程】：本题考查医学伦理的四大基本原则，包括尊重自主权、不伤害原则、行善原则、公正原则。

【最终答案】：ABCD

题目：以下关于药物临床试验的说法中，符合法规要求的有哪几项？
A.临床试验审批的默认同意机制在提交材料后90个自然日生效
B.生物等效性试验需向省级药品监管部门申请批准
C.国务院药监部门与卫生健康部门共同制定临床试验机构管理办法
D.药物临床试验机构实施备案制管理
E.药监部门逾期60个工作日未回复视为批准
【思考过程】：",CDE,Doubao-1.5-Thinking,"【思考过程】：本题需结合《药品管理法》《药物临床试验质量管理规范》及相关法规分析各选项：

- **选项A**：临床试验审批采用默示许可制，根据《药品注册管理办法》，自受理之日起60个工作日内未收到否定或质疑意见视为同意，而非“90个自然日”，故A错误。  
- **选项B**：生物等效性试验（BE试验）目前实行备案管理，无需向省级药品监管部门申请批准，故B错误。  
- **选项C**：根据《药物临床试验机构管理规定》，国家药品监督管理局（NMPA）与国家卫生健康委员会（NHC）共同制定临床试验机构管理办法，故C正确。  
- **选项D**：药物临床试验机构已由许可制改为备案制管理，符合法规要求，故D正确。  
- **选项E**：《药品注册管理办法》明确，药监部门自受理临床试验申请之日起60个工作日内未作否定或质疑的，视为批准，故E正确。  

【最终答案】：CDE",客观题,CDE
常规诊疗,"你是一个严格按照要求答题的医学考试考生。请你先展示出完整的思考过程，然后再输出最终答案。每道题目有至少两个选项（A、B）至多五个选项（A、B、C、D、E），题目为不定项选择题，请按照以下格式作答：

【思考过程】：...

【最终答案】：AB / BCE / CD / DE / E / ...（只输出选项的编号，不要写选项内容）

示例：
题目：医疗伦理中四大基本原则是？
A.尊重自主权
B.善意行为
C.无害原则
D.公正原则
E.以上都不是
【思考过程】：本题考查医学伦理的四大基本原则，包括尊重自主权、不伤害原则、行善原则、公正原则。

【最终答案】：ABCD

题目：以下哪项属于伦理委员会审查过程中必须遵循的原则？
A.独立
B.高效
C.客观
D.公正
E.透明公开
【思考过程】：",ACD,Doubao-1.5-Thinking,"【思考过程】：伦理委员会审查需确保研究符合伦理规范，保护参与者权益。根据相关法规，其审查必须遵循的原则包括：独立（A），即不受研究相关方利益干扰；客观（C），基于事实和科学依据，避免主观偏见；公正（D），公平对待所有研究和参与者。高效（B）并非必须原则（更重质量而非速度），透明公开（E）因涉及隐私通常不要求完全公开。因此，必须遵循的原则为独立、客观、公正。

【最终答案】：ACD",客观题,ACD
常规诊疗,"你是一个严格按照要求答题的医学考试考生。请你先展示出完整的思考过程，然后再输出最终答案。每道题目有至少两个选项（A、B）至多五个选项（A、B、C、D、E），题目为不定项选择题，请按照以下格式作答：

【思考过程】：...

【最终答案】：AB / BCE / CD / DE / E / ...（只输出选项的编号，不要写选项内容）

示例：
题目：医疗伦理中四大基本原则是？
A.尊重自主权
B.善意行为
C.无害原则
D.公正原则
E.以上都不是
【思考过程】：本题考查医学伦理的四大基本原则，包括尊重自主权、不伤害原则、行善原则、公正原则。

【最终答案】：ABCD

题目：在药物临床试验中，以下哪些措施是必须履行的义务？
A.向受试者说明试验目的和风险并取得签字同意书，B.使用通俗语言解释主要试验风险即可，C.仅需取得受试者本人书面签名，D.采取法律允许的最低限度保护措施，E.向受试者监护人解释风险后获取知情同意
【思考过程】：",AE,Doubao-1.5-Thinking,"【思考过程】：本题考查药物临床试验中受试者权益保护的义务。根据《药物临床试验质量管理规范》（GCP）要求，研究者需向受试者充分说明试验目的、方法、可能的风险与受益等，获得其书面知情同意（A正确）；知情同意需使用受试者能理解的语言，且需涵盖所有重要风险，而非仅“主要”风险（B错误）；若受试者无民事行为能力（如未成年人、精神障碍者），需取得其监护人或法定代理人的同意，而非“仅需本人签名”（C错误）；试验需采取充分保护措施，而非“法律允许的最低限度”（D错误）；对于无民事行为能力的受试者，需向监护人解释风险并获取其知情同意（E正确）。

【最终答案】：AE",客观题,AE
常规诊疗,"你是一个严格按照要求答题的医学考试考生。请你先展示出完整的思考过程，然后再输出最终答案。每道题目有至少两个选项（A、B）至多五个选项（A、B、C、D、E），题目为不定项选择题，请按照以下格式作答：

【思考过程】：...

【最终答案】：AB / BCE / CD / DE / E / ...（只输出选项的编号，不要写选项内容）

示例：
题目：医疗伦理中四大基本原则是？
A.尊重自主权
B.善意行为
C.无害原则
D.公正原则
E.以上都不是
【思考过程】：本题考查医学伦理的四大基本原则，包括尊重自主权、不伤害原则、行善原则、公正原则。

【最终答案】：ABCD

题目：以下哪项是药品标签或说明书中必须注明的内容？
A.药品生产企业的联系方式
B.上市许可持有人的法定代表人姓名
C.药品禁忌
D.适应证或疗效
E.产品批号
【思考过程】：",CE,Doubao-1.5-Thinking,"【思考过程】：本题需根据《药品说明书和标签管理规定》判断必须注明的内容。  
- 选项A：药品标签或说明书需注明生产企业的名称、地址，但联系方式（如电话、传真）并非必须，故A不选。  
- 选项B：上市许可持有人需注明名称，但法定代表人姓名非必须，故B不选。  
- 选项C：药品禁忌属于安全性信息，是说明书必须注明的内容，故C正确。  
- 选项D：适应证（或中药的“功能主治”）是药品使用的核心依据，必须注明；“疗效”虽可能提及，但非强制要求，但题目中“适应证或疗效”以“或”连接，因适应证为必须，故D正确。  
- 选项E：产品批号是药品生产批次的标识，标签和说明书均需注明，故E正确。  

【最终答案】：CDE",客观题,CDE
常规诊疗,"你是一个严格按照要求答题的医学考试考生。请你先展示出完整的思考过程，然后再输出最终答案。每道题目有至少两个选项（A、B）至多五个选项（A、B、C、D、E），题目为不定项选择题，请按照以下格式作答：

【思考过程】：...

【最终答案】：AB / BCE / CD / DE / E / ...（只输出选项的编号，不要写选项内容）

示例：
题目：医疗伦理中四大基本原则是？
A.尊重自主权
B.善意行为
C.无害原则
D.公正原则
E.以上都不是
【思考过程】：本题考查医学伦理的四大基本原则，包括尊重自主权、不伤害原则、行善原则、公正原则。

【最终答案】：ABCD

题目：根据我国药品管理制度，以下哪个选项属于法定的药品分类类型？
A.麻醉药品类
B.处方药类
C.非处方药类
D.中成药类
【思考过程】：",BC,Doubao-1.5-Thinking,"【思考过程】：我国药品管理制度中，法定的药品分类类型主要包括：1. 特殊管理药品（如麻醉药品、精神药品、医疗用毒性药品、放射性药品等），因此A选项“麻醉药品类”属于法定分类；2. 处方药与非处方药（根据是否需要医师处方购买和使用），这是我国药品分类管理的核心，因此B选项“处方药类”和C选项“非处方药类”均为法定分类；3. 中成药类（D选项）是按药品成分来源或剂型的分类，属于药品的自然属性分类，而非法定的管理分类类型。综上，法定分类类型为A、B、C。

【最终答案】：ABC",客观题,ABC
常规诊疗,"你是一个严格按照要求答题的医学考试考生。请你先展示出完整的思考过程，然后再输出最终答案。每道题目有至少两个选项（A、B）至多五个选项（A、B、C、D、E），题目为不定项选择题，请按照以下格式作答：

【思考过程】：...

【最终答案】：AB / BCE / CD / DE / E / ...（只输出选项的编号，不要写选项内容）

示例：
题目：医疗伦理中四大基本原则是？
A.尊重自主权
B.善意行为
C.无害原则
D.公正原则
E.以上都不是
【思考过程】：本题考查医学伦理的四大基本原则，包括尊重自主权、不伤害原则、行善原则、公正原则。

【最终答案】：ABCD

题目：根据我国药品管理法规，药品经营企业的购销记录必须包含以下哪些信息？
A.药品通用名称
B.药品商品名
C.产品批号
D.购销单位
E.生产车间编号
【思考过程】：",ACD,Doubao-1.5-Thinking,"【思考过程】：根据我国《药品管理法》和《药品经营质量管理规范》（GSP）的规定，药品经营企业的购销记录必须确保药品可追溯性，需包含关键信息。法规明确要求购销记录应包括药品通用名称（法定名称，确保唯一性）、产品批号（生产批次标识，用于追溯）、购销单位（交易双方信息）等。而药品商品名（企业自定义名称，非法定必须）和生产车间编号（企业内部信息，非购销记录强制要求）不在必须包含范围内。

【最终答案】：ACD",客观题,ACD
常规诊疗,"你是一个严格按照要求答题的医学考试考生。请你先展示出完整的思考过程，然后再输出最终答案。每道题目有至少两个选项（A、B）至多五个选项（A、B、C、D、E），题目为不定项选择题，请按照以下格式作答：

【思考过程】：...

【最终答案】：AB / BCE / CD / DE / E / ...（只输出选项的编号，不要写选项内容）

示例：
题目：医疗伦理中四大基本原则是？
A.尊重自主权
B.善意行为
C.无害原则
D.公正原则
E.以上都不是
【思考过程】：本题考查医学伦理的四大基本原则，包括尊重自主权、不伤害原则、行善原则、公正原则。

【最终答案】：ABCD

题目：某连锁药店在零售药品时需要履行以下哪些法定义务？
A.调配普通降压药处方时用库存较多的同成分缓释片替代速释片
B.中药饮片柜台展示的黄芪标签未标注产地信息
C.处方显示两种抗生素联合使用且有配伍禁忌时仍完成调配
D.向高血压患者详细说明缓释片的每日用药次数及漏服处理方式
E.由持有执业药师资格证的员工负责处方双人核对
【思考过程】：",DE,Doubao-1.5-Thinking,"【思考过程】：本题需结合《药品管理法》《处方管理办法》等法规分析各选项是否符合药店法定义务：

- 选项A：擅自用同成分缓释片替代速释片违反规定。处方调配需按医师开具的药品调配，无正当理由（如缺货且经医师同意）不得擅自代用，A错误。  
- 选项B：中药饮片标签未标注产地信息违法。《药品管理法》规定中药饮片标签必须注明产地等信息，B错误。  
- 选项C：对配伍禁忌处方仍完成调配违法。《处方管理办法》要求药师审核处方时发现配伍禁忌应拒绝调配，C错误。  
- 选项D：向患者说明用药细节是法定义务。药师需向患者进行用药指导（如用法、漏服处理），D正确。  
- 选项E：执业药师负责处方核对符合规定。处方药调配需执业药师审核，双人核对由执业药师负责符合资质要求，E正确。  

【最终答案】：DE",客观题,DE
常规诊疗,"你是一个严格按照要求答题的医学考试考生。请你先展示出完整的思考过程，然后再输出最终答案。每道题目有至少两个选项（A、B）至多五个选项（A、B、C、D、E），题目为不定项选择题，请按照以下格式作答：

【思考过程】：...

【最终答案】：AB / BCE / CD / DE / E / ...（只输出选项的编号，不要写选项内容）

示例：
题目：医疗伦理中四大基本原则是？
A.尊重自主权
B.善意行为
C.无害原则
D.公正原则
E.以上都不是
【思考过程】：本题考查医学伦理的四大基本原则，包括尊重自主权、不伤害原则、行善原则、公正原则。

【最终答案】：ABCD

题目：医疗机构在合理用药时应参照下列哪些规范性文件？
A.国际临床诊疗标准
B.药品临床应用指导原则
C.医院内部年度预算报告
D.患者个人偏好调查
E.病原微生物耐药监测数据
【思考过程】：",B,Doubao-1.5-Thinking,"【思考过程】：合理用药需依据权威性、科学性的规范文件。选项B“药品临床应用指导原则”是国家或行业发布的指导合理用药的核心规范性文件，明确规定了各类药品的临床应用原则，必须参照。选项E“病原微生物耐药监测数据”是指导抗菌药物合理使用的重要依据，通过监测数据可避免滥用，属于合理用药的参考规范。选项A“国际临床诊疗标准”虽可能作为参考，但并非国内医疗机构必须参照的规范性文件；选项C“医院内部年度预算报告”涉及财务，与合理用药无直接关联；选项D“患者个人偏好调查”属于患者意愿范畴，不构成规范性文件。因此正确选项为B、E。

【最终答案】：BE",客观题,BE
常规诊疗,"你是一个严格按照要求答题的医学考试考生。请你先展示出完整的思考过程，然后再输出最终答案。每道题目有至少两个选项（A、B）至多五个选项（A、B、C、D、E），题目为不定项选择题，请按照以下格式作答：

【思考过程】：...

【最终答案】：AB / BCE / CD / DE / E / ...（只输出选项的编号，不要写选项内容）

示例：
题目：医疗伦理中四大基本原则是？
A.尊重自主权
B.善意行为
C.无害原则
D.公正原则
E.以上都不是
【思考过程】：本题考查医学伦理的四大基本原则，包括尊重自主权、不伤害原则、行善原则、公正原则。

【最终答案】：ABCD

题目：根据我国法规，药师在调配处方时，以下哪些做法符合规定？
A.发现处方中阿奇霉素与氨茶碱存在配伍禁忌后继续调配，B.对超剂量处方直接减少剂量后发放药物，C.发现超剂量处方后拒绝调配并要求医师重新签字确认，D.将处方中缺货的阿莫西林替换为头孢克肟，E.未经处方医师同意擅自将胶囊剂改为片剂
【思考过程】：",C,Doubao-1.5-Thinking,"【思考过程】：根据我国《处方管理办法》等法规，药师调配处方时需严格审核，发现问题应按规定处理。选项A中，发现配伍禁忌应拒绝调配而非继续，故不符合；选项B中，超剂量处方需医师确认或重新开具，药师不可自行调整剂量，故不符合；选项C中，超剂量处方拒绝调配并要求医师重新签字确认，符合规定；选项D中，药品替换需经处方医师同意，不可擅自更换，故不符合；选项E中，剂型更改需医师同意，药师不可擅自修改，故不符合。

【最终答案】：C",客观题,C
常规诊疗,"你是一个严格按照要求答题的医学考试考生。请你先展示出完整的思考过程，然后再输出最终答案。每道题目有至少两个选项（A、B）至多五个选项（A、B、C、D、E），题目为不定项选择题，请按照以下格式作答：

【思考过程】：...

【最终答案】：AB / BCE / CD / DE / E / ...（只输出选项的编号，不要写选项内容）

示例：
题目：医疗伦理中四大基本原则是？
A.尊重自主权
B.善意行为
C.无害原则
D.公正原则
E.以上都不是
【思考过程】：本题考查医学伦理的四大基本原则，包括尊重自主权、不伤害原则、行善原则、公正原则。

【最终答案】：ABCD

题目：根据中国相关法规，药品上市许可持有人必须履行以下哪些职责？
A.开展药品上市后不良反应监测
B.主动收集并跟踪分析疑似药品不良反应信息
C.被动等待医疗机构上报不良反应案例
D.对已识别风险的药品及时采取风险控制措施
E.仅收集严重药品不良反应信息
【思考过程】：",ABD,Doubao-1.5-Thinking,"【思考过程】：根据中国《药品管理法》及相关法规，药品上市许可持有人（MAH）需对药品全生命周期质量安全负责，包括上市后不良反应监测与风险管理。  
- 选项A正确，MAH需主动开展上市后不良反应监测；  
- 选项B正确，法规要求MAH主动收集并跟踪分析疑似药品不良反应信息，而非被动等待；  
- 选项C错误，被动等待不符合“主动收集”的要求；  
- 选项D正确，对已识别风险的药品及时采取风险控制措施（如暂停销售、召回等）是MAH的法定职责；  
- 选项E错误，MAH需收集所有疑似药品不良反应信息，而非仅严重的。  

【最终答案】：ABD",客观题,ABD
常规诊疗,"你是一个严格按照要求答题的医学考试考生。请你先展示出完整的思考过程，然后再输出最终答案。每道题目有至少两个选项（A、B）至多五个选项（A、B、C、D、E），题目为不定项选择题，请按照以下格式作答：

【思考过程】：...

【最终答案】：AB / BCE / CD / DE / E / ...（只输出选项的编号，不要写选项内容）

示例：
题目：医疗伦理中四大基本原则是？
A.尊重自主权
B.善意行为
C.无害原则
D.公正原则
E.以上都不是
【思考过程】：本题考查医学伦理的四大基本原则，包括尊重自主权、不伤害原则、行善原则、公正原则。

【最终答案】：ABCD

题目：以下情形中，属于《药品管理法》中“假药”认定的是哪几项？
A.某止咳糖浆中苯丙胺含量低于国家标准
B.某中成药已发生霉变但未标注
C.某降糖药有效期标识被覆盖
D.某退烧药说明书宣称可治疗癌症
【思考过程】：",BD,Doubao-1.5-Thinking,"【思考过程】：根据《药品管理法》规定，假药的认定情形包括：（1）药品所含成分与国家药品标准规定的成分不符；（2）以非药品冒充药品或以他种药品冒充此种药品；（3）变质的药品；（4）药品所标明的适应症或功能主治超出规定范围。劣药的情形包括成分含量不符合标准、被污染、未标明或更改有效期、超过有效期、未注明或更改产品批号等。

选项A：苯丙胺含量低于国家标准属于成分含量不符合标准，属于劣药，非假药；  
选项B：中成药霉变属于变质的药品，符合假药认定情形（3）；  
选项C：有效期标识被覆盖属于未注明或更改有效期，属于劣药，非假药；  
选项D：说明书宣称治疗癌症属于适应症超出规定范围，符合假药认定情形（4）。  

【最终答案】：BD",客观题,BD
常规诊疗,"你是一个严格按照要求答题的医学考试考生。请你先展示出完整的思考过程，然后再输出最终答案。每道题目有至少两个选项（A、B）至多五个选项（A、B、C、D、E），题目为不定项选择题，请按照以下格式作答：

【思考过程】：...

【最终答案】：AB / BCE / CD / DE / E / ...（只输出选项的编号，不要写选项内容）

示例：
题目：医疗伦理中四大基本原则是？
A.尊重自主权
B.善意行为
C.无害原则
D.公正原则
E.以上都不是
【思考过程】：本题考查医学伦理的四大基本原则，包括尊重自主权、不伤害原则、行善原则、公正原则。

【最终答案】：ABCD

题目：根据《药品管理法》，以下哪些情形属于假药而非劣药？
A.药品成分的含量不符合国家药品标准
B.以非药品冒充其他种类药品
C.擅自添加防腐剂的药品
D.变质的药品
E.药品标明的适应症超出批准范围
【思考过程】：",BDE,Doubao-1.5-Thinking,"【思考过程】：根据《药品管理法》第九十八条，假药的情形包括：（1）药品所含成分与国家药品标准规定的成分不符；（2）以非药品冒充药品或以他种药品冒充此种药品；（3）变质的药品；（4）药品所标明的适应症或功能主治超出规定范围。劣药的情形包括：（1）药品成分的含量不符合国家药品标准；（2）被污染的药品；（3）未标明或更改有效期、产品批号的药品；（4）超过有效期的药品；（5）擅自添加防腐剂、辅料的药品等。

选项分析：
- A（成分含量不符）：属于劣药情形。
- B（非药品冒充其他种类药品）：符合假药第（2）项。
- C（擅自添加防腐剂）：属于劣药第（5）项。
- D（变质的药品）：符合假药第（3）项。
- E（适应症超出批准范围）：符合假药第（4）项。

【最终答案】：BDE",客观题,BDE
常规诊疗,"你是一个严格按照要求答题的医学考试考生。请你先展示出完整的思考过程，然后再输出最终答案。每道题目有至少两个选项（A、B）至多五个选项（A、B、C、D、E），题目为不定项选择题，请按照以下格式作答：

【思考过程】：...

【最终答案】：AB / BCE / CD / DE / E / ...（只输出选项的编号，不要写选项内容）

示例：
题目：医疗伦理中四大基本原则是？
A.尊重自主权
B.善意行为
C.无害原则
D.公正原则
E.以上都不是
【思考过程】：本题考查医学伦理的四大基本原则，包括尊重自主权、不伤害原则、行善原则、公正原则。

【最终答案】：ABCD

题目：根据《药品管理法》，下列哪些情形应被认定为假药？
A.药品成份的含量不符合国家药品标准
B.被污染的药品
C.变质的药品
D.药品所标明的适应症超出规定范围
E.超过有效期的药品
【思考过程】：",CD,Doubao-1.5-Thinking,"【思考过程】：根据《中华人民共和国药品管理法》第九十八条规定，有下列情形之一的，为假药：（一）药品所含成份与国家药品标准规定的成份不符；（二）以非药品冒充药品或者以他种药品冒充此种药品；（三）变质的药品；（四）药品所标明的适应症或者功能主治超出规定范围。  

选项A（药品成份的含量不符合国家药品标准）属于劣药情形（第九十八条第三款第一项）；选项B（被污染的药品）属于劣药情形（第三款第二项）；选项C（变质的药品）符合假药情形（第二款第三项）；选项D（药品所标明的适应症超出规定范围）符合假药情形（第二款第四项）；选项E（超过有效期的药品）属于劣药情形（第三款第五项）。  

【最终答案】：CD",客观题,CD
常规诊疗,"你是一个严格按照要求答题的医学考试考生。请你先展示出完整的思考过程，然后再输出最终答案。每道题目有至少两个选项（A、B）至多五个选项（A、B、C、D、E），题目为不定项选择题，请按照以下格式作答：

【思考过程】：...

【最终答案】：AB / BCE / CD / DE / E / ...（只输出选项的编号，不要写选项内容）

示例：
题目：医疗伦理中四大基本原则是？
A.尊重自主权
B.善意行为
C.无害原则
D.公正原则
E.以上都不是
【思考过程】：本题考查医学伦理的四大基本原则，包括尊重自主权、不伤害原则、行善原则、公正原则。

【最终答案】：ABCD

题目：根据《中华人民共和国药品管理法》，以下哪项属于假药的情形而非劣药的情形？
A.药品成分含量低于国家药品标准
B.擅自添加防腐剂的药品
C.未标明生产批号的药品
D.药品所标明的适应症超出规定范围
E.超过有效期的药品
【思考过程】：",D,Doubao-1.5-Thinking,"【思考过程】：根据《中华人民共和国药品管理法》规定，假药的情形包括：（1）药品所含成分与国家药品标准规定的成分不符；（2）以非药品冒充药品或者以他种药品冒充此种药品；（3）变质的药品；（4）药品所标明的适应症或者功能主治超出规定范围。劣药的情形包括：（1）药品成分的含量不符合国家药品标准；（2）被污染的药品；（3）未标明或者更改有效期的药品；（4）未注明或者更改产品批号的药品；（5）超过有效期的药品；（6）擅自添加防腐剂、辅料的药品；（7）其他不符合药品标准的药品。  
选项分析：  
A. 药品成分含量低于国家药品标准（属于劣药）；  
B. 擅自添加防腐剂的药品（属于劣药）；  
C. 未标明生产批号的药品（属于劣药）；  
D. 药品所标明的适应症超出规定范围（属于假药）；  
E. 超过有效期的药品（属于劣药）。  

【最终答案】：D",客观题,D
常规诊疗,"你是一个严格按照要求答题的医学考试考生。请你先展示出完整的思考过程，然后再输出最终答案。每道题目有至少两个选项（A、B）至多五个选项（A、B、C、D、E），题目为不定项选择题，请按照以下格式作答：

【思考过程】：...

【最终答案】：AB / BCE / CD / DE / E / ...（只输出选项的编号，不要写选项内容）

示例：
题目：医疗伦理中四大基本原则是？
A.尊重自主权
B.善意行为
C.无害原则
D.公正原则
E.以上都不是
【思考过程】：本题考查医学伦理的四大基本原则，包括尊重自主权、不伤害原则、行善原则、公正原则。

【最终答案】：ABCD

题目：以下哪些情形属于假药的范畴？
A.药品中添加了未批准使用的防腐剂
B.某抗生素的有效成分含量为标准的80%
C.被污水污染的退烧药
D.以维生素片冒充抗癌药物销售
E.药品标示适应症包含未经审批的疾病
【思考过程】：",DE,Doubao-1.5-Thinking,"【思考过程】：本题需根据《药品管理法》中假药的定义进行判断。根据该法第九十八条，假药的情形包括：（一）药品所含成分与国家药品标准规定的成分不符；（二）以非药品冒充药品或者以他种药品冒充此种药品；（三）变质的药品；（四）药品所标明的适应症或者功能主治超出规定范围。  

- 选项A：添加未批准的防腐剂属于生产违规，但未直接符合假药定义，可能属于劣药（如“其他不符合药品标准的物质”）。  
- 选项B：有效成分含量不足（80%）属于劣药（成分含量不符合国家药品标准）。  
- 选项C：被污水污染的退烧药可能导致变质，符合“变质的药品”这一假药情形。  
- 选项D：以维生素片冒充抗癌药属于“以非药品冒充药品”，符合假药定义。  
- 选项E：标示适应症超出审批范围符合“药品所标明的适应症超出规定范围”这一假药情形。  

【最终答案】：CDE",客观题,CDE
常规诊疗,"你是一个严格按照要求答题的医学考试考生。请你先展示出完整的思考过程，然后再输出最终答案。每道题目有至少两个选项（A、B）至多五个选项（A、B、C、D、E），题目为不定项选择题，请按照以下格式作答：

【思考过程】：...

【最终答案】：AB / BCE / CD / DE / E / ...（只输出选项的编号，不要写选项内容）

示例：
题目：医疗伦理中四大基本原则是？
A.尊重自主权
B.善意行为
C.无害原则
D.公正原则
E.以上都不是
【思考过程】：本题考查医学伦理的四大基本原则，包括尊重自主权、不伤害原则、行善原则、公正原则。

【最终答案】：ABCD

题目：根据相关法律法规，以下哪些情形属于假药？（多选）
A.药品成分含量低于国家标准
B.用维生素片冒充消炎药
C.药品在运输过程中被污染
D.某退烧药标注可治疗阿尔茨海默病
E.未取得批准文件生产的降压药
【思考过程】：",BDE,Doubao-1.5-Thinking,"【思考过程】：根据《中华人民共和国药品管理法》规定，假药的情形包括：（1）药品所含成分与国家药品标准规定的成分不符；（2）以非药品冒充药品或者以他种药品冒充此种药品；（3）变质的药品；（4）药品所标明的适应症或者功能主治超出规定范围；（5）未取得药品批准证明文件生产、进口的药品等。  

选项A：药品成分含量低于国家标准属于“成分含量不符合国家药品标准”，属于劣药，非假药；  
选项B：用维生素片冒充消炎药（以非药品冒充药品），符合假药情形；  
选项C：运输中被污染的药品属于“被污染的药品”，属于劣药，非假药；  
选项D：退烧药标注治疗阿尔茨海默病（适应症超出规定范围），符合假药情形；  
选项E：未取得批准文件生产的降压药（未取得批准证明文件生产的药品），符合假药情形。  

【最终答案】：BDE",客观题,BDE
常规诊疗,"你是一个严格按照要求答题的医学考试考生。请你先展示出完整的思考过程，然后再输出最终答案。每道题目有至少两个选项（A、B）至多五个选项（A、B、C、D、E），题目为不定项选择题，请按照以下格式作答：

【思考过程】：...

【最终答案】：AB / BCE / CD / DE / E / ...（只输出选项的编号，不要写选项内容）

示例：
题目：医疗伦理中四大基本原则是？
A.尊重自主权
B.善意行为
C.无害原则
D.公正原则
E.以上都不是
【思考过程】：本题考查医学伦理的四大基本原则，包括尊重自主权、不伤害原则、行善原则、公正原则。

【最终答案】：ABCD

题目：根据《药品管理法》相关规定，以下哪种情形会被判定为劣药？
A.药品擅自添加抗生素作为防腐剂
B.药品成分含量低于国家标准的感冒胶囊
C.被实验试剂污染的退烧药库存
D.有效期已过3个月的降压药
E.未注明产品批号的镇痛贴
【思考过程】：",ABCDE,Doubao-1.5-Thinking,"【思考过程】：根据《药品管理法》第九十八条，劣药的判定情形包括：（一）药品成分的含量不符合国家药品标准；（二）被污染的药品；（三）未标明或者更改有效期的药品；（四）未注明或者更改产品批号的药品；（五）超过有效期的药品；（六）擅自添加防腐剂、辅料的药品；（七）其他不符合药品标准的药品。  

逐一分析选项：  
- **A**：擅自添加抗生素作为防腐剂，属于“擅自添加防腐剂”的情形（第六项），判定为劣药。  
- **B**：成分含量低于国家标准，属于“成分含量不符合国家药品标准”的情形（第一项），判定为劣药。  
- **C**：被实验试剂污染的退烧药，属于“被污染的药品”的情形（第二项），判定为劣药。  
- **D**：有效期已过3个月的降压药，属于“超过有效期的药品”的情形（第五项），判定为劣药。  
- **E**：未注明产品批号的镇痛贴，属于“未注明产品批号的药品”的情形（第四项），判定为劣药。  

因此，所有选项均符合劣药的判定标准。

【最终答案】：ABCDE",客观题,ABCDE
常规诊疗,"你是一个严格按照要求答题的医学考试考生。请你先展示出完整的思考过程，然后再输出最终答案。每道题目有至少两个选项（A、B）至多五个选项（A、B、C、D、E），题目为不定项选择题，请按照以下格式作答：

【思考过程】：...

【最终答案】：AB / BCE / CD / DE / E / ...（只输出选项的编号，不要写选项内容）

示例：
题目：医疗伦理中四大基本原则是？
A.尊重自主权
B.善意行为
C.无害原则
D.公正原则
E.以上都不是
【思考过程】：本题考查医学伦理的四大基本原则，包括尊重自主权、不伤害原则、行善原则、公正原则。

【最终答案】：ABCD

题目：以下哪些情形属于“劣药”范畴？
A.药品所标明的适应症超出规定范围
B.被污染的药品
C.变质的药品
D.超过有效期的药品
E.擅自添加防腐剂的药品
【思考过程】：",BDE,Doubao-1.5-Thinking,"【思考过程】：根据《中华人民共和国药品管理法》第九十八条规定，劣药的范畴包括：（一）药品成分的含量不符合国家药品标准；（二）被污染的药品；（三）未标明或者更改有效期的药品；（四）未标明或者更改产品批号的药品；（五）超过有效期的药品；（六）擅自添加防腐剂、辅料的药品；（七）其他不符合药品标准的药品。  

选项分析：  
- A. 药品所标明的适应症超出规定范围属于假药（假药包括“所标明的适应症或者功能主治超出规定范围”）；  
- B. 被污染的药品属于劣药（符合劣药情形第二项）；  
- C. 变质的药品属于假药（假药包括“变质的药品”）；  
- D. 超过有效期的药品属于劣药（符合劣药情形第五项）；  
- E. 擅自添加防腐剂的药品属于劣药（符合劣药情形第六项）。  

因此，属于劣药范畴的是B、D、E。

【最终答案】：BDE",客观题,BDE
常规诊疗,"你是一个严格按照要求答题的医学考试考生。请你先展示出完整的思考过程，然后再输出最终答案。每道题目有至少两个选项（A、B）至多五个选项（A、B、C、D、E），题目为不定项选择题，请按照以下格式作答：

【思考过程】：...

【最终答案】：AB / BCE / CD / DE / E / ...（只输出选项的编号，不要写选项内容）

示例：
题目：医疗伦理中四大基本原则是？
A.尊重自主权
B.善意行为
C.无害原则
D.公正原则
E.以上都不是
【思考过程】：本题考查医学伦理的四大基本原则，包括尊重自主权、不伤害原则、行善原则、公正原则。

【最终答案】：ABCD

题目：以下表述是否正确：举报人举报所在单位的，该单位可以解除与举报人的劳动合同作为报复。
A.正确
B.错误
【思考过程】：",B,Doubao-1.5-Thinking,"【思考过程】：根据《中华人民共和国劳动合同法》等相关法律规定，用人单位不得因劳动者举报其违法行为而解除劳动合同。若用人单位以此为由解除劳动合同，属于违法解除，需承担相应法律责任。因此题目中“该单位可以解除与举报人的劳动合同作为报复”的表述是错误的。

【最终答案】：B",客观题,B
常规诊疗,"你是一个严格按照要求答题的医学考试考生。请你先展示出完整的思考过程，然后再输出最终答案。每道题目有至少两个选项（A、B）至多五个选项（A、B、C、D、E），题目为不定项选择题，请按照以下格式作答：

【思考过程】：...

【最终答案】：AB / BCE / CD / DE / E / ...（只输出选项的编号，不要写选项内容）

示例：
题目：医疗伦理中四大基本原则是？
A.尊重自主权
B.善意行为
C.无害原则
D.公正原则
E.以上都不是
【思考过程】：本题考查医学伦理的四大基本原则，包括尊重自主权、不伤害原则、行善原则、公正原则。

【最终答案】：ABCD

题目：《中华人民共和国药品管理法》规定，应当从重处罚下列哪些情形？
A.生产、销售以老年人群体为主要使用对象的假药
B.伪造药品检验报告但未销毁证据
C.使用放射性药品冒充其他抗生素药品
D.擅自丢弃查封的过期药品
E.使用虚假身份销售药品
【思考过程】：",ACDE,Doubao-1.5-Thinking,"【思考过程】：本题需依据《中华人民共和国药品管理法》中关于从重处罚情形的规定进行分析。根据2020年修订的《药品管理法》第一百三十七条，从重处罚的情形包括：（一）以特殊管理药品（如放射性药品）冒充其他药品；（二）生产、销售以孕产妇、儿童为主要使用对象的假药、劣药；（三）生产、销售生物制品假药、劣药；（四）造成人身伤害后果；（五）经处理后再犯；（六）拒绝监督检查、伪造/销毁/隐匿证据材料或擅自动用查封、扣押物品。

逐一分析选项：
- **A**：法律明确规定“孕产妇、儿童”为特定人群，未提及“老年人”，故不选。
- **B**：伪造药品检验报告属于“伪造证据材料”，符合（六）的情形，应从重处罚。
- **C**：使用放射性药品冒充其他抗生素，属于（一）中“以放射性药品冒充其他药品”的情形，应从重处罚。
- **D**：擅自丢弃查封的过期药品属于“擅自动用查封物品”，符合（六）的情形，应从重处罚。
- **E**：使用虚假身份销售药品未被法律明确列为从重处罚情形，故不选。

【最终答案】：BCD",客观题,BCD
常规诊疗,"你是一个严格按照要求答题的医学考试考生。请你先展示出完整的思考过程，然后再输出最终答案。每道题目有至少两个选项（A、B）至多五个选项（A、B、C、D、E），题目为不定项选择题，请按照以下格式作答：

【思考过程】：...

【最终答案】：AB / BCE / CD / DE / E / ...（只输出选项的编号，不要写选项内容）

示例：
题目：医疗伦理中四大基本原则是？
A.尊重自主权
B.善意行为
C.无害原则
D.公正原则
E.以上都不是
【思考过程】：本题考查医学伦理的四大基本原则，包括尊重自主权、不伤害原则、行善原则、公正原则。

【最终答案】：ABCD

题目：下列哪些情形应当在药品管理法的处罚幅度内从重处罚？
A.用镇痛类非处方药冒充含麻黄碱类药品
B.生产以老年人为主要使用对象的劣质降压药
C.销售的流感疫苗未达到生物安全标准且被鉴定为假药
D.首次销售过期抗生素导致患者轻微过敏
E.因库存不足暂缓提交质检报告
【思考过程】：",C,Doubao-1.5-Thinking,"【思考过程】：本题考查《药品管理法》中关于从重处罚的情形。根据《药品管理法》第一百三十七条，从重处罚的情形包括：（一）以麻醉药品、精神药品、医疗用毒性药品、放射性药品、药品类易制毒化学品冒充其他药品，或其他药品冒充上述药品；（二）生产、销售以孕产妇、儿童为主要使用对象的假药、劣药；（三）生产、销售的生物制品属于假药、劣药；（四）生产、销售假药、劣药造成人身伤害后果；（五）经处理后再犯；（六）拒绝、逃避监督检查等行为。  

- 选项A：用镇痛类非处方药冒充含麻黄碱类药品。含麻黄碱类药品属于药品类易制毒化学品，以其他药品冒充此类药品，符合情形（一），应从重处罚。  
- 选项B：生产以老年人为主要使用对象的劣质降压药。劣质降压药属于劣药，但法律规定的特定人群仅包括孕产妇、儿童，不包含老年人，故不符合从重处罚情形。  
- 选项C：销售的流感疫苗未达到生物安全标准且被鉴定为假药。流感疫苗属于生物制品，销售生物制品假药符合情形（三），应从重处罚。  
- 选项D：首次销售过期抗生素导致患者轻微过敏。过期抗生素属于劣药（超过有效期按劣药论处），且造成患者轻微过敏（人身伤害后果），符合情形（四），应从重处罚。  
- 选项E：因库存不足暂缓提交质检报告。此行为不属于法定从重处罚情形，故不选。  

【最终答案】：ACD",客观题,ACD
常规诊疗,"你是一个严格按照要求答题的医学考试考生。请你先展示出完整的思考过程，然后再输出最终答案。每道题目有至少两个选项（A、B）至多五个选项（A、B、C、D、E），题目为不定项选择题，请按照以下格式作答：

【思考过程】：...

【最终答案】：AB / BCE / CD / DE / E / ...（只输出选项的编号，不要写选项内容）

示例：
题目：医疗伦理中四大基本原则是？
A.尊重自主权
B.善意行为
C.无害原则
D.公正原则
E.以上都不是
【思考过程】：本题考查医学伦理的四大基本原则，包括尊重自主权、不伤害原则、行善原则、公正原则。

【最终答案】：ABCD

题目：下列哪种行为应当在本法规定的处罚幅度内从重处罚？
A.向65岁以上老人销售未标明生产日期的保健食品
B.向公立医院销售以儿童为主要使用对象的劣质止咳糖浆
C.生产企业首次抽查中被发现某批次生物制品有效成分不足
D.生产治疗高血压的假药但未造成患者明显伤害
E.擅自转移已被市场监管部门查封的过期医疗器械
【思考过程】：",BE,Doubao-1.5-Thinking,"【思考过程】：本题需判断哪些行为应在处罚幅度内从重处罚，需结合《药品管理法》《医疗器械监督管理条例》等法规分析各选项：

- **选项A**：向65岁以上老人销售未标明生产日期的保健食品。未标明生产日期属于标签问题，违反《食品安全法》第三十四条，但《食品安全法》及实施条例中未明确将“针对老年人”作为标签问题的从重处罚情形，故不选。  
- **选项B**：向公立医院销售以儿童为主要使用对象的劣质止咳糖浆。止咳糖浆为药品，劣质可能为劣药。根据《药品管理法》第一百三十七条（二），生产、销售以儿童为主要使用对象的劣药应从重处罚，符合条件，故选。  
- **选项C**：生产企业首次抽查发现某批次生物制品有效成分不足。生物制品有效成分不足属于劣药（《药品管理法》第九十八条），根据第一百三十七条（三），生产、销售生物制品类劣药应从重处罚（无论是否首次），故选。  
- **选项D**：生产治疗高血压的假药但未造成明显伤害。生产假药本身违法，但《药品管理法》第一百三十七条规定的从重情形（如针对特定人群、造成伤害等）未覆盖此情况，故不选。  
- **选项E**：擅自转移已被查封的过期医疗器械。根据《药品管理法》第一百三十七条（六），擅自动用查封物品应从重处罚（医疗器械监管可参照类似原则），故选。  

【最终答案】：BCE",客观题,BCE
常规诊疗,"你是一个严格按照要求答题的医学考试考生。请你先展示出完整的思考过程，然后再输出最终答案。每道题目有至少两个选项（A、B）至多五个选项（A、B、C、D、E），题目为不定项选择题，请按照以下格式作答：

【思考过程】：...

【最终答案】：AB / BCE / CD / DE / E / ...（只输出选项的编号，不要写选项内容）

示例：
题目：医疗伦理中四大基本原则是？
A.尊重自主权
B.善意行为
C.无害原则
D.公正原则
E.以上都不是
【思考过程】：本题考查医学伦理的四大基本原则，包括尊重自主权、不伤害原则、行善原则、公正原则。

【最终答案】：ABCD

题目：以下哪种情况允许开展诊疗活动？
A.已取得《医疗机构执业许可证》但未经备案
B.持有营业执照但未获得许可证或备案
C.既无《医疗机构执业许可证》又未经备案
D.凭借地方政府的特殊批准文件开展诊疗
【思考过程】：",A,Doubao-1.5-Thinking,"【思考过程】：根据《基本医疗卫生与健康促进法》《医疗机构管理条例》等相关法规，医疗机构开展诊疗活动的法定前提是取得《医疗机构执业许可证》或完成备案（如诊所等特定类型机构）。具体分析各选项：

- **选项A**：已取得《医疗机构执业许可证》但未经备案。《医疗机构执业许可证》是医疗机构合法执业的核心凭证，适用于医院等大多数医疗机构。备案通常针对诊所等特定类型机构，若机构已取得许可证（如医院），备案并非必须程序，因此允许开展诊疗活动。  
- **选项B**：持有营业执照但未获得许可证或备案。营业执照仅为工商登记凭证，不能替代医疗机构执业的法定许可或备案要求，不允许开展诊疗活动。  
- **选项C**：既无《医疗机构执业许可证》又未经备案。无任何法定执业凭证，属于非法行医，不允许开展。  
- **选项D**：凭借地方政府的特殊批准文件开展诊疗。地方政府批准文件不能替代国家规定的《医疗机构执业许可证》或备案要求，不允许开展。

【最终答案】：A",客观题,A
常规诊疗,"你是一个严格按照要求答题的医学考试考生。请你先展示出完整的思考过程，然后再输出最终答案。每道题目有至少两个选项（A、B）至多五个选项（A、B、C、D、E），题目为不定项选择题，请按照以下格式作答：

【思考过程】：...

【最终答案】：AB / BCE / CD / DE / E / ...（只输出选项的编号，不要写选项内容）

示例：
题目：医疗伦理中四大基本原则是？
A.尊重自主权
B.善意行为
C.无害原则
D.公正原则
E.以上都不是
【思考过程】：本题考查医学伦理的四大基本原则，包括尊重自主权、不伤害原则、行善原则、公正原则。

【最终答案】：ABCD

题目：以下哪些行为符合医疗机构诊疗科目的管理规定？
A.减少原备案的诊疗科目数量
B.常规开展未经核准登记的诊疗项目
C.暂停开展所有已备案的诊疗科目
D.在紧急情况下临时开展未备案的诊疗项目
E.新增诊疗科目后3个月内提交备案材料
【思考过程】：",AC,Doubao-1.5-Thinking,"【思考过程】：本题考查医疗机构诊疗科目管理规定的相关知识。  
- 选项A：减少原备案的诊疗科目数量属于诊疗科目的变更，医疗机构可按规定程序申请变更，符合管理规定。  
- 选项B：常规开展未经核准登记的诊疗项目违反《医疗机构管理条例》第二十七条“必须按照核准登记的诊疗科目开展诊疗活动”的规定，不符合。  
- 选项C：暂停开展所有已备案的诊疗科目需向卫生行政部门报告或申请，题目未提及履行相关程序，且暂停所有科目可能涉及停业，通常需办理相关手续，故不符合常规管理规定。  
- 选项D：紧急情况下临时开展未备案的诊疗项目（如抢救患者）属于例外情形，符合“救死扶伤”的基本医疗原则，允许临时超范围开展。  
- 选项E：新增诊疗科目需及时备案，通常规定为30日内，3个月（90天）超出合理期限，不符合规定。  

【最终答案】：AD",客观题,AD
常规诊疗,"你是一个严格按照要求答题的医学考试考生。请你先展示出完整的思考过程，然后再输出最终答案。每道题目有至少两个选项（A、B）至多五个选项（A、B、C、D、E），题目为不定项选择题，请按照以下格式作答：

【思考过程】：...

【最终答案】：AB / BCE / CD / DE / E / ...（只输出选项的编号，不要写选项内容）

示例：
题目：医疗伦理中四大基本原则是？
A.尊重自主权
B.善意行为
C.无害原则
D.公正原则
E.以上都不是
【思考过程】：本题考查医学伦理的四大基本原则，包括尊重自主权、不伤害原则、行善原则、公正原则。

【最终答案】：ABCD

题目：某医院安排以下人员参与医疗卫生技术工作，其中哪项违反了相关规定？
A.医学检验技师进行常规血液检测
B.护理学院尚未取得执业资格的实习生执行静脉穿刺
C.药学专业毕业生审核处方
D.获急救认证的志愿者操作心电图机
【思考过程】：",BCD,Doubao-1.5-Thinking,"【思考过程】：本题需判断各选项是否符合医疗卫生技术工作的相关规定。  
- 选项A：医学检验技师具备相应资质，常规血液检测属于其职责范围，符合规定。  
- 选项B：护理实习生未取得执业资格，静脉穿刺属于侵入性操作，需在带教老师指导下进行，单独执行违反规定。  
- 选项C：审核处方需取得药学专业技术职务任职资格（如药师），药学专业毕业生未取得资格前不能独立审核，违反规定。  
- 选项D：获急救认证的志愿者操作心电图机（如简单连接、启动），通常在认证范围内，不违反规定。  

【最终答案】：BC",客观题,BC
常规诊疗,"你是一个严格按照要求答题的医学考试考生。请你先展示出完整的思考过程，然后再输出最终答案。每道题目有至少两个选项（A、B）至多五个选项（A、B、C、D、E），题目为不定项选择题，请按照以下格式作答：

【思考过程】：...

【最终答案】：AB / BCE / CD / DE / E / ...（只输出选项的编号，不要写选项内容）

示例：
题目：医疗伦理中四大基本原则是？
A.尊重自主权
B.善意行为
C.无害原则
D.公正原则
E.以上都不是
【思考过程】：本题考查医学伦理的四大基本原则，包括尊重自主权、不伤害原则、行善原则、公正原则。

【最终答案】：ABCD

题目：某医院接诊危重患者后发现设备不足，以下做法中符合法规的是？
A.立即抢救并在稳定生命体征后联系转诊
B.因缺乏设备直接建议患者转往其他医院
C.动员全体医护人员尝试治疗后决定是否转诊
D.为减少医疗风险未进行抢救直接转诊
E.检查患者支付能力后决定抢救方案
【思考过程】：",A,Doubao-1.5-Thinking,"【思考过程】：本题考查医疗机构对危重患者的处理规范，依据《医疗机构管理条例》第三十一条：“医疗机构对危重病人应当立即抢救。对限于设备或者技术条件不能诊治的病人，应当及时转诊。”  

- 选项A：“立即抢救并在稳定生命体征后联系转诊”符合法规要求。医疗机构必须首先立即抢救危重患者，待生命体征稳定后再转诊，既履行了抢救义务，又合理转诊。  
- 选项B：“因缺乏设备直接建议患者转往其他医院”违反法规。未先实施抢救直接转诊，属于拖延或拒绝抢救，不符合“立即抢救”的要求。  
- 选项C：“动员全体医护人员尝试治疗后决定是否转诊”符合法规。“尝试治疗”属于“立即抢救”的范畴，在尽力抢救后评估是否需要转诊，符合“立即抢救”和“及时转诊”的规定。  
- 选项D：“为减少医疗风险未进行抢救直接转诊”明显违法。未实施抢救直接转诊，严重违反“立即抢救”的法定义务。  
- 选项E：“检查患者支付能力后决定抢救方案”违法。医疗机构不得因患者支付能力延误抢救，该行为涉及歧视患者，违反法规。  

综上，符合法规的做法为A和C。

【最终答案】：AC",客观题,AC
常规诊疗,"你是一个严格按照要求答题的医学考试考生。请你先展示出完整的思考过程，然后再输出最终答案。每道题目有至少两个选项（A、B）至多五个选项（A、B、C、D、E），题目为不定项选择题，请按照以下格式作答：

【思考过程】：...

【最终答案】：AB / BCE / CD / DE / E / ...（只输出选项的编号，不要写选项内容）

示例：
题目：医疗伦理中四大基本原则是？
A.尊重自主权
B.善意行为
C.无害原则
D.公正原则
E.以上都不是
【思考过程】：本题考查医学伦理的四大基本原则，包括尊重自主权、不伤害原则、行善原则、公正原则。

【最终答案】：ABCD

题目：医疗机构在下列哪种情况下开具证明文件是符合法律规定的？
A.陈医师未亲自诊查患者，根据病历记录开具健康证明书
B.李医生亲自接产后由护士代为签署出生证明书
C.医院未经诊查为患者开具死亡证明书（医师参与了抢救但未最后检查）
D.产妇由助产工作人员接产后，助产士签署出生证明书
【思考过程】：",D,Doubao-1.5-Thinking,"【思考过程】：根据《医疗机构管理条例》及相关法规，医疗机构出具证明文件需符合以下规定：  
- 选项A：未亲自诊查患者仅依据病历开具健康证明，违反“必须经医师亲自诊查”的规定，不合法。  
- 选项B：出生证明书应由接产医师亲自签署，护士无签署资格，不合法。  
- 选项C：死亡证明书需医师亲自诊查确认死亡后开具，未最后检查仅参与抢救不符合要求，不合法。  
- 选项D：助产士在合法接产后可签署出生证明书（如《母婴保健法》规定），合法。  

【最终答案】：D",客观题,D
常规诊疗,"你是一个严格按照要求答题的医学考试考生。请你先展示出完整的思考过程，然后再输出最终答案。每道题目有至少两个选项（A、B）至多五个选项（A、B、C、D、E），题目为不定项选择题，请按照以下格式作答：

【思考过程】：...

【最终答案】：AB / BCE / CD / DE / E / ...（只输出选项的编号，不要写选项内容）

示例：
题目：医疗伦理中四大基本原则是？
A.尊重自主权
B.善意行为
C.无害原则
D.公正原则
E.以上都不是
【思考过程】：本题考查医学伦理的四大基本原则，包括尊重自主权、不伤害原则、行善原则、公正原则。

【最终答案】：ABCD

题目：在下列哪些情形下，医务人员必须及时向患者或近亲属说明医疗风险及替代方案并取得明确同意？
A.调整降压药物剂量
B.实施骨折内固定手术
C.进行胃肠镜检查前的镇静麻醉
D.抽取外周血用于常规化验
E.开具感冒退烧药物
【思考过程】：",BC,Doubao-1.5-Thinking,"【思考过程】：根据相关法律法规（如《医疗纠纷预防和处理条例》），医务人员需向患者或近亲属说明医疗风险及替代方案并取得明确同意的情形，主要涉及具有一定风险或侵入性的医疗操作，如手术、有创检查、麻醉等。  
- 选项A（调整降压药物剂量）：属于常规药物调整，风险较低，无需特别知情同意。  
- 选项B（实施骨折内固定手术）：手术为有创操作，风险较高，需说明风险并取得同意。  
- 选项C（胃肠镜检查前的镇静麻醉）：镇静麻醉存在过敏、呼吸抑制等风险，需向患者说明并取得同意。  
- 选项D（抽取外周血常规化验）：为低风险常规操作，无需单独知情同意。  
- 选项E（开具感冒退烧药物）：属于常规治疗，风险低，无需特别知情同意。  

【最终答案】：BC",客观题,BC
常规诊疗,"你是一个严格按照要求答题的医学考试考生。请你先展示出完整的思考过程，然后再输出最终答案。每道题目有至少两个选项（A、B）至多五个选项（A、B、C、D、E），题目为不定项选择题，请按照以下格式作答：

【思考过程】：...

【最终答案】：AB / BCE / CD / DE / E / ...（只输出选项的编号，不要写选项内容）

示例：
题目：医疗伦理中四大基本原则是？
A.尊重自主权
B.善意行为
C.无害原则
D.公正原则
E.以上都不是
【思考过程】：本题考查医学伦理的四大基本原则，包括尊重自主权、不伤害原则、行善原则、公正原则。

【最终答案】：ABCD

题目：以下哪些做法符合医疗机构收取医疗费用的相关法规要求？
A.与患者协商确定检验项目收费标准
B.按照物价部门核定的价格收取诊疗费用
C.收费单据中独立标注静脉注射耗材费与操作费
D.仅向患者提供标注总金额的服务费收据
E.急诊抢救后未缴费患者补缴费用时出具追溯性收据
【思考过程】：",BCE,Doubao-1.5-Thinking,"【思考过程】：本题需依据医疗机构收费的相关法规判断各选项是否合规。  
- 选项A：医疗收费标准通常由物价部门核定，医疗机构不得自行与患者协商定价，故A不符合。  
- 选项B：医疗机构必须执行物价部门核定的价格，B符合规定。  
- 选项C：收费单据需明码标价、分项列示，独立标注耗材费与操作费符合明细要求，C正确。  
- 选项D：患者有权获取费用明细，仅提供总金额收据不符合规定，D错误。  
- 选项E：急诊抢救后补缴费用时出具追溯性收据（如实反映费用发生情况）是合理的，E符合规定。  

【最终答案】：BCE",客观题,BCE
常规诊疗,"你是一个严格按照要求答题的医学考试考生。请你先展示出完整的思考过程，然后再输出最终答案。每道题目有至少两个选项（A、B）至多五个选项（A、B、C、D、E），题目为不定项选择题，请按照以下格式作答：

【思考过程】：...

【最终答案】：AB / BCE / CD / DE / E / ...（只输出选项的编号，不要写选项内容）

示例：
题目：医疗伦理中四大基本原则是？
A.尊重自主权
B.善意行为
C.无害原则
D.公正原则
E.以上都不是
【思考过程】：本题考查医学伦理的四大基本原则，包括尊重自主权、不伤害原则、行善原则、公正原则。

【最终答案】：ABCD

题目：医疗机构开展医疗技术临床应用时，必须遵循以下哪些原则？
A.科学、安全、规范
B.有效、高效、经济
C.符合伦理、规范、有效
D.安全、便捷、创新
E.科学、经济、符合伦理
【思考过程】：",AE,Doubao-1.5-Thinking,"【思考过程】：本题考查医疗机构开展医疗技术临床应用的基本原则。根据《医疗技术临床应用管理办法》（国家卫生健康委员会令第1号）第三条规定，医疗机构开展医疗技术临床应用应当遵循科学、安全、规范、有效、经济的原则。分析各选项：  
- 选项A“科学、安全、规范”完全符合上述原则中的核心要素；  
- 选项B“有效、高效、经济”中“有效”和“经济”是原则内容，但“高效”并非原文明确要求；  
- 选项C“符合伦理、规范、有效”中“规范”和“有效”是原则内容，但“符合伦理”更多是伦理审查要求，非直接列为基本原则；  
- 选项D“安全、便捷、创新”中“安全”是原则内容，但“便捷”和“创新”未被提及；  
- 选项E“科学、经济、符合伦理”中“科学”和“经济”是原则内容，但“符合伦理”同上，非直接列为基本原则。  

因此，唯一完全符合原文原则的选项是A。

【最终答案】：A",客观题,A
常规诊疗,"你是一个严格按照要求答题的医学考试考生。请你先展示出完整的思考过程，然后再输出最终答案。每道题目有至少两个选项（A、B）至多五个选项（A、B、C、D、E），题目为不定项选择题，请按照以下格式作答：

【思考过程】：...

【最终答案】：AB / BCE / CD / DE / E / ...（只输出选项的编号，不要写选项内容）

示例：
题目：医疗伦理中四大基本原则是？
A.尊重自主权
B.善意行为
C.无害原则
D.公正原则
E.以上都不是
【思考过程】：本题考查医学伦理的四大基本原则，包括尊重自主权、不伤害原则、行善原则、公正原则。

【最终答案】：ABCD

题目：以下哪些情形符合禁止类医疗技术的法定条件？
A.临床应用安全性、有效性尚未充分验证；B.存在一般伦理争议而非重大伦理问题；C.该技术经专家论证已被行业淘汰；D.省级卫生部门登记的常规诊疗技术；E.经伦理委员会初步审核的改良医疗方案
【思考过程】：",ACE,Doubao-1.5-Thinking,"【思考过程】：根据《医疗技术临床应用管理办法》，禁止类医疗技术的法定条件包括：临床应用安全性、有效性尚未充分验证（A符合）；存在重大伦理问题（B中“一般伦理争议”不符合）；该技术已经被临床淘汰（C符合）；以及其他情形。省级卫生部门登记的常规诊疗技术（D）属于已规范应用的技术，不属于禁止类；经伦理委员会初步审核的改良医疗方案（E）尚处于评估阶段，未明确符合禁止条件。

【最终答案】：AC",客观题,AC
常规诊疗,"你是一个严格按照要求答题的医学考试考生。请你先展示出完整的思考过程，然后再输出最终答案。每道题目有至少两个选项（A、B）至多五个选项（A、B、C、D、E），题目为不定项选择题，请按照以下格式作答：

【思考过程】：...

【最终答案】：AB / BCE / CD / DE / E / ...（只输出选项的编号，不要写选项内容）

示例：
题目：医疗伦理中四大基本原则是？
A.尊重自主权
B.善意行为
C.无害原则
D.公正原则
E.以上都不是
【思考过程】：本题考查医学伦理的四大基本原则，包括尊重自主权、不伤害原则、行善原则、公正原则。

【最终答案】：ABCD

题目：根据相关规定，以下哪种情形应被列为限制类技术管理？
A.涉及一般伦理风险的，B.需要消耗稀缺资源的，C.存在不合理临床应用需要重点管理的，D.医院常规开展的且成本可控的，E.技术难度适中但涉及重大伦理风险的
【思考过程】：",BCE,Doubao-1.5-Thinking,"【思考过程】：根据《医疗技术临床应用管理办法》，限制类技术是指安全性、有效性存在重大不确定性，或涉及重大伦理风险，或需要消耗稀缺资源，或存在不合理临床应用需要重点管理的医疗技术。分析各选项：A选项“涉及一般伦理风险”不符合“重大伦理风险”的要求；B选项“需要消耗稀缺资源”符合限制类技术特征；C选项“存在不合理临床应用需要重点管理”属于限制类技术管理范围；D选项“医院常规开展且成本可控”属于非限制类技术；E选项“涉及重大伦理风险”符合限制类技术的核心条件（无论技术难度如何）。

【最终答案】：BCE",客观题,BCE
常规诊疗,"你是一个严格按照要求答题的医学考试考生。请你先展示出完整的思考过程，然后再输出最终答案。每道题目有至少两个选项（A、B）至多五个选项（A、B、C、D、E），题目为不定项选择题，请按照以下格式作答：

【思考过程】：...

【最终答案】：AB / BCE / CD / DE / E / ...（只输出选项的编号，不要写选项内容）

示例：
题目：医疗伦理中四大基本原则是？
A.尊重自主权
B.善意行为
C.无害原则
D.公正原则
E.以上都不是
【思考过程】：本题考查医学伦理的四大基本原则，包括尊重自主权、不伤害原则、行善原则、公正原则。

【最终答案】：ABCD

题目：某医院拟开展一项限制类医疗技术，以下哪种做法符合法规要求？
A.直接开展临床使用并在后续补交审查材料
B.提请本院伦理委员会审议并通过后使用
C.未经本院伦理委员会审查但咨询了省级专家意见
D.暂缓伦理审查并小范围试用
【思考过程】：",B,Doubao-1.5-Thinking,"【思考过程】：根据《医疗技术临床应用管理办法》相关规定，限制类医疗技术临床应用需严格遵循伦理审查和备案程序。选项A“直接开展并后续补交材料”违反了“先审查备案后开展”的原则；选项C“未经伦理审查但咨询专家”不符合“必须通过本院伦理委员会审查”的要求；选项D“暂缓审查并小范围试用”同样违背了“审查前置”的规定；选项B“提请本院伦理委员会审议并通过后使用”符合“需经医疗机构伦理委员会审查”的核心要求。

【最终答案】：B",客观题,B
常规诊疗,"你是一个严格按照要求答题的医学考试考生。请你先展示出完整的思考过程，然后再输出最终答案。每道题目有至少两个选项（A、B）至多五个选项（A、B、C、D、E），题目为不定项选择题，请按照以下格式作答：

【思考过程】：...

【最终答案】：AB / BCE / CD / DE / E / ...（只输出选项的编号，不要写选项内容）

示例：
题目：医疗伦理中四大基本原则是？
A.尊重自主权
B.善意行为
C.无害原则
D.公正原则
E.以上都不是
【思考过程】：本题考查医学伦理的四大基本原则，包括尊重自主权、不伤害原则、行善原则、公正原则。

【最终答案】：ABCD

题目：某医院计划首次应用一项已证明安全有效的医疗技术，根据相关规定，该医院必须开展以下哪些论证？
A.本机构技术能力论证
B.患者经济承受能力评估
C.本机构安全保障能力论证
D.该技术在全国的普及率调查
【思考过程】：",AC,Doubao-1.5-Thinking,"【思考过程】：根据《医疗技术临床应用管理办法》等相关规定，医疗机构首次应用已证明安全有效的医疗技术时，需重点评估自身是否具备开展该技术的能力。其中，本机构技术能力论证（A）是核心，确保医护人员掌握技术；本机构安全保障能力论证（C）是必要条件，确保设备、急救等安全措施到位。患者经济承受能力评估（B）非技术应用的法定要求；技术在全国的普及率调查（D）与机构自身应用能力无关。因此需选A和C。

【最终答案】：AC",客观题,AC
常规诊疗,"你是一个严格按照要求答题的医学考试考生。请你先展示出完整的思考过程，然后再输出最终答案。每道题目有至少两个选项（A、B）至多五个选项（A、B、C、D、E），题目为不定项选择题，请按照以下格式作答：

【思考过程】：...

【最终答案】：AB / BCE / CD / DE / E / ...（只输出选项的编号，不要写选项内容）

示例：
题目：医疗伦理中四大基本原则是？
A.尊重自主权
B.善意行为
C.无害原则
D.公正原则
E.以上都不是
【思考过程】：本题考查医学伦理的四大基本原则，包括尊重自主权、不伤害原则、行善原则、公正原则。

【最终答案】：ABCD

题目：根据相关规定，医疗机构应当立即停止某项限制类技术临床应用的情况包括以下哪些？
A.存在轻微质量安全隐患
B.存在严重质量安全问题
C.技术管理人员不足
D.不再符合有关技术管理要求
E.患者投诉数量增加
【思考过程】：",BD,Doubao-1.5-Thinking,"【思考过程】：根据《医疗技术临床应用管理办法》相关规定，医疗机构应当立即停止限制类技术临床应用的情形包括：  
- 存在严重质量安全问题（对应“重大医疗质量安全事件或严重质量安全隐患”）；  
- 技术管理人员不足（属于“主要专业技术人员变化导致无法正常应用”的情形）；  
- 不再符合有关技术管理要求（如资质、条件等不符合规范）。  

选项A（轻微隐患）未达到“严重”程度，无需立即停止；选项E（患者投诉增加）未直接关联质量安全或管理要求，不构成立即停止的条件。  

【最终答案】：BCD",客观题,BCD
常规诊疗,"你是一个严格按照要求答题的医学考试考生。请你先展示出完整的思考过程，然后再输出最终答案。每道题目有至少两个选项（A、B）至多五个选项（A、B、C、D、E），题目为不定项选择题，请按照以下格式作答：

【思考过程】：...

【最终答案】：AB / BCE / CD / DE / E / ...（只输出选项的编号，不要写选项内容）

示例：
题目：医疗伦理中四大基本原则是？
A.尊重自主权
B.善意行为
C.无害原则
D.公正原则
E.以上都不是
【思考过程】：本题考查医学伦理的四大基本原则，包括尊重自主权、不伤害原则、行善原则、公正原则。

【最终答案】：ABCD

题目：根据医疗技术临床应用管理规范，以下哪些情形应当立即停止该项医疗技术的临床应用？
A.该技术被列为""限制类技术""
B.关键设备维护人员离职影响设备校准
C.应用过程中发生严重术后感染事件
D.发现技术存在伦理缺陷但尚未造成实际损害
E.主要术者因公出国进修三个月
【思考过程】：",CD,Doubao-1.5-Thinking,"【思考过程】：根据《医疗技术临床应用管理办法》相关规定，医疗机构应当立即停止相关医疗技术临床应用的情形包括：（1）技术被列为禁止类技术；（2）主要专业技术人员、关键设备/设施等变化导致无法满足技术要求，存在安全隐患；（3）应用中出现重大医疗质量、安全或伦理问题；（4）技术效果不确切或存在重大缺陷。  

选项分析：  
- A：列为“限制类技术”仅需严格管理（如备案、培训），无需立即停止。  
- B：关键设备维护人员离职影响校准，属于关键设备无法满足要求，存在安全隐患，应立即停止。  
- C：严重术后感染事件属于重大医疗安全问题，需立即停止。  
- D：技术存在伦理缺陷（即使未造成实际损害）属于重大伦理问题，需立即停止。  
- E：主要术者短期因公出国（可由其他具备资质人员替代），不必然导致立即停止。  

综上，B、C、D符合立即停止的情形。

【最终答案】：BCD",客观题,BCD
常规诊疗,"你是一个严格按照要求答题的医学考试考生。请你先展示出完整的思考过程，然后再输出最终答案。每道题目有至少两个选项（A、B）至多五个选项（A、B、C、D、E），题目为不定项选择题，请按照以下格式作答：

【思考过程】：...

【最终答案】：AB / BCE / CD / DE / E / ...（只输出选项的编号，不要写选项内容）

示例：
题目：医疗伦理中四大基本原则是？
A.尊重自主权
B.善意行为
C.无害原则
D.公正原则
E.以上都不是
【思考过程】：本题考查医学伦理的四大基本原则，包括尊重自主权、不伤害原则、行善原则、公正原则。

【最终答案】：ABCD

题目：下列哪种情形可能导致医务人员被追究法律责任？
A.未定期参加医疗技术培训
B.开展临床效果尚未明确的新技术研究
C.开展肿瘤患者诊疗时未签知情同意书
D.化验室人员将患者HIV结果发给患者单位领导
【思考过程】：",BCD,Doubao-1.5-Thinking,"【思考过程】：本题需判断哪些情形可能导致医务人员被追究法律责任，逐一分析如下：

- **选项A**：未定期参加医疗技术培训。根据相关法规（如《医师法》），定期培训可能是职业发展要求，但未参加通常属于内部管理问题（如影响考核），一般不直接导致法律责任（除非因未培训造成严重后果，但题目未提及）。因此A不选。  
- **选项B**：开展临床效果尚未明确的新技术研究。根据《医疗技术临床应用管理办法》，临床效果不明确的新技术需经伦理审查和行政部门审批（如限制类技术需备案或审批）。未经批准擅自开展可能违反规定，导致法律责任（如行政处罚）。因此B可能选。  
- **选项C**：未签知情同意书。根据《民法典》《医疗机构管理条例》，对患者进行手术、特殊检查或治疗时，必须取得患者或家属知情同意。未签知情同意书可能侵犯患者权利，造成损害时需承担民事甚至行政责任。因此C可能选。  
- **选项D**：泄露患者HIV结果。HIV结果属于患者隐私，《个人信息保护法》《传染病防治法》明确规定医务人员需保护患者隐私，泄露隐私可能导致民事赔偿、行政处罚，严重时构成刑事犯罪（如侵犯公民个人信息罪）。因此D必选。  

综上，B、C、D可能导致法律责任。

【最终答案】：BCD",客观题,BCD
常规诊疗,"你是一个严格按照要求答题的医学考试考生。请你先展示出完整的思考过程，然后再输出最终答案。每道题目有至少两个选项（A、B）至多五个选项（A、B、C、D、E），题目为不定项选择题，请按照以下格式作答：

【思考过程】：...

【最终答案】：AB / BCE / CD / DE / E / ...（只输出选项的编号，不要写选项内容）

示例：
题目：医疗伦理中四大基本原则是？
A.尊重自主权
B.善意行为
C.无害原则
D.公正原则
E.以上都不是
【思考过程】：本题考查医学伦理的四大基本原则，包括尊重自主权、不伤害原则、行善原则、公正原则。

【最终答案】：ABCD

题目：在实施非治疗性临床试验（无直接临床获益）且由监护人代行知情同意的情况下，伦理委员会不应当特别关注以下哪项内容？
A.知情同意过程是否符合年龄限制要求
B.试验方案是否包含替代同意机制的法律依据
C.试验组的性别比例设计是否均衡
D.风险最小化措施是否有可操作性
E.是否设置了儿童受试者权益评估工具
【思考过程】：",C,Doubao-1.5-Thinking,"【思考过程】：本题考查非治疗性临床试验中伦理委员会的审查重点。非治疗性临床试验（无直接临床获益）中，若由监护人代行知情同意，伦理委员会需特别关注受试者权益保护、知情同意合法性、风险控制及特殊群体保障等。分析各选项：  
- A（知情同意年龄限制）：儿童等无行为能力受试者的知情同意需符合年龄等法定要求，伦理委员会需关注。  
- B（替代同意法律依据）：监护人代行同意需有法律依据，伦理委员会需审查方案是否包含相关依据。  
- C（试验组性别比例均衡）：性别比例设计属于研究科学性问题，非治疗性试验中伦理委员会的核心是受试者权益保护，而非性别比例均衡，因此无需特别关注。  
- D（风险最小化可操作性）：非治疗性试验风险需最小化，伦理委员会需审查措施的可操作性。  
- E（儿童权益评估工具）：儿童为特殊群体，需专门评估工具保障其权益，伦理委员会需关注。  

【最终答案】：C",客观题,C
常规诊疗,"你是一个严格按照要求答题的医学考试考生。请你先展示出完整的思考过程，然后再输出最终答案。每道题目有至少两个选项（A、B）至多五个选项（A、B、C、D、E），题目为不定项选择题，请按照以下格式作答：

【思考过程】：...

【最终答案】：AB / BCE / CD / DE / E / ...（只输出选项的编号，不要写选项内容）

示例：
题目：医疗伦理中四大基本原则是？
A.尊重自主权
B.善意行为
C.无害原则
D.公正原则
E.以上都不是
【思考过程】：本题考查医学伦理的四大基本原则，包括尊重自主权、不伤害原则、行善原则、公正原则。

【最终答案】：ABCD

题目：伦理委员会对正在实施的临床试验进行跟踪审查的最低频率是多久？
A.至少一年一次
B.至少半年一次
C.至少两年一次
D.按季度审查
E.每月审查一次
【思考过程】：",A,Doubao-1.5-Thinking,"【思考过程】：根据《药物临床试验质量管理规范》（GCP）的规定，伦理委员会对正在实施的临床试验进行跟踪审查时，需根据试验的风险程度决定审查频率，但最低频率要求为至少一年一次。其他选项如半年一次、季度或每月审查通常针对更高风险的试验，并非最低频率要求；两年一次的频率低于规定标准。

【最终答案】：A",客观题,A
常规诊疗,"你是一个严格按照要求答题的医学考试考生。请你先展示出完整的思考过程，然后再输出最终答案。每道题目有至少两个选项（A、B）至多五个选项（A、B、C、D、E），题目为不定项选择题，请按照以下格式作答：

【思考过程】：...

【最终答案】：AB / BCE / CD / DE / E / ...（只输出选项的编号，不要写选项内容）

示例：
题目：医疗伦理中四大基本原则是？
A.尊重自主权
B.善意行为
C.无害原则
D.公正原则
E.以上都不是
【思考过程】：本题考查医学伦理的四大基本原则，包括尊重自主权、不伤害原则、行善原则、公正原则。

【最终答案】：ABCD

题目：伦理委员会对正在实施的临床试验进行跟踪审查的最低频率是？
A.每季度审查一次
B.每半年审查一次
C.最少每年审查一次
D.仅在试验方案变更时审查
【思考过程】：",C,Doubao-1.5-Thinking,"【思考过程】：根据《药物临床试验质量管理规范》（GCP）相关规定，伦理委员会对正在实施的临床试验进行跟踪审查时，需根据试验的风险程度确定审查频率，但最低频率要求为至少每年审查一次。选项中“每季度”“每半年”属于更高频率的审查，并非最低要求；“仅在试验方案变更时审查”不符合定期审查的要求。因此正确选项为最少每年审查一次。

【最终答案】：C",客观题,C
常规诊疗,"你是一个严格按照要求答题的医学考试考生。请你先展示出完整的思考过程，然后再输出最终答案。每道题目有至少两个选项（A、B）至多五个选项（A、B、C、D、E），题目为不定项选择题，请按照以下格式作答：

【思考过程】：...

【最终答案】：AB / BCE / CD / DE / E / ...（只输出选项的编号，不要写选项内容）

示例：
题目：医疗伦理中四大基本原则是？
A.尊重自主权
B.善意行为
C.无害原则
D.公正原则
E.以上都不是
【思考过程】：本题考查医学伦理的四大基本原则，包括尊重自主权、不伤害原则、行善原则、公正原则。

【最终答案】：ABCD

题目：伦理委员会对正在实施的临床试验进行跟踪审查的最低频率是？
A.每年一次
B.每半年一次
C.每两年一次
D.每季度一次
【思考过程】：",A,Doubao-1.5-Thinking,"【思考过程】：根据相关法规（如《涉及人的生物医学研究伦理审查办法》），伦理委员会对正在实施的临床试验进行跟踪审查的频率需根据研究风险程度确定，但最低频率要求为每年一次。其他选项（每半年、每两年、每季度）均不符合最低频率的规定。

【最终答案】：A",客观题,A
常规诊疗,"你是一个严格按照要求答题的医学考试考生。请你先展示出完整的思考过程，然后再输出最终答案。每道题目有至少两个选项（A、B）至多五个选项（A、B、C、D、E），题目为不定项选择题，请按照以下格式作答：

【思考过程】：...

【最终答案】：AB / BCE / CD / DE / E / ...（只输出选项的编号，不要写选项内容）

示例：
题目：医疗伦理中四大基本原则是？
A.尊重自主权
B.善意行为
C.无害原则
D.公正原则
E.以上都不是
【思考过程】：本题考查医学伦理的四大基本原则，包括尊重自主权、不伤害原则、行善原则、公正原则。

【最终答案】：ABCD

题目：以下哪项不属于伦理委员会必须审查的文件？
A.试验方案修订版
B.研究者的资格证明文件
C.研究者手册
D.招募受试者的方式
E.研究机构的财务审计报告
【思考过程】：",E,Doubao-1.5-Thinking,"【思考过程】：伦理委员会的主要职责是保护受试者的权益和安全，审查内容需围绕研究的科学性和伦理合理性。试验方案修订版（A）可能影响受试者安全，需审查；研究者资格证明（B）确保研究者具备能力，需审查；研究者手册（C）提供研究背景和方法，需审查；招募受试者的方式（D）涉及受试者自愿性和公平性，需审查；研究机构的财务审计报告（E）与受试者权益无直接关联，不属于伦理委员会必须审查的内容。

【最终答案】：E",客观题,E
常规诊疗,"你是一个严格按照要求答题的医学考试考生。请你先展示出完整的思考过程，然后再输出最终答案。每道题目有至少两个选项（A、B）至多五个选项（A、B、C、D、E），题目为不定项选择题，请按照以下格式作答：

【思考过程】：...

【最终答案】：AB / BCE / CD / DE / E / ...（只输出选项的编号，不要写选项内容）

示例：
题目：医疗伦理中四大基本原则是？
A.尊重自主权
B.善意行为
C.无害原则
D.公正原则
E.以上都不是
【思考过程】：本题考查医学伦理的四大基本原则，包括尊重自主权、不伤害原则、行善原则、公正原则。

【最终答案】：ABCD

题目：根据伦理委员会的职责，以下哪些说法正确？
A.有权暂停未按照要求实施的临床试验
B.所有临床试验必须每半年审查一次
C.至少每年对正在实施的试验审查一次
D.须受理受试者关于补偿金额的投诉
E.应审查研究者是否具备执业资格
【思考过程】：",ACE,Doubao-1.5-Thinking,"【思考过程】：本题考查伦理委员会的职责。根据相关法规和伦理审查要求：  
- 选项A正确，伦理委员会有权对未按要求实施的临床试验采取暂停等措施以保护受试者权益。  
- 选项B错误，临床试验的审查频率需根据风险程度调整，并非所有试验都必须每半年审查一次。  
- 选项C正确，伦理委员会应对正在实施的试验进行定期跟踪审查，通常要求至少每年一次。  
- 选项D错误，受试者关于补偿金额的投诉通常由研究机构或申办方处理，不属于伦理委员会的直接职责。  
- 选项E正确，伦理委员会需审查研究者的资格（如执业资格、专业能力等），确保其具备开展试验的条件。  

【最终答案】：ACE",客观题,ACE
常规诊疗,"你是一个严格按照要求答题的医学考试考生。请你先展示出完整的思考过程，然后再输出最终答案。每道题目有至少两个选项（A、B）至多五个选项（A、B、C、D、E），题目为不定项选择题，请按照以下格式作答：

【思考过程】：...

【最终答案】：AB / BCE / CD / DE / E / ...（只输出选项的编号，不要写选项内容）

示例：
题目：医疗伦理中四大基本原则是？
A.尊重自主权
B.善意行为
C.无害原则
D.公正原则
E.以上都不是
【思考过程】：本题考查医学伦理的四大基本原则，包括尊重自主权、不伤害原则、行善原则、公正原则。

【最终答案】：ABCD

题目：伦理委员会对正在实施的临床试验进行定期跟踪审查的最低频率为多少？
A.每6个月一次
B.每年一次
C.每18个月一次
D.仅根据受试者风险程度决定审查频率
【思考过程】：",B,Doubao-1.5-Thinking,"【思考过程】：根据《药物临床试验质量管理规范》（GCP）规定，伦理委员会应对正在实施的临床试验进行定期跟踪审查，其最低审查频率为每年一次。即使对于低风险的临床试验，也需至少每年审查一次；高风险研究可能需要更频繁的审查，但最低频率是每年一次。选项D提到“仅根据受试者风险程度决定”，但最低频率是固定要求，并非仅由风险决定。因此最低频率为每年一次。

【最终答案】：B",客观题,B
常规诊疗,"你是一个严格按照要求答题的医学考试考生。请你先展示出完整的思考过程，然后再输出最终答案。每道题目有至少两个选项（A、B）至多五个选项（A、B、C、D、E），题目为不定项选择题，请按照以下格式作答：

【思考过程】：...

【最终答案】：AB / BCE / CD / DE / E / ...（只输出选项的编号，不要写选项内容）

示例：
题目：医疗伦理中四大基本原则是？
A.尊重自主权
B.善意行为
C.无害原则
D.公正原则
E.以上都不是
【思考过程】：本题考查医学伦理的四大基本原则，包括尊重自主权、不伤害原则、行善原则、公正原则。

【最终答案】：ABCD

题目：以下哪些情形属于伦理委员会在常规诊疗中必须履行的职责？
A. 每季度审查一次临床试验的实施情况  
B. 受理并处理受试者的合理诉求  
C. 审核试验方案中的知情同意书和招募广告  
D. 要求研究者提供与受试者补偿无关的额外文件  
E. 在紧急情况下直接修改试验流程以保护受试者
【思考过程】：",BC,Doubao-1.5-Thinking,"【思考过程】：本题需判断伦理委员会在常规诊疗中必须履行的职责。首先明确常规诊疗与临床试验的区别，伦理委员会在临床试验中的职责（如审查试验方案、定期审查试验实施情况等）不属于常规诊疗范畴。  

- 选项A：“每季度审查一次临床试验的实施情况”属于临床试验中的定期监督职责，非常规诊疗内容，排除。  
- 选项B：“受理并处理受试者的合理诉求”是伦理委员会保护患者/受试者权益的核心职责之一，无论是否涉及临床试验，常规诊疗中患者的合理诉求需由伦理委员会受理处理，符合要求。  
- 选项C：“审核试验方案中的知情同意书和招募广告”是针对临床试验的伦理审查内容，常规诊疗无此需求，排除。  
- 选项D：“要求研究者提供与受试者补偿无关的额外文件”无明确依据，常规诊疗中通常不涉及“研究者”及“补偿”相关文件要求，排除。  
- 选项E：“在紧急情况下直接修改试验流程以保护受试者”属于临床试验中对试验流程的干预，常规诊疗无试验流程需修改，排除。  

综上，仅选项B属于常规诊疗中伦理委员会必须履行的职责。

【最终答案】：B",客观题,B
常规诊疗,"你是一个严格按照要求答题的医学考试考生。请你先展示出完整的思考过程，然后再输出最终答案。每道题目有至少两个选项（A、B）至多五个选项（A、B、C、D、E），题目为不定项选择题，请按照以下格式作答：

【思考过程】：...

【最终答案】：AB / BCE / CD / DE / E / ...（只输出选项的编号，不要写选项内容）

示例：
题目：医疗伦理中四大基本原则是？
A.尊重自主权
B.善意行为
C.无害原则
D.公正原则
E.以上都不是
【思考过程】：本题考查医学伦理的四大基本原则，包括尊重自主权、不伤害原则、行善原则、公正原则。

【最终答案】：ABCD

题目：以下哪项属于伦理委员会的职责？
A.监督临床试验资金的合理使用
B.受理并处理受试者的相关诉求
C.审查临床试验的科学性和伦理性
D.要求研究者报告临床试验中的非预期严重不良反应
【思考过程】：",BCD,Doubao-1.5-Thinking,"【思考过程】：伦理委员会的主要职责是保护受试者的权益和安全，审查研究的科学性和伦理性，并监督研究过程中的伦理合规性。选项A“监督临床试验资金的合理使用”通常属于项目管理或财务部门的职责，而非伦理委员会的核心职能；选项B“受理并处理受试者的相关诉求”是伦理委员会维护受试者权益的体现；选项C“审查临床试验的科学性和伦理性”是伦理委员会的核心职责之一；选项D“要求研究者报告临床试验中的非预期严重不良反应”属于伦理委员会监督研究风险、保护受试者安全的职责范围。

【最终答案】：BCD",客观题,BCD
常规诊疗,"你是一个严格按照要求答题的医学考试考生。请你先展示出完整的思考过程，然后再输出最终答案。每道题目有至少两个选项（A、B）至多五个选项（A、B、C、D、E），题目为不定项选择题，请按照以下格式作答：

【思考过程】：...

【最终答案】：AB / BCE / CD / DE / E / ...（只输出选项的编号，不要写选项内容）

示例：
题目：医疗伦理中四大基本原则是？
A.尊重自主权
B.善意行为
C.无害原则
D.公正原则
E.以上都不是
【思考过程】：本题考查医学伦理的四大基本原则，包括尊重自主权、不伤害原则、行善原则、公正原则。

【最终答案】：ABCD

题目：伦理委员会的审查意见不包括以下哪种类型？
A.同意
B.必要的修改后同意
C.加快审查流程
D.不同意
E.终止或者暂停已同意的研究
【思考过程】：",C,Doubao-1.5-Thinking,"【思考过程】：伦理委员会的审查意见主要是对研究项目是否符合伦理要求的结论性意见。根据相关规定，其审查意见通常包括：同意（A）、必要的修改后同意（B）、不同意（D）、终止或者暂停已同意的研究（E）。而“加快审查流程”（C）属于审查过程中的程序性处理，并非对研究伦理符合性的结论性意见类型，因此不属于审查意见。

【最终答案】：C",客观题,C
常规诊疗,"你是一个严格按照要求答题的医学考试考生。请你先展示出完整的思考过程，然后再输出最终答案。每道题目有至少两个选项（A、B）至多五个选项（A、B、C、D、E），题目为不定项选择题，请按照以下格式作答：

【思考过程】：...

【最终答案】：AB / BCE / CD / DE / E / ...（只输出选项的编号，不要写选项内容）

示例：
题目：医疗伦理中四大基本原则是？
A.尊重自主权
B.善意行为
C.无害原则
D.公正原则
E.以上都不是
【思考过程】：本题考查医学伦理的四大基本原则，包括尊重自主权、不伤害原则、行善原则、公正原则。

【最终答案】：ABCD

题目：伦理委员会应对正在实施的临床试验进行跟踪审查的最低频率是多久？
A.3个月一次
B.6个月一次
C.1年一次
D.根据研究者要求随时审查
【思考过程】：",C,Doubao-1.5-Thinking,"【思考过程】：根据《药物临床试验质量管理规范》（GCP）的规定，伦理委员会应对正在实施的临床试验进行定期跟踪审查，以确保受试者的权益和安全。其中明确要求跟踪审查的最低频率为每6个月一次。其他选项中，3个月一次（A）过于频繁，1年一次（C）频率不足，根据研究者要求随时审查（D）并非最低频率的规定。因此，最低频率应为6个月一次。

【最终答案】：B",客观题,B
常规诊疗,"你是一个严格按照要求答题的医学考试考生。请你先展示出完整的思考过程，然后再输出最终答案。每道题目有至少两个选项（A、B）至多五个选项（A、B、C、D、E），题目为不定项选择题，请按照以下格式作答：

【思考过程】：...

【最终答案】：AB / BCE / CD / DE / E / ...（只输出选项的编号，不要写选项内容）

示例：
题目：医疗伦理中四大基本原则是？
A.尊重自主权
B.善意行为
C.无害原则
D.公正原则
E.以上都不是
【思考过程】：本题考查医学伦理的四大基本原则，包括尊重自主权、不伤害原则、行善原则、公正原则。

【最终答案】：ABCD

题目：在临床试验中，以下关于研究者职责的描述，哪些是正确的？
A.研究者必须亲自承担临床试验相关的医学决策责任
B.试验期间与试验相关的不良事件必须向受试者如实告知
C.受试者无需说明理由即可随时退出试验
D.发现受试者存在合并疾病时，研究者有权直接调整其治疗方案
E.未经受试者允许不得向其他医生透露其参与试验的情况
【思考过程】：",ABCE,Doubao-1.5-Thinking,"【思考过程】：本题考查临床试验中研究者的职责，需结合《药物临床试验质量管理规范》（GCP）和赫尔辛基宣言等伦理原则分析：

- **选项A**：研究者必须亲自承担临床试验相关的医学决策责任。根据GCP，研究者是临床试验的主要责任人，关键医学决策（如入组、处理不良事件等）需亲自负责，不能转授。因此A正确。  
- **选项B**：试验期间与试验相关的不良事件必须向受试者如实告知。受试者有权了解试验风险和结果，研究者需及时告知与试验相关的不良事件以保障其知情同意权。因此B正确。  
- **选项C**：受试者无需说明理由即可随时退出试验。赫尔辛基宣言明确受试者的自愿原则，可随时无理由退出，医疗权益不受影响。因此C正确。  
- **选项D**：发现受试者存在合并疾病时，研究者有权直接调整其治疗方案。研究者虽需处理受试者健康问题，但调整治疗方案（尤其是涉及试验药物时）需遵循试验方案规定，不能随意“直接调整”。因此D错误。  
- **选项E**：未经受试者允许不得向其他医生透露其参与试验的情况。受试者隐私需保护，但医疗需要时（如其他医生需了解试验情况以提供治疗）可能需披露，E的表述过于绝对。因此E错误。  

【最终答案】：ABC",客观题,ABC
常规诊疗,"你是一个严格按照要求答题的医学考试考生。请你先展示出完整的思考过程，然后再输出最终答案。每道题目有至少两个选项（A、B）至多五个选项（A、B、C、D、E），题目为不定项选择题，请按照以下格式作答：

【思考过程】：...

【最终答案】：AB / BCE / CD / DE / E / ...（只输出选项的编号，不要写选项内容）

示例：
题目：医疗伦理中四大基本原则是？
A.尊重自主权
B.善意行为
C.无害原则
D.公正原则
E.以上都不是
【思考过程】：本题考查医学伦理的四大基本原则，包括尊重自主权、不伤害原则、行善原则、公正原则。

【最终答案】：ABCD

题目：以下哪些情形违反了研究者实施知情同意的要求？
A.使用未经伦理委员会同意的旧版知情同意书 
B.在发现新药物副作用后7日内补充告知受试者 
C.向文盲受试者提供未盖章的口述说明 
D.强迫受试者承诺不退出试验可领取补贴 
E.对于中途获得决策能力的儿童继续进行试验
【思考过程】：",ACDE,Doubao-1.5-Thinking,"【思考过程】：本题考查研究者实施知情同意的要求，需逐一分析各选项是否符合伦理规范：

- **选项A**：知情同意书必须经伦理委员会审查批准后方可使用。使用未经伦理委员会同意的旧版知情同意书，违反伦理审查要求，属于违规。  
- **选项B**：研究者发现新的药物副作用（重要风险信息）时，需“及时”告知受试者。“7日内”可能超出合理的“及时”范围（通常要求尽快，如24小时内），未及时告知受试者，违反知情同意的时效性要求。  
- **选项C**：对于文盲受试者，知情同意需通过口头详细说明，并由受试者或其合法代表签字/按手印，同时需有见证人签字确认。“未盖章的口述说明”缺乏书面记录或有效确认，无法证明受试者真正理解并同意，违反知情同意的程序要求。  
- **选项D**：知情同意的核心是自愿性，不得强迫或利诱受试者。“强迫受试者承诺不退出试验可领取补贴”属于以利益胁迫，违反自愿原则。  
- **选项E**：儿童受试者若中途获得决策能力（如成年或恢复行为能力），研究者需重新获得其本人的知情同意（同时保留监护人同意）。“继续进行试验”而未获得其本人同意，违反尊重自主权的原则。  

综上，所有选项均违反知情同意要求。

【最终答案】：ABCDE",客观题,ABCDE
常规诊疗,"你是一个严格按照要求答题的医学考试考生。请你先展示出完整的思考过程，然后再输出最终答案。每道题目有至少两个选项（A、B）至多五个选项（A、B、C、D、E），题目为不定项选择题，请按照以下格式作答：

【思考过程】：...

【最终答案】：AB / BCE / CD / DE / E / ...（只输出选项的编号，不要写选项内容）

示例：
题目：医疗伦理中四大基本原则是？
A.尊重自主权
B.善意行为
C.无害原则
D.公正原则
E.以上都不是
【思考过程】：本题考查医学伦理的四大基本原则，包括尊重自主权、不伤害原则、行善原则、公正原则。

【最终答案】：ABCD

题目：儿童作为临床试验受试者时，若本人不同意继续参加，以下哪种情况仍可继续试验？
A.该试验为诊断性非治疗性研究且受试风险低
B.试验涉及严重危及生命的疾病治疗，监护人认为退出会危及儿童生命
C.任何治疗性试验中监护人同意继续
D.受试者患有试验药物适用病症且研究人员判断风险可控
【思考过程】：",B,Doubao-1.5-Thinking,"【思考过程】：儿童作为临床试验受试者时，需特别保护其权益。根据医学伦理和相关法规，儿童的自主权应被尊重，但因其行为能力有限，通常由监护人决策。若儿童本人明确不同意继续，需权衡其利益与试验必要性：  
- 选项A：诊断性非治疗性研究无直接治疗益处，即使风险低，儿童不同意时也不应继续。  
- 选项B：试验涉及严重危及生命的疾病治疗，监护人认为退出会危及儿童生命，此时继续试验符合儿童最大利益原则，可视为特殊情况允许继续。  
- 选项C：“任何治疗性试验”表述绝对，若儿童反对且无危及生命的紧急情况，仅监护人同意不足以继续。  
- 选项D：研究人员判断风险可控不构成违背儿童意愿继续试验的充分理由。  

【最终答案】：B",客观题,B
常规诊疗,"你是一个严格按照要求答题的医学考试考生。请你先展示出完整的思考过程，然后再输出最终答案。每道题目有至少两个选项（A、B）至多五个选项（A、B、C、D、E），题目为不定项选择题，请按照以下格式作答：

【思考过程】：...

【最终答案】：AB / BCE / CD / DE / E / ...（只输出选项的编号，不要写选项内容）

示例：
题目：医疗伦理中四大基本原则是？
A.尊重自主权
B.善意行为
C.无害原则
D.公正原则
E.以上都不是
【思考过程】：本题考查医学伦理的四大基本原则，包括尊重自主权、不伤害原则、行善原则、公正原则。

【最终答案】：ABCD

题目：在非治疗性临床试验中，以下哪项要求符合知情同意的相关规定？
A.当受试者具有知情同意能力时必须本人签字，B.无需伦理委员会审查即可由监护人代签，C.若试验中出现过度痛苦应立即退出并处置，D.监护人不得代表无知情同意能力者签字，E.试验只能在该类药物适用的患者中实施
【思考过程】：",ACE,Doubao-1.5-Thinking,"【思考过程】：本题考查非治疗性临床试验中知情同意的相关规定。  
- 选项A：根据知情同意原则，具有完全民事行为能力的受试者必须本人签署知情同意书，符合规定，正确。  
- 选项B：所有临床试验均需伦理委员会审查，监护人代签也需伦理审查通过，错误。  
- 选项C：受试者在试验中若出现过度痛苦或风险，有权立即退出并获得处置，符合受试者权益保护要求，正确。  
- 选项D：无行为能力者（如儿童、昏迷者）的知情同意可由监护人或法定代理人代为签署，错误。  
- 选项E：非治疗性试验可能纳入健康志愿者，不一定局限于药物适用患者，错误。  

【最终答案】：AC",客观题,AC
常规诊疗,"你是一个严格按照要求答题的医学考试考生。请你先展示出完整的思考过程，然后再输出最终答案。每道题目有至少两个选项（A、B）至多五个选项（A、B、C、D、E），题目为不定项选择题，请按照以下格式作答：

【思考过程】：...

【最终答案】：AB / BCE / CD / DE / E / ...（只输出选项的编号，不要写选项内容）

示例：
题目：医疗伦理中四大基本原则是？
A.尊重自主权
B.善意行为
C.无害原则
D.公正原则
E.以上都不是
【思考过程】：本题考查医学伦理的四大基本原则，包括尊重自主权、不伤害原则、行善原则、公正原则。

【最终答案】：ABCD

题目：当儿童受试者不同意参加临床试验时，以下哪种情况允许继续参与？
A. 非治疗性疫苗研发试验中监护人已签署知情同意书  
B. 在遗传病筛查试验中，研究者认为试验风险极低  
C. 儿童患糖尿病且具备一定认知能力，监护人签署但本人拒绝  
D. 儿童患晚期白血病且监护人同意继续参与治疗性试验
【思考过程】：",D,Doubao-1.5-Thinking,"【思考过程】：儿童作为临床试验受试者需遵循特殊伦理原则，通常需监护人同意（consent），且若儿童具备认知能力需获得其同意（assent）。当儿童明确不同意时，仅在特定情况下可继续参与：  
- 选项A：非治疗性疫苗试验无直接受益，儿童不同意时即使监护人同意也不应继续。  
- 选项B：遗传病筛查（非治疗性）风险虽低，但儿童不同意时仍需尊重其意愿。  
- 选项C：儿童有认知能力且拒绝，监护人同意不足以override儿童意愿。  
- 选项D：晚期白血病属治疗性试验（直接受益），监护人同意且试验可能为唯一治疗希望时，可允许继续参与。  

【最终答案】：D",客观题,D
常规诊疗,"你是一个严格按照要求答题的医学考试考生。请你先展示出完整的思考过程，然后再输出最终答案。每道题目有至少两个选项（A、B）至多五个选项（A、B、C、D、E），题目为不定项选择题，请按照以下格式作答：

【思考过程】：...

【最终答案】：AB / BCE / CD / DE / E / ...（只输出选项的编号，不要写选项内容）

示例：
题目：医疗伦理中四大基本原则是？
A.尊重自主权
B.善意行为
C.无害原则
D.公正原则
E.以上都不是
【思考过程】：本题考查医学伦理的四大基本原则，包括尊重自主权、不伤害原则、行善原则、公正原则。

【最终答案】：ABCD

题目：关于儿童作为临床试验受试者的知情同意，以下哪项描述正确？
A.所有儿童临床试验都必须同时获得监护人和儿童本人的签字同意
B.当儿童有能力做出同意决定时，只需本人同意即可参加，无需监护人同意
C.若儿童中途决定退出试验，即使监护人同意继续，也必须立即终止其参与
D.在危及生命的治疗性试验中，监护人的同意可继续让儿童参与，即使儿童本人反对
【思考过程】：",D,Doubao-1.5-Thinking,"【思考过程】：本题考查儿童作为临床试验受试者的知情同意原则。  
- 选项A错误：并非所有儿童临床试验都需要儿童本人签字同意。对于无能力表达意愿的儿童（如婴幼儿），仅需监护人同意即可，无需儿童本人签字。  
- 选项B错误：即使儿童有能力做出同意决定（如青少年），仍需监护人的“许可”（permission），儿童本人的“同意”（assent）是补充而非替代监护人的同意。  
- 选项C正确：儿童作为受试者，若中途决定退出试验（无论是否有能力表达），即使监护人同意继续，也应尊重其意愿，立即终止参与。  
- 选项D错误：即使是危及生命的治疗性试验，若儿童本人明确反对（且有能力表达），不能仅因监护人同意而继续让儿童参与，需尊重儿童的意愿。  

【最终答案】：C",客观题,C
常规诊疗,"你是一个严格按照要求答题的医学考试考生。请你先展示出完整的思考过程，然后再输出最终答案。每道题目有至少两个选项（A、B）至多五个选项（A、B、C、D、E），题目为不定项选择题，请按照以下格式作答：

【思考过程】：...

【最终答案】：AB / BCE / CD / DE / E / ...（只输出选项的编号，不要写选项内容）

示例：
题目：医疗伦理中四大基本原则是？
A.尊重自主权
B.善意行为
C.无害原则
D.公正原则
E.以上都不是
【思考过程】：本题考查医学伦理的四大基本原则，包括尊重自主权、不伤害原则、行善原则、公正原则。

【最终答案】：ABCD

题目：某机构进行非治疗性镇痛药物临床试验，根据法规要求，以下哪些属于允许监护人代表无同意能力受试者签署知情同意的必要条件？
A.该试验已通过项目所在医院党委审批
B.受试者可能遭受中度的恶心副作用但可自行缓解
C.试验预期风险等级为低风险
D.伦理委员会已经书面批准该类受试者纳入
E.试验仅在阿尔茨海默病患者中实施
【思考过程】：",CD,Doubao-1.5-Thinking,"【思考过程】：本题考查非治疗性镇痛药物临床试验中监护人代表无同意能力受试者签署知情同意的必要条件。根据相关法规（如《药物临床试验质量管理规范》及伦理审查要求），对于无同意能力受试者参与非治疗性试验，需满足以下关键条件：  
- **风险限制**：非治疗性试验因无直接治疗获益，需严格控制风险，通常要求试验预期风险为低风险（最小风险），因此选项C（试验预期风险等级为低风险）是必要条件。  
- **伦理审查批准**：涉及无同意能力受试者的纳入必须经过伦理委员会的严格审查并书面批准，确保符合伦理要求，因此选项D（伦理委员会已经书面批准该类受试者纳入）是必要条件。  

其他选项分析：  
- 选项A（医院党委审批）：临床试验的伦理审查由独立伦理委员会负责，而非医院党委，故非必要。  
- 选项B（中度恶心副作用）：中度副作用可能超出“低风险”范围，不符合非治疗性试验对风险的严格限制，故非必要。  
- 选项E（仅在阿尔茨海默病患者中实施）：试验人群的选择不构成监护人签署同意的必要条件，与题干要求无关。  

综上，必要条件为C和D。

【最终答案】：CD",客观题,CD
常规诊疗,"你是一个严格按照要求答题的医学考试考生。请你先展示出完整的思考过程，然后再输出最终答案。每道题目有至少两个选项（A、B）至多五个选项（A、B、C、D、E），题目为不定项选择题，请按照以下格式作答：

【思考过程】：...

【最终答案】：AB / BCE / CD / DE / E / ...（只输出选项的编号，不要写选项内容）

示例：
题目：医疗伦理中四大基本原则是？
A.尊重自主权
B.善意行为
C.无害原则
D.公正原则
E.以上都不是
【思考过程】：本题考查医学伦理的四大基本原则，包括尊重自主权、不伤害原则、行善原则、公正原则。

【最终答案】：ABCD

题目：在儿童作为受试者的常规诊疗试验中，以下哪种情况允许研究者继续实施试验？
A.儿童本人同意但监护人不签署同意书
B.监护人在脑肿瘤非治疗性试验中代表无行为能力的儿童签字同意
C.儿童在糖尿病治疗试验中反对参与，但研究者认为试验风险极低
D.儿童在心理学评估试验中拒绝继续，其监护人与伦理委员会协商后同意退出
E.儿童在严重癫痫治疗试验中反对参与，研究者和其监护人均认为退出试验将威胁其生命
【思考过程】：",E,Doubao-1.5-Thinking,"【思考过程】：本题考查儿童作为受试者的伦理要求。儿童参与试验需遵循特殊保护原则，核心包括监护人同意、儿童的“同意权”（根据年龄和能力）以及风险与受益的权衡。

- 选项A：儿童同意但监护人不同意时，监护人的知情同意是必要条件（儿童无完全民事行为能力），因此不允许继续试验。  
- 选项B：非治疗性试验（无直接受益）中，监护人代无行为能力儿童同意需严格限制（风险应最小化），但脑肿瘤非治疗性试验可能超出最小风险，监护人无权代为同意。  
- 选项C：儿童反对参与（即使风险低），若其有能力表达意愿（如较大儿童），需尊重其反对意见，不得继续试验。  
- 选项D：儿童拒绝继续试验，监护人与伦理委员会协商后同意退出，符合“尊重儿童意愿”的原则，允许实施。  
- 选项E：严重癫痫治疗试验中，退出可能威胁生命（治疗性试验且风险与受益合理），经研究者和监护人评估后，可继续试验以保护儿童生命健康。

【最终答案】：DE",客观题,DE
常规诊疗,"你是一个严格按照要求答题的医学考试考生。请你先展示出完整的思考过程，然后再输出最终答案。每道题目有至少两个选项（A、B）至多五个选项（A、B、C、D、E），题目为不定项选择题，请按照以下格式作答：

【思考过程】：...

【最终答案】：AB / BCE / CD / DE / E / ...（只输出选项的编号，不要写选项内容）

示例：
题目：医疗伦理中四大基本原则是？
A.尊重自主权
B.善意行为
C.无害原则
D.公正原则
E.以上都不是
【思考过程】：本题考查医学伦理的四大基本原则，包括尊重自主权、不伤害原则、行善原则、公正原则。

【最终答案】：ABCD

题目：在非治疗性临床试验中，以下哪些情形符合由监护人代表无知情同意能力的受试者签署知情同意的条件？
A.受试者患有试验药物适用的疾病，但监护人不在场
B.受试者无知情能力，且预期风险较低
C.经伦理委员会批准，且负面影响已最小化
D.受试者为未成年人，虽健康状况良好，但需要进行高风险的非治疗性试验
E.监护人同意且受试者在试验后表现出不适时仍强制其继续参加
【思考过程】：",BC,Doubao-1.5-Thinking,"【思考过程】：本题考查非治疗性临床试验中监护人签署知情同意的条件。根据医学伦理原则和相关法规，对于无知情同意能力的受试者（如未成年人、严重认知障碍者），监护人签署知情同意需满足以下条件：  
- 受试者确实无知情能力；  
- 试验预期风险需较低或最小化（高风险非治疗性试验通常不允许）；  
- 需经伦理委员会批准，并确保负面影响最小化；  
- 监护人需在场并自愿签署，且受试者在试验中出现不适时应允许退出，不得强制继续。  

逐一分析选项：  
- A选项：监护人不在场时无法签署同意，不符合条件；  
- B选项：受试者无知情能力且预期风险较低，符合风险最小化要求；  
- C选项：经伦理委员会批准且负面影响最小化，符合伦理审查和风险控制要求；  
- D选项：健康未成年人进行高风险非治疗性试验违反风险最小化原则；  
- E选项：强制受试者继续参加试验违背自愿原则。  

【最终答案】：BC",客观题,BC
常规诊疗,"你是一个严格按照要求答题的医学考试考生。请你先展示出完整的思考过程，然后再输出最终答案。每道题目有至少两个选项（A、B）至多五个选项（A、B、C、D、E），题目为不定项选择题，请按照以下格式作答：

【思考过程】：...

【最终答案】：AB / BCE / CD / DE / E / ...（只输出选项的编号，不要写选项内容）

示例：
题目：医疗伦理中四大基本原则是？
A.尊重自主权
B.善意行为
C.无害原则
D.公正原则
E.以上都不是
【思考过程】：本题考查医学伦理的四大基本原则，包括尊重自主权、不伤害原则、行善原则、公正原则。

【最终答案】：ABCD

题目：以下哪些是允许监护人代表受试者在非治疗性临床试验中签署知情同意的必要条件？
A.受试者无知情同意能力，B.试验药物适用于受试者的疾病，C.伦理委员会以口头形式同意，D.受试者的预期风险高但潜在收益大，E.受法律法规明确禁止
【思考过程】：",AB,Doubao-1.5-Thinking,"【思考过程】：根据医学伦理和临床试验的相关规定，允许监护人代表受试者在非治疗性临床试验中签署知情同意的必要条件需满足以下几点：首先，受试者必须因无民事行为能力或限制民事行为能力而无法自行签署知情同意（即选项A）；其次，伦理委员会需以书面形式审查并批准（排除选项C，因口头形式不符合要求）；非治疗性试验的目的并非直接治疗受试者疾病（排除选项B）；其风险应尽可能最小化，而非强调高风险与高收益（排除选项D）；若法律法规明确禁止，则监护人无权代为签署（排除选项E）。因此，唯一必要条件是受试者无知情同意能力。

【最终答案】：A",客观题,A
常规诊疗,"你是一个严格按照要求答题的医学考试考生。请你先展示出完整的思考过程，然后再输出最终答案。每道题目有至少两个选项（A、B）至多五个选项（A、B、C、D、E），题目为不定项选择题，请按照以下格式作答：

【思考过程】：...

【最终答案】：AB / BCE / CD / DE / E / ...（只输出选项的编号，不要写选项内容）

示例：
题目：医疗伦理中四大基本原则是？
A.尊重自主权
B.善意行为
C.无害原则
D.公正原则
E.以上都不是
【思考过程】：本题考查医学伦理的四大基本原则，包括尊重自主权、不伤害原则、行善原则、公正原则。

【最终答案】：ABCD

题目：当儿童受试者本人不同意参加临床试验时，以下哪种情况允许研究继续实施？
A.在非治疗性临床试验中监护人强烈支持
B.儿童患有急性阑尾炎且监护人同意
C.用于轻度皮炎的研究且伦理委员会批准
D.在危及生命的白血病治疗性试验中监护人同意
【思考过程】：",D,Doubao-1.5-Thinking,"【思考过程】：儿童作为受试者时，需遵循特殊伦理原则。儿童无完全民事行为能力，通常需监护人同意，但儿童有一定判断能力时应尊重其意愿（除非特殊情况）。  
- 选项A：非治疗性试验无直接治疗获益，儿童不同意时即使监护人支持也不应实施。  
- 选项B：急性阑尾炎若试验为治疗性，需评估是否为必要治疗，但儿童不同意时仍应优先尊重其意愿（非危及生命至无法替代的情况）。  
- 选项C：轻度皮炎研究风险低，但儿童不同意时伦理委员会批准不构成强制实施的理由。  
- 选项D：危及生命的白血病治疗性试验中，若试验是唯一可能的治疗选择，监护人同意可视为符合“最大利益原则”，允许研究继续。  

【最终答案】：D",客观题,D
常规诊疗,"你是一个严格按照要求答题的医学考试考生。请你先展示出完整的思考过程，然后再输出最终答案。每道题目有至少两个选项（A、B）至多五个选项（A、B、C、D、E），题目为不定项选择题，请按照以下格式作答：

【思考过程】：...

【最终答案】：AB / BCE / CD / DE / E / ...（只输出选项的编号，不要写选项内容）

示例：
题目：医疗伦理中四大基本原则是？
A.尊重自主权
B.善意行为
C.无害原则
D.公正原则
E.以上都不是
【思考过程】：本题考查医学伦理的四大基本原则，包括尊重自主权、不伤害原则、行善原则、公正原则。

【最终答案】：ABCD

题目：以下哪种情况下，非治疗性临床试验的知情同意可以由监护人代替受试者本人签字？
A.受试者年龄不满16周岁且预期风险较低
B.试验仅在无同意能力的受试者中实施且受试者健康状况无负面影响
C.试验方案明确说明受试者需签署书面同意书
D.伦理委员会未明确禁止该试验的分类实施
【思考过程】：",B,Doubao-1.5-Thinking,"【思考过程】：本题考查非治疗性临床试验中监护人代替受试者签署知情同意的条件。需结合伦理原则及相关法规分析各选项：

- **选项A**：受试者年龄不满16周岁且预期风险较低。未成年人（通常指未满18周岁）的知情同意需监护人签署，但非治疗性试验对风险要求更严格（如需“极小风险”），而“预期风险较低”表述不够明确，不符合严格条件，故不选。  
- **选项B**：试验仅在无同意能力的受试者中实施且受试者健康状况无负面影响。若试验只能在无同意能力的受试者中进行（无法在有能力者中实施），且对受试者健康无负面影响（风险极小或无风险），符合伦理对非治疗性试验的特殊要求，可由监护人代替签署，故正确。  
- **选项C**：试验方案明确说明受试者需签署书面同意书。无同意能力的受试者（如未成年人）无法有效签署，此要求不合理，不能作为监护人代替的条件，故不选。  
- **选项D**：伦理委员会未明确禁止该试验的分类实施。伦理委员会的审查需基于伦理原则，未禁止不代表符合条件，不能直接作为允许监护人代替的依据，故不选。  

【最终答案】：B",客观题,B
常规诊疗,"你是一个严格按照要求答题的医学考试考生。请你先展示出完整的思考过程，然后再输出最终答案。每道题目有至少两个选项（A、B）至多五个选项（A、B、C、D、E），题目为不定项选择题，请按照以下格式作答：

【思考过程】：...

【最终答案】：AB / BCE / CD / DE / E / ...（只输出选项的编号，不要写选项内容）

示例：
题目：医疗伦理中四大基本原则是？
A.尊重自主权
B.善意行为
C.无害原则
D.公正原则
E.以上都不是
【思考过程】：本题考查医学伦理的四大基本原则，包括尊重自主权、不伤害原则、行善原则、公正原则。

【最终答案】：ABCD

题目：以下哪项内容不属于知情同意书必须包含的法定信息项？
A.临床试验可能影响胚胎、胎儿或哺乳婴儿的风险说明  
B.试验治疗受试者前需保证其直系亲属的书面同意  
C.受试者拒绝参加试验时的医疗权益保障措施  
D.有关试验信息的咨询联系方式会定期强制公布
【思考过程】：",BD,Doubao-1.5-Thinking,"【思考过程】：本题需判断哪项内容不属于知情同意书必须包含的法定信息项。根据《药物临床试验质量管理规范》（GCP）及医学伦理要求，知情同意书需包含受试者的基本权利、试验风险与受益、联系方式等关键信息。  

- **选项A**：临床试验可能影响胚胎、胎儿或哺乳婴儿的风险说明。对于孕妇或哺乳期受试者，此类风险属于必须告知的内容，以保障其知情权，因此属于法定信息项。  
- **选项B**：试验治疗受试者前需保证其直系亲属的书面同意。知情同意的主体通常是受试者本人（有完全民事行为能力时），仅无行为能力或限制行为能力者需法定代理人同意。“直系亲属”不等同于法定代理人，要求其书面同意不符合常规，不属于必须项。  
- **选项C**：受试者拒绝参加试验时的医疗权益保障措施。受试者拒绝参与不应影响其医疗权益，此为基本权利，必须在知情同意书中明确，属于法定信息项。  
- **选项D**：有关试验信息的咨询联系方式会定期强制公布。知情同意书需提供当前有效的咨询联系方式（如研究者或伦理委员会），但“定期强制公布”非法定要求，不属于必须包含的信息项。  

综上，B和D不属于必须包含的法定信息项。

【最终答案】：BD",客观题,BD
常规诊疗,"你是一个严格按照要求答题的医学考试考生。请你先展示出完整的思考过程，然后再输出最终答案。每道题目有至少两个选项（A、B）至多五个选项（A、B、C、D、E），题目为不定项选择题，请按照以下格式作答：

【思考过程】：...

【最终答案】：AB / BCE / CD / DE / E / ...（只输出选项的编号，不要写选项内容）

示例：
题目：医疗伦理中四大基本原则是？
A.尊重自主权
B.善意行为
C.无害原则
D.公正原则
E.以上都不是
【思考过程】：本题考查医学伦理的四大基本原则，包括尊重自主权、不伤害原则、行善原则、公正原则。

【最终答案】：ABCD

题目：以下哪些内容必须包含在临床试验知情同意书或提供给受试者的资料中？
A.受试者参加试验将被禁止中途退出的规定
B.受试者发生试验相关损害时的补偿方式
C.创伤性医疗操作的具体细节
D.研究机构从试验中获得的经济收益分配方案
E.试验期间出现新风险时通知受试者的要求
【思考过程】：",BCE,Doubao-1.5-Thinking,"【思考过程】：本题考查临床试验知情同意书的必备内容。根据《药物临床试验质量管理规范》及伦理原则，知情同意书需充分保护受试者权益并确保其知情。  
- 选项A错误：受试者有权随时退出试验，禁止中途退出的规定违背伦理原则，不应包含。  
- 选项B正确：试验相关损害的补偿方式是受试者权益的重要保障，必须明确。  
- 选项C正确：创伤性操作的具体细节属于试验的关键信息，需告知受试者以评估风险。  
- 选项D错误：研究机构的经济收益分配方案不属于受试者需知情的必要内容，通常无需包含。  
- 选项E正确：试验期间新风险的通知要求是研究者的义务，需在知情同意书中说明以保障受试者知情权。  

【最终答案】：BCE",客观题,BCE
常规诊疗,"你是一个严格按照要求答题的医学考试考生。请你先展示出完整的思考过程，然后再输出最终答案。每道题目有至少两个选项（A、B）至多五个选项（A、B、C、D、E），题目为不定项选择题，请按照以下格式作答：

【思考过程】：...

【最终答案】：AB / BCE / CD / DE / E / ...（只输出选项的编号，不要写选项内容）

示例：
题目：医疗伦理中四大基本原则是？
A.尊重自主权
B.善意行为
C.无害原则
D.公正原则
E.以上都不是
【思考过程】：本题考查医学伦理的四大基本原则，包括尊重自主权、不伤害原则、行善原则、公正原则。

【最终答案】：ABCD

题目：根据我国常规诊疗中知情同意书规范，以下哪些内容属于必须包含的信息？
A.研究人员必须每日向受试者汇报试验进展
B.试验步骤中涉及的创伤性医疗操作说明
C.定期公开展示试验结果以提升透明度
D.受试者有权获得试验相关损害的补偿及治疗
E.监查人员可查阅原始医学记录核实数据
【思考过程】：",BDE,Doubao-1.5-Thinking,"【思考过程】：本题考查我国常规诊疗中知情同意书的必须包含信息。根据相关法规（如《医疗纠纷预防和处理条例》），知情同意书需包含患者病情、医疗措施（尤其是有创操作）、医疗风险、替代方案及患者权利（如拒绝权、损害补偿权等）。  
- 选项A：“每日汇报试验进展”属于临床试验的特殊要求，非常规诊疗知情同意书必须内容。  
- 选项B：“创伤性医疗操作说明”是医疗措施的核心内容，需明确告知患者，属于必须包含信息。  
- 选项C：“定期公开展示试验结果”涉及试验透明度，非常规诊疗中患者个人知情同意的范畴。  
- 选项D：“受试者有权获得损害补偿及治疗”是患者权益的重要部分，需在知情同意书中明确，属于必须内容。  
- 选项E：“监查人员查阅原始记录”属于临床试验监查要求，非常规诊疗知情同意书必须内容。  

【最终答案】：BD",客观题,BD
常规诊疗,"你是一个严格按照要求答题的医学考试考生。请你先展示出完整的思考过程，然后再输出最终答案。每道题目有至少两个选项（A、B）至多五个选项（A、B、C、D、E），题目为不定项选择题，请按照以下格式作答：

【思考过程】：...

【最终答案】：AB / BCE / CD / DE / E / ...（只输出选项的编号，不要写选项内容）

示例：
题目：医疗伦理中四大基本原则是？
A.尊重自主权
B.善意行为
C.无害原则
D.公正原则
E.以上都不是
【思考过程】：本题考查医学伦理的四大基本原则，包括尊重自主权、不伤害原则、行善原则、公正原则。

【最终答案】：ABCD

题目：以下哪些内容必须包含在临床试验的知情同意书中？
A. 临床试验可能影响胚胎发育的风险说明  
B. 监查员可不经受试者同意随时查阅原始医学记录  
C. 受试者需完成当前试验阶段方可提交退出申请  
D. 其他可选治疗方法的潜在获益与风险描述  
E. 试验团队有权根据情况公开受试者身份数据  
F. 发生试验相关损害时的补偿获取途径
【思考过程】：",ADF,Doubao-1.5-Thinking,"【思考过程】：本题考查临床试验知情同意书的必备内容，需依据《药物临床试验质量管理规范》（GCP）相关规定分析各选项：

- **选项A**：临床试验可能影响胚胎发育的风险说明。根据GCP，知情同意书需包含可预见的风险（如对胚胎发育的影响），属于必须告知的内容，故A正确。  
- **选项B**：监查员可不经受试者同意随时查阅原始医学记录。GCP规定，监查员、稽查员、伦理委员会及药品监督管理部门有权查阅受试者原始医学记录以核实数据，此内容需在知情同意书中说明，故B正确。  
- **选项C**：受试者需完成当前试验阶段方可提交退出申请。GCP明确受试者有权随时退出试验，无需完成当前阶段，此内容违反规定，故C错误。  
- **选项D**：其他可选治疗方法的潜在获益与风险描述。GCP要求告知受试者其他可选治疗方法及其利弊，故D正确。  
- **选项E**：试验团队有权根据情况公开受试者身份数据。GCP强调保护受试者隐私，未经同意或法律要求不得公开身份数据，故E错误。  
- **选项F**：发生试验相关损害时的补偿获取途径。GCP规定需说明试验相关损害的补偿或治疗途径，故F正确。  

【最终答案】：ABDF",客观题,ABDF
常规诊疗,"你是一个严格按照要求答题的医学考试考生。请你先展示出完整的思考过程，然后再输出最终答案。每道题目有至少两个选项（A、B）至多五个选项（A、B、C、D、E），题目为不定项选择题，请按照以下格式作答：

【思考过程】：...

【最终答案】：AB / BCE / CD / DE / E / ...（只输出选项的编号，不要写选项内容）

示例：
题目：医疗伦理中四大基本原则是？
A.尊重自主权
B.善意行为
C.无害原则
D.公正原则
E.以上都不是
【思考过程】：本题考查医学伦理的四大基本原则，包括尊重自主权、不伤害原则、行善原则、公正原则。

【最终答案】：ABCD

题目：以下哪一项不属于知情同意书必须包含的内容？
A.监查员有权查阅原始医学记录
B.第三方研究机构可使用受试者身份信息
C.试验数据可能用于商业用途
D.新风险出现时通知受试者
E.终止试验的具体情景说明
【思考过程】：",BC,Doubao-1.5-Thinking,"【思考过程】：本题考查知情同意书的必备内容。根据医学伦理和相关法规（如GCP），知情同意书必须包含研究目的、方法、风险与受益、受试者权利、保密措施、新风险告知、终止试验情景等核心信息。逐一分析选项：

- **A. 监查员有权查阅原始医学记录**：监查是保证试验质量的常规程序，需告知受试者其医疗记录可能被监查员查阅，属于必须包含内容。  
- **B. 第三方研究机构可使用受试者身份信息**：第三方使用身份信息涉及隐私，但仅当研究中确实存在第三方参与时才需说明，并非所有试验都必须包含此内容。  
- **C. 试验数据可能用于商业用途**：若试验数据涉及商业应用（如药品注册），需明确告知受试者，属于必须包含内容（尤其在工业界资助的试验中）。  
- **D. 新风险出现时通知受试者**：研究者有义务及时告知受试者新发现的风险，属于必须包含内容。  
- **E. 终止试验的具体情景说明**：受试者需了解试验终止的可能情况（如健康受损、试验提前终止），属于必须包含内容。  

综上，第三方研究机构使用受试者身份信息（B）并非所有知情同意书必须包含的内容。

【最终答案】：B",客观题,B
常规诊疗,"你是一个严格按照要求答题的医学考试考生。请你先展示出完整的思考过程，然后再输出最终答案。每道题目有至少两个选项（A、B）至多五个选项（A、B、C、D、E），题目为不定项选择题，请按照以下格式作答：

【思考过程】：...

【最终答案】：AB / BCE / CD / DE / E / ...（只输出选项的编号，不要写选项内容）

示例：
题目：医疗伦理中四大基本原则是？
A.尊重自主权
B.善意行为
C.无害原则
D.公正原则
E.以上都不是
【思考过程】：本题考查医学伦理的四大基本原则，包括尊重自主权、不伤害原则、行善原则、公正原则。

【最终答案】：ABCD

题目：以下哪些内容不属于知情同意书必须包括的信息？
A.存在影响胚胎、胎儿或哺乳婴儿风险时的说明
B.研究者的义务
C.监查员可核查原始医学记录的说明
D.受试者可能的饮食习惯要求
【思考过程】：",BD,Doubao-1.5-Thinking,"【思考过程】：本题考查知情同意书的必备信息。根据《药物临床试验质量管理规范》（GCP），知情同意书必须包含的核心信息包括研究目的、方法、风险与受益、受试者权利、保密措施、研究者信息、监查/稽查说明等。  

- 选项A：若研究可能影响胚胎、胎儿或哺乳婴儿，属于重要风险信息，必须告知受试者，属于必须内容。  
- 选项B：研究者的义务（如保护受试者权益、提供必要医疗等）是知情同意书需说明的责任部分，属于必须内容。  
- 选项C：监查员核查原始医学记录涉及数据管理和合规性，需在知情同意书中说明，属于必须内容。  
- 选项D：受试者可能的饮食习惯要求属于研究具体操作细节，并非所有研究均涉及，且不属于知情同意书必须包含的核心信息（如风险、权利等），因此不属于必须内容。  

【最终答案】：D",客观题,D
常规诊疗,"你是一个严格按照要求答题的医学考试考生。请你先展示出完整的思考过程，然后再输出最终答案。每道题目有至少两个选项（A、B）至多五个选项（A、B、C、D、E），题目为不定项选择题，请按照以下格式作答：

【思考过程】：...

【最终答案】：AB / BCE / CD / DE / E / ...（只输出选项的编号，不要写选项内容）

示例：
题目：医疗伦理中四大基本原则是？
A.尊重自主权
B.善意行为
C.无害原则
D.公正原则
E.以上都不是
【思考过程】：本题考查医学伦理的四大基本原则，包括尊重自主权、不伤害原则、行善原则、公正原则。

【最终答案】：ABCD

题目：以下哪项内容不属于知情同意书必须包含的信息？
A.研究团队成员可查阅受试者原始医疗记录
B.随机分配至安慰剂组的可能性
C.因预实验数据不足而终止试验的理由
D.试验结果会公开受试者年龄信息
E.受试者在试验期间每周需要的交通费用
【思考过程】：",ACDE,Doubao-1.5-Thinking,"【思考过程】：知情同意书需包含试验的关键信息，如目的、方法、风险与受益、受试者权利、保密措施、费用或补偿等。分析各选项：  
- A：研究团队查阅医疗记录涉及隐私，需告知受试者，属于必须信息。  
- B：随机分配至安慰剂组是试验设计的重要内容，受试者需知情，属于必须信息。  
- C：预实验数据不足导致终止试验的理由属于研究内部细节，非受试者决策必需的关键信息，不属于必须包含。  
- D：公开受试者年龄涉及隐私，需告知受试者数据使用方式，属于必须信息。  
- E：试验期间的交通费用属于受试者需承担的成本或补偿内容，需明确告知，属于必须信息。  

【最终答案】：C",客观题,C
常规诊疗,"你是一个严格按照要求答题的医学考试考生。请你先展示出完整的思考过程，然后再输出最终答案。每道题目有至少两个选项（A、B）至多五个选项（A、B、C、D、E），题目为不定项选择题，请按照以下格式作答：

【思考过程】：...

【最终答案】：AB / BCE / CD / DE / E / ...（只输出选项的编号，不要写选项内容）

示例：
题目：医疗伦理中四大基本原则是？
A.尊重自主权
B.善意行为
C.无害原则
D.公正原则
E.以上都不是
【思考过程】：本题考查医学伦理的四大基本原则，包括尊重自主权、不伤害原则、行善原则、公正原则。

【最终答案】：ABCD

题目：以下哪些内容必须包含在知情同意书和提供给受试者的资料中？
A.试验可能致受试者的风险或者不便，B.受试者可免费获得全程医疗服务，C.监查人员可查阅受试者原始病历以核实数据，D.提前终止试验时无需告知受试者，E.受试者身份信息在发布结果时仍保密
【思考过程】：",ACE,Doubao-1.5-Thinking,"【思考过程】：本题考查知情同意书的必备内容。根据医学伦理和临床试验相关规范，知情同意书需包含受试者需了解的关键信息：  
- 选项A：试验可能的风险或不便属于受试者必须知情的核心内容，是知情同意的基础，必须包含。  
- 选项B：“免费获得全程医疗服务”并非所有试验的必然条件，是否免费需根据试验设计说明，但非“必须”包含的通用内容。  
- 选项C：监查人员查阅原始病历以核实数据是确保试验数据真实性的常规要求，需提前告知受试者，属于必须内容。  
- 选项D：提前终止试验时不告知受试者侵犯了受试者的知情权，违背伦理，因此“无需告知”不应包含。  
- 选项E：保护受试者隐私是基本伦理要求，身份信息保密需在知情同意书中明确，属于必须内容。  

【最终答案】：ACE",客观题,ACE
常规诊疗,"你是一个严格按照要求答题的医学考试考生。请你先展示出完整的思考过程，然后再输出最终答案。每道题目有至少两个选项（A、B）至多五个选项（A、B、C、D、E），题目为不定项选择题，请按照以下格式作答：

【思考过程】：...

【最终答案】：AB / BCE / CD / DE / E / ...（只输出选项的编号，不要写选项内容）

示例：
题目：医疗伦理中四大基本原则是？
A.尊重自主权
B.善意行为
C.无害原则
D.公正原则
E.以上都不是
【思考过程】：本题考查医学伦理的四大基本原则，包括尊重自主权、不伤害原则、行善原则、公正原则。

【最终答案】：ABCD

题目：以下哪些内容必须包含在知情同意书或提供给受试者的资料中？
A.发生试验相关损害时可获得补偿或治疗
B.受试者参加试验可能获得的补偿
C.监查员可公开受试者身份信息用于科研发表
D.可能被终止试验的情况及理由
E.必须每日向伦理委员会报告试验进度
【思考过程】：",BD,Doubao-1.5-Thinking,"【思考过程】：本题考查知情同意书的必备内容。根据相关法规和伦理要求，知情同意书需包含受试者决策所需的关键信息。  
- 选项A：发生试验相关损害时的补偿或治疗是受试者权益的重要保障，必须包含。  
- 选项B：受试者参加试验可能获得的补偿（如交通、时间等）属于试验相关的实际利益，需明确告知，因此必须包含。  
- 选项C：公开受试者身份信息违反隐私保护原则，除非受试者明确同意，否则不可包含，故错误。  
- 选项D：可能被终止试验的情况及理由是受试者需了解的试验规则，必须包含。  
- 选项E：每日向伦理委员会报告试验进度属于研究者与伦理委员会的沟通义务，非受试者需知悉内容，故错误。  

【最终答案】：ABD",客观题,ABD
常规诊疗,"你是一个严格按照要求答题的医学考试考生。请你先展示出完整的思考过程，然后再输出最终答案。每道题目有至少两个选项（A、B）至多五个选项（A、B、C、D、E），题目为不定项选择题，请按照以下格式作答：

【思考过程】：...

【最终答案】：AB / BCE / CD / DE / E / ...（只输出选项的编号，不要写选项内容）

示例：
题目：医疗伦理中四大基本原则是？
A.尊重自主权
B.善意行为
C.无害原则
D.公正原则
E.以上都不是
【思考过程】：本题考查医学伦理的四大基本原则，包括尊重自主权、不伤害原则、行善原则、公正原则。

【最终答案】：ABCD

题目：以下哪项内容不属于知情同意书必须向受试者明确说明的事项？
A.试验期间提供的免费交通安排
B.受试者需要遵守的试验步骤中的常规医疗操作
C.监查员有权查阅受试者原始病历以核实数据
D.受试者可能被终止试验的情况及理由
E.试验涉及胚胎或哺乳婴儿的特殊风险
【思考过程】：",AB,Doubao-1.5-Thinking,"【思考过程】：知情同意书的核心内容需涵盖试验目的、方法、预期风险与受益、受试者权利、研究者责任、保密措施、可能的替代方案、退出试验的权利及后果、补偿或费用相关信息等。分析各选项：  
- A. 试验期间提供的免费交通安排：属于试验的便利或补偿措施，非必须明确说明的核心内容（如风险、操作、权利等）。  
- B. 受试者需遵守的试验步骤中的常规医疗操作：涉及受试者具体配合内容，属于必须说明的试验步骤信息。  
- C. 监查员查阅原始病历：涉及受试者隐私与数据使用，需明确告知以保障知情权。  
- D. 可能被终止试验的情况及理由：关系受试者权益，需提前说明终止条件。  
- E. 胚胎或哺乳婴儿的特殊风险：特殊人群的风险属于必须明确的内容。  

因此，不属于必须说明的是A。

【最终答案】：A",客观题,A
常规诊疗,"你是一个严格按照要求答题的医学考试考生。请你先展示出完整的思考过程，然后再输出最终答案。每道题目有至少两个选项（A、B）至多五个选项（A、B、C、D、E），题目为不定项选择题，请按照以下格式作答：

【思考过程】：...

【最终答案】：AB / BCE / CD / DE / E / ...（只输出选项的编号，不要写选项内容）

示例：
题目：医疗伦理中四大基本原则是？
A.尊重自主权
B.善意行为
C.无害原则
D.公正原则
E.以上都不是
【思考过程】：本题考查医学伦理的四大基本原则，包括尊重自主权、不伤害原则、行善原则、公正原则。

【最终答案】：ABCD

题目：以下哪些内容必须包含在知情同意书和提供给受试者的资料中？
A.第三方机构人员无需授权可任意查阅受试者原始医学记录
B.受试者发生试验相关损害时可获得补偿及治疗
C.受试者参加试验可能获得的补偿内容
D.监查员可在保密前提下查阅受试者原始医学记录
E.试验期间每月向受试者汇报研究进展情况
【思考过程】：",BCD,Doubao-1.5-Thinking,"【思考过程】：本题考查知情同意书的必备内容。根据医学伦理和临床试验相关规范（如GCP），知情同意书需明确受试者的权益、风险、补偿、隐私保护等关键信息。  
- 选项A错误：受试者原始医学记录的查阅需严格保密，第三方机构人员不可“无需授权任意查阅”，否则侵犯隐私。  
- 选项B正确：受试者因试验相关损害获得补偿及治疗是核心权益，必须明确告知。  
- 选项C正确：受试者参加试验可能获得的补偿（如交通、误工等）属于重要信息，需包含。  
- 选项D正确：监查员在保密前提下查阅记录是确保试验合规性的常规操作，需向受试者说明。  
- 选项E错误：试验期间定期汇报研究进展并非知情同意书必须内容，通常无此强制要求。  

【最终答案】：BCD",客观题,BCD
常规诊疗,"你是一个严格按照要求答题的医学考试考生。请你先展示出完整的思考过程，然后再输出最终答案。每道题目有至少两个选项（A、B）至多五个选项（A、B、C、D、E），题目为不定项选择题，请按照以下格式作答：

【思考过程】：...

【最终答案】：AB / BCE / CD / DE / E / ...（只输出选项的编号，不要写选项内容）

示例：
题目：医疗伦理中四大基本原则是？
A.尊重自主权
B.善意行为
C.无害原则
D.公正原则
E.以上都不是
【思考过程】：本题考查医学伦理的四大基本原则，包括尊重自主权、不伤害原则、行善原则、公正原则。

【最终答案】：ABCD

题目：以下哪些内容不属于知情同意书和提供给受试者的资料必须包含的条目？
A.有新的可能影响受试者继续参加试验的信息时的告知义务
B.试验过程中受试者需承担的膳食费用
C.监查人员查阅原始医学记录的范围说明
D.临床试验方案设计者的学术职称和获奖情况
【思考过程】：",BD,Doubao-1.5-Thinking,"【思考过程】：根据相关法规（如GCP）和伦理要求，知情同意书必须包含的核心内容包括：试验目的、方法、风险与受益、受试者权利（如退出权）、新信息告知义务、费用与补偿、保密措施（如监查人员查阅记录的范围）等。  
- 选项A：新信息的告知义务直接关系受试者继续参与的决策，属于必须包含内容。  
- 选项B：受试者需承担的费用（如膳食费用）涉及受试者的经济负担，需明确告知，属于必须内容。  
- 选项C：监查人员查阅原始记录的范围说明属于保密与隐私保护的必要信息，需包含。  
- 选项D：方案设计者的学术职称和获奖情况与受试者决策无关，非必须包含。  

【最终答案】：D",客观题,D
常规诊疗,"你是一个严格按照要求答题的医学考试考生。请你先展示出完整的思考过程，然后再输出最终答案。每道题目有至少两个选项（A、B）至多五个选项（A、B、C、D、E），题目为不定项选择题，请按照以下格式作答：

【思考过程】：...

【最终答案】：AB / BCE / CD / DE / E / ...（只输出选项的编号，不要写选项内容）

示例：
题目：医疗伦理中四大基本原则是？
A.尊重自主权
B.善意行为
C.无害原则
D.公正原则
E.以上都不是
【思考过程】：本题考查医学伦理的四大基本原则，包括尊重自主权、不伤害原则、行善原则、公正原则。

【最终答案】：ABCD

题目：以下哪项内容不属于知情同意书和提供给受试者的材料必须包含的法定要求？
A.监查员有权直接公开受试者医疗记录以验证数据
B.临床试验结束后向受试者持续提供免费药物
C.临床试验申办方的股东分红机制
D.随机分配至对照组的可能性说明
E.未经受试者同意时家属的医疗决策权
【思考过程】：",BCE,Doubao-1.5-Thinking,"【思考过程】：本题考查知情同意书和受试者材料的法定要求。根据《药物临床试验质量管理规范》（GCP），知情同意书需包含受试者做出自主决定所需的关键信息，如试验目的、方法、随机分组（D选项）、风险与受益、保密措施、受试者权利等。逐一分析选项：

- **A选项**：监查员有权直接公开受试者医疗记录以验证数据。保密是法定要求，监查员查看记录是为验证数据，但“直接公开”不符合保密原则，不属于必须包含的内容。  
- **B选项**：临床试验结束后向受试者持续提供免费药物。法规仅要求说明试验结束后是否继续参与或获得治疗，未强制要求“持续提供免费药物”，故不属于必须内容。  
- **C选项**：临床试验申办方的股东分红机制。此内容与受试者权益无关，无需包含在知情同意书中。  
- **D选项**：随机分配至对照组的可能性说明。随机分组是试验设计的核心，受试者需知情，属于法定要求。  
- **E选项**：未经受试者同意时家属的医疗决策权。知情同意主要针对有行为能力的受试者，家属决策权属于特殊情况（如受试者无行为能力），非常规必须包含的内容。  

综上，A、B、C、E均不属于必须包含的法定要求。

【最终答案】：ABCE",客观题,ABCE
常规诊疗,"你是一个严格按照要求答题的医学考试考生。请你先展示出完整的思考过程，然后再输出最终答案。每道题目有至少两个选项（A、B）至多五个选项（A、B、C、D、E），题目为不定项选择题，请按照以下格式作答：

【思考过程】：...

【最终答案】：AB / BCE / CD / DE / E / ...（只输出选项的编号，不要写选项内容）

示例：
题目：医疗伦理中四大基本原则是？
A.尊重自主权
B.善意行为
C.无害原则
D.公正原则
E.以上都不是
【思考过程】：本题考查医学伦理的四大基本原则，包括尊重自主权、不伤害原则、行善原则、公正原则。

【最终答案】：ABCD

题目：以下哪些内容必须包含在知情同意书和提供给受试者的资料中？
A. 试验期间所有相关费用由医院承担
B. 受试者若退出试验需提前一个月提交书面申请
C. 发布试验结果时将匿名处理受试者的身份信息
D. 受试者可联系的研究者及伦理委员会的联系方式
E. 监查员在保密原则下可查阅受试者的原始医学记录
【思考过程】：",CDE,Doubao-1.5-Thinking,"【思考过程】：本题考查知情同意书的必要内容。根据医学伦理和临床试验规范，知情同意书需包含受试者权益保护、试验相关信息及联系方式等关键内容。  
- 选项A：试验费用承担方式因试验设计而异（如可能由申办方承担），并非必须“所有费用由医院承担”，故不选。  
- 选项B：受试者有权随时退出试验，无需“提前一个月提交书面申请”，此要求限制受试者权利，不合法，故不选。  
- 选项C：保护受试者隐私是基本伦理要求，发布结果时匿名处理身份信息必须包含，正确。  
- 选项D：提供研究者及伦理委员会的联系方式，便于受试者咨询或反馈问题，是知情同意书的必要内容，正确。  
- 选项E：监查员在保密原则下查阅原始医学记录是保证试验质量的常规操作，需在知情同意书中说明，正确。  

【最终答案】：CDE",客观题,CDE
常规诊疗,"你是一个严格按照要求答题的医学考试考生。请你先展示出完整的思考过程，然后再输出最终答案。每道题目有至少两个选项（A、B）至多五个选项（A、B、C、D、E），题目为不定项选择题，请按照以下格式作答：

【思考过程】：...

【最终答案】：AB / BCE / CD / DE / E / ...（只输出选项的编号，不要写选项内容）

示例：
题目：医疗伦理中四大基本原则是？
A.尊重自主权
B.善意行为
C.无害原则
D.公正原则
E.以上都不是
【思考过程】：本题考查医学伦理的四大基本原则，包括尊重自主权、不伤害原则、行善原则、公正原则。

【最终答案】：ABCD

题目：以下哪项内容不属于知情同意书必须包含的要素？
A.监查员可基于病例核查需要直接调取受试者原始诊疗记录，B.参加试验预期的个人花费金额，C.试验治疗存在随机分配到对照组的可能性，D.受试者家属有权申请查阅临床试验相关病历
【思考过程】：",D,Doubao-1.5-Thinking,"【思考过程】：知情同意书的必须要素通常包括试验目的、方法（如随机分配）、风险与受益、费用负担、隐私保护（如数据查阅权限）、受试者权利等。分析各选项：  
- 选项A：监查员核查原始记录是GCP规定的合理权限，涉及隐私使用需在知情同意书中说明，属于必须要素。  
- 选项B：个人花费金额是受试者需了解的经济负担，必须明确，属于必须要素。  
- 选项C：随机分配到对照组是试验设计的核心信息，受试者需知情，属于必须要素。  
- 选项D：受试者家属无直接查阅病历的法定权利（除非受试者授权），因此不属于必须包含的要素。  

【最终答案】：D",客观题,D
常规诊疗,"你是一个严格按照要求答题的医学考试考生。请你先展示出完整的思考过程，然后再输出最终答案。每道题目有至少两个选项（A、B）至多五个选项（A、B、C、D、E），题目为不定项选择题，请按照以下格式作答：

【思考过程】：...

【最终答案】：AB / BCE / CD / DE / E / ...（只输出选项的编号，不要写选项内容）

示例：
题目：医疗伦理中四大基本原则是？
A.尊重自主权
B.善意行为
C.无害原则
D.公正原则
E.以上都不是
【思考过程】：本题考查医学伦理的四大基本原则，包括尊重自主权、不伤害原则、行善原则、公正原则。

【最终答案】：ABCD

题目：涉及临床试验中死亡事件的报告时，研究者必须向哪些主体提供尸检报告和最终医学报告？
A.仅申办者
B.仅伦理委员会
C.卫生行政部门
D.申办者和伦理委员会
E.受试者家属
【思考过程】：",D,Doubao-1.5-Thinking,"【思考过程】：在临床试验中，涉及死亡事件的报告时，根据《药物临床试验质量管理规范》（GCP）及相关法规要求，研究者需履行以下责任：严重不良事件（包括死亡事件）需及时向申办者报告，这是申办者管理试验和评估安全性的必要环节；同时，伦理委员会作为监督试验伦理与受试者权益的机构，需了解死亡事件的详细情况以确保试验合规性。卫生行政部门通常由申办者负责报告，而非研究者直接提交；受试者家属虽需知情，但并非必须接收正式尸检报告和最终医学报告的法定主体。因此，研究者必须向申办者和伦理委员会提供相关报告。

【最终答案】：D",客观题,D
常规诊疗,"你是一个严格按照要求答题的医学考试考生。请你先展示出完整的思考过程，然后再输出最终答案。每道题目有至少两个选项（A、B）至多五个选项（A、B、C、D、E），题目为不定项选择题，请按照以下格式作答：

【思考过程】：...

【最终答案】：AB / BCE / CD / DE / E / ...（只输出选项的编号，不要写选项内容）

示例：
题目：医疗伦理中四大基本原则是？
A.尊重自主权
B.善意行为
C.无害原则
D.公正原则
E.以上都不是
【思考过程】：本题考查医学伦理的四大基本原则，包括尊重自主权、不伤害原则、行善原则、公正原则。

【最终答案】：ABCD

题目：当申办者终止某一临床试验时，研究者应当立即向哪两个部门报告？
A.临床试验机构、申办者
B.临床试验机构、伦理委员会
C.伦理委员会、卫生健康行政部门
D.申办者、伦理委员会
【思考过程】：",B,Doubao-1.5-Thinking,"【思考过程】：根据《药物临床试验质量管理规范》（2020年版）相关规定，当申办者终止临床试验时，研究者作为试验的主要实施者，需履行报告义务。伦理委员会负责审查和监督试验的伦理合规性，试验终止属于重要伦理事件，必须向其报告；临床试验机构作为研究者所属的管理单位，需对本机构内的临床试验进行全程管理，因此也需及时获知试验终止的信息。申办者是终止试验的发起方，研究者无需再向其报告终止情况。因此，研究者应立即报告的两个部门是临床试验机构和伦理委员会。

【最终答案】：B",客观题,B
常规诊疗,"你是一个严格按照要求答题的医学考试考生。请你先展示出完整的思考过程，然后再输出最终答案。每道题目有至少两个选项（A、B）至多五个选项（A、B、C、D、E），题目为不定项选择题，请按照以下格式作答：

【思考过程】：...

【最终答案】：AB / BCE / CD / DE / E / ...（只输出选项的编号，不要写选项内容）

示例：
题目：医疗伦理中四大基本原则是？
A.尊重自主权
B.善意行为
C.无害原则
D.公正原则
E.以上都不是
【思考过程】：本题考查医学伦理的四大基本原则，包括尊重自主权、不伤害原则、行善原则、公正原则。

【最终答案】：ABCD

题目：以下哪项内容不属于申办者在使用电子数据管理系统时必须制定的标准操作规程范围？
A.电子数据管理系统的应急方案
B.盲法试验揭盲后的数据处理流程
C.数据备份和恢复的具体周期
D.系统变更后的软件报废处理流程
E.论文发表前的原始数据删除流程
【思考过程】：",E,Doubao-1.5-Thinking,"【思考过程】：申办者使用电子数据管理系统（EDC）时，需制定标准操作规程（SOP）以确保数据完整性、准确性和系统可靠性。分析各选项：  
- 选项A（应急方案）：系统可能故障，需应急措施保障数据安全，属于SOP范围。  
- 选项B（揭盲后数据处理流程）：盲法试验中揭盲是关键步骤，需明确处理流程，属于SOP范围。  
- 选项C（数据备份和恢复周期）：数据备份是保障数据不丢失的核心措施，周期和流程需规范，属于SOP范围。  
- 选项D（系统变更后软件报废流程）：系统变更涉及旧软件处理（如数据迁移、存档），需SOP规范，属于SOP范围。  
- 选项E（论文发表前原始数据删除流程）：原始数据需长期保留（GCP要求），发表前删除违反规定，不属于必须制定的SOP。  

【最终答案】：E",客观题,E
常规诊疗,"你是一个严格按照要求答题的医学考试考生。请你先展示出完整的思考过程，然后再输出最终答案。每道题目有至少两个选项（A、B）至多五个选项（A、B、C、D、E），题目为不定项选择题，请按照以下格式作答：

【思考过程】：...

【最终答案】：AB / BCE / CD / DE / E / ...（只输出选项的编号，不要写选项内容）

示例：
题目：医疗伦理中四大基本原则是？
A.尊重自主权
B.善意行为
C.无害原则
D.公正原则
E.以上都不是
【思考过程】：本题考查医学伦理的四大基本原则，包括尊重自主权、不伤害原则、行善原则、公正原则。

【最终答案】：ABCD

题目：以下哪些选项属于电子数据管理系统标准操作程序必须覆盖的内容？
A.用户年龄限制的设定
B.系统的安装和使用
C.数据备份与恢复流程
D.软件界面的颜色设计
E.系统维护的标准方法
【思考过程】：",BCE,Doubao-1.5-Thinking,"【思考过程】：电子数据管理系统（EDMS）的标准操作程序（SOP）需覆盖确保系统正常运行、数据安全及操作规范的关键环节。系统的安装和使用（B）是基础，直接影响系统运行和数据输入准确性；数据备份与恢复流程（C）是保障数据安全、防止丢失的核心；系统维护的标准方法（E）是维持系统稳定运行的必要措施。用户年龄限制设定（A）通常非核心操作规范，软件界面颜色设计（D）属于用户体验而非操作程序必需内容。因此，必须覆盖的内容为B、C、E。

【最终答案】：BCE",客观题,BCE
常规诊疗,"你是一个严格按照要求答题的医学考试考生。请你先展示出完整的思考过程，然后再输出最终答案。每道题目有至少两个选项（A、B）至多五个选项（A、B、C、D、E），题目为不定项选择题，请按照以下格式作答：

【思考过程】：...

【最终答案】：AB / BCE / CD / DE / E / ...（只输出选项的编号，不要写选项内容）

示例：
题目：医疗伦理中四大基本原则是？
A.尊重自主权
B.善意行为
C.无害原则
D.公正原则
E.以上都不是
【思考过程】：本题考查医学伦理的四大基本原则，包括尊重自主权、不伤害原则、行善原则、公正原则。

【最终答案】：ABCD

题目：根据我国临床试验管理相关法规，以下哪些属于独立数据监查委员会的职责？
A.监督临床试验数据的日常采集工作
B.定期评价临床试验的进展及安全性数据
C.建议申办者停止正在实施的临床试验
D.对受试者病历进行定期审查
E.任命临床试验数据管理员
【思考过程】：",BC,Doubao-1.5-Thinking,"【思考过程】：独立数据监查委员会（IDMC）的主要职责是确保临床试验的科学性和受试者安全，通常不参与日常操作。选项A（监督日常数据采集）属于研究团队或监查员职责；选项B（定期评价进展及安全性数据）是IDMC核心任务，需定期审查数据；选项C（建议停止试验）是IDMC在发现重大安全或无效问题时的权限；选项D（审查受试者病历）通常由监查员或伦理委员会负责；选项E（任命数据管理员）属于申办者或研究团队职责。因此正确职责为B、C。

【最终答案】：BC",客观题,BC
常规诊疗,"你是一个严格按照要求答题的医学考试考生。请你先展示出完整的思考过程，然后再输出最终答案。每道题目有至少两个选项（A、B）至多五个选项（A、B、C、D、E），题目为不定项选择题，请按照以下格式作答：

【思考过程】：...

【最终答案】：AB / BCE / CD / DE / E / ...（只输出选项的编号，不要写选项内容）

示例：
题目：医疗伦理中四大基本原则是？
A.尊重自主权
B.善意行为
C.无害原则
D.公正原则
E.以上都不是
【思考过程】：本题考查医学伦理的四大基本原则，包括尊重自主权、不伤害原则、行善原则、公正原则。

【最终答案】：ABCD

题目：以下哪项不属于申办者在临床试验数据管理中的要求？
A.电子数据管理系统必须经过可靠性验证并保持验证有效状态
B.允许研究者自行决定数据修改权限
C.盲法试验揭盲后需立即告知研究者受试者用药情况
D.必须每天备份电子数据
E.数据转换时需要保留原数据及转换轨迹
【思考过程】：",BD,Doubao-1.5-Thinking,"【思考过程】：本题考查申办者在临床试验数据管理中的要求。根据GCP等相关规范：  
- 选项A：电子数据管理系统需经过可靠性验证并保持有效状态，是申办者确保数据可靠性的要求，属于合理要求。  
- 选项B：数据修改权限需由申办者制定标准操作程序（SOP）统一管理，而非允许研究者自行决定，此做法不符合数据管理规范，不属于申办者要求。  
- 选项C：盲法试验揭盲后及时告知研究者用药情况是保证研究后续开展的必要措施，属于申办者职责。  
- 选项D：电子数据需定期备份（如每天）以防止丢失，是数据管理的基本要求。  
- 选项E：数据转换时保留原数据及轨迹是确保数据可追溯性的关键，符合数据完整性要求。  

因此，不属于申办者要求的是选项B。

【最终答案】：B",客观题,B
常规诊疗,"你是一个严格按照要求答题的医学考试考生。请你先展示出完整的思考过程，然后再输出最终答案。每道题目有至少两个选项（A、B）至多五个选项（A、B、C、D、E），题目为不定项选择题，请按照以下格式作答：

【思考过程】：...

【最终答案】：AB / BCE / CD / DE / E / ...（只输出选项的编号，不要写选项内容）

示例：
题目：医疗伦理中四大基本原则是？
A.尊重自主权
B.善意行为
C.无害原则
D.公正原则
E.以上都不是
【思考过程】：本题考查医学伦理的四大基本原则，包括尊重自主权、不伤害原则、行善原则、公正原则。

【最终答案】：ABCD

题目：某机构在临床试验中使用独立的数据监查委员会（DMC），以下哪些属于DMC的法定职责？
A.定期评价试验的进展包括安全性和有效性数据  
B.提出继续、修改或停止试验的建议  
C.直接监督临床试验实施人员的数据录入操作  
D.审核临床试验的经费使用情况报告  
E.保存所有相关会议记录并制定书面工作流程
【思考过程】：",ABE,Doubao-1.5-Thinking,"【思考过程】：独立数据监查委员会（DMC）的核心职责是独立监控临床试验的安全性、有效性及科学性，确保受试者权益。分析各选项：  
- 选项A：DMC需定期审查试验进展，包括安全性和有效性数据，这是其基本职责之一，正确。  
- 选项B：DMC在评估数据后，需向申办方或伦理委员会提出继续、修改或停止试验的建议，正确。  
- 选项C：DMC主要负责数据审查与建议，不直接监督具体操作（如数据录入），错误。  
- 选项D：经费使用审核属于财务或申办方管理范畴，非DMC职责，错误。  
- 选项E：DMC需保存会议记录并制定书面流程以保证工作规范，正确。  

【最终答案】：ABE",客观题,ABE
常规诊疗,"你是一个严格按照要求答题的医学考试考生。请你先展示出完整的思考过程，然后再输出最终答案。每道题目有至少两个选项（A、B）至多五个选项（A、B、C、D、E），题目为不定项选择题，请按照以下格式作答：

【思考过程】：...

【最终答案】：AB / BCE / CD / DE / E / ...（只输出选项的编号，不要写选项内容）

示例：
题目：医疗伦理中四大基本原则是？
A.尊重自主权
B.善意行为
C.无害原则
D.公正原则
E.以上都不是
【思考过程】：本题考查医学伦理的四大基本原则，包括尊重自主权、不伤害原则、行善原则、公正原则。

【最终答案】：ABCD

题目：申办者暂停或提前终止实施中的临床试验时，必须通知以下哪些机构或个人？
A.伦理委员会
B.所有相关研究者
C.临床试验机构
D.医疗机构负责人
E.药品监督管理部门
【思考过程】：",BCE,Doubao-1.5-Thinking,"【思考过程】：根据《药物临床试验质量管理规范》（2020年版）第六十四条规定，申办者暂停或提前终止实施中的临床试验时，应当立即通知所有相关研究者、临床试验机构和伦理委员会，并向药品监督管理部门报告。因此，必须通知的机构或个人包括伦理委员会（A）、所有相关研究者（B）、临床试验机构（C）和药品监督管理部门（E）。医疗机构负责人（D）未在规范中明确列为必须单独通知的对象。

【最终答案】：ABCE",客观题,ABCE
常规诊疗,"你是一个严格按照要求答题的医学考试考生。请你先展示出完整的思考过程，然后再输出最终答案。每道题目有至少两个选项（A、B）至多五个选项（A、B、C、D、E），题目为不定项选择题，请按照以下格式作答：

【思考过程】：...

【最终答案】：AB / BCE / CD / DE / E / ...（只输出选项的编号，不要写选项内容）

示例：
题目：医疗伦理中四大基本原则是？
A.尊重自主权
B.善意行为
C.无害原则
D.公正原则
E.以上都不是
【思考过程】：本题考查医学伦理的四大基本原则，包括尊重自主权、不伤害原则、行善原则、公正原则。

【最终答案】：ABCD

题目：以下哪项属于申办者在电子数据管理系统标准操作规程中必须包含的内容？（不定项选择）
A.系统的独立伦理审查流程
B.逻辑备份与物理备份的交替策略
C.数据采集和处理的具体步骤
D.变更控制及应急预案描述
E.数据导出权限的最低操作员级别设定
F.系统报废后的社交媒体信息清理规则
【思考过程】：",CD,Doubao-1.5-Thinking,"【思考过程】：本题需判断申办者电子数据管理系统标准操作规程（SOP）的必要内容。根据ICH-GCP及电子数据管理相关规范，SOP应涵盖系统运行、数据管理及安全控制的核心环节。  
- 选项A：独立伦理审查由伦理委员会负责，非电子数据管理系统SOP内容，排除。  
- 选项B：逻辑与物理备份策略是数据安全的基础要求，需包含在SOP中。  
- 选项C：数据采集和处理的具体步骤是系统功能的核心操作指南，必须明确。  
- 选项D：变更控制（如系统升级）和应急预案（如故障处理）是系统稳定运行的保障，需在SOP中描述。  
- 选项E：数据导出权限的最低操作员级别设定属于权限管理，是数据安全的必要控制措施，应包含。  
- 选项F：系统报废后社交媒体信息清理与研究数据管理无关，非必要内容，排除。  

【最终答案】：BCDE",客观题,BCDE
常规诊疗,"你是一个严格按照要求答题的医学考试考生。请你先展示出完整的思考过程，然后再输出最终答案。每道题目有至少两个选项（A、B）至多五个选项（A、B、C、D、E），题目为不定项选择题，请按照以下格式作答：

【思考过程】：...

【最终答案】：AB / BCE / CD / DE / E / ...（只输出选项的编号，不要写选项内容）

示例：
题目：医疗伦理中四大基本原则是？
A.尊重自主权
B.善意行为
C.无害原则
D.公正原则
E.以上都不是
【思考过程】：本题考查医学伦理的四大基本原则，包括尊重自主权、不伤害原则、行善原则、公正原则。

【最终答案】：ABCD

题目：以下关于申办者在临床试验数据处理中的做法是否存在伦理或法律风险？  
选项D的描述是否合规？
A.为确保数据安全，允许非授权人员在监督下临时访问电子数据管理系统  
B.将盲法试验的数据录入人员与研究分组分配人员设置为同一团队  
C.计算机化系统升级后未重新进行验证，直接保留上次验证记录  
D.盲法试验数据录入和处理时，允许知晓分组信息以“调整分析策略”
【思考过程】：",D,Doubao-1.5-Thinking,"【思考过程】：本题需根据临床试验相关法规（如GCP）分析各选项的合规性。  
- 选项A：电子数据管理系统的访问应严格限制授权人员，非授权人员即使在监督下临时访问仍违反数据安全要求，存在风险。  
- 选项B：盲法试验中数据录入与分组分配人员需分离，同一团队可能导致盲态破坏，存在偏倚风险，不合规。  
- 选项C：计算机化系统升级后需重新验证以确保功能和数据完整性，未重新验证直接使用上次记录违反GCP，存在风险。  
- 选项D：盲法试验要求数据处理时保持盲态，允许知晓分组信息调整分析策略会破坏盲法，导致结果偏倚，严重不合规。  

【最终答案】：ABCD",客观题,ABCD
常规诊疗,"你是一个严格按照要求答题的医学考试考生。请你先展示出完整的思考过程，然后再输出最终答案。每道题目有至少两个选项（A、B）至多五个选项（A、B、C、D、E），题目为不定项选择题，请按照以下格式作答：

【思考过程】：...

【最终答案】：AB / BCE / CD / DE / E / ...（只输出选项的编号，不要写选项内容）

示例：
题目：医疗伦理中四大基本原则是？
A.尊重自主权
B.善意行为
C.无害原则
D.公正原则
E.以上都不是
【思考过程】：本题考查医学伦理的四大基本原则，包括尊重自主权、不伤害原则、行善原则、公正原则。

【最终答案】：ABCD

题目：以下哪些内容通常属于临床试验方案的必备要素？
A.研究背景资料
B.试验设备清单
C.试验目的
D.患者隐私协议
E.实施方式的具体步骤
【思考过程】：",ACE,Doubao-1.5-Thinking,"【思考过程】：临床试验方案是指导试验开展的核心文件，需包含确保试验科学性、合规性和可操作性的关键要素。分析各选项：  
- A（研究背景资料）：提供试验的科学依据（如疾病现状、已有研究进展），是方案必备内容。  
- B（试验设备清单）：属于操作细节，通常在辅助文件中说明，非方案必备要素。  
- C（试验目的）：明确试验要解决的核心问题（如有效性、安全性验证），是方案的核心，必须包含。  
- D（患者隐私协议）：隐私保护措施可能在方案中描述，但具体协议多为知情同意书或单独文件，非方案必备内容。  
- E（实施方式的具体步骤）：包括试验设计、干预措施、随访计划等，是确保试验可重复和规范实施的关键，属于必备要素。  

【最终答案】：ACE",客观题,ACE
常规诊疗,"你是一个严格按照要求答题的医学考试考生。请你先展示出完整的思考过程，然后再输出最终答案。每道题目有至少两个选项（A、B）至多五个选项（A、B、C、D、E），题目为不定项选择题，请按照以下格式作答：

【思考过程】：...

【最终答案】：AB / BCE / CD / DE / E / ...（只输出选项的编号，不要写选项内容）

示例：
题目：医疗伦理中四大基本原则是？
A.尊重自主权
B.善意行为
C.无害原则
D.公正原则
E.以上都不是
【思考过程】：本题考查医学伦理的四大基本原则，包括尊重自主权、不伤害原则、行善原则、公正原则。

【最终答案】：ABCD

题目：以下哪一项通常不属于试验方案的必要组成部分？
A.试验设计
B.研究背景资料
C.实施方式的方法描述
D.参与者的经济补偿计划
E.试验目的
【思考过程】：",D,Doubao-1.5-Thinking,"【思考过程】：试验方案（Protocol）是指导临床试验实施的核心文件，其必要组成部分通常包括试验目的、试验设计、研究背景资料（提供科学依据）、实施方式的方法描述（具体操作步骤）等。而参与者的经济补偿计划一般属于试验的后勤或伦理相关安排，通常在知情同意书或专项文件中说明，并非试验方案的必要组成部分。

【最终答案】：D",客观题,D
常规诊疗,"你是一个严格按照要求答题的医学考试考生。请你先展示出完整的思考过程，然后再输出最终答案。每道题目有至少两个选项（A、B）至多五个选项（A、B、C、D、E），题目为不定项选择题，请按照以下格式作答：

【思考过程】：...

【最终答案】：AB / BCE / CD / DE / E / ...（只输出选项的编号，不要写选项内容）

示例：
题目：医疗伦理中四大基本原则是？
A.尊重自主权
B.善意行为
C.无害原则
D.公正原则
E.以上都不是
【思考过程】：本题考查医学伦理的四大基本原则，包括尊重自主权、不伤害原则、行善原则、公正原则。

【最终答案】：ABCD

题目：下列哪项内容必须包含在医学试验方案中？
A.研究经费预算
B.试验目的
C.数据存储规则
D.试验设计
E.受试者年龄上限
【思考过程】：",BD,Doubao-1.5-Thinking,"【思考过程】：医学试验方案的核心内容需符合相关法规（如ICH-GCP、《药物临床试验质量管理规范》）的要求。以下逐一分析选项：

- **A. 研究经费预算**：经费预算通常属于申办方内部管理或合同内容，并非试验方案必须包含的核心内容，排除。  
- **B. 试验目的**：试验目的是方案的核心，明确试验要解决的问题，是方案存在的基础，必须包含。  
- **C. 数据存储规则**：数据管理虽需在方案中概述，但具体存储规则（如存储位置、备份方式）通常在数据管理计划（DMP）中详细说明，方案中仅需总体原则，非必须。  
- **D. 试验设计**：试验设计（如随机化、盲法类型）是指导试验实施的关键，明确试验如何进行，必须包含。  
- **E. 受试者年龄上限**：年龄属于入选标准的一部分，但部分试验可能无明确上限（如“年龄≥18岁”），因此年龄上限非必须，仅需明确年龄范围即可。  

综上，必须包含的内容为试验目的和试验设计。

【最终答案】：BD",客观题,BD
常规诊疗,"你是一个严格按照要求答题的医学考试考生。请你先展示出完整的思考过程，然后再输出最终答案。每道题目有至少两个选项（A、B）至多五个选项（A、B、C、D、E），题目为不定项选择题，请按照以下格式作答：

【思考过程】：...

【最终答案】：AB / BCE / CD / DE / E / ...（只输出选项的编号，不要写选项内容）

示例：
题目：医疗伦理中四大基本原则是？
A.尊重自主权
B.善意行为
C.无害原则
D.公正原则
E.以上都不是
【思考过程】：本题考查医学伦理的四大基本原则，包括尊重自主权、不伤害原则、行善原则、公正原则。

【最终答案】：ABCD

题目：以下哪一项不属于试验方案的必备内容？
A.研究背景资料
B.实验室安全指南
C.试验设计
D.实施步骤
E.预期商业利益分析
【思考过程】：",BE,Doubao-1.5-Thinking,"【思考过程】：试验方案是指导临床试验开展的核心文件，其内容需涵盖研究的科学性、伦理要求及实施细节。根据相关规范（如ICH-GCP、药物临床试验质量管理规范），试验方案的必备内容通常包括研究背景资料（说明立题依据）、试验设计（核心设计要素）、实施步骤（具体操作流程）等。  

- 选项A（研究背景资料）：属于必备内容，需说明研究的理论基础和立题依据。  
- 选项B（实验室安全指南）：实验室安全指南更多涉及具体操作中的安全规范，属于标准操作流程（SOP）或安全手册范畴，并非试验方案本身的必备内容。  
- 选项C（试验设计）：是方案的核心，包括研究类型、分组方法等，属于必备内容。  
- 选项D（实施步骤）：详细说明试验如何进行，是方案的关键部分，属于必备内容。  
- 选项E（预期商业利益分析）：试验方案关注科学和伦理，商业利益分析属于项目策划或商业计划范畴，与方案的科学性无关，明显不属于必备内容。  

综上，实验室安全指南（B）和预期商业利益分析（E）均不属于试验方案的必备内容，但题目要求选择“哪一项”，结合实际规范，预期商业利益分析（E）更不符合试验方案的核心要求。

【最终答案】：E",客观题,E
常规诊疗,"你是一个严格按照要求答题的医学考试考生。请你先展示出完整的思考过程，然后再输出最终答案。每道题目有至少两个选项（A、B）至多五个选项（A、B、C、D、E），题目为不定项选择题，请按照以下格式作答：

【思考过程】：...

【最终答案】：AB / BCE / CD / DE / E / ...（只输出选项的编号，不要写选项内容）

示例：
题目：医疗伦理中四大基本原则是？
A.尊重自主权
B.善意行为
C.无害原则
D.公正原则
E.以上都不是
【思考过程】：本题考查医学伦理的四大基本原则，包括尊重自主权、不伤害原则、行善原则、公正原则。

【最终答案】：ABCD

题目：以下哪些属于试验方案必须包含的内容？（多选）
A.基本信息
B.研究背景资料
C.试验目的
D.参与试验的医疗机构资质证明
E.试验设计的实施方式（方法、内容、步骤）
【思考过程】：",ABCE,Doubao-1.5-Thinking,"【思考过程】：试验方案是临床试验的核心文件，需详细描述试验的科学设计和实施流程。根据相关规范（如GCP），试验方案必须包含的内容通常包括：  
- **基本信息（A）**：如试验名称、申办者、研究者、伦理委员会等基础信息，是方案的必要组成部分。  
- **研究背景资料（B）**：需说明试验的医学背景、前期研究结果等，以支持试验的科学合理性。  
- **试验目的（C）**：明确试验要解决的问题或验证的假设，是方案的核心目标。  
- **试验设计的实施方式（E）**：包括方法、内容、步骤等，是试验具体操作的关键描述。  

而**参与试验的医疗机构资质证明（D）**属于机构或申办者需提供的支持性文件，并非试验方案本身必须包含的内容。  

【最终答案】：ABCE",客观题,ABCE
常规诊疗,"你是一个严格按照要求答题的医学考试考生。请你先展示出完整的思考过程，然后再输出最终答案。每道题目有至少两个选项（A、B）至多五个选项（A、B、C、D、E），题目为不定项选择题，请按照以下格式作答：

【思考过程】：...

【最终答案】：AB / BCE / CD / DE / E / ...（只输出选项的编号，不要写选项内容）

示例：
题目：医疗伦理中四大基本原则是？
A.尊重自主权
B.善意行为
C.无害原则
D.公正原则
E.以上都不是
【思考过程】：本题考查医学伦理的四大基本原则，包括尊重自主权、不伤害原则、行善原则、公正原则。

【最终答案】：ABCD

题目：以下哪个不属于试验方案通常包括的内容？
A.研究背景资料
B.试验目的
C.实施方式的具体步骤
D.数据分析方法
E.经费预算
【思考过程】：",DE,Doubao-1.5-Thinking,"【思考过程】：试验方案是指导研究实施的详细计划，通常包括研究背景资料（说明研究依据和意义）、试验目的（核心目标）、实施方式的具体步骤（操作流程）、数据分析方法（数据处理和分析方式）等内容。而经费预算主要涉及项目资金分配，属于项目申请或预算报告范畴，并非试验方案的标准内容。

【最终答案】：E",客观题,E
常规诊疗,"你是一个严格按照要求答题的医学考试考生。请你先展示出完整的思考过程，然后再输出最终答案。每道题目有至少两个选项（A、B）至多五个选项（A、B、C、D、E），题目为不定项选择题，请按照以下格式作答：

【思考过程】：...

【最终答案】：AB / BCE / CD / DE / E / ...（只输出选项的编号，不要写选项内容）

示例：
题目：医疗伦理中四大基本原则是？
A.尊重自主权
B.善意行为
C.无害原则
D.公正原则
E.以上都不是
【思考过程】：本题考查医学伦理的四大基本原则，包括尊重自主权、不伤害原则、行善原则、公正原则。

【最终答案】：ABCD

题目：以下哪些内容属于临床试验设计的必要要素？
A.明确受试者参与临床试验的动机分析
B.主要终点和次要终点的界定
C.盲底保存和揭盲的程序
D.数据统计模型的数学推导说明
E.随访安排和时间节点说明
【思考过程】：",BCE,Doubao-1.5-Thinking,"【思考过程】：临床试验设计的必要要素通常包括研究目的、观察指标（终点）、盲法实施（若采用）、随访计划等核心内容。分析各选项：  
- 选项A：受试者参与动机分析属于招募或依从性研究范畴，非设计必要要素。  
- 选项B：主要终点和次要终点是评价研究效果的核心指标，必须明确界定，属于必要要素。  
- 选项C：盲底保存和揭盲程序是盲法试验确保结果客观性的关键步骤，属于必要要素。  
- 选项D：数据统计模型需说明方法（如t检验），但数学推导非设计必要内容。  
- 选项E：随访安排和时间节点是确保数据完整性的重要环节，属于必要要素。  

【最终答案】：BCE",客观题,BCE
常规诊疗,"你是一个严格按照要求答题的医学考试考生。请你先展示出完整的思考过程，然后再输出最终答案。每道题目有至少两个选项（A、B）至多五个选项（A、B、C、D、E），题目为不定项选择题，请按照以下格式作答：

【思考过程】：...

【最终答案】：AB / BCE / CD / DE / E / ...（只输出选项的编号，不要写选项内容）

示例：
题目：医疗伦理中四大基本原则是？
A.尊重自主权
B.善意行为
C.无害原则
D.公正原则
E.以上都不是
【思考过程】：本题考查医学伦理的四大基本原则，包括尊重自主权、不伤害原则、行善原则、公正原则。

【最终答案】：ABCD

题目：以下哪项属于临床试验设计中必须包含的内容？
A.明确临床试验的主要终点和中期终点
B.盲底保存和揭盲的程序
C.甲类药品与乙类药品对照实验设计
D.试验用药品管理流程
E.试验数据作为源数据直接记录的具体要求
【思考过程】：",BDE,Doubao-1.5-Thinking,"【思考过程】：本题考查临床试验设计的必须包含内容，需结合《药物临床试验质量管理规范》（GCP）及相关指导原则分析各选项：

- **选项A**：主要终点是评价试验药物疗效的核心指标，必须明确；但中期终点（如中期分析的终点）仅在需要中期分析的试验中存在，并非所有试验的必须内容。因此“主要终点和中期终点”整体并非必须。  
- **选项B**：盲底保存和揭盲程序仅适用于盲法试验（如双盲试验），开放标签试验无需此程序，故非所有试验的必须内容。  
- **选项C**：甲类与乙类药品对照属于具体对照类型（可能涉及医保分类），临床试验对照设计可采用安慰剂、阳性药等多种类型，甲乙类对照非必须。  
- **选项D**：试验用药品的管理（接收、保存、分发、回收等）是GCP的明确要求，必须包含具体流程以确保药品质量和试验规范。  
- **选项E**：源数据需直接、及时、准确记录，是保证数据真实性和可追溯性的关键，GCP要求明确源数据记录的具体要求。  

综上，必须包含的内容为D和E。

【最终答案】：DE",客观题,DE
常规诊疗,"你是一个严格按照要求答题的医学考试考生。请你先展示出完整的思考过程，然后再输出最终答案。每道题目有至少两个选项（A、B）至多五个选项（A、B、C、D、E），题目为不定项选择题，请按照以下格式作答：

【思考过程】：...

【最终答案】：AB / BCE / CD / DE / E / ...（只输出选项的编号，不要写选项内容）

示例：
题目：医疗伦理中四大基本原则是？
A.尊重自主权
B.善意行为
C.无害原则
D.公正原则
E.以上都不是
【思考过程】：本题考查医学伦理的四大基本原则，包括尊重自主权、不伤害原则、行善原则、公正原则。

【最终答案】：ABCD

题目：以下哪项属于临床试验设计中必须包含的内容？
A.受试者的饮食习惯追踪计划
B.对照组选择理由及试验设计的描述
C.随访的具体安排及受试者参与时长
D.试验用药品的标签规范
E.研究团队的薪资结构说明
【思考过程】：",BCD,Doubao-1.5-Thinking,"【思考过程】：临床试验设计需遵循科学和伦理规范，必须包含关键内容。选项B（对照组选择理由及试验设计的描述）是核心，需明确对照类型及设计逻辑；选项C（随访的具体安排及受试者参与时长）直接关系数据收集和安全性，必须明确；选项D（试验用药品的标签规范）属于试验用药品管理的必要部分，需符合GCP要求。选项A（饮食习惯追踪）非所有试验必需，选项E（薪资结构）与试验设计无关。

【最终答案】：BCD",客观题,BCD
常规诊疗,"你是一个严格按照要求答题的医学考试考生。请你先展示出完整的思考过程，然后再输出最终答案。每道题目有至少两个选项（A、B）至多五个选项（A、B、C、D、E），题目为不定项选择题，请按照以下格式作答：

【思考过程】：...

【最终答案】：AB / BCE / CD / DE / E / ...（只输出选项的编号，不要写选项内容）

示例：
题目：医疗伦理中四大基本原则是？
A.尊重自主权
B.善意行为
C.无害原则
D.公正原则
E.以上都不是
【思考过程】：本题考查医学伦理的四大基本原则，包括尊重自主权、不伤害原则、行善原则、公正原则。

【最终答案】：ABCD

题目：以下哪项不属于临床试验设计中必须包含的要素？
A.减少偏倚的措施说明
B.试验用药品的剂量与给药方案
C.盲底保存程序
D.受试者随访安排
E.研究样本量的统计学估算依据
F.生物统计学分析计划
【思考过程】：",EF,Doubao-1.5-Thinking,"【思考过程】：临床试验设计的核心要素通常包括减少偏倚的措施（如随机化、盲法等，A属于）、明确的干预措施（如试验用药品的剂量与给药方案，B属于）、受试者随访安排（确保数据收集的完整性，D属于）、样本量的统计学估算依据（保证结果可靠性，E属于）、生物统计学分析计划（指导数据处理，F属于）。而盲底保存程序是针对盲法试验的特定要求（如双盲试验需保存盲底以维持盲态），若为开放试验则无需此程序，因此并非所有临床试验设计都必须包含（C不属于）。

【最终答案】：C",客观题,C
常规诊疗,"你是一个严格按照要求答题的医学考试考生。请你先展示出完整的思考过程，然后再输出最终答案。每道题目有至少两个选项（A、B）至多五个选项（A、B、C、D、E），题目为不定项选择题，请按照以下格式作答：

【思考过程】：...

【最终答案】：AB / BCE / CD / DE / E / ...（只输出选项的编号，不要写选项内容）

示例：
题目：医疗伦理中四大基本原则是？
A.尊重自主权
B.善意行为
C.无害原则
D.公正原则
E.以上都不是
【思考过程】：本题考查医学伦理的四大基本原则，包括尊重自主权、不伤害原则、行善原则、公正原则。

【最终答案】：ABCD

题目：以下哪些内容属于临床试验设计的核心要素？
A.明确主要终点与次要终点
B.安慰剂采购供应商的筛选流程
C.采用单盲需说明理由及控制偏倚措施
D.初步研究结果的统计学分析方法是否独立
E.试验药品标签颜色设计规范
F.受试者参与时长及暂停试验标准
【思考过程】：",ACF,Doubao-1.5-Thinking,"【思考过程】：临床试验设计的核心要素主要涉及研究目的、终点指标、偏倚控制、统计方法、试验周期及终止规则等关键内容。逐一分析选项：  
- **A（明确主要终点与次要终点）**：终点是评价干预效果的核心指标，主要终点为最关键指标，次要终点为辅助指标，属于设计核心要素。  
- **B（安慰剂采购供应商的筛选流程）**：属于试验执行中的后勤管理细节，非设计核心。  
- **C（采用单盲需说明理由及控制偏倚措施）**：盲法是控制偏倚的重要手段，设计时需明确盲法类型（如单盲）并说明理由及偏倚控制措施，属于核心要素。  
- **D（初步研究结果的统计学分析方法是否独立）**：统计学分析方法的独立性（如独立统计团队）关系结果可靠性，设计时需明确，属于核心要素。  
- **E（试验药品标签颜色设计规范）**：标签颜色属于盲法实施的操作细节（如保持外观一致），非设计核心要素。  
- **F（受试者参与时长及暂停试验标准）**：参与时长（试验周期）是设计的重要时间安排；暂停标准（如安全性或无效）需预先设定以保护受试者，均为核心要素。  

【最终答案】：ACDF",客观题,ACDF
常规诊疗,"你是一个严格按照要求答题的医学考试考生。请你先展示出完整的思考过程，然后再输出最终答案。每道题目有至少两个选项（A、B）至多五个选项（A、B、C、D、E），题目为不定项选择题，请按照以下格式作答：

【思考过程】：...

【最终答案】：AB / BCE / CD / DE / E / ...（只输出选项的编号，不要写选项内容）

示例：
题目：医疗伦理中四大基本原则是？
A.尊重自主权
B.善意行为
C.无害原则
D.公正原则
E.以上都不是
【思考过程】：本题考查医学伦理的四大基本原则，包括尊重自主权、不伤害原则、行善原则、公正原则。

【最终答案】：ABCD

题目：以下哪项不属于临床试验试验设计必须包含的要素？
A.研究对象的既往病史统计方法
B.研究设计的盲法和流程图展示
C.随机化降低偏倚的具体措施
D.试验用药品生产批号溯源流程
E.受试者随访时长与暂停试验标准
F.病例报告表的源数据录入规范
【思考过程】：",AD,Doubao-1.5-Thinking,"【思考过程】：临床试验设计的核心要素通常包括研究对象的选择标准、随机化方法（C）、盲法设计（B）、随访计划（E）、数据管理（如病例报告表的源数据录入规范F）、统计方法等。而试验用药品生产批号溯源流程（D）属于药品生产或质量控制的管理范畴，并非试验设计本身必须包含的要素。研究对象的既往病史统计方法（A）属于数据统计分析的一部分，可能在设计中需考虑，但题目问的是“不属于必须包含的要素”，D更符合。

【最终答案】：D",客观题,D
常规诊疗,"你是一个严格按照要求答题的医学考试考生。请你先展示出完整的思考过程，然后再输出最终答案。每道题目有至少两个选项（A、B）至多五个选项（A、B、C、D、E），题目为不定项选择题，请按照以下格式作答：

【思考过程】：...

【最终答案】：AB / BCE / CD / DE / E / ...（只输出选项的编号，不要写选项内容）

示例：
题目：医疗伦理中四大基本原则是？
A.尊重自主权
B.善意行为
C.无害原则
D.公正原则
E.以上都不是
【思考过程】：本题考查医学伦理的四大基本原则，包括尊重自主权、不伤害原则、行善原则、公正原则。

【最终答案】：ABCD

题目：以下哪项属于临床试验设计必须包含的内容？
A.明确主要终点和次要终点
B.收集受试者遗传信息
C.用文字描述控制偏倚措施
D.药物剂量及给药方案
E.试验数据的备份周期
【思考过程】：",AD,Doubao-1.5-Thinking,"【思考过程】：临床试验设计的核心内容需确保试验的科学性、可靠性和可操作性。分析各选项：  
- A. 明确主要终点和次要终点：终点是衡量试验效果的关键指标，是设计的核心内容，必须包含。  
- B. 收集受试者遗传信息：仅在特定遗传相关研究中需要，非所有临床试验必须。  
- C. 用文字描述控制偏倚措施：偏倚控制（如随机化、盲法）是保证结果可靠性的关键，需在设计中明确描述，属于必须内容。  
- D. 药物剂量及给药方案：干预措施的具体实施方式，是试验执行的基础，必须包含。  
- E. 试验数据的备份周期：属于数据管理细节，非设计必须的核心内容。  

【最终答案】：ACD",客观题,ACD
常规诊疗,"你是一个严格按照要求答题的医学考试考生。请你先展示出完整的思考过程，然后再输出最终答案。每道题目有至少两个选项（A、B）至多五个选项（A、B、C、D、E），题目为不定项选择题，请按照以下格式作答：

【思考过程】：...

【最终答案】：AB / BCE / CD / DE / E / ...（只输出选项的编号，不要写选项内容）

示例：
题目：医疗伦理中四大基本原则是？
A.尊重自主权
B.善意行为
C.无害原则
D.公正原则
E.以上都不是
【思考过程】：本题考查医学伦理的四大基本原则，包括尊重自主权、不伤害原则、行善原则、公正原则。

【最终答案】：ABCD

题目：以下哪些内容属于临床试验设计的核心要素？
A.受试者的日常饮食管理
B.临床试验的次要终点确定
C.实验数据的初步分析报告
D.源数据直接录入病例报告的标准
E.控制偏倚的盲法实施过程
【思考过程】：",BDE,Doubao-1.5-Thinking,"【思考过程】：临床试验设计的核心要素主要包括研究目的（主要终点和次要终点）、对照设计、盲法实施、数据管理标准等。选项B（次要终点确定）属于研究目的的一部分，是设计的核心；选项D（源数据直接录入标准）涉及数据管理的关键标准，确保数据质量，属于核心要素；选项E（盲法实施过程）是控制偏倚的重要设计方法，属于核心要素。选项A（日常饮食管理）属于试验执行中的具体操作，非设计核心；选项C（初步分析报告）属于试验后的数据分析阶段，非设计阶段核心。

【最终答案】：BDE",客观题,BDE
常规诊疗,"你是一个严格按照要求答题的医学考试考生。请你先展示出完整的思考过程，然后再输出最终答案。每道题目有至少两个选项（A、B）至多五个选项（A、B、C、D、E），题目为不定项选择题，请按照以下格式作答：

【思考过程】：...

【最终答案】：AB / BCE / CD / DE / E / ...（只输出选项的编号，不要写选项内容）

示例：
题目：医疗伦理中四大基本原则是？
A.尊重自主权
B.善意行为
C.无害原则
D.公正原则
E.以上都不是
【思考过程】：本题考查医学伦理的四大基本原则，包括尊重自主权、不伤害原则、行善原则、公正原则。

【最终答案】：ABCD

题目：以下哪些属于受试者选择与退出的相关内容？
A.入选标准
B.排除标准
C.退出临床试验的标准
D.退出后的经济补偿标准
E.受试者的随访计划
【思考过程】：",ABC,Doubao-1.5-Thinking,"【思考过程】：本题考查受试者选择与退出的相关内容。受试者选择的核心是确定哪些人符合参加试验的条件，包括入选标准（A）和排除标准（B）。退出的相关内容主要涉及受试者退出临床试验的条件或标准（C）。退出后的经济补偿标准（D）属于退出后的管理措施，并非选择或退出本身的标准；受试者的随访计划（E）属于试验实施阶段的跟踪观察，与选择或退出无关。因此，属于受试者选择与退出相关内容的是A、B、C。

【最终答案】：ABC",客观题,ABC
常规诊疗,"你是一个严格按照要求答题的医学考试考生。请你先展示出完整的思考过程，然后再输出最终答案。每道题目有至少两个选项（A、B）至多五个选项（A、B、C、D、E），题目为不定项选择题，请按照以下格式作答：

【思考过程】：...

【最终答案】：AB / BCE / CD / DE / E / ...（只输出选项的编号，不要写选项内容）

示例：
题目：医疗伦理中四大基本原则是？
A.尊重自主权
B.善意行为
C.无害原则
D.公正原则
E.以上都不是
【思考过程】：本题考查医学伦理的四大基本原则，包括尊重自主权、不伤害原则、行善原则、公正原则。

【最终答案】：ABCD

题目：在开展医疗器械临床评价时，以下哪种情形应当开展临床试验？
A.首次应用于人体的医疗器械需验证临床效果，B.现有同品种临床文献数据不足以确认产品安全有效，C.临床风险等级为低风险的常规诊疗器械，D.产品技术原理与已上市器械存在显著差异
【思考过程】：",B,Doubao-1.5-Thinking,"【思考过程】：根据医疗器械临床评价的相关规定，需要开展临床试验的情形通常包括：首次应用于人体（无现有数据支持）、现有同品种数据不足以确认安全有效（需补充验证）、技术原理与已上市器械存在显著差异（原有数据不适用）。选项A（首次应用于人体需验证效果）符合需临床试验的情形；选项B（现有数据不足）需通过试验确认；选项D（技术原理显著差异）因原有数据不适用需试验。而选项C（低风险常规器械）通常可通过同品种对比或文献数据评价，无需临床试验。

【最终答案】：ABD",客观题,ABD
常规诊疗,"你是一个严格按照要求答题的医学考试考生。请你先展示出完整的思考过程，然后再输出最终答案。每道题目有至少两个选项（A、B）至多五个选项（A、B、C、D、E），题目为不定项选择题，请按照以下格式作答：

【思考过程】：...

【最终答案】：AB / BCE / CD / DE / E / ...（只输出选项的编号，不要写选项内容）

示例：
题目：医疗伦理中四大基本原则是？
A.尊重自主权
B.善意行为
C.无害原则
D.公正原则
E.以上都不是
【思考过程】：本题考查医学伦理的四大基本原则，包括尊重自主权、不伤害原则、行善原则、公正原则。

【最终答案】：ABCD

题目：国务院药品监督管理部门审批对人体具有较高风险的第三类医疗器械临床试验申请时，应自受理之日起多少个工作日内作出决定？
A.30个工作日
B.45个工作日
C.60个工作日
D.75个工作日
E.90个工作日
【思考过程】：",C,Doubao-1.5-Thinking,"【思考过程】：根据《医疗器械注册与备案管理办法》规定，国务院药品监督管理部门审批对人体具有较高风险的第三类医疗器械临床试验申请时，应当自受理之日起60个工作日内作出决定。因此正确选项为60个工作日。

【最终答案】：C",客观题,C
常规诊疗,"你是一个严格按照要求答题的医学考试考生。请你先展示出完整的思考过程，然后再输出最终答案。每道题目有至少两个选项（A、B）至多五个选项（A、B、C、D、E），题目为不定项选择题，请按照以下格式作答：

【思考过程】：...

【最终答案】：AB / BCE / CD / DE / E / ...（只输出选项的编号，不要写选项内容）

示例：
题目：医疗伦理中四大基本原则是？
A.尊重自主权
B.善意行为
C.无害原则
D.公正原则
E.以上都不是
【思考过程】：本题考查医学伦理的四大基本原则，包括尊重自主权、不伤害原则、行善原则、公正原则。

【最终答案】：ABCD

题目：某医院开展新型血糖仪临床试验时，以下哪项行为违反了相关法规？
A.向所有成年受试者签署了书面知情同意书
B.向10岁受试者仅获取其父亲的口头同意
C.收取每位受试者50元耗材费
D.未在知情环节说明设备可能导致皮肤过敏的风险
【思考过程】：",BCD,Doubao-1.5-Thinking,"【思考过程】：本题需判断临床试验中违反法规的行为。  
- 选项A：成年受试者签署书面知情同意书符合《药物临床试验质量管理规范》（GCP）要求，不违规。  
- 选项B：10岁受试者为未成年人，需法定代理人（父亲）提供书面同意，仅口头同意违反法规。  
- 选项C：临床试验中与试验相关的费用（如耗材费）应由申办方承担，向受试者收取属于违规。  
- 选项D：知情同意需明确说明试验潜在风险（如皮肤过敏），未说明风险违反知情同意原则。  

【最终答案】：BCD",客观题,BCD
常规诊疗,"你是一个严格按照要求答题的医学考试考生。请你先展示出完整的思考过程，然后再输出最终答案。每道题目有至少两个选项（A、B）至多五个选项（A、B、C、D、E），题目为不定项选择题，请按照以下格式作答：

【思考过程】：...

【最终答案】：AB / BCE / CD / DE / E / ...（只输出选项的编号，不要写选项内容）

示例：
题目：医疗伦理中四大基本原则是？
A.尊重自主权
B.善意行为
C.无害原则
D.公正原则
E.以上都不是
【思考过程】：本题考查医学伦理的四大基本原则，包括尊重自主权、不伤害原则、行善原则、公正原则。

【最终答案】：ABCD

题目：根据我国相关法规，关于高风险植入性医疗器械的生产管理，以下说法错误的是？
A. 国务院药品监督管理部门负责制定高风险植入性医疗器械的具体目录
B. 符合条件的企业可申请委托生产该类器械，但需经过严格审核
C. 该条款明确禁止了此类器械的委托生产方式
D. 高风险植入性医疗器械目录的调整由国家市场监督管理总局负责
E. 某一省级医院自行研发的高风险植入器械可临时委托第三方生产应急
【思考过程】：",BDE,Doubao-1.5-Thinking,"【思考过程】：本题需判断关于高风险植入性医疗器械生产管理的错误说法，需结合《医疗器械监督管理条例》及相关法规分析：

- **选项A**：根据法规，高风险植入性医疗器械的具体目录由国务院药品监督管理部门（如国家药监局）制定，此说法正确。  
- **选项B**：对于高风险植入性医疗器械，法规规定“原则上不得委托生产；确需委托的，需符合条件并严格审核”，因此符合条件的企业可申请委托生产（需严格审核），此说法正确。  
- **选项C**：法规未“明确禁止”此类器械的委托生产，而是“原则上不得委托，符合条件可经审核”，因此“明确禁止”的说法错误。  
- **选项D**：高风险植入性医疗器械目录的制定和调整由国务院药品监督管理部门（国家药监局）负责，而非国家市场监督管理总局，此说法错误。  
- **选项E**：高风险植入性医疗器械生产需严格资质，医院自行研发后临时委托第三方生产应急不符合法规要求（需双方具备资质且经审核），此说法错误。  

【最终答案】：CDE",客观题,CDE
常规诊疗,"你是一个严格按照要求答题的医学考试考生。请你先展示出完整的思考过程，然后再输出最终答案。每道题目有至少两个选项（A、B）至多五个选项（A、B、C、D、E），题目为不定项选择题，请按照以下格式作答：

【思考过程】：...

【最终答案】：AB / BCE / CD / DE / E / ...（只输出选项的编号，不要写选项内容）

示例：
题目：医疗伦理中四大基本原则是？
A.尊重自主权
B.善意行为
C.无害原则
D.公正原则
E.以上都不是
【思考过程】：本题考查医学伦理的四大基本原则，包括尊重自主权、不伤害原则、行善原则、公正原则。

【最终答案】：ABCD

题目：关于一次性使用医疗器械的处理，以下哪种做法符合规定？
A.消毒后再次使用，并详细记录使用情况
B.使用后立即丢弃至普通垃圾桶
C.按医疗废物分类销毁，但未保存销毁记录
D.高温灭菌后重复使用，销毁时登记信息
E.交由专业机构处理并留存销毁证明
【思考过程】：",E,Doubao-1.5-Thinking,"【思考过程】：一次性使用医疗器械的处理需遵循医疗废物管理规定。根据相关法规，一次性医疗器械禁止重复使用（A、D错误）；使用后应按医疗废物分类处理，不可丢弃至普通垃圾桶（B错误）；医疗废物销毁需保存记录（C错误）；正确做法是交由具备资质的专业机构处理，并留存销毁证明（E正确）。

【最终答案】：E",客观题,E
常规诊疗,"你是一个严格按照要求答题的医学考试考生。请你先展示出完整的思考过程，然后再输出最终答案。每道题目有至少两个选项（A、B）至多五个选项（A、B、C、D、E），题目为不定项选择题，请按照以下格式作答：

【思考过程】：...

【最终答案】：AB / BCE / CD / DE / E / ...（只输出选项的编号，不要写选项内容）

示例：
题目：医疗伦理中四大基本原则是？
A.尊重自主权
B.善意行为
C.无害原则
D.公正原则
E.以上都不是
【思考过程】：本题考查医学伦理的四大基本原则，包括尊重自主权、不伤害原则、行善原则、公正原则。

【最终答案】：ABCD

题目：根据相关规定，医疗器械使用单位对使用期限长的大型医疗器械必须采取以下哪些措施？
A.逐台建立使用档案
B.记录维护和实际使用时间
C.保存记录至使用终止后3年
D.按批次合并建档
【思考过程】：",AB,Doubao-1.5-Thinking,"【思考过程】：根据《医疗器械使用质量监督管理办法》相关规定，医疗器械使用单位对使用期限长的大型医疗器械应当逐台建立使用档案（A正确，D错误），使用档案应当记录维护、保养、使用情况（含实际使用时间，B正确）；记录保存期限应当自使用终止之日起不少于5年（C选项“保存至使用终止后3年”不符合规定，错误）。

【最终答案】：AB",客观题,AB
常规诊疗,"你是一个严格按照要求答题的医学考试考生。请你先展示出完整的思考过程，然后再输出最终答案。每道题目有至少两个选项（A、B）至多五个选项（A、B、C、D、E），题目为不定项选择题，请按照以下格式作答：

【思考过程】：...

【最终答案】：AB / BCE / CD / DE / E / ...（只输出选项的编号，不要写选项内容）

示例：
题目：医疗伦理中四大基本原则是？
A.尊重自主权
B.善意行为
C.无害原则
D.公正原则
E.以上都不是
【思考过程】：本题考查医学伦理的四大基本原则，包括尊重自主权、不伤害原则、行善原则、公正原则。

【最终答案】：ABCD

题目：当发现医疗器械存在安全隐患时，以下哪些措施符合法规要求？
A.继续使用但密切监测风险
B.立即停止使用并通知相关机构检修
C.检修后仍未达标则重新评估使用范围
D.检修后仍未达标则彻底停用
E.未检修前仅在紧急情况下使用
【思考过程】：",BD,Doubao-1.5-Thinking,"【思考过程】：根据《医疗器械使用质量监督管理办法》等相关法规，当发现医疗器械存在安全隐患时，使用单位应立即停止使用（排除A、E），并通知生产企业或相关机构检修（B符合）；经检修后若仍未达到使用安全标准的，不得继续使用（D符合）。选项C中“重新评估使用范围”不符合法规要求，因未达标应直接停用而非调整使用范围。

【最终答案】：BD",客观题,BD
常规诊疗,"你是一个严格按照要求答题的医学考试考生。请你先展示出完整的思考过程，然后再输出最终答案。每道题目有至少两个选项（A、B）至多五个选项（A、B、C、D、E），题目为不定项选择题，请按照以下格式作答：

【思考过程】：...

【最终答案】：AB / BCE / CD / DE / E / ...（只输出选项的编号，不要写选项内容）

示例：
题目：医疗伦理中四大基本原则是？
A.尊重自主权
B.善意行为
C.无害原则
D.公正原则
E.以上都不是
【思考过程】：本题考查医学伦理的四大基本原则，包括尊重自主权、不伤害原则、行善原则、公正原则。

【最终答案】：ABCD

题目：以下哪一种情形属于医疗器械经营企业或使用单位被禁止的行为？
A.经营未获得国际认证的医疗器械
B.使用未依法备案的医疗器械
C.使用无合格证明文件的医疗器械
D.销售已正式公告淘汰的医疗器械型号
E.销售已注册但超出保修期的医疗器械
【思考过程】：",BCD,Doubao-1.5-Thinking,"【思考过程】：本题需依据《医疗器械监督管理条例》等法规判断哪些行为被禁止。  
- 选项A：我国对医疗器械的管理以国内注册或备案为依据，国际认证并非必须，未获国际认证不必然违法，故A不属禁止行为。  
- 选项B：使用未依法备案的医疗器械（如应备案的第一类器械未备案）违反法规要求，属禁止行为。  
- 选项C：医疗器械需有合格证明文件，使用无合格证明文件的器械直接违反规定，属禁止行为。  
- 选项D：已公告淘汰的医疗器械存在安全隐患，销售淘汰型号明确被禁止。  
- 选项E：保修期是企业服务承诺，超出保修期不影响产品合法性（如仍在有效期内且符合质量要求），销售不违法，故E不属禁止行为。  

【最终答案】：BCD",客观题,BCD
常规诊疗,"你是一个严格按照要求答题的医学考试考生。请你先展示出完整的思考过程，然后再输出最终答案。每道题目有至少两个选项（A、B）至多五个选项（A、B、C、D、E），题目为不定项选择题，请按照以下格式作答：

【思考过程】：...

【最终答案】：AB / BCE / CD / DE / E / ...（只输出选项的编号，不要写选项内容）

示例：
题目：医疗伦理中四大基本原则是？
A.尊重自主权
B.善意行为
C.无害原则
D.公正原则
E.以上都不是
【思考过程】：本题考查医学伦理的四大基本原则，包括尊重自主权、不伤害原则、行善原则、公正原则。

【最终答案】：ABCD

题目：根据相关法规，医疗器械注册人、备案人应履行以下哪些义务？
A.主动开展不良事件监测
B.向卫生行政部门直接报告产品风险
C.配备与其产品相适应的监测人员
D.向医疗器械不良事件监测技术机构报告评价情况
E.承诺产品治疗效果
【思考过程】：",ACD,Doubao-1.5-Thinking,"【思考过程】：根据《医疗器械监督管理条例》《医疗器械不良事件监测和再评价管理办法》等法规，医疗器械注册人、备案人需履行以下义务：  
- 选项A：法规明确要求注册人、备案人应主动开展不良事件监测，正确。  
- 选项B：不良事件报告通常通过医疗器械不良事件监测技术机构（如国家药品不良反应监测中心），而非直接向卫生行政部门报告，错误。  
- 选项C：需配备与产品相适应的专职或兼职监测人员，确保监测工作有效开展，正确。  
- 选项D：对产品进行风险评价后，需向监测技术机构报告评价情况，正确。  
- 选项E：医疗器械的效果需基于科学验证，注册人不得随意承诺治疗效果（可能涉及虚假宣传），错误。  

【最终答案】：ACD",客观题,ACD
常规诊疗,"你是一个严格按照要求答题的医学考试考生。请你先展示出完整的思考过程，然后再输出最终答案。每道题目有至少两个选项（A、B）至多五个选项（A、B、C、D、E），题目为不定项选择题，请按照以下格式作答：

【思考过程】：...

【最终答案】：AB / BCE / CD / DE / E / ...（只输出选项的编号，不要写选项内容）

示例：
题目：医疗伦理中四大基本原则是？
A.尊重自主权
B.善意行为
C.无害原则
D.公正原则
E.以上都不是
【思考过程】：本题考查医学伦理的四大基本原则，包括尊重自主权、不伤害原则、行善原则、公正原则。

【最终答案】：ABCD

题目：卫生主管部门发现某医院使用大型医用设备进行过度治疗时，正确的处理程序是以下哪项？
A.在30个工作日内制定整改方案，B.立即纠正并依法处理，C.仅通报批评医院负责人，D.要求医院自查后提交报告
【思考过程】：",B,Doubao-1.5-Thinking,"【思考过程】：根据相关医疗卫生管理法规，卫生主管部门在发现医疗机构存在违规行为（如使用大型医用设备进行过度治疗）时，应采取及时有效的处理措施。选项A（30个工作日制定整改方案）通常适用于需要一定时间制定计划的情况，但发现问题后不应拖延；选项C（仅通报批评负责人）处理力度过轻，不符合“依法处理”的要求；选项D（要求医院自查后提交报告）属于日常监管流程，而非发现问题后的立即处理措施。正确的处理应为“立即纠正并依法处理”（选项B），这符合法规中对违规行为需及时制止和处理的原则。

【最终答案】：B",客观题,B
常规诊疗,"你是一个严格按照要求答题的医学考试考生。请你先展示出完整的思考过程，然后再输出最终答案。每道题目有至少两个选项（A、B）至多五个选项（A、B、C、D、E），题目为不定项选择题，请按照以下格式作答：

【思考过程】：...

【最终答案】：AB / BCE / CD / DE / E / ...（只输出选项的编号，不要写选项内容）

示例：
题目：医疗伦理中四大基本原则是？
A.尊重自主权
B.善意行为
C.无害原则
D.公正原则
E.以上都不是
【思考过程】：本题考查医学伦理的四大基本原则，包括尊重自主权、不伤害原则、行善原则、公正原则。

【最终答案】：ABCD

题目：在进行医疗器械临床试验时，以下哪种情况符合相关伦理法规要求？
A.只需具备明确试验目的即可启动试验
B.当预期风险与获益持平时继续试验
C.获益显著超越风险成为试验前提
D.经伦理审核后忽略风险收益比强行推进
【思考过程】：",C,Doubao-1.5-Thinking,"【思考过程】：本题考查医疗器械临床试验的伦理要求。根据医学伦理和相关法规，临床试验需确保受试者权益，风险与获益需合理平衡。选项A错误，因启动试验不仅需明确目的，还需伦理审查、知情同意等；选项B错误，预期风险与获益持平时不符合“获益应大于风险”的伦理要求；选项C正确，获益显著超越风险是试验开展的前提；选项D错误，伦理审核后仍需重视风险收益比，不能强行推进。

【最终答案】：C",客观题,C
常规诊疗,"你是一个严格按照要求答题的医学考试考生。请你先展示出完整的思考过程，然后再输出最终答案。每道题目有至少两个选项（A、B）至多五个选项（A、B、C、D、E），题目为不定项选择题，请按照以下格式作答：

【思考过程】：...

【最终答案】：AB / BCE / CD / DE / E / ...（只输出选项的编号，不要写选项内容）

示例：
题目：医疗伦理中四大基本原则是？
A.尊重自主权
B.善意行为
C.无害原则
D.公正原则
E.以上都不是
【思考过程】：本题考查医学伦理的四大基本原则，包括尊重自主权、不伤害原则、行善原则、公正原则。

【最终答案】：ABCD

题目：在进行医疗器械临床试验时，以下哪些条件是必须满足的？
A.获得伦理委员会的同意
B.获得省级药品监督管理局的批准
C.在符合要求的三级乙等医疗机构实施试验
D.若属于需临床试验审批的第三类医疗器械目录需获国家药监局批准
E.试验必须在三级甲等医疗机构进行
【思考过程】：",ADE,Doubao-1.5-Thinking,"【思考过程】：本题考查医疗器械临床试验的必备条件。根据《医疗器械监督管理条例》及《医疗器械临床试验质量管理规范》：  
- 选项A：所有涉及人体的医疗器械临床试验必须经伦理委员会审查同意，这是基本伦理要求，因此A必须满足。  
- 选项B：省级药品监督管理局的批准并非普遍要求。第三类医疗器械中需临床试验审批的目录产品需国家药监局批准（对应选项D），而其他类别可能仅需备案或无需额外批准，故B不必然满足。  
- 选项C和E：临床试验机构需满足备案条件（如设备、人员等），但未强制要求必须为三级乙等或三级甲等医疗机构，因此C、E错误。  
- 选项D：需临床试验审批的第三类医疗器械目录产品，必须经国家药监局批准，符合法规要求，因此D必须满足。  

【最终答案】：AD",客观题,AD
常规诊疗,"你是一个严格按照要求答题的医学考试考生。请你先展示出完整的思考过程，然后再输出最终答案。每道题目有至少两个选项（A、B）至多五个选项（A、B、C、D、E），题目为不定项选择题，请按照以下格式作答：

【思考过程】：...

【最终答案】：AB / BCE / CD / DE / E / ...（只输出选项的编号，不要写选项内容）

示例：
题目：医疗伦理中四大基本原则是？
A.尊重自主权
B.善意行为
C.无害原则
D.公正原则
E.以上都不是
【思考过程】：本题考查医学伦理的四大基本原则，包括尊重自主权、不伤害原则、行善原则、公正原则。

【最终答案】：ABCD

题目：以下哪些属于伦理委员会的职责？
A.确保研究数据真实准确
B.监督医生执业资格
C.保护受试者合法权益和安全
D.维护受试者尊严
E.促进医学研究快速发展
【思考过程】：",CD,Doubao-1.5-Thinking,"【思考过程】：伦理委员会的主要职责是审查和监督涉及人类受试者的医学研究，确保研究符合伦理规范。选项A“确保研究数据真实准确”主要由研究人员和机构负责，非伦理委员会职责；选项B“监督医生执业资格”属于卫生行政部门或医疗机构管理范畴；选项C“保护受试者合法权益和安全”是伦理委员会的核心职责，审查时需评估风险与受益；选项D“维护受试者尊严”是伦理审查的重要内容（如知情同意过程需尊重自主）；选项E“促进医学研究快速发展”并非伦理委员会职责，其更注重伦理合规而非研究速度。因此，正确选项为C、D。

【最终答案】：CD",客观题,CD
常规诊疗,"你是一个严格按照要求答题的医学考试考生。请你先展示出完整的思考过程，然后再输出最终答案。每道题目有至少两个选项（A、B）至多五个选项（A、B、C、D、E），题目为不定项选择题，请按照以下格式作答：

【思考过程】：...

【最终答案】：AB / BCE / CD / DE / E / ...（只输出选项的编号，不要写选项内容）

示例：
题目：医疗伦理中四大基本原则是？
A.尊重自主权
B.善意行为
C.无害原则
D.公正原则
E.以上都不是
【思考过程】：本题考查医学伦理的四大基本原则，包括尊重自主权、不伤害原则、行善原则、公正原则。

【最终答案】：ABCD

题目：伦理委员会审查医疗器械临床试验时，必须重点关注以下哪些事项？
A.研究团队成员的职称评审情况  
B.主要研究者是否有相关学术论文发表  
C.受试者风险与试验预期受益的匹配度  
D.临床试验方案是否包含安慰剂对照组设计  
E.试验数据是否需要第三方统计学机构复核  
F.受试者入选标准是否具有科学性和公平性  
G.供应商提供的器械是否具有专利保护  
H.发生试验相关伤害时的保障措施是否充分
【思考过程】：",CFH,Doubao-1.5-Thinking,"【思考过程】：伦理委员会审查医疗器械临床试验的核心是保护受试者权益和安全，确保研究符合伦理原则。逐一分析选项：  
- A（研究团队职称评审）：职称评审与伦理无关，伦理关注研究者资质而非职称评审过程，排除。  
- B（主要研究者学术论文）：论文发表反映学术能力，但非伦理审查核心（核心是研究者是否具备开展试验的能力和资质），排除。  
- C（风险与受益匹配度）：必须关注，需确保受试者风险与预期受益合理，符合伦理要求。  
- D（安慰剂对照组设计）：对照组设计是研究方法问题，非伦理审查必须重点（伦理关注设计是否科学合理，而非是否包含安慰剂），排除。  
- E（第三方统计学复核）：数据复核属研究质量控制，非伦理审查核心（伦理关注数据收集的伦理合规性），排除。  
- F（入选标准科学性和公平性）：必须关注，若入选标准不科学或不公平，可能不当筛选受试者，损害权益。  
- G（器械专利保护）：专利属知识产权问题，与伦理无关，排除。  
- H（伤害保障措施）：必须关注，需确保受试者因试验受伤害时获得充分补偿和救治，直接关系权益保护。  

【最终答案】：CFH",客观题,CFH
常规诊疗,"你是一个严格按照要求答题的医学考试考生。请你先展示出完整的思考过程，然后再输出最终答案。每道题目有至少两个选项（A、B）至多五个选项（A、B、C、D、E），题目为不定项选择题，请按照以下格式作答：

【思考过程】：...

【最终答案】：AB / BCE / CD / DE / E / ...（只输出选项的编号，不要写选项内容）

示例：
题目：医疗伦理中四大基本原则是？
A.尊重自主权
B.善意行为
C.无害原则
D.公正原则
E.以上都不是
【思考过程】：本题考查医学伦理的四大基本原则，包括尊重自主权、不伤害原则、行善原则、公正原则。

【最终答案】：ABCD

题目：伦理委员会审查医疗器械临床试试验时，下列哪几项属于必须重点关注的审查内容？
A.试验分组是否采用双盲随机方法
B.受试者的入选和排除标准是否科学公平
C.对儿童、孕妇等特殊人群的保护措施是否充分
D.是否要求受试者支付合理补偿的费用
E.若发生试验相关的伤害是否有充分的诊治保障
【思考过程】：",BCE,Doubao-1.5-Thinking,"【思考过程】：伦理委员会审查医疗器械临床试验的核心是保护受试者权益与安全，确保试验的伦理合理性。分析各选项：  
- 选项A：双盲随机是试验设计方法之一，但并非所有试验都必须采用，伦理审查重点不局限于具体设计方法，故非必须。  
- 选项B：受试者入选和排除标准的科学性与公平性直接关系受试者安全和权益，需重点审查。  
- 选项C：儿童、孕妇等特殊人群属于脆弱群体，其保护措施是否充分是伦理审查的关键内容。  
- 选项D：伦理审查关注受试者是否因试验承担不合理费用或获得合理补偿，而非“要求受试者支付补偿费用”，表述不准确，非重点。  
- 选项E：试验相关伤害的诊治保障直接关系受试者权益，是伦理审查的必要内容。  

【最终答案】：BCE",客观题,BCE
常规诊疗,"你是一个严格按照要求答题的医学考试考生。请你先展示出完整的思考过程，然后再输出最终答案。每道题目有至少两个选项（A、B）至多五个选项（A、B、C、D、E），题目为不定项选择题，请按照以下格式作答：

【思考过程】：...

【最终答案】：AB / BCE / CD / DE / E / ...（只输出选项的编号，不要写选项内容）

示例：
题目：医疗伦理中四大基本原则是？
A.尊重自主权
B.善意行为
C.无害原则
D.公正原则
E.以上都不是
【思考过程】：本题考查医学伦理的四大基本原则，包括尊重自主权、不伤害原则、行善原则、公正原则。

【最终答案】：ABCD

题目：伦理委员会在审查医疗器械临床试验时应重点关注哪几项内容？
A.主要研究者是否获得充足的研究资金
B.临床试验方案是否符合伦理原则和科学性
C.向受试者提供的信息资料是否完整告知其权利
D.受试者是否因参加试验获得足额补偿
E.对精神障碍患者等特殊人群的保护措施是否充分
【思考过程】：",BCE,Doubao-1.5-Thinking,"【思考过程】：伦理委员会的核心职责是保护受试者的权益和安全，确保临床试验符合伦理原则。分析各选项：  
- 选项A：研究资金是否充足主要影响研究可行性，并非伦理审查的重点内容。  
- 选项B：临床试验方案的伦理合理性和科学性是伦理审查的核心，直接关系受试者安全与研究质量，需重点关注。  
- 选项C：受试者的知情同意是伦理审查的关键环节，需确保其权利被完整告知，属于重点内容。  
- 选项D：受试者补偿的“足额”并非伦理审查的核心，重点在于补偿是否合理、是否存在诱导或强迫，而非金额是否“足额”。  
- 选项E：特殊人群（如精神障碍患者）属于弱势群体，需审查其保护措施是否充分，以避免权益受损，属于重点内容。  

【最终答案】：BCE",客观题,BCE
常规诊疗,"你是一个严格按照要求答题的医学考试考生。请你先展示出完整的思考过程，然后再输出最终答案。每道题目有至少两个选项（A、B）至多五个选项（A、B、C、D、E），题目为不定项选择题，请按照以下格式作答：

【思考过程】：...

【最终答案】：AB / BCE / CD / DE / E / ...（只输出选项的编号，不要写选项内容）

示例：
题目：医疗伦理中四大基本原则是？
A.尊重自主权
B.善意行为
C.无害原则
D.公正原则
E.以上都不是
【思考过程】：本题考查医学伦理的四大基本原则，包括尊重自主权、不伤害原则、行善原则、公正原则。

【最终答案】：ABCD

题目：伦理委员会审查医疗器械临床试验时，以下哪些内容属于重点审查要求？
A.主要研究者的学历教育背景是否达到副高职称及以上
B.临床试验方案是否对其他人员可能遭受的风险进行了保护
C.受试者参与试验后所有风险是否已被完全消除
D.受试者的入选过程是否遵循科学和公平原则
E.老年受试者的隐私保护措施是否充分
【思考过程】：",BDE,Doubao-1.5-Thinking,"【思考过程】：伦理委员会审查医疗器械临床试验的重点在于保护受试者权益、安全和福祉，以及确保试验的科学性和伦理性。分析各选项：  
- 选项A：伦理审查关注研究者的资格和能力（如专业经验、培训等），而非单纯学历或职称要求，故不属于重点。  
- 选项B：伦理审查需评估试验对受试者及其他可能受影响人员（如家属、医护人员）的风险保护措施，属于重点。  
- 选项C：风险无法完全消除，伦理审查关注风险是否最小化及风险-受益比是否合理，而非“完全消除”，故错误。  
- 选项D：受试者入选的科学性和公平性（如避免歧视或不公正排除/纳入）是伦理审查的核心内容之一，属于重点。  
- 选项E：特殊人群（如老年人）的隐私保护是受试者权益的重要部分，需重点审查隐私保护措施是否充分，属于重点。  

【最终答案】：BDE",客观题,BDE
常规诊疗,"你是一个严格按照要求答题的医学考试考生。请你先展示出完整的思考过程，然后再输出最终答案。每道题目有至少两个选项（A、B）至多五个选项（A、B、C、D、E），题目为不定项选择题，请按照以下格式作答：

【思考过程】：...

【最终答案】：AB / BCE / CD / DE / E / ...（只输出选项的编号，不要写选项内容）

示例：
题目：医疗伦理中四大基本原则是？
A.尊重自主权
B.善意行为
C.无害原则
D.公正原则
E.以上都不是
【思考过程】：本题考查医学伦理的四大基本原则，包括尊重自主权、不伤害原则、行善原则、公正原则。

【最终答案】：ABCD

题目：伦理委员会对医疗器械临床试验的审查重点关注内容包括以下哪几项？
A.受试者的风险程度与预期受益是否相匹配
B.受试者入选标准是否科学和公平
C.受试者损伤是否获得合理补偿和救治
D.是否设立独立的数据安全监查委员会
E.是否向受试者提供最新治疗技术的替代方案
【思考过程】：",ABC,Doubao-1.5-Thinking,"【思考过程】：伦理委员会对医疗器械临床试验的审查重点围绕保护受试者权益、确保试验科学性和伦理性展开。  
- 选项A：评估受试者风险与预期受益的匹配性是伦理审查的核心，确保风险合理且受益大于风险，属于重点。  
- 选项B：受试者入选标准的科学性和公平性直接影响试验的科学性及受试者选择的公平性，需重点审查。  
- 选项C：受试者损伤的补偿和救治措施是保护受试者权益的关键内容，伦理委员会需审查其合理性。  
- 选项D：独立数据安全监查委员会（DSMB）的设立通常针对高风险或大型试验，并非所有试验的必审重点。  
- 选项E：向受试者提供“最新治疗技术的替代方案”并非伦理审查的强制要求，替代方案一般指现有标准治疗，而非未经验证的最新技术。  

【最终答案】：ABC",客观题,ABC
常规诊疗,"你是一个严格按照要求答题的医学考试考生。请你先展示出完整的思考过程，然后再输出最终答案。每道题目有至少两个选项（A、B）至多五个选项（A、B、C、D、E），题目为不定项选择题，请按照以下格式作答：

【思考过程】：...

【最终答案】：AB / BCE / CD / DE / E / ...（只输出选项的编号，不要写选项内容）

示例：
题目：医疗伦理中四大基本原则是？
A.尊重自主权
B.善意行为
C.无害原则
D.公正原则
E.以上都不是
【思考过程】：本题考查医学伦理的四大基本原则，包括尊重自主权、不伤害原则、行善原则、公正原则。

【最终答案】：ABCD

题目：伦理委员会的跟踪审查职责包括以下哪些内容？
A. 审核试验器械生产企业的资质证书  
B. 书面要求暂停存在风险的临床试验  
C. 审查研究者报告的严重不良事件  
D. 制定受试者知情同意书的语言模板  
E. 评估方案偏离对试验科学性的潜在影响
【思考过程】：",BCE,Doubao-1.5-Thinking,"伦理委员会的跟踪审查职责主要涉及临床试验进行中的监督，确保受试者安全和试验的科学性、伦理性。逐一分析选项：

- **选项A**：审核试验器械生产企业的资质证书属于临床试验启动前的初始审查内容，不属于跟踪审查阶段的职责。  
- **选项B**：当发现临床试验存在风险时，伦理委员会有权书面要求暂停试验以保护受试者，这是跟踪审查中对风险控制的重要职责。  
- **选项C**：严重不良事件（SAE）需及时向伦理委员会报告，伦理委员会审查SAE是评估受试者安全的关键环节，属于跟踪审查职责。  
- **选项D**：制定知情同意书语言模板通常由研究者或申办者负责，伦理委员会的职责是审查其内容的伦理性和完整性，而非直接制定模板。  
- **选项E**：方案偏离可能影响试验的科学性和受试者权益，伦理委员会在跟踪审查中需评估其潜在影响，属于跟踪审查职责。  

【思考过程】：伦理委员会的跟踪审查重点在试验进行中的监督，包括审查严重不良事件、评估方案偏离影响及必要时暂停试验等。选项B、C、E符合此范围，A属于初始审查，D非制定模板职责。

【最终答案】：BCE",客观题,BCE
常规诊疗,"你是一个严格按照要求答题的医学考试考生。请你先展示出完整的思考过程，然后再输出最终答案。每道题目有至少两个选项（A、B）至多五个选项（A、B、C、D、E），题目为不定项选择题，请按照以下格式作答：

【思考过程】：...

【最终答案】：AB / BCE / CD / DE / E / ...（只输出选项的编号，不要写选项内容）

示例：
题目：医疗伦理中四大基本原则是？
A.尊重自主权
B.善意行为
C.无害原则
D.公正原则
E.以上都不是
【思考过程】：本题考查医学伦理的四大基本原则，包括尊重自主权、不伤害原则、行善原则、公正原则。

【最终答案】：ABCD

题目：关于受试者知情同意的处理方式，下列哪一做法符合伦理要求？
A.16岁患者在无监护人参与的情况下自行签署知情同意书
B.文盲患者的知情同意过程由公正见证人全程见证并签字
C.限制民事行为能力患者在家属口头同意后由其本人签署同意书
D.未要求已签署旧版本同意书的受试者在更新后重新签署新版本
【思考过程】：",B,Doubao-1.5-Thinking,"【思考过程】：本题考查受试者知情同意的伦理要求。  
- 选项A：16岁患者属于限制民事行为能力人（一般18岁以下），其知情同意需监护人参与或同意，无监护人情况下自行签署不符合伦理要求。  
- 选项B：文盲患者因无法阅读，需通过公正见证人全程见证并签字确认其理解并自愿同意，符合伦理要求。  
- 选项C：限制民事行为能力患者的知情同意需监护人或法定代理人的书面同意，仅家属口头同意不满足要求。  
- 选项D：研究方案或知情同意书更新时，已签署旧版本的受试者需重新签署新版本以确保持续知情，未要求重新签署不符合伦理。  

【最终答案】：B",客观题,B
常规诊疗,"你是一个严格按照要求答题的医学考试考生。请你先展示出完整的思考过程，然后再输出最终答案。每道题目有至少两个选项（A、B）至多五个选项（A、B、C、D、E），题目为不定项选择题，请按照以下格式作答：

【思考过程】：...

【最终答案】：AB / BCE / CD / DE / E / ...（只输出选项的编号，不要写选项内容）

示例：
题目：医疗伦理中四大基本原则是？
A.尊重自主权
B.善意行为
C.无害原则
D.公正原则
E.以上都不是
【思考过程】：本题考查医学伦理的四大基本原则，包括尊重自主权、不伤害原则、行善原则、公正原则。

【最终答案】：ABCD

题目：以下哪些行为符合研究者应遵守的伦理要求？
A.强迫受试者在节假日签署同意书以加快试验进度
B.对无阅读能力的受试者，由研究者直接录制口头同意内容存档
C.更新知情同意书后仅要求新加入的受试者签署新版本
D.向成年无民事行为能力人的配偶解释风险并获取书面知情同意
E.让监护人与未成年受试者共同签署不同版本的知情同意书
【思考过程】：",D,Doubao-1.5-Thinking,"【思考过程】：本题需判断各选项是否符合研究者伦理要求，重点涉及知情同意的自愿性、完整性及特殊人群的处理：

- 选项A：强迫签署同意书违背知情同意的自愿原则，不符合伦理。  
- 选项B：无阅读能力的受试者需研究者充分解释内容，确保其理解后口头同意，通常需见证人在场记录，仅由研究者直接录制无法保证客观性，不符合伦理。  
- 选项C：更新知情同意书后，已入组的受试者也需重新签署新版本以确保知情，仅要求新受试者签署不符合伦理。  
- 选项D：成年无民事行为能力人需法定监护人同意，向其配偶（若为监护人）解释风险并获取书面同意，符合伦理。  
- 选项E：未成年受试者需监护人签署正式同意书，同时若其有能力理解，需签署适合年龄的简化版本（如“知情同意声明”），共同签署不同版本符合伦理。  

【最终答案】：DE",客观题,DE
常规诊疗,"你是一个严格按照要求答题的医学考试考生。请你先展示出完整的思考过程，然后再输出最终答案。每道题目有至少两个选项（A、B）至多五个选项（A、B、C、D、E），题目为不定项选择题，请按照以下格式作答：

【思考过程】：...

【最终答案】：AB / BCE / CD / DE / E / ...（只输出选项的编号，不要写选项内容）

示例：
题目：医疗伦理中四大基本原则是？
A.尊重自主权
B.善意行为
C.无害原则
D.公正原则
E.以上都不是
【思考过程】：本题考查医学伦理的四大基本原则，包括尊重自主权、不伤害原则、行善原则、公正原则。

【最终答案】：ABCD

题目：在医疗器械临床试验中，研究者在处理不良事件时，需承担以下哪些责任？
A.立即停止试验并通知监管机构
B.为受试者提供足够和及时的治疗
C.发现器械缺陷后48小时内记录
D.当出现并发疾病时仅告知家属
E.同步记录不良事件和器械缺陷
【思考过程】：",BE,Doubao-1.5-Thinking,"【思考过程】：本题考查医疗器械临床试验中研究者处理不良事件的责任。需结合《医疗器械临床试验质量管理规范》等法规分析各选项：  
- 选项A：研究者在处理不良事件时，并非所有情况都需“立即停止试验”，仅当出现严重或需暂停试验的情形时才可能停止，因此A错误。  
- 选项B：研究者对受试者安全负有首要责任，发生不良事件时必须提供及时、足够的治疗，B正确。  
- 选项C：器械缺陷的记录时间无明确“48小时”要求（严重不良事件通常要求24小时内报告），C错误。  
- 选项D：并发疾病属于受试者健康问题，研究者应告知受试者本人而非“仅告知家属”，D错误。  
- 选项E：不良事件与器械缺陷可能存在关联，需同步记录以便分析，E正确。  

【最终答案】：BE",客观题,BE
常规诊疗,"你是一个严格按照要求答题的医学考试考生。请你先展示出完整的思考过程，然后再输出最终答案。每道题目有至少两个选项（A、B）至多五个选项（A、B、C、D、E），题目为不定项选择题，请按照以下格式作答：

【思考过程】：...

【最终答案】：AB / BCE / CD / DE / E / ...（只输出选项的编号，不要写选项内容）

示例：
题目：医疗伦理中四大基本原则是？
A.尊重自主权
B.善意行为
C.无害原则
D.公正原则
E.以上都不是
【思考过程】：本题考查医学伦理的四大基本原则，包括尊重自主权、不伤害原则、行善原则、公正原则。

【最终答案】：ABCD

题目：在医疗器械临床试验中，研究者发现严重不良事件后应在多少小时内向相关方报告？
A.6小时
B.12小时
C.24小时
D.48小时
E.72小时
【思考过程】：",C,Doubao-1.5-Thinking,"【思考过程】：根据《医疗器械临床试验质量管理规范》规定，研究者在发现严重不良事件（SAE）后，应在24小时内向申办者报告，同时及时向伦理委员会和相关监管部门报告。因此正确的时间要求是24小时。

【最终答案】：C",客观题,C
常规诊疗,"你是一个严格按照要求答题的医学考试考生。请你先展示出完整的思考过程，然后再输出最终答案。每道题目有至少两个选项（A、B）至多五个选项（A、B、C、D、E），题目为不定项选择题，请按照以下格式作答：

【思考过程】：...

【最终答案】：AB / BCE / CD / DE / E / ...（只输出选项的编号，不要写选项内容）

示例：
题目：医疗伦理中四大基本原则是？
A.尊重自主权
B.善意行为
C.无害原则
D.公正原则
E.以上都不是
【思考过程】：本题考查医学伦理的四大基本原则，包括尊重自主权、不伤害原则、行善原则、公正原则。

【最终答案】：ABCD

题目：在一项医疗器械临床试验中，以下哪些情况申办者无需承担损害赔偿责任？
A.研究者因手部受伤导致手术器械操作失误
B.受试者自身肝硬化发展为肝衰竭
C.临床试验机构未校准体温计导致用药剂量错误
D.申办方未告知器械潜在辐射风险
E.受试者急性阑尾炎突发需紧急手术
【思考过程】：",BCE,Doubao-1.5-Thinking,"【思考过程】：本题需判断医疗器械临床试验中申办者无需承担损害赔偿责任的情况。根据相关法规，申办者的责任主要与试验设计、风险告知、监督等自身过错相关，而非他人或受试者自身原因导致的损害。

- **选项A**：研究者因手部受伤导致操作失误，属于研究者自身健康问题引发的操作过失，非申办方过错，申办方无需担责。  
- **选项B**：受试者自身肝硬化发展为肝衰竭，是疾病自然进展，与试验无关，申办方无责任。  
- **选项C**：临床试验机构未校准体温计导致用药剂量错误，属于机构操作过失，申办方需对试验质量负责（包括监督机构），因此需承担责任。  
- **选项D**：申办方未告知器械潜在辐射风险，属于未履行告知义务的过错，需承担赔偿责任。  
- **选项E**：受试者突发急性阑尾炎需紧急手术，是自身突发无关疾病，与试验无关，申办方无需担责。  

【最终答案】：ABE",客观题,ABE
常规诊疗,"你是一个严格按照要求答题的医学考试考生。请你先展示出完整的思考过程，然后再输出最终答案。每道题目有至少两个选项（A、B）至多五个选项（A、B、C、D、E），题目为不定项选择题，请按照以下格式作答：

【思考过程】：...

【最终答案】：AB / BCE / CD / DE / E / ...（只输出选项的编号，不要写选项内容）

示例：
题目：医疗伦理中四大基本原则是？
A.尊重自主权
B.善意行为
C.无害原则
D.公正原则
E.以上都不是
【思考过程】：本题考查医学伦理的四大基本原则，包括尊重自主权、不伤害原则、行善原则、公正原则。

【最终答案】：ABCD

题目：根据医疗器械临床试验数据管理规定，当确需更改源数据时，必须完成以下哪些必要操作？
A.说明修改理由并在记录中清晰标注
B.由主要研究者签名确认
C.在修改处注明具体日期
D.删除原始数据并重新誊写
E.提交伦理委员会特别备案
【思考过程】：",ABC,Doubao-1.5-Thinking,"根据《医疗器械临床试验数据管理规定》及相关法规要求，源数据的修改需确保原始记录可追溯，具体操作规范如下：  
- **选项A**：修改时必须说明理由并清晰标注，以保证修改痕迹可追溯，符合规定要求。  
- **选项B**：规定要求修改由“修改人签名”，而非必须由“主要研究者签名确认”，因此B不满足必要操作。  
- **选项C**：修改处需注明具体日期，以明确时间节点，符合“注明修改日期”的规定。  
- **选项D**：删除原始数据会破坏记录的可追溯性，规定要求保留原始记录，故D错误。  
- **选项E**：源数据修改通常无需提交伦理委员会特别备案（除非涉及方案重大调整等特殊情况），因此E非必要操作。  

【思考过程】：源数据修改需保留原始记录，说明理由并标注（A正确），注明日期（C正确）；无需主要研究者签名（B错误），不可删除原始数据（D错误），无需伦理特别备案（E错误）。  

【最终答案】：AC",客观题,AC
常规诊疗,"你是一个严格按照要求答题的医学考试考生。请你先展示出完整的思考过程，然后再输出最终答案。每道题目有至少两个选项（A、B）至多五个选项（A、B、C、D、E），题目为不定项选择题，请按照以下格式作答：

【思考过程】：...

【最终答案】：AB / BCE / CD / DE / E / ...（只输出选项的编号，不要写选项内容）

示例：
题目：医疗伦理中四大基本原则是？
A.尊重自主权
B.善意行为
C.无害原则
D.公正原则
E.以上都不是
【思考过程】：本题考查医学伦理的四大基本原则，包括尊重自主权、不伤害原则、行善原则、公正原则。

【最终答案】：ABCD

题目：以下哪项措施是对哺乳期或怀孕妇女施用诊断性放射性药物时必须采取的？
A.对哺乳期妇女进行施用前的正当性判断
B.对孕妇进行影像检查时评估孕妇自身接受的辐射剂量
C.特别需要对怀孕妇女影像检查时评估胎儿吸收剂量
D.对怀孕妇女的常规超声波检查前评估胎儿吸收剂量
【思考过程】：",AC,Doubao-1.5-Thinking,"【思考过程】：本题考查哺乳期或怀孕妇女施用诊断性放射性药物时的必要措施。需逐一分析选项：

- **选项A**：哺乳期妇女使用放射性药物时，药物可能通过乳汁分泌影响婴儿，因此施用前必须进行正当性判断（收益是否大于风险），符合辐射防护原则，正确。  
- **选项B**：孕妇进行影像检查（尤其是放射性检查）时，需评估孕妇自身接受的辐射剂量，以确保其辐射暴露控制在合理最低水平（ALARA原则），属于必须措施，正确。  
- **选项C**：胎儿对辐射高度敏感（易导致发育异常或致癌风险），因此对怀孕妇女进行影像检查时，必须特别评估胎儿吸收剂量，正确。  
- **选项D**：超声波检查使用声波而非电离辐射，不存在辐射剂量问题，无需评估胎儿吸收剂量，错误。  

综上，正确选项为A、B、C。

【最终答案】：ABC",客观题,ABC
常规诊疗,"你是一个严格按照要求答题的医学考试考生。请你先展示出完整的思考过程，然后再输出最终答案。每道题目有至少两个选项（A、B）至多五个选项（A、B、C、D、E），题目为不定项选择题，请按照以下格式作答：

【思考过程】：...

【最终答案】：AB / BCE / CD / DE / E / ...（只输出选项的编号，不要写选项内容）

示例：
题目：医疗伦理中四大基本原则是？
A.尊重自主权
B.善意行为
C.无害原则
D.公正原则
E.以上都不是
【思考过程】：本题考查医学伦理的四大基本原则，包括尊重自主权、不伤害原则、行善原则、公正原则。

【最终答案】：ABCD

题目：在必须进行放射性药物治疗以挽救孕妇生命的情况下，若胎儿接受的剂量不超过多少可以不终止怀孕？
A.50 mGy
B.80 mGy
C.100 mGy
D.150 mGy
E.200 mGy
【思考过程】：",C,Doubao-1.5-Thinking,"【思考过程】：在孕妇必须接受放射性药物治疗以挽救生命的情况下，需评估胎儿的辐射暴露剂量。根据相关放射防护指南（如国际放射防护委员会ICRP建议），当胎儿接受的剂量不超过100 mGy时，通常认为可以不终止怀孕，以平衡母亲生命救治与胎儿安全。

【最终答案】：C",客观题,C
常规诊疗,"你是一个严格按照要求答题的医学考试考生。请你先展示出完整的思考过程，然后再输出最终答案。每道题目有至少两个选项（A、B）至多五个选项（A、B、C、D、E），题目为不定项选择题，请按照以下格式作答：

【思考过程】：...

【最终答案】：AB / BCE / CD / DE / E / ...（只输出选项的编号，不要写选项内容）

示例：
题目：医疗伦理中四大基本原则是？
A.尊重自主权
B.善意行为
C.无害原则
D.公正原则
E.以上都不是
【思考过程】：本题考查医学伦理的四大基本原则，包括尊重自主权、不伤害原则、行善原则、公正原则。

【最终答案】：ABCD

题目：以下哪项符合执业医师开具放射性药物处方的要求？
A.为确保诊断质量使用较高放射性剂量
B.应用已有信息避免重复照射
C.医疗照射验证程序独立于处方
D.核医学检查参考医生个人经验
E.依患者要求重复无指征检查
【思考过程】：",B,Doubao-1.5-Thinking,"【思考过程】：本题考查执业医师开具放射性药物处方的要求。根据辐射防护的基本原则（如ALARA原则）和医疗照射规范：  
- 选项A：使用较高放射性剂量不符合“合理最低剂量”原则，错误。  
- 选项B：应用已有信息避免重复照射可减少不必要辐射，符合要求，正确。  
- 选项C：医疗照射验证程序需与处方关联以确保合理性，“独立于处方”错误。  
- 选项D：核医学检查应基于临床指南而非单纯个人经验，错误。  
- 选项E：无指征重复检查会增加辐射风险，不符合规范，错误。  

【最终答案】：B",客观题,B
常规诊疗,"你是一个严格按照要求答题的医学考试考生。请你先展示出完整的思考过程，然后再输出最终答案。每道题目有至少两个选项（A、B）至多五个选项（A、B、C、D、E），题目为不定项选择题，请按照以下格式作答：

【思考过程】：...

【最终答案】：AB / BCE / CD / DE / E / ...（只输出选项的编号，不要写选项内容）

示例：
题目：医疗伦理中四大基本原则是？
A.尊重自主权
B.善意行为
C.无害原则
D.公正原则
E.以上都不是
【思考过程】：本题考查医学伦理的四大基本原则，包括尊重自主权、不伤害原则、行善原则、公正原则。

【最终答案】：ABCD

题目：核医学工作人员向接受放射性药物治疗的患者提供的出院指导必须包含以下哪些内容？
A.书面指导放射性药物注意事项
B.口头指导禁止接触护理人员的时限
C.需减少接触的家庭成员应包含未成年人、孕妇及配偶
D.需减少接触的家庭成员包含孕妇但不包括配偶
E.建议告知成年子女避免日常接触
【思考过程】：",AC,Doubao-1.5-Thinking,"【思考过程】：本题考查核医学患者出院指导的必须内容。根据放射性药物治疗的辐射防护规范：  
- 选项A：书面指导是必要的，因需明确且可留存，避免口头遗忘，故A正确。  
- 选项B：患者出院后主要接触家庭成员，“禁止接触护理人员”非核心内容，且未明确“口头指导时限”是否为必须，故B错误。  
- 选项C：未成年人、孕妇对辐射敏感，配偶因近距离接触（如同居）也需减少接触，故C正确。  
- 选项D：配偶因密切接触需减少接触，D错误。  
- 选项E：成年子女属正常成年人，非高敏感人群，“建议避免日常接触”非必须内容，故E错误。  

【最终答案】：AC",客观题,AC
常规诊疗,"你是一个严格按照要求答题的医学考试考生。请你先展示出完整的思考过程，然后再输出最终答案。每道题目有至少两个选项（A、B）至多五个选项（A、B、C、D、E），题目为不定项选择题，请按照以下格式作答：

【思考过程】：...

【最终答案】：AB / BCE / CD / DE / E / ...（只输出选项的编号，不要写选项内容）

示例：
题目：医疗伦理中四大基本原则是？
A.尊重自主权
B.善意行为
C.无害原则
D.公正原则
E.以上都不是
【思考过程】：本题考查医学伦理的四大基本原则，包括尊重自主权、不伤害原则、行善原则、公正原则。

【最终答案】：ABCD

题目：以下哪种情况属于异常医疗照射？
A.放射性核素治疗时将药物误用于非靶组织， B.诊断检查中连续5次重复实施CT扫描， C.设备参数偏差导致照射剂量比计划减少10%， D.MRI检查前未告知患者金属禁忌但未造成实际照射， E.化疗药物的辅助用药量轻微超过说明书推荐值
【思考过程】：",ABC,Doubao-1.5-Thinking,"【思考过程】：异常医疗照射指医疗过程中因意外、失误等导致超出预期的不必要辐射照射。分析各选项：  
- 选项A：放射性核素治疗时药物误用于非靶组织，导致非靶组织意外受辐射，属于异常。  
- 选项B：连续5次重复CT扫描可能因操作失误或不必要重复，使患者接受远超正常的辐射剂量，属于异常。  
- 选项C：剂量减少10%未造成额外危害，通常不视为异常照射。  
- 选项D：MRI无电离辐射，未造成实际照射，不涉及辐射异常。  
- 选项E：化疗药物过量属药物问题，非放射性照射，不属异常医疗照射。  

【最终答案】：AB",客观题,AB
常规诊疗,"你是一个严格按照要求答题的医学考试考生。请你先展示出完整的思考过程，然后再输出最终答案。每道题目有至少两个选项（A、B）至多五个选项（A、B、C、D、E），题目为不定项选择题，请按照以下格式作答：

【思考过程】：...

【最终答案】：AB / BCE / CD / DE / E / ...（只输出选项的编号，不要写选项内容）

示例：
题目：医疗伦理中四大基本原则是？
A.尊重自主权
B.善意行为
C.无害原则
D.公正原则
E.以上都不是
【思考过程】：本题考查医学伦理的四大基本原则，包括尊重自主权、不伤害原则、行善原则、公正原则。

【最终答案】：ABCD

题目：以下哪几项是放射性药物必须控制的项目？
A.核素纯度
B.化学毒性杂质
C.放射化学纯度
D.放射性活度
E.颗粒药物粒径（如MAA需70%在10-90μm）
【思考过程】：",ABC,Doubao-1.5-Thinking,"放射性药物的质量控制需涵盖多个关键项目以确保安全和疗效。核素纯度（A）指特定放射性核素占总放射性的比例，避免其他核素的辐射干扰；放射化学纯度（C）确保放射性核素以正确化学形式存在，影响体内分布；放射性活度（D）需准确控制，保证诊断或治疗剂量；化学毒性杂质（B）可能引发毒性反应，必须限制；颗粒药物（如MAA）的粒径（E）直接影响其在体内的分布（如肺灌注显像中需70%在10-90μm以避免栓塞），因此也需控制。

【思考过程】：放射性药物的质量控制项目包括核素纯度（避免其他放射性核素污染）、放射化学纯度（确保标记物化学形式正确）、放射性活度（准确剂量）、化学毒性杂质（防止毒性反应）及颗粒药物粒径（如MAA需控制粒径以保证分布）。因此所有选项均为必须控制的项目。

【最终答案】：ABCDE",客观题,ABCDE
常规诊疗,"你是一个严格按照要求答题的医学考试考生。请你先展示出完整的思考过程，然后再输出最终答案。每道题目有至少两个选项（A、B）至多五个选项（A、B、C、D、E），题目为不定项选择题，请按照以下格式作答：

【思考过程】：...

【最终答案】：AB / BCE / CD / DE / E / ...（只输出选项的编号，不要写选项内容）

示例：
题目：医疗伦理中四大基本原则是？
A.尊重自主权
B.善意行为
C.无害原则
D.公正原则
E.以上都不是
【思考过程】：本题考查医学伦理的四大基本原则，包括尊重自主权、不伤害原则、行善原则、公正原则。

【最终答案】：ABCD

题目：根据医学伦理要求，以下哪些属于医生的职责？
A.将治疗患者的疾病作为首要职责
B.为服务人群和社会的健康福祉做出贡献（包含后代）
C.优先确保当前社会群体的医疗卫生需求
D.提供医疗时最大限度尊重人的生命尊严
E.尊重患者的自主权和医疗选择权
【思考过程】：",BDE,Doubao-1.5-Thinking,"【思考过程】：本题考查医学伦理中医生的职责。根据医学伦理要求，医生的职责包括：  
- 选项A：治疗患者疾病是医生的首要职责，符合基本职业要求。  
- 选项B：医生不仅需关注个体，还需为社会健康福祉（包括后代）贡献，如公共卫生、遗传病预防等，符合伦理延伸责任。  
- 选项C：“优先确保当前社会群体”可能忽视长期或后代健康（如环境健康对后代的影响），不符合全面职责要求。  
- 选项D：尊重生命尊严是医学伦理的核心原则，医生在医疗中需最大限度维护患者尊严。  
- 选项E：尊重患者自主权和选择权是医学伦理“尊重原则”的具体体现，医生需保障患者知情同意等权利。  

因此，正确选项为A、B、D、E。

【最终答案】：ABDE",客观题,ABDE
常规诊疗,"你是一个严格按照要求答题的医学考试考生。请你先展示出完整的思考过程，然后再输出最终答案。每道题目有至少两个选项（A、B）至多五个选项（A、B、C、D、E），题目为不定项选择题，请按照以下格式作答：

【思考过程】：...

【最终答案】：AB / BCE / CD / DE / E / ...（只输出选项的编号，不要写选项内容）

示例：
题目：医疗伦理中四大基本原则是？
A.尊重自主权
B.善意行为
C.无害原则
D.公正原则
E.以上都不是
【思考过程】：本题考查医学伦理的四大基本原则，包括尊重自主权、不伤害原则、行善原则、公正原则。

【最终答案】：ABCD

题目：医生在行医过程中不得因以下哪些因素对患者产生歧视或偏见？
A.性别
B.民族血统
C.性取向
D.疾病种类
E.经济能力
F.婚姻状况
G.职业类型
【思考过程】：",ABCD,Doubao-1.5-Thinking,"【思考过程】：根据医学伦理原则及相关法律法规（如《中华人民共和国基本医疗卫生与健康促进法》），医生在行医过程中应平等对待患者，禁止因任何可能导致偏见的因素歧视患者。具体分析各选项：  
- 性别（A）：法律明确禁止基于性别的歧视；  
- 民族血统（B）：对应法律中“民族、种族”的禁止性规定；  
- 性取向（C）：医学伦理强调平等，性取向不应成为歧视理由；  
- 疾病种类（D）：无论患者患何种疾病（如传染病、精神疾病等），医生均应一视同仁；  
- 经济能力（E）：法律禁止基于财产状况的歧视；  
- 婚姻状况（F）：属于“家庭出身”等相关因素的延伸；  
- 职业类型（G）：法律明确禁止基于职业的歧视。  

因此，所有选项均属于医生不得歧视患者的因素。

【最终答案】：ABCDEFG",客观题,ABCDEFG
常规诊疗,"你是一个严格按照要求答题的医学考试考生。请你先展示出完整的思考过程，然后再输出最终答案。每道题目有至少两个选项（A、B）至多五个选项（A、B、C、D、E），题目为不定项选择题，请按照以下格式作答：

【思考过程】：...

【最终答案】：AB / BCE / CD / DE / E / ...（只输出选项的编号，不要写选项内容）

示例：
题目：医疗伦理中四大基本原则是？
A.尊重自主权
B.善意行为
C.无害原则
D.公正原则
E.以上都不是
【思考过程】：本题考查医学伦理的四大基本原则，包括尊重自主权、不伤害原则、行善原则、公正原则。

【最终答案】：ABCD

题目：当医生发现某项治疗方案的选择可能受到所在机构合作药企的利益影响时，以下哪种做法符合伦理要求？
A.优先选用合作药企的高价新药以提升科室效益
B.隐瞒合作关系但严格遵循诊疗规范开展治疗
C.使用替代方案并在医疗文书中注明变更原因
D.治疗前告知患者潜在利益冲突并经患者签署知情同意书
【思考过程】：",CD,Doubao-1.5-Thinking,"【思考过程】：本题考查医学伦理中利益冲突的处理原则。医学伦理要求医生以患者利益为首要，避免或透明化潜在利益冲突。  
- 选项A：优先选用合作药企的高价新药以提升科室效益，将机构/科室利益置于患者利益之上，违背行善原则和不伤害原则，不符合伦理。  
- 选项B：隐瞒合作关系即使遵循规范，仍侵犯患者知情权（患者有权知晓可能影响治疗决策的利益关联），不符合伦理。  
- 选项C：使用替代方案并注明变更原因，主动规避利益冲突对治疗的潜在影响，并通过记录确保决策透明，符合患者利益优先原则。  
- 选项D：告知患者潜在利益冲突并签署知情同意书，尊重患者自主权（患者有权在知情后参与决策），符合伦理要求。  

【最终答案】：CD",客观题,CD
常规诊疗,"你是一个严格按照要求答题的医学考试考生。请你先展示出完整的思考过程，然后再输出最终答案。每道题目有至少两个选项（A、B）至多五个选项（A、B、C、D、E），题目为不定项选择题，请按照以下格式作答：

【思考过程】：...

【最终答案】：AB / BCE / CD / DE / E / ...（只输出选项的编号，不要写选项内容）

示例：
题目：医疗伦理中四大基本原则是？
A.尊重自主权
B.善意行为
C.无害原则
D.公正原则
E.以上都不是
【思考过程】：本题考查医学伦理的四大基本原则，包括尊重自主权、不伤害原则、行善原则、公正原则。

【最终答案】：ABCD

题目：以下哪些行为违反了“严禁参与或协助施行酷刑”的医学伦理原则？
A.在审讯现场提供医疗支持以确保受刑者生命体征平稳
B.应执法人员要求调整药物剂量以延长受刑者意识清醒时间
C.拒绝为涉及酷刑的审讯活动提供任何医学建议
D.为受刑者进行创伤后心理康复治疗
【思考过程】：",AB,Doubao-1.5-Thinking,"【思考过程】：题目要求判断哪些行为违反“严禁参与或协助施行酷刑”的医学伦理原则。核心在于是否直接或间接协助了酷刑的实施。  
- 选项A：在审讯现场提供医疗支持以确保受刑者生命体征平稳。若此行为的目的是维持受刑者生命以继续承受酷刑，则属于协助酷刑，违反原则。  
- 选项B：应执法人员要求调整药物剂量以延长受刑者意识清醒时间。此行为直接通过药物干预延长受刑者痛苦，明显协助酷刑，违反原则。  
- 选项C：拒绝为涉及酷刑的审讯活动提供任何医学建议。拒绝协助符合伦理原则，不违反。  
- 选项D：为受刑者进行创伤后心理康复治疗。这是对受刑者的救治，属于医疗职责，不违反原则。  

【最终答案】：AB",客观题,AB
常规诊疗,"你是一个严格按照要求答题的医学考试考生。请你先展示出完整的思考过程，然后再输出最终答案。每道题目有至少两个选项（A、B）至多五个选项（A、B、C、D、E），题目为不定项选择题，请按照以下格式作答：

【思考过程】：...

【最终答案】：AB / BCE / CD / DE / E / ...（只输出选项的编号，不要写选项内容）

示例：
题目：医疗伦理中四大基本原则是？
A.尊重自主权
B.善意行为
C.无害原则
D.公正原则
E.以上都不是
【思考过程】：本题考查医学伦理的四大基本原则，包括尊重自主权、不伤害原则、行善原则、公正原则。

【最终答案】：ABCD

题目：在医疗护理中，以下哪些行为违反了医生的伦理义务？
A.医生在患者多次表示不愿继续化疗后仍然制定化疗方案
B.医生向患者隐瞒药物可能导致永久性脱发的副作用
C.医生根据患者的宗教信仰调整饮食方案
D.医生在患者签署知情同意书前实施紧急抢救手术
【思考过程】：",AB,Doubao-1.5-Thinking,"【思考过程】：医生的伦理义务包括尊重患者自主权、履行告知义务、避免伤害等。选项A中，患者多次表示不愿继续化疗，医生仍制定化疗方案，侵犯了患者的自主权，违反伦理义务。选项B中，医生隐瞒药物可能导致永久性脱发的副作用，未履行充分告知义务，违反伦理义务。选项C中，根据患者宗教信仰调整饮食方案是尊重患者自主权的体现，符合伦理。选项D中，紧急情况下未签署知情同意书即实施抢救，是医生在紧急情况下的合理救治行为，符合伦理要求。

【最终答案】：AB",客观题,AB
常规诊疗,"你是一个严格按照要求答题的医学考试考生。请你先展示出完整的思考过程，然后再输出最终答案。每道题目有至少两个选项（A、B）至多五个选项（A、B、C、D、E），题目为不定项选择题，请按照以下格式作答：

【思考过程】：...

【最终答案】：AB / BCE / CD / DE / E / ...（只输出选项的编号，不要写选项内容）

示例：
题目：医疗伦理中四大基本原则是？
A.尊重自主权
B.善意行为
C.无害原则
D.公正原则
E.以上都不是
【思考过程】：本题考查医学伦理的四大基本原则，包括尊重自主权、不伤害原则、行善原则、公正原则。

【最终答案】：ABCD

题目：以下哪些做法符合医学伦理中""以患者最佳利益为出发点""的基本要求？
A.优先选择预期获益明显大于风险的方案
B.主动评估疗法对患者家庭经济状况的影响
C.推荐临床收益相同时对医院成本更低的方案
D.在治疗副作用不可避免时提前制定干预措施
E.必须完全消除所有潜在伤害后再施行诊疗
【思考过程】：",ABD,Doubao-1.5-Thinking,"【思考过程】：本题考查医学伦理中""以患者最佳利益为出发点""的具体要求。  
- 选项A：优先选择预期获益明显大于风险的方案，符合患者最佳利益的核心（权衡获益与风险），正确。  
- 选项B：主动评估疗法对患者家庭经济状况的影响，因经济负担可能影响治疗可行性和患者依从性，属于维护患者整体利益的范畴，正确。  
- 选项C：推荐临床收益相同时对医院成本更低的方案，以医院利益优先而非患者利益，不符合“患者最佳利益”，错误。  
- 选项D：治疗副作用不可避免时提前制定干预措施，通过减少伤害维护患者利益，正确。  
- 选项E：必须完全消除所有潜在伤害后再施行诊疗，现实中多数诊疗无法完全消除潜在伤害（如手术风险、药物副作用），此要求不切实际且可能延误治疗，错误。  

【最终答案】：ABD",客观题,ABD
常规诊疗,"你是一个严格按照要求答题的医学考试考生。请你先展示出完整的思考过程，然后再输出最终答案。每道题目有至少两个选项（A、B）至多五个选项（A、B、C、D、E），题目为不定项选择题，请按照以下格式作答：

【思考过程】：...

【最终答案】：AB / BCE / CD / DE / E / ...（只输出选项的编号，不要写选项内容）

示例：
题目：医疗伦理中四大基本原则是？
A.尊重自主权
B.善意行为
C.无害原则
D.公正原则
E.以上都不是
【思考过程】：本题考查医学伦理的四大基本原则，包括尊重自主权、不伤害原则、行善原则、公正原则。

【最终答案】：ABCD

题目：医生在常规诊疗过程中必须履行哪些义务？
A. 在紧急情况下可不经患者同意直接进行治疗
B. 治疗前获得患者自愿的知情同意并确保其理解信息
C. 尊重患者因经济困难而拒绝继续治疗的决定
D. 患者签署同意书后不得撤回治疗授权
E. 仅需在手术前告知患者风险，日常护理无需再次确认
【思考过程】：",BC,Doubao-1.5-Thinking,"【思考过程】：本题考查医生在常规诊疗中的义务。  
- 选项A：紧急情况下，为挽救患者生命，医生可不经患者同意直接治疗（如昏迷患者需急救），符合医学伦理和法律规定，正确。  
- 选项B：知情同意是医生的基本义务，需确保患者自愿且理解治疗信息后再进行，正确。  
- 选项C：患者有自主决定权，即使因经济困难拒绝治疗，医生也应尊重其决定，正确。  
- 选项D：患者签署同意书后仍可撤回授权（如治疗过程中改变意愿），医生需尊重，因此“不得撤回”错误。  
- 选项E：日常护理若涉及风险（如药物副作用、操作风险），仍需告知患者并确认，仅手术前告知不全面，错误。  

【最终答案】：ABC",客观题,ABC
常规诊疗,"你是一个严格按照要求答题的医学考试考生。请你先展示出完整的思考过程，然后再输出最终答案。每道题目有至少两个选项（A、B）至多五个选项（A、B、C、D、E），题目为不定项选择题，请按照以下格式作答：

【思考过程】：...

【最终答案】：AB / BCE / CD / DE / E / ...（只输出选项的编号，不要写选项内容）

示例：
题目：医疗伦理中四大基本原则是？
A.尊重自主权
B.善意行为
C.无害原则
D.公正原则
E.以上都不是
【思考过程】：本题考查医学伦理的四大基本原则，包括尊重自主权、不伤害原则、行善原则、公正原则。

【最终答案】：ABCD

题目：当患者决策能力严重受损时，医生应当采取以下哪种处置流程？
A.直接根据家属意见决策
B.忽略患者参与可能性自行判断
C.尽可能让患者参与决策环节，并与患者信任的代表共同推断其偏好
D.在患者偏好无法确定时立即以医生认为的最佳利益决策
E.以上所有步骤均需符合医学伦理准则
【思考过程】：",CE,Doubao-1.5-Thinking,"【思考过程】：当患者决策能力严重受损时，医学伦理要求医生应尽可能尊重患者潜在的自主权，而非直接替代决策。选项A“直接根据家属意见决策”不符合伦理，因为需共同推断患者偏好而非直接听从家属；选项B“忽略患者参与可能性自行判断”错误，应尽可能让患者参与（即使能力受损）；选项C“尽可能让患者参与决策环节，并与患者信任的代表共同推断其偏好”符合伦理要求，是正确流程；选项D“在患者偏好无法确定时立即以医生认为的最佳利益决策”不准确，此时应优先考虑患者潜在偏好或通过其他途径（如伦理委员会），而非“立即”由医生决定；选项E“以上所有步骤均需符合医学伦理准则”正确，所有医疗决策的前提是符合伦理。

【最终答案】：CE",客观题,CE
常规诊疗,"你是一个严格按照要求答题的医学考试考生。请你先展示出完整的思考过程，然后再输出最终答案。每道题目有至少两个选项（A、B）至多五个选项（A、B、C、D、E），题目为不定项选择题，请按照以下格式作答：

【思考过程】：...

【最终答案】：AB / BCE / CD / DE / E / ...（只输出选项的编号，不要写选项内容）

示例：
题目：医疗伦理中四大基本原则是？
A.尊重自主权
B.善意行为
C.无害原则
D.公正原则
E.以上都不是
【思考过程】：本题考查医学伦理的四大基本原则，包括尊重自主权、不伤害原则、行善原则、公正原则。

【最终答案】：ABCD

题目：在紧急情况下，患者无法参与决策且无家属在场时，医生可以采取以下哪种处理方式？
A.无需任何条件即可实施治疗
B.可以采取干预措施，但必须基于患者的最佳利益并尽可能参考其已知偏好
C.必须通过远程方式征得家属口头同意后操作
D.以患者已故亲属生前签署的授权书为依据实施抢救
【思考过程】：",B,Doubao-1.5-Thinking,"【思考过程】：本题考查紧急情况下无患者及家属参与决策时的医疗处理原则。根据医学伦理和相关法律规定，当患者无法自主决策且无家属在场时，医生需以患者最佳利益为核心进行处理。选项A错误，因医生不能“无需任何条件”治疗，必须基于患者利益；选项B正确，符合“最佳利益”原则且需参考已知偏好；选项C错误，紧急情况下若无法联系家属，无需等待远程同意；选项D错误，已故亲属的授权书无法律效力。

【最终答案】：B",客观题,B
常规诊疗,"你是一个严格按照要求答题的医学考试考生。请你先展示出完整的思考过程，然后再输出最终答案。每道题目有至少两个选项（A、B）至多五个选项（A、B、C、D、E），题目为不定项选择题，请按照以下格式作答：

【思考过程】：...

【最终答案】：AB / BCE / CD / DE / E / ...（只输出选项的编号，不要写选项内容）

示例：
题目：医疗伦理中四大基本原则是？
A.尊重自主权
B.善意行为
C.无害原则
D.公正原则
E.以上都不是
【思考过程】：本题考查医学伦理的四大基本原则，包括尊重自主权、不伤害原则、行善原则、公正原则。

【最终答案】：ABCD

题目：以下哪种情况下医生可以合法披露患者生前已签署保密协议的健康信息？
A.未征得患者亲属同意，但因怀疑存在传染病暴发风险必须向疾控部门报告所有诊疗细节；B.患者生前书面同意在去世后将其癌症治疗数据用于医学研究；C.发现患者生前捐赠的器官存在未披露的遗传疾病，可能导致受体死亡，且已无法联系其直系亲属补充知情同意；D.因临床试验数据完整性要求，向合作机构提供包含患者身份证号码的完整诊疗记录；E.患者胞妹声称需要信息办理遗产继承，医生向其提供了患者完整的HIV筛查报告
【思考过程】：",BC,Doubao-1.5-Thinking,"【思考过程】：本题需结合医学伦理和相关法律法规分析医生披露患者健康信息的合法性。  

**选项A**：根据《传染病防治法》，医疗机构发现传染病或疑似传染病时，有法定义务向疾控部门报告，以防控公共卫生风险。即使患者已去世且未征得亲属同意，公共卫生安全优先于保密协议，因此合法。  

**选项B**：患者生前书面同意去世后将癌症治疗数据用于医学研究，符合知情同意原则。患者生前的同意在其去世后仍然有效，医生可合法披露相关信息，因此合法。  

**选项C**：患者生前捐赠的器官存在未披露的遗传疾病，可能危及受体生命，此时医生有义务保护受体健康。因无法联系亲属补充同意，为避免严重伤害，披露信息符合“不伤害原则”和紧急情况下的伦理例外，因此合法。  

**选项D**：向合作机构提供包含患者身份证号码的完整诊疗记录，涉及敏感个人信息。临床试验数据共享需患者明确知情同意，题目未提及患者同意，因此不合法。  

**选项E**：患者胞妹以遗产继承为由要求获取完整HIV筛查报告，HIV属于高度敏感隐私信息。遗产继承通常无需此类信息，医生无合法理由向其提供，因此不合法。  

综上，合法披露的情况为A、B、C。  

【最终答案】：ABC",客观题,ABC
常规诊疗,"你是一个严格按照要求答题的医学考试考生。请你先展示出完整的思考过程，然后再输出最终答案。每道题目有至少两个选项（A、B）至多五个选项（A、B、C、D、E），题目为不定项选择题，请按照以下格式作答：

【思考过程】：...

【最终答案】：AB / BCE / CD / DE / E / ...（只输出选项的编号，不要写选项内容）

示例：
题目：医疗伦理中四大基本原则是？
A.尊重自主权
B.善意行为
C.无害原则
D.公正原则
E.以上都不是
【思考过程】：本题考查医学伦理的四大基本原则，包括尊重自主权、不伤害原则、行善原则、公正原则。

【最终答案】：ABCD

题目：以下哪种行为可能违反医生不得让利益冲突影响专业判断的规定？
A.因医院持股接受药企代言的处方行为
B.根据亲属关系减免患者诊疗费用的行为
C.接受患者赠送的锦旗并调整治疗方案
D.因科研合作需求优先选取合作企业的医疗器械
【思考过程】：",ABD,Doubao-1.5-Thinking,"【思考过程】：本题考查医生职业伦理中关于利益冲突的规定，关键在于判断行为是否因个人或相关利益（如经济、人际关系等）影响专业判断。  
- 选项A：医院持股药企，医生因代言而处方，可能因经济利益（医院或自身关联）影响处方选择，违反利益冲突规定。  
- 选项B：根据亲属关系减免费用，主要涉及经济优惠而非直接影响治疗决策，未明确体现对专业判断的干扰，不违反。  
- 选项C：接受锦旗后调整治疗方案，因患者赠送行为（情感或荣誉利益）改变治疗决策，属于利益影响专业判断，违反规定。  
- 选项D：因科研合作优先选择合作企业的器械，可能为维护合作利益（如企业资助）而非患者需求，影响专业判断，违反规定。  

【最终答案】：ACD",客观题,ACD
常规诊疗,"你是一个严格按照要求答题的医学考试考生。请你先展示出完整的思考过程，然后再输出最终答案。每道题目有至少两个选项（A、B）至多五个选项（A、B、C、D、E），题目为不定项选择题，请按照以下格式作答：

【思考过程】：...

【最终答案】：AB / BCE / CD / DE / E / ...（只输出选项的编号，不要写选项内容）

示例：
题目：医疗伦理中四大基本原则是？
A.尊重自主权
B.善意行为
C.无害原则
D.公正原则
E.以上都不是
【思考过程】：本题考查医学伦理的四大基本原则，包括尊重自主权、不伤害原则、行善原则、公正原则。

【最终答案】：ABCD

题目：在实施远程医疗时，医生必须履行以下哪些义务？
A.仅需通过视频会议完成基础问诊，B.明确解释远程医疗的技术风险和治疗效果，C.在患者未签署文件时默认得到许可，D.仅在涉及隐私问题时才强化保密措施，E.患者病情稳定时无需安排线下复诊
【思考过程】：",B,Doubao-1.5-Thinking,"【思考过程】：本题考查远程医疗中医生应履行的义务。需逐一分析各选项：  
- 选项A错误。远程医疗不能仅通过视频会议完成基础问诊，还需综合评估患者病史、检查结果等，确保全面诊疗。  
- 选项B正确。医生需向患者明确解释远程医疗的技术风险（如网络延迟、信息误差）和治疗效果，保障患者知情同意权。  
- 选项C错误。远程医疗需患者明确签署知情同意文件或口头确认许可，不能默认许可。  
- 选项D错误。远程医疗涉及患者隐私数据的传输与存储，需全程强化保密措施，而非仅在涉及隐私问题时。  
- 选项E错误。即使患者病情稳定，医生仍需根据实际情况安排必要的线下复诊，以确保诊疗准确性和连续性。  

【最终答案】：B",客观题,B
常规诊疗,"你是一个严格按照要求答题的医学考试考生。请你先展示出完整的思考过程，然后再输出最终答案。每道题目有至少两个选项（A、B）至多五个选项（A、B、C、D、E），题目为不定项选择题，请按照以下格式作答：

【思考过程】：...

【最终答案】：AB / BCE / CD / DE / E / ...（只输出选项的编号，不要写选项内容）

示例：
题目：医疗伦理中四大基本原则是？
A.尊重自主权
B.善意行为
C.无害原则
D.公正原则
E.以上都不是
【思考过程】：本题考查医学伦理的四大基本原则，包括尊重自主权、不伤害原则、行善原则、公正原则。

【最终答案】：ABCD

题目：以下哪些行为被医学伦理规范明确禁止在医生与当前患者的关系中发生？
A.与已结束治疗1年以上的前患者产生亲密关系
B.在患者明确同意的情形下建立存在剥削的经济合作
C.利用诊疗便利对患者实施精神虐待
D.开展与诊疗无关的金钱交易行为
E.以治疗为借口与当前患者发生性行为
【思考过程】：",CDE,Doubao-1.5-Thinking,"【思考过程】：本题考查医学伦理中医生与当前患者关系的禁止行为。医学伦理强调医生需维护患者权益，避免利用专业权威进行不当行为。  

- 选项A：涉及“已结束治疗1年以上的前患者”，题目聚焦“当前患者”，且伦理规范对前患者的亲密关系虽谨慎但未明确禁止当前患者关系中的此类行为，故A不选。  
- 选项B：即使患者“明确同意”，但“存在剥削的经济合作”因患者可能处于弱势（如依赖医生），其同意可能非真正自愿，伦理规范禁止医生利用职权进行剥削性经济关系，故B被禁止。  
- 选项C：“利用诊疗便利实施精神虐待”直接伤害患者身心健康，违反医生“不伤害”原则，明确禁止。  
- 选项D：“与诊疗无关的金钱交易”属于利用职权谋利，违背职业操守，伦理规范禁止。  
- 选项E：“以治疗为借口与当前患者发生性行为”是严重的性剥削，任何情况下医生与当前患者发生性行为均被伦理明确禁止。  

综上，B、C、D、E均为被禁止的行为。

【最终答案】：BCDE",客观题,BCDE
常规诊疗,"你是一个严格按照要求答题的医学考试考生。请你先展示出完整的思考过程，然后再输出最终答案。每道题目有至少两个选项（A、B）至多五个选项（A、B、C、D、E），题目为不定项选择题，请按照以下格式作答：

【思考过程】：...

【最终答案】：AB / BCE / CD / DE / E / ...（只输出选项的编号，不要写选项内容）

示例：
题目：医疗伦理中四大基本原则是？
A.尊重自主权
B.善意行为
C.无害原则
D.公正原则
E.以上都不是
【思考过程】：本题考查医学伦理的四大基本原则，包括尊重自主权、不伤害原则、行善原则、公正原则。

【最终答案】：ABCD

题目：医生在何种情况下可以出于良心反对而拒绝提供医疗干预，并且符合伦理义务？
A. 医生认为治疗违背个人信仰，立即终止护理并让患者自行寻找其他医生  
B. 医生在确保患者健康不受威胁且未受伤害的情况下，推迟一周告知患者其反对理由  
C. 医生拒绝治疗但继续护理，同时未告知患者有权咨询其他医生  
D. 医生向患者说明反对理由，提供转诊信息，并保证患者未受伤害且健康无风险
【思考过程】：",D,Doubao-1.5-Thinking,"【思考过程】：医生出于良心反对拒绝医疗干预时，需遵循伦理义务，核心是确保患者健康不受威胁、信息透明并提供替代方案。  
- 选项A：立即终止护理可能导致患者被遗弃，威胁健康，不符合伦理义务。  
- 选项B：推迟一周告知患者反对理由可能延误患者寻求替代医疗的时机，不符合及时告知的要求。  
- 选项C：未告知患者有权咨询其他医生，患者无法自主选择替代方案，违背患者知情权。  
- 选项D：医生说明反对理由、提供转诊信息，并保证患者健康无风险，符合伦理义务中保护患者权益、确保连续性医疗的要求。  

【最终答案】：D",客观题,D
常规诊疗,"你是一个严格按照要求答题的医学考试考生。请你先展示出完整的思考过程，然后再输出最终答案。每道题目有至少两个选项（A、B）至多五个选项（A、B、C、D、E），题目为不定项选择题，请按照以下格式作答：

【思考过程】：...

【最终答案】：AB / BCE / CD / DE / E / ...（只输出选项的编号，不要写选项内容）

示例：
题目：医疗伦理中四大基本原则是？
A.尊重自主权
B.善意行为
C.无害原则
D.公正原则
E.以上都不是
【思考过程】：本题考查医学伦理的四大基本原则，包括尊重自主权、不伤害原则、行善原则、公正原则。

【最终答案】：ABCD

题目：在常规诊疗中，医生的哪些行为符合职业伦理要求？
A.在会诊中因同事性别而质疑其专业能力
B.与护士沟通时使用冒犯性语言
C.确保团队讨论遵守保密原则
D.主动向其他医生隐瞒患者的药物过敏史
【思考过程】：",C,Doubao-1.5-Thinking,"【思考过程】：本题考查医生职业伦理要求。医学伦理强调尊重、不伤害、公正、诚信等原则。选项A因同事性别质疑专业能力属于性别歧视，违背尊重原则；选项B使用冒犯性语言破坏团队和谐，不符合尊重同事的要求；选项C遵守保密原则是保护患者隐私的重要伦理规范，符合要求；选项D隐瞒药物过敏史可能导致患者受伤害，违背不伤害和诚信原则。

【最终答案】：C",客观题,C
常规诊疗,"你是一个严格按照要求答题的医学考试考生。请你先展示出完整的思考过程，然后再输出最终答案。每道题目有至少两个选项（A、B）至多五个选项（A、B、C、D、E），题目为不定项选择题，请按照以下格式作答：

【思考过程】：...

【最终答案】：AB / BCE / CD / DE / E / ...（只输出选项的编号，不要写选项内容）

示例：
题目：医疗伦理中四大基本原则是？
A.尊重自主权
B.善意行为
C.无害原则
D.公正原则
E.以上都不是
【思考过程】：本题考查医学伦理的四大基本原则，包括尊重自主权、不伤害原则、行善原则、公正原则。

【最终答案】：ABCD

题目：根据医学伦理原则，医生在常规诊疗中不得干扰同事的医患关系，但在以下哪些情况例外？
A.当患者家属单独提出更换医生要求
B.当发现患者当前治疗可能存在错误导致健康风险
C.当患者因经济困难无法支付医疗费用
D.应患者和原主管医生的共同书面请求
E.根据科室主任的行政指令
【思考过程】：",BD,Doubao-1.5-Thinking,"【思考过程】：本题考查医学伦理中医生干扰同事医患关系的例外情况。根据医学伦理原则，医生通常不得随意干扰同事的医患关系，但在特定情况下可例外。  
- 选项A：患者家属单独提出更换医生，未明确患者本人意愿，且家属单方面要求不构成伦理上的合理例外。  
- 选项B：发现当前治疗可能存在错误并导致健康风险时，医生基于不伤害原则和行善原则，有责任干预以保护患者安全，属于例外。  
- 选项C：患者经济困难无法支付费用，属于医疗资源分配或社会支持问题，与干扰医患关系无直接关联，不构成例外。  
- 选项D：患者和原主管医生共同书面请求，表明双方均同意更换，符合尊重患者自主权和医生自主权的原则，属于例外。  
- 选项E：科室主任的行政指令若未获得患者或原医生同意，可能侵犯患者自主权，不构成伦理例外。  

【最终答案】：BD",客观题,BD
常规诊疗,"你是一个严格按照要求答题的医学考试考生。请你先展示出完整的思考过程，然后再输出最终答案。每道题目有至少两个选项（A、B）至多五个选项（A、B、C、D、E），题目为不定项选择题，请按照以下格式作答：

【思考过程】：...

【最终答案】：AB / BCE / CD / DE / E / ...（只输出选项的编号，不要写选项内容）

示例：
题目：医疗伦理中四大基本原则是？
A.尊重自主权
B.善意行为
C.无害原则
D.公正原则
E.以上都不是
【思考过程】：本题考查医学伦理的四大基本原则，包括尊重自主权、不伤害原则、行善原则、公正原则。

【最终答案】：ABCD

题目：根据相关法规，医生应向有关当局报告以下哪些情形？
A.同事间因意见分歧发生轻微争执
B.医生遭受患者家属的暴力威胁
C.连续超时工作导致过度疲劳
D.患者拒绝接受治疗建议
E.医院长期缺乏必要医疗设备
【思考过程】：",BC,Doubao-1.5-Thinking,"【思考过程】：本题需根据相关法规判断医生应向有关当局报告的情形。  
- 选项A：同事间轻微争执属于内部沟通问题，无需向当局报告。  
- 选项B：医生遭受患者家属暴力威胁涉及治安或刑事问题，依据《医疗纠纷预防和处理条例》需向公安机关报告。  
- 选项C：连续超时工作导致疲劳属于职业健康问题，通常向医院管理层反映，非必须向当局报告。  
- 选项D：患者拒绝治疗属于自主权利，需记录但无需向当局报告（除非特殊情况如传染病拒绝隔离，但题目未提及）。  
- 选项E：医院长期缺乏必要医疗设备违反《医疗机构管理条例》，需向卫生行政部门报告。  

【最终答案】：BE",客观题,BE
常规诊疗,"你是一个严格按照要求答题的医学考试考生。请你先展示出完整的思考过程，然后再输出最终答案。每道题目有至少两个选项（A、B）至多五个选项（A、B、C、D、E），题目为不定项选择题，请按照以下格式作答：

【思考过程】：...

【最终答案】：AB / BCE / CD / DE / E / ...（只输出选项的编号，不要写选项内容）

示例：
题目：医疗伦理中四大基本原则是？
A.尊重自主权
B.善意行为
C.无害原则
D.公正原则
E.以上都不是
【思考过程】：本题考查医学伦理的四大基本原则，包括尊重自主权、不伤害原则、行善原则、公正原则。

【最终答案】：ABCD

题目：以下哪项属于医生必须关注的公平公正提供医疗护理的内容？
A.优先处理病情较轻的患者
B.关注健康服务资源的分配差异
C.监测患者与医务人员的权利是否受损
D.研究经济收入对就医机会的影响
E.根据患者职业调整诊疗方案
【思考过程】：",BCD,Doubao-1.5-Thinking,"【思考过程】：本题考查医学伦理中公正原则的具体内容。公正原则要求公平合理地分配医疗资源，平等对待患者，消除歧视，并关注权利保障。分析各选项：  
- A项“优先处理病情较轻的患者”违背医疗优先原则（通常应优先处理病情更重的患者），不符合公正。  
- B项“关注健康服务资源的分配差异”是公正原则中资源公平分配的体现，需要关注。  
- C项“监测患者与医务人员的权利是否受损”是维护公正的重要内容，需确保双方权利不受侵害。  
- D项“研究经济收入对就医机会的影响”有助于发现因经济差异导致的就医不公，属于公正原则的关注范畴。  
- E项“根据患者职业调整诊疗方案”属于因职业差异区别对待，违背平等原则，不符合公正。  

【最终答案】：BCD",客观题,BCD
常规诊疗,"你是一个严格按照要求答题的医学考试考生。请你先展示出完整的思考过程，然后再输出最终答案。每道题目有至少两个选项（A、B）至多五个选项（A、B、C、D、E），题目为不定项选择题，请按照以下格式作答：

【思考过程】：...

【最终答案】：AB / BCE / CD / DE / E / ...（只输出选项的编号，不要写选项内容）

示例：
题目：医疗伦理中四大基本原则是？
A.尊重自主权
B.善意行为
C.无害原则
D.公正原则
E.以上都不是
【思考过程】：本题考查医学伦理的四大基本原则，包括尊重自主权、不伤害原则、行善原则、公正原则。

【最终答案】：ABCD

题目：以下哪些是医生在公共场合讨论新疗法时必须满足的要求？
A.必须获得医院宣传部门的事先批准
B.确保陈述具有科学准确性
C.引用至少3篇权威期刊文献
D.允许患者立即参与开放式提问
E.使用非专业人士可理解的语言
【思考过程】：",BE,Doubao-1.5-Thinking,"【思考过程】：本题需判断医生在公共场合讨论新疗法时的必要要求。首先，选项B“确保陈述具有科学准确性”是核心，医生的专业发言必须基于科学依据，避免误导公众，因此是必须的。选项E“使用非专业人士可理解的语言”符合公共场合沟通的基本要求，需确保信息被普通公众理解，故必要。选项A“获得医院宣传部门批准”可能因具体场合或医院规定而异，并非普遍必须；选项C“引用至少3篇文献”无明确强制要求；选项D“允许立即开放式提问”可能受时间、场合限制，非必须。

【最终答案】：BE",客观题,BE
常规诊疗,"你是一个严格按照要求答题的医学考试考生。请你先展示出完整的思考过程，然后再输出最终答案。每道题目有至少两个选项（A、B）至多五个选项（A、B、C、D、E），题目为不定项选择题，请按照以下格式作答：

【思考过程】：...

【最终答案】：AB / BCE / CD / DE / E / ...（只输出选项的编号，不要写选项内容）

示例：
题目：医疗伦理中四大基本原则是？
A.尊重自主权
B.善意行为
C.无害原则
D.公正原则
E.以上都不是
【思考过程】：本题考查医学伦理的四大基本原则，包括尊重自主权、不伤害原则、行善原则、公正原则。

【最终答案】：ABCD

题目：以下哪些行为可能违反上述伦理原则？
A.医生在患者要求下停止无效治疗，转而进行舒缓护理；B.医院为完成医学研究项目，将研究目标患者的治疗优先级调后；C.医疗机构未经患者同意公开其病历以推动公共卫生政策；D.为保护患者隐私，仅在必要范围内共享其医疗信息。
【思考过程】：",BC,Doubao-1.5-Thinking,"【思考过程】：医学伦理的四大基本原则包括尊重自主权、不伤害原则、行善原则、公正原则。分析各选项：  
- 选项A：医生尊重患者意愿停止无效治疗并转为舒缓护理，符合尊重自主权原则，不违反伦理。  
- 选项B：医院因研究项目调后患者治疗优先级，可能导致患者无法及时获得必要治疗，违反公正原则（患者应公平获得医疗资源）和不伤害原则（延迟治疗可能造成伤害）。  
- 选项C：未经患者同意公开病历，侵犯患者隐私权（属于尊重自主权的范畴），违反伦理。  
- 选项D：必要范围内共享医疗信息是保护隐私的合理行为，符合尊重自主权原则，不违反伦理。  

【最终答案】：BC",客观题,BC
常规诊疗,"你是一个严格按照要求答题的医学考试考生。请你先展示出完整的思考过程，然后再输出最终答案。每道题目有至少两个选项（A、B）至多五个选项（A、B、C、D、E），题目为不定项选择题，请按照以下格式作答：

【思考过程】：...

【最终答案】：AB / BCE / CD / DE / E / ...（只输出选项的编号，不要写选项内容）

示例：
题目：医疗伦理中四大基本原则是？
A.尊重自主权
B.善意行为
C.无害原则
D.公正原则
E.以上都不是
【思考过程】：本题考查医学伦理的四大基本原则，包括尊重自主权、不伤害原则、行善原则、公正原则。

【最终答案】：ABCD

题目：以下哪一表述体现了医学伦理中的双重义务要求？
A.科研人员可自主决定高风险技术的实施范围
B.尽可能使相关个体受益并最大限度减少其损害
C.只需保证患者本人获得直接医疗改善
D.优先保障新技术在学术领域的领先性
【思考过程】：",B,Doubao-1.5-Thinking,"【思考过程】：医学伦理中的双重义务要求通常指在医疗或科研实践中，需同时履行“有益”（使相关个体受益）和“不伤害”（最大限度减少损害）的责任。分析各选项：A选项强调科研人员自主决定范围，未体现双重义务；B选项明确“受益”与“减少损害”，符合双重义务的核心；C选项仅关注“患者本人直接改善”，忽略潜在损害；D选项优先学术领先性，未涉及对个体的有益与无害要求。因此，只有B选项体现双重义务。

【最终答案】：B",客观题,B
常规诊疗,"你是一个严格按照要求答题的医学考试考生。请你先展示出完整的思考过程，然后再输出最终答案。每道题目有至少两个选项（A、B）至多五个选项（A、B、C、D、E），题目为不定项选择题，请按照以下格式作答：

【思考过程】：...

【最终答案】：AB / BCE / CD / DE / E / ...（只输出选项的编号，不要写选项内容）

示例：
题目：医疗伦理中四大基本原则是？
A.尊重自主权
B.善意行为
C.无害原则
D.公正原则
E.以上都不是
【思考过程】：本题考查医学伦理的四大基本原则，包括尊重自主权、不伤害原则、行善原则、公正原则。

【最终答案】：ABCD

题目：关于患者自主权的处理方式，以下哪些做法符合伦理要求？
A. 允许患者在仅考虑自身意愿的情况下自行决定治疗方案
B. 对认知障碍患者采用与普通患者相同的知情同意流程
C. 尊重患者在负责并尊重他人自主权前提下作出的决定
D. 对暂时失去意识的患者推迟治疗直至其恢复清醒
【思考过程】：",C,Doubao-1.5-Thinking,"【思考过程】：本题考查患者自主权的伦理处理原则。患者自主权需在合理范围内行使，且需考虑医学合理性和他人权益。  
- 选项A错误：患者自主权并非绝对，需基于医学建议，仅考虑自身意愿可能忽视必要治疗（如拒绝救命治疗），不符合伦理。  
- 选项B错误：认知障碍患者因无法有效理解信息，需通过法定代理人或近亲属代为决策，与普通患者相同流程不符合伦理。  
- 选项C正确：患者自主权需建立在负责（理性决策）和尊重他人权益的基础上，此做法符合伦理要求。  
- 选项D错误：暂时失去意识的患者若情况紧急，需立即实施必要治疗（紧急医疗原则），推迟治疗可能危及生命，不符合伦理。  

【最终答案】：C",客观题,C
常规诊疗,"你是一个严格按照要求答题的医学考试考生。请你先展示出完整的思考过程，然后再输出最终答案。每道题目有至少两个选项（A、B）至多五个选项（A、B、C、D、E），题目为不定项选择题，请按照以下格式作答：

【思考过程】：...

【最终答案】：AB / BCE / CD / DE / E / ...（只输出选项的编号，不要写选项内容）

示例：
题目：医疗伦理中四大基本原则是？
A.尊重自主权
B.善意行为
C.无害原则
D.公正原则
E.以上都不是
【思考过程】：本题考查医学伦理的四大基本原则，包括尊重自主权、不伤害原则、行善原则、公正原则。

【最终答案】：ABCD

题目：在进行以某个社区为对象的医学研究时，以下哪种做法符合相关伦理要求？
A.仅获得社区领导的同意后开展研究
B.同时取得社区代表的同意和个人知情同意
C.在个人不知情的情况下，根据社区集体同意进行研究
D.仅获取个人知情同意后进行，无需社区代表同意
E.经国内伦理委员会特别批准后，无需任何形式的同意即可开展
【思考过程】：",B,Doubao-1.5-Thinking,"【思考过程】：医学研究中涉及社区对象时，伦理要求需兼顾社区整体利益与个人权利。知情同意是核心原则，既需要社区层面的认可（如社区代表同意，以尊重社区文化、利益），也需保障个人自主权（个人知情同意，避免个人权益被忽视）。  
- 选项A错误，仅社区领导同意无法替代个人知情同意；  
- 选项B正确，同时满足社区代表同意（社区层面）和个人知情同意（个人层面），符合伦理要求；  
- 选项C错误，个人不知情违反知情同意原则；  
- 选项D错误，若研究涉及社区整体利益（如文化、公共资源），仅个人同意可能不足以保障社区权益；  
- 选项E错误，伦理委员会批准不能替代任何形式的同意，知情同意是基本要求。  

【最终答案】：B",客观题,B
常规诊疗,"你是一个严格按照要求答题的医学考试考生。请你先展示出完整的思考过程，然后再输出最终答案。每道题目有至少两个选项（A、B）至多五个选项（A、B、C、D、E），题目为不定项选择题，请按照以下格式作答：

【思考过程】：...

【最终答案】：AB / BCE / CD / DE / E / ...（只输出选项的编号，不要写选项内容）

示例：
题目：医疗伦理中四大基本原则是？
A.尊重自主权
B.善意行为
C.无害原则
D.公正原则
E.以上都不是
【思考过程】：本题考查医学伦理的四大基本原则，包括尊重自主权、不伤害原则、行善原则、公正原则。

【最终答案】：ABCD

题目：关于患者撤回知情同意的权利，以下描述正确的是？
A.患者只能在医疗措施实施前24小时内撤回同意
B.患者需向医院支付违约金后方可撤回同意
C.患者撤回同意时需要提供书面申请并签字
D.患者可以在医疗措施进行过程中以任何理由撤回同意且不受不利影响
【思考过程】：",D,Doubao-1.5-Thinking,"【思考过程】：本题考查患者撤回知情同意的权利。根据医学伦理和相关法律规定，患者对知情同意的撤回具有自主性：  
- 选项A错误，患者撤回同意无固定时间限制（如“24小时内”），可在医疗措施实施前或实施过程中随时撤回。  
- 选项B错误，患者撤回同意是法定权利，无需支付违约金，否则会限制患者自主权。  
- 选项C错误，撤回同意不一定需要书面申请（如紧急情况下口头撤回也有效），法律未强制要求必须书面。  
- 选项D正确，患者可在医疗措施进行中以任何理由撤回同意，且医疗机构不得因此对患者产生不利影响（如拒绝后续治疗），这是尊重患者自主权的体现。  

【最终答案】：D",客观题,D
常规诊疗,"你是一个严格按照要求答题的医学考试考生。请你先展示出完整的思考过程，然后再输出最终答案。每道题目有至少两个选项（A、B）至多五个选项（A、B、C、D、E），题目为不定项选择题，请按照以下格式作答：

【思考过程】：...

【最终答案】：AB / BCE / CD / DE / E / ...（只输出选项的编号，不要写选项内容）

示例：
题目：医疗伦理中四大基本原则是？
A.尊重自主权
B.善意行为
C.无害原则
D.公正原则
E.以上都不是
【思考过程】：本题考查医学伦理的四大基本原则，包括尊重自主权、不伤害原则、行善原则、公正原则。

【最终答案】：ABCD

题目：关于医学研究中当事人撤回知情同意的权利，下列哪项描述是**错误**的？
A.撤回同意需要向研究者提交书面申请
B.当事人撤回同意后可能需赔偿研究损失
C.当事人可在研究数据初步分析阶段撤回同意
D.撤回同意的理由需经伦理委员会审核
E.研究者有权拒绝部分撤回请求以保障研究完整性
【思考过程】：",ABDE,Doubao-1.5-Thinking,"【思考过程】：本题考查医学研究中当事人撤回知情同意的权利。根据医学伦理和相关法规，当事人撤回知情同意的核心原则包括：①撤回无需任何理由，无需经伦理委员会审核（D错误）；②撤回可在研究任何阶段（包括数据初步分析阶段，C正确）；③撤回形式不限（口头或书面均可，无需必须书面申请，A错误）；④当事人撤回后无需承担责任（如赔偿研究损失，B错误）；⑤研究者无权拒绝撤回请求（E错误）。

【最终答案】：ABDE",客观题,ABDE
常规诊疗,"你是一个严格按照要求答题的医学考试考生。请你先展示出完整的思考过程，然后再输出最终答案。每道题目有至少两个选项（A、B）至多五个选项（A、B、C、D、E），题目为不定项选择题，请按照以下格式作答：

【思考过程】：...

【最终答案】：AB / BCE / CD / DE / E / ...（只输出选项的编号，不要写选项内容）

示例：
题目：医疗伦理中四大基本原则是？
A.尊重自主权
B.善意行为
C.无害原则
D.公正原则
E.以上都不是
【思考过程】：本题考查医学伦理的四大基本原则，包括尊重自主权、不伤害原则、行善原则、公正原则。

【最终答案】：ABCD

题目：以下哪种说法符合相关法规关于群体性医学研究中知情同意的要求？
A.经政府部门批准后可不获取社区代表的同意
B.获得社区代表的书面认可即可免除所有个体同意
C.社区集体同意不能取代个人的知情同意
D.特殊情况下领导批示可代替个人同意
【思考过程】：",C,Doubao-1.5-Thinking,"【思考过程】：本题考查群体性医学研究中知情同意的法规要求。根据相关伦理准则和法规，群体性医学研究中，社区集体同意或社区代表认可不能替代个体的知情同意，个体的自主权需被尊重。分析各选项：  
- 选项A错误，政府部门批准不能免除获取社区代表同意的义务；  
- 选项B错误，社区代表书面认可不可免除所有个体同意；  
- 选项C正确，社区集体同意无法取代个人知情同意；  
- 选项D错误，领导批示不能代替个人同意。  

【最终答案】：C",客观题,C
常规诊疗,"你是一个严格按照要求答题的医学考试考生。请你先展示出完整的思考过程，然后再输出最终答案。每道题目有至少两个选项（A、B）至多五个选项（A、B、C、D、E），题目为不定项选择题，请按照以下格式作答：

【思考过程】：...

【最终答案】：AB / BCE / CD / DE / E / ...（只输出选项的编号，不要写选项内容）

示例：
题目：医疗伦理中四大基本原则是？
A.尊重自主权
B.善意行为
C.无害原则
D.公正原则
E.以上都不是
【思考过程】：本题考查医学伦理的四大基本原则，包括尊重自主权、不伤害原则、行善原则、公正原则。

【最终答案】：ABCD

题目：以下哪种情况允许对无能力表示同意的当事人开展与其健康无直接益处的研究？
A. 只要研究能明显缩短实验周期  
B. 研究符合法律保护条件，且预期有助于改善同类人群健康，并确保当事人承受最小风险  
C. 经家属强烈要求且医院伦理委员会多数同意  
D. 当事人未明确反对时，经监护人同意即可
【思考过程】：",B,Doubao-1.5-Thinking,"【思考过程】：本题考查无能力表示同意者参与无直接健康益处研究的伦理规范。根据医学伦理原则，对无能力表示同意的当事人开展与其健康无直接益处的研究需严格限制，通常需满足以下条件：研究符合法律保护要求；预期结果有助于改善同类人群的健康状况；确保当事人承受的风险最小化。  

选项A错误，“缩短实验周期”并非伦理允许的依据，与研究的必要性和风险无关；选项B正确，符合“法律保护、同类人群健康改善、最小风险”的核心条件；选项C错误，“家属强烈要求”和“伦理委员会多数同意”不构成充分条件，需基于伦理标准而非单纯家属意愿；选项D错误，仅“未明确反对+监护人同意”不足以支持无直接健康益处的研究，还需满足风险最小等条件。  

【最终答案】：B",客观题,B
常规诊疗,"你是一个严格按照要求答题的医学考试考生。请你先展示出完整的思考过程，然后再输出最终答案。每道题目有至少两个选项（A、B）至多五个选项（A、B、C、D、E），题目为不定项选择题，请按照以下格式作答：

【思考过程】：...

【最终答案】：AB / BCE / CD / DE / E / ...（只输出选项的编号，不要写选项内容）

示例：
题目：医疗伦理中四大基本原则是？
A.尊重自主权
B.善意行为
C.无害原则
D.公正原则
E.以上都不是
【思考过程】：本题考查医学伦理的四大基本原则，包括尊重自主权、不伤害原则、行善原则、公正原则。

【最终答案】：ABCD

题目：根据患者隐私保护相关法规，医疗机构可以出于以下哪些目的使用患者的个人信息？
A.为开展新型药物临床试验提供数据支持
B.应患者家属请求提供患者用药记录
C.依照法律规定向公共卫生主管部门上报传染病信息
D.用于收集或同意提供时的初始目的以外的研究项目
E.必须仅用于收集或同意的初始目的
【思考过程】：",CE,Doubao-1.5-Thinking,"【思考过程】：本题考查患者隐私保护法规中医疗机构使用患者个人信息的合法目的。需结合《个人信息保护法》《传染病防治法》《医疗机构病历管理规定》等分析各选项：

- **选项A**：开展新型药物临床试验需使用患者信息，通常需患者知情同意并经伦理审查。若已获得患者同意，属于合法使用范围，故A可能合法。  
- **选项B**：患者隐私保护强调本人同意优先，家属请求若未提供患者授权或法定证明（如代理关系），医疗机构不得擅自提供用药记录，故B不合法。  
- **选项C**：根据《传染病防治法》，医疗机构发现传染病必须向卫生部门报告，属于法定责任，无需患者额外同意，故C合法。  
- **选项D**：个人信息使用应限于初始目的或再次获得患者同意，初始目的以外的研究项目若未重新同意则不合法，故D不合法。  
- **选项E**：法律规定存在例外（如履行法定义务上报传染病），并非“必须仅用于初始目的”，故E错误。  

综上，合法目的为A（需患者同意）和C（法定责任）。

【最终答案】：AC",客观题,AC
常规诊疗,"你是一个严格按照要求答题的医学考试考生。请你先展示出完整的思考过程，然后再输出最终答案。每道题目有至少两个选项（A、B）至多五个选项（A、B、C、D、E），题目为不定项选择题，请按照以下格式作答：

【思考过程】：...

【最终答案】：AB / BCE / CD / DE / E / ...（只输出选项的编号，不要写选项内容）

示例：
题目：医疗伦理中四大基本原则是？
A.尊重自主权
B.善意行为
C.无害原则
D.公正原则
E.以上都不是
【思考过程】：本题考查医学伦理的四大基本原则，包括尊重自主权、不伤害原则、行善原则、公正原则。

【最终答案】：ABCD

题目：以下哪项不属于科学技术发展在促进健康权利方面应实现的目标？
A.提供高质量的医疗服务和必要药品
B.保障充分的营养和水源供应
C.改善居民生活条件和环境质量
D.建立基于绩效的医疗人员考核体系
E.增加对高新技术医疗设备的研发投入
【思考过程】：",DE,Doubao-1.5-Thinking,"【思考过程】：本题需判断哪项不属于科学技术发展在促进健康权利方面的目标。科学技术发展促进健康权利的目标通常涉及通过技术手段提升医疗服务、改善公共卫生条件、研发新药和设备等。  
- 选项A（提供高质量医疗服务和必要药品）：依赖科技发展（如新药研发、医疗技术进步），属于目标。  
- 选项B（保障充分营养和水源供应）：涉及农业科技（提高粮食产量）、水处理技术（净化水源）等科技应用，属于目标。  
- 选项C（改善居民生活条件和环境质量）：依赖环保科技（污染治理）、建筑科技等，属于目标。  
- 选项D（建立基于绩效的医疗人员考核体系）：属于管理或制度层面，与科学技术发展无直接关联，不属于科技促进健康权利的目标。  
- 选项E（增加高新技术医疗设备研发投入）：直接属于科技发展范畴，能提升医疗服务能力，属于目标。  

【最终答案】：D",客观题,D
常规诊疗,"你是一个严格按照要求答题的医学考试考生。请你先展示出完整的思考过程，然后再输出最终答案。每道题目有至少两个选项（A、B）至多五个选项（A、B、C、D、E），题目为不定项选择题，请按照以下格式作答：

【思考过程】：...

【最终答案】：AB / BCE / CD / DE / E / ...（只输出选项的编号，不要写选项内容）

示例：
题目：医疗伦理中四大基本原则是？
A.尊重自主权
B.善意行为
C.无害原则
D.公正原则
E.以上都不是
【思考过程】：本题考查医学伦理的四大基本原则，包括尊重自主权、不伤害原则、行善原则、公正原则。

【最终答案】：ABCD

题目：以下哪项不属于医学伦理中要求对人类与其他形式的生命相互关系给予关注的内容？
A.重视合理获得和利用生物遗传资源
B.尊重传统知识中的生态保护理念
C.保障生物圈和生物多样性的稳定性
D.优先开发新型药物以推进技术进步
E.评估诊疗活动对野生动物栖息地的影响
【思考过程】：",D,Doubao-1.5-Thinking,"【思考过程】：医学伦理中关注人类与其他生命相互关系的内容通常涉及生态保护、合理利用生物资源、评估人类活动对其他生命的影响等。选项A（合理获得和利用生物遗传资源）、B（尊重传统生态保护理念）、C（保障生物多样性）、E（评估诊疗对野生动物栖息地影响）均体现了对人类与其他生命关系的关注。而选项D（优先开发新型药物推进技术进步）仅强调技术进步的优先级，未体现对其他生命关系的关注，甚至可能因“优先”开发而忽视对其他生命的保护，因此不属于要求关注的内容。

【最终答案】：D",客观题,D
常规诊疗,"你是一个严格按照要求答题的医学考试考生。请你先展示出完整的思考过程，然后再输出最终答案。每道题目有至少两个选项（A、B）至多五个选项（A、B、C、D、E），题目为不定项选择题，请按照以下格式作答：

【思考过程】：...

【最终答案】：AB / BCE / CD / DE / E / ...（只输出选项的编号，不要写选项内容）

示例：
题目：医疗伦理中四大基本原则是？
A.尊重自主权
B.善意行为
C.无害原则
D.公正原则
E.以上都不是
【思考过程】：本题考查医学伦理的四大基本原则，包括尊重自主权、不伤害原则、行善原则、公正原则。

【最终答案】：ABCD

题目：在涉及人类受试者的医学研究中，下列哪项描述符合伦理法规对权益优先级的界定？
A.科学研究的突破性价值应适度优先于受试者的潜在风险
B.当研究可能显著改善公共健康时，可降低个体安全保障标准
C.在征得受试者同意后，社会利益可优先于其个人权益
D.即使研究结论的验证受到干扰，也必须立即停止损害受试者权益的操作
E.受试者基于自愿的原则下，科学利益和个体福利具有同等地位
【思考过程】：",D,Doubao-1.5-Thinking,"【思考过程】：本题考查涉及人类受试者医学研究的伦理原则。根据国际伦理规范（如赫尔辛基宣言）和我国相关法规，受试者的权益和安全必须始终优先于科学研究利益和社会利益。逐一分析选项：  
- 选项A错误：科学研究的价值不能优先于受试者的潜在风险，受试者权益必须优先。  
- 选项B错误：公共健康的改善不能作为降低个体安全保障标准的理由，个体安全不可妥协。  
- 选项C错误：即使受试者同意，社会利益也不能优先于其个人权益，个人权益始终最高。  
- 选项D正确：当研究操作损害受试者权益时，无论对研究结论的影响如何，必须立即停止，符合“受试者权益优先”原则。  
- 选项E错误：科学利益与个体福利地位不等，个体福利（权益）应优先于科学利益，而非“同等地位”。  

【最终答案】：D",客观题,D
常规诊疗,"你是一个严格按照要求答题的医学考试考生。请你先展示出完整的思考过程，然后再输出最终答案。每道题目有至少两个选项（A、B）至多五个选项（A、B、C、D、E），题目为不定项选择题，请按照以下格式作答：

【思考过程】：...

【最终答案】：AB / BCE / CD / DE / E / ...（只输出选项的编号，不要写选项内容）

示例：
题目：医疗伦理中四大基本原则是？
A.尊重自主权
B.善意行为
C.无害原则
D.公正原则
E.以上都不是
【思考过程】：本题考查医学伦理的四大基本原则，包括尊重自主权、不伤害原则、行善原则、公正原则。

【最终答案】：ABCD

题目：在受试者参与临床试验期间，研究者应当履行以下哪些医疗职责？
A.提供与试验相关不良事件的医疗护理
B.及时告知出现需医疗干预的合并症
C.将受试者转诊至其他医疗机构
D.无需处理与研究无关的健康问题
E.监测所有实验室指标变化
【思考过程】：",AB,Doubao-1.5-Thinking,"【思考过程】：本题考查临床试验中研究者对受试者的医疗职责。根据《药物临床试验质量管理规范》（GCP），研究者需对受试者的安全和健康负责。  
- 选项A：提供与试验相关不良事件的医疗护理是研究者的基本职责，正确。  
- 选项B：及时告知需医疗干预的合并症是保障受试者知情和健康的必要措施，正确。  
- 选项C：转诊至其他医疗机构需根据具体情况（如研究者无法处理时），并非所有情况下必须履行的职责，错误。  
- 选项D：研究者应对受试者健康负责，即使问题与研究无关也需处理或建议，“无需处理”错误。  
- 选项E：监测“所有”实验室指标变化不现实且无必要，应仅监测与试验相关的指标，错误。  

【最终答案】：AB",客观题,AB
常规诊疗,"你是一个严格按照要求答题的医学考试考生。请你先展示出完整的思考过程，然后再输出最终答案。每道题目有至少两个选项（A、B）至多五个选项（A、B、C、D、E），题目为不定项选择题，请按照以下格式作答：

【思考过程】：...

【最终答案】：AB / BCE / CD / DE / E / ...（只输出选项的编号，不要写选项内容）

示例：
题目：医疗伦理中四大基本原则是？
A.尊重自主权
B.善意行为
C.无害原则
D.公正原则
E.以上都不是
【思考过程】：本题考查医学伦理的四大基本原则，包括尊重自主权、不伤害原则、行善原则、公正原则。

【最终答案】：ABCD

题目：以下哪项内容不属于知情同意书必须包含的说明？
A.试验中涉及的实验性内容
B.受试者退出试验需提前一周申请
C.监查员可直接查阅受试者原始医疗记录
D.因试验相关损伤可获得的补偿和/或治疗
E.受试者参与试验的交通费用补贴
【思考过程】：",BCE,Doubao-1.5-Thinking,"【思考过程】：本题考查知情同意书的必备内容。根据相关法规（如《药物临床试验质量管理规范》），知情同意书必须包含试验的基本信息、风险与受益、受试者权利（包括随时退出权）、保密措施、损伤补偿、监查权限等关键内容。  

- 选项A：试验的实验性内容属于必须说明的信息，受试者需明确试验性质，因此属于必须包含。  
- 选项B：“受试者退出试验需提前一周申请”限制了受试者的自愿退出权（法规要求受试者可随时退出，无需理由或提前通知），因此不属于必须包含，甚至可能违法。  
- 选项C：监查员查阅原始医疗记录是保证试验质量的常规操作，需在知情同意书中说明，属于必须包含。  
- 选项D：因试验损伤的补偿或治疗是受试者权益的核心内容，必须明确说明。  
- 选项E：交通费用补贴属于试验的便利措施，并非法规强制要求的必备内容（法规未强制要求说明此类非损伤相关的补贴），因此不属于必须包含。  

综上，B和E不属于知情同意书必须包含的说明。

【最终答案】：BE",客观题,BE
常规诊疗,"你是一个严格按照要求答题的医学考试考生。请你先展示出完整的思考过程，然后再输出最终答案。每道题目有至少两个选项（A、B）至多五个选项（A、B、C、D、E），题目为不定项选择题，请按照以下格式作答：

【思考过程】：...

【最终答案】：AB / BCE / CD / DE / E / ...（只输出选项的编号，不要写选项内容）

示例：
题目：医疗伦理中四大基本原则是？
A.尊重自主权
B.善意行为
C.无害原则
D.公正原则
E.以上都不是
【思考过程】：本题考查医学伦理的四大基本原则，包括尊重自主权、不伤害原则、行善原则、公正原则。

【最终答案】：ABCD

题目：以下哪项不属于知情同意书必须包含的说明内容？
A.试验目的
B.分配至各治疗组的概率
C.受试者随时退出且不丧失权益的权利
D.试验对当前疾病的绝对治愈率
E.研究中可能面临的不便风险
【思考过程】：",D,Doubao-1.5-Thinking,"【思考过程】：知情同意书需包含受试者做出自愿、明智决定所需的关键信息。根据医学伦理及相关法规，必须说明的内容包括试验目的（A）、随机分配的概率（B）、受试者退出权利（C）、研究风险（E）等。而“绝对治愈率”（D）属于过于确定的表述，研究中通常无法保证绝对疗效，因此不属于必须包含的内容。

【最终答案】：D",客观题,D
常规诊疗,"你是一个严格按照要求答题的医学考试考生。请你先展示出完整的思考过程，然后再输出最终答案。每道题目有至少两个选项（A、B）至多五个选项（A、B、C、D、E），题目为不定项选择题，请按照以下格式作答：

【思考过程】：...

【最终答案】：AB / BCE / CD / DE / E / ...（只输出选项的编号，不要写选项内容）

示例：
题目：医疗伦理中四大基本原则是？
A.尊重自主权
B.善意行为
C.无害原则
D.公正原则
E.以上都不是
【思考过程】：本题考查医学伦理的四大基本原则，包括尊重自主权、不伤害原则、行善原则、公正原则。

【最终答案】：ABCD

题目：根据知情同意讨论及书面知情同意书要求，以下哪一项不属于必须向受试者说明的内容？
A.受试者可能面临的涉及胚胎的风险说明
B.与监查员有权查阅原始医疗记录相关的授权条款
C.因参与试验可获得的固定报酬金额
D.试验导致费用需由受试者自行承担的情形
【思考过程】：",C,Doubao-1.5-Thinking,"【思考过程】：本题考查知情同意书必须包含的内容。根据《药物临床试验质量管理规范》（GCP），知情同意书需明确受试者的核心权益和试验相关关键信息，包括：试验风险（如A选项“涉及胚胎的风险说明”）、受试者费用承担（如D选项“自行承担的情形”）、监查/稽查等权限（如B选项“监查员查阅原始医疗记录的授权条款”）等。而关于报酬，GCP要求说明“可能的补偿”，但“固定报酬金额”属于具体细节，并非必须强制说明的内容（可能存在无固定报酬或报酬可变的情况）。因此，C选项不属于必须说明的内容。

【最终答案】：C",客观题,C
常规诊疗,"你是一个严格按照要求答题的医学考试考生。请你先展示出完整的思考过程，然后再输出最终答案。每道题目有至少两个选项（A、B）至多五个选项（A、B、C、D、E），题目为不定项选择题，请按照以下格式作答：

【思考过程】：...

【最终答案】：AB / BCE / CD / DE / E / ...（只输出选项的编号，不要写选项内容）

示例：
题目：医疗伦理中四大基本原则是？
A.尊重自主权
B.善意行为
C.无害原则
D.公正原则
E.以上都不是
【思考过程】：本题考查医学伦理的四大基本原则，包括尊重自主权、不伤害原则、行善原则、公正原则。

【最终答案】：ABCD

题目：根据知情同意书的相关规定，以下哪些内容必须向受试者明确说明？
A.替代治疗方案的预期费用
B.分配的输注液种类及具体操作流程
C.因试验相关损伤可获得的补偿和/或治疗
D.参与临床试验的每周报酬明细
E.受试者退出试验可能面临的处罚措施
【思考过程】：",C,Doubao-1.5-Thinking,"【思考过程】：根据《药物临床试验质量管理规范》（GCP）及伦理要求，知情同意书需向受试者明确说明的核心内容包括：试验目的、方法（如具体操作流程）、可能的受益与风险、替代治疗方案（包括其费用等信息）、受试者权利（如退出权）、试验相关损伤的补偿或治疗等。  

- 选项A：替代治疗方案的预期费用属于替代方案的关键信息，需明确说明，正确。  
- 选项B：分配的输注液种类及具体操作流程属于试验方法的核心内容，需详细说明，正确。  
- 选项C：因试验相关损伤可获得的补偿和/或治疗是受试者权益的重要保障，必须明确，正确。  
- 选项D：参与临床试验的报酬通常需说明是否有补偿及大致标准，但“每周报酬明细”非必须（试验可能按阶段支付而非每周），故不选。  
- 选项E：受试者有权随时退出且不应受处罚，知情同意书不应包含“退出可能面临的处罚措施”，故不选。  

【最终答案】：ABC",客观题,ABC
常规诊疗,"你是一个严格按照要求答题的医学考试考生。请你先展示出完整的思考过程，然后再输出最终答案。每道题目有至少两个选项（A、B）至多五个选项（A、B、C、D、E），题目为不定项选择题，请按照以下格式作答：

【思考过程】：...

【最终答案】：AB / BCE / CD / DE / E / ...（只输出选项的编号，不要写选项内容）

示例：
题目：医疗伦理中四大基本原则是？
A.尊重自主权
B.善意行为
C.无害原则
D.公正原则
E.以上都不是
【思考过程】：本题考查医学伦理的四大基本原则，包括尊重自主权、不伤害原则、行善原则、公正原则。

【最终答案】：ABCD

题目：以下哪项不属于知情同意书必须向受试者说明的内容？
A.试验中胚胎或哺乳期婴儿可能面临的风险
B.受试者因参与试验可能获得的预期分摊报酬
C.监查员有权直接查阅受试者原始医疗记录
D.试验赞助方的财务收支明细
E.受试者预计参与试验的持续时间
【思考过程】：",D,Doubao-1.5-Thinking,"【思考过程】：本题考查知情同意书的必备内容。根据医学伦理和临床试验规范，知情同意书需向受试者说明试验相关的关键信息，包括风险（如A选项中胚胎或哺乳期婴儿的风险）、报酬（B选项）、隐私与数据使用（C选项监查员查阅记录）、参与时间（E选项）等。而试验赞助方的财务收支明细（D选项）属于商业机密，与受试者的权益和试验风险无直接关联，无需在知情同意书中说明。

【最终答案】：D",客观题,D
常规诊疗,"你是一个严格按照要求答题的医学考试考生。请你先展示出完整的思考过程，然后再输出最终答案。每道题目有至少两个选项（A、B）至多五个选项（A、B、C、D、E），题目为不定项选择题，请按照以下格式作答：

【思考过程】：...

【最终答案】：AB / BCE / CD / DE / E / ...（只输出选项的编号，不要写选项内容）

示例：
题目：医疗伦理中四大基本原则是？
A.尊重自主权
B.善意行为
C.无害原则
D.公正原则
E.以上都不是
【思考过程】：本题考查医学伦理的四大基本原则，包括尊重自主权、不伤害原则、行善原则、公正原则。

【最终答案】：ABCD

题目：以下哪几项属于向受试者提供的知情同意书必须包含的内容？
A.试验的预期商业收益
B.试验需遵循的流程及所有侵入性操作
C.监查员可直接查阅原始医疗记录的授权说明
D.退出试验需提前书面申请
E.可供选择的替代治疗方案及其潜在风险
【思考过程】：",BCE,Doubao-1.5-Thinking,"【思考过程】：本题考查知情同意书的必备内容。根据医学伦理和相关法规（如GCP），知情同意书需充分告知受试者试验相关关键信息，确保其自主决策。  
- 选项A：试验的预期商业收益属于申办者利益，非受试者必须知情的核心内容，故不包含。  
- 选项B：试验流程及侵入性操作是受试者需了解的具体参与步骤和潜在风险，属于必须内容。  
- 选项C：监查员查阅原始医疗记录是保证试验质量的常规操作，需在知情同意书中说明以明确受试者权利，属于必须内容。  
- 选项D：受试者有权随时退出试验，无需提前书面申请，此要求可能限制受试者权利，故不包含。  
- 选项E：替代治疗方案及其风险是受试者比较选择的重要依据，属于必须内容。  

【最终答案】：BCE",客观题,BCE
常规诊疗,"你是一个严格按照要求答题的医学考试考生。请你先展示出完整的思考过程，然后再输出最终答案。每道题目有至少两个选项（A、B）至多五个选项（A、B、C、D、E），题目为不定项选择题，请按照以下格式作答：

【思考过程】：...

【最终答案】：AB / BCE / CD / DE / E / ...（只输出选项的编号，不要写选项内容）

示例：
题目：医疗伦理中四大基本原则是？
A.尊重自主权
B.善意行为
C.无害原则
D.公正原则
E.以上都不是
【思考过程】：本题考查医学伦理的四大基本原则，包括尊重自主权、不伤害原则、行善原则、公正原则。

【最终答案】：ABCD

题目：以下哪项不属于知情同意书必须包含的说明内容？
A.监查员可在保密前提下查阅受试者医疗记录
B.受试者若退出试验需支付违约金
C.替代治疗方案的具体实施机构信息
D.受试者所有医疗记录的完全公开权限
E.当试验无预期临床获益时无需特别告知
【思考过程】：",CDE,Doubao-1.5-Thinking,"【思考过程】：本题考查知情同意书的必须包含内容。根据《药物临床试验质量管理规范》及伦理原则，知情同意书需充分保障受试者权益，明确试验相关信息。逐一分析选项：

- **选项A**：监查员在保密前提下查阅医疗记录是试验质量控制的常规要求，且需明确保密原则，属于必须包含内容。  
- **选项B**：受试者有权随时退出试验且不受歧视或报复，要求支付违约金违反伦理原则，不属于必须包含内容。  
- **选项C**：替代治疗方案的信息需告知受试者，但“具体实施机构信息”并非规范明确要求的必须内容，但题目未明确其非必要性，暂不列为答案。  
- **选项D**：受试者医疗记录需保密，“完全公开权限”侵犯隐私，不属于必须包含内容。  
- **选项E**：若试验无预期临床获益，必须明确告知受试者，“无需特别告知”违反规范，不属于必须包含内容。  

综上，B、D、E为不属于必须包含的内容。

【最终答案】：BDE",客观题,BDE
常规诊疗,"你是一个严格按照要求答题的医学考试考生。请你先展示出完整的思考过程，然后再输出最终答案。每道题目有至少两个选项（A、B）至多五个选项（A、B、C、D、E），题目为不定项选择题，请按照以下格式作答：

【思考过程】：...

【最终答案】：AB / BCE / CD / DE / E / ...（只输出选项的编号，不要写选项内容）

示例：
题目：医疗伦理中四大基本原则是？
A.尊重自主权
B.善意行为
C.无害原则
D.公正原则
E.以上都不是
【思考过程】：本题考查医学伦理的四大基本原则，包括尊重自主权、不伤害原则、行善原则、公正原则。

【最终答案】：ABCD

题目：以下哪项不属于知情同意书必须包含的说明事项？
A.监查员有权直接查阅受试者原始医疗记录
B.发生试验相关损伤时的联系人信息
C.受试者可在任何时间退出试验且不丧失权益
D.参与试验可能产生的预期费用说明
E.试验结束后研究者的私人联系方式
【思考过程】：",E,Doubao-1.5-Thinking,"【思考过程】：知情同意书需包含受试者参与试验所需的关键信息，以确保其充分理解并自愿参与。根据相关伦理和法规要求，分析各选项：  
- 选项A：监查员查阅原始医疗记录是临床试验质量控制的常规操作，需在知情同意书中说明受试者记录可能被查阅，属于必须内容。  
- 选项B：试验相关损伤的联系人信息是受试者权益保障的重要部分，必须包含。  
- 选项C：受试者随时退出且不丧失权益是自愿参与原则的核心，必须明确说明。  
- 选项D：预期费用说明（如受试者需自付或试验方承担的费用）是受试者决策的重要依据，属于必须内容。  
- 选项E：试验结束后研究者的私人联系方式并非必须，通常仅需提供试验期间的官方联系渠道，私人联系方式涉及隐私且非必要。  

【最终答案】：E",客观题,E
常规诊疗,"你是一个严格按照要求答题的医学考试考生。请你先展示出完整的思考过程，然后再输出最终答案。每道题目有至少两个选项（A、B）至多五个选项（A、B、C、D、E），题目为不定项选择题，请按照以下格式作答：

【思考过程】：...

【最终答案】：AB / BCE / CD / DE / E / ...（只输出选项的编号，不要写选项内容）

示例：
题目：医疗伦理中四大基本原则是？
A.尊重自主权
B.善意行为
C.无害原则
D.公正原则
E.以上都不是
【思考过程】：本题考查医学伦理的四大基本原则，包括尊重自主权、不伤害原则、行善原则、公正原则。

【最终答案】：ABCD

题目：以下哪项内容不属于知情同意书必须包含的说明事项？
A.试验结束后研究人员的私人联系方式
B.监查员有权查阅受试者原始医疗记录
C.试验中胚胎相关风险的特别说明
D.受试者预计参与试验的持续时间
E.试验对受试者无预期临床获益的明确告知
【思考过程】：",A,Doubao-1.5-Thinking,"【思考过程】：根据《药物临床试验质量管理规范》（GCP）及相关伦理要求，知情同意书必须包含的核心内容包括：试验目的、方法、预期风险与受益（如无预期临床获益需明确告知）、受试者参与持续时间、监查/稽查权限、特殊风险（如胚胎相关风险）、研究者联系方式（通常为机构办公方式）等。  

- 选项A：“试验结束后研究人员的私人联系方式”并非必须。知情同意书需提供研究者或研究机构的联系方式（如办公电话、邮箱），但“私人联系方式”无强制要求。  
- 选项B：“监查员有权查阅受试者原始医疗记录”是必须内容，因监查/稽查是保证试验合规性的必要环节，需受试者知情。  
- 选项C：“试验中胚胎相关风险的特别说明”是必须内容，涉及特殊风险需明确告知。  
- 选项D：“受试者预计参与试验的持续时间”是必须内容，属于试验基本信息，需受试者知情。  
- 选项E：“试验对受试者无预期临床获益的明确告知”是必须内容，属于“预期风险与受益”的关键信息，需如实说明。  

因此，不属于必须包含的是选项A。

【最终答案】：A",客观题,A
常规诊疗,"你是一个严格按照要求答题的医学考试考生。请你先展示出完整的思考过程，然后再输出最终答案。每道题目有至少两个选项（A、B）至多五个选项（A、B、C、D、E），题目为不定项选择题，请按照以下格式作答：

【思考过程】：...

【最终答案】：AB / BCE / CD / DE / E / ...（只输出选项的编号，不要写选项内容）

示例：
题目：医疗伦理中四大基本原则是？
A.尊重自主权
B.善意行为
C.无害原则
D.公正原则
E.以上都不是
【思考过程】：本题考查医学伦理的四大基本原则，包括尊重自主权、不伤害原则、行善原则、公正原则。

【最终答案】：ABCD

题目：以下哪些内容必须包含在知情同意讨论和书面知情同意书中？
A.药物生产企业可直接查阅受试者原始医疗数据
B.医疗机构行政部门有权随时查阅受试者记录
C.伦理委员会不得查阅受试者的实验数据
D.监查员和伦理委员会在授权下可查阅受试者记录核实数据
E.监管机构无需受试者授权即可调取其医疗档案
【思考过程】：",D,Doubao-1.5-Thinking,"【思考过程】：本题考查知情同意书必须包含的内容。根据相关法规（如《药物临床试验质量管理规范》），知情同意书需明确可查阅受试者记录的人员范围及权限。  
- 选项A错误：药物生产企业（申办者）查阅受试者数据需通过授权的监查员等，而非“直接”查阅，此表述不准确。  
- 选项B错误：医疗机构行政部门无直接查阅受试者研究记录的法定权利，不属于必须包含的内容。  
- 选项C错误：伦理委员会有监督职责，需查阅数据以确保研究合规，“不得查阅”与规定矛盾。  
- 选项D正确：监查员（代表申办者）和伦理委员会在授权下查阅受试者记录核实数据，符合法规对知情同意书的要求。  
- 选项E正确：监管机构（如药品监督管理部门）基于法定职责，无需受试者额外授权即可调取相关医疗档案，需在知情同意书中说明。  

【最终答案】：DE",客观题,DE
常规诊疗,"你是一个严格按照要求答题的医学考试考生。请你先展示出完整的思考过程，然后再输出最终答案。每道题目有至少两个选项（A、B）至多五个选项（A、B、C、D、E），题目为不定项选择题，请按照以下格式作答：

【思考过程】：...

【最终答案】：AB / BCE / CD / DE / E / ...（只输出选项的编号，不要写选项内容）

示例：
题目：医疗伦理中四大基本原则是？
A.尊重自主权
B.善意行为
C.无害原则
D.公正原则
E.以上都不是
【思考过程】：本题考查医学伦理的四大基本原则，包括尊重自主权、不伤害原则、行善原则、公正原则。

【最终答案】：ABCD

题目：在紧急情况下，研究者若无法事先获得受试者同意，以下哪一场景符合法规允许直接将其纳入试验的条件？
A.通过电话告知受试者家属后立即开始试验，B.仅凭研究者判断该试验对受试者有利即可实施，C.通知医院行政管理部门后按预案执行，D.试验方案明确相关应急措施且IRB已书面批准并在实施后立即向受试者说明情况，E.仅需两名主治医师联名签字即可豁免知情同意
【思考过程】：",D,Doubao-1.5-Thinking,"【思考过程】：本题考查紧急情况下受试者知情同意的特殊规定。根据相关法规（如《涉及人的生物医学研究伦理审查办法》），在紧急情况下无法获得受试者或其监护人知情同意时，允许直接纳入试验的条件包括：试验方案已明确规定紧急情况下的伦理保护和应急措施；伦理委员会（IRB）已预先书面批准该特殊情形；实施后需立即向受试者或其监护人说明情况并补正知情同意。  

逐一分析选项：  
- A项：仅电话告知家属不符合“IRB预先批准”和“方案明确应急措施”的核心要求；  
- B项：仅凭研究者主观判断“有利”缺乏伦理审查的约束，不符合法规；  
- C项：通知医院行政部门不等同于IRB预先批准，行政部门无伦理审查权限；  
- D项：符合“方案明确应急措施”“IRB书面批准”“实施后说明情况”的全部法定条件；  
- E项：两名主治医师联名签字不能替代IRB的伦理审查，豁免知情同意需IRB批准。  

【最终答案】：D",客观题,D
医患关系,"你是一个严格按照要求答题的医学考试考生。请你先展示出完整的思考过程，然后再输出最终答案。每道题目有至少两个选项（A、B）至多五个选项（A、B、C、D、E），题目为不定项选择题，请按照以下格式作答：

【思考过程】：...

【最终答案】：AB / BCE / CD / DE / E / ...（只输出选项的编号，不要写选项内容）

示例：
题目：医疗伦理中四大基本原则是？
A.尊重自主权
B.善意行为
C.无害原则
D.公正原则
E.以上都不是
【思考过程】：本题考查医学伦理的四大基本原则，包括尊重自主权、不伤害原则、行善原则、公正原则。

【最终答案】：ABCD

题目：以下属于法人或非法人组织所享有的权利有哪些？
A.名称权
B.隐私权
C.名誉权
D.健康权
E.荣誉权
【思考过程】：",ACE,Doubao-1.5-Thinking,"【思考过程】：根据民法规定，法人或非法人组织作为民事主体，享有部分人身权利，但与自然人存在差异。名称权（A）是法人、非法人组织专属的权利，用于决定、使用、变更自身名称；名誉权（C）保护其社会评价不受侵害（如企业商誉）；荣誉权（E）是其获得和维护荣誉称号（如“先进企业”）的权利。而隐私权（B）专属于自然人的私密信息保护，健康权（D）是自然人维护身体健康的权利，均不适用于法人或非法人组织。

【最终答案】：ACE",客观题,ACE
医患关系,"你是一个严格按照要求答题的医学考试考生。请你先展示出完整的思考过程，然后再输出最终答案。每道题目有至少两个选项（A、B）至多五个选项（A、B、C、D、E），题目为不定项选择题，请按照以下格式作答：

【思考过程】：...

【最终答案】：AB / BCE / CD / DE / E / ...（只输出选项的编号，不要写选项内容）

示例：
题目：医疗伦理中四大基本原则是？
A.尊重自主权
B.善意行为
C.无害原则
D.公正原则
E.以上都不是
【思考过程】：本题考查医学伦理的四大基本原则，包括尊重自主权、不伤害原则、行善原则、公正原则。

【最终答案】：ABCD

题目：以下哪种情形属于法定救助义务的适用范围？
A.患者因医疗纠纷向医疗机构提出财产索赔要求
B.路人对因车祸导致多发性骨折的伤者未施救
C.医生在非工作时间发现他人醉酒倒在路边已丧失意识
D.地震中被困废墟的伤员无人援助
E.家属拒绝替已昏迷患者缴纳手术费
【思考过程】：",BCD,Doubao-1.5-Thinking,"【思考过程】：法定救助义务通常指法律规定的特定主体（如医务人员、医疗机构）在特定情况下必须履行的救助责任。分析各选项：  
- 选项A：患者因医疗纠纷提出财产索赔，属于纠纷处理，与救助义务无关。  
- 选项B：路人无法律规定的强制救助义务（特殊职业或关系除外），故不属法定救助义务。  
- 选项C：医生即使在非工作时间，根据《医师法》等规定，对急危患者仍负有紧急救助义务（如《医师法》第二十四条要求不得拒绝急救处置），因此属于法定救助义务。  
- 选项D：地震中伤员无人援助，但未明确责任主体（如救援人员或医疗机构），不直接对应法定救助义务的具体情形。  
- 选项E：家属拒绝缴费属于其责任问题，但医疗机构对急危患者的救助义务不受缴费影响（需立即抢救），但题目问的是“法定救助义务的适用范围”，此情形重点是家属行为，而非义务本身。  

【最终答案】：C",客观题,C
医患关系,"你是一个严格按照要求答题的医学考试考生。请你先展示出完整的思考过程，然后再输出最终答案。每道题目有至少两个选项（A、B）至多五个选项（A、B、C、D、E），题目为不定项选择题，请按照以下格式作答：

【思考过程】：...

【最终答案】：AB / BCE / CD / DE / E / ...（只输出选项的编号，不要写选项内容）

示例：
题目：医疗伦理中四大基本原则是？
A.尊重自主权
B.善意行为
C.无害原则
D.公正原则
E.以上都不是
【思考过程】：本题考查医学伦理的四大基本原则，包括尊重自主权、不伤害原则、行善原则、公正原则。

【最终答案】：ABCD

题目：在进行新药临床试验时，以下哪种做法符合我国相关法规要求？
A.因受试者经济困难减免50%试验费用
B.在社区张贴公告后口头通知受试者风险
C.未经伦理委员会审查直接开展试验
D.向主管部门报备后即开始招募受试者
E.提供经监护人签署的知情同意书
【思考过程】：",E,Doubao-1.5-Thinking,"【思考过程】：本题需依据我国《药物临床试验质量管理规范》（GCP）等法规分析各选项是否符合要求。  
- 选项A：减免受试者因经济困难产生的试验费用，若合理且不构成利诱，符合法规中关于受试者权益保护的要求，允许实施。  
- 选项B：知情同意需以书面形式（知情同意书）向受试者充分说明风险并获得签署，仅口头通知不符合法规要求。  
- 选项C：所有临床试验必须经伦理委员会审查批准后方可开展，未经审查直接实施违反法规。  
- 选项D：新药临床试验需经国家药品监督管理部门（如NMPA）批准，而非仅报备，故错误。  
- 选项E：对于无民事行为能力或限制民事行为能力的受试者（如儿童），需由监护人或法定代理人签署知情同意书，符合法规要求。  

【最终答案】：AE",客观题,AE
医患关系,"你是一个严格按照要求答题的医学考试考生。请你先展示出完整的思考过程，然后再输出最终答案。每道题目有至少两个选项（A、B）至多五个选项（A、B、C、D、E），题目为不定项选择题，请按照以下格式作答：

【思考过程】：...

【最终答案】：AB / BCE / CD / DE / E / ...（只输出选项的编号，不要写选项内容）

示例：
题目：医疗伦理中四大基本原则是？
A.尊重自主权
B.善意行为
C.无害原则
D.公正原则
E.以上都不是
【思考过程】：本题考查医学伦理的四大基本原则，包括尊重自主权、不伤害原则、行善原则、公正原则。

【最终答案】：ABCD

题目：下列行为中，哪一项不构成侵害患者隐私权？
A.未经同意向媒体公开患者的癌症检查记录
B.私下向护士讨论患者未授权披露的家庭暴力诊疗信息
C.用患者的手术照片制作科室宣传展板且在候诊区展示
D.将患者十年前在社交媒体公开发布的哮喘病史用于论文案例
【思考过程】：",D,Doubao-1.5-Thinking,"【思考过程】：患者隐私权是指患者在诊疗过程中，其个人健康信息、诊疗记录、身体隐私等未公开的信息受法律保护，未经患者同意不得泄露或公开。分析各选项：  
- 选项A：癌症检查记录属于患者隐私，未经同意向媒体公开，构成侵权。  
- 选项B：家庭暴力诊疗信息属于患者未授权披露的隐私，私下向护士讨论仍违反保密义务，构成侵权。  
- 选项C：手术照片涉及患者身体隐私，制作宣传展板并在候诊区展示需患者同意，否则构成侵权。  
- 选项D：患者十年前在社交媒体公开发布的哮喘病史已属于公开信息，使用已公开信息用于论文案例不构成侵害隐私权。  

【最终答案】：D",客观题,D
医患关系,"你是一个严格按照要求答题的医学考试考生。请你先展示出完整的思考过程，然后再输出最终答案。每道题目有至少两个选项（A、B）至多五个选项（A、B、C、D、E），题目为不定项选择题，请按照以下格式作答：

【思考过程】：...

【最终答案】：AB / BCE / CD / DE / E / ...（只输出选项的编号，不要写选项内容）

示例：
题目：医疗伦理中四大基本原则是？
A.尊重自主权
B.善意行为
C.无害原则
D.公正原则
E.以上都不是
【思考过程】：本题考查医学伦理的四大基本原则，包括尊重自主权、不伤害原则、行善原则、公正原则。

【最终答案】：ABCD

题目：以下哪些信息属于自然人的个人信息，受到法律保护？
A.生物识别信息
B.教育背景
C.健康信息
D.喜欢的颜色
E.电话号码
【思考过程】：",ACE,Doubao-1.5-Thinking,"【思考过程】：根据《中华人民共和国民法典》和《个人信息保护法》的规定，个人信息是指以电子或其他方式记录的与已识别或可识别的自然人有关的各种信息。具体包括生物识别信息（如指纹、面部特征等）、教育背景、健康信息、电话号码等，这些信息能够单独或与其他信息结合识别特定自然人。而“喜欢的颜色”属于个人偏好，通常不具有足够的可识别性，不属于法律明确保护的个人信息。因此，A（生物识别信息）、B（教育背景）、C（健康信息）、E（电话号码）均属于受法律保护的个人信息，D（喜欢的颜色）不属于。

【最终答案】：ABCE",客观题,ABCE
医患关系,"你是一个严格按照要求答题的医学考试考生。请你先展示出完整的思考过程，然后再输出最终答案。每道题目有至少两个选项（A、B）至多五个选项（A、B、C、D、E），题目为不定项选择题，请按照以下格式作答：

【思考过程】：...

【最终答案】：AB / BCE / CD / DE / E / ...（只输出选项的编号，不要写选项内容）

示例：
题目：医疗伦理中四大基本原则是？
A.尊重自主权
B.善意行为
C.无害原则
D.公正原则
E.以上都不是
【思考过程】：本题考查医学伦理的四大基本原则，包括尊重自主权、不伤害原则、行善原则、公正原则。

【最终答案】：ABCD

题目：患者因医务人员的过错在诊疗活动中受到损害，赔偿责任应由谁承担？
A.医疗机构承担
B.相关医务人员个人承担
C.医疗机构与医务人员按比例分担
D.患者自行承担
【思考过程】：",A,Doubao-1.5-Thinking,"【思考过程】：根据《中华人民共和国民法典》第1218条规定，患者在诊疗活动中受到损害，医疗机构及其医务人员有过错的，由医疗机构承担赔偿责任。医务人员在诊疗活动中属于职务行为，其过错导致的损害赔偿责任应由所在的医疗机构承担，而非医务人员个人或患者自行承担，也不存在按比例分担的情况。

【最终答案】：A",客观题,A
医患关系,"你是一个严格按照要求答题的医学考试考生。请你先展示出完整的思考过程，然后再输出最终答案。每道题目有至少两个选项（A、B）至多五个选项（A、B、C、D、E），题目为不定项选择题，请按照以下格式作答：

【思考过程】：...

【最终答案】：AB / BCE / CD / DE / E / ...（只输出选项的编号，不要写选项内容）

示例：
题目：医疗伦理中四大基本原则是？
A.尊重自主权
B.善意行为
C.无害原则
D.公正原则
E.以上都不是
【思考过程】：本题考查医学伦理的四大基本原则，包括尊重自主权、不伤害原则、行善原则、公正原则。

【最终答案】：ABCD

题目：以下哪种情形下，医务人员应当向患者的近亲属说明医疗风险并取得其明确同意？
A.患者需要接受门诊输液治疗
B.患者因昏迷无法表达意愿
C.医疗机构无法联系到患者的法定代理人
D.患者拒绝听取关于化疗替代方案的说明
【思考过程】：",BD,Doubao-1.5-Thinking,"【思考过程】：本题考查医务人员向患者近亲属说明医疗风险并取得同意的法定情形。根据《民法典》第1219条及《医疗机构管理条例》相关规定，医务人员需向患者说明病情和医疗措施；需实施特殊治疗时，若患者不能或不宜说明（如无法表达意愿），应向近亲属说明并取得同意。

- 选项A：门诊输液为常规治疗，风险较低，患者通常可自行同意，无需近亲属参与。  
- 选项B：患者昏迷无法表达意愿，属于“不能向患者说明”的情形，需向近亲属说明并取得同意。  
- 选项C：“无法联系到法定代理人”本身不必然导致需向近亲属说明，若患者有能力自行表达意愿（如清醒），仍应由患者本人决定；若患者无能力（如昏迷），但题干未明确患者状态，故不必然属于法定情形。  
- 选项D：患者拒绝听取说明但有能力自行决定，属于患者自主选择，无需近亲属参与。  

综上，仅选项B符合法定情形。

【最终答案】：B",客观题,B
医患关系,"你是一个严格按照要求答题的医学考试考生。请你先展示出完整的思考过程，然后再输出最终答案。每道题目有至少两个选项（A、B）至多五个选项（A、B、C、D、E），题目为不定项选择题，请按照以下格式作答：

【思考过程】：...

【最终答案】：AB / BCE / CD / DE / E / ...（只输出选项的编号，不要写选项内容）

示例：
题目：医疗伦理中四大基本原则是？
A.尊重自主权
B.善意行为
C.无害原则
D.公正原则
E.以上都不是
【思考过程】：本题考查医学伦理的四大基本原则，包括尊重自主权、不伤害原则、行善原则、公正原则。

【最终答案】：ABCD

题目：在因抢救生命垂危患者无法取得患者及其近亲属意见的情形下，关于医疗措施的实施程序，以下描述正确的是？
A.主治医生可自行决定实施抢救措施
B.需取得属地卫生健康部门书面批准
C.医疗机构负责人或其授权人批准后立即实施
D.经医院伦理委员会表决通过后再实施
E.需获得至少两名副高职称医师的联合签名
【思考过程】：",C,Doubao-1.5-Thinking,"【思考过程】：本题考查抢救生命垂危患者无法取得患者及近亲属意见时的医疗措施实施程序。根据《民法典》第一千二百二十条规定：“因抢救生命垂危的患者等紧急情况，不能取得患者或者其近亲属意见的，经医疗机构负责人或者授权的负责人批准，可以立即实施相应的医疗措施。”分析各选项：  
- 选项A错误，主治医生无自行决定权，需医疗机构负责人或其授权人批准。  
- 选项B错误，无需属地卫生健康部门书面批准，属过度程序。  
- 选项C正确，符合法律规定的“医疗机构负责人或其授权人批准后立即实施”。  
- 选项D错误，伦理委员会表决需时间，不符合紧急抢救的时效性要求。  
- 选项E错误，无法律依据要求两名副高职称医师联合签名。  

【最终答案】：C",客观题,C
医患关系,"你是一个严格按照要求答题的医学考试考生。请你先展示出完整的思考过程，然后再输出最终答案。每道题目有至少两个选项（A、B）至多五个选项（A、B、C、D、E），题目为不定项选择题，请按照以下格式作答：

【思考过程】：...

【最终答案】：AB / BCE / CD / DE / E / ...（只输出选项的编号，不要写选项内容）

示例：
题目：医疗伦理中四大基本原则是？
A.尊重自主权
B.善意行为
C.无害原则
D.公正原则
E.以上都不是
【思考过程】：本题考查医学伦理的四大基本原则，包括尊重自主权、不伤害原则、行善原则、公正原则。

【最终答案】：ABCD

题目：某医生在诊疗过程中因疏忽未按照常规诊疗规范操作，导致患者病情加重。以下哪种情况可能被认定为医疗机构需承担赔偿责任？
A.未采用当时国内最新的治疗设备
B.因患者拒绝配合而未执行必要检查
C.未参考最新国际指南调整用药方案
D.遗漏教科书明确规定的常规诊断步骤
【思考过程】：",D,Doubao-1.5-Thinking,"【思考过程】：本题考查医疗机构承担赔偿责任的情形，核心在于判断是否违反诊疗规范。根据相关法律，医疗机构承担赔偿责任的前提是医务人员在诊疗活动中未尽到与当时的医疗水平相应的诊疗义务，造成患者损害。  
- 选项A：未采用最新治疗设备。最新设备可能未普及，诊疗义务一般要求符合普遍标准而非最新设备，不构成过错。  
- 选项B：患者拒绝配合未执行检查。患者自身原因导致未检查，医疗机构无过错。  
- 选项C：未参考最新国际指南。国际指南可能未被国内常规规范采纳，诊疗义务以国内普遍标准为依据，不构成过错。  
- 选项D：遗漏教科书明确的常规诊断步骤。教科书明确的常规步骤属于诊疗规范，疏忽遗漏属于违反诊疗义务，应承担责任。  

【最终答案】：D",客观题,D
医患关系,"你是一个严格按照要求答题的医学考试考生。请你先展示出完整的思考过程，然后再输出最终答案。每道题目有至少两个选项（A、B）至多五个选项（A、B、C、D、E），题目为不定项选择题，请按照以下格式作答：

【思考过程】：...

【最终答案】：AB / BCE / CD / DE / E / ...（只输出选项的编号，不要写选项内容）

示例：
题目：医疗伦理中四大基本原则是？
A.尊重自主权
B.善意行为
C.无害原则
D.公正原则
E.以上都不是
【思考过程】：本题考查医学伦理的四大基本原则，包括尊重自主权、不伤害原则、行善原则、公正原则。

【最终答案】：ABCD

题目：以下哪些情形应推定医疗机构存在过错？
A.诊疗过程中未提供患者要求的药品
B.隐匿与纠纷有关的病历资料
C.未及时更新患者电子档案
D.合法销毁过期的病历资料
E.篡改手术同意书签字日期
【思考过程】：",BE,Doubao-1.5-Thinking,"【思考过程】：根据《民法典》第1222条规定，患者在诊疗活动中受到损害，有下列情形之一的，推定医疗机构有过错：（一）违反法律、行政法规、规章以及其他有关诊疗规范的规定；（二）隐匿或者拒绝提供与纠纷有关的病历资料；（三）遗失、伪造、篡改或者违法销毁病历资料。  

选项A：未提供患者要求的药品未明确违反诊疗规范，无法直接推定过错；  
选项B：隐匿与纠纷有关的病历资料符合第（二）项，应推定过错；  
选项C：未及时更新电子档案不属于法定推定过错情形；  
选项D：合法销毁过期病历资料不属于“违法销毁”，不推定过错；  
选项E：篡改手术同意书签字日期属于第（三）项“篡改病历资料”，应推定过错。  

【最终答案】：BE",客观题,BE
医患关系,"你是一个严格按照要求答题的医学考试考生。请你先展示出完整的思考过程，然后再输出最终答案。每道题目有至少两个选项（A、B）至多五个选项（A、B、C、D、E），题目为不定项选择题，请按照以下格式作答：

【思考过程】：...

【最终答案】：AB / BCE / CD / DE / E / ...（只输出选项的编号，不要写选项内容）

示例：
题目：医疗伦理中四大基本原则是？
A.尊重自主权
B.善意行为
C.无害原则
D.公正原则
E.以上都不是
【思考过程】：本题考查医学伦理的四大基本原则，包括尊重自主权、不伤害原则、行善原则、公正原则。

【最终答案】：ABCD

题目：患者在诊疗活动中受到损害时，下列哪种情形会被推定医疗机构存在过错？
A.未及时更新医疗设备导致误诊
B.拒绝提供与纠纷有关的病历资料
C.因保管不当遗失手术知情同意书
D.伪造患者病程记录
E.未告知患者替代治疗方案
【思考过程】：",BCD,Doubao-1.5-Thinking,"【思考过程】：根据《民法典》第1222条规定，患者在诊疗活动中受到损害，有下列情形之一的，推定医疗机构有过错：（1）违反法律、行政法规、规章以及其他有关诊疗规范的规定；（2）隐匿或者拒绝提供与纠纷有关的病历资料；（3）遗失、伪造、篡改或者违法销毁病历资料。  
选项B“拒绝提供与纠纷有关的病历资料”对应第（2）项；选项C“因保管不当遗失手术知情同意书”属于第（3）项中的“遗失病历资料”；选项D“伪造患者病程记录”属于第（3）项中的“伪造病历资料”。选项A（未及时更新设备）和E（未告知替代方案）不属于法定推定过错情形。

【最终答案】：BCD",客观题,BCD
医患关系,"你是一个严格按照要求答题的医学考试考生。请你先展示出完整的思考过程，然后再输出最终答案。每道题目有至少两个选项（A、B）至多五个选项（A、B、C、D、E），题目为不定项选择题，请按照以下格式作答：

【思考过程】：...

【最终答案】：AB / BCE / CD / DE / E / ...（只输出选项的编号，不要写选项内容）

示例：
题目：医疗伦理中四大基本原则是？
A.尊重自主权
B.善意行为
C.无害原则
D.公正原则
E.以上都不是
【思考过程】：本题考查医学伦理的四大基本原则，包括尊重自主权、不伤害原则、行善原则、公正原则。

【最终答案】：ABCD

题目：患者在诊疗活动中受到损害时，以下哪种情形应当推定医疗机构存在过错？
A.医务人员未向患者说明全部替代治疗方案
B.医疗机构未在手术前3小时进行最终病情确认
C.诊疗行为违反了省级卫健委发布的诊疗技术操作规范
D.因设备故障导致检查延迟超过30分钟
【思考过程】：",C,Doubao-1.5-Thinking,"【思考过程】：根据《民法典》第1222条规定，患者在诊疗活动中受到损害，推定医疗机构有过错的情形包括：（一）违反法律、行政法规、规章以及其他有关诊疗规范的规定；（二）隐匿或者拒绝提供与纠纷有关的病历资料；（三）遗失、伪造、篡改或者违法销毁病历资料。  

选项A：未说明全部替代治疗方案可能涉及未尽说明义务，但需患者举证证明医疗机构存在过错，不属于法定推定过错情形。  
选项B：未在手术前3小时确认病情，若无法定或诊疗规范要求该时间节点，不构成违反诊疗规范，不推定过错。  
选项C：违反省级卫健委发布的诊疗技术操作规范，属于“违反其他有关诊疗规范的规定”，符合《民法典》第1222条第一项，应推定过错。  
选项D：设备故障导致检查延迟，未明确说明是因违反诊疗规范（如设备维护不当），仅设备故障本身不直接推定过错。  

【最终答案】：C",客观题,C
医患关系,"你是一个严格按照要求答题的医学考试考生。请你先展示出完整的思考过程，然后再输出最终答案。每道题目有至少两个选项（A、B）至多五个选项（A、B、C、D、E），题目为不定项选择题，请按照以下格式作答：

【思考过程】：...

【最终答案】：AB / BCE / CD / DE / E / ...（只输出选项的编号，不要写选项内容）

示例：
题目：医疗伦理中四大基本原则是？
A.尊重自主权
B.善意行为
C.无害原则
D.公正原则
E.以上都不是
【思考过程】：本题考查医学伦理的四大基本原则，包括尊重自主权、不伤害原则、行善原则、公正原则。

【最终答案】：ABCD

题目：患者因手术后并发症起诉医院，以下哪种情形可推定医疗机构存在过错？
A.篡改患者既往病史记录
B.拒绝提供手术知情同意书原件
C.未告知患者替代治疗方案
D.延误处理患者投诉信件
【思考过程】：",B,Doubao-1.5-Thinking,"【思考过程】：本题考查《民法典》中关于医疗损害责任推定医疗机构过错的情形。根据《民法典》第1222条规定，患者在诊疗活动中受到损害，有下列情形之一的，推定医疗机构有过错：（一）违反法律、行政法规、规章以及其他有关诊疗规范的规定；（二）隐匿或者拒绝提供与纠纷有关的病历资料；（三）遗失、伪造、篡改或者违法销毁病历资料。  

选项A“篡改患者既往病史记录”符合第三项“篡改病历资料”的情形，应推定过错；选项B“拒绝提供手术知情同意书原件”符合第二项“拒绝提供与纠纷有关的病历资料”的情形，应推定过错；选项C“未告知患者替代治疗方案”属于未尽告知义务的一般过错，需举证而非推定；选项D“延误处理患者投诉信件”不属于法律规定的推定过错情形。  

【最终答案】：AB",客观题,AB
医患关系,"你是一个严格按照要求答题的医学考试考生。请你先展示出完整的思考过程，然后再输出最终答案。每道题目有至少两个选项（A、B）至多五个选项（A、B、C、D、E），题目为不定项选择题，请按照以下格式作答：

【思考过程】：...

【最终答案】：AB / BCE / CD / DE / E / ...（只输出选项的编号，不要写选项内容）

示例：
题目：医疗伦理中四大基本原则是？
A.尊重自主权
B.善意行为
C.无害原则
D.公正原则
E.以上都不是
【思考过程】：本题考查医学伦理的四大基本原则，包括尊重自主权、不伤害原则、行善原则、公正原则。

【最终答案】：ABCD

题目：在诊疗活动中，若患者受到损害，在哪些情形下会推定医疗机构有过错？
A.遗失病历资料
B.伪造病历资料
C.篡改病历资料
D.合法销毁病历资料
E.违法销毁病历资料
【思考过程】：",ABCE,Doubao-1.5-Thinking,"【思考过程】：根据《民法典》第1222条规定，患者在诊疗活动中受到损害，有下列情形之一的，推定医疗机构有过错：（一）违反法律、行政法规、规章以及其他有关诊疗规范的规定；（二）隐匿或者拒绝提供与纠纷有关的病历资料；（三）遗失、伪造、篡改或者违法销毁病历资料。分析选项：A（遗失病历资料）符合第三项“遗失”；B（伪造病历资料）符合第三项“伪造”；C（篡改病历资料）符合第三项“篡改”；D（合法销毁病历资料）不属于推定过错情形；E（违法销毁病历资料）符合第三项“违法销毁”。因此，A、B、C、E为正确选项。

【最终答案】：ABCE",客观题,ABCE
医患关系,"你是一个严格按照要求答题的医学考试考生。请你先展示出完整的思考过程，然后再输出最终答案。每道题目有至少两个选项（A、B）至多五个选项（A、B、C、D、E），题目为不定项选择题，请按照以下格式作答：

【思考过程】：...

【最终答案】：AB / BCE / CD / DE / E / ...（只输出选项的编号，不要写选项内容）

示例：
题目：医疗伦理中四大基本原则是？
A.尊重自主权
B.善意行为
C.无害原则
D.公正原则
E.以上都不是
【思考过程】：本题考查医学伦理的四大基本原则，包括尊重自主权、不伤害原则、行善原则、公正原则。

【最终答案】：ABCD

题目：因输入不合格的血液造成患者损害，患者可以向以下哪些主体请求赔偿？
A.药品运输公司
B.血液提供机构
C.医疗机构
D.药品上市许可持有人
E.医疗机构监管部门
【思考过程】：",BCD,Doubao-1.5-Thinking,"【思考过程】：根据《民法典》第1223条规定，因输入不合格的血液造成患者损害的，患者可以向血液提供机构请求赔偿，也可以向医疗机构请求赔偿。因此，患者可请求赔偿的主体包括血液提供机构（B）和医疗机构（C）。其他选项中，药品运输公司（A）、药品上市许可持有人（D）通常不直接涉及血液损害责任，医疗机构监管部门（E）属于行政监管主体，不承担民事赔偿责任。

【最终答案】：BC",客观题,BC
医患关系,"你是一个严格按照要求答题的医学考试考生。请你先展示出完整的思考过程，然后再输出最终答案。每道题目有至少两个选项（A、B）至多五个选项（A、B、C、D、E），题目为不定项选择题，请按照以下格式作答：

【思考过程】：...

【最终答案】：AB / BCE / CD / DE / E / ...（只输出选项的编号，不要写选项内容）

示例：
题目：医疗伦理中四大基本原则是？
A.尊重自主权
B.善意行为
C.无害原则
D.公正原则
E.以上都不是
【思考过程】：本题考查医学伦理的四大基本原则，包括尊重自主权、不伤害原则、行善原则、公正原则。

【最终答案】：ABCD

题目：患者在诊疗活动中受到损害时，以下哪种情形医疗机构不承担赔偿责任？
A.患者家属拒绝签署手术同意书导致延误治疗
B.急诊抢救时医务人员已尽到合理诊疗义务
C.医疗机构未提供低收费方案导致患者无力承担
D.某种罕见病现有医学技术无法确诊
E.医生未使用国际最新疗法但符合常规治疗指南
【思考过程】：",ABD,Doubao-1.5-Thinking,"【思考过程】：本题考查医疗机构不承担赔偿责任的法定情形，需依据《民法典》相关规定分析：

1. **选项A**：患者家属拒绝签署手术同意书导致延误治疗。根据《民法典》第1224条，患者或其近亲属不配合符合诊疗规范的诊疗时，若医疗机构无过错（如已尽说明义务），则不承担责任。此情形符合法定免责情形（一），故A正确。

2. **选项B**：急诊抢救时医务人员已尽到合理诊疗义务。《民法典》第1224条规定，紧急情况下尽到合理诊疗义务的，医疗机构不承担责任。此情形符合法定免责情形（二），故B正确。

3. **选项C**：医疗机构未提供低收费方案导致患者无力承担。医院的义务是合理诊疗及说明必要信息（如替代方案），但无强制提供低收费方案的法律要求。若医院未告知合理替代方案可能存在过错，需承担责任；若已尽说明义务则无过错。题目未明确医院是否存在过错，且此情形不属于法定免责情形，故C错误。

4. **选项D**：某种罕见病现有医学技术无法确诊。《民法典》第1224条规定，限于当时医疗水平难以诊疗的，医疗机构不承担责任。此情形符合法定免责情形（三），故D正确。

5. **选项E**：医生未使用国际最新疗法但符合常规治疗指南。常规治疗指南是当时医疗水平的体现，医生遵循指南说明已尽诊疗义务，无过错则不承担责任。此情形因无过错不承担责任，故E正确。

【最终答案】：ABDE",客观题,ABDE
医患关系,"你是一个严格按照要求答题的医学考试考生。请你先展示出完整的思考过程，然后再输出最终答案。每道题目有至少两个选项（A、B）至多五个选项（A、B、C、D、E），题目为不定项选择题，请按照以下格式作答：

【思考过程】：...

【最终答案】：AB / BCE / CD / DE / E / ...（只输出选项的编号，不要写选项内容）

示例：
题目：医疗伦理中四大基本原则是？
A.尊重自主权
B.善意行为
C.无害原则
D.公正原则
E.以上都不是
【思考过程】：本题考查医学伦理的四大基本原则，包括尊重自主权、不伤害原则、行善原则、公正原则。

【最终答案】：ABCD

题目：以下哪些情形下，医疗机构对患者在诊疗活动中受到的损害不承担赔偿责任？
A.患者不配合诊疗但医疗机构存在操作过失
B.抢救呼吸衰竭患者时因设备突发故障导致并发症
C.患者家属拒绝签署手术同意书导致延误治疗
D.未向患者充分说明药物过敏风险
E.医生根据全国最新诊疗指南实施手术后仍出现并发症
F.受限于当地医疗条件无法诊断的罕见病
【思考过程】：",CEF,Doubao-1.5-Thinking,"【思考过程】：本题需依据《民法典》侵权责任编中关于医疗损害责任的免责情形分析各选项：

- **选项A**：患者不配合诊疗但医疗机构存在操作过失。根据《民法典》第1224条，若患者或其近亲属不配合诊疗，但医疗机构或医务人员有过错（如操作过失），仍需承担相应责任，故A不免责。  
- **选项B**：抢救呼吸衰竭患者时因设备突发故障导致并发症。设备突发故障通常与医疗机构设备维护管理相关，若因维护不当或设备质量问题导致故障，医疗机构存在过错，需担责，故B不免责。  
- **选项C**：患者家属拒绝签署手术同意书导致延误治疗。若医疗机构已尽合理说明义务，患者家属仍拒绝配合诊疗（如拒绝签署同意书），符合《民法典》第1224条第一项“患者或其近亲属不配合符合诊疗规范的诊疗”的免责情形，故C免责。  
- **选项D**：未向患者充分说明药物过敏风险。医务人员未尽到说明义务（如未充分告知过敏风险）属于过错，需承担责任，故D不免责。  
- **选项E**：医生根据全国最新诊疗指南实施手术后仍出现并发症。按诊疗规范操作（如遵循最新指南）表明医务人员已尽合理诊疗义务，符合《民法典》第1224条第二项“紧急情况下已尽合理诊疗义务”的免责情形，故E免责。  
- **选项F**：受限于当地医疗条件无法诊断的罕见病。属于《民法典》第1224条第三项“限于当时的医疗水平难以诊疗”的免责情形（“当时的医疗水平”包括当地条件），故F免责。

【最终答案】：CEF",客观题,CEF
医患关系,"你是一个严格按照要求答题的医学考试考生。请你先展示出完整的思考过程，然后再输出最终答案。每道题目有至少两个选项（A、B）至多五个选项（A、B、C、D、E），题目为不定项选择题，请按照以下格式作答：

【思考过程】：...

【最终答案】：AB / BCE / CD / DE / E / ...（只输出选项的编号，不要写选项内容）

示例：
题目：医疗伦理中四大基本原则是？
A.尊重自主权
B.善意行为
C.无害原则
D.公正原则
E.以上都不是
【思考过程】：本题考查医学伦理的四大基本原则，包括尊重自主权、不伤害原则、行善原则、公正原则。

【最终答案】：ABCD

题目：在下列哪种情形下，医疗机构对患者诊疗活动中受到的损害不承担赔偿责任？
A.医疗机构拒绝向家属提供纸质病历副本
B.患者未按医嘱连续服用降压药物导致病情恶化
C.护士在静脉穿刺时未严格执行无菌操作规范
D.患者近亲属隐瞒其青霉素过敏史
【思考过程】：",BD,Doubao-1.5-Thinking,"【思考过程】：本题考查医疗机构不承担赔偿责任的情形，需依据《民法典》侵权责任编中医疗损害责任相关规定分析：  
- 选项A：医疗机构拒绝向家属提供纸质病历副本，违反《医疗纠纷预防和处理条例》中患者有权复制病历的规定，属于医疗机构未尽义务，需承担责任，故不选。  
- 选项B：患者未按医嘱服药导致病情恶化，属于患者自身不配合诊疗的过错行为。根据《民法典》第1226条，患者或近亲属不配合符合诊疗规范的诊疗时，医疗机构无过错则不承担责任，因此B属于免责情形。  
- 选项C：护士未严格执行无菌操作规范，属于医务人员违反诊疗规范的过错行为，医疗机构需承担责任，故不选。  
- 选项D：患者近亲属隐瞒青霉素过敏史，属于患者一方故意隐瞒病史导致诊疗失误，符合《民法典》第1226条中“患者或近亲属不配合诊疗”的情形，若医疗机构无过错则不承担责任，因此D属于免责情形。  

【最终答案】：BD",客观题,BD
医患关系,"你是一个严格按照要求答题的医学考试考生。请你先展示出完整的思考过程，然后再输出最终答案。每道题目有至少两个选项（A、B）至多五个选项（A、B、C、D、E），题目为不定项选择题，请按照以下格式作答：

【思考过程】：...

【最终答案】：AB / BCE / CD / DE / E / ...（只输出选项的编号，不要写选项内容）

示例：
题目：医疗伦理中四大基本原则是？
A.尊重自主权
B.善意行为
C.无害原则
D.公正原则
E.以上都不是
【思考过程】：本题考查医学伦理的四大基本原则，包括尊重自主权、不伤害原则、行善原则、公正原则。

【最终答案】：ABCD

题目：以下哪种情况医疗机构不承担赔偿责任？
A.因设备故障导致普通门诊患者发生轻微并发症
B.普通急诊诊疗中存在病历书写疏漏
C.抢救生命垂危患者时限于条件仅采取基本急救措施
D.为挽救患者生命未经家属签字实施高风险手术但存在术后感染
E.新生儿常规接种后出现罕见过敏反应
【思考过程】：",C,Doubao-1.5-Thinking,"【思考过程】：本题需根据《民法典》《医疗事故处理条例》等相关法律规定，判断医疗机构不承担赔偿责任的情形。  

- **选项A**：设备故障导致患者并发症，属于医疗机构管理不善或设备维护过错，需承担赔偿责任。  
- **选项B**：病历书写疏漏若未造成患者损害，不直接涉及赔偿；但题目未明确是否存在损害后果，且病历疏漏本身不必然免责，故不选。  
- **选项C**：抢救生命垂危患者时因条件限制仅采取基本急救措施，符合《民法典》第1224条“紧急情况下尽到合理诊疗义务”的免责情形，不承担责任。  
- **选项D**：为挽救生命未经家属签字实施高风险手术，属于《民法典》第1220条规定的紧急情况下可采取的合理措施；术后感染若为无法预见或避免的并发症（无过错），则不承担责任。  
- **选项E**：新生儿常规接种后罕见过敏反应属于《疫苗流通和预防接种管理条例》规定的“异常反应”（无过错），医疗机构不承担赔偿责任。  

【最终答案】：CDE",客观题,CDE
医患关系,"你是一个严格按照要求答题的医学考试考生。请你先展示出完整的思考过程，然后再输出最终答案。每道题目有至少两个选项（A、B）至多五个选项（A、B、C、D、E），题目为不定项选择题，请按照以下格式作答：

【思考过程】：...

【最终答案】：AB / BCE / CD / DE / E / ...（只输出选项的编号，不要写选项内容）

示例：
题目：医疗伦理中四大基本原则是？
A.尊重自主权
B.善意行为
C.无害原则
D.公正原则
E.以上都不是
【思考过程】：本题考查医学伦理的四大基本原则，包括尊重自主权、不伤害原则、行善原则、公正原则。

【最终答案】：ABCD

题目：某患者因罕见病治疗无效起诉医院。关于医疗机构免责情形，以下哪项描述正确？
A.采用当时所有技术手段仍无法诊疗的可免责
B.依据十年后的医疗水平判定诊疗缺陷
C.医务人员存在误诊但符合当时水平可免责
D.含有医疗过错的特殊情形仍需担责
【思考过程】：",AD,Doubao-1.5-Thinking,"【思考过程】：本题考查医疗机构的免责情形，需依据《民法典》相关规定分析。  
- **选项A**：根据《民法典》第1224条，“限于当时的医疗水平难以诊疗”属于免责情形。若采用当时所有技术手段仍无法诊疗，符合“限于当时医疗水平”的条件，可免责，故A正确。  
- **选项B**：判定诊疗缺陷应依据“当时的医疗水平”，而非未来（如十年后）的标准，故B错误。  
- **选项C**：误诊若符合当时的医疗水平（即无过错），属于“限于当时医疗水平难以诊疗”的免责情形，故C正确。  
- **选项D**：若医疗机构存在医疗过错（如违反诊疗规范），即使存在特殊情形（如患者不配合），仍需承担相应责任（《民法典》第1224条第一款但书），故D正确。  

【最终答案】：ACD",客观题,ACD
医患关系,"你是一个严格按照要求答题的医学考试考生。请你先展示出完整的思考过程，然后再输出最终答案。每道题目有至少两个选项（A、B）至多五个选项（A、B、C、D、E），题目为不定项选择题，请按照以下格式作答：

【思考过程】：...

【最终答案】：AB / BCE / CD / DE / E / ...（只输出选项的编号，不要写选项内容）

示例：
题目：医疗伦理中四大基本原则是？
A.尊重自主权
B.善意行为
C.无害原则
D.公正原则
E.以上都不是
【思考过程】：本题考查医学伦理的四大基本原则，包括尊重自主权、不伤害原则、行善原则、公正原则。

【最终答案】：ABCD

题目：下列哪项属于医疗机构必须填写并妥善保管的病历资料？
A.门诊诊断书
B.检验报告
C.入院费用明细
D.护理记录
E.门诊预约记录
【思考过程】：",BD,Doubao-1.5-Thinking,"【思考过程】：根据《医疗机构病历管理规定》及相关法规，病历资料是医务人员在医疗活动中形成的诊疗记录，包括门（急）诊病历和住院病历。具体需保存的资料涵盖门急诊诊断书、检验报告、护理记录等诊疗过程记录。分析各选项：  
- A（门诊诊断书）：属于门急诊病历的核心内容，需保管；  
- B（检验报告）：是诊疗过程中形成的检查结果，属于病历资料；  
- C（入院费用明细）：为费用清单，属于财务记录，非诊疗记录，不属于病历；  
- D（护理记录）：是住院病历的重要组成部分，需妥善保管；  
- E（门诊预约记录）：为预约登记信息，非诊疗过程记录，不属于病历。  

【最终答案】：ABD",客观题,ABD
医患关系,"你是一个严格按照要求答题的医学考试考生。请你先展示出完整的思考过程，然后再输出最终答案。每道题目有至少两个选项（A、B）至多五个选项（A、B、C、D、E），题目为不定项选择题，请按照以下格式作答：

【思考过程】：...

【最终答案】：AB / BCE / CD / DE / E / ...（只输出选项的编号，不要写选项内容）

示例：
题目：医疗伦理中四大基本原则是？
A.尊重自主权
B.善意行为
C.无害原则
D.公正原则
E.以上都不是
【思考过程】：本题考查医学伦理的四大基本原则，包括尊重自主权、不伤害原则、行善原则、公正原则。

【最终答案】：ABCD

题目：以下哪些情形中医疗机构或其医务人员可能需承担侵权责任？
A.医生将患者电话号码泄露给医药代表导致患者被骚扰
B.未经患者同意向家属公开其完整电子病历
C.在学术会议中使用患者匿名病历讨论治疗方案
D.因医院系统漏洞导致患者血型信息在院内公共屏公示
【思考过程】：",ABD,Doubao-1.5-Thinking,"【思考过程】：本题需依据《民法典》及医疗相关法规分析各选项是否构成侵权责任。  
- 选项A：医生泄露患者电话号码属于泄露患者个人信息，违反《民法典》第1226条“医疗机构及其医务人员应对患者隐私和个人信息保密”的规定，需承担侵权责任。  
- 选项B：患者病历属于隐私和个人信息，未经患者同意向家属公开完整电子病历，侵犯患者隐私权，需承担侵权责任。  
- 选项C：使用匿名病历讨论治疗方案未泄露患者身份，符合学术交流的合理使用原则，不构成侵权。  
- 选项D：医院因系统漏洞导致患者血型信息公示，属于未尽到信息安全管理义务，违反保密责任，需承担侵权责任。  

【最终答案】：ABD",客观题,ABD
医患关系,"你是一个严格按照要求答题的医学考试考生。请你先展示出完整的思考过程，然后再输出最终答案。每道题目有至少两个选项（A、B）至多五个选项（A、B、C、D、E），题目为不定项选择题，请按照以下格式作答：

【思考过程】：...

【最终答案】：AB / BCE / CD / DE / E / ...（只输出选项的编号，不要写选项内容）

示例：
题目：医疗伦理中四大基本原则是？
A.尊重自主权
B.善意行为
C.无害原则
D.公正原则
E.以上都不是
【思考过程】：本题考查医学伦理的四大基本原则，包括尊重自主权、不伤害原则、行善原则、公正原则。

【最终答案】：ABCD

题目：以下哪种行为违反了《民法典》关于医疗机构诊疗规范的要求？
A.对多次就诊的慢性胃炎患者再次进行胃镜检查以排除恶性病变
B.为确诊高血压患者开具重复性心电图检查以评估药物副作用
C.根据患者强烈要求为其无指征的健康体检者进行全身PET-CT扫描
D.无症状人群体检时依据指南建议增加低剂量肺癌筛查
【思考过程】：",C,Doubao-1.5-Thinking,"【思考过程】：本题考查《民法典》中关于医疗机构诊疗规范的要求。根据《民法典》第1227条规定，医疗机构及其医务人员不得违反诊疗规范实施不必要的检查。  
- 选项A：慢性胃炎患者多次就诊时再次进行胃镜检查以排除恶性病变，属于合理诊疗（慢性胃炎有癌变风险，胃镜是必要筛查手段），不违反规范。  
- 选项B：高血压患者开具重复性心电图检查以评估药物副作用，属于合理监测（高血压可能影响心脏，药物可能导致心脏副作用，心电图是必要评估手段），不违反规范。  
- 选项C：无指征的健康体检者进行全身PET-CT扫描（PET-CT辐射大、费用高，无明确指征时属于不必要检查），即使患者要求，也违反诊疗规范。  
- 选项D：无症状人群按指南建议增加低剂量肺癌筛查（指南推荐的筛查属于规范诊疗），不违反规范。  

【最终答案】：C",客观题,C
医患关系,"你是一个严格按照要求答题的医学考试考生。请你先展示出完整的思考过程，然后再输出最终答案。每道题目有至少两个选项（A、B）至多五个选项（A、B、C、D、E），题目为不定项选择题，请按照以下格式作答：

【思考过程】：...

【最终答案】：AB / BCE / CD / DE / E / ...（只输出选项的编号，不要写选项内容）

示例：
题目：医疗伦理中四大基本原则是？
A.尊重自主权
B.善意行为
C.无害原则
D.公正原则
E.以上都不是
【思考过程】：本题考查医学伦理的四大基本原则，包括尊重自主权、不伤害原则、行善原则、公正原则。

【最终答案】：ABCD

题目：以下哪些行为可能承担法律责任？
A.患者家属在诊疗室大吵大闹，导致门诊停诊数小时
B.患者强行滞留值班医生至午夜协商赔偿方案
C.患者网络发帖辱骂医院未及时接诊的主治医生
D.患者向医院投诉渠道反馈诊疗方案不满并等待处理
【思考过程】：",ABC,Doubao-1.5-Thinking,"【思考过程】：本题需判断各选项是否属于可能承担法律责任的行为。  
- 选项A：患者家属在诊疗室大吵大闹导致门诊停诊数小时，属于扰乱医疗机构正常秩序，根据《医疗纠纷预防和处理条例》及《治安管理处罚法》，可能承担法律责任。  
- 选项B：患者强行滞留值班医生至午夜，属于非法限制他人人身自由，违反《治安管理处罚法》或《刑法》，可能承担法律责任。  
- 选项C：患者网络发帖辱骂医生，侵犯医生名誉权，依据《民法典》及《治安管理处罚法》，可能承担民事或行政责任，严重时涉及刑事责任。  
- 选项D：患者向医院投诉渠道反馈不满并等待处理，属于合法行使权利，不承担法律责任。  

【最终答案】：ABC",客观题,ABC
医患关系,"你是一个严格按照要求答题的医学考试考生。请你先展示出完整的思考过程，然后再输出最终答案。每道题目有至少两个选项（A、B）至多五个选项（A、B、C、D、E），题目为不定项选择题，请按照以下格式作答：

【思考过程】：...

【最终答案】：AB / BCE / CD / DE / E / ...（只输出选项的编号，不要写选项内容）

示例：
题目：医疗伦理中四大基本原则是？
A.尊重自主权
B.善意行为
C.无害原则
D.公正原则
E.以上都不是
【思考过程】：本题考查医学伦理的四大基本原则，包括尊重自主权、不伤害原则、行善原则、公正原则。

【最终答案】：ABCD

题目：以下哪些情况下，医生必须向患者或其近亲属说明医疗风险并取得知情同意？
A.实施肝肾功能常规检测
B.开展全麻下脊柱肿瘤切除术
C.为肺癌患者进行胸腔穿刺活检术
D.参与新型心脏支架的临床试验
E.开具阿莫西林治疗细菌性扁桃体炎
【思考过程】：",BCD,Doubao-1.5-Thinking,"【思考过程】：根据《医疗机构管理条例》和《民法典》等相关规定，医生需要向患者或其近亲属说明医疗风险并取得知情同意的情况通常是具有创伤性、高风险性或涉及研究性的医疗操作。分析各选项：  
- A（肝肾功能常规检测）：属于低风险的常规检查，一般无需单独知情同意；  
- B（全麻下脊柱肿瘤切除术）：全麻和大手术均具有较高风险，需知情同意；  
- C（胸腔穿刺活检术）：有创操作，可能引发气胸等并发症，需知情同意；  
- D（新型心脏支架临床试验）：涉及研究性治疗，需向患者充分说明风险和获益，必须知情同意；  
- E（阿莫西林治疗）：常规药物治疗，风险较低，无需单独知情同意。  

【最终答案】：BCD",客观题,BCD
医患关系,"你是一个严格按照要求答题的医学考试考生。请你先展示出完整的思考过程，然后再输出最终答案。每道题目有至少两个选项（A、B）至多五个选项（A、B、C、D、E），题目为不定项选择题，请按照以下格式作答：

【思考过程】：...

【最终答案】：AB / BCE / CD / DE / E / ...（只输出选项的编号，不要写选项内容）

示例：
题目：医疗伦理中四大基本原则是？
A.尊重自主权
B.善意行为
C.无害原则
D.公正原则
E.以上都不是
【思考过程】：本题考查医学伦理的四大基本原则，包括尊重自主权、不伤害原则、行善原则、公正原则。

【最终答案】：ABCD

题目：下列哪项属于患者在医患关系中应当履行的义务？
A.保护个人隐私的权利
B.获取平等医疗服务的权利
C.遵守诊疗制度和医疗卫生服务秩序
D.配合医护人员工作
【思考过程】：",C,Doubao-1.5-Thinking,"【思考过程】：本题考查患者在医患关系中的义务。患者的义务包括遵守诊疗制度和医疗卫生服务秩序、配合医护人员工作等。选项A“保护个人隐私的权利”和B“获取平等医疗服务的权利”均属于患者的权利，而非义务；选项C“遵守诊疗制度和医疗卫生服务秩序”和D“配合医护人员工作”属于患者应履行的义务。

【最终答案】：CD",客观题,CD
医患关系,"你是一个严格按照要求答题的医学考试考生。请你先展示出完整的思考过程，然后再输出最终答案。每道题目有至少两个选项（A、B）至多五个选项（A、B、C、D、E），题目为不定项选择题，请按照以下格式作答：

【思考过程】：...

【最终答案】：AB / BCE / CD / DE / E / ...（只输出选项的编号，不要写选项内容）

示例：
题目：医疗伦理中四大基本原则是？
A.尊重自主权
B.善意行为
C.无害原则
D.公正原则
E.以上都不是
【思考过程】：本题考查医学伦理的四大基本原则，包括尊重自主权、不伤害原则、行善原则、公正原则。

【最终答案】：ABCD

题目：下列哪些行为违反了医疗卫生人员职业伦理规范？
A.为增加收入要求患者进行不必要的重复检查
B.经家属多次请求后接受其赠送的购物卡
C.以加快手术排期为条件暗示患者支付额外费用
D.因患者症状轻微仍开具不必要的高价药物
E.根据病程发展调整抗生素使用剂量
【思考过程】：",ABCD,Doubao-1.5-Thinking,"【思考过程】：本题考查医疗卫生人员职业伦理规范。职业伦理要求避免过度医疗、禁止收受财物、杜绝索贿等行为。选项A（不必要的重复检查）和D（不必要的高价药物）属于过度医疗，违反有利和不伤害原则；选项B（接受购物卡）和C（暗示支付额外费用）涉及收受或索要财物，违反廉洁行医规范；选项E（调整抗生素剂量）是合理诊疗行为，符合规范。

【最终答案】：ABCD",客观题,ABCD
医患关系,"你是一个严格按照要求答题的医学考试考生。请你先展示出完整的思考过程，然后再输出最终答案。每道题目有至少两个选项（A、B）至多五个选项（A、B、C、D、E），题目为不定项选择题，请按照以下格式作答：

【思考过程】：...

【最终答案】：AB / BCE / CD / DE / E / ...（只输出选项的编号，不要写选项内容）

示例：
题目：医疗伦理中四大基本原则是？
A.尊重自主权
B.善意行为
C.无害原则
D.公正原则
E.以上都不是
【思考过程】：本题考查医学伦理的四大基本原则，包括尊重自主权、不伤害原则、行善原则、公正原则。

【最终答案】：ABCD

题目：以下哪种行为明确被相关法律禁止？
A.因不满治疗效果而辱骂医生
B.在医疗纠纷中隐藏关键病历资料
C.患者家属恶意拖欠医疗费用
D.通过社交媒体公开医务人员家庭住址
【思考过程】：",AD,Doubao-1.5-Thinking,"【思考过程】：本题需判断哪些行为被相关法律明确禁止。  
- 选项A：根据《基本医疗卫生与健康促进法》第五十七条，医疗卫生人员的人格尊严不受侵犯，辱骂医生属于侵犯人格尊严，明确被禁止。  
- 选项B：《医疗纠纷预防和处理条例》第二十三条、《医疗事故处理条例》第九条均规定，严禁隐匿、抢夺病历资料，隐藏关键病历资料属于违法行为，被明确禁止。  
- 选项C：恶意拖欠医疗费用通常属于民事合同违约行为，法律未直接“禁止”此类行为，而是通过民事诉讼追讨，故不属明确禁止。  
- 选项D：《民法典》第一千零三十二条规定自然人享有隐私权，公开医务人员家庭住址属于泄露隐私，被法律明确禁止。  

【最终答案】：ABD",客观题,ABD
医患关系,"你是一个严格按照要求答题的医学考试考生。请你先展示出完整的思考过程，然后再输出最终答案。每道题目有至少两个选项（A、B）至多五个选项（A、B、C、D、E），题目为不定项选择题，请按照以下格式作答：

【思考过程】：...

【最终答案】：AB / BCE / CD / DE / E / ...（只输出选项的编号，不要写选项内容）

示例：
题目：医疗伦理中四大基本原则是？
A.尊重自主权
B.善意行为
C.无害原则
D.公正原则
E.以上都不是
【思考过程】：本题考查医学伦理的四大基本原则，包括尊重自主权、不伤害原则、行善原则、公正原则。

【最终答案】：ABCD

题目：在紧急救治生命垂危患者时，无法取得患者或其近亲属意见的情况下，医务人员应采取何种措施？
A.立即实施必要医疗措施
B.直接联系医疗伦理委员会
C.经医疗机构负责人批准后实施措施
D.等待近亲属到场再处理
【思考过程】：",C,Doubao-1.5-Thinking,"【思考过程】：根据《民法典》第一千二百二十条规定，因抢救生命垂危的患者等紧急情况，不能取得患者或者其近亲属意见的，经医疗机构负责人或者授权的负责人批准，可以立即实施相应的医疗措施。因此，在无法取得患者或其近亲属意见时，需经医疗机构负责人批准后实施措施。选项A未提及批准环节，不符合规定；选项B（联系伦理委员会）无法律依据；选项D（等待近亲属）会延误救治，不符合紧急情况要求；选项C（经医疗机构负责人批准后实施）符合法律规定。

【最终答案】：C",客观题,C
医患关系,"你是一个严格按照要求答题的医学考试考生。请你先展示出完整的思考过程，然后再输出最终答案。每道题目有至少两个选项（A、B）至多五个选项（A、B、C、D、E），题目为不定项选择题，请按照以下格式作答：

【思考过程】：...

【最终答案】：AB / BCE / CD / DE / E / ...（只输出选项的编号，不要写选项内容）

示例：
题目：医疗伦理中四大基本原则是？
A.尊重自主权
B.善意行为
C.无害原则
D.公正原则
E.以上都不是
【思考过程】：本题考查医学伦理的四大基本原则，包括尊重自主权、不伤害原则、行善原则、公正原则。

【最终答案】：ABCD

题目：以下哪项做法符合医疗机构的收费规定？
A.临时调整收费项目并口头告知患者总费用
B.按物价部门规定收费并附详细清单和收据
C.免除经济困难患者的费用但不提供收据
D.收据仅显示药品费用不列检查费用
【思考过程】：",B,Doubao-1.5-Thinking,"【思考过程】：根据医疗机构收费相关规定，医疗机构应严格执行物价部门核定的收费项目和标准，不得擅自调整。收费时需向患者提供详细费用清单和合法收据，确保患者知情权。选项A中“临时调整收费项目”违反规定；选项C“不提供收据”不符合财务规范；选项D“收据不列检查费用”未详细列明费用，侵犯患者知情权；选项B“按物价部门规定收费并附详细清单和收据”符合规定。

【最终答案】：B",客观题,B
医患关系,"你是一个严格按照要求答题的医学考试考生。请你先展示出完整的思考过程，然后再输出最终答案。每道题目有至少两个选项（A、B）至多五个选项（A、B、C、D、E），题目为不定项选择题，请按照以下格式作答：

【思考过程】：...

【最终答案】：AB / BCE / CD / DE / E / ...（只输出选项的编号，不要写选项内容）

示例：
题目：医疗伦理中四大基本原则是？
A.尊重自主权
B.善意行为
C.无害原则
D.公正原则
E.以上都不是
【思考过程】：本题考查医学伦理的四大基本原则，包括尊重自主权、不伤害原则、行善原则、公正原则。

【最终答案】：ABCD

题目：以下哪些属于医疗机构依法必须承担的职责？
A.承担预防保健工作
B.接受县级以上卫生部门委托支援农村
C.接受省级卫生部门委托指导基层医疗卫生工作
D.与企业合作开展基层营利性医疗项目
【思考过程】：",AB,Doubao-1.5-Thinking,"【思考过程】：根据《医疗机构管理条例》第三十九条规定，医疗机构应当承担相应的预防保健工作（对应选项A），并承担县级以上人民政府卫生行政部门委托的支援农村（对应选项B）、指导基层医疗卫生工作等任务（对应选项C）。选项D中“与企业合作开展基层营利性医疗项目”属于自主经营行为，并非医疗机构依法必须承担的法定职责。

【最终答案】：ABC",客观题,ABC
医患关系,"你是一个严格按照要求答题的医学考试考生。请你先展示出完整的思考过程，然后再输出最终答案。每道题目有至少两个选项（A、B）至多五个选项（A、B、C、D、E），题目为不定项选择题，请按照以下格式作答：

【思考过程】：...

【最终答案】：AB / BCE / CD / DE / E / ...（只输出选项的编号，不要写选项内容）

示例：
题目：医疗伦理中四大基本原则是？
A.尊重自主权
B.善意行为
C.无害原则
D.公正原则
E.以上都不是
【思考过程】：本题考查医学伦理的四大基本原则，包括尊重自主权、不伤害原则、行善原则、公正原则。

【最终答案】：ABCD

题目：在以下哪种情形下，医疗机构及其卫生技术人员必须无条件服从调遣？
A.省级卫生健康委员会因重大疾病流行统一调度医疗资源
B.某市消防局因化工厂爆炸请求医疗队支援
C.县级人民政府因举办大型活动要求医院增派值班人员
D.街道社区服务中心因老年人体检需要临时抽调医生
【思考过程】：",A,Doubao-1.5-Thinking,"【思考过程】：本题考查医疗机构及其卫生技术人员必须无条件服从调遣的法定情形。根据《传染病防治法》《突发公共卫生事件应急条例》等法规，当发生重大公共卫生事件（如重大疾病流行）时，卫生行政部门有权统一调度医疗资源，医疗机构及人员必须无条件服从。  
- 选项A：省级卫生健康委员会因重大疾病流行统一调度医疗资源，属于突发公共卫生事件下卫生行政部门的法定调度权，必须服从。  
- 选项B：消防局因化工厂爆炸请求支援，属于突发事件中的协作请求，但非法定强制调遣。  
- 选项C：县级政府因大型活动要求增派值班人员，属于常规活动保障，非必须无条件服从。  
- 选项D：社区因老年人体检抽调医生，属于日常工作协调，非强制调遣。  

【最终答案】：A",客观题,A
医患关系,"你是一个严格按照要求答题的医学考试考生。请你先展示出完整的思考过程，然后再输出最终答案。每道题目有至少两个选项（A、B）至多五个选项（A、B、C、D、E），题目为不定项选择题，请按照以下格式作答：

【思考过程】：...

【最终答案】：AB / BCE / CD / DE / E / ...（只输出选项的编号，不要写选项内容）

示例：
题目：医疗伦理中四大基本原则是？
A.尊重自主权
B.善意行为
C.无害原则
D.公正原则
E.以上都不是
【思考过程】：本题考查医学伦理的四大基本原则，包括尊重自主权、不伤害原则、行善原则、公正原则。

【最终答案】：ABCD

题目：以下哪些属于医师在执业活动中必须履行的义务？
A.签订免责协议确保医院权益
B.遵循临床技术操作规范
C.对患者进行健康教育和指导
D.更新医学知识提升医疗质量
E.公开发表未经验证的医疗方案
【思考过程】：",BCD,Doubao-1.5-Thinking,"【思考过程】：根据《中华人民共和国执业医师法》第二十二条规定，医师在执业活动中应履行的义务包括：（一）遵守法律、法规，遵守技术操作规范；（二）树立敬业精神，遵守职业道德，履行医师职责，尽职尽责为患者服务；（三）关心、爱护、尊重患者，保护患者的隐私；（四）努力钻研业务，更新知识，提高专业技术水平；（五）宣传卫生保健知识，对患者进行健康教育。  

选项分析：  
- A项“签订免责协议确保医院权益”：免责协议并非法定义务，且可能涉及规避责任，不属于医师义务。  
- B项“遵循临床技术操作规范”：对应义务（一），属于必须履行的义务。  
- C项“对患者进行健康教育和指导”：对应义务（五），属于必须履行的义务。  
- D项“更新医学知识提升医疗质量”：对应义务（四），属于必须履行的义务。  
- E项“公开发表未经验证的医疗方案”：未经验证的方案可能误导患者或违反科学伦理，不属于义务，反而是应避免的行为。  

【最终答案】：BCD",客观题,BCD
医患关系,"你是一个严格按照要求答题的医学考试考生。请你先展示出完整的思考过程，然后再输出最终答案。每道题目有至少两个选项（A、B）至多五个选项（A、B、C、D、E），题目为不定项选择题，请按照以下格式作答：

【思考过程】：...

【最终答案】：AB / BCE / CD / DE / E / ...（只输出选项的编号，不要写选项内容）

示例：
题目：医疗伦理中四大基本原则是？
A.尊重自主权
B.善意行为
C.无害原则
D.公正原则
E.以上都不是
【思考过程】：本题考查医学伦理的四大基本原则，包括尊重自主权、不伤害原则、行善原则、公正原则。

【最终答案】：ABCD

题目：以下哪些属于医师在执业活动中应履行的义务？
A.执行疫情防控等公共卫生措施
B.遵守医院内部管理规范
C.提升医学专业技术能力
D.宣传与岗位无关的健康科普知识
E.保护患者个人隐私
【思考过程】：",ACE,Doubao-1.5-Thinking,"【思考过程】：根据《中华人民共和国医师法》相关规定，医师在执业活动中应履行的义务包括：  
- 选项A：执行疫情防控等公共卫生措施属于医师参与公共卫生和疾病预防控制工作的义务（第二十八条）。  
- 选项B：遵守医院内部管理规范属于“遵守法律、法规，遵守技术操作规范”的范畴（第二十三条）。  
- 选项C：提升医学专业技术能力是“努力钻研业务，更新知识，提高专业技术水平”的义务（第二十四条第三项）。  
- 选项D：宣传与岗位无关的健康科普知识不符合“宣传卫生保健知识，对患者进行健康教育”的义务要求（第二十四条第四项），义务范围应与岗位相关。  
- 选项E：保护患者个人隐私是明确规定的义务（第二十四条第二项）。  

【最终答案】：ABCE",客观题,ABCE
医患关系,"你是一个严格按照要求答题的医学考试考生。请你先展示出完整的思考过程，然后再输出最终答案。每道题目有至少两个选项（A、B）至多五个选项（A、B、C、D、E），题目为不定项选择题，请按照以下格式作答：

【思考过程】：...

【最终答案】：AB / BCE / CD / DE / E / ...（只输出选项的编号，不要写选项内容）

示例：
题目：医疗伦理中四大基本原则是？
A.尊重自主权
B.善意行为
C.无害原则
D.公正原则
E.以上都不是
【思考过程】：本题考查医学伦理的四大基本原则，包括尊重自主权、不伤害原则、行善原则、公正原则。

【最终答案】：ABCD

题目：以下属于医师执业义务的是？
A.遵守临床技术操作规范和医学伦理规范
B.依法保护患者隐私和个人信息
C.宣传推广与岗位相适应的健康科普知识
D.无条件执行患者指定的治疗方案
E.优先采用最新实验性医疗技术
【思考过程】：",ABC,Doubao-1.5-Thinking,"【思考过程】：本题考查医师执业义务的相关法律规定。根据《中华人民共和国医师法》，医师在执业活动中需履行多项义务：  
- 选项A：医师必须遵守法律、法规，遵守临床诊疗指南、临床技术操作规范和医学伦理规范，因此A正确。  
- 选项B：法律明确规定医师应当尊重、保护患者的隐私和个人信息，B正确。  
- 选项C：医师有义务宣传推广与岗位相适应的健康科普知识，提高公众健康意识，C正确。  
- 选项D：患者虽有自主权，但医师需基于专业判断选择合理治疗方案，“无条件执行”不符合医学规范，D错误。  
- 选项E：实验性医疗技术需严格遵循伦理审查和患者知情同意，不能“优先采用”，E错误。  

【最终答案】：ABC",客观题,ABC
医患关系,"你是一个严格按照要求答题的医学考试考生。请你先展示出完整的思考过程，然后再输出最终答案。每道题目有至少两个选项（A、B）至多五个选项（A、B、C、D、E），题目为不定项选择题，请按照以下格式作答：

【思考过程】：...

【最终答案】：AB / BCE / CD / DE / E / ...（只输出选项的编号，不要写选项内容）

示例：
题目：医疗伦理中四大基本原则是？
A.尊重自主权
B.善意行为
C.无害原则
D.公正原则
E.以上都不是
【思考过程】：本题考查医学伦理的四大基本原则，包括尊重自主权、不伤害原则、行善原则、公正原则。

【最终答案】：ABCD

题目：在实施特殊检查前，医师需要向患者或家属说明以下哪些内容？
A.医疗风险
B.替代医疗方案
C.治疗方案的成本
D.医院床位情况
E.主治医师资质
【思考过程】：",AB,Doubao-1.5-Thinking,"【思考过程】：根据《医疗纠纷预防和处理条例》等相关规定，在实施特殊检查前，医师需向患者或家属说明的核心内容包括医疗风险和替代医疗方案，以保障患者的知情同意权。选项A（医疗风险）是必须说明的内容，患者需了解检查可能带来的风险；选项B（替代医疗方案）同样属于法定说明内容，患者有权知晓其他可能的检查或治疗选择。选项C（治疗方案的成本）虽可能涉及费用告知，但并非特殊检查前必须说明的核心内容；选项D（医院床位情况）与特殊检查本身无直接关联；选项E（主治医师资质）通常不属于必须主动说明的内容。因此，正确选项为A和B。

【最终答案】：AB",客观题,AB
医患关系,"你是一个严格按照要求答题的医学考试考生。请你先展示出完整的思考过程，然后再输出最终答案。每道题目有至少两个选项（A、B）至多五个选项（A、B、C、D、E），题目为不定项选择题，请按照以下格式作答：

【思考过程】：...

【最终答案】：AB / BCE / CD / DE / E / ...（只输出选项的编号，不要写选项内容）

示例：
题目：医疗伦理中四大基本原则是？
A.尊重自主权
B.善意行为
C.无害原则
D.公正原则
E.以上都不是
【思考过程】：本题考查医学伦理的四大基本原则，包括尊重自主权、不伤害原则、行善原则、公正原则。

【最终答案】：ABCD

题目：医师在进行医疗器械临床试验时，必须满足以下哪些条件？
A.获得医院内部行政批准
B.遵守医学伦理规范
C.仅需伦理委员会口头认可
D.依法通过书面伦理审查
E.取得患者视频录像同意
【思考过程】：",BD,Doubao-1.5-Thinking,"【思考过程】：本题考查医疗器械临床试验的法定条件。根据《医疗器械临床试验质量管理规范》等规定，进行医疗器械临床试验时：  
- 必须遵守医学伦理规范（B正确）；  
- 需依法通过伦理委员会的书面审查（D正确，C错误，因口头认可不符合要求）；  
- 患者同意需以书面形式签署知情同意书（E错误，视频录像同意非法定形式）；  
- 医院内部行政批准并非法定必须条件（A错误，属于机构内部管理要求，非临床试验的法定前提）。  

【最终答案】：BD",客观题,BD
医患关系,"你是一个严格按照要求答题的医学考试考生。请你先展示出完整的思考过程，然后再输出最终答案。每道题目有至少两个选项（A、B）至多五个选项（A、B、C、D、E），题目为不定项选择题，请按照以下格式作答：

【思考过程】：...

【最终答案】：AB / BCE / CD / DE / E / ...（只输出选项的编号，不要写选项内容）

示例：
题目：医疗伦理中四大基本原则是？
A.尊重自主权
B.善意行为
C.无害原则
D.公正原则
E.以上都不是
【思考过程】：本题考查医学伦理的四大基本原则，包括尊重自主权、不伤害原则、行善原则、公正原则。

【最终答案】：ABCD

题目：在抢救生命垂危的患者等紧急情况下，若不能取得患者或其近亲属意见，医师应采取以下哪种措施？
A.直接联系法院申请紧急处置权
B.立即自行实施医疗措施无需审批
C.经医疗机构负责人或授权负责人批准后实施
D.仅提供基础护理并等待家属到场
【思考过程】：",C,Doubao-1.5-Thinking,"【思考过程】：根据《中华人民共和国医师法》相关规定，在抢救生命垂危患者等紧急情况下，若无法取得患者或其近亲属意见时，医师需经医疗机构负责人或授权的负责人批准后，方可实施相应医疗措施。选项A（联系法院）不符合紧急情况下的时效性要求；选项B（自行实施无需审批）缺乏机构层面的审批程序；选项D（仅基础护理等待家属）会延误抢救时机。因此正确措施应为选项C。

【最终答案】：C",客观题,C
医患关系,"你是一个严格按照要求答题的医学考试考生。请你先展示出完整的思考过程，然后再输出最终答案。每道题目有至少两个选项（A、B）至多五个选项（A、B、C、D、E），题目为不定项选择题，请按照以下格式作答：

【思考过程】：...

【最终答案】：AB / BCE / CD / DE / E / ...（只输出选项的编号，不要写选项内容）

示例：
题目：医疗伦理中四大基本原则是？
A.尊重自主权
B.善意行为
C.无害原则
D.公正原则
E.以上都不是
【思考过程】：本题考查医学伦理的四大基本原则，包括尊重自主权、不伤害原则、行善原则、公正原则。

【最终答案】：ABCD

题目：医生在执业过程中，下列哪些行为违反了相关规定？
A.未亲自诊查即签署医学证明文件
B.发现病历错误后补充修正并签名
C.内科医生为患者出具骨科疾病诊断书
D.将病历填写时间延迟一周后补写
E.拒绝为患者开具与病情不符的休假证明
【思考过程】：",ACD,Doubao-1.5-Thinking,"【思考过程】：本题需判断医生执业中哪些行为违反相关规定。根据《执业医师法》《病历书写基本规范》等规定分析：  
- 选项A：未亲自诊查即签署医学证明文件，违反《执业医师法》第二十三条“签署医学证明文件须亲自诊查”的规定，属于违规。  
- 选项B：发现病历错误后补充修正并签名，符合《病历书写基本规范》中“错字修改需保留原记录、注明时间并签名”的要求，不违规。  
- 选项C：内科医生出具骨科疾病诊断书，属于超执业范围行医，违反《执业医师法》第十四条“医师须在注册的执业范围内执业”的规定，属于违规。  
- 选项D：延迟一周补写病历，违反“病历需及时书写”的规范（《医疗机构病历管理规定》），属于违规。  
- 选项E：拒绝开具与病情不符的休假证明，是医生履行如实记录职责的正当行为，不违规。  

【最终答案】：ACD",客观题,ACD
医患关系,"你是一个严格按照要求答题的医学考试考生。请你先展示出完整的思考过程，然后再输出最终答案。每道题目有至少两个选项（A、B）至多五个选项（A、B、C、D、E），题目为不定项选择题，请按照以下格式作答：

【思考过程】：...

【最终答案】：AB / BCE / CD / DE / E / ...（只输出选项的编号，不要写选项内容）

示例：
题目：医疗伦理中四大基本原则是？
A.尊重自主权
B.善意行为
C.无害原则
D.公正原则
E.以上都不是
【思考过程】：本题考查医学伦理的四大基本原则，包括尊重自主权、不伤害原则、行善原则、公正原则。

【最终答案】：ABCD

题目：以下哪些情形需要医师按照有关规定及时报告？
A.发现患者隐瞒家族遗传病史
B.发现父亲用铁链约束有智力障碍的子女
C.收集到药物临床试验阶段的无效数据
D.老年人长期不规律服用过期降压药
E.轻症患者通过社交平台售卖剩余处方药
F.患者手术后出现未预料的肾功能损伤
【思考过程】：",BDF,Doubao-1.5-Thinking,"【思考过程】：本题需依据相关法律法规判断哪些情形需要医师报告。  
- **A选项**：患者隐瞒家族遗传病史属于患者隐私范畴，不涉及公共卫生或法定报告事项，无需强制报告。  
- **B选项**：父亲用铁链约束智力障碍子女，可能涉及家庭暴力或虐待。根据《反家庭暴力法》，医疗机构发现无/限制民事行为能力人遭受疑似家庭暴力时，应及时向公安机关报告。智力障碍子女符合该情形，需报告。  
- **C选项**：药物临床试验阶段的无效数据属于研究过程中的正常记录，需如实记录但无需额外报告（除非涉及数据造假，但题目未提及）。  
- **D选项**：老年人不规律服用过期降压药属于患者用药不规范问题，医师应教育指导，但无需向有关部门报告。  
- **E选项**：轻症患者通过社交平台售卖剩余处方药，属于非法售药行为（违反《药品管理法》），医师发现后需报告相关部门（如药监、市场监管）。  
- **F选项**：术后未预料的肾功能损伤可能属于医疗质量安全事件。根据《医疗质量安全事件报告暂行规定》，医疗机构需报告导致患者明显人身损害的事件，需报告。  

【最终答案】：BEF",客观题,BEF
医患关系,"你是一个严格按照要求答题的医学考试考生。请你先展示出完整的思考过程，然后再输出最终答案。每道题目有至少两个选项（A、B）至多五个选项（A、B、C、D、E），题目为不定项选择题，请按照以下格式作答：

【思考过程】：...

【最终答案】：AB / BCE / CD / DE / E / ...（只输出选项的编号，不要写选项内容）

示例：
题目：医疗伦理中四大基本原则是？
A.尊重自主权
B.善意行为
C.无害原则
D.公正原则
E.以上都不是
【思考过程】：本题考查医学伦理的四大基本原则，包括尊重自主权、不伤害原则、行善原则、公正原则。

【最终答案】：ABCD

题目：以下哪些情况发生时，医师必须按照有关规定及时向所在机构或有关部门报告？
A.发现患者慢性疾病自行恶化
B.发现常规使用的医疗器械正常使用案例
C.发现可能与医疗器械有关的不良事件
D.发现患者因纠纷导致的非正常死亡
E.发现法律规定的其他需报告情形
【思考过程】：",CDE,Doubao-1.5-Thinking,"【思考过程】：本题需判断哪些情况医师需按规定报告。根据相关法规：  
- 选项A：患者慢性疾病自行恶化属于自然病程进展，无强制报告要求。  
- 选项B：常规使用医疗器械的正常案例无需报告，仅不良事件需报告。  
- 选项C：根据《医疗器械不良事件监测和再评价管理办法》，可能与医疗器械相关的不良事件需及时报告。  
- 选项D：患者因纠纷导致非正常死亡涉及医疗纠纷或可能的法律问题，需按规定报告。  
- 选项E：法律规定的其他需报告情形属于兜底条款，必须报告。  

【最终答案】：CDE",客观题,CDE
医患关系,"你是一个严格按照要求答题的医学考试考生。请你先展示出完整的思考过程，然后再输出最终答案。每道题目有至少两个选项（A、B）至多五个选项（A、B、C、D、E），题目为不定项选择题，请按照以下格式作答：

【思考过程】：...

【最终答案】：AB / BCE / CD / DE / E / ...（只输出选项的编号，不要写选项内容）

示例：
题目：医疗伦理中四大基本原则是？
A.尊重自主权
B.善意行为
C.无害原则
D.公正原则
E.以上都不是
【思考过程】：本题考查医学伦理的四大基本原则，包括尊重自主权、不伤害原则、行善原则、公正原则。

【最终答案】：ABCD

题目：医师在执业活动中必须及时报告以下哪些情形？
A.发现传染病患者
B.发生医疗事故
C.发现药品不良反应
D.发现廉价仿制药
E.发现患者涉嫌非正常死亡
【思考过程】：",ABE,Doubao-1.5-Thinking,"【思考过程】：根据相关法律法规，分析各选项是否属于医师执业中必须及时报告的情形：  
- 选项A：《传染病防治法》规定，医师作为责任报告人，发现传染病患者或疑似患者时需及时报告。  
- 选项B：《医疗事故处理条例》要求，发生医疗事故时，医疗机构及医师应向卫生行政部门报告。  
- 选项C：《药品不良反应报告和监测管理办法》规定，医疗机构发现药品不良反应需向药品监督管理部门和卫生行政部门报告。  
- 选项D：发现廉价仿制药无法律规定需报告，不属于必须报告情形。  
- 选项E：发现患者涉嫌非正常死亡（如他杀、自杀等），医师需向公安机关等相关部门报告。  

【最终答案】：ABCE",客观题,ABCE
医患关系,"你是一个严格按照要求答题的医学考试考生。请你先展示出完整的思考过程，然后再输出最终答案。每道题目有至少两个选项（A、B）至多五个选项（A、B、C、D、E），题目为不定项选择题，请按照以下格式作答：

【思考过程】：...

【最终答案】：AB / BCE / CD / DE / E / ...（只输出选项的编号，不要写选项内容）

示例：
题目：医疗伦理中四大基本原则是？
A.尊重自主权
B.善意行为
C.无害原则
D.公正原则
E.以上都不是
【思考过程】：本题考查医学伦理的四大基本原则，包括尊重自主权、不伤害原则、行善原则、公正原则。

【最终答案】：ABCD

题目：以下哪种情况可能被责令暂停执业活动并给予警告，情节严重时可能被吊证？
A.医师在手术时因设备故障导致手术超时
B.对需要紧急救治的患者因无法联系家属而延迟处置
C.未在24小时上报患者的传染病确诊信息
D.发生医疗事故后未向主管部门报告
E.因个人关系拒绝参与非应急的社区健康讲座
【思考过程】：",BD,Doubao-1.5-Thinking,"【思考过程】：本题需依据《中华人民共和国医师法》及相关法规分析各选项是否构成违规并可能被处罚。  
- 选项A：设备故障属于不可预见或不可避免的意外，非医师主观过错，不构成违规。  
- 选项B：对急危患者因无法联系家属而延迟处置，属于“由于不负责任延误诊治”（《医师法》第五十五条第二项），可能被处罚。  
- 选项C：未按时上报传染病确诊信息，属于“未按照规定报告有关情形”（《医师法》第五十五条第四项），可能被处罚。  
- 选项D：发生医疗事故后未报告，属于“未按照规定报告有关情形”（《医师法》第五十五条第四项），可能被处罚。  
- 选项E：非应急的社区健康讲座无强制参与规定，拒绝不构成违规。  

【最终答案】：BCD",客观题,BCD
医患关系,"你是一个严格按照要求答题的医学考试考生。请你先展示出完整的思考过程，然后再输出最终答案。每道题目有至少两个选项（A、B）至多五个选项（A、B、C、D、E），题目为不定项选择题，请按照以下格式作答：

【思考过程】：...

【最终答案】：AB / BCE / CD / DE / E / ...（只输出选项的编号，不要写选项内容）

示例：
题目：医疗伦理中四大基本原则是？
A.尊重自主权
B.善意行为
C.无害原则
D.公正原则
E.以上都不是
【思考过程】：本题考查医学伦理的四大基本原则，包括尊重自主权、不伤害原则、行善原则、公正原则。

【最终答案】：ABCD

题目：以下哪些行为违反了《医师法》中关于医师执业活动的规定？
A. 在紧急救治中因设备不足放弃对患者施救
B. 未按照消防部门要求参与火灾后伤员分流
C. 地震期间拒绝县卫健委的现场救援调派
D. 隐瞒工作期间发生的重大医疗过失事件
E. 执行与执业规范不符但患者家属强烈要求的治疗方案
【思考过程】：",CDE,Doubao-1.5-Thinking,"【思考过程】：本题需判断哪些行为违反《医师法》关于医师执业活动的规定，逐一分析如下：

- **选项A**：根据《医师法》第二十七条，医师对急危患者应采取紧急措施诊治，不得拒绝急救处置。但“因设备不足放弃施救”属于客观条件限制，非主观拒绝或不负责任延误诊治，不违反规定。  
- **选项B**：医师执业活动主要受卫生健康部门管理，消防部门无直接调派医师的法定权力，未按消防部门要求参与分流不违反《医师法》。  
- **选项C**：《医师法》第二十八条规定，医师应服从卫生健康主管部门调遣参与突发事件救援。地震期间拒绝县卫健委调派，违反规定。  
- **选项D**：《医师法》要求医师按规定报告医疗事故等重大事件，隐瞒重大医疗过失属于未履行报告义务，违反规定。  
- **选项E**：医师需遵循诊疗规范，即使患者家属要求，执行不符合规范的治疗方案仍违反执业规范，属于违规。  

综上，违反规定的行为为C、D、E。

【最终答案】：CDE",客观题,CDE
医患关系,"你是一个严格按照要求答题的医学考试考生。请你先展示出完整的思考过程，然后再输出最终答案。每道题目有至少两个选项（A、B）至多五个选项（A、B、C、D、E），题目为不定项选择题，请按照以下格式作答：

【思考过程】：...

【最终答案】：AB / BCE / CD / DE / E / ...（只输出选项的编号，不要写选项内容）

示例：
题目：医疗伦理中四大基本原则是？
A.尊重自主权
B.善意行为
C.无害原则
D.公正原则
E.以上都不是
【思考过程】：本题考查医学伦理的四大基本原则，包括尊重自主权、不伤害原则、行善原则、公正原则。

【最终答案】：ABCD

题目：以下哪些属于医疗机构及其医务人员在诊疗活动中依法应当履行的义务？
A.以患者为中心并遵守诊疗规范
B.加强人文关怀
C.优先保障治疗效率最大化
D.定期开展法规培训
E.确保患者投诉优先处理
【思考过程】：",ABD,Doubao-1.5-Thinking,"【思考过程】：本题需判断医疗机构及其医务人员在诊疗活动中的法定义务，依据相关法律法规分析如下：

- **选项A**：《基本医疗卫生与健康促进法》明确要求医疗机构开展诊疗活动应以患者为中心，遵守医学伦理规范和诊疗技术规范，因此“以患者为中心并遵守诊疗规范”是法定义务，A正确。  
- **选项B**：该法强调医疗卫生人员需弘扬职业精神，恪守医德，加强人文关怀属于医德医风的重要内容，故B正确。  
- **选项C**：法律规定应“合理诊疗、因病施治”，而非“优先保障治疗效率最大化”，效率并非优先目标，C错误。  
- **选项D**：《医疗机构管理条例》要求医疗机构对医务人员进行继续医学教育和培训，包括法规培训，因此定期开展法规培训是义务，D正确。  
- **选项E**：《医疗纠纷预防和处理条例》规定医疗机构需建立投诉接待制度，但未明确“优先处理”为法定义务，E错误。  

【最终答案】：ABD",客观题,ABD
医患关系,"你是一个严格按照要求答题的医学考试考生。请你先展示出完整的思考过程，然后再输出最终答案。每道题目有至少两个选项（A、B）至多五个选项（A、B、C、D、E），题目为不定项选择题，请按照以下格式作答：

【思考过程】：...

【最终答案】：AB / BCE / CD / DE / E / ...（只输出选项的编号，不要写选项内容）

示例：
题目：医疗伦理中四大基本原则是？
A.尊重自主权
B.善意行为
C.无害原则
D.公正原则
E.以上都不是
【思考过程】：本题考查医学伦理的四大基本原则，包括尊重自主权、不伤害原则、行善原则、公正原则。

【最终答案】：ABCD

题目：在哪种情况下，医务人员可未经患者或其近亲属书面同意直接实施救治？
A.患者昏迷且无法联系近亲属时的常规手术
B.门诊患者拒绝治疗但情况不危急
C.病情危急无法取得意见且经机构负责人批准
D.患者清醒但不愿听取医疗方案说明
【思考过程】：",C,Doubao-1.5-Thinking,"【思考过程】：本题考查医务人员可未经患者或其近亲属书面同意直接实施救治的法定情形。根据《民法典》第1220条规定，因抢救生命垂危的患者等紧急情况，不能取得患者或者其近亲属意见的，经医疗机构负责人或者授权的负责人批准，可以立即实施相应的医疗措施。分析各选项：  
- 选项A：患者昏迷且无法联系近亲属时的“常规手术”，常规手术不属于“生命垂危”的紧急情况，不符合法定条件；  
- 选项B：门诊患者拒绝治疗但情况不危急时，患者有自主拒绝权，医务人员不得强制救治；  
- 选项C：病情危急无法取得意见且经机构负责人批准，符合“紧急情况+无法取得意见+机构负责人批准”的法定条件；  
- 选项D：患者清醒但不愿听取医疗方案说明时，患者仍具备决策能力，需尊重其知情同意权，不能直接实施救治。  

【最终答案】：C",客观题,C
医患关系,"你是一个严格按照要求答题的医学考试考生。请你先展示出完整的思考过程，然后再输出最终答案。每道题目有至少两个选项（A、B）至多五个选项（A、B、C、D、E），题目为不定项选择题，请按照以下格式作答：

【思考过程】：...

【最终答案】：AB / BCE / CD / DE / E / ...（只输出选项的编号，不要写选项内容）

示例：
题目：医疗伦理中四大基本原则是？
A.尊重自主权
B.善意行为
C.无害原则
D.公正原则
E.以上都不是
【思考过程】：本题考查医学伦理的四大基本原则，包括尊重自主权、不伤害原则、行善原则、公正原则。

【最终答案】：ABCD

题目：根据相关法规，医疗机构在处理患者就诊疗行为提出的疑问时，应当采取以下哪些措施？
A.立即修改诊疗方案并向患者公示
B.在24小时内开展核实和自查
C.由主治医师直接向患者进行书面解释
D.指定专人向患者或其近亲属沟通并如实说明情况
E.将自查结果形成报告备案存档
【思考过程】：",D,Doubao-1.5-Thinking,"【思考过程】：本题考查医疗机构处理患者对诊疗行为疑问的相关法规要求。需结合《医疗纠纷预防和处理条例》《医疗机构投诉管理办法》等法规分析各选项：

- **选项A**：患者提出疑问时，医疗机构应先核实情况，而非“立即修改诊疗方案”。修改方案需基于核实结果，不能随意改动，故A错误。  
- **选项B**：根据《医疗机构投诉管理办法》，投诉管理部门接到投诉后应及时移交相关部门处理，相关部门需在规定时间内办结。虽未明确“24小时”，但“及时开展核实和自查”是基本要求，24小时内开展符合实际操作规范，故B合理。  
- **选项C**：处理患者疑问需“指定专人”沟通，而非“由主治医师直接”。主治医师可能涉及诊疗行为，直接解释可能影响客观性，故C错误。  
- **选项D**：《医疗纠纷预防和处理条例》及《医疗机构投诉管理办法》均要求，医疗机构应指定专人与患者或其近亲属沟通，如实说明情况，故D正确。  
- **选项E**：《医疗机构投诉管理办法》规定需建立投诉档案，将自查结果备案存档，故E正确。  

综上，正确选项为B、D、E。

【最终答案】：BDE",客观题,BDE
医患关系,"你是一个严格按照要求答题的医学考试考生。请你先展示出完整的思考过程，然后再输出最终答案。每道题目有至少两个选项（A、B）至多五个选项（A、B、C、D、E），题目为不定项选择题，请按照以下格式作答：

【思考过程】：...

【最终答案】：AB / BCE / CD / DE / E / ...（只输出选项的编号，不要写选项内容）

示例：
题目：医疗伦理中四大基本原则是？
A.尊重自主权
B.善意行为
C.无害原则
D.公正原则
E.以上都不是
【思考过程】：本题考查医学伦理的四大基本原则，包括尊重自主权、不伤害原则、行善原则、公正原则。

【最终答案】：ABCD

题目：发生医疗纠纷后，医疗机构依法应当告知患者或其近亲属的事项包括以下哪些内容？
A.解决纠纷的合法途径
B.医疗纠纷调解委员会的联系方式
C.病历资料封存与启封规定
D.医责保险赔付流程
E.病历资料查阅复制规定
【思考过程】：",ACE,Doubao-1.5-Thinking,"【思考过程】：本题考查《医疗纠纷预防和处理条例》中关于医疗机构告知义务的规定。根据该条例第二十三条，发生医疗纠纷时，医疗机构应当告知患者或其近亲属以下事项：（一）解决医疗纠纷的合法途径；（二）有关病历资料、现场实物封存和启封的规定；（三）有关病历资料查阅、复制的规定。  

选项A“解决纠纷的合法途径”对应条例中的第一项，正确；  
选项C“病历资料封存与启封规定”对应条例中的第二项，正确；  
选项E“病历资料查阅复制规定”对应条例中的第三项，正确；  
选项B“医疗纠纷调解委员会的联系方式”和选项D“医责保险赔付流程”未在条例规定的告知事项中明确要求，因此不选。  

【最终答案】：ACE",客观题,ACE
医患关系,"你是一个严格按照要求答题的医学考试考生。请你先展示出完整的思考过程，然后再输出最终答案。每道题目有至少两个选项（A、B）至多五个选项（A、B、C、D、E），题目为不定项选择题，请按照以下格式作答：

【思考过程】：...

【最终答案】：AB / BCE / CD / DE / E / ...（只输出选项的编号，不要写选项内容）

示例：
题目：医疗伦理中四大基本原则是？
A.尊重自主权
B.善意行为
C.无害原则
D.公正原则
E.以上都不是
【思考过程】：本题考查医学伦理的四大基本原则，包括尊重自主权、不伤害原则、行善原则、公正原则。

【最终答案】：ABCD

题目：当发生医疗纠纷且患者死亡时，医疗机构应当如何处理？
A.立即组织专家委员会进行内部调查
B.主动联系媒体澄清事件过程
C.向近亲属详细说明当前医疗措施的法律依据
D.及时告知患者近亲属关于尸检的相关规定
E.在获得卫生部门批准后启动医疗事故鉴定
【思考过程】：",D,Doubao-1.5-Thinking,"【思考过程】：本题考查医疗纠纷中患者死亡时医疗机构的处理措施，需依据《医疗纠纷预防和处理条例》等相关法规分析选项：

- 选项A：条例规定医疗机构在发生医疗纠纷后应立即采取措施防止损害扩大，并组织调查处理，其中可能包括组织专家委员会进行内部调查，因此A正确。  
- 选项B：主动联系媒体澄清事件过程不符合规范，医疗纠纷处理应优先与患方沟通，避免不当信息传播，B错误。  
- 选项C：患者死亡时，重点应是说明诊疗过程、死因等，而非“当前医疗措施的法律依据”，C不准确。  
- 选项D：条例明确规定患者死亡时，医疗机构需及时告知近亲属关于尸检的相关规定（如时间限制、同意要求等），D正确。  
- 选项E：医疗事故鉴定可由双方共同委托或卫生行政部门移交，无需先获得卫生部门批准，E错误。  

综上，正确选项为A和D。

【最终答案】：AD",客观题,AD
医患关系,"你是一个严格按照要求答题的医学考试考生。请你先展示出完整的思考过程，然后再输出最终答案。每道题目有至少两个选项（A、B）至多五个选项（A、B、C、D、E），题目为不定项选择题，请按照以下格式作答：

【思考过程】：...

【最终答案】：AB / BCE / CD / DE / E / ...（只输出选项的编号，不要写选项内容）

示例：
题目：医疗伦理中四大基本原则是？
A.尊重自主权
B.善意行为
C.无害原则
D.公正原则
E.以上都不是
【思考过程】：本题考查医学伦理的四大基本原则，包括尊重自主权、不伤害原则、行善原则、公正原则。

【最终答案】：ABCD

题目：以下哪些情况下医疗机构可以自行启封封存的病历资料？
A.封存满2年患者未提出解决纠纷要求
B.医疗机构与患者协商一致但未满3年
C.医疗纠纷已经解决
D.封存满3年且患者未再提出解决医疗纠纷要求
【思考过程】：",CD,Doubao-1.5-Thinking,"【思考过程】：根据《医疗纠纷预防和处理条例》第二十四条规定，封存的病历资料由医疗机构保管的，在医患双方共同启封前，任何一方不得擅自启封。但存在以下可自行启封的情形：一是医疗纠纷已经解决；二是封存满3年且患者未再提出解决医疗纠纷要求。选项A中“满2年”不符合规定（应为满3年）；选项B中“协商一致但未满3年”仍需双方共同启封，不属于自行启封情形；选项C“医疗纠纷已解决”和选项D“封存满3年且患者未再提出要求”符合条例规定的自行启封条件。

【最终答案】：CD",客观题,CD
医患关系,"你是一个严格按照要求答题的医学考试考生。请你先展示出完整的思考过程，然后再输出最终答案。每道题目有至少两个选项（A、B）至多五个选项（A、B、C、D、E），题目为不定项选择题，请按照以下格式作答：

【思考过程】：...

【最终答案】：AB / BCE / CD / DE / E / ...（只输出选项的编号，不要写选项内容）

示例：
题目：医疗伦理中四大基本原则是？
A.尊重自主权
B.善意行为
C.无害原则
D.公正原则
E.以上都不是
【思考过程】：本题考查医学伦理的四大基本原则，包括尊重自主权、不伤害原则、行善原则、公正原则。

【最终答案】：ABCD

题目：关于医疗纠纷中现场实物封存的处理，以下哪项描述是正确的？
A.封存现场实物由患者自行保管
B.检验机构可由医疗机构单独委托
C.封存满2年未解决纠纷即可启封
D.输血问题需通知血站派员到场
E.医疗机构与患者共同封存后由卫生部门指定检验机构
【思考过程】：",DE,Doubao-1.5-Thinking,"【思考过程】：本题考查医疗纠纷中现场实物封存的处理规定。根据《医疗纠纷预防和处理条例》及《医疗事故处理条例》相关规定：  
- 选项A错误：封存的现场实物应由医疗机构保管，而非患者自行保管。  
- 选项B错误：检验机构需由医患双方共同委托，无法共同委托时才由卫生行政部门指定，不能由医疗机构单独委托。  
- 选项C错误：封存期限无明确“满2年即可启封”的规定，通常需在纠纷解决后或双方同意启封时处理。  
- 选项D正确：疑似输血引起的不良后果，需通知提供血液的血站派员到场共同处理。  
- 选项E错误：检验机构的指定需以双方无法共同委托为前提，而非共同封存后直接由卫生部门指定。  

【最终答案】：D",客观题,D
医患关系,"你是一个严格按照要求答题的医学考试考生。请你先展示出完整的思考过程，然后再输出最终答案。每道题目有至少两个选项（A、B）至多五个选项（A、B、C、D、E），题目为不定项选择题，请按照以下格式作答：

【思考过程】：...

【最终答案】：AB / BCE / CD / DE / E / ...（只输出选项的编号，不要写选项内容）

示例：
题目：医疗伦理中四大基本原则是？
A.尊重自主权
B.善意行为
C.无害原则
D.公正原则
E.以上都不是
【思考过程】：本题考查医学伦理的四大基本原则，包括尊重自主权、不伤害原则、行善原则、公正原则。

【最终答案】：ABCD

题目：患者死亡后，医患双方对死因存在异议。关于尸检程序，以下哪几项描述符合法律规定？
A.在具备尸体冻存条件的情况下，死亡后第5天可进行尸检
B.死者的成年子女明确反对尸检但未签字，医院仍可实施尸检
C.尸检拖延导致超过规定时间引发纠纷的，由拖延方承担不利后果
D.尸检可由医疗机构具备解剖资质的主治医师独自操作
E.患者生前书面同意尸检即可免除近亲属签字流程
【思考过程】：",AC,Doubao-1.5-Thinking,"【思考过程】：本题考查尸检程序的法律规定，需依据《医疗事故处理条例》等相关法规分析各选项：

- **选项A**：根据《医疗事故处理条例》第十八条，患者死亡后，具备尸体冻存条件的，尸检可延长至死亡后7日内进行。死亡后第5天在7日内，符合规定，A正确。  
- **选项B**：条例明确规定尸检需经死者近亲属同意并签字，若近亲属明确反对且未签字，医院无权强制实施尸检，B错误。  
- **选项C**：条例指出，拒绝或拖延尸检导致超过规定时间、影响死因判定的，由拖延方承担不利后果，C正确。  
- **选项D**：尸检需由具备相应资质的机构和病理解剖专业技术人员进行，仅“具备解剖资质的主治医师”不符合要求，D错误。  
- **选项E**：条例规定尸检需近亲属同意并签字，患者生前书面同意不能直接免除近亲属签字流程，E错误。  

【最终答案】：AC",客观题,AC
医患关系,"你是一个严格按照要求答题的医学考试考生。请你先展示出完整的思考过程，然后再输出最终答案。每道题目有至少两个选项（A、B）至多五个选项（A、B、C、D、E），题目为不定项选择题，请按照以下格式作答：

【思考过程】：...

【最终答案】：AB / BCE / CD / DE / E / ...（只输出选项的编号，不要写选项内容）

示例：
题目：医疗伦理中四大基本原则是？
A.尊重自主权
B.善意行为
C.无害原则
D.公正原则
E.以上都不是
【思考过程】：本题考查医学伦理的四大基本原则，包括尊重自主权、不伤害原则、行善原则、公正原则。

【最终答案】：ABCD

题目：患者在医疗机构内死亡后，尸体存放的最长期限一般不得超过多少日？
A.7日
B.12日
C.14日
D.30日
E.60日
【思考过程】：",C,Doubao-1.5-Thinking,"【思考过程】：根据相关法规，患者在医疗机构内死亡后，尸体存放的最长期限通常由《医疗纠纷预防和处理条例》《殡葬管理条例》等规定。一般情况下，若家属未及时处理尸体，医疗机构为避免影响正常运作，会规定最长存放期限。结合实际法规和常见规定，医疗机构内尸体存放的最长期限一般不得超过14日。

【最终答案】：C",客观题,C
医患关系,"你是一个严格按照要求答题的医学考试考生。请你先展示出完整的思考过程，然后再输出最终答案。每道题目有至少两个选项（A、B）至多五个选项（A、B、C、D、E），题目为不定项选择题，请按照以下格式作答：

【思考过程】：...

【最终答案】：AB / BCE / CD / DE / E / ...（只输出选项的编号，不要写选项内容）

示例：
题目：医疗伦理中四大基本原则是？
A.尊重自主权
B.善意行为
C.无害原则
D.公正原则
E.以上都不是
【思考过程】：本题考查医学伦理的四大基本原则，包括尊重自主权、不伤害原则、行善原则、公正原则。

【最终答案】：ABCD

题目：医疗机构发生重大医疗纠纷时，应当向哪一级卫生主管部门报告？
A.所在地县级以上地方人民政府卫生主管部门
B.市级以上人民政府卫生主管部门
C.医疗机构内部医疗纠纷处理部门
D.无需报告，自行处理
E.省级政府卫生主管部门
【思考过程】：",A,Doubao-1.5-Thinking,"【思考过程】：根据《医疗纠纷预防和处理条例》规定，医疗机构发生重大医疗纠纷时，应当及时向所在地县级以上地方人民政府卫生主管部门报告。选项A符合这一规定；选项B（市级以上）范围过窄，未涵盖县级；选项C（内部部门）不符合“卫生主管部门”的要求；选项D（无需报告）明显错误；选项E（省级）范围过窄，未包括县级、市级等。因此正确选项为A。

【最终答案】：A",客观题,A
医患关系,"你是一个严格按照要求答题的医学考试考生。请你先展示出完整的思考过程，然后再输出最终答案。每道题目有至少两个选项（A、B）至多五个选项（A、B、C、D、E），题目为不定项选择题，请按照以下格式作答：

【思考过程】：...

【最终答案】：AB / BCE / CD / DE / E / ...（只输出选项的编号，不要写选项内容）

示例：
题目：医疗伦理中四大基本原则是？
A.尊重自主权
B.善意行为
C.无害原则
D.公正原则
E.以上都不是
【思考过程】：本题考查医学伦理的四大基本原则，包括尊重自主权、不伤害原则、行善原则、公正原则。

【最终答案】：ABCD

题目：医疗纠纷协商解决过程中，以下哪些行为符合法律规定？
A.医患双方在急诊科候诊区开展有12人参与的协商讨论
B.推举4名家属代表与院方5名代表进行协商
C.医院因患方索赔金额过高要求其必须接受人民调解
D.协商过程中主张""以医生职业荣誉作为主要赔付依据""
【思考过程】：",B,Doubao-1.5-Thinking,"【思考过程】：本题需依据《医疗纠纷预防和处理条例》判断各选项是否符合法律规定。  
- 选项A：协商应在专门场所进行，避免干扰正常医疗秩序。急诊科候诊区为患者就诊场所，且12人参与可能影响正常医疗，不符合规定。  
- 选项B：条例规定医患双方可各自推举代表，人数一般不超过5名。患方4名、院方5名均未超过限制，符合规定。  
- 选项C：协商应遵循自愿原则，医院不得因索赔金额高强制要求人民调解，违反自愿原则，不符合规定。  
- 选项D：赔付依据应为法律、法规、规章和诊疗规范等，以“医生职业荣誉”作为主要依据无法律依据，不符合规定。  

【最终答案】：B",客观题,B
医患关系,"你是一个严格按照要求答题的医学考试考生。请你先展示出完整的思考过程，然后再输出最终答案。每道题目有至少两个选项（A、B）至多五个选项（A、B、C、D、E），题目为不定项选择题，请按照以下格式作答：

【思考过程】：...

【最终答案】：AB / BCE / CD / DE / E / ...（只输出选项的编号，不要写选项内容）

示例：
题目：医疗伦理中四大基本原则是？
A.尊重自主权
B.善意行为
C.无害原则
D.公正原则
E.以上都不是
【思考过程】：本题考查医学伦理的四大基本原则，包括尊重自主权、不伤害原则、行善原则、公正原则。

【最终答案】：ABCD

题目：关于医疗纠纷人民调解委员会委托医疗损害鉴定的流程及要求，以下哪些表述是正确的？
A.调解委员会可直接单方面委托司法鉴定机构进行鉴定
B.医学会有权自行决定是否简化鉴定程序以提高效率
C.司法鉴定机构应对出具的鉴定意见履行法定责任
D.医疗损害鉴定必须经医患双方共同委托才能启动
E.调解委员会经双方同意可代替医患委托鉴定
【思考过程】：",CE,Doubao-1.5-Thinking,"【思考过程】：本题考查医疗纠纷人民调解委员会委托医疗损害鉴定的流程及要求，需结合《医疗纠纷预防和处理条例》等相关规定分析：

- 选项A：调解委员会不可直接单方面委托鉴定。根据规定，委托鉴定需医患双方共同委托或经双方同意后由调解委员会委托，单方面委托不符合要求，故A错误。  
- 选项B：医学会无权自行决定简化鉴定程序。鉴定程序需严格遵循法定要求，不能因提高效率而自行简化，故B错误。  
- 选项C：司法鉴定机构应对鉴定意见履行法定责任。鉴定机构作为专业机构，需对出具的鉴定意见承担法律责任，符合法律规定，故C正确。  
- 选项D：医疗损害鉴定并非必须经医患双方共同委托。根据条例，经双方同意后，调解委员会可代替委托，因此“必须共同委托”的表述过于绝对，故D错误。  
- 选项E：调解委员会经双方同意可代替委托鉴定。条例明确规定，经医患双方同意，调解委员会可委托鉴定，故E正确。  

【最终答案】：CE",客观题,CE
医患关系,"你是一个严格按照要求答题的医学考试考生。请你先展示出完整的思考过程，然后再输出最终答案。每道题目有至少两个选项（A、B）至多五个选项（A、B、C、D、E），题目为不定项选择题，请按照以下格式作答：

【思考过程】：...

【最终答案】：AB / BCE / CD / DE / E / ...（只输出选项的编号，不要写选项内容）

示例：
题目：医疗伦理中四大基本原则是？
A.尊重自主权
B.善意行为
C.无害原则
D.公正原则
E.以上都不是
【思考过程】：本题考查医学伦理的四大基本原则，包括尊重自主权、不伤害原则、行善原则、公正原则。

【最终答案】：ABCD

题目：以下哪种情形需要咨询专家或鉴定人员回避？（多选）
A.作为医疗纠纷当事人的近亲
B.与纠纷存在经济利益
C.曾发表过相关医学论文
D.与当事人是大学同窗关系
E.上个月刚担任该医院伦理委员
【思考过程】：",ABDE,Doubao-1.5-Thinking,"【思考过程】：本题考查专家或鉴定人员需要回避的情形，需依据相关法规（如《医疗事故技术鉴定暂行办法》《司法鉴定程序通则》）分析。  
- **选项A**：作为医疗纠纷当事人的近亲，属于“近亲属关系”，直接影响公正，需回避。  
- **选项B**：与纠纷存在经济利益，属于“利害关系”，可能影响公正，需回避。  
- **选项C**：曾发表相关医学论文，属于学术活动，不直接影响公正判断，无需回避。  
- **选项D**：与当事人是大学同窗关系，属于“其他可能影响公正的关系”（如密切同学关系可能干扰中立性），需回避。  
- **选项E**：上个月刚担任该医院伦理委员，说明当前与医院存在隶属或利益关联，属于“利害关系”，需回避。  

综上，需回避的情形为A、B、D、E。

【最终答案】：ABDE",客观题,ABDE
医患关系,"你是一个严格按照要求答题的医学考试考生。请你先展示出完整的思考过程，然后再输出最终答案。每道题目有至少两个选项（A、B）至多五个选项（A、B、C、D、E），题目为不定项选择题，请按照以下格式作答：

【思考过程】：...

【最终答案】：AB / BCE / CD / DE / E / ...（只输出选项的编号，不要写选项内容）

示例：
题目：医疗伦理中四大基本原则是？
A.尊重自主权
B.善意行为
C.无害原则
D.公正原则
E.以上都不是
【思考过程】：本题考查医学伦理的四大基本原则，包括尊重自主权、不伤害原则、行善原则、公正原则。

【最终答案】：ABCD

题目：在下列哪种情形下，卫生主管部门应当不予受理医疗纠纷行政调解申请？
A.当事人申请后卫生主管部门未在5个工作日内作出决定
B.申请材料中缺少身份证复印件
C.已向医疗纠纷人民调解委员会提出申请但未被受理
D.已经向人民法院提起诉讼并被受理
E.医疗纠纷发生地不在本辖区
【思考过程】：",D,Doubao-1.5-Thinking,"【思考过程】：根据《医疗纠纷预防和处理条例》等相关规定，卫生主管部门不予受理医疗纠纷行政调解申请的情形主要包括：（1）当事人已经向人民法院提起诉讼并被受理（诉讼优先原则）；（2）医疗纠纷不属于本行政区域管辖（管辖权限制）。  

选项分析：  
- A选项“未在5个工作日内作出决定”属于程序延迟问题，并非法定不予受理情形；  
- B选项“缺少身份证复印件”通常可要求补正，而非直接不予受理；  
- C选项“人民调解委员会未受理”不影响行政调解申请；  
- D选项“已向法院起诉并受理”符合诉讼优先原则，应不予受理；  
- E选项“纠纷发生地不在本辖区”涉及管辖权问题，应不予受理。  

【最终答案】：DE",客观题,DE
医患关系,"你是一个严格按照要求答题的医学考试考生。请你先展示出完整的思考过程，然后再输出最终答案。每道题目有至少两个选项（A、B）至多五个选项（A、B、C、D、E），题目为不定项选择题，请按照以下格式作答：

【思考过程】：...

【最终答案】：AB / BCE / CD / DE / E / ...（只输出选项的编号，不要写选项内容）

示例：
题目：医疗伦理中四大基本原则是？
A.尊重自主权
B.善意行为
C.无害原则
D.公正原则
E.以上都不是
【思考过程】：本题考查医学伦理的四大基本原则，包括尊重自主权、不伤害原则、行善原则、公正原则。

【最终答案】：ABCD

题目：关于医疗纠纷调解过程的保密要求，以下哪些陈述是正确的？
A.调解委员会可向主管部门提交完整调解记录
B.经过医方单独同意可公开部分调解协议
C.医患双方任一方反对则不得公开调解内容
D.调解员需向第三方公开患者既往病史
E.未经双方同意不得公开调解会议录像
【思考过程】：",AE,Doubao-1.5-Thinking,"【思考过程】：本题考查医疗纠纷调解中的保密要求。根据《医疗纠纷预防和处理条例》及相关规定，调解过程应严格保密。  
- 选项A错误：调解记录属于保密内容，调解委员会一般不得随意向主管部门提交完整调解记录，除非法律另有规定。  
- 选项B错误：调解协议涉及双方权益，公开需双方共同同意，仅医方单独同意不可公开部分协议。  
- 选项C正确：保密原则要求，若医患任一方反对公开调解内容，则不得公开。  
- 选项D错误：患者既往病史属于个人隐私，调解员无义务且不得向第三方公开。  
- 选项E正确：调解会议录像属于调解过程的记录，未经双方同意不得公开。  

【最终答案】：CE",客观题,CE
医患关系,"你是一个严格按照要求答题的医学考试考生。请你先展示出完整的思考过程，然后再输出最终答案。每道题目有至少两个选项（A、B）至多五个选项（A、B、C、D、E），题目为不定项选择题，请按照以下格式作答：

【思考过程】：...

【最终答案】：AB / BCE / CD / DE / E / ...（只输出选项的编号，不要写选项内容）

示例：
题目：医疗伦理中四大基本原则是？
A.尊重自主权
B.善意行为
C.无害原则
D.公正原则
E.以上都不是
【思考过程】：本题考查医学伦理的四大基本原则，包括尊重自主权、不伤害原则、行善原则、公正原则。

【最终答案】：ABCD

题目：某医疗机构被查出篡改病历资料但未造成严重后果，依据相关法规，可能面临的处罚包括哪些？
A.直接主管人员被开除
B.医务人员暂停执业活动8个月
C.主管人员降低岗位等级
D.医务人员被吊销执业证书
E.依法追究刑事责任
【思考过程】：",BC,Doubao-1.5-Thinking,"【思考过程】：根据《医疗纠纷预防和处理条例》第四十五条规定，医疗机构篡改、伪造、隐匿、毁灭病历资料的，未造成严重后果时，处罚包括：对直接负责的主管人员和其他直接责任人员给予或责令给予降低岗位等级或撤职的处分（对应选项C）；对有关医务人员责令暂停6个月以上1年以下执业活动（选项B中暂停8个月符合该范围）。若造成严重后果，才会涉及开除（选项A）、吊销执业证书（选项D）；构成犯罪的才追究刑事责任（选项E）。题目明确“未造成严重后果”，故A、D、E不适用。

【最终答案】：BC",客观题,BC
医患关系,"你是一个严格按照要求答题的医学考试考生。请你先展示出完整的思考过程，然后再输出最终答案。每道题目有至少两个选项（A、B）至多五个选项（A、B、C、D、E），题目为不定项选择题，请按照以下格式作答：

【思考过程】：...

【最终答案】：AB / BCE / CD / DE / E / ...（只输出选项的编号，不要写选项内容）

示例：
题目：医疗伦理中四大基本原则是？
A.尊重自主权
B.善意行为
C.无害原则
D.公正原则
E.以上都不是
【思考过程】：本题考查医学伦理的四大基本原则，包括尊重自主权、不伤害原则、行善原则、公正原则。

【最终答案】：ABCD

题目：以下哪种行为违反了医患关系中的伦理要求？
A.因患者宗教信仰调整沟通方式
B.因患者贫富差异限制医疗资源分配
C.拒绝为残疾患者开具与残疾无关的医疗证明
D.因患者文化程度隐瞒关键治疗风险
E.将患者医疗信息用于非诊疗相关的学术研究
【思考过程】：",BDE,Doubao-1.5-Thinking,"【思考过程】：医患关系的伦理要求包括尊重患者的自主权、知情权、隐私权，以及公平公正分配医疗资源等。分析各选项：  
- A项：因宗教信仰调整沟通方式是尊重患者文化差异的表现，符合伦理要求。  
- B项：因贫富差异限制医疗资源分配违背了公正原则，属于伦理违规。  
- C项：拒绝开具与残疾无关的医疗证明（如无相关疾病的诊断证明）是合理的医疗行为，不违反伦理。  
- D项：因文化程度隐瞒关键治疗风险侵犯了患者的知情权，违反伦理。  
- E项：未经同意将医疗信息用于非诊疗学术研究侵犯患者隐私权，违反伦理。  

【最终答案】：BDE",客观题,BDE
医患关系,"你是一个严格按照要求答题的医学考试考生。请你先展示出完整的思考过程，然后再输出最终答案。每道题目有至少两个选项（A、B）至多五个选项（A、B、C、D、E），题目为不定项选择题，请按照以下格式作答：

【思考过程】：...

【最终答案】：AB / BCE / CD / DE / E / ...（只输出选项的编号，不要写选项内容）

示例：
题目：医疗伦理中四大基本原则是？
A.尊重自主权
B.善意行为
C.无害原则
D.公正原则
E.以上都不是
【思考过程】：本题考查医学伦理的四大基本原则，包括尊重自主权、不伤害原则、行善原则、公正原则。

【最终答案】：ABCD

题目：以下哪种行为违反了医德廉洁自律要求？
A.不参加药企赞助的学术会议
B.收取患者赠送的贵重礼品
C.推荐患者到指定药店购药以获取提成
D.私自将患者信息出售给第三方机构
【思考过程】：",BCD,Doubao-1.5-Thinking,"【思考过程】：医德廉洁自律要求医务人员在医疗活动中保持廉洁，不利用职务之便谋取私利，不接受不正当利益。分析各选项：  
- 选项A“不参加药企赞助的学术会议”是遵守规范的行为，不违反廉洁自律；  
- 选项B“收取患者赠送的贵重礼品”属于接受患者不当利益，违反廉洁自律；  
- 选项C“推荐患者到指定药店购药以获取提成”是利用职务之便谋取私利，违反廉洁自律；  
- 选项D“私自将患者信息出售给第三方机构”通常为获取经济利益，属于利用职务谋利，违反廉洁自律。  

【最终答案】：BCD",客观题,BCD
医患关系,"你是一个严格按照要求答题的医学考试考生。请你先展示出完整的思考过程，然后再输出最终答案。每道题目有至少两个选项（A、B）至多五个选项（A、B、C、D、E），题目为不定项选择题，请按照以下格式作答：

【思考过程】：...

【最终答案】：AB / BCE / CD / DE / E / ...（只输出选项的编号，不要写选项内容）

示例：
题目：医疗伦理中四大基本原则是？
A.尊重自主权
B.善意行为
C.无害原则
D.公正原则
E.以上都不是
【思考过程】：本题考查医学伦理的四大基本原则，包括尊重自主权、不伤害原则、行善原则、公正原则。

【最终答案】：ABCD

题目：关于实验性临床医疗的知情同意要求，以下哪项符合法规规定？
A. 必须在患者本人拒绝时强制取得家属同意
B. 只需医疗机构内部伦理委员会批准即可开展
C. 口头告知患者风险后可跳过书面同意流程
D. 必须保障患者本人或其家属的知情同意权
E. 需患者和家属同时在场签署同意书
【思考过程】：",D,Doubao-1.5-Thinking,"【思考过程】：本题考查实验性临床医疗的知情同意法规要求。根据相关法规（如《医疗机构管理条例》《涉及人的生物医学研究伦理审查办法》等），实验性临床医疗需遵循知情同意原则。  
- 选项A错误：患者本人拒绝时，应尊重其自主决定权，不能强制家属同意。  
- 选项B错误：实验性医疗需伦理委员会批准，但仅伦理批准不足，还需患者或家属知情同意。  
- 选项C错误：知情同意通常需书面形式，口头告知不可替代书面流程。  
- 选项D正确：法规明确要求保障患者本人或其家属的知情同意权（患者有行为能力时优先本人，无行为能力时由家属代理）。  
- 选项E错误：患者本人有行为能力时，由本人签署即可，无需家属同时在场。  

【最终答案】：D",客观题,D
医患关系,"你是一个严格按照要求答题的医学考试考生。请你先展示出完整的思考过程，然后再输出最终答案。每道题目有至少两个选项（A、B）至多五个选项（A、B、C、D、E），题目为不定项选择题，请按照以下格式作答：

【思考过程】：...

【最终答案】：AB / BCE / CD / DE / E / ...（只输出选项的编号，不要写选项内容）

示例：
题目：医疗伦理中四大基本原则是？
A.尊重自主权
B.善意行为
C.无害原则
D.公正原则
E.以上都不是
【思考过程】：本题考查医学伦理的四大基本原则，包括尊重自主权、不伤害原则、行善原则、公正原则。

【最终答案】：ABCD

题目：护士在履行护理职责时，下列哪项不属于规定必须包含的内容？
A.医学照顾与病情观察
B.健康教育与药物处方开具
C.协助诊疗与健康管理师资格培训
D.心理支持与康复指导
【思考过程】：",BC,Doubao-1.5-Thinking,"【思考过程】：护士的主要职责包括医学照顾、病情观察（A属于）、协助诊疗（C前半部分属于）、健康教育（B前半部分属于）、心理支持、康复指导（D属于）等。但护士无药物处方权（B后半部分不属于），健康管理师资格培训属于额外职业培训，并非护理职责必须内容（C后半部分不属于）。因此，B和C不属于规定必须包含的内容。

【最终答案】：BC",客观题,BC
医患关系,"你是一个严格按照要求答题的医学考试考生。请你先展示出完整的思考过程，然后再输出最终答案。每道题目有至少两个选项（A、B）至多五个选项（A、B、C、D、E），题目为不定项选择题，请按照以下格式作答：

【思考过程】：...

【最终答案】：AB / BCE / CD / DE / E / ...（只输出选项的编号，不要写选项内容）

示例：
题目：医疗伦理中四大基本原则是？
A.尊重自主权
B.善意行为
C.无害原则
D.公正原则
E.以上都不是
【思考过程】：本题考查医学伦理的四大基本原则，包括尊重自主权、不伤害原则、行善原则、公正原则。

【最终答案】：ABCD

题目：护士在发现患者病情危急时，以下哪种做法符合相关法律法规？
A.立即通知医师并全程记录病情变化
B.优先联系患者家属说明情况
C.在医师未到达时拒绝实施任何救护措施
D.为抢救生命直接实施心脏电除颤操作
E.立即通知医师并在紧急情况下实施必要救护
【思考过程】：",E,Doubao-1.5-Thinking,"【思考过程】：根据《护士条例》第十七条规定，护士发现患者病情危急时，应当立即通知医师；在紧急情况下为抢救垂危患者生命，应当先行实施必要的紧急救护。同时，护理工作中需全程记录病情变化以确保医疗安全。  

选项A：“立即通知医师并全程记录病情变化”符合立即通知医师的要求，且记录病情变化是护理常规，正确。  
选项B：“优先联系患者家属说明情况”错误，病情危急时首要任务是抢救，应先通知医师而非优先联系家属。  
选项C：“在医师未到达时拒绝实施任何救护措施”错误，紧急情况下护士应实施必要救护，不能拒绝。  
选项D：“为抢救生命直接实施心脏电除颤操作”错误，心脏电除颤需专业资质和授权，题目未明确护士具备此权限，直接实施不符合规定。  
选项E：“立即通知医师并在紧急情况下实施必要救护”符合《护士条例》规定，正确。  

【最终答案】：AE",客观题,AE
医患关系,"你是一个严格按照要求答题的医学考试考生。请你先展示出完整的思考过程，然后再输出最终答案。每道题目有至少两个选项（A、B）至多五个选项（A、B、C、D、E），题目为不定项选择题，请按照以下格式作答：

【思考过程】：...

【最终答案】：AB / BCE / CD / DE / E / ...（只输出选项的编号，不要写选项内容）

示例：
题目：医疗伦理中四大基本原则是？
A.尊重自主权
B.善意行为
C.无害原则
D.公正原则
E.以上都不是
【思考过程】：本题考查医学伦理的四大基本原则，包括尊重自主权、不伤害原则、行善原则、公正原则。

【最终答案】：ABCD

题目：医务人员在协同医师工作时，必须向患者解释说明的内容应包含以下哪些内容？
A.药物使用遴选、适应症、禁忌
B.适应症、禁忌、药品价格
C.适应症、禁忌、不良反应、药品生产厂家
D.药物遴选、适应症、禁忌、不良反应、注意事项、使用方法
E.指导患者调整药物剂量以节省费用
【思考过程】：",D,Doubao-1.5-Thinking,"【思考过程】：本题考查医务人员向患者解释说明的必要内容。根据医学伦理和患者知情同意原则，医务人员需向患者充分说明药物相关关键信息，以确保患者正确使用并了解风险。  
- 选项A（药物使用遴选、适应症、禁忌）缺少不良反应、注意事项、使用方法等关键内容；  
- 选项B（适应症、禁忌、药品价格）中“药品价格”非必须解释内容（除非患者主动询问）；  
- 选项C（适应症、禁忌、不良反应、药品生产厂家）中“生产厂家”非必须解释内容；  
- 选项D（药物遴选、适应症、禁忌、不良反应、注意事项、使用方法）涵盖了药物选择依据（遴选）、适用情况（适应症）、禁用情况（禁忌）、潜在风险（不良反应）、需注意事项（注意事项）及具体用法（使用方法），均为患者必须知情的核心内容；  
- 选项E（指导调整药物剂量以节省费用）涉及用药安全，调整剂量需医师决定，非必须解释内容且可能不当。  

【最终答案】：D",客观题,D
医患关系,"你是一个严格按照要求答题的医学考试考生。请你先展示出完整的思考过程，然后再输出最终答案。每道题目有至少两个选项（A、B）至多五个选项（A、B、C、D、E），题目为不定项选择题，请按照以下格式作答：

【思考过程】：...

【最终答案】：AB / BCE / CD / DE / E / ...（只输出选项的编号，不要写选项内容）

示例：
题目：医疗伦理中四大基本原则是？
A.尊重自主权
B.善意行为
C.无害原则
D.公正原则
E.以上都不是
【思考过程】：本题考查医学伦理的四大基本原则，包括尊重自主权、不伤害原则、行善原则、公正原则。

【最终答案】：ABCD

题目：以下哪个行为符合医患关系中的伦理要求？
A.主动减少患者家属的担忧
B.积极配合临床诊疗
C.巧妙探问患者隐私用于研究
D.保护患者隐私
E.优先履行医院创收指标
【思考过程】：",BD,Doubao-1.5-Thinking,"【思考过程】：医患关系中的伦理要求主要包括尊重患者自主权、保护隐私、减轻患者及家属痛苦、以患者利益为优先等原则。  
- 选项A“主动减少患者家属的担忧”符合伦理要求，属于对患者及家属的人文关怀，体现有利（行善）原则。  
- 选项B“积极配合临床诊疗”若指患者或家属的行为，属于其义务，但题目未明确主体，且医患伦理更强调医方责任，此表述不精准，暂不认定为符合伦理要求的医方行为。  
- 选项C“巧妙探问患者隐私用于研究”侵犯患者隐私权，未经同意使用隐私违反伦理。  
- 选项D“保护患者隐私”是医患伦理的核心要求之一，医生负有保密义务，符合伦理。  
- 选项E“优先履行医院创收指标”将经济利益置于患者利益之上，违背有利原则和不伤害原则，不符合伦理。  

【最终答案】：AD",客观题,AD
医患关系,"你是一个严格按照要求答题的医学考试考生。请你先展示出完整的思考过程，然后再输出最终答案。每道题目有至少两个选项（A、B）至多五个选项（A、B、C、D、E），题目为不定项选择题，请按照以下格式作答：

【思考过程】：...

【最终答案】：AB / BCE / CD / DE / E / ...（只输出选项的编号，不要写选项内容）

示例：
题目：医疗伦理中四大基本原则是？
A.尊重自主权
B.善意行为
C.无害原则
D.公正原则
E.以上都不是
【思考过程】：本题考查医学伦理的四大基本原则，包括尊重自主权、不伤害原则、行善原则、公正原则。

【最终答案】：ABCD

题目：在医患关系中，以下哪些是医务人员必须履行的职责？
A.指导患者配合检查
B.对接触放射性物质的人员仅告知风险
C.帮助患者查询检查结果
D.对接触传染性物质的人员不采取任何防护措施
E.对接触传染性物质的人员进行风险告知并给予防护
【思考过程】：",ACE,Doubao-1.5-Thinking,"【思考过程】：本题需判断医务人员在医患关系中必须履行的职责。逐一分析选项：  
- 选项A：指导患者配合检查是医务人员的基本职责，确保检查顺利进行，正确。  
- 选项B：接触放射性物质时，仅告知风险不足，还需采取防护措施（如铅衣），故错误。  
- 选项C：帮助患者查询检查结果是服务患者的职责，正确。  
- 选项D：接触传染性物质时不采取防护措施违反感染防控原则，错误。  
- 选项E：对接触传染性物质的人员告知风险并给予防护（如口罩、手套）符合规范，正确。  

【最终答案】：ACE",客观题,ACE
医患关系,"你是一个严格按照要求答题的医学考试考生。请你先展示出完整的思考过程，然后再输出最终答案。每道题目有至少两个选项（A、B）至多五个选项（A、B、C、D、E），题目为不定项选择题，请按照以下格式作答：

【思考过程】：...

【最终答案】：AB / BCE / CD / DE / E / ...（只输出选项的编号，不要写选项内容）

示例：
题目：医疗伦理中四大基本原则是？
A.尊重自主权
B.善意行为
C.无害原则
D.公正原则
E.以上都不是
【思考过程】：本题考查医学伦理的四大基本原则，包括尊重自主权、不伤害原则、行善原则、公正原则。

【最终答案】：ABCD

题目：下列哪项不属于医疗机构应推行的合理用药管理原则？
A.安全原则
B.有效原则
C.经济原则
D.便捷性原则
E.快速性原则
【思考过程】：",DE,Doubao-1.5-Thinking,"【思考过程】：合理用药的管理原则通常包括安全、有效、经济三大核心原则。安全原则（A）是首要要求，确保用药无不必要伤害；有效原则（B）强调药物需达到治疗目的；经济原则（C）关注成本效益，避免资源浪费。而便捷性原则（D）主要涉及医疗服务流程的便利性，与用药本身的合理性无关；快速性原则（E）则片面追求起效速度，可能忽视用药安全性和适当性（如部分药物需缓慢起效或按疗程使用）。因此，D和E均不属于合理用药管理原则。

【最终答案】：DE",客观题,DE
医患关系,"你是一个严格按照要求答题的医学考试考生。请你先展示出完整的思考过程，然后再输出最终答案。每道题目有至少两个选项（A、B）至多五个选项（A、B、C、D、E），题目为不定项选择题，请按照以下格式作答：

【思考过程】：...

【最终答案】：AB / BCE / CD / DE / E / ...（只输出选项的编号，不要写选项内容）

示例：
题目：医疗伦理中四大基本原则是？
A.尊重自主权
B.善意行为
C.无害原则
D.公正原则
E.以上都不是
【思考过程】：本题考查医学伦理的四大基本原则，包括尊重自主权、不伤害原则、行善原则、公正原则。

【最终答案】：ABCD

题目：以下哪些行为符合医疗机构及其医务人员的伦理义务？
A.未经患者同意公开其诊疗方案用于学术交流，B.在监护人在场情况下仅向未成年人解释手术风险，C.为同事亲属提供患者的诊疗记录以方便病情讨论，D.签署知情同意书后实施风险性检查，E.应患者要求销毁电子病历中的隐私数据
【思考过程】：",E,Doubao-1.5-Thinking,"【思考过程】：本题需判断各选项是否符合医疗机构及医务人员的伦理义务。  
- 选项A：未经患者同意公开诊疗方案用于学术交流，侵犯患者隐私权（《民法典》第1032条），不符合伦理义务。  
- 选项B：未成年人是限制民事行为能力人，手术风险需向其监护人解释并获得同意，仅向未成年人解释不符合法定程序，不符合伦理义务。  
- 选项C：为同事亲属提供患者诊疗记录，未获得患者授权，侵犯隐私（《医疗机构病历管理规定》第15条），不符合伦理义务。  
- 选项D：签署知情同意书后实施风险性检查，符合“尊重患者自主权”和“知情同意”的伦理原则，符合伦理义务。  
- 选项E：电子病历需按规定保存（门诊至少15年，住院至少30年），应患者要求销毁违反病历管理规范，不符合伦理义务。  

【最终答案】：D",客观题,D
医患关系,"你是一个严格按照要求答题的医学考试考生。请你先展示出完整的思考过程，然后再输出最终答案。每道题目有至少两个选项（A、B）至多五个选项（A、B、C、D、E），题目为不定项选择题，请按照以下格式作答：

【思考过程】：...

【最终答案】：AB / BCE / CD / DE / E / ...（只输出选项的编号，不要写选项内容）

示例：
题目：医疗伦理中四大基本原则是？
A.尊重自主权
B.善意行为
C.无害原则
D.公正原则
E.以上都不是
【思考过程】：本题考查医学伦理的四大基本原则，包括尊重自主权、不伤害原则、行善原则、公正原则。

【最终答案】：ABCD

题目：医疗机构在保障医患关系时可以采取以下哪些措施？
A.建立医疗安全与风险管理体系制度
B.利用医疗责任保险分担风险
C.缩减高风险科室的规模
D.制订医疗纠纷处理预案
E.完善患者投诉管理体系
F.定期公开医疗纠纷详细案件
【思考过程】：",ABDE,Doubao-1.5-Thinking,"【思考过程】：本题考查医疗机构保障医患关系的措施。需逐一分析各选项：  
- A选项“建立医疗安全与风险管理体系制度”：通过预防医疗风险，减少事故发生，可改善医患关系，正确。  
- B选项“利用医疗责任保险分担风险”：保险可缓解纠纷中的经济压力，降低矛盾激化可能，正确。  
- C选项“缩减高风险科室的规模”：高风险科室是患者需求集中区域，缩减规模可能导致就医困难，加剧矛盾，错误。  
- D选项“制订医疗纠纷处理预案”：预案可规范纠纷处理流程，避免矛盾升级，正确。  
- E选项“完善患者投诉管理体系”：畅通投诉渠道，及时解决患者诉求，维护信任，正确。  
- F选项“定期公开医疗纠纷详细案件”：公开详细案件可能侵犯患者隐私，引发社会误解，不利于医患关系，错误。  

【最终答案】：ABDE",客观题,ABDE
医患关系,"你是一个严格按照要求答题的医学考试考生。请你先展示出完整的思考过程，然后再输出最终答案。每道题目有至少两个选项（A、B）至多五个选项（A、B、C、D、E），题目为不定项选择题，请按照以下格式作答：

【思考过程】：...

【最终答案】：AB / BCE / CD / DE / E / ...（只输出选项的编号，不要写选项内容）

示例：
题目：医疗伦理中四大基本原则是？
A.尊重自主权
B.善意行为
C.无害原则
D.公正原则
E.以上都不是
【思考过程】：本题考查医学伦理的四大基本原则，包括尊重自主权、不伤害原则、行善原则、公正原则。

【最终答案】：ABCD

题目：某医院在接诊时，不得以下列哪些因素作为拒绝收治或歧视患者的依据？
A.患者职业等级
B.患者婚姻状况
C.患者宗教信仰
D.患者性取向
E.患者经济地位
【思考过程】：",BCDE,Doubao-1.5-Thinking,"【思考过程】：根据《中华人民共和国基本医疗卫生与健康促进法》第三十四条规定，医疗卫生机构不得因就诊者的身份、职业、地域、宗教信仰等差别而歧视就诊者。此外，法律强调患者应受到平等对待，尊重其人格尊严。患者的职业等级（A）、婚姻状况（B）、宗教信仰（C）、性取向（D）、经济地位（E）均属于个人身份或特征的范畴，医疗机构不得以这些因素作为拒绝收治或歧视患者的依据。

【最终答案】：ABCDE",客观题,ABCDE
医患关系,"你是一个严格按照要求答题的医学考试考生。请你先展示出完整的思考过程，然后再输出最终答案。每道题目有至少两个选项（A、B）至多五个选项（A、B、C、D、E），题目为不定项选择题，请按照以下格式作答：

【思考过程】：...

【最终答案】：AB / BCE / CD / DE / E / ...（只输出选项的编号，不要写选项内容）

示例：
题目：医疗伦理中四大基本原则是？
A.尊重自主权
B.善意行为
C.无害原则
D.公正原则
E.以上都不是
【思考过程】：本题考查医学伦理的四大基本原则，包括尊重自主权、不伤害原则、行善原则、公正原则。

【最终答案】：ABCD

题目：以下哪种行为违反了关于医患沟通的相关规定？
A.使用通俗语言将病情转化为比喻进行解释
B.向患者详细介绍治疗方案的风险和益处
C.宣传诊疗效果时夸大成功率以提高患者信心
D.开展“推荐亲友享优惠价格”的诊疗推广活动
【思考过程】：",CD,Doubao-1.5-Thinking,"【思考过程】：本题需判断哪些行为违反医患沟通相关规定。  
- 选项A：使用通俗语言和比喻解释病情，有助于患者理解，符合有效沟通要求，不违规。  
- 选项B：详细告知治疗方案的风险和益处，是尊重患者知情权的表现，符合规定。  
- 选项C：夸大诊疗效果的成功率属于虚假或误导性宣传，违反了医患沟通的诚信原则。  
- 选项D：通过“推荐亲友享优惠”推广诊疗，可能诱导患者非客观推荐，涉及不当营销，违反诊疗推广规范。  

【最终答案】：CD",客观题,CD
医患关系,"你是一个严格按照要求答题的医学考试考生。请你先展示出完整的思考过程，然后再输出最终答案。每道题目有至少两个选项（A、B）至多五个选项（A、B、C、D、E），题目为不定项选择题，请按照以下格式作答：

【思考过程】：...

【最终答案】：AB / BCE / CD / DE / E / ...（只输出选项的编号，不要写选项内容）

示例：
题目：医疗伦理中四大基本原则是？
A.尊重自主权
B.善意行为
C.无害原则
D.公正原则
E.以上都不是
【思考过程】：本题考查医学伦理的四大基本原则，包括尊重自主权、不伤害原则、行善原则、公正原则。

【最终答案】：ABCD

题目：下列哪一种行为可能违反医学伦理相关法条？
A.为科研目的擅自增加非必要的放射性检查
B.在可预见的风险范围内调整麻醉方案以缩短手术时间
C.因门诊量大而使用超出说明书最高剂量10%的抗生素加快疗效
D.隐瞒罕见手术并发症风险以减轻患者焦虑
【思考过程】：",ACD,Doubao-1.5-Thinking,"【思考过程】：本题需判断各选项是否违反医学伦理相关法条。  
- 选项A：为科研擅自增加非必要放射性检查，属于不必要的医疗伤害，侵犯患者知情同意权，违反不伤害原则和伦理规范。  
- 选项B：在可预见风险范围内调整麻醉方案（缩短手术时间可能降低整体风险），属于合理医疗决策，未违反伦理。  
- 选项C：因门诊量大超说明书剂量使用抗生素，无循证依据且非基于患者需求，可能危害患者安全，违反药物使用规范和伦理。  
- 选项D：隐瞒手术并发症风险，侵犯患者知情同意权，违反尊重自主权原则。  

【最终答案】：ACD",客观题,ACD
医患关系,"你是一个严格按照要求答题的医学考试考生。请你先展示出完整的思考过程，然后再输出最终答案。每道题目有至少两个选项（A、B）至多五个选项（A、B、C、D、E），题目为不定项选择题，请按照以下格式作答：

【思考过程】：...

【最终答案】：AB / BCE / CD / DE / E / ...（只输出选项的编号，不要写选项内容）

示例：
题目：医疗伦理中四大基本原则是？
A.尊重自主权
B.善意行为
C.无害原则
D.公正原则
E.以上都不是
【思考过程】：本题考查医学伦理的四大基本原则，包括尊重自主权、不伤害原则、行善原则、公正原则。

【最终答案】：ABCD

题目：根据相关法律法规，以下哪些行为违反了医师在医患关系中的伦理义务？（多选）
A.适当简化知情同意流程以减轻工作负担
B.在患者签署同意书前充分解释医疗风险
C.将书面知情同意书作为避免医患纠纷的唯一依据
D.花费15分钟与患者讨论替代治疗方案
E.仅通过电话回访确认术后恢复情况
【思考过程】：",ACE,Doubao-1.5-Thinking,"【思考过程】：医师在医患关系中的伦理义务包括尊重患者自主权、充分履行知情同意、避免形式主义的知情同意、积极关怀患者等。  
- 选项A：简化知情同意流程可能导致患者未充分理解信息，违反知情同意的伦理义务（需充分告知）。  
- 选项B：签署同意书前充分解释风险是知情同意的核心要求，符合伦理义务。  
- 选项C：将书面同意书作为“唯一依据”，忽视患者实际理解和自愿性，属于形式主义，违反伦理义务（知情同意需实质沟通）。  
- 选项D：讨论替代治疗方案是尊重患者自主权的体现，符合伦理义务。  
- 选项E：仅通过电话回访可能无法全面评估术后恢复（如需面对面检查），未充分履行关怀患者的义务，违反伦理义务。  

【最终答案】：ACE",客观题,ACE
医患关系,"你是一个严格按照要求答题的医学考试考生。请你先展示出完整的思考过程，然后再输出最终答案。每道题目有至少两个选项（A、B）至多五个选项（A、B、C、D、E），题目为不定项选择题，请按照以下格式作答：

【思考过程】：...

【最终答案】：AB / BCE / CD / DE / E / ...（只输出选项的编号，不要写选项内容）

示例：
题目：医疗伦理中四大基本原则是？
A.尊重自主权
B.善意行为
C.无害原则
D.公正原则
E.以上都不是
【思考过程】：本题考查医学伦理的四大基本原则，包括尊重自主权、不伤害原则、行善原则、公正原则。

【最终答案】：ABCD

题目：医生在接诊经济困难患者时，根据伦理规范应当优先采取以下哪种做法？
A.推荐治疗成本最低的方案，B.结合医疗效果选择适宜方案并提供救助线索，C.优先推荐疗效明确但费用高昂的先进方案，D.仅提供治疗方案不参与救助工作，E.建议患者自行寻求社会救助
【思考过程】：",B,Doubao-1.5-Thinking,"【思考过程】：本题考查医学伦理中医生对经济困难患者的处理原则。医学伦理强调有利原则（促进患者健康）、公正原则（公平对待患者）和不伤害原则（避免经济负担加重伤害）。选项A仅考虑成本最低，可能忽视疗效；选项C推荐高昂方案未考虑经济承受能力；选项D和E未主动协助解决经济问题，可能加重患者负担。选项B既结合疗效选择适宜方案（有利原则），又提供救助线索（公正原则），符合伦理规范。

【最终答案】：B",客观题,B
医患关系,"你是一个严格按照要求答题的医学考试考生。请你先展示出完整的思考过程，然后再输出最终答案。每道题目有至少两个选项（A、B）至多五个选项（A、B、C、D、E），题目为不定项选择题，请按照以下格式作答：

【思考过程】：...

【最终答案】：AB / BCE / CD / DE / E / ...（只输出选项的编号，不要写选项内容）

示例：
题目：医疗伦理中四大基本原则是？
A.尊重自主权
B.善意行为
C.无害原则
D.公正原则
E.以上都不是
【思考过程】：本题考查医学伦理的四大基本原则，包括尊重自主权、不伤害原则、行善原则、公正原则。

【最终答案】：ABCD

题目：以下表述是否正确：在指导医学生临床诊疗活动时，若取得患者书面同意，则允许其实施可能造成患者短暂焦虑的操作。
A.正确
B.错误
【思考过程】：",B,Doubao-1.5-Thinking,"【思考过程】：在医学教育中，医学生参与临床诊疗活动需遵循伦理原则。根据医学伦理，患者的知情同意是关键，包括理解操作的目的、风险及可能的不适（如短暂焦虑）。若患者已书面同意，且操作仅造成短暂焦虑（非严重伤害），则符合尊重自主权和不伤害原则。相关法规也支持在患者知情同意下，医学生在带教老师指导下进行适当操作。因此该表述正确。

【最终答案】：A",客观题,A
医患关系,"你是一个严格按照要求答题的医学考试考生。请你先展示出完整的思考过程，然后再输出最终答案。每道题目有至少两个选项（A、B）至多五个选项（A、B、C、D、E），题目为不定项选择题，请按照以下格式作答：

【思考过程】：...

【最终答案】：AB / BCE / CD / DE / E / ...（只输出选项的编号，不要写选项内容）

示例：
题目：医疗伦理中四大基本原则是？
A.尊重自主权
B.善意行为
C.无害原则
D.公正原则
E.以上都不是
【思考过程】：本题考查医学伦理的四大基本原则，包括尊重自主权、不伤害原则、行善原则、公正原则。

【最终答案】：ABCD

题目：当患者丧失决策能力时，以下哪些方式可用于尊重其意愿？（多选）
A. 生前遗嘱
B. 替代同意
C. 家属集体表决
D. 医学专家评估
E. 患者近亲属的口头声明
【思考过程】：",AB,Doubao-1.5-Thinking,"【思考过程】：当患者丧失决策能力时，尊重其意愿的核心是依据患者本人在有决策能力时明确表达的意愿或预先安排。生前遗嘱（A）是患者在具备决策能力时预先制定的医疗意愿文件，直接反映其本人意愿；替代同意（B）通常指患者预先指定的代理人（如医疗代理人）根据患者此前的意愿代为决策，也属于尊重其意愿的方式。家属集体表决（C）、医学专家评估（D）主要体现他人意见或专业判断，不直接反映患者本人意愿；患者近亲属的口头声明（E）缺乏患者本人明确授权或书面依据，无法确保符合其真实意愿。因此，正确方式为生前遗嘱和替代同意。

【最终答案】：AB",客观题,AB
医患关系,"你是一个严格按照要求答题的医学考试考生。请你先展示出完整的思考过程，然后再输出最终答案。每道题目有至少两个选项（A、B）至多五个选项（A、B、C、D、E），题目为不定项选择题，请按照以下格式作答：

【思考过程】：...

【最终答案】：AB / BCE / CD / DE / E / ...（只输出选项的编号，不要写选项内容）

示例：
题目：医疗伦理中四大基本原则是？
A.尊重自主权
B.善意行为
C.无害原则
D.公正原则
E.以上都不是
【思考过程】：本题考查医学伦理的四大基本原则，包括尊重自主权、不伤害原则、行善原则、公正原则。

【最终答案】：ABCD

题目：以下哪些做法违反了为患者保守秘密的医疗法规？
A.在科室内部会议上对患者病情进行匿名化讨论
B.在患者本人未授权的情况下，将诊疗结果告知其直系亲属
C.未经脱敏处理将患者诊疗数据上传至公共研究平台
D.在医院走廊用患者出生年份代替姓名谈论病情
E.通过医院安全系统调阅分管患者的完整病历
【思考过程】：",BCD,Doubao-1.5-Thinking,"【思考过程】：本题需判断哪些做法违反患者保密原则。  
- 选项A：科室内部匿名化讨论病情是医疗常规，不违反保密规定。  
- 选项B：患者未授权时，将诊疗结果告知直系亲属，侵犯患者隐私（除非患者无行为能力需家属参与，题目未提及此特殊情况），违反保密。  
- 选项C：未经脱敏处理上传患者数据至公共平台，直接泄露可识别信息，明显违反保密法规。  
- 选项D：在医院走廊（公共场合）用出生年份谈论病情，仍可能被识别，属于泄露患者信息，违反保密。  
- 选项E：通过安全系统调阅分管患者病历是诊疗需要，符合规定。  

【最终答案】：BCD",客观题,BCD
医患关系,"你是一个严格按照要求答题的医学考试考生。请你先展示出完整的思考过程，然后再输出最终答案。每道题目有至少两个选项（A、B）至多五个选项（A、B、C、D、E），题目为不定项选择题，请按照以下格式作答：

【思考过程】：...

【最终答案】：AB / BCE / CD / DE / E / ...（只输出选项的编号，不要写选项内容）

示例：
题目：医疗伦理中四大基本原则是？
A.尊重自主权
B.善意行为
C.无害原则
D.公正原则
E.以上都不是
【思考过程】：本题考查医学伦理的四大基本原则，包括尊重自主权、不伤害原则、行善原则、公正原则。

【最终答案】：ABCD

题目：患者李某要求查看自己的完整病历，发现其中包含其兄弟的健康隐私信息。根据相关规定，以下哪项处理方式正确？
A.直接隐瞒该部分信息以防止家庭矛盾
B.无需征求其兄弟同意即可完全公开
C.在判断该信息公开不会对李某造成伤害后仍隐瞒相关信息
D.征得李某兄弟的书面同意后告知该部分信息
【思考过程】：",D,Doubao-1.5-Thinking,"【思考过程】：本题涉及患者病历中第三方隐私信息的处理。根据相关法律法规，患者有权查阅自己的病历，但病历中若包含他人隐私信息（如李某兄弟的健康隐私），医疗机构需保护第三方的隐私权。处理此类情况时，需取得第三方的同意方可公开其隐私信息。选项A直接隐瞒不符合患者查阅病历的权利；选项B未经同意公开他人隐私违反隐私保护原则；选项C即使判断无伤害仍隐瞒，未解决第三方同意的核心问题；选项D要求征得兄弟书面同意后告知，符合保护第三方隐私的规定。

【最终答案】：D",客观题,D
医患关系,"你是一个严格按照要求答题的医学考试考生。请你先展示出完整的思考过程，然后再输出最终答案。每道题目有至少两个选项（A、B）至多五个选项（A、B、C、D、E），题目为不定项选择题，请按照以下格式作答：

【思考过程】：...

【最终答案】：AB / BCE / CD / DE / E / ...（只输出选项的编号，不要写选项内容）

示例：
题目：医疗伦理中四大基本原则是？
A.尊重自主权
B.善意行为
C.无害原则
D.公正原则
E.以上都不是
【思考过程】：本题考查医学伦理的四大基本原则，包括尊重自主权、不伤害原则、行善原则、公正原则。

【最终答案】：ABCD

题目：以下关于患者权利的说法中，符合我国医学伦理相关规范的有哪些？
A.患者有权拒绝医生建议的手术方案
B.医生可以优先满足患者与治疗相关的个人选择
C.患者接受化疗后若反悔，需医生评估专业意见后方可终止
D.患者要求采用替代医疗方案时，需经医院伦理委员会批准
E.患者有权在不违反法律的前提下要求调整止疼药使用剂量
【思考过程】：",AE,Doubao-1.5-Thinking,"【思考过程】：本题需结合我国医学伦理相关规范分析患者权利。  
- **选项A**：患者拥有自主决策权，有权拒绝医生建议的手术方案（符合《民法典》关于患者知情同意和自主选择权的规定），正确。  
- **选项B**：患者与治疗相关的合理个人选择（如符合医疗原则的方案），医生应在专业判断基础上优先尊重和满足，符合患者自主权原则，正确。  
- **选项C**：化疗属于高风险治疗，患者治疗中反悔终止可能影响预后，需医生评估风险并提供专业意见后，患者知情决策，正确。  
- **选项D**：替代医疗方案若为常规、合法手段（如不同药物选择），无需伦理委员会批准；仅涉及实验性或高风险方案时才需伦理审查。选项表述“需经医院伦理委员会批准”过于绝对，错误。  
- **选项E**：患者在不违反法律（如不滥用成瘾性药物）的前提下，有权就止疼药剂量提出合理调整要求，医生应评估后决策，符合患者自主权，正确。  

【最终答案】：ABCE",客观题,ABCE
医患关系,"你是一个严格按照要求答题的医学考试考生。请你先展示出完整的思考过程，然后再输出最终答案。每道题目有至少两个选项（A、B）至多五个选项（A、B、C、D、E），题目为不定项选择题，请按照以下格式作答：

【思考过程】：...

【最终答案】：AB / BCE / CD / DE / E / ...（只输出选项的编号，不要写选项内容）

示例：
题目：医疗伦理中四大基本原则是？
A.尊重自主权
B.善意行为
C.无害原则
D.公正原则
E.以上都不是
【思考过程】：本题考查医学伦理的四大基本原则，包括尊重自主权、不伤害原则、行善原则、公正原则。

【最终答案】：ABCD

题目：对于失去意识的急危患者和自杀患者，以下哪些处理符合法定要求？
A. 无法联系法定代理人时，医师可先行实施插管术，术后24小时补报管理者  
B. 对清醒后多次拔除抢救管道的自杀患者，可终止生命维持治疗  
C. 报经科主任批准后，无需等待管理者最终批复即可开展体外循环手术  
D. 医师默认为患者同意后，需经医务处书面批准方可实施开颅减压术  
E. 精神病发作者持刀自残后昏迷，按常规流程联系家属失败后立即手术
【思考过程】：",D,Doubao-1.5-Thinking,"【思考过程】：本题需结合《民法典》《医疗机构管理条例》等法规，分析各选项是否符合急危患者及自杀患者的法定处理要求：

- **选项A**：根据《民法典》第1220条，无法联系法定代理人时，因抢救生命垂危患者的紧急情况，医师可先行实施必要抢救措施（如插管术），事后补报管理者（通常要求24小时内）。此处理符合法定要求，故A正确。  
- **选项B**：清醒后多次拔管的自杀患者可能存在精神障碍或行为能力受限，其拒绝治疗的行为可能无效。终止生命维持治疗需严格评估患者行为能力及伦理要求，不能直接终止，故B错误。  
- **选项C**：紧急情况下需经医疗机构负责人或授权的负责人（如医务处）批准，科主任通常无此权限，“无需等待管理者最终批复”不符合规定，故C错误。  
- **选项D**：失去意识的患者无法表达同意，不能“默认同意”；正确流程是无法联系家属时经医疗机构负责人批准，而非“默认同意后再批”，故D错误。  
- **选项E**：精神病发作者自残昏迷属紧急情况，联系家属失败后立即手术符合“无法取得患者或家属同意时，经批准立即抢救”的法定要求，故E正确。

【最终答案】：AE",客观题,AE
医患关系,"你是一个严格按照要求答题的医学考试考生。请你先展示出完整的思考过程，然后再输出最终答案。每道题目有至少两个选项（A、B）至多五个选项（A、B、C、D、E），题目为不定项选择题，请按照以下格式作答：

【思考过程】：...

【最终答案】：AB / BCE / CD / DE / E / ...（只输出选项的编号，不要写选项内容）

示例：
题目：医疗伦理中四大基本原则是？
A.尊重自主权
B.善意行为
C.无害原则
D.公正原则
E.以上都不是
【思考过程】：本题考查医学伦理的四大基本原则，包括尊重自主权、不伤害原则、行善原则、公正原则。

【最终答案】：ABCD

题目：关于行为能力受限患者的诊疗决策，以下哪些做法符合伦理规范？
A.用图文并茂的说明书让失语症患者指认同意事项
B.让10岁患儿独立签署全身麻醉知情同意书
C.让轻度阿尔茨海默病老人的个人意愿成为决策首要依据
D.对躁狂症发作期患者直接由近亲属代为决定
E.经专业评估确认患者具备部分决策能力时共同签署文件
【思考过程】：",AE,Doubao-1.5-Thinking,"【思考过程】：本题需判断各选项是否符合行为能力受限患者诊疗决策的伦理规范。  
- 选项A：失语症患者虽无法语言表达，但可通过图文指认等方式表达意愿，符合尊重患者自主权的原则，正确。  
- 选项B：10岁患儿为限制民事行为能力人，无法独立签署麻醉知情同意书，需法定代理人参与，错误。  
- 选项C：轻度阿尔茨海默病患者可能仍具备部分决策能力，应优先尊重其个人意愿，正确。  
- 选项D：躁狂症发作期患者需先经专业评估确认无决策能力后，方可由近亲属代为决定，“直接”代为决定不符合规范，错误。  
- 选项E：对具备部分决策能力的患者，应在其能力范围内参与决策并共同签署文件，符合伦理，正确。  

【最终答案】：ACE",客观题,ACE
医患关系,"你是一个严格按照要求答题的医学考试考生。请你先展示出完整的思考过程，然后再输出最终答案。每道题目有至少两个选项（A、B）至多五个选项（A、B、C、D、E），题目为不定项选择题，请按照以下格式作答：

【思考过程】：...

【最终答案】：AB / BCE / CD / DE / E / ...（只输出选项的编号，不要写选项内容）

示例：
题目：医疗伦理中四大基本原则是？
A.尊重自主权
B.善意行为
C.无害原则
D.公正原则
E.以上都不是
【思考过程】：本题考查医学伦理的四大基本原则，包括尊重自主权、不伤害原则、行善原则、公正原则。

【最终答案】：ABCD

题目：当患者法定代理人禁止提供必要治疗时，医生正确的做法是？
A.在任何情况下严格遵守代理人决定
B.非危急时提出异议，危急时以患者利益优先实施治疗
C.在非危急情况下强行实施治疗
D.危急时仍需等待伦理委员会批准后再治疗
【思考过程】：",B,Doubao-1.5-Thinking,"【思考过程】：当患者法定代理人禁止必要治疗时，医生需平衡患者利益与代理人权利。选项A错误，因代理人决定可能危害患者（如危急情况），不能“任何情况”都遵守；选项B正确，非危急时可提出异议沟通，危急时需优先患者生命；选项C错误，非危急时强行治疗侵犯代理人权利；选项D错误，危急时等待伦理委员会会延误救治，应先治疗后报备。

【最终答案】：B",客观题,B
医患关系,"你是一个严格按照要求答题的医学考试考生。请你先展示出完整的思考过程，然后再输出最终答案。每道题目有至少两个选项（A、B）至多五个选项（A、B、C、D、E），题目为不定项选择题，请按照以下格式作答：

【思考过程】：...

【最终答案】：AB / BCE / CD / DE / E / ...（只输出选项的编号，不要写选项内容）

示例：
题目：医疗伦理中四大基本原则是？
A.尊重自主权
B.善意行为
C.无害原则
D.公正原则
E.以上都不是
【思考过程】：本题考查医学伦理的四大基本原则，包括尊重自主权、不伤害原则、行善原则、公正原则。

【最终答案】：ABCD

题目：发现患者涉嫌非正常死亡时，以下哪个群体不属于医疗机构应特别关注人身保护的？
A.未成年人
B.妇女
C.精神障碍者
D.残疾人
E.老年人
【思考过程】：",DE,Doubao-1.5-Thinking,"【思考过程】：当发现患者涉嫌非正常死亡时，医疗机构需特别关注人身保护的群体通常是那些因年龄、认知能力或身体状况等原因处于弱势、自我保护能力较弱的群体。根据相关法规和医疗实践，未成年人（A）因年龄小、认知不足，精神障碍者（C）因认知或行为能力受限，残疾人（D）因身体或功能障碍，老年人（E）因身体机能衰退，均属于需要特别关注的群体。而妇女（B）作为性别群体，虽在一般权益保护中受重视，但并非此处“非正常死亡”场景下特别关注人身保护的特定弱势群体。

【最终答案】：B",客观题,B
医患关系,"你是一个严格按照要求答题的医学考试考生。请你先展示出完整的思考过程，然后再输出最终答案。每道题目有至少两个选项（A、B）至多五个选项（A、B、C、D、E），题目为不定项选择题，请按照以下格式作答：

【思考过程】：...

【最终答案】：AB / BCE / CD / DE / E / ...（只输出选项的编号，不要写选项内容）

示例：
题目：医疗伦理中四大基本原则是？
A.尊重自主权
B.善意行为
C.无害原则
D.公正原则
E.以上都不是
【思考过程】：本题考查医学伦理的四大基本原则，包括尊重自主权、不伤害原则、行善原则、公正原则。

【最终答案】：ABCD

题目：医生在提供医疗护理时必须尊重患者的哪些权利？
A.尊严权
B.根据医生建议自行调整治疗方案的义务
C.自主权
D.自由接受或拒绝治疗的权利
E.要求优先治疗的权利
【思考过程】：",ACD,Doubao-1.5-Thinking,"【思考过程】：本题考查患者的基本权利。患者的权利包括尊严权、自主权、自由接受或拒绝治疗的权利等。选项A“尊严权”是患者的基本权利，医生需尊重患者人格尊严；选项C“自主权”是患者对自身医疗决策的权利，医生应尊重；选项D“自由接受或拒绝治疗的权利”属于自主权的具体体现，患者有权自主决定。选项B提到的是“义务”而非权利，不符合题意；选项E“要求优先治疗的权利”不符合医疗公平原则，患者无权随意要求优先。

【最终答案】：ACD",客观题,ACD
医患关系,"你是一个严格按照要求答题的医学考试考生。请你先展示出完整的思考过程，然后再输出最终答案。每道题目有至少两个选项（A、B）至多五个选项（A、B、C、D、E），题目为不定项选择题，请按照以下格式作答：

【思考过程】：...

【最终答案】：AB / BCE / CD / DE / E / ...（只输出选项的编号，不要写选项内容）

示例：
题目：医疗伦理中四大基本原则是？
A.尊重自主权
B.善意行为
C.无害原则
D.公正原则
E.以上都不是
【思考过程】：本题考查医学伦理的四大基本原则，包括尊重自主权、不伤害原则、行善原则、公正原则。

【最终答案】：ABCD

题目：医生在制定患者手术方案时应当以什么为决策核心？
A.优先缩短手术时间以降低感染风险
B.平衡手术的预期生存率提升与术后并发症风险
C.优先选择有利于科研数据收集的方案
D.充分考量患者家属的直接要求
E.优先使用成本最低的耗材
【思考过程】：",B,Doubao-1.5-Thinking,"【思考过程】：医生制定手术方案时需以患者利益为核心，遵循医学伦理的行善原则（促进患者健康）和不伤害原则（避免不必要损害）。分析各选项：  
- A选项仅关注缩短时间降低感染风险，未全面考虑手术整体效果，非核心；  
- B选项强调平衡生存率提升（收益）与并发症风险（损害），符合以患者利益为中心的决策核心；  
- C选项以科研为优先，违背患者利益至上原则；  
- D选项以家属要求为核心，忽略患者自身意愿和最佳利益；  
- E选项以耗材成本为优先，未聚焦患者治疗效果。  

【最终答案】：B",客观题,B
医患关系,"你是一个严格按照要求答题的医学考试考生。请你先展示出完整的思考过程，然后再输出最终答案。每道题目有至少两个选项（A、B）至多五个选项（A、B、C、D、E），题目为不定项选择题，请按照以下格式作答：

【思考过程】：...

【最终答案】：AB / BCE / CD / DE / E / ...（只输出选项的编号，不要写选项内容）

示例：
题目：医疗伦理中四大基本原则是？
A.尊重自主权
B.善意行为
C.无害原则
D.公正原则
E.以上都不是
【思考过程】：本题考查医学伦理的四大基本原则，包括尊重自主权、不伤害原则、行善原则、公正原则。

【最终答案】：ABCD

题目：下列哪项属于医生在医疗过程中必须遵循的法定职责？
A.在手术前向患者家属提供详细的书面风险解释
B.在实施介入治疗前必须获得患者自愿的知悉同意
C.确保患者理解不同医疗方案的风险和收益后再进行决策
D.在急救情况下实施必要医疗措施可不获取同意
E.必须尊重患者术后改变决定停止治疗的要求
【思考过程】：",BCE,Doubao-1.5-Thinking,"【思考过程】：本题需结合《中华人民共和国医师法》《医疗纠纷预防和处理条例》等法规分析各选项是否符合医生法定职责。  
- 选项A：手术前应优先向患者本人（具备完全民事行为能力时）说明风险并签署知情同意，仅在患者无法自主决定时向家属说明。因此“必须向患者家属”的表述不准确。  
- 选项B：介入治疗属于有创操作，根据法规，实施前必须获得患者自愿的知悉同意，符合法定职责。  
- 选项C：知情同意的核心是患者在充分理解风险和收益后自主决策，医生有义务确保患者理解，属于法定职责。  
- 选项D：《民法典》和《医师法》规定，急救情况下无法取得患者或家属同意时，可经批准实施必要医疗措施，符合“可不获取同意”的描述。  
- 选项E：患者虽有自主权，但术后停止治疗可能危及生命时，医生需评估并劝导，而非“必须尊重”，表述过于绝对，不符合法定职责。  

【最终答案】：BCD",客观题,BCD
医患关系,"你是一个严格按照要求答题的医学考试考生。请你先展示出完整的思考过程，然后再输出最终答案。每道题目有至少两个选项（A、B）至多五个选项（A、B、C、D、E），题目为不定项选择题，请按照以下格式作答：

【思考过程】：...

【最终答案】：AB / BCE / CD / DE / E / ...（只输出选项的编号，不要写选项内容）

示例：
题目：医疗伦理中四大基本原则是？
A.尊重自主权
B.善意行为
C.无害原则
D.公正原则
E.以上都不是
【思考过程】：本题考查医学伦理的四大基本原则，包括尊重自主权、不伤害原则、行善原则、公正原则。

【最终答案】：ABCD

题目：当患者决策能力严重受损时，医生应采取的正确措施包括哪些？
A.完全由主治医师独立决定治疗方案
B.优先与患者的法定代理人直接签署同意书
C.在患者偏好不明时按照最优医疗方案执行
D.必须确保决策过程符合医学伦理准则
E.跳过患者直接联系其直系亲属代行决策
【思考过程】：",CD,Doubao-1.5-Thinking,"【思考过程】：当患者决策能力严重受损时，医生需遵循医学伦理和法律规范。分析各选项：  
- 选项A错误：医生不能完全独立决定治疗方案，需与法定代理人或家属协商，而非“完全由主治医师独立决定”。  
- 选项B正确：患者无决策能力时，应优先与法定代理人（如配偶、子女等法律规定的代理人）签署同意书。  
- 选项C正确：若患者未明确表达过治疗偏好（如无预立医疗指示），医生应基于患者最佳利益选择最优医疗方案。  
- 选项D正确：所有医疗决策过程必须符合医学伦理准则（如尊重、不伤害、有利、公正）。  
- 选项E错误：“跳过患者”表述不准确。即使患者无决策能力，医生仍应尽可能尝试与患者沟通（如简单表达意愿），而非直接跳过患者联系家属。  

【最终答案】：BCD",客观题,BCD
医患关系,"你是一个严格按照要求答题的医学考试考生。请你先展示出完整的思考过程，然后再输出最终答案。每道题目有至少两个选项（A、B）至多五个选项（A、B、C、D、E），题目为不定项选择题，请按照以下格式作答：

【思考过程】：...

【最终答案】：AB / BCE / CD / DE / E / ...（只输出选项的编号，不要写选项内容）

示例：
题目：医疗伦理中四大基本原则是？
A.尊重自主权
B.善意行为
C.无害原则
D.公正原则
E.以上都不是
【思考过程】：本题考查医学伦理的四大基本原则，包括尊重自主权、不伤害原则、行善原则、公正原则。

【最终答案】：ABCD

题目：在紧急情况下，医生未获知情同意即可实施救治的条件应满足哪些要求？
A.患者处于意识清醒状态但拒绝沟通
B.已尝试联系患者法定代理人但未果
C.医疗机构主任单方面签署授权书
D.干预手段符合患者治疗前明确表达的偏好
E.实施创伤性高风险操作以缩短抢救时间
【思考过程】：",BD,Doubao-1.5-Thinking,"【思考过程】：本题考查紧急情况下医生未获知情同意实施救治的法定条件。根据《民法典》第1220条及相关医疗法规，紧急情况下实施救治需满足以下核心条件：  
- 患者无法自行作出有效同意（如无意识、无行为能力等）；  
- 无法及时联系到患者法定代理人或其近亲属（即“已尝试联系但未果”）；  
- 干预手段需符合患者治疗前明确表达的偏好（如预先医疗指示）；  
- 经医疗机构负责人或授权负责人批准（而非“主任单方面签署”）。  

逐一分析选项：  
- A：患者意识清醒但拒绝沟通，若其具备行为能力，应尊重其自主权，不符合“无法取得同意”的条件，排除。  
- B：已尝试联系法定代理人但未果，符合“不能取得近亲属意见”的法定情形，正确。  
- C：“医疗机构主任单方面签署”不符合“经负责人或授权负责人批准”的程序要求（需规范审批而非单方面），排除。  
- D：干预手段符合患者治疗前明确偏好（如预先指示），符合伦理和法律对患者自主权的延伸保护，正确。  
- E：“创伤性高风险操作”是救治手段的性质，并非实施条件（无论风险高低，符合条件即可实施），排除。  

【最终答案】：BD",客观题,BD
医患关系,"你是一个严格按照要求答题的医学考试考生。请你先展示出完整的思考过程，然后再输出最终答案。每道题目有至少两个选项（A、B）至多五个选项（A、B、C、D、E），题目为不定项选择题，请按照以下格式作答：

【思考过程】：...

【最终答案】：AB / BCE / CD / DE / E / ...（只输出选项的编号，不要写选项内容）

示例：
题目：医疗伦理中四大基本原则是？
A.尊重自主权
B.善意行为
C.无害原则
D.公正原则
E.以上都不是
【思考过程】：本题考查医学伦理的四大基本原则，包括尊重自主权、不伤害原则、行善原则、公正原则。

【最终答案】：ABCD

题目：患者因昏迷由家属代签知情同意书后进行手术，术后患者恢复清醒意识但未主动询问治疗方案。此时医生应如何处理后续治疗？
A.无需再次获取同意，继续按原方案治疗
B.必须重新获取患者本人的知情同意
C.同时获得患者和家属签字后方可继续
D.仅在紧急情况下可免除再次同意
【思考过程】：",B,Doubao-1.5-Thinking,"【思考过程】：本题考查知情同意原则的应用。当患者因昏迷无法自主签署知情同意书时，家属可作为代理人代签（紧急情况下的替代决策）。但患者术后恢复清醒并具备完全民事行为能力后，其本人成为医疗决策的主体，医生需尊重患者的自主权。即使患者未主动询问，医生仍有义务主动告知病情及后续治疗方案，并重新获取患者本人的知情同意。选项A错误，因患者清醒后需本人同意而非继续使用家属代签；选项C错误，无需同时获得家属签字（患者本人已具备决策能力）；选项D错误，当前非紧急情况，不能免除再次同意；选项B正确，必须重新获取患者本人的知情同意。

【最终答案】：B",客观题,B
医患关系,"你是一个严格按照要求答题的医学考试考生。请你先展示出完整的思考过程，然后再输出最终答案。每道题目有至少两个选项（A、B）至多五个选项（A、B、C、D、E），题目为不定项选择题，请按照以下格式作答：

【思考过程】：...

【最终答案】：AB / BCE / CD / DE / E / ...（只输出选项的编号，不要写选项内容）

示例：
题目：医疗伦理中四大基本原则是？
A.尊重自主权
B.善意行为
C.无害原则
D.公正原则
E.以上都不是
【思考过程】：本题考查医学伦理的四大基本原则，包括尊重自主权、不伤害原则、行善原则、公正原则。

【最终答案】：ABCD

题目：以下表述是否正确：医生为满足患者的最佳利益，向患者家属详细说明治疗方案时，一并将患者曾隐瞒家属的财务状况和过敏史作为案例分享。
A.正确
B.错误
【思考过程】：",B,Doubao-1.5-Thinking,"【思考过程】：医生对患者负有保密义务，需保护患者隐私。患者的财务状况和过敏史属于个人隐私信息，除非患者明确同意或法律要求，否则医生无权向家属透露。题目中医生将患者隐瞒的财务状况和过敏史作为案例分享，即使目的是说明治疗方案，也超出了必要范围，侵犯了患者隐私权，违反保密原则。因此该表述错误。

【最终答案】：B",客观题,B
医患关系,"你是一个严格按照要求答题的医学考试考生。请你先展示出完整的思考过程，然后再输出最终答案。每道题目有至少两个选项（A、B）至多五个选项（A、B、C、D、E），题目为不定项选择题，请按照以下格式作答：

【思考过程】：...

【最终答案】：AB / BCE / CD / DE / E / ...（只输出选项的编号，不要写选项内容）

示例：
题目：医疗伦理中四大基本原则是？
A.尊重自主权
B.善意行为
C.无害原则
D.公正原则
E.以上都不是
【思考过程】：本题考查医学伦理的四大基本原则，包括尊重自主权、不伤害原则、行善原则、公正原则。

【最终答案】：ABCD

题目：当医生的医疗护理能力无法满足患者需求时，应当如何处理？
A.自行调整治疗方案继续治疗
B.可以继续提供能力范围内的部分治疗
C.患者未要求转诊则无需主动处理
D.只要院领导批准即可维持治疗
E.必须转诊或咨询其他胜任的卫生专业人员
【思考过程】：",E,Doubao-1.5-Thinking,"【思考过程】：当医生的医疗护理能力无法满足患者需求时，根据医学伦理和执业规范，医生的首要责任是确保患者获得恰当的医疗服务。选项A（自行调整治疗方案继续治疗）可能因能力不足导致错误或延误；选项B（继续提供能力范围内的部分治疗）虽部分合理，但无法解决整体需求不足的问题；选项C（患者未要求转诊则无需主动处理）违背医生主动评估和干预的责任；选项D（院领导批准即可维持治疗）忽略了专业能力的核心要求；选项E（必须转诊或咨询其他胜任的卫生专业人员）符合规范，能力不足时应通过转诊或专业咨询保障患者权益。

【最终答案】：E",客观题,E
医患关系,"你是一个严格按照要求答题的医学考试考生。请你先展示出完整的思考过程，然后再输出最终答案。每道题目有至少两个选项（A、B）至多五个选项（A、B、C、D、E），题目为不定项选择题，请按照以下格式作答：

【思考过程】：...

【最终答案】：AB / BCE / CD / DE / E / ...（只输出选项的编号，不要写选项内容）

示例：
题目：医疗伦理中四大基本原则是？
A.尊重自主权
B.善意行为
C.无害原则
D.公正原则
E.以上都不是
【思考过程】：本题考查医学伦理的四大基本原则，包括尊重自主权、不伤害原则、行善原则、公正原则。

【最终答案】：ABCD

题目：关于医生医疗记录的要求，以下哪项最符合法规规定？
A.必须优先确保记录的准确性，时间可适当延迟
B.应在治疗后48小时内完成记录
C.允许在紧急情况下暂时不做记录，待情况稳定后补全
D.必须同时保证记录的准确性和及时性
E.患者出院后一周内完成记录即可
【思考过程】：",D,Doubao-1.5-Thinking,"【思考过程】：根据《医疗纠纷预防和处理条例》《病历书写基本规范》等法规，医疗记录需满足准确性、及时性、完整性的要求。选项分析如下：  
- A项错误：法规要求准确性和及时性需同时保证，不能因强调准确性而延迟记录时间。  
- B项错误：治疗后48小时内完成记录不符合规定，例如手术记录需术后24小时内完成，日常病程记录需及时完成（如病危患者需随时记录）。  
- C项错误：紧急情况下允许补记，但需在抢救结束后6小时内据实补记并注明时间，而非“暂时不做记录”。  
- D项正确：法规明确要求医疗记录必须同时保证准确性和及时性。  
- E项错误：患者出院记录应在出院后24小时内完成，而非一周。  

【最终答案】：D",客观题,D
医患关系,"你是一个严格按照要求答题的医学考试考生。请你先展示出完整的思考过程，然后再输出最终答案。每道题目有至少两个选项（A、B）至多五个选项（A、B、C、D、E），题目为不定项选择题，请按照以下格式作答：

【思考过程】：...

【最终答案】：AB / BCE / CD / DE / E / ...（只输出选项的编号，不要写选项内容）

示例：
题目：医疗伦理中四大基本原则是？
A.尊重自主权
B.善意行为
C.无害原则
D.公正原则
E.以上都不是
【思考过程】：本题考查医学伦理的四大基本原则，包括尊重自主权、不伤害原则、行善原则、公正原则。

【最终答案】：ABCD

题目：以下哪种情况下，医生可以披露患者的保密信息？
A.患者家属请求查看已故患者的完整治疗记录
B.患者自愿签署了同意公开患病史的法律文件
C.未经患者同意但可降低社区防疫风险的紧急情况
D.为患者的职业晋升考量而披露部分健康数据
E.为阻止重大公共卫生安全事件且已用尽其他方法时的最小范围披露
【思考过程】：",BE,Doubao-1.5-Thinking,"【思考过程】：本题考查医生披露患者保密信息的合法情形。根据医学伦理和相关法律规定，医生对患者信息负有保密义务，但在特定情况下可例外：  
- 选项A：患者已故后，家属请求查看完整治疗记录需符合法律程序（如继承、医疗纠纷等），题目未提及相关合法理由，故不能随意披露。  
- 选项B：患者自愿签署同意公开的法律文件，属于患者知情同意，可解除保密义务，符合规定。  
- 选项C：为降低社区防疫风险的紧急情况（如传染病防控），基于公共利益优先原则，即使未经患者同意，医生也需披露信息以保护公众健康。  
- 选项D：为患者职业晋升披露健康数据，属于非必要且未经患者明确同意的个人利益用途，违反保密原则。  
- 选项E：为阻止重大公共卫生安全事件且用尽其他方法时的最小范围披露，符合“最小必要原则”，是伦理和法律允许的例外情形。  

【最终答案】：BCE",客观题,BCE
医患关系,"你是一个严格按照要求答题的医学考试考生。请你先展示出完整的思考过程，然后再输出最终答案。每道题目有至少两个选项（A、B）至多五个选项（A、B、C、D、E），题目为不定项选择题，请按照以下格式作答：

【思考过程】：...

【最终答案】：AB / BCE / CD / DE / E / ...（只输出选项的编号，不要写选项内容）

示例：
题目：医疗伦理中四大基本原则是？
A.尊重自主权
B.善意行为
C.无害原则
D.公正原则
E.以上都不是
【思考过程】：本题考查医学伦理的四大基本原则，包括尊重自主权、不伤害原则、行善原则、公正原则。

【最终答案】：ABCD

题目：医生计划向保险公司提交患者的体检报告时，根据相关规定必须完成哪些步骤？
A.在首次会面时立即向患者说明报告目的
B.在治疗结束后口头告知患者
C.仅获取患者的口头默许
D.详细说明报告的覆盖范围及保密限度
E.取得患者的书面同意
【思考过程】：",ADE,Doubao-1.5-Thinking,"【思考过程】：医生向保险公司提交患者体检报告涉及患者隐私和知情同意，需符合相关法规要求。根据医疗伦理及信息保护规定，向第三方提供患者医疗信息时，必须充分告知患者相关信息并获得有效同意。  
- 选项A：“首次会面时立即说明”不符合实际，说明应在提交报告前而非首次会面时，故不必须。  
- 选项B：“治疗结束后口头告知”不规范，口头告知可能无法确保患者充分知情，且时间可能滞后，不符合要求。  
- 选项C：“仅口头默许”不满足法定同意形式，敏感信息传递需更明确的同意。  
- 选项D：“详细说明覆盖范围及保密限度”是必须的，患者需了解信息内容及保密措施以做出知情决定。  
- 选项E：“书面同意”是法定要求，涉及隐私信息对外提供时，书面同意更具法律效力，确保患者真实意愿。  

【最终答案】：DE",客观题,DE
医患关系,"你是一个严格按照要求答题的医学考试考生。请你先展示出完整的思考过程，然后再输出最终答案。每道题目有至少两个选项（A、B）至多五个选项（A、B、C、D、E），题目为不定项选择题，请按照以下格式作答：

【思考过程】：...

【最终答案】：AB / BCE / CD / DE / E / ...（只输出选项的编号，不要写选项内容）

示例：
题目：医疗伦理中四大基本原则是？
A.尊重自主权
B.善意行为
C.无害原则
D.公正原则
E.以上都不是
【思考过程】：本题考查医学伦理的四大基本原则，包括尊重自主权、不伤害原则、行善原则、公正原则。

【最终答案】：ABCD

题目：以下哪些行为符合医生在广告和营销中的伦理要求？
A.在宣传中使用""国内首创疗法""的模糊表述，B.引用某权威机构头衔但注明""个人观点与当前指南存在分歧""，C.以患者名义发布治愈故事但隐去联系方式，D.在社交媒体发布治疗案例时强调""100%无副作用""，E.标注""本疗法成功率数据来源于5年临床研究""
【思考过程】：",BE,Doubao-1.5-Thinking,"【思考过程】：本题考查医生在广告和营销中的伦理要求，核心是真实性、准确性、避免误导及保护患者隐私。  
- 选项A：“国内首创疗法”的模糊表述可能夸大或误导，不符合伦理要求。  
- 选项B：引用权威机构头衔并注明“个人观点与当前指南存在分歧”，既透明又避免了误导，符合伦理。  
- 选项C：以患者名义发布治愈故事需患者明确同意，仅隐去联系方式仍可能涉及隐私侵犯（如病情细节可能被识别），不符合伦理。  
- 选项D：“100%无副作用”是绝对化夸大表述，医学上无绝对结论，属于误导，不符合伦理。  
- 选项E：标注“数据来源于5年临床研究”，真实有据，符合伦理要求。  

【最终答案】：BE",客观题,BE
医患关系,"你是一个严格按照要求答题的医学考试考生。请你先展示出完整的思考过程，然后再输出最终答案。每道题目有至少两个选项（A、B）至多五个选项（A、B、C、D、E），题目为不定项选择题，请按照以下格式作答：

【思考过程】：...

【最终答案】：AB / BCE / CD / DE / E / ...（只输出选项的编号，不要写选项内容）

示例：
题目：医疗伦理中四大基本原则是？
A.尊重自主权
B.善意行为
C.无害原则
D.公正原则
E.以上都不是
【思考过程】：本题考查医学伦理的四大基本原则，包括尊重自主权、不伤害原则、行善原则、公正原则。

【最终答案】：ABCD

题目：以下哪种行为可能违反“医生不得让商业、经济或其他利益冲突影响其专业判断”的规定？
A.参与药企资助的公益医疗项目
B.接受药企赞助的国际学术会议差旅费用
C.持有某医药公司股票但未参与相关药品处方决策
D.向患者推荐自己参与研发并拥有专利权的药物
E.在社交媒体公开分享某医疗器械的使用体验
【思考过程】：",BCD,Doubao-1.5-Thinking,"【思考过程】：本题需判断哪些行为可能导致医生的专业判断受商业或经济利益影响。  
- 选项A：参与药企资助的公益医疗项目，若项目以患者利益为导向且无附加利益要求，通常不直接影响专业判断，不违反规定。  
- 选项B：接受药企赞助的学术会议差旅费用，可能使医生因利益关联偏向赞助方的产品或观点，影响专业判断，违反规定。  
- 选项C：持有医药公司股票但未参与相关处方决策，未直接通过专业行为获取利益，不影响当前专业判断，不违反规定。  
- 选项D：推荐自己研发并拥有专利权的药物，医生存在直接经济利益（专利权），可能优先考虑自身利益而非患者需求，明显影响专业判断，违反规定。  
- 选项E：公开分享医疗器械使用体验，若为客观经验分享且无利益关联，不涉及专业判断受利益干扰，不违反规定。  

【最终答案】：BD",客观题,BD
医患关系,"你是一个严格按照要求答题的医学考试考生。请你先展示出完整的思考过程，然后再输出最终答案。每道题目有至少两个选项（A、B）至多五个选项（A、B、C、D、E），题目为不定项选择题，请按照以下格式作答：

【思考过程】：...

【最终答案】：AB / BCE / CD / DE / E / ...（只输出选项的编号，不要写选项内容）

示例：
题目：医疗伦理中四大基本原则是？
A.尊重自主权
B.善意行为
C.无害原则
D.公正原则
E.以上都不是
【思考过程】：本题考查医学伦理的四大基本原则，包括尊重自主权、不伤害原则、行善原则、公正原则。

【最终答案】：ABCD

题目：以下哪几项属于医生在进行远程医疗时必须履行的职责？
A.仅在患者明确同意的情况下开展远程诊疗
B.确保远程诊疗在医学上具有合理性并提供必要护理
C.详细告知患者远程医疗的优势及潜在局限性
D.全程为患者的诊疗信息保密
E.条件允许时优先为患者安排面对面诊疗
【思考过程】：",BCDE,Doubao-1.5-Thinking,"【思考过程】：本题考查医生在远程医疗中的职责。需结合医学伦理和远程医疗规范分析各选项：

- **选项A**：患者的知情同意是医疗行为的基本前提，远程诊疗需患者明确同意，符合尊重自主权原则，正确。  
- **选项B**：医生需确保远程诊疗在医学上合理（如病情适合远程），并提供必要护理（如后续指导），这是专业责任的体现，正确。  
- **选项C**：患者知情同意需全面了解远程医疗的优势（如便捷）和潜在局限（如无法查体），医生必须详细告知，正确。  
- **选项D**：保护患者隐私是医疗核心原则，远程诊疗中信息传递需全程保密，正确。  
- **选项E**：远程医疗有局限性（如无法替代查体），当条件允许（如患者可面诊）时，医生应优先安排面对面诊疗以保障疗效，符合患者利益，正确。  

综上，所有选项均属于医生必须履行的职责。

【最终答案】：ABCDE",客观题,ABCDE
医患关系,"你是一个严格按照要求答题的医学考试考生。请你先展示出完整的思考过程，然后再输出最终答案。每道题目有至少两个选项（A、B）至多五个选项（A、B、C、D、E），题目为不定项选择题，请按照以下格式作答：

【思考过程】：...

【最终答案】：AB / BCE / CD / DE / E / ...（只输出选项的编号，不要写选项内容）

示例：
题目：医疗伦理中四大基本原则是？
A.尊重自主权
B.善意行为
C.无害原则
D.公正原则
E.以上都不是
【思考过程】：本题考查医学伦理的四大基本原则，包括尊重自主权、不伤害原则、行善原则、公正原则。

【最终答案】：ABCD

题目：以下哪些情形违反了医生与患者的专业界限要求？
A.医生要求患者为其私人诊所免费提供清洁服务
B.医生在治疗期间频繁向患者推销高价保健品
C.医生拒绝与患者讨论治疗以外的私人事务
D.医生与当前患者发生性关系且未主动终止医患关系
E.医生在患者结束治疗一年后与其建立恋爱关系
【思考过程】：",AD,Doubao-1.5-Thinking,"【思考过程】：本题考查医生与患者专业界限的伦理要求。专业界限的核心是避免医生利用职权谋取私利或发展不当关系，确保诊疗关系的客观性和患者权益。  

- **选项A**：医生要求患者为私人诊所免费提供清洁服务，属于利用医患关系让患者为私人事务服务，滥用职权，违反专业界限。  
- **选项B**：治疗期间频繁推销高价保健品，可能因利益驱动影响诊疗客观性，属于利用医患关系谋利，违反专业界限。  
- **选项C**：拒绝讨论治疗以外的私人事务，是保持专业关系的正确做法，不违反界限。  
- **选项D**：与当前患者发生性关系且未终止医患关系，严重违反伦理（医生处于权力优势，患者难以真正自愿），属于明确违反。  
- **选项E**：患者结束治疗一年后建立恋爱关系，通常专业伦理虽不鼓励医生与前患者发展亲密关系，但因医患关系已终止，一般不视为“违反专业界限”（界限主要针对诊疗期间的关系）。  

【最终答案】：ABD",客观题,ABD
医患关系,"你是一个严格按照要求答题的医学考试考生。请你先展示出完整的思考过程，然后再输出最终答案。每道题目有至少两个选项（A、B）至多五个选项（A、B、C、D、E），题目为不定项选择题，请按照以下格式作答：

【思考过程】：...

【最终答案】：AB / BCE / CD / DE / E / ...（只输出选项的编号，不要写选项内容）

示例：
题目：医疗伦理中四大基本原则是？
A.尊重自主权
B.善意行为
C.无害原则
D.公正原则
E.以上都不是
【思考过程】：本题考查医学伦理的四大基本原则，包括尊重自主权、不伤害原则、行善原则、公正原则。

【最终答案】：ABCD

题目：一位医生连续工作24小时后出现反复低热和手部震颤症状，但仍坚持为患者实施血管介入手术。根据医学伦理要求，此举最可能违反以下哪项义务？
A.优先保障患者知情权的义务
B.定期参与学术培训的义务
C.向患者公开病历资料的义务
D.保障自身健康以维持安全执业能力的义务
E.主动降低医疗费用的义务
【思考过程】：",D,Doubao-1.5-Thinking,"【思考过程】：本题考查医学伦理中医生的义务。医生在连续工作24小时后出现低热和手部震颤，此时身体状态已影响安全执业能力（如可能因震颤导致手术操作失误）。根据医学伦理，医生有义务保障自身健康以维持安全执业能力，避免因自身状态不佳对患者造成潜在伤害。其他选项中，A（患者知情权）涉及信息告知，B（学术培训）涉及专业提升，C（公开病历）涉及信息公开，E（降低费用）涉及经济负担，均与题干中医生因身体状态坚持手术的情境无关。

【最终答案】：D",客观题,D
医患关系,"你是一个严格按照要求答题的医学考试考生。请你先展示出完整的思考过程，然后再输出最终答案。每道题目有至少两个选项（A、B）至多五个选项（A、B、C、D、E），题目为不定项选择题，请按照以下格式作答：

【思考过程】：...

【最终答案】：AB / BCE / CD / DE / E / ...（只输出选项的编号，不要写选项内容）

示例：
题目：医疗伦理中四大基本原则是？
A.尊重自主权
B.善意行为
C.无害原则
D.公正原则
E.以上都不是
【思考过程】：本题考查医学伦理的四大基本原则，包括尊重自主权、不伤害原则、行善原则、公正原则。

【最终答案】：ABCD

题目：医生出于良心反对拒绝提供合法医疗干预时，必须满足以下哪些条件或义务？
A.需获得医院伦理委员会批准后方可拒绝
B.医生必须确保患者的健康不会受到威胁
C.医生在拒绝后无需继续参与患者的治疗
D.医生应提供充分信息以便患者及时咨询其他医生
【思考过程】：",BD,Doubao-1.5-Thinking,"【思考过程】：医生出于良心反对拒绝提供合法医疗干预时，需遵循伦理义务以保障患者权益。分析各选项：  
- 选项A：良心反对通常基于医生个人道德判断，一般无需医院伦理委员会批准，故A错误。  
- 选项B：医生的首要职责是患者健康，拒绝干预时必须确保患者健康不受威胁，否则可能违背不伤害原则，故B正确。  
- 选项C：医生拒绝后仍需履行后续义务（如转诊），不能完全退出治疗，故C错误。  
- 选项D：医生需为患者提供充分信息（如替代医疗资源），帮助其及时寻求其他医生的帮助，这是尊重患者自主权的体现，故D正确。  

【最终答案】：BD",客观题,BD
器官移植,"你是一个严格按照要求答题的医学考试考生。请你先展示出完整的思考过程，然后再输出最终答案。每道题目有至少两个选项（A、B）至多五个选项（A、B、C、D、E），题目为不定项选择题，请按照以下格式作答：

【思考过程】：...

【最终答案】：AB / BCE / CD / DE / E / ...（只输出选项的编号，不要写选项内容）

示例：
题目：医疗伦理中四大基本原则是？
A.尊重自主权
B.善意行为
C.无害原则
D.公正原则
E.以上都不是
【思考过程】：本题考查医学伦理的四大基本原则，包括尊重自主权、不伤害原则、行善原则、公正原则。

【最终答案】：ABCD

题目：以下哪些行为可能依照“故意伤害罪”或“故意杀人罪”定罪处罚？
A.组织他人出卖人体器官
B.摘取未满18周岁公民的活体器官且未经其同意
C.强迫他人捐献器官
D.违背家属意愿摘取死者尸体器官
【思考过程】：",BC,Doubao-1.5-Thinking,"【思考过程】：本题需依据《中华人民共和国刑法》中关于人体器官移植相关罪名的规定分析。  
- 选项A：组织他人出卖人体器官，根据《刑法》第234条之一，构成“组织出卖人体器官罪”，而非故意伤害或故意杀人罪。  
- 选项B：未满18周岁公民为限制民事行为能力人，其活体器官捐献无效，未经同意摘取其器官的行为，本质是对其身体的伤害，应依照故意伤害罪定罪处罚。  
- 选项C：强迫他人捐献器官，若因强迫行为造成他人伤害或死亡，符合故意伤害罪或故意杀人罪的构成要件，应以此定罪处罚。  
- 选项D：违背家属意愿摘取死者尸体器官，侵害的是尸体的完整性，构成“盗窃、侮辱、故意毁坏尸体、尸骨、骨灰罪”，而非针对活人的伤害或杀人罪。  

【最终答案】：BC",客观题,BC
器官移植,"你是一个严格按照要求答题的医学考试考生。请你先展示出完整的思考过程，然后再输出最终答案。每道题目有至少两个选项（A、B）至多五个选项（A、B、C、D、E），题目为不定项选择题，请按照以下格式作答：

【思考过程】：...

【最终答案】：AB / BCE / CD / DE / E / ...（只输出选项的编号，不要写选项内容）

示例：
题目：医疗伦理中四大基本原则是？
A.尊重自主权
B.善意行为
C.无害原则
D.公正原则
E.以上都不是
【思考过程】：本题考查医学伦理的四大基本原则，包括尊重自主权、不伤害原则、行善原则、公正原则。

【最终答案】：ABCD

题目：以下哪些情况符合人体器官捐献的相关规定？
A.医院口头告知家属后，使用死者器官进行移植
B.死者生前未反对捐献，其父母单独书面同意捐献
C.完全民事行为能力人签署捐献协议后反悔，医院继续推进流程
D.通过承诺高额补偿利诱志愿者捐献部分肝脏
E.配偶、成年子女、父母共同签署书面文件捐献逝者器官
【思考过程】：",E,Doubao-1.5-Thinking,"【思考过程】：本题需依据《人体器官移植条例》和《民法典》相关规定分析各选项：  
- 选项A错误：器官捐献需以书面形式同意，口头告知不符合规定。  
- 选项B错误：死者生前未反对捐献时，需配偶、成年子女、父母共同书面同意，父母单独同意不符合“共同决定”要求。  
- 选项C错误：完全民事行为能力人有权随时反悔，医院不得继续推进流程。  
- 选项D错误：法律禁止以任何形式利诱或买卖器官，高额补偿利诱违法。  
- 选项E正确：配偶、成年子女、父母共同签署书面文件符合“共同决定+书面形式”的法定要求。  

【最终答案】：E",客观题,E
器官移植,"你是一个严格按照要求答题的医学考试考生。请你先展示出完整的思考过程，然后再输出最终答案。每道题目有至少两个选项（A、B）至多五个选项（A、B、C、D、E），题目为不定项选择题，请按照以下格式作答：

【思考过程】：...

【最终答案】：AB / BCE / CD / DE / E / ...（只输出选项的编号，不要写选项内容）

示例：
题目：医疗伦理中四大基本原则是？
A.尊重自主权
B.善意行为
C.无害原则
D.公正原则
E.以上都不是
【思考过程】：本题考查医学伦理的四大基本原则，包括尊重自主权、不伤害原则、行善原则、公正原则。

【最终答案】：ABCD

题目：以下哪项行为属于我国法律法规明确禁止的范畴？
A.医疗机构支付费用获取个人自愿提供的肝脏组织用于移植
B.亲属间无偿提供造血干细胞用于治疗
C.死者生前签署捐赠协议的遗体用于医学研究
D.医学院校通过支付费用获得遗体用于解剖教学
【思考过程】：",AD,Doubao-1.5-Thinking,"【思考过程】：本题需依据我国相关法律法规判断各选项是否被禁止。  
- 选项A：根据《人体器官移植条例》，人体器官捐献须遵循自愿、无偿原则，禁止买卖人体器官。医疗机构支付费用获取肝脏组织用于移植属于买卖器官，明确被禁止。  
- 选项B：亲属间无偿提供造血干细胞符合“自愿、无偿”原则，未违反法律法规，不被禁止。  
- 选项C：死者生前签署捐赠协议的遗体用于医学研究，符合《遗体和器官捐献条例》中自愿捐赠的规定，合法且不被禁止。  
- 选项D：《殡葬管理条例》等规定遗体捐赠应无偿，医学院校支付费用获取遗体属于买卖遗体，违反法律禁止性规定。  

【最终答案】：AD",客观题,AD
器官移植,"你是一个严格按照要求答题的医学考试考生。请你先展示出完整的思考过程，然后再输出最终答案。每道题目有至少两个选项（A、B）至多五个选项（A、B、C、D、E），题目为不定项选择题，请按照以下格式作答：

【思考过程】：...

【最终答案】：AB / BCE / CD / DE / E / ...（只输出选项的编号，不要写选项内容）

示例：
题目：医疗伦理中四大基本原则是？
A.尊重自主权
B.善意行为
C.无害原则
D.公正原则
E.以上都不是
【思考过程】：本题考查医学伦理的四大基本原则，包括尊重自主权、不伤害原则、行善原则、公正原则。

【最终答案】：ABCD

题目：某医院器官捐献协调员在劝说患者家属时，以下哪些行为违反我国人体器官捐献相关原则？
A.以停止支付后续治疗费用为要挟要求捐献
B.伪造器官分配优先级文件误导家属签署同意书
C.承诺捐献后可给予家属高额奖金
D.全面讲解捐献流程及风险后由其自主选择
【思考过程】：",ABC,Doubao-1.5-Thinking,"【思考过程】：我国人体器官捐献遵循自愿、无偿、知情同意等基本原则。选项A以停止治疗费用要挟，属于胁迫行为，违反自愿原则；选项B伪造文件误导家属，属于欺骗，违反知情同意原则；选项C承诺高额奖金，违反无偿原则；选项D全面讲解后自主选择，符合知情同意和自愿原则，不违反。

【最终答案】：ABC",客观题,ABC
器官移植,"你是一个严格按照要求答题的医学考试考生。请你先展示出完整的思考过程，然后再输出最终答案。每道题目有至少两个选项（A、B）至多五个选项（A、B、C、D、E），题目为不定项选择题，请按照以下格式作答：

【思考过程】：...

【最终答案】：AB / BCE / CD / DE / E / ...（只输出选项的编号，不要写选项内容）

示例：
题目：医疗伦理中四大基本原则是？
A.尊重自主权
B.善意行为
C.无害原则
D.公正原则
E.以上都不是
【思考过程】：本题考查医学伦理的四大基本原则，包括尊重自主权、不伤害原则、行善原则、公正原则。

【最终答案】：ABCD

题目：根据我国相关法规，关于公民人体器官捐献意愿的表述，以下哪些选项是正确的？
A.口头声明可以作为有效捐献意愿的表达方式
B.捐献意愿可通过订立遗嘱形式表达
C.已签署的器官捐献书面同意书不可单方面撤销
D.未明确反对捐献的公民去世后，其配偶单独签字即可启动器官捐献程序
E.公民生前明确反对捐献的，配偶子女仍可共同书面决定捐献
【思考过程】：",B,Doubao-1.5-Thinking,"【思考过程】：本题需依据我国《人体器官移植条例》和《民法典》相关规定分析各选项：

- 选项A：根据《民法典》第一千零六条，完全民事行为能力人捐献器官需以书面形式或遗嘱表达，口头声明不符合法定形式要求，故A错误。  
- 选项B：《民法典》明确允许通过订立遗嘱形式表达捐献意愿，故B正确。  
- 选项C：公民有权随时撤销或变更已签署的器官捐献书面同意书，“不可单方面撤销”与法律规定矛盾，故C错误。  
- 选项D：《人体器官移植条例》规定，生前未明确反对的公民去世后，需配偶、成年子女、父母共同书面同意方可捐献，“配偶单独签字”不符合“共同同意”要求，故D错误。  
- 选项E：若公民生前明确反对捐献，其近亲属无权决定捐献，“配偶子女仍可共同书面决定”违反法律规定，故E错误。  

【最终答案】：B",客观题,B
器官移植,"你是一个严格按照要求答题的医学考试考生。请你先展示出完整的思考过程，然后再输出最终答案。每道题目有至少两个选项（A、B）至多五个选项（A、B、C、D、E），题目为不定项选择题，请按照以下格式作答：

【思考过程】：...

【最终答案】：AB / BCE / CD / DE / E / ...（只输出选项的编号，不要写选项内容）

示例：
题目：医疗伦理中四大基本原则是？
A.尊重自主权
B.善意行为
C.无害原则
D.公正原则
E.以上都不是
【思考过程】：本题考查医学伦理的四大基本原则，包括尊重自主权、不伤害原则、行善原则、公正原则。

【最终答案】：ABCD

题目：在器官移植中，若父母同意，是否可以捐献其17岁儿子的活体肾脏用于移植？
A.正确
B.错误
【思考过程】：",B,Doubao-1.5-Thinking,"【思考过程】：活体器官移植的供体需为具有完全民事行为能力的成年人。根据我国法律，18周岁以上为完全民事行为能力人，17岁属于未成年人（除非以自己劳动收入为主要生活来源，但通常不满足）。未成年人无法独立作出活体器官捐献的决定，父母作为监护人无权代替其决定。因此，即使父母同意，也不能捐献17岁儿子的活体肾脏。

【最终答案】：B",客观题,B
器官移植,"你是一个严格按照要求答题的医学考试考生。请你先展示出完整的思考过程，然后再输出最终答案。每道题目有至少两个选项（A、B）至多五个选项（A、B、C、D、E），题目为不定项选择题，请按照以下格式作答：

【思考过程】：...

【最终答案】：AB / BCE / CD / DE / E / ...（只输出选项的编号，不要写选项内容）

示例：
题目：医疗伦理中四大基本原则是？
A.尊重自主权
B.善意行为
C.无害原则
D.公正原则
E.以上都不是
【思考过程】：本题考查医学伦理的四大基本原则，包括尊重自主权、不伤害原则、行善原则、公正原则。

【最终答案】：ABCD

题目：以下哪种关系符合活体器官捐献的接受人条件？
A.配偶
B.同父异母的妹妹（21岁）
C.养母
D.交往十年的好友
E.堂姐（三代以内旁系血亲）
【思考过程】：",ABE,Doubao-1.5-Thinking,"【思考过程】：根据《人体器官移植条例》规定，活体器官的接受人限于以下人员：（1）配偶；（2）直系血亲或三代以内旁系血亲；（3）因帮扶等形成亲情关系的人员（需有证据证明）。  
- 选项A（配偶）：配偶属于法定可接受范围，符合条件。  
- 选项B（同父异母的妹妹，21岁）：同父异母的妹妹属于三代以内旁系血亲（兄弟姐妹），符合条件。  
- 选项C（养母）：养母与养子女为法律拟制的直系血亲，等同于亲生父母子女关系，符合条件。  
- 选项D（交往十年的好友）：仅“交往十年”不足以证明存在因帮扶形成的亲情关系（需明确证据），不符合条件。  
- 选项E（堂姐，三代以内旁系血亲）：堂姐属于三代以内旁系血亲（同源于祖父母的堂兄弟姐妹），符合条件。  

【最终答案】：ABCE",客观题,ABCE
器官移植,"你是一个严格按照要求答题的医学考试考生。请你先展示出完整的思考过程，然后再输出最终答案。每道题目有至少两个选项（A、B）至多五个选项（A、B、C、D、E），题目为不定项选择题，请按照以下格式作答：

【思考过程】：...

【最终答案】：AB / BCE / CD / DE / E / ...（只输出选项的编号，不要写选项内容）

示例：
题目：医疗伦理中四大基本原则是？
A.尊重自主权
B.善意行为
C.无害原则
D.公正原则
E.以上都不是
【思考过程】：本题考查医学伦理的四大基本原则，包括尊重自主权、不伤害原则、行善原则、公正原则。

【最终答案】：ABCD

题目：国家鼓励的遗体器官捐献意愿登记服务系统由以下哪个机构建立？
A.中国红十字会总会
B.国家卫生健康委员会
C.民政部
D.国务院器官捐献管理机构
【思考过程】：",A,Doubao-1.5-Thinking,"【思考过程】：根据《中国人体器官捐献管理办法》相关规定，国家鼓励的遗体器官捐献意愿登记服务系统由中国红十字会总会负责建立。其他选项中，国家卫生健康委员会主要负责器官移植医疗管理，民政部负责社会救助等，国务院器官捐献管理机构并非具体执行机构。因此正确答案为中国红十字会总会。

【最终答案】：A",客观题,A
器官移植,"你是一个严格按照要求答题的医学考试考生。请你先展示出完整的思考过程，然后再输出最终答案。每道题目有至少两个选项（A、B）至多五个选项（A、B、C、D、E），题目为不定项选择题，请按照以下格式作答：

【思考过程】：...

【最终答案】：AB / BCE / CD / DE / E / ...（只输出选项的编号，不要写选项内容）

示例：
题目：医疗伦理中四大基本原则是？
A.尊重自主权
B.善意行为
C.无害原则
D.公正原则
E.以上都不是
【思考过程】：本题考查医学伦理的四大基本原则，包括尊重自主权、不伤害原则、行善原则、公正原则。

【最终答案】：ABCD

题目：以下哪些活动属于相关法律法规要求参与和推动的工作？
A.无偿献血
B.遗体和人体器官捐献
C.骨髓捐献
D.造血干细胞捐献
E.皮肤组织捐献
【思考过程】：",ABD,Doubao-1.5-Thinking,"【思考过程】：本题需判断哪些活动属于相关法律法规要求参与和推动的工作。  
- **选项A（无偿献血）**：《中华人民共和国献血法》明确国家实行无偿献血制度，鼓励公民自愿献血，各级人民政府和红十字会负责推动和宣传，因此属于法律要求推动的工作。  
- **选项B（遗体和人体器官捐献）**：《人体器官移植条例》《民法典》等法规鼓励遗体和人体器官捐献，强调自愿、无偿原则，并要求相关部门推动宣传和组织工作，因此属于。  
- **选项C（骨髓捐献）**：骨髓捐献通常指通过骨髓穿刺采集造血干细胞，是造血干细胞捐献的主要方式之一。《中国造血干细胞捐献者资料库管理办法》规定中华骨髓库（即中国造血干细胞捐献者资料库）负责推动骨髓捐献的宣传、动员等工作，因此属于。  
- **选项D（造血干细胞捐献）**：《中国造血干细胞捐献者资料库管理办法》明确国家鼓励和支持造血干细胞捐献，相关机构（如中华骨髓库）有责任推动其宣传、组织和动员，因此属于。  
- **选项E（皮肤组织捐献）**：目前无全国性专门法规明确要求推动皮肤组织捐献，更多为自愿行为，因此不属于。  

综上，A、B、C、D均属于相关法律法规要求参与和推动的工作。

【最终答案】：ABCD",客观题,ABCD
器官移植,"你是一个严格按照要求答题的医学考试考生。请你先展示出完整的思考过程，然后再输出最终答案。每道题目有至少两个选项（A、B）至多五个选项（A、B、C、D、E），题目为不定项选择题，请按照以下格式作答：

【思考过程】：...

【最终答案】：AB / BCE / CD / DE / E / ...（只输出选项的编号，不要写选项内容）

示例：
题目：医疗伦理中四大基本原则是？
A.尊重自主权
B.善意行为
C.无害原则
D.公正原则
E.以上都不是
【思考过程】：本题考查医学伦理的四大基本原则，包括尊重自主权、不伤害原则、行善原则、公正原则。

【最终答案】：ABCD

题目：OPO在获取捐献器官时，以下哪种做法符合相关法律法规？
A.根据手术团队经验调整器官获取流程以提高效率
B.在捐献者家属强烈要求下多获取1个未在知情同意书列明的器官
C.按照标准流程在捐献者死亡后获取器官，且种类与知情同意书完全一致
D.因紧急移植需求提前30分钟开始器官获取流程
【思考过程】：",C,Doubao-1.5-Thinking,"【思考过程】：本题考查器官获取组织（OPO）获取捐献器官的法律规范。根据相关法律法规，器官获取必须严格遵循标准流程，且获取的器官种类、时间等需与知情同意书完全一致，不得随意调整或超出范围。  
- 选项A：器官获取流程需按标准执行，不能因团队经验随意调整，不符合规定。  
- 选项B：获取器官的种类必须与知情同意书一致，家属要求不能超出同意范围，不符合规定。  
- 选项C：按标准流程在死亡后获取且种类与同意书一致，符合规定。  
- 选项D：器官获取需在死亡判定后进行，提前开始属于违规，不符合规定。  

【最终答案】：C",客观题,C
器官移植,"你是一个严格按照要求答题的医学考试考生。请你先展示出完整的思考过程，然后再输出最终答案。每道题目有至少两个选项（A、B）至多五个选项（A、B、C、D、E），题目为不定项选择题，请按照以下格式作答：

【思考过程】：...

【最终答案】：AB / BCE / CD / DE / E / ...（只输出选项的编号，不要写选项内容）

示例：
题目：医疗伦理中四大基本原则是？
A.尊重自主权
B.善意行为
C.无害原则
D.公正原则
E.以上都不是
【思考过程】：本题考查医学伦理的四大基本原则，包括尊重自主权、不伤害原则、行善原则、公正原则。

【最终答案】：ABCD

题目：以下哪些行为违反了OPO器官获取的相关规定？
A.将潜在捐献者转运至相邻省份的OPO服务区域实施器官获取
B.在本省划定的服务区域内完成器官获取工作
C.因器官匹配紧急需求跨省获取捐献器官
D.向未备案的医疗机构提供跨区域器官转运服务
【思考过程】：",ACD,Doubao-1.5-Thinking,"【思考过程】：OPO（器官获取组织）的器官获取需遵循属地管理原则，通常应在划定的服务区域内开展工作。分析各选项：  
- 选项A：将潜在捐献者转运至相邻省份的OPO服务区域实施获取，违反了属地管理原则，属于跨区域违规操作。  
- 选项B：在本省划定区域内完成获取，符合规定，不违规。  
- 选项C：因紧急匹配需求跨省获取，若经国家或省级协调，属于特殊情况下的合法操作，不违规。  
- 选项D：向未备案的医疗机构提供跨区域转运服务，违反了器官转运需备案的规定，属于违规行为。  

【最终答案】：AD",客观题,AD
器官移植,"你是一个严格按照要求答题的医学考试考生。请你先展示出完整的思考过程，然后再输出最终答案。每道题目有至少两个选项（A、B）至多五个选项（A、B、C、D、E），题目为不定项选择题，请按照以下格式作答：

【思考过程】：...

【最终答案】：AB / BCE / CD / DE / E / ...（只输出选项的编号，不要写选项内容）

示例：
题目：医疗伦理中四大基本原则是？
A.尊重自主权
B.善意行为
C.无害原则
D.公正原则
E.以上都不是
【思考过程】：本题考查医学伦理的四大基本原则，包括尊重自主权、不伤害原则、行善原则、公正原则。

【最终答案】：ABCD

题目：OPO在对潜在捐献者进行评估时，以下哪一行为符合法规要求？
A.仅通过内部会议记录评估结果
B.将评估情况登记在医院的病例系统中
C.在器官分配系统中登记信息及评估情况
D.评估后3个工作日内补录登记
【思考过程】：",C,Doubao-1.5-Thinking,"【思考过程】：本题考查OPO（器官获取组织）对潜在捐献者评估的法规要求。根据《人体器官移植条例》及相关管理规范，OPO对潜在捐献者的评估需确保信息的透明性和可追溯性。选项A“仅通过内部会议记录评估结果”缺乏规范登记，不符合要求；选项B“登记在医院病例系统”未明确指向国家统一的器官分配系统，不符合专门登记规定；选项C“在器官分配系统中登记信息及评估情况”符合法规对统一登记系统的要求；选项D“评估后3个工作日内补录登记”不符合“及时登记”的原则，法规通常要求评估后立即或短时间内登记，而非事后补录。因此正确选项为C。

【最终答案】：C",客观题,C
器官移植,"你是一个严格按照要求答题的医学考试考生。请你先展示出完整的思考过程，然后再输出最终答案。每道题目有至少两个选项（A、B）至多五个选项（A、B、C、D、E），题目为不定项选择题，请按照以下格式作答：

【思考过程】：...

【最终答案】：AB / BCE / CD / DE / E / ...（只输出选项的编号，不要写选项内容）

示例：
题目：医疗伦理中四大基本原则是？
A.尊重自主权
B.善意行为
C.无害原则
D.公正原则
E.以上都不是
【思考过程】：本题考查医学伦理的四大基本原则，包括尊重自主权、不伤害原则、行善原则、公正原则。

【最终答案】：ABCD

题目：某医疗机构在进行活体器官移植时，下列哪项操作符合法律规定？
A.委托红十字会工作人员获取捐献人器官
B.仅口头告知术后注意事项未签署知情同意书
C.在手术完成次日通过邮件发送并发症说明
D.获取器官前设立医疗专家评估小组
E.充分告知手术风险后签署书面同意书
【思考过程】：",E,Doubao-1.5-Thinking,"【思考过程】：本题需依据《人体器官移植条例》判断活体器官移植的合法操作。  
- 选项A：条例规定活体器官获取必须由医疗机构具备相应资质的医务人员完成，不可委托红十字会工作人员，故A不符合。  
- 选项B：条例要求活体器官捐献人需签署书面知情同意书，仅口头告知不合法，故B不符合。  
- 选项C：知情同意需在手术前充分告知（包括风险、并发症等），术后通过邮件发送说明不符合规定，故C不符合。  
- 选项D：条例规定获取器官前需设立医疗专家评估小组，对捐献者健康和手术风险进行评估，D符合规定。  
- 选项E：条例要求充分告知手术风险并签署书面同意书，E符合规定。  

【最终答案】：DE",客观题,DE
器官移植,"你是一个严格按照要求答题的医学考试考生。请你先展示出完整的思考过程，然后再输出最终答案。每道题目有至少两个选项（A、B）至多五个选项（A、B、C、D、E），题目为不定项选择题，请按照以下格式作答：

【思考过程】：...

【最终答案】：AB / BCE / CD / DE / E / ...（只输出选项的编号，不要写选项内容）

示例：
题目：医疗伦理中四大基本原则是？
A.尊重自主权
B.善意行为
C.无害原则
D.公正原则
E.以上都不是
【思考过程】：本题考查医学伦理的四大基本原则，包括尊重自主权、不伤害原则、行善原则、公正原则。

【最终答案】：ABCD

题目：根据相关法规，以下哪些人可以作为活体器官捐献的接受者？
A.配偶
B.侄子
C.表舅
D.外甥女
E.同事
【思考过程】：",ABD,Doubao-1.5-Thinking,"根据《人体器官移植条例》第十条规定，活体器官的接受者限于活体器官捐献人的配偶、直系血亲或三代以内旁系血亲，或有证据证明因帮扶形成亲情关系的人员。具体分析各选项：

- **A. 配偶**：明确属于法规允许的接受者范围。  
- **B. 侄子**：侄子是兄弟的儿子，属于“叔伯与侄子女”关系，属于三代以内旁系血亲（共同祖先是父母，代数计算为三代以内）。  
- **C. 表舅**：表舅通常指母亲的表兄弟，其共同祖先可能追溯至外祖父母的上一代（如外曾祖父母），超出三代以内旁系血亲范围。  
- **D. 外甥女**：外甥女是姐妹的女儿，属于“舅姨与外甥子女”关系，属于三代以内旁系血亲（共同祖先是父母，代数计算为三代以内）。  
- **E. 同事**：无证据证明存在因帮扶形成的亲情关系时，不符合法规要求。  

综上，符合条件的接受者为配偶、侄子、外甥女。

【思考过程】：根据《人体器官移植条例》，活体器官接受者限于配偶、直系血亲、三代以内旁系血亲或因帮扶形成亲情关系的人员。配偶（A）符合；侄子（B）属于三代以内旁系血亲（叔伯与侄子女）；外甥女（D）属于三代以内旁系血亲（舅姨与外甥子女）；表舅（C）超出三代；同事（E）无证据不符。

【最终答案】：ABD",客观题,ABD
器官移植,"你是一个严格按照要求答题的医学考试考生。请你先展示出完整的思考过程，然后再输出最终答案。每道题目有至少两个选项（A、B）至多五个选项（A、B、C、D、E），题目为不定项选择题，请按照以下格式作答：

【思考过程】：...

【最终答案】：AB / BCE / CD / DE / E / ...（只输出选项的编号，不要写选项内容）

示例：
题目：医疗伦理中四大基本原则是？
A.尊重自主权
B.善意行为
C.无害原则
D.公正原则
E.以上都不是
【思考过程】：本题考查医学伦理的四大基本原则，包括尊重自主权、不伤害原则、行善原则、公正原则。

【最终答案】：ABCD

题目：以下表述是否正确：医院在获得未成年患者本人及其法定监护人的书面同意后，可以获取其活体器官用于亲属的移植手术。
A.正确
B.错误
【思考过程】：",B,Doubao-1.5-Thinking,"【思考过程】：根据《人体器官移植条例》，活体器官捐献人必须具有完全民事行为能力。未成年人属于无民事行为能力或限制民事行为能力人，不能作为活体器官捐献者。即使获得本人及法定监护人同意，也不能获取其活体器官用于移植。因此题目表述错误。

【最终答案】：B",客观题,B
器官移植,"你是一个严格按照要求答题的医学考试考生。请你先展示出完整的思考过程，然后再输出最终答案。每道题目有至少两个选项（A、B）至多五个选项（A、B、C、D、E），题目为不定项选择题，请按照以下格式作答：

【思考过程】：...

【最终答案】：AB / BCE / CD / DE / E / ...（只输出选项的编号，不要写选项内容）

示例：
题目：医疗伦理中四大基本原则是？
A.尊重自主权
B.善意行为
C.无害原则
D.公正原则
E.以上都不是
【思考过程】：本题考查医学伦理的四大基本原则，包括尊重自主权、不伤害原则、行善原则、公正原则。

【最终答案】：ABCD

题目：以下表述是否正确：若活体器官捐献者的某器官被摘除后，其相应生理功能严重受损但仍在正常范围内，这种情况符合伦理法规要求。
A.正确
B.错误
【思考过程】：",B,Doubao-1.5-Thinking,"【思考过程】：活体器官捐献需遵循伦理原则，核心要求是确保捐献者的健康和安全不受重大损害。根据相关伦理法规，即使器官摘除后生理功能仍在正常范围内，若达到“严重受损”程度，已超出可接受的风险范围，不符合伦理法规对捐献者健康保护的要求。因此该表述错误。

【最终答案】：B",客观题,B
器官移植,"你是一个严格按照要求答题的医学考试考生。请你先展示出完整的思考过程，然后再输出最终答案。每道题目有至少两个选项（A、B）至多五个选项（A、B、C、D、E），题目为不定项选择题，请按照以下格式作答：

【思考过程】：...

【最终答案】：AB / BCE / CD / DE / E / ...（只输出选项的编号，不要写选项内容）

示例：
题目：医疗伦理中四大基本原则是？
A.尊重自主权
B.善意行为
C.无害原则
D.公正原则
E.以上都不是
【思考过程】：本题考查医学伦理的四大基本原则，包括尊重自主权、不伤害原则、行善原则、公正原则。

【最终答案】：ABCD

题目：以下哪项不属于区域均衡布局的目标或措施？
A.提高省外就诊比例较高省份的服务能力
B.扩大人体器官移植医疗服务供给
C.优先增加跨省进行器官移植的患者数量
D.充分释放区域内现有的移植医院服务能力
E.有效降低省外人体器官移植就诊比率
【思考过程】：",C,Doubao-1.5-Thinking,"【思考过程】：区域均衡布局的目标通常是优化资源配置，减少跨区域就医，提高本地服务能力。分析各选项：  
- A选项“提高省外就诊比例较高省份的服务能力”可减少外流，属于均衡措施；  
- B选项“扩大人体器官移植医疗服务供给”可提升本地服务能力，属于均衡措施；  
- C选项“优先增加跨省进行器官移植的患者数量”与减少跨区域就医的目标相悖，不属于均衡措施；  
- D选项“充分释放区域内现有移植医院服务能力”可提高本地服务效率，属于均衡措施；  
- E选项“有效降低省外人体器官移植就诊比率”直接体现减少跨区域就医，属于均衡目标。  

因此，C不属于区域均衡布局的目标或措施。

【最终答案】：C",客观题,C
器官移植,"你是一个严格按照要求答题的医学考试考生。请你先展示出完整的思考过程，然后再输出最终答案。每道题目有至少两个选项（A、B）至多五个选项（A、B、C、D、E），题目为不定项选择题，请按照以下格式作答：

【思考过程】：...

【最终答案】：AB / BCE / CD / DE / E / ...（只输出选项的编号，不要写选项内容）

示例：
题目：医疗伦理中四大基本原则是？
A.尊重自主权
B.善意行为
C.无害原则
D.公正原则
E.以上都不是
【思考过程】：本题考查医学伦理的四大基本原则，包括尊重自主权、不伤害原则、行善原则、公正原则。

【最终答案】：ABCD

题目：协调员在履行器官捐献见证职责时，必须确保以下哪些内容？
A.确保捐献器官的质量符合医学标准
B.贯彻“自愿、无偿”的捐献原则
C.保护捐受双方的个人隐私
D.主动协调捐助双方的后续医疗资源分配
E.公开宣传捐献者的善举以激励社会参与
【思考过程】：",BC,Doubao-1.5-Thinking,"【思考过程】：本题考查器官捐献协调员的职责。根据相关法规和伦理要求，协调员的核心职责包括确保捐献自愿无偿、保护隐私等。选项A中“确保器官质量”主要是医疗评估团队的职责，非协调员职责；选项B“自愿、无偿”是捐献的基本原则，协调员必须贯彻；选项C“保护隐私”是法律和伦理的基本要求，协调员需履行；选项D“协调后续医疗资源分配”超出协调员职责范围；选项E“公开宣传”需经同意，不能主动公开，否则侵犯隐私。因此正确选项为B、C。

【最终答案】：BC",客观题,BC
器官移植,"你是一个严格按照要求答题的医学考试考生。请你先展示出完整的思考过程，然后再输出最终答案。每道题目有至少两个选项（A、B）至多五个选项（A、B、C、D、E），题目为不定项选择题，请按照以下格式作答：

【思考过程】：...

【最终答案】：AB / BCE / CD / DE / E / ...（只输出选项的编号，不要写选项内容）

示例：
题目：医疗伦理中四大基本原则是？
A.尊重自主权
B.善意行为
C.无害原则
D.公正原则
E.以上都不是
【思考过程】：本题考查医学伦理的四大基本原则，包括尊重自主权、不伤害原则、行善原则、公正原则。

【最终答案】：ABCD

题目：以下哪个行为属于违反器官捐献协调员的工作规范？
A.使用摄像设备全程记录见证过程
B.在器官获取阶段中途离开现场15分钟
C.调整捐献者基础数据使记录更""完整""
D.未向第三方披露捐献者隐私信息
E.用电子签名代替现场手写签名
【思考过程】：",BCE,Doubao-1.5-Thinking,"【思考过程】：本题需判断哪些行为违反器官捐献协调员的工作规范。  
- 选项A：使用摄像设备全程记录见证过程，符合规范中确保透明、可追溯的要求，不违反。  
- 选项B：器官获取阶段是关键环节，协调员需全程在场监督，中途离开15分钟违反“全程参与”的规范。  
- 选项C：调整捐献者基础数据属于篡改信息，违反“数据真实准确”的核心要求。  
- 选项D：未向第三方披露隐私是保护捐献者权益的正确行为，不违反。  
- 选项E：重要环节的签名通常需现场手写以确保真实性，用电子签名代替可能违反“严格签署流程”的规范。  

【最终答案】：BCE",客观题,BCE
器官移植,"你是一个严格按照要求答题的医学考试考生。请你先展示出完整的思考过程，然后再输出最终答案。每道题目有至少两个选项（A、B）至多五个选项（A、B、C、D、E），题目为不定项选择题，请按照以下格式作答：

【思考过程】：...

【最终答案】：AB / BCE / CD / DE / E / ...（只输出选项的编号，不要写选项内容）

示例：
题目：医疗伦理中四大基本原则是？
A.尊重自主权
B.善意行为
C.无害原则
D.公正原则
E.以上都不是
【思考过程】：本题考查医学伦理的四大基本原则，包括尊重自主权、不伤害原则、行善原则、公正原则。

【最终答案】：ABCD

题目：签署《人体器官潜在捐献者登记表》时，依法有权共同作出捐献决定的主要亲属包括以下哪些人员？
A.配偶
B.12岁的子女
C.父母（非监护人）
D.成年子女
E.同胞兄弟姐妹
【思考过程】：",ACD,Doubao-1.5-Thinking,"【思考过程】：根据《人体器官移植条例》规定，公民生前未表示不同意捐献其人体器官的，该公民死亡后，其配偶、成年子女、父母可以以书面形式共同表示同意捐献该公民人体器官的意愿。分析各选项：  
- 选项A（配偶）：属于法定主要亲属，有权共同决定。  
- 选项B（12岁的子女）：未成年子女不具备完全民事行为能力，无法参与决定。  
- 选项C（父母，非监护人）：父母是直系亲属，无论是否为监护人，均有权参与决定。  
- 选项D（成年子女）：成年子女具备完全民事行为能力，属于法定主要亲属。  
- 选项E（同胞兄弟姐妹）：不属于配偶、成年子女、父母的法定主要亲属范围，无权共同决定。  

【最终答案】：ACD",客观题,ACD
器官移植,"你是一个严格按照要求答题的医学考试考生。请你先展示出完整的思考过程，然后再输出最终答案。每道题目有至少两个选项（A、B）至多五个选项（A、B、C、D、E），题目为不定项选择题，请按照以下格式作答：

【思考过程】：...

【最终答案】：AB / BCE / CD / DE / E / ...（只输出选项的编号，不要写选项内容）

示例：
题目：医疗伦理中四大基本原则是？
A.尊重自主权
B.善意行为
C.无害原则
D.公正原则
E.以上都不是
【思考过程】：本题考查医学伦理的四大基本原则，包括尊重自主权、不伤害原则、行善原则、公正原则。

【最终答案】：ABCD

题目：协调员在核实潜在捐献者“住址”栏信息时，应当以什么作为填写依据？
A.身份证或户口簿登记地址
B.现居住地详细门牌号
C.出生地行政区划
D.工作单位注册地址
【思考过程】：",A,Doubao-1.5-Thinking,"【思考过程】：在核实潜在捐献者“住址”栏信息时，通常应以官方认可的法定有效证件登记的地址为依据。身份证和户口簿是我国法定的户籍证明文件，其登记地址具有法律效力，是最权威的住址依据。现居住地（B）可能存在变动且非法定登记信息；出生地（C）仅为出生时地点，与当前住址无关；工作单位注册地址（D）是单位地址，与个人住址无关。因此，正确依据应为身份证或户口簿登记地址。

【最终答案】：A",客观题,A
器官移植,"你是一个严格按照要求答题的医学考试考生。请你先展示出完整的思考过程，然后再输出最终答案。每道题目有至少两个选项（A、B）至多五个选项（A、B、C、D、E），题目为不定项选择题，请按照以下格式作答：

【思考过程】：...

【最终答案】：AB / BCE / CD / DE / E / ...（只输出选项的编号，不要写选项内容）

示例：
题目：医疗伦理中四大基本原则是？
A.尊重自主权
B.善意行为
C.无害原则
D.公正原则
E.以上都不是
【思考过程】：本题考查医学伦理的四大基本原则，包括尊重自主权、不伤害原则、行善原则、公正原则。

【最终答案】：ABCD

题目：以下哪项信息属于《人体器官潜在捐献者登记表》必须核实的内容？
A.血型
B.药物过敏史
C.科室
D.婚姻状况
E.传染病情况
【思考过程】：",ACE,Doubao-1.5-Thinking,"【思考过程】：根据《人体器官移植条例》及器官捐献相关管理规定，《人体器官潜在捐献者登记表》需重点核实与器官功能、安全性及匹配相关的关键信息。血型（A）是器官匹配的重要依据，必须核实；传染病情况（E）直接影响器官是否可用于移植，需明确评估；药物过敏史（B）、科室（C）、婚姻状况（D）均非登记表必须核实的核心内容。

【最终答案】：AE",客观题,AE
器官移植,"你是一个严格按照要求答题的医学考试考生。请你先展示出完整的思考过程，然后再输出最终答案。每道题目有至少两个选项（A、B）至多五个选项（A、B、C、D、E），题目为不定项选择题，请按照以下格式作答：

【思考过程】：...

【最终答案】：AB / BCE / CD / DE / E / ...（只输出选项的编号，不要写选项内容）

示例：
题目：医疗伦理中四大基本原则是？
A.尊重自主权
B.善意行为
C.无害原则
D.公正原则
E.以上都不是
【思考过程】：本题考查医学伦理的四大基本原则，包括尊重自主权、不伤害原则、行善原则、公正原则。

【最终答案】：ABCD

题目：核实潜在捐献者捐献意愿时，以下哪些方式是法规要求的？
A.查询中国人体器官捐献志愿登记管理系统
B.与潜在捐献者亲属核实
C.查看其书面意愿材料
D.通过在线平台自主登记
E.医疗机构内部投票表决
【思考过程】：",ABC,Doubao-1.5-Thinking,"【思考过程】：本题考查核实潜在捐献者捐献意愿的法规要求。根据《人体器官捐献操作指南（试行）》等相关法规，核实捐献意愿的主要方式包括：1. 查询中国人体器官捐献志愿登记管理系统（官方登记平台记录）；2. 查看其生前签署的书面意愿材料（如捐献卡、遗嘱等）；3. 向近亲属或其他知情人员核实（当捐献者无法自行表达时）。选项D“通过在线平台自主登记”是捐献者登记意愿的方式，而非核实他人意愿的要求；选项E“医疗机构内部投票表决”不符合法规，捐献意愿需基于本人或法定代理人的真实意愿，而非机构投票。因此，法规要求的核实方式为A、B、C。

【最终答案】：ABC",客观题,ABC
器官移植,"你是一个严格按照要求答题的医学考试考生。请你先展示出完整的思考过程，然后再输出最终答案。每道题目有至少两个选项（A、B）至多五个选项（A、B、C、D、E），题目为不定项选择题，请按照以下格式作答：

【思考过程】：...

【最终答案】：AB / BCE / CD / DE / E / ...（只输出选项的编号，不要写选项内容）

示例：
题目：医疗伦理中四大基本原则是？
A.尊重自主权
B.善意行为
C.无害原则
D.公正原则
E.以上都不是
【思考过程】：本题考查医学伦理的四大基本原则，包括尊重自主权、不伤害原则、行善原则、公正原则。

【最终答案】：ABCD

题目：在器官移植前，协调员核实潜在捐献者主要亲属关系的合法依据包括哪些？
A.护照
B.户口簿
C.结婚证
D.出生证
E.身份证
【思考过程】：",BCDE,Doubao-1.5-Thinking,"【思考过程】：在器官移植前核实潜在捐献者主要亲属关系时，需依据能直接证明亲属关系的法定文件。户口簿（B）明确登记家庭成员关系，是最常用的亲属关系证明；结婚证（C）直接证明夫妻关系；出生证（D）可证明父母与子女的血缘关系。身份证（E）和护照（A）主要用于个人身份识别，无法单独直接证明亲属关系。因此合法依据包括户口簿、结婚证和出生证。

【最终答案】：BCD",客观题,BCD
器官移植,"你是一个严格按照要求答题的医学考试考生。请你先展示出完整的思考过程，然后再输出最终答案。每道题目有至少两个选项（A、B）至多五个选项（A、B、C、D、E），题目为不定项选择题，请按照以下格式作答：

【思考过程】：...

【最终答案】：AB / BCE / CD / DE / E / ...（只输出选项的编号，不要写选项内容）

示例：
题目：医疗伦理中四大基本原则是？
A.尊重自主权
B.善意行为
C.无害原则
D.公正原则
E.以上都不是
【思考过程】：本题考查医学伦理的四大基本原则，包括尊重自主权、不伤害原则、行善原则、公正原则。

【最终答案】：ABCD

题目：在器官捐献材料核实时，必须确保以下哪些人员在场？
A.人体器官获取组织工作人员 B.捐献者主要亲属 C.器官移植主刀医生 D.公安部门代表 E.医院行政主任
【思考过程】：",AB,Doubao-1.5-Thinking,"【思考过程】：根据《人体器官移植条例》及《人体捐献器官获取与分配管理规定（试行）》，器官捐献材料核实时需确保程序合法公正。人体器官获取组织（OPO）工作人员（A）直接参与器官获取流程，是核实材料的必要主体；捐献者主要亲属（B）作为捐献意愿的决定者，需在场确认信息真实性。器官移植主刀医生（C）因需避免利益冲突，不得参与核实；公安部门代表（D）和医院行政主任（E）并非材料核实的必需在场人员。

【最终答案】：AB",客观题,AB
器官移植,"你是一个严格按照要求答题的医学考试考生。请你先展示出完整的思考过程，然后再输出最终答案。每道题目有至少两个选项（A、B）至多五个选项（A、B、C、D、E），题目为不定项选择题，请按照以下格式作答：

【思考过程】：...

【最终答案】：AB / BCE / CD / DE / E / ...（只输出选项的编号，不要写选项内容）

示例：
题目：医疗伦理中四大基本原则是？
A.尊重自主权
B.善意行为
C.无害原则
D.公正原则
E.以上都不是
【思考过程】：本题考查医学伦理的四大基本原则，包括尊重自主权、不伤害原则、行善原则、公正原则。

【最终答案】：ABCD

题目：潜在捐献者信息变更后，下列哪项步骤不属于必须的处理流程？
A.重新填写《人体器官潜在捐献者登记表》
B.经潜在捐献者本人签字确认
C.由主诊医师签字认定
D.重新上传至案例报告系统
【思考过程】：",BC,Doubao-1.5-Thinking,"【思考过程】：根据人体器官捐献相关规范，潜在捐献者信息变更时，需确保信息准确并同步更新。分析各选项：  
- A（重新填写登记表）：信息变更后原表信息失效，需重新填写以保证文件准确性，属于必须流程。  
- B（本人签字确认）：若潜在捐献者因昏迷、无行为能力等无法签字，可能无法由本人确认（需代理人或其他程序），因此非绝对必须。  
- C（主诊医师签字认定）：主诊医师需对患者信息变更的真实性或相关性进行专业确认，属于必须流程。  
- D（重新上传系统）：需同步更新案例报告系统中的信息，确保数据一致性，属于必须流程。  

综上，B不属于必须的处理流程。

【最终答案】：B",客观题,B
器官移植,"你是一个严格按照要求答题的医学考试考生。请你先展示出完整的思考过程，然后再输出最终答案。每道题目有至少两个选项（A、B）至多五个选项（A、B、C、D、E），题目为不定项选择题，请按照以下格式作答：

【思考过程】：...

【最终答案】：AB / BCE / CD / DE / E / ...（只输出选项的编号，不要写选项内容）

示例：
题目：医疗伦理中四大基本原则是？
A.尊重自主权
B.善意行为
C.无害原则
D.公正原则
E.以上都不是
【思考过程】：本题考查医学伦理的四大基本原则，包括尊重自主权、不伤害原则、行善原则、公正原则。

【最终答案】：ABCD

题目：协调员收集的《人体器官潜在捐献者登记表》签字原表及相关材料应交由哪个机构留存归档？
A.市级器官移植管理办公室
B.省级人体器官获取组织管理机构
C.医疗机构档案室
D.国家卫健委器官移植委员会
E.协调员自行存档
【思考过程】：",B,Doubao-1.5-Thinking,"【思考过程】：根据《人体器官获取与分配管理规定（试行）》等相关规定，协调员收集的《人体器官潜在捐献者登记表》签字原表及相关材料属于器官捐献的重要原始文件，需由省级人体器官获取组织管理机构统一留存归档，以确保规范管理和可追溯性。其他选项中，市级管理办公室层级不足，医疗机构档案室主要保存院内病历而非专门捐献材料，国家卫健委层级过高不直接处理具体归档，协调员自行存档不符合规范。

【最终答案】：B",客观题,B
器官移植,"你是一个严格按照要求答题的医学考试考生。请你先展示出完整的思考过程，然后再输出最终答案。每道题目有至少两个选项（A、B）至多五个选项（A、B、C、D、E），题目为不定项选择题，请按照以下格式作答：

【思考过程】：...

【最终答案】：AB / BCE / CD / DE / E / ...（只输出选项的编号，不要写选项内容）

示例：
题目：医疗伦理中四大基本原则是？
A.尊重自主权
B.善意行为
C.无害原则
D.公正原则
E.以上都不是
【思考过程】：本题考查医学伦理的四大基本原则，包括尊重自主权、不伤害原则、行善原则、公正原则。

【最终答案】：ABCD

题目：根据相关规定，协调员在见证《人体器官捐献亲属确认登记表》签署时，正确的流程是？
A.主要亲属签署后，协调员立即签署确认
B.主要亲属和人体器官获取组织负责人无需分先后顺序同时签署
C.主要亲属签署后，人体器官获取组织负责人签署，协调员全程在场见证
D.仅需主要亲属签署即可，负责人无需参与
【思考过程】：",C,Doubao-1.5-Thinking,"【思考过程】：根据人体器官捐献相关规定，《人体器官捐献亲属确认登记表》的签署流程需确保合法性和自愿性。协调员的职责是全程见证签署过程。正确流程应为：主要亲属首先签署，随后由人体器官获取组织负责人签署，协调员需全程在场见证。选项A错误，因协调员的职责是见证而非立即签署确认；选项B错误，主要亲属与负责人需分先后顺序签署，而非同时；选项D错误，负责人必须参与签署；选项C正确，符合主要亲属签署后负责人签署、协调员全程见证的流程。

【最终答案】：C",客观题,C
器官移植,"你是一个严格按照要求答题的医学考试考生。请你先展示出完整的思考过程，然后再输出最终答案。每道题目有至少两个选项（A、B）至多五个选项（A、B、C、D、E），题目为不定项选择题，请按照以下格式作答：

【思考过程】：...

【最终答案】：AB / BCE / CD / DE / E / ...（只输出选项的编号，不要写选项内容）

示例：
题目：医疗伦理中四大基本原则是？
A.尊重自主权
B.善意行为
C.无害原则
D.公正原则
E.以上都不是
【思考过程】：本题考查医学伦理的四大基本原则，包括尊重自主权、不伤害原则、行善原则、公正原则。

【最终答案】：ABCD

题目：张三因器官移植手术需家属签字同意，以下哪种情况无需提供书面授权委托书或相关证明材料？
A.主要亲属因严重烧伤无法发声，同意通过视频口头授权
B.主要亲属因突发中风住院无法到场
C.主要亲属为未成年人且无其他近亲属
D.主要亲属赴国外出差但可通过电子签名平台确认
【思考过程】：",A,Doubao-1.5-Thinking,"【思考过程】：本题考查器官移植手术中家属签字的授权委托规定。需结合《医疗机构管理条例》《医疗纠纷预防和处理条例》及《电子签名法》等法规分析各选项：

- **选项A**：主要亲属因严重烧伤无法发声，通过视频口头授权。口头授权不符合“书面同意”的法定要求，需补充书面授权或证明材料，故需提供。  
- **选项B**：主要亲属因突发中风住院无法到场。此时需委托他人签字，通常需提供书面授权委托书或住院证明等材料，故需提供。  
- **选项C**：主要亲属为未成年人且无其他近亲属。未成年人无完全民事行为能力，无法作为适格签字主体，此时需按紧急程序由医疗机构负责人批准，无需该未成年人的授权材料。  
- **选项D**：主要亲属通过电子签名平台确认。根据《电子签名法》，可靠的电子签名与手写签名具有同等法律效力，无需额外书面委托书。  

综上，无需提供书面授权委托书或相关证明材料的情况为C和D。

【最终答案】：CD",客观题,CD
器官移植,"你是一个严格按照要求答题的医学考试考生。请你先展示出完整的思考过程，然后再输出最终答案。每道题目有至少两个选项（A、B）至多五个选项（A、B、C、D、E），题目为不定项选择题，请按照以下格式作答：

【思考过程】：...

【最终答案】：AB / BCE / CD / DE / E / ...（只输出选项的编号，不要写选项内容）

示例：
题目：医疗伦理中四大基本原则是？
A.尊重自主权
B.善意行为
C.无害原则
D.公正原则
E.以上都不是
【思考过程】：本题考查医学伦理的四大基本原则，包括尊重自主权、不伤害原则、行善原则、公正原则。

【最终答案】：ABCD

题目：协凋员在填写器官捐献相关表格时，下列哪项规定不符合操作要求？
A.死亡时间按照死亡判定材料精确到分钟
B.“获取组织”栏填写实际参与器官获取的机构名称
C.“捐献医院”栏填写捐献者首次入院的医疗机构名称
D.“死亡判定医生”信息需要与佐证材料一致
【思考过程】：",C,Doubao-1.5-Thinking,"【思考过程】：本题考查器官捐献相关表格填写的操作规范。需逐一分析各选项是否符合要求：  
- 选项A：死亡时间需依据死亡判定材料精确记录，通常要求精确到分钟，符合操作要求。  
- 选项B：“获取组织”栏应填写实际参与器官获取的机构名称，符合规范。  
- 选项C：“捐献医院”栏应填写捐献者死亡时所在的医疗机构（即进行死亡判定的医院），而非首次入院的医疗机构，此选项不符合操作要求。  
- 选项D：“死亡判定医生”信息需与佐证材料（如死亡判定记录、资质证明等）一致，以确保信息真实，符合要求。  

综上，不符合操作要求的是选项C。

【最终答案】：C",客观题,C
器官移植,"你是一个严格按照要求答题的医学考试考生。请你先展示出完整的思考过程，然后再输出最终答案。每道题目有至少两个选项（A、B）至多五个选项（A、B、C、D、E），题目为不定项选择题，请按照以下格式作答：

【思考过程】：...

【最终答案】：AB / BCE / CD / DE / E / ...（只输出选项的编号，不要写选项内容）

示例：
题目：医疗伦理中四大基本原则是？
A.尊重自主权
B.善意行为
C.无害原则
D.公正原则
E.以上都不是
【思考过程】：本题考查医学伦理的四大基本原则，包括尊重自主权、不伤害原则、行善原则、公正原则。

【最终答案】：ABCD

题目：以下哪种情况可能导致器官获取时的影像资料不符合伦理规范？
A.影像中仅有主治医师和麻醉师在场
B.协调员未出境但因设备故障导致面容模糊
C.所有参与器官获取的护士均在镜头前
D.影像拍摄地点在手术室外的走廊
E.资料显示协调员单独签署文件而无护士参与
【思考过程】：",AD,Doubao-1.5-Thinking,"要判断哪些情况可能导致器官获取时的影像资料不符合伦理规范，需结合器官获取的伦理要求（如透明性、可追溯性、人员参与合规性等）逐一分析：

### 选项A：影像中仅有主治医师和麻醉师在场  
器官获取需多团队参与（如移植团队、协调员、护士等），影像需记录所有关键人员以确保过程透明。若仅有主治医师和麻醉师在场，可能缺少协调员或其他必要人员，导致记录不完整，**可能不符合伦理规范**。

### 选项B：协调员未出镜但因设备故障导致面容模糊  
器官获取的影像需清晰记录参与人员（尤其是协调员）以确认其在场。若协调员未出镜（未参与记录）或因设备故障导致面容模糊（无法识别身份），均可能违反“清晰记录关键人员”的要求，**可能不符合伦理规范**。

### 选项C：所有参与器官获取的护士均在镜头前  
记录所有参与人员（包括护士）是确保过程透明的必要措施，此情况符合伦理规范，**不导致不符合**。

### 选项D：影像拍摄地点在手术室外的走廊  
器官获取应在规范的手术室等医疗场所进行，影像记录的地点需符合环境要求。在走廊拍摄可能违反场所规范，导致资料无效，**可能不符合伦理规范**。

### 选项E：资料显示协调员单独签署文件而无护士参与  
文件签署需相关人员共同参与或见证（如护士作为见证人），协调员单独签署可能违反“双人确认”或“见证”的流程要求，**可能不符合伦理规范**。

【思考过程】：器官获取的影像资料需满足透明性、人员完整性、地点合规性及文件签署规范性。A缺少关键人员，B记录不清晰或缺失，D地点不符合要求，E文件签署违规，均可能导致不符合伦理规范；C记录完整，符合要求。

【最终答案】：ABDE",客观题,ABDE
器官移植,"你是一个严格按照要求答题的医学考试考生。请你先展示出完整的思考过程，然后再输出最终答案。每道题目有至少两个选项（A、B）至多五个选项（A、B、C、D、E），题目为不定项选择题，请按照以下格式作答：

【思考过程】：...

【最终答案】：AB / BCE / CD / DE / E / ...（只输出选项的编号，不要写选项内容）

示例：
题目：医疗伦理中四大基本原则是？
A.尊重自主权
B.善意行为
C.无害原则
D.公正原则
E.以上都不是
【思考过程】：本题考查医学伦理的四大基本原则，包括尊重自主权、不伤害原则、行善原则、公正原则。

【最终答案】：ABCD

题目：在器官获取过程中，以下哪些行为违反了相关法规？
A. 协调员因家属情绪不稳短暂离开手术室安抚家属
B. 协调员未查看《人体器官捐献亲属确认登记表》即签署同意获取文件
C. 获取医生在完成指定器官摘取后额外取出角膜组织用于科研
D. 协调员全程在场但未核对捐献者身份信息
【思考过程】：",ABCD,Doubao-1.5-Thinking,"【思考过程】：本题需依据我国器官捐献与获取的相关法规（如《人体器官移植条例》《人体捐献器官获取与分配管理规定（试行）》）判断各选项是否违规。  

- **选项A**：协调员的职责包括全程参与器官获取过程（如确认死亡、见证获取等）。短暂离开手术室安抚家属可能影响全程监督，但题目未明确其离开是否导致关键环节缺失，通常短暂合理离开不直接认定为违规。  
- **选项B**：协调员必须核查《人体器官捐献亲属确认登记表》以确认亲属同意，未查看即签署文件违反程序规定，属于违规。  
- **选项C**：器官获取需严格按捐献者或家属同意的范围进行，额外摘取角膜用于科研未经同意，违反法规。  
- **选项D**：协调员需核对捐献者身份信息以确保无误，未核对身份属于未尽职责，违反规定。  

综上，B、C、D为违规行为。  

【最终答案】：BCD",客观题,BCD
器官移植,"你是一个严格按照要求答题的医学考试考生。请你先展示出完整的思考过程，然后再输出最终答案。每道题目有至少两个选项（A、B）至多五个选项（A、B、C、D、E），题目为不定项选择题，请按照以下格式作答：

【思考过程】：...

【最终答案】：AB / BCE / CD / DE / E / ...（只输出选项的编号，不要写选项内容）

示例：
题目：医疗伦理中四大基本原则是？
A.尊重自主权
B.善意行为
C.无害原则
D.公正原则
E.以上都不是
【思考过程】：本题考查医学伦理的四大基本原则，包括尊重自主权、不伤害原则、行善原则、公正原则。

【最终答案】：ABCD

题目：关于器官获取后的遗体处理流程，哪一选项符合相关法律法规要求？
A.协调员无需在场见证，由医务人员自行处理捐献者遗体
B.协调员应亲自主刀进行捐献者遗体的医学处理
C.协调员需见证医务人员对捐献者遗体进行恢复外观的处理（除移植器官外）
D.仅需恢复移植器官部位的外观，其他部位无需处理
【思考过程】：",C,Doubao-1.5-Thinking,"【思考过程】：本题考查器官获取后遗体处理的法律法规要求。根据相关规定，器官捐献后应对捐献者遗体进行尊重和妥善处理，需恢复其外观（除移植器官外）以保持尊严。协调员的职责包括见证整个过程，但不参与具体医学操作。分析各选项：A错误，协调员需在场见证；B错误，协调员不负责主刀处理；C正确，协调员需见证医务人员恢复外观的处理；D错误，需恢复整体外观而非仅移植部位。

【最终答案】：C",客观题,C
器官移植,"你是一个严格按照要求答题的医学考试考生。请你先展示出完整的思考过程，然后再输出最终答案。每道题目有至少两个选项（A、B）至多五个选项（A、B、C、D、E），题目为不定项选择题，请按照以下格式作答：

【思考过程】：...

【最终答案】：AB / BCE / CD / DE / E / ...（只输出选项的编号，不要写选项内容）

示例：
题目：医疗伦理中四大基本原则是？
A.尊重自主权
B.善意行为
C.无害原则
D.公正原则
E.以上都不是
【思考过程】：本题考查医学伦理的四大基本原则，包括尊重自主权、不伤害原则、行善原则、公正原则。

【最终答案】：ABCD

题目：在器官捐献见证过程中，以下哪种情形无需协调员立即中止捐献见证？
A.捐献者父亲对儿子职业陈述前后矛盾
B.母亲同意捐献但女儿明确反对
C.存在主管部门尚未批准的同类型交通事故案例
D.器官获取在公立三甲医院手术室进行
F.获取了亲属确认范围外的肝脏
【思考过程】：",D,Doubao-1.5-Thinking,"【思考过程】：器官捐献见证过程中，协调员需中止见证的情形通常包括：捐献者信息不一致、亲属意见不统一、捐献来源合法性存疑、违规获取器官等。分析各选项：

- A选项：捐献者父亲对儿子职业陈述前后矛盾，可能涉及身份或信息核实问题，需中止。  
- B选项：母亲同意但女儿明确反对（直系亲属意见不一致），违反自愿性原则，需中止。  
- C选项：主管部门未批准的同类型交通事故案例，涉及捐献来源合法性问题，需中止。  
- D选项：器官获取在公立三甲医院手术室进行（公立三甲通常具备资质），属于合规操作，无需中止。  
- F选项：获取亲属确认范围外的肝脏，属于违规获取器官，需中止。  

【最终答案】：D",客观题,D
器官移植,"你是一个严格按照要求答题的医学考试考生。请你先展示出完整的思考过程，然后再输出最终答案。每道题目有至少两个选项（A、B）至多五个选项（A、B、C、D、E），题目为不定项选择题，请按照以下格式作答：

【思考过程】：...

【最终答案】：AB / BCE / CD / DE / E / ...（只输出选项的编号，不要写选项内容）

示例：
题目：医疗伦理中四大基本原则是？
A.尊重自主权
B.善意行为
C.无害原则
D.公正原则
E.以上都不是
【思考过程】：本题考查医学伦理的四大基本原则，包括尊重自主权、不伤害原则、行善原则、公正原则。

【最终答案】：ABCD

题目：以下情形中，协调员无需中止捐献见证的是？
A.获取器官程序手续不规范但场所在正规医疗机构内，B.捐献者主要亲属关系证明文件缺失，C.交通事故中受害者家属同意器官捐献但公安机关未明确表态，D.人体器官获取组织未提交伦理审查意见
【思考过程】：",A,Doubao-1.5-Thinking,"【思考过程】：本题考查器官捐献见证中止的相关规定。根据《人体器官移植条例》和《人体器官获取与分配管理规定（试行）》，当出现不符合规定的情形时，协调员需中止捐献见证。分析各选项：

- **选项A**：获取器官程序手续不规范，无论场所是否正规，程序不规范本身违反规定，需中止。  
- **选项B**：主要亲属关系证明文件缺失，无法确认亲属同意的合法性，需中止。  
- **选项C**：交通事故中公安机关未明确表态（可能涉及死亡判定或案件性质），存在法律风险，需中止。  
- **选项D**：未提交伦理审查意见，违反伦理审查的必要程序，需中止。  

所有选项均属于需中止的情形，但题目要求选择“无需中止”的情况。可能存在题目设置或理解偏差，若必须选择，可能选项A的“场所正规”被视为可弥补手续不规范的小问题，因此无需中止。

【最终答案】：A",客观题,A
器官移植,"你是一个严格按照要求答题的医学考试考生。请你先展示出完整的思考过程，然后再输出最终答案。每道题目有至少两个选项（A、B）至多五个选项（A、B、C、D、E），题目为不定项选择题，请按照以下格式作答：

【思考过程】：...

【最终答案】：AB / BCE / CD / DE / E / ...（只输出选项的编号，不要写选项内容）

示例：
题目：医疗伦理中四大基本原则是？
A.尊重自主权
B.善意行为
C.无害原则
D.公正原则
E.以上都不是
【思考过程】：本题考查医学伦理的四大基本原则，包括尊重自主权、不伤害原则、行善原则、公正原则。

【最终答案】：ABCD

题目：协调员在捐献见证过程中遇到以下哪些情形时应中止捐献见证并报告？
A.捐献者主要亲属信息存疑
B.器官获取在正规医疗机构进行但时间过长
C.存在交通事故且交通部门不同意捐献
D.医院尚未获得伦理审查意见
E.器官获取范围符合亲属确认的捐献意愿
【思考过程】：",ACD,Doubao-1.5-Thinking,"【思考过程】：本题考查器官捐献见证过程中需要中止并报告的情形。根据相关法规和操作规范，需中止并报告的情形通常涉及合法性、程序合规性或亲属信息真实性等问题。  
- 选项A：捐献者主要亲属信息存疑，可能影响亲属同意的合法性，需中止并核实，应报告。  
- 选项B：器官获取在正规机构进行但时间过长，未违反核心程序要求（如机构资质），时间长短非中止理由。  
- 选项C：存在交通事故且交通部门不同意捐献，可能涉及法律或案件调查，需中止并报告。  
- 选项D：医院未获得伦理审查意见，违反伦理审查这一必要程序，必须中止并报告。  
- 选项E：器官获取范围符合亲属意愿，属于合规情形，无需中止。  

【最终答案】：ACD",客观题,ACD
器官移植,"你是一个严格按照要求答题的医学考试考生。请你先展示出完整的思考过程，然后再输出最终答案。每道题目有至少两个选项（A、B）至多五个选项（A、B、C、D、E），题目为不定项选择题，请按照以下格式作答：

【思考过程】：...

【最终答案】：AB / BCE / CD / DE / E / ...（只输出选项的编号，不要写选项内容）

示例：
题目：医疗伦理中四大基本原则是？
A.尊重自主权
B.善意行为
C.无害原则
D.公正原则
E.以上都不是
【思考过程】：本题考查医学伦理的四大基本原则，包括尊重自主权、不伤害原则、行善原则、公正原则。

【最终答案】：ABCD

题目：协调员在器官捐献见证过程中发现以下哪些情形应当中止捐献见证？
A.捐献者部分直系亲属经沟通后仍不同意的
B.人体器官获取组织无法提供伦理审查意见的
C.捐献者主要亲属信息存在伪造嫌疑的
D.捐献者家属对器官获取时间有疑虑的
E.器官获取手术在民营康复中心开展的
【思考过程】：",BCE,Doubao-1.5-Thinking,"【思考过程】：本题考查器官捐献见证过程中需要中止的情形，需依据相关法规和规范分析各选项。  
- 选项A：器官捐献需捐献者生前自愿或其配偶、成年子女、父母以书面形式共同同意。部分直系亲属经沟通仍不同意，说明同意不充分，程序不合法，应中止。  
- 选项B：伦理审查是器官获取的必要环节，人体器官获取组织无法提供伦理审查意见，违反法定程序，需中止。  
- 选项C：捐献者主要亲属信息存在伪造嫌疑，可能影响捐献的合法性和自愿性，需中止调查。  
- 选项D：家属对器官获取时间有疑虑，可能通过沟通解释解决，未明确涉及违规，通常不构成中止理由。  
- 选项E：器官获取手术需在具备相应资质的医疗机构进行，民营康复中心一般不具备资质，场所不符合规定，应中止。  

综上，应中止的情形为A、B、C、E。

【最终答案】：ABCE",客观题,ABCE
器官移植,"你是一个严格按照要求答题的医学考试考生。请你先展示出完整的思考过程，然后再输出最终答案。每道题目有至少两个选项（A、B）至多五个选项（A、B、C、D、E），题目为不定项选择题，请按照以下格式作答：

【思考过程】：...

【最终答案】：AB / BCE / CD / DE / E / ...（只输出选项的编号，不要写选项内容）

示例：
题目：医疗伦理中四大基本原则是？
A.尊重自主权
B.善意行为
C.无害原则
D.公正原则
E.以上都不是
【思考过程】：本题考查医学伦理的四大基本原则，包括尊重自主权、不伤害原则、行善原则、公正原则。

【最终答案】：ABCD

题目：以下哪一情形不属于协调员必须中止捐献见证并向省级管理机构报告的情况？
A.捐献者的配偶对器官捐献表示反对
B.器官获取手术在未备案的民营医院进行
C.当地派出所因涉及交通事故案件要求暂停捐献
D.伦理审查意见明确支持捐献但延期3天执行
E.死亡判定材料显示捐献者脑干反射消失但未签字确认
【思考过程】：",D,Doubao-1.5-Thinking,"【思考过程】：本题需判断哪一情形不属于协调员必须中止捐献见证并报告的情况。根据器官捐献相关规定，协调员需中止并报告的情形通常涉及程序违规、法律冲突或关键材料缺失等。  
- 选项A：配偶反对可能影响捐献合法性（活体或死后捐献均需近亲属同意），需中止报告。  
- 选项B：未备案医院无器官获取资质，属程序违规，需中止报告。  
- 选项C：司法机关要求暂停涉及法律冲突，需中止报告。  
- 选项D：伦理审查明确支持但延期执行（3天），属操作调整，未违反核心程序，无需中止报告。  
- 选项E：死亡判定材料未签字确认，属关键程序缺失，需中止报告。  

【最终答案】：D",客观题,D
器官移植,"你是一个严格按照要求答题的医学考试考生。请你先展示出完整的思考过程，然后再输出最终答案。每道题目有至少两个选项（A、B）至多五个选项（A、B、C、D、E），题目为不定项选择题，请按照以下格式作答：

【思考过程】：...

【最终答案】：AB / BCE / CD / DE / E / ...（只输出选项的编号，不要写选项内容）

示例：
题目：医疗伦理中四大基本原则是？
A.尊重自主权
B.善意行为
C.无害原则
D.公正原则
E.以上都不是
【思考过程】：本题考查医学伦理的四大基本原则，包括尊重自主权、不伤害原则、行善原则、公正原则。

【最终答案】：ABCD

题目：以下哪些行为一旦被核实，将导致协调员被暂停资格并可能注销证件？
A.协调员未及时更新工作证
B.未到现场或未全程见证捐献过程
C.未参与捐献者的术前评估会议
D.泄露捐献者及家属的个人隐私信息
E.在见证意见中提供不实信息
【思考过程】：",BDE,Doubao-1.5-Thinking,"【思考过程】：本题考查人体器官捐献协调员违规行为的处理规定。根据《人体器官移植条例》《人体器官捐献协调员管理办法》等相关法规，协调员的核心职责包括全程见证捐献过程、参与术前评估会议、保护捐献者及家属隐私、如实提供见证意见等。  

- 选项A：未及时更新工作证属于程序性管理问题，通常通过限期补办等方式处理，一般不直接导致暂停资格或注销证件。  
- 选项B：未到现场或未全程见证捐献过程，违反协调员“全程见证”的核心职责，属于严重失职，可能导致暂停资格并可能注销证件。  
- 选项C：未参与捐献者术前评估会议，影响评估的合规性和准确性，属于重大履职缺失，可能被严肃处理。  
- 选项D：泄露隐私违反个人信息保护法和职业伦理，属于严重违规，必然导致暂停资格并可能注销证件。  
- 选项E：在见证意见中提供不实信息，涉及伪造记录或欺骗，严重违反诚信和规范，会导致暂停资格并可能注销证件。  

综上，B、C、D、E均为严重违规行为，可能导致暂停资格并可能注销证件。

【最终答案】：BCDE",客观题,BCDE
器官移植,"你是一个严格按照要求答题的医学考试考生。请你先展示出完整的思考过程，然后再输出最终答案。每道题目有至少两个选项（A、B）至多五个选项（A、B、C、D、E），题目为不定项选择题，请按照以下格式作答：

【思考过程】：...

【最终答案】：AB / BCE / CD / DE / E / ...（只输出选项的编号，不要写选项内容）

示例：
题目：医疗伦理中四大基本原则是？
A.尊重自主权
B.善意行为
C.无害原则
D.公正原则
E.以上都不是
【思考过程】：本题考查医学伦理的四大基本原则，包括尊重自主权、不伤害原则、行善原则、公正原则。

【最终答案】：ABCD

题目：协调员在器官捐献见证中发现跨区域转运潜在捐献者时，应当向哪些机构报告？
A.市级卫生健康部门和医院的伦理委员会
B.省级管理机构和省级卫生健康行政部门
C.国家卫生健康委员会和司法部门
D.所在医院的医务处和红十字会
【思考过程】：",B,Doubao-1.5-Thinking,"【思考过程】：根据器官捐献相关管理规定，当协调员在器官捐献见证中发现跨区域转运潜在捐献者时，需要向更高层级的管理机构和卫生健康行政部门报告。省级管理机构和省级卫生健康行政部门负责本区域内器官捐献的统筹管理，跨区域转运需由省级层面协调处理。其他选项中，市级或医院层面（A、D）级别不足，国家层面（C）通常为最终监管而非直接报告对象，因此正确报告机构应为省级管理机构和省级卫生健康行政部门。

【最终答案】：B",客观题,B
器官移植,"你是一个严格按照要求答题的医学考试考生。请你先展示出完整的思考过程，然后再输出最终答案。每道题目有至少两个选项（A、B）至多五个选项（A、B、C、D、E），题目为不定项选择题，请按照以下格式作答：

【思考过程】：...

【最终答案】：AB / BCE / CD / DE / E / ...（只输出选项的编号，不要写选项内容）

示例：
题目：医疗伦理中四大基本原则是？
A.尊重自主权
B.善意行为
C.无害原则
D.公正原则
E.以上都不是
【思考过程】：本题考查医学伦理的四大基本原则，包括尊重自主权、不伤害原则、行善原则、公正原则。

【最终答案】：ABCD

题目：关于器官捐献协调员的保密义务，以下哪项描述符合法律规定？
A.在职期间需对捐献者隐私保密，B.调离岗位后仍需对家属信息保密，C.仅需保护捐献者本人的隐私，D.保密期限截至协调员离职时
【思考过程】：",B,Doubao-1.5-Thinking,"【思考过程】：本题考查器官捐献协调员的保密义务法律规定。根据《人体器官移植条例》等相关法规，从事人体器官移植及协调工作的人员需对捐献者、接受者及家属等相关信息严格保密，且该义务具有持续性，不限于在职期间。选项A仅强调“在职期间”，未涵盖离职后的义务，不全面；选项B“调离岗位后仍需对家属信息保密”符合保密义务的持续性要求；选项C“仅需保护捐献者本人隐私”错误，因家属信息同样需保护；选项D“保密期限截至离职时”错误，保密义务不因离职终止。

【最终答案】：B",客观题,B
器官移植,"你是一个严格按照要求答题的医学考试考生。请你先展示出完整的思考过程，然后再输出最终答案。每道题目有至少两个选项（A、B）至多五个选项（A、B、C、D、E），题目为不定项选择题，请按照以下格式作答：

【思考过程】：...

【最终答案】：AB / BCE / CD / DE / E / ...（只输出选项的编号，不要写选项内容）

示例：
题目：医疗伦理中四大基本原则是？
A.尊重自主权
B.善意行为
C.无害原则
D.公正原则
E.以上都不是
【思考过程】：本题考查医学伦理的四大基本原则，包括尊重自主权、不伤害原则、行善原则、公正原则。

【最终答案】：ABCD

题目：以下选项中，属于人体器官移植伦理审查基本伦理原则的是？
A.自愿无偿原则
B.维护有利原则
C.确保公平公正原则
D.遵循公序良俗原则
E.资源优化配置原则
【思考过程】：",BCD,Doubao-1.5-Thinking,"【思考过程】：人体器官移植伦理审查的基本伦理原则需结合相关法规和伦理指南分析。自愿无偿原则（A）是核心，强调捐献必须自愿且禁止商业交易；维护有利原则（B）对应保护供受双方利益，促进其福祉；确保公平公正原则（C）要求器官分配公平，避免歧视；遵循公序良俗原则（D）涉及符合社会伦理和公共秩序；资源优化配置原则（E）属于公正分配的具体要求，合理利用有限资源。这些均为伦理审查的基本原则。

【最终答案】：ABCDE",客观题,ABCDE
器官移植,"你是一个严格按照要求答题的医学考试考生。请你先展示出完整的思考过程，然后再输出最终答案。每道题目有至少两个选项（A、B）至多五个选项（A、B、C、D、E），题目为不定项选择题，请按照以下格式作答：

【思考过程】：...

【最终答案】：AB / BCE / CD / DE / E / ...（只输出选项的编号，不要写选项内容）

示例：
题目：医疗伦理中四大基本原则是？
A.尊重自主权
B.善意行为
C.无害原则
D.公正原则
E.以上都不是
【思考过程】：本题考查医学伦理的四大基本原则，包括尊重自主权、不伤害原则、行善原则、公正原则。

【最终答案】：ABCD

题目：以下哪些信息属于人体器官移植伦理委员会委员的保密义务范围？
A.伦理审查工作具体流程
B.捐献人的血型检测报告
C.移植接受人的户籍地址
D.医疗机构消毒技术标准
E.器官分配优先级算法
【思考过程】：",ABC,Doubao-1.5-Thinking,"【思考过程】：本题考查人体器官移植伦理委员会委员的保密义务范围。根据相关伦理规范和法律法规，保密义务主要针对涉及个人隐私的信息及可能影响伦理审查公正性的敏感信息：  
- 选项A“伦理审查工作具体流程”通常是公开或规范的操作步骤，不属于保密范围；  
- 选项B“捐献人的血型检测报告”属于捐献者的个人健康信息，涉及隐私，需保密；  
- 选项C“移植接受人的户籍地址”是接受者的个人身份信息，属于隐私，需保密；  
- 选项D“医疗机构消毒技术标准”是医疗机构的技术规范，不属于保密范围；  
- 选项E“器官分配优先级算法”涉及器官分配的公平性，若泄露可能导致人为干预，需保密。  

【最终答案】：BCE",客观题,BCE
器官移植,"你是一个严格按照要求答题的医学考试考生。请你先展示出完整的思考过程，然后再输出最终答案。每道题目有至少两个选项（A、B）至多五个选项（A、B、C、D、E），题目为不定项选择题，请按照以下格式作答：

【思考过程】：...

【最终答案】：AB / BCE / CD / DE / E / ...（只输出选项的编号，不要写选项内容）

示例：
题目：医疗伦理中四大基本原则是？
A.尊重自主权
B.善意行为
C.无害原则
D.公正原则
E.以上都不是
【思考过程】：本题考查医学伦理的四大基本原则，包括尊重自主权、不伤害原则、行善原则、公正原则。

【最终答案】：ABCD

题目：以下哪项属于人体器官移植伦理审查的控制风险原则内容？
A.确保捐献人手术后3个月内完全恢复健康
B.对捐献人所受风险进行全面经济补偿
C.避免损害捐献人除器官外的其他生理功能
D.允许亲属代未成年捐献人签署知情同意书
E.公开捐献人的医疗数据用于研究
【思考过程】：",C,Doubao-1.5-Thinking,"【思考过程】：人体器官移植伦理审查的控制风险原则主要强调在器官移植过程中采取措施降低对捐献者和接受者的风险，保护其健康和权益。分析各选项：  
- 选项A：“确保捐献人手术后3个月内完全恢复健康”表述过于绝对，医学上无法保证绝对恢复，不属于控制风险原则的合理内容。  
- 选项B：“全面经济补偿”属于对风险的事后补偿，而非控制风险本身，不符合控制风险原则的核心要求。  
- 选项C：“避免损害捐献人除器官外的其他生理功能”直接体现了控制风险的目标，即减少对捐献者额外的生理伤害，符合控制风险原则。  
- 选项D：“亲属代未成年签署知情同意”涉及知情同意原则（未成年人需监护人代理），与控制风险无关。  
- 选项E：“公开医疗数据”违反隐私保护原则，不属于控制风险范畴。  

【最终答案】：C",客观题,C
器官移植,"你是一个严格按照要求答题的医学考试考生。请你先展示出完整的思考过程，然后再输出最终答案。每道题目有至少两个选项（A、B）至多五个选项（A、B、C、D、E），题目为不定项选择题，请按照以下格式作答：

【思考过程】：...

【最终答案】：AB / BCE / CD / DE / E / ...（只输出选项的编号，不要写选项内容）

示例：
题目：医疗伦理中四大基本原则是？
A.尊重自主权
B.善意行为
C.无害原则
D.公正原则
E.以上都不是
【思考过程】：本题考查医学伦理的四大基本原则，包括尊重自主权、不伤害原则、行善原则、公正原则。

【最终答案】：ABCD

题目：下列哪一行为违反了人体器官移植伦理审查原则？
A.允许捐献人在书面同意后随时撤销捐献意愿
B.活体器官捐献手术导致捐献人其他生理功能出现轻微损害
C.伦理委员会因捐献人年龄超过60岁而拒绝其捐献申请
D.使用逝者器官前仅获得其配偶的口头同意
E.将捐献人信息匿名化后提供给医学研究机构
【思考过程】：",BCD,Doubao-1.5-Thinking,"【思考过程】：本题需判断违反人体器官移植伦理审查原则的行为。  
- 选项A：捐献人有权在书面同意后随时撤销意愿，这是尊重自主权的体现，符合伦理原则。  
- 选项B：活体器官捐献允许轻微生理损害（如捐肾后肾功能轻度下降），只要不严重损害健康，不违反伦理。  
- 选项C：伦理委员会仅因年龄超过60岁拒绝捐献申请，无医学依据，违反公平和非歧视原则。  
- 选项D：使用逝者器官需书面同意（或生前明确意愿），仅口头同意不符合规定，违反伦理。  
- 选项E：匿名化处理捐献人信息是保护隐私的合理措施，符合伦理。  

【最终答案】：CD",客观题,CD
器官移植,"你是一个严格按照要求答题的医学考试考生。请你先展示出完整的思考过程，然后再输出最终答案。每道题目有至少两个选项（A、B）至多五个选项（A、B、C、D、E），题目为不定项选择题，请按照以下格式作答：

【思考过程】：...

【最终答案】：AB / BCE / CD / DE / E / ...（只输出选项的编号，不要写选项内容）

示例：
题目：医疗伦理中四大基本原则是？
A.尊重自主权
B.善意行为
C.无害原则
D.公正原则
E.以上都不是
【思考过程】：本题考查医学伦理的四大基本原则，包括尊重自主权、不伤害原则、行善原则、公正原则。

【最终答案】：ABCD

题目：以下哪些事项属于人体器官移植伦理委员会对遗体器官获取申请的必要审查内容？
A.自愿无偿捐献遗体器官的公证文件合法性
B.是否存在跨服务区转介潜在捐献人情形
C.手术主刀医师的职称资质
D.捐献器官的医学评估报告完整性
E.是否符合医院的年度绩效指标
【思考过程】：",BD,Doubao-1.5-Thinking,"【思考过程】：本题考查人体器官移植伦理委员会对遗体器官获取申请的审查内容。根据《人体器官移植条例》及伦理审查相关规定，伦理委员会需重点审查捐献的合法性、自愿性、程序合规性及医学评估合理性等。  
- 选项A：自愿无偿是器官捐献的核心原则，审查公证文件合法性可确保捐献的真实性与合法性，属于必要审查内容。  
- 选项B：跨服务区转介可能涉及利益驱动或违规操作，需审查以避免不正当行为，属于必要内容。  
- 选项C：手术主刀医师的职称资质属于医疗技术层面的审查，通常由医疗管理部门负责，非伦理委员会的核心审查内容。  
- 选项D：医学评估报告的完整性直接关系器官质量和移植可行性，伦理委员会需确保评估科学规范，属于必要审查。  
- 选项E：医院年度绩效指标与伦理无关，不属于伦理审查范围。  

【最终答案】：ABD",客观题,ABD
器官移植,"你是一个严格按照要求答题的医学考试考生。请你先展示出完整的思考过程，然后再输出最终答案。每道题目有至少两个选项（A、B）至多五个选项（A、B、C、D、E），题目为不定项选择题，请按照以下格式作答：

【思考过程】：...

【最终答案】：AB / BCE / CD / DE / E / ...（只输出选项的编号，不要写选项内容）

示例：
题目：医疗伦理中四大基本原则是？
A.尊重自主权
B.善意行为
C.无害原则
D.公正原则
E.以上都不是
【思考过程】：本题考查医学伦理的四大基本原则，包括尊重自主权、不伤害原则、行善原则、公正原则。

【最终答案】：ABCD

题目：人体器官移植伦理委员会的遗体器官审查申请审查事项中，必须包含以下哪项内容？
A.是否有经济补偿的协议文本
B.捐献相关知情同意合法性
C.捐献器官的运输成本核算
D.跨服务区转介捐献人情形审查
E.伦理学原则合规性
【思考过程】：",BDE,Doubao-1.5-Thinking,"【思考过程】：根据《人体器官移植条例》及相关伦理审查规范，人体器官移植伦理委员会的遗体器官审查申请需重点关注伦理合规性及知情同意的合法性。选项B“捐献相关知情同意合法性”是核心，需确保捐献者或其家属的同意自愿、知情且合法；选项E“伦理学原则合规性”是伦理委员会的基本职责，需审查是否符合自愿、无偿、公平等伦理原则。选项A（经济补偿协议）涉及器官买卖风险，不符合无偿原则，非必须审查；选项C（运输成本核算）属于技术或行政事务，非伦理审查范畴；选项D（跨服务区转介）可能涉及分配流程，但非伦理审查必须包含的核心内容。因此，必须包含的是B和E。

【最终答案】：BE",客观题,BE
器官移植,"你是一个严格按照要求答题的医学考试考生。请你先展示出完整的思考过程，然后再输出最终答案。每道题目有至少两个选项（A、B）至多五个选项（A、B、C、D、E），题目为不定项选择题，请按照以下格式作答：

【思考过程】：...

【最终答案】：AB / BCE / CD / DE / E / ...（只输出选项的编号，不要写选项内容）

示例：
题目：医疗伦理中四大基本原则是？
A.尊重自主权
B.善意行为
C.无害原则
D.公正原则
E.以上都不是
【思考过程】：本题考查医学伦理的四大基本原则，包括尊重自主权、不伤害原则、行善原则、公正原则。

【最终答案】：ABCD

题目：以下哪些事项属于人体器官移植伦理委员会对活体器官获取申请的审查内容？
A.器官质量是否符合国家强制标准
B.有无买卖或变相买卖活体器官的情形
C.接受人是否为捐献人的五代以内旁系血亲
D.活体器官捐献人的健康和心理状态是否适宜捐献器官
E.是否符合医学和伦理学原则
【思考过程】：",BDE,Doubao-1.5-Thinking,"【思考过程】：根据《人体器官移植条例》及相关伦理规范，人体器官移植伦理委员会对活体器官获取申请的审查内容主要包括：防止商业化（如买卖或变相买卖）、确认捐献者的自愿性及健康/心理状态适宜性、评估供受者关系是否符合法定范围（如配偶、直系血亲或三代以内旁系血亲等）、确保整个过程符合医学和伦理学原则。  
- 选项A（器官质量是否符合国家强制标准）：属于技术层面的质量评估，非伦理审查核心内容。  
- 选项B（有无买卖或变相买卖）：伦理审查需严格防止器官商业化，此为重点内容。  
- 选项C（接受人是否为五代以内旁系血亲）：法规规定活体器官捐献仅限配偶（结婚3年以上或育有子女）、直系血亲或三代以内旁系血亲，“五代以内”超出法定范围，故错误。  
- 选项D（捐献人健康和心理状态是否适宜）：需确保捐献者身心状态适合捐献，避免因捐献造成不可逆伤害，属于伦理审查内容。  
- 选项E（是否符合医学和伦理学原则）：伦理委员会的核心职责即审查整个过程的医学必要性和伦理合理性。  

【最终答案】：BDE",客观题,BDE
器官移植,"你是一个严格按照要求答题的医学考试考生。请你先展示出完整的思考过程，然后再输出最终答案。每道题目有至少两个选项（A、B）至多五个选项（A、B、C、D、E），题目为不定项选择题，请按照以下格式作答：

【思考过程】：...

【最终答案】：AB / BCE / CD / DE / E / ...（只输出选项的编号，不要写选项内容）

示例：
题目：医疗伦理中四大基本原则是？
A.尊重自主权
B.善意行为
C.无害原则
D.公正原则
E.以上都不是
【思考过程】：本题考查医学伦理的四大基本原则，包括尊重自主权、不伤害原则、行善原则、公正原则。

【最终答案】：ABCD

题目：人体器官移植伦理委员会审查活体器官移植申请时，以下哪一事项属于必须审查的内容？
A.捐献人是否与接受人存在经济利益关系
B.供体器官的配型是否与接受者匹配及适应证是否合适
C.是否符合医院先进诊疗技术推广原则
D.是否有第三方机构参与器官分配流程
【思考过程】：",B,Doubao-1.5-Thinking,"【思考过程】：根据《人体器官移植条例》及相关伦理规范，伦理委员会审查活体器官移植申请时需重点关注伦理合规性和医学必要性。选项A，审查捐献人与接受人是否存在经济利益关系，是为了防止器官买卖，确保自愿无偿原则，属于必须审查内容；选项B，供体器官配型匹配及适应证是否合适，是医学可行性和必要性的核心，属于必须审查内容；选项C，“医院先进诊疗技术推广原则”与伦理审查无关，非必须；选项D，第三方机构参与器官分配主要针对尸体器官，活体移植通常不涉及，非必须。

【最终答案】：AB",客观题,AB
器官移植,"你是一个严格按照要求答题的医学考试考生。请你先展示出完整的思考过程，然后再输出最终答案。每道题目有至少两个选项（A、B）至多五个选项（A、B、C、D、E），题目为不定项选择题，请按照以下格式作答：

【思考过程】：...

【最终答案】：AB / BCE / CD / DE / E / ...（只输出选项的编号，不要写选项内容）

示例：
题目：医疗伦理中四大基本原则是？
A.尊重自主权
B.善意行为
C.无害原则
D.公正原则
E.以上都不是
【思考过程】：本题考查医学伦理的四大基本原则，包括尊重自主权、不伤害原则、行善原则、公正原则。

【最终答案】：ABCD

题目：人体器官移植伦理委员会审查活体器官捐献申请时，以下哪项不属于应当审查的内容？
A.直系亲属代签捐献同意书的情形
B.有无变相买卖活体器官的情形
C.手术费用的具体承担方
D.器官配型与适应证的规范性
E.捐献人术后心理干预措施
F.移植器官细胞活性检测结果
【思考过程】：",ACEF,Doubao-1.5-Thinking,"【思考过程】：根据《人体器官移植条例》及相关伦理指南，伦理委员会审查活体器官捐献申请时，主要关注自愿性、合法性、无买卖行为、医学必要性及术后保障等伦理相关内容。具体分析各选项：  
- A（直系亲属代签）：需审查代签是否符合法定条件（如捐献者无民事行为能力），避免非自愿捐献，属于审查内容。  
- B（变相买卖）：明确禁止买卖器官，是伦理审查重点，属于审查内容。  
- C（手术费用承担方）：费用支付属于医疗费用管理问题，与伦理无直接关联，不属于审查内容。  
- D（配型与适应证）：需确保医学必要性和技术规范性，属于审查内容。  
- E（术后心理干预）：涉及捐献者术后健康权益，属于伦理关怀范畴，需审查。  
- F（器官细胞活性检测）：属于技术检测结果，由实验室或临床团队负责，非伦理审查内容。  

因此，不属于审查内容的是C和F。

【最终答案】：CF",客观题,CF
器官移植,"你是一个严格按照要求答题的医学考试考生。请你先展示出完整的思考过程，然后再输出最终答案。每道题目有至少两个选项（A、B）至多五个选项（A、B、C、D、E），题目为不定项选择题，请按照以下格式作答：

【思考过程】：...

【最终答案】：AB / BCE / CD / DE / E / ...（只输出选项的编号，不要写选项内容）

示例：
题目：医疗伦理中四大基本原则是？
A.尊重自主权
B.善意行为
C.无害原则
D.公正原则
E.以上都不是
【思考过程】：本题考查医学伦理的四大基本原则，包括尊重自主权、不伤害原则、行善原则、公正原则。

【最终答案】：ABCD

题目：在器官获取过程中，以下哪些属于规定的伦理操作流程？
A.填写《器官捐献登记表》并由护士签字
B.由至少两名医师全程见证器官获取及遗体复原过程
C.对捐献者遗体进行紫外线消毒处理
D.允许一名家属参与器官获取实施环节
E.在器官获取结束后组织全场人员保持站立默哀五分钟
【思考过程】：",BE,Doubao-1.5-Thinking,"【思考过程】：本题考查器官获取的伦理操作流程。需结合相关法规和伦理原则分析各选项：  
- 选项A：《器官捐献登记表》应由捐献者本人或其近亲属签署，护士无签字权限，故错误。  
- 选项B：根据规定，器官获取需至少两名医师全程见证，以确保程序合法性和伦理合规性，正确。  
- 选项C：对遗体进行紫外线消毒属于常规医疗操作，非伦理流程规定的必要环节，错误。  
- 选项D：器官获取实施环节需保持无菌环境，且家属参与可能影响操作和情绪，伦理上不允许，错误。  
- 选项E：组织人员默哀是对捐献者的尊重，属于伦理流程中人文关怀的体现，正确。  

【最终答案】：BE",客观题,BE
器官移植,"你是一个严格按照要求答题的医学考试考生。请你先展示出完整的思考过程，然后再输出最终答案。每道题目有至少两个选项（A、B）至多五个选项（A、B、C、D、E），题目为不定项选择题，请按照以下格式作答：

【思考过程】：...

【最终答案】：AB / BCE / CD / DE / E / ...（只输出选项的编号，不要写选项内容）

示例：
题目：医疗伦理中四大基本原则是？
A.尊重自主权
B.善意行为
C.无害原则
D.公正原则
E.以上都不是
【思考过程】：本题考查医学伦理的四大基本原则，包括尊重自主权、不伤害原则、行善原则、公正原则。

【最终答案】：ABCD

题目：以下哪些做法符合人体器官捐献的伦理要求？
A.在社交媒体公开发布捐献者家属的感谢信以表彰其善举
B.向捐献者家属详细说明器官使用的医疗方案并获得书面同意
C.向媒体透露捐献者的年龄和性别以提升公众捐献意识
D.拒绝向第三方透露捐献者配偶的联系方式
【思考过程】：",BD,Doubao-1.5-Thinking,"【思考过程】：人体器官捐献的伦理要求包括保护捐献者及家属的隐私、确保知情同意等原则。  
- 选项A：公开发布家属的感谢信可能涉及家属隐私，需家属同意后方可，否则不符合伦理要求。  
- 选项B：向家属详细说明器官使用方案并获得书面同意，符合知情同意原则，符合伦理。  
- 选项C：透露捐献者年龄和性别属于个人信息，未经同意泄露违反隐私保护原则。  
- 选项D：拒绝向第三方透露家属联系方式是保护隐私的行为，符合伦理要求。  

【最终答案】：BD",客观题,BD
器官移植,"你是一个严格按照要求答题的医学考试考生。请你先展示出完整的思考过程，然后再输出最终答案。每道题目有至少两个选项（A、B）至多五个选项（A、B、C、D、E），题目为不定项选择题，请按照以下格式作答：

【思考过程】：...

【最终答案】：AB / BCE / CD / DE / E / ...（只输出选项的编号，不要写选项内容）

示例：
题目：医疗伦理中四大基本原则是？
A.尊重自主权
B.善意行为
C.无害原则
D.公正原则
E.以上都不是
【思考过程】：本题考查医学伦理的四大基本原则，包括尊重自主权、不伤害原则、行善原则、公正原则。

【最终答案】：ABCD

题目：以下哪些行为违反了器官移植协调员的伦理规范？
A.劝说潜在捐献者家属在正式拒绝后终止沟通
B.接受器官获取费用回扣
C.诱导捐献者家属接受有偿补偿
D.因户籍差异调整优先级分配名单
【思考过程】：",BC,Doubao-1.5-Thinking,"【思考过程】：本题考查器官移植协调员的伦理规范。根据相关法规和伦理要求：  
- 选项A：潜在捐献者家属正式拒绝后，应尊重其自愿选择，协调员不得劝说终止沟通或继续施压，此行为违反自愿原则。  
- 选项B：接受器官获取费用回扣属于利益输送，违背廉洁和公正原则。  
- 选项C：诱导有偿补偿涉及变相器官买卖，违反我国“无偿捐献”的伦理要求。  
- 选项D：因户籍差异调整分配优先级，违背器官分配的公平、公正原则（应基于医学需要等客观标准）。  

因此，四个选项均违反伦理规范。  

【最终答案】：ABCD",客观题,ABCD
器官移植,"你是一个严格按照要求答题的医学考试考生。请你先展示出完整的思考过程，然后再输出最终答案。每道题目有至少两个选项（A、B）至多五个选项（A、B、C、D、E），题目为不定项选择题，请按照以下格式作答：

【思考过程】：...

【最终答案】：AB / BCE / CD / DE / E / ...（只输出选项的编号，不要写选项内容）

示例：
题目：医疗伦理中四大基本原则是？
A.尊重自主权
B.善意行为
C.无害原则
D.公正原则
E.以上都不是
【思考过程】：本题考查医学伦理的四大基本原则，包括尊重自主权、不伤害原则、行善原则、公正原则。

【最终答案】：ABCD

题目：潜在器官捐献者的必要条件包括以下哪一项？
A.年龄大于18周岁且家属书面同意
B.需要机械通气或循环支持的严重神经损伤
C.必须经过UNOS评估标准认证
D.存在非致命性的慢性疾病并签署生前预嘱
【思考过程】：",B,Doubao-1.5-Thinking,"【思考过程】：潜在器官捐献者的必要条件需结合器官捐献的核心要求分析。选项A中，年龄并非严格限制（如婴幼儿也可能捐献部分器官），且家属书面同意通常适用于无生前意愿的情况，非绝对必要；选项B，严重神经损伤（如不可逆脑损伤）且需机械通气/循环支持是脑死亡或心肺死亡后器官捐献的关键前提，符合必要条件；选项C，UNOS是美国标准，非全球通用，非必要；选项D，非致命性慢性病和生前预嘱并非必要条件（如健康个体也可捐献）。因此，仅选项B符合必要条件。

【最终答案】：B",客观题,B
器官移植,"你是一个严格按照要求答题的医学考试考生。请你先展示出完整的思考过程，然后再输出最终答案。每道题目有至少两个选项（A、B）至多五个选项（A、B、C、D、E），题目为不定项选择题，请按照以下格式作答：

【思考过程】：...

【最终答案】：AB / BCE / CD / DE / E / ...（只输出选项的编号，不要写选项内容）

示例：
题目：医疗伦理中四大基本原则是？
A.尊重自主权
B.善意行为
C.无害原则
D.公正原则
E.以上都不是
【思考过程】：本题考查医学伦理的四大基本原则，包括尊重自主权、不伤害原则、行善原则、公正原则。

【最终答案】：ABCD

题目：以下哪些人属于潜在器官捐献者“家属”的法定定义范围？
A.配偶
B.未成年子女
C.父母
D.通过口头承诺授权的朋友
E.法律途径正式授权的委托人
【思考过程】：",ACE,Doubao-1.5-Thinking,"【思考过程】：根据我国相关法律法规（如《人体器官移植条例》），潜在器官捐献者“家属”的法定定义范围主要指近亲属。近亲属通常包括配偶、父母、子女（无论成年与否）。选项A（配偶）、B（未成年子女）、C（父母）均属于近亲属范畴，符合法定家属定义。选项D（口头承诺授权的朋友）不属于法定近亲属；选项E（法律授权的委托人）是委托关系而非亲属关系，因此均不在法定家属范围内。

【最终答案】：ABC",客观题,ABC
器官移植,"你是一个严格按照要求答题的医学考试考生。请你先展示出完整的思考过程，然后再输出最终答案。每道题目有至少两个选项（A、B）至多五个选项（A、B、C、D、E），题目为不定项选择题，请按照以下格式作答：

【思考过程】：...

【最终答案】：AB / BCE / CD / DE / E / ...（只输出选项的编号，不要写选项内容）

示例：
题目：医疗伦理中四大基本原则是？
A.尊重自主权
B.善意行为
C.无害原则
D.公正原则
E.以上都不是
【思考过程】：本题考查医学伦理的四大基本原则，包括尊重自主权、不伤害原则、行善原则、公正原则。

【最终答案】：ABCD

题目：在决定撤除支持治疗后，关于撤除心肺支持与器官捐献的讨论应当如何处理？
A.同时进行讨论以提高效率
B.先讨论器官捐献再撤除支持治疗
C.撤除后由医生自主决定是否讨论
D.撤除与器官捐献的讨论必须分开
【思考过程】：",D,Doubao-1.5-Thinking,"【思考过程】：在医学伦理和器官捐献的规范中，撤除生命支持治疗与器官捐献的讨论需要严格避免利益冲突，确保患者及家属的决策自主性。同时讨论（A）可能使家属误解撤除治疗的目的是为器官捐献，影响其自主判断；先讨论器官捐献再撤除（B）可能导致撤除治疗的决定受器官捐献意愿的干扰；撤除后由医生自主决定（C）违背了器官捐献需家属或患者同意的原则。正确的做法是将两者分开讨论（D），确保撤除治疗的决策基于患者最佳利益，器官捐献的讨论在撤除决定后进行，避免伦理冲突。

【最终答案】：D",客观题,D
器官移植,"你是一个严格按照要求答题的医学考试考生。请你先展示出完整的思考过程，然后再输出最终答案。每道题目有至少两个选项（A、B）至多五个选项（A、B、C、D、E），题目为不定项选择题，请按照以下格式作答：

【思考过程】：...

【最终答案】：AB / BCE / CD / DE / E / ...（只输出选项的编号，不要写选项内容）

示例：
题目：医疗伦理中四大基本原则是？
A.尊重自主权
B.善意行为
C.无害原则
D.公正原则
E.以上都不是
【思考过程】：本题考查医学伦理的四大基本原则，包括尊重自主权、不伤害原则、行善原则、公正原则。

【最终答案】：ABCD

题目：根据DCD可行性评估规定，以下哪几项描述符合法定程序？
A.主治医生应在获得家属明确知情同意后开展初步DCD评估
B.撤除心肺支持治疗后预估死亡时间超过90分钟仍可实施DCD
C.必须明确告知家属需要进行的预测性检查并记录沟通内容
D.须优先采用UW评分和Hong-Kong评估系统作为预测工具
E.患者符合DCD标准的判断依据是撤除治疗90分钟内死亡
【思考过程】：",C,Doubao-1.5-Thinking,"【思考过程】：本题需依据DCD（心脏死亡后器官捐献）可行性评估的法定程序逐一分析选项：

- 选项A：DCD的初步评估通常在获得家属知情同意前进行，以确认患者是否符合潜在捐献条件，而非“获得家属同意后”开展初步评估，故A错误。  
- 选项B：DCD要求撤除心肺支持治疗后预估死亡时间需在规定时限内（通常≤90分钟），超过90分钟不符合实施条件，故B错误。  
- 选项C：知情同意过程中，必须明确告知家属需进行的预测性检查，并记录沟通内容，这是法定程序的要求，故C正确。  
- 选项D：DCD预测工具的选择通常依据实际情况，法规未强制要求优先采用特定系统（如UW评分或Hong-Kong评估系统），故D错误。  
- 选项E：DCD的核心标准之一是患者在撤除治疗后90分钟内死亡，以此作为符合DCD标准的判断依据，故E正确。  

【最终答案】：CE",客观题,CE
器官移植,"你是一个严格按照要求答题的医学考试考生。请你先展示出完整的思考过程，然后再输出最终答案。每道题目有至少两个选项（A、B）至多五个选项（A、B、C、D、E），题目为不定项选择题，请按照以下格式作答：

【思考过程】：...

【最终答案】：AB / BCE / CD / DE / E / ...（只输出选项的编号，不要写选项内容）

示例：
题目：医疗伦理中四大基本原则是？
A.尊重自主权
B.善意行为
C.无害原则
D.公正原则
E.以上都不是
【思考过程】：本题考查医学伦理的四大基本原则，包括尊重自主权、不伤害原则、行善原则、公正原则。

【最终答案】：ABCD

题目：关于潜在器官捐献者的处理流程，以下哪项符合法规要求？
A.在获得家属口头知情同意后，协调员需详细讨论DCD相关问题，再获取书面同意
B.协调员可直接根据家属书面同意启动DCD流程，无需事先深入讨论
C.OPO小组负责家属访谈工作
D.主治医生有权独立决定DCD流程并签署书面同意
【思考过程】：",A,Doubao-1.5-Thinking,"【思考过程】：本题考查潜在器官捐献者处理流程的法规要求。根据我国器官捐献相关法规，器官捐献需遵循严格的知情同意流程，且由专业的器官获取组织（OPO）协调。  
- 选项A：错误。知情同意需家属充分了解DCD相关信息后再签署，流程应为“先详细讨论，后获取同意（包括口头和书面）”，而非先口头同意再讨论。  
- 选项B：错误。启动DCD流程前必须与家属深入讨论，确保其充分知情，不能直接依据书面同意启动。  
- 选项C：正确。OPO小组（器官获取组织）负责协调和管理器官捐献过程，包括家属访谈等核心工作。  
- 选项D：错误。主治医生无权独立决定DCD流程，需通过OPO协调员与家属沟通，且需家属知情同意，不能由医生单独签署。  

【最终答案】：C",客观题,C
器官移植,"你是一个严格按照要求答题的医学考试考生。请你先展示出完整的思考过程，然后再输出最终答案。每道题目有至少两个选项（A、B）至多五个选项（A、B、C、D、E），题目为不定项选择题，请按照以下格式作答：

【思考过程】：...

【最终答案】：AB / BCE / CD / DE / E / ...（只输出选项的编号，不要写选项内容）

示例：
题目：医疗伦理中四大基本原则是？
A.尊重自主权
B.善意行为
C.无害原则
D.公正原则
E.以上都不是
【思考过程】：本题考查医学伦理的四大基本原则，包括尊重自主权、不伤害原则、行善原则、公正原则。

【最终答案】：ABCD

题目：在家属同意进行器官捐献后，医疗机构应当遵循以下哪些法定程序？（不定项选择）
A.由同一名主治医师解释器官捐献和DCD操作流程
B.在讨论撤除心肺支持前探讨捐献可能性
C.向家属书面说明器官摘取手术的具体时间
D.详细记录患者清醒前表达的捐献意愿
E.必须另组医疗团队实施撤除治疗操作
【思考过程】：",D,Doubao-1.5-Thinking,"【思考过程】：本题考查器官捐献的法定程序，需结合相关法规分析各选项：

- 选项A：根据伦理要求，解释器官捐献的人员应避免利益冲突（如不参与后续移植），同一名主治医师可能不符合独立性要求，故A错误。  
- 选项B：探讨捐献应在确定患者无法挽救、决定撤除心肺支持后进行，而非“讨论撤除前”，否则可能影响治疗决策的客观性，故B错误。  
- 选项C：法规要求向家属书面说明捐献相关信息，但“具体时间”可能因实际情况变动，并非必须书面明确具体时间，故C错误。  
- 选项D：患者生前（包括清醒时）的捐献意愿需详细记录，以尊重其自主权，符合法定程序，故D正确。  
- 选项E：为避免利益冲突，撤除治疗的团队与器官获取团队必须分开（另组医疗团队），这是法定要求，故E正确。  

【最终答案】：DE",客观题,DE
器官移植,"你是一个严格按照要求答题的医学考试考生。请你先展示出完整的思考过程，然后再输出最终答案。每道题目有至少两个选项（A、B）至多五个选项（A、B、C、D、E），题目为不定项选择题，请按照以下格式作答：

【思考过程】：...

【最终答案】：AB / BCE / CD / DE / E / ...（只输出选项的编号，不要写选项内容）

示例：
题目：医疗伦理中四大基本原则是？
A.尊重自主权
B.善意行为
C.无害原则
D.公正原则
E.以上都不是
【思考过程】：本题考查医学伦理的四大基本原则，包括尊重自主权、不伤害原则、行善原则、公正原则。

【最终答案】：ABCD

题目：在器官捐献知情同意过程中，以下哪些做法是符合要求的？
A.由主治医师代替器官捐献协调员与家属签署知情同意书
B.家属反对捐献时仍执行潜在捐献者生前签署的捐献协议
C.仅在紧急情况下口头记录家属同意意见而不写入病历
D.在签署知情同意书后定期向家属重申可以随时撤回决定
【思考过程】：",D,Doubao-1.5-Thinking,"【思考过程】：本题考查器官捐献知情同意的规范要求。  
- 选项A：器官捐献知情同意需由专业的器官捐献协调员（ODC）负责，主治医师因可能涉及治疗利益关联，不能代替协调员签署，故A不符合。  
- 选项B：即使潜在捐献者生前签署协议，若家属明确反对，通常需尊重家属意见，不可强行执行，故B不符合。  
- 选项C：知情同意需书面记录并写入病历，口头记录不符合规范，紧急情况也应事后补正，故C不符合。  
- 选项D：知情同意后重申可随时撤回决定，符合尊重自主权的原则，故D符合。  

【最终答案】：D",客观题,D
器官移植,"你是一个严格按照要求答题的医学考试考生。请你先展示出完整的思考过程，然后再输出最终答案。每道题目有至少两个选项（A、B）至多五个选项（A、B、C、D、E），题目为不定项选择题，请按照以下格式作答：

【思考过程】：...

【最终答案】：AB / BCE / CD / DE / E / ...（只输出选项的编号，不要写选项内容）

示例：
题目：医疗伦理中四大基本原则是？
A.尊重自主权
B.善意行为
C.无害原则
D.公正原则
E.以上都不是
【思考过程】：本题考查医学伦理的四大基本原则，包括尊重自主权、不伤害原则、行善原则、公正原则。

【最终答案】：ABCD

题目：实施组织器官捐献前的综合评估必须包括以下哪些内容？
A.患者的个人详细信息（如职业、生活习惯等）
B.患者的家族病史
C.患者既往的疾病和治疗史
D.心电图检测报告
E.实验室常规检查数据
【思考过程】：",ACE,Doubao-1.5-Thinking,"【思考过程】：实施组织器官捐献前的综合评估旨在确保捐献器官的质量和安全性，需全面评估捐献者的健康状况及潜在风险。根据相关规范，评估内容需包括直接影响器官功能和安全性的关键信息：

- 选项B（家族病史）：家族病史可能涉及遗传性疾病（如多囊肾、遗传性心脏病等），直接影响器官质量，属于必须评估内容。  
- 选项C（患者既往的疾病和治疗史）：既往疾病（如恶性肿瘤、活动性感染）或治疗史（如化疗）是器官捐献的重要禁忌症依据，必须评估。  
- 选项D（心电图检测报告）：心电图是评估心脏功能的基本检查，对心脏、肺等器官的捐献至关重要，属于必须项目。  
- 选项E（实验室常规检查数据）：包括血常规、肝肾功能、传染病筛查（如HIV、乙肝）等，是评估器官功能和排除感染风险的基础，必须包含。  

选项A（患者的个人详细信息如职业、生活习惯）虽可能间接影响健康，但并非评估器官质量和安全性的核心必需内容，因此不纳入“必须包括”的范围。

【最终答案】：BCDE",客观题,BCDE
器官移植,"你是一个严格按照要求答题的医学考试考生。请你先展示出完整的思考过程，然后再输出最终答案。每道题目有至少两个选项（A、B）至多五个选项（A、B、C、D、E），题目为不定项选择题，请按照以下格式作答：

【思考过程】：...

【最终答案】：AB / BCE / CD / DE / E / ...（只输出选项的编号，不要写选项内容）

示例：
题目：医疗伦理中四大基本原则是？
A.尊重自主权
B.善意行为
C.无害原则
D.公正原则
E.以上都不是
【思考过程】：本题考查医学伦理的四大基本原则，包括尊重自主权、不伤害原则、行善原则、公正原则。

【最终答案】：ABCD

题目：关于撤除心肺支持治疗后的记录要求，以下哪项不符合规定？
A.每分钟记录患者的血压和血氧饱和度
B.每5分钟记录一次尿量和呼吸频率
C.详细记录热缺血时间的起止节点
D.使用药物加速患者死亡过程以缩短等待时间
【思考过程】：",B,Doubao-1.5-Thinking,"【思考过程】：本题需判断撤除心肺支持治疗后的记录要求中不符合规定的选项。分析各选项：  
- 选项A：撤除心肺支持后需密切监测生命体征，每分钟记录血压和血氧饱和度属于合理监测范围，符合规范。  
- 选项B：尿量和呼吸频率的变化相对较慢，每5分钟记录一次符合临床实际需求，未违反规定。  
- 选项C：热缺血时间（器官血流停止至冷灌注开始的时间）是器官捐献的关键指标，需详细记录起止节点，符合要求。  
- 选项D：撤除支持治疗后应尊重患者自然死亡过程，主动使用药物加速死亡涉及主动安乐死，违反伦理和法律规定，不符合要求。  

【最终答案】：D",客观题,D
器官移植,"你是一个严格按照要求答题的医学考试考生。请你先展示出完整的思考过程，然后再输出最终答案。每道题目有至少两个选项（A、B）至多五个选项（A、B、C、D、E），题目为不定项选择题，请按照以下格式作答：

【思考过程】：...

【最终答案】：AB / BCE / CD / DE / E / ...（只输出选项的编号，不要写选项内容）

示例：
题目：医疗伦理中四大基本原则是？
A.尊重自主权
B.善意行为
C.无害原则
D.公正原则
E.以上都不是
【思考过程】：本题考查医学伦理的四大基本原则，包括尊重自主权、不伤害原则、行善原则、公正原则。

【最终答案】：ABCD

题目：在心脏死亡判定过程中，以下哪些做法符合相关标准？
A.观察时间为1分钟后宣布死亡
B.观察时间控制在5分钟内
C.判定死亡时移植医生在场监督
D.由2名副主任医师共同宣布死亡
E.使用有创动脉血压检测确认循环停止
【思考过程】：",E,Doubao-1.5-Thinking,"【思考过程】：心脏死亡判定需遵循严格标准。首先，观察时间通常要求至少5分钟以确认循环和呼吸不可逆停止，因此选项A（1分钟）和B（控制在5分钟内）不符合；其次，移植医生参与死亡判定可能引发利益冲突，故C（移植医生在场监督）错误；死亡判定需由至少两名有资质的医生（如副主任医师）共同宣布，D符合要求；确认循环停止可通过临床检查或辅助手段（如无创或有创监测），E（有创动脉血压检测）作为准确确认循环停止的方法，符合标准。

【最终答案】：DE",客观题,DE
器官移植,"你是一个严格按照要求答题的医学考试考生。请你先展示出完整的思考过程，然后再输出最终答案。每道题目有至少两个选项（A、B）至多五个选项（A、B、C、D、E），题目为不定项选择题，请按照以下格式作答：

【思考过程】：...

【最终答案】：AB / BCE / CD / DE / E / ...（只输出选项的编号，不要写选项内容）

示例：
题目：医疗伦理中四大基本原则是？
A.尊重自主权
B.善意行为
C.无害原则
D.公正原则
E.以上都不是
【思考过程】：本题考查医学伦理的四大基本原则，包括尊重自主权、不伤害原则、行善原则、公正原则。

【最终答案】：ABCD

题目：医疗机构在摘取死者器官用于移植时，必须同时满足以下哪些条件？
A.获得符合法律规定的同意意见
B.确认死者生前未实名签署器官捐献拒绝声明
C.家属承诺自愿捐献死者器官
D.死者曾公开表达过捐献意愿
E.仅需满足条件a或条件b中的一个即可
【思考过程】：",A,Doubao-1.5-Thinking,"【思考过程】：根据《人体器官移植条例》及相关法律规定，医疗机构摘取死者器官用于移植需满足以下条件：  
1. 必须确认死者生前未实名签署器官捐献拒绝声明（B），若死者生前明确拒绝，不得摘取；  
2. 必须获得符合法律规定的同意意见（A），即死者生前未拒绝的情况下，需由其配偶、成年子女、父母以书面形式共同同意（属于“符合法律规定的同意意见”）。  
选项C（家属承诺自愿捐献）不严谨，因法律要求书面同意而非仅“承诺”；选项D（死者曾公开表达捐献意愿）非必需，因家属可在死者未表达意愿时决定；选项E（仅需满足A或B之一）错误，需同时满足A（合法同意）和B（未拒绝）。  

【最终答案】：AB",客观题,AB
器官移植,"你是一个严格按照要求答题的医学考试考生。请你先展示出完整的思考过程，然后再输出最终答案。每道题目有至少两个选项（A、B）至多五个选项（A、B、C、D、E），题目为不定项选择题，请按照以下格式作答：

【思考过程】：...

【最终答案】：AB / BCE / CD / DE / E / ...（只输出选项的编号，不要写选项内容）

示例：
题目：医疗伦理中四大基本原则是？
A.尊重自主权
B.善意行为
C.无害原则
D.公正原则
E.以上都不是
【思考过程】：本题考查医学伦理的四大基本原则，包括尊重自主权、不伤害原则、行善原则、公正原则。

【最终答案】：ABCD

题目：以下哪些行为违反了器官移植相关法律法规？
A.医生在记录捐献人生命体征后参与移植评估会议
B.宣告捐献人死亡的医师主导肾脏摘取手术
C.参与死亡确认的医生撰写移植术后报告
D.死亡确认医生担任接受人的术后主诊医师
E.护士未参与死亡判定但协助器官保存
【思考过程】：",BD,Doubao-1.5-Thinking,"【思考过程】：本题需依据器官移植相关法律法规分析各选项是否违规。  
- 选项A：医生记录捐献人生命体征后参与移植评估会议，属于正常流程，未违反规定。  
- 选项B：宣告捐献人死亡的医师主导肾脏摘取手术，违反“死亡判定与器官获取人员必须分离”的原则（避免利益冲突，确保死亡判定客观性），违规。  
- 选项C：参与死亡确认的医生撰写移植术后报告，术后报告为客观记录，不涉及利益冲突，未违规。  
- 选项D：死亡确认医生担任接受人的术后主诊医师，属于参与移植术后环节，违反“死亡判定医师不得参与器官获取或移植相关任何环节”的规定，违规。  
- 选项E：护士未参与死亡判定但协助器官保存，属于正常护理工作，未违规。  

【最终答案】：BD",客观题,BD
器官移植,"你是一个严格按照要求答题的医学考试考生。请你先展示出完整的思考过程，然后再输出最终答案。每道题目有至少两个选项（A、B）至多五个选项（A、B、C、D、E），题目为不定项选择题，请按照以下格式作答：

【思考过程】：...

【最终答案】：AB / BCE / CD / DE / E / ...（只输出选项的编号，不要写选项内容）

示例：
题目：医疗伦理中四大基本原则是？
A.尊重自主权
B.善意行为
C.无害原则
D.公正原则
E.以上都不是
【思考过程】：本题考查医学伦理的四大基本原则，包括尊重自主权、不伤害原则、行善原则、公正原则。

【最终答案】：ABCD

题目：以下哪些是活体器官捐献必须满足的条件（多选）？
A.捐献人需提供三代内亲属的书面同意
B.捐献人与接受人需存在基因、法律或情感关系
C.捐献人已获得完整可理解的危险性及后果告知
D.捐献人的法定家属需出具支持性声明
E.捐献人必须是接受人直系血亲或配偶
F.捐献人具备法律资格且能自主决策
【思考过程】：",BCF,Doubao-1.5-Thinking,"【思考过程】：本题考查活体器官捐献的法定条件。根据《人体器官移植条例》及相关伦理规范，分析各选项如下：  
- 选项A：活体器官捐献强调捐献者自主意愿，无要求必须提供三代内亲属书面同意（除非捐献者为无民事行为能力人，但题目未提及此情况），故A错误。  
- 选项B：条例规定接受者限于配偶（法律关系）、直系或三代以内旁系血亲（基因关系），或因帮扶形成的亲情关系（情感关系），符合“基因、法律或情感关系”，故B正确。  
- 选项C：知情同意是核心原则，必须确保捐献者完整理解风险及后果，故C正确。  
- 选项D：完全民事行为能力人自主决定即可，无需法定家属支持声明（除非特殊情况），故D错误。  
- 选项E：条例允许三代以内旁系血亲或帮扶亲情关系，非仅直系血亲或配偶，故E错误。  
- 选项F：捐献者必须具备完全民事行为能力（法律资格）且能自主决策，这是基本前提，故F正确。  

【最终答案】：BCF",客观题,BCF
器官移植,"你是一个严格按照要求答题的医学考试考生。请你先展示出完整的思考过程，然后再输出最终答案。每道题目有至少两个选项（A、B）至多五个选项（A、B、C、D、E），题目为不定项选择题，请按照以下格式作答：

【思考过程】：...

【最终答案】：AB / BCE / CD / DE / E / ...（只输出选项的编号，不要写选项内容）

示例：
题目：医疗伦理中四大基本原则是？
A.尊重自主权
B.善意行为
C.无害原则
D.公正原则
E.以上都不是
【思考过程】：本题考查医学伦理的四大基本原则，包括尊重自主权、不伤害原则、行善原则、公正原则。

【最终答案】：ABCD

题目：下列关于未成年人器官捐献的表述，哪几项符合法律法规要求？
A.除法定例外情况外禁止从未成年人活体摘取移植材料
B.可能存在需要未成年人本人提前同意的情形
C.经伦理委员会批准的例外情况可突破年龄限制
D.无民事行为能力者的移植规则与未成年人一致
【思考过程】：",ABD,Doubao-1.5-Thinking,"【思考过程】：本题考查未成年人器官捐献的法律法规要求，需结合《人体器官移植条例》《民法典》等相关规定分析：

- **选项A**：《人体器官移植条例》第九条明确规定“任何组织或者个人不得摘取未满18周岁公民的活体器官用于移植”，未提及法定例外情况，因此“除法定例外情况外禁止”的表述不准确（实际为绝对禁止），故A错误。  
- **选项B**：未成年人（无或限制民事行为能力）无法作为活体器官捐献者（需完全民事行为能力），其死后器官捐献由监护人决定，无需本人提前同意，因此B错误。  
- **选项C**：法律对未成年人活体器官捐献的年龄限制是强制性规定，伦理委员会无权批准突破年龄限制，故C错误。  
- **选项D**：无民事行为能力者（如不满8周岁的未成年人、不能辨认自己行为的成年人）与未成年人（整体为无或限制民事行为能力）在活体器官捐献规则上一致（均禁止作为活体捐献者），因此D正确。  

【最终答案】：D",客观题,D
器官移植,"你是一个严格按照要求答题的医学考试考生。请你先展示出完整的思考过程，然后再输出最终答案。每道题目有至少两个选项（A、B）至多五个选项（A、B、C、D、E），题目为不定项选择题，请按照以下格式作答：

【思考过程】：...

【最终答案】：AB / BCE / CD / DE / E / ...（只输出选项的编号，不要写选项内容）

示例：
题目：医疗伦理中四大基本原则是？
A.尊重自主权
B.善意行为
C.无害原则
D.公正原则
E.以上都不是
【思考过程】：本题考查医学伦理的四大基本原则，包括尊重自主权、不伤害原则、行善原则、公正原则。

【最终答案】：ABCD

题目：在器官捐献中，以下哪些情况符合相关伦理和法律规范？
A.医院向器官捐献者支付术后营养费用
B.家属为获取移植资格向医院缴纳""加速审批金""
C.补偿捐献者因器官摘取导致的三日工资损失
D.器官受赠方私下赠予捐献者家属境外旅游奖励
E.向非法中介机构购买适配的活体肾脏
【思考过程】：",AC,Doubao-1.5-Thinking,"【思考过程】：本题需依据器官捐献的伦理和法律规范（如《人体器官移植条例》）判断各选项的合法性。  
- 选项A：术后营养费用属于对捐献者必要的合理补偿（非有偿交易），符合规范。  
- 选项B：缴纳“加速审批金”是通过金钱干预移植资格分配，违背公平原则，不符合规范。  
- 选项C：补偿因器官摘取导致的工资损失属于直接经济损失的合理补偿，符合规范。  
- 选项D：境外旅游奖励属于变相经济利益，违反“无偿捐献”原则，不符合规范。  
- 选项E：向非法中介购买活体肾脏属于器官买卖，明确违法，不符合规范。  

【最终答案】：AC",客观题,AC
器官移植,"你是一个严格按照要求答题的医学考试考生。请你先展示出完整的思考过程，然后再输出最终答案。每道题目有至少两个选项（A、B）至多五个选项（A、B、C、D、E），题目为不定项选择题，请按照以下格式作答：

【思考过程】：...

【最终答案】：AB / BCE / CD / DE / E / ...（只输出选项的编号，不要写选项内容）

示例：
题目：医疗伦理中四大基本原则是？
A.尊重自主权
B.善意行为
C.无害原则
D.公正原则
E.以上都不是
【思考过程】：本题考查医学伦理的四大基本原则，包括尊重自主权、不伤害原则、行善原则、公正原则。

【最终答案】：ABCD

题目：以下哪些行为符合器官捐献相关法规的规定？
A.通过公益广告宣传器官捐献的社会意义
B.在报纸刊登广告征求肝源并承诺给予营养补助
C.医院在社交媒体发布倡议书征集自愿无偿捐献者
D.第三方中介为匹配成功的捐献者家属报销交通费用
【思考过程】：",AC,Doubao-1.5-Thinking,"【思考过程】：根据我国《人体器官移植条例》等相关法规，器官捐献需遵循自愿、无偿原则，禁止买卖或变相买卖器官。  
- 选项A：公益广告宣传器官捐献的社会意义属于合法的正面宣传，符合法规。  
- 选项B：“征求肝源并承诺给予营养补助”可能涉及变相有偿，违反“无偿”原则，不符合规定。  
- 选项C：医院通过社交媒体征集自愿无偿捐献者，属于合法倡议，符合法规。  
- 选项D：第三方中介报销费用可能涉及变相补偿或中介牟利，违反“禁止买卖器官”规定，不符合。  

【最终答案】：AC",客观题,AC
器官移植,"你是一个严格按照要求答题的医学考试考生。请你先展示出完整的思考过程，然后再输出最终答案。每道题目有至少两个选项（A、B）至多五个选项（A、B、C、D、E），题目为不定项选择题，请按照以下格式作答：

【思考过程】：...

【最终答案】：AB / BCE / CD / DE / E / ...（只输出选项的编号，不要写选项内容）

示例：
题目：医疗伦理中四大基本原则是？
A.尊重自主权
B.善意行为
C.无害原则
D.公正原则
E.以上都不是
【思考过程】：本题考查医学伦理的四大基本原则，包括尊重自主权、不伤害原则、行善原则、公正原则。

【最终答案】：ABCD

题目：医生发现用于移植的器官是通过向捐献者家属支付报酬的方式获得的，下列哪项处理方式符合伦理规范？
A.立即停止手术并将器官移交其他患者
B.拒绝为该患者进行移植手术
C.仅需将该情况上报上级部门备案
D.健康保险机构拒绝为此手术支付费用
E.经评估后若器官安全仍可手术
【思考过程】：",BD,Doubao-1.5-Thinking,"【思考过程】：根据器官移植伦理规范，器官捐献应遵循自愿、无偿原则，禁止买卖或变相买卖器官。题目中器官通过支付报酬获得，属于非法来源。  
- 选项A：将非法器官移交其他患者仍违反伦理，错误。  
- 选项B：医生应拒绝使用非法器官进行手术，符合伦理要求，正确。  
- 选项C：仅上报备案未阻止非法行为，处理不彻底，错误。  
- 选项D：健康保险机构拒绝为非法手术支付费用，符合对非法行为的约束，正确。  
- 选项E：即使器官安全，来源非法仍不可使用，错误。  

【最终答案】：BD",客观题,BD
器官移植,"你是一个严格按照要求答题的医学考试考生。请你先展示出完整的思考过程，然后再输出最终答案。每道题目有至少两个选项（A、B）至多五个选项（A、B、C、D、E），题目为不定项选择题，请按照以下格式作答：

【思考过程】：...

【最终答案】：AB / BCE / CD / DE / E / ...（只输出选项的编号，不要写选项内容）

示例：
题目：医疗伦理中四大基本原则是？
A.尊重自主权
B.善意行为
C.无害原则
D.公正原则
E.以上都不是
【思考过程】：本题考查医学伦理的四大基本原则，包括尊重自主权、不伤害原则、行善原则、公正原则。

【最终答案】：ABCD

题目：参与器官移植的卫生保健人员可以接受以下哪种方式的支付？
A.接受患者家属以个人名义赠送的答谢金
B.按标准收取器官运输和保存的劳务费
C.收取捐赠方提供的实验仪器设备
D.接受受捐方为医生支付的国际会议差旅费
E.接收某基金会授予的年度突出贡献会员资格
【思考过程】：",B,Doubao-1.5-Thinking,"【思考过程】：本题考查器官移植中卫生保健人员的合法支付方式。根据《人体器官移植条例》等相关规定，医务人员在器官移植中不得收取与器官买卖相关的利益或变相利益，但合理的劳务费用及非物质性荣誉可能被允许。  

- 选项A：患者家属的答谢金属于变相利益输送，违反规定，不允许。  
- 选项B：按标准收取器官运输和保存的劳务费，属于合理的成本补偿或劳务费用（如条例规定的“保存和运送人体器官的费用”），符合规定，允许。  
- 选项C：捐赠方提供的实验仪器设备属于物质利益，可能影响器官分配公正性，不允许。  
- 选项D：受捐方支付的国际会议差旅费属于为个人谋私利，影响公正性，不允许。  
- 选项E：基金会授予的突出贡献会员资格属于非物质性荣誉，不涉及利益交换，允许。  

【最终答案】：BE",客观题,BE
器官移植,"你是一个严格按照要求答题的医学考试考生。请你先展示出完整的思考过程，然后再输出最终答案。每道题目有至少两个选项（A、B）至多五个选项（A、B、C、D、E），题目为不定项选择题，请按照以下格式作答：

【思考过程】：...

【最终答案】：AB / BCE / CD / DE / E / ...（只输出选项的编号，不要写选项内容）

示例：
题目：医疗伦理中四大基本原则是？
A.尊重自主权
B.善意行为
C.无害原则
D.公正原则
E.以上都不是
【思考过程】：本题考查医学伦理的四大基本原则，包括尊重自主权、不伤害原则、行善原则、公正原则。

【最终答案】：ABCD

题目：以下哪几种行为违反了器官分配法规的相关要求？
A.分配时优先救治多器官衰竭的危重患者
B.根据患者家属捐赠医院资金数额调整分配顺序
C.委员会成员包含捐赠者的商业合作伙伴
D.通过匿名评审确保分配结果不受舆论影响
E.在资源充足时允许患者自费加急获取器官
【思考过程】：",BCE,Doubao-1.5-Thinking,"【思考过程】：根据器官分配法规的核心原则（公平、公正、公开，禁止商业利益或不正当因素干扰），逐一分析选项：  
- A选项优先救治危重患者符合医学需要优先原则，不违反法规。  
- B选项根据捐赠资金调整分配顺序，属于商业利益干扰，违反法规。  
- C选项委员会成员包含捐赠者的商业合作伙伴，存在利益关联，可能影响公正，违反法规。  
- D选项匿名评审避免舆论干扰，符合公平要求，不违反法规。  
- E选项允许自费加急获取器官，以金钱影响分配顺序，违反公平原则，违反法规。  

【最终答案】：BCE",客观题,BCE
器官移植,"你是一个严格按照要求答题的医学考试考生。请你先展示出完整的思考过程，然后再输出最终答案。每道题目有至少两个选项（A、B）至多五个选项（A、B、C、D、E），题目为不定项选择题，请按照以下格式作答：

【思考过程】：...

【最终答案】：AB / BCE / CD / DE / E / ...（只输出选项的编号，不要写选项内容）

示例：
题目：医疗伦理中四大基本原则是？
A.尊重自主权
B.善意行为
C.无害原则
D.公正原则
E.以上都不是
【思考过程】：本题考查医学伦理的四大基本原则，包括尊重自主权、不伤害原则、行善原则、公正原则。

【最终答案】：ABCD

题目：以下哪种做法符合相关法律法规的要求？
A.将器官移植全流程记录在公共网站实时更新，但未隐匿捐献人身份证号信息；B.仅向伦理委员会秘密报送移植档案，未开展任何外部调查；C.医院通过匿名方式完成移植手术，但拒绝所有卫生部门的质量审查；D.建立可追溯的电子化移植档案系统，供监管机构核验时仅显示捐赠者编号
【思考过程】：",D,Doubao-1.5-Thinking,"【思考过程】：本题需依据器官移植相关法律法规（如《人体器官移植条例》）判断各选项是否合规。  
- 选项A：未隐匿捐献人身份证号信息，违反个人信息保密规定，不合规。  
- 选项B：仅向伦理委员会报送档案而未开展外部调查，不符合监管要求（需接受卫生部门等外部监督），不合规。  
- 选项C：拒绝卫生部门质量审查，违反医疗机构接受监管的义务，不合规。  
- 选项D：建立可追溯的电子化档案，且核验时仅显示捐赠者编号（保护隐私），符合信息可追溯与保密要求，合规。  

【最终答案】：D",客观题,D
急危重症处置,"你是一个严格按照要求答题的医学考试考生。请你先展示出完整的思考过程，然后再输出最终答案。每道题目有至少两个选项（A、B）至多五个选项（A、B、C、D、E），题目为不定项选择题，请按照以下格式作答：

【思考过程】：...

【最终答案】：AB / BCE / CD / DE / E / ...（只输出选项的编号，不要写选项内容）

示例：
题目：医疗伦理中四大基本原则是？
A.尊重自主权
B.善意行为
C.无害原则
D.公正原则
E.以上都不是
【思考过程】：本题考查医学伦理的四大基本原则，包括尊重自主权、不伤害原则、行善原则、公正原则。

【最终答案】：ABCD

题目：下列哪种情形下相关组织或个人必须履行施救义务？
A.路人对街边中暑的老人的自愿救助
B.医院对未缴费患者的道德性援助
C.警察对交通事故伤者的现场处理
D.泳池救生员对溺水游客的消极观望
E.学校教师对突发癫痫学生的应急处置
【思考过程】：",CDE,Doubao-1.5-Thinking,"【思考过程】：本题需判断哪些情形下相关主体必须履行施救义务，关键在于分析是否存在法定或职业强制义务：

- **选项A**：路人对街边中暑老人的自愿救助属于道德层面的善意行为，法律未强制路人必须施救，因此无强制义务。  
- **选项B**：医院对未缴费患者的“道德性援助”描述不准确。根据《基本医疗卫生与健康促进法》《医疗机构管理条例》，医疗机构对危急患者必须立即救治，不得拒绝急救处置，这是法定义务而非单纯道德性援助。但题目中明确为“道德性援助”，故不视为必须履行的法定义务。  
- **选项C**：警察作为公职人员，根据《人民警察法》第二十一条，遇公民处于危难情形时应当立即救助，属于法定强制义务。  
- **选项D**：泳池救生员的职业职责是保障游泳者安全，对溺水游客的施救是其合同义务和职业要求，消极观望属于未履行义务，因此必须履行。  
- **选项E**：学校教师对学生负有管理和保护义务，根据《未成年人保护法》和《学生伤害事故处理办法》，学生突发疾病时教师需采取应急处置（如联系急救、必要护理），属于必须履行的义务。  

【最终答案】：CDE",客观题,CDE
急危重症处置,"你是一个严格按照要求答题的医学考试考生。请你先展示出完整的思考过程，然后再输出最终答案。每道题目有至少两个选项（A、B）至多五个选项（A、B、C、D、E），题目为不定项选择题，请按照以下格式作答：

【思考过程】：...

【最终答案】：AB / BCE / CD / DE / E / ...（只输出选项的编号，不要写选项内容）

示例：
题目：医疗伦理中四大基本原则是？
A.尊重自主权
B.善意行为
C.无害原则
D.公正原则
E.以上都不是
【思考过程】：本题考查医学伦理的四大基本原则，包括尊重自主权、不伤害原则、行善原则、公正原则。

【最终答案】：ABCD

题目：以下关于医疗机构损害赔偿责任的说法，哪项符合法律规定？
A.医务人员直接承担赔偿，B.医疗机构有过错时须担责，C.第三方过错导致的可不赔偿，D.患者签署知情同意书则医方免责，E.无论过错均需赔偿
【思考过程】：",B,Doubao-1.5-Thinking,"【思考过程】：本题考查医疗机构损害赔偿责任的法律规定。根据《民法典》第1218条，患者在诊疗活动中受到损害，医疗机构或者其医务人员有过错的，由医疗机构承担赔偿责任，因此医疗机构有过错时须担责（B正确）。医务人员个人不直接承担赔偿责任（A错误）。第三方过错导致损害时，患者仍可向医疗机构请求赔偿，医疗机构赔偿后可向第三方追偿，因此“可不赔偿”不符合规定（C错误）。患者签署知情同意书仅表明其知情，不能免除医方因过错应承担的责任（D错误）。医疗损害责任以过错为前提，无过错不赔偿（E错误）。

【最终答案】：B",客观题,B
急危重症处置,"你是一个严格按照要求答题的医学考试考生。请你先展示出完整的思考过程，然后再输出最终答案。每道题目有至少两个选项（A、B）至多五个选项（A、B、C、D、E），题目为不定项选择题，请按照以下格式作答：

【思考过程】：...

【最终答案】：AB / BCE / CD / DE / E / ...（只输出选项的编号，不要写选项内容）

示例：
题目：医疗伦理中四大基本原则是？
A.尊重自主权
B.善意行为
C.无害原则
D.公正原则
E.以上都不是
【思考过程】：本题考查医学伦理的四大基本原则，包括尊重自主权、不伤害原则、行善原则、公正原则。

【最终答案】：ABCD

题目：在急危重症患者需要实施特殊治疗时，医务人员必须向患者或近亲属明确说明的内容包括？
A.近期治疗费用
B.医疗风险
C.替代医疗方案
D.可能引发的其他并发症
【思考过程】：",BC,Doubao-1.5-Thinking,"【思考过程】：根据《民法典》及《医疗纠纷预防和处理条例》相关规定，医务人员在实施特殊治疗时，需向患者或近亲属说明的内容主要包括医疗风险、替代医疗方案等。医疗风险通常涵盖治疗可能引发的并发症等不良后果，因此“可能引发的其他并发症”（D）属于医疗风险（B）的具体内容。而“近期治疗费用”（A）虽可能在实际中涉及，但并非法律规定必须明确说明的核心内容。因此，必须说明的内容包括医疗风险（B）、替代医疗方案（C）及可能引发的并发症（D）。

【最终答案】：BCD",客观题,BCD
急危重症处置,"你是一个严格按照要求答题的医学考试考生。请你先展示出完整的思考过程，然后再输出最终答案。每道题目有至少两个选项（A、B）至多五个选项（A、B、C、D、E），题目为不定项选择题，请按照以下格式作答：

【思考过程】：...

【最终答案】：AB / BCE / CD / DE / E / ...（只输出选项的编号，不要写选项内容）

示例：
题目：医疗伦理中四大基本原则是？
A.尊重自主权
B.善意行为
C.无害原则
D.公正原则
E.以上都不是
【思考过程】：本题考查医学伦理的四大基本原则，包括尊重自主权、不伤害原则、行善原则、公正原则。

【最终答案】：ABCD

题目：在抢救生命垂危的患者且无法取得患者及其近亲属意见时，医疗机构可以采取以下哪种操作流程？
A.主治医生直接实施急救措施
B.科室主任签字后立即实施治疗
C.经医疗机构负责人或授权负责人批准后立即实施措施
D.在2名见证人签字前提下实施措施并事后联系家属
【思考过程】：",C,Doubao-1.5-Thinking,"【思考过程】：根据《民法典》第1220条规定，因抢救生命垂危的患者等紧急情况，不能取得患者或者其近亲属意见的，经医疗机构负责人或者授权的负责人批准，可以立即实施相应的医疗措施。选项A（主治医生直接实施）不符合需上级批准的要求；选项B（科室主任签字）未明确是医疗机构负责人或授权负责人；选项D（见证人签字）并非法定流程。正确流程应为经医疗机构负责人或授权负责人批准后实施。

【最终答案】：C",客观题,C
急危重症处置,"你是一个严格按照要求答题的医学考试考生。请你先展示出完整的思考过程，然后再输出最终答案。每道题目有至少两个选项（A、B）至多五个选项（A、B、C、D、E），题目为不定项选择题，请按照以下格式作答：

【思考过程】：...

【最终答案】：AB / BCE / CD / DE / E / ...（只输出选项的编号，不要写选项内容）

示例：
题目：医疗伦理中四大基本原则是？
A.尊重自主权
B.善意行为
C.无害原则
D.公正原则
E.以上都不是
【思考过程】：本题考查医学伦理的四大基本原则，包括尊重自主权、不伤害原则、行善原则、公正原则。

【最终答案】：ABCD

题目：根据相关法律法规，判断医疗机构是否需要对患者损害承担赔偿责任的主要依据是？
A. 患者的最终治疗效果是否达到预期
B. 医务人员是否遵循了最新的医疗指南
C. 是否在诊疗活动中未尽到与当时医疗水平相应的诊疗义务
D. 医院是否具备高级医疗设备
E. 医务人员的主观意图是否为善意
【思考过程】：",C,Doubao-1.5-Thinking,"【思考过程】：根据《民法典》第一千二百二十一条规定，医务人员在诊疗活动中未尽到与当时的医疗水平相应的诊疗义务，造成患者损害的，医疗机构应当承担赔偿责任。因此，判断医疗机构是否承担赔偿责任的核心在于诊疗行为是否符合“当时的医疗水平”。  
选项A错误，治疗效果未达预期可能是疾病自然转归或患者自身因素，与诊疗义务无必然关联；选项B错误，遵循最新医疗指南并非唯一标准（可能存在特殊情况或指南未涵盖的情形）；选项C正确，直接对应法律规定的“未尽到与当时医疗水平相应的诊疗义务”；选项D错误，医疗设备水平与诊疗义务无直接因果关系；选项E错误，主观善意不影响过失责任的认定（法律关注是否存在过失而非主观意图）。

【最终答案】：C",客观题,C
急危重症处置,"你是一个严格按照要求答题的医学考试考生。请你先展示出完整的思考过程，然后再输出最终答案。每道题目有至少两个选项（A、B）至多五个选项（A、B、C、D、E），题目为不定项选择题，请按照以下格式作答：

【思考过程】：...

【最终答案】：AB / BCE / CD / DE / E / ...（只输出选项的编号，不要写选项内容）

示例：
题目：医疗伦理中四大基本原则是？
A.尊重自主权
B.善意行为
C.无害原则
D.公正原则
E.以上都不是
【思考过程】：本题考查医学伦理的四大基本原则，包括尊重自主权、不伤害原则、行善原则、公正原则。

【最终答案】：ABCD

题目：患者在诊疗活动中受到损害时，以下哪些情形可推定医疗机构有过错？
A.未按规定更新患者电子档案
B.拒绝向家属提供患者的病理切片记录
C.医生术中使用了未被行业指南推荐的技术
D.护士误将输液剂量标注错误但未造成实际后果
E.销毁患者住院档案以提高存储空间利用率
【思考过程】：",BCE,Doubao-1.5-Thinking,"【思考过程】：根据《民法典》第1222条规定，患者在诊疗活动中受到损害，有下列情形之一的，推定医疗机构有过错：（一）违反法律、行政法规、规章以及其他有关诊疗规范的规定；（二）隐匿或者拒绝提供与纠纷有关的病历资料；（三）遗失、伪造、篡改或者违法销毁病历资料。  

逐一分析选项：  
- **选项A**：未按规定更新患者电子档案，未明确涉及隐匿、拒绝提供或销毁病历资料，也未直接违反诊疗规范，故不推定过错。  
- **选项B**：拒绝向家属提供患者的病理切片记录，属于“拒绝提供与纠纷有关的病历资料”（符合情形二），可推定过错。  
- **选项C**：医生术中使用未被行业指南推荐的技术，行业指南属于“其他有关诊疗规范”，违反诊疗规范（符合情形一），可推定过错。  
- **选项D**：护士误标输液剂量但未造成实际后果，题目要求“患者受到损害时”，无实际损害不适用推定过错。  
- **选项E**：销毁患者住院档案以提高存储空间利用率，属于“违法销毁病历资料”（符合情形三），可推定过错。  

【最终答案】：BCE",客观题,BCE
急危重症处置,"你是一个严格按照要求答题的医学考试考生。请你先展示出完整的思考过程，然后再输出最终答案。每道题目有至少两个选项（A、B）至多五个选项（A、B、C、D、E），题目为不定项选择题，请按照以下格式作答：

【思考过程】：...

【最终答案】：AB / BCE / CD / DE / E / ...（只输出选项的编号，不要写选项内容）

示例：
题目：医疗伦理中四大基本原则是？
A.尊重自主权
B.善意行为
C.无害原则
D.公正原则
E.以上都不是
【思考过程】：本题考查医学伦理的四大基本原则，包括尊重自主权、不伤害原则、行善原则、公正原则。

【最终答案】：ABCD

题目：患者因输入不合格血液导致损害，可以向以下哪些主体请求赔偿？
A.药品上市许可持有人
B.血液提供机构
C.医疗器械生产者
D.医疗机构
E.主治医师
【思考过程】：",BD,Doubao-1.5-Thinking,"【思考过程】：根据《民法典》侵权责任编相关规定，因输入不合格血液造成患者损害的，患者可以向血液提供机构请求赔偿，也可以向医疗机构请求赔偿。医疗机构赔偿后，有权向血液提供机构追偿。本题中，患者因输入不合格血液受损，责任主体为血液提供机构（B）和医疗机构（D）。其他选项中，药品上市许可持有人（A）涉及药品问题，医疗器械生产者（C）涉及医疗器械问题，均与血液无关；主治医师（E）作为个人不承担此类责任。

【最终答案】：BD",客观题,BD
急危重症处置,"你是一个严格按照要求答题的医学考试考生。请你先展示出完整的思考过程，然后再输出最终答案。每道题目有至少两个选项（A、B）至多五个选项（A、B、C、D、E），题目为不定项选择题，请按照以下格式作答：

【思考过程】：...

【最终答案】：AB / BCE / CD / DE / E / ...（只输出选项的编号，不要写选项内容）

示例：
题目：医疗伦理中四大基本原则是？
A.尊重自主权
B.善意行为
C.无害原则
D.公正原则
E.以上都不是
【思考过程】：本题考查医学伦理的四大基本原则，包括尊重自主权、不伤害原则、行善原则、公正原则。

【最终答案】：ABCD

题目：下列哪些情形下医疗机构不承担赔偿责任？
A.患者在接受化疗期间擅自服用未经验证的草药导致肝损伤
B.急救医生在心脏骤停患者抢救中因设备故障无法实施电除颤
C.因遗传性罕见病导致误诊而延误治疗时机
D.患者拒绝签署手术同意书后自行离开急诊室
E.医院因节假日导致高级影像检查延迟48小时
【思考过程】：",ABD,Doubao-1.5-Thinking,"【思考过程】：本题需依据《民法典》中关于医疗机构免责情形的规定分析各选项。根据《民法典》第1224条，医疗机构不承担赔偿责任的情形包括：（1）患者或其近亲属不配合医疗机构进行符合诊疗规范的诊疗（但医疗机构有过错的需承担相应责任）；（2）医务人员在抢救生命垂危患者等紧急情况下已尽到合理诊疗义务；（3）限于当时的医疗水平难以诊疗。

- **选项A**：患者擅自服用未经验证的草药，属于不配合医疗机构的诊疗行为，若医疗机构无过错（如已尽告知义务），则不承担责任，符合免责情形。  
- **选项B**：急救中因设备故障无法实施电除颤。设备维护是医疗机构的责任，设备故障通常反映医院未尽到管理义务，存在过错，故需承担责任，不属于免责情形。  
- **选项C**：遗传性罕见病导致误诊，属于“限于当时的医疗水平难以诊疗”，符合免责情形。  
- **选项D**：患者拒绝签署手术同意书并自行离开，属于不配合诊疗行为，医疗机构无过错时不承担责任，符合免责情形。  
- **选项E**：医院因节假日延迟检查48小时，属于未尽到合理诊疗义务（未合理安排医疗资源），需承担责任，不属于免责情形。  

综上，符合免责条件的为A、C、D。

【最终答案】：ACD",客观题,ACD
急危重症处置,"你是一个严格按照要求答题的医学考试考生。请你先展示出完整的思考过程，然后再输出最终答案。每道题目有至少两个选项（A、B）至多五个选项（A、B、C、D、E），题目为不定项选择题，请按照以下格式作答：

【思考过程】：...

【最终答案】：AB / BCE / CD / DE / E / ...（只输出选项的编号，不要写选项内容）

示例：
题目：医疗伦理中四大基本原则是？
A.尊重自主权
B.善意行为
C.无害原则
D.公正原则
E.以上都不是
【思考过程】：本题考查医学伦理的四大基本原则，包括尊重自主权、不伤害原则、行善原则、公正原则。

【最终答案】：ABCD

题目：根据急危重症处置相关法规，以下哪些机构或组织被明确要求开展急救培训和普及急救知识？
A.卫生健康主管部门
B.民政部门
C.红十字会
D.教育部门
E.市场监督部门
【思考过程】：",AC,Doubao-1.5-Thinking,"【思考过程】：根据我国相关法规，如《中华人民共和国基本医疗卫生与健康促进法》《中华人民共和国红十字会法》等，明确要求相关机构开展急救培训和普及急救知识。卫生健康主管部门（A）作为医疗卫生行业的主管部门，负责组织推动急救培训工作；红十字会（C）依据《红十字会法》规定，承担应急救护培训和普及急救知识的法定职责；教育部门（D）需在学校教育中普及急救知识，属于明确要求的主体。民政部门（B）主要负责社会福利、救助等工作，市场监督部门（E）负责市场监管，均未明确要求开展急救培训。

【最终答案】：ACD",客观题,ACD
急危重症处置,"你是一个严格按照要求答题的医学考试考生。请你先展示出完整的思考过程，然后再输出最终答案。每道题目有至少两个选项（A、B）至多五个选项（A、B、C、D、E），题目为不定项选择题，请按照以下格式作答：

【思考过程】：...

【最终答案】：AB / BCE / CD / DE / E / ...（只输出选项的编号，不要写选项内容）

示例：
题目：医疗伦理中四大基本原则是？
A.尊重自主权
B.善意行为
C.无害原则
D.公正原则
E.以上都不是
【思考过程】：本题考查医学伦理的四大基本原则，包括尊重自主权、不伤害原则、行善原则、公正原则。

【最终答案】：ABCD

题目：在急危重症诊疗过程中，以下哪种做法完全符合知情同意伦理原则？
A.医生仅告知患者手术费用的预估金额后实施插管抢救
B.在患者意识清醒时，医务人员详细说明血浆置换的风险并取得其签字同意
C.因患者情绪激动，护士直接联系家属签署麻醉风险知情书后实施镇静
D.患者昏迷且无近亲属在场，经医院伦理委员会批准后实施紧急开颅手术
E.医生告知患者化疗的副作用后，未解释可选的靶向药物方案
【思考过程】：",BD,Doubao-1.5-Thinking,"【思考过程】：知情同意伦理原则要求医务人员向患者或其代理人充分告知病情、医疗措施及其风险、替代方案等信息，患者需具备相应的民事行为能力并自愿同意；紧急情况下无患者或代理人时，可经医疗机构批准实施必要救治。

- 选项A：仅告知手术费用，未充分说明操作目的、风险等关键信息，不符合知情同意。  
- 选项B：患者意识清醒（有决策能力），医务人员详细说明风险并取得签字同意，符合知情同意。  
- 选项C：患者情绪激动但未明确丧失决策能力，应优先争取患者本人同意而非直接联系家属，不符合。  
- 选项D：患者昏迷且无近亲属在场（无法获得本人或代理人同意），经医院伦理委员会批准后实施紧急手术，符合紧急情况下的伦理例外原则。  
- 选项E：未告知可选的靶向药物替代方案，信息不完整，不符合知情同意。  

【最终答案】：BD",客观题,BD
急危重症处置,"你是一个严格按照要求答题的医学考试考生。请你先展示出完整的思考过程，然后再输出最终答案。每道题目有至少两个选项（A、B）至多五个选项（A、B、C、D、E），题目为不定项选择题，请按照以下格式作答：

【思考过程】：...

【最终答案】：AB / BCE / CD / DE / E / ...（只输出选项的编号，不要写选项内容）

示例：
题目：医疗伦理中四大基本原则是？
A.尊重自主权
B.善意行为
C.无害原则
D.公正原则
E.以上都不是
【思考过程】：本题考查医学伦理的四大基本原则，包括尊重自主权、不伤害原则、行善原则、公正原则。

【最终答案】：ABCD

题目：关于急危患者的处置，以下哪种说法符合我国相关法规？
A.患者家属未到时可暂缓急救措施
B.在确认患者无支付能力后，医师可拒绝急救
C.医院资源不足时可将危重患者转往他院前拒绝处置
D.医师必须立即采取紧急措施并不得以任何理由拒绝
【思考过程】：",D,Doubao-1.5-Thinking,"【思考过程】：根据我国《基本医疗卫生与健康促进法》第三十二条规定，医疗卫生机构应当对危急患者采取紧急措施进行救治，不得拒绝急救处置。分析各选项：  
- 选项A错误，患者家属未到不能作为暂缓急救的理由，急救应立即进行；  
- 选项B错误，不得以患者无支付能力为由拒绝急救；  
- 选项C错误，即使需要转院，也应先采取必要的紧急措施，不得拒绝处置；  
- 选项D正确，法规明确要求医师必须立即采取紧急措施且不得拒绝。  

【最终答案】：D",客观题,D
急危重症处置,"你是一个严格按照要求答题的医学考试考生。请你先展示出完整的思考过程，然后再输出最终答案。每道题目有至少两个选项（A、B）至多五个选项（A、B、C、D、E），题目为不定项选择题，请按照以下格式作答：

【思考过程】：...

【最终答案】：AB / BCE / CD / DE / E / ...（只输出选项的编号，不要写选项内容）

示例：
题目：医疗伦理中四大基本原则是？
A.尊重自主权
B.善意行为
C.无害原则
D.公正原则
E.以上都不是
【思考过程】：本题考查医学伦理的四大基本原则，包括尊重自主权、不伤害原则、行善原则、公正原则。

【最终答案】：ABCD

题目：若医师因不负责任延误急危患者抢救且造成严重后果，由卫生行政部门给予的处罚包括以下哪些？
A.警告
B.责令暂停三个月以下执业活动
C.责令暂停六个月以上一年以下执业活动
D.吊销执业证书
【思考过程】：",AC,Doubao-1.5-Thinking,"【思考过程】：根据《中华人民共和国执业医师法》第三十七条规定，医师在执业活动中，若因不负责任延误急危患者的抢救和诊治并造成严重后果的，由县级以上人民政府卫生行政部门给予警告或者责令暂停六个月以上一年以下执业活动；情节严重的，吊销其执业证书。题目中明确“造成严重后果”，对应处罚包括警告（A）和责令暂停六个月以上一年以下执业活动（C）。选项B（暂停三个月以下）不符合法条规定的期限；选项D（吊销执业证书）适用于“情节严重”的更严重情形，题目未明确达到“情节严重”程度，因此不选。

【最终答案】：AC",客观题,AC
急危重症处置,"你是一个严格按照要求答题的医学考试考生。请你先展示出完整的思考过程，然后再输出最终答案。每道题目有至少两个选项（A、B）至多五个选项（A、B、C、D、E），题目为不定项选择题，请按照以下格式作答：

【思考过程】：...

【最终答案】：AB / BCE / CD / DE / E / ...（只输出选项的编号，不要写选项内容）

示例：
题目：医疗伦理中四大基本原则是？
A.尊重自主权
B.善意行为
C.无害原则
D.公正原则
E.以上都不是
【思考过程】：本题考查医学伦理的四大基本原则，包括尊重自主权、不伤害原则、行善原则、公正原则。

【最终答案】：ABCD

题目：以下哪些条件是附条件批准某严重危及生命疾病治疗药物的必要条件？
A.用于治疗严重危及生命且尚无有效治疗手段的疾病，或属于公共卫生方面急需  
B.已完成全部III期临床试验  
C.已有临床试验数据显示疗效并能预测其临床价值  
D.有初步药理实验数据支持安全性
【思考过程】：",AC,Doubao-1.5-Thinking,"【思考过程】：本题考查附条件批准药物的必要条件。根据《药品注册管理办法》，附条件批准主要适用于治疗严重危及生命且尚无有效治疗手段的疾病，或公共卫生急需的药物。其核心条件包括：①适用范围为严重危及生命或公共卫生急需（对应选项A）；②已有临床试验数据显示疗效并能预测临床价值（对应选项C）。  
选项B错误，因附条件批准通常允许在未完成全部III期临床试验的情况下基于关键数据申请，完成全部III期是常规批准的要求；选项D错误，附条件批准需临床阶段的安全性数据支持，而非仅“初步药理实验”（临床前）数据。  

【最终答案】：AC",客观题,AC
急危重症处置,"你是一个严格按照要求答题的医学考试考生。请你先展示出完整的思考过程，然后再输出最终答案。每道题目有至少两个选项（A、B）至多五个选项（A、B、C、D、E），题目为不定项选择题，请按照以下格式作答：

【思考过程】：...

【最终答案】：AB / BCE / CD / DE / E / ...（只输出选项的编号，不要写选项内容）

示例：
题目：医疗伦理中四大基本原则是？
A.尊重自主权
B.善意行为
C.无害原则
D.公正原则
E.以上都不是
【思考过程】：本题考查医学伦理的四大基本原则，包括尊重自主权、不伤害原则、行善原则、公正原则。

【最终答案】：ABCD

题目：医疗机构因临床急需进口少量药品时，以下哪些情况符合我国相关规定？
A.经市级药品监督管理部门批准后进口
B.经国务院授权的省人民政府批准后进口
C.进口药品在多家合作医院内使用
D.进口药品用于科研实验
E.进口药品在指定医疗机构内用于特定医疗目的
【思考过程】：",BE,Doubao-1.5-Thinking,"【思考过程】：本题考查医疗机构进口少量药品的相关规定。根据《药品管理法》第九十七条，医疗机构因临床急需进口少量药品的，需经国务院药品监督管理部门或国务院授权的省、自治区、直辖市人民政府批准（因此A错误，B正确）。进口的药品应当在指定医疗机构内用于特定医疗目的（因此E正确，C错误，C中“多家合作医院”不符合“指定”要求）。进口药品的用途是“临床急需”而非科研实验（D错误）。

【最终答案】：BE",客观题,BE
急危重症处置,"你是一个严格按照要求答题的医学考试考生。请你先展示出完整的思考过程，然后再输出最终答案。每道题目有至少两个选项（A、B）至多五个选项（A、B、C、D、E），题目为不定项选择题，请按照以下格式作答：

【思考过程】：...

【最终答案】：AB / BCE / CD / DE / E / ...（只输出选项的编号，不要写选项内容）

示例：
题目：医疗伦理中四大基本原则是？
A.尊重自主权
B.善意行为
C.无害原则
D.公正原则
E.以上都不是
【思考过程】：本题考查医学伦理的四大基本原则，包括尊重自主权、不伤害原则、行善原则、公正原则。

【最终答案】：ABCD

题目：在应对特别重大突发公共卫生事件时，以下哪些部门有权提出紧急使用医疗器械的建议？
A.省级人民政府
B.国务院卫生主管部门
C.国务院疾病预防控制部门
D.国家药品监督管理局应急办公室
E.市级疫情防控指挥部
【思考过程】：",BC,Doubao-1.5-Thinking,"【思考过程】：本题考查应对特别重大突发公共卫生事件时有权提出紧急使用医疗器械建议的部门。根据《突发公共卫生事件应急条例》《医疗器械监督管理条例》及相关应急预案，特别重大突发公共卫生事件的应急处理由国家级部门主导。国务院卫生主管部门（如国家卫生健康委员会）负责公共卫生事件的统筹协调和技术指导，有权根据实际需求提出紧急使用医疗器械的建议；国务院疾病预防控制部门（如国家疾控中心）负责事件监测、评估和风险研判，也需为紧急使用医疗器械提供科学依据并提出建议。省级人民政府和市级疫情防控指挥部主要负责本区域内的应急处置，无权对全国性特别重大事件直接提出建议；国家药品监督管理局应急办公室属于执行机构，主要负责审批而非建议。因此，有权提出建议的部门是国务院卫生主管部门和国务院疾病预防控制部门。

【最终答案】：BC",客观题,BC
急危重症处置,"你是一个严格按照要求答题的医学考试考生。请你先展示出完整的思考过程，然后再输出最终答案。每道题目有至少两个选项（A、B）至多五个选项（A、B、C、D、E），题目为不定项选择题，请按照以下格式作答：

【思考过程】：...

【最终答案】：AB / BCE / CD / DE / E / ...（只输出选项的编号，不要写选项内容）

示例：
题目：医疗伦理中四大基本原则是？
A.尊重自主权
B.善意行为
C.无害原则
D.公正原则
E.以上都不是
【思考过程】：本题考查医学伦理的四大基本原则，包括尊重自主权、不伤害原则、行善原则、公正原则。

【最终答案】：ABCD

题目：根据我国关于急危重症处置医疗器械临床试验的规定，某机构在何种条件下可将正在试验的器械用于其他患者？
A.经伦理委员会审查同意
B.经患者知情同意
C.仅需患者本人自愿书面申请
D.同一临床试验机构内的病情相同患者
E.仅限参与过该临床试验的患者
【思考过程】：",ABD,Doubao-1.5-Thinking,"【思考过程】：根据我国《医疗器械临床试验质量管理规范》等相关规定，对于急危重症处置医疗器械临床试验中试验器械用于其他患者的情况，需满足以下条件：首先，必须经过伦理委员会审查同意（A正确），以确保符合伦理要求；其次，需获得患者或其监护人的知情同意（B正确），保障患者的自主选择权。选项C“仅需患者本人自愿书面申请”错误，因仅申请不足以满足伦理和规范要求；选项D“同一临床试验机构内的病情相同患者”和E“仅限参与过该临床试验的患者”无明确法规依据，且“其他患者”不必然限定于同一机构或曾参与试验的患者。

【最终答案】：AB",客观题,AB
急危重症处置,"你是一个严格按照要求答题的医学考试考生。请你先展示出完整的思考过程，然后再输出最终答案。每道题目有至少两个选项（A、B）至多五个选项（A、B、C、D、E），题目为不定项选择题，请按照以下格式作答：

【思考过程】：...

【最终答案】：AB / BCE / CD / DE / E / ...（只输出选项的编号，不要写选项内容）

示例：
题目：医疗伦理中四大基本原则是？
A.尊重自主权
B.善意行为
C.无害原则
D.公正原则
E.以上都不是
【思考过程】：本题考查医学伦理的四大基本原则，包括尊重自主权、不伤害原则、行善原则、公正原则。

【最终答案】：ABCD

题目：急诊科的下列做法中，哪几项违反了相关法规要求？（多选）
A.因患者未携带身份证件，要求其返回家中取回后再接诊
B.接诊意识模糊的流浪患者后，立即实施气管插管并联系家属补办手续
C.首诊医生以""无专科治疗条件""为由将外伤出血患者转至其他科室但未评估生命体征
D.要求急性心梗患者在挂号缴费完成后再进入抢救室
E.对酒精中毒拒不配合治疗的患者，未予约束并等待家属签字
【思考过程】：",ACD,Doubao-1.5-Thinking,"【思考过程】：本题需判断急诊科做法是否违反相关法规，依据《医疗机构管理条例》《医疗质量管理办法》及急诊救治规范等分析各选项：

- **选项A**：患者未携带身份证件时，医疗机构不得以此为由拒绝接诊。生命健康权优先，要求患者返家取证件后再接诊违反法规。  
- **选项B**：对意识模糊的流浪患者（无法取得家属同意），立即实施抢救（气管插管）并后续补办手续，符合“先救治后补办”的急诊原则，不违法。  
- **选项C**：首诊医生转诊外伤出血患者时，未评估生命体征，违反首诊负责制（需初步评估病情后再转诊）。  
- **选项D**：急性心梗属急危重症，需立即抢救，要求先挂号缴费再进入抢救室违反“先救治后收费”规定。  
- **选项E**：酒精中毒患者拒不配合治疗时，可能存在自伤或伤害他人风险，医生应采取必要约束措施（保护性医疗），而非等待家属签字。未约束并等待签字可能延误救治，违反法规。  

综上，违反法规的做法为A、C、D、E。

【最终答案】：ACDE",客观题,ACDE
急危重症处置,"你是一个严格按照要求答题的医学考试考生。请你先展示出完整的思考过程，然后再输出最终答案。每道题目有至少两个选项（A、B）至多五个选项（A、B、C、D、E），题目为不定项选择题，请按照以下格式作答：

【思考过程】：...

【最终答案】：AB / BCE / CD / DE / E / ...（只输出选项的编号，不要写选项内容）

示例：
题目：医疗伦理中四大基本原则是？
A.尊重自主权
B.善意行为
C.无害原则
D.公正原则
E.以上都不是
【思考过程】：本题考查医学伦理的四大基本原则，包括尊重自主权、不伤害原则、行善原则、公正原则。

【最终答案】：ABCD

题目：下列关于急诊分诊的说法中，符合伦理要求的是哪些？
A.按患者挂号科室的匹配度分配治疗顺序
B.根据病人的疾病危险程度进行分诊
C.等候所有检查结果出具后再启动抢救
D.对可能危及生命安全的患者立即实施抢救
E.安排待产孕妇优先于其他急诊患者救治
【思考过程】：",BD,Doubao-1.5-Thinking,"【思考过程】：急诊分诊的伦理要求核心是优先救治危及生命的患者，遵循生命至上、公平公正原则。分析各选项：  
- 选项A：按挂号科室匹配度分配治疗顺序，不符合急诊分诊以病情严重程度为核心的原则，错误。  
- 选项B：根据疾病危险程度分诊，符合急诊分诊的核心原则（如“紧急程度优先”），正确。  
- 选项C：等候所有检查结果再抢救，可能延误危重患者救治，违背“生命优先”伦理，错误。  
- 选项D：对可能危及生命的患者立即抢救，符合“生命至上”的伦理要求，正确。  
- 选项E：待产孕妇属于高风险人群（可能突发分娩或并发症），优先救治符合“优先处理高危患者”的伦理，正确。  

【最终答案】：BDE",客观题,BDE
急危重症处置,"你是一个严格按照要求答题的医学考试考生。请你先展示出完整的思考过程，然后再输出最终答案。每道题目有至少两个选项（A、B）至多五个选项（A、B、C、D、E），题目为不定项选择题，请按照以下格式作答：

【思考过程】：...

【最终答案】：AB / BCE / CD / DE / E / ...（只输出选项的编号，不要写选项内容）

示例：
题目：医疗伦理中四大基本原则是？
A.尊重自主权
B.善意行为
C.无害原则
D.公正原则
E.以上都不是
【思考过程】：本题考查医学伦理的四大基本原则，包括尊重自主权、不伤害原则、行善原则、公正原则。

【最终答案】：ABCD

题目：根据相关规定，急诊科病历必须包含以下哪些内容？
A.患者家属职业
B.诊疗全过程
C.检查费用明细
D.患者去向
E.区县疾控报告记录
【思考过程】：",BD,Doubao-1.5-Thinking,"【思考过程】：根据《病历书写基本规范》及急诊科相关规定，急诊科病历需记录诊疗核心信息。选项分析如下：  
- A（患者家属职业）：病历主要记录患者自身信息，家属职业非必需内容；  
- B（诊疗全过程）：病历需完整记录诊疗过程（如检查、诊断、处理措施等），是核心内容；  
- C（检查费用明细）：费用明细属于收费记录，非病历必需内容；  
- D（患者去向）：需记录患者离院后的去向（如住院、转院、回家等），是必需内容；  
- E（区县疾控报告记录）：疾控报告属于传染病等特殊情况的上报流程，非病历本身必需内容。  

【最终答案】：BD",客观题,BD
急危重症处置,"你是一个严格按照要求答题的医学考试考生。请你先展示出完整的思考过程，然后再输出最终答案。每道题目有至少两个选项（A、B）至多五个选项（A、B、C、D、E），题目为不定项选择题，请按照以下格式作答：

【思考过程】：...

【最终答案】：AB / BCE / CD / DE / E / ...（只输出选项的编号，不要写选项内容）

示例：
题目：医疗伦理中四大基本原则是？
A.尊重自主权
B.善意行为
C.无害原则
D.公正原则
E.以上都不是
【思考过程】：本题考查医学伦理的四大基本原则，包括尊重自主权、不伤害原则、行善原则、公正原则。

【最终答案】：ABCD

题目：其他科室接到急诊科会诊申请后，是否允许在情况特殊时延迟进行会诊？
A.可以延迟，但需提前向急诊科说明原因；B.必须按照医院制度规定的时间完成会诊，不得延迟
【思考过程】：",B,Doubao-1.5-Thinking,"【思考过程】：根据医疗相关制度规定，急诊科患者病情通常较为紧急，其他科室接到急诊科会诊申请后应及时响应。但在特殊情况下（如会诊医生正在进行紧急手术、抢救其他患者等无法按时到达的情况），允许延迟会诊，但必须提前或及时向急诊科说明原因，以保障信息沟通和患者安全。因此，选项A符合规定，而选项B“不得延迟”的表述过于绝对，不符合实际情况。

【最终答案】：A",客观题,A
急危重症处置,"你是一个严格按照要求答题的医学考试考生。请你先展示出完整的思考过程，然后再输出最终答案。每道题目有至少两个选项（A、B）至多五个选项（A、B、C、D、E），题目为不定项选择题，请按照以下格式作答：

【思考过程】：...

【最终答案】：AB / BCE / CD / DE / E / ...（只输出选项的编号，不要写选项内容）

示例：
题目：医疗伦理中四大基本原则是？
A.尊重自主权
B.善意行为
C.无害原则
D.公正原则
E.以上都不是
【思考过程】：本题考查医学伦理的四大基本原则，包括尊重自主权、不伤害原则、行善原则、公正原则。

【最终答案】：ABCD

题目：以下哪种做法违反了关于急诊病人优先住院的规定？
A.将急诊处置后需住院的患者在24小时内转入专科病房
B.按患者挂号时间顺序安排住院床位
C.待患者预缴全部住院费用后再办理入院手续
D.为急诊患者临时调配ICU床位用于过渡
【思考过程】：",BC,Doubao-1.5-Thinking,"【思考过程】：本题考查急诊病人优先住院的规定。根据相关医疗管理要求，急诊患者应优先于普通患者获得住院床位，且不应因费用问题延误住院。选项A中24小时内转入专科病房符合急诊患者尽快住院的要求；选项B按挂号时间顺序安排床位未体现急诊优先，可能导致急诊患者等待；选项C要求预缴全部费用后再办理入院，违反了“不因费用延误救治”的原则；选项D临时调配ICU床位是为满足急诊紧急需求，符合优先规定。因此，B和C的做法违反规定。

【最终答案】：BC",客观题,BC
急危重症处置,"你是一个严格按照要求答题的医学考试考生。请你先展示出完整的思考过程，然后再输出最终答案。每道题目有至少两个选项（A、B）至多五个选项（A、B、C、D、E），题目为不定项选择题，请按照以下格式作答：

【思考过程】：...

【最终答案】：AB / BCE / CD / DE / E / ...（只输出选项的编号，不要写选项内容）

示例：
题目：医疗伦理中四大基本原则是？
A.尊重自主权
B.善意行为
C.无害原则
D.公正原则
E.以上都不是
【思考过程】：本题考查医学伦理的四大基本原则，包括尊重自主权、不伤害原则、行善原则、公正原则。

【最终答案】：ABCD

题目：以下哪些情形违反了急救中心（站）的院前医疗急救服务规定？
A. 因所有救护车已被派出执行其他任务而未及时调度车辆，导致延误
B. 因患者暂无家属在场而延迟派车
C. 由于急救人员正在进行内部培训，未能及时派出救护车
D. 院前急救费用未提前支付而拒绝出车
【思考过程】：",AC,Doubao-1.5-Thinking,"【思考过程】：根据《院前医疗急救管理办法》等相关规定，院前医疗急救服务应遵循及时、优先救治原则，不得因非医疗原因延迟或拒绝出车。  
- 选项A：所有救护车已被派出执行其他任务属于客观资源限制，非主观违规行为，不违反规定。  
- 选项B：患者暂无家属在场不能作为延迟派车的理由，院前急救需优先保障患者生命安全，延迟派车违反规定。  
- 选项C：急救人员内部培训不应影响急救任务执行，因培训未及时派车属于主观延误，违反规定。  
- 选项D：院前急救费用未提前支付不得作为拒绝出车的理由，拒绝出车违反规定。  

【最终答案】：BCD",客观题,BCD
急危重症处置,"你是一个严格按照要求答题的医学考试考生。请你先展示出完整的思考过程，然后再输出最终答案。每道题目有至少两个选项（A、B）至多五个选项（A、B、C、D、E），题目为不定项选择题，请按照以下格式作答：

【思考过程】：...

【最终答案】：AB / BCE / CD / DE / E / ...（只输出选项的编号，不要写选项内容）

示例：
题目：医疗伦理中四大基本原则是？
A.尊重自主权
B.善意行为
C.无害原则
D.公正原则
E.以上都不是
【思考过程】：本题考查医学伦理的四大基本原则，包括尊重自主权、不伤害原则、行善原则、公正原则。

【最终答案】：ABCD

题目：以下哪些属于急危重症患者转运的原则？
A.就近
B.就急
C.满足患者需求
D.完全遵循患者意愿
E.满足专业需要
【思考过程】：",ABE,Doubao-1.5-Thinking,"【思考过程】：急危重症患者转运的原则主要包括就近、就急和满足专业需要。就近原则是指优先选择距离最近且具备救治能力的医疗机构，避免因长途转运延误治疗；就急原则是根据患者病情的紧急程度，选择能尽快提供所需救治的医院；满足专业需要则是转运至具备相应专科救治能力的医院（如创伤中心、重症医学科等）。而“满足患者需求”和“完全遵循患者意愿”并非转运的核心原则，急危重症患者的首要任务是抢救生命，患者需求或意愿可能不符合救治需要，因此不选。

【最终答案】：ABE",客观题,ABE
急危重症处置,"你是一个严格按照要求答题的医学考试考生。请你先展示出完整的思考过程，然后再输出最终答案。每道题目有至少两个选项（A、B）至多五个选项（A、B、C、D、E），题目为不定项选择题，请按照以下格式作答：

【思考过程】：...

【最终答案】：AB / BCE / CD / DE / E / ...（只输出选项的编号，不要写选项内容）

示例：
题目：医疗伦理中四大基本原则是？
A.尊重自主权
B.善意行为
C.无害原则
D.公正原则
E.以上都不是
【思考过程】：本题考查医学伦理的四大基本原则，包括尊重自主权、不伤害原则、行善原则、公正原则。

【最终答案】：ABCD

题目：以下表述是否正确：急救中心在患者未付清急救费用的情况下，可以暂停转运至其指定的医院。
A.正确
B.错误
【思考过程】：",B,Doubao-1.5-Thinking,"【思考过程】：根据相关法律法规，急救中心的职责是保障患者生命安全，对急危患者应立即抢救，不得因费用未支付而拖延救治。转运患者时，费用未付清不能作为暂停转运的理由，否则可能延误救治。因此该表述错误。

【最终答案】：B",客观题,B
急危重症处置,"你是一个严格按照要求答题的医学考试考生。请你先展示出完整的思考过程，然后再输出最终答案。每道题目有至少两个选项（A、B）至多五个选项（A、B、C、D、E），题目为不定项选择题，请按照以下格式作答：

【思考过程】：...

【最终答案】：AB / BCE / CD / DE / E / ...（只输出选项的编号，不要写选项内容）

示例：
题目：医疗伦理中四大基本原则是？
A.尊重自主权
B.善意行为
C.无害原则
D.公正原则
E.以上都不是
【思考过程】：本题考查医学伦理的四大基本原则，包括尊重自主权、不伤害原则、行善原则、公正原则。

【最终答案】：ABCD

题目：关于检伤分类标识颜色与处置优先级的描述，哪一项是错误的？
A.红色标患者应第一优先处置和转送
B.黄色标患者应第二优先处置和转送
C.绿色标患者应第二优先处置和转送
D.黑色标患者应在确认死亡后分类
【思考过程】：",C,Doubao-1.5-Thinking,"【思考过程】：检伤分类通常采用四色标识法（红、黄、绿、黑）。红色为第一优先（危重伤，需立即处置），黄色为第二优先（重伤但稳定），绿色为第三优先（轻伤，可延迟处理），黑色为死亡或濒死（需确认死亡后分类）。选项C中“绿色标患者应第二优先”错误，绿色应为第三优先。

【最终答案】：C",客观题,C
急危重症处置,"你是一个严格按照要求答题的医学考试考生。请你先展示出完整的思考过程，然后再输出最终答案。每道题目有至少两个选项（A、B）至多五个选项（A、B、C、D、E），题目为不定项选择题，请按照以下格式作答：

【思考过程】：...

【最终答案】：AB / BCE / CD / DE / E / ...（只输出选项的编号，不要写选项内容）

示例：
题目：医疗伦理中四大基本原则是？
A.尊重自主权
B.善意行为
C.无害原则
D.公正原则
E.以上都不是
【思考过程】：本题考查医学伦理的四大基本原则，包括尊重自主权、不伤害原则、行善原则、公正原则。

【最终答案】：ABCD

题目：根据急危重症处置的“四集中”原则，以下哪些属于该原则的内容？
A.集中资源
B.集中专家
C.集中分级管理
D.集中伤病员
E.集中救治
【思考过程】：",ABDE,Doubao-1.5-Thinking,"【思考过程】：急危重症处置的“四集中”原则是指集中患者（伤病员）、集中专家、集中资源、集中救治。选项中，A（集中资源）、B（集中专家）、D（集中伤病员）、E（集中救治）均符合“四集中”内容；C（集中分级管理）不属于该原则范畴。

【最终答案】：ABDE",客观题,ABDE
急危重症处置,"你是一个严格按照要求答题的医学考试考生。请你先展示出完整的思考过程，然后再输出最终答案。每道题目有至少两个选项（A、B）至多五个选项（A、B、C、D、E），题目为不定项选择题，请按照以下格式作答：

【思考过程】：...

【最终答案】：AB / BCE / CD / DE / E / ...（只输出选项的编号，不要写选项内容）

示例：
题目：医疗伦理中四大基本原则是？
A.尊重自主权
B.善意行为
C.无害原则
D.公正原则
E.以上都不是
【思考过程】：本题考查医学伦理的四大基本原则，包括尊重自主权、不伤害原则、行善原则、公正原则。

【最终答案】：ABCD

题目：对于乙肝表面抗体阴性的医护人员，上岗前的正确建议是？
A.必须强制接种乙肝疫苗
B.建议接种乙肝疫苗
C.需隔离观察两周
D.需补种流感疫苗
E.无需采取额外措施
【思考过程】：",B,Doubao-1.5-Thinking,"【思考过程】：乙肝表面抗体（抗-HBs）阴性的医护人员因缺乏对乙肝病毒的免疫力，属于职业暴露高风险人群。根据相关感染防控指南，此类人员上岗前应建议接种乙肝疫苗以预防感染。选项A“强制接种”不符合常规建议（通常为建议而非强制）；选项C“隔离观察”无依据（抗体阴性非感染状态）；选项D“补种流感疫苗”与乙肝无关；选项E“无需措施”忽略了预防必要性。因此正确建议为“建议接种乙肝疫苗”。

【最终答案】：B",客观题,B
急危重症处置,"你是一个严格按照要求答题的医学考试考生。请你先展示出完整的思考过程，然后再输出最终答案。每道题目有至少两个选项（A、B）至多五个选项（A、B、C、D、E），题目为不定项选择题，请按照以下格式作答：

【思考过程】：...

【最终答案】：AB / BCE / CD / DE / E / ...（只输出选项的编号，不要写选项内容）

示例：
题目：医疗伦理中四大基本原则是？
A.尊重自主权
B.善意行为
C.无害原则
D.公正原则
E.以上都不是
【思考过程】：本题考查医学伦理的四大基本原则，包括尊重自主权、不伤害原则、行善原则、公正原则。

【最终答案】：ABCD

题目：以下关于急危重症处置的描述中，哪一项违反了医疗机构诊疗活动的规定？
A.实施保护性医疗时未告知患者家属用药方案
B.未经患者家属签字确认便开展高风险急救手术
C.在实施保护性医疗措施的同时取得患者配偶及同事的配合
D.因联系不上家属而延迟采取保护性医疗措施
【思考过程】：",BD,Doubao-1.5-Thinking,"【思考过程】：本题需判断哪一选项违反医疗机构诊疗活动规定，需结合相关医疗法规分析各选项：

- **选项A**：保护性医疗的核心是避免对患者造成心理伤害，但根据《执业医师法》第二十六条，医师应向患者或其家属如实介绍病情（避免对患者不利时告知家属）。因此，实施保护性医疗时需向家属告知关键信息（如用药方案），但题目未明确“未告知”是否属于必要信息，违规依据不充分。

- **选项B**：根据《民法典》第1220条及《医疗机构管理条例》，紧急情况下（如高风险急救手术），若无法取得患者或家属同意，经医疗机构负责人批准可立即实施。急救手术通常属于紧急情况，因此未经家属签字不必然违规。

- **选项C**：保护性医疗需家属及周围人员配合（如隐瞒病情以避免患者情绪波动），取得患者配偶及同事配合是合理措施，不违规。

- **选项D**：保护性医疗措施的目的是保护患者利益（如避免知情后病情恶化）。若因联系不上家属而延迟采取措施，可能导致患者权益受损。根据“及时救治”原则，不能因等待家属而延误必要措施，因此延迟违反规定。

【最终答案】：D",客观题,D
急危重症处置,"你是一个严格按照要求答题的医学考试考生。请你先展示出完整的思考过程，然后再输出最终答案。每道题目有至少两个选项（A、B）至多五个选项（A、B、C、D、E），题目为不定项选择题，请按照以下格式作答：

【思考过程】：...

【最终答案】：AB / BCE / CD / DE / E / ...（只输出选项的编号，不要写选项内容）

示例：
题目：医疗伦理中四大基本原则是？
A.尊重自主权
B.善意行为
C.无害原则
D.公正原则
E.以上都不是
【思考过程】：本题考查医学伦理的四大基本原则，包括尊重自主权、不伤害原则、行善原则、公正原则。

【最终答案】：ABCD

题目：在急危重症患者意识清醒但情绪极度不稳定的情况下，医疗机构在开展抢救性气管插管前，下列哪项做法符合伦理规定？
A.为避免刺激患者，直接实施操作后补充法律文件
B.由实习医生向患者说明操作风险后即刻实施
C.主治医师未经评估将预后不良信息全盘告知患者
D.因患者情绪不稳定，医生仅向家属详细解释治疗方案，未直接告知患者
【思考过程】：",D,Doubao-1.5-Thinking,"【思考过程】：本题考查急危重症患者抢救性操作前的伦理规范，核心在于知情同意原则的应用。  
- **选项A**：直接实施操作后补充法律文件，违反知情同意原则。患者意识清醒时，应尽可能获得其同意，而非事后补办，故不符合伦理。  
- **选项B**：由实习医生说明风险后实施操作。知情同意需由具备专业能力的医务人员（如主治医师）向患者充分解释，实习医生资质不足，无法确保患者理解风险，故不符合。  
- **选项C**：未经评估全盘告知预后不良信息。患者情绪极度不稳定时，过度负面信息可能加重心理负担，影响抢救，需评估患者心理状态后适度沟通，故不符合。  
- **选项D**：因患者情绪不稳定，仅向家属详细解释。患者虽意识清醒但情绪极度不稳定时，可能暂时无法理性决策，此时向家属详细说明并由其协助决策，符合“最佳利益原则”和紧急情况下的伦理规范（如患者无法有效参与决策时，家属可代为行使知情同意权）。  

【最终答案】：D",客观题,D
急危重症处置,"你是一个严格按照要求答题的医学考试考生。请你先展示出完整的思考过程，然后再输出最终答案。每道题目有至少两个选项（A、B）至多五个选项（A、B、C、D、E），题目为不定项选择题，请按照以下格式作答：

【思考过程】：...

【最终答案】：AB / BCE / CD / DE / E / ...（只输出选项的编号，不要写选项内容）

示例：
题目：医疗伦理中四大基本原则是？
A.尊重自主权
B.善意行为
C.无害原则
D.公正原则
E.以上都不是
【思考过程】：本题考查医学伦理的四大基本原则，包括尊重自主权、不伤害原则、行善原则、公正原则。

【最终答案】：ABCD

题目：以下哪种情形属于《医疗技术临床应用管理条例》中定义的“特殊检查、特殊治疗”？
A. 需全身麻醉的无痛肠镜检查且有术后感染风险
B. 对青霉素过敏患者家族中有过敏史者使用头孢菌素
C. 新研发的肿瘤靶向药物Ⅲ期临床试验
D. 需自费的基因测序项目预计花费6万元
E. 使用常规剂量抗凝药物后出现的轻微牙龈出血
【思考过程】：",ACD,Doubao-1.5-Thinking,"【思考过程】：根据《医疗技术临床应用管理条例》，“特殊检查、特殊治疗”通常指具有较高风险、费用昂贵、创伤性较大、临床试验性或可能对患者产生不良后果的检查和治疗。具体分析各选项：  
- 选项A：需全身麻醉的无痛肠镜检查且有术后感染风险，涉及麻醉风险和术后感染风险，符合“有一定危险性，可能产生不良后果的检查”，属于特殊检查。  
- 选项B：对青霉素过敏患者家族中有过敏史者使用头孢菌素，主要涉及过敏风险的常规用药注意事项，未明确属于高风险或试验性操作，不直接符合特殊治疗定义。  
- 选项C：新研发的肿瘤靶向药物Ⅲ期临床试验，属于临床试验性治疗，符合“临床试验性检查和治疗”的特殊治疗定义。  
- 选项D：需自费的基因测序项目预计花费6万元，费用昂贵（可能对患者造成较大经济负担），符合“收费可能对患者造成较大经济负担的检查”，属于特殊检查。  
- 选项E：使用常规剂量抗凝药物后出现的轻微牙龈出血，属于治疗过程中的不良反应处理，并非检查或治疗本身的类型，不属于特殊检查或治疗。  

【最终答案】：ACD",客观题,ACD
急危重症处置,"你是一个严格按照要求答题的医学考试考生。请你先展示出完整的思考过程，然后再输出最终答案。每道题目有至少两个选项（A、B）至多五个选项（A、B、C、D、E），题目为不定项选择题，请按照以下格式作答：

【思考过程】：...

【最终答案】：AB / BCE / CD / DE / E / ...（只输出选项的编号，不要写选项内容）

示例：
题目：医疗伦理中四大基本原则是？
A.尊重自主权
B.善意行为
C.无害原则
D.公正原则
E.以上都不是
【思考过程】：本题考查医学伦理的四大基本原则，包括尊重自主权、不伤害原则、行善原则、公正原则。

【最终答案】：ABCD

题目：在急危重症处置中，以下哪种情形医务人员可以立即实施相应医疗措施？
A.患者昏迷且家属在场但拒绝签署同意书
B.经主治医师自主判断后认为需要紧急救治时
C.紧急情况下无法取得患者及其近亲属意见，并经医院负责人批准
D.患者意识清醒但拒绝治疗，但医务人员认为有必要时
【思考过程】：",C,Doubao-1.5-Thinking,"【思考过程】：本题考查急危重症处置中医务人员实施医疗措施的合法情形，需依据相关法律法规分析各选项：

- 选项A：患者昏迷但家属在场且拒绝签署同意书时，不属于“无法取得近亲属意见”的情形（家属明确拒绝），此时不能直接实施医疗措施，故A不符合。  
- 选项B：主治医师仅自主判断需紧急救治时，缺乏法律依据。根据《民法典》第1220条，紧急情况下需经医疗机构负责人或授权的负责人批准方可实施，而非仅主治医师自主决定，故B不符合。  
- 选项C：紧急情况下无法取得患者及近亲属意见（如联系不上或无法表达），并经医院负责人批准，符合《民法典》规定的紧急医疗措施实施条件，故C符合。  
- 选项D：患者意识清醒且拒绝治疗时，其具有完全民事行为能力，医务人员应尊重患者自主权，不得强行实施医疗措施，故D不符合。

【最终答案】：C",客观题,C
急危重症处置,"你是一个严格按照要求答题的医学考试考生。请你先展示出完整的思考过程，然后再输出最终答案。每道题目有至少两个选项（A、B）至多五个选项（A、B、C、D、E），题目为不定项选择题，请按照以下格式作答：

【思考过程】：...

【最终答案】：AB / BCE / CD / DE / E / ...（只输出选项的编号，不要写选项内容）

示例：
题目：医疗伦理中四大基本原则是？
A.尊重自主权
B.善意行为
C.无害原则
D.公正原则
E.以上都不是
【思考过程】：本题考查医学伦理的四大基本原则，包括尊重自主权、不伤害原则、行善原则、公正原则。

【最终答案】：ABCD

题目：在急危重症处置中，医疗机构开展高风险的诊疗活动时，以下哪项行为属于法律规定的义务？
A.在诊疗结束后对风险进行复盘分析
B.提前制定详细的应急方案
C.未经患者授权直接启动紧急预案
D.主动评估潜在并发症并准备应对措施
E.针对可能延误的情况及时完成替代治疗方案
【思考过程】：",BDE,Doubao-1.5-Thinking,"【思考过程】：本题考查急危重症处置中医疗机构开展高风险诊疗活动时的法律义务。需结合相关法律法规分析各选项：

- **选项A**：“在诊疗结束后对风险进行复盘分析”属于事后质量改进或内部管理措施，法律未明确规定为必须履行的义务。  
- **选项B**：“提前制定详细的应急方案”是高风险诊疗活动的必要准备，符合《医疗质量安全核心制度》中对高风险操作需预先制定应急预案的要求，属于法律义务。  
- **选项C**：“未经患者授权直接启动紧急预案”仅适用于无法取得患者或其近亲属同意的紧急情况（如《民法典》第1220条），并非常规义务，故不选。  
- **选项D**：“主动评估潜在并发症并准备应对措施”是高风险诊疗前风险评估的核心内容，属于诊疗规范和法律要求的义务（如《医疗纠纷预防和处理条例》对风险评估的规定）。  
- **选项E**：“针对可能延误的情况及时完成替代治疗方案”符合《基本医疗卫生与健康促进法》中关于向患者说明替代医疗方案的要求，属于高风险诊疗前需履行的义务。  

综上，B、D、E为法律规定的义务。

【最终答案】：BDE",客观题,BDE
急危重症处置,"你是一个严格按照要求答题的医学考试考生。请你先展示出完整的思考过程，然后再输出最终答案。每道题目有至少两个选项（A、B）至多五个选项（A、B、C、D、E），题目为不定项选择题，请按照以下格式作答：

【思考过程】：...

【最终答案】：AB / BCE / CD / DE / E / ...（只输出选项的编号，不要写选项内容）

示例：
题目：医疗伦理中四大基本原则是？
A.尊重自主权
B.善意行为
C.无害原则
D.公正原则
E.以上都不是
【思考过程】：本题考查医学伦理的四大基本原则，包括尊重自主权、不伤害原则、行善原则、公正原则。

【最终答案】：ABCD

题目：根据《病历书写基本规范》，对于急危重症抢救中未能及时书写病历的情况，以下哪一做法符合规定？
A.抢救结束后24小时内补记并口头说明情况
B.立即补记无需额外注明
C.由护士代为记录抢救过程
D.医务人员在6小时内补记并注明抢救情况
E.使用未完全记录的病历直接存档
【思考过程】：",D,Doubao-1.5-Thinking,"【思考过程】：根据《病历书写基本规范》第二十二条规定，抢救急危患者时，若未能及时书写病历，有关医务人员应当在抢救结束后6小时内据实补记，并加以注明。分析各选项：  
- A选项“24小时内补记”不符合6小时的规定；  
- B选项“无需额外注明”与“需注明”的要求矛盾；  
- C选项“由护士代为记录”错误，应是相关医务人员补记；  
- D选项“6小时内补记并注明抢救情况”完全符合规范；  
- E选项“未完全记录的病历直接存档”违反必须补记的要求。  

【最终答案】：D",客观题,D
急危重症处置,"你是一个严格按照要求答题的医学考试考生。请你先展示出完整的思考过程，然后再输出最终答案。每道题目有至少两个选项（A、B）至多五个选项（A、B、C、D、E），题目为不定项选择题，请按照以下格式作答：

【思考过程】：...

【最终答案】：AB / BCE / CD / DE / E / ...（只输出选项的编号，不要写选项内容）

示例：
题目：医疗伦理中四大基本原则是？
A.尊重自主权
B.善意行为
C.无害原则
D.公正原则
E.以上都不是
【思考过程】：本题考查医学伦理的四大基本原则，包括尊重自主权、不伤害原则、行善原则、公正原则。

【最终答案】：ABCD

题目：患者死亡后，医患双方对死因提出异议且具备尸体冻存条件时，尸检最迟应在死亡后多长时间内进行？
A.48小时
B.5日
C.7日
D.10日
E.14日
【思考过程】：",C,Doubao-1.5-Thinking,"【思考过程】：根据《医疗事故处理条例》规定，患者死亡后，医患双方当事人不能确定死因或者对死因有异议的，应当在患者死亡后48小时内进行尸检；具备尸体冻存条件的，可以延长至7日。本题明确指出“具备尸体冻存条件”，因此尸检最迟应在死亡后7日内进行。

【最终答案】：C",客观题,C
急危重症处置,"你是一个严格按照要求答题的医学考试考生。请你先展示出完整的思考过程，然后再输出最终答案。每道题目有至少两个选项（A、B）至多五个选项（A、B、C、D、E），题目为不定项选择题，请按照以下格式作答：

【思考过程】：...

【最终答案】：AB / BCE / CD / DE / E / ...（只输出选项的编号，不要写选项内容）

示例：
题目：医疗伦理中四大基本原则是？
A.尊重自主权
B.善意行为
C.无害原则
D.公正原则
E.以上都不是
【思考过程】：本题考查医学伦理的四大基本原则，包括尊重自主权、不伤害原则、行善原则、公正原则。

【最终答案】：ABCD

题目：关于危重孕产妇救治中心的分娩现场人员配置，以下哪种情况符合规定？
A.由未经培训的助产士独立值守
B.1名持有新生儿复苏资质证明的麻醉科医师在场
C.2名普通儿科住院医师参与分娩
D.产科主任与1名未接受复苏培训的护士共同在场
E.分娩时仅产科医生在场并由其他科室视频会诊支持
【思考过程】：",B,Doubao-1.5-Thinking,"【思考过程】：根据危重孕产妇救治中心的相关规定，分娩现场需配备经过专业培训的人员以保障母婴安全。选项A中“未经培训的助产士独立值守”不符合要求，因值守人员需经培训；选项B中“持有新生儿复苏资质证明的麻醉科医师在场”符合规定，需有具备新生儿复苏能力的人员；选项C中“普通儿科住院医师”若未明确具备复苏资质则不符合；选项D中“未接受复苏培训的护士”无法满足紧急需求；选项E中“仅产科医生在场并视频会诊”不符合现场需多科室人员实时在场的要求。

【最终答案】：B",客观题,B
急危重症处置,"你是一个严格按照要求答题的医学考试考生。请你先展示出完整的思考过程，然后再输出最终答案。每道题目有至少两个选项（A、B）至多五个选项（A、B、C、D、E），题目为不定项选择题，请按照以下格式作答：

【思考过程】：...

【最终答案】：AB / BCE / CD / DE / E / ...（只输出选项的编号，不要写选项内容）

示例：
题目：医疗伦理中四大基本原则是？
A.尊重自主权
B.善意行为
C.无害原则
D.公正原则
E.以上都不是
【思考过程】：本题考查医学伦理的四大基本原则，包括尊重自主权、不伤害原则、行善原则、公正原则。

【最终答案】：ABCD

题目：危重孕产妇救治中心应针对以下哪些孕产妇和新生儿主要死因制定应急预案并完善抢救程序？
A.产后出血
B.新生儿窒息
C.胎盘早剥
D.脐带脱垂
E.子痫前期
【思考过程】：",AB,Doubao-1.5-Thinking,"【思考过程】：本题考查危重孕产妇救治中心应急预案的制定依据。根据相关指南，需针对孕产妇和新生儿的主要死因及高危急症制定预案。产后出血（A）是孕产妇首位死因；新生儿窒息（B）是新生儿主要死因之一；胎盘早剥（C）可导致严重母儿并发症甚至死亡；脐带脱垂（D）会迅速引发胎儿缺氧；子痫前期（E）属于妊娠期高血压疾病，是孕产妇重要死因。以上均为需要重点关注的主要死因或急症，需制定应急预案并完善抢救程序。

【最终答案】：ABCDE",客观题,ABCDE
急危重症处置,"你是一个严格按照要求答题的医学考试考生。请你先展示出完整的思考过程，然后再输出最终答案。每道题目有至少两个选项（A、B）至多五个选项（A、B、C、D、E），题目为不定项选择题，请按照以下格式作答：

【思考过程】：...

【最终答案】：AB / BCE / CD / DE / E / ...（只输出选项的编号，不要写选项内容）

示例：
题目：医疗伦理中四大基本原则是？
A.尊重自主权
B.善意行为
C.无害原则
D.公正原则
E.以上都不是
【思考过程】：本题考查医学伦理的四大基本原则，包括尊重自主权、不伤害原则、行善原则、公正原则。

【最终答案】：ABCD

题目：以下哪些措施符合危重孕产妇救治中心的能力建设要求？
A.每季度开展2次专项技能培训
B.每季度开展1次急救演练
C.紧急剖宫产DDI时间上限为30分钟
D.每月开展1次专项培训且DDI时间为30分钟
E.允许DDI时间延长至35分钟
【思考过程】：",BC,Doubao-1.5-Thinking,"【思考过程】：本题考查危重孕产妇救治中心能力建设的具体要求。根据相关规范（如《危重孕产妇和新生儿救治中心建设与管理指南》）：  
1. 专项技能培训：要求每季度至少开展2次（选项A符合），而选项D中“每月1次”频率过高，不符合标准。  
2. 急救演练：要求每季度至少开展1次（选项B符合）。  
3. DDI时间（决策到实施剖宫产时间）：紧急剖宫产的DDI时间上限为30分钟（选项C符合），选项E中“延长至35分钟”不符合要求。  

综上，符合要求的措施为A、B、C。

【最终答案】：ABC",客观题,ABC
急危重症处置,"你是一个严格按照要求答题的医学考试考生。请你先展示出完整的思考过程，然后再输出最终答案。每道题目有至少两个选项（A、B）至多五个选项（A、B、C、D、E），题目为不定项选择题，请按照以下格式作答：

【思考过程】：...

【最终答案】：AB / BCE / CD / DE / E / ...（只输出选项的编号，不要写选项内容）

示例：
题目：医疗伦理中四大基本原则是？
A.尊重自主权
B.善意行为
C.无害原则
D.公正原则
E.以上都不是
【思考过程】：本题考查医学伦理的四大基本原则，包括尊重自主权、不伤害原则、行善原则、公正原则。

【最终答案】：ABCD

题目：危重孕产妇救治中心必须建立以下哪些特定制度？
A.高危孕产妇随访制度
B.高危妊娠管理制度
C.孕产妇危重症评审制度
D.孕产妇急救培训制度
E.孕产妇死亡评审制度
【思考过程】：",BCE,Doubao-1.5-Thinking,"【思考过程】：根据《危重孕产妇和新生儿救治中心建设与管理指南》，危重孕产妇救治中心需要建立的特定制度包括：高危孕产妇随访制度（A）以跟踪高危孕妇情况；高危妊娠管理制度（B）作为基础管理环节；孕产妇危重症评审制度（C）用于总结救治经验、改进措施；孕产妇急救培训制度（D）以提升医护人员急救能力；孕产妇死亡评审制度（E）作为质量改进的重要措施。因此，以上制度均为必须建立的。

【最终答案】：ABCDE",客观题,ABCDE
急危重症处置,"你是一个严格按照要求答题的医学考试考生。请你先展示出完整的思考过程，然后再输出最终答案。每道题目有至少两个选项（A、B）至多五个选项（A、B、C、D、E），题目为不定项选择题，请按照以下格式作答：

【思考过程】：...

【最终答案】：AB / BCE / CD / DE / E / ...（只输出选项的编号，不要写选项内容）

示例：
题目：医疗伦理中四大基本原则是？
A.尊重自主权
B.善意行为
C.无害原则
D.公正原则
E.以上都不是
【思考过程】：本题考查医学伦理的四大基本原则，包括尊重自主权、不伤害原则、行善原则、公正原则。

【最终答案】：ABCD

题目：以下哪种情况一般不属于重症医学科的收治范围？
A.高血压危象伴急性心衰
B.晚期恶性肿瘤合并全身恶液质
C.急性呼吸窘迫综合征需机械通气
D.严重阿尔茨海默病终末期
E.终末期肝硬化伴多器官功能衰竭
【思考过程】：",BDE,Doubao-1.5-Thinking,"【思考过程】：重症医学科（ICU）主要收治病情危重、需要密切监测和器官功能支持的患者，重点在于可逆性危重症的救治。终末期、不可逆性疾病或治疗意义不大的情况通常不属于其收治范围。  

- **A. 高血压危象伴急性心衰**：高血压危象为急症，急性心衰需紧急干预和监护，属于ICU收治范围。  
- **B. 晚期恶性肿瘤合并全身恶液质**：晚期肿瘤伴恶液质为终末期，治疗以姑息为主，无明确可逆性，一般不收入ICU。  
- **C. 急性呼吸窘迫综合征需机械通气**：ARDS是ICU常见重症，机械通气为关键支持手段，属于收治范围。  
- **D. 严重阿尔茨海默病终末期**：终末期阿尔茨海默病以认知功能丧失为主，无可逆性器官功能障碍，ICU治疗意义有限，一般不收治。  
- **E. 终末期肝硬化伴多器官功能衰竭**：终末期肝硬化多为慢性不可逆病变，合并多器官衰竭时通常无有效逆转手段，一般也不属于ICU收治范围。但需注意，若为急性失代偿导致的多器官功能障碍可能例外，但题目强调“一般”情况，故仍倾向于不收治。  

综上，B、D、E均可能属于不收治范围，但需结合“一般”标准。通常，晚期恶性肿瘤（B）和严重阿尔茨海默病终末期（D）因明确的终末期不可逆性，更符合“一般不属于”的定义。  

【最终答案】：BD",客观题,BD
急危重症处置,"你是一个严格按照要求答题的医学考试考生。请你先展示出完整的思考过程，然后再输出最终答案。每道题目有至少两个选项（A、B）至多五个选项（A、B、C、D、E），题目为不定项选择题，请按照以下格式作答：

【思考过程】：...

【最终答案】：AB / BCE / CD / DE / E / ...（只输出选项的编号，不要写选项内容）

示例：
题目：医疗伦理中四大基本原则是？
A.尊重自主权
B.善意行为
C.无害原则
D.公正原则
E.以上都不是
【思考过程】：本题考查医学伦理的四大基本原则，包括尊重自主权、不伤害原则、行善原则、公正原则。

【最终答案】：ABCD

题目：当患者或其家属不同意继续在重症医学科治疗时，医院应当如何处理？
A.需患者和家属双方均明确拒绝才能转出
B.患者或家属中任一主体拒绝即可转出
C.继续采取必要急救措施后再评估转出
D.由伦理委员会审查同意后方可转出
【思考过程】：",B,Doubao-1.5-Thinking,"【思考过程】：本题考查患者或家属拒绝继续重症医学科治疗时的处理原则。根据相关法律法规和医学伦理，患者或其家属有权拒绝治疗，但医院需在保障患者生命安全的前提下处理。选项A要求患者和家属双方均拒绝，不符合实际（患者有行为能力时本人意愿优先）；选项B认为任一主体拒绝即可转出，忽略了患者病情可能不稳定需急救的情况；选项D要求伦理委员会审查，通常适用于复杂伦理问题，非常规处理。选项C“继续采取必要急救措施后再评估转出”符合医疗规范，即优先维持患者生命体征，稳定后再评估转出，确保患者安全。

【最终答案】：C",客观题,C
急危重症处置,"你是一个严格按照要求答题的医学考试考生。请你先展示出完整的思考过程，然后再输出最终答案。每道题目有至少两个选项（A、B）至多五个选项（A、B、C、D、E），题目为不定项选择题，请按照以下格式作答：

【思考过程】：...

【最终答案】：AB / BCE / CD / DE / E / ...（只输出选项的编号，不要写选项内容）

示例：
题目：医疗伦理中四大基本原则是？
A.尊重自主权
B.善意行为
C.无害原则
D.公正原则
E.以上都不是
【思考过程】：本题考查医学伦理的四大基本原则，包括尊重自主权、不伤害原则、行善原则、公正原则。

【最终答案】：ABCD

题目：在急危重症处置中，关于非医务人员访视的规定，以下哪几项属于正确做法？
A.访视前必须经过必要性评估
B.必要时可不限制访视时间
C.访视人数不得超过2人同时进入
D.无需防护用具可接触患者
E.每次访视时长需控制在15分钟内
【思考过程】：",ACE,Doubao-1.5-Thinking,"【思考过程】：本题考查急危重症处置中非医务人员访视的规定。需逐一分析选项：  
- 选项A：急危重症患者病情不稳定，非医务人员访视可能影响治疗或增加感染风险，因此访视前进行必要性评估是必要的，A正确。  
- 选项B：在特殊情况下（如患者临终），为满足家属情感需求，必要时可不严格限制访视时间，B正确。  
- 选项C：为避免人员过多影响医疗环境或增加感染风险，多数规范要求访视人数不超过2人同时进入，C正确。  
- 选项D：急危重症患者免疫力较低或可能存在传染性，访视者必须使用防护用具，D错误。  
- 选项E：通常访视时长会有限制（如15-30分钟），但“需控制在15分钟内”过于绝对，不同情况可能有差异，E错误。  

【最终答案】：ABC",客观题,ABC
急危重症处置,"你是一个严格按照要求答题的医学考试考生。请你先展示出完整的思考过程，然后再输出最终答案。每道题目有至少两个选项（A、B）至多五个选项（A、B、C、D、E），题目为不定项选择题，请按照以下格式作答：

【思考过程】：...

【最终答案】：AB / BCE / CD / DE / E / ...（只输出选项的编号，不要写选项内容）

示例：
题目：医疗伦理中四大基本原则是？
A.尊重自主权
B.善意行为
C.无害原则
D.公正原则
E.以上都不是
【思考过程】：本题考查医学伦理的四大基本原则，包括尊重自主权、不伤害原则、行善原则、公正原则。

【最终答案】：ABCD

题目：在急危重症病人抢救过程中，以下哪些措施是法规明确要求的必要步骤？
A. 允许主治医师暂时离开现场处理其他急诊患者，B. 对于意识模糊患者采用约束带实施强制性体位固定，C. 迅速开放静脉通道并实时进行生命支持，D. 填写病危/病重通知单并告知家属病情
【思考过程】：",CD,Doubao-1.5-Thinking,"【思考过程】：本题需判断急危重症抢救中法规明确要求的必要步骤。  
- 选项A：主治医师在抢救过程中需全程参与以确保救治连续性，暂时离开不符合法规要求。  
- 选项B：约束带的使用需严格评估必要性（如患者存在自伤或伤害他人风险），并非所有意识模糊患者都需强制约束，非必要步骤。  
- 选项C：急危重症抢救的核心是维持生命体征，迅速开放静脉通道（用于给药、补液等）和实时生命支持是法规明确要求的关键措施。  
- 选项D：根据《医疗事故处理条例》等法规，医疗机构需及时向家属告知病情，填写病危/病重通知单并签字确认是法定告知义务的必要步骤。  

【最终答案】：CD",客观题,CD
基因干细胞诊疗,"你是一个严格按照要求答题的医学考试考生。请你先展示出完整的思考过程，然后再输出最终答案。每道题目有至少两个选项（A、B）至多五个选项（A、B、C、D、E），题目为不定项选择题，请按照以下格式作答：

【思考过程】：...

【最终答案】：AB / BCE / CD / DE / E / ...（只输出选项的编号，不要写选项内容）

示例：
题目：医疗伦理中四大基本原则是？
A.尊重自主权
B.善意行为
C.无害原则
D.公正原则
E.以上都不是
【思考过程】：本题考查医学伦理的四大基本原则，包括尊重自主权、不伤害原则、行善原则、公正原则。

【最终答案】：ABCD

题目：以下哪种行为违反了完全民事行为能力人关于基因干细胞捐献的相关规定？
A.医生利用职务之便强制患者捐献干细胞
B.机构假冒公益项目名义诱导捐献
C.未经本人同意使用其已捐献的干细胞样本
D.以提供免费旅游机会为条件换取捐献
E.经本人签字确认的无偿捐献协议
【思考过程】：",ABD,Doubao-1.5-Thinking,"【思考过程】：根据相关法律法规，基因干细胞捐献需遵循自愿、知情同意、禁止利诱或强迫等原则。分析各选项：  
- A选项：医生强制患者捐献，违反自愿原则，违规。  
- B选项：假冒公益名义诱导捐献，影响真实意愿，违规。  
- C选项：未经同意使用已捐献样本，侵犯知情同意权，违规。  
- D选项：以免费旅游利诱捐献，违反禁止利诱规定，违规。  
- E选项：本人签字确认的无偿捐献协议，符合自愿无偿原则，不违规。  

【最终答案】：ABCD",客观题,ABCD
基因干细胞诊疗,"你是一个严格按照要求答题的医学考试考生。请你先展示出完整的思考过程，然后再输出最终答案。每道题目有至少两个选项（A、B）至多五个选项（A、B、C、D、E），题目为不定项选择题，请按照以下格式作答：

【思考过程】：...

【最终答案】：AB / BCE / CD / DE / E / ...（只输出选项的编号，不要写选项内容）

示例：
题目：医疗伦理中四大基本原则是？
A.尊重自主权
B.善意行为
C.无害原则
D.公正原则
E.以上都不是
【思考过程】：本题考查医学伦理的四大基本原则，包括尊重自主权、不伤害原则、行善原则、公正原则。

【最终答案】：ABCD

题目：以下哪种情形违反了禁止人体细胞、组织买卖的法律规定？
A.经红十字会批准后进行脐带血交易
B.自愿无偿转让皮肤组织用于科研
C.以公益为目的批量购买骨髓干细胞
D.在遗体捐献登记机构办理器官捐献手续
E.某机构宣称补偿营养费获得病人肿瘤标本
【思考过程】：",E,Doubao-1.5-Thinking,"【思考过程】：根据我国相关法律法规，禁止以任何形式买卖人体细胞、组织或器官，强调自愿无偿原则，但允许合理补偿（如必要的交通、误工等费用），但不得以交易、购买等形式进行。  
- 选项A：脐带血交易属于“买卖”行为，即使经红十字会批准，仍违反禁止买卖规定。  
- 选项B：自愿无偿转让皮肤组织用于科研，符合自愿无偿原则，不违反。  
- 选项C：“批量购买骨髓干细胞”属于买卖行为，无论是否以公益为目的，均违反规定。  
- 选项D：在遗体捐献登记机构办理器官捐献手续是合法捐献行为，不违反。  
- 选项E：以“补偿营养费”名义获得肿瘤标本，可能构成变相买卖（若补偿超出合理范围或实质为交易），违反规定。  

【最终答案】：ACE",客观题,ACE
基因干细胞诊疗,"你是一个严格按照要求答题的医学考试考生。请你先展示出完整的思考过程，然后再输出最终答案。每道题目有至少两个选项（A、B）至多五个选项（A、B、C、D、E），题目为不定项选择题，请按照以下格式作答：

【思考过程】：...

【最终答案】：AB / BCE / CD / DE / E / ...（只输出选项的编号，不要写选项内容）

示例：
题目：医疗伦理中四大基本原则是？
A.尊重自主权
B.善意行为
C.无害原则
D.公正原则
E.以上都不是
【思考过程】：本题考查医学伦理的四大基本原则，包括尊重自主权、不伤害原则、行善原则、公正原则。

【最终答案】：ABCD

题目：在基因干细胞诊疗中，以下哪种情况下医疗机构需要承担赔偿责任？
A.医务人员在手术中操作失误导致患者损伤
B.患者因自身体质原因出现未预见的排异反应
C.医疗机构未充分告知诊疗风险且患者出现后遗症
D.医疗器械突然故障但医院已定期维护
【思考过程】：",AC,Doubao-1.5-Thinking,"【思考过程】：本题需根据医疗损害责任相关法律规定分析各选项。  
- 选项A：医务人员操作失误属于诊疗过错，根据《民法典》规定，医疗机构需对医务人员过错造成的损害承担赔偿责任，故A需担责。  
- 选项B：患者因自身体质出现未预见排异反应，属于不可预见的并发症，若医疗机构无过错（如已尽注意义务），则无需担责，故B不选。  
- 选项C：医疗机构未充分告知诊疗风险，违反法定告知义务，属于过错，因此患者出现后遗症时需承担赔偿责任，故C需担责。  
- 选项D：医疗器械突然故障但已定期维护，说明医院尽到管理义务，无过错，无需担责，故D不选。  

【最终答案】：AC",客观题,AC
基因干细胞诊疗,"你是一个严格按照要求答题的医学考试考生。请你先展示出完整的思考过程，然后再输出最终答案。每道题目有至少两个选项（A、B）至多五个选项（A、B、C、D、E），题目为不定项选择题，请按照以下格式作答：

【思考过程】：...

【最终答案】：AB / BCE / CD / DE / E / ...（只输出选项的编号，不要写选项内容）

示例：
题目：医疗伦理中四大基本原则是？
A.尊重自主权
B.善意行为
C.无害原则
D.公正原则
E.以上都不是
【思考过程】：本题考查医学伦理的四大基本原则，包括尊重自主权、不伤害原则、行善原则、公正原则。

【最终答案】：ABCD

题目：在基因干细胞诊疗中，以下哪些情况符合医务人员应尽的义务？
A.常规诊疗中向患者说明病情和基础医疗措施
B.在实施基因干细胞移植前，向患者详细说明医疗风险和替代治疗方案
C.在患者拒绝听取说明时，无需进一步沟通直接进行治疗
D.患者因昏迷无法知情同意时，向其近亲属说明并取得明确同意
E.对特殊检查仅进行口头告知并获得患者口头默许
【思考过程】：",ABD,Doubao-1.5-Thinking,"【思考过程】：本题考查基因干细胞诊疗中医务人员的义务，核心涉及知情同意原则及相关法规要求。  
- 选项A：常规诊疗中说明病情和基础医疗措施是医务人员的基本义务，符合《医疗纠纷预防和处理条例》规定，正确。  
- 选项B：基因干细胞移植属于高风险特殊治疗，需详细说明风险和替代方案以保障患者知情同意权，正确。  
- 选项C：患者拒绝听取说明时，医务人员仍需尽力沟通，不能直接治疗，否则侵犯患者自主权，错误。  
- 选项D：患者昏迷无法自主同意时，向近亲属说明并取得同意符合《民法典》关于替代同意的规定，正确。  
- 选项E：特殊检查需书面告知并取得书面同意（而非口头默许），口头告知不符合规范，错误。  

【最终答案】：ABD",客观题,ABD
基因干细胞诊疗,"你是一个严格按照要求答题的医学考试考生。请你先展示出完整的思考过程，然后再输出最终答案。每道题目有至少两个选项（A、B）至多五个选项（A、B、C、D、E），题目为不定项选择题，请按照以下格式作答：

【思考过程】：...

【最终答案】：AB / BCE / CD / DE / E / ...（只输出选项的编号，不要写选项内容）

示例：
题目：医疗伦理中四大基本原则是？
A.尊重自主权
B.善意行为
C.无害原则
D.公正原则
E.以上都不是
【思考过程】：本题考查医学伦理的四大基本原则，包括尊重自主权、不伤害原则、行善原则、公正原则。

【最终答案】：ABCD

题目：在基因干细胞诊疗中，下列哪种情形可能导致医疗机构承担赔偿责任？
A.医务人员因患者无力支付费用而简化诊疗流程
B.医务人员未履行与当时医疗水平相应的诊疗义务
C.诊疗方案与患者宗教信仰冲突但已取得知情同意
D.医疗机构因设备故障导致3小时后才能完成检测
E.医务人员在非紧急情况下采用尚未通过伦理审查的新技术
【思考过程】：",B,Doubao-1.5-Thinking,"【思考过程】：本题需依据《民法典》及医疗相关法规分析各选项是否可能导致医疗机构承担赔偿责任。  

- **选项A**：医务人员因患者无力支付费用而简化诊疗流程。简化诊疗流程违反诊疗规范，属于过错行为，若造成患者损害，医疗机构需承担赔偿责任。  
- **选项B**：医务人员未履行与当时医疗水平相应的诊疗义务。根据《民法典》第1221条，未尽到与当时医疗水平相应的诊疗义务导致患者损害的，医疗机构应承担赔偿责任。  
- **选项C**：诊疗方案与患者宗教信仰冲突但已取得知情同意。患者已知情同意，说明其认可该方案，医疗机构无过错，不承担赔偿责任。  
- **选项D**：医疗机构因设备故障导致3小时后才能完成检测。若设备故障是因医疗机构管理不善（如未定期维护）导致，属于过错；若因此延误治疗造成损害，医疗机构需承担赔偿责任（题目问“可能导致”，存在这种情形）。  
- **选项E**：医务人员在非紧急情况下采用尚未通过伦理审查的新技术。医疗新技术需经伦理审查，非紧急情况下未经审查使用属于违规过错，若造成损害，医疗机构需承担赔偿责任。  

综上，A、B、D、E可能导致赔偿责任，C不导致。

【最终答案】：ABDE",客观题,ABDE
基因干细胞诊疗,"你是一个严格按照要求答题的医学考试考生。请你先展示出完整的思考过程，然后再输出最终答案。每道题目有至少两个选项（A、B）至多五个选项（A、B、C、D、E），题目为不定项选择题，请按照以下格式作答：

【思考过程】：...

【最终答案】：AB / BCE / CD / DE / E / ...（只输出选项的编号，不要写选项内容）

示例：
题目：医疗伦理中四大基本原则是？
A.尊重自主权
B.善意行为
C.无害原则
D.公正原则
E.以上都不是
【思考过程】：本题考查医学伦理的四大基本原则，包括尊重自主权、不伤害原则、行善原则、公正原则。

【最终答案】：ABCD

题目：患者在基因干细胞诊疗活动中受损害，出现下列哪些情形应推定医疗机构有过错？
A.医务人员未着工作服进行操作
B.机构拒绝提供药物不良反应报告单
C.修改病历增加患者禁忌症记录
D.按医疗废物管理规定销毁过期病历
E.未按卫生部门要求更新诊疗设备
【思考过程】：",BC,Doubao-1.5-Thinking,"【思考过程】：本题考查《民法典》中关于医疗损害责任推定医疗机构过错的情形。根据《民法典》第1222条规定，患者在诊疗活动中受损害，有下列情形之一的，推定医疗机构有过错：（一）违反法律、行政法规、规章及其他诊疗规范；（二）隐匿或拒绝提供与纠纷有关的病历资料；（三）遗失、伪造、篡改或违法销毁病历资料。

选项A：未着工作服操作可能违反内部规定，但不属于法律、法规或诊疗规范的直接违反，不推定过错。  
选项B：拒绝提供药物不良反应报告单属于“拒绝提供与纠纷有关的资料”（符合情形二），应推定过错。  
选项C：修改病历增加禁忌症记录属于“篡改病历资料”（符合情形三），应推定过错。  
选项D：按规定销毁过期病历属于合法销毁，不构成“违法销毁”，不推定过错。  
选项E：未更新设备可能违反管理要求，但未明确属于法律、法规或诊疗规范的直接违反，不直接推定过错。  

【最终答案】：BC",客观题,BC
基因干细胞诊疗,"你是一个严格按照要求答题的医学考试考生。请你先展示出完整的思考过程，然后再输出最终答案。每道题目有至少两个选项（A、B）至多五个选项（A、B、C、D、E），题目为不定项选择题，请按照以下格式作答：

【思考过程】：...

【最终答案】：AB / BCE / CD / DE / E / ...（只输出选项的编号，不要写选项内容）

示例：
题目：医疗伦理中四大基本原则是？
A.尊重自主权
B.善意行为
C.无害原则
D.公正原则
E.以上都不是
【思考过程】：本题考查医学伦理的四大基本原则，包括尊重自主权、不伤害原则、行善原则、公正原则。

【最终答案】：ABCD

题目：在基因干细胞诊疗中，医疗机构在哪些情形下不承担赔偿责任？（多选）
A.医疗机构未告知治疗后可能出现脱发风险
B.医务人员在抢救时实施了合理但并非最佳的诊疗方案
C.患者因宗教信仰拒绝配合标准化治疗流程
D.因医疗设备夜间突发故障导致诊疗失败
E.使用当前未被学术界公认的基因编辑方法导致疗效未达预期
【思考过程】：",BCE,Doubao-1.5-Thinking,"【思考过程】：本题需根据医疗损害责任的相关法律规定分析各选项是否属于医疗机构免责情形。  
- 选项A：医疗机构未履行告知义务（未告知脱发风险），违反《民法典》第1219条关于说明义务的规定，属于过错，需承担赔偿责任，不选。  
- 选项B：抢救时实施合理但非最佳的诊疗方案，符合《民法典》第1224条“紧急情况下合理诊疗”的免责情形，医疗机构不承担责任，选。  
- 选项C：患者因宗教信仰拒绝配合标准化治疗，属于《民法典》第1224条“患者不配合诊疗”的免责情形（无证据表明医疗机构有过错），选。  
- 选项D：医疗设备突发故障通常与医疗机构设备维护管理不当相关，属于过错，需承担责任，不选。  
- 选项E：使用未被学术界公认的基因编辑方法，违反诊疗常规，属于过错，需承担责任，不选。  

【最终答案】：BC",客观题,BC
基因干细胞诊疗,"你是一个严格按照要求答题的医学考试考生。请你先展示出完整的思考过程，然后再输出最终答案。每道题目有至少两个选项（A、B）至多五个选项（A、B、C、D、E），题目为不定项选择题，请按照以下格式作答：

【思考过程】：...

【最终答案】：AB / BCE / CD / DE / E / ...（只输出选项的编号，不要写选项内容）

示例：
题目：医疗伦理中四大基本原则是？
A.尊重自主权
B.善意行为
C.无害原则
D.公正原则
E.以上都不是
【思考过程】：本题考查医学伦理的四大基本原则，包括尊重自主权、不伤害原则、行善原则、公正原则。

【最终答案】：ABCD

题目：在基因干细胞诊疗中，以下哪种行为可能违反""不实施不必要检查""的医疗伦理规定？
A.对患者进行精准药物基因检测以确定最佳剂量方案
B.在常规基因测序结果正常的情况下，强制追加全外显子组测序
C.连续3周要求重复进行相同诱导多能干细胞功能指标检测
D.根据疑似遗传病史开展针对性基因筛查
【思考过程】：",BC,Doubao-1.5-Thinking,"【思考过程】：本题需判断哪些行为违反“不实施不必要检查”的伦理规定。关键在于检查是否有必要、是否基于临床需要。  
- 选项A：精准药物基因检测是为确定最佳剂量，属于必要的个体化治疗措施，不违反。  
- 选项B：常规基因测序结果正常时，无明确指征强制追加全外显子组测序，属于不必要检查，违反规定。  
- 选项C：短时间内重复相同检测（连续3周），若无病情变化或临床需要，属于重复不必要检查，违反规定。  
- 选项D：根据病史针对性筛查，有明确临床依据，属于必要检查，不违反。  

【最终答案】：BC",客观题,BC
基因干细胞诊疗,"你是一个严格按照要求答题的医学考试考生。请你先展示出完整的思考过程，然后再输出最终答案。每道题目有至少两个选项（A、B）至多五个选项（A、B、C、D、E），题目为不定项选择题，请按照以下格式作答：

【思考过程】：...

【最终答案】：AB / BCE / CD / DE / E / ...（只输出选项的编号，不要写选项内容）

示例：
题目：医疗伦理中四大基本原则是？
A.尊重自主权
B.善意行为
C.无害原则
D.公正原则
E.以上都不是
【思考过程】：本题考查医学伦理的四大基本原则，包括尊重自主权、不伤害原则、行善原则、公正原则。

【最终答案】：ABCD

题目：根据相关法律法规，以下哪种情形需要依法获得批准？
A.境外组织获取我国普通植物种子用于商品贸易
B.境内科研机构利用本地常见动物细胞进行疫苗研发
C.境外个人实际控制的机构采集我国珍贵龟类基因样本
D.我国非政府组织运输大额现金至境外
E.大学实验室保存患者自愿捐赠的普通皮肤细胞
【思考过程】：",C,Doubao-1.5-Thinking,"【思考过程】：本题需结合《生物安全法》《外汇管理条例》等相关法律法规分析各选项是否需要批准：

- **选项A**：境外组织获取我国普通植物种子用于商品贸易。普通植物种子若用于常规商品贸易，通常属于一般进出口业务，可能需遵循《种子法》的进出口许可要求，但题目未明确其为“重要遗传资源”，故可能无需特殊批准。  
- **选项B**：境内科研机构利用本地常见动物细胞进行疫苗研发。境内机构使用本地常见生物资源属于常规科研活动，无境外或特殊资源涉及，无需额外批准。  
- **选项C**：境外个人实际控制的机构采集我国珍贵龟类基因样本。珍贵龟类属于国家重点保护生物资源，根据《生物安全法》，境外组织或受境外控制的机构采集我国重要生物资源需依法批准。  
- **选项D**：我国非政府组织运输大额现金至境外。根据《外汇管理条例》，大额现金跨境运输涉及外汇管制，需经外汇管理部门批准，否则可能违法。  
- **选项E**：大学实验室保存患者自愿捐赠的普通皮肤细胞。患者自愿捐赠的普通生物样本保存属于常规实验室管理范畴，符合伦理和规范即可，无需额外批准。  

综上，需批准的情形为C、D。

【最终答案】：CD",客观题,CD
基因干细胞诊疗,"你是一个严格按照要求答题的医学考试考生。请你先展示出完整的思考过程，然后再输出最终答案。每道题目有至少两个选项（A、B）至多五个选项（A、B、C、D、E），题目为不定项选择题，请按照以下格式作答：

【思考过程】：...

【最终答案】：AB / BCE / CD / DE / E / ...（只输出选项的编号，不要写选项内容）

示例：
题目：医疗伦理中四大基本原则是？
A.尊重自主权
B.善意行为
C.无害原则
D.公正原则
E.以上都不是
【思考过程】：本题考查医学伦理的四大基本原则，包括尊重自主权、不伤害原则、行善原则、公正原则。

【最终答案】：ABCD

题目：以下哪种活动不需要经国务院科学技术主管部门批准？
A.采集我国重要遗传家系的人类遗传资源
B.保藏用于临床诊疗的人类遗传资源
C.与国外机构合作开展人类遗传资源研究
D.将人类遗传资源材料携带出境
E.为采供血服务而采集人类遗传资源
【思考过程】：",BE,Doubao-1.5-Thinking,"【思考过程】：本题考查人类遗传资源管理相关法规，需明确哪些活动需要国务院科学技术主管部门批准。根据《中华人民共和国人类遗传资源管理条例》：  
- **选项A**：采集我国重要遗传家系的人类遗传资源需经批准（条例第九条明确规定采集重要遗传家系需国务院科技部门批准）。  
- **选项B**：保藏用于临床诊疗的人类遗传资源。条例规定保藏单位需经批准（第二十一条），但临床诊疗属于常规医疗活动，其保藏可能按国家有关规定执行，无需国务院科技部门额外批准。  
- **选项C**：与国外机构合作开展研究需批准（条例第二十二条规定国际合作研究需国务院科技部门批准）。  
- **选项D**：携带出境需批准（条例第二十三条规定携带出境需国务院科技部门批准）。  
- **选项E**：为采供血服务而采集人类遗传资源。条例明确为采供血服务等活动采集人类遗传资源，按国家有关规定执行，无需国务院科技部门批准（第四条、第九条例外规定）。  

综上，不需要批准的是B和E。

【最终答案】：BE",客观题,BE
基因干细胞诊疗,"你是一个严格按照要求答题的医学考试考生。请你先展示出完整的思考过程，然后再输出最终答案。每道题目有至少两个选项（A、B）至多五个选项（A、B、C、D、E），题目为不定项选择题，请按照以下格式作答：

【思考过程】：...

【最终答案】：AB / BCE / CD / DE / E / ...（只输出选项的编号，不要写选项内容）

示例：
题目：医疗伦理中四大基本原则是？
A.尊重自主权
B.善意行为
C.无害原则
D.公正原则
E.以上都不是
【思考过程】：本题考查医学伦理的四大基本原则，包括尊重自主权、不伤害原则、行善原则、公正原则。

【最终答案】：ABCD

题目：在实施基因干细胞诊疗（属于特殊治疗）前，医疗卫生人员必须向患者说明以下哪些内容？
A.医疗风险
B.替代医疗方案
C.医疗费用
D.医生的学术背景
E.治疗的成功率
【思考过程】：",AB,Doubao-1.5-Thinking,"【思考过程】：本题考查特殊治疗前需向患者说明的内容。根据《医疗纠纷预防和处理条例》《民法典》等相关规定，实施特殊治疗（如基因干细胞诊疗）前，医疗卫生人员需向患者充分说明必要信息以保障其知情同意权。  

- **选项A（医疗风险）**：条例明确要求说明医疗风险，属于必须告知内容。  
- **选项B（替代医疗方案）**：法规规定需说明替代医疗方案，患者有权选择其他可行方案。  
- **选项C（医疗费用）**：特殊治疗可能涉及较高费用，患者对经济负担有知情权，属于必要说明内容。  
- **选项D（医生的学术背景）**：医生的学术背景与诊疗直接关联性不足，非必须告知内容。  
- **选项E（治疗的成功率）**：治疗成功率是评估疗效和风险的重要信息，患者需了解预期效果，属于必要说明内容。  

综上，A、B、C、E均为必须说明的内容。

【最终答案】：ABCE",客观题,ABCE
基因干细胞诊疗,"你是一个严格按照要求答题的医学考试考生。请你先展示出完整的思考过程，然后再输出最终答案。每道题目有至少两个选项（A、B）至多五个选项（A、B、C、D、E），题目为不定项选择题，请按照以下格式作答：

【思考过程】：...

【最终答案】：AB / BCE / CD / DE / E / ...（只输出选项的编号，不要写选项内容）

示例：
题目：医疗伦理中四大基本原则是？
A.尊重自主权
B.善意行为
C.无害原则
D.公正原则
E.以上都不是
【思考过程】：本题考查医学伦理的四大基本原则，包括尊重自主权、不伤害原则、行善原则、公正原则。

【最终答案】：ABCD

题目：在基因干细胞诊疗过程中，以下哪些行为可能违反相关医学伦理规范？
A.医生根据患者经济条件推荐价格更高的非必要附加治疗项目
B.在未充分告知的情况下对轻度病患实施多次干细胞静脉注射
C.手术结束后收取患者赠送的超市购物卡
D.对术后焦虑患者进行免费心理疏导指导
【思考过程】：",ABC,Doubao-1.5-Thinking,"【思考过程】：本题需判断基因干细胞诊疗中违反医学伦理的行为。医学伦理的核心包括尊重患者自主权（知情同意）、不伤害、有利、公正，以及廉洁行医等原则。  
- 选项A：医生因患者经济条件推荐非必要高价治疗，属于过度医疗，违背有利原则（不做不必要治疗）和公正原则（因经济条件影响治疗选择），可能违反伦理。  
- 选项B：未充分告知即实施治疗，侵犯患者知情同意权，直接违背尊重自主权原则，违反伦理。  
- 选项C：收取患者赠送的购物卡属于收受红包，违反廉洁行医规范，违背伦理。  
- 选项D：免费心理疏导是对患者有利的关怀行为，符合伦理，不违反。  

【最终答案】：ABC",客观题,ABC
基因干细胞诊疗,"你是一个严格按照要求答题的医学考试考生。请你先展示出完整的思考过程，然后再输出最终答案。每道题目有至少两个选项（A、B）至多五个选项（A、B、C、D、E），题目为不定项选择题，请按照以下格式作答：

【思考过程】：...

【最终答案】：AB / BCE / CD / DE / E / ...（只输出选项的编号，不要写选项内容）

示例：
题目：医疗伦理中四大基本原则是？
A.尊重自主权
B.善意行为
C.无害原则
D.公正原则
E.以上都不是
【思考过程】：本题考查医学伦理的四大基本原则，包括尊重自主权、不伤害原则、行善原则、公正原则。

【最终答案】：ABCD

题目：以下哪些行为违反了我国关于人类遗传资源管理的规定？
A.外国机构在我国境内独立采集人类干细胞样本
B.外企在华建立的人类遗传资源数据库未经批准传输至境外服务器
C.境外组织与境内医院合作开展基因突变特征研究
D.境外个人将采购的医用离心机出口至其国籍国
E.外籍研究员向其所属机构发送包含我国人群基因分析数据的论文原稿
【思考过程】：",ABE,Doubao-1.5-Thinking,"【思考过程】：本题需依据《中华人民共和国人类遗传资源管理条例》分析各选项是否违反规定：

- **选项A**：外国机构在我国境内独立采集人类干细胞样本。根据条例第二十一条，外方单位（包括外国机构）不得在我国境内采集、保藏我国人类遗传资源。因此，外国机构独立采集违反规定。

- **选项B**：外企在华建立的人类遗传资源数据库未经批准传输至境外服务器。条例第二十八条规定，向境外提供或开放使用人类遗传资源信息需事先报告并备份。未经批准传输属于违规。

- **选项C**：境外组织与境内医院合作开展基因突变特征研究。利用我国人类遗传资源开展国际合作需符合条件并经国务院科学技术行政部门批准（条例第二十二条）。题目未明确该合作是否经批准，无法确定必然违规，故不选。

- **选项D**：境外个人将采购的医用离心机出口至其国籍国。医用离心机属于设备，不涉及人类遗传资源（遗传材料或遗传信息），因此不违反规定。

- **选项E**：外籍研究员向其所属机构发送包含我国人群基因分析数据的论文原稿。基因分析数据属于人类遗传资源信息，向境外提供需经批准（条例第二十八条）。未经批准发送违反规定。

【最终答案】：ABE",客观题,ABE
基因干细胞诊疗,"你是一个严格按照要求答题的医学考试考生。请你先展示出完整的思考过程，然后再输出最终答案。每道题目有至少两个选项（A、B）至多五个选项（A、B、C、D、E），题目为不定项选择题，请按照以下格式作答：

【思考过程】：...

【最终答案】：AB / BCE / CD / DE / E / ...（只输出选项的编号，不要写选项内容）

示例：
题目：医疗伦理中四大基本原则是？
A.尊重自主权
B.善意行为
C.无害原则
D.公正原则
E.以上都不是
【思考过程】：本题考查医学伦理的四大基本原则，包括尊重自主权、不伤害原则、行善原则、公正原则。

【最终答案】：ABCD

题目：在进行下列哪些活动时，必须取得我国人类遗传资源提供者的知情同意并尊重其隐私权？
A.采集
B.保藏
C.利用
D.对外提供
E.数据匿名化
【思考过程】：",ABCD,Doubao-1.5-Thinking,"【思考过程】：根据《中华人民共和国人类遗传资源管理条例》相关规定，采集、保藏、利用、对外提供我国人类遗传资源时，必须取得提供者的知情同意并尊重其隐私权。具体而言：  
- 采集（A）：直接获取资源，需告知目的、用途等并征得同意；  
- 保藏（B）：保存已采集的资源，需保护隐私并基于原同意；  
- 利用（C）：使用资源进行研究等活动，需尊重提供者意愿；  
- 对外提供（D）：涉及跨国使用，需严格确保提供者知情；  
- 数据匿名化（E）：匿名化后无法识别个人，通常无需额外知情同意。  

因此，必须取得知情同意并尊重隐私权的活动为A、B、C、D。

【最终答案】：ABCD",客观题,ABCD
基因干细胞诊疗,"你是一个严格按照要求答题的医学考试考生。请你先展示出完整的思考过程，然后再输出最终答案。每道题目有至少两个选项（A、B）至多五个选项（A、B、C、D、E），题目为不定项选择题，请按照以下格式作答：

【思考过程】：...

【最终答案】：AB / BCE / CD / DE / E / ...（只输出选项的编号，不要写选项内容）

示例：
题目：医疗伦理中四大基本原则是？
A.尊重自主权
B.善意行为
C.无害原则
D.公正原则
E.以上都不是
【思考过程】：本题考查医学伦理的四大基本原则，包括尊重自主权、不伤害原则、行善原则、公正原则。

【最终答案】：ABCD

题目：以下哪种行为不视为买卖人类遗传资源？
A.某生物公司购买某家族罕见病基因序列用于开发检测试剂盒
B.某机构为科研合作向国外实验室提供人类遗传资源样本，并收取样本运输和处理的成本费用
C.某医院为患者提供基因诊疗服务时留存其干细胞样本用于后续临床研究
D.某企业将收集的少数民族基因数据以高额利润授权给药企使用
E.个人通过社交媒体平台私下交易自身基因检测数据
【思考过程】：",B,Doubao-1.5-Thinking,"【思考过程】：根据《人类遗传资源管理条例》及相关规定，判断是否属于“买卖人类遗传资源”的核心在于是否以营利为目的进行交易。  
- 选项A：生物公司“购买”基因序列用于开发试剂盒，属于以交易形式获取遗传资源，可能涉及买卖。  
- 选项B：机构为科研合作提供样本并收取“运输和处理的成本费用”，属于合理成本补偿，不视为营利性买卖。  
- 选项C：医院留存患者干细胞样本用于后续研究，属于诊疗过程中合理留存样本用于研究，无交易行为，不视为买卖。  
- 选项D：企业将基因数据“以高额利润授权”给药企，以营利为目的，属于买卖。  
- 选项E：个人“私下交易”自身基因数据，虽为个人行为，但交易行为本身属于买卖。  

因此，不视为买卖的是B和C。

【最终答案】：BC",客观题,BC
基因干细胞诊疗,"你是一个严格按照要求答题的医学考试考生。请你先展示出完整的思考过程，然后再输出最终答案。每道题目有至少两个选项（A、B）至多五个选项（A、B、C、D、E），题目为不定项选择题，请按照以下格式作答：

【思考过程】：...

【最终答案】：AB / BCE / CD / DE / E / ...（只输出选项的编号，不要写选项内容）

示例：
题目：医疗伦理中四大基本原则是？
A.尊重自主权
B.善意行为
C.无害原则
D.公正原则
E.以上都不是
【思考过程】：本题考查医学伦理的四大基本原则，包括尊重自主权、不伤害原则、行善原则、公正原则。

【最终答案】：ABCD

题目：以下哪些属于干细胞临床研究必须遵循的原则？
A.科学原则
B.规范原则
C.适度保护受试者权益原则
D.提高研究效率原则
E.保护研究者知识产权原则
【思考过程】：",AB,Doubao-1.5-Thinking,"【思考过程】：干细胞临床研究需遵循严格的伦理和科学规范。根据相关法规（如《干细胞临床研究管理办法（试行）》），其核心原则包括科学原则（确保研究设计合理、方法科学）、规范原则（严格遵循技术和伦理规范）。保护受试者权益是伦理的核心，但需“充分保护”而非“适度”（选项C表述不准确）。提高研究效率（D）和保护研究者知识产权（E）属于次要或后续问题，并非研究必须遵循的基本原则。因此，科学原则（A）和规范原则（B）是必须遵循的。

【最终答案】：AB",客观题,AB
基因干细胞诊疗,"你是一个严格按照要求答题的医学考试考生。请你先展示出完整的思考过程，然后再输出最终答案。每道题目有至少两个选项（A、B）至多五个选项（A、B、C、D、E），题目为不定项选择题，请按照以下格式作答：

【思考过程】：...

【最终答案】：AB / BCE / CD / DE / E / ...（只输出选项的编号，不要写选项内容）

示例：
题目：医疗伦理中四大基本原则是？
A.尊重自主权
B.善意行为
C.无害原则
D.公正原则
E.以上都不是
【思考过程】：本题考查医学伦理的四大基本原则，包括尊重自主权、不伤害原则、行善原则、公正原则。

【最终答案】：ABCD

题目：以下哪项不属于开展干细胞临床研究的医疗机构的职责？
A.立项审查
B.登记备案
C.对医务人员进行干细胞操作培训
D.全过程质量管理和风险管控
E.干细胞制剂制备监督
【思考过程】：",C,Doubao-1.5-Thinking,"【思考过程】：本题考查开展干细胞临床研究的医疗机构的职责范围，需依据《干细胞临床研究管理办法（试行）》等法规分析各选项。  

- **选项A（立项审查）**：根据管理办法，医疗机构需设立干细胞临床研究管理委员会，负责对研究项目的科学价值、必要性和可行性等进行立项审查。但“立项审查”本质是对项目是否符合开展条件的审核，通常由机构内部的管理委员会执行，而医疗机构作为责任主体，其核心职责更侧重过程管理、备案、监督等，立项审查可能属于管理委员会的具体职能，而非医疗机构本身的直接职责。  

- **选项B（登记备案）**：办法明确要求医疗机构需在伦理审查通过后30个工作日内，将项目信息在国家平台登记备案，属于医疗机构的直接职责。  

- **选项C（对医务人员进行干细胞操作培训）**：医疗机构需确保参与研究的医务人员具备相应资质和技能，培训是必要环节，属于其职责。  

- **选项D（全过程质量管理和风险管控）**：办法规定医疗机构需对研究方案执行、病例选择、制剂使用、不良事件报告等全过程进行质量和风险管控，属于核心职责。  

- **选项E（干细胞制剂制备监督）**：医疗机构需监督干细胞制剂的制备过程，确保符合质量要求，属于其职责。  

综上，“立项审查”更偏向管理委员会的具体职能，而非医疗机构本身的直接职责。  

【最终答案】：A",客观题,A
基因干细胞诊疗,"你是一个严格按照要求答题的医学考试考生。请你先展示出完整的思考过程，然后再输出最终答案。每道题目有至少两个选项（A、B）至多五个选项（A、B、C、D、E），题目为不定项选择题，请按照以下格式作答：

【思考过程】：...

【最终答案】：AB / BCE / CD / DE / E / ...（只输出选项的编号，不要写选项内容）

示例：
题目：医疗伦理中四大基本原则是？
A.尊重自主权
B.善意行为
C.无害原则
D.公正原则
E.以上都不是
【思考过程】：本题考查医学伦理的四大基本原则，包括尊重自主权、不伤害原则、行善原则、公正原则。

【最终答案】：ABCD

题目：以下哪些行为违反了基因干细胞诊疗机构的相关规定？
A.向受试者收取干细胞临床研究费用
B.使用受试者住院期间的数据进行病例分析
C.通过自媒体平台宣传治疗效果
D.要求患者支付药物成本费
E.在机构官网展示成功案例
【思考过程】：",ACE,Doubao-1.5-Thinking,"【思考过程】：本题需依据基因干细胞诊疗机构的相关管理规定分析各选项是否违规。  
- 选项A：干细胞临床研究明确规定不得向受试者收取费用，因此向受试者收取干细胞临床研究费用违反规定。  
- 选项B：若已获得受试者知情同意，使用其住院期间数据进行病例分析属于合理学术行为，不违规。  
- 选项C：干细胞治疗多处于研究阶段，通过自媒体宣传治疗效果属于夸大或商业推广，违反规定。  
- 选项D：患者支付合理的药物成本费（如已获批的正规治疗）通常不违规，未明确涉及违规情形。  
- 选项E：在官网展示成功案例属于宣传疗效，违反干细胞诊疗不得进行疗效宣传的规定。  

【最终答案】：ACE",客观题,ACE
基因干细胞诊疗,"你是一个严格按照要求答题的医学考试考生。请你先展示出完整的思考过程，然后再输出最终答案。每道题目有至少两个选项（A、B）至多五个选项（A、B、C、D、E），题目为不定项选择题，请按照以下格式作答：

【思考过程】：...

【最终答案】：AB / BCE / CD / DE / E / ...（只输出选项的编号，不要写选项内容）

示例：
题目：医疗伦理中四大基本原则是？
A.尊重自主权
B.善意行为
C.无害原则
D.公正原则
E.以上都不是
【思考过程】：本题考查医学伦理的四大基本原则，包括尊重自主权、不伤害原则、行善原则、公正原则。

【最终答案】：ABCD

题目：以下哪项是干细胞临床研究机构必须满足的条件？
A.承担干细胞研究领域重要研究项目
B.具有充足的来源于政府的基础科研经费支持
C.确保干细胞来源合法且多样化
D.具备完整的干细胞质量控制条件和质量管理体系
E.研究负责人需具备副高级专业技术职称
【思考过程】：",D,Doubao-1.5-Thinking,"【思考过程】：本题考查干细胞临床研究机构的必备条件，需依据《干细胞临床研究管理办法（试行）》等相关法规分析：  
- 选项A：法规未强制要求机构必须承担“重要研究项目”，主要关注资质和能力，故A不成立。  
- 选项B：经费来源未限定“政府”，自筹或其他合法来源均可，故B不成立。  
- 选项C：干细胞来源需“合法”（如供者知情同意、符合伦理），但“多样化”非必须条件，故C不成立。  
- 选项D：完整的质量控制条件和质量管理体系是确保研究安全性和有效性的核心要求，法规明确规定，故D成立。  
- 选项E：研究负责人通常需具备“正高级”专业技术职称（如主任医师），副高不符合要求，故E不成立。  

【最终答案】：D",客观题,D
基因干细胞诊疗,"你是一个严格按照要求答题的医学考试考生。请你先展示出完整的思考过程，然后再输出最终答案。每道题目有至少两个选项（A、B）至多五个选项（A、B、C、D、E），题目为不定项选择题，请按照以下格式作答：

【思考过程】：...

【最终答案】：AB / BCE / CD / DE / E / ...（只输出选项的编号，不要写选项内容）

示例：
题目：医疗伦理中四大基本原则是？
A.尊重自主权
B.善意行为
C.无害原则
D.公正原则
E.以上都不是
【思考过程】：本题考查医学伦理的四大基本原则，包括尊重自主权、不伤害原则、行善原则、公正原则。

【最终答案】：ABCD

题目：干细胞临床研究机构必须具有以下哪种措施或机制？
A.独立的新药研发实验室
B.防范研究风险的管理机制
C.建立独立的干细胞临床研究随访档案
D.与省级医疗机构建立联合救治流程
【思考过程】：",B,Doubao-1.5-Thinking,"【思考过程】：干细胞临床研究需严格遵循相关管理规范。根据《干细胞临床研究管理办法（试行）》等规定，研究机构必须具备风险防范机制以保障受试者安全（B正确）；同时需建立独立的随访档案以跟踪研究效果和长期安全性（C正确）。独立的新药研发实验室（A）并非干细胞临床研究的必要条件；与省级医疗机构联合救治流程（D）无明确法规强制要求，通常只需具备应急救治能力即可。

【最终答案】：BC",客观题,BC
基因干细胞诊疗,"你是一个严格按照要求答题的医学考试考生。请你先展示出完整的思考过程，然后再输出最终答案。每道题目有至少两个选项（A、B）至多五个选项（A、B、C、D、E），题目为不定项选择题，请按照以下格式作答：

【思考过程】：...

【最终答案】：AB / BCE / CD / DE / E / ...（只输出选项的编号，不要写选项内容）

示例：
题目：医疗伦理中四大基本原则是？
A.尊重自主权
B.善意行为
C.无害原则
D.公正原则
E.以上都不是
【思考过程】：本题考查医学伦理的四大基本原则，包括尊重自主权、不伤害原则、行善原则、公正原则。

【最终答案】：ABCD

题目：根据法规要求，干细胞临床研究机构必须具备以下哪类委员会？
A.数据安全委员会与医疗技术委员会
B.由高水平专家组成的学术委员会和伦理委员会
C.普通医务委员会和患者权益委员会
D.单独的伦理委员会及后勤保障委员会
【思考过程】：",B,Doubao-1.5-Thinking,"【思考过程】：根据《干细胞临床研究管理办法（试行）》等相关法规要求，干细胞临床研究机构必须具备对研究科学性和伦理合规性进行审查的机制。其中，学术委员会负责审查研究的科学性和可行性（需由高水平专家组成），伦理委员会负责审查研究的伦理合规性。其他选项中，数据安全委员会、医疗技术委员会、普通医务委员会、患者权益委员会、后勤保障委员会等并非法规明确要求的必须机构。因此，正确选项为B。

【最终答案】：B",客观题,B
基因干细胞诊疗,"你是一个严格按照要求答题的医学考试考生。请你先展示出完整的思考过程，然后再输出最终答案。每道题目有至少两个选项（A、B）至多五个选项（A、B、C、D、E），题目为不定项选择题，请按照以下格式作答：

【思考过程】：...

【最终答案】：AB / BCE / CD / DE / E / ...（只输出选项的编号，不要写选项内容）

示例：
题目：医疗伦理中四大基本原则是？
A.尊重自主权
B.善意行为
C.无害原则
D.公正原则
E.以上都不是
【思考过程】：本题考查医学伦理的四大基本原则，包括尊重自主权、不伤害原则、行善原则、公正原则。

【最终答案】：ABCD

题目：以下哪些条件是干细胞临床研究机构必须满足的？
A.具备三级乙等医院资质，B.获得医疗器械临床试验机构资格，C.具有住院医师规范化培训基地认证，D.建立干细胞制剂质量受权人制度，E.项目负责人需获得省级以上科研奖励
【思考过程】：",D,Doubao-1.5-Thinking,"【思考过程】：本题考查干细胞临床研究机构的必备条件。根据《干细胞临床研究管理办法（试行）》等相关规定：  
- 选项A错误，干细胞临床研究机构需具备三级甲等医院资质（而非三级乙等）；  
- 选项B正确，机构需获得药物或医疗器械临床试验机构资格；  
- 选项C错误，住院医师规范化培训基地认证并非干细胞临床研究机构的必要条件；  
- 选项D正确，机构需建立干细胞制剂质量受权人制度以确保制剂质量；  
- 选项E错误，项目负责人需具备相应专业背景和研究经验，但未要求必须获得省级以上科研奖励。  

【最终答案】：BD",客观题,BD
基因干细胞诊疗,"你是一个严格按照要求答题的医学考试考生。请你先展示出完整的思考过程，然后再输出最终答案。每道题目有至少两个选项（A、B）至多五个选项（A、B、C、D、E），题目为不定项选择题，请按照以下格式作答：

【思考过程】：...

【最终答案】：AB / BCE / CD / DE / E / ...（只输出选项的编号，不要写选项内容）

示例：
题目：医疗伦理中四大基本原则是？
A.尊重自主权
B.善意行为
C.无害原则
D.公正原则
E.以上都不是
【思考过程】：本题考查医学伦理的四大基本原则，包括尊重自主权、不伤害原则、行善原则、公正原则。

【最终答案】：ABCD

题目：机构伦理委员会的组成应当满足以下哪些条件？
A.总人数不少于5位
B.包含来自法学领域的专业人员
C.不包含非专业的社会人士
D.总人数不少于7人
E.包含经济学领域的专家
【思考过程】：",BD,Doubao-1.5-Thinking,"【思考过程】：根据《涉及人的生物医学研究伦理审查办法》等相关规定，机构伦理委员会的组成需满足以下条件：总人数不少于5人（A正确，D错误）；应包含多学科背景成员，包括医学、伦理学、法学等领域的专业人员（B正确）；需包含非专业的社会人士（如社区代表）以体现社会视角（C错误）；经济学领域专家并非伦理委员会的法定必备成员（E错误）。

【最终答案】：AB",客观题,AB
基因干细胞诊疗,"你是一个严格按照要求答题的医学考试考生。请你先展示出完整的思考过程，然后再输出最终答案。每道题目有至少两个选项（A、B）至多五个选项（A、B、C、D、E），题目为不定项选择题，请按照以下格式作答：

【思考过程】：...

【最终答案】：AB / BCE / CD / DE / E / ...（只输出选项的编号，不要写选项内容）

示例：
题目：医疗伦理中四大基本原则是？
A.尊重自主权
B.善意行为
C.无害原则
D.公正原则
E.以上都不是
【思考过程】：本题考查医学伦理的四大基本原则，包括尊重自主权、不伤害原则、行善原则、公正原则。

【最终答案】：ABCD

题目：根据相关法律法规，以下哪些机构应当监督干细胞临床研究项目的立项前审查？
A.国家干细胞临床研究专家委员会和伦理专家委员会
B.市级干细胞伦理审查委员会
C.机构内部科研评审组
D.省级疾病预防控制中心
E.省级干细胞临床研究专家委员会和伦理专家委员会
【思考过程】：",AE,Doubao-1.5-Thinking,"【思考过程】：根据《干细胞临床研究管理办法（试行）》相关规定，干细胞临床研究项目的立项前审查需由多级机构监督。国家层面，国家干细胞临床研究专家委员会和伦理专家委员会负责对全国干细胞临床研究进行监督和指导；省级层面，省级干细胞临床研究专家委员会和伦理专家委员会则负责本行政区域内项目的审查和监督。市级干细胞伦理审查委员会（B）权限不足，机构内部科研评审组（C）属于机构内部审查而非监督主体，省级疾病预防控制中心（D）主要职责为疾病防控，不涉及干细胞研究监督。因此，监督立项前审查的机构应为国家和省级的专家委员会及伦理委员会。

【最终答案】：AE",客观题,AE
基因干细胞诊疗,"你是一个严格按照要求答题的医学考试考生。请你先展示出完整的思考过程，然后再输出最终答案。每道题目有至少两个选项（A、B）至多五个选项（A、B、C、D、E），题目为不定项选择题，请按照以下格式作答：

【思考过程】：...

【最终答案】：AB / BCE / CD / DE / E / ...（只输出选项的编号，不要写选项内容）

示例：
题目：医疗伦理中四大基本原则是？
A.尊重自主权
B.善意行为
C.无害原则
D.公正原则
E.以上都不是
【思考过程】：本题考查医学伦理的四大基本原则，包括尊重自主权、不伤害原则、行善原则、公正原则。

【最终答案】：ABCD

题目：以下哪些措施属于机构在基因干细胞诊疗研究中保障受试者权益的必要环节？
A.研究方案中明确风险预判和双重盲法设计
B.伦理委员会对研究风险进行分级评估
C.为高风险项目建立第三方商业保险机制
D.每月向监管机构提交经费使用报告
E.对高风险项目实施人员资质强化审查
【思考过程】：",BCE,Doubao-1.5-Thinking,"【思考过程】：本题需判断哪些措施属于机构在基因干细胞诊疗研究中保障受试者权益的必要环节。  
- 选项A：双重盲法设计主要用于减少研究偏倚，属于研究设计方法，并非直接保障受试者权益的必要环节（风险预判虽重要，但双盲非必需），故A不选。  
- 选项B：伦理委员会对研究风险分级评估是其核心职责之一，通过分级可针对性管理风险，属于保障受试者权益的必要环节，故B选。  
- 选项C：高风险项目建立第三方商业保险机制，可在受试者受损时提供经济补偿，直接保障其权益，属于必要措施，故C选。  
- 选项D：每月提交经费使用报告属于财务监管范畴，与受试者权益无直接关联，故D不选。  
- 选项E：高风险项目强化人员资质审查，确保操作专业性和安全性，直接关系受试者安全，属于必要环节，故E选。  

【最终答案】：BCE",客观题,BCE
基因干细胞诊疗,"你是一个严格按照要求答题的医学考试考生。请你先展示出完整的思考过程，然后再输出最终答案。每道题目有至少两个选项（A、B）至多五个选项（A、B、C、D、E），题目为不定项选择题，请按照以下格式作答：

【思考过程】：...

【最终答案】：AB / BCE / CD / DE / E / ...（只输出选项的编号，不要写选项内容）

示例：
题目：医疗伦理中四大基本原则是？
A.尊重自主权
B.善意行为
C.无害原则
D.公正原则
E.以上都不是
【思考过程】：本题考查医学伦理的四大基本原则，包括尊重自主权、不伤害原则、行善原则、公正原则。

【最终答案】：ABCD

题目：以下哪种情况符合干细胞临床研究的适应症要求？
A.治疗效果与现有药物相似但费用较低
B.用于尚无有效治疗方法的重度抑郁症
C.针对普通季节性流感的预防研究
D.早期临床试验中效果尚不明确但可能替代现有手术的方案
E.改善因疾病导致的严重生存质量下降
【思考过程】：",BE,Doubao-1.5-Thinking,"【思考过程】：本题考查干细胞临床研究的适应症要求。根据相关规定，干细胞临床研究的适应症通常需满足以下条件：针对尚无有效治疗手段的疾病，或现有治疗手段效果不佳、风险较大的严重疾病，或用于改善严重影响生存质量的疾病。  

- 选项A：治疗效果与现有药物相似但费用较低。干细胞研究的核心是解决现有治疗手段无法解决的问题，而非单纯降低费用，不符合适应症要求。  
- 选项B：用于尚无有效治疗方法的重度抑郁症。“尚无有效治疗方法”符合干细胞研究针对难治性疾病的要求，符合适应症。  
- 选项C：针对普通季节性流感的预防研究。普通流感已有成熟的预防（疫苗）和治疗手段，无需干细胞研究，不符合。  
- 选项D：早期临床试验中效果尚不明确但可能替代现有手术的方案。适应症需基于明确的临床需求，早期效果不明确的方案不符合严格的适应症要求。  
- 选项E：改善因疾病导致的严重生存质量下降。严重生存质量下降且现有方法无法改善时，干细胞研究可作为探索性治疗，符合适应症。  

【最终答案】：BE",客观题,BE
基因干细胞诊疗,"你是一个严格按照要求答题的医学考试考生。请你先展示出完整的思考过程，然后再输出最终答案。每道题目有至少两个选项（A、B）至多五个选项（A、B、C、D、E），题目为不定项选择题，请按照以下格式作答：

【思考过程】：...

【最终答案】：AB / BCE / CD / DE / E / ...（只输出选项的编号，不要写选项内容）

示例：
题目：医疗伦理中四大基本原则是？
A.尊重自主权
B.善意行为
C.无害原则
D.公正原则
E.以上都不是
【思考过程】：本题考查医学伦理的四大基本原则，包括尊重自主权、不伤害原则、行善原则、公正原则。

【最终答案】：ABCD

题目：干细胞制剂的制备必须符合以下哪些规范或要求？
A.药品生产质量管理规范（GMP）适用于医疗器械
B.药品生产质量管理规范（GMP）适用于药品生产
C.干细胞制剂质量控制及临床前研究指导原则
D.国际标准化组织质量管理体系（ISO9001）
E.药物临床试验质量管理规范
【思考过程】：",BC,Doubao-1.5-Thinking,"【思考过程】：本题考查干细胞制剂制备的规范要求。分析各选项：  
- 选项A错误：GMP（药品生产质量管理规范）主要适用于药品生产，而非医疗器械，医疗器械有专门的生产规范（如YY/T 0033）。  
- 选项B正确：GMP是药品生产的核心规范，干细胞制剂若作为药品，需符合GMP要求。  
- 选项C正确：国家发布的《干细胞制剂质量控制及临床前研究指导原则（试行）》是干细胞制剂制备的专门指导原则，必须遵守。  
- 选项D错误：ISO9001是通用质量管理体系，并非干细胞制剂制备的强制要求。  
- 选项E错误：GCP（药物临床试验质量管理规范）针对临床试验阶段，与制备过程无关。  

【最终答案】：BC",客观题,BC
基因干细胞诊疗,"你是一个严格按照要求答题的医学考试考生。请你先展示出完整的思考过程，然后再输出最终答案。每道题目有至少两个选项（A、B）至多五个选项（A、B、C、D、E），题目为不定项选择题，请按照以下格式作答：

【思考过程】：...

【最终答案】：AB / BCE / CD / DE / E / ...（只输出选项的编号，不要写选项内容）

示例：
题目：医疗伦理中四大基本原则是？
A.尊重自主权
B.善意行为
C.无害原则
D.公正原则
E.以上都不是
【思考过程】：本题考查医学伦理的四大基本原则，包括尊重自主权、不伤害原则、行善原则、公正原则。

【最终答案】：ABCD

题目：机构伦理委员会对干细胞临床研究项目的伦理审查应当依照以下哪项文件要求执行？
A.《生物样本库伦理审查指南》
B.《药品临床试验质量管理规范》
C.《干细胞临床研究管理办法》
D.《涉及人的生物医学研究伦理审查办法》
【思考过程】：",D,Doubao-1.5-Thinking,"【思考过程】：本题考查干细胞临床研究伦理审查的依据文件。首先分析各选项：A《生物样本库伦理审查指南》主要针对生物样本库的伦理审查，与干细胞临床研究无直接关联；B《药品临床试验质量管理规范》（GCP）主要适用于药品临床试验，不专门针对干细胞研究；C《干细胞临床研究管理办法》是专门针对干细胞临床研究的管理规范，明确了伦理审查的具体要求；D《涉及人的生物医学研究伦理审查办法》是涉及人的生物医学研究的基础性伦理审查法规，适用于所有此类研究，包括干细胞临床研究。因此，干细胞临床研究的伦理审查需同时遵循专门性文件（C）和基础性法规（D）。

【最终答案】：CD",客观题,CD
基因干细胞诊疗,"你是一个严格按照要求答题的医学考试考生。请你先展示出完整的思考过程，然后再输出最终答案。每道题目有至少两个选项（A、B）至多五个选项（A、B、C、D、E），题目为不定项选择题，请按照以下格式作答：

【思考过程】：...

【最终答案】：AB / BCE / CD / DE / E / ...（只输出选项的编号，不要写选项内容）

示例：
题目：医疗伦理中四大基本原则是？
A.尊重自主权
B.善意行为
C.无害原则
D.公正原则
E.以上都不是
【思考过程】：本题考查医学伦理的四大基本原则，包括尊重自主权、不伤害原则、行善原则、公正原则。

【最终答案】：ABCD

题目：在干细胞临床研究中，研究人员必须用通俗、清晰、准确的语言告知供者和受试者哪些内容？
A.研究人员的个人背景
B.研究的目的和意义
C.预期受益和潜在风险
D.其他受试者的治疗结果
E.研究的具体内容
【思考过程】：",BCE,Doubao-1.5-Thinking,"【思考过程】：本题考查干细胞临床研究中知情同意的内容。根据医学伦理和相关法规（如《干细胞临床研究管理办法（试行）》），知情同意要求研究者用通俗语言向受试者充分告知研究相关信息，核心内容包括研究的目的和意义（B）、预期受益和潜在风险（C）、研究的具体内容（如方法、步骤等，E）。研究人员的个人背景（A）并非必须告知的核心信息；其他受试者的治疗结果（D）因个体差异不具有普适性，也不属于必须告知内容。

【最终答案】：BCE",客观题,BCE
基因干细胞诊疗,"你是一个严格按照要求答题的医学考试考生。请你先展示出完整的思考过程，然后再输出最终答案。每道题目有至少两个选项（A、B）至多五个选项（A、B、C、D、E），题目为不定项选择题，请按照以下格式作答：

【思考过程】：...

【最终答案】：AB / BCE / CD / DE / E / ...（只输出选项的编号，不要写选项内容）

示例：
题目：医疗伦理中四大基本原则是？
A.尊重自主权
B.善意行为
C.无害原则
D.公正原则
E.以上都不是
【思考过程】：本题考查医学伦理的四大基本原则，包括尊重自主权、不伤害原则、行善原则、公正原则。

【最终答案】：ABCD

题目：处理不合格及剩余的干细胞制剂或捐赠物时，必须确保符合以下哪些核心要求？
A.以最快速度销毁避免污染
B.遵循合法处理程序
C.供者享有经济补偿权
D.根据医疗废物管理条例实施
E.经伦理委员会审核
【思考过程】：",BE,Doubao-1.5-Thinking,"【思考过程】：处理不合格及剩余的干细胞制剂或捐赠物时，需确保符合法规、伦理及规范要求。选项B“遵循合法处理程序”是基本要求，任何医疗相关操作均需合法合规；选项D“根据医疗废物管理条例实施”符合医疗废物处理的具体法规依据；选项E“经伦理委员会审核”因涉及生物样本的处理，需伦理监督以确保符合伦理原则。选项A“以最快速度销毁避免污染”强调速度，但核心要求更侧重程序合规而非单纯速度；选项C“供者享有经济补偿权”与处理剩余或不合格制剂无关，捐赠通常以自愿为原则，不涉及经济补偿。因此正确选项为B、D、E。

【最终答案】：BDE",客观题,BDE
基因干细胞诊疗,"你是一个严格按照要求答题的医学考试考生。请你先展示出完整的思考过程，然后再输出最终答案。每道题目有至少两个选项（A、B）至多五个选项（A、B、C、D、E），题目为不定项选择题，请按照以下格式作答：

【思考过程】：...

【最终答案】：AB / BCE / CD / DE / E / ...（只输出选项的编号，不要写选项内容）

示例：
题目：医疗伦理中四大基本原则是？
A.尊重自主权
B.善意行为
C.无害原则
D.公正原则
E.以上都不是
【思考过程】：本题考查医学伦理的四大基本原则，包括尊重自主权、不伤害原则、行善原则、公正原则。

【最终答案】：ABCD

题目：在基因干细胞诊疗的临床研究中，关于资料记录的保存要求，以下哪几项是正确的？
A.保存至研究结束后20年
B.保存至研究结束后30年
C.必须准确且清晰
D.需保留电子备份
E.由研究机构自主决定保存形式
【思考过程】：",BCD,Doubao-1.5-Thinking,"【思考过程】：本题考查基因干细胞诊疗临床研究中资料记录的保存要求。根据《干细胞临床研究管理办法（试行）》等相关规定：  
- 关于保存时间：研究资料需保存至研究结束后至少30年（B正确，A错误）。  
- 记录要求：资料必须准确、清晰（C正确）。  
- 备份要求：需保留电子备份以确保数据可追溯（D正确）。  
- 保存形式：法规对保存形式有明确要求（如纸质与电子结合），不能由研究机构自主决定（E错误）。  

【最终答案】：BCD",客观题,BCD
基因干细胞诊疗,"你是一个严格按照要求答题的医学考试考生。请你先展示出完整的思考过程，然后再输出最终答案。每道题目有至少两个选项（A、B）至多五个选项（A、B、C、D、E），题目为不定项选择题，请按照以下格式作答：

【思考过程】：...

【最终答案】：AB / BCE / CD / DE / E / ...（只输出选项的编号，不要写选项内容）

示例：
题目：医疗伦理中四大基本原则是？
A.尊重自主权
B.善意行为
C.无害原则
D.公正原则
E.以上都不是
【思考过程】：本题考查医学伦理的四大基本原则，包括尊重自主权、不伤害原则、行善原则、公正原则。

【最终答案】：ABCD

题目：干细胞制剂的追踪资料从最后处理之日起必须保存至少多少年？
A.15年
B.25年
C.30年
D.35年
【思考过程】：",C,Doubao-1.5-Thinking,"【思考过程】：干细胞制剂的追踪资料保存期限需依据相关法规规定。根据《干细胞临床研究管理办法（试行）》及《细胞治疗产品研究与评价技术指导原则（试行）》等文件要求，干细胞制剂的生产、质量控制、运输、使用等追踪资料需长期保存，以确保可追溯性。其中明确规定，此类资料从最后处理之日起必须保存至少30年。

【最终答案】：C",客观题,C
基因干细胞诊疗,"你是一个严格按照要求答题的医学考试考生。请你先展示出完整的思考过程，然后再输出最终答案。每道题目有至少两个选项（A、B）至多五个选项（A、B、C、D、E），题目为不定项选择题，请按照以下格式作答：

【思考过程】：...

【最终答案】：AB / BCE / CD / DE / E / ...（只输出选项的编号，不要写选项内容）

示例：
题目：医疗伦理中四大基本原则是？
A.尊重自主权
B.善意行为
C.无害原则
D.公正原则
E.以上都不是
【思考过程】：本题考查医学伦理的四大基本原则，包括尊重自主权、不伤害原则、行善原则、公正原则。

【最终答案】：ABCD

题目：当调查严重不良事件的原因时，以下哪些因素是必须重点考察的？
A.干细胞制剂的制备和质量控制
B.干细胞提供者的筛查记录和测试结果
C.受试者的家族病史
D.任何违背操作规范的事件
E.研究设备的品牌和型号
【思考过程】：",ABD,Doubao-1.5-Thinking,"【思考过程】：严重不良事件（SAE）的原因调查需重点关注与试验直接相关的关键因素。A选项“干细胞制剂的制备和质量控制”直接影响制剂安全性，若存在污染或制备失误可能导致SAE，需重点考察；B选项“干细胞提供者的筛查记录和测试结果”涉及供体健康状况（如传染病筛查），若供体不合格可能通过制剂传播风险，需重点核查；D选项“任何违背操作规范的事件”（如未按规程操作、剂量错误等）是SAE的常见诱因，必须检查。C选项“受试者的家族病史”属于受试者基线信息，非SAE直接原因；E选项“研究设备的品牌和型号”与设备功能无必然关联，非重点。

【最终答案】：ABD",客观题,ABD
基因干细胞诊疗,"你是一个严格按照要求答题的医学考试考生。请你先展示出完整的思考过程，然后再输出最终答案。每道题目有至少两个选项（A、B）至多五个选项（A、B、C、D、E），题目为不定项选择题，请按照以下格式作答：

【思考过程】：...

【最终答案】：AB / BCE / CD / DE / E / ...（只输出选项的编号，不要写选项内容）

示例：
题目：医疗伦理中四大基本原则是？
A.尊重自主权
B.善意行为
C.无害原则
D.公正原则
E.以上都不是
【思考过程】：本题考查医学伦理的四大基本原则，包括尊重自主权、不伤害原则、行善原则、公正原则。

【最终答案】：ABCD

题目：以下表述是否正确：经伦理委员会批准的干细胞临床研究成果，经备案可直接应用于患者治疗。
A.正确
B.错误
【思考过程】：",B,Doubao-1.5-Thinking,"【思考过程】：干细胞临床研究成果需经过严格的临床试验验证其安全性和有效性，并获得药品批准文号等正式审批后，方可应用于患者治疗。仅经伦理委员会批准和备案的临床研究成果，不能直接用于临床治疗。因此题目表述错误。

【最终答案】：B",客观题,B
基因干细胞诊疗,"你是一个严格按照要求答题的医学考试考生。请你先展示出完整的思考过程，然后再输出最终答案。每道题目有至少两个选项（A、B）至多五个选项（A、B、C、D、E），题目为不定项选择题，请按照以下格式作答：

【思考过程】：...

【最终答案】：AB / BCE / CD / DE / E / ...（只输出选项的编号，不要写选项内容）

示例：
题目：医疗伦理中四大基本原则是？
A.尊重自主权
B.善意行为
C.无害原则
D.公正原则
E.以上都不是
【思考过程】：本题考查医学伦理的四大基本原则，包括尊重自主权、不伤害原则、行善原则、公正原则。

【最终答案】：ABCD

题目：以下哪项属于异体干细胞供者必须满足的条件？
A.需采集供者ABO血型信息
B.证明无HTLV病毒感染
C.家族史中未记录糖尿病史
D.既往史中患有新冠康复的供者可被采用
E.必须收集HLA-I类和II类分型资料
【思考过程】：",B,Doubao-1.5-Thinking,"【思考过程】：本题考查异体干细胞供者的筛选条件。  
- 选项A：ABO血型信息是供者必须采集的基本信息，因血型不合可能影响移植后并发症（如溶血），故需记录，A正确。  
- 选项B：HTLV（人类T淋巴细胞病毒）是干细胞供者必须筛查的病毒之一（需证明无感染），否则可能导致受者感染相关疾病，B正确。  
- 选项C：家族史中糖尿病并非干细胞供者的绝对禁忌，糖尿病多为多因素疾病，家族史无糖尿病并非必须条件，C错误。  
- 选项D：新冠康复供者是否可用需评估康复情况（如无后遗症），但“可被采用”是允许的情况，并非“必须满足的条件”，D错误。  
- 选项E：HLA（人类白细胞抗原）I类（A、B、C位点）和II类（DR、DQ、DP位点）分型是干细胞移植的关键匹配指标，直接影响移植成功率和GVHD风险，必须收集，E正确。  

【最终答案】：ABE",客观题,ABE
基因干细胞诊疗,"你是一个严格按照要求答题的医学考试考生。请你先展示出完整的思考过程，然后再输出最终答案。每道题目有至少两个选项（A、B）至多五个选项（A、B、C、D、E），题目为不定项选择题，请按照以下格式作答：

【思考过程】：...

【最终答案】：AB / BCE / CD / DE / E / ...（只输出选项的编号，不要写选项内容）

示例：
题目：医疗伦理中四大基本原则是？
A.尊重自主权
B.善意行为
C.无害原则
D.公正原则
E.以上都不是
【思考过程】：本题考查医学伦理的四大基本原则，包括尊重自主权、不伤害原则、行善原则、公正原则。

【最终答案】：ABCD

题目：以下关于异体来源干细胞的检测要求中，错误的是？
A.需进行全面的内外源致病微生物检测
B.需开展细胞纯度分析
C.需检测特定细胞表面标志物群和分化潜能等特性
D.仅需进行基本的干细胞特性检测
E.应检测成活率及生长活性
【思考过程】：",D,Doubao-1.5-Thinking,"【思考过程】：异体来源干细胞因涉及临床移植，需严格检测以确保安全性和有效性。分析各选项：  
- A正确：需全面检测内外源致病微生物（如病毒、细菌等），避免传播疾病。  
- B正确：细胞纯度影响疗效和安全性，需分析。  
- C正确：特定表面标志物（鉴定细胞类型）和分化潜能（功能验证）是关键特性，需检测。  
- D错误：“仅需”基本特性检测不符合要求，异体干细胞需多维度检测（微生物、纯度、活性等），而非仅基本特性。  
- E正确：成活率及生长活性直接关系细胞功能，需检测。  

【最终答案】：D",客观题,D
基因干细胞诊疗,"你是一个严格按照要求答题的医学考试考生。请你先展示出完整的思考过程，然后再输出最终答案。每道题目有至少两个选项（A、B）至多五个选项（A、B、C、D、E），题目为不定项选择题，请按照以下格式作答：

【思考过程】：...

【最终答案】：AB / BCE / CD / DE / E / ...（只输出选项的编号，不要写选项内容）

示例：
题目：医疗伦理中四大基本原则是？
A.尊重自主权
B.善意行为
C.无害原则
D.公正原则
E.以上都不是
【思考过程】：本题考查医学伦理的四大基本原则，包括尊重自主权、不伤害原则、行善原则、公正原则。

【最终答案】：ABCD

题目：根据干细胞制剂临床前研究的要求，以下哪些内容是必须进行的？
A.设计与适应证相关的疾病动物模型
B.使用健康动物进行干细胞初步药理测试
C.建立干细胞有效标记技术
D.开展体外干细胞增殖活性实验
E.制定干细胞制剂安全性评价方案
【思考过程】：",ACE,Doubao-1.5-Thinking,"【思考过程】：本题考查干细胞制剂临床前研究的必要内容，需结合相关法规（如《干细胞制剂质量控制及临床前研究指导原则（试行）》）分析各选项：

- **选项A**：设计与适应证相关的疾病动物模型是必须的。临床前有效性研究需在与目标疾病相关的动物模型中验证，而非仅健康动物，故A正确。  
- **选项B**：使用健康动物进行初步药理测试并非必须。有效性验证更依赖疾病模型，健康动物无法准确反映实际治疗场景，故B错误。  
- **选项C**：建立干细胞有效标记技术是必要的。标记技术（如荧光或基因标记）用于追踪干细胞在体内的分布、存活及分化，属于有效性和安全性研究的关键手段，故C正确。  
- **选项D**：开展体外干细胞增殖活性实验是必须的。体外生物学特性研究（包括增殖能力）是质量控制的核心内容，需确保干细胞符合基本生物学要求，故D正确。  
- **选项E**：制定安全性评价方案是必须的。安全性评价（如致瘤性、毒性）是临床前研究的核心，必须预先制定方案以规范实验，故E正确。  

【最终答案】：ACDE",客观题,ACDE
基因干细胞诊疗,"你是一个严格按照要求答题的医学考试考生。请你先展示出完整的思考过程，然后再输出最终答案。每道题目有至少两个选项（A、B）至多五个选项（A、B、C、D、E），题目为不定项选择题，请按照以下格式作答：

【思考过程】：...

【最终答案】：AB / BCE / CD / DE / E / ...（只输出选项的编号，不要写选项内容）

示例：
题目：医疗伦理中四大基本原则是？
A.尊重自主权
B.善意行为
C.无害原则
D.公正原则
E.以上都不是
【思考过程】：本题考查医学伦理的四大基本原则，包括尊重自主权、不伤害原则、行善原则、公正原则。

【最终答案】：ABCD

题目：以下哪些要素属于保持干细胞研究诚实正直的关键程序？
A.政府直接管理研究经费
B.独立的同行评审和监督
C.研究数据的可复制性
D.机构伦理委员会监督
E.研究各阶段明确的责任追究
【思考过程】：",BCDE,Doubao-1.5-Thinking,"【思考过程】：保持干细胞研究诚实正直的关键程序主要涉及确保研究质量、伦理合规、责任明确和数据可靠性等方面。分析各选项：  
- 选项A“政府直接管理研究经费”：研究经费的管理通常由资助机构或研究机构负责，政府直接管理并非保障研究诚实的关键程序，更多是行政层面的管理方式，与研究诚实无直接必然联系。  
- 选项B“独立的同行评审和监督”：同行评审是确保研究科学性和诚信的核心机制，独立评审可减少偏见，监督能有效防止学术不端，属于关键程序。  
- 选项C“研究数据的可复制性”：数据的可复制性是科学研究的基本要求，不可复制的数据可能存在造假或错误，是保持研究诚实的重要基础。  
- 选项D“机构伦理委员会监督”：伦理委员会负责审查研究的伦理合规性，确保研究符合伦理标准，是维持研究正直的必要环节。  
- 选项E“研究各阶段明确的责任追究”：明确各阶段的责任追究机制，可促使研究者在各环节保持诚信，避免违规行为，属于关键程序。  

综上，关键程序为B、C、D、E。

【最终答案】：BCDE",客观题,BCDE
基因干细胞诊疗,"你是一个严格按照要求答题的医学考试考生。请你先展示出完整的思考过程，然后再输出最终答案。每道题目有至少两个选项（A、B）至多五个选项（A、B、C、D、E），题目为不定项选择题，请按照以下格式作答：

【思考过程】：...

【最终答案】：AB / BCE / CD / DE / E / ...（只输出选项的编号，不要写选项内容）

示例：
题目：医疗伦理中四大基本原则是？
A.尊重自主权
B.善意行为
C.无害原则
D.公正原则
E.以上都不是
【思考过程】：本题考查医学伦理的四大基本原则，包括尊重自主权、不伤害原则、行善原则、公正原则。

【最终答案】：ABCD

题目：以下哪些措施是正确应用基于干细胞的干预措施的要求？（多选）
A.产品被监管机构授权并证明安全和有效
B.包含长期病人跟踪和不良事件报告
C.质量安全标准等同于早期临床使用水平
D.由经认证的机构在正式监管框架下实施
E.在独立专家审查前允许小范围营销
【思考过程】：",ABCD,Doubao-1.5-Thinking,"【思考过程】：本题考查基于干细胞的干预措施的正确应用要求。需结合干细胞治疗的监管规范和伦理要求分析各选项：  
- 选项A：产品需经监管机构授权并证明安全有效，这是医疗干预措施的基本前提，正确。  
- 选项B：长期跟踪和不良事件报告是监测干细胞治疗长期安全性和有效性的必要手段，正确。  
- 选项C：正式应用的质量安全标准应高于早期临床研究（如I/II期试验），而非“等同于”，错误。  
- 选项D：经认证的机构在监管框架下实施可确保操作规范，符合严格管理要求，正确。  
- 选项E：未经独立专家审查即允许营销（即使小范围）违反监管流程，可能涉及非法推广，错误。  

【最终答案】：ABD",客观题,ABD
基因干细胞诊疗,"你是一个严格按照要求答题的医学考试考生。请你先展示出完整的思考过程，然后再输出最终答案。每道题目有至少两个选项（A、B）至多五个选项（A、B、C、D、E），题目为不定项选择题，请按照以下格式作答：

【思考过程】：...

【最终答案】：AB / BCE / CD / DE / E / ...（只输出选项的编号，不要写选项内容）

示例：
题目：医疗伦理中四大基本原则是？
A.尊重自主权
B.善意行为
C.无害原则
D.公正原则
E.以上都不是
【思考过程】：本题考查医学伦理的四大基本原则，包括尊重自主权、不伤害原则、行善原则、公正原则。

【最终答案】：ABCD

题目：某研究团队计划对一名患有神经退行性疾病的患者进行基因干细胞治疗临床试验，但该患者因病情无法理解治疗风险。此时研究者应如何获取知情同意？
A.由患者本人签署同意书，但不需要详细说明风险
B.由其直系亲属直接代替签署同意书
C.获得合法授权代表的代理同意
D.无需获得知情同意
E.仅需口头告知家属部分风险
【思考过程】：",C,Doubao-1.5-Thinking,"【思考过程】：本题考查医学临床试验中无法自主表达意愿患者的知情同意获取原则。根据医学伦理和相关法规，当患者因病情无法理解治疗风险（即无行为能力）时，研究者不能直接由患者本人签署同意书（A错误）；直系亲属并非当然的合法授权代表，需符合法律规定的授权程序（B错误）；必须由合法授权代表（如法定监护人、指定代理人等）代理同意（C正确）；任何临床试验均需获得知情同意，不可省略（D错误）；知情同意需充分告知风险并通常以书面形式确认，口头告知部分风险不符合要求（E错误）。

【最终答案】：C",客观题,C
基因干细胞诊疗,"你是一个严格按照要求答题的医学考试考生。请你先展示出完整的思考过程，然后再输出最终答案。每道题目有至少两个选项（A、B）至多五个选项（A、B、C、D、E），题目为不定项选择题，请按照以下格式作答：

【思考过程】：...

【最终答案】：AB / BCE / CD / DE / E / ...（只输出选项的编号，不要写选项内容）

示例：
题目：医疗伦理中四大基本原则是？
A.尊重自主权
B.善意行为
C.无害原则
D.公正原则
E.以上都不是
【思考过程】：本题考查医学伦理的四大基本原则，包括尊重自主权、不伤害原则、行善原则、公正原则。

【最终答案】：ABCD

题目：研究人员在基因干细胞诊疗中应履行哪些义务？
A. 仅在有阳性结果时向公众公布数据  
B. 及时与患者群体沟通并回应其合理信息需求  
C. 向公共团体掩盖潜在应用的不确定性  
D. 通过选择性分享部分成果来保护研究机密性  
E. 定期发布研究进展，包含正面和负面结果
【思考过程】：",BE,Doubao-1.5-Thinking,"【思考过程】：本题考查基因干细胞诊疗中研究人员的伦理义务。研究人员需遵循科研诚信、透明性及与公众/患者的沟通责任。  
- 选项A错误，仅公布阳性结果违背科研诚信，需全面公开数据（包括阴性结果）。  
- 选项B正确，及时与患者沟通并回应合理需求是伦理要求的信息透明义务。  
- 选项C错误，掩盖潜在不确定性违背如实告知义务，需公开风险与不确定性。  
- 选项D错误，选择性分享成果可能导致信息不完整，机密性应通过合法保密措施而非选择性分享实现。  
- 选项E正确，定期发布包含正反结果的进展是科研透明性的体现。  

【最终答案】：BE",客观题,BE
基因干细胞诊疗,"你是一个严格按照要求答题的医学考试考生。请你先展示出完整的思考过程，然后再输出最终答案。每道题目有至少两个选项（A、B）至多五个选项（A、B、C、D、E），题目为不定项选择题，请按照以下格式作答：

【思考过程】：...

【最终答案】：AB / BCE / CD / DE / E / ...（只输出选项的编号，不要写选项内容）

示例：
题目：医疗伦理中四大基本原则是？
A.尊重自主权
B.善意行为
C.无害原则
D.公正原则
E.以上都不是
【思考过程】：本题考查医学伦理的四大基本原则，包括尊重自主权、不伤害原则、行善原则、公正原则。

【最终答案】：ABCD

题目：社会公正方面的医学伦理要求包括以下哪些内容？
A.临床试验应依据性别认同实施差异收费  
B.需招募包含不同种族和年龄的研究对象  
C.将调试人群的诊疗费用转嫁给保险公司  
D.建立基因治疗培训基地进行医学能力建设  
E.让社会经济优势群体承担新技术研发成本
【思考过程】：",BCD,Doubao-1.5-Thinking,"【思考过程】：社会公正的医学伦理要求强调公平分配资源、避免歧视、确保不同群体平等参与及合理分担责任等。  
- 选项A：依据性别认同差异收费可能涉及歧视，违背公平原则，不符合社会公正要求。  
- 选项B：招募不同种族和年龄的研究对象可确保研究结果的普遍性和代表性，避免偏见，符合社会公正中公平参与的要求。  
- 选项C：将调试人群的诊疗费用转嫁给保险公司未直接体现资源公平分配或责任合理分担，与社会公正无直接关联。  
- 选项D：建立基因治疗培训基地可提升医疗能力的可及性和公平性，促进不同群体获得优质医疗服务，符合社会公正。  
- 选项E：让社会经济优势群体承担新技术研发成本，符合“按能力分担责任”的公正原则，避免弱势群体现有负担加重，促进新技术普惠。  

【最终答案】：BDE",客观题,BDE
基因干细胞诊疗,"你是一个严格按照要求答题的医学考试考生。请你先展示出完整的思考过程，然后再输出最终答案。每道题目有至少两个选项（A、B）至多五个选项（A、B、C、D、E），题目为不定项选择题，请按照以下格式作答：

【思考过程】：...

【最终答案】：AB / BCE / CD / DE / E / ...（只输出选项的编号，不要写选项内容）

示例：
题目：医疗伦理中四大基本原则是？
A.尊重自主权
B.善意行为
C.无害原则
D.公正原则
E.以上都不是
【思考过程】：本题考查医学伦理的四大基本原则，包括尊重自主权、不伤害原则、行善原则、公正原则。

【最终答案】：ABCD

题目：当未能说服受试者将遗传信息告知相关家人时，研究人员披露该信息需要同时满足以下哪些条件？
A.潜在的伤害是一般性的
B.不告知对家庭成员的伤害概率高，告知后可能有效避免伤害
C.需要获得伦理审查委员会的前置批准
D.应当仅告知避免伤害所必需的信息
E.该遗传信息的披露可获得研究团队的经济利益
【思考过程】：",BD,Doubao-1.5-Thinking,"【思考过程】：本题考查遗传信息披露的伦理条件。根据相关伦理原则，当研究人员需披露受试者遗传信息给其家人时，需满足严格条件：  
- 选项A错误，潜在伤害需是严重且可预见的，而非“一般性的”；  
- 选项B正确，需满足不告知会导致高概率伤害，且告知可有效避免伤害；  
- 选项C正确，违反受试者意愿的信息披露需伦理审查委员会前置批准；  
- 选项D正确，信息披露应遵循最小必要原则，仅告知避免伤害必需的信息；  
- 选项E错误，经济利益不能作为披露理由，违反伦理。  

【最终答案】：BCD",客观题,BCD
基因干细胞诊疗,"你是一个严格按照要求答题的医学考试考生。请你先展示出完整的思考过程，然后再输出最终答案。每道题目有至少两个选项（A、B）至多五个选项（A、B、C、D、E），题目为不定项选择题，请按照以下格式作答：

【思考过程】：...

【最终答案】：AB / BCE / CD / DE / E / ...（只输出选项的编号，不要写选项内容）

示例：
题目：医疗伦理中四大基本原则是？
A.尊重自主权
B.善意行为
C.无害原则
D.公正原则
E.以上都不是
【思考过程】：本题考查医学伦理的四大基本原则，包括尊重自主权、不伤害原则、行善原则、公正原则。

【最终答案】：ABCD

题目：以下哪种情况下研究人员可以共享受试者的遗传数据？
A.遗传数据已加密但保留姓名等标识
B.经伦理审查委员会批准但未去标识化
C.数据已去标识化且符合研究目的
D.受试者未明确反对数据共享
【思考过程】：",C,Doubao-1.5-Thinking,"【思考过程】：遗传数据属于敏感个人信息，共享需严格保护受试者隐私。根据伦理和法规要求，共享遗传数据的关键是去标识化（去除可识别身份的信息），以避免隐私泄露。选项A中保留姓名等标识仍可识别受试者，不符合要求；选项B未去标识化，即使经伦理审查也可能侵犯隐私；选项C数据已去标识化且符合研究目的，符合隐私保护和研究需求；选项D需受试者明确同意而非“未反对”，默认同意不符合遗传数据共享的严格要求。

【最终答案】：C",客观题,C
基因干细胞诊疗,"你是一个严格按照要求答题的医学考试考生。请你先展示出完整的思考过程，然后再输出最终答案。每道题目有至少两个选项（A、B）至多五个选项（A、B、C、D、E），题目为不定项选择题，请按照以下格式作答：

【思考过程】：...

【最终答案】：AB / BCE / CD / DE / E / ...（只输出选项的编号，不要写选项内容）

示例：
题目：医疗伦理中四大基本原则是？
A.尊重自主权
B.善意行为
C.无害原则
D.公正原则
E.以上都不是
【思考过程】：本题考查医学伦理的四大基本原则，包括尊重自主权、不伤害原则、行善原则、公正原则。

【最终答案】：ABCD

题目：在基因干细胞诊疗研究中，哪些情况下研究人员可以披露受试者拒绝共享的遗传信息给其亲属？
A.潜在伤害非常严重且告知可有效避免伤害，B.仅在需要告知全部基因序列时，C.当家庭成员患病概率较高且存在临床干预方法，D.仅传递避免伤害所必需的信息，E.获得伦理委员会口头许可后直接披露
【思考过程】：",ACD,Doubao-1.5-Thinking,"【思考过程】：本题考查基因干细胞诊疗研究中遗传信息披露的伦理规范。根据相关伦理原则，披露受试者拒绝共享的遗传信息给亲属需满足严格条件：  
- 选项A：潜在伤害非常严重且告知可有效避免伤害，符合“不伤害”原则，当隐瞒可能导致严重伤害时，允许披露。  
- 选项B：“仅在需要告知全部基因序列时”错误，披露应遵循“最小必要”原则，无需全部基因序列，仅需必要信息。  
- 选项C：当家庭成员患病概率较高且存在临床干预方法时，告知亲属可帮助其采取预防或治疗措施，符合伦理要求。  
- 选项D：“仅传递避免伤害所必需的信息”符合“最小必要”原则，避免过度披露受试者隐私。  
- 选项E：“获得伦理委员会口头许可后直接披露”错误，伦理审查通常需书面批准，口头许可不具备法律效力。  

综上，正确情况为A、C、D。

【最终答案】：ACD",客观题,ACD
基因干细胞诊疗,"你是一个严格按照要求答题的医学考试考生。请你先展示出完整的思考过程，然后再输出最终答案。每道题目有至少两个选项（A、B）至多五个选项（A、B、C、D、E），题目为不定项选择题，请按照以下格式作答：

【思考过程】：...

【最终答案】：AB / BCE / CD / DE / E / ...（只输出选项的编号，不要写选项内容）

示例：
题目：医疗伦理中四大基本原则是？
A.尊重自主权
B.善意行为
C.无害原则
D.公正原则
E.以上都不是
【思考过程】：本题考查医学伦理的四大基本原则，包括尊重自主权、不伤害原则、行善原则、公正原则。

【最终答案】：ABCD

题目：根据遗传学研究的隐私保护条款，当研究人员在未能说服受试者将其遗传信息告知相关家人时，可以披露该信息必须符合以下哪些条件？
A.潜在伤害轻微但告知后可降低家庭矛盾
B.伤害发生的概率高且告知能有效避免
C.研究人员认为这样做有利于科学数据积累
D.仅告知避免伤害所必需的信息
E.需经当地卫生行政部门事先批准
【思考过程】：",BD,Doubao-1.5-Thinking,"【思考过程】：本题考查遗传学研究中隐私保护的例外披露条件。根据相关伦理原则和法规，当研究人员需披露受试者遗传信息给家人时，需满足以下核心条件：1. 潜在伤害需严重且发生概率高（而非轻微），且告知能有效避免或减轻该伤害；2. 披露的信息应严格限于避免伤害所必需的最小范围；3. 需基于避免伤害的目的，而非科学数据积累等其他理由；4. 通常需经伦理审查委员会批准，而非卫生行政部门。  

选项A错误，因“潜在伤害轻微”不符合“严重伤害”的必要条件；选项B正确，符合“伤害概率高且告知能有效避免”的要求；选项C错误，科学数据积累并非披露理由；选项D正确，符合“仅告知必需信息”的最小必要原则；选项E错误，批准机构应为伦理审查委员会而非卫生行政部门。

【最终答案】：BD",客观题,BD
基因干细胞诊疗,"你是一个严格按照要求答题的医学考试考生。请你先展示出完整的思考过程，然后再输出最终答案。每道题目有至少两个选项（A、B）至多五个选项（A、B、C、D、E），题目为不定项选择题，请按照以下格式作答：

【思考过程】：...

【最终答案】：AB / BCE / CD / DE / E / ...（只输出选项的编号，不要写选项内容）

示例：
题目：医疗伦理中四大基本原则是？
A.尊重自主权
B.善意行为
C.无害原则
D.公正原则
E.以上都不是
【思考过程】：本题考查医学伦理的四大基本原则，包括尊重自主权、不伤害原则、行善原则、公正原则。

【最终答案】：ABCD

题目：当研究人员未能说服受试者将遗传信息告知相关家人时，以下哪种情况不符合信息披露条件？
A.潜在的伤害是严重的
B.如不告知，对家庭成员伤害的概率高
C.仅告知避免伤害所必需的信息
D.必须获得伦理审查委员会批准
【思考过程】：",D,Doubao-1.5-Thinking,"【思考过程】：本题考查遗传信息披露的伦理条件。当研究人员未能说服受试者告知家人时，信息披露需满足以下条件：1. 潜在伤害严重（A符合）；2. 不告知时家庭成员受伤害的概率高（B符合）；3. 仅披露避免伤害必需的最小信息（C符合）。伦理审查委员会批准（D）通常是程序性要求，但并非信息披露的核心条件（即即使未获得批准，若其他条件满足，仍可能符合披露条件）。因此，“必须获得伦理审查委员会批准”不符合信息披露的核心条件。

【最终答案】：D",客观题,D
基因干细胞诊疗,"你是一个严格按照要求答题的医学考试考生。请你先展示出完整的思考过程，然后再输出最终答案。每道题目有至少两个选项（A、B）至多五个选项（A、B、C、D、E），题目为不定项选择题，请按照以下格式作答：

【思考过程】：...

【最终答案】：AB / BCE / CD / DE / E / ...（只输出选项的编号，不要写选项内容）

示例：
题目：医疗伦理中四大基本原则是？
A.尊重自主权
B.善意行为
C.无害原则
D.公正原则
E.以上都不是
【思考过程】：本题考查医学伦理的四大基本原则，包括尊重自主权、不伤害原则、行善原则、公正原则。

【最终答案】：ABCD

题目：在基因干细胞诊疗研究中，以下哪些情况下研究人员可以未经受试者授权向其亲属披露遗传信息？
A. 受试者患有可治愈的普通感冒，但拒绝告知家人
B. 潜在伤害较轻，但家庭成员有60%概率患病且告知能避免伤害时
C. 家庭成员的伤害概率高且严重，告知仅传递必要信息避免伤害
D. 意外发现受试者是严重遗传病先证者，家系风险高且有干预方法，但受试者拒绝告知
【思考过程】：",C,Doubao-1.5-Thinking,"【思考过程】：在基因干细胞诊疗研究中，向受试者亲属披露遗传信息需权衡受试者隐私保护与避免亲属严重伤害的伦理原则。通常仅在亲属面临高概率、高严重性伤害风险，且披露是避免伤害的必要手段时，才可能突破受试者授权限制。  
- 选项A：普通感冒伤害轻微且可治愈，无披露必要。  
- 选项B：潜在伤害较轻，即使概率60%，也不满足“严重伤害”的阈值。  
- 选项C：家庭成员伤害概率高且严重，且仅传递必要信息，符合“避免严重伤害”的伦理要求。  
- 选项D：受试者为严重遗传病先证者，家系风险高且有干预方法（可避免伤害），即使受试者拒绝，仍需披露以保护亲属健康。  

【最终答案】：CD",客观题,CD
基因干细胞诊疗,"你是一个严格按照要求答题的医学考试考生。请你先展示出完整的思考过程，然后再输出最终答案。每道题目有至少两个选项（A、B）至多五个选项（A、B、C、D、E），题目为不定项选择题，请按照以下格式作答：

【思考过程】：...

【最终答案】：AB / BCE / CD / DE / E / ...（只输出选项的编号，不要写选项内容）

示例：
题目：医疗伦理中四大基本原则是？
A.尊重自主权
B.善意行为
C.无害原则
D.公正原则
E.以上都不是
【思考过程】：本题考查医学伦理的四大基本原则，包括尊重自主权、不伤害原则、行善原则、公正原则。

【最终答案】：ABCD

题目：以下关于遗传学数据的处理，哪两项需要再次获得受试者同意？  
A.使用去标识化数据与新研究机构共享，B.将剩余遗传标本用于最初知情同意告知的研究目的，C.利用剩余标本进行超出知情同意范围的其他研究，D.将遗传学检查结果匿名化后发表至学术期刊，E.向受试者亲属披露意外发现的高风险遗传病结果
A. 需要再次知情同意
B. 不需要再次同意（因属于原同意范围）
C. 需要再次同意
D. 不需要再次同意（因已匿名）
E. 需要再次同意并经伦理批准
【思考过程】：",CE,Doubao-1.5-Thinking,"【思考过程】：本题需判断遗传学数据处理中哪些情况需要再次获得受试者同意。  
- 选项A：去标识化数据已无法识别受试者，共享通常无需再次同意。  
- 选项B：使用原知情同意范围内的研究目的，属于已授权范围，无需再次同意。  
- 选项C：超出原知情同意范围的其他研究，需重新告知并获得受试者同意。  
- 选项D：匿名化结果发表无法识别受试者，无需再次同意。  
- 选项E：向亲属披露高风险遗传病结果，原知情同意未涵盖此内容，需再次获得受试者同意并可能需伦理批准。  

因此，需再次获得同意的是C和E。

【最终答案】：CE",客观题,CE
基因干细胞诊疗,"你是一个严格按照要求答题的医学考试考生。请你先展示出完整的思考过程，然后再输出最终答案。每道题目有至少两个选项（A、B）至多五个选项（A、B、C、D、E），题目为不定项选择题，请按照以下格式作答：

【思考过程】：...

【最终答案】：AB / BCE / CD / DE / E / ...（只输出选项的编号，不要写选项内容）

示例：
题目：医疗伦理中四大基本原则是？
A.尊重自主权
B.善意行为
C.无害原则
D.公正原则
E.以上都不是
【思考过程】：本题考查医学伦理的四大基本原则，包括尊重自主权、不伤害原则、行善原则、公正原则。

【最终答案】：ABCD

题目：在基因诊疗相关研究过程中，若无法说服受试者告知家人遗传风险信息，研究者可以披露该信息的条件包括以下哪些？
A.潜在伤害仅为轻微不适
B.不告知对家庭成伤害的可能性高
C.仅提供避免伤害所必需的信息
D.披露全部原始基因序列数据
E.伤害概率低但存在干预措施
【思考过程】：",BC,Doubao-1.5-Thinking,"【思考过程】：在基因诊疗研究中，当无法说服受试者告知家人遗传风险信息时，研究者披露信息需满足严格的伦理条件。根据相关伦理准则，披露的核心是权衡受试者隐私与家庭成员潜在伤害的风险。  
- 选项A“潜在伤害仅为轻微不适”：轻微不适通常不足以突破隐私保护，需潜在伤害严重才可能披露，故A不符合。  
- 选项B“不告知对家庭成员伤害的可能性高”：高可能性的严重伤害是披露的关键条件，符合伦理权衡的要求。  
- 选项C“仅提供避免伤害所必需的信息”：遵循最小必要原则，仅披露必要信息以保护隐私，符合伦理规范。  
- 选项D“披露全部原始基因序列数据”：披露全部数据超出必要范围，违反最小必要原则，故D错误。  
- 选项E“伤害概率低但存在干预措施”：伤害概率低时，通常不优先选择突破隐私，需高概率伤害才可能披露，故E不符合。  

【最终答案】：BC",客观题,BC
基因干细胞诊疗,"你是一个严格按照要求答题的医学考试考生。请你先展示出完整的思考过程，然后再输出最终答案。每道题目有至少两个选项（A、B）至多五个选项（A、B、C、D、E），题目为不定项选择题，请按照以下格式作答：

【思考过程】：...

【最终答案】：AB / BCE / CD / DE / E / ...（只输出选项的编号，不要写选项内容）

示例：
题目：医疗伦理中四大基本原则是？
A.尊重自主权
B.善意行为
C.无害原则
D.公正原则
E.以上都不是
【思考过程】：本题考查医学伦理的四大基本原则，包括尊重自主权、不伤害原则、行善原则、公正原则。

【最终答案】：ABCD

题目：根据隐私保护相关规定，当未能说服受试者向亲属披露遗传信息时，研究人员可以披露该信息的必要条件包括以下哪些？
A.潜在的伤害是严重的
B.如不告知对家庭成员的伤害概率高且告知可有效避免
C.仅告知避免伤害必需的信息
D.需获得伦理审查委员会批准
E.受试者签署了书面豁免协议
【思考过程】：",ABC,Doubao-1.5-Thinking,"【思考过程】：本题考查隐私保护中遗传信息披露的必要条件。根据相关伦理规范和隐私保护规定，当无法说服受试者向亲属披露遗传信息时，研究人员披露信息需满足以下条件：  
1. **潜在伤害的严重性**（选项A）：仅当不披露可能导致的潜在伤害是严重的（如遗传性高风险疾病），才可能突破隐私限制。  
2. **伤害的高概率性与可避免性**（选项B）：需确认不告知时家庭成员受伤害的概率高，且告知能有效避免该伤害，否则披露无必要。  
3. **信息最小化原则**（选项C）：披露的信息应仅限于避免伤害必需的内容，以保护隐私。  
4. **伦理审查批准**（选项D）：涉及隐私披露的特殊情况需经伦理审查委员会审核，确保符合伦理规范。  
选项E（受试者签署书面豁免协议）不成立，因题目前提是“未能说服受试者”，此时受试者可能拒绝签署豁免，故豁免非必要条件。  

【最终答案】：ABCD",客观题,ABCD
基因干细胞诊疗,"你是一个严格按照要求答题的医学考试考生。请你先展示出完整的思考过程，然后再输出最终答案。每道题目有至少两个选项（A、B）至多五个选项（A、B、C、D、E），题目为不定项选择题，请按照以下格式作答：

【思考过程】：...

【最终答案】：AB / BCE / CD / DE / E / ...（只输出选项的编号，不要写选项内容）

示例：
题目：医疗伦理中四大基本原则是？
A.尊重自主权
B.善意行为
C.无害原则
D.公正原则
E.以上都不是
【思考过程】：本题考查医学伦理的四大基本原则，包括尊重自主权、不伤害原则、行善原则、公正原则。

【最终答案】：ABCD

题目：当研究者未能说服受试者向亲属披露遗传信息时，下列哪个条件不是允许研究人员自行披露的必要条件？
A.潜在伤害的性质是严重的
B.伤害发生概率在未告知时将超过60%
C.仅告知避免伤害所必需的字段信息
D.已获得受试者明确书面同意
E.告知行为可有效避免伤害发生
【思考过程】：",D,Doubao-1.5-Thinking,"【思考过程】：本题考查研究伦理中遗传信息披露的必要条件。当研究者无法说服受试者向亲属披露遗传信息时，需权衡保密原则与避免伤害他人的责任。根据相关伦理指南，允许研究者自行披露的必要条件通常包括：潜在伤害性质严重（A是必要条件）、伤害发生概率较高（但“超过60%”是否为通用标准存疑，需结合选项判断）、仅披露必要信息（C是必要条件）、披露能有效避免伤害（E是必要条件）。而D选项“已获得受试者明确书面同意”与题干“未能说服受试者”矛盾——若已获得同意，则无需研究者自行披露，因此D并非必要条件。B选项“超过60%”可能是干扰项，但题目要求选择“不是必要条件”的选项，D更符合。

【最终答案】：D",客观题,D
基因干细胞诊疗,"你是一个严格按照要求答题的医学考试考生。请你先展示出完整的思考过程，然后再输出最终答案。每道题目有至少两个选项（A、B）至多五个选项（A、B、C、D、E），题目为不定项选择题，请按照以下格式作答：

【思考过程】：...

【最终答案】：AB / BCE / CD / DE / E / ...（只输出选项的编号，不要写选项内容）

示例：
题目：医疗伦理中四大基本原则是？
A.尊重自主权
B.善意行为
C.无害原则
D.公正原则
E.以上都不是
【思考过程】：本题考查医学伦理的四大基本原则，包括尊重自主权、不伤害原则、行善原则、公正原则。

【最终答案】：ABCD

题目：下列哪一项不属于研究人员在未获受试者同意时披露遗传信息给亲属的前提条件？
A.潜在伤害具有严重性
B.不告知时家庭成员受伤害概率极高
C.仅提供避免伤害所必需的信息
D.必须获得伦理委员会投票批准
E.告知后可能有效避免伤害
【思考过程】：",D,Doubao-1.5-Thinking,"【思考过程】：研究人员在未获受试者同意时披露遗传信息给亲属的前提条件通常包括：潜在伤害具有严重性（A）、不告知时家庭成员受伤害概率极高（B）、仅提供避免伤害所必需的信息（C）、告知后可能有效避免伤害（E）。而“必须获得伦理委员会投票批准”（D）更多是操作程序要求，并非披露的核心前提条件。

【最终答案】：D",客观题,D
基因干细胞诊疗,"你是一个严格按照要求答题的医学考试考生。请你先展示出完整的思考过程，然后再输出最终答案。每道题目有至少两个选项（A、B）至多五个选项（A、B、C、D、E），题目为不定项选择题，请按照以下格式作答：

【思考过程】：...

【最终答案】：AB / BCE / CD / DE / E / ...（只输出选项的编号，不要写选项内容）

示例：
题目：医疗伦理中四大基本原则是？
A.尊重自主权
B.善意行为
C.无害原则
D.公正原则
E.以上都不是
【思考过程】：本题考查医学伦理的四大基本原则，包括尊重自主权、不伤害原则、行善原则、公正原则。

【最终答案】：ABCD

题目：在遗传学研究中，当研究者意外发现受试者携带严重遗传病且家系发病风险较高时，以下哪些措施符合伦理要求？
A.立即将全部基因序列数据公开发布以寻求全球帮助
B.建议受试者向相关亲属披露信息并接受诊治
C.未经受试者同意即可直接告知其家庭成员所有遗传信息
D.只要潜在伤害严重，无需满足其他条件即可主动披露
E.仅告知亲属避免伤害所必需的信息且确保符合伤害严重性、高概率性、信息最小化三项条件
【思考过程】：",BE,Doubao-1.5-Thinking,"【思考过程】：本题考查遗传学研究中的伦理要求，重点涉及受试者及其亲属的信息披露。需结合隐私保护、自主权及避免伤害等伦理原则分析各选项：

- 选项A：将全部基因序列数据公开发布会严重侵犯受试者隐私权，不符合伦理要求。  
- 选项B：建议受试者自行向亲属披露信息并接受诊治，既尊重了受试者的自主权，又有助于亲属预防或治疗疾病，符合伦理。  
- 选项C：未经受试者同意直接告知家庭成员所有遗传信息，侵犯了受试者的隐私权，不符合伦理。  
- 选项D：仅以“潜在伤害严重”为由主动披露，未考虑伤害的高概率性、信息最小化等条件，不符合伦理规范。  
- 选项E：仅告知亲属避免伤害所必需的信息，并满足伤害严重性、高概率性、信息最小化三项条件，符合“最小伤害”和“隐私保护”的伦理原则。  

【最终答案】：BE",客观题,BE
基因干细胞诊疗,"你是一个严格按照要求答题的医学考试考生。请你先展示出完整的思考过程，然后再输出最终答案。每道题目有至少两个选项（A、B）至多五个选项（A、B、C、D、E），题目为不定项选择题，请按照以下格式作答：

【思考过程】：...

【最终答案】：AB / BCE / CD / DE / E / ...（只输出选项的编号，不要写选项内容）

示例：
题目：医疗伦理中四大基本原则是？
A.尊重自主权
B.善意行为
C.无害原则
D.公正原则
E.以上都不是
【思考过程】：本题考查医学伦理的四大基本原则，包括尊重自主权、不伤害原则、行善原则、公正原则。

【最终答案】：ABCD

题目：以下哪种做法有违医学伦理？
A.仅对受试者家属公示临床研究数据
B.未经严格独立审查就将干细胞疗法投入市场
C.使用未经实验性干预测试的细胞疗法
D.由赞助方承担临床研究责任评估
【思考过程】：",B,Doubao-1.5-Thinking,"【思考过程】：本题需判断各选项是否违背医学伦理原则。  
- 选项A：根据知情同意原则，受试者本人（若有行为能力）应是主要知情对象，仅对家属公示可能侵犯受试者自主权，有违伦理。  
- 选项B：干细胞疗法等医疗技术投入市场前需经独立伦理审查（如伦理委员会），未经审查即应用违反伦理审查要求。  
- 选项C：未经实验性干预测试的细胞疗法缺乏安全性和有效性依据，直接使用可能伤害患者，违反“不伤害”原则。  
- 选项D：临床研究的责任评估需由独立第三方（如伦理委员会）进行，赞助方（利益相关方）承担评估易导致利益冲突，破坏公正性，有违伦理。  

【最终答案】：ABCD",客观题,ABCD
基因干细胞诊疗,"你是一个严格按照要求答题的医学考试考生。请你先展示出完整的思考过程，然后再输出最终答案。每道题目有至少两个选项（A、B）至多五个选项（A、B、C、D、E），题目为不定项选择题，请按照以下格式作答：

【思考过程】：...

【最终答案】：AB / BCE / CD / DE / E / ...（只输出选项的编号，不要写选项内容）

示例：
题目：医疗伦理中四大基本原则是？
A.尊重自主权
B.善意行为
C.无害原则
D.公正原则
E.以上都不是
【思考过程】：本题考查医学伦理的四大基本原则，包括尊重自主权、不伤害原则、行善原则、公正原则。

【最终答案】：ABCD

题目：在法定监护人代理同意的基因干细胞临床研究中，若风险与受益比发生重大改变，研究人员应采取的措施是？
A.继续研究无需重新获取同意
B.暂停研究直到风险降至最低
C.必须重新获得法定监护人知情同意
D.只需通知法定监护人变更内容
【思考过程】：",C,Doubao-1.5-Thinking,"【思考过程】：在涉及人的生物医学研究中，知情同意是核心伦理要求。当研究过程中风险与受益比发生重大改变时，原有的知情同意所依据的风险和受益信息已不完整或不准确。根据相关法规（如《涉及人的生物医学研究伦理审查办法》），此时必须重新获得受试者或其法定监护人的知情同意，以确保其在充分了解新风险和受益的基础上做出选择。选项A（继续研究无需重新获取同意）忽略了风险变化对知情同意的影响；选项B（暂停研究直到风险降至最低）未明确重新获取同意的必要性；选项D（只需通知）未满足“重新同意”的法定要求；只有选项C（必须重新获得法定监护人知情同意）符合伦理和法规要求。

【最终答案】：C",客观题,C
基因干细胞诊疗,"你是一个严格按照要求答题的医学考试考生。请你先展示出完整的思考过程，然后再输出最终答案。每道题目有至少两个选项（A、B）至多五个选项（A、B、C、D、E），题目为不定项选择题，请按照以下格式作答：

【思考过程】：...

【最终答案】：AB / BCE / CD / DE / E / ...（只输出选项的编号，不要写选项内容）

示例：
题目：医疗伦理中四大基本原则是？
A.尊重自主权
B.善意行为
C.无害原则
D.公正原则
E.以上都不是
【思考过程】：本题考查医学伦理的四大基本原则，包括尊重自主权、不伤害原则、行善原则、公正原则。

【最终答案】：ABCD

题目：根据干细胞临床研究的相关法规，下列哪类人群不允许作为受试者被招募？
A.孕妇
B.哺乳期妇女
C.18岁以下的未成年人
D.患有严重基础疾病的患者
E.健康状况良好的老年人
【思考过程】：",A,Doubao-1.5-Thinking,"【思考过程】：本题考查干细胞临床研究中受试者招募的限制人群。根据《干细胞临床研究管理办法（试行）》及《涉及人的生物医学研究伦理审查办法》等法规，需重点保护脆弱人群的权益。  
- 孕妇（A）：干细胞研究可能对胎儿造成潜在风险，通常禁止招募。  
- 哺乳期妇女（B）：干预措施可能通过乳汁影响婴儿，属于限制人群。  
- 18岁以下未成年人（C）：作为脆弱人群，除非研究针对其特定疾病且符合伦理要求，否则一般不允许。  
- 患有严重基础疾病的患者（D）：是否禁止需结合研究目的，若研究与该疾病相关可能允许，否则可能排除，但法规未明确一概禁止。  
- 健康状况良好的老年人（E）：若符合研究条件，通常允许参与，不属于禁止范围。  

综上，明确不允许招募的人群为孕妇、哺乳期妇女和未成年人。

【最终答案】：ABC",客观题,ABC
基因干细胞诊疗,"你是一个严格按照要求答题的医学考试考生。请你先展示出完整的思考过程，然后再输出最终答案。每道题目有至少两个选项（A、B）至多五个选项（A、B、C、D、E），题目为不定项选择题，请按照以下格式作答：

【思考过程】：...

【最终答案】：AB / BCE / CD / DE / E / ...（只输出选项的编号，不要写选项内容）

示例：
题目：医疗伦理中四大基本原则是？
A.尊重自主权
B.善意行为
C.无害原则
D.公正原则
E.以上都不是
【思考过程】：本题考查医学伦理的四大基本原则，包括尊重自主权、不伤害原则、行善原则、公正原则。

【最终答案】：ABCD

题目：以下哪些是临床研究中使用胚胎来源干细胞时必须严格审查的方面？
A.来源的合法合规性
B.治疗的有效性
C.使用的合规性
D.患者的年龄是否适应该诊疗
E.是否通过伦理委员会审批
【思考过程】：",AC,Doubao-1.5-Thinking,"【思考过程】：临床研究中使用胚胎来源干细胞时，需严格审查伦理和法律合规性。胚胎干细胞涉及人类胚胎，其来源必须合法合规（如自愿捐赠、知情同意等），因此A正确；使用过程需符合相关法规和研究方案，故C正确；所有涉及人类受试者的研究必须通过伦理委员会审批，E正确。治疗有效性（B）是研究结果评估内容，非审查核心；患者年龄（D）是具体诊疗考虑，非干细胞使用审查重点。

【最终答案】：ACE",客观题,ACE
基因干细胞诊疗,"你是一个严格按照要求答题的医学考试考生。请你先展示出完整的思考过程，然后再输出最终答案。每道题目有至少两个选项（A、B）至多五个选项（A、B、C、D、E），题目为不定项选择题，请按照以下格式作答：

【思考过程】：...

【最终答案】：AB / BCE / CD / DE / E / ...（只输出选项的编号，不要写选项内容）

示例：
题目：医疗伦理中四大基本原则是？
A.尊重自主权
B.善意行为
C.无害原则
D.公正原则
E.以上都不是
【思考过程】：本题考查医学伦理的四大基本原则，包括尊重自主权、不伤害原则、行善原则、公正原则。

【最终答案】：ABCD

题目：以下哪项不属于使用超出常规研究的干细胞干预必须满足的条件？
A.基于大量案例支持的治疗方案
B.受独立专家团队的审查监督
C.以患者的最佳利益为出发点
D.治疗方案具有可重复验证的证据支持
E.提前进行系统评估后再大规模应用
【思考过程】：",A,Doubao-1.5-Thinking,"【思考过程】：本题考查使用超出常规研究的干细胞干预的必要条件。根据相关医学伦理和研究规范，超出常规的干细胞干预需满足严格条件：需以患者最佳利益为出发点（C属于）、受独立专家团队审查监督（B属于）、治疗方案有可重复验证的证据支持（D属于）、提前系统评估后再大规模应用（E属于）。而“基于大量案例支持的治疗方案”（A）通常是常规治疗的要求，超出常规的研究可能处于探索阶段，未必已有大量案例支持，因此A不属于必须满足的条件。

【最终答案】：A",客观题,A
数字医疗,"你是一个严格按照要求答题的医学考试考生。请你先展示出完整的思考过程，然后再输出最终答案。每道题目有至少两个选项（A、B）至多五个选项（A、B、C、D、E），题目为不定项选择题，请按照以下格式作答：

【思考过程】：...

【最终答案】：AB / BCE / CD / DE / E / ...（只输出选项的编号，不要写选项内容）

示例：
题目：医疗伦理中四大基本原则是？
A.尊重自主权
B.善意行为
C.无害原则
D.公正原则
E.以上都不是
【思考过程】：本题考查医学伦理的四大基本原则，包括尊重自主权、不伤害原则、行善原则、公正原则。

【最终答案】：ABCD

题目：在数字医疗场景中，根据相关法律法规，下列哪种情形不属于组织或个人承担法定救助义务的情形？
A.患者因远程诊断系统故障导致健康数据中断，突发呼吸困难
B.网络药房错误推送过量用药方案导致用户肝肾功能受损
C.未与患者建立医疗关系的路人在公共场所突发心搏骤停
D.AI医疗设备操作员发现用户上传的数据显示其有急性脑卒中风险
【思考过程】：",C,Doubao-1.5-Thinking,"【思考过程】：本题需判断数字医疗场景中不属于法定救助义务的情形。法定救助义务通常基于已建立的医疗关系或服务过程中的责任。  
- 选项A：患者因远程诊断系统故障突发呼吸困难，远程诊断已建立医疗关系，提供方需承担救助义务。  
- 选项B：网络药房错误推送用药方案致损，属于服务过程中的过失，需承担救助义务。  
- 选项C：未建立医疗关系的路人突发心搏骤停，无医疗关系基础，组织或个人无法定义务救助（仅道德义务）。  
- 选项D：AI设备操作员发现用户数据显示脑卒中风险，用户已上传数据并可能建立潜在医疗关系，操作员需履行救助义务（如通知就医）。  

【最终答案】：C",客观题,C
数字医疗,"你是一个严格按照要求答题的医学考试考生。请你先展示出完整的思考过程，然后再输出最终答案。每道题目有至少两个选项（A、B）至多五个选项（A、B、C、D、E），题目为不定项选择题，请按照以下格式作答：

【思考过程】：...

【最终答案】：AB / BCE / CD / DE / E / ...（只输出选项的编号，不要写选项内容）

示例：
题目：医疗伦理中四大基本原则是？
A.尊重自主权
B.善意行为
C.无害原则
D.公正原则
E.以上都不是
【思考过程】：本题考查医学伦理的四大基本原则，包括尊重自主权、不伤害原则、行善原则、公正原则。

【最终答案】：ABCD

题目：某自然人生前未反对器官捐献，其去世后，配偶与父母达成一致但无法联系成年子女。以下哪种处理方式符合相关规定？
A.配偶、父母、成年子女共同书面同意捐献
B.配偶和父母书面同意捐献不需联系成年子女
C.配偶、父母、成年子女口头同意捐献
D.医院直接按家属意愿处理无需书面材料
E.医生暗示捐献可获取经济补偿以促成决定
【思考过程】：",A,Doubao-1.5-Thinking,"【思考过程】：本题考查器官捐献的法律规定。根据《民法典》第一千零六条，自然人生前未表示不同意捐献的，该自然人死亡后，其配偶、成年子女、父母可以共同决定捐献，且决定应当采用书面形式。题目中，自然人生前未反对捐献，但其去世后，虽配偶与父母达成一致，但无法联系成年子女。根据规定，必须由配偶、成年子女、父母共同书面同意方可捐献。其他选项分析：B选项中配偶和父母单独同意不符合“共同决定”要求；C选项口头同意不符合“书面形式”规定；D选项无需书面材料违反法定形式；E选项暗示经济补偿属于违法（器官捐献禁止买卖）。因此，仅A选项符合规定。

【最终答案】：A",客观题,A
数字医疗,"你是一个严格按照要求答题的医学考试考生。请你先展示出完整的思考过程，然后再输出最终答案。每道题目有至少两个选项（A、B）至多五个选项（A、B、C、D、E），题目为不定项选择题，请按照以下格式作答：

【思考过程】：...

【最终答案】：AB / BCE / CD / DE / E / ...（只输出选项的编号，不要写选项内容）

示例：
题目：医疗伦理中四大基本原则是？
A.尊重自主权
B.善意行为
C.无害原则
D.公正原则
E.以上都不是
【思考过程】：本题考查医学伦理的四大基本原则，包括尊重自主权、不伤害原则、行善原则、公正原则。

【最终答案】：ABCD

题目：以下哪种行为不属于违反《禁止买卖人体细胞组织器官相关规定》的情形？
A.私自出售个人存储的亲属遗体器官
B.通过合法机构接收科研捐赠的人体组织样本
C.以研究名义收购活体干细胞
D.医院间共享未使用的人造骨骼假体材料
【思考过程】：",BD,Doubao-1.5-Thinking,"【思考过程】：本题需判断哪种行为不违反《禁止买卖人体细胞组织器官相关规定》。根据相关法规，禁止买卖人体细胞、组织、器官，但合法捐赠（如科研用途）及非人体源性材料的共享不违规。  
- 选项A：私自出售亲属遗体器官属于买卖人体器官，违反规定。  
- 选项B：通过合法机构接收科研捐赠的人体组织样本，属于合法无偿捐赠，不违反规定。  
- 选项C：以研究名义收购活体干细胞属于有偿获取人体细胞，违反规定。  
- 选项D：医院间共享人造骨骼假体材料（非人体源性），不涉及买卖人体组织，不违反规定。  

【最终答案】：BD",客观题,BD
数字医疗,"你是一个严格按照要求答题的医学考试考生。请你先展示出完整的思考过程，然后再输出最终答案。每道题目有至少两个选项（A、B）至多五个选项（A、B、C、D、E），题目为不定项选择题，请按照以下格式作答：

【思考过程】：...

【最终答案】：AB / BCE / CD / DE / E / ...（只输出选项的编号，不要写选项内容）

示例：
题目：医疗伦理中四大基本原则是？
A.尊重自主权
B.善意行为
C.无害原则
D.公正原则
E.以上都不是
【思考过程】：本题考查医学伦理的四大基本原则，包括尊重自主权、不伤害原则、行善原则、公正原则。

【最终答案】：ABCD

题目：在数字医疗领域进行新型诊疗算法临床试验时，以下哪些行为符合我国相关法规要求？
A.获得主管部门批文但未完成伦理审查即开展试验
B.向受试者收取设备使用费
C.将试验风险概要告知受试者后仅取得口头同意
D.向受试者监护人说明全部风险并取得书面签字
E.使用获批资金覆盖全部试验成本
【思考过程】：",DE,Doubao-1.5-Thinking,"【思考过程】：本题需依据我国涉及人体临床试验的相关法规（如《药物临床试验质量管理规范》《医疗器械临床试验质量管理规范》等）分析各选项是否符合要求。  
- 选项A：临床试验需同时获得主管部门批文和伦理审查通过后方可开展，未完成伦理审查即试验违反法规。  
- 选项B：临床试验中受试者不应被收取与试验相关的费用（如设备使用费），此行为不符合受试者权益保护要求。  
- 选项C：知情同意必须以书面形式签署，仅口头同意不符合法规对知情同意的形式要求。  
- 选项D：若受试者无完全民事行为能力（如未成年人），需向其监护人说明全部风险并取得书面签字，符合法规对特殊受试者知情同意的规定。  
- 选项E：使用获批资金覆盖试验成本属于合理合规的资金使用方式，符合试验经费管理要求。  

【最终答案】：DE",客观题,DE
数字医疗,"你是一个严格按照要求答题的医学考试考生。请你先展示出完整的思考过程，然后再输出最终答案。每道题目有至少两个选项（A、B）至多五个选项（A、B、C、D、E），题目为不定项选择题，请按照以下格式作答：

【思考过程】：...

【最终答案】：AB / BCE / CD / DE / E / ...（只输出选项的编号，不要写选项内容）

示例：
题目：医疗伦理中四大基本原则是？
A.尊重自主权
B.善意行为
C.无害原则
D.公正原则
E.以上都不是
【思考过程】：本题考查医学伦理的四大基本原则，包括尊重自主权、不伤害原则、行善原则、公正原则。

【最终答案】：ABCD

题目：以下哪种情形违反了与人体基因、人体胚胎相关医学活动的法律规定？
A.研究导致实验志愿者肝功能异常
B.将基因编辑数据非法售卖给境外机构
C.公开胚胎来源研究对象的个人隐私
D.未经申请专利直接公开新技术方案
【思考过程】：",ABC,Doubao-1.5-Thinking,"【思考过程】：本题需判断哪些情形违反与人体基因、人体胚胎相关医学活动的法律规定。  
- 选项A：医学研究中可能存在风险，若研究符合伦理审查、志愿者知情同意，出现不良反应属于正常风险，未明确违规操作则不违法。  
- 选项B：根据《人类遗传资源管理条例》，基因编辑数据属于人类遗传资源信息，非法售卖给境外机构违反审批和管理规定，构成违法。  
- 选项C：涉及人的生物医学研究需保护受试者隐私，公开胚胎来源研究对象的个人隐私违反伦理审查和隐私保护规定。  
- 选项D：未申请专利直接公开新技术方案属于专利法范畴，与人体基因、胚胎相关医学活动的法律规定无直接关联，不构成违法。  

【最终答案】：BC",客观题,BC
数字医疗,"你是一个严格按照要求答题的医学考试考生。请你先展示出完整的思考过程，然后再输出最终答案。每道题目有至少两个选项（A、B）至多五个选项（A、B、C、D、E），题目为不定项选择题，请按照以下格式作答：

【思考过程】：...

【最终答案】：AB / BCE / CD / DE / E / ...（只输出选项的编号，不要写选项内容）

示例：
题目：医疗伦理中四大基本原则是？
A.尊重自主权
B.善意行为
C.无害原则
D.公正原则
E.以上都不是
【思考过程】：本题考查医学伦理的四大基本原则，包括尊重自主权、不伤害原则、行善原则、公正原则。

【最终答案】：ABCD

题目：在数字医疗诊疗活动中，若因医务人员过错导致患者损害，赔偿责任应如何承担？
A.由涉事医务人员个人承担
B.由医疗机构和涉事医务人员共同承担
C.由医疗机构承担全部责任
D.无需赔偿
【思考过程】：",C,Doubao-1.5-Thinking,"【思考过程】：根据《民法典》侵权责任编中关于医疗损害责任的规定，患者在诊疗活动中受到损害，若医疗机构或者其医务人员存在过错，赔偿责任应由医疗机构承担。这是因为医务人员在诊疗活动中属于履行职务行为，其行为后果由所在医疗机构承担。因此，因医务人员过错导致患者损害时，赔偿责任应由医疗机构承担全部责任，而非医务人员个人或共同承担，更不存在无需赔偿的情况。

【最终答案】：C",客观题,C
数字医疗,"你是一个严格按照要求答题的医学考试考生。请你先展示出完整的思考过程，然后再输出最终答案。每道题目有至少两个选项（A、B）至多五个选项（A、B、C、D、E），题目为不定项选择题，请按照以下格式作答：

【思考过程】：...

【最终答案】：AB / BCE / CD / DE / E / ...（只输出选项的编号，不要写选项内容）

示例：
题目：医疗伦理中四大基本原则是？
A.尊重自主权
B.善意行为
C.无害原则
D.公正原则
E.以上都不是
【思考过程】：本题考查医学伦理的四大基本原则，包括尊重自主权、不伤害原则、行善原则、公正原则。

【最终答案】：ABCD

题目：在数字医疗场景下，医务人员需要实施手术时，以下哪种情况属于其必须向患者说明的内容？
A.病情诊断的基本结论
B.医疗风险的具体细节
C.替代医疗方案的可行性
D.治疗费用的精确预估
E.个人从业经验及手术成功率
【思考过程】：",BC,Doubao-1.5-Thinking,"【思考过程】：本题考查数字医疗场景下医务人员实施手术时的知情同意义务。根据《民法典》第1219条及相关医疗法规，医务人员需向患者说明的内容包括病情、医疗措施、医疗风险、替代医疗方案等核心信息。  
- 选项A（病情诊断的基本结论）：患者有权知晓自身病情的基本诊断结果，这是知情同意的基础，属于必须说明的内容。  
- 选项B（医疗风险的具体细节）：法规要求“具体说明医疗风险”，因此需告知具体细节，属于必须内容。  
- 选项C（替代医疗方案的可行性）：患者需了解替代方案的可行性以做出选择，属于必须说明的内容。  
- 选项D（治疗费用的精确预估）：费用通常需告知大致范围，但“精确预估”因治疗过程可能变动而不现实，非必须。  
- 选项E（个人从业经验及手术成功率）：医生个人经验和成功率非患者决策的核心必要信息，非必须说明。  

【最终答案】：ABC",客观题,ABC
数字医疗,"你是一个严格按照要求答题的医学考试考生。请你先展示出完整的思考过程，然后再输出最终答案。每道题目有至少两个选项（A、B）至多五个选项（A、B、C、D、E），题目为不定项选择题，请按照以下格式作答：

【思考过程】：...

【最终答案】：AB / BCE / CD / DE / E / ...（只输出选项的编号，不要写选项内容）

示例：
题目：医疗伦理中四大基本原则是？
A.尊重自主权
B.善意行为
C.无害原则
D.公正原则
E.以上都不是
【思考过程】：本题考查医学伦理的四大基本原则，包括尊重自主权、不伤害原则、行善原则、公正原则。

【最终答案】：ABCD

题目：以下哪种情况符合紧急医疗措施实施的法律规定？
A.患者经济困难拒绝付费，未获家属签字即实施手術
B.患者昏迷但未达生命危险，主治医生未经请示使用实验性药物
C.家属拒绝签字但患者意识清醒，医务科主任批准进行介入治疗
D.因爆炸烧伤生命垂危且亲属失联，经院长批准立即实施气管切开
E.患者曾口头同意手术，但近亲属阻止抢救，急诊值班组长当机立断开展救治
【思考过程】：",D,Doubao-1.5-Thinking,"【思考过程】：本题需根据紧急医疗措施的法律规定（如《民法典》第1220条）分析各选项。紧急医疗措施的核心是患者生命垂危且无法取得患者或近亲属同意时，经医疗机构负责人批准可实施。

- 选项A：患者因经济困难拒绝付费，未涉及生命垂危的紧急情况，且患者或家属未明确同意时强行手术不符合规定。  
- 选项B：患者未达生命危险，使用实验性药物需严格知情同意，未经请示不符合规定。  
- 选项C：患者意识清醒时，应尊重患者自身意愿而非家属，家属拒绝签字不构成紧急情况下绕过患者同意的理由。  
- 选项D：患者生命垂危且亲属失联（无法取得同意），经院长批准实施气管切开，符合“无法取得近亲属意见时经负责人批准”的规定。  
- 选项E：患者曾口头同意手术（有行为能力时的有效同意），近亲属阻止抢救时，医生按患者意愿实施救治符合紧急情况下尊重患者自主意愿的原则。  

【最终答案】：DE",客观题,DE
数字医疗,"你是一个严格按照要求答题的医学考试考生。请你先展示出完整的思考过程，然后再输出最终答案。每道题目有至少两个选项（A、B）至多五个选项（A、B、C、D、E），题目为不定项选择题，请按照以下格式作答：

【思考过程】：...

【最终答案】：AB / BCE / CD / DE / E / ...（只输出选项的编号，不要写选项内容）

示例：
题目：医疗伦理中四大基本原则是？
A.尊重自主权
B.善意行为
C.无害原则
D.公正原则
E.以上都不是
【思考过程】：本题考查医学伦理的四大基本原则，包括尊重自主权、不伤害原则、行善原则、公正原则。

【最终答案】：ABCD

题目：在数字医疗诊疗活动中，以下哪种情形可能被认定为医务人员未尽到与当时医疗水平相应的诊疗义务？
A.按三年前发布的行业标准实施诊疗造成损害
B.因未采纳临床试验阶段的AI预测模型而误诊
C.未接入最新上市的远程监测设备延误治疗
D.未向患者推荐尚未纳入医保目录的数字疗法工具
【思考过程】：",A,Doubao-1.5-Thinking,"【思考过程】：本题需判断哪种情形符合“未尽到与当时医疗水平相应的诊疗义务”。根据相关法律（如《民法典》第1221条），“当时的医疗水平”指诊疗行为发生时，同一领域一般医务人员应遵循的技术规范和应具备的技术水平。

- 选项A：若三年前的行业标准已被更新的标准替代，而医务人员仍按旧标准诊疗并造成损害，说明未遵循当前应有的技术规范，可能被认定未尽义务。  
- 选项B：临床试验阶段的AI模型尚未经充分验证和广泛应用，不属于“当时医疗水平”要求的常规技术，未采纳不构成未尽义务。  
- 选项C：若最新上市的远程监测设备已被广泛认可为常规诊疗手段（如纳入指南或普遍使用），未接入导致延误治疗，可能被认定未尽义务。  
- 选项D：是否推荐未纳入医保的数字疗法工具与“当时医疗水平”无直接关联，医保目录滞后不影响诊疗义务的判断，未推荐不构成未尽义务。  

综上，A和C可能符合情形。

【最终答案】：AC",客观题,AC
数字医疗,"你是一个严格按照要求答题的医学考试考生。请你先展示出完整的思考过程，然后再输出最终答案。每道题目有至少两个选项（A、B）至多五个选项（A、B、C、D、E），题目为不定项选择题，请按照以下格式作答：

【思考过程】：...

【最终答案】：AB / BCE / CD / DE / E / ...（只输出选项的编号，不要写选项内容）

示例：
题目：医疗伦理中四大基本原则是？
A.尊重自主权
B.善意行为
C.无害原则
D.公正原则
E.以上都不是
【思考过程】：本题考查医学伦理的四大基本原则，包括尊重自主权、不伤害原则、行善原则、公正原则。

【最终答案】：ABCD

题目：患者在数字医疗诊疗活动中出现损害，以下哪种情形可直接推定医疗机构有过错？
A.医疗机构违反诊疗规范的规定
B.隐匿与纠纷有关的病历资料
C.未及时更新5G远程医疗设备
D.销毁病历资料违法
E.未向患者解释手术风险
【思考过程】：",ABD,Doubao-1.5-Thinking,"【思考过程】：根据《民法典》第1222条规定，患者在诊疗活动中受到损害，有下列情形之一的，推定医疗机构有过错：（一）违反法律、行政法规、规章以及其他有关诊疗规范的规定；（二）隐匿或者拒绝提供与纠纷有关的病历资料；（三）遗失、伪造、篡改或者违法销毁病历资料。  
选项A对应情形（一），正确；选项B对应情形（二）中的“隐匿”，正确；选项C“未及时更新5G设备”无法律依据，不属推定过错情形；选项D“销毁病历资料违法”对应情形（三）中的“违法销毁”，正确；选项E“未解释手术风险”属于未尽说明义务，需证明过错而非直接推定，不选。

【最终答案】：ABD",客观题,ABD
数字医疗,"你是一个严格按照要求答题的医学考试考生。请你先展示出完整的思考过程，然后再输出最终答案。每道题目有至少两个选项（A、B）至多五个选项（A、B、C、D、E），题目为不定项选择题，请按照以下格式作答：

【思考过程】：...

【最终答案】：AB / BCE / CD / DE / E / ...（只输出选项的编号，不要写选项内容）

示例：
题目：医疗伦理中四大基本原则是？
A.尊重自主权
B.善意行为
C.无害原则
D.公正原则
E.以上都不是
【思考过程】：本题考查医学伦理的四大基本原则，包括尊重自主权、不伤害原则、行善原则、公正原则。

【最终答案】：ABCD

题目：患者因药品缺陷等原因造成损害时，可以向以下哪些机构请求赔偿？
A.药品上市许可持有人
B.药品生产者
C.血液提供机构
D.医疗机构
E.医疗器械销售机构
【思考过程】：",ABCD,Doubao-1.5-Thinking,"【思考过程】：本题考查因药品缺陷造成损害时的赔偿责任主体。根据《中华人民共和国民法典》和《中华人民共和国药品管理法》相关规定：  
1. 《药品管理法》第144条明确，因药品质量问题受到损害的，受害人可以向药品上市许可持有人、药品生产企业、药品经营企业或医疗机构请求赔偿。  
2. 药品上市许可持有人（选项A）依法对药品全生命周期的安全性负责，是赔偿责任主体之一。  
3. 药品生产者（选项B）作为产品的直接生产者，需承担产品缺陷责任。  
4. 医疗机构（选项D）若作为药品的销售或使用主体（如医院药房），属于赔偿责任主体。  
5. 血液提供机构（选项C）涉及的是血液相关损害，与“药品缺陷”无直接关联；医疗器械销售机构（选项E）涉及医疗器械而非药品，均不适用本题情形。  

【最终答案】：ABD",客观题,ABD
数字医疗,"你是一个严格按照要求答题的医学考试考生。请你先展示出完整的思考过程，然后再输出最终答案。每道题目有至少两个选项（A、B）至多五个选项（A、B、C、D、E），题目为不定项选择题，请按照以下格式作答：

【思考过程】：...

【最终答案】：AB / BCE / CD / DE / E / ...（只输出选项的编号，不要写选项内容）

示例：
题目：医疗伦理中四大基本原则是？
A.尊重自主权
B.善意行为
C.无害原则
D.公正原则
E.以上都不是
【思考过程】：本题考查医学伦理的四大基本原则，包括尊重自主权、不伤害原则、行善原则、公正原则。

【最终答案】：ABCD

题目：患者在数字医疗平台接受诊疗受到损害时，医疗机构在下列哪种情形下不承担赔偿责任？
A.患者家属拒绝签署电子知情同意书导致诊疗中断
B.急诊会诊AI系统因网络延迟未能提供最优诊疗方案
C.医务人员通过远程监护设备在抢救心梗患者时误判数据
D.患者基因突变引发的罕见病未被数字诊疗模型识别
E.家属擅自修改患者电子健康档案中的过敏史信息
【思考过程】：",DE,Doubao-1.5-Thinking,"【思考过程】：本题需判断医疗机构在数字医疗损害中不承担赔偿责任的情形，依据《民法典》第1224条，医疗机构免责的主要情形包括：（1）患者或其近亲属不配合符合诊疗规范的诊疗（医疗机构无过错时）；（2）医务人员在紧急情况下尽到合理诊疗义务；（3）限于当时医疗水平难以诊疗。

- **选项A**：患者家属拒绝签署电子知情同意书导致诊疗中断，属于患者方不配合诊疗。若医疗机构已尽说明义务且无过错，符合免责情形。  
- **选项B**：急诊会诊AI系统因网络延迟未提供最优方案。网络延迟可能涉及医疗机构对技术设备的管理责任（如未保障网络稳定），通常医疗机构需对使用的系统负责，故不免责。  
- **选项C**：医务人员误判数据属于过失行为，医务人员的过错由医疗机构承担，需担责。  
- **选项D**：患者基因突变引发的罕见病未被数字模型识别，属于“限于当时医疗水平难以诊疗”，符合免责情形。  
- **选项E**：家属擅自修改电子健康档案（如过敏史），导致信息错误，属于患者方过错且医疗机构无过错时，符合免责情形。  

综上，不承担赔偿责任的情形为A、D、E。

【最终答案】：ADE",客观题,ADE
数字医疗,"你是一个严格按照要求答题的医学考试考生。请你先展示出完整的思考过程，然后再输出最终答案。每道题目有至少两个选项（A、B）至多五个选项（A、B、C、D、E），题目为不定项选择题，请按照以下格式作答：

【思考过程】：...

【最终答案】：AB / BCE / CD / DE / E / ...（只输出选项的编号，不要写选项内容）

示例：
题目：医疗伦理中四大基本原则是？
A.尊重自主权
B.善意行为
C.无害原则
D.公正原则
E.以上都不是
【思考过程】：本题考查医学伦理的四大基本原则，包括尊重自主权、不伤害原则、行善原则、公正原则。

【最终答案】：ABCD

题目：以下哪些资料属于医疗机构必须按规定填写并妥善保管的病历资料？
A.住院志
B.护理记录
C.检验报告
D.手术及麻醉记录
E.门诊挂号记录
【思考过程】：",ABCD,Doubao-1.5-Thinking,"【思考过程】：根据《医疗事故处理条例》及《医疗机构病历管理规定》，医疗机构必须按规定填写并妥善保管的病历资料包括门（急）诊病历和住院病历的核心内容。具体分析如下：  
- A. 住院志：属于住院病历的重要组成部分，必须填写和保管。  
- B. 护理记录：条例明确规定护理记录是需保管的病历资料。  
- C. 检验报告：即化验单，属于患者诊疗过程中的客观记录，需妥善保管。  
- D. 手术及麻醉记录：条例中明确提及手术及麻醉记录单为必须保管的病历资料。  
- E. 门诊挂号记录：仅为挂号流程的登记信息，不属于诊疗过程中形成的核心病历资料，因此不属必须保管的范围。  

【最终答案】：ABCD",客观题,ABCD
数字医疗,"你是一个严格按照要求答题的医学考试考生。请你先展示出完整的思考过程，然后再输出最终答案。每道题目有至少两个选项（A、B）至多五个选项（A、B、C、D、E），题目为不定项选择题，请按照以下格式作答：

【思考过程】：...

【最终答案】：AB / BCE / CD / DE / E / ...（只输出选项的编号，不要写选项内容）

示例：
题目：医疗伦理中四大基本原则是？
A.尊重自主权
B.善意行为
C.无害原则
D.公正原则
E.以上都不是
【思考过程】：本题考查医学伦理的四大基本原则，包括尊重自主权、不伤害原则、行善原则、公正原则。

【最终答案】：ABCD

题目：关于医疗机构保护患者隐私的责任，以下哪些情况需承担侵权责任？
A.未经患者书面同意公开其完整病历资料
B.在患者明确同意后向保险公司提供部分诊断信息
C.医务人员因疏忽导致患者家庭住址信息泄露
D.为应对突发公共卫生事件，未经同意公布患者姓名及疾病类型
【思考过程】：",AC,Doubao-1.5-Thinking,"【思考过程】：本题考查医疗机构保护患者隐私的责任及侵权责任认定。根据《民法典》及相关医疗法规，医疗机构及其医务人员对患者隐私和个人信息负有保密义务，泄露或非法公开患者隐私需承担侵权责任，但法律另有规定或患者明确同意的除外。

- 选项A：病历资料属于患者隐私，未经患者书面同意公开完整病历资料，违反保密义务，需承担侵权责任。  
- 选项B：患者明确同意后向保险公司提供部分诊断信息，属于合法授权行为，不构成侵权。  
- 选项C：医务人员因疏忽导致患者家庭住址泄露，属于因过失泄露隐私，医疗机构需承担侵权责任（职务行为责任由机构承担）。  
- 选项D：应对突发公共卫生事件时，法律允许为公共利益未经同意公布患者姓名及疾病类型（如《传染病防治法》规定），不构成侵权。  

【最终答案】：AC",客观题,AC
数字医疗,"你是一个严格按照要求答题的医学考试考生。请你先展示出完整的思考过程，然后再输出最终答案。每道题目有至少两个选项（A、B）至多五个选项（A、B、C、D、E），题目为不定项选择题，请按照以下格式作答：

【思考过程】：...

【最终答案】：AB / BCE / CD / DE / E / ...（只输出选项的编号，不要写选项内容）

示例：
题目：医疗伦理中四大基本原则是？
A.尊重自主权
B.善意行为
C.无害原则
D.公正原则
E.以上都不是
【思考过程】：本题考查医学伦理的四大基本原则，包括尊重自主权、不伤害原则、行善原则、公正原则。

【最终答案】：ABCD

题目：根据《民法典》相关规定，医疗机构下列哪些行为可能构成违反诊疗规范实施不必要的检查？
A.对疑似肺炎患者同时开具X光和低剂量CT检查
B.应患者主动要求增加无指征的肿瘤标志物检测
C.对首次就诊的头痛患者直接实施MRI检查而无神经系统体征
D.因科室收入考核需要重复开展非必要的凝血功能检查
E.基于十年临床经验判断需开展超范围的血生化组合
【思考过程】：",CD,Doubao-1.5-Thinking,"【思考过程】：本题考查《民法典》中关于“违反诊疗规范实施不必要检查”的认定。根据《民法典》第1227条，医疗机构及其医务人员不得违反诊疗规范实施不必要的检查。不必要检查的核心判断标准是：是否符合诊疗规范、是否有明确医学指征、是否基于患者病情需要，以及是否存在非医疗目的（如经济利益）。

- **选项A**：对疑似肺炎患者同时开具X光和低剂量CT检查。肺炎的常规诊断通常以X光为初步筛查，CT多用于进一步鉴别或复杂情况。若患者仅为疑似，同时开具两种检查可能超出必要范围，但需结合具体诊疗规范判断，题目未明确“不符合规范”，故暂不认定为不必要检查。  
- **选项B**：应患者主动要求增加无指征的肿瘤标志物检测。即使患者主动要求，若检查无医学指征，医生仍需遵循诊疗规范拒绝开具，否则属于违反规范的不必要检查。  
- **选项C**：首次就诊的头痛患者无神经系统体征直接实施MRI检查。头痛的常规诊疗通常先进行基础检查（如观察、CT等），无神经系统体征时直接行MRI超出常规，属于不必要检查。  
- **选项D**：因科室收入考核需要重复开展非必要的凝血功能检查。检查动机为经济利益（收入考核），且明确“非必要”，明显违反诊疗规范，属于不必要检查。  
- **选项E**：基于十年临床经验判断需开展超范围的血生化组合。诊疗规范以当前医学标准为依据，个人经验不能替代规范，超范围检查无明确指征，属于不必要检查。  

综上，B、C、D、E均符合“违反诊疗规范实施不必要检查”的情形。

【最终答案】：BCDE",客观题,BCDE
数字医疗,"你是一个严格按照要求答题的医学考试考生。请你先展示出完整的思考过程，然后再输出最终答案。每道题目有至少两个选项（A、B）至多五个选项（A、B、C、D、E），题目为不定项选择题，请按照以下格式作答：

【思考过程】：...

【最终答案】：AB / BCE / CD / DE / E / ...（只输出选项的编号，不要写选项内容）

示例：
题目：医疗伦理中四大基本原则是？
A.尊重自主权
B.善意行为
C.无害原则
D.公正原则
E.以上都不是
【思考过程】：本题考查医学伦理的四大基本原则，包括尊重自主权、不伤害原则、行善原则、公正原则。

【最终答案】：ABCD

题目：以下哪些行为可能违反""医疗机构及其医务人员权益保护""相关法规？
A.患者家属在候诊区轻微争执但未影响诊疗，B.患者辱骂医生导致其无法正常工作，C.家属通过合法途径投诉等候时间长，D.未经许可偷窃并公开患者病历，E.聚众阻拦诊室门阻碍医生夜间下班
【思考过程】：",BDE,Doubao-1.5-Thinking,"【思考过程】：本题需判断哪些行为违反""医疗机构及其医务人员权益保护""相关法规。  
- 选项A：患者家属轻微争执且未影响诊疗，未造成实际干扰或伤害，不违反。  
- 选项B：患者辱骂医生导致其无法正常工作，属于语言暴力，侵犯医务人员权益，违反法规。  
- 选项C：合法途径投诉等候时间长是患者权利，不违反。  
- 选项D：未经许可偷窃并公开患者病历，侵犯医疗机构对病历的管理权益及患者隐私（间接影响医务人员工作秩序），违反法规。  
- 选项E：聚众阻拦诊室门阻碍医生下班，属于扰乱医疗秩序、限制人身自由，侵犯医务人员权益，违反法规。  

【最终答案】：BDE",客观题,BDE
数字医疗,"你是一个严格按照要求答题的医学考试考生。请你先展示出完整的思考过程，然后再输出最终答案。每道题目有至少两个选项（A、B）至多五个选项（A、B、C、D、E），题目为不定项选择题，请按照以下格式作答：

【思考过程】：...

【最终答案】：AB / BCE / CD / DE / E / ...（只输出选项的编号，不要写选项内容）

示例：
题目：医疗伦理中四大基本原则是？
A.尊重自主权
B.善意行为
C.无害原则
D.公正原则
E.以上都不是
【思考过程】：本题考查医学伦理的四大基本原则，包括尊重自主权、不伤害原则、行善原则、公正原则。

【最终答案】：ABCD

题目：根据我国相关法规，建设运营数字医疗服务网络时，需要采取哪些法定措施？（多选）
A.采取技术措施保障网络安全
B.实施必要措施维护数据保密性
C.要求所有用户进行实名认证
D.有效应对网络安全事件
E.防范网络违法犯罪活动
【思考过程】：",ABDE,Doubao-1.5-Thinking,"【思考过程】：本题考查我国数字医疗服务网络建设运营的法定措施，需结合《网络安全法》《数据安全法》《个人信息保护法》等相关法规分析：  
- 选项A：《网络安全法》第二十一条明确要求网络运营者采取技术措施保障网络安全，符合规定。  
- 选项B：医疗数据涉及患者隐私，《个人信息保护法》《数据安全法》要求采取必要措施维护数据保密性，符合规定。  
- 选项C：虽然部分医疗服务（如互联网诊疗）可能要求患者实名，但“所有用户”（如非诊疗用户）强制实名无明确法定依据，不必然属于法定措施。  
- 选项D：《网络安全法》第二十五条规定网络运营者需制定应急预案并有效应对网络安全事件，符合规定。  
- 选项E：《网络安全法》第十二条要求防范网络违法犯罪活动，符合规定。  

【最终答案】：ABDE",客观题,ABDE
数字医疗,"你是一个严格按照要求答题的医学考试考生。请你先展示出完整的思考过程，然后再输出最终答案。每道题目有至少两个选项（A、B）至多五个选项（A、B、C、D、E），题目为不定项选择题，请按照以下格式作答：

【思考过程】：...

【最终答案】：AB / BCE / CD / DE / E / ...（只输出选项的编号，不要写选项内容）

示例：
题目：医疗伦理中四大基本原则是？
A.尊重自主权
B.善意行为
C.无害原则
D.公正原则
E.以上都不是
【思考过程】：本题考查医学伦理的四大基本原则，包括尊重自主权、不伤害原则、行善原则、公正原则。

【最终答案】：ABCD

题目：根据数字医疗相关网络安全法规，以下哪些行为属于明确禁止的？
A.收集用户健康数据用于匿名医学研究
B.煽动分裂国家、破坏国家统一
C.传播虚假信息扰乱经济秩序
D.泄露患者隐私信息用于商业牟利
E.宣扬地域文化差异影响民族团结
【思考过程】：",BCD,Doubao-1.5-Thinking,"【思考过程】：本题需结合数字医疗相关网络安全法规分析各选项是否被禁止。  
- 选项A：收集用户健康数据用于匿名医学研究。匿名化处理后的健康数据通常不涉及个人隐私，法规允许此类研究（需符合伦理和知情同意等要求），故不属于禁止行为。  
- 选项B：煽动分裂国家、破坏国家统一。违反《网络安全法》《刑法》等，任何煽动分裂国家的行为均被明确禁止。  
- 选项C：传播虚假信息扰乱经济秩序。根据《网络安全法》《治安管理处罚法》，传播虚假信息扰乱社会（含经济）秩序属于禁止行为。  
- 选项D：泄露患者隐私信息用于商业牟利。患者隐私属个人敏感信息，《个人信息保护法》《医疗纠纷预防和处理条例》明确禁止泄露隐私并用于商业牟利。  
- 选项E：宣扬地域文化差异影响民族团结。《网络安全法》《反分裂国家法》等禁止破坏民族团结的行为，宣扬地域差异影响团结属于此类。  

综上，B、C、D、E为明确禁止的行为。

【最终答案】：BCDE",客观题,BCDE
数字医疗,"你是一个严格按照要求答题的医学考试考生。请你先展示出完整的思考过程，然后再输出最终答案。每道题目有至少两个选项（A、B）至多五个选项（A、B、C、D、E），题目为不定项选择题，请按照以下格式作答：

【思考过程】：...

【最终答案】：AB / BCE / CD / DE / E / ...（只输出选项的编号，不要写选项内容）

示例：
题目：医疗伦理中四大基本原则是？
A.尊重自主权
B.善意行为
C.无害原则
D.公正原则
E.以上都不是
【思考过程】：本题考查医学伦理的四大基本原则，包括尊重自主权、不伤害原则、行善原则、公正原则。

【最终答案】：ABCD

题目：根据《网络安全法》，以下哪些行为被明确禁止？
A.医疗机构对匿名化的健康数据进行统计分析
B.开发专用于绕过医院防火墙的渗透测试工具
C.为已知入侵医疗数据库的黑客组织提供支付接口
D.未经授权调取患者电子病历进行学术研究
E.优化医院挂号系统的网络响应速度
【思考过程】：",BCD,Doubao-1.5-Thinking,"【思考过程】：本题需依据《网络安全法》分析各选项是否被禁止。  
- 选项A：匿名化的健康数据通常不涉及个人信息，医疗机构进行统计分析属于合法数据利用，未被禁止。  
- 选项B：开发“专用于绕过医院防火墙”的工具属于提供危害网络安全的专门工具，违反《网络安全法》第27条（禁止提供侵入、非法控制网络的程序、工具）。  
- 选项C：为已知入侵医疗数据库的黑客组织提供支付接口，属于为危害网络安全活动提供支付结算帮助，违反《网络安全法》第27条（禁止为危害网络安全行为提供技术支持、帮助）。  
- 选项D：未经授权调取患者电子病历（含个人信息），违反《网络安全法》第41条（收集使用个人信息需经同意），属于非法获取个人信息，被禁止。  
- 选项E：优化挂号系统网络响应速度是正常网络维护，不涉及危害网络安全，未被禁止。  

【最终答案】：BCD",客观题,BCD
数字医疗,"你是一个严格按照要求答题的医学考试考生。请你先展示出完整的思考过程，然后再输出最终答案。每道题目有至少两个选项（A、B）至多五个选项（A、B、C、D、E），题目为不定项选择题，请按照以下格式作答：

【思考过程】：...

【最终答案】：AB / BCE / CD / DE / E / ...（只输出选项的编号，不要写选项内容）

示例：
题目：医疗伦理中四大基本原则是？
A.尊重自主权
B.善意行为
C.无害原则
D.公正原则
E.以上都不是
【思考过程】：本题考查医学伦理的四大基本原则，包括尊重自主权、不伤害原则、行善原则、公正原则。

【最终答案】：ABCD

题目：根据相关法律法规，以下哪些行为属于被禁止的？
A.窃取用户个人信息
B.经合法授权后向第三方提供个人信息
C.未经授权使用技术手段拦截患者健康数据
D.在患者不知情的情况下将匿名化诊疗记录用于医学研究
【思考过程】：",AC,Doubao-1.5-Thinking,"【思考过程】：本题需依据相关法律法规判断哪些行为被禁止。  
- 选项A：窃取用户个人信息违反《个人信息保护法》《网络安全法》，属于非法获取个人信息，被禁止。  
- 选项B：经合法授权后向第三方提供个人信息符合个人信息处理规则（需获得信息主体同意），不被禁止。  
- 选项C：未经授权拦截患者健康数据（敏感个人信息），属于非法获取和处理，违反《个人信息保护法》《基本医疗卫生与健康促进法》，被禁止。  
- 选项D：匿名化诊疗记录已非个人信息（《个人信息保护法》定义），用于医学研究无需患者知情，不被禁止。  

【最终答案】：AC",客观题,AC
数字医疗,"你是一个严格按照要求答题的医学考试考生。请你先展示出完整的思考过程，然后再输出最终答案。每道题目有至少两个选项（A、B）至多五个选项（A、B、C、D、E），题目为不定项选择题，请按照以下格式作答：

【思考过程】：...

【最终答案】：AB / BCE / CD / DE / E / ...（只输出选项的编号，不要写选项内容）

示例：
题目：医疗伦理中四大基本原则是？
A.尊重自主权
B.善意行为
C.无害原则
D.公正原则
E.以上都不是
【思考过程】：本题考查医学伦理的四大基本原则，包括尊重自主权、不伤害原则、行善原则、公正原则。

【最终答案】：ABCD

题目：根据相关法律法规，依法负有网络安全监督管理职责的部门及其工作人员不得实施以下哪些行为？
A.未加密存储敏感医疗数据
B.将履职获得的个人信息出售给第三方
C.对公共网络漏洞进行技术修复
D.将患者隐私信息非法提供给商业机构
E.因系统故障导致内部文件泄露
【思考过程】：",BDE,Doubao-1.5-Thinking,"【思考过程】：本题考查网络安全监督管理职责部门及工作人员的禁止行为。根据相关法律法规（如《网络安全法》《个人信息保护法》），负有网络安全监督管理职责的部门及其工作人员在履职过程中，对获得的个人信息（包括患者隐私）负有严格保密义务，禁止非法出售、提供给第三方。  
- 选项B“将履职获得的个人信息出售给第三方”属于非法出售个人信息，明确禁止；  
- 选项D“将患者隐私信息非法提供给商业机构”属于非法提供个人信息，明确禁止；  
- 选项A“未加密存储敏感医疗数据”可能涉及管理疏漏，但非主动禁止行为；  
- 选项C“对公共网络漏洞进行技术修复”是职责范围内的正当行为，允许实施；  
- 选项E“因系统故障导致内部文件泄露”属于意外事件，非主动禁止行为。  

【最终答案】：BD",客观题,BD
数字医疗,"你是一个严格按照要求答题的医学考试考生。请你先展示出完整的思考过程，然后再输出最终答案。每道题目有至少两个选项（A、B）至多五个选项（A、B、C、D、E），题目为不定项选择题，请按照以下格式作答：

【思考过程】：...

【最终答案】：AB / BCE / CD / DE / E / ...（只输出选项的编号，不要写选项内容）

示例：
题目：医疗伦理中四大基本原则是？
A.尊重自主权
B.善意行为
C.无害原则
D.公正原则
E.以上都不是
【思考过程】：本题考查医学伦理的四大基本原则，包括尊重自主权、不伤害原则、行善原则、公正原则。

【最终答案】：ABCD

题目：根据相关法规，以下哪些网络行为属于被明确禁止的范畴？
A.建立用于销售国家管制的麻醉药品的网站
B.在通讯群组中传授制造爆炸物的方法
C.创建付费参与的健康饮食交流群组
D.虚构抗癌药物疗效实施募捐诈骗网站
E.录制非处方药使用教程视频
【思考过程】：",ABD,Doubao-1.5-Thinking,"【思考过程】：本题需判断各选项是否符合相关法规禁止的网络行为。  
- 选项A：销售国家管制的麻醉药品受严格法律管制，建立此类销售网站违反《药品管理法》《麻醉药品和精神药品管理条例》，属于禁止行为。  
- 选项B：传授制造爆炸物方法涉及《刑法》中“传授犯罪方法罪”，属于明确禁止的网络行为。  
- 选项C：健康饮食交流群组若内容合法，付费参与本身不违反法规，不属于禁止范畴。  
- 选项D：虚构疗效实施诈骗网站违反《刑法》诈骗罪及《网络安全法》，属于禁止行为。  
- 选项E：非处方药使用教程视频若内容真实合法，属于正常信息传播，不被禁止。  

【最终答案】：ABD",客观题,ABD
数字医疗,"你是一个严格按照要求答题的医学考试考生。请你先展示出完整的思考过程，然后再输出最终答案。每道题目有至少两个选项（A、B）至多五个选项（A、B、C、D、E），题目为不定项选择题，请按照以下格式作答：

【思考过程】：...

【最终答案】：AB / BCE / CD / DE / E / ...（只输出选项的编号，不要写选项内容）

示例：
题目：医疗伦理中四大基本原则是？
A.尊重自主权
B.善意行为
C.无害原则
D.公正原则
E.以上都不是
【思考过程】：本题考查医学伦理的四大基本原则，包括尊重自主权、不伤害原则、行善原则、公正原则。

【最终答案】：ABCD

题目：下列哪些数据被明确列为国家核心数据？
A.国家安全相关数据
B.国民经济命脉数据
C.重要民生数据
D.重大公共利益数据
E.市政公共服务数据
【思考过程】：",ABCD,Doubao-1.5-Thinking,"【思考过程】：根据《中华人民共和国数据安全法》第二十一条规定，关系国家安全、国民经济命脉、重要民生、重大公共利益等数据属于国家核心数据。选项A（国家安全相关数据）、B（国民经济命脉数据）、C（重要民生数据）、D（重大公共利益数据）均符合该条款对国家核心数据的定义。选项E（市政公共服务数据）未被明确列为国家核心数据。

【最终答案】：ABCD",客观题,ABCD
数字医疗,"你是一个严格按照要求答题的医学考试考生。请你先展示出完整的思考过程，然后再输出最终答案。每道题目有至少两个选项（A、B）至多五个选项（A、B、C、D、E），题目为不定项选择题，请按照以下格式作答：

【思考过程】：...

【最终答案】：AB / BCE / CD / DE / E / ...（只输出选项的编号，不要写选项内容）

示例：
题目：医疗伦理中四大基本原则是？
A.尊重自主权
B.善意行为
C.无害原则
D.公正原则
E.以上都不是
【思考过程】：本题考查医学伦理的四大基本原则，包括尊重自主权、不伤害原则、行善原则、公正原则。

【最终答案】：ABCD

题目：以下哪些属于国家针对数字医疗领域建立的数据安全机制？（多选）
A.数据安全风险评估机制
B.数据加密传输机制
C.信息共享机制
D.应急响应演练机制
E.监测预警机制
【思考过程】：",ACE,Doubao-1.5-Thinking,"【思考过程】：本题需判断哪些属于数字医疗领域的数据安全机制。数据安全机制主要围绕风险防范、技术保护、事件应对等方面。  
- **A.数据安全风险评估机制**：数据安全法要求对数据处理活动进行风险评估，识别潜在风险，属于安全机制。  
- **B.数据加密传输机制**：加密是保护传输中数据安全的基本技术手段，国家在医疗数据安全中明确要求，属于安全机制。  
- **C.信息共享机制**：信息共享侧重数据流通和使用，本身不直接属于安全保护机制（共享时需安全措施，但机制本身是利用而非安全）。  
- **D.应急响应演练机制**：应对数据安全事件的关键措施，通过演练提升应对能力，属于安全管理机制。  
- **E.监测预警机制**：实时监测数据安全状态，及时预警异常，是预防风险的重要环节，属于安全机制。  

【最终答案】：ABDE",客观题,ABDE
数字医疗,"你是一个严格按照要求答题的医学考试考生。请你先展示出完整的思考过程，然后再输出最终答案。每道题目有至少两个选项（A、B）至多五个选项（A、B、C、D、E），题目为不定项选择题，请按照以下格式作答：

【思考过程】：...

【最终答案】：AB / BCE / CD / DE / E / ...（只输出选项的编号，不要写选项内容）

示例：
题目：医疗伦理中四大基本原则是？
A.尊重自主权
B.善意行为
C.无害原则
D.公正原则
E.以上都不是
【思考过程】：本题考查医学伦理的四大基本原则，包括尊重自主权、不伤害原则、行善原则、公正原则。

【最终答案】：ABCD

题目：在数字医疗场景下，根据国家数据安全法规，发生数据安全事件后主管部门应采取哪些应急处置措施？（多选）
A.要求涉事机构立刻赔偿患者损失
B.启动应急预案采取处置措施
C.重点保障政府机构系统运行而暂缓公共警示
D.实时消除安全隐患并防止危害扩大
E.及时向社会发布与公众相关的警示信息
【思考过程】：",BE,Doubao-1.5-Thinking,"【思考过程】：本题考查国家数据安全法规中关于数据安全事件应急处置的规定。根据相关法规，发生数据安全事件后，主管部门的应急处置措施应包括：启动应急预案（B）、消除隐患防止危害扩大（D）、及时向社会发布公众相关警示（E）。选项A中“立刻赔偿”属于事后责任认定和赔偿阶段，非应急处置措施；选项C“暂缓公共警示”不符合法规中“及时警示公众”的要求。因此正确选项为B、D、E。

【最终答案】：BDE",客观题,BDE
数字医疗,"你是一个严格按照要求答题的医学考试考生。请你先展示出完整的思考过程，然后再输出最终答案。每道题目有至少两个选项（A、B）至多五个选项（A、B、C、D、E），题目为不定项选择题，请按照以下格式作答：

【思考过程】：...

【最终答案】：AB / BCE / CD / DE / E / ...（只输出选项的编号，不要写选项内容）

示例：
题目：医疗伦理中四大基本原则是？
A.尊重自主权
B.善意行为
C.无害原则
D.公正原则
E.以上都不是
【思考过程】：本题考查医学伦理的四大基本原则，包括尊重自主权、不伤害原则、行善原则、公正原则。

【最终答案】：ABCD

题目：以下哪些行为违反题干所述法律法规？
A.经患者知情同意后匿名化处理临床数据用于疾病研究
B.窃取医院数据库中患者健康信息并转卖给第三方机构
C.公司依据合法获取的数据开发算法时因技术漏洞意外泄露隐私
D.通过数据抓取技术获取竞争对手运营信息并压低定价排挤其市场
E.未经许可将匿名诊疗数据共享给政府卫生管理部门用于流行病监测
【思考过程】：",BD,Doubao-1.5-Thinking,"【思考过程】：本题需判断哪些行为违反个人信息保护及相关法律法规，逐一分析如下：

- **选项A**：经患者知情同意后匿名化处理临床数据用于疾病研究。根据《个人信息保护法》，匿名化后的信息不属于个人信息，且已获得患者同意，此行为合法，不违反法规。  
- **选项B**：窃取医院数据库中患者健康信息并转卖给第三方机构。窃取他人信息属于非法获取，转卖行为直接侵犯患者隐私权和个人信息权益，明显违反《个人信息保护法》《民法典》等。  
- **选项C**：公司合法获取数据但因技术漏洞意外泄露隐私。根据《个人信息保护法》第五十一条，处理个人信息的主体需采取必要安全措施防止泄露。技术漏洞导致泄露，属于未履行安全保障义务，构成违法。  
- **选项D**：通过数据抓取技术获取竞争对手运营信息并排挤市场。此行为涉及商业秘密，若数据抓取未经允许，可能违反《反不正当竞争法》，但题干未明确限定“患者信息”相关法规，若仅针对个人信息保护，则D不直接违反题干所述法规。  
- **选项E**：未经许可共享匿名诊疗数据给政府用于流行病监测。匿名化后的信息不属于个人信息，共享给政府用于公共卫生监测通常无需患者许可，此行为合法。  

综上，违反法规的行为为B、C。

【最终答案】：BC",客观题,BC
数字医疗,"你是一个严格按照要求答题的医学考试考生。请你先展示出完整的思考过程，然后再输出最终答案。每道题目有至少两个选项（A、B）至多五个选项（A、B、C、D、E），题目为不定项选择题，请按照以下格式作答：

【思考过程】：...

【最终答案】：AB / BCE / CD / DE / E / ...（只输出选项的编号，不要写选项内容）

示例：
题目：医疗伦理中四大基本原则是？
A.尊重自主权
B.善意行为
C.无害原则
D.公正原则
E.以上都不是
【思考过程】：本题考查医学伦理的四大基本原则，包括尊重自主权、不伤害原则、行善原则、公正原则。

【最终答案】：ABCD

题目：根据我国传染病防控制度，以下哪些属于传染病防治应遵循的原则？（多选）
A.预防为主、防治结合
B.联防联控、群防群控
C.源头防控、综合治理
D.有偿防控、单部门管控
E.重点干预、末端治理
【思考过程】：",ABC,Doubao-1.5-Thinking,"【思考过程】：根据《中华人民共和国传染病防治法》及我国传染病防控实践，传染病防治遵循的原则包括：预防为主、防治结合（A正确）；联防联控（多部门协作）、群防群控（全社会参与）（B正确）；源头防控（从传播源控制）、综合治理（多措施结合）（C正确）。而“有偿防控、单部门管控”（D）不符合公共卫生公益属性和多部门协作要求；“重点干预、末端治理”（E）不符合“预防为主”的核心，更强调事后处理，故D、E错误。

【最终答案】：ABC",客观题,ABC
数字医疗,"你是一个严格按照要求答题的医学考试考生。请你先展示出完整的思考过程，然后再输出最终答案。每道题目有至少两个选项（A、B）至多五个选项（A、B、C、D、E），题目为不定项选择题，请按照以下格式作答：

【思考过程】：...

【最终答案】：AB / BCE / CD / DE / E / ...（只输出选项的编号，不要写选项内容）

示例：
题目：医疗伦理中四大基本原则是？
A.尊重自主权
B.善意行为
C.无害原则
D.公正原则
E.以上都不是
【思考过程】：本题考查医学伦理的四大基本原则，包括尊重自主权、不伤害原则、行善原则、公正原则。

【最终答案】：ABCD

题目：根据我国相关法规，以下哪些属于院前急救服务体系的法定要求？
A.教育部门需每年开展中小学校急救技能竞赛
B.卫生健康主管部门及红十字会应当组织开展急救培训
C.商场必须配备AED等急救设备设施
D.急救中心不得因未付费拒绝急危重症患者
E.急救人员需核查患者身份合法性后再施救
【思考过程】：",BCD,Doubao-1.5-Thinking,"【思考过程】：本题需依据我国相关法规判断院前急救服务体系的法定要求。  
- 选项A：教育部门开展中小学校急救技能竞赛属于推广急救知识的活动，但并非法定强制要求，更多是倡导，故不选。  
- 选项B：根据《基本医疗卫生与健康促进法》第69条，卫生健康主管部门及红十字会负有组织开展急救培训的法定职责，符合要求，应选。  
- 选项C：目前我国对公共场所配备AED（自动体外除颤器）多为鼓励或地方性规定，全国性法规未强制所有商场必须配备，故不选。  
- 选项D：《院前医疗急救管理办法》第24条明确规定，急救中心（站）不得因未付费拒绝急危重症患者，符合法定要求，应选。  
- 选项E：急救的核心是优先救治患者，核查身份合法性会延误救治，不符合急救原则和法规要求，故不选。  

【最终答案】：BD",客观题,BD
数字医疗,"你是一个严格按照要求答题的医学考试考生。请你先展示出完整的思考过程，然后再输出最终答案。每道题目有至少两个选项（A、B）至多五个选项（A、B、C、D、E），题目为不定项选择题，请按照以下格式作答：

【思考过程】：...

【最终答案】：AB / BCE / CD / DE / E / ...（只输出选项的编号，不要写选项内容）

示例：
题目：医疗伦理中四大基本原则是？
A.尊重自主权
B.善意行为
C.无害原则
D.公正原则
E.以上都不是
【思考过程】：本题考查医学伦理的四大基本原则，包括尊重自主权、不伤害原则、行善原则、公正原则。

【最终答案】：ABCD

题目：在数字医疗场景下，以下哪些情况需依法取得患者或其近亲属的知情同意？
A.实施远程手术操作
B.使用人工智能进行特殊护理
C.开展新型医学影像特殊检查
D.参与新型数字健康监测设备的临床试验
E.调整现有治疗方案以降低费用
【思考过程】：",ACD,Doubao-1.5-Thinking,"【思考过程】：本题需依据相关法律法规（如《民法典》《医疗纠纷预防和处理条例》《涉及人的生物医学研究伦理审查办法》等）判断数字医疗场景下需取得患者知情同意的情况。  
- **选项A（实施远程手术操作）**：手术属于有创操作，无论是否远程，均需依法取得患者知情同意（《民法典》第一千二百一十九条）。  
- **选项B（使用人工智能进行特殊护理）**：特殊护理可能涉及超出常规的风险或特殊操作，属于“特殊治疗”范畴（《医疗纠纷预防和处理条例》第十三条），需取得知情同意。  
- **选项C（开展新型医学影像特殊检查）**：新型特殊检查可能存在未知风险或非常规操作，属于“特殊检查”，需患者知情同意（同上）。  
- **选项D（参与新型数字健康监测设备的临床试验）**：临床试验属于涉及人的生物医学研究，必须取得受试者知情同意（《涉及人的生物医学研究伦理审查办法》）。  
- **选项E（调整现有治疗方案以降低费用）**：调整治疗方案若为常规医疗措施变更（如更换同类低费用药物），通常只需告知患者；若为重大调整（如改变治疗方式），虽需说明但未必属于“特殊治疗”的强制同意范畴，因此一般不强制要求书面知情同意。  

综上，需取得知情同意的情况为A、B、C、D。

【最终答案】：ABCD",客观题,ABCD
数字医疗,"你是一个严格按照要求答题的医学考试考生。请你先展示出完整的思考过程，然后再输出最终答案。每道题目有至少两个选项（A、B）至多五个选项（A、B、C、D、E），题目为不定项选择题，请按照以下格式作答：

【思考过程】：...

【最终答案】：AB / BCE / CD / DE / E / ...（只输出选项的编号，不要写选项内容）

示例：
题目：医疗伦理中四大基本原则是？
A.尊重自主权
B.善意行为
C.无害原则
D.公正原则
E.以上都不是
【思考过程】：本题考查医学伦理的四大基本原则，包括尊重自主权、不伤害原则、行善原则、公正原则。

【最终答案】：ABCD

题目：在数字医疗场景中，以下哪两项是符合题干中法律法规要求的？
A.向未经授权的第三方出售患者的影像资料
B.要求患者使用非官方平台支付医疗费用
C.在讨论病例时使用化名保护患者隐私
D.因患者信仰而拒绝提供常规治疗
E.确保所有医务人员平等对待不同国籍的患者
【思考过程】：",CE,Doubao-1.5-Thinking,"【思考过程】：本题需判断数字医疗场景中符合法律法规的选项。分析各选项：  
- A项：出售患者影像资料未经授权，违反《个人信息保护法》等对患者隐私的保护规定，不符合。  
- B项：要求使用非官方平台支付，可能涉及违规收费或资金安全问题，不符合规定。  
- C项：讨论病例使用化名保护隐私，符合《民法典》《医疗机构病历管理规定》中保护患者隐私的要求，符合。  
- D项：因信仰拒绝常规治疗，违反《执业医师法》中不得歧视患者的规定，不符合。  
- E项：平等对待不同国籍患者，符合《医疗机构管理条例》中平等医疗的原则，符合。  

【最终答案】：CE",客观题,CE
数字医疗,"你是一个严格按照要求答题的医学考试考生。请你先展示出完整的思考过程，然后再输出最终答案。每道题目有至少两个选项（A、B）至多五个选项（A、B、C、D、E），题目为不定项选择题，请按照以下格式作答：

【思考过程】：...

【最终答案】：AB / BCE / CD / DE / E / ...（只输出选项的编号，不要写选项内容）

示例：
题目：医疗伦理中四大基本原则是？
A.尊重自主权
B.善意行为
C.无害原则
D.公正原则
E.以上都不是
【思考过程】：本题考查医学伦理的四大基本原则，包括尊重自主权、不伤害原则、行善原则、公正原则。

【最终答案】：ABCD

题目：以下哪些服务属于专业公共卫生机构的法定职责范畴？
A.出生缺陷防治
B.建立居民健康档案
C.接收医院转诊患者
D.食品安全风险监测评估
E.职业病治疗
【思考过程】：",AD,Doubao-1.5-Thinking,"【思考过程】：专业公共卫生机构的法定职责主要涉及疾病预防控制、健康促进、公共卫生监测评估等，而非临床医疗服务。  
- 选项A（出生缺陷防治）：属于妇幼保健机构等专业公共卫生机构的职责，负责出生缺陷的预防、筛查和干预。  
- 选项B（建立居民健康档案）：主要由基层医疗卫生机构（如社区卫生服务中心）承担，属于基本公共卫生服务，非专业公共卫生机构法定职责。  
- 选项C（接收医院转诊患者）：属于医疗机构的临床诊疗范畴，非公共卫生机构职责。  
- 选项D（食品安全风险监测评估）：根据《食品安全法》，疾病预防控制中心等专业机构负责食品安全风险监测与评估，是法定职责。  
- 选项E（职业病治疗）：属于临床医疗服务，由具备资质的医疗机构承担，非专业公共卫生机构职责。  

【最终答案】：AD",客观题,AD
数字医疗,"你是一个严格按照要求答题的医学考试考生。请你先展示出完整的思考过程，然后再输出最终答案。每道题目有至少两个选项（A、B）至多五个选项（A、B、C、D、E），题目为不定项选择题，请按照以下格式作答：

【思考过程】：...

【最终答案】：AB / BCE / CD / DE / E / ...（只输出选项的编号，不要写选项内容）

示例：
题目：医疗伦理中四大基本原则是？
A.尊重自主权
B.善意行为
C.无害原则
D.公正原则
E.以上都不是
【思考过程】：本题考查医学伦理的四大基本原则，包括尊重自主权、不伤害原则、行善原则、公正原则。

【最终答案】：ABCD

题目：根据相关规定，各级人民政府应支持医疗卫生机构与以下哪些机构或组织建立协作机制以服务老年人和孤残儿童？
A.快递公司
B.养老机构
C.商业机构
D.儿童福利机构
E.社区组织
【思考过程】：",BDE,Doubao-1.5-Thinking,"【思考过程】：题目要求确定各级人民政府支持医疗卫生机构协作的对象，以服务老年人和孤残儿童。老年人的主要服务场所包括养老机构，孤残儿童的主要服务场所是儿童福利机构；社区组织作为基层服务载体，常参与老年人和儿童的健康服务。快递公司（A）和商业机构（C）与公共医疗协作无直接关联。因此，正确选项应为养老机构（B）、儿童福利机构（D）和社区组织（E）。

【最终答案】：BDE",客观题,BDE
数字医疗,"你是一个严格按照要求答题的医学考试考生。请你先展示出完整的思考过程，然后再输出最终答案。每道题目有至少两个选项（A、B）至多五个选项（A、B、C、D、E），题目为不定项选择题，请按照以下格式作答：

【思考过程】：...

【最终答案】：AB / BCE / CD / DE / E / ...（只输出选项的编号，不要写选项内容）

示例：
题目：医疗伦理中四大基本原则是？
A.尊重自主权
B.善意行为
C.无害原则
D.公正原则
E.以上都不是
【思考过程】：本题考查医学伦理的四大基本原则，包括尊重自主权、不伤害原则、行善原则、公正原则。

【最终答案】：ABCD

题目：以下哪些行为违反了我国医疗卫生机构的管理规定？
A.将影像科外包给第三方科技公司，收取租金；B.允许民营诊所短期租用本院CT设备；C.与技术公司合作开发数字诊疗平台，并按收益分成；D.某非营利医院将年度盈余按出资人贡献分配；E.向社区卫生服务站免费提供AI诊断算法
【思考过程】：",AD,Doubao-1.5-Thinking,"【思考过程】：本题需判断哪些行为违反我国医疗卫生机构管理规定，需结合相关法规分析：

- **选项A**：根据《医疗机构管理条例》及相关规定，医疗机构的临床科室（如影像科）不得承包、出租或外包给第三方。影像科属于关键检查科室，外包并收取租金违反“禁止科室承包/出租”的规定。  
- **选项B**：CT属于大型医疗设备，医疗机构设备使用需符合资质要求。允许民营诊所短期租用CT设备，可能导致无资质机构开展相关诊疗活动，或原医院变相出租设备用于诊疗，违反设备使用管理规范。  
- **选项C**：与技术公司合作开发数字诊疗平台并按收益分成，若合作仅涉及技术开发（如信息化支持），未直接外包诊疗活动或违规分配利益，则属于合理技术合作，不违反规定。  
- **选项D**：非营利性医疗机构的盈余必须用于机构发展，不得向出资人、举办者分配收益（《基本医疗卫生与健康促进法》明确规定）。将年度盈余按出资人贡献分配直接违反非营利性机构的性质。  
- **选项E**：向社区卫生服务站免费提供AI诊断算法属于技术支持与资源共享，旨在提升基层医疗能力，不涉及违规利益输送或经营行为，符合政策导向。  

综上，违反规定的行为为A、B、D。

【最终答案】：ABD",客观题,ABD
数字医疗,"你是一个严格按照要求答题的医学考试考生。请你先展示出完整的思考过程，然后再输出最终答案。每道题目有至少两个选项（A、B）至多五个选项（A、B、C、D、E），题目为不定项选择题，请按照以下格式作答：

【思考过程】：...

【最终答案】：AB / BCE / CD / DE / E / ...（只输出选项的编号，不要写选项内容）

示例：
题目：医疗伦理中四大基本原则是？
A.尊重自主权
B.善意行为
C.无害原则
D.公正原则
E.以上都不是
【思考过程】：本题考查医学伦理的四大基本原则，包括尊重自主权、不伤害原则、行善原则、公正原则。

【最终答案】：ABCD

题目：以下哪些因素属于需要实行严格管理的医疗卫生技术临床应用的分类标准？
A.服务规模要求较高
B.医疗风险高
C.设备数量要求较高  
D.人员专业技术水平要求较高
【思考过程】：",BD,Doubao-1.5-Thinking,"【思考过程】：根据《医疗技术临床应用管理办法》，严格管理类医疗技术临床应用的分类标准主要考虑技术风险、伦理问题、资源稀缺性、社会影响等因素。其中，“医疗风险高”（B）是明确的高风险因素，需严格管理；“人员专业技术水平要求较高”（D）因技术复杂性和专业性，需通过严格管理确保人员资质。而“服务规模要求较高”（A）和“设备数量要求较高”（C）并非直接对应严格管理的核心标准（如风险、技术难度等），因此不属于主要分类因素。

【最终答案】：BD",客观题,BD
数字医疗,"你是一个严格按照要求答题的医学考试考生。请你先展示出完整的思考过程，然后再输出最终答案。每道题目有至少两个选项（A、B）至多五个选项（A、B、C、D、E），题目为不定项选择题，请按照以下格式作答：

【思考过程】：...

【最终答案】：AB / BCE / CD / DE / E / ...（只输出选项的编号，不要写选项内容）

示例：
题目：医疗伦理中四大基本原则是？
A.尊重自主权
B.善意行为
C.无害原则
D.公正原则
E.以上都不是
【思考过程】：本题考查医学伦理的四大基本原则，包括尊重自主权、不伤害原则、行善原则、公正原则。

【最终答案】：ABCD

题目：根据我国相关法律法规，以下关于健康医疗数据应用的说法哪几项是正确的？
A.健康医疗数据技术标准应包含采集、存储、传输三个环节
B.技术标准需覆盖数据采集、存储、分析、应用全流程
C.健康医疗数据不得用于商业广告定向推送
D.医疗信息交流制度应由医疗卫生机构重点建设
E.健康医疗数据可用于重大疾病预防科学研究
F.医疗机构可向第三方有偿提供匿名健康数据分析
【思考过程】：",BCDE,Doubao-1.5-Thinking,"【思考过程】：本题需依据我国健康医疗数据相关法律法规（如《个人信息保护法》《数据安全法》《健康医疗大数据应用发展的指导意见》等）分析各选项的正确性：

- **选项A**：技术标准仅包含采集、存储、传输三个环节。根据相关规定，健康医疗数据技术标准需覆盖采集、存储、分析、应用等全流程（非仅三个环节），故A错误。  
- **选项B**：技术标准覆盖全流程（采集、存储、分析、应用）。符合“数据全生命周期管理”要求，技术标准需覆盖全流程，故B正确。  
- **选项C**：健康医疗数据不得用于商业广告定向推送。健康医疗数据属于敏感个人信息（《个人信息保护法》第二十八条），其处理需满足“特定目的和充分必要性”。商业广告定向推送不符合“充分必要性”，且法律严格限制敏感信息的商业应用，故C正确。  
- **选项D**：医疗信息交流制度由医疗机构重点建设。医疗信息交流涉及多主体协作（如卫生行政部门、科研机构等），非仅医疗机构重点建设，故D错误。  
- **选项E**：健康医疗数据可用于重大疾病预防科学研究。公共卫生和科研是健康医疗数据的合法应用方向（符合《基本医疗卫生与健康促进法》及相关指导意见），故E正确。  
- **选项F**：医疗机构可向第三方有偿提供匿名健康数据分析。匿名化后的数据不属于个人信息（《个人信息保护法》第四条），其处理不受个人信息保护限制，允许依法有偿提供（符合数据安全与应用规范），故F正确。  

【最终答案】：BCEF",客观题,BCEF
数字医疗,"你是一个严格按照要求答题的医学考试考生。请你先展示出完整的思考过程，然后再输出最终答案。每道题目有至少两个选项（A、B）至多五个选项（A、B、C、D、E），题目为不定项选择题，请按照以下格式作答：

【思考过程】：...

【最终答案】：AB / BCE / CD / DE / E / ...（只输出选项的编号，不要写选项内容）

示例：
题目：医疗伦理中四大基本原则是？
A.尊重自主权
B.善意行为
C.无害原则
D.公正原则
E.以上都不是
【思考过程】：本题考查医学伦理的四大基本原则，包括尊重自主权、不伤害原则、行善原则、公正原则。

【最终答案】：ABCD

题目：下列哪些情形中，医疗机构人员应服从政府调遣参与应急处置？
A.社区举办健康义诊活动时突发暴雨
B.化工企业爆炸导致有毒气体泄漏
C.反恐行动中发生大规模人员伤亡
D.家庭急救因家属操作不当引发并发症
【思考过程】：",BC,Doubao-1.5-Thinking,"【思考过程】：本题考查医疗机构人员在何种情形下应服从政府调遣参与应急处置。根据《突发事件应对法》，突发事件主要包括自然灾害、事故灾难、公共卫生事件和社会安全事件四类，此类事件具有公共性、紧急性和危害性，需要政府统一组织应急处置。  
- 选项A：社区健康义诊突发暴雨属于常规活动中的天气变化，未造成公共卫生或安全事件，无需政府调遣。  
- 选项B：化工企业爆炸致有毒气体泄漏属于事故灾难类突发事件，需政府组织医疗救援，医疗机构人员应服从调遣。  
- 选项C：反恐行动中大规模人员伤亡属于社会安全事件，需紧急医疗救援，医疗机构人员应服从调遣。  
- 选项D：家庭急救并发症属于个体医疗问题，无公共危害性，无需政府调遣。  

【最终答案】：BC",客观题,BC
数字医疗,"你是一个严格按照要求答题的医学考试考生。请你先展示出完整的思考过程，然后再输出最终答案。每道题目有至少两个选项（A、B）至多五个选项（A、B、C、D、E），题目为不定项选择题，请按照以下格式作答：

【思考过程】：...

【最终答案】：AB / BCE / CD / DE / E / ...（只输出选项的编号，不要写选项内容）

示例：
题目：医疗伦理中四大基本原则是？
A.尊重自主权
B.善意行为
C.无害原则
D.公正原则
E.以上都不是
【思考过程】：本题考查医学伦理的四大基本原则，包括尊重自主权、不伤害原则、行善原则、公正原则。

【最终答案】：ABCD

题目：下列哪些属于法律法规要求医疗卫生人员应当弘扬的崇高职业精神？
A.敬佑生命
B.救死扶伤
C.遵守行业规范
D.甘于奉献
E.大爱无疆
【思考过程】：",ABDE,Doubao-1.5-Thinking,"【思考过程】：根据《中华人民共和国基本医疗卫生与健康促进法》的规定，医疗卫生人员应当弘扬的崇高职业精神包括“敬佑生命、救死扶伤、甘于奉献、大爱无疆”。选项A（敬佑生命）、B（救死扶伤）、D（甘于奉献）、E（大爱无疆）均属于法律明确要求弘扬的职业精神；而选项C（遵守行业规范）属于职业行为的具体要求，并非“崇高职业精神”的范畴。

【最终答案】：ABDE",客观题,ABDE
数字医疗,"你是一个严格按照要求答题的医学考试考生。请你先展示出完整的思考过程，然后再输出最终答案。每道题目有至少两个选项（A、B）至多五个选项（A、B、C、D、E），题目为不定项选择题，请按照以下格式作答：

【思考过程】：...

【最终答案】：AB / BCE / CD / DE / E / ...（只输出选项的编号，不要写选项内容）

示例：
题目：医疗伦理中四大基本原则是？
A.尊重自主权
B.善意行为
C.无害原则
D.公正原则
E.以上都不是
【思考过程】：本题考查医学伦理的四大基本原则，包括尊重自主权、不伤害原则、行善原则、公正原则。

【最终答案】：ABCD

题目：某数字医疗平台医生在接诊时，下列哪种行为直接违反了医学伦理规范？
A.为慢性病患者开具全身PET-CT检查以排除所有隐匿肿瘤
B.对普通感冒患者开具含抗生素的联合处方
C.根据最新临床指南选择高价但疗效明确的靶向药物
D.接受患者家属通过平台转账的5000元""感谢费""
E.免费提供健康咨询但推荐其购买自己持股的保健品公司的产品
【思考过程】：",ABDE,Doubao-1.5-Thinking,"【思考过程】：本题需判断各选项是否直接违反医学伦理规范，结合医学伦理基本原则（尊重、不伤害、有利、公正）及职业操守（廉洁、避免利益冲突等）分析如下：

- **选项A**：为无肿瘤指征的慢性病患者开具全身PET-CT（高辐射、高成本），属于过度医疗。无必要的检查会增加患者辐射风险和经济负担，违反“不伤害原则”和“有利原则”（未带来实际益处），直接违反伦理。  
- **选项B**：普通感冒（多为病毒性）开具抗生素联合处方，属于滥用抗生素。抗生素对病毒无效，反而可能导致耐药性、副作用（如过敏、肠道菌群失调），违反“不伤害原则”（造成不必要伤害）和“有利原则”（无治疗作用），直接违反伦理。  
- **选项C**：根据最新指南选择高价但疗效明确的靶向药物，符合“有利原则”（基于疗效和指南推荐），未违反伦理。  
- **选项D**：收受患者家属5000元“感谢费”，属于收受红包，直接违反“廉洁行医”的职业伦理规范。  
- **选项E**：免费咨询后推荐自己持股公司的保健品，存在利益冲突（利用专业身份谋私利），影响患者自主选择，违反“公正原则”和“避免利益冲突”的伦理要求，直接违反伦理。  

综上，A、B、D、E均直接违反医学伦理规范。

【最终答案】：ABDE",客观题,ABDE
数字医疗,"你是一个严格按照要求答题的医学考试考生。请你先展示出完整的思考过程，然后再输出最终答案。每道题目有至少两个选项（A、B）至多五个选项（A、B、C、D、E），题目为不定项选择题，请按照以下格式作答：

【思考过程】：...

【最终答案】：AB / BCE / CD / DE / E / ...（只输出选项的编号，不要写选项内容）

示例：
题目：医疗伦理中四大基本原则是？
A.尊重自主权
B.善意行为
C.无害原则
D.公正原则
E.以上都不是
【思考过程】：本题考查医学伦理的四大基本原则，包括尊重自主权、不伤害原则、行善原则、公正原则。

【最终答案】：ABCD

题目：以下哪些行为违反了《医疗卫生人员权益保护法》的相关规定？
A. 威胁医疗卫生人员人身安全
B. 患者家属因不满诊断结果在医院静坐抗议
C. 公然贬低医生职业尊严并在社交媒体传播
D. 因医疗纠纷拒绝支付剩余费用
E. 在诊疗室安装未经授权的录音设备
【思考过程】：",AC,Doubao-1.5-Thinking,"【思考过程】：本题需判断哪些行为违反《医疗卫生人员权益保护法》相关规定。根据《中华人民共和国基本医疗卫生与健康促进法》等相关法律，医疗卫生人员的人身安全、人格尊严受法律保护，禁止威胁、侮辱、侵犯其权益或扰乱医疗秩序的行为。  
- 选项A“威胁医疗卫生人员人身安全”：直接违反法律对人身安全的保护规定。  
- 选项B“患者家属因不满诊断结果在医院静坐抗议”：若未扰乱正常医疗秩序，通常属于表达诉求的方式，不直接违反权益保护法（更多涉及治安管理）。  
- 选项C“公然贬低医生职业尊严并在社交媒体传播”：侵犯医疗卫生人员的人格尊严，违反法律对职业尊严的保护。  
- 选项D“因医疗纠纷拒绝支付剩余费用”：属于民事合同纠纷，不直接违反权益保护法。  
- 选项E“在诊疗室安装未经授权的录音设备”：可能干扰正常诊疗秩序或侵犯医疗卫生人员的工作环境权益，违反法律对诊疗场所管理和权益的保护。  

【最终答案】：ACE",客观题,ACE
数字医疗,"你是一个严格按照要求答题的医学考试考生。请你先展示出完整的思考过程，然后再输出最终答案。每道题目有至少两个选项（A、B）至多五个选项（A、B、C、D、E），题目为不定项选择题，请按照以下格式作答：

【思考过程】：...

【最终答案】：AB / BCE / CD / DE / E / ...（只输出选项的编号，不要写选项内容）

示例：
题目：医疗伦理中四大基本原则是？
A.尊重自主权
B.善意行为
C.无害原则
D.公正原则
E.以上都不是
【思考过程】：本题考查医学伦理的四大基本原则，包括尊重自主权、不伤害原则、行善原则、公正原则。

【最终答案】：ABCD

题目：在药品采购中，根据国家规定，以下哪些竞标行为是不被允许的？
A.以低于成本的报价竞标
B.串通投标
C.支付额外服务费用以增进合作
D.滥用市场支配地位
E.发动媒体宣传攻势吸引采购方注意
【思考过程】：",ABD,Doubao-1.5-Thinking,"【思考过程】：本题需判断药品采购中不被允许的竞标行为，依据相关法律法规分析如下：

- **选项A**：《招标投标法》第三十三条明确规定，投标人不得以低于成本的报价竞标，否则可能导致质量无法保证，损害公共利益，属于禁止行为。  
- **选项B**：《招标投标法》第三十二条禁止投标人相互串通或与招标人串通投标，此类行为破坏公平竞争，属于禁止行为。  
- **选项C**：支付额外服务费用若以“增进合作”为名行商业贿赂之实（如向采购方或评标成员行贿），违反《反不正当竞争法》和《招标投标法》第五十三条，属于禁止行为。  
- **选项D**：《反垄断法》第十七条禁止具有市场支配地位的经营者滥用地位（如不公平定价、限定交易等），在药品采购中此类行为损害市场公平，属于禁止行为。  
- **选项E**：合法的媒体宣传（如正常推广产品优势）不涉及虚假或误导，属于允许的商业行为，不被禁止。  

综上，A、B、C、D为不被允许的竞标行为。

【最终答案】：ABCD",客观题,ABCD
数字医疗,"你是一个严格按照要求答题的医学考试考生。请你先展示出完整的思考过程，然后再输出最终答案。每道题目有至少两个选项（A、B）至多五个选项（A、B、C、D、E），题目为不定项选择题，请按照以下格式作答：

【思考过程】：...

【最终答案】：AB / BCE / CD / DE / E / ...（只输出选项的编号，不要写选项内容）

示例：
题目：医疗伦理中四大基本原则是？
A.尊重自主权
B.善意行为
C.无害原则
D.公正原则
E.以上都不是
【思考过程】：本题考查医学伦理的四大基本原则，包括尊重自主权、不伤害原则、行善原则、公正原则。

【最终答案】：ABCD

题目：根据相关法律法规，医疗卫生人员的下列哪些行为将受到行政处罚？
A.利用职务之便索要财物或非法收受利益
B.泄露公民个人健康信息
C.未及时更新患者电子病历档案
D.未经批准退出多中心临床研究项目
E.在提供医疗服务时未向患者说明替代治疗方案
【思考过程】：",ABE,Doubao-1.5-Thinking,"【思考过程】：本题需判断医疗卫生人员哪些行为会受到行政处罚，依据相关法律法规逐一分析各选项：

- **选项A**：利用职务之便索要财物或非法收受利益。《医师法》第五十六条明确规定，此类行为由卫生健康主管部门责令改正、警告、没收违法所得并处罚款，情节严重的可暂停执业或吊销证书，属于应受行政处罚的行为。  
- **选项B**：泄露公民个人健康信息。《基本医疗卫生与健康促进法》第九十九条规定，泄露个人健康信息的，由卫生健康主管部门责令改正、警告并处罚款，对相关人员给予处分，属于应受行政处罚的行为。  
- **选项C**：未及时更新患者电子病历档案。《电子病历应用管理规范（试行）》等法规主要强调电子病历的完整性和管理要求，但未明确“未及时更新”的具体行政处罚条款，故不属于应受行政处罚的行为。  
- **选项D**：未经批准退出多中心临床研究项目。《药物临床试验质量管理规范》（GCP）和《药品管理法》规定，药物临床试验机构需遵守质量管理规范，未经批准退出可能违反GCP，由监管部门责令改正、警告或罚款，属于应受行政处罚的行为。  
- **选项E**：未向患者说明替代治疗方案。《医师法》第二十五条和《医疗纠纷预防和处理条例》第十三条规定，实施手术、特殊检查/治疗时需说明替代方案，未说明的由卫生主管部门责令改正、警告并处罚款，属于应受行政处罚的行为。  

【最终答案】：ABDE",客观题,ABDE
数字医疗,"你是一个严格按照要求答题的医学考试考生。请你先展示出完整的思考过程，然后再输出最终答案。每道题目有至少两个选项（A、B）至多五个选项（A、B、C、D、E），题目为不定项选择题，请按照以下格式作答：

【思考过程】：...

【最终答案】：AB / BCE / CD / DE / E / ...（只输出选项的编号，不要写选项内容）

示例：
题目：医疗伦理中四大基本原则是？
A.尊重自主权
B.善意行为
C.无害原则
D.公正原则
E.以上都不是
【思考过程】：本题考查医学伦理的四大基本原则，包括尊重自主权、不伤害原则、行善原则、公正原则。

【最终答案】：ABCD

题目：以下哪种行为不属于依法应给予治安管理处罚的情形？
A.非法收集患者健康信息制作数据模型
B.未经许可使用医院诊疗室电源为电子设备充电
C.用无人机拍摄医院安全岗分布图后在社交媒体传播
D.经主管部门授权向第三方提供流行病学统计数据
【思考过程】：",BD,Doubao-1.5-Thinking,"【思考过程】：本题需判断各选项行为是否属于应受治安管理处罚的情形。  
- 选项A：非法收集患者健康信息，可能侵犯公民个人信息或隐私，根据《治安管理处罚法》第42条（侵犯隐私）或《个人信息保护法》相关规定，属于应处罚情形。  
- 选项B：未经许可使用医院电源充电，可能涉及盗窃（偷电）或占用公共资源，根据《治安管理处罚法》第49条（盗窃公私财物），属于应处罚情形。  
- 选项C：用无人机拍摄医院安全岗分布图并传播，可能扰乱单位秩序或危害公共安全，根据《治安管理处罚法》第23条（扰乱单位秩序）或第38条（危害公共场所安全），属于应处罚情形。  
- 选项D：经主管部门授权提供流行病学统计数据，属于合法行为，不涉及违法，因此不属于应处罚情形。  

【最终答案】：D",客观题,D
数字医疗,"你是一个严格按照要求答题的医学考试考生。请你先展示出完整的思考过程，然后再输出最终答案。每道题目有至少两个选项（A、B）至多五个选项（A、B、C、D、E），题目为不定项选择题，请按照以下格式作答：

【思考过程】：...

【最终答案】：AB / BCE / CD / DE / E / ...（只输出选项的编号，不要写选项内容）

示例：
题目：医疗伦理中四大基本原则是？
A.尊重自主权
B.善意行为
C.无害原则
D.公正原则
E.以上都不是
【思考过程】：本题考查医学伦理的四大基本原则，包括尊重自主权、不伤害原则、行善原则、公正原则。

【最终答案】：ABCD

题目：在数字医疗领域，以下哪些情形下电子商务平台经营者需承担连带责任？
A.平台明知某入驻机构销售未经认证的医疗设备但未下架
B.平台发现入驻机构伪造医师资质但未终止合作
C.平台未审核某基因检测服务机构的营业执照导致用户健康受损
D.平台未处理用户关于虚假药品广告的多次举报
E.平台未及时赔偿因医疗器械缺陷导致的用户损失
【思考过程】：",ABD,Doubao-1.5-Thinking,"【思考过程】：本题需依据《电子商务法》等相关法律分析平台经营者承担连带责任的情形。根据《电子商务法》第三十八条，平台明知或应知平台内经营者存在侵害消费者权益行为（如销售不符合安全要求的商品、伪造资质、虚假广告等）而未采取必要措施（如下架、终止合作、处理举报），需与经营者承担连带责任。

- 选项A：平台明知销售未经认证的医疗设备（不符合安全要求）且未下架，符合“明知+未采取措施”，应承担连带责任。  
- 选项B：平台发现伪造医师资质（侵害消费者权益）但未终止合作（未采取措施），符合规定，应承担连带责任。  
- 选项C：平台未审核营业执照属于未尽审核义务，但未直接体现“明知或应知”存在问题，不必然构成连带责任。  
- 选项D：用户多次举报虚假药品广告，平台未处理（应知存在问题且未采取措施），符合规定，应承担连带责任。  
- 选项E：平台未及时赔偿因医疗器械缺陷导致的损失，缺陷责任主体是生产者或销售者，平台无过错时不承担连带责任，未及时赔偿属自身义务问题，非连带责任。  

【最终答案】：ABD",客观题,ABD
数字医疗,"你是一个严格按照要求答题的医学考试考生。请你先展示出完整的思考过程，然后再输出最终答案。每道题目有至少两个选项（A、B）至多五个选项（A、B、C、D、E），题目为不定项选择题，请按照以下格式作答：

【思考过程】：...

【最终答案】：AB / BCE / CD / DE / E / ...（只输出选项的编号，不要写选项内容）

示例：
题目：医疗伦理中四大基本原则是？
A.尊重自主权
B.善意行为
C.无害原则
D.公正原则
E.以上都不是
【思考过程】：本题考查医学伦理的四大基本原则，包括尊重自主权、不伤害原则、行善原则、公正原则。

【最终答案】：ABCD

题目：在进行远程医疗服务时，以下哪种情形符合相关法律规定？
A.因患者情绪激动，医生仅通过视频口头说明费用后实施服务
B.患者家属主动请求不告知患者真实病情后直接签署同意书
C.医生完成前列腺癌方案讲解后，获取患者电子版语音授权录音
D.患者因认知障碍无法理解病情，医生取得其配偶的签字同意函并公证
【思考过程】：",D,Doubao-1.5-Thinking,"【思考过程】：本题需判断远程医疗服务中符合法律规定的情形，关键在于知情同意、费用告知及患者自主权等法律要求。  
- 选项A：费用说明需明确且通常需书面或电子确认，仅口头说明不符合规定；  
- 选项B：除非患者无民事行为能力，否则应尊重患者知情权，家属擅自不告知不符合规定；  
- 选项C：远程医疗中电子形式（如语音录音）可作为有效授权，符合规定；  
- 选项D：认知障碍患者无能力知情时，由配偶（法定代理人）签字并公证，符合规定。  

【最终答案】：CD",客观题,CD
数字医疗,"你是一个严格按照要求答题的医学考试考生。请你先展示出完整的思考过程，然后再输出最终答案。每道题目有至少两个选项（A、B）至多五个选项（A、B、C、D、E），题目为不定项选择题，请按照以下格式作答：

【思考过程】：...

【最终答案】：AB / BCE / CD / DE / E / ...（只输出选项的编号，不要写选项内容）

示例：
题目：医疗伦理中四大基本原则是？
A.尊重自主权
B.善意行为
C.无害原则
D.公正原则
E.以上都不是
【思考过程】：本题考查医学伦理的四大基本原则，包括尊重自主权、不伤害原则、行善原则、公正原则。

【最终答案】：ABCD

题目：以下哪项属于参与远程医疗的机构必须确保的安全措施？
A.系统兼容安全
B.网络安全
C.操作安全
D.数据安全
E.隐私安全
【思考过程】：",BCDE,Doubao-1.5-Thinking,"远程医疗的安全措施需涵盖信息传输、存储、处理及人员操作等多方面。分析各选项：  
- **A. 系统兼容安全**：主要涉及不同系统的互操作性，属于技术功能要求，而非直接的安全防护措施。  
- **B. 网络安全**：远程医疗依赖网络传输数据，需防范网络攻击、数据泄露等，是必须的安全措施。  
- **C. 操作安全**：操作人员需规范操作（如避免误操作、违规访问），属于人员安全管理的核心内容。  
- **D. 数据安全**：患者医疗数据需加密、备份、防篡改，是远程医疗的基础安全要求。  
- **E. 隐私安全**：患者隐私保护是医疗伦理的基本原则，需通过访问控制、匿名化等措施保障。  

根据相关法规（如《远程医疗服务管理规范（试行）》），网络安全、数据安全、隐私安全是明确要求；操作安全（人员规范）也是保障安全的关键环节。系统兼容安全更多是技术实现问题，非必须的安全措施。  

【思考过程】：远程医疗的安全措施需覆盖网络、数据、隐私及操作规范等方面。网络安全（B）保障传输安全，数据安全（D）保护数据本身，隐私安全（E）符合伦理要求，操作安全（C）规范人员行为。系统兼容安全（A）属于技术功能要求，非核心安全措施。  

【最终答案】：BCDE",客观题,BCDE
数字医疗,"你是一个严格按照要求答题的医学考试考生。请你先展示出完整的思考过程，然后再输出最终答案。每道题目有至少两个选项（A、B）至多五个选项（A、B、C、D、E），题目为不定项选择题，请按照以下格式作答：

【思考过程】：...

【最终答案】：AB / BCE / CD / DE / E / ...（只输出选项的编号，不要写选项内容）

示例：
题目：医疗伦理中四大基本原则是？
A.尊重自主权
B.善意行为
C.无害原则
D.公正原则
E.以上都不是
【思考过程】：本题考查医学伦理的四大基本原则，包括尊重自主权、不伤害原则、行善原则、公正原则。

【最终答案】：ABCD

题目：根据相关规定，以下哪些措施属于医疗机构必须建立的机制以保障患者权益？（多选）
A.建立每月医患交流会制度
B.保障患者知情同意权
C.实施医疗决策民主评审机制
D.维护患者合法权益
E.优先保障医院经济效益
【思考过程】：",ABD,Doubao-1.5-Thinking,"【思考过程】：本题需判断哪些是医疗机构必须建立的保障患者权益的机制。根据相关法规（如《医疗纠纷预防和处理条例》《基本医疗卫生与健康促进法》等）：  
- 选项A“每月医患交流会制度”属于促进沟通的措施，但非法定必须建立的机制；  
- 选项B“保障患者知情同意权”是患者的基本权利，医疗机构必须依法保障；  
- 选项C“医疗决策民主评审机制”无明确法规要求为必须；  
- 选项D“维护患者合法权益”是医疗机构的法定职责，必须建立相关机制；  
- 选项E“优先保障医院经济效益”与保障患者权益相悖，明显错误。  

【最终答案】：BD",客观题,BD
数字医疗,"你是一个严格按照要求答题的医学考试考生。请你先展示出完整的思考过程，然后再输出最终答案。每道题目有至少两个选项（A、B）至多五个选项（A、B、C、D、E），题目为不定项选择题，请按照以下格式作答：

【思考过程】：...

【最终答案】：AB / BCE / CD / DE / E / ...（只输出选项的编号，不要写选项内容）

示例：
题目：医疗伦理中四大基本原则是？
A.尊重自主权
B.善意行为
C.无害原则
D.公正原则
E.以上都不是
【思考过程】：本题考查医学伦理的四大基本原则，包括尊重自主权、不伤害原则、行善原则、公正原则。

【最终答案】：ABCD

题目：在远程医疗服务中，违反以下哪些法律法规可能导致卫生健康行政部门的处理？
A.《执业医师法》
B.《医疗机构管理条例》
C.《医疗事故处理条例》
D.《护士条例》
E.《药品管理法》
【思考过程】：",ABCD,Doubao-1.5-Thinking,"【思考过程】：远程医疗服务涉及医疗机构和医务人员的执业行为，需遵守相关法律法规。  
- **A（《执业医师法》）**：规范医师的执业注册、执业规则等，远程医疗中医师若违反（如未注册、超范围执业），卫生健康行政部门可处理。  
- **B（《医疗机构管理条例》）**：规范医疗机构的设置、执业许可等，远程医疗需医疗机构具备资质，违反（如无《医疗机构执业许可证》）会被卫生健康行政部门处理。  
- **C（《医疗事故处理条例》）**：处理医疗事故的行政责任，远程医疗中若发生医疗事故，卫生健康行政部门依据此条例处理。  
- **D（《护士条例》）**：规范护士的执业行为，远程医疗中护士若违反（如未注册、违规操作），卫生健康行政部门可处理。  
- **E（《药品管理法》）**：主要涉及药品监管，由药品监督管理部门（而非卫生健康行政部门）负责，故不选。  

【最终答案】：ABCD",客观题,ABCD
数字医疗,"你是一个严格按照要求答题的医学考试考生。请你先展示出完整的思考过程，然后再输出最终答案。每道题目有至少两个选项（A、B）至多五个选项（A、B、C、D、E），题目为不定项选择题，请按照以下格式作答：

【思考过程】：...

【最终答案】：AB / BCE / CD / DE / E / ...（只输出选项的编号，不要写选项内容）

示例：
题目：医疗伦理中四大基本原则是？
A.尊重自主权
B.善意行为
C.无害原则
D.公正原则
E.以上都不是
【思考过程】：本题考查医学伦理的四大基本原则，包括尊重自主权、不伤害原则、行善原则、公正原则。

【最终答案】：ABCD

题目：关于数字医疗数据存储和出境的规定，以下哪些表述符合法律要求？
A.必须将用户数据储存在中国境内服务器
B.经申请可将用户数据移交境外研究机构
C.用户同意即可自由向境外传输数据
D.数据出境需向国家网信部门申报安全评估
E.可通过签署协议直接传输到境外合作医院
【思考过程】：",AD,Doubao-1.5-Thinking,"【思考过程】：本题考查数字医疗数据存储和出境的法律规定，需结合《数据安全法》《个人信息保护法》《数据出境安全评估办法》等分析各选项：

- **选项A**：根据《网络安全法》第三十七条和《个人信息保护法》第四十条，关键信息基础设施运营者和处理一定数量个人信息的处理者，需将境内收集的个人信息和重要数据存储在境内（除非经安全评估后出境）。医疗数据多属敏感个人信息或重要数据，通常需境内存储，因此“必须将用户数据储存在中国境内服务器”符合法律要求。  
- **选项B**：数据移交境外研究机构需满足法定条件（如安全评估），仅“申请”不足以作为合法依据，表述不准确。  
- **选项C**：用户同意是数据出境的必要条件，但非充分条件。根据《数据出境安全评估办法》，关键数据或达到一定数量的个人信息出境需额外进行安全评估，不能仅用户同意即自由传输。  
- **选项D**：《数据出境安全评估办法》明确规定，重要数据、关键信息基础设施运营者或处理一定数量个人信息的数据处理者向境外提供数据时，需向国家网信部门申报安全评估，符合法律要求。  
- **选项E**：数据出境需通过安全评估或个人信息保护认证等法定程序，仅“签署协议”不能直接作为合法传输依据。  

综上，符合法律要求的选项为A和D。

【最终答案】：AD",客观题,AD
数字医疗,"你是一个严格按照要求答题的医学考试考生。请你先展示出完整的思考过程，然后再输出最终答案。每道题目有至少两个选项（A、B）至多五个选项（A、B、C、D、E），题目为不定项选择题，请按照以下格式作答：

【思考过程】：...

【最终答案】：AB / BCE / CD / DE / E / ...（只输出选项的编号，不要写选项内容）

示例：
题目：医疗伦理中四大基本原则是？
A.尊重自主权
B.善意行为
C.无害原则
D.公正原则
E.以上都不是
【思考过程】：本题考查医学伦理的四大基本原则，包括尊重自主权、不伤害原则、行善原则、公正原则。

【最终答案】：ABCD

题目：在数字医疗场景中，确保存储过程数据完整性时需覆盖的数据类型包括以下哪些？
A.鉴别数据
B.权限分配记录
C.重要视频数据
D.重要配置数据
E.访问日志
【思考过程】：",ACD,Doubao-1.5-Thinking,"【思考过程】：在数字医疗场景中，确保存储过程数据完整性需要覆盖各类关键数据以保障准确性和一致性。鉴别数据（A）用于身份验证，其完整性直接影响系统安全；权限分配记录（B）管理访问权限，篡改可能导致权限滥用；重要视频数据（C）如手术录像等，完整性是医疗决策和法律追溯的基础；重要配置数据（D）关系系统功能和安全策略，篡改会引发系统异常；访问日志（E）记录操作轨迹，完整性是审计和追踪违规的关键。因此，所有选项均需覆盖。

【最终答案】：ABCDE",客观题,ABCDE
数字医疗,"你是一个严格按照要求答题的医学考试考生。请你先展示出完整的思考过程，然后再输出最终答案。每道题目有至少两个选项（A、B）至多五个选项（A、B、C、D、E），题目为不定项选择题，请按照以下格式作答：

【思考过程】：...

【最终答案】：AB / BCE / CD / DE / E / ...（只输出选项的编号，不要写选项内容）

示例：
题目：医疗伦理中四大基本原则是？
A.尊重自主权
B.善意行为
C.无害原则
D.公正原则
E.以上都不是
【思考过程】：本题考查医学伦理的四大基本原则，包括尊重自主权、不伤害原则、行善原则、公正原则。

【最终答案】：ABCD

题目：下列哪几项符合数字医疗中的个人信息保护要求？
A.收集用户可能感兴趣的个人信息以提高服务质量
B.仅采集业务必需的用户个人信息
C.允许医疗机构内部员工无条件访问用户个人信息
D.未经用户授权不得将个人信息用于其他商业目的
E.用户数据必须保存至少5年以备查验
【思考过程】：",BD,Doubao-1.5-Thinking,"【思考过程】：本题考查数字医疗中个人信息保护的核心要求。根据《个人信息保护法》及医疗行业规范，个人信息保护需遵循最小必要原则、用户授权原则、访问控制原则等。  
- 选项A：“收集用户可能感兴趣的个人信息”不符合“最小必要原则”，应仅收集业务必需信息，故错误。  
- 选项B：“仅采集业务必需的用户个人信息”符合“最小必要原则”，正确。  
- 选项C：“内部员工无条件访问”违反“访问控制原则”，需基于权限和必要性访问，故错误。  
- 选项D：“未经授权不得用于其他商业目的”符合“用户授权原则”，正确。  
- 选项E：“必须保存至少5年”无明确普适性规定（医疗数据保存期限因类型而异，如门诊病历15年、住院30年），且保存期限非直接属于“个人信息保护要求”的核心内容，故错误。  

【最终答案】：BD",客观题,BD
数字医疗,"你是一个严格按照要求答题的医学考试考生。请你先展示出完整的思考过程，然后再输出最终答案。每道题目有至少两个选项（A、B）至多五个选项（A、B、C、D、E），题目为不定项选择题，请按照以下格式作答：

【思考过程】：...

【最终答案】：AB / BCE / CD / DE / E / ...（只输出选项的编号，不要写选项内容）

示例：
题目：医疗伦理中四大基本原则是？
A.尊重自主权
B.善意行为
C.无害原则
D.公正原则
E.以上都不是
【思考过程】：本题考查医学伦理的四大基本原则，包括尊重自主权、不伤害原则、行善原则、公正原则。

【最终答案】：ABCD

题目：以下哪些要求属于数据完整性和保密性相关法规内容？
A.云服务客户的核心数据存储于中国境外以规避风险，B.未经云服务客户授权时禁止第三方管理相关数据，C.通过数据压缩技术保障虚拟机迁移期间的传输效率，D.支持客户部署独立密钥管理体系实现加解密自主权，E.在检测到重要数据完整性受损后启动恢复预案
【思考过程】：",BDE,Doubao-1.5-Thinking,"【思考过程】：本题需判断哪些选项属于数据完整性和保密性相关法规内容。  
- 选项A：核心数据存储于境外可能违反中国数据本地化要求（如《数据安全法》对重要数据跨境传输的限制），不属于合规要求。  
- 选项B：未经授权禁止第三方管理数据，属于访问控制和保密性要求（防止未授权访问）。  
- 选项C：数据压缩技术提升传输效率，属于性能优化，与完整性、保密性无关。  
- 选项D：客户独立密钥管理体系可保障加解密自主权，属于数据加密和保密性措施（密钥管理是加密核心）。  
- 选项E：检测数据完整性受损后启动恢复预案，直接针对数据完整性（确保数据未被篡改或损坏）。  

【最终答案】：BDE",客观题,BDE
数字医疗,"你是一个严格按照要求答题的医学考试考生。请你先展示出完整的思考过程，然后再输出最终答案。每道题目有至少两个选项（A、B）至多五个选项（A、B、C、D、E），题目为不定项选择题，请按照以下格式作答：

【思考过程】：...

【最终答案】：AB / BCE / CD / DE / E / ...（只输出选项的编号，不要写选项内容）

示例：
题目：医疗伦理中四大基本原则是？
A.尊重自主权
B.善意行为
C.无害原则
D.公正原则
E.以上都不是
【思考过程】：本题考查医学伦理的四大基本原则，包括尊重自主权、不伤害原则、行善原则、公正原则。

【最终答案】：ABCD

题目：以下哪些属于数字医疗法律和监管基础中明确强调的要素？（不定项选择）
A. 强化网络安全机制
B. 提高医疗资源分配效率
C. 确保数据处理的完整性与可用性
D. 推动商业机构盈利优先
E. 建立伦理审查与公平保障
【思考过程】：",ACE,Doubao-1.5-Thinking,"【思考过程】：数字医疗法律和监管基础的核心在于保障数据安全、伦理合规及患者权益。选项A“强化网络安全机制”是数据安全的基础，符合法律对网络安全的要求；选项C“确保数据处理的完整性与可用性”是数据安全的关键要素，法律对数据处理的质量有明确规定；选项E“建立伦理审查与公平保障”涉及伦理合规和公平性，是数字医疗监管的重要内容。选项B“提高医疗资源分配效率”属于数字医疗的应用效果而非法律监管基础；选项D“推动商业机构盈利优先”与医疗公益属性及法律监管目标相悖。因此，正确选项为A、C、E。

【最终答案】：ACE",客观题,ACE
数字医疗,"你是一个严格按照要求答题的医学考试考生。请你先展示出完整的思考过程，然后再输出最终答案。每道题目有至少两个选项（A、B）至多五个选项（A、B、C、D、E），题目为不定项选择题，请按照以下格式作答：

【思考过程】：...

【最终答案】：AB / BCE / CD / DE / E / ...（只输出选项的编号，不要写选项内容）

示例：
题目：医疗伦理中四大基本原则是？
A.尊重自主权
B.善意行为
C.无害原则
D.公正原则
E.以上都不是
【思考过程】：本题考查医学伦理的四大基本原则，包括尊重自主权、不伤害原则、行善原则、公正原则。

【最终答案】：ABCD

题目：以下哪些属于数据共享时应遵循的核心原则？
A.以盈利为核心目标
B.以信任为基础
C.保护患者个人信息
D.防范程序代码漏洞
E.鼓励数据自由流通
【思考过程】：",BC,Doubao-1.5-Thinking,"【思考过程】：数据共享的核心原则需围绕信任、隐私保护及合理利用等方面。选项A“以盈利为核心目标”不符合数据共享的本质，盈利可能导致数据滥用，故排除；选项B“以信任为基础”是数据共享的前提，各方需建立信任关系，正确；选项C“保护患者个人信息”是数据共享的关键伦理和法律要求，必须遵循，正确；选项D“防范程序代码漏洞”属于技术安全措施，非核心原则，排除；选项E“鼓励数据自由流通”表述不准确，数据共享应是在合规和保护隐私前提下的有序流通，而非无限制的“自由”，故排除。

【最终答案】：BC",客观题,BC
数字医疗,"你是一个严格按照要求答题的医学考试考生。请你先展示出完整的思考过程，然后再输出最终答案。每道题目有至少两个选项（A、B）至多五个选项（A、B、C、D、E），题目为不定项选择题，请按照以下格式作答：

【思考过程】：...

【最终答案】：AB / BCE / CD / DE / E / ...（只输出选项的编号，不要写选项内容）

示例：
题目：医疗伦理中四大基本原则是？
A.尊重自主权
B.善意行为
C.无害原则
D.公正原则
E.以上都不是
【思考过程】：本题考查医学伦理的四大基本原则，包括尊重自主权、不伤害原则、行善原则、公正原则。

【最终答案】：ABCD

题目：以下哪些属于全球数字医疗战略旨在防范的危害？
A.医疗资源分配不均
B.信息误导（信息疫情）
C.健康数据的不当使用
D.种族主义行为
E.患者隐私权受限
【思考过程】：",BCD,Doubao-1.5-Thinking,"全球数字医疗战略旨在利用数字技术提升医疗服务的同时，防范相关潜在风险。以下是对各选项的分析：

- **选项A（医疗资源分配不均）**：数字技术可能因“数字鸿沟”（如技术接入差异）加剧医疗资源分配不均，全球数字医疗战略需防范这种因技术应用导致的新不平等，因此属于防范的危害。  
- **选项B（信息误导/信息疫情）**：数字时代虚假医疗信息传播快，可能误导公众健康决策，数字医疗战略需确保信息准确性，防范此类危害。  
- **选项C（健康数据的不当使用）**：数字医疗涉及大量敏感健康数据，数据泄露、滥用等不当使用是核心风险，战略需重点防范。  
- **选项D（种族主义行为）**：种族主义更多是社会结构性问题，数字医疗战略未直接针对此类行为，不属于其重点防范对象。  
- **选项E（患者隐私权受限）**：数字医疗中患者隐私数据易受侵犯（如泄露），保护隐私是战略关键，防范隐私权受限属于目标。  

综上，全球数字医疗战略旨在防范的危害包括A、B、C、E。

【思考过程】：全球数字医疗战略需防范数字技术应用中的潜在风险。医疗资源分配不均（A）可能因“数字鸿沟”加剧，需防范；信息误导（B）是数字时代常见问题，需防范；健康数据不当使用（C）涉及敏感信息安全，是重点；患者隐私权受限（E）是隐私保护的核心，需防范。种族主义行为（D）非直接相关。  

【最终答案】：ABCE",客观题,ABCE
数字医疗,"你是一个严格按照要求答题的医学考试考生。请你先展示出完整的思考过程，然后再输出最终答案。每道题目有至少两个选项（A、B）至多五个选项（A、B、C、D、E），题目为不定项选择题，请按照以下格式作答：

【思考过程】：...

【最终答案】：AB / BCE / CD / DE / E / ...（只输出选项的编号，不要写选项内容）

示例：
题目：医疗伦理中四大基本原则是？
A.尊重自主权
B.善意行为
C.无害原则
D.公正原则
E.以上都不是
【思考过程】：本题考查医学伦理的四大基本原则，包括尊重自主权、不伤害原则、行善原则、公正原则。

【最终答案】：ABCD

题目：以下哪些属于数字医疗适当使用需考虑的方面？
A.医疗美容服务标准化
B.患者参与和可负担性
C.远程手术优先原则
D.数据安全的保密性
E.知识产权保护
F.数字垃圾处理
【思考过程】：",BDEF,Doubao-1.5-Thinking,"【思考过程】：数字医疗的适当使用需综合考虑多方面因素。患者参与和可负担性（B）是确保服务普及和公平的关键；数据安全的保密性（D）是数字医疗的核心，涉及患者隐私和信息安全；知识产权保护（E）关乎技术创新和权益归属；数字垃圾处理（F）则涉及设备和数据废弃物的环境与安全管理。医疗美容服务标准化（A）更多是特定领域的规范，非数字医疗通用考量；远程手术优先原则（C）不符合“适当使用”的灵活性要求，应根据实际情况判断而非优先。

【最终答案】：BDEF",客观题,BDEF
数字医疗,"你是一个严格按照要求答题的医学考试考生。请你先展示出完整的思考过程，然后再输出最终答案。每道题目有至少两个选项（A、B）至多五个选项（A、B、C、D、E），题目为不定项选择题，请按照以下格式作答：

【思考过程】：...

【最终答案】：AB / BCE / CD / DE / E / ...（只输出选项的编号，不要写选项内容）

示例：
题目：医疗伦理中四大基本原则是？
A.尊重自主权
B.善意行为
C.无害原则
D.公正原则
E.以上都不是
【思考过程】：本题考查医学伦理的四大基本原则，包括尊重自主权、不伤害原则、行善原则、公正原则。

【最终答案】：ABCD

题目：以下哪一项属于数字医疗战略目标的相关内容？
A.提高医疗收费标准
B.推行技术专利垄断
C.数字卫生保健知识普及
D.性别平等
E.增强妇女权能
【思考过程】：",CDE,Doubao-1.5-Thinking,"【思考过程】：数字医疗的战略目标通常围绕利用数字技术提升医疗服务的可及性、效率、质量及健康知识普及等。选项A“提高医疗收费标准”与数字医疗优化资源配置、降低成本的目标相悖；选项B“推行技术专利垄断”不利于技术广泛应用，不符合数字医疗促进技术共享的方向；选项C“数字卫生保健知识普及”符合数字医疗通过数字手段普及健康知识的目标；选项D“性别平等”和E“增强妇女权能”属于社会公平范畴，非数字医疗核心战略目标。

【最终答案】：C",客观题,C
数字医疗,"你是一个严格按照要求答题的医学考试考生。请你先展示出完整的思考过程，然后再输出最终答案。每道题目有至少两个选项（A、B）至多五个选项（A、B、C、D、E），题目为不定项选择题，请按照以下格式作答：

【思考过程】：...

【最终答案】：AB / BCE / CD / DE / E / ...（只输出选项的编号，不要写选项内容）

示例：
题目：医疗伦理中四大基本原则是？
A.尊重自主权
B.善意行为
C.无害原则
D.公正原则
E.以上都不是
【思考过程】：本题考查医学伦理的四大基本原则，包括尊重自主权、不伤害原则、行善原则、公正原则。

【最终答案】：ABCD

题目：根据数字卫生保健的相关伦理原则，以下哪些群体是其重点关注的对象？
A.患者
B.家庭
C.社区
D.卫生工作者
E.医疗机构管理人员
【思考过程】：",ABCD,Doubao-1.5-Thinking,"【思考过程】：数字卫生保健的伦理原则强调以用户为中心，关注直接受益或受影响的群体。患者（A）是核心服务对象；家庭（B）在健康管理中常作为支持角色（如慢性病护理）；社区（C）是基层健康服务的基本单位，需考虑整体健康需求；卫生工作者（D）作为服务提供者，其使用体验、数据安全等是伦理关注的重点。医疗机构管理人员（E）更多属于管理层面，并非伦理原则直接重点关注的对象。因此，重点关注群体包括患者、家庭、社区和卫生工作者。

【最终答案】：ABCD",客观题,ABCD
安宁疗护,"你是一个严格按照要求答题的医学考试考生。请你先展示出完整的思考过程，然后再输出最终答案。每道题目有至少两个选项（A、B）至多五个选项（A、B、C、D、E），题目为不定项选择题，请按照以下格式作答：

【思考过程】：...

【最终答案】：AB / BCE / CD / DE / E / ...（只输出选项的编号，不要写选项内容）

示例：
题目：医疗伦理中四大基本原则是？
A.尊重自主权
B.善意行为
C.无害原则
D.公正原则
E.以上都不是
【思考过程】：本题考查医学伦理的四大基本原则，包括尊重自主权、不伤害原则、行善原则、公正原则。

【最终答案】：ABCD

题目：在安宁疗护医疗场景中，以下哪种情况医疗卫生人员必须依法取得患者或其近亲属的知情同意？
A.实施镇痛性脊髓电刺激手术
B.开展每周常规血压监测
C.使用新型镇痛药物开展临床效果研究
D.进行终末期生命体征的特殊检查
E.在患者意识清醒时向近亲属说明替代医疗方案
【思考过程】：",ACD,Doubao-1.5-Thinking,"【思考过程】：本题考查安宁疗护场景中需依法取得患者或其近亲属知情同意的情形。根据医学伦理和相关法规，知情同意主要适用于有创操作、高风险医疗行为、临床研究及特殊检查等情况，常规低风险操作通常无需额外同意。  
- **选项A**：镇痛性脊髓电刺激手术属于有创治疗，存在一定风险，需取得知情同意。  
- **选项B**：每周常规血压监测为无创、低风险的日常护理操作，无需额外知情同意。  
- **选项C**：使用新型镇痛药物开展临床效果研究属于临床研究范畴，需严格取得知情同意。  
- **选项D**：终末期生命体征的特殊检查（非常规、可能有风险或侵入性）需取得知情同意。  
- **选项E**：患者意识清醒时，应直接向患者说明并取得其同意，而非仅向近亲属说明，因此无需取得近亲属的知情同意。  

【最终答案】：ACD",客观题,ACD
安宁疗护,"你是一个严格按照要求答题的医学考试考生。请你先展示出完整的思考过程，然后再输出最终答案。每道题目有至少两个选项（A、B）至多五个选项（A、B、C、D、E），题目为不定项选择题，请按照以下格式作答：

【思考过程】：...

【最终答案】：AB / BCE / CD / DE / E / ...（只输出选项的编号，不要写选项内容）

示例：
题目：医疗伦理中四大基本原则是？
A.尊重自主权
B.善意行为
C.无害原则
D.公正原则
E.以上都不是
【思考过程】：本题考查医学伦理的四大基本原则，包括尊重自主权、不伤害原则、行善原则、公正原则。

【最终答案】：ABCD

题目：在安宁疗护中，以下哪两项属于患者的权利义务范畴？
A.医疗机构可以强制要求患者接受特定治疗
B.患者的隐私权和人格尊严应被保护
C.患者需遵守医疗卫生机构制定的诊疗秩序
D.医务人员可未经许可公开患者病情信息
E.患者可拒绝接受所有医疗建议
【思考过程】：",BC,Doubao-1.5-Thinking,"【思考过程】：本题需判断安宁疗护中患者的权利义务范畴。首先分析各选项：  
- 选项A：医疗机构强制要求患者接受特定治疗，侵犯患者自主权，不属于患者权利义务范畴，错误。  
- 选项B：保护患者隐私权和人格尊严是患者的基本权利，符合安宁疗护尊重患者的原则，正确。  
- 选项C：患者遵守医疗卫生机构诊疗秩序是应尽的义务，属于义务范畴，正确。  
- 选项D：医务人员未经许可公开患者病情信息侵犯隐私权，错误。  
- 选项E：患者虽有拒绝治疗的权利，但“拒绝所有医疗建议”表述过于绝对（如必要的支持性护理可能需配合），且未明确属于权利义务的核心范畴，不选。  

综上，B（权利）和C（义务）属于患者的权利义务范畴。

【最终答案】：BC",客观题,BC
安宁疗护,"你是一个严格按照要求答题的医学考试考生。请你先展示出完整的思考过程，然后再输出最终答案。每道题目有至少两个选项（A、B）至多五个选项（A、B、C、D、E），题目为不定项选择题，请按照以下格式作答：

【思考过程】：...

【最终答案】：AB / BCE / CD / DE / E / ...（只输出选项的编号，不要写选项内容）

示例：
题目：医疗伦理中四大基本原则是？
A.尊重自主权
B.善意行为
C.无害原则
D.公正原则
E.以上都不是
【思考过程】：本题考查医学伦理的四大基本原则，包括尊重自主权、不伤害原则、行善原则、公正原则。

【最终答案】：ABCD

题目：医疗卫生机构开展安宁疗护服务时，需要遵守以下哪些规范性文件？
A.临床诊疗指南
B.医院内部操作惯例
C.临床技术操作规范
D.行业标准
E.家属特殊书面要求
【思考过程】：",ACD,Doubao-1.5-Thinking,"【思考过程】：医疗卫生机构开展安宁疗护服务时，需遵守具有普遍约束力的规范性文件。临床诊疗指南（A）、临床技术操作规范（C）和行业标准（D）均属于医疗服务中需遵循的规范性文件，用于指导和规范医疗行为。而医院内部操作惯例（B）属于机构内部习惯，不具备普遍规范性；家属特殊书面要求（E）是个体需求，不属于必须遵守的规范性文件。

【最终答案】：ACD",客观题,ACD
安宁疗护,"你是一个严格按照要求答题的医学考试考生。请你先展示出完整的思考过程，然后再输出最终答案。每道题目有至少两个选项（A、B）至多五个选项（A、B、C、D、E），题目为不定项选择题，请按照以下格式作答：

【思考过程】：...

【最终答案】：AB / BCE / CD / DE / E / ...（只输出选项的编号，不要写选项内容）

示例：
题目：医疗伦理中四大基本原则是？
A.尊重自主权
B.善意行为
C.无害原则
D.公正原则
E.以上都不是
【思考过程】：本题考查医学伦理的四大基本原则，包括尊重自主权、不伤害原则、行善原则、公正原则。

【最终答案】：ABCD

题目：在安宁疗护中，以下哪些行为属于医疗卫生人员的禁止行为？
A. 对患者实施不必要的检查以增加收入
B. 根据患者病情调整药物剂量以减轻痛苦
C. 在接受患者家属自愿赠与后优先安排诊疗服务
D. 严格按照临床诊疗技术规范制定治疗方案
E. 在患者无法支付费用时拒绝继续提供基本医疗服务
【思考过程】：",AC,Doubao-1.5-Thinking,"【思考过程】：安宁疗护的核心是减轻患者痛苦、提高生活质量，需遵循伦理规范和法律法规。分析各选项：  
- A项“不必要检查以增加收入”属于过度医疗，违背合理医疗原则，是禁止行为；  
- B项“调整药物剂量减轻痛苦”是符合安宁疗护目标的合理医疗行为，非禁止；  
- C项“接受赠与后优先安排”涉及收受财物和不公平对待，违反职业道德，是禁止行为；  
- D项“按规范制定方案”是合规行为，非禁止；  
- E项“因无法支付拒绝基本服务”违背医疗公平和人道主义，是禁止行为。  

【最终答案】：ACE",客观题,ACE
安宁疗护,"你是一个严格按照要求答题的医学考试考生。请你先展示出完整的思考过程，然后再输出最终答案。每道题目有至少两个选项（A、B）至多五个选项（A、B、C、D、E），题目为不定项选择题，请按照以下格式作答：

【思考过程】：...

【最终答案】：AB / BCE / CD / DE / E / ...（只输出选项的编号，不要写选项内容）

示例：
题目：医疗伦理中四大基本原则是？
A.尊重自主权
B.善意行为
C.无害原则
D.公正原则
E.以上都不是
【思考过程】：本题考查医学伦理的四大基本原则，包括尊重自主权、不伤害原则、行善原则、公正原则。

【最终答案】：ABCD

题目：以下哪些行为违反了医疗卫生人员权益保护的相关规定？
A.向主治医师发送匿名恐吓邮件
B.多次在工作时间外致电护士站咨询病情
C.以虚假信息在社交媒体上诋毁医师专业声誉
D.要求医师自愿代班完成额外诊疗工作
E.患者家属因不满疗效在候诊区静坐抗议
【思考过程】：",AC,Doubao-1.5-Thinking,"【思考过程】：本题需判断哪些行为违反医疗卫生人员权益保护的相关规定，依据《中华人民共和国基本医疗卫生与健康促进法》《医疗纠纷预防和处理条例》等法律分析如下：

- **选项A**：向主治医师发送匿名恐吓邮件属于威胁行为。法律明确禁止威胁、危害医疗卫生人员人身安全，侵犯其人格尊严，因此违反规定。  
- **选项B**：多次在工作时间外致电护士站咨询病情，若为正常咨询需求（如术后注意事项），未达到骚扰程度，则不违反规定；题目未明确为骚扰，故不认定违法。  
- **选项C**：以虚假信息诋毁医师专业声誉属于诽谤，侵犯医疗卫生人员名誉权，法律禁止侮辱、诽谤，因此违反规定。  
- **选项D**：要求医师“自愿”代班完成额外诊疗工作，若“要求”隐含强制（如变相施压），则违反“保障休息休假权利”的规定；但题目仅提及“要求自愿”，未明确强制，故不必然违法。  
- **选项E**：患者家属因不满疗效在候诊区静坐抗议，若未扰乱医疗秩序，属于表达诉求的方式，不直接侵犯医疗卫生人员权益，故不违反规定。  

综上，违反规定的行为为A和C。

【最终答案】：AC",客观题,AC
安宁疗护,"你是一个严格按照要求答题的医学考试考生。请你先展示出完整的思考过程，然后再输出最终答案。每道题目有至少两个选项（A、B）至多五个选项（A、B、C、D、E），题目为不定项选择题，请按照以下格式作答：

【思考过程】：...

【最终答案】：AB / BCE / CD / DE / E / ...（只输出选项的编号，不要写选项内容）

示例：
题目：医疗伦理中四大基本原则是？
A.尊重自主权
B.善意行为
C.无害原则
D.公正原则
E.以上都不是
【思考过程】：本题考查医学伦理的四大基本原则，包括尊重自主权、不伤害原则、行善原则、公正原则。

【最终答案】：ABCD

题目：以下哪个处理公民个人健康信息的行为是合法的？
A.未经本人同意收集肿瘤病史信息
B.向保险公司出售患者临终关怀记录
C.将老年痴呆患者的病历传输给商业机构
D.取得授权后用于多中心安宁疗护研究
E.经配偶同意后出售患者健康数据
【思考过程】：",D,Doubao-1.5-Thinking,"【思考过程】：根据《个人信息保护法》和《基本医疗卫生与健康促进法》，处理公民个人健康信息需遵循合法、正当、必要原则，通常需取得本人或其监护人同意，且不得非法出售或提供给无关第三方。  
- 选项A：未经本人同意收集肿瘤病史信息，违反“需本人同意”原则，不合法。  
- 选项B：向保险公司出售患者记录，属于非法出售个人信息，不合法。  
- 选项C：将病历传输给商业机构，无合法授权且可能用于商业目的，不合法。  
- 选项D：取得授权后用于多中心研究（安宁疗护研究属于正当医疗研究），符合“取得同意+合理用途”原则，合法。  
- 选项E：经配偶同意后出售健康数据，“出售”行为本身非法，不合法。  

【最终答案】：D",客观题,D
安宁疗护,"你是一个严格按照要求答题的医学考试考生。请你先展示出完整的思考过程，然后再输出最终答案。每道题目有至少两个选项（A、B）至多五个选项（A、B、C、D、E），题目为不定项选择题，请按照以下格式作答：

【思考过程】：...

【最终答案】：AB / BCE / CD / DE / E / ...（只输出选项的编号，不要写选项内容）

示例：
题目：医疗伦理中四大基本原则是？
A.尊重自主权
B.善意行为
C.无害原则
D.公正原则
E.以上都不是
【思考过程】：本题考查医学伦理的四大基本原则，包括尊重自主权、不伤害原则、行善原则、公正原则。

【最终答案】：ABCD

题目：以下关于安宁疗护机构违法行为的罚款倍数组合，哪一个是正确的？
A.无证执业处15-20倍罚款；伪造证件处5-15倍罚款
B.无证执业处5-20倍罚款；伪造证件处5-15倍罚款
C.无证执业处5-10倍罚款；伪造证件处10-20倍罚款
D.无证执业处10-25倍罚款；伪造证件处5-10倍罚款
【思考过程】：",B,Doubao-1.5-Thinking,"【思考过程】：本题需根据相关法律法规判断安宁疗护机构违法行为的罚款倍数。根据《基本医疗卫生与健康促进法》第九十九条规定：未取得医疗机构执业许可证擅自执业的（无证执业），处违法所得五倍以上二十倍以下罚款；伪造、变造、买卖、出租、出借医疗机构执业许可证的（伪造证件），处违法所得五倍以上十五倍以下罚款。因此，无证执业的罚款范围为5-20倍，伪造证件的罚款范围为5-15倍。

【最终答案】：B",客观题,B
安宁疗护,"你是一个严格按照要求答题的医学考试考生。请你先展示出完整的思考过程，然后再输出最终答案。每道题目有至少两个选项（A、B）至多五个选项（A、B、C、D、E），题目为不定项选择题，请按照以下格式作答：

【思考过程】：...

【最终答案】：AB / BCE / CD / DE / E / ...（只输出选项的编号，不要写选项内容）

示例：
题目：医疗伦理中四大基本原则是？
A.尊重自主权
B.善意行为
C.无害原则
D.公正原则
E.以上都不是
【思考过程】：本题考查医学伦理的四大基本原则，包括尊重自主权、不伤害原则、行善原则、公正原则。

【最终答案】：ABCD

题目：以下哪些行为违反了医疗卫生机构的管理规定？
A.公立医院与外资企业共同投资设立独立法人资格的康复中心
B.政府办的医院与民营企业合作设立非独立法人资格的诊所
C.三甲医院将后勤清洁服务外包给第三方公司
D.非营利性医疗机构通过高薪聘请举办者亲属变相分配收益
E.非营利性私立医院将年度盈余分配给投资者
【思考过程】：",BDE,Doubao-1.5-Thinking,"【思考过程】：本题需判断哪些行为违反医疗卫生机构管理规定，逐一分析如下：  
- **选项A**：公立医院与外资企业共同投资设立独立法人资格的康复中心。根据相关政策，允许公立医院与社会资本（含外资）合作举办独立法人资格的医疗机构（需符合区域规划和审批），未明确禁止，故不违规。  
- **选项B**：政府办医院与民营企业合作设立非独立法人资格的诊所。根据《关于严格规范公立医院对外合作管理的通知》，公立医院不得与其他组织或个人合资合作举办非独立法人资格的医疗机构（如科室、诊所等），此行为违规。  
- **选项C**：三甲医院将后勤清洁服务外包。后勤服务（如清洁、安保）外包是医疗机构常见运营方式，不违反规定。  
- **选项D**：非营利性医疗机构通过高薪聘请举办者亲属变相分配收益。非营利性医疗机构的盈余必须用于机构发展，不得分配或变相分配（如通过高薪转移收益），此行为违规。  
- **选项E**：非营利性私立医院将年度盈余分配给投资者。非营利性医疗机构明确规定不得向投资者分配盈余，此行为直接违规。  

综上，违规行为为B、D、E。

【最终答案】：BDE",客观题,BDE
安宁疗护,"你是一个严格按照要求答题的医学考试考生。请你先展示出完整的思考过程，然后再输出最终答案。每道题目有至少两个选项（A、B）至多五个选项（A、B、C、D、E），题目为不定项选择题，请按照以下格式作答：

【思考过程】：...

【最终答案】：AB / BCE / CD / DE / E / ...（只输出选项的编号，不要写选项内容）

示例：
题目：医疗伦理中四大基本原则是？
A.尊重自主权
B.善意行为
C.无害原则
D.公正原则
E.以上都不是
【思考过程】：本题考查医学伦理的四大基本原则，包括尊重自主权、不伤害原则、行善原则、公正原则。

【最终答案】：ABCD

题目：某医院因安宁疗护病区医疗信息安全制度不健全导致患者信息泄露，根据相关法规，卫生健康主管部门可对其处以多少金额的罚款？
A.五千元以上三万元以下
B.一万元以上三万元以下
C.一万元以上五万元以下
D.没收违法所得并处十万元以下罚款
E.责令停业整顿
【思考过程】：",C,Doubao-1.5-Thinking,"【思考过程】：本题考查医疗机构因医疗信息安全制度不健全导致患者信息泄露的法律责任。根据《医疗纠纷预防和处理条例》第四十七条规定，医疗机构未按规定实施医疗质量安全管理制度的，由卫生健康主管部门责令改正，给予警告，并处1万元以上5万元以下罚款。题目中“医疗信息安全制度不健全导致患者信息泄露”属于未履行医疗质量安全管理制度的情形，因此对应罚款金额为一万元以上五万元以下。其他选项中，A（五千元以上三万元以下）、B（一万元以上三万元以下）金额范围不符；D（没收违法所得并处十万元以下罚款）无明确法规依据；E（责令停业整顿）通常适用于情节严重的情况，题目未提及情节严重，故不选。

【最终答案】：C",客观题,C
安宁疗护,"你是一个严格按照要求答题的医学考试考生。请你先展示出完整的思考过程，然后再输出最终答案。每道题目有至少两个选项（A、B）至多五个选项（A、B、C、D、E），题目为不定项选择题，请按照以下格式作答：

【思考过程】：...

【最终答案】：AB / BCE / CD / DE / E / ...（只输出选项的编号，不要写选项内容）

示例：
题目：医疗伦理中四大基本原则是？
A.尊重自主权
B.善意行为
C.无害原则
D.公正原则
E.以上都不是
【思考过程】：本题考查医学伦理的四大基本原则，包括尊重自主权、不伤害原则、行善原则、公正原则。

【最终答案】：ABCD

题目：在安宁疗护服务中，医疗卫生人员的下列哪些行为可能面临行政处罚？
A.向患者家属暗示需要礼品才优先安排护理服务
B.将患者病情细节上传至社交平台
C.开展新型镇痛疗法研究时未向伦理委员会申报
D.擅自将家属签字的手术同意书销毁
E.未取得患者同意即进行高风险生命维持操作
【思考过程】：",ABC,Doubao-1.5-Thinking,"【思考过程】：本题需分析安宁疗护中医疗卫生人员的行为是否违反相关法律法规，可能面临行政处罚。

- **选项A**：暗示需要礼品才优先安排护理服务，属于索要患者财物，违反《护士条例》第三十一条，可能被警告、暂停执业或吊销执照等行政处罚。  
- **选项B**：将患者病情细节上传至社交平台，泄露患者隐私，违反《医疗纠纷预防和处理条例》第四十七条，可能被警告、罚款或暂停执业。  
- **选项C**：开展新型镇痛疗法研究未向伦理委员会申报，违反《涉及人的生物医学研究伦理审查办法》第三十六条，未通过伦理审查擅自研究可能被责令改正、警告或罚款。  
- **选项D**：擅自销毁家属签字的手术同意书（属于病历资料），违反《医疗纠纷预防和处理条例》第四十五条，篡改、隐匿或销毁病历可能被警告、罚款或暂停执业。  
- **选项E**：未取得患者同意进行高风险生命维持操作，违反《医疗机构管理条例》第三十三条和《医疗纠纷预防和处理条例》第四十七条（未履行告知义务），可能被警告、罚款或暂停执业。  

综上，所有选项均可能面临行政处罚。

【最终答案】：ABCDE",客观题,ABCDE
安宁疗护,"你是一个严格按照要求答题的医学考试考生。请你先展示出完整的思考过程，然后再输出最终答案。每道题目有至少两个选项（A、B）至多五个选项（A、B、C、D、E），题目为不定项选择题，请按照以下格式作答：

【思考过程】：...

【最终答案】：AB / BCE / CD / DE / E / ...（只输出选项的编号，不要写选项内容）

示例：
题目：医疗伦理中四大基本原则是？
A.尊重自主权
B.善意行为
C.无害原则
D.公正原则
E.以上都不是
【思考过程】：本题考查医学伦理的四大基本原则，包括尊重自主权、不伤害原则、行善原则、公正原则。

【最终答案】：ABCD

题目：以下哪些行为违反《基本医疗卫生与健康促进法》，应依法给予治安管理处罚？
A.非法买卖公民个人健康信息
B.拒绝为临终患者提供止疼药物
C.在安宁疗护病房内大声喧哗并推搡医护人员
D.未征得家属同意开展输血治疗
E.未按要求报告传染病疑似病例
【思考过程】：",AC,Doubao-1.5-Thinking,"【思考过程】：本题需判断哪些行为违反《基本医疗卫生与健康促进法》并应依法给予治安管理处罚。根据该法相关条款分析如下：

- **选项A**：非法买卖公民个人健康信息。根据第92、103条，此类行为由卫生健康主管部门责令改正、没收违法所得并处罚款，情节严重的暂停业务或处分，构成犯罪的追究刑事责任。处罚主体为卫生健康部门，非治安管理处罚（公安机关），故不选。  
- **选项B**：拒绝为临终患者提供止疼药物。若无故拒绝可能违反诊疗规范，但该法未明确此类行为需治安处罚，更多涉及医疗质量或民事责任，故不选。  
- **选项C**：在安宁疗护病房内大声喧哗并推搡医护人员。根据第105条，扰乱医疗卫生机构秩序、威胁或危害医护人员人身安全的行为，由公安机关依治安管理处罚法处罚。推搡属于威胁人身安全，喧哗扰乱秩序，符合治安处罚条件，应选。  
- **选项D**：未征得家属同意开展输血治疗。涉及患者知情同意权，属医疗侵权，通常通过民事途径解决，非治安处罚范围，故不选。  
- **选项E**：未按要求报告传染病疑似病例。根据第62、102条，此类行为由卫生健康部门责令改正、警告、吊销许可证或处分，构成犯罪的追究刑事责任，不涉及治安处罚，故不选。  

综上，仅选项C符合治安管理处罚条件。

【最终答案】：C",客观题,C
安宁疗护,"你是一个严格按照要求答题的医学考试考生。请你先展示出完整的思考过程，然后再输出最终答案。每道题目有至少两个选项（A、B）至多五个选项（A、B、C、D、E），题目为不定项选择题，请按照以下格式作答：

【思考过程】：...

【最终答案】：AB / BCE / CD / DE / E / ...（只输出选项的编号，不要写选项内容）

示例：
题目：医疗伦理中四大基本原则是？
A.尊重自主权
B.善意行为
C.无害原则
D.公正原则
E.以上都不是
【思考过程】：本题考查医学伦理的四大基本原则，包括尊重自主权、不伤害原则、行善原则、公正原则。

【最终答案】：ABCD

题目：以下哪些属于赡养人应当履行的法定义务？（多选）
A.监督老年人的财产分配
B.对老年人提供经济上的供养
C.承担老年人全部的医疗决策责任
D.对老年人进行生活上的照料
E.满足老年人的特殊需求
F.定期给予老年人精神慰藉
【思考过程】：",BDEF,Doubao-1.5-Thinking,"【思考过程】：本题考查赡养人法定义务的法律规定。根据《中华人民共和国老年人权益保障法》第十四条，赡养人应当履行对老年人经济上供养、生活上照料和精神上慰藉的义务，并照顾老年人的特殊需要。  

- 选项A“监督老年人的财产分配”错误，老年人对个人财产有自主处分权，赡养人无权干涉或监督。  
- 选项B“对老年人提供经济上的供养”正确，属于法律明确规定的经济供养义务。  
- 选项C“承担老年人全部的医疗决策责任”错误，医疗决策应尊重老年人自身意愿（或其监护人），赡养人无“全部承担”的法定责任。  
- 选项D“对老年人进行生活上的照料”正确，属于生活照料义务。  
- 选项E“满足老年人的特殊需求”正确，对应法律中“照顾老年人的特殊需要”。  
- 选项F“定期给予老年人精神慰藉”正确，属于精神慰藉义务。  

【最终答案】：BDEF",客观题,BDEF
安宁疗护,"你是一个严格按照要求答题的医学考试考生。请你先展示出完整的思考过程，然后再输出最终答案。每道题目有至少两个选项（A、B）至多五个选项（A、B、C、D、E），题目为不定项选择题，请按照以下格式作答：

【思考过程】：...

【最终答案】：AB / BCE / CD / DE / E / ...（只输出选项的编号，不要写选项内容）

示例：
题目：医疗伦理中四大基本原则是？
A.尊重自主权
B.善意行为
C.无害原则
D.公正原则
E.以上都不是
【思考过程】：本题考查医学伦理的四大基本原则，包括尊重自主权、不伤害原则、行善原则、公正原则。

【最终答案】：ABCD

题目：以下哪些属于赡养人在安宁疗护中对生活不能自理老年人的法定义务？
A.使患病老年人及时得到治疗和护理
B.必须亲自照料生活不能自理的老年人
C.为经济困难老年人提供医疗费用
D.不能照料时可自行委托养老机构
E.承担生活不能自理老年人的照料责任
【思考过程】：",ACE,Doubao-1.5-Thinking,"【思考过程】：本题需依据《中华人民共和国老年人权益保障法》中关于赡养人义务的规定分析各选项。  
- 选项A：法律明确规定赡养人应使患病老年人及时得到治疗和护理，符合法定义务，正确。  
- 选项B：法律未要求必须亲自照料，赡养人无法亲自照料时可委托他人（如养老机构），因此“必须亲自”错误。  
- 选项C：赡养人有义务为经济困难的老年人提供医疗费用，符合法律规定，正确。  
- 选项D：赡养人不能照料时，需按照老年人意愿委托养老机构或他人，而非“自行委托”（可能忽视老年人意愿），因此错误。  
- 选项E：赡养人对生活不能自理的老年人负有最终照料责任（无论是否亲自照料），符合法律规定，正确。  

【最终答案】：ACE",客观题,ACE
安宁疗护,"你是一个严格按照要求答题的医学考试考生。请你先展示出完整的思考过程，然后再输出最终答案。每道题目有至少两个选项（A、B）至多五个选项（A、B、C、D、E），题目为不定项选择题，请按照以下格式作答：

【思考过程】：...

【最终答案】：AB / BCE / CD / DE / E / ...（只输出选项的编号，不要写选项内容）

示例：
题目：医疗伦理中四大基本原则是？
A.尊重自主权
B.善意行为
C.无害原则
D.公正原则
E.以上都不是
【思考过程】：本题考查医学伦理的四大基本原则，包括尊重自主权、不伤害原则、行善原则、公正原则。

【最终答案】：ABCD

题目：在安宁疗护中，以下哪些属于家庭成员或用人单位的法定义务？
A.家庭成员应当关心老年人的精神需求
B.家庭成员需优先满足老年人物质需求
C.分开居住的成员每月上门探视一次
D.用人单位应保障老年人的探亲休假权利
E.用人单位需保障赡养人的探亲休假权利
【思考过程】：",AE,Doubao-1.5-Thinking,"【思考过程】：本题需依据《中华人民共和国老年人权益保障法》分析家庭成员及用人单位的法定义务。  
- 选项A：法律明确规定家庭成员应当关心老年人的精神需求，不得忽视、冷落，故A正确。  
- 选项B：法律强调物质与精神需求均需关注，但未规定“优先满足物质需求”，B错误。  
- 选项C：法律要求“经常看望或问候”，但未强制“每月上门一次”，具体频率无硬性规定，C错误。  
- 选项D：探亲休假权利的主体应为赡养人（如子女），而非老年人自身，D错误。  
- 选项E：法律规定用人单位应保障赡养人的探亲休假权利，以便其履行赡养义务，E正确。  

【最终答案】：AE",客观题,AE
安宁疗护,"你是一个严格按照要求答题的医学考试考生。请你先展示出完整的思考过程，然后再输出最终答案。每道题目有至少两个选项（A、B）至多五个选项（A、B、C、D、E），题目为不定项选择题，请按照以下格式作答：

【思考过程】：...

【最终答案】：AB / BCE / CD / DE / E / ...（只输出选项的编号，不要写选项内容）

示例：
题目：医疗伦理中四大基本原则是？
A.尊重自主权
B.善意行为
C.无害原则
D.公正原则
E.以上都不是
【思考过程】：本题考查医学伦理的四大基本原则，包括尊重自主权、不伤害原则、行善原则、公正原则。

【最终答案】：ABCD

题目：以下哪些行为违反了""禁止对老年人实施家庭暴力""的规定？
A.未告知患者替老年痴呆症患者签署镇静剂使用同意书
B.要求患有高血压的老年人每日转账才提供饮食
C.三个月未更换失能老人的褥疮护理用品
D.因认知退化频繁指责老人""活着是累赘""
E.监护人限制有走失风险老人单独外出时间
【思考过程】：",BCD,Doubao-1.5-Thinking,"【思考过程】：本题需判断哪些行为违反""禁止对老年人实施家庭暴力""的规定。根据《反家庭暴力法》，家庭暴力包括身体、精神、经济等侵害行为。  
- 选项A：老年痴呆症患者可能无完全民事行为能力，监护人代为签署医疗同意书若为必要医疗措施，一般不构成暴力，属于正常监护行为。  
- 选项B：以转账为条件拒绝提供饮食，属于经济控制和剥夺基本生活需求，构成身体和经济侵害。  
- 选项C：长期不更换褥疮护理用品导致身体伤害，属于疏于照顾的身体虐待。  
- 选项D：频繁指责""活着是累赘""属于经常性谩骂，构成精神侵害。  
- 选项E：限制外出是为防止走失的合理监护，不属限制人身自由的暴力行为。  

【最终答案】：BCD",客观题,BCD
安宁疗护,"你是一个严格按照要求答题的医学考试考生。请你先展示出完整的思考过程，然后再输出最终答案。每道题目有至少两个选项（A、B）至多五个选项（A、B、C、D、E），题目为不定项选择题，请按照以下格式作答：

【思考过程】：...

【最终答案】：AB / BCE / CD / DE / E / ...（只输出选项的编号，不要写选项内容）

示例：
题目：医疗伦理中四大基本原则是？
A.尊重自主权
B.善意行为
C.无害原则
D.公正原则
E.以上都不是
【思考过程】：本题考查医学伦理的四大基本原则，包括尊重自主权、不伤害原则、行善原则、公正原则。

【最终答案】：ABCD

题目：以下哪种情形属于地方人民政府应当给予供养或救助的老年人范围？
A.子女有稳定收入但患有慢性病的老年人
B.无赡养人且无生活来源的老年人
C.赡养人因残疾完全丧失劳动能力的老年人
D.流浪乞讨且无户籍的老年人
E.生活无着但未签订遗赠扶养协议的老年人
【思考过程】：",BCDE,Doubao-1.5-Thinking,"【思考过程】：本题需依据《中华人民共和国老年人权益保障法》及相关法规判断。根据法律规定，地方人民政府应供养或救助的老年人主要包括以下情形：  
- **选项B**：无赡养人且无生活来源的老年人符合“无劳动能力、无生活来源、无法定赡养人”的“三无”条件，属于政府供养范围。  
- **选项C**：赡养人因残疾完全丧失劳动能力（即无赡养能力），老年人符合“法定赡养人无赡养能力”的条件，应纳入供养或救助范围。  
- **选项D**：流浪乞讨且无户籍的老年人属于“生活无着”的情形，根据《城市生活无着的流浪乞讨人员救助管理办法》，政府应提供救助，户籍不影响救助资格。  
- **选项E**：生活无着的老年人（无论是否签订遗赠扶养协议）均属于需要救助的范围，遗赠扶养协议并非政府救助的必要条件。  
- **选项A**：子女有稳定收入（即使患有慢性病）通常仍具备赡养能力，政府无需直接供养。  

【最终答案】：BCDE",客观题,BCDE
安宁疗护,"你是一个严格按照要求答题的医学考试考生。请你先展示出完整的思考过程，然后再输出最终答案。每道题目有至少两个选项（A、B）至多五个选项（A、B、C、D、E），题目为不定项选择题，请按照以下格式作答：

【思考过程】：...

【最终答案】：AB / BCE / CD / DE / E / ...（只输出选项的编号，不要写选项内容）

示例：
题目：医疗伦理中四大基本原则是？
A.尊重自主权
B.善意行为
C.无害原则
D.公正原则
E.以上都不是
【思考过程】：本题考查医学伦理的四大基本原则，包括尊重自主权、不伤害原则、行善原则、公正原则。

【最终答案】：ABCD

题目：以下哪种情况的老年人符合国家规定的救助条件？
A.老年人有退休金但不足以支付医疗费用
B.老年人无生活来源，子女无经济能力
C.老年人无劳动能力但拥有房产
D.赡养人拒绝履行赡养义务，老年人无收入
E.流浪乞讨的老年人
【思考过程】：",BE,Doubao-1.5-Thinking,"【思考过程】：根据《社会救助暂行办法》和《老年人权益保障法》，老年人救助的核心条件通常包括：无劳动能力、无生活来源且无法定赡养/抚养/扶养义务人，或法定义务人无履行义务能力。  

- 选项A：有退休金属于有生活来源，即使不足以支付医疗费用，也不符合“无生活来源”的救助条件，故不选。  
- 选项B：无生活来源且子女（法定赡养人）无经济能力，符合“无生活来源+法定义务人无能力”的救助条件，应选。  
- 选项C：无劳动能力但拥有房产（财产），通常房产可能被视为资产，若未转化为生活来源，仍可能不符合“无生活来源”的严格条件，故不选。  
- 选项D：赡养人拒绝履行义务且老年人无收入，属于“法定义务人不履行义务+无生活来源”，符合救助条件，应选。  
- 选项E：流浪乞讨的老年人通常无固定生活来源且可能无法定义务人或义务人无能力，属于救助对象，应选。  

【最终答案】：BDE",客观题,BDE
安宁疗护,"你是一个严格按照要求答题的医学考试考生。请你先展示出完整的思考过程，然后再输出最终答案。每道题目有至少两个选项（A、B）至多五个选项（A、B、C、D、E），题目为不定项选择题，请按照以下格式作答：

【思考过程】：...

【最终答案】：AB / BCE / CD / DE / E / ...（只输出选项的编号，不要写选项内容）

示例：
题目：医疗伦理中四大基本原则是？
A.尊重自主权
B.善意行为
C.无害原则
D.公正原则
E.以上都不是
【思考过程】：本题考查医学伦理的四大基本原则，包括尊重自主权、不伤害原则、行善原则、公正原则。

【最终答案】：ABCD

题目：以下哪些服务属于医疗机构应为老年人提供的医疗服务范畴？
A.家庭病床服务
B.专场商业健康讲座
C.巡回医疗和护理
D.付费体检项目
E.社区急救技能培训
【思考过程】：",AC,Doubao-1.5-Thinking,"【思考过程】：根据《中华人民共和国老年人权益保障法》及相关医疗服务政策，医疗机构应为老年人提供的医疗服务主要包括基本医疗、健康管理及便民服务等。分析各选项：  
- 选项A（家庭病床服务）：属于为行动不便老年人提供的上门医疗服务，符合规定。  
- 选项B（专场商业健康讲座）：商业讲座可能涉及推销，不属于医疗机构应提供的公益性医疗服务范畴。  
- 选项C（巡回医疗和护理）：是医疗机构到老年人集中区域提供的医疗服务，符合政策要求。  
- 选项D（付费体检项目）：付费项目属于可选服务，非医疗机构“应为”的基本医疗服务范畴。  
- 选项E（社区急救技能培训）：属于健康教育和技能普及，是医疗机构应承担的健康促进责任。  

【最终答案】：ACE",客观题,ACE
安宁疗护,"你是一个严格按照要求答题的医学考试考生。请你先展示出完整的思考过程，然后再输出最终答案。每道题目有至少两个选项（A、B）至多五个选项（A、B、C、D、E），题目为不定项选择题，请按照以下格式作答：

【思考过程】：...

【最终答案】：AB / BCE / CD / DE / E / ...（只输出选项的编号，不要写选项内容）

示例：
题目：医疗伦理中四大基本原则是？
A.尊重自主权
B.善意行为
C.无害原则
D.公正原则
E.以上都不是
【思考过程】：本题考查医学伦理的四大基本原则，包括尊重自主权、不伤害原则、行善原则、公正原则。

【最终答案】：ABCD

题目：以下哪些行为可能被依法追究责任？
A. 干涉老年人婚姻自由
B. 拒绝履行赡养义务导致老人营养不良
C. 因教育目的短暂限制老人自由
D. 与老人争执时推搡使其轻微擦伤
E. 未经许可转租老人名下房产
【思考过程】：",ABD,Doubao-1.5-Thinking,"【思考过程】：本题需判断各选项行为是否可能被依法追究责任，逐一分析如下：  
- **选项A**：《老年人权益保障法》明确规定老年人婚姻自由受法律保护，干涉老年人婚姻自由属违法行为，可能被追究责任（如批评教育、治安处罚或刑事责任）。  
- **选项B**：赡养义务是法定义务（《民法典》《老年人权益保障法》），拒绝履行导致老人营养不良，可能构成遗弃，需承担民事或刑事责任。  
- **选项C**：人身自由是公民基本权利（《宪法》），任何个人无权非法限制。即使以“教育目的”短暂限制老人自由，仍属非法拘禁，可能被追究责任（如治安处罚或刑事责任）。  
- **选项D**：推搡致老人轻微擦伤，属于故意伤害他人身体（《治安管理处罚法》），即使情节轻微，也可能被治安处罚；若构成轻伤以上则可能涉及刑事责任。  
- **选项E**：老人名下房产属其个人财产（《民法典》），未经许可转租侵犯财产权，需承担民事赔偿责任，情节严重可能涉及侵占等责任。  

综上，所有选项行为均可能被依法追究责任。  

【最终答案】：ABCDE",客观题,ABCDE
安宁疗护,"你是一个严格按照要求答题的医学考试考生。请你先展示出完整的思考过程，然后再输出最终答案。每道题目有至少两个选项（A、B）至多五个选项（A、B、C、D、E），题目为不定项选择题，请按照以下格式作答：

【思考过程】：...

【最终答案】：AB / BCE / CD / DE / E / ...（只输出选项的编号，不要写选项内容）

示例：
题目：医疗伦理中四大基本原则是？
A.尊重自主权
B.善意行为
C.无害原则
D.公正原则
E.以上都不是
【思考过程】：本题考查医学伦理的四大基本原则，包括尊重自主权、不伤害原则、行善原则、公正原则。

【最终答案】：ABCD

题目：下列哪项不属于养老机构侵害老年人权益可能承担的法律责任？
A. 依法承担民事责任
B. 有关主管部门依法给予行政处罚
C. 构成犯罪的依法追究刑事责任
D. 被上级管理机构处以纪律处分
E. 接受社会道德谴责
【思考过程】：",DE,Doubao-1.5-Thinking,"本题需判断哪项不属于养老机构侵害老年人权益可能承担的法律责任。法律责任通常包括民事责任、行政责任和刑事责任。  

- **选项A**（民事责任）：根据《老年人权益保障法》，养老机构侵害老年人权益需依法承担民事责任，属于法律责任。  
- **选项B**（行政处罚）：法律规定有关主管部门可对养老机构依法给予行政处罚，属于行政责任（法律责任的一种）。  
- **选项C**（刑事责任）：若构成犯罪，需依法追究刑事责任，属于法律责任。  
- **选项D**（纪律处分）：纪律处分通常是上级管理机构对内部人员或组织的内部管理措施，并非法律明确规定的责任形式，不属于法律责任。  
- **选项E**（道德谴责）：社会道德谴责属于道德层面的约束，而非法律规定的责任，不属于法律责任。  

因此，D和E均不属于法律责任。  

【思考过程】：法律责任包括民事、行政、刑事责任。A（民事责任）、B（行政处罚，属行政责任）、C（刑事责任）均为法律责任。D（纪律处分）是内部管理措施，E（道德谴责）是道德约束，均非法律责任。  

【最终答案】：DE",客观题,DE
安宁疗护,"你是一个严格按照要求答题的医学考试考生。请你先展示出完整的思考过程，然后再输出最终答案。每道题目有至少两个选项（A、B）至多五个选项（A、B、C、D、E），题目为不定项选择题，请按照以下格式作答：

【思考过程】：...

【最终答案】：AB / BCE / CD / DE / E / ...（只输出选项的编号，不要写选项内容）

示例：
题目：医疗伦理中四大基本原则是？
A.尊重自主权
B.善意行为
C.无害原则
D.公正原则
E.以上都不是
【思考过程】：本题考查医学伦理的四大基本原则，包括尊重自主权、不伤害原则、行善原则、公正原则。

【最终答案】：ABCD

题目：以下关于安宁疗护病房配置的规范要求，正确的组合是：
A. 每床净使用面积≥5㎡，部分病房设置为上下铺床位以节省空间
B. 单人病房间距不限，多人病房每床配备紫外线消毒灯
C. 多人病房配备隔帘，每床配置呼叫装置、可调节高度的安全床挡
D. 设置集中呼叫系统，床位间设置可移动隔断
【思考过程】：",C,Doubao-1.5-Thinking,"【思考过程】：安宁疗护病房配置需注重患者隐私、安全及医护响应。分析各选项：  
- 选项A：安宁疗护患者多为行动不便的终末期患者，上下铺存在安全隐患，且规范中通常要求每床净使用面积不低于一定标准（如≥6㎡），上下铺不符合要求，故A错误。  
- 选项B：单人病房需满足基本间距以避免交叉感染，并非“间距不限”；多人病房的消毒设备通常为整体配置（如空气消毒机），而非“每床配备紫外线消毒灯”，故B错误。  
- 选项C：多人病房配备隔帘可保护患者隐私；每床配置呼叫装置便于及时响应需求；可调节高度的安全床挡能防止坠床，符合安全规范，故C正确。  
- 选项D：集中呼叫系统可统一管理患者需求，提高医护效率；床位间可移动隔断能灵活保护隐私，符合配置要求，故D正确。  

【最终答案】：CD",客观题,CD
安宁疗护,"你是一个严格按照要求答题的医学考试考生。请你先展示出完整的思考过程，然后再输出最终答案。每道题目有至少两个选项（A、B）至多五个选项（A、B、C、D、E），题目为不定项选择题，请按照以下格式作答：

【思考过程】：...

【最终答案】：AB / BCE / CD / DE / E / ...（只输出选项的编号，不要写选项内容）

示例：
题目：医疗伦理中四大基本原则是？
A.尊重自主权
B.善意行为
C.无害原则
D.公正原则
E.以上都不是
【思考过程】：本题考查医学伦理的四大基本原则，包括尊重自主权、不伤害原则、行善原则、公正原则。

【最终答案】：ABCD

题目：以下哪项不属于安宁疗护机构关怀室（告别室）设置应满足的条件？
A.设置民族习惯相关文化器具
B.配置日常家属需求收集系统
C.配备可容纳多人告别的影音设施
D.未经家属同意可简化遗体处理流程
E.安装符合传统祭祀仪式的装饰物
【思考过程】：",D,Doubao-1.5-Thinking,"【思考过程】：安宁疗护机构的关怀室（告别室）设置需体现对患者及家属的尊重、文化包容和人性化服务。分析各选项：  
- A选项“设置民族习惯相关文化器具”：尊重不同民族文化习惯，属于应满足的条件。  
- B选项“配置日常家属需求收集系统”：便于及时响应家属需求，符合人性化服务要求。  
- C选项“配备可容纳多人告别的影音设施”：满足多人（包括远程）参与告别，属于合理配置。  
- D选项“未经家属同意可简化遗体处理流程”：遗体处理需充分尊重家属意愿，未经同意简化流程违背伦理和规范，不属于应满足的条件。  
- E选项“安装符合传统祭祀仪式的装饰物”：尊重传统习俗，属于文化关怀的体现。  

【最终答案】：D",客观题,D
安宁疗护,"你是一个严格按照要求答题的医学考试考生。请你先展示出完整的思考过程，然后再输出最终答案。每道题目有至少两个选项（A、B）至多五个选项（A、B、C、D、E），题目为不定项选择题，请按照以下格式作答：

【思考过程】：...

【最终答案】：AB / BCE / CD / DE / E / ...（只输出选项的编号，不要写选项内容）

示例：
题目：医疗伦理中四大基本原则是？
A.尊重自主权
B.善意行为
C.无害原则
D.公正原则
E.以上都不是
【思考过程】：本题考查医学伦理的四大基本原则，包括尊重自主权、不伤害原则、行善原则、公正原则。

【最终答案】：ABCD

题目：以下哪项属于安宁疗护中心医疗质量安全管理部门或专职人员的职责？
A.每季度对规章制度落实情况进行一次全面检查
B.对医疗质量、医院感染管理及一次性医疗器具管理进行检查
C.监测重点部门和普通患者安全因素并提出控制措施
D.监督医疗废物的管理并提出质量控制改进意见
E.负责医院年度科研项目拨款预算的审查
【思考过程】：",BD,Doubao-1.5-Thinking,"【思考过程】：本题考查安宁疗护中心医疗质量安全管理部门或专职人员的职责。需结合医疗质量安全管理的相关规范分析各选项：

- 选项A：质量安全管理部门需定期检查规章制度落实情况，每季度一次全面检查符合常规管理要求，属于其职责。  
- 选项B：医疗质量、医院感染管理及一次性医疗器具管理是医疗安全的核心内容，直接关系患者安全，属于该部门检查范围。  
- 选项C：监测重点部门（如病房、治疗室等）和患者安全因素并提出控制措施，是质量安全管理的关键任务，符合其职责。  
- 选项D：医疗废物管理涉及感染控制和公共卫生安全，监督其管理并提出改进意见属于质量安全管理的范畴。  
- 选项E：科研项目拨款预算审查属于财务或科研管理部门职责，与医疗质量安全管理无关，不属于该部门职责。  

综上，A、B、C、D均为正确职责。

【最终答案】：ABCD",客观题,ABCD
安宁疗护,"你是一个严格按照要求答题的医学考试考生。请你先展示出完整的思考过程，然后再输出最终答案。每道题目有至少两个选项（A、B）至多五个选项（A、B、C、D、E），题目为不定项选择题，请按照以下格式作答：

【思考过程】：...

【最终答案】：AB / BCE / CD / DE / E / ...（只输出选项的编号，不要写选项内容）

示例：
题目：医疗伦理中四大基本原则是？
A.尊重自主权
B.善意行为
C.无害原则
D.公正原则
E.以上都不是
【思考过程】：本题考查医学伦理的四大基本原则，包括尊重自主权、不伤害原则、行善原则、公正原则。

【最终答案】：ABCD

题目：安宁疗护过程中，针对医疗器械的使用规范，哪几项要求必须严格执行？
A.接触患者黏膜的器具需达到灭菌水平
B.进入无菌器官的器械必须采用消毒处理
C.一次性器具经高温灭菌后可循环使用
D.遵循《医院感染管理办法》的灭菌/消毒分级制度
E.允许在紧急情况下重复使用全密封包装的无菌器械
【思考过程】：",D,Doubao-1.5-Thinking,"【思考过程】：本题需判断安宁疗护中医疗器械使用的规范要求是否符合相关法规和标准。  
- 选项A：接触患者黏膜的器具属于中度危险性物品，需达到高水平消毒（而非灭菌），因此A错误。  
- 选项B：进入无菌器官的器械属于高度危险性物品，必须灭菌（而非消毒），因此B错误。  
- 选项C：一次性器具严禁重复使用，即使灭菌后也不可循环，因此C错误。  
- 选项D：所有医疗操作需遵循《医院感染管理办法》的灭菌/消毒分级制度，因此D正确。  
- 选项E：一次性器械无论包装是否密封，均不可重复使用（紧急情况也不允许），因此E错误。  

【最终答案】：D",客观题,D
安宁疗护,"你是一个严格按照要求答题的医学考试考生。请你先展示出完整的思考过程，然后再输出最终答案。每道题目有至少两个选项（A、B）至多五个选项（A、B、C、D、E），题目为不定项选择题，请按照以下格式作答：

【思考过程】：...

【最终答案】：AB / BCE / CD / DE / E / ...（只输出选项的编号，不要写选项内容）

示例：
题目：医疗伦理中四大基本原则是？
A.尊重自主权
B.善意行为
C.无害原则
D.公正原则
E.以上都不是
【思考过程】：本题考查医学伦理的四大基本原则，包括尊重自主权、不伤害原则、行善原则、公正原则。

【最终答案】：ABCD

题目：在安宁疗护病房中，护士发现一位患者需要紧急使用镇痛药物，下列哪些行为符合特殊管理药品的使用规定？
A.在药品登记表中仅标注药品名称和用量
B.使用后完整登记药品批号及剩余量
C.由两名护士共同核对患者身份信息
D.将未用完的残留药液直接排入水槽
E.因患者意识模糊未向其解释药物风险
【思考过程】：",BC,Doubao-1.5-Thinking,"【思考过程】：本题考查特殊管理药品（如麻醉、精神类药品）的使用规范。需逐一分析选项：  
- 选项A：特殊管理药品需严格登记，仅标注名称和用量不完整（应包括批号、患者信息等），不符合规定。  
- 选项B：使用后登记药品批号及剩余量是追溯管理的要求，符合规定。  
- 选项C：特殊药品使用需双人核对患者身份以确保安全，符合规定。  
- 选项D：残留药液需按规范销毁（如双人监督下处理），直接排入水槽可能导致药物流失或污染，不符合规定。  
- 选项E：即使患者意识模糊，仍需向其代理人（如家属）解释药物风险，未解释不符合知情同意原则，不符合规定。  

【最终答案】：BC",客观题,BC
安宁疗护,"你是一个严格按照要求答题的医学考试考生。请你先展示出完整的思考过程，然后再输出最终答案。每道题目有至少两个选项（A、B）至多五个选项（A、B、C、D、E），题目为不定项选择题，请按照以下格式作答：

【思考过程】：...

【最终答案】：AB / BCE / CD / DE / E / ...（只输出选项的编号，不要写选项内容）

示例：
题目：医疗伦理中四大基本原则是？
A.尊重自主权
B.善意行为
C.无害原则
D.公正原则
E.以上都不是
【思考过程】：本题考查医学伦理的四大基本原则，包括尊重自主权、不伤害原则、行善原则、公正原则。

【最终答案】：ABCD

题目：以下哪些风险属于医疗机构在安宁疗护中必须评估的高危患者风险？
A.跌倒
B.坠床
C.呛咳
D.自杀
E.压疮
【思考过程】：",ABDE,Doubao-1.5-Thinking,"【思考过程】：安宁疗护的核心是为终末期患者提供全面照护，需评估生理和心理多维度的高危风险。跌倒（A）和坠床（B）与患者活动能力下降、环境安全相关，是基础护理中需重点评估的风险；呛咳（C）常见于吞咽功能障碍患者，可能引发误吸，属于生理高危风险；自杀（D）因终末期患者可能存在心理抑郁或绝望情绪，需心理层面重点评估；压疮（E）因患者长期卧床或活动减少，皮肤受压易发生，是常见生理并发症。因此，以上均为安宁疗护中必须评估的高危患者风险。

【最终答案】：ABCDE",客观题,ABCDE
安宁疗护,"你是一个严格按照要求答题的医学考试考生。请你先展示出完整的思考过程，然后再输出最终答案。每道题目有至少两个选项（A、B）至多五个选项（A、B、C、D、E），题目为不定项选择题，请按照以下格式作答：

【思考过程】：...

【最终答案】：AB / BCE / CD / DE / E / ...（只输出选项的编号，不要写选项内容）

示例：
题目：医疗伦理中四大基本原则是？
A.尊重自主权
B.善意行为
C.无害原则
D.公正原则
E.以上都不是
【思考过程】：本题考查医学伦理的四大基本原则，包括尊重自主权、不伤害原则、行善原则、公正原则。

【最终答案】：ABCD

题目：安宁疗护中心存在以下哪些情形时，卫生计生行政部门会依法依规从严从重处理？
A.使用未取得执业资格的护士进行临终患者护理
B.因消毒流程疏漏导致患者群体性感染
C.管理制度未备案但未造成实际影响
D.违反医疗广告管理办法发布虚假宣传
E.对非紧急医疗需求响应延迟超过12小时
【思考过程】：",ABD,Doubao-1.5-Thinking,"【思考过程】：本题需判断安宁疗护中心哪些情形会被卫生计生行政部门依法依规从严从重处理。分析各选项：  
- 选项A：使用未取得执业资格的护士进行护理，属于非法执业，严重威胁患者安全，依法应从严处理。  
- 选项B：消毒疏漏导致群体性感染，属于重大医疗安全事故，社会影响恶劣，需从严处理。  
- 选项C：管理制度未备案但无实际影响，属于轻微违规，通常以整改为主，不涉及“从严从重”。  
- 选项D：发布虚假医疗广告，违反《医疗广告管理办法》，欺骗患者，需从严处理。  
- 选项E：非紧急需求响应延迟12小时，属于服务质量问题，无严重后果时一般不从严处理。  

【最终答案】：ABD",客观题,ABD
安宁疗护,"你是一个严格按照要求答题的医学考试考生。请你先展示出完整的思考过程，然后再输出最终答案。每道题目有至少两个选项（A、B）至多五个选项（A、B、C、D、E），题目为不定项选择题，请按照以下格式作答：

【思考过程】：...

【最终答案】：AB / BCE / CD / DE / E / ...（只输出选项的编号，不要写选项内容）

示例：
题目：医疗伦理中四大基本原则是？
A.尊重自主权
B.善意行为
C.无害原则
D.公正原则
E.以上都不是
【思考过程】：本题考查医学伦理的四大基本原则，包括尊重自主权、不伤害原则、行善原则、公正原则。

【最终答案】：ABCD

题目：以下哪些属于安宁疗护的核心服务内容？
A.优先治愈终末期疾病
B.提供躯体症状的缓解措施
C.个性化宗教仪式服务
D.患者精神心理辅导
E.协调患者社会支持体系
【思考过程】：",BDE,Doubao-1.5-Thinking,"【思考过程】：安宁疗护的核心目标是提高终末期患者的生活质量，重点在于缓解症状、心理支持、社会支持协调及灵性关怀，而非治愈疾病。分析各选项：  
- 选项A“优先治愈终末期疾病”错误，安宁疗护以缓解症状和支持为主，而非治愈。  
- 选项B“提供躯体症状的缓解措施”正确，控制疼痛等躯体症状是安宁疗护的基础。  
- 选项C“个性化宗教仪式服务”属于灵性关怀的具体形式，但并非所有患者都需要宗教仪式，灵性关怀更广泛，因此不属于核心服务的普遍内容。  
- 选项D“患者精神心理辅导”正确，心理支持是安宁疗护的重要部分，帮助患者应对焦虑、抑郁等。  
- 选项E“协调患者社会支持体系”正确，协调家庭、社区等社会资源是安宁疗护多学科合作的核心内容。  

【最终答案】：BDE",客观题,BDE
安宁疗护,"你是一个严格按照要求答题的医学考试考生。请你先展示出完整的思考过程，然后再输出最终答案。每道题目有至少两个选项（A、B）至多五个选项（A、B、C、D、E），题目为不定项选择题，请按照以下格式作答：

【思考过程】：...

【最终答案】：AB / BCE / CD / DE / E / ...（只输出选项的编号，不要写选项内容）

示例：
题目：医疗伦理中四大基本原则是？
A.尊重自主权
B.善意行为
C.无害原则
D.公正原则
E.以上都不是
【思考过程】：本题考查医学伦理的四大基本原则，包括尊重自主权、不伤害原则、行善原则、公正原则。

【最终答案】：ABCD

题目：以下哪一项不属于老年安宁疗护病区的主要服务内容？
A.症状控制与身体痛苦缓解
B.家属经济援助计划
C.患者家属哀伤辅导
D.积极延长寿​命的医疗干预
E.精神心理支持与社会关怀
【思考过程】：",D,Doubao-1.5-Thinking,"【思考过程】：安宁疗护的核心目标是提高生命有限患者的生活质量，重点在于缓解症状、减轻痛苦，提供心理、社会和精神支持，而非进行积极的治愈性治疗或延长寿命。分析各选项：  
- A（症状控制与身体痛苦缓解）是安宁疗护的核心内容，属于主要服务。  
- B（家属经济援助计划）可能为辅助支持，但并非所有机构均提供，题目未明确其是否为“主要”。  
- C（患者家属哀伤辅导）是安宁疗护关注家属支持的重要部分，属于主要服务。  
- D（积极延长寿命的医疗干预）属于治愈性治疗，与安宁疗护“不追求延长生命”的原则相悖，不属于主要服务。  
- E（精神心理支持与社会关怀）是安宁疗护的核心内容之一，属于主要服务。  

因此，明确不属于的是D。

【最终答案】：D",客观题,D
安宁疗护,"你是一个严格按照要求答题的医学考试考生。请你先展示出完整的思考过程，然后再输出最终答案。每道题目有至少两个选项（A、B）至多五个选项（A、B、C、D、E），题目为不定项选择题，请按照以下格式作答：

【思考过程】：...

【最终答案】：AB / BCE / CD / DE / E / ...（只输出选项的编号，不要写选项内容）

示例：
题目：医疗伦理中四大基本原则是？
A.尊重自主权
B.善意行为
C.无害原则
D.公正原则
E.以上都不是
【思考过程】：本题考查医学伦理的四大基本原则，包括尊重自主权、不伤害原则、行善原则、公正原则。

【最终答案】：ABCD

题目：关于老年安宁疗护病区的环境处理，以下哪项措施是正确的？
A.服务对象离开后立即进行常规清洁
B.每月对病房进行一次终末消毒
C.服务对象离开后必须进行终末消毒处理
D.家属可自行清扫后接收新患者
【思考过程】：",C,Doubao-1.5-Thinking,"【思考过程】：本题考查老年安宁疗护病区的环境处理规范。终末消毒是指当服务对象离开（如出院、转院或死亡）后，对其所在病室进行的彻底消毒处理，目的是消灭残留的病原微生物，防止交叉感染。选项A中“立即进行常规清洁”不满足终末消毒的要求；选项B“每月一次终末消毒”不符合终末消毒的触发条件（应在服务对象离开后进行，而非定期）；选项C“服务对象离开后必须进行终末消毒处理”符合规范；选项D“家属自行清扫”无法保证消毒效果，不符合医疗环境管理要求。

【最终答案】：C",客观题,C
安宁疗护,"你是一个严格按照要求答题的医学考试考生。请你先展示出完整的思考过程，然后再输出最终答案。每道题目有至少两个选项（A、B）至多五个选项（A、B、C、D、E），题目为不定项选择题，请按照以下格式作答：

【思考过程】：...

【最终答案】：AB / BCE / CD / DE / E / ...（只输出选项的编号，不要写选项内容）

示例：
题目：医疗伦理中四大基本原则是？
A.尊重自主权
B.善意行为
C.无害原则
D.公正原则
E.以上都不是
【思考过程】：本题考查医学伦理的四大基本原则，包括尊重自主权、不伤害原则、行善原则、公正原则。

【最终答案】：ABCD

题目：安宁疗护无障碍设计的合规标准要求是什么？
A.GB 55019
B.GB 55020
C.WS/T 510
D.WS/T 520
E.ISO 13485
【思考过程】：",AC,Doubao-1.5-Thinking,"【思考过程】：本题考查安宁疗护无障碍设计的合规标准。首先分析各选项：GB开头为国家标准，WS为卫生行业标准，ISO为国际标准。  
- A选项GB 55019是《建筑与市政工程无障碍通用规范》（2021年发布），属于强制性国家标准，规定了建筑与市政工程无障碍设计的基本要求，是无障碍设计的重要依据。  
- B选项GB 55020无明确对应无障碍设计的规范，与题目无关。  
- C选项WS/T 510是《医院无障碍环境设计要求》（2016年发布），属于卫生行业推荐性标准，具体规定了医院（包括安宁疗护场所）无障碍环境的设计要求，直接相关。  
- D选项WS/T 520无明确对应无障碍设计的规范，与题目无关。  
- E选项ISO 13485是医疗器械质量管理体系标准，与无障碍设计无关。  

因此，安宁疗护无障碍设计需符合GB 55019（建筑通用规范）和WS/T 510（医院具体要求）。

【最终答案】：AC",客观题,AC
安宁疗护,"你是一个严格按照要求答题的医学考试考生。请你先展示出完整的思考过程，然后再输出最终答案。每道题目有至少两个选项（A、B）至多五个选项（A、B、C、D、E），题目为不定项选择题，请按照以下格式作答：

【思考过程】：...

【最终答案】：AB / BCE / CD / DE / E / ...（只输出选项的编号，不要写选项内容）

示例：
题目：医疗伦理中四大基本原则是？
A.尊重自主权
B.善意行为
C.无害原则
D.公正原则
E.以上都不是
【思考过程】：本题考查医学伦理的四大基本原则，包括尊重自主权、不伤害原则、行善原则、公正原则。

【最终答案】：ABCD

题目：以下哪些管理制度是安宁疗护机构必须建立的？（多选）
A.财务管理报销制度
B.老年患者档案管理制度
C.设施设备定期校准制度
D.护理人员资质审查制度
E.医疗废弃物分类制度
【思考过程】：",CD,Doubao-1.5-Thinking,"安宁疗护机构的管理制度需围绕患者照护、安全规范及服务质量展开。分析各选项：

- **A. 财务管理报销制度**：虽为机构管理的一部分，但属于通用财务制度，并非安宁疗护特有的核心必须制度。  
- **B. 老年患者档案管理制度**：安宁疗护对象多为老年或终末期患者，需系统记录病情、护理等信息，是个性化服务和质量跟踪的基础，必须建立。  
- **C. 设施设备定期校准制度**：安宁疗护可能使用医疗设备（如监护仪、供氧设备），定期校准确保安全性和准确性，是医疗安全的基本要求，必须建立。  
- **D. 护理人员资质审查制度**：护理人员是服务核心，审查资质确保其具备专业能力，符合医疗行业准入要求，必须建立。  
- **E. 医疗废弃物分类制度**：医疗废弃物处理需符合法规（如《医疗废物管理条例》），分类处理是防止污染和疾病传播的必要措施，所有医疗机构必须建立。  

综上，B、C、D、E是安宁疗护机构必须建立的管理制度。

【思考过程】：安宁疗护机构需建立与患者照护、安全规范直接相关的制度。老年患者档案管理（B）是记录和跟踪服务的基础；设施设备定期校准（C）确保医疗安全；护理人员资质审查（D）保障服务质量；医疗废弃物分类（E）符合法规要求。财务管理报销制度（A）属于通用制度，非安宁疗护特有必须项。

【最终答案】：BCDE",客观题,BCDE
安宁疗护,"你是一个严格按照要求答题的医学考试考生。请你先展示出完整的思考过程，然后再输出最终答案。每道题目有至少两个选项（A、B）至多五个选项（A、B、C、D、E），题目为不定项选择题，请按照以下格式作答：

【思考过程】：...

【最终答案】：AB / BCE / CD / DE / E / ...（只输出选项的编号，不要写选项内容）

示例：
题目：医疗伦理中四大基本原则是？
A.尊重自主权
B.善意行为
C.无害原则
D.公正原则
E.以上都不是
【思考过程】：本题考查医学伦理的四大基本原则，包括尊重自主权、不伤害原则、行善原则、公正原则。

【最终答案】：ABCD

题目：根据临终关怀室隐私保护要求，以下哪两项措施符合规定？
A.每床位加装透明玻璃窗方便观察
B.相邻床位之间使用高密度隔音板
C.采用可移动屏风替代物理隔断
D.每个床位区域配备独立呼叫系统
【思考过程】：",BD,Doubao-1.5-Thinking,"【思考过程】：临终关怀室的隐私保护需关注患者的视觉、听觉隐私及独立空间需求。选项A中透明玻璃窗虽方便观察，但会暴露患者状态，不利于视觉隐私；选项B的高密度隔音板可有效阻隔声音和视线，符合隐私保护；选项C的可移动屏风密封性不足，可能无法充分保护隐私；选项D的独立呼叫系统避免患者公开求助，保护其隐私需求。因此符合规定的应为B和D。

【最终答案】：BD",客观题,BD
安宁疗护,"你是一个严格按照要求答题的医学考试考生。请你先展示出完整的思考过程，然后再输出最终答案。每道题目有至少两个选项（A、B）至多五个选项（A、B、C、D、E），题目为不定项选择题，请按照以下格式作答：

【思考过程】：...

【最终答案】：AB / BCE / CD / DE / E / ...（只输出选项的编号，不要写选项内容）

示例：
题目：医疗伦理中四大基本原则是？
A.尊重自主权
B.善意行为
C.无害原则
D.公正原则
E.以上都不是
【思考过程】：本题考查医学伦理的四大基本原则，包括尊重自主权、不伤害原则、行善原则、公正原则。

【最终答案】：ABCD

题目：以下哪些做法符合安宁疗护服务中关于维护服务对象权益和尊严的要求？
A. 在多人病房内设置独立隔间保护隐私
B. 强制使用镇静剂以减少患者情绪波动
C. 征得患者同意后再调整镇痛方案
D. 允许家属参与护理决策但忽略患者本人意愿
E. 在走廊讨论病情以便快速协调医疗资源
【思考过程】：",AC,Doubao-1.5-Thinking,"【思考过程】：安宁疗护的核心是维护服务对象的权益和尊严，主要包括尊重隐私、自主权、知情同意等原则。分析各选项：  
- 选项A：设置独立隔间保护隐私，符合维护尊严的要求；  
- 选项B：强制使用镇静剂违背患者意愿，侵犯自主权，不符合；  
- 选项C：征得患者同意后调整镇痛方案，尊重其知情同意权，符合；  
- 选项D：忽略患者本人意愿仅让家属参与决策，违背以患者为中心的原则，不符合；  
- 选项E：在走廊讨论病情会泄露隐私，损害尊严，不符合。  

【最终答案】：AC",客观题,AC
安宁疗护,"你是一个严格按照要求答题的医学考试考生。请你先展示出完整的思考过程，然后再输出最终答案。每道题目有至少两个选项（A、B）至多五个选项（A、B、C、D、E），题目为不定项选择题，请按照以下格式作答：

【思考过程】：...

【最终答案】：AB / BCE / CD / DE / E / ...（只输出选项的编号，不要写选项内容）

示例：
题目：医疗伦理中四大基本原则是？
A.尊重自主权
B.善意行为
C.无害原则
D.公正原则
E.以上都不是
【思考过程】：本题考查医学伦理的四大基本原则，包括尊重自主权、不伤害原则、行善原则、公正原则。

【最终答案】：ABCD

题目：在安宁疗护中，与老年人及相关第三方确定临终关怀服务时，以下哪些属于必须告知的法定内容？
A.服务接受方的宗教信仰限制
B.服务过程中的权责划分
C.是否允许家属随时终止服务
D.服务的具体内容与流程
E.预期达到的治疗效果
【思考过程】：",BDE,Doubao-1.5-Thinking,"【思考过程】：安宁疗护中，与老年人及相关第三方确定服务时，法定必须告知的内容需围绕知情同意的核心，确保患者及家属明确服务的关键信息。分析各选项：  
- 选项A（服务接受方的宗教信仰限制）：属于患者个人偏好或特殊需求，通常由患者主动提出，而非服务提供方必须告知的法定内容。  
- 选项B（服务过程中的权责划分）：明确双方权利与责任是避免纠纷的基础，属于法定必须告知内容。  
- 选项C（是否允许家属随时终止服务）：涉及患者及家属的自主权，需明确终止条件，属于必须告知内容。  
- 选项D（服务的具体内容与流程）：患者及家属需了解服务内容才能做出知情决定，是最基本的告知要求。  
- 选项E（预期达到的治疗效果）：安宁疗护虽以缓解症状、提升生活质量为目标，但需向家属说明预期效果（如症状控制、舒适度提升），属于合理预期的告知内容。  

综上，必须告知的法定内容为B、C、D、E。

【最终答案】：BCDE",客观题,BCDE
安宁疗护,"你是一个严格按照要求答题的医学考试考生。请你先展示出完整的思考过程，然后再输出最终答案。每道题目有至少两个选项（A、B）至多五个选项（A、B、C、D、E），题目为不定项选择题，请按照以下格式作答：

【思考过程】：...

【最终答案】：AB / BCE / CD / DE / E / ...（只输出选项的编号，不要写选项内容）

示例：
题目：医疗伦理中四大基本原则是？
A.尊重自主权
B.善意行为
C.无害原则
D.公正原则
E.以上都不是
【思考过程】：本题考查医学伦理的四大基本原则，包括尊重自主权、不伤害原则、行善原则、公正原则。

【最终答案】：ABCD

题目：以下哪项属于安宁疗护中社工服务的内容？
A.提供心理疏导和精神支持
B.多陪伴交流
C.帮助服务对象消除所有负面情绪
D.制定详细的医疗治疗方案
【思考过程】：",AB,Doubao-1.5-Thinking,"【思考过程】：安宁疗护中社工的服务内容主要涉及社会、心理和精神层面的支持。选项A“提供心理疏导和精神支持”是社工的核心职责之一，符合其服务范围；选项B“多陪伴交流”是社工与患者及家属建立联系、提供情感支持的重要方式，属于服务内容；选项C“帮助消除所有负面情绪”表述过于绝对，社工的作用是帮助处理和缓解负面情绪而非完全消除；选项D“制定医疗治疗方案”属于医疗团队（如医生）的职责，非社工工作内容。

【最终答案】：AB",客观题,AB
安宁疗护,"你是一个严格按照要求答题的医学考试考生。请你先展示出完整的思考过程，然后再输出最终答案。每道题目有至少两个选项（A、B）至多五个选项（A、B、C、D、E），题目为不定项选择题，请按照以下格式作答：

【思考过程】：...

【最终答案】：AB / BCE / CD / DE / E / ...（只输出选项的编号，不要写选项内容）

示例：
题目：医疗伦理中四大基本原则是？
A.尊重自主权
B.善意行为
C.无害原则
D.公正原则
E.以上都不是
【思考过程】：本题考查医学伦理的四大基本原则，包括尊重自主权、不伤害原则、行善原则、公正原则。

【最终答案】：ABCD

题目：在安宁疗护中，以下哪些属于为服务对象亲属提供的社工服务？
A.引导亲属与服务对象沟通交流
B.为亲属探视创造便利条件
C.代亲属签署医疗同意书
D.限制亲属探视次数以维持秩序
【思考过程】：",AB,Doubao-1.5-Thinking,"【思考过程】：安宁疗护中，社工为亲属提供的服务主要围绕促进亲属与服务对象的情感支持、沟通便利及心理支持等方面。选项A“引导亲属与服务对象沟通交流”属于社工协助亲属建立有效沟通的服务；选项B“为亲属探视创造便利条件”符合安宁疗护中支持亲属参与的原则；选项C“代亲属签署医疗同意书”涉及法律和医疗决策权限，社工无权代签；选项D“限制亲属探视次数以维持秩序”违背安宁疗护中鼓励亲属陪伴的核心，故不属于社工服务内容。

【最终答案】：AB",客观题,AB
安宁疗护,"你是一个严格按照要求答题的医学考试考生。请你先展示出完整的思考过程，然后再输出最终答案。每道题目有至少两个选项（A、B）至多五个选项（A、B、C、D、E），题目为不定项选择题，请按照以下格式作答：

【思考过程】：...

【最终答案】：AB / BCE / CD / DE / E / ...（只输出选项的编号，不要写选项内容）

示例：
题目：医疗伦理中四大基本原则是？
A.尊重自主权
B.善意行为
C.无害原则
D.公正原则
E.以上都不是
【思考过程】：本题考查医学伦理的四大基本原则，包括尊重自主权、不伤害原则、行善原则、公正原则。

【最终答案】：ABCD

题目：以下哪项措施属于安宁疗护中医护人员指导下的舒缓不适症状实施内容？
A.手术治疗
B.用药
C.各种专业护理措施
D.心理治疗
E.陪伴交流
【思考过程】：",BCE,Doubao-1.5-Thinking,"【思考过程】：安宁疗护的核心是缓解终末期患者的不适症状，提高生活质量，而非治愈疾病。分析各选项：  
- 选项A（手术治疗）：手术通常为治愈性手段，与安宁疗护的目标不符，不属于舒缓症状的内容。  
- 选项B（用药）：通过药物（如止痛药、止吐药等）缓解疼痛、恶心等身体症状，是典型的舒缓措施。  
- 选项C（各种专业护理措施）：如体位调整、呼吸支持、皮肤护理等护理手段，直接针对身体不适，属于舒缓症状的实施内容。  
- 选项D（心理治疗）：针对焦虑、抑郁等心理症状，通过专业心理干预缓解患者心理不适，是舒缓症状的重要部分。  
- 选项E（陪伴交流）：属于情感支持，但更多是人文关怀，并非直接“实施”的症状缓解措施，故不选。  

【最终答案】：BCD",客观题,BCD
安宁疗护,"你是一个严格按照要求答题的医学考试考生。请你先展示出完整的思考过程，然后再输出最终答案。每道题目有至少两个选项（A、B）至多五个选项（A、B、C、D、E），题目为不定项选择题，请按照以下格式作答：

【思考过程】：...

【最终答案】：AB / BCE / CD / DE / E / ...（只输出选项的编号，不要写选项内容）

示例：
题目：医疗伦理中四大基本原则是？
A.尊重自主权
B.善意行为
C.无害原则
D.公正原则
E.以上都不是
【思考过程】：本题考查医学伦理的四大基本原则，包括尊重自主权、不伤害原则、行善原则、公正原则。

【最终答案】：ABCD

题目：在安宁疗护中，以下哪些属于医护人员的核心服务内容？
A.实施手术治愈疾病
B.进行症状控制
C.使用昂贵仪器延长生命
D.缓解服务对象的痛苦
E.提供化疗治疗方案
【思考过程】：",BD,Doubao-1.5-Thinking,"【思考过程】：安宁疗护的核心目标是为无法治愈的晚期患者提供身心支持，重点在于缓解痛苦、控制症状、提高生活质量，而非通过手术、昂贵仪器或积极治疗（如化疗）治愈疾病或延长生命。选项A（手术治愈疾病）、C（昂贵仪器延长生命）、E（化疗治疗）均属于以治愈或延长生命为目的的干预手段，不符合安宁疗护的核心。选项B（症状控制）和D（缓解痛苦）直接对应安宁疗护缓解症状、改善生活质量的核心服务内容。

【最终答案】：BD",客观题,BD
安宁疗护,"你是一个严格按照要求答题的医学考试考生。请你先展示出完整的思考过程，然后再输出最终答案。每道题目有至少两个选项（A、B）至多五个选项（A、B、C、D、E），题目为不定项选择题，请按照以下格式作答：

【思考过程】：...

【最终答案】：AB / BCE / CD / DE / E / ...（只输出选项的编号，不要写选项内容）

示例：
题目：医疗伦理中四大基本原则是？
A.尊重自主权
B.善意行为
C.无害原则
D.公正原则
E.以上都不是
【思考过程】：本题考查医学伦理的四大基本原则，包括尊重自主权、不伤害原则、行善原则、公正原则。

【最终答案】：ABCD

题目：下列哪一选项不符合服务对象离世后的处理要求？
A.保持其身体清洁
B.调整其体位至自然状态
C.对其进行基本的外观整理以确保尊严
D.依照家属要求为其化妆以修饰外观
E.清洁其面部并维持温和表情
【思考过程】：",D,Doubao-1.5-Thinking,"【思考过程】：服务对象离世后的处理需遵循维护逝者尊严的基本原则。A（保持身体清洁）、B（调整体位至自然状态）、C（基本外观整理确保尊严）、E（清洁面部并维持温和表情）均属于常规且必要的处理措施，旨在让逝者保持自然、整洁的状态，符合尊严要求。而D（依照家属要求为其化妆以修饰外观）可能超出基本处理范畴——遗体处理应基于维护尊严的基本操作，而非完全依从家属的额外修饰要求（如过度化妆可能不符合自然状态），因此不符合处理要求。

【最终答案】：D",客观题,D
安宁疗护,"你是一个严格按照要求答题的医学考试考生。请你先展示出完整的思考过程，然后再输出最终答案。每道题目有至少两个选项（A、B）至多五个选项（A、B、C、D、E），题目为不定项选择题，请按照以下格式作答：

【思考过程】：...

【最终答案】：AB / BCE / CD / DE / E / ...（只输出选项的编号，不要写选项内容）

示例：
题目：医疗伦理中四大基本原则是？
A.尊重自主权
B.善意行为
C.无害原则
D.公正原则
E.以上都不是
【思考过程】：本题考查医学伦理的四大基本原则，包括尊重自主权、不伤害原则、行善原则、公正原则。

【最终答案】：ABCD

题目：以下哪一项属于安宁疗护机构在患者离世后应履行的义务？
A.全权负责葬礼流程设计
B.协助相关第三方完成殡葬事宜
C.为家属提供哀伤心理辅导
D.向家属发放经济援助金
【思考过程】：",BC,Doubao-1.5-Thinking,"【思考过程】：安宁疗护的核心是为终末期患者及其家属提供身体、心理和社会支持。患者离世后，机构的义务主要集中在协助家属处理后续事务及心理支持。选项A“全权负责葬礼流程设计”不符合实际，葬礼通常由家属主导，机构仅协助而非全权负责；选项B“协助相关第三方完成殡葬事宜”合理，机构可帮助联系殡仪馆等第三方完成必要流程；选项C“为家属提供哀伤心理辅导”是安宁疗护的重要内容，家属在丧亲后需要心理支持；选项D“发放经济援助金”并非机构常规义务，经济援助通常不属于必须履行的职责。因此，正确选项为B和C。

【最终答案】：BC",客观题,BC
安宁疗护,"你是一个严格按照要求答题的医学考试考生。请你先展示出完整的思考过程，然后再输出最终答案。每道题目有至少两个选项（A、B）至多五个选项（A、B、C、D、E），题目为不定项选择题，请按照以下格式作答：

【思考过程】：...

【最终答案】：AB / BCE / CD / DE / E / ...（只输出选项的编号，不要写选项内容）

示例：
题目：医疗伦理中四大基本原则是？
A.尊重自主权
B.善意行为
C.无害原则
D.公正原则
E.以上都不是
【思考过程】：本题考查医学伦理的四大基本原则，包括尊重自主权、不伤害原则、行善原则、公正原则。

【最终答案】：ABCD

题目：以下哪项措施最符合“加强评估和观察，防范意外”的要求？
A.在值班护士交班时集中检查体征
B.每天定时进行两次综合评估并记录行为异常风险
C.仅在患者主诉不适时安排专科医师会诊
D.要求家属每12小时提交书面病情报告
E.安装离床报警系统并实时监测睡眠状态
【思考过程】：",BE,Doubao-1.5-Thinking,"【思考过程】：题目要求选择最符合“加强评估和观察，防范意外”的措施。逐一分析选项：  
- 选项A：值班护士交班时集中检查体征，仅为阶段性检查，无法持续覆盖日常观察，不符合“加强”要求。  
- 选项B：每天定时两次综合评估并记录风险，属于定期评估，但间隔较长，可能遗漏非评估时段的风险。  
- 选项C：仅在患者主诉不适时会诊，是被动等待而非主动评估，无法有效防范意外。  
- 选项D：依赖家属提交病情报告，非专业且不可靠，不符合医疗主动评估的要求。  
- 选项E：安装离床报警系统并实时监测睡眠状态，通过实时监测持续观察患者状态（如离床可能提示跌倒风险），能及时预警并防范意外，最符合“加强评估和观察”的核心。  

【最终答案】：E",客观题,E
安宁疗护,"你是一个严格按照要求答题的医学考试考生。请你先展示出完整的思考过程，然后再输出最终答案。每道题目有至少两个选项（A、B）至多五个选项（A、B、C、D、E），题目为不定项选择题，请按照以下格式作答：

【思考过程】：...

【最终答案】：AB / BCE / CD / DE / E / ...（只输出选项的编号，不要写选项内容）

示例：
题目：医疗伦理中四大基本原则是？
A.尊重自主权
B.善意行为
C.无害原则
D.公正原则
E.以上都不是
【思考过程】：本题考查医学伦理的四大基本原则，包括尊重自主权、不伤害原则、行善原则、公正原则。

【最终答案】：ABCD

题目：根据相关规定，对有自残、自杀倾向的安宁疗护服务对象应采取哪些措施？
A.早预防
B.早诊断
C.早发现
D.早干预
E.早治疗
【思考过程】：",ACD,Doubao-1.5-Thinking,"【思考过程】：安宁疗护中针对有自残、自杀倾向的服务对象，核心措施需围绕风险的预防、识别和干预。""早预防""是主动降低风险的基础；""早发现""是及时识别潜在危机的关键；""早干预""是发现后采取措施阻止危险发生的核心。而""早诊断""通常针对疾病的医学判断，自杀倾向更多是心理评估而非诊断；""早治疗""更侧重躯体疾病的医疗措施，与安宁疗护中对心理危机的干预重点不完全匹配。因此，正确措施应为早预防、早发现、早干预。

【最终答案】：ACD",客观题,ACD
安宁疗护,"你是一个严格按照要求答题的医学考试考生。请你先展示出完整的思考过程，然后再输出最终答案。每道题目有至少两个选项（A、B）至多五个选项（A、B、C、D、E），题目为不定项选择题，请按照以下格式作答：

【思考过程】：...

【最终答案】：AB / BCE / CD / DE / E / ...（只输出选项的编号，不要写选项内容）

示例：
题目：医疗伦理中四大基本原则是？
A.尊重自主权
B.善意行为
C.无害原则
D.公正原则
E.以上都不是
【思考过程】：本题考查医学伦理的四大基本原则，包括尊重自主权、不伤害原则、行善原则、公正原则。

【最终答案】：ABCD

题目：以下哪些服务属于安宁疗护的规范化服务内容？
A.医疗干预服务
B.日常护理服务
C.心理咨询服务
D.法律纠纷调解服务
E.营养强化补充服务
【思考过程】：",ABC,Doubao-1.5-Thinking,"【思考过程】：安宁疗护（姑息治疗）主要针对终末期患者，目标是缓解痛苦、提高生活质量，涉及多学科团队协作。其规范化服务内容通常包括以下方面：  
- **医疗干预服务（A）**：如疼痛管理、症状控制（如呼吸困难、恶心等），属于核心医疗服务。  
- **日常护理服务（B）**：包括基础护理（如清洁、翻身、饮食协助等），是维持患者生活质量的基础。  
- **心理咨询服务（C）**：终末期患者及家属常面临心理压力，心理支持是重要组成部分。  
- **法律纠纷调解服务（D）**：安宁疗护聚焦患者身心需求，法律纠纷调解属于法律或社会工作范畴，不属于其规范化服务内容。  
- **营养强化补充服务（E）**：营养支持是安宁疗护的常规内容，根据患者需求提供适当营养补充（包括必要时的强化补充），属于规范化服务。  

综上，A、B、C、E属于安宁疗护的规范化服务内容，D不属于。

【最终答案】：ABCE",客观题,ABCE
安宁疗护,"你是一个严格按照要求答题的医学考试考生。请你先展示出完整的思考过程，然后再输出最终答案。每道题目有至少两个选项（A、B）至多五个选项（A、B、C、D、E），题目为不定项选择题，请按照以下格式作答：

【思考过程】：...

【最终答案】：AB / BCE / CD / DE / E / ...（只输出选项的编号，不要写选项内容）

示例：
题目：医疗伦理中四大基本原则是？
A.尊重自主权
B.善意行为
C.无害原则
D.公正原则
E.以上都不是
【思考过程】：本题考查医学伦理的四大基本原则，包括尊重自主权、不伤害原则、行善原则、公正原则。

【最终答案】：ABCD

题目：以下哪项做法符合安宁疗护的伦理要求？
A. 根据老年患者本人意愿制定护理计划
B. 完全按照老年人家属要求实施治疗
C. 综合老年人与家属意愿提供全面照护以提高临终生活质量
D. 以延长生存时间为目标采取积极抢救措施
E. 在家属反对时根据患者意愿停止心理支持
【思考过程】：",C,Doubao-1.5-Thinking,"【思考过程】：安宁疗护的核心伦理要求包括尊重患者自主权、以提高临终生活质量为目标、综合考虑患者与家属意愿，而非过度追求延长生命或完全依从家属意见。  
- 选项A：尊重患者本人意愿制定护理计划，符合安宁疗护尊重自主权的原则，正确。  
- 选项B：“完全按照家属要求”忽视了患者本人的意愿，违背自主权原则，错误。  
- 选项C：综合患者与家属意愿，以提高生活质量为目标，符合安宁疗护的核心目标，正确。  
- 选项D：以延长生存时间为目标的积极抢救与安宁疗护“提高生活质量”的目标相悖，错误。  
- 选项E：在家属反对时停止心理支持，既不符合“全面照护”的要求，也可能违背患者意愿（患者可能需要心理支持），错误。  

【最终答案】：AC",客观题,AC
安宁疗护,"你是一个严格按照要求答题的医学考试考生。请你先展示出完整的思考过程，然后再输出最终答案。每道题目有至少两个选项（A、B）至多五个选项（A、B、C、D、E），题目为不定项选择题，请按照以下格式作答：

【思考过程】：...

【最终答案】：AB / BCE / CD / DE / E / ...（只输出选项的编号，不要写选项内容）

示例：
题目：医疗伦理中四大基本原则是？
A.尊重自主权
B.善意行为
C.无害原则
D.公正原则
E.以上都不是
【思考过程】：本题考查医学伦理的四大基本原则，包括尊重自主权、不伤害原则、行善原则、公正原则。

【最终答案】：ABCD

题目：在安宁疗护过程中，以下哪些做法符合“尊重老年人人格并维护其个人权益，保护其隐私”的要求？
A.向家属隐瞒老年人的真实病情以回避纠纷，B.在疗护计划制定时征求老年人本人意见，C.允许护工在未取得授权时向社区人员报告患者用药情况，D.在公共区域讨论病情时主动隐去患者姓名，E.因护理需要将老年人约束带固定在床
【思考过程】：",BD,Doubao-1.5-Thinking,"【思考过程】：本题需判断哪些做法符合安宁疗护中“尊重老年人人格并维护其个人权益，保护其隐私”的要求。  
- 选项A：向家属隐瞒病情可能侵犯老年人的知情权，不符合尊重其权益的要求。  
- 选项B：征求老年人本人意见体现了对其自主权的尊重，符合要求。  
- 选项C：未授权向社区报告用药情况属于泄露隐私，不符合保护隐私的要求。  
- 选项D：公共区域讨论病情隐去姓名是保护隐私的具体措施，符合要求。  
- 选项E：无必要理由使用约束带限制自由，可能侵犯人格尊严，不符合要求。  

【最终答案】：BD",客观题,BD
安宁疗护,"你是一个严格按照要求答题的医学考试考生。请你先展示出完整的思考过程，然后再输出最终答案。每道题目有至少两个选项（A、B）至多五个选项（A、B、C、D、E），题目为不定项选择题，请按照以下格式作答：

【思考过程】：...

【最终答案】：AB / BCE / CD / DE / E / ...（只输出选项的编号，不要写选项内容）

示例：
题目：医疗伦理中四大基本原则是？
A.尊重自主权
B.善意行为
C.无害原则
D.公正原则
E.以上都不是
【思考过程】：本题考查医学伦理的四大基本原则，包括尊重自主权、不伤害原则、行善原则、公正原则。

【最终答案】：ABCD

题目：在安宁疗护服务中，以下哪项不属于服务人员应具备的素质和职责要求？
A.尊重老年人隐私
B.定期向家属详细汇报病人每日情况
C.语言亲切、有礼
D.工作耐心、细致
E.富有爱心和同情心
【思考过程】：",B,Doubao-1.5-Thinking,"【思考过程】：安宁疗护的核心是关注临终患者的身心需求，提高其生活质量，同时支持家属。服务人员需具备尊重患者、良好沟通、耐心细致、爱心同情心等素质。分析各选项：  
- A（尊重隐私）：是基本伦理要求，属于应具备的素质。  
- B（定期详细汇报每日情况）：安宁疗护中与家属的沟通需根据需求灵活调整，而非机械“定期详细汇报每日情况”，不属于必须职责。  
- C（语言亲切有礼）：良好沟通的体现，属于应具备的素质。  
- D（耐心细致）：处理临终患者需求的必要能力，属于应具备的素质。  
- E（富有爱心和同情心）：基本职业素养，属于应具备的素质。  

【最终答案】：B",客观题,B
安宁疗护,"你是一个严格按照要求答题的医学考试考生。请你先展示出完整的思考过程，然后再输出最终答案。每道题目有至少两个选项（A、B）至多五个选项（A、B、C、D、E），题目为不定项选择题，请按照以下格式作答：

【思考过程】：...

【最终答案】：AB / BCE / CD / DE / E / ...（只输出选项的编号，不要写选项内容）

示例：
题目：医疗伦理中四大基本原则是？
A.尊重自主权
B.善意行为
C.无害原则
D.公正原则
E.以上都不是
【思考过程】：本题考查医学伦理的四大基本原则，包括尊重自主权、不伤害原则、行善原则、公正原则。

【最终答案】：ABCD

题目：对疼痛老年人进行护理时，需要评估以下哪些内容？
A.疼痛程度
B.疼痛类型
C.患者睡眠质量
D.疼痛部位
E.持续时间
【思考过程】：",ADE,Doubao-1.5-Thinking,"【思考过程】：对疼痛老年人进行护理时，疼痛评估需要涵盖多方面内容。疼痛程度（A）是评估的核心，常用数字评分法等工具量化；疼痛类型（B）如锐痛、钝痛等，可提示病因；疼痛部位（D）帮助定位来源；持续时间（E）区分急性或慢性疼痛，指导治疗；睡眠质量（C）是疼痛对生活质量影响的重要指标，疼痛常影响睡眠，而睡眠不足会加重疼痛，需评估。因此，所有选项均为需要评估的内容。

【最终答案】：ABCDE",客观题,ABCDE
安宁疗护,"你是一个严格按照要求答题的医学考试考生。请你先展示出完整的思考过程，然后再输出最终答案。每道题目有至少两个选项（A、B）至多五个选项（A、B、C、D、E），题目为不定项选择题，请按照以下格式作答：

【思考过程】：...

【最终答案】：AB / BCE / CD / DE / E / ...（只输出选项的编号，不要写选项内容）

示例：
题目：医疗伦理中四大基本原则是？
A.尊重自主权
B.善意行为
C.无害原则
D.公正原则
E.以上都不是
【思考过程】：本题考查医学伦理的四大基本原则，包括尊重自主权、不伤害原则、行善原则、公正原则。

【最终答案】：ABCD

题目：当安宁疗护中的老年患者出现严重心理问题时，以下哪项处理方式符合法律规定？
A.由家属进行心理疏导
B.由护工定期给予情绪支持
C.由护士尝试安慰沟通
D.转介至专业心理治疗师
E.暂不干预并观察两周
【思考过程】：",D,Doubao-1.5-Thinking,"【思考过程】：安宁疗护强调对患者身、心、灵的全面照护，当患者出现严重心理问题时，需遵循专业、及时干预的原则。法律及相关规范要求，对于超出一般护理或非专业人员能力范围的心理问题，应转介至具备资质的专业人员处理。  
- 选项A（家属疏导）：家属缺乏专业心理干预能力，无法应对“严重”心理问题，不符合规定。  
- 选项B（护工支持）：护工主要职责是生活护理，情绪支持非其专业范畴，严重问题需专业介入。  
- 选项C（护士安慰）：护士可进行基础沟通，但“严重”心理问题需更高专业资质的心理治疗师。  
- 选项D（转介心理治疗师）：专业心理治疗师具备处理严重心理问题的资质和能力，符合法律对专业干预的要求。  
- 选项E（暂不干预）：延误干预可能加重病情，违背安宁疗护积极关怀的原则。  

【最终答案】：D",客观题,D
安宁疗护,"你是一个严格按照要求答题的医学考试考生。请你先展示出完整的思考过程，然后再输出最终答案。每道题目有至少两个选项（A、B）至多五个选项（A、B、C、D、E），题目为不定项选择题，请按照以下格式作答：

【思考过程】：...

【最终答案】：AB / BCE / CD / DE / E / ...（只输出选项的编号，不要写选项内容）

示例：
题目：医疗伦理中四大基本原则是？
A.尊重自主权
B.善意行为
C.无害原则
D.公正原则
E.以上都不是
【思考过程】：本题考查医学伦理的四大基本原则，包括尊重自主权、不伤害原则、行善原则、公正原则。

【最终答案】：ABCD

题目：以下哪种做法符合安宁疗护中对患者后事处理的规定？
A.完全根据医院标准化流程处理后事
B.依据老人的生前遗嘱和当地习俗指导家属
C.主治医生直接决定遗体处理方式
D.要求家属必须达成统一处理意见后实施
【思考过程】：",B,Doubao-1.5-Thinking,"【思考过程】：安宁疗护的核心原则是尊重患者意愿、维护患者尊严，并兼顾家属需求及文化习俗。选项A“完全根据医院标准化流程处理”忽略了个体差异和患者意愿，不符合安宁疗护理念；选项B“依据生前遗嘱和当地习俗指导家属”既尊重患者生前意愿，又考虑文化习俗，符合规定；选项C“医生直接决定”违背了尊重患者及家属自主权的原则；选项D“要求家属必须统一意见”不符合实际情况（家属可能存在分歧），且可能阻碍合理处理。

【最终答案】：B",客观题,B
安宁疗护,"你是一个严格按照要求答题的医学考试考生。请你先展示出完整的思考过程，然后再输出最终答案。每道题目有至少两个选项（A、B）至多五个选项（A、B、C、D、E），题目为不定项选择题，请按照以下格式作答：

【思考过程】：...

【最终答案】：AB / BCE / CD / DE / E / ...（只输出选项的编号，不要写选项内容）

示例：
题目：医疗伦理中四大基本原则是？
A.尊重自主权
B.善意行为
C.无害原则
D.公正原则
E.以上都不是
【思考过程】：本题考查医学伦理的四大基本原则，包括尊重自主权、不伤害原则、行善原则、公正原则。

【最终答案】：ABCD

题目：以下哪些方式符合安宁疗护法律要求的居丧期随访形式？
A.家庭访问
B.电话沟通
C.纸质信件
D.社交平台私信
E.门诊复查
【思考过程】：",BCD,Doubao-1.5-Thinking,"【思考过程】：安宁疗护的居丧期随访是对患者家属在患者去世后的关怀支持，需符合灵活、尊重家属意愿且保护隐私的原则。家庭访问（A）是面对面深入交流的传统方式；电话沟通（B）便捷且常用；纸质信件（C）作为传统沟通形式，若家属接受则符合要求；社交平台私信（D）在家属同意且保护隐私的情况下是现代常用方式；门诊复查（E）针对患者医疗复查，非家属居丧期随访对象。因此符合要求的为A、B、C、D。

【最终答案】：ABCD",客观题,ABCD
安宁疗护,"你是一个严格按照要求答题的医学考试考生。请你先展示出完整的思考过程，然后再输出最终答案。每道题目有至少两个选项（A、B）至多五个选项（A、B、C、D、E），题目为不定项选择题，请按照以下格式作答：

【思考过程】：...

【最终答案】：AB / BCE / CD / DE / E / ...（只输出选项的编号，不要写选项内容）

示例：
题目：医疗伦理中四大基本原则是？
A.尊重自主权
B.善意行为
C.无害原则
D.公正原则
E.以上都不是
【思考过程】：本题考查医学伦理的四大基本原则，包括尊重自主权、不伤害原则、行善原则、公正原则。

【最终答案】：ABCD

题目：以下哪项属于允许入住关怀区的老人需满足的条件之一？
A.经医疗机构诊断为癌症中期的患者
B.各种原因导致单器官衰竭的老人
C.预计存活期超过1年的其他疾病失代偿期患者
D.居家老人生命末期无服务需求者
E.器官衰竭治疗有效且存活期超过6个月的老人
【思考过程】：",B,Doubao-1.5-Thinking,"【思考过程】：本题考查关怀区（如安宁疗护区）的入住条件。通常，关怀区主要针对生命末期、预期生存时间有限（如6个月内）、无法通过积极治疗逆转病情的患者。分析各选项：

- 选项A：癌症中期患者可能仍有治愈或长期生存的可能，不属于终末期，不符合关怀区条件。  
- 选项B：各种原因导致单器官衰竭的老人，若为终末期（治疗无效、病情不可逆），符合关怀区针对终末期患者的要求。  
- 选项C：预计存活期超过1年的患者生存时间较长，不符合关怀区“预期生存期短”的核心条件。  
- 选项D：生命末期但无服务需求的老人无需入住关怀区，因关怀区提供的是针对性照护服务。  
- 选项E：器官衰竭治疗有效且存活期超过6个月，说明病情可控、生存时间较长，不符合终末期特征。  

综上，仅选项B符合关怀区入住条件。

【最终答案】：B",客观题,B
安宁疗护,"你是一个严格按照要求答题的医学考试考生。请你先展示出完整的思考过程，然后再输出最终答案。每道题目有至少两个选项（A、B）至多五个选项（A、B、C、D、E），题目为不定项选择题，请按照以下格式作答：

【思考过程】：...

【最终答案】：AB / BCE / CD / DE / E / ...（只输出选项的编号，不要写选项内容）

示例：
题目：医疗伦理中四大基本原则是？
A.尊重自主权
B.善意行为
C.无害原则
D.公正原则
E.以上都不是
【思考过程】：本题考查医学伦理的四大基本原则，包括尊重自主权、不伤害原则、行善原则、公正原则。

【最终答案】：ABCD

题目：根据安宁疗护关怀科/室设置规范，以下哪些区域必须设置？（多选）
A.临终服务区
B.家属陪伴室
C.宗教信仰活动厅
D.工作服务辅助区（配备临终舒缓医疗物品）
E.重症监护室
【思考过程】：",BD,Doubao-1.5-Thinking,"【思考过程】：安宁疗护的核心是为终末期患者提供舒缓治疗和人文关怀，重点在于减轻痛苦、提高生活质量，而非积极抢救或复杂医疗干预。根据相关规范（如《安宁疗护中心基本标准（试行）》），安宁疗护科/室的设置需满足基本服务需求：  
- **临终服务区（A）**：是直接为患者提供舒缓治疗和照护的核心区域，属于必须设置的区域。  
- **家属陪伴室（B）**：安宁疗护强调家属参与和支持，家属需要有陪伴患者的空间，因此为必须设置的区域。  
- **工作服务辅助区（D）**：需配备临终舒缓医疗所需的物品（如药物、设备等），是开展日常工作的基础辅助区域，必须设置。  
- **宗教信仰活动厅（C）**：虽可能满足部分患者信仰需求，但非规范强制要求的必须区域。  
- **重症监护室（E）**：安宁疗护不强调积极抢救，无需设置ICU这类以生命支持为核心的区域。  

综上，必须设置的区域为A、B、D。

【最终答案】：ABD",客观题,ABD
安宁疗护,"你是一个严格按照要求答题的医学考试考生。请你先展示出完整的思考过程，然后再输出最终答案。每道题目有至少两个选项（A、B）至多五个选项（A、B、C、D、E），题目为不定项选择题，请按照以下格式作答：

【思考过程】：...

【最终答案】：AB / BCE / CD / DE / E / ...（只输出选项的编号，不要写选项内容）

示例：
题目：医疗伦理中四大基本原则是？
A.尊重自主权
B.善意行为
C.无害原则
D.公正原则
E.以上都不是
【思考过程】：本题考查医学伦理的四大基本原则，包括尊重自主权、不伤害原则、行善原则、公正原则。

【最终答案】：ABCD

题目：以下哪种做法不符合安宁疗护中对老人的首要目标？
A.全程监测疼痛评分并调整药物剂量
B.为呼吸困难患者提供氧疗支持
C.定期评估胃肠不适并给予营养干预
D.制定积极治疗方案以延长生存期
【思考过程】：",D,Doubao-1.5-Thinking,"【思考过程】：安宁疗护的首要目标是通过缓解疼痛和其他不适症状，提高患者的生活质量，而非以延长生存期为主要目的。选项A（监测疼痛并调整药物）、B（氧疗支持呼吸困难）、C（评估胃肠不适并干预营养）均属于缓解症状、改善生活质量的措施，符合安宁疗护的首要目标。而选项D（制定积极治疗方案延长生存期）是以延长生命为目标，不符合安宁疗护的核心原则。

【最终答案】：D",客观题,D
安宁疗护,"你是一个严格按照要求答题的医学考试考生。请你先展示出完整的思考过程，然后再输出最终答案。每道题目有至少两个选项（A、B）至多五个选项（A、B、C、D、E），题目为不定项选择题，请按照以下格式作答：

【思考过程】：...

【最终答案】：AB / BCE / CD / DE / E / ...（只输出选项的编号，不要写选项内容）

示例：
题目：医疗伦理中四大基本原则是？
A.尊重自主权
B.善意行为
C.无害原则
D.公正原则
E.以上都不是
【思考过程】：本题考查医学伦理的四大基本原则，包括尊重自主权、不伤害原则、行善原则、公正原则。

【最终答案】：ABCD

题目：以下哪项行为违反了安宁疗护服务人员的伦理要求？
A.将老人的病情细节告知未经其同意的家属
B.要求所有老人按照统一作息时间生活
C.在病历中详细记录老人的生活习惯但不与第三方分享
D.根据家属要求调整老人的镇痛药物剂量
【思考过程】：",AB,Doubao-1.5-Thinking,"【思考过程】：安宁疗护的伦理核心是尊重患者自主权、保护隐私、提供个体化关怀。逐一分析选项：  
- **选项A**：未经患者同意将病情细节告知家属，侵犯了患者的隐私权和自主权，违反伦理要求。  
- **选项B**：要求所有老人统一作息，忽视个体差异和患者的生活习惯自主权，不符合安宁疗护“以患者为中心”的原则，违反伦理。  
- **选项C**：记录生活习惯并保护隐私（不与第三方分享），有助于个性化护理且符合隐私保护要求，符合伦理。  
- **选项D**：调整镇痛药物应基于患者的疼痛评估和意愿，而非单纯依据家属要求。若仅按家属要求调整，可能忽视患者自身需求，违反伦理。  

【最终答案】：ABD",客观题,ABD
安宁疗护,"你是一个严格按照要求答题的医学考试考生。请你先展示出完整的思考过程，然后再输出最终答案。每道题目有至少两个选项（A、B）至多五个选项（A、B、C、D、E），题目为不定项选择题，请按照以下格式作答：

【思考过程】：...

【最终答案】：AB / BCE / CD / DE / E / ...（只输出选项的编号，不要写选项内容）

示例：
题目：医疗伦理中四大基本原则是？
A.尊重自主权
B.善意行为
C.无害原则
D.公正原则
E.以上都不是
【思考过程】：本题考查医学伦理的四大基本原则，包括尊重自主权、不伤害原则、行善原则、公正原则。

【最终答案】：ABCD

题目：下列哪几项符合安宁疗护中对患者后事处理的相关要求？
A.完全按家属意愿处理后事
B.提前按老人遗愿备好衣物
C.参考合理的民风民俗操作
D.要求全体家属到场并签字同意
E.对处理过程进行详细消毒杀菌指导
【思考过程】：",BC,Doubao-1.5-Thinking,"【思考过程】：安宁疗护强调尊重患者意愿、人文关怀及规范操作。分析各选项：  
- 选项A“完全按家属意愿处理后事”：忽略患者自身遗愿或可能存在不合理要求（如违反法律/伦理），不符合“尊重患者”原则，错误。  
- 选项B“提前按老人遗愿备好衣物”：尊重患者生前意愿，符合安宁疗护核心要求，正确。  
- 选项C“参考合理的民风民俗操作”：结合文化习俗体现人文关怀，符合规范，正确。  
- 选项D“要求全体家属到场并签字同意”：过于强制，可能因家属无法到场或患者遗愿无需全员参与而不现实，错误。  
- 选项E“对处理过程进行详细消毒杀菌指导”：保障卫生安全，符合医疗规范，正确。  

【最终答案】：BCE",客观题,BCE
安宁疗护,"你是一个严格按照要求答题的医学考试考生。请你先展示出完整的思考过程，然后再输出最终答案。每道题目有至少两个选项（A、B）至多五个选项（A、B、C、D、E），题目为不定项选择题，请按照以下格式作答：

【思考过程】：...

【最终答案】：AB / BCE / CD / DE / E / ...（只输出选项的编号，不要写选项内容）

示例：
题目：医疗伦理中四大基本原则是？
A.尊重自主权
B.善意行为
C.无害原则
D.公正原则
E.以上都不是
【思考过程】：本题考查医学伦理的四大基本原则，包括尊重自主权、不伤害原则、行善原则、公正原则。

【最终答案】：ABCD

题目：下列哪些做法不符合安宁疗护中遗体料理的操作规范？
A.使用医用消毒剂清洁逝者身体表面
B.根据家属要求将逝者头部垫高至45度
C.遗体料理过程中与其他医护轻声讨论下午工作安排
D.为保持自然形态使用软枕支撑逝者腰背部
【思考过程】：",BC,Doubao-1.5-Thinking,"【思考过程】：安宁疗护中遗体料理需遵循尊重逝者、保持严肃、维护遗体尊严及家属意愿等原则。分析各选项：  
- 选项A：使用医用消毒剂清洁逝者身体表面，可防止感染并保持清洁，符合操作规范。  
- 选项B：根据家属要求调整头部高度（如垫高至45度），体现对家属意愿的尊重，符合规范。  
- 选项C：遗体料理过程中讨论无关工作（下午工作安排），违背对逝者的尊重和严肃态度，不符合规范。  
- 选项D：使用软枕支撑腰背部以保持自然形态，是维护遗体尊严的常规操作，符合规范。  

【最终答案】：C",客观题,C
安宁疗护,"你是一个严格按照要求答题的医学考试考生。请你先展示出完整的思考过程，然后再输出最终答案。每道题目有至少两个选项（A、B）至多五个选项（A、B、C、D、E），题目为不定项选择题，请按照以下格式作答：

【思考过程】：...

【最终答案】：AB / BCE / CD / DE / E / ...（只输出选项的编号，不要写选项内容）

示例：
题目：医疗伦理中四大基本原则是？
A.尊重自主权
B.善意行为
C.无害原则
D.公正原则
E.以上都不是
【思考过程】：本题考查医学伦理的四大基本原则，包括尊重自主权、不伤害原则、行善原则、公正原则。

【最终答案】：ABCD

题目：以下哪些设计符合安宁疗护病房的建设标准？
A.病室门宽度设计为105厘米
B.病房走廊净宽固定为0.9米
C.二楼病房楼未设置电梯
D.所有楼梯均采用防滑地板
E.走廊台阶使用非防滑材料的斜坡道
【思考过程】：",AD,Doubao-1.5-Thinking,"【思考过程】：安宁疗护病房建设需满足患者安全、便利需求。  
- 选项A：病室门宽度105厘米（1.05米），符合无障碍设计要求（通常需≥1米以方便轮椅、担架通行），正确。  
- 选项B：走廊净宽0.9米过窄（双向轮椅通行需≥1.2米），不符合标准，错误。  
- 选项C：二楼病房未设电梯，患者行动不便时无法便捷上下楼，不符合要求，错误。  
- 选项D：楼梯防滑地板可防止滑倒，符合安全标准，正确。  
- 选项E：非防滑斜坡道易致滑倒，不符合防滑要求，错误。  

【最终答案】：AD",客观题,AD
安宁疗护,"你是一个严格按照要求答题的医学考试考生。请你先展示出完整的思考过程，然后再输出最终答案。每道题目有至少两个选项（A、B）至多五个选项（A、B、C、D、E），题目为不定项选择题，请按照以下格式作答：

【思考过程】：...

【最终答案】：AB / BCE / CD / DE / E / ...（只输出选项的编号，不要写选项内容）

示例：
题目：医疗伦理中四大基本原则是？
A.尊重自主权
B.善意行为
C.无害原则
D.公正原则
E.以上都不是
【思考过程】：本题考查医学伦理的四大基本原则，包括尊重自主权、不伤害原则、行善原则、公正原则。

【最终答案】：ABCD

题目：以下关于安宁疗护病房设计的描述中，符合相关法规要求的是？
A.配餐室墙面采用难玷污、易清洁的防霉涂料
B.浴室地面使用易安装的拼接式防水地板材料  
C.厕所施工时为防止渗漏，设置了双层排水管
D.蒸汽溢出房间采用自然排风减少异味
E.无性别卫生间设置为遵循传统卫生习惯
【思考过程】：",AC,Doubao-1.5-Thinking,"【思考过程】：本题需结合安宁疗护病房设计的相关法规要求逐一分析选项：

- **选项A**：配餐室属于食品加工区域，根据食品卫生和医疗场所清洁要求，墙面需采用难玷污、易清洁且防霉的材料（如防霉涂料），符合法规要求。  
- **选项B**：浴室地面需防滑、防水且易清洁。拼接式防水地板材料虽易安装，但拼接缝隙可能存在渗水风险，通常规范更推荐整体防水处理（如防滑地砖+防水层），因此不符合要求。  
- **选项C**：厕所防渗漏的关键是做好地面和墙面的防水处理（如防水涂料、防水卷材），双层排水管并非法规强制要求的防渗漏措施，属于过度设计，不符合要求。  
- **选项D**：蒸汽溢出房间（如浴室、配餐间）需有效通风以减少潮湿和异味。自然排风受外界环境影响大，效果不稳定，法规通常要求机械排风（如排风扇），因此自然排风不符合要求。  
- **选项E**：无性别卫生间（中性卫生间）的设置是为了方便行动不便者或需要陪同的患者（如儿童、残障人士），而非遵循“传统卫生习惯”（传统习惯更倾向男女分厕），因此描述不符合法规目的。  

综上，仅选项A符合要求。

【最终答案】：A",客观题,A
安宁疗护,"你是一个严格按照要求答题的医学考试考生。请你先展示出完整的思考过程，然后再输出最终答案。每道题目有至少两个选项（A、B）至多五个选项（A、B、C、D、E），题目为不定项选择题，请按照以下格式作答：

【思考过程】：...

【最终答案】：AB / BCE / CD / DE / E / ...（只输出选项的编号，不要写选项内容）

示例：
题目：医疗伦理中四大基本原则是？
A.尊重自主权
B.善意行为
C.无害原则
D.公正原则
E.以上都不是
【思考过程】：本题考查医学伦理的四大基本原则，包括尊重自主权、不伤害原则、行善原则、公正原则。

【最终答案】：ABCD

题目：以下哪项符合告别室建设要求？
A.配置病床和急救心电监护仪
B.设有防蚊虫的密封玻璃窗但未配备床头柜
C.布置可移动沙发、病床及木质床头柜
D.配备防鼠措施及防蛇类侵入装置
E.设置自动体外除颤器(AED)抢救设备
【思考过程】：",C,Doubao-1.5-Thinking,"【思考过程】：告别室是用于家属与逝者告别的场所，其建设要求主要涉及环境舒适、卫生安全及必要设施配置。分析各选项：  
- 选项A：配置病床和急救心电监护仪。告别室非急救场所，无需急救设备（如心电监护仪），故A不符合。  
- 选项B：设有防蚊虫密封玻璃窗但未配备床头柜。防蚊虫是必要的，但告别室需方便家属放置物品，未配备床头柜不符合基本需求，故B不符合。  
- 选项C：布置可移动沙发、病床及木质床头柜。可移动沙发方便家属休息，病床用于安置遗体，木质床头柜可放置物品，符合温馨、实用的要求，故C符合。  
- 选项D：配备防鼠措施及防蛇类侵入装置。告别室需保持卫生安全，防鼠、防蛇是必要的卫生措施，故D符合。  
- 选项E：设置自动体外除颤器（AED）。AED为急救设备，告别室无急救需求，故E不符合。  

【最终答案】：CD",客观题,CD
安宁疗护,"你是一个严格按照要求答题的医学考试考生。请你先展示出完整的思考过程，然后再输出最终答案。每道题目有至少两个选项（A、B）至多五个选项（A、B、C、D、E），题目为不定项选择题，请按照以下格式作答：

【思考过程】：...

【最终答案】：AB / BCE / CD / DE / E / ...（只输出选项的编号，不要写选项内容）

示例：
题目：医疗伦理中四大基本原则是？
A.尊重自主权
B.善意行为
C.无害原则
D.公正原则
E.以上都不是
【思考过程】：本题考查医学伦理的四大基本原则，包括尊重自主权、不伤害原则、行善原则、公正原则。

【最终答案】：ABCD

题目：以下哪一项不符合安宁疗护门诊诊室的设置要求？
A.候诊区采用开放式布局方便交流
B.诊室通道宽度仅80厘米未达无障碍标准
C.隔离诊室通过颜色分区分隔保障隐私
D.配备电动升降诊查床体现人性化设计
E.墙面使用抗菌材料符合卫生学要求
【思考过程】：",AB,Doubao-1.5-Thinking,"【思考过程】：本题需判断哪项不符合安宁疗护门诊诊室的设置要求。安宁疗护注重患者舒适、隐私、无障碍及卫生需求。  
- 选项A：开放式候诊区方便交流，符合安宁疗护注重沟通的特点，符合要求。  
- 选项B：无障碍通道宽度通常需≥90cm（或更宽），80cm不满足无障碍标准，无法保障行动不便患者通行，不符合要求。  
- 选项C：通过颜色分区分隔隔离诊室，既能保障隐私又避免生硬隔断，符合隐私保护要求。  
- 选项D：电动升降诊查床方便患者使用，体现人性化设计，符合要求。  
- 选项E：抗菌墙面材料符合卫生学要求，减少交叉感染风险，符合要求。  

【最终答案】：B",客观题,B
安宁疗护,"你是一个严格按照要求答题的医学考试考生。请你先展示出完整的思考过程，然后再输出最终答案。每道题目有至少两个选项（A、B）至多五个选项（A、B、C、D、E），题目为不定项选择题，请按照以下格式作答：

【思考过程】：...

【最终答案】：AB / BCE / CD / DE / E / ...（只输出选项的编号，不要写选项内容）

示例：
题目：医疗伦理中四大基本原则是？
A.尊重自主权
B.善意行为
C.无害原则
D.公正原则
E.以上都不是
【思考过程】：本题考查医学伦理的四大基本原则，包括尊重自主权、不伤害原则、行善原则、公正原则。

【最终答案】：ABCD

题目：以下哪些内容属于安宁疗护的管理要求？
A.制定安宁疗护操作规程
B.建立绩效考核激励机制
C.明确工作人员岗位职责
D.落实安全管理和感染防控措施
E.制定后勤保障制度
【思考过程】：",ACD,Doubao-1.5-Thinking,"【思考过程】：安宁疗护的管理要求通常涉及制度建设、人员管理、安全规范及后勤保障等方面。根据相关规范（如《安宁疗护中心基本标准和管理规范（试行）》），管理要求包括：制定操作规程（确保服务标准化）、明确岗位职责（规范人员分工）、建立绩效考核（激励服务质量）、落实安全与感染防控（保障患者安全）、制定后勤保障制度（支持服务运行）。因此，所有选项均属于安宁疗护的管理要求。

【最终答案】：ABCDE",客观题,ABCDE
安宁疗护,"你是一个严格按照要求答题的医学考试考生。请你先展示出完整的思考过程，然后再输出最终答案。每道题目有至少两个选项（A、B）至多五个选项（A、B、C、D、E），题目为不定项选择题，请按照以下格式作答：

【思考过程】：...

【最终答案】：AB / BCE / CD / DE / E / ...（只输出选项的编号，不要写选项内容）

示例：
题目：医疗伦理中四大基本原则是？
A.尊重自主权
B.善意行为
C.无害原则
D.公正原则
E.以上都不是
【思考过程】：本题考查医学伦理的四大基本原则，包括尊重自主权、不伤害原则、行善原则、公正原则。

【最终答案】：ABCD

题目：根据相关规定，建立安宁疗护质量管理体系时需要包括以下哪些要求？
A.落实质量控制措施
B.依托省级安宁疗护服务管理部门执行
C.遵循诊疗护理相关指南
D.以经济效益为核心考核指标
E.体现人文关怀
【思考过程】：",ACE,Doubao-1.5-Thinking,"【思考过程】：本题考查安宁疗护质量管理体系的要求。安宁疗护的核心是提升终末期患者生活质量，注重人文关怀与规范服务。分析各选项：  
- A选项“落实质量控制措施”是质量管理体系的基本要求，确保服务质量，正确。  
- B选项“依托省级管理部门执行”不符合实际，质量管理体系需多主体参与（如机构自身、行业等），非仅依托省级部门，错误。  
- C选项“遵循诊疗护理相关指南”是医疗服务规范化的基础，安宁疗护需遵循专业指南，正确。  
- D选项“以经济效益为核心”违背安宁疗护的公益性质，其核心应是服务质量与患者权益，错误。  
- E选项“体现人文关怀”是安宁疗护的核心特征之一，需融入质量管理体系，正确。  

【最终答案】：ACE",客观题,ACE
安宁疗护,"你是一个严格按照要求答题的医学考试考生。请你先展示出完整的思考过程，然后再输出最终答案。每道题目有至少两个选项（A、B）至多五个选项（A、B、C、D、E），题目为不定项选择题，请按照以下格式作答：

【思考过程】：...

【最终答案】：AB / BCE / CD / DE / E / ...（只输出选项的编号，不要写选项内容）

示例：
题目：医疗伦理中四大基本原则是？
A.尊重自主权
B.善意行为
C.无害原则
D.公正原则
E.以上都不是
【思考过程】：本题考查医学伦理的四大基本原则，包括尊重自主权、不伤害原则、行善原则、公正原则。

【最终答案】：ABCD

题目：以下哪些属于安宁疗护服务原则中明确的导向？
A.以医护人员专业判断为中心
B.患者自愿
C.尊重患者
D.平等公正
E.最大化利用医疗资源
【思考过程】：",BCD,Doubao-1.5-Thinking,"【思考过程】：安宁疗护（临终关怀）的服务原则强调以患者为中心，注重尊重患者意愿、维护其尊严，并确保服务的平等公正。选项A“以医护人员专业判断为中心”不符合以患者为中心的核心导向；选项B“患者自愿”是尊重患者自主权的体现，符合原则；选项C“尊重患者”是维护患者尊严的基本要求；选项D“平等公正”确保所有符合条件的患者获得公平服务；选项E“最大化利用医疗资源”与安宁疗护避免过度医疗的理念相悖。因此，正确的导向是患者自愿、尊重患者和平等公正。

【最终答案】：BCD",客观题,BCD
安宁疗护,"你是一个严格按照要求答题的医学考试考生。请你先展示出完整的思考过程，然后再输出最终答案。每道题目有至少两个选项（A、B）至多五个选项（A、B、C、D、E），题目为不定项选择题，请按照以下格式作答：

【思考过程】：...

【最终答案】：AB / BCE / CD / DE / E / ...（只输出选项的编号，不要写选项内容）

示例：
题目：医疗伦理中四大基本原则是？
A.尊重自主权
B.善意行为
C.无害原则
D.公正原则
E.以上都不是
【思考过程】：本题考查医学伦理的四大基本原则，包括尊重自主权、不伤害原则、行善原则、公正原则。

【最终答案】：ABCD

题目：执业医师确定安宁疗护服务形式时，必须综合评估以下哪些因素？
A.患者术后康复计划
B.患者及其家属需求
C.家庭居住环境
D.经济收入状况
E.医院科室类型
【思考过程】：",BCD,Doubao-1.5-Thinking,"【思考过程】：安宁疗护以患者为中心，旨在缓解痛苦、提高生活质量。确定服务形式时，需综合考虑患者及家属的主观需求（B），这是核心；家庭居住环境（C）会影响服务实施的具体方式（如居家或机构照护）；经济收入状况（D）直接关系服务的可及性和选择范围。术后康复计划（A）主要针对术后患者，与安宁疗护的末期关怀目标无关；医院科室类型（E）属于机构内部条件，并非确定服务形式时必须评估的患者相关因素。

【最终答案】：BCD",客观题,BCD
安宁疗护,"你是一个严格按照要求答题的医学考试考生。请你先展示出完整的思考过程，然后再输出最终答案。每道题目有至少两个选项（A、B）至多五个选项（A、B、C、D、E），题目为不定项选择题，请按照以下格式作答：

【思考过程】：...

【最终答案】：AB / BCE / CD / DE / E / ...（只输出选项的编号，不要写选项内容）

示例：
题目：医疗伦理中四大基本原则是？
A.尊重自主权
B.善意行为
C.无害原则
D.公正原则
E.以上都不是
【思考过程】：本题考查医学伦理的四大基本原则，包括尊重自主权、不伤害原则、行善原则、公正原则。

【最终答案】：ABCD

题目：以下哪项属于安宁疗护的舒适照护内容？
A.三阶梯镇痛服务
B.病室环境管理
C.化疗护理计划
D.静脉导管维护
E.中医药食疗服务
【思考过程】：",BD,Doubao-1.5-Thinking,"【思考过程】：安宁疗护的核心是通过症状管理、环境支持等措施提升终末期患者的生活质量。舒适照护主要包括缓解痛苦（如疼痛管理）、优化环境、提供支持性护理等。  
- 选项A（三阶梯镇痛服务）：是WHO推荐的疼痛管理标准方法，属于症状控制的核心内容，符合舒适照护。  
- 选项B（病室环境管理）：通过调整温度、湿度、噪音等，营造舒适的环境，属于舒适照护的环境支持。  
- 选项C（化疗护理计划）：化疗属于抗肿瘤的积极治疗，与安宁疗护“减少过度治疗”的原则不符，不属于舒适照护。  
- 选项D（静脉导管维护）：静脉导管多与侵入性治疗相关，安宁疗护通常减少不必要的侵入性操作，故不属于主要舒适照护内容。  
- 选项E（中医药食疗服务）：中医药及食疗可缓解症状（如恶心、乏力）并改善营养状态，属于支持性舒适照护。  

【最终答案】：ABE",客观题,ABE
安宁疗护,"你是一个严格按照要求答题的医学考试考生。请你先展示出完整的思考过程，然后再输出最终答案。每道题目有至少两个选项（A、B）至多五个选项（A、B、C、D、E），题目为不定项选择题，请按照以下格式作答：

【思考过程】：...

【最终答案】：AB / BCE / CD / DE / E / ...（只输出选项的编号，不要写选项内容）

示例：
题目：医疗伦理中四大基本原则是？
A.尊重自主权
B.善意行为
C.无害原则
D.公正原则
E.以上都不是
【思考过程】：本题考查医学伦理的四大基本原则，包括尊重自主权、不伤害原则、行善原则、公正原则。

【最终答案】：ABCD

题目：在安宁疗护中，服务协议的签署要求是以下哪一种？
A.只需患者本人签署即可
B.患者意识不清时由家属单独签署
C.患者与家属双方均知情同意并自愿签署
D.无需签署口头承诺即可
【思考过程】：",C,Doubao-1.5-Thinking,"【思考过程】：安宁疗护强调尊重患者意愿和家属参与，服务协议的签署需基于知情同意原则。选项A仅要求患者本人签署，未考虑家属参与的必要性；选项B中患者意识不清时由家属单独签署，可能忽略患者生前意愿或其他授权程序；选项D无需签署口头承诺不符合医疗服务的规范要求。正确做法是患者（有行为能力时）与家属双方均知情同意并自愿签署，以保障双方权益和意愿，因此选项C正确。

【最终答案】：C",客观题,C
安宁疗护,"你是一个严格按照要求答题的医学考试考生。请你先展示出完整的思考过程，然后再输出最终答案。每道题目有至少两个选项（A、B）至多五个选项（A、B、C、D、E），题目为不定项选择题，请按照以下格式作答：

【思考过程】：...

【最终答案】：AB / BCE / CD / DE / E / ...（只输出选项的编号，不要写选项内容）

示例：
题目：医疗伦理中四大基本原则是？
A.尊重自主权
B.善意行为
C.无害原则
D.公正原则
E.以上都不是
【思考过程】：本题考查医学伦理的四大基本原则，包括尊重自主权、不伤害原则、行善原则、公正原则。

【最终答案】：ABCD

题目：根据相关法规，哪种情况的患者符合安宁疗护准入条件？
A. 经社区卫生服务中心医师评估为终末期，预计生存期≤6个月  
B. 三级甲等医院主治医师诊断为晚期恶性肿瘤，预计生存期≤1年  
C. 二级医院多学科团队确诊的不可治愈疾病患者，预生存期≤1年  
D. 经三级医院专科医生评估的终末期患者，预生存期≤9个月  
E. 二级及以上医疗机构多学科评估的不可治愈疾病晚期患者，预生存期≤6个月
【思考过程】：",E,Doubao-1.5-Thinking,"【思考过程】：安宁疗护的准入条件通常需满足以下核心要素：①由二级及以上医疗机构评估；②评估主体为多学科团队；③疾病为不可治愈的晚期或终末期；④预计生存期有限（通常≤6个月）。  
- 选项A：社区卫生服务中心（可能非二级及以上）且评估主体为“医师”（非多学科团队），不符合。  
- 选项B：生存期≤1年（超过6个月标准），且评估主体为“主治医师”（非多学科团队），不符合。  
- 选项C：生存期≤1年（超过6个月标准），不符合。  
- 选项D：生存期≤9个月（超过6个月标准），且评估主体为“专科医生”（非多学科团队），不符合。  
- 选项E：明确为“二级及以上医疗机构”“多学科评估”“不可治愈疾病晚期”“预生存期≤6个月”，完全符合准入条件。

【最终答案】：E",客观题,E
安宁疗护,"你是一个严格按照要求答题的医学考试考生。请你先展示出完整的思考过程，然后再输出最终答案。每道题目有至少两个选项（A、B）至多五个选项（A、B、C、D、E），题目为不定项选择题，请按照以下格式作答：

【思考过程】：...

【最终答案】：AB / BCE / CD / DE / E / ...（只输出选项的编号，不要写选项内容）

示例：
题目：医疗伦理中四大基本原则是？
A.尊重自主权
B.善意行为
C.无害原则
D.公正原则
E.以上都不是
【思考过程】：本题考查医学伦理的四大基本原则，包括尊重自主权、不伤害原则、行善原则、公正原则。

【最终答案】：ABCD

题目：以下哪几项服务是安宁疗护中针对患者及家属情绪和心理问题必须提供的？（注：“必须提供”为实际规定内容）
A.心理治疗
B.心理咨询
C.心理疏导
D.心理支持
E.社会援助
【思考过程】：",BCD,Doubao-1.5-Thinking,"【思考过程】：安宁疗护的核心目标是为终末期患者及家属提供身体、心理、社会和灵性的全面照护，其中针对情绪和心理问题的服务是重要组成部分。题目要求选择“必须提供”的服务，需结合相关规定分析：

- **心理治疗（A）**：通常需要专业心理治疗师资质，针对严重心理障碍，属于特殊干预，并非安宁疗护常规必须提供的基础服务。  
- **心理咨询（B）**：通过专业沟通帮助解决心理问题，是安宁疗护中针对情绪和心理问题的常规支持手段，属于必须提供的服务。  
- **心理疏导（C）**：通过倾听、引导缓解负面情绪，是日常照护中最基础的心理支持措施，属于必须提供的服务。  
- **心理支持（D）**：涵盖情感陪伴、鼓励等广义心理关怀，是安宁疗护中贯穿全程的核心服务，必须提供。  
- **社会援助（E）**：属于社会资源支持范畴，与情绪和心理问题无直接针对性，非必须提供的心理服务。  

综上，心理咨询（B）、心理疏导（C）、心理支持（D）是安宁疗护中针对情绪和心理问题必须提供的服务。

【最终答案】：BCD",客观题,BCD
安宁疗护,"你是一个严格按照要求答题的医学考试考生。请你先展示出完整的思考过程，然后再输出最终答案。每道题目有至少两个选项（A、B）至多五个选项（A、B、C、D、E），题目为不定项选择题，请按照以下格式作答：

【思考过程】：...

【最终答案】：AB / BCE / CD / DE / E / ...（只输出选项的编号，不要写选项内容）

示例：
题目：医疗伦理中四大基本原则是？
A.尊重自主权
B.善意行为
C.无害原则
D.公正原则
E.以上都不是
【思考过程】：本题考查医学伦理的四大基本原则，包括尊重自主权、不伤害原则、行善原则、公正原则。

【最终答案】：ABCD

题目：在安宁疗护中，以下哪些做法符合伦理要求？
A.在患者知情同意下，向其配偶如实告知病情详情
B.未经患者许可，向社区志愿者公开患者的治疗过程
C.为所有疗护患者统一安排每周两次的心理健康讲座
D.未经家属授权收集患者抑郁症状数据用于研究
E.与患者沟通后，制定符合其信仰的精神抚慰方案
【思考过程】：",AE,Doubao-1.5-Thinking,"【思考过程】：安宁疗护的伦理要求主要包括尊重患者自主权、保护隐私、知情同意、个性化关怀等。分析各选项：  
- 选项A：患者知情同意下向配偶告知病情，符合尊重患者自主权和隐私保护原则（患者授权后可披露信息），符合伦理。  
- 选项B：未经患者许可向社区志愿者公开治疗过程，侵犯患者隐私权，不符合伦理。  
- 选项C：统一安排心理健康讲座未考虑患者个体意愿（部分患者可能不愿参与），违背个性化原则，不符合伦理。  
- 选项D：未经家属授权收集患者数据用于研究，违反知情同意原则，侵犯患者权益，不符合伦理。  
- 选项E：与患者沟通后制定符合其信仰的精神抚慰方案，体现尊重患者个体需求和自主权，符合伦理。  

【最终答案】：AE",客观题,AE
安宁疗护,"你是一个严格按照要求答题的医学考试考生。请你先展示出完整的思考过程，然后再输出最终答案。每道题目有至少两个选项（A、B）至多五个选项（A、B、C、D、E），题目为不定项选择题，请按照以下格式作答：

【思考过程】：...

【最终答案】：AB / BCE / CD / DE / E / ...（只输出选项的编号，不要写选项内容）

示例：
题目：医疗伦理中四大基本原则是？
A.尊重自主权
B.善意行为
C.无害原则
D.公正原则
E.以上都不是
【思考过程】：本题考查医学伦理的四大基本原则，包括尊重自主权、不伤害原则、行善原则、公正原则。

【最终答案】：ABCD

题目：在安宁疗护中，为维护患者生命尊严，以下哪些疗法属于可采用的正确方式？
A.人生回顾疗法
B.意义疗法
C.尊严疗法
D.缅怀疗法
E.认知行为疗法
【思考过程】：",ABCD,Doubao-1.5-Thinking,"【思考过程】：安宁疗护的核心目标之一是维护患者的生命尊严，常用的心理或支持疗法需围绕这一目标。  
- **A.人生回顾疗法**：通过引导患者回顾一生经历，整合生命故事，增强自我认同和意义感，有助于维护尊严。  
- **B.意义疗法**：聚焦于帮助患者寻找生命的意义，尤其在面对死亡时，能提升存在价值感，属于维护尊严的重要方法。  
- **C.尊严疗法**：专门为终末期患者设计，通过记录患者的人生故事、价值观和未完成的心愿，直接强化其生命尊严。  
- **D.缅怀疗法**：通过回忆积极经历或重要人生事件，增强患者的自我价值感和情感连接，间接维护尊严。  
- **E.认知行为疗法（CBT）**：主要用于调整负面认知和行为，缓解焦虑、抑郁等症状，并非直接针对“维护生命尊严”的核心目标。  

因此，正确选项为A、B、C、D。

【最终答案】：ABCD",客观题,ABCD
安宁疗护,"你是一个严格按照要求答题的医学考试考生。请你先展示出完整的思考过程，然后再输出最终答案。每道题目有至少两个选项（A、B）至多五个选项（A、B、C、D、E），题目为不定项选择题，请按照以下格式作答：

【思考过程】：...

【最终答案】：AB / BCE / CD / DE / E / ...（只输出选项的编号，不要写选项内容）

示例：
题目：医疗伦理中四大基本原则是？
A.尊重自主权
B.善意行为
C.无害原则
D.公正原则
E.以上都不是
【思考过程】：本题考查医学伦理的四大基本原则，包括尊重自主权、不伤害原则、行善原则、公正原则。

【最终答案】：ABCD

题目：以下哪种做法符合安宁疗护中对家属支持的法律规定？
A.为家属提供心理督导，B.向家属提供哀伤辅导，C.向患者提供精神支持服务，D.为家属组织丧亲支持小组，E.为家属进行心理健康评估
【思考过程】：",BD,Doubao-1.5-Thinking,"【思考过程】：安宁疗护中对家属的支持主要涉及心理、情感及后续适应等方面的法律规定。选项C“向患者提供精神支持服务”针对的是患者而非家属，不符合题干要求。其余选项中，A（为家属提供心理督导）、B（向家属提供哀伤辅导）、D（为家属组织丧亲支持小组）、E（为家属进行心理健康评估）均直接围绕家属的心理支持、哀伤处理及后续适应展开，符合安宁疗护中对家属支持的法律规定。

【最终答案】：ABDE",客观题,ABDE
安宁疗护,"你是一个严格按照要求答题的医学考试考生。请你先展示出完整的思考过程，然后再输出最终答案。每道题目有至少两个选项（A、B）至多五个选项（A、B、C、D、E），题目为不定项选择题，请按照以下格式作答：

【思考过程】：...

【最终答案】：AB / BCE / CD / DE / E / ...（只输出选项的编号，不要写选项内容）

示例：
题目：医疗伦理中四大基本原则是？
A.尊重自主权
B.善意行为
C.无害原则
D.公正原则
E.以上都不是
【思考过程】：本题考查医学伦理的四大基本原则，包括尊重自主权、不伤害原则、行善原则、公正原则。

【最终答案】：ABCD

题目：以下哪种做法最符合关于安宁疗护中患者意愿处理的相关规定？
A.医护人员主动询问并协助患者完成生前愿望和身后事务
B.等待患者主动提出需求后再给予支持
C.仅由家属代为安排患者身后事务
D.记录患者需求但无需提供实质性帮助
【思考过程】：",A,Doubao-1.5-Thinking,"【思考过程】：安宁疗护的核心原则之一是尊重患者的自主权，强调主动关注并满足患者的意愿和需求。选项A中，医护人员主动询问并协助患者完成生前愿望和身后事务，体现了主动关怀和尊重患者意愿，符合安宁疗护的规定。选项B“等待患者主动提出需求”属于被动响应，不符合主动关怀的要求；选项C“仅由家属代为安排”忽略了患者本人的意愿，违背自主权原则；选项D“记录但不提供实质帮助”未实际满足患者需求，不符合支持性照护的目标。因此最符合规定的是选项A。

【最终答案】：A",客观题,A
安宁疗护,"你是一个严格按照要求答题的医学考试考生。请你先展示出完整的思考过程，然后再输出最终答案。每道题目有至少两个选项（A、B）至多五个选项（A、B、C、D、E），题目为不定项选择题，请按照以下格式作答：

【思考过程】：...

【最终答案】：AB / BCE / CD / DE / E / ...（只输出选项的编号，不要写选项内容）

示例：
题目：医疗伦理中四大基本原则是？
A.尊重自主权
B.善意行为
C.无害原则
D.公正原则
E.以上都不是
【思考过程】：本题考查医学伦理的四大基本原则，包括尊重自主权、不伤害原则、行善原则、公正原则。

【最终答案】：ABCD

题目：根据我国安宁疗护相关法规，截至2020年，要求65岁以上老年人健康管理率至少达到多少？
A.65%以上，B.70%以上，C.75%以上，D.80%以上
【思考过程】：",B,Doubao-1.5-Thinking,"【思考过程】：本题考查我国安宁疗护相关法规中关于65岁以上老年人健康管理率的具体要求。根据国家基本公共卫生服务项目及相关政策，截至2020年，我国要求65岁以上老年人健康管理率至少达到70%以上。

【最终答案】：B",客观题,B
安宁疗护,"你是一个严格按照要求答题的医学考试考生。请你先展示出完整的思考过程，然后再输出最终答案。每道题目有至少两个选项（A、B）至多五个选项（A、B、C、D、E），题目为不定项选择题，请按照以下格式作答：

【思考过程】：...

【最终答案】：AB / BCE / CD / DE / E / ...（只输出选项的编号，不要写选项内容）

示例：
题目：医疗伦理中四大基本原则是？
A.尊重自主权
B.善意行为
C.无害原则
D.公正原则
E.以上都不是
【思考过程】：本题考查医学伦理的四大基本原则，包括尊重自主权、不伤害原则、行善原则、公正原则。

【最终答案】：ABCD

题目：以下哪些措施属于法律法规所鼓励的医疗卫生机构与养老服务融合发展举措？
A.所有公立医院必须转型为康复和老年护理机构
B.公立医院资源丰富的地区可稳妥将部分公立医院转为接续性医疗机构
C.有条件的二级以上综合医院开设老年病科
D.大力开发中医药与养老服务结合的系列服务产品
E.要求基层医疗卫生机构逐步减少康复床位数量
【思考过程】：",BCD,Doubao-1.5-Thinking,"【思考过程】：本题需判断哪些措施属于法律法规鼓励的医养融合发展举措。  
- 选项A“所有公立医院必须转型”中“必须”和“所有”表述过于绝对，不符合政策中“稳妥推进”的原则，排除。  
- 选项B“资源丰富地区稳妥将部分公立医院转为接续性医疗机构”符合“分类推进、稳妥转型”的政策导向，属于鼓励措施。  
- 选项C“有条件的二级以上综合医院开设老年病科”是提升老年医疗服务能力的具体举措，符合医养结合要求，属于鼓励措施。  
- 选项D“开发中医药与养老结合服务产品”符合国家鼓励中医药在养老中发挥特色优势的政策，属于鼓励措施。  
- 选项E“减少基层康复床位”与医养结合中需增加康复、护理等床位的需求相悖，排除。  

【最终答案】：BCD",客观题,BCD
安宁疗护,"你是一个严格按照要求答题的医学考试考生。请你先展示出完整的思考过程，然后再输出最终答案。每道题目有至少两个选项（A、B）至多五个选项（A、B、C、D、E），题目为不定项选择题，请按照以下格式作答：

【思考过程】：...

【最终答案】：AB / BCE / CD / DE / E / ...（只输出选项的编号，不要写选项内容）

示例：
题目：医疗伦理中四大基本原则是？
A.尊重自主权
B.善意行为
C.无害原则
D.公正原则
E.以上都不是
【思考过程】：本题考查医学伦理的四大基本原则，包括尊重自主权、不伤害原则、行善原则、公正原则。

【最终答案】：ABCD

题目：根据药物政策，安宁疗护中阿片类镇痛药主要用于管理以下哪些症状？
A.疼痛
B.呼吸困难
C.呼吸急促
D.剧烈咳嗽
E.恶心
【思考过程】：",AB,Doubao-1.5-Thinking,"【思考过程】：安宁疗护中阿片类镇痛药的主要应用需结合其药理作用和临床指南。阿片类药物通过作用于中枢神经系统的阿片受体，主要用于缓解中重度疼痛（A正确）。此外，对于终末期患者的难治性呼吸困难（B正确），阿片类药物可降低呼吸中枢对二氧化碳的敏感性，减轻患者的主观呼吸窘迫感。呼吸急促（C）是客观体征，并非阿片类的主要直接管理目标；剧烈咳嗽（D）虽可待因等阿片类药物有镇咳作用，但非安宁疗护中的“主要”管理症状；恶心（E）是阿片类药物的常见副作用，而非其治疗目标。因此主要管理症状为疼痛和呼吸困难。

【最终答案】：AB",客观题,AB
安宁疗护,"你是一个严格按照要求答题的医学考试考生。请你先展示出完整的思考过程，然后再输出最终答案。每道题目有至少两个选项（A、B）至多五个选项（A、B、C、D、E），题目为不定项选择题，请按照以下格式作答：

【思考过程】：...

【最终答案】：AB / BCE / CD / DE / E / ...（只输出选项的编号，不要写选项内容）

示例：
题目：医疗伦理中四大基本原则是？
A.尊重自主权
B.善意行为
C.无害原则
D.公正原则
E.以上都不是
【思考过程】：本题考查医学伦理的四大基本原则，包括尊重自主权、不伤害原则、行善原则、公正原则。

【最终答案】：ABCD

题目：根据全民健康覆盖原则，姑息治疗的提供应符合以下哪些要求？
A.可因病种类型不同设置服务限制
B.不得因患者收入水平实施差别准入
C.不得以患者年龄为理由拒绝服务
D.社会保障体系需优先保障穷人的姑息治疗权利
E.服务覆盖范围应包括基本姑息治疗且不得要求预付费用
【思考过程】：",BCDE,Doubao-1.5-Thinking,"【思考过程】：全民健康覆盖（UHC）的核心是确保所有人获得所需的卫生服务，且不会因经济负担而无法获得。其原则包括公平性、可及性、无歧视性。分析各选项：  
- 选项A：“可因病种类型不同设置服务限制”违背公平性，UHC要求覆盖必要服务，不应因病种限制，故A错误。  
- 选项B：“不得因患者收入水平实施差别准入”符合无歧视原则，收入不应成为准入障碍，故B正确。  
- 选项C：“不得以患者年龄为理由拒绝服务”符合公平性，年龄不应作为拒绝服务的理由，故C正确。  
- 选项D：“社会保障体系需优先保障穷人的姑息治疗权利”不符合UHC“覆盖所有人”的平等性要求（优先可能隐含对其他群体的忽视），故D错误。  
- 选项E：“服务覆盖范围应包括基本姑息治疗且不得要求预付费用”符合UHC的基本服务覆盖和避免经济困难原则，故E正确。  

【最终答案】：BCE",客观题,BCE
公共卫生资源分配,"你是一个严格按照要求答题的医学考试考生。请你先展示出完整的思考过程，然后再输出最终答案。每道题目有至少两个选项（A、B）至多五个选项（A、B、C、D、E），题目为不定项选择题，请按照以下格式作答：

【思考过程】：...

【最终答案】：AB / BCE / CD / DE / E / ...（只输出选项的编号，不要写选项内容）

示例：
题目：医疗伦理中四大基本原则是？
A.尊重自主权
B.善意行为
C.无害原则
D.公正原则
E.以上都不是
【思考过程】：本题考查医学伦理的四大基本原则，包括尊重自主权、不伤害原则、行善原则、公正原则。

【最终答案】：ABCD

题目：在国家采取的公共卫生服务措施中，以下哪些属于法规明确提及的内容？
A.免费提供新生儿基因编辑服务
B.为公民提供婚前保健服务
C.预防新生儿出生缺陷
D.对先天畸形患儿进行免费手术治疗
E.开展儿童学前教育指导
【思考过程】：",BC,Doubao-1.5-Thinking,"【思考过程】：本题需判断国家公共卫生服务法规明确提及的内容。首先分析各选项：  
- 选项A：新生儿基因编辑服务目前受严格伦理和法规限制，未被法规列为公共卫生服务内容，排除。  
- 选项B：《母婴保健法》明确规定需为公民提供婚前保健服务（包括医学检查、卫生指导等），符合法规要求。  
- 选项C：《母婴保健法》《中国妇女发展纲要》等法规均强调预防新生儿出生缺陷是公共卫生服务的重要内容，符合。  
- 选项D：先天畸形患儿手术治疗可能有部分救助项目，但法规未明确“免费”为普遍服务，排除。  
- 选项E：儿童学前教育指导属于教育领域职责，非公共卫生服务法规明确内容，排除。  

【最终答案】：BC",客观题,BC
公共卫生资源分配,"你是一个严格按照要求答题的医学考试考生。请你先展示出完整的思考过程，然后再输出最终答案。每道题目有至少两个选项（A、B）至多五个选项（A、B、C、D、E），题目为不定项选择题，请按照以下格式作答：

【思考过程】：...

【最终答案】：AB / BCE / CD / DE / E / ...（只输出选项的编号，不要写选项内容）

示例：
题目：医疗伦理中四大基本原则是？
A.尊重自主权
B.善意行为
C.无害原则
D.公正原则
E.以上都不是
【思考过程】：本题考查医学伦理的四大基本原则，包括尊重自主权、不伤害原则、行善原则、公正原则。

【最终答案】：ABCD

题目：以下哪些政策被纳入基本公共卫生服务项目中？
A.老年人健康管理
B.老年人常见病预防
C.老年人慢性病治疗
D.老年人体检费用减免
E.老年重症监护服务
【思考过程】：",AB,Doubao-1.5-Thinking,"【思考过程】：基本公共卫生服务项目是国家为城乡居民免费提供的基本公共卫生服务，主要包括建立居民健康档案、健康教育、预防接种、老年人健康管理等内容。  
- 选项A（老年人健康管理）：明确属于基本公共卫生服务项目中的一项，正确。  
- 选项B（老年人常见病预防）：老年人健康管理中的健康指导内容包括常见病预防（如骨质疏松预防、防跌倒措施等），属于项目内容，正确。  
- 选项C（老年人慢性病治疗）：基本公共卫生服务侧重管理和指导，慢性病治疗属于临床医疗服务，不属于公共卫生项目，错误。  
- 选项D（老年人体检费用减免）：基本公共卫生服务中为65岁及以上老年人提供的年度健康体检是免费的，属于费用减免范畴，正确。  
- 选项E（老年重症监护服务）：重症监护属于临床治疗，不属于公共卫生服务项目，错误。  

【最终答案】：ABD",客观题,ABD
公共卫生资源分配,"你是一个严格按照要求答题的医学考试考生。请你先展示出完整的思考过程，然后再输出最终答案。每道题目有至少两个选项（A、B）至多五个选项（A、B、C、D、E），题目为不定项选择题，请按照以下格式作答：

【思考过程】：...

【最终答案】：AB / BCE / CD / DE / E / ...（只输出选项的编号，不要写选项内容）

示例：
题目：医疗伦理中四大基本原则是？
A.尊重自主权
B.善意行为
C.无害原则
D.公正原则
E.以上都不是
【思考过程】：本题考查医学伦理的四大基本原则，包括尊重自主权、不伤害原则、行善原则、公正原则。

【最终答案】：ABCD

题目：国家关于残疾人的健康保障措施中，以下哪些属于法律明确规定的责任？（多选）
A.发展残疾预防体系
B.完善无障碍设施建设
C.提供基本康复服务
D.减免残疾人医疗费用
E.建立残疾人康复保障体系
【思考过程】：",ACE,Doubao-1.5-Thinking,"【思考过程】：本题需依据《中华人民共和国残疾人保障法》及相关法规，判断哪些是法律明确规定的责任。  
- **选项A**：《残疾预防和残疾人康复条例》明确要求发展残疾预防体系，属于法律责任。  
- **选项B**：《残疾人保障法》第六章“无障碍环境”规定需完善无障碍设施建设，属于法律责任。  
- **选项C**：《残疾人保障法》第十五条规定国家保障残疾人享有康复服务的权利，需提供基本康复服务，属于法律责任。  
- **选项D**：法律未明确规定“减免残疾人医疗费用”为必须责任，更多是政策优惠，不属于法律明确责任。  
- **选项E**：《残疾人保障法》第十五条要求建立和完善残疾人康复保障体系，属于法律责任。  

【最终答案】：ABCE",客观题,ABCE
公共卫生资源分配,"你是一个严格按照要求答题的医学考试考生。请你先展示出完整的思考过程，然后再输出最终答案。每道题目有至少两个选项（A、B）至多五个选项（A、B、C、D、E），题目为不定项选择题，请按照以下格式作答：

【思考过程】：...

【最终答案】：AB / BCE / CD / DE / E / ...（只输出选项的编号，不要写选项内容）

示例：
题目：医疗伦理中四大基本原则是？
A.尊重自主权
B.善意行为
C.无害原则
D.公正原则
E.以上都不是
【思考过程】：本题考查医学伦理的四大基本原则，包括尊重自主权、不伤害原则、行善原则、公正原则。

【最终答案】：ABCD

题目：以下哪些属于政府举办医疗卫生机构时应考虑的因素？
A.本行政区域人口数量
B.公民平均收入水平
C.健康危险因素
D.治愈率
E.紧急救治需求
【思考过程】：",ACE,Doubao-1.5-Thinking,"【思考过程】：政府举办医疗卫生机构时，主要需考虑区域内的医疗卫生服务需求、资源合理配置及公共卫生安全等因素。选项A“本行政区域人口数量”是基础，人口数量直接决定服务规模和机构数量；选项C“健康危险因素”（如地方病、慢性病流行情况）影响机构功能定位和专科设置；选项E“紧急救治需求”（如急诊、急救体系）是保障公共卫生安全的关键。而选项B“公民平均收入水平”更多与医疗支付能力相关，非政府举办机构的核心考虑因素；选项D“治愈率”是医疗质量指标，与机构设置的规划无关。因此，正确选项为A、C、E。

【最终答案】：ACE",客观题,ACE
公共卫生资源分配,"你是一个严格按照要求答题的医学考试考生。请你先展示出完整的思考过程，然后再输出最终答案。每道题目有至少两个选项（A、B）至多五个选项（A、B、C、D、E），题目为不定项选择题，请按照以下格式作答：

【思考过程】：...

【最终答案】：AB / BCE / CD / DE / E / ...（只输出选项的编号，不要写选项内容）

示例：
题目：医疗伦理中四大基本原则是？
A.尊重自主权
B.善意行为
C.无害原则
D.公正原则
E.以上都不是
【思考过程】：本题考查医学伦理的四大基本原则，包括尊重自主权、不伤害原则、行善原则、公正原则。

【最终答案】：ABCD

题目：以下哪个部门负责制定各级各类医疗卫生机构的具体条件和配置标准？
A.国务院卫生健康主管部门
B.省级卫生健康委员会
C.医疗机构自行制定
D.地方政府卫生行政机构
【思考过程】：",A,Doubao-1.5-Thinking,"【思考过程】：根据《医疗机构管理条例》及相关规定，全国范围内各级各类医疗卫生机构的具体条件和配置标准需由国家级卫生健康主管部门统一制定，以确保标准的一致性和规范性。国务院卫生健康主管部门（如国家卫生健康委员会）作为最高层级的卫生行政部门，负责制定此类全国性标准。省级卫生健康委员会（B）或地方政府卫生行政机构（D）主要负责执行和落实，而非制定全国统一标准；医疗机构自行制定（C）不符合标准化管理要求。因此，正确部门应为国务院卫生健康主管部门。

【最终答案】：A",客观题,A
公共卫生资源分配,"你是一个严格按照要求答题的医学考试考生。请你先展示出完整的思考过程，然后再输出最终答案。每道题目有至少两个选项（A、B）至多五个选项（A、B、C、D、E），题目为不定项选择题，请按照以下格式作答：

【思考过程】：...

【最终答案】：AB / BCE / CD / DE / E / ...（只输出选项的编号，不要写选项内容）

示例：
题目：医疗伦理中四大基本原则是？
A.尊重自主权
B.善意行为
C.无害原则
D.公正原则
E.以上都不是
【思考过程】：本题考查医学伦理的四大基本原则，包括尊重自主权、不伤害原则、行善原则、公正原则。

【最终答案】：ABCD

题目：以下哪些行为被相关法规明确禁止？
A.营利性医院将医疗美容科外包给私立机构
B.非营利性医疗机构向举办者分配收益
C.使用政府资金设立的医院对外承包检验科
D.非营利机构从年度利润中提取分红用于股东分红
【思考过程】：",BCD,Doubao-1.5-Thinking,"【思考过程】：本题需判断哪些行为被相关法规明确禁止，需结合《基本医疗卫生与健康促进法》《医疗机构管理条例》等法规分析：

- **选项A**：根据《医疗机构管理条例》及原卫生部相关规定（如卫医发〔2004〕110号），医疗机构（无论营利与否）均严禁将科室或房屋出租、承包给其他机构或个人从事诊疗活动。营利性医院将医疗美容科外包属于科室承包，被禁止。  
- **选项B**：《基本医疗卫生与健康促进法》第三十九条明确规定，非营利性医疗卫生机构不得向出资人、举办者分配或变相分配收益。因此，非营利性医疗机构向举办者分配收益被禁止。  
- **选项C**：使用政府资金设立的医院属于公立医疗机构（非营利性），其检验科外包属于科室承包行为。根据法规，公立医疗机构的科室不得外包，故被禁止。  
- **选项D**：非营利性机构的定义是“不以营利为目的”，其盈余需用于自身发展，不得向股东或举办者分红。因此，非营利机构从利润中提取分红用于股东分红被禁止。  

综上，四个选项均被相关法规明确禁止。

【最终答案】：ABCD",客观题,ABCD
公共卫生资源分配,"你是一个严格按照要求答题的医学考试考生。请你先展示出完整的思考过程，然后再输出最终答案。每道题目有至少两个选项（A、B）至多五个选项（A、B、C、D、E），题目为不定项选择题，请按照以下格式作答：

【思考过程】：...

【最终答案】：AB / BCE / CD / DE / E / ...（只输出选项的编号，不要写选项内容）

示例：
题目：医疗伦理中四大基本原则是？
A.尊重自主权
B.善意行为
C.无害原则
D.公正原则
E.以上都不是
【思考过程】：本题考查医学伦理的四大基本原则，包括尊重自主权、不伤害原则、行善原则、公正原则。

【最终答案】：ABCD

题目：以下哪项做法违背我国现行医疗卫生机构管理规定？
A.与私立学校合作设立独立法人资格的职业健康咨询中心
B.与医疗器械企业共建非独立法人资格的康复中心
C.与社会资本合办高端口腔美容医院（营利性）
D.联合慈善基金会开设非营利性社区诊所
E.与其他公立医院合建区域医疗数据平台
【思考过程】：",BC,Doubao-1.5-Thinking,"【思考过程】：本题需判断各选项是否符合我国医疗卫生机构管理规定。  
- 选项A：与私立学校合作设立独立法人资格的职业健康咨询中心。独立法人资格机构需单独申请《医疗机构执业许可证》，符合规定，不违规。  
- 选项B：与医疗器械企业共建非独立法人资格的康复中心。非独立法人意味着该康复中心依附于原医疗机构，若涉及企业参与经营或利益分成，可能违反“禁止公立医疗机构与社会资本合作设立非独立法人营利性科室”的规定（如2004年《关于城镇医疗机构分类管理的实施意见》），属于违规。  
- 选项C：与社会资本合办营利性高端口腔美容医院。国家鼓励社会资本办医，营利性医疗机构合法，不违规。  
- 选项D：联合慈善基金会开设非营利性社区诊所。鼓励社会力量举办非营利性医疗机构是政策导向，合法。  
- 选项E：与其他公立医院合建区域医疗数据平台。属于医疗信息化合作，符合资源共享政策，合法。  

综上，仅选项B违背规定。

【最终答案】：B",客观题,B
公共卫生资源分配,"你是一个严格按照要求答题的医学考试考生。请你先展示出完整的思考过程，然后再输出最终答案。每道题目有至少两个选项（A、B）至多五个选项（A、B、C、D、E），题目为不定项选择题，请按照以下格式作答：

【思考过程】：...

【最终答案】：AB / BCE / CD / DE / E / ...（只输出选项的编号，不要写选项内容）

示例：
题目：医疗伦理中四大基本原则是？
A.尊重自主权
B.善意行为
C.无害原则
D.公正原则
E.以上都不是
【思考过程】：本题考查医学伦理的四大基本原则，包括尊重自主权、不伤害原则、行善原则、公正原则。

【最终答案】：ABCD

题目：医疗卫生机构开展技术临床应用时，以下哪项不属于必须遵循的原则？
A.安全原则
B.高效原则
C.规范原则
D.经济原则
E.伦理原则
【思考过程】：",B,Doubao-1.5-Thinking,"【思考过程】：本题考查医疗卫生机构开展技术临床应用时必须遵循的原则。根据《医疗技术临床应用管理办法》等相关法规，医疗技术临床应用的核心原则通常包括安全、规范、伦理等。安全原则（A）是首要的，确保患者生命安全；规范原则（C）要求技术应用符合操作标准；伦理原则（E）涉及患者权益和伦理底线，均为必须遵循的原则。而高效原则（B）强调效率，经济原则（D）关注成本，这两者并非技术临床应用的核心强制要求（例如某些高成本但救命的技术仍需应用）。因此，不属于必须遵循的原则应为经济原则（D）。

【最终答案】：D",客观题,D
公共卫生资源分配,"你是一个严格按照要求答题的医学考试考生。请你先展示出完整的思考过程，然后再输出最终答案。每道题目有至少两个选项（A、B）至多五个选项（A、B、C、D、E），题目为不定项选择题，请按照以下格式作答：

【思考过程】：...

【最终答案】：AB / BCE / CD / DE / E / ...（只输出选项的编号，不要写选项内容）

示例：
题目：医疗伦理中四大基本原则是？
A.尊重自主权
B.善意行为
C.无害原则
D.公正原则
E.以上都不是
【思考过程】：本题考查医学伦理的四大基本原则，包括尊重自主权、不伤害原则、行善原则、公正原则。

【最终答案】：ABCD

题目：在突发事件处置中，对致病、致残、死亡的参与人员，依法可给予哪些待遇？
A.工伤保险补偿
B.抚恤金
C.烈士荣誉称号
D.医疗保险费用全免
E.优先晋升机会
【思考过程】：",AB,Doubao-1.5-Thinking,"【思考过程】：根据《突发事件应对法》及相关法律法规，对在突发事件处置中致病、致残、死亡的参与人员，依法可给予的待遇包括：工伤保险补偿（参与人员因履行职责受伤或死亡，符合工伤保险条件的可获补偿）；抚恤金（对牺牲或致残人员及其家属的经济抚慰）；烈士荣誉称号（符合烈士评定条件的牺牲人员可依法被授予）。医疗保险费用全免（无明确法律规定）和优先晋升机会（属单位内部激励，非法定待遇）不符合“依法”要求。

【最终答案】：ABC",客观题,ABC
公共卫生资源分配,"你是一个严格按照要求答题的医学考试考生。请你先展示出完整的思考过程，然后再输出最终答案。每道题目有至少两个选项（A、B）至多五个选项（A、B、C、D、E），题目为不定项选择题，请按照以下格式作答：

【思考过程】：...

【最终答案】：AB / BCE / CD / DE / E / ...（只输出选项的编号，不要写选项内容）

示例：
题目：医疗伦理中四大基本原则是？
A.尊重自主权
B.善意行为
C.无害原则
D.公正原则
E.以上都不是
【思考过程】：本题考查医学伦理的四大基本原则，包括尊重自主权、不伤害原则、行善原则、公正原则。

【最终答案】：ABCD

题目：在药品采购投标过程中，以下哪种行为是被药械采购法规明确禁止的？
A.以略低于市场价但高于成本的报价竞标，B.与另一投标企业协商共同提高中标机会，C.提交生产许可证复印件时隐去有效期，D.因生产能力过剩而扩大生产规模，E.短期内多次降价以吸引采购方
【思考过程】：",BC,Doubao-1.5-Thinking,"【思考过程】：本题需判断药品采购投标中被法规禁止的行为。根据相关药械采购法规和招标投标法：  
- 选项A：以略低于市场价但高于成本的报价竞标，属于合理价格竞争，不被禁止。  
- 选项B：与另一投标企业协商共同提高中标机会，属于投标人串通投标，违反公平竞争原则，明确被禁止。  
- 选项C：提交生产许可证复印件时隐去有效期，属于提供虚假或隐瞒关键信息的行为，违反诚实信用原则，被禁止。  
- 选项D：因生产能力过剩扩大生产规模，属于企业自主经营决策，与投标行为无关，不被禁止。  
- 选项E：短期内多次降价吸引采购方，若未涉及低于成本价等不正当竞争，属于正常市场策略，不被禁止。  

【最终答案】：BC",客观题,BC
公共卫生资源分配,"你是一个严格按照要求答题的医学考试考生。请你先展示出完整的思考过程，然后再输出最终答案。每道题目有至少两个选项（A、B）至多五个选项（A、B、C、D、E），题目为不定项选择题，请按照以下格式作答：

【思考过程】：...

【最终答案】：AB / BCE / CD / DE / E / ...（只输出选项的编号，不要写选项内容）

示例：
题目：医疗伦理中四大基本原则是？
A.尊重自主权
B.善意行为
C.无害原则
D.公正原则
E.以上都不是
【思考过程】：本题考查医学伦理的四大基本原则，包括尊重自主权、不伤害原则、行善原则、公正原则。

【最终答案】：ABCD

题目：国家卫生健康主管部门在编制大型医用设备配置规划时，必须考虑以下哪些因素？
A.技术的先进性
B.适宜性
C.可及性
D.成本效益
E.区域发展均衡
【思考过程】：",ABC,Doubao-1.5-Thinking,"【思考过程】：国家卫生健康主管部门在编制大型医用设备配置规划时，需综合考虑多方面因素以确保资源合理配置。根据相关管理法规和政策（如《大型医用设备配置与使用管理办法》《大型医用设备配置规划指导原则》），重点需考虑以下方面：  
- **适宜性（B）**：设备需与当地医疗需求、技术水平相匹配，避免盲目配置不适用的设备；  
- **可及性（C）**：确保不同区域、不同人群能够公平获得设备服务，避免资源过度集中；  
- **成本效益（D）**：需评估设备的投入与产出，避免资源浪费，提高配置效率；  
- **区域发展均衡（E）**：促进不同地区间资源均衡分布，缩小医疗资源差距。  

而“技术的先进性（A）”并非必须考虑的核心因素，因配置更注重实用性和需求匹配，而非单纯追求技术先进。因此，正确选项为B、C、D、E。

【最终答案】：BCDE",客观题,BCDE
公共卫生资源分配,"你是一个严格按照要求答题的医学考试考生。请你先展示出完整的思考过程，然后再输出最终答案。每道题目有至少两个选项（A、B）至多五个选项（A、B、C、D、E），题目为不定项选择题，请按照以下格式作答：

【思考过程】：...

【最终答案】：AB / BCE / CD / DE / E / ...（只输出选项的编号，不要写选项内容）

示例：
题目：医疗伦理中四大基本原则是？
A.尊重自主权
B.善意行为
C.无害原则
D.公正原则
E.以上都不是
【思考过程】：本题考查医学伦理的四大基本原则，包括尊重自主权、不伤害原则、行善原则、公正原则。

【最终答案】：ABCD

题目：以下哪些属于县级以上政府对参与突发事件应急处理人员的规定措施？
A.给予适当补助和保健津贴
B.给予表彰和奖励
C.对致病、致残、死亡人员给予相应补助和抚恤
D.优先晋升职称
E.分配额外带薪休假
【思考过程】：",ABC,Doubao-1.5-Thinking,"【思考过程】：根据《突发公共卫生事件应急条例》相关规定，县级以上政府对参与突发事件应急处理人员的规定措施包括：给予适当补助和保健津贴（A）；对在应急处理工作中作出贡献的人员给予表彰和奖励（B）；对因参与应急处理致病、致残、死亡的人员给予相应补助和抚恤（C）。而“优先晋升职称”（D）和“分配额外带薪休假”（E）未在条例中明确列为县级以上政府的规定措施。

【最终答案】：ABC",客观题,ABC
公共卫生资源分配,"你是一个严格按照要求答题的医学考试考生。请你先展示出完整的思考过程，然后再输出最终答案。每道题目有至少两个选项（A、B）至多五个选项（A、B、C、D、E），题目为不定项选择题，请按照以下格式作答：

【思考过程】：...

【最终答案】：AB / BCE / CD / DE / E / ...（只输出选项的编号，不要写选项内容）

示例：
题目：医疗伦理中四大基本原则是？
A.尊重自主权
B.善意行为
C.无害原则
D.公正原则
E.以上都不是
【思考过程】：本题考查医学伦理的四大基本原则，包括尊重自主权、不伤害原则、行善原则、公正原则。

【最终答案】：ABCD

题目：下列哪些情形发生时，省、自治区、直辖市人民政府应当在接到报告1小时内向国务院卫生行政主管部门报告？
A.某县发生霍乱暴发疫情
B.某市发现不明原因群体性发热病例
C.某实验室丢失鼠疫菌种
D.某工厂发生50人急性苯中毒事件
E.某核电站发生放射性物质泄漏事故
【思考过程】：",ABCD,Doubao-1.5-Thinking,"【思考过程】：根据《突发公共卫生事件应急条例》第十九条规定，省、自治区、直辖市人民政府在接到报告1小时内向国务院卫生行政主管部门报告的情形包括：（一）发生或者可能发生传染病暴发、流行的；（二）发生或者发现不明原因的群体性疾病的；（三）发生传染病菌种、毒种丢失的；（四）发生或者可能发生重大食物和职业中毒事件的。

逐一分析选项：
- 选项A：霍乱属于甲类传染病，暴发疫情符合“传染病暴发、流行”（情形一），需报告。
- 选项B：不明原因群体性发热病例属于“不明原因的群体性疾病”（情形二），需报告。
- 选项C：鼠疫菌种丢失属于“传染病菌种丢失”（情形三），需报告。
- 选项D：50人急性苯中毒属于“重大职业中毒事件”（情形四），需报告。
- 选项E：放射性物质泄漏事故未在《条例》规定的1小时报告情形中，不属于需报告的范围。

【最终答案】：ABCD",客观题,ABCD
公共卫生资源分配,"你是一个严格按照要求答题的医学考试考生。请你先展示出完整的思考过程，然后再输出最终答案。每道题目有至少两个选项（A、B）至多五个选项（A、B、C、D、E），题目为不定项选择题，请按照以下格式作答：

【思考过程】：...

【最终答案】：AB / BCE / CD / DE / E / ...（只输出选项的编号，不要写选项内容）

示例：
题目：医疗伦理中四大基本原则是？
A.尊重自主权
B.善意行为
C.无害原则
D.公正原则
E.以上都不是
【思考过程】：本题考查医学伦理的四大基本原则，包括尊重自主权、不伤害原则、行善原则、公正原则。

【最终答案】：ABCD

题目：以下哪种行为不属于对突发事件的违规处理方式？
A.因压力大延迟上报事件进展两日
B.调整实际数据以减少公众恐慌
C.要求下属部门不报告部分病例
D.及时向主管部门上报所有信息
E.因设备故障未能及时核实数据，三天后补报
【思考过程】：",D,Doubao-1.5-Thinking,"【思考过程】：本题需判断哪种行为不属于对突发事件的违规处理方式。根据《突发事件应对法》《突发公共卫生事件应急条例》等法规，突发事件处理要求及时、如实上报，禁止迟报、谎报、瞒报。  

- A选项“因压力大延迟上报事件进展两日”属于迟报，违规；  
- B选项“调整实际数据以减少公众恐慌”属于谎报，违规；  
- C选项“要求下属部门不报告部分病例”属于瞒报，违规；  
- D选项“及时向主管部门上报所有信息”符合“及时、如实上报”的要求，不属于违规；  
- E选项“因设备故障未能及时核实数据，三天后补报”即使有客观原因，仍可能因延迟上报（三天）构成迟报，属于违规。  

因此，唯一不属于违规的是D选项。

【最终答案】：D",客观题,D
公共卫生资源分配,"你是一个严格按照要求答题的医学考试考生。请你先展示出完整的思考过程，然后再输出最终答案。每道题目有至少两个选项（A、B）至多五个选项（A、B、C、D、E），题目为不定项选择题，请按照以下格式作答：

【思考过程】：...

【最终答案】：AB / BCE / CD / DE / E / ...（只输出选项的编号，不要写选项内容）

示例：
题目：医疗伦理中四大基本原则是？
A.尊重自主权
B.善意行为
C.无害原则
D.公正原则
E.以上都不是
【思考过程】：本题考查医学伦理的四大基本原则，包括尊重自主权、不伤害原则、行善原则、公正原则。

【最终答案】：ABCD

题目：根据突发公共卫生事件相关法规，应急预案启动后突发事件发生地的相关部门和机构应当采取以下哪些措施？
A.做好应急处理准备并调整预案细节，B.立即到达规定岗位并采取控制措施，C.服从应急处理指挥部统一指挥，D.医疗卫生机构独立加快疫苗研发，E.监测机构与科研机构协作展开研究
【思考过程】：",BCE,Doubao-1.5-Thinking,"【思考过程】：根据《突发公共卫生事件应急条例》相关规定，应急预案启动后，突发事件发生地的相关部门和机构需采取的措施包括：相关人员应立即到达规定岗位并采取控制措施（B正确）；所有参与应急处理的部门和机构必须服从应急处理指挥部的统一指挥（C正确）；监测机构与科研机构需协作开展研究（如疫情监测、病原学研究等）（E正确）。选项A中“调整预案细节”通常属于预案启动前的准备或后期评估阶段，非启动后立即措施；选项D中“独立加快疫苗研发”不符合“协作”原则，且疫苗研发非所有突发事件的必要措施。

【最终答案】：BCE",客观题,BCE
公共卫生资源分配,"你是一个严格按照要求答题的医学考试考生。请你先展示出完整的思考过程，然后再输出最终答案。每道题目有至少两个选项（A、B）至多五个选项（A、B、C、D、E），题目为不定项选择题，请按照以下格式作答：

【思考过程】：...

【最终答案】：AB / BCE / CD / DE / E / ...（只输出选项的编号，不要写选项内容）

示例：
题目：医疗伦理中四大基本原则是？
A.尊重自主权
B.善意行为
C.无害原则
D.公正原则
E.以上都不是
【思考过程】：本题考查医学伦理的四大基本原则，包括尊重自主权、不伤害原则、行善原则、公正原则。

【最终答案】：ABCD

题目：在突发事件应急处理中，下列哪些部门需履行法规明确规定的职责？
A.国务院有关部门需确保应急医疗物资的生产供应
B.市级人民政府直接负责救治药品的研发
C.铁路和交通行政主管部门保障物资运输时效
D.教育部门统筹医疗人力资源调度
E.民用航空行政主管部门参与国际物资采购
【思考过程】：",AC,Doubao-1.5-Thinking,"【思考过程】：本题需依据突发事件应急处理相关法规判断各部门职责。  
- 选项A：国务院有关部门（如工信部、发改委等）负责协调应急医疗物资的生产与供应，符合法规要求，正确。  
- 选项B：救治药品研发主要由科研机构、药企承担，市级人民政府无“直接负责研发”的法定职责，错误。  
- 选项C：铁路和交通行政主管部门负责保障应急物资运输的时效性（如优先调度、畅通通道），符合法规规定，正确。  
- 选项D：医疗人力资源调度属于卫生健康部门职责，教育部门负责教育管理，无此职责，错误。  
- 选项E：民用航空行政主管部门职责是保障航空运输，国际物资采购通常由商务等部门负责，民航部门不直接参与采购，错误。  

【最终答案】：AC",客观题,AC
公共卫生资源分配,"你是一个严格按照要求答题的医学考试考生。请你先展示出完整的思考过程，然后再输出最终答案。每道题目有至少两个选项（A、B）至多五个选项（A、B、C、D、E），题目为不定项选择题，请按照以下格式作答：

【思考过程】：...

【最终答案】：AB / BCE / CD / DE / E / ...（只输出选项的编号，不要写选项内容）

示例：
题目：医疗伦理中四大基本原则是？
A.尊重自主权
B.善意行为
C.无害原则
D.公正原则
E.以上都不是
【思考过程】：本题考查医学伦理的四大基本原则，包括尊重自主权、不伤害原则、行善原则、公正原则。

【最终答案】：ABCD

题目：在突发公共卫生事件中，应急处理指挥部依法可采取以下哪些措施？
A.关闭区域内所有公共场所
B.调集储备的医疗物资
C.对密切接触者进行强制隔离
D.征用私人住宅作为隔离点
E.对传染病疫区实施封锁
【思考过程】：",BCE,Doubao-1.5-Thinking,"【思考过程】：根据《突发公共卫生事件应急条例》和《传染病防治法》相关规定：  
- 选项A：关闭区域内所有公共场所表述不准确。应急措施通常是限制或停止人群聚集的活动（如集市、影剧院等），而非“所有”公共场所（如必要生活场所可能不关闭），故A错误。  
- 选项B：调集储备的医疗物资是应急处理中保障物资供应的必要措施，符合法律规定，故B正确。  
- 选项C：对密切接触者强制隔离是控制传染病传播的关键手段，《传染病防治法》规定可对密切接触者采取隔离医学观察，必要时强制实施，故C正确。  
- 选项D：征用私人住宅作为隔离点属于应急处置中“紧急调集人员、物资，必要时征用房屋、交通工具”的法定权限，故D正确。  
- 选项E：对传染病疫区实施封锁是《传染病防治法》明确赋予的权限（甲类传染病疫区经批准可封锁），故E正确。  

【最终答案】：BCDE",客观题,BCDE
公共卫生资源分配,"你是一个严格按照要求答题的医学考试考生。请你先展示出完整的思考过程，然后再输出最终答案。每道题目有至少两个选项（A、B）至多五个选项（A、B、C、D、E），题目为不定项选择题，请按照以下格式作答：

【思考过程】：...

【最终答案】：AB / BCE / CD / DE / E / ...（只输出选项的编号，不要写选项内容）

示例：
题目：医疗伦理中四大基本原则是？
A.尊重自主权
B.善意行为
C.无害原则
D.公正原则
E.以上都不是
【思考过程】：本题考查医学伦理的四大基本原则，包括尊重自主权、不伤害原则、行善原则、公正原则。

【最终答案】：ABCD

题目：在突发公共事件中，县级以上地方人民政府卫生行政主管部门应当对易受感染的人群采取哪些措施？
A.应急接种
B.预防性投药
C.启动基因测序溯源
D.群体防护
E.强制转移疫区居民
【思考过程】：",ABD,Doubao-1.5-Thinking,"【思考过程】：根据《突发公共卫生事件应急条例》第三十四条规定，县级以上地方人民政府卫生行政主管部门应当对易受感染的人群采取应急接种、预防性投药、群体防护等措施。选项A（应急接种）和B（预防性投药）是直接针对易感染人群的预防措施；D（群体防护）属于对易感染人群的保护手段。C（启动基因测序溯源）主要用于病原学调查，非直接针对人群防护；E（强制转移疫区居民）属于行政强制措施，非卫生行政主管部门针对易感染人群的特定措施。

【最终答案】：ABD",客观题,ABD
公共卫生资源分配,"你是一个严格按照要求答题的医学考试考生。请你先展示出完整的思考过程，然后再输出最终答案。每道题目有至少两个选项（A、B）至多五个选项（A、B、C、D、E），题目为不定项选择题，请按照以下格式作答：

【思考过程】：...

【最终答案】：AB / BCE / CD / DE / E / ...（只输出选项的编号，不要写选项内容）

示例：
题目：医疗伦理中四大基本原则是？
A.尊重自主权
B.善意行为
C.无害原则
D.公正原则
E.以上都不是
【思考过程】：本题考查医学伦理的四大基本原则，包括尊重自主权、不伤害原则、行善原则、公正原则。

【最终答案】：ABCD

题目：国务院指定的机构在突发公共事件中行使职权时，以下哪些行为属于其法定权限范围？
A.进入现场进行采样
B.对地方应急工作提出技术指导
C.直接关闭场所进行强制消毒
D.要求社会单位配合调查
E.对拒绝配合的个体实施行政拘留
【思考过程】：",ABD,Doubao-1.5-Thinking,"【思考过程】：本题需依据《突发事件应对法》《传染病防治法》等相关法规分析国务院指定机构的法定权限。  
- 选项A：进入现场采样是应急处置中获取信息的必要手段，属于法定权限。  
- 选项B：国务院指定机构（如专业技术机构）有责任对地方应急工作提供技术指导，符合法定职责。  
- 选项C：关闭场所等行政强制措施通常需县级以上政府或其授权部门决定，国务院指定机构无直接关闭权限。  
- 选项D：要求社会单位配合调查是调查权的核心内容，属于法定权限。  
- 选项E：行政拘留属于公安机关的行政处罚权，其他机构无权实施。  

【最终答案】：ABD",客观题,ABD
公共卫生资源分配,"你是一个严格按照要求答题的医学考试考生。请你先展示出完整的思考过程，然后再输出最终答案。每道题目有至少两个选项（A、B）至多五个选项（A、B、C、D、E），题目为不定项选择题，请按照以下格式作答：

【思考过程】：...

【最终答案】：AB / BCE / CD / DE / E / ...（只输出选项的编号，不要写选项内容）

示例：
题目：医疗伦理中四大基本原则是？
A.尊重自主权
B.善意行为
C.无害原则
D.公正原则
E.以上都不是
【思考过程】：本题考查医学伦理的四大基本原则，包括尊重自主权、不伤害原则、行善原则、公正原则。

【最终答案】：ABCD

题目：以下哪项属于医疗卫生机构在突发公共卫生事件中的职责？
A.接诊治疗病人并销毁病历记录
B.将转送病人的病历记录原件移交至指定机构
C.对传染病病人密切接触者采取医学观察措施
D.要求疾控机构对可能受危害人员强制隔离
E.报告所在地疾病预防控制机构收治的传染病患者
【思考过程】：",CE,Doubao-1.5-Thinking,"【思考过程】：本题需结合《突发公共卫生事件应急条例》《传染病防治法》等法规分析各选项是否符合医疗卫生机构的职责：  
- 选项A：销毁病历记录不符合规定，病历需依法保存，故错误。  
- 选项B：转送病人时，病历记录通常提供复印件而非原件（原件由原机构保存），因此“移交原件”错误。  
- 选项C：根据《突发公共卫生事件应急条例》第三十九条，医疗卫生机构应对传染病病人密切接触者采取医学观察措施，正确。  
- 选项D：强制隔离措施由政府或疾控机构依法实施，医疗机构无权要求疾控机构强制隔离，错误。  
- 选项E：根据《传染病防治法》第三十条，医疗机构发现传染病患者应及时向所在地疾控机构报告，正确。  

【最终答案】：CE",客观题,CE
公共卫生资源分配,"你是一个严格按照要求答题的医学考试考生。请你先展示出完整的思考过程，然后再输出最终答案。每道题目有至少两个选项（A、B）至多五个选项（A、B、C、D、E），题目为不定项选择题，请按照以下格式作答：

【思考过程】：...

【最终答案】：AB / BCE / CD / DE / E / ...（只输出选项的编号，不要写选项内容）

示例：
题目：医疗伦理中四大基本原则是？
A.尊重自主权
B.善意行为
C.无害原则
D.公正原则
E.以上都不是
【思考过程】：本题考查医学伦理的四大基本原则，包括尊重自主权、不伤害原则、行善原则、公正原则。

【最终答案】：ABCD

题目：在传染病暴发流行时，以下哪些职责属于街道、乡镇及居委会、村委会的工作范围？
A.疫情信息的收集和报告
B.人员的分散隔离
C.直接进行传染病患者的医疗救治
D.制定全国防疫政策
E.向居民宣传传染病防治知识
【思考过程】：",ABE,Doubao-1.5-Thinking,"【思考过程】：本题考查传染病暴发流行时基层组织（街道、乡镇及居委会、村委会）的职责范围，需结合《传染病防治法》等相关法规分析：  
- 选项A（疫情信息的收集和报告）：基层组织需掌握本区域内的人员流动、健康状况等信息，并及时向上级报告，属于其职责。  
- 选项B（人员的分散隔离）：基层组织需协助落实隔离措施，如组织居民分散居住、避免聚集，属于其工作范围。  
- 选项C（直接进行传染病患者的医疗救治）：医疗救治由医疗机构负责，基层组织无此能力和职责，排除。  
- 选项D（制定全国防疫政策）：政策制定属于国家或省级行政部门职责，基层组织负责执行而非制定，排除。  
- 选项E（向居民宣传传染病防治知识）：基层组织需通过宣传教育提高居民防护意识，属于其职责。  

【最终答案】：ABE",客观题,ABE
公共卫生资源分配,"你是一个严格按照要求答题的医学考试考生。请你先展示出完整的思考过程，然后再输出最终答案。每道题目有至少两个选项（A、B）至多五个选项（A、B、C、D、E），题目为不定项选择题，请按照以下格式作答：

【思考过程】：...

【最终答案】：AB / BCE / CD / DE / E / ...（只输出选项的编号，不要写选项内容）

示例：
题目：医疗伦理中四大基本原则是？
A.尊重自主权
B.善意行为
C.无害原则
D.公正原则
E.以上都不是
【思考过程】：本题考查医学伦理的四大基本原则，包括尊重自主权、不伤害原则、行善原则、公正原则。

【最终答案】：ABCD

题目：针对传染病暴发流行区域内的病人，以下哪项措施不符合法规要求？
A.就地隔离
B.就地观察
C.就地治疗
D.强制转诊到上一级医院
E.按流程进行必要的转诊
【思考过程】：",D,Doubao-1.5-Thinking,"【思考过程】：根据《传染病防治法》相关规定，针对传染病暴发流行区域内的病人，为防止疫情扩散，原则上应采取就地隔离、观察和治疗措施（对应选项A、B、C）。对于确需转诊的情况，需按规定流程进行必要的转诊（对应选项E），以避免途中传播风险。而“强制转诊到上一级医院”（选项D）不符合法规要求，因为强制转诊可能增加传播风险，且无法律依据支持此类强制措施。

【最终答案】：D",客观题,D
公共卫生资源分配,"你是一个严格按照要求答题的医学考试考生。请你先展示出完整的思考过程，然后再输出最终答案。每道题目有至少两个选项（A、B）至多五个选项（A、B、C、D、E），题目为不定项选择题，请按照以下格式作答：

【思考过程】：...

【最终答案】：AB / BCE / CD / DE / E / ...（只输出选项的编号，不要写选项内容）

示例：
题目：医疗伦理中四大基本原则是？
A.尊重自主权
B.善意行为
C.无害原则
D.公正原则
E.以上都不是
【思考过程】：本题考查医学伦理的四大基本原则，包括尊重自主权、不伤害原则、行善原则、公正原则。

【最终答案】：ABCD

题目：以下哪项不属于有关部门、医疗卫生机构对传染病应当采取的“四早”措施？
A.早发现
B.早报告
C.早隔离
D.早治疗
E.早预防
【思考过程】：",E,Doubao-1.5-Thinking,"【思考过程】：传染病防治中的“四早”措施指的是早发现、早报告、早隔离、早治疗。这四项是控制传染病传播和蔓延的关键环节。选项A（早发现）、B（早报告）、C（早隔离）、D（早治疗）均属于“四早”内容，而E（早预防）属于疾病预防阶段的措施，不属于“四早”。

【最终答案】：E",客观题,E
公共卫生资源分配,"你是一个严格按照要求答题的医学考试考生。请你先展示出完整的思考过程，然后再输出最终答案。每道题目有至少两个选项（A、B）至多五个选项（A、B、C、D、E），题目为不定项选择题，请按照以下格式作答：

【思考过程】：...

【最终答案】：AB / BCE / CD / DE / E / ...（只输出选项的编号，不要写选项内容）

示例：
题目：医疗伦理中四大基本原则是？
A.尊重自主权
B.善意行为
C.无害原则
D.公正原则
E.以上都不是
【思考过程】：本题考查医学伦理的四大基本原则，包括尊重自主权、不伤害原则、行善原则、公正原则。

【最终答案】：ABCD

题目：以下哪几个部门需联合制定因突发事件致病、致残人员救治的具体资金保障办法？
A.国务院财政部门
B.国家卫生健康委员会
C.应急管理部
D.民政部
E.人力资源和社会保障部
【思考过程】：",ABE,Doubao-1.5-Thinking,"【思考过程】：本题考查因突发事件致病、致残人员救治资金保障办法的制定部门。根据《突发公共卫生事件应急条例》第四十三条规定，县级以上各级人民政府应当提供必要资金保障救治，具体办法由国务院财政部门、卫生行政主管部门和劳动保障行政主管部门制定。当前对应部门为：国务院财政部门（A）、国家卫生健康委员会（B，原卫生行政主管部门）、人力资源和社会保障部（E，原劳动保障行政主管部门）。应急管理部（C）主要负责应急管理协调，民政部（D）主要涉及社会救助，未明确列为联合制定部门。因此，正确部门为A、B、E。

【最终答案】：ABE",客观题,ABE
公共卫生资源分配,"你是一个严格按照要求答题的医学考试考生。请你先展示出完整的思考过程，然后再输出最终答案。每道题目有至少两个选项（A、B）至多五个选项（A、B、C、D、E），题目为不定项选择题，请按照以下格式作答：

【思考过程】：...

【最终答案】：AB / BCE / CD / DE / E / ...（只输出选项的编号，不要写选项内容）

示例：
题目：医疗伦理中四大基本原则是？
A.尊重自主权
B.善意行为
C.无害原则
D.公正原则
E.以上都不是
【思考过程】：本题考查医学伦理的四大基本原则，包括尊重自主权、不伤害原则、行善原则、公正原则。

【最终答案】：ABCD

题目：在突发公共卫生事件中，以下哪些主体应当配合卫生行政主管部门采取的隔离治疗或医学观察措施？
A. 确诊病人
B. 疑似病人
C. 传染病病人的家属
D. 传染病病人的密切接触者
E. 普通市民
【思考过程】：",ABD,Doubao-1.5-Thinking,"【思考过程】：根据《中华人民共和国传染病防治法》规定，在突发公共卫生事件中，为控制传染病传播，确诊病人（A）需接受隔离治疗；疑似病人（B）需接受医学观察直至排除或确诊；传染病病人的密切接触者（D）因可能感染，需接受医学观察。传染病病人的家属（C）未必均为密切接触者，普通市民（E）若无相关接触史则无强制配合义务。因此，应配合的主体为确诊病人、疑似病人和密切接触者。

【最终答案】：ABD",客观题,ABD
公共卫生资源分配,"你是一个严格按照要求答题的医学考试考生。请你先展示出完整的思考过程，然后再输出最终答案。每道题目有至少两个选项（A、B）至多五个选项（A、B、C、D、E），题目为不定项选择题，请按照以下格式作答：

【思考过程】：...

【最终答案】：AB / BCE / CD / DE / E / ...（只输出选项的编号，不要写选项内容）

示例：
题目：医疗伦理中四大基本原则是？
A.尊重自主权
B.善意行为
C.无害原则
D.公正原则
E.以上都不是
【思考过程】：本题考查医学伦理的四大基本原则，包括尊重自主权、不伤害原则、行善原则、公正原则。

【最终答案】：ABCD

题目：以下哪种行为属于医疗卫生机构可能被卫生行政主管部门处罚的情形？
A.未履行突发事件监测职责的
B.拒不服从突发公共卫生事件指挥中心临时调度的
C.拒绝接诊普通感冒患者的
D.不配合疾控部门日常消毒指导的
【思考过程】：",ABC,Doubao-1.5-Thinking,"【思考过程】：本题需依据相关法律法规判断医疗卫生机构可能被处罚的情形。根据《突发公共卫生事件应急条例》第五十条，医疗卫生机构有以下行为之一可能被处罚：（一）未履行突发事件监测职责；（五）拒不服从突发事件应急处理指挥部调度。因此：

- 选项A“未履行突发事件监测职责的”符合第五十条第三项，属于处罚情形。  
- 选项B“拒不服从突发公共卫生事件指挥中心临时调度的”符合第五十条第五项，属于处罚情形。  
- 选项C“拒绝接诊普通感冒患者的”：条例中“拒绝接诊病人”通常指突发公共卫生事件中的患者，普通感冒患者不在此列，不构成处罚。  
- 选项D“不配合疾控部门日常消毒指导的”：日常消毒指导属于常规工作，无明确法规规定不配合此行为会被卫生行政部门处罚，故不构成。  

【最终答案】：AB",客观题,AB
公共卫生资源分配,"你是一个严格按照要求答题的医学考试考生。请你先展示出完整的思考过程，然后再输出最终答案。每道题目有至少两个选项（A、B）至多五个选项（A、B、C、D、E），题目为不定项选择题，请按照以下格式作答：

【思考过程】：...

【最终答案】：AB / BCE / CD / DE / E / ...（只输出选项的编号，不要写选项内容）

示例：
题目：医疗伦理中四大基本原则是？
A.尊重自主权
B.善意行为
C.无害原则
D.公正原则
E.以上都不是
【思考过程】：本题考查医学伦理的四大基本原则，包括尊重自主权、不伤害原则、行善原则、公正原则。

【最终答案】：ABCD

题目：在突发事件应急处理中，以下哪些行为可能被依法处分或处罚？
A.未按时填报个人健康信息日报表
B.隐瞒现场传染病确诊案例数据
C.允许非指定机构先行进入疫区开展消杀
D.拒绝对突发事件现场进行病理样本采集
E.对涉事车辆进行强制交通管制
【思考过程】：",BD,Doubao-1.5-Thinking,"【思考过程】：本题需依据《突发公共卫生事件应急条例》《传染病防治法》等法规分析各选项是否属于可能被处分或处罚的行为。  

- **选项A**：未按时填报个人健康信息日报表。个人健康信息填报多为社区或单位内部要求，虽可能涉及配合义务，但通常不直接上升到法律层面的处分或处罚，故不选。  
- **选项B**：隐瞒现场传染病确诊案例数据。根据《突发公共卫生事件应急条例》，任何单位和个人不得隐瞒、缓报、谎报突发事件，隐瞒数据属于明确违法行为，应被处分或处罚。  
- **选项C**：允许非指定机构先行进入疫区开展消杀。疫区处理需指定专业机构，允许非指定机构进入可能违反规定（如资质、流程要求），导致处理不当，属于违规行为，可能被处分。  
- **选项D**：拒绝对突发事件现场进行病理样本采集。法规明确要求有关单位和个人必须配合样本采集等措施，拒绝配合属于妨碍应急处理，应被处分或处罚。  
- **选项E**：对涉事车辆进行强制交通管制。交通管制是应急处理中的合法必要措施（如控制疫情扩散），属于有权机关的合法职权，不会被处分或处罚。  

综上，可能被处分或处罚的行为为B、C、D。

【最终答案】：BCD",客观题,BCD
公共卫生资源分配,"你是一个严格按照要求答题的医学考试考生。请你先展示出完整的思考过程，然后再输出最终答案。每道题目有至少两个选项（A、B）至多五个选项（A、B、C、D、E），题目为不定项选择题，请按照以下格式作答：

【思考过程】：...

【最终答案】：AB / BCE / CD / DE / E / ...（只输出选项的编号，不要写选项内容）

示例：
题目：医疗伦理中四大基本原则是？
A.尊重自主权
B.善意行为
C.无害原则
D.公正原则
E.以上都不是
【思考过程】：本题考查医学伦理的四大基本原则，包括尊重自主权、不伤害原则、行善原则、公正原则。

【最终答案】：ABCD

题目：在突发公共卫生事件期间，以下哪些行为可能被依法追究行政或刑事责任？
A.在网络平台编造“某医院床位爆满瘫痪”的虚假视频
B.将普通医用口罩按N95价格提高600%销售
C.销售无法过滤病毒的劣质口罩但宣称符合国标
D.超市要求消费者购买日用品必须搭配高价消毒液
【思考过程】：",ABC,Doubao-1.5-Thinking,"【思考过程】：本题需判断突发公共卫生事件期间哪些行为可能被追究行政或刑事责任，需结合相关法律法规分析：

- **选项A**：编造“某医院床位爆满瘫痪”的虚假视频属于编造、传播虚假信息。根据《突发事件应对法》第六十五条及《刑法》第二百九十一条之一（编造、故意传播虚假信息罪），此类行为可能被追究行政或刑事责任。  
- **选项B**：将普通医用口罩按N95价格提高600%销售属于哄抬物价。依据《价格法》第十四条、《突发事件应对法》第四十九条及《刑法》第二百二十五条（非法经营罪），哄抬物价牟取暴利可能被追责。  
- **选项C**：销售无法过滤病毒的劣质口罩并宣称符合国标，属于销售伪劣产品和虚假宣传。根据《产品质量法》《消费者权益保护法》及《刑法》第一百四十条（生产、销售伪劣产品罪），此类行为可能被追责。  
- **选项D**：超市强制搭售高价消毒液属于强制交易。根据《消费者权益保护法》第十条（公平交易权）及《价格法》第十四条（禁止附加不合理条件），强制搭售可能被追究行政责任。  

综上，四个选项的行为均可能被依法追究行政或刑事责任。

【最终答案】：ABCD",客观题,ABCD
公共卫生资源分配,"你是一个严格按照要求答题的医学考试考生。请你先展示出完整的思考过程，然后再输出最终答案。每道题目有至少两个选项（A、B）至多五个选项（A、B、C、D、E），题目为不定项选择题，请按照以下格式作答：

【思考过程】：...

【最终答案】：AB / BCE / CD / DE / E / ...（只输出选项的编号，不要写选项内容）

示例：
题目：医疗伦理中四大基本原则是？
A.尊重自主权
B.善意行为
C.无害原则
D.公正原则
E.以上都不是
【思考过程】：本题考查医学伦理的四大基本原则，包括尊重自主权、不伤害原则、行善原则、公正原则。

【最终答案】：ABCD

题目：公共卫生资源分配需遵循公平与效率统一的原则，以下哪几项表述符合该原则要求？
A.优先保障高端医疗服务质量以提升医院声誉
B.促进基本医疗卫生服务的可及性并兼顾公平
C.资源配置时应仅考虑绝对平均分配
D.通过优化管理和协作机制同步提高效率、降低成本
【思考过程】：",BD,Doubao-1.5-Thinking,"【思考过程】：公共卫生资源分配需遵循公平与效率统一的原则，即既要保障公平性（如基本服务可及、避免绝对平均），又要提升效率（如优化管理降低成本）。分析各选项：  
- A选项“优先保障高端医疗服务”偏向少数群体，不符合公平原则；  
- B选项“促进基本医疗可及性并兼顾公平”直接体现公平要求，符合原则；  
- C选项“仅考虑绝对平均分配”忽视实际需求差异，可能降低效率，不符合；  
- D选项“优化管理提高效率、降低成本”符合效率要求，属于统一原则的一部分。  

【最终答案】：BD",客观题,BD
公共卫生资源分配,"你是一个严格按照要求答题的医学考试考生。请你先展示出完整的思考过程，然后再输出最终答案。每道题目有至少两个选项（A、B）至多五个选项（A、B、C、D、E），题目为不定项选择题，请按照以下格式作答：

【思考过程】：...

【最终答案】：AB / BCE / CD / DE / E / ...（只输出选项的编号，不要写选项内容）

示例：
题目：医疗伦理中四大基本原则是？
A.尊重自主权
B.善意行为
C.无害原则
D.公正原则
E.以上都不是
【思考过程】：本题考查医学伦理的四大基本原则，包括尊重自主权、不伤害原则、行善原则、公正原则。

【最终答案】：ABCD

题目：以下哪些选项属于我国政府在公共卫生资源分配中应承担的责任？
A.制定医疗卫生服务制度
B.规范医疗领域定价机制
C.保障基本医疗服务筹资
D.审批民营医院运营资质
E.承担医疗机构日常运营
【思考过程】：",AC,Doubao-1.5-Thinking,"【思考过程】：公共卫生资源分配中，政府的核心职责包括制度设计、筹资保障、监管规范等。选项A“制定医疗卫生服务制度”是政府顶层设计的体现，确保服务体系的公平性和可及性；选项B“规范医疗领域定价机制”属于政府监管职能，防止价格扭曲影响资源合理分配；选项C“保障基本医疗服务筹资”是政府确保基本医疗可及的关键，通过财政投入或医保制度实现；选项D“审批民营医院运营资质”属于准入监管，控制医疗资源的合理布局；选项E“承担医疗机构日常运营”则属于机构自身管理范畴，政府不直接参与日常运营。因此，A、B、C、D属于政府责任，E不属于。

【最终答案】：ABCD",客观题,ABCD
公共卫生资源分配,"你是一个严格按照要求答题的医学考试考生。请你先展示出完整的思考过程，然后再输出最终答案。每道题目有至少两个选项（A、B）至多五个选项（A、B、C、D、E），题目为不定项选择题，请按照以下格式作答：

【思考过程】：...

【最终答案】：AB / BCE / CD / DE / E / ...（只输出选项的编号，不要写选项内容）

示例：
题目：医疗伦理中四大基本原则是？
A.尊重自主权
B.善意行为
C.无害原则
D.公正原则
E.以上都不是
【思考过程】：本题考查医学伦理的四大基本原则，包括尊重自主权、不伤害原则、行善原则、公正原则。

【最终答案】：ABCD

题目：以下哪几项是公立医院依法应当承担的任务？
A.主导商业医疗保险推广
B.承担人才培养任务
C.承担医学科研任务
D.执行突发事件紧急医疗救援
E.开展国际营利性合作项目
【思考过程】：",BCD,Doubao-1.5-Thinking,"【思考过程】：公立医院作为公益性事业单位，其法定任务主要包括基本医疗服务、公共卫生服务、人才培养、医学科研、紧急医疗救援等。分析各选项：A选项“主导商业医疗保险推广”属于商业性质，非公立医院法定任务；B选项“承担人才培养任务”是公立医院的职责（如临床教学、规培等）；C选项“承担医学科研任务”是公立医院的重要职能（如临床研究）；D选项“执行突发事件紧急医疗救援”是法律规定的公共卫生职责（如《突发事件应对法》）；E选项“开展国际营利性合作项目”与公立医院的公益性、非营利性定位不符。因此，正确选项为B、C、D。

【最终答案】：BCD",客观题,BCD
公共卫生资源分配,"你是一个严格按照要求答题的医学考试考生。请你先展示出完整的思考过程，然后再输出最终答案。每道题目有至少两个选项（A、B）至多五个选项（A、B、C、D、E），题目为不定项选择题，请按照以下格式作答：

【思考过程】：...

【最终答案】：AB / BCE / CD / DE / E / ...（只输出选项的编号，不要写选项内容）

示例：
题目：医疗伦理中四大基本原则是？
A.尊重自主权
B.善意行为
C.无害原则
D.公正原则
E.以上都不是
【思考过程】：本题考查医学伦理的四大基本原则，包括尊重自主权、不伤害原则、行善原则、公正原则。

【最终答案】：ABCD

题目：下列哪些机构属于基层医疗卫生机构？
A. 乡镇卫生院
B. 三甲医院急诊科
C. 私立专科眼科诊所
D. 社区卫生服务中心（站）
E. 省级疾病预防控制中心
【思考过程】：",AD,Doubao-1.5-Thinking,"【思考过程】：基层医疗卫生机构是直接面向社区、乡镇居民提供基本医疗和公共卫生服务的机构，主要包括乡镇卫生院、社区卫生服务中心（站）、村卫生室等。分析各选项：  
- A. 乡镇卫生院：服务于农村乡镇的基层医疗机构，属于基层。  
- B. 三甲医院急诊科：三甲医院是高层级医疗机构，急诊科为其内设部门，不属于基层。  
- C. 私立专科眼科诊所：专科诊所侧重专科服务，不符合基层机构综合提供基本医疗和公共卫生服务的定位，不属于基层。  
- D. 社区卫生服务中心（站）：城市基层医疗卫生机构，服务社区居民，属于基层。  
- E. 省级疾病预防控制中心：省级为上级公共卫生机构，非基层。  

【最终答案】：AD",客观题,AD
公共卫生资源分配,"你是一个严格按照要求答题的医学考试考生。请你先展示出完整的思考过程，然后再输出最终答案。每道题目有至少两个选项（A、B）至多五个选项（A、B、C、D、E），题目为不定项选择题，请按照以下格式作答：

【思考过程】：...

【最终答案】：AB / BCE / CD / DE / E / ...（只输出选项的编号，不要写选项内容）

示例：
题目：医疗伦理中四大基本原则是？
A.尊重自主权
B.善意行为
C.无害原则
D.公正原则
E.以上都不是
【思考过程】：本题考查医学伦理的四大基本原则，包括尊重自主权、不伤害原则、行善原则、公正原则。

【最终答案】：ABCD

题目：下列哪项服务不属于专业公共卫生机构提供的服务范围？
A.疾病预防控制
B.精神卫生服务
C.综合监督执法
D.医疗保险筹资管理
E.基础教育健康促进
【思考过程】：",DE,Doubao-1.5-Thinking,"【思考过程】：专业公共卫生机构主要承担疾病预防控制、健康促进、公共卫生监督等职能。分析各选项：A疾病预防控制是疾控中心的核心职责；B精神卫生服务由精神卫生专业机构提供；C综合监督执法属于卫生监督机构职能；D医疗保险筹资管理属于医保部门（如医保局）职责，非专业公共卫生机构；E基础教育健康促进是公共卫生健康促进的一部分。因此，不属于的是D。

【最终答案】：D",客观题,D
公共卫生资源分配,"你是一个严格按照要求答题的医学考试考生。请你先展示出完整的思考过程，然后再输出最终答案。每道题目有至少两个选项（A、B）至多五个选项（A、B、C、D、E），题目为不定项选择题，请按照以下格式作答：

【思考过程】：...

【最终答案】：AB / BCE / CD / DE / E / ...（只输出选项的编号，不要写选项内容）

示例：
题目：医疗伦理中四大基本原则是？
A.尊重自主权
B.善意行为
C.无害原则
D.公正原则
E.以上都不是
【思考过程】：本题考查医学伦理的四大基本原则，包括尊重自主权、不伤害原则、行善原则、公正原则。

【最终答案】：ABCD

题目：以下哪些做法符合我国关于医疗机构与养老机构合作的规定？
A.三甲医院设立包含基础医疗服务的养老床位
B.养老机构内设中医理疗科室
C.社区卫生中心与教育机构合作开展老年健康课程
D.康复疗养院拒绝与二级医院建立双向转诊机制
【思考过程】：",AB,Doubao-1.5-Thinking,"【思考过程】：本题考查我国医疗机构与养老机构合作的相关规定。根据国家推动医养结合的政策要求：  
- 选项A：三甲医院设立包含基础医疗服务的养老床位，符合鼓励医疗机构开展养老服务、增设养老床位的规定。  
- 选项B：养老机构内设中医理疗科室，属于支持养老机构内部设置医疗服务设施（如医务室、护理站等）的范畴，符合规定。  
- 选项C：社区卫生中心与教育机构合作开展老年健康课程，合作对象是教育机构而非养老机构，不符合题干“医疗机构与养老机构合作”的要求。  
- 选项D：康复疗养院拒绝与二级医院建立双向转诊机制，双向转诊是医养结合中促进资源共享的重要措施，拒绝建立不符合规定。  

【最终答案】：AB",客观题,AB
公共卫生资源分配,"你是一个严格按照要求答题的医学考试考生。请你先展示出完整的思考过程，然后再输出最终答案。每道题目有至少两个选项（A、B）至多五个选项（A、B、C、D、E），题目为不定项选择题，请按照以下格式作答：

【思考过程】：...

【最终答案】：AB / BCE / CD / DE / E / ...（只输出选项的编号，不要写选项内容）

示例：
题目：医疗伦理中四大基本原则是？
A.尊重自主权
B.善意行为
C.无害原则
D.公正原则
E.以上都不是
【思考过程】：本题考查医学伦理的四大基本原则，包括尊重自主权、不伤害原则、行善原则、公正原则。

【最终答案】：ABCD

题目：以下哪些内容属于医疗资源分配中政府卫生投入机制的核心要点？
A.明确政府在公共卫生和基本医疗服务中的主导地位
B.强化社会资本在基层医疗中的主体地位
C.合理划分中央与地方政府的医疗卫生投入责任
D.全面落实对社会办营利性医疗机构的强制投入政策
E.建立以商业健康保险为主体的医保体系
【思考过程】：",AC,Doubao-1.5-Thinking,"【思考过程】：本题考查医疗资源分配中政府卫生投入机制的核心要点。政府卫生投入机制的核心应围绕政府的主导责任、责任划分等方面。  
- 选项A：公共卫生和基本医疗服务具有公益性，政府需在其中发挥主导地位，符合政府投入机制的核心，正确。  
- 选项B：社会资本在基层医疗中应是补充而非“主体地位”，政府才是主导，错误。  
- 选项C：合理划分中央与地方政府的投入责任是明确各级政府权责的关键，属于核心要点，正确。  
- 选项D：政府对社会办营利性医疗机构无“强制投入”义务，营利性机构主要依靠市场，错误。  
- 选项E：我国医保体系以基本医疗保险为主体，商业健康保险是补充，错误。  

【最终答案】：AC",客观题,AC
公共卫生资源分配,"你是一个严格按照要求答题的医学考试考生。请你先展示出完整的思考过程，然后再输出最终答案。每道题目有至少两个选项（A、B）至多五个选项（A、B、C、D、E），题目为不定项选择题，请按照以下格式作答：

【思考过程】：...

【最终答案】：AB / BCE / CD / DE / E / ...（只输出选项的编号，不要写选项内容）

示例：
题目：医疗伦理中四大基本原则是？
A.尊重自主权
B.善意行为
C.无害原则
D.公正原则
E.以上都不是
【思考过程】：本题考查医学伦理的四大基本原则，包括尊重自主权、不伤害原则、行善原则、公正原则。

【最终答案】：ABCD

题目：根据公共卫生资源分配要求，以下哪些属于需要重点加强服务能力的薄弱领域？
A.体检中心执业能力建设
B.中医服务能力建设
C.儿科诊疗能力建设
D.心血管专科设备配置
E.临终关怀服务能力建设
F.精神卫生防治能力建设
G.运动康复器材开发
H.传染病防控能力建设
【思考过程】：",BCFH,Doubao-1.5-Thinking,"【思考过程】：公共卫生资源分配的重点通常针对当前医疗服务中的薄弱环节，需结合国家政策和实际需求分析各选项。  
- A. 体检中心执业能力建设：体检多为非基本医疗或市场化服务，非公共卫生资源分配的薄弱重点。  
- B. 中医服务能力建设：国家强调中医药发展，基层中医服务能力不足，属于需加强的薄弱领域。  
- C. 儿科诊疗能力建设：儿科医生长期短缺，供需矛盾突出，是典型薄弱领域。  
- D. 心血管专科设备配置：属于专科建设，非公共卫生服务能力的核心薄弱环节。  
- E. 临终关怀服务能力建设：老年护理和舒缓医疗资源不足，是当前需加强的薄弱领域。  
- F. 精神卫生防治能力建设：精神科医生和机构短缺，属于重点加强的薄弱领域。  
- G. 运动康复器材开发：属于设备开发，非服务能力建设的核心薄弱环节。  
- H. 传染病防控能力建设：疫情后强调防控体系完善，是需重点加强的薄弱领域。  

综上，需重点加强的薄弱领域为B、C、E、F、H。

【最终答案】：BCEFH",客观题,BCEFH
公共卫生资源分配,"你是一个严格按照要求答题的医学考试考生。请你先展示出完整的思考过程，然后再输出最终答案。每道题目有至少两个选项（A、B）至多五个选项（A、B、C、D、E），题目为不定项选择题，请按照以下格式作答：

【思考过程】：...

【最终答案】：AB / BCE / CD / DE / E / ...（只输出选项的编号，不要写选项内容）

示例：
题目：医疗伦理中四大基本原则是？
A.尊重自主权
B.善意行为
C.无害原则
D.公正原则
E.以上都不是
【思考过程】：本题考查医学伦理的四大基本原则，包括尊重自主权、不伤害原则、行善原则、公正原则。

【最终答案】：ABCD

题目：在区域卫生规划评价过程中，以下哪些手段不属于规范实施的要求？
A.法律手段
B.经济手段
C.行政手段
D.医疗手段
E.行政命令
【思考过程】：",DE,Doubao-1.5-Thinking,"【思考过程】：区域卫生规划评价中，规范实施的要求通常涉及推动规划落实的管理手段。法律手段（A）通过法规规范行为，经济手段（B）通过财政、税收引导资源配置，行政手段（C）通过政策指令推动执行，行政命令（E）是行政手段的具体形式，均属于规范实施的手段。而医疗手段（D）是提供医疗服务的具体技术或方法，属于服务实施本身，而非规范规划实施的管理手段。因此，不属于规范实施要求的是医疗手段。

【最终答案】：D",客观题,D
公共卫生资源分配,"你是一个严格按照要求答题的医学考试考生。请你先展示出完整的思考过程，然后再输出最终答案。每道题目有至少两个选项（A、B）至多五个选项（A、B、C、D、E），题目为不定项选择题，请按照以下格式作答：

【思考过程】：...

【最终答案】：AB / BCE / CD / DE / E / ...（只输出选项的编号，不要写选项内容）

示例：
题目：医疗伦理中四大基本原则是？
A.尊重自主权
B.善意行为
C.无害原则
D.公正原则
E.以上都不是
【思考过程】：本题考查医学伦理的四大基本原则，包括尊重自主权、不伤害原则、行善原则、公正原则。

【最终答案】：ABCD

题目：以下哪些属于突发公共卫生事件应急工作应当遵循的方针？
A.预防为主
B.防治结合
C.党委统一领导
D.健康优先的方针
E.科学、依法、精准应对
【思考过程】：",ABD,Doubao-1.5-Thinking,"【思考过程】：本题考查突发公共卫生事件应急工作的方针。根据《突发公共卫生事件应急条例》及相关政策，突发公共卫生事件应急工作的方针是“预防为主、常备不懈”。选项分析如下：  
- A. 预防为主：符合“预防为主”的核心方针，正确。  
- B. 防治结合：属于日常卫生工作的一般性原则，非突发公共卫生事件应急的特定方针，错误。  
- C. 党委统一领导：属于领导机制，非方针本身，错误。  
- D. 健康优先的方针：属于健康中国战略的宏观方针，非突发公共卫生事件应急的专项方针，错误。  
- E. 科学、依法、精准应对：属于应对过程中的具体原则或策略，非方针，错误。  

【最终答案】：A",客观题,A
公共卫生资源分配,"你是一个严格按照要求答题的医学考试考生。请你先展示出完整的思考过程，然后再输出最终答案。每道题目有至少两个选项（A、B）至多五个选项（A、B、C、D、E），题目为不定项选择题，请按照以下格式作答：

【思考过程】：...

【最终答案】：AB / BCE / CD / DE / E / ...（只输出选项的编号，不要写选项内容）

示例：
题目：医疗伦理中四大基本原则是？
A.尊重自主权
B.善意行为
C.无害原则
D.公正原则
E.以上都不是
【思考过程】：本题考查医学伦理的四大基本原则，包括尊重自主权、不伤害原则、行善原则、公正原则。

【最终答案】：ABCD

题目：根据相关法规，下列哪些行为违反了突发公共卫生事件应对中的禁止性规定？
A.拒绝让未佩戴口罩的疑似病人进入社区超市
B.某企业解雇因传染病病人密切接触而被隔离的员工
C.社区工作人员在微信群公开某患者的详细住址
D.根据接触史对密切接触者实施居家隔离措施
E.某事业单位因应聘者曾被隔离拒绝其入职
【思考过程】：",BCE,Doubao-1.5-Thinking,"【思考过程】：本题需根据《传染病防治法》《突发公共卫生事件应急条例》等法规，判断各选项是否违反禁止性规定。  
- 选项A：拒绝未佩戴口罩的疑似病人进入超市是合理防护措施，不违反规定。  
- 选项B：企业解雇因密切接触被隔离的员工，违反《传染病防治法》第16条“不得歧视传染病相关人员”的规定。  
- 选项C：公开患者详细住址属于泄露个人隐私，违反《传染病防治法》关于保护患者隐私的规定。  
- 选项D：对密切接触者实施居家隔离是合法防控措施，不违反规定。  
- 选项E：因应聘者曾被隔离拒绝入职属于歧视行为，违反《传染病防治法》禁止歧视的规定。  

【最终答案】：BCE",客观题,BCE
公共卫生资源分配,"你是一个严格按照要求答题的医学考试考生。请你先展示出完整的思考过程，然后再输出最终答案。每道题目有至少两个选项（A、B）至多五个选项（A、B、C、D、E），题目为不定项选择题，请按照以下格式作答：

【思考过程】：...

【最终答案】：AB / BCE / CD / DE / E / ...（只输出选项的编号，不要写选项内容）

示例：
题目：医疗伦理中四大基本原则是？
A.尊重自主权
B.善意行为
C.无害原则
D.公正原则
E.以上都不是
【思考过程】：本题考查医学伦理的四大基本原则，包括尊重自主权、不伤害原则、行善原则、公正原则。

【最终答案】：ABCD

题目：市、区卫生健康部门应建立的突发公共卫生事件相关队伍不包括以下哪一项？
A.应急处置队伍
B.医疗救援队伍
C.心理危机干预队伍
D.舆情监测队伍
E.卫生监督执法队伍
【思考过程】：",DE,Doubao-1.5-Thinking,"【思考过程】：突发公共卫生事件应对中，卫生健康部门需建立的队伍通常包括直接处理卫生相关事务的力量。应急处置队伍（A）负责现场事件处理；医疗救援队伍（B）承担患者救治；心理危机干预队伍（C）针对事件引发的心理问题；卫生监督执法队伍（E）监督卫生法规执行。而舆情监测队伍（D）主要负责舆论监控与引导，更多属于宣传或公关部门职责，非卫生健康部门直接建立的核心队伍。

【最终答案】：D",客观题,D
公共卫生资源分配,"你是一个严格按照要求答题的医学考试考生。请你先展示出完整的思考过程，然后再输出最终答案。每道题目有至少两个选项（A、B）至多五个选项（A、B、C、D、E），题目为不定项选择题，请按照以下格式作答：

【思考过程】：...

【最终答案】：AB / BCE / CD / DE / E / ...（只输出选项的编号，不要写选项内容）

示例：
题目：医疗伦理中四大基本原则是？
A.尊重自主权
B.善意行为
C.无害原则
D.公正原则
E.以上都不是
【思考过程】：本题考查医学伦理的四大基本原则，包括尊重自主权、不伤害原则、行善原则、公正原则。

【最终答案】：ABCD

题目：根据相关法规，以下哪些主体有责任普及公共卫生健康知识和应急技能？
A.市教育部门
B.机关企业事业单位
C.新闻媒体
D.私营培训机构
E.个人志愿者
【思考过程】：",ABC,Doubao-1.5-Thinking,"【思考过程】：根据《基本医疗卫生与健康促进法》及相关法规，分析各选项责任主体：  
- **A. 市教育部门**：该法规定国家将健康教育纳入国民教育体系，教育部门有责任组织学校开展健康知识普及，故A正确。  
- **B. 机关企业事业单位**：法律要求用人单位为职工创造健康环境，组织健身活动并开展健康指导，机关企业事业单位作为用人单位，需履行相关责任，故B正确。  
- **C. 新闻媒体**：法规明确新闻媒体需开展健康知识公益宣传，承担公共卫生知识普及的社会责任，故C正确。  
- **D. 私营培训机构**：目前无明确法规强制要求私营培训机构承担公共卫生健康知识普及的法定义务，更多为自愿行为，故D错误。  
- **E. 个人志愿者**：志愿者参与属于自愿行为，并非法定责任主体，故E错误。  

【最终答案】：ABC",客观题,ABC
公共卫生资源分配,"你是一个严格按照要求答题的医学考试考生。请你先展示出完整的思考过程，然后再输出最终答案。每道题目有至少两个选项（A、B）至多五个选项（A、B、C、D、E），题目为不定项选择题，请按照以下格式作答：

【思考过程】：...

【最终答案】：AB / BCE / CD / DE / E / ...（只输出选项的编号，不要写选项内容）

示例：
题目：医疗伦理中四大基本原则是？
A.尊重自主权
B.善意行为
C.无害原则
D.公正原则
E.以上都不是
【思考过程】：本题考查医学伦理的四大基本原则，包括尊重自主权、不伤害原则、行善原则、公正原则。

【最终答案】：ABCD

题目：根据相关法规，以下哪些途径属于报告突发公共卫生事件隐患的正确方式？
A.拨打北京12345市民服务热线
B.通过部门电话报告
C.在政府网站提交信息
D.使用政务新媒体平台
E.向当地媒体公开举报
【思考过程】：",ABCD,Doubao-1.5-Thinking,"【思考过程】：根据《突发公共卫生事件应急条例》等相关法规，报告突发公共卫生事件隐患需通过官方认可的正规渠道。分析各选项：  
- A选项“拨打北京12345市民服务热线”：12345是政府便民服务热线，可受理公共卫生事件相关举报，属于正确途径。  
- B选项“通过部门电话报告”：向卫生行政部门或相关责任部门直接电话报告，是法规明确的报告方式。  
- C选项“在政府网站提交信息”：政府网站通常设有在线反馈或举报功能，属于官方正规渠道。  
- D选项“使用政务新媒体平台”：政务新媒体（如政府微信公众号、微博）是官方信息发布和互动平台，可用于提交隐患信息。  
- E选项“向当地媒体公开举报”：媒体曝光并非法规规定的正式报告途径，正确报告应向行政部门而非媒体。  

【最终答案】：ABCD",客观题,ABCD
公共卫生资源分配,"你是一个严格按照要求答题的医学考试考生。请你先展示出完整的思考过程，然后再输出最终答案。每道题目有至少两个选项（A、B）至多五个选项（A、B、C、D、E），题目为不定项选择题，请按照以下格式作答：

【思考过程】：...

【最终答案】：AB / BCE / CD / DE / E / ...（只输出选项的编号，不要写选项内容）

示例：
题目：医疗伦理中四大基本原则是？
A.尊重自主权
B.善意行为
C.无害原则
D.公正原则
E.以上都不是
【思考过程】：本题考查医学伦理的四大基本原则，包括尊重自主权、不伤害原则、行善原则、公正原则。

【最终答案】：ABCD

题目：关于突发公共卫生事件信息发布的正确做法，下列哪项表述符合法规要求？
A.信息发布应当及时并持续进行
B.政府仅需与社会公众保持单向信息传递
C.信息发布应当保证公开和透明
D.采取无障碍方式确保特殊群体获取信息
E.所有信息应在事发12小时内统一处理
【思考过程】：",ACD,Doubao-1.5-Thinking,"【思考过程】：本题考查突发公共卫生事件信息发布的法规要求。根据《突发公共卫生事件应急条例》及相关规定，信息发布需遵循及时、准确、公开、透明原则，并保障信息可及性。分析各选项：  
- 选项A：信息发布需及时并持续，因事件发展可能动态变化，需持续更新信息，符合要求。  
- 选项B：单向信息传递不符合现代公共卫生应对原则，法规强调双向沟通（如听取公众反馈），故错误。  
- 选项C：公开透明是信息发布的核心要求，避免隐瞒，符合法规。  
- 选项D：采取无障碍方式确保特殊群体获取信息（如盲文、手语等），是保障信息可及性的必要措施，符合要求。  
- 选项E：“所有信息12小时内统一处理”过于绝对，部分信息需核实后发布，无法一概限定时间，故错误。  

【最终答案】：ACD",客观题,ACD
公共卫生资源分配,"你是一个严格按照要求答题的医学考试考生。请你先展示出完整的思考过程，然后再输出最终答案。每道题目有至少两个选项（A、B）至多五个选项（A、B、C、D、E），题目为不定项选择题，请按照以下格式作答：

【思考过程】：...

【最终答案】：AB / BCE / CD / DE / E / ...（只输出选项的编号，不要写选项内容）

示例：
题目：医疗伦理中四大基本原则是？
A.尊重自主权
B.善意行为
C.无害原则
D.公正原则
E.以上都不是
【思考过程】：本题考查医学伦理的四大基本原则，包括尊重自主权、不伤害原则、行善原则、公正原则。

【最终答案】：ABCD

题目：以下哪些属于重大传染病疫情和群体性不明原因疾病应对处置的基本原则？
A.早预防、早报告、早隔离、早治疗
B.早发现、早报告、早隔离、早治疗
C.早发现、早响应、早封锁、早治疗
D.早发现、早报告、早转运、早收治
E.早筛查、早预警、早隔离、早康复
【思考过程】：",B,Doubao-1.5-Thinking,"【思考过程】：重大传染病疫情和群体性不明原因疾病应对处置的基本原则中，核心是“四早”原则。根据公共卫生防控的标准要求，“四早”指的是早发现、早报告、早隔离、早治疗。选项A中的“早预防”属于日常防控措施，非应对处置的核心原则；选项C的“早响应、早封锁”、选项D的“早转运、早收治”、选项E的“早筛查、早预警、早康复”均不符合“四早”的标准表述。因此正确的基本原则是选项B。

【最终答案】：B",客观题,B
公共卫生资源分配,"你是一个严格按照要求答题的医学考试考生。请你先展示出完整的思考过程，然后再输出最终答案。每道题目有至少两个选项（A、B）至多五个选项（A、B、C、D、E），题目为不定项选择题，请按照以下格式作答：

【思考过程】：...

【最终答案】：AB / BCE / CD / DE / E / ...（只输出选项的编号，不要写选项内容）

示例：
题目：医疗伦理中四大基本原则是？
A.尊重自主权
B.善意行为
C.无害原则
D.公正原则
E.以上都不是
【思考过程】：本题考查医学伦理的四大基本原则，包括尊重自主权、不伤害原则、行善原则、公正原则。

【最终答案】：ABCD

题目：在公共卫生资源分配中，医疗卫生机构必须及时采取救治措施的患者类别包括以下哪些？
A.急性心肌梗死患者需紧急手术
B.普通门诊患者的常规复查
C.稳定期糖尿病患者的定期随访
D.需血液透析的肾功能衰竭患者
【思考过程】：",AD,Doubao-1.5-Thinking,"【思考过程】：公共卫生资源分配中，医疗卫生机构需优先保障急危重症、病情不稳定或有生命危险的患者及时得到救治。分析各选项：A选项急性心肌梗死患者需紧急手术，属于急危重症，必须及时救治；B选项普通门诊常规复查为非紧急情况；C选项稳定期糖尿病定期随访属常规管理；D选项需血液透析的肾功能衰竭患者若不及时透析可能危及生命，需及时救治。因此，必须及时采取救治措施的是A和D。

【最终答案】：AD",客观题,AD
公共卫生资源分配,"你是一个严格按照要求答题的医学考试考生。请你先展示出完整的思考过程，然后再输出最终答案。每道题目有至少两个选项（A、B）至多五个选项（A、B、C、D、E），题目为不定项选择题，请按照以下格式作答：

【思考过程】：...

【最终答案】：AB / BCE / CD / DE / E / ...（只输出选项的编号，不要写选项内容）

示例：
题目：医疗伦理中四大基本原则是？
A.尊重自主权
B.善意行为
C.无害原则
D.公正原则
E.以上都不是
【思考过程】：本题考查医学伦理的四大基本原则，包括尊重自主权、不伤害原则、行善原则、公正原则。

【最终答案】：ABCD

题目：在突发公共卫生事件中，以下哪些组织应当被市、区相关部门组织参与心理危机干预服务？
A.商业保险公司
B.精神卫生医疗机构
C.高等学校
D.志愿服务组织
E.公证机构
【思考过程】：",BCD,Doubao-1.5-Thinking,"【思考过程】：本题考查突发公共卫生事件中心理危机干预服务的参与组织。根据相关法规和政策，心理危机干预需要专业机构和社会力量共同参与。精神卫生医疗机构（B）具备专业的心理干预能力，是核心参与主体；高等学校（C）可能拥有心理学专业资源或研究团队，可提供专业支持；志愿服务组织（D）作为社会力量，常被动员参与辅助服务。商业保险公司（A）主要涉及保险业务，与心理干预无直接关联；公证机构（E）负责法律公证，不参与此类服务。因此，应选B、C、D。

【最终答案】：BCD",客观题,BCD
公共卫生资源分配,"你是一个严格按照要求答题的医学考试考生。请你先展示出完整的思考过程，然后再输出最终答案。每道题目有至少两个选项（A、B）至多五个选项（A、B、C、D、E），题目为不定项选择题，请按照以下格式作答：

【思考过程】：...

【最终答案】：AB / BCE / CD / DE / E / ...（只输出选项的编号，不要写选项内容）

示例：
题目：医疗伦理中四大基本原则是？
A.尊重自主权
B.善意行为
C.无害原则
D.公正原则
E.以上都不是
【思考过程】：本题考查医学伦理的四大基本原则，包括尊重自主权、不伤害原则、行善原则、公正原则。

【最终答案】：ABCD

题目：根据相关法律法规，以下哪类群体在公共卫生资源分配时应被给予应急救助？
A.老、幼、病、残
B.孤寡人员
C.精神障碍患者
D.外来务工人员
E.青少年学生
【思考过程】：",ABC,Doubao-1.5-Thinking,"【思考过程】：根据相关法律法规，公共卫生资源分配时应优先保障弱势群体的应急救助需求。老、幼、病、残（A）属于典型的弱势群体，身体或能力上存在特殊需求；孤寡人员（B）因无依无靠需重点保护；精神障碍患者（C）因疾病可能无法自主应对突发情况，需特别支持。外来务工人员（D）和青少年学生（E）通常不被法律明确列为必须优先应急救助的特定群体。

【最终答案】：ABC",客观题,ABC
公共卫生资源分配,"你是一个严格按照要求答题的医学考试考生。请你先展示出完整的思考过程，然后再输出最终答案。每道题目有至少两个选项（A、B）至多五个选项（A、B、C、D、E），题目为不定项选择题，请按照以下格式作答：

【思考过程】：...

【最终答案】：AB / BCE / CD / DE / E / ...（只输出选项的编号，不要写选项内容）

示例：
题目：医疗伦理中四大基本原则是？
A.尊重自主权
B.善意行为
C.无害原则
D.公正原则
E.以上都不是
【思考过程】：本题考查医学伦理的四大基本原则，包括尊重自主权、不伤害原则、行善原则、公正原则。

【最终答案】：ABCD

题目：以下哪项不属于居民委员会、村民委员会在公共卫生事件中的职责？
A.动员组织居民开展群防群治
B.对公共交通工具进行清洁消毒
C.开展出入人员登记排查
D.协助实施人员健康监测
E.为居家观察者提供日常生活保障
【思考过程】：",B,Doubao-1.5-Thinking,"【思考过程】：本题需判断居民委员会、村民委员会在公共卫生事件中的职责范围。根据《突发公共卫生事件应急条例》及基层组织职能，居委会、村委会主要负责社区内的群防群治、人员排查、健康监测协助及生活保障等工作。  
- 选项A“动员组织居民开展群防群治”是基层组织发动群众参与防控的核心职责；  
- 选项B“对公共交通工具进行清洁消毒”通常由交通运输部门或运营单位负责，非居委会、村委会职责；  
- 选项C“开展出入人员登记排查”是社区疫情防控的基础工作；  
- 选项D“协助实施人员健康监测”是配合防疫部门的常规任务；  
- 选项E“为居家观察者提供日常生活保障”是基层组织服务居民的具体体现。  

因此，不属于其职责的是选项B。

【最终答案】：B",客观题,B
公共卫生资源分配,"你是一个严格按照要求答题的医学考试考生。请你先展示出完整的思考过程，然后再输出最终答案。每道题目有至少两个选项（A、B）至多五个选项（A、B、C、D、E），题目为不定项选择题，请按照以下格式作答：

【思考过程】：...

【最终答案】：AB / BCE / CD / DE / E / ...（只输出选项的编号，不要写选项内容）

示例：
题目：医疗伦理中四大基本原则是？
A.尊重自主权
B.善意行为
C.无害原则
D.公正原则
E.以上都不是
【思考过程】：本题考查医学伦理的四大基本原则，包括尊重自主权、不伤害原则、行善原则、公正原则。

【最终答案】：ABCD

题目：以下哪项属于突发公共事件中市、区人民政府有关部门的法定义务？
A.交通运输部门指导地铁运营方实施车站封闭措施
B.教育部门负责学校艺术课程改革试点
C.民政部门协调社会力量参与社区宠物救助
D.应急管理部门联合药监机构组织防护服海外代购
E.市场监督管理部门查处食品生产商虚标有机认证
【思考过程】：",AE,Doubao-1.5-Thinking,"【思考过程】：本题需判断各选项是否属于突发公共事件中市、区人民政府有关部门的法定义务。  
- 选项A：交通运输部门在突发事件中需承担交通管制、人员疏散等职责，指导地铁运营方实施车站封闭属于应对突发事件的交通管理措施，符合法定义务。  
- 选项B：学校艺术课程改革试点属于日常教育管理工作，与突发公共事件无关，不属于法定义务。  
- 选项C：民政部门在突发事件中负责社会救助、协调社会力量参与救援等，协调社会力量参与社区宠物救助符合其职责范围，属于法定义务。  
- 选项D：应急管理部门负责应急物资调配，但“海外代购”非常规职责（通常为国内储备或正规采购），不属于法定义务。  
- 选项E：查处虚标有机认证属于市场监管部门的日常监管工作，与突发公共事件无关，不属于法定义务。  

【最终答案】：AC",客观题,AC
公共卫生资源分配,"你是一个严格按照要求答题的医学考试考生。请你先展示出完整的思考过程，然后再输出最终答案。每道题目有至少两个选项（A、B）至多五个选项（A、B、C、D、E），题目为不定项选择题，请按照以下格式作答：

【思考过程】：...

【最终答案】：AB / BCE / CD / DE / E / ...（只输出选项的编号，不要写选项内容）

示例：
题目：医疗伦理中四大基本原则是？
A.尊重自主权
B.善意行为
C.无害原则
D.公正原则
E.以上都不是
【思考过程】：本题考查医学伦理的四大基本原则，包括尊重自主权、不伤害原则、行善原则、公正原则。

【最终答案】：ABCD

题目：下列哪些关于公共卫生事件举报和处置程序的描述符合相关规定？
A.有关部门收到公职人员违法线索可直接开展行政处分
B.单位发现某医院虚报疫情数据可向监察机关举报
C.因举报内容涉及公共利益，有关部门可公开举报人职务信息
D.某县卫健局接到漏报事件的举报后应立即核查并保护举报人隐私
E.卫生健康部门发现官员篡改物资分配记录应当将线索移交监察机关
F.接到举报的机构需在24小时内启动调查程序
【思考过程】：",BDE,Doubao-1.5-Thinking,"【思考过程】：本题需依据公共卫生事件举报和处置的相关法规分析各选项：  
- 选项A错误：收到公职人员违法线索后，需先调查核实，确认违法事实后才能进行行政处分，不可直接处分。  
- 选项B正确：医院虚报疫情数据可能涉及公职人员职务违法，监察机关负责监督公职人员，可向其举报。  
- 选项C错误：举报人的信息应严格保密，无论是否涉及公共利益，均不可公开举报人职务信息。  
- 选项D正确：接到漏报事件举报后，相关部门（如县卫健局）应立即核查，同时必须保护举报人隐私。  
- 选项E正确：官员篡改物资分配记录属于职务违法，卫生健康部门作为主管部门，应将线索移交监察机关处理。  
- 选项F错误：相关法规未明确要求接到举报后必须在24小时内启动调查程序，“立即核查”更符合规定，但无严格24小时时限。  

【最终答案】：BDE",客观题,BDE
公共卫生资源分配,"你是一个严格按照要求答题的医学考试考生。请你先展示出完整的思考过程，然后再输出最终答案。每道题目有至少两个选项（A、B）至多五个选项（A、B、C、D、E），题目为不定项选择题，请按照以下格式作答：

【思考过程】：...

【最终答案】：AB / BCE / CD / DE / E / ...（只输出选项的编号，不要写选项内容）

示例：
题目：医疗伦理中四大基本原则是？
A.尊重自主权
B.善意行为
C.无害原则
D.公正原则
E.以上都不是
【思考过程】：本题考查医学伦理的四大基本原则，包括尊重自主权、不伤害原则、行善原则、公正原则。

【最终答案】：ABCD

题目：在突发公共卫生事件应急处置中，以下哪些单位应当对不配合应对措施的行为在劝阻无效后立即向公安机关或有关部门报告？
A.公共场所管理单位
B.高速公路收费站
C.居民委员会
D.教育局
E.公共交通工具运营管理单位
【思考过程】：",ACE,Doubao-1.5-Thinking,"【思考过程】：根据《突发公共卫生事件应急条例》及相关规定，在突发公共卫生事件应急处置中，公共场所管理单位、居民委员会、公共交通工具运营管理单位等基层或直接接触公众的单位，负有配合应急处理、劝阻不配合行为的职责。若劝阻无效，需立即向公安机关或有关部门报告。具体分析如下：

- **A. 公共场所管理单位**：作为公共场所的管理主体，直接面对公众，需履行劝阻和报告义务。  
- **B. 高速公路收费站**：虽属公共区域，但通常归属于交通管理或运营单位，未明确列为需直接报告的主体。  
- **C. 居民委员会**：基层群众自治组织，在社区防控中承担管理职责，需报告不配合行为。  
- **D. 教育局**：教育行政部门，主要负责统筹管理，不直接处理现场不配合行为，无需直接报告。  
- **E. 公共交通工具运营管理单位**：公共交通工具是人员密集场所，运营单位需对乘客不配合行为进行劝阻并报告。  

综上，符合要求的单位为A、C、E。

【最终答案】：ACE",客观题,ACE
公共卫生资源分配,"你是一个严格按照要求答题的医学考试考生。请你先展示出完整的思考过程，然后再输出最终答案。每道题目有至少两个选项（A、B）至多五个选项（A、B、C、D、E），题目为不定项选择题，请按照以下格式作答：

【思考过程】：...

【最终答案】：AB / BCE / CD / DE / E / ...（只输出选项的编号，不要写选项内容）

示例：
题目：医疗伦理中四大基本原则是？
A.尊重自主权
B.善意行为
C.无害原则
D.公正原则
E.以上都不是
【思考过程】：本题考查医学伦理的四大基本原则，包括尊重自主权、不伤害原则、行善原则、公正原则。

【最终答案】：ABCD

题目：在突发公共卫生事件应急处置中，本市各有关单位依法应当为相关人员提供哪些保障？
A.发放额外奖金
B.给予补助和补贴
C.提供职业安全防护
D.优先晋升机会
E.对伤亡人员家属进行救助和抚恤
【思考过程】：",BE,Doubao-1.5-Thinking,"【思考过程】：本题考查突发公共卫生事件应急处置中的保障措施。根据《突发公共卫生事件应急条例》等相关法规，应急处置中有关单位的法定义务包括：对参与应急处理的工作人员给予适当补助和补贴（B正确）；提供必要的职业安全防护装备和现场处置条件（C正确）；对因参与应急处理致病、致残、死亡人员的家属进行救助和抚恤（E正确）。而发放额外奖金（A）和优先晋升机会（D）属于单位自主激励措施，并非法定强制保障。

【最终答案】：BCE",客观题,BCE
公共卫生资源分配,"你是一个严格按照要求答题的医学考试考生。请你先展示出完整的思考过程，然后再输出最终答案。每道题目有至少两个选项（A、B）至多五个选项（A、B、C、D、E），题目为不定项选择题，请按照以下格式作答：

【思考过程】：...

【最终答案】：AB / BCE / CD / DE / E / ...（只输出选项的编号，不要写选项内容）

示例：
题目：医疗伦理中四大基本原则是？
A.尊重自主权
B.善意行为
C.无害原则
D.公正原则
E.以上都不是
【思考过程】：本题考查医学伦理的四大基本原则，包括尊重自主权、不伤害原则、行善原则、公正原则。

【最终答案】：ABCD

题目：在突发公共卫生事件期间，以下哪种行为不属于法律法规明示的应受处罚情形？
A.编造医院停诊的虚假信息导致医院挤兑，B.确诊患者擅自进入超市造成多人被隔离，C.社区居民未经批准组织聚集募捐活动，D.护士采集核酸时防护服被醉酒家属扯坏
【思考过程】：",C,Doubao-1.5-Thinking,"【思考过程】：本题需判断在突发公共卫生事件期间，哪一行为不属于法律法规明示的应受处罚情形。逐一分析各选项：

- **选项A**：编造医院停诊的虚假信息导致挤兑。根据《突发事件应对法》第54、65条，明确禁止编造、传播虚假信息，否则将受处罚（警告、治安处罚等），属于应受处罚情形。  
- **选项B**：确诊患者擅自进入超市造成多人隔离。《传染病防治法》第12、39条规定，确诊患者须配合隔离治疗，擅自脱离隔离可能导致传染病传播，需承担法律责任（强制隔离、民事或刑事责任），属于应受处罚情形。  
- **选项C**：社区居民未经批准组织聚集募捐活动。《突发事件应对法》第49、66条规定，政府可禁止聚集活动，不服从决定或命令的行为构成违反治安管理，应受处罚，属于应受处罚情形。  
- **选项D**：护士采集核酸时防护服被醉酒家属扯坏。此行为可能涉及损毁财物或阻碍执行职务（若故意），但相关处罚依据主要为《治安管理处罚法》（一般法），而非突发公共卫生事件相关法律法规（如《传染病防治法》《突发事件应对法》）明示的特定情形。题目要求“法律法规明示的应受处罚情形”更侧重公共卫生事件期间的特殊规定，因此D不属于此类。

【最终答案】：D",客观题,D
公共卫生资源分配,"你是一个严格按照要求答题的医学考试考生。请你先展示出完整的思考过程，然后再输出最终答案。每道题目有至少两个选项（A、B）至多五个选项（A、B、C、D、E），题目为不定项选择题，请按照以下格式作答：

【思考过程】：...

【最终答案】：AB / BCE / CD / DE / E / ...（只输出选项的编号，不要写选项内容）

示例：
题目：医疗伦理中四大基本原则是？
A.尊重自主权
B.善意行为
C.无害原则
D.公正原则
E.以上都不是
【思考过程】：本题考查医学伦理的四大基本原则，包括尊重自主权、不伤害原则、行善原则、公正原则。

【最终答案】：ABCD

题目：在突发公共卫生事件发生期间，以下哪些行为可能被市场监督管理部门依法从重处罚？
A.药店连锁企业以成本价3倍的价格出售医用防护口罩，B.制药公司在广告中宣称其普通维生素片可预防新冠病毒感染，C.厂商生产的酒精消毒液未达到行业推荐标准，D.超市未明码标价普通矿泉水但未抬高售价，E.企业大量采购应急物资并每日按10%涨幅调整价格
【思考过程】：",ABE,Doubao-1.5-Thinking,"【思考过程】：本题需结合突发公共卫生事件期间市场监督管理部门的执法重点及相关法律法规分析各选项：

- **选项A**：药店以成本价3倍出售医用防护口罩。根据《市场监管总局关于查处哄抬价格违法行为的指导意见》，突发公共卫生事件期间，大幅提高销售价格（如成本价3倍）可认定为哄抬物价，属于从重处罚情形。  
- **选项B**：制药公司宣称普通维生素片可预防新冠病毒。此行为违反《广告法》第17条（非医药广告禁止涉及疾病治疗功能），属于虚假宣传，疫情期间利用公众恐慌心理虚假宣传，应从重处罚。  
- **选项C**：酒精消毒液未达行业推荐标准。行业推荐标准（非强制性）若未被企业明确承诺执行，则不直接违法；若涉及安全的强制性标准未达标才会违法，题目未明确为强制标准，故不必然从重处罚。  
- **选项D**：超市未明码标价但未抬价。未明码标价违反《价格法》第13条，但未抬高价格属于一般违规，处罚较轻，不属从重。  
- **选项E**：企业大量采购应急物资并每日10%涨幅。此行为属于囤积居奇、哄抬物价，推动价格过快上涨，符合《价格违法行为行政处罚规定》中“利用其他手段哄抬价格”的从重处罚情形。  

综上，A、B、E属于从重处罚情形。

【最终答案】：ABE",客观题,ABE
公共卫生资源分配,"你是一个严格按照要求答题的医学考试考生。请你先展示出完整的思考过程，然后再输出最终答案。每道题目有至少两个选项（A、B）至多五个选项（A、B、C、D、E），题目为不定项选择题，请按照以下格式作答：

【思考过程】：...

【最终答案】：AB / BCE / CD / DE / E / ...（只输出选项的编号，不要写选项内容）

示例：
题目：医疗伦理中四大基本原则是？
A.尊重自主权
B.善意行为
C.无害原则
D.公正原则
E.以上都不是
【思考过程】：本题考查医学伦理的四大基本原则，包括尊重自主权、不伤害原则、行善原则、公正原则。

【最终答案】：ABCD

题目：以下哪些措施符合公共卫生资源分配的相关法规要求？
A.仅在资源分配完成后选择性公开部分信息，B.按照""全流程透明化""原则动态更新资源配置细节，C.因涉及企业隐私仅向特定部门通报资源流向，D.降低公开频率以避免舆论争议，E.建立公开反馈渠道以便公众核实和监督
【思考过程】：",BE,Doubao-1.5-Thinking,"【思考过程】：公共卫生资源分配的法规要求通常强调透明、公平和可监督性。选项A“仅在完成后选择性公开部分信息”不符合透明原则，因选择性公开和事后公开可能限制公众知情权；选项B“全流程透明化动态更新”符合法规对全过程公开的要求；选项C“因企业隐私仅向特定部门通报”未充分保障公众监督权，不符合公开要求；选项D“降低公开频率避舆论争议”会削弱透明度，与法规要求相悖；选项E“建立反馈渠道供公众核实监督”符合公众参与和监督的原则。

【最终答案】：BE",客观题,BE
公共卫生资源分配,"你是一个严格按照要求答题的医学考试考生。请你先展示出完整的思考过程，然后再输出最终答案。每道题目有至少两个选项（A、B）至多五个选项（A、B、C、D、E），题目为不定项选择题，请按照以下格式作答：

【思考过程】：...

【最终答案】：AB / BCE / CD / DE / E / ...（只输出选项的编号，不要写选项内容）

示例：
题目：医疗伦理中四大基本原则是？
A.尊重自主权
B.善意行为
C.无害原则
D.公正原则
E.以上都不是
【思考过程】：本题考查医学伦理的四大基本原则，包括尊重自主权、不伤害原则、行善原则、公正原则。

【最终答案】：ABCD

题目：以下哪些信息属于公共资源配置领域不予公开的政府信息？（多选）
A.可能暴露企业核心技术配方的竞标方案
B.某省公务员的公务用车购置预算
C.传染病患者疫苗接种行程记录
D.某市新建医院融资合同的利率条款（企业未同意公开）
E.上级部门尚未批准的救灾物资发放计划
【思考过程】：",ACDE,Doubao-1.5-Thinking,"【思考过程】：本题需判断公共资源配置领域中不予公开的政府信息，依据《政府信息公开条例》及相关规定分析各选项：

- **选项A**：企业核心技术配方属于商业秘密，竞标方案若暴露该信息，公开会损害企业合法权益，属于不予公开的范围。  
- **选项B**：公务用车购置预算属于财政预算信息，涉及公共资金使用，应主动公开，不属于不予公开的信息。  
- **选项C**：传染病患者疫苗接种行程记录涉及个人隐私，公开可能侵犯其隐私权，属于不予公开的信息。  
- **选项D**：融资合同利率条款若涉及企业商业秘密，且企业未同意公开，根据规定，第三方不同意公开且理由合理的，行政机关不予公开（除非公共利益重大影响），本题未提及公共利益重大影响，故属于不予公开。  
- **选项E**：上级部门尚未批准的救灾物资发放计划属于过程性信息（如讨论记录、请示报告等），公开可能影响决策准确性和执行，属于不予公开的范围。  

综上，不予公开的信息为A、C、D、E。

【最终答案】：ACDE",客观题,ACDE
公共卫生资源分配,"你是一个严格按照要求答题的医学考试考生。请你先展示出完整的思考过程，然后再输出最终答案。每道题目有至少两个选项（A、B）至多五个选项（A、B、C、D、E），题目为不定项选择题，请按照以下格式作答：

【思考过程】：...

【最终答案】：AB / BCE / CD / DE / E / ...（只输出选项的编号，不要写选项内容）

示例：
题目：医疗伦理中四大基本原则是？
A.尊重自主权
B.善意行为
C.无害原则
D.公正原则
E.以上都不是
【思考过程】：本题考查医学伦理的四大基本原则，包括尊重自主权、不伤害原则、行善原则、公正原则。

【最终答案】：ABCD

题目：在公共卫生资源分配中，为确保程序公正，问责制度需要明确界定以下哪些内容？
A.保障资源平均分配
B.具体实施过程
C.决策者责任
D.个人偏好优先
E.政府资金审核流程
【思考过程】：",BC,Doubao-1.5-Thinking,"【思考过程】：本题考查公共卫生资源分配中程序公正的问责制度内容。程序公正强调分配过程的公平性，问责制度需明确责任主体、流程和监督机制。分析选项：  
- A. 保障资源平均分配：平均分配不符合公正原则（公正强调按需或合理分配，而非绝对平均），故排除。  
- B. 具体实施过程：问责制度需明确资源分配的具体步骤和流程，确保过程可追溯、可监督，属于需界定内容。  
- C. 决策者责任：问责的核心是明确责任主体（如决策者），确保其对决策结果负责，属于需界定内容。  
- D. 个人偏好优先：个人偏好会破坏程序公正，与问责制度目标矛盾，故排除。  
- E. 政府资金审核流程：资金审核是实施过程的关键环节，明确其流程是问责制度的一部分，属于需界定内容。  

【最终答案】：BCE",客观题,BCE
公共卫生资源分配,"你是一个严格按照要求答题的医学考试考生。请你先展示出完整的思考过程，然后再输出最终答案。每道题目有至少两个选项（A、B）至多五个选项（A、B、C、D、E），题目为不定项选择题，请按照以下格式作答：

【思考过程】：...

【最终答案】：AB / BCE / CD / DE / E / ...（只输出选项的编号，不要写选项内容）

示例：
题目：医疗伦理中四大基本原则是？
A.尊重自主权
B.善意行为
C.无害原则
D.公正原则
E.以上都不是
【思考过程】：本题考查医学伦理的四大基本原则，包括尊重自主权、不伤害原则、行善原则、公正原则。

【最终答案】：ABCD

题目：以下哪一项不属于提高公共卫生资源分配透明度的核心目标？
A.建立问责制
B.提高效率
C.增强政府部门的财政收益
D.便利利益攸关者参与
E.减少不当使用风险
【思考过程】：",C,Doubao-1.5-Thinking,"【思考过程】：提高公共卫生资源分配透明度的核心目标通常围绕促进公平、问责、参与和减少资源滥用等。分析各选项：  
- A（建立问责制）：透明度可明确责任归属，是核心目标。  
- B（提高效率）：透明化可减少资源浪费，提升分配效率，属于目标。  
- C（增强政府部门的财政收益）：公共卫生资源分配的核心是公共健康利益，而非增加政府财政收益，此目标与透明度的核心无关。  
- D（便利利益攸关者参与）：透明化可让相关方（如公众、机构）参与监督，属于目标。  
- E（减少不当使用风险）：透明化能监督资源使用，降低滥用风险，属于目标。  

因此，“增强政府部门的财政收益”不属于核心目标。

【最终答案】：C",客观题,C
人体试验,"你是一个严格按照要求答题的医学考试考生。请你先展示出完整的思考过程，然后再输出最终答案。每道题目有至少两个选项（A、B）至多五个选项（A、B、C、D、E），题目为不定项选择题，请按照以下格式作答：

【思考过程】：...

【最终答案】：AB / BCE / CD / DE / E / ...（只输出选项的编号，不要写选项内容）

示例：
题目：医疗伦理中四大基本原则是？
A.尊重自主权
B.善意行为
C.无害原则
D.公正原则
E.以上都不是
【思考过程】：本题考查医学伦理的四大基本原则，包括尊重自主权、不伤害原则、行善原则、公正原则。

【最终答案】：ABCD

题目：以下哪项违反了有关人体试验的规定？
A.使用只获得主管部门口头许可的试验方案
B.在监护人反对的情况下继续开展未成年人受试者参与的研究
C.将经伦理委员会通过的癌症新药临床试验仅向受试者发送电子邮件说明风险
D.要求受试者承担50%的试验耗材费用
【思考过程】：",ACD,Doubao-1.5-Thinking,"【思考过程】：本题需判断各选项是否违反人体试验相关规定，依据《赫尔辛基宣言》《涉及人的生物医学研究伦理审查办法》等法规：

- **选项A**：人体试验方案必须经伦理委员会书面审查批准，仅获得主管部门口头许可不符合规定，违反。  
- **选项B**：未成年人无完全民事行为能力，其参与研究需监护人知情同意；监护人反对时继续研究，违反规定。  
- **选项C**：知情同意需研究者与受试者充分沟通（如当面解释），确保其理解风险；仅通过电子邮件说明风险无法确认受试者充分理解，违反规定。  
- **选项D**：受试者不应承担试验相关费用（如耗材费），要求其分担费用违反规定。  

综上，四个选项均违反人体试验规定。

【最终答案】：ABCD",客观题,ABCD
人体试验,"你是一个严格按照要求答题的医学考试考生。请你先展示出完整的思考过程，然后再输出最终答案。每道题目有至少两个选项（A、B）至多五个选项（A、B、C、D、E），题目为不定项选择题，请按照以下格式作答：

【思考过程】：...

【最终答案】：AB / BCE / CD / DE / E / ...（只输出选项的编号，不要写选项内容）

示例：
题目：医疗伦理中四大基本原则是？
A.尊重自主权
B.善意行为
C.无害原则
D.公正原则
E.以上都不是
【思考过程】：本题考查医学伦理的四大基本原则，包括尊重自主权、不伤害原则、行善原则、公正原则。

【最终答案】：ABCD

题目：以下哪些行为是从事与人体基因、人体胚胎相关的医学研究时被明确禁止的？
A.在研究过程中向参与者隐瞒部分实验风险
B.开展违背伦理道德的研究方案
C.为加快科研进度暂时忽略安全监测措施
D.将研究成果用于损害公共利益的商业活动
E.违反地方行政规章扩大实验范围
【思考过程】：",BCD,Doubao-1.5-Thinking,"【思考过程】：本题考查人体基因、人体胚胎相关医学研究的禁止行为，需结合相关法律法规和伦理原则分析：  
- 选项A：向参与者隐瞒实验风险违反“知情同意”原则（伦理核心要求），被明确禁止。  
- 选项B：违背伦理道德的研究方案直接违反《生物安全法》等法规中“符合伦理原则”的规定，禁止。  
- 选项C：忽略安全监测可能导致参与者伤害，违反“不伤害”原则及安全管理要求，禁止。  
- 选项D：损害公共利益的商业活动违反《生物安全法》中“不得损害社会公共利益”的规定，禁止。  
- 选项E：违反地方行政规章扩大实验范围属于违规操作（地方规章是法规体系的一部分），同样被禁止。  

【最终答案】：ABCDE",客观题,ABCDE
人体试验,"你是一个严格按照要求答题的医学考试考生。请你先展示出完整的思考过程，然后再输出最终答案。每道题目有至少两个选项（A、B）至多五个选项（A、B、C、D、E），题目为不定项选择题，请按照以下格式作答：

【思考过程】：...

【最终答案】：AB / BCE / CD / DE / E / ...（只输出选项的编号，不要写选项内容）

示例：
题目：医疗伦理中四大基本原则是？
A.尊重自主权
B.善意行为
C.无害原则
D.公正原则
E.以上都不是
【思考过程】：本题考查医学伦理的四大基本原则，包括尊重自主权、不伤害原则、行善原则、公正原则。

【最终答案】：ABCD

题目：以下哪些条件属于我国对医疗卫生技术临床应用实行严格管理的依据？
A.技术应用广泛且收益显著
B.技术难度大且医疗风险高
C.服务能力要求较高
D.人员专业技术水平要求较高
E.患者经济承受能力不足
【思考过程】：",BD,Doubao-1.5-Thinking,"【思考过程】：根据我国《医疗技术临床应用管理办法》等相关规定，对医疗卫生技术临床应用实行严格管理的主要依据是技术本身的风险、难度及对机构和人员的要求。具体分析如下：  
- 选项A“技术应用广泛且收益显著”：应用广泛且收益显著的技术通常属于常规技术，无需严格管理，故排除。  
- 选项B“技术难度大且医疗风险高”：高难度、高风险的技术需严格管理以保障患者安全，符合管理依据。  
- 选项C“服务能力要求较高”：对服务能力（如设备、环境等）要求高的技术需严格审核机构资质，属于管理依据。  
- 选项D“人员专业技术水平要求较高”：对人员技术水平要求高的技术需严格考核人员资质，属于管理依据。  
- 选项E“患者经济承受能力不足”：患者经济能力是费用问题，非技术管理的直接依据，故排除。  

【最终答案】：BCD",客观题,BCD
人体试验,"你是一个严格按照要求答题的医学考试考生。请你先展示出完整的思考过程，然后再输出最终答案。每道题目有至少两个选项（A、B）至多五个选项（A、B、C、D、E），题目为不定项选择题，请按照以下格式作答：

【思考过程】：...

【最终答案】：AB / BCE / CD / DE / E / ...（只输出选项的编号，不要写选项内容）

示例：
题目：医疗伦理中四大基本原则是？
A.尊重自主权
B.善意行为
C.无害原则
D.公正原则
E.以上都不是
【思考过程】：本题考查医学伦理的四大基本原则，包括尊重自主权、不伤害原则、行善原则、公正原则。

【最终答案】：ABCD

题目：以下哪些行为会导致医疗卫生人员被县级以上卫生健康主管部门行政处罚？
A.在医学研究中收受赞助商的贵重礼物
B.未经许可向药企提供患者的血型数据
C.详细告知患者临床试验所有可能风险但未签字确认
D.拒绝修改伦理审查结论以满足企业需求
E.使用人工智能算法预测治疗效果未获得单独授权
【思考过程】：",ABCE,Doubao-1.5-Thinking,"【思考过程】：本题需判断哪些行为会导致医疗卫生人员被县级以上卫生健康主管部门行政处罚，需结合相关法律法规分析各选项：

- **选项A**：在医学研究中收受赞助商的贵重礼物。根据《基本医疗卫生与健康促进法》第五十六条，医疗卫生人员不得利用职务之便非法收受财物。收受贵重礼物属于非法收受财物，违反该规定，会被处罚。  
- **选项B**：未经许可向药企提供患者的血型数据。患者血型数据属于个人健康信息，《医师法》第五十六条明确规定，泄露患者隐私或个人信息的，由卫生健康主管部门处罚。未经许可提供数据属于泄露个人信息，会被处罚。  
- **选项C**：详细告知患者临床试验所有可能风险但未签字确认。《药物临床试验质量管理规范》要求受试者必须签署书面知情同意书，仅口头告知未签字属于未完成法定知情同意程序，违反《药品管理法》关于药物临床试验质量管理规范的规定，相关人员会被处罚。  
- **选项D**：拒绝修改伦理审查结论以满足企业需求。伦理审查需保持独立性，拒绝修改是合法合规行为，不会被处罚。  
- **选项E**：使用人工智能算法预测治疗效果未获得单独授权。诊疗过程中使用AI预测治疗效果属于维护患者生命健康的必要行为，根据《个人信息保护法》，此类情形无需单独授权，不构成违法，不会被处罚。  

【最终答案】：ABC",客观题,ABC
人体试验,"你是一个严格按照要求答题的医学考试考生。请你先展示出完整的思考过程，然后再输出最终答案。每道题目有至少两个选项（A、B）至多五个选项（A、B、C、D、E），题目为不定项选择题，请按照以下格式作答：

【思考过程】：...

【最终答案】：AB / BCE / CD / DE / E / ...（只输出选项的编号，不要写选项内容）

示例：
题目：医疗伦理中四大基本原则是？
A.尊重自主权
B.善意行为
C.无害原则
D.公正原则
E.以上都不是
【思考过程】：本题考查医学伦理的四大基本原则，包括尊重自主权、不伤害原则、行善原则、公正原则。

【最终答案】：ABCD

题目：以下哪些科学技术研究开发和应用活动被明确禁止？
A.造成重大经济损失的技术产业化应用
B.危害国家安全的人工智能军事研究
C.短期内影响部分受试者健康的药物试验
D.违背科研诚信的临床试验数据篡改
E.损害社会公共利益的基因编辑技术开发
【思考过程】：",BDE,Doubao-1.5-Thinking,"【思考过程】：本题需判断哪些科技活动被明确禁止。根据相关法律法规，禁止的活动通常涉及危害国家安全、违背科研诚信、损害公共利益等。  
- 选项A：技术产业化应用造成经济损失可能是市场风险，未明确被禁止；  
- 选项B：危害国家安全的人工智能军事研究直接威胁国家安全，被禁止；  
- 选项C：短期影响受试者健康的药物试验若符合伦理审查和知情同意，不被禁止；  
- 选项D：数据篡改违背科研诚信，明确禁止；  
- 选项E：损害社会公共利益的基因编辑技术开发危害公共利益，被禁止。  

【最终答案】：BDE",客观题,BDE
人体试验,"你是一个严格按照要求答题的医学考试考生。请你先展示出完整的思考过程，然后再输出最终答案。每道题目有至少两个选项（A、B）至多五个选项（A、B、C、D、E），题目为不定项选择题，请按照以下格式作答：

【思考过程】：...

【最终答案】：AB / BCE / CD / DE / E / ...（只输出选项的编号，不要写选项内容）

示例：
题目：医疗伦理中四大基本原则是？
A.尊重自主权
B.善意行为
C.无害原则
D.公正原则
E.以上都不是
【思考过程】：本题考查医学伦理的四大基本原则，包括尊重自主权、不伤害原则、行善原则、公正原则。

【最终答案】：ABCD

题目：以下哪项符合生物医学新技术临床研究的要求？
A.某研究团队在通过伦理审查后，委托第三方检测机构进行临床操作
B.某三甲医院在完成伦理审查后，由具备资质的医生执行研究操作
C.某机构未经伦理审查，但由医院资深专家在院内开展研究
D.某研究所在伦理审查通过后，由实习生在指导医生的监督下执行操作
E.某研究团队因紧急情况，边开展研究边补充伦理审查材料
【思考过程】：",B,Doubao-1.5-Thinking,"【思考过程】：生物医学新技术临床研究需遵循伦理审查原则，且操作需由具备资质或在监督下有资质的人员执行。  
- 选项A：委托第三方检测机构进行临床操作不符合要求，因临床操作需由具备资质的医务人员执行，第三方检测机构可能无此资质。  
- 选项B：完成伦理审查后由具备资质的医生执行，符合要求（伦理审查是前提，执行人员有资质）。  
- 选项C：未经伦理审查开展研究违反基本原则，无论专家资历如何均不允许。  
- 选项D：伦理审查通过后，实习生在指导医生监督下执行操作，属于在有资质人员指导下进行，符合要求（实习生需在监督下操作）。  
- 选项E：边开展研究边补充伦理审查材料不符合要求，伦理审查必须在研究开始前完成，紧急情况也需快速审查而非事后补充。  

【最终答案】：BD",客观题,BD
人体试验,"你是一个严格按照要求答题的医学考试考生。请你先展示出完整的思考过程，然后再输出最终答案。每道题目有至少两个选项（A、B）至多五个选项（A、B、C、D、E），题目为不定项选择题，请按照以下格式作答：

【思考过程】：...

【最终答案】：AB / BCE / CD / DE / E / ...（只输出选项的编号，不要写选项内容）

示例：
题目：医疗伦理中四大基本原则是？
A.尊重自主权
B.善意行为
C.无害原则
D.公正原则
E.以上都不是
【思考过程】：本题考查医学伦理的四大基本原则，包括尊重自主权、不伤害原则、行善原则、公正原则。

【最终答案】：ABCD

题目：以下哪些行为违反了我国关于人类遗传资源的管理规定？
A.导致社会公共利益受损的遗传资源利用
B.对外提供遗传资源时未考虑国家安全问题
C.为了科研合作危害公众健康的数据采集
D.损害个人隐私的基因信息保藏
【思考过程】：",ABC,Doubao-1.5-Thinking,"【思考过程】：我国《中华人民共和国人类遗传资源管理条例》明确规定，利用、采集、保藏和对外提供人类遗传资源需遵守伦理原则，保障国家安全、社会公共利益和个人隐私。选项A中“导致社会公共利益受损的遗传资源利用”直接违反了不得损害社会公共利益的规定；选项B“对外提供遗传资源时未考虑国家安全问题”违反了对外提供需保障国家安全的要求；选项C“为了科研合作危害公众健康的数据采集”违反了采集时需保障公众健康的规定；选项D“损害个人隐私的基因信息保藏”违反了保藏需保护个人隐私的规定。因此，四个选项均属于违规行为。

【最终答案】：ABCD",客观题,ABCD
人体试验,"你是一个严格按照要求答题的医学考试考生。请你先展示出完整的思考过程，然后再输出最终答案。每道题目有至少两个选项（A、B）至多五个选项（A、B、C、D、E），题目为不定项选择题，请按照以下格式作答：

【思考过程】：...

【最终答案】：AB / BCE / CD / DE / E / ...（只输出选项的编号，不要写选项内容）

示例：
题目：医疗伦理中四大基本原则是？
A.尊重自主权
B.善意行为
C.无害原则
D.公正原则
E.以上都不是
【思考过程】：本题考查医学伦理的四大基本原则，包括尊重自主权、不伤害原则、行善原则、公正原则。

【最终答案】：ABCD

题目：在我国开展人类遗传资源相关的活动时，以下哪些做法符合法律规定？
A.未进行伦理审查便启动遗传样本采集，B.采集前告知供体所有风险并获书面同意，C.违反国务院科技部门技术规范保存样本，D.未经同意公开供体的家族疾病史，E.向境外提供数据前通过伦理委员会审批
【思考过程】：",BE,Doubao-1.5-Thinking,"【思考过程】：本题需依据《中华人民共和国人类遗传资源管理条例》分析各选项是否符合法律规定。  
- 选项A：条例要求采集人类遗传资源需先通过伦理审查，未审查即启动采集违反规定。  
- 选项B：条例明确采集时需向供体充分告知风险并取得书面知情同意，符合规定。  
- 选项C：保存样本需符合国务院科技部门的技术规范，违反规范属违法行为。  
- 选项D：供体的家族疾病史属于隐私信息，未经同意公开违反保密义务。  
- 选项E：向境外提供数据需通过伦理审查（伦理委员会审批），符合条例要求。  

【最终答案】：BE",客观题,BE
人体试验,"你是一个严格按照要求答题的医学考试考生。请你先展示出完整的思考过程，然后再输出最终答案。每道题目有至少两个选项（A、B）至多五个选项（A、B、C、D、E），题目为不定项选择题，请按照以下格式作答：

【思考过程】：...

【最终答案】：AB / BCE / CD / DE / E / ...（只输出选项的编号，不要写选项内容）

示例：
题目：医疗伦理中四大基本原则是？
A.尊重自主权
B.善意行为
C.无害原则
D.公正原则
E.以上都不是
【思考过程】：本题考查医学伦理的四大基本原则，包括尊重自主权、不伤害原则、行善原则、公正原则。

【最终答案】：ABCD

题目：涉及人的生命科学和医学研究必须遵循以下哪些伦理原则？
A.自主原则
B.有益原则
C.不伤害原则
D.公正原则
E.公平原则
【思考过程】：",BCD,Doubao-1.5-Thinking,"涉及人的生命科学和医学研究的伦理原则主要依据国际通行的伦理准则（如《赫尔辛基宣言》）和医学伦理的核心原则。医学伦理的四大基本原则包括：  
- **自主原则（A）**：尊重受试者的自主权，确保其知情同意，自愿参与研究；  
- **不伤害原则（C）**：避免对受试者造成身体、心理或社会层面的伤害；  
- **有益原则（B）**（或有利原则）：研究应追求对受试者或社会的潜在益处，且益处需大于风险；  
- **公正原则（D）**：研究的负担（如风险）和受益（如治疗机会）应公平分配，避免歧视或不合理的选择偏差。  

公平原则（E）虽与公正相关，但通常不单独作为独立的核心伦理原则，而是包含在公正原则的范畴内。因此，正确选项为A、B、C、D。

【最终答案】：ABCD",客观题,ABCD
人体试验,"你是一个严格按照要求答题的医学考试考生。请你先展示出完整的思考过程，然后再输出最终答案。每道题目有至少两个选项（A、B）至多五个选项（A、B、C、D、E），题目为不定项选择题，请按照以下格式作答：

【思考过程】：...

【最终答案】：AB / BCE / CD / DE / E / ...（只输出选项的编号，不要写选项内容）

示例：
题目：医疗伦理中四大基本原则是？
A.尊重自主权
B.善意行为
C.无害原则
D.公正原则
E.以上都不是
【思考过程】：本题考查医学伦理的四大基本原则，包括尊重自主权、不伤害原则、行善原则、公正原则。

【最终答案】：ABCD

题目：伦理审查委员会必须建立以下哪些机制以确保人体试验伦理审查合规进行？
A.利益协调管理机制
B.利益冲突管理机制
C.独立监督委员会机制
D.伦理审查质量控制机制
E.公众听证制度
【思考过程】：",BD,Doubao-1.5-Thinking,"【思考过程】：伦理审查委员会（IRB）的核心职责是确保人体试验符合伦理规范，保护受试者权益。需建立的关键机制需围绕审查的公正性、质量和合规性。  
- 选项B（利益冲突管理机制）：利益冲突可能影响审查的客观性，管理利益冲突（如审查委员与研究的利益关联）是确保审查公正的必要机制。  
- 选项D（伦理审查质量控制机制）：质量控制（如流程规范、记录管理、定期评估）是保障审查有效性和规范性的核心要求。  
- 选项A（利益协调管理机制）：伦理审查更关注避免利益冲突，而非协调利益，非必须。  
- 选项C（独立监督委员会机制）：独立监督委员会通常针对特定高风险研究，非IRB必须的常规机制。  
- 选项E（公众听证制度）：公众参与可能在部分场景中使用，但非IRB必须建立的常规机制。  

【最终答案】：BD",客观题,BD
人体试验,"你是一个严格按照要求答题的医学考试考生。请你先展示出完整的思考过程，然后再输出最终答案。每道题目有至少两个选项（A、B）至多五个选项（A、B、C、D、E），题目为不定项选择题，请按照以下格式作答：

【思考过程】：...

【最终答案】：AB / BCE / CD / DE / E / ...（只输出选项的编号，不要写选项内容）

示例：
题目：医疗伦理中四大基本原则是？
A.尊重自主权
B.善意行为
C.无害原则
D.公正原则
E.以上都不是
【思考过程】：本题考查医学伦理的四大基本原则，包括尊重自主权、不伤害原则、行善原则、公正原则。

【最终答案】：ABCD

题目：伦理审查委员会备案材料必须包含以下哪些内容？
A.人员组成名单和委员工作简历
B.委员学历证明原件
C.伦理审查会议记录
D.伦理审查委员会章程
E.工作制度或相关工作规程
【思考过程】：",ADE,Doubao-1.5-Thinking,"【思考过程】：根据《涉及人的生物医学研究伦理审查办法》等相关规定，伦理审查委员会备案时需提交的材料主要包括基本信息、章程、委员信息及工作制度等。具体分析如下：  
- 选项A：人员组成名单和委员工作简历属于备案要求中“委员名单和相关背景信息”的范畴，是必要材料。  
- 选项B：委员学历证明原件通常非备案必需，一般仅需复印件或背景信息，无需提交原件。  
- 选项C：伦理审查会议记录属于日常工作记录，并非备案时需提交的基础材料。  
- 选项D：伦理审查委员会章程是规定委员会宗旨、职责和组成的核心文件，备案时必须提交。  
- 选项E：工作制度或相关工作规程是委员会运作的具体规则，属于备案必需的基础材料。  

综上，备案材料必须包含A、D、E。

【最终答案】：ADE",客观题,ADE
人体试验,"你是一个严格按照要求答题的医学考试考生。请你先展示出完整的思考过程，然后再输出最终答案。每道题目有至少两个选项（A、B）至多五个选项（A、B、C、D、E），题目为不定项选择题，请按照以下格式作答：

【思考过程】：...

【最终答案】：AB / BCE / CD / DE / E / ...（只输出选项的编号，不要写选项内容）

示例：
题目：医疗伦理中四大基本原则是？
A.尊重自主权
B.善意行为
C.无害原则
D.公正原则
E.以上都不是
【思考过程】：本题考查医学伦理的四大基本原则，包括尊重自主权、不伤害原则、行善原则、公正原则。

【最终答案】：ABCD

题目：哪一选项不符合人体临床试验的基本伦理要求？
A.在偏远地区研究中，以赠送食用油的方式吸引符合条件的村民参与试验
B.对65岁以上的老年研究参与者使用与青年参与者相同的知情同意书模板
C.允许研究团队因预算限制仅补偿50%的交通费用
D.传染病研究中使用数字编码替代姓名存储血样检测数据
【思考过程】：",ABC,Doubao-1.5-Thinking,"【思考过程】：人体临床试验的基本伦理要求包括尊重受试者自主权（如充分知情同意）、保护隐私、避免不正当诱导、合理补偿等。  
- 选项A：赠送食用油属于合理的小额鼓励，未构成过度诱导，符合伦理。  
- 选项B：65岁以上老年人可能因视力、认知能力差异，无法完全理解与青年相同的知情同意书模板，未满足“确保受试者充分理解”的知情同意要求，不符合伦理。  
- 选项C：补偿部分交通费用（如50%）属于合理范围，未强制要求，符合伦理。  
- 选项D：使用数字编码替代姓名存储数据是保护隐私的常规措施，符合伦理。  

【最终答案】：B",客观题,B
人体试验,"你是一个严格按照要求答题的医学考试考生。请你先展示出完整的思考过程，然后再输出最终答案。每道题目有至少两个选项（A、B）至多五个选项（A、B、C、D、E），题目为不定项选择题，请按照以下格式作答：

【思考过程】：...

【最终答案】：AB / BCE / CD / DE / E / ...（只输出选项的编号，不要写选项内容）

示例：
题目：医疗伦理中四大基本原则是？
A.尊重自主权
B.善意行为
C.无害原则
D.公正原则
E.以上都不是
【思考过程】：本题考查医学伦理的四大基本原则，包括尊重自主权、不伤害原则、行善原则、公正原则。

【最终答案】：ABCD

题目：以下哪项属于人体试验中对特定群体的特殊保护要求？
A.涉及慢性病患者的试验需特别审批
B.涉及智力障碍者的研究应予以特别保护
C.涉及孕产妇的研究需特别关注
D.涉及老年人的研究需排除风险
E.可以收取与研究相关的合理费用
【思考过程】：",BC,Doubao-1.5-Thinking,"【思考过程】：本题考查人体试验中对特定群体的特殊保护要求。需结合医学伦理和人体试验规范分析各选项：  
- 选项A：慢性病患者虽可能为脆弱人群，但“需特别审批”并非普遍针对该群体的特殊保护要求，更多取决于具体研究设计，故不选。  
- 选项B：智力障碍者因自主决策能力受限，属于需特别保护的群体（如监护人同意、风险最小化等），符合特殊保护要求，应选。  
- 选项C：孕产妇因研究可能影响母亲和胎儿，需特别关注其权益和安全，属于特殊保护要求，应选。  
- 选项D：人体试验要求风险最小化，但“排除风险”不现实（风险无法完全消除），表述错误，不选。  
- 选项E：“收取合理费用”属于研究费用管理，与“特殊保护”无关，不选。  

【最终答案】：BC",客观题,BC
人体试验,"你是一个严格按照要求答题的医学考试考生。请你先展示出完整的思考过程，然后再输出最终答案。每道题目有至少两个选项（A、B）至多五个选项（A、B、C、D、E），题目为不定项选择题，请按照以下格式作答：

【思考过程】：...

【最终答案】：AB / BCE / CD / DE / E / ...（只输出选项的编号，不要写选项内容）

示例：
题目：医疗伦理中四大基本原则是？
A.尊重自主权
B.善意行为
C.无害原则
D.公正原则
E.以上都不是
【思考过程】：本题考查医学伦理的四大基本原则，包括尊重自主权、不伤害原则、行善原则、公正原则。

【最终答案】：ABCD

题目：以下关于人体试验基本要求的描述中，哪些是正确的？
A.研究的社会利益偶尔可以超越参与者健康权益
B.允许使用情感绑架手段要求参与者继续研究
C.为青少年参与者提供额外的知情同意流程
D.受试者因研究支出的快递费应当被补偿
E.研究者可自行决定是否公开患者住院史
【思考过程】：",CD,Doubao-1.5-Thinking,"【思考过程】：本题考查人体试验的基本伦理要求。逐一分析选项：  
- 选项A错误：人体试验中，受试者的健康权益必须优先于社会利益，不可超越。  
- 选项B错误：知情同意需完全自愿，情感绑架属于不正当手段，不允许。  
- 选项C正确：青少年（未成年人）属于特殊人群，需额外流程（如监护人同意+本人“同意”）。  
- 选项D正确：受试者因研究产生的合理支出（如快递费）应被补偿。  
- 选项E错误：患者隐私需保护，公开住院史需患者同意或法律许可，研究者不可自行决定。  

【最终答案】：CD",客观题,CD
人体试验,"你是一个严格按照要求答题的医学考试考生。请你先展示出完整的思考过程，然后再输出最终答案。每道题目有至少两个选项（A、B）至多五个选项（A、B、C、D、E），题目为不定项选择题，请按照以下格式作答：

【思考过程】：...

【最终答案】：AB / BCE / CD / DE / E / ...（只输出选项的编号，不要写选项内容）

示例：
题目：医疗伦理中四大基本原则是？
A.尊重自主权
B.善意行为
C.无害原则
D.公正原则
E.以上都不是
【思考过程】：本题考查医学伦理的四大基本原则，包括尊重自主权、不伤害原则、行善原则、公正原则。

【最终答案】：ABCD

题目：以下哪两项属于伦理审查委员会批准研究的基本标准？
A.研究具有商业价值和市场潜力
B.风险受益比合理，风险最小化
C.研究参与者的纳入标准由研究者自行决定
D.研究结果需立即公开发布全部数据
E.知情同意规范且有效
【思考过程】：",BE,Doubao-1.5-Thinking,"【思考过程】：伦理审查委员会（IRB）批准研究的基本标准主要围绕保护研究参与者权益和确保研究伦理合规。选项A（商业价值和市场潜力）与伦理无关，非基本标准；选项B（风险受益比合理，风险最小化）是核心标准，需评估研究风险是否合理且最小化；选项C（纳入标准由研究者自行决定）错误，纳入标准需符合伦理，需经审查；选项D（立即公开发布全部数据）非伦理审查要求；选项E（知情同意规范且有效）是基本标准，确保参与者自愿且充分知情。因此，正确选项为B和E。

【最终答案】：BE",客观题,BE
人体试验,"你是一个严格按照要求答题的医学考试考生。请你先展示出完整的思考过程，然后再输出最终答案。每道题目有至少两个选项（A、B）至多五个选项（A、B、C、D、E），题目为不定项选择题，请按照以下格式作答：

【思考过程】：...

【最终答案】：AB / BCE / CD / DE / E / ...（只输出选项的编号，不要写选项内容）

示例：
题目：医疗伦理中四大基本原则是？
A.尊重自主权
B.善意行为
C.无害原则
D.公正原则
E.以上都不是
【思考过程】：本题考查医学伦理的四大基本原则，包括尊重自主权、不伤害原则、行善原则、公正原则。

【最终答案】：ABCD

题目：以下哪三个选项属于伦理审查委员会批准研究的基本标准？
A.研究经费达到预算总额的80%
B.参与者的基因检测数据向合作药企共享
C.研究方案中标注了对照组的补偿措施
D.风险受益比仅要求存在即可
E.临床试验样本必须包含至少5人
F.研究者承诺三年内发表论文
【思考过程】：",BCD,Doubao-1.5-Thinking,"【思考过程】：本题考查伦理审查委员会批准研究的基本标准。伦理审查的核心是保护研究参与者的权益和安全，重点包括研究的科学性、风险与受益的合理平衡、知情同意、隐私保护、受试者补偿等。逐一分析选项：

- **选项A**：研究经费与伦理审查无关，经费问题属于研究可行性或管理范畴，非伦理审查标准，排除。  
- **选项B**：基因检测数据共享需符合隐私保护和知情同意原则。若研究方案明确数据共享方式并获得参与者同意，属于伦理审查关注的隐私保护内容，但题目未说明是否符合伦理要求（如是否匿名/同意），严格来说不属于“基本标准”，暂不确认。  
- **选项C**：对照组补偿措施是对受试者权益的保护（如补偿参与研究的时间、费用），研究方案中明确标注符合伦理审查对受试者权益的要求，属于基本标准，正确。  
- **选项D**：风险受益比需“合理”（受益大于风险），而非“仅存在即可”。仅存在风险和受益的描述不足以通过伦理审查，排除。  
- **选项E**：样本量由科学设计决定，伦理审查关注样本量是否必要（避免过多受试者暴露风险），而非固定最低人数（如5人），排除。  
- **选项F**：发表论文的时间承诺与伦理无关，伦理审查不涉及研究结果的发表要求，排除。  

综上，仅选项C明确符合伦理审查的基本标准。但题目要求选三个，可能存在对选项B的理解偏差（若数据共享符合伦理要求则可能被纳入），但严格依据伦理审查核心标准，最明确的正确选项为C。

【最终答案】：C",客观题,C
人体试验,"你是一个严格按照要求答题的医学考试考生。请你先展示出完整的思考过程，然后再输出最终答案。每道题目有至少两个选项（A、B）至多五个选项（A、B、C、D、E），题目为不定项选择题，请按照以下格式作答：

【思考过程】：...

【最终答案】：AB / BCE / CD / DE / E / ...（只输出选项的编号，不要写选项内容）

示例：
题目：医疗伦理中四大基本原则是？
A.尊重自主权
B.善意行为
C.无害原则
D.公正原则
E.以上都不是
【思考过程】：本题考查医学伦理的四大基本原则，包括尊重自主权、不伤害原则、行善原则、公正原则。

【最终答案】：ABCD

题目：以下哪项属于伦理审查委员会批准研究的基本标准？
A.研究参与者需支付费用以保证研究质量
B.研究参与者的纳入和排除标准科学而高效
C.风险受益比合理，风险最小化
D.研究者具备资质但允许学术不端行为
E.研究结果发布时间由研究者单方决定
【思考过程】：",C,Doubao-1.5-Thinking,"【思考过程】：伦理审查委员会（IRB）批准研究的基本标准主要涉及保护研究参与者权益、研究设计科学性、风险与受益平衡等方面。  
- 选项A错误，要求参与者支付费用可能增加其负担，不符合伦理审查中“公平对待参与者”的原则。  
- 选项B正确，纳入和排除标准需科学合理，避免歧视或不合理限制，是研究设计科学性的要求。  
- 选项C正确，风险受益比合理且风险最小化是伦理审查的核心标准之一，需确保风险可接受且受益超过风险。  
- 选项D错误，研究者必须具备资质且无学术不端行为，学术不端违反伦理原则。  
- 选项E错误，研究结果发布需考虑参与者知情权等伦理因素，单方决定不符合伦理要求。  

【最终答案】：BC",客观题,BC
人体试验,"你是一个严格按照要求答题的医学考试考生。请你先展示出完整的思考过程，然后再输出最终答案。每道题目有至少两个选项（A、B）至多五个选项（A、B、C、D、E），题目为不定项选择题，请按照以下格式作答：

【思考过程】：...

【最终答案】：AB / BCE / CD / DE / E / ...（只输出选项的编号，不要写选项内容）

示例：
题目：医疗伦理中四大基本原则是？
A.尊重自主权
B.善意行为
C.无害原则
D.公正原则
E.以上都不是
【思考过程】：本题考查医学伦理的四大基本原则，包括尊重自主权、不伤害原则、行善原则、公正原则。

【最终答案】：ABCD

题目：以下哪几项属于伦理审查委员会批准人体试验研究的基本标准？
A.研究参与者直系亲属需全程参与决策
B.知情同意规范、有效
C.风险受益比最大化以保证科研价值
D.研究参与者的纳入排除标准科学而公平
E.研究机构和研究者能够胜任
F.研究成果需优先进行专利注册
【思考过程】：",BDE,Doubao-1.5-Thinking,"【思考过程】：本题考查伦理审查委员会批准人体试验的基本标准。伦理审查的核心是保护研究参与者的权益和安全，确保研究符合伦理规范。逐一分析选项：  
- A项错误：知情同意的主体通常是研究参与者本人（无行为能力者由监护人或法定代理人），而非要求直系亲属全程参与决策。  
- B项正确：知情同意的规范、有效是伦理审查的核心要求，需确保参与者自愿、充分理解后同意。  
- C项错误：伦理审查强调风险与受益的合理平衡（风险最小化，受益最大化），而非“保证科研价值”为目标。  
- D项正确：纳入排除标准需科学、公平，避免歧视或不公正选择研究对象。  
- E项正确：需评估研究机构和研究者的资质与能力，确保研究安全、规范开展。  
- F项错误：研究成果的专利注册与伦理审查无关，伦理审查关注研究过程的伦理合规性。  

【最终答案】：BDE",客观题,BDE
人体试验,"你是一个严格按照要求答题的医学考试考生。请你先展示出完整的思考过程，然后再输出最终答案。每道题目有至少两个选项（A、B）至多五个选项（A、B、C、D、E），题目为不定项选择题，请按照以下格式作答：

【思考过程】：...

【最终答案】：AB / BCE / CD / DE / E / ...（只输出选项的编号，不要写选项内容）

示例：
题目：医疗伦理中四大基本原则是？
A.尊重自主权
B.善意行为
C.无害原则
D.公正原则
E.以上都不是
【思考过程】：本题考查医学伦理的四大基本原则，包括尊重自主权、不伤害原则、行善原则、公正原则。

【最终答案】：ABCD

题目：以下哪项不属于伦理审查委员会批准研究的基本标准？
A.研究方案必须具有科学性和社会价值，且不违反法律 B.研究者需对研究成果享有专利权 C.研究参与者的纳入标准需符合科学性和公平性 D.知情同意书需包含对潜在风险的详尽说明 E.研究机构需具备充足的科研资金
【思考过程】：",B,Doubao-1.5-Thinking,"伦理审查委员会（IRB）的核心职责是保护研究参与者的权益和安全，确保研究符合伦理规范。以下是对各选项的分析：

- **选项A**：研究方案的科学性、社会价值及合法性是伦理审查的基本要求。科学的研究设计是保障结果可靠性的前提，社会价值体现研究的意义，合法性则确保不违反法律，因此属于基本标准。  
- **选项B**：研究者对研究成果的专利权属于知识产权范畴，与研究伦理无关。伦理审查关注的是研究过程中受试者的权益保护，而非研究者的专利权益，因此不属于基本标准。  
- **选项C**：研究参与者纳入标准的科学性和公平性是伦理审查的重要内容。公平的纳入标准可避免歧视或不当选择受试者，符合伦理要求，因此属于基本标准。  
- **选项D**：知情同意书中详细说明潜在风险是伦理审查的核心。受试者需在充分知情的基础上自愿参与研究，这是保护其自主权的关键，因此属于基本标准。  
- **选项E**：研究机构的科研资金是否充足属于研究可行性问题，而非伦理审查的必要标准。伦理审查关注的是研究机构是否具备保护受试者的能力（如医疗资源、人员资质等），而非单纯的资金充足性，因此不属于基本标准。  

综上，B和E均不属于伦理审查委员会批准研究的基本标准。

【最终答案】：BE",客观题,BE
人体试验,"你是一个严格按照要求答题的医学考试考生。请你先展示出完整的思考过程，然后再输出最终答案。每道题目有至少两个选项（A、B）至多五个选项（A、B、C、D、E），题目为不定项选择题，请按照以下格式作答：

【思考过程】：...

【最终答案】：AB / BCE / CD / DE / E / ...（只输出选项的编号，不要写选项内容）

示例：
题目：医疗伦理中四大基本原则是？
A.尊重自主权
B.善意行为
C.无害原则
D.公正原则
E.以上都不是
【思考过程】：本题考查医学伦理的四大基本原则，包括尊重自主权、不伤害原则、行善原则、公正原则。

【最终答案】：ABCD

题目：以下哪一项不属于伦理审查委员会批准人体试验的基本标准？
A.研究方案具备科学性
B.纳入排除标准优先考虑研究效率
C.风险受益比保持合理并已最小化
D.研究者具有丰富的临床经验
E.知情同意过程符合规范
【思考过程】：",BD,Doubao-1.5-Thinking,"【思考过程】：伦理审查委员会（IRB）批准人体试验的基本标准需围绕保护受试者权益和研究伦理展开。分析各选项：  
- 选项A（研究方案具备科学性）：科学的研究设计是确保研究质量和受试者安全的基础，属于基本标准。  
- 选项B（纳入排除标准优先考虑研究效率）：伦理审查要求纳入排除标准应优先保障受试者安全和公平性，而非研究效率，此选项不符合伦理原则，不属于基本标准。  
- 选项C（风险受益比保持合理并已最小化）：评估风险与受益的合理性是伦理审查的核心，需确保风险最小化且受益大于风险，属于基本标准。  
- 选项D（研究者具有丰富的临床经验）：研究者需具备相应资格和能力以保障研究安全，“丰富临床经验”是能力的体现之一，属于基本标准。  
- 选项E（知情同意过程符合规范）：知情同意是受试者自主权的核心保障，需符合规范，属于基本标准。  

综上，不属于基本标准的是选项B。

【最终答案】：B",客观题,B
人体试验,"你是一个严格按照要求答题的医学考试考生。请你先展示出完整的思考过程，然后再输出最终答案。每道题目有至少两个选项（A、B）至多五个选项（A、B、C、D、E），题目为不定项选择题，请按照以下格式作答：

【思考过程】：...

【最终答案】：AB / BCE / CD / DE / E / ...（只输出选项的编号，不要写选项内容）

示例：
题目：医疗伦理中四大基本原则是？
A.尊重自主权
B.善意行为
C.无害原则
D.公正原则
E.以上都不是
【思考过程】：本题考查医学伦理的四大基本原则，包括尊重自主权、不伤害原则、行善原则、公正原则。

【最终答案】：ABCD

题目：伦理审查委员会的跟踪审查通常不包含以下哪项内容？
A.是否按照批准方案进行研究并及时报告
B.是否有研究方案的变更经伦理委员会批准
C.是否出现增加参与者风险的新信息
D.是否研究超预期暂停案例超过12个月
【思考过程】：",BD,Doubao-1.5-Thinking,"【思考过程】：伦理审查委员会的跟踪审查主要目的是监督研究实施过程中是否符合伦理要求，保护受试者权益和安全。其通常包括的内容有：研究是否按批准方案进行并及时报告（A）、研究方案变更是否经伦理委员会批准（B）、是否出现增加受试者风险的新信息（C）等。而“研究超预期暂停案例超过12个月”（D）属于更长期的特殊情况监测或终止审查范畴，一般不属于常规跟踪审查的内容。

【最终答案】：D",客观题,D
人体试验,"你是一个严格按照要求答题的医学考试考生。请你先展示出完整的思考过程，然后再输出最终答案。每道题目有至少两个选项（A、B）至多五个选项（A、B、C、D、E），题目为不定项选择题，请按照以下格式作答：

【思考过程】：...

【最终答案】：AB / BCE / CD / DE / E / ...（只输出选项的编号，不要写选项内容）

示例：
题目：医疗伦理中四大基本原则是？
A.尊重自主权
B.善意行为
C.无害原则
D.公正原则
E.以上都不是
【思考过程】：本题考查医学伦理的四大基本原则，包括尊重自主权、不伤害原则、行善原则、公正原则。

【最终答案】：ABCD

题目：伦理审查委员会跟踪审查的时间间隔最多不应超过多少个月？
A.3个月
B.6个月
C.12个月
D.18个月
E.24个月
【思考过程】：",C,Doubao-1.5-Thinking,"【思考过程】：伦理审查委员会的跟踪审查是为了确保涉及人的生物医学研究持续符合伦理要求。根据相关法规（如《涉及人的生物医学研究伦理审查办法》），常规跟踪审查的时间间隔最长不应超过12个月，以保障受试者权益和研究的伦理合规性。

【最终答案】：C",客观题,C
人体试验,"你是一个严格按照要求答题的医学考试考生。请你先展示出完整的思考过程，然后再输出最终答案。每道题目有至少两个选项（A、B）至多五个选项（A、B、C、D、E），题目为不定项选择题，请按照以下格式作答：

【思考过程】：...

【最终答案】：AB / BCE / CD / DE / E / ...（只输出选项的编号，不要写选项内容）

示例：
题目：医疗伦理中四大基本原则是？
A.尊重自主权
B.善意行为
C.无害原则
D.公正原则
E.以上都不是
【思考过程】：本题考查医学伦理的四大基本原则，包括尊重自主权、不伤害原则、行善原则、公正原则。

【最终答案】：ABCD

题目：伦理审查委员会对已批准研究的跟踪审查内容包括以下哪些内容？
A.是否按照已批准的研究方案进行研究并及时提交报告
B.研究过程中是否擅自扩大研究对象范围
C.是否出现显著降低研究参与者风险的变化
D.是否需要提前终止研究以优化资源配置
E.研究中是否存在未公开的利益冲突
【思考过程】：",AB,Doubao-1.5-Thinking,"【思考过程】：伦理审查委员会（IRB）对已批准研究的跟踪审查主要目的是确保研究过程符合伦理规范，保护受试者权益和安全。根据相关伦理审查指南和规定，跟踪审查内容通常包括以下方面：

- **选项A**：研究需严格按照已批准的方案进行，并及时提交进展报告，这是跟踪审查的基本要求，确保研究合规性，因此A正确。  
- **选项B**：擅自扩大研究对象范围属于方案偏离，可能增加受试者风险或违背原伦理评估，需重点审查，因此B正确。  
- **选项C**：研究过程中若出现显著降低受试者风险的变化，虽风险降低本身可能不直接威胁受试者，但需确认风险评估的准确性及是否需调整知情同意等，属于跟踪审查内容，因此C正确。  
- **选项D**：提前终止研究的伦理依据通常是安全问题、无效性或伦理问题，而非“优化资源配置”（非伦理因素），因此D错误。  
- **选项E**：未公开的利益冲突可能影响研究客观性和受试者信任，属于伦理审查需跟踪的关键内容，因此E正确。  

综上，正确选项为A、B、C、E。

【最终答案】：ABCE",客观题,ABCE
人体试验,"你是一个严格按照要求答题的医学考试考生。请你先展示出完整的思考过程，然后再输出最终答案。每道题目有至少两个选项（A、B）至多五个选项（A、B、C、D、E），题目为不定项选择题，请按照以下格式作答：

【思考过程】：...

【最终答案】：AB / BCE / CD / DE / E / ...（只输出选项的编号，不要写选项内容）

示例：
题目：医疗伦理中四大基本原则是？
A.尊重自主权
B.善意行为
C.无害原则
D.公正原则
E.以上都不是
【思考过程】：本题考查医学伦理的四大基本原则，包括尊重自主权、不伤害原则、行善原则、公正原则。

【最终答案】：ABCD

题目：以下哪项不属于可以适用简易程序审查的情形？
A.研究风险不大于最小风险的研究
B.已批准的研究方案作重大修改且不影响风险受益比
C.审查委员之间意见不一致的情形
D.已批准研究的跟踪审查
E.多机构研究中参与机构对牵头机构伦理意见的确认
【思考过程】：",BC,Doubao-1.5-Thinking,"【思考过程】：本题考查伦理审查中简易程序的适用情形。根据相关规定，简易程序通常适用于风险较低或常规的审查情况，而普通审查适用于风险较高或存在争议的情形。  
- 选项A：研究风险不大于最小风险的研究，属于简易程序适用情形（最小风险研究可简易审查）。  
- 选项B：已批准的研究方案作“重大修改”（即使不影响风险受益比），因“重大修改”需更严格审查，属于普通审查范围，不属于简易程序。  
- 选项C：审查委员之间意见不一致的情形，说明存在争议，需普通审查讨论，不属于简易程序。  
- 选项D：已批准研究的跟踪审查（如年度/定期跟踪），属于常规后续审查，适用简易程序。  
- 选项E：多机构研究中参与机构对牵头机构伦理意见的确认（仅需确认结论），属于简易程序。  

因此，不属于简易程序的情形是B和C。

【最终答案】：BC",客观题,BC
人体试验,"你是一个严格按照要求答题的医学考试考生。请你先展示出完整的思考过程，然后再输出最终答案。每道题目有至少两个选项（A、B）至多五个选项（A、B、C、D、E），题目为不定项选择题，请按照以下格式作答：

【思考过程】：...

【最终答案】：AB / BCE / CD / DE / E / ...（只输出选项的编号，不要写选项内容）

示例：
题目：医疗伦理中四大基本原则是？
A.尊重自主权
B.善意行为
C.无害原则
D.公正原则
E.以上都不是
【思考过程】：本题考查医学伦理的四大基本原则，包括尊重自主权、不伤害原则、行善原则、公正原则。

【最终答案】：ABCD

题目：在以下哪种情形下开展的人体试验研究可以免除伦理审查？
A.使用经过患者明确二次授权的去标识化医疗数据
B.分析观察公园内人群自然交往形成的非干扰性行为数据
C.采用生物样本库依法提供的匿名化癌细胞系研究化疗耐药性
D.利用已有胚胎进行脊髓再生基因编辑的探索性研究
E.在合法范围内使用生物样本库捐赠者的皮肤细胞系开展瘢痕修复研究（含可遗传基因组编辑）
【思考过程】：",BC,Doubao-1.5-Thinking,"【思考过程】：本题需判断哪些人体试验研究可免除伦理审查，需依据相关伦理审查规定（如《涉及人的生物医学研究伦理审查办法》等）分析各选项：

- **选项A**：使用经过患者明确二次授权的去标识化医疗数据。去标识化数据指无法识别特定个人的信息，若已彻底去标识化且无法重新识别受试者，即使需患者二次授权，通常可免除伦理审查（因不涉及具体个体权益）。  
- **选项B**：分析观察公园内人群自然交往形成的非干扰性行为数据。非干扰性观察指不干预被观察者行为、不收集可识别个人信息（如公共场合自然行为），此类研究不涉及隐私或干预，可免除伦理审查。  
- **选项C**：采用生物样本库依法提供的匿名化癌细胞系研究化疗耐药性。匿名化样本无法追溯到个人，不涉及具体个体权益，符合免除伦理审查的条件。  
- **选项D**：利用已有胚胎进行脊髓再生基因编辑的探索性研究。胚胎研究（尤其是基因编辑）涉及高伦理风险，需严格伦理审查，不可免除。  
- **选项E**：使用生物样本库捐赠者的皮肤细胞系开展含可遗传基因组编辑的瘢痕修复研究。可遗传基因组编辑属于高风险操作，必须经过伦理审查，不可免除。  

综上，A、B、C符合免除伦理审查的情形，D、E需伦理审查。

【最终答案】：ABC",客观题,ABC
人体试验,"你是一个严格按照要求答题的医学考试考生。请你先展示出完整的思考过程，然后再输出最终答案。每道题目有至少两个选项（A、B）至多五个选项（A、B、C、D、E），题目为不定项选择题，请按照以下格式作答：

【思考过程】：...

【最终答案】：AB / BCE / CD / DE / E / ...（只输出选项的编号，不要写选项内容）

示例：
题目：医疗伦理中四大基本原则是？
A.尊重自主权
B.善意行为
C.无害原则
D.公正原则
E.以上都不是
【思考过程】：本题考查医学伦理的四大基本原则，包括尊重自主权、不伤害原则、行善原则、公正原则。

【最终答案】：ABCD

题目：以下哪种情形的研究可以免除伦理审查？
A.使用公共图书馆的借阅记录分析阅读偏好的研究，B.利用社交媒体可公开查看的个人简介数据研究职业分布，C.在原有血液样本的知情同意范围内开展白血病相关基因突变研究，D.使用未匿名化的患者诊疗数据开发疾病预测模型，E.基于人源细胞株研究可遗传的基因编辑技术
【思考过程】：",BC,Doubao-1.5-Thinking,"【思考过程】：本题考查医学研究中可免除伦理审查的情形。根据相关伦理规范，免除伦理审查的常见情况包括：使用已公开且匿名/去标识化的数据、在原知情同意范围内的后续研究、不涉及人类受试者或低风险的研究等。

- **选项A**：公共图书馆的借阅记录若为公开且匿名/去标识化数据，分析阅读偏好属于低风险研究，可免除伦理审查。  
- **选项B**：社交媒体可公开查看的个人简介数据（用户主动公开），研究职业分布不涉及隐私侵犯或敏感信息，可免除伦理审查。  
- **选项C**：原有血液样本的知情同意已涵盖白血病相关基因突变研究，属于原同意范围内的后续研究，无需额外伦理审查。  
- **选项D**：未匿名化的患者诊疗数据包含个人敏感信息，使用此类数据需伦理审查以保护隐私，不可免除。  
- **选项E**：人源细胞株的可遗传基因编辑技术（如生殖细胞编辑）涉及高伦理风险，必须经严格伦理审查，不可免除。  

【最终答案】：ABC",客观题,ABC
人体试验,"你是一个严格按照要求答题的医学考试考生。请你先展示出完整的思考过程，然后再输出最终答案。每道题目有至少两个选项（A、B）至多五个选项（A、B、C、D、E），题目为不定项选择题，请按照以下格式作答：

【思考过程】：...

【最终答案】：AB / BCE / CD / DE / E / ...（只输出选项的编号，不要写选项内容）

示例：
题目：医疗伦理中四大基本原则是？
A.尊重自主权
B.善意行为
C.无害原则
D.公正原则
E.以上都不是
【思考过程】：本题考查医学伦理的四大基本原则，包括尊重自主权、不伤害原则、行善原则、公正原则。

【最终答案】：ABCD

题目：某研究者开展人体试验时，以下哪种做法符合法律法规对知情同意的要求？
A.为失语症患者录制手势比划的视频作为同意证明
B.让文盲参与者按手印代替签名，并由两名独立见证人签署证明
C.对神志清醒但手臂骨折无法执笔的参与者仅进行口头同意
D.口头同意时全程录音但未录像，并由伦理委员会成员签字背书
【思考过程】：",B,Doubao-1.5-Thinking,"【思考过程】：本题考查人体试验中知情同意的法律要求。知情同意需确保参与者自愿、充分理解信息，并以适当方式记录。  
- 选项A：失语症患者通过手势表达同意并录制视频，但未提及是否有独立见证人，无法确认其是否充分理解并自愿同意，不符合严格要求。  
- 选项B：文盲参与者按手印代替签名，符合“无法书写时按指纹”的规定，且由两名独立见证人签署证明，符合“见证人需独立且见证同意过程”的要求，符合法规。  
- 选项C：神志清醒但手臂骨折的参与者仅口头同意，未形成书面或可验证的记录（如代签、录音等），不符合“知情同意需书面或有效记录”的要求。  
- 选项D：口头同意仅录音未录像，且由伦理委员会成员签字背书，但伦理委员会成员并非独立见证人（需与研究无关），无法充分证明参与者自愿同意，不符合要求。  

【最终答案】：B",客观题,B
人体试验,"你是一个严格按照要求答题的医学考试考生。请你先展示出完整的思考过程，然后再输出最终答案。每道题目有至少两个选项（A、B）至多五个选项（A、B、C、D、E），题目为不定项选择题，请按照以下格式作答：

【思考过程】：...

【最终答案】：AB / BCE / CD / DE / E / ...（只输出选项的编号，不要写选项内容）

示例：
题目：医疗伦理中四大基本原则是？
A.尊重自主权
B.善意行为
C.无害原则
D.公正原则
E.以上都不是
【思考过程】：本题考查医学伦理的四大基本原则，包括尊重自主权、不伤害原则、行善原则、公正原则。

【最终答案】：ABCD

题目：某机构计划对一名14岁的限制民事行为能力人进行人体试验研究，在此情况下研究者必须采取以下哪些措施？
A. 获得该未成年人监护人的口头知情同意
B. 在监护人同意后向未成年人简单说明研究内容
C. 获得监护人的书面知情同意
D. 确保未成年人在其理解范围内被告知研究信息并征得其同意
E. 仅在未成年人明确反对时暂停试验
【思考过程】：",CD,Doubao-1.5-Thinking,"【思考过程】：根据涉及未成年人的人体试验伦理要求，对于限制民事行为能力的未成年人（如14岁），研究者需同时获得监护人的有效同意及未成年人本人的“知情同意”（assent）。具体分析如下：  
- 选项A错误：监护人的知情同意需以书面形式（非口头），以确保法律效力。  
- 选项B错误：仅“简单说明”不足，需确保未成年人在其理解范围内充分知情，并主动征得其同意（而非仅告知）。  
- 选项C正确：监护人作为法定代理人，必须提供书面知情同意，这是基本要求。  
- 选项D正确：未成年人若具备一定理解能力（如14岁），需在其理解范围内被告知研究信息，并征得其同意（即“知情同意”）。  
- 选项E错误：若未成年人明确反对，即使监护人同意，也应终止试验（而非仅暂停），需尊重其意愿。  

【最终答案】：CD",客观题,CD
人体试验,"你是一个严格按照要求答题的医学考试考生。请你先展示出完整的思考过程，然后再输出最终答案。每道题目有至少两个选项（A、B）至多五个选项（A、B、C、D、E），题目为不定项选择题，请按照以下格式作答：

【思考过程】：...

【最终答案】：AB / BCE / CD / DE / E / ...（只输出选项的编号，不要写选项内容）

示例：
题目：医疗伦理中四大基本原则是？
A.尊重自主权
B.善意行为
C.无害原则
D.公正原则
E.以上都不是
【思考过程】：本题考查医学伦理的四大基本原则，包括尊重自主权、不伤害原则、行善原则、公正原则。

【最终答案】：ABCD

题目：关于人体试验的知情同意书内容及表达形式，下列哪项描述符合法规要求？
A.使用专业术语确保信息绝对准确
B.以研究参与者能理解的通俗文字表述
C.接受过高等教育的参与者不需提供视频图像解释
D.通过可视化图表辅助关键信息传递
E.知情同意书可只包含实验的核心流程说明
【思考过程】：",BD,Doubao-1.5-Thinking,"【思考过程】：本题考查人体试验知情同意书的法规要求。根据相关伦理规范和法规（如《涉及人的生物医学研究伦理审查办法》），知情同意书需确保参与者充分理解研究信息，具体分析如下：  
- 选项A错误：专业术语可能导致参与者难以理解，法规要求使用通俗语言而非专业术语。  
- 选项B正确：知情同意书必须以参与者能理解的通俗文字表述，确保信息可及性。  
- 选项C错误：无论参与者教育程度如何，均需根据其需求提供必要解释（如视频、图像），不能因教育程度高而省略。  
- 选项D正确：可视化图表是辅助传递关键信息的有效方式，符合法规中“充分沟通”的要求。  
- 选项E错误：知情同意书需包含研究目的、方法、风险与受益、自愿参与等核心内容，不能仅包含核心流程。  

【最终答案】：BD",客观题,BD
人体试验,"你是一个严格按照要求答题的医学考试考生。请你先展示出完整的思考过程，然后再输出最终答案。每道题目有至少两个选项（A、B）至多五个选项（A、B、C、D、E），题目为不定项选择题，请按照以下格式作答：

【思考过程】：...

【最终答案】：AB / BCE / CD / DE / E / ...（只输出选项的编号，不要写选项内容）

示例：
题目：医疗伦理中四大基本原则是？
A.尊重自主权
B.善意行为
C.无害原则
D.公正原则
E.以上都不是
【思考过程】：本题考查医学伦理的四大基本原则，包括尊重自主权、不伤害原则、行善原则、公正原则。

【最终答案】：ABCD

题目：下列哪项内容不属于人体试验知情同意书必须包含的要素？
A.研究中涉及的第三方利益冲突处理方案
B.研究数据共享和二次利用的范围与方式
C.所采集生物样本的销毁处理规则
D.伦理审查委员会的联系方式
E.试验是否经过监管部门审批通过的结果告知
【思考过程】：",AE,Doubao-1.5-Thinking,"【思考过程】：人体试验知情同意书的核心是确保受试者充分了解试验相关信息，其必须包含的要素通常包括研究目的、方法、风险与受益、自愿参与及退出权利、研究者信息、伦理审查委员会信息（如联系方式）、数据及生物样本的处理规则（如共享、销毁）、利益冲突披露等。  

- 选项A（第三方利益冲突处理方案）：利益冲突的披露是伦理要求，需告知受试者，属于必须要素。  
- 选项B（数据共享和二次利用范围与方式）：数据使用是受试者的核心权益，需明确说明，属于必须要素。  
- 选项C（生物样本销毁规则）：样本处理涉及受试者隐私和权益，需在知情同意书中规定，属于必须要素。  
- 选项D（伦理审查委员会联系方式）：受试者需通过此途径咨询伦理问题，属于必须要素。  
- 选项E（监管部门审批结果告知）：监管部门审批属于行政程序，伦理审查已独立保障受试者权益，此内容非知情同意书必须包含的要素。  

【最终答案】：E",客观题,E
人体试验,"你是一个严格按照要求答题的医学考试考生。请你先展示出完整的思考过程，然后再输出最终答案。每道题目有至少两个选项（A、B）至多五个选项（A、B、C、D、E），题目为不定项选择题，请按照以下格式作答：

【思考过程】：...

【最终答案】：AB / BCE / CD / DE / E / ...（只输出选项的编号，不要写选项内容）

示例：
题目：医疗伦理中四大基本原则是？
A.尊重自主权
B.善意行为
C.无害原则
D.公正原则
E.以上都不是
【思考过程】：本题考查医学伦理的四大基本原则，包括尊重自主权、不伤害原则、行善原则、公正原则。

【最终答案】：ABCD

题目：下列哪一项属于知情同意书必须包含的内容？
A.研究参与者的月收入水平
B.研究者配偶的职业信息
C.实验仪器品牌型号清单
D.自愿退出研究的权利及受损害时的免费治疗保障措施
E.替代治疗方案的受益与风险说明
【思考过程】：",DE,Doubao-1.5-Thinking,"【思考过程】：知情同意书的核心是确保受试者充分了解研究信息并自主决策，其必须包含的内容通常包括研究目的、方法、潜在风险与受益、自愿参与及退出权利、受损害时的补偿或治疗、替代方案（如有）等。分析各选项：  
- A（参与者月收入水平）：属于个人信息，非知情同意书必须内容。  
- B（研究者配偶职业）：与研究无关，无需包含。  
- C（实验仪器品牌型号）：非受试者需了解的关键信息，无需列出。  
- D（自愿退出权利及受损害免费治疗）：受试者的基本权利，必须包含。  
- E（替代方案的受益与风险）：若存在替代方案，需向受试者说明以辅助决策，必须包含。  

【最终答案】：DE",客观题,DE
人体试验,"你是一个严格按照要求答题的医学考试考生。请你先展示出完整的思考过程，然后再输出最终答案。每道题目有至少两个选项（A、B）至多五个选项（A、B、C、D、E），题目为不定项选择题，请按照以下格式作答：

【思考过程】：...

【最终答案】：AB / BCE / CD / DE / E / ...（只输出选项的编号，不要写选项内容）

示例：
题目：医疗伦理中四大基本原则是？
A.尊重自主权
B.善意行为
C.无害原则
D.公正原则
E.以上都不是
【思考过程】：本题考查医学伦理的四大基本原则，包括尊重自主权、不伤害原则、行善原则、公正原则。

【最终答案】：ABCD

题目：以下哪项不属于人体试验知情同意书必须包含的内容？
A.研究者的个人财务状况披露
B.研究数据是否会在国际合作项目中共享
C.生物样本销毁处理的具体措施
D.告知替代治疗的受益和风险
【思考过程】：",A,Doubao-1.5-Thinking,"【思考过程】：人体试验知情同意书需包含受试者做出知情决策所需的关键信息，通常包括研究目的、方法、预期受益与风险、替代治疗方案（如有）的受益和风险、数据使用与共享方式、生物样本处理措施等。选项B（研究数据国际共享）涉及数据隐私，需告知；选项C（生物样本销毁措施）涉及样本处理，需明确；选项D（替代治疗的受益和风险）是受试者比较选择的必要信息，需包含。而选项A（研究者个人财务状况）通常不属于必须披露内容，除非存在直接利益冲突，但非普遍要求。

【最终答案】：A",客观题,A
人体试验,"你是一个严格按照要求答题的医学考试考生。请你先展示出完整的思考过程，然后再输出最终答案。每道题目有至少两个选项（A、B）至多五个选项（A、B、C、D、E），题目为不定项选择题，请按照以下格式作答：

【思考过程】：...

【最终答案】：AB / BCE / CD / DE / E / ...（只输出选项的编号，不要写选项内容）

示例：
题目：医疗伦理中四大基本原则是？
A.尊重自主权
B.善意行为
C.无害原则
D.公正原则
E.以上都不是
【思考过程】：本题考查医学伦理的四大基本原则，包括尊重自主权、不伤害原则、行善原则、公正原则。

【最终答案】：ABCD

题目：以下哪项不属于知情同意书必须包含的内容？
A.研究参与者的国籍和宗教信仰
B.告知研究参与者可能的替代治疗及其主要受益和风险
C.伦理审查委员会联系人和联系方式
D.研究可能给相关人员带来的风险
E.对研究参与者隐私保护的具体措施
【思考过程】：",A,Doubao-1.5-Thinking,"【思考过程】：知情同意书的核心是确保受试者充分了解研究信息并自主决定参与。其必须包含的内容通常包括：研究目的、方法、预期受益与风险、替代治疗方案及其受益风险、隐私保护措施、伦理审查委员会联系方式等。分析各选项：  
- 选项A（研究参与者的国籍和宗教信仰）：属于参与者个人背景信息，通常在其他研究文件中收集，非知情同意书必须内容。  
- 选项B（告知替代治疗及其受益风险）：替代方案是知情同意的必要内容，需告知。  
- 选项C（伦理审查委员会联系人和联系方式）：需明确以便受试者咨询或投诉，属于必须内容。  
- 选项D（研究可能的风险）：风险告知是核心，必须包含。  
- 选项E（隐私保护具体措施）：保护隐私是受试者权利，必须说明。  

因此，不属于必须内容的是选项A。

【最终答案】：A",客观题,A
人体试验,"你是一个严格按照要求答题的医学考试考生。请你先展示出完整的思考过程，然后再输出最终答案。每道题目有至少两个选项（A、B）至多五个选项（A、B、C、D、E），题目为不定项选择题，请按照以下格式作答：

【思考过程】：...

【最终答案】：AB / BCE / CD / DE / E / ...（只输出选项的编号，不要写选项内容）

示例：
题目：医疗伦理中四大基本原则是？
A.尊重自主权
B.善意行为
C.无害原则
D.公正原则
E.以上都不是
【思考过程】：本题考查医学伦理的四大基本原则，包括尊重自主权、不伤害原则、行善原则、公正原则。

【最终答案】：ABCD

题目：在人体试验的知情同意书中，必须包含以下哪些内容？
A.研究机构资质及研究者基本信息
B.生物样本销毁处理的相关说明
C.替代治疗的风险及受益告知
D.研究结果是否反馈参与者的信息
E.试验费用由参与者承担的比例说明
【思考过程】：",ABC,Doubao-1.5-Thinking,"【思考过程】：本题考查人体试验知情同意书的必要内容。根据《涉及人的生物医学研究伦理审查办法》《药物临床试验质量管理规范（GCP）》及《赫尔辛基宣言》等规定，知情同意书需包含足够信息以确保参与者自主决策。具体分析如下：

- **选项A**：研究机构资质及研究者基本信息属于必要内容（对应审查办法中“研究者基本信息及研究机构资质”），参与者有权了解研究主体的可靠性。  
- **选项B**：生物样本销毁处理的相关说明需包含（对应审查办法中“生物样本的采集、存储、使用及保密范围”），涉及生物样本的研究必须明确其处理方式，包括销毁。  
- **选项C**：替代治疗的风险及受益告知是必要的（赫尔辛基宣言要求告知替代方案的风险与受益），参与者需比较试验与其他治疗的利弊。  
- **选项D**：研究结果是否反馈参与者的信息需明确（对应审查办法中“研究结果的获取方式和可能的反馈形式”），参与者有权知道是否能获得研究结果。  
- **选项E**：试验费用由参与者承担的比例说明需包含（对应GCP中“受试者参加研究应支付的费用（如适用）”），费用承担情况（包括自付比例）属于必要告知内容。  

综上，所有选项均为知情同意书必须包含的内容。

【最终答案】：ABCDE",客观题,ABCDE
人体试验,"你是一个严格按照要求答题的医学考试考生。请你先展示出完整的思考过程，然后再输出最终答案。每道题目有至少两个选项（A、B）至多五个选项（A、B、C、D、E），题目为不定项选择题，请按照以下格式作答：

【思考过程】：...

【最终答案】：AB / BCE / CD / DE / E / ...（只输出选项的编号，不要写选项内容）

示例：
题目：医疗伦理中四大基本原则是？
A.尊重自主权
B.善意行为
C.无害原则
D.公正原则
E.以上都不是
【思考过程】：本题考查医学伦理的四大基本原则，包括尊重自主权、不伤害原则、行善原则、公正原则。

【最终答案】：ABCD

题目：以下哪些内容必须包含在人体试验的知情同意书中？（多选）
A.研究可能给社会和受试者带来的益处及风险
B.受试者退出研究时需支付已参与项目的费用
C.生物样本是否授权第三方用于商业用途
D.生物样本的销毁处理方式
E.受试者随时无条件退出的权利
【思考过程】：",ADE,Doubao-1.5-Thinking,"【思考过程】：人体试验的知情同意书需充分保障受试者的知情权和自主权，根据相关伦理规范和法规，必须包含以下关键内容：  
- 选项A：研究的潜在益处及风险（包括对受试者和社会的影响）是受试者决策的重要依据，必须告知，故A正确。  
- 选项B：受试者退出研究时不应被要求支付已参与项目的费用，此要求违反伦理原则，故B错误。  
- 选项C：生物样本的第三方商业用途涉及受试者对样本的控制权，需明确授权情况，故C正确。  
- 选项D：生物样本的销毁处理方式属于样本后续管理的重要信息，受试者有权知晓，故D正确。  
- 选项E：受试者随时无条件退出的权利是基本伦理要求，需在知情同意书中明确，故E正确。  

【最终答案】：ACDE",客观题,ACDE
人体试验,"你是一个严格按照要求答题的医学考试考生。请你先展示出完整的思考过程，然后再输出最终答案。每道题目有至少两个选项（A、B）至多五个选项（A、B、C、D、E），题目为不定项选择题，请按照以下格式作答：

【思考过程】：...

【最终答案】：AB / BCE / CD / DE / E / ...（只输出选项的编号，不要写选项内容）

示例：
题目：医疗伦理中四大基本原则是？
A.尊重自主权
B.善意行为
C.无害原则
D.公正原则
E.以上都不是
【思考过程】：本题考查医学伦理的四大基本原则，包括尊重自主权、不伤害原则、行善原则、公正原则。

【最终答案】：ABCD

题目：以下哪项内容不属于知情同意书必须包含的信息？
A. 研究可能给参与者带来的不适和风险  
B. 研究者的学术背景及研究成果  
C. 生物样本的销毁处理方式  
D. 伦理审查委员会联系方式  
E. 参与者的后续治疗方案
【思考过程】：",BE,Doubao-1.5-Thinking,"【思考过程】：知情同意书的核心是确保参与者充分了解研究相关信息，以自主决定是否参与。根据医学伦理要求，必须包含的信息通常包括：研究目的、方法、可能的风险与不适（A属于）、受益、替代方案、自愿参与及退出权利、保密措施、生物样本的使用与处理方式（C属于）、研究者及伦理审查委员会的联系方式（D属于）、后续治疗或随访安排（E属于）等。而研究者的学术背景及研究成果（B）并非参与者做出知情决策的必要信息，因此不属于必须包含的内容。

【最终答案】：B",客观题,B
人体试验,"你是一个严格按照要求答题的医学考试考生。请你先展示出完整的思考过程，然后再输出最终答案。每道题目有至少两个选项（A、B）至多五个选项（A、B、C、D、E），题目为不定项选择题，请按照以下格式作答：

【思考过程】：...

【最终答案】：AB / BCE / CD / DE / E / ...（只输出选项的编号，不要写选项内容）

示例：
题目：医疗伦理中四大基本原则是？
A.尊重自主权
B.善意行为
C.无害原则
D.公正原则
E.以上都不是
【思考过程】：本题考查医学伦理的四大基本原则，包括尊重自主权、不伤害原则、行善原则、公正原则。

【最终答案】：ABCD

题目：根据《涉及人的生物医学研究伦理审查办法》，下列哪些属于研究参与者应享有的权利？（多选）
A.自愿参加和随时退出无需后果
B.知情同意或拒绝的权利
C.获得免费治疗和赔偿的权利
D.获取知情同意书副本的权利
E.事先不需要同意即可退出研究
【思考过程】：",BCD,Doubao-1.5-Thinking,"【思考过程】：本题考查《涉及人的生物医学研究伦理审查办法》中研究参与者的权利。需逐一分析选项：

- **选项A**：研究参与者有权自愿参加研究，且可随时退出，法规明确“不会因此受到不公正对待或报复”（即无不利后果），故A正确。  
- **选项B**：知情同意是核心伦理原则，参与者需在充分知情基础上自愿同意或拒绝参与，B正确。  
- **选项C**：法规规定研究中若发生与研究相关的伤害，参与者有权获得“医疗救治或经济补偿”，但“免费治疗和赔偿”表述不准确（并非所有情况均免费），C错误。  
- **选项D**：知情同意书签署后，参与者应获得副本以留存，这是知情同意过程的必要环节，D正确。  
- **选项E**：法规规定参与者“有权在任何阶段无条件退出研究”，“无条件”意味着无需研究者同意即可退出，E正确。  

综上，正确选项为A、B、D、E。

【最终答案】：ABDE",客观题,ABDE
人体试验,"你是一个严格按照要求答题的医学考试考生。请你先展示出完整的思考过程，然后再输出最终答案。每道题目有至少两个选项（A、B）至多五个选项（A、B、C、D、E），题目为不定项选择题，请按照以下格式作答：

【思考过程】：...

【最终答案】：AB / BCE / CD / DE / E / ...（只输出选项的编号，不要写选项内容）

示例：
题目：医疗伦理中四大基本原则是？
A.尊重自主权
B.善意行为
C.无害原则
D.公正原则
E.以上都不是
【思考过程】：本题考查医学伦理的四大基本原则，包括尊重自主权、不伤害原则、行善原则、公正原则。

【最终答案】：ABCD

题目：以下哪几项是人体试验知情同意书中必须包含的内容？
A.经研究者允许方可退出的权利
B.研究者的个人收入来源说明
C.自愿参加和随时退出的权利
D.可能替代治疗的相关信息
【思考过程】：",CD,Doubao-1.5-Thinking,"【思考过程】：人体试验知情同意书需充分保障受试者的知情权和自主选择权。根据相关伦理要求，必须包含的内容应包括自愿参与、随时退出的权利（无需研究者允许，故A错误，C正确），以及可能的替代治疗信息（D正确）。研究者的个人收入来源与受试者的知情决策无直接关联，并非必须内容（B错误）。

【最终答案】：CD",客观题,CD
人体试验,"你是一个严格按照要求答题的医学考试考生。请你先展示出完整的思考过程，然后再输出最终答案。每道题目有至少两个选项（A、B）至多五个选项（A、B、C、D、E），题目为不定项选择题，请按照以下格式作答：

【思考过程】：...

【最终答案】：AB / BCE / CD / DE / E / ...（只输出选项的编号，不要写选项内容）

示例：
题目：医疗伦理中四大基本原则是？
A.尊重自主权
B.善意行为
C.无害原则
D.公正原则
E.以上都不是
【思考过程】：本题考查医学伦理的四大基本原则，包括尊重自主权、不伤害原则、行善原则、公正原则。

【最终答案】：ABCD

题目：涉及人的生物样本采集的知情同意书中，以下哪项不属于必须包含的内容？
A.是否直接用于产品开发
B.样本的隐私保护措施
C.是否进行共享和二次利用
D.是否允许样本携带出境
E.样本的销毁处理方式
【思考过程】：",D,Doubao-1.5-Thinking,"【思考过程】：涉及人的生物样本采集的知情同意书需包含与样本使用、保护、处理相关的关键信息。根据相关伦理规范，必须包含的内容通常包括隐私保护措施（B）、样本的共享和二次利用（C）、销毁处理方式（E）以及样本的跨境使用（如携带出境，D）等。而“是否直接用于产品开发”（A）属于样本应用的具体场景之一，但并非所有研究都涉及产品开发，且伦理规范未强制要求必须明确“直接用于产品开发”这一具体用途，因此不属于必须包含的内容。

【最终答案】：A",客观题,A
人体试验,"你是一个严格按照要求答题的医学考试考生。请你先展示出完整的思考过程，然后再输出最终答案。每道题目有至少两个选项（A、B）至多五个选项（A、B、C、D、E），题目为不定项选择题，请按照以下格式作答：

【思考过程】：...

【最终答案】：AB / BCE / CD / DE / E / ...（只输出选项的编号，不要写选项内容）

示例：
题目：医疗伦理中四大基本原则是？
A.尊重自主权
B.善意行为
C.无害原则
D.公正原则
E.以上都不是
【思考过程】：本题考查医学伦理的四大基本原则，包括尊重自主权、不伤害原则、行善原则、公正原则。

【最终答案】：ABCD

题目：在心理学相关的人体试验中，关于知情同意的特殊性规定，以下哪种情况是被允许的？
A.为避免回答偏差，可在实验前不告知真实目的直接进行研究
B.在流行病学调查中，经研究者判断可将告知环节延后进行
C.当知情可能影响结果准确性时，在确保参与者不受伤害且经伦理审查后，可在研究完成后充分告知并获得同意
D.任何情况下未经事先同意的心理学研究数据均不得被纳入结果
【思考过程】：",C,Doubao-1.5-Thinking,"【思考过程】：本题考查心理学人体试验中知情同意的特殊性规定。  
- 选项A：为避免回答偏差而不告知真实目的直接研究，不符合伦理要求。心理学研究中即使需要隐瞒（deception），也需经伦理审查并事后解密，不能直接不告知。  
- 选项B：流行病学调查中研究者自行延后告知环节，不符合规定。知情同意通常需事先获得，除非豁免（如匿名研究），但研究者无权自行判断延后。  
- 选项C：当知情可能影响结果准确性时，若确保参与者不受伤害且经伦理审查，研究后充分告知并获得同意，符合心理学研究中“隐瞒”的伦理规范（需伦理审查、事后解密、无伤害）。  
- 选项D：“任何情况下”未经事先同意的数据均不得纳入结果，说法绝对。心理学中经伦理审查的隐瞒研究（如必要欺骗），事后解密并获得同意后，数据可纳入结果。  

【最终答案】：C",客观题,C
人体试验,"你是一个严格按照要求答题的医学考试考生。请你先展示出完整的思考过程，然后再输出最终答案。每道题目有至少两个选项（A、B）至多五个选项（A、B、C、D、E），题目为不定项选择题，请按照以下格式作答：

【思考过程】：...

【最终答案】：AB / BCE / CD / DE / E / ...（只输出选项的编号，不要写选项内容）

示例：
题目：医疗伦理中四大基本原则是？
A.尊重自主权
B.善意行为
C.无害原则
D.公正原则
E.以上都不是
【思考过程】：本题考查医学伦理的四大基本原则，包括尊重自主权、不伤害原则、行善原则、公正原则。

【最终答案】：ABCD

题目：以下哪些情况需要再次获取研究参与者的知情同意？
A.研究内容发生实质性变化
B.研究相关风险轻微增加
C.参与者民事行为能力等级提升
D.研究团队新增成员
E.参与的静脉采血量减少
【思考过程】：",AC,Doubao-1.5-Thinking,"【思考过程】：本题考查研究参与者知情同意的重新获取条件。根据医学研究伦理，当研究的关键信息发生实质性变化或参与者自身情况变化影响其同意能力时，需再次获取知情同意。  
- 选项A：研究内容发生实质性变化（如目的、方法、风险或受益的核心改变），直接影响参与者决策，需重新同意。  
- 选项B：研究相关风险“轻微增加”未达到实质性变化程度，通常无需重新同意。  
- 选项C：参与者民事行为能力等级提升（如从限制行为能力变为完全行为能力），原同意可能由监护人签署，现需自身重新确认，需再次同意。  
- 选项D：研究团队新增成员不影响研究本身风险或内容，无需重新同意。  
- 选项E：静脉采血量减少属于风险降低的非实质性变化，无需重新同意。  

【最终答案】：AC",客观题,AC
人体试验,"你是一个严格按照要求答题的医学考试考生。请你先展示出完整的思考过程，然后再输出最终答案。每道题目有至少两个选项（A、B）至多五个选项（A、B、C、D、E），题目为不定项选择题，请按照以下格式作答：

【思考过程】：...

【最终答案】：AB / BCE / CD / DE / E / ...（只输出选项的编号，不要写选项内容）

示例：
题目：医疗伦理中四大基本原则是？
A.尊重自主权
B.善意行为
C.无害原则
D.公正原则
E.以上都不是
【思考过程】：本题考查医学伦理的四大基本原则，包括尊重自主权、不伤害原则、行善原则、公正原则。

【最终答案】：ABCD

题目：在实施医疗器械临床试验时，以下哪种情况允许继续试验？
A.当预期的风险与获益相当时
B.只要有充分的科学依据即可，无论风险如何
C.当预期的获益明确大于风险时
D.试验目的明确，但风险尚未完全评估
E.当受试者同意承担所有潜在风险时
【思考过程】：",C,Doubao-1.5-Thinking,"【思考过程】：医疗器械临床试验需遵循伦理和科学原则，核心是确保受试者权益和安全。根据相关法规和伦理要求，试验继续的前提是预期获益必须明确大于风险（选项C正确）。选项A中“风险与获益相当”未满足获益大于风险的要求；选项B忽视了风险评估的重要性，仅科学依据不足；选项D风险未完全评估时无法确保安全；选项E中受试者同意不能替代风险-获益的客观评估。因此仅选项C符合要求。

【最终答案】：C",客观题,C
人体试验,"你是一个严格按照要求答题的医学考试考生。请你先展示出完整的思考过程，然后再输出最终答案。每道题目有至少两个选项（A、B）至多五个选项（A、B、C、D、E），题目为不定项选择题，请按照以下格式作答：

【思考过程】：...

【最终答案】：AB / BCE / CD / DE / E / ...（只输出选项的编号，不要写选项内容）

示例：
题目：医疗伦理中四大基本原则是？
A.尊重自主权
B.善意行为
C.无害原则
D.公正原则
E.以上都不是
【思考过程】：本题考查医学伦理的四大基本原则，包括尊重自主权、不伤害原则、行善原则、公正原则。

【最终答案】：ABCD

题目：下列哪一文件不属于医疗器械临床试验开始前必须向伦理委员会提交的材料？
A.试验设备采购合同
B.知情同意书文本
C.病例报告表文本
D.临床试验方案
【思考过程】：",A,Doubao-1.5-Thinking,"【思考过程】：根据《医疗器械临床试验质量管理规范》，伦理委员会审查需确保受试者权益和安全，需提交的材料通常包括临床试验方案（评估科学性和伦理性）、知情同意书（保护受试者知情同意权）、病例报告表（了解数据收集方式）等。试验设备采购合同属于后勤或财务文件，不涉及受试者权益或试验伦理核心，因此不属于必须提交的材料。

【最终答案】：A",客观题,A
人体试验,"你是一个严格按照要求答题的医学考试考生。请你先展示出完整的思考过程，然后再输出最终答案。每道题目有至少两个选项（A、B）至多五个选项（A、B、C、D、E），题目为不定项选择题，请按照以下格式作答：

【思考过程】：...

【最终答案】：AB / BCE / CD / DE / E / ...（只输出选项的编号，不要写选项内容）

示例：
题目：医疗伦理中四大基本原则是？
A.尊重自主权
B.善意行为
C.无害原则
D.公正原则
E.以上都不是
【思考过程】：本题考查医学伦理的四大基本原则，包括尊重自主权、不伤害原则、行善原则、公正原则。

【最终答案】：ABCD

题目：以下哪项不属于伦理委员会对医疗器械临床试验审查时须重点关注的内容？
A.受试者风险与试验预期的受益是否合适
B.知情同意书的获取方法是否适当
C.对孕妇等特殊人群的保护是否充分
D.受试者退出试验后的跟进措施是否完善
【思考过程】：",D,Doubao-1.5-Thinking,"【思考过程】：伦理委员会对医疗器械临床试验审查的核心是保护受试者权益与安全，重点关注内容通常包括：受试者风险与受益的合理性（A）、知情同意的获取方法（B）、特殊人群（如孕妇）的保护措施（C）等。而受试者退出试验后的跟进措施（D）虽可能涉及后续管理，但并非伦理审查的核心重点，更多属于试验执行细节。

【最终答案】：D",客观题,D
人体试验,"你是一个严格按照要求答题的医学考试考生。请你先展示出完整的思考过程，然后再输出最终答案。每道题目有至少两个选项（A、B）至多五个选项（A、B、C、D、E），题目为不定项选择题，请按照以下格式作答：

【思考过程】：...

【最终答案】：AB / BCE / CD / DE / E / ...（只输出选项的编号，不要写选项内容）

示例：
题目：医疗伦理中四大基本原则是？
A.尊重自主权
B.善意行为
C.无害原则
D.公正原则
E.以上都不是
【思考过程】：本题考查医学伦理的四大基本原则，包括尊重自主权、不伤害原则、行善原则、公正原则。

【最终答案】：ABCD

题目：根据我国相关规定，医疗器械临床试验知情同意书必须包含以下哪些内容？
A. 主要研究者的家庭住址及联系方式  
B. 受试者分配到不同组别的说明  
C. 临床试验结束后提供全部试验数据给受试者  
D. 受试者参加试验的预期受益和可预见的风险  
E. 试验相关伤害的赔偿由保险公司全权负责  
F. 受试者有权无责退出且医疗权益不受影响
【思考过程】：",BDF,Doubao-1.5-Thinking,"【思考过程】：根据我国《医疗器械临床试验质量管理规范》，医疗器械临床试验知情同意书需包含的核心内容包括：受试者的权益（如有权无责退出且医疗权益不受影响）、试验的基本信息（如受试者可能被分配的组别）、预期受益和风险、补偿与赔偿等。分析各选项：  
- A错误：主要研究者需提供的是研究机构或临床试验机构的联系方式，而非家庭住址。  
- B正确：需说明受试者可能被分配到的不同组别（如对照组或试验组）。  
- C错误：临床试验结束后通常向受试者提供结果摘要，而非全部试验数据。  
- D正确：必须明确受试者的预期受益和可预见的风险，这是知情同意的核心内容。  
- E错误：需说明试验相关伤害的补偿或赔偿方式，但“由保险公司全权负责”表述绝对且不符合法规要求（可能涉及申办者等责任主体）。  
- F正确：需明确受试者有权无理由退出试验，且不影响其原有医疗权益。  

【最终答案】：BDF",客观题,BDF
人体试验,"你是一个严格按照要求答题的医学考试考生。请你先展示出完整的思考过程，然后再输出最终答案。每道题目有至少两个选项（A、B）至多五个选项（A、B、C、D、E），题目为不定项选择题，请按照以下格式作答：

【思考过程】：...

【最终答案】：AB / BCE / CD / DE / E / ...（只输出选项的编号，不要写选项内容）

示例：
题目：医疗伦理中四大基本原则是？
A.尊重自主权
B.善意行为
C.无害原则
D.公正原则
E.以上都不是
【思考过程】：本题考查医学伦理的四大基本原则，包括尊重自主权、不伤害原则、行善原则、公正原则。

【最终答案】：ABCD

题目：以下哪项内容不属于医疗器械临床试验知情同意书必须包含的信息？
A.主要研究者的执业资格证明编号
B.受试者退出临床试验后的医疗待遇说明
C.免费药物治疗的疗程及剂量
D.受试者每周可获取试验进展的书面报告
E.临床试验分组可能性的说明
【思考过程】：",ACD,Doubao-1.5-Thinking,"【思考过程】：本题需判断哪项不属于医疗器械临床试验知情同意书必须包含的信息。根据《医疗器械临床试验质量管理规范》第四十四条，知情同意书需包含的核心内容包括研究者信息（如姓名、所属机构等）、试验目的与方法、风险与受益、受试者权利（如退出后的后果）、补偿与费用、数据保护等。  

- **选项A**：主要研究者的执业资格证明编号。规范要求包含研究者的姓名及相关信息（如职务、职称），但未明确要求提供执业资格证明编号，因此可能不属于必须内容。  
- **选项B**：受试者退出后的医疗待遇说明。规范明确要求说明退出后的后果，包括医疗待遇，属于必须内容。  
- **选项C**：免费药物治疗的疗程及剂量。若试验涉及免费治疗，需说明疗程和剂量，属于必须内容。  
- **选项D**：受试者每周可获取试验进展的书面报告。规范仅要求试验结果的信息反馈，未强制要求定期（如每周）提供进展报告，不属于必须内容。  
- **选项E**：临床试验分组可能性的说明。试验分组（如随机分组）是试验方法的核心，需明确告知，属于必须内容。  

综上，D选项“受试者每周可获取试验进展的书面报告”不属于必须包含的信息。

【最终答案】：D",客观题,D
人体试验,"你是一个严格按照要求答题的医学考试考生。请你先展示出完整的思考过程，然后再输出最终答案。每道题目有至少两个选项（A、B）至多五个选项（A、B、C、D、E），题目为不定项选择题，请按照以下格式作答：

【思考过程】：...

【最终答案】：AB / BCE / CD / DE / E / ...（只输出选项的编号，不要写选项内容）

示例：
题目：医疗伦理中四大基本原则是？
A.尊重自主权
B.善意行为
C.无害原则
D.公正原则
E.以上都不是
【思考过程】：本题考查医学伦理的四大基本原则，包括尊重自主权、不伤害原则、行善原则、公正原则。

【最终答案】：ABCD

题目：以下哪些内容必须包含在医疗器械临床试验的知情同意书中？
A.治疗费用由受试者承担的说明
B.受试者参加临床试验后可获得相关补偿的条款
C.因临床试验导致健康损害时可免除医疗器械机构责任的声明
D.发生与试验相关的伤害时可获得治疗/赔偿的方案
E.受试者自愿退出临床试验且不受歧视的权利
【思考过程】：",BDE,Doubao-1.5-Thinking,"【思考过程】：本题考查医疗器械临床试验知情同意书的必备内容，需依据《医疗器械临床试验质量管理规范》分析各选项：

- 选项A：规范要求说明“受试者参加试验所需的费用及得到补偿的情况”，但未强制要求“治疗费用由受试者承担”的说明（若费用由申办方承担则无需此内容），因此A非必须。  
- 选项B：规范明确需说明“得到补偿的情况”（如交通、误工等补偿），因此“可获得相关补偿的条款”是必须内容。  
- 选项C：因临床试验导致健康损害时，医疗器械机构不能免除责任，此类免责声明违法，故C错误。  
- 选项D：规范要求“当发生与试验相关的损害时，受试者可以获得的治疗和相应的补偿”，因此D是必须内容。  
- 选项E：受试者自愿退出且不受歧视的权利属于基本权益，规范要求明确“受试者的权利和义务，包括自愿参加和退出”，故E是必须内容。  

【最终答案】：BDE",客观题,BDE
人体试验,"你是一个严格按照要求答题的医学考试考生。请你先展示出完整的思考过程，然后再输出最终答案。每道题目有至少两个选项（A、B）至多五个选项（A、B、C、D、E），题目为不定项选择题，请按照以下格式作答：

【思考过程】：...

【最终答案】：AB / BCE / CD / DE / E / ...（只输出选项的编号，不要写选项内容）

示例：
题目：医疗伦理中四大基本原则是？
A.尊重自主权
B.善意行为
C.无害原则
D.公正原则
E.以上都不是
【思考过程】：本题考查医学伦理的四大基本原则，包括尊重自主权、不伤害原则、行善原则、公正原则。

【最终答案】：ABCD

题目：以下哪组内容均属于医疗器械临床试验知情同意书必须包含的内容？（多选）
A.研究机构地址和急诊联系方式，B.临床试验名称，C.资金来源和可能的利益冲突，D.可能被分配到不同组别，E.预期受益和已知风险，F.研究者的社会兼职信息
【思考过程】：",BCDE,Doubao-1.5-Thinking,"【思考过程】：本题考查医疗器械临床试验知情同意书必须包含的内容。根据《医疗器械临床试验质量管理规范》及相关伦理要求，知情同意书需确保受试者充分了解试验信息，保障其知情选择权。逐一分析选项：

- **选项A（研究机构地址和急诊联系方式）**：规范要求提供研究者的联系方式（包括研究机构地址和紧急联系信息），以便受试者在需要时联系，属于必须内容。  
- **选项B（临床试验名称）**：受试者需明确参与的具体试验名称，是基本信息，必须包含。  
- **选项C（资金来源和可能的利益冲突）**：根据伦理要求，需披露资金来源和利益冲突以确保透明度，避免利益影响试验客观性，属于必须内容。  
- **选项D（可能被分配到不同组别）**：随机对照试验中，受试者可能被分配到不同组别（如试验组或对照组），是试验设计的重要信息，必须告知。  
- **选项E（预期受益和已知风险）**：受试者需了解参与试验的潜在受益和风险，是知情同意的核心内容，必须包含。  
- **选项F（研究者的社会兼职信息）**：研究者的社会兼职通常与试验无直接关联，不属于必须披露内容。  

综上，必须包含的内容为A、B、C、D、E。

【最终答案】：ABCDE",客观题,ABCDE
人体试验,"你是一个严格按照要求答题的医学考试考生。请你先展示出完整的思考过程，然后再输出最终答案。每道题目有至少两个选项（A、B）至多五个选项（A、B、C、D、E），题目为不定项选择题，请按照以下格式作答：

【思考过程】：...

【最终答案】：AB / BCE / CD / DE / E / ...（只输出选项的编号，不要写选项内容）

示例：
题目：医疗伦理中四大基本原则是？
A.尊重自主权
B.善意行为
C.无害原则
D.公正原则
E.以上都不是
【思考过程】：本题考查医学伦理的四大基本原则，包括尊重自主权、不伤害原则、行善原则、公正原则。

【最终答案】：ABCD

题目：以下哪项内容不属于医疗器械临床试验知情同意书必须包含的信息？
A.受试者工作单位可随时查阅其试验数据
B.研究者和申办者的具体联系方式
C.受试者可获得的免费诊疗项目
D.受试者有权随时退出试验且不受歧视
E.必须经法定代理人签署才能生效
【思考过程】：",ABE,Doubao-1.5-Thinking,"【思考过程】：本题需判断哪项不属于医疗器械临床试验知情同意书必须包含的信息。根据《医疗器械临床试验质量管理规范》，知情同意书需包含研究者和申办者的联系方式（B）、受试者可获得的免费诊疗项目（C）、受试者随时退出且不受歧视的权利（D）等必要信息。  

- 选项A：“受试者工作单位可随时查阅其试验数据”不符合隐私保护要求，试验数据通常需保密，单位无权随意查阅，不属于必须包含的信息。  
- 选项B：研究者和申办者的联系方式是受试者联系相关方的必要信息，属于必须包含的内容。  
- 选项C：受试者可获得的免费诊疗项目涉及权益，需明确告知，属于必须包含的内容。  
- 选项D：受试者的退出权是自主权的体现，属于必须包含的内容。  
- 选项E：“必须经法定代理人签署才能生效”错误，仅无/限制民事行为能力受试者需法定代理人签署，完全民事行为能力者可自行签署，因此不属于必须包含的信息。  

【最终答案】：AE",客观题,AE
人体试验,"你是一个严格按照要求答题的医学考试考生。请你先展示出完整的思考过程，然后再输出最终答案。每道题目有至少两个选项（A、B）至多五个选项（A、B、C、D、E），题目为不定项选择题，请按照以下格式作答：

【思考过程】：...

【最终答案】：AB / BCE / CD / DE / E / ...（只输出选项的编号，不要写选项内容）

示例：
题目：医疗伦理中四大基本原则是？
A.尊重自主权
B.善意行为
C.无害原则
D.公正原则
E.以上都不是
【思考过程】：本题考查医学伦理的四大基本原则，包括尊重自主权、不伤害原则、行善原则、公正原则。

【最终答案】：ABCD

题目：以下哪些内容属于医疗器械临床试验知情同意书的必须包含事项？
A.预期受试者可能的所有风险及未验证的并发症
B.临床试验的背景及相关学科的理论基础
C.预期受试者的已知可预见风险与可能的受益
D.替代诊疗方法的潜在受益和风险信息
E.实验室异常检测结果的处理流程
【思考过程】：",CD,Doubao-1.5-Thinking,"【思考过程】：本题考查医疗器械临床试验知情同意书的必须包含事项，需依据相关法规（如《医疗器械临床试验质量管理规范》）判断。  
- 选项A：“预期受试者可能的所有风险及未验证的并发症”不准确。法规要求告知“已知可预见的风险”，而非“所有风险”或“未验证的并发症”，故A不必须。  
- 选项B：“临床试验的背景及相关学科的理论基础”属于研究的科学背景，并非受试者知情决策的核心内容，法规未强制要求，故B不必须。  
- 选项C：“预期受试者的已知可预见风险与可能的受益”是知情同意的核心，法规明确要求告知受试者此类信息（如《规范》第四十二条第六款），故C必须。  
- 选项D：“替代诊疗方法的潜在受益和风险信息”是受试者知情选择的关键，法规规定需告知可选诊疗方法及其利弊（如《规范》第四十二条第十二款），故D必须。  
- 选项E：“实验室异常检测结果的处理流程”属于试验具体操作细节，法规未明确列为必须包含事项，故E不必须。  

【最终答案】：CD",客观题,CD
人体试验,"你是一个严格按照要求答题的医学考试考生。请你先展示出完整的思考过程，然后再输出最终答案。每道题目有至少两个选项（A、B）至多五个选项（A、B、C、D、E），题目为不定项选择题，请按照以下格式作答：

【思考过程】：...

【最终答案】：AB / BCE / CD / DE / E / ...（只输出选项的编号，不要写选项内容）

示例：
题目：医疗伦理中四大基本原则是？
A.尊重自主权
B.善意行为
C.无害原则
D.公正原则
E.以上都不是
【思考过程】：本题考查医学伦理的四大基本原则，包括尊重自主权、不伤害原则、行善原则、公正原则。

【最终答案】：ABCD

题目：以下哪项是医疗器械临床试验知情同意书必须包含的内容？
A.确定受试者退出试验需返还已获得的所有补偿
B.声明受试者退出试验需经主治医师批准
C.说明受试者有权随时了解与试验相关的信息资料
D.承诺为受试者承担因试验产生的全部工资损失
【思考过程】：",C,Doubao-1.5-Thinking,"【思考过程】：本题考查医疗器械临床试验知情同意书的必备内容。根据《医疗器械临床试验质量管理规范》，知情同意书需保障受试者的知情和自愿权利。分析各选项：  
- 选项A：受试者退出试验时，是否返还补偿应基于自愿原则，而非强制要求，因此不属于必须内容。  
- 选项B：受试者有权随时退出试验，无需经医师批准，强制批准不符合自愿原则，故错误。  
- 选项C：受试者有权了解与试验相关的信息资料（如试验进展、结果等），这是知情同意的核心要求之一，属于必须内容。  
- 选项D：试验可能补偿合理费用，但“承担全部工资损失”非法定必须内容，故错误。  

【最终答案】：C",客观题,C
人体试验,"你是一个严格按照要求答题的医学考试考生。请你先展示出完整的思考过程，然后再输出最终答案。每道题目有至少两个选项（A、B）至多五个选项（A、B、C、D、E），题目为不定项选择题，请按照以下格式作答：

【思考过程】：...

【最终答案】：AB / BCE / CD / DE / E / ...（只输出选项的编号，不要写选项内容）

示例：
题目：医疗伦理中四大基本原则是？
A.尊重自主权
B.善意行为
C.无害原则
D.公正原则
E.以上都不是
【思考过程】：本题考查医学伦理的四大基本原则，包括尊重自主权、不伤害原则、行善原则、公正原则。

【最终答案】：ABCD

题目：以下哪项内容不属于医疗器械临床试验知情同意书必须包含的部分？
A.分配到不同组别的可能性说明
B.免费诊疗项目及补偿方案
C.主要研究者个人信息
D.受试者中途退出需支付违约金
E.伦理委员会查阅资料的权限
【思考过程】：",D,Doubao-1.5-Thinking,"【思考过程】：根据《医疗器械临床试验质量管理规范》，知情同意书需包含受试者的权益（如自愿参加和退出的权利）、试验相关信息（如分组可能性、免费诊疗及补偿）、研究者和伦理委员会信息等。选项D“受试者中途退出需支付违约金”违反受试者自愿退出的基本权利，不属于必须内容；其他选项（A分配组别说明、B免费及补偿、C研究者信息、E伦理委员会权限）均为知情同意书应包含的内容。

【最终答案】：D",客观题,D
人体试验,"你是一个严格按照要求答题的医学考试考生。请你先展示出完整的思考过程，然后再输出最终答案。每道题目有至少两个选项（A、B）至多五个选项（A、B、C、D、E），题目为不定项选择题，请按照以下格式作答：

【思考过程】：...

【最终答案】：AB / BCE / CD / DE / E / ...（只输出选项的编号，不要写选项内容）

示例：
题目：医疗伦理中四大基本原则是？
A.尊重自主权
B.善意行为
C.无害原则
D.公正原则
E.以上都不是
【思考过程】：本题考查医学伦理的四大基本原则，包括尊重自主权、不伤害原则、行善原则、公正原则。

【最终答案】：ABCD

题目：下列哪一选项不属于医疗器械临床试验知情同意书的法定必含内容？
A.预期受试者可能获得的治疗效果
B.临床试验的研究方法与样本量细节
C.受试者不参加试验可获得的替代医疗补偿
D.分配至不同试验组别的可能性说明
E.研究结果预期发表的具体时间
【思考过程】：",BCE,Doubao-1.5-Thinking,"【思考过程】：本题需判断哪一选项不属于医疗器械临床试验知情同意书的法定必含内容。根据《医疗器械临床试验质量管理规范》第四十四条，知情同意书的必含内容通常包括：研究者信息、试验目的与可能的受益/风险、试验方法与步骤、受试者可能分配的组别、配合事项、自愿参与与退出权利、隐私保护、损害补偿、可能获得的补偿等。  

- 选项A“预期受试者可能获得的治疗效果”属于“可能的受益”，是必含内容。  
- 选项B“临床试验的研究方法与样本量细节”中，“研究方法”属于必含的“试验方法”，但“样本量细节”（如具体数字）并非法定强制要求，不过题目未明确区分“方法”与“细节”，需结合其他选项分析。  
- 选项C“受试者不参加试验可获得的替代医疗补偿”涉及替代方案，属于受试者需知情的必要信息，是必含内容。  
- 选项D“分配至不同试验组别的可能性说明”对应“受试者可能被分配到的组别”，是必含内容。  
- 选项E“研究结果预期发表的具体时间”与受试者参与试验的风险、受益、权利等核心信息无关，不属于法定必含内容。  

综上，E选项明显不属于必含内容。

【最终答案】：E",客观题,E
人体试验,"你是一个严格按照要求答题的医学考试考生。请你先展示出完整的思考过程，然后再输出最终答案。每道题目有至少两个选项（A、B）至多五个选项（A、B、C、D、E），题目为不定项选择题，请按照以下格式作答：

【思考过程】：...

【最终答案】：AB / BCE / CD / DE / E / ...（只输出选项的编号，不要写选项内容）

示例：
题目：医疗伦理中四大基本原则是？
A.尊重自主权
B.善意行为
C.无害原则
D.公正原则
E.以上都不是
【思考过程】：本题考查医学伦理的四大基本原则，包括尊重自主权、不伤害原则、行善原则、公正原则。

【最终答案】：ABCD

题目：以下哪项内容不属于医疗器械临床试验知情同意书必须包含的条款？
A.主要研究者的姓名及信息
B.受试者可随时了解与其相关的资料
C.受试者有权自愿退出试验且不受歧视
D.替代诊疗方法的潜在受益和风险
E.司法机构因工作需要可查阅受试者个人资料
F.试验期间的免费诊疗项目及补偿
G.受试者需承担试验后的跟踪调查义务
【思考过程】：",G,Doubao-1.5-Thinking,"【思考过程】：本题需判断哪些内容不属于医疗器械临床试验知情同意书必须包含的条款。根据《医疗器械临床试验质量管理规范》第四十条，知情同意书通常需包含以下核心内容：研究者信息（如姓名及职称）、试验目的与方法、潜在受益与风险、受试者权利（如自愿参加/退出、获取信息、资料保密）、受试者义务（如配合检查）、补偿与费用、替代治疗信息等。

逐一分析选项：  
- **A**（主要研究者的姓名及信息）：属于规范中“研究者的姓名和职称”要求，必须包含。  
- **B**（受试者可随时了解与其相关的资料）：属于受试者“获得试验相关信息”的权利，必须包含。  
- **C**（受试者有权自愿退出试验且不受歧视）：属于受试者“自愿参加和随时退出”的权利，必须包含。  
- **D**（替代诊疗方法的潜在受益和风险）：受试者需了解其他可能的治疗选择，属于知情同意的必要信息，必须包含。  
- **E**（司法机构因工作需要可查阅受试者个人资料）：规范中仅要求说明资料保密措施（如授权人员访问），未强制要求提及司法机构查阅，不属于必须条款。  
- **F**（试验期间的免费诊疗项目及补偿）：属于“受试者因参加试验可能获得的补偿”，必须包含。  
- **G**（受试者需承担试验后的跟踪调查义务）：属于“受试者的义务（如配合研究者完成相关检查）”，必须包含。  

综上，只有E不属于必须包含的条款。

【最终答案】：E",客观题,E
人体试验,"你是一个严格按照要求答题的医学考试考生。请你先展示出完整的思考过程，然后再输出最终答案。每道题目有至少两个选项（A、B）至多五个选项（A、B、C、D、E），题目为不定项选择题，请按照以下格式作答：

【思考过程】：...

【最终答案】：AB / BCE / CD / DE / E / ...（只输出选项的编号，不要写选项内容）

示例：
题目：医疗伦理中四大基本原则是？
A.尊重自主权
B.善意行为
C.无害原则
D.公正原则
E.以上都不是
【思考过程】：本题考查医学伦理的四大基本原则，包括尊重自主权、不伤害原则、行善原则、公正原则。

【最终答案】：ABCD

题目：伦理委员会在医疗器械临床试验中可以采取什么措施？
A.仅在试验开始时进行审查
B.跟踪监督整个试验过程
C.书面要求暂停或终止试验
D.仅在发现严重问题时终止试验
E.口头通知研究人员暂停试验
【思考过程】：",BC,Doubao-1.5-Thinking,"【思考过程】：本题考查伦理委员会在医疗器械临床试验中的职责。根据相关法规（如《医疗器械临床试验质量管理规范》），伦理委员会的职责包括：①不仅在试验开始前审查，还需对整个试验过程进行跟踪监督（A错误，B正确）；②当发现试验存在严重伦理问题或受试者安全受威胁时，可采取书面形式要求暂停或终止试验（C正确，E错误，因需书面而非口头）；③终止试验的条件不限于“仅在发现严重问题时”，且需通过书面形式，故D错误。

【最终答案】：BC",客观题,BC
人体试验,"你是一个严格按照要求答题的医学考试考生。请你先展示出完整的思考过程，然后再输出最终答案。每道题目有至少两个选项（A、B）至多五个选项（A、B、C、D、E），题目为不定项选择题，请按照以下格式作答：

【思考过程】：...

【最终答案】：AB / BCE / CD / DE / E / ...（只输出选项的编号，不要写选项内容）

示例：
题目：医疗伦理中四大基本原则是？
A.尊重自主权
B.善意行为
C.无害原则
D.公正原则
E.以上都不是
【思考过程】：本题考查医学伦理的四大基本原则，包括尊重自主权、不伤害原则、行善原则、公正原则。

【最终答案】：ABCD

题目：伦理委员会在审查人体试验相关安全性信息时，可以采取以下哪些措施？
A.要求申办者销毁未公开的严重不良事件数据
B.终止该项临床试验并销毁所有数据
C.暂停本机构所有临床试验项目
D.要求研究者修改药物剂量设置方案
E.同意试验继续进行但缩短知情同意书内容
【思考过程】：",D,Doubao-1.5-Thinking,"【思考过程】：伦理委员会的核心职责是保护受试者权益与安全，审查人体试验安全性信息时需基于此原则。分析各选项：  
- A错误：严重不良事件数据需保留并审查，销毁不利于评估风险；  
- B错误：终止试验可能合理，但销毁所有数据无必要，数据可能有科学或后续分析价值；  
- C错误：暂停应针对具体问题试验，而非本机构所有项目；  
- D正确：若安全性问题与剂量相关，伦理委员会可要求修改剂量方案以降低风险；  
- E错误：知情同意书需包含必要信息，缩短内容可能损害受试者知情权，不符合伦理要求。  

【最终答案】：D",客观题,D
人体试验,"你是一个严格按照要求答题的医学考试考生。请你先展示出完整的思考过程，然后再输出最终答案。每道题目有至少两个选项（A、B）至多五个选项（A、B、C、D、E），题目为不定项选择题，请按照以下格式作答：

【思考过程】：...

【最终答案】：AB / BCE / CD / DE / E / ...（只输出选项的编号，不要写选项内容）

示例：
题目：医疗伦理中四大基本原则是？
A.尊重自主权
B.善意行为
C.无害原则
D.公正原则
E.以上都不是
【思考过程】：本题考查医学伦理的四大基本原则，包括尊重自主权、不伤害原则、行善原则、公正原则。

【最终答案】：ABCD

题目：伦理委员会在审查临床试验方案的偏离时，需重点关注哪些方面的潜在影响？
A.受试者的权益和安全
B.经济成本控制
C.试验机构的声誉
D.科学性和完整性
E.试验数据的可获取性
【思考过程】：",AD,Doubao-1.5-Thinking,"伦理委员会的核心职责是保护受试者权益与安全，并确保临床试验的科学性和伦理合理性。审查临床试验方案偏离时，需重点关注对受试者和试验本身的影响：

- **选项A（受试者的权益和安全）**：伦理委员会的首要任务是保护受试者，因此偏离是否损害受试者权益或安全是核心关注点。  
- **选项B（经济成本控制）**：经济成本属于试验管理范畴，非伦理审查的重点。  
- **选项C（试验机构的声誉）**：机构声誉并非伦理审查的核心目标，伦理委员会关注的是受试者和试验本身的伦理与科学问题。  
- **选项D（科学性和完整性）**：偏离可能影响试验设计的科学性或数据的完整性，进而影响结果的可靠性，因此需重点关注。  
- **选项E（试验数据的可获取性）**：数据可获取性更多涉及试验操作层面，伦理审查更关注数据的质量和伦理影响，而非单纯可获取性。  

综上，伦理委员会需重点关注受试者权益安全（A）和科学性完整性（D）。

【思考过程】：伦理委员会审查临床试验方案偏离时，核心目标是保护受试者权益与安全（A），并确保试验的科学性和完整性（D）。经济成本（B）、机构声誉（C）和数据可获取性（E）并非其重点关注内容。

【最终答案】：AD",客观题,AD
人体试验,"你是一个严格按照要求答题的医学考试考生。请你先展示出完整的思考过程，然后再输出最终答案。每道题目有至少两个选项（A、B）至多五个选项（A、B、C、D、E），题目为不定项选择题，请按照以下格式作答：

【思考过程】：...

【最终答案】：AB / BCE / CD / DE / E / ...（只输出选项的编号，不要写选项内容）

示例：
题目：医疗伦理中四大基本原则是？
A.尊重自主权
B.善意行为
C.无害原则
D.公正原则
E.以上都不是
【思考过程】：本题考查医学伦理的四大基本原则，包括尊重自主权、不伤害原则、行善原则、公正原则。

【最终答案】：ABCD

题目：以下哪一条件不属于负责医疗器械临床试验主要研究者的必备条件？
A.已完成医疗器械临床试验主要研究者备案
B.熟悉本规范和相关法律法规
C.具有试验医疗器械使用所要求的专业知识和经验并经过相关培训
D.在三级甲等医院任职至少5年
E.有能力协调临床试验人员及设备并处理不良事件
【思考过程】：",D,Doubao-1.5-Thinking,"【思考过程】：根据《医疗器械临床试验质量管理规范》，主要研究者的必备条件包括：（1）已完成医疗器械临床试验主要研究者备案（A属于）；（2）熟悉本规范和相关法律法规（B属于）；（3）具有试验医疗器械使用所要求的专业知识和经验并经过相关培训（C属于）；（4）有能力协调临床试验人员及设备并处理不良事件（E属于）。规范未强制要求主要研究者必须在三级甲等医院任职至少5年（D不属于）。

【最终答案】：D",客观题,D
人体试验,"你是一个严格按照要求答题的医学考试考生。请你先展示出完整的思考过程，然后再输出最终答案。每道题目有至少两个选项（A、B）至多五个选项（A、B、C、D、E），题目为不定项选择题，请按照以下格式作答：

【思考过程】：...

【最终答案】：AB / BCE / CD / DE / E / ...（只输出选项的编号，不要写选项内容）

示例：
题目：医疗伦理中四大基本原则是？
A.尊重自主权
B.善意行为
C.无害原则
D.公正原则
E.以上都不是
【思考过程】：本题考查医学伦理的四大基本原则，包括尊重自主权、不伤害原则、行善原则、公正原则。

【最终答案】：ABCD

题目：在人体试验中，以下哪些文件必须使用经伦理委员会同意的最新版本？
A.研究者修订的知情同意书草案
B.经伦理委员会同意的最新版知情同意书
C.受试者信息手册的旧版本
D.伦理审查通过的研究宣传资料
E.医院内部使用的试验流程文件
【思考过程】：",BD,Doubao-1.5-Thinking,"【思考过程】：在人体试验中，为确保受试者权益和试验合规性，涉及受试者的文件必须使用伦理委员会同意的最新版本。选项分析如下：  
- A：研究者修订的知情同意书草案未经伦理委员会审核，不能使用，故错误。  
- B：经伦理委员会同意的最新版知情同意书是受试者参与试验的核心文件，必须使用，正确。  
- C：受试者信息手册的旧版本可能已被更新，未使用最新版，错误。  
- D：研究宣传资料若涉及受试者招募，需经伦理审查且使用最新通过版本，正确。  
- E：医院内部试验流程文件不直接涉及受试者，无需伦理委员会同意的最新版本，错误。  

【最终答案】：BD",客观题,BD
人体试验,"你是一个严格按照要求答题的医学考试考生。请你先展示出完整的思考过程，然后再输出最终答案。每道题目有至少两个选项（A、B）至多五个选项（A、B、C、D、E），题目为不定项选择题，请按照以下格式作答：

【思考过程】：...

【最终答案】：AB / BCE / CD / DE / E / ...（只输出选项的编号，不要写选项内容）

示例：
题目：医疗伦理中四大基本原则是？
A.尊重自主权
B.善意行为
C.无害原则
D.公正原则
E.以上都不是
【思考过程】：本题考查医学伦理的四大基本原则，包括尊重自主权、不伤害原则、行善原则、公正原则。

【最终答案】：ABCD

题目：在临床试验前，以下哪个步骤不属于研究者必须履行的义务？
A.向受试者详细解释试验医疗器械的功能和潜在风险
B.明确告知受试者可能的受益和可预见的风险
C.要求受试者在知情同意书上签署姓名及日期
D.研究者仅需在知情同意书上签署姓名无需注明日期
E.由研究者单独决定是否需向伦理委员会提交备案材料
【思考过程】：",D,Doubao-1.5-Thinking,"【思考过程】：本题需判断临床试验前研究者必须履行的义务。根据相关法规和伦理要求：  
- 选项A：研究者需向受试者详细解释试验医疗器械的功能和潜在风险（知情同意的基本要求），属于义务。  
- 选项B：明确告知受试者可能的受益和风险是知情同意的核心内容，属于义务。  
- 选项C：要求受试者签署知情同意书（含姓名及日期）是确认自愿参与的必要步骤，属于义务。  
- 选项D：研究者需在知情同意书上签署姓名及日期（而非仅姓名），因此“仅签署姓名无需注明日期”不属于必须履行的义务。  
- 选项E：伦理审查是强制要求，研究者需向伦理委员会提交材料，而非“单独决定是否提交”，因此此步骤不属于义务。  

【最终答案】：DE",客观题,DE
人体试验,"你是一个严格按照要求答题的医学考试考生。请你先展示出完整的思考过程，然后再输出最终答案。每道题目有至少两个选项（A、B）至多五个选项（A、B、C、D、E），题目为不定项选择题，请按照以下格式作答：

【思考过程】：...

【最终答案】：AB / BCE / CD / DE / E / ...（只输出选项的编号，不要写选项内容）

示例：
题目：医疗伦理中四大基本原则是？
A.尊重自主权
B.善意行为
C.无害原则
D.公正原则
E.以上都不是
【思考过程】：本题考查医学伦理的四大基本原则，包括尊重自主权、不伤害原则、行善原则、公正原则。

【最终答案】：ABCD

题目：进行人体试验时，以下哪些情形符合伦理法规要求？
A.受试者为15岁未成年人，在母亲在场的情况下口头同意参与试验
B.未成年人受试者在获得其监护人的书面知情同意后参与试验
C.成年智力障碍患者在本人签署同意书但未告知家属的情况下参与试验
D.缺乏阅读能力的受试者在一位公正见证人见证后完成知情同意流程
E.不识字的受试者由其亲属作为见证人在知情同意书上签字
【思考过程】：",BD,Doubao-1.5-Thinking,"【思考过程】：本题考查人体试验的伦理法规要求，重点涉及知情同意的具体规定。  
- 选项A：未成年人（15岁）属于无完全民事行为能力者，其参与试验需监护人的书面知情同意（而非仅口头同意），且可能需本人“同意”（assent），但口头同意不符合法规要求，故A错误。  
- 选项B：未成年人参与试验需监护人的书面知情同意，符合伦理法规要求，故B正确。  
- 选项C：成年智力障碍患者属于限制或无民事行为能力者，其知情同意需监护人或法定代理人参与，仅本人签署而未告知家属不符合要求，故C错误。  
- 选项D：缺乏阅读能力的受试者，需通过口头解释确保其理解，并由公正见证人（独立第三方）见证知情同意过程，符合法规要求，故D正确。  
- 选项E：不识字受试者的见证人需为独立公正的第三方（非亲属，因亲属可能存在利益关联），故E错误。  

【最终答案】：BD",客观题,BD
人体试验,"你是一个严格按照要求答题的医学考试考生。请你先展示出完整的思考过程，然后再输出最终答案。每道题目有至少两个选项（A、B）至多五个选项（A、B、C、D、E），题目为不定项选择题，请按照以下格式作答：

【思考过程】：...

【最终答案】：AB / BCE / CD / DE / E / ...（只输出选项的编号，不要写选项内容）

示例：
题目：医疗伦理中四大基本原则是？
A.尊重自主权
B.善意行为
C.无害原则
D.公正原则
E.以上都不是
【思考过程】：本题考查医学伦理的四大基本原则，包括尊重自主权、不伤害原则、行善原则、公正原则。

【最终答案】：ABCD

题目：以下哪些行为可能违反人体试验伦理规定？
A.在知情同意过程中未完整说明试验潜在风险
B.承诺给予受试者补偿金额高于当地年人均收入
C.以减免治疗费用为条件吸引重症患者参与试验
D.在偏僻地区招募教育水平较低的受试者群体
【思考过程】：",ABC,Doubao-1.5-Thinking,"【思考过程】：本题考查人体试验的伦理规定，核心涉及知情同意、避免不当诱导等原则。  
- 选项A：知情同意要求完整告知试验潜在风险，未完整说明违反知情同意原则，属于违规。  
- 选项B：补偿金额高于当地年人均收入本身不一定违规，关键看是否构成“不当诱导”（如胁迫自愿性），题目未明确说明存在胁迫，故不必然违规。  
- 选项C：以减免治疗费用吸引重症患者（脆弱群体）参与，可能利用其急需治疗的心理，构成不当诱导，违反伦理。  
- 选项D：招募偏僻地区或教育水平低的群体本身不违规，只要知情同意过程确保其理解（如使用通俗语言），题目未提及未采取措施，故不违规。  

【最终答案】：AC",客观题,AC
人体试验,"你是一个严格按照要求答题的医学考试考生。请你先展示出完整的思考过程，然后再输出最终答案。每道题目有至少两个选项（A、B）至多五个选项（A、B、C、D、E），题目为不定项选择题，请按照以下格式作答：

【思考过程】：...

【最终答案】：AB / BCE / CD / DE / E / ...（只输出选项的编号，不要写选项内容）

示例：
题目：医疗伦理中四大基本原则是？
A.尊重自主权
B.善意行为
C.无害原则
D.公正原则
E.以上都不是
【思考过程】：本题考查医学伦理的四大基本原则，包括尊重自主权、不伤害原则、行善原则、公正原则。

【最终答案】：ABCD

题目：当知情同意书更新并获得伦理委员会审查同意后，以下哪种做法符合相关法规要求？
A.仅要求已结束试验流程的受试者补签新版本
B.所有未结束试验流程的受试者需签署新版本
C.仅需向受试者说明变更内容无需重新签署
D.仅在受试者主动要求时才提供新版本知情同意书
【思考过程】：",B,Doubao-1.5-Thinking,"【思考过程】：根据药物临床试验质量管理规范（GCP）及伦理审查相关规定，当知情同意书更新并获得伦理委员会批准后，需确保受试者基于最新信息作出知情同意。已结束试验流程的受试者通常不再参与后续试验，无需补签；而未结束试验流程的受试者仍在参与试验，必须签署新版本以确认其知情同意的有效性。仅说明变更内容或仅在受试者主动要求时提供新版本，均不符合“主动告知并确认同意”的核心要求。

【最终答案】：B",客观题,B
人体试验,"你是一个严格按照要求答题的医学考试考生。请你先展示出完整的思考过程，然后再输出最终答案。每道题目有至少两个选项（A、B）至多五个选项（A、B、C、D、E），题目为不定项选择题，请按照以下格式作答：

【思考过程】：...

【最终答案】：AB / BCE / CD / DE / E / ...（只输出选项的编号，不要写选项内容）

示例：
题目：医疗伦理中四大基本原则是？
A.尊重自主权
B.善意行为
C.无害原则
D.公正原则
E.以上都不是
【思考过程】：本题考查医学伦理的四大基本原则，包括尊重自主权、不伤害原则、行善原则、公正原则。

【最终答案】：ABCD

题目：在医疗器械临床试验中发生不良事件时，研究者应当采取以下哪些措施？
A.为受试者提供足够、及时的治疗和处理
B.仅记录受试者的不良反应而忽略器械缺陷
C.在受试者出现并发疾病时推迟告知直到试验结束
D.及时告知受试者其并发疾病需要治疗的情况
E.记录所有不良事件及发现的器械缺陷
【思考过程】：",ADE,Doubao-1.5-Thinking,"【思考过程】：在医疗器械临床试验中，研究者的首要责任是保护受试者权益和安全，并确保试验数据的准确性。分析各选项：  
- 选项A：正确。发生不良事件时，研究者必须优先为受试者提供及时、足够的治疗和处理，保障其健康。  
- 选项B：错误。不良事件可能与器械相关，需同时记录受试者反应和器械缺陷，仅记录不良反应而忽略器械缺陷会影响安全性评估。  
- 选项C：错误。受试者出现并发疾病时，研究者需及时告知其病情及治疗需求，推迟告知可能延误治疗，违背受试者知情同意原则。  
- 选项D：正确。及时告知受试者并发疾病需要治疗的情况，是保障其知情权和健康权的必要措施。  
- 选项E：正确。所有不良事件及器械缺陷均需完整记录，以确保试验数据的全面性和后续分析的可靠性。  

【最终答案】：ADE",客观题,ADE
人体试验,"你是一个严格按照要求答题的医学考试考生。请你先展示出完整的思考过程，然后再输出最终答案。每道题目有至少两个选项（A、B）至多五个选项（A、B、C、D、E），题目为不定项选择题，请按照以下格式作答：

【思考过程】：...

【最终答案】：AB / BCE / CD / DE / E / ...（只输出选项的编号，不要写选项内容）

示例：
题目：医疗伦理中四大基本原则是？
A.尊重自主权
B.善意行为
C.无害原则
D.公正原则
E.以上都不是
【思考过程】：本题考查医学伦理的四大基本原则，包括尊重自主权、不伤害原则、行善原则、公正原则。

【最终答案】：ABCD

题目：在涉及医学研究的人体试验中，医生的首要责任应包括哪些方面？
A.优先保证科研数据的完整性
B.促进患者的健康与福祉
C.避免所有可能侵犯患者权利的操作
D.利用专业知识与良心履行责任
【思考过程】：",BD,Doubao-1.5-Thinking,"【思考过程】：在涉及医学研究的人体试验中，根据《赫尔辛基宣言》等伦理规范，医生的首要责任是保护受试者的健康与权益，而非优先考虑科研利益。选项A“优先保证科研数据的完整性”将科研利益置于受试者福祉之上，不符合伦理要求，错误。选项B“促进患者的健康与福祉”符合“受试者福祉高于科学和社会利益”的核心原则，正确。选项C“避免所有可能侵犯患者权利的操作”是尊重受试者权利的基本要求，尽管实际中可能存在权衡，但“避免侵犯”是首要责任的重要方面，正确。选项D“利用专业知识与良心履行责任”是医生履行伦理义务的基础，符合职业要求，正确。

【最终答案】：BCD",客观题,BCD
人体试验,"你是一个严格按照要求答题的医学考试考生。请你先展示出完整的思考过程，然后再输出最终答案。每道题目有至少两个选项（A、B）至多五个选项（A、B、C、D、E），题目为不定项选择题，请按照以下格式作答：

【思考过程】：...

【最终答案】：AB / BCE / CD / DE / E / ...（只输出选项的编号，不要写选项内容）

示例：
题目：医疗伦理中四大基本原则是？
A.尊重自主权
B.善意行为
C.无害原则
D.公正原则
E.以上都不是
【思考过程】：本题考查医学伦理的四大基本原则，包括尊重自主权、不伤害原则、行善原则、公正原则。

【最终答案】：ABCD

题目：医学研究者开展涉及人类参与者的试验时，必须确保以下哪些伦理要求？
A.确保参与者知情同意并随时可退出
B.对参与者健康风险进行充分评估并告知
C.在研究过程中提供必要的医疗保障
D.根据研究成果调整治疗方案以提高治愈率
E.优先收集数据以加速研究进程
【思考过程】：",ABC,Doubao-1.5-Thinking,"【思考过程】：医学研究涉及人类参与者时，需遵循伦理原则，主要依据赫尔辛基宣言等规范。选项A，知情同意和随时退出是核心伦理要求，参与者必须自愿且可自由退出；选项B，充分评估并告知健康风险是知情同意的必要内容；选项C，提供必要医疗保障是研究者对参与者健康负责的体现；选项D，调整治疗方案需基于科学和伦理审查，不能单纯以提高治愈率为目的而随意调整，可能违反研究设计；选项E，优先收集数据会忽视参与者权益，违背伦理原则（参与者权益应优先于研究进程）。因此，正确选项为A、B、C。

【最终答案】：ABC",客观题,ABC
人体试验,"你是一个严格按照要求答题的医学考试考生。请你先展示出完整的思考过程，然后再输出最终答案。每道题目有至少两个选项（A、B）至多五个选项（A、B、C、D、E），题目为不定项选择题，请按照以下格式作答：

【思考过程】：...

【最终答案】：AB / BCE / CD / DE / E / ...（只输出选项的编号，不要写选项内容）

示例：
题目：医疗伦理中四大基本原则是？
A.尊重自主权
B.善意行为
C.无害原则
D.公正原则
E.以上都不是
【思考过程】：本题考查医学伦理的四大基本原则，包括尊重自主权、不伤害原则、行善原则、公正原则。

【最终答案】：ABCD

题目：以下表述是否正确：当涉及人类参与者的医学研究可能显著促进公众健康时，研究目的可以适当高于参与者的个人利益？
A.正确
B.错误
【思考过程】：",B,Doubao-1.5-Thinking,"【思考过程】：根据医学伦理原则，涉及人类参与者的医学研究必须以受试者的福祉为首要考虑。《赫尔辛基宣言》明确规定，受试者的福祉必须高于科学和社会的利益。因此，即使研究可能显著促进公众健康，也不能将研究目的置于参与者的个人利益之上。

【最终答案】：B",客观题,B
人体试验,"你是一个严格按照要求答题的医学考试考生。请你先展示出完整的思考过程，然后再输出最终答案。每道题目有至少两个选项（A、B）至多五个选项（A、B、C、D、E），题目为不定项选择题，请按照以下格式作答：

【思考过程】：...

【最终答案】：AB / BCE / CD / DE / E / ...（只输出选项的编号，不要写选项内容）

示例：
题目：医疗伦理中四大基本原则是？
A.尊重自主权
B.善意行为
C.无害原则
D.公正原则
E.以上都不是
【思考过程】：本题考查医学伦理的四大基本原则，包括尊重自主权、不伤害原则、行善原则、公正原则。

【最终答案】：ABCD

题目：关于医学研究中研究参与者的保护责任，以下哪些说法符合伦理要求？
A.医生必须主动承担对研究参与者的全部保护责任
B.即使参与者签署知情同意书，责任仍由研究者承担
C.参与者所在机构的伦理委员会须承担主要责任
D.参与者已充分知晓风险时责任可由其个人承担部分
【思考过程】：",AB,Doubao-1.5-Thinking,"【思考过程】：医学研究中，保护研究参与者的伦理责任主要由研究者（如医生）承担，即使参与者签署了知情同意书，研究者的保护责任也不能转移或免除。伦理委员会的职责是审查研究的伦理合理性并监督，但主要责任仍在研究者。参与者的知情同意是其权利，但这并不意味着责任可由参与者个人承担。具体分析各选项：  
- 选项A：“全部保护责任”表述过于绝对，责任通常由研究者、伦理委员会等多方共同承担，而非“全部”由医生承担，不符合伦理要求。  
- 选项B：即使签署知情同意书，研究者的保护责任仍不可转移，符合伦理要求。  
- 选项C：伦理委员会的责任是审查和监督，而非“主要责任”，主要责任在研究者，不符合伦理要求。  
- 选项D：参与者知晓风险不转移保护责任，责任不可由个人承担部分，不符合伦理要求。  

【最终答案】：B",客观题,B
人体试验,"你是一个严格按照要求答题的医学考试考生。请你先展示出完整的思考过程，然后再输出最终答案。每道题目有至少两个选项（A、B）至多五个选项（A、B、C、D、E），题目为不定项选择题，请按照以下格式作答：

【思考过程】：...

【最终答案】：AB / BCE / CD / DE / E / ...（只输出选项的编号，不要写选项内容）

示例：
题目：医疗伦理中四大基本原则是？
A.尊重自主权
B.善意行为
C.无害原则
D.公正原则
E.以上都不是
【思考过程】：本题考查医学伦理的四大基本原则，包括尊重自主权、不伤害原则、行善原则、公正原则。

【最终答案】：ABCD

题目：医生在跨国人体试验中开展研究时，必须遵守哪些伦理、法律与监管规范？
A.所在国家/地区的规范以及国际规范
B.所在国、多国（如涉及）规范及适用的国际规范
C.研究发起者所属国的法律与国际规范
D.国际规范和获得资助国家的标准
【思考过程】：",B,Doubao-1.5-Thinking,"【思考过程】：跨国人体试验涉及多个国家的法律、伦理和监管要求。根据国际伦理准则（如《赫尔辛基宣言》），研究者必须遵守研究开展所在国的法律与伦理规范；若研究涉及多个国家（如多国同步开展），则需同时遵守所有相关国家的规范；此外，还需符合适用的国际规范（如国际公认的伦理标准）。选项A仅提及“所在国家/地区”，未涵盖多国参与的情况；选项C强调“研究发起者所属国”，不符合“研究实施地为主”的原则；选项D以“资助国家”为标准，与实际要求不符。选项B明确涵盖“所在国、多国（如涉及）规范及国际规范”，符合跨国研究的伦理与法律要求。

【最终答案】：B",客观题,B
人体试验,"你是一个严格按照要求答题的医学考试考生。请你先展示出完整的思考过程，然后再输出最终答案。每道题目有至少两个选项（A、B）至多五个选项（A、B、C、D、E），题目为不定项选择题，请按照以下格式作答：

【思考过程】：...

【最终答案】：AB / BCE / CD / DE / E / ...（只输出选项的编号，不要写选项内容）

示例：
题目：医疗伦理中四大基本原则是？
A.尊重自主权
B.善意行为
C.无害原则
D.公正原则
E.以上都不是
【思考过程】：本题考查医学伦理的四大基本原则，包括尊重自主权、不伤害原则、行善原则、公正原则。

【最终答案】：ABCD

题目：以下哪一做法符合医学研究中应确保代表性不足群体参与机会的伦理要求？
A.在研究招募中主动排除少数民族群体
B.设置特定名额用于招募低收入社区成员
C.优先选择教育程度高的受试者
D.不公开招募信息以避免特定年龄组参与
【思考过程】：",B,Doubao-1.5-Thinking,"【思考过程】：医学研究中确保代表性不足群体参与机会的伦理要求，核心在于促进而非限制这些群体的参与。代表性不足群体通常包括少数民族、低收入群体等。选项A主动排除少数民族，属于限制参与，不符合；选项B设置特定名额招募低收入社区成员（低收入群体常为代表性不足群体），通过主动分配名额增加其参与机会，符合要求；选项C优先选择教育程度高的受试者，可能偏向易参与群体，不利于代表性不足群体；选项D不公开招募信息避免特定年龄组参与，属于限制参与，不符合。因此仅选项B符合。

【最终答案】：B",客观题,B
人体试验,"你是一个严格按照要求答题的医学考试考生。请你先展示出完整的思考过程，然后再输出最终答案。每道题目有至少两个选项（A、B）至多五个选项（A、B、C、D、E），题目为不定项选择题，请按照以下格式作答：

【思考过程】：...

【最终答案】：AB / BCE / CD / DE / E / ...（只输出选项的编号，不要写选项内容）

示例：
题目：医疗伦理中四大基本原则是？
A.尊重自主权
B.善意行为
C.无害原则
D.公正原则
E.以上都不是
【思考过程】：本题考查医学伦理的四大基本原则，包括尊重自主权、不伤害原则、行善原则、公正原则。

【最终答案】：ABCD

题目：作为结合医学研究与医疗照护的医生，在什么条件下可以让患者参与研究？
A.研究仅具备治疗价值即可
B.研究具有潜在的诊断价值
C.参与研究最多只能引起轻微不适
D.有充分理由相信研究不会对患者健康造成严重风险
E.有充分理由相信参与研究不会产生任何不利影响
【思考过程】：",BE,Doubao-1.5-Thinking,"【思考过程】：本题考查医生让患者参与研究的伦理条件。根据医学研究伦理原则，需确保患者安全，风险与受益需合理平衡。分析各选项：  
- 选项A错误，仅具备治疗价值不足，还需评估风险；  
- 选项B错误，潜在诊断价值非必要条件；  
- 选项C错误，研究可能引起的不适程度不限于“轻微”，关键是风险可控；  
- 选项D正确，需有充分理由确保不造成严重健康风险，符合风险最小化原则；  
- 选项E错误，“不会产生任何不利影响”过于绝对，研究可能存在轻微副作用等。  

【最终答案】：D",客观题,D
人体试验,"你是一个严格按照要求答题的医学考试考生。请你先展示出完整的思考过程，然后再输出最终答案。每道题目有至少两个选项（A、B）至多五个选项（A、B、C、D、E），题目为不定项选择题，请按照以下格式作答：

【思考过程】：...

【最终答案】：AB / BCE / CD / DE / E / ...（只输出选项的编号，不要写选项内容）

示例：
题目：医疗伦理中四大基本原则是？
A.尊重自主权
B.善意行为
C.无害原则
D.公正原则
E.以上都不是
【思考过程】：本题考查医学伦理的四大基本原则，包括尊重自主权、不伤害原则、行善原则、公正原则。

【最终答案】：ABCD

题目：某药物临床试验中，研究者应当如何履行对受损参与者的义务？
A.提供最高标准的医疗服务
B.给予适当补偿并提供医疗救助
C.赔偿全部损失并支付后续治疗费用
D.仅进行必要的心理疏导
E.进行彻底的健康检查并安排休假
【思考过程】：",B,Doubao-1.5-Thinking,"【思考过程】：药物临床试验中，研究者对受损参与者的义务需依据相关法规和伦理原则。根据《药物临床试验质量管理规范》（GCP）及伦理要求，当参与者因试验受到损害时，研究者应提供适当的医疗救助并给予合理补偿，而非“最高标准”或“全部赔偿”。选项A中“最高标准”过于绝对，不符合实际要求；选项C“赔偿全部损失”不准确，补偿需根据责任认定适当进行；选项D“仅心理疏导”明显不足，未涵盖身体损害的医疗需求；选项E“彻底检查和休假”并非核心义务。选项B“给予适当补偿并提供医疗救助”符合伦理和法规要求。

【最终答案】：B",客观题,B
人体试验,"你是一个严格按照要求答题的医学考试考生。请你先展示出完整的思考过程，然后再输出最终答案。每道题目有至少两个选项（A、B）至多五个选项（A、B、C、D、E），题目为不定项选择题，请按照以下格式作答：

【思考过程】：...

【最终答案】：AB / BCE / CD / DE / E / ...（只输出选项的编号，不要写选项内容）

示例：
题目：医疗伦理中四大基本原则是？
A.尊重自主权
B.善意行为
C.无害原则
D.公正原则
E.以上都不是
【思考过程】：本题考查医学伦理的四大基本原则，包括尊重自主权、不伤害原则、行善原则、公正原则。

【最终答案】：ABCD

题目：以下哪种情况下，涉及人类参与者的医学研究可以开展？
A.研究目的的重要性等于参与者的风险与负担
B.研究重要性尚未明确超过风险但已通过伦理审查
C.参与者自愿签署协议且研究者承诺提供高额补偿
D.研究目的的重要性显著超过参与者的风险与负担
【思考过程】：",D,Doubao-1.5-Thinking,"【思考过程】：根据涉及人类参与者的医学研究伦理原则（如《赫尔辛基宣言》），研究开展的核心条件之一是研究的科学价值和社会意义（即研究目的的重要性）必须显著超过参与者面临的风险与负担。选项A中“重要性等于风险与负担”不符合“超过”的要求；选项B中“重要性尚未明确超过风险”即使通过伦理审查也不符合伦理准则；选项C中“高额补偿”可能影响参与者的自愿性（存在不当诱导风险），无法单独作为研究开展的依据；选项D“重要性显著超过风险与负担”符合伦理要求。

【最终答案】：D",客观题,D
人体试验,"你是一个严格按照要求答题的医学考试考生。请你先展示出完整的思考过程，然后再输出最终答案。每道题目有至少两个选项（A、B）至多五个选项（A、B、C、D、E），题目为不定项选择题，请按照以下格式作答：

【思考过程】：...

【最终答案】：AB / BCE / CD / DE / E / ...（只输出选项的编号，不要写选项内容）

示例：
题目：医疗伦理中四大基本原则是？
A.尊重自主权
B.善意行为
C.无害原则
D.公正原则
E.以上都不是
【思考过程】：本题考查医学伦理的四大基本原则，包括尊重自主权、不伤害原则、行善原则、公正原则。

【最终答案】：ABCD

题目：在某些涉及人类参与者的医学研究中，以下哪些行为符合伦理规范？
A.在研究开展前详细提交风险与获益的初步评估报告
B.将高血压患者的监测周期从每周调整至每月以降低研究成本
C.采用冗余数据采集系统实现风险最小化
D.在发现入组患者肾功能异常后继续原有用药方案
E.要求第三方独立机构每季度审核风险记录文档
【思考过程】：",ACE,Doubao-1.5-Thinking,"【思考过程】：本题需依据涉及人类参与者的医学研究伦理规范（如赫尔辛基宣言）分析各选项：  
- 选项A：研究前提交风险与获益评估报告是伦理审查的基本要求，符合规范。  
- 选项B：为降低成本缩短高血压患者监测周期（从每周到每月），可能忽视患者安全风险，违反“不伤害”原则，不符合伦理。  
- 选项C：冗余数据采集系统可减少数据丢失风险，属于风险最小化措施，符合规范。  
- 选项D：发现患者肾功能异常后仍继续原用药方案，未及时评估风险并调整，可能加重伤害，违反“不伤害”原则，不符合伦理。  
- 选项E：第三方独立机构定期审核风险记录，可确保风险监控的客观性和有效性，符合伦理监督要求。  

【最终答案】：ACE",客观题,ACE
人体试验,"你是一个严格按照要求答题的医学考试考生。请你先展示出完整的思考过程，然后再输出最终答案。每道题目有至少两个选项（A、B）至多五个选项（A、B、C、D、E），题目为不定项选择题，请按照以下格式作答：

【思考过程】：...

【最终答案】：AB / BCE / CD / DE / E / ...（只输出选项的编号，不要写选项内容）

示例：
题目：医疗伦理中四大基本原则是？
A.尊重自主权
B.善意行为
C.无害原则
D.公正原则
E.以上都不是
【思考过程】：本题考查医学伦理的四大基本原则，包括尊重自主权、不伤害原则、行善原则、公正原则。

【最终答案】：ABCD

题目：当发现涉及人体试验的风险和负担超过潜在获益时，研究者必须采取何种措施？
A.立即终止研究
B.继续研究但减少参与者数量
C.对是否继续、修正或停止研究进行评估
D.向伦理委员会报告但暂时维持现状
【思考过程】：",C,Doubao-1.5-Thinking,"【思考过程】：根据人体试验伦理原则，当发现研究的风险和负担超过潜在获益时，首要任务是保护受试者权益。此时研究者不能盲目继续（如B选项“继续研究但减少参与者数量”或D选项“报告但维持现状”），也不能直接无条件终止（A选项“立即终止研究”可能过于绝对，因可能存在修正方案后继续的可能性）。正确的做法是对研究的继续、修正或停止进行科学评估（C选项），以在保障受试者安全的前提下合理决策。

【最终答案】：C",客观题,C
人体试验,"你是一个严格按照要求答题的医学考试考生。请你先展示出完整的思考过程，然后再输出最终答案。每道题目有至少两个选项（A、B）至多五个选项（A、B、C、D、E），题目为不定项选择题，请按照以下格式作答：

【思考过程】：...

【最终答案】：AB / BCE / CD / DE / E / ...（只输出选项的编号，不要写选项内容）

示例：
题目：医疗伦理中四大基本原则是？
A.尊重自主权
B.善意行为
C.无害原则
D.公正原则
E.以上都不是
【思考过程】：本题考查医学伦理的四大基本原则，包括尊重自主权、不伤害原则、行善原则、公正原则。

【最终答案】：ABCD

题目：关于处于脆弱境地的群体参与医学研究，以下哪两项描述符合伦理要求？
A.为避免伤害风险，应直接排除其参与研究
B.权衡排除导致的平等问题与纳入后潜在的伤害风险
C.无论危害程度如何都强制要求纳入研究群体并给予支持
D.仅在研究效益明显超过风险时才考虑纳入
E.对纳入的群体提供充足资源确保安全参与
【思考过程】：",BE,Doubao-1.5-Thinking,"【思考过程】：本题考查脆弱群体参与医学研究的伦理要求。脆弱群体（如儿童、孕妇等）因自身特殊性需额外伦理保护。分析各选项：  
- 选项A错误：直接排除可能剥夺其受益机会并导致研究结果不适用于该群体，违反公平原则。  
- 选项B正确：需权衡“排除导致的平等问题（如研究结果无法惠及该群体）”与“纳入后潜在伤害风险”，这是伦理决策的核心。  
- 选项C错误：强制纳入即使危害大也不合理，违背“不伤害”原则。  
- 选项D正确：仅当研究效益明显超过风险时才考虑纳入，符合“风险-效益评估”的伦理要求。  
- 选项E正确：纳入后需提供充足资源确保安全参与（如额外保护措施），但题目要求选两项，需结合核心原则。  

综上，B（权衡平等与风险）和D（效益超过风险时纳入）是最符合伦理要求的两项。  

【最终答案】：BD",客观题,BD
人体试验,"你是一个严格按照要求答题的医学考试考生。请你先展示出完整的思考过程，然后再输出最终答案。每道题目有至少两个选项（A、B）至多五个选项（A、B、C、D、E），题目为不定项选择题，请按照以下格式作答：

【思考过程】：...

【最终答案】：AB / BCE / CD / DE / E / ...（只输出选项的编号，不要写选项内容）

示例：
题目：医疗伦理中四大基本原则是？
A.尊重自主权
B.善意行为
C.无害原则
D.公正原则
E.以上都不是
【思考过程】：本题考查医学伦理的四大基本原则，包括尊重自主权、不伤害原则、行善原则、公正原则。

【最终答案】：ABCD

题目：以下哪项是开展仅纳特别境况群體的人體研究必须满足的条件？
A. 研究能直接满足该群體當下的健康需求
B. 研究结果對其他非弱视群體有廣泛利益
C. 研究无法在非特别境况群體中实施
D. 研究可避免该群體未来面臨更多不公
E. 该群體已書面表示完全自原参与
【思考过程】：",ACD,Doubao-1.5-Thinking,"【思考过程】：本题考查仅纳入特别境况群体的人体研究需满足的伦理条件。根据医学研究伦理规范（如赫尔辛基宣言），针对特定群体（如弱势或特别境况群体）的研究需满足以下关键条件：  
- **研究目的针对性**：研究应直接满足该群体当下的健康需求（选项A），否则不得仅在该群体中开展；  
- **研究实施必要性**：若研究可在非特别境况群体中实施，则不应选择特别群体，因此“研究无法在非特别境况群体中实施”（选项C）是必要条件；  
- 其他选项分析：  
  - 选项B（对非弱势群体现广泛利益）并非必须，研究主要应服务于目标群体而非其他群体；  
  - 选项D（避免未来不公）是潜在益处，但非必须条件；  
  - 选项E（书面自愿参与）是所有人体研究的基本伦理要求（知情同意），但非“仅纳入特别群体”的特有条件。  

因此，必须满足的条件为A和C。

【最终答案】：AC",客观题,AC
人体试验,"你是一个严格按照要求答题的医学考试考生。请你先展示出完整的思考过程，然后再输出最终答案。每道题目有至少两个选项（A、B）至多五个选项（A、B、C、D、E），题目为不定项选择题，请按照以下格式作答：

【思考过程】：...

【最终答案】：AB / BCE / CD / DE / E / ...（只输出选项的编号，不要写选项内容）

示例：
题目：医疗伦理中四大基本原则是？
A.尊重自主权
B.善意行为
C.无害原则
D.公正原则
E.以上都不是
【思考过程】：本题考查医学伦理的四大基本原则，包括尊重自主权、不伤害原则、行善原则、公正原则。

【最终答案】：ABCD

题目：以下关于涉及人类参与者的医学研究要求的描述中，哪些是正确的？
A.必须以充分的实验室研究和适当的动物实验为基础
B.必须完全以人类志愿者取代动物实验
C.应当遵守保障研究动物福利的相关规定
D.仅需参考科学文献即可开展人体试验
【思考过程】：",AC,Doubao-1.5-Thinking,"【思考过程】：本题考查涉及人类参与者的医学研究的基本要求。选项A正确，因为涉及人类的医学研究通常需要先进行充分的实验室研究和适当的动物实验作为基础，以评估安全性和初步有效性；选项B错误，动物实验是人体试验前的重要步骤，不能完全被人类志愿者取代；选项C正确，使用动物进行研究时必须遵守动物福利相关规定；选项D错误，人体试验不能仅参考科学文献，必须有前期的实验室和动物实验数据支持。

【最终答案】：AC",客观题,AC
人体试验,"你是一个严格按照要求答题的医学考试考生。请你先展示出完整的思考过程，然后再输出最终答案。每道题目有至少两个选项（A、B）至多五个选项（A、B、C、D、E），题目为不定项选择题，请按照以下格式作答：

【思考过程】：...

【最终答案】：AB / BCE / CD / DE / E / ...（只输出选项的编号，不要写选项内容）

示例：
题目：医疗伦理中四大基本原则是？
A.尊重自主权
B.善意行为
C.无害原则
D.公正原则
E.以上都不是
【思考过程】：本题考查医学伦理的四大基本原则，包括尊重自主权、不伤害原则、行善原则、公正原则。

【最终答案】：ABCD

题目：以下哪一选项不属于研究方案中必须包含的信息？
A.研究的目的和方法
B.数据采集设备的具体品牌
C.研究者的专业资质
D.任何潜在的利益冲突
E.参与者的国籍比例
【思考过程】：",BE,Doubao-1.5-Thinking,"研究方案是研究设计的详细计划，需包含核心要素以确保研究的科学性和伦理合规性。以下逐一分析各选项：

- **选项A（研究的目的和方法）**：研究目的是研究的核心方向，方法是实现目的的具体路径，均为研究方案的必需内容，否则研究无法开展。  
- **选项B（数据采集设备的具体品牌）**：研究方案需描述数据采集的方法和设备类型（如设备功能、型号），但具体品牌通常非必需，因不同品牌可能具备类似功能，不影响研究设计的核心。  
- **选项C（研究者的专业资质）**：伦理审查要求确认研究者具备开展研究的能力（如教育背景、经验），因此研究者资质是必需内容。  
- **选项D（任何潜在的利益冲突）**：利益冲突可能影响研究的客观性，伦理审查要求必须披露，属于必需内容。  
- **选项E（参与者的国籍比例）**：研究方案需描述参与者的纳入/排除标准（如国籍范围），但具体国籍比例通常非必需（除非研究目的明确涉及国籍比较）。  

综上，**数据采集设备的具体品牌（B）**和**参与者的国籍比例（E）**均不属于研究方案必须包含的信息。但题目为“哪一选项”，结合常规研究方案要求，设备品牌更明确非必需。

【思考过程】：研究方案需包含研究目的、方法、研究者资质、利益冲突等核心内容。数据采集设备的具体品牌（B）通常非必需（仅需描述类型/功能），参与者的国籍比例（E）也非必需（仅需说明纳入标准）。但题目要求选择“不属于必须包含”的选项，其中B更明确不属于。

【最终答案】：B",客观题,B
人体试验,"你是一个严格按照要求答题的医学考试考生。请你先展示出完整的思考过程，然后再输出最终答案。每道题目有至少两个选项（A、B）至多五个选项（A、B、C、D、E），题目为不定项选择题，请按照以下格式作答：

【思考过程】：...

【最终答案】：AB / BCE / CD / DE / E / ...（只输出选项的编号，不要写选项内容）

示例：
题目：医疗伦理中四大基本原则是？
A.尊重自主权
B.善意行为
C.无害原则
D.公正原则
E.以上都不是
【思考过程】：本题考查医学伦理的四大基本原则，包括尊重自主权、不伤害原则、行善原则、公正原则。

【最终答案】：ABCD

题目：以下哪些行为违反了研究参与者的隐私保护要求？
A.研究结束后销毁敏感纸质档案
B.为降低成本而仅对电子数据采用基础加密
C.要求所有研究人员签署保密协议
D.未经参与者授权将匿名化数据用于其他研究项目
【思考过程】：",BD,Doubao-1.5-Thinking,"【思考过程】：本题需判断哪些行为违反研究参与者的隐私保护要求。  
- 选项A：研究结束后销毁敏感纸质档案是保护隐私的正确措施，避免信息泄露，不违反。  
- 选项B：仅采用基础加密可能因安全性不足导致数据泄露，为降低成本而忽视必要安全措施违反隐私保护要求。  
- 选项C：要求研究人员签署保密协议是常规隐私保护手段，不违反。  
- 选项D：即使数据匿名化，未经参与者授权用于其他研究仍可能侵犯其隐私（参与者未同意额外用途），违反隐私保护要求。  

【最终答案】：BD",客观题,BD
人体试验,"你是一个严格按照要求答题的医学考试考生。请你先展示出完整的思考过程，然后再输出最终答案。每道题目有至少两个选项（A、B）至多五个选项（A、B、C、D、E），题目为不定项选择题，请按照以下格式作答：

【思考过程】：...

【最终答案】：AB / BCE / CD / DE / E / ...（只输出选项的编号，不要写选项内容）

示例：
题目：医疗伦理中四大基本原则是？
A.尊重自主权
B.善意行为
C.无害原则
D.公正原则
E.以上都不是
【思考过程】：本题考查医学伦理的四大基本原则，包括尊重自主权、不伤害原则、行善原则、公正原则。

【最终答案】：ABCD

题目：在涉及存在依赖关系的潜在参与者的人体试验中，关于知情同意的获取方式，以下哪项符合法规要求？
A.由该参与者的主治医生直接获取同意
B.由独立于医疗团队的伦理委员会成员获取同意
C.由研究团队中的护士长代为获取同意
D.在不存在利益冲突的情况下由研究者本人获取同意
E.由医院行政人员通过电话确认同意
【思考过程】：",B,Doubao-1.5-Thinking,"【思考过程】：在涉及存在依赖关系的潜在参与者的人体试验中，知情同意的核心要求是确保自愿性，避免因依赖关系（如患者与主治医生）导致的压力或不当影响。根据相关法规（如《涉及人的生物医学研究伦理审查办法》），此类情况下应选择独立于依赖关系的人员获取同意，以保证客观性和自愿性。

选项分析：  
- A. 主治医生与患者存在直接依赖关系，可能因患者对医生的信任或顾虑影响其自愿性，不符合要求。  
- B. 伦理委员会成员独立于医疗团队和研究团队，能避免依赖关系的干扰，符合法规对“独立人员”的要求。  
- C. 研究团队的护士长属于研究团队成员，与参与者可能存在间接依赖关系（如护理关系），无法保证中立性。  
- D. 即使研究者声称“无利益冲突”，但依赖关系本身（如医生-患者）已可能影响参与者的自愿性，因此研究者本人获取仍不恰当。  
- E. 医院行政人员通过电话确认，无法确保参与者充分理解研究内容（缺乏面对面沟通），且行政人员未必具备解释研究的专业能力，不符合知情同意的严谨性要求。  

综上，只有B选项符合法规要求。

【最终答案】：B",客观题,B
人体试验,"你是一个严格按照要求答题的医学考试考生。请你先展示出完整的思考过程，然后再输出最终答案。每道题目有至少两个选项（A、B）至多五个选项（A、B、C、D、E），题目为不定项选择题，请按照以下格式作答：

【思考过程】：...

【最终答案】：AB / BCE / CD / DE / E / ...（只输出选项的编号，不要写选项内容）

示例：
题目：医疗伦理中四大基本原则是？
A.尊重自主权
B.善意行为
C.无害原则
D.公正原则
E.以上都不是
【思考过程】：本题考查医学伦理的四大基本原则，包括尊重自主权、不伤害原则、行善原则、公正原则。

【最终答案】：ABCD

题目：在涉及无法自主知情的参与者的人体试验中，以下哪种情况允许将其纳入研究？
A.未获得法定代理人同意但已提前获得伦理委员会批准
B.研究可能改善参与者的自身健康问题
C.研究方案涉及不可逆的生理改变但对科学发展有重大价值
D.研究仅需采集少量指尖血且无持续跟踪检测
E.同时符合个人获益和具备显著社会价值
【思考过程】：",BD,Doubao-1.5-Thinking,"【思考过程】：本题考查涉及无法自主知情参与者的人体试验伦理规范，需结合相关法规（如《涉及人的生物医学研究伦理审查办法》）分析各选项：

- **选项A**：未获得法定代理人同意但伦理委员会批准。根据规定，即使伦理委员会批准，也必须获得法定代理人同意（紧急情况可能事后补，但题目未提及），因此A不允许。  
- **选项B**：研究可能改善参与者自身健康问题。属于治疗性研究，预期收益与风险相当，符合“对受试者健康必要”的伦理要求，允许纳入。  
- **选项C**：不可逆生理改变但科学价值重大。不可逆改变风险较高，且未明确说明对参与者有直接受益，不符合“最小风险”或“收益与风险相当”原则，不允许。  
- **选项D**：仅采集少量指尖血且无持续跟踪。属于最小风险研究（风险极低），符合非治疗性研究的伦理要求（最小风险），允许纳入。  
- **选项E**：同时符合个人获益和显著社会价值。若研究既有个人获益（治疗性）又有社会价值（推动科学进步），符合更严格的伦理标准，允许纳入。  

综上，允许纳入的情况为B、D、E。

【最终答案】：BDE",客观题,BDE
人体试验,"你是一个严格按照要求答题的医学考试考生。请你先展示出完整的思考过程，然后再输出最终答案。每道题目有至少两个选项（A、B）至多五个选项（A、B、C、D、E），题目为不定项选择题，请按照以下格式作答：

【思考过程】：...

【最终答案】：AB / BCE / CD / DE / E / ...（只输出选项的编号，不要写选项内容）

示例：
题目：医疗伦理中四大基本原则是？
A.尊重自主权
B.善意行为
C.无害原则
D.公正原则
E.以上都不是
【思考过程】：本题考查医学伦理的四大基本原则，包括尊重自主权、不伤害原则、行善原则、公正原则。

【最终答案】：ABCD

题目：在一个涉及无法做出自由和充分知情同意的潜在参与者的人体试验中，以下哪项处理措施是符合要求的？
A.仅需获得法定代理人的书面同意即可开展试验
B.必须同时在法定代理人和潜在参与者本人都同意的情况下实施
C.若潜在参与者口头反对但法定代理人同意，应以其法定代理人意见优先
D.医生需征求潜在参与者同意但无需记录其价值观偏好
E.必须征求潜在参与者同意并评估其价值观倾向
【思考过程】：",BE,Doubao-1.5-Thinking,"【思考过程】：本题考查涉及无法自主做出知情同意的潜在参与者的人体试验伦理要求。根据医学伦理和相关指南（如《赫尔辛基宣言》），对于无法自由和充分知情同意的受试者，处理原则如下：  
- 需获得法定代理人的同意，但不能仅依赖代理人同意（排除A）；  
- 若潜在参与者有能力表达意愿（即使不充分），必须征求其同意，且其反对意见应被尊重（排除C）；  
- 需评估其价值观倾向并记录（排除D）；  
- 若潜在参与者无法有效同意（如昏迷、婴儿），无法强制要求其本人同意，因此“必须同时获得本人同意”不成立（排除B）；  
- 无论潜在参与者能否充分同意，均需尽可能征求其意见并评估其价值观倾向（E正确）。  

【最终答案】：E",客观题,E
人体试验,"你是一个严格按照要求答题的医学考试考生。请你先展示出完整的思考过程，然后再输出最终答案。每道题目有至少两个选项（A、B）至多五个选项（A、B、C、D、E），题目为不定项选择题，请按照以下格式作答：

【思考过程】：...

【最终答案】：AB / BCE / CD / DE / E / ...（只输出选项的编号，不要写选项内容）

示例：
题目：医疗伦理中四大基本原则是？
A.尊重自主权
B.善意行为
C.无害原则
D.公正原则
E.以上都不是
【思考过程】：本题考查医学伦理的四大基本原则，包括尊重自主权、不伤害原则、行善原则、公正原则。

【最终答案】：ABCD

题目：在涉及无法做出知情同意的参与者的人体试验中，以下哪种情况允许研究在未获同意的情况下进行？
A.研究者认为参与者恢复后可能同意，因此提前开展
B.研究方案未说明纳入此类参与者的理由但伦理委员会已批准
C.妨碍知情同意的状况是研究目标人群的必要特征且伦理委员会批准
D.法定代理人电话口头同意但未签署书面文件
【思考过程】：",C,Doubao-1.5-Thinking,"【思考过程】：本题考查涉及无法做出知情同意的参与者的人体试验伦理规范。根据相关伦理原则（如赫尔辛基宣言），允许未获同意进行研究的情况需满足严格条件：  
- 选项A错误：仅研究者主观认为参与者恢复后可能同意，不足以作为未获同意的依据，需更严格的伦理审查。  
- 选项B错误：研究方案必须明确说明纳入此类参与者的理由，伦理委员会批准的前提是方案符合要求，未说明理由的方案不符合规范。  
- 选项C正确：若妨碍知情同意的状况是研究目标人群的必要特征（如研究昏迷患者的急救措施），且经伦理委员会批准，可视为允许未获同意的情况。  
- 选项D错误：法定代理人的口头同意虽可能在紧急情况下被接受，但题干要求“未获同意的情况”，而D中已通过电话获得口头同意（非“未获同意”），故不符合题意。  

【最终答案】：C",客观题,C
人体试验,"你是一个严格按照要求答题的医学考试考生。请你先展示出完整的思考过程，然后再输出最终答案。每道题目有至少两个选项（A、B）至多五个选项（A、B、C、D、E），题目为不定项选择题，请按照以下格式作答：

【思考过程】：...

【最终答案】：AB / BCE / CD / DE / E / ...（只输出选项的编号，不要写选项内容）

示例：
题目：医疗伦理中四大基本原则是？
A.尊重自主权
B.善意行为
C.无害原则
D.公正原则
E.以上都不是
【思考过程】：本题考查医学伦理的四大基本原则，包括尊重自主权、不伤害原则、行善原则、公正原则。

【最终答案】：ABCD

题目：以下哪些行为符合人体试验伦理规范？
A.未主动告知患者哪些医疗操作属于研究范畴，B.在未获得研究伦理委员会批准前对存储的生物材料进行二次研究，C.因患者拒绝参与研究而缩短其标准治疗流程，D.退出研究的患者仍享有与原治疗计划一致的医疗服务，E.仅凭医院主管同意即使用既往数据开展新研究
【思考过程】：",D,Doubao-1.5-Thinking,"【思考过程】：人体试验伦理规范的核心包括知情同意、伦理审查、保护受试者权益等原则。分析各选项：  
- A选项未主动告知患者研究操作，违反知情同意原则，不符合伦理。  
- B选项未获伦理委员会批准即进行二次研究，违反伦理审查要求，不符合。  
- C选项因拒绝参与研究而缩短治疗，损害受试者权益，违反伦理。  
- D选项退出研究后仍享有原治疗，保障了受试者权益，符合伦理。  
- E选项仅医院主管同意即使用既往数据，未通过伦理审查，不符合。  

【最终答案】：D",客观题,D
人体试验,"你是一个严格按照要求答题的医学考试考生。请你先展示出完整的思考过程，然后再输出最终答案。每道题目有至少两个选项（A、B）至多五个选项（A、B、C、D、E），题目为不定项选择题，请按照以下格式作答：

【思考过程】：...

【最终答案】：AB / BCE / CD / DE / E / ...（只输出选项的编号，不要写选项内容）

示例：
题目：医疗伦理中四大基本原则是？
A.尊重自主权
B.善意行为
C.无害原则
D.公正原则
E.以上都不是
【思考过程】：本题考查医学伦理的四大基本原则，包括尊重自主权、不伤害原则、行善原则、公正原则。

【最终答案】：ABCD

题目：在评估新干预措施的人体试验中，以下哪些情况允许采用安慰剂或不进行干预作为对照组？
A.当不存在已被证明的最佳干预措施，且安慰剂组的参与者可能面临轻微可逆的头痛
B.存在已证明的最佳干预措施，但研究者认为对照试验会延长研究周期
C.基于高精度统计模型的方法学需求，需要空白对照且参与者不会遭受不可逆的听力损伤
D.为验证新型抗生素的绝对有效性，对照组的糖尿病患儿未接受任何抗菌治疗
【思考过程】：",AC,Doubao-1.5-Thinking,"【思考过程】：本题考查人体试验中使用安慰剂或不干预作为对照组的伦理条件。根据赫尔辛基宣言等伦理规范，使用安慰剂或不干预对照需满足以下主要条件：①当不存在已被证明的最佳干预措施时，可考虑安慰剂对照；②若存在已证明的最佳干预措施，仅当有科学上合理的理由且不会使参与者面临严重或不可逆伤害风险时，才允许使用安慰剂；③需确保对照组参与者的风险最小化。

- 选项A：无已证明的最佳干预措施，且安慰剂组风险为“轻微可逆的头痛”（风险极小），符合伦理要求，允许使用。  
- 选项B：存在已证明的最佳干预措施，但仅因“延长研究周期”这一非科学理由使用安慰剂，不符合伦理要求，不允许。  
- 选项C：基于方法学需求（高精度统计模型）需要空白对照，且参与者无“不可逆的听力损伤”（风险可控），若不存在已证明的最佳干预措施，符合允许条件。  
- 选项D：对照组为糖尿病患儿且未接受抗菌治疗，可能因感染未治疗导致严重后果（如病情恶化），违反“不伤害”原则，不允许。  

综上，允许的情况为A、C。

【最终答案】：AC",客观题,AC
