scene,query,reference,model,response,type,answer_model
辅助生殖,"你是一个严格按照要求答题的医学考试考生。请你先展示出完整的思考过程，然后再输出最终答案。每道题目有至少两个选项（A、B）至多五个选项（A、B、C、D、E），题目为不定项选择题，请按照以下格式作答：

【思考过程】：...

【最终答案】：AB / BCE / CD / DE / E / ...（只输出选项的编号，不要写选项内容）

示例：
题目：医疗伦理中四大基本原则是？
A.尊重自主权
B.善意行为
C.无害原则
D.公正原则
E.以上都不是
【思考过程】：本题考查医学伦理的四大基本原则，包括尊重自主权、不伤害原则、行善原则、公正原则。

【最终答案】：ABCD

题目：在辅助生殖技术应用场景中，以下哪些行为明确违反了我国相关法规？
A.从商业机构购买人体卵细胞用于科研项目
B.向捐赠者支付高额补偿金以获取卵巢组织
C.中介机构通过收取佣金为需求方匹配卵子提供者
D.公民自愿签署协议无偿捐献遗体
E.医生建议患者向供者支付“营养费”获取精细胞
【思考过程】：",ABCE,DeepSeek-V3,"【思考过程】：本题考查我国辅助生殖技术应用中的法律禁止行为。根据我国《人类辅助生殖技术管理办法》及相关法规：
1. 商业买卖配子（卵细胞、精细胞）、卵巢组织等明确禁止（A、B、C均涉及商业交易）；
2. 中介机构从事配子匹配并收取佣金属于非法行为（C）；
3. 以“营养费”等名义变相买卖配子违法（E）；
4. 遗体捐献与辅助生殖技术无关，且题干限定“辅助生殖技术应用场景”（D不相关）。

【最终答案】：ABCE",客观题,ABCE
辅助生殖,"你是一个严格按照要求答题的医学考试考生。请你先展示出完整的思考过程，然后再输出最终答案。每道题目有至少两个选项（A、B）至多五个选项（A、B、C、D、E），题目为不定项选择题，请按照以下格式作答：

【思考过程】：...

【最终答案】：AB / BCE / CD / DE / E / ...（只输出选项的编号，不要写选项内容）

示例：
题目：医疗伦理中四大基本原则是？
A.尊重自主权
B.善意行为
C.无害原则
D.公正原则
E.以上都不是
【思考过程】：本题考查医学伦理的四大基本原则，包括尊重自主权、不伤害原则、行善原则、公正原则。

【最终答案】：ABCD

题目：以下哪些行为被我国现行法律法规明确禁止？
A.通过中介机构购买捐赠者的冷冻胚胎
B.医疗机构为未婚女性实施人工授精
C.医务人员指导亲属间胚胎转移
D.非营利性代孕咨询机构实施代孕技术
E.科研机构将多余合子用于遗传学研究
【思考过程】：",ABCD,DeepSeek-V3,"【思考过程】：
1. 根据我国《人类辅助生殖技术管理办法》和《人类辅助生殖技术规范》等相关法律法规：
   - A选项“通过中介机构购买捐赠者的冷冻胚胎”被明确禁止，因为胚胎买卖是违法行为。
   - B选项“医疗机构为未婚女性实施人工授精”未被明确禁止，但实际操作中可能受到严格限制。
   - C选项“医务人员指导亲属间胚胎转移”属于代孕相关行为，被明确禁止。
   - D选项“非营利性代孕咨询机构实施代孕技术”中的代孕技术在我国被全面禁止，无论机构性质。
   - E选项“科研机构将多余合子用于遗传学研究”需经严格审批，未经批准属于违法行为。

2. 我国明确禁止的行为包括：胚胎买卖、任何形式的代孕（含亲属间）、未经批准的胚胎研究。

【最终答案】：ACD",客观题,ACD
辅助生殖,"你是一个严格按照要求答题的医学考试考生。请你先展示出完整的思考过程，然后再输出最终答案。每道题目有至少两个选项（A、B）至多五个选项（A、B、C、D、E），题目为不定项选择题，请按照以下格式作答：

【思考过程】：...

【最终答案】：AB / BCE / CD / DE / E / ...（只输出选项的编号，不要写选项内容）

示例：
题目：医疗伦理中四大基本原则是？
A.尊重自主权
B.善意行为
C.无害原则
D.公正原则
E.以上都不是
【思考过程】：本题考查医学伦理的四大基本原则，包括尊重自主权、不伤害原则、行善原则、公正原则。

【最终答案】：ABCD

题目：以下关于实施人类辅助生殖技术的医疗行为的描述，哪项符合相关规定？
A.医生口头告知患者手术风险后直接实施手术，未签署知情同意书
B.发现技术应用涉及伦理争议时，提交医学伦理委员会讨论并备案
C.患者自愿放弃签署知情同意书，医生尊重其意愿继续操作
D.存在潜在伦理风险但未影响治疗流程，无需额外讨论
【思考过程】：",B,DeepSeek-V3,"【思考过程】：本题考查人类辅助生殖技术的伦理规范和法律要求。根据相关规定：  
1. **知情同意书**是必须签署的法律文件（A错误，C错误）；  
2. 涉及伦理争议时必须提交伦理委员会讨论（B正确）；  
3. 任何潜在伦理风险均需评估并记录（D错误）。  

【最终答案】：B",客观题,B
辅助生殖,"你是一个严格按照要求答题的医学考试考生。请你先展示出完整的思考过程，然后再输出最终答案。每道题目有至少两个选项（A、B）至多五个选项（A、B、C、D、E），题目为不定项选择题，请按照以下格式作答：

【思考过程】：...

【最终答案】：AB / BCE / CD / DE / E / ...（只输出选项的编号，不要写选项内容）

示例：
题目：医疗伦理中四大基本原则是？
A.尊重自主权
B.善意行为
C.无害原则
D.公正原则
E.以上都不是
【思考过程】：本题考查医学伦理的四大基本原则，包括尊重自主权、不伤害原则、行善原则、公正原则。

【最终答案】：ABCD

题目：根据我国辅助生殖技术管理规定，实施供精人工授精的医疗机构应如何处理供精源？
A.与卫生部批准的人类精子库签订供精协议
B.在实验室紧急缺精时少量自行采集
C.使用国内外科研机构认证的冷冻精子标本
D.直接从志愿者处采集并支付合理营养费
【思考过程】：",A,DeepSeek-V3,"【思考过程】：本题考查我国辅助生殖技术管理规定中关于供精人工授精的供精源处理要求。根据相关规定，医疗机构必须与卫生部批准的人类精子库签订供精协议，不得自行采集或使用未经批准的冷冻精子标本，也不得直接从志愿者处采集并支付费用。选项A符合规定，其他选项均违反管理要求。

【最终答案】：A",客观题,A
辅助生殖,"你是一个严格按照要求答题的医学考试考生。请你先展示出完整的思考过程，然后再输出最终答案。每道题目有至少两个选项（A、B）至多五个选项（A、B、C、D、E），题目为不定项选择题，请按照以下格式作答：

【思考过程】：...

【最终答案】：AB / BCE / CD / DE / E / ...（只输出选项的编号，不要写选项内容）

示例：
题目：医疗伦理中四大基本原则是？
A.尊重自主权
B.善意行为
C.无害原则
D.公正原则
E.以上都不是
【思考过程】：本题考查医学伦理的四大基本原则，包括尊重自主权、不伤害原则、行善原则、公正原则。

【最终答案】：ABCD

题目：以下表述是否正确：实施人类辅助生殖技术的医疗机构在任何情况下都不得进行性别选择。
A.正确
B.错误
【思考过程】：",B,DeepSeek-V3,"【思考过程】：本题考查人类辅助生殖技术中的性别选择问题。根据我国相关法律法规，禁止非医学需要的胎儿性别鉴定和选择性别人工终止妊娠。但在某些特殊情况下，如与性别有关的遗传病，可以进行性别选择以避免疾病传递。因此，题目中的“任何情况下”表述过于绝对，是错误的。

【最终答案】：B",客观题,B
辅助生殖,"你是一个严格按照要求答题的医学考试考生。请你先展示出完整的思考过程，然后再输出最终答案。每道题目有至少两个选项（A、B）至多五个选项（A、B、C、D、E），题目为不定项选择题，请按照以下格式作答：

【思考过程】：...

【最终答案】：AB / BCE / CD / DE / E / ...（只输出选项的编号，不要写选项内容）

示例：
题目：医疗伦理中四大基本原则是？
A.尊重自主权
B.善意行为
C.无害原则
D.公正原则
E.以上都不是
【思考过程】：本题考查医学伦理的四大基本原则，包括尊重自主权、不伤害原则、行善原则、公正原则。

【最终答案】：ABCD

题目：一个供精者的精子最多只能提供给多少名妇女受孕？
A.3名
B.4名
C.5名
D.8名
E.10名
【思考过程】：",C,DeepSeek-V3,"【思考过程】：本题考查辅助生殖技术中的伦理规范。根据我国《人类辅助生殖技术规范》规定，为防止近亲婚配风险，同一供精者的精子最多只能使5名妇女受孕。

【最终答案】：C",客观题,C
辅助生殖,"你是一个严格按照要求答题的医学考试考生。请你先展示出完整的思考过程，然后再输出最终答案。每道题目有至少两个选项（A、B）至多五个选项（A、B、C、D、E），题目为不定项选择题，请按照以下格式作答：

【思考过程】：...

【最终答案】：AB / BCE / CD / DE / E / ...（只输出选项的编号，不要写选项内容）

示例：
题目：医疗伦理中四大基本原则是？
A.尊重自主权
B.善意行为
C.无害原则
D.公正原则
E.以上都不是
【思考过程】：本题考查医学伦理的四大基本原则，包括尊重自主权、不伤害原则、行善原则、公正原则。

【最终答案】：ABCD

题目：以下关于人类精子库的管理要求，哪项表述是正确的？
A.供精者档案可采用纸质形式存档并由专人保管
B.精子库需对供精者资料进行计算机管理但无需永久保存
C.保密义务仅针对供精者而不包括受精者
D.供精者档案必须经计算机管理并永久保存
E.保密义务允许在未经同意时向科研机构共享脱敏数据
【思考过程】：",D,DeepSeek-V3,"【思考过程】：本题考查人类精子库的管理要求。根据相关规定：1.供精者档案必须采用计算机管理并永久保存（A错误，D正确）；2.保密义务涵盖供精者和受精者双方信息（C错误）；3.未经允许不得向任何机构或个人披露信息，包括科研用途（E错误）；4.计算机管理是强制性要求（B错误）。

【最终答案】：D",客观题,D
辅助生殖,"你是一个严格按照要求答题的医学考试考生。请你先展示出完整的思考过程，然后再输出最终答案。每道题目有至少两个选项（A、B）至多五个选项（A、B、C、D、E），题目为不定项选择题，请按照以下格式作答：

【思考过程】：...

【最终答案】：AB / BCE / CD / DE / E / ...（只输出选项的编号，不要写选项内容）

示例：
题目：医疗伦理中四大基本原则是？
A.尊重自主权
B.善意行为
C.无害原则
D.公正原则
E.以上都不是
【思考过程】：本题考查医学伦理的四大基本原则，包括尊重自主权、不伤害原则、行善原则、公正原则。

【最终答案】：ABCD

题目：人类精子库的技术质量监测和检查报告应当向哪些部门备案？
A.市级卫生行政部门
B.省级卫生行政部门
C.卫生部
D.市级医疗监管局
E.国务院
【思考过程】：",BC,DeepSeek-V3,"【思考过程】：本题考查人类精子库的管理规定。根据《人类精子库管理办法》的相关规定，人类精子库的技术质量监测和检查报告应当向省级卫生行政部门和卫生部（现为国家卫生健康委员会）备案。市级卫生行政部门和市级医疗监管局通常不直接接收此类备案，国务院也不直接接收此类技术性备案。

【最终答案】：BC",客观题,BC
辅助生殖,"你是一个严格按照要求答题的医学考试考生。请你先展示出完整的思考过程，然后再输出最终答案。每道题目有至少两个选项（A、B）至多五个选项（A、B、C、D、E），题目为不定项选择题，请按照以下格式作答：

【思考过程】：...

【最终答案】：AB / BCE / CD / DE / E / ...（只输出选项的编号，不要写选项内容）

示例：
题目：医疗伦理中四大基本原则是？
A.尊重自主权
B.善意行为
C.无害原则
D.公正原则
E.以上都不是
【思考过程】：本题考查医学伦理的四大基本原则，包括尊重自主权、不伤害原则、行善原则、公正原则。

【最终答案】：ABCD

题目：为确保不发生同一供精者精液被滥用，监控机制设定的每位供精者的精液标本最多可导致几名妇女受孕？
A.3名
B.4名
C.5名
D.6名
E.8名
【思考过程】：",C,DeepSeek-V3,"【思考过程】：本题考查辅助生殖技术中供精者精液使用的伦理规范。根据我国《人类辅助生殖技术规范》规定，为防止同一供精者的精液被过度使用，每位供精者的精液标本最多只能使5名妇女受孕。这一规定旨在降低近亲婚配的风险并保护后代权益。

【最终答案】：C",客观题,C
辅助生殖,"你是一个严格按照要求答题的医学考试考生。请你先展示出完整的思考过程，然后再输出最终答案。每道题目有至少两个选项（A、B）至多五个选项（A、B、C、D、E），题目为不定项选择题，请按照以下格式作答：

【思考过程】：...

【最终答案】：AB / BCE / CD / DE / E / ...（只输出选项的编号，不要写选项内容）

示例：
题目：医疗伦理中四大基本原则是？
A.尊重自主权
B.善意行为
C.无害原则
D.公正原则
E.以上都不是
【思考过程】：本题考查医学伦理的四大基本原则，包括尊重自主权、不伤害原则、行善原则、公正原则。

【最终答案】：ABCD

题目：根据相关法规，精子库必须将供精者的以下哪些信息上报至中央信息库？
A.姓名
B.年龄
C.身份证号
D.生物学特性标志
E.职业
【思考过程】：",ABCD,DeepSeek-V3,"【思考过程】：本题考查精子库管理相关法规的要求。根据我国《人类辅助生殖技术管理办法》和《人类精子库管理办法》的规定，精子库必须上报供精者的生物学特性标志（如血型、身高、体重等）和身份证号（用于唯一标识和避免重复捐精）。但不会上报供精者的姓名（A选项）以保护隐私，年龄（B选项）和职业（E选项）不属于必须上报的核心信息。

【最终答案】：CD",客观题,CD
辅助生殖,"你是一个严格按照要求答题的医学考试考生。请你先展示出完整的思考过程，然后再输出最终答案。每道题目有至少两个选项（A、B）至多五个选项（A、B、C、D、E），题目为不定项选择题，请按照以下格式作答：

【思考过程】：...

【最终答案】：AB / BCE / CD / DE / E / ...（只输出选项的编号，不要写选项内容）

示例：
题目：医疗伦理中四大基本原则是？
A.尊重自主权
B.善意行为
C.无害原则
D.公正原则
E.以上都不是
【思考过程】：本题考查医学伦理的四大基本原则，包括尊重自主权、不伤害原则、行善原则、公正原则。

【最终答案】：ABCD

题目：以下哪些措施符合我国关于精子库供精者管理的法规要求？
A.精子库每月汇总供精者信息并向中央信息库申报
B.中央信息库收到申报后直接通过电话告知核查结果
C.精子库收到中央信息库10个工作日内反馈的核查信息后启动筛查流程
D.某精子库允许通过中央信息库筛查未发现重复的供精者在15个工作日后开始采精
E.中央信息库仅登记供精者的相貌特征不记录身份信息
【思考过程】：",C,DeepSeek-V3,"【思考过程】：本题考查我国精子库供精者管理的法规要求。根据《人类精子库管理办法》和《人类辅助生殖技术规范》的相关规定：  
1. 精子库需定期向中央信息库申报供精者信息（A正确），但未明确要求“每月汇总”，需结合法规具体时间要求判断。  
2. 中央信息库的核查结果应通过书面或系统反馈，电话告知不符合规范（B错误）。  
3. 精子库需在收到中央信息库反馈（通常为10个工作日内）后启动筛查（C符合流程）。  
4. 供精者需通过中央信息库筛查且排除重复，但“15个工作日后采精”无明确依据，可能存在等待期要求（D部分正确性存疑）。  
5. 中央信息库需登记供精者身份信息（如身份证号），相貌特征仅为辅助记录（E错误）。  

综合法规核心要求：A（申报义务）、C（合规筛查流程）为明确条款；B、E明显违规；D的时效性需进一步核查，但“筛查未发现重复”部分正确。  

【最终答案】：AC",客观题,AC
辅助生殖,"你是一个严格按照要求答题的医学考试考生。请你先展示出完整的思考过程，然后再输出最终答案。每道题目有至少两个选项（A、B）至多五个选项（A、B、C、D、E），题目为不定项选择题，请按照以下格式作答：

【思考过程】：...

【最终答案】：AB / BCE / CD / DE / E / ...（只输出选项的编号，不要写选项内容）

示例：
题目：医疗伦理中四大基本原则是？
A.尊重自主权
B.善意行为
C.无害原则
D.公正原则
E.以上都不是
【思考过程】：本题考查医学伦理的四大基本原则，包括尊重自主权、不伤害原则、行善原则、公正原则。

【最终答案】：ABCD

题目：以下关于人类精子库保密原则的表述中，哪几项是正确的？
A.研究者因科研需求可查阅供精者社会身份资料，B.工作人员可接受司法机关公函直接查阅完整档案，C.供精者有权要求查看所有受精者的医疗记录，D.非负责人工作人员经批准可查看供精者详细地址，E.未经当事人同意档案不得用于商业活动
【思考过程】：",E,DeepSeek-V3,"【思考过程】：本题考查人类精子库保密原则的具体要求。根据相关规定：  
- A项错误：研究者因科研需求查阅资料时，需严格保密且不得涉及供精者社会身份信息（如姓名、住址等）。  
- B项错误：司法机关查阅档案需出具正式公函并经精子库负责人批准，不能直接查阅。  
- C项错误：供精者无权查看受精者医疗记录，这是对受精者隐私的保护。  
- D项错误：非负责人工作人员未经特定授权不得查看供精者详细地址等敏感信息。  
- E项正确：商业用途必须获得当事人明确书面同意，否则禁止使用。  

只有E项符合保密原则。  

【最终答案】：E",客观题,E
辅助生殖,"你是一个严格按照要求答题的医学考试考生。请你先展示出完整的思考过程，然后再输出最终答案。每道题目有至少两个选项（A、B）至多五个选项（A、B、C、D、E），题目为不定项选择题，请按照以下格式作答：

【思考过程】：...

【最终答案】：AB / BCE / CD / DE / E / ...（只输出选项的编号，不要写选项内容）

示例：
题目：医疗伦理中四大基本原则是？
A.尊重自主权
B.善意行为
C.无害原则
D.公正原则
E.以上都不是
【思考过程】：本题考查医学伦理的四大基本原则，包括尊重自主权、不伤害原则、行善原则、公正原则。

【最终答案】：ABCD

题目：关于供精者赠精的性质，以下哪项描述正确？
A.必须由医疗机构强制要求的医疗行为
B.自愿的人道主义行为
C.可接受超出合理补偿范围的高额报酬
D.需经政府机构审批的行政程序
【思考过程】：",B,DeepSeek-V3,"【思考过程】：本题考查对供精者赠精性质的理解。根据医学伦理和相关法规，供精者的行为应当是自愿的人道主义行为（B正确），不能强制要求（A错误），且不能接受超出合理补偿范围的高额报酬以避免商业化（C错误）。虽然部分国家或地区可能要求备案或审批，但“必须经政府机构审批的行政程序”并非普遍性质（D不全面或错误）。

【最终答案】：B",客观题,B
辅助生殖,"你是一个严格按照要求答题的医学考试考生。请你先展示出完整的思考过程，然后再输出最终答案。每道题目有至少两个选项（A、B）至多五个选项（A、B、C、D、E），题目为不定项选择题，请按照以下格式作答：

【思考过程】：...

【最终答案】：AB / BCE / CD / DE / E / ...（只输出选项的编号，不要写选项内容）

示例：
题目：医疗伦理中四大基本原则是？
A.尊重自主权
B.善意行为
C.无害原则
D.公正原则
E.以上都不是
【思考过程】：本题考查医学伦理的四大基本原则，包括尊重自主权、不伤害原则、行善原则、公正原则。

【最终答案】：ABCD

题目：以下哪种情形符合自精保存的基本条件？
A.已婚男性因工作繁忙希望提前冷冻精液，B.放疗前需保存精子的癌症患者，C.为子女储备精子的60岁健康男性，D.取精困难的试管婴儿技术需求者，E.未婚男性为保持生育能力提前保存精子
【思考过程】：",BD,DeepSeek-V3,"【思考过程】：本题考查自精保存的适应症。自精保存（精子冷冻保存）的基本条件通常包括医疗需求（如癌症患者需接受放疗或化疗可能损害生育能力）或特定医疗程序需求（如试管婴儿技术中取精困难者）。非医疗需求的个人意愿（如工作繁忙、健康男性为子女储备精子、未婚男性单纯为保持生育能力）通常不符合医学伦理和临床指南的适应症。

1. A选项：工作繁忙属于个人意愿，无医疗需求，不符合。
2. B选项：癌症患者放疗前保存精子是典型的医疗适应症，符合。
3. C选项：健康男性无医疗需求，且60岁高龄可能涉及伦理问题，不符合。
4. D选项：试管婴儿技术中取精困难属于医疗程序需求，符合。
5. E选项：未婚男性无医疗需求的保存属于个人意愿，不符合。

【最终答案】：BD",客观题,BD
辅助生殖,"你是一个严格按照要求答题的医学考试考生。请你先展示出完整的思考过程，然后再输出最终答案。每道题目有至少两个选项（A、B）至多五个选项（A、B、C、D、E），题目为不定项选择题，请按照以下格式作答：

【思考过程】：...

【最终答案】：AB / BCE / CD / DE / E / ...（只输出选项的编号，不要写选项内容）

示例：
题目：医疗伦理中四大基本原则是？
A.尊重自主权
B.善意行为
C.无害原则
D.公正原则
E.以上都不是
【思考过程】：本题考查医学伦理的四大基本原则，包括尊重自主权、不伤害原则、行善原则、公正原则。

【最终答案】：ABCD

题目：人类精子库可以向以下哪类机构合法提供精液？
A.取得省级卫生部门辅助生殖技术备案的私立医院
B.具有国际生殖医学认证的公立机构
C.取得卫生部人类辅助生殖技术批准证书的生殖中心
D.持有三年有效期的生育健康执业许可的诊所
E.未取得任何批准证书的研究院所
【思考过程】：",C,DeepSeek-V3,"【思考过程】：本题考查人类精子库合法提供精液的条件。根据我国相关规定，人类精子库只能向取得卫生部人类辅助生殖技术批准证书的生殖中心提供精液。其他选项如私立医院、公立机构、诊所或研究院所，若未取得相应批准证书，则不符合合法提供条件。

【最终答案】：C",客观题,C
辅助生殖,"你是一个严格按照要求答题的医学考试考生。请你先展示出完整的思考过程，然后再输出最终答案。每道题目有至少两个选项（A、B）至多五个选项（A、B、C、D、E），题目为不定项选择题，请按照以下格式作答：

【思考过程】：...

【最终答案】：AB / BCE / CD / DE / E / ...（只输出选项的编号，不要写选项内容）

示例：
题目：医疗伦理中四大基本原则是？
A.尊重自主权
B.善意行为
C.无害原则
D.公正原则
E.以上都不是
【思考过程】：本题考查医学伦理的四大基本原则，包括尊重自主权、不伤害原则、行善原则、公正原则。

【最终答案】：ABCD

题目：人类精子库在哪些情况下可以合法提供精液？
A.未经检验但家属签署免责协议的精液
B.检验不合格但捐赠者自愿提供的精液
C.已完成检验且质量合格的精液
D.经过初步检验但未完成最终报告的精液
E.检验合格但保存时间超过规定期限的精液
【思考过程】：",C,DeepSeek-V3,"【思考过程】：本题考查人类精子库合法提供精液的条件。根据相关规定，精子库提供的精液必须已完成检验且质量合格（C），未经检验或检验不合格的精液（A、B）均不符合要求。初步检验未完成最终报告（D）或保存超期（E）的精液也不符合合法提供标准。

【最终答案】：C",客观题,C
辅助生殖,"你是一个严格按照要求答题的医学考试考生。请你先展示出完整的思考过程，然后再输出最终答案。每道题目有至少两个选项（A、B）至多五个选项（A、B、C、D、E），题目为不定项选择题，请按照以下格式作答：

【思考过程】：...

【最终答案】：AB / BCE / CD / DE / E / ...（只输出选项的编号，不要写选项内容）

示例：
题目：医疗伦理中四大基本原则是？
A.尊重自主权
B.善意行为
C.无害原则
D.公正原则
E.以上都不是
【思考过程】：本题考查医学伦理的四大基本原则，包括尊重自主权、不伤害原则、行善原则、公正原则。

【最终答案】：ABCD

题目：根据我国相关规定，提供供精人工授精的精液必须满足哪些条件？
A.精液冷冻保存3个月后直接使用
B.新鲜精液经实时检测合格后使用
C.精液冷冻保存达半年但未进行复检
D.精液冷冻保存满半年且复检合格
E.精液冷冻保存5个月后复检替代检疫期
【思考过程】：",D,DeepSeek-V3,"【思考过程】：本题考查我国供精人工授精的精液使用条件。根据我国相关规定，供精人工授精的精液必须经过冷冻保存，并且冷冻保存时间需达到半年，同时需要进行复检，确保精液质量合格后才能使用。新鲜精液未经冷冻保存和检疫期是不允许直接使用的。冷冻保存3个月或5个月但未满足半年检疫期或未复检的情况也不符合规定。

【最终答案】：D",客观题,D
辅助生殖,"你是一个严格按照要求答题的医学考试考生。请你先展示出完整的思考过程，然后再输出最终答案。每道题目有至少两个选项（A、B）至多五个选项（A、B、C、D、E），题目为不定项选择题，请按照以下格式作答：

【思考过程】：...

【最终答案】：AB / BCE / CD / DE / E / ...（只输出选项的编号，不要写选项内容）

示例：
题目：医疗伦理中四大基本原则是？
A.尊重自主权
B.善意行为
C.无害原则
D.公正原则
E.以上都不是
【思考过程】：本题考查医学伦理的四大基本原则，包括尊重自主权、不伤害原则、行善原则、公正原则。

【最终答案】：ABCD

题目：在辅助生殖技术中，以下哪种情况允许人类精子库实施精子分离技术？
A.为帮助患者生育双胞胎并确保性别一致
B.为预防性连锁遗传病传递给子代
C.为提高子女特定外貌特征的概率
D.为满足夫妇对子女性别偏好的家庭需求
【思考过程】：",B,DeepSeek-V3,"【思考过程】：本题考查辅助生殖技术中精子分离技术的伦理和医学适应症。根据我国《人类辅助生殖技术管理办法》及相关伦理规范：
1. 精子分离技术（如流式细胞术分离X/Y精子）仅允许用于医学目的（如预防性连锁遗传病），不得用于非医学需要的性别选择（A、D错误）。
2. 生育双胞胎或外貌特征优化不属于医学适应症（A、C错误且违反伦理原则）。
3. 预防性连锁遗传病（如血友病、杜氏肌营养不良等）是明确适应症（B正确）。

【最终答案】：B",客观题,B
辅助生殖,"你是一个严格按照要求答题的医学考试考生。请你先展示出完整的思考过程，然后再输出最终答案。每道题目有至少两个选项（A、B）至多五个选项（A、B、C、D、E），题目为不定项选择题，请按照以下格式作答：

【思考过程】：...

【最终答案】：AB / BCE / CD / DE / E / ...（只输出选项的编号，不要写选项内容）

示例：
题目：医疗伦理中四大基本原则是？
A.尊重自主权
B.善意行为
C.无害原则
D.公正原则
E.以上都不是
【思考过程】：本题考查医学伦理的四大基本原则，包括尊重自主权、不伤害原则、行善原则、公正原则。

【最终答案】：ABCD

题目：以下表述是否正确：人类精子库在获得伦理委员会批准后，可以将两位供体的精液混合用于辅助生殖。
A.正确
B.错误
【思考过程】：",B,DeepSeek-V3,"【思考过程】：根据人类辅助生殖技术的伦理原则和相关规定，精子库必须确保精液来源的单一性和可追溯性，禁止混合不同供体的精液用于辅助生殖，以避免伦理和法律问题（如亲子关系混乱）。因此，该表述是错误的。

【最终答案】：B",客观题,B
辅助生殖,"你是一个严格按照要求答题的医学考试考生。请你先展示出完整的思考过程，然后再输出最终答案。每道题目有至少两个选项（A、B）至多五个选项（A、B、C、D、E），题目为不定项选择题，请按照以下格式作答：

【思考过程】：...

【最终答案】：AB / BCE / CD / DE / E / ...（只输出选项的编号，不要写选项内容）

示例：
题目：医疗伦理中四大基本原则是？
A.尊重自主权
B.善意行为
C.无害原则
D.公正原则
E.以上都不是
【思考过程】：本题考查医学伦理的四大基本原则，包括尊重自主权、不伤害原则、行善原则、公正原则。

【最终答案】：ABCD

题目：以下哪种行为可能违反人类精子库的伦理规范？
A.采集一名未签署知情同意书的志愿者精液用于医学研究
B.在供精者临时无法签字时由家属代为签署知情同意书后进行采集
C.因紧急医疗需求使用未签署知情同意书的冷冻精液样本
D.使用三年前已签署知情同意书但未更新签署状态的库存精液
【思考过程】：",ABCD,DeepSeek-V3,"【思考过程】：本题考查人类精子库伦理规范的遵守情况。选项A明确违反伦理规范，因为未签署知情同意书直接侵犯供精者的自主权；选项B违反伦理规范，因知情同意书必须由本人签署，家属无权代签；选项C未经知情同意使用冷冻精液样本属于违规行为；选项D中3年未更新签署状态的精液可能超出有效同意期限，需重新确认知情同意状态，直接使用存在伦理风险。

【最终答案】：ABCD",客观题,ABCD
辅助生殖,"你是一个严格按照要求答题的医学考试考生。请你先展示出完整的思考过程，然后再输出最终答案。每道题目有至少两个选项（A、B）至多五个选项（A、B、C、D、E），题目为不定项选择题，请按照以下格式作答：

【思考过程】：...

【最终答案】：AB / BCE / CD / DE / E / ...（只输出选项的编号，不要写选项内容）

示例：
题目：医疗伦理中四大基本原则是？
A.尊重自主权
B.善意行为
C.无害原则
D.公正原则
E.以上都不是
【思考过程】：本题考查医学伦理的四大基本原则，包括尊重自主权、不伤害原则、行善原则、公正原则。

【最终答案】：ABCD

题目：以下表述是否正确：人类精子库工作人员年满22岁的儿子自愿签署知情同意书后，可作为供精者。
A.正确
B.错误
【思考过程】：",B,DeepSeek-V3,"【思考过程】：本题考查人类精子库供精者的基本条件。根据我国相关规定，供精者的基本条件包括年龄在22-45岁之间，身体健康，无遗传病和传染病等。同时，供精者必须自愿并签署知情同意书。此外，供精者与人类精子库工作人员存在亲属关系时，可能存在伦理问题，通常不被允许。因此，题目中的表述是错误的。

【最终答案】：B",客观题,B
辅助生殖,"你是一个严格按照要求答题的医学考试考生。请你先展示出完整的思考过程，然后再输出最终答案。每道题目有至少两个选项（A、B）至多五个选项（A、B、C、D、E），题目为不定项选择题，请按照以下格式作答：

【思考过程】：...

【最终答案】：AB / BCE / CD / DE / E / ...（只输出选项的编号，不要写选项内容）

示例：
题目：医疗伦理中四大基本原则是？
A.尊重自主权
B.善意行为
C.无害原则
D.公正原则
E.以上都不是
【思考过程】：本题考查医学伦理的四大基本原则，包括尊重自主权、不伤害原则、行善原则、公正原则。

【最终答案】：ABCD

题目：以下哪种行为违反了人类精子库相关管理规定？
A.人类精子库所在科室同时开展试管婴儿技术
B.人类精子库专职人员协助生殖中心实施体外受精
C.生殖医学科专职人员进行人工授精操作
D.人类精子库与第三方机构共享供精者基本信息
【思考过程】：",ABD,DeepSeek-V3,"【思考过程】：本题考查人类精子库管理规定的具体内容。根据相关规定：  
1. 人类精子库必须独立设置，不得与辅助生殖技术（如试管婴儿）在同一科室（A违反）；  
2. 精子库专职人员不得参与实施辅助生殖技术操作（B违反）；  
3. 生殖中心专职人员进行人工授精属于正常业务范围（C不违反）；  
4. 供精者信息需严格保密，禁止与第三方共享（D违反）。  

【最终答案】：ABD",客观题,ABD
辅助生殖,"你是一个严格按照要求答题的医学考试考生。请你先展示出完整的思考过程，然后再输出最终答案。每道题目有至少两个选项（A、B）至多五个选项（A、B、C、D、E），题目为不定项选择题，请按照以下格式作答：

【思考过程】：...

【最终答案】：AB / BCE / CD / DE / E / ...（只输出选项的编号，不要写选项内容）

示例：
题目：医疗伦理中四大基本原则是？
A.尊重自主权
B.善意行为
C.无害原则
D.公正原则
E.以上都不是
【思考过程】：本题考查医学伦理的四大基本原则，包括尊重自主权、不伤害原则、行善原则、公正原则。

【最终答案】：ABCD

题目：下列哪几项是供精者在辅助生殖技术应用中必须满足的法定要求？
A.年龄在20-45周岁之间
B.真实提供本人及家族成员一般病史
C.年龄在22-45周岁之间
D.按要求提供遗传病史说明文件
E.回答医师提出的其他相关问题并提供精液标本
【思考过程】：",BCDE,DeepSeek-V3,"【思考过程】：本题考查供精者在辅助生殖技术应用中的法定要求。根据中国相关法规，供精者的年龄限制为22-45周岁（排除A，确认C），必须真实提供本人及家族成员的一般病史（B正确），按要求提供遗传病史说明文件（D正确），同时需要配合医师的其他相关问题并提供精液标本（E正确）。  

【最终答案】：BCDE",客观题,BCDE
辅助生殖,"你是一个严格按照要求答题的医学考试考生。请你先展示出完整的思考过程，然后再输出最终答案。每道题目有至少两个选项（A、B）至多五个选项（A、B、C、D、E），题目为不定项选择题，请按照以下格式作答：

【思考过程】：...

【最终答案】：AB / BCE / CD / DE / E / ...（只输出选项的编号，不要写选项内容）

示例：
题目：医疗伦理中四大基本原则是？
A.尊重自主权
B.善意行为
C.无害原则
D.公正原则
E.以上都不是
【思考过程】：本题考查医学伦理的四大基本原则，包括尊重自主权、不伤害原则、行善原则、公正原则。

【最终答案】：ABCD

题目：每位供精者的冷冻精液最多可使多少名妇女受孕？
A.3名
B.4名
C.5名
D.6名
E.8名
【思考过程】：",C,DeepSeek-V3,"【思考过程】：本题考查人类辅助生殖技术中供精者冷冻精液的使用规范。根据我国相关规定，每位供精者的冷冻精液最多只能使5名妇女受孕，以避免近亲繁殖等伦理问题。

【最终答案】：C",客观题,C
辅助生殖,"你是一个严格按照要求答题的医学考试考生。请你先展示出完整的思考过程，然后再输出最终答案。每道题目有至少两个选项（A、B）至多五个选项（A、B、C、D、E），题目为不定项选择题，请按照以下格式作答：

【思考过程】：...

【最终答案】：AB / BCE / CD / DE / E / ...（只输出选项的编号，不要写选项内容）

示例：
题目：医疗伦理中四大基本原则是？
A.尊重自主权
B.善意行为
C.无害原则
D.公正原则
E.以上都不是
【思考过程】：本题考查医学伦理的四大基本原则，包括尊重自主权、不伤害原则、行善原则、公正原则。

【最终答案】：ABCD

题目：以下表述是否正确：医疗机构在实施辅助生殖技术时，只要夫妻双方自愿且符合医学指征，即使未满足当地计划生育政策要求也可开展。
A.正确
B.错误
【思考过程】：",B,DeepSeek-V3,"【思考过程】：本题考查医疗机构实施辅助生殖技术的法律规范。根据我国《人类辅助生殖技术管理办法》及相关规定，实施辅助生殖技术需同时满足以下条件：1.夫妻双方自愿且签署知情同意书；2.符合医学指征；3.符合国家计划生育政策（如生育数量限制、再生育审批等规定）。题干中""未满足当地计划生育政策要求""属于禁止情形。

【最终答案】：B",客观题,B
辅助生殖,"你是一个严格按照要求答题的医学考试考生。请你先展示出完整的思考过程，然后再输出最终答案。每道题目有至少两个选项（A、B）至多五个选项（A、B、C、D、E），题目为不定项选择题，请按照以下格式作答：

【思考过程】：...

【最终答案】：AB / BCE / CD / DE / E / ...（只输出选项的编号，不要写选项内容）

示例：
题目：医疗伦理中四大基本原则是？
A.尊重自主权
B.善意行为
C.无害原则
D.公正原则
E.以上都不是
【思考过程】：本题考查医学伦理的四大基本原则，包括尊重自主权、不伤害原则、行善原则、公正原则。

【最终答案】：ABCD

题目：在辅助生殖治疗中，以下哪些行为违反了医学伦理的自愿原则？
A.要求夫妇在签署同意书时立即决定，否则将失去治疗机会
B.提供详细治疗流程和可能风险后，由夫妇讨论决定
C.若患者不同意治疗，医生暗示可能影响其医保报销
D.隐瞒部分风险以提高患者接受治疗的意愿
E.赠送药物优惠券以鼓励患者选择某种方案
【思考过程】：",ACDE,DeepSeek-V3,"【思考过程】：本题考查医学伦理的自愿原则，即患者在接受治疗时应基于充分知情且不受胁迫或不当影响的情况下自愿做出决定。  
- A选项：施加时间压力（“立即决定否则失去机会”）属于变相胁迫，限制自主选择，违反自愿原则。  
- B选项：充分告知后由夫妇自主讨论决定，完全符合自愿原则，不违规。  
- C选项：暗示影响医保报销属于利用权力施压，干扰自愿性。  
- D选项：隐瞒风险导致知情不充分，违背自愿原则的前提（知情同意）。  
- E选项：物质诱导（优惠券）可能干扰患者理性判断，属于不当影响，违反自愿原则。  

综上，A、C、D、E均涉及胁迫、隐瞒或不正当诱导，违反自愿原则；B是正确实践。  

【最终答案】：ACDE",客观题,ACDE
辅助生殖,"你是一个严格按照要求答题的医学考试考生。请你先展示出完整的思考过程，然后再输出最终答案。每道题目有至少两个选项（A、B）至多五个选项（A、B、C、D、E），题目为不定项选择题，请按照以下格式作答：

【思考过程】：...

【最终答案】：AB / BCE / CD / DE / E / ...（只输出选项的编号，不要写选项内容）

示例：
题目：医疗伦理中四大基本原则是？
A.尊重自主权
B.善意行为
C.无害原则
D.公正原则
E.以上都不是
【思考过程】：本题考查医学伦理的四大基本原则，包括尊重自主权、不伤害原则、行善原则、公正原则。

【最终答案】：ABCD

题目：在辅助生殖治疗中，以下哪些行为可能构成对患者隐私权的侵犯？
A.将患者的完整治疗记录匿名化后用于医学研究
B.未经患者书面同意将其不孕病史作为案例在公开会议上讨论
C.医务人员因个人关系向配偶透露某位患者的胚胎冷冻情况
D.未加密存储患者生殖健康信息导致被内部其他部门员工随意查阅
【思考过程】：",BCD,DeepSeek-V3,"【思考过程】：本题考查对患者隐私权的理解和保护。在辅助生殖治疗中，保护患者隐私权至关重要。分析各选项：  
A. 匿名化处理后用于医学研究不涉及泄露个人身份信息，不属于侵犯隐私权。  
B. 未经同意公开讨论患者病史，即使未指名道姓，也可能通过细节推断出患者身份，属于侵犯隐私权。  
C. 医务人员擅自向配偶透露患者治疗信息，属于未经授权的信息披露，侵犯隐私权。  
D. 未加密存储导致信息被非相关人员查阅，属于未尽到保密义务的过失行为，侵犯隐私权。  

【最终答案】：BCD",客观题,BCD
辅助生殖,"你是一个严格按照要求答题的医学考试考生。请你先展示出完整的思考过程，然后再输出最终答案。每道题目有至少两个选项（A、B）至多五个选项（A、B、C、D、E），题目为不定项选择题，请按照以下格式作答：

【思考过程】：...

【最终答案】：AB / BCE / CD / DE / E / ...（只输出选项的编号，不要写选项内容）

示例：
题目：医疗伦理中四大基本原则是？
A.尊重自主权
B.善意行为
C.无害原则
D.公正原则
E.以上都不是
【思考过程】：本题考查医学伦理的四大基本原则，包括尊重自主权、不伤害原则、行善原则、公正原则。

【最终答案】：ABCD

题目：在辅助生殖技术应用中，以下哪种情形可以合法进行胎儿性别选择？
A.夫妻双方希望生育男孩以延续家族传统
B.预防性连锁隐性遗传病发生
C.已有两名同性子女的家庭希望生育异性子女
D.宗教原因要求特定性别
E.医学诊断显示与性别无关的发育异常需干预
【思考过程】：",B,DeepSeek-V3,"【思考过程】：本题考查辅助生殖技术中胎儿性别选择的合法情形。根据我国《人类辅助生殖技术管理办法》及相关伦理规范，性别选择仅允许用于医学目的（如避免性连锁遗传病），禁止非医学需要的性别筛选。A项（家族传统）、C项（平衡子女性别）、D项（宗教原因）均属于非医学需求，E项（与性别无关的异常）不涉及性别选择指征。仅B项（预防性连锁遗传病）符合法规和伦理要求。

【最终答案】：B",客观题,B
辅助生殖,"你是一个严格按照要求答题的医学考试考生。请你先展示出完整的思考过程，然后再输出最终答案。每道题目有至少两个选项（A、B）至多五个选项（A、B、C、D、E），题目为不定项选择题，请按照以下格式作答：

【思考过程】：...

【最终答案】：AB / BCE / CD / DE / E / ...（只输出选项的编号，不要写选项内容）

示例：
题目：医疗伦理中四大基本原则是？
A.尊重自主权
B.善意行为
C.无害原则
D.公正原则
E.以上都不是
【思考过程】：本题考查医学伦理的四大基本原则，包括尊重自主权、不伤害原则、行善原则、公正原则。

【最终答案】：ABCD

题目：以下表述是否正确：经医疗机构伦理委员会审批同意后，可为患有严重子宫疾病的夫妇实施代孕技术。
A.正确
B.错误
【思考过程】：",B,DeepSeek-V3,"【思考过程】：本题考查对代孕技术相关法规的理解。根据我国现行《人类辅助生殖技术管理办法》和《人类辅助生殖技术规范》，医疗机构和医务人员不得实施任何形式的代孕技术，这是法律明确禁止的行为。伦理委员会的审批不能凌驾于法律规定之上。

【最终答案】：B",客观题,B
辅助生殖,"你是一个严格按照要求答题的医学考试考生。请你先展示出完整的思考过程，然后再输出最终答案。每道题目有至少两个选项（A、B）至多五个选项（A、B、C、D、E），题目为不定项选择题，请按照以下格式作答：

【思考过程】：...

【最终答案】：AB / BCE / CD / DE / E / ...（只输出选项的编号，不要写选项内容）

示例：
题目：医疗伦理中四大基本原则是？
A.尊重自主权
B.善意行为
C.无害原则
D.公正原则
E.以上都不是
【思考过程】：本题考查医学伦理的四大基本原则，包括尊重自主权、不伤害原则、行善原则、公正原则。

【最终答案】：ABCD

题目：以下行为是否合法：某夫妇在完成试管婴儿手术后，出于善意，主动将剩余的胚胎赠送给另一对不孕夫妇？
A.合法，B.不合法
【思考过程】：",B,DeepSeek-V3,"【思考过程】：本题考查人类辅助生殖技术相关法律法规。根据我国现行《人类辅助生殖技术管理办法》和《人类辅助生殖技术规范》，严禁任何形式的商业化赠卵、赠胚胎行为，且胚胎捐赠需严格符合伦理原则并在具备资质的医疗机构中实施，私自赠送胚胎属于违法行为。

【最终答案】：B",客观题,B
辅助生殖,"你是一个严格按照要求答题的医学考试考生。请你先展示出完整的思考过程，然后再输出最终答案。每道题目有至少两个选项（A、B）至多五个选项（A、B、C、D、E），题目为不定项选择题，请按照以下格式作答：

【思考过程】：...

【最终答案】：AB / BCE / CD / DE / E / ...（只输出选项的编号，不要写选项内容）

示例：
题目：医疗伦理中四大基本原则是？
A.尊重自主权
B.善意行为
C.无害原则
D.公正原则
E.以上都不是
【思考过程】：本题考查医学伦理的四大基本原则，包括尊重自主权、不伤害原则、行善原则、公正原则。

【最终答案】：ABCD

题目：以下哪些操作被明确禁止？
A.人类与同种配子的体外结合
B.人类体内移植猴子合子
C.在狒狒体内培育人类胚胎
D.异种体内移植人类肝脏干细胞
E.马卵子与人类精子的人工融合
【思考过程】：",BCE,DeepSeek-V3,"【思考过程】：本题考查的是生物医学伦理和法规中关于禁止操作的条款。根据国际和多数国家的生物医学研究伦理规范：
1. 人类与同种配子的体外结合（A）通常是被允许的，例如体外受精技术。
2. 人类体内移植猴子合子（B）涉及跨物种生殖，违背伦理原则，被明确禁止。
3. 在狒狒体内培育人类胚胎（C）属于跨物种嵌合体研究，多数情况下被禁止。
4. 异种体内移植人类肝脏干细胞（D）用于治疗目的时可能被允许，需严格审批。
5. 马卵子与人类精子的人工融合（E）属于人类与非人哺乳动物配子结合，明确禁止。

【最终答案】：BCE",客观题,BCE
辅助生殖,"你是一个严格按照要求答题的医学考试考生。请你先展示出完整的思考过程，然后再输出最终答案。每道题目有至少两个选项（A、B）至多五个选项（A、B、C、D、E），题目为不定项选择题，请按照以下格式作答：

【思考过程】：...

【最终答案】：AB / BCE / CD / DE / E / ...（只输出选项的编号，不要写选项内容）

示例：
题目：医疗伦理中四大基本原则是？
A.尊重自主权
B.善意行为
C.无害原则
D.公正原则
E.以上都不是
【思考过程】：本题考查医学伦理的四大基本原则，包括尊重自主权、不伤害原则、行善原则、公正原则。

【最终答案】：ABCD

题目：在辅助生殖技术中，以下哪些供精者与供卵者的组合被明确禁止？
A.表姐弟间
B.亲兄妹间
C.无血缘关系的夫妻间
D.堂姐与堂弟间
E.三代以内旁系血亲间
【思考过程】：",ABDE,DeepSeek-V3,"【思考过程】：本题考查辅助生殖技术中供精者与供卵者的伦理与法律限制。根据我国《人类辅助生殖技术管理办法》及相关伦理规范，禁止近亲间的配子捐赠，以防止遗传缺陷和伦理问题。具体禁止范围包括直系血亲（如亲兄妹）和三代以内旁系血亲（如堂/表兄弟姐妹）。无血缘关系的夫妻间组合是常规允许的。

1. 表姐弟（A）和堂姐弟（D）均属于三代以内旁系血亲，禁止组合。  
2. 亲兄妹（B）为二代以内旁系血亲（同属直系血亲的子代），明确禁止。  
3. 无血缘关系的夫妻（C）不涉及近亲风险，允许组合。  
4. 三代以内旁系血亲（E）概括性描述符合禁止范围（如A、B、D均属此类）。  

【最终答案】：ABDE",客观题,ABDE
辅助生殖,"你是一个严格按照要求答题的医学考试考生。请你先展示出完整的思考过程，然后再输出最终答案。每道题目有至少两个选项（A、B）至多五个选项（A、B、C、D、E），题目为不定项选择题，请按照以下格式作答：

【思考过程】：...

【最终答案】：AB / BCE / CD / DE / E / ...（只输出选项的编号，不要写选项内容）

示例：
题目：医疗伦理中四大基本原则是？
A.尊重自主权
B.善意行为
C.无害原则
D.公正原则
E.以上都不是
【思考过程】：本题考查医学伦理的四大基本原则，包括尊重自主权、不伤害原则、行善原则、公正原则。

【最终答案】：ABCD

题目：在同一治疗周期中，配子和合子的来源应满足以下哪项条件？
A.可来自不同男性和同一女性
B.可来自同一男性和不同女性
C.可混合使用多个男性的配子
D.必须来自同一男性和同一女性
E.可以使用之前周期保存的配子
【思考过程】：",D,DeepSeek-V3,"【思考过程】：本题考查辅助生殖技术中配子和合子的来源要求。根据我国《人类辅助生殖技术规范》及伦理原则：  
1. **同一治疗周期中**的配子和合子必须来自**同一男性和同一女性**（D正确），以避免伦理争议（如后代血缘混乱）和技术风险。  
2. **不同周期**的配子或合子禁止混合使用（A、B、C错误），且**不可使用之前周期保存的配子**（E错误），除非是同一夫妇的冷冻胚胎在后续周期中使用（但题目未特指冷冻保存情况）。  

【最终答案】：D",客观题,D
辅助生殖,"你是一个严格按照要求答题的医学考试考生。请你先展示出完整的思考过程，然后再输出最终答案。每道题目有至少两个选项（A、B）至多五个选项（A、B、C、D、E），题目为不定项选择题，请按照以下格式作答：

【思考过程】：...

【最终答案】：AB / BCE / CD / DE / E / ...（只输出选项的编号，不要写选项内容）

示例：
题目：医疗伦理中四大基本原则是？
A.尊重自主权
B.善意行为
C.无害原则
D.公正原则
E.以上都不是
【思考过程】：本题考查医学伦理的四大基本原则，包括尊重自主权、不伤害原则、行善原则、公正原则。

【最终答案】：ABCD

题目：根据我国相关规定，以下哪种情况禁止实施人类辅助生殖技术？
A.符合计划生育政策但未持有结婚证的夫妇
B.因健康问题无法自然生育的已婚配偶
C.未履行生育审批程序的再婚夫妇
D.32周岁未签署放弃生育声明的单身女性
E.已完成生育登记的同性伴侣
【思考过程】：",ACDE,DeepSeek-V3,"【思考过程】：本题考查我国关于人类辅助生殖技术的禁止情形。根据我国现行规定，人类辅助生殖技术仅限已婚夫妇使用，且需符合计划生育政策。禁止情形包括：①未婚或单身女性（不论年龄或是否签署放弃生育声明）；②未持有合法婚姻证明的夫妇（如未登记结婚或同性伴侣）；③未履行合规生育审批程序的情形（如再婚夫妇未完成审批）。已登记结婚且符合计划生育政策的已婚配偶（无论是否存在健康问题）是被允许的。

需排除的干扰项：B选项""因健康问题无法自然生育的已婚配偶""是辅助生殖技术的适用对象而非禁止情形。其余选项均涉及婚姻状态或审批程序的合规性问题，属于禁止范畴。

【最终答案】：ACDE",客观题,ACDE
辅助生殖,"你是一个严格按照要求答题的医学考试考生。请你先展示出完整的思考过程，然后再输出最终答案。每道题目有至少两个选项（A、B）至多五个选项（A、B、C、D、E），题目为不定项选择题，请按照以下格式作答：

【思考过程】：...

【最终答案】：AB / BCE / CD / DE / E / ...（只输出选项的编号，不要写选项内容）

示例：
题目：医疗伦理中四大基本原则是？
A.尊重自主权
B.善意行为
C.无害原则
D.公正原则
E.以上都不是
【思考过程】：本题考查医学伦理的四大基本原则，包括尊重自主权、不伤害原则、行善原则、公正原则。

【最终答案】：ABCD

题目：以下表述是否正确：某科研机构在获得国家卫健委审批后，可以开展人类嵌合体胚胎试验研究用于治疗血液病？
A.正确
B.错误
【思考过程】：",B,DeepSeek-V3,"【思考过程】：本题考查对涉及人类嵌合体胚胎试验研究的法律法规的理解。根据我国现行法律法规和伦理准则，涉及人类胚胎的试验研究受到严格限制。国家卫健委审批是开展此类研究的重要前提，但并非唯一条件，还需符合伦理审查和其他相关法规要求。题目中的表述忽略了其他必要条件，因此不完全正确。

【最终答案】：B",客观题,B
辅助生殖,"你是一个严格按照要求答题的医学考试考生。请你先展示出完整的思考过程，然后再输出最终答案。每道题目有至少两个选项（A、B）至多五个选项（A、B、C、D、E），题目为不定项选择题，请按照以下格式作答：

【思考过程】：...

【最终答案】：AB / BCE / CD / DE / E / ...（只输出选项的编号，不要写选项内容）

示例：
题目：医疗伦理中四大基本原则是？
A.尊重自主权
B.善意行为
C.无害原则
D.公正原则
E.以上都不是
【思考过程】：本题考查医学伦理的四大基本原则，包括尊重自主权、不伤害原则、行善原则、公正原则。

【最终答案】：ABCD

题目：根据现行法律法规，以下哪一行为被明确禁止？
A.使用体外受精技术帮助不孕夫妇生育
B.为提高妊娠率对胚胎进行基因编辑
C.通过体细胞核移植技术制造基因完全相同的婴儿
D.在患者自愿前提下实施代孕技术
【思考过程】：",BCD,DeepSeek-V3,"【思考过程】：本题考查我国现行法律法规对生殖技术的限制。根据《人类辅助生殖技术管理办法》和《人类遗传资源管理条例》：(1)体外受精技术（A）是合法的辅助生殖手段；(2)胚胎基因编辑（B）因伦理和安全问题被严格禁止，除非用于科研且经严格审批（如CRISPR婴儿事件属违法）；(3)生殖性克隆（C）即制造基因相同婴儿被全球共识禁止；(4)代孕技术（D）在中国大陆被明令禁止实施（无论自愿与否）。

【最终答案】：BCD",客观题,BCD
辅助生殖,"你是一个严格按照要求答题的医学考试考生。请你先展示出完整的思考过程，然后再输出最终答案。每道题目有至少两个选项（A、B）至多五个选项（A、B、C、D、E），题目为不定项选择题，请按照以下格式作答：

【思考过程】：...

【最终答案】：AB / BCE / CD / DE / E / ...（只输出选项的编号，不要写选项内容）

示例：
题目：医疗伦理中四大基本原则是？
A.尊重自主权
B.善意行为
C.无害原则
D.公正原则
E.以上都不是
【思考过程】：本题考查医学伦理的四大基本原则，包括尊重自主权、不伤害原则、行善原则、公正原则。

【最终答案】：ABCD

题目：在辅助生殖治疗中，医务人员的义务包括以下哪些内容？
A.告知患者所有可选治疗手段的利弊及风险
B.根据患者的经济状况推荐治疗方案
C.在患者知情后提出最有利于患者的方案
D.仅提供医学指征明确的最佳治疗方案
E.考虑患者的心理及社会因素
【思考过程】：",ACE,DeepSeek-V3,"【思考过程】：本题考查辅助生殖治疗中医务人员的义务。根据医学伦理和临床实践，医务人员需要履行以下义务：  
1. **充分告知义务**（A）：必须向患者全面说明所有可选治疗手段的利弊及风险，确保知情同意。  
2. **患者利益优先**（C）：在患者知情后，应提出最有利于患者的方案，而非仅基于经济因素（B错误，经济状况不应是首要考量）。  
3. **个体化治疗**（E）：需综合考虑患者的心理、社会因素，而非仅依赖医学指征（D错误，治疗方案需个体化，不能绝对化）。  
4. B选项错误，因治疗方案不应以经济状况为首要依据；D选项过于绝对，忽略患者个体差异。  

【最终答案】：ACE",客观题,ACE
辅助生殖,"你是一个严格按照要求答题的医学考试考生。请你先展示出完整的思考过程，然后再输出最终答案。每道题目有至少两个选项（A、B）至多五个选项（A、B、C、D、E），题目为不定项选择题，请按照以下格式作答：

【思考过程】：...

【最终答案】：AB / BCE / CD / DE / E / ...（只输出选项的编号，不要写选项内容）

示例：
题目：医疗伦理中四大基本原则是？
A.尊重自主权
B.善意行为
C.无害原则
D.公正原则
E.以上都不是
【思考过程】：本题考查医学伦理的四大基本原则，包括尊重自主权、不伤害原则、行善原则、公正原则。

【最终答案】：ABCD

题目：在进行促排卵治疗时，以下哪些目的是被明确禁止的？
A.为了提高受孕几率而增加排卵数量
B.为商业利益出售卵子
C.治疗患者的不孕症
D.帮助患者怀上双胞胎
E.自愿捐赠卵子给亲属使用
【思考过程】：",BD,DeepSeek-V3,"【思考过程】：本题考查促排卵治疗的伦理和法规限制。根据医学伦理和多数国家的法律规定：
1. 为提高受孕几率合理增加排卵数量（A）是促排卵治疗的常规目的；
2. 商业性出售卵子（B）因涉及剥削和伦理问题被普遍禁止；
3. 治疗不孕症（C）是促排卵的核心适应症；
4. 刻意怀双胞胎（D）因增加母婴风险，属于医学指征外的滥用；
5. 自愿捐赠亲属（E）需符合伦理审查和法律规定，并非绝对禁止。

需禁止的是商业目的和违背医学指征的行为。

【最终答案】：BD",客观题,BD
辅助生殖,"你是一个严格按照要求答题的医学考试考生。请你先展示出完整的思考过程，然后再输出最终答案。每道题目有至少两个选项（A、B）至多五个选项（A、B、C、D、E），题目为不定项选择题，请按照以下格式作答：

【思考过程】：...

【最终答案】：AB / BCE / CD / DE / E / ...（只输出选项的编号，不要写选项内容）

示例：
题目：医疗伦理中四大基本原则是？
A.尊重自主权
B.善意行为
C.无害原则
D.公正原则
E.以上都不是
【思考过程】：本题考查医学伦理的四大基本原则，包括尊重自主权、不伤害原则、行善原则、公正原则。

【最终答案】：ABCD

题目：某辅助生殖技术服务机构在配子处理过程中，需要履行哪些法定义务？
A.为捐献者制定胚胎处理方案
B.建立不育夫妇处置配子的专属档案
C.保留医师口头确认的处置意见
D.要求不育夫妇双方签署知情同意书
E.授权胚胎实验室全权决定冷冻方案
【思考过程】：",BD,DeepSeek-V3,"【思考过程】：本题考查辅助生殖技术服务机构在配子处理过程中的法定义务。根据相关法规和伦理要求：  
1. **A选项**：胚胎处理方案需由医疗机构与不育夫妇共同制定，而非仅为捐献者制定，排除。  
2. **B选项**：建立专属档案是规范管理的要求，确保可追溯性，符合法规义务。  
3. **C选项**：口头确认缺乏法律效力，必须书面记录，排除。  
4. **D选项**：知情同意书需双方签署，保障患者自主权，是法定义务。  
5. **E选项**：胚胎处置需尊重不育夫妇意愿，不可由实验室单方面决定，排除。  

综上，B、D为法定义务。  

【最终答案】：BD",客观题,BD
辅助生殖,"你是一个严格按照要求答题的医学考试考生。请你先展示出完整的思考过程，然后再输出最终答案。每道题目有至少两个选项（A、B）至多五个选项（A、B、C、D、E），题目为不定项选择题，请按照以下格式作答：

【思考过程】：...

【最终答案】：AB / BCE / CD / DE / E / ...（只输出选项的编号，不要写选项内容）

示例：
题目：医疗伦理中四大基本原则是？
A.尊重自主权
B.善意行为
C.无害原则
D.公正原则
E.以上都不是
【思考过程】：本题考查医学伦理的四大基本原则，包括尊重自主权、不伤害原则、行善原则、公正原则。

【最终答案】：ABCD

题目：在辅助生殖技术中，以下哪种行为违反伦理规定？
A.未经患者同意将胚胎用于科研分析
B.在患者不知情时使用其配子进行病理学研究
C.患者授权后销毁多余胚胎
D.私下将受精卵转让给其他不孕夫妇
E.根据捐赠协议使用冷冻精子
【思考过程】：",ABD,DeepSeek-V3,"【思考过程】：本题考查辅助生殖技术中的伦理规定。根据医学伦理原则，未经患者同意的任何操作都是违反伦理的，包括未经同意将胚胎用于科研（A）、未告知使用配子进行病理学研究（B）以及私下转让受精卵（D）。而患者授权后销毁多余胚胎（C）和根据捐赠协议使用冷冻精子（E）是符合伦理规定的合法行为。

【最终答案】：ABD",客观题,ABD
辅助生殖,"你是一个严格按照要求答题的医学考试考生。请你先展示出完整的思考过程，然后再输出最终答案。每道题目有至少两个选项（A、B）至多五个选项（A、B、C、D、E），题目为不定项选择题，请按照以下格式作答：

【思考过程】：...

【最终答案】：AB / BCE / CD / DE / E / ...（只输出选项的编号，不要写选项内容）

示例：
题目：医疗伦理中四大基本原则是？
A.尊重自主权
B.善意行为
C.无害原则
D.公正原则
E.以上都不是
【思考过程】：本题考查医学伦理的四大基本原则，包括尊重自主权、不伤害原则、行善原则、公正原则。

【最终答案】：ABCD

题目：在实施人类辅助生殖技术前，以下哪项是必须的条件？
A.仅需女方同意
B.仅需男方同意
C.双方口头同意
D.仅需法定代理人同意
E.夫妇双方自愿同意并签署书面知情同意书
【思考过程】：",E,DeepSeek-V3,"【思考过程】：本题考查人类辅助生殖技术的伦理和法律要求。根据相关规定，实施人类辅助生殖技术必须确保夫妇双方自愿同意，并且需要签署书面知情同意书，以保障双方的知情权和自主决策权。仅单方同意、口头同意或法定代理人同意均不符合要求。

【最终答案】：E",客观题,E
辅助生殖,"你是一个严格按照要求答题的医学考试考生。请你先展示出完整的思考过程，然后再输出最终答案。每道题目有至少两个选项（A、B）至多五个选项（A、B、C、D、E），题目为不定项选择题，请按照以下格式作答：

【思考过程】：...

【最终答案】：AB / BCE / CD / DE / E / ...（只输出选项的编号，不要写选项内容）

示例：
题目：医疗伦理中四大基本原则是？
A.尊重自主权
B.善意行为
C.无害原则
D.公正原则
E.以上都不是
【思考过程】：本题考查医学伦理的四大基本原则，包括尊重自主权、不伤害原则、行善原则、公正原则。

【最终答案】：ABCD

题目：医务人员实施辅助生殖技术时，必须向患者提供哪些实质性信息？（多选题）
A.该技术实施程序的完整说明
B.每周期大致的总费用明细
C.医生的个人历年的成功率统计数据
D.进口与国产药物选择的具体方式
E.医疗机构年度财政营利情况
【思考过程】：",ABD,DeepSeek-V3,"【思考过程】：本题考查辅助生殖技术的知情同意原则。根据医疗伦理和法律规定，医务人员必须向患者提供足够的信息以支持其作出知情决定。  
1. 选项A（技术程序说明）是核心内容，属于必须告知的实质性信息。  
2. 选项B（费用明细）涉及患者经济负担和决策，属于必要信息。  
3. 选项C（医生个人成功率）可能影响患者选择，但“历年统计数据”若为机构整体数据（非个人）或未规范统计则存在争议，通常需提供机构成功率而非个人数据，故不完全符合“必须”条件。  
4. 选项D（药物选择方式）直接关系治疗方案和费用，属于实质性信息。  
5. 选项E（机构营利情况）与患者决策无关，不属于必须提供的内容。  

综上，必须提供的信息为技术程序、费用明细及药物选择方式。  

【最终答案】：ABD",客观题,ABD
辅助生殖,"你是一个严格按照要求答题的医学考试考生。请你先展示出完整的思考过程，然后再输出最终答案。每道题目有至少两个选项（A、B）至多五个选项（A、B、C、D、E），题目为不定项选择题，请按照以下格式作答：

【思考过程】：...

【最终答案】：AB / BCE / CD / DE / E / ...（只输出选项的编号，不要写选项内容）

示例：
题目：医疗伦理中四大基本原则是？
A.尊重自主权
B.善意行为
C.无害原则
D.公正原则
E.以上都不是
【思考过程】：本题考查医学伦理的四大基本原则，包括尊重自主权、不伤害原则、行善原则、公正原则。

【最终答案】：ABCD

题目：以下关于人类辅助生殖技术中患者权利的描述，哪一项符合相关法规？
A.在受精卵培养阶段后不可终止技术实施
B.若中途终止，需经伦理委员会批准才能再次治疗
C.需完成当前医疗周期才能行使终止权利
D.可在技术实施任何阶段终止且免于后续治疗阻碍
E.终止必须经主治医生签字同意
【思考过程】：",D,DeepSeek-V3,"【思考过程】：本题考查人类辅助生殖技术中患者权利的相关法规。根据相关法规，患者在辅助生殖技术实施过程中享有自主权，可以在任何阶段选择终止技术实施，且不受后续治疗的阻碍。选项A、B、C、E均对患者的权利进行了不合理的限制，不符合法规要求。

【最终答案】：D",客观题,D
辅助生殖,"你是一个严格按照要求答题的医学考试考生。请你先展示出完整的思考过程，然后再输出最终答案。每道题目有至少两个选项（A、B）至多五个选项（A、B、C、D、E），题目为不定项选择题，请按照以下格式作答：

【思考过程】：...

【最终答案】：AB / BCE / CD / DE / E / ...（只输出选项的编号，不要写选项内容）

示例：
题目：医疗伦理中四大基本原则是？
A.尊重自主权
B.善意行为
C.无害原则
D.公正原则
E.以上都不是
【思考过程】：本题考查医学伦理的四大基本原则，包括尊重自主权、不伤害原则、行善原则、公正原则。

【最终答案】：ABCD

题目：医务人员在实施人类辅助生殖技术后，必须告知当事人哪些关键信息？
A.必须告知随访的必要性
B.只需告知医疗费用明细
C.应当告知已出生孩子需要随访问
D.不需要告知未来生育风险
E.必须获得孩子本人的书面同意
【思考过程】：",AC,DeepSeek-V3,"【思考过程】：本题考查医务人员在实施人类辅助生殖技术后的告知义务。根据相关伦理规范和法律法规：
1. 必须告知随访的必要性（A正确），以确保技术安全性和后续健康管理；
2. 医疗费用明细是基础告知内容，但题干问的是""关键信息""，单纯费用告知不全面（B不完全正确）；
3. 随访问是辅助生殖技术的重要环节，涉及子代健康追踪（C正确）；
4. 未来生育风险属于必须告知内容（D错误）；
5. 孩子出生前无法获得其书面同意，且此选项逻辑不成立（E错误）。

【最终答案】：AC",客观题,AC
辅助生殖,"你是一个严格按照要求答题的医学考试考生。请你先展示出完整的思考过程，然后再输出最终答案。每道题目有至少两个选项（A、B）至多五个选项（A、B、C、D、E），题目为不定项选择题，请按照以下格式作答：

【思考过程】：...

【最终答案】：AB / BCE / CD / DE / E / ...（只输出选项的编号，不要写选项内容）

示例：
题目：医疗伦理中四大基本原则是？
A.尊重自主权
B.善意行为
C.无害原则
D.公正原则
E.以上都不是
【思考过程】：本题考查医学伦理的四大基本原则，包括尊重自主权、不伤害原则、行善原则、公正原则。

【最终答案】：ABCD

题目：医务人员在辅助生殖技术中对待捐赠者时，以下哪种做法符合伦理要求？
A.告知捐赠者健康检查的必要性并取得口头同意
B.告知捐赠者健康检查的必要性并取得书面知情同意
C.在捐赠者自愿的情况下免除健康检查
D.仅记录知情同意但未进行健康检查的必要性告知
【思考过程】：",B,DeepSeek-V3,"【思考过程】：本题考查辅助生殖技术中捐赠者伦理要求的核心知识点。根据医学伦理原则和辅助生殖技术规范：1. 必须充分告知捐赠者健康检查的必要性（排除C/D）；2. 知情同意必须采用书面形式（排除A）；3. 健康检查是强制程序不能免除（排除C）；4. 未告知必要性属于违规（排除D）。

【最终答案】：B",客观题,B
辅助生殖,"你是一个严格按照要求答题的医学考试考生。请你先展示出完整的思考过程，然后再输出最终答案。每道题目有至少两个选项（A、B）至多五个选项（A、B、C、D、E），题目为不定项选择题，请按照以下格式作答：

【思考过程】：...

【最终答案】：AB / BCE / CD / DE / E / ...（只输出选项的编号，不要写选项内容）

示例：
题目：医疗伦理中四大基本原则是？
A.尊重自主权
B.善意行为
C.无害原则
D.公正原则
E.以上都不是
【思考过程】：本题考查医学伦理的四大基本原则，包括尊重自主权、不伤害原则、行善原则、公正原则。

【最终答案】：ABCD

题目：告知义务中，以下哪些法律权利应明确属于辅助生殖技术出生的后代？
A.继承权
B.受教育权
C.赡养祖父母的义务
D.父母离异时监护权裁定
E.履行遗产管理义务
【思考过程】：",ABD,DeepSeek-V3,"【思考过程】：本题考查辅助生殖技术出生后代的法律权利。继承权（A）是基本民事权利，与出生方式无关；受教育权（B）是宪法赋予的基本权利；赡养祖父母的义务（C）属于家庭法范畴，但通常不直接因辅助生殖技术产生特殊关联；监护权裁定（D）属于父母权利义务范畴，与后代权利无直接关系；遗产管理义务（E）需基于继承关系，非技术本身直接赋予。核心应聚焦技术直接相关的法律权利。

【最终答案】：AB",客观题,AB
辅助生殖,"你是一个严格按照要求答题的医学考试考生。请你先展示出完整的思考过程，然后再输出最终答案。每道题目有至少两个选项（A、B）至多五个选项（A、B、C、D、E），题目为不定项选择题，请按照以下格式作答：

【思考过程】：...

【最终答案】：AB / BCE / CD / DE / E / ...（只输出选项的编号，不要写选项内容）

示例：
题目：医疗伦理中四大基本原则是？
A.尊重自主权
B.善意行为
C.无害原则
D.公正原则
E.以上都不是
【思考过程】：本题考查医学伦理的四大基本原则，包括尊重自主权、不伤害原则、行善原则、公正原则。

【最终答案】：ABCD

题目：医务人员在实施辅助生殖技术前需告知接受治疗的夫妇哪些内容？
A.对辅助生殖出生的孩子负有伦理、道德和法律上的责任
B.对健康新生儿具有法律上监护权但可免除抚养义务
C.仅需承担出生缺陷孩子的经济支持
D.对有出生缺陷的孩子同样负有权利和义务
【思考过程】：",AD,DeepSeek-V3,"【思考过程】：本题考查医务人员在实施辅助生殖技术前的告知义务。根据医学伦理和法律规定，接受辅助生殖技术的夫妇需明确以下内容：  
1. 对辅助生殖出生的孩子负有伦理、道德和法律上的责任（A正确）；  
2. 对健康新生儿具有法律上的监护权和抚养义务（B错误，不可免除抚养义务）；  
3. 不仅需承担出生缺陷孩子的经济支持，还需履行其他法律和伦理义务（C错误）；  
4. 对有出生缺陷的孩子同样享有权利并承担义务（D正确）。  

【最终答案】：AD",客观题,AD
辅助生殖,"你是一个严格按照要求答题的医学考试考生。请你先展示出完整的思考过程，然后再输出最终答案。每道题目有至少两个选项（A、B）至多五个选项（A、B、C、D、E），题目为不定项选择题，请按照以下格式作答：

【思考过程】：...

【最终答案】：AB / BCE / CD / DE / E / ...（只输出选项的编号，不要写选项内容）

示例：
题目：医疗伦理中四大基本原则是？
A.尊重自主权
B.善意行为
C.无害原则
D.公正原则
E.以上都不是
【思考过程】：本题考查医学伦理的四大基本原则，包括尊重自主权、不伤害原则、行善原则、公正原则。

【最终答案】：ABCD

题目：根据医学伦理原则，医务人员实施辅助生殖技术时，哪种情况应当严格禁止？
A. 使用近亲关系的精子
B. 使用匿名捐赠的卵子
C. 使用交换伴侣（未经婚姻关系变动）后的卵子
D. 被法院判决亲子抚养权的单亲人士的精子
【思考过程】：",AC,DeepSeek-V3,"【思考过程】：本题考查医学伦理在辅助生殖技术中的具体应用。根据医学伦理原则和我国相关法律法规：

1. 近亲关系精子使用（A）应严格禁止，因可能导致遗传疾病风险增加和伦理问题。
2. 匿名捐赠卵子（B）在某些国家/地区是允许的（需符合规范），非严格禁止项。
3. 交换伴侣的卵子（C）涉及伦理和法律问题，应严格禁止。
4. 法院判决抚养权的单亲人士精子（D）需个案评估，非绝对禁止项。

最应严格禁止的是涉及近亲关系和潜在伦理混乱的情况。

【最终答案】：AC",客观题,AC
辅助生殖,"你是一个严格按照要求答题的医学考试考生。请你先展示出完整的思考过程，然后再输出最终答案。每道题目有至少两个选项（A、B）至多五个选项（A、B、C、D、E），题目为不定项选择题，请按照以下格式作答：

【思考过程】：...

【最终答案】：AB / BCE / CD / DE / E / ...（只输出选项的编号，不要写选项内容）

示例：
题目：医疗伦理中四大基本原则是？
A.尊重自主权
B.善意行为
C.无害原则
D.公正原则
E.以上都不是
【思考过程】：本题考查医学伦理的四大基本原则，包括尊重自主权、不伤害原则、行善原则、公正原则。

【最终答案】：ABCD

题目：以下关于医务人员实施代孕技术的描述中，正确的是哪一项？
A.经患者自愿申请且签署知情同意书后可实施
B.在不涉及商业利益的情况下允许实施
C.获得省级卫生行政部门授权后可以实施
D.无论何种条件均禁止实施
【思考过程】：",D,DeepSeek-V3,"【思考过程】：本题考查对代孕技术的法律和伦理规定的理解。根据我国现行法律法规，代孕技术是被严格禁止的，无论是否涉及商业利益、是否获得患者自愿申请或签署知情同意书，也不论是否获得行政部门授权。因此，唯一正确的选项是禁止实施。

【最终答案】：D",客观题,D
辅助生殖,"你是一个严格按照要求答题的医学考试考生。请你先展示出完整的思考过程，然后再输出最终答案。每道题目有至少两个选项（A、B）至多五个选项（A、B、C、D、E），题目为不定项选择题，请按照以下格式作答：

【思考过程】：...

【最终答案】：AB / BCE / CD / DE / E / ...（只输出选项的编号，不要写选项内容）

示例：
题目：医疗伦理中四大基本原则是？
A.尊重自主权
B.善意行为
C.无害原则
D.公正原则
E.以上都不是
【思考过程】：本题考查医学伦理的四大基本原则，包括尊重自主权、不伤害原则、行善原则、公正原则。

【最终答案】：ABCD

题目：以下表述是否正确：医务人员在获得患者知情同意后，可以实施胚胎赠送助孕技术帮助其受孕？
A.正确
B.错误
【思考过程】：",B,DeepSeek-V3,"【思考过程】：本题考查医务人员实施胚胎赠送助孕技术的法律和伦理规范。根据我国《人类辅助生殖技术管理办法》及相关伦理规定，胚胎赠送助孕技术涉及复杂的伦理和法律问题，仅获得患者知情同意并不能直接允许实施该技术。该技术需要符合国家法律法规、经过严格的伦理审查，并在具备资质的医疗机构中由专业人员操作。因此仅凭患者知情同意是不够的。

【最终答案】：B",客观题,B
辅助生殖,"你是一个严格按照要求答题的医学考试考生。请你先展示出完整的思考过程，然后再输出最终答案。每道题目有至少两个选项（A、B）至多五个选项（A、B、C、D、E），题目为不定项选择题，请按照以下格式作答：

【思考过程】：...

【最终答案】：AB / BCE / CD / DE / E / ...（只输出选项的编号，不要写选项内容）

示例：
题目：医疗伦理中四大基本原则是？
A.尊重自主权
B.善意行为
C.无害原则
D.公正原则
E.以上都不是
【思考过程】：本题考查医学伦理的四大基本原则，包括尊重自主权、不伤害原则、行善原则、公正原则。

【最终答案】：ABCD

题目：在安全性问题尚未解决前，医务人员被禁止将以下哪些技术用于治疗不育？
A.人卵胞浆移植技术
B.人卵核移植技术
C.卵母细胞核质融合技术
D.人卵冷冻复苏技术
E.体外受精-胚胎移植技术
【思考过程】：",AB,DeepSeek-V3,"【思考过程】：本题考查的是辅助生殖技术中的伦理和安全性问题。根据我国《人类辅助生殖技术规范》及相关伦理准则，涉及卵细胞核移植、胞浆移植等基因操作或存在重大安全隐患的技术，在安全性未充分验证前禁止临床应用。A、B、C选项均涉及卵细胞遗传物质的人工改造或核质操作，属于高风险技术；D选项（人卵冷冻复苏）和E选项（常规IVF-ET）是已通过安全性验证的成熟技术。

【最终答案】：ABC",客观题,ABC
辅助生殖,"你是一个严格按照要求答题的医学考试考生。请你先展示出完整的思考过程，然后再输出最终答案。每道题目有至少两个选项（A、B）至多五个选项（A、B、C、D、E），题目为不定项选择题，请按照以下格式作答：

【思考过程】：...

【最终答案】：AB / BCE / CD / DE / E / ...（只输出选项的编号，不要写选项内容）

示例：
题目：医疗伦理中四大基本原则是？
A.尊重自主权
B.善意行为
C.无害原则
D.公正原则
E.以上都不是
【思考过程】：本题考查医学伦理的四大基本原则，包括尊重自主权、不伤害原则、行善原则、公正原则。

【最终答案】：ABCD

题目：同一供者的精子或卵子最多可以允许使多少名妇女成功受孕？
A.3名
B.4名
C.5名
D.6名
E.8名
【思考过程】：",C,DeepSeek-V3,"【思考过程】：本题考查人类辅助生殖技术中关于供精或供卵的使用限制。根据我国《人类辅助生殖技术规范》规定，同一供者的精子或卵子最多只能使5名妇女成功受孕，以避免后代近亲婚配的风险。

【最终答案】：C",客观题,C
辅助生殖,"你是一个严格按照要求答题的医学考试考生。请你先展示出完整的思考过程，然后再输出最终答案。每道题目有至少两个选项（A、B）至多五个选项（A、B、C、D、E），题目为不定项选择题，请按照以下格式作答：

【思考过程】：...

【最终答案】：AB / BCE / CD / DE / E / ...（只输出选项的编号，不要写选项内容）

示例：
题目：医疗伦理中四大基本原则是？
A.尊重自主权
B.善意行为
C.无害原则
D.公正原则
E.以上都不是
【思考过程】：本题考查医学伦理的四大基本原则，包括尊重自主权、不伤害原则、行善原则、公正原则。

【最终答案】：ABCD

题目：哪种情况下医务人员被允许实施人类辅助生殖技术？
A.已婚且符合计划生育政策的无子女夫妇
B.已生育一个子女但因不孕需辅助生殖的再婚夫妇（符合生育政策）
C.已婚未婚但户籍政策允许其生育的夫妇
D.自愿签署知情同意书的单身女性
【思考过程】：",AB,DeepSeek-V3,"【思考过程】：本题考查人类辅助生殖技术的适用条件。根据我国现行法律法规和伦理规范，人类辅助生殖技术主要适用于合法婚姻关系内的夫妇，且需符合计划生育政策。选项A符合已婚且符合计划生育政策的条件；选项B中再婚夫妇若符合生育政策（如一方初婚未育或符合二孩政策）也可适用；选项C的表述存在矛盾（""已婚未婚""），且户籍政策不能替代生育政策审批；选项D的单身女性目前在我国不属于合法适用对象。

【最终答案】：AB",客观题,AB
辅助生殖,"你是一个严格按照要求答题的医学考试考生。请你先展示出完整的思考过程，然后再输出最终答案。每道题目有至少两个选项（A、B）至多五个选项（A、B、C、D、E），题目为不定项选择题，请按照以下格式作答：

【思考过程】：...

【最终答案】：AB / BCE / CD / DE / E / ...（只输出选项的编号，不要写选项内容）

示例：
题目：医疗伦理中四大基本原则是？
A.尊重自主权
B.善意行为
C.无害原则
D.公正原则
E.以上都不是
【思考过程】：本题考查医学伦理的四大基本原则，包括尊重自主权、不伤害原则、行善原则、公正原则。

【最终答案】：ABCD

题目：在辅助生殖技术应用中，以下哪些情况允许医务人员实施性别选择？
A.当夫妇有家庭性别平衡需求时
B.进行性别筛查以避免X染色体隐性遗传病
C.经父母请求时实施性别选择以提高生育满意度
D.存在严重性别相关遗传病风险时
【思考过程】：",BD,DeepSeek-V3,"【思考过程】：本题考查辅助生殖技术中性别选择的伦理和医学指征。根据世界卫生组织和国际生殖医学伦理指南，性别选择仅在医学指征下被允许，例如避免与性别相关的严重遗传病（如X染色体隐性遗传病）。非医学原因的性别选择（如家庭性别平衡或个人偏好）通常不被允许，因其可能导致性别比例失衡和社会伦理问题。

【最终答案】：BD",客观题,BD
辅助生殖,"你是一个严格按照要求答题的医学考试考生。请你先展示出完整的思考过程，然后再输出最终答案。每道题目有至少两个选项（A、B）至多五个选项（A、B、C、D、E），题目为不定项选择题，请按照以下格式作答：

【思考过程】：...

【最终答案】：AB / BCE / CD / DE / E / ...（只输出选项的编号，不要写选项内容）

示例：
题目：医疗伦理中四大基本原则是？
A.尊重自主权
B.善意行为
C.无害原则
D.公正原则
E.以上都不是
【思考过程】：本题考查医学伦理的四大基本原则，包括尊重自主权、不伤害原则、行善原则、公正原则。

【最终答案】：ABCD

题目：以下关于辅助生殖技术的表述，哪一项符合我国现行法规？
A.医务人员可在伦理审查后开展生殖性克隆研究
B.医务人员不得以任何理由实施生殖性克隆技术
C.医务人员可基于患者需求实施治疗性克隆技术
D.医务人员实施生殖性克隆需获得省级卫生部门批准
【思考过程】：",B,DeepSeek-V3,"【思考过程】：本题考查我国现行法规对辅助生殖技术的相关规定。根据我国《人类辅助生殖技术管理办法》和《人胚胎干细胞研究伦理指导原则》，我国明确禁止实施生殖性克隆技术，但允许在严格伦理审查下开展治疗性克隆研究。选项A和D提到允许或经批准实施生殖性克隆，与法规相违背；选项C未明确限制条件（需伦理审查），表述不严谨；只有选项B完全符合我国禁止生殖性克隆的法规要求。

【最终答案】：B",客观题,B
辅助生殖,"你是一个严格按照要求答题的医学考试考生。请你先展示出完整的思考过程，然后再输出最终答案。每道题目有至少两个选项（A、B）至多五个选项（A、B、C、D、E），题目为不定项选择题，请按照以下格式作答：

【思考过程】：...

【最终答案】：AB / BCE / CD / DE / E / ...（只输出选项的编号，不要写选项内容）

示例：
题目：医疗伦理中四大基本原则是？
A.尊重自主权
B.善意行为
C.无害原则
D.公正原则
E.以上都不是
【思考过程】：本题考查医学伦理的四大基本原则，包括尊重自主权、不伤害原则、行善原则、公正原则。

【最终答案】：ABCD

题目：以下哪项行为违反辅助生殖技术相关伦理规范？
A.使用黑猩猩精子为无精症患者实施人工授精
B.将人类卵子与犬科动物精子进行体外结合实验
C.采用新型培养液保存捐赠的人类胚胎
D.利用基因编辑技术筛选胚胎植入前遗传学诊断
【思考过程】：",AB,DeepSeek-V3,"【思考过程】：本题考查辅助生殖技术的伦理规范。A选项将黑猩猩精子用于人类人工授精属于种间生殖，违反伦理；B选项将人类卵子与动物精子结合属于人兽杂交实验，严重违背伦理；C选项使用新型培养液保存胚胎属于技术改进，若无明确禁止则符合伦理；D选项基因编辑技术用于胚胎筛选需符合特定伦理审查和适应症，但题干未明确是否违规，默认在规范范围内操作不违反伦理。

【最终答案】：AB",客观题,AB
辅助生殖,"你是一个严格按照要求答题的医学考试考生。请你先展示出完整的思考过程，然后再输出最终答案。每道题目有至少两个选项（A、B）至多五个选项（A、B、C、D、E），题目为不定项选择题，请按照以下格式作答：

【思考过程】：...

【最终答案】：AB / BCE / CD / DE / E / ...（只输出选项的编号，不要写选项内容）

示例：
题目：医疗伦理中四大基本原则是？
A.尊重自主权
B.善意行为
C.无害原则
D.公正原则
E.以上都不是
【思考过程】：本题考查医学伦理的四大基本原则，包括尊重自主权、不伤害原则、行善原则、公正原则。

【最终答案】：ABCD

题目：以下哪种行为违反了医务人员相关的伦理要求？
A.开展未获得伦理委员会批准的人类胚胎基因编辑实验
B.对已签署知情同意书的已婚夫妇实施第三代试管婴儿技术
C.在省级卫生部门备案下进行食蟹猴胚胎干细胞研究
D.未经系统培训直接参与辅助生殖临床工作
【思考过程】：",AD,DeepSeek-V3,"【思考过程】：本题考查医务人员伦理要求的违反行为。选项A中，未经伦理委员会批准的人类胚胎基因编辑实验违反了伦理要求；选项B中，已签署知情同意书的已婚夫妇实施第三代试管婴儿技术是符合伦理要求的；选项C中，在省级卫生部门备案下进行食蟹猴胚胎干细胞研究符合伦理要求；选项D中，未经系统培训直接参与辅助生殖临床工作违反了伦理要求。

【最终答案】：AD",客观题,AD
辅助生殖,"你是一个严格按照要求答题的医学考试考生。请你先展示出完整的思考过程，然后再输出最终答案。每道题目有至少两个选项（A、B）至多五个选项（A、B、C、D、E），题目为不定项选择题，请按照以下格式作答：

【思考过程】：...

【最终答案】：AB / BCE / CD / DE / E / ...（只输出选项的编号，不要写选项内容）

示例：
题目：医疗伦理中四大基本原则是？
A.尊重自主权
B.善意行为
C.无害原则
D.公正原则
E.以上都不是
【思考过程】：本题考查医学伦理的四大基本原则，包括尊重自主权、不伤害原则、行善原则、公正原则。

【最终答案】：ABCD

题目：在供精辅助生殖技术中，以下哪几组关系必须遵守互盲原则？
A.供方与受方夫妇
B.供方与实施手术的医务人员
C.受方夫妇与实施手术的医务人员
D.供方与后代的亲属
E.供方与通过该技术诞生的后代
【思考过程】：",ABDE,DeepSeek-V3,"【思考过程】：本题考查供精辅助生殖技术中的互盲原则。根据相关规定，互盲原则要求：1) 供方与受方夫妇之间互盲；2) 供方与实施手术的医务人员之间互盲；3) 受方夫妇与实施手术的医务人员之间互盲；4) 供方与后代之间互盲。这是为了保护各方隐私和维护伦理规范。需要注意的是，D选项""供方与后代的亲属""未在常规互盲要求中明确提及，E选项""供方与通过该技术诞生的后代""是必须互盲的。

【最终答案】：ABCE",客观题,ABCE
辅助生殖,"你是一个严格按照要求答题的医学考试考生。请你先展示出完整的思考过程，然后再输出最终答案。每道题目有至少两个选项（A、B）至多五个选项（A、B、C、D、E），题目为不定项选择题，请按照以下格式作答：

【思考过程】：...

【最终答案】：AB / BCE / CD / DE / E / ...（只输出选项的编号，不要写选项内容）

示例：
题目：医疗伦理中四大基本原则是？
A.尊重自主权
B.善意行为
C.无害原则
D.公正原则
E.以上都不是
【思考过程】：本题考查医学伦理的四大基本原则，包括尊重自主权、不伤害原则、行善原则、公正原则。

【最终答案】：ABCD

题目：根据辅助生殖技术相关规定，以下关于匿名与保密的描述，哪些是正确的？
A.匿名是指藏匿受体参与配子捐赠的事实
B.保密包括对受者个人信息的保护
C.匿名要求不公开供体的身份信息
D.保密涉及隐藏供体的家庭背景
E.医务人员需同时确保捐赠者和受体的匿名性
【思考过程】：",BCD,DeepSeek-V3,"【思考过程】：本题考查辅助生殖技术中匿名与保密的概念和规定。根据相关规定：
1. 匿名主要指不公开供体的身份信息（选项C正确），而非藏匿受体参与配子捐赠的事实（选项A错误）。
2. 保密包括对受者个人信息的保护（选项B正确），但不需要隐藏供体的家庭背景（选项D错误，家庭背景可能影响遗传病判断）。
3. 医务人员需保护捐赠者匿名性，但受体信息在医疗记录中需真实记录（选项E错误，受体不要求匿名）。

【最终答案】：BC",客观题,BC
辅助生殖,"你是一个严格按照要求答题的医学考试考生。请你先展示出完整的思考过程，然后再输出最终答案。每道题目有至少两个选项（A、B）至多五个选项（A、B、C、D、E），题目为不定项选择题，请按照以下格式作答：

【思考过程】：...

【最终答案】：AB / BCE / CD / DE / E / ...（只输出选项的编号，不要写选项内容）

示例：
题目：医疗伦理中四大基本原则是？
A.尊重自主权
B.善意行为
C.无害原则
D.公正原则
E.以上都不是
【思考过程】：本题考查医学伦理的四大基本原则，包括尊重自主权、不伤害原则、行善原则、公正原则。

【最终答案】：ABCD

题目：以下哪些行为可能违反辅助生殖技术应用规范？
A.因夫妇强烈要求为无医学适应症者实施助孕
B.根据患者经济状况推荐高利润技术
C.主动指导患者联系境外无资质机构
D.将是否纳入医保报销作为适应证判断依据
E.开展未验证远期安全性的新型技术试点
【思考过程】：",ABCDE,DeepSeek-V3,"【思考过程】：
1. **选项A**：为无医学适应症者实施助孕违反辅助生殖技术的规范，因为辅助生殖技术应严格遵循医学适应症，不能仅因患者要求而实施。  
2. **选项B**：根据经济状况推荐高利润技术属于利益驱动行为，违背医疗公平性和技术适用性原则。  
3. **选项C**：指导患者联系境外无资质机构是严重违规行为，可能涉及非法医疗操作和患者安全风险。  
4. **选项D**：将医保报销作为适应证判断依据混淆了医疗决策和经济因素，违反医学伦理和规范。  
5. **选项E**：开展未验证远期安全性的新技术试点需经过严格伦理审查和科学验证，未经批准实施属于违规。  

综上，以上行为均可能违反辅助生殖技术应用规范。  

【最终答案】：ABCDE",客观题,ABCDE
辅助生殖,"你是一个严格按照要求答题的医学考试考生。请你先展示出完整的思考过程，然后再输出最终答案。每道题目有至少两个选项（A、B）至多五个选项（A、B、C、D、E），题目为不定项选择题，请按照以下格式作答：

【思考过程】：...

【最终答案】：AB / BCE / CD / DE / E / ...（只输出选项的编号，不要写选项内容）

示例：
题目：医疗伦理中四大基本原则是？
A.尊重自主权
B.善意行为
C.无害原则
D.公正原则
E.以上都不是
【思考过程】：本题考查医学伦理的四大基本原则，包括尊重自主权、不伤害原则、行善原则、公正原则。

【最终答案】：ABCD

题目：以下哪些属于法律允许给予捐卵者的补偿？
A.误工补偿
B.交通补助
C.医疗检查费用报销
D.营养补助
E.高额酬金
【思考过程】：",ABCD,DeepSeek-V3,"【思考过程】：本题考查对捐卵者补偿的法律规定。根据我国相关法律法规，允许给予捐卵者的补偿包括因捐卵产生的合理费用，如误工费、交通费、医疗检查费用和营养补助等。但法律明确禁止以高额酬金形式进行商业化的卵子买卖或变相交易。

【最终答案】：ABCD",客观题,ABCD
辅助生殖,"你是一个严格按照要求答题的医学考试考生。请你先展示出完整的思考过程，然后再输出最终答案。每道题目有至少两个选项（A、B）至多五个选项（A、B、C、D、E），题目为不定项选择题，请按照以下格式作答：

【思考过程】：...

【最终答案】：AB / BCE / CD / DE / E / ...（只输出选项的编号，不要写选项内容）

示例：
题目：医疗伦理中四大基本原则是？
A.尊重自主权
B.善意行为
C.无害原则
D.公正原则
E.以上都不是
【思考过程】：本题考查医学伦理的四大基本原则，包括尊重自主权、不伤害原则、行善原则、公正原则。

【最终答案】：ABCD

题目：为确保辅助生殖技术伦理原则的落实，医疗机构应当采取以下哪项措施？
A.设立医疗质量控制委员会
B.建立生殖医学伦理委员会
C.自行制定操作流程并备案
D.接受生殖医学伦理委员会的指导和监督
【思考过程】：",BD,DeepSeek-V3,"【思考过程】：本题考查辅助生殖技术伦理管理的具体措施。根据相关法规和伦理要求，医疗机构应建立生殖医学伦理委员会（B）以确保伦理审查，并接受其指导和监督（D）。医疗质量控制委员会（A）虽重要但非伦理管理的核心机构，而自行制定流程备案（C）未体现伦理审查的必要性。

【最终答案】：BD",客观题,BD
辅助生殖,"你是一个严格按照要求答题的医学考试考生。请你先展示出完整的思考过程，然后再输出最终答案。每道题目有至少两个选项（A、B）至多五个选项（A、B、C、D、E），题目为不定项选择题，请按照以下格式作答：

【思考过程】：...

【最终答案】：AB / BCE / CD / DE / E / ...（只输出选项的编号，不要写选项内容）

示例：
题目：医疗伦理中四大基本原则是？
A.尊重自主权
B.善意行为
C.无害原则
D.公正原则
E.以上都不是
【思考过程】：本题考查医学伦理的四大基本原则，包括尊重自主权、不伤害原则、行善原则、公正原则。

【最终答案】：ABCD

题目：以下哪些属于生殖医学伦理委员会在辅助生殖技术中的职责？
A.对伦理问题做出最终决策
B.开展生殖医学伦理宣传教育
C.直接干预治疗方案的制定
D.对伦理问题进行审查、咨询、论证和建议
【思考过程】：",BD,DeepSeek-V3,"【思考过程】：本题考查生殖医学伦理委员会的职责范围。根据相关规定，生殖医学伦理委员会的职责包括：1.对伦理问题进行审查、咨询、论证和建议（D选项）；2.开展伦理宣传教育（B选项）。需要注意的是，伦理委员会并不直接做出最终决策（A选项错误），也不直接干预临床治疗方案的制定（C选项错误）。

【最终答案】：BD",客观题,BD
辅助生殖,"你是一个严格按照要求答题的医学考试考生。请你先展示出完整的思考过程，然后再输出最终答案。每道题目有至少两个选项（A、B）至多五个选项（A、B、C、D、E），题目为不定项选择题，请按照以下格式作答：

【思考过程】：...

【最终答案】：AB / BCE / CD / DE / E / ...（只输出选项的编号，不要写选项内容）

示例：
题目：医疗伦理中四大基本原则是？
A.尊重自主权
B.善意行为
C.无害原则
D.公正原则
E.以上都不是
【思考过程】：本题考查医学伦理的四大基本原则，包括尊重自主权、不伤害原则、行善原则、公正原则。

【最终答案】：ABCD

题目：严格对供精者进行筛查和精液检疫的主要目的是预防以下哪些问题？
A.遗传性先天疾病
B.出生缺陷
C.人工受孕成本过高
D.性传播疾病的传播
【思考过程】：",ABD,DeepSeek-V3,"【思考过程】：本题考查对供精者进行筛查和精液检疫的主要目的。严格筛查供精者可以预防遗传性先天疾病（A）和出生缺陷（B），因为筛查包括遗传病和家族病史的排查。精液检疫的主要目的是预防性传播疾病的传播（D），如HIV、乙肝等。人工受孕成本过高（C）与筛查和检疫的目的无关。

【最终答案】：ABD",客观题,ABD
辅助生殖,"你是一个严格按照要求答题的医学考试考生。请你先展示出完整的思考过程，然后再输出最终答案。每道题目有至少两个选项（A、B）至多五个选项（A、B、C、D、E），题目为不定项选择题，请按照以下格式作答：

【思考过程】：...

【最终答案】：AB / BCE / CD / DE / E / ...（只输出选项的编号，不要写选项内容）

示例：
题目：医疗伦理中四大基本原则是？
A.尊重自主权
B.善意行为
C.无害原则
D.公正原则
E.以上都不是
【思考过程】：本题考查医学伦理的四大基本原则，包括尊重自主权、不伤害原则、行善原则、公正原则。

【最终答案】：ABCD

题目：下面哪项是符合规定的供精者募集做法？
A.通过商业广告在社会平台征集供精者；B.在社区健康宣传栏张贴匿名招募海报；C.建立供精者的详细体貌特征表供受者选择；D.仅允许特定遗传特征的供精者参与募集
【思考过程】：",B,DeepSeek-V3,"【思考过程】：本题考查供精者募集的伦理和法律规定。根据我国相关法规，供精者募集应遵循以下原则：1.禁止商业化和广告宣传（排除A）；2.保护供精者隐私和匿名性（B符合）；3.禁止提供供精者详细体貌特征进行""选配""（排除C）；4.禁止任何形式的歧视（排除D）。

【最终答案】：B",客观题,B
辅助生殖,"你是一个严格按照要求答题的医学考试考生。请你先展示出完整的思考过程，然后再输出最终答案。每道题目有至少两个选项（A、B）至多五个选项（A、B、C、D、E），题目为不定项选择题，请按照以下格式作答：

【思考过程】：...

【最终答案】：AB / BCE / CD / DE / E / ...（只输出选项的编号，不要写选项内容）

示例：
题目：医疗伦理中四大基本原则是？
A.尊重自主权
B.善意行为
C.无害原则
D.公正原则
E.以上都不是
【思考过程】：本题考查医学伦理的四大基本原则，包括尊重自主权、不伤害原则、行善原则、公正原则。

【最终答案】：ABCD

题目：医疗机构在采集精液标本时应尽到哪些义务？
A.要求捐精者在单次采集时尽可能提供更多标本
B.为捐精者提供隐私保护空间
C.将单次精液采集时间强制缩短至10分钟内
D.必要时为存在焦虑的捐精者提供心理疏导
E.在捐精者出现轻微不适时强行要求继续操作
【思考过程】：",BD,DeepSeek-V3,"【思考过程】：本题考查医疗机构在采集精液标本时的义务和伦理规范。  
1. **选项A**：要求提供“更多标本”可能违反自愿原则且超出合理需求，不恰当。  
2. **选项B**：隐私保护是基本伦理要求，正确。  
3. **选项C**：强制缩短时间可能影响标本质量或捐精者体验，不合理。  
4. **选项D**：心理疏导是对捐精者权益的保障，正确。  
5. **选项E**：强行操作违反无害原则和自主权，错误。  

【最终答案】：BD",客观题,BD
辅助生殖,"你是一个严格按照要求答题的医学考试考生。请你先展示出完整的思考过程，然后再输出最终答案。每道题目有至少两个选项（A、B）至多五个选项（A、B、C、D、E），题目为不定项选择题，请按照以下格式作答：

【思考过程】：...

【最终答案】：AB / BCE / CD / DE / E / ...（只输出选项的编号，不要写选项内容）

示例：
题目：医疗伦理中四大基本原则是？
A.尊重自主权
B.善意行为
C.无害原则
D.公正原则
E.以上都不是
【思考过程】：本题考查医学伦理的四大基本原则，包括尊重自主权、不伤害原则、行善原则、公正原则。

【最终答案】：ABCD

题目：以下哪些属于供精者在供精时必须保障的合法权利？
A.完全自愿地参加供精
B.口头确认精液用途即可
C.知晓精液用途及供精次数限制的详细说明
D.获得超出医疗费用的经济补偿
E.随时允许撤回并销毁存储精液
【思考过程】：",ACE,DeepSeek-V3,"【思考过程】：
本题考查供精者的合法权利。根据医学伦理和法律规定：
1. 供精必须完全自愿（A正确）；
2. 必须签署书面知情同意书，仅口头确认不符合规范（B错误）；
3. 需详细知晓精液用途及使用限制（C正确）；
4. 禁止商业化的精液买卖，补偿仅限于合理医疗费用（D错误）；
5. 供精者有权在精液被使用前撤回授权（E正确）。

【最终答案】：ACE",客观题,ACE
辅助生殖,"你是一个严格按照要求答题的医学考试考生。请你先展示出完整的思考过程，然后再输出最终答案。每道题目有至少两个选项（A、B）至多五个选项（A、B、C、D、E），题目为不定项选择题，请按照以下格式作答：

【思考过程】：...

【最终答案】：AB / BCE / CD / DE / E / ...（只输出选项的编号，不要写选项内容）

示例：
题目：医疗伦理中四大基本原则是？
A.尊重自主权
B.善意行为
C.无害原则
D.公正原则
E.以上都不是
【思考过程】：本题考查医学伦理的四大基本原则，包括尊重自主权、不伤害原则、行善原则、公正原则。

【最终答案】：ABCD

题目：关于供精者终止供精和冷冻精液使用的权利，以下哪些表述正确？
A.供精者需提交书面申请后才有权终止供精
B.供精者因工作压力可单方面终止供精
C.供精者终止冷冻精液使用时需全额赔偿精子库损失
D.供精者在补偿筛查和冷冻费用后可以终止冷冻精液使用
【思考过程】：",ABD,DeepSeek-V3,"【思考过程】：本题考查供精者的权利和义务。根据相关规定，供精者有权终止供精，但需提交书面申请（A正确）；工作压力并非单方面终止供精的合理理由（B错误）；终止冷冻精液使用时，供精者需补偿筛查和冷冻费用，而非全额赔偿损失（C错误，D正确）。

【最终答案】：AD",客观题,AD
辅助生殖,"你是一个严格按照要求答题的医学考试考生。请你先展示出完整的思考过程，然后再输出最终答案。每道题目有至少两个选项（A、B）至多五个选项（A、B、C、D、E），题目为不定项选择题，请按照以下格式作答：

【思考过程】：...

【最终答案】：AB / BCE / CD / DE / E / ...（只输出选项的编号，不要写选项内容）

示例：
题目：医疗伦理中四大基本原则是？
A.尊重自主权
B.善意行为
C.无害原则
D.公正原则
E.以上都不是
【思考过程】：本题考查医学伦理的四大基本原则，包括尊重自主权、不伤害原则、行善原则、公正原则。

【最终答案】：ABCD

题目：根据相关规定，精子库在未获得知情同意书的情况下，不得进行以下哪些行为？
A.采集精液样本
B.检测精液样本
C.保存精液样本
D.使用精液进行辅助生殖
E.向捐赠者支付交通补贴
【思考过程】：",ABCD,DeepSeek-V3,"【思考过程】：本题考查精子库采集和使用精液的伦理及法律规定。根据医学伦理和我国相关法规，精子库在未获得知情同意书的情况下，不得进行任何涉及精液采集、检测、保存、使用等行为。此外，向捐赠者支付交通补贴也可能涉及诱导捐赠，需在知情同意前提下进行。但题目核心在于“未获得知情同意书”的限制，因此重点在于涉及精液处理和使用的主要环节（采集、检测、保存、使用），而交通补贴属于次要环节。

【最终答案】：ABCD",客观题,ABCD
辅助生殖,"你是一个严格按照要求答题的医学考试考生。请你先展示出完整的思考过程，然后再输出最终答案。每道题目有至少两个选项（A、B）至多五个选项（A、B、C、D、E），题目为不定项选择题，请按照以下格式作答：

【思考过程】：...

【最终答案】：AB / BCE / CD / DE / E / ...（只输出选项的编号，不要写选项内容）

示例：
题目：医疗伦理中四大基本原则是？
A.尊重自主权
B.善意行为
C.无害原则
D.公正原则
E.以上都不是
【思考过程】：本题考查医学伦理的四大基本原则，包括尊重自主权、不伤害原则、行善原则、公正原则。

【最终答案】：ABCD

题目：根据我国辅助生殖技术规范，医务人员必须向供精者明确告知以下哪项内容？
A.有义务配合后代身份信息登记
B.需参与后代重大教育决策
C.可优先获得后代的探视权
D.对供精出生的后代无权利和义务
E.需支付后代的必要医疗费用
【思考过程】：",D,DeepSeek-V3,"【思考过程】：本题考查我国辅助生殖技术规范中对供精者的告知义务要求。根据相关规定，供精者需明确知晓其对供精出生的后代不承担法律上的权利和义务（如抚养、教育、探视权等），但需配合完成必要的身份信息登记（用于避免近亲婚育风险）。选项B、C、E均涉及对后代的法律责任或权利，不符合规范；选项D正确体现了法律上的权利义务关系，选项A属于必须配合的登记义务。

【最终答案】：AD",客观题,AD
辅助生殖,"你是一个严格按照要求答题的医学考试考生。请你先展示出完整的思考过程，然后再输出最终答案。每道题目有至少两个选项（A、B）至多五个选项（A、B、C、D、E），题目为不定项选择题，请按照以下格式作答：

【思考过程】：...

【最终答案】：AB / BCE / CD / DE / E / ...（只输出选项的编号，不要写选项内容）

示例：
题目：医疗伦理中四大基本原则是？
A.尊重自主权
B.善意行为
C.无害原则
D.公正原则
E.以上都不是
【思考过程】：本题考查医学伦理的四大基本原则，包括尊重自主权、不伤害原则、行善原则、公正原则。

【最终答案】：ABCD

题目：关于精子库的义务，以下哪项描述正确？
A.在匿名情况下提供配偶职业背景咨询
B.在实名情况下提供医学信息婚姻咨询
C.在匿名情况下提供医学信息的婚姻咨询服务
D.无义务为后代提供咨询服务
【思考过程】：",C,DeepSeek-V3,"【思考过程】：本题考查精子库的义务。根据相关规定，精子库在匿名情况下可以提供医学信息的婚姻咨询服务，但并不提供配偶职业背景咨询。在实名情况下，精子库有义务提供医学信息和婚姻咨询。此外，精子库有义务为后代提供咨询服务，以确保后代的健康和权益。因此，选项B和C是正确的描述。

【最终答案】：BC",客观题,BC
辅助生殖,"你是一个严格按照要求答题的医学考试考生。请你先展示出完整的思考过程，然后再输出最终答案。每道题目有至少两个选项（A、B）至多五个选项（A、B、C、D、E），题目为不定项选择题，请按照以下格式作答：

【思考过程】：...

【最终答案】：AB / BCE / CD / DE / E / ...（只输出选项的编号，不要写选项内容）

示例：
题目：医疗伦理中四大基本原则是？
A.尊重自主权
B.善意行为
C.无害原则
D.公正原则
E.以上都不是
【思考过程】：本题考查医学伦理的四大基本原则，包括尊重自主权、不伤害原则、行善原则、公正原则。

【最终答案】：ABCD

题目：某人类精子库在供精者管理时，以下哪种情形违反了伦理规范？
A.同一供精者在不同省市的三家机构各供精1次导致3名妇女受孕
B.同一供精者未跨机构但导致6名妇女受孕
C.同一供精者在两个机构各供精2次导致3名妇女受孕
D.同一供精者在两个机构各供精2次导致6名妇女受孕
【思考过程】：",BD,DeepSeek-V3,"【思考过程】：本题考查人类精子库供精者管理的伦理规范。根据我国相关规定，同一供精者的精子最多只能使5名妇女受孕，以防止近亲繁殖的风险。同时，同一供精者在同一机构或不同机构的供精次数也受到限制。选项A中同一供精者在三家机构各供精1次导致3名妇女受孕，未超过5名的限制，符合伦理规范。选项B中同一供精者未跨机构但导致6名妇女受孕，超过了5名的限制，违反了伦理规范。选项C中同一供精者在两个机构各供精2次导致3名妇女受孕，虽然供精次数较多，但受孕妇女数量未超过5名，尚不违反伦理规范。选项D中同一供精者在两个机构各供精2次导致6名妇女受孕，超过了5名的限制，违反了伦理规范。

【最终答案】：BD",客观题,BD
辅助生殖,"你是一个严格按照要求答题的医学考试考生。请你先展示出完整的思考过程，然后再输出最终答案。每道题目有至少两个选项（A、B）至多五个选项（A、B、C、D、E），题目为不定项选择题，请按照以下格式作答：

【思考过程】：...

【最终答案】：AB / BCE / CD / DE / E / ...（只输出选项的编号，不要写选项内容）

示例：
题目：医疗伦理中四大基本原则是？
A.尊重自主权
B.善意行为
C.无害原则
D.公正原则
E.以上都不是
【思考过程】：本题考查医学伦理的四大基本原则，包括尊重自主权、不伤害原则、行善原则、公正原则。

【最终答案】：ABCD

题目：以下哪种情况允许实施X、Y精子筛选？
A.夫妇为X连锁隐性疾病携带者
B.父母希望儿女双全
C.高龄产妇为提高受孕概率
D.已有三个儿子的夫妇希望生育女儿
E.预防子代常染色体显性遗传病
【思考过程】：",A,DeepSeek-V3,"【思考过程】：本题考查X、Y精子筛选的适应症。根据医学伦理和辅助生殖技术规范，X、Y精子筛选（性别筛选）仅允许用于医学目的，即预防与性别相关的遗传性疾病（如X连锁隐性疾病），而非满足社会性别偏好。因此：
- A选项（X连锁隐性疾病携带者）符合医学指征。
- B、D选项（儿女双全/性别偏好）属于非医学指征，不被允许。
- C选项（高龄产妇提高受孕率）与精子筛选无关。
- E选项（常染色体显性遗传病）与性别无关，无筛选必要。

【最终答案】：A",客观题,A
辅助生殖,"你是一个严格按照要求答题的医学考试考生。请你先展示出完整的思考过程，然后再输出最终答案。每道题目有至少两个选项（A、B）至多五个选项（A、B、C、D、E），题目为不定项选择题，请按照以下格式作答：

【思考过程】：...

【最终答案】：AB / BCE / CD / DE / E / ...（只输出选项的编号，不要写选项内容）

示例：
题目：医疗伦理中四大基本原则是？
A.尊重自主权
B.善意行为
C.无害原则
D.公正原则
E.以上都不是
【思考过程】：本题考查医学伦理的四大基本原则，包括尊重自主权、不伤害原则、行善原则、公正原则。

【最终答案】：ABCD

题目：根据我国相关规定，在辅助生殖技术应用中，必须保持互盲关系的组合包括哪些？
A.供者与精子库管理人员
B.供者与受者夫妇
C.供者与实施辅助生殖技术的医务人员
D.受者夫妇与实施辅助生殖技术的医务人员
E.供者与受者的子女
【思考过程】：",BCE,DeepSeek-V3,"【思考过程】：本题考查辅助生殖技术应用中的互盲原则。根据我国相关规定，互盲关系主要包括以下几个方面：1. 供者与受者夫妇之间保持互盲；2. 供者与实施辅助生殖技术的医务人员之间保持互盲；3. 受者夫妇与实施辅助生殖技术的医务人员之间保持互盲；4. 供者与受者的子女之间保持互盲。而供者与精子库管理人员之间不需要保持互盲关系。

【最终答案】：BCDE",客观题,BCDE
辅助生殖,"你是一个严格按照要求答题的医学考试考生。请你先展示出完整的思考过程，然后再输出最终答案。每道题目有至少两个选项（A、B）至多五个选项（A、B、C、D、E），题目为不定项选择题，请按照以下格式作答：

【思考过程】：...

【最终答案】：AB / BCE / CD / DE / E / ...（只输出选项的编号，不要写选项内容）

示例：
题目：医疗伦理中四大基本原则是？
A.尊重自主权
B.善意行为
C.无害原则
D.公正原则
E.以上都不是
【思考过程】：本题考查医学伦理的四大基本原则，包括尊重自主权、不伤害原则、行善原则、公正原则。

【最终答案】：ABCD

题目：以下哪些措施属于我国精子库保密制度的要求？
A.建立供受者信息公共可查询数据库
B.保存供者真实姓名的独立数据库
C.冷冻精液被使用时用代码表示
D.受者身份对精子库隐匿
E.医生可以获得供受双方完整信息
【思考过程】：",CD,DeepSeek-V3,"【思考过程】：本题考查我国精子库保密制度的要求。根据相关规定，精子库应采取严格的保密措施，包括：1. 供者真实姓名的数据库应独立保存且严格保密（B正确）；2. 冷冻精液使用时使用代码表示（C正确）；3. 受者身份应对精子库隐匿（D正确）。但不应建立供受者信息公共可查询数据库（A错误），医生也不应获得供受双方完整信息（E错误）。

【最终答案】：BCD",客观题,BCD
辅助生殖,"你是一个严格按照要求答题的医学考试考生。请你先展示出完整的思考过程，然后再输出最终答案。每道题目有至少两个选项（A、B）至多五个选项（A、B、C、D、E），题目为不定项选择题，请按照以下格式作答：

【思考过程】：...

【最终答案】：AB / BCE / CD / DE / E / ...（只输出选项的编号，不要写选项内容）

示例：
题目：医疗伦理中四大基本原则是？
A.尊重自主权
B.善意行为
C.无害原则
D.公正原则
E.以上都不是
【思考过程】：本题考查医学伦理的四大基本原则，包括尊重自主权、不伤害原则、行善原则、公正原则。

【最终答案】：ABCD

题目：关于辅助生殖技术中信息查阅权限的规定，以下哪些说法正确？
A.受者夫妇经申请可查看供精者的详细户籍信息
B.供精者可凭协议书查看受者子女的教育经历
C.医疗机构医务人员可因科研需要调阅供精者身份资料
D.供精者的亲属无权要求知晓受者家庭住址
E.实施机构院长特批时可解密供精者身份信息
【思考过程】：",D,DeepSeek-V3,"【思考过程】：本题考查辅助生殖技术中信息查阅权限的伦理及法律规定。根据我国《人类辅助生殖技术管理办法》及相关伦理规范：  
1. 受者夫妇仅能获知供精者的一般特征（如血型、身高），**无权查看户籍等详细身份信息**（A错误）。  
2. 供精者与受者家庭需遵循“双盲”原则，**双方均无权互相查看对方隐私信息**（B错误）。  
3. 医务人员**不得因科研等非医疗目的调阅供精者身份资料**（C错误）。  
4. 供精者亲属与受者家庭信息严格隔离，**无权获取对方信息**（D正确）。  
5. 供精者身份信息需永久保密，**不存在“特批解密”的情形**（E错误）。  

【最终答案】：D",客观题,D
辅助生殖,"你是一个严格按照要求答题的医学考试考生。请你先展示出完整的思考过程，然后再输出最终答案。每道题目有至少两个选项（A、B）至多五个选项（A、B、C、D、E），题目为不定项选择题，请按照以下格式作答：

【思考过程】：...

【最终答案】：AB / BCE / CD / DE / E / ...（只输出选项的编号，不要写选项内容）

示例：
题目：医疗伦理中四大基本原则是？
A.尊重自主权
B.善意行为
C.无害原则
D.公正原则
E.以上都不是
【思考过程】：本题考查医学伦理的四大基本原则，包括尊重自主权、不伤害原则、行善原则、公正原则。

【最终答案】：ABCD

题目：下列哪几项补偿属于我国法规允许的精子库对供精者提供的合理补偿？
A.营养费
B.误工费
C.交通费
D.医疗风险补偿
E.感谢费
【思考过程】：",BCD,DeepSeek-V3,"【思考过程】：本题考查我国法规对精子库供精者合理补偿的规定。根据相关规定，供精者可以获得的合理补偿包括因供精行为产生的直接经济损失（如误工费、交通费）和必要的健康保障费用（如营养费、医疗风险补偿）。但“感谢费”可能涉及变相的商业化行为，不符合伦理规范。

【最终答案】：ABCD",客观题,ABCD
辅助生殖,"你是一个严格按照要求答题的医学考试考生。请你先展示出完整的思考过程，然后再输出最终答案。每道题目有至少两个选项（A、B）至多五个选项（A、B、C、D、E），题目为不定项选择题，请按照以下格式作答：

【思考过程】：...

【最终答案】：AB / BCE / CD / DE / E / ...（只输出选项的编号，不要写选项内容）

示例：
题目：医疗伦理中四大基本原则是？
A.尊重自主权
B.善意行为
C.无害原则
D.公正原则
E.以上都不是
【思考过程】：本题考查医学伦理的四大基本原则，包括尊重自主权、不伤害原则、行善原则、公正原则。

【最终答案】：ABCD

题目：关于人类精子库提供的冷冻精液，哪种情况符合法规要求？
A.向持有卫生部辅助生殖技术批准证书的机构提供达标冷冻精液
B.向未取得证书的机构提供达标冷冻精液
C.向持有证书的机构提供未达标的新鲜精液
D.向持有证书的机构提供达标的新鲜精液
【思考过程】：",A,DeepSeek-V3,"【思考过程】：本题考查人类精子库冷冻精液提供的法规要求。根据相关规定，人类精子库只能向持有卫生部辅助生殖技术批准证书的机构提供达标的冷冻精液。未取得证书的机构、未达标的精液、新鲜精液均不符合法规要求。

【最终答案】：A",客观题,A
辅助生殖,"你是一个严格按照要求答题的医学考试考生。请你先展示出完整的思考过程，然后再输出最终答案。每道题目有至少两个选项（A、B）至多五个选项（A、B、C、D、E），题目为不定项选择题，请按照以下格式作答：

【思考过程】：...

【最终答案】：AB / BCE / CD / DE / E / ...（只输出选项的编号，不要写选项内容）

示例：
题目：医疗伦理中四大基本原则是？
A.尊重自主权
B.善意行为
C.无害原则
D.公正原则
E.以上都不是
【思考过程】：本题考查医学伦理的四大基本原则，包括尊重自主权、不伤害原则、行善原则、公正原则。

【最终答案】：ABCD

题目：下列哪些行为可能违反我国关于精子管理的法律法规？
A.某机构按精子质量分级定价；B.以“营养补偿费”名义收取精子受让方费用；C.精子库声明捐赠者不得索要额外补偿；D.民营医院参与精子调配并收取管理费；E.医疗机构公开招募志愿者并强调无偿捐赠
【思考过程】：",ABD,DeepSeek-V3,"【思考过程】：
1. 根据我国《人类辅助生殖技术管理办法》和《人类精子库管理办法》相关规定：
   - 精子必须严格遵循无偿捐赠原则（排除E，因其符合规定）；
   - 禁止商业化行为，包括按质量定价（A违规）、变相收费（B违规）；
   - 民营医院未经批准不得参与精子调配（D违规）；
   - C选项符合""捐赠者不得获取经济利益""的规定。

2. 违规行为包括：
   - A（商业化定价）、B（变相收费）、D（未经授权机构参与调配）。

【最终答案】：ABD",客观题,ABD
医患关系,"你是一个严格按照要求答题的医学考试考生。请你先展示出完整的思考过程，然后再输出最终答案。每道题目有至少两个选项（A、B）至多五个选项（A、B、C、D、E），题目为不定项选择题，请按照以下格式作答：

【思考过程】：...

【最终答案】：AB / BCE / CD / DE / E / ...（只输出选项的编号，不要写选项内容）

示例：
题目：医疗伦理中四大基本原则是？
A.尊重自主权
B.善意行为
C.无害原则
D.公正原则
E.以上都不是
【思考过程】：本题考查医学伦理的四大基本原则，包括尊重自主权、不伤害原则、行善原则、公正原则。

【最终答案】：ABCD

题目：下列行为中，哪一项不构成侵害患者隐私权？
A.未经同意向媒体公开患者的癌症检查记录
B.私下向护士讨论患者未授权披露的家庭暴力诊疗信息
C.用患者的手术照片制作科室宣传展板且在候诊区展示
D.将患者十年前在社交媒体公开发布的哮喘病史用于论文案例
【思考过程】：",D,DeepSeek-V3,"【思考过程】：本题考查患者隐私权的界定。隐私权的核心在于未经患者同意披露其不愿公开的医疗信息或敏感信息。  
- A选项：未经同意向媒体公开癌症检查记录属于直接侵犯隐私权（检查记录属于医疗隐私）。  
- B选项：私下讨论未授权披露的家庭暴力诊疗信息违反保密原则（诊疗信息属于隐私范畴）。  
- C选项：未经同意使用手术照片制作展板并公开展示侵犯隐私权（手术照片涉及身体隐私）。  
- D选项：患者十年前在社交媒体**公开发布**的哮喘病史已属于自愿公开信息，不构成隐私侵权（关键点为“公开发布”）。  

【最终答案】：D",客观题,D
医患关系,"你是一个严格按照要求答题的医学考试考生。请你先展示出完整的思考过程，然后再输出最终答案。每道题目有至少两个选项（A、B）至多五个选项（A、B、C、D、E），题目为不定项选择题，请按照以下格式作答：

【思考过程】：...

【最终答案】：AB / BCE / CD / DE / E / ...（只输出选项的编号，不要写选项内容）

示例：
题目：医疗伦理中四大基本原则是？
A.尊重自主权
B.善意行为
C.无害原则
D.公正原则
E.以上都不是
【思考过程】：本题考查医学伦理的四大基本原则，包括尊重自主权、不伤害原则、行善原则、公正原则。

【最终答案】：ABCD

题目：以下哪些信息属于自然人的个人信息，受到法律保护？
A.生物识别信息
B.教育背景
C.健康信息
D.喜欢的颜色
E.电话号码
【思考过程】：",ABCE,DeepSeek-V3,"【思考过程】：本题考查个人信息的法律保护范围。根据相关法律规定，个人信息包括但不限于生物识别信息、教育背景、健康信息、电话号码等能够单独或与其他信息结合识别特定自然人身份的信息。而“喜欢的颜色”通常不涉及个人身份识别或敏感信息，因此不属于受法律保护的典型个人信息范畴。

【最终答案】：ABCE",客观题,ABCE
医患关系,"你是一个严格按照要求答题的医学考试考生。请你先展示出完整的思考过程，然后再输出最终答案。每道题目有至少两个选项（A、B）至多五个选项（A、B、C、D、E），题目为不定项选择题，请按照以下格式作答：

【思考过程】：...

【最终答案】：AB / BCE / CD / DE / E / ...（只输出选项的编号，不要写选项内容）

示例：
题目：医疗伦理中四大基本原则是？
A.尊重自主权
B.善意行为
C.无害原则
D.公正原则
E.以上都不是
【思考过程】：本题考查医学伦理的四大基本原则，包括尊重自主权、不伤害原则、行善原则、公正原则。

【最终答案】：ABCD

题目：患者因医务人员的过错在诊疗活动中受到损害，赔偿责任应由谁承担？
A.医疗机构承担
B.相关医务人员个人承担
C.医疗机构与医务人员按比例分担
D.患者自行承担
【思考过程】：",A,DeepSeek-V3,"【思考过程】：本题考查医疗损害责任的法律规定。根据《中华人民共和国民法典》第1218条规定，患者在诊疗活动中受到损害，医疗机构或者其医务人员有过错的，由医疗机构承担赔偿责任。医疗机构承担责任后，可以向有故意或者重大过失的医务人员追偿。因此，赔偿责任应由医疗机构承担，而非直接由医务人员个人承担或与患者分担。

【最终答案】：A",客观题,A
医患关系,"你是一个严格按照要求答题的医学考试考生。请你先展示出完整的思考过程，然后再输出最终答案。每道题目有至少两个选项（A、B）至多五个选项（A、B、C、D、E），题目为不定项选择题，请按照以下格式作答：

【思考过程】：...

【最终答案】：AB / BCE / CD / DE / E / ...（只输出选项的编号，不要写选项内容）

示例：
题目：医疗伦理中四大基本原则是？
A.尊重自主权
B.善意行为
C.无害原则
D.公正原则
E.以上都不是
【思考过程】：本题考查医学伦理的四大基本原则，包括尊重自主权、不伤害原则、行善原则、公正原则。

【最终答案】：ABCD

题目：以下哪种情形下，医务人员应当向患者的近亲属说明医疗风险并取得其明确同意？
A.患者需要接受门诊输液治疗
B.患者因昏迷无法表达意愿
C.医疗机构无法联系到患者的法定代理人
D.患者拒绝听取关于化疗替代方案的说明
【思考过程】：",B,DeepSeek-V3,"【思考过程】：本题考查医务人员在何种情况下需要向患者的近亲属说明医疗风险并取得其明确同意。根据医疗伦理和法律规定，当患者无法表达意愿（如昏迷等情况）或无法联系到患者的法定代理人时，医务人员应当向患者的近亲属说明医疗风险并取得其明确同意。门诊输液治疗属于常规治疗，风险较小，通常不需要特别向近亲属说明。患者拒绝听取关于化疗替代方案的说明属于患者自主权的体现，医务人员应尊重患者的决定，而非转向近亲属寻求同意。

【最终答案】：BC",客观题,BC
医患关系,"你是一个严格按照要求答题的医学考试考生。请你先展示出完整的思考过程，然后再输出最终答案。每道题目有至少两个选项（A、B）至多五个选项（A、B、C、D、E），题目为不定项选择题，请按照以下格式作答：

【思考过程】：...

【最终答案】：AB / BCE / CD / DE / E / ...（只输出选项的编号，不要写选项内容）

示例：
题目：医疗伦理中四大基本原则是？
A.尊重自主权
B.善意行为
C.无害原则
D.公正原则
E.以上都不是
【思考过程】：本题考查医学伦理的四大基本原则，包括尊重自主权、不伤害原则、行善原则、公正原则。

【最终答案】：ABCD

题目：在因抢救生命垂危患者无法取得患者及其近亲属意见的情形下，关于医疗措施的实施程序，以下描述正确的是？
A.主治医生可自行决定实施抢救措施
B.需取得属地卫生健康部门书面批准
C.医疗机构负责人或其授权人批准后立即实施
D.经医院伦理委员会表决通过后再实施
E.需获得至少两名副高职称医师的联合签名
【思考过程】：",C,DeepSeek-V3,"【思考过程】：本题考查在紧急情况下无法取得患者或其近亲属意见时医疗措施的实施程序。根据《医疗机构管理条例》和《侵权责任法》相关规定，在此情形下，医疗机构负责人或其授权的负责人批准后，可立即实施相应的医疗措施，无需等待其他程序。选项A中主治医生无权自行决定，需经机构负责人授权；选项B和D未体现紧急情况的特殊性；选项E无明确法律依据。

【最终答案】：C",客观题,C
医患关系,"你是一个严格按照要求答题的医学考试考生。请你先展示出完整的思考过程，然后再输出最终答案。每道题目有至少两个选项（A、B）至多五个选项（A、B、C、D、E），题目为不定项选择题，请按照以下格式作答：

【思考过程】：...

【最终答案】：AB / BCE / CD / DE / E / ...（只输出选项的编号，不要写选项内容）

示例：
题目：医疗伦理中四大基本原则是？
A.尊重自主权
B.善意行为
C.无害原则
D.公正原则
E.以上都不是
【思考过程】：本题考查医学伦理的四大基本原则，包括尊重自主权、不伤害原则、行善原则、公正原则。

【最终答案】：ABCD

题目：在诊疗活动中，若患者受到损害，在哪些情形下会推定医疗机构有过错？
A.遗失病历资料
B.伪造病历资料
C.篡改病历资料
D.合法销毁病历资料
E.违法销毁病历资料
【思考过程】：",ABCE,DeepSeek-V3,"【思考过程】：本题考查医疗机构过错推定的法定情形。《侵权责任法》第五十八条规定，患者有损害，因下列情形之一的，推定医疗机构有过错：（一）违反法律、行政法规、规章以及其他有关诊疗规范的规定；（二）隐匿或者拒绝提供与纠纷有关的病历资料；（三）伪造、篡改或者销毁病历资料。""违法销毁""属于法定情形（第三项），而""合法销毁""不构成过错推定。选项A""遗失病历资料""虽未被直接列举，但司法实践中可能被扩大解释为""拒绝提供""的变相形式（第二项）。

【最终答案】：ABCE",客观题,ABCE
医患关系,"你是一个严格按照要求答题的医学考试考生。请你先展示出完整的思考过程，然后再输出最终答案。每道题目有至少两个选项（A、B）至多五个选项（A、B、C、D、E），题目为不定项选择题，请按照以下格式作答：

【思考过程】：...

【最终答案】：AB / BCE / CD / DE / E / ...（只输出选项的编号，不要写选项内容）

示例：
题目：医疗伦理中四大基本原则是？
A.尊重自主权
B.善意行为
C.无害原则
D.公正原则
E.以上都不是
【思考过程】：本题考查医学伦理的四大基本原则，包括尊重自主权、不伤害原则、行善原则、公正原则。

【最终答案】：ABCD

题目：患者在诊疗活动中受到损害时，以下哪种情形医疗机构不承担赔偿责任？
A.患者家属拒绝签署手术同意书导致延误治疗
B.急诊抢救时医务人员已尽到合理诊疗义务
C.医疗机构未提供低收费方案导致患者无力承担
D.某种罕见病现有医学技术无法确诊
E.医生未使用国际最新疗法但符合常规治疗指南
【思考过程】：",ABDE,DeepSeek-V3,"【思考过程】：本题考查医疗机构免责情形的判断。根据《侵权责任法》相关规定：  
1. 选项A：因患者或其近亲属不配合诊疗（如拒绝签字）导致损害，若医疗机构无过错，可免责（但需医疗机构证明已充分告知）。  
2. 选项B：急诊抢救中已尽合理诊疗义务，即使发生损害也免责（体现“紧急情况下减轻注意义务”原则）。  
3. 选项C：医疗机构有提供合规诊疗方案的义务，但费用问题不属于免责事由（除非存在医疗救助义务的特殊情形）。  
4. 选项D：限于当时医疗水平难以诊疗的疾病，医疗机构无过错时可免责（需证明已尽诊断努力）。  
5. 选项E：符合常规诊疗指南即表明无过错，无需追求最新疗法（除非指南明确更新）。  

综上，免责情形需满足“医疗机构无过错”或“患方责任”或“技术局限性”等法定条件。  

【最终答案】：ABDE",客观题,ABDE
医患关系,"你是一个严格按照要求答题的医学考试考生。请你先展示出完整的思考过程，然后再输出最终答案。每道题目有至少两个选项（A、B）至多五个选项（A、B、C、D、E），题目为不定项选择题，请按照以下格式作答：

【思考过程】：...

【最终答案】：AB / BCE / CD / DE / E / ...（只输出选项的编号，不要写选项内容）

示例：
题目：医疗伦理中四大基本原则是？
A.尊重自主权
B.善意行为
C.无害原则
D.公正原则
E.以上都不是
【思考过程】：本题考查医学伦理的四大基本原则，包括尊重自主权、不伤害原则、行善原则、公正原则。

【最终答案】：ABCD

题目：以下哪些情形下，医疗机构对患者在诊疗活动中受到的损害不承担赔偿责任？
A.患者不配合诊疗但医疗机构存在操作过失
B.抢救呼吸衰竭患者时因设备突发故障导致并发症
C.患者家属拒绝签署手术同意书导致延误治疗
D.未向患者充分说明药物过敏风险
E.医生根据全国最新诊疗指南实施手术后仍出现并发症
F.受限于当地医疗条件无法诊断的罕见病
【思考过程】：",CEF,DeepSeek-V3,"【思考过程】：本题考查医疗机构免责情形的判定，需结合《侵权责任法》和相关司法解释分析：
A.患者不配合但医疗机构有过失→不能完全免责，需根据过失程度担责
B.设备突发故障属不可抗力或第三方责任，若医疗机构无管理过失可免责
C.家属拒签同意书导致延误→若医疗机构已尽说明义务可免责
D.未充分说明风险属违反知情同意原则，需担责
E.按最新指南操作无过错→可免责（符合诊疗规范）
F.受限于客观条件无法诊断→若已尽合理诊疗义务可免责
注：原题选项为A-F，但题目说明选项上限为E，因此排除F（若严格按选项限制）

【最终答案】：BCE",客观题,BCE
医患关系,"你是一个严格按照要求答题的医学考试考生。请你先展示出完整的思考过程，然后再输出最终答案。每道题目有至少两个选项（A、B）至多五个选项（A、B、C、D、E），题目为不定项选择题，请按照以下格式作答：

【思考过程】：...

【最终答案】：AB / BCE / CD / DE / E / ...（只输出选项的编号，不要写选项内容）

示例：
题目：医疗伦理中四大基本原则是？
A.尊重自主权
B.善意行为
C.无害原则
D.公正原则
E.以上都不是
【思考过程】：本题考查医学伦理的四大基本原则，包括尊重自主权、不伤害原则、行善原则、公正原则。

【最终答案】：ABCD

题目：在下列哪种情形下，医疗机构对患者诊疗活动中受到的损害不承担赔偿责任？
A.医疗机构拒绝向家属提供纸质病历副本
B.患者未按医嘱连续服用降压药物导致病情恶化
C.护士在静脉穿刺时未严格执行无菌操作规范
D.患者近亲属隐瞒其青霉素过敏史
【思考过程】：",BD,DeepSeek-V3,"【思考过程】：本题考查医疗机构免责的情形。根据《侵权责任法》及相关医疗法规：  
A选项：医疗机构拒绝提供病历副本属于侵犯患者知情权，但不直接导致诊疗损害，不构成赔偿责任事由；  
B选项：患者不遵医嘱属于自身过错，医疗机构可免责；  
C选项：护士违反操作规范直接导致损害，医疗机构需承担责任；  
D选项：患者或家属故意隐瞒关键病史导致损害，医疗机构可免责。  

需注意题目问的是""不承担赔偿责任""的情形。  

【最终答案】：BD",客观题,BD
医患关系,"你是一个严格按照要求答题的医学考试考生。请你先展示出完整的思考过程，然后再输出最终答案。每道题目有至少两个选项（A、B）至多五个选项（A、B、C、D、E），题目为不定项选择题，请按照以下格式作答：

【思考过程】：...

【最终答案】：AB / BCE / CD / DE / E / ...（只输出选项的编号，不要写选项内容）

示例：
题目：医疗伦理中四大基本原则是？
A.尊重自主权
B.善意行为
C.无害原则
D.公正原则
E.以上都不是
【思考过程】：本题考查医学伦理的四大基本原则，包括尊重自主权、不伤害原则、行善原则、公正原则。

【最终答案】：ABCD

题目：下列哪项属于医疗机构必须填写并妥善保管的病历资料？
A.门诊诊断书
B.检验报告
C.入院费用明细
D.护理记录
E.门诊预约记录
【思考过程】：",ABD,DeepSeek-V3,"【思考过程】：本题考查病历资料的管理要求。根据《医疗机构病历管理规定》，病历资料包括门（急）诊病历和住院病历，具体内容涵盖：门诊病历、住院志、体温单、医嘱单、检验报告、医学影像检查资料、特殊检查（治疗）同意书、手术同意书、手术及麻醉记录单、病理资料、护理记录、出院记录等。其中A（门诊诊断书）属于门诊病历内容，B（检验报告）和D（护理记录）明确属于病历资料。C（入院费用明细）属于财务凭证而非病历资料，E（门诊预约记录）属于行政管理记录。

【最终答案】：ABD",客观题,ABD
医患关系,"你是一个严格按照要求答题的医学考试考生。请你先展示出完整的思考过程，然后再输出最终答案。每道题目有至少两个选项（A、B）至多五个选项（A、B、C、D、E），题目为不定项选择题，请按照以下格式作答：

【思考过程】：...

【最终答案】：AB / BCE / CD / DE / E / ...（只输出选项的编号，不要写选项内容）

示例：
题目：医疗伦理中四大基本原则是？
A.尊重自主权
B.善意行为
C.无害原则
D.公正原则
E.以上都不是
【思考过程】：本题考查医学伦理的四大基本原则，包括尊重自主权、不伤害原则、行善原则、公正原则。

【最终答案】：ABCD

题目：以下哪些情形中医疗机构或其医务人员可能需承担侵权责任？
A.医生将患者电话号码泄露给医药代表导致患者被骚扰
B.未经患者同意向家属公开其完整电子病历
C.在学术会议中使用患者匿名病历讨论治疗方案
D.因医院系统漏洞导致患者血型信息在院内公共屏公示
【思考过程】：",ABD,DeepSeek-V3,"【思考过程】：本题考查医疗机构或医务人员可能需承担侵权责任的情形。需结合患者隐私权、知情同意权及侵权责任法分析：
A.泄露患者电话号码属侵犯隐私权，需承担责任；
B.未经同意公开完整病历违反知情同意权和隐私权，需承担责任；
C.匿名病历用于学术讨论属合法使用，不侵权；
D.因医院过错导致信息公示属未尽到管理义务，需承担责任。

【最终答案】：ABD",客观题,ABD
医患关系,"你是一个严格按照要求答题的医学考试考生。请你先展示出完整的思考过程，然后再输出最终答案。每道题目有至少两个选项（A、B）至多五个选项（A、B、C、D、E），题目为不定项选择题，请按照以下格式作答：

【思考过程】：...

【最终答案】：AB / BCE / CD / DE / E / ...（只输出选项的编号，不要写选项内容）

示例：
题目：医疗伦理中四大基本原则是？
A.尊重自主权
B.善意行为
C.无害原则
D.公正原则
E.以上都不是
【思考过程】：本题考查医学伦理的四大基本原则，包括尊重自主权、不伤害原则、行善原则、公正原则。

【最终答案】：ABCD

题目：下列哪些行为违反了医疗卫生人员职业伦理规范？
A.为增加收入要求患者进行不必要的重复检查
B.经家属多次请求后接受其赠送的购物卡
C.以加快手术排期为条件暗示患者支付额外费用
D.因患者症状轻微仍开具不必要的高价药物
E.根据病程发展调整抗生素使用剂量
【思考过程】：",ABCD,DeepSeek-V3,"【思考过程】：本题考查医疗卫生人员职业伦理规范的违反行为。  
1. **选项A**：要求患者进行不必要的重复检查属于过度医疗，违背无害原则和公正原则，属于违规行为。  
2. **选项B**：接受家属赠送的购物卡违反廉洁行医规定，可能影响医疗公正性，属于违规行为。  
3. **选项C**：以加快手术排期为条件暗示支付额外费用属于索贿或变相索贿，违反职业伦理。  
4. **选项D**：开具不必要的高价药物违背合理用药原则和患者利益优先原则，属于违规行为。  
5. **选项E**：根据病程调整抗生素剂量是合理诊疗行为，符合临床规范，不违规。  

【最终答案】：ABCD",客观题,ABCD
医患关系,"你是一个严格按照要求答题的医学考试考生。请你先展示出完整的思考过程，然后再输出最终答案。每道题目有至少两个选项（A、B）至多五个选项（A、B、C、D、E），题目为不定项选择题，请按照以下格式作答：

【思考过程】：...

【最终答案】：AB / BCE / CD / DE / E / ...（只输出选项的编号，不要写选项内容）

示例：
题目：医疗伦理中四大基本原则是？
A.尊重自主权
B.善意行为
C.无害原则
D.公正原则
E.以上都不是
【思考过程】：本题考查医学伦理的四大基本原则，包括尊重自主权、不伤害原则、行善原则、公正原则。

【最终答案】：ABCD

题目：以下哪些属于医疗机构及其医务人员在诊疗活动中依法应当履行的义务？
A.以患者为中心并遵守诊疗规范
B.加强人文关怀
C.优先保障治疗效率最大化
D.定期开展法规培训
E.确保患者投诉优先处理
【思考过程】：",ABD,DeepSeek-V3,"【思考过程】：本题考查医疗机构及医务人员在诊疗活动中依法应履行的义务。根据《医疗纠纷预防和处理条例》及相关法规：
1. 选项A""以患者为中心并遵守诊疗规范""是核心义务（《医疗纠纷预防和处理条例》第九条明确要求遵守诊疗规范）；
2. 选项B""加强人文关怀""属于法定义务（《基本医疗卫生与健康促进法》第三十三条要求人文关怀）；
3. 选项C""优先保障治疗效率最大化""并非法定义务，医疗原则是安全优先而非效率优先；
4. 选项D""定期开展法规培训""属于医疗机构管理义务（《医疗纠纷预防和处理条例》第十条）；
5. 选项E""确保患者投诉优先处理""属于纠纷处理机制要求，但""优先处理""的表述不准确，应为""依法及时处理""。

【最终答案】：ABD",客观题,ABD
医患关系,"你是一个严格按照要求答题的医学考试考生。请你先展示出完整的思考过程，然后再输出最终答案。每道题目有至少两个选项（A、B）至多五个选项（A、B、C、D、E），题目为不定项选择题，请按照以下格式作答：

【思考过程】：...

【最终答案】：AB / BCE / CD / DE / E / ...（只输出选项的编号，不要写选项内容）

示例：
题目：医疗伦理中四大基本原则是？
A.尊重自主权
B.善意行为
C.无害原则
D.公正原则
E.以上都不是
【思考过程】：本题考查医学伦理的四大基本原则，包括尊重自主权、不伤害原则、行善原则、公正原则。

【最终答案】：ABCD

题目：在哪种情况下，医务人员可未经患者或其近亲属书面同意直接实施救治？
A.患者昏迷且无法联系近亲属时的常规手术
B.门诊患者拒绝治疗但情况不危急
C.病情危急无法取得意见且经机构负责人批准
D.患者清醒但不愿听取医疗方案说明
【思考过程】：",C,DeepSeek-V3,"【思考过程】：本题考查医疗行为中知情同意的例外情况。根据《医疗纠纷预防和处理条例》及《医疗机构管理条例》相关规定，医务人员可在以下情况未经书面同意实施救治：1.病情危急且无法取得患者或近亲属意见时（需经医疗机构负责人批准）；2.抢救生命垂危患者等紧急情况（如昏迷且无法联系近亲属的紧急手术）。常规手术（A）需区分是否紧急，门诊拒绝治疗（B）和患者主观不愿听取说明（D）均不构成紧急情况。

【最终答案】：C",客观题,C
医患关系,"你是一个严格按照要求答题的医学考试考生。请你先展示出完整的思考过程，然后再输出最终答案。每道题目有至少两个选项（A、B）至多五个选项（A、B、C、D、E），题目为不定项选择题，请按照以下格式作答：

【思考过程】：...

【最终答案】：AB / BCE / CD / DE / E / ...（只输出选项的编号，不要写选项内容）

示例：
题目：医疗伦理中四大基本原则是？
A.尊重自主权
B.善意行为
C.无害原则
D.公正原则
E.以上都不是
【思考过程】：本题考查医学伦理的四大基本原则，包括尊重自主权、不伤害原则、行善原则、公正原则。

【最终答案】：ABCD

题目：以下哪种行为违反了医德廉洁自律要求？
A.不参加药企赞助的学术会议
B.收取患者赠送的贵重礼品
C.推荐患者到指定药店购药以获取提成
D.私自将患者信息出售给第三方机构
【思考过程】：",BCD,DeepSeek-V3,"【思考过程】：本题考查医德廉洁自律的要求。根据医德规范，A选项不参加药企赞助的学术会议是符合廉洁自律要求的，不属于违反行为。B选项收取患者赠送的贵重礼品违反了廉洁自律要求。C选项推荐患者到指定药店购药以获取提成属于谋取不正当利益，违反了廉洁自律要求。D选项私自将患者信息出售给第三方机构不仅违反医德，还涉嫌违法。

【最终答案】：BCD",客观题,BCD
医患关系,"你是一个严格按照要求答题的医学考试考生。请你先展示出完整的思考过程，然后再输出最终答案。每道题目有至少两个选项（A、B）至多五个选项（A、B、C、D、E），题目为不定项选择题，请按照以下格式作答：

【思考过程】：...

【最终答案】：AB / BCE / CD / DE / E / ...（只输出选项的编号，不要写选项内容）

示例：
题目：医疗伦理中四大基本原则是？
A.尊重自主权
B.善意行为
C.无害原则
D.公正原则
E.以上都不是
【思考过程】：本题考查医学伦理的四大基本原则，包括尊重自主权、不伤害原则、行善原则、公正原则。

【最终答案】：ABCD

题目：护士在履行护理职责时，下列哪项不属于规定必须包含的内容？
A.医学照顾与病情观察
B.健康教育与药物处方开具
C.协助诊疗与健康管理师资格培训
D.心理支持与康复指导
【思考过程】：",BC,DeepSeek-V3,"【思考过程】：本题考查护士的职责范围。根据护理工作规范，护士的核心职责包括医学照顾、病情观察、协助诊疗、健康教育、心理支持和康复指导。药物处方开具是医生的法定职权（超出护士执业范围），健康管理师资格培训属于继续教育项目而非日常工作职责。

【最终答案】：BC",客观题,BC
医患关系,"你是一个严格按照要求答题的医学考试考生。请你先展示出完整的思考过程，然后再输出最终答案。每道题目有至少两个选项（A、B）至多五个选项（A、B、C、D、E），题目为不定项选择题，请按照以下格式作答：

【思考过程】：...

【最终答案】：AB / BCE / CD / DE / E / ...（只输出选项的编号，不要写选项内容）

示例：
题目：医疗伦理中四大基本原则是？
A.尊重自主权
B.善意行为
C.无害原则
D.公正原则
E.以上都不是
【思考过程】：本题考查医学伦理的四大基本原则，包括尊重自主权、不伤害原则、行善原则、公正原则。

【最终答案】：ABCD

题目：护士在发现患者病情危急时，以下哪种做法符合相关法律法规？
A.立即通知医师并全程记录病情变化
B.优先联系患者家属说明情况
C.在医师未到达时拒绝实施任何救护措施
D.为抢救生命直接实施心脏电除颤操作
E.立即通知医师并在紧急情况下实施必要救护
【思考过程】：",AE,DeepSeek-V3,"【思考过程】：本题考查护士在患者病情危急时的正确做法。根据相关法律法规和医疗伦理，护士应立即通知医师并全程记录病情变化（A）。在紧急情况下，护士有权在医师未到达时实施必要的救护措施（E）。优先联系患者家属（B）不是首要任务，应先处理病情。拒绝实施任何救护措施（C）不符合紧急情况下的处理原则。心脏电除颤（D）需要专业技能和授权，护士通常不具备独立操作的权限。

【最终答案】：AE",客观题,AE
医患关系,"你是一个严格按照要求答题的医学考试考生。请你先展示出完整的思考过程，然后再输出最终答案。每道题目有至少两个选项（A、B）至多五个选项（A、B、C、D、E），题目为不定项选择题，请按照以下格式作答：

【思考过程】：...

【最终答案】：AB / BCE / CD / DE / E / ...（只输出选项的编号，不要写选项内容）

示例：
题目：医疗伦理中四大基本原则是？
A.尊重自主权
B.善意行为
C.无害原则
D.公正原则
E.以上都不是
【思考过程】：本题考查医学伦理的四大基本原则，包括尊重自主权、不伤害原则、行善原则、公正原则。

【最终答案】：ABCD

题目：医务人员在协同医师工作时，必须向患者解释说明的内容应包含以下哪些内容？
A.药物使用遴选、适应症、禁忌
B.适应症、禁忌、药品价格
C.适应症、禁忌、不良反应、药品生产厂家
D.药物遴选、适应症、禁忌、不良反应、注意事项、使用方法
E.指导患者调整药物剂量以节省费用
【思考过程】：",D,DeepSeek-V3,"【思考过程】：本题考查医务人员向患者解释说明药物时的核心内容。根据医疗规范，必须包含药物使用的关键信息：  
1. 药物遴选的依据（需说明为何选择该药）；  
2. 适应症（明确治疗目的）；  
3. 禁忌（避免用药风险）；  
4. 不良反应（知情同意的重要部分）；  
5. 注意事项及使用方法（确保正确用药）。  
选项中：  
A缺少不良反应和注意事项；  
B错误包含药品价格（非必须解释内容）；  
C错误包含生产厂家（无关临床使用）；  
E擅自指导调整剂量违背医疗安全原则。  

【最终答案】：D",客观题,D
医患关系,"你是一个严格按照要求答题的医学考试考生。请你先展示出完整的思考过程，然后再输出最终答案。每道题目有至少两个选项（A、B）至多五个选项（A、B、C、D、E），题目为不定项选择题，请按照以下格式作答：

【思考过程】：...

【最终答案】：AB / BCE / CD / DE / E / ...（只输出选项的编号，不要写选项内容）

示例：
题目：医疗伦理中四大基本原则是？
A.尊重自主权
B.善意行为
C.无害原则
D.公正原则
E.以上都不是
【思考过程】：本题考查医学伦理的四大基本原则，包括尊重自主权、不伤害原则、行善原则、公正原则。

【最终答案】：ABCD

题目：以下哪个行为符合医患关系中的伦理要求？
A.主动减少患者家属的担忧
B.积极配合临床诊疗
C.巧妙探问患者隐私用于研究
D.保护患者隐私
E.优先履行医院创收指标
【思考过程】：",ABD,DeepSeek-V3,"【思考过程】：本题考查医患关系中的伦理要求。医患关系中的伦理要求包括尊重患者自主权、保护患者隐私、行善原则（主动减少患者担忧、积极配合诊疗）以及不伤害原则（禁止利用患者隐私谋利）。选项C（探问隐私用于研究）和E（优先创收）违背伦理原则。

【最终答案】：ABD",客观题,ABD
医患关系,"你是一个严格按照要求答题的医学考试考生。请你先展示出完整的思考过程，然后再输出最终答案。每道题目有至少两个选项（A、B）至多五个选项（A、B、C、D、E），题目为不定项选择题，请按照以下格式作答：

【思考过程】：...

【最终答案】：AB / BCE / CD / DE / E / ...（只输出选项的编号，不要写选项内容）

示例：
题目：医疗伦理中四大基本原则是？
A.尊重自主权
B.善意行为
C.无害原则
D.公正原则
E.以上都不是
【思考过程】：本题考查医学伦理的四大基本原则，包括尊重自主权、不伤害原则、行善原则、公正原则。

【最终答案】：ABCD

题目：在医患关系中，以下哪些是医务人员必须履行的职责？
A.指导患者配合检查
B.对接触放射性物质的人员仅告知风险
C.帮助患者查询检查结果
D.对接触传染性物质的人员不采取任何防护措施
E.对接触传染性物质的人员进行风险告知并给予防护
【思考过程】：",ACE,DeepSeek-V3,"【思考过程】：本题考查医务人员在医患关系中的职责。医务人员有责任指导患者配合检查（A），这是确保检查顺利进行和结果准确的基本要求；帮助患者查询检查结果（C）是提供医疗服务的一部分，确保患者知情权；对接触传染性物质的人员进行风险告知并给予防护（E）是保护患者和医务人员安全的必要措施。选项B和D不符合医疗伦理和职业规范，B仅告知风险而不采取防护措施是不充分的，D不采取任何防护措施更是违反职业要求。

【最终答案】：ACE",客观题,ACE
医患关系,"你是一个严格按照要求答题的医学考试考生。请你先展示出完整的思考过程，然后再输出最终答案。每道题目有至少两个选项（A、B）至多五个选项（A、B、C、D、E），题目为不定项选择题，请按照以下格式作答：

【思考过程】：...

【最终答案】：AB / BCE / CD / DE / E / ...（只输出选项的编号，不要写选项内容）

示例：
题目：医疗伦理中四大基本原则是？
A.尊重自主权
B.善意行为
C.无害原则
D.公正原则
E.以上都不是
【思考过程】：本题考查医学伦理的四大基本原则，包括尊重自主权、不伤害原则、行善原则、公正原则。

【最终答案】：ABCD

题目：医疗机构在保障医患关系时可以采取以下哪些措施？
A.建立医疗安全与风险管理体系制度
B.利用医疗责任保险分担风险
C.缩减高风险科室的规模
D.制订医疗纠纷处理预案
E.完善患者投诉管理体系
F.定期公开医疗纠纷详细案件
【思考过程】：",ABDE,DeepSeek-V3,"【思考过程】：本题考查医疗机构在保障医患关系时可采取的措施。  
1. **A项**（建立医疗安全与风险管理体系制度）：是预防医疗差错和纠纷的基础措施，正确。  
2. **B项**（利用医疗责任保险分担风险）：属于风险转移机制，可减轻医疗机构压力，正确。  
3. **C项**（缩减高风险科室规模）：消极应对方式，可能影响患者救治需求，不符合伦理和实际需求，错误。  
4. **D项**（制订医疗纠纷处理预案）：规范纠纷处理流程，属于必要措施，正确。  
5. **E项**（完善患者投诉管理体系）：保障患者权益和沟通渠道，正确。  
6. **F项**（公开医疗纠纷详细案件）：可能侵犯患者隐私或激化矛盾，需谨慎处理，非普适性措施，错误。  

需选择积极、合法且符合伦理的措施。  

【最终答案】：ABDE",客观题,ABDE
医患关系,"你是一个严格按照要求答题的医学考试考生。请你先展示出完整的思考过程，然后再输出最终答案。每道题目有至少两个选项（A、B）至多五个选项（A、B、C、D、E），题目为不定项选择题，请按照以下格式作答：

【思考过程】：...

【最终答案】：AB / BCE / CD / DE / E / ...（只输出选项的编号，不要写选项内容）

示例：
题目：医疗伦理中四大基本原则是？
A.尊重自主权
B.善意行为
C.无害原则
D.公正原则
E.以上都不是
【思考过程】：本题考查医学伦理的四大基本原则，包括尊重自主权、不伤害原则、行善原则、公正原则。

【最终答案】：ABCD

题目：以下哪些做法违反了为患者保守秘密的医疗法规？
A.在科室内部会议上对患者病情进行匿名化讨论
B.在患者本人未授权的情况下，将诊疗结果告知其直系亲属
C.未经脱敏处理将患者诊疗数据上传至公共研究平台
D.在医院走廊用患者出生年份代替姓名谈论病情
E.通过医院安全系统调阅分管患者的完整病历
【思考过程】：",BCD,DeepSeek-V3,"【思考过程】：本题考查的是医疗保密原则的违反情形。根据医疗法规，为患者保守秘密是基本要求，除非获得患者明确授权或有法律规定的例外情况。  
- A项：匿名化讨论不涉及泄露患者身份信息，不违反保密原则。  
- B项：直系亲属未经患者授权无权获取诊疗信息，除非患者无行为能力或紧急情况，该行为违反保密原则。  
- C项：未脱敏的诊疗数据上传至公共平台直接泄露患者隐私，违反保密原则。  
- D项：使用出生年份代替姓名仍可能通过其他信息推断患者身份，属于不充分脱敏，违反保密原则。  
- E项：医护人员在职责范围内调阅分管患者病历属于合法行为，不违反保密原则。  

【最终答案】：BCD",客观题,BCD
医患关系,"你是一个严格按照要求答题的医学考试考生。请你先展示出完整的思考过程，然后再输出最终答案。每道题目有至少两个选项（A、B）至多五个选项（A、B、C、D、E），题目为不定项选择题，请按照以下格式作答：

【思考过程】：...

【最终答案】：AB / BCE / CD / DE / E / ...（只输出选项的编号，不要写选项内容）

示例：
题目：医疗伦理中四大基本原则是？
A.尊重自主权
B.善意行为
C.无害原则
D.公正原则
E.以上都不是
【思考过程】：本题考查医学伦理的四大基本原则，包括尊重自主权、不伤害原则、行善原则、公正原则。

【最终答案】：ABCD

题目：在安宁疗护医疗场景中，以下哪种情况医疗卫生人员必须依法取得患者或其近亲属的知情同意？
A.实施镇痛性脊髓电刺激手术
B.开展每周常规血压监测
C.使用新型镇痛药物开展临床效果研究
D.进行终末期生命体征的特殊检查
E.在患者意识清醒时向近亲属说明替代医疗方案
【思考过程】：",ACD,DeepSeek-V3,"【思考过程】：
本题考查安宁疗护中医务人员需取得知情同意的情形。根据医学伦理和法律规定，涉及侵入性操作、试验性治疗、研究性用药或可能影响患者权益的重大医疗决策时，必须取得知情同意。分析选项：
A.镇痛性脊髓电刺激手术属于侵入性治疗，必须知情同意
B.常规血压监测是基础护理，无需特别同意
C.新型药物临床研究涉及试验性治疗，必须知情同意且需伦理审查
D.终末期特殊检查若超出常规诊疗范围需同意
E.替代方案说明属于常规沟通，非必须书面同意但需告知

【最终答案】：ACD",客观题,ACD
医患关系,"你是一个严格按照要求答题的医学考试考生。请你先展示出完整的思考过程，然后再输出最终答案。每道题目有至少两个选项（A、B）至多五个选项（A、B、C、D、E），题目为不定项选择题，请按照以下格式作答：

【思考过程】：...

【最终答案】：AB / BCE / CD / DE / E / ...（只输出选项的编号，不要写选项内容）

示例：
题目：医疗伦理中四大基本原则是？
A.尊重自主权
B.善意行为
C.无害原则
D.公正原则
E.以上都不是
【思考过程】：本题考查医学伦理的四大基本原则，包括尊重自主权、不伤害原则、行善原则、公正原则。

【最终答案】：ABCD

题目：在安宁疗护中，以下哪两项属于患者的权利义务范畴？
A.医疗机构可以强制要求患者接受特定治疗
B.患者的隐私权和人格尊严应被保护
C.患者需遵守医疗卫生机构制定的诊疗秩序
D.医务人员可未经许可公开患者病情信息
E.患者可拒绝接受所有医疗建议
【思考过程】：",BC,DeepSeek-V3,"【思考过程】：本题考查安宁疗护中患者的权利义务范畴。根据医学伦理和法律法规，患者的隐私权和人格尊严应被保护（B正确），同时患者需遵守医疗卫生机构制定的诊疗秩序（C正确）。医疗机构不能强制要求患者接受特定治疗（A错误），医务人员未经许可公开患者病情信息违反隐私保护原则（D错误）。患者虽然有权拒绝治疗，但“拒绝所有医疗建议”可能不符合最佳利益原则（E不完全正确）。

【最终答案】：BC",客观题,BC
医患关系,"你是一个严格按照要求答题的医学考试考生。请你先展示出完整的思考过程，然后再输出最终答案。每道题目有至少两个选项（A、B）至多五个选项（A、B、C、D、E），题目为不定项选择题，请按照以下格式作答：

【思考过程】：...

【最终答案】：AB / BCE / CD / DE / E / ...（只输出选项的编号，不要写选项内容）

示例：
题目：医疗伦理中四大基本原则是？
A.尊重自主权
B.善意行为
C.无害原则
D.公正原则
E.以上都不是
【思考过程】：本题考查医学伦理的四大基本原则，包括尊重自主权、不伤害原则、行善原则、公正原则。

【最终答案】：ABCD

题目：医疗卫生机构开展安宁疗护服务时，需要遵守以下哪些规范性文件？
A.临床诊疗指南
B.医院内部操作惯例
C.临床技术操作规范
D.行业标准
E.家属特殊书面要求
【思考过程】：",ACD,DeepSeek-V3,"【思考过程】：本题考查医疗机构开展安宁疗护服务时需要遵守的规范性文件。根据相关规定，医疗机构在提供医疗服务时必须遵守临床诊疗指南、临床技术操作规范和行业标准。医院内部操作惯例虽然重要，但不属于法定规范性文件。家属的特殊书面要求不能作为规范性文件依据，必须在不违反法律法规和医疗规范的前提下考虑。

【最终答案】：ACD",客观题,ACD
医患关系,"你是一个严格按照要求答题的医学考试考生。请你先展示出完整的思考过程，然后再输出最终答案。每道题目有至少两个选项（A、B）至多五个选项（A、B、C、D、E），题目为不定项选择题，请按照以下格式作答：

【思考过程】：...

【最终答案】：AB / BCE / CD / DE / E / ...（只输出选项的编号，不要写选项内容）

示例：
题目：医疗伦理中四大基本原则是？
A.尊重自主权
B.善意行为
C.无害原则
D.公正原则
E.以上都不是
【思考过程】：本题考查医学伦理的四大基本原则，包括尊重自主权、不伤害原则、行善原则、公正原则。

【最终答案】：ABCD

题目：以下哪个处理公民个人健康信息的行为是合法的？
A.未经本人同意收集肿瘤病史信息
B.向保险公司出售患者临终关怀记录
C.将老年痴呆患者的病历传输给商业机构
D.取得授权后用于多中心安宁疗护研究
E.经配偶同意后出售患者健康数据
【思考过程】：",D,DeepSeek-V3,"【思考过程】：本题考查处理公民个人健康信息的合法性。根据医学伦理和法律法规，处理个人健康信息必须遵循知情同意原则和最小必要原则。选项A未经同意收集信息违法；选项B和C涉及未经授权出售或传输敏感信息，违法；选项D取得授权后用于合法研究是合规的；选项E仅配偶同意不足以授权出售健康数据，仍需患者本人或法定代理人同意，因此不合法。

【最终答案】：D",客观题,D
医患关系,"你是一个严格按照要求答题的医学考试考生。请你先展示出完整的思考过程，然后再输出最终答案。每道题目有至少两个选项（A、B）至多五个选项（A、B、C、D、E），题目为不定项选择题，请按照以下格式作答：

【思考过程】：...

【最终答案】：AB / BCE / CD / DE / E / ...（只输出选项的编号，不要写选项内容）

示例：
题目：医疗伦理中四大基本原则是？
A.尊重自主权
B.善意行为
C.无害原则
D.公正原则
E.以上都不是
【思考过程】：本题考查医学伦理的四大基本原则，包括尊重自主权、不伤害原则、行善原则、公正原则。

【最终答案】：ABCD

题目：在安宁疗护服务中，医疗卫生人员的下列哪些行为可能面临行政处罚？
A.向患者家属暗示需要礼品才优先安排护理服务
B.将患者病情细节上传至社交平台
C.开展新型镇痛疗法研究时未向伦理委员会申报
D.擅自将家属签字的手术同意书销毁
E.未取得患者同意即进行高风险生命维持操作
【思考过程】：",ABCDE,DeepSeek-V3,"【思考过程】：
1. 安宁疗护服务中，医疗卫生人员的行为需严格遵守医疗伦理和法律法规。
2. 选项A涉及索要礼品，属于利用职务之便谋取不正当利益，违反《医疗机构工作人员廉洁从业九项准则》，可能面临行政处罚。
3. 选项B涉及泄露患者隐私，违反《个人信息保护法》和《医疗纠纷预防和处理条例》，可能面临行政处罚。
4. 选项C涉及未经伦理委员会批准开展研究，违反《涉及人的生物医学研究伦理审查办法》，可能面临行政处罚。
5. 选项D涉及擅自销毁医疗文书，违反《医疗纠纷预防和处理条例》，可能面临行政处罚。
6. 选项E涉及未取得患者同意进行高风险操作，违反《基本医疗卫生与健康促进法》和《医疗纠纷预防和处理条例》，可能面临行政处罚。

【最终答案】：ABCDE",客观题,ABCDE
医患关系,"你是一个严格按照要求答题的医学考试考生。请你先展示出完整的思考过程，然后再输出最终答案。每道题目有至少两个选项（A、B）至多五个选项（A、B、C、D、E），题目为不定项选择题，请按照以下格式作答：

【思考过程】：...

【最终答案】：AB / BCE / CD / DE / E / ...（只输出选项的编号，不要写选项内容）

示例：
题目：医疗伦理中四大基本原则是？
A.尊重自主权
B.善意行为
C.无害原则
D.公正原则
E.以上都不是
【思考过程】：本题考查医学伦理的四大基本原则，包括尊重自主权、不伤害原则、行善原则、公正原则。

【最终答案】：ABCD

题目：以下哪些行为违反了""禁止对老年人实施家庭暴力""的规定？
A.未告知患者替老年痴呆症患者签署镇静剂使用同意书
B.要求患有高血压的老年人每日转账才提供饮食
C.三个月未更换失能老人的褥疮护理用品
D.因认知退化频繁指责老人""活着是累赘""
E.监护人限制有走失风险老人单独外出时间
【思考过程】：",BCD,DeepSeek-V3,"【思考过程】：本题考查对""禁止对老年人实施家庭暴力""规定的理解。家庭暴力包括身体、精神、经济等多方面的虐待或忽视行为。分析各选项：
A. 未告知患者签署同意书属于侵犯知情权，但未明确体现暴力或虐待；
B. 通过经济胁迫手段控制老年人饮食属于经济虐待；
C. 长期忽视基本护理需求导致褥疮属于身体忽视（被动暴力）；
D. 反复精神贬损属于精神虐待；
E. 基于安全考量的合理限制不属于暴力。

根据WHO对老年人虐待的定义，B（经济暴力）、C（护理忽视）、D（心理暴力）均符合家庭暴力特征。

【最终答案】：BCD",客观题,BCD
医患关系,"你是一个严格按照要求答题的医学考试考生。请你先展示出完整的思考过程，然后再输出最终答案。每道题目有至少两个选项（A、B）至多五个选项（A、B、C、D、E），题目为不定项选择题，请按照以下格式作答：

【思考过程】：...

【最终答案】：AB / BCE / CD / DE / E / ...（只输出选项的编号，不要写选项内容）

示例：
题目：医疗伦理中四大基本原则是？
A.尊重自主权
B.善意行为
C.无害原则
D.公正原则
E.以上都不是
【思考过程】：本题考查医学伦理的四大基本原则，包括尊重自主权、不伤害原则、行善原则、公正原则。

【最终答案】：ABCD

题目：以下哪些服务属于医疗机构应为老年人提供的医疗服务范畴？
A.家庭病床服务
B.专场商业健康讲座
C.巡回医疗和护理
D.付费体检项目
E.社区急救技能培训
【思考过程】：",AC,DeepSeek-V3,"【思考过程】：本题考查医疗机构为老年人提供的医疗服务范畴。根据国家相关政策，医疗机构应为老年人提供的医疗服务主要包括家庭病床服务、巡回医疗和护理、社区急救技能培训等，这些服务旨在满足老年人的医疗需求，提高他们的生活质量。而专场商业健康讲座和付费体检项目虽然可能与健康相关，但不属于医疗机构必须提供的医疗服务范畴，尤其是商业性质的讲座和付费项目。

【最终答案】：ACE",客观题,ACE
医患关系,"你是一个严格按照要求答题的医学考试考生。请你先展示出完整的思考过程，然后再输出最终答案。每道题目有至少两个选项（A、B）至多五个选项（A、B、C、D、E），题目为不定项选择题，请按照以下格式作答：

【思考过程】：...

【最终答案】：AB / BCE / CD / DE / E / ...（只输出选项的编号，不要写选项内容）

示例：
题目：医疗伦理中四大基本原则是？
A.尊重自主权
B.善意行为
C.无害原则
D.公正原则
E.以上都不是
【思考过程】：本题考查医学伦理的四大基本原则，包括尊重自主权、不伤害原则、行善原则、公正原则。

【最终答案】：ABCD

题目：以下哪些属于安宁疗护的核心服务内容？
A.优先治愈终末期疾病
B.提供躯体症状的缓解措施
C.个性化宗教仪式服务
D.患者精神心理辅导
E.协调患者社会支持体系
【思考过程】：",BDE,DeepSeek-V3,"【思考过程】：本题考查安宁疗护（临终关怀）的核心服务内容。安宁疗护的重点是缓解症状、提高生活质量而非治愈疾病（排除A），其核心包括：1.躯体症状控制（如疼痛管理）；2.心理社会支持（心理辅导、社会关系协调）；3.精神关怀（可能包含宗教需求但不限于个性化仪式）。需注意宗教服务是可选非核心（C部分正确但不全面），而社会支持体系协调是重要组成部分。

【最终答案】：BDE",客观题,BDE
医患关系,"你是一个严格按照要求答题的医学考试考生。请你先展示出完整的思考过程，然后再输出最终答案。每道题目有至少两个选项（A、B）至多五个选项（A、B、C、D、E），题目为不定项选择题，请按照以下格式作答：

【思考过程】：...

【最终答案】：AB / BCE / CD / DE / E / ...（只输出选项的编号，不要写选项内容）

示例：
题目：医疗伦理中四大基本原则是？
A.尊重自主权
B.善意行为
C.无害原则
D.公正原则
E.以上都不是
【思考过程】：本题考查医学伦理的四大基本原则，包括尊重自主权、不伤害原则、行善原则、公正原则。

【最终答案】：ABCD

题目：以下哪一项不属于老年安宁疗护病区的主要服务内容？
A.症状控制与身体痛苦缓解
B.家属经济援助计划
C.患者家属哀伤辅导
D.积极延长寿​命的医疗干预
E.精神心理支持与社会关怀
【思考过程】：",BD,DeepSeek-V3,"【思考过程】：本题考查老年安宁疗护病区的主要服务内容。安宁疗护（临终关怀）的核心目标是提高患者生命质量而非延长寿命，主要服务包括症状控制（如疼痛缓解）、精神心理支持、社会关怀及家属哀伤辅导等。经济援助不属于医疗服务的直接范畴，且“积极延长寿命的医疗干预”与安宁疗护理念相悖。

【最终答案】：BD",客观题,BD
医患关系,"你是一个严格按照要求答题的医学考试考生。请你先展示出完整的思考过程，然后再输出最终答案。每道题目有至少两个选项（A、B）至多五个选项（A、B、C、D、E），题目为不定项选择题，请按照以下格式作答：

【思考过程】：...

【最终答案】：AB / BCE / CD / DE / E / ...（只输出选项的编号，不要写选项内容）

示例：
题目：医疗伦理中四大基本原则是？
A.尊重自主权
B.善意行为
C.无害原则
D.公正原则
E.以上都不是
【思考过程】：本题考查医学伦理的四大基本原则，包括尊重自主权、不伤害原则、行善原则、公正原则。

【最终答案】：ABCD

题目：根据临终关怀室隐私保护要求，以下哪两项措施符合规定？
A.每床位加装透明玻璃窗方便观察
B.相邻床位之间使用高密度隔音板
C.采用可移动屏风替代物理隔断
D.每个床位区域配备独立呼叫系统
【思考过程】：",BD,DeepSeek-V3,"【思考过程】：本题考查临终关怀室隐私保护的要求。根据隐私保护原则，需要保证患者的私密性和独立性。A选项透明玻璃窗虽然方便观察，但严重侵犯患者隐私；B选项高密度隔音板能有效保护声音和空间隐私；C选项可移动屏风无法提供稳定的物理隔离；D选项独立呼叫系统在保护隐私的同时满足医疗需求。

【最终答案】：BD",客观题,BD
医患关系,"你是一个严格按照要求答题的医学考试考生。请你先展示出完整的思考过程，然后再输出最终答案。每道题目有至少两个选项（A、B）至多五个选项（A、B、C、D、E），题目为不定项选择题，请按照以下格式作答：

【思考过程】：...

【最终答案】：AB / BCE / CD / DE / E / ...（只输出选项的编号，不要写选项内容）

示例：
题目：医疗伦理中四大基本原则是？
A.尊重自主权
B.善意行为
C.无害原则
D.公正原则
E.以上都不是
【思考过程】：本题考查医学伦理的四大基本原则，包括尊重自主权、不伤害原则、行善原则、公正原则。

【最终答案】：ABCD

题目：以下哪些做法符合安宁疗护服务中关于维护服务对象权益和尊严的要求？
A. 在多人病房内设置独立隔间保护隐私
B. 强制使用镇静剂以减少患者情绪波动
C. 征得患者同意后再调整镇痛方案
D. 允许家属参与护理决策但忽略患者本人意愿
E. 在走廊讨论病情以便快速协调医疗资源
【思考过程】：",AC,DeepSeek-V3,"【思考过程】：本题考查安宁疗护中维护患者权益和尊严的具体措施。A选项设置独立隔间保护隐私符合维护尊严的要求；B选项强制使用镇静剂违背自主权和尊严；C选项征得患者同意符合尊重自主权原则；D选项忽略患者本人意愿违反自主权原则；E选项在公共场合讨论病情侵犯患者隐私权。

【最终答案】：AC",客观题,AC
医患关系,"你是一个严格按照要求答题的医学考试考生。请你先展示出完整的思考过程，然后再输出最终答案。每道题目有至少两个选项（A、B）至多五个选项（A、B、C、D、E），题目为不定项选择题，请按照以下格式作答：

【思考过程】：...

【最终答案】：AB / BCE / CD / DE / E / ...（只输出选项的编号，不要写选项内容）

示例：
题目：医疗伦理中四大基本原则是？
A.尊重自主权
B.善意行为
C.无害原则
D.公正原则
E.以上都不是
【思考过程】：本题考查医学伦理的四大基本原则，包括尊重自主权、不伤害原则、行善原则、公正原则。

【最终答案】：ABCD

题目：以下哪项措施属于安宁疗护中医护人员指导下的舒缓不适症状实施内容？
A.手术治疗
B.用药
C.各种专业护理措施
D.心理治疗
E.陪伴交流
【思考过程】：",BCE,DeepSeek-V3,"【思考过程】：本题考查安宁疗护中舒缓不适症状的实施内容。安宁疗护（palliative care）的核心是缓解患者痛苦而非治愈疾病，主要措施包括：  
1. **用药**（B）：如镇痛药、止吐药等对症治疗药物；  
2. **专业护理措施**（C）：如伤口护理、体位调整等；  
3. **心理治疗**（D）和**陪伴交流**（E）：属于心理社会支持；  
4. **手术治疗**（A）通常不属于安宁疗护范畴（除非为缓解症状的姑息性手术）。  

【最终答案】：BCDE",客观题,BCDE
医患关系,"你是一个严格按照要求答题的医学考试考生。请你先展示出完整的思考过程，然后再输出最终答案。每道题目有至少两个选项（A、B）至多五个选项（A、B、C、D、E），题目为不定项选择题，请按照以下格式作答：

【思考过程】：...

【最终答案】：AB / BCE / CD / DE / E / ...（只输出选项的编号，不要写选项内容）

示例：
题目：医疗伦理中四大基本原则是？
A.尊重自主权
B.善意行为
C.无害原则
D.公正原则
E.以上都不是
【思考过程】：本题考查医学伦理的四大基本原则，包括尊重自主权、不伤害原则、行善原则、公正原则。

【最终答案】：ABCD

题目：在安宁疗护中，以下哪些属于医护人员的核心服务内容？
A.实施手术治愈疾病
B.进行症状控制
C.使用昂贵仪器延长生命
D.缓解服务对象的痛苦
E.提供化疗治疗方案
【思考过程】：",BD,DeepSeek-V3,"【思考过程】：本题考查安宁疗护的核心服务内容。安宁疗护的核心是提高生命质量，而非治愈疾病或延长生命。其主要内容包括症状控制、缓解痛苦、提供心理和社会支持等。因此，实施手术治愈疾病（A）和使用昂贵仪器延长生命（C）不符合安宁疗护的理念。提供化疗治疗方案（E）通常属于积极治疗范畴，也不属于安宁疗护的核心内容。症状控制（B）和缓解服务对象的痛苦（D）是安宁疗护的核心服务。

【最终答案】：BD",客观题,BD
医患关系,"你是一个严格按照要求答题的医学考试考生。请你先展示出完整的思考过程，然后再输出最终答案。每道题目有至少两个选项（A、B）至多五个选项（A、B、C、D、E），题目为不定项选择题，请按照以下格式作答：

【思考过程】：...

【最终答案】：AB / BCE / CD / DE / E / ...（只输出选项的编号，不要写选项内容）

示例：
题目：医疗伦理中四大基本原则是？
A.尊重自主权
B.善意行为
C.无害原则
D.公正原则
E.以上都不是
【思考过程】：本题考查医学伦理的四大基本原则，包括尊重自主权、不伤害原则、行善原则、公正原则。

【最终答案】：ABCD

题目：下列哪一选项不符合服务对象离世后的处理要求？
A.保持其身体清洁
B.调整其体位至自然状态
C.对其进行基本的外观整理以确保尊严
D.依照家属要求为其化妆以修饰外观
E.清洁其面部并维持温和表情
【思考过程】：",D,DeepSeek-V3,"【思考过程】：本题考查服务对象离世后的处理要求。根据医学伦理和临床实践，离世后的处理应尊重逝者尊严，保持身体清洁、调整体位至自然状态、进行基本外观整理（如清洁面部、维持温和表情）是常规操作。然而，依照家属要求为其化妆以修饰外观可能超出基本处理范围，涉及个人审美或文化差异，并非普遍强制要求。

【最终答案】：D",客观题,D
医患关系,"你是一个严格按照要求答题的医学考试考生。请你先展示出完整的思考过程，然后再输出最终答案。每道题目有至少两个选项（A、B）至多五个选项（A、B、C、D、E），题目为不定项选择题，请按照以下格式作答：

【思考过程】：...

【最终答案】：AB / BCE / CD / DE / E / ...（只输出选项的编号，不要写选项内容）

示例：
题目：医疗伦理中四大基本原则是？
A.尊重自主权
B.善意行为
C.无害原则
D.公正原则
E.以上都不是
【思考过程】：本题考查医学伦理的四大基本原则，包括尊重自主权、不伤害原则、行善原则、公正原则。

【最终答案】：ABCD

题目：以下哪一项属于安宁疗护机构在患者离世后应履行的义务？
A.全权负责葬礼流程设计
B.协助相关第三方完成殡葬事宜
C.为家属提供哀伤心理辅导
D.向家属发放经济援助金
【思考过程】：",BC,DeepSeek-V3,"【思考过程】：本题考查安宁疗护机构在患者离世后应履行的义务。根据安宁疗护的规范，其主要职责包括协助家属处理殡葬事宜（如开具死亡证明等）、提供哀伤辅导等心理支持，但一般不涉及主导葬礼流程设计（属于家属自主权）或发放经济援助（非机构常规职能）。

【最终答案】：BC",客观题,BC
医患关系,"你是一个严格按照要求答题的医学考试考生。请你先展示出完整的思考过程，然后再输出最终答案。每道题目有至少两个选项（A、B）至多五个选项（A、B、C、D、E），题目为不定项选择题，请按照以下格式作答：

【思考过程】：...

【最终答案】：AB / BCE / CD / DE / E / ...（只输出选项的编号，不要写选项内容）

示例：
题目：医疗伦理中四大基本原则是？
A.尊重自主权
B.善意行为
C.无害原则
D.公正原则
E.以上都不是
【思考过程】：本题考查医学伦理的四大基本原则，包括尊重自主权、不伤害原则、行善原则、公正原则。

【最终答案】：ABCD

题目：以下哪项措施最符合“加强评估和观察，防范意外”的要求？
A.在值班护士交班时集中检查体征
B.每天定时进行两次综合评估并记录行为异常风险
C.仅在患者主诉不适时安排专科医师会诊
D.要求家属每12小时提交书面病情报告
E.安装离床报警系统并实时监测睡眠状态
【思考过程】：",BE,DeepSeek-V3,"【思考过程】：本题考查对“加强评估和观察，防范意外”措施的理解。需要选择能够体现持续性、主动性和系统性评估观察的选项。  
- A选项：仅在交班时集中检查，缺乏持续性观察。  
- B选项：每天两次综合评估并记录异常风险，符合定期主动评估的要求。  
- C选项：被动等待患者主诉，不符合“加强观察”的主动性。  
- D选项：家属报告非专业评估，且间隔过长，可靠性不足。  
- E选项：离床报警和实时监测能动态防范意外，符合持续观察的核心要求。  

最符合要求的措施应具备主动、定期或实时监测的特点，因此B（定期评估）和E（实时监测）为最佳组合。  

【最终答案】：BE",客观题,BE
医患关系,"你是一个严格按照要求答题的医学考试考生。请你先展示出完整的思考过程，然后再输出最终答案。每道题目有至少两个选项（A、B）至多五个选项（A、B、C、D、E），题目为不定项选择题，请按照以下格式作答：

【思考过程】：...

【最终答案】：AB / BCE / CD / DE / E / ...（只输出选项的编号，不要写选项内容）

示例：
题目：医疗伦理中四大基本原则是？
A.尊重自主权
B.善意行为
C.无害原则
D.公正原则
E.以上都不是
【思考过程】：本题考查医学伦理的四大基本原则，包括尊重自主权、不伤害原则、行善原则、公正原则。

【最终答案】：ABCD

题目：根据相关规定，对有自残、自杀倾向的安宁疗护服务对象应采取哪些措施？
A.早预防
B.早诊断
C.早发现
D.早干预
E.早治疗
【思考过程】：",ACD,DeepSeek-V3,"【思考过程】：本题考查对有自残、自杀倾向的安宁疗护服务对象的应对措施。根据相关规范，应遵循“早预防、早发现、早干预”的原则。虽然“早诊断”和“早治疗”在一般医疗过程中重要，但针对自残、自杀倾向的特定情境，核心措施是预防、发现和干预。

【最终答案】：ACD",客观题,ACD
医患关系,"你是一个严格按照要求答题的医学考试考生。请你先展示出完整的思考过程，然后再输出最终答案。每道题目有至少两个选项（A、B）至多五个选项（A、B、C、D、E），题目为不定项选择题，请按照以下格式作答：

【思考过程】：...

【最终答案】：AB / BCE / CD / DE / E / ...（只输出选项的编号，不要写选项内容）

示例：
题目：医疗伦理中四大基本原则是？
A.尊重自主权
B.善意行为
C.无害原则
D.公正原则
E.以上都不是
【思考过程】：本题考查医学伦理的四大基本原则，包括尊重自主权、不伤害原则、行善原则、公正原则。

【最终答案】：ABCD

题目：以下哪些服务属于安宁疗护的规范化服务内容？
A.医疗干预服务
B.日常护理服务
C.心理咨询服务
D.法律纠纷调解服务
E.营养强化补充服务
【思考过程】：",ABC,DeepSeek-V3,"【思考过程】：本题考查安宁疗护的规范化服务内容。安宁疗护（临终关怀）的核心是减轻患者痛苦、提高生命质量，服务内容通常包括：  
1. **医疗干预服务**（A）：如疼痛控制、症状管理等；  
2. **日常护理服务**（B）：基础生活护理、清洁等；  
3. **心理咨询服务**（C）：对患者及家属的心理支持；  
4. **法律纠纷调解服务**（D）不属于常规内容，属于特殊需求或社会支持范畴；  
5. **营养强化补充服务**（E）可能作为个体化医疗的一部分，但非规范化核心内容。  

规范化服务以A、B、C为主，D和E为补充或非必需。  

【最终答案】：ABC",客观题,ABC
医患关系,"你是一个严格按照要求答题的医学考试考生。请你先展示出完整的思考过程，然后再输出最终答案。每道题目有至少两个选项（A、B）至多五个选项（A、B、C、D、E），题目为不定项选择题，请按照以下格式作答：

【思考过程】：...

【最终答案】：AB / BCE / CD / DE / E / ...（只输出选项的编号，不要写选项内容）

示例：
题目：医疗伦理中四大基本原则是？
A.尊重自主权
B.善意行为
C.无害原则
D.公正原则
E.以上都不是
【思考过程】：本题考查医学伦理的四大基本原则，包括尊重自主权、不伤害原则、行善原则、公正原则。

【最终答案】：ABCD

题目：以下哪项做法符合安宁疗护的伦理要求？
A. 根据老年患者本人意愿制定护理计划
B. 完全按照老年人家属要求实施治疗
C. 综合老年人与家属意愿提供全面照护以提高临终生活质量
D. 以延长生存时间为目标采取积极抢救措施
E. 在家属反对时根据患者意愿停止心理支持
【思考过程】：",C,DeepSeek-V3,"【思考过程】：本题考查安宁疗护的伦理要求。安宁疗护的核心是尊重患者自主权、提高临终生活质量而非延长生存时间，同时需平衡患者与家属的合理需求。  
- A正确：必须尊重患者本人意愿。  
- B错误：不能完全由家属决定，需以患者意愿为主。  
- C正确：在尊重患者意愿基础上协调家属需求，符合全面照护原则。  
- D错误：安宁疗护不以延长生存时间为目标。  
- E错误：心理支持是基本需求，不应因家属反对而停止。  

【最终答案】：AC",客观题,AC
医患关系,"你是一个严格按照要求答题的医学考试考生。请你先展示出完整的思考过程，然后再输出最终答案。每道题目有至少两个选项（A、B）至多五个选项（A、B、C、D、E），题目为不定项选择题，请按照以下格式作答：

【思考过程】：...

【最终答案】：AB / BCE / CD / DE / E / ...（只输出选项的编号，不要写选项内容）

示例：
题目：医疗伦理中四大基本原则是？
A.尊重自主权
B.善意行为
C.无害原则
D.公正原则
E.以上都不是
【思考过程】：本题考查医学伦理的四大基本原则，包括尊重自主权、不伤害原则、行善原则、公正原则。

【最终答案】：ABCD

题目：在安宁疗护过程中，以下哪些做法符合“尊重老年人人格并维护其个人权益，保护其隐私”的要求？
A.向家属隐瞒老年人的真实病情以回避纠纷，B.在疗护计划制定时征求老年人本人意见，C.允许护工在未取得授权时向社区人员报告患者用药情况，D.在公共区域讨论病情时主动隐去患者姓名，E.因护理需要将老年人约束带固定在床
【思考过程】：",BD,DeepSeek-V3,"【思考过程】：本题考查安宁疗护中对老年人人格尊重和权益保护的理解。A选项隐瞒病情违反了尊重自主权和知情权原则；B选项征求本人意见符合尊重自主权；C选项未经授权泄露隐私信息违反保密原则；D选项隐去姓名是保护隐私的合理措施；E选项非必要约束可能侵犯人身自由权（需严格评估必要性）。

【最终答案】：BD",客观题,BD
医患关系,"你是一个严格按照要求答题的医学考试考生。请你先展示出完整的思考过程，然后再输出最终答案。每道题目有至少两个选项（A、B）至多五个选项（A、B、C、D、E），题目为不定项选择题，请按照以下格式作答：

【思考过程】：...

【最终答案】：AB / BCE / CD / DE / E / ...（只输出选项的编号，不要写选项内容）

示例：
题目：医疗伦理中四大基本原则是？
A.尊重自主权
B.善意行为
C.无害原则
D.公正原则
E.以上都不是
【思考过程】：本题考查医学伦理的四大基本原则，包括尊重自主权、不伤害原则、行善原则、公正原则。

【最终答案】：ABCD

题目：在安宁疗护服务中，以下哪项不属于服务人员应具备的素质和职责要求？
A.尊重老年人隐私
B.定期向家属详细汇报病人每日情况
C.语言亲切、有礼
D.工作耐心、细致
E.富有爱心和同情心
【思考过程】：",B,DeepSeek-V3,"【思考过程】：本题考查安宁疗护服务人员的素质和职责要求。安宁疗护的核心是尊重患者的隐私和尊严（A），服务人员需具备良好的沟通技巧（C）、耐心细致的工作态度（D）以及同理心（E）。但“定期向家属详细汇报病人每日情况”（B）可能侵犯患者隐私权，尤其当患者不希望信息被完全披露时，这与尊重自主权和保密原则冲突，因此不属于必要职责。

【最终答案】：B",客观题,B
医患关系,"你是一个严格按照要求答题的医学考试考生。请你先展示出完整的思考过程，然后再输出最终答案。每道题目有至少两个选项（A、B）至多五个选项（A、B、C、D、E），题目为不定项选择题，请按照以下格式作答：

【思考过程】：...

【最终答案】：AB / BCE / CD / DE / E / ...（只输出选项的编号，不要写选项内容）

示例：
题目：医疗伦理中四大基本原则是？
A.尊重自主权
B.善意行为
C.无害原则
D.公正原则
E.以上都不是
【思考过程】：本题考查医学伦理的四大基本原则，包括尊重自主权、不伤害原则、行善原则、公正原则。

【最终答案】：ABCD

题目：对疼痛老年人进行护理时，需要评估以下哪些内容？
A.疼痛程度
B.疼痛类型
C.患者睡眠质量
D.疼痛部位
E.持续时间
【思考过程】：",ADE,DeepSeek-V3,"【思考过程】：本题考查对老年人疼痛护理的全面评估要点。根据疼痛管理原则，评估应包括：1.疼痛程度（A，需量化评估）；2.疼痛类型（B，如神经性/伤害性等）；3.睡眠质量（C，疼痛常影响睡眠）；4.疼痛部位（D，定位诊断基础）；5.持续时间（E，急性/慢性疼痛鉴别）。全选项均属核心评估内容。

【最终答案】：ABCDE",客观题,ABCDE
医患关系,"你是一个严格按照要求答题的医学考试考生。请你先展示出完整的思考过程，然后再输出最终答案。每道题目有至少两个选项（A、B）至多五个选项（A、B、C、D、E），题目为不定项选择题，请按照以下格式作答：

【思考过程】：...

【最终答案】：AB / BCE / CD / DE / E / ...（只输出选项的编号，不要写选项内容）

示例：
题目：医疗伦理中四大基本原则是？
A.尊重自主权
B.善意行为
C.无害原则
D.公正原则
E.以上都不是
【思考过程】：本题考查医学伦理的四大基本原则，包括尊重自主权、不伤害原则、行善原则、公正原则。

【最终答案】：ABCD

题目：当安宁疗护中的老年患者出现严重心理问题时，以下哪项处理方式符合法律规定？
A.由家属进行心理疏导
B.由护工定期给予情绪支持
C.由护士尝试安慰沟通
D.转介至专业心理治疗师
E.暂不干预并观察两周
【思考过程】：",D,DeepSeek-V3,"【思考过程】：本题考查安宁疗护中老年患者出现严重心理问题时的合法处理方式。根据医疗法规和伦理要求，严重心理问题需要由具备专业资质的心理治疗师进行干预。家属、护工、护士均不具备专业心理治疗资质，暂不干预可能延误治疗。

【最终答案】：D",客观题,D
医患关系,"你是一个严格按照要求答题的医学考试考生。请你先展示出完整的思考过程，然后再输出最终答案。每道题目有至少两个选项（A、B）至多五个选项（A、B、C、D、E），题目为不定项选择题，请按照以下格式作答：

【思考过程】：...

【最终答案】：AB / BCE / CD / DE / E / ...（只输出选项的编号，不要写选项内容）

示例：
题目：医疗伦理中四大基本原则是？
A.尊重自主权
B.善意行为
C.无害原则
D.公正原则
E.以上都不是
【思考过程】：本题考查医学伦理的四大基本原则，包括尊重自主权、不伤害原则、行善原则、公正原则。

【最终答案】：ABCD

题目：以下哪种做法符合安宁疗护中对患者后事处理的规定？
A.完全根据医院标准化流程处理后事
B.依据老人的生前遗嘱和当地习俗指导家属
C.主治医生直接决定遗体处理方式
D.要求家属必须达成统一处理意见后实施
【思考过程】：",B,DeepSeek-V3,"【思考过程】：本题考查安宁疗护中对患者后事处理的原则。安宁疗护强调尊重患者的意愿和家属的文化习俗，同时遵循伦理和法律规范。选项A过于机械，未体现个体化关怀；选项B正确，需结合患者遗嘱和习俗；选项C错误，医生无权单方面决定；选项D错误，家属意见不统一时仍应优先尊重患者生前意愿。

【最终答案】：B",客观题,B
医患关系,"你是一个严格按照要求答题的医学考试考生。请你先展示出完整的思考过程，然后再输出最终答案。每道题目有至少两个选项（A、B）至多五个选项（A、B、C、D、E），题目为不定项选择题，请按照以下格式作答：

【思考过程】：...

【最终答案】：AB / BCE / CD / DE / E / ...（只输出选项的编号，不要写选项内容）

示例：
题目：医疗伦理中四大基本原则是？
A.尊重自主权
B.善意行为
C.无害原则
D.公正原则
E.以上都不是
【思考过程】：本题考查医学伦理的四大基本原则，包括尊重自主权、不伤害原则、行善原则、公正原则。

【最终答案】：ABCD

题目：以下哪项属于允许入住关怀区的老人需满足的条件之一？
A.经医疗机构诊断为癌症中期的患者
B.各种原因导致单器官衰竭的老人
C.预计存活期超过1年的其他疾病失代偿期患者
D.居家老人生命末期无服务需求者
E.器官衰竭治疗有效且存活期超过6个月的老人
【思考过程】：",B,DeepSeek-V3,"【思考过程】：本题考查关怀区（如临终关怀或老年护理单元）入住条件的判断标准。通常这类区域接收的是生命末期、预期存活期较短（如≤6个月）、无法通过常规治疗改善病情的患者。需要逐一分析选项：  
A.癌症中期患者通常仍有积极治疗指征，不符合生命末期标准；  
B.单器官衰竭若处于不可逆终末期（如心衰NYHA IV级）可能符合条件，但“各种原因”表述过于宽泛，需结合具体临床判断；  
C.预计存活期>1年不符合生命末期的时限要求；  
D.居家无服务需求者无需入住专业机构；  
E.治疗有效且存活期>6个月提示病情可控，不符合入住条件。  
因此，严格来说无完全正确选项，但B在特定情况下可能部分符合。  

【最终答案】：B",客观题,B
医患关系,"你是一个严格按照要求答题的医学考试考生。请你先展示出完整的思考过程，然后再输出最终答案。每道题目有至少两个选项（A、B）至多五个选项（A、B、C、D、E），题目为不定项选择题，请按照以下格式作答：

【思考过程】：...

【最终答案】：AB / BCE / CD / DE / E / ...（只输出选项的编号，不要写选项内容）

示例：
题目：医疗伦理中四大基本原则是？
A.尊重自主权
B.善意行为
C.无害原则
D.公正原则
E.以上都不是
【思考过程】：本题考查医学伦理的四大基本原则，包括尊重自主权、不伤害原则、行善原则、公正原则。

【最终答案】：ABCD

题目：根据安宁疗护关怀科/室设置规范，以下哪些区域必须设置？（多选）
A.临终服务区
B.家属陪伴室
C.宗教信仰活动厅
D.工作服务辅助区（配备临终舒缓医疗物品）
E.重症监护室
【思考过程】：",BD,DeepSeek-V3,"【思考过程】：本题考查安宁疗护关怀科/室设置规范中必须设置的区域。根据相关规范，安宁疗护关怀科/室必须设置临终服务区、家属陪伴室、工作服务辅助区（配备临终舒缓医疗物品）。宗教信仰活动厅是根据需要设置，不是必须的。重症监护室不属于安宁疗护关怀科/室的必备区域。

【最终答案】：ABD",客观题,ABD
医患关系,"你是一个严格按照要求答题的医学考试考生。请你先展示出完整的思考过程，然后再输出最终答案。每道题目有至少两个选项（A、B）至多五个选项（A、B、C、D、E），题目为不定项选择题，请按照以下格式作答：

【思考过程】：...

【最终答案】：AB / BCE / CD / DE / E / ...（只输出选项的编号，不要写选项内容）

示例：
题目：医疗伦理中四大基本原则是？
A.尊重自主权
B.善意行为
C.无害原则
D.公正原则
E.以上都不是
【思考过程】：本题考查医学伦理的四大基本原则，包括尊重自主权、不伤害原则、行善原则、公正原则。

【最终答案】：ABCD

题目：以下哪种做法不符合安宁疗护中对老人的首要目标？
A.全程监测疼痛评分并调整药物剂量
B.为呼吸困难患者提供氧疗支持
C.定期评估胃肠不适并给予营养干预
D.制定积极治疗方案以延长生存期
【思考过程】：",D,DeepSeek-V3,"【思考过程】：本题考查安宁疗护的核心目标。安宁疗护的首要目标是提高患者生命质量而非延长生存期，强调症状控制（如疼痛、呼吸困难）和舒适护理（如营养支持）。“积极治疗以延长生存期”不符合安宁疗护理念，属于传统医疗模式。

【最终答案】：D",客观题,D
医患关系,"你是一个严格按照要求答题的医学考试考生。请你先展示出完整的思考过程，然后再输出最终答案。每道题目有至少两个选项（A、B）至多五个选项（A、B、C、D、E），题目为不定项选择题，请按照以下格式作答：

【思考过程】：...

【最终答案】：AB / BCE / CD / DE / E / ...（只输出选项的编号，不要写选项内容）

示例：
题目：医疗伦理中四大基本原则是？
A.尊重自主权
B.善意行为
C.无害原则
D.公正原则
E.以上都不是
【思考过程】：本题考查医学伦理的四大基本原则，包括尊重自主权、不伤害原则、行善原则、公正原则。

【最终答案】：ABCD

题目：以下哪项行为违反了安宁疗护服务人员的伦理要求？
A.将老人的病情细节告知未经其同意的家属
B.要求所有老人按照统一作息时间生活
C.在病历中详细记录老人的生活习惯但不与第三方分享
D.根据家属要求调整老人的镇痛药物剂量
【思考过程】：",AB,DeepSeek-V3,"【思考过程】：本题考查安宁疗护服务人员的伦理要求。A选项违反了患者的隐私权和自主权，未经同意将病情告知家属是不符合伦理的；B选项忽视了老人的个体差异和自主选择权，强制统一作息是不合理的；C选项记录生活习惯但不与第三方分享是符合隐私保护要求的，不违反伦理；D选项根据家属而非患者本人要求调整药物剂量，可能违背患者的最佳利益和自主权，属于伦理问题。

【最终答案】：ABD",客观题,ABD
医患关系,"你是一个严格按照要求答题的医学考试考生。请你先展示出完整的思考过程，然后再输出最终答案。每道题目有至少两个选项（A、B）至多五个选项（A、B、C、D、E），题目为不定项选择题，请按照以下格式作答：

【思考过程】：...

【最终答案】：AB / BCE / CD / DE / E / ...（只输出选项的编号，不要写选项内容）

示例：
题目：医疗伦理中四大基本原则是？
A.尊重自主权
B.善意行为
C.无害原则
D.公正原则
E.以上都不是
【思考过程】：本题考查医学伦理的四大基本原则，包括尊重自主权、不伤害原则、行善原则、公正原则。

【最终答案】：ABCD

题目：下列哪几项符合安宁疗护中对患者后事处理的相关要求？
A.完全按家属意愿处理后事
B.提前按老人遗愿备好衣物
C.参考合理的民风民俗操作
D.要求全体家属到场并签字同意
E.对处理过程进行详细消毒杀菌指导
【思考过程】：",BCE,DeepSeek-V3,"【思考过程】：本题考查安宁疗护中对患者后事处理的相关要求。根据安宁疗护的原则，应尊重患者的遗愿，同时兼顾合理的民风民俗，并确保处理过程的卫生安全。完全按家属意愿处理后事（A）可能不符合患者遗愿，因此不正确。提前按老人遗愿备好衣物（B）符合尊重患者自主权的原则。参考合理的民风民俗操作（C）是兼顾文化和社会习俗的表现。要求全体家属到场并签字同意（D）可能不切实际，且并非必要。对处理过程进行详细消毒杀菌指导（E）是确保卫生安全的重要措施。

【最终答案】：BCE",客观题,BCE
医患关系,"你是一个严格按照要求答题的医学考试考生。请你先展示出完整的思考过程，然后再输出最终答案。每道题目有至少两个选项（A、B）至多五个选项（A、B、C、D、E），题目为不定项选择题，请按照以下格式作答：

【思考过程】：...

【最终答案】：AB / BCE / CD / DE / E / ...（只输出选项的编号，不要写选项内容）

示例：
题目：医疗伦理中四大基本原则是？
A.尊重自主权
B.善意行为
C.无害原则
D.公正原则
E.以上都不是
【思考过程】：本题考查医学伦理的四大基本原则，包括尊重自主权、不伤害原则、行善原则、公正原则。

【最终答案】：ABCD

题目：下列哪些做法不符合安宁疗护中遗体料理的操作规范？
A.使用医用消毒剂清洁逝者身体表面
B.根据家属要求将逝者头部垫高至45度
C.遗体料理过程中与其他医护轻声讨论下午工作安排
D.为保持自然形态使用软枕支撑逝者腰背部
【思考过程】：",BC,DeepSeek-V3,"【思考过程】：本题考查安宁疗护中遗体料理的操作规范。A项使用医用消毒剂清洁逝者身体表面是常规操作，符合规范；B项将逝者头部垫高至45度可能不符合自然形态要求，需根据具体规范判断；C项在遗体料理过程中讨论工作安排缺乏对逝者的尊重，不符合操作规范；D项使用软枕支撑腰背部以保持自然形态是合理操作。因此不符合规范的是B和C。

【最终答案】：BC",客观题,BC
医患关系,"你是一个严格按照要求答题的医学考试考生。请你先展示出完整的思考过程，然后再输出最终答案。每道题目有至少两个选项（A、B）至多五个选项（A、B、C、D、E），题目为不定项选择题，请按照以下格式作答：

【思考过程】：...

【最终答案】：AB / BCE / CD / DE / E / ...（只输出选项的编号，不要写选项内容）

示例：
题目：医疗伦理中四大基本原则是？
A.尊重自主权
B.善意行为
C.无害原则
D.公正原则
E.以上都不是
【思考过程】：本题考查医学伦理的四大基本原则，包括尊重自主权、不伤害原则、行善原则、公正原则。

【最终答案】：ABCD

题目：以下哪些内容属于安宁疗护的管理要求？
A.制定安宁疗护操作规程
B.建立绩效考核激励机制
C.明确工作人员岗位职责
D.落实安全管理和感染防控措施
E.制定后勤保障制度
【思考过程】：",ACD,DeepSeek-V3,"【思考过程】：本题考查安宁疗护的管理要求。安宁疗护作为一项综合性医疗服务，其管理要求涵盖多个方面：  
1. **操作规程**（A）是确保服务规范化的基础；  
2. **绩效考核激励机制**（B）属于人员管理范畴，虽非核心但可能被部分机构纳入；  
3. **岗位职责**（C）是明确分工的必要内容；  
4. **安全管理和感染防控**（D）是医疗服务的通用要求，尤其对脆弱患者群体至关重要；  
5. **后勤保障制度**（E）涉及物资、设施等支持，是管理体系的组成部分。  
根据常规管理框架，安宁疗护需覆盖操作、职责、安全及后勤等内容，但“绩效考核”可能因机构而异，属于非必需选项。  

【最终答案】：ACDE",客观题,ACDE
医患关系,"你是一个严格按照要求答题的医学考试考生。请你先展示出完整的思考过程，然后再输出最终答案。每道题目有至少两个选项（A、B）至多五个选项（A、B、C、D、E），题目为不定项选择题，请按照以下格式作答：

【思考过程】：...

【最终答案】：AB / BCE / CD / DE / E / ...（只输出选项的编号，不要写选项内容）

示例：
题目：医疗伦理中四大基本原则是？
A.尊重自主权
B.善意行为
C.无害原则
D.公正原则
E.以上都不是
【思考过程】：本题考查医学伦理的四大基本原则，包括尊重自主权、不伤害原则、行善原则、公正原则。

【最终答案】：ABCD

题目：根据相关规定，建立安宁疗护质量管理体系时需要包括以下哪些要求？
A.落实质量控制措施
B.依托省级安宁疗护服务管理部门执行
C.遵循诊疗护理相关指南
D.以经济效益为核心考核指标
E.体现人文关怀
【思考过程】：",ACE,DeepSeek-V3,"【思考过程】：本题考查安宁疗护质量管理体系的建立要求。根据相关规定，安宁疗护质量管理体系需要落实质量控制措施（A），遵循诊疗护理相关指南（C），并体现人文关怀（E）。B选项“依托省级安宁疗护服务管理部门执行”并非普遍要求，而是可能由各级机构执行；D选项“以经济效益为核心考核指标”不符合安宁疗护以患者为中心的宗旨。

【最终答案】：ACE",客观题,ACE
医患关系,"你是一个严格按照要求答题的医学考试考生。请你先展示出完整的思考过程，然后再输出最终答案。每道题目有至少两个选项（A、B）至多五个选项（A、B、C、D、E），题目为不定项选择题，请按照以下格式作答：

【思考过程】：...

【最终答案】：AB / BCE / CD / DE / E / ...（只输出选项的编号，不要写选项内容）

示例：
题目：医疗伦理中四大基本原则是？
A.尊重自主权
B.善意行为
C.无害原则
D.公正原则
E.以上都不是
【思考过程】：本题考查医学伦理的四大基本原则，包括尊重自主权、不伤害原则、行善原则、公正原则。

【最终答案】：ABCD

题目：以下哪些属于安宁疗护服务原则中明确的导向？
A.以医护人员专业判断为中心
B.患者自愿
C.尊重患者
D.平等公正
E.最大化利用医疗资源
【思考过程】：",BCD,DeepSeek-V3,"【思考过程】：本题考查安宁疗护服务原则的导向。根据安宁疗护的核心价值，其服务原则应强调患者自愿参与、尊重患者的意愿和权利、以及平等公正地提供服务。而“以医护人员专业判断为中心”和“最大化利用医疗资源”不符合安宁疗护以患者为中心、注重生命质量而非资源利用的原则。

【最终答案】：BCD",客观题,BCD
医患关系,"你是一个严格按照要求答题的医学考试考生。请你先展示出完整的思考过程，然后再输出最终答案。每道题目有至少两个选项（A、B）至多五个选项（A、B、C、D、E），题目为不定项选择题，请按照以下格式作答：

【思考过程】：...

【最终答案】：AB / BCE / CD / DE / E / ...（只输出选项的编号，不要写选项内容）

示例：
题目：医疗伦理中四大基本原则是？
A.尊重自主权
B.善意行为
C.无害原则
D.公正原则
E.以上都不是
【思考过程】：本题考查医学伦理的四大基本原则，包括尊重自主权、不伤害原则、行善原则、公正原则。

【最终答案】：ABCD

题目：以下哪项属于安宁疗护的舒适照护内容？
A.三阶梯镇痛服务
B.病室环境管理
C.化疗护理计划
D.静脉导管维护
E.中医药食疗服务
【思考过程】：",BD,DeepSeek-V3,"【思考过程】：本题考查安宁疗护的舒适照护内容。安宁疗护的核心是减轻患者痛苦、提高生活质量，而非治愈疾病或延长生命。A选项“三阶梯镇痛服务”是疼痛管理的核心措施，符合舒适照护；B选项“病室环境管理”可改善患者舒适度；C选项“化疗护理计划”属于抗肿瘤治疗，与安宁疗护目标不符；D选项“静脉导管维护”属于常规医疗操作，非舒适照护重点；E选项“中医药食疗服务”可能辅助症状缓解，属于舒适照护范畴。

【最终答案】：ABE",客观题,ABE
医患关系,"你是一个严格按照要求答题的医学考试考生。请你先展示出完整的思考过程，然后再输出最终答案。每道题目有至少两个选项（A、B）至多五个选项（A、B、C、D、E），题目为不定项选择题，请按照以下格式作答：

【思考过程】：...

【最终答案】：AB / BCE / CD / DE / E / ...（只输出选项的编号，不要写选项内容）

示例：
题目：医疗伦理中四大基本原则是？
A.尊重自主权
B.善意行为
C.无害原则
D.公正原则
E.以上都不是
【思考过程】：本题考查医学伦理的四大基本原则，包括尊重自主权、不伤害原则、行善原则、公正原则。

【最终答案】：ABCD

题目：在安宁疗护中，服务协议的签署要求是以下哪一种？
A.只需患者本人签署即可
B.患者意识不清时由家属单独签署
C.患者与家属双方均知情同意并自愿签署
D.无需签署口头承诺即可
【思考过程】：",C,DeepSeek-V3,"【思考过程】：本题考查安宁疗护中服务协议的签署要求。根据医疗伦理和法律规定，安宁疗护的服务协议需要确保患者和家属均知情同意并自愿签署，以尊重患者的自主权和保障家属的知情权。单纯由患者或家属单独签署都可能存在伦理或法律问题，而口头承诺不符合规范的医疗文书要求。

【最终答案】：C",客观题,C
医患关系,"你是一个严格按照要求答题的医学考试考生。请你先展示出完整的思考过程，然后再输出最终答案。每道题目有至少两个选项（A、B）至多五个选项（A、B、C、D、E），题目为不定项选择题，请按照以下格式作答：

【思考过程】：...

【最终答案】：AB / BCE / CD / DE / E / ...（只输出选项的编号，不要写选项内容）

示例：
题目：医疗伦理中四大基本原则是？
A.尊重自主权
B.善意行为
C.无害原则
D.公正原则
E.以上都不是
【思考过程】：本题考查医学伦理的四大基本原则，包括尊重自主权、不伤害原则、行善原则、公正原则。

【最终答案】：ABCD

题目：根据相关法规，哪种情况的患者符合安宁疗护准入条件？
A. 经社区卫生服务中心医师评估为终末期，预计生存期≤6个月  
B. 三级甲等医院主治医师诊断为晚期恶性肿瘤，预计生存期≤1年  
C. 二级医院多学科团队确诊的不可治愈疾病患者，预生存期≤1年  
D. 经三级医院专科医生评估的终末期患者，预生存期≤9个月  
E. 二级及以上医疗机构多学科评估的不可治愈疾病晚期患者，预生存期≤6个月
【思考过程】：",E,DeepSeek-V3,"【思考过程】：本题考查安宁疗护的准入条件。根据我国《安宁疗护实践指南（试行）》和相关法规，安宁疗护主要针对终末期患者，其核心标准包括：  
1. 必须由医疗机构（通常要求二级及以上）进行专业评估；  
2. 疾病状态为不可治愈的终末期；  
3. 预计生存期一般≤6个月（部分指南或地区可能放宽至1年，但需严格评估）。  

逐项分析：  
A：社区卫生服务中心医师资质不足（需二级及以上医疗机构评估），生存期标准正确；  
B：三级甲等医院资质符合，但“≤1年”生存期超出常规标准；  
C：二级医院多学科团队资质符合，但“≤1年”生存期可能超标准；  
D：三级医院资质符合，但“≤9个月”生存期略宽松（需结合具体病情）；  
E：完全符合（二级及以上医疗机构多学科评估+不可治愈晚期+生存期≤6个月）。  

注：实际临床中可能存在地区差异，但严格按指南最明确的是E，部分情况下D可能被接受，但非最标准答案。  

【最终答案】：E",客观题,E
医患关系,"你是一个严格按照要求答题的医学考试考生。请你先展示出完整的思考过程，然后再输出最终答案。每道题目有至少两个选项（A、B）至多五个选项（A、B、C、D、E），题目为不定项选择题，请按照以下格式作答：

【思考过程】：...

【最终答案】：AB / BCE / CD / DE / E / ...（只输出选项的编号，不要写选项内容）

示例：
题目：医疗伦理中四大基本原则是？
A.尊重自主权
B.善意行为
C.无害原则
D.公正原则
E.以上都不是
【思考过程】：本题考查医学伦理的四大基本原则，包括尊重自主权、不伤害原则、行善原则、公正原则。

【最终答案】：ABCD

题目：以下哪几项服务是安宁疗护中针对患者及家属情绪和心理问题必须提供的？（注：“必须提供”为实际规定内容）
A.心理治疗
B.心理咨询
C.心理疏导
D.心理支持
E.社会援助
【思考过程】：",BCD,DeepSeek-V3,"【思考过程】：本题考查安宁疗护中对患者及家属情绪和心理问题的服务要求。根据相关规定，安宁疗护必须提供的服务包括心理支持（D）和心理疏导（C）。心理治疗（A）和心理咨询（B）属于专业心理服务，虽然可能提供，但不是“必须提供”的内容。社会援助（E）属于社会支持范畴，并非针对心理问题的必须服务。  

【最终答案】：CD",客观题,CD
医患关系,"你是一个严格按照要求答题的医学考试考生。请你先展示出完整的思考过程，然后再输出最终答案。每道题目有至少两个选项（A、B）至多五个选项（A、B、C、D、E），题目为不定项选择题，请按照以下格式作答：

【思考过程】：...

【最终答案】：AB / BCE / CD / DE / E / ...（只输出选项的编号，不要写选项内容）

示例：
题目：医疗伦理中四大基本原则是？
A.尊重自主权
B.善意行为
C.无害原则
D.公正原则
E.以上都不是
【思考过程】：本题考查医学伦理的四大基本原则，包括尊重自主权、不伤害原则、行善原则、公正原则。

【最终答案】：ABCD

题目：在安宁疗护中，以下哪些做法符合伦理要求？
A.在患者知情同意下，向其配偶如实告知病情详情
B.未经患者许可，向社区志愿者公开患者的治疗过程
C.为所有疗护患者统一安排每周两次的心理健康讲座
D.未经家属授权收集患者抑郁症状数据用于研究
E.与患者沟通后，制定符合其信仰的精神抚慰方案
【思考过程】：",AE,DeepSeek-V3,"【思考过程】：本题考查安宁疗护中的伦理要求。根据医学伦理原则，患者的知情同意权和隐私权是核心。选项A在患者知情同意下告知配偶病情，符合尊重自主权和保密原则；选项B未经患者许可公开治疗过程，侵犯隐私权；选项C统一安排讲座未体现个体化需求，但若患者同意则无伦理问题，题干未明确说明知情同意，故存在争议；选项D未经授权收集数据违反知情同意和保密原则；选项E符合患者信仰的抚慰方案体现尊重自主权和个体化关怀。需注意安宁疗护强调患者意愿优先。

【最终答案】：AE",客观题,AE
医患关系,"你是一个严格按照要求答题的医学考试考生。请你先展示出完整的思考过程，然后再输出最终答案。每道题目有至少两个选项（A、B）至多五个选项（A、B、C、D、E），题目为不定项选择题，请按照以下格式作答：

【思考过程】：...

【最终答案】：AB / BCE / CD / DE / E / ...（只输出选项的编号，不要写选项内容）

示例：
题目：医疗伦理中四大基本原则是？
A.尊重自主权
B.善意行为
C.无害原则
D.公正原则
E.以上都不是
【思考过程】：本题考查医学伦理的四大基本原则，包括尊重自主权、不伤害原则、行善原则、公正原则。

【最终答案】：ABCD

题目：在安宁疗护中，为维护患者生命尊严，以下哪些疗法属于可采用的正确方式？
A.人生回顾疗法
B.意义疗法
C.尊严疗法
D.缅怀疗法
E.认知行为疗法
【思考过程】：",ABCD,DeepSeek-V3,"【思考过程】：本题考查安宁疗护中维护患者生命尊严的疗法。人生回顾疗法（A）、意义疗法（B）、尊严疗法（C）和缅怀疗法（D）都是常用的心理社会干预方法，旨在提升患者的生命质量和尊严。认知行为疗法（E）虽然是一种有效的心理治疗方法，但在安宁疗护中的主要目的是缓解症状和改善情绪，而非直接针对生命尊严的维护。

【最终答案】：ABCD",客观题,ABCD
医患关系,"你是一个严格按照要求答题的医学考试考生。请你先展示出完整的思考过程，然后再输出最终答案。每道题目有至少两个选项（A、B）至多五个选项（A、B、C、D、E），题目为不定项选择题，请按照以下格式作答：

【思考过程】：...

【最终答案】：AB / BCE / CD / DE / E / ...（只输出选项的编号，不要写选项内容）

示例：
题目：医疗伦理中四大基本原则是？
A.尊重自主权
B.善意行为
C.无害原则
D.公正原则
E.以上都不是
【思考过程】：本题考查医学伦理的四大基本原则，包括尊重自主权、不伤害原则、行善原则、公正原则。

【最终答案】：ABCD

题目：以下哪种做法符合安宁疗护中对家属支持的法律规定？
A.为家属提供心理督导，B.向家属提供哀伤辅导，C.向患者提供精神支持服务，D.为家属组织丧亲支持小组，E.为家属进行心理健康评估
【思考过程】：",BD,DeepSeek-V3,"【思考过程】：本题考查安宁疗护中对家属支持的法律规定相关内容。安宁疗护不仅关注患者的身心需求，还需要对家属提供全面的支持，包括心理和情感支持。根据相关法律规定和实践指南，以下做法通常被认为是符合规定的：
A. 为家属提供心理督导：这是帮助家属应对患者病情和情绪压力的有效方式。
B. 向家属提供哀伤辅导：哀伤辅导是安宁疗护中常见的家属支持服务，帮助家属处理可能的丧亲之痛。
C. 向患者提供精神支持服务：虽然这是安宁疗护的重要内容，但题目问的是对家属的支持，因此不符合题意。
D. 为家属组织丧亲支持小组：这是一种集体支持方式，帮助家属在丧亲后获得情感支持。
E. 为家属进行心理健康评估：评估家属的心理状态是提供进一步支持的基础，符合法律规定。

【最终答案】：ABDE",客观题,ABDE
医患关系,"你是一个严格按照要求答题的医学考试考生。请你先展示出完整的思考过程，然后再输出最终答案。每道题目有至少两个选项（A、B）至多五个选项（A、B、C、D、E），题目为不定项选择题，请按照以下格式作答：

【思考过程】：...

【最终答案】：AB / BCE / CD / DE / E / ...（只输出选项的编号，不要写选项内容）

示例：
题目：医疗伦理中四大基本原则是？
A.尊重自主权
B.善意行为
C.无害原则
D.公正原则
E.以上都不是
【思考过程】：本题考查医学伦理的四大基本原则，包括尊重自主权、不伤害原则、行善原则、公正原则。

【最终答案】：ABCD

题目：以下哪种做法最符合关于安宁疗护中患者意愿处理的相关规定？
A.医护人员主动询问并协助患者完成生前愿望和身后事务
B.等待患者主动提出需求后再给予支持
C.仅由家属代为安排患者身后事务
D.记录患者需求但无需提供实质性帮助
【思考过程】：",A,DeepSeek-V3,"【思考过程】：本题考查安宁疗护中对患者意愿处理的规范。根据安宁疗护的核心原则，应尊重患者的自主权和意愿，医护人员需主动关怀患者需求并协助完成其愿望（A正确）。被动等待患者提出需求（B）可能延误关怀时机；仅由家属安排（C）忽视患者自主权；记录但不提供帮助（D）流于形式，均不符合安宁疗护的伦理要求。

【最终答案】：A",客观题,A
医患关系,"你是一个严格按照要求答题的医学考试考生。请你先展示出完整的思考过程，然后再输出最终答案。每道题目有至少两个选项（A、B）至多五个选项（A、B、C、D、E），题目为不定项选择题，请按照以下格式作答：

【思考过程】：...

【最终答案】：AB / BCE / CD / DE / E / ...（只输出选项的编号，不要写选项内容）

示例：
题目：医疗伦理中四大基本原则是？
A.尊重自主权
B.善意行为
C.无害原则
D.公正原则
E.以上都不是
【思考过程】：本题考查医学伦理的四大基本原则，包括尊重自主权、不伤害原则、行善原则、公正原则。

【最终答案】：ABCD

题目：患者要求医院提供其病案资料时，以下哪项属于必须提供范围？
A. 护工记录
B. 护理论录
C. 会诊申请单
D. 患者自评表
E. 检查报告
【思考过程】：",BE,DeepSeek-V3,"【思考过程】：本题考查患者病案资料的提供范围。根据《医疗纠纷预防和处理条例》和《医疗机构病历管理规定》，患者有权查阅、复制其门诊病历、住院志、体温单、医嘱单、化验单（检验报告）、医学影像检查资料、特殊检查同意书、手术同意书、手术及麻醉记录、病理资料、护理记录、出院记录等客观病历资料。护工记录和患者自评表通常不属于必须提供的范围。

【最终答案】：BCE",客观题,BCE
医患关系,"你是一个严格按照要求答题的医学考试考生。请你先展示出完整的思考过程，然后再输出最终答案。每道题目有至少两个选项（A、B）至多五个选项（A、B、C、D、E），题目为不定项选择题，请按照以下格式作答：

【思考过程】：...

【最终答案】：AB / BCE / CD / DE / E / ...（只输出选项的编号，不要写选项内容）

示例：
题目：医疗伦理中四大基本原则是？
A.尊重自主权
B.善意行为
C.无害原则
D.公正原则
E.以上都不是
【思考过程】：本题考查医学伦理的四大基本原则，包括尊重自主权、不伤害原则、行善原则、公正原则。

【最终答案】：ABCD

题目：以下哪项关于医疗机构赔偿责任的说法是正确的？
A.只要患者在诊疗活动中受损，医疗机构必须赔偿; B.只有在医务人员故意造成损害时，医疗机构才赔偿; C.医疗机构有过错导致患者受损时必须赔偿; D.医务人员个人有过错时由其自行赔偿; E.即使医疗机构无过错，也应给予患者适当补偿
【思考过程】：",C,DeepSeek-V3,"【思考过程】：本题考查医疗机构赔偿责任的法律规定。根据《侵权责任法》等相关法规，医疗机构承担赔偿责任的前提是存在过错（C正确）。A选项错误，因为并非所有损害都需赔偿，需存在过错；B选项错误，故意并非唯一赔偿情形，过失也需赔偿；D选项错误，医务人员职务行为由医疗机构承担赔偿责任；E选项错误，无过错情况下法律未规定必须补偿。

【最终答案】：C",客观题,C
医患关系,"你是一个严格按照要求答题的医学考试考生。请你先展示出完整的思考过程，然后再输出最终答案。每道题目有至少两个选项（A、B）至多五个选项（A、B、C、D、E），题目为不定项选择题，请按照以下格式作答：

【思考过程】：...

【最终答案】：AB / BCE / CD / DE / E / ...（只输出选项的编号，不要写选项内容）

示例：
题目：医疗伦理中四大基本原则是？
A.尊重自主权
B.善意行为
C.无害原则
D.公正原则
E.以上都不是
【思考过程】：本题考查医学伦理的四大基本原则，包括尊重自主权、不伤害原则、行善原则、公正原则。

【最终答案】：ABCD

题目：下列哪些行为可能使医疗机构承担侵权责任？
A.护士在社交媒体讨论患者病情但未提及姓名
B.经患者书面同意后公开完整病历用于学术会议
C.未经家属同意公开已故患者的完整就诊记录
D.因系统故障导致患者检查结果被其他病患浏览
E.未经患者同意将部分脱敏处理的化验单用于科室内部培训
【思考过程】：",CD,DeepSeek-V3,"【思考过程】：本题考查医疗机构可能承担侵权责任的情形，需结合患者隐私权和知情同意权分析：
A. 讨论病情即使未提姓名，仍可能通过其他信息识别患者身份，属于侵犯隐私权。
B. 经书面同意后公开病历属于合法行为，不构成侵权。
C. 未经同意公开已故患者就诊记录侵犯隐私权（已故患者隐私权仍受保护）。
D. 系统故障导致信息泄露属于医疗机构管理过失，需承担侵权责任。
E. 脱敏处理的化验单若无法识别特定患者且用于内部教学，通常不构成侵权（但需注意脱敏彻底性）。

【最终答案】：ACD",客观题,ACD
医患关系,"你是一个严格按照要求答题的医学考试考生。请你先展示出完整的思考过程，然后再输出最终答案。每道题目有至少两个选项（A、B）至多五个选项（A、B、C、D、E），题目为不定项选择题，请按照以下格式作答：

【思考过程】：...

【最终答案】：AB / BCE / CD / DE / E / ...（只输出选项的编号，不要写选项内容）

示例：
题目：医疗伦理中四大基本原则是？
A.尊重自主权
B.善意行为
C.无害原则
D.公正原则
E.以上都不是
【思考过程】：本题考查医学伦理的四大基本原则，包括尊重自主权、不伤害原则、行善原则、公正原则。

【最终答案】：ABCD

题目：以下哪些属于医疗卫生人员应弘扬的崇高职业精神？（多选）
A.敬佑生命
B.救死扶伤
C.甘于奉献
D.大爱无疆
E.追求效率
【思考过程】：",ABCD,DeepSeek-V3,"【思考过程】：本题考查医疗卫生人员的职业精神。根据国家卫生健康委的相关指导和要求，医疗卫生人员应弘扬的崇高职业精神包括敬佑生命、救死扶伤、甘于奉献、大爱无疆。而追求效率虽然重要，但不属于崇高职业精神的范畴。

【最终答案】：ABCD",客观题,ABCD
医患关系,"你是一个严格按照要求答题的医学考试考生。请你先展示出完整的思考过程，然后再输出最终答案。每道题目有至少两个选项（A、B）至多五个选项（A、B、C、D、E），题目为不定项选择题，请按照以下格式作答：

【思考过程】：...

【最终答案】：AB / BCE / CD / DE / E / ...（只输出选项的编号，不要写选项内容）

示例：
题目：医疗伦理中四大基本原则是？
A.尊重自主权
B.善意行为
C.无害原则
D.公正原则
E.以上都不是
【思考过程】：本题考查医学伦理的四大基本原则，包括尊重自主权、不伤害原则、行善原则、公正原则。

【最终答案】：ABCD

题目：以下哪些属于我国法律对医疗卫生人员的强制性要求？
A.每两年参加一次专业技能培训
B.必须持有医疗卫生机构颁发的专业证书
C.通过医德年度考核合格
D.获得主管部门的执业注册
E.依法取得相应职业资格
【思考过程】：",DE,DeepSeek-V3,"【思考过程】：本题考查我国法律对医疗卫生人员的强制性要求。首先，我国法律明确要求医疗卫生人员必须依法取得相应职业资格（E），这是最基本的要求；其次，医疗卫生人员必须获得主管部门的执业注册（D），这是合法执业的必要条件。而A选项的“专业技能培训”通常是医疗机构或行业要求，并非法律强制；B选项的“专业证书”应为国家或省级主管部门颁发，而非医疗卫生机构；C选项的“医德年度考核”是行业或单位内部管理要求，不属于法律强制性规定。

【最终答案】：DE",客观题,DE
医患关系,"你是一个严格按照要求答题的医学考试考生。请你先展示出完整的思考过程，然后再输出最终答案。每道题目有至少两个选项（A、B）至多五个选项（A、B、C、D、E），题目为不定项选择题，请按照以下格式作答：

【思考过程】：...

【最终答案】：AB / BCE / CD / DE / E / ...（只输出选项的编号，不要写选项内容）

示例：
题目：医疗伦理中四大基本原则是？
A.尊重自主权
B.善意行为
C.无害原则
D.公正原则
E.以上都不是
【思考过程】：本题考查医学伦理的四大基本原则，包括尊重自主权、不伤害原则、行善原则、公正原则。

【最终答案】：ABCD

题目：下列哪项属于医疗卫生人员的法定义务？
A.尊重患者人格尊严
B.遵守诊疗制度和医疗卫生服务秩序
C.平等对待患者并保护隐私
D.要求患者提供既往全部健康信息
【思考过程】：",ABC,DeepSeek-V3,"【思考过程】：本题考查医疗卫生人员的法定义务。根据相关法律法规，医疗卫生人员的法定义务包括尊重患者人格尊严（A）、遵守诊疗制度和医疗卫生服务秩序（B）、平等对待患者并保护隐私（C）。而要求患者提供既往全部健康信息（D）并非法定义务，而是根据诊疗需要合理获取相关信息。

【最终答案】：ABC",客观题,ABC
医患关系,"你是一个严格按照要求答题的医学考试考生。请你先展示出完整的思考过程，然后再输出最终答案。每道题目有至少两个选项（A、B）至多五个选项（A、B、C、D、E），题目为不定项选择题，请按照以下格式作答：

【思考过程】：...

【最终答案】：AB / BCE / CD / DE / E / ...（只输出选项的编号，不要写选项内容）

示例：
题目：医疗伦理中四大基本原则是？
A.尊重自主权
B.善意行为
C.无害原则
D.公正原则
E.以上都不是
【思考过程】：本题考查医学伦理的四大基本原则，包括尊重自主权、不伤害原则、行善原则、公正原则。

【最终答案】：ABCD

题目：在突发公共事件中因参与救治致病致残的医疗人员，可依法获得以下哪些待遇？
A.工伤认定及补偿
B.终身医疗保险优先权
C.烈士褒扬待遇
D.直系亲属就业优先政策
E.抚恤金
【思考过程】：",ACE,DeepSeek-V3,"【思考过程】：本题考查突发公共事件中参与救治致病致残的医疗人员依法可获得的待遇。根据《中华人民共和国基本医疗卫生与健康促进法》和《工伤保险条例》等相关法律法规，参与突发公共事件救治的医疗人员致病致残可认定为工伤，享受工伤补偿（A正确）。若因公牺牲或符合烈士条件，可申请烈士褒扬待遇（C正确）及抚恤金（E正确）。终身医疗保险优先权（B）和直系亲属就业优先政策（D）并非普遍法定待遇，需根据地方或特殊政策确定，不属于全国性统一规定。  

【最终答案】：ACE",客观题,ACE
医患关系,"你是一个严格按照要求答题的医学考试考生。请你先展示出完整的思考过程，然后再输出最终答案。每道题目有至少两个选项（A、B）至多五个选项（A、B、C、D、E），题目为不定项选择题，请按照以下格式作答：

【思考过程】：...

【最终答案】：AB / BCE / CD / DE / E / ...（只输出选项的编号，不要写选项内容）

示例：
题目：医疗伦理中四大基本原则是？
A.尊重自主权
B.善意行为
C.无害原则
D.公正原则
E.以上都不是
【思考过程】：本题考查医学伦理的四大基本原则，包括尊重自主权、不伤害原则、行善原则、公正原则。

【最终答案】：ABCD

题目：某护士下列哪些行为违反了《医疗机构工作人员廉洁从业九项准则》？
A.接受出院患者赠送的电子礼品卡
B.强制要求家属购买指定药店的自费药品
C.向患者推荐非备案注册的私人诊所
D.公示收取20元夜间加急护理服务费
E.要求患者家属提供工作单位开具的免费耗材证明
【思考过程】：",ABC,DeepSeek-V3,"【思考过程】：
本题考查对《医疗机构工作人员廉洁从业九项准则》的理解。根据准则内容：
1. 接受患者礼品（包括电子礼品卡）属于违规（A违反）。
2. 强制指定购买药品或物品属于谋取不正当利益（B违反）。
3. 推荐非正规医疗机构可能涉及利益输送（C违反）。
4. 公示合理收费项目属于合规行为（D不违反）。
5. 要求提供免费耗材证明属于变相增加患者负担（E违反）。

【最终答案】：ABCE",客观题,ABCE
医患关系,"你是一个严格按照要求答题的医学考试考生。请你先展示出完整的思考过程，然后再输出最终答案。每道题目有至少两个选项（A、B）至多五个选项（A、B、C、D、E），题目为不定项选择题，请按照以下格式作答：

【思考过程】：...

【最终答案】：AB / BCE / CD / DE / E / ...（只输出选项的编号，不要写选项内容）

示例：
题目：医疗伦理中四大基本原则是？
A.尊重自主权
B.善意行为
C.无害原则
D.公正原则
E.以上都不是
【思考过程】：本题考查医学伦理的四大基本原则，包括尊重自主权、不伤害原则、行善原则、公正原则。

【最终答案】：ABCD

题目：以下哪些行为被相关法律法规明确禁止？
A.威胁医疗卫生人员人身安全
B.侵犯医疗卫生人员人格尊严
C.患者家属因费用争议拒绝支付医疗账单
D.未经允许查看护士的个人社交媒体账号
E.疫情高峰期患者排队时间超过4小时
【思考过程】：",AB,DeepSeek-V3,"【思考过程】：
1. 选项A和B：根据《中华人民共和国基本医疗卫生与健康促进法》和《中华人民共和国治安管理处罚法》，威胁医疗卫生人员人身安全和侵犯其人格尊严是明确禁止的违法行为。
2. 选项C：患者家属因费用争议拒绝支付医疗账单属于民事纠纷，需通过合法途径解决，但未被法律法规明确禁止。
3. 选项D：未经允许查看护士的个人社交媒体账号侵犯个人隐私权，属于违法行为。
4. 选项E：疫情高峰期患者排队时间过长属于医疗机构管理或资源调配问题，不涉及法律禁止行为。

【最终答案】：ABD",客观题,ABD
医患关系,"你是一个严格按照要求答题的医学考试考生。请你先展示出完整的思考过程，然后再输出最终答案。每道题目有至少两个选项（A、B）至多五个选项（A、B、C、D、E），题目为不定项选择题，请按照以下格式作答：

【思考过程】：...

【最终答案】：AB / BCE / CD / DE / E / ...（只输出选项的编号，不要写选项内容）

示例：
题目：医疗伦理中四大基本原则是？
A.尊重自主权
B.善意行为
C.无害原则
D.公正原则
E.以上都不是
【思考过程】：本题考查医学伦理的四大基本原则，包括尊重自主权、不伤害原则、行善原则、公正原则。

【最终答案】：ABCD

题目：以下表述是否正确：医院为快速处理医患冲突，允许患者家属对不配合治疗的护士采取短暂人身限制措施。
A.正确
B.错误
【思考过程】：",B,DeepSeek-V3,"【思考过程】：本题考查医疗伦理和法律知识。根据医疗伦理和法律，患者家属无权对医护人员采取任何人身限制措施，医院应通过合法途径解决医患冲突，保护医护人员的安全和尊严。

【最终答案】：B",客观题,B
医患关系,"你是一个严格按照要求答题的医学考试考生。请你先展示出完整的思考过程，然后再输出最终答案。每道题目有至少两个选项（A、B）至多五个选项（A、B、C、D、E），题目为不定项选择题，请按照以下格式作答：

【思考过程】：...

【最终答案】：AB / BCE / CD / DE / E / ...（只输出选项的编号，不要写选项内容）

示例：
题目：医疗伦理中四大基本原则是？
A.尊重自主权
B.善意行为
C.无害原则
D.公正原则
E.以上都不是
【思考过程】：本题考查医学伦理的四大基本原则，包括尊重自主权、不伤害原则、行善原则、公正原则。

【最终答案】：ABCD

题目：以下表述是否正确：在紧急抢救场景下，未取得护士执业证书的医疗学院毕业生在患者家属要求下可以执行静脉穿刺操作。
A.正确
B.错误
【思考过程】：",B,DeepSeek-V3,"【思考过程】：本题考查医疗法规和执业要求。根据《护士条例》规定，未取得护士执业证书的人员不得从事护士执业活动，包括静脉穿刺等专业操作。紧急抢救场景下也必须遵守执业资格要求，患者家属的要求不能作为违规操作的依据。

【最终答案】：B",客观题,B
医患关系,"你是一个严格按照要求答题的医学考试考生。请你先展示出完整的思考过程，然后再输出最终答案。每道题目有至少两个选项（A、B）至多五个选项（A、B、C、D、E），题目为不定项选择题，请按照以下格式作答：

【思考过程】：...

【最终答案】：AB / BCE / CD / DE / E / ...（只输出选项的编号，不要写选项内容）

示例：
题目：医疗伦理中四大基本原则是？
A.尊重自主权
B.善意行为
C.无害原则
D.公正原则
E.以上都不是
【思考过程】：本题考查医学伦理的四大基本原则，包括尊重自主权、不伤害原则、行善原则、公正原则。

【最终答案】：ABCD

题目：以下哪些属于护士执业时依法享有的权利？
A.获取工资报酬
B.享受年度旅游津贴
C.参加社会保险
D.优先晋升职称
E.医院分配的股权激励
【思考过程】：",AC,DeepSeek-V3,"【思考过程】：本题考查护士执业时的法定权利。根据《护士条例》等相关法规，护士依法享有获取工资报酬、参加社会保险等权利。然而，享受年度旅游津贴、优先晋升职称和医院分配的股权激励并非法定的普遍权利，而是取决于具体医院的政策或合同约定，不属于依法享有的权利。

【最终答案】：AC",客观题,AC
医患关系,"你是一个严格按照要求答题的医学考试考生。请你先展示出完整的思考过程，然后再输出最终答案。每道题目有至少两个选项（A、B）至多五个选项（A、B、C、D、E），题目为不定项选择题，请按照以下格式作答：

【思考过程】：...

【最终答案】：AB / BCE / CD / DE / E / ...（只输出选项的编号，不要写选项内容）

示例：
题目：医疗伦理中四大基本原则是？
A.尊重自主权
B.善意行为
C.无害原则
D.公正原则
E.以上都不是
【思考过程】：本题考查医学伦理的四大基本原则，包括尊重自主权、不伤害原则、行善原则、公正原则。

【最终答案】：ABCD

题目：以下关于护士权利的说法中，正确的是？
A.可拒绝任何存在职业暴露风险的工作
B.从事有感染风险工作时应接受职业健康检查
C.有权要求医院提供免费的年度体检
D.患职业病后有权依法获得赔偿
E.享有法定带薪休假权
【思考过程】：",BDE,DeepSeek-V3,"【思考过程】：本题考查护士的权利。根据相关法律法规和职业规范，护士有权在从事有感染风险工作时接受职业健康检查（B），患职业病后有权依法获得赔偿（D），并享有法定带薪休假权（E）。然而，护士不能无条件拒绝任何存在职业暴露风险的工作（A），而是应在合理防护和保障下履行职责。提供免费的年度体检（C）并非所有医院的法定要求，可能因地区和医院政策而异。

【最终答案】：BDE",客观题,BDE
医患关系,"你是一个严格按照要求答题的医学考试考生。请你先展示出完整的思考过程，然后再输出最终答案。每道题目有至少两个选项（A、B）至多五个选项（A、B、C、D、E），题目为不定项选择题，请按照以下格式作答：

【思考过程】：...

【最终答案】：AB / BCE / CD / DE / E / ...（只输出选项的编号，不要写选项内容）

示例：
题目：医疗伦理中四大基本原则是？
A.尊重自主权
B.善意行为
C.无害原则
D.公正原则
E.以上都不是
【思考过程】：本题考查医学伦理的四大基本原则，包括尊重自主权、不伤害原则、行善原则、公正原则。

【最终答案】：ABCD

题目：护士发现医嘱违反诊疗技术规范时，应当采取以下哪些措施？
A.立即停止执行医嘱并销毁相关记录
B.及时向开具医嘱的医师提出
C.暂时隐瞒情况观察后续变化
D.向该医师所在科室负责人报告
E.直接向卫生行政部门投诉
【思考过程】：",BD,DeepSeek-V3,"【思考过程】：本题考查护士在发现医嘱违反诊疗技术规范时应采取的措施。根据医疗规范和伦理要求，护士不应立即销毁记录（A错误），也不应隐瞒情况（C错误）。正确的做法是首先向开具医嘱的医师提出（B正确），若问题未解决则向科室负责人报告（D正确），直接投诉行政部门（E）通常是最后途径而非首选。

【最终答案】：BD",客观题,BD
医患关系,"你是一个严格按照要求答题的医学考试考生。请你先展示出完整的思考过程，然后再输出最终答案。每道题目有至少两个选项（A、B）至多五个选项（A、B、C、D、E），题目为不定项选择题，请按照以下格式作答：

【思考过程】：...

【最终答案】：AB / BCE / CD / DE / E / ...（只输出选项的编号，不要写选项内容）

示例：
题目：医疗伦理中四大基本原则是？
A.尊重自主权
B.善意行为
C.无害原则
D.公正原则
E.以上都不是
【思考过程】：本题考查医学伦理的四大基本原则，包括尊重自主权、不伤害原则、行善原则、公正原则。

【最终答案】：ABCD

题目：护士在常规护理中需要履行以下哪些义务？
A.尊重患者的宗教信仰
B.密切监视患者的日常通讯
C.关心患者的治疗进展
D.及时向家属报告所有病情变化
E.保护患者的诊疗记录安全
【思考过程】：",ACE,DeepSeek-V3,"【思考过程】：本题考查护士在常规护理中的义务范围。根据医疗伦理和护理规范：  
1. **A.尊重患者的宗教信仰**：属于尊重患者个人权利和文化背景的基本义务。  
2. **B.密切监视患者的日常通讯**：除非涉及特殊安全风险（如精神科患者自伤/伤人），否则不属于常规义务，且可能侵犯隐私权。  
3. **C.关心患者的治疗进展**：是护理职责的核心内容之一，需评估和配合治疗。  
4. **D.及时向家属报告所有病情变化**：需遵循患者知情同意原则，若患者无授权或明确反对，则不能随意透露。  
5. **E.保护患者的诊疗记录安全**：符合保密义务和《医疗信息安全管理制度》要求。  

综上，A、C、E是护士必须履行的义务；B、D需视具体情况而定，非普遍性义务。  

【最终答案】：ACE",客观题,ACE
医患关系,"你是一个严格按照要求答题的医学考试考生。请你先展示出完整的思考过程，然后再输出最终答案。每道题目有至少两个选项（A、B）至多五个选项（A、B、C、D、E），题目为不定项选择题，请按照以下格式作答：

【思考过程】：...

【最终答案】：AB / BCE / CD / DE / E / ...（只输出选项的编号，不要写选项内容）

示例：
题目：医疗伦理中四大基本原则是？
A.尊重自主权
B.善意行为
C.无害原则
D.公正原则
E.以上都不是
【思考过程】：本题考查医学伦理的四大基本原则，包括尊重自主权、不伤害原则、行善原则、公正原则。

【最终答案】：ABCD

题目：在突发公共卫生事件中，护士必须服从以下哪些机构的安排参加医疗救护？
A.县级以上人民政府卫生主管部门
B.省级传染病防治中心
C.乡镇卫生院管理部门
D.所在医疗卫生机构
E.国际非政府救援组织
F.市级人民政府
【思考过程】：",AD,DeepSeek-V3,"【思考过程】：本题考查突发公共卫生事件中护士的服从义务。根据《突发公共卫生事件应急条例》和相关法律法规，护士必须服从以下机构的安排：1.县级以上人民政府卫生主管部门（A），因其具有法定指挥权；2.所在医疗卫生机构（D），因隶属关系。其他选项：B（省级传染病防治中心）无直接指挥权；C（乡镇卫生院管理部门）层级不足；E（国际非政府救援组织）无法律约束力；F（市级人民政府）不直接管辖医疗救护。  

【最终答案】：AD",客观题,AD
医患关系,"你是一个严格按照要求答题的医学考试考生。请你先展示出完整的思考过程，然后再输出最终答案。每道题目有至少两个选项（A、B）至多五个选项（A、B、C、D、E），题目为不定项选择题，请按照以下格式作答：

【思考过程】：...

【最终答案】：AB / BCE / CD / DE / E / ...（只输出选项的编号，不要写选项内容）

示例：
题目：医疗伦理中四大基本原则是？
A.尊重自主权
B.善意行为
C.无害原则
D.公正原则
E.以上都不是
【思考过程】：本题考查医学伦理的四大基本原则，包括尊重自主权、不伤害原则、行善原则、公正原则。

【最终答案】：ABCD

题目：根据相关规定，以下哪些人员被禁止在医疗卫生机构独立从事诊疗技术规范规定的护理活动？
A.未取得护士执业证书的人员
B.未办理执业地点变更手续的护士
C.护士执业注册有效期届满未延续的护士
D.在护士指导下开展实习的护理学生
E.未通过定期考核的护士
【思考过程】：",ABCD,DeepSeek-V3,"【思考过程】：本题考查的是医疗卫生机构中护理活动的从业资格限制。根据相关规定：
1. 未取得护士执业证书的人员（A）不具备独立从事护理活动的资格；
2. 未办理执业地点变更手续的护士（B）在变更前不得在新执业地点独立执业；
3. 执业注册有效期届满未延续的护士（C）即时失去执业资格；
4. 护理学生（D）必须在护士指导下实习，不能独立执业；
5. 未通过定期考核的护士（E）可能被暂停执业资格。

【最终答案】：ABCDE",客观题,ABCDE
医患关系,"你是一个严格按照要求答题的医学考试考生。请你先展示出完整的思考过程，然后再输出最终答案。每道题目有至少两个选项（A、B）至多五个选项（A、B、C、D、E），题目为不定项选择题，请按照以下格式作答：

【思考过程】：...

【最终答案】：AB / BCE / CD / DE / E / ...（只输出选项的编号，不要写选项内容）

示例：
题目：医疗伦理中四大基本原则是？
A.尊重自主权
B.善意行为
C.无害原则
D.公正原则
E.以上都不是
【思考过程】：本题考查医学伦理的四大基本原则，包括尊重自主权、不伤害原则、行善原则、公正原则。

【最终答案】：ABCD

题目：根据相关规定，医疗卫生机构必须为护士采取以下哪些措施？（多选）
A.提供卫生防护用品
B.每季度进行一次急救培训
C.落实有效的卫生防护措施
D.完善医疗保健措施
E.每年组织心理健康讲座
【思考过程】：",ACD,DeepSeek-V3,"【思考过程】：本题考查医疗卫生机构对护士的职业防护责任。根据《护士条例》和相关法规，医疗卫生机构必须为护士提供卫生防护用品（A）、落实有效的卫生防护措施（C）以及完善医疗保健措施（D）。急救培训（B）和心理健康讲座（E）虽重要，但非强制性规定。

【最终答案】：ACD",客观题,ACD
医患关系,"你是一个严格按照要求答题的医学考试考生。请你先展示出完整的思考过程，然后再输出最终答案。每道题目有至少两个选项（A、B）至多五个选项（A、B、C、D、E），题目为不定项选择题，请按照以下格式作答：

【思考过程】：...

【最终答案】：AB / BCE / CD / DE / E / ...（只输出选项的编号，不要写选项内容）

示例：
题目：医疗伦理中四大基本原则是？
A.尊重自主权
B.善意行为
C.无害原则
D.公正原则
E.以上都不是
【思考过程】：本题考查医学伦理的四大基本原则，包括尊重自主权、不伤害原则、行善原则、公正原则。

【最终答案】：ABCD

题目：根据《护士条例》，以下哪种情形下，护士所在医疗卫生机构应当按照国家有关规定给予津贴？
A.参加跨省进修培训的护士， B.在高原边陲乡镇卫生所工作的护士， C.负责医疗废弃物分类处理的护士， D.节假日期间连续值班的护士， E.为老年患者提供居家护理的护士
【思考过程】：",BC,DeepSeek-V3,"【思考过程】：本题考查《护士条例》中关于护士津贴的相关规定。根据《护士条例》第二十七条，医疗卫生机构应当执行国家有关工资、福利待遇等规定，按照国家有关规定为在本机构从事护理工作的护士足额缴纳社会保险费用，保障护士的合法权益。此外，根据《护士条例》第二十八条，对在艰苦边远地区工作，或者从事直接接触有毒有害物质、有感染传染病危险工作的护士，所在医疗卫生机构应当按照国家有关规定给予津贴。因此，选项B（在高原边陲乡镇卫生所工作的护士，属于艰苦边远地区工作）和选项C（负责医疗废弃物分类处理的护士，属于直接接触有毒有害物质的工作）符合津贴发放条件。

【最终答案】：BC",客观题,BC
医患关系,"你是一个严格按照要求答题的医学考试考生。请你先展示出完整的思考过程，然后再输出最终答案。每道题目有至少两个选项（A、B）至多五个选项（A、B、C、D、E），题目为不定项选择题，请按照以下格式作答：

【思考过程】：...

【最终答案】：AB / BCE / CD / DE / E / ...（只输出选项的编号，不要写选项内容）

示例：
题目：医疗伦理中四大基本原则是？
A.尊重自主权
B.善意行为
C.无害原则
D.公正原则
E.以上都不是
【思考过程】：本题考查医学伦理的四大基本原则，包括尊重自主权、不伤害原则、行善原则、公正原则。

【最终答案】：ABCD

题目：根据护士在职培训相关法规，以下哪项是医疗卫生机构在护士培训中必须注重的？
A.提升护士的沟通能力
B.护理文书书写规范
C.新知识、新技术的应用
D.患者隐私保护技能
【思考过程】：",ABCD,DeepSeek-V3,"【思考过程】：本题考查护士在职培训的相关法规要求，根据《护士条例》和《医疗机构从业人员行为规范》等法规，医疗卫生机构在护士培训中必须注重护士的专业技能、沟通能力、文书规范、新技术应用以及患者隐私保护等多方面能力。因此，所有选项均符合法规要求。

【最终答案】：ABCD",客观题,ABCD
医患关系,"你是一个严格按照要求答题的医学考试考生。请你先展示出完整的思考过程，然后再输出最终答案。每道题目有至少两个选项（A、B）至多五个选项（A、B、C、D、E），题目为不定项选择题，请按照以下格式作答：

【思考过程】：...

【最终答案】：AB / BCE / CD / DE / E / ...（只输出选项的编号，不要写选项内容）

示例：
题目：医疗伦理中四大基本原则是？
A.尊重自主权
B.善意行为
C.无害原则
D.公正原则
E.以上都不是
【思考过程】：本题考查医学伦理的四大基本原则，包括尊重自主权、不伤害原则、行善原则、公正原则。

【最终答案】：ABCD

题目：当护士因违反职业道德被投诉时，其所在医疗卫生机构的正确处理流程是什么？
A.立即对涉事护士进行降薪处理并在院内通报
B.对投诉内容进行核实后直接向卫健委提交报告
C.调查核实后进行处理但不公开结果
D.调查确认投诉属实后处理护士并告知投诉人
E.暂不处理以观察护士后续表现
【思考过程】：",D,DeepSeek-V3,"【思考过程】：本题考查医疗机构对护士违反职业道德投诉的处理流程。根据医疗纠纷处理规范和职业道德管理要求，正确的流程应包括：1. 必须对投诉内容进行客观调查核实（排除B的直接报告和E的暂不处理）；2. 若属实需根据情节处理但需保障程序公正（排除A的未经核实直接处罚）；3. 需向投诉人反馈结果（支持D）；4. 不公开处理结果符合隐私保护原则（支持C），但C未体现对投诉人的反馈。

【最终答案】：CD",客观题,CD
医患关系,"你是一个严格按照要求答题的医学考试考生。请你先展示出完整的思考过程，然后再输出最终答案。每道题目有至少两个选项（A、B）至多五个选项（A、B、C、D、E），题目为不定项选择题，请按照以下格式作答：

【思考过程】：...

【最终答案】：AB / BCE / CD / DE / E / ...（只输出选项的编号，不要写选项内容）

示例：
题目：医疗伦理中四大基本原则是？
A.尊重自主权
B.善意行为
C.无害原则
D.公正原则
E.以上都不是
【思考过程】：本题考查医学伦理的四大基本原则，包括尊重自主权、不伤害原则、行善原则、公正原则。

【最终答案】：ABCD

题目：护士在执业活动中出现以下哪些情形可能导致被暂停执业活动？
A.发现患者病情危急未立即通知家属
B.发现医嘱违反诊疗规范仅向同事私下提醒而未正式报告
C.未经允许将患者病历照片上传至个人社交平台
D.因个人行程冲突拒绝参与地震灾区的医疗救援
E.操作失误导致患者服药时间延误1小时
【思考过程】：",BCD,DeepSeek-V3,"【思考过程】：本题考查护士执业活动中可能导致被暂停执业活动的情形。根据《护士条例》及相关规定：
A项：发现患者病情危急未立即通知家属，属于未履行及时报告义务，可能危及患者安全，符合暂停执业的情形。
B项：发现医嘱违反诊疗规范仅向同事私下提醒而未正式报告，属于未履行纠错职责，可能造成医疗风险，符合暂停执业的情形。
C项：未经允许将患者病历照片上传至个人社交平台，严重违反患者隐私保护规定，属于明确违规行为。
D项：拒绝参与地震灾区的医疗救援，除非有正当理由（如自身健康原因），否则可能构成不履行公共卫生职责。
E项：操作失误导致服药时间延误1小时，若未造成严重后果且属偶发，通常不直接导致暂停执业（需接受培训或处罚）。

需注意：暂停执业通常针对较严重的违规行为或屡次过失。

【最终答案】：ABC",客观题,ABC
医患关系,"你是一个严格按照要求答题的医学考试考生。请你先展示出完整的思考过程，然后再输出最终答案。每道题目有至少两个选项（A、B）至多五个选项（A、B、C、D、E），题目为不定项选择题，请按照以下格式作答：

【思考过程】：...

【最终答案】：AB / BCE / CD / DE / E / ...（只输出选项的编号，不要写选项内容）

示例：
题目：医疗伦理中四大基本原则是？
A.尊重自主权
B.善意行为
C.无害原则
D.公正原则
E.以上都不是
【思考过程】：本题考查医学伦理的四大基本原则，包括尊重自主权、不伤害原则、行善原则、公正原则。

【最终答案】：ABCD

题目：下列哪些行为应当依照治安管理处罚法或刑法进行处罚？
A.以暴力手段阻碍护士为患者抽血
B.公开威胁要殴打值班护士
C.护士要求登记信息时拒绝提供联系方式
D.伪造患者医疗记录干扰护理工作
【思考过程】：",ABD,DeepSeek-V3,"【思考过程】：本题考查医疗相关行为的法律后果。根据治安管理处罚法和刑法相关规定：
A选项（以暴力手段阻碍护士为患者抽血）属于《刑法》第277条妨害公务罪或《治安管理处罚法》第50条阻碍执行职务行为；
B选项（公开威胁要殴打值班护士）符合《治安管理处罚法》第42条威胁他人人身安全的情形；
D选项（伪造患者医疗记录）可能触犯《刑法》第280条伪造国家机关公文罪或医疗事故相关条款。
C选项（拒绝提供联系方式）属于不配合行为但未达行政处罚标准。

【最终答案】：ABD",客观题,ABD
医患关系,"你是一个严格按照要求答题的医学考试考生。请你先展示出完整的思考过程，然后再输出最终答案。每道题目有至少两个选项（A、B）至多五个选项（A、B、C、D、E），题目为不定项选择题，请按照以下格式作答：

【思考过程】：...

【最终答案】：AB / BCE / CD / DE / E / ...（只输出选项的编号，不要写选项内容）

示例：
题目：医疗伦理中四大基本原则是？
A.尊重自主权
B.善意行为
C.无害原则
D.公正原则
E.以上都不是
【思考过程】：本题考查医学伦理的四大基本原则，包括尊重自主权、不伤害原则、行善原则、公正原则。

【最终答案】：ABCD

题目：以下哪些内容符合我国相关法律法规对护士权益的规定？
A.护士的人格尊严不受侵犯
B.护士的人身安全受法律保护
C.护士的职业自由不受限制
D.全社会应当理解护士
E.护士依法履职时享有特殊豁免权
【思考过程】：",AB,DeepSeek-V3,"【思考过程】：本题考查我国法律法规对护士权益的规定。根据《护士条例》等相关法规，护士的人格尊严和人身安全受法律保护（A、B正确）；全社会应当尊重和理解护士（D正确）。但护士的职业自由需在法律法规和执业规范框架内行使（C错误），且并未规定护士履职时享有特殊豁免权（E错误）。

【最终答案】：ABD",客观题,ABD
医患关系,"你是一个严格按照要求答题的医学考试考生。请你先展示出完整的思考过程，然后再输出最终答案。每道题目有至少两个选项（A、B）至多五个选项（A、B、C、D、E），题目为不定项选择题，请按照以下格式作答：

【思考过程】：...

【最终答案】：AB / BCE / CD / DE / E / ...（只输出选项的编号，不要写选项内容）

示例：
题目：医疗伦理中四大基本原则是？
A.尊重自主权
B.善意行为
C.无害原则
D.公正原则
E.以上都不是
【思考过程】：本题考查医学伦理的四大基本原则，包括尊重自主权、不伤害原则、行善原则、公正原则。

【最终答案】：ABCD

题目：下列哪些奖励或荣誉是由国务院有关部门授予的？
A.全国卫生系统先进工作者荣誉称号
B.白求恩奖章
C.长期从事护理工作的护士荣誉证书
D.省级劳动模范称号由县级政府授予
E.地方政府为优秀护士提供特殊津贴
【思考过程】：",AB,DeepSeek-V3,"【思考过程】：本题考查的是由国务院有关部门授予的奖励或荣誉。根据相关法规和政策，全国卫生系统先进工作者荣誉称号和白求恩奖章是由国务院有关部门（如国家卫生健康委员会）授予的。长期从事护理工作的护士荣誉证书可能由地方或行业组织颁发，不一定由国务院有关部门授予。省级劳动模范称号由省级政府授予，而非县级政府。地方政府为优秀护士提供特殊津贴属于地方性奖励，不属于国务院有关部门授予的荣誉。

【最终答案】：AB",客观题,AB
医患关系,"你是一个严格按照要求答题的医学考试考生。请你先展示出完整的思考过程，然后再输出最终答案。每道题目有至少两个选项（A、B）至多五个选项（A、B、C、D、E），题目为不定项选择题，请按照以下格式作答：

【思考过程】：...

【最终答案】：AB / BCE / CD / DE / E / ...（只输出选项的编号，不要写选项内容）

示例：
题目：医疗伦理中四大基本原则是？
A.尊重自主权
B.善意行为
C.无害原则
D.公正原则
E.以上都不是
【思考过程】：本题考查医学伦理的四大基本原则，包括尊重自主权、不伤害原则、行善原则、公正原则。

【最终答案】：ABCD

题目：以下哪些是申请护士执业注册的必要条件？
A.具备完全民事行为能力
B.通过省教育厅组织的护士执业资格考试
C.完成普通全日制2年护理专业课程学习及6个月临床实习
D.取得本科及以上学历证书
E.通过护士执业资格考试3个月内提出注册申请
【思考过程】：",A,DeepSeek-V3,"【思考过程】：本题考查申请护士执业注册的必要条件。根据《护士条例》及相关规定，申请护士执业注册需满足以下条件：1. 具备完全民事行为能力（A正确）；2. 通过国家统一护士执业资格考试（B错误，应为国家统一考试而非省教育厅组织）；3. 完成国务院教育主管部门和卫生主管部门规定的普通全日制3年以上的护理、助产专业课程学习，包括在教学、综合医院完成8个月以上临床实习（C错误，时长和标准不符）；4. 学历要求为普通全日制中等职业学校/高等学校护理、助产专业毕业（D错误，本科非必须）；5. 通过考试后3年内可申请注册（E错误，时限表述不准确）。

【最终答案】：A",客观题,A
医患关系,"你是一个严格按照要求答题的医学考试考生。请你先展示出完整的思考过程，然后再输出最终答案。每道题目有至少两个选项（A、B）至多五个选项（A、B、C、D、E），题目为不定项选择题，请按照以下格式作答：

【思考过程】：...

【最终答案】：AB / BCE / CD / DE / E / ...（只输出选项的编号，不要写选项内容）

示例：
题目：医疗伦理中四大基本原则是？
A.尊重自主权
B.善意行为
C.无害原则
D.公正原则
E.以上都不是
【思考过程】：本题考查医学伦理的四大基本原则，包括尊重自主权、不伤害原则、行善原则、公正原则。

【最终答案】：ABCD

题目：护士在考试通过后逾期3年申请执业注册时，除基本条件外还需要满足以下哪项要求？
A.重新通过护士执业资格考试，B.在医疗机构接受6个月临床培训，C.在符合规定的机构接受3个月临床护理培训并合格，D.提交补充学历证明
【思考过程】：",C,DeepSeek-V3,"【思考过程】：本题考查护士执业注册的相关规定。根据《护士执业注册管理办法》规定，护士执业注册申请应当自通过护士执业资格考试之日起3年内提出；逾期提出申请的，除提交基本材料外，还应当在符合国务院卫生主管部门规定条件的医疗卫生机构接受3个月临床护理培训并考核合格。因此需要满足的是在符合规定的机构接受3个月临床护理培训并合格。

【最终答案】：C",客观题,C
医患关系,"你是一个严格按照要求答题的医学考试考生。请你先展示出完整的思考过程，然后再输出最终答案。每道题目有至少两个选项（A、B）至多五个选项（A、B、C、D、E），题目为不定项选择题，请按照以下格式作答：

【思考过程】：...

【最终答案】：AB / BCE / CD / DE / E / ...（只输出选项的编号，不要写选项内容）

示例：
题目：医疗伦理中四大基本原则是？
A.尊重自主权
B.善意行为
C.无害原则
D.公正原则
E.以上都不是
【思考过程】：本题考查医学伦理的四大基本原则，包括尊重自主权、不伤害原则、行善原则、公正原则。

【最终答案】：ABCD

题目：护士执业注册申请的期限及逾期要求，以下哪项是正确的？
A.申请需在通过考试后2年内提出，逾期需接受6个月培训
B.申请需在通过考试后3年内提出，逾期需接受3个月培训且合格
C.申请无时间限制，但需每年参加考核
D.逾期申请者免除临床培训要求
【思考过程】：",B,DeepSeek-V3,"【思考过程】：本题考查护士执业注册申请的期限及逾期要求。根据《护士执业注册管理办法》规定，护士执业注册申请应在通过护士执业资格考试之日起3年内提出，逾期提出申请的，除需符合正常注册条件外，还应当接受3个月的临床护理培训并考核合格。因此，B选项正确。A选项的2年和6个月培训与规定不符；C选项的无时间限制和每年考核不正确；D选项的免除临床培训要求错误。

【最终答案】：B",客观题,B
医患关系,"你是一个严格按照要求答题的医学考试考生。请你先展示出完整的思考过程，然后再输出最终答案。每道题目有至少两个选项（A、B）至多五个选项（A、B、C、D、E），题目为不定项选择题，请按照以下格式作答：

【思考过程】：...

【最终答案】：AB / BCE / CD / DE / E / ...（只输出选项的编号，不要写选项内容）

示例：
题目：医疗伦理中四大基本原则是？
A.尊重自主权
B.善意行为
C.无害原则
D.公正原则
E.以上都不是
【思考过程】：本题考查医学伦理的四大基本原则，包括尊重自主权、不伤害原则、行善原则、公正原则。

【最终答案】：ABCD

题目：收到护士执业注册申请的卫生主管部门应当自收到申请之日起多少个工作日内做出决定？
A.15个工作日
B.20个工作日
C.25个自然日
D.30个自然日
E.45个工作日
【思考过程】：",B,DeepSeek-V3,"【思考过程】：本题考查护士执业注册申请的审批时限。根据《护士条例》规定，卫生主管部门应当自收到申请之日起20个工作日内做出决定。

【最终答案】：B",客观题,B
医患关系,"你是一个严格按照要求答题的医学考试考生。请你先展示出完整的思考过程，然后再输出最终答案。每道题目有至少两个选项（A、B）至多五个选项（A、B、C、D、E），题目为不定项选择题，请按照以下格式作答：

【思考过程】：...

【最终答案】：AB / BCE / CD / DE / E / ...（只输出选项的编号，不要写选项内容）

示例：
题目：医疗伦理中四大基本原则是？
A.尊重自主权
B.善意行为
C.无害原则
D.公正原则
E.以上都不是
【思考过程】：本题考查医学伦理的四大基本原则，包括尊重自主权、不伤害原则、行善原则、公正原则。

【最终答案】：ABCD

题目：关于护士跨省变更执业地点的管理要求，以下哪些说法不符合规定？
A.所在省份卫生主管部门应在收到报告之日起7个工作日内办理变更手续
B.所在省份卫生主管部门应在收到报告之日起10个工作日内办理变更手续
C.跨省变更需由原注册部门直接办理变更登记
D.护士需要同时向原执业地和拟执业地的卫生主管部门提交报告
【思考过程】：",BCD,DeepSeek-V3,"【思考过程】：本题考查护士跨省变更执业地点的管理要求。根据《护士执业注册管理办法》相关规定：1. 护士跨省变更执业地点需向原注册部门申请，由原注册部门办理变更手续（非直接办理，需申请审核流程），故C选项错误；2. 原注册部门应在收到报告之日起7个工作日内办理（非10个工作日），故B选项错误；3. 护士只需向原注册部门提交申请，无需同时向两地报告，故D选项错误。A选项表述正确。

【最终答案】：BCD",客观题,BCD
医患关系,"你是一个严格按照要求答题的医学考试考生。请你先展示出完整的思考过程，然后再输出最终答案。每道题目有至少两个选项（A、B）至多五个选项（A、B、C、D、E），题目为不定项选择题，请按照以下格式作答：

【思考过程】：...

【最终答案】：AB / BCE / CD / DE / E / ...（只输出选项的编号，不要写选项内容）

示例：
题目：医疗伦理中四大基本原则是？
A.尊重自主权
B.善意行为
C.无害原则
D.公正原则
E.以上都不是
【思考过程】：本题考查医学伦理的四大基本原则，包括尊重自主权、不伤害原则、行善原则、公正原则。

【最终答案】：ABCD

题目：护士执业注册有效期届满前申请延续注册的最早时间点是什么时候？
A.有效期届满前15日
B.有效期届满前20日
C.有效期届满前30日
D.有效期届满后30日内
【思考过程】：",C,DeepSeek-V3,"【思考过程】：本题考查护士执业注册延续申请的时间规定。根据《护士条例》第十条，护士执业注册有效期届满需要继续执业的，应当在有效期届满前30日向原注册部门申请延续注册。因此，符合规定的最早时间点是有效期届满前30日。其他选项（15日、20日）早于规定时间，届满后30日内属于逾期，均不符合法规要求。  

【最终答案】：C",客观题,C
医患关系,"你是一个严格按照要求答题的医学考试考生。请你先展示出完整的思考过程，然后再输出最终答案。每道题目有至少两个选项（A、B）至多五个选项（A、B、C、D、E），题目为不定项选择题，请按照以下格式作答：

【思考过程】：...

【最终答案】：AB / BCE / CD / DE / E / ...（只输出选项的编号，不要写选项内容）

示例：
题目：医疗伦理中四大基本原则是？
A.尊重自主权
B.善意行为
C.无害原则
D.公正原则
E.以上都不是
【思考过程】：本题考查医学伦理的四大基本原则，包括尊重自主权、不伤害原则、行善原则、公正原则。

【最终答案】：ABCD

题目：以下哪种行为违反了关于护士执业权利的法律规定？
A.某科室将夜班护士的交通补贴纳入绩效考核后发放
B.某医院因护士集体职称考试请假取消其年度体检福利
C.某护理机构对新入职护士暂缓缴纳三个月养老保险
D.某护士长在法定节假日后安排补休代替三倍工资
【思考过程】：",BCD,DeepSeek-V3,"【思考过程】：本题考查护士执业权利的法律规定。根据《护士条例》及相关劳动法规，护士享有以下权利：  
1. **合法薪酬福利**（包括绩效、补贴、法定节假日工资等不得克扣或变相剥夺）；  
2. **社会保险权益**（用人单位必须依法及时缴纳养老保险等）；  
3. **劳动保护**（如夜班补贴、节假日加班工资不可用补休替代法定补偿）。  

逐项分析：  
- **A**：交通补贴与绩效考核挂钩属于福利发放方式调整，若未违反合同约定或强制性规定，不必然违法；  
- **B**：因职称考试请假取消体检福利属于变相惩罚，侵害护士福利权；  
- **C**：暂缓缴纳养老保险违反《社会保险法》强制参保规定；  
- **D**：法定节假日加班应以三倍工资补偿，补休替代违法。  

综上，B、C、D均违反法律规定。  

【最终答案】：BCD",客观题,BCD
医患关系,"你是一个严格按照要求答题的医学考试考生。请你先展示出完整的思考过程，然后再输出最终答案。每道题目有至少两个选项（A、B）至多五个选项（A、B、C、D、E），题目为不定项选择题，请按照以下格式作答：

【思考过程】：...

【最终答案】：AB / BCE / CD / DE / E / ...（只输出选项的编号，不要写选项内容）

示例：
题目：医疗伦理中四大基本原则是？
A.尊重自主权
B.善意行为
C.无害原则
D.公正原则
E.以上都不是
【思考过程】：本题考查医学伦理的四大基本原则，包括尊重自主权、不伤害原则、行善原则、公正原则。

【最终答案】：ABCD

题目：护士发现某医生的医嘱违反诊疗技术规范，以下哪些属于正确的处理方式？
A.向同事咨询意见，B.立即向开具医嘱的医师提出异议，C.向该医师所在科室负责人报告，D.直接向医院伦理委员会举报，E.将医嘱修改后执行
【思考过程】：",BC,DeepSeek-V3,"【思考过程】：本题考查护士发现医嘱违反诊疗技术规范时的正确处理流程。根据医疗规范，护士应遵循以下步骤：1.首先向开具医嘱的医师提出异议（B），这是首选的直接沟通方式；2.若医师拒绝纠正，需向科室负责人报告（C），属于逐级上报原则；3.向同事咨询（A）可帮助确认问题，但不属于正式处理流程；4.直接举报（D）跳过必要步骤不符合程序，除非涉及重大安全问题；5.修改医嘱（E）属于越权行为，绝对禁止。

【最终答案】：BC",客观题,BC
医患关系,"你是一个严格按照要求答题的医学考试考生。请你先展示出完整的思考过程，然后再输出最终答案。每道题目有至少两个选项（A、B）至多五个选项（A、B、C、D、E），题目为不定项选择题，请按照以下格式作答：

【思考过程】：...

【最终答案】：AB / BCE / CD / DE / E / ...（只输出选项的编号，不要写选项内容）

示例：
题目：医疗伦理中四大基本原则是？
A.尊重自主权
B.善意行为
C.无害原则
D.公正原则
E.以上都不是
【思考过程】：本题考查医学伦理的四大基本原则，包括尊重自主权、不伤害原则、行善原则、公正原则。

【最终答案】：ABCD

题目：以下哪些人员不得在医疗卫生机构独立从事诊疗技术规范规定的护理活动？
A.持有护理专业毕业证书但未取得护士执业证书的实习人员
B.已注册但未办理执业地点变更的社区护士
C.执业注册证有效期届满后参与培训的护士
D.在基层医院执业5年但未延续注册的护士
E.有护士执业证书但未完成年度继续教育的学习护士
【思考过程】：",ABCD,DeepSeek-V3,"【思考过程】：本题考查护士执业资格和独立从事护理活动的合法性。根据《护士条例》及相关法规：
1. 未取得护士执业证书的人员（A）不得独立从事护理活动；
2. 已注册但未办理执业地点变更的护士（B）属于执业地点违规，但技术上可以独立操作；
3. 执业注册证有效期届满后（C）属于无效执业状态，不得独立操作；
4. 未延续注册的护士（D）等同于无证状态，不得独立执业；
5. 继续教育是注册条件之一，未完成继续教育（E）可能影响注册延续，但在当前注册有效期内仍可执业。

【最终答案】：ACD",客观题,ACD
医患关系,"你是一个严格按照要求答题的医学考试考生。请你先展示出完整的思考过程，然后再输出最终答案。每道题目有至少两个选项（A、B）至多五个选项（A、B、C、D、E），题目为不定项选择题，请按照以下格式作答：

【思考过程】：...

【最终答案】：AB / BCE / CD / DE / E / ...（只输出选项的编号，不要写选项内容）

示例：
题目：医疗伦理中四大基本原则是？
A.尊重自主权
B.善意行为
C.无害原则
D.公正原则
E.以上都不是
【思考过程】：本题考查医学伦理的四大基本原则，包括尊重自主权、不伤害原则、行善原则、公正原则。

【最终答案】：ABCD

题目：以下哪种做法符合医疗卫生机构对护士的职业保护要求？
A.每季度组织护士参加综艺团建活动
B.按需发放防护口罩和一次性手套
C.每月监测护士血红蛋白指标
D.建立针刺伤防护操作规范流程
E.定期组织护士职称考试培训
【思考过程】：",BD,DeepSeek-V3,"【思考过程】：本题考查医疗卫生机构对护士职业保护要求的理解。职业保护要求主要包括防护措施、健康监测、操作规范等方面。B选项（按需发放防护口罩和一次性手套）属于基础防护物资保障；D选项（建立针刺伤防护操作规范流程）是职业暴露防护的重要措施；C选项（每月监测血红蛋白指标）属于过度监测，不切实际；A选项（综艺团建活动）和E选项（职称考试培训）与职业保护无直接关联。

【最终答案】：BD",客观题,BD
医患关系,"你是一个严格按照要求答题的医学考试考生。请你先展示出完整的思考过程，然后再输出最终答案。每道题目有至少两个选项（A、B）至多五个选项（A、B、C、D、E），题目为不定项选择题，请按照以下格式作答：

【思考过程】：...

【最终答案】：AB / BCE / CD / DE / E / ...（只输出选项的编号，不要写选项内容）

示例：
题目：医疗伦理中四大基本原则是？
A.尊重自主权
B.善意行为
C.无害原则
D.公正原则
E.以上都不是
【思考过程】：本题考查医学伦理的四大基本原则，包括尊重自主权、不伤害原则、行善原则、公正原则。

【最终答案】：ABCD

题目：根据国家规定，以下哪种情形所在医疗卫生机构应给予护士津贴？
A.护士每月完成超过200小时工作量
B.在海拔4500米的高原乡镇卫生所工作
C.参与三甲医院急诊科预检分诊工作
D.长期从事重症监护室夜班工作
E.日常配制肿瘤化疗药物
【思考过程】：",BE,DeepSeek-V3,"【思考过程】：
1. 根据国家相关规定，护士津贴的发放通常与特殊工作环境、高风险岗位、特殊工作时段或特殊工作内容相关。
2. 选项A中""每月完成超过200小时工作量""超出劳动法规定，属于违规情况而非津贴发放依据。
3. 选项B""在海拔4500米的高原乡镇卫生所工作""符合特殊艰苦地区工作津贴条件。
4. 选项C""参与三甲医院急诊科预检分诊工作""属于常规工作范畴。
5. 选项D""长期从事重症监护室夜班工作""符合夜班津贴和特殊岗位津贴条件。
6. 选项E""日常配制肿瘤化疗药物""属于接触有毒有害物质岗位，符合特殊岗位津贴条件。

【最终答案】：BDE",客观题,BDE
医患关系,"你是一个严格按照要求答题的医学考试考生。请你先展示出完整的思考过程，然后再输出最终答案。每道题目有至少两个选项（A、B）至多五个选项（A、B、C、D、E），题目为不定项选择题，请按照以下格式作答：

【思考过程】：...

【最终答案】：AB / BCE / CD / DE / E / ...（只输出选项的编号，不要写选项内容）

示例：
题目：医疗伦理中四大基本原则是？
A.尊重自主权
B.善意行为
C.无害原则
D.公正原则
E.以上都不是
【思考过程】：本题考查医学伦理的四大基本原则，包括尊重自主权、不伤害原则、行善原则、公正原则。

【最终答案】：ABCD

题目：根据相关规定，以下哪些内容属于护士在职培训的要求？
A.每季度开展理论考试
B.新知识、新技术的应用
C.岗前见习培训不低于7天
D.根据专科护理岗位需要开展的专科护理培训
E.加强护理人文关怀专项教育
【思考过程】：",BDE,DeepSeek-V3,"【思考过程】：本题考查护士在职培训的要求。根据相关规定，护士在职培训应包括新知识、新技术的应用（B项），根据专科护理岗位需要开展的专科护理培训（D项），以及加强护理人文关怀专项教育（E项）。A项每季度开展理论考试和C项岗前见习培训不低于7天不属于在职培训的要求，前者属于考核，后者属于岗前培训。

【最终答案】：BDE",客观题,BDE
医患关系,"你是一个严格按照要求答题的医学考试考生。请你先展示出完整的思考过程，然后再输出最终答案。每道题目有至少两个选项（A、B）至多五个选项（A、B、C、D、E），题目为不定项选择题，请按照以下格式作答：

【思考过程】：...

【最终答案】：AB / BCE / CD / DE / E / ...（只输出选项的编号，不要写选项内容）

示例：
题目：医疗伦理中四大基本原则是？
A.尊重自主权
B.善意行为
C.无害原则
D.公正原则
E.以上都不是
【思考过程】：本题考查医学伦理的四大基本原则，包括尊重自主权、不伤害原则、行善原则、公正原则。

【最终答案】：ABCD

题目：根据相关规定，关于医疗卫生机构护理管理工作的描述，以下哪项正确？
A.必须同时设置专门机构和专职人员
B.应当配备全职人员负责
C.可设置专门机构或配备专（兼）职人员
D.需按省级卫生部门要求执行
E.无需设立管理机构但需定期检查
【思考过程】：",C,DeepSeek-V3,"【思考过程】：本题考查医疗卫生机构护理管理工作的相关规定。根据《医疗机构护理工作规范》，医疗卫生机构护理管理工作可以设置专门机构或配备专（兼）职人员，不强制要求必须同时设置专门机构和专职人员，也不必一定是全职人员。同时，具体执行可能会参考省级卫生部门的要求，但不是必须按省级要求执行。此外，护理管理工作需要有一定的管理机构或人员负责，不能完全无需设立。

【最终答案】：C",客观题,C
医患关系,"你是一个严格按照要求答题的医学考试考生。请你先展示出完整的思考过程，然后再输出最终答案。每道题目有至少两个选项（A、B）至多五个选项（A、B、C、D、E），题目为不定项选择题，请按照以下格式作答：

【思考过程】：...

【最终答案】：AB / BCE / CD / DE / E / ...（只输出选项的编号，不要写选项内容）

示例：
题目：医疗伦理中四大基本原则是？
A.尊重自主权
B.善意行为
C.无害原则
D.公正原则
E.以上都不是
【思考过程】：本题考查医学伦理的四大基本原则，包括尊重自主权、不伤害原则、行善原则、公正原则。

【最终答案】：ABCD

题目：护士因违反职业道德被投诉后，其所在医疗卫生机构应如何处理？
A.展开调查并确认事实后处理护士并告知投诉人
B.无论投诉内容是否属实均需建立档案备查
C.经查证属实时仅将处理情况上报上级卫生部门而未告知投诉人
D.未展开调查而直接对护士进行岗位调整
【思考过程】：",A,DeepSeek-V3,"【思考过程】：本题考查医疗卫生机构对护士违反职业道德投诉的处理流程。根据医疗行业相关规定和职业道德要求，医疗机构在接到投诉后应首先展开调查确认事实（A正确），确认属实后需根据情节处理护士并告知投诉人（A正确），以保障投诉人的知情权。投诉无论属实与否都应建立档案备查（B正确），但需注意保护护士合法权益。若未查证属实直接处理（D错误）或查实后仅上报未反馈投诉人（C错误）均不符合规范程序。

【最终答案】：AB",客观题,AB
医患关系,"你是一个严格按照要求答题的医学考试考生。请你先展示出完整的思考过程，然后再输出最终答案。每道题目有至少两个选项（A、B）至多五个选项（A、B、C、D、E），题目为不定项选择题，请按照以下格式作答：

【思考过程】：...

【最终答案】：AB / BCE / CD / DE / E / ...（只输出选项的编号，不要写选项内容）

示例：
题目：医疗伦理中四大基本原则是？
A.尊重自主权
B.善意行为
C.无害原则
D.公正原则
E.以上都不是
【思考过程】：本题考查医学伦理的四大基本原则，包括尊重自主权、不伤害原则、行善原则、公正原则。

【最终答案】：ABCD

题目：依据相关法规，以下哪一情形中的卫生主管部门工作人员不需要承担相应法律责任？
A.在护士资质审核中收受贿赂降低标准
B.将亲属安排的轻症患者优先占用护士资源
C.长期未更新护士执业监管档案导致管理混乱
D.非职务行为接受某护士提供的宴请
E.伪造监管记录包庇违规操作护士
【思考过程】：",D,DeepSeek-V3,"【思考过程】：本题考查卫生主管部门工作人员的法律责任承担情形。根据相关法规，工作人员在职务行为中违反规定（如受贿、滥用职权、玩忽职守、伪造记录等）需承担法律责任，而“非职务行为”通常不属于职务监管范畴。选项D描述的是个人社交行为，与职务无关，因此不需要承担职务相关的法律责任。

【最终答案】：D",客观题,D
医患关系,"你是一个严格按照要求答题的医学考试考生。请你先展示出完整的思考过程，然后再输出最终答案。每道题目有至少两个选项（A、B）至多五个选项（A、B、C、D、E），题目为不定项选择题，请按照以下格式作答：

【思考过程】：...

【最终答案】：AB / BCE / CD / DE / E / ...（只输出选项的编号，不要写选项内容）

示例：
题目：医疗伦理中四大基本原则是？
A.尊重自主权
B.善意行为
C.无害原则
D.公正原则
E.以上都不是
【思考过程】：本题考查医学伦理的四大基本原则，包括尊重自主权、不伤害原则、行善原则、公正原则。

【最终答案】：ABCD

题目：下列哪些情形会导致医疗卫生机构被卫生主管部门责令整改并处罚？
A.配备护士数为编制标准的80%
B.允许未按时参加继续教育的护士执行静脉穿刺
C.因急诊人力不足临时允许未持证护士处理急救操作
D.未核实护士执业地点变更手续即安排值班
E.护士每周工作时间超过60小时
【思考过程】：",C,DeepSeek-V3,"【思考过程】：本题考查医疗卫生机构违反相关法规的情形。根据《护士条例》及相关规定：

A. 配备护士数为编制标准的80% - 虽未达到标准，但若不严重影响护理质量，可能不会被直接处罚，需看具体规定。
B. 允许未按时参加继续教育的护士执行静脉穿刺 - 违反护士执业要求，应处罚。
C. 因急诊人力不足临时允许未持证护士处理急救操作 - 无证操作属于严重违规，应处罚。
D. 未核实护士执业地点变更手续即安排值班 - 违反执业注册管理规定，应处罚。
E. 护士每周工作时间超过60小时 - 违反劳动法关于工作时间的规定，应处罚。

【最终答案】：BCDE",客观题,BCDE
医患关系,"你是一个严格按照要求答题的医学考试考生。请你先展示出完整的思考过程，然后再输出最终答案。每道题目有至少两个选项（A、B）至多五个选项（A、B、C、D、E），题目为不定项选择题，请按照以下格式作答：

【思考过程】：...

【最终答案】：AB / BCE / CD / DE / E / ...（只输出选项的编号，不要写选项内容）

示例：
题目：医疗伦理中四大基本原则是？
A.尊重自主权
B.善意行为
C.无害原则
D.公正原则
E.以上都不是
【思考过程】：本题考查医学伦理的四大基本原则，包括尊重自主权、不伤害原则、行善原则、公正原则。

【最终答案】：ABCD

题目：以下哪些情形可能导致医疗卫生机构被依法处罚？（多选）
A.护士因工作原因感染传染病但未获得医疗保健措施
B.未为急诊科护士缴纳住房公积金
C.向高原地区护士发放高温津贴而非边远地区津贴
D.将护士基础工资设置为地方政府规定标准的70%
【思考过程】：",ABCD,DeepSeek-V3,"【思考过程】：本题考查医疗卫生机构可能被依法处罚的情形，需要根据相关法律法规进行分析。

A. 护士因工作原因感染传染病但未获得医疗保健措施：根据《职业病防治法》和《传染病防治法》，医疗卫生机构有责任为职业暴露的医护人员提供医疗保健措施，否则可能被处罚。

B. 未为急诊科护士缴纳住房公积金：根据《住房公积金管理条例》，单位必须为在职职工缴纳住房公积金，未缴纳属于违法行为。

C. 向高原地区护士发放高温津贴而非边远地区津贴：津贴发放错误属于管理问题，但一般不构成被处罚的法定情形。

D. 将护士基础工资设置为地方政府规定标准的70%：根据《劳动法》和《护士条例》，护士工资不得低于当地最低工资标准，若低于标准则违法。

【最终答案】：ABD",客观题,ABD
医患关系,"你是一个严格按照要求答题的医学考试考生。请你先展示出完整的思考过程，然后再输出最终答案。每道题目有至少两个选项（A、B）至多五个选项（A、B、C、D、E），题目为不定项选择题，请按照以下格式作答：

【思考过程】：...

【最终答案】：AB / BCE / CD / DE / E / ...（只输出选项的编号，不要写选项内容）

示例：
题目：医疗伦理中四大基本原则是？
A.尊重自主权
B.善意行为
C.无害原则
D.公正原则
E.以上都不是
【思考过程】：本题考查医学伦理的四大基本原则，包括尊重自主权、不伤害原则、行善原则、公正原则。

【最终答案】：ABCD

题目：以下哪些情形可能导致医疗卫生机构被责令改正并警告？
A.未制定护士在职培训计划
B.未能保证护士参与完整的培训课程
C.将护士的单次排班时间延长至12小时
D.护士培训计划未提交上级卫生部门审批
【思考过程】：",AB,DeepSeek-V3,"【思考过程】：
1. 根据《护士条例》及相关医疗卫生法规，医疗机构有义务制定并实施护士在职培训计划（A选项），若未制定则违反规定。
2. 护士参与完整培训课程是保障其专业能力的必要条件，医疗机构若未能保证（B选项）属于未履行培训职责。
3. 单次排班超过12小时（C选项）违反《护士条例》关于护士排班时长的规定（通常不超过8小时，特殊情况下需保障健康权益）。
4. 护士培训计划需医疗机构内部执行，但法规未明确要求提交上级审批（D选项），故不构成违规。

综上，A、B、C选项的情形均可能导致责令改正和警告。

【最终答案】：ABC",客观题,ABC
医患关系,"你是一个严格按照要求答题的医学考试考生。请你先展示出完整的思考过程，然后再输出最终答案。每道题目有至少两个选项（A、B）至多五个选项（A、B、C、D、E），题目为不定项选择题，请按照以下格式作答：

【思考过程】：...

【最终答案】：AB / BCE / CD / DE / E / ...（只输出选项的编号，不要写选项内容）

示例：
题目：医疗伦理中四大基本原则是？
A.尊重自主权
B.善意行为
C.无害原则
D.公正原则
E.以上都不是
【思考过程】：本题考查医学伦理的四大基本原则，包括尊重自主权、不伤害原则、行善原则、公正原则。

【最终答案】：ABCD

题目：根据《护士条例》，护士在下列哪些情形下可能被暂停执业活动或吊销执业证书？
A.未及时为术后患者更换敷料导致感染
B.发现患者突发室颤但未立即通知值班医师
C.将患者的HIV检测结果告知其同事
D.收到有配伍禁忌的医嘱后未提出异议直接执行
E.因交通管制拒绝参加突发化学泄漏事故的医疗救援
【思考过程】：",BCDE,DeepSeek-V3,"【思考过程】：本题考查《护士条例》中关于护士执业活动的法律责任和违规情形。根据条例，护士可能被暂停执业活动或吊销执业证书的情形包括：  
1. 严重违反护理规范（如A选项未及时更换敷料导致感染、B选项未及时通知医师处理危急情况）；  
2. 泄露患者隐私（如C选项告知同事HIV检测结果）；  
3. 未核对或质疑错误医嘱（如D选项直接执行配伍禁忌医嘱）；  
4. 无正当理由拒绝参与公共卫生事件救援（E选项交通管制不构成正当理由，因救援属职责范围）。  

【最终答案】：ABCDE",客观题,ABCDE
医患关系,"你是一个严格按照要求答题的医学考试考生。请你先展示出完整的思考过程，然后再输出最终答案。每道题目有至少两个选项（A、B）至多五个选项（A、B、C、D、E），题目为不定项选择题，请按照以下格式作答：

【思考过程】：...

【最终答案】：AB / BCE / CD / DE / E / ...（只输出选项的编号，不要写选项内容）

示例：
题目：医疗伦理中四大基本原则是？
A.尊重自主权
B.善意行为
C.无害原则
D.公正原则
E.以上都不是
【思考过程】：本题考查医学伦理的四大基本原则，包括尊重自主权、不伤害原则、行善原则、公正原则。

【最终答案】：ABCD

题目：护士被吊销执业证书后，自吊销之日起多少年内不得申请执业注册？
A.1年
B.2年
C.3年
D.4年
E.5年
【思考过程】：",B,DeepSeek-V3,"【思考过程】：本题考查的是护士执业管理的相关规定。根据《护士条例》的相关规定，护士被吊销执业证书后，自吊销之日起2年内不得申请执业注册。

【最终答案】：B",客观题,B
医患关系,"你是一个严格按照要求答题的医学考试考生。请你先展示出完整的思考过程，然后再输出最终答案。每道题目有至少两个选项（A、B）至多五个选项（A、B、C、D、E），题目为不定项选择题，请按照以下格式作答：

【思考过程】：...

【最终答案】：AB / BCE / CD / DE / E / ...（只输出选项的编号，不要写选项内容）

示例：
题目：医疗伦理中四大基本原则是？
A.尊重自主权
B.善意行为
C.无害原则
D.公正原则
E.以上都不是
【思考过程】：本题考查医学伦理的四大基本原则，包括尊重自主权、不伤害原则、行善原则、公正原则。

【最终答案】：ABCD

题目：以下哪些行为可能违反《护士条例》规定，并可能由公安机关处理？
A. 未按时填写护理记录
B. 辱骂正在执行静脉穿刺的护士
C. 强行闯入治疗室阻碍护士配药
D. 医疗机构内部对护士进行纪律处分
E. 威胁护士不得向患者家属说明用药风险
【思考过程】：",BCE,DeepSeek-V3,"【思考过程】：
1. 首先需要明确《护士条例》的法律效力及公安机关的职责范围。公安机关主要处理涉及治安管理或刑事犯罪的行为，而一般违规行为由医疗机构或卫生行政部门处理。
2. 分析各选项：
   A. ""未按时填写护理记录""属于护理工作规范问题，通常由医疗机构内部处理，不涉及公安机关。
   B. ""辱骂正在执行静脉穿刺的护士""可能构成侮辱他人或扰乱医疗秩序，属于《治安管理处罚法》范畴，公安机关可介入。
   C. ""强行闯入治疗室阻碍护士配药""属于扰乱医疗秩序行为，公安机关可依据《治安管理处罚法》处理。
   D. ""医疗机构内部对护士进行纪律处分""属于正常管理行为，与公安机关无关。
   E. ""威胁护士不得向患者家属说明用药风险""涉嫌威胁医务人员，可能违反《治安管理处罚法》，公安机关可处理。
3. 需注意题目问的是""可能""由公安机关处理的情形，故只要存在可能性即应入选。

【最终答案】：BCE",客观题,BCE
医患关系,"你是一个严格按照要求答题的医学考试考生。请你先展示出完整的思考过程，然后再输出最终答案。每道题目有至少两个选项（A、B）至多五个选项（A、B、C、D、E），题目为不定项选择题，请按照以下格式作答：

【思考过程】：...

【最终答案】：AB / BCE / CD / DE / E / ...（只输出选项的编号，不要写选项内容）

示例：
题目：医疗伦理中四大基本原则是？
A.尊重自主权
B.善意行为
C.无害原则
D.公正原则
E.以上都不是
【思考过程】：本题考查医学伦理的四大基本原则，包括尊重自主权、不伤害原则、行善原则、公正原则。

【最终答案】：ABCD

题目：在医疗机构人事招录和聘任工作中，以下哪些原则属于必须遵循的范畴？
A.公平原则
B.公正原则
C.效率优先原则
D.公开原则
E.保密原则
【思考过程】：",ABD,DeepSeek-V3,"【思考过程】：本题考查医疗机构人事招录和聘任工作中必须遵循的原则。根据相关法律法规和人事管理规范，公平、公正、公开是人事招录和聘任工作中的基本原则，确保程序的透明和公正。效率优先原则虽然重要，但不是必须遵循的基本原则。保密原则在某些情况下需要遵守，如涉及个人隐私时，但不是普遍适用于所有招录和聘任工作。

【最终答案】：ABD",客观题,ABD
医患关系,"你是一个严格按照要求答题的医学考试考生。请你先展示出完整的思考过程，然后再输出最终答案。每道题目有至少两个选项（A、B）至多五个选项（A、B、C、D、E），题目为不定项选择题，请按照以下格式作答：

【思考过程】：...

【最终答案】：AB / BCE / CD / DE / E / ...（只输出选项的编号，不要写选项内容）

示例：
题目：医疗伦理中四大基本原则是？
A.尊重自主权
B.善意行为
C.无害原则
D.公正原则
E.以上都不是
【思考过程】：本题考查医学伦理的四大基本原则，包括尊重自主权、不伤害原则、行善原则、公正原则。

【最终答案】：ABCD

题目：下列哪些行为违反了医疗机构内控制度的相关规定？
A.院长在招标会上公开为亲属企业的药品供应商争取投标资格
B.医院专门成立小组对供应商进行市场调研后再开展采购
C.财务负责人口头要求采购部门优先购买其同学公司的医疗器械
D.采购委员会依据国家最新政策调整供应商资质标准
【思考过程】：",AC,DeepSeek-V3,"【思考过程】：本题考查医疗机构内控制度的违反行为。内控制度要求医疗机构在采购、招标等过程中应遵守公平、公正、公开的原则，避免利益冲突和徇私舞弊行为。  

A选项：院长在招标会上公开为亲属企业的药品供应商争取投标资格，属于利用职务之便为亲属谋取利益，违反了公平公正原则。  
B选项：医院成立小组对供应商进行市场调研后再开展采购，属于规范的市场调研行为，符合内控制度要求。  
C选项：财务负责人口头要求采购部门优先购买其同学公司的医疗器械，属于利用职权干预采购，违反公平公正原则。  
D选项：采购委员会依据国家最新政策调整供应商资质标准，符合合规管理要求，不违反内控制度。  

因此，违反医疗机构内控制度的行为是A、C。  

【最终答案】：AC",客观题,AC
医患关系,"你是一个严格按照要求答题的医学考试考生。请你先展示出完整的思考过程，然后再输出最终答案。每道题目有至少两个选项（A、B）至多五个选项（A、B、C、D、E），题目为不定项选择题，请按照以下格式作答：

【思考过程】：...

【最终答案】：AB / BCE / CD / DE / E / ...（只输出选项的编号，不要写选项内容）

示例：
题目：医疗伦理中四大基本原则是？
A.尊重自主权
B.善意行为
C.无害原则
D.公正原则
E.以上都不是
【思考过程】：本题考查医学伦理的四大基本原则，包括尊重自主权、不伤害原则、行善原则、公正原则。

【最终答案】：ABCD

题目：以下哪些行为符合规范行医的要求？
A.为降低患者焦虑故意缩小病情风险
B.优先选择符合指南的基础检查手段
C.对慢性症状患者尽量减少药物使用
D.根据影像学指征明确说明病灶大小
E.为提升疗效推荐试验阶段的新型疗法
【思考过程】：",BD,DeepSeek-V3,"【思考过程】：本题考查规范行医的要求。A选项故意缩小病情风险违背了真实告知原则；B选项符合规范行医要求，指南推荐的基础检查手段通常是经过验证且合理的；C选项减少药物使用需根据患者具体情况判断，慢性症状患者可能需要长期管理，""尽量减少""若基于合理评估则符合规范；D选项明确说明病灶大小是规范行医的基本要求；E选项试验阶段疗法需符合伦理审查和知情同意要求，仅""为提升疗效""推荐不符合规范。

【最终答案】：BCD",客观题,BCD
医患关系,"你是一个严格按照要求答题的医学考试考生。请你先展示出完整的思考过程，然后再输出最终答案。每道题目有至少两个选项（A、B）至多五个选项（A、B、C、D、E），题目为不定项选择题，请按照以下格式作答：

【思考过程】：...

【最终答案】：AB / BCE / CD / DE / E / ...（只输出选项的编号，不要写选项内容）

示例：
题目：医疗伦理中四大基本原则是？
A.尊重自主权
B.善意行为
C.无害原则
D.公正原则
E.以上都不是
【思考过程】：本题考查医学伦理的四大基本原则，包括尊重自主权、不伤害原则、行善原则、公正原则。

【最终答案】：ABCD

题目：以下哪项行为违反医疗文书管理相关法规？
A.病历材料电子化保存
B.伪造病历材料
C.签署未经亲自检查的医学证明
D.按流程销毁过期的空白处方笺
E.补写遗漏的病程记录并标注补充时间
【思考过程】：",BC,DeepSeek-V3,"【思考过程】：本题考查医疗文书管理相关法规的违规行为。根据相关法规：A项电子化保存病历材料是允许的，符合信息化管理要求；B项伪造病历材料属于违法行为；C项未经亲自检查签署医学证明违反《执业医师法》；D项按流程销毁过期空白处方笺是合规操作；E项补写病程记录并标注时间属于合法补救措施。

【最终答案】：BC",客观题,BC
医患关系,"你是一个严格按照要求答题的医学考试考生。请你先展示出完整的思考过程，然后再输出最终答案。每道题目有至少两个选项（A、B）至多五个选项（A、B、C、D、E），题目为不定项选择题，请按照以下格式作答：

【思考过程】：...

【最终答案】：AB / BCE / CD / DE / E / ...（只输出选项的编号，不要写选项内容）

示例：
题目：医疗伦理中四大基本原则是？
A.尊重自主权
B.善意行为
C.无害原则
D.公正原则
E.以上都不是
【思考过程】：本题考查医学伦理的四大基本原则，包括尊重自主权、不伤害原则、行善原则、公正原则。

【最终答案】：ABCD

题目：以下哪种行为符合医疗技术临床应用管理规范中关于医师执业权限的规定？
A.实习医师在紧急情况下独立应用新获批的护理技术
B.主治医师应用尚未通过单位审查的新技术进行患者救治
C.副主任医师按照单位规定的执业等级权限应用新医疗技术
D.护士长在常规护理中自行尝试未经评估的技术优化
【思考过程】：",C,DeepSeek-V3,"【思考过程】：本题考查医疗技术临床应用管理规范中关于医师执业权限的规定。根据相关规定，实习医师和护士长不具备独立应用新技术的权限，尤其是在紧急情况下或未经评估的技术优化。主治医师应用尚未通过单位审查的新技术也是不符合规定的，因为新技术需要通过单位审查才能应用。副主任医师按照单位规定的执业等级权限应用新医疗技术是符合规定的，因为其具备相应的执业权限且遵循了单位的规定。

【最终答案】：C",客观题,C
医患关系,"你是一个严格按照要求答题的医学考试考生。请你先展示出完整的思考过程，然后再输出最终答案。每道题目有至少两个选项（A、B）至多五个选项（A、B、C、D、E），题目为不定项选择题，请按照以下格式作答：

【思考过程】：...

【最终答案】：AB / BCE / CD / DE / E / ...（只输出选项的编号，不要写选项内容）

示例：
题目：医疗伦理中四大基本原则是？
A.尊重自主权
B.善意行为
C.无害原则
D.公正原则
E.以上都不是
【思考过程】：本题考查医学伦理的四大基本原则，包括尊重自主权、不伤害原则、行善原则、公正原则。

【最终答案】：ABCD

题目：以下哪项行为违反了常规护理中的病历管理规定？
A.护理人员伪造患者体温监测记录
B.因纠纷故意隐匿抢救过程记录
C.接班后未及时记录患者输液反应
D.妥善保管患者病历以防信息泄露
E.用修正液涂改病历并重新签署姓名和日期
【思考过程】：",ABCE,DeepSeek-V3,"【思考过程】：本题考查病历管理规定的违规行为。根据病历管理规范，伪造、篡改、隐匿、销毁病历资料均属违规行为。选项A（伪造记录）、B（故意隐匿记录）、E（涂改病历并重新签署）均属于直接违规行为；选项C（未及时记录）属于工作疏漏，但需结合具体情节判断是否构成违规；选项D（妥善保管病历）是合规行为。

【最终答案】：ABE",客观题,ABE
医患关系,"你是一个严格按照要求答题的医学考试考生。请你先展示出完整的思考过程，然后再输出最终答案。每道题目有至少两个选项（A、B）至多五个选项（A、B、C、D、E），题目为不定项选择题，请按照以下格式作答：

【思考过程】：...

【最终答案】：AB / BCE / CD / DE / E / ...（只输出选项的编号，不要写选项内容）

示例：
题目：医疗伦理中四大基本原则是？
A.尊重自主权
B.善意行为
C.无害原则
D.公正原则
E.以上都不是
【思考过程】：本题考查医学伦理的四大基本原则，包括尊重自主权、不伤害原则、行善原则、公正原则。

【最终答案】：ABCD

题目：在常规护理中，以下哪些行为符合处方调剂职责的规范？
A.因库存不足，将处方中的头孢曲松钠更换为头孢哌酮钠舒巴坦钠
B.对照处方内容检查药物规格与患者年龄是否匹配
C.为减少患者等待时间，擅自在调配时提高注射用青霉素的配制浓度
D.发现处方中药品名称缺字后联系开方医师确认
E.严格遵循""四查十对""流程扫描药品条形码
【思考过程】：",BDE,DeepSeek-V3,"【思考过程】：
1. 选项A：未经医师同意擅自更换抗生素属于严重违规行为，不同抗生素的抗菌谱和适应症存在差异，不符合调剂规范。
2. 选项B：核对药物规格与患者年龄是调剂常规要求，如儿童剂量需特别关注，符合规范。
3. 选项C：擅自改变药物浓度可能造成用药过量或疗效不足，违反调剂原则。
4. 选项D：对处方存疑时联系医师确认是规范操作，确保用药安全。
5. 选项E：""四查十对""是调剂核心制度，条形码扫描可保证药品准确性，完全符合规范。

【最终答案】：BDE",客观题,BDE
医患关系,"你是一个严格按照要求答题的医学考试考生。请你先展示出完整的思考过程，然后再输出最终答案。每道题目有至少两个选项（A、B）至多五个选项（A、B、C、D、E），题目为不定项选择题，请按照以下格式作答：

【思考过程】：...

【最终答案】：AB / BCE / CD / DE / E / ...（只输出选项的编号，不要写选项内容）

示例：
题目：医疗伦理中四大基本原则是？
A.尊重自主权
B.善意行为
C.无害原则
D.公正原则
E.以上都不是
【思考过程】：本题考查医学伦理的四大基本原则，包括尊重自主权、不伤害原则、行善原则、公正原则。

【最终答案】：ABCD

题目：以下哪些行为违反了常规护理中的药品管理制度？（多选）
A.护士长根据科室需求调整药品采购计划
B.护士用科室备用药品为患者家属开具处方
C.药房接收供应商直接配送的未经验收的药品
D.护士将处方数据提供给医药代表用于绩效统计
E.护理部统计某季度抗生素使用量用于优化治疗方案
【思考过程】：",BCD,DeepSeek-V3,"【思考过程】：本题考查常规护理中药品管理制度的违规行为。根据药品管理制度，调整药品采购计划需要符合相关规定，护士长根据科室需求调整计划若符合程序则不违规（A不选）；护士无权为患者家属开具处方，属于违规行为（B选）；药房接收未经验收的药品违反验收流程（C选）；护士提供处方数据给医药代表涉嫌泄露患者隐私和商业违规（D选）；统计抗生素使用量用于治疗方案优化属于合理管理行为（E不选）。

【最终答案】：BCD",客观题,BCD
医患关系,"你是一个严格按照要求答题的医学考试考生。请你先展示出完整的思考过程，然后再输出最终答案。每道题目有至少两个选项（A、B）至多五个选项（A、B、C、D、E），题目为不定项选择题，请按照以下格式作答：

【思考过程】：...

【最终答案】：AB / BCE / CD / DE / E / ...（只输出选项的编号，不要写选项内容）

示例：
题目：医疗伦理中四大基本原则是？
A.尊重自主权
B.善意行为
C.无害原则
D.公正原则
E.以上都不是
【思考过程】：本题考查医学伦理的四大基本原则，包括尊重自主权、不伤害原则、行善原则、公正原则。

【最终答案】：ABCD

题目：以下哪些做法符合医疗机构处理标本的伦理规范？
A.采集标本前签署知情同意书并规范保存
B.护士未经患者同意将剩余标本直接丢弃
C.将脱敏处理后的标本用于医学教育培训
D.医院将剩余标本卖给生物公司但声明用于公益研究
【思考过程】：",AC,DeepSeek-V3,"【思考过程】：本题考查医疗机构处理标本的伦理规范。根据医学伦理原则，处理标本需遵循以下规范：1. 必须获得患者的知情同意（A符合）；2. 未经同意不得擅自处理标本（B不符合）；3. 脱敏处理的标本可用于教学（C符合）；4. 标本的商业用途即使声明公益也需明确知情同意（D不符合）。

【最终答案】：AC",客观题,AC
医患关系,"你是一个严格按照要求答题的医学考试考生。请你先展示出完整的思考过程，然后再输出最终答案。每道题目有至少两个选项（A、B）至多五个选项（A、B、C、D、E），题目为不定项选择题，请按照以下格式作答：

【思考过程】：...

【最终答案】：AB / BCE / CD / DE / E / ...（只输出选项的编号，不要写选项内容）

示例：
题目：医疗伦理中四大基本原则是？
A.尊重自主权
B.善意行为
C.无害原则
D.公正原则
E.以上都不是
【思考过程】：本题考查医学伦理的四大基本原则，包括尊重自主权、不伤害原则、行善原则、公正原则。

【最终答案】：ABCD

题目：申请护士执业注册的教育要求中，关于护理专业课程学习和临床实习的时长规定，以下哪些是正确的？
A.普通全日制2年以上的专业课程学习
B.普通全日制3年以上的专业课程学习
C.综合医院完成6个月临床实习
D.综合医院完成8个月临床实习
E.通过省级护理技能考核
【思考过程】：",BD,DeepSeek-V3,"【思考过程】：本题考查护士执业注册的教育要求。根据《护士条例》规定，申请护士执业注册需要完成普通全日制3年以上的护理、助产专业课程学习，包括在教学、综合医院完成8个月以上护理临床实习。选项E（通过省级护理技能考核）不是教育要求中的明确规定，而是执业考试或注册后考核的内容。

【最终答案】：BD",客观题,BD
医患关系,"你是一个严格按照要求答题的医学考试考生。请你先展示出完整的思考过程，然后再输出最终答案。每道题目有至少两个选项（A、B）至多五个选项（A、B、C、D、E），题目为不定项选择题，请按照以下格式作答：

【思考过程】：...

【最终答案】：AB / BCE / CD / DE / E / ...（只输出选项的编号，不要写选项内容）

示例：
题目：医疗伦理中四大基本原则是？
A.尊重自主权
B.善意行为
C.无害原则
D.公正原则
E.以上都不是
【思考过程】：本题考查医学伦理的四大基本原则，包括尊重自主权、不伤害原则、行善原则、公正原则。

【最终答案】：ABCD

题目：以下哪些情况符合我国护士执业注册的健康标准？
A.存在嗅觉丧失但日常生活正常
B.单耳中度听力损失无辅助器具
C.色弱矫正后达到辨色标准
D.既往焦虑症已临床治愈2年无复发
【思考过程】：",AD,DeepSeek-V3,"【思考过程】：本题考查护士执业注册的健康标准。根据我国相关规定：
1. 嗅觉丧失不影响基本护理操作和日常生活（A符合）；
2. 单耳听力损失在不影响工作时可被接受（B符合）；
3. 色弱若矫正后能达到辨色要求（如区分药品标签颜色）可通过（C符合）；
4. 精神疾病临床治愈且稳定2年以上可注册（D符合）。

【最终答案】：ABCD",客观题,ABCD
医患关系,"你是一个严格按照要求答题的医学考试考生。请你先展示出完整的思考过程，然后再输出最终答案。每道题目有至少两个选项（A、B）至多五个选项（A、B、C、D、E），题目为不定项选择题，请按照以下格式作答：

【思考过程】：...

【最终答案】：AB / BCE / CD / DE / E / ...（只输出选项的编号，不要写选项内容）

示例：
题目：医疗伦理中四大基本原则是？
A.尊重自主权
B.善意行为
C.无害原则
D.公正原则
E.以上都不是
【思考过程】：本题考查医学伦理的四大基本原则，包括尊重自主权、不伤害原则、行善原则、公正原则。

【最终答案】：ABCD

题目：申请护士执业注册时，以下哪些材料是必须提交的？
A.申请人3个月内健康体检证明
B.护士执业资格考试成绩合格证明
C.医疗卫生机构推荐信
D.申请人学历证书及专业学习中的临床实习证明
E.身份证明复印件（需公证）
【思考过程】：",BD,DeepSeek-V3,"【思考过程】：本题考查申请护士执业注册时必须提交的材料。根据《护士执业注册管理办法》规定，申请护士执业注册需要提交的材料包括：护士执业资格考试成绩合格证明（B）、申请人学历证书及专业学习中的临床实习证明（D）、身份证明（E为复印件且需公证，但通常不需要公证，因此不选E）、6个月内健康体检证明（A为3个月内，不符合要求）、医疗卫生机构拟聘用证明（C为推荐信，不符合要求）。因此，必须提交的材料是B和D。

【最终答案】：BD",客观题,BD
医患关系,"你是一个严格按照要求答题的医学考试考生。请你先展示出完整的思考过程，然后再输出最终答案。每道题目有至少两个选项（A、B）至多五个选项（A、B、C、D、E），题目为不定项选择题，请按照以下格式作答：

【思考过程】：...

【最终答案】：AB / BCE / CD / DE / E / ...（只输出选项的编号，不要写选项内容）

示例：
题目：医疗伦理中四大基本原则是？
A.尊重自主权
B.善意行为
C.无害原则
D.公正原则
E.以上都不是
【思考过程】：本题考查医学伦理的四大基本原则，包括尊重自主权、不伤害原则、行善原则、公正原则。

【最终答案】：ABCD

题目：以下哪些材料是申请护士执业注册时必须提交的？（多选）
A.护士执业注册申请审核表
B.身份证复印件及户籍证明
C.专业学习中的临床实习证明
D.3个月内健康体检证明
E.医疗卫生机构拟聘用合同副本
【思考过程】：",AC,DeepSeek-V3,"【思考过程】：本题考查申请护士执业注册时必须提交的材料。根据《护士执业注册管理办法》规定，申请护士执业注册需要提交以下材料：1.护士执业注册申请审核表（A）；2.申请人身份证明（B中的身份证复印件）；3.申请人学历证书及专业学习中的临床实习证明（C）；4.护士执业资格考试成绩合格证明；5.省、自治区、直辖市人民政府卫生行政部门指定的医疗机构出具的申请人6个月内健康体检证明（D中3个月错误）；6.医疗卫生机构拟聘用的相关材料（E中的合同副本）。其中户籍证明不是必须的（B错误），健康体检证明要求6个月内而非3个月（D错误）。

【最终答案】：ACE",客观题,ACE
医患关系,"你是一个严格按照要求答题的医学考试考生。请你先展示出完整的思考过程，然后再输出最终答案。每道题目有至少两个选项（A、B）至多五个选项（A、B、C、D、E），题目为不定项选择题，请按照以下格式作答：

【思考过程】：...

【最终答案】：AB / BCE / CD / DE / E / ...（只输出选项的编号，不要写选项内容）

示例：
题目：医疗伦理中四大基本原则是？
A.尊重自主权
B.善意行为
C.无害原则
D.公正原则
E.以上都不是
【思考过程】：本题考查医学伦理的四大基本原则，包括尊重自主权、不伤害原则、行善原则、公正原则。

【最终答案】：ABCD

题目：以下哪项不属于申请护士执业注册必须提交的材料？
A.护士执业注册申请审核表
B.申请人学历证书及专业学习中的临床实习证明
C.申请人理论考试成绩合格证明
D.省人民政府卫生行政部门指定的医疗机构出具的3个月内健康体检证明
E.原工作单位的推荐信
【思考过程】：",CDE,DeepSeek-V3,"【思考过程】：本题考查护士执业注册所需提交的材料。根据《护士执业注册管理办法》规定，申请护士执业注册需要提交以下材料：护士执业注册申请审核表（A）、申请人学历证书及专业学习中的临床实习证明（B）、申请人理论考试成绩合格证明（C）、省人民政府卫生行政部门指定的医疗机构出具的6个月内健康体检证明（D选项中的“3个月内”错误，且应为6个月）。原工作单位的推荐信（E）并非必须提交的材料。

【最终答案】：DE",客观题,DE
医患关系,"你是一个严格按照要求答题的医学考试考生。请你先展示出完整的思考过程，然后再输出最终答案。每道题目有至少两个选项（A、B）至多五个选项（A、B、C、D、E），题目为不定项选择题，请按照以下格式作答：

【思考过程】：...

【最终答案】：AB / BCE / CD / DE / E / ...（只输出选项的编号，不要写选项内容）

示例：
题目：医疗伦理中四大基本原则是？
A.尊重自主权
B.善意行为
C.无害原则
D.公正原则
E.以上都不是
【思考过程】：本题考查医学伦理的四大基本原则，包括尊重自主权、不伤害原则、行善原则、公正原则。

【最终答案】：ABCD

题目：以下哪项不属于《护士执业证书》必须注明的信息？
A.性别
B.注册有效期
C.执业地点
D.证书编号
E.注册日期
【思考过程】：",B,DeepSeek-V3,"【思考过程】：本题考查《护士执业证书》必须注明的信息。根据相关规定，《护士执业证书》通常需要注明护士的姓名、性别、证书编号、注册有效期、执业地点和注册日期等信息。因此，所有选项A、B、C、D、E都是必须注明的信息，题目问的是“不属于”的选项，但所有选项都是必须注明的信息，因此可能需要重新审视题目或选项是否有误。若严格按照题目要求选择“不属于”的选项，可能需要选择最不相关的信息，但所有选项均相关。可能存在题目设计问题或遗漏正确选项。

【最终答案】：E",客观题,E
医患关系,"你是一个严格按照要求答题的医学考试考生。请你先展示出完整的思考过程，然后再输出最终答案。每道题目有至少两个选项（A、B）至多五个选项（A、B、C、D、E），题目为不定项选择题，请按照以下格式作答：

【思考过程】：...

【最终答案】：AB / BCE / CD / DE / E / ...（只输出选项的编号，不要写选项内容）

示例：
题目：医疗伦理中四大基本原则是？
A.尊重自主权
B.善意行为
C.无害原则
D.公正原则
E.以上都不是
【思考过程】：本题考查医学伦理的四大基本原则，包括尊重自主权、不伤害原则、行善原则、公正原则。

【最终答案】：ABCD

题目：护士执业注册申请逾期时，除常规材料外，还必须额外提交以下哪种材料？
A.在省级三甲医院完成2个月培训的证明
B.在省卫生行政部门指定的医院接受3个月临床护理培训并通过考核的证明
C.在社区医院参与6个月实践活动的记录
D.通过国家级护理技能认证的证书
【思考过程】：",B,DeepSeek-V3,"【思考过程】：本题考查护士执业注册申请逾期的额外材料要求。根据《护士执业注册管理办法》规定，逾期申请注册的护士，除提交常规材料外，还需提交在省、自治区、直辖市人民政府卫生行政部门指定的医疗机构接受3个月临床护理培训并考核合格的证明。其他选项如三甲医院2个月培训、社区医院6个月实践、国家级技能认证，均不符合法规要求。

【最终答案】：B",客观题,B
医患关系,"你是一个严格按照要求答题的医学考试考生。请你先展示出完整的思考过程，然后再输出最终答案。每道题目有至少两个选项（A、B）至多五个选项（A、B、C、D、E），题目为不定项选择题，请按照以下格式作答：

【思考过程】：...

【最终答案】：AB / BCE / CD / DE / E / ...（只输出选项的编号，不要写选项内容）

示例：
题目：医疗伦理中四大基本原则是？
A.尊重自主权
B.善意行为
C.无害原则
D.公正原则
E.以上都不是
【思考过程】：本题考查医学伦理的四大基本原则，包括尊重自主权、不伤害原则、行善原则、公正原则。

【最终答案】：ABCD

题目：护士执业注册的有效期及延续注册的时限要求分别是？
A.有效期3年，延续注册需在届满前15日申请
B.有效期5年，延续注册需在届满前30日申请
C.有效期5年，延续注册需在届满前60日申请
D.有效期6年，需在届满后30日内补申请
【思考过程】：",B,DeepSeek-V3,"【思考过程】：本题考查护士执业注册的有效期及延续注册的时限要求。根据《护士执业注册管理办法》规定，护士执业注册有效期为5年，延续注册需在有效期届满前30日提出申请。

【最终答案】：B",客观题,B
医患关系,"你是一个严格按照要求答题的医学考试考生。请你先展示出完整的思考过程，然后再输出最终答案。每道题目有至少两个选项（A、B）至多五个选项（A、B、C、D、E），题目为不定项选择题，请按照以下格式作答：

【思考过程】：...

【最终答案】：AB / BCE / CD / DE / E / ...（只输出选项的编号，不要写选项内容）

示例：
题目：医疗伦理中四大基本原则是？
A.尊重自主权
B.善意行为
C.无害原则
D.公正原则
E.以上都不是
【思考过程】：本题考查医学伦理的四大基本原则，包括尊重自主权、不伤害原则、行善原则、公正原则。

【最终答案】：ABCD

题目：护士申请延续注册时需要提交以下哪些材料？
A.护士延续注册申请审核表
B.《护士执业证书》
C.近3个月内的健康体检证明
D.市级医院出具的1年内体检报告
E.继续教育学分证明
F.省卫生行政部门指定医疗机构的6个月内体检证明
【思考过程】：",ABF,DeepSeek-V3,"【思考过程】：本题考查护士延续注册所需提交的材料。根据相关规定，护士延续注册需要提交以下材料：护士延续注册申请审核表（A选项）、《护士执业证书》（B选项）、以及省卫生行政部门指定医疗机构的6个月内体检证明（F选项）。近3个月内的健康体检证明（C选项）和市级医院出具的1年内体检报告（D选项）不符合要求，继续教育学分证明（E选项）通常不是延续注册的必要材料。

【最终答案】：ABF",客观题,ABF
医患关系,"你是一个严格按照要求答题的医学考试考生。请你先展示出完整的思考过程，然后再输出最终答案。每道题目有至少两个选项（A、B）至多五个选项（A、B、C、D、E），题目为不定项选择题，请按照以下格式作答：

【思考过程】：...

【最终答案】：AB / BCE / CD / DE / E / ...（只输出选项的编号，不要写选项内容）

示例：
题目：医疗伦理中四大基本原则是？
A.尊重自主权
B.善意行为
C.无害原则
D.公正原则
E.以上都不是
【思考过程】：本题考查医学伦理的四大基本原则，包括尊重自主权、不伤害原则、行善原则、公正原则。

【最终答案】：ABCD

题目：护士小张因中断护理执业活动超过3年，现计划重新注册。以下哪项材料是其必须额外提交的？
A.中断执业期间的进修证明
B.在省级卫生部门指定医院接受1个月临床护理培训的合格证明
C.在省级卫生部门指定医院接受3个月临床护理培训的考核证明
D.近3年的健康体检报告
【思考过程】：",C,DeepSeek-V3,"【思考过程】：本题考查护士重新注册的要求。根据《护士执业注册管理办法》规定，中断护理执业活动超过3年的，应当提交在省、自治区、直辖市人民政府卫生行政部门规定的教学、综合医院接受3个月临床护理培训并考核合格的证明。因此，选项C是必须额外提交的材料。其他选项如进修证明、1个月培训证明或健康体检报告并非强制性要求。

【最终答案】：C",客观题,C
医患关系,"你是一个严格按照要求答题的医学考试考生。请你先展示出完整的思考过程，然后再输出最终答案。每道题目有至少两个选项（A、B）至多五个选项（A、B、C、D、E），题目为不定项选择题，请按照以下格式作答：

【思考过程】：...

【最终答案】：AB / BCE / CD / DE / E / ...（只输出选项的编号，不要写选项内容）

示例：
题目：医疗伦理中四大基本原则是？
A.尊重自主权
B.善意行为
C.无害原则
D.公正原则
E.以上都不是
【思考过程】：本题考查医学伦理的四大基本原则，包括尊重自主权、不伤害原则、行善原则、公正原则。

【最终答案】：ABCD

题目：某护士中断护理执业活动后拟重新注册，以下哪种情形需要提交临床护理培训考核证明？
A.中断执业1年零6个月
B.中断执业2年零9个月
C.中断执业3年整
D.中断执业4年
E.从未中断过执业
【思考过程】：",CD,DeepSeek-V3,"【思考过程】：根据《护士执业注册管理办法》规定，中断护理执业活动超过3年的，拟重新注册时需要提交在省、自治区、直辖市人民政府卫生行政部门规定的教学、综合医院接受3个月临床护理培训并考核合格的证明。因此，需要判断各选项中中断执业时间是否超过3年。A选项1年零6个月（1.5年）未超过3年；B选项2年零9个月（2.75年）未超过3年；C选项3年整（等于3年）需要提交；D选项4年（超过3年）需要提交；E选项从未中断过执业不需要提交。

【最终答案】：CD",客观题,CD
医患关系,"你是一个严格按照要求答题的医学考试考生。请你先展示出完整的思考过程，然后再输出最终答案。每道题目有至少两个选项（A、B）至多五个选项（A、B、C、D、E），题目为不定项选择题，请按照以下格式作答：

【思考过程】：...

【最终答案】：AB / BCE / CD / DE / E / ...（只输出选项的编号，不要写选项内容）

示例：
题目：医疗伦理中四大基本原则是？
A.尊重自主权
B.善意行为
C.无害原则
D.公正原则
E.以上都不是
【思考过程】：本题考查医学伦理的四大基本原则，包括尊重自主权、不伤害原则、行善原则、公正原则。

【最终答案】：ABCD

题目：护士在执业注册有效期内，以下哪些情况应当办理变更注册？
A.变更执业地点至其他城市
B.调整每日工作班次
C.变更执业机构至另一家医院
D.职称晋升为副主任护师
E.从急诊科调至门诊科工作
【思考过程】：",AC,DeepSeek-V3,"【思考过程】：本题考查护士执业注册变更的相关规定。根据《护士条例》和《护士执业注册管理办法》，护士在执业注册有效期内，以下情况需要办理变更注册：
1. 变更执业地点（跨城市或跨省份）——对应选项A；
2. 变更执业机构（即使在同一城市）——对应选项C；
3. 变更执业类别（如从临床护理变更为预防保健）；
4. 变更执业范围（如从内科变更为外科）。

不涉及变更注册的情形包括：
1. 同一医疗机构内科室调动——对应选项E；
2. 职称晋升——对应选项D；
3. 工作时间调整——对应选项B。

【最终答案】：AC",客观题,AC
医患关系,"你是一个严格按照要求答题的医学考试考生。请你先展示出完整的思考过程，然后再输出最终答案。每道题目有至少两个选项（A、B）至多五个选项（A、B、C、D、E），题目为不定项选择题，请按照以下格式作答：

【思考过程】：...

【最终答案】：AB / BCE / CD / DE / E / ...（只输出选项的编号，不要写选项内容）

示例：
题目：医疗伦理中四大基本原则是？
A.尊重自主权
B.善意行为
C.无害原则
D.公正原则
E.以上都不是
【思考过程】：本题考查医学伦理的四大基本原则，包括尊重自主权、不伤害原则、行善原则、公正原则。

【最终答案】：ABCD

题目：护士在其执业注册有效期内变更执业地点时，必须提交以下哪些材料？
A.护士变更注册申请审核表
B.《护士执业证书》
C.身份证原件及复印件
D.原执业医院工作证明
E.健康体检合格证明
【思考过程】：",AB,DeepSeek-V3,"【思考过程】：本题考查护士变更执业地点所需提交的材料。根据相关规定，护士变更执业地点通常需要提交护士变更注册申请审核表、《护士执业证书》以及申请人的身份证明文件。健康体检合格证明可能在初次注册时要求，但变更地点时未必需要。原执业医院工作证明可能在某些情况下需要，但不是必须的。

【最终答案】：ABC",客观题,ABC
医患关系,"你是一个严格按照要求答题的医学考试考生。请你先展示出完整的思考过程，然后再输出最终答案。每道题目有至少两个选项（A、B）至多五个选项（A、B、C、D、E），题目为不定项选择题，请按照以下格式作答：

【思考过程】：...

【最终答案】：AB / BCE / CD / DE / E / ...（只输出选项的编号，不要写选项内容）

示例：
题目：医疗伦理中四大基本原则是？
A.尊重自主权
B.善意行为
C.无害原则
D.公正原则
E.以上都不是
【思考过程】：本题考查医学伦理的四大基本原则，包括尊重自主权、不伤害原则、行善原则、公正原则。

【最终答案】：ABCD

题目：以下哪些情形会导致护士执业注册被注销？
A.注册有效期届满未延续注册
B.被暂停执业活动6个月
C.因重大过失被吊销《护士执业证书》
D.护士退休
E.护士确诊焦虑症无法正常工作
【思考过程】：",AC,DeepSeek-V3,"【思考过程】：
1. 根据《护士执业注册管理办法》相关规定，护士执业注册被注销的情形包括：
   - 注册有效期届满未延续注册（A选项）：符合注销条件，属于主动未延续的情况。
   - 因重大过失被吊销《护士执业证书》（C选项）：属于严重违法违规行为导致的强制注销。
2. 被暂停执业活动6个月（B选项）：暂停执业≠注销注册，属于暂时性处罚。
3. 护士退休（D选项）：退休后未主动注销的仍可保留注册（如返聘），非强制注销情形。
4. 确诊焦虑症无法正常工作（E选项）：需经相关程序认定丧失民事行为能力才会注销，单纯确诊疾病不直接导致注销。

【最终答案】：AC",客观题,AC
医患关系,"你是一个严格按照要求答题的医学考试考生。请你先展示出完整的思考过程，然后再输出最终答案。每道题目有至少两个选项（A、B）至多五个选项（A、B、C、D、E），题目为不定项选择题，请按照以下格式作答：

【思考过程】：...

【最终答案】：AB / BCE / CD / DE / E / ...（只输出选项的编号，不要写选项内容）

示例：
题目：医疗伦理中四大基本原则是？
A.尊重自主权
B.善意行为
C.无害原则
D.公正原则
E.以上都不是
【思考过程】：本题考查医学伦理的四大基本原则，包括尊重自主权、不伤害原则、行善原则、公正原则。

【最终答案】：ABCD

题目：下列哪些情形会导致卫生行政部门直接负责的主管人员被行政处分？
A.向不符合条件的护士发放执业证书
B.要求申请人提交执业注册以外的个人资料
C.对执业考试违纪者延迟注册处理
D.拒绝为符合条件的护士办理执业证书
【思考过程】：",AD,DeepSeek-V3,"【思考过程】：本题考查卫生行政部门直接负责的主管人员可能被行政处分的情形。根据《护士条例》相关规定：
1. 发放执业证书必须符合法定条件，向不符合条件者发放证书属于渎职行为（A正确）；
2. 要求提交执业注册以外的个人资料属于增设非法条件（B正确）；
3. 对违纪者延迟注册是正当管理行为（C错误）；
4. 拒绝为符合条件者办理执业证书属于行政不作为（D正确）。

【最终答案】：ABD",客观题,ABD
医患关系,"你是一个严格按照要求答题的医学考试考生。请你先展示出完整的思考过程，然后再输出最终答案。每道题目有至少两个选项（A、B）至多五个选项（A、B、C、D、E），题目为不定项选择题，请按照以下格式作答：

【思考过程】：...

【最终答案】：AB / BCE / CD / DE / E / ...（只输出选项的编号，不要写选项内容）

示例：
题目：医疗伦理中四大基本原则是？
A.尊重自主权
B.善意行为
C.无害原则
D.公正原则
E.以上都不是
【思考过程】：本题考查医学伦理的四大基本原则，包括尊重自主权、不伤害原则、行善原则、公正原则。

【最终答案】：ABCD

题目：护士张某在申请执业注册时，隐瞒了其曾因违规被暂停执业的记录。卫生行政部门应采取的措施是？
A. 给予警告但不影响注册
B. 不予受理注册申请并给予警告
C. 批准注册但罚款2000元
D. 撤销其执业注册
【思考过程】：",B,DeepSeek-V3,"【思考过程】：本题考查护士执业注册的相关规定。根据《护士条例》和《护士执业注册管理办法》，申请人在申请执业注册时应当如实提交相关材料，隐瞒或提供虚假材料的，卫生行政部门不予受理或不予注册，并给予警告；已经注册的，应当撤销注册。本题中张某隐瞒违规记录，属于提供虚假材料，且尚未完成注册（题干描述为""申请执业注册时""），因此应当不予受理并给予警告。

【最终答案】：B",客观题,B
医患关系,"你是一个严格按照要求答题的医学考试考生。请你先展示出完整的思考过程，然后再输出最终答案。每道题目有至少两个选项（A、B）至多五个选项（A、B、C、D、E），题目为不定项选择题，请按照以下格式作答：

【思考过程】：...

【最终答案】：AB / BCE / CD / DE / E / ...（只输出选项的编号，不要写选项内容）

示例：
题目：医疗伦理中四大基本原则是？
A.尊重自主权
B.善意行为
C.无害原则
D.公正原则
E.以上都不是
【思考过程】：本题考查医学伦理的四大基本原则，包括尊重自主权、不伤害原则、行善原则、公正原则。

【最终答案】：ABCD

题目：以下选项中符合护理对象应被尊重的权益是？
A.人身自由权
B.生命权
C.知情同意权
D.身体权
E.原生文化尊重权
【思考过程】：",ABCDE,DeepSeek-V3,"【思考过程】：本题考查的是护理对象的基本权益，这些权益在医疗护理实践中应得到充分尊重。人身自由权是指个人行动自由不受非法限制；生命权是最基本的权利，任何人都有权享有生命；知情同意权是患者在了解治疗信息后自主决定的权利；身体权涉及个人对身体完整性的控制；原生文化尊重权是指尊重患者的文化背景和信仰。所有这些选项都是护理对象应被尊重的权益。

【最终答案】：ABCDE",客观题,ABCDE
医患关系,"你是一个严格按照要求答题的医学考试考生。请你先展示出完整的思考过程，然后再输出最终答案。每道题目有至少两个选项（A、B）至多五个选项（A、B、C、D、E），题目为不定项选择题，请按照以下格式作答：

【思考过程】：...

【最终答案】：AB / BCE / CD / DE / E / ...（只输出选项的编号，不要写选项内容）

示例：
题目：医疗伦理中四大基本原则是？
A.尊重自主权
B.善意行为
C.无害原则
D.公正原则
E.以上都不是
【思考过程】：本题考查医学伦理的四大基本原则，包括尊重自主权、不伤害原则、行善原则、公正原则。

【最终答案】：ABCD

题目：在卫生资源紧缺或其他极端情况下，护理人员应综合考虑哪些因素进行伦理决策？（多选）
A.国家利益
B.医学标准
C.性别和宗教信仰
D.余年寿命
E.家庭角色
F.护理对象的既往病史
【思考过程】：",ABDF,DeepSeek-V3,"【思考过程】：本题考查极端情况下护理人员伦理决策的参考因素。根据医学伦理原则和临床实践，护理人员应优先考虑医学标准（B）和护理对象的既往病史（F），这是医疗决策的基础。国家利益（A）在极端情况下可能成为宏观考量因素，但需谨慎权衡。性别和宗教信仰（C）不应影响医疗公平性。余年寿命（D）和家庭角色（E）属于生命质量和社会价值判断，可能引发伦理争议，需结合具体情境审慎评估。  

【最终答案】：ABF",客观题,ABF
医患关系,"你是一个严格按照要求答题的医学考试考生。请你先展示出完整的思考过程，然后再输出最终答案。每道题目有至少两个选项（A、B）至多五个选项（A、B、C、D、E），题目为不定项选择题，请按照以下格式作答：

【思考过程】：...

【最终答案】：AB / BCE / CD / DE / E / ...（只输出选项的编号，不要写选项内容）

示例：
题目：医疗伦理中四大基本原则是？
A.尊重自主权
B.善意行为
C.无害原则
D.公正原则
E.以上都不是
【思考过程】：本题考查医学伦理的四大基本原则，包括尊重自主权、不伤害原则、行善原则、公正原则。

【最终答案】：ABCD

题目：以下哪些行为是护理员被明确禁止从事的？
A.为普通内科患者更换床单
B.协助老年患者完成自主进食
C.记录术后患者的生命体征
D.为新生儿更换尿布并进行脐部消毒
E.为重症监护患者进行静脉注射
【思考过程】：",DE,DeepSeek-V3,"【思考过程】：本题考查护理员的职责范围与禁止行为。根据护理规范，护理员主要承担基础生活护理和辅助性工作，禁止从事涉及无菌操作、侵入性操作或专业技术性操作（如静脉注射）。分析选项：
A. 更换床单属于基础生活护理，允许操作  
B. 协助进食属于生活护理范畴，允许操作  
C. 记录生命体征属于辅助性工作，允许操作  
D. 新生儿脐部消毒涉及无菌操作，需护士执行  
E. 静脉注射属于侵入性专业技术操作，严格禁止  

【最终答案】：DE",客观题,DE
医患关系,"你是一个严格按照要求答题的医学考试考生。请你先展示出完整的思考过程，然后再输出最终答案。每道题目有至少两个选项（A、B）至多五个选项（A、B、C、D、E），题目为不定项选择题，请按照以下格式作答：

【思考过程】：...

【最终答案】：AB / BCE / CD / DE / E / ...（只输出选项的编号，不要写选项内容）

示例：
题目：医疗伦理中四大基本原则是？
A.尊重自主权
B.善意行为
C.无害原则
D.公正原则
E.以上都不是
【思考过程】：本题考查医学伦理的四大基本原则，包括尊重自主权、不伤害原则、行善原则、公正原则。

【最终答案】：ABCD

题目：护士应促进建立以下哪些内容得到承认和尊重的环境？
A.人权
B.价值观
C.宗教信仰
D.服务效率
E.精神信仰
F.经济利益
【思考过程】：",ABCE,DeepSeek-V3,"【思考过程】：本题考查护士在职业实践中应促进建立的环境内容。根据国际护理伦理和实践标准，护士应促进建立一个人权、价值观、宗教信仰、精神信仰得到承认和尊重的环境。服务效率和经济利益虽然重要，但不是护士在伦理层面需要特别促进的内容。

【最终答案】：ABCE",客观题,ABCE
医患关系,"你是一个严格按照要求答题的医学考试考生。请你先展示出完整的思考过程，然后再输出最终答案。每道题目有至少两个选项（A、B）至多五个选项（A、B、C、D、E），题目为不定项选择题，请按照以下格式作答：

【思考过程】：...

【最终答案】：AB / BCE / CD / DE / E / ...（只输出选项的编号，不要写选项内容）

示例：
题目：医疗伦理中四大基本原则是？
A.尊重自主权
B.善意行为
C.无害原则
D.公正原则
E.以上都不是
【思考过程】：本题考查医学伦理的四大基本原则，包括尊重自主权、不伤害原则、行善原则、公正原则。

【最终答案】：ABCD

题目：根据护理伦理规范，护士在确保信息传递有效性时，**不需要**特别考虑以下哪个因素？
A.患者文化背景
B.家庭宗教信仰
C.患者语言能力
D.家属认知水平
E.患者经济状况
【思考过程】：",E,DeepSeek-V3,"【思考过程】：本题考查护理伦理中信息传递有效性的影响因素。根据护理伦理规范，信息传递需考虑患者文化背景（A）、语言能力（C）以确保理解，家庭宗教信仰（B）和家属认知水平（D）可能影响沟通方式或决策参与。而患者经济状况（E）通常与治疗费用、资源分配相关，不属于信息传递有效性的核心考量因素。

【最终答案】：E",客观题,E
医患关系,"你是一个严格按照要求答题的医学考试考生。请你先展示出完整的思考过程，然后再输出最终答案。每道题目有至少两个选项（A、B）至多五个选项（A、B、C、D、E），题目为不定项选择题，请按照以下格式作答：

【思考过程】：...

【最终答案】：AB / BCE / CD / DE / E / ...（只输出选项的编号，不要写选项内容）

示例：
题目：医疗伦理中四大基本原则是？
A.尊重自主权
B.善意行为
C.无害原则
D.公正原则
E.以上都不是
【思考过程】：本题考查医学伦理的四大基本原则，包括尊重自主权、不伤害原则、行善原则、公正原则。

【最终答案】：ABCD

题目：护士在常规护理中处理患者个人信息时，下列哪些行为符合伦理规范？
A.合法收集患者的就诊记录
B.将患者检验结果出售给第三方研究机构
C.在社交媒体讨论未脱敏的病例细节
D.因医疗协作需要传输患者数据至合作医院
E.将患者数据储存在加密医疗系统中
【思考过程】：",ADE,DeepSeek-V3,"【思考过程】：本题考查护士在处理患者个人信息时的伦理规范。根据医疗伦理的基本原则和隐私保护要求：  
1. 合法收集患者就诊记录（A）符合伦理规范，属于医疗活动必要行为。  
2. 出售患者数据（B）违反保密原则和法律法规，属于严重伦理违规。  
3. 在社交媒体讨论未脱敏病例（C）侵犯患者隐私，违反保密义务。  
4. 因医疗协作传输数据（D）在必要且安全的前提下是允许的，但需确保符合数据共享规范。  
5. 加密储存患者数据（E）是保护信息安全的必要措施，符合伦理要求。  

【最终答案】：ADE",客观题,ADE
医患关系,"你是一个严格按照要求答题的医学考试考生。请你先展示出完整的思考过程，然后再输出最终答案。每道题目有至少两个选项（A、B）至多五个选项（A、B、C、D、E），题目为不定项选择题，请按照以下格式作答：

【思考过程】：...

【最终答案】：AB / BCE / CD / DE / E / ...（只输出选项的编号，不要写选项内容）

示例：
题目：医疗伦理中四大基本原则是？
A.尊重自主权
B.善意行为
C.无害原则
D.公正原则
E.以上都不是
【思考过程】：本题考查医学伦理的四大基本原则，包括尊重自主权、不伤害原则、行善原则、公正原则。

【最终答案】：ABCD

题目：以下关于护士职业操守的要求中，哪两项是符合相关法规的？
A.避免在社交媒体讨论同事工作失误
B.获得授权后可匿名化展示患者病例
C.向未授权第三方透露被护理者病史
D.通过自媒体发布典型护理案例教学视频
E.默认有权查看同事的患者护理记录
【思考过程】：",AB,DeepSeek-V3,"【思考过程】：
1. A选项：避免在社交媒体讨论同事工作失误符合职业操守，涉及保护同事隐私和团队和谐。
2. B选项：获得授权后匿名化展示患者病例符合法规，前提是确保患者隐私（如去标识化）且用途合法（如教学或研究）。
3. C选项：向未授权第三方透露病史违反《医疗保密原则》和《个人信息保护法》，属于违法行为。
4. D选项：发布典型护理案例需确保患者信息完全匿名且用途合规，未明确说明匿名化流程，存在风险，不完全符合。
5. E选项：默认查看同事护理记录违背“最小权限原则”和患者隐私保护，需授权或工作需要才可访问。

最符合法规的两项为A（保护同事隐私）、B（合法授权下的匿名化使用）。

【最终答案】：AB",客观题,AB
医患关系,"你是一个严格按照要求答题的医学考试考生。请你先展示出完整的思考过程，然后再输出最终答案。每道题目有至少两个选项（A、B）至多五个选项（A、B、C、D、E），题目为不定项选择题，请按照以下格式作答：

【思考过程】：...

【最终答案】：AB / BCE / CD / DE / E / ...（只输出选项的编号，不要写选项内容）

示例：
题目：医疗伦理中四大基本原则是？
A.尊重自主权
B.善意行为
C.无害原则
D.公正原则
E.以上都不是
【思考过程】：本题考查医学伦理的四大基本原则，包括尊重自主权、不伤害原则、行善原则、公正原则。

【最终答案】：ABCD

题目：护士在履行伦理责任时，应在以下哪个环节主动倡导社会正义？
A.直接操作医疗资源分配流程
B.对患者经济状况进行分级评估
C.呼吁医疗机构和社会服务部门消除资源分配差异
D.制定不同阶层的医保优惠政策
E.审核其他患者的治疗优先级
【思考过程】：",C,DeepSeek-V3,"【思考过程】：本题考查护士在伦理责任中倡导社会正义的具体行为。护士应通过合法、合理的途径呼吁消除资源分配差异，而非直接操作分配流程或制定政策。倡导社会正义主要体现在推动公平和消除差异，而非参与具体决策或评估。

A. 直接操作医疗资源分配流程：护士通常不直接参与资源分配的操作，这属于管理或行政职责。
B. 对患者经济状况进行分级评估：这种行为可能涉及歧视，不符合倡导社会正义的伦理要求。
C. 呼吁医疗机构和社会服务部门消除资源分配差异：这是护士通过合法途径倡导社会正义的典型行为。
D. 制定不同阶层的医保优惠政策：护士不具备制定政策的法律权限。
E. 审核其他患者的治疗优先级：这属于医疗团队或管理层的职责，护士不应直接参与。

【最终答案】：C",客观题,C
医患关系,"你是一个严格按照要求答题的医学考试考生。请你先展示出完整的思考过程，然后再输出最终答案。每道题目有至少两个选项（A、B）至多五个选项（A、B、C、D、E），题目为不定项选择题，请按照以下格式作答：

【思考过程】：...

【最终答案】：AB / BCE / CD / DE / E / ...（只输出选项的编号，不要写选项内容）

示例：
题目：医疗伦理中四大基本原则是？
A.尊重自主权
B.善意行为
C.无害原则
D.公正原则
E.以上都不是
【思考过程】：本题考查医学伦理的四大基本原则，包括尊重自主权、不伤害原则、行善原则、公正原则。

【最终答案】：ABCD

题目：护士在使用人工智能或设备（如护理机器人）时应遵循的基本伦理原则是什么？
A.尽量让人工智能完全取代护理人际关系以提升效率
B.优先采用技术手段降低护理成本
C.确保技术仅作为护理人际关系的辅助工具
D.通过技术手段代替所有重复性护理操作
【思考过程】：",C,DeepSeek-V3,"【思考过程】：本题考查护士在使用人工智能或设备时应遵循的基本伦理原则。A选项""完全取代护理人际关系""违背了护理的人文关怀本质；B选项""优先降低护理成本""可能忽视患者需求，不符合伦理；C选项强调技术作为辅助工具，符合伦理原则；D选项""代替所有重复性操作""过于绝对，可能影响护理质量。核心原则是技术应辅助而非替代人文护理。

【最终答案】：C",客观题,C
医患关系,"你是一个严格按照要求答题的医学考试考生。请你先展示出完整的思考过程，然后再输出最终答案。每道题目有至少两个选项（A、B）至多五个选项（A、B、C、D、E），题目为不定项选择题，请按照以下格式作答：

【思考过程】：...

【最终答案】：AB / BCE / CD / DE / E / ...（只输出选项的编号，不要写选项内容）

示例：
题目：医疗伦理中四大基本原则是？
A.尊重自主权
B.善意行为
C.无害原则
D.公正原则
E.以上都不是
【思考过程】：本题考查医学伦理的四大基本原则，包括尊重自主权、不伤害原则、行善原则、公正原则。

【最终答案】：ABCD

题目：以下表述是否正确：某医院允许尚未取得护理执业资格的护士在资深护士指导下独立进行静脉输液操作。
A.正确
B.错误
【思考过程】：",B,DeepSeek-V3,"【思考过程】：本题考查医疗法规中关于护理执业资格的规定。根据《护士条例》及相关法规，未取得护士执业证书的人员不得独立从事诊疗技术规范规定的护理活动，必须在执业护士指导下进行辅助性工作。静脉输液属于侵入性操作，需严格执业资格管理。

【最终答案】：B",客观题,B
医患关系,"你是一个严格按照要求答题的医学考试考生。请你先展示出完整的思考过程，然后再输出最终答案。每道题目有至少两个选项（A、B）至多五个选项（A、B、C、D、E），题目为不定项选择题，请按照以下格式作答：

【思考过程】：...

【最终答案】：AB / BCE / CD / DE / E / ...（只输出选项的编号，不要写选项内容）

示例：
题目：医疗伦理中四大基本原则是？
A.尊重自主权
B.善意行为
C.无害原则
D.公正原则
E.以上都不是
【思考过程】：本题考查医学伦理的四大基本原则，包括尊重自主权、不伤害原则、行善原则、公正原则。

【最终答案】：ABCD

题目：护士在以下哪项行为中符合执业规范要求？
A.接受超出个人能力但经上级紧急授权的采血任务
B.根据监测规范执行已接受过系统培训的体征记录
C.未评估患者状态直接执行其他科室的临时医嘱
D.拒绝执行未经资质认证的伤口清创操作
【思考过程】：",BD,DeepSeek-V3,"【思考过程】：本题考查护士执业规范的核心要求。A选项：护士可以接受紧急授权任务，前提是具备基本能力且经上级授权，符合规范；B选项：执行已接受系统培训的规范操作是执业基础；C选项：未评估患者状态直接执行医嘱违反安全原则；D选项：拒绝超出资质的操作是合法权利。需排除违反安全原则的选项。

【最终答案】：ABD",客观题,ABD
医患关系,"你是一个严格按照要求答题的医学考试考生。请你先展示出完整的思考过程，然后再输出最终答案。每道题目有至少两个选项（A、B）至多五个选项（A、B、C、D、E），题目为不定项选择题，请按照以下格式作答：

【思考过程】：...

【最终答案】：AB / BCE / CD / DE / E / ...（只输出选项的编号，不要写选项内容）

示例：
题目：医疗伦理中四大基本原则是？
A.尊重自主权
B.善意行为
C.无害原则
D.公正原则
E.以上都不是
【思考过程】：本题考查医学伦理的四大基本原则，包括尊重自主权、不伤害原则、行善原则、公正原则。

【最终答案】：ABCD

题目：以下哪项属于护士积极执业实践环境应具备的特点？
A.专业认可
B.弹性工作时间
C.反思
D.资源充足
E.职业健康与安全
【思考过程】：",ACDE,DeepSeek-V3,"【思考过程】：本题考查护士积极执业实践环境的特点。积极执业环境应具备以下特点：专业认可（A）是核心，体现对护士专业价值的尊重；弹性工作时间（B）是支持性政策，有助于工作生活平衡；反思（C）是专业成长的必要条件；资源充足（D）是保障护理质量的基础；职业健康与安全（E）是基本要求。所有选项均符合题干描述。

【最终答案】：ABCDE",客观题,ABCDE
医患关系,"你是一个严格按照要求答题的医学考试考生。请你先展示出完整的思考过程，然后再输出最终答案。每道题目有至少两个选项（A、B）至多五个选项（A、B、C、D、E），题目为不定项选择题，请按照以下格式作答：

【思考过程】：...

【最终答案】：AB / BCE / CD / DE / E / ...（只输出选项的编号，不要写选项内容）

示例：
题目：医疗伦理中四大基本原则是？
A.尊重自主权
B.善意行为
C.无害原则
D.公正原则
E.以上都不是
【思考过程】：本题考查医学伦理的四大基本原则，包括尊重自主权、不伤害原则、行善原则、公正原则。

【最终答案】：ABCD

题目：在常规护理实践中，护士需要负责确保数据的哪一个方面以支持护理伦理标准？
A.完整性
B.准确性
C.及时性
D.保密性
【思考过程】：",ABCD,DeepSeek-V3,"【思考过程】：本题考查护理实践中数据管理的基本伦理要求。根据护理伦理标准，护士需要确保数据的完整性（A）以保证信息不缺失或篡改，准确性（B）以确保信息真实可靠，及时性（C）以支持临床决策的时效性，保密性（D）以保护患者隐私。这四项均为护理伦理中对数据管理的核心要求。

【最终答案】：ABCD",客观题,ABCD
医患关系,"你是一个严格按照要求答题的医学考试考生。请你先展示出完整的思考过程，然后再输出最终答案。每道题目有至少两个选项（A、B）至多五个选项（A、B、C、D、E），题目为不定项选择题，请按照以下格式作答：

【思考过程】：...

【最终答案】：AB / BCE / CD / DE / E / ...（只输出选项的编号，不要写选项内容）

示例：
题目：医疗伦理中四大基本原则是？
A.尊重自主权
B.善意行为
C.无害原则
D.公正原则
E.以上都不是
【思考过程】：本题考查医学伦理的四大基本原则，包括尊重自主权、不伤害原则、行善原则、公正原则。

【最终答案】：ABCD

题目：以下哪些领域护士应发挥主要领导作用？
A.确定循证临床护理实践标准
B.实施护理管理标准
C.推进护理教育标准建设
D.制定医疗设备采购政策
E.建立护理研究伦理标准
【思考过程】：",ABCE,DeepSeek-V3,"【思考过程】：本题考查护士在专业领域中的领导作用。护士作为护理实践的核心，应在以下领域发挥主要领导作用：  
1. **循证临床护理实践标准（A）**：护士直接参与患者护理，最了解临床需求，应主导制定实践标准。  
2. **护理管理标准（B）**：护士长或护理管理者需确保护理服务的质量和效率。  
3. **护理教育标准（C）**：护士教育者负责培养未来护理人才，需参与教育标准的制定。  
4. **护理研究伦理标准（E）**：护士参与研究时应确保符合伦理规范，涉及专业领域。  
而**医疗设备采购政策（D）**通常由医院管理层、医疗设备专家等多方共同决定，护士可能参与但非主导角色。  

【最终答案】：ABCE",客观题,ABCE
医患关系,"你是一个严格按照要求答题的医学考试考生。请你先展示出完整的思考过程，然后再输出最终答案。每道题目有至少两个选项（A、B）至多五个选项（A、B、C、D、E），题目为不定项选择题，请按照以下格式作答：

【思考过程】：...

【最终答案】：AB / BCE / CD / DE / E / ...（只输出选项的编号，不要写选项内容）

示例：
题目：医疗伦理中四大基本原则是？
A.尊重自主权
B.善意行为
C.无害原则
D.公正原则
E.以上都不是
【思考过程】：本题考查医学伦理的四大基本原则，包括尊重自主权、不伤害原则、行善原则、公正原则。

【最终答案】：ABCD

题目：根据相关规定，护士应如何拓展最新专业知识？
A.以传统护理经验为基础并结合医生建议
B.以研究为基础并支持循证实践，与护理学者合作
C.围绕患者个体需求调整基础护理方案
D.定期更新医院内部护理手册
【思考过程】：",B,DeepSeek-V3,"【思考过程】：本题考查护士如何拓展最新专业知识的要求。根据现代护理实践标准，护士应基于循证实践（Evidence-Based Practice, EBP）更新专业知识，强调以研究为基础，与护理学者合作（B选项）。传统经验、医生建议或医院内部手册（A、D选项）虽有一定参考价值，但并非拓展“最新”知识的核心途径。调整基础护理方案（C选项）属于临床实践范畴，而非知识拓展的直接方法。

【最终答案】：B",客观题,B
医患关系,"你是一个严格按照要求答题的医学考试考生。请你先展示出完整的思考过程，然后再输出最终答案。每道题目有至少两个选项（A、B）至多五个选项（A、B、C、D、E），题目为不定项选择题，请按照以下格式作答：

【思考过程】：...

【最终答案】：AB / BCE / CD / DE / E / ...（只输出选项的编号，不要写选项内容）

示例：
题目：医疗伦理中四大基本原则是？
A.尊重自主权
B.善意行为
C.无害原则
D.公正原则
E.以上都不是
【思考过程】：本题考查医学伦理的四大基本原则，包括尊重自主权、不伤害原则、行善原则、公正原则。

【最终答案】：ABCD

题目：以下哪项属于护士应积极发展和维护的核心专业价值观？
A.提升护理操作的效率
B.尊重患者的自主选择权
C.维护患者的隐私权
D.优先服从医院管理部门的要求
【思考过程】：",BC,DeepSeek-V3,"【思考过程】：本题考查护士的核心专业价值观。根据护理伦理和职业规范，护士的核心价值观包括尊重患者的自主权、保护患者隐私、提供高质量的护理服务等。选项A提到提升效率，虽然重要但不属于核心价值观；选项B和C直接涉及患者权利和伦理原则，是核心内容；选项D强调服从管理，可能与患者利益冲突，不属于核心价值观。

【最终答案】：BC",客观题,BC
医患关系,"你是一个严格按照要求答题的医学考试考生。请你先展示出完整的思考过程，然后再输出最终答案。每道题目有至少两个选项（A、B）至多五个选项（A、B、C、D、E），题目为不定项选择题，请按照以下格式作答：

【思考过程】：...

【最终答案】：AB / BCE / CD / DE / E / ...（只输出选项的编号，不要写选项内容）

示例：
题目：医疗伦理中四大基本原则是？
A.尊重自主权
B.善意行为
C.无害原则
D.公正原则
E.以上都不是
【思考过程】：本题考查医学伦理的四大基本原则，包括尊重自主权、不伤害原则、行善原则、公正原则。

【最终答案】：ABCD

题目：护士在开展伦理实践时，应当优先与哪些主体进行合作？
A.社交媒体平台宣传团队
B.护理同仁
C.其他健康相关学科人员
D.患者家属的私人律师
E.相关社区组织
【思考过程】：",BCE,DeepSeek-V3,"【思考过程】：本题考查护士在伦理实践中应优先合作的主体。伦理实践的核心是保障患者权益和提升护理质量，因此合作对象应与医疗护理直接相关。A选项（社交媒体平台宣传团队）与伦理实践关联性低；B选项（护理同仁）是直接协作对象，共同执行伦理决策；C选项（其他健康相关学科人员）属于多学科协作，对患者整体照护至关重要；D选项（患者家属的私人律师）仅在特定法律纠纷时需要，非伦理实践的常规优先对象；E选项（相关社区组织）在涉及公共卫生或社区健康时可参与，但非日常优先选项。

【最终答案】：BCE",客观题,BCE
医患关系,"你是一个严格按照要求答题的医学考试考生。请你先展示出完整的思考过程，然后再输出最终答案。每道题目有至少两个选项（A、B）至多五个选项（A、B、C、D、E），题目为不定项选择题，请按照以下格式作答：

【思考过程】：...

【最终答案】：AB / BCE / CD / DE / E / ...（只输出选项的编号，不要写选项内容）

示例：
题目：医疗伦理中四大基本原则是？
A.尊重自主权
B.善意行为
C.无害原则
D.公正原则
E.以上都不是
【思考过程】：本题考查医学伦理的四大基本原则，包括尊重自主权、不伤害原则、行善原则、公正原则。

【最终答案】：ABCD

题目：护士在专业实践中应履行哪些与研究相关的职责？
A.执行已确定的护理方案
B.参与设计改进社区健康的临床研究
C.独立发表未经验证的医疗成果
D.将最新循证研究整合进家庭护理服务
E.向公众科普已证实的疾病预防方法
【思考过程】：",BDE,DeepSeek-V3,"【思考过程】：本题考查护士在专业实践中与研究相关的职责。A选项“执行已确定的护理方案”属于基础护理职责，与研究相关性较弱；B选项“参与设计改进社区健康的临床研究”符合护士在循证实践中的研究参与角色；C选项“独立发表未经验证的医疗成果”违反科研伦理，排除；D选项“将最新循证研究整合进家庭护理服务”体现循证护理的核心要求；E选项“向公众科普已证实的疾病预防方法”属于健康教育的职责，与研究证据传播相关。需选择与研究直接相关且符合伦理规范的选项。

【最终答案】：BDE",客观题,BDE
医患关系,"你是一个严格按照要求答题的医学考试考生。请你先展示出完整的思考过程，然后再输出最终答案。每道题目有至少两个选项（A、B）至多五个选项（A、B、C、D、E），题目为不定项选择题，请按照以下格式作答：

【思考过程】：...

【最终答案】：AB / BCE / CD / DE / E / ...（只输出选项的编号，不要写选项内容）

示例：
题目：医疗伦理中四大基本原则是？
A.尊重自主权
B.善意行为
C.无害原则
D.公正原则
E.以上都不是
【思考过程】：本题考查医学伦理的四大基本原则，包括尊重自主权、不伤害原则、行善原则、公正原则。

【最终答案】：ABCD

题目：以下哪项符合护士在医疗保健中应秉持的伦理原则？
A.仅在患者支付费用时提供必要的护理服务
B.优先为经济状况较好的患者提供高质量的护理
C.支持无论国籍、种族或社会地位，每个人都应获得医疗保健
D.根据医院政策调整护理服务的可及性
【思考过程】：",C,DeepSeek-V3,"【思考过程】：本题考查护士在医疗保健中应秉持的伦理原则。根据医学伦理的基本原则，护士应当秉持公正原则，支持无论国籍、种族或社会地位，每个人都应获得医疗保健（C选项）。A选项和B选项违背了公正原则和行善原则，D选项中的“根据医院政策调整护理服务的可及性”也可能违背公正原则，如果政策本身存在歧视或不公正。因此，只有C选项符合护士应秉持的伦理原则。

【最终答案】：C",客观题,C
医患关系,"你是一个严格按照要求答题的医学考试考生。请你先展示出完整的思考过程，然后再输出最终答案。每道题目有至少两个选项（A、B）至多五个选项（A、B、C、D、E），题目为不定项选择题，请按照以下格式作答：

【思考过程】：...

【最终答案】：AB / BCE / CD / DE / E / ...（只输出选项的编号，不要写选项内容）

示例：
题目：医疗伦理中四大基本原则是？
A.尊重自主权
B.善意行为
C.无害原则
D.公正原则
E.以上都不是
【思考过程】：本题考查医学伦理的四大基本原则，包括尊重自主权、不伤害原则、行善原则、公正原则。

【最终答案】：ABCD

题目：护士在常规护理伦理实践中应当采取以下哪种措施？
A.仅在患者病例中记录社会因素影响
B.促成保障弱势群体就医公平性的政策
C.优先为高收入患者提供护理资源
D.倡导改善社区健康卫生条件的方案
E.避免参与医院外的公共卫生议题
【思考过程】：",BD,DeepSeek-V3,"【思考过程】：本题考查护士在护理伦理实践中的职责和行为准则。根据护理伦理的基本原则，护士应尊重患者的权利，促进健康公平性，参与公共卫生事务，并避免资源分配中的歧视行为。选项A仅记录社会因素影响而不采取行动不符合主动干预的伦理要求；选项B符合促进健康公平性的伦理原则；选项C违背公平分配资源的原则；选项D符合护士参与社区健康改善的职责；选项E与护士在公共卫生中的倡导角色相矛盾。

【最终答案】：BD",客观题,BD
医患关系,"你是一个严格按照要求答题的医学考试考生。请你先展示出完整的思考过程，然后再输出最终答案。每道题目有至少两个选项（A、B）至多五个选项（A、B、C、D、E），题目为不定项选择题，请按照以下格式作答：

【思考过程】：...

【最终答案】：AB / BCE / CD / DE / E / ...（只输出选项的编号，不要写选项内容）

示例：
题目：医疗伦理中四大基本原则是？
A.尊重自主权
B.善意行为
C.无害原则
D.公正原则
E.以上都不是
【思考过程】：本题考查医学伦理的四大基本原则，包括尊重自主权、不伤害原则、行善原则、公正原则。

【最终答案】：ABCD

题目：下列哪些举措属于护士在常规护理中应提倡的伦理职责？
A.推广一次性医疗用品的使用
B.促进无害废弃物处理的流程
C.优先采购可降解包装材料
D.减少有害环境行为的举措
E.禁止所有非必要医疗资源的消耗
【思考过程】：",BCD,DeepSeek-V3,"【思考过程】：本题考查护士在常规护理中应提倡的伦理职责。护士的伦理职责包括保护患者安全和环境安全。选项A推广一次性医疗用品的使用虽然可以减少交叉感染，但可能增加医疗废弃物，不完全符合环保伦理；选项B促进无害废弃物处理的流程有助于环境保护，符合伦理职责；选项C优先采购可降解包装材料也是环保行为，符合伦理职责；选项D减少有害环境行为的举措符合护士的伦理职责；选项E禁止所有非必要医疗资源的消耗虽然节约资源，但可能影响医疗质量，过于绝对，不符合实际伦理要求。

【最终答案】：BCD",客观题,BCD
医患关系,"你是一个严格按照要求答题的医学考试考生。请你先展示出完整的思考过程，然后再输出最终答案。每道题目有至少两个选项（A、B）至多五个选项（A、B、C、D、E），题目为不定项选择题，请按照以下格式作答：

【思考过程】：...

【最终答案】：AB / BCE / CD / DE / E / ...（只输出选项的编号，不要写选项内容）

示例：
题目：医疗伦理中四大基本原则是？
A.尊重自主权
B.善意行为
C.无害原则
D.公正原则
E.以上都不是
【思考过程】：本题考查医学伦理的四大基本原则，包括尊重自主权、不伤害原则、行善原则、公正原则。

【最终答案】：ABCD

题目：根据相关法规，护士应承担的跨国合作责任包括以下哪些内容？
A.仅参与国内护理技术培训
B.与他国合作制定全球健康政策
C.为发展中国家提供护理技术支持
D.优先优化本土医疗资源配置
E.参加国际护理伦理原则研讨会
【思考过程】：",BCE,DeepSeek-V3,"【思考过程】：本题考查护士在跨国合作中的责任。根据相关法规和国际护理伦理，护士的跨国合作责任不仅限于国内事务，还应包括参与全球健康政策的制定（B项）、为发展中国家提供技术支持（C项）以及参与国际护理伦理研讨（E项）。A项仅限国内培训不符合跨国合作的要求，D项优先本土优化虽重要但不直接体现跨国责任。

【最终答案】：BCE",客观题,BCE
医患关系,"你是一个严格按照要求答题的医学考试考生。请你先展示出完整的思考过程，然后再输出最终答案。每道题目有至少两个选项（A、B）至多五个选项（A、B、C、D、E），题目为不定项选择题，请按照以下格式作答：

【思考过程】：...

【最终答案】：AB / BCE / CD / DE / E / ...（只输出选项的编号，不要写选项内容）

示例：
题目：医疗伦理中四大基本原则是？
A.尊重自主权
B.善意行为
C.无害原则
D.公正原则
E.以上都不是
【思考过程】：本题考查医学伦理的四大基本原则，包括尊重自主权、不伤害原则、行善原则、公正原则。

【最终答案】：ABCD

题目：根据法律法规，以下哪些主体应当加强对医疗卫生人员的医德医风教育？
A.医疗卫生行业组织
B.医疗卫生机构
C.患者家属
D.卫生行政机关
E.医学院校
【思考过程】：",ABDE,DeepSeek-V3,"【思考过程】：本题考查法律法规中关于医德医风教育责任主体的规定。根据《中华人民共和国基本医疗卫生与健康促进法》和《医疗机构从业人员行为规范》等相关法规，医疗卫生行业组织、医疗卫生机构、卫生行政机关和医学院校都负有对医疗卫生人员进行医德医风教育的责任。患者家属虽然可以参与医疗过程，但不属于医德医风教育的责任主体。

【最终答案】：ABDE",客观题,ABDE
医患关系,"你是一个严格按照要求答题的医学考试考生。请你先展示出完整的思考过程，然后再输出最终答案。每道题目有至少两个选项（A、B）至多五个选项（A、B、C、D、E），题目为不定项选择题，请按照以下格式作答：

【思考过程】：...

【最终答案】：AB / BCE / CD / DE / E / ...（只输出选项的编号，不要写选项内容）

示例：
题目：医疗伦理中四大基本原则是？
A.尊重自主权
B.善意行为
C.无害原则
D.公正原则
E.以上都不是
【思考过程】：本题考查医学伦理的四大基本原则，包括尊重自主权、不伤害原则、行善原则、公正原则。

【最终答案】：ABCD

题目：根据法规，以下哪些行为属于医疗卫生人员的违规行为？
A.根据患者病情合理使用药物
B.接受患者赠送的贵重礼品
C.为了增加收入而进行不必要的检查
D.推荐患者购买高价保健品以获取回扣
【思考过程】：",BCD,DeepSeek-V3,"【思考过程】：本题考查医疗卫生人员的违规行为判定。根据医疗法规和职业道德要求，A选项属于合理医疗行为，不违规；B选项涉及收受患者贵重礼品，违反廉洁行医规定；C选项属于过度医疗，违背医疗规范；D选项涉及商业贿赂和牟取不正当利益，属于严重违规行为。

【最终答案】：BCD",客观题,BCD
医患关系,"你是一个严格按照要求答题的医学考试考生。请你先展示出完整的思考过程，然后再输出最终答案。每道题目有至少两个选项（A、B）至多五个选项（A、B、C、D、E），题目为不定项选择题，请按照以下格式作答：

【思考过程】：...

【最终答案】：AB / BCE / CD / DE / E / ...（只输出选项的编号，不要写选项内容）

示例：
题目：医疗伦理中四大基本原则是？
A.尊重自主权
B.善意行为
C.无害原则
D.公正原则
E.以上都不是
【思考过程】：本题考查医学伦理的四大基本原则，包括尊重自主权、不伤害原则、行善原则、公正原则。

【最终答案】：ABCD

题目：以下表述是否正确：任何组织或个人不得威胁、危害医疗卫生人员人身安全，侵犯其人格尊严，医疗卫生人员的执业环境由医疗机构自行负责。
A.正确
B.错误
【思考过程】：",B,DeepSeek-V3,"【思考过程】：本题考查对医疗卫生人员权益保护相关法规的理解。根据《中华人民共和国基本医疗卫生与健康促进法》第57条，任何组织或个人不得威胁、危害医疗卫生人员人身安全，侵犯其人格尊严，这是法律明确规定的。但医疗卫生人员的执业环境并非仅由医疗机构自行负责，政府、社会等多方均有责任共同维护。因此原表述后半部分错误。

【最终答案】：B",客观题,B
医患关系,"你是一个严格按照要求答题的医学考试考生。请你先展示出完整的思考过程，然后再输出最终答案。每道题目有至少两个选项（A、B）至多五个选项（A、B、C、D、E），题目为不定项选择题，请按照以下格式作答：

【思考过程】：...

【最终答案】：AB / BCE / CD / DE / E / ...（只输出选项的编号，不要写选项内容）

示例：
题目：医疗伦理中四大基本原则是？
A.尊重自主权
B.善意行为
C.无害原则
D.公正原则
E.以上都不是
【思考过程】：本题考查医学伦理的四大基本原则，包括尊重自主权、不伤害原则、行善原则、公正原则。

【最终答案】：ABCD

题目：根据法规，以下哪种行为不属于医疗卫生人员的违规行为？
A. 利用职务之便索要财物
B. 泄露非个人健康信息
C. 违反医学伦理规范但履行了告知义务
D. 在研究中未履行告知义务
E. 泄露公民个人健康信息
【思考过程】：",B,DeepSeek-V3,"【思考过程】：本题考查医疗卫生人员的违规行为。根据相关法规：  
- A选项“利用职务之便索要财物”属于明确禁止的受贿行为（违规）；  
- B选项“泄露非个人健康信息”需具体分析，若信息不涉及个人隐私且符合法规共享要求（如公共卫生数据），可能不违规；  
- C选项“违反医学伦理规范但履行了告知义务”仍属于违规，伦理规范是强制性的；  
- D选项“在研究中未履行告知义务”违反知情同意原则（违规）；  
- E选项“泄露公民个人健康信息”直接违反隐私保护法规（违规）。  
因此，仅B在特定情况下可能不属于违规行为。  

【最终答案】：B",客观题,B
医患关系,"你是一个严格按照要求答题的医学考试考生。请你先展示出完整的思考过程，然后再输出最终答案。每道题目有至少两个选项（A、B）至多五个选项（A、B、C、D、E），题目为不定项选择题，请按照以下格式作答：

【思考过程】：...

【最终答案】：AB / BCE / CD / DE / E / ...（只输出选项的编号，不要写选项内容）

示例：
题目：医疗伦理中四大基本原则是？
A.尊重自主权
B.善意行为
C.无害原则
D.公正原则
E.以上都不是
【思考过程】：本题考查医学伦理的四大基本原则，包括尊重自主权、不伤害原则、行善原则、公正原则。

【最终答案】：ABCD

题目：根据法规，以下哪项不属于病区为临终患者必须配备的设施或措施？
A.独立洗澡间内的防滑倒装置
B.移动患者专用的电动升降机
C.普通病房床帘
D.紧急呼叫装置和扶手
E.适应临终患者需求的洗澡设施
【思考过程】：",C,DeepSeek-V3,"【思考过程】：本题考查对临终患者病区配备设施或措施的法规要求理解。临终患者病区需要配备的设施或措施应着重于安全性、隐私保护和便利性。A选项（独立洗澡间内的防滑倒装置）和D选项（紧急呼叫装置和扶手）是保障患者安全的基本设施；E选项（适应临终患者需求的洗澡设施）是满足临终患者特殊需求的必要措施；B选项（移动患者专用的电动升降机）虽有助于搬运患者，但并非所有病区必须配备，可能属于可选设施；C选项（普通病房床帘）是隐私保护的基础设施，但题目问的是“不属于必须配备”的设施，且“普通病房床帘”可能无法完全满足临终患者的隐私和舒适需求，需进一步分析。综合法规要求，临终患者病区必须配备的设施应更注重功能性和安全性，而“普通病房床帘”可能因过于基础或功能不足而不属于“必须”范畴，但需结合选项对比。B选项的电动升降机更可能因非普遍强制性要求而符合题意。  

【最终答案】：BC",客观题,BC
医患关系,"你是一个严格按照要求答题的医学考试考生。请你先展示出完整的思考过程，然后再输出最终答案。每道题目有至少两个选项（A、B）至多五个选项（A、B、C、D、E），题目为不定项选择题，请按照以下格式作答：

【思考过程】：...

【最终答案】：AB / BCE / CD / DE / E / ...（只输出选项的编号，不要写选项内容）

示例：
题目：医疗伦理中四大基本原则是？
A.尊重自主权
B.善意行为
C.无害原则
D.公正原则
E.以上都不是
【思考过程】：本题考查医学伦理的四大基本原则，包括尊重自主权、不伤害原则、行善原则、公正原则。

【最终答案】：ABCD

题目：根据规定，特殊疾病护理中的无障碍设计要求应包括以下哪些内容？
A.患者活动区域和走廊两侧设有扶手
B.房门设计方便轮椅和推车进出
C.每个病房内必须安装电梯
D.功能检查用房和理疗用房设有无障碍通道
E.所有病房门宽至少2米
【思考过程】：",ABD,DeepSeek-V3,"【思考过程】：本题考查特殊疾病护理中的无障碍设计要求。根据无障碍设计的基本原则和医疗场所的特殊需求，应考虑以下几点：  
1. 扶手设置（A）是保障患者活动安全的基本要求；  
2. 房门宽度需满足轮椅和推车进出（B），但门宽2米（E）并非普遍强制标准（通常不低于0.9-1.2米）；  
3. 病房内安装电梯（C）不符合实际，电梯通常设于公共区域；  
4. 功能检查及理疗用房的无障碍通道（D）是必要的。  

【最终答案】：ABD",客观题,ABD
医患关系,"你是一个严格按照要求答题的医学考试考生。请你先展示出完整的思考过程，然后再输出最终答案。每道题目有至少两个选项（A、B）至多五个选项（A、B、C、D、E），题目为不定项选择题，请按照以下格式作答：

【思考过程】：...

【最终答案】：AB / BCE / CD / DE / E / ...（只输出选项的编号，不要写选项内容）

示例：
题目：医疗伦理中四大基本原则是？
A.尊重自主权
B.善意行为
C.无害原则
D.公正原则
E.以上都不是
【思考过程】：本题考查医学伦理的四大基本原则，包括尊重自主权、不伤害原则、行善原则、公正原则。

【最终答案】：ABCD

题目：根据法规，以下哪项不属于关怀室（告别室）应具备的特点或设施？
A.尊重不同民族的丧葬习俗
B.配备家属与亡者告别的专用设施
C.强制家属参与特定宗教仪式
D.体现人性、人道和关爱
E.考虑传统文化和民俗需求
【思考过程】：",C,DeepSeek-V3,"【思考过程】：本题考查关怀室（告别室）应具备的特点或设施。根据法规和医疗伦理要求，关怀室应尊重不同民族的丧葬习俗（A），配备家属与亡者告别的专用设施（B），体现人性、人道和关爱（D），并考虑传统文化和民俗需求（E）。而强制家属参与特定宗教仪式（C）违背了尊重自主权和多元化原则，不属于关怀室应具备的特点或设施。

【最终答案】：C",客观题,C
医患关系,"你是一个严格按照要求答题的医学考试考生。请你先展示出完整的思考过程，然后再输出最终答案。每道题目有至少两个选项（A、B）至多五个选项（A、B、C、D、E），题目为不定项选择题，请按照以下格式作答：

【思考过程】：...

【最终答案】：AB / BCE / CD / DE / E / ...（只输出选项的编号，不要写选项内容）

示例：
题目：医疗伦理中四大基本原则是？
A.尊重自主权
B.善意行为
C.无害原则
D.公正原则
E.以上都不是
【思考过程】：本题考查医学伦理的四大基本原则，包括尊重自主权、不伤害原则、行善原则、公正原则。

【最终答案】：ABCD

题目：根据法律法规，以下哪项不属于医疗机构在特殊疾病护理中必须履行的患者权益保障义务？
A.建立与患者家属的定期沟通机制
B.仅向患者本人告知病情进展
C.在进行检查时确保患者隐私不受侵犯
D.尊重患者对治疗方案的知情选择权
E.通过书面形式完整记录沟通内容
【思考过程】：",B,DeepSeek-V3,"【思考过程】：本题考查医疗机构在特殊疾病护理中必须履行的患者权益保障义务。根据相关法律法规，医疗机构应当尊重患者的知情权、隐私权和选择权，并在必要时与患者家属沟通，但并非仅向患者本人告知病情进展。医疗机构还应通过书面形式完整记录沟通内容。因此，仅向患者本人告知病情进展不属于必须履行的义务，其他选项均符合规定。

【最终答案】：B",客观题,B
医患关系,"你是一个严格按照要求答题的医学考试考生。请你先展示出完整的思考过程，然后再输出最终答案。每道题目有至少两个选项（A、B）至多五个选项（A、B、C、D、E），题目为不定项选择题，请按照以下格式作答：

【思考过程】：...

【最终答案】：AB / BCE / CD / DE / E / ...（只输出选项的编号，不要写选项内容）

示例：
题目：医疗伦理中四大基本原则是？
A.尊重自主权
B.善意行为
C.无害原则
D.公正原则
E.以上都不是
【思考过程】：本题考查医学伦理的四大基本原则，包括尊重自主权、不伤害原则、行善原则、公正原则。

【最终答案】：ABCD

题目：根据法律法规，以下哪项不属于医疗机构必须执行的患者安全管理措施？
A.制定各类突发事件应急预案和处理流程
B.定期进行应急处理能力培训和演练
C.仅在事故发生后制定应急预案
D.不定期进行应急演练
E.每季度评估应急预案的有效性
【思考过程】：",CDE,DeepSeek-V3,"【思考过程】：本题考查医疗机构必须执行的患者安全管理措施。根据医疗机构患者安全管理要求，应当制定应急预案并定期培训和演练，同时需要定期评估预案的有效性。选项C“仅在事故发生后制定应急预案”和选项D“不定期进行应急演练”不符合医疗机构必须执行的患者安全管理措施的要求。

【最终答案】：CD",客观题,CD
医患关系,"你是一个严格按照要求答题的医学考试考生。请你先展示出完整的思考过程，然后再输出最终答案。每道题目有至少两个选项（A、B）至多五个选项（A、B、C、D、E），题目为不定项选择题，请按照以下格式作答：

【思考过程】：...

【最终答案】：AB / BCE / CD / DE / E / ...（只输出选项的编号，不要写选项内容）

示例：
题目：医疗伦理中四大基本原则是？
A.尊重自主权
B.善意行为
C.无害原则
D.公正原则
E.以上都不是
【思考过程】：本题考查医学伦理的四大基本原则，包括尊重自主权、不伤害原则、行善原则、公正原则。

【最终答案】：ABCD

题目：以下哪项不属于医疗机构必须建立报告制度和处理预案的高危患者风险？
A.跌倒
B.感染
C.自杀
D.压疮
【思考过程】：",B,DeepSeek-V3,"【思考过程】：本题考查医疗机构必须建立报告制度和处理预案的高危患者风险。根据医疗管理规范，跌倒、自杀、压疮均为常见的高危患者风险，医疗机构需建立相应的报告制度和处理预案。感染虽然也是重要风险，但通常属于常规感染控制管理范畴，不属于必须单独建立报告制度和处理预案的高危风险。

【最终答案】：B",客观题,B
医患关系,"你是一个严格按照要求答题的医学考试考生。请你先展示出完整的思考过程，然后再输出最终答案。每道题目有至少两个选项（A、B）至多五个选项（A、B、C、D、E），题目为不定项选择题，请按照以下格式作答：

【思考过程】：...

【最终答案】：AB / BCE / CD / DE / E / ...（只输出选项的编号，不要写选项内容）

示例：
题目：医疗伦理中四大基本原则是？
A.尊重自主权
B.善意行为
C.无害原则
D.公正原则
E.以上都不是
【思考过程】：本题考查医学伦理的四大基本原则，包括尊重自主权、不伤害原则、行善原则、公正原则。

【最终答案】：ABCD

题目：根据规定，护士在发现患者病情变化时应当首先采取以下哪项措施？
A. 及时与医师沟通
B. 自行处理病情变化
C. 等待医师查房时再报告
D. 优先通知患者家属
【思考过程】：",A,DeepSeek-V3,"【思考过程】：本题考查护士在发现患者病情变化时的处理流程。根据医疗规范，护士发现患者病情变化时，首先应当及时与医师沟通，以便医师评估并决定后续处理措施。自行处理病情变化（B）超出护士职责范围，等待医师查房（C）可能延误救治，通知家属（D）应在医师评估后进行。

【最终答案】：A",客观题,A
医患关系,"你是一个严格按照要求答题的医学考试考生。请你先展示出完整的思考过程，然后再输出最终答案。每道题目有至少两个选项（A、B）至多五个选项（A、B、C、D、E），题目为不定项选择题，请按照以下格式作答：

【思考过程】：...

【最终答案】：AB / BCE / CD / DE / E / ...（只输出选项的编号，不要写选项内容）

示例：
题目：医疗伦理中四大基本原则是？
A.尊重自主权
B.善意行为
C.无害原则
D.公正原则
E.以上都不是
【思考过程】：本题考查医学伦理的四大基本原则，包括尊重自主权、不伤害原则、行善原则、公正原则。

【最终答案】：ABCD

题目：以下哪项不符合医院改进护理工作的规定？
A. 仅收集患者的意见，忽略家属的建议
B. 及时分析处理收集到的反馈
C. 根据反馈不断改进护理工作
D. 定期而不是及时分析处理
【思考过程】：",AD,DeepSeek-V3,"【思考过程】：本题考查对医院改进护理工作规定的理解。根据规定，医院应全面收集患者及家属的反馈意见（A选项仅收集患者意见不符合），及时分析处理并持续改进（B、C符合，D的“定期而不是及时”不符合要求）。

【最终答案】：AD",客观题,AD
医患关系,"你是一个严格按照要求答题的医学考试考生。请你先展示出完整的思考过程，然后再输出最终答案。每道题目有至少两个选项（A、B）至多五个选项（A、B、C、D、E），题目为不定项选择题，请按照以下格式作答：

【思考过程】：...

【最终答案】：AB / BCE / CD / DE / E / ...（只输出选项的编号，不要写选项内容）

示例：
题目：医疗伦理中四大基本原则是？
A.尊重自主权
B.善意行为
C.无害原则
D.公正原则
E.以上都不是
【思考过程】：本题考查医学伦理的四大基本原则，包括尊重自主权、不伤害原则、行善原则、公正原则。

【最终答案】：ABCD

题目：根据法规，医院在护理不良事件管理中应当采取哪些措施？
A.加强不良事件的报告
B.及时调查分析事件原因
C.防范不良事件的发生
D.促进护理质量持续改进
E.对涉事护士进行经济处罚
【思考过程】：",ABCD,DeepSeek-V3,"【思考过程】：本题考查医院在护理不良事件管理中应采取的措施。根据医疗质量管理相关法规和护理不良事件管理的要求，医院应加强不良事件的报告（A选项），及时调查分析事件原因（B选项），防范不良事件的发生（C选项），以及促进护理质量持续改进（D选项）。E选项“对涉事护士进行经济处罚”不符合现代医疗管理理念，应以改进系统和流程为主，而非单纯惩罚个人。

【最终答案】：ABCD",客观题,ABCD
医患关系,"你是一个严格按照要求答题的医学考试考生。请你先展示出完整的思考过程，然后再输出最终答案。每道题目有至少两个选项（A、B）至多五个选项（A、B、C、D、E），题目为不定项选择题，请按照以下格式作答：

【思考过程】：...

【最终答案】：AB / BCE / CD / DE / E / ...（只输出选项的编号，不要写选项内容）

示例：
题目：医疗伦理中四大基本原则是？
A.尊重自主权
B.善意行为
C.无害原则
D.公正原则
E.以上都不是
【思考过程】：本题考查医学伦理的四大基本原则，包括尊重自主权、不伤害原则、行善原则、公正原则。

【最终答案】：ABCD

题目：根据规定，接受安宁疗护服务需要满足哪些必要条件？
A.由执业医师明确诊断为疾病终末期或老年患者
B.预期生存期在6个月以内
C.患者或家属同意接受服务约定
D.患者年龄超过60岁
E.预期生存期在12个月以内
【思考过程】：",ABC,DeepSeek-V3,"【思考过程】：本题考查安宁疗护服务的准入标准。根据我国《安宁疗护实践指南》及相关规定，接受安宁疗护需满足以下条件：1) 由执业医师明确诊断为疾病终末期（不限年龄）或失能高龄老人（通常但不限于60岁以上）；2) 预期生存期≤6个月（12个月不符合标准）；3) 需患者/家属签署知情同意书。D选项将年龄限制为""超过60岁""过于绝对（部分非老年终末期患者也可接受），E选项生存期标准错误。

【最终答案】：ABC",客观题,ABC
医患关系,"你是一个严格按照要求答题的医学考试考生。请你先展示出完整的思考过程，然后再输出最终答案。每道题目有至少两个选项（A、B）至多五个选项（A、B、C、D、E），题目为不定项选择题，请按照以下格式作答：

【思考过程】：...

【最终答案】：AB / BCE / CD / DE / E / ...（只输出选项的编号，不要写选项内容）

示例：
题目：医疗伦理中四大基本原则是？
A.尊重自主权
B.善意行为
C.无害原则
D.公正原则
E.以上都不是
【思考过程】：本题考查医学伦理的四大基本原则，包括尊重自主权、不伤害原则、行善原则、公正原则。

【最终答案】：ABCD

题目：根据法规，以下哪项不属于为疾病终末期或老年患者提供的服务必须包含的要素？
A.缓和
B.舒适
C.安全
D.根治
E.有效
【思考过程】：",D,DeepSeek-V3,"【思考过程】：本题考查对疾病终末期或老年患者服务要素的理解。根据医疗法规和伦理要求，对这类患者的服务应侧重于提高生活质量、缓解症状（缓和）、提供舒适的环境和医疗服务（舒适）、确保医疗过程的安全性（安全）以及提供有效的医疗干预（有效）。然而，""根治""通常不适用于疾病终末期或老年患者，因为这类患者的治疗目标已从治愈转向症状管理和生活质量提升。

【最终答案】：D",客观题,D
医患关系,"你是一个严格按照要求答题的医学考试考生。请你先展示出完整的思考过程，然后再输出最终答案。每道题目有至少两个选项（A、B）至多五个选项（A、B、C、D、E），题目为不定项选择题，请按照以下格式作答：

【思考过程】：...

【最终答案】：AB / BCE / CD / DE / E / ...（只输出选项的编号，不要写选项内容）

示例：
题目：医疗伦理中四大基本原则是？
A.尊重自主权
B.善意行为
C.无害原则
D.公正原则
E.以上都不是
【思考过程】：本题考查医学伦理的四大基本原则，包括尊重自主权、不伤害原则、行善原则、公正原则。

【最终答案】：ABCD

题目：根据法规，对于轻中度AD痴呆患者，以下哪种处理方式符合医学伦理和法律规定？
A. 在充分告知患者或家属治疗的获益和风险后，优先选择胆碱酯酶抑制剂作为初始治疗
B. 未经患者或家属同意直接开具胆碱酯酶抑制剂处方
C. 优先采用美金刚单药治疗，后续再评估胆碱酯酶抑制剂的使用
D. 根据患者经济条件选择是否采用胆碱酯酶抑制剂治疗
【思考过程】：",A,DeepSeek-V3,"【思考过程】：本题考查医学伦理和法律规定在轻中度AD痴呆患者治疗中的应用。根据医学伦理原则，尊重患者自主权和知情同意是首要的，因此必须在充分告知患者或家属治疗的获益和风险后，才能进行药物治疗。胆碱酯酶抑制剂是轻中度AD痴呆的一线治疗药物，因此优先选择胆碱酯酶抑制剂作为初始治疗符合指南推荐。未经患者或家属同意直接开具处方违反了知情同意原则。美金刚单药治疗通常用于中重度AD患者，不是轻中度AD的首选初始治疗。根据患者经济条件选择治疗方式不符合医学伦理的公正原则，应基于病情和指南推荐进行选择。

【最终答案】：A",客观题,A
医患关系,"你是一个严格按照要求答题的医学考试考生。请你先展示出完整的思考过程，然后再输出最终答案。每道题目有至少两个选项（A、B）至多五个选项（A、B、C、D、E），题目为不定项选择题，请按照以下格式作答：

【思考过程】：...

【最终答案】：AB / BCE / CD / DE / E / ...（只输出选项的编号，不要写选项内容）

示例：
题目：医疗伦理中四大基本原则是？
A.尊重自主权
B.善意行为
C.无害原则
D.公正原则
E.以上都不是
【思考过程】：本题考查医学伦理的四大基本原则，包括尊重自主权、不伤害原则、行善原则、公正原则。

【最终答案】：ABCD

题目：医疗卫生人员需要向患者或其近亲属说明医疗风险、替代方案并取得同意的情形包括哪些？
A.实施手术
B.进行常规血液检查
C.开具普通抗生素处方
D.进行特殊检查
E.开展新药临床试验
【思考过程】：",ADE,DeepSeek-V3,"【思考过程】：本题考查医疗知情同意的适用范围。根据《医疗纠纷预防和处理条例》及相关法规，需要特别告知并取得书面同意的情形包括：1.手术；2.特殊检查（如侵入性检查、有创检查）；3.特殊治疗（包括临床试验、高风险治疗）。常规血液检查和普通抗生素处方属于常规诊疗，无需特别告知程序。

【最终答案】：ADE",客观题,ADE
医患关系,"你是一个严格按照要求答题的医学考试考生。请你先展示出完整的思考过程，然后再输出最终答案。每道题目有至少两个选项（A、B）至多五个选项（A、B、C、D、E），题目为不定项选择题，请按照以下格式作答：

【思考过程】：...

【最终答案】：AB / BCE / CD / DE / E / ...（只输出选项的编号，不要写选项内容）

示例：
题目：医疗伦理中四大基本原则是？
A.尊重自主权
B.善意行为
C.无害原则
D.公正原则
E.以上都不是
【思考过程】：本题考查医学伦理的四大基本原则，包括尊重自主权、不伤害原则、行善原则、公正原则。

【最终答案】：ABCD

题目：根据法律法规，以下哪项属于患者在接受医疗服务时的义务？
A.遵守诊疗制度和医疗卫生服务秩序，尊重医疗卫生人员
B.无条件服从医护人员的所有要求
C.要求医护人员公开其他患者的隐私信息
D.因对治疗效果不满可以随意扰乱医疗秩序
【思考过程】：",A,DeepSeek-V3,"【思考过程】：本题考查患者在接受医疗服务时的义务。根据相关法律法规，患者有义务遵守诊疗制度和医疗卫生服务秩序，尊重医疗卫生人员（A正确）。但患者并非无条件服从医护人员的所有要求（B错误），医护人员的要求必须符合医疗规范和伦理。患者无权要求医护人员公开其他患者的隐私信息（C错误），这违反隐私保护原则。患者对治疗效果不满时，应通过合法途径解决，不得随意扰乱医疗秩序（D错误）。

【最终答案】：A",客观题,A
医患关系,"你是一个严格按照要求答题的医学考试考生。请你先展示出完整的思考过程，然后再输出最终答案。每道题目有至少两个选项（A、B）至多五个选项（A、B、C、D、E），题目为不定项选择题，请按照以下格式作答：

【思考过程】：...

【最终答案】：AB / BCE / CD / DE / E / ...（只输出选项的编号，不要写选项内容）

示例：
题目：医疗伦理中四大基本原则是？
A.尊重自主权
B.善意行为
C.无害原则
D.公正原则
E.以上都不是
【思考过程】：本题考查医学伦理的四大基本原则，包括尊重自主权、不伤害原则、行善原则、公正原则。

【最终答案】：ABCD

题目：根据法律法规，以下哪些行为属于医疗卫生人员被禁止的行为？
A.对患者实施过度医疗
B.利用职务之便接受患者家属赠送的贵重礼品
C.根据患者病情选择性价比最优的治疗方案
D.在诊疗过程中严格遵守医学伦理规范
E.通过推荐特定药物获取药品回扣
【思考过程】：",ABE,DeepSeek-V3,"【思考过程】：本题考查医疗卫生人员被禁止的行为。根据相关法律法规和医学伦理规范：

A. 对患者实施过度医疗是被禁止的行为，违背了医疗伦理的无害原则和公正原则。
B. 利用职务之便接受患者家属赠送的贵重礼品属于收受财物，是被禁止的行为。
C. 根据患者病情选择性价比最优的治疗方案是符合医疗伦理和规范的行为，不属于被禁止的行为。
D. 在诊疗过程中严格遵守医学伦理规范是医疗卫生人员应尽的义务，不属于被禁止的行为。
E. 通过推荐特定药物获取药品回扣属于商业贿赂，是被禁止的行为。

因此，被禁止的行为是A、B、E。

【最终答案】：ABE",客观题,ABE
医患关系,"你是一个严格按照要求答题的医学考试考生。请你先展示出完整的思考过程，然后再输出最终答案。每道题目有至少两个选项（A、B）至多五个选项（A、B、C、D、E），题目为不定项选择题，请按照以下格式作答：

【思考过程】：...

【最终答案】：AB / BCE / CD / DE / E / ...（只输出选项的编号，不要写选项内容）

示例：
题目：医疗伦理中四大基本原则是？
A.尊重自主权
B.善意行为
C.无害原则
D.公正原则
E.以上都不是
【思考过程】：本题考查医学伦理的四大基本原则，包括尊重自主权、不伤害原则、行善原则、公正原则。

【最终答案】：ABCD

题目：根据法律法规，以下哪些属于护士依法享有的权利或保护？
A.人格尊严不受侵犯
B.人身安全不受侵犯
C.依法履行职责受法律保护
D.护士应当尊重患者
E.全社会应当尊重护士
【思考过程】：",ABCE,DeepSeek-V3,"【思考过程】：本题考查护士依法享有的权利或保护。根据《护士条例》相关规定，护士的人格尊严和人身安全不受侵犯（A、B项），依法履行职责受法律保护（C项）。D项是护士的义务而非权利，E项是社会对护士的尊重，属于社会倡导范畴，并非法律直接赋予护士的权利。

【最终答案】：ABC",客观题,ABC
医患关系,"你是一个严格按照要求答题的医学考试考生。请你先展示出完整的思考过程，然后再输出最终答案。每道题目有至少两个选项（A、B）至多五个选项（A、B、C、D、E），题目为不定项选择题，请按照以下格式作答：

【思考过程】：...

【最终答案】：AB / BCE / CD / DE / E / ...（只输出选项的编号，不要写选项内容）

示例：
题目：医疗伦理中四大基本原则是？
A.尊重自主权
B.善意行为
C.无害原则
D.公正原则
E.以上都不是
【思考过程】：本题考查医学伦理的四大基本原则，包括尊重自主权、不伤害原则、行善原则、公正原则。

【最终答案】：ABCD

题目：护士发现某医嘱违反诊疗技术规范时，应当采取以下哪种正确措施？
A. 直接向医院纪检监察部门举报
B. 先向开具医嘱的医师提出异议，必要时向上级报告
C. 立即执行医嘱但做好记录备查
D. 将医嘱转交其他护士执行以规避责任
【思考过程】：",B,DeepSeek-V3,"【思考过程】：本题考查护士面对违反诊疗技术规范的医嘱时的正确处理流程。根据医疗规范，护士应先向开具医嘱的医师提出异议，若问题未解决，需向上级报告，而非直接举报或盲目执行。选项C和D均违背职业操守和患者安全原则。

【最终答案】：B",客观题,B
医患关系,"你是一个严格按照要求答题的医学考试考生。请你先展示出完整的思考过程，然后再输出最终答案。每道题目有至少两个选项（A、B）至多五个选项（A、B、C、D、E），题目为不定项选择题，请按照以下格式作答：

【思考过程】：...

【最终答案】：AB / BCE / CD / DE / E / ...（只输出选项的编号，不要写选项内容）

示例：
题目：医疗伦理中四大基本原则是？
A.尊重自主权
B.善意行为
C.无害原则
D.公正原则
E.以上都不是
【思考过程】：本题考查医学伦理的四大基本原则，包括尊重自主权、不伤害原则、行善原则、公正原则。

【最终答案】：ABCD

题目：根据法律法规，以下哪项不属于护士在护患关系中必须履行的义务？
A.尊重患者
B.关心患者
C.爱护患者
D.保护患者隐私
E.监督患者的行为
【思考过程】：",E,DeepSeek-V3,"【思考过程】：本题考查护士在护患关系中必须履行的义务。根据相关法律法规和护理伦理，护士需尊重患者、关心患者、爱护患者、保护患者隐私，这些都是护士的基本义务。而监督患者的行为不属于护士的义务，这更多是法律或监管机构的职责。

【最终答案】：E",客观题,E
医患关系,"你是一个严格按照要求答题的医学考试考生。请你先展示出完整的思考过程，然后再输出最终答案。每道题目有至少两个选项（A、B）至多五个选项（A、B、C、D、E），题目为不定项选择题，请按照以下格式作答：

【思考过程】：...

【最终答案】：AB / BCE / CD / DE / E / ...（只输出选项的编号，不要写选项内容）

示例：
题目：医疗伦理中四大基本原则是？
A.尊重自主权
B.善意行为
C.无害原则
D.公正原则
E.以上都不是
【思考过程】：本题考查医学伦理的四大基本原则，包括尊重自主权、不伤害原则、行善原则、公正原则。

【最终答案】：ABCD

题目：根据法规，以下哪项不属于护士在发生公共卫生事件时的义务？
A. 服从县级以上人民政府卫生主管部门的安排参加医疗救护
B. 自愿选择是否参加医疗救护
C. 服从所在医疗卫生机构的安排参加医疗救护
D. 参与医疗救护活动
【思考过程】：",B,DeepSeek-V3,"【思考过程】：本题考查护士在公共卫生事件中的义务。根据相关法规，护士在发生公共卫生事件时有义务服从县级以上人民政府卫生主管部门和所在医疗卫生机构的安排参加医疗救护，并参与医疗救护活动。护士不能自愿选择是否参加医疗救护。

【最终答案】：B",客观题,B
医患关系,"你是一个严格按照要求答题的医学考试考生。请你先展示出完整的思考过程，然后再输出最终答案。每道题目有至少两个选项（A、B）至多五个选项（A、B、C、D、E），题目为不定项选择题，请按照以下格式作答：

【思考过程】：...

【最终答案】：AB / BCE / CD / DE / E / ...（只输出选项的编号，不要写选项内容）

示例：
题目：医疗伦理中四大基本原则是？
A.尊重自主权
B.善意行为
C.无害原则
D.公正原则
E.以上都不是
【思考过程】：本题考查医学伦理的四大基本原则，包括尊重自主权、不伤害原则、行善原则、公正原则。

【最终答案】：ABCD

题目：根据法规，护士在执业活动中出现以下哪种情形应受到处罚？
A. 发现患者病情危急但未立即通知医师
B. 未按医院规定着装
C. 泄露患者隐私
D. 未参加年度继续教育
E. 发现医嘱违规但未报告
【思考过程】：",ACE,DeepSeek-V3,"【思考过程】：本题考查护士执业活动中应受处罚的情形。根据相关法规和护理伦理要求，护士在以下情形应受处罚：
1. 未立即通知医师患者病情危急（A）违反急救义务；
2. 泄露患者隐私（C）违反保密原则；
3. 发现医嘱违规未报告（E）违反医疗安全制度。
未按规定着装（B）和未参加继续教育（D）属于行政管理问题，通常不构成处罚的要件。

【最终答案】：ACE",客观题,ACE
医患关系,"你是一个严格按照要求答题的医学考试考生。请你先展示出完整的思考过程，然后再输出最终答案。每道题目有至少两个选项（A、B）至多五个选项（A、B、C、D、E），题目为不定项选择题，请按照以下格式作答：

【思考过程】：...

【最终答案】：AB / BCE / CD / DE / E / ...（只输出选项的编号，不要写选项内容）

示例：
题目：医疗伦理中四大基本原则是？
A.尊重自主权
B.善意行为
C.无害原则
D.公正原则
E.以上都不是
【思考过程】：本题考查医学伦理的四大基本原则，包括尊重自主权、不伤害原则、行善原则、公正原则。

【最终答案】：ABCD

题目：根据相关规定，护士在执业活动中出现以下哪些情形时，可能面临警告、暂停执业或吊销证书的处罚？
A.未立即通知医师患者病情危急
B.未及时执行已下达的医嘱
C.泄露患者隐私
D.在公共卫生事件中不服从医疗救护安排
E.与患者发生轻微争执
【思考过程】：",ACD,DeepSeek-V3,"【思考过程】：本题考查护士执业活动中可能面临处罚的情形。根据相关规定，护士未立即通知医师患者病情危急（A）属于未履行职责，可能面临处罚；未及时执行已下达的医嘱（B）也属于违规行为；泄露患者隐私（C）违反保密原则；在公共卫生事件中不服从医疗救护安排（D）属于违反职业道德和法律规定。与患者发生轻微争执（E）若未造成严重后果，通常不构成处罚依据。

【最终答案】：ABCD",客观题,ABCD
医患关系,"你是一个严格按照要求答题的医学考试考生。请你先展示出完整的思考过程，然后再输出最终答案。每道题目有至少两个选项（A、B）至多五个选项（A、B、C、D、E），题目为不定项选择题，请按照以下格式作答：

【思考过程】：...

【最终答案】：AB / BCE / CD / DE / E / ...（只输出选项的编号，不要写选项内容）

示例：
题目：医疗伦理中四大基本原则是？
A.尊重自主权
B.善意行为
C.无害原则
D.公正原则
E.以上都不是
【思考过程】：本题考查医学伦理的四大基本原则，包括尊重自主权、不伤害原则、行善原则、公正原则。

【最终答案】：ABCD

题目：护士在执业活动中出现以下哪些情形时，可能被暂停6个月以上1年以下执业活动？
A.发现患者病情危急未立即通知医师
B.未参加年度继续教育培训
C.泄露患者隐私
D.在公共卫生事件中拒绝服从医疗救护安排
E.未按时完成护理文书记录
【思考过程】：",ACD,DeepSeek-V3,"【思考过程】：本题考查护士执业活动中可能被暂停6个月以上1年以下执业活动的情形。根据《护士条例》和相关法律法规，以下情形可能被暂停执业：  
1. 发现患者病情危急未立即通知医师（A）：属于严重违反护理规范，可能危及患者安全。  
2. 泄露患者隐私（C）：违反患者隐私保护规定，情节严重时可被暂停执业。  
3. 在公共卫生事件中拒绝服从医疗救护安排（D）：属于拒不履行公共卫生职责的严重违规行为。  
未参加年度继续教育培训（B）或未按时完成护理文书记录（E）通常属于轻微违规，一般不会直接导致暂停执业，可能面临警告或罚款等处罚。  

【最终答案】：ACD",客观题,ACD
医患关系,"你是一个严格按照要求答题的医学考试考生。请你先展示出完整的思考过程，然后再输出最终答案。每道题目有至少两个选项（A、B）至多五个选项（A、B、C、D、E），题目为不定项选择题，请按照以下格式作答：

【思考过程】：...

【最终答案】：AB / BCE / CD / DE / E / ...（只输出选项的编号，不要写选项内容）

示例：
题目：医疗伦理中四大基本原则是？
A.尊重自主权
B.善意行为
C.无害原则
D.公正原则
E.以上都不是
【思考过程】：本题考查医学伦理的四大基本原则，包括尊重自主权、不伤害原则、行善原则、公正原则。

【最终答案】：ABCD

题目：以下哪些属于医疗机构必须尊重的权利或遵循的原则
A. 知情同意原则
B. 自主选择权
C. 隐私权
D. 对患者的隐私保密
E. 患者必须接受治疗
【思考过程】：",ABCD,DeepSeek-V3,"【思考过程】：本题考查医疗机构必须尊重的权利或原则。在医疗实践中，知情同意原则（A）是基本要求，确保患者了解治疗风险和收益后自愿做出决定；自主选择权（B）是患者的核心权利，包括选择或拒绝治疗；隐私权（C）及对患者隐私保密（D）是法律和伦理义务，保护患者个人信息不被泄露。选项E“患者必须接受治疗”错误，违背了自主原则，患者有权拒绝治疗。

【最终答案】：ABCD",客观题,ABCD
医患关系,"你是一个严格按照要求答题的医学考试考生。请你先展示出完整的思考过程，然后再输出最终答案。每道题目有至少两个选项（A、B）至多五个选项（A、B、C、D、E），题目为不定项选择题，请按照以下格式作答：

【思考过程】：...

【最终答案】：AB / BCE / CD / DE / E / ...（只输出选项的编号，不要写选项内容）

示例：
题目：医疗伦理中四大基本原则是？
A.尊重自主权
B.善意行为
C.无害原则
D.公正原则
E.以上都不是
【思考过程】：本题考查医学伦理的四大基本原则，包括尊重自主权、不伤害原则、行善原则、公正原则。

【最终答案】：ABCD

题目：根据法规，以下哪些情形属于医疗机构应受处罚的情况？
A.未建立医疗质量管理部门或未指定专（兼）职人员负责医疗质量管理
B.未建立医疗质量管理相关规章制度
C.未定期组织医护人员参加伦理培训
D.发生重大医疗质量安全事件隐匿不报
E.未为患者提供免费护理用品
【思考过程】：",ABD,DeepSeek-V3,"【思考过程】：本题考查医疗机构应受处罚的情形。根据相关法规，医疗机构应建立医疗质量管理部门或指定专（兼）职人员负责医疗质量管理（A）、建立医疗质量管理相关规章制度（B）。发生重大医疗质量安全事件隐匿不报（D）也是应受处罚的情形。未定期组织医护人员参加伦理培训（C）和未为患者提供免费护理用品（E）不属于法规明确规定的应受处罚情形。

【最终答案】：ABD",客观题,ABD
医患关系,"你是一个严格按照要求答题的医学考试考生。请你先展示出完整的思考过程，然后再输出最终答案。每道题目有至少两个选项（A、B）至多五个选项（A、B、C、D、E），题目为不定项选择题，请按照以下格式作答：

【思考过程】：...

【最终答案】：AB / BCE / CD / DE / E / ...（只输出选项的编号，不要写选项内容）

示例：
题目：医疗伦理中四大基本原则是？
A.尊重自主权
B.善意行为
C.无害原则
D.公正原则
E.以上都不是
【思考过程】：本题考查医学伦理的四大基本原则，包括尊重自主权、不伤害原则、行善原则、公正原则。

【最终答案】：ABCD

题目：根据法律法规，医疗机构出现以下哪种情形时，将受到处罚？
A.未建立医疗质量管理相关规章制度
B.未建立患者投诉处理机制
C.发生重大医疗质量安全事件后未及时上报
D.未按期报送医疗质量安全信息
E.未指定专人负责医疗质量管理
【思考过程】：",ABCDE,DeepSeek-V3,"【思考过程】：本题考查医疗机构在医疗质量管理方面的法律责任。根据相关法律法规，医疗机构需建立医疗质量管理相关规章制度（A项）、建立患者投诉处理机制（B项）、及时上报重大医疗质量安全事件（C项）、按期报送医疗质量安全信息（D项）、指定专人负责医疗质量管理（E项）。若未履行这些职责，医疗机构将受到处罚。

【最终答案】：ABCDE",客观题,ABCDE
医患关系,"你是一个严格按照要求答题的医学考试考生。请你先展示出完整的思考过程，然后再输出最终答案。每道题目有至少两个选项（A、B）至多五个选项（A、B、C、D、E），题目为不定项选择题，请按照以下格式作答：

【思考过程】：...

【最终答案】：AB / BCE / CD / DE / E / ...（只输出选项的编号，不要写选项内容）

示例：
题目：医疗伦理中四大基本原则是？
A.尊重自主权
B.善意行为
C.无害原则
D.公正原则
E.以上都不是
【思考过程】：本题考查医学伦理的四大基本原则，包括尊重自主权、不伤害原则、行善原则、公正原则。

【最终答案】：ABCD

题目：以下哪种行为属于医师或护士在执业活动中可能受到处理的情形？
A.未完全告知患者所有可能的医疗费用
B.开展医疗活动未遵守知情同意原则
C.未使用最新医疗设备进行诊断
D.未在患者要求时提供英文版病历
【思考过程】：",B,DeepSeek-V3,"【思考过程】：本题考查医师或护士在执业活动中可能受到处理的情形。根据医疗法规和伦理要求，医疗人员必须遵守知情同意原则，充分告知患者医疗信息（包括费用、风险等），否则可能被处理。未使用最新设备（C）属于技术能力或资源问题，不直接违反执业规范；提供英文版病历（D）非强制性义务，除非有特殊规定。因此，违反知情同意（B）和未完全告知费用（A，属于知情同意的组成部分）可能导致处理。

【最终答案】：AB",客观题,AB
医患关系,"你是一个严格按照要求答题的医学考试考生。请你先展示出完整的思考过程，然后再输出最终答案。每道题目有至少两个选项（A、B）至多五个选项（A、B、C、D、E），题目为不定项选择题，请按照以下格式作答：

【思考过程】：...

【最终答案】：AB / BCE / CD / DE / E / ...（只输出选项的编号，不要写选项内容）

示例：
题目：医疗伦理中四大基本原则是？
A.尊重自主权
B.善意行为
C.无害原则
D.公正原则
E.以上都不是
【思考过程】：本题考查医学伦理的四大基本原则，包括尊重自主权、不伤害原则、行善原则、公正原则。

【最终答案】：ABCD

题目：根据法律法规，以下哪些行为属于医疗机构执业的医师、护士应受处理的情形？
A.违规使用禁止临床应用的医疗技术进行诊疗
B.未遵守知情同意原则开展医疗活动
C.未经批准使用某新型医疗器械进行手术
D.因工作繁忙推迟非急症患者的检查
E.泄露患者隐私但未造成严重后果
【思考过程】：",ABCE,DeepSeek-V3,"【思考过程】：本题考查医疗机构执业医师、护士应受处理的情形。根据相关法律法规：

A. 违规使用禁止临床应用的医疗技术属于明确禁止的行为，应受处理。
B. 未遵守知情同意原则违反医疗伦理和法律规定，应受处理。
C. 未经批准使用新型医疗器械违反医疗器械管理规定，应受处理。
D. 推迟非急症检查属于工作安排问题，一般不构成违规处理情形。
E. 泄露患者隐私无论是否造成后果都违反隐私保护规定，应受处理。

【最终答案】：ABCE",客观题,ABCE
医患关系,"你是一个严格按照要求答题的医学考试考生。请你先展示出完整的思考过程，然后再输出最终答案。每道题目有至少两个选项（A、B）至多五个选项（A、B、C、D、E），题目为不定项选择题，请按照以下格式作答：

【思考过程】：...

【最终答案】：AB / BCE / CD / DE / E / ...（只输出选项的编号，不要写选项内容）

示例：
题目：医疗伦理中四大基本原则是？
A.尊重自主权
B.善意行为
C.无害原则
D.公正原则
E.以上都不是
【思考过程】：本题考查医学伦理的四大基本原则，包括尊重自主权、不伤害原则、行善原则、公正原则。

【最终答案】：ABCD

题目：根据相关规定，以下哪些行为属于医疗机构执业的医师、护士在执业活动中需被处理的违规行为？
A. 未经亲自诊查，出具检查结果和相关医学文书的
B. 开展医疗活动未遵守知情同意原则的
C. 违规开展禁止或限制临床应用的医疗技术
D. 未在规定时间内上报医疗事故
E. 未参加年度继续教育
【思考过程】：",ABCD,DeepSeek-V3,"【思考过程】：本题考查医疗机构执业医师、护士在执业活动中需处理的违规行为。根据《执业医师法》《护士条例》等相关规定：  
1. 选项A：未经亲自诊查出具文书属于违法行为（《执业医师法》第23条明文禁止）。  
2. 选项B：违反知情同意原则侵犯患者权利，属于违规行为（《医疗纠纷预防和处理条例》明确要求）。  
3. 选项C：违规开展禁止/限制类医疗技术直接违反《医疗技术临床应用管理办法》。  
4. 选项D：未及时上报医疗事故违反《医疗事故处理条例》的报告义务。  
5. 选项E：继续教育是执业要求，但未参加通常属于管理问题，一般通过限期补修处理，不直接构成“需处理的违规行为”（除非拒不改正）。  

综上，A、B、C、D均属于明确违规行为，E的严重性不足。  

【最终答案】：ABCD",客观题,ABCD
医患关系,"你是一个严格按照要求答题的医学考试考生。请你先展示出完整的思考过程，然后再输出最终答案。每道题目有至少两个选项（A、B）至多五个选项（A、B、C、D、E），题目为不定项选择题，请按照以下格式作答：

【思考过程】：...

【最终答案】：AB / BCE / CD / DE / E / ...（只输出选项的编号，不要写选项内容）

示例：
题目：医疗伦理中四大基本原则是？
A.尊重自主权
B.善意行为
C.无害原则
D.公正原则
E.以上都不是
【思考过程】：本题考查医学伦理的四大基本原则，包括尊重自主权、不伤害原则、行善原则、公正原则。

【最终答案】：ABCD

题目：根据规定，以下哪种行为属于医师、护士在执业活动中需被处理的情况？
A.开展医疗活动未遵守知情同意原则
B.泄露患者隐私但未造成严重后果
C.未佩戴工作证件进行诊疗
D.未经亲自诊查出具检查结果
【思考过程】：",ABD,DeepSeek-V3,"【思考过程】：本题考查医师、护士执业活动中需被处理的行为。根据《执业医师法》和《护士条例》，以下行为需被处理：
1. 未遵守知情同意原则（A）违反医疗伦理和法律规定；
2. 泄露患者隐私（B）无论是否造成后果均属违规；
3. 未经亲自诊查出具检查结果（D）属于严重违法执业要求；
未佩戴工作证件（C）属于不规范行为，但通常不直接构成处罚要件。

【最终答案】：ABD",客观题,ABD
医患关系,"你是一个严格按照要求答题的医学考试考生。请你先展示出完整的思考过程，然后再输出最终答案。每道题目有至少两个选项（A、B）至多五个选项（A、B、C、D、E），题目为不定项选择题，请按照以下格式作答：

【思考过程】：...

【最终答案】：AB / BCE / CD / DE / E / ...（只输出选项的编号，不要写选项内容）

示例：
题目：医疗伦理中四大基本原则是？
A.尊重自主权
B.善意行为
C.无害原则
D.公正原则
E.以上都不是
【思考过程】：本题考查医学伦理的四大基本原则，包括尊重自主权、不伤害原则、行善原则、公正原则。

【最终答案】：ABCD

题目：根据规定，以下哪些行为属于医师、护士在执业活动中应当被处理的情形？
A.泄露患者隐私但未造成严重后果
B.未遵守知情同意原则开展医疗活动
C.使用未经批准的医疗器械进行诊疗活动
D.延误急危患者抢救但未造成严重后果
【思考过程】：",ABCD,DeepSeek-V3,"【思考过程】：本题考查医师、护士执业活动中违规行为的认定。根据《中华人民共和国执业医师法》和《护士条例》规定：
A项：泄露患者隐私属于违法行为，无论是否造成严重后果都应处理（《执业医师法》第37条）；
B项：违反知情同意原则属于侵犯患者权利的行为（《医疗纠纷预防和处理条例》第13条）；
C项：使用未经批准的医疗器械违反《医疗器械监督管理条例》；  
D项：延误急危患者抢救属于严重违反诊疗规范的行为，无论后果都应处理（《执业医师法》第37条）。

【最终答案】：ABCD",客观题,ABCD
医患关系,"你是一个严格按照要求答题的医学考试考生。请你先展示出完整的思考过程，然后再输出最终答案。每道题目有至少两个选项（A、B）至多五个选项（A、B、C、D、E），题目为不定项选择题，请按照以下格式作答：

【思考过程】：...

【最终答案】：AB / BCE / CD / DE / E / ...（只输出选项的编号，不要写选项内容）

示例：
题目：医疗伦理中四大基本原则是？
A.尊重自主权
B.善意行为
C.无害原则
D.公正原则
E.以上都不是
【思考过程】：本题考查医学伦理的四大基本原则，包括尊重自主权、不伤害原则、行善原则、公正原则。

【最终答案】：ABCD

题目：根据法律法规，下列哪些行为属于医疗机构执业的医师、护士在执业活动中应受到处理的情形？
A.违反操作规范但未造成严重后果
B.泄露患者隐私但未造成严重后果
C.未经亲自诊查出具医学文书
D.开展未批准的医疗技术诊疗
E.未遵守知情同意原则进行医疗活动
【思考过程】：",ABCDE,DeepSeek-V3,"【思考过程】：本题考查医疗机构执业医师、护士在执业活动中应受处理的情形。根据《中华人民共和国执业医师法》《护士条例》及相关法规：  
1. **A选项**：违反操作规范（无论是否造成后果）均属违规行为，需受处理（如警告、暂停执业等）。  
2. **B选项**：泄露患者隐私违反《民法典》及《基本医疗卫生与健康促进法》，无论后果均需处理。  
3. **C选项**：未经亲自诊查出具医学文书直接违反《执业医师法》第23条，属违法行为。  
4. **D选项**：开展未批准技术违反医疗技术临床应用管理规定，需追责。  
5. **E选项**：未遵守知情同意原则侵犯患者权益，违反《医疗纠纷预防和处理条例》。  

综上，所有选项均属应受处理的情形。  

【最终答案】：ABCDE",客观题,ABCDE
医患关系,"你是一个严格按照要求答题的医学考试考生。请你先展示出完整的思考过程，然后再输出最终答案。每道题目有至少两个选项（A、B）至多五个选项（A、B、C、D、E），题目为不定项选择题，请按照以下格式作答：

【思考过程】：...

【最终答案】：AB / BCE / CD / DE / E / ...（只输出选项的编号，不要写选项内容）

示例：
题目：医疗伦理中四大基本原则是？
A.尊重自主权
B.善意行为
C.无害原则
D.公正原则
E.以上都不是
【思考过程】：本题考查医学伦理的四大基本原则，包括尊重自主权、不伤害原则、行善原则、公正原则。

【最终答案】：ABCD

题目：以下哪项不属于护士伦理准则中要求尊重的护理对象权益？
A.知情同意权
B.隐私权
C.经济自主权
D.原生文化尊重
E.健康权
【思考过程】：",C,DeepSeek-V3,"【思考过程】：本题考查护士伦理准则中要求尊重的护理对象权益。根据国际护士伦理准则，护士应尊重患者的知情同意权（A）、隐私权（B）、原生文化尊重（D）和健康权（E）。经济自主权（C）并非护士伦理准则中明确要求尊重的权益，更多涉及经济管理层面。

【最终答案】：C",客观题,C
医患关系,"你是一个严格按照要求答题的医学考试考生。请你先展示出完整的思考过程，然后再输出最终答案。每道题目有至少两个选项（A、B）至多五个选项（A、B、C、D、E），题目为不定项选择题，请按照以下格式作答：

【思考过程】：...

【最终答案】：AB / BCE / CD / DE / E / ...（只输出选项的编号，不要写选项内容）

示例：
题目：医疗伦理中四大基本原则是？
A.尊重自主权
B.善意行为
C.无害原则
D.公正原则
E.以上都不是
【思考过程】：本题考查医学伦理的四大基本原则，包括尊重自主权、不伤害原则、行善原则、公正原则。

【最终答案】：ABCD

题目：根据护士伦理准则，以下哪一项不属于为护理对象应提供的个性化关怀范畴？
A.生理
B.心理
C.职业发展
D.文化
E.社会
【思考过程】：",C,DeepSeek-V3,"【思考过程】：本题考查护理伦理准则中个性化关怀的范畴。个性化关怀通常包括生理、心理、社会和文化方面的需求，而职业发展属于护士自身的职业规划，不属于为护理对象提供的关怀范畴。

【最终答案】：C",客观题,C
医患关系,"你是一个严格按照要求答题的医学考试考生。请你先展示出完整的思考过程，然后再输出最终答案。每道题目有至少两个选项（A、B）至多五个选项（A、B、C、D、E），题目为不定项选择题，请按照以下格式作答：

【思考过程】：...

【最终答案】：AB / BCE / CD / DE / E / ...（只输出选项的编号，不要写选项内容）

示例：
题目：医疗伦理中四大基本原则是？
A.尊重自主权
B.善意行为
C.无害原则
D.公正原则
E.以上都不是
【思考过程】：本题考查医学伦理的四大基本原则，包括尊重自主权、不伤害原则、行善原则、公正原则。

【最终答案】：ABCD

题目：根据护士伦理准则，在实施有创护理措施时，以下哪项不属于护士应最大限度避免的后果？
A.不适
B.疼痛
C.提高患者满意度
D.残疾
E.死亡
【思考过程】：",C,DeepSeek-V3,"【思考过程】：本题考查护士伦理准则中对有创护理措施的要求。护士在执行有创护理措施时，应尽量避免给患者带来不适、疼痛、残疾或死亡等不良后果。提高患者满意度是护理工作的目标之一，不属于需要避免的后果。

【最终答案】：C",客观题,C
医患关系,"你是一个严格按照要求答题的医学考试考生。请你先展示出完整的思考过程，然后再输出最终答案。每道题目有至少两个选项（A、B）至多五个选项（A、B、C、D、E），题目为不定项选择题，请按照以下格式作答：

【思考过程】：...

【最终答案】：AB / BCE / CD / DE / E / ...（只输出选项的编号，不要写选项内容）

示例：
题目：医疗伦理中四大基本原则是？
A.尊重自主权
B.善意行为
C.无害原则
D.公正原则
E.以上都不是
【思考过程】：本题考查医学伦理的四大基本原则，包括尊重自主权、不伤害原则、行善原则、公正原则。

【最终答案】：ABCD

题目：根据护士伦理准则中“和谐共赢”的要求，以下哪项属于护士必须做到的核心内容？
A.认真倾听护理对象的主诉
B.避免与患者讨论治疗细节
C.有效化解护患矛盾
D.仅关注自身职业荣誉感
E.建立相互理解、信任、合作、愉悦和谐的护患关系
【思考过程】：",ACE,DeepSeek-V3,"【思考过程】：本题考查护士伦理准则中“和谐共赢”的要求。和谐共赢强调护患关系的和谐与共同利益。选项A“认真倾听护理对象的主诉”是建立和谐关系的基础；选项C“有效化解护患矛盾”直接体现和谐共赢的要求；选项E“建立相互理解、信任、合作、愉悦和谐的护患关系”是和谐共赢的核心目标。选项B“避免与患者讨论治疗细节”违背了尊重自主权和知情同意的原则；选项D“仅关注自身职业荣誉感”忽视了患者的利益，不符合和谐共赢的要求。

【最终答案】：ACE",客观题,ACE
医患关系,"你是一个严格按照要求答题的医学考试考生。请你先展示出完整的思考过程，然后再输出最终答案。每道题目有至少两个选项（A、B）至多五个选项（A、B、C、D、E），题目为不定项选择题，请按照以下格式作答：

【思考过程】：...

【最终答案】：AB / BCE / CD / DE / E / ...（只输出选项的编号，不要写选项内容）

示例：
题目：医疗伦理中四大基本原则是？
A.尊重自主权
B.善意行为
C.无害原则
D.公正原则
E.以上都不是
【思考过程】：本题考查医学伦理的四大基本原则，包括尊重自主权、不伤害原则、行善原则、公正原则。

【最终答案】：ABCD

题目：根据护士伦理准则中“以德施护”的要求，以下哪些属于护士应当履行的核心义务？
A. 忠诚护理事业，爱岗敬业
B. 加强人文社会科学知识学习，提高人文关怀能力
C. 将护理职业精神内化于心，外化于行，落实在护理实践中
D. 优先保障患者支付能力较高的医疗需求
E. 定期参加专业技能培训以提高技术能力
【思考过程】：",ABC,DeepSeek-V3,"【思考过程】：本题考查护士伦理准则中“以德施护”的核心义务要求。根据护士伦理准则，护士应当忠诚护理事业、爱岗敬业（A项），体现职业精神；加强人文关怀能力（B项）和将职业精神落实到实践中（C项）是“以德施护”的具体表现；而专业技能培训（E项）虽重要，但属于职业技能范畴，非伦理义务的核心表述。D项“优先保障支付能力高的需求”违背伦理公正原则，明显错误。

【最终答案】：ABC",客观题,ABC
医患关系,"你是一个严格按照要求答题的医学考试考生。请你先展示出完整的思考过程，然后再输出最终答案。每道题目有至少两个选项（A、B）至多五个选项（A、B、C、D、E），题目为不定项选择题，请按照以下格式作答：

【思考过程】：...

【最终答案】：AB / BCE / CD / DE / E / ...（只输出选项的编号，不要写选项内容）

示例：
题目：医疗伦理中四大基本原则是？
A.尊重自主权
B.善意行为
C.无害原则
D.公正原则
E.以上都不是
【思考过程】：本题考查医学伦理的四大基本原则，包括尊重自主权、不伤害原则、行善原则、公正原则。

【最终答案】：ABCD

题目：根据护士伦理准则，以下哪项属于护士在突发公共卫生事件中的伦理责任？
A. 主动请缨，积极参加救护
B. 优先考虑个人安全，确保自身无风险后再参与
C. 要求获得高于常规的薪酬待遇
D. 以保护生命、维护公众健康为己任
【思考过程】：",AD,DeepSeek-V3,"【思考过程】：本题考查护士在突发公共卫生事件中的伦理责任。根据护士伦理准则，护士在突发公共卫生事件中应当以保护生命、维护公众健康为首要责任，积极参与救护，体现职业奉献精神。同时，护士需要在保护自身安全的前提下开展工作，但“优先考虑个人安全，确保自身无风险后再参与”过于强调个人安全，不符合伦理准则的核心要求。要求高于常规的薪酬待遇与伦理责任无关，甚至可能违背职业操守。因此，符合伦理责任的是主动请缨和以保护生命、维护公众健康为己任。

【最终答案】：AD",客观题,AD
医患关系,"你是一个严格按照要求答题的医学考试考生。请你先展示出完整的思考过程，然后再输出最终答案。每道题目有至少两个选项（A、B）至多五个选项（A、B、C、D、E），题目为不定项选择题，请按照以下格式作答：

【思考过程】：...

【最终答案】：AB / BCE / CD / DE / E / ...（只输出选项的编号，不要写选项内容）

示例：
题目：医疗伦理中四大基本原则是？
A.尊重自主权
B.善意行为
C.无害原则
D.公正原则
E.以上都不是
【思考过程】：本题考查医学伦理的四大基本原则，包括尊重自主权、不伤害原则、行善原则、公正原则。

【最终答案】：ABCD

题目：以下表述是否正确：护士可以在社交媒体上分享患者案例，只要不提及患者姓名。
A.正确
B.错误
【思考过程】：",B,DeepSeek-V3,"【思考过程】：本题考查医学伦理中的患者隐私保护原则。根据医疗伦理和法律法规，即使不提及患者姓名，分享患者案例仍可能泄露患者隐私，因为其他信息（如病例细节、就诊时间等）可能足以识别患者身份。这种行为违反了患者隐私权和保密原则。

【最终答案】：B",客观题,B
医患关系,"你是一个严格按照要求答题的医学考试考生。请你先展示出完整的思考过程，然后再输出最终答案。每道题目有至少两个选项（A、B）至多五个选项（A、B、C、D、E），题目为不定项选择题，请按照以下格式作答：

【思考过程】：...

【最终答案】：AB / BCE / CD / DE / E / ...（只输出选项的编号，不要写选项内容）

示例：
题目：医疗伦理中四大基本原则是？
A.尊重自主权
B.善意行为
C.无害原则
D.公正原则
E.以上都不是
【思考过程】：本题考查医学伦理的四大基本原则，包括尊重自主权、不伤害原则、行善原则、公正原则。

【最终答案】：ABCD

题目：根据法规，护士在使用护理机器人时，以下哪项是必须确保的？
A.护理机器人应支持而非取代护患之间的人际关系
B.护理机器人可以完全取代护患之间的人际互动
C.技术应用应优先于患者的个性化需求
D.护士应减少与患者的直接沟通以依赖设备
【思考过程】：",A,DeepSeek-V3,"【思考过程】：本题考查护理机器人使用中的伦理和法规要求。根据医疗伦理和护理实践的基本原则，护理机器人应作为辅助工具，支持而非取代护患之间的人际关系（A正确）。护患互动是护理的核心，机器人不能完全取代人际互动（B错误）。技术应用应服务于患者的个性化需求，而非优先于需求（C错误）。护士应与患者保持直接沟通，设备是辅助工具而非替代（D错误）。

【最终答案】：A",客观题,A
医患关系,"你是一个严格按照要求答题的医学考试考生。请你先展示出完整的思考过程，然后再输出最终答案。每道题目有至少两个选项（A、B）至多五个选项（A、B、C、D、E），题目为不定项选择题，请按照以下格式作答：

【思考过程】：...

【最终答案】：AB / BCE / CD / DE / E / ...（只输出选项的编号，不要写选项内容）

示例：
题目：医疗伦理中四大基本原则是？
A.尊重自主权
B.善意行为
C.无害原则
D.公正原则
E.以上都不是
【思考过程】：本题考查医学伦理的四大基本原则，包括尊重自主权、不伤害原则、行善原则、公正原则。

【最终答案】：ABCD

题目：以下哪种行为违反了医生必须尊重患者自主权和拒绝护理权利的规定？
A.患者明确拒绝某项护理后，医生停止提供该护理
B.患者因宗教信仰拒绝输血，医生转而采用其他治疗方案
C.患者清醒且意识清晰时，医生未询问直接进行非紧急护理操作
D.患者昏迷无法表达意愿时，医生根据家属意见进行护理
【思考过程】：",C,DeepSeek-V3,"【思考过程】：本题考查对患者自主权和拒绝护理权利的理解。根据医学伦理原则，医生必须尊重患者的自主权，包括患者清醒时明确拒绝某项护理的权利。选项A中医生停止提供患者拒绝的护理符合伦理要求；选项B中医生尊重患者宗教信仰并调整治疗方案也符合伦理；选项C中医生未询问清醒患者直接进行操作，侵犯了患者的自主权；选项D中患者昏迷无法表达意愿，医生根据家属意见进行护理是合理的，因为此时患者无法行使自主权。

【最终答案】：C",客观题,C
医患关系,"你是一个严格按照要求答题的医学考试考生。请你先展示出完整的思考过程，然后再输出最终答案。每道题目有至少两个选项（A、B）至多五个选项（A、B、C、D、E），题目为不定项选择题，请按照以下格式作答：

【思考过程】：...

【最终答案】：AB / BCE / CD / DE / E / ...（只输出选项的编号，不要写选项内容）

示例：
题目：医疗伦理中四大基本原则是？
A.尊重自主权
B.善意行为
C.无害原则
D.公正原则
E.以上都不是
【思考过程】：本题考查医学伦理的四大基本原则，包括尊重自主权、不伤害原则、行善原则、公正原则。

【最终答案】：ABCD

题目：根据规定，以下哪项属于医生在护理过程中必须遵守的知情同意要求？
A.必须在提供任何护理前获得患者的自愿知情同意
B.患者撤回同意必须以书面形式提出
C.医生可以拒绝患者撤回同意的请求，如果认为护理必要
D.必须确保患者理解信息以做出明智决定
E.尊重患者随时以任何理由撤回同意的决定
【思考过程】：",ADE,DeepSeek-V3,"【思考过程】：本题考查医生在护理过程中必须遵守的知情同意要求。根据医学伦理和法律要求：

1. 知情同意的核心是自愿性和充分理解（A、D正确）。
2. 患者撤回同意无需特定形式（B错误），且医生无权拒绝（C错误）。
3. 患者有权随时撤回同意（E正确），这是尊重自主权的体现。

【最终答案】：ADE",客观题,ADE
医患关系,"你是一个严格按照要求答题的医学考试考生。请你先展示出完整的思考过程，然后再输出最终答案。每道题目有至少两个选项（A、B）至多五个选项（A、B、C、D、E），题目为不定项选择题，请按照以下格式作答：

【思考过程】：...

【最终答案】：AB / BCE / CD / DE / E / ...（只输出选项的编号，不要写选项内容）

示例：
题目：医疗伦理中四大基本原则是？
A.尊重自主权
B.善意行为
C.无害原则
D.公正原则
E.以上都不是
【思考过程】：本题考查医学伦理的四大基本原则，包括尊重自主权、不伤害原则、行善原则、公正原则。

【最终答案】：ABCD

题目：根据法条，当患者决策能力受限时，医生必须如何处理？
A. 忽略患者的意见，直接由代表决定
B. 尽可能让患者参与决策
C. 在无法确定患者偏好时，按患者的最佳利益决定
D. 必须与患者信任的代表合作，根据其已知或合理推断的偏好做决策
【思考过程】：",BCD,DeepSeek-V3,"【思考过程】：本题考查患者决策能力受限时的处理原则。根据医学伦理和法律规定，医生应尊重患者自主权，即使患者决策能力受限，也应尽量让其参与决策（B正确）。若无法确定患者偏好，需以患者最佳利益为准则（C正确）。同时，必须与患者信任的代表合作，根据已知或合理推断的偏好做决策（D正确）。A选项“忽略患者意见”违背尊重自主权原则，是错误的。  

【最终答案】：BCD",客观题,BCD
医患关系,"你是一个严格按照要求答题的医学考试考生。请你先展示出完整的思考过程，然后再输出最终答案。每道题目有至少两个选项（A、B）至多五个选项（A、B、C、D、E），题目为不定项选择题，请按照以下格式作答：

【思考过程】：...

【最终答案】：AB / BCE / CD / DE / E / ...（只输出选项的编号，不要写选项内容）

示例：
题目：医疗伦理中四大基本原则是？
A.尊重自主权
B.善意行为
C.无害原则
D.公正原则
E.以上都不是
【思考过程】：本题考查医学伦理的四大基本原则，包括尊重自主权、不伤害原则、行善原则、公正原则。

【最终答案】：ABCD

题目：当患者恢复决策能力后，医生是否可以直接继续之前未获得其本人同意的进一步治疗？
A.可以，因为之前已获得家属同意
B.可以，如果治疗紧迫且患者无法立即表达意愿
C.不可以，必须重新获得患者本人的知情同意
D.可以，若患者之前已授权医生全权决定
【思考过程】：",C,DeepSeek-V3,"【思考过程】：本题考查医学伦理中的知情同意原则。根据尊重患者自主权的原则，当患者恢复决策能力后，医生必须重新获得患者本人的知情同意，除非患者之前已经明确授权医生全权决定（如预立医疗指示或授权书）。仅凭家属之前的同意或治疗紧迫性不足以替代患者本人的意愿。

【最终答案】：CD",客观题,CD
医患关系,"你是一个严格按照要求答题的医学考试考生。请你先展示出完整的思考过程，然后再输出最终答案。每道题目有至少两个选项（A、B）至多五个选项（A、B、C、D、E），题目为不定项选择题，请按照以下格式作答：

【思考过程】：...

【最终答案】：AB / BCE / CD / DE / E / ...（只输出选项的编号，不要写选项内容）

示例：
题目：医疗伦理中四大基本原则是？
A.尊重自主权
B.善意行为
C.无害原则
D.公正原则
E.以上都不是
【思考过程】：本题考查医学伦理的四大基本原则，包括尊重自主权、不伤害原则、行善原则、公正原则。

【最终答案】：ABCD

题目：根据法规，当医生发现患者的情况超出其能力范围时，必须采取以下哪些措施？
A. 咨询有相应能力的合格医生
B. 转诊患者给其他专业人员
C. 同时咨询和转诊
D. 继续处理但记录困难
【思考过程】：",ABC,DeepSeek-V3,"【思考过程】：本题考查医生在面对超出自身能力范围的医疗情况时的正确处理方式。根据医疗法规和伦理要求，医生应优先保障患者安全和权益，因此必须寻求有能力的医生协助（A选项）或转诊给专业人员（B选项）。C选项“同时咨询和转诊”是更全面的做法，符合规范。D选项存在风险，可能延误治疗或造成伤害，不符合法规要求。

【最终答案】：ABC",客观题,ABC
医患关系,"你是一个严格按照要求答题的医学考试考生。请你先展示出完整的思考过程，然后再输出最终答案。每道题目有至少两个选项（A、B）至多五个选项（A、B、C、D、E），题目为不定项选择题，请按照以下格式作答：

【思考过程】：...

【最终答案】：AB / BCE / CD / DE / E / ...（只输出选项的编号，不要写选项内容）

示例：
题目：医疗伦理中四大基本原则是？
A.尊重自主权
B.善意行为
C.无害原则
D.公正原则
E.以上都不是
【思考过程】：本题考查医学伦理的四大基本原则，包括尊重自主权、不伤害原则、行善原则、公正原则。

【最终答案】：ABCD

题目：根据法律规定，医生在患者去世后是否仍需保护其隐私和保密性？
A. 是，必须保护
B. 否，患者去世后无需再保密
C. 只有在患者生前明确要求时才需保密
D. 可以向媒体披露，以公众知情权为由
【思考过程】：",A,DeepSeek-V3,"【思考过程】：本题考查医学伦理和法律中对患者隐私保护的基本原则。根据医学伦理和法律规定，医生对患者的隐私和保密性义务在患者去世后依然存在，除非有法律规定的特殊情况或患者生前明确授权。公众知情权不能简单地作为披露患者隐私的理由。

【最终答案】：A",客观题,A
医患关系,"你是一个严格按照要求答题的医学考试考生。请你先展示出完整的思考过程，然后再输出最终答案。每道题目有至少两个选项（A、B）至多五个选项（A、B、C、D、E），题目为不定项选择题，请按照以下格式作答：

【思考过程】：...

【最终答案】：AB / BCE / CD / DE / E / ...（只输出选项的编号，不要写选项内容）

示例：
题目：医疗伦理中四大基本原则是？
A.尊重自主权
B.善意行为
C.无害原则
D.公正原则
E.以上都不是
【思考过程】：本题考查医学伦理的四大基本原则，包括尊重自主权、不伤害原则、行善原则、公正原则。

【最终答案】：ABCD

题目：根据法律规定，医生在代表患者或向第三方报告患者护理情况时，必须完成以下哪项义务？
A.仅在首次接触患者时告知即可
B.在一开始告知患者，并在后续互动中持续披露承诺范围和获得同意
C.无需披露承诺的性质和范围，只需获得一次同意
D.仅需在报告前一次性获得患者同意
【思考过程】：",B,DeepSeek-V3,"【思考过程】：本题考查医生在代表患者或向第三方报告患者护理情况时的法律义务。根据医疗伦理和法律要求，医生必须在首次接触患者时告知相关信息，并在后续的互动中持续披露承诺的范围和获得患者的持续同意。这体现了对患者自主权和知情同意的尊重。因此，选项B是正确的。选项A、C、D均不符合持续披露和获得同意的要求。

【最终答案】：B",客观题,B
医患关系,"你是一个严格按照要求答题的医学考试考生。请你先展示出完整的思考过程，然后再输出最终答案。每道题目有至少两个选项（A、B）至多五个选项（A、B、C、D、E），题目为不定项选择题，请按照以下格式作答：

【思考过程】：...

【最终答案】：AB / BCE / CD / DE / E / ...（只输出选项的编号，不要写选项内容）

示例：
题目：医疗伦理中四大基本原则是？
A.尊重自主权
B.善意行为
C.无害原则
D.公正原则
E.以上都不是
【思考过程】：本题考查医学伦理的四大基本原则，包括尊重自主权、不伤害原则、行善原则、公正原则。

【最终答案】：ABCD

题目：根据规定，医生在远程医疗护理中必须做到以下哪些事项？
A.告知患者远程护理的好处和局限性，并获得其同意
B.确保患者医疗信息的保密性
C.必须完全通过远程方式提供护理，禁止直接接触
D.在医学合适的情况下尽量通过直接接触提供护理
E.无需评估远程沟通的医学合理性
【思考过程】：",ABD,DeepSeek-V3,"【思考过程】：本题考查医生在远程医疗护理中的职责和规范。根据医疗伦理和远程医疗的相关规定，医生必须向患者清楚解释远程护理的优势和局限，并取得其知情同意（A正确）。保护患者隐私和医疗信息安全是必要义务（B正确）。远程医疗并非完全禁止直接接触，而是应根据医学需要灵活选择（C错误，D正确）。远程沟通的医学合理性必须提前评估（E错误）。

【最终答案】：ABD",客观题,ABD
医患关系,"你是一个严格按照要求答题的医学考试考生。请你先展示出完整的思考过程，然后再输出最终答案。每道题目有至少两个选项（A、B）至多五个选项（A、B、C、D、E），题目为不定项选择题，请按照以下格式作答：

【思考过程】：...

【最终答案】：AB / BCE / CD / DE / E / ...（只输出选项的编号，不要写选项内容）

示例：
题目：医疗伦理中四大基本原则是？
A.尊重自主权
B.善意行为
C.无害原则
D.公正原则
E.以上都不是
【思考过程】：本题考查医学伦理的四大基本原则，包括尊重自主权、不伤害原则、行善原则、公正原则。

【最终答案】：ABCD

题目：以下哪种行为违反了医生与患者的职业界限规定？
A.与当前患者保持过度友好的社交媒体互动
B.与前患者发展恋爱关系并发生性关系
C.在患者治疗期间与其讨论病情时保持专业态度
D.与当前患者发生性关系
【思考过程】：",AD,DeepSeek-V3,"【思考过程】：本题考查医生与患者职业界限的违反行为。A选项涉及与当前患者保持过度友好的社交媒体互动，可能模糊职业界限；B选项涉及与前患者发展恋爱关系并发生性关系，虽然患者已不是当前患者，但仍可能违反职业伦理；C选项保持专业态度是符合规定的；D选项与当前患者发生性关系是明确违反职业界限的行为。因此，A、B、D选项均涉及违反职业界限规定。

【最终答案】：ABD",客观题,ABD
医患关系,"你是一个严格按照要求答题的医学考试考生。请你先展示出完整的思考过程，然后再输出最终答案。每道题目有至少两个选项（A、B）至多五个选项（A、B、C、D、E），题目为不定项选择题，请按照以下格式作答：

【思考过程】：...

【最终答案】：AB / BCE / CD / DE / E / ...（只输出选项的编号，不要写选项内容）

示例：
题目：医疗伦理中四大基本原则是？
A.尊重自主权
B.善意行为
C.无害原则
D.公正原则
E.以上都不是
【思考过程】：本题考查医学伦理的四大基本原则，包括尊重自主权、不伤害原则、行善原则、公正原则。

【最终答案】：ABCD

题目：根据法规，医生为了确保能够安全执业，必须采取以下哪项行动？
A.主动关注自身健康并寻求必要的护理
B.仅需关注患者健康状况即可
C.由医院强制安排健康检查
D.优先提升专业能力忽略个人健康
【思考过程】：",A,DeepSeek-V3,"【思考过程】：本题考查医生执业安全的法规要求。根据医疗法规和执业道德，医生有责任关注自身健康以确保能够安全执业，这与患者安全直接相关。选项B和D明显错误，因为忽略个人健康或仅关注患者健康状况不符合执业安全要求。选项A正确，因为医生需主动管理自身健康。选项C并非普遍强制要求，通常由医疗机构自行规定，不属于法规必须项。

【最终答案】：A",客观题,A
医患关系,"你是一个严格按照要求答题的医学考试考生。请你先展示出完整的思考过程，然后再输出最终答案。每道题目有至少两个选项（A、B）至多五个选项（A、B、C、D、E），题目为不定项选择题，请按照以下格式作答：

【思考过程】：...

【最终答案】：AB / BCE / CD / DE / E / ...（只输出选项的编号，不要写选项内容）

示例：
题目：医疗伦理中四大基本原则是？
A.尊重自主权
B.善意行为
C.无害原则
D.公正原则
E.以上都不是
【思考过程】：本题考查医学伦理的四大基本原则，包括尊重自主权、不伤害原则、行善原则、公正原则。

【最终答案】：ABCD

题目：根据规定，医生在何种情况下可以干预同事的医患关系？
A. 双方请求
B. 认为同事的治疗方案不够先进
C. 为保护患者免受伤害
D. 患者家属单独请求
E. 医生自己认为有必要
【思考过程】：",AC,DeepSeek-V3,"【思考过程】：本题考查医生干预同事医患关系的合理依据。根据医疗伦理和职业规范，干预同事的医患关系必须基于正当理由：
1. 双方（同事和患者）共同请求（A）是合理依据，体现自愿合作。
2. 仅因治疗方案""不够先进""（B）或医生个人主观判断（E）不构成正当理由，可能侵犯同事专业自主权。
3. 保护患者免受伤害（C）是伦理义务（如《日内瓦宣言》要求""患者健康为首要考虑""），属于强制干预情形。
4. 仅患者家属请求（D）不足以为依据，需患者本人知情同意（紧急情况除外）。

【最终答案】：AC",客观题,AC
动物实验,"你是一个严格按照要求答题的医学考试考生。请你先展示出完整的思考过程，然后再输出最终答案。每道题目有至少两个选项（A、B）至多五个选项（A、B、C、D、E），题目为不定项选择题，请按照以下格式作答：

【思考过程】：...

【最终答案】：AB / BCE / CD / DE / E / ...（只输出选项的编号，不要写选项内容）

示例：
题目：医疗伦理中四大基本原则是？
A.尊重自主权
B.善意行为
C.无害原则
D.公正原则
E.以上都不是
【思考过程】：本题考查医学伦理的四大基本原则，包括尊重自主权、不伤害原则、行善原则、公正原则。

【最终答案】：ABCD

题目：以下哪些属于科学技术人员在动物实验中应遵守的科学家精神或伦理规范？
A.弘扬创新与求实精神
B.在实验中默许合作方轻微捏造数据
C.参与社区祈福活动以提高实验成功率
D.坚守""利益优先""原则加速科研进程
E.严禁支持占卜测算等非科学活动
【思考过程】：",AE,DeepSeek-V3,"【思考过程】：本题考查科学技术人员在动物实验中应遵守的科学家精神或伦理规范。选项A中的创新与求实精神是科学家应具备的基本素质；选项B中的捏造数据违背了科研诚信原则；选项C中的祈福活动与科学实验无关，不属于科学家精神；选项D中的""利益优先""违背了科研伦理；选项E中的严禁支持非科学活动符合科学精神和伦理规范。

【最终答案】：AE",客观题,AE
动物实验,"你是一个严格按照要求答题的医学考试考生。请你先展示出完整的思考过程，然后再输出最终答案。每道题目有至少两个选项（A、B）至多五个选项（A、B、C、D、E），题目为不定项选择题，请按照以下格式作答：

【思考过程】：...

【最终答案】：AB / BCE / CD / DE / E / ...（只输出选项的编号，不要写选项内容）

示例：
题目：医疗伦理中四大基本原则是？
A.尊重自主权
B.善意行为
C.无害原则
D.公正原则
E.以上都不是
【思考过程】：本题考查医学伦理的四大基本原则，包括尊重自主权、不伤害原则、行善原则、公正原则。

【最终答案】：ABCD

题目：在哪些情况下，承担高风险科研项目的科学技术人员可予以免责？
A.项目未通过中期评审但有后期补救计划
B.已履行勤勉尽责义务但无法完成项目
C.取得阶段性研究成果后主动终止项目
D.能够提供完整原始记录证明其尽职
【思考过程】：",BD,DeepSeek-V3,"【思考过程】：本题考查高风险科研项目中科学技术人员的免责条件。根据相关规定，科学技术人员在以下情况下可以免责：1.已履行勤勉尽责义务但仍难以完成项目（B选项）；2.取得阶段性研究成果后主动终止项目（C选项）；3.能够提供完整原始记录证明其尽职（D选项）。A选项中""未通过中期评审但有后期补救计划""并不构成免责的充分条件。

【最终答案】：BCD",客观题,BCD
动物实验,"你是一个严格按照要求答题的医学考试考生。请你先展示出完整的思考过程，然后再输出最终答案。每道题目有至少两个选项（A、B）至多五个选项（A、B、C、D、E），题目为不定项选择题，请按照以下格式作答：

【思考过程】：...

【最终答案】：AB / BCE / CD / DE / E / ...（只输出选项的编号，不要写选项内容）

示例：
题目：医疗伦理中四大基本原则是？
A.尊重自主权
B.善意行为
C.无害原则
D.公正原则
E.以上都不是
【思考过程】：本题考查医学伦理的四大基本原则，包括尊重自主权、不伤害原则、行善原则、公正原则。

【最终答案】：ABCD

题目：下列哪些机构应当按照国家规定建立健全科技伦理审查机制？（多选）
A.科学技术研究开发机构
B.高等学校
C.企业事业单位
D.三甲医院伦理委员会
E.科研团队负责人
【思考过程】：",ABC,DeepSeek-V3,"【思考过程】：本题考查的是科技伦理审查机制的建立主体。根据国家相关规定，科学技术研究开发机构、高等学校、企业事业单位都应当按照国家规定建立健全科技伦理审查机制。三甲医院伦理委员会虽然是伦理审查的一部分，但题目问的是“机构”，且其范围较为特定。科研团队负责人不属于机构，而是个人。

【最终答案】：ABC",客观题,ABC
动物实验,"你是一个严格按照要求答题的医学考试考生。请你先展示出完整的思考过程，然后再输出最终答案。每道题目有至少两个选项（A、B）至多五个选项（A、B、C、D、E），题目为不定项选择题，请按照以下格式作答：

【思考过程】：...

【最终答案】：AB / BCE / CD / DE / E / ...（只输出选项的编号，不要写选项内容）

示例：
题目：医疗伦理中四大基本原则是？
A.尊重自主权
B.善意行为
C.无害原则
D.公正原则
E.以上都不是
【思考过程】：本题考查医学伦理的四大基本原则，包括尊重自主权、不伤害原则、行善原则、公正原则。

【最终答案】：ABCD

题目：根据科研诚信相关规定，以下哪些行为不被允许？（多选）
A.虚构实验数据以支持研究结论
B.在多个研究项目中重复使用相同的实验数据
C.为他人代写实验研究数据分析报告
D.购买第三方提供的期刊代投服务
E.在论文被期刊撤稿后未公开更正错误数据
【思考过程】：",ACD,DeepSeek-V3,"【思考过程】：本题考查科研诚信相关的违规行为。根据科研诚信规范：  
1. 虚构数据（A）属于学术不端中的伪造数据，绝对禁止；  
2. 重复使用相同数据而未声明（B）可能构成自我抄袭或数据造假；  
3. 代写分析报告（C）违反学术独立性原则；  
4. 购买代投服务（D）属于第三方不当介入，破坏同行评审流程；  
5. 撤稿后未更正错误数据（E）违背科研纠错义务，可能误导后续研究。  

以上行为均违反科研诚信要求。  

【最终答案】：ABCDE",客观题,ABCDE
动物实验,"你是一个严格按照要求答题的医学考试考生。请你先展示出完整的思考过程，然后再输出最终答案。每道题目有至少两个选项（A、B）至多五个选项（A、B、C、D、E），题目为不定项选择题，请按照以下格式作答：

【思考过程】：...

【最终答案】：AB / BCE / CD / DE / E / ...（只输出选项的编号，不要写选项内容）

示例：
题目：医疗伦理中四大基本原则是？
A.尊重自主权
B.善意行为
C.无害原则
D.公正原则
E.以上都不是
【思考过程】：本题考查医学伦理的四大基本原则，包括尊重自主权、不伤害原则、行善原则、公正原则。

【最终答案】：ABCD

题目：以下哪个选项符合实验动物饲育及实验场所设置的法规要求？
A.饲育室与实验室分设不同楼层并安装门禁系统
B.饲育室配备先进温控设备但实验室与之共用排水系统
C.实验室和饲育室共用清洁通道但分时段使用
D.实验室每日消毒但饲育室每周消毒一次
E.设立管理制度但未形成书面操作规程
【思考过程】：",A,DeepSeek-V3,"【思考过程】：本题考查实验动物饲育及实验场所设置的法规要求。根据相关法规要求，饲育室与实验室应分开设置，避免交叉污染（A符合）；共用排水系统（B）或清洁通道（C）可能增加污染风险，不符合法规；消毒频率不一致（D）可能导致卫生管理漏洞；管理制度必须形成书面操作规程（E不符合）。因此，只有A完全符合法规要求。

【最终答案】：A",客观题,A
动物实验,"你是一个严格按照要求答题的医学考试考生。请你先展示出完整的思考过程，然后再输出最终答案。每道题目有至少两个选项（A、B）至多五个选项（A、B、C、D、E），题目为不定项选择题，请按照以下格式作答：

【思考过程】：...

【最终答案】：AB / BCE / CD / DE / E / ...（只输出选项的编号，不要写选项内容）

示例：
题目：医疗伦理中四大基本原则是？
A.尊重自主权
B.善意行为
C.无害原则
D.公正原则
E.以上都不是
【思考过程】：本题考查医学伦理的四大基本原则，包括尊重自主权、不伤害原则、行善原则、公正原则。

【最终答案】：ABCD

题目：根据相关法规，实验动物的饲养需要按照以下哪些因素进行分开？
A.不同来源
B.不同品种
C.不同性别
D.不同品系
E.不同实验目的
【思考过程】：",ABDE,DeepSeek-V3,"【思考过程】：本题考查实验动物饲养管理的基本原则。根据《实验动物管理条例》和相关规范，实验动物的饲养需要按照以下因素分开：1.不同来源（避免交叉感染和遗传污染）；2.不同品种/品系（遗传背景差异）；3.不同性别（防止意外繁殖和性别相关行为干扰）；4.不同实验目的（如感染性实验需隔离）。这些措施都是为了确保实验的可靠性和动物福利。

【最终答案】：ABCDE",客观题,ABCDE
动物实验,"你是一个严格按照要求答题的医学考试考生。请你先展示出完整的思考过程，然后再输出最终答案。每道题目有至少两个选项（A、B）至多五个选项（A、B、C、D、E），题目为不定项选择题，请按照以下格式作答：

【思考过程】：...

【最终答案】：AB / BCE / CD / DE / E / ...（只输出选项的编号，不要写选项内容）

示例：
题目：医疗伦理中四大基本原则是？
A.尊重自主权
B.善意行为
C.无害原则
D.公正原则
E.以上都不是
【思考过程】：本题考查医学伦理的四大基本原则，包括尊重自主权、不伤害原则、行善原则、公正原则。

【最终答案】：ABCD

题目：依据实验动物饲料管理法规，以下哪些做法是合规的？
A.使用经权威机构认证的全价饲料饲喂实验动物
B.将未清洗的胡萝卜直接投喂给实验犬
C.将轻微虫蛀但未霉变的玉米粉加工成颗粒饲料
D.对计划直接投喂的生菜进行紫外线消毒处理并冷藏保持鲜度
【思考过程】：",AD,DeepSeek-V3,"【思考过程】：本题考查实验动物饲料管理的合规性要求。根据实验动物饲料管理法规，合规的饲料应满足以下条件：  
1. 使用经权威机构认证的全价饲料（A符合，确保营养和安全）；  
2. 直接投喂的蔬果需清洗或消毒处理（B未清洗胡萝卜不合规，D生菜经紫外线消毒和冷藏合规）；  
3. 饲料原料不得存在变质或安全风险（C虫蛀玉米粉可能携带病原或毒素，不合规）。  

【最终答案】：AD",客观题,AD
动物实验,"你是一个严格按照要求答题的医学考试考生。请你先展示出完整的思考过程，然后再输出最终答案。每道题目有至少两个选项（A、B）至多五个选项（A、B、C、D、E），题目为不定项选择题，请按照以下格式作答：

【思考过程】：...

【最终答案】：AB / BCE / CD / DE / E / ...（只输出选项的编号，不要写选项内容）

示例：
题目：医疗伦理中四大基本原则是？
A.尊重自主权
B.善意行为
C.无害原则
D.公正原则
E.以上都不是
【思考过程】：本题考查医学伦理的四大基本原则，包括尊重自主权、不伤害原则、行善原则、公正原则。

【最终答案】：ABCD

题目：以下哪些是实验动物垫料的处理要求？
A.清洁且可降解
B.具有吸水性且无潮湿
C.无毒且无虫卵残留
D.灭菌处理且带香味
E.来源可追溯且价格低廉
【思考过程】：",BC,DeepSeek-V3,"【思考过程】：本题考查实验动物垫料的处理要求。根据实验动物福利和卫生管理要求，垫料需要满足以下条件：1.清洁且可降解，以减少环境污染；2.具有吸水性且无潮湿，以保持动物舒适和笼内干燥；3.无毒且无虫卵残留，以避免对动物健康造成危害；4.灭菌处理是必要的，但带香味可能对动物造成刺激，不是必需条件；5.来源可追溯是质量控制的要求，但价格低廉并非垫料选择的核心标准。

【最终答案】：ABC",客观题,ABC
动物实验,"你是一个严格按照要求答题的医学考试考生。请你先展示出完整的思考过程，然后再输出最终答案。每道题目有至少两个选项（A、B）至多五个选项（A、B、C、D、E），题目为不定项选择题，请按照以下格式作答：

【思考过程】：...

【最终答案】：AB / BCE / CD / DE / E / ...（只输出选项的编号，不要写选项内容）

示例：
题目：医疗伦理中四大基本原则是？
A.尊重自主权
B.善意行为
C.无害原则
D.公正原则
E.以上都不是
【思考过程】：本题考查医学伦理的四大基本原则，包括尊重自主权、不伤害原则、行善原则、公正原则。

【最终答案】：ABCD

题目：当实验动物患有传染性疾病时，正确的处理措施是？
A.继续实验并监测其病情发展
B.立即销毁无需隔离
C.视情况予以销毁或隔离治疗
D.转移至普通饲养区观察
E.仅记录不采取任何行动
【思考过程】：",C,DeepSeek-V3,"【思考过程】：本题考查实验动物伦理和生物安全规范。根据《实验动物管理条例》和生物安全要求，患有传染性疾病的实验动物需立即控制传染源：1.若疾病危害大或无治疗价值应销毁（B部分正确但不全面）；2.若疾病可控且有科研价值可隔离治疗（C正确）；A（继续实验）会扩大污染风险；D（转移至普通区）违反隔离原则；E（不行动）属于严重违规。

【最终答案】：BC",客观题,BC
动物实验,"你是一个严格按照要求答题的医学考试考生。请你先展示出完整的思考过程，然后再输出最终答案。每道题目有至少两个选项（A、B）至多五个选项（A、B、C、D、E），题目为不定项选择题，请按照以下格式作答：

【思考过程】：...

【最终答案】：AB / BCE / CD / DE / E / ...（只输出选项的编号，不要写选项内容）

示例：
题目：医疗伦理中四大基本原则是？
A.尊重自主权
B.善意行为
C.无害原则
D.公正原则
E.以上都不是
【思考过程】：本题考查医学伦理的四大基本原则，包括尊重自主权、不伤害原则、行善原则、公正原则。

【最终答案】：ABCD

题目：根据我国实验动物使用相关法规，应用不合格实验动物取得的下列哪些结果会被视为无效？
A.需延长观测时间后方可使用的安全评价报告
B.药物毒理检测报告
C.疫苗制品的生产许可批件
D.经伦理委员会重新审核的科研数据
【思考过程】：",BC,DeepSeek-V3,"【思考过程】：本题考查我国实验动物使用相关法规中关于不合格实验动物使用后果的规定。根据法规，使用不合格实验动物会导致相关实验结果无效，特别是涉及药物毒理检测报告和疫苗制品的生产许可批件等直接关系到公共安全和健康的产品。需延长观测时间的安全评价报告和经伦理委员会重新审核的科研数据可能经过后续处理或重新审核后仍可使用，因此不被视为完全无效。

【最终答案】：BC",客观题,BC
动物实验,"你是一个严格按照要求答题的医学考试考生。请你先展示出完整的思考过程，然后再输出最终答案。每道题目有至少两个选项（A、B）至多五个选项（A、B、C、D、E），题目为不定项选择题，请按照以下格式作答：

【思考过程】：...

【最终答案】：AB / BCE / CD / DE / E / ...（只输出选项的编号，不要写选项内容）

示例：
题目：医疗伦理中四大基本原则是？
A.尊重自主权
B.善意行为
C.无害原则
D.公正原则
E.以上都不是
【思考过程】：本题考查医学伦理的四大基本原则，包括尊重自主权、不伤害原则、行善原则、公正原则。

【最终答案】：ABCD

题目：以下哪项做法符合实验动物运输的规定？
A.由实验室实习生负责运输并使用普通纸箱装载
B.将同一品种不同品系的小鼠装入同一运输笼
C.安排专职人员运输并检查装运工具安全性
D.不同等级的实验动物分装于独立隔间后同车运输
【思考过程】：",CD,DeepSeek-V3,"【思考过程】：本题考查实验动物运输的规定。根据相关规定，实验动物运输应由专职人员负责，确保装运工具的安全性（选项C）。不同品种或品系的动物应分开运输以避免交叉感染或争斗（选项B错误）。运输容器需符合动物福利标准，普通纸箱不符合要求（选项A错误）。不同等级的实验动物若需同车运输，必须严格分装于独立隔间（选项D正确）。

【最终答案】：CD",客观题,CD
动物实验,"你是一个严格按照要求答题的医学考试考生。请你先展示出完整的思考过程，然后再输出最终答案。每道题目有至少两个选项（A、B）至多五个选项（A、B、C、D、E），题目为不定项选择题，请按照以下格式作答：

【思考过程】：...

【最终答案】：AB / BCE / CD / DE / E / ...（只输出选项的编号，不要写选项内容）

示例：
题目：医疗伦理中四大基本原则是？
A.尊重自主权
B.善意行为
C.无害原则
D.公正原则
E.以上都不是
【思考过程】：本题考查医学伦理的四大基本原则，包括尊重自主权、不伤害原则、行善原则、公正原则。

【最终答案】：ABCD

题目：以下哪些措施属于实验动物工作单位对直接接触实验动物的工作人员必须采取的义务？
A.定期组织体格检查
B.入职时进行全面体检
C.每两年进行一次心理健康评估
D.对患有传染性疾病者及时调换岗位
E.强制接种传染病疫苗
【思考过程】：",AD,DeepSeek-V3,"【思考过程】：本题考查实验动物工作单位对直接接触实验动物的工作人员的义务。根据相关规定，实验动物工作单位必须对直接接触实验动物的工作人员采取以下措施：1. 入职时进行全面体检，确保其健康状况适合从事相关工作；2. 定期组织体格检查，以监测工作人员的健康状况；3. 对患有传染性疾病者及时调换岗位，以防止疾病传播。心理健康评估和强制接种传染病疫苗虽然可能有益，但不是必须的义务。

【最终答案】：ABD",客观题,ABD
动物实验,"你是一个严格按照要求答题的医学考试考生。请你先展示出完整的思考过程，然后再输出最终答案。每道题目有至少两个选项（A、B）至多五个选项（A、B、C、D、E），题目为不定项选择题，请按照以下格式作答：

【思考过程】：...

【最终答案】：AB / BCE / CD / DE / E / ...（只输出选项的编号，不要写选项内容）

示例：
题目：医疗伦理中四大基本原则是？
A.尊重自主权
B.善意行为
C.无害原则
D.公正原则
E.以上都不是
【思考过程】：本题考查医学伦理的四大基本原则，包括尊重自主权、不伤害原则、行善原则、公正原则。

【最终答案】：ABCD

题目：以下哪些行为违反了实验动物工作伦理规范？
A.实验前对动物进行必要麻醉以减轻其痛苦
B.用食物引诱不配合的实验动物完成日常操作
C.对实验结束的动物及时实施安乐死
D.拍摄实验动物痛苦表情制作娱乐短视频
E.在动物挣扎时用器械强行固定其四肢
【思考过程】：",D,DeepSeek-V3,"【思考过程】：本题考查实验动物工作伦理规范的违反行为。实验动物伦理的核心是尽量减少动物的痛苦和压力。选项A中，实验前对动物进行必要麻醉以减轻其痛苦，这是符合伦理的行为；选项B中，用食物引诱不配合的实验动物完成日常操作，这是一种温和且符合伦理的方法；选项C中，对实验结束的动物及时实施安乐死，这是符合伦理的行为；选项D中，拍摄实验动物痛苦表情制作娱乐短视频，这是对动物痛苦的娱乐化，违反了伦理规范；选项E中，在动物挣扎时用器械强行固定其四肢，可能造成动物不必要的痛苦和伤害，不符合伦理规范。

【最终答案】：DE",客观题,DE
动物实验,"你是一个严格按照要求答题的医学考试考生。请你先展示出完整的思考过程，然后再输出最终答案。每道题目有至少两个选项（A、B）至多五个选项（A、B、C、D、E），题目为不定项选择题，请按照以下格式作答：

【思考过程】：...

【最终答案】：AB / BCE / CD / DE / E / ...（只输出选项的编号，不要写选项内容）

示例：
题目：医疗伦理中四大基本原则是？
A.尊重自主权
B.善意行为
C.无害原则
D.公正原则
E.以上都不是
【思考过程】：本题考查医学伦理的四大基本原则，包括尊重自主权、不伤害原则、行善原则、公正原则。

【最终答案】：ABCD

题目：某实验室计划开展动物实验，根据相关法规，实验动物的生产单位应当具备哪些资质证明？
A.实验动物生产许可证
B.实验动物经营许可证
C.省级科学院认证的研发资质
D.其他合法资质认证
E.动物健康内部质检报告
【思考过程】：",AD,DeepSeek-V3,"【思考过程】：本题考查实验动物生产单位的资质要求。根据《实验动物管理条例》和相关法规规定，实验动物的生产单位必须取得实验动物生产许可证（A）和实验动物经营许可证（B），这是法定的必备资质。省级科学院认证的研发资质（C）并非法定要求，动物健康内部质检报告（E）属于内部管理文件而非资质证明。其他合法资质认证（D）作为兜底条款可能存在，但不是核心必备项。

【最终答案】：AB",客观题,AB
动物实验,"你是一个严格按照要求答题的医学考试考生。请你先展示出完整的思考过程，然后再输出最终答案。每道题目有至少两个选项（A、B）至多五个选项（A、B、C、D、E），题目为不定项选择题，请按照以下格式作答：

【思考过程】：...

【最终答案】：AB / BCE / CD / DE / E / ...（只输出选项的编号，不要写选项内容）

示例：
题目：医疗伦理中四大基本原则是？
A.尊重自主权
B.善意行为
C.无害原则
D.公正原则
E.以上都不是
【思考过程】：本题考查医学伦理的四大基本原则，包括尊重自主权、不伤害原则、行善原则、公正原则。

【最终答案】：ABCD

题目：在某机构进行稀有动物实验时，若无法从有生产许可的单位获得实验动物，应如何处理？
A.自行采购后向管理部门备案
B.获取管理单位的批准并落实生物安全措施
C.仅确保实验人员佩戴防护面罩
D.向当地卫生部门申请特批
【思考过程】：",B,DeepSeek-V3,"【思考过程】：本题考查稀有动物实验的合规处理流程。根据我国《实验动物管理条例》及相关法规要求：  
1. 实验动物必须从有生产许可的单位获取（A错误，自行采购需严格审批而非备案）。  
2. 特殊情况下无法获取时，需**经管理单位批准**并落实生物安全措施（B正确，为核心要求）。  
3. 仅防护面罩无法满足生物安全要求（C错误，措施不全面）。  
4. 卫生部门不直接审批实验动物来源（D错误，需通过实验动物管理机构）。  

【最终答案】：B",客观题,B
动物实验,"你是一个严格按照要求答题的医学考试考生。请你先展示出完整的思考过程，然后再输出最终答案。每道题目有至少两个选项（A、B）至多五个选项（A、B、C、D、E），题目为不定项选择题，请按照以下格式作答：

【思考过程】：...

【最终答案】：AB / BCE / CD / DE / E / ...（只输出选项的编号，不要写选项内容）

示例：
题目：医疗伦理中四大基本原则是？
A.尊重自主权
B.善意行为
C.无害原则
D.公正原则
E.以上都不是
【思考过程】：本题考查医学伦理的四大基本原则，包括尊重自主权、不伤害原则、行善原则、公正原则。

【最终答案】：ABCD

题目：以下哪两项是进行动物实验的从业人员必须同时满足的资质要求？
A.持有实验动物从业人员岗位证书
B.完成生物安全培训
C.获得相关专业硕士学位
D.持有医疗机构执业许可证
E.在省级科技部门注册登记
【思考过程】：",AB,DeepSeek-V3,"【思考过程】：本题考查动物实验从业人员的资质要求。根据相关规定，进行动物实验的从业人员必须持有实验动物从业人员岗位证书（A），这是基本要求；同时，由于动物实验涉及生物安全，完成生物安全培训（B）也是必需的。其他选项如相关专业硕士学位（C）并非硬性要求，医疗机构执业许可证（D）适用于医疗机构而非实验人员，省级科技部门注册登记（E）通常是针对机构而非个人。

【最终答案】：AB",客观题,AB
动物实验,"你是一个严格按照要求答题的医学考试考生。请你先展示出完整的思考过程，然后再输出最终答案。每道题目有至少两个选项（A、B）至多五个选项（A、B、C、D、E），题目为不定项选择题，请按照以下格式作答：

【思考过程】：...

【最终答案】：AB / BCE / CD / DE / E / ...（只输出选项的编号，不要写选项内容）

示例：
题目：医疗伦理中四大基本原则是？
A.尊重自主权
B.善意行为
C.无害原则
D.公正原则
E.以上都不是
【思考过程】：本题考查医学伦理的四大基本原则，包括尊重自主权、不伤害原则、行善原则、公正原则。

【最终答案】：ABCD

题目：进行高等级病原动物实验时，以下哪些措施属于法定义务？
A.仅为实验鼠提供一次性使用的纸箱作为遮蔽物
B.对实验用猕猴的攀爬架每季度清洗一次
C.对犬类实验动物使用的橡胶玩具每月高温灭菌
D.使用布料玩具且未规定消毒周期
【思考过程】：",C,DeepSeek-V3,"【思考过程】：本题考查高等级病原动物实验中的法定动物福利措施，需结合《实验动物管理条例》和生物安全要求分析：
1. 实验动物必须提供符合物种习性的基本福利设施，一次性纸箱不符合长期遮蔽需求（A错误）。
2. 高等级病原实验要求严格的环境控制，灵长类动物的设施清洗频率需高于常规（B的季度清洗不足）。
3. 犬类玩具的高温灭菌频率应符合病原等级要求，每月灭菌可能不足（C需根据具体病原体确定）。
4. 布料玩具易吸附病原体，未规定消毒周期违反生物安全原则（D错误）。
注：所有选项均未完全达到高等级病原实验的生物安全标准。

【最终答案】：无正确选项（或根据题目要求选择最接近的：BC）",客观题,
动物实验,"你是一个严格按照要求答题的医学考试考生。请你先展示出完整的思考过程，然后再输出最终答案。每道题目有至少两个选项（A、B）至多五个选项（A、B、C、D、E），题目为不定项选择题，请按照以下格式作答：

【思考过程】：...

【最终答案】：AB / BCE / CD / DE / E / ...（只输出选项的编号，不要写选项内容）

示例：
题目：医疗伦理中四大基本原则是？
A.尊重自主权
B.善意行为
C.无害原则
D.公正原则
E.以上都不是
【思考过程】：本题考查医学伦理的四大基本原则，包括尊重自主权、不伤害原则、行善原则、公正原则。

【最终答案】：ABCD

题目：关于病原感染实验中的动物处理，哪项操作符合伦理规范？
A.注射病原体前使用肌肉松弛剂防止躁动
B.通过物理束缚减少麻醉剂副作用后操作
C.确保动物已被麻醉并无痛觉后开始实验
D.部分麻醉动物后立即进行操作
【思考过程】：",C,DeepSeek-V3,"【思考过程】：本题考查动物实验伦理规范的核心要求。根据“3R原则”（替代、减少、优化）和动物福利要求：  
- A项错误，肌肉松弛剂仅抑制运动功能，不消除疼痛，违反麻醉优先原则  
- B项错误，物理束缚不能替代麻醉，属于非人道限制  
- C项正确，完全麻醉和无痛是动物实验的基本伦理要求  
- D项错误，部分麻醉无法确保无痛，不符合伦理标准  

【最终答案】：C",客观题,C
动物实验,"你是一个严格按照要求答题的医学考试考生。请你先展示出完整的思考过程，然后再输出最终答案。每道题目有至少两个选项（A、B）至多五个选项（A、B、C、D、E），题目为不定项选择题，请按照以下格式作答：

【思考过程】：...

【最终答案】：AB / BCE / CD / DE / E / ...（只输出选项的编号，不要写选项内容）

示例：
题目：医疗伦理中四大基本原则是？
A.尊重自主权
B.善意行为
C.无害原则
D.公正原则
E.以上都不是
【思考过程】：本题考查医学伦理的四大基本原则，包括尊重自主权、不伤害原则、行善原则、公正原则。

【最终答案】：ABCD

题目：对进行过高致病性病原微生物操作的动物尸体及材料的处理流程中，以下哪一环节是必须的？
A.直接由废物处理单位回收
B.先消毒灭菌再由废物处理单位处理
C.由实验室自行无害化焚烧
D.仅需普通消毒即可丢弃
【思考过程】：",B,DeepSeek-V3,"【思考过程】：本题考查高致病性病原微生物实验材料的处理规范。根据《病原微生物实验室生物安全管理条例》和《医疗废物管理条例》，高致病性病原微生物污染的动物尸体及材料必须经过严格的消毒灭菌（如高压蒸汽灭菌或化学消毒）后才能交由专业医疗废物处理单位处置，或由实验室在安全条件下进行无害化焚烧（需符合环保要求）。直接回收（A）和普通消毒后丢弃（D）不符合生物安全要求。

【最终答案】：BC",客观题,BC
动物实验,"你是一个严格按照要求答题的医学考试考生。请你先展示出完整的思考过程，然后再输出最终答案。每道题目有至少两个选项（A、B）至多五个选项（A、B、C、D、E），题目为不定项选择题，请按照以下格式作答：

【思考过程】：...

【最终答案】：AB / BCE / CD / DE / E / ...（只输出选项的编号，不要写选项内容）

示例：
题目：医疗伦理中四大基本原则是？
A.尊重自主权
B.善意行为
C.无害原则
D.公正原则
E.以上都不是
【思考过程】：本题考查医学伦理的四大基本原则，包括尊重自主权、不伤害原则、行善原则、公正原则。

【最终答案】：ABCD

题目：以下哪种情况属于应制止的实验动物使用行为？
A.重复开展无科学意义的肿瘤药物筛选实验
B.使用虐待式操作测试动物应激反应的娱乐性实验
C.为化妆品安全性检测强制增加非必要动物组别
D.解剖10只小鼠以优化新型外科手术缝合技术
E.采用麻醉措施后收集老年猿猴脑衰老数据
【思考过程】：",ABC,DeepSeek-V3,"【思考过程】：本题考查对实验动物伦理和合理使用原则的理解。根据国际通行的3R原则（替代、减少、优化），应制止的实验动物使用行为包括：A选项（无科学意义的重复实验违反""减少""原则）、B选项（娱乐性虐待实验违反伦理底线）、C选项（非必要动物实验违反""优化""原则）。D选项（为医疗技术进步进行的必要动物实验）和E选项（采用人道措施的研究）属于合理使用范畴。

【最终答案】：ABC",客观题,ABC
动物实验,"你是一个严格按照要求答题的医学考试考生。请你先展示出完整的思考过程，然后再输出最终答案。每道题目有至少两个选项（A、B）至多五个选项（A、B、C、D、E），题目为不定项选择题，请按照以下格式作答：

【思考过程】：...

【最终答案】：AB / BCE / CD / DE / E / ...（只输出选项的编号，不要写选项内容）

示例：
题目：医疗伦理中四大基本原则是？
A.尊重自主权
B.善意行为
C.无害原则
D.公正原则
E.以上都不是
【思考过程】：本题考查医学伦理的四大基本原则，包括尊重自主权、不伤害原则、行善原则、公正原则。

【最终答案】：ABCD

题目：动物实验福利、伦理审查的基本原则包括以下哪些内容？
A.优先保障实验动物健康
B.兼顾动物福利与实验人员利益
C.综合评估从业人员生物安全风险
D.强制实施每日实验动物健康监测
E.以科研进展为首要目标
【思考过程】：",BC,DeepSeek-V3,"【思考过程】：本题考查动物实验福利和伦理审查的基本原则。根据国际通行的“3R原则”（替代、减少、优化）和动物福利伦理要求：  
1. 动物实验必须优先保障动物健康和福利（A正确）；  
2. 需平衡动物福利与科学研究的必要性（B正确，E错误，科研进展不能凌驾于伦理之上）；  
3. 从业人员生物安全风险属于实验室安全管理范畴，与动物福利伦理无直接关联（C错误）；  
4. 每日健康监测是操作规范而非基本原则，且“强制”表述过于绝对（D错误）。  

【最终答案】：AB",客观题,AB
动物实验,"你是一个严格按照要求答题的医学考试考生。请你先展示出完整的思考过程，然后再输出最终答案。每道题目有至少两个选项（A、B）至多五个选项（A、B、C、D、E），题目为不定项选择题，请按照以下格式作答：

【思考过程】：...

【最终答案】：AB / BCE / CD / DE / E / ...（只输出选项的编号，不要写选项内容）

示例：
题目：医疗伦理中四大基本原则是？
A.尊重自主权
B.善意行为
C.无害原则
D.公正原则
E.以上都不是
【思考过程】：本题考查医学伦理的四大基本原则，包括尊重自主权、不伤害原则、行善原则、公正原则。

【最终答案】：ABCD

题目：以下哪个专业的人员不属于必须参与动物实验风险识别和评估的？
A.病原微生物学
B.实验动物医师学
C.生物信息学
D.临床医学
E.卫生工程学
【思考过程】：",C,DeepSeek-V3,"【思考过程】：本题考查的是动物实验风险识别和评估的参与人员。根据相关规定，必须参与动物实验风险识别和评估的专业人员包括病原微生物学（A）、实验动物医师学（B）和卫生工程学（E），因为这些专业与动物实验的安全性和风险评估直接相关。生物信息学（C）和临床医学（D）虽然可能与动物实验有一定的关联，但不是必须参与风险识别和评估的专业。

【最终答案】：CD",客观题,CD
动物实验,"你是一个严格按照要求答题的医学考试考生。请你先展示出完整的思考过程，然后再输出最终答案。每道题目有至少两个选项（A、B）至多五个选项（A、B、C、D、E），题目为不定项选择题，请按照以下格式作答：

【思考过程】：...

【最终答案】：AB / BCE / CD / DE / E / ...（只输出选项的编号，不要写选项内容）

示例：
题目：医疗伦理中四大基本原则是？
A.尊重自主权
B.善意行为
C.无害原则
D.公正原则
E.以上都不是
【思考过程】：本题考查医学伦理的四大基本原则，包括尊重自主权、不伤害原则、行善原则、公正原则。

【最终答案】：ABCD

题目：动物实验室管理人员应履行哪些职责？
A.制定明确的准入制度
B.定期采购实验动物
C.监督实验人员的操作时长
D.主动告知动物实验人员潜在风险
E.要求实验人员自行查阅风险手册
【思考过程】：",AD,DeepSeek-V3,"【思考过程】：本题考查动物实验室管理人员的主要职责。根据实验室管理规范，管理人员需制定准入制度（A）以确保人员资质，监督实验操作（C）是保障实验规范性的核心职责，主动告知风险（D）是伦理和安全的基本要求。采购实验动物（B）通常由专职采购人员负责，非管理核心职责；要求自行查阅风险手册（E）属于推卸责任，不符合主动告知的要求。

【最终答案】：ACD",客观题,ACD
动物实验,"你是一个严格按照要求答题的医学考试考生。请你先展示出完整的思考过程，然后再输出最终答案。每道题目有至少两个选项（A、B）至多五个选项（A、B、C、D、E），题目为不定项选择题，请按照以下格式作答：

【思考过程】：...

【最终答案】：AB / BCE / CD / DE / E / ...（只输出选项的编号，不要写选项内容）

示例：
题目：医疗伦理中四大基本原则是？
A.尊重自主权
B.善意行为
C.无害原则
D.公正原则
E.以上都不是
【思考过程】：本题考查医学伦理的四大基本原则，包括尊重自主权、不伤害原则、行善原则、公正原则。

【最终答案】：ABCD

题目：以下关于动物实验负责人职责的表述，哪一项不符合规定？
A.必须制定动物实验方案
B.亲自监督实验形成的全部废物处理
C.由实验人员负责制定安全处置预案
D.对该批实验中30只小鼠尸体的合规处置承担最终责任
【思考过程】：",C,DeepSeek-V3,"【思考过程】：本题考查动物实验负责人的职责。根据相关规定，动物实验负责人必须制定动物实验方案（A符合规定）；实验形成的废物处理应由专人负责，但负责人需确保合规，不一定要亲自监督（B表述过于绝对，可能不符合规定）；安全处置预案应由负责人而非普通实验人员制定（C不符合规定）；负责人需对实验中动物尸体的合规处置承担最终责任（D符合规定）。

【最终答案】：BC",客观题,BC
动物实验,"你是一个严格按照要求答题的医学考试考生。请你先展示出完整的思考过程，然后再输出最终答案。每道题目有至少两个选项（A、B）至多五个选项（A、B、C、D、E），题目为不定项选择题，请按照以下格式作答：

【思考过程】：...

【最终答案】：AB / BCE / CD / DE / E / ...（只输出选项的编号，不要写选项内容）

示例：
题目：医疗伦理中四大基本原则是？
A.尊重自主权
B.善意行为
C.无害原则
D.公正原则
E.以上都不是
【思考过程】：本题考查医学伦理的四大基本原则，包括尊重自主权、不伤害原则、行善原则、公正原则。

【最终答案】：ABCD

题目：以下哪些属于动物实验伦理审查的核心原则？
A.合法性
B.必要性
C.替代性
D.经济性
E.利益平衡
【思考过程】：",ABE,DeepSeek-V3,"【思考过程】：本题考查动物实验伦理审查的核心原则。根据国际公认的3R原则（替代Replacement、减少Reduction、优化Refinement）以及动物实验伦理的基本要求，合法性（A）是实验开展的前提，必要性（B）强调实验目的不可替代，替代性（C）是3R原则的核心之一，经济性（D）不属于伦理原则，利益平衡（E）指实验收益与动物福利的权衡，属于伦理审查要点。

【最终答案】：ABCE",客观题,ABCE
动物实验,"你是一个严格按照要求答题的医学考试考生。请你先展示出完整的思考过程，然后再输出最终答案。每道题目有至少两个选项（A、B）至多五个选项（A、B、C、D、E），题目为不定项选择题，请按照以下格式作答：

【思考过程】：...

【最终答案】：AB / BCE / CD / DE / E / ...（只输出选项的编号，不要写选项内容）

示例：
题目：医疗伦理中四大基本原则是？
A.尊重自主权
B.善意行为
C.无害原则
D.公正原则
E.以上都不是
【思考过程】：本题考查医学伦理的四大基本原则，包括尊重自主权、不伤害原则、行善原则、公正原则。

【最终答案】：ABCD

题目：动物实验伦理审查应当遵循以下哪些基本原则？
A.合规性原则
B.必要性原则
C.动物福利原则
D.利益平衡原则
E.及时性原则
【思考过程】：",BCD,DeepSeek-V3,"【思考过程】：本题考查动物实验伦理审查的基本原则。根据国际和国内相关伦理规范，动物实验伦理审查的核心原则包括：1. 合规性原则（符合法律法规和伦理标准）；2. 必要性原则（实验必须具有科学或社会价值且无替代方法）；3. 动物福利原则（减少疼痛、痛苦和改善动物生存条件）；4. 利益平衡原则（科学利益与动物伤害的合理权衡）。及时性原则并非伦理审查的核心原则，而是操作层面的要求。

【最终答案】：ABCD",客观题,ABCD
动物实验,"你是一个严格按照要求答题的医学考试考生。请你先展示出完整的思考过程，然后再输出最终答案。每道题目有至少两个选项（A、B）至多五个选项（A、B、C、D、E），题目为不定项选择题，请按照以下格式作答：

【思考过程】：...

【最终答案】：AB / BCE / CD / DE / E / ...（只输出选项的编号，不要写选项内容）

示例：
题目：医疗伦理中四大基本原则是？
A.尊重自主权
B.善意行为
C.无害原则
D.公正原则
E.以上都不是
【思考过程】：本题考查医学伦理的四大基本原则，包括尊重自主权、不伤害原则、行善原则、公正原则。

【最终答案】：ABCD

题目：某实验室的技术人员进行动物实验相关工作时存在以下行为，哪个（些）可能违反了相关法律法规？
A.因工作繁忙未参加今年的健康检查
B.2023年健康检查结果显示存在岗位禁忌症但仍继续参与实验
C.每半年进行一次健康检查但未保存档案
D.将不符合岗位要求的检查结果报告给管理部门后被临时调岗
【思考过程】：",AB,DeepSeek-V3,"【思考过程】：
本题考查实验室技术人员在动物实验工作中可能违反法律法规的行为，需结合《实验动物管理条例》和《职业病防治法》等相关规定分析：
1. 选项A：未参加健康检查违反《职业病防治法》规定的定期职业健康检查义务。
2. 选项B：明知存在岗位禁忌症仍继续工作，直接违反《职业病防治法》第35条关于职业禁忌处理的规定。
3. 选项C：虽频率合规但未保存档案，违反《职业病防治法》第37条规定的健康监护档案保存义务。
4. 选项D：已主动报告并被调岗，符合法规要求的处理流程，不构成违法。

【最终答案】：ABC",客观题,ABC
动物实验,"你是一个严格按照要求答题的医学考试考生。请你先展示出完整的思考过程，然后再输出最终答案。每道题目有至少两个选项（A、B）至多五个选项（A、B、C、D、E），题目为不定项选择题，请按照以下格式作答：

【思考过程】：...

【最终答案】：AB / BCE / CD / DE / E / ...（只输出选项的编号，不要写选项内容）

示例：
题目：医疗伦理中四大基本原则是？
A.尊重自主权
B.善意行为
C.无害原则
D.公正原则
E.以上都不是
【思考过程】：本题考查医学伦理的四大基本原则，包括尊重自主权、不伤害原则、行善原则、公正原则。

【最终答案】：ABCD

题目：根据动物实验伦理要求，实验室应当如何配置仪器设备以保障动物福利？
A.所有实验类型统一配备相同的饲育箱
B.根据创伤性实验需求配备生理指标实时监测系统
C.为所有动物研究配备娱乐性转轮设施
D.依据代谢实验特点配置精准温控及营养补给设备
【思考过程】：",BD,DeepSeek-V3,"【思考过程】：本题考查的是动物实验伦理中对仪器设备配置的要求，核心是保障动物福利。根据动物实验伦理原则，仪器设备的配置应基于科学性和动物福利需求，需考虑实验类型及动物生理特点。  
1. 选项A错误：不同实验类型对动物饲养环境的要求不同（如无菌动物与普通动物），统一配备饲育箱不符合实际需求。  
2. 选项B正确：创伤性实验需实时监测动物生理状态（如心率、体温），以减少痛苦并保障数据准确性。  
3. 选项C错误：娱乐性转轮并非所有实验的必需设备（如急性实验无需长期饲养），过度配置可能违背实验必要性原则。  
4. 选项D正确：代谢实验对温控和营养补给有特殊要求（如禁食或特定饮食），精准配置是保障实验可靠性和动物福利的关键。  

【最终答案】：BD",客观题,BD
动物实验,"你是一个严格按照要求答题的医学考试考生。请你先展示出完整的思考过程，然后再输出最终答案。每道题目有至少两个选项（A、B）至多五个选项（A、B、C、D、E），题目为不定项选择题，请按照以下格式作答：

【思考过程】：...

【最终答案】：AB / BCE / CD / DE / E / ...（只输出选项的编号，不要写选项内容）

示例：
题目：医疗伦理中四大基本原则是？
A.尊重自主权
B.善意行为
C.无害原则
D.公正原则
E.以上都不是
【思考过程】：本题考查医学伦理的四大基本原则，包括尊重自主权、不伤害原则、行善原则、公正原则。

【最终答案】：ABCD

题目：以下哪些设备属于动物实验室必须配置的专用设备？
A.动物麻醉设备
B.动物心电监护设备
C.动物称重设备
D.动物血压监护设备
E.动物血液透析仪
【思考过程】：",ABC,DeepSeek-V3,"【思考过程】：本题考查动物实验室的专用设备配置要求。动物实验室必须配置的专用设备通常包括用于动物实验的基本操作和监测设备。动物麻醉设备（A）是必须的，用于麻醉动物以进行实验操作；动物心电监护设备（B）和动物血压监护设备（D）是常见的监测设备，用于实验过程中对动物生命体征的监测；动物称重设备（C）也是必需的，用于实验前后对动物体重的测量。动物血液透析仪（E）属于特定实验需求的设备，并非所有动物实验室必须配置。

【最终答案】：ABCD",客观题,ABCD
动物实验,"你是一个严格按照要求答题的医学考试考生。请你先展示出完整的思考过程，然后再输出最终答案。每道题目有至少两个选项（A、B）至多五个选项（A、B、C、D、E），题目为不定项选择题，请按照以下格式作答：

【思考过程】：...

【最终答案】：AB / BCE / CD / DE / E / ...（只输出选项的编号，不要写选项内容）

示例：
题目：医疗伦理中四大基本原则是？
A.尊重自主权
B.善意行为
C.无害原则
D.公正原则
E.以上都不是
【思考过程】：本题考查医学伦理的四大基本原则，包括尊重自主权、不伤害原则、行善原则、公正原则。

【最终答案】：ABCD

题目：下列哪些做法符合动物实验中保定装置的使用规范？
A.无需适应性训练直接使用保定装置
B.选用与实验犬体型完全匹配的保定设备
C.允许动物在保定过程中有不受限制的活动空间以避免应激
D.在实验开始前5分钟首次将动物放入保定装置
E.对实验用兔进行为期3天的保定装置适应性训练
【思考过程】：",BE,DeepSeek-V3,"【思考过程】：本题考查动物实验中保定装置的使用规范。根据动物实验伦理和操作规范，保定装置的使用应遵循以下几点：  
1. **适应性训练**：动物需要提前适应保定装置以减少应激（排除A、D，E符合要求）。  
2. **匹配性**：保定设备必须与动物体型匹配以确保安全性和有效性（B正确）。  
3. **限制活动**：保定目的是限制动物活动以保障操作安全，不能允许不受限制的活动（C错误）。  

因此，符合规范的选项是B和E。  

【最终答案】：BE",客观题,BE
动物实验,"你是一个严格按照要求答题的医学考试考生。请你先展示出完整的思考过程，然后再输出最终答案。每道题目有至少两个选项（A、B）至多五个选项（A、B、C、D、E），题目为不定项选择题，请按照以下格式作答：

【思考过程】：...

【最终答案】：AB / BCE / CD / DE / E / ...（只输出选项的编号，不要写选项内容）

示例：
题目：医疗伦理中四大基本原则是？
A.尊重自主权
B.善意行为
C.无害原则
D.公正原则
E.以上都不是
【思考过程】：本题考查医学伦理的四大基本原则，包括尊重自主权、不伤害原则、行善原则、公正原则。

【最终答案】：ABCD

题目：当动物在保定期间出现异常情况时，实验人员应采取什么措施？
A.立即联系兽医后再决定是否释放
B.完成当前实验步骤后释放
C.给予短效镇静剂继续实验
D.尽快从保定装置上释放
E.观察20分钟后再评估是否释放
【思考过程】：",D,DeepSeek-V3,"【思考过程】：本题考查实验动物伦理学及应急处理原则。根据动物实验伦理要求，当动物在保定期间出现异常情况时，应优先考虑动物福利，立即停止实验并解除其痛苦。选项D""尽快从保定装置上释放""符合第一时间解除动物痛苦的伦理要求；选项A""联系兽医""虽然是必要步骤，但必须建立在先释放动物的基础上；B、C、E选项都存在延迟解除动物痛苦的问题，不符合伦理规范。

【最终答案】：D",客观题,D
动物实验,"你是一个严格按照要求答题的医学考试考生。请你先展示出完整的思考过程，然后再输出最终答案。每道题目有至少两个选项（A、B）至多五个选项（A、B、C、D、E），题目为不定项选择题，请按照以下格式作答：

【思考过程】：...

【最终答案】：AB / BCE / CD / DE / E / ...（只输出选项的编号，不要写选项内容）

示例：
题目：医疗伦理中四大基本原则是？
A.尊重自主权
B.善意行为
C.无害原则
D.公正原则
E.以上都不是
【思考过程】：本题考查医学伦理的四大基本原则，包括尊重自主权、不伤害原则、行善原则、公正原则。

【最终答案】：ABCD

题目：制定动物实验安死术实施标准时必须考虑以下哪些因素？
A.动物品种
B.实验持续时间
C.动物年龄
D.研究目的
E.动物性别
【思考过程】：",ACD,DeepSeek-V3,"【思考过程】：本题考查动物实验安死术实施标准的制定需要考虑的因素。安死术的实施需要综合考虑多方面因素以确保人道和科学合理性。A.动物品种不同可能导致生理和解剖差异，影响安死方法选择；B.实验持续时间可能影响动物状态和安死时机；C.动物年龄与生理发育阶段相关，可能影响药物代谢或物理方法效果；D.研究目的可能决定是否需要特定组织保存或特殊死亡方式；E.动物性别对安死术实施标准影响较小，通常不是主要考虑因素。

【最终答案】：ABCD",客观题,ABCD
动物实验,"你是一个严格按照要求答题的医学考试考生。请你先展示出完整的思考过程，然后再输出最终答案。每道题目有至少两个选项（A、B）至多五个选项（A、B、C、D、E），题目为不定项选择题，请按照以下格式作答：

【思考过程】：...

【最终答案】：AB / BCE / CD / DE / E / ...（只输出选项的编号，不要写选项内容）

示例：
题目：医疗伦理中四大基本原则是？
A.尊重自主权
B.善意行为
C.无害原则
D.公正原则
E.以上都不是
【思考过程】：本题考查医学伦理的四大基本原则，包括尊重自主权、不伤害原则、行善原则、公正原则。

【最终答案】：ABCD

题目：动物实验中实施安死术的人员需要符合下列哪项要求？
A.具备生物学专业学历即可实施
B.未受过培训的研究人员在指导记录备案后实施
C.通过专门的安死术培训考核
D.持有普通动物护理资格证书的人员也可实施
【思考过程】：",C,DeepSeek-V3,"【思考过程】：本题考查动物实验中实施安死术的人员资质要求。根据实验动物福利和伦理规范，实施安死术的人员需要具备专业资质，通常必须通过专门的安死术培训考核，以确保操作符合伦理和技术标准。仅具备生物学专业学历或普通动物护理资格证书不足以证明其具备安死术操作能力，未经培训的研究人员即使有指导记录备案也不符合规范。

【最终答案】：C",客观题,C
动物实验,"你是一个严格按照要求答题的医学考试考生。请你先展示出完整的思考过程，然后再输出最终答案。每道题目有至少两个选项（A、B）至多五个选项（A、B、C、D、E），题目为不定项选择题，请按照以下格式作答：

【思考过程】：...

【最终答案】：AB / BCE / CD / DE / E / ...（只输出选项的编号，不要写选项内容）

示例：
题目：医疗伦理中四大基本原则是？
A.尊重自主权
B.善意行为
C.无害原则
D.公正原则
E.以上都不是
【思考过程】：本题考查医学伦理的四大基本原则，包括尊重自主权、不伤害原则、行善原则、公正原则。

【最终答案】：ABCD

题目：以下哪些是实施动物安死术的正确做法？
A.操作前随机确认部分动物信息
B.安死术实施时操作区域有其他动物在场
C.确定死亡后对动物进行无害化处理
D.操作前必须确认每只动物信息
E.操作区域没有其他动物在场
【思考过程】：",CDE,DeepSeek-V3,"【思考过程】：本题考查动物安死术的正确操作规范。根据动物安死术的伦理和操作要求，操作前必须确认每只动物的信息（D正确，A错误）；操作区域不应有其他动物在场以避免应激（E正确，B错误）；确定死亡后需进行无害化处理（C正确）。

【最终答案】：CDE",客观题,CDE
动物实验,"你是一个严格按照要求答题的医学考试考生。请你先展示出完整的思考过程，然后再输出最终答案。每道题目有至少两个选项（A、B）至多五个选项（A、B、C、D、E），题目为不定项选择题，请按照以下格式作答：

【思考过程】：...

【最终答案】：AB / BCE / CD / DE / E / ...（只输出选项的编号，不要写选项内容）

示例：
题目：医疗伦理中四大基本原则是？
A.尊重自主权
B.善意行为
C.无害原则
D.公正原则
E.以上都不是
【思考过程】：本题考查医学伦理的四大基本原则，包括尊重自主权、不伤害原则、行善原则、公正原则。

【最终答案】：ABCD

题目：以下哪种情况可被视为非人灵长类动物实验中的合理处死事由？
A.在实验结束时处死健康的恒河猴
B.因实验需求重复处死同一组狨猴
C.处死患有人兽共患病的猕猴
D.在野外观察冲突中处死长臂猿
【思考过程】：",C,DeepSeek-V3,"【思考过程】：本题考查非人灵长类动物实验伦理中的处死事由合理性判断。根据国际动物实验伦理准则（如3R原则：替代、减少、优化）和实验动物福利要求：  
1. A选项（实验结束时处死健康动物）需结合实验设计必要性评估，若无替代方案（如长期观察或领养）且符合伦理审批程序，可能被视为合理，但存在争议。  
2. B选项（重复处死同一组动物）违反实验动物使用最小化原则，属于不合理操作。  
3. C选项（处患人兽共患病的动物）若疾病威胁其他动物或人员安全且无有效治疗手段，可视为合理。  
4. D选项（野外观察冲突中处死）不属于实验范畴，且缺乏必要性依据，违背伦理。  

【最终答案】：AC",客观题,AC
动物实验,"你是一个严格按照要求答题的医学考试考生。请你先展示出完整的思考过程，然后再输出最终答案。每道题目有至少两个选项（A、B）至多五个选项（A、B、C、D、E），题目为不定项选择题，请按照以下格式作答：

【思考过程】：...

【最终答案】：AB / BCE / CD / DE / E / ...（只输出选项的编号，不要写选项内容）

示例：
题目：医疗伦理中四大基本原则是？
A.尊重自主权
B.善意行为
C.无害原则
D.公正原则
E.以上都不是
【思考过程】：本题考查医学伦理的四大基本原则，包括尊重自主权、不伤害原则、行善原则、公正原则。

【最终答案】：ABCD

题目：人道终点确定中的“权衡性原则”主要强调以下哪一要点？
A.最大化实验的潜在经济利益
B.平衡科学价值与动物所受伤害
C.优先保障实验效率以缩短周期
D.不论条件均以人道主义为最高原则
【思考过程】：",B,DeepSeek-V3,"【思考过程】：本题考查人道终点确定中的“权衡性原则”核心要点。该原则的核心是平衡科学研究的必要性与实验动物所受的痛苦/伤害，而非经济利益（A）、实验效率（C）或无条件人道主义（D是绝对化表述，不符合“权衡”概念）。

【最终答案】：B",客观题,B
动物实验,"你是一个严格按照要求答题的医学考试考生。请你先展示出完整的思考过程，然后再输出最终答案。每道题目有至少两个选项（A、B）至多五个选项（A、B、C、D、E），题目为不定项选择题，请按照以下格式作答：

【思考过程】：...

【最终答案】：AB / BCE / CD / DE / E / ...（只输出选项的编号，不要写选项内容）

示例：
题目：医疗伦理中四大基本原则是？
A.尊重自主权
B.善意行为
C.无害原则
D.公正原则
E.以上都不是
【思考过程】：本题考查医学伦理的四大基本原则，包括尊重自主权、不伤害原则、行善原则、公正原则。

【最终答案】：ABCD

题目：根据人道终点确定原则，以下哪些做法符合伤窖最小化原则？
A.实验前预先评估动物可能经历的疼痛强度
B.在实验达到科学目标后延长动物观察时间
C.将动物濒死状态作为核心实验数据来源
D.优先选择疼痛等级较低的实验方法
E.允许实验动物自然死亡以收集终末指标
【思考过程】：",AD,DeepSeek-V3,"【思考过程】：本题考查人道终点确定原则中的伤害最小化原则。根据该原则，应尽量减少实验动物的痛苦和伤害。A选项“实验前预先评估动物可能经历的疼痛强度”符合预先评估风险的要求；D选项“优先选择疼痛等级较低的实验方法”直接体现伤害最小化原则。B选项“延长观察时间”可能增加不必要的痛苦；C选项“濒死状态作为数据来源”和E选项“自然死亡”均违背及时终止痛苦的原则，不符合人道终点要求。

【最终答案】：AD",客观题,AD
动物实验,"你是一个严格按照要求答题的医学考试考生。请你先展示出完整的思考过程，然后再输出最终答案。每道题目有至少两个选项（A、B）至多五个选项（A、B、C、D、E），题目为不定项选择题，请按照以下格式作答：

【思考过程】：...

【最终答案】：AB / BCE / CD / DE / E / ...（只输出选项的编号，不要写选项内容）

示例：
题目：医疗伦理中四大基本原则是？
A.尊重自主权
B.善意行为
C.无害原则
D.公正原则
E.以上都不是
【思考过程】：本题考查医学伦理的四大基本原则，包括尊重自主权、不伤害原则、行善原则、公正原则。

【最终答案】：ABCD

题目：以下哪项符合人道终点确定原则中的“持续优化原则”要求？
A.实验初期确定人道终点后不再变更
B.仅在遇到伦理审查压力时调整实验终点
C.在确保科学目标的情况下定期评估和减少动物痛苦
D.以实验操作便利性为首要优化方向
【思考过程】：",C,DeepSeek-V3,"【思考过程】：
1. 首先明确“人道终点确定原则”的核心是减少动物痛苦并确保科学有效性，其“持续优化原则”要求动态调整和改进实验方案。
2. 分析选项：
   - A（实验初期确定后不再变更）：违背“持续优化”的动态性要求；
   - B（仅因伦理审查压力调整）：被动调整，未体现主动优化；
   - C（定期评估和减少痛苦）：符合主动、动态优化以减少痛苦的要求；
   - D（以操作便利性为首要）：违背人道终点以动物福利优先的原则。
3. 排除A、B、D，C为正确选项且唯一符合题意。

【最终答案】：C",客观题,C
动物实验,"你是一个严格按照要求答题的医学考试考生。请你先展示出完整的思考过程，然后再输出最终答案。每道题目有至少两个选项（A、B）至多五个选项（A、B、C、D、E），题目为不定项选择题，请按照以下格式作答：

【思考过程】：...

【最终答案】：AB / BCE / CD / DE / E / ...（只输出选项的编号，不要写选项内容）

示例：
题目：医疗伦理中四大基本原则是？
A.尊重自主权
B.善意行为
C.无害原则
D.公正原则
E.以上都不是
【思考过程】：本题考查医学伦理的四大基本原则，包括尊重自主权、不伤害原则、行善原则、公正原则。

【最终答案】：ABCD

题目：确定人道终点时，以下哪个因素不属于必须关注的范畴？
A.动物可能出现的结果和副作用
B.副作用的持续时间
C.副作用发生的时序过程
D.研究经费来源
E.副作用的早期预测指标
【思考过程】：",BD,DeepSeek-V3,"【思考过程】：本题考查人道终点的确定标准。人道终点是指在动物实验中，为了减少动物痛苦而设定的实验终止点。其核心关注点是动物福利，包括动物可能承受的痛苦、副作用的严重程度、持续时间、时序过程以及早期预测指标等。研究经费来源与动物福利无关，不属于人道终点关注的范畴。

【最终答案】：D",客观题,D
动物实验,"你是一个严格按照要求答题的医学考试考生。请你先展示出完整的思考过程，然后再输出最终答案。每道题目有至少两个选项（A、B）至多五个选项（A、B、C、D、E），题目为不定项选择题，请按照以下格式作答：

【思考过程】：...

【最终答案】：AB / BCE / CD / DE / E / ...（只输出选项的编号，不要写选项内容）

示例：
题目：医疗伦理中四大基本原则是？
A.尊重自主权
B.善意行为
C.无害原则
D.公正原则
E.以上都不是
【思考过程】：本题考查医学伦理的四大基本原则，包括尊重自主权、不伤害原则、行善原则、公正原则。

【最终答案】：ABCD

题目：关于动物实验的人道终点原则，以下哪项做法符合伦理规范？
A.终止实验必须经过伦理委员会特别许可
B.在实验目标达成后立即提前终止实验
C.允许实验动物在完成全部数据收集后自然死亡
D.实验全程强制使用镇痛药物后再实施安乐死
【思考过程】：",B,DeepSeek-V3,"【思考过程】：本题考查动物实验的人道终点原则。人道终点原则强调在达到实验目的后，应尽早终止实验以减少动物痛苦。选项B符合这一原则，即在实验目标达成后立即提前终止实验，避免不必要的痛苦。选项D虽然使用了镇痛药物和安乐死，但强制使用可能不符合实际需求，且未体现""提前终止""的核心原则。选项A的""特别许可""可能延误终止时机，选项C的""自然死亡""违背了减少痛苦的原则。

【最终答案】：B",客观题,B
动物实验,"你是一个严格按照要求答题的医学考试考生。请你先展示出完整的思考过程，然后再输出最终答案。每道题目有至少两个选项（A、B）至多五个选项（A、B、C、D、E），题目为不定项选择题，请按照以下格式作答：

【思考过程】：...

【最终答案】：AB / BCE / CD / DE / E / ...（只输出选项的编号，不要写选项内容）

示例：
题目：医疗伦理中四大基本原则是？
A.尊重自主权
B.善意行为
C.无害原则
D.公正原则
E.以上都不是
【思考过程】：本题考查医学伦理的四大基本原则，包括尊重自主权、不伤害原则、行善原则、公正原则。

【最终答案】：ABCD

题目：在人道终点计划中,必须合理解释以下哪些内容？
A.使用濒死/死亡的替代方法; B.允许濒死动物的最低数量依据; C.濒死动物是否采取止痛措施; D.未实施安乐死的濒死期数据采集说明
【思考过程】：",BD,DeepSeek-V3,"【思考过程】：本题考查人道终点计划中必须合理解释的内容。人道终点计划的核心是减少动物痛苦并确保科学合理性，因此需要明确：A（替代方法的合理性）、B（最低数量依据的伦理必要性）、C（止痛措施的人道性保障）和D（数据采集的科学性说明）。以上四点均为确保实验伦理和科学严谨性的关键要素。

【最终答案】：ABCD",客观题,ABCD
动物实验,"你是一个严格按照要求答题的医学考试考生。请你先展示出完整的思考过程，然后再输出最终答案。每道题目有至少两个选项（A、B）至多五个选项（A、B、C、D、E），题目为不定项选择题，请按照以下格式作答：

【思考过程】：...

【最终答案】：AB / BCE / CD / DE / E / ...（只输出选项的编号，不要写选项内容）

示例：
题目：医疗伦理中四大基本原则是？
A.尊重自主权
B.善意行为
C.无害原则
D.公正原则
E.以上都不是
【思考过程】：本题考查医学伦理的四大基本原则，包括尊重自主权、不伤害原则、行善原则、公正原则。

【最终答案】：ABCD

题目：以下哪项做法违反了动物实验中人道终点选择的相关法规要求？
A.在实验中对动物的疼痛、焦虑进行全面评估并于濒死前终止实验
B.仅监测动物的疼痛和痛苦，未关注其抑郁状态但仍在死亡前结束实验
C.在充分满足科研目标的前提下提前终止已出现严重发病症状的动物实验
D.为确保数据完整性，在动物死亡后记录全部病理反应再结束实验
【思考过程】：",BD,DeepSeek-V3,"【思考过程】：本题考查动物实验中人道终点选择的原则。人道终点要求在动物实验中对动物的疼痛、痛苦、焦虑、抑郁等状态进行全面评估，并在濒死前或出现严重不可逆症状时终止实验（A、C符合要求）。B选项未关注抑郁状态但仍在死亡前结束实验，虽不完美但未直接违反法规。D选项延迟至动物死亡后记录数据，完全违背人道终点选择的核心要求（避免不必要的痛苦和死亡）。

【最终答案】：D",客观题,D
动物实验,"你是一个严格按照要求答题的医学考试考生。请你先展示出完整的思考过程，然后再输出最终答案。每道题目有至少两个选项（A、B）至多五个选项（A、B、C、D、E），题目为不定项选择题，请按照以下格式作答：

【思考过程】：...

【最终答案】：AB / BCE / CD / DE / E / ...（只输出选项的编号，不要写选项内容）

示例：
题目：医疗伦理中四大基本原则是？
A.尊重自主权
B.善意行为
C.无害原则
D.公正原则
E.以上都不是
【思考过程】：本题考查医学伦理的四大基本原则，包括尊重自主权、不伤害原则、行善原则、公正原则。

【最终答案】：ABCD

题目：关于动物实验计划的制定形式，下列描述正确的是？
A.必须独立成文且与实验方案完全分离
B.无需专门制定计划但需口头说明
C.可作为实验方案中的一部分
D.需要定期重新制定但无需原有计划存档
【思考过程】：",C,DeepSeek-V3,"【思考过程】：本题考查动物实验计划的制定形式要求。根据科研伦理和动物实验规范的要求，动物实验计划需要系统性和可追溯性。A选项“完全分离”过于绝对，实际允许与实验方案整合；B选项“口头说明”不符合书面记录的要求；C选项描述合理，计划可作为实验方案的一部分；D选项“无需原有计划存档”错误，需保留历史记录以备审查。

【最终答案】：C",客观题,C
动物实验,"你是一个严格按照要求答题的医学考试考生。请你先展示出完整的思考过程，然后再输出最终答案。每道题目有至少两个选项（A、B）至多五个选项（A、B、C、D、E），题目为不定项选择题，请按照以下格式作答：

【思考过程】：...

【最终答案】：AB / BCE / CD / DE / E / ...（只输出选项的编号，不要写选项内容）

示例：
题目：医疗伦理中四大基本原则是？
A.尊重自主权
B.善意行为
C.无害原则
D.公正原则
E.以上都不是
【思考过程】：本题考查医学伦理的四大基本原则，包括尊重自主权、不伤害原则、行善原则、公正原则。

【最终答案】：ABCD

题目：在制定动物实验计划时，哪些内容必须明确列出？
A.实验的科学目的
B.试验参与人员的资质证明
C.主要评价指标的时间进程
D.终止动物实验的判定时机
E.超重度疼痛标准的人道终点科学依据
【思考过程】：",ACDE,DeepSeek-V3,"【思考过程】：本题考查动物实验计划的必要内容。根据动物实验伦理和规范要求，实验的科学目的（A）是必须明确的核心内容，以证明实验的必要性；主要评价指标的时间进程（C）涉及实验设计的科学性；终止动物实验的判定时机（D）和超重度疼痛标准的人道终点科学依据（E）均属于动物福利和伦理的强制性要求。试验参与人员的资质证明（B）虽重要，但通常属于人员管理文件，不一定在实验计划中详细列出。

【最终答案】：ACDE",客观题,ACDE
动物实验,"你是一个严格按照要求答题的医学考试考生。请你先展示出完整的思考过程，然后再输出最终答案。每道题目有至少两个选项（A、B）至多五个选项（A、B、C、D、E），题目为不定项选择题，请按照以下格式作答：

【思考过程】：...

【最终答案】：AB / BCE / CD / DE / E / ...（只输出选项的编号，不要写选项内容）

示例：
题目：医疗伦理中四大基本原则是？
A.尊重自主权
B.善意行为
C.无害原则
D.公正原则
E.以上都不是
【思考过程】：本题考查医学伦理的四大基本原则，包括尊重自主权、不伤害原则、行善原则、公正原则。

【最终答案】：ABCD

题目：根据相关法规，制定实验动物观察计划时必须考量以下哪项因素？
A.实验所需资金预算
B.实验的具体类型
C.动物的品种及体重
D.实验研究内容的核心步骤
E.动物预期要承受的疼痛影响程度
【思考过程】：",BDE,DeepSeek-V3,"【思考过程】：本题考查实验动物观察计划的制定要求。根据实验动物伦理和法规要求，实验动物观察计划必须考虑实验类型（B）、动物品种及体重（C）以确定适宜的观察指标和条件，以及动物预期承受的疼痛程度（E）以符合伦理审查的3R原则（替代、减少、优化）。资金预算（A）属于管理范畴，非观察计划的核心要素；研究内容的核心步骤（D）属于实验设计，与观察计划的直接关联性较弱。

【最终答案】：BCE",客观题,BCE
动物实验,"你是一个严格按照要求答题的医学考试考生。请你先展示出完整的思考过程，然后再输出最终答案。每道题目有至少两个选项（A、B）至多五个选项（A、B、C、D、E），题目为不定项选择题，请按照以下格式作答：

【思考过程】：...

【最终答案】：AB / BCE / CD / DE / E / ...（只输出选项的编号，不要写选项内容）

示例：
题目：医疗伦理中四大基本原则是？
A.尊重自主权
B.善意行为
C.无害原则
D.公正原则
E.以上都不是
【思考过程】：本题考查医学伦理的四大基本原则，包括尊重自主权、不伤害原则、行善原则、公正原则。

【最终答案】：ABCD

题目：当实验动物达到人道终点时，以下哪种情况必须规定安乐死的时机和方式？
A.动物表现出疼痛但能通过药物有效控制
B.能够通过手术完全解除动物的痛苦
C.无法以任何方式解除动物的疼痛或痛苦
D.实验尚未结束但动物处于轻度不适中
【思考过程】：",C,DeepSeek-V3,"【思考过程】：本题考查“人道终点”和安乐死的应用原则。根据实验动物伦理要求，安乐死的核心标准是动物无法通过任何方式解除疼痛或痛苦（即无法避免持续性痛苦），且该状态已达到实验允许的终点。  
- A选项：疼痛可通过药物控制，无需立即安乐死。  
- B选项：可通过手术解除痛苦，无需安乐死。  
- C选项：完全无法解除痛苦，**必须**实施安乐死。  
- D选项：轻度不适未达到人道终点标准，可通过调整实验方案缓解。  

【最终答案】：C",客观题,C
动物实验,"你是一个严格按照要求答题的医学考试考生。请你先展示出完整的思考过程，然后再输出最终答案。每道题目有至少两个选项（A、B）至多五个选项（A、B、C、D、E），题目为不定项选择题，请按照以下格式作答：

【思考过程】：...

【最终答案】：AB / BCE / CD / DE / E / ...（只输出选项的编号，不要写选项内容）

示例：
题目：医疗伦理中四大基本原则是？
A.尊重自主权
B.善意行为
C.无害原则
D.公正原则
E.以上都不是
【思考过程】：本题考查医学伦理的四大基本原则，包括尊重自主权、不伤害原则、行善原则、公正原则。

【最终答案】：ABCD

题目：以下哪项是IACUC在审批人道终点时需要审核的信息？
A.参与人员的年龄分布
B.制定动物奖励机制
C.观察频率的设定
D.人员分工的安排
E.提供动物娱乐设施
【思考过程】：",CD,DeepSeek-V3,"【思考过程】：IACUC（机构动物护理和使用委员会）在审批人道终点时需要审核与动物福利和实验伦理直接相关的信息。A选项“参与人员的年龄分布”与实验动物福利无关；B选项“制定动物奖励机制”和E选项“提供动物娱乐设施”不属于人道终点的核心审核内容；C选项“观察频率的设定”直接关系到及时发现动物痛苦并实施人道终点；D选项“人员分工的安排”可能涉及实施人道终点的责任分配，属于相关审核内容。

【最终答案】：CD",客观题,CD
动物实验,"你是一个严格按照要求答题的医学考试考生。请你先展示出完整的思考过程，然后再输出最终答案。每道题目有至少两个选项（A、B）至多五个选项（A、B、C、D、E），题目为不定项选择题，请按照以下格式作答：

【思考过程】：...

【最终答案】：AB / BCE / CD / DE / E / ...（只输出选项的编号，不要写选项内容）

示例：
题目：医疗伦理中四大基本原则是？
A.尊重自主权
B.善意行为
C.无害原则
D.公正原则
E.以上都不是
【思考过程】：本题考查医学伦理的四大基本原则，包括尊重自主权、不伤害原则、行善原则、公正原则。

【最终答案】：ABCD

题目：以下哪项信息是人道终点审批时IACUC必须获取的内容？
A.是否使用镇痛药物的详细记录
B.研究开始前明确的人员分工情况
C.动物遭受痛苦最严重的时间点判断依据
D.动物饲养环境的温湿度标准
E.观察频次在研究周期和痛苦期的具体规定
【思考过程】：",BCE,DeepSeek-V3,"【思考过程】：本题考查IACUC（机构动物护理和使用委员会）在人道终点审批时必须获取的信息。根据动物实验伦理要求，人道终点的核心是减轻动物痛苦，因此必须重点关注与动物疼痛、痛苦评估及缓解措施相关的信息。分析选项：A（镇痛药物使用记录）直接关联痛苦缓解措施，是必要信息；C（痛苦最严重时间点判断依据）是设定人道终点的关键标准；E（观察频次规定）确保及时干预动物痛苦状态。B（人员分工）属于实验管理流程，D（温湿度标准）是基础饲养条件，二者与人道终点判定无直接关联。

【最终答案】：ACE",客观题,ACE
动物实验,"你是一个严格按照要求答题的医学考试考生。请你先展示出完整的思考过程，然后再输出最终答案。每道题目有至少两个选项（A、B）至多五个选项（A、B、C、D、E），题目为不定项选择题，请按照以下格式作答：

【思考过程】：...

【最终答案】：AB / BCE / CD / DE / E / ...（只输出选项的编号，不要写选项内容）

示例：
题目：医疗伦理中四大基本原则是？
A.尊重自主权
B.善意行为
C.无害原则
D.公正原则
E.以上都不是
【思考过程】：本题考查医学伦理的四大基本原则，包括尊重自主权、不伤害原则、行善原则、公正原则。

【最终答案】：ABCD

题目：以下哪些属于IACUC审批人道终点时必须获得的信息？
A.研究团队的样本数量统计表
B.观察频率（包括重点时期）
C.饲养环境的温度范围
D.明确的处笠流程预案
E.研究人员的事先分工安排
【思考过程】：",BDE,DeepSeek-V3,"【思考过程】：本题考查IACUC（机构动物照顾和使用委员会）审批人道终点时必须获得的信息要点。人道终点的审批需要确保动物在实验过程中的福利，避免不必要的痛苦。关键要素包括：  
1. **观察频率（B）**：必须明确监测动物状态的频率，尤其在关键时期，以便及时干预。  
2. **明确的处笠流程预案（D）**：需提前制定人道终点的执行方案，确保动物在达到终点时被及时、无痛苦地处笠。  
其他选项：  
- A（样本数量统计表）与研究规模相关，但与人道终点审批无直接联系。  
- C（饲养环境温度）属常规饲养条件，非人道终点的核心审批内容。  
- E（研究人员分工）属操作管理，非必要审批信息。  

【最终答案】：BD",客观题,BD
动物实验,"你是一个严格按照要求答题的医学考试考生。请你先展示出完整的思考过程，然后再输出最终答案。每道题目有至少两个选项（A、B）至多五个选项（A、B、C、D、E），题目为不定项选择题，请按照以下格式作答：

【思考过程】：...

【最终答案】：AB / BCE / CD / DE / E / ...（只输出选项的编号，不要写选项内容）

示例：
题目：医疗伦理中四大基本原则是？
A.尊重自主权
B.善意行为
C.无害原则
D.公正原则
E.以上都不是
【思考过程】：本题考查医学伦理的四大基本原则，包括尊重自主权、不伤害原则、行善原则、公正原则。

【最终答案】：ABCD

题目：以下哪些信息属于IACUC审批人道终点时必须获取的科学依据？
A.动物遭受意料之外的痛苦时的血液检测报告
B.预计动物从出现疼痛到死亡的时间
C.观察设备校准记录
D.研究人员分工的书面文件
E.指标列表
【思考过程】：",BDE,DeepSeek-V3,"【思考过程】：本题考查IACUC（机构动物护理和使用委员会）审批人道终点时所需的科学依据。人道终点的核心是评估和减轻动物痛苦，因此需要与动物疼痛、痛苦或死亡相关的科学数据。  
1. 选项A（血液检测报告）可直接反映动物的生理状态，属于科学依据；  
2. 选项B（预计疼痛到死亡的时间）是评估动物痛苦持续时间的直接依据；  
3. 选项C（设备校准记录）属于实验设备管理内容，与人道终点的科学依据无关；  
4. 选项D（研究人员分工）属于行政管理文件，与科学依据无关；  
5. 选项E（指标列表）若未明确与动物痛苦相关，则不属于必要依据。  

【最终答案】：AB",客观题,AB
动物实验,"你是一个严格按照要求答题的医学考试考生。请你先展示出完整的思考过程，然后再输出最终答案。每道题目有至少两个选项（A、B）至多五个选项（A、B、C、D、E），题目为不定项选择题，请按照以下格式作答：

【思考过程】：...

【最终答案】：AB / BCE / CD / DE / E / ...（只输出选项的编号，不要写选项内容）

示例：
题目：医疗伦理中四大基本原则是？
A.尊重自主权
B.善意行为
C.无害原则
D.公正原则
E.以上都不是
【思考过程】：本题考查医学伦理的四大基本原则，包括尊重自主权、不伤害原则、行善原则、公正原则。

【最终答案】：ABCD

题目：作为人道终点审批的科学依据，IACUC应获取以下哪些信息？
A.研究开展后动物活动区域的环境监测数据
B.动物从出现疼痛或应激到死亡的预计时间
C.动物是否达到每日饮食摄入标准
D.痛苦最严重时间点的预测依据
E.观察结果报告制度的建立情况
【思考过程】：",BDE,DeepSeek-V3,"【思考过程】：本题考查IACUC（实验动物管理与使用委员会）审批人道终点的科学依据。人道终点的核心是减少动物痛苦，因此需要重点关注与动物疼痛、应激、死亡时间及监测制度相关的信息。  
1. **A选项**（环境监测数据）：与环境相关，但不是直接评估动物痛苦或人道的核心依据。  
2. **B选项**（疼痛/应激到死亡的预计时间）：直接关系到是否需提前实施人道终点以避免动物持续痛苦，是关键依据。  
3. **C选项**（每日饮食摄入标准）：属于常规健康监测，非人道终点的直接判定依据。  
4. **D选项**（最严重痛苦时间点的预测依据）：直接关联动物痛苦的评估，是人道终点决策的核心科学依据之一。  
5. **E选项**（观察结果报告制度）：确保及时发现动物痛苦状态，是实施人道终点的制度保障，属于必要信息。  

综上，直接关联人道终点审批的核心依据为B、D、E。

【最终答案】：BDE",客观题,BDE
动物实验,"你是一个严格按照要求答题的医学考试考生。请你先展示出完整的思考过程，然后再输出最终答案。每道题目有至少两个选项（A、B）至多五个选项（A、B、C、D、E），题目为不定项选择题，请按照以下格式作答：

【思考过程】：...

【最终答案】：AB / BCE / CD / DE / E / ...（只输出选项的编号，不要写选项内容）

示例：
题目：医疗伦理中四大基本原则是？
A.尊重自主权
B.善意行为
C.无害原则
D.公正原则
E.以上都不是
【思考过程】：本题考查医学伦理的四大基本原则，包括尊重自主权、不伤害原则、行善原则、公正原则。

【最终答案】：ABCD

题目：以下哪项不属于IACUC作为人道终点审批需要获得的科学依据？
A.人道终点的科学合理性
B.动物出现疼痛或应激到死亡的时间预测
C.明确的人员分工
D.确定动物的疼痛阈值
E.观察和记录人员名单
【思考过程】：",D,DeepSeek-V3,"【思考过程】：本题考查IACUC（机构动物护理和使用委员会）在审批人道终点时所需的科学依据。人道终点的审批需要基于科学依据，以确保动物在实验过程中受到最小程度的痛苦。选项A（人道终点的科学合理性）是核心依据；选项B（动物出现疼痛或应激到死亡的时间预测）和选项D（确定动物的疼痛阈值）是直接相关的科学依据。而选项C（明确的人员分工）和选项E（观察和记录人员名单）属于实验操作管理的范畴，不属于科学依据。

【最终答案】：CE",客观题,CE
动物实验,"你是一个严格按照要求答题的医学考试考生。请你先展示出完整的思考过程，然后再输出最终答案。每道题目有至少两个选项（A、B）至多五个选项（A、B、C、D、E），题目为不定项选择题，请按照以下格式作答：

【思考过程】：...

【最终答案】：AB / BCE / CD / DE / E / ...（只输出选项的编号，不要写选项内容）

示例：
题目：医疗伦理中四大基本原则是？
A.尊重自主权
B.善意行为
C.无害原则
D.公正原则
E.以上都不是
【思考过程】：本题考查医学伦理的四大基本原则，包括尊重自主权、不伤害原则、行善原则、公正原则。

【最终答案】：ABCD

题目：下列哪一项不属于IACUC要求人道终点审批时必须评估的内容？
A.人道终点的科学合理性
B.观察和记录人员名单
C.动物遭受意料之外的痛苦时的处理流程
D.研究人员是否具备动物观察能力
E.项目成本效益分析
【思考过程】：",E,DeepSeek-V3,"【思考过程】：本题考查IACUC（机构动物护理和使用委员会）对人道终点审批的评估内容。人道终点的审批需要评估其科学合理性（A）、动物痛苦时的处理流程（C）、研究人员的观察能力（D）等，以确保动物福利。观察和记录人员名单（B）是实验管理的一部分，但不属于人道终点审批的核心评估内容。项目成本效益分析（E）与动物福利无关，不属于人道终点的评估范畴。

【最终答案】：BE",客观题,BE
动物实验,"你是一个严格按照要求答题的医学考试考生。请你先展示出完整的思考过程，然后再输出最终答案。每道题目有至少两个选项（A、B）至多五个选项（A、B、C、D、E），题目为不定项选择题，请按照以下格式作答：

【思考过程】：...

【最终答案】：AB / BCE / CD / DE / E / ...（只输出选项的编号，不要写选项内容）

示例：
题目：医疗伦理中四大基本原则是？
A.尊重自主权
B.善意行为
C.无害原则
D.公正原则
E.以上都不是
【思考过程】：本题考查医学伦理的四大基本原则，包括尊重自主权、不伤害原则、行善原则、公正原则。

【最终答案】：ABCD

题目：IACUC在审批人道终点时，需要获得以下哪些信息作为科学依据？
A.从实验开始至动物死亡的时间
B.观察和记录人员名单
C.是否定期反馈动物痛苦程度
D.研究开展前的明确人员分工
E.意外痛苦时的安乐死流程
【思考过程】：",BDE,DeepSeek-V3,"【思考过程】：本题考查IACUC（机构动物护理和使用委员会）审批人道终点时所需的科学依据。人道终点的核心是评估和减轻动物痛苦，因此需要以下关键信息：  
1. **从实验开始至动物死亡的时间（A）**：这是评估动物痛苦时长和严重程度的重要指标。  
2. **是否定期反馈动物痛苦程度（C）**：持续监测痛苦程度是确定人道终点的直接依据。  
3. **意外痛苦时的安乐死流程（E）**：必须明确如何实施安乐死以减少不必要的痛苦。  
其他选项（B、D）涉及人员分工和记录，虽与实验管理相关，但非直接支持人道终点的科学依据。  

【最终答案】：ACE",客观题,ACE
动物实验,"你是一个严格按照要求答题的医学考试考生。请你先展示出完整的思考过程，然后再输出最终答案。每道题目有至少两个选项（A、B）至多五个选项（A、B、C、D、E），题目为不定项选择题，请按照以下格式作答：

【思考过程】：...

【最终答案】：AB / BCE / CD / DE / E / ...（只输出选项的编号，不要写选项内容）

示例：
题目：医疗伦理中四大基本原则是？
A.尊重自主权
B.善意行为
C.无害原则
D.公正原则
E.以上都不是
【思考过程】：本题考查医学伦理的四大基本原则，包括尊重自主权、不伤害原则、行善原则、公正原则。

【最终答案】：ABCD

题目：以下哪些属于IACUC在人道终点审批时必须获得的科学依据信息？
A.预计动物出现疼痛后的人道干预时间
B.动物疼痛缓解药物的标准化使用流程
C.研究人员家属的联系方式
D.若未知动物痛苦持续时间是否需要开展预实验
E.实验中未预期的动物痛苦处置流程
【思考过程】：",DE,DeepSeek-V3,"【思考过程】：本题考查IACUC（机构动物护理和使用委员会）在审批人道终点时必须获得的科学依据信息。根据IACUC的审查要求，关键信息包括：A（预计动物出现疼痛后的人道干预时间，直接关联动物福利）、B（疼痛缓解药物的标准化流程，确保人道措施可执行）、D（未知痛苦持续时间时需预实验，属于科学必要性评估）、E（未预期痛苦的处置流程，属于应急预案）。C（研究人员家属联系方式）与动物实验伦理无关，属于无关选项。

【最终答案】：ABDE",客观题,ABDE
动物实验,"你是一个严格按照要求答题的医学考试考生。请你先展示出完整的思考过程，然后再输出最终答案。每道题目有至少两个选项（A、B）至多五个选项（A、B、C、D、E），题目为不定项选择题，请按照以下格式作答：

【思考过程】：...

【最终答案】：AB / BCE / CD / DE / E / ...（只输出选项的编号，不要写选项内容）

示例：
题目：医疗伦理中四大基本原则是？
A.尊重自主权
B.善意行为
C.无害原则
D.公正原则
E.以上都不是
【思考过程】：本题考查医学伦理的四大基本原则，包括尊重自主权、不伤害原则、行善原则、公正原则。

【最终答案】：ABCD

题目：实验负责人需确保参与实验的人员符合以下哪项要求？
A.完成人道终点相关安全操作演练
B.参加人道终点定期讲座
C.签署动物实验知情同意书
D.通过人道终点知识考核
E.接受人道终点知识培训
【思考过程】：",DE,DeepSeek-V3,"【思考过程】：本题考查实验负责人对参与实验人员的要求。根据实验伦理和标准操作规程，参与实验的人员需要具备相关的知识和技能，以确保实验的伦理性和安全性。A选项提到完成安全操作演练，这是确保实验操作安全的重要步骤。B选项的定期讲座有助于知识的更新和巩固。C选项的签署知情同意书是伦理实验的基本要求。D选项的通过知识考核可以确保参与人员具备必要的理论知识。E选项的接受知识培训是获取必要知识的前提。

【最终答案】：ABCDE",客观题,ABCDE
动物实验,"你是一个严格按照要求答题的医学考试考生。请你先展示出完整的思考过程，然后再输出最终答案。每道题目有至少两个选项（A、B）至多五个选项（A、B、C、D、E），题目为不定项选择题，请按照以下格式作答：

【思考过程】：...

【最终答案】：AB / BCE / CD / DE / E / ...（只输出选项的编号，不要写选项内容）

示例：
题目：医疗伦理中四大基本原则是？
A.尊重自主权
B.善意行为
C.无害原则
D.公正原则
E.以上都不是
【思考过程】：本题考查医学伦理的四大基本原则，包括尊重自主权、不伤害原则、行善原则、公正原则。

【最终答案】：ABCD

题目：在动物实验中，当出现未曾预料的剧烈疼痛导致痛苦程度明显超过预先评估阈值时，正确的操作流程是什么？
A.立即终止实验并销毁实验数据
B.如实记录疼痛现象但继续实验流程
C.记录现象后未与兽医沟通直接终止实验
D.汇报研究人员并等待会议讨论处理方案
E.详细记录后报告兽医并经评估提前终止实验
【思考过程】：",E,DeepSeek-V3,"【思考过程】：本题考查动物实验伦理和操作规范。根据动物实验伦理原则，当实验动物出现剧烈疼痛或痛苦超过预期时，应优先考虑动物福利。选项A立即终止实验并销毁数据过于极端，未保留必要研究数据不符合科研规范；选项B继续实验流程违背伦理；选项C未与兽医沟通直接终止实验缺乏专业评估；选项D等待会议讨论可能延误处理；选项E详细记录后报告兽医并经评估提前终止实验，既符合伦理要求又遵循科研规范，是最佳选择。

【最终答案】：E",客观题,E
动物实验,"你是一个严格按照要求答题的医学考试考生。请你先展示出完整的思考过程，然后再输出最终答案。每道题目有至少两个选项（A、B）至多五个选项（A、B、C、D、E），题目为不定项选择题，请按照以下格式作答：

【思考过程】：...

【最终答案】：AB / BCE / CD / DE / E / ...（只输出选项的编号，不要写选项内容）

示例：
题目：医疗伦理中四大基本原则是？
A.尊重自主权
B.善意行为
C.无害原则
D.公正原则
E.以上都不是
【思考过程】：本题考查医学伦理的四大基本原则，包括尊重自主权、不伤害原则、行善原则、公正原则。

【最终答案】：ABCD

题目：在动物实验的审查和监管中，以下哪些属于需要避免的不必要伤害？
A.因实验设计缺陷引发的伤害
B.不可抗力自然因素引发的伤害
C.人员操作不当引发的偶发性伤害
D.实验操作的继发性伤害
E.实验结束后对动物的安乐死处理
【思考过程】：",ACD,DeepSeek-V3,"【思考过程】：本题考查动物实验伦理中“避免不必要伤害”的核心原则。根据3R原则（减少、替代、优化），需重点避免人为可控的伤害：  
- A选项（实验设计缺陷）属于可避免的系统性错误；  
- C选项（操作不当）属于可避免的人为失误；  
- D选项（继发性伤害）通常与实验操作直接相关，需通过优化方案避免；  
- B选项（自然因素）非人为可控，不属于审查监管范畴；  
- E选项（安乐死）是符合伦理的实验终点处理方式，不属于“不必要伤害”。  

【最终答案】：ACD",客观题,ACD
动物实验,"你是一个严格按照要求答题的医学考试考生。请你先展示出完整的思考过程，然后再输出最终答案。每道题目有至少两个选项（A、B）至多五个选项（A、B、C、D、E），题目为不定项选择题，请按照以下格式作答：

【思考过程】：...

【最终答案】：AB / BCE / CD / DE / E / ...（只输出选项的编号，不要写选项内容）

示例：
题目：医疗伦理中四大基本原则是？
A.尊重自主权
B.善意行为
C.无害原则
D.公正原则
E.以上都不是
【思考过程】：本题考查医学伦理的四大基本原则，包括尊重自主权、不伤害原则、行善原则、公正原则。

【最终答案】：ABCD

题目：在采购实验动物时，需要供应商提供的资料应包括以下哪些？
A.动物疫苗接种时间表
B.实验动物合格证明
C.动物的遗传背景或来源信息
D.质量级别检测报告
E.动物历史训练记录
【思考过程】：",BCD,DeepSeek-V3,"【思考过程】：本题考查实验动物采购时供应商需提供的必要资料。根据实验动物管理规范，供应商必须提供：1.实验动物合格证明（B），用于确认动物符合实验标准；2.动物的遗传背景或来源信息（C），这对实验设计的科学性和可重复性至关重要；3.质量级别检测报告（D），证明动物达到特定实验要求的等级。疫苗接种时间表（A）仅在某些特定病原体实验时需要，动物历史训练记录（E）仅适用于行为学实验等特殊需求，两者均非必需材料。

【最终答案】：BCD",客观题,BCD
动物实验,"你是一个严格按照要求答题的医学考试考生。请你先展示出完整的思考过程，然后再输出最终答案。每道题目有至少两个选项（A、B）至多五个选项（A、B、C、D、E），题目为不定项选择题，请按照以下格式作答：

【思考过程】：...

【最终答案】：AB / BCE / CD / DE / E / ...（只输出选项的编号，不要写选项内容）

示例：
题目：医疗伦理中四大基本原则是？
A.尊重自主权
B.善意行为
C.无害原则
D.公正原则
E.以上都不是
【思考过程】：本题考查医学伦理的四大基本原则，包括尊重自主权、不伤害原则、行善原则、公正原则。

【最终答案】：ABCD

题目：以下哪种情形符合实验动物法规要求？
A.动物行为异常，但排除对人类有危害的病原体
B.排除对人类有危害的病原体，但生理指标异常
C.动物外观异常但经检测无致病病原体
D.动物无人类危害病原体，外观正常且生理指标正常
E.排除所有已知病原体但存在未知病毒
【思考过程】：",D,DeepSeek-V3,"【思考过程】：本题考查实验动物法规的要求。根据实验动物法规，实验动物应当符合以下标准：1. 健康状况良好，无异常行为或外观；2. 生理指标正常；3. 排除对人类有危害的病原体。选项A中动物行为异常，不符合健康标准；选项B中生理指标异常，不符合健康标准；选项C中外观异常，不符合健康标准；选项E中存在未知病毒，可能存在潜在危害。只有选项D完全符合实验动物法规的要求。

【最终答案】：D",客观题,D
动物实验,"你是一个严格按照要求答题的医学考试考生。请你先展示出完整的思考过程，然后再输出最终答案。每道题目有至少两个选项（A、B）至多五个选项（A、B、C、D、E），题目为不定项选择题，请按照以下格式作答：

【思考过程】：...

【最终答案】：AB / BCE / CD / DE / E / ...（只输出选项的编号，不要写选项内容）

示例：
题目：医疗伦理中四大基本原则是？
A.尊重自主权
B.善意行为
C.无害原则
D.公正原则
E.以上都不是
【思考过程】：本题考查医学伦理的四大基本原则，包括尊重自主权、不伤害原则、行善原则、公正原则。

【最终答案】：ABCD

题目：以下做法是否符合规定？实验室对患非传染病的动物未经检查和科学论证就决定将其淘汰。
A.正确
B.错误
【思考过程】：",B,DeepSeek-V3,"【思考过程】：本题考查实验室动物管理的伦理和规定。根据实验动物管理条例和伦理要求，即使动物患有非传染病，也需经过科学评估和论证才能决定是否淘汰，不能未经检查就随意处置。

【最终答案】：B",客观题,B
动物实验,"你是一个严格按照要求答题的医学考试考生。请你先展示出完整的思考过程，然后再输出最终答案。每道题目有至少两个选项（A、B）至多五个选项（A、B、C、D、E），题目为不定项选择题，请按照以下格式作答：

【思考过程】：...

【最终答案】：AB / BCE / CD / DE / E / ...（只输出选项的编号，不要写选项内容）

示例：
题目：医疗伦理中四大基本原则是？
A.尊重自主权
B.善意行为
C.无害原则
D.公正原则
E.以上都不是
【思考过程】：本题考查医学伦理的四大基本原则，包括尊重自主权、不伤害原则、行善原则、公正原则。

【最终答案】：ABCD

题目：在动物实验中，以下哪些要求必须遵守？（多选）
A.笼具采用PVC材质即可通过验收
B.笼具质检需同时满足GB 14925和GB/T 35892
C.实验中必须使用双层不锈钢笼具以保证硬度
D.在确保实验有效性的情况下为动物提供攀爬玩具
E.长期实验应减少动物饲料以控制笼具清洁度
【思考过程】：",BD,DeepSeek-V3,"【思考过程】：
1. 选项A提到笼具采用PVC材质即可通过验收，但根据实验动物环境及设施国家标准，笼具材质需符合更严格的标准，仅PVC材质不一定满足所有要求，因此A不全对。
2. 选项B提到笼具质检需同时满足GB 14925（实验动物环境及设施国家标准）和GB/T 35892（实验动物笼器具通用技术要求），这是正确的，必须遵守。
3. 选项C提出实验中必须使用双层不锈钢笼具以保证硬度，但实际要求中并未强制规定必须使用双层不锈钢笼具，只要符合国家标准即可，因此C不完全正确。
4. 选项D提到在确保实验有效性的情况下为动物提供攀爬玩具，这是符合动物福利要求的，属于必须遵守的原则。
5. 选项E提出长期实验应减少动物饲料以控制笼具清洁度，这与动物福利和实验伦理相违背，不能牺牲动物健康来维持清洁度，因此E是错误的。

【最终答案】：BD",客观题,BD
动物实验,"你是一个严格按照要求答题的医学考试考生。请你先展示出完整的思考过程，然后再输出最终答案。每道题目有至少两个选项（A、B）至多五个选项（A、B、C、D、E），题目为不定项选择题，请按照以下格式作答：

【思考过程】：...

【最终答案】：AB / BCE / CD / DE / E / ...（只输出选项的编号，不要写选项内容）

示例：
题目：医疗伦理中四大基本原则是？
A.尊重自主权
B.善意行为
C.无害原则
D.公正原则
E.以上都不是
【思考过程】：本题考查医学伦理的四大基本原则，包括尊重自主权、不伤害原则、行善原则、公正原则。

【最终答案】：ABCD

题目：下列哪项措施属于动物实验中饲养设备及用具的日常管理要求？
A.定时清洁并记录时间
B.根据材料老化周期更换
C.定期使用紫外线消毒
D.每年两次全面检修
E.自主延长使用周期以减少成本
【思考过程】：",ABC,DeepSeek-V3,"【思考过程】：本题考查动物实验中饲养设备及用具的日常管理要求。根据实验室动物管理规范，设备及用具需要定时清洁并记录时间（A），以确保卫生条件；根据材料老化周期更换（B），防止因老化影响实验或动物健康；定期使用紫外线消毒（C），是常见的消毒方法；全面检修频率需根据使用情况而定，但""每年两次""（D）并非普遍强制要求；""自主延长使用周期以减少成本""（E）违反管理原则，可能危害动物福利和实验质量。

【最终答案】：ABC",客观题,ABC
动物实验,"你是一个严格按照要求答题的医学考试考生。请你先展示出完整的思考过程，然后再输出最终答案。每道题目有至少两个选项（A、B）至多五个选项（A、B、C、D、E），题目为不定项选择题，请按照以下格式作答：

【思考过程】：...

【最终答案】：AB / BCE / CD / DE / E / ...（只输出选项的编号，不要写选项内容）

示例：
题目：医疗伦理中四大基本原则是？
A.尊重自主权
B.善意行为
C.无害原则
D.公正原则
E.以上都不是
【思考过程】：本题考查医学伦理的四大基本原则，包括尊重自主权、不伤害原则、行善原则、公正原则。

【最终答案】：ABCD

题目：动物饲养用具在实验完成或闲置多久后，需重新清洗消毒方可使用？
A.3周
B.1个月
C.2个月
D.3个月
E.无需处理直接使用
【思考过程】：",C,DeepSeek-V3,"【思考过程】：本题考查实验动物饲养用具的消毒管理要求。根据实验室生物安全规范及实验动物管理条例，动物饲养用具在实验完成或闲置后需定期清洗消毒以防止交叉污染或微生物滋生，通常要求闲置超过1个月需重新处理。D选项3个月超出常规管理周期，E选项明显违反规范。  

【最终答案】：B",客观题,B
动物实验,"你是一个严格按照要求答题的医学考试考生。请你先展示出完整的思考过程，然后再输出最终答案。每道题目有至少两个选项（A、B）至多五个选项（A、B、C、D、E），题目为不定项选择题，请按照以下格式作答：

【思考过程】：...

【最终答案】：AB / BCE / CD / DE / E / ...（只输出选项的编号，不要写选项内容）

示例：
题目：医疗伦理中四大基本原则是？
A.尊重自主权
B.善意行为
C.无害原则
D.公正原则
E.以上都不是
【思考过程】：本题考查医学伦理的四大基本原则，包括尊重自主权、不伤害原则、行善原则、公正原则。

【最终答案】：ABCD

题目：根据北京市相关规定，动物实验中必须进行无害化处理的废弃物包括以下哪些项目？
A.污水
B.污物
C.废气
D.动物尸体
E.实验废液
【思考过程】：",ABCD,DeepSeek-V3,"【思考过程】：本题考查北京市关于动物实验中废弃物无害化处理的相关规定。根据《北京市实验动物管理条例》和《北京市动物实验废弃物处理办法》，动物实验产生的废弃物包括污水、污物、废气、动物尸体和实验废液等，均需进行无害化处理。其中，动物尸体和实验废液属于必须严格处理的特殊废弃物，而污水、污物、废气也需符合环保要求进行处理。

【最终答案】：ABCDE",客观题,ABCDE
动物实验,"你是一个严格按照要求答题的医学考试考生。请你先展示出完整的思考过程，然后再输出最终答案。每道题目有至少两个选项（A、B）至多五个选项（A、B、C、D、E），题目为不定项选择题，请按照以下格式作答：

【思考过程】：...

【最终答案】：AB / BCE / CD / DE / E / ...（只输出选项的编号，不要写选项内容）

示例：
题目：医疗伦理中四大基本原则是？
A.尊重自主权
B.善意行为
C.无害原则
D.公正原则
E.以上都不是
【思考过程】：本题考查医学伦理的四大基本原则，包括尊重自主权、不伤害原则、行善原则、公正原则。

【最终答案】：ABCD

题目：下列哪项不属于使用保定装置时的法定要求？
A.根据动物大小和行为习性配置保定装置
B.提前对动物进行适应性训练
C.采用人员安全防护措施
D.必须超过动物福利的最低标准
E.可忽略保定前的动物行为观察
【思考过程】：",C,DeepSeek-V3,"【思考过程】：本题考查使用保定装置时的法定要求。根据动物医疗操作规范，使用保定装置时需要：1.根据动物个体差异（如体型、性格）选择合适的装置（A符合）；2.部分情况下需提前训练动物适应保定（B符合）；3.必须保障操作人员安全（C符合）；4.应满足动物福利的基本标准而非""超过""（D错误）；5.保定前观察动物行为是必要步骤（E错误）。因此不属于法定要求的是违背基本规范或过度要求的选项。

【最终答案】：DE",客观题,DE
动物实验,"你是一个严格按照要求答题的医学考试考生。请你先展示出完整的思考过程，然后再输出最终答案。每道题目有至少两个选项（A、B）至多五个选项（A、B、C、D、E），题目为不定项选择题，请按照以下格式作答：

【思考过程】：...

【最终答案】：AB / BCE / CD / DE / E / ...（只输出选项的编号，不要写选项内容）

示例：
题目：医疗伦理中四大基本原则是？
A.尊重自主权
B.善意行为
C.无害原则
D.公正原则
E.以上都不是
【思考过程】：本题考查医学伦理的四大基本原则，包括尊重自主权、不伤害原则、行善原则、公正原则。

【最终答案】：ABCD

题目：以下哪些原则属于动物实验中选择麻醉和镇痛方法时应遵循的要求？
A.麻醉和镇痛效果最好
B.毒副作用最小
C.对实验结果干扰最小
D.更为安全、经济及方便的方法
E.建有相关应急技术预案
F.优先使用成本最低的方案以节约经费
G.无需根据动物种类差异调整方法
【思考过程】：",ABCDE,DeepSeek-V3,"【思考过程】：本题考查动物实验中麻醉和镇痛方法的选择原则。根据动物实验伦理要求，应优先考虑麻醉和镇痛的效果（A）、尽量减少毒副作用（B）、减少对实验结果的干扰（C），同时也要考虑方法的实用性（D）和安全性（E）。F选项错误，因为成本最低的方案不一定符合伦理和科学要求；G选项错误，因为不同动物种类可能需要不同的麻醉和镇痛方法。

【最终答案】：ABCDE",客观题,ABCDE
动物实验,"你是一个严格按照要求答题的医学考试考生。请你先展示出完整的思考过程，然后再输出最终答案。每道题目有至少两个选项（A、B）至多五个选项（A、B、C、D、E），题目为不定项选择题，请按照以下格式作答：

【思考过程】：...

【最终答案】：AB / BCE / CD / DE / E / ...（只输出选项的编号，不要写选项内容）

示例：
题目：医疗伦理中四大基本原则是？
A.尊重自主权
B.善意行为
C.无害原则
D.公正原则
E.以上都不是
【思考过程】：本题考查医学伦理的四大基本原则，包括尊重自主权、不伤害原则、行善原则、公正原则。

【最终答案】：ABCD

题目：动物实验伦理审查中，以下哪些措施能够确保符合“麻醉和镇痛效果切实可靠”的要求？
A.实验全程监测动物呼吸和心率以评估镇痛深度
B.选择持续时间覆盖实验全过程的缓释麻醉剂
C.实验后检查动物无挣扎或呜叫痕迹
D.每日调整动物饮食量以匹配麻醉代谢需求
E.使用一种被国际指南推荐的麻醉剂但未核对剂量
【思考过程】：",ABC,DeepSeek-V3,"【思考过程】：
本题考查动物实验伦理审查中如何确保“麻醉和镇痛效果切实可靠”的具体措施。需要逐项分析：
A. 监测呼吸和心率是客观评估麻醉/镇痛深度的必要手段，符合要求；
B. 缓释麻醉剂确保全程覆盖，避免术中觉醒，是可靠措施；
C. 术后检查动物行为可间接验证麻醉效果，但属事后评估，不能替代术中保障；
D. 调整饮食量与麻醉效果无直接关联，属于干扰项；
E. 未核对剂量可能导致用药不足或过量，违反可靠性原则。

须同时满足：（1）术中实时监测（A）；（2）麻醉方法本身可靠（B）；（3）排除明显违规操作（E错误）。C虽有一定意义但非关键措施。

【最终答案】：AB",客观题,AB
动物实验,"你是一个严格按照要求答题的医学考试考生。请你先展示出完整的思考过程，然后再输出最终答案。每道题目有至少两个选项（A、B）至多五个选项（A、B、C、D、E），题目为不定项选择题，请按照以下格式作答：

【思考过程】：...

【最终答案】：AB / BCE / CD / DE / E / ...（只输出选项的编号，不要写选项内容）

示例：
题目：医疗伦理中四大基本原则是？
A.尊重自主权
B.善意行为
C.无害原则
D.公正原则
E.以上都不是
【思考过程】：本题考查医学伦理的四大基本原则，包括尊重自主权、不伤害原则、行善原则、公正原则。

【最终答案】：ABCD

题目：在动物实验中，哪种情况下应立即实施仁慈终点或停止实验？
A.动物出现中度疼痛但实验预计24小时内完成
B.动物实验已经失败且无法获得有效数据
C.动物出现无法治愈的剧烈疼痛且实验无法继续
D.即将完成实验但需再收集一周数据
E.动物出现间歇性轻微不适但可自行恢复
【思考过程】：",BC,DeepSeek-V3,"【思考过程】：本题考查动物实验伦理中的仁慈终点原则。仁慈终点是指在实验过程中，当动物出现无法缓解的痛苦或实验目的无法实现时，应提前终止实验以减少动物痛苦。根据选项分析：
A.中度疼痛但实验即将完成（24小时内）——可观察暂不终止  
B.实验已失败且无有效数据——符合仁慈终点（实验无意义）  
C.无法治愈的剧烈疼痛且实验无法继续——必须立即终止  
D.即将完成但需延长一周——不符合仁慈终点（非必要延长）  
E.间歇性轻微不适且可自愈——无需终止  

【最终答案】：BC",客观题,BC
动物实验,"你是一个严格按照要求答题的医学考试考生。请你先展示出完整的思考过程，然后再输出最终答案。每道题目有至少两个选项（A、B）至多五个选项（A、B、C、D、E），题目为不定项选择题，请按照以下格式作答：

【思考过程】：...

【最终答案】：AB / BCE / CD / DE / E / ...（只输出选项的编号，不要写选项内容）

示例：
题目：医疗伦理中四大基本原则是？
A.尊重自主权
B.善意行为
C.无害原则
D.公正原则
E.以上都不是
【思考过程】：本题考查医学伦理的四大基本原则，包括尊重自主权、不伤害原则、行善原则、公正原则。

【最终答案】：ABCD

题目：在实验动物安乐死流程中，关于死亡确认环节的职责划分，以下哪项正确？
A.操作人员负责直接确认动物不可逆死亡
B.实验动物兽医师独立完成所有死亡确认
C.兽医师仅需指导操作人员进行死亡确认检查
D.未确认死亡时允许暂时存放动物
【思考过程】：",A,DeepSeek-V3,"【思考过程】：本题考查实验动物安乐死流程中死亡确认环节的职责划分。根据实验动物福利和伦理要求：  
1. 直接操作人员应负责初步确认动物死亡（如心跳呼吸停止），但需由经过培训的人员或兽医师进行不可逆死亡的最终确认（A部分正确，但需进一步确认）。  
2. 兽医师通常不独立完成所有确认，而是监督或指导操作人员（B错误）。  
3. 兽医师的职责包括指导操作人员规范检查（C正确）。  
4. 未确认死亡前严禁存放动物（D违反伦理）。  

综上，操作人员与兽医师需协作完成确认，但C描述更符合常规流程。  

【最终答案】：AC",客观题,AC
动物实验,"你是一个严格按照要求答题的医学考试考生。请你先展示出完整的思考过程，然后再输出最终答案。每道题目有至少两个选项（A、B）至多五个选项（A、B、C、D、E），题目为不定项选择题，请按照以下格式作答：

【思考过程】：...

【最终答案】：AB / BCE / CD / DE / E / ...（只输出选项的编号，不要写选项内容）

示例：
题目：医疗伦理中四大基本原则是？
A.尊重自主权
B.善意行为
C.无害原则
D.公正原则
E.以上都不是
【思考过程】：本题考查医学伦理的四大基本原则，包括尊重自主权、不伤害原则、行善原则、公正原则。

【最终答案】：ABCD

题目：以下哪项行为违反了动物安乐死操作规范？
A.在施工区域隔离区执行安乐死时，实验员独自在场处理实验犬
B.实施安乐死后未彻底消毒器械，导致医疗废物污染养殖区水源
C.让一名医学专业学生在无防护状态下旁观仓鼠安乐死过程
D.其他实验室的未受训人员进入操作室指导记录
【思考过程】：",BCD,DeepSeek-V3,"【思考过程】：本题考查动物安乐死操作规范的违反行为。根据规范要求：  
1. **A选项**：实验犬安乐死需有监督或协助人员在场（防止操作失误或突发情况），独自操作违反规范。  
2. **B选项**：器械消毒不彻底导致污染属于严重违反生物安全及环保规定。  
3. **C选项**：旁观无需防护，但若涉及传染性样本则需防护，题干未明确说明，但“无防护”在一般情境下不直接违反规范（存疑，但其他选项更明确）。  
4. **D选项**：未受训人员参与核心操作（如指导）直接违反资质管理要求。  

最明确违反规范的是A、B、D。C选项的“无防护”若为无害操作则合规，但结合题干“违反”倾向，可能不选。  

【最终答案】：ABD",客观题,ABD
动物实验,"你是一个严格按照要求答题的医学考试考生。请你先展示出完整的思考过程，然后再输出最终答案。每道题目有至少两个选项（A、B）至多五个选项（A、B、C、D、E），题目为不定项选择题，请按照以下格式作答：

【思考过程】：...

【最终答案】：AB / BCE / CD / DE / E / ...（只输出选项的编号，不要写选项内容）

示例：
题目：医疗伦理中四大基本原则是？
A.尊重自主权
B.善意行为
C.无害原则
D.公正原则
E.以上都不是
【思考过程】：本题考查医学伦理的四大基本原则，包括尊重自主权、不伤害原则、行善原则、公正原则。

【最终答案】：ABCD

题目：下列哪项要求不属于动物实验数据保存的规范？
A.数据允许经过美工处理以提升可读性
B.保存期限内可重现实验步骤顺序
C.数据记录要求完整且规范
D.允许用日常口语描述关键参数
E.数据应具有可溯源性
【思考过程】：",AD,DeepSeek-V3,"【思考过程】：本题考查动物实验数据保存的规范要求。根据科研伦理和规范，实验数据需满足以下核心要求：  
1. **真实性**（不允许人为美化或篡改，排除A的“美工处理”）；  
2. **可重现性**（B的“重现实验步骤顺序”是必要要求）；  
3. **完整性与规范性**（C符合要求）；  
4. **术语标准化**（D的“日常口语”违反规范）；  
5. **可溯源性**（E是基本要求）。  

选项中A（美化数据）、D（非专业描述）明显违背规范。  

【最终答案】：AD",客观题,AD
动物实验,"你是一个严格按照要求答题的医学考试考生。请你先展示出完整的思考过程，然后再输出最终答案。每道题目有至少两个选项（A、B）至多五个选项（A、B、C、D、E），题目为不定项选择题，请按照以下格式作答：

【思考过程】：...

【最终答案】：AB / BCE / CD / DE / E / ...（只输出选项的编号，不要写选项内容）

示例：
题目：医疗伦理中四大基本原则是？
A.尊重自主权
B.善意行为
C.无害原则
D.公正原则
E.以上都不是
【思考过程】：本题考查医学伦理的四大基本原则，包括尊重自主权、不伤害原则、行善原则、公正原则。

【最终答案】：ABCD

题目：以下哪些情况违反了动物实验设施管理的相关规定？
A.使用已过期三个月的实验动物许可证进行实验
B.正在申请许可证但未获得便开展实验
C.实验在许可证有效期内完成，两天后许可证过期
D.许可证有效期剩余一个月时计划下月开始长期实验
E.未取得实验动物使用许可证
【思考过程】：",ABDE,DeepSeek-V3,"【思考过程】：本题考查动物实验设施管理的相关规定。根据规定，进行动物实验必须持有有效的实验动物许可证。选项A中许可证已过期三个月，属于无证操作；选项B中未获得许可证便开展实验，属于无证操作；选项C中实验在许可证有效期内完成，虽然两天后许可证过期，但实验期间许可证有效，不违规；选项D中许可证剩余一个月时计划下月开始实验，但下月许可证已过期，属于无证操作；选项E中未取得许可证，属于无证操作。

【最终答案】：ABDE",客观题,ABDE
动物实验,"你是一个严格按照要求答题的医学考试考生。请你先展示出完整的思考过程，然后再输出最终答案。每道题目有至少两个选项（A、B）至多五个选项（A、B、C、D、E），题目为不定项选择题，请按照以下格式作答：

【思考过程】：...

【最终答案】：AB / BCE / CD / DE / E / ...（只输出选项的编号，不要写选项内容）

示例：
题目：医疗伦理中四大基本原则是？
A.尊重自主权
B.善意行为
C.无害原则
D.公正原则
E.以上都不是
【思考过程】：本题考查医学伦理的四大基本原则，包括尊重自主权、不伤害原则、行善原则、公正原则。

【最终答案】：ABCD

题目：哪项做法违反了动物实验的相关法规要求？
A.实验开始前未通过伦理审查但追加提交了申请材料
B.基于科学创新性为由豁免伦理审查流程
C.主动公开审查通过的实验方案摘要
D.实验中途修改方案后重新申请审查
【思考过程】：",B,DeepSeek-V3,"【思考过程】：本题考查动物实验伦理法规的合规性。根据国际和国内相关规定：A项未通过伦理审查即开始实验属于违规，即使追加申请也不合规；B项任何情况下都不能豁免伦理审查，科学创新性不是豁免理由；C项公开方案摘要是合规的透明化措施；D项修改方案后重新申请审查是合规流程。

【最终答案】：AB",客观题,AB
动物实验,"你是一个严格按照要求答题的医学考试考生。请你先展示出完整的思考过程，然后再输出最终答案。每道题目有至少两个选项（A、B）至多五个选项（A、B、C、D、E），题目为不定项选择题，请按照以下格式作答：

【思考过程】：...

【最终答案】：AB / BCE / CD / DE / E / ...（只输出选项的编号，不要写选项内容）

示例：
题目：医疗伦理中四大基本原则是？
A.尊重自主权
B.善意行为
C.无害原则
D.公正原则
E.以上都不是
【思考过程】：本题考查医学伦理的四大基本原则，包括尊重自主权、不伤害原则、行善原则、公正原则。

【最终答案】：ABCD

题目：以下哪些属于动物实验应遵循的伦理原则？
A. 减少使用动物数量
B. 尊重动物自主权
C. 优化实验流程
D. 及时补充实验动物
E. 采用非动物替代方法
【思考过程】：",ACE,DeepSeek-V3,"【思考过程】：本题考查动物实验伦理原则，主要包括3R原则：Replacement（替代）、Reduction（减少）、Refinement（优化）。选项A对应Reduction（减少），选项C对应Refinement（优化），选项E对应Replacement（替代）。选项B“尊重动物自主权”不符合动物实验伦理原则，选项D“及时补充实验动物”与伦理原则无关。

【最终答案】：ACE",客观题,ACE
动物实验,"你是一个严格按照要求答题的医学考试考生。请你先展示出完整的思考过程，然后再输出最终答案。每道题目有至少两个选项（A、B）至多五个选项（A、B、C、D、E），题目为不定项选择题，请按照以下格式作答：

【思考过程】：...

【最终答案】：AB / BCE / CD / DE / E / ...（只输出选项的编号，不要写选项内容）

示例：
题目：医疗伦理中四大基本原则是？
A.尊重自主权
B.善意行为
C.无害原则
D.公正原则
E.以上都不是
【思考过程】：本题考查医学伦理的四大基本原则，包括尊重自主权、不伤害原则、行善原则、公正原则。

【最终答案】：ABCD

题目：以下哪些信息属于服务机构对委托方的保密义务范围？
A.技术秘密
B.商业秘密
C.研发数据
D.客户名单
E.员工个人信息
【思考过程】：",AB,DeepSeek-V3,"【思考过程】：本题考查服务机构对委托方的保密义务范围。保密义务通常包括技术秘密、商业秘密、研发数据、客户名单等与委托方业务相关的敏感信息。员工个人信息虽然也需要保护，但通常不属于对委托方的保密义务范围，而是涉及个人隐私保护。

【最终答案】：ABCD",客观题,ABCD
动物实验,"你是一个严格按照要求答题的医学考试考生。请你先展示出完整的思考过程，然后再输出最终答案。每道题目有至少两个选项（A、B）至多五个选项（A、B、C、D、E），题目为不定项选择题，请按照以下格式作答：

【思考过程】：...

【最终答案】：AB / BCE / CD / DE / E / ...（只输出选项的编号，不要写选项内容）

示例：
题目：医疗伦理中四大基本原则是？
A.尊重自主权
B.善意行为
C.无害原则
D.公正原则
E.以上都不是
【思考过程】：本题考查医学伦理的四大基本原则，包括尊重自主权、不伤害原则、行善原则、公正原则。

【最终答案】：ABCD

题目：当动物实验方案需要修改时，以下哪一流程符合法规要求？
A.修改部分经合作单方确认即可实施
B.双方确认修改后直接执行新方案
C.修改后立即报伦理部门审查但无需双方确认
D.经合作双方确认并报伦理部门审查后修改
E.按新方案执行并事后提交报告
【思考过程】：",D,DeepSeek-V3,"【思考过程】：本题考查动物实验方案修改的合规流程。根据国际和国内动物实验伦理规范，方案修改需要两个关键步骤：一是合作双方的共同确认（确保科学性和可行性），二是必须提交伦理部门审查（确保符合伦理要求）。直接执行或事后报告（A/B/E）缺乏监管，单方确认或跳过审查（A/C）违反程序公正性。

【最终答案】：D",客观题,D
动物实验,"你是一个严格按照要求答题的医学考试考生。请你先展示出完整的思考过程，然后再输出最终答案。每道题目有至少两个选项（A、B）至多五个选项（A、B、C、D、E），题目为不定项选择题，请按照以下格式作答：

【思考过程】：...

【最终答案】：AB / BCE / CD / DE / E / ...（只输出选项的编号，不要写选项内容）

示例：
题目：医疗伦理中四大基本原则是？
A.尊重自主权
B.善意行为
C.无害原则
D.公正原则
E.以上都不是
【思考过程】：本题考查医学伦理的四大基本原则，包括尊重自主权、不伤害原则、行善原则、公正原则。

【最终答案】：ABCD

题目：关于动物实验记录和报告的处理方式，以下哪项符合法规要求？
A.实验记录可公开供其他机构查阅，B.服务机构密封存档实验记录，C.按服务机构内部规定的期限保存，D.无需密封但需永久保存，E.按与委托方约定的期限保存
【思考过程】：",BE,DeepSeek-V3,"【思考过程】：本题考查动物实验记录和报告的处理方式的法规要求。根据相关法规，动物实验记录通常需要保密，不应随意公开（排除A）。实验记录需要按照规定的期限保存，不一定需要永久保存（排除D）。服务机构通常需要将实验记录密封存档（B符合），并按内部规定或与委托方约定的期限保存（C和E符合）。  

【最终答案】：BCE",客观题,BCE
动物实验,"你是一个严格按照要求答题的医学考试考生。请你先展示出完整的思考过程，然后再输出最终答案。每道题目有至少两个选项（A、B）至多五个选项（A、B、C、D、E），题目为不定项选择题，请按照以下格式作答：

【思考过程】：...

【最终答案】：AB / BCE / CD / DE / E / ...（只输出选项的编号，不要写选项内容）

示例：
题目：医疗伦理中四大基本原则是？
A.尊重自主权
B.善意行为
C.无害原则
D.公正原则
E.以上都不是
【思考过程】：本题考查医学伦理的四大基本原则，包括尊重自主权、不伤害原则、行善原则、公正原则。

【最终答案】：ABCD

题目：以下哪种情形违反动物实验的必要性原则？
A.为验证新药物有效性设计合理对照组实验
B.为降低研究成本重复开展已得出明确结论的实验
C.因样本量不足需要重新进行验证性实验
D.重复实验多次以提高数据统计学差异
【思考过程】：",BD,DeepSeek-V3,"【思考过程】：本题考查动物实验的必要性原则，即必须确保实验的科学性和必要性，避免不必要的动物使用和痛苦。选项A是合理的设计对照组实验，符合必要性原则；选项B是重复已明确结论的实验，浪费动物资源，违反必要性原则；选项C是因样本量不足而重新验证，属于科学需求，符合必要性原则；选项D是单纯为提高统计学差异而重复实验，缺乏科学必要性，违反该原则。

【最终答案】：BD",客观题,BD
动物实验,"你是一个严格按照要求答题的医学考试考生。请你先展示出完整的思考过程，然后再输出最终答案。每道题目有至少两个选项（A、B）至多五个选项（A、B、C、D、E），题目为不定项选择题，请按照以下格式作答：

【思考过程】：...

【最终答案】：AB / BCE / CD / DE / E / ...（只输出选项的编号，不要写选项内容）

示例：
题目：医疗伦理中四大基本原则是？
A.尊重自主权
B.善意行为
C.无害原则
D.公正原则
E.以上都不是
【思考过程】：本题考查医学伦理的四大基本原则，包括尊重自主权、不伤害原则、行善原则、公正原则。

【最终答案】：ABCD

题目：在动物实验中，下列哪些属于3R原则的核心内容？
A.循环利用（Recycle）
B.替代（Replacement）
C.重复（Repetition）
D.减少（Reduction）
E.优化（Refinement）
【思考过程】：",BDE,DeepSeek-V3,"【思考过程】：本题考查3R原则的核心内容。3R原则是指替代（Replacement）、减少（Reduction）和优化（Refinement），旨在减少动物实验中的伦理和科学问题。选项A和C不属于3R原则的核心内容。

【最终答案】：BDE",客观题,BDE
动物实验,"你是一个严格按照要求答题的医学考试考生。请你先展示出完整的思考过程，然后再输出最终答案。每道题目有至少两个选项（A、B）至多五个选项（A、B、C、D、E），题目为不定项选择题，请按照以下格式作答：

【思考过程】：...

【最终答案】：AB / BCE / CD / DE / E / ...（只输出选项的编号，不要写选项内容）

示例：
题目：医疗伦理中四大基本原则是？
A.尊重自主权
B.善意行为
C.无害原则
D.公正原则
E.以上都不是
【思考过程】：本题考查医学伦理的四大基本原则，包括尊重自主权、不伤害原则、行善原则、公正原则。

【最终答案】：ABCD

题目：以下哪些属于实验动物五项福利自由的范畴？（多选）
A.自由选择实验处理方式
B.能够表达自然行为的自由
C.免受痛苦和疾病的自由
D.免受饥渴的自由
E.免受恐惧和压抑的自由
【思考过程】：",BCDE,DeepSeek-V3,"【思考过程】：本题考查实验动物五项福利自由的内容。实验动物福利五项自由包括：1. 免受饥渴的自由（通过提供充足的食物和水）；2. 免受不适的自由（提供适宜的环境）；3. 免受痛苦、伤害和疾病的自由（预防或快速诊治）；4. 表达自然行为的自由（提供足够的空间和设施）；5. 免受恐惧和压抑的自由（保证心理舒适）。选项A""自由选择实验处理方式""不属于这五项自由。

【最终答案】：BCDE",客观题,BCDE
动物实验,"你是一个严格按照要求答题的医学考试考生。请你先展示出完整的思考过程，然后再输出最终答案。每道题目有至少两个选项（A、B）至多五个选项（A、B、C、D、E），题目为不定项选择题，请按照以下格式作答：

【思考过程】：...

【最终答案】：AB / BCE / CD / DE / E / ...（只输出选项的编号，不要写选项内容）

示例：
题目：医疗伦理中四大基本原则是？
A.尊重自主权
B.善意行为
C.无害原则
D.公正原则
E.以上都不是
【思考过程】：本题考查医学伦理的四大基本原则，包括尊重自主权、不伤害原则、行善原则、公正原则。

【最终答案】：ABCD

题目：以下哪些表述符合实验动物伦理原则的具体要求？
A.用高速离心机终止实验动物生命以减少痛苦
B.为提升研究效率将同一批实验动物连续使用30个工作日
C.采用符合国际兽医标准的麻醉镇痛方案
D.要求实验人员自行承担全部生物安全风险
E.委托未取得资质的第三方机构处理实验动物尸体
【思考过程】：",AC,DeepSeek-V3,"【思考过程】：本题考查实验动物伦理原则的具体要求。根据实验动物伦理原则，应尽量减少实验动物的痛苦和不适（A选项符合，高速离心机可快速无痛终止生命）；禁止过度使用实验动物（B选项不符合，连续使用30个工作日属于过度使用）；必须采用规范的麻醉和镇痛方案（C选项符合）；实验人员的安全应得到保障（D选项不符合，不应自行承担全部风险）；实验动物尸体处理需由有资质的机构按规定进行（E选项不符合，未取得资质不得处理）。

【最终答案】：AC",客观题,AC
动物实验,"你是一个严格按照要求答题的医学考试考生。请你先展示出完整的思考过程，然后再输出最终答案。每道题目有至少两个选项（A、B）至多五个选项（A、B、C、D、E），题目为不定项选择题，请按照以下格式作答：

【思考过程】：...

【最终答案】：AB / BCE / CD / DE / E / ...（只输出选项的编号，不要写选项内容）

示例：
题目：医疗伦理中四大基本原则是？
A.尊重自主权
B.善意行为
C.无害原则
D.公正原则
E.以上都不是
【思考过程】：本题考查医学伦理的四大基本原则，包括尊重自主权、不伤害原则、行善原则、公正原则。

【最终答案】：ABCD

题目：以下哪些属于必须遵守的动物实验操作规范？
A.对活体动物手术时进行有效麻醉
B.对活体动物手术时进行适当麻醉
C.动物存活性手术中无菌操作
D.术后恢复期进行镇痛
E.术后恢复期无需调整饮食
【思考过程】：",ACD,DeepSeek-V3,"【思考过程】：本题考查动物实验操作的伦理和规范。根据国际通行的动物实验伦理原则（如3R原则），必须保证动物福利和减少痛苦。选项A和B都提到麻醉，但“有效麻醉”比“适当麻醉”更准确且符合强制要求；C项无菌操作是存活手术的基本要求；D项术后镇痛是减轻痛苦的必需措施；E项错误，术后饮食需根据动物状态调整。

【最终答案】：ACD",客观题,ACD
动物实验,"你是一个严格按照要求答题的医学考试考生。请你先展示出完整的思考过程，然后再输出最终答案。每道题目有至少两个选项（A、B）至多五个选项（A、B、C、D、E），题目为不定项选择题，请按照以下格式作答：

【思考过程】：...

【最终答案】：AB / BCE / CD / DE / E / ...（只输出选项的编号，不要写选项内容）

示例：
题目：医疗伦理中四大基本原则是？
A.尊重自主权
B.善意行为
C.无害原则
D.公正原则
E.以上都不是
【思考过程】：本题考查医学伦理的四大基本原则，包括尊重自主权、不伤害原则、行善原则、公正原则。

【最终答案】：ABCD

题目：关于动物实验中的保定要求，下列哪项描述不符合伦理规范？
A.保定器具需符合规格适宜及坚固耐用标准
B.在确保实验目标完成的条件下允许增加强制限制时间
C.保定过程应考虑减少动物的应激反应
D.避免使用可能造成卫生隐患的束缚工具
【思考过程】：",B,DeepSeek-V3,"【思考过程】：本题考查动物实验中的伦理规范。根据动物实验伦理原则，保定的要求包括：使用符合规格且坚固耐用的器具（A符合）；尽量减少动物的应激反应（C符合）；避免使用不卫生的束缚工具（D符合）。而B选项""允许增加强制限制时间""违背了减少动物痛苦的伦理原则，不符合规范。

【最终答案】：B",客观题,B
动物实验,"你是一个严格按照要求答题的医学考试考生。请你先展示出完整的思考过程，然后再输出最终答案。每道题目有至少两个选项（A、B）至多五个选项（A、B、C、D、E），题目为不定项选择题，请按照以下格式作答：

【思考过程】：...

【最终答案】：AB / BCE / CD / DE / E / ...（只输出选项的编号，不要写选项内容）

示例：
题目：医疗伦理中四大基本原则是？
A.尊重自主权
B.善意行为
C.无害原则
D.公正原则
E.以上都不是
【思考过程】：本题考查医学伦理的四大基本原则，包括尊重自主权、不伤害原则、行善原则、公正原则。

【最终答案】：ABCD

题目：以下哪些做法符合动物实验处死动物的伦理要求？
A.使用戊巴比妥钠实施安死术后立即处理尸体
B.在犬类处死过程中允许同笼实验犬旁观
C.确认小鼠心跳停止后焚烧尸体
D.对豚鼠采用颈椎脱臼法处死前疏散其他动物
【思考过程】：",D,DeepSeek-V3,"【思考过程】：本题考查动物实验伦理中对处死动物的要求。A选项使用戊巴比妥钠实施安死术符合人道处死原则，且立即处理尸体符合规范；B选项允许同笼实验犬旁观会造成其他动物应激，不符合伦理；C选项确认心跳停止后焚烧是正确处理尸体的方式；D选项在采用颈椎脱臼法前疏散其他动物可减少同类动物的心理创伤，符合伦理。  

【最终答案】：ACD",客观题,ACD
动物实验,"你是一个严格按照要求答题的医学考试考生。请你先展示出完整的思考过程，然后再输出最终答案。每道题目有至少两个选项（A、B）至多五个选项（A、B、C、D、E），题目为不定项选择题，请按照以下格式作答：

【思考过程】：...

【最终答案】：AB / BCE / CD / DE / E / ...（只输出选项的编号，不要写选项内容）

示例：
题目：医疗伦理中四大基本原则是？
A.尊重自主权
B.善意行为
C.无害原则
D.公正原则
E.以上都不是
【思考过程】：本题考查医学伦理的四大基本原则，包括尊重自主权、不伤害原则、行善原则、公正原则。

【最终答案】：ABCD

题目：以下关于动物实验终点的描述，哪项符合伦理规范？
A.实验中应始终以动物的自然死亡作为观察终点，B.在数据不足的情况下允许将死亡作为计划终点，C.该实验必须的极少数情况下，可允许以死亡为终点，D.若动物继续存活可能严重危及研究人员安全时应以死亡为终点
【思考过程】：",C,DeepSeek-V3,"【思考过程】：本题考查动物实验伦理规范中对实验终点的要求。根据国际公认的动物实验伦理原则：
1. 选项A错误，不能以自然死亡为观察终点，这违背了减少痛苦的原则；
2. 选项B错误，不能因数据不足就将死亡设为计划终点；
3. 选项C正确，在极少数必要情况下（如某些致死性疾病研究），经伦理委员会批准可以死亡为终点；
4. 选项D正确，当动物存在严重攻击性或人畜共患病风险时，人道处死符合伦理要求。

【最终答案】：CD",客观题,CD
动物实验,"你是一个严格按照要求答题的医学考试考生。请你先展示出完整的思考过程，然后再输出最终答案。每道题目有至少两个选项（A、B）至多五个选项（A、B、C、D、E），题目为不定项选择题，请按照以下格式作答：

【思考过程】：...

【最终答案】：AB / BCE / CD / DE / E / ...（只输出选项的编号，不要写选项内容）

示例：
题目：医疗伦理中四大基本原则是？
A.尊重自主权
B.善意行为
C.无害原则
D.公正原则
E.以上都不是
【思考过程】：本题考查医学伦理的四大基本原则，包括尊重自主权、不伤害原则、行善原则、公正原则。

【最终答案】：ABCD

题目：某实验室对一批未受实验影响的空白对照组野生动物进行处理时，以下哪项操作符合相关法规要求？
A.直接放归自然栖息地
B.经安全评估后转移到动物园展示
C.经科学检查和安全评估后依法放归栖息地
D.继续用于其他实验项目
E.实施安乐死处理
【思考过程】：",C,DeepSeek-V3,"【思考过程】：
本题考查实验室对空白对照组野生动物的处理规范，需符合伦理和法规要求：
1. 直接放归自然（A）未经过安全评估和科学检查，可能破坏生态或传播疾病，不符合法规。
2. 转移到动物园展示（B）需以安全评估为前提，但法律未强制要求转为展示用途，非最佳选项。
3. 科学检查+安全评估后依法放归（C）是规范流程，确保动物健康和生态安全，符合法规。
4. 继续用于其他实验（D）需重新进行伦理审查，题干未说明新实验合规性，排除。
5. 安乐死（E）需充分必要性理由，空白对照组无实验影响时非首选。

【最终答案】：C",客观题,C
动物实验,"你是一个严格按照要求答题的医学考试考生。请你先展示出完整的思考过程，然后再输出最终答案。每道题目有至少两个选项（A、B）至多五个选项（A、B、C、D、E），题目为不定项选择题，请按照以下格式作答：

【思考过程】：...

【最终答案】：AB / BCE / CD / DE / E / ...（只输出选项的编号，不要写选项内容）

示例：
题目：医疗伦理中四大基本原则是？
A.尊重自主权
B.善意行为
C.无害原则
D.公正原则
E.以上都不是
【思考过程】：本题考查医学伦理的四大基本原则，包括尊重自主权、不伤害原则、行善原则、公正原则。

【最终答案】：ABCD

题目：在动物实验伦理审查中，以下哪项情况会导致项目无法通过审查？
A. 实验方案未包含处死动物的具体操作流程  
B. 实验人员在无专业资质但经实验室内部培训后直接接触实验动物  
C. 提交的实验必要性说明仅列出现有文献结论但无自身项目的验证数据  
D. 基因编辑实验计划将人类神经细胞导入大猩猩胚胎进行脑部发育研究  
E. 动物运输使用常规货车但承诺在运输过程中保持温湿度稳定  
F. 实验方案通过增加重复实验次数来提高统计学效力，但未说明替代动物使用策略
【思考过程】：",BDF,DeepSeek-V3,"【思考过程】：本题考查动物实验伦理审查的核心要求，需根据伦理原则逐项分析：  
1. **A选项**：处死动物的具体操作流程是实验方案的必要部分，缺少该流程可能无法保证动物福利（如无痛处死），违反伦理审查要求。  
2. **B选项**：实验人员需具备专业资质（如实验动物上岗证），仅内部培训不符合规范性要求，可能导致审查不通过。  
3. **C选项**：仅引用文献而无自身验证数据，无法充分证明实验必要性，伦理审查通常要求项目有明确科学价值或创新性。  
4. **D选项**：将人类神经细胞导入大猩猩胚胎涉及物种界限和伦理争议（如“人-动物嵌合体”），多数审查机构会直接否决此类高风险研究。  
5. **E选项**：常规货车无法确保温湿度稳定，承诺不足以替代合规的动物运输条件（如专用车辆），存在动物福利风险。  
6. **F选项**：增加重复次数未优化动物使用量（违反“3R原则”中的“减少”原则），且未说明替代策略（如计算机模拟），属于伦理缺陷。  

综上，A、B、D、E、F均可能导致审查不通过；C项虽科学性不足，但非直接伦理否决点（可能要求补充数据）。  

【最终答案】：ABDEF",客观题,ABDEF
动物实验,"你是一个严格按照要求答题的医学考试考生。请你先展示出完整的思考过程，然后再输出最终答案。每道题目有至少两个选项（A、B）至多五个选项（A、B、C、D、E），题目为不定项选择题，请按照以下格式作答：

【思考过程】：...

【最终答案】：AB / BCE / CD / DE / E / ...（只输出选项的编号，不要写选项内容）

示例：
题目：医疗伦理中四大基本原则是？
A.尊重自主权
B.善意行为
C.无害原则
D.公正原则
E.以上都不是
【思考过程】：本题考查医学伦理的四大基本原则，包括尊重自主权、不伤害原则、行善原则、公正原则。

【最终答案】：ABCD

题目：以下哪种情况会导致实验动物伦理审查不通过？
A.将实验猴的干细胞导入小鼠胚胎研究器官再生
B.活体解剖时未使用麻醉但记录疼痛等级
C.使用基因编辑技术减少实验鱼产生杂交品种
D.未在新型纳米药物测试中体现3R原则
E.为药效评估实施国家禁止的灵长类致盲实验
【思考过程】：",DE,DeepSeek-V3,"【思考过程】：本题考查实验动物伦理审查的标准。根据国际通行的实验动物伦理原则（如3R原则：替代、减少、优化）和伦理审查要求：
A选项：干细胞跨物种研究需严格伦理评估，但未明确违反伦理；  
B选项：活体解剖未使用麻醉直接违反“优化”原则（减轻痛苦）；  
C选项：基因编辑减少杂交属于技术应用，不直接涉及伦理问题；  
D选项：未体现3R原则直接违反伦理审查核心要求；  
E选项：国家禁止的实验必然不通过审查。  

需排除不直接违反伦理的选项（A、C），选择明确违规项（B、D、E）。  

【最终答案】：BDE",客观题,BDE
动物实验,"你是一个严格按照要求答题的医学考试考生。请你先展示出完整的思考过程，然后再输出最终答案。每道题目有至少两个选项（A、B）至多五个选项（A、B、C、D、E），题目为不定项选择题，请按照以下格式作答：

【思考过程】：...

【最终答案】：AB / BCE / CD / DE / E / ...（只输出选项的编号，不要写选项内容）

示例：
题目：医疗伦理中四大基本原则是？
A.尊重自主权
B.善意行为
C.无害原则
D.公正原则
E.以上都不是
【思考过程】：本题考查医学伦理的四大基本原则，包括尊重自主权、不伤害原则、行善原则、公正原则。

【最终答案】：ABCD

题目：以下哪种情况会导致动物实验项目无法通过伦理委员会审查？
A.实验动物的运输车辆温度比规定值低1℃
B.未使用基因编辑技术改良实验动物遗传特征
C.对人类及动物均无实际利益且导致实验动物痛苦的实验
D.未在动物实验后24小时内提交手术记录
E.将人类干细胞导入成年猕猴胚胎培育嵌合体
【思考过程】：",CE,DeepSeek-V3,"【思考过程】：
1. 选项A：实验动物的运输车辆温度比规定值低1℃。虽然不符合规定，但属于轻微偏差，通常不会直接导致项目无法通过审查，可能要求整改即可。
2. 选项B：未使用基因编辑技术改良实验动物遗传特征。这并非伦理审查的必要条件，实验设计是否使用基因编辑技术取决于研究目的，不影响伦理审查结果。
3. 选项C：对人类及动物均无实际利益且导致实验动物痛苦的实验。这直接违反伦理原则中的“有益原则”和“不伤害原则”，必然无法通过审查。
4. 选项D：未在动物实验后24小时内提交手术记录。属于程序违规，但可能通过补交或说明解决，不一定会直接导致项目无法通过。
5. 选项E：将人类干细胞导入成年猕猴胚胎培育嵌合体。涉及物种界限和潜在伦理争议，目前多数伦理委员会会对这类高风险实验持谨慎态度，可能导致审查不通过。

【最终答案】：CE",客观题,CE
动物实验,"你是一个严格按照要求答题的医学考试考生。请你先展示出完整的思考过程，然后再输出最终答案。每道题目有至少两个选项（A、B）至多五个选项（A、B、C、D、E），题目为不定项选择题，请按照以下格式作答：

【思考过程】：...

【最终答案】：AB / BCE / CD / DE / E / ...（只输出选项的编号，不要写选项内容）

示例：
题目：医疗伦理中四大基本原则是？
A.尊重自主权
B.善意行为
C.无害原则
D.公正原则
E.以上都不是
【思考过程】：本题考查医学伦理的四大基本原则，包括尊重自主权、不伤害原则、行善原则、公正原则。

【最终答案】：ABCD

题目：以下哪种情况会导致动物实验项目无法通过伦理审查？
A.实验动物操作人员未定期参加培训
B.实验动物饲料来源不符合国家标准
C.活体解剖时使用物理固定替代麻醉措施
D.开展人类干细胞与动物胚胎嵌合培育研究
【思考过程】：",BCD,DeepSeek-V3,"【思考过程】：本题考查动物实验伦理审查的核心标准。关键点包括：A项（人员培训缺失直接影响操作规范性，违反伦理审查要求）；B项（饲料不合格属于动物福利的基本保障缺失）；C项（物理固定替代麻醉违反减少痛苦的原则，属于严重违规）；D项（人-动物嵌合研究涉及物种界限和伦理争议，多数国家严格限制或禁止）。所有选项均直接触及伦理审查红线。

【最终答案】：ABCD",客观题,ABCD
动物实验,"你是一个严格按照要求答题的医学考试考生。请你先展示出完整的思考过程，然后再输出最终答案。每道题目有至少两个选项（A、B）至多五个选项（A、B、C、D、E），题目为不定项选择题，请按照以下格式作答：

【思考过程】：...

【最终答案】：AB / BCE / CD / DE / E / ...（只输出选项的编号，不要写选项内容）

示例：
题目：医疗伦理中四大基本原则是？
A.尊重自主权
B.善意行为
C.无害原则
D.公正原则
E.以上都不是
【思考过程】：本题考查医学伦理的四大基本原则，包括尊重自主权、不伤害原则、行善原则、公正原则。

【最终答案】：ABCD

题目：以下哪些情况可能导致动物实验项目无法通过伦理委员会的审查？（多选）
A. 实验动物项目的设计未体现3R原则  
B. 直接接触实验动物的人员未完成基础培训但具备相关经验  
C. 动物实验方法符合国际惯例但未经过公众听证会讨论  
D. 在活体解剖中未采取任何麻醉措施  
E. 实验动物饲料来源于非认证供应商，但质量达标
【思考过程】：",AD,DeepSeek-V3,"【思考过程】：本题考查动物实验伦理审查的核心要求。  
1. **3R原则（替代、减少、优化）**是动物实验伦理的核心，未体现则无法通过审查（A正确）。  
2. **人员资质**：直接接触动物的人员必须完成基础培训，仅凭经验不符合规定（B正确）。  
3. **公众听证会**：国际惯例无需公众听证，缺乏此环节不影响审查（C错误）。  
4. **麻醉措施**：活体解剖无麻醉违反动物福利原则（D正确）。  
5. **饲料来源**：若质量达标且不影响动物健康，非认证供应商可能被允许（E错误）。  

【最终答案】：ABD",客观题,ABD
动物实验,"你是一个严格按照要求答题的医学考试考生。请你先展示出完整的思考过程，然后再输出最终答案。每道题目有至少两个选项（A、B）至多五个选项（A、B、C、D、E），题目为不定项选择题，请按照以下格式作答：

【思考过程】：...

【最终答案】：AB / BCE / CD / DE / E / ...（只输出选项的编号，不要写选项内容）

示例：
题目：医疗伦理中四大基本原则是？
A.尊重自主权
B.善意行为
C.无害原则
D.公正原则
E.以上都不是
【思考过程】：本题考查医学伦理的四大基本原则，包括尊重自主权、不伤害原则、行善原则、公正原则。

【最终答案】：ABCD

题目：以下哪种情况会导致动物实验项目无法通过伦理委员会的审查？
A.实验人员未参加培训且违反实验动物福利原则
B.将人类干细胞导入小鼠胚胎研究癌症机制
C.饲养环境导致动物轻度应激但未引发疾病
D.因操作失误轻微违反伦理法规但未造严重后果
【思考过程】：",AB,DeepSeek-V3,"【思考过程】：本题考查动物实验伦理审查不通过的核心标准。根据国际通用的动物实验伦理原则（3R原则：替代、减少、优化）和我国《实验动物管理条例》：
A项明确违反培训要求和动物福利原则（如未减轻痛苦），必然不通过；
B项涉及重大伦理争议（人源化动物需特殊审批），未经充分论证通常不通过；
C项""轻度应激""若经优化后仍不可避免，且实验必要性充分时可能通过；
D项虽属违规但属于可整改的技术性过失，未达否决标准。

【最终答案】：AB",客观题,AB
动物实验,"你是一个严格按照要求答题的医学考试考生。请你先展示出完整的思考过程，然后再输出最终答案。每道题目有至少两个选项（A、B）至多五个选项（A、B、C、D、E），题目为不定项选择题，请按照以下格式作答：

【思考过程】：...

【最终答案】：AB / BCE / CD / DE / E / ...（只输出选项的编号，不要写选项内容）

示例：
题目：医疗伦理中四大基本原则是？
A.尊重自主权
B.善意行为
C.无害原则
D.公正原则
E.以上都不是
【思考过程】：本题考查医学伦理的四大基本原则，包括尊重自主权、不伤害原则、行善原则、公正原则。

【最终答案】：ABCD

题目：以下哪些情况会导致实验动物伦理审查不通过？
A.未提供实验动物生产环境的湿度记录
B.活体解剖时采用局部麻醉但未实施全身麻醉
C.项目申请书中将对照组数量从50组误写为30组
D.运输实验动物的车辆车厢温度超过品种要求标准2℃
E.未制定突发情况下的动物安乐死预案
【思考过程】：",BDE,DeepSeek-V3,"【思考过程】：本题考查实验动物伦理审查不通过的可能原因。根据实验动物伦理审查的要求，任何可能影响实验动物福利或违反伦理原则的行为都可能导致审查不通过。具体分析如下：  
A. 未提供湿度记录：实验动物生产环境（如温湿度）的记录是伦理审查的基本要求，缺失关键数据可能导致审查不通过。  
B. 活体解剖未实施全身麻醉：若局部麻醉无法充分减轻动物痛苦，可能违反“减少痛苦”的伦理原则。  
C. 对照组数量误写：属于申请材料错误，若未造成实际动物数量或福利问题，通常可通过修正，但严重的虚假陈述可能影响审查。  
D. 运输温度超标：违反动物运输的福利标准，直接影响审查结果。  
E. 未制定安乐死预案：突发情况下的动物处置预案是伦理审查的必要内容，缺失该预案可能导致审查不通过。  

综上，A、B、D、E均可能直接导致审查不通过；C的严重性较低，需结合具体情况判断，但题目问“哪些情况会导致”，严格来说C也可能因材料不真实被拒。因此最可能被拒绝的是A、B、D、E。  

【最终答案】：ABDE",客观题,ABDE
动物实验,"你是一个严格按照要求答题的医学考试考生。请你先展示出完整的思考过程，然后再输出最终答案。每道题目有至少两个选项（A、B）至多五个选项（A、B、C、D、E），题目为不定项选择题，请按照以下格式作答：

【思考过程】：...

【最终答案】：AB / BCE / CD / DE / E / ...（只输出选项的编号，不要写选项内容）

示例：
题目：医疗伦理中四大基本原则是？
A.尊重自主权
B.善意行为
C.无害原则
D.公正原则
E.以上都不是
【思考过程】：本题考查医学伦理的四大基本原则，包括尊重自主权、不伤害原则、行善原则、公正原则。

【最终答案】：ABCD

题目：以下哪种情况会导致动物实验伦理审查不通过？
A.实验人员在手术中未选择减少痛苦的安死术处死动物，B.未及时更新实验操作手册版本号，C.使用经过认证的SPF级实验小鼠，D.在手术前48小时停止给动物喂食
【思考过程】：",A,DeepSeek-V3,"【思考过程】：
题目要求选出导致动物实验伦理审查不通过的情况，需要从选项中找到违反动物实验伦理的行为。

A. 实验人员在手术中未选择减少痛苦的安死术处死动物：违反动物实验伦理中的“减少痛苦”原则，属于严重的伦理问题，会导致审查不通过。
B. 未及时更新实验操作手册版本号：属于管理或程序性问题，但通常不会直接导致伦理审查不通过，除非版本号问题涉及重大操作变更。
C. 使用经过认证的SPF级实验小鼠：符合实验动物伦理要求，不会导致审查不通过。
D. 在手术前48小时停止给动物喂食：若停止喂食无科学依据或超出必要时间，可能违反动物福利原则，导致审查不通过。

综上，A和D是直接违反动物实验伦理的行为，会导致审查不通过；B和C不直接违反伦理原则。

【最终答案】：AD",客观题,AD
动物实验,"你是一个严格按照要求答题的医学考试考生。请你先展示出完整的思考过程，然后再输出最终答案。每道题目有至少两个选项（A、B）至多五个选项（A、B、C、D、E），题目为不定项选择题，请按照以下格式作答：

【思考过程】：...

【最终答案】：AB / BCE / CD / DE / E / ...（只输出选项的编号，不要写选项内容）

示例：
题目：医疗伦理中四大基本原则是？
A.尊重自主权
B.善意行为
C.无害原则
D.公正原则
E.以上都不是
【思考过程】：本题考查医学伦理的四大基本原则，包括尊重自主权、不伤害原则、行善原则、公正原则。

【最终答案】：ABCD

题目：以下哪种情况会导致动物实验项目无法通过伦理审查？
A.曾使用过期实验动物饲料但已及时更换
B.实验设计中未明确统计动物处死数量
C.缺少动物实验项目实施的必要性证明材料
D.使用转基因斑马鱼研究心血管发育机制
E.未按规定处理实验引发社会伦理争议的杂交动物
【思考过程】：",CE,DeepSeek-V3,"【思考过程】：本题考查动物实验伦理审查的否决标准。  
A选项：饲料过期后及时整改属于可纠正的次要问题，通常不会直接导致项目否决。  
B选项：未明确处死数量属于实验设计缺陷，涉及动物福利的核心伦理问题，可能导致审查不通过。  
C选项：必要性证明是伦理审查的核心要件，缺失将导致项目无法通过。  
D选项：转基因动物使用本身不违反伦理，需结合具体研究目的判断。  
E选项：涉及社会伦理争议的杂交动物若未合规处理属于重大违规，必然导致审查失败。  

【最终答案】：BCE",客观题,BCE
动物实验,"你是一个严格按照要求答题的医学考试考生。请你先展示出完整的思考过程，然后再输出最终答案。每道题目有至少两个选项（A、B）至多五个选项（A、B、C、D、E），题目为不定项选择题，请按照以下格式作答：

【思考过程】：...

【最终答案】：AB / BCE / CD / DE / E / ...（只输出选项的编号，不要写选项内容）

示例：
题目：医疗伦理中四大基本原则是？
A.尊重自主权
B.善意行为
C.无害原则
D.公正原则
E.以上都不是
【思考过程】：本题考查医学伦理的四大基本原则，包括尊重自主权、不伤害原则、行善原则、公正原则。

【最终答案】：ABCD

题目：关于动物实验伦理审查的情况，下列哪些情形不能被通过？
A.实验动物饲料供应商资质不明但未影响饲料质量，B.解剖犬类时使用过期镇静剂导致动物躁动，C.设计基因编辑实验未评估胚胎杂交的伦理争议，D.项目申请书中动物实验必要性论证仅引用两篇非核心期刊文献
【思考过程】：",BCD,DeepSeek-V3,"【思考过程】：
本题考查动物实验伦理审查的否决标准。根据动物实验伦理原则，以下情况通常不能被通过：
A.饲料供应商资质不明但未影响质量：伦理审查重点关注动物福利和实验规范性，供应商资质不明属于管理缺陷，即使暂时未影响质量也需整改，通常不能直接通过。
B.使用过期镇静剂导致动物躁动：直接违反动物福利原则（引起不必要痛苦），属于严重违规。
C.未评估胚胎杂交伦理争议：基因编辑实验涉及重大伦理问题，未评估即违反伦理审查程序。
D.必要性论证文献不足：实验必要性论证不充分，但属于学术规范问题，伦理委员会可能要求补充而非直接否决。

关键点：直接危害动物福利（B）、重大伦理疏漏（C）必然不通过；管理缺陷（A）通常需整改后重新审查；论证不充分（D）可能被要求补充而非直接否决。

【最终答案】：BC",客观题,BC
动物实验,"你是一个严格按照要求答题的医学考试考生。请你先展示出完整的思考过程，然后再输出最终答案。每道题目有至少两个选项（A、B）至多五个选项（A、B、C、D、E），题目为不定项选择题，请按照以下格式作答：

【思考过程】：...

【最终答案】：AB / BCE / CD / DE / E / ...（只输出选项的编号，不要写选项内容）

示例：
题目：医疗伦理中四大基本原则是？
A.尊重自主权
B.善意行为
C.无害原则
D.公正原则
E.以上都不是
【思考过程】：本题考查医学伦理的四大基本原则，包括尊重自主权、不伤害原则、行善原则、公正原则。

【最终答案】：ABCD

题目：以下哪些原则属于实验动物使用中的""3R""原则？
A.减少（Reduction）
B.替代（Replacement）
C.替换（Substitution）
D.优化（Refinement）
E.人道主义（Humanitarianism）
【思考过程】：",ABD,DeepSeek-V3,"【思考过程】：本题考查实验动物使用中的“3R”原则，包括减少（Reduction）、替代（Replacement）和优化（Refinement）。替换（Substitution）和人道主义（Humanitarianism）不属于“3R”原则。

【最终答案】：ABD",客观题,ABD
动物实验,"你是一个严格按照要求答题的医学考试考生。请你先展示出完整的思考过程，然后再输出最终答案。每道题目有至少两个选项（A、B）至多五个选项（A、B、C、D、E），题目为不定项选择题，请按照以下格式作答：

【思考过程】：...

【最终答案】：AB / BCE / CD / DE / E / ...（只输出选项的编号，不要写选项内容）

示例：
题目：医疗伦理中四大基本原则是？
A.尊重自主权
B.善意行为
C.无害原则
D.公正原则
E.以上都不是
【思考过程】：本题考查医学伦理的四大基本原则，包括尊重自主权、不伤害原则、行善原则、公正原则。

【最终答案】：ABCD

题目：以下哪些做法符合实验动物饲养管理规定？
A.偶尔对动物进行观察
B.在抓取动物时方法得当，动作轻柔
C.允许轻微戏弄动物以缓解其压力
D.发现行为异常后及时查找原因并处理
E.在必要时可让动物短暂忍受剧痛以完成操作
【思考过程】：",BD,DeepSeek-V3,"【思考过程】：本题考查实验动物饲养管理的基本原则和伦理要求。根据实验动物伦理和福利要求，应尽量减少动物的痛苦和不适。选项A“偶尔对动物进行观察”不符合规定，因为需要定期观察动物状态；选项B“在抓取动物时方法得当，动作轻柔”符合人道主义要求；选项C“允许轻微戏弄动物以缓解其压力”是错误的，戏弄动物不符合伦理；选项D“发现行为异常后及时查找原因并处理”是正确的，属于必要的管理措施；选项E“在必要时可让动物短暂忍受剧痛以完成操作”违反了减少痛苦的原则，除非无法避免且经过伦理审查批准。

【最终答案】：BD",客观题,BD
动物实验,"你是一个严格按照要求答题的医学考试考生。请你先展示出完整的思考过程，然后再输出最终答案。每道题目有至少两个选项（A、B）至多五个选项（A、B、C、D、E），题目为不定项选择题，请按照以下格式作答：

【思考过程】：...

【最终答案】：AB / BCE / CD / DE / E / ...（只输出选项的编号，不要写选项内容）

示例：
题目：医疗伦理中四大基本原则是？
A.尊重自主权
B.善意行为
C.无害原则
D.公正原则
E.以上都不是
【思考过程】：本题考查医学伦理的四大基本原则，包括尊重自主权、不伤害原则、行善原则、公正原则。

【最终答案】：ABCD

题目：以下关于实验动物饲养的描述中，正确的有哪些？
A.可按工作人员经验调整饲料成分配比，B.营养成分指标必须符合国家标准，C.术后恢复期需增加营养配给，D.不需批准即可限制动物饮水，E.限制饮食需经管理委员会批准
【思考过程】：",BCE,DeepSeek-V3,"【思考过程】：本题考查实验动物饲养的规范要求。根据实验动物伦理和饲养标准：A项错误，饲料成分配比需遵循科学标准，不能仅凭经验调整；B项正确，营养成分必须符合国家标准；C项正确，术后恢复期动物需额外营养支持；D项错误，限制饮水需经伦理审查批准；E项正确，限制饮食（如实验需要）必须获得动物管理委员会批准。

【最终答案】：BCE",客观题,BCE
动物实验,"你是一个严格按照要求答题的医学考试考生。请你先展示出完整的思考过程，然后再输出最终答案。每道题目有至少两个选项（A、B）至多五个选项（A、B、C、D、E），题目为不定项选择题，请按照以下格式作答：

【思考过程】：...

【最终答案】：AB / BCE / CD / DE / E / ...（只输出选项的编号，不要写选项内容）

示例：
题目：医疗伦理中四大基本原则是？
A.尊重自主权
B.善意行为
C.无害原则
D.公正原则
E.以上都不是
【思考过程】：本题考查医学伦理的四大基本原则，包括尊重自主权、不伤害原则、行善原则、公正原则。

【最终答案】：ABCD

题目：在实验动物应用中，以下哪些做法符合相关伦理法规？
A. 实验时尽量减少动物的疼痛，但允许适当程度的惊恐发生
B. 向非科研团队成员开放实验区域用于学生观摩
C. 在确保不影响实验结果的前提下研究动物实验替代方法
D. 每周仅安排固定两小时清理实验室无关人员
E. 使用镇静剂将疼痛控制在动物可忍受范围内
【思考过程】：",C,DeepSeek-V3,"【思考过程】：本题考查实验动物应用中的伦理法规要求。根据国际通用的动物实验伦理原则（如3R原则：替代、减少、优化），需重点分析各选项是否符合以下标准：
1. **替代**（使用非动物方法）：C选项明确提到研究替代方法，符合伦理要求。
2. **减少**（最小化动物使用量）：题目未直接涉及，但隐含在伦理框架内。
3. **优化**（减轻动物痛苦）：A选项允许""惊恐""不符合（应激需最小化）；E选项通过镇静剂控制疼痛是优化措施；B选项非科研人员观摩可能增加动物应激，违反伦理；D选项固定时间清理无关人员与伦理无直接关联，但开放性和管理松散可能存在问题。

【最终答案】：CE",客观题,CE
动物实验,"你是一个严格按照要求答题的医学考试考生。请你先展示出完整的思考过程，然后再输出最终答案。每道题目有至少两个选项（A、B）至多五个选项（A、B、C、D、E），题目为不定项选择题，请按照以下格式作答：

【思考过程】：...

【最终答案】：AB / BCE / CD / DE / E / ...（只输出选项的编号，不要写选项内容）

示例：
题目：医疗伦理中四大基本原则是？
A.尊重自主权
B.善意行为
C.无害原则
D.公正原则
E.以上都不是
【思考过程】：本题考查医学伦理的四大基本原则，包括尊重自主权、不伤害原则、行善原则、公正原则。

【最终答案】：ABCD

题目：以下哪些措施是在对实验动物实施外科手术时必须遵守的伦理要求？
A.术前禁食24小时
B.手术过程实施有效麻醉
C.术后提供镇痛剂及护理
D.每天进行两次环境消毒
E.手术结束后立即执行安乐死
【思考过程】：",BC,DeepSeek-V3,"【思考过程】：本题考查实验动物外科手术的伦理要求。根据动物实验伦理原则，必须确保动物在手术过程中免受不必要的痛苦，因此需要有效麻醉（B）和术后镇痛护理（C）。术前禁食时间通常为6-12小时（非24小时），故A不正确。环境消毒是常规管理要求，但“每天两次”并非手术伦理的强制规定，D不准确。手术结束后的安乐死仅适用于特定研究终点或动物严重痛苦的情况，E错误。

【最终答案】：BC",客观题,BC
动物实验,"你是一个严格按照要求答题的医学考试考生。请你先展示出完整的思考过程，然后再输出最终答案。每道题目有至少两个选项（A、B）至多五个选项（A、B、C、D、E），题目为不定项选择题，请按照以下格式作答：

【思考过程】：...

【最终答案】：AB / BCE / CD / DE / E / ...（只输出选项的编号，不要写选项内容）

示例：
题目：医疗伦理中四大基本原则是？
A.尊重自主权
B.善意行为
C.无害原则
D.公正原则
E.以上都不是
【思考过程】：本题考查医学伦理的四大基本原则，包括尊重自主权、不伤害原则、行善原则、公正原则。

【最终答案】：ABCD

题目：以下哪些属于保定实验动物时应遵循的原则？
A.温和保定
B.善良抚慰
C.减少痛苦和应激反应
D.充分限制动物活动
E.坚固耐用的保定器具
【思考过程】：",ABC,DeepSeek-V3,"【思考过程】：本题考查实验动物保定操作的基本原则。根据动物实验伦理和操作规范，保定时应遵循以下原则：1.温和保定（避免粗暴操作）；2.减少痛苦和应激反应（动物福利核心要求）；3.善良抚慰（通过安抚减轻动物紧张）。D选项""充分限制""表述不准确，应是最小限度限制；E选项器具要求是技术细节而非原则。

【最终答案】：ABC",客观题,ABC
动物实验,"你是一个严格按照要求答题的医学考试考生。请你先展示出完整的思考过程，然后再输出最终答案。每道题目有至少两个选项（A、B）至多五个选项（A、B、C、D、E），题目为不定项选择题，请按照以下格式作答：

【思考过程】：...

【最终答案】：AB / BCE / CD / DE / E / ...（只输出选项的编号，不要写选项内容）

示例：
题目：医疗伦理中四大基本原则是？
A.尊重自主权
B.善意行为
C.无害原则
D.公正原则
E.以上都不是
【思考过程】：本题考查医学伦理的四大基本原则，包括尊重自主权、不伤害原则、行善原则、公正原则。

【最终答案】：ABCD

题目：处死实验动物时，以下哪种做法符合法规要求？
A.按照人道主义原则实施安死术，但允许其他动物在场进行教学观摩，B.实施安死术时全程录像存档并让其他动物在场，C.实施安死术后立即焚化动物尸体，D.仅按安死术处置却未隔离观察动物反应，E.使用非人道手段处死但确保无其他动物在场
【思考过程】：",C,DeepSeek-V3,"【思考过程】：本题考查实验动物处死的法规要求。根据人道主义原则和实验动物伦理要求，处死实验动物时应遵循以下要点：1.必须采用安死术（人道主义处死方法）；2.应避免其他动物在场目睹（防止应激反应）；3.尸体需规范处理（如及时焚化）；4.禁止使用非人道手段。选项C符合尸体处理规范，其他选项均存在违规：A/B允许动物在场观摩，D未隔离观察反应，E直接违反人道原则。

【最终答案】：C",客观题,C
动物实验,"你是一个严格按照要求答题的医学考试考生。请你先展示出完整的思考过程，然后再输出最终答案。每道题目有至少两个选项（A、B）至多五个选项（A、B、C、D、E），题目为不定项选择题，请按照以下格式作答：

【思考过程】：...

【最终答案】：AB / BCE / CD / DE / E / ...（只输出选项的编号，不要写选项内容）

示例：
题目：医疗伦理中四大基本原则是？
A.尊重自主权
B.善意行为
C.无害原则
D.公正原则
E.以上都不是
【思考过程】：本题考查医学伦理的四大基本原则，包括尊重自主权、不伤害原则、行善原则、公正原则。

【最终答案】：ABCD

题目：在动物实验中，“仁慈终点”的正确应用方式是什么？
A.当动物出现轻微不适症状时立即终止实验 B.动物濒死时继续观察24小时以收集数据 C.当动物出现不可逆的痛苦或濒死状态时及时实施安乐死 D.对实验动物实施镇痛措施后继续实验直至自然死亡
【思考过程】：",C,DeepSeek-V3,"【思考过程】：本题考查“仁慈终点”在动物实验中的伦理应用原则。根据国际公认的动物实验伦理准则：  
1. “仁慈终点”的核心是避免动物遭受不必要的痛苦，应在动物出现不可逆的痛苦或濒死状态时及时终止实验（选项C符合）。  
2. 选项A（轻微不适立即终止）过于极端，可能影响实验科学性；选项B（濒死继续观察）和D（持续实验至自然死亡）违背伦理，未减轻动物痛苦。  

【最终答案】：C",客观题,C
动物实验,"你是一个严格按照要求答题的医学考试考生。请你先展示出完整的思考过程，然后再输出最终答案。每道题目有至少两个选项（A、B）至多五个选项（A、B、C、D、E），题目为不定项选择题，请按照以下格式作答：

【思考过程】：...

【最终答案】：AB / BCE / CD / DE / E / ...（只输出选项的编号，不要写选项内容）

示例：
题目：医疗伦理中四大基本原则是？
A.尊重自主权
B.善意行为
C.无害原则
D.公正原则
E.以上都不是
【思考过程】：本题考查医学伦理的四大基本原则，包括尊重自主权、不伤害原则、行善原则、公正原则。

【最终答案】：ABCD

题目：以下关于灵长类实验动物处理的做法中，哪一项符合我国相关规定？
A.为节省饲养成本，实验结束后将健康的猿猴处死
B.实验中未出现预期结果的猕猴被主动处死
C.因存在不可治愈的严重伤病，对实验后的黑猩猩实行安乐死
D.为避免人道争议，实验后所有非猿类灵长动物均安乐死
E.减轻动物未来可能的痛苦可直接提前处死衰老个体
【思考过程】：",C,DeepSeek-V3,"【思考过程】：本题考查我国关于灵长类实验动物伦理处理的相关规定。根据我国《实验动物管理条例》及动物伦理要求：  
1. **健康动物不得随意处死**（A、B、D违反，尤其是A、B以非医学理由处死健康动物不符合伦理）；  
2. E选项“提前处死衰老个体”缺乏明确依据，衰老本身非处死理由；  
3. **安乐死仅适用于动物遭受不可治愈的严重伤病或痛苦时**（C符合，黑猩猩因伤病实施安乐死是合规的）。  

【最终答案】：C",客观题,C
动物实验,"你是一个严格按照要求答题的医学考试考生。请你先展示出完整的思考过程，然后再输出最终答案。每道题目有至少两个选项（A、B）至多五个选项（A、B、C、D、E），题目为不定项选择题，请按照以下格式作答：

【思考过程】：...

【最终答案】：AB / BCE / CD / DE / E / ...（只输出选项的编号，不要写选项内容）

示例：
题目：医疗伦理中四大基本原则是？
A.尊重自主权
B.善意行为
C.无害原则
D.公正原则
E.以上都不是
【思考过程】：本题考查医学伦理的四大基本原则，包括尊重自主权、不伤害原则、行善原则、公正原则。

【最终答案】：ABCD

题目：关于使用实验动物的科研项目实施流程，哪一情形违反相关法规？
A.研究团队制定方案后经实验动物道德委员会批准启动实验
B.实施方案经实验室安全委员会审核备案半年后开始实施
C.项目负责人修改未通过伦理审查的方案后自行开展预实验
D.实验动物管理委员会附加修改意见后驳回高风险方案
【思考过程】：",C,DeepSeek-V3,"【思考过程】：本题考查实验动物科研项目的合规流程。根据相关法规，实验动物的使用必须经过伦理审查批准后方可实施，未经批准或修改后未经重新批准自行开展实验属于违规行为。选项A和D展示了合规流程（批准后启动或驳回高风险方案）；选项B中“备案”并非伦理审查的替代程序，但未明确违反法规；选项C“自行开展预实验”明确绕过伦理审查，属于违规行为。

【最终答案】：C",客观题,C
动物实验,"你是一个严格按照要求答题的医学考试考生。请你先展示出完整的思考过程，然后再输出最终答案。每道题目有至少两个选项（A、B）至多五个选项（A、B、C、D、E），题目为不定项选择题，请按照以下格式作答：

【思考过程】：...

【最终答案】：AB / BCE / CD / DE / E / ...（只输出选项的编号，不要写选项内容）

示例：
题目：医疗伦理中四大基本原则是？
A.尊重自主权
B.善意行为
C.无害原则
D.公正原则
E.以上都不是
【思考过程】：本题考查医学伦理的四大基本原则，包括尊重自主权、不伤害原则、行善原则、公正原则。

【最终答案】：ABCD

题目：以下哪些行为属于虐待实验动物？
A.因实验需要未对动物实施麻醉进行心脏手术
B.在运输过程中违反规定导致大量实验动物死亡
C.未定期清洁动物设施导致环境轻微脏乱
D.非实验需要用刺激性食物喂养动物
【思考过程】：",ABD,DeepSeek-V3,"【思考过程】：本题考查实验动物伦理中对虐待实验动物的定义。A选项因实验需要未对动物实施麻醉进行心脏手术，属于不必要疼痛，违反动物福利原则；B选项在运输过程中违反规定导致大量实验动物死亡，属于严重失职和虐待；C选项未定期清洁动物设施导致环境轻微脏乱，虽不符合规范但未直接造成动物痛苦，不属于典型虐待；D选项非实验需要用刺激性食物喂养动物，属于刻意施加痛苦，属于虐待行为。

【最终答案】：ABD",客观题,ABD
动物实验,"你是一个严格按照要求答题的医学考试考生。请你先展示出完整的思考过程，然后再输出最终答案。每道题目有至少两个选项（A、B）至多五个选项（A、B、C、D、E），题目为不定项选择题，请按照以下格式作答：

【思考过程】：...

【最终答案】：AB / BCE / CD / DE / E / ...（只输出选项的编号，不要写选项内容）

示例：
题目：医疗伦理中四大基本原则是？
A.尊重自主权
B.善意行为
C.无害原则
D.公正原则
E.以上都不是
【思考过程】：本题考查医学伦理的四大基本原则，包括尊重自主权、不伤害原则、行善原则、公正原则。

【最终答案】：ABCD

题目：以下哪些行为符合法规中定义的虐待实验动物情形？
A.实验后未清洁器械造成伤口感染
B.长时间未更换通风系统导致动物呼吸困难死亡
C.进行器官移植手术时未进行局部消毒处理
D.未对猕猴使用异氟烷吸入麻醉进行开颅实验
E.运输箱温度异常导致5%实验鼠死亡
F.未建立生物隔离措施致使实验犬感染狂犬病
【思考过程】：",BDF,DeepSeek-V3,"【思考过程】：
本题考查虐待实验动物的法规定义，需从行为是否违反动物福利基本原则（如避免不必要的痛苦、提供基本生存条件等）进行判断：
1. A选项（伤口感染）属于术后护理疏漏，直接导致动物痛苦；
2. B选项（通风系统故障）属于环境维护失职导致死亡；
3. C选项（手术消毒缺失）虽违规但不必然构成""虐待""；
4. D选项（未麻醉开颅）直接造成极端痛苦，属典型虐待；
5. E选项（运输温度失控）属于管理失职导致的群体伤害；
6. F选项（生物隔离缺失）涉及公共卫生风险，但非直接虐待行为。

根据WHO实验动物福利标准，虐待的核心要件是主动或放任造成可避免的痛苦/伤害。

【最终答案】：ABDE",客观题,ABDE
动物实验,"你是一个严格按照要求答题的医学考试考生。请你先展示出完整的思考过程，然后再输出最终答案。每道题目有至少两个选项（A、B）至多五个选项（A、B、C、D、E），题目为不定项选择题，请按照以下格式作答：

【思考过程】：...

【最终答案】：AB / BCE / CD / DE / E / ...（只输出选项的编号，不要写选项内容）

示例：
题目：医疗伦理中四大基本原则是？
A.尊重自主权
B.善意行为
C.无害原则
D.公正原则
E.以上都不是
【思考过程】：本题考查医学伦理的四大基本原则，包括尊重自主权、不伤害原则、行善原则、公正原则。

【最终答案】：ABCD

题目：以下哪些行为可能被认定为虐待实验动物？
A.实验中未及时为小鼠更换垫料致其感染死亡
B.因运输箱破损导致30只实验犬在运输中窒息
C.未完全麻醉即对猕猴实施腹腔手术
D.因实验需要给大鼠植入不可逆神经抑制装置
E.使用水合氯醛静脉注射对豚鼠实施安乐死
【思考过程】：",ABC,DeepSeek-V3,"【思考过程】：本题考查实验动物伦理中虐待行为的认定标准。根据国际实验动物福利准则（如3R原则），虐待行为包括：未提供必要生存条件（A）、因管理疏忽导致动物痛苦或死亡（B）、未减轻可避免的手术痛苦（C）。D选项需结合实验必要性判断，若装置植入为科学必需且无替代方案则不构成虐待；E选项水合氯醛是公认的安乐死药物，方法合规。

【最终答案】：ABC",客观题,ABC
动物实验,"你是一个严格按照要求答题的医学考试考生。请你先展示出完整的思考过程，然后再输出最终答案。每道题目有至少两个选项（A、B）至多五个选项（A、B、C、D、E），题目为不定项选择题，请按照以下格式作答：

【思考过程】：...

【最终答案】：AB / BCE / CD / DE / E / ...（只输出选项的编号，不要写选项内容）

示例：
题目：医疗伦理中四大基本原则是？
A.尊重自主权
B.善意行为
C.无害原则
D.公正原则
E.以上都不是
【思考过程】：本题考查医学伦理的四大基本原则，包括尊重自主权、不伤害原则、行善原则、公正原则。

【最终答案】：ABCD

题目：以下哪些行为属于法规定义的虐待实验动物范畴？
A.运输实验动物期间未全程维持25℃恒温环境，B.在脑外科实验中未使用镇痛剂完成开颅手术，C.按规范实施麻醉后进行动物脾脏切除术，D.出于实验需求重复进行基因编辑测试，E.使用过量巴比妥类麻醉剂处理濒死动物
【思考过程】：",BE,DeepSeek-V3,"【思考过程】：本题考查虐待实验动物的法定定义。根据国际实验动物福利准则和我国《实验动物管理条例》，虐待行为主要包括：不必要的疼痛操作（B项未使用镇痛剂开颅）、违反麻醉/镇痛规范（E项过量巴比妥属于用药不当）。A项温差未达虐待标准，C项符合规范操作，D项基因编辑若符合伦理审查则不属于虐待。

【最终答案】：BE",客观题,BE
常规诊疗,"你是一个严格按照要求答题的医学考试考生。请你先展示出完整的思考过程，然后再输出最终答案。每道题目有至少两个选项（A、B）至多五个选项（A、B、C、D、E），题目为不定项选择题，请按照以下格式作答：

【思考过程】：...

【最终答案】：AB / BCE / CD / DE / E / ...（只输出选项的编号，不要写选项内容）

示例：
题目：医疗伦理中四大基本原则是？
A.尊重自主权
B.善意行为
C.无害原则
D.公正原则
E.以上都不是
【思考过程】：本题考查医学伦理的四大基本原则，包括尊重自主权、不伤害原则、行善原则、公正原则。

【最终答案】：ABCD

题目：患者在诊疗活动中受到损害时，医疗机构赔偿责任成立的依据是以下哪一条件？
A.医务人员存在主观故意，B.医疗机构未完全履行合同约定，C.医疗行为与损害后果存在因果关系且存在过错，D.患者未签署全部知情同意书，E.患者在康复期间存在不遵医嘱行为
【思考过程】：",C,DeepSeek-V3,"【思考过程】：本题考查医疗机构赔偿责任成立的条件。根据《侵权责任法》及相关医疗损害责任规定，医疗机构承担赔偿责任的核心要件是：医疗行为与损害后果之间存在因果关系，且医疗机构或其医务人员在诊疗过程中存在过错（过失）。主观故意（A）属于极端情形，不是常规赔偿要件；合同未完全履行（B）属于违约范畴，与侵权责任不同；知情同意书签署不全（D）仅在涉及特殊检查/治疗时可能成为过错因素之一，但非普适条件；患者不遵医嘱（E）可能减轻医疗机构责任，但不直接决定赔偿责任成立。

【最终答案】：C",客观题,C
常规诊疗,"你是一个严格按照要求答题的医学考试考生。请你先展示出完整的思考过程，然后再输出最终答案。每道题目有至少两个选项（A、B）至多五个选项（A、B、C、D、E），题目为不定项选择题，请按照以下格式作答：

【思考过程】：...

【最终答案】：AB / BCE / CD / DE / E / ...（只输出选项的编号，不要写选项内容）

示例：
题目：医疗伦理中四大基本原则是？
A.尊重自主权
B.善意行为
C.无害原则
D.公正原则
E.以上都不是
【思考过程】：本题考查医学伦理的四大基本原则，包括尊重自主权、不伤害原则、行善原则、公正原则。

【最终答案】：ABCD

题目：在常规诊疗中，以下哪些情况需要医务人员向患者详细说明医疗风险及替代方案，并取得明确同意？
A.常规体检
B.实施手术
C.特殊检查
D.特殊治疗
E.日常药物治疗
【思考过程】：",BCD,DeepSeek-V3,"【思考过程】：本题考查医务人员在诊疗过程中需要向患者详细说明医疗风险及替代方案并取得明确同意的情形。根据医疗伦理和法律规定，常规体检和日常药物治疗通常不需要详细说明风险和替代方案，因为它们风险较低且常规化。而实施手术、特殊检查和特殊治疗通常涉及较高风险或特殊操作，需要详细说明并取得明确同意。

【最终答案】：BCD",客观题,BCD
常规诊疗,"你是一个严格按照要求答题的医学考试考生。请你先展示出完整的思考过程，然后再输出最终答案。每道题目有至少两个选项（A、B）至多五个选项（A、B、C、D、E），题目为不定项选择题，请按照以下格式作答：

【思考过程】：...

【最终答案】：AB / BCE / CD / DE / E / ...（只输出选项的编号，不要写选项内容）

示例：
题目：医疗伦理中四大基本原则是？
A.尊重自主权
B.善意行为
C.无害原则
D.公正原则
E.以上都不是
【思考过程】：本题考查医学伦理的四大基本原则，包括尊重自主权、不伤害原则、行善原则、公正原则。

【最终答案】：ABCD

题目：以下哪种情况下，医师可未经患者或其近亲属同意立即实施医疗措施？
A.患者腹痛但意识清醒时家属不在场，护士长签字批准
B.高空坠落呼吸骤停无法联系家属，科主任未到岗，值班医生执行抢救
C.癌症晚期患者家属拒绝治疗，主管医师请示病区护士长后停止输氧
D.患者昏迷且无家属在场，急诊主治医师经医务处处长批准实施开颅手术
【思考过程】：",D,DeepSeek-V3,"【思考过程】：本题考查的是紧急医疗情况下医师的权限。根据《侵权责任法》和《医疗机构管理条例》，在患者生命垂危等紧急情况下，医疗机构及其医务人员应在取得医疗机构负责人或被授权负责人批准后，立即实施相应医疗措施。关键点在于：1. 患者处于生命垂危的紧急状态；2. 无法取得患者或其近亲属意见；3. 需要医疗机构负责人或被授权负责人批准（特殊情况可事后补手续）。A选项不符合紧急情况且护士长无批准权；B选项符合紧急情况且无法联系家属，值班医生有权执行抢救（科主任不在岗不影响）；C选项不符合紧急情况且护士长无决定权；D选项符合紧急情况且经医务处处长批准。

【最终答案】：BD",客观题,BD
常规诊疗,"你是一个严格按照要求答题的医学考试考生。请你先展示出完整的思考过程，然后再输出最终答案。每道题目有至少两个选项（A、B）至多五个选项（A、B、C、D、E），题目为不定项选择题，请按照以下格式作答：

【思考过程】：...

【最终答案】：AB / BCE / CD / DE / E / ...（只输出选项的编号，不要写选项内容）

示例：
题目：医疗伦理中四大基本原则是？
A.尊重自主权
B.善意行为
C.无害原则
D.公正原则
E.以上都不是
【思考过程】：本题考查医学伦理的四大基本原则，包括尊重自主权、不伤害原则、行善原则、公正原则。

【最终答案】：ABCD

题目：以下哪些情形应推定医疗机构有过错？
A.拒绝患者复印与纠纷无关的病历资料
B.隐匿与纠纷有关的病历资料
C.未及时更新患者的联系方式
D.伪造患者的血液检测报告
E.手术中违反操作规范
【思考过程】：",BDE,DeepSeek-V3,"【思考过程】：本题考查的是医疗机构过错推定的情形。根据《侵权责任法》及相关医疗法规，以下情形应推定医疗机构有过错：1.违反法律、行政法规、规章以及其他有关诊疗规范的规定（对应选项E）；2.隐匿或者拒绝提供与纠纷有关的病历资料（对应选项B）；3.伪造、篡改或者销毁病历资料（对应选项D）。选项A中拒绝提供的是与纠纷无关的病历资料，不应推定过错；选项C属于管理疏失但不直接构成过错推定情形。

【最终答案】：BDE",客观题,BDE
常规诊疗,"你是一个严格按照要求答题的医学考试考生。请你先展示出完整的思考过程，然后再输出最终答案。每道题目有至少两个选项（A、B）至多五个选项（A、B、C、D、E），题目为不定项选择题，请按照以下格式作答：

【思考过程】：...

【最终答案】：AB / BCE / CD / DE / E / ...（只输出选项的编号，不要写选项内容）

示例：
题目：医疗伦理中四大基本原则是？
A.尊重自主权
B.善意行为
C.无害原则
D.公正原则
E.以上都不是
【思考过程】：本题考查医学伦理的四大基本原则，包括尊重自主权、不伤害原则、行善原则、公正原则。

【最终答案】：ABCD

题目：以下哪种情形下，医疗机构可能不承担赔偿责任？
A.患者家属阻挠医生实施符合诊疗规范的化疗方案
B.急性心梗患者心脏骤停时，急救人员因优先实施气管插管而延误胸外按压
C.某地方医院受限于医疗条件未能诊断为2018年才被国际确认的罕见病
D.因未及时采购新型显微设备导致误诊
【思考过程】：",ABC,DeepSeek-V3,"【思考过程】：
本题考查医疗机构免责情形的判定，需结合《医疗纠纷预防和处理条例》及临床实际分析：
A.患者家属阻挠合规治疗 → 依据《条例》第24条，因患者或近亲属不配合合规诊疗造成损害，医疗机构免责（除非医务人员有过错）  
B.急救时因临床判断优先气管插管延误胸外按压 → 急救时合理临床决策差异不属过错，符合《条例》""限于当时医疗水平难以诊疗""情形  
C.受限于当时医疗条件未诊断国际新确认的罕见病 → 符合《条例》第32条""限于当时医疗水平难以诊疗""的免责情形  
D.未采购新型设备导致误诊 → 设备采购属于医院管理义务，非""难以诊疗""的客观限制，可能被认定过错  

【最终答案】：ABC",客观题,ABC
常规诊疗,"你是一个严格按照要求答题的医学考试考生。请你先展示出完整的思考过程，然后再输出最终答案。每道题目有至少两个选项（A、B）至多五个选项（A、B、C、D、E），题目为不定项选择题，请按照以下格式作答：

【思考过程】：...

【最终答案】：AB / BCE / CD / DE / E / ...（只输出选项的编号，不要写选项内容）

示例：
题目：医疗伦理中四大基本原则是？
A.尊重自主权
B.善意行为
C.无害原则
D.公正原则
E.以上都不是
【思考过程】：本题考查医学伦理的四大基本原则，包括尊重自主权、不伤害原则、行善原则、公正原则。

【最终答案】：ABCD

题目：医疗机构及其医务人员在下列哪几种情形下需承担侵权责任？
A.将患者糖尿病史作为教学案例时隐去姓名
B.值班护士误将患者检验单遗留在公共候诊区
C.未经许可向药品推广人员提供患者联系方式
D.为研究目的公开确诊抑郁症患者的完整病历且未获患者书面同意
E.因系统漏洞导致患者就诊记录被黑客窃取但未传播
【思考过程】：",CD,DeepSeek-V3,"【思考过程】：本题考查医疗机构及医务人员需承担侵权责任的情形，需从患者隐私保护、信息泄露风险及知情同意原则分析：
A. 隐去姓名的教学案例未直接侵犯患者隐私权，不构成侵权；
B. 检验单遗留公共区域可能导致患者隐私泄露，需承担侵权责任；
C. 未经许可提供联系方式违反隐私保护义务，构成侵权；
D. 未经书面同意公开完整病历严重侵犯隐私权，必然担责；
E. 系统漏洞导致信息被窃但未传播，医疗机构可能存在过失责任。

根据《民法典》第1226条及《医疗机构病历管理规定》，侵犯患者隐私权的行为包括：泄露病历资料、未经同意公开病历、未尽到保管义务导致泄露等。需注意：教学科研使用脱敏信息不侵权（A），但系统安全漏洞导致的泄露即使未传播仍需承担过失责任（E）。

【最终答案】：BCDE",客观题,BCDE
常规诊疗,"你是一个严格按照要求答题的医学考试考生。请你先展示出完整的思考过程，然后再输出最终答案。每道题目有至少两个选项（A、B）至多五个选项（A、B、C、D、E），题目为不定项选择题，请按照以下格式作答：

【思考过程】：...

【最终答案】：AB / BCE / CD / DE / E / ...（只输出选项的编号，不要写选项内容）

示例：
题目：医疗伦理中四大基本原则是？
A.尊重自主权
B.善意行为
C.无害原则
D.公正原则
E.以上都不是
【思考过程】：本题考查医学伦理的四大基本原则，包括尊重自主权、不伤害原则、行善原则、公正原则。

【最终答案】：ABCD

题目：根据我国《医师法》，下列哪些情形应当注销医师注册并废止医师执业证书？
A.因患病主动辞职离岗满3年
B.因医疗纠纷被吊销医疗机构执业许可证
C.被法院判决构成医疗事故罪
D.中止医师执业活动超过3年
E.累计两次医师定期考核间隔期超过半年未通过
【思考过程】：",C,DeepSeek-V3,"【思考过程】：本题考查我国《医师法》中关于注销医师注册并废止医师执业证书的情形。根据《医师法》相关规定：
A. 因患病主动辞职离岗满3年 - 未直接规定为注销情形
B. 因医疗纠纷被吊销医疗机构执业许可证 - 医疗机构执业许可证与医师执业证书不同，不直接导致注销
C. 被法院判决构成医疗事故罪 - 属于应当注销的情形（刑事犯罪）
D. 中止医师执业活动超过3年 - 属于应当注销的情形（执业中断超期）
E. 累计两次医师定期考核间隔期超过半年未通过 - 属于应当注销的情形（考核不合格）

【最终答案】：CDE",客观题,CDE
常规诊疗,"你是一个严格按照要求答题的医学考试考生。请你先展示出完整的思考过程，然后再输出最终答案。每道题目有至少两个选项（A、B）至多五个选项（A、B、C、D、E），题目为不定项选择题，请按照以下格式作答：

【思考过程】：...

【最终答案】：AB / BCE / CD / DE / E / ...（只输出选项的编号，不要写选项内容）

示例：
题目：医疗伦理中四大基本原则是？
A.尊重自主权
B.善意行为
C.无害原则
D.公正原则
E.以上都不是
【思考过程】：本题考查医学伦理的四大基本原则，包括尊重自主权、不伤害原则、行善原则、公正原则。

【最终答案】：ABCD

题目：医疗机构在发现医师存在哪种情形时，必须在30日内报告卫生健康主管部门？
A.医师因身体原因暂停执业活动满一年
B.医师被患者投诉服务态度恶劣
C.医师中止医师执业活动满两年
D.医师因考核不合格被暂停执业后再次考核仍不合格
E.医师在社交媒体发表不当言论
【思考过程】：",CD,DeepSeek-V3,"【思考过程】：本题考查医疗机构必须报告卫生健康主管部门的法定情形。根据《医师法》相关规定：  
1. **选项A**：医师因身体原因暂停执业活动满一年属于需报告情形（《医师法》规定医师非因法定事由、非经法定程序不被中止或取消执业资格，但长期暂停需报备）。  
2. **选项B**：患者投诉服务态度恶劣属于纠纷范畴，未达到必须报告的法定条件。  
3. **选项C**：医师中止执业活动满两年属注销注册的法定情形（《医师法》规定中止执业满两年需注销注册，医疗机构需报告）。  
4. **选项D**：考核不合格被暂停执业后再次考核仍不合格，属于必须报告的情形（涉及医师执业能力问题）。  
5. **选项E**：社交媒体不当言论需根据具体情节判断，若无行政处罚或刑事犯罪，一般不强制报告。  

综上，必须报告的法定情形为A、C、D。  

【最终答案】：ACD",客观题,ACD
常规诊疗,"你是一个严格按照要求答题的医学考试考生。请你先展示出完整的思考过程，然后再输出最终答案。每道题目有至少两个选项（A、B）至多五个选项（A、B、C、D、E），题目为不定项选择题，请按照以下格式作答：

【思考过程】：...

【最终答案】：AB / BCE / CD / DE / E / ...（只输出选项的编号，不要写选项内容）

示例：
题目：医疗伦理中四大基本原则是？
A.尊重自主权
B.善意行为
C.无害原则
D.公正原则
E.以上都不是
【思考过程】：本题考查医学伦理的四大基本原则，包括尊重自主权、不伤害原则、行善原则、公正原则。

【最终答案】：ABCD

题目：医师注册后出现以下哪些情形应当注销注册并废止医师执业证书？
A.医师因受贿罪被判处有期徒刑三年
B.医师连续两年未参加定期考核
C.中止医师执业活动满三年
D.医疗事故导致患者死亡但未被吊销证书
E.医院因编制调整暂停医师执业
【思考过程】：",A,DeepSeek-V3,"【思考过程】：本题考查《医师法》关于注销注册并废止医师执业证书的情形。根据《中华人民共和国医师法》相关规定：  
1. 选项A：医师因犯罪被判处有期徒刑以上刑罚（如受贿罪），属于应当注销注册的情形。  
2. 选项B：连续两年未参加定期考核（或考核不合格）且逾期未整改，应当注销注册。  
3. 选项C：中止医师执业活动满二年（非三年）需重新考核，但未直接规定注销注册。  
4. 选项D：医疗事故中若未被吊销证书，一般不直接导致注销注册。  
5. 选项E：医院编制调整属于行政原因，不直接导致注销注册。  

综上，A、B符合题意，C、D、E不符合法律直接规定。  

【最终答案】：AB",客观题,AB
常规诊疗,"你是一个严格按照要求答题的医学考试考生。请你先展示出完整的思考过程，然后再输出最终答案。每道题目有至少两个选项（A、B）至多五个选项（A、B、C、D、E），题目为不定项选择题，请按照以下格式作答：

【思考过程】：...

【最终答案】：AB / BCE / CD / DE / E / ...（只输出选项的编号，不要写选项内容）

示例：
题目：医疗伦理中四大基本原则是？
A.尊重自主权
B.善意行为
C.无害原则
D.公正原则
E.以上都不是
【思考过程】：本题考查医学伦理的四大基本原则，包括尊重自主权、不伤害原则、行善原则、公正原则。

【最终答案】：ABCD

题目：以下哪些属于医师在执业活动中必须履行的义务？（多选）
A.遵循临床诊疗指南和医学伦理规范
B.定期更新医学知识并提升专业能力
C.向患者收取药品回扣以提高收入
D.宣传与岗位无关的健康知识
E.泄露患者隐私信息用于医学研究
【思考过程】：",AB,DeepSeek-V3,"【思考过程】：本题考查医师执业活动中必须履行的义务。根据《中华人民共和国执业医师法》及相关法规，医师必须遵循临床诊疗指南和医学伦理规范（A），定期更新医学知识并提升专业能力（B）。收取药品回扣（C）和泄露患者隐私（E）是违法行为，不属于义务。宣传与岗位无关的健康知识（D）并非必须履行的义务，而是可选的公益活动。

【最终答案】：AB",客观题,AB
常规诊疗,"你是一个严格按照要求答题的医学考试考生。请你先展示出完整的思考过程，然后再输出最终答案。每道题目有至少两个选项（A、B）至多五个选项（A、B、C、D、E），题目为不定项选择题，请按照以下格式作答：

【思考过程】：...

【最终答案】：AB / BCE / CD / DE / E / ...（只输出选项的编号，不要写选项内容）

示例：
题目：医疗伦理中四大基本原则是？
A.尊重自主权
B.善意行为
C.无害原则
D.公正原则
E.以上都不是
【思考过程】：本题考查医学伦理的四大基本原则，包括尊重自主权、不伤害原则、行善原则、公正原则。

【最终答案】：ABCD

题目：以下哪些属于医师在执业活动中必须履行的义务？
A.在社交媒体平台直播罕见病例诊疗过程
B.未获授权查阅亲属的就诊记录
C.定期参加专业能力提升培训
D.向慢性病患者推荐同业专家专著
E.要求门诊患者签署默认科普告知书
【思考过程】：",C,DeepSeek-V3,"【思考过程】：本题考查医师执业活动中必须履行的义务。根据《执业医师法》相关规定：
A项错误：直播罕见病例诊疗过程可能侵犯患者隐私权，除非获得患者明确授权且符合伦理规范，否则不属于必须履行的义务。
B项错误：未经授权查阅亲属就诊记录违反患者隐私保护原则，属于禁止行为而非义务。
C项正确：参加专业培训是医师持续职业发展的法定义务（《执业医师法》第22条）。
D项正确：向患者推荐专业著作属于健康教育义务的合理延伸（需确保内容科学且无利益冲突）。
E项错误：科普告知书需针对具体诊疗内容，默认签署不符合知情同意原则。

【最终答案】：CD",客观题,CD
常规诊疗,"你是一个严格按照要求答题的医学考试考生。请你先展示出完整的思考过程，然后再输出最终答案。每道题目有至少两个选项（A、B）至多五个选项（A、B、C、D、E），题目为不定项选择题，请按照以下格式作答：

【思考过程】：...

【最终答案】：AB / BCE / CD / DE / E / ...（只输出选项的编号，不要写选项内容）

示例：
题目：医疗伦理中四大基本原则是？
A.尊重自主权
B.善意行为
C.无害原则
D.公正原则
E.以上都不是
【思考过程】：本题考查医学伦理的四大基本原则，包括尊重自主权、不伤害原则、行善原则、公正原则。

【最终答案】：ABCD

题目：以下哪项属于医师在执业活动中必须履行的义务？
A.执行疫情防控等公共卫生措施
B.遵循临床技术操作规范
C.对未成年人进行交通法规科普宣传
D.参与抗癌新药临床试验
E.保护患者隐私和个人信息
【思考过程】：",ABE,DeepSeek-V3,"【思考过程】：
本题考查医师在执业活动中必须履行的义务。根据《中华人民共和国医师法》相关规定：
A项正确，医师应执行疫情防控等公共卫生措施（如传染病报告、突发公共卫生事件处置）；
B项正确，遵循临床技术操作规范是医师的基本执业要求；
C项错误，交通法规科普不属于医师法定义务；
D项错误，新药临床试验属于自愿参与的科研活动；
E项正确，保护患者隐私是《医师法》明确规定的义务（第23条）。

【最终答案】：ABE",客观题,ABE
常规诊疗,"你是一个严格按照要求答题的医学考试考生。请你先展示出完整的思考过程，然后再输出最终答案。每道题目有至少两个选项（A、B）至多五个选项（A、B、C、D、E），题目为不定项选择题，请按照以下格式作答：

【思考过程】：...

【最终答案】：AB / BCE / CD / DE / E / ...（只输出选项的编号，不要写选项内容）

示例：
题目：医疗伦理中四大基本原则是？
A.尊重自主权
B.善意行为
C.无害原则
D.公正原则
E.以上都不是
【思考过程】：本题考查医学伦理的四大基本原则，包括尊重自主权、不伤害原则、行善原则、公正原则。

【最终答案】：ABCD

题目：以下哪些行为违反了上述法规？
A.未亲自诊查即开具慢性病处方
B.按规范程序报废并销毁存储满三年的病历原件
C.篡改患者血脂异常检查结果以匹配诊断结论
D.内科医师为车祸伤者出具完全丧失劳动能力的骨科证明
E.在急诊值班时代签其他医师负责患者的抢救医嘱
【思考过程】：",ACDE,DeepSeek-V3,"【思考过程】：本题考查医疗法规的合规行为判断。根据《执业医师法》及相关法规：  
A.违反""亲自诊查""原则（慢性病复诊可简化但不免除基本诊查义务）；  
B.符合病历保存期限规定（门急诊病历≥15年，住院病历≥30年，但特殊情况下按规定销毁不违规）；  
C.属伪造医学文书；  
D.超执业范围出具专业领域证明；  
E.代签医嘱需严格授权，紧急情况下可补签但不允许无授权代签。  

需排除合规选项B，其他选项均存在明确违规。  

【最终答案】：ACDE",客观题,ACDE
常规诊疗,"你是一个严格按照要求答题的医学考试考生。请你先展示出完整的思考过程，然后再输出最终答案。每道题目有至少两个选项（A、B）至多五个选项（A、B、C、D、E），题目为不定项选择题，请按照以下格式作答：

【思考过程】：...

【最终答案】：AB / BCE / CD / DE / E / ...（只输出选项的编号，不要写选项内容）

示例：
题目：医疗伦理中四大基本原则是？
A.尊重自主权
B.善意行为
C.无害原则
D.公正原则
E.以上都不是
【思考过程】：本题考查医学伦理的四大基本原则，包括尊重自主权、不伤害原则、行善原则、公正原则。

【最终答案】：ABCD

题目：以下哪些情况需医师向患者详细说明医疗风险并取得明确同意？
A.常规实验室检查
B.实施外科手术
C.开展特殊影像学检查
D.使用新型生物治疗技术
E.开具普通抗生素
【思考过程】：",BCD,DeepSeek-V3,"【思考过程】：本题考查医疗知情同意的适用范围。根据医疗伦理和法律规定，医师需向患者详细说明医疗风险并取得明确同意的情形通常包括涉及侵入性操作（如外科手术）、高风险检查（如特殊影像学检查）或使用新型治疗技术（如新型生物治疗技术）。常规实验室检查和开具普通抗生素属于低风险常规医疗行为，通常不需要详细说明风险并取得明确同意。

【最终答案】：BCD",客观题,BCD
常规诊疗,"你是一个严格按照要求答题的医学考试考生。请你先展示出完整的思考过程，然后再输出最终答案。每道题目有至少两个选项（A、B）至多五个选项（A、B、C、D、E），题目为不定项选择题，请按照以下格式作答：

【思考过程】：...

【最终答案】：AB / BCE / CD / DE / E / ...（只输出选项的编号，不要写选项内容）

示例：
题目：医疗伦理中四大基本原则是？
A.尊重自主权
B.善意行为
C.无害原则
D.公正原则
E.以上都不是
【思考过程】：本题考查医学伦理的四大基本原则，包括尊重自主权、不伤害原则、行善原则、公正原则。

【最终答案】：ABCD

题目：医师开展新型血糖仪临床研究时，必须满足以下哪些要求？
A.项目设计符合省级技术标准
B.采用三级医院制定的伦理规范
C.通过机构伦理委员会审查
D.获得患者的口头使用授权
E.在医保备案系统登记项目信息
【思考过程】：",C,DeepSeek-V3,"【思考过程】：本题考查新型医疗设备临床研究的合规要求。根据我国《医疗器械临床试验质量管理规范》和《涉及人的生物医学研究伦理审查办法》相关规定：  
1. 临床试验必须通过机构伦理委员会审查（C正确）；  
2. 项目设计需符合国家技术标准而非仅省级标准（A错误）；  
3. 伦理审查需遵循国家级规范而非医院自定标准（B错误）；  
4. 必须获得受试者书面知情同意而非口头授权（D错误）；  
5. 医保备案与临床试验无直接关联（E错误）。  

【最终答案】：C",客观题,C
常规诊疗,"你是一个严格按照要求答题的医学考试考生。请你先展示出完整的思考过程，然后再输出最终答案。每道题目有至少两个选项（A、B）至多五个选项（A、B、C、D、E），题目为不定项选择题，请按照以下格式作答：

【思考过程】：...

【最终答案】：AB / BCE / CD / DE / E / ...（只输出选项的编号，不要写选项内容）

示例：
题目：医疗伦理中四大基本原则是？
A.尊重自主权
B.善意行为
C.无害原则
D.公正原则
E.以上都不是
【思考过程】：本题考查医学伦理的四大基本原则，包括尊重自主权、不伤害原则、行善原则、公正原则。

【最终答案】：ABCD

题目：在因抢救生命垂危患者无法取得意见的情况下，实施医疗措施需符合哪些条件？
A.现场所有医护人员表决通过
B.主治医师独立批准即可
C.医疗机构负责人或授权人批准
D.患者直系亲属电话口头同意
E.等待医疗伦理委员会审议后实施
【思考过程】：",C,DeepSeek-V3,"【思考过程】：本题考查在紧急情况下无法取得患者或家属意见时的医疗决策流程。根据《医疗纠纷预防与处理条例》和《医疗机构管理条例》相关规定：  
1. **A选项错误**：抢救措施不需要全体医护人员表决，这会延误抢救时机。  
2. **B选项错误**：主治医师无权独立批准，需经医疗机构流程。  
3. **C选项正确**：必须由医疗机构负责人或授权人批准（如值班领导）。  
4. **D选项错误**：电话口头同意无法律效力，且题目已明确“无法取得意见”。  
5. **E选项错误**：伦理委员会审议耗时长，不适用于紧急抢救。  

【最终答案】：C",客观题,C
常规诊疗,"你是一个严格按照要求答题的医学考试考生。请你先展示出完整的思考过程，然后再输出最终答案。每道题目有至少两个选项（A、B）至多五个选项（A、B、C、D、E），题目为不定项选择题，请按照以下格式作答：

【思考过程】：...

【最终答案】：AB / BCE / CD / DE / E / ...（只输出选项的编号，不要写选项内容）

示例：
题目：医疗伦理中四大基本原则是？
A.尊重自主权
B.善意行为
C.无害原则
D.公正原则
E.以上都不是
【思考过程】：本题考查医学伦理的四大基本原则，包括尊重自主权、不伤害原则、行善原则、公正原则。

【最终答案】：ABCD

题目：除按照规范用于诊断治疗外，医师不得使用以下哪些药品？
A.麻醉药品
B.青霉素类抗生素
C.医疗用毒性药品
D.精神药品
E.放射性药品
【思考过程】：",ACDE,DeepSeek-V3,"【思考过程】：本题考查医师药品使用的规范。根据《药品管理法》和相关法规，麻醉药品、医疗用毒性药品、精神药品和放射性药品属于特殊管理药品，必须严格按照规定用于诊断和治疗，不得滥用。青霉素类抗生素属于普通抗生素，不在特殊管理药品范围内。

【最终答案】：ACDE",客观题,ACDE
常规诊疗,"你是一个严格按照要求答题的医学考试考生。请你先展示出完整的思考过程，然后再输出最终答案。每道题目有至少两个选项（A、B）至多五个选项（A、B、C、D、E），题目为不定项选择题，请按照以下格式作答：

【思考过程】：...

【最终答案】：AB / BCE / CD / DE / E / ...（只输出选项的编号，不要写选项内容）

示例：
题目：医疗伦理中四大基本原则是？
A.尊重自主权
B.善意行为
C.无害原则
D.公正原则
E.以上都不是
【思考过程】：本题考查医学伦理的四大基本原则，包括尊重自主权、不伤害原则、行善原则、公正原则。

【最终答案】：ABCD

题目：在尚无有效治疗手段的特殊情况下，医师采用药品说明书外的用法需满足哪些条件？
A.获得科室主任签字同意
B.取得患者明确知情同意
C.具备循证医学证据支持
D.经多机构专家会诊认可
E.医疗机构审核处方适宜性
【思考过程】：",BCE,DeepSeek-V3,"【思考过程】：本题考查医师在特殊情况下采用药品说明书外用法时需要满足的条件。根据相关法规和医疗实践，医师在采用药品说明书外的用法时，需要满足以下条件：首先，必须取得患者的明确知情同意（B选项），这是尊重患者自主权的基本要求；其次，应具备循证医学证据支持（C选项），以确保用药的安全性和有效性；此外，医疗机构还需审核处方的适宜性（E选项），以保障用药的合理性。获得科室主任签字同意（A选项）和经多机构专家会诊认可（D选项）并非必须条件，具体需视医疗机构内部规定和实际情况而定。

【最终答案】：BCE",客观题,BCE
常规诊疗,"你是一个严格按照要求答题的医学考试考生。请你先展示出完整的思考过程，然后再输出最终答案。每道题目有至少两个选项（A、B）至多五个选项（A、B、C、D、E），题目为不定项选择题，请按照以下格式作答：

【思考过程】：...

【最终答案】：AB / BCE / CD / DE / E / ...（只输出选项的编号，不要写选项内容）

示例：
题目：医疗伦理中四大基本原则是？
A.尊重自主权
B.善意行为
C.无害原则
D.公正原则
E.以上都不是
【思考过程】：本题考查医学伦理的四大基本原则，包括尊重自主权、不伤害原则、行善原则、公正原则。

【最终答案】：ABCD

题目：以下哪些行为违反了医师职业伦理与相关法规？
A.医师要求患者到指定药店购买高价药品，B.根据患者症状开具常规血常规检查，C.未经验证患者症状即开具昂贵影像学检查，D.主动拒绝患者家属赠送的购物卡，E.为长期随访患者定期复查肝功能
【思考过程】：",AC,DeepSeek-V3,"【思考过程】：本题考查医师职业伦理与相关法规的违反情形。A选项涉及利益输送（指定药店购药可能获取回扣），违反公平原则；B选项（常规检查）和E选项（定期复查）属于合理诊疗行为；C选项（未经验证开具昂贵检查）违反诊疗规范，涉嫌过度医疗；D选项（拒绝红包）符合职业伦理规范。

【最终答案】：AC",客观题,AC
常规诊疗,"你是一个严格按照要求答题的医学考试考生。请你先展示出完整的思考过程，然后再输出最终答案。每道题目有至少两个选项（A、B）至多五个选项（A、B、C、D、E），题目为不定项选择题，请按照以下格式作答：

【思考过程】：...

【最终答案】：AB / BCE / CD / DE / E / ...（只输出选项的编号，不要写选项内容）

示例：
题目：医疗伦理中四大基本原则是？
A.尊重自主权
B.善意行为
C.无害原则
D.公正原则
E.以上都不是
【思考过程】：本题考查医学伦理的四大基本原则，包括尊重自主权、不伤害原则、行善原则、公正原则。

【最终答案】：ABCD

题目：医师在执业活动中发现以下哪些情形时，应当及时向所在机构或有关部门报告？
A.发现某批次疫苗存在异常过敏反应记录
B.患者因自行服用中药导致肝功能异常
C.某住院患者因误诊导致永久性残疾
D.门诊查获标注有效期篡改的降压药片
E.社区突发多例发热伴皮疹的聚集性病例
【思考过程】：",ACDE,DeepSeek-V3,"【思考过程】：本题考查医师执业中法定报告义务的适用情形。根据《医师法》和传染病防治相关规定：  
A.需报告（疫苗异常反应属于药品不良反应监测范围）；  
B.无需强制报告（个体药物不良反应无聚集性/系统性风险）；  
C.需报告（重大医疗过失行为或医疗事故）；  
D.需报告（假药或劣药流通涉及公共安全）；  
E.需报告（符合突发公共卫生事件报告标准的传染病或不明原因疾病）。  

【最终答案】：ACDE",客观题,ACDE
常规诊疗,"你是一个严格按照要求答题的医学考试考生。请你先展示出完整的思考过程，然后再输出最终答案。每道题目有至少两个选项（A、B）至多五个选项（A、B、C、D、E），题目为不定项选择题，请按照以下格式作答：

【思考过程】：...

【最终答案】：AB / BCE / CD / DE / E / ...（只输出选项的编号，不要写选项内容）

示例：
题目：医疗伦理中四大基本原则是？
A.尊重自主权
B.善意行为
C.无害原则
D.公正原则
E.以上都不是
【思考过程】：本题考查医学伦理的四大基本原则，包括尊重自主权、不伤害原则、行善原则、公正原则。

【最终答案】：ABCD

题目：下列哪种情形下医师无需立即向有关部门报告？
A.发现患者因流感症状就诊，诊断为普通感冒
B.发现一名患者使用某降压药后出现严重皮疹
C.发现某批次药品有效成分不足，怀疑为假药
D.发现患者因家庭纠纷导致的轻微外伤
E.手术过程中因操作失误导致患者器官损伤
【思考过程】：",D,DeepSeek-V3,"【思考过程】：本题考查医师在何种情况下需要立即向有关部门报告。根据相关法规和医疗实践：
A.普通感冒属于常见病，无需报告。
B.严重药物不良反应需要报告。
C.假药或药品质量问题需要报告。
D.家庭纠纷导致的轻微外伤不属于必须报告的情形。
E.严重医疗差错或事故需要报告。

【最终答案】：AD",客观题,AD
常规诊疗,"你是一个严格按照要求答题的医学考试考生。请你先展示出完整的思考过程，然后再输出最终答案。每道题目有至少两个选项（A、B）至多五个选项（A、B、C、D、E），题目为不定项选择题，请按照以下格式作答：

【思考过程】：...

【最终答案】：AB / BCE / CD / DE / E / ...（只输出选项的编号，不要写选项内容）

示例：
题目：医疗伦理中四大基本原则是？
A.尊重自主权
B.善意行为
C.无害原则
D.公正原则
E.以上都不是
【思考过程】：本题考查医学伦理的四大基本原则，包括尊重自主权、不伤害原则、行善原则、公正原则。

【最终答案】：ABCD

题目：以下哪些行为属于医师执业中的违规行为？
A.未经患者同意进行手术
B.拒绝紧急救治导致延误
C.未能参加所有专业培训
D.未及时报告传染病疫情
E.诊疗疏忽导致患者残疾
【思考过程】：",ABDE,DeepSeek-V3,"【思考过程】：本题考查医师执业中的违规行为。根据医学伦理和法律规定，A选项未经患者同意进行手术违反了尊重自主权的原则；B选项拒绝紧急救治导致延误，违反了医生的救治义务；D选项未及时报告传染病疫情违反了公共卫生法规；E选项诊疗疏忽导致患者残疾属于医疗过失，违反了无害原则。C选项未能参加所有专业培训虽然可能影响医师的专业能力，但并不直接构成执业违规。

【最终答案】：ABDE",客观题,ABDE
常规诊疗,"你是一个严格按照要求答题的医学考试考生。请你先展示出完整的思考过程，然后再输出最终答案。每道题目有至少两个选项（A、B）至多五个选项（A、B、C、D、E），题目为不定项选择题，请按照以下格式作答：

【思考过程】：...

【最终答案】：AB / BCE / CD / DE / E / ...（只输出选项的编号，不要写选项内容）

示例：
题目：医疗伦理中四大基本原则是？
A.尊重自主权
B.善意行为
C.无害原则
D.公正原则
E.以上都不是
【思考过程】：本题考查医学伦理的四大基本原则，包括尊重自主权、不伤害原则、行善原则、公正原则。

【最终答案】：ABCD

题目：根据《医师法》相关规定，医师违反诊疗规范可能面临吊销执业证书的情形包含下列哪些行为？
A.对患者实施不必要的检查造成不良后果
B.利用职务之便索要患者财物
C.为患者合法实施理疗时收取正常劳务报酬
D.未经充分沟通实施必要检查
【思考过程】：",AB,DeepSeek-V3,"【思考过程】：本题考查《医师法》中关于吊销执业证书的情形。根据《医师法》相关规定，医师违反诊疗规范可能面临吊销执业证书的情形包括：对患者实施不必要的检查造成不良后果（A选项），这属于违反诊疗规范且造成严重后果的行为；利用职务之便索要患者财物（B选项），这属于严重违反职业道德的行为；未经充分沟通实施必要检查（D选项），虽然可能违反沟通义务，但未明确达到吊销执业证书的严重程度；为患者合法实施理疗时收取正常劳务报酬（C选项）属于合法行为，不构成违规。因此，符合吊销执业证书的情形是A和B。

【最终答案】：AB",客观题,AB
常规诊疗,"你是一个严格按照要求答题的医学考试考生。请你先展示出完整的思考过程，然后再输出最终答案。每道题目有至少两个选项（A、B）至多五个选项（A、B、C、D、E），题目为不定项选择题，请按照以下格式作答：

【思考过程】：...

【最终答案】：AB / BCE / CD / DE / E / ...（只输出选项的编号，不要写选项内容）

示例：
题目：医疗伦理中四大基本原则是？
A.尊重自主权
B.善意行为
C.无害原则
D.公正原则
E.以上都不是
【思考过程】：本题考查医学伦理的四大基本原则，包括尊重自主权、不伤害原则、行善原则、公正原则。

【最终答案】：ABCD

题目：以下哪些行为符合我国关于患者知情同意权的规定？
A.医生仅在患者主动询问时告知常规检查的风险
B.实施胃肠镜检查前向患者说明可能的出血风险并签署同意书
C.急诊手术前仅取得患者口头同意即进行
D.因保护性医疗未向晚期癌症患者告知病情转为向其朋友说明治疗方案
E.临床试验新型降压药前通过医院伦理审查并向受试者签署知情同意书
【思考过程】：",BE,DeepSeek-V3,"【思考过程】：
本题考查患者知情同意权的合规性判断，需结合我国《医疗机构管理条例》《医疗纠纷预防和处理条例》等法规分析：
A项错误 - 医生有主动告知义务，不限于患者询问（常规检查若存在可预见的风险也应告知）
B项正确 - 属于特殊检查的规范流程（侵入性检查必须书面告知风险）
C项错误 - 急诊手术若患者无意识/能力，需家属/关系人签字；能表达时应取得书面同意（除非生命危急无法签字）
D项错误 - 保护性医疗需先取得家属书面要求，且患者仍有权知晓病情（朋友非法定代理人）
E项正确 - 符合临床试验双重审查要求（伦理委员会+个人知情同意书）

【最终答案】：BE",客观题,BE
常规诊疗,"你是一个严格按照要求答题的医学考试考生。请你先展示出完整的思考过程，然后再输出最终答案。每道题目有至少两个选项（A、B）至多五个选项（A、B、C、D、E），题目为不定项选择题，请按照以下格式作答：

【思考过程】：...

【最终答案】：AB / BCE / CD / DE / E / ...（只输出选项的编号，不要写选项内容）

示例：
题目：医疗伦理中四大基本原则是？
A.尊重自主权
B.善意行为
C.无害原则
D.公正原则
E.以上都不是
【思考过程】：本题考查医学伦理的四大基本原则，包括尊重自主权、不伤害原则、行善原则、公正原则。

【最终答案】：ABCD

题目：以下哪些条件是医疗卫生技术被国家严格管理的必要条件？
A.技术难度大
B.医疗风险高
C.对服务能力和人员专业技术水平要求较高
D.技术成本高
E.服务人数多
【思考过程】：",ABC,DeepSeek-V3,"【思考过程】：本题考查国家对医疗卫生技术严格管理的必要条件。根据《医疗技术临床应用管理办法》，国家严格管理的医疗技术通常具有以下特点：技术难度大（A）、医疗风险高（B）、对服务能力和人员专业技术水平要求较高（C）。技术成本高（D）和服务人数多（E）并非国家严格管理的必要条件，而是可能影响技术推广或医保覆盖的因素。

【最终答案】：ABC",客观题,ABC
常规诊疗,"你是一个严格按照要求答题的医学考试考生。请你先展示出完整的思考过程，然后再输出最终答案。每道题目有至少两个选项（A、B）至多五个选项（A、B、C、D、E），题目为不定项选择题，请按照以下格式作答：

【思考过程】：...

【最终答案】：AB / BCE / CD / DE / E / ...（只输出选项的编号，不要写选项内容）

示例：
题目：医疗伦理中四大基本原则是？
A.尊重自主权
B.善意行为
C.无害原则
D.公正原则
E.以上都不是
【思考过程】：本题考查医学伦理的四大基本原则，包括尊重自主权、不伤害原则、行善原则、公正原则。

【最终答案】：ABCD

题目：以下哪些行为符合医学伦理规范对医疗卫生人员的要求？
A.优先推荐使用最新昂贵的诊疗技术
B.根据患者病情选择适宜的治疗方案
C.在患者主动要求下增加不必要的检查项目
D.拒绝患者家属以红包形式表示的感谢
【思考过程】：",BD,DeepSeek-V3,"【思考过程】：本题考查医学伦理规范对医疗卫生人员的要求。根据医学伦理的基本原则，医疗卫生人员应遵循以下要求：1. 尊重自主权，不强迫患者接受不必要的检查或治疗（选项C错误）；2. 行善原则，选择最有利于患者的治疗方案而非最新昂贵的技术（选项A错误）；3. 公正原则，拒绝红包等不正当利益（选项D正确）；4. 无害原则，根据病情选择适宜方案（选项B正确）。

【最终答案】：BD",客观题,BD
常规诊疗,"你是一个严格按照要求答题的医学考试考生。请你先展示出完整的思考过程，然后再输出最终答案。每道题目有至少两个选项（A、B）至多五个选项（A、B、C、D、E），题目为不定项选择题，请按照以下格式作答：

【思考过程】：...

【最终答案】：AB / BCE / CD / DE / E / ...（只输出选项的编号，不要写选项内容）

示例：
题目：医疗伦理中四大基本原则是？
A.尊重自主权
B.善意行为
C.无害原则
D.公正原则
E.以上都不是
【思考过程】：本题考查医学伦理的四大基本原则，包括尊重自主权、不伤害原则、行善原则、公正原则。

【最终答案】：ABCD

题目：下列哪种行为直接违反公民个人健康信息相关法律法规？
A.因医院内部管理需要共享患者健康信息
B.未经患者允许使用其健康信息进行科研
C.将患者健康信息非法加工后出售给第三方
D.通过非加密网络传输患者电子健康档案
E.将逝者近亲属的遗传性健康信息告知其子女
【思考过程】：",BCDE,DeepSeek-V3,"【思考过程】：本题考查对公民个人健康信息相关法律法规的理解。根据相关法律法规，未经患者允许使用其健康信息进行科研（B）、将患者健康信息非法加工后出售给第三方（C）、通过非加密网络传输患者电子健康档案（D）都是直接违反法律法规的行为。医院内部管理需要共享患者健康信息（A）通常是在合法合规的前提下进行的，不直接违反法律法规。将逝者近亲属的遗传性健康信息告知其子女（E）需要具体情况具体分析，不一定直接违反法律法规，尤其是在符合伦理和法律要求的情况下。

【最终答案】：BCD",客观题,BCD
常规诊疗,"你是一个严格按照要求答题的医学考试考生。请你先展示出完整的思考过程，然后再输出最终答案。每道题目有至少两个选项（A、B）至多五个选项（A、B、C、D、E），题目为不定项选择题，请按照以下格式作答：

【思考过程】：...

【最终答案】：AB / BCE / CD / DE / E / ...（只输出选项的编号，不要写选项内容）

示例：
题目：医疗伦理中四大基本原则是？
A.尊重自主权
B.善意行为
C.无害原则
D.公正原则
E.以上都不是
【思考过程】：本题考查医学伦理的四大基本原则，包括尊重自主权、不伤害原则、行善原则、公正原则。

【最终答案】：ABCD

题目：下列哪些属于医疗机构及其医务人员必须遵循的合理诊疗要求？
A.合理检查
B.合理用药
C.合理治疗
D.合理收费
E.合理护理
【思考过程】：",ABC,DeepSeek-V3,"【思考过程】：本题考查医疗机构及其医务人员必须遵循的合理诊疗要求。根据《医疗机构管理条例》及相关医疗规范，合理诊疗应包括合理检查、合理用药、合理治疗和合理护理。合理收费虽然重要，但属于医疗管理范畴，不属于诊疗行为本身的要求。

【最终答案】：ABCE",客观题,ABCE
常规诊疗,"你是一个严格按照要求答题的医学考试考生。请你先展示出完整的思考过程，然后再输出最终答案。每道题目有至少两个选项（A、B）至多五个选项（A、B、C、D、E），题目为不定项选择题，请按照以下格式作答：

【思考过程】：...

【最终答案】：AB / BCE / CD / DE / E / ...（只输出选项的编号，不要写选项内容）

示例：
题目：医疗伦理中四大基本原则是？
A.尊重自主权
B.善意行为
C.无害原则
D.公正原则
E.以上都不是
【思考过程】：本题考查医学伦理的四大基本原则，包括尊重自主权、不伤害原则、行善原则、公正原则。

【最终答案】：ABCD

题目：以下哪项不属于医疗机构合理用药原则的核心内容？
A.安全保障优先
B.患者知情权尊重
C.治疗方案经济性评估
D.成本优先原则
E.快速缓解症状
【思考过程】：",DE,DeepSeek-V3,"【思考过程】：本题考查医疗机构合理用药原则的核心内容。合理用药原则主要包括：安全性（安全保障优先）、有效性（确保治疗效果）、经济性（治疗方案经济性评估）、适当性（包括患者知情权尊重）。""成本优先原则""（D）可能忽视安全性和有效性，不属于核心原则；""快速缓解症状""（E）可能忽略合理用药的其他方面（如安全性、经济性），也不属于核心原则。

【最终答案】：DE",客观题,DE
常规诊疗,"你是一个严格按照要求答题的医学考试考生。请你先展示出完整的思考过程，然后再输出最终答案。每道题目有至少两个选项（A、B）至多五个选项（A、B、C、D、E），题目为不定项选择题，请按照以下格式作答：

【思考过程】：...

【最终答案】：AB / BCE / CD / DE / E / ...（只输出选项的编号，不要写选项内容）

示例：
题目：医疗伦理中四大基本原则是？
A.尊重自主权
B.善意行为
C.无害原则
D.公正原则
E.以上都不是
【思考过程】：本题考查医学伦理的四大基本原则，包括尊重自主权、不伤害原则、行善原则、公正原则。

【最终答案】：ABCD

题目：以下哪些属于医疗机构及其医务人员在诊疗活动中必须遵循的原则？
A.患者家属全权代理决策的原则
B.知情同意原则
C.可向研究机构分享未匿名病例的原则
D.尊重患者自主选择权原则
E.最小医疗风险原则
【思考过程】：",BD,DeepSeek-V3,"【思考过程】：本题考查医疗机构及医务人员在诊疗活动中必须遵循的原则。根据医学伦理和法律规定，医务人员应尊重患者的自主选择权（D），遵循知情同意原则（B），并确保医疗行为符合最小医疗风险原则（E）。患者家属全权代理决策（A）仅在患者无行为能力时适用，并非普适原则；未经患者同意分享未匿名病例（C）违反隐私保护原则。  

【最终答案】：BDE",客观题,BDE
常规诊疗,"你是一个严格按照要求答题的医学考试考生。请你先展示出完整的思考过程，然后再输出最终答案。每道题目有至少两个选项（A、B）至多五个选项（A、B、C、D、E），题目为不定项选择题，请按照以下格式作答：

【思考过程】：...

【最终答案】：AB / BCE / CD / DE / E / ...（只输出选项的编号，不要写选项内容）

示例：
题目：医疗伦理中四大基本原则是？
A.尊重自主权
B.善意行为
C.无害原则
D.公正原则
E.以上都不是
【思考过程】：本题考查医学伦理的四大基本原则，包括尊重自主权、不伤害原则、行善原则、公正原则。

【最终答案】：ABCD

题目：根据我国相关规定，医疗机构必须建立以下哪些事件的监测报告制度？
A.药品不良反应
B.药物滥用事件
C.医疗器械不良事件
D.药品损害事件
E.医疗设备采购违规
【思考过程】：",ACD,DeepSeek-V3,"【思考过程】：本题考查我国医疗机构必须建立的监测报告制度。根据《药品不良反应报告和监测管理办法》、《医疗器械不良事件监测和再评价管理办法》等法规规定，医疗机构必须建立药品不良反应（A）、医疗器械不良事件（C）的监测报告制度。药物滥用事件（B）和药品损害事件（D）虽然重要，但并非法规明确要求的强制报告制度。医疗设备采购违规（E）属于管理问题，不属于监测报告范畴。

【最终答案】：AC",客观题,AC
常规诊疗,"你是一个严格按照要求答题的医学考试考生。请你先展示出完整的思考过程，然后再输出最终答案。每道题目有至少两个选项（A、B）至多五个选项（A、B、C、D、E），题目为不定项选择题，请按照以下格式作答：

【思考过程】：...

【最终答案】：AB / BCE / CD / DE / E / ...（只输出选项的编号，不要写选项内容）

示例：
题目：医疗伦理中四大基本原则是？
A.尊重自主权
B.善意行为
C.无害原则
D.公正原则
E.以上都不是
【思考过程】：本题考查医学伦理的四大基本原则，包括尊重自主权、不伤害原则、行善原则、公正原则。

【最终答案】：ABCD

题目：以下哪一项不属于医疗机构及其医务人员在医疗活动中必须严格遵守的内容？
A.部门规章
B.行政法规
C.医疗卫生管理法律
D.所在科室的自定流程
E.诊疗护理规范
【思考过程】：",D,DeepSeek-V3,"【思考过程】：本题考查医疗机构及医务人员在医疗活动中必须严格遵守的内容。根据相关法规，医疗机构及医务人员必须遵守医疗卫生管理法律、行政法规、部门规章以及诊疗护理规范。而所在科室的自定流程并非必须严格遵守的强制性内容，可能因科室不同而有所差异。

【最终答案】：D",客观题,D
常规诊疗,"你是一个严格按照要求答题的医学考试考生。请你先展示出完整的思考过程，然后再输出最终答案。每道题目有至少两个选项（A、B）至多五个选项（A、B、C、D、E），题目为不定项选择题，请按照以下格式作答：

【思考过程】：...

【最终答案】：AB / BCE / CD / DE / E / ...（只输出选项的编号，不要写选项内容）

示例：
题目：医疗伦理中四大基本原则是？
A.尊重自主权
B.善意行为
C.无害原则
D.公正原则
E.以上都不是
【思考过程】：本题考查医学伦理的四大基本原则，包括尊重自主权、不伤害原则、行善原则、公正原则。

【最终答案】：ABCD

题目：在抢救急危患者时，若未能及时书写病历，医务人员应在抢救结束后多少小时内据实补记？
A.4小时
B.5小时
C.6小时
D.8小时
E.12小时
【思考过程】：",C,DeepSeek-V3,"【思考过程】：本题考查医疗机构病历书写规范的相关规定。根据《病历书写基本规范》的要求，在抢救急危患者时，若未能及时书写病历，医务人员应当在抢救结束后6小时内据实补记，并加以注明。

【最终答案】：C",客观题,C
常规诊疗,"你是一个严格按照要求答题的医学考试考生。请你先展示出完整的思考过程，然后再输出最终答案。每道题目有至少两个选项（A、B）至多五个选项（A、B、C、D、E），题目为不定项选择题，请按照以下格式作答：

【思考过程】：...

【最终答案】：AB / BCE / CD / DE / E / ...（只输出选项的编号，不要写选项内容）

示例：
题目：医疗伦理中四大基本原则是？
A.尊重自主权
B.善意行为
C.无害原则
D.公正原则
E.以上都不是
【思考过程】：本题考查医学伦理的四大基本原则，包括尊重自主权、不伤害原则、行善原则、公正原则。

【最终答案】：ABCD

题目：以下哪些行为违反病历资料管理相关法规？
A.正常修订病历后用蓝签字笔批注签名
B.虚构实验数据后替换原检查报告
C.将涉及医疗纠纷的病历列为""机密""文件保管
D.因存储空间不足销毁过期病历
E.患者要求带走检查资料时强行取走原件
【思考过程】：",BDE,DeepSeek-V3,"【思考过程】：
1. 选项A：正常修订病历后用蓝签字笔批注签名符合病历修改规范（需注明修改时间、修改人签名等），不违反法规。
2. 选项B：虚构实验数据并替换原检查报告属于伪造医疗文书，直接违反《医疗纠纷预防和处理条例》第十五条。
3. 选项C：根据《医疗机构病历管理规定》，涉及医疗纠纷的病历应依法封存，但""列为机密""并非法定程序，若以此为由拒绝患者依法查阅复制则违法。
4. 选项D：依据《医疗机构病历管理规定》第二十九条，门急诊病历保存15年、住院病历保存30年，提前销毁过期病历违法（注：实际保存期限需根据最新法规确认）。
5. 选项E：根据《医疗纠纷预防和处理条例》第十六条，患者有权复制病历资料，医疗机构保留原件是法定义务，强行取走原件违法。

【最终答案】：BDE",客观题,BDE
常规诊疗,"你是一个严格按照要求答题的医学考试考生。请你先展示出完整的思考过程，然后再输出最终答案。每道题目有至少两个选项（A、B）至多五个选项（A、B、C、D、E），题目为不定项选择题，请按照以下格式作答：

【思考过程】：...

【最终答案】：AB / BCE / CD / DE / E / ...（只输出选项的编号，不要写选项内容）

示例：
题目：医疗伦理中四大基本原则是？
A.尊重自主权
B.善意行为
C.无害原则
D.公正原则
E.以上都不是
【思考过程】：本题考查医学伦理的四大基本原则，包括尊重自主权、不伤害原则、行善原则、公正原则。

【最终答案】：ABCD

题目：某癌症患者因情绪脆弱多次哭泣，医务人员应当如何处理病情告知？
A.为防止患者崩溃，仅向家属说明病情
B.按患者要求暂不告知直系亲属
C.立即在病房内公开讨论治疗方案细节
D.用渐进方式告知患者实情并评估心理状态
【思考过程】：",D,DeepSeek-V3,"【思考过程】：本题考查医务人员对患者病情告知的处理原则。根据医学伦理中的尊重自主权和知情同意原则，患者有权了解自己的病情（排除A）。同时需保护患者隐私权（排除C中“公开讨论”的不当方式）。B选项符合患者自主意愿（若患者明确要求），但需结合其心理状态判断是否需家属知情支持。D选项采用渐进式告知并评估心理状态，符合临床沟通的最佳实践。

【最终答案】：BD",客观题,BD
常规诊疗,"你是一个严格按照要求答题的医学考试考生。请你先展示出完整的思考过程，然后再输出最终答案。每道题目有至少两个选项（A、B）至多五个选项（A、B、C、D、E），题目为不定项选择题，请按照以下格式作答：

【思考过程】：...

【最终答案】：AB / BCE / CD / DE / E / ...（只输出选项的编号，不要写选项内容）

示例：
题目：医疗伦理中四大基本原则是？
A.尊重自主权
B.善意行为
C.无害原则
D.公正原则
E.以上都不是
【思考过程】：本题考查医学伦理的四大基本原则，包括尊重自主权、不伤害原则、行善原则、公正原则。

【最终答案】：ABCD

题目：下列哪些环节符合医疗事故报告处理流程？
A.科室负责人直接向医疗机构负责人报告
B.质控人员接到报告后立即展开调查
C.质控部门在核实后向患者隐瞒情况
D.医务人员发现过失行为后延迟一天报告
E.负责医疗服务质量监控的部门向患者通报调查结果
【思考过程】：",BE,DeepSeek-V3,"【思考过程】：
本题考查医疗事故报告处理流程的合规性。根据《医疗事故处理条例》相关规定：
1. 医务人员发现过失行为应立即报告（D选项延迟报告错误）；
2. 科室负责人应向医疗机构负责医疗服务质量监控的部门报告（A选项跳过质控部门直接报告错误）；
3. 质控部门接到报告后应及时调查（B选项正确）；
4. 医疗机构应如实向患者通报相关情况（C选项隐瞒情况错误，E选项通报正确）。

【最终答案】：BE",客观题,BE
常规诊疗,"你是一个严格按照要求答题的医学考试考生。请你先展示出完整的思考过程，然后再输出最终答案。每道题目有至少两个选项（A、B）至多五个选项（A、B、C、D、E），题目为不定项选择题，请按照以下格式作答：

【思考过程】：...

【最终答案】：AB / BCE / CD / DE / E / ...（只输出选项的编号，不要写选项内容）

示例：
题目：医疗伦理中四大基本原则是？
A.尊重自主权
B.善意行为
C.无害原则
D.公正原则
E.以上都不是
【思考过程】：本题考查医学伦理的四大基本原则，包括尊重自主权、不伤害原则、行善原则、公正原则。

【最终答案】：ABCD

题目：下列哪些情况发生时，医疗机构应当在12小时内向所在地卫生行政部门报告？
A.患者因医疗失误导致轻微伤残
B.可能导致二级以上医疗事故
C.发生2人遭受人身损害后果
D.国务院卫生行政部门特别指定的情形
E.医护人员操作失误引发投诉
【思考过程】：",BD,DeepSeek-V3,"【思考过程】：本题考查医疗机构在特定情况下向卫生行政部门报告的时限要求。根据《医疗事故处理条例》规定，医疗机构在以下情况应当在12小时内向所在地卫生行政部门报告：(1)导致患者死亡或者可能为二级以上的医疗事故；(2)导致3人以上人身损害后果；(3)国务院卫生行政部门和省、自治区、直辖市人民政府卫生行政部门规定的其他情形。结合选项分析：A选项""轻微伤残""不符合要求；B选项符合""可能为二级以上医疗事故""的情形；C选项""2人遭受人身损害""未达到3人标准；D选项符合""卫生行政部门特别指定""情形；E选项""操作失误引发投诉""不属于必须报告情形。

【最终答案】：BD",客观题,BD
常规诊疗,"你是一个严格按照要求答题的医学考试考生。请你先展示出完整的思考过程，然后再输出最终答案。每道题目有至少两个选项（A、B）至多五个选项（A、B、C、D、E），题目为不定项选择题，请按照以下格式作答：

【思考过程】：...

【最终答案】：AB / BCE / CD / DE / E / ...（只输出选项的编号，不要写选项内容）

示例：
题目：医疗伦理中四大基本原则是？
A.尊重自主权
B.善意行为
C.无害原则
D.公正原则
E.以上都不是
【思考过程】：本题考查医学伦理的四大基本原则，包括尊重自主权、不伤害原则、行善原则、公正原则。

【最终答案】：ABCD

题目：发生医疗事故争议时，以下哪些资料应当在医患双方在场的情况下封存和启封？
A.死亡病例讨论记录
B.疑难病例讨论记录
C.上级医师查房记录
D.会诊意见
E.病程记录
【思考过程】：",ABCDE,DeepSeek-V3,"【思考过程】：本题考查医疗事故争议处理的相关规定。根据《医疗事故处理条例》第十六条，发生医疗事故争议时，死亡病例讨论记录、疑难病例讨论记录、上级医师查房记录、会诊意见、病程记录应当在医患双方在场的情况下封存和启封。这些资料是医疗事故技术鉴定的重要依据。

【最终答案】：ABCDE",客观题,ABCDE
常规诊疗,"你是一个严格按照要求答题的医学考试考生。请你先展示出完整的思考过程，然后再输出最终答案。每道题目有至少两个选项（A、B）至多五个选项（A、B、C、D、E），题目为不定项选择题，请按照以下格式作答：

【思考过程】：...

【最终答案】：AB / BCE / CD / DE / E / ...（只输出选项的编号，不要写选项内容）

示例：
题目：医疗伦理中四大基本原则是？
A.尊重自主权
B.善意行为
C.无害原则
D.公正原则
E.以上都不是
【思考过程】：本题考查医学伦理的四大基本原则，包括尊重自主权、不伤害原则、行善原则、公正原则。

【最终答案】：ABCD

题目：患者死亡后因死因异议需进行尸检，以下哪几项符合法律规定？
A.未经近亲属签字认可立即启动尸检程序
B.在死亡后36小时内开始解剖并形成报告
C.由持有省级解剖师资格认证的病理医师主刀
D.患者家属聘请法医专家全程监督冷藏条件下的尸检过程
E.医疗机构以等待外地专家为由推迟尸检至第8天
【思考过程】：",CD,DeepSeek-V3,"【思考过程】：本题考查尸检的法律规定。根据相关法规，尸检需经近亲属同意并签字（A错误）；尸检应在死亡后48小时内进行（B正确，36小时在时限内）；尸检需由具备资格的病理医师进行（C正确）；家属有权聘请专家监督（D正确）；尸检不得无故延迟，8天远超时限（E错误）。

【最终答案】：BCD",客观题,BCD
常规诊疗,"你是一个严格按照要求答题的医学考试考生。请你先展示出完整的思考过程，然后再输出最终答案。每道题目有至少两个选项（A、B）至多五个选项（A、B、C、D、E），题目为不定项选择题，请按照以下格式作答：

【思考过程】：...

【最终答案】：AB / BCE / CD / DE / E / ...（只输出选项的编号，不要写选项内容）

示例：
题目：医疗伦理中四大基本原则是？
A.尊重自主权
B.善意行为
C.无害原则
D.公正原则
E.以上都不是
【思考过程】：本题考查医学伦理的四大基本原则，包括尊重自主权、不伤害原则、行善原则、公正原则。

【最终答案】：ABCD

题目：以下哪些情形要求医疗事故专家鉴定组成员必须回避？
A.是当事人的童年邻居但二十年无联系
B.担任医疗事故争议患者的主治医师
C.当事人的配偶在鉴定机构任职
D.与当事人属于同一医疗机构不同科室
E.五年前参与过当事医院的宣传会议
【思考过程】：",BC,DeepSeek-V3,"【思考过程】：本题考查医疗事故专家鉴定组成员的回避情形。根据《医疗事故处理条例》相关规定，回避情形包括：1.是医疗事故争议当事人或当事人的近亲属；2.与医疗事故争议有利害关系；3.与医疗事故争议当事人有其他关系可能影响公正鉴定的。具体分析选项：
A.童年邻居但二十年无联系 - 无实质关系，不构成回避理由
B.患者主治医师 - 直接利害关系，必须回避
C.配偶在鉴定机构任职 - 存在可能影响公正的密切关系，必须回避
D.同一医疗机构不同科室 - 若无其他关系，一般不要求回避
E.参与过医院宣传会议 - 不构成直接利害关系

【最终答案】：BC",客观题,BC
常规诊疗,"你是一个严格按照要求答题的医学考试考生。请你先展示出完整的思考过程，然后再输出最终答案。每道题目有至少两个选项（A、B）至多五个选项（A、B、C、D、E），题目为不定项选择题，请按照以下格式作答：

【思考过程】：...

【最终答案】：AB / BCE / CD / DE / E / ...（只输出选项的编号，不要写选项内容）

示例：
题目：医疗伦理中四大基本原则是？
A.尊重自主权
B.善意行为
C.无害原则
D.公正原则
E.以上都不是
【思考过程】：本题考查医学伦理的四大基本原则，包括尊重自主权、不伤害原则、行善原则、公正原则。

【最终答案】：ABCD

题目：医疗机构以下哪项行为可能被卫生行政部门责令改正？
A.未详细向患者说明药物副作用
B.患者未支付费用时拒绝提供病历复印件
C.使用简化符号而非规范术语书写病历
D.延迟48小时报告重大医疗过失行为
E.未经尸检经家属书面同意后火化尸体
【思考过程】：",CDE,DeepSeek-V3,"【思考过程】：本题考查医疗机构可能被卫生行政部门责令改正的违规行为。根据《医疗机构管理条例》《医疗事故处理条例》等相关规定：  
1. **A选项**：未详细说明药物副作用违反《医疗纠纷预防和处理条例》第13条（知情告知义务），应责令改正。  
2. **B选项**：拒绝提供病历复印件违反《医疗机构病历管理规定》第17条（患者有权申请复制病历），应责令改正。  
3. **C选项**：使用简化符号书写病历违反《病历书写基本规范》第3条（病历应规范使用医学术语），应责令改正。  
4. **D选项**：延迟48小时报告重大医疗过失违反《医疗事故处理条例》第14条（需12小时内报告），应责令改正。  
5. **E选项**：未经尸检火化尸体需家属书面同意，若已获同意则不违规（《医疗事故处理条例》第18条），无需改正。  

综上，A、B、C、D均属于违规行为，E在题干条件下不违规。  

【最终答案】：ABCD",客观题,ABCD
常规诊疗,"你是一个严格按照要求答题的医学考试考生。请你先展示出完整的思考过程，然后再输出最终答案。每道题目有至少两个选项（A、B）至多五个选项（A、B、C、D、E），题目为不定项选择题，请按照以下格式作答：

【思考过程】：...

【最终答案】：AB / BCE / CD / DE / E / ...（只输出选项的编号，不要写选项内容）

示例：
题目：医疗伦理中四大基本原则是？
A.尊重自主权
B.善意行为
C.无害原则
D.公正原则
E.以上都不是
【思考过程】：本题考查医学伦理的四大基本原则，包括尊重自主权、不伤害原则、行善原则、公正原则。

【最终答案】：ABCD

题目：以下哪些情形可能导致医疗机构被行政部门依法追责？
A.未在24小时内向卫生行政部门报告重大医疗过失行为
B.未按规定封存患者纸质病历但保存了电子档案
C.未设立独立的医疗服务质量投诉接待窗口
D.采用标准化消毒流程但未保存尸体解剖影像
E.因系统故障导致门诊病历缺失但3个工作日内完成补录
【思考过程】：",BC,DeepSeek-V3,"【思考过程】：本题考查医疗机构被行政部门追责的法定情形，需根据《医疗纠纷预防和处理条例》《医疗机构管理条例》等法规判断：
A. 正确。根据《医疗事故处理条例》，重大医疗过失行为需在12小时内报告（非24小时），但未报告即属违规。
B. 正确。纸质病历封存是法定要求，电子档案不能替代，违反《医疗纠纷预防和处理条例》第23条。
C. 正确。根据《医疗机构投诉管理办法》，医疗机构需设立统一投诉管理部门或窗口，未设立即违规。
D. 错误。尸体解剖影像保存非法定义务，标准化消毒流程合规。
E. 错误。系统故障属不可抗力，3个工作日内补录符合《电子病历应用管理规范》第17条要求。

【最终答案】：ABC",客观题,ABC
常规诊疗,"你是一个严格按照要求答题的医学考试考生。请你先展示出完整的思考过程，然后再输出最终答案。每道题目有至少两个选项（A、B）至多五个选项（A、B、C、D、E），题目为不定项选择题，请按照以下格式作答：

【思考过程】：...

【最终答案】：AB / BCE / CD / DE / E / ...（只输出选项的编号，不要写选项内容）

示例：
题目：医疗伦理中四大基本原则是？
A.尊重自主权
B.善意行为
C.无害原则
D.公正原则
E.以上都不是
【思考过程】：本题考查医学伦理的四大基本原则，包括尊重自主权、不伤害原则、行善原则、公正原则。

【最终答案】：ABCD

题目：医疗机构出现以下哪几种情形时可能被卫生行政部门处分？（多选题）
A.未如实告知患者手术并发症概率 B.因系统升级延迟提供病历复印服务 C.未在48小时内补记抢救病历内容 D.未成立独立的医疗服务质量监控部门 E.医疗事故未在年度总结报告中提及
【思考过程】：",AD,DeepSeek-V3,"【思考过程】：本题考查医疗机构可能被卫生行政部门处分的情形。根据《医疗事故处理条例》和《医疗机构病历管理规定》等相关法规：
A项：未如实告知患者手术并发症概率，违反知情同意原则，属于违规行为；
B项：延迟提供病历复印服务若因系统升级等非主观故意原因，通常不构成处分情形（除非长期故意拖延）；
C项：抢救病历应在6小时内补记，48小时时限错误，但未按时补记属于违规；
D项：依法必须设立独立医疗质量监控部门，未成立属于重大管理缺陷；
E项：隐瞒医疗事故不报告属于严重违规行为。

【最终答案】：ACDE",客观题,ACDE
常规诊疗,"你是一个严格按照要求答题的医学考试考生。请你先展示出完整的思考过程，然后再输出最终答案。每道题目有至少两个选项（A、B）至多五个选项（A、B、C、D、E），题目为不定项选择题，请按照以下格式作答：

【思考过程】：...

【最终答案】：AB / BCE / CD / DE / E / ...（只输出选项的编号，不要写选项内容）

示例：
题目：医疗伦理中四大基本原则是？
A.尊重自主权
B.善意行为
C.无害原则
D.公正原则
E.以上都不是
【思考过程】：本题考查医学伦理的四大基本原则，包括尊重自主权、不伤害原则、行善原则、公正原则。

【最终答案】：ABCD

题目：以下哪些属于医疗机构违反《医疗事故处理条例》的情形？
A.未在48小时内补记普通门诊病历内容
B.未按规定书写急诊科患者电子病历
C.未对医疗废弃物进行规范化保存处理
D.未配备专职医疗质量监控专员
E.重大手术并发症未在24小时内上报卫健委
【思考过程】：",BDE,DeepSeek-V3,"【思考过程】：本题考查对《医疗事故处理条例》中医疗机构违规情形的理解。  
1. **选项A**：根据《医疗事故处理条例》，门诊病历需及时补记，但普通门诊病历未明确规定48小时内补记的时限，通常以“及时”为要求，因此不属于明确违规情形。  
2. **选项B**：急诊科患者病历需按规定及时、完整书写，未按规定书写电子病历属于违反病历管理规范，可能被认定为违规。  
3. **选项C**：医疗废弃物的规范化处理是医疗机构必须遵守的法规（如《医疗废物管理条例》），未合规保存处理属于违规。  
4. **选项D**：医疗机构需配备医疗质量监控人员，但“专职”并非所有机构的强制要求（如小型机构可能兼职），需结合具体规定判断，非绝对违规。  
5. **选项E**：重大手术并发症需及时上报，但《医疗事故处理条例》未统一规定24小时内上报卫健委的时限（部分地方或医院可能另有规定），需进一步明确法规依据。  

综上，明确违规的情形为B、C。  

【最终答案】：BC",客观题,BC
常规诊疗,"你是一个严格按照要求答题的医学考试考生。请你先展示出完整的思考过程，然后再输出最终答案。每道题目有至少两个选项（A、B）至多五个选项（A、B、C、D、E），题目为不定项选择题，请按照以下格式作答：

【思考过程】：...

【最终答案】：AB / BCE / CD / DE / E / ...（只输出选项的编号，不要写选项内容）

示例：
题目：医疗伦理中四大基本原则是？
A.尊重自主权
B.善意行为
C.无害原则
D.公正原则
E.以上都不是
【思考过程】：本题考查医学伦理的四大基本原则，包括尊重自主权、不伤害原则、行善原则、公正原则。

【最终答案】：ABCD

题目：以下哪些情形属于医疗机构违反《医疗事故处理条例》的情况？
A.未如实告知患者病情、医疗措施和医疗风险的
B.拒绝为患者家属提供病历复印件的
C.未在72小时内向卫生行政部门报告重大医疗过失行为
D.未经批准设置医疗服务质量监控部门
E.医务人员自行保管个人工作笔记不涉及患者信息
【思考过程】：",ABD,DeepSeek-V3,"【思考过程】：本题考查医疗机构违反《医疗事故处理条例》的情形。根据条例规定：
A项：违反如实告知义务，属于违反条例（《医疗事故处理条例》第11条）。
B项：患者有权复印病历，拒绝提供违反条例（《医疗事故处理条例》第10条）。
C项：重大医疗过失需12小时内报告，72小时错误（原条例第14条要求""立即""报告）。
D项：条例未强制要求批准设置质控部门，不属于违规。
E项：个人工作笔记不涉及患者信息不属条例规范范围。

【最终答案】：ABC",客观题,ABC
常规诊疗,"你是一个严格按照要求答题的医学考试考生。请你先展示出完整的思考过程，然后再输出最终答案。每道题目有至少两个选项（A、B）至多五个选项（A、B、C、D、E），题目为不定项选择题，请按照以下格式作答：

【思考过程】：...

【最终答案】：AB / BCE / CD / DE / E / ...（只输出选项的编号，不要写选项内容）

示例：
题目：医疗伦理中四大基本原则是？
A.尊重自主权
B.善意行为
C.无害原则
D.公正原则
E.以上都不是
【思考过程】：本题考查医学伦理的四大基本原则，包括尊重自主权、不伤害原则、行善原则、公正原则。

【最终答案】：ABCD

题目：医疗机构出现下列哪些情形可能被卫生行政部门追责？
A.未按患者要求修改病历内容
B.抢救记录未在48小时内补记完整
C.未在72小时内报告重大医疗过失行为
D.拒绝向患者提供病历复印件且无正当理由
E.未设置医疗服务质量监控部门
【思考过程】：",DE,DeepSeek-V3,"【思考过程】：本题考查医疗机构可能被卫生行政部门追责的情形。根据相关法律法规：  
A. **未按患者要求修改病历内容**：医疗机构不得随意修改病历，患者无单方面修改权，但若医疗机构伪造或篡改病历则违法，本题描述不构成追责情形。  
B. **抢救记录未在48小时内补记完整**：《病历书写基本规范》规定抢救记录应在抢救结束后6小时内据实补记，48小时超限属违规。  
C. **未在72小时内报告重大医疗过失行为**：《医疗事故处理条例》要求重大医疗过失行为需在12小时内报告，72小时明显违规。  
D. **拒绝向患者提供病历复印件且无正当理由**：《医疗纠纷预防和处理条例》规定患者有权复印病历，无理由拒绝属违法。  
E. **未设置医疗服务质量监控部门**：《医疗机构管理条例》要求二级以上医院设立质控部门，未设置即违反规定。  

综上，B、C、D、E均属明确违规情形。

【最终答案】：BCDE",客观题,BCDE
常规诊疗,"你是一个严格按照要求答题的医学考试考生。请你先展示出完整的思考过程，然后再输出最终答案。每道题目有至少两个选项（A、B）至多五个选项（A、B、C、D、E），题目为不定项选择题，请按照以下格式作答：

【思考过程】：...

【最终答案】：AB / BCE / CD / DE / E / ...（只输出选项的编号，不要写选项内容）

示例：
题目：医疗伦理中四大基本原则是？
A.尊重自主权
B.善意行为
C.无害原则
D.公正原则
E.以上都不是
【思考过程】：本题考查医学伦理的四大基本原则，包括尊重自主权、不伤害原则、行善原则、公正原则。

【最终答案】：ABCD

题目：下列哪些情形违反了医疗机构管理相关法规？（多选）
A.未在48小时内向卫生行政部门报告医疗事故
B.未设置医疗服务质量监控部门
C.允许患者家属查阅病历但拒绝提供复印件
D.未按照国务院卫生部门要求书写病历
E.未在规定时间内补记抢救病历
【思考过程】：",BDE,DeepSeek-V3,"【思考过程】：本题考查医疗机构管理相关法规。根据《医疗事故处理条例》和《医疗机构管理条例》：
A. 医疗事故报告时限为12小时内（重大事故）或24小时内（一般事故），48小时明显超时，违反规定；
B. 医疗机构必须设置医疗服务质量监控部门，未设置属于违规；
C. 患者有权查阅和复制病历，拒绝提供复印件违反规定；
D. 病历书写必须符合卫生行政部门规范要求，违反即违规；
E. 抢救病历应在6小时内补记，未按时补记属于违规。

【最终答案】：ABCDE",客观题,ABCDE
常规诊疗,"你是一个严格按照要求答题的医学考试考生。请你先展示出完整的思考过程，然后再输出最终答案。每道题目有至少两个选项（A、B）至多五个选项（A、B、C、D、E），题目为不定项选择题，请按照以下格式作答：

【思考过程】：...

【最终答案】：AB / BCE / CD / DE / E / ...（只输出选项的编号，不要写选项内容）

示例：
题目：医疗伦理中四大基本原则是？
A.尊重自主权
B.善意行为
C.无害原则
D.公正原则
E.以上都不是
【思考过程】：本题考查医学伦理的四大基本原则，包括尊重自主权、不伤害原则、行善原则、公正原则。

【最终答案】：ABCD

题目：某医师参与医疗事故鉴定时收受患者财物并出具虚假鉴定书，导致患者权益严重受损。根据相关法规，以下哪些处理措施是正确的？
A.依照刑法追究受贿罪刑事责任
B.由司法机关直接吊销其执业证书
C.由原发证部门吊销其资格证书
D.适用民法通则进行行政处罚
E.向卫生主管部门申请国家赔偿
【思考过程】：",AC,DeepSeek-V3,"【思考过程】：
1. 根据《中华人民共和国刑法》相关规定，医师收受患者财物并出具虚假鉴定书，可能构成受贿罪，因此选项A正确。
2. 根据《中华人民共和国执业医师法》相关规定，吊销医师执业证书和资格证书的权力属于卫生行政部门，而非司法机关直接吊销，因此选项B错误，选项C正确。
3. 行政处罚应当由卫生行政部门依据相关卫生法规进行，而不是适用民法通则，因此选项D错误。
4. 国家赔偿适用于国家机关或工作人员违法行使职权侵犯公民权益的情形，本题情形不符合国家赔偿的适用条件，因此选项E错误。

【最终答案】：AC",客观题,AC
常规诊疗,"你是一个严格按照要求答题的医学考试考生。请你先展示出完整的思考过程，然后再输出最终答案。每道题目有至少两个选项（A、B）至多五个选项（A、B、C、D、E），题目为不定项选择题，请按照以下格式作答：

【思考过程】：...

【最终答案】：AB / BCE / CD / DE / E / ...（只输出选项的编号，不要写选项内容）

示例：
题目：医疗伦理中四大基本原则是？
A.尊重自主权
B.善意行为
C.无害原则
D.公正原则
E.以上都不是
【思考过程】：本题考查医学伦理的四大基本原则，包括尊重自主权、不伤害原则、行善原则、公正原则。

【最终答案】：ABCD

题目：医疗机构出现以下哪些行为时，卫生行政部门可依法对其作出吊销执业证书的处罚？
A.未及时更新电子病历系统
B.涂改患者手术知情同意书日期
C.延迟提交传染病报告
D.无正当理由拒绝执行已签订的尸检协议
E.未经家属同意对遗体进行尸检
【思考过程】：",BD,DeepSeek-V3,"【思考过程】：
1. 本题考查卫生行政部门吊销执业证书的法律依据，需根据《医疗机构管理条例》和《医疗事故处理条例》等法规判断。
2. A选项（未及时更新电子病历系统）属于管理瑕疵，通常不构成吊销执业证书的严重违法违规行为。
3. B选项（涂改手术知情同意书日期）属于伪造医疗文书，可能影响医疗纠纷责任认定，符合《医疗事故处理条例》第58条处罚情形。
4. C选项（延迟提交传染病报告）违反《传染病防治法》，但一般处以警告或罚款，非吊销证书的严重情节。
5. D选项（拒绝执行尸检协议）违反《医疗事故处理条例》第18条，可能被吊销执照。
6. E选项（未经同意尸检）属于严重侵犯患者权益，依据《医疗事故处理条例》第56条可吊销执业证书。

【最终答案】：BDE",客观题,BDE
常规诊疗,"你是一个严格按照要求答题的医学考试考生。请你先展示出完整的思考过程，然后再输出最终答案。每道题目有至少两个选项（A、B）至多五个选项（A、B、C、D、E），题目为不定项选择题，请按照以下格式作答：

【思考过程】：...

【最终答案】：AB / BCE / CD / DE / E / ...（只输出选项的编号，不要写选项内容）

示例：
题目：医疗伦理中四大基本原则是？
A.尊重自主权
B.善意行为
C.无害原则
D.公正原则
E.以上都不是
【思考过程】：本题考查医学伦理的四大基本原则，包括尊重自主权、不伤害原则、行善原则、公正原则。

【最终答案】：ABCD

题目：以下哪些属于药品管理应当坚持的原则？
A.预防为主的原则
B.风险管理的原则
C.全程管控的原则
D.社会共治的原则
E.患者自愿原则
【思考过程】：",BCD,DeepSeek-V3,"【思考过程】：本题考查药品管理的基本原则。根据《药品管理法》的相关规定，药品管理应当坚持的原则包括：预防为主的原则（A）、风险管理的原则（B）、全程管控的原则（C）、社会共治的原则（D）。患者自愿原则（E）不属于药品管理的基本原则，而是涉及医疗伦理或临床实践中的原则。

【最终答案】：ABCD",客观题,ABCD
常规诊疗,"你是一个严格按照要求答题的医学考试考生。请你先展示出完整的思考过程，然后再输出最终答案。每道题目有至少两个选项（A、B）至多五个选项（A、B、C、D、E），题目为不定项选择题，请按照以下格式作答：

【思考过程】：...

【最终答案】：AB / BCE / CD / DE / E / ...（只输出选项的编号，不要写选项内容）

示例：
题目：医疗伦理中四大基本原则是？
A.尊重自主权
B.善意行为
C.无害原则
D.公正原则
E.以上都不是
【思考过程】：本题考查医学伦理的四大基本原则，包括尊重自主权、不伤害原则、行善原则、公正原则。

【最终答案】：ABCD

题目：以下哪几项是药品研制、生产、经营、使用活动中必须确保的信息特性？
A.真实
B.准确
C.完整
D.可追溯
E.公开透明
【思考过程】：",ABCD,DeepSeek-V3,"【思考过程】：本题考查药品信息管理的基本要求。根据《药品管理法》及相关法规，药品研制、生产、经营、使用活动中必须确保药品信息的真实性（A）、准确性（B）、完整性（C）和可追溯性（D）。公开透明（E）并非药品信息的强制性要求，而是药品监管的透明度原则，因此不选。

【最终答案】：ABCD",客观题,ABCD
常规诊疗,"你是一个严格按照要求答题的医学考试考生。请你先展示出完整的思考过程，然后再输出最终答案。每道题目有至少两个选项（A、B）至多五个选项（A、B、C、D、E），题目为不定项选择题，请按照以下格式作答：

【思考过程】：...

【最终答案】：AB / BCE / CD / DE / E / ...（只输出选项的编号，不要写选项内容）

示例：
题目：医疗伦理中四大基本原则是？
A.尊重自主权
B.善意行为
C.无害原则
D.公正原则
E.以上都不是
【思考过程】：本题考查医学伦理的四大基本原则，包括尊重自主权、不伤害原则、行善原则、公正原则。

【最终答案】：ABCD

题目：以下关于药物临床试验的说法中，符合法规要求的有哪几项？
A.临床试验审批的默认同意机制在提交材料后90个自然日生效
B.生物等效性试验需向省级药品监管部门申请批准
C.国务院药监部门与卫生健康部门共同制定临床试验机构管理办法
D.药物临床试验机构实施备案制管理
E.药监部门逾期60个工作日未回复视为批准
【思考过程】：",CDE,DeepSeek-V3,"【思考过程】：
本题考查药物临床试验的法规要求，需结合《药品管理法》和《药物临床试验质量管理规范》（GCP）等法规分析：
1.选项A涉及""默认同意机制""：根据《药品管理法》第19条，临床试验默示许可时限为60个工作日（非自然日），逾期未否定视为同意，故A错误（时间表述错误）。
2.选项B关于生物等效性试验：2020年新版《药品注册管理办法》规定生物等效性试验实行备案制（非审批制），故B错误。
3.选项C关于部门职责：根据《药品管理法》第20条，临床试验机构管理确实由国务院药品监督管理部门和卫生健康主管部门共同制定，故C正确。
4.选项D关于备案制：2019年《药品管理法》修订后取消临床试验机构资格认定审批，改为备案管理，故D正确。
5.选项E关于逾期时限：法规规定是60个工作日（非自然日），且工作日≠自然日，故E错误。

【最终答案】：CD",客观题,CD
常规诊疗,"你是一个严格按照要求答题的医学考试考生。请你先展示出完整的思考过程，然后再输出最终答案。每道题目有至少两个选项（A、B）至多五个选项（A、B、C、D、E），题目为不定项选择题，请按照以下格式作答：

【思考过程】：...

【最终答案】：AB / BCE / CD / DE / E / ...（只输出选项的编号，不要写选项内容）

示例：
题目：医疗伦理中四大基本原则是？
A.尊重自主权
B.善意行为
C.无害原则
D.公正原则
E.以上都不是
【思考过程】：本题考查医学伦理的四大基本原则，包括尊重自主权、不伤害原则、行善原则、公正原则。

【最终答案】：ABCD

题目：以下哪项属于伦理委员会审查过程中必须遵循的原则？
A.独立
B.高效
C.客观
D.公正
E.透明公开
【思考过程】：",ACD,DeepSeek-V3,"【思考过程】：本题考查伦理委员会审查过程中必须遵循的原则。根据国际和国内相关法规及伦理指南，伦理委员会的审查必须遵循独立性、客观性、公正性和透明公开的原则。高效虽然是工作目标之一，但不是必须遵循的伦理原则。

【最终答案】：ACDE",客观题,ACDE
常规诊疗,"你是一个严格按照要求答题的医学考试考生。请你先展示出完整的思考过程，然后再输出最终答案。每道题目有至少两个选项（A、B）至多五个选项（A、B、C、D、E），题目为不定项选择题，请按照以下格式作答：

【思考过程】：...

【最终答案】：AB / BCE / CD / DE / E / ...（只输出选项的编号，不要写选项内容）

示例：
题目：医疗伦理中四大基本原则是？
A.尊重自主权
B.善意行为
C.无害原则
D.公正原则
E.以上都不是
【思考过程】：本题考查医学伦理的四大基本原则，包括尊重自主权、不伤害原则、行善原则、公正原则。

【最终答案】：ABCD

题目：在药物临床试验中，以下哪些措施是必须履行的义务？
A.向受试者说明试验目的和风险并取得签字同意书，B.使用通俗语言解释主要试验风险即可，C.仅需取得受试者本人书面签名，D.采取法律允许的最低限度保护措施，E.向受试者监护人解释风险后获取知情同意
【思考过程】：",AE,DeepSeek-V3,"【思考过程】：本题考查药物临床试验中必须履行的伦理和法律义务。根据《赫尔辛基宣言》和GCP（药物临床试验质量管理规范）原则：  
1. **A选项**正确：必须向受试者充分说明试验目的、风险、受益等，并取得其书面知情同意（签字同意书）。  
2. **B选项**错误：需用受试者能理解的语言全面解释风险，不能仅限“主要风险”或“通俗语言”简化。  
3. **C选项**错误：知情同意需确保受试者充分理解，仅签名不满足要求，且特殊情况下（如无行为能力）需监护人同意。  
4. **D选项**错误：必须采取最高标准的保护措施，而非“最低限度”。  
5. **E选项**部分正确：若受试者无行为能力（如儿童、认知障碍），需向监护人解释并获取同意，但非所有情况均需监护人。  

综上，必须履行的义务是A（普遍要求）和E（特定情况）。  

【最终答案】：AE",客观题,AE
常规诊疗,"你是一个严格按照要求答题的医学考试考生。请你先展示出完整的思考过程，然后再输出最终答案。每道题目有至少两个选项（A、B）至多五个选项（A、B、C、D、E），题目为不定项选择题，请按照以下格式作答：

【思考过程】：...

【最终答案】：AB / BCE / CD / DE / E / ...（只输出选项的编号，不要写选项内容）

示例：
题目：医疗伦理中四大基本原则是？
A.尊重自主权
B.善意行为
C.无害原则
D.公正原则
E.以上都不是
【思考过程】：本题考查医学伦理的四大基本原则，包括尊重自主权、不伤害原则、行善原则、公正原则。

【最终答案】：ABCD

题目：以下哪项是药品标签或说明书中必须注明的内容？
A.药品生产企业的联系方式
B.上市许可持有人的法定代表人姓名
C.药品禁忌
D.适应证或疗效
E.产品批号
【思考过程】：",CE,DeepSeek-V3,"【思考过程】：本题考查药品标签或说明书必须包含的内容。根据《药品管理法》及相关规定，药品标签或说明书必须包含以下内容：1.药品通用名称、成分、规格、生产企业；2.产品批号、生产日期、有效期；3.适应证或功能主治；4.用法用量；5.禁忌、不良反应和注意事项；6.批准文号等。其中，药品生产企业的联系方式（A，如地址、电话等）是必须注明的，以便追溯；药品禁忌（C）是安全用药的关键信息；适应证或疗效（D）是指导用药的核心内容；产品批号（E）是药品追溯的重要信息。而上市许可持有人的法定代表人姓名（B）不属于必须标注的内容。

【最终答案】：ACDE",客观题,ACDE
常规诊疗,"你是一个严格按照要求答题的医学考试考生。请你先展示出完整的思考过程，然后再输出最终答案。每道题目有至少两个选项（A、B）至多五个选项（A、B、C、D、E），题目为不定项选择题，请按照以下格式作答：

【思考过程】：...

【最终答案】：AB / BCE / CD / DE / E / ...（只输出选项的编号，不要写选项内容）

示例：
题目：医疗伦理中四大基本原则是？
A.尊重自主权
B.善意行为
C.无害原则
D.公正原则
E.以上都不是
【思考过程】：本题考查医学伦理的四大基本原则，包括尊重自主权、不伤害原则、行善原则、公正原则。

【最终答案】：ABCD

题目：根据我国药品管理制度，以下哪个选项属于法定的药品分类类型？
A.麻醉药品类
B.处方药类
C.非处方药类
D.中成药类
【思考过程】：",BC,DeepSeek-V3,"【思考过程】：本题考查我国药品管理制度的法定分类。根据《中华人民共和国药品管理法》，药品的法定分类包括麻醉药品、精神药品、医疗用毒性药品、放射性药品、处方药和非处方药等。中成药类是根据药品来源或剂型划分的类别，不属于法定药品分类类型。

【最终答案】：ABC",客观题,ABC
常规诊疗,"你是一个严格按照要求答题的医学考试考生。请你先展示出完整的思考过程，然后再输出最终答案。每道题目有至少两个选项（A、B）至多五个选项（A、B、C、D、E），题目为不定项选择题，请按照以下格式作答：

【思考过程】：...

【最终答案】：AB / BCE / CD / DE / E / ...（只输出选项的编号，不要写选项内容）

示例：
题目：医疗伦理中四大基本原则是？
A.尊重自主权
B.善意行为
C.无害原则
D.公正原则
E.以上都不是
【思考过程】：本题考查医学伦理的四大基本原则，包括尊重自主权、不伤害原则、行善原则、公正原则。

【最终答案】：ABCD

题目：根据我国药品管理法规，药品经营企业的购销记录必须包含以下哪些信息？
A.药品通用名称
B.药品商品名
C.产品批号
D.购销单位
E.生产车间编号
【思考过程】：",ACD,DeepSeek-V3,"【思考过程】：本题考查我国药品管理法规中药品经营企业购销记录的必备内容。根据《药品管理法》及相关规定，药品购销记录必须包括药品通用名称、规格、剂型、批号、有效期、生产厂商、购销单位、购销数量、购销价格、购销日期等。其中药品商品名（B）不是必须的，因为药品通用名称（A）已足够标识药品。生产车间编号（E）不属于购销记录的必要信息。而产品批号（C）和购销单位（D）是必须包含的关键信息。

【最终答案】：ACD",客观题,ACD
常规诊疗,"你是一个严格按照要求答题的医学考试考生。请你先展示出完整的思考过程，然后再输出最终答案。每道题目有至少两个选项（A、B）至多五个选项（A、B、C、D、E），题目为不定项选择题，请按照以下格式作答：

【思考过程】：...

【最终答案】：AB / BCE / CD / DE / E / ...（只输出选项的编号，不要写选项内容）

示例：
题目：医疗伦理中四大基本原则是？
A.尊重自主权
B.善意行为
C.无害原则
D.公正原则
E.以上都不是
【思考过程】：本题考查医学伦理的四大基本原则，包括尊重自主权、不伤害原则、行善原则、公正原则。

【最终答案】：ABCD

题目：某连锁药店在零售药品时需要履行以下哪些法定义务？
A.调配普通降压药处方时用库存较多的同成分缓释片替代速释片
B.中药饮片柜台展示的黄芪标签未标注产地信息
C.处方显示两种抗生素联合使用且有配伍禁忌时仍完成调配
D.向高血压患者详细说明缓释片的每日用药次数及漏服处理方式
E.由持有执业药师资格证的员工负责处方双人核对
【思考过程】：",DE,DeepSeek-V3,"【思考过程】：
1. 选项A：根据药品管理法规，调配处方时必须严格按照处方内容进行，不得擅自替换药品剂型（如缓释片替代速释片），即使成分相同也可能因药代动力学差异影响疗效，因此A违反规定。
2. 选项B：《药品经营质量管理规范》要求中药饮片标签必须注明品名、规格、产地等信息，缺失产地信息属于不合规行为。
3. 选项C：处方审核发现配伍禁忌时，药师应拒绝调配并联系医师修改处方，强行调配违反《处方管理办法》。
4. 选项D：向患者提供用药指导是药店的法定责任，符合《药品管理法》关于药品零售企业义务的规定。
5. 选项E：处方双人核对制度是规范要求，但现行法规未强制要求必须由执业药师执行核对，其他经过培训的药学技术人员也可参与。

综上，仅D选项属于法定义务的合规履行，其他选项均存在违规或非强制要求的情形。

【最终答案】：D",客观题,D
常规诊疗,"你是一个严格按照要求答题的医学考试考生。请你先展示出完整的思考过程，然后再输出最终答案。每道题目有至少两个选项（A、B）至多五个选项（A、B、C、D、E），题目为不定项选择题，请按照以下格式作答：

【思考过程】：...

【最终答案】：AB / BCE / CD / DE / E / ...（只输出选项的编号，不要写选项内容）

示例：
题目：医疗伦理中四大基本原则是？
A.尊重自主权
B.善意行为
C.无害原则
D.公正原则
E.以上都不是
【思考过程】：本题考查医学伦理的四大基本原则，包括尊重自主权、不伤害原则、行善原则、公正原则。

【最终答案】：ABCD

题目：医疗机构在合理用药时应参照下列哪些规范性文件？
A.国际临床诊疗标准
B.药品临床应用指导原则
C.医院内部年度预算报告
D.患者个人偏好调查
E.病原微生物耐药监测数据
【思考过程】：",B,DeepSeek-V3,"【思考过程】：本题考查医疗机构合理用药的规范性文件依据。合理用药需要遵循科学、规范的指导原则，包括国际公认的临床诊疗标准（A）和药品临床应用指导原则（B），以及病原微生物耐药监测数据（E）以指导抗菌药物使用。医院内部预算（C）和患者个人偏好（D）不属于合理用药的规范性依据。  

【最终答案】：ABE",客观题,ABE
常规诊疗,"你是一个严格按照要求答题的医学考试考生。请你先展示出完整的思考过程，然后再输出最终答案。每道题目有至少两个选项（A、B）至多五个选项（A、B、C、D、E），题目为不定项选择题，请按照以下格式作答：

【思考过程】：...

【最终答案】：AB / BCE / CD / DE / E / ...（只输出选项的编号，不要写选项内容）

示例：
题目：医疗伦理中四大基本原则是？
A.尊重自主权
B.善意行为
C.无害原则
D.公正原则
E.以上都不是
【思考过程】：本题考查医学伦理的四大基本原则，包括尊重自主权、不伤害原则、行善原则、公正原则。

【最终答案】：ABCD

题目：根据我国法规，药师在调配处方时，以下哪些做法符合规定？
A.发现处方中阿奇霉素与氨茶碱存在配伍禁忌后继续调配，B.对超剂量处方直接减少剂量后发放药物，C.发现超剂量处方后拒绝调配并要求医师重新签字确认，D.将处方中缺货的阿莫西林替换为头孢克肟，E.未经处方医师同意擅自将胶囊剂改为片剂
【思考过程】：",C,DeepSeek-V3,"【思考过程】：本题考查药师调配处方的规范操作。根据我国《处方管理办法》及相关法规：  
1. **A选项**：配伍禁忌属于用药安全红线，药师必须拒绝调配并联系医师修改（错误）。  
2. **B选项**：药师无权自行修改剂量，需医师重新确认（错误）。  
3. **C选项**：超剂量处方需医师重新签字，符合规定（正确）。  
4. **D选项**：药品替换需医师同意，擅自更换违反规定（错误）。  
5. **E选项**：剂型改变需经医师同意，擅自更改违法（错误）。  

【最终答案】：C",客观题,C
常规诊疗,"你是一个严格按照要求答题的医学考试考生。请你先展示出完整的思考过程，然后再输出最终答案。每道题目有至少两个选项（A、B）至多五个选项（A、B、C、D、E），题目为不定项选择题，请按照以下格式作答：

【思考过程】：...

【最终答案】：AB / BCE / CD / DE / E / ...（只输出选项的编号，不要写选项内容）

示例：
题目：医疗伦理中四大基本原则是？
A.尊重自主权
B.善意行为
C.无害原则
D.公正原则
E.以上都不是
【思考过程】：本题考查医学伦理的四大基本原则，包括尊重自主权、不伤害原则、行善原则、公正原则。

【最终答案】：ABCD

题目：根据中国相关法规，药品上市许可持有人必须履行以下哪些职责？
A.开展药品上市后不良反应监测
B.主动收集并跟踪分析疑似药品不良反应信息
C.被动等待医疗机构上报不良反应案例
D.对已识别风险的药品及时采取风险控制措施
E.仅收集严重药品不良反应信息
【思考过程】：",ABD,DeepSeek-V3,"【思考过程】：本题考查药品上市许可持有人的职责。根据中国相关法规，药品上市许可持有人需要主动开展药品上市后不良反应监测（A选项正确），主动收集并跟踪分析疑似药品不良反应信息（B选项正确），而不能被动等待医疗机构上报（C选项错误）。对于已识别风险的药品，持有人必须及时采取风险控制措施（D选项正确）。此外，持有人需要收集所有药品不良反应信息，而不仅限于严重不良反应（E选项错误）。

【最终答案】：ABD",客观题,ABD
常规诊疗,"你是一个严格按照要求答题的医学考试考生。请你先展示出完整的思考过程，然后再输出最终答案。每道题目有至少两个选项（A、B）至多五个选项（A、B、C、D、E），题目为不定项选择题，请按照以下格式作答：

【思考过程】：...

【最终答案】：AB / BCE / CD / DE / E / ...（只输出选项的编号，不要写选项内容）

示例：
题目：医疗伦理中四大基本原则是？
A.尊重自主权
B.善意行为
C.无害原则
D.公正原则
E.以上都不是
【思考过程】：本题考查医学伦理的四大基本原则，包括尊重自主权、不伤害原则、行善原则、公正原则。

【最终答案】：ABCD

题目：以下情形中，属于《药品管理法》中“假药”认定的是哪几项？
A.某止咳糖浆中苯丙胺含量低于国家标准
B.某中成药已发生霉变但未标注
C.某降糖药有效期标识被覆盖
D.某退烧药说明书宣称可治疗癌症
【思考过程】：",BD,DeepSeek-V3,"【思考过程】：本题考查《药品管理法》中“假药”的认定标准。根据《药品管理法》规定，假药包括以下几种情形：1.药品所含成分与国家药品标准规定的成分不符（A选项符合，因苯丙胺含量低于国家标准）；2.以非药品冒充药品或者以他种药品冒充此种药品；3.变质的药品（B选项中霉变的中成药属于变质药品）；4.药品所标明的适应症或者功能主治超出规定范围（D选项中退烧药宣称治疗癌症属于超范围）。C选项属于标签不规范，但未直接构成假药。  

【最终答案】：ABD",客观题,ABD
常规诊疗,"你是一个严格按照要求答题的医学考试考生。请你先展示出完整的思考过程，然后再输出最终答案。每道题目有至少两个选项（A、B）至多五个选项（A、B、C、D、E），题目为不定项选择题，请按照以下格式作答：

【思考过程】：...

【最终答案】：AB / BCE / CD / DE / E / ...（只输出选项的编号，不要写选项内容）

示例：
题目：医疗伦理中四大基本原则是？
A.尊重自主权
B.善意行为
C.无害原则
D.公正原则
E.以上都不是
【思考过程】：本题考查医学伦理的四大基本原则，包括尊重自主权、不伤害原则、行善原则、公正原则。

【最终答案】：ABCD

题目：根据《药品管理法》，以下哪些情形属于假药而非劣药？
A.药品成分的含量不符合国家药品标准
B.以非药品冒充其他种类药品
C.擅自添加防腐剂的药品
D.变质的药品
E.药品标明的适应症超出批准范围
【思考过程】：",BDE,DeepSeek-V3,"【思考过程】：本题考查《药品管理法》中假药与劣药的界定。根据《药品管理法》第98条，假药的定义包括：（1）药品所含成分与国家药品标准规定的成分不符；（2）以非药品冒充药品或者以他种药品冒充此种药品；（3）变质的药品；（4）药品所标明的适应症或者功能主治超出规定范围。而劣药的定义包括：（1）药品成分的含量不符合国家药品标准；（2）被污染的药品；（3）未标明或者更改有效期的药品；（4）未注明或者更改产品批号的药品；（5）超过有效期的药品；（6）擅自添加防腐剂、辅料的药品；（7）其他不符合药品标准的药品。因此，选项B（以非药品冒充其他种类药品）、D（变质的药品）和E（药品标明的适应症超出批准范围）属于假药的情形，而选项A（药品成分的含量不符合国家药品标准）和C（擅自添加防腐剂的药品）属于劣药的情形。

【最终答案】：BDE",客观题,BDE
常规诊疗,"你是一个严格按照要求答题的医学考试考生。请你先展示出完整的思考过程，然后再输出最终答案。每道题目有至少两个选项（A、B）至多五个选项（A、B、C、D、E），题目为不定项选择题，请按照以下格式作答：

【思考过程】：...

【最终答案】：AB / BCE / CD / DE / E / ...（只输出选项的编号，不要写选项内容）

示例：
题目：医疗伦理中四大基本原则是？
A.尊重自主权
B.善意行为
C.无害原则
D.公正原则
E.以上都不是
【思考过程】：本题考查医学伦理的四大基本原则，包括尊重自主权、不伤害原则、行善原则、公正原则。

【最终答案】：ABCD

题目：根据《药品管理法》，下列哪些情形应被认定为假药？
A.药品成份的含量不符合国家药品标准
B.被污染的药品
C.变质的药品
D.药品所标明的适应症超出规定范围
E.超过有效期的药品
【思考过程】：",CD,DeepSeek-V3,"【思考过程】：本题考查《药品管理法》中关于假药的认定。根据《药品管理法》规定，假药包括：1.药品所含成份与国家药品标准规定的成份不符的；2.以非药品冒充药品或者以他种药品冒充此种药品的；3.变质的药品；4.药品所标明的适应症或者功能主治超出规定范围的。此外，被污染的药品按假药论处。超过有效期的药品按劣药论处。药品成份的含量不符合国家药品标准属于劣药。

【最终答案】：BCD",客观题,BCD
常规诊疗,"你是一个严格按照要求答题的医学考试考生。请你先展示出完整的思考过程，然后再输出最终答案。每道题目有至少两个选项（A、B）至多五个选项（A、B、C、D、E），题目为不定项选择题，请按照以下格式作答：

【思考过程】：...

【最终答案】：AB / BCE / CD / DE / E / ...（只输出选项的编号，不要写选项内容）

示例：
题目：医疗伦理中四大基本原则是？
A.尊重自主权
B.善意行为
C.无害原则
D.公正原则
E.以上都不是
【思考过程】：本题考查医学伦理的四大基本原则，包括尊重自主权、不伤害原则、行善原则、公正原则。

【最终答案】：ABCD

题目：根据《中华人民共和国药品管理法》，以下哪项属于假药的情形而非劣药的情形？
A.药品成分含量低于国家药品标准
B.擅自添加防腐剂的药品
C.未标明生产批号的药品
D.药品所标明的适应症超出规定范围
E.超过有效期的药品
【思考过程】：",D,DeepSeek-V3,"【思考过程】：本题考查《中华人民共和国药品管理法》中假药与劣药的区分。根据该法规定，假药的情形包括：药品所含成分与国家药品标准规定的成分不符；以非药品冒充药品或者以他种药品冒充此种药品；变质的药品；药品所标明的适应症或者功能主治超出规定范围。劣药的情形包括：药品成分的含量不符合国家药品标准；被污染的药品；未标明或者更改有效期的药品；未注明或者更改产品批号的药品；超过有效期的药品；擅自添加防腐剂、辅料的药品；其他不符合药品标准的药品。因此，A项属于劣药的情形，B项属于劣药的情形，C项属于劣药的情形，D项属于假药的情形，E项属于劣药的情形。

【最终答案】：D",客观题,D
常规诊疗,"你是一个严格按照要求答题的医学考试考生。请你先展示出完整的思考过程，然后再输出最终答案。每道题目有至少两个选项（A、B）至多五个选项（A、B、C、D、E），题目为不定项选择题，请按照以下格式作答：

【思考过程】：...

【最终答案】：AB / BCE / CD / DE / E / ...（只输出选项的编号，不要写选项内容）

示例：
题目：医疗伦理中四大基本原则是？
A.尊重自主权
B.善意行为
C.无害原则
D.公正原则
E.以上都不是
【思考过程】：本题考查医学伦理的四大基本原则，包括尊重自主权、不伤害原则、行善原则、公正原则。

【最终答案】：ABCD

题目：以下哪些情形属于假药的范畴？
A.药品中添加了未批准使用的防腐剂
B.某抗生素的有效成分含量为标准的80%
C.被污水污染的退烧药
D.以维生素片冒充抗癌药物销售
E.药品标示适应症包含未经审批的疾病
【思考过程】：",DE,DeepSeek-V3,"【思考过程】：本题考查假药的界定。根据《中华人民共和国药品管理法》，假药的定义包括：1.药品所含成分与国家药品标准规定的成分不符；2.以非药品冒充药品或者以他种药品冒充此种药品；3.变质的药品；4.药品所标明的适应症或者功能主治超出规定范围。具体分析各选项：
A.添加未批准使用的防腐剂属于成分不符（假药）；
B.有效成分含量不足属于劣药而非假药；
C.被污染的药品属于变质（假药）；
D.非药品冒充药品（假药）；
E.适应症超出审批范围（假药）。

【最终答案】：ACDE",客观题,ACDE
常规诊疗,"你是一个严格按照要求答题的医学考试考生。请你先展示出完整的思考过程，然后再输出最终答案。每道题目有至少两个选项（A、B）至多五个选项（A、B、C、D、E），题目为不定项选择题，请按照以下格式作答：

【思考过程】：...

【最终答案】：AB / BCE / CD / DE / E / ...（只输出选项的编号，不要写选项内容）

示例：
题目：医疗伦理中四大基本原则是？
A.尊重自主权
B.善意行为
C.无害原则
D.公正原则
E.以上都不是
【思考过程】：本题考查医学伦理的四大基本原则，包括尊重自主权、不伤害原则、行善原则、公正原则。

【最终答案】：ABCD

题目：根据相关法律法规，以下哪些情形属于假药？（多选）
A.药品成分含量低于国家标准
B.用维生素片冒充消炎药
C.药品在运输过程中被污染
D.某退烧药标注可治疗阿尔茨海默病
E.未取得批准文件生产的降压药
【思考过程】：",BDE,DeepSeek-V3,"【思考过程】：本题考查假药的认定标准。根据《中华人民共和国药品管理法》，假药包括以下几种情形：
1. 药品所含成份与国家药品标准规定的成份不符（如B选项用维生素片冒充消炎药）；
2. 以非药品冒充药品或者以他种药品冒充此种药品（B选项）；
3. 变质的药品（C选项运输污染可能导致变质，但需进一步确认污染程度）；
4. 药品所标明的适应症或者功能主治超出规定范围（D选项退烧药标注治疗阿尔茨海默病）；
5. 未取得药品批准证明文件生产的药品（E选项）。
A选项属于劣药范畴（成份含量不符合标准但非假药）。

【最终答案】：BDE",客观题,BDE
常规诊疗,"你是一个严格按照要求答题的医学考试考生。请你先展示出完整的思考过程，然后再输出最终答案。每道题目有至少两个选项（A、B）至多五个选项（A、B、C、D、E），题目为不定项选择题，请按照以下格式作答：

【思考过程】：...

【最终答案】：AB / BCE / CD / DE / E / ...（只输出选项的编号，不要写选项内容）

示例：
题目：医疗伦理中四大基本原则是？
A.尊重自主权
B.善意行为
C.无害原则
D.公正原则
E.以上都不是
【思考过程】：本题考查医学伦理的四大基本原则，包括尊重自主权、不伤害原则、行善原则、公正原则。

【最终答案】：ABCD

题目：根据《药品管理法》相关规定，以下哪种情形会被判定为劣药？
A.药品擅自添加抗生素作为防腐剂
B.药品成分含量低于国家标准的感冒胶囊
C.被实验试剂污染的退烧药库存
D.有效期已过3个月的降压药
E.未注明产品批号的镇痛贴
【思考过程】：",ABCDE,DeepSeek-V3,"【思考过程】：本题考查对《药品管理法》中劣药判定标准的理解。根据相关规定，劣药主要包括以下情形：1.药品成分的含量不符合国家药品标准（对应B选项）；2.被污染的药品（对应C选项）；3.未标明或者更改有效期的药品（D选项未过期，不适用）；4.未注明或者更改产品批号的药品（对应E选项）；5.擅自添加防腐剂、辅料（A选项属于此情形，但抗生素不属于常规防腐剂，需进一步判断）。特别注意：A选项的""抗生素作为防腐剂""属于违规添加，但更符合""假药""特征（假药包括：以非药品冒充药品/以他种药品冒充此种药品/擅自添加成分的药品），因此A可能不属于劣药范畴。

【最终答案】：BCE",客观题,BCE
常规诊疗,"你是一个严格按照要求答题的医学考试考生。请你先展示出完整的思考过程，然后再输出最终答案。每道题目有至少两个选项（A、B）至多五个选项（A、B、C、D、E），题目为不定项选择题，请按照以下格式作答：

【思考过程】：...

【最终答案】：AB / BCE / CD / DE / E / ...（只输出选项的编号，不要写选项内容）

示例：
题目：医疗伦理中四大基本原则是？
A.尊重自主权
B.善意行为
C.无害原则
D.公正原则
E.以上都不是
【思考过程】：本题考查医学伦理的四大基本原则，包括尊重自主权、不伤害原则、行善原则、公正原则。

【最终答案】：ABCD

题目：以下哪些情形属于“劣药”范畴？
A.药品所标明的适应症超出规定范围
B.被污染的药品
C.变质的药品
D.超过有效期的药品
E.擅自添加防腐剂的药品
【思考过程】：",BDE,DeepSeek-V3,"【思考过程】：本题考查“劣药”的定义和范畴。根据《中华人民共和国药品管理法》，劣药包括以下几种情形：1.药品成分的含量不符合国家药品标准；2.被污染的药品；3.未标明或者更改有效期的药品；4.未注明或者更改产品批号的药品；5.超过有效期的药品；6.擅自添加防腐剂、辅料的药品；7.其他不符合药品标准的药品。选项A描述的是假药的情形，而选项B、C、D、E均符合劣药的范畴。

【最终答案】：BCDE",客观题,BCDE
常规诊疗,"你是一个严格按照要求答题的医学考试考生。请你先展示出完整的思考过程，然后再输出最终答案。每道题目有至少两个选项（A、B）至多五个选项（A、B、C、D、E），题目为不定项选择题，请按照以下格式作答：

【思考过程】：...

【最终答案】：AB / BCE / CD / DE / E / ...（只输出选项的编号，不要写选项内容）

示例：
题目：医疗伦理中四大基本原则是？
A.尊重自主权
B.善意行为
C.无害原则
D.公正原则
E.以上都不是
【思考过程】：本题考查医学伦理的四大基本原则，包括尊重自主权、不伤害原则、行善原则、公正原则。

【最终答案】：ABCD

题目：以下表述是否正确：举报人举报所在单位的，该单位可以解除与举报人的劳动合同作为报复。
A.正确
B.错误
【思考过程】：",B,DeepSeek-V3,"【思考过程】：本题考查劳动法相关知识。根据《中华人民共和国劳动法》和《中华人民共和国劳动合同法》，用人单位不得因劳动者依法行使举报权而解除劳动合同，否则属于违法解除劳动合同行为。举报人举报所在单位的行为受法律保护，单位以此为由解除劳动合同属于报复行为，是法律所禁止的。

【最终答案】：B",客观题,B
常规诊疗,"你是一个严格按照要求答题的医学考试考生。请你先展示出完整的思考过程，然后再输出最终答案。每道题目有至少两个选项（A、B）至多五个选项（A、B、C、D、E），题目为不定项选择题，请按照以下格式作答：

【思考过程】：...

【最终答案】：AB / BCE / CD / DE / E / ...（只输出选项的编号，不要写选项内容）

示例：
题目：医疗伦理中四大基本原则是？
A.尊重自主权
B.善意行为
C.无害原则
D.公正原则
E.以上都不是
【思考过程】：本题考查医学伦理的四大基本原则，包括尊重自主权、不伤害原则、行善原则、公正原则。

【最终答案】：ABCD

题目：《中华人民共和国药品管理法》规定，应当从重处罚下列哪些情形？
A.生产、销售以老年人群体为主要使用对象的假药
B.伪造药品检验报告但未销毁证据
C.使用放射性药品冒充其他抗生素药品
D.擅自丢弃查封的过期药品
E.使用虚假身份销售药品
【思考过程】：",ACDE,DeepSeek-V3,"【思考过程】：本题考查《中华人民共和国药品管理法》中关于从重处罚情形的规定。根据相关法律条文，以下情形应当从重处罚：
1. 以孕产妇、婴幼儿、儿童或者危重病人为主要使用对象的假药、劣药的（A选项涉及老年人群体，虽未明确列出，但属于弱势群体，可视为类似情形）；
2. 生产、销售的生物制品属于假药、劣药的（C选项涉及放射性药品冒充抗生素，属于严重造假行为）；
3. 隐匿、毁灭有关证据材料的（B选项虽伪造报告但未销毁证据，故不完全符合）；
4. 拒绝、逃避监督检查（D选项擅自丢弃查封药品属于抗拒监管）；
5. 以麻醉药品、精神药品等特殊药品冒充其他药品的（C选项涉及放射性药品，属于特殊药品冒充）；
6. 使用伪造、变造许可证或证明文件销售药品的（E选项符合）。

【最终答案】：ACDE",客观题,ACDE
常规诊疗,"你是一个严格按照要求答题的医学考试考生。请你先展示出完整的思考过程，然后再输出最终答案。每道题目有至少两个选项（A、B）至多五个选项（A、B、C、D、E），题目为不定项选择题，请按照以下格式作答：

【思考过程】：...

【最终答案】：AB / BCE / CD / DE / E / ...（只输出选项的编号，不要写选项内容）

示例：
题目：医疗伦理中四大基本原则是？
A.尊重自主权
B.善意行为
C.无害原则
D.公正原则
E.以上都不是
【思考过程】：本题考查医学伦理的四大基本原则，包括尊重自主权、不伤害原则、行善原则、公正原则。

【最终答案】：ABCD

题目：下列哪些情形应当在药品管理法的处罚幅度内从重处罚？
A.用镇痛类非处方药冒充含麻黄碱类药品
B.生产以老年人为主要使用对象的劣质降压药
C.销售的流感疫苗未达到生物安全标准且被鉴定为假药
D.首次销售过期抗生素导致患者轻微过敏
E.因库存不足暂缓提交质检报告
【思考过程】：",C,DeepSeek-V3,"【思考过程】：本题考查药品管理法中从重处罚的情形。根据《药品管理法》相关规定，以下情形应从重处罚：  
1. 生产、销售假药、劣药，且以孕产妇、儿童、老年人等特定人群为主要使用对象的（B选项符合）；  
2. 生产、销售的生物制品属于假药、劣药（C选项符合，疫苗属于生物制品且被鉴定为假药）；  
3. 生产、销售假药、劣药，造成人身伤害后果的（D选项仅导致轻微过敏，未明确达到“伤害后果”的严重程度，暂不纳入）；  
4. 以麻醉药品、精神药品、医疗用毒性药品等冒充其他药品（A选项为“镇痛类非处方药冒充含麻黄碱类药品”，但麻黄碱类药品不属于上述特殊管理药品，不直接符合从重条件）；  
5. 拒绝、逃避监督检查（E选项“暂缓提交报告”不构成拒绝或逃避）。  

综上，B（针对老年人）、C（假疫苗）明确符合从重处罚标准。  

【最终答案】：BC",客观题,BC
常规诊疗,"你是一个严格按照要求答题的医学考试考生。请你先展示出完整的思考过程，然后再输出最终答案。每道题目有至少两个选项（A、B）至多五个选项（A、B、C、D、E），题目为不定项选择题，请按照以下格式作答：

【思考过程】：...

【最终答案】：AB / BCE / CD / DE / E / ...（只输出选项的编号，不要写选项内容）

示例：
题目：医疗伦理中四大基本原则是？
A.尊重自主权
B.善意行为
C.无害原则
D.公正原则
E.以上都不是
【思考过程】：本题考查医学伦理的四大基本原则，包括尊重自主权、不伤害原则、行善原则、公正原则。

【最终答案】：ABCD

题目：下列哪种行为应当在本法规定的处罚幅度内从重处罚？
A.向65岁以上老人销售未标明生产日期的保健食品
B.向公立医院销售以儿童为主要使用对象的劣质止咳糖浆
C.生产企业首次抽查中被发现某批次生物制品有效成分不足
D.生产治疗高血压的假药但未造成患者明显伤害
E.擅自转移已被市场监管部门查封的过期医疗器械
【思考过程】：",BE,DeepSeek-V3,"【思考过程】：
本题考查的是在药品、医疗器械等领域的违法行为中，哪些行为应当从重处罚。根据相关法律法规，以下情形通常会被从重处罚：
1. 针对特殊人群（如老人、儿童）的违法行为（A、B选项）；
2. 生产、销售假药、劣药，尤其是涉及治疗严重疾病的药品（D选项）；
3. 妨碍执法或擅自处置被查封的物品（E选项）；
而C选项是首次抽查中发现的问题，且未说明涉及特殊人群或严重后果，一般不作为从重处罚的情形。

从选项分析：
A. 向老人销售未标明生产日期的保健食品 - 针对特殊人群，应从重
B. 向医院销售劣质儿童止咳糖浆 - 针对儿童特殊人群且劣药，应从重
D. 生产高血压假药 - 假药且涉及严重疾病，应从重（虽未造成明显伤害）
E. 擅自转移查封物品 - 妨碍执法，应从重
C. 首次抽查发现问题 - 无特殊情节，不明确需从重

【最终答案】：ABDE",客观题,ABDE
常规诊疗,"你是一个严格按照要求答题的医学考试考生。请你先展示出完整的思考过程，然后再输出最终答案。每道题目有至少两个选项（A、B）至多五个选项（A、B、C、D、E），题目为不定项选择题，请按照以下格式作答：

【思考过程】：...

【最终答案】：AB / BCE / CD / DE / E / ...（只输出选项的编号，不要写选项内容）

示例：
题目：医疗伦理中四大基本原则是？
A.尊重自主权
B.善意行为
C.无害原则
D.公正原则
E.以上都不是
【思考过程】：本题考查医学伦理的四大基本原则，包括尊重自主权、不伤害原则、行善原则、公正原则。

【最终答案】：ABCD

题目：以下哪种情况允许开展诊疗活动？
A.已取得《医疗机构执业许可证》但未经备案
B.持有营业执照但未获得许可证或备案
C.既无《医疗机构执业许可证》又未经备案
D.凭借地方政府的特殊批准文件开展诊疗
【思考过程】：",A,DeepSeek-V3,"【思考过程】：本题考查开展诊疗活动的合法条件。根据《医疗机构管理条例》，开展诊疗活动必须取得《医疗机构执业许可证》并完成备案。选项A未备案不符合规定；选项B无许可证或备案属于非法行医；选项C完全无资质属于严重违法；选项D地方政府的特殊批准文件不能替代法定许可证和备案要求，除非该文件符合国家法规的特殊授权（如紧急公共卫生事件中的临时许可），但题目未明确说明，因此不能视为合法。

【最终答案】：E（以上均不符合合法条件）",客观题,E
常规诊疗,"你是一个严格按照要求答题的医学考试考生。请你先展示出完整的思考过程，然后再输出最终答案。每道题目有至少两个选项（A、B）至多五个选项（A、B、C、D、E），题目为不定项选择题，请按照以下格式作答：

【思考过程】：...

【最终答案】：AB / BCE / CD / DE / E / ...（只输出选项的编号，不要写选项内容）

示例：
题目：医疗伦理中四大基本原则是？
A.尊重自主权
B.善意行为
C.无害原则
D.公正原则
E.以上都不是
【思考过程】：本题考查医学伦理的四大基本原则，包括尊重自主权、不伤害原则、行善原则、公正原则。

【最终答案】：ABCD

题目：以下哪些行为符合医疗机构诊疗科目的管理规定？
A.减少原备案的诊疗科目数量
B.常规开展未经核准登记的诊疗项目
C.暂停开展所有已备案的诊疗科目
D.在紧急情况下临时开展未备案的诊疗项目
E.新增诊疗科目后3个月内提交备案材料
【思考过程】：",AC,DeepSeek-V3,"【思考过程】：本题考查医疗机构诊疗科目管理规定的合规行为。根据相关规定：  
1. 医疗机构可申请减少原备案的诊疗科目（A正确）；  
2. 未经核准登记的诊疗项目严禁常规开展（B错误）；  
3. 暂停已备案科目需向卫生行政部门报告（C需结合具体规定，一般不违规）；  
4. 紧急情况下临时开展未备案科目需事后补报（D符合例外情形）；  
5. 新增诊疗科目需在开展前完成登记备案，而非事后补报（E错误）。  

【最终答案】：ACD",客观题,ACD
常规诊疗,"你是一个严格按照要求答题的医学考试考生。请你先展示出完整的思考过程，然后再输出最终答案。每道题目有至少两个选项（A、B）至多五个选项（A、B、C、D、E），题目为不定项选择题，请按照以下格式作答：

【思考过程】：...

【最终答案】：AB / BCE / CD / DE / E / ...（只输出选项的编号，不要写选项内容）

示例：
题目：医疗伦理中四大基本原则是？
A.尊重自主权
B.善意行为
C.无害原则
D.公正原则
E.以上都不是
【思考过程】：本题考查医学伦理的四大基本原则，包括尊重自主权、不伤害原则、行善原则、公正原则。

【最终答案】：ABCD

题目：某医院安排以下人员参与医疗卫生技术工作，其中哪项违反了相关规定？
A.医学检验技师进行常规血液检测
B.护理学院尚未取得执业资格的实习生执行静脉穿刺
C.药学专业毕业生审核处方
D.获急救认证的志愿者操作心电图机
【思考过程】：",BCD,DeepSeek-V3,"【思考过程】：本题考查医疗卫生技术人员的资质要求和相关规定。根据《医疗机构从业人员行为规范》和相关法规：
A. 医学检验技师具备相应资质，进行常规血液检测符合规定；
B. 护理实习生未取得执业资格，在无监督下独立执行静脉穿刺违反《护士条例》；
C. 药学毕业生未经药师资格认证审核处方违反《处方管理办法》；
D. 急救认证志愿者操作心电图机需区分情况：若仅接受过基础急救培训则不符合设备操作资质要求，若经过专门心电图操作培训并获得授权则可能合规（但题目未明确说明培训内容）。

【最终答案】：BC",客观题,BC
常规诊疗,"你是一个严格按照要求答题的医学考试考生。请你先展示出完整的思考过程，然后再输出最终答案。每道题目有至少两个选项（A、B）至多五个选项（A、B、C、D、E），题目为不定项选择题，请按照以下格式作答：

【思考过程】：...

【最终答案】：AB / BCE / CD / DE / E / ...（只输出选项的编号，不要写选项内容）

示例：
题目：医疗伦理中四大基本原则是？
A.尊重自主权
B.善意行为
C.无害原则
D.公正原则
E.以上都不是
【思考过程】：本题考查医学伦理的四大基本原则，包括尊重自主权、不伤害原则、行善原则、公正原则。

【最终答案】：ABCD

题目：某医院接诊危重患者后发现设备不足，以下做法中符合法规的是？
A.立即抢救并在稳定生命体征后联系转诊
B.因缺乏设备直接建议患者转往其他医院
C.动员全体医护人员尝试治疗后决定是否转诊
D.为减少医疗风险未进行抢救直接转诊
E.检查患者支付能力后决定抢救方案
【思考过程】：",A,DeepSeek-V3,"【思考过程】：本题考查医疗机构对危重患者的处理原则。根据《医疗机构管理条例》和《执业医师法》，医疗机构对危重患者应当立即抢救，不得因设备不足、支付能力等问题拒绝或拖延救治。在生命体征稳定后，若确需转诊，应联系具备条件的医院并确保转诊安全。直接拒绝抢救（B）、未抢救即转诊（D）、根据支付能力决定（E）均违反法规，而盲目尝试治疗（C）可能延误转诊时机。

【最终答案】：A",客观题,A
常规诊疗,"你是一个严格按照要求答题的医学考试考生。请你先展示出完整的思考过程，然后再输出最终答案。每道题目有至少两个选项（A、B）至多五个选项（A、B、C、D、E），题目为不定项选择题，请按照以下格式作答：

【思考过程】：...

【最终答案】：AB / BCE / CD / DE / E / ...（只输出选项的编号，不要写选项内容）

示例：
题目：医疗伦理中四大基本原则是？
A.尊重自主权
B.善意行为
C.无害原则
D.公正原则
E.以上都不是
【思考过程】：本题考查医学伦理的四大基本原则，包括尊重自主权、不伤害原则、行善原则、公正原则。

【最终答案】：ABCD

题目：医疗机构在下列哪种情况下开具证明文件是符合法律规定的？
A.陈医师未亲自诊查患者，根据病历记录开具健康证明书
B.李医生亲自接产后由护士代为签署出生证明书
C.医院未经诊查为患者开具死亡证明书（医师参与了抢救但未最后检查）
D.产妇由助产工作人员接产后，助产士签署出生证明书
【思考过程】：",D,DeepSeek-V3,"【思考过程】：本题考查医疗机构开具证明文件的法律规定。根据相关法律法规：

A选项：医师未亲自诊查患者开具证明是违法的，即使有病历记录也不行。
B选项：出生证明书必须由接生医师签署，护士无权代签。
C选项：死亡证明书必须由医师最后检查确认后才能开具，仅参与抢救但未最后检查不符合规定。
D选项：出生证明书可以由助产士签署，这是合法的，因为助产士是合法的接生人员。

【最终答案】：D",客观题,D
常规诊疗,"你是一个严格按照要求答题的医学考试考生。请你先展示出完整的思考过程，然后再输出最终答案。每道题目有至少两个选项（A、B）至多五个选项（A、B、C、D、E），题目为不定项选择题，请按照以下格式作答：

【思考过程】：...

【最终答案】：AB / BCE / CD / DE / E / ...（只输出选项的编号，不要写选项内容）

示例：
题目：医疗伦理中四大基本原则是？
A.尊重自主权
B.善意行为
C.无害原则
D.公正原则
E.以上都不是
【思考过程】：本题考查医学伦理的四大基本原则，包括尊重自主权、不伤害原则、行善原则、公正原则。

【最终答案】：ABCD

题目：在下列哪些情形下，医务人员必须及时向患者或近亲属说明医疗风险及替代方案并取得明确同意？
A.调整降压药物剂量
B.实施骨折内固定手术
C.进行胃肠镜检查前的镇静麻醉
D.抽取外周血用于常规化验
E.开具感冒退烧药物
【思考过程】：",BC,DeepSeek-V3,"【思考过程】：本题考查的是医疗知情同意的适用情形。根据医疗伦理和法律规定，医务人员必须在实施具有较高风险或侵入性操作前，向患者或近亲属充分说明风险及替代方案并取得明确同意。具体分析各选项：
A.调整降压药物剂量：属于常规药物调整，通常不需要特别知情同意
B.实施骨折内固定手术：属于有创手术，必须取得知情同意
C.进行胃肠镜检查前的镇静麻醉：属于有创检查和麻醉操作，必须取得知情同意
D.抽取外周血用于常规化验：属于常规低风险操作，通常不需要特别知情同意
E.开具感冒退烧药物：属于常规药物治疗，不需要特别知情同意

【最终答案】：BC",客观题,BC
常规诊疗,"你是一个严格按照要求答题的医学考试考生。请你先展示出完整的思考过程，然后再输出最终答案。每道题目有至少两个选项（A、B）至多五个选项（A、B、C、D、E），题目为不定项选择题，请按照以下格式作答：

【思考过程】：...

【最终答案】：AB / BCE / CD / DE / E / ...（只输出选项的编号，不要写选项内容）

示例：
题目：医疗伦理中四大基本原则是？
A.尊重自主权
B.善意行为
C.无害原则
D.公正原则
E.以上都不是
【思考过程】：本题考查医学伦理的四大基本原则，包括尊重自主权、不伤害原则、行善原则、公正原则。

【最终答案】：ABCD

题目：以下哪些做法符合医疗机构收取医疗费用的相关法规要求？
A.与患者协商确定检验项目收费标准
B.按照物价部门核定的价格收取诊疗费用
C.收费单据中独立标注静脉注射耗材费与操作费
D.仅向患者提供标注总金额的服务费收据
E.急诊抢救后未缴费患者补缴费用时出具追溯性收据
【思考过程】：",BCE,DeepSeek-V3,"【思考过程】：
1. 根据医疗机构收费法规要求，收费标准必须遵循物价部门核定价格，不得自行协商定价（A错误，B正确）。
2. 收费明细需公示并分项列支，静脉注射耗材费与操作费属于不同收费类别，应当分别标注（C正确）。
3. 收费单据必须提供详细项目清单，仅标注总金额违反收费透明原则（D错误）。
4. 急诊抢救后补缴费用的，医疗机构应出具与抢救时间相符的追溯性收据（E正确）。

【最终答案】：BCE",客观题,BCE
常规诊疗,"你是一个严格按照要求答题的医学考试考生。请你先展示出完整的思考过程，然后再输出最终答案。每道题目有至少两个选项（A、B）至多五个选项（A、B、C、D、E），题目为不定项选择题，请按照以下格式作答：

【思考过程】：...

【最终答案】：AB / BCE / CD / DE / E / ...（只输出选项的编号，不要写选项内容）

示例：
题目：医疗伦理中四大基本原则是？
A.尊重自主权
B.善意行为
C.无害原则
D.公正原则
E.以上都不是
【思考过程】：本题考查医学伦理的四大基本原则，包括尊重自主权、不伤害原则、行善原则、公正原则。

【最终答案】：ABCD

题目：医疗机构开展医疗技术临床应用时，必须遵循以下哪些原则？
A.科学、安全、规范
B.有效、高效、经济
C.符合伦理、规范、有效
D.安全、便捷、创新
E.科学、经济、符合伦理
【思考过程】：",AE,DeepSeek-V3,"【思考过程】：本题考查医疗机构开展医疗技术临床应用时必须遵循的原则。根据《医疗技术临床应用管理办法》及相关法规，医疗机构开展医疗技术应遵循科学、安全、规范、有效、符合伦理的原则。""高效""和""经济""虽重要但不是核心原则，""便捷""和""创新""并非强制性要求。因此符合题意的原则是科学、安全、规范、有效、符合伦理。

【最终答案】：ACE",客观题,ACE
常规诊疗,"你是一个严格按照要求答题的医学考试考生。请你先展示出完整的思考过程，然后再输出最终答案。每道题目有至少两个选项（A、B）至多五个选项（A、B、C、D、E），题目为不定项选择题，请按照以下格式作答：

【思考过程】：...

【最终答案】：AB / BCE / CD / DE / E / ...（只输出选项的编号，不要写选项内容）

示例：
题目：医疗伦理中四大基本原则是？
A.尊重自主权
B.善意行为
C.无害原则
D.公正原则
E.以上都不是
【思考过程】：本题考查医学伦理的四大基本原则，包括尊重自主权、不伤害原则、行善原则、公正原则。

【最终答案】：ABCD

题目：以下哪些情形符合禁止类医疗技术的法定条件？
A.临床应用安全性、有效性尚未充分验证；B.存在一般伦理争议而非重大伦理问题；C.该技术经专家论证已被行业淘汰；D.省级卫生部门登记的常规诊疗技术；E.经伦理委员会初步审核的改良医疗方案
【思考过程】：",ACE,DeepSeek-V3,"【思考过程】：本题考查对禁止类医疗技术法定条件的理解。根据《医疗技术临床应用管理办法》，禁止类医疗技术需满足以下条件：1.临床应用安全性、有效性尚未充分验证（A）；2.存在重大伦理问题（B中“一般伦理争议”不符合）；3.技术已被行业淘汰（C）；4.常规诊疗技术（D）和经伦理委员会初步审核的方案（E）不属于禁止类技术范畴。  

【最终答案】：AC",客观题,AC
常规诊疗,"你是一个严格按照要求答题的医学考试考生。请你先展示出完整的思考过程，然后再输出最终答案。每道题目有至少两个选项（A、B）至多五个选项（A、B、C、D、E），题目为不定项选择题，请按照以下格式作答：

【思考过程】：...

【最终答案】：AB / BCE / CD / DE / E / ...（只输出选项的编号，不要写选项内容）

示例：
题目：医疗伦理中四大基本原则是？
A.尊重自主权
B.善意行为
C.无害原则
D.公正原则
E.以上都不是
【思考过程】：本题考查医学伦理的四大基本原则，包括尊重自主权、不伤害原则、行善原则、公正原则。

【最终答案】：ABCD

题目：根据相关规定，以下哪种情形应被列为限制类技术管理？
A.涉及一般伦理风险的，B.需要消耗稀缺资源的，C.存在不合理临床应用需要重点管理的，D.医院常规开展的且成本可控的，E.技术难度适中但涉及重大伦理风险的
【思考过程】：",BCE,DeepSeek-V3,"【思考过程】：本题考查对限制类技术管理标准的理解。根据相关规定，限制类技术通常具有以下特征：涉及重大伦理风险（如E选项）、需要消耗稀缺资源（如B选项）、存在不合理临床应用需要重点管理的（如C选项）。而A选项的“一般伦理风险”和D选项的“医院常规开展的且成本可控的”不符合限制类技术的管理标准。  

【最终答案】：BCE",客观题,BCE
常规诊疗,"你是一个严格按照要求答题的医学考试考生。请你先展示出完整的思考过程，然后再输出最终答案。每道题目有至少两个选项（A、B）至多五个选项（A、B、C、D、E），题目为不定项选择题，请按照以下格式作答：

【思考过程】：...

【最终答案】：AB / BCE / CD / DE / E / ...（只输出选项的编号，不要写选项内容）

示例：
题目：医疗伦理中四大基本原则是？
A.尊重自主权
B.善意行为
C.无害原则
D.公正原则
E.以上都不是
【思考过程】：本题考查医学伦理的四大基本原则，包括尊重自主权、不伤害原则、行善原则、公正原则。

【最终答案】：ABCD

题目：某医院拟开展一项限制类医疗技术，以下哪种做法符合法规要求？
A.直接开展临床使用并在后续补交审查材料
B.提请本院伦理委员会审议并通过后使用
C.未经本院伦理委员会审查但咨询了省级专家意见
D.暂缓伦理审查并小范围试用
【思考过程】：",B,DeepSeek-V3,"【思考过程】：本题考查限制类医疗技术的开展要求。根据《医疗技术临床应用管理办法》，限制类医疗技术需通过伦理委员会审查并通过后方可开展。选项A的“先开展后补材料”违反程序；选项C未通过伦理审查，仅咨询专家意见不符合法规；选项D的“暂缓审查并试用”同样违规。只有选项B符合法规流程。

【最终答案】：B",客观题,B
常规诊疗,"你是一个严格按照要求答题的医学考试考生。请你先展示出完整的思考过程，然后再输出最终答案。每道题目有至少两个选项（A、B）至多五个选项（A、B、C、D、E），题目为不定项选择题，请按照以下格式作答：

【思考过程】：...

【最终答案】：AB / BCE / CD / DE / E / ...（只输出选项的编号，不要写选项内容）

示例：
题目：医疗伦理中四大基本原则是？
A.尊重自主权
B.善意行为
C.无害原则
D.公正原则
E.以上都不是
【思考过程】：本题考查医学伦理的四大基本原则，包括尊重自主权、不伤害原则、行善原则、公正原则。

【最终答案】：ABCD

题目：某医院计划首次应用一项已证明安全有效的医疗技术，根据相关规定，该医院必须开展以下哪些论证？
A.本机构技术能力论证
B.患者经济承受能力评估
C.本机构安全保障能力论证
D.该技术在全国的普及率调查
【思考过程】：",AC,DeepSeek-V3,"【思考过程】：本题考查医疗机构首次应用新技术的管理要求。根据《医疗技术临床应用管理办法》，医疗机构首次应用医疗技术时，必须进行本机构技术能力和安全保障能力的论证（A、C），确保具备实施条件。患者经济承受能力评估（B）虽与患者选择相关，但非强制论证内容；技术普及率调查（D）与准入无关。

【最终答案】：AC",客观题,AC
常规诊疗,"你是一个严格按照要求答题的医学考试考生。请你先展示出完整的思考过程，然后再输出最终答案。每道题目有至少两个选项（A、B）至多五个选项（A、B、C、D、E），题目为不定项选择题，请按照以下格式作答：

【思考过程】：...

【最终答案】：AB / BCE / CD / DE / E / ...（只输出选项的编号，不要写选项内容）

示例：
题目：医疗伦理中四大基本原则是？
A.尊重自主权
B.善意行为
C.无害原则
D.公正原则
E.以上都不是
【思考过程】：本题考查医学伦理的四大基本原则，包括尊重自主权、不伤害原则、行善原则、公正原则。

【最终答案】：ABCD

题目：根据相关规定，医疗机构应当立即停止某项限制类技术临床应用的情况包括以下哪些？
A.存在轻微质量安全隐患
B.存在严重质量安全问题
C.技术管理人员不足
D.不再符合有关技术管理要求
E.患者投诉数量增加
【思考过程】：",BD,DeepSeek-V3,"【思考过程】：本题考查医疗机构停止限制类技术临床应用的法定情形。根据《医疗技术临床应用管理办法》相关规定，医疗机构应立即停止限制类技术临床应用的情形包括：（1）存在严重质量安全问题；（2）发生与技术相关的严重不良后果；（3）技术临床应用效果不确切；（4）存在重大伦理缺陷；（5）技术管理能力不足；（6）不再符合有关技术管理要求。轻微质量隐患和投诉数量增加不属于法定立即停止情形。

【最终答案】：BD",客观题,BD
常规诊疗,"你是一个严格按照要求答题的医学考试考生。请你先展示出完整的思考过程，然后再输出最终答案。每道题目有至少两个选项（A、B）至多五个选项（A、B、C、D、E），题目为不定项选择题，请按照以下格式作答：

【思考过程】：...

【最终答案】：AB / BCE / CD / DE / E / ...（只输出选项的编号，不要写选项内容）

示例：
题目：医疗伦理中四大基本原则是？
A.尊重自主权
B.善意行为
C.无害原则
D.公正原则
E.以上都不是
【思考过程】：本题考查医学伦理的四大基本原则，包括尊重自主权、不伤害原则、行善原则、公正原则。

【最终答案】：ABCD

题目：根据医疗技术临床应用管理规范，以下哪些情形应当立即停止该项医疗技术的临床应用？
A.该技术被列为""限制类技术""
B.关键设备维护人员离职影响设备校准
C.应用过程中发生严重术后感染事件
D.发现技术存在伦理缺陷但尚未造成实际损害
E.主要术者因公出国进修三个月
【思考过程】：",CD,DeepSeek-V3,"【思考过程】：本题考查医疗技术临床应用管理规范中应当立即停止技术临床应用的情形。根据规定，以下情形需要立即停止：1.技术应用过程中发生重大医疗质量或安全事件（如严重术后感染）；2.技术存在重大伦理缺陷或安全隐患（即使未造成实际损害也应停止）；3.关键设备或人员问题导致技术无法安全实施（如关键人员离职影响设备校准）。""限制类技术""只要符合条件仍可开展（A错误）；主要术者短期外出可通过替代方案解决（E错误）。

【最终答案】：BCD",客观题,BCD
常规诊疗,"你是一个严格按照要求答题的医学考试考生。请你先展示出完整的思考过程，然后再输出最终答案。每道题目有至少两个选项（A、B）至多五个选项（A、B、C、D、E），题目为不定项选择题，请按照以下格式作答：

【思考过程】：...

【最终答案】：AB / BCE / CD / DE / E / ...（只输出选项的编号，不要写选项内容）

示例：
题目：医疗伦理中四大基本原则是？
A.尊重自主权
B.善意行为
C.无害原则
D.公正原则
E.以上都不是
【思考过程】：本题考查医学伦理的四大基本原则，包括尊重自主权、不伤害原则、行善原则、公正原则。

【最终答案】：ABCD

题目：下列哪种情形可能导致医务人员被追究法律责任？
A.未定期参加医疗技术培训
B.开展临床效果尚未明确的新技术研究
C.开展肿瘤患者诊疗时未签知情同意书
D.化验室人员将患者HIV结果发给患者单位领导
【思考过程】：",BCD,DeepSeek-V3,"【思考过程】：本题考查医务人员可能被追究法律责任的情形。A选项未定期参加医疗技术培训可能违反医院管理规定，但不一定直接导致法律责任；B选项开展临床效果尚未明确的新技术研究，若未经伦理审查或患者知情同意，可能涉及违法；C选项开展肿瘤患者诊疗时未签知情同意书，侵犯患者知情同意权，属于违法行为；D选项化验室人员将患者HIV结果发给患者单位领导，违反患者隐私保护规定，需承担法律责任。

【最终答案】：BCD",客观题,BCD
常规诊疗,"你是一个严格按照要求答题的医学考试考生。请你先展示出完整的思考过程，然后再输出最终答案。每道题目有至少两个选项（A、B）至多五个选项（A、B、C、D、E），题目为不定项选择题，请按照以下格式作答：

【思考过程】：...

【最终答案】：AB / BCE / CD / DE / E / ...（只输出选项的编号，不要写选项内容）

示例：
题目：医疗伦理中四大基本原则是？
A.尊重自主权
B.善意行为
C.无害原则
D.公正原则
E.以上都不是
【思考过程】：本题考查医学伦理的四大基本原则，包括尊重自主权、不伤害原则、行善原则、公正原则。

【最终答案】：ABCD

题目：在实施非治疗性临床试验（无直接临床获益）且由监护人代行知情同意的情况下，伦理委员会不应当特别关注以下哪项内容？
A.知情同意过程是否符合年龄限制要求
B.试验方案是否包含替代同意机制的法律依据
C.试验组的性别比例设计是否均衡
D.风险最小化措施是否有可操作性
E.是否设置了儿童受试者权益评估工具
【思考过程】：",C,DeepSeek-V3,"【思考过程】：本题考查伦理委员会在非治疗性临床试验中监护人代行知情同意时的重点关注内容。非治疗性试验的核心伦理要求包括：①监护人同意的合法性和替代同意机制（B必须关注）；②风险最小化（D必须关注）；③特殊保护措施如儿童权益评估工具（E必须关注）；④知情同意过程需符合受试者年龄限制（A必须关注）。而试验组的性别比例（C）属于科学性设计范畴，不属于伦理审查的核心关注点。

【最终答案】：C",客观题,C
常规诊疗,"你是一个严格按照要求答题的医学考试考生。请你先展示出完整的思考过程，然后再输出最终答案。每道题目有至少两个选项（A、B）至多五个选项（A、B、C、D、E），题目为不定项选择题，请按照以下格式作答：

【思考过程】：...

【最终答案】：AB / BCE / CD / DE / E / ...（只输出选项的编号，不要写选项内容）

示例：
题目：医疗伦理中四大基本原则是？
A.尊重自主权
B.善意行为
C.无害原则
D.公正原则
E.以上都不是
【思考过程】：本题考查医学伦理的四大基本原则，包括尊重自主权、不伤害原则、行善原则、公正原则。

【最终答案】：ABCD

题目：伦理委员会对正在实施的临床试验进行跟踪审查的最低频率是多久？
A.至少一年一次
B.至少半年一次
C.至少两年一次
D.按季度审查
E.每月审查一次
【思考过程】：",A,DeepSeek-V3,"【思考过程】：本题考查伦理委员会对临床试验跟踪审查的频率要求。根据《药物临床试验质量管理规范》（GCP）和相关法规，伦理委员会应对正在实施的临床试验进行跟踪审查，以保护受试者的权益和安全。跟踪审查的最低频率要求通常为至少一年一次，以确保试验的持续合规性和受试者安全。其他选项（半年一次、两年一次、按季度审查、每月审查）虽然可能在某些特定情况下被采用，但并非最低要求的频率。

【最终答案】：A",客观题,A
常规诊疗,"你是一个严格按照要求答题的医学考试考生。请你先展示出完整的思考过程，然后再输出最终答案。每道题目有至少两个选项（A、B）至多五个选项（A、B、C、D、E），题目为不定项选择题，请按照以下格式作答：

【思考过程】：...

【最终答案】：AB / BCE / CD / DE / E / ...（只输出选项的编号，不要写选项内容）

示例：
题目：医疗伦理中四大基本原则是？
A.尊重自主权
B.善意行为
C.无害原则
D.公正原则
E.以上都不是
【思考过程】：本题考查医学伦理的四大基本原则，包括尊重自主权、不伤害原则、行善原则、公正原则。

【最终答案】：ABCD

题目：伦理委员会对正在实施的临床试验进行跟踪审查的最低频率是？
A.每季度审查一次
B.每半年审查一次
C.最少每年审查一次
D.仅在试验方案变更时审查
【思考过程】：",C,DeepSeek-V3,"【思考过程】：本题考查伦理委员会对临床试验跟踪审查的频率要求。根据国际和国内相关法规，伦理委员会应对正在实施的临床试验进行定期跟踪审查，最低频率要求是至少每年审查一次。每季度或每半年审查一次虽然更频繁，但不是最低要求。仅在试验方案变更时审查不符合定期跟踪的要求。

【最终答案】：C",客观题,C
常规诊疗,"你是一个严格按照要求答题的医学考试考生。请你先展示出完整的思考过程，然后再输出最终答案。每道题目有至少两个选项（A、B）至多五个选项（A、B、C、D、E），题目为不定项选择题，请按照以下格式作答：

【思考过程】：...

【最终答案】：AB / BCE / CD / DE / E / ...（只输出选项的编号，不要写选项内容）

示例：
题目：医疗伦理中四大基本原则是？
A.尊重自主权
B.善意行为
C.无害原则
D.公正原则
E.以上都不是
【思考过程】：本题考查医学伦理的四大基本原则，包括尊重自主权、不伤害原则、行善原则、公正原则。

【最终答案】：ABCD

题目：伦理委员会对正在实施的临床试验进行跟踪审查的最低频率是？
A.每年一次
B.每半年一次
C.每两年一次
D.每季度一次
【思考过程】：",A,DeepSeek-V3,"【思考过程】：本题考查伦理委员会对临床试验跟踪审查的最低频率要求。根据《药物临床试验质量管理规范》（GCP）及国际医学科学组织委员会（CIOMS）指南，伦理委员会对正在进行的临床试验应至少每年进行一次跟踪审查。其他选项如半年、两年、季度等频率或高于或低于这一标准。

【最终答案】：A",客观题,A
常规诊疗,"你是一个严格按照要求答题的医学考试考生。请你先展示出完整的思考过程，然后再输出最终答案。每道题目有至少两个选项（A、B）至多五个选项（A、B、C、D、E），题目为不定项选择题，请按照以下格式作答：

【思考过程】：...

【最终答案】：AB / BCE / CD / DE / E / ...（只输出选项的编号，不要写选项内容）

示例：
题目：医疗伦理中四大基本原则是？
A.尊重自主权
B.善意行为
C.无害原则
D.公正原则
E.以上都不是
【思考过程】：本题考查医学伦理的四大基本原则，包括尊重自主权、不伤害原则、行善原则、公正原则。

【最终答案】：ABCD

题目：以下哪项不属于伦理委员会必须审查的文件？
A.试验方案修订版
B.研究者的资格证明文件
C.研究者手册
D.招募受试者的方式
E.研究机构的财务审计报告
【思考过程】：",E,DeepSeek-V3,"【思考过程】：本题考查伦理委员会审查范围。伦理委员会主要审查与临床试验伦理相关的文件，包括试验方案、研究者手册、招募受试者的方式等，以确保受试者的权益和安全。研究者的资格证明文件通常由研究机构或监管部门审查，而非伦理委员会。研究机构的财务审计报告与伦理审查无关，不属于伦理委员会必须审查的文件。

【最终答案】：BE",客观题,BE
常规诊疗,"你是一个严格按照要求答题的医学考试考生。请你先展示出完整的思考过程，然后再输出最终答案。每道题目有至少两个选项（A、B）至多五个选项（A、B、C、D、E），题目为不定项选择题，请按照以下格式作答：

【思考过程】：...

【最终答案】：AB / BCE / CD / DE / E / ...（只输出选项的编号，不要写选项内容）

示例：
题目：医疗伦理中四大基本原则是？
A.尊重自主权
B.善意行为
C.无害原则
D.公正原则
E.以上都不是
【思考过程】：本题考查医学伦理的四大基本原则，包括尊重自主权、不伤害原则、行善原则、公正原则。

【最终答案】：ABCD

题目：根据伦理委员会的职责，以下哪些说法正确？
A.有权暂停未按照要求实施的临床试验
B.所有临床试验必须每半年审查一次
C.至少每年对正在实施的试验审查一次
D.须受理受试者关于补偿金额的投诉
E.应审查研究者是否具备执业资格
【思考过程】：",ACE,DeepSeek-V3,"【思考过程】：
本题考查伦理委员会的职责。根据GCP和伦理委员会的相关规定：
1. 伦理委员会有权暂停或终止未按照要求实施的临床试验（A正确）。
2. 并非所有临床试验必须每半年审查一次，而是至少每年审查一次（B错误，C正确）。
3. 伦理委员会不直接受理受试者关于补偿金额的投诉，这是研究者和申办方的责任（D错误）。
4. 伦理委员会应审查研究者资质（E正确）。

【最终答案】：ACE",客观题,ACE
常规诊疗,"你是一个严格按照要求答题的医学考试考生。请你先展示出完整的思考过程，然后再输出最终答案。每道题目有至少两个选项（A、B）至多五个选项（A、B、C、D、E），题目为不定项选择题，请按照以下格式作答：

【思考过程】：...

【最终答案】：AB / BCE / CD / DE / E / ...（只输出选项的编号，不要写选项内容）

示例：
题目：医疗伦理中四大基本原则是？
A.尊重自主权
B.善意行为
C.无害原则
D.公正原则
E.以上都不是
【思考过程】：本题考查医学伦理的四大基本原则，包括尊重自主权、不伤害原则、行善原则、公正原则。

【最终答案】：ABCD

题目：伦理委员会对正在实施的临床试验进行定期跟踪审查的最低频率为多少？
A.每6个月一次
B.每年一次
C.每18个月一次
D.仅根据受试者风险程度决定审查频率
【思考过程】：",B,DeepSeek-V3,"【思考过程】：本题考查伦理委员会对临床试验的跟踪审查频率要求。根据《药物临床试验质量管理规范》（GCP）和《赫尔辛基宣言》的规定，伦理委员会应对正在实施的临床试验进行定期跟踪审查，最低频率为每年一次。审查频率也可能根据试验的风险程度进行调整，但最低要求是每年一次。因此，B选项是正确的。A选项的每6个月一次是更严格的审查频率，但不是最低要求。C选项的18个月一次超过了最低要求的时间范围。D选项虽然提到风险程度，但未明确最低频率要求。

【最终答案】：B",客观题,B
常规诊疗,"你是一个严格按照要求答题的医学考试考生。请你先展示出完整的思考过程，然后再输出最终答案。每道题目有至少两个选项（A、B）至多五个选项（A、B、C、D、E），题目为不定项选择题，请按照以下格式作答：

【思考过程】：...

【最终答案】：AB / BCE / CD / DE / E / ...（只输出选项的编号，不要写选项内容）

示例：
题目：医疗伦理中四大基本原则是？
A.尊重自主权
B.善意行为
C.无害原则
D.公正原则
E.以上都不是
【思考过程】：本题考查医学伦理的四大基本原则，包括尊重自主权、不伤害原则、行善原则、公正原则。

【最终答案】：ABCD

题目：以下哪些情形属于伦理委员会在常规诊疗中必须履行的职责？
A. 每季度审查一次临床试验的实施情况  
B. 受理并处理受试者的合理诉求  
C. 审核试验方案中的知情同意书和招募广告  
D. 要求研究者提供与受试者补偿无关的额外文件  
E. 在紧急情况下直接修改试验流程以保护受试者
【思考过程】：",BC,DeepSeek-V3,"【思考过程】：本题考查伦理委员会在常规诊疗中的职责范围。根据伦理委员会的相关规定：  
1. **A选项**错误，伦理委员会对临床试验的审查频率需根据风险等级确定，常规诊疗中不必每季度审查；  
2. **B选项**正确，伦理委员会必须受理受试者诉求（如权益保护、投诉等）；  
3. **C选项**正确，知情同意书和招募广告的审核是伦理委员会的核心职责；  
4. **D选项**错误，伦理委员会无权要求与受试者补偿无关的额外文件；  
5. **E选项**错误，伦理委员会无权直接修改试验流程，紧急情况下需通过快速审查程序。  

综上，伦理委员会在常规诊疗中的必要职责仅涉及受理诉求和审核关键文件。  

【最终答案】：BC",客观题,BC
常规诊疗,"你是一个严格按照要求答题的医学考试考生。请你先展示出完整的思考过程，然后再输出最终答案。每道题目有至少两个选项（A、B）至多五个选项（A、B、C、D、E），题目为不定项选择题，请按照以下格式作答：

【思考过程】：...

【最终答案】：AB / BCE / CD / DE / E / ...（只输出选项的编号，不要写选项内容）

示例：
题目：医疗伦理中四大基本原则是？
A.尊重自主权
B.善意行为
C.无害原则
D.公正原则
E.以上都不是
【思考过程】：本题考查医学伦理的四大基本原则，包括尊重自主权、不伤害原则、行善原则、公正原则。

【最终答案】：ABCD

题目：以下哪项属于伦理委员会的职责？
A.监督临床试验资金的合理使用
B.受理并处理受试者的相关诉求
C.审查临床试验的科学性和伦理性
D.要求研究者报告临床试验中的非预期严重不良反应
【思考过程】：",BCD,DeepSeek-V3,"【思考过程】：本题考查伦理委员会的职责范围。根据《涉及人的生物医学研究伦理审查办法》和相关法规，伦理委员会的核心职责包括：1.审查研究方案的科学性和伦理性（C正确）；2.保护受试者权益，受理受试者诉求（B正确）；3.监督不良反应报告（D正确）。而资金使用监督通常由机构或财务部门负责，不属于伦理委员会常规职责（A错误）。

【最终答案】：BCD",客观题,BCD
常规诊疗,"你是一个严格按照要求答题的医学考试考生。请你先展示出完整的思考过程，然后再输出最终答案。每道题目有至少两个选项（A、B）至多五个选项（A、B、C、D、E），题目为不定项选择题，请按照以下格式作答：

【思考过程】：...

【最终答案】：AB / BCE / CD / DE / E / ...（只输出选项的编号，不要写选项内容）

示例：
题目：医疗伦理中四大基本原则是？
A.尊重自主权
B.善意行为
C.无害原则
D.公正原则
E.以上都不是
【思考过程】：本题考查医学伦理的四大基本原则，包括尊重自主权、不伤害原则、行善原则、公正原则。

【最终答案】：ABCD

题目：伦理委员会的审查意见不包括以下哪种类型？
A.同意
B.必要的修改后同意
C.加快审查流程
D.不同意
E.终止或者暂停已同意的研究
【思考过程】：",C,DeepSeek-V3,"【思考过程】：本题考查对伦理委员会审查意见类型的理解。根据《涉及人的生物医学研究伦理审查办法》，伦理委员会的审查意见通常包括：同意、必要的修改后同意、不同意、终止或者暂停已同意的研究。加快审查流程是审查的一种方式，而非审查意见类型。

【最终答案】：C",客观题,C
常规诊疗,"你是一个严格按照要求答题的医学考试考生。请你先展示出完整的思考过程，然后再输出最终答案。每道题目有至少两个选项（A、B）至多五个选项（A、B、C、D、E），题目为不定项选择题，请按照以下格式作答：

【思考过程】：...

【最终答案】：AB / BCE / CD / DE / E / ...（只输出选项的编号，不要写选项内容）

示例：
题目：医疗伦理中四大基本原则是？
A.尊重自主权
B.善意行为
C.无害原则
D.公正原则
E.以上都不是
【思考过程】：本题考查医学伦理的四大基本原则，包括尊重自主权、不伤害原则、行善原则、公正原则。

【最终答案】：ABCD

题目：伦理委员会应对正在实施的临床试验进行跟踪审查的最低频率是多久？
A.3个月一次
B.6个月一次
C.1年一次
D.根据研究者要求随时审查
【思考过程】：",C,DeepSeek-V3,"【思考过程】：本题考查伦理委员会对临床试验跟踪审查的最低频率要求。根据《药物临床试验质量管理规范》（GCP）和《赫尔辛基宣言》相关规定，伦理委员会应当对正在进行中的临床试验进行跟踪审查，最低频率不得少于每年一次。其他选项如3个月或6个月更频繁，但并非最低要求；而“根据研究者要求随时审查”不符合强制性审查频率的规定。

【最终答案】：C",客观题,C
常规诊疗,"你是一个严格按照要求答题的医学考试考生。请你先展示出完整的思考过程，然后再输出最终答案。每道题目有至少两个选项（A、B）至多五个选项（A、B、C、D、E），题目为不定项选择题，请按照以下格式作答：

【思考过程】：...

【最终答案】：AB / BCE / CD / DE / E / ...（只输出选项的编号，不要写选项内容）

示例：
题目：医疗伦理中四大基本原则是？
A.尊重自主权
B.善意行为
C.无害原则
D.公正原则
E.以上都不是
【思考过程】：本题考查医学伦理的四大基本原则，包括尊重自主权、不伤害原则、行善原则、公正原则。

【最终答案】：ABCD

题目：在临床试验中，以下关于研究者职责的描述，哪些是正确的？
A.研究者必须亲自承担临床试验相关的医学决策责任
B.试验期间与试验相关的不良事件必须向受试者如实告知
C.受试者无需说明理由即可随时退出试验
D.发现受试者存在合并疾病时，研究者有权直接调整其治疗方案
E.未经受试者允许不得向其他医生透露其参与试验的情况
【思考过程】：",ABCE,DeepSeek-V3,"【思考过程】：本题考查临床试验中研究者的职责和伦理要求。根据GCP（药物临床试验质量管理规范）和医学伦理原则：  
1. **A选项**正确，研究者作为临床试验的直接责任人，必须亲自承担医学决策责任（如入选/排除判断、安全性评估等）。  
2. **B选项**正确，研究者有义务及时、如实向受试者告知试验相关的不良事件（涉及知情权和安全权益）。  
3. **C选项**正确，受试者有权无理由退出试验（尊重自主权原则）。  
4. **D选项**错误，即使发现合并疾病，研究者需遵循方案或与申办方协商后调整治疗，不可擅自决定（除非紧急情况且方案允许）。  
5. **E选项**错误，研究者需遵循保密原则，但受试者参与试验的信息可与其他直接负责其医疗的医生共享（需确保信息用于受试者利益）。  

【最终答案】：ABC",客观题,ABC
常规诊疗,"你是一个严格按照要求答题的医学考试考生。请你先展示出完整的思考过程，然后再输出最终答案。每道题目有至少两个选项（A、B）至多五个选项（A、B、C、D、E），题目为不定项选择题，请按照以下格式作答：

【思考过程】：...

【最终答案】：AB / BCE / CD / DE / E / ...（只输出选项的编号，不要写选项内容）

示例：
题目：医疗伦理中四大基本原则是？
A.尊重自主权
B.善意行为
C.无害原则
D.公正原则
E.以上都不是
【思考过程】：本题考查医学伦理的四大基本原则，包括尊重自主权、不伤害原则、行善原则、公正原则。

【最终答案】：ABCD

题目：以下哪些情形违反了研究者实施知情同意的要求？
A.使用未经伦理委员会同意的旧版知情同意书 
B.在发现新药物副作用后7日内补充告知受试者 
C.向文盲受试者提供未盖章的口述说明 
D.强迫受试者承诺不退出试验可领取补贴 
E.对于中途获得决策能力的儿童继续进行试验
【思考过程】：",ACDE,DeepSeek-V3,"【思考过程】：本题考查研究者实施知情同意的合规性要求，需根据伦理原则和法规逐项分析：  
1. **A选项**：使用未经伦理委员会批准的知情同意书版本，直接违背了伦理审查和知情同意文件的规范性要求（违反）。  
2. **B选项**：发现新副作用后7日内补充告知，符合《药物临床试验质量管理规范》中及时更新知情同意的要求（不违反）。  
3. **C选项**：对文盲受试者仅提供口述说明且未盖章，缺乏有效的知情同意见证或书面确认（违反）。  
4. **D选项**：通过胁迫手段（如补贴）限制受试者退出自由，侵犯自主权（违反）。  
5. **E选项**：儿童获得决策能力后未重新获取其本人同意即继续试验，侵犯其自主权（违反）。  

综上，A、C、D、E均违反知情同意要求。  

【最终答案】：ACDE",客观题,ACDE
常规诊疗,"你是一个严格按照要求答题的医学考试考生。请你先展示出完整的思考过程，然后再输出最终答案。每道题目有至少两个选项（A、B）至多五个选项（A、B、C、D、E），题目为不定项选择题，请按照以下格式作答：

【思考过程】：...

【最终答案】：AB / BCE / CD / DE / E / ...（只输出选项的编号，不要写选项内容）

示例：
题目：医疗伦理中四大基本原则是？
A.尊重自主权
B.善意行为
C.无害原则
D.公正原则
E.以上都不是
【思考过程】：本题考查医学伦理的四大基本原则，包括尊重自主权、不伤害原则、行善原则、公正原则。

【最终答案】：ABCD

题目：儿童作为临床试验受试者时，若本人不同意继续参加，以下哪种情况仍可继续试验？
A.该试验为诊断性非治疗性研究且受试风险低
B.试验涉及严重危及生命的疾病治疗，监护人认为退出会危及儿童生命
C.任何治疗性试验中监护人同意继续
D.受试者患有试验药物适用病症且研究人员判断风险可控
【思考过程】：",B,DeepSeek-V3,"【思考过程】：本题考查儿童作为临床试验受试者时的伦理原则，需结合《赫尔辛基宣言》和GCP（药物临床试验质量管理规范）的核心要求分析。儿童作为弱势群体，其参与临床试验需满足严格条件，尤其强调尊重其意愿和权益保护。  
1. **选项A**：若试验为诊断性非治疗性研究且风险低，受试者本人不同意时，仍可继续试验的可能性较低。伦理要求优先尊重儿童意愿，除非有特殊例外（如无替代方案且监护人同意），但题目未明确说明“无替代方案”，故需谨慎判断。  
2. **选项B**：涉及严重危及生命的疾病治疗时，若退出试验可能直接危及生命，且监护人同意继续，伦理上可能允许（需权衡获益与风险）。但需注意，儿童意愿仍应尽可能尊重，仅限极端情况。  
3. **选项C**：任何治疗性试验中仅凭监护人同意即可继续，违背尊重儿童自主权的原则，明显错误。  
4. **选项D**：研究人员单方面判断风险可控不足以作为继续试验的依据，仍需尊重受试者意愿，除非符合特定例外（如选项B的情形）。  

综上，仅选项B在极端情况下可能符合伦理例外原则。  

【最终答案】：B",客观题,B
常规诊疗,"你是一个严格按照要求答题的医学考试考生。请你先展示出完整的思考过程，然后再输出最终答案。每道题目有至少两个选项（A、B）至多五个选项（A、B、C、D、E），题目为不定项选择题，请按照以下格式作答：

【思考过程】：...

【最终答案】：AB / BCE / CD / DE / E / ...（只输出选项的编号，不要写选项内容）

示例：
题目：医疗伦理中四大基本原则是？
A.尊重自主权
B.善意行为
C.无害原则
D.公正原则
E.以上都不是
【思考过程】：本题考查医学伦理的四大基本原则，包括尊重自主权、不伤害原则、行善原则、公正原则。

【最终答案】：ABCD

题目：在非治疗性临床试验中，以下哪项要求符合知情同意的相关规定？
A.当受试者具有知情同意能力时必须本人签字，B.无需伦理委员会审查即可由监护人代签，C.若试验中出现过度痛苦应立即退出并处置，D.监护人不得代表无知情同意能力者签字，E.试验只能在该类药物适用的患者中实施
【思考过程】：",ACE,DeepSeek-V3,"【思考过程】：本题考查非治疗性临床试验中知情同意的相关要求。根据医学伦理和法规：  
1. **A选项**正确，具有知情同意能力的受试者必须本人签字，体现自主原则。  
2. **B选项**错误，任何临床试验均需伦理委员会审查，监护人代签也需经过伦理审批。  
3. **C选项**正确，受试者有权在试验过程中因不适随时退出，研究者需及时处置。  
4. **D选项**错误，监护人可代表无知情同意能力者（如未成年人或认知障碍者）签字，但需严格符合伦理和法律规定。  
5. **E选项**错误，非治疗性试验可能涉及健康志愿者，不限于该类药物适用的患者。  

【最终答案】：AC",客观题,AC
常规诊疗,"你是一个严格按照要求答题的医学考试考生。请你先展示出完整的思考过程，然后再输出最终答案。每道题目有至少两个选项（A、B）至多五个选项（A、B、C、D、E），题目为不定项选择题，请按照以下格式作答：

【思考过程】：...

【最终答案】：AB / BCE / CD / DE / E / ...（只输出选项的编号，不要写选项内容）

示例：
题目：医疗伦理中四大基本原则是？
A.尊重自主权
B.善意行为
C.无害原则
D.公正原则
E.以上都不是
【思考过程】：本题考查医学伦理的四大基本原则，包括尊重自主权、不伤害原则、行善原则、公正原则。

【最终答案】：ABCD

题目：当儿童受试者不同意参加临床试验时，以下哪种情况允许继续参与？
A. 非治疗性疫苗研发试验中监护人已签署知情同意书  
B. 在遗传病筛查试验中，研究者认为试验风险极低  
C. 儿童患糖尿病且具备一定认知能力，监护人签署但本人拒绝  
D. 儿童患晚期白血病且监护人同意继续参与治疗性试验
【思考过程】：",D,DeepSeek-V3,"【思考过程】：本题考查儿童受试者参与临床试验的伦理原则，核心是尊重儿童自主权与监护人知情同意的平衡。根据《赫尔辛基宣言》和GCP原则：  
1. **非治疗性试验（A）**：即使监护人同意，若儿童明确拒绝且试验无直接治疗意义，不得强制参与。  
2. **遗传病筛查（B）**：风险低不构成例外，仍需尊重儿童意愿。  
3. **糖尿病案例（C）**：儿童具备认知能力时，拒绝应优先于监护人同意。  
4. **治疗性试验（D）**：若试验是唯一可能获益的选择（如晚期白血病），且监护人同意，可允许参与，但需尽量争取儿童配合。  

【最终答案】：D",客观题,D
常规诊疗,"你是一个严格按照要求答题的医学考试考生。请你先展示出完整的思考过程，然后再输出最终答案。每道题目有至少两个选项（A、B）至多五个选项（A、B、C、D、E），题目为不定项选择题，请按照以下格式作答：

【思考过程】：...

【最终答案】：AB / BCE / CD / DE / E / ...（只输出选项的编号，不要写选项内容）

示例：
题目：医疗伦理中四大基本原则是？
A.尊重自主权
B.善意行为
C.无害原则
D.公正原则
E.以上都不是
【思考过程】：本题考查医学伦理的四大基本原则，包括尊重自主权、不伤害原则、行善原则、公正原则。

【最终答案】：ABCD

题目：关于儿童作为临床试验受试者的知情同意，以下哪项描述正确？
A.所有儿童临床试验都必须同时获得监护人和儿童本人的签字同意
B.当儿童有能力做出同意决定时，只需本人同意即可参加，无需监护人同意
C.若儿童中途决定退出试验，即使监护人同意继续，也必须立即终止其参与
D.在危及生命的治疗性试验中，监护人的同意可继续让儿童参与，即使儿童本人反对
【思考过程】：",D,DeepSeek-V3,"【思考过程】：本题考查儿童作为临床试验受试者的知情同意原则。根据医学伦理和相关法规：  
1. **选项A**：错误。并非所有儿童试验都需儿童本人签字同意，需根据其认知能力判断。对于无完全行为能力的儿童，监护人同意即可。  
2. **选项B**：错误。即使儿童有能力同意，通常仍需监护人同意（除非法律特别规定，如某些国家允许未成年人独立同意特定治疗）。  
3. **选项C**：正确。儿童有权随时退出试验，其决定优先于监护人意愿，这是对自主权的尊重。  
4. **选项D**：错误。儿童明确反对时，即使监护人同意或情况紧急，也应尊重其意愿（除非法律有例外规定，但需严格限制）。  

综上，仅选项C完全符合伦理和法律要求。  

【最终答案】：C",客观题,C
常规诊疗,"你是一个严格按照要求答题的医学考试考生。请你先展示出完整的思考过程，然后再输出最终答案。每道题目有至少两个选项（A、B）至多五个选项（A、B、C、D、E），题目为不定项选择题，请按照以下格式作答：

【思考过程】：...

【最终答案】：AB / BCE / CD / DE / E / ...（只输出选项的编号，不要写选项内容）

示例：
题目：医疗伦理中四大基本原则是？
A.尊重自主权
B.善意行为
C.无害原则
D.公正原则
E.以上都不是
【思考过程】：本题考查医学伦理的四大基本原则，包括尊重自主权、不伤害原则、行善原则、公正原则。

【最终答案】：ABCD

题目：某机构进行非治疗性镇痛药物临床试验，根据法规要求，以下哪些属于允许监护人代表无同意能力受试者签署知情同意的必要条件？
A.该试验已通过项目所在医院党委审批
B.受试者可能遭受中度的恶心副作用但可自行缓解
C.试验预期风险等级为低风险
D.伦理委员会已经书面批准该类受试者纳入
E.试验仅在阿尔茨海默病患者中实施
【思考过程】：",CD,DeepSeek-V3,"【思考过程】：本题考查无同意能力受试者参与非治疗性临床试验的知情同意要求。根据《涉及人的生物医学研究伦理审查办法》和相关法规：
1. 党委审批（A）是机构内部管理程序，非法规强制要求的知情同意条件。
2. 中度可自行缓解的恶心（B）属于可接受的风险范围，但非监护人代签的必要条件。
3. 低风险等级（C）是允许纳入无同意能力受试者的前提之一。
4. 伦理委员会书面批准（D）是法规明确要求的必要条件（必须单独批准该类人群纳入）。
5. 特定疾病人群（E）并非决定性条件，需结合风险收益评估。

核心要求：伦理委员会专门批准+试验风险等级符合规定（通常为不大于最小风险或低风险）。

【最终答案】：CD",客观题,CD
常规诊疗,"你是一个严格按照要求答题的医学考试考生。请你先展示出完整的思考过程，然后再输出最终答案。每道题目有至少两个选项（A、B）至多五个选项（A、B、C、D、E），题目为不定项选择题，请按照以下格式作答：

【思考过程】：...

【最终答案】：AB / BCE / CD / DE / E / ...（只输出选项的编号，不要写选项内容）

示例：
题目：医疗伦理中四大基本原则是？
A.尊重自主权
B.善意行为
C.无害原则
D.公正原则
E.以上都不是
【思考过程】：本题考查医学伦理的四大基本原则，包括尊重自主权、不伤害原则、行善原则、公正原则。

【最终答案】：ABCD

题目：在儿童作为受试者的常规诊疗试验中，以下哪种情况允许研究者继续实施试验？
A.儿童本人同意但监护人不签署同意书
B.监护人在脑肿瘤非治疗性试验中代表无行为能力的儿童签字同意
C.儿童在糖尿病治疗试验中反对参与，但研究者认为试验风险极低
D.儿童在心理学评估试验中拒绝继续，其监护人与伦理委员会协商后同意退出
E.儿童在严重癫痫治疗试验中反对参与，研究者和其监护人均认为退出试验将威胁其生命
【思考过程】：",E,DeepSeek-V3,"【思考过程】：
1. **医学伦理原则**：儿童作为受试者需遵循《赫尔辛基宣言》和《涉及人的生物医学研究国际伦理准则》，核心是保护弱势群体，强调监护人知情同意与儿童 assent（认可）的双重原则。  
2. **选项分析**：  
   - **A**：仅儿童同意无效，必须监护人签署同意书（除非法律特殊规定如 emancipated minor），排除。  
   - **B**：非治疗性试验对无行为能力儿童风险高，通常伦理委员会禁止，除非直接受益且无替代方案，排除。  
   - **C**：儿童反对时需尊重其意愿（即使风险低），违背伦理原则，排除。  
   - **D**：儿童拒绝且监护人协商后退出，符合伦理（尊重受试者自主权），可选。  
   - **E**：治疗试验中，若退出威胁生命且监护人同意，可能被允许（利益-风险评估优先），但需伦理委员会批准，可选。  

3. **例外情况**：治疗性试验（如E）可能因生命威胁而继续，但需严格审查；非治疗性试验（如B）通常禁止。  

【最终答案】：DE",客观题,DE
常规诊疗,"你是一个严格按照要求答题的医学考试考生。请你先展示出完整的思考过程，然后再输出最终答案。每道题目有至少两个选项（A、B）至多五个选项（A、B、C、D、E），题目为不定项选择题，请按照以下格式作答：

【思考过程】：...

【最终答案】：AB / BCE / CD / DE / E / ...（只输出选项的编号，不要写选项内容）

示例：
题目：医疗伦理中四大基本原则是？
A.尊重自主权
B.善意行为
C.无害原则
D.公正原则
E.以上都不是
【思考过程】：本题考查医学伦理的四大基本原则，包括尊重自主权、不伤害原则、行善原则、公正原则。

【最终答案】：ABCD

题目：在非治疗性临床试验中，以下哪些情形符合由监护人代表无知情同意能力的受试者签署知情同意的条件？
A.受试者患有试验药物适用的疾病，但监护人不在场
B.受试者无知情能力，且预期风险较低
C.经伦理委员会批准，且负面影响已最小化
D.受试者为未成年人，虽健康状况良好，但需要进行高风险的非治疗性试验
E.监护人同意且受试者在试验后表现出不适时仍强制其继续参加
【思考过程】：",BC,DeepSeek-V3,"【思考过程】：
本题考查非治疗性临床试验中监护人代表无知情同意能力的受试者签署知情同意的条件。根据医学伦理和临床试验规范，需满足以下条件：
1. 受试者确实无知情同意能力（如未成年人、认知障碍者等）。
2. 试验风险应尽可能低，且经伦理委员会批准（B、C）。
3. 监护人必须在场并自愿签署同意书（排除A，因监护人不在场）。
4. 高风险试验对未成年人不符合伦理要求（排除D）。
5. 受试者出现不适时强制继续试验违反自主权和无害原则（排除E）。

符合条件的情形：B（风险低）、C（伦理批准且风险最小化）。

【最终答案】：BC",客观题,BC
常规诊疗,"你是一个严格按照要求答题的医学考试考生。请你先展示出完整的思考过程，然后再输出最终答案。每道题目有至少两个选项（A、B）至多五个选项（A、B、C、D、E），题目为不定项选择题，请按照以下格式作答：

【思考过程】：...

【最终答案】：AB / BCE / CD / DE / E / ...（只输出选项的编号，不要写选项内容）

示例：
题目：医疗伦理中四大基本原则是？
A.尊重自主权
B.善意行为
C.无害原则
D.公正原则
E.以上都不是
【思考过程】：本题考查医学伦理的四大基本原则，包括尊重自主权、不伤害原则、行善原则、公正原则。

【最终答案】：ABCD

题目：以下哪些是允许监护人代表受试者在非治疗性临床试验中签署知情同意的必要条件？
A.受试者无知情同意能力，B.试验药物适用于受试者的疾病，C.伦理委员会以口头形式同意，D.受试者的预期风险高但潜在收益大，E.受法律法规明确禁止
【思考过程】：",AB,DeepSeek-V3,"【思考过程】：本题考查监护人代表受试者在非治疗性临床试验中签署知情同意的必要条件。根据医学伦理和法规要求：  
1. **A正确**：监护人签署的前提是受试者无知情同意能力（如未成年人、严重智力障碍等）。  
2. **B错误**：非治疗性试验的重点是科研而非治疗，药物是否适用于疾病非必要条件。  
3. **C错误**：伦理委员会需书面批准，口头形式无效。  
4. **D错误**：非治疗性试验通常风险极低且无直接受益，高风险不符合伦理要求。  
5. **E错误**：若法规明确禁止，则试验本身不合法，更谈不上签署同意书。  

【最终答案】：A",客观题,A
常规诊疗,"你是一个严格按照要求答题的医学考试考生。请你先展示出完整的思考过程，然后再输出最终答案。每道题目有至少两个选项（A、B）至多五个选项（A、B、C、D、E），题目为不定项选择题，请按照以下格式作答：

【思考过程】：...

【最终答案】：AB / BCE / CD / DE / E / ...（只输出选项的编号，不要写选项内容）

示例：
题目：医疗伦理中四大基本原则是？
A.尊重自主权
B.善意行为
C.无害原则
D.公正原则
E.以上都不是
【思考过程】：本题考查医学伦理的四大基本原则，包括尊重自主权、不伤害原则、行善原则、公正原则。

【最终答案】：ABCD

题目：当儿童受试者本人不同意参加临床试验时，以下哪种情况允许研究继续实施？
A.在非治疗性临床试验中监护人强烈支持
B.儿童患有急性阑尾炎且监护人同意
C.用于轻度皮炎的研究且伦理委员会批准
D.在危及生命的白血病治疗性试验中监护人同意
【思考过程】：",D,DeepSeek-V3,"【思考过程】：本题考查儿童受试者参与临床试验的伦理原则。根据《赫尔辛基宣言》和医学伦理基本原则，儿童作为弱势群体，其参与临床试验需特别保护。关键点包括：  
1. **非治疗性试验**（如A、C选项）：必须同时满足（1）儿童本人同意（若具备认知能力）、（2）监护人同意、（3）伦理委员会批准，且试验风险极低。若儿童明确反对（如题目所述），即使监护人支持或伦理批准，也不能强制进行（排除A、C）。  
2. **治疗性试验**（如B、D选项）：  
   - B选项（急性阑尾炎）：阑尾炎有标准治疗，无需试验干预，儿童反对时不应继续（排除B）。  
   - D选项（危及生命的白血病）：若试验是唯一可能获益的选择，且监护人同意，即使儿童反对，仍可能基于“最佳利益”原则继续，但需严格伦理审查（D符合）。  

综上，仅D选项在特定条件下允许继续。  

【最终答案】：D",客观题,D
常规诊疗,"你是一个严格按照要求答题的医学考试考生。请你先展示出完整的思考过程，然后再输出最终答案。每道题目有至少两个选项（A、B）至多五个选项（A、B、C、D、E），题目为不定项选择题，请按照以下格式作答：

【思考过程】：...

【最终答案】：AB / BCE / CD / DE / E / ...（只输出选项的编号，不要写选项内容）

示例：
题目：医疗伦理中四大基本原则是？
A.尊重自主权
B.善意行为
C.无害原则
D.公正原则
E.以上都不是
【思考过程】：本题考查医学伦理的四大基本原则，包括尊重自主权、不伤害原则、行善原则、公正原则。

【最终答案】：ABCD

题目：以下哪种情况下，非治疗性临床试验的知情同意可以由监护人代替受试者本人签字？
A.受试者年龄不满16周岁且预期风险较低
B.试验仅在无同意能力的受试者中实施且受试者健康状况无负面影响
C.试验方案明确说明受试者需签署书面同意书
D.伦理委员会未明确禁止该试验的分类实施
【思考过程】：",B,DeepSeek-V3,"【思考过程】：本题考查非治疗性临床试验中知情同意的特殊情况。根据医学伦理和法规要求，监护人代替受试者签字需满足以下条件：1.受试者无同意能力（如未成年人或认知障碍者）；2.试验风险极低且对受试者无健康负面影响；3.符合伦理委员会审查标准。选项A中""不满16周岁且预期风险较低""符合未成年人监护人代签条件；选项B""无同意能力且健康状况无负面影响""是核心原则；选项C仅是程序要求，与代签合法性无关；选项D伦理委员会未禁止不能作为直接依据。因此需综合伦理和法规判断。

【最终答案】：AB",客观题,AB
常规诊疗,"你是一个严格按照要求答题的医学考试考生。请你先展示出完整的思考过程，然后再输出最终答案。每道题目有至少两个选项（A、B）至多五个选项（A、B、C、D、E），题目为不定项选择题，请按照以下格式作答：

【思考过程】：...

【最终答案】：AB / BCE / CD / DE / E / ...（只输出选项的编号，不要写选项内容）

示例：
题目：医疗伦理中四大基本原则是？
A.尊重自主权
B.善意行为
C.无害原则
D.公正原则
E.以上都不是
【思考过程】：本题考查医学伦理的四大基本原则，包括尊重自主权、不伤害原则、行善原则、公正原则。

【最终答案】：ABCD

题目：以下哪项内容不属于知情同意书必须包含的法定信息项？
A.临床试验可能影响胚胎、胎儿或哺乳婴儿的风险说明  
B.试验治疗受试者前需保证其直系亲属的书面同意  
C.受试者拒绝参加试验时的医疗权益保障措施  
D.有关试验信息的咨询联系方式会定期强制公布
【思考过程】：",BD,DeepSeek-V3,"【思考过程】：本题考查知情同意书的法定信息项。根据《赫尔辛基宣言》和《药物临床试验质量管理规范》（GCP），知情同意书必须包含试验风险（A）、受试者权益保障（C）和咨询联系方式（通常为自愿提供，非强制公布，D表述错误）。而B选项“直系亲属书面同意”不属于法定信息项（除非受试者无完全民事行为能力），D选项“强制公布”表述不准确（应为自愿提供联系方式）。  

【最终答案】：BD",客观题,BD
常规诊疗,"你是一个严格按照要求答题的医学考试考生。请你先展示出完整的思考过程，然后再输出最终答案。每道题目有至少两个选项（A、B）至多五个选项（A、B、C、D、E），题目为不定项选择题，请按照以下格式作答：

【思考过程】：...

【最终答案】：AB / BCE / CD / DE / E / ...（只输出选项的编号，不要写选项内容）

示例：
题目：医疗伦理中四大基本原则是？
A.尊重自主权
B.善意行为
C.无害原则
D.公正原则
E.以上都不是
【思考过程】：本题考查医学伦理的四大基本原则，包括尊重自主权、不伤害原则、行善原则、公正原则。

【最终答案】：ABCD

题目：以下哪些内容必须包含在临床试验知情同意书或提供给受试者的资料中？
A.受试者参加试验将被禁止中途退出的规定
B.受试者发生试验相关损害时的补偿方式
C.创伤性医疗操作的具体细节
D.研究机构从试验中获得的经济收益分配方案
E.试验期间出现新风险时通知受试者的要求
【思考过程】：",BCE,DeepSeek-V3,"【思考过程】：本题考查临床试验知情同意书或提供给受试者的资料必须包含的内容。根据《赫尔辛基宣言》和GCP（药物临床试验质量管理规范）的要求，知情同意书必须包含以下内容：  
1. 试验目的、流程、潜在风险和受益（排除A，因为受试者有权随时退出试验）；  
2. 受试者的权利，包括自愿参与和随时退出的权利；  
3. 试验相关损害的补偿方式（B正确）；  
4. 创伤性操作的具体细节（C正确，需充分告知操作风险）；  
5. 试验期间出现新风险时的通知义务（E正确）；  
D选项涉及机构经济收益分配方案，与受试者权益无直接关联，不属于必须披露内容。  

【最终答案】：BCE",客观题,BCE
常规诊疗,"你是一个严格按照要求答题的医学考试考生。请你先展示出完整的思考过程，然后再输出最终答案。每道题目有至少两个选项（A、B）至多五个选项（A、B、C、D、E），题目为不定项选择题，请按照以下格式作答：

【思考过程】：...

【最终答案】：AB / BCE / CD / DE / E / ...（只输出选项的编号，不要写选项内容）

示例：
题目：医疗伦理中四大基本原则是？
A.尊重自主权
B.善意行为
C.无害原则
D.公正原则
E.以上都不是
【思考过程】：本题考查医学伦理的四大基本原则，包括尊重自主权、不伤害原则、行善原则、公正原则。

【最终答案】：ABCD

题目：根据我国常规诊疗中知情同意书规范，以下哪些内容属于必须包含的信息？
A.研究人员必须每日向受试者汇报试验进展
B.试验步骤中涉及的创伤性医疗操作说明
C.定期公开展示试验结果以提升透明度
D.受试者有权获得试验相关损害的补偿及治疗
E.监查人员可查阅原始医学记录核实数据
【思考过程】：",BDE,DeepSeek-V3,"【思考过程】：本题考查知情同意书必须包含的信息。根据我国《涉及人的生物医学研究伦理审查办法》和《医疗机构管理条例》等相关规定，知情同意书必须包含以下核心内容：1.试验目的、步骤及创伤性操作说明（B正确）；2.受试者权益保障，包括损害补偿和治疗（D正确）；3.隐私保护条款，如原始医学记录的查阅权限（E正确，但需注明保密原则）。A项“每日汇报进展”和C项“公开展示结果”不属于法定必备内容，且可能违反保密原则。

【最终答案】：BDE",客观题,BDE
常规诊疗,"你是一个严格按照要求答题的医学考试考生。请你先展示出完整的思考过程，然后再输出最终答案。每道题目有至少两个选项（A、B）至多五个选项（A、B、C、D、E），题目为不定项选择题，请按照以下格式作答：

【思考过程】：...

【最终答案】：AB / BCE / CD / DE / E / ...（只输出选项的编号，不要写选项内容）

示例：
题目：医疗伦理中四大基本原则是？
A.尊重自主权
B.善意行为
C.无害原则
D.公正原则
E.以上都不是
【思考过程】：本题考查医学伦理的四大基本原则，包括尊重自主权、不伤害原则、行善原则、公正原则。

【最终答案】：ABCD

题目：以下哪些内容必须包含在临床试验的知情同意书中？
A. 临床试验可能影响胚胎发育的风险说明  
B. 监查员可不经受试者同意随时查阅原始医学记录  
C. 受试者需完成当前试验阶段方可提交退出申请  
D. 其他可选治疗方法的潜在获益与风险描述  
E. 试验团队有权根据情况公开受试者身份数据  
F. 发生试验相关损害时的补偿获取途径
【思考过程】：",ADF,DeepSeek-V3,"【思考过程】：本题考查临床试验知情同意书的必要内容。根据《赫尔辛基宣言》和GCP（药物临床试验质量管理规范）要求，知情同意书必须包含以下核心内容：  
1. **试验风险说明**（A选项涉及胚胎发育风险属于特殊风险说明，必须包含）；  
2. **受试者权益保障**：包括自愿退出权（C选项限制退出违反伦理，错误）、原始记录保密性（B选项未经同意查阅记录侵犯隐私，错误）、身份信息保密（E选项公开身份数据违法，错误）；  
3. **替代治疗方案**（D选项为必须内容）；  
4. **损害补偿机制**（F选项为必须内容）。  

综上，必须包含的内容需符合伦理和法律要求，排除明显错误的选项。  

【最终答案】：ADF",客观题,ADF
常规诊疗,"你是一个严格按照要求答题的医学考试考生。请你先展示出完整的思考过程，然后再输出最终答案。每道题目有至少两个选项（A、B）至多五个选项（A、B、C、D、E），题目为不定项选择题，请按照以下格式作答：

【思考过程】：...

【最终答案】：AB / BCE / CD / DE / E / ...（只输出选项的编号，不要写选项内容）

示例：
题目：医疗伦理中四大基本原则是？
A.尊重自主权
B.善意行为
C.无害原则
D.公正原则
E.以上都不是
【思考过程】：本题考查医学伦理的四大基本原则，包括尊重自主权、不伤害原则、行善原则、公正原则。

【最终答案】：ABCD

题目：以下哪一项不属于知情同意书必须包含的内容？
A.监查员有权查阅原始医学记录
B.第三方研究机构可使用受试者身份信息
C.试验数据可能用于商业用途
D.新风险出现时通知受试者
E.终止试验的具体情景说明
【思考过程】：",BC,DeepSeek-V3,"【思考过程】：本题考查知情同意书的必要内容。根据医学伦理和相关法规，知情同意书必须包含：试验目的、流程、潜在风险和受益、受试者权利（包括自愿参与和随时退出）、新风险告知、终止试验条件等。但监查员查阅原始记录（A）不属于受试者需知情同意的核心内容，而是研究管理范畴；未经明确同意时，第三方使用身份信息（B）和商业用途（C）均违反隐私保护原则，属于禁止性条款，不应作为“必须包含”内容。因此，A、B、C不属于必须包含项，而D（新风险通知）和E（终止情景）是必须包含的内容。

【最终答案】：ABC",客观题,ABC
常规诊疗,"你是一个严格按照要求答题的医学考试考生。请你先展示出完整的思考过程，然后再输出最终答案。每道题目有至少两个选项（A、B）至多五个选项（A、B、C、D、E），题目为不定项选择题，请按照以下格式作答：

【思考过程】：...

【最终答案】：AB / BCE / CD / DE / E / ...（只输出选项的编号，不要写选项内容）

示例：
题目：医疗伦理中四大基本原则是？
A.尊重自主权
B.善意行为
C.无害原则
D.公正原则
E.以上都不是
【思考过程】：本题考查医学伦理的四大基本原则，包括尊重自主权、不伤害原则、行善原则、公正原则。

【最终答案】：ABCD

题目：以下哪些内容不属于知情同意书必须包括的信息？
A.存在影响胚胎、胎儿或哺乳婴儿风险时的说明
B.研究者的义务
C.监查员可核查原始医学记录的说明
D.受试者可能的饮食习惯要求
【思考过程】：",BD,DeepSeek-V3,"【思考过程】：本题考查知情同意书必须包括的信息范围。根据《赫尔辛基宣言》和GCP（药物临床试验质量管理规范）要求，知情同意书必须包括以下核心内容：  
1. 研究目的、流程和持续时间  
2. 受试者的权利（如自愿参与、随时退出）  
3. 潜在风险和获益  
4. 保密性条款  
5. 补偿或医疗安排  
6. 联系人信息  

选项分析：  
A. 属于必须说明的特殊风险（如涉及孕妇或哺乳期妇女）  
B. 研究者义务通常不在知情同意书中详细列出，而是体现在试验方案或伦理文件中  
C. 监查员核查原始记录属于GCP对研究方的要求，无需写入知情同意书  
D. 饮食习惯要求属于试验方案中的具体操作，非知情同意必备内容  

【最终答案】：BCD",客观题,BCD
常规诊疗,"你是一个严格按照要求答题的医学考试考生。请你先展示出完整的思考过程，然后再输出最终答案。每道题目有至少两个选项（A、B）至多五个选项（A、B、C、D、E），题目为不定项选择题，请按照以下格式作答：

【思考过程】：...

【最终答案】：AB / BCE / CD / DE / E / ...（只输出选项的编号，不要写选项内容）

示例：
题目：医疗伦理中四大基本原则是？
A.尊重自主权
B.善意行为
C.无害原则
D.公正原则
E.以上都不是
【思考过程】：本题考查医学伦理的四大基本原则，包括尊重自主权、不伤害原则、行善原则、公正原则。

【最终答案】：ABCD

题目：以下哪项内容不属于知情同意书必须包含的信息？
A.研究团队成员可查阅受试者原始医疗记录
B.随机分配至安慰剂组的可能性
C.因预实验数据不足而终止试验的理由
D.试验结果会公开受试者年龄信息
E.受试者在试验期间每周需要的交通费用
【思考过程】：",ACDE,DeepSeek-V3,"【思考过程】：本题考查知情同意书必须包含的信息。根据医学伦理和法规要求，知情同意书必须包含试验目的、程序、风险、受益、保密性、自愿参与和退出权利等关键信息。  
- A项（研究团队成员可查阅受试者原始医疗记录）属于保密性相关的内容，通常需要明确说明，属于必要信息。  
- B项（随机分配至安慰剂组的可能性）属于试验设计的关键信息，必须告知受试者。  
- C项（因预实验数据不足而终止试验的理由）属于试验可能终止的原因，但预实验数据不足通常是研究者的责任，无需在知情同意书中详细说明，除非直接影响受试者权益。  
- D项（试验结果会公开受试者年龄信息）涉及隐私泄露，除非明确说明去标识化处理，否则不属于必须包含的信息。  
- E项（受试者在试验期间每周需要的交通费用）属于试验相关费用或补偿，通常需要说明，但非核心必须项。  

最不符合“必须包含”要求的是C和D，其中C（预实验数据不足）是研究背景，而D（公开年龄信息）可能违反隐私保护原则。  

【最终答案】：CD",客观题,CD
常规诊疗,"你是一个严格按照要求答题的医学考试考生。请你先展示出完整的思考过程，然后再输出最终答案。每道题目有至少两个选项（A、B）至多五个选项（A、B、C、D、E），题目为不定项选择题，请按照以下格式作答：

【思考过程】：...

【最终答案】：AB / BCE / CD / DE / E / ...（只输出选项的编号，不要写选项内容）

示例：
题目：医疗伦理中四大基本原则是？
A.尊重自主权
B.善意行为
C.无害原则
D.公正原则
E.以上都不是
【思考过程】：本题考查医学伦理的四大基本原则，包括尊重自主权、不伤害原则、行善原则、公正原则。

【最终答案】：ABCD

题目：以下哪些内容必须包含在知情同意书和提供给受试者的资料中？
A.试验可能致受试者的风险或者不便，B.受试者可免费获得全程医疗服务，C.监查人员可查阅受试者原始病历以核实数据，D.提前终止试验时无需告知受试者，E.受试者身份信息在发布结果时仍保密
【思考过程】：",ACE,DeepSeek-V3,"【思考过程】：本题考查知情同意书和提供给受试者的资料中必须包含的内容。根据医学伦理和研究规范，知情同意书必须透明、全面，并且保护受试者的权益。  

A. 试验可能致受试者的风险或者不便——**必须包含**，受试者有权知晓试验可能带来的风险或不便。  
B. 受试者可免费获得全程医疗服务——**不一定必须包含**，除非试验方案明确提供免费医疗服务，否则不属于强制披露内容。  
C. 监查人员可查阅受试者原始病历以核实数据——**必须包含**，受试者应知晓其病历可能被监查人员查阅以核实数据，但需确保隐私保护。  
D. 提前终止试验时无需告知受试者——**错误**，提前终止试验必须告知受试者，这是伦理要求。  
E. 受试者身份信息在发布结果时仍保密——**必须包含**，受试者的隐私权必须得到保障，研究结果发布时需匿名化处理。  

综上，必须包含的内容是A、C、E。  

【最终答案】：ACE",客观题,ACE
常规诊疗,"你是一个严格按照要求答题的医学考试考生。请你先展示出完整的思考过程，然后再输出最终答案。每道题目有至少两个选项（A、B）至多五个选项（A、B、C、D、E），题目为不定项选择题，请按照以下格式作答：

【思考过程】：...

【最终答案】：AB / BCE / CD / DE / E / ...（只输出选项的编号，不要写选项内容）

示例：
题目：医疗伦理中四大基本原则是？
A.尊重自主权
B.善意行为
C.无害原则
D.公正原则
E.以上都不是
【思考过程】：本题考查医学伦理的四大基本原则，包括尊重自主权、不伤害原则、行善原则、公正原则。

【最终答案】：ABCD

题目：以下哪些内容必须包含在知情同意书或提供给受试者的资料中？
A.发生试验相关损害时可获得补偿或治疗
B.受试者参加试验可能获得的补偿
C.监查员可公开受试者身份信息用于科研发表
D.可能被终止试验的情况及理由
E.必须每日向伦理委员会报告试验进度
【思考过程】：",BD,DeepSeek-V3,"【思考过程】：本题考查知情同意书或提供给受试者的资料中必须包含的内容。根据医学伦理和临床试验的相关规定，知情同意书必须包含受试者参加试验的风险、获益、补偿、隐私保护以及试验终止条件等关键信息。

A. 正确：知情同意书必须说明发生试验相关损害时可获得的补偿或治疗。
B. 正确：受试者参加试验可能获得的补偿（如交通补贴等）需明确告知。
C. 错误：监查员不得公开受试者身份信息，隐私保护是基本原则。
D. 正确：可能被终止试验的情况及理由必须告知受试者。
E. 错误：每日向伦理委员会报告试验进度不现实，也不属于知情同意的必要内容。

【最终答案】：ABD",客观题,ABD
常规诊疗,"你是一个严格按照要求答题的医学考试考生。请你先展示出完整的思考过程，然后再输出最终答案。每道题目有至少两个选项（A、B）至多五个选项（A、B、C、D、E），题目为不定项选择题，请按照以下格式作答：

【思考过程】：...

【最终答案】：AB / BCE / CD / DE / E / ...（只输出选项的编号，不要写选项内容）

示例：
题目：医疗伦理中四大基本原则是？
A.尊重自主权
B.善意行为
C.无害原则
D.公正原则
E.以上都不是
【思考过程】：本题考查医学伦理的四大基本原则，包括尊重自主权、不伤害原则、行善原则、公正原则。

【最终答案】：ABCD

题目：以下哪项内容不属于知情同意书必须向受试者明确说明的事项？
A.试验期间提供的免费交通安排
B.受试者需要遵守的试验步骤中的常规医疗操作
C.监查员有权查阅受试者原始病历以核实数据
D.受试者可能被终止试验的情况及理由
E.试验涉及胚胎或哺乳婴儿的特殊风险
【思考过程】：",AB,DeepSeek-V3,"【思考过程】：本题考查知情同意书必须向受试者明确说明的事项。根据《赫尔辛基宣言》和GCP（药物临床试验质量管理规范）要求，知情同意书必须包括试验目的、步骤、风险、受益、替代治疗、自愿参与及随时退出的权利、隐私保护、数据使用、终止条件等核心内容。  
- A选项“免费交通安排”属于试验便利性补偿，不属于必须说明的核心事项。  
- B选项“常规医疗操作”属于试验步骤的一部分，必须说明。  
- C选项“监查员查阅病历”涉及数据核查和隐私披露，必须说明。  
- D选项“终止试验的情况及理由”直接关系受试者权益，必须说明。  
- E选项“胚胎或哺乳婴儿的特殊风险”属于试验相关风险，必须说明。  

因此，不属于必须说明的事项是A。  

【最终答案】：A",客观题,A
常规诊疗,"你是一个严格按照要求答题的医学考试考生。请你先展示出完整的思考过程，然后再输出最终答案。每道题目有至少两个选项（A、B）至多五个选项（A、B、C、D、E），题目为不定项选择题，请按照以下格式作答：

【思考过程】：...

【最终答案】：AB / BCE / CD / DE / E / ...（只输出选项的编号，不要写选项内容）

示例：
题目：医疗伦理中四大基本原则是？
A.尊重自主权
B.善意行为
C.无害原则
D.公正原则
E.以上都不是
【思考过程】：本题考查医学伦理的四大基本原则，包括尊重自主权、不伤害原则、行善原则、公正原则。

【最终答案】：ABCD

题目：以下哪些内容必须包含在知情同意书和提供给受试者的资料中？
A.第三方机构人员无需授权可任意查阅受试者原始医学记录
B.受试者发生试验相关损害时可获得补偿及治疗
C.受试者参加试验可能获得的补偿内容
D.监查员可在保密前提下查阅受试者原始医学记录
E.试验期间每月向受试者汇报研究进展情况
【思考过程】：",BCD,DeepSeek-V3,"【思考过程】：本题考查知情同意书和提供给受试者的资料中必须包含的内容。根据医学伦理和临床试验的相关规定：  
A. 错误。第三方机构人员查阅受试者原始医学记录必须经过授权，且需保护受试者隐私，不能“任意查阅”。  
B. 正确。必须明确告知受试者发生试验相关损害时可获得的补偿及治疗，这是保障受试者权益的核心内容。  
C. 正确。受试者参加试验可能获得的补偿（如交通费、误工费等）需明确说明，属于知情同意的必要信息。  
D. 正确。监查员可在保密前提下查阅原始医学记录以保障试验质量，但需在知情同意书中说明并确保隐私保护。  
E. 错误。试验进展汇报频率并非强制要求，需根据研究方案或伦理审查决定，通常不会每月汇报。  

【最终答案】：BCD",客观题,BCD
常规诊疗,"你是一个严格按照要求答题的医学考试考生。请你先展示出完整的思考过程，然后再输出最终答案。每道题目有至少两个选项（A、B）至多五个选项（A、B、C、D、E），题目为不定项选择题，请按照以下格式作答：

【思考过程】：...

【最终答案】：AB / BCE / CD / DE / E / ...（只输出选项的编号，不要写选项内容）

示例：
题目：医疗伦理中四大基本原则是？
A.尊重自主权
B.善意行为
C.无害原则
D.公正原则
E.以上都不是
【思考过程】：本题考查医学伦理的四大基本原则，包括尊重自主权、不伤害原则、行善原则、公正原则。

【最终答案】：ABCD

题目：以下哪些内容不属于知情同意书和提供给受试者的资料必须包含的条目？
A.有新的可能影响受试者继续参加试验的信息时的告知义务
B.试验过程中受试者需承担的膳食费用
C.监查人员查阅原始医学记录的范围说明
D.临床试验方案设计者的学术职称和获奖情况
【思考过程】：",BD,DeepSeek-V3,"【思考过程】：本题考查知情同意书和提供给受试者的资料必须包含的条目。根据《赫尔辛基宣言》和《药物临床试验质量管理规范》(GCP)，知情同意书必须包含试验目的、风险和受益、保密条款、自愿参与和随时退出的权利、补偿和医疗措施、新的重要信息的告知义务等。而试验过程中受试者需承担的膳食费用（B）和临床试验方案设计者的学术职称和获奖情况（D）不属于必须包含的条目。监查人员查阅原始医学记录的范围说明（C）虽然可能出现在知情同意书中，但不是必须包含的条目。

【最终答案】：BD",客观题,BD
常规诊疗,"你是一个严格按照要求答题的医学考试考生。请你先展示出完整的思考过程，然后再输出最终答案。每道题目有至少两个选项（A、B）至多五个选项（A、B、C、D、E），题目为不定项选择题，请按照以下格式作答：

【思考过程】：...

【最终答案】：AB / BCE / CD / DE / E / ...（只输出选项的编号，不要写选项内容）

示例：
题目：医疗伦理中四大基本原则是？
A.尊重自主权
B.善意行为
C.无害原则
D.公正原则
E.以上都不是
【思考过程】：本题考查医学伦理的四大基本原则，包括尊重自主权、不伤害原则、行善原则、公正原则。

【最终答案】：ABCD

题目：以下哪项内容不属于知情同意书和提供给受试者的材料必须包含的法定要求？
A.监查员有权直接公开受试者医疗记录以验证数据
B.临床试验结束后向受试者持续提供免费药物
C.临床试验申办方的股东分红机制
D.随机分配至对照组的可能性说明
E.未经受试者同意时家属的医疗决策权
【思考过程】：",BCE,DeepSeek-V3,"【思考过程】：本题考查知情同意书的法定要求。根据ICH-GCP和《赫尔辛基宣言》等规范，知情同意书必须包含：试验目的、风险与获益、替代治疗、保密条款（医疗记录仅限授权人员查阅）、受试者权利（包括随时退出）、随机分配说明（如适用）等。  
- A选项错误：监查员可核实数据但无权“直接公开”受试者医疗记录，需保护隐私。  
- B选项非必须：免费药物提供通常是试验期间的承诺，而非试验结束后的法定要求。  
- C选项无关：申办方股东分红与受试者权益无关，不属于知情同意内容。  
- D选项必须：随机化说明是核心要素。  
- E选项错误：家属决策权需符合法律特殊情形（如无行为能力者），且需提前说明，但非“未经同意”即可行使。  

最不符合法定要求的是涉及商业机密（C）和违规公开信息（A）的选项。

【最终答案】：AC",客观题,AC
常规诊疗,"你是一个严格按照要求答题的医学考试考生。请你先展示出完整的思考过程，然后再输出最终答案。每道题目有至少两个选项（A、B）至多五个选项（A、B、C、D、E），题目为不定项选择题，请按照以下格式作答：

【思考过程】：...

【最终答案】：AB / BCE / CD / DE / E / ...（只输出选项的编号，不要写选项内容）

示例：
题目：医疗伦理中四大基本原则是？
A.尊重自主权
B.善意行为
C.无害原则
D.公正原则
E.以上都不是
【思考过程】：本题考查医学伦理的四大基本原则，包括尊重自主权、不伤害原则、行善原则、公正原则。

【最终答案】：ABCD

题目：以下哪些内容必须包含在知情同意书和提供给受试者的资料中？
A. 试验期间所有相关费用由医院承担
B. 受试者若退出试验需提前一个月提交书面申请
C. 发布试验结果时将匿名处理受试者的身份信息
D. 受试者可联系的研究者及伦理委员会的联系方式
E. 监查员在保密原则下可查阅受试者的原始医学记录
【思考过程】：",CDE,DeepSeek-V3,"【思考过程】：本题考查知情同意书和提供给受试者的资料中必须包含的内容。根据医学伦理和临床试验的规范要求，知情同意书必须包含以下关键信息：1. 受试者的隐私保护措施（如匿名处理身份信息）；2. 受试者可以联系的研究者及伦理委员会的联系方式；3. 监查员在保密原则下可查阅原始医学记录（需明确说明保密原则）。而选项A（费用承担）并非必须由医院承担，需根据试验方案具体说明；选项B（退出试验需提前申请）违反受试者自愿原则，退出试验无需提前申请或理由。因此，必须包含的内容为C、D、E。

【最终答案】：CDE",客观题,CDE
常规诊疗,"你是一个严格按照要求答题的医学考试考生。请你先展示出完整的思考过程，然后再输出最终答案。每道题目有至少两个选项（A、B）至多五个选项（A、B、C、D、E），题目为不定项选择题，请按照以下格式作答：

【思考过程】：...

【最终答案】：AB / BCE / CD / DE / E / ...（只输出选项的编号，不要写选项内容）

示例：
题目：医疗伦理中四大基本原则是？
A.尊重自主权
B.善意行为
C.无害原则
D.公正原则
E.以上都不是
【思考过程】：本题考查医学伦理的四大基本原则，包括尊重自主权、不伤害原则、行善原则、公正原则。

【最终答案】：ABCD

题目：以下哪项内容不属于知情同意书必须包含的要素？
A.监查员可基于病例核查需要直接调取受试者原始诊疗记录，B.参加试验预期的个人花费金额，C.试验治疗存在随机分配到对照组的可能性，D.受试者家属有权申请查阅临床试验相关病历
【思考过程】：",D,DeepSeek-V3,"【思考过程】：本题考查知情同意书的必备要素。根据《赫尔辛基宣言》和GCP（药物临床试验质量管理规范），知情同意书必须包含试验目的、程序、潜在风险和获益、替代治疗、保密条款、自愿参与及退出权利等核心内容。  
选项A错误：监查员调取原始记录需受试者授权，不能直接调取，这违反保密原则；  
选项B非必需：个人花费金额属于试验机构告知事项，非知情同意书强制内容；  
选项C必需：随机化设计是临床试验关键信息；  
选项D错误：家属查阅病历需受试者书面同意，非家属固有权利。  

问题问""不属于必须包含的要素""，故排除C，ABD均不符合法规要求，但题目可能为单选题（题干未明确），最不符合知情同意书核心要素的是A（直接侵犯隐私权）。若为多选，则ABD均属""非必须""且存在错误。  

【最终答案】：ABD  
（注：若题目为单选题，则答案为A；根据题干""不定项选择题""的设定，按多选处理）",客观题,ABD
常规诊疗,"你是一个严格按照要求答题的医学考试考生。请你先展示出完整的思考过程，然后再输出最终答案。每道题目有至少两个选项（A、B）至多五个选项（A、B、C、D、E），题目为不定项选择题，请按照以下格式作答：

【思考过程】：...

【最终答案】：AB / BCE / CD / DE / E / ...（只输出选项的编号，不要写选项内容）

示例：
题目：医疗伦理中四大基本原则是？
A.尊重自主权
B.善意行为
C.无害原则
D.公正原则
E.以上都不是
【思考过程】：本题考查医学伦理的四大基本原则，包括尊重自主权、不伤害原则、行善原则、公正原则。

【最终答案】：ABCD

题目：涉及临床试验中死亡事件的报告时，研究者必须向哪些主体提供尸检报告和最终医学报告？
A.仅申办者
B.仅伦理委员会
C.卫生行政部门
D.申办者和伦理委员会
E.受试者家属
【思考过程】：",D,DeepSeek-V3,"【思考过程】：本题考查临床试验中死亡事件的报告要求。根据《药物临床试验质量管理规范》（GCP）和相关法规，当临床试验中发生死亡事件时，研究者必须向申办者和伦理委员会提供尸检报告和最终医学报告。卫生行政部门可能需要根据具体情况报告，但题目问的是“必须”报告的主体。受试者家属有权知情，但题目问的是“必须提供报告”的主体。

【最终答案】：BD",客观题,BD
常规诊疗,"你是一个严格按照要求答题的医学考试考生。请你先展示出完整的思考过程，然后再输出最终答案。每道题目有至少两个选项（A、B）至多五个选项（A、B、C、D、E），题目为不定项选择题，请按照以下格式作答：

【思考过程】：...

【最终答案】：AB / BCE / CD / DE / E / ...（只输出选项的编号，不要写选项内容）

示例：
题目：医疗伦理中四大基本原则是？
A.尊重自主权
B.善意行为
C.无害原则
D.公正原则
E.以上都不是
【思考过程】：本题考查医学伦理的四大基本原则，包括尊重自主权、不伤害原则、行善原则、公正原则。

【最终答案】：ABCD

题目：当申办者终止某一临床试验时，研究者应当立即向哪两个部门报告？
A.临床试验机构、申办者
B.临床试验机构、伦理委员会
C.伦理委员会、卫生健康行政部门
D.申办者、伦理委员会
【思考过程】：",B,DeepSeek-V3,"【思考过程】：根据《药物临床试验质量管理规范》（GCP），当申办者终止临床试验时，研究者有责任及时向临床试验机构和伦理委员会报告。这是为了确保试验的合规性，以及保护受试者的权益和安全。

【最终答案】：AB",客观题,AB
常规诊疗,"你是一个严格按照要求答题的医学考试考生。请你先展示出完整的思考过程，然后再输出最终答案。每道题目有至少两个选项（A、B）至多五个选项（A、B、C、D、E），题目为不定项选择题，请按照以下格式作答：

【思考过程】：...

【最终答案】：AB / BCE / CD / DE / E / ...（只输出选项的编号，不要写选项内容）

示例：
题目：医疗伦理中四大基本原则是？
A.尊重自主权
B.善意行为
C.无害原则
D.公正原则
E.以上都不是
【思考过程】：本题考查医学伦理的四大基本原则，包括尊重自主权、不伤害原则、行善原则、公正原则。

【最终答案】：ABCD

题目：以下哪项内容不属于申办者在使用电子数据管理系统时必须制定的标准操作规程范围？
A.电子数据管理系统的应急方案
B.盲法试验揭盲后的数据处理流程
C.数据备份和恢复的具体周期
D.系统变更后的软件报废处理流程
E.论文发表前的原始数据删除流程
【思考过程】：",E,DeepSeek-V3,"【思考过程】：本题考查申办者在使用电子数据管理系统时必须制定的标准操作规程范围。根据GCP（药物临床试验质量管理规范）和相关法规要求，电子数据管理系统的标准操作规程应包括：应急方案（A）、数据备份和恢复周期（C）、系统变更后的处理流程（D）。盲法试验揭盲后的数据处理流程（B）属于试验操作规范，但不是电子数据管理系统本身的SOP范畴。论文发表前的原始数据删除流程（E）严重违反临床试验数据留存原则，不属于合法合规的操作流程。

【最终答案】：BE",客观题,BE
常规诊疗,"你是一个严格按照要求答题的医学考试考生。请你先展示出完整的思考过程，然后再输出最终答案。每道题目有至少两个选项（A、B）至多五个选项（A、B、C、D、E），题目为不定项选择题，请按照以下格式作答：

【思考过程】：...

【最终答案】：AB / BCE / CD / DE / E / ...（只输出选项的编号，不要写选项内容）

示例：
题目：医疗伦理中四大基本原则是？
A.尊重自主权
B.善意行为
C.无害原则
D.公正原则
E.以上都不是
【思考过程】：本题考查医学伦理的四大基本原则，包括尊重自主权、不伤害原则、行善原则、公正原则。

【最终答案】：ABCD

题目：以下哪些选项属于电子数据管理系统标准操作程序必须覆盖的内容？
A.用户年龄限制的设定
B.系统的安装和使用
C.数据备份与恢复流程
D.软件界面的颜色设计
E.系统维护的标准方法
【思考过程】：",BCE,DeepSeek-V3,"【思考过程】：本题考查电子数据管理系统标准操作程序（SOP）的覆盖内容。通常，标准操作程序需要围绕系统的功能性、安全性、可靠性和数据完整性展开。  
1. 用户年龄限制（A）与系统管理无关，属于不必要的限制，不属于SOP核心内容。  
2. 系统的安装和使用（B）是SOP的基础内容，确保正确部署和操作。  
3. 数据备份与恢复流程（C）是关键环节，保障数据安全和业务连续性。  
4. 软件界面颜色设计（D）属于用户体验范畴，不属于SOP的必要内容。  
5. 系统维护的标准方法（E）是SOP的核心，确保系统长期稳定运行。  

【最终答案】：BCE",客观题,BCE
常规诊疗,"你是一个严格按照要求答题的医学考试考生。请你先展示出完整的思考过程，然后再输出最终答案。每道题目有至少两个选项（A、B）至多五个选项（A、B、C、D、E），题目为不定项选择题，请按照以下格式作答：

【思考过程】：...

【最终答案】：AB / BCE / CD / DE / E / ...（只输出选项的编号，不要写选项内容）

示例：
题目：医疗伦理中四大基本原则是？
A.尊重自主权
B.善意行为
C.无害原则
D.公正原则
E.以上都不是
【思考过程】：本题考查医学伦理的四大基本原则，包括尊重自主权、不伤害原则、行善原则、公正原则。

【最终答案】：ABCD

题目：根据我国临床试验管理相关法规，以下哪些属于独立数据监查委员会的职责？
A.监督临床试验数据的日常采集工作
B.定期评价临床试验的进展及安全性数据
C.建议申办者停止正在实施的临床试验
D.对受试者病历进行定期审查
E.任命临床试验数据管理员
【思考过程】：",BC,DeepSeek-V3,"【思考过程】：本题考查独立数据监查委员会（IDMC）的职责。根据我国临床试验管理相关法规，IDMC的主要职责包括定期评价临床试验的进展及安全性数据，并在必要时建议申办者停止正在实施的临床试验。监督临床试验数据的日常采集工作和对受试者病历进行定期审查通常由临床试验监查员或研究者完成，而任命临床试验数据管理员是申办者的职责，不属于IDMC的职责范围。

【最终答案】：BC",客观题,BC
常规诊疗,"你是一个严格按照要求答题的医学考试考生。请你先展示出完整的思考过程，然后再输出最终答案。每道题目有至少两个选项（A、B）至多五个选项（A、B、C、D、E），题目为不定项选择题，请按照以下格式作答：

【思考过程】：...

【最终答案】：AB / BCE / CD / DE / E / ...（只输出选项的编号，不要写选项内容）

示例：
题目：医疗伦理中四大基本原则是？
A.尊重自主权
B.善意行为
C.无害原则
D.公正原则
E.以上都不是
【思考过程】：本题考查医学伦理的四大基本原则，包括尊重自主权、不伤害原则、行善原则、公正原则。

【最终答案】：ABCD

题目：以下哪项不属于申办者在临床试验数据管理中的要求？
A.电子数据管理系统必须经过可靠性验证并保持验证有效状态
B.允许研究者自行决定数据修改权限
C.盲法试验揭盲后需立即告知研究者受试者用药情况
D.必须每天备份电子数据
E.数据转换时需要保留原数据及转换轨迹
【思考过程】：",BD,DeepSeek-V3,"【思考过程】：本题考查申办者在临床试验数据管理中的要求。根据GCP（药物临床试验质量管理规范）和相关法规：  
1. A选项正确：电子数据管理系统必须经过验证并保持有效状态是基本要求。  
2. B选项错误：研究者无权自行决定数据修改权限，这是申办者的职责，需严格权限管理。  
3. C选项错误：盲法试验揭盲后仅需按方案规定流程操作，并非必须立即告知研究者（如非必要或紧急情况）。  
4. D选项不完全正确：数据备份频率需根据风险评估确定，不强制要求“每天”。  
5. E选项正确：数据转换需保留原始数据及转换轨迹以确保可追溯性。  

题目问“不属于”的要求，因此需选择不符合规定的选项。  

【最终答案】：BCD",客观题,BCD
常规诊疗,"你是一个严格按照要求答题的医学考试考生。请你先展示出完整的思考过程，然后再输出最终答案。每道题目有至少两个选项（A、B）至多五个选项（A、B、C、D、E），题目为不定项选择题，请按照以下格式作答：

【思考过程】：...

【最终答案】：AB / BCE / CD / DE / E / ...（只输出选项的编号，不要写选项内容）

示例：
题目：医疗伦理中四大基本原则是？
A.尊重自主权
B.善意行为
C.无害原则
D.公正原则
E.以上都不是
【思考过程】：本题考查医学伦理的四大基本原则，包括尊重自主权、不伤害原则、行善原则、公正原则。

【最终答案】：ABCD

题目：某机构在临床试验中使用独立的数据监查委员会（DMC），以下哪些属于DMC的法定职责？
A.定期评价试验的进展包括安全性和有效性数据  
B.提出继续、修改或停止试验的建议  
C.直接监督临床试验实施人员的数据录入操作  
D.审核临床试验的经费使用情况报告  
E.保存所有相关会议记录并制定书面工作流程
【思考过程】：",ABE,DeepSeek-V3,"【思考过程】：本题考查独立的数据监查委员会（DMC）的法定职责。根据国际和国内临床试验规范，DMC的核心职责包括：  
1. **定期评价试验进展**（安全性、有效性数据），确保受试者权益（A正确）；  
2. **提出试验继续、修改或终止的建议**，基于中期数据分析（B正确）；  
3. **独立运作**，不参与日常试验实施（如数据录入监督由CRO或研究者负责，C错误）；  
4. **经费审核**属于机构或申办方职责，非DMC范畴（D错误）；  
5. **保存会议记录和工作流程**是DMC自身规范要求（E正确）。  

【最终答案】：ABE",客观题,ABE
常规诊疗,"你是一个严格按照要求答题的医学考试考生。请你先展示出完整的思考过程，然后再输出最终答案。每道题目有至少两个选项（A、B）至多五个选项（A、B、C、D、E），题目为不定项选择题，请按照以下格式作答：

【思考过程】：...

【最终答案】：AB / BCE / CD / DE / E / ...（只输出选项的编号，不要写选项内容）

示例：
题目：医疗伦理中四大基本原则是？
A.尊重自主权
B.善意行为
C.无害原则
D.公正原则
E.以上都不是
【思考过程】：本题考查医学伦理的四大基本原则，包括尊重自主权、不伤害原则、行善原则、公正原则。

【最终答案】：ABCD

题目：申办者暂停或提前终止实施中的临床试验时，必须通知以下哪些机构或个人？
A.伦理委员会
B.所有相关研究者
C.临床试验机构
D.医疗机构负责人
E.药品监督管理部门
【思考过程】：",BCE,DeepSeek-V3,"【思考过程】：本题考查临床试验暂停或终止时的通知义务。根据《药物临床试验质量管理规范》（GCP）相关规定，申办者暂停或提前终止临床试验时，必须通知所有相关研究者、临床试验机构、伦理委员会和药品监督管理部门。医疗机构负责人并非必须通知的对象，除非其直接参与试验管理或法规另有要求。

【最终答案】：ABCE",客观题,ABCE
常规诊疗,"你是一个严格按照要求答题的医学考试考生。请你先展示出完整的思考过程，然后再输出最终答案。每道题目有至少两个选项（A、B）至多五个选项（A、B、C、D、E），题目为不定项选择题，请按照以下格式作答：

【思考过程】：...

【最终答案】：AB / BCE / CD / DE / E / ...（只输出选项的编号，不要写选项内容）

示例：
题目：医疗伦理中四大基本原则是？
A.尊重自主权
B.善意行为
C.无害原则
D.公正原则
E.以上都不是
【思考过程】：本题考查医学伦理的四大基本原则，包括尊重自主权、不伤害原则、行善原则、公正原则。

【最终答案】：ABCD

题目：以下哪项属于申办者在电子数据管理系统标准操作规程中必须包含的内容？（不定项选择）
A.系统的独立伦理审查流程
B.逻辑备份与物理备份的交替策略
C.数据采集和处理的具体步骤
D.变更控制及应急预案描述
E.数据导出权限的最低操作员级别设定
F.系统报废后的社交媒体信息清理规则
【思考过程】：",CD,DeepSeek-V3,"【思考过程】：本题考查电子数据管理系统标准操作规程中申办者必须包含的内容。根据临床试验数据管理要求，申办者需要确保数据系统的安全性和可追溯性。  
1. 逻辑备份与物理备份的交替策略（B）是数据备份的基本要求，确保数据安全；  
2. 数据采集和处理的具体步骤（C）是操作规范的核心内容；  
3. 变更控制及应急预案描述（D）是系统管理和风险控制的必要部分；  
4. 数据导出权限的最低操作员级别设定（E）涉及数据访问权限管理，符合GCP原则。  
A项“系统的独立伦理审查流程”通常由伦理委员会负责，不属于申办者操作规程内容；F项“社交媒体信息清理规则”与电子数据管理系统无关。  

【最终答案】：BCDE",客观题,BCDE
常规诊疗,"你是一个严格按照要求答题的医学考试考生。请你先展示出完整的思考过程，然后再输出最终答案。每道题目有至少两个选项（A、B）至多五个选项（A、B、C、D、E），题目为不定项选择题，请按照以下格式作答：

【思考过程】：...

【最终答案】：AB / BCE / CD / DE / E / ...（只输出选项的编号，不要写选项内容）

示例：
题目：医疗伦理中四大基本原则是？
A.尊重自主权
B.善意行为
C.无害原则
D.公正原则
E.以上都不是
【思考过程】：本题考查医学伦理的四大基本原则，包括尊重自主权、不伤害原则、行善原则、公正原则。

【最终答案】：ABCD

题目：以下关于申办者在临床试验数据处理中的做法是否存在伦理或法律风险？  
选项D的描述是否合规？
A.为确保数据安全，允许非授权人员在监督下临时访问电子数据管理系统  
B.将盲法试验的数据录入人员与研究分组分配人员设置为同一团队  
C.计算机化系统升级后未重新进行验证，直接保留上次验证记录  
D.盲法试验数据录入和处理时，允许知晓分组信息以“调整分析策略”
【思考过程】：",D,DeepSeek-V3,"【思考过程】：  
本题考查临床试验数据处理中的伦理和法律合规性，需逐项分析：  
1. **选项A**：非授权人员访问电子数据管理系统（即使有监督）违反数据保密原则，存在未经授权访问的风险，不合规。  
2. **选项B**：盲法试验中数据录入与分组分配由同一团队操作，可能破坏盲法，导致偏倚，违反试验设计原则，不合规。  
3. **选项C**：系统升级后未重新验证而沿用旧记录，无法确保升级后系统的数据可靠性和完整性，违反GCP（Good Clinical Practice）要求，不合规。  
4. **选项D**：盲法试验中知晓分组信息并“调整分析策略”属于故意破坏盲法，可能导致分析偏倚，严重违反科学性和伦理原则，不合规。  

题目特别询问选项D的合规性，显然其做法存在重大伦理和法律风险。其他选项也均不合规，但D是核心问题。  

【最终答案】：D",客观题,D
常规诊疗,"你是一个严格按照要求答题的医学考试考生。请你先展示出完整的思考过程，然后再输出最终答案。每道题目有至少两个选项（A、B）至多五个选项（A、B、C、D、E），题目为不定项选择题，请按照以下格式作答：

【思考过程】：...

【最终答案】：AB / BCE / CD / DE / E / ...（只输出选项的编号，不要写选项内容）

示例：
题目：医疗伦理中四大基本原则是？
A.尊重自主权
B.善意行为
C.无害原则
D.公正原则
E.以上都不是
【思考过程】：本题考查医学伦理的四大基本原则，包括尊重自主权、不伤害原则、行善原则、公正原则。

【最终答案】：ABCD

题目：以下哪些内容通常属于临床试验方案的必备要素？
A.研究背景资料
B.试验设备清单
C.试验目的
D.患者隐私协议
E.实施方式的具体步骤
【思考过程】：",ACE,DeepSeek-V3,"【思考过程】：本题考查临床试验方案的必备要素。根据ICH-GCP和临床试验设计规范，必备要素包括：1.研究背景（A）用于说明研究的科学依据；2.试验目的（C）是方案的核心内容；3.实施方式（E）包括研究设计、方法学等操作细节。试验设备清单（B）属于具体执行文件而非方案核心要素，患者隐私协议（D）是伦理审查文件的一部分。

【最终答案】：ACE",客观题,ACE
常规诊疗,"你是一个严格按照要求答题的医学考试考生。请你先展示出完整的思考过程，然后再输出最终答案。每道题目有至少两个选项（A、B）至多五个选项（A、B、C、D、E），题目为不定项选择题，请按照以下格式作答：

【思考过程】：...

【最终答案】：AB / BCE / CD / DE / E / ...（只输出选项的编号，不要写选项内容）

示例：
题目：医疗伦理中四大基本原则是？
A.尊重自主权
B.善意行为
C.无害原则
D.公正原则
E.以上都不是
【思考过程】：本题考查医学伦理的四大基本原则，包括尊重自主权、不伤害原则、行善原则、公正原则。

【最终答案】：ABCD

题目：以下哪一项通常不属于试验方案的必要组成部分？
A.试验设计
B.研究背景资料
C.实施方式的方法描述
D.参与者的经济补偿计划
E.试验目的
【思考过程】：",D,DeepSeek-V3,"【思考过程】：本题考查试验方案的必要组成部分。试验方案通常包括试验设计、研究背景资料、实施方式的方法描述和试验目的。参与者的经济补偿计划虽然可能是试验的一部分，但不是试验方案的必要组成部分。

【最终答案】：D",客观题,D
常规诊疗,"你是一个严格按照要求答题的医学考试考生。请你先展示出完整的思考过程，然后再输出最终答案。每道题目有至少两个选项（A、B）至多五个选项（A、B、C、D、E），题目为不定项选择题，请按照以下格式作答：

【思考过程】：...

【最终答案】：AB / BCE / CD / DE / E / ...（只输出选项的编号，不要写选项内容）

示例：
题目：医疗伦理中四大基本原则是？
A.尊重自主权
B.善意行为
C.无害原则
D.公正原则
E.以上都不是
【思考过程】：本题考查医学伦理的四大基本原则，包括尊重自主权、不伤害原则、行善原则、公正原则。

【最终答案】：ABCD

题目：下列哪项内容必须包含在医学试验方案中？
A.研究经费预算
B.试验目的
C.数据存储规则
D.试验设计
E.受试者年龄上限
【思考过程】：",BD,DeepSeek-V3,"【思考过程】：本题考查医学试验方案的必要组成部分。根据《赫尔辛基宣言》和ICH-GCP（国际人用药品注册技术协调会-药物临床试验质量管理规范）的要求，医学试验方案必须包括试验目的（B）和试验设计（D），这是研究的核心框架。数据存储规则（C）和受试者年龄上限（E）虽然重要，但属于具体实施细节，可能根据研究类型调整，并非绝对必要。研究经费预算（A）与科学性和伦理性无关，通常不强制包含在方案中。

【最终答案】：BD",客观题,BD
常规诊疗,"你是一个严格按照要求答题的医学考试考生。请你先展示出完整的思考过程，然后再输出最终答案。每道题目有至少两个选项（A、B）至多五个选项（A、B、C、D、E），题目为不定项选择题，请按照以下格式作答：

【思考过程】：...

【最终答案】：AB / BCE / CD / DE / E / ...（只输出选项的编号，不要写选项内容）

示例：
题目：医疗伦理中四大基本原则是？
A.尊重自主权
B.善意行为
C.无害原则
D.公正原则
E.以上都不是
【思考过程】：本题考查医学伦理的四大基本原则，包括尊重自主权、不伤害原则、行善原则、公正原则。

【最终答案】：ABCD

题目：以下哪一项不属于试验方案的必备内容？
A.研究背景资料
B.实验室安全指南
C.试验设计
D.实施步骤
E.预期商业利益分析
【思考过程】：",BE,DeepSeek-V3,"【思考过程】：本题考查试验方案的必备内容。根据《药物临床试验质量管理规范》（GCP）和相关法规，试验方案应包括研究背景资料（A）、试验设计（C）、实施步骤（D）等科学和伦理相关要素。实验室安全指南（B）通常属于机构内部操作规程，非方案核心内容；预期商业利益分析（E）与研究方案的科学性无关，属于商业评估范畴。

【最终答案】：BE",客观题,BE
常规诊疗,"你是一个严格按照要求答题的医学考试考生。请你先展示出完整的思考过程，然后再输出最终答案。每道题目有至少两个选项（A、B）至多五个选项（A、B、C、D、E），题目为不定项选择题，请按照以下格式作答：

【思考过程】：...

【最终答案】：AB / BCE / CD / DE / E / ...（只输出选项的编号，不要写选项内容）

示例：
题目：医疗伦理中四大基本原则是？
A.尊重自主权
B.善意行为
C.无害原则
D.公正原则
E.以上都不是
【思考过程】：本题考查医学伦理的四大基本原则，包括尊重自主权、不伤害原则、行善原则、公正原则。

【最终答案】：ABCD

题目：以下哪些属于试验方案必须包含的内容？（多选）
A.基本信息
B.研究背景资料
C.试验目的
D.参与试验的医疗机构资质证明
E.试验设计的实施方式（方法、内容、步骤）
【思考过程】：",ABCE,DeepSeek-V3,"【思考过程】：本题考查试验方案的基本构成要素。根据《药物临床试验质量管理规范》（GCP）及ICH-GCP指南，试验方案必须包含以下核心内容：  
1. **基本信息**（A）：如试验标题、编号、申办者信息等。  
2. **研究背景资料**（B）：包括科学依据、已知风险与获益等。  
3. **试验目的**（C）：明确主要和次要研究目标。  
4. **试验设计的实施方式**（E）：详细描述方法、流程、数据收集等。  
而**参与试验的医疗机构资质证明**（D）属于试验开展前的审核文件，通常不直接写入试验方案正文，而是作为独立文件存档。  

【最终答案】：ABCE",客观题,ABCE
常规诊疗,"你是一个严格按照要求答题的医学考试考生。请你先展示出完整的思考过程，然后再输出最终答案。每道题目有至少两个选项（A、B）至多五个选项（A、B、C、D、E），题目为不定项选择题，请按照以下格式作答：

【思考过程】：...

【最终答案】：AB / BCE / CD / DE / E / ...（只输出选项的编号，不要写选项内容）

示例：
题目：医疗伦理中四大基本原则是？
A.尊重自主权
B.善意行为
C.无害原则
D.公正原则
E.以上都不是
【思考过程】：本题考查医学伦理的四大基本原则，包括尊重自主权、不伤害原则、行善原则、公正原则。

【最终答案】：ABCD

题目：以下哪个不属于试验方案通常包括的内容？
A.研究背景资料
B.试验目的
C.实施方式的具体步骤
D.数据分析方法
E.经费预算
【思考过程】：",DE,DeepSeek-V3,"【思考过程】：本题考查试验方案的基本内容。试验方案通常包括研究背景资料、试验目的、实施方式的具体步骤、数据分析方法等核心内容。经费预算虽然与试验相关，但并不属于试验方案必须包含的部分，通常是独立的管理文件或财务文件。

【最终答案】：E",客观题,E
常规诊疗,"你是一个严格按照要求答题的医学考试考生。请你先展示出完整的思考过程，然后再输出最终答案。每道题目有至少两个选项（A、B）至多五个选项（A、B、C、D、E），题目为不定项选择题，请按照以下格式作答：

【思考过程】：...

【最终答案】：AB / BCE / CD / DE / E / ...（只输出选项的编号，不要写选项内容）

示例：
题目：医疗伦理中四大基本原则是？
A.尊重自主权
B.善意行为
C.无害原则
D.公正原则
E.以上都不是
【思考过程】：本题考查医学伦理的四大基本原则，包括尊重自主权、不伤害原则、行善原则、公正原则。

【最终答案】：ABCD

题目：以下哪些内容属于临床试验设计的必要要素？
A.明确受试者参与临床试验的动机分析
B.主要终点和次要终点的界定
C.盲底保存和揭盲的程序
D.数据统计模型的数学推导说明
E.随访安排和时间节点说明
【思考过程】：",BCE,DeepSeek-V3,"【思考过程】：本题考查临床试验设计的必要要素。临床试验设计的核心要素包括：1.主要终点和次要终点的界定（B），这是评价疗效的关键指标；2.盲底保存和揭盲的程序（C），这是保证试验科学性和客观性的重要措施；3.随访安排和时间节点说明（E），这是确保数据收集完整性的必要内容。而受试者动机分析（A）虽然重要但不属于设计必要要素，数据统计模型的数学推导说明（D）属于统计专业内容而非设计必要要素。

【最终答案】：BCE",客观题,BCE
常规诊疗,"你是一个严格按照要求答题的医学考试考生。请你先展示出完整的思考过程，然后再输出最终答案。每道题目有至少两个选项（A、B）至多五个选项（A、B、C、D、E），题目为不定项选择题，请按照以下格式作答：

【思考过程】：...

【最终答案】：AB / BCE / CD / DE / E / ...（只输出选项的编号，不要写选项内容）

示例：
题目：医疗伦理中四大基本原则是？
A.尊重自主权
B.善意行为
C.无害原则
D.公正原则
E.以上都不是
【思考过程】：本题考查医学伦理的四大基本原则，包括尊重自主权、不伤害原则、行善原则、公正原则。

【最终答案】：ABCD

题目：以下哪项属于临床试验设计中必须包含的内容？
A.明确临床试验的主要终点和中期终点
B.盲底保存和揭盲的程序
C.甲类药品与乙类药品对照实验设计
D.试验用药品管理流程
E.试验数据作为源数据直接记录的具体要求
【思考过程】：",BDE,DeepSeek-V3,"【思考过程】：本题考查临床试验设计必须包含的内容。根据临床试验设计的基本要求，必须包含以下关键要素：  
1. 主要终点和中期终点（A）：这是试验设计的核心，用于评价干预措施的效果。  
2. 盲底保存和揭盲程序（B）：确保试验的客观性和数据可靠性，避免偏倚。  
3. 试验用药品管理流程（D）：规范药品的发放、回收和记录，保证受试者安全和数据可追溯性。  
4. 源数据记录要求（E）：确保试验数据的真实性、完整性和可核查性。  
选项C（甲类药品与乙类药品对照实验设计）并非必须内容，试验设计类型（如平行对照、交叉设计等）需根据研究目的确定，但无需强制区分“甲类”或“乙类”药品。  

【最终答案】：ABDE",客观题,ABDE
常规诊疗,"你是一个严格按照要求答题的医学考试考生。请你先展示出完整的思考过程，然后再输出最终答案。每道题目有至少两个选项（A、B）至多五个选项（A、B、C、D、E），题目为不定项选择题，请按照以下格式作答：

【思考过程】：...

【最终答案】：AB / BCE / CD / DE / E / ...（只输出选项的编号，不要写选项内容）

示例：
题目：医疗伦理中四大基本原则是？
A.尊重自主权
B.善意行为
C.无害原则
D.公正原则
E.以上都不是
【思考过程】：本题考查医学伦理的四大基本原则，包括尊重自主权、不伤害原则、行善原则、公正原则。

【最终答案】：ABCD

题目：以下哪项属于临床试验设计中必须包含的内容？
A.受试者的饮食习惯追踪计划
B.对照组选择理由及试验设计的描述
C.随访的具体安排及受试者参与时长
D.试验用药品的标签规范
E.研究团队的薪资结构说明
【思考过程】：",BCD,DeepSeek-V3,"【思考过程】：本题考查临床试验设计的基本要素。根据临床试验规范（如ICH-GCP），必须包含的内容包括：对照组选择及试验设计的科学依据（B）、随访安排和受试者参与周期（C）、试验用药的标签规范（D）以确保用药安全。饮食习惯追踪（A）仅在特定试验中需要，研究团队薪资（E）与试验设计无关。

【最终答案】：BCD",客观题,BCD
常规诊疗,"你是一个严格按照要求答题的医学考试考生。请你先展示出完整的思考过程，然后再输出最终答案。每道题目有至少两个选项（A、B）至多五个选项（A、B、C、D、E），题目为不定项选择题，请按照以下格式作答：

【思考过程】：...

【最终答案】：AB / BCE / CD / DE / E / ...（只输出选项的编号，不要写选项内容）

示例：
题目：医疗伦理中四大基本原则是？
A.尊重自主权
B.善意行为
C.无害原则
D.公正原则
E.以上都不是
【思考过程】：本题考查医学伦理的四大基本原则，包括尊重自主权、不伤害原则、行善原则、公正原则。

【最终答案】：ABCD

题目：以下哪项不属于临床试验设计中必须包含的要素？
A.减少偏倚的措施说明
B.试验用药品的剂量与给药方案
C.盲底保存程序
D.受试者随访安排
E.研究样本量的统计学估算依据
F.生物统计学分析计划
【思考过程】：",EF,DeepSeek-V3,"【思考过程】：本题考查临床试验设计的核心要素。根据ICH-GCP和临床试验设计规范，以下为必须包含的要素：  
1. 减少偏倚的措施（A）是保证科学性的关键；  
2. 药品剂量与给药方案（B）属于研究干预的基本描述；  
3. 受试者随访安排（D）是试验流程的必要部分；  
4. 样本量统计学依据（E）是研究合理性的支撑；  
5. 生物统计学分析计划（F）是预设分析方法的要求。  
而盲底保存程序（C）仅适用于双盲试验，并非所有试验的强制要素（如开放标签试验不需要）。  

【最终答案】：C",客观题,C
常规诊疗,"你是一个严格按照要求答题的医学考试考生。请你先展示出完整的思考过程，然后再输出最终答案。每道题目有至少两个选项（A、B）至多五个选项（A、B、C、D、E），题目为不定项选择题，请按照以下格式作答：

【思考过程】：...

【最终答案】：AB / BCE / CD / DE / E / ...（只输出选项的编号，不要写选项内容）

示例：
题目：医疗伦理中四大基本原则是？
A.尊重自主权
B.善意行为
C.无害原则
D.公正原则
E.以上都不是
【思考过程】：本题考查医学伦理的四大基本原则，包括尊重自主权、不伤害原则、行善原则、公正原则。

【最终答案】：ABCD

题目：以下哪些内容属于临床试验设计的核心要素？
A.明确主要终点与次要终点
B.安慰剂采购供应商的筛选流程
C.采用单盲需说明理由及控制偏倚措施
D.初步研究结果的统计学分析方法是否独立
E.试验药品标签颜色设计规范
F.受试者参与时长及暂停试验标准
【思考过程】：",ACF,DeepSeek-V3,"【思考过程】：
本题考查临床试验设计的核心要素。核心要素应聚焦于直接影响试验科学性、伦理性和结果可靠性的内容：

1. 主要终点与次要终点（A）属于试验方案的核心设计内容，用于评估干预效果，是必选项。
2. 安慰剂供应商筛选（B）和药品标签颜色（E）属于执行层面的操作细节，不属于设计核心。
3. 盲法设计及偏倚控制（C）是关键方法学要素，直接影响结果可信度。
4. 统计学方法独立性（D）涉及结果分析的质量控制，是核心要素。
5. 受试者参与时长及暂停标准（F）属于伦理和安全性管理的关键设计内容。

非核心要素：B（采购流程）、E（标签颜色）属执行规范。

【最终答案】：ACDF",客观题,ACDF
常规诊疗,"你是一个严格按照要求答题的医学考试考生。请你先展示出完整的思考过程，然后再输出最终答案。每道题目有至少两个选项（A、B）至多五个选项（A、B、C、D、E），题目为不定项选择题，请按照以下格式作答：

【思考过程】：...

【最终答案】：AB / BCE / CD / DE / E / ...（只输出选项的编号，不要写选项内容）

示例：
题目：医疗伦理中四大基本原则是？
A.尊重自主权
B.善意行为
C.无害原则
D.公正原则
E.以上都不是
【思考过程】：本题考查医学伦理的四大基本原则，包括尊重自主权、不伤害原则、行善原则、公正原则。

【最终答案】：ABCD

题目：以下哪项不属于临床试验试验设计必须包含的要素？
A.研究对象的既往病史统计方法
B.研究设计的盲法和流程图展示
C.随机化降低偏倚的具体措施
D.试验用药品生产批号溯源流程
E.受试者随访时长与暂停试验标准
F.病例报告表的源数据录入规范
【思考过程】：",AD,DeepSeek-V3,"【思考过程】：本题考查临床试验设计必须包含的要素。根据临床试验设计的基本要求，必须包含的要素通常包括：研究设计（如盲法、流程图）、随机化措施（降低偏倚）、受试者随访及相关标准（如暂停试验标准）、病例报告表规范等。而研究对象的既往病史统计方法和试验用药品生产批号溯源流程虽然重要，但并非试验设计的核心必须要素，前者属于数据收集的细节，后者属于药品管理的范畴。

【最终答案】：AD",客观题,AD
常规诊疗,"你是一个严格按照要求答题的医学考试考生。请你先展示出完整的思考过程，然后再输出最终答案。每道题目有至少两个选项（A、B）至多五个选项（A、B、C、D、E），题目为不定项选择题，请按照以下格式作答：

【思考过程】：...

【最终答案】：AB / BCE / CD / DE / E / ...（只输出选项的编号，不要写选项内容）

示例：
题目：医疗伦理中四大基本原则是？
A.尊重自主权
B.善意行为
C.无害原则
D.公正原则
E.以上都不是
【思考过程】：本题考查医学伦理的四大基本原则，包括尊重自主权、不伤害原则、行善原则、公正原则。

【最终答案】：ABCD

题目：以下哪项属于临床试验设计必须包含的内容？
A.明确主要终点和次要终点
B.收集受试者遗传信息
C.用文字描述控制偏倚措施
D.药物剂量及给药方案
E.试验数据的备份周期
【思考过程】：",AD,DeepSeek-V3,"【思考过程】：本题考查临床试验设计的基本要素。临床试验设计必须包含以下内容：明确主要终点和次要终点（A，用于评估干预效果的核心指标）、控制偏倚的措施（C，如随机化、盲法等，但需具体描述而非仅用文字）、药物剂量及给药方案（D，属于干预措施的核心内容）。收集遗传信息（B）仅在特定研究需要时涉及，非必需；数据备份周期（E）属于数据管理细节，非设计必须内容。

【最终答案】：ACD",客观题,ACD
常规诊疗,"你是一个严格按照要求答题的医学考试考生。请你先展示出完整的思考过程，然后再输出最终答案。每道题目有至少两个选项（A、B）至多五个选项（A、B、C、D、E），题目为不定项选择题，请按照以下格式作答：

【思考过程】：...

【最终答案】：AB / BCE / CD / DE / E / ...（只输出选项的编号，不要写选项内容）

示例：
题目：医疗伦理中四大基本原则是？
A.尊重自主权
B.善意行为
C.无害原则
D.公正原则
E.以上都不是
【思考过程】：本题考查医学伦理的四大基本原则，包括尊重自主权、不伤害原则、行善原则、公正原则。

【最终答案】：ABCD

题目：以下哪些内容属于临床试验设计的核心要素？
A.受试者的日常饮食管理
B.临床试验的次要终点确定
C.实验数据的初步分析报告
D.源数据直接录入病例报告的标准
E.控制偏倚的盲法实施过程
【思考过程】：",BDE,DeepSeek-V3,"【思考过程】：本题考查临床试验设计的核心要素。临床试验设计的核心要素包括：主要和次要终点的确定（B）、盲法实施以控制偏倚（E）、数据收集和录入的标准（D）。受试者的日常饮食管理（A）属于试验执行细节，不属于设计核心；实验数据的初步分析报告（C）是试验后的步骤，不属于设计阶段的核心要素。

【最终答案】：BDE",客观题,BDE
常规诊疗,"你是一个严格按照要求答题的医学考试考生。请你先展示出完整的思考过程，然后再输出最终答案。每道题目有至少两个选项（A、B）至多五个选项（A、B、C、D、E），题目为不定项选择题，请按照以下格式作答：

【思考过程】：...

【最终答案】：AB / BCE / CD / DE / E / ...（只输出选项的编号，不要写选项内容）

示例：
题目：医疗伦理中四大基本原则是？
A.尊重自主权
B.善意行为
C.无害原则
D.公正原则
E.以上都不是
【思考过程】：本题考查医学伦理的四大基本原则，包括尊重自主权、不伤害原则、行善原则、公正原则。

【最终答案】：ABCD

题目：以下哪些属于受试者选择与退出的相关内容？
A.入选标准
B.排除标准
C.退出临床试验的标准
D.退出后的经济补偿标准
E.受试者的随访计划
【思考过程】：",ABC,DeepSeek-V3,"【思考过程】：本题考查临床试验中受试者选择与退出的相关内容。入选标准（A）和排除标准（B）是受试者选择的核心内容，用于确定哪些人可以参与试验。退出临床试验的标准（C）涉及受试者在试验过程中因各种原因退出的规定。退出后的经济补偿标准（D）通常属于伦理委员会审查的范畴，但并非直接属于受试者选择与退出的核心内容。受试者的随访计划（E）属于试验设计的一部分，与受试者退出无直接关联。因此，主要相关选项为A、B、C。  

【最终答案】：ABC",客观题,ABC
常规诊疗,"你是一个严格按照要求答题的医学考试考生。请你先展示出完整的思考过程，然后再输出最终答案。每道题目有至少两个选项（A、B）至多五个选项（A、B、C、D、E），题目为不定项选择题，请按照以下格式作答：

【思考过程】：...

【最终答案】：AB / BCE / CD / DE / E / ...（只输出选项的编号，不要写选项内容）

示例：
题目：医疗伦理中四大基本原则是？
A.尊重自主权
B.善意行为
C.无害原则
D.公正原则
E.以上都不是
【思考过程】：本题考查医学伦理的四大基本原则，包括尊重自主权、不伤害原则、行善原则、公正原则。

【最终答案】：ABCD

题目：在开展医疗器械临床评价时，以下哪种情形应当开展临床试验？
A.首次应用于人体的医疗器械需验证临床效果，B.现有同品种临床文献数据不足以确认产品安全有效，C.临床风险等级为低风险的常规诊疗器械，D.产品技术原理与已上市器械存在显著差异
【思考过程】：",B,DeepSeek-V3,"【思考过程】：本题考查医疗器械临床评价中需要开展临床试验的情形。根据相关法规和指导原则，以下情形通常需要开展临床试验：  
1. **首次应用于人体的医疗器械**（A选项）：由于缺乏人体应用数据，必须通过临床试验验证其安全性和有效性。  
2. **现有同品种临床文献数据不足**（B选项）：若已有数据无法充分支持产品安全有效，需补充临床试验。  
3. **技术原理与已上市器械存在显著差异**（D选项）：技术差异可能导致不同的风险或效果，需通过临床试验验证。  
而**低风险常规诊疗器械**（C选项）通常可通过同品种比对或文献数据完成评价，无需强制临床试验。

【最终答案】：ABD",客观题,ABD
常规诊疗,"你是一个严格按照要求答题的医学考试考生。请你先展示出完整的思考过程，然后再输出最终答案。每道题目有至少两个选项（A、B）至多五个选项（A、B、C、D、E），题目为不定项选择题，请按照以下格式作答：

【思考过程】：...

【最终答案】：AB / BCE / CD / DE / E / ...（只输出选项的编号，不要写选项内容）

示例：
题目：医疗伦理中四大基本原则是？
A.尊重自主权
B.善意行为
C.无害原则
D.公正原则
E.以上都不是
【思考过程】：本题考查医学伦理的四大基本原则，包括尊重自主权、不伤害原则、行善原则、公正原则。

【最终答案】：ABCD

题目：国务院药品监督管理部门审批对人体具有较高风险的第三类医疗器械临床试验申请时，应自受理之日起多少个工作日内作出决定？
A.30个工作日
B.45个工作日
C.60个工作日
D.75个工作日
E.90个工作日
【思考过程】：",C,DeepSeek-V3,"【思考过程】：本题考查《医疗器械监督管理条例》中关于第三类医疗器械临床试验审批时限的规定。根据条例规定，第三类医疗器械临床试验审批时限为60个工作日。

【最终答案】：C",客观题,C
常规诊疗,"你是一个严格按照要求答题的医学考试考生。请你先展示出完整的思考过程，然后再输出最终答案。每道题目有至少两个选项（A、B）至多五个选项（A、B、C、D、E），题目为不定项选择题，请按照以下格式作答：

【思考过程】：...

【最终答案】：AB / BCE / CD / DE / E / ...（只输出选项的编号，不要写选项内容）

示例：
题目：医疗伦理中四大基本原则是？
A.尊重自主权
B.善意行为
C.无害原则
D.公正原则
E.以上都不是
【思考过程】：本题考查医学伦理的四大基本原则，包括尊重自主权、不伤害原则、行善原则、公正原则。

【最终答案】：ABCD

题目：某医院开展新型血糖仪临床试验时，以下哪项行为违反了相关法规？
A.向所有成年受试者签署了书面知情同意书
B.向10岁受试者仅获取其父亲的口头同意
C.收取每位受试者50元耗材费
D.未在知情环节说明设备可能导致皮肤过敏的风险
【思考过程】：",BCD,DeepSeek-V3,"【思考过程】：本题考查临床试验中的伦理和法规要求。依据《赫尔辛基宣言》和《药物临床试验质量管理规范》：
1. 知情同意必须书面化（A符合要求），且需充分告知风险（D未说明风险属于违规）。
2. 未成年人需法定代理人书面同意+本人 assent（B仅获取口头同意违规）。
3. 临床试验不得向受试者收费（C收取费用违规）。

【最终答案】：BCD",客观题,BCD
常规诊疗,"你是一个严格按照要求答题的医学考试考生。请你先展示出完整的思考过程，然后再输出最终答案。每道题目有至少两个选项（A、B）至多五个选项（A、B、C、D、E），题目为不定项选择题，请按照以下格式作答：

【思考过程】：...

【最终答案】：AB / BCE / CD / DE / E / ...（只输出选项的编号，不要写选项内容）

示例：
题目：医疗伦理中四大基本原则是？
A.尊重自主权
B.善意行为
C.无害原则
D.公正原则
E.以上都不是
【思考过程】：本题考查医学伦理的四大基本原则，包括尊重自主权、不伤害原则、行善原则、公正原则。

【最终答案】：ABCD

题目：根据我国相关法规，关于高风险植入性医疗器械的生产管理，以下说法错误的是？
A. 国务院药品监督管理部门负责制定高风险植入性医疗器械的具体目录
B. 符合条件的企业可申请委托生产该类器械，但需经过严格审核
C. 该条款明确禁止了此类器械的委托生产方式
D. 高风险植入性医疗器械目录的调整由国家市场监督管理总局负责
E. 某一省级医院自行研发的高风险植入器械可临时委托第三方生产应急
【思考过程】：",BDE,DeepSeek-V3,"【思考过程】：本题考查对我国高风险植入性医疗器械生产管理法规的理解。根据《医疗器械监督管理条例》及相关配套文件：  
1. **选项A**正确，国务院药品监督管理部门（国家药监局）确实负责制定高风险医疗器械目录（如《医疗器械分类规则》）。  
2. **选项B**正确，法规允许符合条件的委托生产，但需严格审批（如取得医疗器械生产许可证且受托方具备相应资质）。  
3. **选项C**错误，法规并未禁止委托生产，而是规范委托生产行为（与B矛盾，故C为错误说法）。  
4. **选项D**错误，高风险目录调整权限属于国家药监局，而非市场监督管理总局（后者负责综合监管，不直接制定医疗器械目录）。  
5. **选项E**错误，医疗机构不得自行研发并委托生产高风险植入器械，此类行为违反医疗器械注册和生产许可制度。  

综上，**C、D、E**的说法均错误，但题目要求选择""错误的说法""，因此需选出所有不正确的选项。  

【最终答案】：CDE",客观题,CDE
常规诊疗,"你是一个严格按照要求答题的医学考试考生。请你先展示出完整的思考过程，然后再输出最终答案。每道题目有至少两个选项（A、B）至多五个选项（A、B、C、D、E），题目为不定项选择题，请按照以下格式作答：

【思考过程】：...

【最终答案】：AB / BCE / CD / DE / E / ...（只输出选项的编号，不要写选项内容）

示例：
题目：医疗伦理中四大基本原则是？
A.尊重自主权
B.善意行为
C.无害原则
D.公正原则
E.以上都不是
【思考过程】：本题考查医学伦理的四大基本原则，包括尊重自主权、不伤害原则、行善原则、公正原则。

【最终答案】：ABCD

题目：关于一次性使用医疗器械的处理，以下哪种做法符合规定？
A.消毒后再次使用，并详细记录使用情况
B.使用后立即丢弃至普通垃圾桶
C.按医疗废物分类销毁，但未保存销毁记录
D.高温灭菌后重复使用，销毁时登记信息
E.交由专业机构处理并留存销毁证明
【思考过程】：",E,DeepSeek-V3,"【思考过程】：本题考查一次性使用医疗器械的处理规范。根据相关规定，一次性使用医疗器械严禁重复使用（A、D错误），必须按医疗废物分类处理（B错误）。销毁过程需由专业机构执行并留存证明（C不完整，E正确），普通垃圾桶不符合医疗废物处置要求。

【最终答案】：E",客观题,E
常规诊疗,"你是一个严格按照要求答题的医学考试考生。请你先展示出完整的思考过程，然后再输出最终答案。每道题目有至少两个选项（A、B）至多五个选项（A、B、C、D、E），题目为不定项选择题，请按照以下格式作答：

【思考过程】：...

【最终答案】：AB / BCE / CD / DE / E / ...（只输出选项的编号，不要写选项内容）

示例：
题目：医疗伦理中四大基本原则是？
A.尊重自主权
B.善意行为
C.无害原则
D.公正原则
E.以上都不是
【思考过程】：本题考查医学伦理的四大基本原则，包括尊重自主权、不伤害原则、行善原则、公正原则。

【最终答案】：ABCD

题目：根据相关规定，医疗器械使用单位对使用期限长的大型医疗器械必须采取以下哪些措施？
A.逐台建立使用档案
B.记录维护和实际使用时间
C.保存记录至使用终止后3年
D.按批次合并建档
【思考过程】：",AB,DeepSeek-V3,"【思考过程】：本题考查医疗器械使用单位对大型医疗器械的管理要求。根据相关规定，使用期限长的大型医疗器械需要逐台建立使用档案（A正确），记录维护和实际使用时间（B正确），保存记录至使用终止后5年（C错误，应为5年而非3年），且必须逐台建档而非按批次合并建档（D错误）。

【最终答案】：AB",客观题,AB
常规诊疗,"你是一个严格按照要求答题的医学考试考生。请你先展示出完整的思考过程，然后再输出最终答案。每道题目有至少两个选项（A、B）至多五个选项（A、B、C、D、E），题目为不定项选择题，请按照以下格式作答：

【思考过程】：...

【最终答案】：AB / BCE / CD / DE / E / ...（只输出选项的编号，不要写选项内容）

示例：
题目：医疗伦理中四大基本原则是？
A.尊重自主权
B.善意行为
C.无害原则
D.公正原则
E.以上都不是
【思考过程】：本题考查医学伦理的四大基本原则，包括尊重自主权、不伤害原则、行善原则、公正原则。

【最终答案】：ABCD

题目：当发现医疗器械存在安全隐患时，以下哪些措施符合法规要求？
A.继续使用但密切监测风险
B.立即停止使用并通知相关机构检修
C.检修后仍未达标则重新评估使用范围
D.检修后仍未达标则彻底停用
E.未检修前仅在紧急情况下使用
【思考过程】：",BD,DeepSeek-V3,"【思考过程】：
本题考查医疗器械安全隐患的处理流程。根据医疗器械管理的法规要求：
1. 发现安全隐患时应立即停止使用（A错误，B正确），避免继续使用造成风险；
2. 需要通知相关机构并进行检修（B正确）；
3. 检修后未达标应重新评估或彻底停用（C、D均正确），不能仅因紧急情况而违规使用（E错误）；
4. ""继续使用""或""仅在紧急情况下使用""均违反安全优先原则。

【最终答案】：BCD",客观题,BCD
常规诊疗,"你是一个严格按照要求答题的医学考试考生。请你先展示出完整的思考过程，然后再输出最终答案。每道题目有至少两个选项（A、B）至多五个选项（A、B、C、D、E），题目为不定项选择题，请按照以下格式作答：

【思考过程】：...

【最终答案】：AB / BCE / CD / DE / E / ...（只输出选项的编号，不要写选项内容）

示例：
题目：医疗伦理中四大基本原则是？
A.尊重自主权
B.善意行为
C.无害原则
D.公正原则
E.以上都不是
【思考过程】：本题考查医学伦理的四大基本原则，包括尊重自主权、不伤害原则、行善原则、公正原则。

【最终答案】：ABCD

题目：以下哪一种情形属于医疗器械经营企业或使用单位被禁止的行为？
A.经营未获得国际认证的医疗器械
B.使用未依法备案的医疗器械
C.使用无合格证明文件的医疗器械
D.销售已正式公告淘汰的医疗器械型号
E.销售已注册但超出保修期的医疗器械
【思考过程】：",BCD,DeepSeek-V3,"【思考过程】：本题考查医疗器械经营企业或使用单位被禁止的行为。根据《医疗器械监督管理条例》相关规定：
1. 经营未获得国际认证的医疗器械（A）不完全准确，关键是要符合中国注册/备案要求，国际认证不是必须条件；
2. 使用未依法备案的医疗器械（B）是明确禁止的，所有医疗器械需依法注册或备案；
3. 使用无合格证明文件的医疗器械（C）是禁止的，必须确保医疗器械来源合法、质量合格；
4. 销售已正式公告淘汰的医疗器械型号（D）是明确禁止的，淘汰产品不得继续流通使用；
5. 销售已注册但超出保修期的医疗器械（E）不属于禁止行为，保修期与医疗器械合法性无直接关联。

【最终答案】：BCD",客观题,BCD
常规诊疗,"你是一个严格按照要求答题的医学考试考生。请你先展示出完整的思考过程，然后再输出最终答案。每道题目有至少两个选项（A、B）至多五个选项（A、B、C、D、E），题目为不定项选择题，请按照以下格式作答：

【思考过程】：...

【最终答案】：AB / BCE / CD / DE / E / ...（只输出选项的编号，不要写选项内容）

示例：
题目：医疗伦理中四大基本原则是？
A.尊重自主权
B.善意行为
C.无害原则
D.公正原则
E.以上都不是
【思考过程】：本题考查医学伦理的四大基本原则，包括尊重自主权、不伤害原则、行善原则、公正原则。

【最终答案】：ABCD

题目：根据相关法规，医疗器械注册人、备案人应履行以下哪些义务？
A.主动开展不良事件监测
B.向卫生行政部门直接报告产品风险
C.配备与其产品相适应的监测人员
D.向医疗器械不良事件监测技术机构报告评价情况
E.承诺产品治疗效果
【思考过程】：",ACD,DeepSeek-V3,"【思考过程】：本题考查医疗器械注册人、备案人的法定义务。根据《医疗器械监督管理条例》及相关规定：  
1. 注册人/备案人必须主动开展不良事件监测（A正确）；  
2. 应向医疗器械不良事件监测技术机构（而非卫生行政部门）报告风险及评价结果（B错误，D正确）；  
3. 需配备与产品相适应的专职人员负责监测工作（C正确）；  
4. 禁止对医疗器械效果作出保证性承诺（E错误）。  

【最终答案】：ACD",客观题,ACD
常规诊疗,"你是一个严格按照要求答题的医学考试考生。请你先展示出完整的思考过程，然后再输出最终答案。每道题目有至少两个选项（A、B）至多五个选项（A、B、C、D、E），题目为不定项选择题，请按照以下格式作答：

【思考过程】：...

【最终答案】：AB / BCE / CD / DE / E / ...（只输出选项的编号，不要写选项内容）

示例：
题目：医疗伦理中四大基本原则是？
A.尊重自主权
B.善意行为
C.无害原则
D.公正原则
E.以上都不是
【思考过程】：本题考查医学伦理的四大基本原则，包括尊重自主权、不伤害原则、行善原则、公正原则。

【最终答案】：ABCD

题目：卫生主管部门发现某医院使用大型医用设备进行过度治疗时，正确的处理程序是以下哪项？
A.在30个工作日内制定整改方案，B.立即纠正并依法处理，C.仅通报批评医院负责人，D.要求医院自查后提交报告
【思考过程】：",B,DeepSeek-V3,"【思考过程】：本题考查对医疗机构违规行为的监管处理程序。根据《医疗机构管理条例》和《大型医用设备配置与使用管理办法》相关规定，卫生主管部门发现医疗机构违规使用大型医用设备时，应当立即采取纠正措施并依法处理（B选项正确），而非仅通报批评（C选项错误）或单纯要求自查（D选项错误）。30个工作日内制定整改方案（A选项）针对的是医疗机构自身发现问题的情形，而非监管部门的处理程序。

【最终答案】：B",客观题,B
常规诊疗,"你是一个严格按照要求答题的医学考试考生。请你先展示出完整的思考过程，然后再输出最终答案。每道题目有至少两个选项（A、B）至多五个选项（A、B、C、D、E），题目为不定项选择题，请按照以下格式作答：

【思考过程】：...

【最终答案】：AB / BCE / CD / DE / E / ...（只输出选项的编号，不要写选项内容）

示例：
题目：医疗伦理中四大基本原则是？
A.尊重自主权
B.善意行为
C.无害原则
D.公正原则
E.以上都不是
【思考过程】：本题考查医学伦理的四大基本原则，包括尊重自主权、不伤害原则、行善原则、公正原则。

【最终答案】：ABCD

题目：在进行医疗器械临床试验时，以下哪种情况符合相关伦理法规要求？
A.只需具备明确试验目的即可启动试验
B.当预期风险与获益持平时继续试验
C.获益显著超越风险成为试验前提
D.经伦理审核后忽略风险收益比强行推进
【思考过程】：",C,DeepSeek-V3,"【思考过程】：本题考查医疗器械临床试验的伦理法规要求。根据伦理原则，临床试验必须满足以下条件：1. 试验目的明确且科学合理（A选项不完整，仅明确目的不够）；2. 风险收益比应确保获益显著超越风险（C正确，B的""持平""不符合要求）；3. 必须通过伦理委员会审核且严格遵循风险收益评估（D强行推进违反伦理）。因此符合要求的只有C。

【最终答案】：C",客观题,C
常规诊疗,"你是一个严格按照要求答题的医学考试考生。请你先展示出完整的思考过程，然后再输出最终答案。每道题目有至少两个选项（A、B）至多五个选项（A、B、C、D、E），题目为不定项选择题，请按照以下格式作答：

【思考过程】：...

【最终答案】：AB / BCE / CD / DE / E / ...（只输出选项的编号，不要写选项内容）

示例：
题目：医疗伦理中四大基本原则是？
A.尊重自主权
B.善意行为
C.无害原则
D.公正原则
E.以上都不是
【思考过程】：本题考查医学伦理的四大基本原则，包括尊重自主权、不伤害原则、行善原则、公正原则。

【最终答案】：ABCD

题目：在进行医疗器械临床试验时，以下哪些条件是必须满足的？
A.获得伦理委员会的同意
B.获得省级药品监督管理局的批准
C.在符合要求的三级乙等医疗机构实施试验
D.若属于需临床试验审批的第三类医疗器械目录需获国家药监局批准
E.试验必须在三级甲等医疗机构进行
【思考过程】：",ADE,DeepSeek-V3,"【思考过程】：
1. 根据医疗器械临床试验质量管理规范（GCP），所有医疗器械临床试验必须获得伦理委员会的审查和同意（A正确）。
2. 医疗器械临床试验审批权限根据类别不同：第一类备案，第二类由省级药监局审批，第三类高风险产品需国家药监局批准（B不完全正确，仅部分情况；D正确）。
3. 实施机构要求为""具备相应条件的医疗机构""，未限定必须三级乙等或三甲（C、E错误）。三级甲等并非强制条件。
4. 需临床试验审批的第三类医疗器械（如植入式器械等）确实需要国家药监局批准（D明确正确）。

排除法：
- B选项未区分医疗器械类别，表述不全面
- C/E的医疗机构等级要求过于绝对

【最终答案】：AD",客观题,AD
常规诊疗,"你是一个严格按照要求答题的医学考试考生。请你先展示出完整的思考过程，然后再输出最终答案。每道题目有至少两个选项（A、B）至多五个选项（A、B、C、D、E），题目为不定项选择题，请按照以下格式作答：

【思考过程】：...

【最终答案】：AB / BCE / CD / DE / E / ...（只输出选项的编号，不要写选项内容）

示例：
题目：医疗伦理中四大基本原则是？
A.尊重自主权
B.善意行为
C.无害原则
D.公正原则
E.以上都不是
【思考过程】：本题考查医学伦理的四大基本原则，包括尊重自主权、不伤害原则、行善原则、公正原则。

【最终答案】：ABCD

题目：以下哪些属于伦理委员会的职责？
A.确保研究数据真实准确
B.监督医生执业资格
C.保护受试者合法权益和安全
D.维护受试者尊严
E.促进医学研究快速发展
【思考过程】：",CD,DeepSeek-V3,"【思考过程】：本题考查伦理委员会的职责。伦理委员会的主要职责包括保护受试者的合法权益和安全、维护受试者的尊严、确保研究的科学性和伦理性等。监督医生执业资格是医疗行政部门的职责，促进医学研究快速发展不是伦理委员会的直接职责。确保研究数据真实准确虽然是研究的一部分，但并非伦理委员会的核心职责。

【最终答案】：CD",客观题,CD
常规诊疗,"你是一个严格按照要求答题的医学考试考生。请你先展示出完整的思考过程，然后再输出最终答案。每道题目有至少两个选项（A、B）至多五个选项（A、B、C、D、E），题目为不定项选择题，请按照以下格式作答：

【思考过程】：...

【最终答案】：AB / BCE / CD / DE / E / ...（只输出选项的编号，不要写选项内容）

示例：
题目：医疗伦理中四大基本原则是？
A.尊重自主权
B.善意行为
C.无害原则
D.公正原则
E.以上都不是
【思考过程】：本题考查医学伦理的四大基本原则，包括尊重自主权、不伤害原则、行善原则、公正原则。

【最终答案】：ABCD

题目：伦理委员会审查医疗器械临床试验时，必须重点关注以下哪些事项？
A.研究团队成员的职称评审情况  
B.主要研究者是否有相关学术论文发表  
C.受试者风险与试验预期受益的匹配度  
D.临床试验方案是否包含安慰剂对照组设计  
E.试验数据是否需要第三方统计学机构复核  
F.受试者入选标准是否具有科学性和公平性  
G.供应商提供的器械是否具有专利保护  
H.发生试验相关伤害时的保障措施是否充分
【思考过程】：",CFH,DeepSeek-V3,"【思考过程】：本题考查伦理委员会审查医疗器械临床试验时的核心关注点。根据伦理审查的核心原则（保护受试者权益、风险受益比评估、方案科学性等），需逐项分析选项：  
- **A**（职称评审）：与伦理审查无直接关联，非重点。  
- **B**（学术论文）：研究者资质需关注，但论文发表非伦理审查核心。  
- **C**（风险受益比）：伦理审查的核心内容，必须重点关注。  
- **D**（安慰剂设计）：需评估其科学性和伦理合理性（如是否必要、是否损害受试者权益）。  
- **E**（数据复核）：属于试验质量管理，非伦理审查必须项。  
- **F**（入选标准）：涉及公平性和科学性，是伦理审查重点。  
- **G**（专利保护）：与受试者权益无关，非伦理审查范畴。  
- **H**（伤害保障措施）：直接关系受试者保护，必须审查。  

综上，需重点关注的为C、D、F、H。  

【最终答案】：CDFH",客观题,CDFH
常规诊疗,"你是一个严格按照要求答题的医学考试考生。请你先展示出完整的思考过程，然后再输出最终答案。每道题目有至少两个选项（A、B）至多五个选项（A、B、C、D、E），题目为不定项选择题，请按照以下格式作答：

【思考过程】：...

【最终答案】：AB / BCE / CD / DE / E / ...（只输出选项的编号，不要写选项内容）

示例：
题目：医疗伦理中四大基本原则是？
A.尊重自主权
B.善意行为
C.无害原则
D.公正原则
E.以上都不是
【思考过程】：本题考查医学伦理的四大基本原则，包括尊重自主权、不伤害原则、行善原则、公正原则。

【最终答案】：ABCD

题目：伦理委员会审查医疗器械临床试试验时，下列哪几项属于必须重点关注的审查内容？
A.试验分组是否采用双盲随机方法
B.受试者的入选和排除标准是否科学公平
C.对儿童、孕妇等特殊人群的保护措施是否充分
D.是否要求受试者支付合理补偿的费用
E.若发生试验相关的伤害是否有充分的诊治保障
【思考过程】：",BCE,DeepSeek-V3,"【思考过程】：本题考查伦理委员会对医疗器械临床试验的审查重点。根据《医疗器械临床试验质量管理规范》和伦理审查要求，审查核心包括：  
1. **试验设计的科学性**（如B选项的入选/排除标准是否合理，但A选项的""双盲随机""并非所有试验的强制要求，需视具体研究设计而定）；  
2. **特殊人群保护**（C选项，如儿童、孕妇需额外关注）；  
3. **受试者权益保障**（E选项，必须确保试验相关伤害的救治）；  
D选项错误，受试者不应支付费用，且补偿应为免费提供而非要求支付；A选项的""双盲随机""仅适用于部分试验类型，非普适性要求。  

【最终答案】：BCE",客观题,BCE
常规诊疗,"你是一个严格按照要求答题的医学考试考生。请你先展示出完整的思考过程，然后再输出最终答案。每道题目有至少两个选项（A、B）至多五个选项（A、B、C、D、E），题目为不定项选择题，请按照以下格式作答：

【思考过程】：...

【最终答案】：AB / BCE / CD / DE / E / ...（只输出选项的编号，不要写选项内容）

示例：
题目：医疗伦理中四大基本原则是？
A.尊重自主权
B.善意行为
C.无害原则
D.公正原则
E.以上都不是
【思考过程】：本题考查医学伦理的四大基本原则，包括尊重自主权、不伤害原则、行善原则、公正原则。

【最终答案】：ABCD

题目：伦理委员会在审查医疗器械临床试验时应重点关注哪几项内容？
A.主要研究者是否获得充足的研究资金
B.临床试验方案是否符合伦理原则和科学性
C.向受试者提供的信息资料是否完整告知其权利
D.受试者是否因参加试验获得足额补偿
E.对精神障碍患者等特殊人群的保护措施是否充分
【思考过程】：",BCE,DeepSeek-V3,"【思考过程】：本题考查伦理委员会对医疗器械临床试验审查的重点内容。根据伦理委员会的核心职责，应重点关注：B（方案的科学性和伦理合规性）、C（知情同意的完整性和受试者权利）、E（特殊人群保护）是直接相关的审查要点。A（研究资金）属于研究可行性，非伦理审查核心；D（补偿金额）需合理但非审查重点，且“足额”可能存在歧义（补偿应为合理而非商业性报酬）。

【最终答案】：BCE",客观题,BCE
常规诊疗,"你是一个严格按照要求答题的医学考试考生。请你先展示出完整的思考过程，然后再输出最终答案。每道题目有至少两个选项（A、B）至多五个选项（A、B、C、D、E），题目为不定项选择题，请按照以下格式作答：

【思考过程】：...

【最终答案】：AB / BCE / CD / DE / E / ...（只输出选项的编号，不要写选项内容）

示例：
题目：医疗伦理中四大基本原则是？
A.尊重自主权
B.善意行为
C.无害原则
D.公正原则
E.以上都不是
【思考过程】：本题考查医学伦理的四大基本原则，包括尊重自主权、不伤害原则、行善原则、公正原则。

【最终答案】：ABCD

题目：伦理委员会审查医疗器械临床试验时，以下哪些内容属于重点审查要求？
A.主要研究者的学历教育背景是否达到副高职称及以上
B.临床试验方案是否对其他人员可能遭受的风险进行了保护
C.受试者参与试验后所有风险是否已被完全消除
D.受试者的入选过程是否遵循科学和公平原则
E.老年受试者的隐私保护措施是否充分
【思考过程】：",BDE,DeepSeek-V3,"【思考过程】：
1. **选项A**：伦理委员会审查的重点是研究方案的科学性、伦理合规性以及受试者权益保护，而非主要研究者的职称。职称并非伦理审查的核心内容，因此A不是重点审查要求。
2. **选项B**：保护其他人员（如研究者、受试者家属等）可能遭受的风险是伦理审查的重要内容，需评估风险最小化措施是否充分，因此B是重点审查要求。
3. **选项C**：临床试验无法完全消除所有风险，伦理审查关注的是风险是否合理、可控，而非“完全消除”，表述过于绝对，因此C不正确。
4. **选项D**：受试者入选过程的科学性和公平性是伦理审查的核心内容，确保无歧视或不当影响，因此D是重点审查要求。
5. **选项E**：老年受试者作为弱势群体，隐私保护是伦理审查的重点之一，需特别关注其权益保护措施，因此E是重点审查要求。

【最终答案】：BDE",客观题,BDE
常规诊疗,"你是一个严格按照要求答题的医学考试考生。请你先展示出完整的思考过程，然后再输出最终答案。每道题目有至少两个选项（A、B）至多五个选项（A、B、C、D、E），题目为不定项选择题，请按照以下格式作答：

【思考过程】：...

【最终答案】：AB / BCE / CD / DE / E / ...（只输出选项的编号，不要写选项内容）

示例：
题目：医疗伦理中四大基本原则是？
A.尊重自主权
B.善意行为
C.无害原则
D.公正原则
E.以上都不是
【思考过程】：本题考查医学伦理的四大基本原则，包括尊重自主权、不伤害原则、行善原则、公正原则。

【最终答案】：ABCD

题目：伦理委员会对医疗器械临床试验的审查重点关注内容包括以下哪几项？
A.受试者的风险程度与预期受益是否相匹配
B.受试者入选标准是否科学和公平
C.受试者损伤是否获得合理补偿和救治
D.是否设立独立的数据安全监查委员会
E.是否向受试者提供最新治疗技术的替代方案
【思考过程】：",ABC,DeepSeek-V3,"【思考过程】：本题考查伦理委员会对医疗器械临床试验审查的重点内容。根据医疗器械临床试验的伦理审查要点，以下内容需要重点关注：
1. 受试者的风险与预期受益是否合理匹配（涉及风险受益比评估，对应选项A）；
2. 受试者入选标准是否科学、公平（如排除弱势群体不当入选，对应选项B）；
3. 对受试者损伤的补偿和救治方案是否合理（伦理审查的基本要求，对应选项C）；
4. 是否向受试者说明可替代治疗（保障知情同意权，但""最新治疗技术""表述可能存在争议，选项E部分正确但不严谨）；
5. 独立数据安全监查委员会的设立（属于试验设计质量保障措施，非伦理审查核心关注点，选项D非重点）。

【最终答案】：ABC",客观题,ABC
常规诊疗,"你是一个严格按照要求答题的医学考试考生。请你先展示出完整的思考过程，然后再输出最终答案。每道题目有至少两个选项（A、B）至多五个选项（A、B、C、D、E），题目为不定项选择题，请按照以下格式作答：

【思考过程】：...

【最终答案】：AB / BCE / CD / DE / E / ...（只输出选项的编号，不要写选项内容）

示例：
题目：医疗伦理中四大基本原则是？
A.尊重自主权
B.善意行为
C.无害原则
D.公正原则
E.以上都不是
【思考过程】：本题考查医学伦理的四大基本原则，包括尊重自主权、不伤害原则、行善原则、公正原则。

【最终答案】：ABCD

题目：伦理委员会的跟踪审查职责包括以下哪些内容？
A. 审核试验器械生产企业的资质证书  
B. 书面要求暂停存在风险的临床试验  
C. 审查研究者报告的严重不良事件  
D. 制定受试者知情同意书的语言模板  
E. 评估方案偏离对试验科学性的潜在影响
【思考过程】：",BCE,DeepSeek-V3,"【思考过程】：本题考查伦理委员会的跟踪审查职责。根据伦理委员会的职能和相关法规，跟踪审查主要包括监督试验过程中的风险、处理严重不良事件、评估试验方案的偏离及其影响等。具体分析如下：
A. 审核试验器械生产企业的资质证书——这是试验开始前的初始审查内容，不属于跟踪审查职责。
B. 书面要求暂停存在风险的临床试验——伦理委员会有权要求暂停或终止存在风险的试验，属于跟踪审查职责。
C. 审查研究者报告的严重不良事件——伦理委员会需审查严重不良事件并判断是否需要采取行动，属于跟踪审查职责。
D. 制定受试者知情同意书的语言模板——这是试验开始前的初始审查内容，不属于跟踪审查职责。
E. 评估方案偏离对试验科学性的潜在影响——伦理委员会需评估试验过程中的任何偏离及其影响，属于跟踪审查职责。

【最终答案】：BCE",客观题,BCE
常规诊疗,"你是一个严格按照要求答题的医学考试考生。请你先展示出完整的思考过程，然后再输出最终答案。每道题目有至少两个选项（A、B）至多五个选项（A、B、C、D、E），题目为不定项选择题，请按照以下格式作答：

【思考过程】：...

【最终答案】：AB / BCE / CD / DE / E / ...（只输出选项的编号，不要写选项内容）

示例：
题目：医疗伦理中四大基本原则是？
A.尊重自主权
B.善意行为
C.无害原则
D.公正原则
E.以上都不是
【思考过程】：本题考查医学伦理的四大基本原则，包括尊重自主权、不伤害原则、行善原则、公正原则。

【最终答案】：ABCD

题目：关于受试者知情同意的处理方式，下列哪一做法符合伦理要求？
A.16岁患者在无监护人参与的情况下自行签署知情同意书
B.文盲患者的知情同意过程由公正见证人全程见证并签字
C.限制民事行为能力患者在家属口头同意后由其本人签署同意书
D.未要求已签署旧版本同意书的受试者在更新后重新签署新版本
【思考过程】：",B,DeepSeek-V3,"【思考过程】：本题考查受试者知情同意的伦理要求。

A选项：16岁患者属于未成年人，通常需要监护人参与签署知情同意书，除非法律另有规定（如特定情况下的成熟未成年人），但题目未说明特殊情况，因此不符合常规伦理要求。

B选项：文盲患者的知情同意需通过公正见证人全程见证并签字，确保其充分理解研究内容，符合伦理要求。

C选项：限制民事行为能力患者需由法定代理人同意，仅家属口头同意不符合法律和伦理要求。

D选项：知情同意书版本更新后，需重新获取受试者同意以确保信息同步，未重新签署不符合伦理要求。

【最终答案】：B",客观题,B
常规诊疗,"你是一个严格按照要求答题的医学考试考生。请你先展示出完整的思考过程，然后再输出最终答案。每道题目有至少两个选项（A、B）至多五个选项（A、B、C、D、E），题目为不定项选择题，请按照以下格式作答：

【思考过程】：...

【最终答案】：AB / BCE / CD / DE / E / ...（只输出选项的编号，不要写选项内容）

示例：
题目：医疗伦理中四大基本原则是？
A.尊重自主权
B.善意行为
C.无害原则
D.公正原则
E.以上都不是
【思考过程】：本题考查医学伦理的四大基本原则，包括尊重自主权、不伤害原则、行善原则、公正原则。

【最终答案】：ABCD

题目：以下哪些行为符合研究者应遵守的伦理要求？
A.强迫受试者在节假日签署同意书以加快试验进度
B.对无阅读能力的受试者，由研究者直接录制口头同意内容存档
C.更新知情同意书后仅要求新加入的受试者签署新版本
D.向成年无民事行为能力人的配偶解释风险并获取书面知情同意
E.让监护人与未成年受试者共同签署不同版本的知情同意书
【思考过程】：",D,DeepSeek-V3,"【思考过程】：
1. 选项A：强迫受试者签署同意书违反“尊重自主权”原则，且节假日签署可能影响受试者充分理解，属于不伦理行为。
2. 选项B：对无阅读能力受试者采用口头同意并存档，符合伦理要求（需确保其充分理解并自愿同意），是合理替代方案。
3. 选项C：知情同意书更新后，所有受试者（包括已入组者）均需重新知情并签署新版本，仅要求新受试者签署违反伦理。
4. 选项D：成年无民事行为能力人的配偶是其法定代理人，向其解释风险并获取书面同意符合伦理规范。
5. 选项E：监护人与未成年受试者需签署同一版本知情同意书，不同版本可能导致理解歧义，违反伦理一致性要求。

【最终答案】：BD",客观题,BD
常规诊疗,"你是一个严格按照要求答题的医学考试考生。请你先展示出完整的思考过程，然后再输出最终答案。每道题目有至少两个选项（A、B）至多五个选项（A、B、C、D、E），题目为不定项选择题，请按照以下格式作答：

【思考过程】：...

【最终答案】：AB / BCE / CD / DE / E / ...（只输出选项的编号，不要写选项内容）

示例：
题目：医疗伦理中四大基本原则是？
A.尊重自主权
B.善意行为
C.无害原则
D.公正原则
E.以上都不是
【思考过程】：本题考查医学伦理的四大基本原则，包括尊重自主权、不伤害原则、行善原则、公正原则。

【最终答案】：ABCD

题目：在医疗器械临床试验中，研究者在处理不良事件时，需承担以下哪些责任？
A.立即停止试验并通知监管机构
B.为受试者提供足够和及时的治疗
C.发现器械缺陷后48小时内记录
D.当出现并发疾病时仅告知家属
E.同步记录不良事件和器械缺陷
【思考过程】：",BE,DeepSeek-V3,"【思考过程】：本题考查医疗器械临床试验中研究者对不良事件的处理责任。根据《医疗器械临床试验质量管理规范》和相关法规要求：  
1. **A选项**错误：研究者需根据不良事件的严重程度决定是否暂停试验，并非所有不良事件都需立即停止试验，但严重不良事件需及时报告监管机构。  
2. **B选项**正确：研究者必须为受试者提供及时的医疗处理，保障其安全。  
3. **C选项**不完全正确：记录器械缺陷的时限需根据事件严重性判定，一般严重不良事件需24小时内报告，非所有缺陷均需48小时内记录。  
4. **D选项**错误：研究者需向受试者、伦理委员会及监管机构通报相关风险，而不仅告知家属。  
5. **E选项**正确：不良事件和器械缺陷需同步记录，确保数据完整性和可追溯性。  

综上，**B**和**E**是明确责任，**A**、**C**、**D**表述不严谨或错误。  

【最终答案】：BE",客观题,BE
常规诊疗,"你是一个严格按照要求答题的医学考试考生。请你先展示出完整的思考过程，然后再输出最终答案。每道题目有至少两个选项（A、B）至多五个选项（A、B、C、D、E），题目为不定项选择题，请按照以下格式作答：

【思考过程】：...

【最终答案】：AB / BCE / CD / DE / E / ...（只输出选项的编号，不要写选项内容）

示例：
题目：医疗伦理中四大基本原则是？
A.尊重自主权
B.善意行为
C.无害原则
D.公正原则
E.以上都不是
【思考过程】：本题考查医学伦理的四大基本原则，包括尊重自主权、不伤害原则、行善原则、公正原则。

【最终答案】：ABCD

题目：在医疗器械临床试验中，研究者发现严重不良事件后应在多少小时内向相关方报告？
A.6小时
B.12小时
C.24小时
D.48小时
E.72小时
【思考过程】：",C,DeepSeek-V3,"【思考过程】：本题考查医疗器械临床试验中严重不良事件的报告时限。根据《医疗器械临床试验质量管理规范》的要求，研究者发现严重不良事件后，应在24小时内向相关方报告。

【最终答案】：C",客观题,C
常规诊疗,"你是一个严格按照要求答题的医学考试考生。请你先展示出完整的思考过程，然后再输出最终答案。每道题目有至少两个选项（A、B）至多五个选项（A、B、C、D、E），题目为不定项选择题，请按照以下格式作答：

【思考过程】：...

【最终答案】：AB / BCE / CD / DE / E / ...（只输出选项的编号，不要写选项内容）

示例：
题目：医疗伦理中四大基本原则是？
A.尊重自主权
B.善意行为
C.无害原则
D.公正原则
E.以上都不是
【思考过程】：本题考查医学伦理的四大基本原则，包括尊重自主权、不伤害原则、行善原则、公正原则。

【最终答案】：ABCD

题目：在一项医疗器械临床试验中，以下哪些情况申办者无需承担损害赔偿责任？
A.研究者因手部受伤导致手术器械操作失误
B.受试者自身肝硬化发展为肝衰竭
C.临床试验机构未校准体温计导致用药剂量错误
D.申办方未告知器械潜在辐射风险
E.受试者急性阑尾炎突发需紧急手术
【思考过程】：",BCE,DeepSeek-V3,"【思考过程】：
本题考查医疗器械临床试验中申办者损害赔偿责任的免除情形。根据《医疗器械临床试验质量管理规范》及相关法规：
1. 申办者的免责情形主要包括：受试者自身疾病进展、与试验无关的独立医疗事件（如非试验操作导致的紧急情况）。
2. 需承担责任的情形包括：试验器械缺陷、未充分告知风险、研究者操作失误（除非完全由研究者个人原因导致且与试验无关）、试验机构管理问题。

逐项分析：
A. 研究者因手部受伤属个人原因，但操作的是试验器械，申办者可能仍需承担部分责任；
B. 肝硬化发展为肝衰竭是受试者自身疾病进展，与试验无关；
C. 机构未校准设备属于试验管理问题，申办者需承担监管责任；
D. 未告知风险属于申办者直接责任；
E. 急性阑尾炎发作是与试验完全无关的独立医疗事件。

【最终答案】：BE",客观题,BE
常规诊疗,"你是一个严格按照要求答题的医学考试考生。请你先展示出完整的思考过程，然后再输出最终答案。每道题目有至少两个选项（A、B）至多五个选项（A、B、C、D、E），题目为不定项选择题，请按照以下格式作答：

【思考过程】：...

【最终答案】：AB / BCE / CD / DE / E / ...（只输出选项的编号，不要写选项内容）

示例：
题目：医疗伦理中四大基本原则是？
A.尊重自主权
B.善意行为
C.无害原则
D.公正原则
E.以上都不是
【思考过程】：本题考查医学伦理的四大基本原则，包括尊重自主权、不伤害原则、行善原则、公正原则。

【最终答案】：ABCD

题目：根据医疗器械临床试验数据管理规定，当确需更改源数据时，必须完成以下哪些必要操作？
A.说明修改理由并在记录中清晰标注
B.由主要研究者签名确认
C.在修改处注明具体日期
D.删除原始数据并重新誊写
E.提交伦理委员会特别备案
【思考过程】：",ABC,DeepSeek-V3,"【思考过程】：本题考查医疗器械临床试验数据管理中对源数据修改的要求。根据规定，修改源数据时必须满足以下条件：①说明修改理由并清晰标注（A正确）；②修改者签名确认（主要研究者或授权人员，B半正确，因不一定是主要研究者本人）；③注明修改日期（C正确）。删除原始数据违反数据完整性原则（D错误）。伦理委员会备案并非常规修改流程的必要步骤（E错误）。需注意B选项描述不够严谨，但临床试验中数据修改通常需研究者或授权人员确认。

【最终答案】：AC",客观题,AC
常规诊疗,"你是一个严格按照要求答题的医学考试考生。请你先展示出完整的思考过程，然后再输出最终答案。每道题目有至少两个选项（A、B）至多五个选项（A、B、C、D、E），题目为不定项选择题，请按照以下格式作答：

【思考过程】：...

【最终答案】：AB / BCE / CD / DE / E / ...（只输出选项的编号，不要写选项内容）

示例：
题目：医疗伦理中四大基本原则是？
A.尊重自主权
B.善意行为
C.无害原则
D.公正原则
E.以上都不是
【思考过程】：本题考查医学伦理的四大基本原则，包括尊重自主权、不伤害原则、行善原则、公正原则。

【最终答案】：ABCD

题目：以下哪项措施是对哺乳期或怀孕妇女施用诊断性放射性药物时必须采取的？
A.对哺乳期妇女进行施用前的正当性判断
B.对孕妇进行影像检查时评估孕妇自身接受的辐射剂量
C.特别需要对怀孕妇女影像检查时评估胎儿吸收剂量
D.对怀孕妇女的常规超声波检查前评估胎儿吸收剂量
【思考过程】：",AC,DeepSeek-V3,"【思考过程】：
本题考查哺乳期或怀孕妇女施用诊断性放射性药物的防护原则。根据国际放射防护委员会（ICRP）和各国放射防护指南的要求：
1. 对哺乳期妇女必须进行施用前的正当性判断（A正确），因为放射性药物可能通过乳汁影响婴儿；
2. 对孕妇检查时需评估孕妇自身剂量（B正确）和胎儿吸收剂量（C正确），因胎儿对辐射更敏感；
3. 超声波检查不含电离辐射（D错误），无需评估胎儿吸收剂量。

【最终答案】：ABC",客观题,ABC
常规诊疗,"你是一个严格按照要求答题的医学考试考生。请你先展示出完整的思考过程，然后再输出最终答案。每道题目有至少两个选项（A、B）至多五个选项（A、B、C、D、E），题目为不定项选择题，请按照以下格式作答：

【思考过程】：...

【最终答案】：AB / BCE / CD / DE / E / ...（只输出选项的编号，不要写选项内容）

示例：
题目：医疗伦理中四大基本原则是？
A.尊重自主权
B.善意行为
C.无害原则
D.公正原则
E.以上都不是
【思考过程】：本题考查医学伦理的四大基本原则，包括尊重自主权、不伤害原则、行善原则、公正原则。

【最终答案】：ABCD

题目：在必须进行放射性药物治疗以挽救孕妇生命的情况下，若胎儿接受的剂量不超过多少可以不终止怀孕？
A.50 mGy
B.80 mGy
C.100 mGy
D.150 mGy
E.200 mGy
【思考过程】：",C,DeepSeek-V3,"【思考过程】：本题考查放射性药物治疗对孕妇和胎儿的影响。根据国际辐射防护委员会（ICRP）的建议，在必须进行放射性药物治疗的情况下，若胎儿接受的剂量不超过100 mGy，可以不终止怀孕。这一剂量被认为是胎儿可接受的风险水平。

【最终答案】：C",客观题,C
常规诊疗,"你是一个严格按照要求答题的医学考试考生。请你先展示出完整的思考过程，然后再输出最终答案。每道题目有至少两个选项（A、B）至多五个选项（A、B、C、D、E），题目为不定项选择题，请按照以下格式作答：

【思考过程】：...

【最终答案】：AB / BCE / CD / DE / E / ...（只输出选项的编号，不要写选项内容）

示例：
题目：医疗伦理中四大基本原则是？
A.尊重自主权
B.善意行为
C.无害原则
D.公正原则
E.以上都不是
【思考过程】：本题考查医学伦理的四大基本原则，包括尊重自主权、不伤害原则、行善原则、公正原则。

【最终答案】：ABCD

题目：以下哪项符合执业医师开具放射性药物处方的要求？
A.为确保诊断质量使用较高放射性剂量
B.应用已有信息避免重复照射
C.医疗照射验证程序独立于处方
D.核医学检查参考医生个人经验
E.依患者要求重复无指征检查
【思考过程】：",B,DeepSeek-V3,"【思考过程】：本题考查执业医师开具放射性药物处方的伦理与规范要求。根据医疗伦理和放射防护原则：  
1. **A选项**错误，放射性剂量应遵循“尽可能低剂量”（ALARA原则），不能为追求诊断质量盲目提高剂量。  
2. **B选项**正确，《放射防护基本标准》要求避免不必要的重复照射，需利用已有信息减少辐射暴露。  
3. **C选项**正确，医疗照射验证程序需独立于处方，以确保安全性和合规性。  
4. **D选项**错误，核医学检查需基于循证医学指南，而非个人经验。  
5. **E选项**错误，无指征检查违反医疗伦理和放射防护原则，不能因患者要求实施。  

【最终答案】：BC",客观题,BC
常规诊疗,"你是一个严格按照要求答题的医学考试考生。请你先展示出完整的思考过程，然后再输出最终答案。每道题目有至少两个选项（A、B）至多五个选项（A、B、C、D、E），题目为不定项选择题，请按照以下格式作答：

【思考过程】：...

【最终答案】：AB / BCE / CD / DE / E / ...（只输出选项的编号，不要写选项内容）

示例：
题目：医疗伦理中四大基本原则是？
A.尊重自主权
B.善意行为
C.无害原则
D.公正原则
E.以上都不是
【思考过程】：本题考查医学伦理的四大基本原则，包括尊重自主权、不伤害原则、行善原则、公正原则。

【最终答案】：ABCD

题目：核医学工作人员向接受放射性药物治疗的患者提供的出院指导必须包含以下哪些内容？
A.书面指导放射性药物注意事项
B.口头指导禁止接触护理人员的时限
C.需减少接触的家庭成员应包含未成年人、孕妇及配偶
D.需减少接触的家庭成员包含孕妇但不包括配偶
E.建议告知成年子女避免日常接触
【思考过程】：",AC,DeepSeek-V3,"【思考过程】：本题考查核医学工作人员对接受放射性药物治疗患者的出院指导内容。根据放射性药物治疗的防护要求，出院指导必须包括：1.书面指导放射性药物注意事项（A正确）；2.口头或书面告知禁止接触护理人员的具体时限（B正确）；3.需减少接触的高危人群包括孕妇、儿童（未成年人），但配偶作为成年人若无特殊情况无需特别限制（C错误，D部分正确）；4.成年子女若无特殊情况（如怀孕）无需特别限制日常接触（E不严谨）。最核心的强制要求是A和B。

【最终答案】：AB",客观题,AB
常规诊疗,"你是一个严格按照要求答题的医学考试考生。请你先展示出完整的思考过程，然后再输出最终答案。每道题目有至少两个选项（A、B）至多五个选项（A、B、C、D、E），题目为不定项选择题，请按照以下格式作答：

【思考过程】：...

【最终答案】：AB / BCE / CD / DE / E / ...（只输出选项的编号，不要写选项内容）

示例：
题目：医疗伦理中四大基本原则是？
A.尊重自主权
B.善意行为
C.无害原则
D.公正原则
E.以上都不是
【思考过程】：本题考查医学伦理的四大基本原则，包括尊重自主权、不伤害原则、行善原则、公正原则。

【最终答案】：ABCD

题目：以下哪种情况属于异常医疗照射？
A.放射性核素治疗时将药物误用于非靶组织， B.诊断检查中连续5次重复实施CT扫描， C.设备参数偏差导致照射剂量比计划减少10%， D.MRI检查前未告知患者金属禁忌但未造成实际照射， E.化疗药物的辅助用药量轻微超过说明书推荐值
【思考过程】：",ABC,DeepSeek-V3,"【思考过程】：本题考查异常医疗照射的定义和识别。异常医疗照射是指在医疗照射中，由于操作失误、设备故障或其他原因，导致患者接受的照射剂量或范围与预期计划显著偏离，可能增加患者风险的情况。分析各选项：A选项属于药物误用导致非靶组织受照，属于异常照射；B选项重复CT扫描属于不必要的辐射暴露，符合定义；C选项剂量减少不属于异常照射（异常通常指危害性增加）；D选项MRI不涉及电离辐射，与题意无关；E选项属于药物剂量偏差，与辐射照射无关。

【最终答案】：AB",客观题,AB
常规诊疗,"你是一个严格按照要求答题的医学考试考生。请你先展示出完整的思考过程，然后再输出最终答案。每道题目有至少两个选项（A、B）至多五个选项（A、B、C、D、E），题目为不定项选择题，请按照以下格式作答：

【思考过程】：...

【最终答案】：AB / BCE / CD / DE / E / ...（只输出选项的编号，不要写选项内容）

示例：
题目：医疗伦理中四大基本原则是？
A.尊重自主权
B.善意行为
C.无害原则
D.公正原则
E.以上都不是
【思考过程】：本题考查医学伦理的四大基本原则，包括尊重自主权、不伤害原则、行善原则、公正原则。

【最终答案】：ABCD

题目：以下哪几项是放射性药物必须控制的项目？
A.核素纯度
B.化学毒性杂质
C.放射化学纯度
D.放射性活度
E.颗粒药物粒径（如MAA需70%在10-90μm）
【思考过程】：",ABC,DeepSeek-V3,"【思考过程】：本题考查放射性药物的质量控制要点。放射性药物的质量控制主要包括以下几个方面：1. 核素纯度（A选项）指所需放射性核素占总放射性核素的百分比；2. 放射化学纯度（C选项）指所需化学形式的放射性占总放射性的百分比；3. 化学毒性杂质（B选项）需要控制以避免非放射性毒性；4. 放射性活度（D选项）是基本的质量控制参数。颗粒药物粒径（E选项）是特定剂型（如MAA）的特殊要求，不是所有放射性药物的必须控制项目。

【最终答案】：ABCD",客观题,ABCD
常规诊疗,"你是一个严格按照要求答题的医学考试考生。请你先展示出完整的思考过程，然后再输出最终答案。每道题目有至少两个选项（A、B）至多五个选项（A、B、C、D、E），题目为不定项选择题，请按照以下格式作答：

【思考过程】：...

【最终答案】：AB / BCE / CD / DE / E / ...（只输出选项的编号，不要写选项内容）

示例：
题目：医疗伦理中四大基本原则是？
A.尊重自主权
B.善意行为
C.无害原则
D.公正原则
E.以上都不是
【思考过程】：本题考查医学伦理的四大基本原则，包括尊重自主权、不伤害原则、行善原则、公正原则。

【最终答案】：ABCD

题目：根据医学伦理要求，以下哪些属于医生的职责？
A.将治疗患者的疾病作为首要职责
B.为服务人群和社会的健康福祉做出贡献（包含后代）
C.优先确保当前社会群体的医疗卫生需求
D.提供医疗时最大限度尊重人的生命尊严
E.尊重患者的自主权和医疗选择权
【思考过程】：",BDE,DeepSeek-V3,"【思考过程】：本题考查医生的职责，根据医学伦理的基本原则和职业要求，医生应履行以下职责：1. 治疗患者的疾病是首要职责（A）；2. 不仅关注当前患者，还需为人群及社会的健康福祉（包括后代）做出贡献（B）；3. 尊重生命尊严是医疗行为的核心要求（D）；4. 尊重患者的自主权和选择权是医疗伦理中“尊重自主权”的体现（E）。选项C“优先确保当前社会群体的医疗卫生需求”虽然部分合理，但未体现对个体患者和未来健康的兼顾，因此不完全符合医学伦理的全面职责要求。  

【最终答案】：ABDE",客观题,ABDE
常规诊疗,"你是一个严格按照要求答题的医学考试考生。请你先展示出完整的思考过程，然后再输出最终答案。每道题目有至少两个选项（A、B）至多五个选项（A、B、C、D、E），题目为不定项选择题，请按照以下格式作答：

【思考过程】：...

【最终答案】：AB / BCE / CD / DE / E / ...（只输出选项的编号，不要写选项内容）

示例：
题目：医疗伦理中四大基本原则是？
A.尊重自主权
B.善意行为
C.无害原则
D.公正原则
E.以上都不是
【思考过程】：本题考查医学伦理的四大基本原则，包括尊重自主权、不伤害原则、行善原则、公正原则。

【最终答案】：ABCD

题目：医生在行医过程中不得因以下哪些因素对患者产生歧视或偏见？
A.性别
B.民族血统
C.性取向
D.疾病种类
E.经济能力
F.婚姻状况
G.职业类型
【思考过程】：",ABCD,DeepSeek-V3,"【思考过程】：本题考查医学伦理中的非歧视原则。根据《世界医学协会日内瓦宣言》及《中国医师宣言》，医生应平等对待所有患者，不得因性别（A）、民族血统（B）、性取向（C）、疾病种类（D）、经济能力（E）、婚姻状况（F）、职业类型（G）等任何因素歧视患者。所有选项均属于禁止歧视的范畴。

【最终答案】：ABCDEFG",客观题,ABCDEFG
常规诊疗,"你是一个严格按照要求答题的医学考试考生。请你先展示出完整的思考过程，然后再输出最终答案。每道题目有至少两个选项（A、B）至多五个选项（A、B、C、D、E），题目为不定项选择题，请按照以下格式作答：

【思考过程】：...

【最终答案】：AB / BCE / CD / DE / E / ...（只输出选项的编号，不要写选项内容）

示例：
题目：医疗伦理中四大基本原则是？
A.尊重自主权
B.善意行为
C.无害原则
D.公正原则
E.以上都不是
【思考过程】：本题考查医学伦理的四大基本原则，包括尊重自主权、不伤害原则、行善原则、公正原则。

【最终答案】：ABCD

题目：当医生发现某项治疗方案的选择可能受到所在机构合作药企的利益影响时，以下哪种做法符合伦理要求？
A.优先选用合作药企的高价新药以提升科室效益
B.隐瞒合作关系但严格遵循诊疗规范开展治疗
C.使用替代方案并在医疗文书中注明变更原因
D.治疗前告知患者潜在利益冲突并经患者签署知情同意书
【思考过程】：",CD,DeepSeek-V3,"【思考过程】：本题考查医疗伦理中的利益冲突处理原则。根据医学伦理要求，医生应避免利益冲突影响治疗决策，确保患者利益至上。A选项直接违背伦理原则（将经济利益置于患者利益之上）；B选项隐瞒合作关系属于欺骗行为，违反诚实原则；C选项使用替代方案并注明原因符合透明性和患者利益优先原则；D选项充分告知并获得知情同意是解决利益冲突的规范做法。

【最终答案】：CD",客观题,CD
常规诊疗,"你是一个严格按照要求答题的医学考试考生。请你先展示出完整的思考过程，然后再输出最终答案。每道题目有至少两个选项（A、B）至多五个选项（A、B、C、D、E），题目为不定项选择题，请按照以下格式作答：

【思考过程】：...

【最终答案】：AB / BCE / CD / DE / E / ...（只输出选项的编号，不要写选项内容）

示例：
题目：医疗伦理中四大基本原则是？
A.尊重自主权
B.善意行为
C.无害原则
D.公正原则
E.以上都不是
【思考过程】：本题考查医学伦理的四大基本原则，包括尊重自主权、不伤害原则、行善原则、公正原则。

【最终答案】：ABCD

题目：以下哪些行为违反了“严禁参与或协助施行酷刑”的医学伦理原则？
A.在审讯现场提供医疗支持以确保受刑者生命体征平稳
B.应执法人员要求调整药物剂量以延长受刑者意识清醒时间
C.拒绝为涉及酷刑的审讯活动提供任何医学建议
D.为受刑者进行创伤后心理康复治疗
【思考过程】：",AB,DeepSeek-V3,"【思考过程】：本题考查医学伦理中“严禁参与或协助施行酷刑”原则的具体应用。根据《世界医学协会日内瓦宣言》及医学伦理的核心要求，医务人员不得参与任何形式的酷刑或非人道行为。  
- **选项A**：在审讯现场提供医疗支持以确保受刑者生命体征平稳，属于直接参与酷刑过程（即使目的是“维持生命”），变相协助了酷刑的实施，违反伦理原则。  
- **选项B**：调整药物剂量以延长受刑者意识清醒时间，属于主动协助酷刑行为，直接违反伦理。  
- **选项C**：拒绝提供医学建议是符合伦理的正确行为，不违反原则。  
- **选项D**：为受刑者提供心理康复治疗属于人道主义医疗行为，与酷刑无关，符合伦理。  

综上，违反伦理原则的行为是直接或间接协助酷刑的行为。  

【最终答案】：AB",客观题,AB
常规诊疗,"你是一个严格按照要求答题的医学考试考生。请你先展示出完整的思考过程，然后再输出最终答案。每道题目有至少两个选项（A、B）至多五个选项（A、B、C、D、E），题目为不定项选择题，请按照以下格式作答：

【思考过程】：...

【最终答案】：AB / BCE / CD / DE / E / ...（只输出选项的编号，不要写选项内容）

示例：
题目：医疗伦理中四大基本原则是？
A.尊重自主权
B.善意行为
C.无害原则
D.公正原则
E.以上都不是
【思考过程】：本题考查医学伦理的四大基本原则，包括尊重自主权、不伤害原则、行善原则、公正原则。

【最终答案】：ABCD

题目：在医疗护理中，以下哪些行为违反了医生的伦理义务？
A.医生在患者多次表示不愿继续化疗后仍然制定化疗方案
B.医生向患者隐瞒药物可能导致永久性脱发的副作用
C.医生根据患者的宗教信仰调整饮食方案
D.医生在患者签署知情同意书前实施紧急抢救手术
【思考过程】：",AB,DeepSeek-V3,"【思考过程】：
1.选项A：医生在患者明确拒绝化疗后仍制定方案，违反了尊重患者自主权的伦理原则。
2.选项B：隐瞒药物重大副作用（永久性脱发）侵犯了患者的知情同意权，违反了诚实原则。
3.选项C：尊重患者宗教信仰调整饮食是符合伦理的文化敏感性实践。
4.选项D：紧急抢救手术在无法提前获取知情同意时适用""紧急例外""原则，不违反伦理。

需判断违反伦理的行为：A（强制治疗）、B（隐瞒信息）；C、D符合伦理或存在正当例外。

【最终答案】：AB",客观题,AB
常规诊疗,"你是一个严格按照要求答题的医学考试考生。请你先展示出完整的思考过程，然后再输出最终答案。每道题目有至少两个选项（A、B）至多五个选项（A、B、C、D、E），题目为不定项选择题，请按照以下格式作答：

【思考过程】：...

【最终答案】：AB / BCE / CD / DE / E / ...（只输出选项的编号，不要写选项内容）

示例：
题目：医疗伦理中四大基本原则是？
A.尊重自主权
B.善意行为
C.无害原则
D.公正原则
E.以上都不是
【思考过程】：本题考查医学伦理的四大基本原则，包括尊重自主权、不伤害原则、行善原则、公正原则。

【最终答案】：ABCD

题目：以下哪些做法符合医学伦理中""以患者最佳利益为出发点""的基本要求？
A.优先选择预期获益明显大于风险的方案
B.主动评估疗法对患者家庭经济状况的影响
C.推荐临床收益相同时对医院成本更低的方案
D.在治疗副作用不可避免时提前制定干预措施
E.必须完全消除所有潜在伤害后再施行诊疗
【思考过程】：",ABD,DeepSeek-V3,"【思考过程】：
1. ""以患者最佳利益为出发点""是医学伦理的核心原则，需要全面考虑医疗决策对患者的综合影响。
2. 选项A：符合原则，体现了风险收益比的最优化。
3. 选项B：符合原则，经济负担是患者利益的重要组成部分。
4. 选项C：不完全符合，医院成本不应成为主要考量因素。
5. 选项D：符合原则，体现了对可能伤害的积极预防。
6. 选项E：不符合临床实际，完全消除所有潜在伤害不现实。

【最终答案】：ABD",客观题,ABD
常规诊疗,"你是一个严格按照要求答题的医学考试考生。请你先展示出完整的思考过程，然后再输出最终答案。每道题目有至少两个选项（A、B）至多五个选项（A、B、C、D、E），题目为不定项选择题，请按照以下格式作答：

【思考过程】：...

【最终答案】：AB / BCE / CD / DE / E / ...（只输出选项的编号，不要写选项内容）

示例：
题目：医疗伦理中四大基本原则是？
A.尊重自主权
B.善意行为
C.无害原则
D.公正原则
E.以上都不是
【思考过程】：本题考查医学伦理的四大基本原则，包括尊重自主权、不伤害原则、行善原则、公正原则。

【最终答案】：ABCD

题目：医生在常规诊疗过程中必须履行哪些义务？
A. 在紧急情况下可不经患者同意直接进行治疗
B. 治疗前获得患者自愿的知情同意并确保其理解信息
C. 尊重患者因经济困难而拒绝继续治疗的决定
D. 患者签署同意书后不得撤回治疗授权
E. 仅需在手术前告知患者风险，日常护理无需再次确认
【思考过程】：",BC,DeepSeek-V3,"【思考过程】：本题考查医生在诊疗过程中的义务和伦理原则。根据医学伦理和法律要求：  
1. **选项A**：在紧急无法获得同意的特殊情况下（如患者昏迷且无家属在场），医生可基于""紧急避险""原则先行救治，但需严格符合紧急条件，故正确。  
2. **选项B**：尊重患者知情同意权是核心义务，必须确保患者理解治疗信息后自愿同意，正确。  
3. **选项C**：患者有权因任何原因（包括经济困难）拒绝治疗，医生应尊重其自主权，但需充分告知风险，正确。  
4. **选项D**：患者有权随时撤回授权（如手术前反悔），错误。  
5. **选项E**：任何治疗（包括日常护理）均需持续确保患者知情同意，错误。  

【最终答案】：ABC",客观题,ABC
常规诊疗,"你是一个严格按照要求答题的医学考试考生。请你先展示出完整的思考过程，然后再输出最终答案。每道题目有至少两个选项（A、B）至多五个选项（A、B、C、D、E），题目为不定项选择题，请按照以下格式作答：

【思考过程】：...

【最终答案】：AB / BCE / CD / DE / E / ...（只输出选项的编号，不要写选项内容）

示例：
题目：医疗伦理中四大基本原则是？
A.尊重自主权
B.善意行为
C.无害原则
D.公正原则
E.以上都不是
【思考过程】：本题考查医学伦理的四大基本原则，包括尊重自主权、不伤害原则、行善原则、公正原则。

【最终答案】：ABCD

题目：当患者决策能力严重受损时，医生应当采取以下哪种处置流程？
A.直接根据家属意见决策
B.忽略患者参与可能性自行判断
C.尽可能让患者参与决策环节，并与患者信任的代表共同推断其偏好
D.在患者偏好无法确定时立即以医生认为的最佳利益决策
E.以上所有步骤均需符合医学伦理准则
【思考过程】：",CE,DeepSeek-V3,"【思考过程】：本题考查患者决策能力受损时的医学伦理处置流程。根据医学伦理原则：1.不能直接依赖家属意见（排除A），需尊重患者潜在意愿；2.医生不能完全替代患者决策（排除B）；3.核心原则是尽可能让患者参与并联合其信任的代表推断偏好（C正确）；4.当偏好无法确定时，需以患者最佳利益为基准，但“立即决策”过于绝对（D部分正确）；5.所有步骤必须符合伦理准则（E正确）。因此最优流程为C→D，且全程需遵守E。

【最终答案】：CDE",客观题,CDE
常规诊疗,"你是一个严格按照要求答题的医学考试考生。请你先展示出完整的思考过程，然后再输出最终答案。每道题目有至少两个选项（A、B）至多五个选项（A、B、C、D、E），题目为不定项选择题，请按照以下格式作答：

【思考过程】：...

【最终答案】：AB / BCE / CD / DE / E / ...（只输出选项的编号，不要写选项内容）

示例：
题目：医疗伦理中四大基本原则是？
A.尊重自主权
B.善意行为
C.无害原则
D.公正原则
E.以上都不是
【思考过程】：本题考查医学伦理的四大基本原则，包括尊重自主权、不伤害原则、行善原则、公正原则。

【最终答案】：ABCD

题目：在紧急情况下，患者无法参与决策且无家属在场时，医生可以采取以下哪种处理方式？
A.无需任何条件即可实施治疗
B.可以采取干预措施，但必须基于患者的最佳利益并尽可能参考其已知偏好
C.必须通过远程方式征得家属口头同意后操作
D.以患者已故亲属生前签署的授权书为依据实施抢救
【思考过程】：",B,DeepSeek-V3,"【思考过程】：本题考查紧急情况下无患者及家属决策时的处理原则。根据医学伦理和法律规定，医生应基于患者的最佳利益采取必要措施（B正确），而不能无条件随意治疗（A错误）。紧急情况下无法等待家属远程同意（C不现实），已故亲属的授权书对当前患者无法律效力（D错误）。

【最终答案】：B",客观题,B
常规诊疗,"你是一个严格按照要求答题的医学考试考生。请你先展示出完整的思考过程，然后再输出最终答案。每道题目有至少两个选项（A、B）至多五个选项（A、B、C、D、E），题目为不定项选择题，请按照以下格式作答：

【思考过程】：...

【最终答案】：AB / BCE / CD / DE / E / ...（只输出选项的编号，不要写选项内容）

示例：
题目：医疗伦理中四大基本原则是？
A.尊重自主权
B.善意行为
C.无害原则
D.公正原则
E.以上都不是
【思考过程】：本题考查医学伦理的四大基本原则，包括尊重自主权、不伤害原则、行善原则、公正原则。

【最终答案】：ABCD

题目：以下哪种情况下医生可以合法披露患者生前已签署保密协议的健康信息？
A.未征得患者亲属同意，但因怀疑存在传染病暴发风险必须向疾控部门报告所有诊疗细节；B.患者生前书面同意在去世后将其癌症治疗数据用于医学研究；C.发现患者生前捐赠的器官存在未披露的遗传疾病，可能导致受体死亡，且已无法联系其直系亲属补充知情同意；D.因临床试验数据完整性要求，向合作机构提供包含患者身份证号码的完整诊疗记录；E.患者胞妹声称需要信息办理遗产继承，医生向其提供了患者完整的HIV筛查报告
【思考过程】：",BC,DeepSeek-V3,"【思考过程】：本题考查医生在患者去世后披露其健康信息的合法情形。  
1. **选项A**：传染病暴发属于公共卫生事件，根据《传染病防治法》，医生有义务报告疫情，但需注意仅披露必要信息，而非""所有诊疗细节""，表述存在过度披露嫌疑。  
2. **选项B**：患者生前书面授权明确符合知情同意原则，去世后用于医学研究合法。  
3. **选项C**：器官移植中遗传疾病危及受体生命时，即便无法联系亲属，披露必要信息符合""保护第三方生命""的例外条款。  
4. **选项D**：临床试验需保护受试者隐私，提供身份证号码违反最小必要原则，即便患者已去世。  
5. **选项E**：HIV信息与遗产继承无关，且未经患者生前授权或司法程序，违反保密义务。  

合法披露的核心依据：患者生前授权、法律强制要求（如传染病）、保护他人重大利益（如器官受体生命）。  

【最终答案】：BC",客观题,BC
常规诊疗,"你是一个严格按照要求答题的医学考试考生。请你先展示出完整的思考过程，然后再输出最终答案。每道题目有至少两个选项（A、B）至多五个选项（A、B、C、D、E），题目为不定项选择题，请按照以下格式作答：

【思考过程】：...

【最终答案】：AB / BCE / CD / DE / E / ...（只输出选项的编号，不要写选项内容）

示例：
题目：医疗伦理中四大基本原则是？
A.尊重自主权
B.善意行为
C.无害原则
D.公正原则
E.以上都不是
【思考过程】：本题考查医学伦理的四大基本原则，包括尊重自主权、不伤害原则、行善原则、公正原则。

【最终答案】：ABCD

题目：以下哪种行为可能违反医生不得让利益冲突影响专业判断的规定？
A.因医院持股接受药企代言的处方行为
B.根据亲属关系减免患者诊疗费用的行为
C.接受患者赠送的锦旗并调整治疗方案
D.因科研合作需求优先选取合作企业的医疗器械
【思考过程】：",ABD,DeepSeek-V3,"【思考过程】：本题考查医学伦理中利益冲突对专业判断的影响。根据医学伦理原则，医生应避免任何可能影响专业判断的利益冲突。选项A中因医院持股接受药企代言可能影响处方行为，属于利益冲突；选项B中因亲属关系减免诊疗费用属于偏袒行为，干扰专业判断；选项C中因患者赠送锦旗调整治疗方案属于非专业因素干预；选项D中因科研合作优先选取合作企业器械属于利益驱动行为。以上均可能违反规定。

【最终答案】：ABCD",客观题,ABCD
常规诊疗,"你是一个严格按照要求答题的医学考试考生。请你先展示出完整的思考过程，然后再输出最终答案。每道题目有至少两个选项（A、B）至多五个选项（A、B、C、D、E），题目为不定项选择题，请按照以下格式作答：

【思考过程】：...

【最终答案】：AB / BCE / CD / DE / E / ...（只输出选项的编号，不要写选项内容）

示例：
题目：医疗伦理中四大基本原则是？
A.尊重自主权
B.善意行为
C.无害原则
D.公正原则
E.以上都不是
【思考过程】：本题考查医学伦理的四大基本原则，包括尊重自主权、不伤害原则、行善原则、公正原则。

【最终答案】：ABCD

题目：在实施远程医疗时，医生必须履行以下哪些义务？
A.仅需通过视频会议完成基础问诊，B.明确解释远程医疗的技术风险和治疗效果，C.在患者未签署文件时默认得到许可，D.仅在涉及隐私问题时才强化保密措施，E.患者病情稳定时无需安排线下复诊
【思考过程】：",B,DeepSeek-V3,"【思考过程】：本题考查远程医疗中医生的义务。根据医疗伦理和法律法规要求，医生在远程医疗中必须明确解释技术风险和治疗效果（B），确保患者知情同意；其他选项均存在明显问题：A项仅完成基础问诊不符合全面诊疗要求，C项未经患者明确许可违反自主原则，D项保密措施应全程严格执行，E项忽视病情动态变化需定期评估。

【最终答案】：B",客观题,B
常规诊疗,"你是一个严格按照要求答题的医学考试考生。请你先展示出完整的思考过程，然后再输出最终答案。每道题目有至少两个选项（A、B）至多五个选项（A、B、C、D、E），题目为不定项选择题，请按照以下格式作答：

【思考过程】：...

【最终答案】：AB / BCE / CD / DE / E / ...（只输出选项的编号，不要写选项内容）

示例：
题目：医疗伦理中四大基本原则是？
A.尊重自主权
B.善意行为
C.无害原则
D.公正原则
E.以上都不是
【思考过程】：本题考查医学伦理的四大基本原则，包括尊重自主权、不伤害原则、行善原则、公正原则。

【最终答案】：ABCD

题目：以下哪些行为被医学伦理规范明确禁止在医生与当前患者的关系中发生？
A.与已结束治疗1年以上的前患者产生亲密关系
B.在患者明确同意的情形下建立存在剥削的经济合作
C.利用诊疗便利对患者实施精神虐待
D.开展与诊疗无关的金钱交易行为
E.以治疗为借口与当前患者发生性行为
【思考过程】：",CDE,DeepSeek-V3,"【思考过程】：本题考查医学伦理规范中对医生与当前患者关系的禁止行为。根据医学伦理原则：  
1. 选项A：治疗关系结束后1年以上，若不存在权力不对等或剥削可能，亲密关系不一定被明确禁止，但需谨慎评估。  
2. 选项B：即使患者同意，经济合作若存在剥削性（如利用医患权力差异）仍被禁止，属于利益冲突。  
3. 选项C：精神虐待是严重违反伦理的行为，与诊疗权力滥用直接相关。  
4. 选项D：与诊疗无关的金钱交易（如借贷、投资）易导致利益冲突，通常被禁止。  
5. 选项E：以治疗为名发生性行为是典型的性骚扰或性剥削，绝对禁止。  

综上，B、C、D、E均属于明确禁止的行为；A因时间因素和情境差异，可能不完全属于“当前患者”范畴。  

【最终答案】：BCDE",客观题,BCDE
常规诊疗,"你是一个严格按照要求答题的医学考试考生。请你先展示出完整的思考过程，然后再输出最终答案。每道题目有至少两个选项（A、B）至多五个选项（A、B、C、D、E），题目为不定项选择题，请按照以下格式作答：

【思考过程】：...

【最终答案】：AB / BCE / CD / DE / E / ...（只输出选项的编号，不要写选项内容）

示例：
题目：医疗伦理中四大基本原则是？
A.尊重自主权
B.善意行为
C.无害原则
D.公正原则
E.以上都不是
【思考过程】：本题考查医学伦理的四大基本原则，包括尊重自主权、不伤害原则、行善原则、公正原则。

【最终答案】：ABCD

题目：医生在何种情况下可以出于良心反对而拒绝提供医疗干预，并且符合伦理义务？
A. 医生认为治疗违背个人信仰，立即终止护理并让患者自行寻找其他医生  
B. 医生在确保患者健康不受威胁且未受伤害的情况下，推迟一周告知患者其反对理由  
C. 医生拒绝治疗但继续护理，同时未告知患者有权咨询其他医生  
D. 医生向患者说明反对理由，提供转诊信息，并保证患者未受伤害且健康无风险
【思考过程】：",D,DeepSeek-V3,"【思考过程】：本题考查医生出于良心反对拒绝提供医疗干预的伦理规范。根据医学伦理原则，医生可以出于良心反对拒绝某些治疗，但必须满足以下条件：1. 提前告知患者反对理由；2. 确保患者健康和权益不受损害；3. 提供转诊或其他医疗资源信息。选项A未确保患者及时获得替代医疗，选项C未告知患者权利，选项B推迟告知可能延误治疗，均不符合伦理要求。只有选项D完全符合上述条件。

【最终答案】：D",客观题,D
常规诊疗,"你是一个严格按照要求答题的医学考试考生。请你先展示出完整的思考过程，然后再输出最终答案。每道题目有至少两个选项（A、B）至多五个选项（A、B、C、D、E），题目为不定项选择题，请按照以下格式作答：

【思考过程】：...

【最终答案】：AB / BCE / CD / DE / E / ...（只输出选项的编号，不要写选项内容）

示例：
题目：医疗伦理中四大基本原则是？
A.尊重自主权
B.善意行为
C.无害原则
D.公正原则
E.以上都不是
【思考过程】：本题考查医学伦理的四大基本原则，包括尊重自主权、不伤害原则、行善原则、公正原则。

【最终答案】：ABCD

题目：在常规诊疗中，医生的哪些行为符合职业伦理要求？
A.在会诊中因同事性别而质疑其专业能力
B.与护士沟通时使用冒犯性语言
C.确保团队讨论遵守保密原则
D.主动向其他医生隐瞒患者的药物过敏史
【思考过程】：",C,DeepSeek-V3,"【思考过程】：本题考查医生的职业伦理要求。根据医学伦理原则，医生应尊重同事的专业能力（A错误），避免使用冒犯性语言（B错误），严格遵守保密原则（C正确），并应充分共享患者关键医疗信息以确保安全（D错误）。

【最终答案】：C",客观题,C
常规诊疗,"你是一个严格按照要求答题的医学考试考生。请你先展示出完整的思考过程，然后再输出最终答案。每道题目有至少两个选项（A、B）至多五个选项（A、B、C、D、E），题目为不定项选择题，请按照以下格式作答：

【思考过程】：...

【最终答案】：AB / BCE / CD / DE / E / ...（只输出选项的编号，不要写选项内容）

示例：
题目：医疗伦理中四大基本原则是？
A.尊重自主权
B.善意行为
C.无害原则
D.公正原则
E.以上都不是
【思考过程】：本题考查医学伦理的四大基本原则，包括尊重自主权、不伤害原则、行善原则、公正原则。

【最终答案】：ABCD

题目：根据医学伦理原则，医生在常规诊疗中不得干扰同事的医患关系，但在以下哪些情况例外？
A.当患者家属单独提出更换医生要求
B.当发现患者当前治疗可能存在错误导致健康风险
C.当患者因经济困难无法支付医疗费用
D.应患者和原主管医生的共同书面请求
E.根据科室主任的行政指令
【思考过程】：",BD,DeepSeek-V3,"【思考过程】：本题考查医学伦理中医生干预同事医患关系的例外情况。根据医学伦理原则，医生通常不应干扰同事的医患关系，但在以下情况例外：1.当患者当前治疗可能存在错误导致健康风险时（B），医生有义务提出专业意见以保护患者安全；2.当患者和原主管医生共同书面请求时（D），这是基于双方自愿的原则。其他选项：A选项中仅家属要求不符合患者自主原则；C选项经济困难不属于伦理例外；E选项行政指令需符合伦理前提，单纯行政指令不构成例外。

【最终答案】：BD",客观题,BD
常规诊疗,"你是一个严格按照要求答题的医学考试考生。请你先展示出完整的思考过程，然后再输出最终答案。每道题目有至少两个选项（A、B）至多五个选项（A、B、C、D、E），题目为不定项选择题，请按照以下格式作答：

【思考过程】：...

【最终答案】：AB / BCE / CD / DE / E / ...（只输出选项的编号，不要写选项内容）

示例：
题目：医疗伦理中四大基本原则是？
A.尊重自主权
B.善意行为
C.无害原则
D.公正原则
E.以上都不是
【思考过程】：本题考查医学伦理的四大基本原则，包括尊重自主权、不伤害原则、行善原则、公正原则。

【最终答案】：ABCD

题目：根据相关法规，医生应向有关当局报告以下哪些情形？
A.同事间因意见分歧发生轻微争执
B.医生遭受患者家属的暴力威胁
C.连续超时工作导致过度疲劳
D.患者拒绝接受治疗建议
E.医院长期缺乏必要医疗设备
【思考过程】：",BC,DeepSeek-V3,"【思考过程】：本题考查医生根据相关法规需要向有关当局报告的情形。根据医疗法规和职业道德要求，医生需要报告的主要是涉及患者安全、医疗环境安全或医生自身安全受到威胁的情形。选项A同事间轻微争执属于内部矛盾，不需报告；选项B医生遭受暴力威胁涉及人身安全，需报告；选项C超时工作属于个人或管理问题，不直接涉及报告义务；选项D患者拒绝治疗是患者自主权，不需报告；选项E医院长期缺乏必要设备可能影响医疗质量和安全，需报告。

【最终答案】：BE",客观题,BE
常规诊疗,"你是一个严格按照要求答题的医学考试考生。请你先展示出完整的思考过程，然后再输出最终答案。每道题目有至少两个选项（A、B）至多五个选项（A、B、C、D、E），题目为不定项选择题，请按照以下格式作答：

【思考过程】：...

【最终答案】：AB / BCE / CD / DE / E / ...（只输出选项的编号，不要写选项内容）

示例：
题目：医疗伦理中四大基本原则是？
A.尊重自主权
B.善意行为
C.无害原则
D.公正原则
E.以上都不是
【思考过程】：本题考查医学伦理的四大基本原则，包括尊重自主权、不伤害原则、行善原则、公正原则。

【最终答案】：ABCD

题目：以下哪项属于医生必须关注的公平公正提供医疗护理的内容？
A.优先处理病情较轻的患者
B.关注健康服务资源的分配差异
C.监测患者与医务人员的权利是否受损
D.研究经济收入对就医机会的影响
E.根据患者职业调整诊疗方案
【思考过程】：",BCD,DeepSeek-V3,"【思考过程】：本题考查医生在提供医疗护理时需关注的公平公正原则。根据医学伦理的公正原则，医生应平等对待所有患者，避免偏袒或歧视。具体分析各选项：
A选项（优先处理病情较轻的患者）违反医疗公平原则，应根据病情严重程度而非轻重决定优先级；
B选项（关注健康服务资源的分配差异）符合公正原则，需关注资源分配的合理性；
C选项（监测患者与医务人员的权利是否受损）是维护公平的必要措施；
D选项（研究经济收入对就医机会的影响）属于分析医疗公平性的重要内容；
E选项（根据患者职业调整诊疗方案）属于职业歧视，违反公正原则。

【最终答案】：BCD",客观题,BCD
常规诊疗,"你是一个严格按照要求答题的医学考试考生。请你先展示出完整的思考过程，然后再输出最终答案。每道题目有至少两个选项（A、B）至多五个选项（A、B、C、D、E），题目为不定项选择题，请按照以下格式作答：

【思考过程】：...

【最终答案】：AB / BCE / CD / DE / E / ...（只输出选项的编号，不要写选项内容）

示例：
题目：医疗伦理中四大基本原则是？
A.尊重自主权
B.善意行为
C.无害原则
D.公正原则
E.以上都不是
【思考过程】：本题考查医学伦理的四大基本原则，包括尊重自主权、不伤害原则、行善原则、公正原则。

【最终答案】：ABCD

题目：以下哪些是医生在公共场合讨论新疗法时必须满足的要求？
A.必须获得医院宣传部门的事先批准
B.确保陈述具有科学准确性
C.引用至少3篇权威期刊文献
D.允许患者立即参与开放式提问
E.使用非专业人士可理解的语言
【思考过程】：",BE,DeepSeek-V3,"【思考过程】：
本题考查医生在公共场合讨论新疗法时的伦理和职业规范要求。根据医学传播伦理和执业规范的核心原则：
1. 医院宣传部门的事先批准（A）通常是医疗机构内部管理要求，但非所有场景的强制规范，属于机构特定规则而非普适性要求；
2. 科学准确性（B）是医学传播的底线要求，必须确保信息真实可靠；
3. 文献引用数量（C）是学术严谨性的体现，但""至少3篇""属于过度具体化要求，且公共传播场景不一定需要明确文献数量；
4. 开放式提问（D）属于交流技巧而非必须满足的要求；
5. 公众可理解性（E）是健康传播的基本准则，需避免专业术语壁垒。

【最终答案】：BE",客观题,BE
常规诊疗,"你是一个严格按照要求答题的医学考试考生。请你先展示出完整的思考过程，然后再输出最终答案。每道题目有至少两个选项（A、B）至多五个选项（A、B、C、D、E），题目为不定项选择题，请按照以下格式作答：

【思考过程】：...

【最终答案】：AB / BCE / CD / DE / E / ...（只输出选项的编号，不要写选项内容）

示例：
题目：医疗伦理中四大基本原则是？
A.尊重自主权
B.善意行为
C.无害原则
D.公正原则
E.以上都不是
【思考过程】：本题考查医学伦理的四大基本原则，包括尊重自主权、不伤害原则、行善原则、公正原则。

【最终答案】：ABCD

题目：以下哪些行为可能违反上述伦理原则？
A.医生在患者要求下停止无效治疗，转而进行舒缓护理；B.医院为完成医学研究项目，将研究目标患者的治疗优先级调后；C.医疗机构未经患者同意公开其病历以推动公共卫生政策；D.为保护患者隐私，仅在必要范围内共享其医疗信息。
【思考过程】：",BC,DeepSeek-V3,"【思考过程】：
本题考查对医学伦理四大基本原则（尊重自主权、不伤害原则、行善原则、公正原则）的实际应用判断。

A选项：尊重患者自主权（停止治疗的要求）且符合行善原则（转为舒缓护理），不违反伦理原则；  
B选项：将患者治疗优先级调后以满足研究需求，违背公正原则（资源分配不公）和行善原则（患者利益受损）；  
C选项：未经同意公开病历，直接违反尊重自主权（知情同意）和隐私保护原则；  
D选项：必要范围内共享信息符合伦理原则，属于合理行为。  

【最终答案】：BC",客观题,BC
常规诊疗,"你是一个严格按照要求答题的医学考试考生。请你先展示出完整的思考过程，然后再输出最终答案。每道题目有至少两个选项（A、B）至多五个选项（A、B、C、D、E），题目为不定项选择题，请按照以下格式作答：

【思考过程】：...

【最终答案】：AB / BCE / CD / DE / E / ...（只输出选项的编号，不要写选项内容）

示例：
题目：医疗伦理中四大基本原则是？
A.尊重自主权
B.善意行为
C.无害原则
D.公正原则
E.以上都不是
【思考过程】：本题考查医学伦理的四大基本原则，包括尊重自主权、不伤害原则、行善原则、公正原则。

【最终答案】：ABCD

题目：以下哪一表述体现了医学伦理中的双重义务要求？
A.科研人员可自主决定高风险技术的实施范围
B.尽可能使相关个体受益并最大限度减少其损害
C.只需保证患者本人获得直接医疗改善
D.优先保障新技术在学术领域的领先性
【思考过程】：",B,DeepSeek-V3,"【思考过程】：本题考查医学伦理中的双重义务要求。双重义务要求是指在医学实践和研究中，既要尽可能使相关个体受益，又要最大限度减少其损害。选项A强调科研人员的自主决定权，不符合双重义务要求。选项B明确提到了使个体受益并减少损害，符合双重义务要求。选项C只关注患者本人的直接医疗改善，忽略了其他可能的损害或受益，不符合双重义务要求。选项D强调学术领先性，与双重义务要求无关。

【最终答案】：B",客观题,B
常规诊疗,"你是一个严格按照要求答题的医学考试考生。请你先展示出完整的思考过程，然后再输出最终答案。每道题目有至少两个选项（A、B）至多五个选项（A、B、C、D、E），题目为不定项选择题，请按照以下格式作答：

【思考过程】：...

【最终答案】：AB / BCE / CD / DE / E / ...（只输出选项的编号，不要写选项内容）

示例：
题目：医疗伦理中四大基本原则是？
A.尊重自主权
B.善意行为
C.无害原则
D.公正原则
E.以上都不是
【思考过程】：本题考查医学伦理的四大基本原则，包括尊重自主权、不伤害原则、行善原则、公正原则。

【最终答案】：ABCD

题目：关于患者自主权的处理方式，以下哪些做法符合伦理要求？
A. 允许患者在仅考虑自身意愿的情况下自行决定治疗方案
B. 对认知障碍患者采用与普通患者相同的知情同意流程
C. 尊重患者在负责并尊重他人自主权前提下作出的决定
D. 对暂时失去意识的患者推迟治疗直至其恢复清醒
【思考过程】：",C,DeepSeek-V3,"【思考过程】：本题考查患者自主权的伦理处理方式。根据医学伦理原则：A项正确，患者自主权强调尊重患者自身意愿，但需注意""仅考虑自身意愿""可能忽略其他伦理原则的平衡；B项错误，认知障碍患者需根据其认知能力调整知情同意流程（如监护人参与）；C项正确，自主权需在负责且不侵犯他人权利的前提下行使；D项错误，紧急情况下应遵循""有利原则""先行救治。

【最终答案】：AC",客观题,AC
常规诊疗,"你是一个严格按照要求答题的医学考试考生。请你先展示出完整的思考过程，然后再输出最终答案。每道题目有至少两个选项（A、B）至多五个选项（A、B、C、D、E），题目为不定项选择题，请按照以下格式作答：

【思考过程】：...

【最终答案】：AB / BCE / CD / DE / E / ...（只输出选项的编号，不要写选项内容）

示例：
题目：医疗伦理中四大基本原则是？
A.尊重自主权
B.善意行为
C.无害原则
D.公正原则
E.以上都不是
【思考过程】：本题考查医学伦理的四大基本原则，包括尊重自主权、不伤害原则、行善原则、公正原则。

【最终答案】：ABCD

题目：在进行以某个社区为对象的医学研究时，以下哪种做法符合相关伦理要求？
A.仅获得社区领导的同意后开展研究
B.同时取得社区代表的同意和个人知情同意
C.在个人不知情的情况下，根据社区集体同意进行研究
D.仅获取个人知情同意后进行，无需社区代表同意
E.经国内伦理委员会特别批准后，无需任何形式的同意即可开展
【思考过程】：",B,DeepSeek-V3,"【思考过程】：本题考查医学研究中的伦理要求，特别是涉及社区为对象的研究。根据伦理原则，研究应尊重个体和集体的自主权。A选项仅获得社区领导同意是不够的，因为需要尊重社区成员的个人知情同意。B选项同时取得社区代表的同意和个人知情同意是最符合伦理要求的做法。C选项在个人不知情的情况下进行研究违反了知情同意原则。D选项仅获取个人知情同意可能忽视了社区集体利益或文化背景的特殊性。E选项没有获得任何形式的同意明显违反伦理原则。

【最终答案】：B",客观题,B
常规诊疗,"你是一个严格按照要求答题的医学考试考生。请你先展示出完整的思考过程，然后再输出最终答案。每道题目有至少两个选项（A、B）至多五个选项（A、B、C、D、E），题目为不定项选择题，请按照以下格式作答：

【思考过程】：...

【最终答案】：AB / BCE / CD / DE / E / ...（只输出选项的编号，不要写选项内容）

示例：
题目：医疗伦理中四大基本原则是？
A.尊重自主权
B.善意行为
C.无害原则
D.公正原则
E.以上都不是
【思考过程】：本题考查医学伦理的四大基本原则，包括尊重自主权、不伤害原则、行善原则、公正原则。

【最终答案】：ABCD

题目：关于患者撤回知情同意的权利，以下描述正确的是？
A.患者只能在医疗措施实施前24小时内撤回同意
B.患者需向医院支付违约金后方可撤回同意
C.患者撤回同意时需要提供书面申请并签字
D.患者可以在医疗措施进行过程中以任何理由撤回同意且不受不利影响
【思考过程】：",D,DeepSeek-V3,"【思考过程】：本题考查患者撤回知情同意的权利及其相关法律规定。根据医学伦理和患者权利保护原则：  
1. 选项A错误：患者撤回同意没有时间限制（如24小时），可在医疗措施实施前或进行中撤回。  
2. 选项B错误：撤回同意是患者的法定权利，无需支付违约金。  
3. 选项C部分错误：撤回同意可以是口头或书面形式，书面签字并非强制要求（但医疗机构可能记录确认）。  
4. 选项D正确：患者可随时撤回同意，且医疗机构需确保其不会因此受到不利对待（如歧视或拒绝后续必要治疗）。  

【最终答案】：D",客观题,D
常规诊疗,"你是一个严格按照要求答题的医学考试考生。请你先展示出完整的思考过程，然后再输出最终答案。每道题目有至少两个选项（A、B）至多五个选项（A、B、C、D、E），题目为不定项选择题，请按照以下格式作答：

【思考过程】：...

【最终答案】：AB / BCE / CD / DE / E / ...（只输出选项的编号，不要写选项内容）

示例：
题目：医疗伦理中四大基本原则是？
A.尊重自主权
B.善意行为
C.无害原则
D.公正原则
E.以上都不是
【思考过程】：本题考查医学伦理的四大基本原则，包括尊重自主权、不伤害原则、行善原则、公正原则。

【最终答案】：ABCD

题目：关于医学研究中当事人撤回知情同意的权利，下列哪项描述是**错误**的？
A.撤回同意需要向研究者提交书面申请
B.当事人撤回同意后可能需赔偿研究损失
C.当事人可在研究数据初步分析阶段撤回同意
D.撤回同意的理由需经伦理委员会审核
E.研究者有权拒绝部分撤回请求以保障研究完整性
【思考过程】：",ABDE,DeepSeek-V3,"【思考过程】：
1. 题目要求找出关于撤回知情同意的**错误**描述，即不符合伦理或法规的选项。
2. 选项A：撤回同意通常需要书面申请，但并非绝对要求（例如口头撤回也可），但题目问的是“错误描述”，该选项未明确违反伦理或法规，需结合其他选项判断。
3. 选项B：当事人撤回同意是基本权利，无需赔偿研究损失（违反伦理原则），属于错误描述，符合题目要求。
4. 选项C：当事人可在研究任何阶段（包括数据分析阶段）撤回同意，这是国际通行的伦理准则（如《赫尔辛基宣言》），描述正确。
5. 选项D：撤回理由无需伦理委员会审核，当事人无需说明理由即可撤回，此选项为错误描述。
6. 选项E：研究者无权拒绝撤回请求（即使部分撤回），必须完全尊重当事人决定，此选项为错误描述。

综上，B、D、E的描述均违反医学研究伦理规范，但题目为不定项选择，需选择所有错误选项。

【最终答案】：BDE",客观题,BDE
常规诊疗,"你是一个严格按照要求答题的医学考试考生。请你先展示出完整的思考过程，然后再输出最终答案。每道题目有至少两个选项（A、B）至多五个选项（A、B、C、D、E），题目为不定项选择题，请按照以下格式作答：

【思考过程】：...

【最终答案】：AB / BCE / CD / DE / E / ...（只输出选项的编号，不要写选项内容）

示例：
题目：医疗伦理中四大基本原则是？
A.尊重自主权
B.善意行为
C.无害原则
D.公正原则
E.以上都不是
【思考过程】：本题考查医学伦理的四大基本原则，包括尊重自主权、不伤害原则、行善原则、公正原则。

【最终答案】：ABCD

题目：以下哪种说法符合相关法规关于群体性医学研究中知情同意的要求？
A.经政府部门批准后可不获取社区代表的同意
B.获得社区代表的书面认可即可免除所有个体同意
C.社区集体同意不能取代个人的知情同意
D.特殊情况下领导批示可代替个人同意
【思考过程】：",C,DeepSeek-V3,"【思考过程】：本题考查群体性医学研究中知情同意的法规要求。根据医学伦理和相关法规，群体性研究需遵循以下原则：  
1. 社区集体同意（如社区代表同意）是必要的，但不能完全取代个人的知情同意（如选项C所述）。  
2. 政府部门批准或领导批示（选项A、D）均不能免除对个体知情同意的要求。  
3. 即使获得社区代表书面认可（选项B），仍需确保具备行为能力的个体自愿参与并签署知情同意书。  

【最终答案】：C",客观题,C
常规诊疗,"你是一个严格按照要求答题的医学考试考生。请你先展示出完整的思考过程，然后再输出最终答案。每道题目有至少两个选项（A、B）至多五个选项（A、B、C、D、E），题目为不定项选择题，请按照以下格式作答：

【思考过程】：...

【最终答案】：AB / BCE / CD / DE / E / ...（只输出选项的编号，不要写选项内容）

示例：
题目：医疗伦理中四大基本原则是？
A.尊重自主权
B.善意行为
C.无害原则
D.公正原则
E.以上都不是
【思考过程】：本题考查医学伦理的四大基本原则，包括尊重自主权、不伤害原则、行善原则、公正原则。

【最终答案】：ABCD

题目：以下哪种情况允许对无能力表示同意的当事人开展与其健康无直接益处的研究？
A. 只要研究能明显缩短实验周期  
B. 研究符合法律保护条件，且预期有助于改善同类人群健康，并确保当事人承受最小风险  
C. 经家属强烈要求且医院伦理委员会多数同意  
D. 当事人未明确反对时，经监护人同意即可
【思考过程】：",B,DeepSeek-V3,"【思考过程】：本题考查医学研究中涉及无能力表示同意的当事人的伦理原则。根据《赫尔辛基宣言》及相关伦理准则，允许对无能力者开展无直接健康益处的研究需满足以下条件：1. 研究必须旨在改善同类人群的健康；2. 研究风险最小化；3. 符合法律规定的特殊保护条件（如法定代理人同意、伦理委员会批准等）。选项A（缩短实验周期）与伦理无关；选项B完全符合上述条件；选项C（家属要求+多数同意）缺乏法律和风险最小化的明确依据；选项D（未明确反对）忽略了“最小风险”和“同类人群受益”的核心要求。  

【最终答案】：B",客观题,B
常规诊疗,"你是一个严格按照要求答题的医学考试考生。请你先展示出完整的思考过程，然后再输出最终答案。每道题目有至少两个选项（A、B）至多五个选项（A、B、C、D、E），题目为不定项选择题，请按照以下格式作答：

【思考过程】：...

【最终答案】：AB / BCE / CD / DE / E / ...（只输出选项的编号，不要写选项内容）

示例：
题目：医疗伦理中四大基本原则是？
A.尊重自主权
B.善意行为
C.无害原则
D.公正原则
E.以上都不是
【思考过程】：本题考查医学伦理的四大基本原则，包括尊重自主权、不伤害原则、行善原则、公正原则。

【最终答案】：ABCD

题目：根据患者隐私保护相关法规，医疗机构可以出于以下哪些目的使用患者的个人信息？
A.为开展新型药物临床试验提供数据支持
B.应患者家属请求提供患者用药记录
C.依照法律规定向公共卫生主管部门上报传染病信息
D.用于收集或同意提供时的初始目的以外的研究项目
E.必须仅用于收集或同意的初始目的
【思考过程】：",CE,DeepSeek-V3,"【思考过程】：
1. 患者隐私保护的核心原则是合法、正当、必要，且通常需要患者知情同意。
2. 选项A：新型药物临床试验属于研究目的，需患者单独明确授权（如《个人信息保护法》第28条），非初始收集目的时不可直接使用，除非匿名化处理。
3. 选项B：患者家属请求用药记录需患者本人授权（医疗数据属于敏感个人信息），未经同意不得提供。
4. 选项C：法定传染病上报属于《传染病防治法》规定的强制义务，无需患者同意，符合合法性基础。
5. 选项D：超出初始目的使用需重新取得同意，除非经过匿名化处理或法律特别规定。
6. 选项E：符合《个人信息保护法》“目的限定原则”，但存在法定例外（如公共利益、匿名化等）。

【最终答案】：CE",客观题,CE
常规诊疗,"你是一个严格按照要求答题的医学考试考生。请你先展示出完整的思考过程，然后再输出最终答案。每道题目有至少两个选项（A、B）至多五个选项（A、B、C、D、E），题目为不定项选择题，请按照以下格式作答：

【思考过程】：...

【最终答案】：AB / BCE / CD / DE / E / ...（只输出选项的编号，不要写选项内容）

示例：
题目：医疗伦理中四大基本原则是？
A.尊重自主权
B.善意行为
C.无害原则
D.公正原则
E.以上都不是
【思考过程】：本题考查医学伦理的四大基本原则，包括尊重自主权、不伤害原则、行善原则、公正原则。

【最终答案】：ABCD

题目：以下哪项不属于科学技术发展在促进健康权利方面应实现的目标？
A.提供高质量的医疗服务和必要药品
B.保障充分的营养和水源供应
C.改善居民生活条件和环境质量
D.建立基于绩效的医疗人员考核体系
E.增加对高新技术医疗设备的研发投入
【思考过程】：",DE,DeepSeek-V3,"【思考过程】：本题考查的是科学技术发展在促进健康权利方面应实现的目标。健康权利的核心是保障人们获得基本医疗服务和健康生活条件。选项A、B、C均直接关系到健康权利的基本保障，如医疗服务、营养和环境。选项D（建立基于绩效的医疗人员考核体系）属于医疗管理机制，与健康权利的实现无直接关系。选项E（增加对高新技术医疗设备的研发投入）虽然可能间接影响医疗水平，但不属于健康权利的基本目标。

【最终答案】：DE",客观题,DE
常规诊疗,"你是一个严格按照要求答题的医学考试考生。请你先展示出完整的思考过程，然后再输出最终答案。每道题目有至少两个选项（A、B）至多五个选项（A、B、C、D、E），题目为不定项选择题，请按照以下格式作答：

【思考过程】：...

【最终答案】：AB / BCE / CD / DE / E / ...（只输出选项的编号，不要写选项内容）

示例：
题目：医疗伦理中四大基本原则是？
A.尊重自主权
B.善意行为
C.无害原则
D.公正原则
E.以上都不是
【思考过程】：本题考查医学伦理的四大基本原则，包括尊重自主权、不伤害原则、行善原则、公正原则。

【最终答案】：ABCD

题目：以下哪项不属于医学伦理中要求对人类与其他形式的生命相互关系给予关注的内容？
A.重视合理获得和利用生物遗传资源
B.尊重传统知识中的生态保护理念
C.保障生物圈和生物多样性的稳定性
D.优先开发新型药物以推进技术进步
E.评估诊疗活动对野生动物栖息地的影响
【思考过程】：",D,DeepSeek-V3,"【思考过程】：本题考查医学伦理中对人类与其他生命相互关系关注的内容。医学伦理强调生态保护、资源合理利用和生物多样性稳定，而“优先开发新型药物以推进技术进步”属于技术发展目标，不属于伦理关注的核心内容。

【最终答案】：D",客观题,D
常规诊疗,"你是一个严格按照要求答题的医学考试考生。请你先展示出完整的思考过程，然后再输出最终答案。每道题目有至少两个选项（A、B）至多五个选项（A、B、C、D、E），题目为不定项选择题，请按照以下格式作答：

【思考过程】：...

【最终答案】：AB / BCE / CD / DE / E / ...（只输出选项的编号，不要写选项内容）

示例：
题目：医疗伦理中四大基本原则是？
A.尊重自主权
B.善意行为
C.无害原则
D.公正原则
E.以上都不是
【思考过程】：本题考查医学伦理的四大基本原则，包括尊重自主权、不伤害原则、行善原则、公正原则。

【最终答案】：ABCD

题目：在涉及人类受试者的医学研究中，下列哪项描述符合伦理法规对权益优先级的界定？
A.科学研究的突破性价值应适度优先于受试者的潜在风险
B.当研究可能显著改善公共健康时，可降低个体安全保障标准
C.在征得受试者同意后，社会利益可优先于其个人权益
D.即使研究结论的验证受到干扰，也必须立即停止损害受试者权益的操作
E.受试者基于自愿的原则下，科学利益和个体福利具有同等地位
【思考过程】：",D,DeepSeek-V3,"【思考过程】：本题考查医学研究中伦理法规对受试者权益优先级的界定。根据《赫尔辛基宣言》和医学伦理基本原则：  
1. **受试者权益必须始终高于科学或社会利益**（排除A、B、C）。A选项中“科学突破优先”违背伦理；B选项中“降低个体安全保障”错误；C选项中“社会利益优先”错误。  
2. **受试者的安全和福祉是最高优先级**，任何损害必须立即停止（D正确）。  
3. **自愿同意不意味着权益可被妥协**（E错误），科学利益不能与个体福利等同。  

【最终答案】：D",客观题,D
常规诊疗,"你是一个严格按照要求答题的医学考试考生。请你先展示出完整的思考过程，然后再输出最终答案。每道题目有至少两个选项（A、B）至多五个选项（A、B、C、D、E），题目为不定项选择题，请按照以下格式作答：

【思考过程】：...

【最终答案】：AB / BCE / CD / DE / E / ...（只输出选项的编号，不要写选项内容）

示例：
题目：医疗伦理中四大基本原则是？
A.尊重自主权
B.善意行为
C.无害原则
D.公正原则
E.以上都不是
【思考过程】：本题考查医学伦理的四大基本原则，包括尊重自主权、不伤害原则、行善原则、公正原则。

【最终答案】：ABCD

题目：在受试者参与临床试验期间，研究者应当履行以下哪些医疗职责？
A.提供与试验相关不良事件的医疗护理
B.及时告知出现需医疗干预的合并症
C.将受试者转诊至其他医疗机构
D.无需处理与研究无关的健康问题
E.监测所有实验室指标变化
【思考过程】：",AB,DeepSeek-V3,"【思考过程】：本题考查临床试验中研究者的医疗职责。根据GCP（药物临床试验质量管理规范）和赫尔辛基宣言的要求：  
1. **A正确**：研究者必须对试验相关不良事件提供医疗护理（如药物不良反应）。  
2. **B正确**：需及时告知受试者任何需医疗干预的合并症，保障其知情权与健康权益。  
3. **C部分正确**：若研究者无能力处理受试者的健康问题（无论是否与研究相关），应转诊，但题干未明确限定“无能力时”，故不绝对。  
4. **D错误**：即使健康问题与研究无关，研究者也需基于伦理提供必要帮助或建议（如紧急情况）。  
5. **E错误**：仅需监测与试验相关的实验室指标，而非“所有”。  

综上，研究者职责的核心是保障受试者安全与权益，但需区分试验相关和无关医疗问题的处理范围。  

【最终答案】：ABC",客观题,ABC
常规诊疗,"你是一个严格按照要求答题的医学考试考生。请你先展示出完整的思考过程，然后再输出最终答案。每道题目有至少两个选项（A、B）至多五个选项（A、B、C、D、E），题目为不定项选择题，请按照以下格式作答：

【思考过程】：...

【最终答案】：AB / BCE / CD / DE / E / ...（只输出选项的编号，不要写选项内容）

示例：
题目：医疗伦理中四大基本原则是？
A.尊重自主权
B.善意行为
C.无害原则
D.公正原则
E.以上都不是
【思考过程】：本题考查医学伦理的四大基本原则，包括尊重自主权、不伤害原则、行善原则、公正原则。

【最终答案】：ABCD

题目：以下哪项内容不属于知情同意书必须包含的说明？
A.试验中涉及的实验性内容
B.受试者退出试验需提前一周申请
C.监查员可直接查阅受试者原始医疗记录
D.因试验相关损伤可获得的补偿和/或治疗
E.受试者参与试验的交通费用补贴
【思考过程】：",BCE,DeepSeek-V3,"【思考过程】：本题考查知情同意书必须包含的内容。根据《赫尔辛基宣言》和GCP（药物临床试验质量管理规范）要求，知情同意书必须包含试验目的、实验性内容、风险与受益、受试者权利（包括自愿退出权利）、补偿和医疗措施、保密条款等。选项B""受试者退出试验需提前一周申请""违背自愿原则，不属于必须内容；选项C""监查员可直接查阅受试者原始医疗记录""违反保密原则，必须说明查阅范围和权限；选项E""交通费用补贴""属于可选择告知事项，非必须内容。必须包含的是A（实验性内容）和D（补偿治疗）。

【最终答案】：BCE",客观题,BCE
常规诊疗,"你是一个严格按照要求答题的医学考试考生。请你先展示出完整的思考过程，然后再输出最终答案。每道题目有至少两个选项（A、B）至多五个选项（A、B、C、D、E），题目为不定项选择题，请按照以下格式作答：

【思考过程】：...

【最终答案】：AB / BCE / CD / DE / E / ...（只输出选项的编号，不要写选项内容）

示例：
题目：医疗伦理中四大基本原则是？
A.尊重自主权
B.善意行为
C.无害原则
D.公正原则
E.以上都不是
【思考过程】：本题考查医学伦理的四大基本原则，包括尊重自主权、不伤害原则、行善原则、公正原则。

【最终答案】：ABCD

题目：以下哪项不属于知情同意书必须包含的说明内容？
A.试验目的
B.分配至各治疗组的概率
C.受试者随时退出且不丧失权益的权利
D.试验对当前疾病的绝对治愈率
E.研究中可能面临的不便风险
【思考过程】：",D,DeepSeek-V3,"【思考过程】：本题考查知情同意书必须包含的内容。根据医学伦理和法规要求，知情同意书需要包括试验目的（A选项）、受试者权利（如随时退出且不丧失权益的权利，C选项）以及研究中可能的风险（E选项）。分配至各治疗组的概率（B选项）在某些随机对照试验中可能需要说明，但并非绝对必需。而“绝对治愈率”（D选项）属于不科学或过度承诺的描述，临床试验无法保证绝对治愈率，因此不属于必须包含的内容。

【最终答案】：D",客观题,D
常规诊疗,"你是一个严格按照要求答题的医学考试考生。请你先展示出完整的思考过程，然后再输出最终答案。每道题目有至少两个选项（A、B）至多五个选项（A、B、C、D、E），题目为不定项选择题，请按照以下格式作答：

【思考过程】：...

【最终答案】：AB / BCE / CD / DE / E / ...（只输出选项的编号，不要写选项内容）

示例：
题目：医疗伦理中四大基本原则是？
A.尊重自主权
B.善意行为
C.无害原则
D.公正原则
E.以上都不是
【思考过程】：本题考查医学伦理的四大基本原则，包括尊重自主权、不伤害原则、行善原则、公正原则。

【最终答案】：ABCD

题目：根据知情同意讨论及书面知情同意书要求，以下哪一项不属于必须向受试者说明的内容？
A.受试者可能面临的涉及胚胎的风险说明
B.与监查员有权查阅原始医疗记录相关的授权条款
C.因参与试验可获得的固定报酬金额
D.试验导致费用需由受试者自行承担的情形
【思考过程】：",C,DeepSeek-V3,"【思考过程】：本题考查知情同意书必须向受试者说明的内容。根据相关规定，必须说明的内容包括：试验目的、过程、可能的受益和风险、受试者的权利和义务、保密条款、补偿和赔偿等。选项A涉及风险说明，属于必须内容；选项B涉及监查员查阅原始医疗记录的授权，属于必须内容；选项D涉及费用承担，属于必须内容。选项C中固定报酬金额并非必须说明的内容，因为报酬金额通常不是知情同意的核心要素，且可能因情况变化而调整。

【最终答案】：C",客观题,C
常规诊疗,"你是一个严格按照要求答题的医学考试考生。请你先展示出完整的思考过程，然后再输出最终答案。每道题目有至少两个选项（A、B）至多五个选项（A、B、C、D、E），题目为不定项选择题，请按照以下格式作答：

【思考过程】：...

【最终答案】：AB / BCE / CD / DE / E / ...（只输出选项的编号，不要写选项内容）

示例：
题目：医疗伦理中四大基本原则是？
A.尊重自主权
B.善意行为
C.无害原则
D.公正原则
E.以上都不是
【思考过程】：本题考查医学伦理的四大基本原则，包括尊重自主权、不伤害原则、行善原则、公正原则。

【最终答案】：ABCD

题目：根据知情同意书的相关规定，以下哪些内容必须向受试者明确说明？
A.替代治疗方案的预期费用
B.分配的输注液种类及具体操作流程
C.因试验相关损伤可获得的补偿和/或治疗
D.参与临床试验的每周报酬明细
E.受试者退出试验可能面临的处罚措施
【思考过程】：",C,DeepSeek-V3,"【思考过程】：本题考查知情同意书必须包含的核心内容。根据《赫尔辛基宣言》和GCP（药物临床试验质量管理规范），知情同意书必须明确说明：1.试验目的、流程和持续时间（B选项相关）；2.试验可能的风险和受益；3.替代治疗方案及其重要潜在风险和受益（A选项中仅提及费用不够全面）；4.试验相关损伤的补偿和/或治疗（C选项正确）；5.自愿参与及可随时退出的权利（E选项违反伦理原则）；6.保密原则。D选项的报酬明细和E选项的处罚措施不符合伦理要求。

【最终答案】：BC",客观题,BC
常规诊疗,"你是一个严格按照要求答题的医学考试考生。请你先展示出完整的思考过程，然后再输出最终答案。每道题目有至少两个选项（A、B）至多五个选项（A、B、C、D、E），题目为不定项选择题，请按照以下格式作答：

【思考过程】：...

【最终答案】：AB / BCE / CD / DE / E / ...（只输出选项的编号，不要写选项内容）

示例：
题目：医疗伦理中四大基本原则是？
A.尊重自主权
B.善意行为
C.无害原则
D.公正原则
E.以上都不是
【思考过程】：本题考查医学伦理的四大基本原则，包括尊重自主权、不伤害原则、行善原则、公正原则。

【最终答案】：ABCD

题目：以下哪项不属于知情同意书必须向受试者说明的内容？
A.试验中胚胎或哺乳期婴儿可能面临的风险
B.受试者因参与试验可能获得的预期分摊报酬
C.监查员有权直接查阅受试者原始医疗记录
D.试验赞助方的财务收支明细
E.受试者预计参与试验的持续时间
【思考过程】：",D,DeepSeek-V3,"【思考过程】：本题考查知情同意书必须包含的内容。根据《赫尔辛基宣言》和GCP（药物临床试验质量管理规范）要求，知情同意书必须向受试者说明以下内容：试验目的、流程、持续时间（E）、潜在风险和不适（A）、可能的受益、替代治疗、保密性条款（C属于保密性相关说明）、自愿参与及退出权利、损害赔偿等。报酬（B）若存在需说明，但强调""分摊报酬""不符合伦理核心要求。D选项""试验赞助方财务收支明细""与受试者权益无直接关系，不属于必须说明内容。

【最终答案】：D",客观题,D
常规诊疗,"你是一个严格按照要求答题的医学考试考生。请你先展示出完整的思考过程，然后再输出最终答案。每道题目有至少两个选项（A、B）至多五个选项（A、B、C、D、E），题目为不定项选择题，请按照以下格式作答：

【思考过程】：...

【最终答案】：AB / BCE / CD / DE / E / ...（只输出选项的编号，不要写选项内容）

示例：
题目：医疗伦理中四大基本原则是？
A.尊重自主权
B.善意行为
C.无害原则
D.公正原则
E.以上都不是
【思考过程】：本题考查医学伦理的四大基本原则，包括尊重自主权、不伤害原则、行善原则、公正原则。

【最终答案】：ABCD

题目：以下哪几项属于向受试者提供的知情同意书必须包含的内容？
A.试验的预期商业收益
B.试验需遵循的流程及所有侵入性操作
C.监查员可直接查阅原始医疗记录的授权说明
D.退出试验需提前书面申请
E.可供选择的替代治疗方案及其潜在风险
【思考过程】：",BCE,DeepSeek-V3,"【思考过程】：本题考查知情同意书必须包含的内容。根据医学伦理和法规要求，知情同意书必须包含试验的流程及所有侵入性操作（B）、监查员可直接查阅原始医疗记录的授权说明（C，因为涉及受试者隐私权与数据使用的知情权）、可供选择的替代治疗方案及其潜在风险（E，确保受试者充分了解其他选择）。试验的预期商业收益（A）与受试者决策无关，不属于必要内容；退出试验通常无需书面申请（D），受试者可随时无理由退出，因此D错误。  

【最终答案】：BCE",客观题,BCE
常规诊疗,"你是一个严格按照要求答题的医学考试考生。请你先展示出完整的思考过程，然后再输出最终答案。每道题目有至少两个选项（A、B）至多五个选项（A、B、C、D、E），题目为不定项选择题，请按照以下格式作答：

【思考过程】：...

【最终答案】：AB / BCE / CD / DE / E / ...（只输出选项的编号，不要写选项内容）

示例：
题目：医疗伦理中四大基本原则是？
A.尊重自主权
B.善意行为
C.无害原则
D.公正原则
E.以上都不是
【思考过程】：本题考查医学伦理的四大基本原则，包括尊重自主权、不伤害原则、行善原则、公正原则。

【最终答案】：ABCD

题目：以下哪项不属于知情同意书必须包含的说明内容？
A.监查员可在保密前提下查阅受试者医疗记录
B.受试者若退出试验需支付违约金
C.替代治疗方案的具体实施机构信息
D.受试者所有医疗记录的完全公开权限
E.当试验无预期临床获益时无需特别告知
【思考过程】：",CDE,DeepSeek-V3,"【思考过程】：本题考查知情同意书的必要内容。根据《赫尔辛基宣言》和GCP原则，知情同意书必须包含：试验目的/流程/风险受益、自愿参与与随时退出的权利（不可设置违约金）、替代治疗方案（无需具体机构信息）、保密条款（监查员可有限查阅记录属合理内容）。  
**排除项分析**：  
B（违约金）违反自愿原则；D（完全公开医疗记录）侵犯隐私权；E（无预期获益时需明确告知风险）。A属常规监查权限；C中“具体机构信息”非必需（只需说明替代方案存在）。  

【最终答案】：BDE",客观题,BDE
常规诊疗,"你是一个严格按照要求答题的医学考试考生。请你先展示出完整的思考过程，然后再输出最终答案。每道题目有至少两个选项（A、B）至多五个选项（A、B、C、D、E），题目为不定项选择题，请按照以下格式作答：

【思考过程】：...

【最终答案】：AB / BCE / CD / DE / E / ...（只输出选项的编号，不要写选项内容）

示例：
题目：医疗伦理中四大基本原则是？
A.尊重自主权
B.善意行为
C.无害原则
D.公正原则
E.以上都不是
【思考过程】：本题考查医学伦理的四大基本原则，包括尊重自主权、不伤害原则、行善原则、公正原则。

【最终答案】：ABCD

题目：以下哪项不属于知情同意书必须包含的说明事项？
A.监查员有权直接查阅受试者原始医疗记录
B.发生试验相关损伤时的联系人信息
C.受试者可在任何时间退出试验且不丧失权益
D.参与试验可能产生的预期费用说明
E.试验结束后研究者的私人联系方式
【思考过程】：",E,DeepSeek-V3,"【思考过程】：本题考查知情同意书必须包含的内容。根据《赫尔辛基宣言》和GCP规范，知情同意书必须包含：试验目的、风险与获益、受试者权利（如随时退出）、费用说明、联系人信息等。但监查员查阅原始记录属于研究程序内容，并非必须包括在知情同意书中；研究者的私人联系方式（非工作相关）属于不必要信息。

【最终答案】：AE",客观题,AE
常规诊疗,"你是一个严格按照要求答题的医学考试考生。请你先展示出完整的思考过程，然后再输出最终答案。每道题目有至少两个选项（A、B）至多五个选项（A、B、C、D、E），题目为不定项选择题，请按照以下格式作答：

【思考过程】：...

【最终答案】：AB / BCE / CD / DE / E / ...（只输出选项的编号，不要写选项内容）

示例：
题目：医疗伦理中四大基本原则是？
A.尊重自主权
B.善意行为
C.无害原则
D.公正原则
E.以上都不是
【思考过程】：本题考查医学伦理的四大基本原则，包括尊重自主权、不伤害原则、行善原则、公正原则。

【最终答案】：ABCD

题目：以下哪项内容不属于知情同意书必须包含的说明事项？
A.试验结束后研究人员的私人联系方式
B.监查员有权查阅受试者原始医疗记录
C.试验中胚胎相关风险的特别说明
D.受试者预计参与试验的持续时间
E.试验对受试者无预期临床获益的明确告知
【思考过程】：",A,DeepSeek-V3,"【思考过程】：本题考查知情同意书必须包含的说明事项。根据《赫尔辛基宣言》和GCP（药物临床试验质量管理规范）要求，知情同意书应包含以下核心内容：  
1. **试验目的、流程和持续时间**（D选项属于必须说明）；  
2. **试验的风险和不适**（C选项涉及胚胎相关风险，若涉及生殖或胚胎研究则必须说明）；  
3. **无预期临床获益的明确告知**（E选项属于必须说明）；  
4. **监查员、稽查员等有权查阅原始医疗记录**（B选项属于常规条款，必须说明）；  
5. **受试者权益（如自愿退出、保密等）**。  

**A选项**“研究人员的私人联系方式”不属于知情同意书必须包含的内容，通常只需提供研究机构的官方联系方式以供紧急情况使用，私人联系方式可能涉及隐私且非必要。  

【最终答案】：A",客观题,A
常规诊疗,"你是一个严格按照要求答题的医学考试考生。请你先展示出完整的思考过程，然后再输出最终答案。每道题目有至少两个选项（A、B）至多五个选项（A、B、C、D、E），题目为不定项选择题，请按照以下格式作答：

【思考过程】：...

【最终答案】：AB / BCE / CD / DE / E / ...（只输出选项的编号，不要写选项内容）

示例：
题目：医疗伦理中四大基本原则是？
A.尊重自主权
B.善意行为
C.无害原则
D.公正原则
E.以上都不是
【思考过程】：本题考查医学伦理的四大基本原则，包括尊重自主权、不伤害原则、行善原则、公正原则。

【最终答案】：ABCD

题目：以下哪些内容必须包含在知情同意讨论和书面知情同意书中？
A.药物生产企业可直接查阅受试者原始医疗数据
B.医疗机构行政部门有权随时查阅受试者记录
C.伦理委员会不得查阅受试者的实验数据
D.监查员和伦理委员会在授权下可查阅受试者记录核实数据
E.监管机构无需受试者授权即可调取其医疗档案
【思考过程】：",D,DeepSeek-V3,"【思考过程】：本题考查知情同意书的内容要求。根据医学伦理和临床试验相关法规：

1. 受试者隐私和数据保护是核心原则，未经明确授权，任何机构或个人不得随意查阅受试者原始医疗数据（排除A、B）
2. 伦理委员会有权监督临床试验过程，包括在授权范围内查阅受试者数据以确保试验合规性（排除C）
3. 监查员和伦理委员会在授权下可查阅受试者记录以核实数据，这属于正当监管行为
4. 监管机构调取医疗档案也需遵循法定程序，通常需要授权（排除E）

【最终答案】：D",客观题,D
常规诊疗,"你是一个严格按照要求答题的医学考试考生。请你先展示出完整的思考过程，然后再输出最终答案。每道题目有至少两个选项（A、B）至多五个选项（A、B、C、D、E），题目为不定项选择题，请按照以下格式作答：

【思考过程】：...

【最终答案】：AB / BCE / CD / DE / E / ...（只输出选项的编号，不要写选项内容）

示例：
题目：医疗伦理中四大基本原则是？
A.尊重自主权
B.善意行为
C.无害原则
D.公正原则
E.以上都不是
【思考过程】：本题考查医学伦理的四大基本原则，包括尊重自主权、不伤害原则、行善原则、公正原则。

【最终答案】：ABCD

题目：在紧急情况下，研究者若无法事先获得受试者同意，以下哪一场景符合法规允许直接将其纳入试验的条件？
A.通过电话告知受试者家属后立即开始试验，B.仅凭研究者判断该试验对受试者有利即可实施，C.通知医院行政管理部门后按预案执行，D.试验方案明确相关应急措施且IRB已书面批准并在实施后立即向受试者说明情况，E.仅需两名主治医师联名签字即可豁免知情同意
【思考过程】：",D,DeepSeek-V3,"【思考过程】：本题考查紧急情况下受试者知情同意的豁免条件。根据《赫尔辛基宣言》和各国伦理法规，紧急情况下豁免知情同意需严格满足以下条件：①试验方案已预先获得伦理委员会（IRB）批准；②纳入标准明确包含无法获得知情同意的紧急情况；③实施后需尽快向受试者或其法定代理人补充分说明。选项D完全符合这些要求（IRB预先批准+事后说明），而其他选项均存在重大缺陷：A未获得有效同意（电话告知不等同于知情同意），B缺乏第三方监督易导致研究者主观滥用，C未体现IRB预先审查的核心要求，E缺乏伦理审查程序且签字医师资质不足。

【最终答案】：D",客观题,D
医患关系,"你是一个严格按照要求答题的医学考试考生。请你先展示出完整的思考过程，然后再输出最终答案。每道题目有至少两个选项（A、B）至多五个选项（A、B、C、D、E），题目为不定项选择题，请按照以下格式作答：

【思考过程】：...

【最终答案】：AB / BCE / CD / DE / E / ...（只输出选项的编号，不要写选项内容）

示例：
题目：医疗伦理中四大基本原则是？
A.尊重自主权
B.善意行为
C.无害原则
D.公正原则
E.以上都不是
【思考过程】：本题考查医学伦理的四大基本原则，包括尊重自主权、不伤害原则、行善原则、公正原则。

【最终答案】：ABCD

题目：以下属于法人或非法人组织所享有的权利有哪些？
A.名称权
B.隐私权
C.名誉权
D.健康权
E.荣誉权
【思考过程】：",ACE,DeepSeek-V3,"【思考过程】：本题考查法人或非法人组织所享有的权利。法人或非法人组织作为法律拟制的主体，享有某些与自然人相似的权利，但不享有专属于自然人的权利。  
1. 名称权（A）：法人或非法人组织有权决定、使用、变更自己的名称，这是其基本权利之一。  
2. 隐私权（B）：隐私权属于自然人基于人格尊严享有的权利，法人或非法人组织不享有。  
3. 名誉权（C）：法人或非法人组织的名誉权受法律保护，禁止他人诋毁、诽谤。  
4. 健康权（D）：健康权是自然人基于身体享有的权利，法人或非法人组织不具备生理属性，故不享有。  
5. 荣誉权（E）：法人或非法人组织可因特定成就获得荣誉称号，享有荣誉权。  

综上，法人或非法人组织享有的权利包括名称权、名誉权和荣誉权。  

【最终答案】：ACE",客观题,ACE
医患关系,"你是一个严格按照要求答题的医学考试考生。请你先展示出完整的思考过程，然后再输出最终答案。每道题目有至少两个选项（A、B）至多五个选项（A、B、C、D、E），题目为不定项选择题，请按照以下格式作答：

【思考过程】：...

【最终答案】：AB / BCE / CD / DE / E / ...（只输出选项的编号，不要写选项内容）

示例：
题目：医疗伦理中四大基本原则是？
A.尊重自主权
B.善意行为
C.无害原则
D.公正原则
E.以上都不是
【思考过程】：本题考查医学伦理的四大基本原则，包括尊重自主权、不伤害原则、行善原则、公正原则。

【最终答案】：ABCD

题目：以下哪种情形属于法定救助义务的适用范围？
A.患者因医疗纠纷向医疗机构提出财产索赔要求
B.路人对因车祸导致多发性骨折的伤者未施救
C.医生在非工作时间发现他人醉酒倒在路边已丧失意识
D.地震中被困废墟的伤员无人援助
E.家属拒绝替已昏迷患者缴纳手术费
【思考过程】：",BCD,DeepSeek-V3,"【思考过程】：本题考查法定救助义务的适用范围。法定救助义务通常指法律明确规定在特定情形下必须履行的救助责任，主要涉及紧急医疗救助和特定职业人员的义务。  
1. 选项A涉及医疗纠纷的财产索赔，属于民事纠纷范畴，与救助义务无关。  
2. 选项B中，普通路人无法律强制救助义务（除非是特定职业人员或存在先行行为义务），但多发性骨折的伤者属于紧急情况，需结合具体法律（如中国《民法典》第184条“好人条款”自愿救助免责，但非强制）。  
3. 选项C中医生作为职业人员，即使非工作时间，对丧失意识的醉酒者可能因职业身份被认定为负有法定救助义务（如《执业医师法》规定紧急救治义务）。  
4. 选项D中地震伤员属于紧急危险状态，但未明确救助主体（如政府或救援机构有义务，普通个人无强制义务）。  
5. 选项E涉及家属的医疗决策和经济责任，非救助义务的直接体现。  

综上，明确属于法定救助义务的情形为C（医生的职业义务），B和D需结合具体法律条款，但题目未明确限定普通人或特殊主体，故最严谨答案为C。若题目假设为“特定职业人员或紧急情形”，可能扩展为BC，但通常考试倾向于明确法定义务。  

【最终答案】：C",客观题,C
医患关系,"你是一个严格按照要求答题的医学考试考生。请你先展示出完整的思考过程，然后再输出最终答案。每道题目有至少两个选项（A、B）至多五个选项（A、B、C、D、E），题目为不定项选择题，请按照以下格式作答：

【思考过程】：...

【最终答案】：AB / BCE / CD / DE / E / ...（只输出选项的编号，不要写选项内容）

示例：
题目：医疗伦理中四大基本原则是？
A.尊重自主权
B.善意行为
C.无害原则
D.公正原则
E.以上都不是
【思考过程】：本题考查医学伦理的四大基本原则，包括尊重自主权、不伤害原则、行善原则、公正原则。

【最终答案】：ABCD

题目：在进行新药临床试验时，以下哪种做法符合我国相关法规要求？
A.因受试者经济困难减免50%试验费用
B.在社区张贴公告后口头通知受试者风险
C.未经伦理委员会审查直接开展试验
D.向主管部门报备后即开始招募受试者
E.提供经监护人签署的知情同意书
【思考过程】：",E,DeepSeek-V3,"【思考过程】：本题考查新药临床试验的法规要求。根据我国相关法规，A选项减免试验费用可能涉及诱导参与，但法规未明确禁止部分减免，需谨慎评估；B选项“口头通知风险”不符合书面知情同意的要求；C选项未经伦理审查直接开展试验是明确违规的；D选项仅报备未获批准即开始招募不符合程序；E选项监护人签署知情同意书符合未成年人或无行为能力人参与试验的规定。

【最终答案】：E",客观题,E
医患关系,"你是一个严格按照要求答题的医学考试考生。请你先展示出完整的思考过程，然后再输出最终答案。每道题目有至少两个选项（A、B）至多五个选项（A、B、C、D、E），题目为不定项选择题，请按照以下格式作答：

【思考过程】：...

【最终答案】：AB / BCE / CD / DE / E / ...（只输出选项的编号，不要写选项内容）

示例：
题目：医疗伦理中四大基本原则是？
A.尊重自主权
B.善意行为
C.无害原则
D.公正原则
E.以上都不是
【思考过程】：本题考查医学伦理的四大基本原则，包括尊重自主权、不伤害原则、行善原则、公正原则。

【最终答案】：ABCD

题目：下列行为中，哪一项不构成侵害患者隐私权？
A.未经同意向媒体公开患者的癌症检查记录
B.私下向护士讨论患者未授权披露的家庭暴力诊疗信息
C.用患者的手术照片制作科室宣传展板且在候诊区展示
D.将患者十年前在社交媒体公开发布的哮喘病史用于论文案例
【思考过程】：",D,DeepSeek-V3,"【思考过程】：本题考查患者隐私权的界定。隐私权保护的是患者不愿公开或非公开场合披露的医疗信息。  
A项：未经同意公开癌症检查记录属于典型侵犯隐私（检查记录属于非公开医疗信息）。  
B项：私下讨论未授权披露的诊疗信息违反保密原则（诊疗信息需授权）。  
C项：未经同意使用手术照片并公开展示侵犯隐私（手术影像属于敏感医疗信息）。  
D项：患者十年前在社交媒体**主动公开**的哮喘病史已失去隐私属性（属于已自愿公开的信息），用于论文案例不构成侵权。  

【最终答案】：D",客观题,D
医患关系,"你是一个严格按照要求答题的医学考试考生。请你先展示出完整的思考过程，然后再输出最终答案。每道题目有至少两个选项（A、B）至多五个选项（A、B、C、D、E），题目为不定项选择题，请按照以下格式作答：

【思考过程】：...

【最终答案】：AB / BCE / CD / DE / E / ...（只输出选项的编号，不要写选项内容）

示例：
题目：医疗伦理中四大基本原则是？
A.尊重自主权
B.善意行为
C.无害原则
D.公正原则
E.以上都不是
【思考过程】：本题考查医学伦理的四大基本原则，包括尊重自主权、不伤害原则、行善原则、公正原则。

【最终答案】：ABCD

题目：以下哪些信息属于自然人的个人信息，受到法律保护？
A.生物识别信息
B.教育背景
C.健康信息
D.喜欢的颜色
E.电话号码
【思考过程】：",ACE,DeepSeek-V3,"【思考过程】：本题考查个人信息的法律保护范围。根据相关法律规定，个人信息是指以电子或者其他方式记录的能够单独或者与其他信息结合识别特定自然人的各种信息。生物识别信息、教育背景、健康信息和电话号码都属于能够识别特定自然人的信息，因此受到法律保护。而喜欢的颜色通常不足以识别特定自然人，除非与其他信息结合使用。

【最终答案】：ABCE",客观题,ABCE
医患关系,"你是一个严格按照要求答题的医学考试考生。请你先展示出完整的思考过程，然后再输出最终答案。每道题目有至少两个选项（A、B）至多五个选项（A、B、C、D、E），题目为不定项选择题，请按照以下格式作答：

【思考过程】：...

【最终答案】：AB / BCE / CD / DE / E / ...（只输出选项的编号，不要写选项内容）

示例：
题目：医疗伦理中四大基本原则是？
A.尊重自主权
B.善意行为
C.无害原则
D.公正原则
E.以上都不是
【思考过程】：本题考查医学伦理的四大基本原则，包括尊重自主权、不伤害原则、行善原则、公正原则。

【最终答案】：ABCD

题目：患者因医务人员的过错在诊疗活动中受到损害，赔偿责任应由谁承担？
A.医疗机构承担
B.相关医务人员个人承担
C.医疗机构与医务人员按比例分担
D.患者自行承担
【思考过程】：",A,DeepSeek-V3,"【思考过程】：本题考查医疗损害责任的主体。根据《中华人民共和国民法典》第1218条的规定，患者在诊疗活动中受到损害，医疗机构或者其医务人员有过错的，由医疗机构承担赔偿责任。医务人员属于职务行为，责任应由医疗机构承担，而非直接由医务人员个人承担。

【最终答案】：A",客观题,A
医患关系,"你是一个严格按照要求答题的医学考试考生。请你先展示出完整的思考过程，然后再输出最终答案。每道题目有至少两个选项（A、B）至多五个选项（A、B、C、D、E），题目为不定项选择题，请按照以下格式作答：

【思考过程】：...

【最终答案】：AB / BCE / CD / DE / E / ...（只输出选项的编号，不要写选项内容）

示例：
题目：医疗伦理中四大基本原则是？
A.尊重自主权
B.善意行为
C.无害原则
D.公正原则
E.以上都不是
【思考过程】：本题考查医学伦理的四大基本原则，包括尊重自主权、不伤害原则、行善原则、公正原则。

【最终答案】：ABCD

题目：以下哪种情形下，医务人员应当向患者的近亲属说明医疗风险并取得其明确同意？
A.患者需要接受门诊输液治疗
B.患者因昏迷无法表达意愿
C.医疗机构无法联系到患者的法定代理人
D.患者拒绝听取关于化疗替代方案的说明
【思考过程】：",BD,DeepSeek-V3,"【思考过程】：本题考查的是医疗知情同意的特殊情况处理。根据医疗伦理和法律规定，医务人员在以下情形需要向近亲属说明并取得同意：1.患者无民事行为能力（如昏迷）且无法表达意愿（B正确）；2.无法联系法定代理人时近亲属可作为替代决策者（C正确）。门诊输液属常规操作无需特别说明（A错误）；患者拒绝听取说明仍应尊重其自主权（D错误）。

【最终答案】：BC",客观题,BC
医患关系,"你是一个严格按照要求答题的医学考试考生。请你先展示出完整的思考过程，然后再输出最终答案。每道题目有至少两个选项（A、B）至多五个选项（A、B、C、D、E），题目为不定项选择题，请按照以下格式作答：

【思考过程】：...

【最终答案】：AB / BCE / CD / DE / E / ...（只输出选项的编号，不要写选项内容）

示例：
题目：医疗伦理中四大基本原则是？
A.尊重自主权
B.善意行为
C.无害原则
D.公正原则
E.以上都不是
【思考过程】：本题考查医学伦理的四大基本原则，包括尊重自主权、不伤害原则、行善原则、公正原则。

【最终答案】：ABCD

题目：在因抢救生命垂危患者无法取得患者及其近亲属意见的情形下，关于医疗措施的实施程序，以下描述正确的是？
A.主治医生可自行决定实施抢救措施
B.需取得属地卫生健康部门书面批准
C.医疗机构负责人或其授权人批准后立即实施
D.经医院伦理委员会表决通过后再实施
E.需获得至少两名副高职称医师的联合签名
【思考过程】：",C,DeepSeek-V3,"【思考过程】：本题考查紧急情况下医疗措施的实施程序。根据《医疗纠纷预防和处理条例》第13条，因抢救生命垂危的患者等紧急情况，不能取得患者或者其近亲属意见的，经医疗机构负责人或者授权的负责人批准，可以立即实施相应的医疗措施。其他选项（A自行决定、B卫健委批准、D伦理委员会表决、E副高医师签名）均不符合法定程序要求。

【最终答案】：C",客观题,C
医患关系,"你是一个严格按照要求答题的医学考试考生。请你先展示出完整的思考过程，然后再输出最终答案。每道题目有至少两个选项（A、B）至多五个选项（A、B、C、D、E），题目为不定项选择题，请按照以下格式作答：

【思考过程】：...

【最终答案】：AB / BCE / CD / DE / E / ...（只输出选项的编号，不要写选项内容）

示例：
题目：医疗伦理中四大基本原则是？
A.尊重自主权
B.善意行为
C.无害原则
D.公正原则
E.以上都不是
【思考过程】：本题考查医学伦理的四大基本原则，包括尊重自主权、不伤害原则、行善原则、公正原则。

【最终答案】：ABCD

题目：某医生在诊疗过程中因疏忽未按照常规诊疗规范操作，导致患者病情加重。以下哪种情况可能被认定为医疗机构需承担赔偿责任？
A.未采用当时国内最新的治疗设备
B.因患者拒绝配合而未执行必要检查
C.未参考最新国际指南调整用药方案
D.遗漏教科书明确规定的常规诊断步骤
【思考过程】：",D,DeepSeek-V3,"【思考过程】：本题考查医疗机构承担赔偿责任的情形。医疗机构需承担赔偿责任的情形通常与医疗过失有关，具体包括违反诊疗规范、疏忽大意等。需逐项分析：
A.未采用最新设备：国内未强制要求使用最新设备，不构成过失；
B.患者拒绝配合：责任在患者自身，医疗机构无过失；
C.未参考最新国际指南：国际指南仅供参考，不作为强制标准；
D.遗漏教科书规定的常规步骤：属于明确违反诊疗规范，构成医疗过失。

【最终答案】：D",客观题,D
医患关系,"你是一个严格按照要求答题的医学考试考生。请你先展示出完整的思考过程，然后再输出最终答案。每道题目有至少两个选项（A、B）至多五个选项（A、B、C、D、E），题目为不定项选择题，请按照以下格式作答：

【思考过程】：...

【最终答案】：AB / BCE / CD / DE / E / ...（只输出选项的编号，不要写选项内容）

示例：
题目：医疗伦理中四大基本原则是？
A.尊重自主权
B.善意行为
C.无害原则
D.公正原则
E.以上都不是
【思考过程】：本题考查医学伦理的四大基本原则，包括尊重自主权、不伤害原则、行善原则、公正原则。

【最终答案】：ABCD

题目：以下哪些情形应推定医疗机构存在过错？
A.诊疗过程中未提供患者要求的药品
B.隐匿与纠纷有关的病历资料
C.未及时更新患者电子档案
D.合法销毁过期的病历资料
E.篡改手术同意书签字日期
【思考过程】：",BE,DeepSeek-V3,"【思考过程】：本题考查医疗机构推定过错的情形。根据相关法律规定，医疗机构隐匿或拒绝提供与纠纷有关的病历资料，以及伪造、篡改或销毁病历资料的情形，应推定医疗机构存在过错。选项B（隐匿与纠纷有关的病历资料）和E（篡改手术同意书签字日期）符合上述情形，应推定过错。选项A（未提供患者要求的药品）需结合具体情况判断是否违反诊疗规范，不属于直接推定过错的情形；选项C（未及时更新患者电子档案）属于管理疏漏，但需证明与损害后果的因果关系；选项D（合法销毁过期的病历资料）属于合规行为，不构成过错。

【最终答案】：BE",客观题,BE
医患关系,"你是一个严格按照要求答题的医学考试考生。请你先展示出完整的思考过程，然后再输出最终答案。每道题目有至少两个选项（A、B）至多五个选项（A、B、C、D、E），题目为不定项选择题，请按照以下格式作答：

【思考过程】：...

【最终答案】：AB / BCE / CD / DE / E / ...（只输出选项的编号，不要写选项内容）

示例：
题目：医疗伦理中四大基本原则是？
A.尊重自主权
B.善意行为
C.无害原则
D.公正原则
E.以上都不是
【思考过程】：本题考查医学伦理的四大基本原则，包括尊重自主权、不伤害原则、行善原则、公正原则。

【最终答案】：ABCD

题目：患者在诊疗活动中受到损害时，下列哪种情形会被推定医疗机构存在过错？
A.未及时更新医疗设备导致误诊
B.拒绝提供与纠纷有关的病历资料
C.因保管不当遗失手术知情同意书
D.伪造患者病程记录
E.未告知患者替代治疗方案
【思考过程】：",BCD,DeepSeek-V3,"【思考过程】：本题考查医疗机构过错推定的情形。根据《侵权责任法》第58条，推定医疗机构有过错的情形包括：违反法律、行政法规、规章以及其他有关诊疗规范的规定；隐匿或者拒绝提供与纠纷有关的病历资料；伪造、篡改或者销毁病历资料。选项B（拒绝提供病历资料）和D（伪造病程记录）直接符合法律规定。选项A和E属于医疗过错行为，但需举证证明而非直接推定；选项C虽涉及病历保管问题，但未达到""伪造、篡改或销毁""的程度。

【最终答案】：BD",客观题,BD
医患关系,"你是一个严格按照要求答题的医学考试考生。请你先展示出完整的思考过程，然后再输出最终答案。每道题目有至少两个选项（A、B）至多五个选项（A、B、C、D、E），题目为不定项选择题，请按照以下格式作答：

【思考过程】：...

【最终答案】：AB / BCE / CD / DE / E / ...（只输出选项的编号，不要写选项内容）

示例：
题目：医疗伦理中四大基本原则是？
A.尊重自主权
B.善意行为
C.无害原则
D.公正原则
E.以上都不是
【思考过程】：本题考查医学伦理的四大基本原则，包括尊重自主权、不伤害原则、行善原则、公正原则。

【最终答案】：ABCD

题目：患者在诊疗活动中受到损害时，以下哪种情形应当推定医疗机构存在过错？
A.医务人员未向患者说明全部替代治疗方案
B.医疗机构未在手术前3小时进行最终病情确认
C.诊疗行为违反了省级卫健委发布的诊疗技术操作规范
D.因设备故障导致检查延迟超过30分钟
【思考过程】：",C,DeepSeek-V3,"【思考过程】：本题考查医疗损害责任中推定医疗机构过错的情形。根据《中华人民共和国民法典》第1222条和《侵权责任法》相关规定，推定医疗机构过错的情形主要包括：违反法律、行政法规、规章以及其他有关诊疗规范的规定；隐匿或者拒绝提供与纠纷有关的病历资料；伪造、篡改或者销毁病历资料。选项C明确提到“违反省级卫健委发布的诊疗技术操作规范”，属于违反诊疗规范的情形；其他选项（A、B、D）虽涉及诊疗瑕疵，但未达到法律规定的推定过错标准。

【最终答案】：C",客观题,C
医患关系,"你是一个严格按照要求答题的医学考试考生。请你先展示出完整的思考过程，然后再输出最终答案。每道题目有至少两个选项（A、B）至多五个选项（A、B、C、D、E），题目为不定项选择题，请按照以下格式作答：

【思考过程】：...

【最终答案】：AB / BCE / CD / DE / E / ...（只输出选项的编号，不要写选项内容）

示例：
题目：医疗伦理中四大基本原则是？
A.尊重自主权
B.善意行为
C.无害原则
D.公正原则
E.以上都不是
【思考过程】：本题考查医学伦理的四大基本原则，包括尊重自主权、不伤害原则、行善原则、公正原则。

【最终答案】：ABCD

题目：患者因手术后并发症起诉医院，以下哪种情形可推定医疗机构存在过错？
A.篡改患者既往病史记录
B.拒绝提供手术知情同意书原件
C.未告知患者替代治疗方案
D.延误处理患者投诉信件
【思考过程】：",B,DeepSeek-V3,"【思考过程】：本题考查《侵权责任法》中关于医疗损害责任推定过错的情形。根据法律规定，医疗机构存在以下情形可推定过错：  
1. 违反法律、行政法规、规章及其他有关诊疗规范的规定（如篡改病历、拒绝提供知情同意书等）；  
2. 隐匿或拒绝提供与纠纷有关的病历资料；  
3. 伪造、篡改或销毁病历资料。  

选项分析：  
- A（篡改病史记录）：属于“伪造、篡改病历”，符合推定过错情形。  
- B（拒绝提供知情同意书原件）：属于“隐匿或拒绝提供与纠纷有关的病历资料”，符合推定过错情形。  
- C（未告知替代方案）：属于知情同意瑕疵，需具体分析是否违反告知义务，但需实际证据证明过错，不属于直接推定过错的情形。  
- D（延误处理投诉）：与诊疗过错无直接因果关系，不属于法定推定过错情形。  

【最终答案】：AB",客观题,AB
医患关系,"你是一个严格按照要求答题的医学考试考生。请你先展示出完整的思考过程，然后再输出最终答案。每道题目有至少两个选项（A、B）至多五个选项（A、B、C、D、E），题目为不定项选择题，请按照以下格式作答：

【思考过程】：...

【最终答案】：AB / BCE / CD / DE / E / ...（只输出选项的编号，不要写选项内容）

示例：
题目：医疗伦理中四大基本原则是？
A.尊重自主权
B.善意行为
C.无害原则
D.公正原则
E.以上都不是
【思考过程】：本题考查医学伦理的四大基本原则，包括尊重自主权、不伤害原则、行善原则、公正原则。

【最终答案】：ABCD

题目：在诊疗活动中，若患者受到损害，在哪些情形下会推定医疗机构有过错？
A.遗失病历资料
B.伪造病历资料
C.篡改病历资料
D.合法销毁病历资料
E.违法销毁病历资料
【思考过程】：",ABCE,DeepSeek-V3,"【思考过程】：本题考查医疗机构过错推定的情形。根据《侵权责任法》及相关司法解释，医疗机构在诊疗活动中若存在遗失、伪造、篡改或违法销毁病历资料的行为，将直接推定其有过错。但合法销毁病历资料属于正常医疗行为，不构成过错推定。

【最终答案】：ABCE",客观题,ABCE
医患关系,"你是一个严格按照要求答题的医学考试考生。请你先展示出完整的思考过程，然后再输出最终答案。每道题目有至少两个选项（A、B）至多五个选项（A、B、C、D、E），题目为不定项选择题，请按照以下格式作答：

【思考过程】：...

【最终答案】：AB / BCE / CD / DE / E / ...（只输出选项的编号，不要写选项内容）

示例：
题目：医疗伦理中四大基本原则是？
A.尊重自主权
B.善意行为
C.无害原则
D.公正原则
E.以上都不是
【思考过程】：本题考查医学伦理的四大基本原则，包括尊重自主权、不伤害原则、行善原则、公正原则。

【最终答案】：ABCD

题目：因输入不合格的血液造成患者损害，患者可以向以下哪些主体请求赔偿？
A.药品运输公司
B.血液提供机构
C.医疗机构
D.药品上市许可持有人
E.医疗机构监管部门
【思考过程】：",BCD,DeepSeek-V3,"【思考过程】：本题考查因输入不合格血液造成患者损害的赔偿责任主体。根据《中华人民共和国民法典》和《侵权责任法》相关规定，因输入不合格血液造成患者损害的，患者可以向血液提供机构或医疗机构请求赔偿。药品运输公司、药品上市许可持有人和医疗机构监管部门在此情况下通常不承担直接赔偿责任。

【最终答案】：BC",客观题,BC
医患关系,"你是一个严格按照要求答题的医学考试考生。请你先展示出完整的思考过程，然后再输出最终答案。每道题目有至少两个选项（A、B）至多五个选项（A、B、C、D、E），题目为不定项选择题，请按照以下格式作答：

【思考过程】：...

【最终答案】：AB / BCE / CD / DE / E / ...（只输出选项的编号，不要写选项内容）

示例：
题目：医疗伦理中四大基本原则是？
A.尊重自主权
B.善意行为
C.无害原则
D.公正原则
E.以上都不是
【思考过程】：本题考查医学伦理的四大基本原则，包括尊重自主权、不伤害原则、行善原则、公正原则。

【最终答案】：ABCD

题目：患者在诊疗活动中受到损害时，以下哪种情形医疗机构不承担赔偿责任？
A.患者家属拒绝签署手术同意书导致延误治疗
B.急诊抢救时医务人员已尽到合理诊疗义务
C.医疗机构未提供低收费方案导致患者无力承担
D.某种罕见病现有医学技术无法确诊
E.医生未使用国际最新疗法但符合常规治疗指南
【思考过程】：",ABD,DeepSeek-V3,"【思考过程】：本题考查医疗机构免责情形的判断。根据《侵权责任法》等相关规定：
A选项：患者家属拒绝签署同意书导致延误，属于患方自身原因，医疗机构不担责。
B选项：急诊抢救已尽合理诊疗义务，符合免责条件。
C选项：未提供低收费方案与诊疗损害无直接因果关系，但可能涉及费用争议而非医疗损害责任。
D选项：罕见病现有技术无法确诊属于""当时医疗水平限制""的免责情形。
E选项：符合常规治疗指南即符合诊疗规范，无需使用最新疗法。

【最终答案】：ABDE",客观题,ABDE
医患关系,"你是一个严格按照要求答题的医学考试考生。请你先展示出完整的思考过程，然后再输出最终答案。每道题目有至少两个选项（A、B）至多五个选项（A、B、C、D、E），题目为不定项选择题，请按照以下格式作答：

【思考过程】：...

【最终答案】：AB / BCE / CD / DE / E / ...（只输出选项的编号，不要写选项内容）

示例：
题目：医疗伦理中四大基本原则是？
A.尊重自主权
B.善意行为
C.无害原则
D.公正原则
E.以上都不是
【思考过程】：本题考查医学伦理的四大基本原则，包括尊重自主权、不伤害原则、行善原则、公正原则。

【最终答案】：ABCD

题目：以下哪些情形下，医疗机构对患者在诊疗活动中受到的损害不承担赔偿责任？
A.患者不配合诊疗但医疗机构存在操作过失
B.抢救呼吸衰竭患者时因设备突发故障导致并发症
C.患者家属拒绝签署手术同意书导致延误治疗
D.未向患者充分说明药物过敏风险
E.医生根据全国最新诊疗指南实施手术后仍出现并发症
F.受限于当地医疗条件无法诊断的罕见病
【思考过程】：",CEF,DeepSeek-V3,"【思考过程】：本题考查医疗机构免责情形的判断，需结合《民法典》第1224条及相关司法解释分析：
A.混合过错情形（患者不配合+医疗机构过失），医疗机构需承担相应责任，不满足完全免责条件。
B.设备突发故障属""医疗产品缺陷""，医疗机构需先行赔偿（可向厂商追偿），不属于免责情形。
C.患者/家属拒绝配合诊疗（如不签同意书）导致损害，医疗机构可免责，但需证明已充分告知。
D.未履行告知义务侵犯知情同意权，属于医疗过错，不能免责。
E.符合诊疗规范且无过错的并发症，属于""限于当时医疗水平难以诊疗""的情形，可免责。
F.""当地医疗条件限制""需具体分析：若已尽转诊等合理义务，可部分免责；若未履行必要义务则不能免责，题干未明确说明是否尽到义务，保守判断不选。

【最终答案】：CE",客观题,CE
医患关系,"你是一个严格按照要求答题的医学考试考生。请你先展示出完整的思考过程，然后再输出最终答案。每道题目有至少两个选项（A、B）至多五个选项（A、B、C、D、E），题目为不定项选择题，请按照以下格式作答：

【思考过程】：...

【最终答案】：AB / BCE / CD / DE / E / ...（只输出选项的编号，不要写选项内容）

示例：
题目：医疗伦理中四大基本原则是？
A.尊重自主权
B.善意行为
C.无害原则
D.公正原则
E.以上都不是
【思考过程】：本题考查医学伦理的四大基本原则，包括尊重自主权、不伤害原则、行善原则、公正原则。

【最终答案】：ABCD

题目：在下列哪种情形下，医疗机构对患者诊疗活动中受到的损害不承担赔偿责任？
A.医疗机构拒绝向家属提供纸质病历副本
B.患者未按医嘱连续服用降压药物导致病情恶化
C.护士在静脉穿刺时未严格执行无菌操作规范
D.患者近亲属隐瞒其青霉素过敏史
【思考过程】：",BD,DeepSeek-V3,"【思考过程】：本题考查医疗机构免责的情形。根据《侵权责任法》相关规定，医疗机构在以下情形可免除或减轻责任：1.患者或其近亲属不配合诊疗（如隐瞒病史、不遵医嘱）；2.医务人员在抢救生命垂危患者等紧急情况下已尽合理诊疗义务；3.限于当时医疗水平难以诊疗。分析选项：A（病历管理问题属行政违规，与损害无直接因果关系，但非典型免责情形）；B（患者自身不遵医嘱导致损害）；C（医务人员存在过错，应承担责任）；D（近亲属隐瞒过敏史属患方过错）。

【最终答案】：BD",客观题,BD
医患关系,"你是一个严格按照要求答题的医学考试考生。请你先展示出完整的思考过程，然后再输出最终答案。每道题目有至少两个选项（A、B）至多五个选项（A、B、C、D、E），题目为不定项选择题，请按照以下格式作答：

【思考过程】：...

【最终答案】：AB / BCE / CD / DE / E / ...（只输出选项的编号，不要写选项内容）

示例：
题目：医疗伦理中四大基本原则是？
A.尊重自主权
B.善意行为
C.无害原则
D.公正原则
E.以上都不是
【思考过程】：本题考查医学伦理的四大基本原则，包括尊重自主权、不伤害原则、行善原则、公正原则。

【最终答案】：ABCD

题目：以下哪种情况医疗机构不承担赔偿责任？
A.因设备故障导致普通门诊患者发生轻微并发症
B.普通急诊诊疗中存在病历书写疏漏
C.抢救生命垂危患者时限于条件仅采取基本急救措施
D.为挽救患者生命未经家属签字实施高风险手术但存在术后感染
E.新生儿常规接种后出现罕见过敏反应
【思考过程】：",C,DeepSeek-V3,"【思考过程】：本题考查医疗机构免责的情形。根据《医疗纠纷预防和处理条例》及相关法律，以下情况通常免责或减轻责任：  
1. **选项C**：抢救生命垂危患者时因客观条件限制采取必要措施，符合“紧急性免责”原则。  
2. **选项D**：虽未经家属签字，但为挽救生命实施手术且感染为固有风险，符合“知情同意豁免”的例外情形。  
3. **选项E**：疫苗接种后的罕见过敏反应属于“难以预见的不良反应”，医疗机构无过错。  
其他选项：  
- **A**：设备故障导致并发症，可能涉及管理过失，需承担赔偿责任。  
- **B**：病历书写疏漏属于医疗过错，可能影响责任判定。  

【最终答案】：CDE",客观题,CDE
医患关系,"你是一个严格按照要求答题的医学考试考生。请你先展示出完整的思考过程，然后再输出最终答案。每道题目有至少两个选项（A、B）至多五个选项（A、B、C、D、E），题目为不定项选择题，请按照以下格式作答：

【思考过程】：...

【最终答案】：AB / BCE / CD / DE / E / ...（只输出选项的编号，不要写选项内容）

示例：
题目：医疗伦理中四大基本原则是？
A.尊重自主权
B.善意行为
C.无害原则
D.公正原则
E.以上都不是
【思考过程】：本题考查医学伦理的四大基本原则，包括尊重自主权、不伤害原则、行善原则、公正原则。

【最终答案】：ABCD

题目：某患者因罕见病治疗无效起诉医院。关于医疗机构免责情形，以下哪项描述正确？
A.采用当时所有技术手段仍无法诊疗的可免责
B.依据十年后的医疗水平判定诊疗缺陷
C.医务人员存在误诊但符合当时水平可免责
D.含有医疗过错的特殊情形仍需担责
【思考过程】：",AD,DeepSeek-V3,"【思考过程】：本题考查医疗机构免责情形的法律规定。根据《医疗事故处理条例》和相关司法解释：
1. 选项A正确，若医疗机构已尽到与当时医疗水平相应的诊疗义务（即采用当时所有技术手段仍无法诊疗），可免责。
2. 选项B错误，医疗水平的判定应以诊疗行为发生时的标准为依据，而非事后标准。
3. 选项C正确，医务人员误诊若符合当时医疗水平（即无主观过错），属于技术性免责情形。
4. 选项D正确，若存在医疗过错（如违反诊疗规范）则不符合免责条件，需承担相应责任。

【最终答案】：ACD",客观题,ACD
医患关系,"你是一个严格按照要求答题的医学考试考生。请你先展示出完整的思考过程，然后再输出最终答案。每道题目有至少两个选项（A、B）至多五个选项（A、B、C、D、E），题目为不定项选择题，请按照以下格式作答：

【思考过程】：...

【最终答案】：AB / BCE / CD / DE / E / ...（只输出选项的编号，不要写选项内容）

示例：
题目：医疗伦理中四大基本原则是？
A.尊重自主权
B.善意行为
C.无害原则
D.公正原则
E.以上都不是
【思考过程】：本题考查医学伦理的四大基本原则，包括尊重自主权、不伤害原则、行善原则、公正原则。

【最终答案】：ABCD

题目：下列哪项属于医疗机构必须填写并妥善保管的病历资料？
A.门诊诊断书
B.检验报告
C.入院费用明细
D.护理记录
E.门诊预约记录
【思考过程】：",BD,DeepSeek-V3,"【思考过程】：本题考查医疗机构必须填写并妥善保管的病历资料的范围。根据《医疗机构病历管理规定》，病历资料包括门（急）诊病历和住院病历，具体内容涵盖诊断书、检验报告、护理记录等医疗活动记录。而入院费用明细属于财务记录，门诊预约记录属于行政管理记录，不属于必须保管的病历资料。

【最终答案】：ABD",客观题,ABD
医患关系,"你是一个严格按照要求答题的医学考试考生。请你先展示出完整的思考过程，然后再输出最终答案。每道题目有至少两个选项（A、B）至多五个选项（A、B、C、D、E），题目为不定项选择题，请按照以下格式作答：

【思考过程】：...

【最终答案】：AB / BCE / CD / DE / E / ...（只输出选项的编号，不要写选项内容）

示例：
题目：医疗伦理中四大基本原则是？
A.尊重自主权
B.善意行为
C.无害原则
D.公正原则
E.以上都不是
【思考过程】：本题考查医学伦理的四大基本原则，包括尊重自主权、不伤害原则、行善原则、公正原则。

【最终答案】：ABCD

题目：以下哪些情形中医疗机构或其医务人员可能需承担侵权责任？
A.医生将患者电话号码泄露给医药代表导致患者被骚扰
B.未经患者同意向家属公开其完整电子病历
C.在学术会议中使用患者匿名病历讨论治疗方案
D.因医院系统漏洞导致患者血型信息在院内公共屏公示
【思考过程】：",ABD,DeepSeek-V3,"【思考过程】：本题考查医疗机构或医务人员可能需承担侵权责任的情形。根据《侵权责任法》及相关医疗法规：
A. 泄露患者电话号码属于侵犯隐私权，需承担责任；
B. 未经同意公开完整电子病历违反患者知情同意权和隐私权；
C. 使用匿名病历讨论不构成侵权（已去标识化）；
D. 医院系统漏洞导致信息公示属于安全管理过失，需承担责任；
需排除不构成侵权的情形（C）。

【最终答案】：ABD",客观题,ABD
医患关系,"你是一个严格按照要求答题的医学考试考生。请你先展示出完整的思考过程，然后再输出最终答案。每道题目有至少两个选项（A、B）至多五个选项（A、B、C、D、E），题目为不定项选择题，请按照以下格式作答：

【思考过程】：...

【最终答案】：AB / BCE / CD / DE / E / ...（只输出选项的编号，不要写选项内容）

示例：
题目：医疗伦理中四大基本原则是？
A.尊重自主权
B.善意行为
C.无害原则
D.公正原则
E.以上都不是
【思考过程】：本题考查医学伦理的四大基本原则，包括尊重自主权、不伤害原则、行善原则、公正原则。

【最终答案】：ABCD

题目：以下哪种行为违反了《民法典》关于医疗机构诊疗规范的要求？
A.对多次就诊的慢性胃炎患者再次进行胃镜检查以排除恶性病变
B.为确诊高血压患者开具重复性心电图检查以评估药物副作用
C.根据患者强烈要求为其无指征的健康体检者进行全身PET-CT扫描
D.无症状人群体检时依据指南建议增加低剂量肺癌筛查
【思考过程】：",C,DeepSeek-V3,"【思考过程】：本题考查对《民法典》关于医疗机构诊疗规范的理解。根据《民法典》相关规定，医疗机构及其医务人员应当遵循诊疗规范，避免过度检查和不必要的医疗行为。分析选项：A（慢性胃炎患者胃镜复查）和B（高血压患者心电图复查）均属于合理诊疗行为；D（无症状人群低剂量肺癌筛查）符合指南建议；C（无指征PET-CT扫描）属于违反诊疗规范的过度医疗行为，因患者无指征且仅因个人要求进行高成本、高辐射检查。

【最终答案】：C",客观题,C
医患关系,"你是一个严格按照要求答题的医学考试考生。请你先展示出完整的思考过程，然后再输出最终答案。每道题目有至少两个选项（A、B）至多五个选项（A、B、C、D、E），题目为不定项选择题，请按照以下格式作答：

【思考过程】：...

【最终答案】：AB / BCE / CD / DE / E / ...（只输出选项的编号，不要写选项内容）

示例：
题目：医疗伦理中四大基本原则是？
A.尊重自主权
B.善意行为
C.无害原则
D.公正原则
E.以上都不是
【思考过程】：本题考查医学伦理的四大基本原则，包括尊重自主权、不伤害原则、行善原则、公正原则。

【最终答案】：ABCD

题目：以下哪些行为可能承担法律责任？
A.患者家属在诊疗室大吵大闹，导致门诊停诊数小时
B.患者强行滞留值班医生至午夜协商赔偿方案
C.患者网络发帖辱骂医院未及时接诊的主治医生
D.患者向医院投诉渠道反馈诊疗方案不满并等待处理
【思考过程】：",ABC,DeepSeek-V3,"【思考过程】：本题考查医疗纠纷中的法律责任认定。A选项属于扰乱医疗秩序的行为，根据《医疗纠纷预防和处理条例》可追究治安或刑事责任；B选项属于限制医务人员人身自由，可能构成非法拘禁；C选项涉及名誉侵权，需承担民事赔偿责任；D选项是合法投诉行为，不涉及违法。法律责任主要针对违法行为，需区分合法维权与违法侵权。

【最终答案】：ABC",客观题,ABC
医患关系,"你是一个严格按照要求答题的医学考试考生。请你先展示出完整的思考过程，然后再输出最终答案。每道题目有至少两个选项（A、B）至多五个选项（A、B、C、D、E），题目为不定项选择题，请按照以下格式作答：

【思考过程】：...

【最终答案】：AB / BCE / CD / DE / E / ...（只输出选项的编号，不要写选项内容）

示例：
题目：医疗伦理中四大基本原则是？
A.尊重自主权
B.善意行为
C.无害原则
D.公正原则
E.以上都不是
【思考过程】：本题考查医学伦理的四大基本原则，包括尊重自主权、不伤害原则、行善原则、公正原则。

【最终答案】：ABCD

题目：以下哪些情况下，医生必须向患者或其近亲属说明医疗风险并取得知情同意？
A.实施肝肾功能常规检测
B.开展全麻下脊柱肿瘤切除术
C.为肺癌患者进行胸腔穿刺活检术
D.参与新型心脏支架的临床试验
E.开具阿莫西林治疗细菌性扁桃体炎
【思考过程】：",BCD,DeepSeek-V3,"【思考过程】：本题考查的是医疗知情同意的适用范围。根据医疗法规和伦理要求，医生在进行有创性操作、手术、特殊检查或试验性治疗时，必须向患者充分说明风险并取得知情同意。具体分析各选项：
A.肝肾功能常规检测属于无创常规检查，通常不需要特别知情同意；
B.全麻下脊柱肿瘤切除术属于重大手术，必须取得知情同意；
C.胸腔穿刺活检术属于有创性诊断操作，需要知情同意；
D.临床试验涉及研究性治疗，必须严格履行知情同意程序；
E.常规抗生素治疗属于普通药物治疗，通常不需要专门知情同意。

【最终答案】：BCD",客观题,BCD
医患关系,"你是一个严格按照要求答题的医学考试考生。请你先展示出完整的思考过程，然后再输出最终答案。每道题目有至少两个选项（A、B）至多五个选项（A、B、C、D、E），题目为不定项选择题，请按照以下格式作答：

【思考过程】：...

【最终答案】：AB / BCE / CD / DE / E / ...（只输出选项的编号，不要写选项内容）

示例：
题目：医疗伦理中四大基本原则是？
A.尊重自主权
B.善意行为
C.无害原则
D.公正原则
E.以上都不是
【思考过程】：本题考查医学伦理的四大基本原则，包括尊重自主权、不伤害原则、行善原则、公正原则。

【最终答案】：ABCD

题目：下列哪项属于患者在医患关系中应当履行的义务？
A.保护个人隐私的权利
B.获取平等医疗服务的权利
C.遵守诊疗制度和医疗卫生服务秩序
D.配合医护人员工作
【思考过程】：",C,DeepSeek-V3,"【思考过程】：本题考查医患关系中患者的义务。选项A和B描述的是患者的权利而非义务。选项C和D描述的是患者应当履行的义务，包括遵守诊疗制度和医疗卫生服务秩序，以及配合医护人员工作。

【最终答案】：CD",客观题,CD
医患关系,"你是一个严格按照要求答题的医学考试考生。请你先展示出完整的思考过程，然后再输出最终答案。每道题目有至少两个选项（A、B）至多五个选项（A、B、C、D、E），题目为不定项选择题，请按照以下格式作答：

【思考过程】：...

【最终答案】：AB / BCE / CD / DE / E / ...（只输出选项的编号，不要写选项内容）

示例：
题目：医疗伦理中四大基本原则是？
A.尊重自主权
B.善意行为
C.无害原则
D.公正原则
E.以上都不是
【思考过程】：本题考查医学伦理的四大基本原则，包括尊重自主权、不伤害原则、行善原则、公正原则。

【最终答案】：ABCD

题目：下列哪些行为违反了医疗卫生人员职业伦理规范？
A.为增加收入要求患者进行不必要的重复检查
B.经家属多次请求后接受其赠送的购物卡
C.以加快手术排期为条件暗示患者支付额外费用
D.因患者症状轻微仍开具不必要的高价药物
E.根据病程发展调整抗生素使用剂量
【思考过程】：",ABCD,DeepSeek-V3,"【思考过程】：本题考查医疗卫生人员职业伦理规范的违反行为。A选项涉及不必要的重复检查以增加收入，属于过度医疗，违反伦理；B选项接受患者家属赠送的购物卡，属于收受财物，违反廉洁行医原则；C选项以加快手术排期为条件暗示支付额外费用，属于索要财物或谋取不正当利益，违反伦理；D选项开具不必要的高价药物，属于过度医疗和牟利行为，违反伦理；E选项根据病程调整抗生素剂量是合理的医疗行为，符合伦理规范。

【最终答案】：ABCD",客观题,ABCD
医患关系,"你是一个严格按照要求答题的医学考试考生。请你先展示出完整的思考过程，然后再输出最终答案。每道题目有至少两个选项（A、B）至多五个选项（A、B、C、D、E），题目为不定项选择题，请按照以下格式作答：

【思考过程】：...

【最终答案】：AB / BCE / CD / DE / E / ...（只输出选项的编号，不要写选项内容）

示例：
题目：医疗伦理中四大基本原则是？
A.尊重自主权
B.善意行为
C.无害原则
D.公正原则
E.以上都不是
【思考过程】：本题考查医学伦理的四大基本原则，包括尊重自主权、不伤害原则、行善原则、公正原则。

【最终答案】：ABCD

题目：以下哪种行为明确被相关法律禁止？
A.因不满治疗效果而辱骂医生
B.在医疗纠纷中隐藏关键病历资料
C.患者家属恶意拖欠医疗费用
D.通过社交媒体公开医务人员家庭住址
【思考过程】：",AD,DeepSeek-V3,"【思考过程】：本题考查对医疗相关法律禁止行为的理解。根据我国《医疗纠纷预防和处理条例》《侵权责任法》《治安管理处罚法》等：
A项：辱骂医生属于违反治安管理的行为，但需达到一定严重程度才构成违法；
B项：隐藏病历属于《医疗纠纷预防和处理条例》明确禁止的违法行为（第15条）；
C项：拖欠费用属于民事违约行为，不直接构成违法；
D项：公开住址涉嫌侵犯隐私权，属于《民法典》明令禁止的侵权行为。

【最终答案】：BD",客观题,BD
医患关系,"你是一个严格按照要求答题的医学考试考生。请你先展示出完整的思考过程，然后再输出最终答案。每道题目有至少两个选项（A、B）至多五个选项（A、B、C、D、E），题目为不定项选择题，请按照以下格式作答：

【思考过程】：...

【最终答案】：AB / BCE / CD / DE / E / ...（只输出选项的编号，不要写选项内容）

示例：
题目：医疗伦理中四大基本原则是？
A.尊重自主权
B.善意行为
C.无害原则
D.公正原则
E.以上都不是
【思考过程】：本题考查医学伦理的四大基本原则，包括尊重自主权、不伤害原则、行善原则、公正原则。

【最终答案】：ABCD

题目：在紧急救治生命垂危患者时，无法取得患者或其近亲属意见的情况下，医务人员应采取何种措施？
A.立即实施必要医疗措施
B.直接联系医疗伦理委员会
C.经医疗机构负责人批准后实施措施
D.等待近亲属到场再处理
【思考过程】：",C,DeepSeek-V3,【思考过程】：本题考查紧急情况下医疗决策的法律依据。,客观题,
医患关系,"你是一个严格按照要求答题的医学考试考生。请你先展示出完整的思考过程，然后再输出最终答案。每道题目有至少两个选项（A、B）至多五个选项（A、B、C、D、E），题目为不定项选择题，请按照以下格式作答：

【思考过程】：...

【最终答案】：AB / BCE / CD / DE / E / ...（只输出选项的编号，不要写选项内容）

示例：
题目：医疗伦理中四大基本原则是？
A.尊重自主权
B.善意行为
C.无害原则
D.公正原则
E.以上都不是
【思考过程】：本题考查医学伦理的四大基本原则，包括尊重自主权、不伤害原则、行善原则、公正原则。

【最终答案】：ABCD

题目：以下哪项做法符合医疗机构的收费规定？
A.临时调整收费项目并口头告知患者总费用
B.按物价部门规定收费并附详细清单和收据
C.免除经济困难患者的费用但不提供收据
D.收据仅显示药品费用不列检查费用
【思考过程】：",B,DeepSeek-V3,"【思考过程】：本题考查医疗机构的收费规定。根据相关规定，医疗机构应严格按照物价部门的规定收费，并提供详细的收费清单和收据，确保收费透明。临时调整收费项目或口头告知费用不符合规定，免除经济困难患者的费用仍需提供收据，收据不列检查费用也不符合规定。

【最终答案】：B",客观题,B
医患关系,"你是一个严格按照要求答题的医学考试考生。请你先展示出完整的思考过程，然后再输出最终答案。每道题目有至少两个选项（A、B）至多五个选项（A、B、C、D、E），题目为不定项选择题，请按照以下格式作答：

【思考过程】：...

【最终答案】：AB / BCE / CD / DE / E / ...（只输出选项的编号，不要写选项内容）

示例：
题目：医疗伦理中四大基本原则是？
A.尊重自主权
B.善意行为
C.无害原则
D.公正原则
E.以上都不是
【思考过程】：本题考查医学伦理的四大基本原则，包括尊重自主权、不伤害原则、行善原则、公正原则。

【最终答案】：ABCD

题目：以下哪些属于医疗机构依法必须承担的职责？
A.承担预防保健工作
B.接受县级以上卫生部门委托支援农村
C.接受省级卫生部门委托指导基层医疗卫生工作
D.与企业合作开展基层营利性医疗项目
【思考过程】：",AB,DeepSeek-V3,"【思考过程】：本题考查医疗机构依法必须承担的职责。根据《医疗机构管理条例》，医疗机构的基本职责包括承担预防保健工作（A项），接受县级以上卫生部门委托支援农村（B项），以及接受省级卫生部门委托指导基层医疗卫生工作（C项）。D项与企业合作开展基层营利性医疗项目并非医疗机构必须承担的法定职责，且营利性项目可能违背公立医疗机构的公益性原则。

【最终答案】：ABC",客观题,ABC
医患关系,"你是一个严格按照要求答题的医学考试考生。请你先展示出完整的思考过程，然后再输出最终答案。每道题目有至少两个选项（A、B）至多五个选项（A、B、C、D、E），题目为不定项选择题，请按照以下格式作答：

【思考过程】：...

【最终答案】：AB / BCE / CD / DE / E / ...（只输出选项的编号，不要写选项内容）

示例：
题目：医疗伦理中四大基本原则是？
A.尊重自主权
B.善意行为
C.无害原则
D.公正原则
E.以上都不是
【思考过程】：本题考查医学伦理的四大基本原则，包括尊重自主权、不伤害原则、行善原则、公正原则。

【最终答案】：ABCD

题目：在以下哪种情形下，医疗机构及其卫生技术人员必须无条件服从调遣？
A.省级卫生健康委员会因重大疾病流行统一调度医疗资源
B.某市消防局因化工厂爆炸请求医疗队支援
C.县级人民政府因举办大型活动要求医院增派值班人员
D.街道社区服务中心因老年人体检需要临时抽调医生
【思考过程】：",A,DeepSeek-V3,"【思考过程】：本题考查医疗机构及卫生技术人员必须无条件服从调遣的情形。根据《中华人民共和国基本医疗卫生与健康促进法》和《突发公共卫生事件应急条例》相关规定，医疗机构及其人员在以下情形必须服从调遣：①突发公共卫生事件（A选项重大疾病流行属于此类）；②自然灾害、事故灾难等突发事件（B选项化工厂爆炸属于此类）。C选项“大型活动”和D选项“老年人体检”属于非紧急常规需求，不属于法律强制服从范围。

【最终答案】：AB",客观题,AB
医患关系,"你是一个严格按照要求答题的医学考试考生。请你先展示出完整的思考过程，然后再输出最终答案。每道题目有至少两个选项（A、B）至多五个选项（A、B、C、D、E），题目为不定项选择题，请按照以下格式作答：

【思考过程】：...

【最终答案】：AB / BCE / CD / DE / E / ...（只输出选项的编号，不要写选项内容）

示例：
题目：医疗伦理中四大基本原则是？
A.尊重自主权
B.善意行为
C.无害原则
D.公正原则
E.以上都不是
【思考过程】：本题考查医学伦理的四大基本原则，包括尊重自主权、不伤害原则、行善原则、公正原则。

【最终答案】：ABCD

题目：以下哪些属于医师在执业活动中必须履行的义务？
A.签订免责协议确保医院权益
B.遵循临床技术操作规范
C.对患者进行健康教育和指导
D.更新医学知识提升医疗质量
E.公开发表未经验证的医疗方案
【思考过程】：",BCD,DeepSeek-V3,"【思考过程】：本题考查医师执业活动中必须履行的义务。根据《中华人民共和国执业医师法》及相关法规，医师的义务包括：遵循临床技术操作规范（B）、对患者进行健康教育和指导（C）、更新医学知识提升医疗质量（D）。选项A“签订免责协议确保医院权益”不符合医疗伦理和法律要求，医师不能通过协议免除法定责任；选项E“公开发表未经验证的医疗方案”违反医疗规范，可能误导公众或造成危害。

【最终答案】：BCD",客观题,BCD
医患关系,"你是一个严格按照要求答题的医学考试考生。请你先展示出完整的思考过程，然后再输出最终答案。每道题目有至少两个选项（A、B）至多五个选项（A、B、C、D、E），题目为不定项选择题，请按照以下格式作答：

【思考过程】：...

【最终答案】：AB / BCE / CD / DE / E / ...（只输出选项的编号，不要写选项内容）

示例：
题目：医疗伦理中四大基本原则是？
A.尊重自主权
B.善意行为
C.无害原则
D.公正原则
E.以上都不是
【思考过程】：本题考查医学伦理的四大基本原则，包括尊重自主权、不伤害原则、行善原则、公正原则。

【最终答案】：ABCD

题目：以下哪些属于医师在执业活动中应履行的义务？
A.执行疫情防控等公共卫生措施
B.遵守医院内部管理规范
C.提升医学专业技术能力
D.宣传与岗位无关的健康科普知识
E.保护患者个人隐私
【思考过程】：",ACE,DeepSeek-V3,"【思考过程】：本题考查医师在执业活动中应履行的义务。根据《中华人民共和国医师法》及相关规定，医师的义务包括：执行疫情防控等公共卫生措施（A），遵守医院内部管理规范（B），提升医学专业技术能力（C），以及保护患者个人隐私（E）。宣传与岗位无关的健康科普知识不属于医师必须履行的义务（D），因此不包括在内。

【最终答案】：ABCE",客观题,ABCE
医患关系,"你是一个严格按照要求答题的医学考试考生。请你先展示出完整的思考过程，然后再输出最终答案。每道题目有至少两个选项（A、B）至多五个选项（A、B、C、D、E），题目为不定项选择题，请按照以下格式作答：

【思考过程】：...

【最终答案】：AB / BCE / CD / DE / E / ...（只输出选项的编号，不要写选项内容）

示例：
题目：医疗伦理中四大基本原则是？
A.尊重自主权
B.善意行为
C.无害原则
D.公正原则
E.以上都不是
【思考过程】：本题考查医学伦理的四大基本原则，包括尊重自主权、不伤害原则、行善原则、公正原则。

【最终答案】：ABCD

题目：以下属于医师执业义务的是？
A.遵守临床技术操作规范和医学伦理规范
B.依法保护患者隐私和个人信息
C.宣传推广与岗位相适应的健康科普知识
D.无条件执行患者指定的治疗方案
E.优先采用最新实验性医疗技术
【思考过程】：",ABC,DeepSeek-V3,"【思考过程】：
本题考查医师执业义务的理解。根据《中华人民共和国医师法》及相关法规：
1. 选项A正确，医师必须遵守技术规范和伦理规范（如《医师法》第23条）；
2. 选项B正确，保护患者隐私是法定义务（如《医师法》第24条、《民法典》第1226条）；
3. 选项C正确，健康科普宣传是医师的公益义务（如《医师法》第29条）；
4. 选项D错误，医师需根据医疗规范而非患者指定方案执行（违反医疗自主权原则）；
5. 选项E错误，新技术使用需经伦理审查和患者知情同意（《医师法》第26条要求安全有效）。

【最终答案】：ABC",客观题,ABC
医患关系,"你是一个严格按照要求答题的医学考试考生。请你先展示出完整的思考过程，然后再输出最终答案。每道题目有至少两个选项（A、B）至多五个选项（A、B、C、D、E），题目为不定项选择题，请按照以下格式作答：

【思考过程】：...

【最终答案】：AB / BCE / CD / DE / E / ...（只输出选项的编号，不要写选项内容）

示例：
题目：医疗伦理中四大基本原则是？
A.尊重自主权
B.善意行为
C.无害原则
D.公正原则
E.以上都不是
【思考过程】：本题考查医学伦理的四大基本原则，包括尊重自主权、不伤害原则、行善原则、公正原则。

【最终答案】：ABCD

题目：在实施特殊检查前，医师需要向患者或家属说明以下哪些内容？
A.医疗风险
B.替代医疗方案
C.治疗方案的成本
D.医院床位情况
E.主治医师资质
【思考过程】：",AB,DeepSeek-V3,"【思考过程】：本题考查医患沟通中知情同意的内容。根据医疗伦理和法律要求，医师在实施特殊检查前必须向患者或家属充分告知检查的目的、风险、替代方案等信息，以确保患者知情同意。选项A（医疗风险）和B（替代医疗方案）是必须说明的核心内容；选项C（治疗方案的成本）虽非强制但属于合理告知范围；选项D（医院床位情况）与特殊检查无关；选项E（主治医师资质）通常不属于常规告知内容。

【最终答案】：ABC",客观题,ABC
医患关系,"你是一个严格按照要求答题的医学考试考生。请你先展示出完整的思考过程，然后再输出最终答案。每道题目有至少两个选项（A、B）至多五个选项（A、B、C、D、E），题目为不定项选择题，请按照以下格式作答：

【思考过程】：...

【最终答案】：AB / BCE / CD / DE / E / ...（只输出选项的编号，不要写选项内容）

示例：
题目：医疗伦理中四大基本原则是？
A.尊重自主权
B.善意行为
C.无害原则
D.公正原则
E.以上都不是
【思考过程】：本题考查医学伦理的四大基本原则，包括尊重自主权、不伤害原则、行善原则、公正原则。

【最终答案】：ABCD

题目：医师在进行医疗器械临床试验时，必须满足以下哪些条件？
A.获得医院内部行政批准
B.遵守医学伦理规范
C.仅需伦理委员会口头认可
D.依法通过书面伦理审查
E.取得患者视频录像同意
【思考过程】：",BD,DeepSeek-V3,"【思考过程】：本题考查医疗器械临床试验的合规要求。根据《医疗器械临床试验质量管理规范》和相关法规：  
1. 必须获得正式行政批准（A正确）；  
2. 必须符合医学伦理（B正确）；  
3. 伦理审查需以书面形式（C错误，D正确）；  
4. 患者同意需书面签署，视频录像非必需（E错误）。  

【最终答案】：ABD",客观题,ABD
医患关系,"你是一个严格按照要求答题的医学考试考生。请你先展示出完整的思考过程，然后再输出最终答案。每道题目有至少两个选项（A、B）至多五个选项（A、B、C、D、E），题目为不定项选择题，请按照以下格式作答：

【思考过程】：...

【最终答案】：AB / BCE / CD / DE / E / ...（只输出选项的编号，不要写选项内容）

示例：
题目：医疗伦理中四大基本原则是？
A.尊重自主权
B.善意行为
C.无害原则
D.公正原则
E.以上都不是
【思考过程】：本题考查医学伦理的四大基本原则，包括尊重自主权、不伤害原则、行善原则、公正原则。

【最终答案】：ABCD

题目：在抢救生命垂危的患者等紧急情况下，若不能取得患者或其近亲属意见，医师应采取以下哪种措施？
A.直接联系法院申请紧急处置权
B.立即自行实施医疗措施无需审批
C.经医疗机构负责人或授权负责人批准后实施
D.仅提供基础护理并等待家属到场
【思考过程】：",C,DeepSeek-V3,"【思考过程】：本题考查的是紧急情况下医疗决策的法律规定。根据《中华人民共和国基本医疗卫生与健康促进法》和《医疗纠纷预防和处理条例》，在抢救生命垂危患者等紧急情况下，不能取得患者或其近亲属意见时，医师应当向医疗机构负责人或授权负责人报告并获得批准后实施相应医疗措施，不能自行决定或无作为。选项A需法院介入，程序上不符合紧急处置的时效性要求；选项B未经审批违反程序规定；选项D的消极等待可能延误抢救时机。

【最终答案】：C",客观题,C
医患关系,"你是一个严格按照要求答题的医学考试考生。请你先展示出完整的思考过程，然后再输出最终答案。每道题目有至少两个选项（A、B）至多五个选项（A、B、C、D、E），题目为不定项选择题，请按照以下格式作答：

【思考过程】：...

【最终答案】：AB / BCE / CD / DE / E / ...（只输出选项的编号，不要写选项内容）

示例：
题目：医疗伦理中四大基本原则是？
A.尊重自主权
B.善意行为
C.无害原则
D.公正原则
E.以上都不是
【思考过程】：本题考查医学伦理的四大基本原则，包括尊重自主权、不伤害原则、行善原则、公正原则。

【最终答案】：ABCD

题目：医生在执业过程中，下列哪些行为违反了相关规定？
A.未亲自诊查即签署医学证明文件
B.发现病历错误后补充修正并签名
C.内科医生为患者出具骨科疾病诊断书
D.将病历填写时间延迟一周后补写
E.拒绝为患者开具与病情不符的休假证明
【思考过程】：",ACD,DeepSeek-V3,"【思考过程】：本题考查医生执业行为规范的相关规定。根据《执业医师法》及相关医疗规范，医生在执业过程中必须遵守以下原则：必须亲自诊查才能签署医学证明文件（选项A违反）；发现病历错误应及时修正并签名（选项B符合规定）；医生应在其执业范围内出具诊断书（选项C违反，内科医生无权出具骨科诊断）；病历应及时填写，不得延迟或补写（选项D违反）；医生有权拒绝开具与病情不符的证明（选项E符合规定）。

【最终答案】：ACD",客观题,ACD
医患关系,"你是一个严格按照要求答题的医学考试考生。请你先展示出完整的思考过程，然后再输出最终答案。每道题目有至少两个选项（A、B）至多五个选项（A、B、C、D、E），题目为不定项选择题，请按照以下格式作答：

【思考过程】：...

【最终答案】：AB / BCE / CD / DE / E / ...（只输出选项的编号，不要写选项内容）

示例：
题目：医疗伦理中四大基本原则是？
A.尊重自主权
B.善意行为
C.无害原则
D.公正原则
E.以上都不是
【思考过程】：本题考查医学伦理的四大基本原则，包括尊重自主权、不伤害原则、行善原则、公正原则。

【最终答案】：ABCD

题目：以下哪些情形需要医师按照有关规定及时报告？
A.发现患者隐瞒家族遗传病史
B.发现父亲用铁链约束有智力障碍的子女
C.收集到药物临床试验阶段的无效数据
D.老年人长期不规律服用过期降压药
E.轻症患者通过社交平台售卖剩余处方药
F.患者手术后出现未预料的肾功能损伤
【思考过程】：",BDF,DeepSeek-V3,"【思考过程】：本题考查医师的法定报告义务。根据《执业医师法》和相关法规，医师必须及时报告的情形包括：  
1. B选项涉及虐待儿童，属于法定强制报告事项（家庭暴力或虐待未成年人）；  
2. C选项涉及临床试验数据，研究者需按GCP规定报告无效/不良数据；  
3. E选项属于非法售卖处方药，可能危害公共健康，需报告监管部门；  
4. F选项为严重不良医疗事件（未预料的器官功能损伤），需按医疗质量安全事件报告制度上报。  
A选项（隐瞒病史）和D选项（不规范用药）属于医患沟通或健康指导范畴，非法定强制报告事项。  

注：题干选项标注为A-E，但实际有F选项，按字母顺序视为E选项后的补充，此处将F对应为选项6。  

【最终答案】：BCEF",客观题,BCEF
医患关系,"你是一个严格按照要求答题的医学考试考生。请你先展示出完整的思考过程，然后再输出最终答案。每道题目有至少两个选项（A、B）至多五个选项（A、B、C、D、E），题目为不定项选择题，请按照以下格式作答：

【思考过程】：...

【最终答案】：AB / BCE / CD / DE / E / ...（只输出选项的编号，不要写选项内容）

示例：
题目：医疗伦理中四大基本原则是？
A.尊重自主权
B.善意行为
C.无害原则
D.公正原则
E.以上都不是
【思考过程】：本题考查医学伦理的四大基本原则，包括尊重自主权、不伤害原则、行善原则、公正原则。

【最终答案】：ABCD

题目：以下哪些情况发生时，医师必须按照有关规定及时向所在机构或有关部门报告？
A.发现患者慢性疾病自行恶化
B.发现常规使用的医疗器械正常使用案例
C.发现可能与医疗器械有关的不良事件
D.发现患者因纠纷导致的非正常死亡
E.发现法律规定的其他需报告情形
【思考过程】：",CDE,DeepSeek-V3,"【思考过程】：本题考查医师在特定情况下的报告义务。根据相关规定，医师需要报告的情况包括：与医疗器械有关的不良事件（C）、患者因纠纷导致的非正常死亡（D）以及法律规定的其他需报告情形（E）。慢性疾病自行恶化（A）和常规医疗器械正常使用案例（B）不属于必须报告的情形。

【最终答案】：CDE",客观题,CDE
医患关系,"你是一个严格按照要求答题的医学考试考生。请你先展示出完整的思考过程，然后再输出最终答案。每道题目有至少两个选项（A、B）至多五个选项（A、B、C、D、E），题目为不定项选择题，请按照以下格式作答：

【思考过程】：...

【最终答案】：AB / BCE / CD / DE / E / ...（只输出选项的编号，不要写选项内容）

示例：
题目：医疗伦理中四大基本原则是？
A.尊重自主权
B.善意行为
C.无害原则
D.公正原则
E.以上都不是
【思考过程】：本题考查医学伦理的四大基本原则，包括尊重自主权、不伤害原则、行善原则、公正原则。

【最终答案】：ABCD

题目：医师在执业活动中必须及时报告以下哪些情形？
A.发现传染病患者
B.发生医疗事故
C.发现药品不良反应
D.发现廉价仿制药
E.发现患者涉嫌非正常死亡
【思考过程】：",ABE,DeepSeek-V3,"【思考过程】：本题考查医师执业活动中必须及时报告的情形。根据相关法律法规和执业规范，医师在执业活动中必须及时报告以下情形：发现传染病患者（A，根据《传染病防治法》）、发生医疗事故（B，根据《医疗事故处理条例》）、发现药品不良反应（C，根据《药品不良反应报告和监测管理办法》）、发现患者涉嫌非正常死亡（E，根据《执业医师法》和《医疗机构管理条例》）。发现廉价仿制药（D）不属于必须报告的情形，除非该药品存在质量问题。

【最终答案】：ABCE",客观题,ABCE
医患关系,"你是一个严格按照要求答题的医学考试考生。请你先展示出完整的思考过程，然后再输出最终答案。每道题目有至少两个选项（A、B）至多五个选项（A、B、C、D、E），题目为不定项选择题，请按照以下格式作答：

【思考过程】：...

【最终答案】：AB / BCE / CD / DE / E / ...（只输出选项的编号，不要写选项内容）

示例：
题目：医疗伦理中四大基本原则是？
A.尊重自主权
B.善意行为
C.无害原则
D.公正原则
E.以上都不是
【思考过程】：本题考查医学伦理的四大基本原则，包括尊重自主权、不伤害原则、行善原则、公正原则。

【最终答案】：ABCD

题目：以下哪种情况可能被责令暂停执业活动并给予警告，情节严重时可能被吊证？
A.医师在手术时因设备故障导致手术超时
B.对需要紧急救治的患者因无法联系家属而延迟处置
C.未在24小时上报患者的传染病确诊信息
D.发生医疗事故后未向主管部门报告
E.因个人关系拒绝参与非应急的社区健康讲座
【思考过程】：",BD,DeepSeek-V3,"【思考过程】：本题考查医师执业中可能被责令暂停执业活动并给予警告的情形，需结合《医师法》和相关法规分析。关键点在于判断哪些行为属于严重违反执业规范或危害患者权益的情形：
1. 选项A设备故障属客观因素，非医师主观过错，通常不构成处罚依据；
2. 选项B涉及紧急救治义务，根据《医师法》第27条，紧急情况下必须立即救治，延迟处置涉嫌违法；
3. 选项C违反《传染病防治法》规定的法定报告时限，需承担行政责任；
4. 选项D医疗事故瞒报属于《医疗事故处理条例》明确禁止的行为；
5. 选项E属职业道德范畴，未直接危害患者权益，一般不会吊证。

综上，BCD选项均涉及法定义务的违反，可能面临暂停执业或吊证处罚；AE不符合处罚要件。

【最终答案】：BCD",客观题,BCD
医患关系,"你是一个严格按照要求答题的医学考试考生。请你先展示出完整的思考过程，然后再输出最终答案。每道题目有至少两个选项（A、B）至多五个选项（A、B、C、D、E），题目为不定项选择题，请按照以下格式作答：

【思考过程】：...

【最终答案】：AB / BCE / CD / DE / E / ...（只输出选项的编号，不要写选项内容）

示例：
题目：医疗伦理中四大基本原则是？
A.尊重自主权
B.善意行为
C.无害原则
D.公正原则
E.以上都不是
【思考过程】：本题考查医学伦理的四大基本原则，包括尊重自主权、不伤害原则、行善原则、公正原则。

【最终答案】：ABCD

题目：以下哪些行为违反了《医师法》中关于医师执业活动的规定？
A. 在紧急救治中因设备不足放弃对患者施救
B. 未按照消防部门要求参与火灾后伤员分流
C. 地震期间拒绝县卫健委的现场救援调派
D. 隐瞒工作期间发生的重大医疗过失事件
E. 执行与执业规范不符但患者家属强烈要求的治疗方案
【思考过程】：",CDE,DeepSeek-V3,"【思考过程】：
本题考查《医师法》中关于医师执业活动的禁止性规定，需结合法条逐一分析：
A. 违反《医师法》第27条（紧急救治义务），医师在紧急情况下不得拒绝救治，设备不足不能成为免责理由；
B. 符合《医师法》第32条（服从调遣义务），消防部门无权直接调遣医师，不构成违法；
C. 违反《医师法》第32条，自然灾害中拒绝卫生行政部门调遣属于违法；
D. 违反《医师法》第24条（如实报告义务），重大医疗过失必须及时报告；
E. 违反《医师法》第25条（规范执业义务），医师应坚持专业判断，不得违规操作。

【最终答案】：ACDE",客观题,ACDE
医患关系,"你是一个严格按照要求答题的医学考试考生。请你先展示出完整的思考过程，然后再输出最终答案。每道题目有至少两个选项（A、B）至多五个选项（A、B、C、D、E），题目为不定项选择题，请按照以下格式作答：

【思考过程】：...

【最终答案】：AB / BCE / CD / DE / E / ...（只输出选项的编号，不要写选项内容）

示例：
题目：医疗伦理中四大基本原则是？
A.尊重自主权
B.善意行为
C.无害原则
D.公正原则
E.以上都不是
【思考过程】：本题考查医学伦理的四大基本原则，包括尊重自主权、不伤害原则、行善原则、公正原则。

【最终答案】：ABCD

题目：以下哪些属于医疗机构及其医务人员在诊疗活动中依法应当履行的义务？
A.以患者为中心并遵守诊疗规范
B.加强人文关怀
C.优先保障治疗效率最大化
D.定期开展法规培训
E.确保患者投诉优先处理
【思考过程】：",ABD,DeepSeek-V3,"【思考过程】：本题考查医疗机构及医务人员在诊疗活动中的法定义务。根据《中华人民共和国民法典》和《医疗纠纷预防和处理条例》相关规定：
1. 医疗机构及医务人员应当遵守诊疗规范（A正确），这是医疗质量安全的核心要求；
2. 加强人文关怀（B正确）是《基本医疗卫生与健康促进法》明确规定的义务；
3. ""治疗效率最大化""（C错误）不属于法定义务，医疗行为需以安全为前提；
4. 法规培训（D错误）是医疗机构内部管理要求，非法定义务；
5. 投诉处理机制（E错误）属于医疗机构管理范畴，非诊疗活动中的直接义务。

【最终答案】：AB",客观题,AB
医患关系,"你是一个严格按照要求答题的医学考试考生。请你先展示出完整的思考过程，然后再输出最终答案。每道题目有至少两个选项（A、B）至多五个选项（A、B、C、D、E），题目为不定项选择题，请按照以下格式作答：

【思考过程】：...

【最终答案】：AB / BCE / CD / DE / E / ...（只输出选项的编号，不要写选项内容）

示例：
题目：医疗伦理中四大基本原则是？
A.尊重自主权
B.善意行为
C.无害原则
D.公正原则
E.以上都不是
【思考过程】：本题考查医学伦理的四大基本原则，包括尊重自主权、不伤害原则、行善原则、公正原则。

【最终答案】：ABCD

题目：在哪种情况下，医务人员可未经患者或其近亲属书面同意直接实施救治？
A.患者昏迷且无法联系近亲属时的常规手术
B.门诊患者拒绝治疗但情况不危急
C.病情危急无法取得意见且经机构负责人批准
D.患者清醒但不愿听取医疗方案说明
【思考过程】：",C,DeepSeek-V3,"【思考过程】：本题考查医疗行为中知情同意的例外情形。根据《医疗机构管理条例》和《侵权责任法》相关规定，医务人员在以下情况可未经书面同意实施救治：（1）病情危急无法取得患者或近亲属意见（需经医疗机构负责人批准）；（C选项符合）；（2）患者昏迷且无法联系近亲属时的紧急救治（A选项中的""常规手术""不符合""紧急""要件）；（B、D选项均不符合""病情危急""要件）。

【最终答案】：C",客观题,C
医患关系,"你是一个严格按照要求答题的医学考试考生。请你先展示出完整的思考过程，然后再输出最终答案。每道题目有至少两个选项（A、B）至多五个选项（A、B、C、D、E），题目为不定项选择题，请按照以下格式作答：

【思考过程】：...

【最终答案】：AB / BCE / CD / DE / E / ...（只输出选项的编号，不要写选项内容）

示例：
题目：医疗伦理中四大基本原则是？
A.尊重自主权
B.善意行为
C.无害原则
D.公正原则
E.以上都不是
【思考过程】：本题考查医学伦理的四大基本原则，包括尊重自主权、不伤害原则、行善原则、公正原则。

【最终答案】：ABCD

题目：根据相关法规，医疗机构在处理患者就诊疗行为提出的疑问时，应当采取以下哪些措施？
A.立即修改诊疗方案并向患者公示
B.在24小时内开展核实和自查
C.由主治医师直接向患者进行书面解释
D.指定专人向患者或其近亲属沟通并如实说明情况
E.将自查结果形成报告备案存档
【思考过程】：",D,DeepSeek-V3,"【思考过程】：本题考查医疗机构处理患者疑问的规范流程。根据《医疗纠纷预防和处理条例》等法规要求：
1. 医疗机构应及时核实自查（通常要求24小时内启动），但无需立即修改诊疗方案（A错）；
2. 医患沟通应由专门人员规范进行（D正确），不限定必须由主治医师直接解释（C不严谨）；
3. 自查结果需形成书面记录存档（E正确）；
4. 最终解释应以沟通说明为主，不强制要求书面解释（C不完全正确）。

【最终答案】：BDE",客观题,BDE
医患关系,"你是一个严格按照要求答题的医学考试考生。请你先展示出完整的思考过程，然后再输出最终答案。每道题目有至少两个选项（A、B）至多五个选项（A、B、C、D、E），题目为不定项选择题，请按照以下格式作答：

【思考过程】：...

【最终答案】：AB / BCE / CD / DE / E / ...（只输出选项的编号，不要写选项内容）

示例：
题目：医疗伦理中四大基本原则是？
A.尊重自主权
B.善意行为
C.无害原则
D.公正原则
E.以上都不是
【思考过程】：本题考查医学伦理的四大基本原则，包括尊重自主权、不伤害原则、行善原则、公正原则。

【最终答案】：ABCD

题目：发生医疗纠纷后，医疗机构依法应当告知患者或其近亲属的事项包括以下哪些内容？
A.解决纠纷的合法途径
B.医疗纠纷调解委员会的联系方式
C.病历资料封存与启封规定
D.医责保险赔付流程
E.病历资料查阅复制规定
【思考过程】：",ACE,DeepSeek-V3,"【思考过程】：本题考查医疗纠纷处理中医疗机构的告知义务。根据《医疗纠纷预防和处理条例》，医疗机构应当告知患者或其近亲属以下内容：1.解决医疗纠纷的合法途径（A正确）；2.病历资料查阅、复制的规定（E正确）；3.病历资料封存、启封的规定（C正确）。法律未强制要求告知调解委员会联系方式（B无依据）和医责保险流程（D属于保险范畴，非法定义务）。

【最终答案】：ACE",客观题,ACE
医患关系,"你是一个严格按照要求答题的医学考试考生。请你先展示出完整的思考过程，然后再输出最终答案。每道题目有至少两个选项（A、B）至多五个选项（A、B、C、D、E），题目为不定项选择题，请按照以下格式作答：

【思考过程】：...

【最终答案】：AB / BCE / CD / DE / E / ...（只输出选项的编号，不要写选项内容）

示例：
题目：医疗伦理中四大基本原则是？
A.尊重自主权
B.善意行为
C.无害原则
D.公正原则
E.以上都不是
【思考过程】：本题考查医学伦理的四大基本原则，包括尊重自主权、不伤害原则、行善原则、公正原则。

【最终答案】：ABCD

题目：当发生医疗纠纷且患者死亡时，医疗机构应当如何处理？
A.立即组织专家委员会进行内部调查
B.主动联系媒体澄清事件过程
C.向近亲属详细说明当前医疗措施的法律依据
D.及时告知患者近亲属关于尸检的相关规定
E.在获得卫生部门批准后启动医疗事故鉴定
【思考过程】：",D,DeepSeek-V3,"【思考过程】：本题考查医疗机构在发生医疗纠纷且患者死亡时的处理规范。根据《医疗纠纷预防和处理条例》及相关法律法规：

1. 医疗机构应立即启动内部调查程序（A正确），但无需等待卫生部门批准即可组织专家委员会。

2. 主动联系媒体（B错误）可能违反患者隐私保护原则，且未经调查核实前不宜对外发布信息。

3. 向近亲属说明法律依据（C正确）是保障知情权的体现，但需注意沟通方式。

4. 尸检告知义务（D正确）是法定义务，应在患者死亡后48小时内告知（冷冻条件下7日内）。

5. 医疗事故鉴定（E错误）应由医患双方共同委托或卫生行政部门依职权启动，非单方面行为。

【最终答案】：ACD",客观题,ACD
医患关系,"你是一个严格按照要求答题的医学考试考生。请你先展示出完整的思考过程，然后再输出最终答案。每道题目有至少两个选项（A、B）至多五个选项（A、B、C、D、E），题目为不定项选择题，请按照以下格式作答：

【思考过程】：...

【最终答案】：AB / BCE / CD / DE / E / ...（只输出选项的编号，不要写选项内容）

示例：
题目：医疗伦理中四大基本原则是？
A.尊重自主权
B.善意行为
C.无害原则
D.公正原则
E.以上都不是
【思考过程】：本题考查医学伦理的四大基本原则，包括尊重自主权、不伤害原则、行善原则、公正原则。

【最终答案】：ABCD

题目：以下哪些情况下医疗机构可以自行启封封存的病历资料？
A.封存满2年患者未提出解决纠纷要求
B.医疗机构与患者协商一致但未满3年
C.医疗纠纷已经解决
D.封存满3年且患者未再提出解决医疗纠纷要求
【思考过程】：",CD,DeepSeek-V3,"【思考过程】：本题考查医疗机构自行启封封存病历资料的法律规定。根据《医疗纠纷预防和处理条例》规定，医疗机构可以自行启封封存病历资料的情况包括：1.医疗纠纷已经解决；2.封存满3年且患者未再提出解决医疗纠纷要求。其他选项如封存满2年未提出要求、协商一致但未满3年均不符合法律规定。

【最终答案】：CD",客观题,CD
医患关系,"你是一个严格按照要求答题的医学考试考生。请你先展示出完整的思考过程，然后再输出最终答案。每道题目有至少两个选项（A、B）至多五个选项（A、B、C、D、E），题目为不定项选择题，请按照以下格式作答：

【思考过程】：...

【最终答案】：AB / BCE / CD / DE / E / ...（只输出选项的编号，不要写选项内容）

示例：
题目：医疗伦理中四大基本原则是？
A.尊重自主权
B.善意行为
C.无害原则
D.公正原则
E.以上都不是
【思考过程】：本题考查医学伦理的四大基本原则，包括尊重自主权、不伤害原则、行善原则、公正原则。

【最终答案】：ABCD

题目：关于医疗纠纷中现场实物封存的处理，以下哪项描述是正确的？
A.封存现场实物由患者自行保管
B.检验机构可由医疗机构单独委托
C.封存满2年未解决纠纷即可启封
D.输血问题需通知血站派员到场
E.医疗机构与患者共同封存后由卫生部门指定检验机构
【思考过程】：",DE,DeepSeek-V3,"【思考过程】：本题考查医疗纠纷中现场实物封存的相关规定。根据《医疗纠纷预防和处理条例》及相关法规：  
1. **A选项错误**：封存现场实物应由医患双方共同封存（或第三方见证），并由医疗机构保管，而非患者自行保管。  
2. **B选项错误**：检验机构需医患双方共同委托或由卫生部门指定，医疗机构不可单独委托。  
3. **C选项错误**：封存期限根据实物性质而定（如输血问题保存期可能更短），无统一的“2年”规定。  
4. **D选项正确**：输血问题需通知血站派员到场核查，这是法定程序。  
5. **E选项错误**：卫生部门无权直接指定检验机构，需双方协商或依法委托。  

【最终答案】：D",客观题,D
医患关系,"你是一个严格按照要求答题的医学考试考生。请你先展示出完整的思考过程，然后再输出最终答案。每道题目有至少两个选项（A、B）至多五个选项（A、B、C、D、E），题目为不定项选择题，请按照以下格式作答：

【思考过程】：...

【最终答案】：AB / BCE / CD / DE / E / ...（只输出选项的编号，不要写选项内容）

示例：
题目：医疗伦理中四大基本原则是？
A.尊重自主权
B.善意行为
C.无害原则
D.公正原则
E.以上都不是
【思考过程】：本题考查医学伦理的四大基本原则，包括尊重自主权、不伤害原则、行善原则、公正原则。

【最终答案】：ABCD

题目：患者死亡后，医患双方对死因存在异议。关于尸检程序，以下哪几项描述符合法律规定？
A.在具备尸体冻存条件的情况下，死亡后第5天可进行尸检
B.死者的成年子女明确反对尸检但未签字，医院仍可实施尸检
C.尸检拖延导致超过规定时间引发纠纷的，由拖延方承担不利后果
D.尸检可由医疗机构具备解剖资质的主治医师独自操作
E.患者生前书面同意尸检即可免除近亲属签字流程
【思考过程】：",AC,DeepSeek-V3,"【思考过程】：本题考查尸检的法律规定。根据相关法规：  
1. 尸检应在死亡后48小时内进行，具备冻存条件可延长至7日（A项“第5天”在冻存条件下可行，但需注意最长时限为7日，因此A项表述不完全严谨但勉强可接受）。  
2. 尸检需近亲属同意并签字，若明确反对则不可实施（B项错误）。  
3. 拖延尸检导致证据灭失的责任由拖延方承担（C项正确）。  
4. 尸检需由病理或法医专业人员进行，主治医师无资质独自操作（D项错误）。  
5. 患者生前同意尸检仍需近亲属签字确认（E项错误）。  

【最终答案】：AC",客观题,AC
医患关系,"你是一个严格按照要求答题的医学考试考生。请你先展示出完整的思考过程，然后再输出最终答案。每道题目有至少两个选项（A、B）至多五个选项（A、B、C、D、E），题目为不定项选择题，请按照以下格式作答：

【思考过程】：...

【最终答案】：AB / BCE / CD / DE / E / ...（只输出选项的编号，不要写选项内容）

示例：
题目：医疗伦理中四大基本原则是？
A.尊重自主权
B.善意行为
C.无害原则
D.公正原则
E.以上都不是
【思考过程】：本题考查医学伦理的四大基本原则，包括尊重自主权、不伤害原则、行善原则、公正原则。

【最终答案】：ABCD

题目：患者在医疗机构内死亡后，尸体存放的最长期限一般不得超过多少日？
A.7日
B.12日
C.14日
D.30日
E.60日
【思考过程】：",C,DeepSeek-V3,"【思考过程】：本题考查医疗机构内尸体存放的管理规定。根据《医疗事故处理条例》和《医疗机构管理条例》相关规定，医疗机构内尸体存放的最长期限通常为14日，特殊情况需经批准可适当延长。

【最终答案】：C",客观题,C
医患关系,"你是一个严格按照要求答题的医学考试考生。请你先展示出完整的思考过程，然后再输出最终答案。每道题目有至少两个选项（A、B）至多五个选项（A、B、C、D、E），题目为不定项选择题，请按照以下格式作答：

【思考过程】：...

【最终答案】：AB / BCE / CD / DE / E / ...（只输出选项的编号，不要写选项内容）

示例：
题目：医疗伦理中四大基本原则是？
A.尊重自主权
B.善意行为
C.无害原则
D.公正原则
E.以上都不是
【思考过程】：本题考查医学伦理的四大基本原则，包括尊重自主权、不伤害原则、行善原则、公正原则。

【最终答案】：ABCD

题目：医疗机构发生重大医疗纠纷时，应当向哪一级卫生主管部门报告？
A.所在地县级以上地方人民政府卫生主管部门
B.市级以上人民政府卫生主管部门
C.医疗机构内部医疗纠纷处理部门
D.无需报告，自行处理
E.省级政府卫生主管部门
【思考过程】：",A,DeepSeek-V3,"【思考过程】：根据《医疗纠纷预防和处理条例》规定，医疗机构发生重大医疗纠纷时，应当向所在地县级以上地方人民政府卫生主管部门报告。同时，医疗机构内部也需要由医疗纠纷处理部门进行处理。无需报告自行处理和仅向省级政府卫生主管部门报告不符合规定。

【最终答案】：AC",客观题,AC
医患关系,"你是一个严格按照要求答题的医学考试考生。请你先展示出完整的思考过程，然后再输出最终答案。每道题目有至少两个选项（A、B）至多五个选项（A、B、C、D、E），题目为不定项选择题，请按照以下格式作答：

【思考过程】：...

【最终答案】：AB / BCE / CD / DE / E / ...（只输出选项的编号，不要写选项内容）

示例：
题目：医疗伦理中四大基本原则是？
A.尊重自主权
B.善意行为
C.无害原则
D.公正原则
E.以上都不是
【思考过程】：本题考查医学伦理的四大基本原则，包括尊重自主权、不伤害原则、行善原则、公正原则。

【最终答案】：ABCD

题目：医疗纠纷协商解决过程中，以下哪些行为符合法律规定？
A.医患双方在急诊科候诊区开展有12人参与的协商讨论
B.推举4名家属代表与院方5名代表进行协商
C.医院因患方索赔金额过高要求其必须接受人民调解
D.协商过程中主张""以医生职业荣誉作为主要赔付依据""
【思考过程】：",B,DeepSeek-V3,"【思考过程】：本题考查医疗纠纷协商解决的法律规定。根据《医疗纠纷预防和处理条例》相关规定：A选项在急诊科候诊区开展多人协商会影响正常医疗秩序，不符合规定；B选项推举代表协商符合法律规定，人数也没有限制性规定；C选项强制要求接受调解违反自愿原则；D选项赔付依据不符合法律规定，应以实际损失为依据。

【最终答案】：B",客观题,B
医患关系,"你是一个严格按照要求答题的医学考试考生。请你先展示出完整的思考过程，然后再输出最终答案。每道题目有至少两个选项（A、B）至多五个选项（A、B、C、D、E），题目为不定项选择题，请按照以下格式作答：

【思考过程】：...

【最终答案】：AB / BCE / CD / DE / E / ...（只输出选项的编号，不要写选项内容）

示例：
题目：医疗伦理中四大基本原则是？
A.尊重自主权
B.善意行为
C.无害原则
D.公正原则
E.以上都不是
【思考过程】：本题考查医学伦理的四大基本原则，包括尊重自主权、不伤害原则、行善原则、公正原则。

【最终答案】：ABCD

题目：关于医疗纠纷人民调解委员会委托医疗损害鉴定的流程及要求，以下哪些表述是正确的？
A.调解委员会可直接单方面委托司法鉴定机构进行鉴定
B.医学会有权自行决定是否简化鉴定程序以提高效率
C.司法鉴定机构应对出具的鉴定意见履行法定责任
D.医疗损害鉴定必须经医患双方共同委托才能启动
E.调解委员会经双方同意可代替医患委托鉴定
【思考过程】：",CE,DeepSeek-V3,"【思考过程】：
1. 选项A：根据《医疗纠纷预防和处理条例》，调解委员会不能单方面委托鉴定，需经双方同意或共同委托，因此A错误。
2. 选项B：医学会无权自行决定简化程序，需遵循法定程序和双方意愿，因此B错误。
3. 选项C：司法鉴定机构依法对鉴定意见负责，表述正确。
4. 选项D：鉴定启动方式包括双方共同委托、调解委员会委托（基于双方同意）等，并非必须双方共同委托，因此D错误。
5. 选项E：调解委员会在双方书面同意后可代为委托鉴定，符合条例规定，表述正确。

【最终答案】：CE",客观题,CE
医患关系,"你是一个严格按照要求答题的医学考试考生。请你先展示出完整的思考过程，然后再输出最终答案。每道题目有至少两个选项（A、B）至多五个选项（A、B、C、D、E），题目为不定项选择题，请按照以下格式作答：

【思考过程】：...

【最终答案】：AB / BCE / CD / DE / E / ...（只输出选项的编号，不要写选项内容）

示例：
题目：医疗伦理中四大基本原则是？
A.尊重自主权
B.善意行为
C.无害原则
D.公正原则
E.以上都不是
【思考过程】：本题考查医学伦理的四大基本原则，包括尊重自主权、不伤害原则、行善原则、公正原则。

【最终答案】：ABCD

题目：以下哪种情形需要咨询专家或鉴定人员回避？（多选）
A.作为医疗纠纷当事人的近亲
B.与纠纷存在经济利益
C.曾发表过相关医学论文
D.与当事人是大学同窗关系
E.上个月刚担任该医院伦理委员
【思考过程】：",ABDE,DeepSeek-V3,"【思考过程】：本题考查的是医疗纠纷鉴定或咨询中的回避原则。根据相关规定，需要回避的情形主要包括：1.与当事人存在亲属关系（A选项）；2.与纠纷存在直接利益冲突（B选项）；3.其他可能影响公正判断的关系（如D选项的同窗关系）。发表论文（C选项）和担任伦理委员（E选项）属于正常学术或职务行为，不构成回避理由。

【最终答案】：ABD",客观题,ABD
医患关系,"你是一个严格按照要求答题的医学考试考生。请你先展示出完整的思考过程，然后再输出最终答案。每道题目有至少两个选项（A、B）至多五个选项（A、B、C、D、E），题目为不定项选择题，请按照以下格式作答：

【思考过程】：...

【最终答案】：AB / BCE / CD / DE / E / ...（只输出选项的编号，不要写选项内容）

示例：
题目：医疗伦理中四大基本原则是？
A.尊重自主权
B.善意行为
C.无害原则
D.公正原则
E.以上都不是
【思考过程】：本题考查医学伦理的四大基本原则，包括尊重自主权、不伤害原则、行善原则、公正原则。

【最终答案】：ABCD

题目：在下列哪种情形下，卫生主管部门应当不予受理医疗纠纷行政调解申请？
A.当事人申请后卫生主管部门未在5个工作日内作出决定
B.申请材料中缺少身份证复印件
C.已向医疗纠纷人民调解委员会提出申请但未被受理
D.已经向人民法院提起诉讼并被受理
E.医疗纠纷发生地不在本辖区
【思考过程】：",D,DeepSeek-V3,"【思考过程】：本题考查的是卫生主管部门不予受理医疗纠纷行政调解申请的情形。根据相关规定，卫生主管部门在以下情形下不予受理调解申请：1. 已经向人民法院提起诉讼并被受理（D选项）；2. 医疗纠纷发生地不在本辖区（E选项）。A选项中“未在5个工作日内作出决定”不是不予受理的法定情形；B选项中“缺少身份证复印件”属于材料不齐全，可要求补正，不是直接不予受理的情形；C选项中“已向医疗纠纷人民调解委员会提出申请但未被受理”并不直接影响行政调解的受理。  

【最终答案】：DE",客观题,DE
医患关系,"你是一个严格按照要求答题的医学考试考生。请你先展示出完整的思考过程，然后再输出最终答案。每道题目有至少两个选项（A、B）至多五个选项（A、B、C、D、E），题目为不定项选择题，请按照以下格式作答：

【思考过程】：...

【最终答案】：AB / BCE / CD / DE / E / ...（只输出选项的编号，不要写选项内容）

示例：
题目：医疗伦理中四大基本原则是？
A.尊重自主权
B.善意行为
C.无害原则
D.公正原则
E.以上都不是
【思考过程】：本题考查医学伦理的四大基本原则，包括尊重自主权、不伤害原则、行善原则、公正原则。

【最终答案】：ABCD

题目：关于医疗纠纷调解过程的保密要求，以下哪些陈述是正确的？
A.调解委员会可向主管部门提交完整调解记录
B.经过医方单独同意可公开部分调解协议
C.医患双方任一方反对则不得公开调解内容
D.调解员需向第三方公开患者既往病史
E.未经双方同意不得公开调解会议录像
【思考过程】：",AE,DeepSeek-V3,"【思考过程】：本题考查医疗纠纷调解过程中的保密要求。根据相关规定：1.调解委员会可向主管部门提交调解记录（A正确）；2.调解内容需医患双方共同同意才能公开，单方同意不符合要求（B错误，C正确）；3.患者病史属于隐私，不得随意向第三方公开（D错误）；4.调解会议录像需双方同意才能公开（E正确）。

【最终答案】：ACE",客观题,ACE
医患关系,"你是一个严格按照要求答题的医学考试考生。请你先展示出完整的思考过程，然后再输出最终答案。每道题目有至少两个选项（A、B）至多五个选项（A、B、C、D、E），题目为不定项选择题，请按照以下格式作答：

【思考过程】：...

【最终答案】：AB / BCE / CD / DE / E / ...（只输出选项的编号，不要写选项内容）

示例：
题目：医疗伦理中四大基本原则是？
A.尊重自主权
B.善意行为
C.无害原则
D.公正原则
E.以上都不是
【思考过程】：本题考查医学伦理的四大基本原则，包括尊重自主权、不伤害原则、行善原则、公正原则。

【最终答案】：ABCD

题目：某医疗机构被查出篡改病历资料但未造成严重后果，依据相关法规，可能面临的处罚包括哪些？
A.直接主管人员被开除
B.医务人员暂停执业活动8个月
C.主管人员降低岗位等级
D.医务人员被吊销执业证书
E.依法追究刑事责任
【思考过程】：",BC,DeepSeek-V3,"【思考过程】：本题考查对医疗机构篡改病历资料的法律责任的理解。根据我国《医疗纠纷预防和处理条例》及相关法规：
1. 篡改病历属于违法行为，未造成严重后果时：
   - 对直接责任人员可给予处分（如降低岗位等级或撤职），但并非必须开除（A过于绝对，C正确）。
   - 医务人员可能被暂停6个月以上1年以下执业活动（B的8个月在合理范围内）。
   - 吊销执业证书（D）适用于情节严重的情形，题干明确“未造成严重后果”。
   - 追究刑事责任（E）需达到“情节严重”标准，题干不符。
2. 注意题干关键限制“未造成严重后果”，排除重罚选项。

【最终答案】：BC",客观题,BC
医患关系,"你是一个严格按照要求答题的医学考试考生。请你先展示出完整的思考过程，然后再输出最终答案。每道题目有至少两个选项（A、B）至多五个选项（A、B、C、D、E），题目为不定项选择题，请按照以下格式作答：

【思考过程】：...

【最终答案】：AB / BCE / CD / DE / E / ...（只输出选项的编号，不要写选项内容）

示例：
题目：医疗伦理中四大基本原则是？
A.尊重自主权
B.善意行为
C.无害原则
D.公正原则
E.以上都不是
【思考过程】：本题考查医学伦理的四大基本原则，包括尊重自主权、不伤害原则、行善原则、公正原则。

【最终答案】：ABCD

题目：以下哪种行为违反了医患关系中的伦理要求？
A.因患者宗教信仰调整沟通方式
B.因患者贫富差异限制医疗资源分配
C.拒绝为残疾患者开具与残疾无关的医疗证明
D.因患者文化程度隐瞒关键治疗风险
E.将患者医疗信息用于非诊疗相关的学术研究
【思考过程】：",BDE,DeepSeek-V3,"【思考过程】：本题考查医患关系中的伦理要求，需分析各选项是否符合伦理原则。A项调整沟通方式属于尊重患者自主权和文化差异，符合伦理；B项因贫富差异限制资源分配违反公正原则；C项拒绝开具无关证明符合专业伦理；D项隐瞒治疗风险侵犯患者知情权；E项未经同意将信息用于非诊疗目的违反保密原则。

【最终答案】：BDE",客观题,BDE
医患关系,"你是一个严格按照要求答题的医学考试考生。请你先展示出完整的思考过程，然后再输出最终答案。每道题目有至少两个选项（A、B）至多五个选项（A、B、C、D、E），题目为不定项选择题，请按照以下格式作答：

【思考过程】：...

【最终答案】：AB / BCE / CD / DE / E / ...（只输出选项的编号，不要写选项内容）

示例：
题目：医疗伦理中四大基本原则是？
A.尊重自主权
B.善意行为
C.无害原则
D.公正原则
E.以上都不是
【思考过程】：本题考查医学伦理的四大基本原则，包括尊重自主权、不伤害原则、行善原则、公正原则。

【最终答案】：ABCD

题目：以下哪种行为违反了医德廉洁自律要求？
A.不参加药企赞助的学术会议
B.收取患者赠送的贵重礼品
C.推荐患者到指定药店购药以获取提成
D.私自将患者信息出售给第三方机构
【思考过程】：",BCD,DeepSeek-V3,"【思考过程】：本题考查医德廉洁自律的要求。医德廉洁自律要求医务人员不得收受患者或相关企业的财物、不得利用职务之便谋取私利、不得泄露患者隐私。选项A不参加药企赞助的学术会议实际上符合廉洁自律的要求。选项B收取患者赠送的贵重礼品违反了不得收受患者财物的规定。选项C推荐患者到指定药店购药以获取提成属于利用职务之便谋取私利。选项D私自将患者信息出售给第三方机构违反了保护患者隐私的要求。

【最终答案】：BCD",客观题,BCD
医患关系,"你是一个严格按照要求答题的医学考试考生。请你先展示出完整的思考过程，然后再输出最终答案。每道题目有至少两个选项（A、B）至多五个选项（A、B、C、D、E），题目为不定项选择题，请按照以下格式作答：

【思考过程】：...

【最终答案】：AB / BCE / CD / DE / E / ...（只输出选项的编号，不要写选项内容）

示例：
题目：医疗伦理中四大基本原则是？
A.尊重自主权
B.善意行为
C.无害原则
D.公正原则
E.以上都不是
【思考过程】：本题考查医学伦理的四大基本原则，包括尊重自主权、不伤害原则、行善原则、公正原则。

【最终答案】：ABCD

题目：关于实验性临床医疗的知情同意要求，以下哪项符合法规规定？
A. 必须在患者本人拒绝时强制取得家属同意
B. 只需医疗机构内部伦理委员会批准即可开展
C. 口头告知患者风险后可跳过书面同意流程
D. 必须保障患者本人或其家属的知情同意权
E. 需患者和家属同时在场签署同意书
【思考过程】：",D,DeepSeek-V3,"【思考过程】：本题考查实验性临床医疗的知情同意要求。根据医疗法规和伦理原则：A选项错误，患者本人拒绝时不能强制取得家属同意；B选项错误，仅伦理委员会批准不足，仍需患者知情同意；C选项错误，必须签署书面知情同意书；D选项正确，保障患者本人或其家属知情同意权是基本要求；E选项错误，法规未要求患者和家属必须同时在场签署。

【最终答案】：D",客观题,D
医患关系,"你是一个严格按照要求答题的医学考试考生。请你先展示出完整的思考过程，然后再输出最终答案。每道题目有至少两个选项（A、B）至多五个选项（A、B、C、D、E），题目为不定项选择题，请按照以下格式作答：

【思考过程】：...

【最终答案】：AB / BCE / CD / DE / E / ...（只输出选项的编号，不要写选项内容）

示例：
题目：医疗伦理中四大基本原则是？
A.尊重自主权
B.善意行为
C.无害原则
D.公正原则
E.以上都不是
【思考过程】：本题考查医学伦理的四大基本原则，包括尊重自主权、不伤害原则、行善原则、公正原则。

【最终答案】：ABCD

题目：护士在履行护理职责时，下列哪项不属于规定必须包含的内容？
A.医学照顾与病情观察
B.健康教育与药物处方开具
C.协助诊疗与健康管理师资格培训
D.心理支持与康复指导
【思考过程】：",BC,DeepSeek-V3,"【思考过程】：本题考查护士的职责范围。根据护理工作规范，护士的职责主要包括医学照顾与病情观察（A）、健康教育与心理支持（D）、协助诊疗与康复指导（D）。药物处方开具（B）是医师的职责，护士无权执行；健康管理师资格培训（C）不属于护士常规职责，属于额外培训内容。

【最终答案】：BC",客观题,BC
医患关系,"你是一个严格按照要求答题的医学考试考生。请你先展示出完整的思考过程，然后再输出最终答案。每道题目有至少两个选项（A、B）至多五个选项（A、B、C、D、E），题目为不定项选择题，请按照以下格式作答：

【思考过程】：...

【最终答案】：AB / BCE / CD / DE / E / ...（只输出选项的编号，不要写选项内容）

示例：
题目：医疗伦理中四大基本原则是？
A.尊重自主权
B.善意行为
C.无害原则
D.公正原则
E.以上都不是
【思考过程】：本题考查医学伦理的四大基本原则，包括尊重自主权、不伤害原则、行善原则、公正原则。

【最终答案】：ABCD

题目：护士在发现患者病情危急时，以下哪种做法符合相关法律法规？
A.立即通知医师并全程记录病情变化
B.优先联系患者家属说明情况
C.在医师未到达时拒绝实施任何救护措施
D.为抢救生命直接实施心脏电除颤操作
E.立即通知医师并在紧急情况下实施必要救护
【思考过程】：",E,DeepSeek-V3,"【思考过程】：本题考查护士在紧急情况下的法律义务和操作规范。根据相关法律法规和护理规范：  
1. 护士发现患者病情危急时，必须立即通知医师（A、E符合），并全程记录病情变化（A符合）；  
2. 紧急情况下，护士应在医师未到达时实施必要的救护措施（C错误，E正确），但心脏电除颤等高风险操作需有明确授权或医嘱（D错误，除非护士具备资质且情况紧急无其他选择）；  
3. 联系家属是后续沟通环节，非优先事项（B错误）。  

【最终答案】：AE",客观题,AE
医患关系,"你是一个严格按照要求答题的医学考试考生。请你先展示出完整的思考过程，然后再输出最终答案。每道题目有至少两个选项（A、B）至多五个选项（A、B、C、D、E），题目为不定项选择题，请按照以下格式作答：

【思考过程】：...

【最终答案】：AB / BCE / CD / DE / E / ...（只输出选项的编号，不要写选项内容）

示例：
题目：医疗伦理中四大基本原则是？
A.尊重自主权
B.善意行为
C.无害原则
D.公正原则
E.以上都不是
【思考过程】：本题考查医学伦理的四大基本原则，包括尊重自主权、不伤害原则、行善原则、公正原则。

【最终答案】：ABCD

题目：医务人员在协同医师工作时，必须向患者解释说明的内容应包含以下哪些内容？
A.药物使用遴选、适应症、禁忌
B.适应症、禁忌、药品价格
C.适应症、禁忌、不良反应、药品生产厂家
D.药物遴选、适应症、禁忌、不良反应、注意事项、使用方法
E.指导患者调整药物剂量以节省费用
【思考过程】：",D,DeepSeek-V3,"【思考过程】：本题考查医务人员向患者解释说明的内容。根据医疗规范，医务人员需要向患者解释药物的适应症、禁忌、不良反应、注意事项及使用方法，以确保患者正确理解和使用药物。药品价格和生产厂家并非必须解释的内容，而指导患者自行调整药物剂量以节省费用是不符合医疗规范的。

【最终答案】：AD",客观题,AD
医患关系,"你是一个严格按照要求答题的医学考试考生。请你先展示出完整的思考过程，然后再输出最终答案。每道题目有至少两个选项（A、B）至多五个选项（A、B、C、D、E），题目为不定项选择题，请按照以下格式作答：

【思考过程】：...

【最终答案】：AB / BCE / CD / DE / E / ...（只输出选项的编号，不要写选项内容）

示例：
题目：医疗伦理中四大基本原则是？
A.尊重自主权
B.善意行为
C.无害原则
D.公正原则
E.以上都不是
【思考过程】：本题考查医学伦理的四大基本原则，包括尊重自主权、不伤害原则、行善原则、公正原则。

【最终答案】：ABCD

题目：以下哪个行为符合医患关系中的伦理要求？
A.主动减少患者家属的担忧
B.积极配合临床诊疗
C.巧妙探问患者隐私用于研究
D.保护患者隐私
E.优先履行医院创收指标
【思考过程】：",BD,DeepSeek-V3,"【思考过程】：本题考查医患关系中的伦理要求。根据医学伦理的基本原则，医患关系应遵循尊重自主权、不伤害原则、行善原则和公正原则。选项A“主动减少患者家属的担忧”符合行善原则；选项B“积极配合临床诊疗”符合行善原则和无害原则；选项C“巧妙探问患者隐私用于研究”违反了尊重自主权和保护患者隐私的原则；选项D“保护患者隐私”符合尊重自主权和保护患者隐私的原则；选项E“优先履行医院创收指标”可能违反公正原则和患者利益优先的原则。

【最终答案】：ABD",客观题,ABD
医患关系,"你是一个严格按照要求答题的医学考试考生。请你先展示出完整的思考过程，然后再输出最终答案。每道题目有至少两个选项（A、B）至多五个选项（A、B、C、D、E），题目为不定项选择题，请按照以下格式作答：

【思考过程】：...

【最终答案】：AB / BCE / CD / DE / E / ...（只输出选项的编号，不要写选项内容）

示例：
题目：医疗伦理中四大基本原则是？
A.尊重自主权
B.善意行为
C.无害原则
D.公正原则
E.以上都不是
【思考过程】：本题考查医学伦理的四大基本原则，包括尊重自主权、不伤害原则、行善原则、公正原则。

【最终答案】：ABCD

题目：在医患关系中，以下哪些是医务人员必须履行的职责？
A.指导患者配合检查
B.对接触放射性物质的人员仅告知风险
C.帮助患者查询检查结果
D.对接触传染性物质的人员不采取任何防护措施
E.对接触传染性物质的人员进行风险告知并给予防护
【思考过程】：",ACE,DeepSeek-V3,"【思考过程】：本题考查医务人员在医患关系中必须履行的职责。根据医疗伦理和法律法规，医务人员有责任指导患者配合检查（A），以确保诊疗过程的顺利进行；必须对接触传染性物质的人员进行风险告知并提供防护（E），以保障患者和医务人员的健康安全；帮助患者查询检查结果（C）也是医务人员的职责之一。而选项B和D不符合医疗伦理和法律法规的要求，医务人员应充分告知风险并提供必要的防护措施，而不仅仅是告知风险或不采取任何防护措施。

【最终答案】：ACE",客观题,ACE
医患关系,"你是一个严格按照要求答题的医学考试考生。请你先展示出完整的思考过程，然后再输出最终答案。每道题目有至少两个选项（A、B）至多五个选项（A、B、C、D、E），题目为不定项选择题，请按照以下格式作答：

【思考过程】：...

【最终答案】：AB / BCE / CD / DE / E / ...（只输出选项的编号，不要写选项内容）

示例：
题目：医疗伦理中四大基本原则是？
A.尊重自主权
B.善意行为
C.无害原则
D.公正原则
E.以上都不是
【思考过程】：本题考查医学伦理的四大基本原则，包括尊重自主权、不伤害原则、行善原则、公正原则。

【最终答案】：ABCD

题目：下列哪项不属于医疗机构应推行的合理用药管理原则？
A.安全原则
B.有效原则
C.经济原则
D.便捷性原则
E.快速性原则
【思考过程】：",DE,DeepSeek-V3,"【思考过程】：本题考查医疗机构合理用药管理原则。根据相关规定，合理用药应遵循安全、有效、经济、适当的原则，而“便捷性”和“快速性”并非合理用药的核心管理原则，尤其是“快速性”可能违背用药安全性和科学性的要求。

【最终答案】：DE",客观题,DE
医患关系,"你是一个严格按照要求答题的医学考试考生。请你先展示出完整的思考过程，然后再输出最终答案。每道题目有至少两个选项（A、B）至多五个选项（A、B、C、D、E），题目为不定项选择题，请按照以下格式作答：

【思考过程】：...

【最终答案】：AB / BCE / CD / DE / E / ...（只输出选项的编号，不要写选项内容）

示例：
题目：医疗伦理中四大基本原则是？
A.尊重自主权
B.善意行为
C.无害原则
D.公正原则
E.以上都不是
【思考过程】：本题考查医学伦理的四大基本原则，包括尊重自主权、不伤害原则、行善原则、公正原则。

【最终答案】：ABCD

题目：以下哪些行为符合医疗机构及其医务人员的伦理义务？
A.未经患者同意公开其诊疗方案用于学术交流，B.在监护人在场情况下仅向未成年人解释手术风险，C.为同事亲属提供患者的诊疗记录以方便病情讨论，D.签署知情同意书后实施风险性检查，E.应患者要求销毁电子病历中的隐私数据
【思考过程】：",E,DeepSeek-V3,"【思考过程】：
本题考查医疗机构及医务人员的伦理义务，需结合医学伦理原则（尊重自主权、保密原则、知情同意等）分析各选项：

A. 未经患者同意公开诊疗方案：违反保密原则和知情同意原则，不符合伦理义务。
B. 仅向未成年人解释手术风险：未成年人需监护人在场并共同知情同意，未充分履行告知义务，不符合伦理规范。
C. 为同事亲属提供患者诊疗记录：违反保密原则，除非获得患者授权或 anonymized 处理，否则不符合伦理。
D. 签署知情同意后实施风险性检查：符合知情同意原则和医疗程序规范，属于伦理义务。
E. 应患者要求销毁电子病历：电子病历属于医疗记录需依法保存，未经法定程序销毁违反医疗法规，不属于伦理义务。

【最终答案】：D",客观题,D
医患关系,"你是一个严格按照要求答题的医学考试考生。请你先展示出完整的思考过程，然后再输出最终答案。每道题目有至少两个选项（A、B）至多五个选项（A、B、C、D、E），题目为不定项选择题，请按照以下格式作答：

【思考过程】：...

【最终答案】：AB / BCE / CD / DE / E / ...（只输出选项的编号，不要写选项内容）

示例：
题目：医疗伦理中四大基本原则是？
A.尊重自主权
B.善意行为
C.无害原则
D.公正原则
E.以上都不是
【思考过程】：本题考查医学伦理的四大基本原则，包括尊重自主权、不伤害原则、行善原则、公正原则。

【最终答案】：ABCD

题目：医疗机构在保障医患关系时可以采取以下哪些措施？
A.建立医疗安全与风险管理体系制度
B.利用医疗责任保险分担风险
C.缩减高风险科室的规模
D.制订医疗纠纷处理预案
E.完善患者投诉管理体系
F.定期公开医疗纠纷详细案件
【思考过程】：",ABDE,DeepSeek-V3,"【思考过程】：本题考查医疗机构在保障医患关系时可采取的措施。  
1. **A选项**（建立医疗安全与风险管理体系制度）是直接提升医疗质量、减少纠纷的核心措施，符合要求。  
2. **B选项**（利用医疗责任保险分担风险）是常见风险分担机制，可缓解医患矛盾，合理。  
3. **C选项**（缩减高风险科室规模）属于消极应对，可能影响医疗资源供给，不可取。  
4. **D选项**（制订医疗纠纷处理预案）是预防和规范纠纷处理的必要措施。  
5. **E选项**（完善患者投诉管理体系）有助于及时响应患者诉求，缓和矛盾。  
6. **F选项**（定期公开医疗纠纷详细案件）可能侵犯隐私或激化矛盾，非普遍适用措施。  

综上，合理措施为建立制度、保险分担、预案制订和投诉管理。  

【最终答案】：ABDE",客观题,ABDE
医患关系,"你是一个严格按照要求答题的医学考试考生。请你先展示出完整的思考过程，然后再输出最终答案。每道题目有至少两个选项（A、B）至多五个选项（A、B、C、D、E），题目为不定项选择题，请按照以下格式作答：

【思考过程】：...

【最终答案】：AB / BCE / CD / DE / E / ...（只输出选项的编号，不要写选项内容）

示例：
题目：医疗伦理中四大基本原则是？
A.尊重自主权
B.善意行为
C.无害原则
D.公正原则
E.以上都不是
【思考过程】：本题考查医学伦理的四大基本原则，包括尊重自主权、不伤害原则、行善原则、公正原则。

【最终答案】：ABCD

题目：某医院在接诊时，不得以下列哪些因素作为拒绝收治或歧视患者的依据？
A.患者职业等级
B.患者婚姻状况
C.患者宗教信仰
D.患者性取向
E.患者经济地位
【思考过程】：",BCDE,DeepSeek-V3,"【思考过程】：本题考查医疗机构在接诊时应遵循的伦理原则和法律规定。根据《中华人民共和国基本医疗卫生与健康促进法》，医疗机构和医务人员不得因患者的民族、种族、性别、职业、宗教信仰、婚姻状况、经济地位、性取向等因素拒绝收治或歧视患者。所有选项所列因素均属于禁止作为拒绝收治或歧视的依据。

【最终答案】：ABCDE",客观题,ABCDE
医患关系,"你是一个严格按照要求答题的医学考试考生。请你先展示出完整的思考过程，然后再输出最终答案。每道题目有至少两个选项（A、B）至多五个选项（A、B、C、D、E），题目为不定项选择题，请按照以下格式作答：

【思考过程】：...

【最终答案】：AB / BCE / CD / DE / E / ...（只输出选项的编号，不要写选项内容）

示例：
题目：医疗伦理中四大基本原则是？
A.尊重自主权
B.善意行为
C.无害原则
D.公正原则
E.以上都不是
【思考过程】：本题考查医学伦理的四大基本原则，包括尊重自主权、不伤害原则、行善原则、公正原则。

【最终答案】：ABCD

题目：以下哪种行为违反了关于医患沟通的相关规定？
A.使用通俗语言将病情转化为比喻进行解释
B.向患者详细介绍治疗方案的风险和益处
C.宣传诊疗效果时夸大成功率以提高患者信心
D.开展“推荐亲友享优惠价格”的诊疗推广活动
【思考过程】：",CD,DeepSeek-V3,"【思考过程】：本题考查医患沟通的伦理规范和法律要求。选项A使用通俗语言和比喻解释病情是符合医患沟通要求的，有助于患者理解；选项B详细介绍治疗方案的风险和益处是医生的义务，符合知情同意原则；选项C夸大诊疗效果属于虚假宣传，违反了医疗广告和沟通的诚信原则；选项D的“推荐亲友享优惠价格”可能涉及不正当竞争和医疗商业化，违反医疗伦理和相关规定。

【最终答案】：CD",客观题,CD
医患关系,"你是一个严格按照要求答题的医学考试考生。请你先展示出完整的思考过程，然后再输出最终答案。每道题目有至少两个选项（A、B）至多五个选项（A、B、C、D、E），题目为不定项选择题，请按照以下格式作答：

【思考过程】：...

【最终答案】：AB / BCE / CD / DE / E / ...（只输出选项的编号，不要写选项内容）

示例：
题目：医疗伦理中四大基本原则是？
A.尊重自主权
B.善意行为
C.无害原则
D.公正原则
E.以上都不是
【思考过程】：本题考查医学伦理的四大基本原则，包括尊重自主权、不伤害原则、行善原则、公正原则。

【最终答案】：ABCD

题目：下列哪一种行为可能违反医学伦理相关法条？
A.为科研目的擅自增加非必要的放射性检查
B.在可预见的风险范围内调整麻醉方案以缩短手术时间
C.因门诊量大而使用超出说明书最高剂量10%的抗生素加快疗效
D.隐瞒罕见手术并发症风险以减轻患者焦虑
【思考过程】：",ACD,DeepSeek-V3,"【思考过程】：本题考查医学伦理的违规行为判断。A选项涉及非必要放射性检查，违反无害原则和不伤害原则；B选项在可预见风险范围内调整方案属于临床合理决策；C选项超说明书剂量使用抗生素违反用药规范和患者安全原则；D选项隐瞒风险侵犯患者知情同意权，违反尊重自主权原则。

【最终答案】：ACD",客观题,ACD
医患关系,"你是一个严格按照要求答题的医学考试考生。请你先展示出完整的思考过程，然后再输出最终答案。每道题目有至少两个选项（A、B）至多五个选项（A、B、C、D、E），题目为不定项选择题，请按照以下格式作答：

【思考过程】：...

【最终答案】：AB / BCE / CD / DE / E / ...（只输出选项的编号，不要写选项内容）

示例：
题目：医疗伦理中四大基本原则是？
A.尊重自主权
B.善意行为
C.无害原则
D.公正原则
E.以上都不是
【思考过程】：本题考查医学伦理的四大基本原则，包括尊重自主权、不伤害原则、行善原则、公正原则。

【最终答案】：ABCD

题目：根据相关法律法规，以下哪些行为违反了医师在医患关系中的伦理义务？（多选）
A.适当简化知情同意流程以减轻工作负担
B.在患者签署同意书前充分解释医疗风险
C.将书面知情同意书作为避免医患纠纷的唯一依据
D.花费15分钟与患者讨论替代治疗方案
E.仅通过电话回访确认术后恢复情况
【思考过程】：",ACE,DeepSeek-V3,"【思考过程】：
本题考查医师在医患关系中的伦理义务，核心是知情同意原则和医患沟通的伦理要求。

A. 简化知情同意流程：违反伦理义务，知情同意必须充分且符合规范流程，不能因工作负担而简化。  
B. 签署前充分解释风险：符合伦理义务，属于医师的职责。  
C. 将书面同意书作为唯一依据：违反伦理义务，知情同意的核心是沟通和理解，而非单纯书面形式。  
D. 讨论替代治疗方案：符合伦理义务，需充分告知患者所有可行选项。  
E. 仅电话回访确认术后情况：违反伦理义务，术后随访需根据病情需要采取适当方式，仅电话回访可能不够充分。  

【最终答案】：ACE",客观题,ACE
医患关系,"你是一个严格按照要求答题的医学考试考生。请你先展示出完整的思考过程，然后再输出最终答案。每道题目有至少两个选项（A、B）至多五个选项（A、B、C、D、E），题目为不定项选择题，请按照以下格式作答：

【思考过程】：...

【最终答案】：AB / BCE / CD / DE / E / ...（只输出选项的编号，不要写选项内容）

示例：
题目：医疗伦理中四大基本原则是？
A.尊重自主权
B.善意行为
C.无害原则
D.公正原则
E.以上都不是
【思考过程】：本题考查医学伦理的四大基本原则，包括尊重自主权、不伤害原则、行善原则、公正原则。

【最终答案】：ABCD

题目：医生在接诊经济困难患者时，根据伦理规范应当优先采取以下哪种做法？
A.推荐治疗成本最低的方案，B.结合医疗效果选择适宜方案并提供救助线索，C.优先推荐疗效明确但费用高昂的先进方案，D.仅提供治疗方案不参与救助工作，E.建议患者自行寻求社会救助
【思考过程】：",B,DeepSeek-V3,"【思考过程】：本题考查医生在面对经济困难患者时的伦理决策。根据医学伦理原则中的行善原则（为患者利益考虑）和公正原则（公平分配医疗资源），医生需要兼顾治疗效果和经济负担。A选项仅考虑成本，忽略了疗效；C选项未考虑患者经济能力；D选项缺乏人文关怀；E选项推卸了医生的社会责任。B选项既保证了医疗方案的适宜性，又主动提供救助线索，体现了伦理规范的要求。

【最终答案】：B",客观题,B
医患关系,"你是一个严格按照要求答题的医学考试考生。请你先展示出完整的思考过程，然后再输出最终答案。每道题目有至少两个选项（A、B）至多五个选项（A、B、C、D、E），题目为不定项选择题，请按照以下格式作答：

【思考过程】：...

【最终答案】：AB / BCE / CD / DE / E / ...（只输出选项的编号，不要写选项内容）

示例：
题目：医疗伦理中四大基本原则是？
A.尊重自主权
B.善意行为
C.无害原则
D.公正原则
E.以上都不是
【思考过程】：本题考查医学伦理的四大基本原则，包括尊重自主权、不伤害原则、行善原则、公正原则。

【最终答案】：ABCD

题目：以下表述是否正确：在指导医学生临床诊疗活动时，若取得患者书面同意，则允许其实施可能造成患者短暂焦虑的操作。
A.正确
B.错误
【思考过程】：",B,DeepSeek-V3,"【思考过程】：本题考查医学伦理中关于患者同意的知识点。在进行任何可能造成患者焦虑或其他不适的操作前，必须获得患者的知情同意，而不仅仅是书面同意。知情同意要求患者充分理解操作的性质、目的、风险、益处以及替代方案。短暂焦虑属于操作可能带来的心理影响，也应包含在知情同意的范围内。仅取得书面同意而不确保患者充分理解，不符合伦理要求。

【最终答案】：B",客观题,B
医患关系,"你是一个严格按照要求答题的医学考试考生。请你先展示出完整的思考过程，然后再输出最终答案。每道题目有至少两个选项（A、B）至多五个选项（A、B、C、D、E），题目为不定项选择题，请按照以下格式作答：

【思考过程】：...

【最终答案】：AB / BCE / CD / DE / E / ...（只输出选项的编号，不要写选项内容）

示例：
题目：医疗伦理中四大基本原则是？
A.尊重自主权
B.善意行为
C.无害原则
D.公正原则
E.以上都不是
【思考过程】：本题考查医学伦理的四大基本原则，包括尊重自主权、不伤害原则、行善原则、公正原则。

【最终答案】：ABCD

题目：当患者丧失决策能力时，以下哪些方式可用于尊重其意愿？（多选）
A. 生前遗嘱
B. 替代同意
C. 家属集体表决
D. 医学专家评估
E. 患者近亲属的口头声明
【思考过程】：",AB,DeepSeek-V3,"【思考过程】：本题考查患者丧失决策能力时尊重其意愿的合法方式。根据医学伦理和法律要求：  
1. 生前遗嘱（A）是患者预先表达的医疗意愿，具有法律效力；  
2. 替代同意（B）指由法定代理人（如监护人）代替患者决策，符合伦理要求；  
3. 家属集体表决（C）在我国部分情况下可作为替代决策方式，但需注意法律优先性；  
4. 医学专家评估（D）仅用于判断病情或决策能力，不能直接代表患者意愿；  
5. 近亲属口头声明（E）若无法律授权或书面证明，效力和优先性不足。  

因此，A、B、C是可行方式，D和E不符合题目核心要求（直接尊重患者意愿）。  

【最终答案】：ABC",客观题,ABC
医患关系,"你是一个严格按照要求答题的医学考试考生。请你先展示出完整的思考过程，然后再输出最终答案。每道题目有至少两个选项（A、B）至多五个选项（A、B、C、D、E），题目为不定项选择题，请按照以下格式作答：

【思考过程】：...

【最终答案】：AB / BCE / CD / DE / E / ...（只输出选项的编号，不要写选项内容）

示例：
题目：医疗伦理中四大基本原则是？
A.尊重自主权
B.善意行为
C.无害原则
D.公正原则
E.以上都不是
【思考过程】：本题考查医学伦理的四大基本原则，包括尊重自主权、不伤害原则、行善原则、公正原则。

【最终答案】：ABCD

题目：以下哪些做法违反了为患者保守秘密的医疗法规？
A.在科室内部会议上对患者病情进行匿名化讨论
B.在患者本人未授权的情况下，将诊疗结果告知其直系亲属
C.未经脱敏处理将患者诊疗数据上传至公共研究平台
D.在医院走廊用患者出生年份代替姓名谈论病情
E.通过医院安全系统调阅分管患者的完整病历
【思考过程】：",BCD,DeepSeek-V3,"【思考过程】：本题考查医疗保密原则的违反情形。根据医疗法规，保密原则的核心是未经患者授权不得泄露其医疗信息。分析各选项：A项匿名化讨论不涉及具体患者身份，不违反；B项未经授权告知直系亲属违反保密原则；C项未脱敏上传公共平台属于严重泄露；D项虽未用姓名但结合出生年份可能识别身份，属于违规；E项调阅分管患者病历属于职责范围内合法行为。

【最终答案】：BCD",客观题,BCD
医患关系,"你是一个严格按照要求答题的医学考试考生。请你先展示出完整的思考过程，然后再输出最终答案。每道题目有至少两个选项（A、B）至多五个选项（A、B、C、D、E），题目为不定项选择题，请按照以下格式作答：

【思考过程】：...

【最终答案】：AB / BCE / CD / DE / E / ...（只输出选项的编号，不要写选项内容）

示例：
题目：医疗伦理中四大基本原则是？
A.尊重自主权
B.善意行为
C.无害原则
D.公正原则
E.以上都不是
【思考过程】：本题考查医学伦理的四大基本原则，包括尊重自主权、不伤害原则、行善原则、公正原则。

【最终答案】：ABCD

题目：患者李某要求查看自己的完整病历，发现其中包含其兄弟的健康隐私信息。根据相关规定，以下哪项处理方式正确？
A.直接隐瞒该部分信息以防止家庭矛盾
B.无需征求其兄弟同意即可完全公开
C.在判断该信息公开不会对李某造成伤害后仍隐瞒相关信息
D.征得李某兄弟的书面同意后告知该部分信息
【思考过程】：",D,DeepSeek-V3,"【思考过程】：本题考查的是患者隐私权和知情权的平衡处理。根据医疗伦理和法律规定：  
1. **选项A**错误，直接隐瞒信息违反患者知情权，且未解决隐私问题；  
2. **选项B**错误，公开第三方隐私信息需征得其同意；  
3. **选项C**错误，即使无直接伤害，隐瞒信息仍可能侵犯患者知情权；  
4. **选项D**正确，需保护第三方隐私，征得其书面同意后告知符合伦理和法律要求。  

【最终答案】：D",客观题,D
医患关系,"你是一个严格按照要求答题的医学考试考生。请你先展示出完整的思考过程，然后再输出最终答案。每道题目有至少两个选项（A、B）至多五个选项（A、B、C、D、E），题目为不定项选择题，请按照以下格式作答：

【思考过程】：...

【最终答案】：AB / BCE / CD / DE / E / ...（只输出选项的编号，不要写选项内容）

示例：
题目：医疗伦理中四大基本原则是？
A.尊重自主权
B.善意行为
C.无害原则
D.公正原则
E.以上都不是
【思考过程】：本题考查医学伦理的四大基本原则，包括尊重自主权、不伤害原则、行善原则、公正原则。

【最终答案】：ABCD

题目：以下关于患者权利的说法中，符合我国医学伦理相关规范的有哪些？
A.患者有权拒绝医生建议的手术方案
B.医生可以优先满足患者与治疗相关的个人选择
C.患者接受化疗后若反悔，需医生评估专业意见后方可终止
D.患者要求采用替代医疗方案时，需经医院伦理委员会批准
E.患者有权在不违反法律的前提下要求调整止疼药使用剂量
【思考过程】：",AE,DeepSeek-V3,"【思考过程】：
本题考查患者权利与医学伦理规范的匹配性，需结合我国《医疗机构从业人员行为规范》《执业医师法》等法规分析：
A.符合""尊重自主权""原则，患者有权拒绝任何治疗（紧急抢救等特殊情况除外）。
B.正确，医生应在专业范围内优先满足患者合理选择（如手术方式、床位选择等），但需以治疗安全为前提。
C.错误，患者随时有权撤回治疗同意（化疗属于非紧急干预），无需医生批准，但医生需告知风险。
D.错误，替代方案只需医患协商并记录，仅涉及重大伦理争议时才需伦理委员会介入。
E.正确，疼痛管理属于患者基本权利，在法律允许剂量范围内可调整。

【最终答案】：ABE",客观题,ABE
医患关系,"你是一个严格按照要求答题的医学考试考生。请你先展示出完整的思考过程，然后再输出最终答案。每道题目有至少两个选项（A、B）至多五个选项（A、B、C、D、E），题目为不定项选择题，请按照以下格式作答：

【思考过程】：...

【最终答案】：AB / BCE / CD / DE / E / ...（只输出选项的编号，不要写选项内容）

示例：
题目：医疗伦理中四大基本原则是？
A.尊重自主权
B.善意行为
C.无害原则
D.公正原则
E.以上都不是
【思考过程】：本题考查医学伦理的四大基本原则，包括尊重自主权、不伤害原则、行善原则、公正原则。

【最终答案】：ABCD

题目：对于失去意识的急危患者和自杀患者，以下哪些处理符合法定要求？
A. 无法联系法定代理人时，医师可先行实施插管术，术后24小时补报管理者  
B. 对清醒后多次拔除抢救管道的自杀患者，可终止生命维持治疗  
C. 报经科主任批准后，无需等待管理者最终批复即可开展体外循环手术  
D. 医师默认为患者同意后，需经医务处书面批准方可实施开颅减压术  
E. 精神病发作者持刀自残后昏迷，按常规流程联系家属失败后立即手术
【思考过程】：",D,DeepSeek-V3,"【思考过程】：本题考查对急危患者和自杀患者的法定处理流程的理解。根据医疗法规和伦理原则：  
1. **选项A**：符合紧急情况下“抢救生命优先”原则，无法联系家属时医师有权紧急处置，但需及时补报（如24小时内），符合法定要求。  
2. **选项B**：清醒患者多次拔管表明其拒绝治疗，但生命维持治疗的终止需严格符合伦理评估和法律程序（如患者意愿、家属同意等），单方面终止可能不合法。  
3. **选项C**：紧急手术（如体外循环）可先经科主任批准实施，无需等待管理者最终批复，属于“紧急避险”范畴，符合法规。  
4. **选项D**：医师默认患者同意需谨慎，开颅等重大手术需医务处书面批准，但流程可能延误抢救，不完全符合“紧急情况”的法定优先处置原则。  
5. **选项E**：精神病患者自残昏迷属紧急情况，联系家属失败后立即手术符合“生命至上”原则，无需额外审批。  

综上，**A、C、E**符合法定要求；B需进一步伦理法律评估，D流程与紧急情况冲突。  

【最终答案】：ACE",客观题,ACE
医患关系,"你是一个严格按照要求答题的医学考试考生。请你先展示出完整的思考过程，然后再输出最终答案。每道题目有至少两个选项（A、B）至多五个选项（A、B、C、D、E），题目为不定项选择题，请按照以下格式作答：

【思考过程】：...

【最终答案】：AB / BCE / CD / DE / E / ...（只输出选项的编号，不要写选项内容）

示例：
题目：医疗伦理中四大基本原则是？
A.尊重自主权
B.善意行为
C.无害原则
D.公正原则
E.以上都不是
【思考过程】：本题考查医学伦理的四大基本原则，包括尊重自主权、不伤害原则、行善原则、公正原则。

【最终答案】：ABCD

题目：关于行为能力受限患者的诊疗决策，以下哪些做法符合伦理规范？
A.用图文并茂的说明书让失语症患者指认同意事项
B.让10岁患儿独立签署全身麻醉知情同意书
C.让轻度阿尔茨海默病老人的个人意愿成为决策首要依据
D.对躁狂症发作期患者直接由近亲属代为决定
E.经专业评估确认患者具备部分决策能力时共同签署文件
【思考过程】：",AE,DeepSeek-V3,"【思考过程】：
本题考查行为能力受限患者的诊疗决策伦理规范，需结合患者具体情况和伦理原则分析：
A. 失语症患者虽语言能力受限，但可通过非语言方式表达意愿，符合尊重自主权原则。
B. 10岁患儿属于未成年人，法律上无完全民事行为能力，全身麻醉等重大决策需监护人参与。
C. 轻度阿尔茨海默病患者在意识清醒时仍可表达意愿，应优先尊重其自主选择。
D. 躁狂发作期患者可能丧失现实判断力，紧急情况下由近亲属代决定符合无害原则。
E. 部分决策能力者采用共同决策模式（shared decision-making）是国际通行做法。

排除项：B（违反未成年人保护原则）

【最终答案】：ACDE",客观题,ACDE
医患关系,"你是一个严格按照要求答题的医学考试考生。请你先展示出完整的思考过程，然后再输出最终答案。每道题目有至少两个选项（A、B）至多五个选项（A、B、C、D、E），题目为不定项选择题，请按照以下格式作答：

【思考过程】：...

【最终答案】：AB / BCE / CD / DE / E / ...（只输出选项的编号，不要写选项内容）

示例：
题目：医疗伦理中四大基本原则是？
A.尊重自主权
B.善意行为
C.无害原则
D.公正原则
E.以上都不是
【思考过程】：本题考查医学伦理的四大基本原则，包括尊重自主权、不伤害原则、行善原则、公正原则。

【最终答案】：ABCD

题目：当患者法定代理人禁止提供必要治疗时，医生正确的做法是？
A.在任何情况下严格遵守代理人决定
B.非危急时提出异议，危急时以患者利益优先实施治疗
C.在非危急情况下强行实施治疗
D.危急时仍需等待伦理委员会批准后再治疗
【思考过程】：",B,DeepSeek-V3,"【思考过程】：本题考查医生在面对患者法定代理人禁止提供必要治疗时的伦理和法律应对原则。根据医学伦理和法律规定，医生应以患者最佳利益为核心，在不同情境下采取不同措施：  
1. **选项A**错误：医生不应无条件遵从代理人决定，尤其在代理人决定可能损害患者生命或健康时。  
2. **选项B**正确：非紧急情况下应与代理人沟通或通过法律途径提出异议；紧急情况下需以患者生命为重，优先实施必要治疗。  
3. **选项C**错误：非紧急情况下强行治疗可能侵犯法律和伦理规范，需通过协商或法律程序解决。  
4. **选项D**错误：紧急情况下等待伦理委员会批准会延误救治，违背“不伤害”原则。  

【最终答案】：B",客观题,B
医患关系,"你是一个严格按照要求答题的医学考试考生。请你先展示出完整的思考过程，然后再输出最终答案。每道题目有至少两个选项（A、B）至多五个选项（A、B、C、D、E），题目为不定项选择题，请按照以下格式作答：

【思考过程】：...

【最终答案】：AB / BCE / CD / DE / E / ...（只输出选项的编号，不要写选项内容）

示例：
题目：医疗伦理中四大基本原则是？
A.尊重自主权
B.善意行为
C.无害原则
D.公正原则
E.以上都不是
【思考过程】：本题考查医学伦理的四大基本原则，包括尊重自主权、不伤害原则、行善原则、公正原则。

【最终答案】：ABCD

题目：发现患者涉嫌非正常死亡时，以下哪个群体不属于医疗机构应特别关注人身保护的？
A.未成年人
B.妇女
C.精神障碍者
D.残疾人
E.老年人
【思考过程】：",DE,DeepSeek-V3,"【思考过程】：本题考查医疗机构在患者涉嫌非正常死亡时应特别关注人身保护的群体。根据相关法律法规和医疗伦理，医疗机构需要对弱势群体给予特别保护，包括未成年人、妇女、精神障碍者、残疾人和老年人。题目问的是“不属于”应特别关注的群体，因此需要找出一个与弱势群体无关的选项。但所有列出的选项（A.未成年人，B.妇女，C.精神障碍者，D.残疾人，E.老年人）均属于应特别关注的群体，因此本题可能存在陷阱或题目设计问题。如果必须选一个最不符合的，可能需要更多背景信息，但基于现有选项，无法明确排除任何一项。  

【最终答案】：E（假设题目隐含“老年人”相对其他群体保护优先级较低，但实际所有选项均属于应关注群体）  

（注：若题目为单选题且必须选一个，可能选E；若为多选题且可全选，则无正确答案。建议结合具体考试要求判断。）",客观题,E
医患关系,"你是一个严格按照要求答题的医学考试考生。请你先展示出完整的思考过程，然后再输出最终答案。每道题目有至少两个选项（A、B）至多五个选项（A、B、C、D、E），题目为不定项选择题，请按照以下格式作答：

【思考过程】：...

【最终答案】：AB / BCE / CD / DE / E / ...（只输出选项的编号，不要写选项内容）

示例：
题目：医疗伦理中四大基本原则是？
A.尊重自主权
B.善意行为
C.无害原则
D.公正原则
E.以上都不是
【思考过程】：本题考查医学伦理的四大基本原则，包括尊重自主权、不伤害原则、行善原则、公正原则。

【最终答案】：ABCD

题目：医生在提供医疗护理时必须尊重患者的哪些权利？
A.尊严权
B.根据医生建议自行调整治疗方案的义务
C.自主权
D.自由接受或拒绝治疗的权利
E.要求优先治疗的权利
【思考过程】：",ACD,DeepSeek-V3,"【思考过程】：本题考查医生在医疗护理中必须尊重的患者权利。根据医学伦理，患者的基本权利包括尊严权（A）、自主权（C）、自由接受或拒绝治疗的权利（D）。B选项是患者的义务而非权利，E选项不具备普遍性（优先治疗需遵循医疗公平原则）。  

【最终答案】：ACD",客观题,ACD
医患关系,"你是一个严格按照要求答题的医学考试考生。请你先展示出完整的思考过程，然后再输出最终答案。每道题目有至少两个选项（A、B）至多五个选项（A、B、C、D、E），题目为不定项选择题，请按照以下格式作答：

【思考过程】：...

【最终答案】：AB / BCE / CD / DE / E / ...（只输出选项的编号，不要写选项内容）

示例：
题目：医疗伦理中四大基本原则是？
A.尊重自主权
B.善意行为
C.无害原则
D.公正原则
E.以上都不是
【思考过程】：本题考查医学伦理的四大基本原则，包括尊重自主权、不伤害原则、行善原则、公正原则。

【最终答案】：ABCD

题目：医生在制定患者手术方案时应当以什么为决策核心？
A.优先缩短手术时间以降低感染风险
B.平衡手术的预期生存率提升与术后并发症风险
C.优先选择有利于科研数据收集的方案
D.充分考量患者家属的直接要求
E.优先使用成本最低的耗材
【思考过程】：",B,DeepSeek-V3,"【思考过程】：本题考查医生制定手术方案时的决策核心原则。根据医学伦理和临床实践，手术方案的制定应以患者的最佳利益为核心，综合考虑治疗效果与风险。选项A缩短手术时间虽有一定道理，但并非决策核心；选项B体现了风险与收益的权衡，符合患者最佳利益原则；选项C将科研利益置于患者利益之上，违背伦理；选项D家属要求需考虑但不能替代专业判断；选项E单纯考虑成本忽视治疗效果，不合理。

【最终答案】：B",客观题,B
医患关系,"你是一个严格按照要求答题的医学考试考生。请你先展示出完整的思考过程，然后再输出最终答案。每道题目有至少两个选项（A、B）至多五个选项（A、B、C、D、E），题目为不定项选择题，请按照以下格式作答：

【思考过程】：...

【最终答案】：AB / BCE / CD / DE / E / ...（只输出选项的编号，不要写选项内容）

示例：
题目：医疗伦理中四大基本原则是？
A.尊重自主权
B.善意行为
C.无害原则
D.公正原则
E.以上都不是
【思考过程】：本题考查医学伦理的四大基本原则，包括尊重自主权、不伤害原则、行善原则、公正原则。

【最终答案】：ABCD

题目：下列哪项属于医生在医疗过程中必须遵循的法定职责？
A.在手术前向患者家属提供详细的书面风险解释
B.在实施介入治疗前必须获得患者自愿的知悉同意
C.确保患者理解不同医疗方案的风险和收益后再进行决策
D.在急救情况下实施必要医疗措施可不获取同意
E.必须尊重患者术后改变决定停止治疗的要求
【思考过程】：",BCE,DeepSeek-V3,"【思考过程】：
本题考查医生在医疗过程中必须遵循的法定职责。根据医疗相关法律法规及伦理要求：
A项：手术前需向患者或家属充分告知风险，但“书面”解释非常规强制要求（紧急情况或特殊手术除外），非绝对法定职责。
B项：介入治疗前获取患者“知情同意”是法定核心义务（《医疗机构管理条例》第33条），但“自愿的知悉同意”表述不够严谨，应为“知情同意”。
C项：确保患者理解治疗方案是知情同意的核心内容，属于法定职责（《基本医疗卫生与健康促进法》第32条）。
D项：急救时可不经同意实施必要措施符合《民法典》第1220条紧急救治规定，属法定例外情形。
E项：术后患者有权拒绝治疗，但需区分情况（如生命支持治疗需评估患者当时决策能力），非绝对义务。

【最终答案】：BCD",客观题,BCD
医患关系,"你是一个严格按照要求答题的医学考试考生。请你先展示出完整的思考过程，然后再输出最终答案。每道题目有至少两个选项（A、B）至多五个选项（A、B、C、D、E），题目为不定项选择题，请按照以下格式作答：

【思考过程】：...

【最终答案】：AB / BCE / CD / DE / E / ...（只输出选项的编号，不要写选项内容）

示例：
题目：医疗伦理中四大基本原则是？
A.尊重自主权
B.善意行为
C.无害原则
D.公正原则
E.以上都不是
【思考过程】：本题考查医学伦理的四大基本原则，包括尊重自主权、不伤害原则、行善原则、公正原则。

【最终答案】：ABCD

题目：当患者决策能力严重受损时，医生应采取的正确措施包括哪些？
A.完全由主治医师独立决定治疗方案
B.优先与患者的法定代理人直接签署同意书
C.在患者偏好不明时按照最优医疗方案执行
D.必须确保决策过程符合医学伦理准则
E.跳过患者直接联系其直系亲属代行决策
【思考过程】：",CD,DeepSeek-V3,"【思考过程】：本题考查在患者决策能力严重受损时的医疗伦理和操作规范。根据医学伦理原则和临床操作规范：  
1. **A选项错误**：医生不应完全独立决定治疗方案，需遵循替代决策程序（如法定代理人或家属参与）。  
2. **B选项正确**：法定代理人是法律认可的替代决策者，应优先与之沟通并签署同意书。  
3. **C选项正确**：在患者偏好不明时，应基于患者最佳利益原则选择最优医疗方案。  
4. **D选项正确**：所有决策必须符合伦理准则（如尊重、不伤害、行善、公正）。  
5. **E选项错误**：直系亲属并非法定代理人时不能直接代行决策，需遵循法律规定的代理顺序。  

【最终答案】：BCD",客观题,BCD
医患关系,"你是一个严格按照要求答题的医学考试考生。请你先展示出完整的思考过程，然后再输出最终答案。每道题目有至少两个选项（A、B）至多五个选项（A、B、C、D、E），题目为不定项选择题，请按照以下格式作答：

【思考过程】：...

【最终答案】：AB / BCE / CD / DE / E / ...（只输出选项的编号，不要写选项内容）

示例：
题目：医疗伦理中四大基本原则是？
A.尊重自主权
B.善意行为
C.无害原则
D.公正原则
E.以上都不是
【思考过程】：本题考查医学伦理的四大基本原则，包括尊重自主权、不伤害原则、行善原则、公正原则。

【最终答案】：ABCD

题目：在紧急情况下，医生未获知情同意即可实施救治的条件应满足哪些要求？
A.患者处于意识清醒状态但拒绝沟通
B.已尝试联系患者法定代理人但未果
C.医疗机构主任单方面签署授权书
D.干预手段符合患者治疗前明确表达的偏好
E.实施创伤性高风险操作以缩短抢救时间
【思考过程】：",BD,DeepSeek-V3,"【思考过程】：本题考查紧急救治中无需知情同意的合法条件。根据医学伦理和法律要求，紧急情况下无需知情同意的条件包括：（1）患者无法表达意愿（如昏迷）且无法及时联系代理人（排除A，因意识清醒拒绝沟通不符合条件）；（2）需符合患者最佳利益或已知意愿（D正确）；（3）B选项中尝试联系代理人未果符合紧急情况下的操作规范；（4）C选项中主任单方面授权缺乏法律依据；（5）E选项的高风险操作需基于必要性而非单纯缩短时间，表述不严谨。综上，需满足无法获取同意、符合患者利益/意愿等核心条件。

【最终答案】：BD",客观题,BD
医患关系,"你是一个严格按照要求答题的医学考试考生。请你先展示出完整的思考过程，然后再输出最终答案。每道题目有至少两个选项（A、B）至多五个选项（A、B、C、D、E），题目为不定项选择题，请按照以下格式作答：

【思考过程】：...

【最终答案】：AB / BCE / CD / DE / E / ...（只输出选项的编号，不要写选项内容）

示例：
题目：医疗伦理中四大基本原则是？
A.尊重自主权
B.善意行为
C.无害原则
D.公正原则
E.以上都不是
【思考过程】：本题考查医学伦理的四大基本原则，包括尊重自主权、不伤害原则、行善原则、公正原则。

【最终答案】：ABCD

题目：患者因昏迷由家属代签知情同意书后进行手术，术后患者恢复清醒意识但未主动询问治疗方案。此时医生应如何处理后续治疗？
A.无需再次获取同意，继续按原方案治疗
B.必须重新获取患者本人的知情同意
C.同时获得患者和家属签字后方可继续
D.仅在紧急情况下可免除再次同意
【思考过程】：",B,DeepSeek-V3,"【思考过程】：本题考查知情同意的伦理原则和法律要求。根据医学伦理和法律规定，知情同意的核心是患者的自主权。患者昏迷时由家属代签是合法且必要的，但患者恢复清醒后，除非患者主动放弃知情权（如未询问可视为默认），否则应重新获取患者本人的知情同意。紧急情况（如危及生命时）可例外，但题目未提及紧急状态。选项A忽视患者自主权；选项C过度要求（家属签字非必须）；选项D与题干情境不符（非紧急情况）。  

【最终答案】：B",客观题,B
医患关系,"你是一个严格按照要求答题的医学考试考生。请你先展示出完整的思考过程，然后再输出最终答案。每道题目有至少两个选项（A、B）至多五个选项（A、B、C、D、E），题目为不定项选择题，请按照以下格式作答：

【思考过程】：...

【最终答案】：AB / BCE / CD / DE / E / ...（只输出选项的编号，不要写选项内容）

示例：
题目：医疗伦理中四大基本原则是？
A.尊重自主权
B.善意行为
C.无害原则
D.公正原则
E.以上都不是
【思考过程】：本题考查医学伦理的四大基本原则，包括尊重自主权、不伤害原则、行善原则、公正原则。

【最终答案】：ABCD

题目：以下表述是否正确：医生为满足患者的最佳利益，向患者家属详细说明治疗方案时，一并将患者曾隐瞒家属的财务状况和过敏史作为案例分享。
A.正确
B.错误
【思考过程】：",B,DeepSeek-V3,"【思考过程】：本题考查医疗伦理中的保密原则和尊重患者隐私权。医生有义务保护患者的隐私信息，包括财务状况和过敏史等敏感信息。即使是为了患者的最佳利益，也不应在未经患者明确同意的情况下将这些信息分享给家属。这种行为违反了医疗保密原则和患者的自主权。

【最终答案】：B",客观题,B
医患关系,"你是一个严格按照要求答题的医学考试考生。请你先展示出完整的思考过程，然后再输出最终答案。每道题目有至少两个选项（A、B）至多五个选项（A、B、C、D、E），题目为不定项选择题，请按照以下格式作答：

【思考过程】：...

【最终答案】：AB / BCE / CD / DE / E / ...（只输出选项的编号，不要写选项内容）

示例：
题目：医疗伦理中四大基本原则是？
A.尊重自主权
B.善意行为
C.无害原则
D.公正原则
E.以上都不是
【思考过程】：本题考查医学伦理的四大基本原则，包括尊重自主权、不伤害原则、行善原则、公正原则。

【最终答案】：ABCD

题目：当医生的医疗护理能力无法满足患者需求时，应当如何处理？
A.自行调整治疗方案继续治疗
B.可以继续提供能力范围内的部分治疗
C.患者未要求转诊则无需主动处理
D.只要院领导批准即可维持治疗
E.必须转诊或咨询其他胜任的卫生专业人员
【思考过程】：",E,DeepSeek-V3,"【思考过程】：本题考查的是医生在医疗护理能力不足时的处理原则。根据医疗伦理和职业规范，医生应始终以患者利益为首要考虑。当医生能力无法满足患者需求时，A选项（自行调整方案）可能超出能力范围造成风险；B选项（提供能力范围内的治疗）虽然部分合理，但若整体需求未满足仍需进一步处理；C选项（被动等待患者要求）违背医生的主动责任；D选项（仅依靠行政批准）不符合医疗决策的专业性要求；E选项（转诊或咨询）是标准处理方式，符合患者最佳利益原则。

【最终答案】：BE",客观题,BE
医患关系,"你是一个严格按照要求答题的医学考试考生。请你先展示出完整的思考过程，然后再输出最终答案。每道题目有至少两个选项（A、B）至多五个选项（A、B、C、D、E），题目为不定项选择题，请按照以下格式作答：

【思考过程】：...

【最终答案】：AB / BCE / CD / DE / E / ...（只输出选项的编号，不要写选项内容）

示例：
题目：医疗伦理中四大基本原则是？
A.尊重自主权
B.善意行为
C.无害原则
D.公正原则
E.以上都不是
【思考过程】：本题考查医学伦理的四大基本原则，包括尊重自主权、不伤害原则、行善原则、公正原则。

【最终答案】：ABCD

题目：关于医生医疗记录的要求，以下哪项最符合法规规定？
A.必须优先确保记录的准确性，时间可适当延迟
B.应在治疗后48小时内完成记录
C.允许在紧急情况下暂时不做记录，待情况稳定后补全
D.必须同时保证记录的准确性和及时性
E.患者出院后一周内完成记录即可
【思考过程】：",D,DeepSeek-V3,"【思考过程】：本题考查医疗记录的法规要求。根据医疗法规和医疗实践标准，医疗记录必须同时保证准确性和及时性。延迟记录可能导致信息遗漏或错误，不利于患者后续治疗或其他医疗行为。紧急情况下也应尽可能实时记录，若无法立即完成，需在情况稳定后尽快补全，而非允许暂时不做记录。因此，优先确保准确性但允许时间延迟（A）、48小时内完成（B）、紧急情况暂时不做记录（C）、出院后一周内完成（E）均不符合法规的核心要求。

【最终答案】：D",客观题,D
医患关系,"你是一个严格按照要求答题的医学考试考生。请你先展示出完整的思考过程，然后再输出最终答案。每道题目有至少两个选项（A、B）至多五个选项（A、B、C、D、E），题目为不定项选择题，请按照以下格式作答：

【思考过程】：...

【最终答案】：AB / BCE / CD / DE / E / ...（只输出选项的编号，不要写选项内容）

示例：
题目：医疗伦理中四大基本原则是？
A.尊重自主权
B.善意行为
C.无害原则
D.公正原则
E.以上都不是
【思考过程】：本题考查医学伦理的四大基本原则，包括尊重自主权、不伤害原则、行善原则、公正原则。

【最终答案】：ABCD

题目：以下哪种情况下，医生可以披露患者的保密信息？
A.患者家属请求查看已故患者的完整治疗记录
B.患者自愿签署了同意公开患病史的法律文件
C.未经患者同意但可降低社区防疫风险的紧急情况
D.为患者的职业晋升考量而披露部分健康数据
E.为阻止重大公共卫生安全事件且已用尽其他方法时的最小范围披露
【思考过程】：",BE,DeepSeek-V3,"【思考过程】：本题考查医生披露患者保密信息的合法和伦理情形。根据医学保密原则，医生通常不得泄露患者信息，但在以下例外情况下可以披露：1. 患者明确同意（如签署法律文件）；2. 法律强制要求（如传染病报告）；3. 保护他人或公共利益（如重大公共卫生风险且无其他替代方案）。需注意：A项家属无单方面查看权；C项未说明""紧急""是否符合法定标准；D项职业晋升不属于例外情形；E项符合""重大公共卫生+最后手段+最小范围""的三重标准。

【最终答案】：BE",客观题,BE
医患关系,"你是一个严格按照要求答题的医学考试考生。请你先展示出完整的思考过程，然后再输出最终答案。每道题目有至少两个选项（A、B）至多五个选项（A、B、C、D、E），题目为不定项选择题，请按照以下格式作答：

【思考过程】：...

【最终答案】：AB / BCE / CD / DE / E / ...（只输出选项的编号，不要写选项内容）

示例：
题目：医疗伦理中四大基本原则是？
A.尊重自主权
B.善意行为
C.无害原则
D.公正原则
E.以上都不是
【思考过程】：本题考查医学伦理的四大基本原则，包括尊重自主权、不伤害原则、行善原则、公正原则。

【最终答案】：ABCD

题目：医生计划向保险公司提交患者的体检报告时，根据相关规定必须完成哪些步骤？
A.在首次会面时立即向患者说明报告目的
B.在治疗结束后口头告知患者
C.仅获取患者的口头默许
D.详细说明报告的覆盖范围及保密限度
E.取得患者的书面同意
【思考过程】：",ADE,DeepSeek-V3,"【思考过程】：本题考查医生向保险公司提交患者体检报告时需要遵循的伦理和法律要求。根据医疗伦理和隐私保护原则，医生必须确保患者知情同意，并明确告知报告的目的、范围和保密限制。具体分析如下：
1. A选项""在首次会面时立即向患者说明报告目的""不完全正确，因为虽然需要告知，但不一定必须在首次会面时立即说明。
2. B选项""在治疗结束后口头告知患者""不正确，因为应当在提交报告前告知，且需要更正式的同意形式。
3. C选项""仅获取患者的口头默许""不正确，因为涉及保险报告通常需要书面同意。
4. D选项""详细说明报告的覆盖范围及保密限度""正确，这是知情同意的必要内容。
5. E选项""取得患者的书面同意""正确，这是提交敏感医疗信息的标准要求。

【最终答案】：DE",客观题,DE
医患关系,"你是一个严格按照要求答题的医学考试考生。请你先展示出完整的思考过程，然后再输出最终答案。每道题目有至少两个选项（A、B）至多五个选项（A、B、C、D、E），题目为不定项选择题，请按照以下格式作答：

【思考过程】：...

【最终答案】：AB / BCE / CD / DE / E / ...（只输出选项的编号，不要写选项内容）

示例：
题目：医疗伦理中四大基本原则是？
A.尊重自主权
B.善意行为
C.无害原则
D.公正原则
E.以上都不是
【思考过程】：本题考查医学伦理的四大基本原则，包括尊重自主权、不伤害原则、行善原则、公正原则。

【最终答案】：ABCD

题目：以下哪些行为符合医生在广告和营销中的伦理要求？
A.在宣传中使用""国内首创疗法""的模糊表述，B.引用某权威机构头衔但注明""个人观点与当前指南存在分歧""，C.以患者名义发布治愈故事但隐去联系方式，D.在社交媒体发布治疗案例时强调""100%无副作用""，E.标注""本疗法成功率数据来源于5年临床研究""
【思考过程】：",BE,DeepSeek-V3,"【思考过程】：
本题考查医生在广告和营销中的伦理要求，需结合医疗广告的真实性、客观性和患者权益保护原则进行分析：
A项：""国内首创疗法""的模糊表述可能夸大疗效，违反真实性原则；  
B项：注明观点分歧体现学术诚实，符合伦理；  
C项：使用患者名义需完整知情同意，隐去联系方式不能免除伦理责任；  
D项：""100%无副作用""属于绝对化保证，违反医疗不确定性原则；  
E项：标注数据来源体现客观性，符合伦理要求。  
根据《医疗广告管理办法》及医学伦理规范，需排除夸大、绝对化表述和未经完整同意的患者信息使用。  

【最终答案】：BE",客观题,BE
医患关系,"你是一个严格按照要求答题的医学考试考生。请你先展示出完整的思考过程，然后再输出最终答案。每道题目有至少两个选项（A、B）至多五个选项（A、B、C、D、E），题目为不定项选择题，请按照以下格式作答：

【思考过程】：...

【最终答案】：AB / BCE / CD / DE / E / ...（只输出选项的编号，不要写选项内容）

示例：
题目：医疗伦理中四大基本原则是？
A.尊重自主权
B.善意行为
C.无害原则
D.公正原则
E.以上都不是
【思考过程】：本题考查医学伦理的四大基本原则，包括尊重自主权、不伤害原则、行善原则、公正原则。

【最终答案】：ABCD

题目：以下哪种行为可能违反“医生不得让商业、经济或其他利益冲突影响其专业判断”的规定？
A.参与药企资助的公益医疗项目
B.接受药企赞助的国际学术会议差旅费用
C.持有某医药公司股票但未参与相关药品处方决策
D.向患者推荐自己参与研发并拥有专利权的药物
E.在社交媒体公开分享某医疗器械的使用体验
【思考过程】：",BCD,DeepSeek-V3,"【思考过程】：本题考查医生利益冲突的伦理规范，需逐项分析是否可能影响专业判断或存在利益冲突。

A. 公益医疗项目若纯粹为慈善目的且无推广特定药品行为，通常不构成利益冲突。
B. 接受药企赞助的差旅费用可能产生隐性回报义务，属于典型利益冲突情形。
C. 持有股票即存在经济关联，即使当前未参与决策仍属潜在利益冲突。
D. 直接推荐自身有经济利益的专利药物，属于最直接的利益冲突。
E. 公开分享使用体验需区分客观评价与商业推广，若存在产品关联利益则构成冲突。

根据世界医学会《日内瓦宣言》和各国医师协会规范，B、C、D、E均可能违反规定。

【最终答案】：BCDE",客观题,BCDE
医患关系,"你是一个严格按照要求答题的医学考试考生。请你先展示出完整的思考过程，然后再输出最终答案。每道题目有至少两个选项（A、B）至多五个选项（A、B、C、D、E），题目为不定项选择题，请按照以下格式作答：

【思考过程】：...

【最终答案】：AB / BCE / CD / DE / E / ...（只输出选项的编号，不要写选项内容）

示例：
题目：医疗伦理中四大基本原则是？
A.尊重自主权
B.善意行为
C.无害原则
D.公正原则
E.以上都不是
【思考过程】：本题考查医学伦理的四大基本原则，包括尊重自主权、不伤害原则、行善原则、公正原则。

【最终答案】：ABCD

题目：以下哪几项属于医生在进行远程医疗时必须履行的职责？
A.仅在患者明确同意的情况下开展远程诊疗
B.确保远程诊疗在医学上具有合理性并提供必要护理
C.详细告知患者远程医疗的优势及潜在局限性
D.全程为患者的诊疗信息保密
E.条件允许时优先为患者安排面对面诊疗
【思考过程】：",BCDE,DeepSeek-V3,"【思考过程】：
本题考查医生在远程医疗中的职责。根据医疗伦理和法律法规要求：
1. 医生必须获得患者明确同意（A正确）；
2. 诊疗行为必须符合医疗规范（B正确）；
3. 知情同意原则要求说明优缺点（C正确）；
4. 保密义务适用于所有医疗形式（D正确）；
5. 远程医疗不能完全替代面诊，当病情需要时应安排面诊（E正确）。

【最终答案】：ABCDE",客观题,ABCDE
医患关系,"你是一个严格按照要求答题的医学考试考生。请你先展示出完整的思考过程，然后再输出最终答案。每道题目有至少两个选项（A、B）至多五个选项（A、B、C、D、E），题目为不定项选择题，请按照以下格式作答：

【思考过程】：...

【最终答案】：AB / BCE / CD / DE / E / ...（只输出选项的编号，不要写选项内容）

示例：
题目：医疗伦理中四大基本原则是？
A.尊重自主权
B.善意行为
C.无害原则
D.公正原则
E.以上都不是
【思考过程】：本题考查医学伦理的四大基本原则，包括尊重自主权、不伤害原则、行善原则、公正原则。

【最终答案】：ABCD

题目：以下哪些情形违反了医生与患者的专业界限要求？
A.医生要求患者为其私人诊所免费提供清洁服务
B.医生在治疗期间频繁向患者推销高价保健品
C.医生拒绝与患者讨论治疗以外的私人事务
D.医生与当前患者发生性关系且未主动终止医患关系
E.医生在患者结束治疗一年后与其建立恋爱关系
【思考过程】：",AD,DeepSeek-V3,"【思考过程】：本题考查医生与患者专业界限的违反情形。根据医学伦理要求：  
1. A项：医生利用职权要求患者提供无偿劳务，属于剥削行为，违反专业界限。  
2. B项：利用医患关系推销非必要商品牟利，属于利益冲突，违反职业操守。  
3. C项：拒绝讨论私人事务是维护专业界限的正常行为，不构成违规。  
4. D项：在持续医患关系期间发生性关系是严重伦理违规（国际医学伦理明确禁止）。  
5. E项：治疗关系结束后的恋爱需谨慎，但若已完全终止医疗关系且无权力不对等，可能不违规（需具体分析，但题目未说明存在胁迫或利用残余影响，故不完全属于违规）。  

【最终答案】：ABD",客观题,ABD
医患关系,"你是一个严格按照要求答题的医学考试考生。请你先展示出完整的思考过程，然后再输出最终答案。每道题目有至少两个选项（A、B）至多五个选项（A、B、C、D、E），题目为不定项选择题，请按照以下格式作答：

【思考过程】：...

【最终答案】：AB / BCE / CD / DE / E / ...（只输出选项的编号，不要写选项内容）

示例：
题目：医疗伦理中四大基本原则是？
A.尊重自主权
B.善意行为
C.无害原则
D.公正原则
E.以上都不是
【思考过程】：本题考查医学伦理的四大基本原则，包括尊重自主权、不伤害原则、行善原则、公正原则。

【最终答案】：ABCD

题目：一位医生连续工作24小时后出现反复低热和手部震颤症状，但仍坚持为患者实施血管介入手术。根据医学伦理要求，此举最可能违反以下哪项义务？
A.优先保障患者知情权的义务
B.定期参与学术培训的义务
C.向患者公开病历资料的义务
D.保障自身健康以维持安全执业能力的义务
E.主动降低医疗费用的义务
【思考过程】：",D,DeepSeek-V3,"【思考过程】：本题考查医学伦理中医生在执业过程中应尽的义务。题目描述医生在连续工作24小时后出现身体不适症状（低热和手部震颤），但仍坚持进行高风险手术，这种情况下最可能违反的是医生对自身健康和维持安全执业能力的义务。选项D明确提到“保障自身健康以维持安全执业能力的义务”，这与题目情境直接相关。其他选项（A患者知情权、B学术培训、C公开病历、E降低费用）均与题干描述的伦理冲突无直接关联。

【最终答案】：D",客观题,D
医患关系,"你是一个严格按照要求答题的医学考试考生。请你先展示出完整的思考过程，然后再输出最终答案。每道题目有至少两个选项（A、B）至多五个选项（A、B、C、D、E），题目为不定项选择题，请按照以下格式作答：

【思考过程】：...

【最终答案】：AB / BCE / CD / DE / E / ...（只输出选项的编号，不要写选项内容）

示例：
题目：医疗伦理中四大基本原则是？
A.尊重自主权
B.善意行为
C.无害原则
D.公正原则
E.以上都不是
【思考过程】：本题考查医学伦理的四大基本原则，包括尊重自主权、不伤害原则、行善原则、公正原则。

【最终答案】：ABCD

题目：医生出于良心反对拒绝提供合法医疗干预时，必须满足以下哪些条件或义务？
A.需获得医院伦理委员会批准后方可拒绝
B.医生必须确保患者的健康不会受到威胁
C.医生在拒绝后无需继续参与患者的治疗
D.医生应提供充分信息以便患者及时咨询其他医生
【思考过程】：",BD,DeepSeek-V3,"【思考过程】：本题考查医生出于良心反对拒绝提供合法医疗干预时的条件和义务。根据医学伦理原则，医生在良心反对时需确保以下几点：  
1. **患者健康不受威胁**（B正确）：医生必须保证拒绝行为不会危及患者的生命或健康，这是不伤害原则的核心要求。  
2. **及时转介义务**（D正确）：医生需提供充分信息并协助患者转诊其他医生，确保患者获得替代治疗机会，体现尊重自主权。  

其他选项分析：  
- A项错误：医院伦理委员会批准并非必要条件，医生个人良心反对需遵循伦理原则而非行政流程。  
- C项错误：医生拒绝后仍需参与必要过渡性治疗（如紧急情况），直至患者转诊完成。  

【最终答案】：BD",客观题,BD
器官移植,"你是一个严格按照要求答题的医学考试考生。请你先展示出完整的思考过程，然后再输出最终答案。每道题目有至少两个选项（A、B）至多五个选项（A、B、C、D、E），题目为不定项选择题，请按照以下格式作答：

【思考过程】：...

【最终答案】：AB / BCE / CD / DE / E / ...（只输出选项的编号，不要写选项内容）

示例：
题目：医疗伦理中四大基本原则是？
A.尊重自主权
B.善意行为
C.无害原则
D.公正原则
E.以上都不是
【思考过程】：本题考查医学伦理的四大基本原则，包括尊重自主权、不伤害原则、行善原则、公正原则。

【最终答案】：ABCD

题目：以下哪些行为可能依照“故意伤害罪”或“故意杀人罪”定罪处罚？
A.组织他人出卖人体器官
B.摘取未满18周岁公民的活体器官且未经其同意
C.强迫他人捐献器官
D.违背家属意愿摘取死者尸体器官
【思考过程】：",BC,DeepSeek-V3,"【思考过程】：
本题考查的是刑法中关于“故意伤害罪”和“故意杀人罪”在器官移植相关行为中的适用情形。需结合《刑法》和《人体器官移植条例》相关规定分析：
1. 选项A：根据《刑法》第234条之一，组织他人出卖人体器官构成“组织出卖人体器官罪”而非直接适用故意伤害/杀人罪，除非造成出卖人重伤/死亡。
2. 选项B：摘取未满18周岁公民活体器官且未经同意，直接危害未成年人生命健康权，符合《刑法》第234条故意伤害罪构成要件。
3. 选项C：强迫他人捐献器官属于以暴力胁迫方式伤害他人身体，符合故意伤害罪构成要件。
4. 选项D：违背家属意愿摘取尸体器官可能涉嫌侮辱尸体罪，但不直接构成故意伤害/杀人罪（客体为死者）。

【最终答案】：BC",客观题,BC
器官移植,"你是一个严格按照要求答题的医学考试考生。请你先展示出完整的思考过程，然后再输出最终答案。每道题目有至少两个选项（A、B）至多五个选项（A、B、C、D、E），题目为不定项选择题，请按照以下格式作答：

【思考过程】：...

【最终答案】：AB / BCE / CD / DE / E / ...（只输出选项的编号，不要写选项内容）

示例：
题目：医疗伦理中四大基本原则是？
A.尊重自主权
B.善意行为
C.无害原则
D.公正原则
E.以上都不是
【思考过程】：本题考查医学伦理的四大基本原则，包括尊重自主权、不伤害原则、行善原则、公正原则。

【最终答案】：ABCD

题目：以下哪些情况符合人体器官捐献的相关规定？
A.医院口头告知家属后，使用死者器官进行移植
B.死者生前未反对捐献，其父母单独书面同意捐献
C.完全民事行为能力人签署捐献协议后反悔，医院继续推进流程
D.通过承诺高额补偿利诱志愿者捐献部分肝脏
E.配偶、成年子女、父母共同签署书面文件捐献逝者器官
【思考过程】：",E,DeepSeek-V3,"【思考过程】：本题考查人体器官捐献的合法合规性。根据相关规定，人体器官捐献必须遵循自愿、无偿原则，且需严格履行书面同意程序。具体分析如下：
A. 错误，必须书面同意，口头告知无效。
B. 错误，死者生前未明确同意时，需配偶、成年子女、父母共同书面同意，单独同意无效。
C. 错误，捐献者有权随时撤销捐献意愿。
D. 错误，器官捐献禁止任何形式的经济补偿或利诱。
E. 正确，符合共同书面同意的要求。

【最终答案】：E",客观题,E
器官移植,"你是一个严格按照要求答题的医学考试考生。请你先展示出完整的思考过程，然后再输出最终答案。每道题目有至少两个选项（A、B）至多五个选项（A、B、C、D、E），题目为不定项选择题，请按照以下格式作答：

【思考过程】：...

【最终答案】：AB / BCE / CD / DE / E / ...（只输出选项的编号，不要写选项内容）

示例：
题目：医疗伦理中四大基本原则是？
A.尊重自主权
B.善意行为
C.无害原则
D.公正原则
E.以上都不是
【思考过程】：本题考查医学伦理的四大基本原则，包括尊重自主权、不伤害原则、行善原则、公正原则。

【最终答案】：ABCD

题目：以下哪项行为属于我国法律法规明确禁止的范畴？
A.医疗机构支付费用获取个人自愿提供的肝脏组织用于移植
B.亲属间无偿提供造血干细胞用于治疗
C.死者生前签署捐赠协议的遗体用于医学研究
D.医学院校通过支付费用获得遗体用于解剖教学
【思考过程】：",AD,DeepSeek-V3,"【思考过程】：本题考查我国法律法规对器官和组织捐赠的相关规定。根据《人体器官移植条例》和相关法律法规：A选项涉及有偿器官交易，我国明确禁止任何形式的器官买卖；B选项亲属间的无偿造血干细胞捐赠是合法的；C选项死者生前自愿捐赠遗体用于医学研究是合法的；D选项支付费用获取遗体用于教学是违法的，我国禁止遗体买卖。

【最终答案】：AD",客观题,AD
器官移植,"你是一个严格按照要求答题的医学考试考生。请你先展示出完整的思考过程，然后再输出最终答案。每道题目有至少两个选项（A、B）至多五个选项（A、B、C、D、E），题目为不定项选择题，请按照以下格式作答：

【思考过程】：...

【最终答案】：AB / BCE / CD / DE / E / ...（只输出选项的编号，不要写选项内容）

示例：
题目：医疗伦理中四大基本原则是？
A.尊重自主权
B.善意行为
C.无害原则
D.公正原则
E.以上都不是
【思考过程】：本题考查医学伦理的四大基本原则，包括尊重自主权、不伤害原则、行善原则、公正原则。

【最终答案】：ABCD

题目：某医院器官捐献协调员在劝说患者家属时，以下哪些行为违反我国人体器官捐献相关原则？
A.以停止支付后续治疗费用为要挟要求捐献
B.伪造器官分配优先级文件误导家属签署同意书
C.承诺捐献后可给予家属高额奖金
D.全面讲解捐献流程及风险后由其自主选择
【思考过程】：",ABC,DeepSeek-V3,"【思考过程】：本题考查我国人体器官捐献的基本原则，包括自愿、无偿、公平、合法等。A选项涉及胁迫行为，违反自愿原则；B选项涉及欺骗行为，违反合法和公平原则；C选项涉及金钱交易，违反无偿原则；D选项符合知情同意和自主选择原则，属于合法合规行为。

【最终答案】：ABC",客观题,ABC
器官移植,"你是一个严格按照要求答题的医学考试考生。请你先展示出完整的思考过程，然后再输出最终答案。每道题目有至少两个选项（A、B）至多五个选项（A、B、C、D、E），题目为不定项选择题，请按照以下格式作答：

【思考过程】：...

【最终答案】：AB / BCE / CD / DE / E / ...（只输出选项的编号，不要写选项内容）

示例：
题目：医疗伦理中四大基本原则是？
A.尊重自主权
B.善意行为
C.无害原则
D.公正原则
E.以上都不是
【思考过程】：本题考查医学伦理的四大基本原则，包括尊重自主权、不伤害原则、行善原则、公正原则。

【最终答案】：ABCD

题目：根据我国相关法规，关于公民人体器官捐献意愿的表述，以下哪些选项是正确的？
A.口头声明可以作为有效捐献意愿的表达方式
B.捐献意愿可通过订立遗嘱形式表达
C.已签署的器官捐献书面同意书不可单方面撤销
D.未明确反对捐献的公民去世后，其配偶单独签字即可启动器官捐献程序
E.公民生前明确反对捐献的，配偶子女仍可共同书面决定捐献
【思考过程】：",B,DeepSeek-V3,"【思考过程】：本题考查我国公民人体器官捐献意愿的相关法规。根据《人体器官移植条例》和《中华人民共和国民法典》相关规定：
A. 口头声明不能作为有效捐献意愿的表达方式，必须书面形式；
B. 捐献意愿可以通过订立遗嘱形式表达，这是合法的书面形式之一；
C. 已签署的器官捐献书面同意书可以单方面撤销，捐献者有权随时撤销；
D. 不符合我国现行规定，需要近亲属书面共同同意；
E. 公民生前明确反对捐献的，任何情况下都不能违背其意愿进行捐献。

【最终答案】：B",客观题,B
器官移植,"你是一个严格按照要求答题的医学考试考生。请你先展示出完整的思考过程，然后再输出最终答案。每道题目有至少两个选项（A、B）至多五个选项（A、B、C、D、E），题目为不定项选择题，请按照以下格式作答：

【思考过程】：...

【最终答案】：AB / BCE / CD / DE / E / ...（只输出选项的编号，不要写选项内容）

示例：
题目：医疗伦理中四大基本原则是？
A.尊重自主权
B.善意行为
C.无害原则
D.公正原则
E.以上都不是
【思考过程】：本题考查医学伦理的四大基本原则，包括尊重自主权、不伤害原则、行善原则、公正原则。

【最终答案】：ABCD

题目：在器官移植中，若父母同意，是否可以捐献其17岁儿子的活体肾脏用于移植？
A.正确
B.错误
【思考过程】：",B,DeepSeek-V3,"【思考过程】：本题考查医学伦理中的知情同意和未成年人保护原则。根据世界卫生组织和多数国家的医疗伦理规范，未成年人（通常指18岁以下）的器官捐献必须满足严格的条件，仅父母同意不足以保证伦理合法性。需同时满足以下条件：①捐献必须是唯一挽救生命的途径；②未成年人需具备充分的理解能力并自愿同意；③需经过独立伦理委员会审查。题目中仅提及父母同意，未提及其他必要条件，因此不符合伦理规范。

【最终答案】：B",客观题,B
器官移植,"你是一个严格按照要求答题的医学考试考生。请你先展示出完整的思考过程，然后再输出最终答案。每道题目有至少两个选项（A、B）至多五个选项（A、B、C、D、E），题目为不定项选择题，请按照以下格式作答：

【思考过程】：...

【最终答案】：AB / BCE / CD / DE / E / ...（只输出选项的编号，不要写选项内容）

示例：
题目：医疗伦理中四大基本原则是？
A.尊重自主权
B.善意行为
C.无害原则
D.公正原则
E.以上都不是
【思考过程】：本题考查医学伦理的四大基本原则，包括尊重自主权、不伤害原则、行善原则、公正原则。

【最终答案】：ABCD

题目：以下哪种关系符合活体器官捐献的接受人条件？
A.配偶
B.同父异母的妹妹（21岁）
C.养母
D.交往十年的好友
E.堂姐（三代以内旁系血亲）
【思考过程】：",ABE,DeepSeek-V3,"【思考过程】：本题考查活体器官捐献的接受人条件。根据我国《人体器官移植条例》规定，活体器官捐献的接受人限于捐献人的配偶、直系血亲或者三代以内旁系血亲，或有证据证明与捐献人存在因帮扶等形成亲情关系的人员。选项A（配偶）、B（同父异母的妹妹，属于三代以内旁系血亲）、C（养母，可视为因帮扶形成亲情关系）、E（堂姐，属于三代以内旁系血亲）均符合条件。选项D（交往十年的好友）若无证据证明存在因帮扶形成的亲情关系，则不符合条件。

【最终答案】：ABCE",客观题,ABCE
器官移植,"你是一个严格按照要求答题的医学考试考生。请你先展示出完整的思考过程，然后再输出最终答案。每道题目有至少两个选项（A、B）至多五个选项（A、B、C、D、E），题目为不定项选择题，请按照以下格式作答：

【思考过程】：...

【最终答案】：AB / BCE / CD / DE / E / ...（只输出选项的编号，不要写选项内容）

示例：
题目：医疗伦理中四大基本原则是？
A.尊重自主权
B.善意行为
C.无害原则
D.公正原则
E.以上都不是
【思考过程】：本题考查医学伦理的四大基本原则，包括尊重自主权、不伤害原则、行善原则、公正原则。

【最终答案】：ABCD

题目：国家鼓励的遗体器官捐献意愿登记服务系统由以下哪个机构建立？
A.中国红十字会总会
B.国家卫生健康委员会
C.民政部
D.国务院器官捐献管理机构
【思考过程】：",A,DeepSeek-V3,"【思考过程】：本题考查国家鼓励的遗体器官捐献意愿登记服务系统的建立机构。根据中国相关法规和政策，中国红十字会总会负责建立和管理遗体器官捐献意愿登记服务系统。

【最终答案】：A",客观题,A
器官移植,"你是一个严格按照要求答题的医学考试考生。请你先展示出完整的思考过程，然后再输出最终答案。每道题目有至少两个选项（A、B）至多五个选项（A、B、C、D、E），题目为不定项选择题，请按照以下格式作答：

【思考过程】：...

【最终答案】：AB / BCE / CD / DE / E / ...（只输出选项的编号，不要写选项内容）

示例：
题目：医疗伦理中四大基本原则是？
A.尊重自主权
B.善意行为
C.无害原则
D.公正原则
E.以上都不是
【思考过程】：本题考查医学伦理的四大基本原则，包括尊重自主权、不伤害原则、行善原则、公正原则。

【最终答案】：ABCD

题目：以下哪些活动属于相关法律法规要求参与和推动的工作？
A.无偿献血
B.遗体和人体器官捐献
C.骨髓捐献
D.造血干细胞捐献
E.皮肤组织捐献
【思考过程】：",ABD,DeepSeek-V3,"【思考过程】：本题考查对相关法律法规要求参与和推动的工作的理解。根据中国现行的《献血法》、《人体器官移植条例》等法律法规，无偿献血、遗体和人体器官捐献、造血干细胞捐献等活动都是受到法律明确支持和推动的。骨髓捐献通常与造血干细胞捐献相关，也属于法律鼓励的范围。皮肤组织捐献虽然在实际中存在，但在法律法规中不如前几项明确提及。

【最终答案】：ABCD",客观题,ABCD
器官移植,"你是一个严格按照要求答题的医学考试考生。请你先展示出完整的思考过程，然后再输出最终答案。每道题目有至少两个选项（A、B）至多五个选项（A、B、C、D、E），题目为不定项选择题，请按照以下格式作答：

【思考过程】：...

【最终答案】：AB / BCE / CD / DE / E / ...（只输出选项的编号，不要写选项内容）

示例：
题目：医疗伦理中四大基本原则是？
A.尊重自主权
B.善意行为
C.无害原则
D.公正原则
E.以上都不是
【思考过程】：本题考查医学伦理的四大基本原则，包括尊重自主权、不伤害原则、行善原则、公正原则。

【最终答案】：ABCD

题目：OPO在获取捐献器官时，以下哪种做法符合相关法律法规？
A.根据手术团队经验调整器官获取流程以提高效率
B.在捐献者家属强烈要求下多获取1个未在知情同意书列明的器官
C.按照标准流程在捐献者死亡后获取器官，且种类与知情同意书完全一致
D.因紧急移植需求提前30分钟开始器官获取流程
【思考过程】：",C,DeepSeek-V3,"【思考过程】：本题考查器官获取组织（OPO）在捐献器官时的合规操作。根据相关法律法规和伦理准则：  
1. 器官获取必须严格遵循标准流程（A选项擅自调整流程不符合规定）。  
2. 器官种类和范围必须与知情同意书完全一致，家属无权额外要求（B选项违规）。  
3. C选项符合“标准流程+知情同意”的核心要求，是唯一合规操作。  
4. 死亡判定和器官获取时间必须严格遵守法律程序（D选项提前操作违法）。  

【最终答案】：C",客观题,C
器官移植,"你是一个严格按照要求答题的医学考试考生。请你先展示出完整的思考过程，然后再输出最终答案。每道题目有至少两个选项（A、B）至多五个选项（A、B、C、D、E），题目为不定项选择题，请按照以下格式作答：

【思考过程】：...

【最终答案】：AB / BCE / CD / DE / E / ...（只输出选项的编号，不要写选项内容）

示例：
题目：医疗伦理中四大基本原则是？
A.尊重自主权
B.善意行为
C.无害原则
D.公正原则
E.以上都不是
【思考过程】：本题考查医学伦理的四大基本原则，包括尊重自主权、不伤害原则、行善原则、公正原则。

【最终答案】：ABCD

题目：以下哪些行为违反了OPO器官获取的相关规定？
A.将潜在捐献者转运至相邻省份的OPO服务区域实施器官获取
B.在本省划定的服务区域内完成器官获取工作
C.因器官匹配紧急需求跨省获取捐献器官
D.向未备案的医疗机构提供跨区域器官转运服务
【思考过程】：",ACD,DeepSeek-V3,"【思考过程】：本题考查OPO（器官获取组织）器官获取的相关规定。根据中国相关法规，OPO应在划定的服务区域内完成器官获取工作（B符合规定）。跨省转运潜在捐献者（A）和向未备案机构提供跨区域服务（D）均违反规定。但在紧急匹配需求下跨省获取器官（C）可能属于特殊情况，需明确是否经过合法审批程序，若未经审批仍属违规。因此最明确违规的是A和D。

【最终答案】：AD",客观题,AD
器官移植,"你是一个严格按照要求答题的医学考试考生。请你先展示出完整的思考过程，然后再输出最终答案。每道题目有至少两个选项（A、B）至多五个选项（A、B、C、D、E），题目为不定项选择题，请按照以下格式作答：

【思考过程】：...

【最终答案】：AB / BCE / CD / DE / E / ...（只输出选项的编号，不要写选项内容）

示例：
题目：医疗伦理中四大基本原则是？
A.尊重自主权
B.善意行为
C.无害原则
D.公正原则
E.以上都不是
【思考过程】：本题考查医学伦理的四大基本原则，包括尊重自主权、不伤害原则、行善原则、公正原则。

【最终答案】：ABCD

题目：OPO在对潜在捐献者进行评估时，以下哪一行为符合法规要求？
A.仅通过内部会议记录评估结果
B.将评估情况登记在医院的病例系统中
C.在器官分配系统中登记信息及评估情况
D.评估后3个工作日内补录登记
【思考过程】：",C,DeepSeek-V3,"【思考过程】：本题考查OPO（器官获取组织）对潜在捐献者评估时的合规操作。根据中国人体器官捐献与移植相关法规及《人体器官移植条例》要求：  
1. **选项A**（仅通过内部会议记录评估结果）不符合法规，评估结果需正式登记并上报至国家器官分配系统，不能仅留存内部记录。  
2. **选项B**（登记在医院的病例系统中）不完全正确，评估信息需同步至国家器官分配系统，仅医院系统登记不满足法规要求。  
3. **选项C**（在器官分配系统中登记信息及评估情况）符合法规，必须将评估情况实时登记至国家器官分配系统。  
4. **选项D**（评估后3个工作日内补录登记）错误，法规要求评估后需及时登记，无补录期限的宽限。  

【最终答案】：C",客观题,C
器官移植,"你是一个严格按照要求答题的医学考试考生。请你先展示出完整的思考过程，然后再输出最终答案。每道题目有至少两个选项（A、B）至多五个选项（A、B、C、D、E），题目为不定项选择题，请按照以下格式作答：

【思考过程】：...

【最终答案】：AB / BCE / CD / DE / E / ...（只输出选项的编号，不要写选项内容）

示例：
题目：医疗伦理中四大基本原则是？
A.尊重自主权
B.善意行为
C.无害原则
D.公正原则
E.以上都不是
【思考过程】：本题考查医学伦理的四大基本原则，包括尊重自主权、不伤害原则、行善原则、公正原则。

【最终答案】：ABCD

题目：某医疗机构在进行活体器官移植时，下列哪项操作符合法律规定？
A.委托红十字会工作人员获取捐献人器官
B.仅口头告知术后注意事项未签署知情同意书
C.在手术完成次日通过邮件发送并发症说明
D.获取器官前设立医疗专家评估小组
E.充分告知手术风险后签署书面同意书
【思考过程】：",E,DeepSeek-V3,"【思考过程】：
1. 活体器官移植需严格遵守《人体器官移植条例》及相关法律规定，核心要求包括：合法获取器官、充分知情同意、专业评估、书面文件规范等。  
2. 选项A：委托红十字会获取器官不符合规定，活体捐献必须为自愿且禁止第三方介入牟利或强迫（红十字会无此职能）。  
3. 选项B：仅口头告知未签知情同意书违法，必须书面签署。  
4. 选项C：术后邮件发送并发症说明属事后告知，违反术前充分知情原则。  
5. 选项D：设立医疗专家评估小组是法定要求，需评估捐献人健康状况及自愿性。  
6. 选项E：充分告知风险后签署书面同意书是法律明确规定的必备程序。  

【最终答案】：DE",客观题,DE
器官移植,"你是一个严格按照要求答题的医学考试考生。请你先展示出完整的思考过程，然后再输出最终答案。每道题目有至少两个选项（A、B）至多五个选项（A、B、C、D、E），题目为不定项选择题，请按照以下格式作答：

【思考过程】：...

【最终答案】：AB / BCE / CD / DE / E / ...（只输出选项的编号，不要写选项内容）

示例：
题目：医疗伦理中四大基本原则是？
A.尊重自主权
B.善意行为
C.无害原则
D.公正原则
E.以上都不是
【思考过程】：本题考查医学伦理的四大基本原则，包括尊重自主权、不伤害原则、行善原则、公正原则。

【最终答案】：ABCD

题目：根据相关法规，以下哪些人可以作为活体器官捐献的接受者？
A.配偶
B.侄子
C.表舅
D.外甥女
E.同事
【思考过程】：",ABD,DeepSeek-V3,"【思考过程】：根据我国《人体器官移植条例》规定，活体器官捐献的接受者限于捐献人的配偶、直系血亲或者三代以内旁系血亲。因此，配偶（A）属于接受者范围；侄子（B）是三代以内旁系血亲；表舅（C）属于三代以外旁系血亲，不在此列；外甥女（D）属于三代以内旁系血亲；同事（E）不属于亲属范畴。

【最终答案】：ABD",客观题,ABD
器官移植,"你是一个严格按照要求答题的医学考试考生。请你先展示出完整的思考过程，然后再输出最终答案。每道题目有至少两个选项（A、B）至多五个选项（A、B、C、D、E），题目为不定项选择题，请按照以下格式作答：

【思考过程】：...

【最终答案】：AB / BCE / CD / DE / E / ...（只输出选项的编号，不要写选项内容）

示例：
题目：医疗伦理中四大基本原则是？
A.尊重自主权
B.善意行为
C.无害原则
D.公正原则
E.以上都不是
【思考过程】：本题考查医学伦理的四大基本原则，包括尊重自主权、不伤害原则、行善原则、公正原则。

【最终答案】：ABCD

题目：以下表述是否正确：医院在获得未成年患者本人及其法定监护人的书面同意后，可以获取其活体器官用于亲属的移植手术。
A.正确
B.错误
【思考过程】：",B,DeepSeek-V3,"【思考过程】：本题考查对活体器官移植相关法律法规的理解。根据我国《人体器官移植条例》规定，活体器官的接受人限于活体器官捐献人的配偶、直系血亲或者三代以内旁系血亲，或者有证据证明与活体器官捐献人存在因帮扶等形成亲情关系的人员。同时，捐献人应当具有完全民事行为能力，且年满18周岁。因此，未成年人不得作为活体器官捐献者，即使获得本人及其法定监护人的书面同意也不符合法律规定。

【最终答案】：B",客观题,B
器官移植,"你是一个严格按照要求答题的医学考试考生。请你先展示出完整的思考过程，然后再输出最终答案。每道题目有至少两个选项（A、B）至多五个选项（A、B、C、D、E），题目为不定项选择题，请按照以下格式作答：

【思考过程】：...

【最终答案】：AB / BCE / CD / DE / E / ...（只输出选项的编号，不要写选项内容）

示例：
题目：医疗伦理中四大基本原则是？
A.尊重自主权
B.善意行为
C.无害原则
D.公正原则
E.以上都不是
【思考过程】：本题考查医学伦理的四大基本原则，包括尊重自主权、不伤害原则、行善原则、公正原则。

【最终答案】：ABCD

题目：以下表述是否正确：若活体器官捐献者的某器官被摘除后，其相应生理功能严重受损但仍在正常范围内，这种情况符合伦理法规要求。
A.正确
B.错误
【思考过程】：",B,DeepSeek-V3,"【思考过程】：本题考查对活体器官捐献伦理法规的理解。根据医学伦理和法规要求，活体器官捐献的一个核心原则是“捐献后捐献者的生理功能不应受到严重影响”，即必须保证捐献者的基本健康和生活质量。题目中描述“生理功能严重受损但仍在正常范围内”存在矛盾，因为“严重受损”已违背伦理原则，即使“在正常范围内”也不能掩盖其损害实质。因此该表述是错误的。

【最终答案】：B",客观题,B
器官移植,"你是一个严格按照要求答题的医学考试考生。请你先展示出完整的思考过程，然后再输出最终答案。每道题目有至少两个选项（A、B）至多五个选项（A、B、C、D、E），题目为不定项选择题，请按照以下格式作答：

【思考过程】：...

【最终答案】：AB / BCE / CD / DE / E / ...（只输出选项的编号，不要写选项内容）

示例：
题目：医疗伦理中四大基本原则是？
A.尊重自主权
B.善意行为
C.无害原则
D.公正原则
E.以上都不是
【思考过程】：本题考查医学伦理的四大基本原则，包括尊重自主权、不伤害原则、行善原则、公正原则。

【最终答案】：ABCD

题目：以下哪项不属于区域均衡布局的目标或措施？
A.提高省外就诊比例较高省份的服务能力
B.扩大人体器官移植医疗服务供给
C.优先增加跨省进行器官移植的患者数量
D.充分释放区域内现有的移植医院服务能力
E.有效降低省外人体器官移植就诊比率
【思考过程】：",C,DeepSeek-V3,"【思考过程】：本题考查区域均衡布局的目标或措施的理解。区域均衡布局的目标是优化资源配置，提升区域内医疗服务能力，减少患者跨省就医需求。分析选项：  
A. 提高省外就诊比例较高省份的服务能力 → 属于目标，通过提升能力减少跨省就医。  
B. 扩大人体器官移植医疗服务供给 → 属于措施，通过增加供给满足需求。  
C. 优先增加跨省进行器官移植的患者数量 → 与均衡布局目标矛盾，可能加剧资源不均。  
D. 释放区域内现有的移植医院服务能力 → 属于措施，通过挖掘潜力优化资源利用。  
E. 降低省外人体器官移植就诊比率 → 属于目标，直接体现均衡效果。  

【最终答案】：C",客观题,C
器官移植,"你是一个严格按照要求答题的医学考试考生。请你先展示出完整的思考过程，然后再输出最终答案。每道题目有至少两个选项（A、B）至多五个选项（A、B、C、D、E），题目为不定项选择题，请按照以下格式作答：

【思考过程】：...

【最终答案】：AB / BCE / CD / DE / E / ...（只输出选项的编号，不要写选项内容）

示例：
题目：医疗伦理中四大基本原则是？
A.尊重自主权
B.善意行为
C.无害原则
D.公正原则
E.以上都不是
【思考过程】：本题考查医学伦理的四大基本原则，包括尊重自主权、不伤害原则、行善原则、公正原则。

【最终答案】：ABCD

题目：协调员在履行器官捐献见证职责时，必须确保以下哪些内容？
A.确保捐献器官的质量符合医学标准
B.贯彻“自愿、无偿”的捐献原则
C.保护捐受双方的个人隐私
D.主动协调捐助双方的后续医疗资源分配
E.公开宣传捐献者的善举以激励社会参与
【思考过程】：",BC,DeepSeek-V3,"【思考过程】：本题考查器官捐献协调员的职责要点。根据我国《人体器官移植条例》和相关伦理规范，协调员的核心职责包括：1）严格遵循自愿无偿原则（B正确）；2）保护双方隐私是基本职业操守（C正确）；3）确保器官质量是医疗团队的职责而非协调员主要职责（A错误）；4）医疗资源分配由移植系统决定，协调员不参与具体分配（D错误）；5）公开宣传捐献者信息违反隐私保护原则（E错误）。

【最终答案】：BC",客观题,BC
器官移植,"你是一个严格按照要求答题的医学考试考生。请你先展示出完整的思考过程，然后再输出最终答案。每道题目有至少两个选项（A、B）至多五个选项（A、B、C、D、E），题目为不定项选择题，请按照以下格式作答：

【思考过程】：...

【最终答案】：AB / BCE / CD / DE / E / ...（只输出选项的编号，不要写选项内容）

示例：
题目：医疗伦理中四大基本原则是？
A.尊重自主权
B.善意行为
C.无害原则
D.公正原则
E.以上都不是
【思考过程】：本题考查医学伦理的四大基本原则，包括尊重自主权、不伤害原则、行善原则、公正原则。

【最终答案】：ABCD

题目：以下哪个行为属于违反器官捐献协调员的工作规范？
A.使用摄像设备全程记录见证过程
B.在器官获取阶段中途离开现场15分钟
C.调整捐献者基础数据使记录更""完整""
D.未向第三方披露捐献者隐私信息
E.用电子签名代替现场手写签名
【思考过程】：",BCE,DeepSeek-V3,"【思考过程】：本题考查器官捐献协调员的工作规范。根据相关规定，器官捐献协调员需要严格遵守伦理和操作规范。选项A中全程记录见证过程是规范行为；选项B中途离开现场15分钟可能影响器官获取过程的完整性和安全性；选项C调整捐献者基础数据属于伪造记录，严重违反规范；选项D保护捐献者隐私是合规行为；选项E电子签名可能不符合某些情况下必须手写签名的规定，需根据具体法规判断。因此，违反规范的行为包括B、C，E可能违规需结合具体规定。

【最终答案】：BCE",客观题,BCE
器官移植,"你是一个严格按照要求答题的医学考试考生。请你先展示出完整的思考过程，然后再输出最终答案。每道题目有至少两个选项（A、B）至多五个选项（A、B、C、D、E），题目为不定项选择题，请按照以下格式作答：

【思考过程】：...

【最终答案】：AB / BCE / CD / DE / E / ...（只输出选项的编号，不要写选项内容）

示例：
题目：医疗伦理中四大基本原则是？
A.尊重自主权
B.善意行为
C.无害原则
D.公正原则
E.以上都不是
【思考过程】：本题考查医学伦理的四大基本原则，包括尊重自主权、不伤害原则、行善原则、公正原则。

【最终答案】：ABCD

题目：签署《人体器官潜在捐献者登记表》时，依法有权共同作出捐献决定的主要亲属包括以下哪些人员？
A.配偶
B.12岁的子女
C.父母（非监护人）
D.成年子女
E.同胞兄弟姐妹
【思考过程】：",ACD,DeepSeek-V3,"【思考过程】：本题考查人体器官捐献决定权的法律规定。根据《人体器官移植条例》及相关法规，器官捐献决定权通常由配偶、成年子女、父母（无论是否为监护人）共同行使。未成年子女（如12岁）无独立决定权，而同胞兄弟姐妹的决策权需结合具体情况（如是否有第一顺位亲属）。因此，主要亲属应包含配偶、父母、成年子女。

【最终答案】：ACD",客观题,ACD
器官移植,"你是一个严格按照要求答题的医学考试考生。请你先展示出完整的思考过程，然后再输出最终答案。每道题目有至少两个选项（A、B）至多五个选项（A、B、C、D、E），题目为不定项选择题，请按照以下格式作答：

【思考过程】：...

【最终答案】：AB / BCE / CD / DE / E / ...（只输出选项的编号，不要写选项内容）

示例：
题目：医疗伦理中四大基本原则是？
A.尊重自主权
B.善意行为
C.无害原则
D.公正原则
E.以上都不是
【思考过程】：本题考查医学伦理的四大基本原则，包括尊重自主权、不伤害原则、行善原则、公正原则。

【最终答案】：ABCD

题目：协调员在核实潜在捐献者“住址”栏信息时，应当以什么作为填写依据？
A.身份证或户口簿登记地址
B.现居住地详细门牌号
C.出生地行政区划
D.工作单位注册地址
【思考过程】：",A,DeepSeek-V3,"【思考过程】：本题考查协调员核实潜在捐献者“住址”信息的依据。根据器官捐献相关规范，住址信息应基于实际可联系的现居住地（便于后续沟通和随访），而身份证/户口簿地址可能因迁移与实际不符；出生地或工作单位地址与现住址无关。因此应以现居住地详细门牌号作为填写依据。

【最终答案】：B",客观题,B
器官移植,"你是一个严格按照要求答题的医学考试考生。请你先展示出完整的思考过程，然后再输出最终答案。每道题目有至少两个选项（A、B）至多五个选项（A、B、C、D、E），题目为不定项选择题，请按照以下格式作答：

【思考过程】：...

【最终答案】：AB / BCE / CD / DE / E / ...（只输出选项的编号，不要写选项内容）

示例：
题目：医疗伦理中四大基本原则是？
A.尊重自主权
B.善意行为
C.无害原则
D.公正原则
E.以上都不是
【思考过程】：本题考查医学伦理的四大基本原则，包括尊重自主权、不伤害原则、行善原则、公正原则。

【最终答案】：ABCD

题目：以下哪项信息属于《人体器官潜在捐献者登记表》必须核实的内容？
A.血型
B.药物过敏史
C.科室
D.婚姻状况
E.传染病情况
【思考过程】：",ACE,DeepSeek-V3,"【思考过程】：本题考查《人体器官潜在捐献者登记表》必须核实的内容。根据相关规定，必须核实的信息包括血型（用于配型）、药物过敏史（避免器官移植后过敏反应）、传染病情况（确保器官安全）。科室和婚姻状况不是必须核实的内容。

【最终答案】：ABE",客观题,ABE
器官移植,"你是一个严格按照要求答题的医学考试考生。请你先展示出完整的思考过程，然后再输出最终答案。每道题目有至少两个选项（A、B）至多五个选项（A、B、C、D、E），题目为不定项选择题，请按照以下格式作答：

【思考过程】：...

【最终答案】：AB / BCE / CD / DE / E / ...（只输出选项的编号，不要写选项内容）

示例：
题目：医疗伦理中四大基本原则是？
A.尊重自主权
B.善意行为
C.无害原则
D.公正原则
E.以上都不是
【思考过程】：本题考查医学伦理的四大基本原则，包括尊重自主权、不伤害原则、行善原则、公正原则。

【最终答案】：ABCD

题目：核实潜在捐献者捐献意愿时，以下哪些方式是法规要求的？
A.查询中国人体器官捐献志愿登记管理系统
B.与潜在捐献者亲属核实
C.查看其书面意愿材料
D.通过在线平台自主登记
E.医疗机构内部投票表决
【思考过程】：",ABC,DeepSeek-V3,"【思考过程】：本题考查对潜在捐献者捐献意愿核实的法规要求。根据中国相关法规，核实捐献意愿应通过合法途径确认，包括查询官方登记系统（如中国人体器官捐献志愿登记管理系统）、与直系亲属核实（当登记信息不完整时），以及查看书面自愿捐献材料（如器官捐献卡或书面声明）。在线平台自主登记（D）是志愿登记方式而非核实方式，医疗机构内部投票（E）违反捐献自愿原则且无法律依据。

【最终答案】：ABC",客观题,ABC
器官移植,"你是一个严格按照要求答题的医学考试考生。请你先展示出完整的思考过程，然后再输出最终答案。每道题目有至少两个选项（A、B）至多五个选项（A、B、C、D、E），题目为不定项选择题，请按照以下格式作答：

【思考过程】：...

【最终答案】：AB / BCE / CD / DE / E / ...（只输出选项的编号，不要写选项内容）

示例：
题目：医疗伦理中四大基本原则是？
A.尊重自主权
B.善意行为
C.无害原则
D.公正原则
E.以上都不是
【思考过程】：本题考查医学伦理的四大基本原则，包括尊重自主权、不伤害原则、行善原则、公正原则。

【最终答案】：ABCD

题目：在器官移植前，协调员核实潜在捐献者主要亲属关系的合法依据包括哪些？
A.护照
B.户口簿
C.结婚证
D.出生证
E.身份证
【思考过程】：",BCDE,DeepSeek-V3,"【思考过程】：本题考查器官移植中核实潜在捐献者亲属关系的合法依据。根据我国相关法规和实际操作要求，户口簿、结婚证、出生证和身份证均为合法有效的亲属关系证明文件：  
1. **户口簿**（B）：直接显示家庭成员关系，是核心证明文件。  
2. **结婚证**（C）：用于证明配偶关系。  
3. **出生证**（D）：用于证明父母与子女关系。  
4. **身份证**（E）：虽不直接显示亲属关系，但作为身份核验的必备文件，需与其他证明配合使用。  
护照（A）通常用于国际身份证明，不涉及国内亲属关系核实，故排除。  

【最终答案】：BCDE",客观题,BCDE
器官移植,"你是一个严格按照要求答题的医学考试考生。请你先展示出完整的思考过程，然后再输出最终答案。每道题目有至少两个选项（A、B）至多五个选项（A、B、C、D、E），题目为不定项选择题，请按照以下格式作答：

【思考过程】：...

【最终答案】：AB / BCE / CD / DE / E / ...（只输出选项的编号，不要写选项内容）

示例：
题目：医疗伦理中四大基本原则是？
A.尊重自主权
B.善意行为
C.无害原则
D.公正原则
E.以上都不是
【思考过程】：本题考查医学伦理的四大基本原则，包括尊重自主权、不伤害原则、行善原则、公正原则。

【最终答案】：ABCD

题目：在器官捐献材料核实时，必须确保以下哪些人员在场？
A.人体器官获取组织工作人员 B.捐献者主要亲属 C.器官移植主刀医生 D.公安部门代表 E.医院行政主任
【思考过程】：",AB,DeepSeek-V3,"【思考过程】：本题考查器官捐献材料核实的必要人员。根据相关规定，器官捐献材料核实时需要确保人体器官获取组织工作人员在场负责协调和记录，捐献者主要亲属在场以确保知情同意和捐献意愿的真实性。器官移植主刀医生、公安部门代表和医院行政主任并非必须在场的人员。

【最终答案】：AB",客观题,AB
器官移植,"你是一个严格按照要求答题的医学考试考生。请你先展示出完整的思考过程，然后再输出最终答案。每道题目有至少两个选项（A、B）至多五个选项（A、B、C、D、E），题目为不定项选择题，请按照以下格式作答：

【思考过程】：...

【最终答案】：AB / BCE / CD / DE / E / ...（只输出选项的编号，不要写选项内容）

示例：
题目：医疗伦理中四大基本原则是？
A.尊重自主权
B.善意行为
C.无害原则
D.公正原则
E.以上都不是
【思考过程】：本题考查医学伦理的四大基本原则，包括尊重自主权、不伤害原则、行善原则、公正原则。

【最终答案】：ABCD

题目：潜在捐献者信息变更后，下列哪项步骤不属于必须的处理流程？
A.重新填写《人体器官潜在捐献者登记表》
B.经潜在捐献者本人签字确认
C.由主诊医师签字认定
D.重新上传至案例报告系统
【思考过程】：",BC,DeepSeek-V3,"【思考过程】：本题考查潜在捐献者信息变更后的处理流程。根据相关规定，信息变更后需要重新填写登记表、由主诊医师签字认定并重新上传至案例报告系统。但潜在捐献者本人签字确认并非必须流程，因为在某些情况下（如捐献者已失去意识或无法表达意愿）可由法定代理人代为确认。

【最终答案】：B",客观题,B
器官移植,"你是一个严格按照要求答题的医学考试考生。请你先展示出完整的思考过程，然后再输出最终答案。每道题目有至少两个选项（A、B）至多五个选项（A、B、C、D、E），题目为不定项选择题，请按照以下格式作答：

【思考过程】：...

【最终答案】：AB / BCE / CD / DE / E / ...（只输出选项的编号，不要写选项内容）

示例：
题目：医疗伦理中四大基本原则是？
A.尊重自主权
B.善意行为
C.无害原则
D.公正原则
E.以上都不是
【思考过程】：本题考查医学伦理的四大基本原则，包括尊重自主权、不伤害原则、行善原则、公正原则。

【最终答案】：ABCD

题目：协调员收集的《人体器官潜在捐献者登记表》签字原表及相关材料应交由哪个机构留存归档？
A.市级器官移植管理办公室
B.省级人体器官获取组织管理机构
C.医疗机构档案室
D.国家卫健委器官移植委员会
E.协调员自行存档
【思考过程】：",B,DeepSeek-V3,"【思考过程】：本题考查人体器官捐献相关材料的归档管理流程。根据《人体器官移植条例》及相关规定，协调员收集的《人体器官潜在捐献者登记表》签字原表及相关材料应交由省级人体器官获取组织管理机构留存归档，以确保资料的统一管理和后续工作的规范进行。其他选项如市级器官移植管理办公室、医疗机构档案室、国家卫健委器官移植委员会或协调员自行存档均不符合规定的归档流程。

【最终答案】：B",客观题,B
器官移植,"你是一个严格按照要求答题的医学考试考生。请你先展示出完整的思考过程，然后再输出最终答案。每道题目有至少两个选项（A、B）至多五个选项（A、B、C、D、E），题目为不定项选择题，请按照以下格式作答：

【思考过程】：...

【最终答案】：AB / BCE / CD / DE / E / ...（只输出选项的编号，不要写选项内容）

示例：
题目：医疗伦理中四大基本原则是？
A.尊重自主权
B.善意行为
C.无害原则
D.公正原则
E.以上都不是
【思考过程】：本题考查医学伦理的四大基本原则，包括尊重自主权、不伤害原则、行善原则、公正原则。

【最终答案】：ABCD

题目：根据相关规定，协调员在见证《人体器官捐献亲属确认登记表》签署时，正确的流程是？
A.主要亲属签署后，协调员立即签署确认
B.主要亲属和人体器官获取组织负责人无需分先后顺序同时签署
C.主要亲属签署后，人体器官获取组织负责人签署，协调员全程在场见证
D.仅需主要亲属签署即可，负责人无需参与
【思考过程】：",C,DeepSeek-V3,"【思考过程】：本题考查人体器官捐献亲属确认登记表的签署流程。根据相关规定，主要亲属签署后，人体器官获取组织负责人需要签署，协调员应当全程在场见证，确保流程的合法性和规范性。协调员不应在主要亲属签署后立即自行签署，也不应允许主要亲属和负责人同时签署或无负责人参与。

【最终答案】：C",客观题,C
器官移植,"你是一个严格按照要求答题的医学考试考生。请你先展示出完整的思考过程，然后再输出最终答案。每道题目有至少两个选项（A、B）至多五个选项（A、B、C、D、E），题目为不定项选择题，请按照以下格式作答：

【思考过程】：...

【最终答案】：AB / BCE / CD / DE / E / ...（只输出选项的编号，不要写选项内容）

示例：
题目：医疗伦理中四大基本原则是？
A.尊重自主权
B.善意行为
C.无害原则
D.公正原则
E.以上都不是
【思考过程】：本题考查医学伦理的四大基本原则，包括尊重自主权、不伤害原则、行善原则、公正原则。

【最终答案】：ABCD

题目：张三因器官移植手术需家属签字同意，以下哪种情况无需提供书面授权委托书或相关证明材料？
A.主要亲属因严重烧伤无法发声，同意通过视频口头授权
B.主要亲属因突发中风住院无法到场
C.主要亲属为未成年人且无其他近亲属
D.主要亲属赴国外出差但可通过电子签名平台确认
【思考过程】：",A,DeepSeek-V3,"【思考过程】：本题考查器官移植手术中家属签字同意的特殊情况。根据相关规定，书面授权委托书或相关证明材料是确保知情同意合法性的重要依据。分析各选项：  
A. 视频口头授权缺乏书面证明，需补充正式授权文件，不符合免除条件。  
B. 突发中风住院需提供医疗证明并由其他近亲属代签，仍需书面材料。  
C. 未成年人无民事行为能力，需法定监护人或其他近亲属代理，无免除依据。  
D. 电子签名平台具有法律效力，可视为书面授权，无需额外证明材料。因此D选项符合题意。  

【最终答案】：D",客观题,D
器官移植,"你是一个严格按照要求答题的医学考试考生。请你先展示出完整的思考过程，然后再输出最终答案。每道题目有至少两个选项（A、B）至多五个选项（A、B、C、D、E），题目为不定项选择题，请按照以下格式作答：

【思考过程】：...

【最终答案】：AB / BCE / CD / DE / E / ...（只输出选项的编号，不要写选项内容）

示例：
题目：医疗伦理中四大基本原则是？
A.尊重自主权
B.善意行为
C.无害原则
D.公正原则
E.以上都不是
【思考过程】：本题考查医学伦理的四大基本原则，包括尊重自主权、不伤害原则、行善原则、公正原则。

【最终答案】：ABCD

题目：协凋员在填写器官捐献相关表格时，下列哪项规定不符合操作要求？
A.死亡时间按照死亡判定材料精确到分钟
B.“获取组织”栏填写实际参与器官获取的机构名称
C.“捐献医院”栏填写捐献者首次入院的医疗机构名称
D.“死亡判定医生”信息需要与佐证材料一致
【思考过程】：",C,DeepSeek-V3,"【思考过程】：本题考查器官捐献表格填写的操作规范。根据相关规定：  
1. 死亡时间必须精确到分钟（A符合要求）。  
2. “获取组织”栏应填写实际参与器官获取的机构名称（B符合要求）。  
3. “捐献医院”栏应填写捐献者完成捐献的医疗机构名称，而非首次入院机构（C不符合要求）。  
4. “死亡判定医生”信息需与佐证材料完全一致（D符合要求）。  

【最终答案】：C",客观题,C
器官移植,"你是一个严格按照要求答题的医学考试考生。请你先展示出完整的思考过程，然后再输出最终答案。每道题目有至少两个选项（A、B）至多五个选项（A、B、C、D、E），题目为不定项选择题，请按照以下格式作答：

【思考过程】：...

【最终答案】：AB / BCE / CD / DE / E / ...（只输出选项的编号，不要写选项内容）

示例：
题目：医疗伦理中四大基本原则是？
A.尊重自主权
B.善意行为
C.无害原则
D.公正原则
E.以上都不是
【思考过程】：本题考查医学伦理的四大基本原则，包括尊重自主权、不伤害原则、行善原则、公正原则。

【最终答案】：ABCD

题目：以下哪种情况可能导致器官获取时的影像资料不符合伦理规范？
A.影像中仅有主治医师和麻醉师在场
B.协调员未出境但因设备故障导致面容模糊
C.所有参与器官获取的护士均在镜头前
D.影像拍摄地点在手术室外的走廊
E.资料显示协调员单独签署文件而无护士参与
【思考过程】：",AD,DeepSeek-V3,"【思考过程】：本题考查器官获取影像资料的伦理规范要求。根据相关伦理规范，器官获取时影像资料需完整记录所有参与人员（包括协调员、医师、护士等）、操作过程需在手术室等规范场所进行、文件签署需符合流程。  
A选项：仅有主治医师和麻醉师在场，缺少协调员和护士记录，不符合规范。  
B选项：设备故障导致面容模糊属于技术问题，不直接违反伦理规范。  
C选项：所有护士均在镜头前符合记录要求，无伦理问题。  
D选项：手术室外的走廊非规范操作场所，违反伦理规范。  
E选项：协调员单独签署文件而无护士参与，不符合签署流程规范。  

【最终答案】：ADE",客观题,ADE
器官移植,"你是一个严格按照要求答题的医学考试考生。请你先展示出完整的思考过程，然后再输出最终答案。每道题目有至少两个选项（A、B）至多五个选项（A、B、C、D、E），题目为不定项选择题，请按照以下格式作答：

【思考过程】：...

【最终答案】：AB / BCE / CD / DE / E / ...（只输出选项的编号，不要写选项内容）

示例：
题目：医疗伦理中四大基本原则是？
A.尊重自主权
B.善意行为
C.无害原则
D.公正原则
E.以上都不是
【思考过程】：本题考查医学伦理的四大基本原则，包括尊重自主权、不伤害原则、行善原则、公正原则。

【最终答案】：ABCD

题目：在器官获取过程中，以下哪些行为违反了相关法规？
A. 协调员因家属情绪不稳短暂离开手术室安抚家属
B. 协调员未查看《人体器官捐献亲属确认登记表》即签署同意获取文件
C. 获取医生在完成指定器官摘取后额外取出角膜组织用于科研
D. 协调员全程在场但未核对捐献者身份信息
【思考过程】：",ABCD,DeepSeek-V3,"【思考过程】：本题考查器官获取过程中的法规合规性。根据相关法规和伦理要求：A选项属于合理的人文关怀，不违反法规；B选项未核对关键文件即签署同意书，属于程序违规；C选项超出授权范围获取额外组织，违反知情同意原则；D选项未核对捐献者身份信息，属于严重程序疏漏。因此，B、C、D均违反法规。

【最终答案】：BCD",客观题,BCD
器官移植,"你是一个严格按照要求答题的医学考试考生。请你先展示出完整的思考过程，然后再输出最终答案。每道题目有至少两个选项（A、B）至多五个选项（A、B、C、D、E），题目为不定项选择题，请按照以下格式作答：

【思考过程】：...

【最终答案】：AB / BCE / CD / DE / E / ...（只输出选项的编号，不要写选项内容）

示例：
题目：医疗伦理中四大基本原则是？
A.尊重自主权
B.善意行为
C.无害原则
D.公正原则
E.以上都不是
【思考过程】：本题考查医学伦理的四大基本原则，包括尊重自主权、不伤害原则、行善原则、公正原则。

【最终答案】：ABCD

题目：关于器官获取后的遗体处理流程，哪一选项符合相关法律法规要求？
A.协调员无需在场见证，由医务人员自行处理捐献者遗体
B.协调员应亲自主刀进行捐献者遗体的医学处理
C.协调员需见证医务人员对捐献者遗体进行恢复外观的处理（除移植器官外）
D.仅需恢复移植器官部位的外观，其他部位无需处理
【思考过程】：",C,DeepSeek-V3,"【思考过程】：本题考查器官捐献后遗体处理的法律法规要求。根据相关规定，器官获取后，协调员需在场见证医务人员对捐献者遗体进行恢复外观的处理（除移植器官外），以确保遗体得到妥善处理。协调员无需亲自主刀，但必须见证整个过程。仅恢复移植器官部位的外观而忽略其他部位是不符合要求的。协调员不在场见证或自行处理遗体也是不符合规定的。

【最终答案】：C",客观题,C
器官移植,"你是一个严格按照要求答题的医学考试考生。请你先展示出完整的思考过程，然后再输出最终答案。每道题目有至少两个选项（A、B）至多五个选项（A、B、C、D、E），题目为不定项选择题，请按照以下格式作答：

【思考过程】：...

【最终答案】：AB / BCE / CD / DE / E / ...（只输出选项的编号，不要写选项内容）

示例：
题目：医疗伦理中四大基本原则是？
A.尊重自主权
B.善意行为
C.无害原则
D.公正原则
E.以上都不是
【思考过程】：本题考查医学伦理的四大基本原则，包括尊重自主权、不伤害原则、行善原则、公正原则。

【最终答案】：ABCD

题目：在器官捐献见证过程中，以下哪种情形无需协调员立即中止捐献见证？
A.捐献者父亲对儿子职业陈述前后矛盾
B.母亲同意捐献但女儿明确反对
C.存在主管部门尚未批准的同类型交通事故案例
D.器官获取在公立三甲医院手术室进行
F.获取了亲属确认范围外的肝脏
【思考过程】：",D,DeepSeek-V3,"【思考过程】：本题考查器官捐献见证过程中需要立即中止的情形。根据相关规定，以下情形需立即中止：1.捐献者家属意见不一致或存在争议（如B选项母亲同意但女儿反对）；2.捐献者身份或意愿存在疑问（如A选项父亲陈述矛盾可能涉及身份问题）；3.存在未解决的司法或行政问题（如C选项交通事故案例未获批准）；4.超出合法亲属确认范围（如F选项获取范围外的肝脏）。D选项在正规医院手术室进行是合规操作，无需中止。

【最终答案】：D",客观题,D
器官移植,"你是一个严格按照要求答题的医学考试考生。请你先展示出完整的思考过程，然后再输出最终答案。每道题目有至少两个选项（A、B）至多五个选项（A、B、C、D、E），题目为不定项选择题，请按照以下格式作答：

【思考过程】：...

【最终答案】：AB / BCE / CD / DE / E / ...（只输出选项的编号，不要写选项内容）

示例：
题目：医疗伦理中四大基本原则是？
A.尊重自主权
B.善意行为
C.无害原则
D.公正原则
E.以上都不是
【思考过程】：本题考查医学伦理的四大基本原则，包括尊重自主权、不伤害原则、行善原则、公正原则。

【最终答案】：ABCD

题目：以下情形中，协调员无需中止捐献见证的是？
A.获取器官程序手续不规范但场所在正规医疗机构内，B.捐献者主要亲属关系证明文件缺失，C.交通事故中受害者家属同意器官捐献但公安机关未明确表态，D.人体器官获取组织未提交伦理审查意见
【思考过程】：",A,DeepSeek-V3,"【思考过程】：本题考查器官捐献协调员在见证捐献过程中需要中止的情形。根据相关规定，协调员在以下情况下应中止捐献见证：1. 获取器官程序手续不规范（A选项需要中止）；2. 捐献者主要亲属关系证明文件缺失（B选项需要中止）；3. 公安机关未明确表态的交通事故捐献（C选项需要中止）；4. 未提交伦理审查意见（D选项需要中止）。题目要求选择""无需中止""的情形，因此以上所有选项都需要中止见证，故本题可能为无正确答案的题目。但根据选项设置，最接近""无需立即中止""的是A选项，因为在正规医疗机构内虽程序不规范但可能补救。

【最终答案】：A",客观题,A
器官移植,"你是一个严格按照要求答题的医学考试考生。请你先展示出完整的思考过程，然后再输出最终答案。每道题目有至少两个选项（A、B）至多五个选项（A、B、C、D、E），题目为不定项选择题，请按照以下格式作答：

【思考过程】：...

【最终答案】：AB / BCE / CD / DE / E / ...（只输出选项的编号，不要写选项内容）

示例：
题目：医疗伦理中四大基本原则是？
A.尊重自主权
B.善意行为
C.无害原则
D.公正原则
E.以上都不是
【思考过程】：本题考查医学伦理的四大基本原则，包括尊重自主权、不伤害原则、行善原则、公正原则。

【最终答案】：ABCD

题目：协调员在捐献见证过程中遇到以下哪些情形时应中止捐献见证并报告？
A.捐献者主要亲属信息存疑
B.器官获取在正规医疗机构进行但时间过长
C.存在交通事故且交通部门不同意捐献
D.医院尚未获得伦理审查意见
E.器官获取范围符合亲属确认的捐献意愿
【思考过程】：",ACD,DeepSeek-V3,"【思考过程】：本题考查人体器官捐献协调员在见证过程中需要中止并报告的情形。根据《中国人体器官捐献工作指南》和相关法规要求：  
1. **A选项**正确：亲属信息存疑可能涉及捐献合法性或真实性，需中止核实。  
2. **B选项**错误：时间过长并非中止的法定情形，但需关注流程合规性。  
3. **C选项**正确：交通事故中若交通部门不同意捐献，可能涉及法律争议或未完成调查，需中止。  
4. **D选项**正确：伦理审查意见是捐献合法性的前提，缺失则必须中止。  
5. **E选项**错误：符合亲属意愿是正常流程，无需中止。  

综上，需中止的情形为亲属信息存疑、交通事故争议、伦理审查缺失。  

【最终答案】：ACD",客观题,ACD
器官移植,"你是一个严格按照要求答题的医学考试考生。请你先展示出完整的思考过程，然后再输出最终答案。每道题目有至少两个选项（A、B）至多五个选项（A、B、C、D、E），题目为不定项选择题，请按照以下格式作答：

【思考过程】：...

【最终答案】：AB / BCE / CD / DE / E / ...（只输出选项的编号，不要写选项内容）

示例：
题目：医疗伦理中四大基本原则是？
A.尊重自主权
B.善意行为
C.无害原则
D.公正原则
E.以上都不是
【思考过程】：本题考查医学伦理的四大基本原则，包括尊重自主权、不伤害原则、行善原则、公正原则。

【最终答案】：ABCD

题目：协调员在器官捐献见证过程中发现以下哪些情形应当中止捐献见证？
A.捐献者部分直系亲属经沟通后仍不同意的
B.人体器官获取组织无法提供伦理审查意见的
C.捐献者主要亲属信息存在伪造嫌疑的
D.捐献者家属对器官获取时间有疑虑的
E.器官获取手术在民营康复中心开展的
【思考过程】：",BCE,DeepSeek-V3,"【思考过程】：本题考查器官捐献见证过程中应当中止的情形。根据相关规定，以下情形应当中止捐献见证：
1. 捐献者部分直系亲属经沟通后仍不同意（A），这违反了尊重家属意愿的原则；
2. 人体器官获取组织无法提供伦理审查意见（B），缺乏伦理审查不符合规范；
3. 捐献者主要亲属信息存在伪造嫌疑（C），涉及信息造假必须中止；
4. 器官获取手术在民营康复中心开展（E），不符合规定的医疗机构资质。
而D选项家属对时间有疑虑属于可沟通解决的常规问题，不构成中止理由。

【最终答案】：ABCE",客观题,ABCE
器官移植,"你是一个严格按照要求答题的医学考试考生。请你先展示出完整的思考过程，然后再输出最终答案。每道题目有至少两个选项（A、B）至多五个选项（A、B、C、D、E），题目为不定项选择题，请按照以下格式作答：

【思考过程】：...

【最终答案】：AB / BCE / CD / DE / E / ...（只输出选项的编号，不要写选项内容）

示例：
题目：医疗伦理中四大基本原则是？
A.尊重自主权
B.善意行为
C.无害原则
D.公正原则
E.以上都不是
【思考过程】：本题考查医学伦理的四大基本原则，包括尊重自主权、不伤害原则、行善原则、公正原则。

【最终答案】：ABCD

题目：以下哪一情形不属于协调员必须中止捐献见证并向省级管理机构报告的情况？
A.捐献者的配偶对器官捐献表示反对
B.器官获取手术在未备案的民营医院进行
C.当地派出所因涉及交通事故案件要求暂停捐献
D.伦理审查意见明确支持捐献但延期3天执行
E.死亡判定材料显示捐献者脑干反射消失但未签字确认
【思考过程】：",D,DeepSeek-V3,"【思考过程】：本题考查器官捐献中止见证和报告的情形。根据相关规定：  
1. **A选项**（配偶反对）：直系亲属反对捐献属于必须中止的情形（配偶属于第一顺位近亲属）；  
2. **B选项**（未备案医院手术）：器官获取必须在具备资质的医疗机构进行，否则必须中止；  
3. **C选项**（派出所要求暂停）：司法机关介入时需暂停捐献并报告；  
4. **D选项**（伦理审查支持但延期）：伦理审查通过后延期执行不违反规定，无需中止；  
5. **E选项**（死亡判定未签字）：死亡判定材料不完整属于必须中止的情形。  

综上，**D选项**是唯一不违反核心规定的情形。  

【最终答案】：D",客观题,D
器官移植,"你是一个严格按照要求答题的医学考试考生。请你先展示出完整的思考过程，然后再输出最终答案。每道题目有至少两个选项（A、B）至多五个选项（A、B、C、D、E），题目为不定项选择题，请按照以下格式作答：

【思考过程】：...

【最终答案】：AB / BCE / CD / DE / E / ...（只输出选项的编号，不要写选项内容）

示例：
题目：医疗伦理中四大基本原则是？
A.尊重自主权
B.善意行为
C.无害原则
D.公正原则
E.以上都不是
【思考过程】：本题考查医学伦理的四大基本原则，包括尊重自主权、不伤害原则、行善原则、公正原则。

【最终答案】：ABCD

题目：以下哪些行为一旦被核实，将导致协调员被暂停资格并可能注销证件？
A.协调员未及时更新工作证
B.未到现场或未全程见证捐献过程
C.未参与捐献者的术前评估会议
D.泄露捐献者及家属的个人隐私信息
E.在见证意见中提供不实信息
【思考过程】：",BDE,DeepSeek-V3,"【思考过程】：本题考查协调员资格暂停和注销的情形。根据相关规定，协调员若未全程见证捐献过程（B）、泄露捐献者及家属隐私（D）、提供不实见证信息（E）等严重违规行为，可能被暂停资格并注销证件。未及时更新工作证（A）或未参与术前评估会议（C）属于一般性管理问题，通常不会直接导致资格注销。  

【最终答案】：BDE",客观题,BDE
器官移植,"你是一个严格按照要求答题的医学考试考生。请你先展示出完整的思考过程，然后再输出最终答案。每道题目有至少两个选项（A、B）至多五个选项（A、B、C、D、E），题目为不定项选择题，请按照以下格式作答：

【思考过程】：...

【最终答案】：AB / BCE / CD / DE / E / ...（只输出选项的编号，不要写选项内容）

示例：
题目：医疗伦理中四大基本原则是？
A.尊重自主权
B.善意行为
C.无害原则
D.公正原则
E.以上都不是
【思考过程】：本题考查医学伦理的四大基本原则，包括尊重自主权、不伤害原则、行善原则、公正原则。

【最终答案】：ABCD

题目：协调员在器官捐献见证中发现跨区域转运潜在捐献者时，应当向哪些机构报告？
A.市级卫生健康部门和医院的伦理委员会
B.省级管理机构和省级卫生健康行政部门
C.国家卫生健康委员会和司法部门
D.所在医院的医务处和红十字会
【思考过程】：",B,DeepSeek-V3,"【思考过程】：本题考查器官捐献协调员在发现跨区域转运潜在捐献者时的报告流程。根据中国《人体器官移植条例》及相关规定，跨区域转运涉及省级管理机构和省级卫生健康行政部门的监管职责，需向其报告以确保合法合规。市级部门和医院伦理委员会主要处理本地事务，国家卫健委通常不直接介入个案，司法部门和红十字会非直接监管机构。

【最终答案】：B",客观题,B
器官移植,"你是一个严格按照要求答题的医学考试考生。请你先展示出完整的思考过程，然后再输出最终答案。每道题目有至少两个选项（A、B）至多五个选项（A、B、C、D、E），题目为不定项选择题，请按照以下格式作答：

【思考过程】：...

【最终答案】：AB / BCE / CD / DE / E / ...（只输出选项的编号，不要写选项内容）

示例：
题目：医疗伦理中四大基本原则是？
A.尊重自主权
B.善意行为
C.无害原则
D.公正原则
E.以上都不是
【思考过程】：本题考查医学伦理的四大基本原则，包括尊重自主权、不伤害原则、行善原则、公正原则。

【最终答案】：ABCD

题目：关于器官捐献协调员的保密义务，以下哪项描述符合法律规定？
A.在职期间需对捐献者隐私保密，B.调离岗位后仍需对家属信息保密，C.仅需保护捐献者本人的隐私，D.保密期限截至协调员离职时
【思考过程】：",B,DeepSeek-V3,"【思考过程】：本题考查器官捐献协调员的保密义务范围及期限。根据相关法律规定，协调员不仅在职期间需对捐献者隐私保密（A正确），调离岗位后仍应继续履行保密义务（B正确），且保密范围包括捐献者及其家属信息（C错误）。保密义务是持续性义务，不因离职而终止（D错误）。

【最终答案】：AB",客观题,AB
器官移植,"你是一个严格按照要求答题的医学考试考生。请你先展示出完整的思考过程，然后再输出最终答案。每道题目有至少两个选项（A、B）至多五个选项（A、B、C、D、E），题目为不定项选择题，请按照以下格式作答：

【思考过程】：...

【最终答案】：AB / BCE / CD / DE / E / ...（只输出选项的编号，不要写选项内容）

示例：
题目：医疗伦理中四大基本原则是？
A.尊重自主权
B.善意行为
C.无害原则
D.公正原则
E.以上都不是
【思考过程】：本题考查医学伦理的四大基本原则，包括尊重自主权、不伤害原则、行善原则、公正原则。

【最终答案】：ABCD

题目：以下选项中，属于人体器官移植伦理审查基本伦理原则的是？
A.自愿无偿原则
B.维护有利原则
C.确保公平公正原则
D.遵循公序良俗原则
E.资源优化配置原则
【思考过程】：",BCD,DeepSeek-V3,"【思考过程】：本题考查人体器官移植伦理审查的基本伦理原则。根据相关伦理规范和国际共识，人体器官移植应遵循以下基本原则：1.自愿无偿原则（禁止器官买卖和强迫捐献）；2.维护有利原则（保护供受双方的健康权益）；3.确保公平公正原则（分配透明、无歧视）；4.遵循公序良俗原则（符合社会伦理道德）；5.资源优化配置原则（合理利用有限器官资源）。所有选项均为正确描述。

【最终答案】：ABCDE",客观题,ABCDE
器官移植,"你是一个严格按照要求答题的医学考试考生。请你先展示出完整的思考过程，然后再输出最终答案。每道题目有至少两个选项（A、B）至多五个选项（A、B、C、D、E），题目为不定项选择题，请按照以下格式作答：

【思考过程】：...

【最终答案】：AB / BCE / CD / DE / E / ...（只输出选项的编号，不要写选项内容）

示例：
题目：医疗伦理中四大基本原则是？
A.尊重自主权
B.善意行为
C.无害原则
D.公正原则
E.以上都不是
【思考过程】：本题考查医学伦理的四大基本原则，包括尊重自主权、不伤害原则、行善原则、公正原则。

【最终答案】：ABCD

题目：以下哪些信息属于人体器官移植伦理委员会委员的保密义务范围？
A.伦理审查工作具体流程
B.捐献人的血型检测报告
C.移植接受人的户籍地址
D.医疗机构消毒技术标准
E.器官分配优先级算法
【思考过程】：",ABC,DeepSeek-V3,"【思考过程】：本题考查人体器官移植伦理委员会委员的保密义务范围。保密义务主要涉及捐献人和接受人的个人信息、医疗信息以及涉及隐私的流程和算法。  
1. 伦理审查工作具体流程（A）：属于内部工作流程，一般不涉及保密义务，除非流程中包含敏感信息。  
2. 捐献人的血型检测报告（B）：属于捐献人的医疗信息，属于保密范围。  
3. 移植接受人的户籍地址（C）：属于接受人的个人信息，属于保密范围。  
4. 医疗机构消毒技术标准（D）：属于公开的技术标准，不属于保密范围。  
5. 器官分配优先级算法（E）：可能涉及敏感信息或公平性问题，通常属于保密范围。

【最终答案】：BCE",客观题,BCE
器官移植,"你是一个严格按照要求答题的医学考试考生。请你先展示出完整的思考过程，然后再输出最终答案。每道题目有至少两个选项（A、B）至多五个选项（A、B、C、D、E），题目为不定项选择题，请按照以下格式作答：

【思考过程】：...

【最终答案】：AB / BCE / CD / DE / E / ...（只输出选项的编号，不要写选项内容）

示例：
题目：医疗伦理中四大基本原则是？
A.尊重自主权
B.善意行为
C.无害原则
D.公正原则
E.以上都不是
【思考过程】：本题考查医学伦理的四大基本原则，包括尊重自主权、不伤害原则、行善原则、公正原则。

【最终答案】：ABCD

题目：以下哪项属于人体器官移植伦理审查的控制风险原则内容？
A.确保捐献人手术后3个月内完全恢复健康
B.对捐献人所受风险进行全面经济补偿
C.避免损害捐献人除器官外的其他生理功能
D.允许亲属代未成年捐献人签署知情同意书
E.公开捐献人的医疗数据用于研究
【思考过程】：",C,DeepSeek-V3,"【思考过程】：本题考查人体器官移植伦理审查的控制风险原则。控制风险原则的核心是保护捐献人的健康权益，包括避免对捐献人造成不必要的伤害、确保其生理功能不受损害、不公开其隐私信息等。选项A“确保捐献人手术后3个月内完全恢复健康”过于绝对，不符合医学实际；选项B“对捐献人所受风险进行全面经济补偿”可能涉及器官买卖，违背伦理；选项C“避免损害捐献人除器官外的其他生理功能”符合控制风险原则；选项D“允许亲属代未成年捐献人签署知情同意书”违背自主原则；选项E“公开捐献人的医疗数据用于研究”侵犯隐私权。

【最终答案】：C",客观题,C
器官移植,"你是一个严格按照要求答题的医学考试考生。请你先展示出完整的思考过程，然后再输出最终答案。每道题目有至少两个选项（A、B）至多五个选项（A、B、C、D、E），题目为不定项选择题，请按照以下格式作答：

【思考过程】：...

【最终答案】：AB / BCE / CD / DE / E / ...（只输出选项的编号，不要写选项内容）

示例：
题目：医疗伦理中四大基本原则是？
A.尊重自主权
B.善意行为
C.无害原则
D.公正原则
E.以上都不是
【思考过程】：本题考查医学伦理的四大基本原则，包括尊重自主权、不伤害原则、行善原则、公正原则。

【最终答案】：ABCD

题目：下列哪一行为违反了人体器官移植伦理审查原则？
A.允许捐献人在书面同意后随时撤销捐献意愿
B.活体器官捐献手术导致捐献人其他生理功能出现轻微损害
C.伦理委员会因捐献人年龄超过60岁而拒绝其捐献申请
D.使用逝者器官前仅获得其配偶的口头同意
E.将捐献人信息匿名化后提供给医学研究机构
【思考过程】：",BCD,DeepSeek-V3,"【思考过程】：本题考查人体器官移植伦理审查原则的违反行为。根据相关伦理原则和规定：  
1. 选项A：捐献人有权随时撤销捐献意愿，这是尊重自主权的体现，不违反伦理原则。  
2. 选项B：活体器官捐献应以不造成捐献人严重健康损害为前提，轻微损害可能属于可接受范围，但需严格评估是否违反无伤害原则。题目未说明是否经过充分评估，需结合其他选项判断。  
3. 选项C：仅因年龄限制拒绝捐献申请可能构成歧视，需根据具体健康状况评估，直接拒绝可能违反公正原则。  
4. 选项D：使用逝者器官需获得书面同意或符合法定程序，仅口头同意明显违反规范。  
5. 选项E：匿名化处理捐献人信息用于医学研究符合隐私保护原则，不违反伦理。  
最明确的违规行为是D，其次是C（年龄歧视可能违反公正原则）。B的“轻微损害”需进一步明确是否经过伦理审查豁免，但题目未提供背景，优先排除。

【最终答案】：CD",客观题,CD
器官移植,"你是一个严格按照要求答题的医学考试考生。请你先展示出完整的思考过程，然后再输出最终答案。每道题目有至少两个选项（A、B）至多五个选项（A、B、C、D、E），题目为不定项选择题，请按照以下格式作答：

【思考过程】：...

【最终答案】：AB / BCE / CD / DE / E / ...（只输出选项的编号，不要写选项内容）

示例：
题目：医疗伦理中四大基本原则是？
A.尊重自主权
B.善意行为
C.无害原则
D.公正原则
E.以上都不是
【思考过程】：本题考查医学伦理的四大基本原则，包括尊重自主权、不伤害原则、行善原则、公正原则。

【最终答案】：ABCD

题目：以下哪些事项属于人体器官移植伦理委员会对遗体器官获取申请的必要审查内容？
A.自愿无偿捐献遗体器官的公证文件合法性
B.是否存在跨服务区转介潜在捐献人情形
C.手术主刀医师的职称资质
D.捐献器官的医学评估报告完整性
E.是否符合医院的年度绩效指标
【思考过程】：",BD,DeepSeek-V3,"【思考过程】：本题考查人体器官移植伦理委员会对遗体器官获取申请的审查内容。根据相关规定，审查内容主要包括：1.自愿无偿捐献的合法性（如公证文件）；2.是否符合地域分配原则（如跨服务区转介情形的审查）；3.捐献器官的医学评估（如供体适配性、器官质量等）。而主刀医师资质属于医疗机构内部管理范畴，年度绩效指标与伦理审查无关。

【最终答案】：ABD",客观题,ABD
器官移植,"你是一个严格按照要求答题的医学考试考生。请你先展示出完整的思考过程，然后再输出最终答案。每道题目有至少两个选项（A、B）至多五个选项（A、B、C、D、E），题目为不定项选择题，请按照以下格式作答：

【思考过程】：...

【最终答案】：AB / BCE / CD / DE / E / ...（只输出选项的编号，不要写选项内容）

示例：
题目：医疗伦理中四大基本原则是？
A.尊重自主权
B.善意行为
C.无害原则
D.公正原则
E.以上都不是
【思考过程】：本题考查医学伦理的四大基本原则，包括尊重自主权、不伤害原则、行善原则、公正原则。

【最终答案】：ABCD

题目：人体器官移植伦理委员会的遗体器官审查申请审查事项中，必须包含以下哪项内容？
A.是否有经济补偿的协议文本
B.捐献相关知情同意合法性
C.捐献器官的运输成本核算
D.跨服务区转介捐献人情形审查
E.伦理学原则合规性
【思考过程】：",BDE,DeepSeek-V3,"【思考过程】：本题考查人体器官移植伦理委员会的审查事项。根据《人体器官移植条例》和相关伦理规范，审查重点应包括：1.捐献的知情同意合法性（确保自愿无偿原则）；2.伦理学原则合规性（符合不伤害、公正等原则）。经济补偿协议（A）违反无偿捐献原则，运输成本核算（C）属于后勤事务，跨服务区转介（D）非核心审查内容。

【最终答案】：BE",客观题,BE
器官移植,"你是一个严格按照要求答题的医学考试考生。请你先展示出完整的思考过程，然后再输出最终答案。每道题目有至少两个选项（A、B）至多五个选项（A、B、C、D、E），题目为不定项选择题，请按照以下格式作答：

【思考过程】：...

【最终答案】：AB / BCE / CD / DE / E / ...（只输出选项的编号，不要写选项内容）

示例：
题目：医疗伦理中四大基本原则是？
A.尊重自主权
B.善意行为
C.无害原则
D.公正原则
E.以上都不是
【思考过程】：本题考查医学伦理的四大基本原则，包括尊重自主权、不伤害原则、行善原则、公正原则。

【最终答案】：ABCD

题目：以下哪些事项属于人体器官移植伦理委员会对活体器官获取申请的审查内容？
A.器官质量是否符合国家强制标准
B.有无买卖或变相买卖活体器官的情形
C.接受人是否为捐献人的五代以内旁系血亲
D.活体器官捐献人的健康和心理状态是否适宜捐献器官
E.是否符合医学和伦理学原则
【思考过程】：",BDE,DeepSeek-V3,"【思考过程】：本题考查人体器官移植伦理委员会对活体器官获取申请的审查内容。根据相关规定，审查内容包括：是否存在器官买卖（B）、捐献人与接受人的关系是否符合伦理要求（如三代以内旁系血亲或养父母、继父母等，而非五代，C错误）、捐献人的健康状况和心理状态是否适宜捐献（D）、是否符合医学和伦理学原则（E）。器官质量是否符合国家强制标准（A）属于技术评估范畴，通常不属于伦理委员会的审查职责。

【最终答案】：BDE",客观题,BDE
器官移植,"你是一个严格按照要求答题的医学考试考生。请你先展示出完整的思考过程，然后再输出最终答案。每道题目有至少两个选项（A、B）至多五个选项（A、B、C、D、E），题目为不定项选择题，请按照以下格式作答：

【思考过程】：...

【最终答案】：AB / BCE / CD / DE / E / ...（只输出选项的编号，不要写选项内容）

示例：
题目：医疗伦理中四大基本原则是？
A.尊重自主权
B.善意行为
C.无害原则
D.公正原则
E.以上都不是
【思考过程】：本题考查医学伦理的四大基本原则，包括尊重自主权、不伤害原则、行善原则、公正原则。

【最终答案】：ABCD

题目：人体器官移植伦理委员会审查活体器官移植申请时，以下哪一事项属于必须审查的内容？
A.捐献人是否与接受人存在经济利益关系
B.供体器官的配型是否与接受者匹配及适应证是否合适
C.是否符合医院先进诊疗技术推广原则
D.是否有第三方机构参与器官分配流程
【思考过程】：",B,DeepSeek-V3,"【思考过程】：本题考查人体器官移植伦理委员会审查活体器官移植申请时必须审查的内容。根据《人体器官移植条例》及相关伦理规范，审查重点包括：  
1. **捐献人与接受人关系**（必须排除经济利益或不当压力，A正确）；  
2. **医疗适应性**（如配型和适应证是否合理，B正确）；  
3. C选项“医院先进技术推广”与伦理审查无关，属技术管理范畴；  
4. D选项“第三方机构参与分配”未明确要求为“必须审查”内容，且活体移植通常不涉及第三方分配。  

【最终答案】：AB",客观题,AB
器官移植,"你是一个严格按照要求答题的医学考试考生。请你先展示出完整的思考过程，然后再输出最终答案。每道题目有至少两个选项（A、B）至多五个选项（A、B、C、D、E），题目为不定项选择题，请按照以下格式作答：

【思考过程】：...

【最终答案】：AB / BCE / CD / DE / E / ...（只输出选项的编号，不要写选项内容）

示例：
题目：医疗伦理中四大基本原则是？
A.尊重自主权
B.善意行为
C.无害原则
D.公正原则
E.以上都不是
【思考过程】：本题考查医学伦理的四大基本原则，包括尊重自主权、不伤害原则、行善原则、公正原则。

【最终答案】：ABCD

题目：人体器官移植伦理委员会审查活体器官捐献申请时，以下哪项不属于应当审查的内容？
A.直系亲属代签捐献同意书的情形
B.有无变相买卖活体器官的情形
C.手术费用的具体承担方
D.器官配型与适应证的规范性
E.捐献人术后心理干预措施
F.移植器官细胞活性检测结果
【思考过程】：",ACEF,DeepSeek-V3,"【思考过程】：本题考查人体器官移植伦理委员会审查活体器官捐献申请时的审查内容。根据我国《人体器官移植条例》和相关伦理规范，审查内容主要包括：  
1. **捐献意愿的真实性**（如是否存在代签同意书或强迫情形，A项涉及）；  
2. **禁止器官买卖**（B项为必审内容）；  
3. **医疗适应证和配型的合规性**（D项属于技术审查重点）；  
4. **捐献人术后健康保障**（如心理干预，E项可能涉及）。  
**非审查重点**：  
- **手术费用承担方**（C项属于经济安排，不影响伦理合法性）；  
- **移植器官细胞活性检测**（F项属临床技术细节，非伦理审查范畴）。  

综上所述，C（费用承担）和F（细胞活性检测）不属于伦理委员会审查内容，但题目要求选择“**不属于**”的**一项**，选项中仅F为纯技术指标，与伦理无关。  

【最终答案】：F",客观题,F
器官移植,"你是一个严格按照要求答题的医学考试考生。请你先展示出完整的思考过程，然后再输出最终答案。每道题目有至少两个选项（A、B）至多五个选项（A、B、C、D、E），题目为不定项选择题，请按照以下格式作答：

【思考过程】：...

【最终答案】：AB / BCE / CD / DE / E / ...（只输出选项的编号，不要写选项内容）

示例：
题目：医疗伦理中四大基本原则是？
A.尊重自主权
B.善意行为
C.无害原则
D.公正原则
E.以上都不是
【思考过程】：本题考查医学伦理的四大基本原则，包括尊重自主权、不伤害原则、行善原则、公正原则。

【最终答案】：ABCD

题目：在器官获取过程中，以下哪些属于规定的伦理操作流程？
A.填写《器官捐献登记表》并由护士签字
B.由至少两名医师全程见证器官获取及遗体复原过程
C.对捐献者遗体进行紫外线消毒处理
D.允许一名家属参与器官获取实施环节
E.在器官获取结束后组织全场人员保持站立默哀五分钟
【思考过程】：",BE,DeepSeek-V3,"【思考过程】：本题考查器官获取的伦理操作流程规范。根据我国《人体器官移植条例》及相关伦理准则：  
1. A选项错误，《器官捐献登记表》需由捐献者本人或直系亲属签字，护士无签字权限；  
2. B选项正确，法规明确要求至少两名医师全程见证以保障程序合规性；  
3. C选项错误，紫外线消毒处理尸体无明文规定且可能破坏遗体完整性；  
4. D选项错误，家属不得参与实施环节以避免利益冲突或情绪干扰；  
5. E选项错误，默哀非强制流程，需尊重不同文化习俗。  

【最终答案】：B",客观题,B
器官移植,"你是一个严格按照要求答题的医学考试考生。请你先展示出完整的思考过程，然后再输出最终答案。每道题目有至少两个选项（A、B）至多五个选项（A、B、C、D、E），题目为不定项选择题，请按照以下格式作答：

【思考过程】：...

【最终答案】：AB / BCE / CD / DE / E / ...（只输出选项的编号，不要写选项内容）

示例：
题目：医疗伦理中四大基本原则是？
A.尊重自主权
B.善意行为
C.无害原则
D.公正原则
E.以上都不是
【思考过程】：本题考查医学伦理的四大基本原则，包括尊重自主权、不伤害原则、行善原则、公正原则。

【最终答案】：ABCD

题目：以下哪些做法符合人体器官捐献的伦理要求？
A.在社交媒体公开发布捐献者家属的感谢信以表彰其善举
B.向捐献者家属详细说明器官使用的医疗方案并获得书面同意
C.向媒体透露捐献者的年龄和性别以提升公众捐献意识
D.拒绝向第三方透露捐献者配偶的联系方式
【思考过程】：",BD,DeepSeek-V3,"【思考过程】：本题考查人体器官捐献的伦理要求。根据医学伦理原则，器官捐献必须尊重捐献者及家属的隐私权（如禁止公开个人信息和联系方式），确保知情同意（如详细说明使用方案并获得书面同意），同时避免利用捐献者信息进行非必要的宣传（如社交媒体公开表彰或透露具体身份信息可能违背隐私保护）。

A.不符合：公开感谢信可能泄露隐私，违反保密原则  
B.符合：说明方案并获得书面同意是知情同意的核心要求  
C.不符合：透露年龄和性别仍可能侵犯隐私  
D.符合：保护配偶联系方式属于隐私保护范畴  

【最终答案】：BD",客观题,BD
器官移植,"你是一个严格按照要求答题的医学考试考生。请你先展示出完整的思考过程，然后再输出最终答案。每道题目有至少两个选项（A、B）至多五个选项（A、B、C、D、E），题目为不定项选择题，请按照以下格式作答：

【思考过程】：...

【最终答案】：AB / BCE / CD / DE / E / ...（只输出选项的编号，不要写选项内容）

示例：
题目：医疗伦理中四大基本原则是？
A.尊重自主权
B.善意行为
C.无害原则
D.公正原则
E.以上都不是
【思考过程】：本题考查医学伦理的四大基本原则，包括尊重自主权、不伤害原则、行善原则、公正原则。

【最终答案】：ABCD

题目：以下哪些行为违反了器官移植协调员的伦理规范？
A.劝说潜在捐献者家属在正式拒绝后终止沟通
B.接受器官获取费用回扣
C.诱导捐献者家属接受有偿补偿
D.因户籍差异调整优先级分配名单
【思考过程】：",BC,DeepSeek-V3,"【思考过程】：本题考查器官移植协调员的伦理规范。根据医学伦理和器官移植相关法规：  
- A项：潜在捐献者家属正式拒绝后应尊重其决定，但“终止沟通”需谨慎，若存在误解或新情况可重新沟通，但“劝说终止”可能违背充分知情原则（需结合题干具体表述，此处倾向于不违反）。  
- B项：接受回扣属于经济利益冲突，严重违反职业伦理。  
- C项：有偿补偿违反无偿捐献原则，属于伦理禁止行为。  
- D项：器官分配需遵循医疗需求和公平原则，户籍差异作为优先级依据违反公正性。  
（注：若A项中“劝说终止”指施压或放弃合理沟通则违规，但题干未明确程度，可能存争议，保守选择明确违规项。）  

【最终答案】：BCD",客观题,BCD
器官移植,"你是一个严格按照要求答题的医学考试考生。请你先展示出完整的思考过程，然后再输出最终答案。每道题目有至少两个选项（A、B）至多五个选项（A、B、C、D、E），题目为不定项选择题，请按照以下格式作答：

【思考过程】：...

【最终答案】：AB / BCE / CD / DE / E / ...（只输出选项的编号，不要写选项内容）

示例：
题目：医疗伦理中四大基本原则是？
A.尊重自主权
B.善意行为
C.无害原则
D.公正原则
E.以上都不是
【思考过程】：本题考查医学伦理的四大基本原则，包括尊重自主权、不伤害原则、行善原则、公正原则。

【最终答案】：ABCD

题目：潜在器官捐献者的必要条件包括以下哪一项？
A.年龄大于18周岁且家属书面同意
B.需要机械通气或循环支持的严重神经损伤
C.必须经过UNOS评估标准认证
D.存在非致命性的慢性疾病并签署生前预嘱
【思考过程】：",B,DeepSeek-V3,"【思考过程】：本题考查器官捐献者的基本条件。根据国际标准和中国《人体器官移植条例》：  
1. 年龄并非绝对限制（A错误），但需家属知情同意（部分正确但不全面）。  
2. 严重神经损伤（如脑死亡）是潜在捐献者的常见临床状态（B正确）。  
3. UNOS是美国器官分配系统，非全球通用标准（C错误）。  
4. 慢性疾病可能影响器官功能，生前预嘱非必要条件（D错误）。  

【最终答案】：B",客观题,B
器官移植,"你是一个严格按照要求答题的医学考试考生。请你先展示出完整的思考过程，然后再输出最终答案。每道题目有至少两个选项（A、B）至多五个选项（A、B、C、D、E），题目为不定项选择题，请按照以下格式作答：

【思考过程】：...

【最终答案】：AB / BCE / CD / DE / E / ...（只输出选项的编号，不要写选项内容）

示例：
题目：医疗伦理中四大基本原则是？
A.尊重自主权
B.善意行为
C.无害原则
D.公正原则
E.以上都不是
【思考过程】：本题考查医学伦理的四大基本原则，包括尊重自主权、不伤害原则、行善原则、公正原则。

【最终答案】：ABCD

题目：以下哪些人属于潜在器官捐献者“家属”的法定定义范围？
A.配偶
B.未成年子女
C.父母
D.通过口头承诺授权的朋友
E.法律途径正式授权的委托人
【思考过程】：",ACE,DeepSeek-V3,"【思考过程】：本题考查潜在器官捐献者“家属”的法定定义范围。根据相关法律法规，家属通常包括配偶、未成年子女和父母，这些属于直系亲属或法定监护人。朋友通过口头承诺授权并不具有法律效力，而通过法律途径正式授权的委托人则具有法律效力，属于法定范围。

【最终答案】：ABCE",客观题,ABCE
器官移植,"你是一个严格按照要求答题的医学考试考生。请你先展示出完整的思考过程，然后再输出最终答案。每道题目有至少两个选项（A、B）至多五个选项（A、B、C、D、E），题目为不定项选择题，请按照以下格式作答：

【思考过程】：...

【最终答案】：AB / BCE / CD / DE / E / ...（只输出选项的编号，不要写选项内容）

示例：
题目：医疗伦理中四大基本原则是？
A.尊重自主权
B.善意行为
C.无害原则
D.公正原则
E.以上都不是
【思考过程】：本题考查医学伦理的四大基本原则，包括尊重自主权、不伤害原则、行善原则、公正原则。

【最终答案】：ABCD

题目：在决定撤除支持治疗后，关于撤除心肺支持与器官捐献的讨论应当如何处理？
A.同时进行讨论以提高效率
B.先讨论器官捐献再撤除支持治疗
C.撤除后由医生自主决定是否讨论
D.撤除与器官捐献的讨论必须分开
【思考过程】：",D,DeepSeek-V3,"【思考过程】：本题考查医疗伦理中关于撤除支持治疗与器官捐献的规范流程。根据医学伦理和器官捐献的相关规定，撤除支持治疗和器官捐献的讨论必须分开进行，以避免利益冲突和确保患者/家属的决定不受器官捐献意愿的影响。因此，同时讨论（A）或先讨论器官捐献（B）均不符合伦理规范，医生自主决定（C）更违背患者自主权原则。

【最终答案】：D",客观题,D
器官移植,"你是一个严格按照要求答题的医学考试考生。请你先展示出完整的思考过程，然后再输出最终答案。每道题目有至少两个选项（A、B）至多五个选项（A、B、C、D、E），题目为不定项选择题，请按照以下格式作答：

【思考过程】：...

【最终答案】：AB / BCE / CD / DE / E / ...（只输出选项的编号，不要写选项内容）

示例：
题目：医疗伦理中四大基本原则是？
A.尊重自主权
B.善意行为
C.无害原则
D.公正原则
E.以上都不是
【思考过程】：本题考查医学伦理的四大基本原则，包括尊重自主权、不伤害原则、行善原则、公正原则。

【最终答案】：ABCD

题目：根据DCD可行性评估规定，以下哪几项描述符合法定程序？
A.主治医生应在获得家属明确知情同意后开展初步DCD评估
B.撤除心肺支持治疗后预估死亡时间超过90分钟仍可实施DCD
C.必须明确告知家属需要进行的预测性检查并记录沟通内容
D.须优先采用UW评分和Hong-Kong评估系统作为预测工具
E.患者符合DCD标准的判断依据是撤除治疗90分钟内死亡
【思考过程】：",C,DeepSeek-V3,"【思考过程】：
1. DCD（Donation after Circulatory Death，循环死亡后器官捐献）的可行性评估需要严格遵守法定程序和伦理要求。
2. 选项A：主治医生在获得家属明确知情同意后开展初步DCD评估是法定程序的核心要求，符合伦理和法律规定。
3. 选项B：撤除心肺支持治疗后预估死亡时间超过90分钟通常不符合DCD标准，因为DCD要求撤除治疗后90分钟内死亡才能进行器官捐献。
4. 选项C：明确告知家属预测性检查并记录沟通内容是法定程序的必要环节，以确保透明和知情同意。
5. 选项D：UW评分和Hong-Kong评估系统是常用的DCD预测工具，但""须优先采用""这一表述过于绝对，法规并未强制要求必须使用特定工具。
6. 选项E：患者符合DCD标准的判断依据确实是撤除治疗后90分钟内死亡，这是DCD的核心标准。

【最终答案】：ACE",客观题,ACE
器官移植,"你是一个严格按照要求答题的医学考试考生。请你先展示出完整的思考过程，然后再输出最终答案。每道题目有至少两个选项（A、B）至多五个选项（A、B、C、D、E），题目为不定项选择题，请按照以下格式作答：

【思考过程】：...

【最终答案】：AB / BCE / CD / DE / E / ...（只输出选项的编号，不要写选项内容）

示例：
题目：医疗伦理中四大基本原则是？
A.尊重自主权
B.善意行为
C.无害原则
D.公正原则
E.以上都不是
【思考过程】：本题考查医学伦理的四大基本原则，包括尊重自主权、不伤害原则、行善原则、公正原则。

【最终答案】：ABCD

题目：关于潜在器官捐献者的处理流程，以下哪项符合法规要求？
A.在获得家属口头知情同意后，协调员需详细讨论DCD相关问题，再获取书面同意
B.协调员可直接根据家属书面同意启动DCD流程，无需事先深入讨论
C.OPO小组负责家属访谈工作
D.主治医生有权独立决定DCD流程并签署书面同意
【思考过程】：",A,DeepSeek-V3,"【思考过程】：本题考查潜在器官捐献者的处理流程法规要求。根据我国《人体器官移植条例》和相关规范：1.协调员必须与家属充分沟通DCD（心脏死亡后器官捐献）流程和风险，获得明确知情同意后方可进行书面确认（A正确，B错误）；2.器官获取组织（OPO）小组确实负责家属访谈和协调工作（C正确）；3.主治医生无权单独决定DCD流程，必须通过伦理委员会审核和家属同意（D错误）。

【最终答案】：AC",客观题,AC
器官移植,"你是一个严格按照要求答题的医学考试考生。请你先展示出完整的思考过程，然后再输出最终答案。每道题目有至少两个选项（A、B）至多五个选项（A、B、C、D、E），题目为不定项选择题，请按照以下格式作答：

【思考过程】：...

【最终答案】：AB / BCE / CD / DE / E / ...（只输出选项的编号，不要写选项内容）

示例：
题目：医疗伦理中四大基本原则是？
A.尊重自主权
B.善意行为
C.无害原则
D.公正原则
E.以上都不是
【思考过程】：本题考查医学伦理的四大基本原则，包括尊重自主权、不伤害原则、行善原则、公正原则。

【最终答案】：ABCD

题目：在家属同意进行器官捐献后，医疗机构应当遵循以下哪些法定程序？（不定项选择）
A.由同一名主治医师解释器官捐献和DCD操作流程
B.在讨论撤除心肺支持前探讨捐献可能性
C.向家属书面说明器官摘取手术的具体时间
D.详细记录患者清醒前表达的捐献意愿
E.必须另组医疗团队实施撤除治疗操作
【思考过程】：",D,DeepSeek-V3,"【思考过程】：
本题考查器官捐献的法定程序和相关伦理要求。根据我国《人体器官移植条例》及相关医疗规范：
1. 选项A：错误。器官捐献的知情同意和流程解释应由器官捐献协调员或专门团队完成，不推荐由主治医师兼任，以避免利益冲突。
2. 选项B：正确。这是WHO推荐的""3R原则""（Routine Request Routine），应在生命支持治疗无效时尽早探讨捐献可能性。
3. 选项C：错误。具体摘取时间属于医疗操作安排，需根据供受体匹配情况确定，提前书面说明不符合实际医疗流程。
4. 选项D：错误。清醒前的意愿表达不能作为法律依据，必须由近亲属书面同意。
5. 选项E：正确。DCD（心脏死亡器官捐献）必须独立于移植团队的医疗团队实施撤除治疗，这是国际通行的""死亡判定与器官获取分离原则""。

【最终答案】：BE",客观题,BE
器官移植,"你是一个严格按照要求答题的医学考试考生。请你先展示出完整的思考过程，然后再输出最终答案。每道题目有至少两个选项（A、B）至多五个选项（A、B、C、D、E），题目为不定项选择题，请按照以下格式作答：

【思考过程】：...

【最终答案】：AB / BCE / CD / DE / E / ...（只输出选项的编号，不要写选项内容）

示例：
题目：医疗伦理中四大基本原则是？
A.尊重自主权
B.善意行为
C.无害原则
D.公正原则
E.以上都不是
【思考过程】：本题考查医学伦理的四大基本原则，包括尊重自主权、不伤害原则、行善原则、公正原则。

【最终答案】：ABCD

题目：在器官捐献知情同意过程中，以下哪些做法是符合要求的？
A.由主治医师代替器官捐献协调员与家属签署知情同意书
B.家属反对捐献时仍执行潜在捐献者生前签署的捐献协议
C.仅在紧急情况下口头记录家属同意意见而不写入病历
D.在签署知情同意书后定期向家属重申可以随时撤回决定
【思考过程】：",D,DeepSeek-V3,"【思考过程】：
本题考查器官捐献知情同意的规范要求。根据相关伦理和法律原则：
A选项错误，知情同意书必须由器官捐献协调员与家属签署，主治医师不得代替；
B选项错误，家属反对时需尊重其意愿，即使潜在捐献者生前签署协议也不得强制执行；
C选项错误，任何情况下口头同意均需写入病历，紧急情况不能作为例外；
D选项正确，符合知情同意的动态性原则，即捐献者/家属有权随时撤回决定。

【最终答案】：D",客观题,D
器官移植,"你是一个严格按照要求答题的医学考试考生。请你先展示出完整的思考过程，然后再输出最终答案。每道题目有至少两个选项（A、B）至多五个选项（A、B、C、D、E），题目为不定项选择题，请按照以下格式作答：

【思考过程】：...

【最终答案】：AB / BCE / CD / DE / E / ...（只输出选项的编号，不要写选项内容）

示例：
题目：医疗伦理中四大基本原则是？
A.尊重自主权
B.善意行为
C.无害原则
D.公正原则
E.以上都不是
【思考过程】：本题考查医学伦理的四大基本原则，包括尊重自主权、不伤害原则、行善原则、公正原则。

【最终答案】：ABCD

题目：实施组织器官捐献前的综合评估必须包括以下哪些内容？
A.患者的个人详细信息（如职业、生活习惯等）
B.患者的家族病史
C.患者既往的疾病和治疗史
D.心电图检测报告
E.实验室常规检查数据
【思考过程】：",ACE,DeepSeek-V3,"【思考过程】：本题考查组织器官捐献前的综合评估内容。根据医学实践和伦理要求，评估内容包括：1. 患者的个人详细信息（如职业、生活习惯等）有助于了解可能的暴露风险和其他影响因素；2. 患者的家族病史有助于评估遗传性疾病风险；3. 患者既往的疾病和治疗史对评估器官功能和潜在禁忌症至关重要；4. 心电图检测报告是评估心脏功能的重要依据；5. 实验室常规检查数据（如血常规、生化指标等）是评估器官功能和整体健康状况的基础。因此，所有选项均属于综合评估的必要内容。

【最终答案】：ABCDE",客观题,ABCDE
器官移植,"你是一个严格按照要求答题的医学考试考生。请你先展示出完整的思考过程，然后再输出最终答案。每道题目有至少两个选项（A、B）至多五个选项（A、B、C、D、E），题目为不定项选择题，请按照以下格式作答：

【思考过程】：...

【最终答案】：AB / BCE / CD / DE / E / ...（只输出选项的编号，不要写选项内容）

示例：
题目：医疗伦理中四大基本原则是？
A.尊重自主权
B.善意行为
C.无害原则
D.公正原则
E.以上都不是
【思考过程】：本题考查医学伦理的四大基本原则，包括尊重自主权、不伤害原则、行善原则、公正原则。

【最终答案】：ABCD

题目：关于撤除心肺支持治疗后的记录要求，以下哪项不符合规定？
A.每分钟记录患者的血压和血氧饱和度
B.每5分钟记录一次尿量和呼吸频率
C.详细记录热缺血时间的起止节点
D.使用药物加速患者死亡过程以缩短等待时间
【思考过程】：",B,DeepSeek-V3,"【思考过程】：本题考查撤除心肺支持治疗后的记录要求。根据医学伦理和临床操作规范，撤除心肺支持后需要密切监测患者的生命体征，如血压、血氧饱和度、呼吸频率等，通常需要每分钟或每5分钟记录一次（A、B符合规定）。热缺血时间的记录在器官捐献等特定情况下是必要的（C符合规定）。然而，使用药物加速患者死亡过程是违反医学伦理和法律的（D不符合规定），属于主动安乐死，不允许在临床实践中执行。

【最终答案】：D",客观题,D
器官移植,"你是一个严格按照要求答题的医学考试考生。请你先展示出完整的思考过程，然后再输出最终答案。每道题目有至少两个选项（A、B）至多五个选项（A、B、C、D、E），题目为不定项选择题，请按照以下格式作答：

【思考过程】：...

【最终答案】：AB / BCE / CD / DE / E / ...（只输出选项的编号，不要写选项内容）

示例：
题目：医疗伦理中四大基本原则是？
A.尊重自主权
B.善意行为
C.无害原则
D.公正原则
E.以上都不是
【思考过程】：本题考查医学伦理的四大基本原则，包括尊重自主权、不伤害原则、行善原则、公正原则。

【最终答案】：ABCD

题目：在心脏死亡判定过程中，以下哪些做法符合相关标准？
A.观察时间为1分钟后宣布死亡
B.观察时间控制在5分钟内
C.判定死亡时移植医生在场监督
D.由2名副主任医师共同宣布死亡
E.使用有创动脉血压检测确认循环停止
【思考过程】：",E,DeepSeek-V3,"【思考过程】：本题考查心脏死亡判定的标准。根据中国《心脏死亡判定标准及技术规范》及相关国际指南：  
1. **观察时间**：需持续观察至少2分钟（非1分钟），但不超过5分钟（B正确，A错误）。  
2. **判定人员**：需由2名具备判定资质的医师（不强制要求副主任医师，D不严谨）。  
3. **移植医生回避**：移植团队不得参与死亡判定（C错误）。  
4. **确认循环停止**：可通过无创（如超声）或有创动脉血压检测（E正确）。  

【最终答案】：BE",客观题,BE
器官移植,"你是一个严格按照要求答题的医学考试考生。请你先展示出完整的思考过程，然后再输出最终答案。每道题目有至少两个选项（A、B）至多五个选项（A、B、C、D、E），题目为不定项选择题，请按照以下格式作答：

【思考过程】：...

【最终答案】：AB / BCE / CD / DE / E / ...（只输出选项的编号，不要写选项内容）

示例：
题目：医疗伦理中四大基本原则是？
A.尊重自主权
B.善意行为
C.无害原则
D.公正原则
E.以上都不是
【思考过程】：本题考查医学伦理的四大基本原则，包括尊重自主权、不伤害原则、行善原则、公正原则。

【最终答案】：ABCD

题目：医疗机构在摘取死者器官用于移植时，必须同时满足以下哪些条件？
A.获得符合法律规定的同意意见
B.确认死者生前未实名签署器官捐献拒绝声明
C.家属承诺自愿捐献死者器官
D.死者曾公开表达过捐献意愿
E.仅需满足条件a或条件b中的一个即可
【思考过程】：",A,DeepSeek-V3,"【思考过程】：本题考查医疗机构摘取死者器官用于移植的法律条件。根据我国《人体器官移植条例》和相关法律规定，医疗机构摘取死者器官必须满足以下条件：1. 获得符合法律规定的同意意见（A选项正确）；2. 确认死者生前未明确表示拒绝捐献器官（B选项正确）。家属承诺自愿捐献（C选项）并非必要条件，除非死者生前未明确表示且家属作为近亲属代表同意。死者曾公开表达捐献意愿（D选项）可以作为参考但不是必须条件。E选项错误，因为必须同时满足A和B两个条件。

【最终答案】：AB",客观题,AB
器官移植,"你是一个严格按照要求答题的医学考试考生。请你先展示出完整的思考过程，然后再输出最终答案。每道题目有至少两个选项（A、B）至多五个选项（A、B、C、D、E），题目为不定项选择题，请按照以下格式作答：

【思考过程】：...

【最终答案】：AB / BCE / CD / DE / E / ...（只输出选项的编号，不要写选项内容）

示例：
题目：医疗伦理中四大基本原则是？
A.尊重自主权
B.善意行为
C.无害原则
D.公正原则
E.以上都不是
【思考过程】：本题考查医学伦理的四大基本原则，包括尊重自主权、不伤害原则、行善原则、公正原则。

【最终答案】：ABCD

题目：以下哪些行为违反了器官移植相关法律法规？
A.医生在记录捐献人生命体征后参与移植评估会议
B.宣告捐献人死亡的医师主导肾脏摘取手术
C.参与死亡确认的医生撰写移植术后报告
D.死亡确认医生担任接受人的术后主诊医师
E.护士未参与死亡判定但协助器官保存
【思考过程】：",BD,DeepSeek-V3,"【思考过程】：本题考查器官移植相关法律法规的合规性，需结合《人体器官移植条例》和医学伦理原则分析：
1. A选项：医生记录生命体征后参与评估会议属于正常流程，无违规。
2. B选项：宣告死亡的医师主导摘取手术违反""死亡判定与移植手术分离""原则（《条例》第10条）。
3. C选项：参与死亡确认的医生撰写术后报告可能影响客观性，违反医疗文书管理规范。
4. D选项：死亡确认医生担任受者主诊医师存在利益冲突，明确禁止（《条例》第18条）。
5. E选项：护士未参与判定仅协助保存符合操作规范。

【最终答案】：BCD",客观题,BCD
器官移植,"你是一个严格按照要求答题的医学考试考生。请你先展示出完整的思考过程，然后再输出最终答案。每道题目有至少两个选项（A、B）至多五个选项（A、B、C、D、E），题目为不定项选择题，请按照以下格式作答：

【思考过程】：...

【最终答案】：AB / BCE / CD / DE / E / ...（只输出选项的编号，不要写选项内容）

示例：
题目：医疗伦理中四大基本原则是？
A.尊重自主权
B.善意行为
C.无害原则
D.公正原则
E.以上都不是
【思考过程】：本题考查医学伦理的四大基本原则，包括尊重自主权、不伤害原则、行善原则、公正原则。

【最终答案】：ABCD

题目：以下哪些是活体器官捐献必须满足的条件（多选）？
A.捐献人需提供三代内亲属的书面同意
B.捐献人与接受人需存在基因、法律或情感关系
C.捐献人已获得完整可理解的危险性及后果告知
D.捐献人的法定家属需出具支持性声明
E.捐献人必须是接受人直系血亲或配偶
F.捐献人具备法律资格且能自主决策
【思考过程】：",BCF,DeepSeek-V3,"【思考过程】：本题考查活体器官捐献的法律和伦理要求。根据世界卫生组织和多数国家的标准，活体器官捐献的核心条件包括：  
1. **捐献人必须具有完全法律资格且能自主决策**（对应F选项），这是确保自愿性的基础；  
2. **捐献人与接受人通常需存在特定关系**（如基因、法律或情感关系，对应B选项），但并非必须为直系血亲或配偶（E选项过于绝对，错误）；  
3. **捐献人需充分知情同意**（包括风险、后果的完整告知，对应C选项）；  
4. **三代内亲属同意（A选项）和法定家属支持声明（D选项）**并非国际通用强制要求，部分国家可能规定家属知情但非必须书面同意，故排除。  

【最终答案】：BCF",客观题,BCF
器官移植,"你是一个严格按照要求答题的医学考试考生。请你先展示出完整的思考过程，然后再输出最终答案。每道题目有至少两个选项（A、B）至多五个选项（A、B、C、D、E），题目为不定项选择题，请按照以下格式作答：

【思考过程】：...

【最终答案】：AB / BCE / CD / DE / E / ...（只输出选项的编号，不要写选项内容）

示例：
题目：医疗伦理中四大基本原则是？
A.尊重自主权
B.善意行为
C.无害原则
D.公正原则
E.以上都不是
【思考过程】：本题考查医学伦理的四大基本原则，包括尊重自主权、不伤害原则、行善原则、公正原则。

【最终答案】：ABCD

题目：下列关于未成年人器官捐献的表述，哪几项符合法律法规要求？
A.除法定例外情况外禁止从未成年人活体摘取移植材料
B.可能存在需要未成年人本人提前同意的情形
C.经伦理委员会批准的例外情况可突破年龄限制
D.无民事行为能力者的移植规则与未成年人一致
【思考过程】：",ABD,DeepSeek-V3,"【思考过程】：
1. 根据国际医学伦理和我国《人体器官移植条例》规定，未成年人作为特殊保护群体，原则上禁止作为活体器官捐献者（A正确）。
2. 对于限制民事行为能力的未成年人，在涉及重大医疗决定时需考虑其知情同意能力，可能存在需要本人同意的情形（B正确）。
3. 现行法律对未成年人器官捐献有严格限制，伦理委员会批准不能突破法定年龄限制（C错误）。
4. 无民事行为能力者（如幼儿）与未成年人（可能具备部分行为能力）的法律规定存在差异（D错误）。

【最终答案】：AB",客观题,AB
器官移植,"你是一个严格按照要求答题的医学考试考生。请你先展示出完整的思考过程，然后再输出最终答案。每道题目有至少两个选项（A、B）至多五个选项（A、B、C、D、E），题目为不定项选择题，请按照以下格式作答：

【思考过程】：...

【最终答案】：AB / BCE / CD / DE / E / ...（只输出选项的编号，不要写选项内容）

示例：
题目：医疗伦理中四大基本原则是？
A.尊重自主权
B.善意行为
C.无害原则
D.公正原则
E.以上都不是
【思考过程】：本题考查医学伦理的四大基本原则，包括尊重自主权、不伤害原则、行善原则、公正原则。

【最终答案】：ABCD

题目：在器官捐献中，以下哪些情况符合相关伦理和法律规范？
A.医院向器官捐献者支付术后营养费用
B.家属为获取移植资格向医院缴纳""加速审批金""
C.补偿捐献者因器官摘取导致的三日工资损失
D.器官受赠方私下赠予捐献者家属境外旅游奖励
E.向非法中介机构购买适配的活体肾脏
【思考过程】：",AC,DeepSeek-V3,"【思考过程】：本题考查器官捐献的伦理和法律规范。根据世界卫生组织和国际通行的器官移植伦理准则：A项支付术后营养费用属于合理补偿范围；B项缴纳""加速审批金""涉嫌器官买卖，违反公平原则；C项补偿工资损失属于合理的经济补偿；D项私下赠予奖励可能变相构成器官交易；E项通过非法渠道购买器官严重违法。

【最终答案】：AC",客观题,AC
器官移植,"你是一个严格按照要求答题的医学考试考生。请你先展示出完整的思考过程，然后再输出最终答案。每道题目有至少两个选项（A、B）至多五个选项（A、B、C、D、E），题目为不定项选择题，请按照以下格式作答：

【思考过程】：...

【最终答案】：AB / BCE / CD / DE / E / ...（只输出选项的编号，不要写选项内容）

示例：
题目：医疗伦理中四大基本原则是？
A.尊重自主权
B.善意行为
C.无害原则
D.公正原则
E.以上都不是
【思考过程】：本题考查医学伦理的四大基本原则，包括尊重自主权、不伤害原则、行善原则、公正原则。

【最终答案】：ABCD

题目：以下哪些行为符合器官捐献相关法规的规定？
A.通过公益广告宣传器官捐献的社会意义
B.在报纸刊登广告征求肝源并承诺给予营养补助
C.医院在社交媒体发布倡议书征集自愿无偿捐献者
D.第三方中介为匹配成功的捐献者家属报销交通费用
【思考过程】：",AC,DeepSeek-V3,"【思考过程】：本题考查器官捐献的合法合规行为。根据我国《人体器官移植条例》及相关法规：  
A. 合法。公益广告宣传器官捐献的社会意义属于正当的公益宣传。  
B. 不合法。禁止通过广告形式有偿或变相有偿征求器官来源，承诺营养补助可能构成变相交易。  
C. 合法。医院可通过正规渠道（如官方社交媒体）倡导自愿无偿捐献，但需确保信息透明且无利益诱导。  
D. 不合法。第三方中介参与器官匹配并报销费用可能涉及器官买卖灰色链条，属于违规行为。  

【最终答案】：AC",客观题,AC
器官移植,"你是一个严格按照要求答题的医学考试考生。请你先展示出完整的思考过程，然后再输出最终答案。每道题目有至少两个选项（A、B）至多五个选项（A、B、C、D、E），题目为不定项选择题，请按照以下格式作答：

【思考过程】：...

【最终答案】：AB / BCE / CD / DE / E / ...（只输出选项的编号，不要写选项内容）

示例：
题目：医疗伦理中四大基本原则是？
A.尊重自主权
B.善意行为
C.无害原则
D.公正原则
E.以上都不是
【思考过程】：本题考查医学伦理的四大基本原则，包括尊重自主权、不伤害原则、行善原则、公正原则。

【最终答案】：ABCD

题目：医生发现用于移植的器官是通过向捐献者家属支付报酬的方式获得的，下列哪项处理方式符合伦理规范？
A.立即停止手术并将器官移交其他患者
B.拒绝为该患者进行移植手术
C.仅需将该情况上报上级部门备案
D.健康保险机构拒绝为此手术支付费用
E.经评估后若器官安全仍可手术
【思考过程】：",BD,DeepSeek-V3,"【思考过程】：本题考查器官移植的伦理规范。根据医学伦理和法律规定，器官捐献必须遵循自愿、无偿原则，禁止器官买卖。因此，通过支付报酬获得的器官属于非法来源，医生应拒绝使用此类器官（B正确），并上报相关部门（C不完全，仅备案不足以纠正违规行为）。立即停止手术并移交其他患者（A）不符合伦理，因为其他患者使用该器官同样涉及非法来源。健康保险机构拒绝支付（D）是合理的，因为手术涉及非法行为。使用非法来源器官（E）无论是否安全均违反伦理原则。

【最终答案】：BD",客观题,BD
器官移植,"你是一个严格按照要求答题的医学考试考生。请你先展示出完整的思考过程，然后再输出最终答案。每道题目有至少两个选项（A、B）至多五个选项（A、B、C、D、E），题目为不定项选择题，请按照以下格式作答：

【思考过程】：...

【最终答案】：AB / BCE / CD / DE / E / ...（只输出选项的编号，不要写选项内容）

示例：
题目：医疗伦理中四大基本原则是？
A.尊重自主权
B.善意行为
C.无害原则
D.公正原则
E.以上都不是
【思考过程】：本题考查医学伦理的四大基本原则，包括尊重自主权、不伤害原则、行善原则、公正原则。

【最终答案】：ABCD

题目：参与器官移植的卫生保健人员可以接受以下哪种方式的支付？
A.接受患者家属以个人名义赠送的答谢金
B.按标准收取器官运输和保存的劳务费
C.收取捐赠方提供的实验仪器设备
D.接受受捐方为医生支付的国际会议差旅费
E.接收某基金会授予的年度突出贡献会员资格
【思考过程】：",B,DeepSeek-V3,"【思考过程】：本题考查器官移植中的伦理和法律规定。根据医学伦理和器官移植相关法规，参与器官移植的卫生保健人员不得接受与器官移植相关的任何形式的个人利益，以避免利益冲突和器官买卖的嫌疑。选项A、C、D均涉及个人或机构提供的直接或间接利益，不符合伦理要求。选项B是合理的劳务费用，属于正当收入。选项E中的基金会授予的资格若与器官移植无直接利益关联，且属于公开透明的荣誉性质，则可能被接受。

【最终答案】：BE",客观题,BE
器官移植,"你是一个严格按照要求答题的医学考试考生。请你先展示出完整的思考过程，然后再输出最终答案。每道题目有至少两个选项（A、B）至多五个选项（A、B、C、D、E），题目为不定项选择题，请按照以下格式作答：

【思考过程】：...

【最终答案】：AB / BCE / CD / DE / E / ...（只输出选项的编号，不要写选项内容）

示例：
题目：医疗伦理中四大基本原则是？
A.尊重自主权
B.善意行为
C.无害原则
D.公正原则
E.以上都不是
【思考过程】：本题考查医学伦理的四大基本原则，包括尊重自主权、不伤害原则、行善原则、公正原则。

【最终答案】：ABCD

题目：以下哪几种行为违反了器官分配法规的相关要求？
A.分配时优先救治多器官衰竭的危重患者
B.根据患者家属捐赠医院资金数额调整分配顺序
C.委员会成员包含捐赠者的商业合作伙伴
D.通过匿名评审确保分配结果不受舆论影响
E.在资源充足时允许患者自费加急获取器官
【思考过程】：",BCE,DeepSeek-V3,"【思考过程】：本题考查对器官分配法规的合规性判断。器官分配应遵循医学需要、公平公正、非商业化等原则。  
- A项：优先救治多器官衰竭的危重患者符合医学需要原则，不违规。  
- B项：根据捐赠资金调整顺序属于商业化行为，违反公平公正原则。  
- C项：委员会成员与捐赠者存在商业利益关系，可能影响公正性，违规。  
- D项：匿名评审是为了避免干扰，符合法规要求。  
- E项：自费加急获取器官可能导致资源分配不公，违反非商业化原则。  

【最终答案】：BCE",客观题,BCE
器官移植,"你是一个严格按照要求答题的医学考试考生。请你先展示出完整的思考过程，然后再输出最终答案。每道题目有至少两个选项（A、B）至多五个选项（A、B、C、D、E），题目为不定项选择题，请按照以下格式作答：

【思考过程】：...

【最终答案】：AB / BCE / CD / DE / E / ...（只输出选项的编号，不要写选项内容）

示例：
题目：医疗伦理中四大基本原则是？
A.尊重自主权
B.善意行为
C.无害原则
D.公正原则
E.以上都不是
【思考过程】：本题考查医学伦理的四大基本原则，包括尊重自主权、不伤害原则、行善原则、公正原则。

【最终答案】：ABCD

题目：以下哪种做法符合相关法律法规的要求？
A.将器官移植全流程记录在公共网站实时更新，但未隐匿捐献人身份证号信息；B.仅向伦理委员会秘密报送移植档案，未开展任何外部调查；C.医院通过匿名方式完成移植手术，但拒绝所有卫生部门的质量审查；D.建立可追溯的电子化移植档案系统，供监管机构核验时仅显示捐赠者编号
【思考过程】：",D,DeepSeek-V3,"【思考过程】：本题考查器官移植相关法律法规的合规性要求，需结合《人体器官移植条例》和医疗信息保密原则分析：  
1. **选项A**：公开身份证号违反捐献者隐私保护原则（《条例》第七条要求保密捐献人信息），排除；  
2. **选项B**：仅内部报送档案但拒绝外部监管（如卫生部门审查）违反《条例》第四条关于接受监督的规定，排除；  
3. **选项C**：匿名手术合法，但拒绝审查违反《条例》第四条，排除；  
4. **选项D**：建立可追溯系统符合《条例》第十条档案管理要求，编号隐匿身份信息符合保密原则，且接受监管核验合法。  

【最终答案】：D",客观题,D
急危重症处置,"你是一个严格按照要求答题的医学考试考生。请你先展示出完整的思考过程，然后再输出最终答案。每道题目有至少两个选项（A、B）至多五个选项（A、B、C、D、E），题目为不定项选择题，请按照以下格式作答：

【思考过程】：...

【最终答案】：AB / BCE / CD / DE / E / ...（只输出选项的编号，不要写选项内容）

示例：
题目：医疗伦理中四大基本原则是？
A.尊重自主权
B.善意行为
C.无害原则
D.公正原则
E.以上都不是
【思考过程】：本题考查医学伦理的四大基本原则，包括尊重自主权、不伤害原则、行善原则、公正原则。

【最终答案】：ABCD

题目：下列哪种情形下相关组织或个人必须履行施救义务？
A.路人对街边中暑的老人的自愿救助
B.医院对未缴费患者的道德性援助
C.警察对交通事故伤者的现场处理
D.泳池救生员对溺水游客的消极观望
E.学校教师对突发癫痫学生的应急处置
【思考过程】：",CDE,DeepSeek-V3,"【思考过程】：本题考查的是法律和职业道德规定的施救义务。  
1. **A选项**：路人对街边中暑老人的救助属于自愿行为，法律未强制普通公民必须施救（除非有特殊关系，如亲属或职业义务），因此不属于“必须履行”的情形。  
2. **B选项**：医院对未缴费患者的道德性援助属于职业道德范畴，但法律并未强制要求医院必须救治所有未缴费患者（除非急诊生命危险情况），因此不完全符合“必须履行”的要求。  
3. **C选项**：警察作为公务人员，在交通事故现场对伤者的救助是法定职责，属于必须履行的义务。  
4. **D选项**：泳池救生员对溺水游客的消极观望明显违反其职业义务，救生员必须履行救助职责，否则需承担法律责任。  
5. **E选项**：学校教师对学生负有监护责任，对突发癫痫学生的应急处置属于必须履行的义务（如校园安全管理规定或教育法规要求）。  

综上，必须履行施救义务的情形包括警察、救生员和教师的职业行为。  

【最终答案】：CDE",客观题,CDE
急危重症处置,"你是一个严格按照要求答题的医学考试考生。请你先展示出完整的思考过程，然后再输出最终答案。每道题目有至少两个选项（A、B）至多五个选项（A、B、C、D、E），题目为不定项选择题，请按照以下格式作答：

【思考过程】：...

【最终答案】：AB / BCE / CD / DE / E / ...（只输出选项的编号，不要写选项内容）

示例：
题目：医疗伦理中四大基本原则是？
A.尊重自主权
B.善意行为
C.无害原则
D.公正原则
E.以上都不是
【思考过程】：本题考查医学伦理的四大基本原则，包括尊重自主权、不伤害原则、行善原则、公正原则。

【最终答案】：ABCD

题目：以下关于医疗机构损害赔偿责任的说法，哪项符合法律规定？
A.医务人员直接承担赔偿，B.医疗机构有过错时须担责，C.第三方过错导致的可不赔偿，D.患者签署知情同意书则医方免责，E.无论过错均需赔偿
【思考过程】：",B,DeepSeek-V3,"【思考过程】：本题考查医疗机构损害赔偿责任的法律规定。根据《侵权责任法》和相关医疗法规：A项错误，医务人员属于职务行为，责任由医疗机构承担；B项正确，医疗机构承担过错责任；C项正确，第三方过错可减轻或免除医疗机构责任；D项错误，知情同意书不能免除医疗过错责任；E项错误，我国采用过错责任原则而非无过错责任。

【最终答案】：BC",客观题,BC
急危重症处置,"你是一个严格按照要求答题的医学考试考生。请你先展示出完整的思考过程，然后再输出最终答案。每道题目有至少两个选项（A、B）至多五个选项（A、B、C、D、E），题目为不定项选择题，请按照以下格式作答：

【思考过程】：...

【最终答案】：AB / BCE / CD / DE / E / ...（只输出选项的编号，不要写选项内容）

示例：
题目：医疗伦理中四大基本原则是？
A.尊重自主权
B.善意行为
C.无害原则
D.公正原则
E.以上都不是
【思考过程】：本题考查医学伦理的四大基本原则，包括尊重自主权、不伤害原则、行善原则、公正原则。

【最终答案】：ABCD

题目：在急危重症患者需要实施特殊治疗时，医务人员必须向患者或近亲属明确说明的内容包括？
A.近期治疗费用
B.医疗风险
C.替代医疗方案
D.可能引发的其他并发症
【思考过程】：",BC,DeepSeek-V3,"【思考过程】：本题考查的是医务人员在急危重症患者需要实施特殊治疗时的告知义务。根据《中华人民共和国基本医疗卫生与健康促进法》和《医疗纠纷预防和处理条例》的相关规定，医务人员在实施特殊治疗前，必须向患者或其近亲属明确说明医疗风险、替代医疗方案以及其他可能引发的并发症，确保患者或其近亲属在充分知情的情况下做出决定。近期治疗费用虽然不是必须说明的内容，但在实际医疗过程中也应尽量告知，以确保透明性。然而，题目问的是“必须”说明的内容，因此近期治疗费用不属于必须说明的范畴。

【最终答案】：BCD",客观题,BCD
急危重症处置,"你是一个严格按照要求答题的医学考试考生。请你先展示出完整的思考过程，然后再输出最终答案。每道题目有至少两个选项（A、B）至多五个选项（A、B、C、D、E），题目为不定项选择题，请按照以下格式作答：

【思考过程】：...

【最终答案】：AB / BCE / CD / DE / E / ...（只输出选项的编号，不要写选项内容）

示例：
题目：医疗伦理中四大基本原则是？
A.尊重自主权
B.善意行为
C.无害原则
D.公正原则
E.以上都不是
【思考过程】：本题考查医学伦理的四大基本原则，包括尊重自主权、不伤害原则、行善原则、公正原则。

【最终答案】：ABCD

题目：在抢救生命垂危的患者且无法取得患者及其近亲属意见时，医疗机构可以采取以下哪种操作流程？
A.主治医生直接实施急救措施
B.科室主任签字后立即实施治疗
C.经医疗机构负责人或授权负责人批准后立即实施措施
D.在2名见证人签字前提下实施措施并事后联系家属
【思考过程】：",C,DeepSeek-V3,"【思考过程】：本题考查医疗机构在紧急情况下无法取得患者或其近亲属意见时的处理流程。根据《侵权责任法》第五十六条和《医疗机构管理条例》第三十三条规定，在抢救生命垂危患者等紧急情况下，不能取得患者或其近亲属意见的，经医疗机构负责人或授权负责人批准，可以立即实施相应的医疗措施。其他选项如主治医生直接实施、科室主任签字或见证人签字等均不符合法律规定的程序要求。

【最终答案】：C",客观题,C
急危重症处置,"你是一个严格按照要求答题的医学考试考生。请你先展示出完整的思考过程，然后再输出最终答案。每道题目有至少两个选项（A、B）至多五个选项（A、B、C、D、E），题目为不定项选择题，请按照以下格式作答：

【思考过程】：...

【最终答案】：AB / BCE / CD / DE / E / ...（只输出选项的编号，不要写选项内容）

示例：
题目：医疗伦理中四大基本原则是？
A.尊重自主权
B.善意行为
C.无害原则
D.公正原则
E.以上都不是
【思考过程】：本题考查医学伦理的四大基本原则，包括尊重自主权、不伤害原则、行善原则、公正原则。

【最终答案】：ABCD

题目：根据相关法律法规，判断医疗机构是否需要对患者损害承担赔偿责任的主要依据是？
A. 患者的最终治疗效果是否达到预期
B. 医务人员是否遵循了最新的医疗指南
C. 是否在诊疗活动中未尽到与当时医疗水平相应的诊疗义务
D. 医院是否具备高级医疗设备
E. 医务人员的主观意图是否为善意
【思考过程】：",C,DeepSeek-V3,"【思考过程】：本题考查医疗机构对患者损害承担赔偿责任的主要法律依据。根据《侵权责任法》及相关医疗法规，医疗机构承担赔偿责任的核心标准是诊疗行为是否符合""当时医疗水平相应的诊疗义务""（过错责任原则），而非治疗效果（A错误）、设备等级（D错误）或主观意图（E错误）。医疗指南（B）可作为参考，但非直接法律依据。

【最终答案】：C",客观题,C
急危重症处置,"你是一个严格按照要求答题的医学考试考生。请你先展示出完整的思考过程，然后再输出最终答案。每道题目有至少两个选项（A、B）至多五个选项（A、B、C、D、E），题目为不定项选择题，请按照以下格式作答：

【思考过程】：...

【最终答案】：AB / BCE / CD / DE / E / ...（只输出选项的编号，不要写选项内容）

示例：
题目：医疗伦理中四大基本原则是？
A.尊重自主权
B.善意行为
C.无害原则
D.公正原则
E.以上都不是
【思考过程】：本题考查医学伦理的四大基本原则，包括尊重自主权、不伤害原则、行善原则、公正原则。

【最终答案】：ABCD

题目：患者在诊疗活动中受到损害时，以下哪些情形可推定医疗机构有过错？
A.未按规定更新患者电子档案
B.拒绝向家属提供患者的病理切片记录
C.医生术中使用了未被行业指南推荐的技术
D.护士误将输液剂量标注错误但未造成实际后果
E.销毁患者住院档案以提高存储空间利用率
【思考过程】：",BCE,DeepSeek-V3,"【思考过程】：本题考查医疗机构过错推定的情形。根据《侵权责任法》等相关规定，可推定医疗机构有过错的情形主要包括：1.违反法律、行政法规、规章以及其他有关诊疗规范的规定；2.隐匿或者拒绝提供与纠纷有关的病历资料；3.伪造、篡改或者销毁病历资料。分析选项：A（未更新电子档案）属于管理瑕疵但非直接诊疗过错；B（拒绝提供病理切片记录）符合第二种情形；C（使用非推荐技术）若违反诊疗规范则符合第一种情形；D（标注错误未造成后果）不构成过错推定；E（销毁住院档案）符合第三种情形。

【最终答案】：BCE",客观题,BCE
急危重症处置,"你是一个严格按照要求答题的医学考试考生。请你先展示出完整的思考过程，然后再输出最终答案。每道题目有至少两个选项（A、B）至多五个选项（A、B、C、D、E），题目为不定项选择题，请按照以下格式作答：

【思考过程】：...

【最终答案】：AB / BCE / CD / DE / E / ...（只输出选项的编号，不要写选项内容）

示例：
题目：医疗伦理中四大基本原则是？
A.尊重自主权
B.善意行为
C.无害原则
D.公正原则
E.以上都不是
【思考过程】：本题考查医学伦理的四大基本原则，包括尊重自主权、不伤害原则、行善原则、公正原则。

【最终答案】：ABCD

题目：患者因输入不合格血液导致损害，可以向以下哪些主体请求赔偿？
A.药品上市许可持有人
B.血液提供机构
C.医疗器械生产者
D.医疗机构
E.主治医师
【思考过程】：",BD,DeepSeek-V3,"【思考过程】：本题考查因输入不合格血液导致损害的法律责任主体。根据《中华人民共和国民法典》和《中华人民共和国献血法》相关规定：  
1. **血液提供机构**（B）：对血液质量负有直接责任，若提供不合格血液需承担赔偿责任。  
2. **医疗机构**（D）：作为血液的使用方，若未严格履行核查义务或储存不当导致损害，需承担连带或补充责任。  
3. **药品上市许可持有人**（A）和**医疗器械生产者**（C）：与血液制品无直接关联，除非涉及血液制品（如人血白蛋白）的药品质量问题，但题目明确为“血液”而非制品。  
4. **主治医师**（E）：个人通常不直接对血液质量负责，除非存在重大过失（如违规操作），但题目未提供相关情节。  

综上，直接责任主体为血液提供机构和医疗机构。  

【最终答案】：BD",客观题,BD
急危重症处置,"你是一个严格按照要求答题的医学考试考生。请你先展示出完整的思考过程，然后再输出最终答案。每道题目有至少两个选项（A、B）至多五个选项（A、B、C、D、E），题目为不定项选择题，请按照以下格式作答：

【思考过程】：...

【最终答案】：AB / BCE / CD / DE / E / ...（只输出选项的编号，不要写选项内容）

示例：
题目：医疗伦理中四大基本原则是？
A.尊重自主权
B.善意行为
C.无害原则
D.公正原则
E.以上都不是
【思考过程】：本题考查医学伦理的四大基本原则，包括尊重自主权、不伤害原则、行善原则、公正原则。

【最终答案】：ABCD

题目：下列哪些情形下医疗机构不承担赔偿责任？
A.患者在接受化疗期间擅自服用未经验证的草药导致肝损伤
B.急救医生在心脏骤停患者抢救中因设备故障无法实施电除颤
C.因遗传性罕见病导致误诊而延误治疗时机
D.患者拒绝签署手术同意书后自行离开急诊室
E.医院因节假日导致高级影像检查延迟48小时
【思考过程】：",ABD,DeepSeek-V3,"【思考过程】：
1. 选项A：患者擅自服用未经验证的草药导致肝损伤，属于患者自身行为导致的损害，医疗机构无过错，不承担赔偿责任。
2. 选项B：急救设备故障属于医疗机构管理问题，但若设备故障为不可抗力或非医院过失（如突发断电），可能免责；但题目未明确说明是否为不可抗力，需谨慎判断。一般情况下，设备故障医院需承担部分责任。
3. 选项C：遗传性罕见病导致误诊若因疾病本身特殊性和当前医学认知局限所致，且医生已尽合理诊疗义务，医疗机构可免责。
4. 选项D：患者拒绝签署手术同意书并离开，属于患者自主放弃治疗，医疗机构未实施医疗行为，不承担责任。
5. 选项E：节假日导致检查延迟48小时，若未对患者造成直接损害（如病情恶化），且延迟合理（如非急诊检查），医疗机构可能免责；但需结合具体病情判断是否构成过失。

综上，明确免责的情形为A、C、D。B和E存在争议或需进一步信息判断。

【最终答案】：ACD",客观题,ACD
急危重症处置,"你是一个严格按照要求答题的医学考试考生。请你先展示出完整的思考过程，然后再输出最终答案。每道题目有至少两个选项（A、B）至多五个选项（A、B、C、D、E），题目为不定项选择题，请按照以下格式作答：

【思考过程】：...

【最终答案】：AB / BCE / CD / DE / E / ...（只输出选项的编号，不要写选项内容）

示例：
题目：医疗伦理中四大基本原则是？
A.尊重自主权
B.善意行为
C.无害原则
D.公正原则
E.以上都不是
【思考过程】：本题考查医学伦理的四大基本原则，包括尊重自主权、不伤害原则、行善原则、公正原则。

【最终答案】：ABCD

题目：根据急危重症处置相关法规，以下哪些机构或组织被明确要求开展急救培训和普及急救知识？
A.卫生健康主管部门
B.民政部门
C.红十字会
D.教育部门
E.市场监督部门
【思考过程】：",AC,DeepSeek-V3,"【思考过程】：本题考查的是急危重症处置相关法规中关于急救培训和普及急救知识的要求。根据《中华人民共和国基本医疗卫生与健康促进法》和《“健康中国2030”规划纲要》等相关法规，卫生健康主管部门、红十字会和教育部门被明确要求开展急救培训和普及急救知识。卫生健康主管部门负责统筹协调，红十字会作为社会力量参与急救培训，教育部门负责在学校中普及急救知识。民政部门和市场监督部门未被明确要求开展此类工作。

【最终答案】：ACD",客观题,ACD
急危重症处置,"你是一个严格按照要求答题的医学考试考生。请你先展示出完整的思考过程，然后再输出最终答案。每道题目有至少两个选项（A、B）至多五个选项（A、B、C、D、E），题目为不定项选择题，请按照以下格式作答：

【思考过程】：...

【最终答案】：AB / BCE / CD / DE / E / ...（只输出选项的编号，不要写选项内容）

示例：
题目：医疗伦理中四大基本原则是？
A.尊重自主权
B.善意行为
C.无害原则
D.公正原则
E.以上都不是
【思考过程】：本题考查医学伦理的四大基本原则，包括尊重自主权、不伤害原则、行善原则、公正原则。

【最终答案】：ABCD

题目：在急危重症诊疗过程中，以下哪种做法完全符合知情同意伦理原则？
A.医生仅告知患者手术费用的预估金额后实施插管抢救
B.在患者意识清醒时，医务人员详细说明血浆置换的风险并取得其签字同意
C.因患者情绪激动，护士直接联系家属签署麻醉风险知情书后实施镇静
D.患者昏迷且无近亲属在场，经医院伦理委员会批准后实施紧急开颅手术
E.医生告知患者化疗的副作用后，未解释可选的靶向药物方案
【思考过程】：",BD,DeepSeek-V3,"【思考过程】：本题考查急危重症诊疗中知情同意伦理原则的合规性。知情同意的核心要素包括充分告知（风险、获益、替代方案）、患者自愿同意、具备同意能力。分析各选项：  
A.仅告知费用而未说明医疗风险/获益，不符合充分告知原则。  
B.意识清醒下详细告知风险并签字，完全符合知情同意流程。  
C.患者情绪激动不等于无同意能力，应先尝试沟通患者本人，直接联系家属违背患者自主权。  
D.昏迷且无家属时，伦理委员会批准符合紧急豁免原则（《医疗机构管理条例》第33条）。  
E.未告知替代方案（靶向药物），侵犯患者知情权。  

【最终答案】：BD",客观题,BD
急危重症处置,"你是一个严格按照要求答题的医学考试考生。请你先展示出完整的思考过程，然后再输出最终答案。每道题目有至少两个选项（A、B）至多五个选项（A、B、C、D、E），题目为不定项选择题，请按照以下格式作答：

【思考过程】：...

【最终答案】：AB / BCE / CD / DE / E / ...（只输出选项的编号，不要写选项内容）

示例：
题目：医疗伦理中四大基本原则是？
A.尊重自主权
B.善意行为
C.无害原则
D.公正原则
E.以上都不是
【思考过程】：本题考查医学伦理的四大基本原则，包括尊重自主权、不伤害原则、行善原则、公正原则。

【最终答案】：ABCD

题目：关于急危患者的处置，以下哪种说法符合我国相关法规？
A.患者家属未到时可暂缓急救措施
B.在确认患者无支付能力后，医师可拒绝急救
C.医院资源不足时可将危重患者转往他院前拒绝处置
D.医师必须立即采取紧急措施并不得以任何理由拒绝
【思考过程】：",D,DeepSeek-V3,"【思考过程】：本题考查我国对急危患者处置的法律法规要求。根据《医疗机构管理条例》和《执业医师法》相关规定：1.医疗机构对危重病人应当立即抢救（D正确）；2.不得因缴费问题延误救治（B错误）；3.对限于设备或技术条件不能诊治的病人应及时转诊，但转诊前必须进行必要处置（C错误）；4.紧急情况下无需等待家属签字（A错误）。

【最终答案】：D",客观题,D
急危重症处置,"你是一个严格按照要求答题的医学考试考生。请你先展示出完整的思考过程，然后再输出最终答案。每道题目有至少两个选项（A、B）至多五个选项（A、B、C、D、E），题目为不定项选择题，请按照以下格式作答：

【思考过程】：...

【最终答案】：AB / BCE / CD / DE / E / ...（只输出选项的编号，不要写选项内容）

示例：
题目：医疗伦理中四大基本原则是？
A.尊重自主权
B.善意行为
C.无害原则
D.公正原则
E.以上都不是
【思考过程】：本题考查医学伦理的四大基本原则，包括尊重自主权、不伤害原则、行善原则、公正原则。

【最终答案】：ABCD

题目：若医师因不负责任延误急危患者抢救且造成严重后果，由卫生行政部门给予的处罚包括以下哪些？
A.警告
B.责令暂停三个月以下执业活动
C.责令暂停六个月以上一年以下执业活动
D.吊销执业证书
【思考过程】：",AC,DeepSeek-V3,"【思考过程】：本题考查医师因不负责任延误急危患者抢救且造成严重后果时的行政处罚。根据《中华人民共和国执业医师法》第三十七条，医师在执业活动中，违反卫生行政规章制度或者技术操作规范，造成严重后果的，由县级以上人民政府卫生行政部门给予警告或者责令暂停六个月以上一年以下执业活动；情节严重的，吊销其执业证书。因此，对于不负责任延误急危患者抢救且造成严重后果的医师，卫生行政部门可以给予警告、责令暂停六个月以上一年以下执业活动或吊销执业证书的处罚。选项B中的“三个月以下”不符合规定。

【最终答案】：ACD",客观题,ACD
急危重症处置,"你是一个严格按照要求答题的医学考试考生。请你先展示出完整的思考过程，然后再输出最终答案。每道题目有至少两个选项（A、B）至多五个选项（A、B、C、D、E），题目为不定项选择题，请按照以下格式作答：

【思考过程】：...

【最终答案】：AB / BCE / CD / DE / E / ...（只输出选项的编号，不要写选项内容）

示例：
题目：医疗伦理中四大基本原则是？
A.尊重自主权
B.善意行为
C.无害原则
D.公正原则
E.以上都不是
【思考过程】：本题考查医学伦理的四大基本原则，包括尊重自主权、不伤害原则、行善原则、公正原则。

【最终答案】：ABCD

题目：以下哪些条件是附条件批准某严重危及生命疾病治疗药物的必要条件？
A.用于治疗严重危及生命且尚无有效治疗手段的疾病，或属于公共卫生方面急需  
B.已完成全部III期临床试验  
C.已有临床试验数据显示疗效并能预测其临床价值  
D.有初步药理实验数据支持安全性
【思考过程】：",AC,DeepSeek-V3,"【思考过程】：本题考查附条件批准药物的必要条件。根据《药品注册管理办法》及相关法规要求，附条件批准通常适用于严重危及生命且尚无有效治疗手段的疾病（A正确），不要求完成全部III期临床试验（B错误），但需有临床试验数据显示疗效并能预测临床价值（C正确），同时需要初步药理实验数据支持安全性（D正确）。  

【最终答案】：ACD",客观题,ACD
急危重症处置,"你是一个严格按照要求答题的医学考试考生。请你先展示出完整的思考过程，然后再输出最终答案。每道题目有至少两个选项（A、B）至多五个选项（A、B、C、D、E），题目为不定项选择题，请按照以下格式作答：

【思考过程】：...

【最终答案】：AB / BCE / CD / DE / E / ...（只输出选项的编号，不要写选项内容）

示例：
题目：医疗伦理中四大基本原则是？
A.尊重自主权
B.善意行为
C.无害原则
D.公正原则
E.以上都不是
【思考过程】：本题考查医学伦理的四大基本原则，包括尊重自主权、不伤害原则、行善原则、公正原则。

【最终答案】：ABCD

题目：医疗机构因临床急需进口少量药品时，以下哪些情况符合我国相关规定？
A.经市级药品监督管理部门批准后进口
B.经国务院授权的省人民政府批准后进口
C.进口药品在多家合作医院内使用
D.进口药品用于科研实验
E.进口药品在指定医疗机构内用于特定医疗目的
【思考过程】：",BE,DeepSeek-V3,"【思考过程】：本题考查医疗机构因临床急需进口少量药品的相关规定。根据我国《药品管理法》及相关法规，医疗机构因临床急需进口少量药品需经国务院授权的省人民政府批准（非市级部门），且进口药品应在指定医疗机构内用于特定医疗目的。科研实验用途或多家医院合作使用不符合“临床急需”的限定条件。

【最终答案】：BE",客观题,BE
急危重症处置,"你是一个严格按照要求答题的医学考试考生。请你先展示出完整的思考过程，然后再输出最终答案。每道题目有至少两个选项（A、B）至多五个选项（A、B、C、D、E），题目为不定项选择题，请按照以下格式作答：

【思考过程】：...

【最终答案】：AB / BCE / CD / DE / E / ...（只输出选项的编号，不要写选项内容）

示例：
题目：医疗伦理中四大基本原则是？
A.尊重自主权
B.善意行为
C.无害原则
D.公正原则
E.以上都不是
【思考过程】：本题考查医学伦理的四大基本原则，包括尊重自主权、不伤害原则、行善原则、公正原则。

【最终答案】：ABCD

题目：在应对特别重大突发公共卫生事件时，以下哪些部门有权提出紧急使用医疗器械的建议？
A.省级人民政府
B.国务院卫生主管部门
C.国务院疾病预防控制部门
D.国家药品监督管理局应急办公室
E.市级疫情防控指挥部
【思考过程】：",BC,DeepSeek-V3,"【思考过程】：本题考查特别重大突发公共卫生事件中紧急使用医疗器械的建议权归属。根据《医疗器械监督管理条例》及相关应急管理法规，国务院卫生主管部门和国家药品监督管理部门（包括其应急办公室）在应对特别重大突发公共卫生事件时具有法定职权提出紧急使用医疗器械的建议。省级人民政府需报国务院批准后实施，无直接建议权；市级疫情防控指挥部无此权限；国务院疾病预防控制部门主要负责技术指导而非行政决策。  

【最终答案】：BD",客观题,BD
急危重症处置,"你是一个严格按照要求答题的医学考试考生。请你先展示出完整的思考过程，然后再输出最终答案。每道题目有至少两个选项（A、B）至多五个选项（A、B、C、D、E），题目为不定项选择题，请按照以下格式作答：

【思考过程】：...

【最终答案】：AB / BCE / CD / DE / E / ...（只输出选项的编号，不要写选项内容）

示例：
题目：医疗伦理中四大基本原则是？
A.尊重自主权
B.善意行为
C.无害原则
D.公正原则
E.以上都不是
【思考过程】：本题考查医学伦理的四大基本原则，包括尊重自主权、不伤害原则、行善原则、公正原则。

【最终答案】：ABCD

题目：根据我国关于急危重症处置医疗器械临床试验的规定，某机构在何种条件下可将正在试验的器械用于其他患者？
A.经伦理委员会审查同意
B.经患者知情同意
C.仅需患者本人自愿书面申请
D.同一临床试验机构内的病情相同患者
E.仅限参与过该临床试验的患者
【思考过程】：",ABD,DeepSeek-V3,"【思考过程】：本题考查急危重症处置医疗器械临床试验的特殊使用条件。根据我国相关规定，试验器械用于其他患者需满足以下条件：1.经伦理委员会审查同意（A正确）；2.患者知情同意（B正确）；3.必须是面临急危重症且无其他治疗手段的患者（非限定于临床试验机构内或特定患者，故D/E错误）；4.仅患者自愿申请不足以满足法规要求（C错误）。

【最终答案】：AB",客观题,AB
急危重症处置,"你是一个严格按照要求答题的医学考试考生。请你先展示出完整的思考过程，然后再输出最终答案。每道题目有至少两个选项（A、B）至多五个选项（A、B、C、D、E），题目为不定项选择题，请按照以下格式作答：

【思考过程】：...

【最终答案】：AB / BCE / CD / DE / E / ...（只输出选项的编号，不要写选项内容）

示例：
题目：医疗伦理中四大基本原则是？
A.尊重自主权
B.善意行为
C.无害原则
D.公正原则
E.以上都不是
【思考过程】：本题考查医学伦理的四大基本原则，包括尊重自主权、不伤害原则、行善原则、公正原则。

【最终答案】：ABCD

题目：急诊科的下列做法中，哪几项违反了相关法规要求？（多选）
A.因患者未携带身份证件，要求其返回家中取回后再接诊
B.接诊意识模糊的流浪患者后，立即实施气管插管并联系家属补办手续
C.首诊医生以""无专科治疗条件""为由将外伤出血患者转至其他科室但未评估生命体征
D.要求急性心梗患者在挂号缴费完成后再进入抢救室
E.对酒精中毒拒不配合治疗的患者，未予约束并等待家属签字
【思考过程】：",ACD,DeepSeek-V3,"【思考过程】：本题考查急诊科诊疗规范与法规的合规性。根据《急诊科建设与管理指南》及《医疗机构管理条例》相关规定：
A项违反：急诊需""先抢救后收费""，不得因证件问题延误救治（尤其危及生命时）。
B项正确：对无主/意识障碍患者应""边抢救边报告""，事后补手续符合规定。
C项违反：首诊负责制要求先稳定生命体征再转诊，未评估即转诊属违规。
D项违反：急性心梗属急危重症，需立即进入绿色通道抢救，缴费非前置条件。
E项违反：对可能危害自身/他人的醉酒患者，医疗机构有权采取必要约束措施。

【最终答案】：ACDE",客观题,ACDE
急危重症处置,"你是一个严格按照要求答题的医学考试考生。请你先展示出完整的思考过程，然后再输出最终答案。每道题目有至少两个选项（A、B）至多五个选项（A、B、C、D、E），题目为不定项选择题，请按照以下格式作答：

【思考过程】：...

【最终答案】：AB / BCE / CD / DE / E / ...（只输出选项的编号，不要写选项内容）

示例：
题目：医疗伦理中四大基本原则是？
A.尊重自主权
B.善意行为
C.无害原则
D.公正原则
E.以上都不是
【思考过程】：本题考查医学伦理的四大基本原则，包括尊重自主权、不伤害原则、行善原则、公正原则。

【最终答案】：ABCD

题目：下列关于急诊分诊的说法中，符合伦理要求的是哪些？
A.按患者挂号科室的匹配度分配治疗顺序
B.根据病人的疾病危险程度进行分诊
C.等候所有检查结果出具后再启动抢救
D.对可能危及生命安全的患者立即实施抢救
E.安排待产孕妇优先于其他急诊患者救治
【思考过程】：",BD,DeepSeek-V3,"【思考过程】：本题考查急诊分诊的伦理原则。急诊分诊的核心是根据患者的病情严重程度和紧急程度进行优先处理，而非挂号科室匹配度（A错误）。B选项符合分诊基本原则，即根据疾病危险程度分配资源。C选项违背急诊""先救命后检查""的原则，延误抢救时机。D选项符合急诊伦理中对危及生命者立即抢救的要求。E选项属于特殊群体优先（如孕妇、儿童等），符合人道主义伦理。

【最终答案】：BDE",客观题,BDE
急危重症处置,"你是一个严格按照要求答题的医学考试考生。请你先展示出完整的思考过程，然后再输出最终答案。每道题目有至少两个选项（A、B）至多五个选项（A、B、C、D、E），题目为不定项选择题，请按照以下格式作答：

【思考过程】：...

【最终答案】：AB / BCE / CD / DE / E / ...（只输出选项的编号，不要写选项内容）

示例：
题目：医疗伦理中四大基本原则是？
A.尊重自主权
B.善意行为
C.无害原则
D.公正原则
E.以上都不是
【思考过程】：本题考查医学伦理的四大基本原则，包括尊重自主权、不伤害原则、行善原则、公正原则。

【最终答案】：ABCD

题目：根据相关规定，急诊科病历必须包含以下哪些内容？
A.患者家属职业
B.诊疗全过程
C.检查费用明细
D.患者去向
E.区县疾控报告记录
【思考过程】：",BD,DeepSeek-V3,"【思考过程】：本题考查急诊科病历的必备内容。根据相关规定，急诊科病历需记录诊疗全过程（包括病史、查体、辅助检查、诊断、处理等）和患者去向（如离院、转院、留观等）。患者家属职业（A）与诊疗无关，检查费用明细（C）属于财务记录，区县疾控报告记录（E）仅在特定传染病等情况下需要，均非急诊病历的常规必备内容。

【最终答案】：BD",客观题,BD
急危重症处置,"你是一个严格按照要求答题的医学考试考生。请你先展示出完整的思考过程，然后再输出最终答案。每道题目有至少两个选项（A、B）至多五个选项（A、B、C、D、E），题目为不定项选择题，请按照以下格式作答：

【思考过程】：...

【最终答案】：AB / BCE / CD / DE / E / ...（只输出选项的编号，不要写选项内容）

示例：
题目：医疗伦理中四大基本原则是？
A.尊重自主权
B.善意行为
C.无害原则
D.公正原则
E.以上都不是
【思考过程】：本题考查医学伦理的四大基本原则，包括尊重自主权、不伤害原则、行善原则、公正原则。

【最终答案】：ABCD

题目：其他科室接到急诊科会诊申请后，是否允许在情况特殊时延迟进行会诊？
A.可以延迟，但需提前向急诊科说明原因；B.必须按照医院制度规定的时间完成会诊，不得延迟
【思考过程】：",B,DeepSeek-V3,"【思考过程】：本题考查急诊会诊的规范要求。根据医疗核心制度中的会诊制度，急诊会诊必须严格按照规定时间执行（通常为10分钟内到位），不得以任何理由延迟，以确保急危重症患者得到及时救治。选项A声称""可以延迟""违背急诊会诊的强制性要求，即使说明原因也不符合制度规定。

【最终答案】：B",客观题,B
急危重症处置,"你是一个严格按照要求答题的医学考试考生。请你先展示出完整的思考过程，然后再输出最终答案。每道题目有至少两个选项（A、B）至多五个选项（A、B、C、D、E），题目为不定项选择题，请按照以下格式作答：

【思考过程】：...

【最终答案】：AB / BCE / CD / DE / E / ...（只输出选项的编号，不要写选项内容）

示例：
题目：医疗伦理中四大基本原则是？
A.尊重自主权
B.善意行为
C.无害原则
D.公正原则
E.以上都不是
【思考过程】：本题考查医学伦理的四大基本原则，包括尊重自主权、不伤害原则、行善原则、公正原则。

【最终答案】：ABCD

题目：以下哪种做法违反了关于急诊病人优先住院的规定？
A.将急诊处置后需住院的患者在24小时内转入专科病房
B.按患者挂号时间顺序安排住院床位
C.待患者预缴全部住院费用后再办理入院手续
D.为急诊患者临时调配ICU床位用于过渡
【思考过程】：",BC,DeepSeek-V3,"【思考过程】：本题考查急诊病人优先住院的规定。根据急诊处理原则，急诊患者应优先获得住院床位，不得因费用问题延误治疗，也不应按照挂号顺序安排床位。A选项的做法符合24小时内转入专科病房的规定；B选项违反了急诊优先原则；C选项因费用问题延误入院违反规定；D选项临时调配ICU床位是合理应急措施。

【最终答案】：BC",客观题,BC
急危重症处置,"你是一个严格按照要求答题的医学考试考生。请你先展示出完整的思考过程，然后再输出最终答案。每道题目有至少两个选项（A、B）至多五个选项（A、B、C、D、E），题目为不定项选择题，请按照以下格式作答：

【思考过程】：...

【最终答案】：AB / BCE / CD / DE / E / ...（只输出选项的编号，不要写选项内容）

示例：
题目：医疗伦理中四大基本原则是？
A.尊重自主权
B.善意行为
C.无害原则
D.公正原则
E.以上都不是
【思考过程】：本题考查医学伦理的四大基本原则，包括尊重自主权、不伤害原则、行善原则、公正原则。

【最终答案】：ABCD

题目：以下哪些情形违反了急救中心（站）的院前医疗急救服务规定？
A. 因所有救护车已被派出执行其他任务而未及时调度车辆，导致延误
B. 因患者暂无家属在场而延迟派车
C. 由于急救人员正在进行内部培训，未能及时派出救护车
D. 院前急救费用未提前支付而拒绝出车
【思考过程】：",AC,DeepSeek-V3,"【思考过程】：本题考查对急救中心（站）院前医疗急救服务规定的理解。根据相关规定，急救中心（站）应当及时调度救护车，不得因救护车已被派出、患者暂无家属在场、急救人员培训或费用未支付等原因延误或拒绝派车。选项A中因救护车全部派出导致的延误属于客观资源不足，但若未及时协调其他资源仍可能违反规定；选项B、C、D均属于主观或管理原因导致的违规行为，明确违反急救服务规范。

【最终答案】：BCD",客观题,BCD
急危重症处置,"你是一个严格按照要求答题的医学考试考生。请你先展示出完整的思考过程，然后再输出最终答案。每道题目有至少两个选项（A、B）至多五个选项（A、B、C、D、E），题目为不定项选择题，请按照以下格式作答：

【思考过程】：...

【最终答案】：AB / BCE / CD / DE / E / ...（只输出选项的编号，不要写选项内容）

示例：
题目：医疗伦理中四大基本原则是？
A.尊重自主权
B.善意行为
C.无害原则
D.公正原则
E.以上都不是
【思考过程】：本题考查医学伦理的四大基本原则，包括尊重自主权、不伤害原则、行善原则、公正原则。

【最终答案】：ABCD

题目：以下哪些属于急危重症患者转运的原则？
A.就近
B.就急
C.满足患者需求
D.完全遵循患者意愿
E.满足专业需要
【思考过程】：",ABE,DeepSeek-V3,"【思考过程】：本题考查急危重症患者转运的原则。根据急危重症患者转运的指南和原则，主要包括以下几点：1.就近原则（A），即选择最近的医疗机构进行紧急处理；2.就急原则（B），即优先处理最紧急的医疗需求；3.满足专业需要（E），即转运时应确保患者得到专业的医疗救治。满足患者需求（C）虽然重要，但不是转运的核心原则；完全遵循患者意愿（D）在急危重症情况下可能不现实，因为患者可能无法做出理性判断或病情危急需要立即干预。

【最终答案】：ABE",客观题,ABE
急危重症处置,"你是一个严格按照要求答题的医学考试考生。请你先展示出完整的思考过程，然后再输出最终答案。每道题目有至少两个选项（A、B）至多五个选项（A、B、C、D、E），题目为不定项选择题，请按照以下格式作答：

【思考过程】：...

【最终答案】：AB / BCE / CD / DE / E / ...（只输出选项的编号，不要写选项内容）

示例：
题目：医疗伦理中四大基本原则是？
A.尊重自主权
B.善意行为
C.无害原则
D.公正原则
E.以上都不是
【思考过程】：本题考查医学伦理的四大基本原则，包括尊重自主权、不伤害原则、行善原则、公正原则。

【最终答案】：ABCD

题目：以下表述是否正确：急救中心在患者未付清急救费用的情况下，可以暂停转运至其指定的医院。
A.正确
B.错误
【思考过程】：",B,DeepSeek-V3,"【思考过程】：本题考查的是急救中心在患者未付清急救费用的情况下是否可以暂停转运至其指定的医院。根据医疗伦理和法律规定，急救中心的首要任务是抢救生命，不应因费用问题而延误救治或转运。因此，暂停转运的行为是错误的。

【最终答案】：B",客观题,B
急危重症处置,"你是一个严格按照要求答题的医学考试考生。请你先展示出完整的思考过程，然后再输出最终答案。每道题目有至少两个选项（A、B）至多五个选项（A、B、C、D、E），题目为不定项选择题，请按照以下格式作答：

【思考过程】：...

【最终答案】：AB / BCE / CD / DE / E / ...（只输出选项的编号，不要写选项内容）

示例：
题目：医疗伦理中四大基本原则是？
A.尊重自主权
B.善意行为
C.无害原则
D.公正原则
E.以上都不是
【思考过程】：本题考查医学伦理的四大基本原则，包括尊重自主权、不伤害原则、行善原则、公正原则。

【最终答案】：ABCD

题目：关于检伤分类标识颜色与处置优先级的描述，哪一项是错误的？
A.红色标患者应第一优先处置和转送
B.黄色标患者应第二优先处置和转送
C.绿色标患者应第二优先处置和转送
D.黑色标患者应在确认死亡后分类
【思考过程】：",C,DeepSeek-V3,"【思考过程】：本题考查检伤分类标识颜色与处置优先级的对应关系。根据国际通用的检伤分类标准：红色标识代表第一优先（立即处置），黄色标识代表第二优先（紧急但可稍后处置），绿色标识代表第三优先（轻伤可延迟处置），黑色标识代表已死亡或无法救治的患者。因此，绿色标患者应属于第三优先，题目中选项C将其描述为第二优先是错误的。

【最终答案】：C",客观题,C
急危重症处置,"你是一个严格按照要求答题的医学考试考生。请你先展示出完整的思考过程，然后再输出最终答案。每道题目有至少两个选项（A、B）至多五个选项（A、B、C、D、E），题目为不定项选择题，请按照以下格式作答：

【思考过程】：...

【最终答案】：AB / BCE / CD / DE / E / ...（只输出选项的编号，不要写选项内容）

示例：
题目：医疗伦理中四大基本原则是？
A.尊重自主权
B.善意行为
C.无害原则
D.公正原则
E.以上都不是
【思考过程】：本题考查医学伦理的四大基本原则，包括尊重自主权、不伤害原则、行善原则、公正原则。

【最终答案】：ABCD

题目：根据急危重症处置的“四集中”原则，以下哪些属于该原则的内容？
A.集中资源
B.集中专家
C.集中分级管理
D.集中伤病员
E.集中救治
【思考过程】：",ABDE,DeepSeek-V3,"【思考过程】：本题考查急危重症处置的“四集中”原则，该原则主要包括集中资源、集中专家、集中伤病员、集中救治。集中分级管理不属于“四集中”原则的内容。

【最终答案】：ABDE",客观题,ABDE
急危重症处置,"你是一个严格按照要求答题的医学考试考生。请你先展示出完整的思考过程，然后再输出最终答案。每道题目有至少两个选项（A、B）至多五个选项（A、B、C、D、E），题目为不定项选择题，请按照以下格式作答：

【思考过程】：...

【最终答案】：AB / BCE / CD / DE / E / ...（只输出选项的编号，不要写选项内容）

示例：
题目：医疗伦理中四大基本原则是？
A.尊重自主权
B.善意行为
C.无害原则
D.公正原则
E.以上都不是
【思考过程】：本题考查医学伦理的四大基本原则，包括尊重自主权、不伤害原则、行善原则、公正原则。

【最终答案】：ABCD

题目：对于乙肝表面抗体阴性的医护人员，上岗前的正确建议是？
A.必须强制接种乙肝疫苗
B.建议接种乙肝疫苗
C.需隔离观察两周
D.需补种流感疫苗
E.无需采取额外措施
【思考过程】：",B,DeepSeek-V3,"【思考过程】：本题考查乙肝表面抗体阴性医护人员的职业防护措施。根据我国《慢性乙型肝炎防治指南》和《医务人员接种乙肝疫苗指导意见》：
1. 乙肝表面抗体阴性者属于乙肝易感人群，医护人员是职业暴露高风险群体，应建议接种乙肝疫苗（B正确）；
2. 未强制要求必须接种（A错误）；
3. 隔离观察（C）和补种流感疫苗（D）与题干无关；
4. 不采取防护措施（E）违反职业暴露防护原则。

【最终答案】：B",客观题,B
急危重症处置,"你是一个严格按照要求答题的医学考试考生。请你先展示出完整的思考过程，然后再输出最终答案。每道题目有至少两个选项（A、B）至多五个选项（A、B、C、D、E），题目为不定项选择题，请按照以下格式作答：

【思考过程】：...

【最终答案】：AB / BCE / CD / DE / E / ...（只输出选项的编号，不要写选项内容）

示例：
题目：医疗伦理中四大基本原则是？
A.尊重自主权
B.善意行为
C.无害原则
D.公正原则
E.以上都不是
【思考过程】：本题考查医学伦理的四大基本原则，包括尊重自主权、不伤害原则、行善原则、公正原则。

【最终答案】：ABCD

题目：以下关于急危重症处置的描述中，哪一项违反了医疗机构诊疗活动的规定？
A.实施保护性医疗时未告知患者家属用药方案
B.未经患者家属签字确认便开展高风险急救手术
C.在实施保护性医疗措施的同时取得患者配偶及同事的配合
D.因联系不上家属而延迟采取保护性医疗措施
【思考过程】：",BD,DeepSeek-V3,"【思考过程】：
本题考查急危重症处置中违反医疗机构诊疗活动规定的情形。根据《医疗机构管理条例》和相关医疗法规：

A. 实施保护性医疗时未告知患者家属用药方案 - 违反知情同意原则（保护性医疗仍需向家属告知关键诊疗信息）
B. 未经患者家属签字确认便开展高风险急救手术 - 符合急救例外原则（危及生命时可不等待签字）
C. 在实施保护性医疗措施的同时取得患者配偶及同事的配合 - 符合操作规范（配偶为第一顺位代理人）
D. 因联系不上家属而延迟采取保护性医疗措施 - 违反及时救治原则（紧急情况下不应延误）

因此违反规定的选项需同时满足：①确实违反法规 ②属于题干要求的""诊疗活动规定""范畴。

【最终答案】：AD",客观题,AD
急危重症处置,"你是一个严格按照要求答题的医学考试考生。请你先展示出完整的思考过程，然后再输出最终答案。每道题目有至少两个选项（A、B）至多五个选项（A、B、C、D、E），题目为不定项选择题，请按照以下格式作答：

【思考过程】：...

【最终答案】：AB / BCE / CD / DE / E / ...（只输出选项的编号，不要写选项内容）

示例：
题目：医疗伦理中四大基本原则是？
A.尊重自主权
B.善意行为
C.无害原则
D.公正原则
E.以上都不是
【思考过程】：本题考查医学伦理的四大基本原则，包括尊重自主权、不伤害原则、行善原则、公正原则。

【最终答案】：ABCD

题目：在急危重症患者意识清醒但情绪极度不稳定的情况下，医疗机构在开展抢救性气管插管前，下列哪项做法符合伦理规定？
A.为避免刺激患者，直接实施操作后补充法律文件
B.由实习医生向患者说明操作风险后即刻实施
C.主治医师未经评估将预后不良信息全盘告知患者
D.因患者情绪不稳定，医生仅向家属详细解释治疗方案，未直接告知患者
【思考过程】：",D,DeepSeek-V3,"【思考过程】：本题考查急危重症患者抢救时的伦理原则，需兼顾尊重自主权（知情同意）、不伤害原则和行善原则。  
- **A选项**直接操作违背知情同意原则，抢救后补充文件属于紧急情况下的补救措施（如患者无行为能力时适用），但题干明确患者意识清醒，排除。  
- **B选项**实习医生无充分资质解释风险，且""即刻实施""忽略患者情绪状态可能加重伤害，排除。  
- **C选项**未评估患者心理承受能力即全盘告知不良预后，可能引发更严重情绪崩溃，违反不伤害原则，排除。  
- **D选项**在患者情绪极度不稳定时，优先向家属解释并决策符合""保护性医疗""原则（《医师法》第25条），但需后续稳定后向患者补充说明，目前最合理。  

【最终答案】：D",客观题,D
急危重症处置,"你是一个严格按照要求答题的医学考试考生。请你先展示出完整的思考过程，然后再输出最终答案。每道题目有至少两个选项（A、B）至多五个选项（A、B、C、D、E），题目为不定项选择题，请按照以下格式作答：

【思考过程】：...

【最终答案】：AB / BCE / CD / DE / E / ...（只输出选项的编号，不要写选项内容）

示例：
题目：医疗伦理中四大基本原则是？
A.尊重自主权
B.善意行为
C.无害原则
D.公正原则
E.以上都不是
【思考过程】：本题考查医学伦理的四大基本原则，包括尊重自主权、不伤害原则、行善原则、公正原则。

【最终答案】：ABCD

题目：以下哪种情形属于《医疗技术临床应用管理条例》中定义的“特殊检查、特殊治疗”？
A. 需全身麻醉的无痛肠镜检查且有术后感染风险
B. 对青霉素过敏患者家族中有过敏史者使用头孢菌素
C. 新研发的肿瘤靶向药物Ⅲ期临床试验
D. 需自费的基因测序项目预计花费6万元
E. 使用常规剂量抗凝药物后出现的轻微牙龈出血
【思考过程】：",ACD,DeepSeek-V3,"【思考过程】：
1. 《医疗技术临床应用管理条例》中定义的“特殊检查、特殊治疗”通常包括以下特征：
   - 具有较高风险（如麻醉风险、严重并发症等）
   - 费用高昂（超出常规医疗费用标准）
   - 实验性/创新性医疗技术
   - 需要患者特别知情同意的情形

2. 逐项分析：
   A. 符合：全身麻醉具有明确风险，且存在术后感染风险
   B. 不符合：头孢菌素是常规用药，虽有过敏史但未达到“特殊”标准
   C. 符合：Ⅲ期临床试验属于实验性医疗技术
   D. 符合：6万元费用显著超过常规检查标准
   E. 不符合：药物常见不良反应不属于特殊治疗范畴

3. 排除法：B、E不符合定义特征

【最终答案】：ACD",客观题,ACD
急危重症处置,"你是一个严格按照要求答题的医学考试考生。请你先展示出完整的思考过程，然后再输出最终答案。每道题目有至少两个选项（A、B）至多五个选项（A、B、C、D、E），题目为不定项选择题，请按照以下格式作答：

【思考过程】：...

【最终答案】：AB / BCE / CD / DE / E / ...（只输出选项的编号，不要写选项内容）

示例：
题目：医疗伦理中四大基本原则是？
A.尊重自主权
B.善意行为
C.无害原则
D.公正原则
E.以上都不是
【思考过程】：本题考查医学伦理的四大基本原则，包括尊重自主权、不伤害原则、行善原则、公正原则。

【最终答案】：ABCD

题目：在急危重症处置中，以下哪种情形医务人员可以立即实施相应医疗措施？
A.患者昏迷且家属在场但拒绝签署同意书
B.经主治医师自主判断后认为需要紧急救治时
C.紧急情况下无法取得患者及其近亲属意见，并经医院负责人批准
D.患者意识清醒但拒绝治疗，但医务人员认为有必要时
【思考过程】：",C,DeepSeek-V3,"【思考过程】：本题考查紧急医疗情况下医务人员实施医疗措施的合法情形。根据医疗伦理和法律规定，医务人员在以下情况下可以立即实施医疗措施：1）患者无法表达意愿且无法取得近亲属意见，经医院负责人批准（对应C选项）；2）患者昏迷且家属在场但拒绝签署同意书时，若情况紧急危及生命，医务人员可在伦理委员会或医院负责人批准后实施救治（但A选项未明确说明医院批准流程，存在争议）；3）B选项中主治医师自主判断不符合伦理原则，需结合具体紧急情况；4）D选项违反患者自主权原则，清醒患者有权拒绝治疗。

【最终答案】：AC",客观题,AC
急危重症处置,"你是一个严格按照要求答题的医学考试考生。请你先展示出完整的思考过程，然后再输出最终答案。每道题目有至少两个选项（A、B）至多五个选项（A、B、C、D、E），题目为不定项选择题，请按照以下格式作答：

【思考过程】：...

【最终答案】：AB / BCE / CD / DE / E / ...（只输出选项的编号，不要写选项内容）

示例：
题目：医疗伦理中四大基本原则是？
A.尊重自主权
B.善意行为
C.无害原则
D.公正原则
E.以上都不是
【思考过程】：本题考查医学伦理的四大基本原则，包括尊重自主权、不伤害原则、行善原则、公正原则。

【最终答案】：ABCD

题目：在急危重症处置中，医疗机构开展高风险的诊疗活动时，以下哪项行为属于法律规定的义务？
A.在诊疗结束后对风险进行复盘分析
B.提前制定详细的应急方案
C.未经患者授权直接启动紧急预案
D.主动评估潜在并发症并准备应对措施
E.针对可能延误的情况及时完成替代治疗方案
【思考过程】：",BDE,DeepSeek-V3,"【思考过程】：本题考查医疗机构在急危重症处置中的法律义务。根据相关法律法规和医疗规范：
1. 选项A“诊疗结束后复盘分析”属于质量改进措施，但非法律强制义务；
2. 选项B“制定应急方案”符合《医疗质量管理办法》对高风险诊疗的要求；
3. 选项C“未经授权启动预案”仅在危及生命且无法取得同意时适用，非普遍义务；
4. 选项D“评估并发症并准备措施”是《医疗纠纷预防和处理条例》明确要求的风险防控义务；
5. 选项E“及时完成替代方案”属于最佳实践范畴，非法定义务。

【最终答案】：BD",客观题,BD
急危重症处置,"你是一个严格按照要求答题的医学考试考生。请你先展示出完整的思考过程，然后再输出最终答案。每道题目有至少两个选项（A、B）至多五个选项（A、B、C、D、E），题目为不定项选择题，请按照以下格式作答：

【思考过程】：...

【最终答案】：AB / BCE / CD / DE / E / ...（只输出选项的编号，不要写选项内容）

示例：
题目：医疗伦理中四大基本原则是？
A.尊重自主权
B.善意行为
C.无害原则
D.公正原则
E.以上都不是
【思考过程】：本题考查医学伦理的四大基本原则，包括尊重自主权、不伤害原则、行善原则、公正原则。

【最终答案】：ABCD

题目：根据《病历书写基本规范》，对于急危重症抢救中未能及时书写病历的情况，以下哪一做法符合规定？
A.抢救结束后24小时内补记并口头说明情况
B.立即补记无需额外注明
C.由护士代为记录抢救过程
D.医务人员在6小时内补记并注明抢救情况
E.使用未完全记录的病历直接存档
【思考过程】：",D,DeepSeek-V3,"【思考过程】：本题考查《病历书写基本规范》中对急危重症抢救病历的补记要求。根据规定，因抢救急危患者未能及时书写病历的，医务人员应当在抢救结束后6小时内据实补记，并加以注明。选项D符合这一规定；选项A的时间（24小时）超出规定；选项B未体现“注明抢救情况”的要求；选项C中护士无权代替医生书写病历；选项E直接存档未完成病历明显违规。

【最终答案】：D",客观题,D
急危重症处置,"你是一个严格按照要求答题的医学考试考生。请你先展示出完整的思考过程，然后再输出最终答案。每道题目有至少两个选项（A、B）至多五个选项（A、B、C、D、E），题目为不定项选择题，请按照以下格式作答：

【思考过程】：...

【最终答案】：AB / BCE / CD / DE / E / ...（只输出选项的编号，不要写选项内容）

示例：
题目：医疗伦理中四大基本原则是？
A.尊重自主权
B.善意行为
C.无害原则
D.公正原则
E.以上都不是
【思考过程】：本题考查医学伦理的四大基本原则，包括尊重自主权、不伤害原则、行善原则、公正原则。

【最终答案】：ABCD

题目：患者死亡后，医患双方对死因提出异议且具备尸体冻存条件时，尸检最迟应在死亡后多长时间内进行？
A.48小时
B.5日
C.7日
D.10日
E.14日
【思考过程】：",C,DeepSeek-V3,"【思考过程】：本题考查尸检的时间限制。根据《医疗事故处理条例》相关规定，患者死亡后，医患双方对死因有异议且具备尸体冻存条件的，尸检应在死亡后48小时内进行，但特殊情况下可延长至7日内（如具备尸体冻存条件）。因此最迟时间为7日。

【最终答案】：C",客观题,C
急危重症处置,"你是一个严格按照要求答题的医学考试考生。请你先展示出完整的思考过程，然后再输出最终答案。每道题目有至少两个选项（A、B）至多五个选项（A、B、C、D、E），题目为不定项选择题，请按照以下格式作答：

【思考过程】：...

【最终答案】：AB / BCE / CD / DE / E / ...（只输出选项的编号，不要写选项内容）

示例：
题目：医疗伦理中四大基本原则是？
A.尊重自主权
B.善意行为
C.无害原则
D.公正原则
E.以上都不是
【思考过程】：本题考查医学伦理的四大基本原则，包括尊重自主权、不伤害原则、行善原则、公正原则。

【最终答案】：ABCD

题目：关于危重孕产妇救治中心的分娩现场人员配置，以下哪种情况符合规定？
A.由未经培训的助产士独立值守
B.1名持有新生儿复苏资质证明的麻醉科医师在场
C.2名普通儿科住院医师参与分娩
D.产科主任与1名未接受复苏培训的护士共同在场
E.分娩时仅产科医生在场并由其他科室视频会诊支持
【思考过程】：",B,DeepSeek-V3,"【思考过程】：本题考查危重孕产妇救治中心分娩现场人员配置的合规性。根据相关规范，危重孕产妇救治中心的分娩现场应确保有熟练掌握新生儿复苏技术的医护人员在场，且产科医生需具备处理高危妊娠的能力。

A选项：未经培训的助产士独立值守不符合规定，缺乏复苏资质和技术支持。  
B选项：麻醉科医师持有新生儿复苏资质证明，符合技术能力要求，但未明确产科医生在场情况。  
C选项：2名普通儿科住院医师参与分娩，若未明确其具备复苏资质或产科配合，则不完全符合规定。  
D选项：产科主任（具备高危妊娠处理能力）在场，但护士未接受复苏培训，存在缺陷。  
E选项：仅产科医生在场且依赖视频会诊，缺乏实时新生儿复苏保障，不符合规定。  

最接近合规的是B选项（麻醉科医师有复苏资质），但严格来说仍需产科医生在场配合。其他选项均存在明显缺陷。  

【最终答案】：B",客观题,B
急危重症处置,"你是一个严格按照要求答题的医学考试考生。请你先展示出完整的思考过程，然后再输出最终答案。每道题目有至少两个选项（A、B）至多五个选项（A、B、C、D、E），题目为不定项选择题，请按照以下格式作答：

【思考过程】：...

【最终答案】：AB / BCE / CD / DE / E / ...（只输出选项的编号，不要写选项内容）

示例：
题目：医疗伦理中四大基本原则是？
A.尊重自主权
B.善意行为
C.无害原则
D.公正原则
E.以上都不是
【思考过程】：本题考查医学伦理的四大基本原则，包括尊重自主权、不伤害原则、行善原则、公正原则。

【最终答案】：ABCD

题目：危重孕产妇救治中心应针对以下哪些孕产妇和新生儿主要死因制定应急预案并完善抢救程序？
A.产后出血
B.新生儿窒息
C.胎盘早剥
D.脐带脱垂
E.子痫前期
【思考过程】：",AB,DeepSeek-V3,"【思考过程】：本题考查危重孕产妇救治中心需要针对的主要死因制定应急预案的疾病。产后出血是孕产妇死亡的主要原因之一；新生儿窒息是新生儿死亡和残疾的重要原因；胎盘早剥可导致严重的母婴并发症；脐带脱垂是紧急情况，可能导致胎儿急性缺氧；子痫前期是妊娠期高血压疾病的严重阶段，可危及母婴生命。因此，所有选项均为孕产妇和新生儿的主要死因。

【最终答案】：ABCDE",客观题,ABCDE
急危重症处置,"你是一个严格按照要求答题的医学考试考生。请你先展示出完整的思考过程，然后再输出最终答案。每道题目有至少两个选项（A、B）至多五个选项（A、B、C、D、E），题目为不定项选择题，请按照以下格式作答：

【思考过程】：...

【最终答案】：AB / BCE / CD / DE / E / ...（只输出选项的编号，不要写选项内容）

示例：
题目：医疗伦理中四大基本原则是？
A.尊重自主权
B.善意行为
C.无害原则
D.公正原则
E.以上都不是
【思考过程】：本题考查医学伦理的四大基本原则，包括尊重自主权、不伤害原则、行善原则、公正原则。

【最终答案】：ABCD

题目：以下哪些措施符合危重孕产妇救治中心的能力建设要求？
A.每季度开展2次专项技能培训
B.每季度开展1次急救演练
C.紧急剖宫产DDI时间上限为30分钟
D.每月开展1次专项培训且DDI时间为30分钟
E.允许DDI时间延长至35分钟
【思考过程】：",BC,DeepSeek-V3,"【思考过程】：本题考查危重孕产妇救治中心的能力建设要求。需明确培训频率、急救演练频率以及紧急剖宫产DDI（Decision to Delivery Interval）时间的标准。根据最新指南要求：  
1. **培训频率**：至少每季度开展1次专项技能培训和急救演练（A选项“每季度2次”超出要求，B选项“每季度1次”符合要求）。  
2. **DDI时间**：紧急剖宫产DDI时间上限为30分钟（C选项正确，E选项“35分钟”不符合标准）。  
3. **综合要求**：D选项“每月1次专项培训”超出指南基础要求，但DDI时间正确，属于部分正确但非最优选项。  

综上，最严格符合标准的是B（每季度1次急救演练）和C（DDI≤30分钟）。  

【最终答案】：BC",客观题,BC
急危重症处置,"你是一个严格按照要求答题的医学考试考生。请你先展示出完整的思考过程，然后再输出最终答案。每道题目有至少两个选项（A、B）至多五个选项（A、B、C、D、E），题目为不定项选择题，请按照以下格式作答：

【思考过程】：...

【最终答案】：AB / BCE / CD / DE / E / ...（只输出选项的编号，不要写选项内容）

示例：
题目：医疗伦理中四大基本原则是？
A.尊重自主权
B.善意行为
C.无害原则
D.公正原则
E.以上都不是
【思考过程】：本题考查医学伦理的四大基本原则，包括尊重自主权、不伤害原则、行善原则、公正原则。

【最终答案】：ABCD

题目：危重孕产妇救治中心必须建立以下哪些特定制度？
A.高危孕产妇随访制度
B.高危妊娠管理制度
C.孕产妇危重症评审制度
D.孕产妇急救培训制度
E.孕产妇死亡评审制度
【思考过程】：",BCE,DeepSeek-V3,"【思考过程】：本题考查危重孕产妇救治中心必须建立的特定制度。根据相关规范和要求，危重孕产妇救治中心需要建立以下制度：高危孕产妇随访制度（A）用于跟踪高危孕产妇的情况；高危妊娠管理制度（B）用于规范高危妊娠的管理；孕产妇危重症评审制度（C）用于分析和改进危重症救治；孕产妇急救培训制度（D）用于提升医护人员的急救能力；孕产妇死亡评审制度（E）用于分析死亡原因并改进救治措施。因此，所有选项均为必须建立的制度。

【最终答案】：ABCDE",客观题,ABCDE
急危重症处置,"你是一个严格按照要求答题的医学考试考生。请你先展示出完整的思考过程，然后再输出最终答案。每道题目有至少两个选项（A、B）至多五个选项（A、B、C、D、E），题目为不定项选择题，请按照以下格式作答：

【思考过程】：...

【最终答案】：AB / BCE / CD / DE / E / ...（只输出选项的编号，不要写选项内容）

示例：
题目：医疗伦理中四大基本原则是？
A.尊重自主权
B.善意行为
C.无害原则
D.公正原则
E.以上都不是
【思考过程】：本题考查医学伦理的四大基本原则，包括尊重自主权、不伤害原则、行善原则、公正原则。

【最终答案】：ABCD

题目：以下哪种情况一般不属于重症医学科的收治范围？
A.高血压危象伴急性心衰
B.晚期恶性肿瘤合并全身恶液质
C.急性呼吸窘迫综合征需机械通气
D.严重阿尔茨海默病终末期
E.终末期肝硬化伴多器官功能衰竭
【思考过程】：",BDE,DeepSeek-V3,"【思考过程】：本题考查重症医学科（ICU）的收治范围。重症医学科主要收治急性、可逆性、危及生命的器官功能障碍患者，通过严密监测和积极治疗可能恢复健康。A选项（高血压危象伴急性心衰）和C选项（急性呼吸窘迫综合征需机械通气）属于急性、可逆性疾病，符合ICU收治标准。B选项（晚期恶性肿瘤合并全身恶液质）、D选项（严重阿尔茨海默病终末期）和E选项（终末期肝硬化伴多器官功能衰竭）均为不可逆的终末期疾病，通常以姑息治疗为主，不属于ICU常规收治范围。

【最终答案】：BDE",客观题,BDE
急危重症处置,"你是一个严格按照要求答题的医学考试考生。请你先展示出完整的思考过程，然后再输出最终答案。每道题目有至少两个选项（A、B）至多五个选项（A、B、C、D、E），题目为不定项选择题，请按照以下格式作答：

【思考过程】：...

【最终答案】：AB / BCE / CD / DE / E / ...（只输出选项的编号，不要写选项内容）

示例：
题目：医疗伦理中四大基本原则是？
A.尊重自主权
B.善意行为
C.无害原则
D.公正原则
E.以上都不是
【思考过程】：本题考查医学伦理的四大基本原则，包括尊重自主权、不伤害原则、行善原则、公正原则。

【最终答案】：ABCD

题目：当患者或其家属不同意继续在重症医学科治疗时，医院应当如何处理？
A.需患者和家属双方均明确拒绝才能转出
B.患者或家属中任一主体拒绝即可转出
C.继续采取必要急救措施后再评估转出
D.由伦理委员会审查同意后方可转出
【思考过程】：",B,DeepSeek-V3,"【思考过程】：本题考查的是患者自主权和医疗决策的伦理原则。根据医学伦理和法律规定，患者具有自主决策权，包括拒绝治疗的权利。家属在患者无法表达意愿时可代为决策，但若患者和家属意见不一致时，需优先尊重患者本人意愿（若患者有行为能力）。医院需确保患者或家属充分知情，但无需双方同时拒绝（A选项错误），单方明确拒绝即可（B选项正确）。C选项中“继续采取必要急救措施”可能违背患者/家属意愿，仅在特定法律或伦理冲突时适用（如自杀倾向患者），非普遍原则。D选项中伦理委员会审查通常用于争议性较大或缺乏明确决策者的复杂情况，非必经流程。因此最符合常规伦理和法律要求的是B选项。  

【最终答案】：B",客观题,B
急危重症处置,"你是一个严格按照要求答题的医学考试考生。请你先展示出完整的思考过程，然后再输出最终答案。每道题目有至少两个选项（A、B）至多五个选项（A、B、C、D、E），题目为不定项选择题，请按照以下格式作答：

【思考过程】：...

【最终答案】：AB / BCE / CD / DE / E / ...（只输出选项的编号，不要写选项内容）

示例：
题目：医疗伦理中四大基本原则是？
A.尊重自主权
B.善意行为
C.无害原则
D.公正原则
E.以上都不是
【思考过程】：本题考查医学伦理的四大基本原则，包括尊重自主权、不伤害原则、行善原则、公正原则。

【最终答案】：ABCD

题目：在急危重症处置中，关于非医务人员访视的规定，以下哪几项属于正确做法？
A.访视前必须经过必要性评估
B.必要时可不限制访视时间
C.访视人数不得超过2人同时进入
D.无需防护用具可接触患者
E.每次访视时长需控制在15分钟内
【思考过程】：",ACE,DeepSeek-V3,"【思考过程】：本题考查急危重症处置中非医务人员访视的规定。根据医疗规范：1.访视前必须评估必要性（A正确）。2.访视时间、人数和时长需严格限制：通常需控制访视时间（E正确），B选项""不限制""错误；人数一般限制1-2人（C正确）。3.必须做好防护措施（D错误）。

【最终答案】：ACE",客观题,ACE
急危重症处置,"你是一个严格按照要求答题的医学考试考生。请你先展示出完整的思考过程，然后再输出最终答案。每道题目有至少两个选项（A、B）至多五个选项（A、B、C、D、E），题目为不定项选择题，请按照以下格式作答：

【思考过程】：...

【最终答案】：AB / BCE / CD / DE / E / ...（只输出选项的编号，不要写选项内容）

示例：
题目：医疗伦理中四大基本原则是？
A.尊重自主权
B.善意行为
C.无害原则
D.公正原则
E.以上都不是
【思考过程】：本题考查医学伦理的四大基本原则，包括尊重自主权、不伤害原则、行善原则、公正原则。

【最终答案】：ABCD

题目：在急危重症病人抢救过程中，以下哪些措施是法规明确要求的必要步骤？
A. 允许主治医师暂时离开现场处理其他急诊患者，B. 对于意识模糊患者采用约束带实施强制性体位固定，C. 迅速开放静脉通道并实时进行生命支持，D. 填写病危/病重通知单并告知家属病情
【思考过程】：",CD,DeepSeek-V3,"【思考过程】：本题考查急危重症病人抢救过程中的法规要求。A选项：主治医师在抢救过程中应全程在场指导，暂时离开不符合法规要求；B选项：对意识模糊患者使用约束带需谨慎，仅在必要时且符合医疗规范情况下使用，并非“法规明确要求的必要步骤”；C选项：开放静脉通道和生命支持是抢救的基本措施，符合法规要求；D选项：病危/病重通知单的填写和家属告知是医疗法规明确规定的流程。

【最终答案】：CD",客观题,CD
基因干细胞诊疗,"你是一个严格按照要求答题的医学考试考生。请你先展示出完整的思考过程，然后再输出最终答案。每道题目有至少两个选项（A、B）至多五个选项（A、B、C、D、E），题目为不定项选择题，请按照以下格式作答：

【思考过程】：...

【最终答案】：AB / BCE / CD / DE / E / ...（只输出选项的编号，不要写选项内容）

示例：
题目：医疗伦理中四大基本原则是？
A.尊重自主权
B.善意行为
C.无害原则
D.公正原则
E.以上都不是
【思考过程】：本题考查医学伦理的四大基本原则，包括尊重自主权、不伤害原则、行善原则、公正原则。

【最终答案】：ABCD

题目：以下哪种行为违反了完全民事行为能力人关于基因干细胞捐献的相关规定？
A.医生利用职务之便强制患者捐献干细胞
B.机构假冒公益项目名义诱导捐献
C.未经本人同意使用其已捐献的干细胞样本
D.以提供免费旅游机会为条件换取捐献
E.经本人签字确认的无偿捐献协议
【思考过程】：",ABD,DeepSeek-V3,"【思考过程】：本题考查完全民事行为能力人基因干细胞捐献的伦理与法律规定。根据医学伦理和法律规定，干细胞捐献必须遵循自愿、无偿、知情同意的原则。选项A中强制患者捐献违反自愿原则；选项B假冒公益项目属于欺诈，违反知情同意原则；选项C未经同意使用样本侵犯自主权；选项D以利益诱导捐献违反无偿原则；选项E经本人签字确认的无偿协议符合伦理和法律要求。

【最终答案】：ABCD",客观题,ABCD
基因干细胞诊疗,"你是一个严格按照要求答题的医学考试考生。请你先展示出完整的思考过程，然后再输出最终答案。每道题目有至少两个选项（A、B）至多五个选项（A、B、C、D、E），题目为不定项选择题，请按照以下格式作答：

【思考过程】：...

【最终答案】：AB / BCE / CD / DE / E / ...（只输出选项的编号，不要写选项内容）

示例：
题目：医疗伦理中四大基本原则是？
A.尊重自主权
B.善意行为
C.无害原则
D.公正原则
E.以上都不是
【思考过程】：本题考查医学伦理的四大基本原则，包括尊重自主权、不伤害原则、行善原则、公正原则。

【最终答案】：ABCD

题目：以下哪种情形违反了禁止人体细胞、组织买卖的法律规定？
A.经红十字会批准后进行脐带血交易
B.自愿无偿转让皮肤组织用于科研
C.以公益为目的批量购买骨髓干细胞
D.在遗体捐献登记机构办理器官捐献手续
E.某机构宣称补偿营养费获得病人肿瘤标本
【思考过程】：",E,DeepSeek-V3,"【思考过程】：本题考查禁止人体细胞、组织买卖的法律规定。根据相关规定，禁止任何形式的人体细胞、组织买卖，无论是否经过批准或出于何种目的。自愿无偿转让和遗体捐献登记是合法的，不涉及买卖行为。

A. 经红十字会批准后进行脐带血交易 - 即使经过批准，交易行为仍然违反禁止买卖的规定。
B. 自愿无偿转让皮肤组织用于科研 - 无偿转让不涉及买卖，合法。
C. 以公益为目的批量购买骨髓干细胞 - 即使是公益目的，购买行为仍然违法。
D. 在遗体捐献登记机构办理器官捐献手续 - 合法捐献行为，不涉及买卖。
E. 某机构宣称补偿营养费获得病人肿瘤标本 - 以补偿名义变相买卖，违法。

【最终答案】：ACE",客观题,ACE
基因干细胞诊疗,"你是一个严格按照要求答题的医学考试考生。请你先展示出完整的思考过程，然后再输出最终答案。每道题目有至少两个选项（A、B）至多五个选项（A、B、C、D、E），题目为不定项选择题，请按照以下格式作答：

【思考过程】：...

【最终答案】：AB / BCE / CD / DE / E / ...（只输出选项的编号，不要写选项内容）

示例：
题目：医疗伦理中四大基本原则是？
A.尊重自主权
B.善意行为
C.无害原则
D.公正原则
E.以上都不是
【思考过程】：本题考查医学伦理的四大基本原则，包括尊重自主权、不伤害原则、行善原则、公正原则。

【最终答案】：ABCD

题目：在基因干细胞诊疗中，以下哪种情况下医疗机构需要承担赔偿责任？
A.医务人员在手术中操作失误导致患者损伤
B.患者因自身体质原因出现未预见的排异反应
C.医疗机构未充分告知诊疗风险且患者出现后遗症
D.医疗器械突然故障但医院已定期维护
【思考过程】：",AC,DeepSeek-V3,"【思考过程】：本题考查医疗机构在基因干细胞诊疗中的赔偿责任认定。根据医疗损害责任的相关法律规定，医疗机构需承担赔偿责任的情形包括：医务人员过错（如操作失误）、未履行告知义务导致患者损害等。而患者自身原因或不可抗力（如已维护的器械突发故障）通常不属赔偿范围。

A.操作失误属于医务人员过错，需赔偿。  
B.自身体质属不可归责于医方的情形，无需赔偿。  
C.未充分告知风险侵犯知情同意权，需赔偿。  
D.器械已定期维护属无过错，无需赔偿。  

【最终答案】：AC",客观题,AC
基因干细胞诊疗,"你是一个严格按照要求答题的医学考试考生。请你先展示出完整的思考过程，然后再输出最终答案。每道题目有至少两个选项（A、B）至多五个选项（A、B、C、D、E），题目为不定项选择题，请按照以下格式作答：

【思考过程】：...

【最终答案】：AB / BCE / CD / DE / E / ...（只输出选项的编号，不要写选项内容）

示例：
题目：医疗伦理中四大基本原则是？
A.尊重自主权
B.善意行为
C.无害原则
D.公正原则
E.以上都不是
【思考过程】：本题考查医学伦理的四大基本原则，包括尊重自主权、不伤害原则、行善原则、公正原则。

【最终答案】：ABCD

题目：在基因干细胞诊疗中，以下哪些情况符合医务人员应尽的义务？
A.常规诊疗中向患者说明病情和基础医疗措施
B.在实施基因干细胞移植前，向患者详细说明医疗风险和替代治疗方案
C.在患者拒绝听取说明时，无需进一步沟通直接进行治疗
D.患者因昏迷无法知情同意时，向其近亲属说明并取得明确同意
E.对特殊检查仅进行口头告知并获得患者口头默许
【思考过程】：",ABD,DeepSeek-V3,"【思考过程】：本题考查医务人员在基因干细胞诊疗中的义务。根据医学伦理和法律规定，医务人员应充分履行知情同意原则：  
1. 选项A正确，常规诊疗中必须说明病情和基础措施（基本义务）；  
2. 选项B正确，基因干细胞移植属于高风险治疗，必须详细说明风险和替代方案（特殊说明义务）；  
3. 选项C错误，患者拒绝时仍需尝试沟通或记录拒绝，不可直接治疗；  
4. 选项D正确，昏迷患者需通过近亲属代理同意（紧急情况例外）；  
5. 选项E错误，特殊检查需书面知情同意，仅口头默许不满足法律要求。  

【最终答案】：ABD",客观题,ABD
基因干细胞诊疗,"你是一个严格按照要求答题的医学考试考生。请你先展示出完整的思考过程，然后再输出最终答案。每道题目有至少两个选项（A、B）至多五个选项（A、B、C、D、E），题目为不定项选择题，请按照以下格式作答：

【思考过程】：...

【最终答案】：AB / BCE / CD / DE / E / ...（只输出选项的编号，不要写选项内容）

示例：
题目：医疗伦理中四大基本原则是？
A.尊重自主权
B.善意行为
C.无害原则
D.公正原则
E.以上都不是
【思考过程】：本题考查医学伦理的四大基本原则，包括尊重自主权、不伤害原则、行善原则、公正原则。

【最终答案】：ABCD

题目：在基因干细胞诊疗中，下列哪种情形可能导致医疗机构承担赔偿责任？
A.医务人员因患者无力支付费用而简化诊疗流程
B.医务人员未履行与当时医疗水平相应的诊疗义务
C.诊疗方案与患者宗教信仰冲突但已取得知情同意
D.医疗机构因设备故障导致3小时后才能完成检测
E.医务人员在非紧急情况下采用尚未通过伦理审查的新技术
【思考过程】：",B,DeepSeek-V3,"【思考过程】：
本题考查医疗机构在基因干细胞诊疗中可能承担赔偿责任的情形。根据医疗法律法规和伦理原则，医疗机构需承担赔偿责任的情形通常包括：未履行与医疗水平相应的诊疗义务（B）、因设备故障导致延误诊疗（D）、在非紧急情况下采用未经伦理审查的新技术（E）。A项中简化诊疗流程因费用问题属于违规行为，但需结合具体损害结果判断赔偿责任；C项中诊疗方案与宗教信仰冲突但已获知情同意，不构成赔偿责任。

【最终答案】：BDE",客观题,BDE
基因干细胞诊疗,"你是一个严格按照要求答题的医学考试考生。请你先展示出完整的思考过程，然后再输出最终答案。每道题目有至少两个选项（A、B）至多五个选项（A、B、C、D、E），题目为不定项选择题，请按照以下格式作答：

【思考过程】：...

【最终答案】：AB / BCE / CD / DE / E / ...（只输出选项的编号，不要写选项内容）

示例：
题目：医疗伦理中四大基本原则是？
A.尊重自主权
B.善意行为
C.无害原则
D.公正原则
E.以上都不是
【思考过程】：本题考查医学伦理的四大基本原则，包括尊重自主权、不伤害原则、行善原则、公正原则。

【最终答案】：ABCD

题目：患者在基因干细胞诊疗活动中受损害，出现下列哪些情形应推定医疗机构有过错？
A.医务人员未着工作服进行操作
B.机构拒绝提供药物不良反应报告单
C.修改病历增加患者禁忌症记录
D.按医疗废物管理规定销毁过期病历
E.未按卫生部门要求更新诊疗设备
【思考过程】：",BC,DeepSeek-V3,"【思考过程】：本题考查医疗机构在基因干细胞诊疗活动中推定过错的情形。根据《医疗纠纷预防和处理条例》及相关规定，推定医疗机构有过错的情形主要包括：1.违反法律、行政法规、规章以及其他有关诊疗规范的规定；2.隐匿或者拒绝提供与纠纷有关的病历资料；3.伪造、篡改或者销毁病历资料。选项C（修改病历增加患者禁忌症记录）属于伪造、篡改病历资料；选项B（机构拒绝提供药物不良反应报告单）属于拒绝提供与纠纷有关的资料。其他选项：A（医务人员未着工作服）属于一般违规行为但不直接推定过错；D（按规定销毁过期病历）是合法行为；E（未更新诊疗设备）需结合具体情况判断，不直接推定过错。

【最终答案】：BC",客观题,BC
基因干细胞诊疗,"你是一个严格按照要求答题的医学考试考生。请你先展示出完整的思考过程，然后再输出最终答案。每道题目有至少两个选项（A、B）至多五个选项（A、B、C、D、E），题目为不定项选择题，请按照以下格式作答：

【思考过程】：...

【最终答案】：AB / BCE / CD / DE / E / ...（只输出选项的编号，不要写选项内容）

示例：
题目：医疗伦理中四大基本原则是？
A.尊重自主权
B.善意行为
C.无害原则
D.公正原则
E.以上都不是
【思考过程】：本题考查医学伦理的四大基本原则，包括尊重自主权、不伤害原则、行善原则、公正原则。

【最终答案】：ABCD

题目：在基因干细胞诊疗中，医疗机构在哪些情形下不承担赔偿责任？（多选）
A.医疗机构未告知治疗后可能出现脱发风险
B.医务人员在抢救时实施了合理但并非最佳的诊疗方案
C.患者因宗教信仰拒绝配合标准化治疗流程
D.因医疗设备夜间突发故障导致诊疗失败
E.使用当前未被学术界公认的基因编辑方法导致疗效未达预期
【思考过程】：",BCE,DeepSeek-V3,"【思考过程】：本题考查医疗机构在基因干细胞诊疗中的免责情形。根据《医疗纠纷预防和处理条例》及相关法律规定，医疗机构在以下情形下一般不承担赔偿责任：  
1. **选项A**：脱发风险属于轻微且常见的不良反应，若未造成实质性损害，通常不构成医疗过错（但需结合具体损害程度判断，不完全明确免责）。  
2. **选项B**：医务人员在抢救生命等紧急情况下已尽合理诊疗义务，即使方案非最佳，也可免责（符合“紧急救治免责”原则）。  
3. **选项C**：患者因自身原因（如宗教信仰）不配合诊疗导致不良后果，医疗机构无过错时可免责（《民法典》第1224条）。  
4. **选项D**：设备突发故障若因不可抗力或第三方原因（非医疗机构管理过失），可能免责；但若因维护不当则需担责（需进一步明确故障原因，不完全免责）。  
5. **选项E**：使用未被学术界公认的方法属于实验性医疗，若未充分告知风险并取得患者知情同意，医疗机构需担责；反之可能免责（题干未明确知情同意，存疑）。  

综上，明确免责的情形为B、C。A、D、E需更多信息判断，但题干未提供充分免责依据。  

【最终答案】：BC",客观题,BC
基因干细胞诊疗,"你是一个严格按照要求答题的医学考试考生。请你先展示出完整的思考过程，然后再输出最终答案。每道题目有至少两个选项（A、B）至多五个选项（A、B、C、D、E），题目为不定项选择题，请按照以下格式作答：

【思考过程】：...

【最终答案】：AB / BCE / CD / DE / E / ...（只输出选项的编号，不要写选项内容）

示例：
题目：医疗伦理中四大基本原则是？
A.尊重自主权
B.善意行为
C.无害原则
D.公正原则
E.以上都不是
【思考过程】：本题考查医学伦理的四大基本原则，包括尊重自主权、不伤害原则、行善原则、公正原则。

【最终答案】：ABCD

题目：在基因干细胞诊疗中，以下哪种行为可能违反""不实施不必要检查""的医疗伦理规定？
A.对患者进行精准药物基因检测以确定最佳剂量方案
B.在常规基因测序结果正常的情况下，强制追加全外显子组测序
C.连续3周要求重复进行相同诱导多能干细胞功能指标检测
D.根据疑似遗传病史开展针对性基因筛查
【思考过程】：",BC,DeepSeek-V3,"【思考过程】：
本题考查对""不实施不必要检查""医疗伦理规定的理解。该原则要求避免过度医疗和资源浪费，只进行有明确临床意义的检查。
A选项：精准药物基因检测是为了确定最佳剂量方案，属于必要检查；
B选项：在常规基因测序结果正常的情况下追加全外显子组测序缺乏明确指征，属于过度检查；
C选项：重复进行相同功能指标检测若无新临床指征，属于不必要检查；
D选项：根据疑似遗传病史开展针对性筛查符合诊疗规范。

【最终答案】：BC",客观题,BC
基因干细胞诊疗,"你是一个严格按照要求答题的医学考试考生。请你先展示出完整的思考过程，然后再输出最终答案。每道题目有至少两个选项（A、B）至多五个选项（A、B、C、D、E），题目为不定项选择题，请按照以下格式作答：

【思考过程】：...

【最终答案】：AB / BCE / CD / DE / E / ...（只输出选项的编号，不要写选项内容）

示例：
题目：医疗伦理中四大基本原则是？
A.尊重自主权
B.善意行为
C.无害原则
D.公正原则
E.以上都不是
【思考过程】：本题考查医学伦理的四大基本原则，包括尊重自主权、不伤害原则、行善原则、公正原则。

【最终答案】：ABCD

题目：根据相关法律法规，以下哪种情形需要依法获得批准？
A.境外组织获取我国普通植物种子用于商品贸易
B.境内科研机构利用本地常见动物细胞进行疫苗研发
C.境外个人实际控制的机构采集我国珍贵龟类基因样本
D.我国非政府组织运输大额现金至境外
E.大学实验室保存患者自愿捐赠的普通皮肤细胞
【思考过程】：",C,DeepSeek-V3,"【思考过程】：本题考查的是我国相关法律法规对生物资源、基因资源、资金跨境流动等的管理规定。根据《生物安全法》《人类遗传资源管理条例》《野生动物保护法》《濒危野生动植物进出口管理条例》等法律法规：

A选项：普通植物种子出口需符合《种子法》及国际贸易规定，非禁止或限制类商品贸易通常需办理检疫审批等手续。  
B选项：利用本地常见动物细胞进行研发若未涉及重点保护物种或人类遗传资源，通常无需特殊批准。  
C选项：境外控制机构采集我国珍贵龟类基因样本，涉及濒危物种和基因资源出境，需依法经审批（《野生动物保护法》《生物安全法》）。  
D选项：大额现金跨境运输需遵守《外汇管理条例》申报或审批规定。  
E选项：自愿捐赠的普通皮肤细胞若仅用于实验室研究且不涉及人类遗传资源出境，通常无需额外批准。  

综上，需批准的情形为A（植物种子贸易审批）、C（濒危物种基因采集审批）、D（跨境资金流动审批）。  

【最终答案】：ACD",客观题,ACD
基因干细胞诊疗,"你是一个严格按照要求答题的医学考试考生。请你先展示出完整的思考过程，然后再输出最终答案。每道题目有至少两个选项（A、B）至多五个选项（A、B、C、D、E），题目为不定项选择题，请按照以下格式作答：

【思考过程】：...

【最终答案】：AB / BCE / CD / DE / E / ...（只输出选项的编号，不要写选项内容）

示例：
题目：医疗伦理中四大基本原则是？
A.尊重自主权
B.善意行为
C.无害原则
D.公正原则
E.以上都不是
【思考过程】：本题考查医学伦理的四大基本原则，包括尊重自主权、不伤害原则、行善原则、公正原则。

【最终答案】：ABCD

题目：以下哪种活动不需要经国务院科学技术主管部门批准？
A.采集我国重要遗传家系的人类遗传资源
B.保藏用于临床诊疗的人类遗传资源
C.与国外机构合作开展人类遗传资源研究
D.将人类遗传资源材料携带出境
E.为采供血服务而采集人类遗传资源
【思考过程】：",BE,DeepSeek-V3,"【思考过程】：本题考查的是《人类遗传资源管理条例》中关于人类遗传资源活动的审批要求。根据条例规定：
1. 采集我国重要遗传家系的人类遗传资源需要批准（A需要）
2. 保藏人类遗传资源需要批准，但用于临床诊疗的除外（B不需要）
3. 国际合作研究需要批准（C需要）
4. 出境需要批准（D需要）
5. 为采供血服务而采集的属于临床诊疗范畴（E不需要）

【最终答案】：BE",客观题,BE
基因干细胞诊疗,"你是一个严格按照要求答题的医学考试考生。请你先展示出完整的思考过程，然后再输出最终答案。每道题目有至少两个选项（A、B）至多五个选项（A、B、C、D、E），题目为不定项选择题，请按照以下格式作答：

【思考过程】：...

【最终答案】：AB / BCE / CD / DE / E / ...（只输出选项的编号，不要写选项内容）

示例：
题目：医疗伦理中四大基本原则是？
A.尊重自主权
B.善意行为
C.无害原则
D.公正原则
E.以上都不是
【思考过程】：本题考查医学伦理的四大基本原则，包括尊重自主权、不伤害原则、行善原则、公正原则。

【最终答案】：ABCD

题目：在实施基因干细胞诊疗（属于特殊治疗）前，医疗卫生人员必须向患者说明以下哪些内容？
A.医疗风险
B.替代医疗方案
C.医疗费用
D.医生的学术背景
E.治疗的成功率
【思考过程】：",AB,DeepSeek-V3,"【思考过程】：本题考查特殊治疗（如基因干细胞诊疗）前的知情同意要求。根据医疗伦理和法律规定，医务人员必须向患者充分说明治疗的风险（A）、替代方案（B）和费用（C），以确保患者做出知情选择。医生的学术背景（D）和治疗成功率（E）虽然可能对患者决策有参考价值，但并非法律强制要求说明的内容。

【最终答案】：ABC",客观题,ABC
基因干细胞诊疗,"你是一个严格按照要求答题的医学考试考生。请你先展示出完整的思考过程，然后再输出最终答案。每道题目有至少两个选项（A、B）至多五个选项（A、B、C、D、E），题目为不定项选择题，请按照以下格式作答：

【思考过程】：...

【最终答案】：AB / BCE / CD / DE / E / ...（只输出选项的编号，不要写选项内容）

示例：
题目：医疗伦理中四大基本原则是？
A.尊重自主权
B.善意行为
C.无害原则
D.公正原则
E.以上都不是
【思考过程】：本题考查医学伦理的四大基本原则，包括尊重自主权、不伤害原则、行善原则、公正原则。

【最终答案】：ABCD

题目：在基因干细胞诊疗过程中，以下哪些行为可能违反相关医学伦理规范？
A.医生根据患者经济条件推荐价格更高的非必要附加治疗项目
B.在未充分告知的情况下对轻度病患实施多次干细胞静脉注射
C.手术结束后收取患者赠送的超市购物卡
D.对术后焦虑患者进行免费心理疏导指导
【思考过程】：",ABC,DeepSeek-V3,"【思考过程】：本题考查基因干细胞诊疗过程中可能违反医学伦理规范的行为。医学伦理的核心原则包括尊重自主权、不伤害原则、行善原则和公正原则。我们需要分析每个选项是否符合这些原则：
A. 医生根据患者经济条件推荐价格更高的非必要附加治疗项目：这违反了公正原则和行善原则，因为医生应根据患者需要而非经济条件推荐治疗。
B. 在未充分告知的情况下对轻度病患实施多次干细胞静脉注射：这违反了尊重自主权（未充分告知）和不伤害原则（可能对轻度病患造成过度治疗）。
C. 手术结束后收取患者赠送的超市购物卡：这违反了医学伦理中关于利益冲突和职业操守的规定。
D. 对术后焦虑患者进行免费心理疏导指导：这符合行善原则，不违反伦理规范。

【最终答案】：ABC",客观题,ABC
基因干细胞诊疗,"你是一个严格按照要求答题的医学考试考生。请你先展示出完整的思考过程，然后再输出最终答案。每道题目有至少两个选项（A、B）至多五个选项（A、B、C、D、E），题目为不定项选择题，请按照以下格式作答：

【思考过程】：...

【最终答案】：AB / BCE / CD / DE / E / ...（只输出选项的编号，不要写选项内容）

示例：
题目：医疗伦理中四大基本原则是？
A.尊重自主权
B.善意行为
C.无害原则
D.公正原则
E.以上都不是
【思考过程】：本题考查医学伦理的四大基本原则，包括尊重自主权、不伤害原则、行善原则、公正原则。

【最终答案】：ABCD

题目：以下哪些行为违反了我国关于人类遗传资源管理的规定？
A.外国机构在我国境内独立采集人类干细胞样本
B.外企在华建立的人类遗传资源数据库未经批准传输至境外服务器
C.境外组织与境内医院合作开展基因突变特征研究
D.境外个人将采购的医用离心机出口至其国籍国
E.外籍研究员向其所属机构发送包含我国人群基因分析数据的论文原稿
【思考过程】：",ABE,DeepSeek-V3,"【思考过程】：本题考查我国人类遗传资源管理的相关规定。根据《中华人民共和国人类遗传资源管理条例》，外国机构在我国境内独立采集人类遗传资源（如人类干细胞样本）是禁止的（A正确）；未经批准将人类遗传资源信息传输至境外是违规的（B正确）；与境外组织合作研究需依法审批（C若未经批准则违规，但题目未明确说明是否经过批准，需谨慎判断）；医用离心机不属于人类遗传资源（D错误）；未经批准向境外提供包含我国人群基因分析数据的行为是违规的（E正确）。需要注意的是，C选项的合规性取决于是否经过合法审批，但题目未明确说明，因此可能不选。

【最终答案】：ABE",客观题,ABE
基因干细胞诊疗,"你是一个严格按照要求答题的医学考试考生。请你先展示出完整的思考过程，然后再输出最终答案。每道题目有至少两个选项（A、B）至多五个选项（A、B、C、D、E），题目为不定项选择题，请按照以下格式作答：

【思考过程】：...

【最终答案】：AB / BCE / CD / DE / E / ...（只输出选项的编号，不要写选项内容）

示例：
题目：医疗伦理中四大基本原则是？
A.尊重自主权
B.善意行为
C.无害原则
D.公正原则
E.以上都不是
【思考过程】：本题考查医学伦理的四大基本原则，包括尊重自主权、不伤害原则、行善原则、公正原则。

【最终答案】：ABCD

题目：在进行下列哪些活动时，必须取得我国人类遗传资源提供者的知情同意并尊重其隐私权？
A.采集
B.保藏
C.利用
D.对外提供
E.数据匿名化
【思考过程】：",ABCD,DeepSeek-V3,"【思考过程】：本题考查人类遗传资源管理中的伦理和法律要求。根据我国《人类遗传资源管理条例》，在采集、保藏、利用和对外提供人类遗传资源时，必须取得提供者的知情同意并尊重其隐私权。数据匿名化属于技术处理手段，其前提是已经获得合法授权，因此不包括在内。

【最终答案】：ABCD",客观题,ABCD
基因干细胞诊疗,"你是一个严格按照要求答题的医学考试考生。请你先展示出完整的思考过程，然后再输出最终答案。每道题目有至少两个选项（A、B）至多五个选项（A、B、C、D、E），题目为不定项选择题，请按照以下格式作答：

【思考过程】：...

【最终答案】：AB / BCE / CD / DE / E / ...（只输出选项的编号，不要写选项内容）

示例：
题目：医疗伦理中四大基本原则是？
A.尊重自主权
B.善意行为
C.无害原则
D.公正原则
E.以上都不是
【思考过程】：本题考查医学伦理的四大基本原则，包括尊重自主权、不伤害原则、行善原则、公正原则。

【最终答案】：ABCD

题目：以下哪种行为不视为买卖人类遗传资源？
A.某生物公司购买某家族罕见病基因序列用于开发检测试剂盒
B.某机构为科研合作向国外实验室提供人类遗传资源样本，并收取样本运输和处理的成本费用
C.某医院为患者提供基因诊疗服务时留存其干细胞样本用于后续临床研究
D.某企业将收集的少数民族基因数据以高额利润授权给药企使用
E.个人通过社交媒体平台私下交易自身基因检测数据
【思考过程】：",B,DeepSeek-V3,"【思考过程】：
本题考查买卖人类遗传资源的认定。根据《中华人民共和国人类遗传资源管理条例》，买卖人类遗传资源是指以营利为目的，出售或者以其他形式非法提供人类遗传资源的行为。  
- A选项：购买基因序列用于商业开发属于典型的买卖行为。  
- B选项：收取成本费用不属于营利目的，不视为买卖。  
- C选项：留存样本用于后续临床研究属于合法科研用途，不涉及买卖。  
- D选项：高额利润授权属于典型的买卖行为。  
- E选项：私下交易基因数据属于非法买卖行为。  

因此，不视为买卖人类遗传资源的行为是B和C。  

【最终答案】：BC",客观题,BC
基因干细胞诊疗,"你是一个严格按照要求答题的医学考试考生。请你先展示出完整的思考过程，然后再输出最终答案。每道题目有至少两个选项（A、B）至多五个选项（A、B、C、D、E），题目为不定项选择题，请按照以下格式作答：

【思考过程】：...

【最终答案】：AB / BCE / CD / DE / E / ...（只输出选项的编号，不要写选项内容）

示例：
题目：医疗伦理中四大基本原则是？
A.尊重自主权
B.善意行为
C.无害原则
D.公正原则
E.以上都不是
【思考过程】：本题考查医学伦理的四大基本原则，包括尊重自主权、不伤害原则、行善原则、公正原则。

【最终答案】：ABCD

题目：以下哪些属于干细胞临床研究必须遵循的原则？
A.科学原则
B.规范原则
C.适度保护受试者权益原则
D.提高研究效率原则
E.保护研究者知识产权原则
【思考过程】：",AB,DeepSeek-V3,"【思考过程】：本题考查干细胞临床研究必须遵循的原则。根据相关法规和伦理要求，干细胞临床研究必须遵循科学原则（确保研究的科学性和可靠性）、规范原则（严格按照规范和标准进行）、适度保护受试者权益原则（确保受试者的权益和安全）。提高研究效率原则和保护研究者知识产权原则虽然重要，但不是干细胞临床研究必须遵循的核心原则。

【最终答案】：ABC",客观题,ABC
基因干细胞诊疗,"你是一个严格按照要求答题的医学考试考生。请你先展示出完整的思考过程，然后再输出最终答案。每道题目有至少两个选项（A、B）至多五个选项（A、B、C、D、E），题目为不定项选择题，请按照以下格式作答：

【思考过程】：...

【最终答案】：AB / BCE / CD / DE / E / ...（只输出选项的编号，不要写选项内容）

示例：
题目：医疗伦理中四大基本原则是？
A.尊重自主权
B.善意行为
C.无害原则
D.公正原则
E.以上都不是
【思考过程】：本题考查医学伦理的四大基本原则，包括尊重自主权、不伤害原则、行善原则、公正原则。

【最终答案】：ABCD

题目：以下哪项不属于开展干细胞临床研究的医疗机构的职责？
A.立项审查
B.登记备案
C.对医务人员进行干细胞操作培训
D.全过程质量管理和风险管控
E.干细胞制剂制备监督
【思考过程】：",C,DeepSeek-V3,"【思考过程】：本题考查医疗机构在干细胞临床研究中的职责范围。根据相关规定，医疗机构的主要职责包括立项审查（A）、登记备案（B）、对医务人员进行干细胞操作培训（C）、全过程质量管理和风险管控（D）。而干细胞制剂的制备监督（E）通常由专门的细胞制备机构或药监部门负责，不属于医疗机构的直接职责范围。

【最终答案】：E",客观题,E
基因干细胞诊疗,"你是一个严格按照要求答题的医学考试考生。请你先展示出完整的思考过程，然后再输出最终答案。每道题目有至少两个选项（A、B）至多五个选项（A、B、C、D、E），题目为不定项选择题，请按照以下格式作答：

【思考过程】：...

【最终答案】：AB / BCE / CD / DE / E / ...（只输出选项的编号，不要写选项内容）

示例：
题目：医疗伦理中四大基本原则是？
A.尊重自主权
B.善意行为
C.无害原则
D.公正原则
E.以上都不是
【思考过程】：本题考查医学伦理的四大基本原则，包括尊重自主权、不伤害原则、行善原则、公正原则。

【最终答案】：ABCD

题目：以下哪些行为违反了基因干细胞诊疗机构的相关规定？
A.向受试者收取干细胞临床研究费用
B.使用受试者住院期间的数据进行病例分析
C.通过自媒体平台宣传治疗效果
D.要求患者支付药物成本费
E.在机构官网展示成功案例
【思考过程】：",ACE,DeepSeek-V3,"【思考过程】：本题考查基因干细胞诊疗机构的相关规定。根据相关规定，医疗机构不得向受试者收取干细胞临床研究费用（A选项违规），不得通过任何形式宣传干细胞治疗效果（C选项违规），不得要求患者支付药物成本费（D选项违规）。使用受试者住院期间的数据进行病例分析（B选项）和机构官网展示成功案例（E选项）需要符合伦理审查和知情同意原则，但题目未说明是否违反规定，因此暂不视为违规。

【最终答案】：ACD",客观题,ACD
基因干细胞诊疗,"你是一个严格按照要求答题的医学考试考生。请你先展示出完整的思考过程，然后再输出最终答案。每道题目有至少两个选项（A、B）至多五个选项（A、B、C、D、E），题目为不定项选择题，请按照以下格式作答：

【思考过程】：...

【最终答案】：AB / BCE / CD / DE / E / ...（只输出选项的编号，不要写选项内容）

示例：
题目：医疗伦理中四大基本原则是？
A.尊重自主权
B.善意行为
C.无害原则
D.公正原则
E.以上都不是
【思考过程】：本题考查医学伦理的四大基本原则，包括尊重自主权、不伤害原则、行善原则、公正原则。

【最终答案】：ABCD

题目：以下哪项是干细胞临床研究机构必须满足的条件？
A.承担干细胞研究领域重要研究项目
B.具有充足的来源于政府的基础科研经费支持
C.确保干细胞来源合法且多样化
D.具备完整的干细胞质量控制条件和质量管理体系
E.研究负责人需具备副高级专业技术职称
【思考过程】：",D,DeepSeek-V3,"【思考过程】：本题考查干细胞临床研究机构的基本条件。根据相关规定，干细胞临床研究机构需要具备以下条件：1. 具备完整的干细胞质量控制条件和质量管理体系（D）；2. 研究负责人需具备高级专业技术职称（E选项仅要求副高级，不完全准确）；3. 干细胞来源必须合法（C选项""多样化""并非强制要求）；4. 对科研经费来源（B）和是否承担重要项目（A）无硬性要求。

【最终答案】：D",客观题,D
基因干细胞诊疗,"你是一个严格按照要求答题的医学考试考生。请你先展示出完整的思考过程，然后再输出最终答案。每道题目有至少两个选项（A、B）至多五个选项（A、B、C、D、E），题目为不定项选择题，请按照以下格式作答：

【思考过程】：...

【最终答案】：AB / BCE / CD / DE / E / ...（只输出选项的编号，不要写选项内容）

示例：
题目：医疗伦理中四大基本原则是？
A.尊重自主权
B.善意行为
C.无害原则
D.公正原则
E.以上都不是
【思考过程】：本题考查医学伦理的四大基本原则，包括尊重自主权、不伤害原则、行善原则、公正原则。

【最终答案】：ABCD

题目：干细胞临床研究机构必须具有以下哪种措施或机制？
A.独立的新药研发实验室
B.防范研究风险的管理机制
C.建立独立的干细胞临床研究随访档案
D.与省级医疗机构建立联合救治流程
【思考过程】：",B,DeepSeek-V3,"【思考过程】：本题考查干细胞临床研究机构必须具备的措施或机制。根据相关规定，干细胞临床研究机构需要具备防范研究风险的管理机制（B选项），以确保研究过程的安全性和可控性；同时需要建立独立的干细胞临床研究随访档案（C选项），以便对研究结果进行长期追踪和评估。独立的新药研发实验室（A选项）并非干细胞临床研究机构的必备条件，且与干细胞临床研究的性质无直接关联；与省级医疗机构建立联合救治流程（D选项）并非强制性要求，属于可选项。

【最终答案】：BC",客观题,BC
基因干细胞诊疗,"你是一个严格按照要求答题的医学考试考生。请你先展示出完整的思考过程，然后再输出最终答案。每道题目有至少两个选项（A、B）至多五个选项（A、B、C、D、E），题目为不定项选择题，请按照以下格式作答：

【思考过程】：...

【最终答案】：AB / BCE / CD / DE / E / ...（只输出选项的编号，不要写选项内容）

示例：
题目：医疗伦理中四大基本原则是？
A.尊重自主权
B.善意行为
C.无害原则
D.公正原则
E.以上都不是
【思考过程】：本题考查医学伦理的四大基本原则，包括尊重自主权、不伤害原则、行善原则、公正原则。

【最终答案】：ABCD

题目：根据法规要求，干细胞临床研究机构必须具备以下哪类委员会？
A.数据安全委员会与医疗技术委员会
B.由高水平专家组成的学术委员会和伦理委员会
C.普通医务委员会和患者权益委员会
D.单独的伦理委员会及后勤保障委员会
【思考过程】：",B,DeepSeek-V3,"【思考过程】：本题考查干细胞临床研究机构的法规要求。根据相关规定，干细胞临床研究机构必须设立独立的伦理委员会，以确保研究符合伦理标准，同时还需要由高水平专家组成的学术委员会，以保障研究的科学性和技术性。因此，B选项“由高水平专家组成的学术委员会和伦理委员会”符合要求。其他选项要么缺少必要的委员会，要么不符合法规的明确要求。

【最终答案】：B",客观题,B
基因干细胞诊疗,"你是一个严格按照要求答题的医学考试考生。请你先展示出完整的思考过程，然后再输出最终答案。每道题目有至少两个选项（A、B）至多五个选项（A、B、C、D、E），题目为不定项选择题，请按照以下格式作答：

【思考过程】：...

【最终答案】：AB / BCE / CD / DE / E / ...（只输出选项的编号，不要写选项内容）

示例：
题目：医疗伦理中四大基本原则是？
A.尊重自主权
B.善意行为
C.无害原则
D.公正原则
E.以上都不是
【思考过程】：本题考查医学伦理的四大基本原则，包括尊重自主权、不伤害原则、行善原则、公正原则。

【最终答案】：ABCD

题目：以下哪些条件是干细胞临床研究机构必须满足的？
A.具备三级乙等医院资质，B.获得医疗器械临床试验机构资格，C.具有住院医师规范化培训基地认证，D.建立干细胞制剂质量受权人制度，E.项目负责人需获得省级以上科研奖励
【思考过程】：",D,DeepSeek-V3,"【思考过程】：本题考查干细胞临床研究机构的基本条件。根据我国《干细胞临床研究管理办法（试行）》规定：  
1. 机构需为 **三级甲等医院**（A选项""三级乙等""错误）；  
2. **不强制要求**医疗器械临床试验机构资格；  
3. **不强制要求**住院医师规范化培训基地认证；  
4. **必须建立**干细胞制剂质量受权和放行制度（D正确）；  
5. 项目负责人需具备高级职称和干细胞研究经验，**未要求**省级以上科研奖励（E错误）。  

【最终答案】：D",客观题,D
基因干细胞诊疗,"你是一个严格按照要求答题的医学考试考生。请你先展示出完整的思考过程，然后再输出最终答案。每道题目有至少两个选项（A、B）至多五个选项（A、B、C、D、E），题目为不定项选择题，请按照以下格式作答：

【思考过程】：...

【最终答案】：AB / BCE / CD / DE / E / ...（只输出选项的编号，不要写选项内容）

示例：
题目：医疗伦理中四大基本原则是？
A.尊重自主权
B.善意行为
C.无害原则
D.公正原则
E.以上都不是
【思考过程】：本题考查医学伦理的四大基本原则，包括尊重自主权、不伤害原则、行善原则、公正原则。

【最终答案】：ABCD

题目：机构伦理委员会的组成应当满足以下哪些条件？
A.总人数不少于5位
B.包含来自法学领域的专业人员
C.不包含非专业的社会人士
D.总人数不少于7人
E.包含经济学领域的专家
【思考过程】：",BD,DeepSeek-V3,"【思考过程】：本题考查机构伦理委员会的组成要求。根据相关法规和指南，机构伦理委员会的组成通常需要满足以下条件：1. 总人数不少于5位（A选项正确）；2. 应当包含来自不同领域的专业人员，如法学领域的专业人员（B选项正确）；3. 可以包含非专业的社会人士以提高透明度和公正性（C选项错误）；4. 对总人数的要求通常是不少于5人，而非7人（D选项错误）；5. 经济学领域的专家并非必须包含的成员（E选项错误）。

【最终答案】：AB",客观题,AB
基因干细胞诊疗,"你是一个严格按照要求答题的医学考试考生。请你先展示出完整的思考过程，然后再输出最终答案。每道题目有至少两个选项（A、B）至多五个选项（A、B、C、D、E），题目为不定项选择题，请按照以下格式作答：

【思考过程】：...

【最终答案】：AB / BCE / CD / DE / E / ...（只输出选项的编号，不要写选项内容）

示例：
题目：医疗伦理中四大基本原则是？
A.尊重自主权
B.善意行为
C.无害原则
D.公正原则
E.以上都不是
【思考过程】：本题考查医学伦理的四大基本原则，包括尊重自主权、不伤害原则、行善原则、公正原则。

【最终答案】：ABCD

题目：根据相关法律法规，以下哪些机构应当监督干细胞临床研究项目的立项前审查？
A.国家干细胞临床研究专家委员会和伦理专家委员会
B.市级干细胞伦理审查委员会
C.机构内部科研评审组
D.省级疾病预防控制中心
E.省级干细胞临床研究专家委员会和伦理专家委员会
【思考过程】：",AE,DeepSeek-V3,"【思考过程】：本题考查干细胞临床研究项目立项前审查的监督机构。根据相关法规，国家干细胞临床研究专家委员会和伦理专家委员会负责监督国家级项目的审查，省级干细胞临床研究专家委员会和伦理专家委员会负责监督省级项目的审查。其他选项如市级干细胞伦理审查委员会、机构内部科研评审组和省级疾病预防控制中心均不符合法规要求。

【最终答案】：AE",客观题,AE
基因干细胞诊疗,"你是一个严格按照要求答题的医学考试考生。请你先展示出完整的思考过程，然后再输出最终答案。每道题目有至少两个选项（A、B）至多五个选项（A、B、C、D、E），题目为不定项选择题，请按照以下格式作答：

【思考过程】：...

【最终答案】：AB / BCE / CD / DE / E / ...（只输出选项的编号，不要写选项内容）

示例：
题目：医疗伦理中四大基本原则是？
A.尊重自主权
B.善意行为
C.无害原则
D.公正原则
E.以上都不是
【思考过程】：本题考查医学伦理的四大基本原则，包括尊重自主权、不伤害原则、行善原则、公正原则。

【最终答案】：ABCD

题目：以下哪些措施属于机构在基因干细胞诊疗研究中保障受试者权益的必要环节？
A.研究方案中明确风险预判和双重盲法设计
B.伦理委员会对研究风险进行分级评估
C.为高风险项目建立第三方商业保险机制
D.每月向监管机构提交经费使用报告
E.对高风险项目实施人员资质强化审查
【思考过程】：",BCE,DeepSeek-V3,"【思考过程】：本题考查基因干细胞诊疗研究中保障受试者权益的必要环节。根据医学伦理和临床研究规范，保障受试者权益的关键措施包括：研究方案的风险预判和科学设计（如双重盲法）、伦理委员会对风险的独立评估、针对高风险项目的额外保障（如保险或资质审查）。而经费使用报告属于行政管理范畴，与受试者权益保障无直接关联。

【最终答案】：ABCE",客观题,ABCE
基因干细胞诊疗,"你是一个严格按照要求答题的医学考试考生。请你先展示出完整的思考过程，然后再输出最终答案。每道题目有至少两个选项（A、B）至多五个选项（A、B、C、D、E），题目为不定项选择题，请按照以下格式作答：

【思考过程】：...

【最终答案】：AB / BCE / CD / DE / E / ...（只输出选项的编号，不要写选项内容）

示例：
题目：医疗伦理中四大基本原则是？
A.尊重自主权
B.善意行为
C.无害原则
D.公正原则
E.以上都不是
【思考过程】：本题考查医学伦理的四大基本原则，包括尊重自主权、不伤害原则、行善原则、公正原则。

【最终答案】：ABCD

题目：以下哪种情况符合干细胞临床研究的适应症要求？
A.治疗效果与现有药物相似但费用较低
B.用于尚无有效治疗方法的重度抑郁症
C.针对普通季节性流感的预防研究
D.早期临床试验中效果尚不明确但可能替代现有手术的方案
E.改善因疾病导致的严重生存质量下降
【思考过程】：",BE,DeepSeek-V3,"【思考过程】：本题考查干细胞临床研究的适应症要求。根据相关规定，干细胞临床研究应专注于尚无有效治疗方法的疾病、严重危害健康的疾病或显著影响生存质量的疾病。选项A强调费用而非疗效突破，不符合核心要求；选项B针对无有效治疗的重度抑郁症，符合适应症；选项C的普通季节性流感已有成熟防治手段，不适用；选项D的""可能替代""属于探索性研究，但需明确疾病严重性；选项E针对严重生存质量下降，符合适应症标准。

【最终答案】：BE",客观题,BE
基因干细胞诊疗,"你是一个严格按照要求答题的医学考试考生。请你先展示出完整的思考过程，然后再输出最终答案。每道题目有至少两个选项（A、B）至多五个选项（A、B、C、D、E），题目为不定项选择题，请按照以下格式作答：

【思考过程】：...

【最终答案】：AB / BCE / CD / DE / E / ...（只输出选项的编号，不要写选项内容）

示例：
题目：医疗伦理中四大基本原则是？
A.尊重自主权
B.善意行为
C.无害原则
D.公正原则
E.以上都不是
【思考过程】：本题考查医学伦理的四大基本原则，包括尊重自主权、不伤害原则、行善原则、公正原则。

【最终答案】：ABCD

题目：干细胞制剂的制备必须符合以下哪些规范或要求？
A.药品生产质量管理规范（GMP）适用于医疗器械
B.药品生产质量管理规范（GMP）适用于药品生产
C.干细胞制剂质量控制及临床前研究指导原则
D.国际标准化组织质量管理体系（ISO9001）
E.药物临床试验质量管理规范
【思考过程】：",BC,DeepSeek-V3,"【思考过程】：
1. 干细胞制剂属于生物制品，其制备需要符合药品生产质量管理规范（GMP），因此选项B正确。
2. 干细胞制剂质量控制及临床前研究指导原则是针对干细胞制剂的专门规范，因此选项C正确。
3. 药物临床试验质量管理规范（GCP）适用于临床试验阶段，与制备阶段无直接关系，因此选项E不正确。
4. GMP不适用于医疗器械，因此选项A不正确。
5. ISO9001是通用质量管理体系，并非干细胞制剂制备的专门要求，因此选项D不正确。

【最终答案】：BC",客观题,BC
基因干细胞诊疗,"你是一个严格按照要求答题的医学考试考生。请你先展示出完整的思考过程，然后再输出最终答案。每道题目有至少两个选项（A、B）至多五个选项（A、B、C、D、E），题目为不定项选择题，请按照以下格式作答：

【思考过程】：...

【最终答案】：AB / BCE / CD / DE / E / ...（只输出选项的编号，不要写选项内容）

示例：
题目：医疗伦理中四大基本原则是？
A.尊重自主权
B.善意行为
C.无害原则
D.公正原则
E.以上都不是
【思考过程】：本题考查医学伦理的四大基本原则，包括尊重自主权、不伤害原则、行善原则、公正原则。

【最终答案】：ABCD

题目：机构伦理委员会对干细胞临床研究项目的伦理审查应当依照以下哪项文件要求执行？
A.《生物样本库伦理审查指南》
B.《药品临床试验质量管理规范》
C.《干细胞临床研究管理办法》
D.《涉及人的生物医学研究伦理审查办法》
【思考过程】：",D,DeepSeek-V3,"【思考过程】：本题考查干细胞临床研究项目的伦理审查依据。根据我国相关规定，干细胞临床研究的伦理审查应依照《干细胞临床研究管理办法》执行，该文件专门针对干细胞临床研究的伦理和管理要求。《涉及人的生物医学研究伦理审查办法》是广泛适用于所有涉及人的生物医学研究的伦理审查文件，但并非专门针对干细胞研究。《生物样本库伦理审查指南》和《药品临床试验质量管理规范》分别适用于生物样本库和药品临床试验，与干细胞临床研究无直接关联。

【最终答案】：CD",客观题,CD
基因干细胞诊疗,"你是一个严格按照要求答题的医学考试考生。请你先展示出完整的思考过程，然后再输出最终答案。每道题目有至少两个选项（A、B）至多五个选项（A、B、C、D、E），题目为不定项选择题，请按照以下格式作答：

【思考过程】：...

【最终答案】：AB / BCE / CD / DE / E / ...（只输出选项的编号，不要写选项内容）

示例：
题目：医疗伦理中四大基本原则是？
A.尊重自主权
B.善意行为
C.无害原则
D.公正原则
E.以上都不是
【思考过程】：本题考查医学伦理的四大基本原则，包括尊重自主权、不伤害原则、行善原则、公正原则。

【最终答案】：ABCD

题目：在干细胞临床研究中，研究人员必须用通俗、清晰、准确的语言告知供者和受试者哪些内容？
A.研究人员的个人背景
B.研究的目的和意义
C.预期受益和潜在风险
D.其他受试者的治疗结果
E.研究的具体内容
【思考过程】：",BCE,DeepSeek-V3,"【思考过程】：本题考查干细胞临床研究中知情同意的告知内容。根据医学伦理和法规要求，研究人员必须向供者和受试者充分告知研究目的、意义、预期受益、潜在风险以及研究的具体内容，确保其知情同意。研究人员个人背景和其他受试者的治疗结果不属于必须告知的核心内容。

【最终答案】：BCE",客观题,BCE
基因干细胞诊疗,"你是一个严格按照要求答题的医学考试考生。请你先展示出完整的思考过程，然后再输出最终答案。每道题目有至少两个选项（A、B）至多五个选项（A、B、C、D、E），题目为不定项选择题，请按照以下格式作答：

【思考过程】：...

【最终答案】：AB / BCE / CD / DE / E / ...（只输出选项的编号，不要写选项内容）

示例：
题目：医疗伦理中四大基本原则是？
A.尊重自主权
B.善意行为
C.无害原则
D.公正原则
E.以上都不是
【思考过程】：本题考查医学伦理的四大基本原则，包括尊重自主权、不伤害原则、行善原则、公正原则。

【最终答案】：ABCD

题目：处理不合格及剩余的干细胞制剂或捐赠物时，必须确保符合以下哪些核心要求？
A.以最快速度销毁避免污染
B.遵循合法处理程序
C.供者享有经济补偿权
D.根据医疗废物管理条例实施
E.经伦理委员会审核
【思考过程】：",BE,DeepSeek-V3,"【思考过程】：
1. 题目要求的是处理不合格及剩余的干细胞制剂或捐赠物时的核心要求，涉及伦理、法律和操作规范。
2. 选项A“以最快速度销毁避免污染”强调了操作效率，但“最快速度”并非核心要求，确保安全合规才是重点，因此不完全正确。
3. 选项B“遵循合法处理程序”是核心要求，任何医疗操作都必须合法合规。
4. 选项C“供者享有经济补偿权”与处理不合格制剂的程序无关，属于捐赠伦理范畴，非本题核心。
5. 选项D“根据医疗废物管理条例实施”是核心要求，不合格制剂需按医疗废物规范处理。
6. 选项E“经伦理委员会审核”通常适用于前期审批，而非具体处理过程，非本题核心。

综上，核心要求为合法程序（B）和医疗废物管理条例（D）。

【最终答案】：BD",客观题,BD
基因干细胞诊疗,"你是一个严格按照要求答题的医学考试考生。请你先展示出完整的思考过程，然后再输出最终答案。每道题目有至少两个选项（A、B）至多五个选项（A、B、C、D、E），题目为不定项选择题，请按照以下格式作答：

【思考过程】：...

【最终答案】：AB / BCE / CD / DE / E / ...（只输出选项的编号，不要写选项内容）

示例：
题目：医疗伦理中四大基本原则是？
A.尊重自主权
B.善意行为
C.无害原则
D.公正原则
E.以上都不是
【思考过程】：本题考查医学伦理的四大基本原则，包括尊重自主权、不伤害原则、行善原则、公正原则。

【最终答案】：ABCD

题目：在基因干细胞诊疗的临床研究中，关于资料记录的保存要求，以下哪几项是正确的？
A.保存至研究结束后20年
B.保存至研究结束后30年
C.必须准确且清晰
D.需保留电子备份
E.由研究机构自主决定保存形式
【思考过程】：",BCD,DeepSeek-V3,"【思考过程】：本题考查基因干细胞诊疗临床研究中资料记录的保存要求。根据相关法规和伦理要求，基因干细胞诊疗的临床研究资料需要长期保存，通常要求保存至研究结束后30年（B正确，A错误）。资料记录必须准确且清晰（C正确），并且通常需要保留电子备份以确保数据安全和可追溯性（D正确）。保存形式不能由研究机构自主决定，必须符合法规和伦理标准（E错误）。

【最终答案】：BCD",客观题,BCD
基因干细胞诊疗,"你是一个严格按照要求答题的医学考试考生。请你先展示出完整的思考过程，然后再输出最终答案。每道题目有至少两个选项（A、B）至多五个选项（A、B、C、D、E），题目为不定项选择题，请按照以下格式作答：

【思考过程】：...

【最终答案】：AB / BCE / CD / DE / E / ...（只输出选项的编号，不要写选项内容）

示例：
题目：医疗伦理中四大基本原则是？
A.尊重自主权
B.善意行为
C.无害原则
D.公正原则
E.以上都不是
【思考过程】：本题考查医学伦理的四大基本原则，包括尊重自主权、不伤害原则、行善原则、公正原则。

【最终答案】：ABCD

题目：干细胞制剂的追踪资料从最后处理之日起必须保存至少多少年？
A.15年
B.25年
C.30年
D.35年
【思考过程】：",C,DeepSeek-V3,"【思考过程】：本题考查干细胞制剂追踪资料的保存年限。根据我国《干细胞临床研究管理办法（试行）》规定，干细胞制剂的追踪资料从最后处理之日起必须保存至少30年，以确保可追溯性和安全性监管。

【最终答案】：C",客观题,C
基因干细胞诊疗,"你是一个严格按照要求答题的医学考试考生。请你先展示出完整的思考过程，然后再输出最终答案。每道题目有至少两个选项（A、B）至多五个选项（A、B、C、D、E），题目为不定项选择题，请按照以下格式作答：

【思考过程】：...

【最终答案】：AB / BCE / CD / DE / E / ...（只输出选项的编号，不要写选项内容）

示例：
题目：医疗伦理中四大基本原则是？
A.尊重自主权
B.善意行为
C.无害原则
D.公正原则
E.以上都不是
【思考过程】：本题考查医学伦理的四大基本原则，包括尊重自主权、不伤害原则、行善原则、公正原则。

【最终答案】：ABCD

题目：当调查严重不良事件的原因时，以下哪些因素是必须重点考察的？
A.干细胞制剂的制备和质量控制
B.干细胞提供者的筛查记录和测试结果
C.受试者的家族病史
D.任何违背操作规范的事件
E.研究设备的品牌和型号
【思考过程】：",ABD,DeepSeek-V3,"【思考过程】：本题考查严重不良事件调查的关键因素。  
1. **A选项**：干细胞制剂的制备和质量控制直接关系到产品的安全性和有效性，是调查的核心内容。  
2. **B选项**：供体筛查记录和测试结果可能影响干细胞的安全性（如传染病风险），需重点核查。  
3. **C选项**：受试者家族病史通常与严重不良事件的直接关联性较弱，除非事件明确与遗传因素相关，否则非必须重点考察。  
4. **D选项**：违背操作规范（如违反SOP或GCP）可能导致不良事件，是调查的必查项。  
5. **E选项**：研究设备的品牌和型号通常与严重不良事件无直接因果关系，除非设备故障是明确诱因。  

综上，必须重点考察的因素应聚焦于直接影响安全性的环节和操作合规性。  

【最终答案】：ABD",客观题,ABD
基因干细胞诊疗,"你是一个严格按照要求答题的医学考试考生。请你先展示出完整的思考过程，然后再输出最终答案。每道题目有至少两个选项（A、B）至多五个选项（A、B、C、D、E），题目为不定项选择题，请按照以下格式作答：

【思考过程】：...

【最终答案】：AB / BCE / CD / DE / E / ...（只输出选项的编号，不要写选项内容）

示例：
题目：医疗伦理中四大基本原则是？
A.尊重自主权
B.善意行为
C.无害原则
D.公正原则
E.以上都不是
【思考过程】：本题考查医学伦理的四大基本原则，包括尊重自主权、不伤害原则、行善原则、公正原则。

【最终答案】：ABCD

题目：以下表述是否正确：经伦理委员会批准的干细胞临床研究成果，经备案可直接应用于患者治疗。
A.正确
B.错误
【思考过程】：",B,DeepSeek-V3,"【思考过程】：本题考查干细胞临床研究的管理规定。根据我国《干细胞临床研究管理办法（试行）》，经伦理委员会批准的干细胞临床研究成果，需经过国家卫生健康委员会和国家药品监督管理局的备案和审查，才能应用于临床治疗。因此，仅经伦理委员会批准并不能直接应用于患者治疗。

【最终答案】：B",客观题,B
基因干细胞诊疗,"你是一个严格按照要求答题的医学考试考生。请你先展示出完整的思考过程，然后再输出最终答案。每道题目有至少两个选项（A、B）至多五个选项（A、B、C、D、E），题目为不定项选择题，请按照以下格式作答：

【思考过程】：...

【最终答案】：AB / BCE / CD / DE / E / ...（只输出选项的编号，不要写选项内容）

示例：
题目：医疗伦理中四大基本原则是？
A.尊重自主权
B.善意行为
C.无害原则
D.公正原则
E.以上都不是
【思考过程】：本题考查医学伦理的四大基本原则，包括尊重自主权、不伤害原则、行善原则、公正原则。

【最终答案】：ABCD

题目：以下哪项属于异体干细胞供者必须满足的条件？
A.需采集供者ABO血型信息
B.证明无HTLV病毒感染
C.家族史中未记录糖尿病史
D.既往史中患有新冠康复的供者可被采用
E.必须收集HLA-I类和II类分型资料
【思考过程】：",B,DeepSeek-V3,"【思考过程】：本题考查异体干细胞供者筛选的标准。异体干细胞移植需严格匹配供受者，核心条件包括：  
1. **ABO血型信息**（A）：虽非绝对禁忌，但需评估相容性以避免溶血反应。  
2. **HTLV病毒筛查**（B）：HTLV-1/2感染可导致移植后并发症（如白血病/脊髓病），必须排除。  
3. **HLA配型**（E）：HLA-I/II类分型是移植成功的关键，需高匹配度以减少GVHD风险。  
非核心条件：  
- **糖尿病家族史**（C）：除非供者自身有糖尿病，否则家族史不直接影响供者资格。  
- **新冠康复**（D）：痊愈后无活动性感染且符合其他条件者可被采用。  

综上，必须满足的条件为ABE。  

【最终答案】：ABE",客观题,ABE
基因干细胞诊疗,"你是一个严格按照要求答题的医学考试考生。请你先展示出完整的思考过程，然后再输出最终答案。每道题目有至少两个选项（A、B）至多五个选项（A、B、C、D、E），题目为不定项选择题，请按照以下格式作答：

【思考过程】：...

【最终答案】：AB / BCE / CD / DE / E / ...（只输出选项的编号，不要写选项内容）

示例：
题目：医疗伦理中四大基本原则是？
A.尊重自主权
B.善意行为
C.无害原则
D.公正原则
E.以上都不是
【思考过程】：本题考查医学伦理的四大基本原则，包括尊重自主权、不伤害原则、行善原则、公正原则。

【最终答案】：ABCD

题目：以下关于异体来源干细胞的检测要求中，错误的是？
A.需进行全面的内外源致病微生物检测
B.需开展细胞纯度分析
C.需检测特定细胞表面标志物群和分化潜能等特性
D.仅需进行基本的干细胞特性检测
E.应检测成活率及生长活性
【思考过程】：",D,DeepSeek-V3,"【思考过程】：本题考查异体来源干细胞的检测要求。根据相关标准，异体来源干细胞需要全面检测内外源致病微生物（A正确），进行细胞纯度分析（B正确），检测特定细胞表面标志物群和分化潜能等特性（C正确），以及检测成活率及生长活性（E正确）。选项D提到“仅需进行基本的干细胞特性检测”是错误的，因为异体来源干细胞的检测要求更为全面和严格，不能仅限于基本检测。

【最终答案】：D",客观题,D
基因干细胞诊疗,"你是一个严格按照要求答题的医学考试考生。请你先展示出完整的思考过程，然后再输出最终答案。每道题目有至少两个选项（A、B）至多五个选项（A、B、C、D、E），题目为不定项选择题，请按照以下格式作答：

【思考过程】：...

【最终答案】：AB / BCE / CD / DE / E / ...（只输出选项的编号，不要写选项内容）

示例：
题目：医疗伦理中四大基本原则是？
A.尊重自主权
B.善意行为
C.无害原则
D.公正原则
E.以上都不是
【思考过程】：本题考查医学伦理的四大基本原则，包括尊重自主权、不伤害原则、行善原则、公正原则。

【最终答案】：ABCD

题目：根据干细胞制剂临床前研究的要求，以下哪些内容是必须进行的？
A.设计与适应证相关的疾病动物模型
B.使用健康动物进行干细胞初步药理测试
C.建立干细胞有效标记技术
D.开展体外干细胞增殖活性实验
E.制定干细胞制剂安全性评价方案
【思考过程】：",ACE,DeepSeek-V3,"【思考过程】：本题考查干细胞制剂临床前研究的要求。根据相关指南和规范，干细胞制剂的临床前研究应包括以下内容：  
1. **设计与适应证相关的疾病动物模型**（A），这是评估干细胞治疗效果的必需步骤。  
2. **使用健康动物进行干细胞初步药理测试**（B），虽然这是初步研究的一部分，但并非所有情况下都强制要求。  
3. **建立干细胞有效标记技术**（C），用于追踪干细胞的体内分布和存活情况，是重要但不是绝对强制的内容。  
4. **开展体外干细胞增殖活性实验**（D），这是评估干细胞生物学特性的基本实验，通常是必需的。  
5. **制定干细胞制剂安全性评价方案**（E），这是临床前研究的核心内容之一，必须进行。  

综合分析，必须进行的内容包括A、D、E。  

【最终答案】：ADE",客观题,ADE
基因干细胞诊疗,"你是一个严格按照要求答题的医学考试考生。请你先展示出完整的思考过程，然后再输出最终答案。每道题目有至少两个选项（A、B）至多五个选项（A、B、C、D、E），题目为不定项选择题，请按照以下格式作答：

【思考过程】：...

【最终答案】：AB / BCE / CD / DE / E / ...（只输出选项的编号，不要写选项内容）

示例：
题目：医疗伦理中四大基本原则是？
A.尊重自主权
B.善意行为
C.无害原则
D.公正原则
E.以上都不是
【思考过程】：本题考查医学伦理的四大基本原则，包括尊重自主权、不伤害原则、行善原则、公正原则。

【最终答案】：ABCD

题目：以下哪些要素属于保持干细胞研究诚实正直的关键程序？
A.政府直接管理研究经费
B.独立的同行评审和监督
C.研究数据的可复制性
D.机构伦理委员会监督
E.研究各阶段明确的责任追究
【思考过程】：",BCDE,DeepSeek-V3,"【思考过程】：本题考查干细胞研究中保持诚实正直的关键程序。A选项“政府直接管理研究经费”并非关键程序，经费管理方式与研究的诚实正直无直接关联；B选项“独立的同行评审和监督”是确保研究质量和诚信的重要机制；C选项“研究数据的可复制性”是科学严谨性的核心要求；D选项“机构伦理委员会监督”是保障研究符合伦理规范的必要环节；E选项“研究各阶段明确的责任追究”有助于落实研究者的诚信责任。

【最终答案】：BCDE",客观题,BCDE
基因干细胞诊疗,"你是一个严格按照要求答题的医学考试考生。请你先展示出完整的思考过程，然后再输出最终答案。每道题目有至少两个选项（A、B）至多五个选项（A、B、C、D、E），题目为不定项选择题，请按照以下格式作答：

【思考过程】：...

【最终答案】：AB / BCE / CD / DE / E / ...（只输出选项的编号，不要写选项内容）

示例：
题目：医疗伦理中四大基本原则是？
A.尊重自主权
B.善意行为
C.无害原则
D.公正原则
E.以上都不是
【思考过程】：本题考查医学伦理的四大基本原则，包括尊重自主权、不伤害原则、行善原则、公正原则。

【最终答案】：ABCD

题目：以下哪些措施是正确应用基于干细胞的干预措施的要求？（多选）
A.产品被监管机构授权并证明安全和有效
B.包含长期病人跟踪和不良事件报告
C.质量安全标准等同于早期临床使用水平
D.由经认证的机构在正式监管框架下实施
E.在独立专家审查前允许小范围营销
【思考过程】：",ABCD,DeepSeek-V3,"【思考过程】：本题考查干细胞干预措施的正确应用要求。根据干细胞治疗的国际规范和伦理准则，正确应用必须满足以下条件：1）产品需经监管机构授权并证明安全有效（A正确）；2）需包含长期随访和不良事件报告机制（B正确）；3）质量安全标准必须达到临床应用级别而非早期实验水平（C错误）；4）实施机构需经认证且在正式监管框架下操作（D正确）；5）未经独立专家审查前不能进行任何形式的营销（E错误）。

【最终答案】：ABD",客观题,ABD
基因干细胞诊疗,"你是一个严格按照要求答题的医学考试考生。请你先展示出完整的思考过程，然后再输出最终答案。每道题目有至少两个选项（A、B）至多五个选项（A、B、C、D、E），题目为不定项选择题，请按照以下格式作答：

【思考过程】：...

【最终答案】：AB / BCE / CD / DE / E / ...（只输出选项的编号，不要写选项内容）

示例：
题目：医疗伦理中四大基本原则是？
A.尊重自主权
B.善意行为
C.无害原则
D.公正原则
E.以上都不是
【思考过程】：本题考查医学伦理的四大基本原则，包括尊重自主权、不伤害原则、行善原则、公正原则。

【最终答案】：ABCD

题目：某研究团队计划对一名患有神经退行性疾病的患者进行基因干细胞治疗临床试验，但该患者因病情无法理解治疗风险。此时研究者应如何获取知情同意？
A.由患者本人签署同意书，但不需要详细说明风险
B.由其直系亲属直接代替签署同意书
C.获得合法授权代表的代理同意
D.无需获得知情同意
E.仅需口头告知家属部分风险
【思考过程】：",C,DeepSeek-V3,"【思考过程】：本题考查临床试验中知情同意的伦理原则和特殊情况处理。根据医学伦理和法律规定，当患者因病情无法理解治疗风险（即缺乏决策能力）时，研究者应通过合法授权代表获取代理同意（C正确）。选项A违反知情同意的核心要素（充分理解风险）；B错误，因直系亲属需经合法授权程序才能代理；D完全违背伦理；E未满足知情同意的书面形式要求且信息不完整。

【最终答案】：C",客观题,C
基因干细胞诊疗,"你是一个严格按照要求答题的医学考试考生。请你先展示出完整的思考过程，然后再输出最终答案。每道题目有至少两个选项（A、B）至多五个选项（A、B、C、D、E），题目为不定项选择题，请按照以下格式作答：

【思考过程】：...

【最终答案】：AB / BCE / CD / DE / E / ...（只输出选项的编号，不要写选项内容）

示例：
题目：医疗伦理中四大基本原则是？
A.尊重自主权
B.善意行为
C.无害原则
D.公正原则
E.以上都不是
【思考过程】：本题考查医学伦理的四大基本原则，包括尊重自主权、不伤害原则、行善原则、公正原则。

【最终答案】：ABCD

题目：研究人员在基因干细胞诊疗中应履行哪些义务？
A. 仅在有阳性结果时向公众公布数据  
B. 及时与患者群体沟通并回应其合理信息需求  
C. 向公共团体掩盖潜在应用的不确定性  
D. 通过选择性分享部分成果来保护研究机密性  
E. 定期发布研究进展，包含正面和负面结果
【思考过程】：",BE,DeepSeek-V3,"【思考过程】：本题考查研究人员在基因干细胞诊疗中的伦理义务。根据医学研究伦理和透明度原则：
1. 选项A仅公布阳性结果违背了研究的全面性和客观性，排除；
2. 选项B符合患者知情权和沟通伦理要求；
3. 选项C掩盖不确定性违反科研诚信原则，排除；
4. 选项D选择性分享成果不符合数据共享的科研伦理，排除；
5. 选项E全面公开进展（包括负面结果）符合科研透明性原则。

【最终答案】：BE",客观题,BE
基因干细胞诊疗,"你是一个严格按照要求答题的医学考试考生。请你先展示出完整的思考过程，然后再输出最终答案。每道题目有至少两个选项（A、B）至多五个选项（A、B、C、D、E），题目为不定项选择题，请按照以下格式作答：

【思考过程】：...

【最终答案】：AB / BCE / CD / DE / E / ...（只输出选项的编号，不要写选项内容）

示例：
题目：医疗伦理中四大基本原则是？
A.尊重自主权
B.善意行为
C.无害原则
D.公正原则
E.以上都不是
【思考过程】：本题考查医学伦理的四大基本原则，包括尊重自主权、不伤害原则、行善原则、公正原则。

【最终答案】：ABCD

题目：社会公正方面的医学伦理要求包括以下哪些内容？
A.临床试验应依据性别认同实施差异收费  
B.需招募包含不同种族和年龄的研究对象  
C.将调试人群的诊疗费用转嫁给保险公司  
D.建立基因治疗培训基地进行医学能力建设  
E.让社会经济优势群体承担新技术研发成本
【思考过程】：",BCD,DeepSeek-V3,"【思考过程】：本题考查社会公正方面的医学伦理要求。社会公正要求医疗资源分配和研究参与应公平、无歧视。  
- A项：差异收费与性别认同挂钩违背公平原则，错误；  
- B项：确保研究对象多样性符合公正性要求，正确；  
- C项：转嫁诊疗费用违反责任分担公正性，错误；  
- D项：能力建设促进医疗资源公平分配，正确；  
- E项：强制优势群体承担研发成本缺乏伦理依据，错误。  

【最终答案】：BD",客观题,BD
基因干细胞诊疗,"你是一个严格按照要求答题的医学考试考生。请你先展示出完整的思考过程，然后再输出最终答案。每道题目有至少两个选项（A、B）至多五个选项（A、B、C、D、E），题目为不定项选择题，请按照以下格式作答：

【思考过程】：...

【最终答案】：AB / BCE / CD / DE / E / ...（只输出选项的编号，不要写选项内容）

示例：
题目：医疗伦理中四大基本原则是？
A.尊重自主权
B.善意行为
C.无害原则
D.公正原则
E.以上都不是
【思考过程】：本题考查医学伦理的四大基本原则，包括尊重自主权、不伤害原则、行善原则、公正原则。

【最终答案】：ABCD

题目：当未能说服受试者将遗传信息告知相关家人时，研究人员披露该信息需要同时满足以下哪些条件？
A.潜在的伤害是一般性的
B.不告知对家庭成员的伤害概率高，告知后可能有效避免伤害
C.需要获得伦理审查委员会的前置批准
D.应当仅告知避免伤害所必需的信息
E.该遗传信息的披露可获得研究团队的经济利益
【思考过程】：",BD,DeepSeek-V3,"【思考过程】：本题考查在未能说服受试者将遗传信息告知相关家人时，研究人员披露该信息的伦理条件。根据医学伦理原则和相关法规，披露遗传信息需满足以下条件：1. 潜在伤害需具有严重性且不告知可能导致高概率伤害（B正确）；2. 披露行为需通过伦理审查委员会批准（C正确）；3. 披露范围应严格限制在避免伤害所必需的信息（D正确）。A选项错误，因伤害需具有“严重性”而非“一般性”；E选项明显违反伦理原则（经济利益驱动不可作为披露理由）。

【最终答案】：BCD",客观题,BCD
基因干细胞诊疗,"你是一个严格按照要求答题的医学考试考生。请你先展示出完整的思考过程，然后再输出最终答案。每道题目有至少两个选项（A、B）至多五个选项（A、B、C、D、E），题目为不定项选择题，请按照以下格式作答：

【思考过程】：...

【最终答案】：AB / BCE / CD / DE / E / ...（只输出选项的编号，不要写选项内容）

示例：
题目：医疗伦理中四大基本原则是？
A.尊重自主权
B.善意行为
C.无害原则
D.公正原则
E.以上都不是
【思考过程】：本题考查医学伦理的四大基本原则，包括尊重自主权、不伤害原则、行善原则、公正原则。

【最终答案】：ABCD

题目：以下哪种情况下研究人员可以共享受试者的遗传数据？
A.遗传数据已加密但保留姓名等标识
B.经伦理审查委员会批准但未去标识化
C.数据已去标识化且符合研究目的
D.受试者未明确反对数据共享
【思考过程】：",C,DeepSeek-V3,"【思考过程】：本题考查医学研究中遗传数据共享的伦理要求。根据国际医学伦理准则和《赫尔辛基宣言》，共享遗传数据需满足以下条件：1.必须确保受试者隐私，数据需去标识化或匿名化（排除A、B）；2.需符合研究目的且数据使用范围明确（C符合）；3.受试者的知情同意是核心要求，未明确反对不等于同意（D错误）。B选项未去标识化违反隐私保护原则。

【最终答案】：C",客观题,C
基因干细胞诊疗,"你是一个严格按照要求答题的医学考试考生。请你先展示出完整的思考过程，然后再输出最终答案。每道题目有至少两个选项（A、B）至多五个选项（A、B、C、D、E），题目为不定项选择题，请按照以下格式作答：

【思考过程】：...

【最终答案】：AB / BCE / CD / DE / E / ...（只输出选项的编号，不要写选项内容）

示例：
题目：医疗伦理中四大基本原则是？
A.尊重自主权
B.善意行为
C.无害原则
D.公正原则
E.以上都不是
【思考过程】：本题考查医学伦理的四大基本原则，包括尊重自主权、不伤害原则、行善原则、公正原则。

【最终答案】：ABCD

题目：在基因干细胞诊疗研究中，哪些情况下研究人员可以披露受试者拒绝共享的遗传信息给其亲属？
A.潜在伤害非常严重且告知可有效避免伤害，B.仅在需要告知全部基因序列时，C.当家庭成员患病概率较高且存在临床干预方法，D.仅传递避免伤害所必需的信息，E.获得伦理委员会口头许可后直接披露
【思考过程】：",ACD,DeepSeek-V3,"【思考过程】：本题考查基因干细胞诊疗研究中的伦理原则，特别是遗传信息披露的例外情况。根据医学伦理和遗传信息管理规范，在以下条件下可考虑披露受试者拒绝共享的遗传信息：1.潜在伤害必须非常严重（如威胁生命），且披露能有效避免伤害（对应A）；2.需满足""必要性""和""最小限度""原则（仅传递必要信息，对应D）；3.具有明确临床干预意义的家族遗传病（对应C）。B选项错误因披露范围应仅限必要信息，非全部序列；E选项错误因需书面正式审批，非口头许可。

【最终答案】：ACD",客观题,ACD
基因干细胞诊疗,"你是一个严格按照要求答题的医学考试考生。请你先展示出完整的思考过程，然后再输出最终答案。每道题目有至少两个选项（A、B）至多五个选项（A、B、C、D、E），题目为不定项选择题，请按照以下格式作答：

【思考过程】：...

【最终答案】：AB / BCE / CD / DE / E / ...（只输出选项的编号，不要写选项内容）

示例：
题目：医疗伦理中四大基本原则是？
A.尊重自主权
B.善意行为
C.无害原则
D.公正原则
E.以上都不是
【思考过程】：本题考查医学伦理的四大基本原则，包括尊重自主权、不伤害原则、行善原则、公正原则。

【最终答案】：ABCD

题目：根据遗传学研究的隐私保护条款，当研究人员在未能说服受试者将其遗传信息告知相关家人时，可以披露该信息必须符合以下哪些条件？
A.潜在伤害轻微但告知后可降低家庭矛盾
B.伤害发生的概率高且告知能有效避免
C.研究人员认为这样做有利于科学数据积累
D.仅告知避免伤害所必需的信息
E.需经当地卫生行政部门事先批准
【思考过程】：",BD,DeepSeek-V3,"【思考过程】：本题考查遗传学研究中的隐私保护条款，特别是当受试者不愿将遗传信息告知家人时，研究人员可以披露信息的条件。根据医学伦理和隐私保护原则，披露信息必须符合以下标准：1. 伤害发生的概率高且告知能有效避免（B）；2. 仅告知避免伤害所必需的信息（D）；3. 需经当地卫生行政部门事先批准（E）。选项A中“潜在伤害轻微”不符合披露条件，因为披露通常要求伤害严重；选项C中“有利于科学数据积累”不构成披露的合理依据，不符合伦理原则。

【最终答案】：BDE",客观题,BDE
基因干细胞诊疗,"你是一个严格按照要求答题的医学考试考生。请你先展示出完整的思考过程，然后再输出最终答案。每道题目有至少两个选项（A、B）至多五个选项（A、B、C、D、E），题目为不定项选择题，请按照以下格式作答：

【思考过程】：...

【最终答案】：AB / BCE / CD / DE / E / ...（只输出选项的编号，不要写选项内容）

示例：
题目：医疗伦理中四大基本原则是？
A.尊重自主权
B.善意行为
C.无害原则
D.公正原则
E.以上都不是
【思考过程】：本题考查医学伦理的四大基本原则，包括尊重自主权、不伤害原则、行善原则、公正原则。

【最终答案】：ABCD

题目：当研究人员未能说服受试者将遗传信息告知相关家人时，以下哪种情况不符合信息披露条件？
A.潜在的伤害是严重的
B.如不告知，对家庭成员伤害的概率高
C.仅告知避免伤害所必需的信息
D.必须获得伦理审查委员会批准
【思考过程】：",D,DeepSeek-V3,"【思考过程】：本题考查在遗传信息告知家人时的信息披露条件。根据医学伦理和遗传信息管理的相关原则，信息披露需满足以下条件：1.潜在的伤害必须是严重的（A）；2.如不告知，对家庭成员伤害的概率高（B）；3.仅告知避免伤害所必需的信息（C）；4.必须获得伦理审查委员会批准（D）。题目问的是""不符合信息披露条件""的情况，但以上选项均符合条件，因此可能需要重新审视题目或选项是否有遗漏。

【最终答案】：E（假设题目隐含""以上都不是""的选项，否则无法选择）",客观题,E
基因干细胞诊疗,"你是一个严格按照要求答题的医学考试考生。请你先展示出完整的思考过程，然后再输出最终答案。每道题目有至少两个选项（A、B）至多五个选项（A、B、C、D、E），题目为不定项选择题，请按照以下格式作答：

【思考过程】：...

【最终答案】：AB / BCE / CD / DE / E / ...（只输出选项的编号，不要写选项内容）

示例：
题目：医疗伦理中四大基本原则是？
A.尊重自主权
B.善意行为
C.无害原则
D.公正原则
E.以上都不是
【思考过程】：本题考查医学伦理的四大基本原则，包括尊重自主权、不伤害原则、行善原则、公正原则。

【最终答案】：ABCD

题目：在基因干细胞诊疗研究中，以下哪些情况下研究人员可以未经受试者授权向其亲属披露遗传信息？
A. 受试者患有可治愈的普通感冒，但拒绝告知家人
B. 潜在伤害较轻，但家庭成员有60%概率患病且告知能避免伤害时
C. 家庭成员的伤害概率高且严重，告知仅传递必要信息避免伤害
D. 意外发现受试者是严重遗传病先证者，家系风险高且有干预方法，但受试者拒绝告知
【思考过程】：",C,DeepSeek-V3,"【思考过程】：本题考查基因干细胞诊疗研究中遗传信息披露的伦理原则。根据医学伦理和遗传信息保护的相关规定，未经受试者授权向亲属披露遗传信息需满足以下条件：
1. 必须是为了避免对亲属的严重伤害（如可预防/治疗的遗传病）；
2. 潜在伤害需具有高概率和严重性；
3. 披露范围仅限于必要信息；
4. 普通疾病（如感冒）不符合披露条件（排除A）；
5. B选项60%概率属于中等风险且伤害较轻，不符合""高概率+严重性""标准；
6. C选项符合""高概率+严重伤害+最小必要信息""原则；
7. D选项符合""严重遗传病+家系高风险+有干预措施""的例外情形。

【最终答案】：CD",客观题,CD
基因干细胞诊疗,"你是一个严格按照要求答题的医学考试考生。请你先展示出完整的思考过程，然后再输出最终答案。每道题目有至少两个选项（A、B）至多五个选项（A、B、C、D、E），题目为不定项选择题，请按照以下格式作答：

【思考过程】：...

【最终答案】：AB / BCE / CD / DE / E / ...（只输出选项的编号，不要写选项内容）

示例：
题目：医疗伦理中四大基本原则是？
A.尊重自主权
B.善意行为
C.无害原则
D.公正原则
E.以上都不是
【思考过程】：本题考查医学伦理的四大基本原则，包括尊重自主权、不伤害原则、行善原则、公正原则。

【最终答案】：ABCD

题目：以下关于遗传学数据的处理，哪两项需要再次获得受试者同意？  
A.使用去标识化数据与新研究机构共享，B.将剩余遗传标本用于最初知情同意告知的研究目的，C.利用剩余标本进行超出知情同意范围的其他研究，D.将遗传学检查结果匿名化后发表至学术期刊，E.向受试者亲属披露意外发现的高风险遗传病结果
A. 需要再次知情同意
B. 不需要再次同意（因属于原同意范围）
C. 需要再次同意
D. 不需要再次同意（因已匿名）
E. 需要再次同意并经伦理批准
【思考过程】：",CE,DeepSeek-V3,"【思考过程】：  
1. **选项A**：使用去标识化数据与新研究机构共享  
   - 去标识化数据仍属于受试者隐私范畴，若原知情同意未明确允许共享，需再次获得同意。  

2. **选项B**：将剩余遗传标本用于最初知情同意告知的研究目的  
   - 属于原同意范围，无需再次同意。  

3. **选项C**：利用剩余标本进行超出知情同意范围的其他研究  
   - 超出原同意范围，必须重新获得知情同意。  

4. **选项D**：将遗传学检查结果匿名化后发表至学术期刊  
   - 匿名化后无法关联到个体，通常无需再次同意（除非原同意明确禁止）。  

5. **选项E**：向受试者亲属披露意外发现的高风险遗传病结果  
   - 涉及第三方信息共享，需再次知情同意及伦理审查（尤其涉及家庭成员的遗传风险）。  

需再次同意的情形：超出原同意范围（C）、数据共享未明确授权（A）、涉及亲属披露（E）。但题目要求选择“两项”，优先选最典型的“超出范围”和“亲属披露”。  

【最终答案】：CE",客观题,CE
基因干细胞诊疗,"你是一个严格按照要求答题的医学考试考生。请你先展示出完整的思考过程，然后再输出最终答案。每道题目有至少两个选项（A、B）至多五个选项（A、B、C、D、E），题目为不定项选择题，请按照以下格式作答：

【思考过程】：...

【最终答案】：AB / BCE / CD / DE / E / ...（只输出选项的编号，不要写选项内容）

示例：
题目：医疗伦理中四大基本原则是？
A.尊重自主权
B.善意行为
C.无害原则
D.公正原则
E.以上都不是
【思考过程】：本题考查医学伦理的四大基本原则，包括尊重自主权、不伤害原则、行善原则、公正原则。

【最终答案】：ABCD

题目：在基因诊疗相关研究过程中，若无法说服受试者告知家人遗传风险信息，研究者可以披露该信息的条件包括以下哪些？
A.潜在伤害仅为轻微不适
B.不告知对家庭成伤害的可能性高
C.仅提供避免伤害所必需的信息
D.披露全部原始基因序列数据
E.伤害概率低但存在干预措施
【思考过程】：",BC,DeepSeek-V3,"【思考过程】：本题考查基因诊疗研究中信息披露的伦理条件。根据医学伦理和遗传学研究规范，研究者仅在以下严格条件下可突破保密原则：1. 不告知会导致家庭成员遭受严重伤害（B符合）；2. 披露范围应严格限定在预防伤害所需的最小信息量（C符合，而D""全部数据""违反最小化原则）；3. 轻微不适（A）和低概率可干预伤害（E）均不构成披露理由。

【最终答案】：BC",客观题,BC
基因干细胞诊疗,"你是一个严格按照要求答题的医学考试考生。请你先展示出完整的思考过程，然后再输出最终答案。每道题目有至少两个选项（A、B）至多五个选项（A、B、C、D、E），题目为不定项选择题，请按照以下格式作答：

【思考过程】：...

【最终答案】：AB / BCE / CD / DE / E / ...（只输出选项的编号，不要写选项内容）

示例：
题目：医疗伦理中四大基本原则是？
A.尊重自主权
B.善意行为
C.无害原则
D.公正原则
E.以上都不是
【思考过程】：本题考查医学伦理的四大基本原则，包括尊重自主权、不伤害原则、行善原则、公正原则。

【最终答案】：ABCD

题目：根据隐私保护相关规定，当未能说服受试者向亲属披露遗传信息时，研究人员可以披露该信息的必要条件包括以下哪些？
A.潜在的伤害是严重的
B.如不告知对家庭成员的伤害概率高且告知可有效避免
C.仅告知避免伤害必需的信息
D.需获得伦理审查委员会批准
E.受试者签署了书面豁免协议
【思考过程】：",ABC,DeepSeek-V3,"【思考过程】：本题考查研究伦理中遗传信息隐私保护的例外情况。根据国际伦理准则和多数国家规定，研究人员在特定条件下可突破保密原则披露遗传信息，但需满足以下核心条件：1. 潜在伤害必须严重（A正确）；2. 伤害发生概率高且披露可有效预防（B正确）；3. 仅披露必要最小信息（C正确）；4. 需通过伦理委员会审查批准（D正确）。书面豁免协议（E）非必要条件，是干扰项。

【最终答案】：ABCD",客观题,ABCD
基因干细胞诊疗,"你是一个严格按照要求答题的医学考试考生。请你先展示出完整的思考过程，然后再输出最终答案。每道题目有至少两个选项（A、B）至多五个选项（A、B、C、D、E），题目为不定项选择题，请按照以下格式作答：

【思考过程】：...

【最终答案】：AB / BCE / CD / DE / E / ...（只输出选项的编号，不要写选项内容）

示例：
题目：医疗伦理中四大基本原则是？
A.尊重自主权
B.善意行为
C.无害原则
D.公正原则
E.以上都不是
【思考过程】：本题考查医学伦理的四大基本原则，包括尊重自主权、不伤害原则、行善原则、公正原则。

【最终答案】：ABCD

题目：当研究者未能说服受试者向亲属披露遗传信息时，下列哪个条件不是允许研究人员自行披露的必要条件？
A.潜在伤害的性质是严重的
B.伤害发生概率在未告知时将超过60%
C.仅告知避免伤害所必需的字段信息
D.已获得受试者明确书面同意
E.告知行为可有效避免伤害发生
【思考过程】：",D,DeepSeek-V3,"【思考过程】：本题考查研究者自行披露遗传信息的伦理条件。根据医学伦理和遗传信息披露的相关原则，研究人员在特定条件下可以未经受试者同意披露信息，但这些条件通常包括：潜在伤害的严重性（A）、伤害发生的高概率（B）、信息披露的最小必要性（C）、以及告知行为的有效性（E）。而选项D（已获得受试者明确书面同意）与题目描述的“未能说服受试者”情境直接矛盾，因此D不是必要条件。

【最终答案】：D",客观题,D
基因干细胞诊疗,"你是一个严格按照要求答题的医学考试考生。请你先展示出完整的思考过程，然后再输出最终答案。每道题目有至少两个选项（A、B）至多五个选项（A、B、C、D、E），题目为不定项选择题，请按照以下格式作答：

【思考过程】：...

【最终答案】：AB / BCE / CD / DE / E / ...（只输出选项的编号，不要写选项内容）

示例：
题目：医疗伦理中四大基本原则是？
A.尊重自主权
B.善意行为
C.无害原则
D.公正原则
E.以上都不是
【思考过程】：本题考查医学伦理的四大基本原则，包括尊重自主权、不伤害原则、行善原则、公正原则。

【最终答案】：ABCD

题目：下列哪一项不属于研究人员在未获受试者同意时披露遗传信息给亲属的前提条件？
A.潜在伤害具有严重性
B.不告知时家庭成员受伤害概率极高
C.仅提供避免伤害所必需的信息
D.必须获得伦理委员会投票批准
E.告知后可能有效避免伤害
【思考过程】：",D,DeepSeek-V3,"【思考过程】：本题考查研究人员在未获受试者同意时披露遗传信息给亲属的前提条件。根据医学伦理和遗传信息管理的原则，通常允许在以下条件下披露：1.潜在伤害具有严重性（A）；2.不告知时家庭成员受伤害概率极高（B）；3.仅提供避免伤害所必需的信息（C）；4.告知后可能有效避免伤害（E）。而伦理委员会的批准（D）虽然重要，但并非披露遗传信息的直接前提条件，而是程序性要求，因此不属于前提条件。

【最终答案】：D",客观题,D
基因干细胞诊疗,"你是一个严格按照要求答题的医学考试考生。请你先展示出完整的思考过程，然后再输出最终答案。每道题目有至少两个选项（A、B）至多五个选项（A、B、C、D、E），题目为不定项选择题，请按照以下格式作答：

【思考过程】：...

【最终答案】：AB / BCE / CD / DE / E / ...（只输出选项的编号，不要写选项内容）

示例：
题目：医疗伦理中四大基本原则是？
A.尊重自主权
B.善意行为
C.无害原则
D.公正原则
E.以上都不是
【思考过程】：本题考查医学伦理的四大基本原则，包括尊重自主权、不伤害原则、行善原则、公正原则。

【最终答案】：ABCD

题目：在遗传学研究中，当研究者意外发现受试者携带严重遗传病且家系发病风险较高时，以下哪些措施符合伦理要求？
A.立即将全部基因序列数据公开发布以寻求全球帮助
B.建议受试者向相关亲属披露信息并接受诊治
C.未经受试者同意即可直接告知其家庭成员所有遗传信息
D.只要潜在伤害严重，无需满足其他条件即可主动披露
E.仅告知亲属避免伤害所必需的信息且确保符合伤害严重性、高概率性、信息最小化三项条件
【思考过程】：",BE,DeepSeek-V3,"【思考过程】：本题考查遗传学研究中的伦理原则，特别是关于意外发现严重遗传病时的处理方式。根据医学伦理的四大基本原则（尊重自主权、不伤害原则、行善原则、公正原则）和相关遗传学伦理指南，分析如下：

A. 立即公开发布全部基因序列数据违反隐私保护原则，且未考虑受试者自主权，不符合伦理要求。

B. 建议受试者向亲属披露信息并接受诊治符合行善原则（促进亲属健康）和尊重自主权（由受试者决定是否披露），是正确做法。

C. 未经同意直接告知家庭成员违反保密原则和自主权，除非极端特殊情况（如可预防的致命疾病且受试者拒绝告知），否则不符合伦理。

D. ""无条件主动披露""过于绝对，未考虑信息最小化和必要性原则，可能造成过度干预。

E. 符合""限制性披露""的伦理标准：需同时满足严重伤害、高概率发生、仅提供必要信息三个条件，且通常需通过受试者本人告知。

【最终答案】：BE",客观题,BE
基因干细胞诊疗,"你是一个严格按照要求答题的医学考试考生。请你先展示出完整的思考过程，然后再输出最终答案。每道题目有至少两个选项（A、B）至多五个选项（A、B、C、D、E），题目为不定项选择题，请按照以下格式作答：

【思考过程】：...

【最终答案】：AB / BCE / CD / DE / E / ...（只输出选项的编号，不要写选项内容）

示例：
题目：医疗伦理中四大基本原则是？
A.尊重自主权
B.善意行为
C.无害原则
D.公正原则
E.以上都不是
【思考过程】：本题考查医学伦理的四大基本原则，包括尊重自主权、不伤害原则、行善原则、公正原则。

【最终答案】：ABCD

题目：以下哪种做法有违医学伦理？
A.仅对受试者家属公示临床研究数据
B.未经严格独立审查就将干细胞疗法投入市场
C.使用未经实验性干预测试的细胞疗法
D.由赞助方承担临床研究责任评估
【思考过程】：",B,DeepSeek-V3,"【思考过程】：本题考查医学伦理的基本原则，包括尊重自主权、不伤害原则、行善原则和公正原则。我们需要逐一分析每个选项是否违反这些原则。

A. 仅对受试者家属公示临床研究数据：这违背了尊重自主权原则，因为受试者本人有权知情和决定是否参与研究。

B. 未经严格独立审查就将干细胞疗法投入市场：这违背了不伤害原则和行善原则，因为未经审查的疗法可能对患者造成伤害，且缺乏科学依据。

C. 使用未经实验性干预测试的细胞疗法：这同样违背了不伤害原则和行善原则，因为未经测试的疗法安全性和有效性未知。

D. 由赞助方承担临床研究责任评估：这可能导致利益冲突，违背公正原则，因为赞助方可能有倾向性。

【最终答案】：ABCD",客观题,ABCD
基因干细胞诊疗,"你是一个严格按照要求答题的医学考试考生。请你先展示出完整的思考过程，然后再输出最终答案。每道题目有至少两个选项（A、B）至多五个选项（A、B、C、D、E），题目为不定项选择题，请按照以下格式作答：

【思考过程】：...

【最终答案】：AB / BCE / CD / DE / E / ...（只输出选项的编号，不要写选项内容）

示例：
题目：医疗伦理中四大基本原则是？
A.尊重自主权
B.善意行为
C.无害原则
D.公正原则
E.以上都不是
【思考过程】：本题考查医学伦理的四大基本原则，包括尊重自主权、不伤害原则、行善原则、公正原则。

【最终答案】：ABCD

题目：在法定监护人代理同意的基因干细胞临床研究中，若风险与受益比发生重大改变，研究人员应采取的措施是？
A.继续研究无需重新获取同意
B.暂停研究直到风险降至最低
C.必须重新获得法定监护人知情同意
D.只需通知法定监护人变更内容
【思考过程】：",C,DeepSeek-V3,"【思考过程】：本题考查临床研究中知情同意的伦理规范。根据《涉及人的生物医学研究伦理审查办法》和《赫尔辛基宣言》核心原则：  
1. **风险受益比重大改变**意味着原始知情同意基础已发生变化（选项A错误，不能继续未经重新同意）。  
2. **暂停研究以评估风险**是必要步骤（选项B正确，符合""风险最小化""原则）。  
3. **重新获取知情同意**是强制要求（选项C正确，法定监护人需基于新信息重新决策）。  
4. ""仅通知""不足以保证自主权（选项D错误，必须获得明确同意而非单方面告知）。  

【最终答案】：BC",客观题,BC
基因干细胞诊疗,"你是一个严格按照要求答题的医学考试考生。请你先展示出完整的思考过程，然后再输出最终答案。每道题目有至少两个选项（A、B）至多五个选项（A、B、C、D、E），题目为不定项选择题，请按照以下格式作答：

【思考过程】：...

【最终答案】：AB / BCE / CD / DE / E / ...（只输出选项的编号，不要写选项内容）

示例：
题目：医疗伦理中四大基本原则是？
A.尊重自主权
B.善意行为
C.无害原则
D.公正原则
E.以上都不是
【思考过程】：本题考查医学伦理的四大基本原则，包括尊重自主权、不伤害原则、行善原则、公正原则。

【最终答案】：ABCD

题目：根据干细胞临床研究的相关法规，下列哪类人群不允许作为受试者被招募？
A.孕妇
B.哺乳期妇女
C.18岁以下的未成年人
D.患有严重基础疾病的患者
E.健康状况良好的老年人
【思考过程】：",A,DeepSeek-V3,"【思考过程】：本题考查对干细胞临床研究受试者招募限制的理解。根据我国《干细胞临床研究管理办法（试行）》及相关伦理规范：  
1. 孕妇（A）和哺乳期妇女（B）因涉及母婴安全及伦理问题，明确禁止作为受试者；  
2. 未成年人（C）因缺乏完全民事行为能力且涉及特殊保护，原则上不允许参与（除非研究针对未成年人疾病且经过严格审批）；  
3. 严重基础疾病患者（D）可能因研究风险增加而被排除；  
4. 健康状况良好的老年人（E）若无其他排除条件，可以作为受试者。  

需注意：法规对未成年人参与有极严格限制（通常禁止），而严重疾病患者是否排除需结合具体研究方案评估，但题目中“严重基础疾病”属于高风险人群，一般不允许。  

【最终答案】：ABCD",客观题,ABCD
基因干细胞诊疗,"你是一个严格按照要求答题的医学考试考生。请你先展示出完整的思考过程，然后再输出最终答案。每道题目有至少两个选项（A、B）至多五个选项（A、B、C、D、E），题目为不定项选择题，请按照以下格式作答：

【思考过程】：...

【最终答案】：AB / BCE / CD / DE / E / ...（只输出选项的编号，不要写选项内容）

示例：
题目：医疗伦理中四大基本原则是？
A.尊重自主权
B.善意行为
C.无害原则
D.公正原则
E.以上都不是
【思考过程】：本题考查医学伦理的四大基本原则，包括尊重自主权、不伤害原则、行善原则、公正原则。

【最终答案】：ABCD

题目：以下哪些是临床研究中使用胚胎来源干细胞时必须严格审查的方面？
A.来源的合法合规性
B.治疗的有效性
C.使用的合规性
D.患者的年龄是否适应该诊疗
E.是否通过伦理委员会审批
【思考过程】：",AC,DeepSeek-V3,"【思考过程】：本题考查胚胎来源干细胞在临床研究中的应用伦理审查要点。根据国际医学伦理规范和我国相关规定，使用胚胎来源干细胞必须严格审查以下方面：  
1. **来源的合法合规性（A）**：确保胚胎干细胞的获取符合法律和伦理要求（如自愿捐赠、知情同意等）。  
2. **使用的合规性（C）**：研究或治疗用途需符合国家政策和伦理准则。  
3. **伦理委员会审批（E）**：必须通过伦理委员会的独立审查和批准。  
治疗的有效性（B）和患者年龄适配性（D）虽为临床考虑因素，但不属于胚胎干细胞使用的**核心伦理审查内容**。  

【最终答案】：ACE",客观题,ACE
基因干细胞诊疗,"你是一个严格按照要求答题的医学考试考生。请你先展示出完整的思考过程，然后再输出最终答案。每道题目有至少两个选项（A、B）至多五个选项（A、B、C、D、E），题目为不定项选择题，请按照以下格式作答：

【思考过程】：...

【最终答案】：AB / BCE / CD / DE / E / ...（只输出选项的编号，不要写选项内容）

示例：
题目：医疗伦理中四大基本原则是？
A.尊重自主权
B.善意行为
C.无害原则
D.公正原则
E.以上都不是
【思考过程】：本题考查医学伦理的四大基本原则，包括尊重自主权、不伤害原则、行善原则、公正原则。

【最终答案】：ABCD

题目：以下哪项不属于使用超出常规研究的干细胞干预必须满足的条件？
A.基于大量案例支持的治疗方案
B.受独立专家团队的审查监督
C.以患者的最佳利益为出发点
D.治疗方案具有可重复验证的证据支持
E.提前进行系统评估后再大规模应用
【思考过程】：",A,DeepSeek-V3,"【思考过程】：本题考查对超出常规研究的干细胞干预必须满足的条件的理解。根据医学伦理和临床研究规范，超出常规研究的干细胞干预必须满足以下条件：(1)受独立专家团队的审查监督（B）；(2)以患者的最佳利益为出发点（C）；(3)治疗方案具有可重复验证的证据支持（D）；(4)提前进行系统评估后再大规模应用（E）。而基于大量案例支持的治疗方案（A）并非必须条件，因为超出常规研究的干细胞干预往往是探索性的，可能缺乏大量案例支持。

【最终答案】：A",客观题,A
数字医疗,"你是一个严格按照要求答题的医学考试考生。请你先展示出完整的思考过程，然后再输出最终答案。每道题目有至少两个选项（A、B）至多五个选项（A、B、C、D、E），题目为不定项选择题，请按照以下格式作答：

【思考过程】：...

【最终答案】：AB / BCE / CD / DE / E / ...（只输出选项的编号，不要写选项内容）

示例：
题目：医疗伦理中四大基本原则是？
A.尊重自主权
B.善意行为
C.无害原则
D.公正原则
E.以上都不是
【思考过程】：本题考查医学伦理的四大基本原则，包括尊重自主权、不伤害原则、行善原则、公正原则。

【最终答案】：ABCD

题目：在数字医疗场景中，根据相关法律法规，下列哪种情形不属于组织或个人承担法定救助义务的情形？
A.患者因远程诊断系统故障导致健康数据中断，突发呼吸困难
B.网络药房错误推送过量用药方案导致用户肝肾功能受损
C.未与患者建立医疗关系的路人在公共场所突发心搏骤停
D.AI医疗设备操作员发现用户上传的数据显示其有急性脑卒中风险
【思考过程】：",C,DeepSeek-V3,"【思考过程】：
本题考查法定救助义务的界定。法定救助义务通常基于特定法律关系（如医患关系、产品责任等）或职务要求。分析选项：
A. 远程诊断系统故障涉及医疗服务提供方的责任，因已建立医疗关系，需承担救助义务。
B. 网络药房错误推送方案属于产品/服务缺陷导致的损害，需承担法定责任。
C. 未建立医疗关系的路人无特殊法律关系，公共场所的普通公民无强制救助义务（除非有先行行为义务或特殊身份）。
D. AI操作员基于其职务要求，对用户数据中的风险有注意义务，需采取救助措施。

【最终答案】：C",客观题,C
数字医疗,"你是一个严格按照要求答题的医学考试考生。请你先展示出完整的思考过程，然后再输出最终答案。每道题目有至少两个选项（A、B）至多五个选项（A、B、C、D、E），题目为不定项选择题，请按照以下格式作答：

【思考过程】：...

【最终答案】：AB / BCE / CD / DE / E / ...（只输出选项的编号，不要写选项内容）

示例：
题目：医疗伦理中四大基本原则是？
A.尊重自主权
B.善意行为
C.无害原则
D.公正原则
E.以上都不是
【思考过程】：本题考查医学伦理的四大基本原则，包括尊重自主权、不伤害原则、行善原则、公正原则。

【最终答案】：ABCD

题目：某自然人生前未反对器官捐献，其去世后，配偶与父母达成一致但无法联系成年子女。以下哪种处理方式符合相关规定？
A.配偶、父母、成年子女共同书面同意捐献
B.配偶和父母书面同意捐献不需联系成年子女
C.配偶、父母、成年子女口头同意捐献
D.医院直接按家属意愿处理无需书面材料
E.医生暗示捐献可获取经济补偿以促成决定
【思考过程】：",A,DeepSeek-V3,"【思考过程】：本题考查器官捐献相关法规和伦理原则。根据中国《人体器官移植条例》及相关规定：1. 公民生前未表示反对捐献且无行为能力时，近亲属可共同决定捐献，但需书面同意；2. 近亲属包括配偶、成年子女、父母，原则上应共同确认；3. 若无法联系部分近亲属（如成年子女），法规未明确允许其他近亲属单独决定，需谨慎处理；4. 口头同意和暗示经济补偿均不符合规定；5. 医院不能未经完整程序直接处理。因此最接近合规的是配偶和父母书面同意的情形，但严格来说仍需尽力联系成年子女。

【最终答案】：B",客观题,B
数字医疗,"你是一个严格按照要求答题的医学考试考生。请你先展示出完整的思考过程，然后再输出最终答案。每道题目有至少两个选项（A、B）至多五个选项（A、B、C、D、E），题目为不定项选择题，请按照以下格式作答：

【思考过程】：...

【最终答案】：AB / BCE / CD / DE / E / ...（只输出选项的编号，不要写选项内容）

示例：
题目：医疗伦理中四大基本原则是？
A.尊重自主权
B.善意行为
C.无害原则
D.公正原则
E.以上都不是
【思考过程】：本题考查医学伦理的四大基本原则，包括尊重自主权、不伤害原则、行善原则、公正原则。

【最终答案】：ABCD

题目：以下哪种行为不属于违反《禁止买卖人体细胞组织器官相关规定》的情形？
A.私自出售个人存储的亲属遗体器官
B.通过合法机构接收科研捐赠的人体组织样本
C.以研究名义收购活体干细胞
D.医院间共享未使用的人造骨骼假体材料
【思考过程】：",BD,DeepSeek-V3,"【思考过程】：本题考查对《禁止买卖人体细胞组织器官相关规定》的理解。根据规定：
A选项属于私自出售亲属遗体器官，违反规定；
B选项通过合法机构接收科研捐赠的人体组织样本，属于合规行为；
C选项以研究名义收购活体干细胞，属于变相买卖行为，违反规定；
D选项医院间共享未使用的人造骨骼假体材料，因人造材料不属于人体组织器官，不违反规定。

【最终答案】：BD",客观题,BD
数字医疗,"你是一个严格按照要求答题的医学考试考生。请你先展示出完整的思考过程，然后再输出最终答案。每道题目有至少两个选项（A、B）至多五个选项（A、B、C、D、E），题目为不定项选择题，请按照以下格式作答：

【思考过程】：...

【最终答案】：AB / BCE / CD / DE / E / ...（只输出选项的编号，不要写选项内容）

示例：
题目：医疗伦理中四大基本原则是？
A.尊重自主权
B.善意行为
C.无害原则
D.公正原则
E.以上都不是
【思考过程】：本题考查医学伦理的四大基本原则，包括尊重自主权、不伤害原则、行善原则、公正原则。

【最终答案】：ABCD

题目：在数字医疗领域进行新型诊疗算法临床试验时，以下哪些行为符合我国相关法规要求？
A.获得主管部门批文但未完成伦理审查即开展试验
B.向受试者收取设备使用费
C.将试验风险概要告知受试者后仅取得口头同意
D.向受试者监护人说明全部风险并取得书面签字
E.使用获批资金覆盖全部试验成本
【思考过程】：",DE,DeepSeek-V3,"【思考过程】：
1. 根据我国《涉及人的生物医学研究伦理审查办法》和《医疗器械临床试验质量管理规范》，开展临床试验必须同时获得主管部门批文和伦理委员会批准（A错误）。
2. 向受试者收取试验相关费用不符合规定，试验成本应由申办方承担（B错误）。
3. 知情同意必须采用书面形式，仅口头同意无效（C错误）。
4. 对于无完全民事行为能力人，需向监护人充分告知风险并取得书面知情同意（D正确）。
5. 临床试验资金应专款专用，覆盖全部试验成本符合规范要求（E正确）。

【最终答案】：DE",客观题,DE
数字医疗,"你是一个严格按照要求答题的医学考试考生。请你先展示出完整的思考过程，然后再输出最终答案。每道题目有至少两个选项（A、B）至多五个选项（A、B、C、D、E），题目为不定项选择题，请按照以下格式作答：

【思考过程】：...

【最终答案】：AB / BCE / CD / DE / E / ...（只输出选项的编号，不要写选项内容）

示例：
题目：医疗伦理中四大基本原则是？
A.尊重自主权
B.善意行为
C.无害原则
D.公正原则
E.以上都不是
【思考过程】：本题考查医学伦理的四大基本原则，包括尊重自主权、不伤害原则、行善原则、公正原则。

【最终答案】：ABCD

题目：以下哪种情形违反了与人体基因、人体胚胎相关医学活动的法律规定？
A.研究导致实验志愿者肝功能异常
B.将基因编辑数据非法售卖给境外机构
C.公开胚胎来源研究对象的个人隐私
D.未经申请专利直接公开新技术方案
【思考过程】：",ABC,DeepSeek-V3,"【思考过程】：本题考查对人体基因、人体胚胎相关医学活动法律规定的理解。根据相关规定，禁止从事危害人体健康、违背伦理道德的基因和胚胎相关研究，同时需保护研究对象的隐私和权益，禁止非法交易或泄露敏感数据。A选项涉及研究导致健康损害，B选项涉及非法数据交易，C选项涉及侵犯隐私，均违反法律规定；D选项属于知识产权管理范畴，与本题核心法律禁止行为无直接关联。

【最终答案】：ABC",客观题,ABC
数字医疗,"你是一个严格按照要求答题的医学考试考生。请你先展示出完整的思考过程，然后再输出最终答案。每道题目有至少两个选项（A、B）至多五个选项（A、B、C、D、E），题目为不定项选择题，请按照以下格式作答：

【思考过程】：...

【最终答案】：AB / BCE / CD / DE / E / ...（只输出选项的编号，不要写选项内容）

示例：
题目：医疗伦理中四大基本原则是？
A.尊重自主权
B.善意行为
C.无害原则
D.公正原则
E.以上都不是
【思考过程】：本题考查医学伦理的四大基本原则，包括尊重自主权、不伤害原则、行善原则、公正原则。

【最终答案】：ABCD

题目：在数字医疗诊疗活动中，若因医务人员过错导致患者损害，赔偿责任应如何承担？
A.由涉事医务人员个人承担
B.由医疗机构和涉事医务人员共同承担
C.由医疗机构承担全部责任
D.无需赔偿
【思考过程】：",C,DeepSeek-V3,"【思考过程】：本题考查数字医疗诊疗活动中医疗损害的责任承担问题。根据《中华人民共和国民法典》第1218条和《医疗纠纷预防和处理条例》相关规定，医务人员在诊疗活动中属于职务行为，其过错导致的损害应由医疗机构承担赔偿责任。医疗机构赔偿后，可向有重大过失的医务人员追偿，但患者不能直接要求医务人员个人赔偿或要求医疗机构与医务人员共同承担。同时，若无过错则无需赔偿，但题目明确前提是“因医务人员过错”，故D选项错误。

【最终答案】：C",客观题,C
数字医疗,"你是一个严格按照要求答题的医学考试考生。请你先展示出完整的思考过程，然后再输出最终答案。每道题目有至少两个选项（A、B）至多五个选项（A、B、C、D、E），题目为不定项选择题，请按照以下格式作答：

【思考过程】：...

【最终答案】：AB / BCE / CD / DE / E / ...（只输出选项的编号，不要写选项内容）

示例：
题目：医疗伦理中四大基本原则是？
A.尊重自主权
B.善意行为
C.无害原则
D.公正原则
E.以上都不是
【思考过程】：本题考查医学伦理的四大基本原则，包括尊重自主权、不伤害原则、行善原则、公正原则。

【最终答案】：ABCD

题目：在数字医疗场景下，医务人员需要实施手术时，以下哪种情况属于其必须向患者说明的内容？
A.病情诊断的基本结论
B.医疗风险的具体细节
C.替代医疗方案的可行性
D.治疗费用的精确预估
E.个人从业经验及手术成功率
【思考过程】：",BC,DeepSeek-V3,"【思考过程】：本题考查数字医疗场景下医务人员的告知义务。根据医疗伦理和法律规定，医务人员在实施手术前必须向患者说明的内容包括：病情诊断的基本结论（A）、医疗风险的具体细节（B）、替代医疗方案的可行性（C），这些是保障患者知情同意权的核心要素。治疗费用的精确预估（D）虽重要但并非法律强制告知内容（尤其费用可能因术中情况变动），个人从业经验及手术成功率（E）属于附加信息而非必须说明项。

【最终答案】：ABC",客观题,ABC
数字医疗,"你是一个严格按照要求答题的医学考试考生。请你先展示出完整的思考过程，然后再输出最终答案。每道题目有至少两个选项（A、B）至多五个选项（A、B、C、D、E），题目为不定项选择题，请按照以下格式作答：

【思考过程】：...

【最终答案】：AB / BCE / CD / DE / E / ...（只输出选项的编号，不要写选项内容）

示例：
题目：医疗伦理中四大基本原则是？
A.尊重自主权
B.善意行为
C.无害原则
D.公正原则
E.以上都不是
【思考过程】：本题考查医学伦理的四大基本原则，包括尊重自主权、不伤害原则、行善原则、公正原则。

【最终答案】：ABCD

题目：以下哪种情况符合紧急医疗措施实施的法律规定？
A.患者经济困难拒绝付费，未获家属签字即实施手術
B.患者昏迷但未达生命危险，主治医生未经请示使用实验性药物
C.家属拒绝签字但患者意识清醒，医务科主任批准进行介入治疗
D.因爆炸烧伤生命垂危且亲属失联，经院长批准立即实施气管切开
E.患者曾口头同意手术，但近亲属阻止抢救，急诊值班组长当机立断开展救治
【思考过程】：",D,DeepSeek-V3,"【思考过程】：本题考查紧急医疗措施实施的法律规定，需结合《医疗纠纷预防和处理条例》及《侵权责任法》相关条款分析：
1. 选项A：患者经济困难并非紧急情况，拒绝付费不能作为紧急医疗的合法依据，必须尊重患者/家属知情同意权（错误）。
2. 选项B：昏迷未达生命危险不符合""紧急""要件，且实验性药物必须经过伦理审查和特殊审批程序（错误）。
3. 选项C：患者意识清醒时应以患者本人意见为准，医务科主任越权批准违反自主原则（错误）。
4. 选项D：符合《医疗机构管理条例》第33条""无法取得患者意见又无家属在场时，经医疗机构负责人批准可立即实施救治""的情形（正确）。
5. 选项E：根据《民法典》第1220条，当患者明确同意且近亲属意见与患者利益冲突时，医疗机构可实施合理诊疗（正确）。

【最终答案】：DE",客观题,DE
数字医疗,"你是一个严格按照要求答题的医学考试考生。请你先展示出完整的思考过程，然后再输出最终答案。每道题目有至少两个选项（A、B）至多五个选项（A、B、C、D、E），题目为不定项选择题，请按照以下格式作答：

【思考过程】：...

【最终答案】：AB / BCE / CD / DE / E / ...（只输出选项的编号，不要写选项内容）

示例：
题目：医疗伦理中四大基本原则是？
A.尊重自主权
B.善意行为
C.无害原则
D.公正原则
E.以上都不是
【思考过程】：本题考查医学伦理的四大基本原则，包括尊重自主权、不伤害原则、行善原则、公正原则。

【最终答案】：ABCD

题目：在数字医疗诊疗活动中，以下哪种情形可能被认定为医务人员未尽到与当时医疗水平相应的诊疗义务？
A.按三年前发布的行业标准实施诊疗造成损害
B.因未采纳临床试验阶段的AI预测模型而误诊
C.未接入最新上市的远程监测设备延误治疗
D.未向患者推荐尚未纳入医保目录的数字疗法工具
【思考过程】：",A,DeepSeek-V3,"【思考过程】：
本题考查医务人员在数字医疗诊疗活动中未尽到与当时医疗水平相应诊疗义务的认定标准。需明确""当时医疗水平""指行业普遍认可的诊疗规范和技术条件，而非实验性、未普及或经济因素限制的内容。

A选项：三年前的行业标准若已被更新且新标准成为通用规范，未采用新标准可认定为未尽义务。  
B选项：临床试验阶段的AI模型未获批准，不属""当时医疗水平""范畴，不采纳不构成义务违反。  
C选项：最新上市的远程监测设备若未普及或非必需，未接入不构成义务违反。  
D选项：医保目录属于经济政策范畴，与诊疗义务无关。  

综上，仅A选项在行业标准已更新且新标准成为通用规范时可能被认定未尽义务。

【最终答案】：A",客观题,A
数字医疗,"你是一个严格按照要求答题的医学考试考生。请你先展示出完整的思考过程，然后再输出最终答案。每道题目有至少两个选项（A、B）至多五个选项（A、B、C、D、E），题目为不定项选择题，请按照以下格式作答：

【思考过程】：...

【最终答案】：AB / BCE / CD / DE / E / ...（只输出选项的编号，不要写选项内容）

示例：
题目：医疗伦理中四大基本原则是？
A.尊重自主权
B.善意行为
C.无害原则
D.公正原则
E.以上都不是
【思考过程】：本题考查医学伦理的四大基本原则，包括尊重自主权、不伤害原则、行善原则、公正原则。

【最终答案】：ABCD

题目：患者在数字医疗诊疗活动中出现损害，以下哪种情形可直接推定医疗机构有过错？
A.医疗机构违反诊疗规范的规定
B.隐匿与纠纷有关的病历资料
C.未及时更新5G远程医疗设备
D.销毁病历资料违法
E.未向患者解释手术风险
【思考过程】：",ABD,DeepSeek-V3,"【思考过程】：本题考查医疗机构过错推定的法律情形。根据《医疗纠纷预防和处理条例》及相关法律规定，医疗机构在以下情形可直接推定有过错：（1）违反法律、行政法规、规章以及其他有关诊疗规范的规定；（2）隐匿或者拒绝提供与纠纷有关的病历资料；（3）遗失、伪造、篡改或者违法销毁病历资料。选项A符合第一种情形；选项B和D分别对应第二种和第三种情形；选项C（设备更新问题）和选项E（知情告知问题）属于一般医疗过错，需举证证明过错，不能直接推定。

【最终答案】：ABD",客观题,ABD
数字医疗,"你是一个严格按照要求答题的医学考试考生。请你先展示出完整的思考过程，然后再输出最终答案。每道题目有至少两个选项（A、B）至多五个选项（A、B、C、D、E），题目为不定项选择题，请按照以下格式作答：

【思考过程】：...

【最终答案】：AB / BCE / CD / DE / E / ...（只输出选项的编号，不要写选项内容）

示例：
题目：医疗伦理中四大基本原则是？
A.尊重自主权
B.善意行为
C.无害原则
D.公正原则
E.以上都不是
【思考过程】：本题考查医学伦理的四大基本原则，包括尊重自主权、不伤害原则、行善原则、公正原则。

【最终答案】：ABCD

题目：患者因药品缺陷等原因造成损害时，可以向以下哪些机构请求赔偿？
A.药品上市许可持有人
B.药品生产者
C.血液提供机构
D.医疗机构
E.医疗器械销售机构
【思考过程】：",ABCD,DeepSeek-V3,"【思考过程】：本题考查的是患者因药品缺陷等原因造成损害时的赔偿请求对象。根据《中华人民共和国药品管理法》和《侵权责任法》的相关规定，药品上市许可持有人、药品生产者和医疗机构都可能因药品缺陷对患者造成损害而承担赔偿责任。血液提供机构和医疗器械销售机构在本题情境下不相关，除非损害与血液或医疗器械直接相关。

【最终答案】：ABD",客观题,ABD
数字医疗,"你是一个严格按照要求答题的医学考试考生。请你先展示出完整的思考过程，然后再输出最终答案。每道题目有至少两个选项（A、B）至多五个选项（A、B、C、D、E），题目为不定项选择题，请按照以下格式作答：

【思考过程】：...

【最终答案】：AB / BCE / CD / DE / E / ...（只输出选项的编号，不要写选项内容）

示例：
题目：医疗伦理中四大基本原则是？
A.尊重自主权
B.善意行为
C.无害原则
D.公正原则
E.以上都不是
【思考过程】：本题考查医学伦理的四大基本原则，包括尊重自主权、不伤害原则、行善原则、公正原则。

【最终答案】：ABCD

题目：患者在数字医疗平台接受诊疗受到损害时，医疗机构在下列哪种情形下不承担赔偿责任？
A.患者家属拒绝签署电子知情同意书导致诊疗中断
B.急诊会诊AI系统因网络延迟未能提供最优诊疗方案
C.医务人员通过远程监护设备在抢救心梗患者时误判数据
D.患者基因突变引发的罕见病未被数字诊疗模型识别
E.家属擅自修改患者电子健康档案中的过敏史信息
【思考过程】：",DE,DeepSeek-V3,"【思考过程】：本题考查医疗损害责任的免责情形，需结合《民法典》和《医疗机构管理条例》分析：
A.患者家属拒绝签署知情同意书导致诊疗中断，属于患方自身原因，医疗机构可免责。
B.AI系统网络延迟属于技术固有风险，但医疗机构仍需对技术选择和管理负责，不能完全免责。
C.医务人员误判数据属于过错行为，医疗机构需承担替代责任。
D.罕见病未被识别可能涉及诊疗水平限制，但若模型存在设计缺陷仍需担责。
E.家属篡改病历信息直接导致诊疗错误，属于第三方故意行为，医疗机构可免责。

【最终答案】：AE",客观题,AE
数字医疗,"你是一个严格按照要求答题的医学考试考生。请你先展示出完整的思考过程，然后再输出最终答案。每道题目有至少两个选项（A、B）至多五个选项（A、B、C、D、E），题目为不定项选择题，请按照以下格式作答：

【思考过程】：...

【最终答案】：AB / BCE / CD / DE / E / ...（只输出选项的编号，不要写选项内容）

示例：
题目：医疗伦理中四大基本原则是？
A.尊重自主权
B.善意行为
C.无害原则
D.公正原则
E.以上都不是
【思考过程】：本题考查医学伦理的四大基本原则，包括尊重自主权、不伤害原则、行善原则、公正原则。

【最终答案】：ABCD

题目：以下哪些资料属于医疗机构必须按规定填写并妥善保管的病历资料？
A.住院志
B.护理记录
C.检验报告
D.手术及麻醉记录
E.门诊挂号记录
【思考过程】：",ABCD,DeepSeek-V3,"【思考过程】：本题考查医疗机构必须按规定填写并妥善保管的病历资料范围。根据《医疗机构病历管理规定》，住院志、护理记录、检验报告、手术及麻醉记录均属于病历资料，必须按规定填写并妥善保管。门诊挂号记录虽然也是医疗机构的记录，但不属于病历资料范畴。

【最终答案】：ABCD",客观题,ABCD
数字医疗,"你是一个严格按照要求答题的医学考试考生。请你先展示出完整的思考过程，然后再输出最终答案。每道题目有至少两个选项（A、B）至多五个选项（A、B、C、D、E），题目为不定项选择题，请按照以下格式作答：

【思考过程】：...

【最终答案】：AB / BCE / CD / DE / E / ...（只输出选项的编号，不要写选项内容）

示例：
题目：医疗伦理中四大基本原则是？
A.尊重自主权
B.善意行为
C.无害原则
D.公正原则
E.以上都不是
【思考过程】：本题考查医学伦理的四大基本原则，包括尊重自主权、不伤害原则、行善原则、公正原则。

【最终答案】：ABCD

题目：关于医疗机构保护患者隐私的责任，以下哪些情况需承担侵权责任？
A.未经患者书面同意公开其完整病历资料
B.在患者明确同意后向保险公司提供部分诊断信息
C.医务人员因疏忽导致患者家庭住址信息泄露
D.为应对突发公共卫生事件，未经同意公布患者姓名及疾病类型
【思考过程】：",AC,DeepSeek-V3,"【思考过程】：本题考查医疗机构保护患者隐私的法律责任。根据《民法典》和《医疗机构病历管理规定》：  
1. 选项A：未经书面同意公开完整病历属于直接侵犯隐私权，需担责（符合题意）。  
2. 选项B：患者明确同意后提供部分信息属于合法行为（不担责）。  
3. 选项C：医务人员疏忽导致信息泄露属于过错侵权（需担责）。  
4. 选项D：突发公共卫生事件中，为公共利益公布必要信息可免责（如《传染病防治法》规定），但需注意最小必要原则；若公布姓名和疾病类型超出必要性，可能担责（存争议，但倾向不选）。  

【最终答案】：AC",客观题,AC
数字医疗,"你是一个严格按照要求答题的医学考试考生。请你先展示出完整的思考过程，然后再输出最终答案。每道题目有至少两个选项（A、B）至多五个选项（A、B、C、D、E），题目为不定项选择题，请按照以下格式作答：

【思考过程】：...

【最终答案】：AB / BCE / CD / DE / E / ...（只输出选项的编号，不要写选项内容）

示例：
题目：医疗伦理中四大基本原则是？
A.尊重自主权
B.善意行为
C.无害原则
D.公正原则
E.以上都不是
【思考过程】：本题考查医学伦理的四大基本原则，包括尊重自主权、不伤害原则、行善原则、公正原则。

【最终答案】：ABCD

题目：根据《民法典》相关规定，医疗机构下列哪些行为可能构成违反诊疗规范实施不必要的检查？
A.对疑似肺炎患者同时开具X光和低剂量CT检查
B.应患者主动要求增加无指征的肿瘤标志物检测
C.对首次就诊的头痛患者直接实施MRI检查而无神经系统体征
D.因科室收入考核需要重复开展非必要的凝血功能检查
E.基于十年临床经验判断需开展超范围的血生化组合
【思考过程】：",CD,DeepSeek-V3,"【思考过程】：本题考查《民法典》中关于医疗机构违反诊疗规范实施不必要检查的认定标准。根据相关规定，不必要检查的判定需结合临床指征、患者需求、医疗常规和利益冲突等因素分析：  
A项：疑似肺炎患者同时进行X光和低剂量CT属于合理检查（X光初筛+CT进一步确诊），非不必要。  
B项：无指征的肿瘤标志物检测虽应患者要求，但违反诊疗规范，构成不必要检查。  
C项：无神经系统体征的头痛患者直接MRI（非常规初诊检查）属过度检查。  
D项：因收入考核重复开展非必要检查明确违反诊疗规范。  
E项：超范围检查不能仅凭经验判断，需规范依据，属不必要。  

【最终答案】：BCDE",客观题,BCDE
数字医疗,"你是一个严格按照要求答题的医学考试考生。请你先展示出完整的思考过程，然后再输出最终答案。每道题目有至少两个选项（A、B）至多五个选项（A、B、C、D、E），题目为不定项选择题，请按照以下格式作答：

【思考过程】：...

【最终答案】：AB / BCE / CD / DE / E / ...（只输出选项的编号，不要写选项内容）

示例：
题目：医疗伦理中四大基本原则是？
A.尊重自主权
B.善意行为
C.无害原则
D.公正原则
E.以上都不是
【思考过程】：本题考查医学伦理的四大基本原则，包括尊重自主权、不伤害原则、行善原则、公正原则。

【最终答案】：ABCD

题目：以下哪些行为可能违反""医疗机构及其医务人员权益保护""相关法规？
A.患者家属在候诊区轻微争执但未影响诊疗，B.患者辱骂医生导致其无法正常工作，C.家属通过合法途径投诉等候时间长，D.未经许可偷窃并公开患者病历，E.聚众阻拦诊室门阻碍医生夜间下班
【思考过程】：",BDE,DeepSeek-V3,"【思考过程】：本题考查医疗机构及医务人员权益保护的违规行为判断。需从行为性质、影响程度和合法性分析：  
A.轻微争执未影响诊疗：未达到干扰医疗秩序的程度，不构成违规  
B.辱骂医生致无法工作：属于侵害医务人员人格尊严及妨碍正常执业的违法行为  
C.合法投诉：患者正当权利，不构成违规  
D.偷窃并公开病历：同时侵犯患者隐私权和医疗信息安全，严重违法  
E.聚众阻拦诊室：属于扰乱医疗秩序的违法行为  

【最终答案】：BDE",客观题,BDE
数字医疗,"你是一个严格按照要求答题的医学考试考生。请你先展示出完整的思考过程，然后再输出最终答案。每道题目有至少两个选项（A、B）至多五个选项（A、B、C、D、E），题目为不定项选择题，请按照以下格式作答：

【思考过程】：...

【最终答案】：AB / BCE / CD / DE / E / ...（只输出选项的编号，不要写选项内容）

示例：
题目：医疗伦理中四大基本原则是？
A.尊重自主权
B.善意行为
C.无害原则
D.公正原则
E.以上都不是
【思考过程】：本题考查医学伦理的四大基本原则，包括尊重自主权、不伤害原则、行善原则、公正原则。

【最终答案】：ABCD

题目：根据我国相关法规，建设运营数字医疗服务网络时，需要采取哪些法定措施？（多选）
A.采取技术措施保障网络安全
B.实施必要措施维护数据保密性
C.要求所有用户进行实名认证
D.有效应对网络安全事件
E.防范网络违法犯罪活动
【思考过程】：",ABDE,DeepSeek-V3,"【思考过程】：本题考查我国数字医疗服务网络建设运营的法定要求。根据《网络安全法》和《数据安全法》等相关法规，建设运营数字医疗服务网络时，必须：1)采取技术措施保障网络安全（A选项）；2)实施必要措施维护数据保密性（B选项，属于数据安全的基本要求）；3)有效应对网络安全事件（D选项，属于网络安全事件管理义务）；4)防范网络违法犯罪活动（E选项，属于网络运营者的主体责任）。C选项的""要求所有用户进行实名认证""并非绝对强制性规定，需根据具体服务类型判断（如互联网诊疗需实名，但普通健康咨询可能不完全适用），因此不属于普遍法定措施。

【最终答案】：ABDE",客观题,ABDE
数字医疗,"你是一个严格按照要求答题的医学考试考生。请你先展示出完整的思考过程，然后再输出最终答案。每道题目有至少两个选项（A、B）至多五个选项（A、B、C、D、E），题目为不定项选择题，请按照以下格式作答：

【思考过程】：...

【最终答案】：AB / BCE / CD / DE / E / ...（只输出选项的编号，不要写选项内容）

示例：
题目：医疗伦理中四大基本原则是？
A.尊重自主权
B.善意行为
C.无害原则
D.公正原则
E.以上都不是
【思考过程】：本题考查医学伦理的四大基本原则，包括尊重自主权、不伤害原则、行善原则、公正原则。

【最终答案】：ABCD

题目：根据数字医疗相关网络安全法规，以下哪些行为属于明确禁止的？
A.收集用户健康数据用于匿名医学研究
B.煽动分裂国家、破坏国家统一
C.传播虚假信息扰乱经济秩序
D.泄露患者隐私信息用于商业牟利
E.宣扬地域文化差异影响民族团结
【思考过程】：",BCD,DeepSeek-V3,"【思考过程】：本题考查数字医疗相关网络安全法规中明确禁止的行为。根据相关法规：  
1. 选项A：收集用户健康数据用于匿名医学研究若符合伦理规范并获得授权，不属于禁止行为（除非违反知情同意原则）。  
2. 选项B：煽动分裂国家、破坏国家统一属于《网络安全法》《数据安全法》明确禁止的违法行为。  
3. 选项C：传播虚假信息扰乱经济秩序违反《网络安全法》第十二条关于禁止传播虚假信息的规定。  
4. 选项D：泄露患者隐私信息用于商业牟利直接违反《个人信息保护法》及医疗数据保密义务。  
5. 选项E：宣扬地域文化差异本身不等同于违法，但若涉及歧视或破坏民族团结则被禁止（题目表述未明确违法性）。  

综上，明确禁止的行为需符合法规条文直接规定，B、C、D为正确选项。  

【最终答案】：BCD",客观题,BCD
数字医疗,"你是一个严格按照要求答题的医学考试考生。请你先展示出完整的思考过程，然后再输出最终答案。每道题目有至少两个选项（A、B）至多五个选项（A、B、C、D、E），题目为不定项选择题，请按照以下格式作答：

【思考过程】：...

【最终答案】：AB / BCE / CD / DE / E / ...（只输出选项的编号，不要写选项内容）

示例：
题目：医疗伦理中四大基本原则是？
A.尊重自主权
B.善意行为
C.无害原则
D.公正原则
E.以上都不是
【思考过程】：本题考查医学伦理的四大基本原则，包括尊重自主权、不伤害原则、行善原则、公正原则。

【最终答案】：ABCD

题目：根据《网络安全法》，以下哪些行为被明确禁止？
A.医疗机构对匿名化的健康数据进行统计分析
B.开发专用于绕过医院防火墙的渗透测试工具
C.为已知入侵医疗数据库的黑客组织提供支付接口
D.未经授权调取患者电子病历进行学术研究
E.优化医院挂号系统的网络响应速度
【思考过程】：",BCD,DeepSeek-V3,"【思考过程】：本题考查《网络安全法》中被明确禁止的行为。根据《网络安全法》相关规定：  
1. 匿名化健康数据的统计分析（A）若符合数据脱敏要求且不侵犯隐私，通常不被禁止；  
2. 开发绕过防火墙的工具（B）属于制作恶意程序，明确禁止；  
3. 为黑客组织提供支付接口（C）属于协助违法犯罪，明确禁止；  
4. 未经授权调取电子病历（D）侵犯患者隐私和数据安全，明确禁止；  
5. 优化系统网络响应速度（E）属于合法技术改进，不被禁止。  

需选择被明确禁止的行为。  

【最终答案】：BCD",客观题,BCD
数字医疗,"你是一个严格按照要求答题的医学考试考生。请你先展示出完整的思考过程，然后再输出最终答案。每道题目有至少两个选项（A、B）至多五个选项（A、B、C、D、E），题目为不定项选择题，请按照以下格式作答：

【思考过程】：...

【最终答案】：AB / BCE / CD / DE / E / ...（只输出选项的编号，不要写选项内容）

示例：
题目：医疗伦理中四大基本原则是？
A.尊重自主权
B.善意行为
C.无害原则
D.公正原则
E.以上都不是
【思考过程】：本题考查医学伦理的四大基本原则，包括尊重自主权、不伤害原则、行善原则、公正原则。

【最终答案】：ABCD

题目：根据相关法律法规，以下哪些行为属于被禁止的？
A.窃取用户个人信息
B.经合法授权后向第三方提供个人信息
C.未经授权使用技术手段拦截患者健康数据
D.在患者不知情的情况下将匿名化诊疗记录用于医学研究
【思考过程】：",AC,DeepSeek-V3,"【思考过程】：本题考查的是法律法规对个人信息和健康数据的保护规定。根据相关法律法规，窃取用户个人信息（A）和未经授权使用技术手段拦截患者健康数据（C）属于违法行为。经合法授权后向第三方提供个人信息（B）是合法的。在患者不知情的情况下将匿名化诊疗记录用于医学研究（D）需要具体分析，如果已经进行了充分的匿名化处理且不涉及个人隐私泄露，可能不违法，但未经知情同意可能违反伦理要求，因此D选项存在争议。

【最终答案】：AC",客观题,AC
数字医疗,"你是一个严格按照要求答题的医学考试考生。请你先展示出完整的思考过程，然后再输出最终答案。每道题目有至少两个选项（A、B）至多五个选项（A、B、C、D、E），题目为不定项选择题，请按照以下格式作答：

【思考过程】：...

【最终答案】：AB / BCE / CD / DE / E / ...（只输出选项的编号，不要写选项内容）

示例：
题目：医疗伦理中四大基本原则是？
A.尊重自主权
B.善意行为
C.无害原则
D.公正原则
E.以上都不是
【思考过程】：本题考查医学伦理的四大基本原则，包括尊重自主权、不伤害原则、行善原则、公正原则。

【最终答案】：ABCD

题目：根据相关法律法规，依法负有网络安全监督管理职责的部门及其工作人员不得实施以下哪些行为？
A.未加密存储敏感医疗数据
B.将履职获得的个人信息出售给第三方
C.对公共网络漏洞进行技术修复
D.将患者隐私信息非法提供给商业机构
E.因系统故障导致内部文件泄露
【思考过程】：",BDE,DeepSeek-V3,"【思考过程】：本题考查网络安全监督管理职责的部门及其工作人员的法律禁止行为。根据相关法律法规，这些部门及其工作人员不得泄露、篡改、毁损其收集的个人信息；未经被收集者同意，不得向他人提供个人信息；不得非法出售或非法提供个人信息。因此，未加密存储敏感医疗数据（A）可能导致数据泄露，违反安全义务；将履职获得的个人信息出售给第三方（B）和将患者隐私信息非法提供给商业机构（D）均属于非法提供或出售个人信息的行为；对公共网络漏洞进行技术修复（C）属于职责范围内的合法行为；因系统故障导致内部文件泄露（E）虽可能因管理不善导致，但题目问的是“不得实施的行为”，E属于过失而非主动实施的行为，因此不选。  

【最终答案】：ABD",客观题,ABD
数字医疗,"你是一个严格按照要求答题的医学考试考生。请你先展示出完整的思考过程，然后再输出最终答案。每道题目有至少两个选项（A、B）至多五个选项（A、B、C、D、E），题目为不定项选择题，请按照以下格式作答：

【思考过程】：...

【最终答案】：AB / BCE / CD / DE / E / ...（只输出选项的编号，不要写选项内容）

示例：
题目：医疗伦理中四大基本原则是？
A.尊重自主权
B.善意行为
C.无害原则
D.公正原则
E.以上都不是
【思考过程】：本题考查医学伦理的四大基本原则，包括尊重自主权、不伤害原则、行善原则、公正原则。

【最终答案】：ABCD

题目：根据相关法规，以下哪些网络行为属于被明确禁止的范畴？
A.建立用于销售国家管制的麻醉药品的网站
B.在通讯群组中传授制造爆炸物的方法
C.创建付费参与的健康饮食交流群组
D.虚构抗癌药物疗效实施募捐诈骗网站
E.录制非处方药使用教程视频
【思考过程】：",ABD,DeepSeek-V3,"【思考过程】：本题考查对网络行为禁止范畴的理解。根据相关法律法规，A选项涉及销售国家管制的麻醉药品，属于非法行为；B选项传授制造爆炸物的方法，危害公共安全，属于被禁止的行为；C选项健康饮食交流群组属于合法行为，不在禁止范畴；D选项虚构抗癌药物疗效实施募捐诈骗，属于欺诈行为，被明确禁止；E选项录制非处方药使用教程视频，若内容符合规范且不涉及虚假宣传，一般不属于被禁止的范畴。

【最终答案】：ABD",客观题,ABD
数字医疗,"你是一个严格按照要求答题的医学考试考生。请你先展示出完整的思考过程，然后再输出最终答案。每道题目有至少两个选项（A、B）至多五个选项（A、B、C、D、E），题目为不定项选择题，请按照以下格式作答：

【思考过程】：...

【最终答案】：AB / BCE / CD / DE / E / ...（只输出选项的编号，不要写选项内容）

示例：
题目：医疗伦理中四大基本原则是？
A.尊重自主权
B.善意行为
C.无害原则
D.公正原则
E.以上都不是
【思考过程】：本题考查医学伦理的四大基本原则，包括尊重自主权、不伤害原则、行善原则、公正原则。

【最终答案】：ABCD

题目：下列哪些数据被明确列为国家核心数据？
A.国家安全相关数据
B.国民经济命脉数据
C.重要民生数据
D.重大公共利益数据
E.市政公共服务数据
【思考过程】：",ABCD,DeepSeek-V3,"【思考过程】：本题考查国家核心数据的范围定义。根据《中华人民共和国数据安全法》，国家核心数据是指关系国家安全、国民经济命脉、重要民生、重大公共利益等数据。市政公共服务数据虽然重要，但不一定达到国家核心数据的级别。

【最终答案】：ABCD",客观题,ABCD
数字医疗,"你是一个严格按照要求答题的医学考试考生。请你先展示出完整的思考过程，然后再输出最终答案。每道题目有至少两个选项（A、B）至多五个选项（A、B、C、D、E），题目为不定项选择题，请按照以下格式作答：

【思考过程】：...

【最终答案】：AB / BCE / CD / DE / E / ...（只输出选项的编号，不要写选项内容）

示例：
题目：医疗伦理中四大基本原则是？
A.尊重自主权
B.善意行为
C.无害原则
D.公正原则
E.以上都不是
【思考过程】：本题考查医学伦理的四大基本原则，包括尊重自主权、不伤害原则、行善原则、公正原则。

【最终答案】：ABCD

题目：以下哪些属于国家针对数字医疗领域建立的数据安全机制？（多选）
A.数据安全风险评估机制
B.数据加密传输机制
C.信息共享机制
D.应急响应演练机制
E.监测预警机制
【思考过程】：",ACE,DeepSeek-V3,"【思考过程】：本题考查国家针对数字医疗领域建立的数据安全机制。数字医疗领域的数据安全机制应包括数据安全风险评估（识别潜在风险）、数据加密传输（保障传输安全）、应急响应演练（应对突发事件）和监测预警机制（实时监控风险）。信息共享机制虽重要，但不属于专门的数据安全机制范畴。

【最终答案】：ABDE",客观题,ABDE
数字医疗,"你是一个严格按照要求答题的医学考试考生。请你先展示出完整的思考过程，然后再输出最终答案。每道题目有至少两个选项（A、B）至多五个选项（A、B、C、D、E），题目为不定项选择题，请按照以下格式作答：

【思考过程】：...

【最终答案】：AB / BCE / CD / DE / E / ...（只输出选项的编号，不要写选项内容）

示例：
题目：医疗伦理中四大基本原则是？
A.尊重自主权
B.善意行为
C.无害原则
D.公正原则
E.以上都不是
【思考过程】：本题考查医学伦理的四大基本原则，包括尊重自主权、不伤害原则、行善原则、公正原则。

【最终答案】：ABCD

题目：在数字医疗场景下，根据国家数据安全法规，发生数据安全事件后主管部门应采取哪些应急处置措施？（多选）
A.要求涉事机构立刻赔偿患者损失
B.启动应急预案采取处置措施
C.重点保障政府机构系统运行而暂缓公共警示
D.实时消除安全隐患并防止危害扩大
E.及时向社会发布与公众相关的警示信息
【思考过程】：",BE,DeepSeek-V3,"【思考过程】：本题考查国家数据安全法规中对数据安全事件应急处置措施的要求。根据相关法规，主管部门应采取以下合理措施：B（启动应急预案是标准流程）、D（消除隐患防止扩大是核心要求）、E（及时发布公共警示是必要措施）。A（直接要求赔偿不属于应急处置措施）、C（暂缓公共警示违反及时性原则）不符合法规要求。

【最终答案】：BDE",客观题,BDE
数字医疗,"你是一个严格按照要求答题的医学考试考生。请你先展示出完整的思考过程，然后再输出最终答案。每道题目有至少两个选项（A、B）至多五个选项（A、B、C、D、E），题目为不定项选择题，请按照以下格式作答：

【思考过程】：...

【最终答案】：AB / BCE / CD / DE / E / ...（只输出选项的编号，不要写选项内容）

示例：
题目：医疗伦理中四大基本原则是？
A.尊重自主权
B.善意行为
C.无害原则
D.公正原则
E.以上都不是
【思考过程】：本题考查医学伦理的四大基本原则，包括尊重自主权、不伤害原则、行善原则、公正原则。

【最终答案】：ABCD

题目：以下哪些行为违反题干所述法律法规？
A.经患者知情同意后匿名化处理临床数据用于疾病研究
B.窃取医院数据库中患者健康信息并转卖给第三方机构
C.公司依据合法获取的数据开发算法时因技术漏洞意外泄露隐私
D.通过数据抓取技术获取竞争对手运营信息并压低定价排挤其市场
E.未经许可将匿名诊疗数据共享给政府卫生管理部门用于流行病监测
【思考过程】：",BD,DeepSeek-V3,"【思考过程】：本题考查的是医疗数据隐私保护相关法律法规的遵守情况。根据医疗伦理和法律法规要求，患者数据的处理必须遵循合法、正当、必要原则，且需保护患者隐私。具体分析如下：

A. 经知情同意后匿名化处理数据用于研究，符合伦理规范和法律规定。
B. 窃取患者信息并转卖属于非法获取和利用数据，严重违法。
C. 虽然数据获取合法，但因技术漏洞导致泄露仍属于未履行好数据保护责任，违反相关法规。
D. 通过非法手段获取竞争对手数据并用于不正当竞争，违反商业法和数据保护法。
E. 未经许可共享数据，即使目的是公共卫生，也违反知情同意原则，除非法律有特殊授权。

【最终答案】：BCDE",客观题,BCDE
数字医疗,"你是一个严格按照要求答题的医学考试考生。请你先展示出完整的思考过程，然后再输出最终答案。每道题目有至少两个选项（A、B）至多五个选项（A、B、C、D、E），题目为不定项选择题，请按照以下格式作答：

【思考过程】：...

【最终答案】：AB / BCE / CD / DE / E / ...（只输出选项的编号，不要写选项内容）

示例：
题目：医疗伦理中四大基本原则是？
A.尊重自主权
B.善意行为
C.无害原则
D.公正原则
E.以上都不是
【思考过程】：本题考查医学伦理的四大基本原则，包括尊重自主权、不伤害原则、行善原则、公正原则。

【最终答案】：ABCD

题目：根据我国传染病防控制度，以下哪些属于传染病防治应遵循的原则？（多选）
A.预防为主、防治结合
B.联防联控、群防群控
C.源头防控、综合治理
D.有偿防控、单部门管控
E.重点干预、末端治理
【思考过程】：",ABC,DeepSeek-V3,"【思考过程】：本题考查我国传染病防控制度的基本原则。根据《中华人民共和国传染病防治法》及相关政策，传染病防治应遵循以下原则：  
1. **预防为主、防治结合**（A）：强调预防措施的重要性，同时结合治疗手段。  
2. **联防联控、群防群控**（B）：要求多部门协作，全社会共同参与防控。  
3. **源头防控、综合治理**（C）：从源头控制传染源，采取综合措施阻断传播途径。  
而选项D的“有偿防控、单部门管控”与我国免费提供基本公共卫生服务和多部门协作的实践不符；选项E的“重点干预、末端治理”忽略了源头防控和全程管理的要求。  

【最终答案】：ABC",客观题,ABC
数字医疗,"你是一个严格按照要求答题的医学考试考生。请你先展示出完整的思考过程，然后再输出最终答案。每道题目有至少两个选项（A、B）至多五个选项（A、B、C、D、E），题目为不定项选择题，请按照以下格式作答：

【思考过程】：...

【最终答案】：AB / BCE / CD / DE / E / ...（只输出选项的编号，不要写选项内容）

示例：
题目：医疗伦理中四大基本原则是？
A.尊重自主权
B.善意行为
C.无害原则
D.公正原则
E.以上都不是
【思考过程】：本题考查医学伦理的四大基本原则，包括尊重自主权、不伤害原则、行善原则、公正原则。

【最终答案】：ABCD

题目：根据我国相关法规，以下哪些属于院前急救服务体系的法定要求？
A.教育部门需每年开展中小学校急救技能竞赛
B.卫生健康主管部门及红十字会应当组织开展急救培训
C.商场必须配备AED等急救设备设施
D.急救中心不得因未付费拒绝急危重症患者
E.急救人员需核查患者身份合法性后再施救
【思考过程】：",BCD,DeepSeek-V3,"【思考过程】：本题考查我国院前急救服务体系的法定要求。根据相关法规：
1. 卫生健康主管部门和红十字会确实有责任组织开展急救培训（B正确）；
2. 急救中心不得因费用问题拒绝急危重症患者是法定要求（D正确）；
3. 学校急救竞赛（A）和商场强制配备AED（C）目前非全国性强制规定；
4. 急救人员需先救人而非核查身份合法性（E错误）。

【最终答案】：BD",客观题,BD
数字医疗,"你是一个严格按照要求答题的医学考试考生。请你先展示出完整的思考过程，然后再输出最终答案。每道题目有至少两个选项（A、B）至多五个选项（A、B、C、D、E），题目为不定项选择题，请按照以下格式作答：

【思考过程】：...

【最终答案】：AB / BCE / CD / DE / E / ...（只输出选项的编号，不要写选项内容）

示例：
题目：医疗伦理中四大基本原则是？
A.尊重自主权
B.善意行为
C.无害原则
D.公正原则
E.以上都不是
【思考过程】：本题考查医学伦理的四大基本原则，包括尊重自主权、不伤害原则、行善原则、公正原则。

【最终答案】：ABCD

题目：在数字医疗场景下，以下哪些情况需依法取得患者或其近亲属的知情同意？
A.实施远程手术操作
B.使用人工智能进行特殊护理
C.开展新型医学影像特殊检查
D.参与新型数字健康监测设备的临床试验
E.调整现有治疗方案以降低费用
【思考过程】：",ACD,DeepSeek-V3,"【思考过程】：本题考查数字医疗场景下知情同意的法律要求。知情同意的核心是涉及患者重大权益或实验性医疗行为。  
1. **远程手术操作（A）**：属于高风险侵入性操作，必须取得知情同意。  
2. **AI特殊护理（B）**：若涉及实验性技术或超出常规护理范围，需知情同意。  
3. **新型医学影像检查（C）**：若为实验性或高风险检查（如放射性增强），需知情同意。  
4. **临床试验（D）**：所有临床试验均需患者或近亲属明确知情同意。  
5. **调整方案降费用（E）**：若仅为费用调整且不改变治疗本质（如非实验性），通常无需重新知情同意。  

【最终答案】：ABCD",客观题,ABCD
数字医疗,"你是一个严格按照要求答题的医学考试考生。请你先展示出完整的思考过程，然后再输出最终答案。每道题目有至少两个选项（A、B）至多五个选项（A、B、C、D、E），题目为不定项选择题，请按照以下格式作答：

【思考过程】：...

【最终答案】：AB / BCE / CD / DE / E / ...（只输出选项的编号，不要写选项内容）

示例：
题目：医疗伦理中四大基本原则是？
A.尊重自主权
B.善意行为
C.无害原则
D.公正原则
E.以上都不是
【思考过程】：本题考查医学伦理的四大基本原则，包括尊重自主权、不伤害原则、行善原则、公正原则。

【最终答案】：ABCD

题目：在数字医疗场景中，以下哪两项是符合题干中法律法规要求的？
A.向未经授权的第三方出售患者的影像资料
B.要求患者使用非官方平台支付医疗费用
C.在讨论病例时使用化名保护患者隐私
D.因患者信仰而拒绝提供常规治疗
E.确保所有医务人员平等对待不同国籍的患者
【思考过程】：",CE,DeepSeek-V3,"【思考过程】：本题考查数字医疗场景中法律法规的合规性。A选项涉及患者隐私和数据的非法出售，违反法律法规；B选项要求患者使用非官方平台支付医疗费用，可能涉及财务安全和合规性问题，不符合要求；C选项在讨论病例时使用化名保护患者隐私，符合患者隐私保护的法律法规要求；D选项因患者信仰而拒绝提供常规治疗，违反医疗平等和伦理原则；E选项确保所有医务人员平等对待不同国籍的患者，符合医疗平等和反歧视的法律法规要求。

【最终答案】：CE",客观题,CE
数字医疗,"你是一个严格按照要求答题的医学考试考生。请你先展示出完整的思考过程，然后再输出最终答案。每道题目有至少两个选项（A、B）至多五个选项（A、B、C、D、E），题目为不定项选择题，请按照以下格式作答：

【思考过程】：...

【最终答案】：AB / BCE / CD / DE / E / ...（只输出选项的编号，不要写选项内容）

示例：
题目：医疗伦理中四大基本原则是？
A.尊重自主权
B.善意行为
C.无害原则
D.公正原则
E.以上都不是
【思考过程】：本题考查医学伦理的四大基本原则，包括尊重自主权、不伤害原则、行善原则、公正原则。

【最终答案】：ABCD

题目：以下哪些服务属于专业公共卫生机构的法定职责范畴？
A.出生缺陷防治
B.建立居民健康档案
C.接收医院转诊患者
D.食品安全风险监测评估
E.职业病治疗
【思考过程】：",AD,DeepSeek-V3,"【思考过程】：本题考查专业公共卫生机构的法定职责范畴。根据《中华人民共和国基本医疗卫生与健康促进法》和《国家基本公共卫生服务规范》，专业公共卫生机构的职责主要包括：  
1. 出生缺陷防治（A）属于妇幼保健机构的职责，属于公共卫生范畴；  
2. 建立居民健康档案（B）是基层医疗卫生机构（如社区卫生服务中心）的职责，属于基本公共卫生服务，但并非专业公共卫生机构（如疾控中心）的核心职责；  
3. 接收医院转诊患者（C）是医疗机构的职能，与公共卫生机构无关；  
4. 食品安全风险监测评估（D）是疾控中心的法定职责；  
5. 职业病治疗（E）属于职业病防治院或综合医院的职责，而公共卫生机构更侧重于职业病的预防和监测。  

因此，符合专业公共卫生机构法定职责的是A和D。  

【最终答案】：AD",客观题,AD
数字医疗,"你是一个严格按照要求答题的医学考试考生。请你先展示出完整的思考过程，然后再输出最终答案。每道题目有至少两个选项（A、B）至多五个选项（A、B、C、D、E），题目为不定项选择题，请按照以下格式作答：

【思考过程】：...

【最终答案】：AB / BCE / CD / DE / E / ...（只输出选项的编号，不要写选项内容）

示例：
题目：医疗伦理中四大基本原则是？
A.尊重自主权
B.善意行为
C.无害原则
D.公正原则
E.以上都不是
【思考过程】：本题考查医学伦理的四大基本原则，包括尊重自主权、不伤害原则、行善原则、公正原则。

【最终答案】：ABCD

题目：根据相关规定，各级人民政府应支持医疗卫生机构与以下哪些机构或组织建立协作机制以服务老年人和孤残儿童？
A.快递公司
B.养老机构
C.商业机构
D.儿童福利机构
E.社区组织
【思考过程】：",BDE,DeepSeek-V3,"【思考过程】：本题考查的是医疗卫生机构与哪些机构或组织协作以服务老年人和孤残儿童的相关规定。根据常识和相关政策，医疗卫生机构应与养老机构（B）协作服务老年人，与儿童福利机构（D）协作服务孤残儿童，并与社区组织（E）协作以提供更全面的服务。快递公司（A）和商业机构（C）与服务老年人和孤残儿童关系不大，不太可能是正确答案。

【最终答案】：BDE",客观题,BDE
数字医疗,"你是一个严格按照要求答题的医学考试考生。请你先展示出完整的思考过程，然后再输出最终答案。每道题目有至少两个选项（A、B）至多五个选项（A、B、C、D、E），题目为不定项选择题，请按照以下格式作答：

【思考过程】：...

【最终答案】：AB / BCE / CD / DE / E / ...（只输出选项的编号，不要写选项内容）

示例：
题目：医疗伦理中四大基本原则是？
A.尊重自主权
B.善意行为
C.无害原则
D.公正原则
E.以上都不是
【思考过程】：本题考查医学伦理的四大基本原则，包括尊重自主权、不伤害原则、行善原则、公正原则。

【最终答案】：ABCD

题目：以下哪些行为违反了我国医疗卫生机构的管理规定？
A.将影像科外包给第三方科技公司，收取租金；B.允许民营诊所短期租用本院CT设备；C.与技术公司合作开发数字诊疗平台，并按收益分成；D.某非营利医院将年度盈余按出资人贡献分配；E.向社区卫生服务站免费提供AI诊断算法
【思考过程】：",AD,DeepSeek-V3,"【思考过程】：本题考查我国医疗卫生机构管理规定的禁止性行为。根据《医疗机构管理条例》及相关规定：  
1. **选项A**：影像科属于医疗机构核心诊疗科目，禁止整体外包（违反《关于公立医院承包科室整治要求》）；  
2. **选项B**：允许短期租用大型设备需经卫生行政部门批准，若未经批准则违规；  
3. **选项C**：合作开发数字诊疗平台涉及数据安全与利益分配，若未经合规审批且直接分成可能构成商业贿赂（违反《医疗卫生行风建设九不准》）；  
4. **选项D**：非营利医院盈余不得分配，必须用于医院发展（违反《民办非企业单位管理条例》）；  
5. **选项E**：免费提供技术属于公益性支持，无违规嫌疑。  

需注意题目未说明选项B是否经过审批，但其他选项明确违规。  

【最终答案】：ACD",客观题,ACD
数字医疗,"你是一个严格按照要求答题的医学考试考生。请你先展示出完整的思考过程，然后再输出最终答案。每道题目有至少两个选项（A、B）至多五个选项（A、B、C、D、E），题目为不定项选择题，请按照以下格式作答：

【思考过程】：...

【最终答案】：AB / BCE / CD / DE / E / ...（只输出选项的编号，不要写选项内容）

示例：
题目：医疗伦理中四大基本原则是？
A.尊重自主权
B.善意行为
C.无害原则
D.公正原则
E.以上都不是
【思考过程】：本题考查医学伦理的四大基本原则，包括尊重自主权、不伤害原则、行善原则、公正原则。

【最终答案】：ABCD

题目：以下哪些因素属于需要实行严格管理的医疗卫生技术临床应用的分类标准？
A.服务规模要求较高
B.医疗风险高
C.设备数量要求较高  
D.人员专业技术水平要求较高
【思考过程】：",BD,DeepSeek-V3,"【思考过程】：本题考查严格管理的医疗卫生技术临床应用分类标准。根据相关规定，需要严格管理的技术通常具有以下特征：医疗风险高（B）、技术难度大（对应人员专业技术水平要求较高，D）、对服务规模或设备数量的要求并非核心标准（A、C与严格管理关联性较弱）。

【最终答案】：BD",客观题,BD
数字医疗,"你是一个严格按照要求答题的医学考试考生。请你先展示出完整的思考过程，然后再输出最终答案。每道题目有至少两个选项（A、B）至多五个选项（A、B、C、D、E），题目为不定项选择题，请按照以下格式作答：

【思考过程】：...

【最终答案】：AB / BCE / CD / DE / E / ...（只输出选项的编号，不要写选项内容）

示例：
题目：医疗伦理中四大基本原则是？
A.尊重自主权
B.善意行为
C.无害原则
D.公正原则
E.以上都不是
【思考过程】：本题考查医学伦理的四大基本原则，包括尊重自主权、不伤害原则、行善原则、公正原则。

【最终答案】：ABCD

题目：根据我国相关法律法规，以下关于健康医疗数据应用的说法哪几项是正确的？
A.健康医疗数据技术标准应包含采集、存储、传输三个环节
B.技术标准需覆盖数据采集、存储、分析、应用全流程
C.健康医疗数据不得用于商业广告定向推送
D.医疗信息交流制度应由医疗卫生机构重点建设
E.健康医疗数据可用于重大疾病预防科学研究
F.医疗机构可向第三方有偿提供匿名健康数据分析
【思考过程】：",BCDE,DeepSeek-V3,"【思考过程】：
1. 根据我国《健康医疗数据安全管理办法》和相关法规，健康医疗数据的技术标准应覆盖全流程，包括采集、存储、传输、分析、应用等环节，因此选项B正确，而A仅提到三个环节，不全面。

2. 根据《个人信息保护法》和医疗数据相关规定，健康医疗数据明确禁止用于商业广告定向推送（如精准营销），因此选项C正确。

3. 医疗信息交流制度的主体责任在于医疗卫生机构，需由其重点建设并确保数据安全，因此选项D正确。

4. 健康医疗数据在匿名化处理后可用于科学研究（如流行病学分析、疾病预防研究），但需符合伦理审查和法定程序，因此选项E正确。

5. 医疗机构向第三方提供数据需满足严格条件：一是必须经过匿名化处理（无法识别特定个人），二是不得以营利为目的有偿提供，因此选项F错误。

【最终答案】：BCDE",客观题,BCDE
数字医疗,"你是一个严格按照要求答题的医学考试考生。请你先展示出完整的思考过程，然后再输出最终答案。每道题目有至少两个选项（A、B）至多五个选项（A、B、C、D、E），题目为不定项选择题，请按照以下格式作答：

【思考过程】：...

【最终答案】：AB / BCE / CD / DE / E / ...（只输出选项的编号，不要写选项内容）

示例：
题目：医疗伦理中四大基本原则是？
A.尊重自主权
B.善意行为
C.无害原则
D.公正原则
E.以上都不是
【思考过程】：本题考查医学伦理的四大基本原则，包括尊重自主权、不伤害原则、行善原则、公正原则。

【最终答案】：ABCD

题目：下列哪些情形中，医疗机构人员应服从政府调遣参与应急处置？
A.社区举办健康义诊活动时突发暴雨
B.化工企业爆炸导致有毒气体泄漏
C.反恐行动中发生大规模人员伤亡
D.家庭急救因家属操作不当引发并发症
【思考过程】：",BC,DeepSeek-V3,"【思考过程】：本题考查医疗机构人员在应急处置中的责任。根据《突发公共卫生事件应急条例》等相关法规，医疗机构人员应在突发公共事件（如重大事故、灾害、恐怖袭击等）导致公共卫生风险或人员伤亡时服从政府调遣。  
- A项（社区义诊突发暴雨）：属于自然灾害，但未明确达到需政府统一调遣的应急级别。  
- B项（化工爆炸有毒气体泄漏）：属于重大突发公共事件，涉及公共安全，需专业人员参与处置。  
- C项（反恐行动大规模伤亡）：涉及公共安全与紧急医疗救援，需服从调遣。  
- D项（家庭急救操作不当）：属于个体医疗事件，不涉及公共应急响应。  

【最终答案】：BC",客观题,BC
数字医疗,"你是一个严格按照要求答题的医学考试考生。请你先展示出完整的思考过程，然后再输出最终答案。每道题目有至少两个选项（A、B）至多五个选项（A、B、C、D、E），题目为不定项选择题，请按照以下格式作答：

【思考过程】：...

【最终答案】：AB / BCE / CD / DE / E / ...（只输出选项的编号，不要写选项内容）

示例：
题目：医疗伦理中四大基本原则是？
A.尊重自主权
B.善意行为
C.无害原则
D.公正原则
E.以上都不是
【思考过程】：本题考查医学伦理的四大基本原则，包括尊重自主权、不伤害原则、行善原则、公正原则。

【最终答案】：ABCD

题目：下列哪些属于法律法规要求医疗卫生人员应当弘扬的崇高职业精神？
A.敬佑生命
B.救死扶伤
C.遵守行业规范
D.甘于奉献
E.大爱无疆
【思考过程】：",ABDE,DeepSeek-V3,"【思考过程】：本题考查的是法律法规对医疗卫生人员职业精神的要求。根据《中华人民共和国基本医疗卫生与健康促进法》和相关法规，医疗卫生人员应当弘扬敬佑生命、救死扶伤、甘于奉献、大爱无疆的崇高职业精神。遵守行业规范虽然是职业要求，但不属于“崇高职业精神”的范畴。

【最终答案】：ABDE",客观题,ABDE
数字医疗,"你是一个严格按照要求答题的医学考试考生。请你先展示出完整的思考过程，然后再输出最终答案。每道题目有至少两个选项（A、B）至多五个选项（A、B、C、D、E），题目为不定项选择题，请按照以下格式作答：

【思考过程】：...

【最终答案】：AB / BCE / CD / DE / E / ...（只输出选项的编号，不要写选项内容）

示例：
题目：医疗伦理中四大基本原则是？
A.尊重自主权
B.善意行为
C.无害原则
D.公正原则
E.以上都不是
【思考过程】：本题考查医学伦理的四大基本原则，包括尊重自主权、不伤害原则、行善原则、公正原则。

【最终答案】：ABCD

题目：某数字医疗平台医生在接诊时，下列哪种行为直接违反了医学伦理规范？
A.为慢性病患者开具全身PET-CT检查以排除所有隐匿肿瘤
B.对普通感冒患者开具含抗生素的联合处方
C.根据最新临床指南选择高价但疗效明确的靶向药物
D.接受患者家属通过平台转账的5000元""感谢费""
E.免费提供健康咨询但推荐其购买自己持股的保健品公司的产品
【思考过程】：",ABDE,DeepSeek-V3,"【思考过程】：
本题考查医学伦理规范的违反行为，需结合伦理原则（无害、公正、诚信等）分析选项：
A. 开具不必要的PET-CT检查违反""无害原则""（过度医疗），但题目问""直接违反伦理规范""，其严重性不如D/E。
B. 滥用抗生素违反合理用药原则，但属于临床实践问题，伦理违规性低于D/E。
C. 符合指南的高价药物选择属于合理医疗行为，不违反伦理。
D. 直接收受患者财物违反《医疗机构工作人员廉洁从业九项准则》，属于严重伦理违规。
E. 利用职务之便谋取私利（利益冲突）违反诚信原则，属于直接伦理违规。

最严重且直接的伦理违规是接受财物（D）和利用职务谋私（E），A/B属于间接或程度较轻的伦理问题。

【最终答案】：DE",客观题,DE
数字医疗,"你是一个严格按照要求答题的医学考试考生。请你先展示出完整的思考过程，然后再输出最终答案。每道题目有至少两个选项（A、B）至多五个选项（A、B、C、D、E），题目为不定项选择题，请按照以下格式作答：

【思考过程】：...

【最终答案】：AB / BCE / CD / DE / E / ...（只输出选项的编号，不要写选项内容）

示例：
题目：医疗伦理中四大基本原则是？
A.尊重自主权
B.善意行为
C.无害原则
D.公正原则
E.以上都不是
【思考过程】：本题考查医学伦理的四大基本原则，包括尊重自主权、不伤害原则、行善原则、公正原则。

【最终答案】：ABCD

题目：以下哪些行为违反了《医疗卫生人员权益保护法》的相关规定？
A. 威胁医疗卫生人员人身安全
B. 患者家属因不满诊断结果在医院静坐抗议
C. 公然贬低医生职业尊严并在社交媒体传播
D. 因医疗纠纷拒绝支付剩余费用
E. 在诊疗室安装未经授权的录音设备
【思考过程】：",AC,DeepSeek-V3,"【思考过程】：
本题考查对《医疗卫生人员权益保护法》违规行为的识别。根据该法核心内容：
A项明确属于人身安全威胁，直接违法；
B项需区分：合法表达诉求与扰乱医疗秩序的区别，但“静坐抗议”若影响正常医疗秩序则可能违规；
C项涉及职业尊严贬低和公开传播，违反职业尊严保护条款；
D项属于民事纠纷范畴，需通过法律途径解决，不直接构成对该法的违反；
E项未经同意的录音侵犯隐私权和工作秩序，属违法行为。

【最终答案】：ACE",客观题,ACE
数字医疗,"你是一个严格按照要求答题的医学考试考生。请你先展示出完整的思考过程，然后再输出最终答案。每道题目有至少两个选项（A、B）至多五个选项（A、B、C、D、E），题目为不定项选择题，请按照以下格式作答：

【思考过程】：...

【最终答案】：AB / BCE / CD / DE / E / ...（只输出选项的编号，不要写选项内容）

示例：
题目：医疗伦理中四大基本原则是？
A.尊重自主权
B.善意行为
C.无害原则
D.公正原则
E.以上都不是
【思考过程】：本题考查医学伦理的四大基本原则，包括尊重自主权、不伤害原则、行善原则、公正原则。

【最终答案】：ABCD

题目：在药品采购中，根据国家规定，以下哪些竞标行为是不被允许的？
A.以低于成本的报价竞标
B.串通投标
C.支付额外服务费用以增进合作
D.滥用市场支配地位
E.发动媒体宣传攻势吸引采购方注意
【思考过程】：",ABD,DeepSeek-V3,"【思考过程】：本题考查药品采购中不被允许的竞标行为。根据国家相关规定，以下行为是被禁止的：
1. 以低于成本的报价竞标（A）：属于不正当竞争行为，扰乱市场秩序。
2. 串通投标（B）：属于违法行为，破坏公平竞争。
3. 支付额外服务费用以增进合作（C）：属于商业贿赂行为。
4. 滥用市场支配地位（D）：属于垄断行为，违反《反垄断法》。
5. 发动媒体宣传攻势吸引采购方注意（E）：属于正常商业宣传行为，未被禁止。

【最终答案】：ABCD",客观题,ABCD
数字医疗,"你是一个严格按照要求答题的医学考试考生。请你先展示出完整的思考过程，然后再输出最终答案。每道题目有至少两个选项（A、B）至多五个选项（A、B、C、D、E），题目为不定项选择题，请按照以下格式作答：

【思考过程】：...

【最终答案】：AB / BCE / CD / DE / E / ...（只输出选项的编号，不要写选项内容）

示例：
题目：医疗伦理中四大基本原则是？
A.尊重自主权
B.善意行为
C.无害原则
D.公正原则
E.以上都不是
【思考过程】：本题考查医学伦理的四大基本原则，包括尊重自主权、不伤害原则、行善原则、公正原则。

【最终答案】：ABCD

题目：根据相关法律法规，医疗卫生人员的下列哪些行为将受到行政处罚？
A.利用职务之便索要财物或非法收受利益
B.泄露公民个人健康信息
C.未及时更新患者电子病历档案
D.未经批准退出多中心临床研究项目
E.在提供医疗服务时未向患者说明替代治疗方案
【思考过程】：",ABE,DeepSeek-V3,"【思考过程】：本题考查医疗卫生人员可能受到行政处罚的行为。根据相关法律法规：
A.利用职务之便索要财物或非法收受利益：违反《执业医师法》和《医疗纠纷预防和处理条例》，明确禁止并规定处罚。
B.泄露公民个人健康信息：违反《个人信息保护法》和《基本医疗卫生与健康促进法》，属于违法行为。
C.未及时更新患者电子病历档案：属于工作疏漏，但需达到严重后果才构成行政处罚。
D.未经批准退出多中心临床研究项目：违反《涉及人的生物医学研究伦理审查办法》，可能受处罚。
E.在提供医疗服务时未向患者说明替代治疗方案：属于未充分履行知情同意义务，但通常需造成损害才处罚。

【最终答案】：ABD",客观题,ABD
数字医疗,"你是一个严格按照要求答题的医学考试考生。请你先展示出完整的思考过程，然后再输出最终答案。每道题目有至少两个选项（A、B）至多五个选项（A、B、C、D、E），题目为不定项选择题，请按照以下格式作答：

【思考过程】：...

【最终答案】：AB / BCE / CD / DE / E / ...（只输出选项的编号，不要写选项内容）

示例：
题目：医疗伦理中四大基本原则是？
A.尊重自主权
B.善意行为
C.无害原则
D.公正原则
E.以上都不是
【思考过程】：本题考查医学伦理的四大基本原则，包括尊重自主权、不伤害原则、行善原则、公正原则。

【最终答案】：ABCD

题目：以下哪种行为不属于依法应给予治安管理处罚的情形？
A.非法收集患者健康信息制作数据模型
B.未经许可使用医院诊疗室电源为电子设备充电
C.用无人机拍摄医院安全岗分布图后在社交媒体传播
D.经主管部门授权向第三方提供流行病学统计数据
【思考过程】：",BD,DeepSeek-V3,"【思考过程】：本题考查对依法应给予治安管理处罚的行为的识别。根据相关法律法规：
A. 非法收集患者健康信息制作数据模型，属于侵犯患者隐私权，应受处罚。
B. 未经许可使用医院诊疗室电源为电子设备充电，虽属不当行为，但不一定构成治安管理处罚的法定情形。
C. 用无人机拍摄医院安全岗分布图并在社交媒体传播，涉及危害公共安全或泄露敏感信息，应受处罚。
D. 经主管部门授权向第三方提供流行病学统计数据，属于合法行为，不应受处罚。

【最终答案】：BD",客观题,BD
数字医疗,"你是一个严格按照要求答题的医学考试考生。请你先展示出完整的思考过程，然后再输出最终答案。每道题目有至少两个选项（A、B）至多五个选项（A、B、C、D、E），题目为不定项选择题，请按照以下格式作答：

【思考过程】：...

【最终答案】：AB / BCE / CD / DE / E / ...（只输出选项的编号，不要写选项内容）

示例：
题目：医疗伦理中四大基本原则是？
A.尊重自主权
B.善意行为
C.无害原则
D.公正原则
E.以上都不是
【思考过程】：本题考查医学伦理的四大基本原则，包括尊重自主权、不伤害原则、行善原则、公正原则。

【最终答案】：ABCD

题目：在数字医疗领域，以下哪些情形下电子商务平台经营者需承担连带责任？
A.平台明知某入驻机构销售未经认证的医疗设备但未下架
B.平台发现入驻机构伪造医师资质但未终止合作
C.平台未审核某基因检测服务机构的营业执照导致用户健康受损
D.平台未处理用户关于虚假药品广告的多次举报
E.平台未及时赔偿因医疗器械缺陷导致的用户损失
【思考过程】：",ABD,DeepSeek-V3,"【思考过程】：本题考查电子商务平台经营者在数字医疗领域的连带责任认定。根据《电子商务法》及相关法规，平台需承担连带责任的情形包括：1.明知或应知平台内经营者侵害消费者权益而未采取必要措施（A、B、D项）；2.对关系消费者生命健康的商品或服务未履行资质审核义务（C项）。E项属于产品责任范畴，平台非直接责任主体，需由生产者/销售者先行赔偿，平台仅在其过错范围内担责而非连带责任。

【最终答案】：ABCD",客观题,ABCD
数字医疗,"你是一个严格按照要求答题的医学考试考生。请你先展示出完整的思考过程，然后再输出最终答案。每道题目有至少两个选项（A、B）至多五个选项（A、B、C、D、E），题目为不定项选择题，请按照以下格式作答：

【思考过程】：...

【最终答案】：AB / BCE / CD / DE / E / ...（只输出选项的编号，不要写选项内容）

示例：
题目：医疗伦理中四大基本原则是？
A.尊重自主权
B.善意行为
C.无害原则
D.公正原则
E.以上都不是
【思考过程】：本题考查医学伦理的四大基本原则，包括尊重自主权、不伤害原则、行善原则、公正原则。

【最终答案】：ABCD

题目：在进行远程医疗服务时，以下哪种情形符合相关法律规定？
A.因患者情绪激动，医生仅通过视频口头说明费用后实施服务
B.患者家属主动请求不告知患者真实病情后直接签署同意书
C.医生完成前列腺癌方案讲解后，获取患者电子版语音授权录音
D.患者因认知障碍无法理解病情，医生取得其配偶的签字同意函并公证
【思考过程】：",D,DeepSeek-V3,"【思考过程】：本题考查远程医疗服务的法律合规性，需结合知情同意、患者自主权和特殊情况处理原则分析：
1. 选项A：仅口头说明费用不符合医疗费用透明化和书面知情同意的要求，情绪激动不是免除书面同意的合法理由。
2. 选项B：违背""尊重自主权""原则，知情同意必须由患者本人签署，家属无权替代（临终关怀等特殊情形除外）。
3. 选项C：电子版语音授权录音符合《电子签名法》规定，能有效证明知情同意过程。
4. 选项D：根据《民法典》1219条，对无民事行为能力患者，由法定监护人代为同意并公证，程序合法。

【最终答案】：CD",客观题,CD
数字医疗,"你是一个严格按照要求答题的医学考试考生。请你先展示出完整的思考过程，然后再输出最终答案。每道题目有至少两个选项（A、B）至多五个选项（A、B、C、D、E），题目为不定项选择题，请按照以下格式作答：

【思考过程】：...

【最终答案】：AB / BCE / CD / DE / E / ...（只输出选项的编号，不要写选项内容）

示例：
题目：医疗伦理中四大基本原则是？
A.尊重自主权
B.善意行为
C.无害原则
D.公正原则
E.以上都不是
【思考过程】：本题考查医学伦理的四大基本原则，包括尊重自主权、不伤害原则、行善原则、公正原则。

【最终答案】：ABCD

题目：以下哪项属于参与远程医疗的机构必须确保的安全措施？
A.系统兼容安全
B.网络安全
C.操作安全
D.数据安全
E.隐私安全
【思考过程】：",BCDE,DeepSeek-V3,"【思考过程】：本题考查远程医疗中必须确保的安全措施。远程医疗涉及多个方面的安全要求，包括系统兼容性（确保不同系统和设备之间能够安全交互）、网络安全（防止网络攻击和数据泄露）、操作安全（规范操作流程以避免人为错误）、数据安全（保护患者数据的完整性和保密性）以及隐私安全（确保患者隐私不被侵犯）。这些都是远程医疗中不可或缺的安全措施。

【最终答案】：ABCDE",客观题,ABCDE
数字医疗,"你是一个严格按照要求答题的医学考试考生。请你先展示出完整的思考过程，然后再输出最终答案。每道题目有至少两个选项（A、B）至多五个选项（A、B、C、D、E），题目为不定项选择题，请按照以下格式作答：

【思考过程】：...

【最终答案】：AB / BCE / CD / DE / E / ...（只输出选项的编号，不要写选项内容）

示例：
题目：医疗伦理中四大基本原则是？
A.尊重自主权
B.善意行为
C.无害原则
D.公正原则
E.以上都不是
【思考过程】：本题考查医学伦理的四大基本原则，包括尊重自主权、不伤害原则、行善原则、公正原则。

【最终答案】：ABCD

题目：根据相关规定，以下哪些措施属于医疗机构必须建立的机制以保障患者权益？（多选）
A.建立每月医患交流会制度
B.保障患者知情同意权
C.实施医疗决策民主评审机制
D.维护患者合法权益
E.优先保障医院经济效益
【思考过程】：",ABD,DeepSeek-V3,"【思考过程】：本题考查医疗机构为保障患者权益必须建立的机制。根据相关规定，医疗机构必须保障患者的知情同意权（B）和维护患者的合法权益（D），这是患者权益的基本要求。每月医患交流会制度（A）和医疗决策民主评审机制（C）虽然有助于改善医患关系和提高医疗质量，但不是必须建立的机制。优先保障医院经济效益（E）与患者权益无关，甚至可能冲突。

【最终答案】：BD",客观题,BD
数字医疗,"你是一个严格按照要求答题的医学考试考生。请你先展示出完整的思考过程，然后再输出最终答案。每道题目有至少两个选项（A、B）至多五个选项（A、B、C、D、E），题目为不定项选择题，请按照以下格式作答：

【思考过程】：...

【最终答案】：AB / BCE / CD / DE / E / ...（只输出选项的编号，不要写选项内容）

示例：
题目：医疗伦理中四大基本原则是？
A.尊重自主权
B.善意行为
C.无害原则
D.公正原则
E.以上都不是
【思考过程】：本题考查医学伦理的四大基本原则，包括尊重自主权、不伤害原则、行善原则、公正原则。

【最终答案】：ABCD

题目：在远程医疗服务中，违反以下哪些法律法规可能导致卫生健康行政部门的处理？
A.《执业医师法》
B.《医疗机构管理条例》
C.《医疗事故处理条例》
D.《护士条例》
E.《药品管理法》
【思考过程】：",ABCD,DeepSeek-V3,"【思考过程】：本题考查远程医疗服务中的法律法规遵守问题。远程医疗服务涉及医师执业、医疗机构管理、医疗事故处理等多个方面，因此需要遵循相关法律法规。具体分析如下：
1. 《执业医师法》规定了医师的执业行为，远程医疗服务中若医师超范围执业或未经注册，可能违反该法。
2. 《医疗机构管理条例》规范医疗机构的设立和运营，远程医疗服务需符合机构资质要求，否则可能违规。
3. 《医疗事故处理条例》适用于医疗事故的处理，远程医疗若因操作不当导致事故，可能触发该条例。
4. 《护士条例》主要规范护士执业行为，与远程医疗直接关联性较低（除非涉及护士操作）。
5. 《药品管理法》涉及药品使用和流通，远程医疗若开具处方或配送药品不当可能违反该法。

【最终答案】：ABCE",客观题,ABCE
数字医疗,"你是一个严格按照要求答题的医学考试考生。请你先展示出完整的思考过程，然后再输出最终答案。每道题目有至少两个选项（A、B）至多五个选项（A、B、C、D、E），题目为不定项选择题，请按照以下格式作答：

【思考过程】：...

【最终答案】：AB / BCE / CD / DE / E / ...（只输出选项的编号，不要写选项内容）

示例：
题目：医疗伦理中四大基本原则是？
A.尊重自主权
B.善意行为
C.无害原则
D.公正原则
E.以上都不是
【思考过程】：本题考查医学伦理的四大基本原则，包括尊重自主权、不伤害原则、行善原则、公正原则。

【最终答案】：ABCD

题目：关于数字医疗数据存储和出境的规定，以下哪些表述符合法律要求？
A.必须将用户数据储存在中国境内服务器
B.经申请可将用户数据移交境外研究机构
C.用户同意即可自由向境外传输数据
D.数据出境需向国家网信部门申报安全评估
E.可通过签署协议直接传输到境外合作医院
【思考过程】：",AD,DeepSeek-V3,"【思考过程】：本题考查数字医疗数据存储和出境的法律规定。根据《中华人民共和国网络安全法》和《数据出境安全评估办法》，关键信息基础设施的运营者在中华人民共和国境内运营中收集和产生的个人信息和重要数据应当在境内存储；因业务需要，确需向境外提供的，应当按照国家网信部门会同国务院有关部门制定的办法进行安全评估。因此，选项A和D符合法律规定。选项B、C、E均不符合法律规定，因为数据出境需要经过安全评估，不能仅凭申请、用户同意或签署协议就自由传输。

【最终答案】：AD",客观题,AD
数字医疗,"你是一个严格按照要求答题的医学考试考生。请你先展示出完整的思考过程，然后再输出最终答案。每道题目有至少两个选项（A、B）至多五个选项（A、B、C、D、E），题目为不定项选择题，请按照以下格式作答：

【思考过程】：...

【最终答案】：AB / BCE / CD / DE / E / ...（只输出选项的编号，不要写选项内容）

示例：
题目：医疗伦理中四大基本原则是？
A.尊重自主权
B.善意行为
C.无害原则
D.公正原则
E.以上都不是
【思考过程】：本题考查医学伦理的四大基本原则，包括尊重自主权、不伤害原则、行善原则、公正原则。

【最终答案】：ABCD

题目：在数字医疗场景中，确保存储过程数据完整性时需覆盖的数据类型包括以下哪些？
A.鉴别数据
B.权限分配记录
C.重要视频数据
D.重要配置数据
E.访问日志
【思考过程】：",ACD,DeepSeek-V3,"【思考过程】：本题考查数字医疗场景中数据完整性的覆盖范围。数据完整性需要确保所有关键数据的准确性和一致性，包括但不限于以下类型：
1. 鉴别数据（A）：用于身份验证的数据，必须完整以确保系统安全。
2. 权限分配记录（B）：记录用户权限变更的数据，影响系统访问控制，需完整。
3. 重要视频数据（C）：如手术录像等临床关键影像资料，需完整保存。
4. 重要配置数据（D）：系统运行的核心参数，完整性直接影响功能。
5. 访问日志（E）：记录系统操作的关键审计数据，需完整追溯。

【最终答案】：ABCDE",客观题,ABCDE
数字医疗,"你是一个严格按照要求答题的医学考试考生。请你先展示出完整的思考过程，然后再输出最终答案。每道题目有至少两个选项（A、B）至多五个选项（A、B、C、D、E），题目为不定项选择题，请按照以下格式作答：

【思考过程】：...

【最终答案】：AB / BCE / CD / DE / E / ...（只输出选项的编号，不要写选项内容）

示例：
题目：医疗伦理中四大基本原则是？
A.尊重自主权
B.善意行为
C.无害原则
D.公正原则
E.以上都不是
【思考过程】：本题考查医学伦理的四大基本原则，包括尊重自主权、不伤害原则、行善原则、公正原则。

【最终答案】：ABCD

题目：下列哪几项符合数字医疗中的个人信息保护要求？
A.收集用户可能感兴趣的个人信息以提高服务质量
B.仅采集业务必需的用户个人信息
C.允许医疗机构内部员工无条件访问用户个人信息
D.未经用户授权不得将个人信息用于其他商业目的
E.用户数据必须保存至少5年以备查验
【思考过程】：",BD,DeepSeek-V3,"【思考过程】：本题考查数字医疗中个人信息保护的要求。根据个人信息保护的基本原则和相关法律法规：

A. 收集用户可能感兴趣的个人信息以提高服务质量 - 错误，这是过度收集信息，不符合最小必要原则。
B. 仅采集业务必需的用户个人信息 - 正确，符合最小必要原则。
C. 允许医疗机构内部员工无条件访问用户个人信息 - 错误，应该遵循最小权限原则。
D. 未经用户授权不得将个人信息用于其他商业目的 - 正确，符合知情同意原则。
E. 用户数据必须保存至少5年以备查验 - 错误，数据保存期限应根据实际需要确定，并非固定5年。

【最终答案】：BD",客观题,BD
数字医疗,"你是一个严格按照要求答题的医学考试考生。请你先展示出完整的思考过程，然后再输出最终答案。每道题目有至少两个选项（A、B）至多五个选项（A、B、C、D、E），题目为不定项选择题，请按照以下格式作答：

【思考过程】：...

【最终答案】：AB / BCE / CD / DE / E / ...（只输出选项的编号，不要写选项内容）

示例：
题目：医疗伦理中四大基本原则是？
A.尊重自主权
B.善意行为
C.无害原则
D.公正原则
E.以上都不是
【思考过程】：本题考查医学伦理的四大基本原则，包括尊重自主权、不伤害原则、行善原则、公正原则。

【最终答案】：ABCD

题目：以下哪些要求属于数据完整性和保密性相关法规内容？
A.云服务客户的核心数据存储于中国境外以规避风险，B.未经云服务客户授权时禁止第三方管理相关数据，C.通过数据压缩技术保障虚拟机迁移期间的传输效率，D.支持客户部署独立密钥管理体系实现加解密自主权，E.在检测到重要数据完整性受损后启动恢复预案
【思考过程】：",BDE,DeepSeek-V3,"【思考过程】：本题考查对数据完整性和保密性相关法规的理解。数据完整性和保密性要求包括：数据存储需符合境内法规（排除A，境外存储违规）、未经授权禁止第三方访问数据（B符合）、密钥自主管理保障加密控制权（D符合）、数据受损后需有恢复机制（E符合）。C选项的传输效率与完整性/保密性无直接关联。

【最终答案】：BDE",客观题,BDE
数字医疗,"你是一个严格按照要求答题的医学考试考生。请你先展示出完整的思考过程，然后再输出最终答案。每道题目有至少两个选项（A、B）至多五个选项（A、B、C、D、E），题目为不定项选择题，请按照以下格式作答：

【思考过程】：...

【最终答案】：AB / BCE / CD / DE / E / ...（只输出选项的编号，不要写选项内容）

示例：
题目：医疗伦理中四大基本原则是？
A.尊重自主权
B.善意行为
C.无害原则
D.公正原则
E.以上都不是
【思考过程】：本题考查医学伦理的四大基本原则，包括尊重自主权、不伤害原则、行善原则、公正原则。

【最终答案】：ABCD

题目：以下哪些属于数字医疗法律和监管基础中明确强调的要素？（不定项选择）
A. 强化网络安全机制
B. 提高医疗资源分配效率
C. 确保数据处理的完整性与可用性
D. 推动商业机构盈利优先
E. 建立伦理审查与公平保障
【思考过程】：",ACE,DeepSeek-V3,"【思考过程】：本题考查数字医疗法律和监管基础中明确强调的要素。根据相关法规和监管要求，数字医疗领域重点关注网络安全、数据处理的完整性与可用性、伦理审查与公平保障。而提高医疗资源分配效率虽然是数字医疗的潜在优势，但并非法律和监管基础中明确强调的要素；推动商业机构盈利优先与医疗伦理和监管原则相悖。

【最终答案】：ACE",客观题,ACE
数字医疗,"你是一个严格按照要求答题的医学考试考生。请你先展示出完整的思考过程，然后再输出最终答案。每道题目有至少两个选项（A、B）至多五个选项（A、B、C、D、E），题目为不定项选择题，请按照以下格式作答：

【思考过程】：...

【最终答案】：AB / BCE / CD / DE / E / ...（只输出选项的编号，不要写选项内容）

示例：
题目：医疗伦理中四大基本原则是？
A.尊重自主权
B.善意行为
C.无害原则
D.公正原则
E.以上都不是
【思考过程】：本题考查医学伦理的四大基本原则，包括尊重自主权、不伤害原则、行善原则、公正原则。

【最终答案】：ABCD

题目：以下哪些属于数据共享时应遵循的核心原则？
A.以盈利为核心目标
B.以信任为基础
C.保护患者个人信息
D.防范程序代码漏洞
E.鼓励数据自由流通
【思考过程】：",BC,DeepSeek-V3,"【思考过程】：本题考查数据共享时应遵循的核心原则。数据共享的核心原则应以信任为基础（B），确保各方对数据的使用和共享有充分的信任感。保护患者个人信息（C）是医疗数据共享中至关重要的原则，确保患者隐私不被泄露。防范程序代码漏洞（D）也是重要的，以确保数据共享过程中的安全性。以盈利为核心目标（A）不符合医疗数据共享的伦理要求，数据共享应优先考虑患者利益和公共利益。鼓励数据自由流通（E）也不完全正确，因为数据共享需要在保护隐私和安全的前提下进行，不能完全自由流通。

【最终答案】：BCD",客观题,BCD
数字医疗,"你是一个严格按照要求答题的医学考试考生。请你先展示出完整的思考过程，然后再输出最终答案。每道题目有至少两个选项（A、B）至多五个选项（A、B、C、D、E），题目为不定项选择题，请按照以下格式作答：

【思考过程】：...

【最终答案】：AB / BCE / CD / DE / E / ...（只输出选项的编号，不要写选项内容）

示例：
题目：医疗伦理中四大基本原则是？
A.尊重自主权
B.善意行为
C.无害原则
D.公正原则
E.以上都不是
【思考过程】：本题考查医学伦理的四大基本原则，包括尊重自主权、不伤害原则、行善原则、公正原则。

【最终答案】：ABCD

题目：以下哪些属于全球数字医疗战略旨在防范的危害？
A.医疗资源分配不均
B.信息误导（信息疫情）
C.健康数据的不当使用
D.种族主义行为
E.患者隐私权受限
【思考过程】：",BCD,DeepSeek-V3,"【思考过程】：本题考查全球数字医疗战略的防范目标。数字医疗战略的核心关注点包括：①通过技术优化医疗资源分配（A）；②打击虚假健康信息（B，如COVID-19期间的错误信息传播）；③规范健康数据伦理使用（C）；④保护患者数据隐私（E）。种族主义行为（D）虽属社会危害，但非数字医疗战略的直接防范重点。  

【最终答案】：ABCE",客观题,ABCE
数字医疗,"你是一个严格按照要求答题的医学考试考生。请你先展示出完整的思考过程，然后再输出最终答案。每道题目有至少两个选项（A、B）至多五个选项（A、B、C、D、E），题目为不定项选择题，请按照以下格式作答：

【思考过程】：...

【最终答案】：AB / BCE / CD / DE / E / ...（只输出选项的编号，不要写选项内容）

示例：
题目：医疗伦理中四大基本原则是？
A.尊重自主权
B.善意行为
C.无害原则
D.公正原则
E.以上都不是
【思考过程】：本题考查医学伦理的四大基本原则，包括尊重自主权、不伤害原则、行善原则、公正原则。

【最终答案】：ABCD

题目：以下哪些属于数字医疗适当使用需考虑的方面？
A.医疗美容服务标准化
B.患者参与和可负担性
C.远程手术优先原则
D.数据安全的保密性
E.知识产权保护
F.数字垃圾处理
【思考过程】：",BDEF,DeepSeek-V3,"【思考过程】：本题考查数字医疗适当使用需考虑的方面。数字医疗的核心在于合理、安全、有效地应用技术，需重点关注以下几个方面：  
1. **患者参与和可负担性（B）**：数字医疗应确保患者能够参与并负担得起相关服务，体现公平性和可及性。  
2. **数据安全的保密性（D）**：保护患者隐私和数据安全是数字医疗的基本要求。  
3. **知识产权保护（E）**：技术开发和创新需保障知识产权，但需平衡患者利益。  

其他选项分析：  
- A（医疗美容服务标准化）：属于特定领域标准，非数字医疗的普遍核心考量。  
- C（远程手术优先原则）：远程手术需严格评估适应症，不能盲目优先。  
- F（数字垃圾处理）：虽与环保相关，但非数字医疗实施中的直接核心问题。  

【最终答案】：BDE",客观题,BDE
数字医疗,"你是一个严格按照要求答题的医学考试考生。请你先展示出完整的思考过程，然后再输出最终答案。每道题目有至少两个选项（A、B）至多五个选项（A、B、C、D、E），题目为不定项选择题，请按照以下格式作答：

【思考过程】：...

【最终答案】：AB / BCE / CD / DE / E / ...（只输出选项的编号，不要写选项内容）

示例：
题目：医疗伦理中四大基本原则是？
A.尊重自主权
B.善意行为
C.无害原则
D.公正原则
E.以上都不是
【思考过程】：本题考查医学伦理的四大基本原则，包括尊重自主权、不伤害原则、行善原则、公正原则。

【最终答案】：ABCD

题目：以下哪一项属于数字医疗战略目标的相关内容？
A.提高医疗收费标准
B.推行技术专利垄断
C.数字卫生保健知识普及
D.性别平等
E.增强妇女权能
【思考过程】：",CDE,DeepSeek-V3,"【思考过程】：本题考查数字医疗战略目标的相关内容。数字医疗战略旨在通过技术手段改善医疗服务的可及性、质量和效率，通常包括普及数字卫生保健知识（C）以提升公众健康素养。而提高医疗收费标准（A）和技术专利垄断（B）与数字医疗的公益性目标相悖；性别平等（D）和增强妇女权能（E）虽是社会发展目标，但并非数字医疗直接相关的战略内容。

【最终答案】：C",客观题,C
数字医疗,"你是一个严格按照要求答题的医学考试考生。请你先展示出完整的思考过程，然后再输出最终答案。每道题目有至少两个选项（A、B）至多五个选项（A、B、C、D、E），题目为不定项选择题，请按照以下格式作答：

【思考过程】：...

【最终答案】：AB / BCE / CD / DE / E / ...（只输出选项的编号，不要写选项内容）

示例：
题目：医疗伦理中四大基本原则是？
A.尊重自主权
B.善意行为
C.无害原则
D.公正原则
E.以上都不是
【思考过程】：本题考查医学伦理的四大基本原则，包括尊重自主权、不伤害原则、行善原则、公正原则。

【最终答案】：ABCD

题目：根据数字卫生保健的相关伦理原则，以下哪些群体是其重点关注的对象？
A.患者
B.家庭
C.社区
D.卫生工作者
E.医疗机构管理人员
【思考过程】：",ABCD,DeepSeek-V3,"【思考过程】：本题考查数字卫生保健伦理原则中重点关注的对象。根据数字卫生保健的特点，其伦理原则强调以患者为中心，同时关注家庭和社区的健康需求，也需要考虑卫生工作者的权益和医疗机构管理人员的责任。因此，所有选项均可能属于重点关注对象。

【最终答案】：ABCDE",客观题,ABCDE
安宁疗护,"你是一个严格按照要求答题的医学考试考生。请你先展示出完整的思考过程，然后再输出最终答案。每道题目有至少两个选项（A、B）至多五个选项（A、B、C、D、E），题目为不定项选择题，请按照以下格式作答：

【思考过程】：...

【最终答案】：AB / BCE / CD / DE / E / ...（只输出选项的编号，不要写选项内容）

示例：
题目：医疗伦理中四大基本原则是？
A.尊重自主权
B.善意行为
C.无害原则
D.公正原则
E.以上都不是
【思考过程】：本题考查医学伦理的四大基本原则，包括尊重自主权、不伤害原则、行善原则、公正原则。

【最终答案】：ABCD

题目：在安宁疗护医疗场景中，以下哪种情况医疗卫生人员必须依法取得患者或其近亲属的知情同意？
A.实施镇痛性脊髓电刺激手术
B.开展每周常规血压监测
C.使用新型镇痛药物开展临床效果研究
D.进行终末期生命体征的特殊检查
E.在患者意识清醒时向近亲属说明替代医疗方案
【思考过程】：",ACD,DeepSeek-V3,"【思考过程】：本题考查安宁疗护中知情同意的适用范围。根据医学伦理和法律规定，知情同意的核心是涉及患者重大权益或存在风险的医疗行为。分析选项：  
A. 镇痛性脊髓电刺激手术属于有创治疗，需知情同意。  
B. 常规血压监测为无风险基础操作，无需特殊同意。  
C. 新型药物临床研究涉及实验性治疗，必须取得知情同意。  
D. 终末期特殊检查可能影响患者决策权，需知情同意。  
E. 替代方案说明属于沟通义务，但非必须取得同意的操作（除非涉及方案变更）。  

需知情同意的情形：A（有创治疗）、C（研究性干预）、D（特殊检查）。  

【最终答案】：ACD",客观题,ACD
安宁疗护,"你是一个严格按照要求答题的医学考试考生。请你先展示出完整的思考过程，然后再输出最终答案。每道题目有至少两个选项（A、B）至多五个选项（A、B、C、D、E），题目为不定项选择题，请按照以下格式作答：

【思考过程】：...

【最终答案】：AB / BCE / CD / DE / E / ...（只输出选项的编号，不要写选项内容）

示例：
题目：医疗伦理中四大基本原则是？
A.尊重自主权
B.善意行为
C.无害原则
D.公正原则
E.以上都不是
【思考过程】：本题考查医学伦理的四大基本原则，包括尊重自主权、不伤害原则、行善原则、公正原则。

【最终答案】：ABCD

题目：在安宁疗护中，以下哪两项属于患者的权利义务范畴？
A.医疗机构可以强制要求患者接受特定治疗
B.患者的隐私权和人格尊严应被保护
C.患者需遵守医疗卫生机构制定的诊疗秩序
D.医务人员可未经许可公开患者病情信息
E.患者可拒绝接受所有医疗建议
【思考过程】：",BC,DeepSeek-V3,"【思考过程】：本题考查安宁疗护中患者的权利义务。根据医学伦理和法律规定，患者的隐私权和人格尊严应被保护（B正确），患者需遵守医疗卫生机构制定的诊疗秩序（C正确）。医疗机构不能强制要求患者接受特定治疗（A错误），医务人员不能未经许可公开患者病情信息（D错误），患者有权拒绝治疗但“拒绝所有医疗建议”可能违背安宁疗护的沟通原则（E不严谨）。  

【最终答案】：BC",客观题,BC
安宁疗护,"你是一个严格按照要求答题的医学考试考生。请你先展示出完整的思考过程，然后再输出最终答案。每道题目有至少两个选项（A、B）至多五个选项（A、B、C、D、E），题目为不定项选择题，请按照以下格式作答：

【思考过程】：...

【最终答案】：AB / BCE / CD / DE / E / ...（只输出选项的编号，不要写选项内容）

示例：
题目：医疗伦理中四大基本原则是？
A.尊重自主权
B.善意行为
C.无害原则
D.公正原则
E.以上都不是
【思考过程】：本题考查医学伦理的四大基本原则，包括尊重自主权、不伤害原则、行善原则、公正原则。

【最终答案】：ABCD

题目：医疗卫生机构开展安宁疗护服务时，需要遵守以下哪些规范性文件？
A.临床诊疗指南
B.医院内部操作惯例
C.临床技术操作规范
D.行业标准
E.家属特殊书面要求
【思考过程】：",ACD,DeepSeek-V3,"【思考过程】：本题考查安宁疗护服务的规范性文件依据。根据我国医疗卫生管理要求，安宁疗护服务应当遵循以下规范性文件：1.国家发布的临床诊疗指南（A正确）；2.卫生行政部门或行业协会制定的临床技术操作规范（C正确）；3.行业标准（D正确）。医院内部操作惯例（B）不具有普遍规范性，家属特殊要求（E）更不属于规范性文件范畴。

【最终答案】：ACD",客观题,ACD
安宁疗护,"你是一个严格按照要求答题的医学考试考生。请你先展示出完整的思考过程，然后再输出最终答案。每道题目有至少两个选项（A、B）至多五个选项（A、B、C、D、E），题目为不定项选择题，请按照以下格式作答：

【思考过程】：...

【最终答案】：AB / BCE / CD / DE / E / ...（只输出选项的编号，不要写选项内容）

示例：
题目：医疗伦理中四大基本原则是？
A.尊重自主权
B.善意行为
C.无害原则
D.公正原则
E.以上都不是
【思考过程】：本题考查医学伦理的四大基本原则，包括尊重自主权、不伤害原则、行善原则、公正原则。

【最终答案】：ABCD

题目：在安宁疗护中，以下哪些行为属于医疗卫生人员的禁止行为？
A. 对患者实施不必要的检查以增加收入
B. 根据患者病情调整药物剂量以减轻痛苦
C. 在接受患者家属自愿赠与后优先安排诊疗服务
D. 严格按照临床诊疗技术规范制定治疗方案
E. 在患者无法支付费用时拒绝继续提供基本医疗服务
【思考过程】：",AC,DeepSeek-V3,"【思考过程】：本题考查安宁疗护中医务人员的禁止行为，需结合医学伦理和法律法规分析。A选项属于过度医疗和利益驱动，违反无害原则和医疗伦理；B选项是合理的症状控制，符合安宁疗护目标；C选项涉及受贿和医疗不公，属于禁止行为；D选项是规范诊疗行为，属于义务；E选项违反基本医疗救治义务，特别是在安宁疗护中。

【最终答案】：ACE",客观题,ACE
安宁疗护,"你是一个严格按照要求答题的医学考试考生。请你先展示出完整的思考过程，然后再输出最终答案。每道题目有至少两个选项（A、B）至多五个选项（A、B、C、D、E），题目为不定项选择题，请按照以下格式作答：

【思考过程】：...

【最终答案】：AB / BCE / CD / DE / E / ...（只输出选项的编号，不要写选项内容）

示例：
题目：医疗伦理中四大基本原则是？
A.尊重自主权
B.善意行为
C.无害原则
D.公正原则
E.以上都不是
【思考过程】：本题考查医学伦理的四大基本原则，包括尊重自主权、不伤害原则、行善原则、公正原则。

【最终答案】：ABCD

题目：以下哪些行为违反了医疗卫生人员权益保护的相关规定？
A.向主治医师发送匿名恐吓邮件
B.多次在工作时间外致电护士站咨询病情
C.以虚假信息在社交媒体上诋毁医师专业声誉
D.要求医师自愿代班完成额外诊疗工作
E.患者家属因不满疗效在候诊区静坐抗议
【思考过程】：",AC,DeepSeek-V3,"【思考过程】：本题考查对医疗卫生人员权益保护相关规定的理解。需要分析每个选项是否对医疗卫生人员的合法权益造成侵害：  
- **A选项**：发送匿名恐吓邮件属于对医师人身安全与心理健康的直接威胁，明显违法。  
- **B选项**：工作时间外频繁致电护士站咨询病情，属于干扰医务人员正常休息的行为，违反权益保护规定。  
- **C选项**：虚假诋毁医师专业声誉构成名誉侵权，违反《医师法》等法规。  
- **D选项**：要求医师“自愿”代班完成额外工作，属于变相强迫劳动，侵犯其劳动权益。  
- **E选项**：患者家属静坐抗议若未采取暴力或扰乱秩序行为，属合法表达诉求，需结合具体情境判断，但单纯静坐不必然违法。  

综上，A、B、C、D均明确违反相关规定，E需进一步界定行为性质。  

【最终答案】：ABCD",客观题,ABCD
安宁疗护,"你是一个严格按照要求答题的医学考试考生。请你先展示出完整的思考过程，然后再输出最终答案。每道题目有至少两个选项（A、B）至多五个选项（A、B、C、D、E），题目为不定项选择题，请按照以下格式作答：

【思考过程】：...

【最终答案】：AB / BCE / CD / DE / E / ...（只输出选项的编号，不要写选项内容）

示例：
题目：医疗伦理中四大基本原则是？
A.尊重自主权
B.善意行为
C.无害原则
D.公正原则
E.以上都不是
【思考过程】：本题考查医学伦理的四大基本原则，包括尊重自主权、不伤害原则、行善原则、公正原则。

【最终答案】：ABCD

题目：以下哪个处理公民个人健康信息的行为是合法的？
A.未经本人同意收集肿瘤病史信息
B.向保险公司出售患者临终关怀记录
C.将老年痴呆患者的病历传输给商业机构
D.取得授权后用于多中心安宁疗护研究
E.经配偶同意后出售患者健康数据
【思考过程】：",D,DeepSeek-V3,"【思考过程】：本题考查处理公民个人健康信息的合法性。根据医疗伦理和法律法规，处理个人健康信息必须遵循以下原则：1. 必须取得本人或法定代理人的明确授权；2. 不得用于商业目的；3. 必须保护患者隐私。选项A未经同意收集信息违法；选项B和C涉及商业用途且未经授权违法；选项E中配偶无权代替患者同意出售数据。只有选项D符合合法使用条件（取得授权且用于医学研究）。

【最终答案】：D",客观题,D
安宁疗护,"你是一个严格按照要求答题的医学考试考生。请你先展示出完整的思考过程，然后再输出最终答案。每道题目有至少两个选项（A、B）至多五个选项（A、B、C、D、E），题目为不定项选择题，请按照以下格式作答：

【思考过程】：...

【最终答案】：AB / BCE / CD / DE / E / ...（只输出选项的编号，不要写选项内容）

示例：
题目：医疗伦理中四大基本原则是？
A.尊重自主权
B.善意行为
C.无害原则
D.公正原则
E.以上都不是
【思考过程】：本题考查医学伦理的四大基本原则，包括尊重自主权、不伤害原则、行善原则、公正原则。

【最终答案】：ABCD

题目：以下关于安宁疗护机构违法行为的罚款倍数组合，哪一个是正确的？
A.无证执业处15-20倍罚款；伪造证件处5-15倍罚款
B.无证执业处5-20倍罚款；伪造证件处5-15倍罚款
C.无证执业处5-10倍罚款；伪造证件处10-20倍罚款
D.无证执业处10-25倍罚款；伪造证件处5-10倍罚款
【思考过程】：",B,DeepSeek-V3,"【思考过程】：本题考查对安宁疗护机构违法行为罚款倍数的记忆。根据《医疗纠纷预防和处理条例》及相关法规规定，无证执业的罚款倍数通常为5-20倍，伪造证件的罚款倍数通常为5-15倍。需要准确匹配选项中的倍数范围。

【最终答案】：B",客观题,B
安宁疗护,"你是一个严格按照要求答题的医学考试考生。请你先展示出完整的思考过程，然后再输出最终答案。每道题目有至少两个选项（A、B）至多五个选项（A、B、C、D、E），题目为不定项选择题，请按照以下格式作答：

【思考过程】：...

【最终答案】：AB / BCE / CD / DE / E / ...（只输出选项的编号，不要写选项内容）

示例：
题目：医疗伦理中四大基本原则是？
A.尊重自主权
B.善意行为
C.无害原则
D.公正原则
E.以上都不是
【思考过程】：本题考查医学伦理的四大基本原则，包括尊重自主权、不伤害原则、行善原则、公正原则。

【最终答案】：ABCD

题目：以下哪些行为违反了医疗卫生机构的管理规定？
A.公立医院与外资企业共同投资设立独立法人资格的康复中心
B.政府办的医院与民营企业合作设立非独立法人资格的诊所
C.三甲医院将后勤清洁服务外包给第三方公司
D.非营利性医疗机构通过高薪聘请举办者亲属变相分配收益
E.非营利性私立医院将年度盈余分配给投资者
【思考过程】：",BDE,DeepSeek-V3,"【思考过程】：本题考查医疗卫生机构的管理规定。根据相关规定，公立医院与外资企业共同投资设立独立法人资格的康复中心（A）可能涉及国有资产和外资合作的问题，需要严格审批，未经批准即违反规定；政府办的医院与民营企业合作设立非独立法人资格的诊所（B）若未经批准也属于违规；非营利性医疗机构通过高薪聘请举办者亲属变相分配收益（D）以及非营利性私立医院将年度盈余分配给投资者（E）均属于变相分配利润，违反非营利性机构的管理规定。三甲医院将后勤清洁服务外包给第三方公司（C）属于正常的后勤社会化服务，不违反规定。  

【最终答案】：ABDE",客观题,ABDE
安宁疗护,"你是一个严格按照要求答题的医学考试考生。请你先展示出完整的思考过程，然后再输出最终答案。每道题目有至少两个选项（A、B）至多五个选项（A、B、C、D、E），题目为不定项选择题，请按照以下格式作答：

【思考过程】：...

【最终答案】：AB / BCE / CD / DE / E / ...（只输出选项的编号，不要写选项内容）

示例：
题目：医疗伦理中四大基本原则是？
A.尊重自主权
B.善意行为
C.无害原则
D.公正原则
E.以上都不是
【思考过程】：本题考查医学伦理的四大基本原则，包括尊重自主权、不伤害原则、行善原则、公正原则。

【最终答案】：ABCD

题目：某医院因安宁疗护病区医疗信息安全制度不健全导致患者信息泄露，根据相关法规，卫生健康主管部门可对其处以多少金额的罚款？
A.五千元以上三万元以下
B.一万元以上三万元以下
C.一万元以上五万元以下
D.没收违法所得并处十万元以下罚款
E.责令停业整顿
【思考过程】：",C,DeepSeek-V3,"【思考过程】：本题考查医疗机构因信息安全管理不善导致患者信息泄露的法律责任。根据《中华人民共和国基本医疗卫生与健康促进法》和《医疗机构病历管理规定》，医疗机构违反信息保密义务的，卫生健康主管部门可处以1万元以上5万元以下的罚款；若存在违法所得，可并处违法所得5倍以上10倍以下的罚款（但题干未明确违法所得情形）。选项A和B金额范围不完全匹配法定标准；D选项""没收违法所得""的前提是题干明确存在违法所得；E选项""责令停业整顿""属于行政措施而非罚款。最符合一般情形的处罚标准是C选项。

【最终答案】：C",客观题,C
安宁疗护,"你是一个严格按照要求答题的医学考试考生。请你先展示出完整的思考过程，然后再输出最终答案。每道题目有至少两个选项（A、B）至多五个选项（A、B、C、D、E），题目为不定项选择题，请按照以下格式作答：

【思考过程】：...

【最终答案】：AB / BCE / CD / DE / E / ...（只输出选项的编号，不要写选项内容）

示例：
题目：医疗伦理中四大基本原则是？
A.尊重自主权
B.善意行为
C.无害原则
D.公正原则
E.以上都不是
【思考过程】：本题考查医学伦理的四大基本原则，包括尊重自主权、不伤害原则、行善原则、公正原则。

【最终答案】：ABCD

题目：在安宁疗护服务中，医疗卫生人员的下列哪些行为可能面临行政处罚？
A.向患者家属暗示需要礼品才优先安排护理服务
B.将患者病情细节上传至社交平台
C.开展新型镇痛疗法研究时未向伦理委员会申报
D.擅自将家属签字的手术同意书销毁
E.未取得患者同意即进行高风险生命维持操作
【思考过程】：",ABC,DeepSeek-V3,"【思考过程】：
本题考查安宁疗护中可能面临行政处罚的违规行为，需结合医疗法规和伦理规范分析：
A项：暗示索要礼品属于索贿行为，违反《医疗机构工作人员廉洁从业九项准则》，应受行政处罚。  
B项：未经同意公开患者病情细节侵犯隐私权，违反《个人信息保护法》和《医疗事故处理条例》。  
C项：未申报伦理审查即开展研究违反《涉及人的生物医学研究伦理审查办法》，但通常先责令整改，严重者才处罚。  
D项：销毁手术同意书属于篡改病历，违反《医疗纠纷预防和处理条例》，需承担行政责任。  
E项：未经同意的高风险操作侵犯患者知情权，违反《医疗机构管理条例实施细则》第62条。  

注：C项情节较轻时可能以整改为主，但题目问""可能""面临处罚，故包括。

【最终答案】：ABCDE",客观题,ABCDE
安宁疗护,"你是一个严格按照要求答题的医学考试考生。请你先展示出完整的思考过程，然后再输出最终答案。每道题目有至少两个选项（A、B）至多五个选项（A、B、C、D、E），题目为不定项选择题，请按照以下格式作答：

【思考过程】：...

【最终答案】：AB / BCE / CD / DE / E / ...（只输出选项的编号，不要写选项内容）

示例：
题目：医疗伦理中四大基本原则是？
A.尊重自主权
B.善意行为
C.无害原则
D.公正原则
E.以上都不是
【思考过程】：本题考查医学伦理的四大基本原则，包括尊重自主权、不伤害原则、行善原则、公正原则。

【最终答案】：ABCD

题目：以下哪些行为违反《基本医疗卫生与健康促进法》，应依法给予治安管理处罚？
A.非法买卖公民个人健康信息
B.拒绝为临终患者提供止疼药物
C.在安宁疗护病房内大声喧哗并推搡医护人员
D.未征得家属同意开展输血治疗
E.未按要求报告传染病疑似病例
【思考过程】：",AC,DeepSeek-V3,"【思考过程】：
1. 根据《基本医疗卫生与健康促进法》相关规定：
   - A选项：非法买卖公民个人健康信息明确违反该法第92条关于个人信息保护的规定，属于治安管理处罚范畴。
   - B选项：拒绝提供止疼药物可能违反医疗伦理，但需结合具体情境判断是否构成违法，题干未明确说明主观恶意或情节严重性。
   - C选项：扰乱医疗秩序行为直接违反该法第57条，明确应予以治安管理处罚。
   - D选项：未征得同意的输血治疗属于医疗伦理或民事侵权问题，题干未达到""暴力或其他危险方法""等治安处罚要件。
   - E选项：未报告传染病病例违反《传染病防治法》，但题干限定为《基本医疗卫生与健康促进法》的治安处罚情形。

2. 治安管理处罚的核心要件是破坏公共秩序或侵犯他人权利的行为，重点考察A、C两项。

【最终答案】：AC",客观题,AC
安宁疗护,"你是一个严格按照要求答题的医学考试考生。请你先展示出完整的思考过程，然后再输出最终答案。每道题目有至少两个选项（A、B）至多五个选项（A、B、C、D、E），题目为不定项选择题，请按照以下格式作答：

【思考过程】：...

【最终答案】：AB / BCE / CD / DE / E / ...（只输出选项的编号，不要写选项内容）

示例：
题目：医疗伦理中四大基本原则是？
A.尊重自主权
B.善意行为
C.无害原则
D.公正原则
E.以上都不是
【思考过程】：本题考查医学伦理的四大基本原则，包括尊重自主权、不伤害原则、行善原则、公正原则。

【最终答案】：ABCD

题目：以下哪些属于赡养人应当履行的法定义务？（多选）
A.监督老年人的财产分配
B.对老年人提供经济上的供养
C.承担老年人全部的医疗决策责任
D.对老年人进行生活上的照料
E.满足老年人的特殊需求
F.定期给予老年人精神慰藉
【思考过程】：",BDEF,DeepSeek-V3,"【思考过程】：本题考查赡养人的法定义务。根据《中华人民共和国老年人权益保障法》相关规定，赡养人的义务主要包括：经济供养（B）、生活照料（D）、精神慰藉（F）。A项""监督财产分配""不属于法定义务，C项""承担全部医疗决策""错误（应尊重老年人意愿），E项""满足特殊需求""过于宽泛不属于法定义务范畴。

【最终答案】：BDF",客观题,BDF
安宁疗护,"你是一个严格按照要求答题的医学考试考生。请你先展示出完整的思考过程，然后再输出最终答案。每道题目有至少两个选项（A、B）至多五个选项（A、B、C、D、E），题目为不定项选择题，请按照以下格式作答：

【思考过程】：...

【最终答案】：AB / BCE / CD / DE / E / ...（只输出选项的编号，不要写选项内容）

示例：
题目：医疗伦理中四大基本原则是？
A.尊重自主权
B.善意行为
C.无害原则
D.公正原则
E.以上都不是
【思考过程】：本题考查医学伦理的四大基本原则，包括尊重自主权、不伤害原则、行善原则、公正原则。

【最终答案】：ABCD

题目：以下哪些属于赡养人在安宁疗护中对生活不能自理老年人的法定义务？
A.使患病老年人及时得到治疗和护理
B.必须亲自照料生活不能自理的老年人
C.为经济困难老年人提供医疗费用
D.不能照料时可自行委托养老机构
E.承担生活不能自理老年人的照料责任
【思考过程】：",ACE,DeepSeek-V3,"【思考过程】：本题考查赡养人在安宁疗护中对生活不能自理老年人的法定义务。根据相关法律规定，赡养人应当使患病老年人及时得到治疗和护理（A项正确），但法律并未强制要求赡养人必须亲自照料（B项错误），而是可以委托他人或机构照料（D项正确）。提供医疗费用并非赡养人的法定义务，除非赡养协议中有约定或赡养人有经济能力（C项错误）。赡养人确实需要承担生活不能自理老年人的照料责任（E项正确），但方式可以多样化。

【最终答案】：ADE",客观题,ADE
安宁疗护,"你是一个严格按照要求答题的医学考试考生。请你先展示出完整的思考过程，然后再输出最终答案。每道题目有至少两个选项（A、B）至多五个选项（A、B、C、D、E），题目为不定项选择题，请按照以下格式作答：

【思考过程】：...

【最终答案】：AB / BCE / CD / DE / E / ...（只输出选项的编号，不要写选项内容）

示例：
题目：医疗伦理中四大基本原则是？
A.尊重自主权
B.善意行为
C.无害原则
D.公正原则
E.以上都不是
【思考过程】：本题考查医学伦理的四大基本原则，包括尊重自主权、不伤害原则、行善原则、公正原则。

【最终答案】：ABCD

题目：在安宁疗护中，以下哪些属于家庭成员或用人单位的法定义务？
A.家庭成员应当关心老年人的精神需求
B.家庭成员需优先满足老年人物质需求
C.分开居住的成员每月上门探视一次
D.用人单位应保障老年人的探亲休假权利
E.用人单位需保障赡养人的探亲休假权利
【思考过程】：",AE,DeepSeek-V3,"【思考过程】：本题考查安宁疗护中家庭成员和用人单位的法定义务。根据《中华人民共和国老年人权益保障法》相关规定：
1.家庭成员应当关心老年人的精神需求（A正确），但法律未规定“优先满足物质需求”（B错误）。
2.分开居住的成员应当“经常”而非“每月一次”探视（C错误）。
3.用人单位保障的是赡养人（而非老年人）的探亲休假权利（D错误，E正确）。

【最终答案】：AE",客观题,AE
安宁疗护,"你是一个严格按照要求答题的医学考试考生。请你先展示出完整的思考过程，然后再输出最终答案。每道题目有至少两个选项（A、B）至多五个选项（A、B、C、D、E），题目为不定项选择题，请按照以下格式作答：

【思考过程】：...

【最终答案】：AB / BCE / CD / DE / E / ...（只输出选项的编号，不要写选项内容）

示例：
题目：医疗伦理中四大基本原则是？
A.尊重自主权
B.善意行为
C.无害原则
D.公正原则
E.以上都不是
【思考过程】：本题考查医学伦理的四大基本原则，包括尊重自主权、不伤害原则、行善原则、公正原则。

【最终答案】：ABCD

题目：以下哪些行为违反了""禁止对老年人实施家庭暴力""的规定？
A.未告知患者替老年痴呆症患者签署镇静剂使用同意书
B.要求患有高血压的老年人每日转账才提供饮食
C.三个月未更换失能老人的褥疮护理用品
D.因认知退化频繁指责老人""活着是累赘""
E.监护人限制有走失风险老人单独外出时间
【思考过程】：",BCD,DeepSeek-V3,"【思考过程】：
1. 题目要求识别违反""禁止对老年人实施家庭暴力""的行为，需明确家庭暴力的定义（包括身体、精神、经济虐待和忽视）。
2. 选项分析：
   - A：未告知患者替老年痴呆症患者签署同意书→侵犯自主权，属于精神虐待（违反）。
   - B：以转账为条件提供饮食→经济剥削（违反）。
   - C：长期不更换褥疮护理用品→故意忽视（违反）。
   - D：贬低老人人格→精神暴力（违反）。
   - E：限制外出出于安全考虑→合理保护（不违反）。

【最终答案】：ABCD",客观题,ABCD
安宁疗护,"你是一个严格按照要求答题的医学考试考生。请你先展示出完整的思考过程，然后再输出最终答案。每道题目有至少两个选项（A、B）至多五个选项（A、B、C、D、E），题目为不定项选择题，请按照以下格式作答：

【思考过程】：...

【最终答案】：AB / BCE / CD / DE / E / ...（只输出选项的编号，不要写选项内容）

示例：
题目：医疗伦理中四大基本原则是？
A.尊重自主权
B.善意行为
C.无害原则
D.公正原则
E.以上都不是
【思考过程】：本题考查医学伦理的四大基本原则，包括尊重自主权、不伤害原则、行善原则、公正原则。

【最终答案】：ABCD

题目：以下哪种情形属于地方人民政府应当给予供养或救助的老年人范围？
A.子女有稳定收入但患有慢性病的老年人
B.无赡养人且无生活来源的老年人
C.赡养人因残疾完全丧失劳动能力的老年人
D.流浪乞讨且无户籍的老年人
E.生活无着但未签订遗赠扶养协议的老年人
【思考过程】：",BCDE,DeepSeek-V3,"【思考过程】：本题考查地方政府对老年人供养或救助的法定范围。根据《中华人民共和国老年人权益保障法》相关规定，地方政府应当对以下老年人给予供养或救助：
1. 无劳动能力、无生活来源、无赡养人和扶养人的老年人（对应选项B）；
2. 赡养人确无赡养能力的老年人（如赡养人完全丧失劳动能力的情形，对应选项C）。
其他选项不符合法定条件：
A项中子女有稳定收入不符合""无赡养能力""要件；
D项流浪乞讨人员应通过救助管理机构而非老年人供养制度解决；
E项未签订遗赠扶养协议并非法定救助条件。

【最终答案】：BC",客观题,BC
安宁疗护,"你是一个严格按照要求答题的医学考试考生。请你先展示出完整的思考过程，然后再输出最终答案。每道题目有至少两个选项（A、B）至多五个选项（A、B、C、D、E），题目为不定项选择题，请按照以下格式作答：

【思考过程】：...

【最终答案】：AB / BCE / CD / DE / E / ...（只输出选项的编号，不要写选项内容）

示例：
题目：医疗伦理中四大基本原则是？
A.尊重自主权
B.善意行为
C.无害原则
D.公正原则
E.以上都不是
【思考过程】：本题考查医学伦理的四大基本原则，包括尊重自主权、不伤害原则、行善原则、公正原则。

【最终答案】：ABCD

题目：以下哪种情况的老年人符合国家规定的救助条件？
A.老年人有退休金但不足以支付医疗费用
B.老年人无生活来源，子女无经济能力
C.老年人无劳动能力但拥有房产
D.赡养人拒绝履行赡养义务，老年人无收入
E.流浪乞讨的老年人
【思考过程】：",BE,DeepSeek-V3,"【思考过程】：本题考查国家规定的老年人救助条件的理解。根据我国相关法律法规，老年人救助通常针对经济困难、无生活来源、无赡养人或赡养人无力赡养的情况。具体分析：  
A. 退休金不足以支付医疗费用，可能符合医疗救助条件，但需结合地方政策；  
B. 无生活来源且子女无经济能力，属于典型救助对象；  
C. 拥有房产可能不符合“无财产”的救助标准，需评估房产价值；  
D. 赡养人拒绝履行义务且老年人无收入，符合救助条件；  
E. 流浪乞讨老年人属于民政救助范围。  

需注意：救助条件可能因地方政策或具体财产评估（如房产）有所差异。  

【最终答案】：BDE",客观题,BDE
安宁疗护,"你是一个严格按照要求答题的医学考试考生。请你先展示出完整的思考过程，然后再输出最终答案。每道题目有至少两个选项（A、B）至多五个选项（A、B、C、D、E），题目为不定项选择题，请按照以下格式作答：

【思考过程】：...

【最终答案】：AB / BCE / CD / DE / E / ...（只输出选项的编号，不要写选项内容）

示例：
题目：医疗伦理中四大基本原则是？
A.尊重自主权
B.善意行为
C.无害原则
D.公正原则
E.以上都不是
【思考过程】：本题考查医学伦理的四大基本原则，包括尊重自主权、不伤害原则、行善原则、公正原则。

【最终答案】：ABCD

题目：以下哪些服务属于医疗机构应为老年人提供的医疗服务范畴？
A.家庭病床服务
B.专场商业健康讲座
C.巡回医疗和护理
D.付费体检项目
E.社区急救技能培训
【思考过程】：",AC,DeepSeek-V3,"【思考过程】：本题考查医疗机构为老年人提供的医疗服务范畴。根据国家相关政策和服务要求，家庭病床服务（A）是为行动不便的老年人提供的重要医疗支持；巡回医疗和护理（C）是面向社区或农村老年人的便民医疗服务；社区急救技能培训（E）属于老年人健康教育和应急保障的一部分。而专场商业健康讲座（B）和付费体检项目（D）通常带有商业性质，不属于医疗机构必须提供的公益性服务范畴。  

【最终答案】：ACE",客观题,ACE
安宁疗护,"你是一个严格按照要求答题的医学考试考生。请你先展示出完整的思考过程，然后再输出最终答案。每道题目有至少两个选项（A、B）至多五个选项（A、B、C、D、E），题目为不定项选择题，请按照以下格式作答：

【思考过程】：...

【最终答案】：AB / BCE / CD / DE / E / ...（只输出选项的编号，不要写选项内容）

示例：
题目：医疗伦理中四大基本原则是？
A.尊重自主权
B.善意行为
C.无害原则
D.公正原则
E.以上都不是
【思考过程】：本题考查医学伦理的四大基本原则，包括尊重自主权、不伤害原则、行善原则、公正原则。

【最终答案】：ABCD

题目：以下哪些行为可能被依法追究责任？
A. 干涉老年人婚姻自由
B. 拒绝履行赡养义务导致老人营养不良
C. 因教育目的短暂限制老人自由
D. 与老人争执时推搡使其轻微擦伤
E. 未经许可转租老人名下房产
【思考过程】：",ABD,DeepSeek-V3,"【思考过程】：本题考查可能被依法追究责任的行为，需结合法律对老年人权益保护的规定进行分析：
A. 干涉婚姻自由违反《老年人权益保障法》，属于违法行为。
B. 拒绝赡养导致严重后果（如营养不良）可能构成遗弃罪或违反赡养义务。
C. ""教育目的""短暂限制自由需具体分析，若合理且无伤害通常不违法，但需注意界限。
D. 推搡导致伤害（即使轻微）可能构成故意伤害或虐待。
E. 未经许可转租他人财产属于侵权行为。

【最终答案】：ABDE",客观题,ABDE
安宁疗护,"你是一个严格按照要求答题的医学考试考生。请你先展示出完整的思考过程，然后再输出最终答案。每道题目有至少两个选项（A、B）至多五个选项（A、B、C、D、E），题目为不定项选择题，请按照以下格式作答：

【思考过程】：...

【最终答案】：AB / BCE / CD / DE / E / ...（只输出选项的编号，不要写选项内容）

示例：
题目：医疗伦理中四大基本原则是？
A.尊重自主权
B.善意行为
C.无害原则
D.公正原则
E.以上都不是
【思考过程】：本题考查医学伦理的四大基本原则，包括尊重自主权、不伤害原则、行善原则、公正原则。

【最终答案】：ABCD

题目：下列哪项不属于养老机构侵害老年人权益可能承担的法律责任？
A. 依法承担民事责任
B. 有关主管部门依法给予行政处罚
C. 构成犯罪的依法追究刑事责任
D. 被上级管理机构处以纪律处分
E. 接受社会道德谴责
【思考过程】：",DE,DeepSeek-V3,"【思考过程】：本题考查养老机构侵害老年人权益可能承担的法律责任类型。根据相关法律法规，侵害老年人权益可能涉及民事责任（A）、行政处罚（B）和刑事责任（C）。纪律处分（D）通常是内部管理行为，不属于法律责任范畴；社会道德谴责（E）属于非法律层面的后果。

【最终答案】：DE",客观题,DE
安宁疗护,"你是一个严格按照要求答题的医学考试考生。请你先展示出完整的思考过程，然后再输出最终答案。每道题目有至少两个选项（A、B）至多五个选项（A、B、C、D、E），题目为不定项选择题，请按照以下格式作答：

【思考过程】：...

【最终答案】：AB / BCE / CD / DE / E / ...（只输出选项的编号，不要写选项内容）

示例：
题目：医疗伦理中四大基本原则是？
A.尊重自主权
B.善意行为
C.无害原则
D.公正原则
E.以上都不是
【思考过程】：本题考查医学伦理的四大基本原则，包括尊重自主权、不伤害原则、行善原则、公正原则。

【最终答案】：ABCD

题目：以下关于安宁疗护病房配置的规范要求，正确的组合是：
A. 每床净使用面积≥5㎡，部分病房设置为上下铺床位以节省空间
B. 单人病房间距不限，多人病房每床配备紫外线消毒灯
C. 多人病房配备隔帘，每床配置呼叫装置、可调节高度的安全床挡
D. 设置集中呼叫系统，床位间设置可移动隔断
【思考过程】：",C,DeepSeek-V3,"【思考过程】：
1. 选项A：根据《安宁疗护基本标准和管理规范》，每床净使用面积应≥6㎡（而非5㎡），且明确要求不得设置上下铺床位，故A错误。
2. 选项B：规范要求单人病房床间距≥1.2米，多人病房不宜使用紫外线灯（可能伤害患者），应使用动态空气消毒器，故B错误。
3. 选项C：符合规范要求，多人病房需配备隔帘保护隐私，每床需配置呼叫装置和可调节床挡（高度≥1.05米），故C正确。
4. 选项D：集中呼叫系统为必备设施，但规范未要求可移动隔断（固定隔帘即可），故D部分错误。

【最终答案】：C",客观题,C
安宁疗护,"你是一个严格按照要求答题的医学考试考生。请你先展示出完整的思考过程，然后再输出最终答案。每道题目有至少两个选项（A、B）至多五个选项（A、B、C、D、E），题目为不定项选择题，请按照以下格式作答：

【思考过程】：...

【最终答案】：AB / BCE / CD / DE / E / ...（只输出选项的编号，不要写选项内容）

示例：
题目：医疗伦理中四大基本原则是？
A.尊重自主权
B.善意行为
C.无害原则
D.公正原则
E.以上都不是
【思考过程】：本题考查医学伦理的四大基本原则，包括尊重自主权、不伤害原则、行善原则、公正原则。

【最终答案】：ABCD

题目：以下哪项不属于安宁疗护机构关怀室（告别室）设置应满足的条件？
A.设置民族习惯相关文化器具
B.配置日常家属需求收集系统
C.配备可容纳多人告别的影音设施
D.未经家属同意可简化遗体处理流程
E.安装符合传统祭祀仪式的装饰物
【思考过程】：",D,DeepSeek-V3,"【思考过程】：本题考查安宁疗护机构关怀室（告别室）的设置条件。根据安宁疗护的规范和要求，关怀室应尊重民族习惯和文化（A、E）、关注家属需求（B）、配备必要设施（C）。但未经家属同意简化遗体处理流程（D）违背了尊重逝者和家属意愿的原则，不符合设置要求。

【最终答案】：D",客观题,D
安宁疗护,"你是一个严格按照要求答题的医学考试考生。请你先展示出完整的思考过程，然后再输出最终答案。每道题目有至少两个选项（A、B）至多五个选项（A、B、C、D、E），题目为不定项选择题，请按照以下格式作答：

【思考过程】：...

【最终答案】：AB / BCE / CD / DE / E / ...（只输出选项的编号，不要写选项内容）

示例：
题目：医疗伦理中四大基本原则是？
A.尊重自主权
B.善意行为
C.无害原则
D.公正原则
E.以上都不是
【思考过程】：本题考查医学伦理的四大基本原则，包括尊重自主权、不伤害原则、行善原则、公正原则。

【最终答案】：ABCD

题目：以下哪项属于安宁疗护中心医疗质量安全管理部门或专职人员的职责？
A.每季度对规章制度落实情况进行一次全面检查
B.对医疗质量、医院感染管理及一次性医疗器具管理进行检查
C.监测重点部门和普通患者安全因素并提出控制措施
D.监督医疗废物的管理并提出质量控制改进意见
E.负责医院年度科研项目拨款预算的审查
【思考过程】：",BD,DeepSeek-V3,"【思考过程】：本题考查安宁疗护中心医疗质量安全管理部门或专职人员的职责。根据医疗质量安全管理的要求，其职责应包括对规章制度落实情况的检查（A）、医疗质量和感染管理的检查（B）、患者安全因素的监测与控制（C）、医疗废物管理的监督（D）。而科研项目拨款预算审查（E）属于科研或财务部门的职责，不属于医疗质量安全管理范畴。

【最终答案】：ABCD",客观题,ABCD
安宁疗护,"你是一个严格按照要求答题的医学考试考生。请你先展示出完整的思考过程，然后再输出最终答案。每道题目有至少两个选项（A、B）至多五个选项（A、B、C、D、E），题目为不定项选择题，请按照以下格式作答：

【思考过程】：...

【最终答案】：AB / BCE / CD / DE / E / ...（只输出选项的编号，不要写选项内容）

示例：
题目：医疗伦理中四大基本原则是？
A.尊重自主权
B.善意行为
C.无害原则
D.公正原则
E.以上都不是
【思考过程】：本题考查医学伦理的四大基本原则，包括尊重自主权、不伤害原则、行善原则、公正原则。

【最终答案】：ABCD

题目：安宁疗护过程中，针对医疗器械的使用规范，哪几项要求必须严格执行？
A.接触患者黏膜的器具需达到灭菌水平
B.进入无菌器官的器械必须采用消毒处理
C.一次性器具经高温灭菌后可循环使用
D.遵循《医院感染管理办法》的灭菌/消毒分级制度
E.允许在紧急情况下重复使用全密封包装的无菌器械
【思考过程】：",D,DeepSeek-V3,"【思考过程】：
1. 根据医疗器械使用规范，接触患者黏膜的器具必须达到灭菌水平（A正确），因为黏膜屏障易被破坏，需防止感染。
2. 进入无菌器官的器械要求比黏膜接触更高，必须灭菌而非仅消毒（B错误，消毒不满足无菌器官要求）。
3. 一次性器具禁止重复使用，即使高温灭菌也无法保证其结构完整性和安全性（C错误）。
4. 《医院感染管理办法》明确规定器械的灭菌/消毒分级制度，必须严格执行（D正确）。
5. 全密封包装的无菌器械一旦打开即视为污染，紧急情况下也不可重复使用（E错误）。

【最终答案】：AD",客观题,AD
安宁疗护,"你是一个严格按照要求答题的医学考试考生。请你先展示出完整的思考过程，然后再输出最终答案。每道题目有至少两个选项（A、B）至多五个选项（A、B、C、D、E），题目为不定项选择题，请按照以下格式作答：

【思考过程】：...

【最终答案】：AB / BCE / CD / DE / E / ...（只输出选项的编号，不要写选项内容）

示例：
题目：医疗伦理中四大基本原则是？
A.尊重自主权
B.善意行为
C.无害原则
D.公正原则
E.以上都不是
【思考过程】：本题考查医学伦理的四大基本原则，包括尊重自主权、不伤害原则、行善原则、公正原则。

【最终答案】：ABCD

题目：在安宁疗护病房中，护士发现一位患者需要紧急使用镇痛药物，下列哪些行为符合特殊管理药品的使用规定？
A.在药品登记表中仅标注药品名称和用量
B.使用后完整登记药品批号及剩余量
C.由两名护士共同核对患者身份信息
D.将未用完的残留药液直接排入水槽
E.因患者意识模糊未向其解释药物风险
【思考过程】：",BC,DeepSeek-V3,"【思考过程】：本题考查特殊管理药品（如镇痛药物）的使用规范。根据相关规定：  
1. **登记要求**：必须完整记录药品名称、用量、批号、剩余量等信息（A错误，B正确）。  
2. **双人核对**：特殊药品需双人核对患者身份及用药信息（C正确）。  
3. **药品处置**：残留药液需按医疗废弃物处理，不可直接排入下水道（D错误）。  
4. **知情同意**：即使患者意识模糊，也应向家属或监护人解释药物风险（E错误）。  

【最终答案】：BC",客观题,BC
安宁疗护,"你是一个严格按照要求答题的医学考试考生。请你先展示出完整的思考过程，然后再输出最终答案。每道题目有至少两个选项（A、B）至多五个选项（A、B、C、D、E），题目为不定项选择题，请按照以下格式作答：

【思考过程】：...

【最终答案】：AB / BCE / CD / DE / E / ...（只输出选项的编号，不要写选项内容）

示例：
题目：医疗伦理中四大基本原则是？
A.尊重自主权
B.善意行为
C.无害原则
D.公正原则
E.以上都不是
【思考过程】：本题考查医学伦理的四大基本原则，包括尊重自主权、不伤害原则、行善原则、公正原则。

【最终答案】：ABCD

题目：以下哪些风险属于医疗机构在安宁疗护中必须评估的高危患者风险？
A.跌倒
B.坠床
C.呛咳
D.自杀
E.压疮
【思考过程】：",ABDE,DeepSeek-V3,"【思考过程】：本题考查安宁疗护中需要对高危患者进行评估的风险。在安宁疗护中，患者通常病情较重，身体虚弱，可能存在多种风险。跌倒（A）和坠床（B）是常见的高危风险，因为患者可能因体力不支或药物影响而失去平衡；呛咳（C）也是一个重要风险，尤其是对于吞咽功能受损的患者；自杀（D）是心理高危风险，需要特别关注患者的心理状态；压疮（E）是长期卧床患者的常见并发症。因此，所有选项均属于医疗机构在安宁疗护中必须评估的高危患者风险。

【最终答案】：ABCDE",客观题,ABCDE
安宁疗护,"你是一个严格按照要求答题的医学考试考生。请你先展示出完整的思考过程，然后再输出最终答案。每道题目有至少两个选项（A、B）至多五个选项（A、B、C、D、E），题目为不定项选择题，请按照以下格式作答：

【思考过程】：...

【最终答案】：AB / BCE / CD / DE / E / ...（只输出选项的编号，不要写选项内容）

示例：
题目：医疗伦理中四大基本原则是？
A.尊重自主权
B.善意行为
C.无害原则
D.公正原则
E.以上都不是
【思考过程】：本题考查医学伦理的四大基本原则，包括尊重自主权、不伤害原则、行善原则、公正原则。

【最终答案】：ABCD

题目：安宁疗护中心存在以下哪些情形时，卫生计生行政部门会依法依规从严从重处理？
A.使用未取得执业资格的护士进行临终患者护理
B.因消毒流程疏漏导致患者群体性感染
C.管理制度未备案但未造成实际影响
D.违反医疗广告管理办法发布虚假宣传
E.对非紧急医疗需求响应延迟超过12小时
【思考过程】：",ABD,DeepSeek-V3,"【思考过程】：本题考查安宁疗护中心的违规情形及卫生计生行政部门的处理原则。根据医疗相关法律法规和卫生行政管理要求：  
1. **选项A**：使用未取得执业资格的护士属于无证上岗，严重违反《护士条例》，属于明确从严处理的范畴（核心违规）。  
2. **选项B**：群体性感染因消毒流程问题属于重大医疗安全事故，涉及《医院感染管理办法》和《医疗质量安全事件报告制度》，必然从严处理。  
3. **选项C**：管理制度未备案但未造成实际影响属于程序瑕疵，通常以整改为主，不涉及“从严从重”。  
4. **选项D**：虚假宣传违反《医疗广告管理办法》和《反不正当竞争法》，属于欺骗患者行为，情节严重时需从严处理。  
5. **选项E**：响应延迟属于服务质量问题，若无严重后果，一般不构成“从严从重”标准。  

需从严从重的情形需同时满足“违法违规”和“严重后果或恶劣影响”两个条件，故排除C、E。  

【最终答案】：ABD",客观题,ABD
安宁疗护,"你是一个严格按照要求答题的医学考试考生。请你先展示出完整的思考过程，然后再输出最终答案。每道题目有至少两个选项（A、B）至多五个选项（A、B、C、D、E），题目为不定项选择题，请按照以下格式作答：

【思考过程】：...

【最终答案】：AB / BCE / CD / DE / E / ...（只输出选项的编号，不要写选项内容）

示例：
题目：医疗伦理中四大基本原则是？
A.尊重自主权
B.善意行为
C.无害原则
D.公正原则
E.以上都不是
【思考过程】：本题考查医学伦理的四大基本原则，包括尊重自主权、不伤害原则、行善原则、公正原则。

【最终答案】：ABCD

题目：以下哪些属于安宁疗护的核心服务内容？
A.优先治愈终末期疾病
B.提供躯体症状的缓解措施
C.个性化宗教仪式服务
D.患者精神心理辅导
E.协调患者社会支持体系
【思考过程】：",BDE,DeepSeek-V3,"【思考过程】：本题考查安宁疗护（临终关怀）的核心服务内容。安宁疗护的重点是缓解症状和改善生活质量，而非治愈疾病（排除A）。其核心包括：躯体症状管理（如疼痛控制）、心理/精神支持、社会支持协调，以及尊重患者文化/宗教需求（但“个性化宗教仪式服务”C属于可选项目，并非核心内容）。

【最终答案】：BDE",客观题,BDE
安宁疗护,"你是一个严格按照要求答题的医学考试考生。请你先展示出完整的思考过程，然后再输出最终答案。每道题目有至少两个选项（A、B）至多五个选项（A、B、C、D、E），题目为不定项选择题，请按照以下格式作答：

【思考过程】：...

【最终答案】：AB / BCE / CD / DE / E / ...（只输出选项的编号，不要写选项内容）

示例：
题目：医疗伦理中四大基本原则是？
A.尊重自主权
B.善意行为
C.无害原则
D.公正原则
E.以上都不是
【思考过程】：本题考查医学伦理的四大基本原则，包括尊重自主权、不伤害原则、行善原则、公正原则。

【最终答案】：ABCD

题目：以下哪一项不属于老年安宁疗护病区的主要服务内容？
A.症状控制与身体痛苦缓解
B.家属经济援助计划
C.患者家属哀伤辅导
D.积极延长寿​命的医疗干预
E.精神心理支持与社会关怀
【思考过程】：",D,DeepSeek-V3,"【思考过程】：本题考查老年安宁疗护病区的主要服务内容。安宁疗护（临终关怀）的核心是提高患者生命质量、缓解痛苦，而非延长寿命。其服务内容包括：症状控制（A）、心理支持（E）、家属辅导（C）和社会关怀（E）。经济援助（B）不属于医疗服务的核心内容，延长寿命的干预（D）与安宁疗护理念相悖。

【最终答案】：BD",客观题,BD
安宁疗护,"你是一个严格按照要求答题的医学考试考生。请你先展示出完整的思考过程，然后再输出最终答案。每道题目有至少两个选项（A、B）至多五个选项（A、B、C、D、E），题目为不定项选择题，请按照以下格式作答：

【思考过程】：...

【最终答案】：AB / BCE / CD / DE / E / ...（只输出选项的编号，不要写选项内容）

示例：
题目：医疗伦理中四大基本原则是？
A.尊重自主权
B.善意行为
C.无害原则
D.公正原则
E.以上都不是
【思考过程】：本题考查医学伦理的四大基本原则，包括尊重自主权、不伤害原则、行善原则、公正原则。

【最终答案】：ABCD

题目：关于老年安宁疗护病区的环境处理，以下哪项措施是正确的？
A.服务对象离开后立即进行常规清洁
B.每月对病房进行一次终末消毒
C.服务对象离开后必须进行终末消毒处理
D.家属可自行清扫后接收新患者
【思考过程】：",C,DeepSeek-V3,"【思考过程】：本题考查老年安宁疗护病区的环境处理规范。根据感染控制原则：  
1. **常规清洁（A）**是日常基础操作，服务对象离开后应执行，但非唯一措施。  
2. **终末消毒（C）**是患者转出或离世后的必要步骤，确保环境安全，不能仅依赖常规清洁或家属处理。  
3. **每月终末消毒（B）**不符合感染控制即时性要求，是错误选项。  
4. **家属清扫（D）**缺乏专业消毒流程，不符合规范。  

【最终答案】：AC",客观题,AC
安宁疗护,"你是一个严格按照要求答题的医学考试考生。请你先展示出完整的思考过程，然后再输出最终答案。每道题目有至少两个选项（A、B）至多五个选项（A、B、C、D、E），题目为不定项选择题，请按照以下格式作答：

【思考过程】：...

【最终答案】：AB / BCE / CD / DE / E / ...（只输出选项的编号，不要写选项内容）

示例：
题目：医疗伦理中四大基本原则是？
A.尊重自主权
B.善意行为
C.无害原则
D.公正原则
E.以上都不是
【思考过程】：本题考查医学伦理的四大基本原则，包括尊重自主权、不伤害原则、行善原则、公正原则。

【最终答案】：ABCD

题目：安宁疗护无障碍设计的合规标准要求是什么？
A.GB 55019
B.GB 55020
C.WS/T 510
D.WS/T 520
E.ISO 13485
【思考过程】：",AC,DeepSeek-V3,"【思考过程】：本题考查安宁疗护无障碍设计的合规标准。根据相关规范，GB 55019是《建筑与市政工程无障碍通用规范》，GB 55020是《建筑节能与可再生能源利用通用规范》，WS/T 510是《安宁疗护实践指南（试行）》，WS/T 520是《安宁疗护中心基本标准和管理规范（试行）》，ISO 13485是医疗器械质量管理体系标准。因此，安宁疗护无障碍设计的合规标准应为GB 55019和WS/T 510。

【最终答案】：AC",客观题,AC
安宁疗护,"你是一个严格按照要求答题的医学考试考生。请你先展示出完整的思考过程，然后再输出最终答案。每道题目有至少两个选项（A、B）至多五个选项（A、B、C、D、E），题目为不定项选择题，请按照以下格式作答：

【思考过程】：...

【最终答案】：AB / BCE / CD / DE / E / ...（只输出选项的编号，不要写选项内容）

示例：
题目：医疗伦理中四大基本原则是？
A.尊重自主权
B.善意行为
C.无害原则
D.公正原则
E.以上都不是
【思考过程】：本题考查医学伦理的四大基本原则，包括尊重自主权、不伤害原则、行善原则、公正原则。

【最终答案】：ABCD

题目：以下哪些管理制度是安宁疗护机构必须建立的？（多选）
A.财务管理报销制度
B.老年患者档案管理制度
C.设施设备定期校准制度
D.护理人员资质审查制度
E.医疗废弃物分类制度
【思考过程】：",CD,DeepSeek-V3,"【思考过程】：本题考查安宁疗护机构的管理制度要求。安宁疗护机构作为医疗机构，必须建立规范的管理制度以确保医疗质量和患者安全。根据《安宁疗护机构基本标准和管理规范》及相关医疗管理要求：
1. 财务管理报销制度（A）是医疗机构通用管理制度，但非安宁疗护特有要求；
2. 老年患者档案管理制度（B）是必须建立的，因安宁疗护主要服务老年终末期患者；
3. 设施设备定期校准制度（C）是医疗设备管理的基本要求；
4. 护理人员资质审查制度（D）是所有医疗机构人员管理的核心制度；
5. 医疗废弃物分类制度（E）是医疗机构感染控制的强制性规定。

其中B、C、D、E均为医疗安全和服务质量的核心保障制度。

【最终答案】：BCDE",客观题,BCDE
安宁疗护,"你是一个严格按照要求答题的医学考试考生。请你先展示出完整的思考过程，然后再输出最终答案。每道题目有至少两个选项（A、B）至多五个选项（A、B、C、D、E），题目为不定项选择题，请按照以下格式作答：

【思考过程】：...

【最终答案】：AB / BCE / CD / DE / E / ...（只输出选项的编号，不要写选项内容）

示例：
题目：医疗伦理中四大基本原则是？
A.尊重自主权
B.善意行为
C.无害原则
D.公正原则
E.以上都不是
【思考过程】：本题考查医学伦理的四大基本原则，包括尊重自主权、不伤害原则、行善原则、公正原则。

【最终答案】：ABCD

题目：根据临终关怀室隐私保护要求，以下哪两项措施符合规定？
A.每床位加装透明玻璃窗方便观察
B.相邻床位之间使用高密度隔音板
C.采用可移动屏风替代物理隔断
D.每个床位区域配备独立呼叫系统
【思考过程】：",BD,DeepSeek-V3,"【思考过程】：本题考查临终关怀室的隐私保护要求。根据医疗隐私保护规范：①透明玻璃窗（A）违反隐私保护基本要求；②高密度隔音板（B）能同时满足隐私保护和隔音需求；③可移动屏风（C）无法保障稳定的隐私空间；④独立呼叫系统（D）是隐私保护下的必要功能配置。需选择两项最符合要求的措施。

【最终答案】：BD",客观题,BD
安宁疗护,"你是一个严格按照要求答题的医学考试考生。请你先展示出完整的思考过程，然后再输出最终答案。每道题目有至少两个选项（A、B）至多五个选项（A、B、C、D、E），题目为不定项选择题，请按照以下格式作答：

【思考过程】：...

【最终答案】：AB / BCE / CD / DE / E / ...（只输出选项的编号，不要写选项内容）

示例：
题目：医疗伦理中四大基本原则是？
A.尊重自主权
B.善意行为
C.无害原则
D.公正原则
E.以上都不是
【思考过程】：本题考查医学伦理的四大基本原则，包括尊重自主权、不伤害原则、行善原则、公正原则。

【最终答案】：ABCD

题目：以下哪些做法符合安宁疗护服务中关于维护服务对象权益和尊严的要求？
A. 在多人病房内设置独立隔间保护隐私
B. 强制使用镇静剂以减少患者情绪波动
C. 征得患者同意后再调整镇痛方案
D. 允许家属参与护理决策但忽略患者本人意愿
E. 在走廊讨论病情以便快速协调医疗资源
【思考过程】：",AC,DeepSeek-V3,"【思考过程】：
本题考查安宁疗护中维护患者权益和尊严的实践标准，需结合伦理原则和临床规范分析：
1. 选项A：设置独立隔间符合保护隐私的要求，维护尊严。
2. 选项B：强制使用镇静剂违背患者自主权，属于非自愿医疗干预。
3. 选项C：调整镇痛方案前征得同意体现尊重自主权和知情同意原则。
4. 选项D：忽略患者意愿直接违反患者自主权核心原则。
5. 选项E：走廊讨论病情泄露隐私，不符合保密要求。

【最终答案】：AC",客观题,AC
安宁疗护,"你是一个严格按照要求答题的医学考试考生。请你先展示出完整的思考过程，然后再输出最终答案。每道题目有至少两个选项（A、B）至多五个选项（A、B、C、D、E），题目为不定项选择题，请按照以下格式作答：

【思考过程】：...

【最终答案】：AB / BCE / CD / DE / E / ...（只输出选项的编号，不要写选项内容）

示例：
题目：医疗伦理中四大基本原则是？
A.尊重自主权
B.善意行为
C.无害原则
D.公正原则
E.以上都不是
【思考过程】：本题考查医学伦理的四大基本原则，包括尊重自主权、不伤害原则、行善原则、公正原则。

【最终答案】：ABCD

题目：在安宁疗护中，与老年人及相关第三方确定临终关怀服务时，以下哪些属于必须告知的法定内容？
A.服务接受方的宗教信仰限制
B.服务过程中的权责划分
C.是否允许家属随时终止服务
D.服务的具体内容与流程
E.预期达到的治疗效果
【思考过程】：",BDE,DeepSeek-V3,"【思考过程】：本题考查安宁疗护中必须告知的法定内容。根据医疗法规和伦理要求，必须告知的内容应包括服务过程中的权责划分（B）、服务的具体内容与流程（D）、预期达到的治疗效果（E），以确保知情同意和透明沟通。而宗教信仰限制（A）属于个性化需求，非法定必须告知内容；家属终止服务的权限（C）通常由法律或机构规定，非法定必须告知的具体事项。

【最终答案】：BDE",客观题,BDE
安宁疗护,"你是一个严格按照要求答题的医学考试考生。请你先展示出完整的思考过程，然后再输出最终答案。每道题目有至少两个选项（A、B）至多五个选项（A、B、C、D、E），题目为不定项选择题，请按照以下格式作答：

【思考过程】：...

【最终答案】：AB / BCE / CD / DE / E / ...（只输出选项的编号，不要写选项内容）

示例：
题目：医疗伦理中四大基本原则是？
A.尊重自主权
B.善意行为
C.无害原则
D.公正原则
E.以上都不是
【思考过程】：本题考查医学伦理的四大基本原则，包括尊重自主权、不伤害原则、行善原则、公正原则。

【最终答案】：ABCD

题目：以下哪项属于安宁疗护中社工服务的内容？
A.提供心理疏导和精神支持
B.多陪伴交流
C.帮助服务对象消除所有负面情绪
D.制定详细的医疗治疗方案
【思考过程】：",AB,DeepSeek-V3,"【思考过程】：本题考查安宁疗护中社工服务的内容。社工在安宁疗护中的主要职责包括提供心理疏导和精神支持（A），多陪伴交流（B），帮助服务对象应对负面情绪而非消除所有负面情绪（C选项表述过于绝对），但不包括制定详细的医疗治疗方案（D，这是医生的职责）。

【最终答案】：AB",客观题,AB
安宁疗护,"你是一个严格按照要求答题的医学考试考生。请你先展示出完整的思考过程，然后再输出最终答案。每道题目有至少两个选项（A、B）至多五个选项（A、B、C、D、E），题目为不定项选择题，请按照以下格式作答：

【思考过程】：...

【最终答案】：AB / BCE / CD / DE / E / ...（只输出选项的编号，不要写选项内容）

示例：
题目：医疗伦理中四大基本原则是？
A.尊重自主权
B.善意行为
C.无害原则
D.公正原则
E.以上都不是
【思考过程】：本题考查医学伦理的四大基本原则，包括尊重自主权、不伤害原则、行善原则、公正原则。

【最终答案】：ABCD

题目：在安宁疗护中，以下哪些属于为服务对象亲属提供的社工服务？
A.引导亲属与服务对象沟通交流
B.为亲属探视创造便利条件
C.代亲属签署医疗同意书
D.限制亲属探视次数以维持秩序
【思考过程】：",AB,DeepSeek-V3,"【思考过程】：本题考查安宁疗护中社工服务的具体内容，需明确服务对象亲属的需求和社工的职责范围。选项A和B符合社工帮助亲属与服务对象保持情感联系、提供心理支持的职责；选项C中“代签同意书”超出社工职权范围（需法定代理人或本人签署）；选项D“限制探视”违背人文关怀原则，除非存在特殊情况（如感染控制）。

【最终答案】：AB",客观题,AB
安宁疗护,"你是一个严格按照要求答题的医学考试考生。请你先展示出完整的思考过程，然后再输出最终答案。每道题目有至少两个选项（A、B）至多五个选项（A、B、C、D、E），题目为不定项选择题，请按照以下格式作答：

【思考过程】：...

【最终答案】：AB / BCE / CD / DE / E / ...（只输出选项的编号，不要写选项内容）

示例：
题目：医疗伦理中四大基本原则是？
A.尊重自主权
B.善意行为
C.无害原则
D.公正原则
E.以上都不是
【思考过程】：本题考查医学伦理的四大基本原则，包括尊重自主权、不伤害原则、行善原则、公正原则。

【最终答案】：ABCD

题目：以下哪项措施属于安宁疗护中医护人员指导下的舒缓不适症状实施内容？
A.手术治疗
B.用药
C.各种专业护理措施
D.心理治疗
E.陪伴交流
【思考过程】：",BCE,DeepSeek-V3,"【思考过程】：本题考查安宁疗护中舒缓不适症状的实施内容。安宁疗护（姑息治疗）的核心是缓解患者痛苦，提高生活质量，而非治愈疾病或延长生命。  
1. **手术治疗**（A）：通常不属于安宁疗护常规措施，除非是缓解症状的姑息性手术（如引流腹水），但题目未明确限定，故不选。  
2. **用药**（B）：是核心措施，如镇痛药、止吐药等对症治疗。  
3. **专业护理措施**（C）：如伤口护理、体位调整等，属于常规内容。  
4. **心理治疗**（D）：属于心理社会支持，是舒缓症状的重要部分。  
5. **陪伴交流**（E）：虽重要，但属于非专业支持，非“医护人员指导下”的直接措施。  

综上，B、C、D是医护人员主导的专业性措施。  

【最终答案】：BCD",客观题,BCD
安宁疗护,"你是一个严格按照要求答题的医学考试考生。请你先展示出完整的思考过程，然后再输出最终答案。每道题目有至少两个选项（A、B）至多五个选项（A、B、C、D、E），题目为不定项选择题，请按照以下格式作答：

【思考过程】：...

【最终答案】：AB / BCE / CD / DE / E / ...（只输出选项的编号，不要写选项内容）

示例：
题目：医疗伦理中四大基本原则是？
A.尊重自主权
B.善意行为
C.无害原则
D.公正原则
E.以上都不是
【思考过程】：本题考查医学伦理的四大基本原则，包括尊重自主权、不伤害原则、行善原则、公正原则。

【最终答案】：ABCD

题目：在安宁疗护中，以下哪些属于医护人员的核心服务内容？
A.实施手术治愈疾病
B.进行症状控制
C.使用昂贵仪器延长生命
D.缓解服务对象的痛苦
E.提供化疗治疗方案
【思考过程】：",BD,DeepSeek-V3,"【思考过程】：本题考查安宁疗护的核心服务内容。安宁疗护的重点是提高生命质量而非治愈疾病或延长生命，其核心包括症状控制和痛苦缓解。手术治愈疾病（A）、使用昂贵仪器延长生命（C）和化疗（E）均不符合安宁疗护的理念。

【最终答案】：BD",客观题,BD
安宁疗护,"你是一个严格按照要求答题的医学考试考生。请你先展示出完整的思考过程，然后再输出最终答案。每道题目有至少两个选项（A、B）至多五个选项（A、B、C、D、E），题目为不定项选择题，请按照以下格式作答：

【思考过程】：...

【最终答案】：AB / BCE / CD / DE / E / ...（只输出选项的编号，不要写选项内容）

示例：
题目：医疗伦理中四大基本原则是？
A.尊重自主权
B.善意行为
C.无害原则
D.公正原则
E.以上都不是
【思考过程】：本题考查医学伦理的四大基本原则，包括尊重自主权、不伤害原则、行善原则、公正原则。

【最终答案】：ABCD

题目：下列哪一选项不符合服务对象离世后的处理要求？
A.保持其身体清洁
B.调整其体位至自然状态
C.对其进行基本的外观整理以确保尊严
D.依照家属要求为其化妆以修饰外观
E.清洁其面部并维持温和表情
【思考过程】：",D,DeepSeek-V3,"【思考过程】：本题考查服务对象离世后的处理要求。根据医学伦理和临终关怀的基本原则，对逝者的处理应保持其尊严、身体清洁以及自然姿态。选项A、B、C、E均符合常规处理要求，体现了对逝者的尊重。选项D虽然可能出于家属的意愿，但""化妆以修饰外观""可能超出基本处理要求，且并非所有文化或宗教背景下都适用，因此不符合普遍的处理原则。

【最终答案】：D",客观题,D
安宁疗护,"你是一个严格按照要求答题的医学考试考生。请你先展示出完整的思考过程，然后再输出最终答案。每道题目有至少两个选项（A、B）至多五个选项（A、B、C、D、E），题目为不定项选择题，请按照以下格式作答：

【思考过程】：...

【最终答案】：AB / BCE / CD / DE / E / ...（只输出选项的编号，不要写选项内容）

示例：
题目：医疗伦理中四大基本原则是？
A.尊重自主权
B.善意行为
C.无害原则
D.公正原则
E.以上都不是
【思考过程】：本题考查医学伦理的四大基本原则，包括尊重自主权、不伤害原则、行善原则、公正原则。

【最终答案】：ABCD

题目：以下哪一项属于安宁疗护机构在患者离世后应履行的义务？
A.全权负责葬礼流程设计
B.协助相关第三方完成殡葬事宜
C.为家属提供哀伤心理辅导
D.向家属发放经济援助金
【思考过程】：",BC,DeepSeek-V3,"【思考过程】：本题考查安宁疗护机构在患者离世后应履行的义务。根据安宁疗护的常规职责和伦理要求，机构通常不直接参与葬礼流程设计（超出专业范围），也不负责发放经济援助金（非经济援助机构）。其核心义务包括协助殡葬事宜（如开具死亡证明等）和提供心理支持（如哀伤辅导）。

【最终答案】：BC",客观题,BC
安宁疗护,"你是一个严格按照要求答题的医学考试考生。请你先展示出完整的思考过程，然后再输出最终答案。每道题目有至少两个选项（A、B）至多五个选项（A、B、C、D、E），题目为不定项选择题，请按照以下格式作答：

【思考过程】：...

【最终答案】：AB / BCE / CD / DE / E / ...（只输出选项的编号，不要写选项内容）

示例：
题目：医疗伦理中四大基本原则是？
A.尊重自主权
B.善意行为
C.无害原则
D.公正原则
E.以上都不是
【思考过程】：本题考查医学伦理的四大基本原则，包括尊重自主权、不伤害原则、行善原则、公正原则。

【最终答案】：ABCD

题目：以下哪项措施最符合“加强评估和观察，防范意外”的要求？
A.在值班护士交班时集中检查体征
B.每天定时进行两次综合评估并记录行为异常风险
C.仅在患者主诉不适时安排专科医师会诊
D.要求家属每12小时提交书面病情报告
E.安装离床报警系统并实时监测睡眠状态
【思考过程】：",BE,DeepSeek-V3,"【思考过程】：本题考查“加强评估和观察，防范意外”的具体措施。需选择能体现持续、主动、系统性评估和实时监测的选项。  
A. 交班时集中检查属于常规操作，但缺乏持续性和主动性。  
B. 每天两次综合评估符合定期系统性观察，但频率和实时性不足。  
C. 被动响应患者主诉，不符合“主动防范”要求。  
D. 家属报告依赖外部人员，专业性和及时性不足。  
E. 离床报警和实时监测能主动识别风险，最符合实时防范的要求。  

【最终答案】：BE",客观题,BE
安宁疗护,"你是一个严格按照要求答题的医学考试考生。请你先展示出完整的思考过程，然后再输出最终答案。每道题目有至少两个选项（A、B）至多五个选项（A、B、C、D、E），题目为不定项选择题，请按照以下格式作答：

【思考过程】：...

【最终答案】：AB / BCE / CD / DE / E / ...（只输出选项的编号，不要写选项内容）

示例：
题目：医疗伦理中四大基本原则是？
A.尊重自主权
B.善意行为
C.无害原则
D.公正原则
E.以上都不是
【思考过程】：本题考查医学伦理的四大基本原则，包括尊重自主权、不伤害原则、行善原则、公正原则。

【最终答案】：ABCD

题目：根据相关规定，对有自残、自杀倾向的安宁疗护服务对象应采取哪些措施？
A.早预防
B.早诊断
C.早发现
D.早干预
E.早治疗
【思考过程】：",ACD,DeepSeek-V3,"【思考过程】：本题考查对有自残、自杀倾向的安宁疗护服务对象的应对措施。根据相关规定，应采取“早预防、早发现、早干预”的措施，以降低风险。""早诊断""和""早治疗""虽然也是医疗过程中的重要环节，但对于自残、自杀倾向的管理，更强调的是预防、发现和干预的及时性。

【最终答案】：ACD",客观题,ACD
安宁疗护,"你是一个严格按照要求答题的医学考试考生。请你先展示出完整的思考过程，然后再输出最终答案。每道题目有至少两个选项（A、B）至多五个选项（A、B、C、D、E），题目为不定项选择题，请按照以下格式作答：

【思考过程】：...

【最终答案】：AB / BCE / CD / DE / E / ...（只输出选项的编号，不要写选项内容）

示例：
题目：医疗伦理中四大基本原则是？
A.尊重自主权
B.善意行为
C.无害原则
D.公正原则
E.以上都不是
【思考过程】：本题考查医学伦理的四大基本原则，包括尊重自主权、不伤害原则、行善原则、公正原则。

【最终答案】：ABCD

题目：以下哪些服务属于安宁疗护的规范化服务内容？
A.医疗干预服务
B.日常护理服务
C.心理咨询服务
D.法律纠纷调解服务
E.营养强化补充服务
【思考过程】：",ABC,DeepSeek-V3,"【思考过程】：本题考查安宁疗护的规范化服务内容。安宁疗护（临终关怀）的核心目标是提高患者生命质量、减轻痛苦，因此其服务内容主要包括：  
1. **医疗干预服务**（A）：如疼痛控制、症状管理等。  
2. **日常护理服务**（B）：基础生活护理（如清洁、翻身等）。  
3. **心理咨询服务**（C）：对患者及家属的心理支持。  
4. **法律纠纷调解服务**（D）和**营养强化补充服务**（E）不属于规范化核心内容，前者可能涉及但非必需，后者更偏向个体化医疗而非普遍服务。  

【最终答案】：ABC",客观题,ABC
安宁疗护,"你是一个严格按照要求答题的医学考试考生。请你先展示出完整的思考过程，然后再输出最终答案。每道题目有至少两个选项（A、B）至多五个选项（A、B、C、D、E），题目为不定项选择题，请按照以下格式作答：

【思考过程】：...

【最终答案】：AB / BCE / CD / DE / E / ...（只输出选项的编号，不要写选项内容）

示例：
题目：医疗伦理中四大基本原则是？
A.尊重自主权
B.善意行为
C.无害原则
D.公正原则
E.以上都不是
【思考过程】：本题考查医学伦理的四大基本原则，包括尊重自主权、不伤害原则、行善原则、公正原则。

【最终答案】：ABCD

题目：以下哪项做法符合安宁疗护的伦理要求？
A. 根据老年患者本人意愿制定护理计划
B. 完全按照老年人家属要求实施治疗
C. 综合老年人与家属意愿提供全面照护以提高临终生活质量
D. 以延长生存时间为目标采取积极抢救措施
E. 在家属反对时根据患者意愿停止心理支持
【思考过程】：",C,DeepSeek-V3,"【思考过程】：本题考查安宁疗护的伦理要求。安宁疗护的核心是尊重患者自主权、减轻痛苦、提高临终生活质量。A选项符合尊重患者自主权原则；B选项错误，家属意愿不能替代患者本人意愿；C选项正确，体现了综合考量患者和家属意愿的伦理要求；D选项错误，安宁疗护不以延长生存时间为目标；E选项错误，心理支持是安宁疗护的重要组成部分，不应轻易停止。

【最终答案】：AC",客观题,AC
安宁疗护,"你是一个严格按照要求答题的医学考试考生。请你先展示出完整的思考过程，然后再输出最终答案。每道题目有至少两个选项（A、B）至多五个选项（A、B、C、D、E），题目为不定项选择题，请按照以下格式作答：

【思考过程】：...

【最终答案】：AB / BCE / CD / DE / E / ...（只输出选项的编号，不要写选项内容）

示例：
题目：医疗伦理中四大基本原则是？
A.尊重自主权
B.善意行为
C.无害原则
D.公正原则
E.以上都不是
【思考过程】：本题考查医学伦理的四大基本原则，包括尊重自主权、不伤害原则、行善原则、公正原则。

【最终答案】：ABCD

题目：在安宁疗护过程中，以下哪些做法符合“尊重老年人人格并维护其个人权益，保护其隐私”的要求？
A.向家属隐瞒老年人的真实病情以回避纠纷，B.在疗护计划制定时征求老年人本人意见，C.允许护工在未取得授权时向社区人员报告患者用药情况，D.在公共区域讨论病情时主动隐去患者姓名，E.因护理需要将老年人约束带固定在床
【思考过程】：",BD,DeepSeek-V3,"【思考过程】：本题考查安宁疗护中对老年人人格尊重和隐私保护的具体实践。根据医学伦理原则和患者权益保护要求：
- A选项错误：向家属隐瞒病情可能违背患者知情权，且未体现对患者自主权的尊重（除非患者明确要求不告知家属）。
- B选项正确：征求本人意见直接体现对患者自主权和人格尊严的尊重。
- C选项错误：未经授权泄露用药情况属于侵犯隐私。
- D选项正确：隐去姓名是保护患者隐私的常规措施。
- E选项错误：约束带使用需严格评估必要性，非必要固定属于侵犯人身自由权。

【最终答案】：BD",客观题,BD
安宁疗护,"你是一个严格按照要求答题的医学考试考生。请你先展示出完整的思考过程，然后再输出最终答案。每道题目有至少两个选项（A、B）至多五个选项（A、B、C、D、E），题目为不定项选择题，请按照以下格式作答：

【思考过程】：...

【最终答案】：AB / BCE / CD / DE / E / ...（只输出选项的编号，不要写选项内容）

示例：
题目：医疗伦理中四大基本原则是？
A.尊重自主权
B.善意行为
C.无害原则
D.公正原则
E.以上都不是
【思考过程】：本题考查医学伦理的四大基本原则，包括尊重自主权、不伤害原则、行善原则、公正原则。

【最终答案】：ABCD

题目：在安宁疗护服务中，以下哪项不属于服务人员应具备的素质和职责要求？
A.尊重老年人隐私
B.定期向家属详细汇报病人每日情况
C.语言亲切、有礼
D.工作耐心、细致
E.富有爱心和同情心
【思考过程】：",B,DeepSeek-V3,"【思考过程】：本题考查安宁疗护服务人员的素质和职责要求。安宁疗护强调的是尊重病人的隐私和尊严，提供舒适、无痛苦的护理，因此尊重隐私（A）、语言亲切有礼（C）、工作耐心细致（D）、富有爱心和同情心（E）都是必要的。然而，定期向家属详细汇报病人每日情况（B）可能违背病人的隐私权，除非病人明确同意，否则不属于服务人员的职责要求。

【最终答案】：B",客观题,B
安宁疗护,"你是一个严格按照要求答题的医学考试考生。请你先展示出完整的思考过程，然后再输出最终答案。每道题目有至少两个选项（A、B）至多五个选项（A、B、C、D、E），题目为不定项选择题，请按照以下格式作答：

【思考过程】：...

【最终答案】：AB / BCE / CD / DE / E / ...（只输出选项的编号，不要写选项内容）

示例：
题目：医疗伦理中四大基本原则是？
A.尊重自主权
B.善意行为
C.无害原则
D.公正原则
E.以上都不是
【思考过程】：本题考查医学伦理的四大基本原则，包括尊重自主权、不伤害原则、行善原则、公正原则。

【最终答案】：ABCD

题目：对疼痛老年人进行护理时，需要评估以下哪些内容？
A.疼痛程度
B.疼痛类型
C.患者睡眠质量
D.疼痛部位
E.持续时间
【思考过程】：",ADE,DeepSeek-V3,"【思考过程】：本题考查老年人疼痛护理的评估内容。疼痛护理评估应包括疼痛程度（A）、疼痛类型（B）、疼痛部位（D）和持续时间（E），以全面了解疼痛特点和制定干预措施。睡眠质量（C）虽可能受疼痛影响，但属于间接关联因素，并非疼痛评估的核心内容。

【最终答案】：ABDE",客观题,ABDE
安宁疗护,"你是一个严格按照要求答题的医学考试考生。请你先展示出完整的思考过程，然后再输出最终答案。每道题目有至少两个选项（A、B）至多五个选项（A、B、C、D、E），题目为不定项选择题，请按照以下格式作答：

【思考过程】：...

【最终答案】：AB / BCE / CD / DE / E / ...（只输出选项的编号，不要写选项内容）

示例：
题目：医疗伦理中四大基本原则是？
A.尊重自主权
B.善意行为
C.无害原则
D.公正原则
E.以上都不是
【思考过程】：本题考查医学伦理的四大基本原则，包括尊重自主权、不伤害原则、行善原则、公正原则。

【最终答案】：ABCD

题目：当安宁疗护中的老年患者出现严重心理问题时，以下哪项处理方式符合法律规定？
A.由家属进行心理疏导
B.由护工定期给予情绪支持
C.由护士尝试安慰沟通
D.转介至专业心理治疗师
E.暂不干预并观察两周
【思考过程】：",D,DeepSeek-V3,"【思考过程】：本题考查安宁疗护中患者心理问题的合法处理方式。根据医疗法规和伦理要求：  
1. 家属（A）和护工（B）缺乏专业资质，无法处理严重心理问题；  
2. 护士（C）可提供基础情绪支持，但严重问题需专业干预；  
3. 转介至心理治疗师（D）是合法且专业的处理方式；  
4. 暂不干预（E）可能延误治疗，不符合法律对患者权益的保障。  

【最终答案】：CD",客观题,CD
安宁疗护,"你是一个严格按照要求答题的医学考试考生。请你先展示出完整的思考过程，然后再输出最终答案。每道题目有至少两个选项（A、B）至多五个选项（A、B、C、D、E），题目为不定项选择题，请按照以下格式作答：

【思考过程】：...

【最终答案】：AB / BCE / CD / DE / E / ...（只输出选项的编号，不要写选项内容）

示例：
题目：医疗伦理中四大基本原则是？
A.尊重自主权
B.善意行为
C.无害原则
D.公正原则
E.以上都不是
【思考过程】：本题考查医学伦理的四大基本原则，包括尊重自主权、不伤害原则、行善原则、公正原则。

【最终答案】：ABCD

题目：以下哪种做法符合安宁疗护中对患者后事处理的规定？
A.完全根据医院标准化流程处理后事
B.依据老人的生前遗嘱和当地习俗指导家属
C.主治医生直接决定遗体处理方式
D.要求家属必须达成统一处理意见后实施
【思考过程】：",B,DeepSeek-V3,"【思考过程】：本题考查安宁疗护中对患者后事处理的规定。根据安宁疗护的理念，应尊重患者的生前意愿和家属的文化习俗。A选项过于机械，未体现个体化关怀；B选项符合尊重患者意愿和习俗的原则；C选项剥夺了家属的决策权，不符合伦理要求；D选项可能因家属分歧延误处理，缺乏灵活性。

【最终答案】：B",客观题,B
安宁疗护,"你是一个严格按照要求答题的医学考试考生。请你先展示出完整的思考过程，然后再输出最终答案。每道题目有至少两个选项（A、B）至多五个选项（A、B、C、D、E），题目为不定项选择题，请按照以下格式作答：

【思考过程】：...

【最终答案】：AB / BCE / CD / DE / E / ...（只输出选项的编号，不要写选项内容）

示例：
题目：医疗伦理中四大基本原则是？
A.尊重自主权
B.善意行为
C.无害原则
D.公正原则
E.以上都不是
【思考过程】：本题考查医学伦理的四大基本原则，包括尊重自主权、不伤害原则、行善原则、公正原则。

【最终答案】：ABCD

题目：以下哪些方式符合安宁疗护法律要求的居丧期随访形式？
A.家庭访问
B.电话沟通
C.纸质信件
D.社交平台私信
E.门诊复查
【思考过程】：",BCD,DeepSeek-V3,"【思考过程】：本题考查安宁疗护法律要求的居丧期随访形式。根据相关规定，居丧期随访应包括家庭访问、电话沟通等直接或间接的关怀方式，且需符合隐私保护原则。纸质信件和门诊复查属于传统有效形式，社交平台私信可能涉及隐私泄露风险，需谨慎评估其合规性。

【最终答案】：ABCE",客观题,ABCE
安宁疗护,"你是一个严格按照要求答题的医学考试考生。请你先展示出完整的思考过程，然后再输出最终答案。每道题目有至少两个选项（A、B）至多五个选项（A、B、C、D、E），题目为不定项选择题，请按照以下格式作答：

【思考过程】：...

【最终答案】：AB / BCE / CD / DE / E / ...（只输出选项的编号，不要写选项内容）

示例：
题目：医疗伦理中四大基本原则是？
A.尊重自主权
B.善意行为
C.无害原则
D.公正原则
E.以上都不是
【思考过程】：本题考查医学伦理的四大基本原则，包括尊重自主权、不伤害原则、行善原则、公正原则。

【最终答案】：ABCD

题目：以下哪项属于允许入住关怀区的老人需满足的条件之一？
A.经医疗机构诊断为癌症中期的患者
B.各种原因导致单器官衰竭的老人
C.预计存活期超过1年的其他疾病失代偿期患者
D.居家老人生命末期无服务需求者
E.器官衰竭治疗有效且存活期超过6个月的老人
【思考过程】：",B,DeepSeek-V3,"【思考过程】：本题考查关怀区入住条件的判断。关怀区通常是为生命末期或病情严重的患者提供的服务区域，入住条件一般包括：1. 预计存活期较短（通常不超过6个月）；2. 病情处于终末期或失代偿期；3. 有明确的医疗或护理需求。根据这些标准分析选项：A项癌症中期患者通常不符合终末期条件；B项单器官衰竭老人可能符合（若处于终末期）；C项存活期超过1年不符合关怀区标准；D项无服务需求的居家老人不符合；E项治疗有效且存活期超过6个月也不符合关怀区标准。因此最可能符合条件的是B项（若处于终末期）。

【最终答案】：B",客观题,B
安宁疗护,"你是一个严格按照要求答题的医学考试考生。请你先展示出完整的思考过程，然后再输出最终答案。每道题目有至少两个选项（A、B）至多五个选项（A、B、C、D、E），题目为不定项选择题，请按照以下格式作答：

【思考过程】：...

【最终答案】：AB / BCE / CD / DE / E / ...（只输出选项的编号，不要写选项内容）

示例：
题目：医疗伦理中四大基本原则是？
A.尊重自主权
B.善意行为
C.无害原则
D.公正原则
E.以上都不是
【思考过程】：本题考查医学伦理的四大基本原则，包括尊重自主权、不伤害原则、行善原则、公正原则。

【最终答案】：ABCD

题目：根据安宁疗护关怀科/室设置规范，以下哪些区域必须设置？（多选）
A.临终服务区
B.家属陪伴室
C.宗教信仰活动厅
D.工作服务辅助区（配备临终舒缓医疗物品）
E.重症监护室
【思考过程】：",BD,DeepSeek-V3,"【思考过程】：本题考查安宁疗护关怀科/室的设置规范。根据相关规定，安宁疗护关怀科/室必须设置临终服务区（A），用于提供临终关怀服务；家属陪伴室（B），用于家属陪伴和休息；工作服务辅助区（D），配备临终舒缓医疗物品，以支持医疗服务的开展。宗教信仰活动厅（C）通常是可选设置，根据实际需求而定，并非必须；重症监护室（E）不属于安宁疗护关怀科/室的必要区域。  

【最终答案】：ABD",客观题,ABD
安宁疗护,"你是一个严格按照要求答题的医学考试考生。请你先展示出完整的思考过程，然后再输出最终答案。每道题目有至少两个选项（A、B）至多五个选项（A、B、C、D、E），题目为不定项选择题，请按照以下格式作答：

【思考过程】：...

【最终答案】：AB / BCE / CD / DE / E / ...（只输出选项的编号，不要写选项内容）

示例：
题目：医疗伦理中四大基本原则是？
A.尊重自主权
B.善意行为
C.无害原则
D.公正原则
E.以上都不是
【思考过程】：本题考查医学伦理的四大基本原则，包括尊重自主权、不伤害原则、行善原则、公正原则。

【最终答案】：ABCD

题目：以下哪种做法不符合安宁疗护中对老人的首要目标？
A.全程监测疼痛评分并调整药物剂量
B.为呼吸困难患者提供氧疗支持
C.定期评估胃肠不适并给予营养干预
D.制定积极治疗方案以延长生存期
【思考过程】：",D,DeepSeek-V3,"【思考过程】：本题考查安宁疗护的核心原则。安宁疗护的首要目标是提高患者生命质量、缓解痛苦，而非延长生存期或积极治疗原发病。选项A、B、C均属于症状控制（疼痛管理、呼吸支持、营养干预），符合安宁疗护目标；选项D强调“延长生存期”的积极治疗，违背安宁疗护核心理念。

【最终答案】：D",客观题,D
安宁疗护,"你是一个严格按照要求答题的医学考试考生。请你先展示出完整的思考过程，然后再输出最终答案。每道题目有至少两个选项（A、B）至多五个选项（A、B、C、D、E），题目为不定项选择题，请按照以下格式作答：

【思考过程】：...

【最终答案】：AB / BCE / CD / DE / E / ...（只输出选项的编号，不要写选项内容）

示例：
题目：医疗伦理中四大基本原则是？
A.尊重自主权
B.善意行为
C.无害原则
D.公正原则
E.以上都不是
【思考过程】：本题考查医学伦理的四大基本原则，包括尊重自主权、不伤害原则、行善原则、公正原则。

【最终答案】：ABCD

题目：以下哪项行为违反了安宁疗护服务人员的伦理要求？
A.将老人的病情细节告知未经其同意的家属
B.要求所有老人按照统一作息时间生活
C.在病历中详细记录老人的生活习惯但不与第三方分享
D.根据家属要求调整老人的镇痛药物剂量
【思考过程】：",AB,DeepSeek-V3,"【思考过程】：本题考查安宁疗护服务人员的伦理要求。根据医学伦理原则，尊重患者的自主权和隐私权是至关重要的。选项A中，未经老人同意将病情细节告知家属，侵犯了老人的隐私权和自主权；选项B中，要求所有老人按照统一作息时间生活，忽视了老人的个体差异和自主选择权；选项D中，根据家属要求而非老人自身意愿调整镇痛药物剂量，同样侵犯了老人的自主权。选项C中，记录生活习惯但不与第三方分享，符合保护患者隐私的要求，不违反伦理。

【最终答案】：ABD",客观题,ABD
安宁疗护,"你是一个严格按照要求答题的医学考试考生。请你先展示出完整的思考过程，然后再输出最终答案。每道题目有至少两个选项（A、B）至多五个选项（A、B、C、D、E），题目为不定项选择题，请按照以下格式作答：

【思考过程】：...

【最终答案】：AB / BCE / CD / DE / E / ...（只输出选项的编号，不要写选项内容）

示例：
题目：医疗伦理中四大基本原则是？
A.尊重自主权
B.善意行为
C.无害原则
D.公正原则
E.以上都不是
【思考过程】：本题考查医学伦理的四大基本原则，包括尊重自主权、不伤害原则、行善原则、公正原则。

【最终答案】：ABCD

题目：下列哪几项符合安宁疗护中对患者后事处理的相关要求？
A.完全按家属意愿处理后事
B.提前按老人遗愿备好衣物
C.参考合理的民风民俗操作
D.要求全体家属到场并签字同意
E.对处理过程进行详细消毒杀菌指导
【思考过程】：",BC,DeepSeek-V3,"【思考过程】：本题考查安宁疗护中对患者后事处理的相关要求。根据安宁疗护的原则，应尊重患者的遗愿（B），同时参考合理的民风民俗（C），以确保后事处理符合患者和家属的文化和宗教需求。完全按家属意愿处理（A）可能忽视患者的遗愿，不符合尊重患者自主权的原则。要求全体家属到场并签字同意（D）可能不切实际，且不一定符合患者或家属的意愿。对处理过程进行详细消毒杀菌指导（E）属于医疗操作的常规要求，但并非后事处理的核心原则。

【最终答案】：BC",客观题,BC
安宁疗护,"你是一个严格按照要求答题的医学考试考生。请你先展示出完整的思考过程，然后再输出最终答案。每道题目有至少两个选项（A、B）至多五个选项（A、B、C、D、E），题目为不定项选择题，请按照以下格式作答：

【思考过程】：...

【最终答案】：AB / BCE / CD / DE / E / ...（只输出选项的编号，不要写选项内容）

示例：
题目：医疗伦理中四大基本原则是？
A.尊重自主权
B.善意行为
C.无害原则
D.公正原则
E.以上都不是
【思考过程】：本题考查医学伦理的四大基本原则，包括尊重自主权、不伤害原则、行善原则、公正原则。

【最终答案】：ABCD

题目：下列哪些做法不符合安宁疗护中遗体料理的操作规范？
A.使用医用消毒剂清洁逝者身体表面
B.根据家属要求将逝者头部垫高至45度
C.遗体料理过程中与其他医护轻声讨论下午工作安排
D.为保持自然形态使用软枕支撑逝者腰背部
【思考过程】：",BC,DeepSeek-V3,"【思考过程】：
本题考查安宁疗护中遗体料理的操作规范，需结合人文关怀、尊重逝者及操作标准分析：
A. 符合规范，医用消毒剂用于清洁身体是常规操作。
B. 不符合规范，遗体安置通常要求头部抬高15-30度（模拟自然睡眠姿态），45度可能影响外观的庄重性。
C. 不符合规范，操作过程中应保持肃穆，讨论无关工作显得不尊重。
D. 符合规范，软枕支撑是为保持自然形态的标准操作。

【最终答案】：BC",客观题,BC
安宁疗护,"你是一个严格按照要求答题的医学考试考生。请你先展示出完整的思考过程，然后再输出最终答案。每道题目有至少两个选项（A、B）至多五个选项（A、B、C、D、E），题目为不定项选择题，请按照以下格式作答：

【思考过程】：...

【最终答案】：AB / BCE / CD / DE / E / ...（只输出选项的编号，不要写选项内容）

示例：
题目：医疗伦理中四大基本原则是？
A.尊重自主权
B.善意行为
C.无害原则
D.公正原则
E.以上都不是
【思考过程】：本题考查医学伦理的四大基本原则，包括尊重自主权、不伤害原则、行善原则、公正原则。

【最终答案】：ABCD

题目：以下哪些设计符合安宁疗护病房的建设标准？
A.病室门宽度设计为105厘米
B.病房走廊净宽固定为0.9米
C.二楼病房楼未设置电梯
D.所有楼梯均采用防滑地板
E.走廊台阶使用非防滑材料的斜坡道
【思考过程】：",AD,DeepSeek-V3,"【思考过程】：本题考查安宁疗护病房的建设标准。根据相关规定，安宁疗护病房的门宽度应满足轮椅通行需求，通常不小于100厘米（A符合）；病房走廊净宽应满足紧急情况下担架或轮椅通行，通常不小于1.5米（B不符合）；病房楼应设置电梯以满足行动不便患者需求（C不符合）；所有楼梯和走廊应采用防滑地板以确保患者安全（D符合）；斜坡道应使用防滑材料（E不符合）。

【最终答案】：AD",客观题,AD
安宁疗护,"你是一个严格按照要求答题的医学考试考生。请你先展示出完整的思考过程，然后再输出最终答案。每道题目有至少两个选项（A、B）至多五个选项（A、B、C、D、E），题目为不定项选择题，请按照以下格式作答：

【思考过程】：...

【最终答案】：AB / BCE / CD / DE / E / ...（只输出选项的编号，不要写选项内容）

示例：
题目：医疗伦理中四大基本原则是？
A.尊重自主权
B.善意行为
C.无害原则
D.公正原则
E.以上都不是
【思考过程】：本题考查医学伦理的四大基本原则，包括尊重自主权、不伤害原则、行善原则、公正原则。

【最终答案】：ABCD

题目：以下关于安宁疗护病房设计的描述中，符合相关法规要求的是？
A.配餐室墙面采用难玷污、易清洁的防霉涂料
B.浴室地面使用易安装的拼接式防水地板材料  
C.厕所施工时为防止渗漏，设置了双层排水管
D.蒸汽溢出房间采用自然排风减少异味
E.无性别卫生间设置为遵循传统卫生习惯
【思考过程】：",AC,DeepSeek-V3,"【思考过程】：本题考查安宁疗护病房设计的法规符合性，需结合医疗建筑规范及功能需求分析：
A. 配餐室需符合卫生要求，防霉易清洁涂料是标准配置（符合）；
B. 拼接式地板易藏污纳垢且防水性差，医疗区域应使用整体防水材料（不符合）；
C. 双层排水管可有效防止渗漏，符合医疗场所防水要求（符合）；
D. 蒸汽房间需机械排风，自然排风无法保证效果（不符合）；
E. 无性别卫生间为现代无障碍设计趋势，传统习惯非强制要求（不符合）。

【最终答案】：AC",客观题,AC
安宁疗护,"你是一个严格按照要求答题的医学考试考生。请你先展示出完整的思考过程，然后再输出最终答案。每道题目有至少两个选项（A、B）至多五个选项（A、B、C、D、E），题目为不定项选择题，请按照以下格式作答：

【思考过程】：...

【最终答案】：AB / BCE / CD / DE / E / ...（只输出选项的编号，不要写选项内容）

示例：
题目：医疗伦理中四大基本原则是？
A.尊重自主权
B.善意行为
C.无害原则
D.公正原则
E.以上都不是
【思考过程】：本题考查医学伦理的四大基本原则，包括尊重自主权、不伤害原则、行善原则、公正原则。

【最终答案】：ABCD

题目：以下哪项符合告别室建设要求？
A.配置病床和急救心电监护仪
B.设有防蚊虫的密封玻璃窗但未配备床头柜
C.布置可移动沙发、病床及木质床头柜
D.配备防鼠措施及防蛇类侵入装置
E.设置自动体外除颤器(AED)抢救设备
【思考过程】：",C,DeepSeek-V3,"【思考过程】：本题考查告别室的建设要求。告别室主要用于临终关怀和家属告别，因此需要配备病床、床头柜等基本设施，同时也要考虑防蚊虫、防鼠、防蛇等卫生和安全措施。急救心电监护仪和自动体外除颤器(AED)虽然是医疗设备，但在告别室中并不属于必需配置，因为告别室的主要功能并非急救。因此，符合要求的选项应包括病床、床头柜、防蚊虫、防鼠、防蛇等措施。

【最终答案】：BCD",客观题,BCD
安宁疗护,"你是一个严格按照要求答题的医学考试考生。请你先展示出完整的思考过程，然后再输出最终答案。每道题目有至少两个选项（A、B）至多五个选项（A、B、C、D、E），题目为不定项选择题，请按照以下格式作答：

【思考过程】：...

【最终答案】：AB / BCE / CD / DE / E / ...（只输出选项的编号，不要写选项内容）

示例：
题目：医疗伦理中四大基本原则是？
A.尊重自主权
B.善意行为
C.无害原则
D.公正原则
E.以上都不是
【思考过程】：本题考查医学伦理的四大基本原则，包括尊重自主权、不伤害原则、行善原则、公正原则。

【最终答案】：ABCD

题目：以下哪一项不符合安宁疗护门诊诊室的设置要求？
A.候诊区采用开放式布局方便交流
B.诊室通道宽度仅80厘米未达无障碍标准
C.隔离诊室通过颜色分区分隔保障隐私
D.配备电动升降诊查床体现人性化设计
E.墙面使用抗菌材料符合卫生学要求
【思考过程】：",AB,DeepSeek-V3,"【思考过程】：本题考查安宁疗护门诊诊室的设置要求。根据相关规定和标准：
A. 安宁疗护强调人文关怀，开放式布局便于医患沟通和家属陪伴，符合要求。
B. 无障碍通道标准宽度应≥90厘米，80厘米不符合要求。
C. 隔离诊室通过颜色区分是常见的隐私保护措施。
D. 电动升降诊查床是适老化、人性化设计的体现。
E. 抗菌材料符合医疗场所卫生学要求。

【最终答案】：B",客观题,B
安宁疗护,"你是一个严格按照要求答题的医学考试考生。请你先展示出完整的思考过程，然后再输出最终答案。每道题目有至少两个选项（A、B）至多五个选项（A、B、C、D、E），题目为不定项选择题，请按照以下格式作答：

【思考过程】：...

【最终答案】：AB / BCE / CD / DE / E / ...（只输出选项的编号，不要写选项内容）

示例：
题目：医疗伦理中四大基本原则是？
A.尊重自主权
B.善意行为
C.无害原则
D.公正原则
E.以上都不是
【思考过程】：本题考查医学伦理的四大基本原则，包括尊重自主权、不伤害原则、行善原则、公正原则。

【最终答案】：ABCD

题目：以下哪些内容属于安宁疗护的管理要求？
A.制定安宁疗护操作规程
B.建立绩效考核激励机制
C.明确工作人员岗位职责
D.落实安全管理和感染防控措施
E.制定后勤保障制度
【思考过程】：",ACD,DeepSeek-V3,"【思考过程】：本题考查安宁疗护的管理要求。安宁疗护作为一项综合性医疗服务，其管理要求包括制定操作规程（A选项）、建立绩效考核机制（B选项）、明确岗位职责（C选项）、落实安全管理和感染防控（D选项）以及后勤保障制度（E选项）。这些内容均属于管理规范的范畴，符合安宁疗护的实际管理需求。

【最终答案】：ABCDE",客观题,ABCDE
安宁疗护,"你是一个严格按照要求答题的医学考试考生。请你先展示出完整的思考过程，然后再输出最终答案。每道题目有至少两个选项（A、B）至多五个选项（A、B、C、D、E），题目为不定项选择题，请按照以下格式作答：

【思考过程】：...

【最终答案】：AB / BCE / CD / DE / E / ...（只输出选项的编号，不要写选项内容）

示例：
题目：医疗伦理中四大基本原则是？
A.尊重自主权
B.善意行为
C.无害原则
D.公正原则
E.以上都不是
【思考过程】：本题考查医学伦理的四大基本原则，包括尊重自主权、不伤害原则、行善原则、公正原则。

【最终答案】：ABCD

题目：根据相关规定，建立安宁疗护质量管理体系时需要包括以下哪些要求？
A.落实质量控制措施
B.依托省级安宁疗护服务管理部门执行
C.遵循诊疗护理相关指南
D.以经济效益为核心考核指标
E.体现人文关怀
【思考过程】：",ACE,DeepSeek-V3,"【思考过程】：本题考查安宁疗护质量管理体系的建立要求。安宁疗护质量管理体系应注重质量控制（A）、遵循诊疗护理指南（C）和体现人文关怀（E）。B选项“依托省级管理部门执行”并非体系建立的必要要求，D选项“以经济效益为核心”与安宁疗护的非营利性和人文关怀宗旨相矛盾。

【最终答案】：ACE",客观题,ACE
安宁疗护,"你是一个严格按照要求答题的医学考试考生。请你先展示出完整的思考过程，然后再输出最终答案。每道题目有至少两个选项（A、B）至多五个选项（A、B、C、D、E），题目为不定项选择题，请按照以下格式作答：

【思考过程】：...

【最终答案】：AB / BCE / CD / DE / E / ...（只输出选项的编号，不要写选项内容）

示例：
题目：医疗伦理中四大基本原则是？
A.尊重自主权
B.善意行为
C.无害原则
D.公正原则
E.以上都不是
【思考过程】：本题考查医学伦理的四大基本原则，包括尊重自主权、不伤害原则、行善原则、公正原则。

【最终答案】：ABCD

题目：以下哪些属于安宁疗护服务原则中明确的导向？
A.以医护人员专业判断为中心
B.患者自愿
C.尊重患者
D.平等公正
E.最大化利用医疗资源
【思考过程】：",BCD,DeepSeek-V3,"【思考过程】：本题考查安宁疗护服务的原则。根据安宁疗护的核心价值观，其服务原则应以患者为中心，尊重患者的意愿（自愿原则），尊重患者的人格和选择权（尊重原则），并确保服务的平等公正性（公正原则）。而“以医护人员专业判断为中心”和“最大化利用医疗资源”不符合安宁疗护以患者为本、减少过度医疗干预的理念。

【最终答案】：BCD",客观题,BCD
安宁疗护,"你是一个严格按照要求答题的医学考试考生。请你先展示出完整的思考过程，然后再输出最终答案。每道题目有至少两个选项（A、B）至多五个选项（A、B、C、D、E），题目为不定项选择题，请按照以下格式作答：

【思考过程】：...

【最终答案】：AB / BCE / CD / DE / E / ...（只输出选项的编号，不要写选项内容）

示例：
题目：医疗伦理中四大基本原则是？
A.尊重自主权
B.善意行为
C.无害原则
D.公正原则
E.以上都不是
【思考过程】：本题考查医学伦理的四大基本原则，包括尊重自主权、不伤害原则、行善原则、公正原则。

【最终答案】：ABCD

题目：执业医师确定安宁疗护服务形式时，必须综合评估以下哪些因素？
A.患者术后康复计划
B.患者及其家属需求
C.家庭居住环境
D.经济收入状况
E.医院科室类型
【思考过程】：",BCD,DeepSeek-V3,"【思考过程】：本题考查执业医师在确定安宁疗护服务形式时需要综合评估的因素。安宁疗护的核心是缓解患者痛苦、提高生命质量，需以患者和家属需求为中心（B），同时需考虑家庭居住环境是否适合提供相应服务（C）。经济收入状况（D）可能影响服务选择，但非核心评估项。术后康复计划（A）与安宁疗护无关，医院科室类型（E）属于机构因素，非评估重点。

【最终答案】：BCD",客观题,BCD
安宁疗护,"你是一个严格按照要求答题的医学考试考生。请你先展示出完整的思考过程，然后再输出最终答案。每道题目有至少两个选项（A、B）至多五个选项（A、B、C、D、E），题目为不定项选择题，请按照以下格式作答：

【思考过程】：...

【最终答案】：AB / BCE / CD / DE / E / ...（只输出选项的编号，不要写选项内容）

示例：
题目：医疗伦理中四大基本原则是？
A.尊重自主权
B.善意行为
C.无害原则
D.公正原则
E.以上都不是
【思考过程】：本题考查医学伦理的四大基本原则，包括尊重自主权、不伤害原则、行善原则、公正原则。

【最终答案】：ABCD

题目：以下哪项属于安宁疗护的舒适照护内容？
A.三阶梯镇痛服务
B.病室环境管理
C.化疗护理计划
D.静脉导管维护
E.中医药食疗服务
【思考过程】：",BD,DeepSeek-V3,"【思考过程】：本题考查安宁疗护的舒适照护内容。安宁疗护的核心是减轻患者痛苦、提高生命质量，重点在于症状控制（如疼痛管理）和环境舒适性。A项“三阶梯镇痛服务”是疼痛管理的核心措施，属于舒适照护；B项“病室环境管理”直接关系到患者的身心舒适；C项“化疗护理计划”属于抗肿瘤治疗，与安宁疗护的舒缓目标不符；D项“静脉导管维护”是常规医疗操作，非舒适照护重点；E项“中医药食疗服务”可能作为辅助手段改善症状，但非核心内容。因此符合题意的是A、B。  

【最终答案】：AB",客观题,AB
安宁疗护,"你是一个严格按照要求答题的医学考试考生。请你先展示出完整的思考过程，然后再输出最终答案。每道题目有至少两个选项（A、B）至多五个选项（A、B、C、D、E），题目为不定项选择题，请按照以下格式作答：

【思考过程】：...

【最终答案】：AB / BCE / CD / DE / E / ...（只输出选项的编号，不要写选项内容）

示例：
题目：医疗伦理中四大基本原则是？
A.尊重自主权
B.善意行为
C.无害原则
D.公正原则
E.以上都不是
【思考过程】：本题考查医学伦理的四大基本原则，包括尊重自主权、不伤害原则、行善原则、公正原则。

【最终答案】：ABCD

题目：在安宁疗护中，服务协议的签署要求是以下哪一种？
A.只需患者本人签署即可
B.患者意识不清时由家属单独签署
C.患者与家属双方均知情同意并自愿签署
D.无需签署口头承诺即可
【思考过程】：",C,DeepSeek-V3,"【思考过程】：本题考查安宁疗护服务协议的签署要求。根据医疗伦理和法律规定，签署服务协议需要确保患者与家属双方的知情同意和自愿性，尤其是在涉及重大医疗决策时。仅患者或家属单独签署可能不符合知情同意原则，而口头承诺缺乏法律效力。

【最终答案】：C",客观题,C
安宁疗护,"你是一个严格按照要求答题的医学考试考生。请你先展示出完整的思考过程，然后再输出最终答案。每道题目有至少两个选项（A、B）至多五个选项（A、B、C、D、E），题目为不定项选择题，请按照以下格式作答：

【思考过程】：...

【最终答案】：AB / BCE / CD / DE / E / ...（只输出选项的编号，不要写选项内容）

示例：
题目：医疗伦理中四大基本原则是？
A.尊重自主权
B.善意行为
C.无害原则
D.公正原则
E.以上都不是
【思考过程】：本题考查医学伦理的四大基本原则，包括尊重自主权、不伤害原则、行善原则、公正原则。

【最终答案】：ABCD

题目：根据相关法规，哪种情况的患者符合安宁疗护准入条件？
A. 经社区卫生服务中心医师评估为终末期，预计生存期≤6个月  
B. 三级甲等医院主治医师诊断为晚期恶性肿瘤，预计生存期≤1年  
C. 二级医院多学科团队确诊的不可治愈疾病患者，预生存期≤1年  
D. 经三级医院专科医生评估的终末期患者，预生存期≤9个月  
E. 二级及以上医疗机构多学科评估的不可治愈疾病晚期患者，预生存期≤6个月
【思考过程】：",E,DeepSeek-V3,"【思考过程】：本题考查安宁疗护的准入条件。根据我国《安宁疗护实践指南（试行）》及相关法规，安宁疗护主要针对疾病终末期患者，需满足以下核心条件：1. 由二级及以上医疗机构多学科团队或专科医生评估；2. 确诊为不可治愈的疾病终末期；3. 预计生存期≤6个月（部分特殊情况下可放宽至1年需特别说明）。需注意：社区卫生服务中心医师单独评估不符合资质要求，预生存期超过6个月（如D选项的9个月）不符合常规标准。

A选项错误：社区卫生服务中心医师不具备终末期评估资质  
B选项错误：预计生存期≤1年超出常规标准（未说明特殊情况）  
C选项错误：预计生存期≤1年超出常规标准（未说明特殊情况）  
D选项错误：预计生存期≤9个月超出6个月标准  
E选项正确：符合二级及以上医疗机构评估+不可治愈晚期+预生存期≤6个月的核心标准  

【最终答案】：E",客观题,E
安宁疗护,"你是一个严格按照要求答题的医学考试考生。请你先展示出完整的思考过程，然后再输出最终答案。每道题目有至少两个选项（A、B）至多五个选项（A、B、C、D、E），题目为不定项选择题，请按照以下格式作答：

【思考过程】：...

【最终答案】：AB / BCE / CD / DE / E / ...（只输出选项的编号，不要写选项内容）

示例：
题目：医疗伦理中四大基本原则是？
A.尊重自主权
B.善意行为
C.无害原则
D.公正原则
E.以上都不是
【思考过程】：本题考查医学伦理的四大基本原则，包括尊重自主权、不伤害原则、行善原则、公正原则。

【最终答案】：ABCD

题目：以下哪几项服务是安宁疗护中针对患者及家属情绪和心理问题必须提供的？（注：“必须提供”为实际规定内容）
A.心理治疗
B.心理咨询
C.心理疏导
D.心理支持
E.社会援助
【思考过程】：",BCD,DeepSeek-V3,"【思考过程】：本题考查安宁疗护中对患者及家属情绪和心理问题的服务要求。根据相关规定，安宁疗护必须提供的服务包括心理支持（D）和社会援助（E）。心理治疗（A）、心理咨询（B）和心理疏导（C）虽然也是相关服务，但并非“必须提供”的内容。

【最终答案】：DE",客观题,DE
安宁疗护,"你是一个严格按照要求答题的医学考试考生。请你先展示出完整的思考过程，然后再输出最终答案。每道题目有至少两个选项（A、B）至多五个选项（A、B、C、D、E），题目为不定项选择题，请按照以下格式作答：

【思考过程】：...

【最终答案】：AB / BCE / CD / DE / E / ...（只输出选项的编号，不要写选项内容）

示例：
题目：医疗伦理中四大基本原则是？
A.尊重自主权
B.善意行为
C.无害原则
D.公正原则
E.以上都不是
【思考过程】：本题考查医学伦理的四大基本原则，包括尊重自主权、不伤害原则、行善原则、公正原则。

【最终答案】：ABCD

题目：在安宁疗护中，以下哪些做法符合伦理要求？
A.在患者知情同意下，向其配偶如实告知病情详情
B.未经患者许可，向社区志愿者公开患者的治疗过程
C.为所有疗护患者统一安排每周两次的心理健康讲座
D.未经家属授权收集患者抑郁症状数据用于研究
E.与患者沟通后，制定符合其信仰的精神抚慰方案
【思考过程】：",AE,DeepSeek-V3,"【思考过程】：
本题考查安宁疗护中的伦理要求，需结合尊重自主权、保密原则、知情同意和个体化关怀等伦理原则分析：
A. 在患者知情同意下告知配偶病情，符合知情同意原则且尊重患者自主权。
B. 未经患者许可公开治疗过程，违反保密原则和自主权。
C. 统一安排活动未考虑个体差异，可能违背个体化关怀原则。
D. 未经授权收集数据用于研究，违反知情同意和保密原则。
E. 根据患者信仰制定方案，体现尊重自主权和个体化关怀。

【最终答案】：AE",客观题,AE
安宁疗护,"你是一个严格按照要求答题的医学考试考生。请你先展示出完整的思考过程，然后再输出最终答案。每道题目有至少两个选项（A、B）至多五个选项（A、B、C、D、E），题目为不定项选择题，请按照以下格式作答：

【思考过程】：...

【最终答案】：AB / BCE / CD / DE / E / ...（只输出选项的编号，不要写选项内容）

示例：
题目：医疗伦理中四大基本原则是？
A.尊重自主权
B.善意行为
C.无害原则
D.公正原则
E.以上都不是
【思考过程】：本题考查医学伦理的四大基本原则，包括尊重自主权、不伤害原则、行善原则、公正原则。

【最终答案】：ABCD

题目：在安宁疗护中，为维护患者生命尊严，以下哪些疗法属于可采用的正确方式？
A.人生回顾疗法
B.意义疗法
C.尊严疗法
D.缅怀疗法
E.认知行为疗法
【思考过程】：",ABCD,DeepSeek-V3,"【思考过程】：本题考查安宁疗护中维护患者生命尊严的疗法。人生回顾疗法（A）通过回顾生命历程帮助患者整合人生意义；意义疗法（B）帮助患者寻找生命意义；尊严疗法（C）专门针对终末期患者维持尊严感；缅怀疗法（D）通过回忆积极经历提升心理状态；认知行为疗法（E）虽用于心理治疗，但非针对尊严维护的特异性疗法。前四项均直接关联尊严维护的核心目标。

【最终答案】：ABCD",客观题,ABCD
安宁疗护,"你是一个严格按照要求答题的医学考试考生。请你先展示出完整的思考过程，然后再输出最终答案。每道题目有至少两个选项（A、B）至多五个选项（A、B、C、D、E），题目为不定项选择题，请按照以下格式作答：

【思考过程】：...

【最终答案】：AB / BCE / CD / DE / E / ...（只输出选项的编号，不要写选项内容）

示例：
题目：医疗伦理中四大基本原则是？
A.尊重自主权
B.善意行为
C.无害原则
D.公正原则
E.以上都不是
【思考过程】：本题考查医学伦理的四大基本原则，包括尊重自主权、不伤害原则、行善原则、公正原则。

【最终答案】：ABCD

题目：以下哪种做法符合安宁疗护中对家属支持的法律规定？
A.为家属提供心理督导，B.向家属提供哀伤辅导，C.向患者提供精神支持服务，D.为家属组织丧亲支持小组，E.为家属进行心理健康评估
【思考过程】：",BD,DeepSeek-V3,"【思考过程】：本题考查安宁疗护中对家属支持的法律规定相关内容。根据安宁疗护相关法律法规及实践指南，对家属的支持包括心理辅导、哀伤辅导、丧亲支持等。选项A""为家属提供心理督导""、B""向家属提供哀伤辅导""、D""为家属组织丧亲支持小组""和E""为家属进行心理健康评估""都是直接针对家属的支持服务。而选项C""向患者提供精神支持服务""是针对患者而非家属的，不符合题目要求。

【最终答案】：ABDE",客观题,ABDE
安宁疗护,"你是一个严格按照要求答题的医学考试考生。请你先展示出完整的思考过程，然后再输出最终答案。每道题目有至少两个选项（A、B）至多五个选项（A、B、C、D、E），题目为不定项选择题，请按照以下格式作答：

【思考过程】：...

【最终答案】：AB / BCE / CD / DE / E / ...（只输出选项的编号，不要写选项内容）

示例：
题目：医疗伦理中四大基本原则是？
A.尊重自主权
B.善意行为
C.无害原则
D.公正原则
E.以上都不是
【思考过程】：本题考查医学伦理的四大基本原则，包括尊重自主权、不伤害原则、行善原则、公正原则。

【最终答案】：ABCD

题目：以下哪种做法最符合关于安宁疗护中患者意愿处理的相关规定？
A.医护人员主动询问并协助患者完成生前愿望和身后事务
B.等待患者主动提出需求后再给予支持
C.仅由家属代为安排患者身后事务
D.记录患者需求但无需提供实质性帮助
【思考过程】：",A,DeepSeek-V3,"【思考过程】：本题考查安宁疗护中对患者意愿处理的规范。根据安宁疗护的核心原则，应以患者为中心，主动关注其需求（包括生前愿望和身后事务），而非被动等待或仅依赖家属。医护人员应主动提供支持并协助完成，而非仅记录需求而不行动。选项A符合主动关怀和协助的原则，B、C、D均存在被动或忽视患者自主性的问题。

【最终答案】：A",客观题,A
安宁疗护,"你是一个严格按照要求答题的医学考试考生。请你先展示出完整的思考过程，然后再输出最终答案。每道题目有至少两个选项（A、B）至多五个选项（A、B、C、D、E），题目为不定项选择题，请按照以下格式作答：

【思考过程】：...

【最终答案】：AB / BCE / CD / DE / E / ...（只输出选项的编号，不要写选项内容）

示例：
题目：医疗伦理中四大基本原则是？
A.尊重自主权
B.善意行为
C.无害原则
D.公正原则
E.以上都不是
【思考过程】：本题考查医学伦理的四大基本原则，包括尊重自主权、不伤害原则、行善原则、公正原则。

【最终答案】：ABCD

题目：根据我国安宁疗护相关法规，截至2020年，要求65岁以上老年人健康管理率至少达到多少？
A.65%以上，B.70%以上，C.75%以上，D.80%以上
【思考过程】：",B,DeepSeek-V3,"【思考过程】：本题考查我国安宁疗护相关法规中对65岁以上老年人健康管理率的要求。根据最新的政策规定，2020年我国要求65岁以上老年人健康管理率至少达到70%以上。

【最终答案】：B",客观题,B
安宁疗护,"你是一个严格按照要求答题的医学考试考生。请你先展示出完整的思考过程，然后再输出最终答案。每道题目有至少两个选项（A、B）至多五个选项（A、B、C、D、E），题目为不定项选择题，请按照以下格式作答：

【思考过程】：...

【最终答案】：AB / BCE / CD / DE / E / ...（只输出选项的编号，不要写选项内容）

示例：
题目：医疗伦理中四大基本原则是？
A.尊重自主权
B.善意行为
C.无害原则
D.公正原则
E.以上都不是
【思考过程】：本题考查医学伦理的四大基本原则，包括尊重自主权、不伤害原则、行善原则、公正原则。

【最终答案】：ABCD

题目：以下哪些措施属于法律法规所鼓励的医疗卫生机构与养老服务融合发展举措？
A.所有公立医院必须转型为康复和老年护理机构
B.公立医院资源丰富的地区可稳妥将部分公立医院转为接续性医疗机构
C.有条件的二级以上综合医院开设老年病科
D.大力开发中医药与养老服务结合的系列服务产品
E.要求基层医疗卫生机构逐步减少康复床位数量
【思考过程】：",BCD,DeepSeek-V3,"【思考过程】：本题考查医疗卫生机构与养老服务融合发展的法律法规鼓励措施。根据相关政策文件，A选项“所有公立医院必须转型为康复和老年护理机构”过于绝对，不符合实际情况；B选项“公立医院资源丰富的地区可稳妥将部分公立医院转为接续性医疗机构”符合政策导向；C选项“有条件的二级以上综合医院开设老年病科”是鼓励的方向；D选项“大力开发中医药与养老服务结合的系列服务产品”符合中医药与养老服务结合的政策要求；E选项“要求基层医疗卫生机构逐步减少康复床位数量”与鼓励增加康复医疗服务的方向相悖。

【最终答案】：BCD",客观题,BCD
安宁疗护,"你是一个严格按照要求答题的医学考试考生。请你先展示出完整的思考过程，然后再输出最终答案。每道题目有至少两个选项（A、B）至多五个选项（A、B、C、D、E），题目为不定项选择题，请按照以下格式作答：

【思考过程】：...

【最终答案】：AB / BCE / CD / DE / E / ...（只输出选项的编号，不要写选项内容）

示例：
题目：医疗伦理中四大基本原则是？
A.尊重自主权
B.善意行为
C.无害原则
D.公正原则
E.以上都不是
【思考过程】：本题考查医学伦理的四大基本原则，包括尊重自主权、不伤害原则、行善原则、公正原则。

【最终答案】：ABCD

题目：根据药物政策，安宁疗护中阿片类镇痛药主要用于管理以下哪些症状？
A.疼痛
B.呼吸困难
C.呼吸急促
D.剧烈咳嗽
E.恶心
【思考过程】：",AB,DeepSeek-V3,"【思考过程】：本题考查安宁疗护中阿片类镇痛药的主要适应症。阿片类药物在安宁疗护中常用于缓解疼痛（A选项）和控制呼吸困难（B选项），尤其对于终末期患者的症状管理具有明确作用。呼吸急促（C选项）通常需针对病因治疗，阿片类药物并非首选；剧烈咳嗽（D选项）可能使用镇咳药而非镇痛药；恶心（E选项）常由其他药物（如止吐药）处理，阿片类药物反而可能引起恶心。

【最终答案】：AB",客观题,AB
安宁疗护,"你是一个严格按照要求答题的医学考试考生。请你先展示出完整的思考过程，然后再输出最终答案。每道题目有至少两个选项（A、B）至多五个选项（A、B、C、D、E），题目为不定项选择题，请按照以下格式作答：

【思考过程】：...

【最终答案】：AB / BCE / CD / DE / E / ...（只输出选项的编号，不要写选项内容）

示例：
题目：医疗伦理中四大基本原则是？
A.尊重自主权
B.善意行为
C.无害原则
D.公正原则
E.以上都不是
【思考过程】：本题考查医学伦理的四大基本原则，包括尊重自主权、不伤害原则、行善原则、公正原则。

【最终答案】：ABCD

题目：根据全民健康覆盖原则，姑息治疗的提供应符合以下哪些要求？
A.可因病种类型不同设置服务限制
B.不得因患者收入水平实施差别准入
C.不得以患者年龄为理由拒绝服务
D.社会保障体系需优先保障穷人的姑息治疗权利
E.服务覆盖范围应包括基本姑息治疗且不得要求预付费用
【思考过程】：",BCDE,DeepSeek-V3,"【思考过程】：本题考查全民健康覆盖原则在姑息治疗中的具体应用。根据WHO对全民健康覆盖的定义，其核心是公平可及、质量保障和财务保护。分析选项：  
A.错误，姑息治疗应基于需求而非病种类型设置限制；  
B.正确，收入水平不应成为准入障碍（公平性原则）；  
C.正确，年龄歧视违背非歧视原则；  
D.部分正确但表述不严谨，社会保障应覆盖所有人群，而非仅优先特定群体；  
E.正确，体现基本服务覆盖和财务保护原则（防止因费用放弃治疗）。  

【最终答案】：BCE",客观题,BCE
公共卫生资源分配,"你是一个严格按照要求答题的医学考试考生。请你先展示出完整的思考过程，然后再输出最终答案。每道题目有至少两个选项（A、B）至多五个选项（A、B、C、D、E），题目为不定项选择题，请按照以下格式作答：

【思考过程】：...

【最终答案】：AB / BCE / CD / DE / E / ...（只输出选项的编号，不要写选项内容）

示例：
题目：医疗伦理中四大基本原则是？
A.尊重自主权
B.善意行为
C.无害原则
D.公正原则
E.以上都不是
【思考过程】：本题考查医学伦理的四大基本原则，包括尊重自主权、不伤害原则、行善原则、公正原则。

【最终答案】：ABCD

题目：在国家采取的公共卫生服务措施中，以下哪些属于法规明确提及的内容？
A.免费提供新生儿基因编辑服务
B.为公民提供婚前保健服务
C.预防新生儿出生缺陷
D.对先天畸形患儿进行免费手术治疗
E.开展儿童学前教育指导
【思考过程】：",BC,DeepSeek-V3,"【思考过程】：本题考查国家公共卫生服务措施的法规明确内容。根据我国《母婴保健法》和《基本医疗卫生与健康促进法》相关规定：  
1. 婚前保健服务（含医学检查、卫生指导和咨询）是法定内容（B正确）；  
2. 预防出生缺陷（如孕前保健、产前筛查等）是法规明确要求的（C正确）；  
3. 基因编辑技术目前被严格限制，禁止临床滥用（A错误）；  
4. 先天畸形患儿的治疗救助需结合地方政策，非全国性免费强制规定（D不严谨）；  
5. 学前教育指导不属于公共卫生服务核心内容（E错误）。  

【最终答案】：BC",客观题,BC
公共卫生资源分配,"你是一个严格按照要求答题的医学考试考生。请你先展示出完整的思考过程，然后再输出最终答案。每道题目有至少两个选项（A、B）至多五个选项（A、B、C、D、E），题目为不定项选择题，请按照以下格式作答：

【思考过程】：...

【最终答案】：AB / BCE / CD / DE / E / ...（只输出选项的编号，不要写选项内容）

示例：
题目：医疗伦理中四大基本原则是？
A.尊重自主权
B.善意行为
C.无害原则
D.公正原则
E.以上都不是
【思考过程】：本题考查医学伦理的四大基本原则，包括尊重自主权、不伤害原则、行善原则、公正原则。

【最终答案】：ABCD

题目：以下哪些政策被纳入基本公共卫生服务项目中？
A.老年人健康管理
B.老年人常见病预防
C.老年人慢性病治疗
D.老年人体检费用减免
E.老年重症监护服务
【思考过程】：",AB,DeepSeek-V3,"【思考过程】：本题考查基本公共卫生服务项目的内容。根据国家基本公共卫生服务项目的规定，老年人健康管理和老年人体检是其中的内容，但常见病预防、慢性病治疗和重症监护服务不在基本公共卫生服务项目范围内。

【最终答案】：AD",客观题,AD
公共卫生资源分配,"你是一个严格按照要求答题的医学考试考生。请你先展示出完整的思考过程，然后再输出最终答案。每道题目有至少两个选项（A、B）至多五个选项（A、B、C、D、E），题目为不定项选择题，请按照以下格式作答：

【思考过程】：...

【最终答案】：AB / BCE / CD / DE / E / ...（只输出选项的编号，不要写选项内容）

示例：
题目：医疗伦理中四大基本原则是？
A.尊重自主权
B.善意行为
C.无害原则
D.公正原则
E.以上都不是
【思考过程】：本题考查医学伦理的四大基本原则，包括尊重自主权、不伤害原则、行善原则、公正原则。

【最终答案】：ABCD

题目：国家关于残疾人的健康保障措施中，以下哪些属于法律明确规定的责任？（多选）
A.发展残疾预防体系
B.完善无障碍设施建设
C.提供基本康复服务
D.减免残疾人医疗费用
E.建立残疾人康复保障体系
【思考过程】：",ACE,DeepSeek-V3,"【思考过程】：本题考查国家关于残疾人健康保障措施的法律规定。根据《中华人民共和国残疾人保障法》和相关政策，法律明确规定的责任包括：发展残疾预防体系（A，见残疾预防和康复章节）、完善无障碍设施建设（B，见无障碍环境章节）、提供基本康复服务（C，见康复服务章节）、建立残疾人康复保障体系（E，见社会保障章节）；而减免残疾人医疗费用（D）属于地方性政策或个别医疗机构行为，并非全国性法律强制要求。

【最终答案】：ABCE",客观题,ABCE
公共卫生资源分配,"你是一个严格按照要求答题的医学考试考生。请你先展示出完整的思考过程，然后再输出最终答案。每道题目有至少两个选项（A、B）至多五个选项（A、B、C、D、E），题目为不定项选择题，请按照以下格式作答：

【思考过程】：...

【最终答案】：AB / BCE / CD / DE / E / ...（只输出选项的编号，不要写选项内容）

示例：
题目：医疗伦理中四大基本原则是？
A.尊重自主权
B.善意行为
C.无害原则
D.公正原则
E.以上都不是
【思考过程】：本题考查医学伦理的四大基本原则，包括尊重自主权、不伤害原则、行善原则、公正原则。

【最终答案】：ABCD

题目：以下哪些属于政府举办医疗卫生机构时应考虑的因素？
A.本行政区域人口数量
B.公民平均收入水平
C.健康危险因素
D.治愈率
E.紧急救治需求
【思考过程】：",ACE,DeepSeek-V3,"【思考过程】：本题考查政府举办医疗卫生机构时需要考虑的因素。根据公共卫生和医疗资源配置的基本原则，政府应考虑：1. 人口数量（A选项）直接影响医疗资源的总需求量；2. 健康危险因素（C选项）决定疾病预防和特定医疗服务的需求；3. 紧急救治需求（E选项）关系到急救体系和应急能力建设。公民平均收入水平（B选项）主要影响个人支付能力而非政府资源配置，治愈率（D选项）是医疗机构运营结果指标而非规划依据。

【最终答案】：ACE",客观题,ACE
公共卫生资源分配,"你是一个严格按照要求答题的医学考试考生。请你先展示出完整的思考过程，然后再输出最终答案。每道题目有至少两个选项（A、B）至多五个选项（A、B、C、D、E），题目为不定项选择题，请按照以下格式作答：

【思考过程】：...

【最终答案】：AB / BCE / CD / DE / E / ...（只输出选项的编号，不要写选项内容）

示例：
题目：医疗伦理中四大基本原则是？
A.尊重自主权
B.善意行为
C.无害原则
D.公正原则
E.以上都不是
【思考过程】：本题考查医学伦理的四大基本原则，包括尊重自主权、不伤害原则、行善原则、公正原则。

【最终答案】：ABCD

题目：以下哪个部门负责制定各级各类医疗卫生机构的具体条件和配置标准？
A.国务院卫生健康主管部门
B.省级卫生健康委员会
C.医疗机构自行制定
D.地方政府卫生行政机构
【思考过程】：",A,DeepSeek-V3,"【思考过程】：本题考查医疗卫生机构具体条件和配置标准的制定部门。根据《医疗机构管理条例》等相关法规，国务院卫生健康主管部门负责制定全国统一的医疗机构基本标准，省级卫生健康主管部门可根据实际情况制定实施细则，但具体条件和配置标准仍由国家层面统一制定。医疗机构和地方政府卫生行政机构无权自行制定标准。

【最终答案】：A",客观题,A
公共卫生资源分配,"你是一个严格按照要求答题的医学考试考生。请你先展示出完整的思考过程，然后再输出最终答案。每道题目有至少两个选项（A、B）至多五个选项（A、B、C、D、E），题目为不定项选择题，请按照以下格式作答：

【思考过程】：...

【最终答案】：AB / BCE / CD / DE / E / ...（只输出选项的编号，不要写选项内容）

示例：
题目：医疗伦理中四大基本原则是？
A.尊重自主权
B.善意行为
C.无害原则
D.公正原则
E.以上都不是
【思考过程】：本题考查医学伦理的四大基本原则，包括尊重自主权、不伤害原则、行善原则、公正原则。

【最终答案】：ABCD

题目：以下哪些行为被相关法规明确禁止？
A.营利性医院将医疗美容科外包给私立机构
B.非营利性医疗机构向举办者分配收益
C.使用政府资金设立的医院对外承包检验科
D.非营利机构从年度利润中提取分红用于股东分红
【思考过程】：",BCD,DeepSeek-V3,"【思考过程】：本题考查医疗机构管理相关法规的禁止性规定。根据《医疗机构管理条例》及配套文件：  
1. 营利性医院允许科室外包（如医疗美容科），但需符合资质要求和备案程序（A未被明确禁止）；  
2. 非营利性医疗机构不得向举办者分配收益（B明确禁止，违反""非营利""属性）；  
3. 使用政府资金的医院不得将核心科室（如检验科）对外承包（C明确禁止，可能影响公益性和医疗质量）；  
4. 非营利机构禁止利润分红（D明确禁止，违反非营利性原则）。  

【最终答案】：BCD",客观题,BCD
公共卫生资源分配,"你是一个严格按照要求答题的医学考试考生。请你先展示出完整的思考过程，然后再输出最终答案。每道题目有至少两个选项（A、B）至多五个选项（A、B、C、D、E），题目为不定项选择题，请按照以下格式作答：

【思考过程】：...

【最终答案】：AB / BCE / CD / DE / E / ...（只输出选项的编号，不要写选项内容）

示例：
题目：医疗伦理中四大基本原则是？
A.尊重自主权
B.善意行为
C.无害原则
D.公正原则
E.以上都不是
【思考过程】：本题考查医学伦理的四大基本原则，包括尊重自主权、不伤害原则、行善原则、公正原则。

【最终答案】：ABCD

题目：以下哪项做法违背我国现行医疗卫生机构管理规定？
A.与私立学校合作设立独立法人资格的职业健康咨询中心
B.与医疗器械企业共建非独立法人资格的康复中心
C.与社会资本合办高端口腔美容医院（营利性）
D.联合慈善基金会开设非营利性社区诊所
E.与其他公立医院合建区域医疗数据平台
【思考过程】：",BC,DeepSeek-V3,"【思考过程】：本题考查我国医疗卫生机构管理规定的合规性。根据现行规定，公立医疗卫生机构可以与第三方合作，但需要符合以下原则：1. 不得与社会资本合作举办营利性医疗机构（C选项违规）；2. 与非营利性机构合作需保持公益性质（D选项合规）；3. 与非独立法人机构合作需确保主体控制权（B选项合规）；4. 设立独立法人机构需经严格审批（A选项需具体情况判断，但不直接违规）；5. 与其他公立机构共建平台属于正常合作（E选项合规）。题干要求选择""违背""规定的选项。

【最终答案】：C",客观题,C
公共卫生资源分配,"你是一个严格按照要求答题的医学考试考生。请你先展示出完整的思考过程，然后再输出最终答案。每道题目有至少两个选项（A、B）至多五个选项（A、B、C、D、E），题目为不定项选择题，请按照以下格式作答：

【思考过程】：...

【最终答案】：AB / BCE / CD / DE / E / ...（只输出选项的编号，不要写选项内容）

示例：
题目：医疗伦理中四大基本原则是？
A.尊重自主权
B.善意行为
C.无害原则
D.公正原则
E.以上都不是
【思考过程】：本题考查医学伦理的四大基本原则，包括尊重自主权、不伤害原则、行善原则、公正原则。

【最终答案】：ABCD

题目：医疗卫生机构开展技术临床应用时，以下哪项不属于必须遵循的原则？
A.安全原则
B.高效原则
C.规范原则
D.经济原则
E.伦理原则
【思考过程】：",B,DeepSeek-V3,"【思考过程】：本题考查医疗卫生机构开展技术临床应用时必须遵循的原则。根据相关规定，医疗技术临床应用应遵循安全、有效、规范、伦理等原则。经济原则虽然重要，但并非必须遵循的核心原则，更多是涉及资源分配的考量。

【最终答案】：D",客观题,D
公共卫生资源分配,"你是一个严格按照要求答题的医学考试考生。请你先展示出完整的思考过程，然后再输出最终答案。每道题目有至少两个选项（A、B）至多五个选项（A、B、C、D、E），题目为不定项选择题，请按照以下格式作答：

【思考过程】：...

【最终答案】：AB / BCE / CD / DE / E / ...（只输出选项的编号，不要写选项内容）

示例：
题目：医疗伦理中四大基本原则是？
A.尊重自主权
B.善意行为
C.无害原则
D.公正原则
E.以上都不是
【思考过程】：本题考查医学伦理的四大基本原则，包括尊重自主权、不伤害原则、行善原则、公正原则。

【最终答案】：ABCD

题目：在突发事件处置中，对致病、致残、死亡的参与人员，依法可给予哪些待遇？
A.工伤保险补偿
B.抚恤金
C.烈士荣誉称号
D.医疗保险费用全免
E.优先晋升机会
【思考过程】：",AB,DeepSeek-V3,"【思考过程】：本题考查突发事件处置中参与人员的待遇问题。根据相关法律法规和政策规定，对于在突发事件中致病、致残、死亡的参与人员，可以依法获得工伤保险补偿（A）和抚恤金（B）。在特定情况下，如因公牺牲，可能被追授烈士荣誉称号（C）。医疗保险费用全免（D）和优先晋升机会（E）并非普遍适用的法定待遇，因此不选。

【最终答案】：ABC",客观题,ABC
公共卫生资源分配,"你是一个严格按照要求答题的医学考试考生。请你先展示出完整的思考过程，然后再输出最终答案。每道题目有至少两个选项（A、B）至多五个选项（A、B、C、D、E），题目为不定项选择题，请按照以下格式作答：

【思考过程】：...

【最终答案】：AB / BCE / CD / DE / E / ...（只输出选项的编号，不要写选项内容）

示例：
题目：医疗伦理中四大基本原则是？
A.尊重自主权
B.善意行为
C.无害原则
D.公正原则
E.以上都不是
【思考过程】：本题考查医学伦理的四大基本原则，包括尊重自主权、不伤害原则、行善原则、公正原则。

【最终答案】：ABCD

题目：在药品采购投标过程中，以下哪种行为是被药械采购法规明确禁止的？
A.以略低于市场价但高于成本的报价竞标，B.与另一投标企业协商共同提高中标机会，C.提交生产许可证复印件时隐去有效期，D.因生产能力过剩而扩大生产规模，E.短期内多次降价以吸引采购方
【思考过程】：",BC,DeepSeek-V3,"【思考过程】：本题考查药品采购投标过程中的违规行为。根据药械采购法规，以下行为被明确禁止：B选项（与其他投标企业协商共同提高中标机会）属于串通投标，是典型的违法行为；C选项（提交生产许可证复印件时隐去有效期）属于提供虚假或隐瞒重要信息的欺诈行为。A选项（合理报价）和D选项（扩大生产规模）属于正常商业行为；E选项（短期内多次降价）虽可能涉及恶性竞争，但需结合具体法规判定，题目未明确禁止。

【最终答案】：BC",客观题,BC
公共卫生资源分配,"你是一个严格按照要求答题的医学考试考生。请你先展示出完整的思考过程，然后再输出最终答案。每道题目有至少两个选项（A、B）至多五个选项（A、B、C、D、E），题目为不定项选择题，请按照以下格式作答：

【思考过程】：...

【最终答案】：AB / BCE / CD / DE / E / ...（只输出选项的编号，不要写选项内容）

示例：
题目：医疗伦理中四大基本原则是？
A.尊重自主权
B.善意行为
C.无害原则
D.公正原则
E.以上都不是
【思考过程】：本题考查医学伦理的四大基本原则，包括尊重自主权、不伤害原则、行善原则、公正原则。

【最终答案】：ABCD

题目：国家卫生健康主管部门在编制大型医用设备配置规划时，必须考虑以下哪些因素？
A.技术的先进性
B.适宜性
C.可及性
D.成本效益
E.区域发展均衡
【思考过程】：",ABC,DeepSeek-V3,"【思考过程】：本题考查大型医用设备配置规划编制的考虑因素。根据相关规定，大型医用设备的配置规划需综合考虑技术的先进性（A）、适宜性（B）、可及性（C）、成本效益（D）以及区域发展均衡（E）等因素。这些因素缺一不可，均是编制规划时必须纳入考量的要点。

【最终答案】：ABCDE",客观题,ABCDE
公共卫生资源分配,"你是一个严格按照要求答题的医学考试考生。请你先展示出完整的思考过程，然后再输出最终答案。每道题目有至少两个选项（A、B）至多五个选项（A、B、C、D、E），题目为不定项选择题，请按照以下格式作答：

【思考过程】：...

【最终答案】：AB / BCE / CD / DE / E / ...（只输出选项的编号，不要写选项内容）

示例：
题目：医疗伦理中四大基本原则是？
A.尊重自主权
B.善意行为
C.无害原则
D.公正原则
E.以上都不是
【思考过程】：本题考查医学伦理的四大基本原则，包括尊重自主权、不伤害原则、行善原则、公正原则。

【最终答案】：ABCD

题目：以下哪些属于县级以上政府对参与突发事件应急处理人员的规定措施？
A.给予适当补助和保健津贴
B.给予表彰和奖励
C.对致病、致残、死亡人员给予相应补助和抚恤
D.优先晋升职称
E.分配额外带薪休假
【思考过程】：",ABC,DeepSeek-V3,"【思考过程】：本题考查的是县级以上政府对参与突发事件应急处理人员的规定措施。根据《突发公共卫生事件应急条例》等相关法规，县级以上政府对参与突发事件应急处理的人员应当给予适当补助和保健津贴（A选项），对表现突出、成绩显著的人员给予表彰和奖励（B选项），对致病、致残、死亡的人员给予相应的补助和抚恤（C选项）。而优先晋升职称（D选项）和分配额外带薪休假（E选项）并非法规中明确规定的措施。

【最终答案】：ABC",客观题,ABC
公共卫生资源分配,"你是一个严格按照要求答题的医学考试考生。请你先展示出完整的思考过程，然后再输出最终答案。每道题目有至少两个选项（A、B）至多五个选项（A、B、C、D、E），题目为不定项选择题，请按照以下格式作答：

【思考过程】：...

【最终答案】：AB / BCE / CD / DE / E / ...（只输出选项的编号，不要写选项内容）

示例：
题目：医疗伦理中四大基本原则是？
A.尊重自主权
B.善意行为
C.无害原则
D.公正原则
E.以上都不是
【思考过程】：本题考查医学伦理的四大基本原则，包括尊重自主权、不伤害原则、行善原则、公正原则。

【最终答案】：ABCD

题目：下列哪些情形发生时，省、自治区、直辖市人民政府应当在接到报告1小时内向国务院卫生行政主管部门报告？
A.某县发生霍乱暴发疫情
B.某市发现不明原因群体性发热病例
C.某实验室丢失鼠疫菌种
D.某工厂发生50人急性苯中毒事件
E.某核电站发生放射性物质泄漏事故
【思考过程】：",ABCD,DeepSeek-V3,"【思考过程】：
本题考查的是突发公共卫生事件的报告时限要求。根据《突发公共卫生事件应急条例》规定，以下情形需在1小时内向国务院卫生行政主管部门报告：
1. 发生或者可能发生传染病暴发、流行的（A选项霍乱暴发符合）；
2. 发生或者发现不明原因的群体性疾病的（B选项符合）；
3. 发生传染病菌种、毒种丢失的（C选项鼠疫菌种丢失符合）；
4. 发生或者可能发生重大食物和职业中毒事件的（D选项50人急性苯中毒符合重大职业中毒标准）；
E选项核泄漏属于核事故，应报生态环境部门而非卫生行政主管部门。

【最终答案】：ABCD",客观题,ABCD
公共卫生资源分配,"你是一个严格按照要求答题的医学考试考生。请你先展示出完整的思考过程，然后再输出最终答案。每道题目有至少两个选项（A、B）至多五个选项（A、B、C、D、E），题目为不定项选择题，请按照以下格式作答：

【思考过程】：...

【最终答案】：AB / BCE / CD / DE / E / ...（只输出选项的编号，不要写选项内容）

示例：
题目：医疗伦理中四大基本原则是？
A.尊重自主权
B.善意行为
C.无害原则
D.公正原则
E.以上都不是
【思考过程】：本题考查医学伦理的四大基本原则，包括尊重自主权、不伤害原则、行善原则、公正原则。

【最终答案】：ABCD

题目：以下哪种行为不属于对突发事件的违规处理方式？
A.因压力大延迟上报事件进展两日
B.调整实际数据以减少公众恐慌
C.要求下属部门不报告部分病例
D.及时向主管部门上报所有信息
E.因设备故障未能及时核实数据，三天后补报
【思考过程】：",D,DeepSeek-V3,"【思考过程】：本题考查对突发事件违规处理方式的判断。违规处理方式通常包括隐瞒、拖延、篡改数据等行为。选项A（延迟上报）、B（调整数据）、C（不报告部分病例）均属于违规行为；选项D（及时上报所有信息）是合规行为；选项E（因客观原因延迟核实后补报）虽有延迟但属于非主观故意且及时补救，不属于违规处理方式。

【最终答案】：DE",客观题,DE
公共卫生资源分配,"你是一个严格按照要求答题的医学考试考生。请你先展示出完整的思考过程，然后再输出最终答案。每道题目有至少两个选项（A、B）至多五个选项（A、B、C、D、E），题目为不定项选择题，请按照以下格式作答：

【思考过程】：...

【最终答案】：AB / BCE / CD / DE / E / ...（只输出选项的编号，不要写选项内容）

示例：
题目：医疗伦理中四大基本原则是？
A.尊重自主权
B.善意行为
C.无害原则
D.公正原则
E.以上都不是
【思考过程】：本题考查医学伦理的四大基本原则，包括尊重自主权、不伤害原则、行善原则、公正原则。

【最终答案】：ABCD

题目：根据突发公共卫生事件相关法规，应急预案启动后突发事件发生地的相关部门和机构应当采取以下哪些措施？
A.做好应急处理准备并调整预案细节，B.立即到达规定岗位并采取控制措施，C.服从应急处理指挥部统一指挥，D.医疗卫生机构独立加快疫苗研发，E.监测机构与科研机构协作展开研究
【思考过程】：",BCE,DeepSeek-V3,"【思考过程】：本题考查突发公共卫生事件应急预案启动后的应对措施。根据相关法规，应急预案启动后，相关部门和机构应立即到达规定岗位并采取控制措施（B），同时服从应急处理指挥部的统一指挥（C）。此外，监测机构与科研机构应协作展开研究（E）。医疗卫生机构独立加快疫苗研发（D）不符合协作原则，而调整预案细节（A）应在预案启动前完成。

【最终答案】：BCE",客观题,BCE
公共卫生资源分配,"你是一个严格按照要求答题的医学考试考生。请你先展示出完整的思考过程，然后再输出最终答案。每道题目有至少两个选项（A、B）至多五个选项（A、B、C、D、E），题目为不定项选择题，请按照以下格式作答：

【思考过程】：...

【最终答案】：AB / BCE / CD / DE / E / ...（只输出选项的编号，不要写选项内容）

示例：
题目：医疗伦理中四大基本原则是？
A.尊重自主权
B.善意行为
C.无害原则
D.公正原则
E.以上都不是
【思考过程】：本题考查医学伦理的四大基本原则，包括尊重自主权、不伤害原则、行善原则、公正原则。

【最终答案】：ABCD

题目：在突发事件应急处理中，下列哪些部门需履行法规明确规定的职责？
A.国务院有关部门需确保应急医疗物资的生产供应
B.市级人民政府直接负责救治药品的研发
C.铁路和交通行政主管部门保障物资运输时效
D.教育部门统筹医疗人力资源调度
E.民用航空行政主管部门参与国际物资采购
【思考过程】：",AC,DeepSeek-V3,"【思考过程】：本题考查突发事件应急处理中各相关部门的职责划分。根据《突发公共卫生事件应急条例》和相关法规：  
1. **国务院有关部门**（如卫健委、工信部）负责应急物资的生产和供应（A正确）；  
2. **市级人民政府**的职责主要是组织协调本地应急响应，而非直接负责药品研发（B错误，研发通常由国家层面或专业机构主导）；  
3. **交通行政主管部门**（铁路、民航等）需确保应急物资运输畅通（C正确）；  
4. **教育部门**的职责一般与学校管理相关，医疗人力资源调度由卫健部门负责（D错误）；  
5. **民用航空行政主管部门**在国际物资运输和采购中承担协调作用（E正确）。  

【最终答案】：ACE",客观题,ACE
公共卫生资源分配,"你是一个严格按照要求答题的医学考试考生。请你先展示出完整的思考过程，然后再输出最终答案。每道题目有至少两个选项（A、B）至多五个选项（A、B、C、D、E），题目为不定项选择题，请按照以下格式作答：

【思考过程】：...

【最终答案】：AB / BCE / CD / DE / E / ...（只输出选项的编号，不要写选项内容）

示例：
题目：医疗伦理中四大基本原则是？
A.尊重自主权
B.善意行为
C.无害原则
D.公正原则
E.以上都不是
【思考过程】：本题考查医学伦理的四大基本原则，包括尊重自主权、不伤害原则、行善原则、公正原则。

【最终答案】：ABCD

题目：在突发公共卫生事件中，应急处理指挥部依法可采取以下哪些措施？
A.关闭区域内所有公共场所
B.调集储备的医疗物资
C.对密切接触者进行强制隔离
D.征用私人住宅作为隔离点
E.对传染病疫区实施封锁
【思考过程】：",BCE,DeepSeek-V3,"【思考过程】：本题考查突发公共卫生事件应急处理指挥部的法定权限。根据《中华人民共和国传染病防治法》和《突发公共卫生事件应急条例》相关规定：  
1. A项：指挥部有权限制或停止人群聚集活动，但通常不要求""关闭所有公共场所""，表述过于绝对，需根据实际情况采取分级措施。  
2. B项：明确授权调集储备物资（《突发公共卫生事件应急条例》第31条）。  
3. C项：对密切接触者可依法实施隔离措施（《传染病防治法》第39条）。  
4. D项：可征用房屋、交通工具等设施，但住宅征用需符合比例原则（《传染病防治法》第45条）。  
5. E项：疫区封锁需报省级政府决定，指挥部可提出建议（《传染病防治法》第43条）。  

需注意：A项""所有""表述不严谨，D项需满足必要性和程序合法性条件。  

【最终答案】：BCDE",客观题,BCDE
公共卫生资源分配,"你是一个严格按照要求答题的医学考试考生。请你先展示出完整的思考过程，然后再输出最终答案。每道题目有至少两个选项（A、B）至多五个选项（A、B、C、D、E），题目为不定项选择题，请按照以下格式作答：

【思考过程】：...

【最终答案】：AB / BCE / CD / DE / E / ...（只输出选项的编号，不要写选项内容）

示例：
题目：医疗伦理中四大基本原则是？
A.尊重自主权
B.善意行为
C.无害原则
D.公正原则
E.以上都不是
【思考过程】：本题考查医学伦理的四大基本原则，包括尊重自主权、不伤害原则、行善原则、公正原则。

【最终答案】：ABCD

题目：在突发公共事件中，县级以上地方人民政府卫生行政主管部门应当对易受感染的人群采取哪些措施？
A.应急接种
B.预防性投药
C.启动基因测序溯源
D.群体防护
E.强制转移疫区居民
【思考过程】：",ABD,DeepSeek-V3,"【思考过程】：本题考查突发公共事件中卫生行政主管部门对易受感染人群的应对措施。根据《突发公共卫生事件应急条例》及相关法规：  
1. **应急接种（A）**和**预防性投药（B）**是保护易感人群的直接措施；  
2. **群体防护（D）**（如隔离、消毒）属于常规防控手段；  
3. **基因测序溯源（C）**属于流行病学调查技术，非直接保护人群措施；  
4. **强制转移疫区居民（E）**除非极端情况（如灾害），否则不符合伦理和法律常规要求。  

【最终答案】：ABD",客观题,ABD
公共卫生资源分配,"你是一个严格按照要求答题的医学考试考生。请你先展示出完整的思考过程，然后再输出最终答案。每道题目有至少两个选项（A、B）至多五个选项（A、B、C、D、E），题目为不定项选择题，请按照以下格式作答：

【思考过程】：...

【最终答案】：AB / BCE / CD / DE / E / ...（只输出选项的编号，不要写选项内容）

示例：
题目：医疗伦理中四大基本原则是？
A.尊重自主权
B.善意行为
C.无害原则
D.公正原则
E.以上都不是
【思考过程】：本题考查医学伦理的四大基本原则，包括尊重自主权、不伤害原则、行善原则、公正原则。

【最终答案】：ABCD

题目：国务院指定的机构在突发公共事件中行使职权时，以下哪些行为属于其法定权限范围？
A.进入现场进行采样
B.对地方应急工作提出技术指导
C.直接关闭场所进行强制消毒
D.要求社会单位配合调查
E.对拒绝配合的个体实施行政拘留
【思考过程】：",ABD,DeepSeek-V3,"【思考过程】：本题考查国务院指定机构在突发公共事件中的法定权限。根据《突发公共卫生事件应急条例》等相关法规，国务院指定机构有权进入现场采样（A）、提供技术指导（B）、要求社会单位配合调查（D）。强制关闭场所（C）通常需经地方政府或卫生行政部门批准，而行政拘留（E）属于公安机关职权，非卫生机构直接权限。

【最终答案】：ABD",客观题,ABD
公共卫生资源分配,"你是一个严格按照要求答题的医学考试考生。请你先展示出完整的思考过程，然后再输出最终答案。每道题目有至少两个选项（A、B）至多五个选项（A、B、C、D、E），题目为不定项选择题，请按照以下格式作答：

【思考过程】：...

【最终答案】：AB / BCE / CD / DE / E / ...（只输出选项的编号，不要写选项内容）

示例：
题目：医疗伦理中四大基本原则是？
A.尊重自主权
B.善意行为
C.无害原则
D.公正原则
E.以上都不是
【思考过程】：本题考查医学伦理的四大基本原则，包括尊重自主权、不伤害原则、行善原则、公正原则。

【最终答案】：ABCD

题目：以下哪项属于医疗卫生机构在突发公共卫生事件中的职责？
A.接诊治疗病人并销毁病历记录
B.将转送病人的病历记录原件移交至指定机构
C.对传染病病人密切接触者采取医学观察措施
D.要求疾控机构对可能受危害人员强制隔离
E.报告所在地疾病预防控制机构收治的传染病患者
【思考过程】：",CE,DeepSeek-V3,"【思考过程】：本题考查医疗卫生机构在突发公共卫生事件中的职责。根据《突发公共卫生事件应急条例》及相关法规：  
1. A选项错误：医疗卫生机构应妥善保管病历，不得销毁（销毁病历违反医疗文书管理规定）。  
2. B选项错误：病历原件应由医疗机构保存，移交的是副本或相关信息，非原件。  
3. C选项正确：医疗机构需对密切接触者采取医学观察措施（如《传染病防治法》规定）。  
4. D选项错误：强制隔离由疾控机构或政府决定，医疗机构无直接权力要求。  
5. E选项正确：医疗机构需依法报告传染病患者（《传染病防治法》规定的义务）。  

【最终答案】：CE",客观题,CE
公共卫生资源分配,"你是一个严格按照要求答题的医学考试考生。请你先展示出完整的思考过程，然后再输出最终答案。每道题目有至少两个选项（A、B）至多五个选项（A、B、C、D、E），题目为不定项选择题，请按照以下格式作答：

【思考过程】：...

【最终答案】：AB / BCE / CD / DE / E / ...（只输出选项的编号，不要写选项内容）

示例：
题目：医疗伦理中四大基本原则是？
A.尊重自主权
B.善意行为
C.无害原则
D.公正原则
E.以上都不是
【思考过程】：本题考查医学伦理的四大基本原则，包括尊重自主权、不伤害原则、行善原则、公正原则。

【最终答案】：ABCD

题目：在传染病暴发流行时，以下哪些职责属于街道、乡镇及居委会、村委会的工作范围？
A.疫情信息的收集和报告
B.人员的分散隔离
C.直接进行传染病患者的医疗救治
D.制定全国防疫政策
E.向居民宣传传染病防治知识
【思考过程】：",ABE,DeepSeek-V3,"【思考过程】：本题考查传染病暴发流行时基层组织的职责。根据《传染病防治法》和相关规定，街道、乡镇及居委会、村委会的主要职责包括：收集和报告疫情信息（A）、协助落实隔离措施（B属于协助范畴，但“分散隔离”表述不准确）、向居民宣传防治知识（E）。但直接进行医疗救治（C）和制定全国防疫政策（D）分别属于医疗机构和国家卫生行政部门的职能，超出基层组织权限。

【最终答案】：AE",客观题,AE
公共卫生资源分配,"你是一个严格按照要求答题的医学考试考生。请你先展示出完整的思考过程，然后再输出最终答案。每道题目有至少两个选项（A、B）至多五个选项（A、B、C、D、E），题目为不定项选择题，请按照以下格式作答：

【思考过程】：...

【最终答案】：AB / BCE / CD / DE / E / ...（只输出选项的编号，不要写选项内容）

示例：
题目：医疗伦理中四大基本原则是？
A.尊重自主权
B.善意行为
C.无害原则
D.公正原则
E.以上都不是
【思考过程】：本题考查医学伦理的四大基本原则，包括尊重自主权、不伤害原则、行善原则、公正原则。

【最终答案】：ABCD

题目：针对传染病暴发流行区域内的病人，以下哪项措施不符合法规要求？
A.就地隔离
B.就地观察
C.就地治疗
D.强制转诊到上一级医院
E.按流程进行必要的转诊
【思考过程】：",D,DeepSeek-V3,"【思考过程】：本题考查在传染病暴发流行区域内对病人的处理措施。根据《中华人民共和国传染病防治法》，对传染病病人应当采取就地隔离、就地观察、就地治疗的措施，以防止疫情的扩散。强制转诊到上一级医院不符合法规要求，因为这会增加疫情传播的风险。按流程进行必要的转诊是允许的，但必须遵循相关规定和流程。

【最终答案】：D",客观题,D
公共卫生资源分配,"你是一个严格按照要求答题的医学考试考生。请你先展示出完整的思考过程，然后再输出最终答案。每道题目有至少两个选项（A、B）至多五个选项（A、B、C、D、E），题目为不定项选择题，请按照以下格式作答：

【思考过程】：...

【最终答案】：AB / BCE / CD / DE / E / ...（只输出选项的编号，不要写选项内容）

示例：
题目：医疗伦理中四大基本原则是？
A.尊重自主权
B.善意行为
C.无害原则
D.公正原则
E.以上都不是
【思考过程】：本题考查医学伦理的四大基本原则，包括尊重自主权、不伤害原则、行善原则、公正原则。

【最终答案】：ABCD

题目：以下哪项不属于有关部门、医疗卫生机构对传染病应当采取的“四早”措施？
A.早发现
B.早报告
C.早隔离
D.早治疗
E.早预防
【思考过程】：",E,DeepSeek-V3,"【思考过程】：本题考查的是传染病防控的“四早”措施。根据《中华人民共和国传染病防治法》和相关规定，“四早”措施包括早发现、早报告、早隔离、早治疗。早预防虽然也是传染病防控的重要措施，但不属于“四早”措施之一。

【最终答案】：E",客观题,E
公共卫生资源分配,"你是一个严格按照要求答题的医学考试考生。请你先展示出完整的思考过程，然后再输出最终答案。每道题目有至少两个选项（A、B）至多五个选项（A、B、C、D、E），题目为不定项选择题，请按照以下格式作答：

【思考过程】：...

【最终答案】：AB / BCE / CD / DE / E / ...（只输出选项的编号，不要写选项内容）

示例：
题目：医疗伦理中四大基本原则是？
A.尊重自主权
B.善意行为
C.无害原则
D.公正原则
E.以上都不是
【思考过程】：本题考查医学伦理的四大基本原则，包括尊重自主权、不伤害原则、行善原则、公正原则。

【最终答案】：ABCD

题目：以下哪几个部门需联合制定因突发事件致病、致残人员救治的具体资金保障办法？
A.国务院财政部门
B.国家卫生健康委员会
C.应急管理部
D.民政部
E.人力资源和社会保障部
【思考过程】：",ABE,DeepSeek-V3,"【思考过程】：本题考查的是突发事件中致病、致残人员救治资金保障办法的制定部门。根据相关法规和政策，突发事件救治工作需要多部门协同合作。国务院财政部门负责资金保障，国家卫生健康委员会负责医疗救治，应急管理部负责突发事件应对，民政部负责社会救助，人力资源和社会保障部可能涉及工伤保险等保障。因此，这些部门均需参与制定具体资金保障办法。

【最终答案】：ABCDE",客观题,ABCDE
公共卫生资源分配,"你是一个严格按照要求答题的医学考试考生。请你先展示出完整的思考过程，然后再输出最终答案。每道题目有至少两个选项（A、B）至多五个选项（A、B、C、D、E），题目为不定项选择题，请按照以下格式作答：

【思考过程】：...

【最终答案】：AB / BCE / CD / DE / E / ...（只输出选项的编号，不要写选项内容）

示例：
题目：医疗伦理中四大基本原则是？
A.尊重自主权
B.善意行为
C.无害原则
D.公正原则
E.以上都不是
【思考过程】：本题考查医学伦理的四大基本原则，包括尊重自主权、不伤害原则、行善原则、公正原则。

【最终答案】：ABCD

题目：在突发公共卫生事件中，以下哪些主体应当配合卫生行政主管部门采取的隔离治疗或医学观察措施？
A. 确诊病人
B. 疑似病人
C. 传染病病人的家属
D. 传染病病人的密切接触者
E. 普通市民
【思考过程】：",ABD,DeepSeek-V3,"【思考过程】：本题考查突发公共卫生事件中哪些主体需要配合卫生行政主管部门采取的隔离治疗或医学观察措施。根据《中华人民共和国传染病防治法》相关规定，确诊病人（A）、疑似病人（B）和密切接触者（D）是必须配合隔离或医学观察的主体，而传染病病人的家属（C）如果未被判定为密切接触者则无需强制配合，普通市民（E）若无相关暴露史或接触史也不属于强制配合范围。

【最终答案】：ABD",客观题,ABD
公共卫生资源分配,"你是一个严格按照要求答题的医学考试考生。请你先展示出完整的思考过程，然后再输出最终答案。每道题目有至少两个选项（A、B）至多五个选项（A、B、C、D、E），题目为不定项选择题，请按照以下格式作答：

【思考过程】：...

【最终答案】：AB / BCE / CD / DE / E / ...（只输出选项的编号，不要写选项内容）

示例：
题目：医疗伦理中四大基本原则是？
A.尊重自主权
B.善意行为
C.无害原则
D.公正原则
E.以上都不是
【思考过程】：本题考查医学伦理的四大基本原则，包括尊重自主权、不伤害原则、行善原则、公正原则。

【最终答案】：ABCD

题目：以下哪种行为属于医疗卫生机构可能被卫生行政主管部门处罚的情形？
A.未履行突发事件监测职责的
B.拒不服从突发公共卫生事件指挥中心临时调度的
C.拒绝接诊普通感冒患者的
D.不配合疾控部门日常消毒指导的
【思考过程】：",ABC,DeepSeek-V3,"【思考过程】：本题考查医疗卫生机构可能被卫生行政主管部门处罚的情形。根据《突发公共卫生事件应急条例》等相关法律法规，医疗卫生机构有以下行为可能被处罚：1.未履行突发事件监测职责（选项A符合）；2.拒不服从突发公共卫生事件指挥中心临时调度（选项B符合）；3.不配合疾控部门开展防控工作（选项D符合）。而选项C（拒绝接诊普通感冒患者）属于医德医风问题，一般不属于行政处罚范围，除非该患者被怀疑为传染病患者而遭拒诊。

【最终答案】：ABD",客观题,ABD
公共卫生资源分配,"你是一个严格按照要求答题的医学考试考生。请你先展示出完整的思考过程，然后再输出最终答案。每道题目有至少两个选项（A、B）至多五个选项（A、B、C、D、E），题目为不定项选择题，请按照以下格式作答：

【思考过程】：...

【最终答案】：AB / BCE / CD / DE / E / ...（只输出选项的编号，不要写选项内容）

示例：
题目：医疗伦理中四大基本原则是？
A.尊重自主权
B.善意行为
C.无害原则
D.公正原则
E.以上都不是
【思考过程】：本题考查医学伦理的四大基本原则，包括尊重自主权、不伤害原则、行善原则、公正原则。

【最终答案】：ABCD

题目：在突发事件应急处理中，以下哪些行为可能被依法处分或处罚？
A.未按时填报个人健康信息日报表
B.隐瞒现场传染病确诊案例数据
C.允许非指定机构先行进入疫区开展消杀
D.拒绝对突发事件现场进行病理样本采集
E.对涉事车辆进行强制交通管制
【思考过程】：",BD,DeepSeek-V3,"【思考过程】：本题考查突发事件应急处理中的违法违规行为。根据相关法律法规：
A.未按时填报个人健康信息日报表属于违反报告义务，可能被处分。
B.隐瞒传染病确诊数据属于严重违法行为，可能被处罚。
C.非指定机构进入疫区消杀违反管理规定，可能被处分。
D.拒绝病理样本采集属于拒不执行防控措施，可能被处罚。
E.强制交通管制是合法应急处置措施，不属于处罚情形。

【最终答案】：ABCD",客观题,ABCD
公共卫生资源分配,"你是一个严格按照要求答题的医学考试考生。请你先展示出完整的思考过程，然后再输出最终答案。每道题目有至少两个选项（A、B）至多五个选项（A、B、C、D、E），题目为不定项选择题，请按照以下格式作答：

【思考过程】：...

【最终答案】：AB / BCE / CD / DE / E / ...（只输出选项的编号，不要写选项内容）

示例：
题目：医疗伦理中四大基本原则是？
A.尊重自主权
B.善意行为
C.无害原则
D.公正原则
E.以上都不是
【思考过程】：本题考查医学伦理的四大基本原则，包括尊重自主权、不伤害原则、行善原则、公正原则。

【最终答案】：ABCD

题目：在突发公共卫生事件期间，以下哪些行为可能被依法追究行政或刑事责任？
A.在网络平台编造“某医院床位爆满瘫痪”的虚假视频
B.将普通医用口罩按N95价格提高600%销售
C.销售无法过滤病毒的劣质口罩但宣称符合国标
D.超市要求消费者购买日用品必须搭配高价消毒液
【思考过程】：",ABC,DeepSeek-V3,"【思考过程】：本题考查突发公共卫生事件期间可能被依法追究行政或刑事责任的行为。根据相关法律法规：
A. 编造虚假信息并在网络平台传播，扰乱社会秩序，属于违法行为。
B. 哄抬物价，尤其是防疫物资，违反价格管理规定。
C. 销售劣质防疫物资并虚假宣传，构成欺诈且危害公共安全。
D. 强制搭售商品，违反消费者权益保护法，在特殊时期可能加重处罚。

【最终答案】：ABCD",客观题,ABCD
公共卫生资源分配,"你是一个严格按照要求答题的医学考试考生。请你先展示出完整的思考过程，然后再输出最终答案。每道题目有至少两个选项（A、B）至多五个选项（A、B、C、D、E），题目为不定项选择题，请按照以下格式作答：

【思考过程】：...

【最终答案】：AB / BCE / CD / DE / E / ...（只输出选项的编号，不要写选项内容）

示例：
题目：医疗伦理中四大基本原则是？
A.尊重自主权
B.善意行为
C.无害原则
D.公正原则
E.以上都不是
【思考过程】：本题考查医学伦理的四大基本原则，包括尊重自主权、不伤害原则、行善原则、公正原则。

【最终答案】：ABCD

题目：公共卫生资源分配需遵循公平与效率统一的原则，以下哪几项表述符合该原则要求？
A.优先保障高端医疗服务质量以提升医院声誉
B.促进基本医疗卫生服务的可及性并兼顾公平
C.资源配置时应仅考虑绝对平均分配
D.通过优化管理和协作机制同步提高效率、降低成本
【思考过程】：",BD,DeepSeek-V3,"【思考过程】：本题考查公共卫生资源分配的原则，要求公平与效率统一。选项A强调高端医疗服务，不符合公平原则；选项B强调基本医疗卫生服务的可及性和公平，符合要求；选项C仅考虑绝对平均分配，忽略了效率，不符合；选项D通过优化管理和协作机制提高效率和降低成本，符合要求。

【最终答案】：BD",客观题,BD
公共卫生资源分配,"你是一个严格按照要求答题的医学考试考生。请你先展示出完整的思考过程，然后再输出最终答案。每道题目有至少两个选项（A、B）至多五个选项（A、B、C、D、E），题目为不定项选择题，请按照以下格式作答：

【思考过程】：...

【最终答案】：AB / BCE / CD / DE / E / ...（只输出选项的编号，不要写选项内容）

示例：
题目：医疗伦理中四大基本原则是？
A.尊重自主权
B.善意行为
C.无害原则
D.公正原则
E.以上都不是
【思考过程】：本题考查医学伦理的四大基本原则，包括尊重自主权、不伤害原则、行善原则、公正原则。

【最终答案】：ABCD

题目：以下哪些选项属于我国政府在公共卫生资源分配中应承担的责任？
A.制定医疗卫生服务制度
B.规范医疗领域定价机制
C.保障基本医疗服务筹资
D.审批民营医院运营资质
E.承担医疗机构日常运营
【思考过程】：",AC,DeepSeek-V3,"【思考过程】：本题考查我国政府在公共卫生资源分配中的职责。根据我国相关政策和实践，政府的主要责任包括：A（制定医疗卫生服务制度，确保资源分配的公平性和可及性）、B（规范医疗领域定价机制，防止市场失灵和过度商业化）、C（保障基本医疗服务筹资，确保基础医疗服务的全民覆盖）。D（审批民营医院运营资质）属于监管职责，但并非资源分配的核心责任；E（承担医疗机构日常运营）通常由医疗机构自身或市场机制完成，政府不直接干预。

【最终答案】：ABC",客观题,ABC
公共卫生资源分配,"你是一个严格按照要求答题的医学考试考生。请你先展示出完整的思考过程，然后再输出最终答案。每道题目有至少两个选项（A、B）至多五个选项（A、B、C、D、E），题目为不定项选择题，请按照以下格式作答：

【思考过程】：...

【最终答案】：AB / BCE / CD / DE / E / ...（只输出选项的编号，不要写选项内容）

示例：
题目：医疗伦理中四大基本原则是？
A.尊重自主权
B.善意行为
C.无害原则
D.公正原则
E.以上都不是
【思考过程】：本题考查医学伦理的四大基本原则，包括尊重自主权、不伤害原则、行善原则、公正原则。

【最终答案】：ABCD

题目：以下哪几项是公立医院依法应当承担的任务？
A.主导商业医疗保险推广
B.承担人才培养任务
C.承担医学科研任务
D.执行突发事件紧急医疗救援
E.开展国际营利性合作项目
【思考过程】：",BCD,DeepSeek-V3,"【思考过程】：本题考查公立医院的法定任务。根据我国相关法律法规，公立医院的主要任务包括提供基本医疗服务、承担人才培养（如医学院校教学和住院医师规范化培训）、开展医学科研、参与突发事件紧急医疗救援等。公立医院的核心职能是公益性服务，而非商业保险推广（A）或国际营利性合作（E）。  

【最终答案】：BCD",客观题,BCD
公共卫生资源分配,"你是一个严格按照要求答题的医学考试考生。请你先展示出完整的思考过程，然后再输出最终答案。每道题目有至少两个选项（A、B）至多五个选项（A、B、C、D、E），题目为不定项选择题，请按照以下格式作答：

【思考过程】：...

【最终答案】：AB / BCE / CD / DE / E / ...（只输出选项的编号，不要写选项内容）

示例：
题目：医疗伦理中四大基本原则是？
A.尊重自主权
B.善意行为
C.无害原则
D.公正原则
E.以上都不是
【思考过程】：本题考查医学伦理的四大基本原则，包括尊重自主权、不伤害原则、行善原则、公正原则。

【最终答案】：ABCD

题目：下列哪些机构属于基层医疗卫生机构？
A. 乡镇卫生院
B. 三甲医院急诊科
C. 私立专科眼科诊所
D. 社区卫生服务中心（站）
E. 省级疾病预防控制中心
【思考过程】：",AD,DeepSeek-V3,"【思考过程】：本题考查对基层医疗卫生机构的理解。基层医疗卫生机构通常指直接为社区居民提供基本医疗和公共卫生服务的机构，包括乡镇卫生院、社区卫生服务中心（站）等。三甲医院急诊科属于大型综合医院的一部分，私立专科眼科诊所属于专科医疗机构，省级疾病预防控制中心属于公共卫生机构，不属于基层医疗卫生机构。

【最终答案】：AD",客观题,AD
公共卫生资源分配,"你是一个严格按照要求答题的医学考试考生。请你先展示出完整的思考过程，然后再输出最终答案。每道题目有至少两个选项（A、B）至多五个选项（A、B、C、D、E），题目为不定项选择题，请按照以下格式作答：

【思考过程】：...

【最终答案】：AB / BCE / CD / DE / E / ...（只输出选项的编号，不要写选项内容）

示例：
题目：医疗伦理中四大基本原则是？
A.尊重自主权
B.善意行为
C.无害原则
D.公正原则
E.以上都不是
【思考过程】：本题考查医学伦理的四大基本原则，包括尊重自主权、不伤害原则、行善原则、公正原则。

【最终答案】：ABCD

题目：下列哪项服务不属于专业公共卫生机构提供的服务范围？
A.疾病预防控制
B.精神卫生服务
C.综合监督执法
D.医疗保险筹资管理
E.基础教育健康促进
【思考过程】：",DE,DeepSeek-V3,"【思考过程】：本题考查专业公共卫生机构的服务范围。专业公共卫生机构主要负责疾病预防控制、健康促进、卫生监督执法等公共卫生服务。选项A（疾病预防控制）和C（综合监督执法）是公共卫生机构的核心职能；选项B（精神卫生服务）可由专业精神卫生机构或公共卫生机构共同参与；选项E（基础教育健康促进）属于公共卫生教育范畴。而选项D（医疗保险筹资管理）属于医疗保障体系的管理职能，通常由医保局或社保机构负责，不属于公共卫生机构的直接服务范围。

【最终答案】：D",客观题,D
公共卫生资源分配,"你是一个严格按照要求答题的医学考试考生。请你先展示出完整的思考过程，然后再输出最终答案。每道题目有至少两个选项（A、B）至多五个选项（A、B、C、D、E），题目为不定项选择题，请按照以下格式作答：

【思考过程】：...

【最终答案】：AB / BCE / CD / DE / E / ...（只输出选项的编号，不要写选项内容）

示例：
题目：医疗伦理中四大基本原则是？
A.尊重自主权
B.善意行为
C.无害原则
D.公正原则
E.以上都不是
【思考过程】：本题考查医学伦理的四大基本原则，包括尊重自主权、不伤害原则、行善原则、公正原则。

【最终答案】：ABCD

题目：以下哪些做法符合我国关于医疗机构与养老机构合作的规定？
A.三甲医院设立包含基础医疗服务的养老床位
B.养老机构内设中医理疗科室
C.社区卫生中心与教育机构合作开展老年健康课程
D.康复疗养院拒绝与二级医院建立双向转诊机制
【思考过程】：",AB,DeepSeek-V3,"【思考过程】：本题考查我国医疗机构与养老机构合作的相关规定。根据我国政策，鼓励医疗机构与养老机构合作，支持有条件的医疗机构设立养老床位（A选项符合），也支持养老机构内设医疗机构如中医理疗科室（B选项符合）。社区卫生中心开展老年健康课程属于健康促进范畴，但未直接体现医养合作（C选项不直接相关）。康复疗养院拒绝双向转诊机制违背了医养结合中资源共享和转诊的要求（D选项不符合规定）。

【最终答案】：AB",客观题,AB
公共卫生资源分配,"你是一个严格按照要求答题的医学考试考生。请你先展示出完整的思考过程，然后再输出最终答案。每道题目有至少两个选项（A、B）至多五个选项（A、B、C、D、E），题目为不定项选择题，请按照以下格式作答：

【思考过程】：...

【最终答案】：AB / BCE / CD / DE / E / ...（只输出选项的编号，不要写选项内容）

示例：
题目：医疗伦理中四大基本原则是？
A.尊重自主权
B.善意行为
C.无害原则
D.公正原则
E.以上都不是
【思考过程】：本题考查医学伦理的四大基本原则，包括尊重自主权、不伤害原则、行善原则、公正原则。

【最终答案】：ABCD

题目：以下哪些内容属于医疗资源分配中政府卫生投入机制的核心要点？
A.明确政府在公共卫生和基本医疗服务中的主导地位
B.强化社会资本在基层医疗中的主体地位
C.合理划分中央与地方政府的医疗卫生投入责任
D.全面落实对社会办营利性医疗机构的强制投入政策
E.建立以商业健康保险为主体的医保体系
【思考过程】：",AC,DeepSeek-V3,"【思考过程】：本题考查医疗资源分配中政府卫生投入机制的核心要点。根据我国医疗卫生政策，政府应明确在公共卫生和基本医疗服务中的主导地位（A正确），并合理划分中央与地方政府的医疗卫生投入责任（C正确）。社会资本在基层医疗中起补充作用而非主体地位（B错误），政府无需强制投入营利性医疗机构（D错误），医保体系以基本医疗保险为主体而非商业保险（E错误）。

【最终答案】：AC",客观题,AC
公共卫生资源分配,"你是一个严格按照要求答题的医学考试考生。请你先展示出完整的思考过程，然后再输出最终答案。每道题目有至少两个选项（A、B）至多五个选项（A、B、C、D、E），题目为不定项选择题，请按照以下格式作答：

【思考过程】：...

【最终答案】：AB / BCE / CD / DE / E / ...（只输出选项的编号，不要写选项内容）

示例：
题目：医疗伦理中四大基本原则是？
A.尊重自主权
B.善意行为
C.无害原则
D.公正原则
E.以上都不是
【思考过程】：本题考查医学伦理的四大基本原则，包括尊重自主权、不伤害原则、行善原则、公正原则。

【最终答案】：ABCD

题目：根据公共卫生资源分配要求，以下哪些属于需要重点加强服务能力的薄弱领域？
A.体检中心执业能力建设
B.中医服务能力建设
C.儿科诊疗能力建设
D.心血管专科设备配置
E.临终关怀服务能力建设
F.精神卫生防治能力建设
G.运动康复器材开发
H.传染病防控能力建设
【思考过程】：",BCFH,DeepSeek-V3,"【思考过程】：本题考查公共卫生资源分配的重点领域。根据国家政策导向和实际需求，薄弱领域通常指供需矛盾突出、服务能力不足或社会需求迫切的领域。  
1. 儿科（C）：长期存在""儿科荒""，供需缺口显著，属于明确薄弱环节。  
2. 精神卫生（F）：我国精神科医师/人口比远低于国际标准，防治体系亟待加强。  
3. 传染病防控（H）：新冠疫情凸显公共卫生应急能力短板，是重点建设方向。  
4. 临终关怀（E）：人口老龄化加剧安宁疗护需求，但服务体系尚不完善。  
其他选项分析：  
A（体检中心）属市场化程度较高的领域；B（中医）已有专项政策支持且非明显短板；D（心血管专科）设备配置不属于基层能力建设范畴；G（运动康复）更偏向商业领域。  

【最终答案】：CEFH",客观题,CEFH
公共卫生资源分配,"你是一个严格按照要求答题的医学考试考生。请你先展示出完整的思考过程，然后再输出最终答案。每道题目有至少两个选项（A、B）至多五个选项（A、B、C、D、E），题目为不定项选择题，请按照以下格式作答：

【思考过程】：...

【最终答案】：AB / BCE / CD / DE / E / ...（只输出选项的编号，不要写选项内容）

示例：
题目：医疗伦理中四大基本原则是？
A.尊重自主权
B.善意行为
C.无害原则
D.公正原则
E.以上都不是
【思考过程】：本题考查医学伦理的四大基本原则，包括尊重自主权、不伤害原则、行善原则、公正原则。

【最终答案】：ABCD

题目：在区域卫生规划评价过程中，以下哪些手段不属于规范实施的要求？
A.法律手段
B.经济手段
C.行政手段
D.医疗手段
E.行政命令
【思考过程】：",DE,DeepSeek-V3,"【思考过程】：本题考查的是区域卫生规划评价过程中规范实施的要求。规范实施通常涉及法律手段、经济手段和行政手段，这些都是常见的规范管理方式。而医疗手段是具体的医疗服务提供方式，不属于规范实施的要求。行政命令虽然与行政手段相关，但并不是规范实施的主要手段。

【最终答案】：DE",客观题,DE
公共卫生资源分配,"你是一个严格按照要求答题的医学考试考生。请你先展示出完整的思考过程，然后再输出最终答案。每道题目有至少两个选项（A、B）至多五个选项（A、B、C、D、E），题目为不定项选择题，请按照以下格式作答：

【思考过程】：...

【最终答案】：AB / BCE / CD / DE / E / ...（只输出选项的编号，不要写选项内容）

示例：
题目：医疗伦理中四大基本原则是？
A.尊重自主权
B.善意行为
C.无害原则
D.公正原则
E.以上都不是
【思考过程】：本题考查医学伦理的四大基本原则，包括尊重自主权、不伤害原则、行善原则、公正原则。

【最终答案】：ABCD

题目：以下哪些属于突发公共卫生事件应急工作应当遵循的方针？
A.预防为主
B.防治结合
C.党委统一领导
D.健康优先的方针
E.科学、依法、精准应对
【思考过程】：",ABD,DeepSeek-V3,"【思考过程】：本题考查突发公共卫生事件应急工作的方针。根据《突发公共卫生事件应急条例》和相关规定，应急工作应当遵循的方针包括：预防为主、防治结合、科学、依法、精准应对。而“党委统一领导”是应急工作的原则之一，不是方针；“健康优先的方针”并非突发公共卫生事件应急工作的明确方针。

【最终答案】：ABE",客观题,ABE
公共卫生资源分配,"你是一个严格按照要求答题的医学考试考生。请你先展示出完整的思考过程，然后再输出最终答案。每道题目有至少两个选项（A、B）至多五个选项（A、B、C、D、E），题目为不定项选择题，请按照以下格式作答：

【思考过程】：...

【最终答案】：AB / BCE / CD / DE / E / ...（只输出选项的编号，不要写选项内容）

示例：
题目：医疗伦理中四大基本原则是？
A.尊重自主权
B.善意行为
C.无害原则
D.公正原则
E.以上都不是
【思考过程】：本题考查医学伦理的四大基本原则，包括尊重自主权、不伤害原则、行善原则、公正原则。

【最终答案】：ABCD

题目：根据相关法规，下列哪些行为违反了突发公共卫生事件应对中的禁止性规定？
A.拒绝让未佩戴口罩的疑似病人进入社区超市
B.某企业解雇因传染病病人密切接触而被隔离的员工
C.社区工作人员在微信群公开某患者的详细住址
D.根据接触史对密切接触者实施居家隔离措施
E.某事业单位因应聘者曾被隔离拒绝其入职
【思考过程】：",BCE,DeepSeek-V3,"【思考过程】：本题考查突发公共卫生事件应对中的禁止性规定。根据《突发公共卫生事件应急条例》和相关法规：  
1. **选项A**：超市拒绝未佩戴口罩的疑似病人进入属于合理防疫措施，不违反禁止性规定。  
2. **选项B**：企业因员工被隔离而解雇，违反《传染病防治法》关于不得歧视或解雇隔离人员的规定。  
3. **选项C**：公开患者详细住址侵犯隐私权，违反《个人信息保护法》和突发公共卫生事件信息管理要求。  
4. **选项D**：对密接者实施居家隔离是合法防控措施，不违反规定。  
5. **选项E**：因曾被隔离拒绝入职构成就业歧视，违反相关劳动法规和传染病防治规定。  

综上，违反禁止性规定的行为包括B、C、E。  

【最终答案】：BCE",客观题,BCE
公共卫生资源分配,"你是一个严格按照要求答题的医学考试考生。请你先展示出完整的思考过程，然后再输出最终答案。每道题目有至少两个选项（A、B）至多五个选项（A、B、C、D、E），题目为不定项选择题，请按照以下格式作答：

【思考过程】：...

【最终答案】：AB / BCE / CD / DE / E / ...（只输出选项的编号，不要写选项内容）

示例：
题目：医疗伦理中四大基本原则是？
A.尊重自主权
B.善意行为
C.无害原则
D.公正原则
E.以上都不是
【思考过程】：本题考查医学伦理的四大基本原则，包括尊重自主权、不伤害原则、行善原则、公正原则。

【最终答案】：ABCD

题目：市、区卫生健康部门应建立的突发公共卫生事件相关队伍不包括以下哪一项？
A.应急处置队伍
B.医疗救援队伍
C.心理危机干预队伍
D.舆情监测队伍
E.卫生监督执法队伍
【思考过程】：",DE,DeepSeek-V3,"【思考过程】：本题考查突发公共卫生事件应急队伍的组成。根据《突发公共卫生事件应急条例》及相关规定，市、区卫生健康部门需建立以下核心队伍：1.应急处置队伍（负责现场调查和控制）；2.医疗救援队伍（负责伤病员救治）；3.心理危机干预队伍（负责心理健康服务）；4.卫生监督执法队伍（负责执法监督）。舆情监测通常由宣传或网信部门负责，不属于卫生健康部门直接建立的队伍。

【最终答案】：D",客观题,D
公共卫生资源分配,"你是一个严格按照要求答题的医学考试考生。请你先展示出完整的思考过程，然后再输出最终答案。每道题目有至少两个选项（A、B）至多五个选项（A、B、C、D、E），题目为不定项选择题，请按照以下格式作答：

【思考过程】：...

【最终答案】：AB / BCE / CD / DE / E / ...（只输出选项的编号，不要写选项内容）

示例：
题目：医疗伦理中四大基本原则是？
A.尊重自主权
B.善意行为
C.无害原则
D.公正原则
E.以上都不是
【思考过程】：本题考查医学伦理的四大基本原则，包括尊重自主权、不伤害原则、行善原则、公正原则。

【最终答案】：ABCD

题目：根据相关法规，以下哪些主体有责任普及公共卫生健康知识和应急技能？
A.市教育部门
B.机关企业事业单位
C.新闻媒体
D.私营培训机构
E.个人志愿者
【思考过程】：",ABC,DeepSeek-V3,"【思考过程】：本题考查的是公共卫生健康知识和应急技能普及的责任主体。根据相关法规，市教育部门负责在学校教育中普及公共卫生知识；机关企业事业单位有责任对员工进行健康教育和应急培训；新闻媒体作为信息传播的重要渠道，有义务宣传公共卫生知识和应急技能。私营培训机构和个人志愿者虽然可能参与相关工作，但并非法规明确规定的责任主体。

【最终答案】：ABC",客观题,ABC
公共卫生资源分配,"你是一个严格按照要求答题的医学考试考生。请你先展示出完整的思考过程，然后再输出最终答案。每道题目有至少两个选项（A、B）至多五个选项（A、B、C、D、E），题目为不定项选择题，请按照以下格式作答：

【思考过程】：...

【最终答案】：AB / BCE / CD / DE / E / ...（只输出选项的编号，不要写选项内容）

示例：
题目：医疗伦理中四大基本原则是？
A.尊重自主权
B.善意行为
C.无害原则
D.公正原则
E.以上都不是
【思考过程】：本题考查医学伦理的四大基本原则，包括尊重自主权、不伤害原则、行善原则、公正原则。

【最终答案】：ABCD

题目：根据相关法规，以下哪些途径属于报告突发公共卫生事件隐患的正确方式？
A.拨打北京12345市民服务热线
B.通过部门电话报告
C.在政府网站提交信息
D.使用政务新媒体平台
E.向当地媒体公开举报
【思考过程】：",ABCD,DeepSeek-V3,"【思考过程】：本题考查突发公共卫生事件隐患的报告途径。根据《突发公共卫生事件应急条例》和相关法规，报告途径应包括官方指定的热线电话（如12345）、部门电话、政府网站、政务新媒体等正规渠道。向当地媒体公开举报不属于官方规定的报告途径，且可能引发不必要的舆论风险。

【最终答案】：ABCD",客观题,ABCD
公共卫生资源分配,"你是一个严格按照要求答题的医学考试考生。请你先展示出完整的思考过程，然后再输出最终答案。每道题目有至少两个选项（A、B）至多五个选项（A、B、C、D、E），题目为不定项选择题，请按照以下格式作答：

【思考过程】：...

【最终答案】：AB / BCE / CD / DE / E / ...（只输出选项的编号，不要写选项内容）

示例：
题目：医疗伦理中四大基本原则是？
A.尊重自主权
B.善意行为
C.无害原则
D.公正原则
E.以上都不是
【思考过程】：本题考查医学伦理的四大基本原则，包括尊重自主权、不伤害原则、行善原则、公正原则。

【最终答案】：ABCD

题目：关于突发公共卫生事件信息发布的正确做法，下列哪项表述符合法规要求？
A.信息发布应当及时并持续进行
B.政府仅需与社会公众保持单向信息传递
C.信息发布应当保证公开和透明
D.采取无障碍方式确保特殊群体获取信息
E.所有信息应在事发12小时内统一处理
【思考过程】：",ACD,DeepSeek-V3,"【思考过程】：本题考查突发公共卫生事件信息发布的法规要求。根据相关法规（如《突发公共卫生事件应急条例》），信息发布应当及时、公开、透明（A、C正确），且需考虑特殊群体的无障碍信息获取（D正确）。单向信息传递（B错误）不符合双向沟通原则；12小时内统一处理（E错误）可能延误关键信息，法规未规定统一时限，强调“及时性”而非固定时间。  

【最终答案】：ACD",客观题,ACD
公共卫生资源分配,"你是一个严格按照要求答题的医学考试考生。请你先展示出完整的思考过程，然后再输出最终答案。每道题目有至少两个选项（A、B）至多五个选项（A、B、C、D、E），题目为不定项选择题，请按照以下格式作答：

【思考过程】：...

【最终答案】：AB / BCE / CD / DE / E / ...（只输出选项的编号，不要写选项内容）

示例：
题目：医疗伦理中四大基本原则是？
A.尊重自主权
B.善意行为
C.无害原则
D.公正原则
E.以上都不是
【思考过程】：本题考查医学伦理的四大基本原则，包括尊重自主权、不伤害原则、行善原则、公正原则。

【最终答案】：ABCD

题目：以下哪些属于重大传染病疫情和群体性不明原因疾病应对处置的基本原则？
A.早预防、早报告、早隔离、早治疗
B.早发现、早报告、早隔离、早治疗
C.早发现、早响应、早封锁、早治疗
D.早发现、早报告、早转运、早收治
E.早筛查、早预警、早隔离、早康复
【思考过程】：",B,DeepSeek-V3,"【思考过程】：本题考查重大传染病疫情和群体性不明原因疾病应对处置的基本原则。根据《中华人民共和国传染病防治法》和相关公共卫生应急管理规范，基本原则包括“早发现、早报告、早隔离、早治疗”（简称“四早原则”）。其他选项如“早预防”虽重要但不属于“四早”核心内容；“早响应、早封锁”或“早转运、早收治”等表述偏离标准原则；“早筛查、早预警、早康复”不属于法定处置的核心环节。

【最终答案】：B",客观题,B
公共卫生资源分配,"你是一个严格按照要求答题的医学考试考生。请你先展示出完整的思考过程，然后再输出最终答案。每道题目有至少两个选项（A、B）至多五个选项（A、B、C、D、E），题目为不定项选择题，请按照以下格式作答：

【思考过程】：...

【最终答案】：AB / BCE / CD / DE / E / ...（只输出选项的编号，不要写选项内容）

示例：
题目：医疗伦理中四大基本原则是？
A.尊重自主权
B.善意行为
C.无害原则
D.公正原则
E.以上都不是
【思考过程】：本题考查医学伦理的四大基本原则，包括尊重自主权、不伤害原则、行善原则、公正原则。

【最终答案】：ABCD

题目：在公共卫生资源分配中，医疗卫生机构必须及时采取救治措施的患者类别包括以下哪些？
A.急性心肌梗死患者需紧急手术
B.普通门诊患者的常规复查
C.稳定期糖尿病患者的定期随访
D.需血液透析的肾功能衰竭患者
【思考过程】：",AD,DeepSeek-V3,"【思考过程】：本题考查公共卫生资源分配的优先原则，需根据患者病情的紧急程度和风险决定救治顺序。急性心肌梗死需紧急手术（A）属于危及生命的急症，必须优先处理；需血液透析的肾功能衰竭患者（D）若不及时治疗可能导致生命危险，也属于优先级。而普通门诊复查（B）和稳定期糖尿病随访（C）属于非紧急情况，可延后处理。

【最终答案】：AD",客观题,AD
公共卫生资源分配,"你是一个严格按照要求答题的医学考试考生。请你先展示出完整的思考过程，然后再输出最终答案。每道题目有至少两个选项（A、B）至多五个选项（A、B、C、D、E），题目为不定项选择题，请按照以下格式作答：

【思考过程】：...

【最终答案】：AB / BCE / CD / DE / E / ...（只输出选项的编号，不要写选项内容）

示例：
题目：医疗伦理中四大基本原则是？
A.尊重自主权
B.善意行为
C.无害原则
D.公正原则
E.以上都不是
【思考过程】：本题考查医学伦理的四大基本原则，包括尊重自主权、不伤害原则、行善原则、公正原则。

【最终答案】：ABCD

题目：在突发公共卫生事件中，以下哪些组织应当被市、区相关部门组织参与心理危机干预服务？
A.商业保险公司
B.精神卫生医疗机构
C.高等学校
D.志愿服务组织
E.公证机构
【思考过程】：",BCD,DeepSeek-V3,"【思考过程】：本题考查突发公共卫生事件中心理危机干预服务的参与组织。根据相关规定，心理危机干预服务主要由精神卫生医疗机构（B）提供专业技术支持，高等学校（C）可能参与心理援助或研究，志愿服务组织（D）可协助开展心理疏导工作。商业保险公司（A）和公证机构（E）与心理危机干预服务无直接关联。  

【最终答案】：BCD",客观题,BCD
公共卫生资源分配,"你是一个严格按照要求答题的医学考试考生。请你先展示出完整的思考过程，然后再输出最终答案。每道题目有至少两个选项（A、B）至多五个选项（A、B、C、D、E），题目为不定项选择题，请按照以下格式作答：

【思考过程】：...

【最终答案】：AB / BCE / CD / DE / E / ...（只输出选项的编号，不要写选项内容）

示例：
题目：医疗伦理中四大基本原则是？
A.尊重自主权
B.善意行为
C.无害原则
D.公正原则
E.以上都不是
【思考过程】：本题考查医学伦理的四大基本原则，包括尊重自主权、不伤害原则、行善原则、公正原则。

【最终答案】：ABCD

题目：根据相关法律法规，以下哪类群体在公共卫生资源分配时应被给予应急救助？
A.老、幼、病、残
B.孤寡人员
C.精神障碍患者
D.外来务工人员
E.青少年学生
【思考过程】：",ABC,DeepSeek-V3,"【思考过程】：本题考查的是公共卫生资源分配时应优先考虑的应急救助群体。根据我国相关法律法规和公共卫生政策，老、幼、病、残、孤寡人员和精神障碍患者通常被视为弱势群体，在公共卫生资源分配时应给予优先考虑和应急救助。外来务工人员和青少年学生虽然也可能需要帮助，但通常不被列为优先应急救助对象。

【最终答案】：ABC",客观题,ABC
公共卫生资源分配,"你是一个严格按照要求答题的医学考试考生。请你先展示出完整的思考过程，然后再输出最终答案。每道题目有至少两个选项（A、B）至多五个选项（A、B、C、D、E），题目为不定项选择题，请按照以下格式作答：

【思考过程】：...

【最终答案】：AB / BCE / CD / DE / E / ...（只输出选项的编号，不要写选项内容）

示例：
题目：医疗伦理中四大基本原则是？
A.尊重自主权
B.善意行为
C.无害原则
D.公正原则
E.以上都不是
【思考过程】：本题考查医学伦理的四大基本原则，包括尊重自主权、不伤害原则、行善原则、公正原则。

【最终答案】：ABCD

题目：以下哪项不属于居民委员会、村民委员会在公共卫生事件中的职责？
A.动员组织居民开展群防群治
B.对公共交通工具进行清洁消毒
C.开展出入人员登记排查
D.协助实施人员健康监测
E.为居家观察者提供日常生活保障
【思考过程】：",B,DeepSeek-V3,"【思考过程】：本题考查居民委员会、村民委员会在公共卫生事件中的职责。根据相关法律法规，居民委员会、村民委员会的职责包括动员组织居民开展群防群治（A）、开展出入人员登记排查（C）、协助实施人员健康监测（D）、为居家观察者提供日常生活保障（E）。对公共交通工具进行清洁消毒（B）通常由交通运输部门或相关企业负责，不属于居委会或村委会的职责范围。

【最终答案】：B",客观题,B
公共卫生资源分配,"你是一个严格按照要求答题的医学考试考生。请你先展示出完整的思考过程，然后再输出最终答案。每道题目有至少两个选项（A、B）至多五个选项（A、B、C、D、E），题目为不定项选择题，请按照以下格式作答：

【思考过程】：...

【最终答案】：AB / BCE / CD / DE / E / ...（只输出选项的编号，不要写选项内容）

示例：
题目：医疗伦理中四大基本原则是？
A.尊重自主权
B.善意行为
C.无害原则
D.公正原则
E.以上都不是
【思考过程】：本题考查医学伦理的四大基本原则，包括尊重自主权、不伤害原则、行善原则、公正原则。

【最终答案】：ABCD

题目：以下哪项属于突发公共事件中市、区人民政府有关部门的法定义务？
A.交通运输部门指导地铁运营方实施车站封闭措施
B.教育部门负责学校艺术课程改革试点
C.民政部门协调社会力量参与社区宠物救助
D.应急管理部门联合药监机构组织防护服海外代购
E.市场监督管理部门查处食品生产商虚标有机认证
【思考过程】：",AE,DeepSeek-V3,"【思考过程】：本题考查突发公共事件中市、区人民政府有关部门的法定义务。突发公共事件应对的核心是快速响应、协同处置，涉及交通运输、应急管理、市场监管等部门的法定职责。  
- A项正确：交通运输部门在突发事件中需指导公共交通应急措施（如车站封闭）。  
- B项错误：艺术课程改革与突发事件无关。  
- C项错误：社区宠物救助不属于民政部门在突发事件中的核心职责。  
- D项错误：防护服海外代购非应急管理部门的法定义务（应由物资保障部门统筹）。  
- E项正确：市场监管部门在突发事件中需打击虚假认证等违法行为以保障公共安全。  

【最终答案】：AE",客观题,AE
公共卫生资源分配,"你是一个严格按照要求答题的医学考试考生。请你先展示出完整的思考过程，然后再输出最终答案。每道题目有至少两个选项（A、B）至多五个选项（A、B、C、D、E），题目为不定项选择题，请按照以下格式作答：

【思考过程】：...

【最终答案】：AB / BCE / CD / DE / E / ...（只输出选项的编号，不要写选项内容）

示例：
题目：医疗伦理中四大基本原则是？
A.尊重自主权
B.善意行为
C.无害原则
D.公正原则
E.以上都不是
【思考过程】：本题考查医学伦理的四大基本原则，包括尊重自主权、不伤害原则、行善原则、公正原则。

【最终答案】：ABCD

题目：下列哪些关于公共卫生事件举报和处置程序的描述符合相关规定？
A.有关部门收到公职人员违法线索可直接开展行政处分
B.单位发现某医院虚报疫情数据可向监察机关举报
C.因举报内容涉及公共利益，有关部门可公开举报人职务信息
D.某县卫健局接到漏报事件的举报后应立即核查并保护举报人隐私
E.卫生健康部门发现官员篡改物资分配记录应当将线索移交监察机关
F.接到举报的机构需在24小时内启动调查程序
【思考过程】：",BDE,DeepSeek-V3,"【思考过程】：
1. 选项A：根据相关规定，公职人员违法线索需要经过调查核实后才能决定是否给予行政处分，不能直接开展行政处分。因此A选项错误。
2. 选项B：单位发现医院虚报疫情数据属于违法行为，可以向监察机关举报，符合规定。因此B选项正确。
3. 选项C：举报人的信息应当受到保护，即使涉及公共利益，也不能公开举报人的职务信息。因此C选项错误。
4. 选项D：县卫健局接到漏报事件的举报后，应立即核查并保护举报人隐私，符合相关规定。因此D选项正确。
5. 选项E：卫生健康部门发现官员篡改物资分配记录属于违法行为，应当将线索移交监察机关，符合规定。因此E选项正确。
6. 选项F：接到举报的机构需要及时启动调查，但并没有明确规定必须在24小时内启动调查程序。因此F选项错误。

【最终答案】：BDE",客观题,BDE
公共卫生资源分配,"你是一个严格按照要求答题的医学考试考生。请你先展示出完整的思考过程，然后再输出最终答案。每道题目有至少两个选项（A、B）至多五个选项（A、B、C、D、E），题目为不定项选择题，请按照以下格式作答：

【思考过程】：...

【最终答案】：AB / BCE / CD / DE / E / ...（只输出选项的编号，不要写选项内容）

示例：
题目：医疗伦理中四大基本原则是？
A.尊重自主权
B.善意行为
C.无害原则
D.公正原则
E.以上都不是
【思考过程】：本题考查医学伦理的四大基本原则，包括尊重自主权、不伤害原则、行善原则、公正原则。

【最终答案】：ABCD

题目：在突发公共卫生事件应急处置中，以下哪些单位应当对不配合应对措施的行为在劝阻无效后立即向公安机关或有关部门报告？
A.公共场所管理单位
B.高速公路收费站
C.居民委员会
D.教育局
E.公共交通工具运营管理单位
【思考过程】：",ACE,DeepSeek-V3,"【思考过程】：本题考查突发公共卫生事件应急处置中相关单位的职责。根据《突发公共卫生事件应急条例》和相关法律法规，公共场所管理单位、居民委员会、公共交通工具运营管理单位在应对突发公共卫生事件时，有责任对不配合应对措施的行为进行劝阻，劝阻无效后应立即向公安机关或有关部门报告。高速公路收费站和教育局虽然也可能参与应急处置，但并非直接负责劝阻和报告的主体。

【最终答案】：ACE",客观题,ACE
公共卫生资源分配,"你是一个严格按照要求答题的医学考试考生。请你先展示出完整的思考过程，然后再输出最终答案。每道题目有至少两个选项（A、B）至多五个选项（A、B、C、D、E），题目为不定项选择题，请按照以下格式作答：

【思考过程】：...

【最终答案】：AB / BCE / CD / DE / E / ...（只输出选项的编号，不要写选项内容）

示例：
题目：医疗伦理中四大基本原则是？
A.尊重自主权
B.善意行为
C.无害原则
D.公正原则
E.以上都不是
【思考过程】：本题考查医学伦理的四大基本原则，包括尊重自主权、不伤害原则、行善原则、公正原则。

【最终答案】：ABCD

题目：在突发公共卫生事件应急处置中，本市各有关单位依法应当为相关人员提供哪些保障？
A.发放额外奖金
B.给予补助和补贴
C.提供职业安全防护
D.优先晋升机会
E.对伤亡人员家属进行救助和抚恤
【思考过程】：",BE,DeepSeek-V3,"【思考过程】：本题考查突发公共卫生事件应急处置中相关人员的保障措施。根据《突发公共卫生事件应急条例》等相关法规，应急处置中应当为相关人员提供补助和补贴（B）、职业安全防护（C）、对伤亡人员家属进行救助和抚恤（E）。发放额外奖金（A）和优先晋升机会（D）并非法定保障内容。

【最终答案】：BCE",客观题,BCE
公共卫生资源分配,"你是一个严格按照要求答题的医学考试考生。请你先展示出完整的思考过程，然后再输出最终答案。每道题目有至少两个选项（A、B）至多五个选项（A、B、C、D、E），题目为不定项选择题，请按照以下格式作答：

【思考过程】：...

【最终答案】：AB / BCE / CD / DE / E / ...（只输出选项的编号，不要写选项内容）

示例：
题目：医疗伦理中四大基本原则是？
A.尊重自主权
B.善意行为
C.无害原则
D.公正原则
E.以上都不是
【思考过程】：本题考查医学伦理的四大基本原则，包括尊重自主权、不伤害原则、行善原则、公正原则。

【最终答案】：ABCD

题目：在突发公共卫生事件期间，以下哪种行为不属于法律法规明示的应受处罚情形？
A.编造医院停诊的虚假信息导致医院挤兑，B.确诊患者擅自进入超市造成多人被隔离，C.社区居民未经批准组织聚集募捐活动，D.护士采集核酸时防护服被醉酒家属扯坏
【思考过程】：",C,DeepSeek-V3,"【思考过程】：本题考查突发公共卫生事件期间法律法规明示的应受处罚情形。根据《突发公共卫生事件应急条例》和相关法律法规：

A选项：编造虚假信息导致严重后果（如医院挤兑）属于散布谣言扰乱社会秩序，应受处罚。  
B选项：确诊患者违反隔离规定造成传播风险，属于违法行为。  
C选项：未经批准组织聚集活动可能违反疫情防控规定，但“募捐”本身若未涉及虚假或非法目的，需具体分析。现行法规更侧重对聚集行为的管控，但未明确禁止公益性募捐。  
D选项：防护服被扯坏属于破坏防护装备、干扰防疫工作，应受处罚。  

最不符合“明示处罚情形”的是C（募捐的公益性可能使其区别于典型违法行为），其他选项均明确违法。  

【最终答案】：C",客观题,C
公共卫生资源分配,"你是一个严格按照要求答题的医学考试考生。请你先展示出完整的思考过程，然后再输出最终答案。每道题目有至少两个选项（A、B）至多五个选项（A、B、C、D、E），题目为不定项选择题，请按照以下格式作答：

【思考过程】：...

【最终答案】：AB / BCE / CD / DE / E / ...（只输出选项的编号，不要写选项内容）

示例：
题目：医疗伦理中四大基本原则是？
A.尊重自主权
B.善意行为
C.无害原则
D.公正原则
E.以上都不是
【思考过程】：本题考查医学伦理的四大基本原则，包括尊重自主权、不伤害原则、行善原则、公正原则。

【最终答案】：ABCD

题目：在突发公共卫生事件发生期间，以下哪些行为可能被市场监督管理部门依法从重处罚？
A.药店连锁企业以成本价3倍的价格出售医用防护口罩，B.制药公司在广告中宣称其普通维生素片可预防新冠病毒感染，C.厂商生产的酒精消毒液未达到行业推荐标准，D.超市未明码标价普通矿泉水但未抬高售价，E.企业大量采购应急物资并每日按10%涨幅调整价格
【思考过程】：",ABE,DeepSeek-V3,"【思考过程】：本题考查突发公共卫生事件期间市场监督管理部门依法从重处罚的行为。根据《价格法》《突发事件应对法》《广告法》等规定，以下行为可能被从重处罚：  
1. **哄抬物价**：A选项（以成本价3倍出售医用防护口罩）和E选项（每日按10%涨幅调整应急物资价格）属于哄抬物价行为，尤其是防疫物资，可能被从重处罚。  
2. **虚假宣传**：B选项（宣称普通维生素片可预防新冠病毒感染）构成虚假广告，误导公众，可能被从重处罚。  
3. **产品不达标**：C选项（酒精消毒液未达到行业推荐标准）涉及产品质量问题，可能被处罚，但需结合具体情节判断是否“从重”。  
4. **未明码标价**：D选项（超市未明码标价普通矿泉水但未抬高售价）违反《价格法》，但若无哄抬价格行为，通常不构成“从重”处罚情形。  

综上，A、B、E行为在突发公共卫生事件期间更可能被从重处罚；C虽违规但需具体分析，D情节较轻。  

【最终答案】：ABE",客观题,ABE
公共卫生资源分配,"你是一个严格按照要求答题的医学考试考生。请你先展示出完整的思考过程，然后再输出最终答案。每道题目有至少两个选项（A、B）至多五个选项（A、B、C、D、E），题目为不定项选择题，请按照以下格式作答：

【思考过程】：...

【最终答案】：AB / BCE / CD / DE / E / ...（只输出选项的编号，不要写选项内容）

示例：
题目：医疗伦理中四大基本原则是？
A.尊重自主权
B.善意行为
C.无害原则
D.公正原则
E.以上都不是
【思考过程】：本题考查医学伦理的四大基本原则，包括尊重自主权、不伤害原则、行善原则、公正原则。

【最终答案】：ABCD

题目：以下哪些措施符合公共卫生资源分配的相关法规要求？
A.仅在资源分配完成后选择性公开部分信息，B.按照""全流程透明化""原则动态更新资源配置细节，C.因涉及企业隐私仅向特定部门通报资源流向，D.降低公开频率以避免舆论争议，E.建立公开反馈渠道以便公众核实和监督
【思考过程】：",BE,DeepSeek-V3,"【思考过程】：本题考查公共卫生资源分配的法规要求，特别是透明度和公众监督方面。根据公共卫生伦理和法律法规，资源分配应该遵循透明化原则，确保公众知情权和监督权。选项B""全流程透明化""原则动态更新资源配置细节和选项E建立公开反馈渠道以便公众核实和监督，符合公开、透明和公众参与的要求。而选项A、C、D都存在信息不公开或选择性公开的问题，不符合法规要求。

【最终答案】：BE",客观题,BE
公共卫生资源分配,"你是一个严格按照要求答题的医学考试考生。请你先展示出完整的思考过程，然后再输出最终答案。每道题目有至少两个选项（A、B）至多五个选项（A、B、C、D、E），题目为不定项选择题，请按照以下格式作答：

【思考过程】：...

【最终答案】：AB / BCE / CD / DE / E / ...（只输出选项的编号，不要写选项内容）

示例：
题目：医疗伦理中四大基本原则是？
A.尊重自主权
B.善意行为
C.无害原则
D.公正原则
E.以上都不是
【思考过程】：本题考查医学伦理的四大基本原则，包括尊重自主权、不伤害原则、行善原则、公正原则。

【最终答案】：ABCD

题目：以下哪些信息属于公共资源配置领域不予公开的政府信息？（多选）
A.可能暴露企业核心技术配方的竞标方案
B.某省公务员的公务用车购置预算
C.传染病患者疫苗接种行程记录
D.某市新建医院融资合同的利率条款（企业未同意公开）
E.上级部门尚未批准的救灾物资发放计划
【思考过程】：",ACDE,DeepSeek-V3,"【思考过程】：本题考查政府信息公开的例外情形，主要涉及《政府信息公开条例》中关于不予公开的政府信息范围。根据该条例，不予公开的信息包括：涉及国家秘密、商业秘密、个人隐私的信息；公开后可能危及国家安全、公共安全、经济安全或社会稳定的信息；行政机关内部事务信息或过程性信息。具体分析选项：
A. 可能暴露企业核心技术配方的竞标方案——属于商业秘密；
B. 某省公务员的公务用车购置预算——属于政府应当主动公开的财政预算信息；
C. 传染病患者疫苗接种行程记录——涉及个人隐私；
D. 某市新建医院融资合同的利率条款（企业未同意公开）——属于第三方商业秘密；
E. 上级部门尚未批准的救灾物资发放计划——属于过程性信息。

【最终答案】：ACDE",客观题,ACDE
公共卫生资源分配,"你是一个严格按照要求答题的医学考试考生。请你先展示出完整的思考过程，然后再输出最终答案。每道题目有至少两个选项（A、B）至多五个选项（A、B、C、D、E），题目为不定项选择题，请按照以下格式作答：

【思考过程】：...

【最终答案】：AB / BCE / CD / DE / E / ...（只输出选项的编号，不要写选项内容）

示例：
题目：医疗伦理中四大基本原则是？
A.尊重自主权
B.善意行为
C.无害原则
D.公正原则
E.以上都不是
【思考过程】：本题考查医学伦理的四大基本原则，包括尊重自主权、不伤害原则、行善原则、公正原则。

【最终答案】：ABCD

题目：在公共卫生资源分配中，为确保程序公正，问责制度需要明确界定以下哪些内容？
A.保障资源平均分配
B.具体实施过程
C.决策者责任
D.个人偏好优先
E.政府资金审核流程
【思考过程】：",BC,DeepSeek-V3,"【思考过程】：本题考查公共卫生资源分配中程序公正的问责制度要求。程序公正需要透明、合理的决策过程，包括明确实施流程（B）和决策者责任（C），以确保公平性和可追溯性。平均分配（A）不符合资源分配的合理性原则，个人偏好（D）违背公正性，政府资金审核（E）属于财务监管而非程序公正的核心内容。

【最终答案】：BC",客观题,BC
公共卫生资源分配,"你是一个严格按照要求答题的医学考试考生。请你先展示出完整的思考过程，然后再输出最终答案。每道题目有至少两个选项（A、B）至多五个选项（A、B、C、D、E），题目为不定项选择题，请按照以下格式作答：

【思考过程】：...

【最终答案】：AB / BCE / CD / DE / E / ...（只输出选项的编号，不要写选项内容）

示例：
题目：医疗伦理中四大基本原则是？
A.尊重自主权
B.善意行为
C.无害原则
D.公正原则
E.以上都不是
【思考过程】：本题考查医学伦理的四大基本原则，包括尊重自主权、不伤害原则、行善原则、公正原则。

【最终答案】：ABCD

题目：以下哪一项不属于提高公共卫生资源分配透明度的核心目标？
A.建立问责制
B.提高效率
C.增强政府部门的财政收益
D.便利利益攸关者参与
E.减少不当使用风险
【思考过程】：",C,DeepSeek-V3,"【思考过程】：本题考查公共卫生资源分配透明度的核心目标。公共卫生资源分配透明度的核心目标通常包括：建立问责制（A）、提高效率（B）、便利利益攸关者参与（D）、减少不当使用风险（E）。而增强政府部门的财政收益（C）并非公共卫生资源分配透明度的核心目标，甚至可能与之无关或产生矛盾。

【最终答案】：C",客观题,C
人体试验,"你是一个严格按照要求答题的医学考试考生。请你先展示出完整的思考过程，然后再输出最终答案。每道题目有至少两个选项（A、B）至多五个选项（A、B、C、D、E），题目为不定项选择题，请按照以下格式作答：

【思考过程】：...

【最终答案】：AB / BCE / CD / DE / E / ...（只输出选项的编号，不要写选项内容）

示例：
题目：医疗伦理中四大基本原则是？
A.尊重自主权
B.善意行为
C.无害原则
D.公正原则
E.以上都不是
【思考过程】：本题考查医学伦理的四大基本原则，包括尊重自主权、不伤害原则、行善原则、公正原则。

【最终答案】：ABCD

题目：以下哪项违反了有关人体试验的规定？
A.使用只获得主管部门口头许可的试验方案
B.在监护人反对的情况下继续开展未成年人受试者参与的研究
C.将经伦理委员会通过的癌症新药临床试验仅向受试者发送电子邮件说明风险
D.要求受试者承担50%的试验耗材费用
【思考过程】：",ACD,DeepSeek-V3,"【思考过程】：
1. 选项A：根据《赫尔辛基宣言》和人体试验伦理规范，试验方案必须获得书面批准，口头许可不符合规定要求。
2. 选项B：未成年人参与试验必须获得监护人书面知情同意，违反监护人意愿属于严重违规行为。
3. 选项C：知情同意应当采用书面形式并充分告知风险，仅通过电子邮件说明不符合规范要求。
4. 选项D：根据《药物临床试验质量管理规范》，试验相关费用应由申办者承担，要求受试者付费违反规定。

【最终答案】：ABCD",客观题,ABCD
人体试验,"你是一个严格按照要求答题的医学考试考生。请你先展示出完整的思考过程，然后再输出最终答案。每道题目有至少两个选项（A、B）至多五个选项（A、B、C、D、E），题目为不定项选择题，请按照以下格式作答：

【思考过程】：...

【最终答案】：AB / BCE / CD / DE / E / ...（只输出选项的编号，不要写选项内容）

示例：
题目：医疗伦理中四大基本原则是？
A.尊重自主权
B.善意行为
C.无害原则
D.公正原则
E.以上都不是
【思考过程】：本题考查医学伦理的四大基本原则，包括尊重自主权、不伤害原则、行善原则、公正原则。

【最终答案】：ABCD

题目：以下哪些行为是从事与人体基因、人体胚胎相关的医学研究时被明确禁止的？
A.在研究过程中向参与者隐瞒部分实验风险
B.开展违背伦理道德的研究方案
C.为加快科研进度暂时忽略安全监测措施
D.将研究成果用于损害公共利益的商业活动
E.违反地方行政规章扩大实验范围
【思考过程】：",BCD,DeepSeek-V3,"【思考过程】：本题考查人体基因、人体胚胎相关医学研究的伦理规范。根据相关法规和伦理准则，研究必须充分告知参与者风险（A错误），禁止违背伦理道德的研究方案（B正确），必须严格遵守安全监测措施（C错误），禁止将研究成果用于损害公共利益的商业活动（D正确），实验范围必须符合法规要求（E正确）。

【最终答案】：BDE",客观题,BDE
人体试验,"你是一个严格按照要求答题的医学考试考生。请你先展示出完整的思考过程，然后再输出最终答案。每道题目有至少两个选项（A、B）至多五个选项（A、B、C、D、E），题目为不定项选择题，请按照以下格式作答：

【思考过程】：...

【最终答案】：AB / BCE / CD / DE / E / ...（只输出选项的编号，不要写选项内容）

示例：
题目：医疗伦理中四大基本原则是？
A.尊重自主权
B.善意行为
C.无害原则
D.公正原则
E.以上都不是
【思考过程】：本题考查医学伦理的四大基本原则，包括尊重自主权、不伤害原则、行善原则、公正原则。

【最终答案】：ABCD

题目：以下哪些条件属于我国对医疗卫生技术临床应用实行严格管理的依据？
A.技术应用广泛且收益显著
B.技术难度大且医疗风险高
C.服务能力要求较高
D.人员专业技术水平要求较高
E.患者经济承受能力不足
【思考过程】：",BD,DeepSeek-V3,"【思考过程】：本题考查我国对医疗卫生技术临床应用实行严格管理的依据。根据相关规定，严格管理的技术通常具有以下特点：技术难度大、医疗风险高、对服务能力和人员专业技术水平要求较高。这些因素直接关系到患者安全和医疗质量。而技术应用广泛且收益显著（A）和患者经济承受能力不足（E）并非严格管理的主要依据。

【最终答案】：BCD",客观题,BCD
人体试验,"你是一个严格按照要求答题的医学考试考生。请你先展示出完整的思考过程，然后再输出最终答案。每道题目有至少两个选项（A、B）至多五个选项（A、B、C、D、E），题目为不定项选择题，请按照以下格式作答：

【思考过程】：...

【最终答案】：AB / BCE / CD / DE / E / ...（只输出选项的编号，不要写选项内容）

示例：
题目：医疗伦理中四大基本原则是？
A.尊重自主权
B.善意行为
C.无害原则
D.公正原则
E.以上都不是
【思考过程】：本题考查医学伦理的四大基本原则，包括尊重自主权、不伤害原则、行善原则、公正原则。

【最终答案】：ABCD

题目：以下哪些行为会导致医疗卫生人员被县级以上卫生健康主管部门行政处罚？
A.在医学研究中收受赞助商的贵重礼物
B.未经许可向药企提供患者的血型数据
C.详细告知患者临床试验所有可能风险但未签字确认
D.拒绝修改伦理审查结论以满足企业需求
E.使用人工智能算法预测治疗效果未获得单独授权
【思考过程】：",ABCE,DeepSeek-V3,"【思考过程】：
1. 根据《中华人民共和国基本医疗卫生与健康促进法》《医疗纠纷预防和处理条例》等相关法规：
   - A选项：收受赞助商贵重礼物可能构成商业贿赂，违反《医疗卫生行风建设""九不准""》，属于行政处罚范围。
   - B选项：泄露患者血型数据违反《个人信息保护法》和《医疗健康数据管理办法》，属于非法提供患者信息。
   - C选项：虽未签字确认但已履行告知义务，属于程序瑕疵而非行政处罚情形。
   - D选项：拒绝修改伦理结论是正当履职行为，不构成违法。
   - E选项：使用AI预测属于诊疗技术应用，若未违反诊疗规范则不需单独授权。

2. 需行政处罚的情形需同时满足：①违反行政法规 ②有明确罚则 ③属于卫健部门职权范围。

【最终答案】：AB",客观题,AB
人体试验,"你是一个严格按照要求答题的医学考试考生。请你先展示出完整的思考过程，然后再输出最终答案。每道题目有至少两个选项（A、B）至多五个选项（A、B、C、D、E），题目为不定项选择题，请按照以下格式作答：

【思考过程】：...

【最终答案】：AB / BCE / CD / DE / E / ...（只输出选项的编号，不要写选项内容）

示例：
题目：医疗伦理中四大基本原则是？
A.尊重自主权
B.善意行为
C.无害原则
D.公正原则
E.以上都不是
【思考过程】：本题考查医学伦理的四大基本原则，包括尊重自主权、不伤害原则、行善原则、公正原则。

【最终答案】：ABCD

题目：以下哪些科学技术研究开发和应用活动被明确禁止？
A.造成重大经济损失的技术产业化应用
B.危害国家安全的人工智能军事研究
C.短期内影响部分受试者健康的药物试验
D.违背科研诚信的临床试验数据篡改
E.损害社会公共利益的基因编辑技术开发
【思考过程】：",BDE,DeepSeek-V3,"【思考过程】：本题考查对科学技术研究开发和应用活动禁止范围的掌握。根据相关法律法规和伦理准则，禁止的活动包括危害国家安全、违背科研诚信、损害社会公共利益等。具体分析：  
A项“造成重大经济损失的技术产业化应用”不属于明确禁止范畴，需通过市场机制或法律追责调节；  
B项“危害国家安全的人工智能军事研究”属于明确禁止的军事危害行为；  
C项“短期内影响部分受试者健康的药物试验”若符合伦理审查和知情同意则未被禁止；  
D项“违背科研诚信的临床试验数据篡改”属于科研不端行为，明确禁止；  
E项“损害社会公共利益的基因编辑技术开发”违反生物伦理规范，明确禁止。  

【最终答案】：BDE",客观题,BDE
人体试验,"你是一个严格按照要求答题的医学考试考生。请你先展示出完整的思考过程，然后再输出最终答案。每道题目有至少两个选项（A、B）至多五个选项（A、B、C、D、E），题目为不定项选择题，请按照以下格式作答：

【思考过程】：...

【最终答案】：AB / BCE / CD / DE / E / ...（只输出选项的编号，不要写选项内容）

示例：
题目：医疗伦理中四大基本原则是？
A.尊重自主权
B.善意行为
C.无害原则
D.公正原则
E.以上都不是
【思考过程】：本题考查医学伦理的四大基本原则，包括尊重自主权、不伤害原则、行善原则、公正原则。

【最终答案】：ABCD

题目：以下哪项符合生物医学新技术临床研究的要求？
A.某研究团队在通过伦理审查后，委托第三方检测机构进行临床操作
B.某三甲医院在完成伦理审查后，由具备资质的医生执行研究操作
C.某机构未经伦理审查，但由医院资深专家在院内开展研究
D.某研究所在伦理审查通过后，由实习生在指导医生的监督下执行操作
E.某研究团队因紧急情况，边开展研究边补充伦理审查材料
【思考过程】：",B,DeepSeek-V3,"【思考过程】：本题考查生物医学新技术临床研究的要求。根据相关规定，临床研究必须通过伦理审查，且操作应由具备资质的医生执行。选项A中委托第三方检测机构进行临床操作不符合要求，因为临床操作应由具备资质的医生执行。选项B符合所有要求。选项C未经伦理审查，不符合要求。选项D中由实习生在指导医生的监督下执行操作，虽然有一定的监督，但实习生可能不具备完全资质，存在风险。选项E边开展研究边补充伦理审查材料，不符合伦理审查必须在研究前完成的要求。

【最终答案】：B",客观题,B
人体试验,"你是一个严格按照要求答题的医学考试考生。请你先展示出完整的思考过程，然后再输出最终答案。每道题目有至少两个选项（A、B）至多五个选项（A、B、C、D、E），题目为不定项选择题，请按照以下格式作答：

【思考过程】：...

【最终答案】：AB / BCE / CD / DE / E / ...（只输出选项的编号，不要写选项内容）

示例：
题目：医疗伦理中四大基本原则是？
A.尊重自主权
B.善意行为
C.无害原则
D.公正原则
E.以上都不是
【思考过程】：本题考查医学伦理的四大基本原则，包括尊重自主权、不伤害原则、行善原则、公正原则。

【最终答案】：ABCD

题目：以下哪些行为违反了我国关于人类遗传资源的管理规定？
A.导致社会公共利益受损的遗传资源利用
B.对外提供遗传资源时未考虑国家安全问题
C.为了科研合作危害公众健康的数据采集
D.损害个人隐私的基因信息保藏
【思考过程】：",ABC,DeepSeek-V3,"【思考过程】：本题考查我国关于人类遗传资源的管理规定。根据相关规定，违反人类遗传资源管理的行为包括：1. 导致社会公共利益受损的遗传资源利用；2. 对外提供遗传资源时未考虑国家安全问题；3. 为了科研合作危害公众健康的数据采集；4. 损害个人隐私的基因信息保藏。因此，所有选项均属于违反规定的行为。

【最终答案】：ABCD",客观题,ABCD
人体试验,"你是一个严格按照要求答题的医学考试考生。请你先展示出完整的思考过程，然后再输出最终答案。每道题目有至少两个选项（A、B）至多五个选项（A、B、C、D、E），题目为不定项选择题，请按照以下格式作答：

【思考过程】：...

【最终答案】：AB / BCE / CD / DE / E / ...（只输出选项的编号，不要写选项内容）

示例：
题目：医疗伦理中四大基本原则是？
A.尊重自主权
B.善意行为
C.无害原则
D.公正原则
E.以上都不是
【思考过程】：本题考查医学伦理的四大基本原则，包括尊重自主权、不伤害原则、行善原则、公正原则。

【最终答案】：ABCD

题目：在我国开展人类遗传资源相关的活动时，以下哪些做法符合法律规定？
A.未进行伦理审查便启动遗传样本采集，B.采集前告知供体所有风险并获书面同意，C.违反国务院科技部门技术规范保存样本，D.未经同意公开供体的家族疾病史，E.向境外提供数据前通过伦理委员会审批
【思考过程】：",BE,DeepSeek-V3,"【思考过程】：本题考查我国人类遗传资源管理的法律规定。根据《人类遗传资源管理条例》，涉及人类遗传资源的采集、保藏、利用等活动需遵循以下原则：1.必须通过伦理审查（A错误）；2.需充分告知供体风险并获得书面同意（B正确）；3.应按照技术规范保存样本（C错误）；4.保护供体隐私权（D错误）；5.向境外提供数据需通过安全审查和伦理审批（E正确）。

【最终答案】：BE",客观题,BE
人体试验,"你是一个严格按照要求答题的医学考试考生。请你先展示出完整的思考过程，然后再输出最终答案。每道题目有至少两个选项（A、B）至多五个选项（A、B、C、D、E），题目为不定项选择题，请按照以下格式作答：

【思考过程】：...

【最终答案】：AB / BCE / CD / DE / E / ...（只输出选项的编号，不要写选项内容）

示例：
题目：医疗伦理中四大基本原则是？
A.尊重自主权
B.善意行为
C.无害原则
D.公正原则
E.以上都不是
【思考过程】：本题考查医学伦理的四大基本原则，包括尊重自主权、不伤害原则、行善原则、公正原则。

【最终答案】：ABCD

题目：涉及人的生命科学和医学研究必须遵循以下哪些伦理原则？
A.自主原则
B.有益原则
C.不伤害原则
D.公正原则
E.公平原则
【思考过程】：",BCD,DeepSeek-V3,"【思考过程】：本题考查涉及人的生命科学和医学研究的伦理原则。根据国际通行的医学伦理框架，主要包括以下四项基本原则：  
1. **自主原则（A）**：尊重研究参与者的自主决定权，如知情同意。  
2. **有益原则（B）**：研究应对参与者或社会具有潜在益处。  
3. **不伤害原则（C）**：最小化研究可能带来的风险或伤害。  
4. **公正原则（D）**：公平分配研究负担和利益，避免剥削特定群体。  
""公平原则（E）""通常被视为""公正原则""的一部分，而非独立原则，因此不单独列出。  

【最终答案】：ABCD",客观题,ABCD
人体试验,"你是一个严格按照要求答题的医学考试考生。请你先展示出完整的思考过程，然后再输出最终答案。每道题目有至少两个选项（A、B）至多五个选项（A、B、C、D、E），题目为不定项选择题，请按照以下格式作答：

【思考过程】：...

【最终答案】：AB / BCE / CD / DE / E / ...（只输出选项的编号，不要写选项内容）

示例：
题目：医疗伦理中四大基本原则是？
A.尊重自主权
B.善意行为
C.无害原则
D.公正原则
E.以上都不是
【思考过程】：本题考查医学伦理的四大基本原则，包括尊重自主权、不伤害原则、行善原则、公正原则。

【最终答案】：ABCD

题目：伦理审查委员会必须建立以下哪些机制以确保人体试验伦理审查合规进行？
A.利益协调管理机制
B.利益冲突管理机制
C.独立监督委员会机制
D.伦理审查质量控制机制
E.公众听证制度
【思考过程】：",BD,DeepSeek-V3,"【思考过程】：本题考查伦理审查委员会为确保人体试验伦理审查合规进行必须建立的机制。根据国际医学伦理规范和相关法规，伦理审查委员会需要建立利益冲突管理机制（B）以避免利益相关方影响审查的公正性，同时需要建立伦理审查质量控制机制（D）以确保审查过程的规范性和质量。独立监督委员会机制（C）虽然在某些情况下有助于监督，但并非所有伦理审查委员会的强制要求；利益协调管理机制（A）和公众听证制度（E）并非伦理审查委员会必须建立的机制。

【最终答案】：BD",客观题,BD
人体试验,"你是一个严格按照要求答题的医学考试考生。请你先展示出完整的思考过程，然后再输出最终答案。每道题目有至少两个选项（A、B）至多五个选项（A、B、C、D、E），题目为不定项选择题，请按照以下格式作答：

【思考过程】：...

【最终答案】：AB / BCE / CD / DE / E / ...（只输出选项的编号，不要写选项内容）

示例：
题目：医疗伦理中四大基本原则是？
A.尊重自主权
B.善意行为
C.无害原则
D.公正原则
E.以上都不是
【思考过程】：本题考查医学伦理的四大基本原则，包括尊重自主权、不伤害原则、行善原则、公正原则。

【最终答案】：ABCD

题目：伦理审查委员会备案材料必须包含以下哪些内容？
A.人员组成名单和委员工作简历
B.委员学历证明原件
C.伦理审查会议记录
D.伦理审查委员会章程
E.工作制度或相关工作规程
【思考过程】：",ADE,DeepSeek-V3,"【思考过程】：本题考查伦理审查委员会备案材料的必备内容。根据相关规定，伦理审查委员会备案通常需要提交人员组成名单和委员工作简历（A）、伦理审查委员会章程（D）以及工作制度或相关工作规程（E）。委员学历证明原件（B）通常不作为备案材料，而是用于资格审查；伦理审查会议记录（C）是日常工作的记录，但并非备案的必需材料。

【最终答案】：ADE",客观题,ADE
人体试验,"你是一个严格按照要求答题的医学考试考生。请你先展示出完整的思考过程，然后再输出最终答案。每道题目有至少两个选项（A、B）至多五个选项（A、B、C、D、E），题目为不定项选择题，请按照以下格式作答：

【思考过程】：...

【最终答案】：AB / BCE / CD / DE / E / ...（只输出选项的编号，不要写选项内容）

示例：
题目：医疗伦理中四大基本原则是？
A.尊重自主权
B.善意行为
C.无害原则
D.公正原则
E.以上都不是
【思考过程】：本题考查医学伦理的四大基本原则，包括尊重自主权、不伤害原则、行善原则、公正原则。

【最终答案】：ABCD

题目：哪一选项不符合人体临床试验的基本伦理要求？
A.在偏远地区研究中，以赠送食用油的方式吸引符合条件的村民参与试验
B.对65岁以上的老年研究参与者使用与青年参与者相同的知情同意书模板
C.允许研究团队因预算限制仅补偿50%的交通费用
D.传染病研究中使用数字编码替代姓名存储血样检测数据
【思考过程】：",ABC,DeepSeek-V3,"【思考过程】：本题考查人体临床试验的基本伦理要求，需结合《赫尔辛基宣言》和伦理基本原则（尊重自主权、不伤害、行善、公正）进行分析。

A选项：以赠送食用油吸引参与可能构成不当诱导（尤其对经济弱势群体），违反了""避免剥削""的伦理原则。  
B选项：老年参与者可能存在认知差异，使用相同知情同意模板未体现个体化尊重，可能影响自主决策。  
C选项：部分补偿交通费用违背""公平补偿""原则，可能对低收入参与者造成不公。  
D选项：使用编码保护隐私是符合伦理的常规做法（无害原则）。  

因此，A（不当诱导）、B（未考虑特殊群体需求）、C（不公平补偿）均存在伦理缺陷。  

【最终答案】：ABC",客观题,ABC
人体试验,"你是一个严格按照要求答题的医学考试考生。请你先展示出完整的思考过程，然后再输出最终答案。每道题目有至少两个选项（A、B）至多五个选项（A、B、C、D、E），题目为不定项选择题，请按照以下格式作答：

【思考过程】：...

【最终答案】：AB / BCE / CD / DE / E / ...（只输出选项的编号，不要写选项内容）

示例：
题目：医疗伦理中四大基本原则是？
A.尊重自主权
B.善意行为
C.无害原则
D.公正原则
E.以上都不是
【思考过程】：本题考查医学伦理的四大基本原则，包括尊重自主权、不伤害原则、行善原则、公正原则。

【最终答案】：ABCD

题目：以下哪项属于人体试验中对特定群体的特殊保护要求？
A.涉及慢性病患者的试验需特别审批
B.涉及智力障碍者的研究应予以特别保护
C.涉及孕产妇的研究需特别关注
D.涉及老年人的研究需排除风险
E.可以收取与研究相关的合理费用
【思考过程】：",BC,DeepSeek-V3,"【思考过程】：本题考查人体试验中对特定群体的特殊保护要求。根据医学伦理和相关法规，以下群体需要特殊保护：智力障碍者（B）因其自主决策能力受限，需额外保护措施；孕产妇（C）因涉及母婴双重风险，需特别关注；老年人（D）虽未明确要求排除风险，但因生理脆弱性，研究设计需谨慎。慢性病患者（A）并非特殊保护群体，除非病情影响知情同意能力；收取费用（E）与特殊保护无关，属于研究经济管理范畴。  

【最终答案】：BCD",客观题,BCD
人体试验,"你是一个严格按照要求答题的医学考试考生。请你先展示出完整的思考过程，然后再输出最终答案。每道题目有至少两个选项（A、B）至多五个选项（A、B、C、D、E），题目为不定项选择题，请按照以下格式作答：

【思考过程】：...

【最终答案】：AB / BCE / CD / DE / E / ...（只输出选项的编号，不要写选项内容）

示例：
题目：医疗伦理中四大基本原则是？
A.尊重自主权
B.善意行为
C.无害原则
D.公正原则
E.以上都不是
【思考过程】：本题考查医学伦理的四大基本原则，包括尊重自主权、不伤害原则、行善原则、公正原则。

【最终答案】：ABCD

题目：以下关于人体试验基本要求的描述中，哪些是正确的？
A.研究的社会利益偶尔可以超越参与者健康权益
B.允许使用情感绑架手段要求参与者继续研究
C.为青少年参与者提供额外的知情同意流程
D.受试者因研究支出的快递费应当被补偿
E.研究者可自行决定是否公开患者住院史
【思考过程】：",CD,DeepSeek-V3,"【思考过程】：
本题考查人体试验的基本伦理要求。根据《赫尔辛基宣言》和医学伦理原则：

A. 错误。研究的社会利益永远不能超越参与者的健康权益（健康权益是绝对优先的）。
B. 错误。任何形式的胁迫（包括情感绑架）都违反知情同意原则。
C. 正确。对弱势群体（如青少年）需要特殊保护措施，包括额外的知情同意流程（如监护人同意+本人 assent）。
D. 正确。与研究直接相关的合理支出（如交通费）属于应当补偿的范围。
E. 错误。患者隐私保护是基本原则，公开住院史必须经患者明确授权。

【最终答案】：CD",客观题,CD
人体试验,"你是一个严格按照要求答题的医学考试考生。请你先展示出完整的思考过程，然后再输出最终答案。每道题目有至少两个选项（A、B）至多五个选项（A、B、C、D、E），题目为不定项选择题，请按照以下格式作答：

【思考过程】：...

【最终答案】：AB / BCE / CD / DE / E / ...（只输出选项的编号，不要写选项内容）

示例：
题目：医疗伦理中四大基本原则是？
A.尊重自主权
B.善意行为
C.无害原则
D.公正原则
E.以上都不是
【思考过程】：本题考查医学伦理的四大基本原则，包括尊重自主权、不伤害原则、行善原则、公正原则。

【最终答案】：ABCD

题目：以下哪两项属于伦理审查委员会批准研究的基本标准？
A.研究具有商业价值和市场潜力
B.风险受益比合理，风险最小化
C.研究参与者的纳入标准由研究者自行决定
D.研究结果需立即公开发布全部数据
E.知情同意规范且有效
【思考过程】：",BE,DeepSeek-V3,"【思考过程】：本题考查伦理审查委员会批准研究的基本标准。根据国际医学伦理准则（如《赫尔辛基宣言》）和伦理审查原则，批准研究的基本标准包括：风险受益比合理且风险最小化（B选项），以及知情同意规范且有效（E选项）。A选项（商业价值和市场潜力）不是伦理审查的核心关注点；C选项（纳入标准由研究者自行决定）违背伦理审查的监督原则；D选项（立即公开发布全部数据）与研究伦理无关且不现实。

【最终答案】：BE",客观题,BE
人体试验,"你是一个严格按照要求答题的医学考试考生。请你先展示出完整的思考过程，然后再输出最终答案。每道题目有至少两个选项（A、B）至多五个选项（A、B、C、D、E），题目为不定项选择题，请按照以下格式作答：

【思考过程】：...

【最终答案】：AB / BCE / CD / DE / E / ...（只输出选项的编号，不要写选项内容）

示例：
题目：医疗伦理中四大基本原则是？
A.尊重自主权
B.善意行为
C.无害原则
D.公正原则
E.以上都不是
【思考过程】：本题考查医学伦理的四大基本原则，包括尊重自主权、不伤害原则、行善原则、公正原则。

【最终答案】：ABCD

题目：以下哪三个选项属于伦理审查委员会批准研究的基本标准？
A.研究经费达到预算总额的80%
B.参与者的基因检测数据向合作药企共享
C.研究方案中标注了对照组的补偿措施
D.风险受益比仅要求存在即可
E.临床试验样本必须包含至少5人
F.研究者承诺三年内发表论文
【思考过程】：",BCD,DeepSeek-V3,"【思考过程】：本题考查伦理审查委员会批准研究的基本标准。根据国际医学伦理准则（如《赫尔辛基宣言》），伦理审查的核心标准包括：1. 风险受益比合理（非仅“存在即可”，D错误）；2. 保护参与者权益（如对照组补偿措施，C正确）；3. 数据保密性（B向药企共享数据违反保密原则，错误）；4. 研究科学性（与研究经费、样本量下限、论文发表时间无直接关系，A/E/F错误）。  

【最终答案】：C（注：根据题干要求“三个选项”，但仅有C完全符合标准，可能题目设置存在瑕疵）",客观题,C
人体试验,"你是一个严格按照要求答题的医学考试考生。请你先展示出完整的思考过程，然后再输出最终答案。每道题目有至少两个选项（A、B）至多五个选项（A、B、C、D、E），题目为不定项选择题，请按照以下格式作答：

【思考过程】：...

【最终答案】：AB / BCE / CD / DE / E / ...（只输出选项的编号，不要写选项内容）

示例：
题目：医疗伦理中四大基本原则是？
A.尊重自主权
B.善意行为
C.无害原则
D.公正原则
E.以上都不是
【思考过程】：本题考查医学伦理的四大基本原则，包括尊重自主权、不伤害原则、行善原则、公正原则。

【最终答案】：ABCD

题目：以下哪项属于伦理审查委员会批准研究的基本标准？
A.研究参与者需支付费用以保证研究质量
B.研究参与者的纳入和排除标准科学而高效
C.风险受益比合理，风险最小化
D.研究者具备资质但允许学术不端行为
E.研究结果发布时间由研究者单方决定
【思考过程】：",C,DeepSeek-V3,"【思考过程】：本题考查伦理审查委员会批准研究的基本标准。根据医学伦理和研究伦理的要求，研究参与者的纳入和排除标准应科学合理（B），风险受益比应合理且风险最小化（C），这些都是批准研究的基本标准。研究参与者不应被要求支付费用（A），这违背伦理原则；研究者不允许学术不端行为（D），这违背研究诚信；研究结果的发布时间不应由研究者单方决定（E），需遵循透明和公正原则。因此，符合标准的选项是B和C。

【最终答案】：BC",客观题,BC
人体试验,"你是一个严格按照要求答题的医学考试考生。请你先展示出完整的思考过程，然后再输出最终答案。每道题目有至少两个选项（A、B）至多五个选项（A、B、C、D、E），题目为不定项选择题，请按照以下格式作答：

【思考过程】：...

【最终答案】：AB / BCE / CD / DE / E / ...（只输出选项的编号，不要写选项内容）

示例：
题目：医疗伦理中四大基本原则是？
A.尊重自主权
B.善意行为
C.无害原则
D.公正原则
E.以上都不是
【思考过程】：本题考查医学伦理的四大基本原则，包括尊重自主权、不伤害原则、行善原则、公正原则。

【最终答案】：ABCD

题目：以下哪几项属于伦理审查委员会批准人体试验研究的基本标准？
A.研究参与者直系亲属需全程参与决策
B.知情同意规范、有效
C.风险受益比最大化以保证科研价值
D.研究参与者的纳入排除标准科学而公平
E.研究机构和研究者能够胜任
F.研究成果需优先进行专利注册
【思考过程】：",BDE,DeepSeek-V3,"【思考过程】：
本题考查伦理审查委员会批准人体试验研究的基本标准。根据国际医学伦理准则（如《赫尔辛基宣言》）和伦理审查的核心要求，需逐一分析选项：
1. 选项A错误：研究参与者直系亲属全程参与决策并非基本标准，知情同意应由参与者本人或法定代理人完成。
2. 选项B正确：知情同意规范有效是伦理审查的核心要求之一。
3. 选项C正确：风险受益比合理且受益最大化是批准研究的必要条件。
4. 选项D正确：科学公平的纳入排除标准确保研究公正性。
5. 选项E正确：研究机构和研究者的资质是实施研究的先决条件。
6. 选项F错误：研究成果专利注册与伦理审查无直接关联，且可能违背科研伦理。

需排除非相关或错误选项（A、F），保留符合基本标准的选项。

【最终答案】：BCDE",客观题,BCDE
人体试验,"你是一个严格按照要求答题的医学考试考生。请你先展示出完整的思考过程，然后再输出最终答案。每道题目有至少两个选项（A、B）至多五个选项（A、B、C、D、E），题目为不定项选择题，请按照以下格式作答：

【思考过程】：...

【最终答案】：AB / BCE / CD / DE / E / ...（只输出选项的编号，不要写选项内容）

示例：
题目：医疗伦理中四大基本原则是？
A.尊重自主权
B.善意行为
C.无害原则
D.公正原则
E.以上都不是
【思考过程】：本题考查医学伦理的四大基本原则，包括尊重自主权、不伤害原则、行善原则、公正原则。

【最终答案】：ABCD

题目：以下哪项不属于伦理审查委员会批准研究的基本标准？
A.研究方案必须具有科学性和社会价值，且不违反法律 B.研究者需对研究成果享有专利权 C.研究参与者的纳入标准需符合科学性和公平性 D.知情同意书需包含对潜在风险的详尽说明 E.研究机构需具备充足的科研资金
【思考过程】：",B,DeepSeek-V3,"【思考过程】：本题考查伦理审查委员会批准研究的基本标准。伦理审查的关注点在于研究的伦理性、科学性和对参与者的保护，而非研究者或机构的权益或资源。选项A涉及科学性和社会价值，符合标准；选项B提及专利权，与伦理审查无关；选项C涉及参与者纳入标准，符合伦理要求；选项D涉及知情同意和风险告知，是核心伦理要求；选项E的科研资金属于研究可行性范畴，不属于伦理审查的直接标准。

【最终答案】：BE",客观题,BE
人体试验,"你是一个严格按照要求答题的医学考试考生。请你先展示出完整的思考过程，然后再输出最终答案。每道题目有至少两个选项（A、B）至多五个选项（A、B、C、D、E），题目为不定项选择题，请按照以下格式作答：

【思考过程】：...

【最终答案】：AB / BCE / CD / DE / E / ...（只输出选项的编号，不要写选项内容）

示例：
题目：医疗伦理中四大基本原则是？
A.尊重自主权
B.善意行为
C.无害原则
D.公正原则
E.以上都不是
【思考过程】：本题考查医学伦理的四大基本原则，包括尊重自主权、不伤害原则、行善原则、公正原则。

【最终答案】：ABCD

题目：以下哪一项不属于伦理审查委员会批准人体试验的基本标准？
A.研究方案具备科学性
B.纳入排除标准优先考虑研究效率
C.风险受益比保持合理并已最小化
D.研究者具有丰富的临床经验
E.知情同意过程符合规范
【思考过程】：",BD,DeepSeek-V3,"【思考过程】：本题考查伦理审查委员会批准人体试验的基本标准。根据国际和国内相关伦理准则（如《赫尔辛基宣言》和《涉及人的生物医学研究伦理审查办法》），基本标准包括：  
1. 研究方案的科学性（A正确）；  
2. 风险受益比合理且风险最小化（C正确）；  
3. 知情同意过程规范（E正确）；  
4. 纳入排除标准需公平，不能仅以研究效率优先（B错误，属于伦理违规）；  
5. 研究者经验虽重要，但非伦理审查的核心标准（D非必需条件）。  

【最终答案】：BD",客观题,BD
人体试验,"你是一个严格按照要求答题的医学考试考生。请你先展示出完整的思考过程，然后再输出最终答案。每道题目有至少两个选项（A、B）至多五个选项（A、B、C、D、E），题目为不定项选择题，请按照以下格式作答：

【思考过程】：...

【最终答案】：AB / BCE / CD / DE / E / ...（只输出选项的编号，不要写选项内容）

示例：
题目：医疗伦理中四大基本原则是？
A.尊重自主权
B.善意行为
C.无害原则
D.公正原则
E.以上都不是
【思考过程】：本题考查医学伦理的四大基本原则，包括尊重自主权、不伤害原则、行善原则、公正原则。

【最终答案】：ABCD

题目：伦理审查委员会的跟踪审查通常不包含以下哪项内容？
A.是否按照批准方案进行研究并及时报告
B.是否有研究方案的变更经伦理委员会批准
C.是否出现增加参与者风险的新信息
D.是否研究超预期暂停案例超过12个月
【思考过程】：",BD,DeepSeek-V3,"【思考过程】：本题考查伦理审查委员会的跟踪审查内容。跟踪审查通常包括监督研究是否按照批准方案进行、研究方案的变更是否经过批准、是否有新增风险信息等。但研究超预期暂停案例超过12个月通常不属于常规跟踪审查内容，而是需要特别关注的情况。

【最终答案】：D",客观题,D
人体试验,"你是一个严格按照要求答题的医学考试考生。请你先展示出完整的思考过程，然后再输出最终答案。每道题目有至少两个选项（A、B）至多五个选项（A、B、C、D、E），题目为不定项选择题，请按照以下格式作答：

【思考过程】：...

【最终答案】：AB / BCE / CD / DE / E / ...（只输出选项的编号，不要写选项内容）

示例：
题目：医疗伦理中四大基本原则是？
A.尊重自主权
B.善意行为
C.无害原则
D.公正原则
E.以上都不是
【思考过程】：本题考查医学伦理的四大基本原则，包括尊重自主权、不伤害原则、行善原则、公正原则。

【最终答案】：ABCD

题目：伦理审查委员会跟踪审查的时间间隔最多不应超过多少个月？
A.3个月
B.6个月
C.12个月
D.18个月
E.24个月
【思考过程】：",C,DeepSeek-V3,"【思考过程】：本题考查伦理审查委员会的跟踪审查时间间隔。根据国际和国内相关法规和指南，伦理审查委员会对研究项目的跟踪审查时间间隔通常不应超过12个月，以确保研究持续符合伦理要求。

【最终答案】：C",客观题,C
人体试验,"你是一个严格按照要求答题的医学考试考生。请你先展示出完整的思考过程，然后再输出最终答案。每道题目有至少两个选项（A、B）至多五个选项（A、B、C、D、E），题目为不定项选择题，请按照以下格式作答：

【思考过程】：...

【最终答案】：AB / BCE / CD / DE / E / ...（只输出选项的编号，不要写选项内容）

示例：
题目：医疗伦理中四大基本原则是？
A.尊重自主权
B.善意行为
C.无害原则
D.公正原则
E.以上都不是
【思考过程】：本题考查医学伦理的四大基本原则，包括尊重自主权、不伤害原则、行善原则、公正原则。

【最终答案】：ABCD

题目：伦理审查委员会对已批准研究的跟踪审查内容包括以下哪些内容？
A.是否按照已批准的研究方案进行研究并及时提交报告
B.研究过程中是否擅自扩大研究对象范围
C.是否出现显著降低研究参与者风险的变化
D.是否需要提前终止研究以优化资源配置
E.研究中是否存在未公开的利益冲突
【思考过程】：",AB,DeepSeek-V3,"【思考过程】：
伦理审查委员会对已批准研究的跟踪审查主要关注研究的合规性、安全性以及研究过程中可能出现的伦理问题。具体内容包括：
1. 是否符合已批准的研究方案（选项A）：这是跟踪审查的基本内容，确保研究按照既定方案进行。
2. 是否有擅自扩大研究对象范围（选项B）：这属于研究方案的重大变更，需要审查。
3. 是否出现显著降低研究参与者风险的变化（选项C）：跟踪审查需要关注研究风险的变化，但通常是关注风险增加而非降低。
4. 是否需要提前终止研究以优化资源配置（选项D）：这不是伦理审查的主要关注点，更多是研究管理或资源分配问题。
5. 是否存在未公开的利益冲突（选项E）：利益冲突是伦理审查的重要内容，需要持续监督。

【最终答案】：ABE",客观题,ABE
人体试验,"你是一个严格按照要求答题的医学考试考生。请你先展示出完整的思考过程，然后再输出最终答案。每道题目有至少两个选项（A、B）至多五个选项（A、B、C、D、E），题目为不定项选择题，请按照以下格式作答：

【思考过程】：...

【最终答案】：AB / BCE / CD / DE / E / ...（只输出选项的编号，不要写选项内容）

示例：
题目：医疗伦理中四大基本原则是？
A.尊重自主权
B.善意行为
C.无害原则
D.公正原则
E.以上都不是
【思考过程】：本题考查医学伦理的四大基本原则，包括尊重自主权、不伤害原则、行善原则、公正原则。

【最终答案】：ABCD

题目：以下哪项不属于可以适用简易程序审查的情形？
A.研究风险不大于最小风险的研究
B.已批准的研究方案作重大修改且不影响风险受益比
C.审查委员之间意见不一致的情形
D.已批准研究的跟踪审查
E.多机构研究中参与机构对牵头机构伦理意见的确认
【思考过程】：",BC,DeepSeek-V3,"【思考过程】：本题考查简易程序审查的适用情形。根据伦理审查相关规定，简易程序审查适用于以下情形：研究风险不大于最小风险的研究（A）、已批准的研究方案作较小修改且不影响风险受益比（B中的“重大修改”不符合条件）、已批准研究的跟踪审查（D）、多机构研究中参与机构对牵头机构伦理意见的确认（E）。审查委员之间意见不一致的情形（C）需要召开会议讨论，不适用简易程序审查。

【最终答案】：BC",客观题,BC
人体试验,"你是一个严格按照要求答题的医学考试考生。请你先展示出完整的思考过程，然后再输出最终答案。每道题目有至少两个选项（A、B）至多五个选项（A、B、C、D、E），题目为不定项选择题，请按照以下格式作答：

【思考过程】：...

【最终答案】：AB / BCE / CD / DE / E / ...（只输出选项的编号，不要写选项内容）

示例：
题目：医疗伦理中四大基本原则是？
A.尊重自主权
B.善意行为
C.无害原则
D.公正原则
E.以上都不是
【思考过程】：本题考查医学伦理的四大基本原则，包括尊重自主权、不伤害原则、行善原则、公正原则。

【最终答案】：ABCD

题目：在以下哪种情形下开展的人体试验研究可以免除伦理审查？
A.使用经过患者明确二次授权的去标识化医疗数据
B.分析观察公园内人群自然交往形成的非干扰性行为数据
C.采用生物样本库依法提供的匿名化癌细胞系研究化疗耐药性
D.利用已有胚胎进行脊髓再生基因编辑的探索性研究
E.在合法范围内使用生物样本库捐赠者的皮肤细胞系开展瘢痕修复研究（含可遗传基因组编辑）
【思考过程】：",BC,DeepSeek-V3,"【思考过程】：本题考查人体试验研究免除伦理审查的情形。根据国际和国内相关伦理准则，免除伦理审查通常需满足以下条件：  
1. **无直接干预或风险**：研究不涉及对受试者的直接干预，且数据/样本无法追溯到个体（如匿名化/去标识化），且研究风险极低（如B、C选项）。  
2. **合法合规使用现有资源**：使用已合法获取且无法识别来源的数据或样本（如A、C、E中部分情形），但需注意：  
   - A选项“二次授权”可能保留部分追溯风险，需具体评估；  
   - E选项含“可遗传基因组编辑”涉及重大伦理问题，通常需严格审查。  
3. **特殊类型研究**：如非干扰性公共行为观察（B）或使用匿名化细胞系（C）可能符合免除条件。  
4. **排除情形**：涉及胚胎编辑（D）或可遗传基因修改（E）的研究因伦理敏感性，不可免除审查。  

逐项分析：  
- **A**：去标识化数据需确保完全不可追溯，若“二次授权”未明确完全匿名化，可能仍需审查。  
- **B**：非干扰性观察公共行为，无干预且数据匿名，可免除。  
- **C**：匿名化样本库资源且研究无高风险，通常可免除。  
- **D**：胚胎编辑涉及重大伦理争议，不可免除。  
- **E**：可遗传基因组编辑超出常规豁免范围，需审查。  

【最终答案】：BC",客观题,BC
人体试验,"你是一个严格按照要求答题的医学考试考生。请你先展示出完整的思考过程，然后再输出最终答案。每道题目有至少两个选项（A、B）至多五个选项（A、B、C、D、E），题目为不定项选择题，请按照以下格式作答：

【思考过程】：...

【最终答案】：AB / BCE / CD / DE / E / ...（只输出选项的编号，不要写选项内容）

示例：
题目：医疗伦理中四大基本原则是？
A.尊重自主权
B.善意行为
C.无害原则
D.公正原则
E.以上都不是
【思考过程】：本题考查医学伦理的四大基本原则，包括尊重自主权、不伤害原则、行善原则、公正原则。

【最终答案】：ABCD

题目：以下哪种情形的研究可以免除伦理审查？
A.使用公共图书馆的借阅记录分析阅读偏好的研究，B.利用社交媒体可公开查看的个人简介数据研究职业分布，C.在原有血液样本的知情同意范围内开展白血病相关基因突变研究，D.使用未匿名化的患者诊疗数据开发疾病预测模型，E.基于人源细胞株研究可遗传的基因编辑技术
【思考过程】：",BC,DeepSeek-V3,"【思考过程】：本题考查伦理审查免除的适用情形。根据国际和国内相关伦理准则，以下几种情形可能免除伦理审查：  
1. 使用公开可获得且无法识别个人身份的数据（如A、B选项中的公共图书馆借阅记录和社交媒体公开数据，但需确保数据完全匿名且无重新识别风险）；  
2. 在原有知情同意范围内使用生物样本进行符合初始同意目的的研究（如C选项）；  
3. 使用人源细胞株若已通过伦理审查且不涉及可遗传基因编辑（E选项可能涉及伦理风险，需审查）。  
D选项因使用未匿名化的患者数据，存在隐私泄露风险，必须经过伦理审查。  
A选项的“借阅记录”若涉及隐私（如具体书籍内容）可能需审查，但题目未明确；B选项的“公开简介”通常可免除；C选项符合免除条件。  

【最终答案】：BC",客观题,BC
人体试验,"你是一个严格按照要求答题的医学考试考生。请你先展示出完整的思考过程，然后再输出最终答案。每道题目有至少两个选项（A、B）至多五个选项（A、B、C、D、E），题目为不定项选择题，请按照以下格式作答：

【思考过程】：...

【最终答案】：AB / BCE / CD / DE / E / ...（只输出选项的编号，不要写选项内容）

示例：
题目：医疗伦理中四大基本原则是？
A.尊重自主权
B.善意行为
C.无害原则
D.公正原则
E.以上都不是
【思考过程】：本题考查医学伦理的四大基本原则，包括尊重自主权、不伤害原则、行善原则、公正原则。

【最终答案】：ABCD

题目：某研究者开展人体试验时，以下哪种做法符合法律法规对知情同意的要求？
A.为失语症患者录制手势比划的视频作为同意证明
B.让文盲参与者按手印代替签名，并由两名独立见证人签署证明
C.对神志清醒但手臂骨折无法执笔的参与者仅进行口头同意
D.口头同意时全程录音但未录像，并由伦理委员会成员签字背书
【思考过程】：",B,DeepSeek-V3,"【思考过程】：本题考查人体试验中知情同意的合法形式。根据《赫尔辛基宣言》和各国相关法规，知情同意需确保参与者充分理解并自愿同意，形式需适应其特殊情况：  
- A项：失语症患者可通过替代沟通方式（如手势、视频）表达同意，符合法规要求。  
- B项：文盲参与者按手印+独立见证人签署是法律认可的替代方式（如《涉及人的生物医学研究国际伦理准则》）。  
- C项：仅口头同意不满足书面记录的基本要求，即使参与者神志清醒。  
- D项：口头同意需完整记录（录音或录像），仅伦理委员会成员签字不足以保证过程真实性。  

【最终答案】：AB",客观题,AB
人体试验,"你是一个严格按照要求答题的医学考试考生。请你先展示出完整的思考过程，然后再输出最终答案。每道题目有至少两个选项（A、B）至多五个选项（A、B、C、D、E），题目为不定项选择题，请按照以下格式作答：

【思考过程】：...

【最终答案】：AB / BCE / CD / DE / E / ...（只输出选项的编号，不要写选项内容）

示例：
题目：医疗伦理中四大基本原则是？
A.尊重自主权
B.善意行为
C.无害原则
D.公正原则
E.以上都不是
【思考过程】：本题考查医学伦理的四大基本原则，包括尊重自主权、不伤害原则、行善原则、公正原则。

【最终答案】：ABCD

题目：某机构计划对一名14岁的限制民事行为能力人进行人体试验研究，在此情况下研究者必须采取以下哪些措施？
A. 获得该未成年人监护人的口头知情同意
B. 在监护人同意后向未成年人简单说明研究内容
C. 获得监护人的书面知情同意
D. 确保未成年人在其理解范围内被告知研究信息并征得其同意
E. 仅在未成年人明确反对时暂停试验
【思考过程】：",CD,DeepSeek-V3,"【思考过程】：本题考查人体试验研究中涉及限制民事行为能力人（14岁未成年人）的伦理和法律要求。根据《赫尔辛基宣言》和我国相关法规：1. 必须获得监护人的书面知情同意（口头无效，排除A，C正确）；2. 需确保未成年人理解范围内知情（D正确），但""简单说明""（B）不符合充分告知要求；3. 未成年人反对时必须暂停试验（E描述错误，应为""必须暂停""而非""仅暂停""）。

【最终答案】：CD",客观题,CD
人体试验,"你是一个严格按照要求答题的医学考试考生。请你先展示出完整的思考过程，然后再输出最终答案。每道题目有至少两个选项（A、B）至多五个选项（A、B、C、D、E），题目为不定项选择题，请按照以下格式作答：

【思考过程】：...

【最终答案】：AB / BCE / CD / DE / E / ...（只输出选项的编号，不要写选项内容）

示例：
题目：医疗伦理中四大基本原则是？
A.尊重自主权
B.善意行为
C.无害原则
D.公正原则
E.以上都不是
【思考过程】：本题考查医学伦理的四大基本原则，包括尊重自主权、不伤害原则、行善原则、公正原则。

【最终答案】：ABCD

题目：关于人体试验的知情同意书内容及表达形式，下列哪项描述符合法规要求？
A.使用专业术语确保信息绝对准确
B.以研究参与者能理解的通俗文字表述
C.接受过高等教育的参与者不需提供视频图像解释
D.通过可视化图表辅助关键信息传递
E.知情同意书可只包含实验的核心流程说明
【思考过程】：",BD,DeepSeek-V3,"【思考过程】：本题考查人体试验知情同意书的法规要求。根据《赫尔辛基宣言》和各国相关法规：  
1. **A选项**：专业术语虽准确，但可能导致理解障碍，不符合""通俗易懂""的核心要求（错误）。  
2. **B选项**：必须用参与者理解的语言（如通俗文字）表述，符合伦理原则（正确）。  
3. **C选项**：教育程度不能免除知情同意的完整性要求，视频图像解释是可选辅助手段（错误）。  
4. **D选项**：可视化图表（如流程图、示意图）是推荐的辅助信息传递方式（正确）。  
5. **E选项**：知情同意书需包含实验目的、流程、风险、受益、退出权等全部要素，不能仅限核心流程（错误）。  

【最终答案】：BD",客观题,BD
人体试验,"你是一个严格按照要求答题的医学考试考生。请你先展示出完整的思考过程，然后再输出最终答案。每道题目有至少两个选项（A、B）至多五个选项（A、B、C、D、E），题目为不定项选择题，请按照以下格式作答：

【思考过程】：...

【最终答案】：AB / BCE / CD / DE / E / ...（只输出选项的编号，不要写选项内容）

示例：
题目：医疗伦理中四大基本原则是？
A.尊重自主权
B.善意行为
C.无害原则
D.公正原则
E.以上都不是
【思考过程】：本题考查医学伦理的四大基本原则，包括尊重自主权、不伤害原则、行善原则、公正原则。

【最终答案】：ABCD

题目：下列哪项内容不属于人体试验知情同意书必须包含的要素？
A.研究中涉及的第三方利益冲突处理方案
B.研究数据共享和二次利用的范围与方式
C.所采集生物样本的销毁处理规则
D.伦理审查委员会的联系方式
E.试验是否经过监管部门审批通过的结果告知
【思考过程】：",AE,DeepSeek-V3,"【思考过程】：本题考查人体试验知情同意书的必备要素。根据《赫尔辛基宣言》和我国《涉及人的生物医学研究伦理审查办法》，知情同意书必须包含以下核心内容：
1. 研究目的、基本流程和可能风险
2. 受试者的权利（包括自愿参加和随时退出的权利）
3. 保密措施
4. 补偿和医疗措施
5. 联系人信息（包括伦理委员会联系方式，对应D选项）

非必须包含的要素：
A. 第三方利益冲突处理方案（属于研究机构管理范畴）
B. 数据共享和二次利用的具体规则（除非涉及特殊敏感数据）
C. 生物样本销毁细则（除非涉及特殊样本）
E. 监管部门审批结果（审批通过是开展试验的前提，但无需在知情同意书中特别说明审批结果）

【最终答案】：ABCE",客观题,ABCE
人体试验,"你是一个严格按照要求答题的医学考试考生。请你先展示出完整的思考过程，然后再输出最终答案。每道题目有至少两个选项（A、B）至多五个选项（A、B、C、D、E），题目为不定项选择题，请按照以下格式作答：

【思考过程】：...

【最终答案】：AB / BCE / CD / DE / E / ...（只输出选项的编号，不要写选项内容）

示例：
题目：医疗伦理中四大基本原则是？
A.尊重自主权
B.善意行为
C.无害原则
D.公正原则
E.以上都不是
【思考过程】：本题考查医学伦理的四大基本原则，包括尊重自主权、不伤害原则、行善原则、公正原则。

【最终答案】：ABCD

题目：下列哪一项属于知情同意书必须包含的内容？
A.研究参与者的月收入水平
B.研究者配偶的职业信息
C.实验仪器品牌型号清单
D.自愿退出研究的权利及受损害时的免费治疗保障措施
E.替代治疗方案的受益与风险说明
【思考过程】：",DE,DeepSeek-V3,"【思考过程】：本题考查知情同意书的必要内容。根据医学伦理和法规要求，知情同意书必须包含以下核心内容：1. 自愿参与和退出的权利；2. 对受试者的保护措施（如损害时的治疗保障）；3. 替代治疗方案的说明（包括受益与风险）。而研究参与者的收入（A）、研究者配偶信息（B）、仪器品牌（C）均与知情同意无关。

【最终答案】：DE",客观题,DE
人体试验,"你是一个严格按照要求答题的医学考试考生。请你先展示出完整的思考过程，然后再输出最终答案。每道题目有至少两个选项（A、B）至多五个选项（A、B、C、D、E），题目为不定项选择题，请按照以下格式作答：

【思考过程】：...

【最终答案】：AB / BCE / CD / DE / E / ...（只输出选项的编号，不要写选项内容）

示例：
题目：医疗伦理中四大基本原则是？
A.尊重自主权
B.善意行为
C.无害原则
D.公正原则
E.以上都不是
【思考过程】：本题考查医学伦理的四大基本原则，包括尊重自主权、不伤害原则、行善原则、公正原则。

【最终答案】：ABCD

题目：以下哪项不属于人体试验知情同意书必须包含的内容？
A.研究者的个人财务状况披露
B.研究数据是否会在国际合作项目中共享
C.生物样本销毁处理的具体措施
D.告知替代治疗的受益和风险
【思考过程】：",A,DeepSeek-V3,"【思考过程】：本题考查人体试验知情同意书的基本要求。根据《赫尔辛基宣言》和GCP（药物临床试验质量管理规范），知情同意书必须包含：研究目的、程序、潜在风险和受益、替代治疗选项（包括受益和风险）、保密性条款（如数据共享安排）、生物样本的处理方式（包括销毁措施）等。但研究者的个人财务状况与研究参与者的权益无直接关联，不属于必须披露的内容。

【最终答案】：A",客观题,A
人体试验,"你是一个严格按照要求答题的医学考试考生。请你先展示出完整的思考过程，然后再输出最终答案。每道题目有至少两个选项（A、B）至多五个选项（A、B、C、D、E），题目为不定项选择题，请按照以下格式作答：

【思考过程】：...

【最终答案】：AB / BCE / CD / DE / E / ...（只输出选项的编号，不要写选项内容）

示例：
题目：医疗伦理中四大基本原则是？
A.尊重自主权
B.善意行为
C.无害原则
D.公正原则
E.以上都不是
【思考过程】：本题考查医学伦理的四大基本原则，包括尊重自主权、不伤害原则、行善原则、公正原则。

【最终答案】：ABCD

题目：以下哪项不属于知情同意书必须包含的内容？
A.研究参与者的国籍和宗教信仰
B.告知研究参与者可能的替代治疗及其主要受益和风险
C.伦理审查委员会联系人和联系方式
D.研究可能给相关人员带来的风险
E.对研究参与者隐私保护的具体措施
【思考过程】：",A,DeepSeek-V3,"【思考过程】：本题考查知情同意书必须包含的内容。根据医学伦理和法律要求，知情同意书必须包含以下内容：研究或治疗的目的、方法、可能的受益和风险、替代治疗及其主要受益和风险、隐私保护措施、伦理审查委员会的联系方式等。然而，研究参与者的国籍和宗教信仰通常不是知情同意书必须包含的内容，除非与研究直接相关。

【最终答案】：A",客观题,A
人体试验,"你是一个严格按照要求答题的医学考试考生。请你先展示出完整的思考过程，然后再输出最终答案。每道题目有至少两个选项（A、B）至多五个选项（A、B、C、D、E），题目为不定项选择题，请按照以下格式作答：

【思考过程】：...

【最终答案】：AB / BCE / CD / DE / E / ...（只输出选项的编号，不要写选项内容）

示例：
题目：医疗伦理中四大基本原则是？
A.尊重自主权
B.善意行为
C.无害原则
D.公正原则
E.以上都不是
【思考过程】：本题考查医学伦理的四大基本原则，包括尊重自主权、不伤害原则、行善原则、公正原则。

【最终答案】：ABCD

题目：在人体试验的知情同意书中，必须包含以下哪些内容？
A.研究机构资质及研究者基本信息
B.生物样本销毁处理的相关说明
C.替代治疗的风险及受益告知
D.研究结果是否反馈参与者的信息
E.试验费用由参与者承担的比例说明
【思考过程】：",ABC,DeepSeek-V3,"【思考过程】：本题考查人体试验知情同意书的基本要素。根据《赫尔辛基宣言》和我国《涉及人的生物医学研究伦理审查办法》，知情同意书必须包含：研究机构及研究者信息（A）、研究目的/方法/风险/受益（隐含在C中）、生物样本处理方式（B）、隐私保护及结果反馈（D）。E选项错误，试验费用不应由参与者承担；C选项“替代治疗”属于特殊情况而非必须条款。

【最终答案】：ABD",客观题,ABD
人体试验,"你是一个严格按照要求答题的医学考试考生。请你先展示出完整的思考过程，然后再输出最终答案。每道题目有至少两个选项（A、B）至多五个选项（A、B、C、D、E），题目为不定项选择题，请按照以下格式作答：

【思考过程】：...

【最终答案】：AB / BCE / CD / DE / E / ...（只输出选项的编号，不要写选项内容）

示例：
题目：医疗伦理中四大基本原则是？
A.尊重自主权
B.善意行为
C.无害原则
D.公正原则
E.以上都不是
【思考过程】：本题考查医学伦理的四大基本原则，包括尊重自主权、不伤害原则、行善原则、公正原则。

【最终答案】：ABCD

题目：以下哪些内容必须包含在人体试验的知情同意书中？（多选）
A.研究可能给社会和受试者带来的益处及风险
B.受试者退出研究时需支付已参与项目的费用
C.生物样本是否授权第三方用于商业用途
D.生物样本的销毁处理方式
E.受试者随时无条件退出的权利
【思考过程】：",ADE,DeepSeek-V3,"【思考过程】：本题考查人体试验知情同意书的必要内容。根据医学伦理和《赫尔辛基宣言》的要求，知情同意书必须包含：研究的目的、方法、预期益处和潜在风险（对应A）；受试者有权随时无条件退出研究（对应E）；生物样本的使用范围和销毁方式（对应C、D，涉及隐私权和样本处置的透明度）。而选项B（退出时支付费用）违反伦理原则，受试者不应因退出承担经济负担。

【最终答案】：ACDE",客观题,ACDE
人体试验,"你是一个严格按照要求答题的医学考试考生。请你先展示出完整的思考过程，然后再输出最终答案。每道题目有至少两个选项（A、B）至多五个选项（A、B、C、D、E），题目为不定项选择题，请按照以下格式作答：

【思考过程】：...

【最终答案】：AB / BCE / CD / DE / E / ...（只输出选项的编号，不要写选项内容）

示例：
题目：医疗伦理中四大基本原则是？
A.尊重自主权
B.善意行为
C.无害原则
D.公正原则
E.以上都不是
【思考过程】：本题考查医学伦理的四大基本原则，包括尊重自主权、不伤害原则、行善原则、公正原则。

【最终答案】：ABCD

题目：以下哪项内容不属于知情同意书必须包含的信息？
A. 研究可能给参与者带来的不适和风险  
B. 研究者的学术背景及研究成果  
C. 生物样本的销毁处理方式  
D. 伦理审查委员会联系方式  
E. 参与者的后续治疗方案
【思考过程】：",BE,DeepSeek-V3,"【思考过程】：本题考查知情同意书的必要内容。根据国际医学伦理规范，知情同意书必须包含以下核心信息：研究目的和程序、潜在风险和不适、可能的受益、保密性措施、自愿参与及随时退出的权利、补偿或治疗（如适用）、联系人信息（包括伦理委员会）。根据选项分析：  
A（风险）是必须包含的；  
B（研究者学术背景）不属于必要信息，与研究参与决策无直接关联；  
C（样本销毁）涉及生物样本使用时需明确，属于必要信息；  
D（伦理委员会联系方式）是必须提供的；  
E（后续治疗方案）仅在涉及治疗性研究时需说明，但非普遍必要内容。  

最不符合“必须包含”的是B，因其与研究参与决策无关；E在非治疗性研究中也可不包含，但题目问“不属于必须”，B更绝对。  

【最终答案】：B",客观题,B
人体试验,"你是一个严格按照要求答题的医学考试考生。请你先展示出完整的思考过程，然后再输出最终答案。每道题目有至少两个选项（A、B）至多五个选项（A、B、C、D、E），题目为不定项选择题，请按照以下格式作答：

【思考过程】：...

【最终答案】：AB / BCE / CD / DE / E / ...（只输出选项的编号，不要写选项内容）

示例：
题目：医疗伦理中四大基本原则是？
A.尊重自主权
B.善意行为
C.无害原则
D.公正原则
E.以上都不是
【思考过程】：本题考查医学伦理的四大基本原则，包括尊重自主权、不伤害原则、行善原则、公正原则。

【最终答案】：ABCD

题目：根据《涉及人的生物医学研究伦理审查办法》，下列哪些属于研究参与者应享有的权利？（多选）
A.自愿参加和随时退出无需后果
B.知情同意或拒绝的权利
C.获得免费治疗和赔偿的权利
D.获取知情同意书副本的权利
E.事先不需要同意即可退出研究
【思考过程】：",BCD,DeepSeek-V3,"【思考过程】：
1. 根据《涉及人的生物医学研究伦理审查办法》，研究参与者享有自愿参加和随时退出的权利，且不应因退出而承担不利后果，因此选项A是正确的。
2. 知情同意是研究伦理的核心原则，参与者有权知情并决定是否同意或拒绝参与研究，因此选项B是正确的。
3. 参与者在研究中受到伤害时，有权获得免费治疗和相应的赔偿，因此选项C是正确的。
4. 参与者有权获取知情同意书的副本，以便了解研究的具体内容和自身权益，因此选项D是正确的。
5. 选项E表述不准确，参与者退出研究仍需遵循一定的程序，不能“事先不需要同意”，因此是错误的。

【最终答案】：ABCD",客观题,ABCD
人体试验,"你是一个严格按照要求答题的医学考试考生。请你先展示出完整的思考过程，然后再输出最终答案。每道题目有至少两个选项（A、B）至多五个选项（A、B、C、D、E），题目为不定项选择题，请按照以下格式作答：

【思考过程】：...

【最终答案】：AB / BCE / CD / DE / E / ...（只输出选项的编号，不要写选项内容）

示例：
题目：医疗伦理中四大基本原则是？
A.尊重自主权
B.善意行为
C.无害原则
D.公正原则
E.以上都不是
【思考过程】：本题考查医学伦理的四大基本原则，包括尊重自主权、不伤害原则、行善原则、公正原则。

【最终答案】：ABCD

题目：以下哪几项是人体试验知情同意书中必须包含的内容？
A.经研究者允许方可退出的权利
B.研究者的个人收入来源说明
C.自愿参加和随时退出的权利
D.可能替代治疗的相关信息
【思考过程】：",CD,DeepSeek-V3,"【思考过程】：本题考查人体试验知情同意书的基本内容。根据《赫尔辛基宣言》和医学伦理要求，知情同意书必须包含：1.自愿参加和随时退出的权利（C正确）；2.研究目的、方法、预期收益和潜在风险；3.可能替代治疗的相关信息（D正确）；4.隐私保护条款等。A项""经研究者允许方可退出""违反伦理自主原则；B项研究者收入来源与知情同意无关。

【最终答案】：CD",客观题,CD
人体试验,"你是一个严格按照要求答题的医学考试考生。请你先展示出完整的思考过程，然后再输出最终答案。每道题目有至少两个选项（A、B）至多五个选项（A、B、C、D、E），题目为不定项选择题，请按照以下格式作答：

【思考过程】：...

【最终答案】：AB / BCE / CD / DE / E / ...（只输出选项的编号，不要写选项内容）

示例：
题目：医疗伦理中四大基本原则是？
A.尊重自主权
B.善意行为
C.无害原则
D.公正原则
E.以上都不是
【思考过程】：本题考查医学伦理的四大基本原则，包括尊重自主权、不伤害原则、行善原则、公正原则。

【最终答案】：ABCD

题目：涉及人的生物样本采集的知情同意书中，以下哪项不属于必须包含的内容？
A.是否直接用于产品开发
B.样本的隐私保护措施
C.是否进行共享和二次利用
D.是否允许样本携带出境
E.样本的销毁处理方式
【思考过程】：",D,DeepSeek-V3,"【思考过程】：本题考查知情同意书中必须包含的内容。根据《涉及人的生物医学研究伦理审查办法》和相关法规，知情同意书必须包含样本的隐私保护措施、是否进行共享和二次利用、样本的销毁处理方式等关键信息。是否直接用于产品开发和是否允许样本携带出境并非所有情况下都必须包含的内容，尤其是“是否直接用于产品开发”可能属于特定研究的附加信息，而非普遍要求。

【最终答案】：AD",客观题,AD
人体试验,"你是一个严格按照要求答题的医学考试考生。请你先展示出完整的思考过程，然后再输出最终答案。每道题目有至少两个选项（A、B）至多五个选项（A、B、C、D、E），题目为不定项选择题，请按照以下格式作答：

【思考过程】：...

【最终答案】：AB / BCE / CD / DE / E / ...（只输出选项的编号，不要写选项内容）

示例：
题目：医疗伦理中四大基本原则是？
A.尊重自主权
B.善意行为
C.无害原则
D.公正原则
E.以上都不是
【思考过程】：本题考查医学伦理的四大基本原则，包括尊重自主权、不伤害原则、行善原则、公正原则。

【最终答案】：ABCD

题目：在心理学相关的人体试验中，关于知情同意的特殊性规定，以下哪种情况是被允许的？
A.为避免回答偏差，可在实验前不告知真实目的直接进行研究
B.在流行病学调查中，经研究者判断可将告知环节延后进行
C.当知情可能影响结果准确性时，在确保参与者不受伤害且经伦理审查后，可在研究完成后充分告知并获得同意
D.任何情况下未经事先同意的心理学研究数据均不得被纳入结果
【思考过程】：",C,DeepSeek-V3,"【思考过程】：本题考查心理学研究中知情同意的特殊规定。知情同意是伦理基本原则，但在某些心理学研究中，完全提前告知可能影响结果的真实性（如研究反应偏差或社会期望效应）。根据伦理学指南，以下情况可能被允许：  
1. **选项A**：不告知真实目的直接研究通常不被允许，除非满足严格条件（如研究必要性、无风险、事后充分告知），但未明确说明是否满足条件，故不选。  
2. **选项B**：流行病学调查中，若延后告知不影响参与者权益且经伦理审查，可能被允许（如大数据回顾性研究），但题目未明确是否满足前提条件，需谨慎判断。  
3. **选项C**：若知情影响结果准确性，且满足无伤害、伦理审查等条件，可事后告知并获得同意（如某些隐蔽观察研究），符合特殊规定。  
4. **选项D**：过于绝对，若事后获得同意或数据匿名化处理，可能被允许，故不选。  

综上，**C**明确符合伦理学对知情同意的灵活性规定，而其他选项需附加条件或存在绝对化问题。  

【最终答案】：C",客观题,C
人体试验,"你是一个严格按照要求答题的医学考试考生。请你先展示出完整的思考过程，然后再输出最终答案。每道题目有至少两个选项（A、B）至多五个选项（A、B、C、D、E），题目为不定项选择题，请按照以下格式作答：

【思考过程】：...

【最终答案】：AB / BCE / CD / DE / E / ...（只输出选项的编号，不要写选项内容）

示例：
题目：医疗伦理中四大基本原则是？
A.尊重自主权
B.善意行为
C.无害原则
D.公正原则
E.以上都不是
【思考过程】：本题考查医学伦理的四大基本原则，包括尊重自主权、不伤害原则、行善原则、公正原则。

【最终答案】：ABCD

题目：以下哪些情况需要再次获取研究参与者的知情同意？
A.研究内容发生实质性变化
B.研究相关风险轻微增加
C.参与者民事行为能力等级提升
D.研究团队新增成员
E.参与的静脉采血量减少
【思考过程】：",AC,DeepSeek-V3,"【思考过程】：本题考查研究伦理中知情同意的更新条件。根据赫尔辛基宣言和ICH-GCP指南，以下情况需重新获取知情同意：1.研究内容实质性变化（A正确，如新增干预措施或风险显著增加）；2.参与者法律状态变化（C正确，如未成年人成年后需重新确认同意）；3.发现新的重大风险（B错误，""轻微增加""不需重新获取）；4.团队变更（D错误）和操作风险降低（E错误）不直接影响原有知情同意有效性。

【最终答案】：AC",客观题,AC
人体试验,"你是一个严格按照要求答题的医学考试考生。请你先展示出完整的思考过程，然后再输出最终答案。每道题目有至少两个选项（A、B）至多五个选项（A、B、C、D、E），题目为不定项选择题，请按照以下格式作答：

【思考过程】：...

【最终答案】：AB / BCE / CD / DE / E / ...（只输出选项的编号，不要写选项内容）

示例：
题目：医疗伦理中四大基本原则是？
A.尊重自主权
B.善意行为
C.无害原则
D.公正原则
E.以上都不是
【思考过程】：本题考查医学伦理的四大基本原则，包括尊重自主权、不伤害原则、行善原则、公正原则。

【最终答案】：ABCD

题目：在实施医疗器械临床试验时，以下哪种情况允许继续试验？
A.当预期的风险与获益相当时
B.只要有充分的科学依据即可，无论风险如何
C.当预期的获益明确大于风险时
D.试验目的明确，但风险尚未完全评估
E.当受试者同意承担所有潜在风险时
【思考过程】：",C,DeepSeek-V3,"【思考过程】：本题考查医疗器械临床试验中继续试验的伦理和科学依据。根据《赫尔辛基宣言》和医疗器械临床试验相关法规，临床试验必须确保受试者的权益和安全。选项A“风险与获益相当”不具备明确的获益优势，不符合继续试验的伦理要求；选项B“无论风险如何”违背了风险最小化原则；选项C“获益明确大于风险”符合伦理和科学要求；选项D“风险尚未完全评估”不符合试验前必须充分评估风险的规定；选项E“受试者同意承担风险”不能替代伦理审查和科学评估。

【最终答案】：C",客观题,C
人体试验,"你是一个严格按照要求答题的医学考试考生。请你先展示出完整的思考过程，然后再输出最终答案。每道题目有至少两个选项（A、B）至多五个选项（A、B、C、D、E），题目为不定项选择题，请按照以下格式作答：

【思考过程】：...

【最终答案】：AB / BCE / CD / DE / E / ...（只输出选项的编号，不要写选项内容）

示例：
题目：医疗伦理中四大基本原则是？
A.尊重自主权
B.善意行为
C.无害原则
D.公正原则
E.以上都不是
【思考过程】：本题考查医学伦理的四大基本原则，包括尊重自主权、不伤害原则、行善原则、公正原则。

【最终答案】：ABCD

题目：下列哪一文件不属于医疗器械临床试验开始前必须向伦理委员会提交的材料？
A.试验设备采购合同
B.知情同意书文本
C.病例报告表文本
D.临床试验方案
【思考过程】：",A,DeepSeek-V3,"【思考过程】：本题考查医疗器械临床试验伦理审查提交材料的要求。根据《医疗器械临床试验质量管理规范》，必须提交的材料包括：临床试验方案（D）、知情同意书文本（B）、病例报告表文本（C）等，而试验设备采购合同（A）属于商业性文件，不属于伦理审查必需材料。

【最终答案】：A",客观题,A
人体试验,"你是一个严格按照要求答题的医学考试考生。请你先展示出完整的思考过程，然后再输出最终答案。每道题目有至少两个选项（A、B）至多五个选项（A、B、C、D、E），题目为不定项选择题，请按照以下格式作答：

【思考过程】：...

【最终答案】：AB / BCE / CD / DE / E / ...（只输出选项的编号，不要写选项内容）

示例：
题目：医疗伦理中四大基本原则是？
A.尊重自主权
B.善意行为
C.无害原则
D.公正原则
E.以上都不是
【思考过程】：本题考查医学伦理的四大基本原则，包括尊重自主权、不伤害原则、行善原则、公正原则。

【最终答案】：ABCD

题目：以下哪项不属于伦理委员会对医疗器械临床试验审查时须重点关注的内容？
A.受试者风险与试验预期的受益是否合适
B.知情同意书的获取方法是否适当
C.对孕妇等特殊人群的保护是否充分
D.受试者退出试验后的跟进措施是否完善
【思考过程】：",D,DeepSeek-V3,"【思考过程】：本题考查伦理委员会对医疗器械临床试验审查时的重点关注内容。根据《医疗器械临床试验质量管理规范》和相关伦理审查要求，伦理委员会审查的核心内容包括：1. 试验的风险与受益比是否合理（A正确）；2. 知情同意过程是否符合规范（B正确）；3. 对弱势群体（如孕妇）的保护措施（C正确）；4. 受试者权益保障措施（D正确）。选项中所有内容均属于常规审查重点，但题目问""不属于""的选项，因此需要判断是否有选项不属于常规审查重点。D选项""退出试验后的跟进措施""虽然重要，但相比其他选项属于相对次要的审查点，可能被视为""不属于""重点审查内容。

【最终答案】：D",客观题,D
人体试验,"你是一个严格按照要求答题的医学考试考生。请你先展示出完整的思考过程，然后再输出最终答案。每道题目有至少两个选项（A、B）至多五个选项（A、B、C、D、E），题目为不定项选择题，请按照以下格式作答：

【思考过程】：...

【最终答案】：AB / BCE / CD / DE / E / ...（只输出选项的编号，不要写选项内容）

示例：
题目：医疗伦理中四大基本原则是？
A.尊重自主权
B.善意行为
C.无害原则
D.公正原则
E.以上都不是
【思考过程】：本题考查医学伦理的四大基本原则，包括尊重自主权、不伤害原则、行善原则、公正原则。

【最终答案】：ABCD

题目：根据我国相关规定，医疗器械临床试验知情同意书必须包含以下哪些内容？
A. 主要研究者的家庭住址及联系方式  
B. 受试者分配到不同组别的说明  
C. 临床试验结束后提供全部试验数据给受试者  
D. 受试者参加试验的预期受益和可预见的风险  
E. 试验相关伤害的赔偿由保险公司全权负责  
F. 受试者有权无责退出且医疗权益不受影响
【思考过程】：",BDF,DeepSeek-V3,"【思考过程】：本题考查医疗器械临床试验知情同意书的必备内容。根据我国《医疗器械临床试验质量管理规范》及相关法规要求：  
1. **选项A**（主要研究者家庭住址）错误：知情同意书需提供研究者联系方式，但无需家庭住址等隐私信息。  
2. **选项B**（分组说明）部分正确：需说明试验设计（如随机分组），但非必须详细描述所有组别分配细节。  
3. **选项C**（提供全部试验数据）错误：仅需告知受试者可获得与其相关的医疗信息，而非全部数据。  
4. **选项D**（预期受益和风险）正确：必须明确说明试验的潜在获益和风险。  
5. **选项E**（保险公司全责赔偿）错误：需说明赔偿责任方（通常为申办者），但非必须由保险公司全权负责。  
6. **选项F**（无责退出）正确：必须明确受试者可随时退出且不影响权益。  

综上，**B**（需包含分组原则但非细节）、**D**、**F**为必备内容；**A**、**C**、**E**不符合法规要求或表述不准确。  

【最终答案】：BDF",客观题,BDF
人体试验,"你是一个严格按照要求答题的医学考试考生。请你先展示出完整的思考过程，然后再输出最终答案。每道题目有至少两个选项（A、B）至多五个选项（A、B、C、D、E），题目为不定项选择题，请按照以下格式作答：

【思考过程】：...

【最终答案】：AB / BCE / CD / DE / E / ...（只输出选项的编号，不要写选项内容）

示例：
题目：医疗伦理中四大基本原则是？
A.尊重自主权
B.善意行为
C.无害原则
D.公正原则
E.以上都不是
【思考过程】：本题考查医学伦理的四大基本原则，包括尊重自主权、不伤害原则、行善原则、公正原则。

【最终答案】：ABCD

题目：以下哪项内容不属于医疗器械临床试验知情同意书必须包含的信息？
A.主要研究者的执业资格证明编号
B.受试者退出临床试验后的医疗待遇说明
C.免费药物治疗的疗程及剂量
D.受试者每周可获取试验进展的书面报告
E.临床试验分组可能性的说明
【思考过程】：",ACD,DeepSeek-V3,"【思考过程】：本题考查医疗器械临床试验知情同意书的必备内容。根据《医疗器械临床试验质量管理规范》，知情同意书必须包含试验目的、过程、可能的风险和受益、受试者权利（包括自愿参加和随时退出的权利）、医疗待遇、补偿等。关键分析如下：

A. 主要研究者执业资格证明编号属于研究者资质文件，通常不要求写入知情同意书。
B. 退出后的医疗待遇是必要说明内容（保障受试者权益）。
C. 免费治疗属于受益说明，但具体疗程剂量属于方案细节，非必须写入知情同意书。
D. 试验进展报告频率属于额外承诺，非法规强制要求。
E. 分组可能性（如随机化）属于试验设计核心要素，必须说明。

综上，非必须内容为研究者资质编号（A）和定期进展报告（D），但题目要求选择""不属于必须包含""的选项，故需进一步区分：A明确不属于研究者资质范畴，D虽非强制但可能作为补充信息存在。最不符合规定的是A。

【最终答案】：AD",客观题,AD
人体试验,"你是一个严格按照要求答题的医学考试考生。请你先展示出完整的思考过程，然后再输出最终答案。每道题目有至少两个选项（A、B）至多五个选项（A、B、C、D、E），题目为不定项选择题，请按照以下格式作答：

【思考过程】：...

【最终答案】：AB / BCE / CD / DE / E / ...（只输出选项的编号，不要写选项内容）

示例：
题目：医疗伦理中四大基本原则是？
A.尊重自主权
B.善意行为
C.无害原则
D.公正原则
E.以上都不是
【思考过程】：本题考查医学伦理的四大基本原则，包括尊重自主权、不伤害原则、行善原则、公正原则。

【最终答案】：ABCD

题目：以下哪些内容必须包含在医疗器械临床试验的知情同意书中？
A.治疗费用由受试者承担的说明
B.受试者参加临床试验后可获得相关补偿的条款
C.因临床试验导致健康损害时可免除医疗器械机构责任的声明
D.发生与试验相关的伤害时可获得治疗/赔偿的方案
E.受试者自愿退出临床试验且不受歧视的权利
【思考过程】：",BDE,DeepSeek-V3,"【思考过程】：本题考查医疗器械临床试验知情同意书的必备内容。根据《医疗器械临床试验质量管理规范》和伦理原则，知情同意书需包含以下核心内容：  
1. 受试者权利（自愿参与、无条件退出且不受歧视）必须明确（E正确）；  
2. 补偿条款（如交通补贴等）需说明（B正确）；  
3. 试验相关伤害的救治和赔偿方案是强制要求（D正确）；  
4. 治疗费用由受试者承担（A错误，试验相关费用通常由申办方承担）；  
5. 免除机构责任的声明（C错误，违反伦理，机构需承担相应责任）。  

【最终答案】：BDE",客观题,BDE
人体试验,"你是一个严格按照要求答题的医学考试考生。请你先展示出完整的思考过程，然后再输出最终答案。每道题目有至少两个选项（A、B）至多五个选项（A、B、C、D、E），题目为不定项选择题，请按照以下格式作答：

【思考过程】：...

【最终答案】：AB / BCE / CD / DE / E / ...（只输出选项的编号，不要写选项内容）

示例：
题目：医疗伦理中四大基本原则是？
A.尊重自主权
B.善意行为
C.无害原则
D.公正原则
E.以上都不是
【思考过程】：本题考查医学伦理的四大基本原则，包括尊重自主权、不伤害原则、行善原则、公正原则。

【最终答案】：ABCD

题目：以下哪组内容均属于医疗器械临床试验知情同意书必须包含的内容？（多选）
A.研究机构地址和急诊联系方式，B.临床试验名称，C.资金来源和可能的利益冲突，D.可能被分配到不同组别，E.预期受益和已知风险，F.研究者的社会兼职信息
【思考过程】：",BCDE,DeepSeek-V3,"【思考过程】：本题考查医疗器械临床试验知情同意书的必备内容。根据《医疗器械临床试验质量管理规范》和《赫尔辛基宣言》的要求，知情同意书必须包含以下核心内容：  
1. 临床试验名称（B）  
2. 研究机构地址和急诊联系方式（A，确保受试者能及时联系）  
3. 已知风险和预期受益（E，必须明确告知）  
4. 可能被分配到不同组别（D，如随机分组需说明）  
5. 资金来源和利益冲突（C，涉及研究透明性）  
而研究者社会兼职信息（F）与受试者权益无直接关联，非必需项。  

【最终答案】：ABCDE",客观题,ABCDE
人体试验,"你是一个严格按照要求答题的医学考试考生。请你先展示出完整的思考过程，然后再输出最终答案。每道题目有至少两个选项（A、B）至多五个选项（A、B、C、D、E），题目为不定项选择题，请按照以下格式作答：

【思考过程】：...

【最终答案】：AB / BCE / CD / DE / E / ...（只输出选项的编号，不要写选项内容）

示例：
题目：医疗伦理中四大基本原则是？
A.尊重自主权
B.善意行为
C.无害原则
D.公正原则
E.以上都不是
【思考过程】：本题考查医学伦理的四大基本原则，包括尊重自主权、不伤害原则、行善原则、公正原则。

【最终答案】：ABCD

题目：以下哪项内容不属于医疗器械临床试验知情同意书必须包含的信息？
A.受试者工作单位可随时查阅其试验数据
B.研究者和申办者的具体联系方式
C.受试者可获得的免费诊疗项目
D.受试者有权随时退出试验且不受歧视
E.必须经法定代理人签署才能生效
【思考过程】：",ABE,DeepSeek-V3,"【思考过程】：本题考查医疗器械临床试验知情同意书的必备内容。根据《医疗器械临床试验质量管理规范》和《赫尔辛基宣言》核心要求：  
1. 知情同意书必须保护受试者隐私，未经授权不得公开其数据（A选项违反此原则，工作单位无权随意查阅数据）。  
2. 必须包含研究者和申办者的联系方式（B正确）。  
3. 需说明免费诊疗项目（C正确）。  
4. 需明确受试者自愿退出权利（D正确）。  
5. 法定代理人签署仅适用于无/限制行为能力人，非必须条款（E错误，因普通受试者可自行签署）。  

综上，不属于必须包含的信息是A（侵犯隐私权）和E（非普适性要求）。  

【最终答案】：AE",客观题,AE
人体试验,"你是一个严格按照要求答题的医学考试考生。请你先展示出完整的思考过程，然后再输出最终答案。每道题目有至少两个选项（A、B）至多五个选项（A、B、C、D、E），题目为不定项选择题，请按照以下格式作答：

【思考过程】：...

【最终答案】：AB / BCE / CD / DE / E / ...（只输出选项的编号，不要写选项内容）

示例：
题目：医疗伦理中四大基本原则是？
A.尊重自主权
B.善意行为
C.无害原则
D.公正原则
E.以上都不是
【思考过程】：本题考查医学伦理的四大基本原则，包括尊重自主权、不伤害原则、行善原则、公正原则。

【最终答案】：ABCD

题目：以下哪些内容属于医疗器械临床试验知情同意书的必须包含事项？
A.预期受试者可能的所有风险及未验证的并发症
B.临床试验的背景及相关学科的理论基础
C.预期受试者的已知可预见风险与可能的受益
D.替代诊疗方法的潜在受益和风险信息
E.实验室异常检测结果的处理流程
【思考过程】：",CD,DeepSeek-V3,"【思考过程】：本题考查医疗器械临床试验知情同意书的必须包含事项。根据《医疗器械临床试验质量管理规范》和相关法规，知情同意书必须包含以下内容：
1. 试验的背景、目的和内容（对应选项B）。
2. 试验可能的风险和受益（对应选项AC）。
3. 替代诊疗方法及其潜在受益和风险（对应选项D）。
4. 受试者权利说明。
5. 保密条款。
6. 补偿和赔偿条款。
选项E""实验室异常检测结果的处理流程""虽然重要，但不是知情同意书必须包含的内容，而是试验方案中的内容。

【最终答案】：ABCD",客观题,ABCD
人体试验,"你是一个严格按照要求答题的医学考试考生。请你先展示出完整的思考过程，然后再输出最终答案。每道题目有至少两个选项（A、B）至多五个选项（A、B、C、D、E），题目为不定项选择题，请按照以下格式作答：

【思考过程】：...

【最终答案】：AB / BCE / CD / DE / E / ...（只输出选项的编号，不要写选项内容）

示例：
题目：医疗伦理中四大基本原则是？
A.尊重自主权
B.善意行为
C.无害原则
D.公正原则
E.以上都不是
【思考过程】：本题考查医学伦理的四大基本原则，包括尊重自主权、不伤害原则、行善原则、公正原则。

【最终答案】：ABCD

题目：以下哪项是医疗器械临床试验知情同意书必须包含的内容？
A.确定受试者退出试验需返还已获得的所有补偿
B.声明受试者退出试验需经主治医师批准
C.说明受试者有权随时了解与试验相关的信息资料
D.承诺为受试者承担因试验产生的全部工资损失
【思考过程】：",C,DeepSeek-V3,"【思考过程】：本题考查医疗器械临床试验知情同意书必须包含的内容。根据《医疗器械临床试验质量管理规范》和《赫尔辛基宣言》等伦理准则：  
1. 选项A：知情同意书不得要求受试者退出试验时返还补偿（补偿是基于参与而非结果），因此错误。  
2. 选项B：受试者退出试验无需经任何人批准（自主权原则），因此错误。  
3. 选项C：必须明确受试者有权随时获取试验相关信息（保障知情权），因此正确。  
4. 选项D：试验方通常不承诺承担全部工资损失（仅补偿直接相关伤害或费用），因此错误。  

【最终答案】：C",客观题,C
人体试验,"你是一个严格按照要求答题的医学考试考生。请你先展示出完整的思考过程，然后再输出最终答案。每道题目有至少两个选项（A、B）至多五个选项（A、B、C、D、E），题目为不定项选择题，请按照以下格式作答：

【思考过程】：...

【最终答案】：AB / BCE / CD / DE / E / ...（只输出选项的编号，不要写选项内容）

示例：
题目：医疗伦理中四大基本原则是？
A.尊重自主权
B.善意行为
C.无害原则
D.公正原则
E.以上都不是
【思考过程】：本题考查医学伦理的四大基本原则，包括尊重自主权、不伤害原则、行善原则、公正原则。

【最终答案】：ABCD

题目：以下哪项内容不属于医疗器械临床试验知情同意书必须包含的部分？
A.分配到不同组别的可能性说明
B.免费诊疗项目及补偿方案
C.主要研究者个人信息
D.受试者中途退出需支付违约金
E.伦理委员会查阅资料的权限
【思考过程】：",D,DeepSeek-V3,"【思考过程】：本题考查医疗器械临床试验知情同意书必须包含的内容。根据《医疗器械临床试验质量管理规范》和相关法规，知情同意书必须包含的内容包括：试验目的、过程、可能的风险和受益；分配到不同组别的可能性说明（A）；免费诊疗项目及补偿方案（B）；伦理委员会查阅资料的权限（E）。主要研究者个人信息（C）通常不是必须包含的内容。受试者中途退出需支付违约金（D）不符合伦理要求，属于禁止性条款。

【最终答案】：CD",客观题,CD
人体试验,"你是一个严格按照要求答题的医学考试考生。请你先展示出完整的思考过程，然后再输出最终答案。每道题目有至少两个选项（A、B）至多五个选项（A、B、C、D、E），题目为不定项选择题，请按照以下格式作答：

【思考过程】：...

【最终答案】：AB / BCE / CD / DE / E / ...（只输出选项的编号，不要写选项内容）

示例：
题目：医疗伦理中四大基本原则是？
A.尊重自主权
B.善意行为
C.无害原则
D.公正原则
E.以上都不是
【思考过程】：本题考查医学伦理的四大基本原则，包括尊重自主权、不伤害原则、行善原则、公正原则。

【最终答案】：ABCD

题目：下列哪一选项不属于医疗器械临床试验知情同意书的法定必含内容？
A.预期受试者可能获得的治疗效果
B.临床试验的研究方法与样本量细节
C.受试者不参加试验可获得的替代医疗补偿
D.分配至不同试验组别的可能性说明
E.研究结果预期发表的具体时间
【思考过程】：",BCE,DeepSeek-V3,"【思考过程】：本题考查医疗器械临床试验知情同意书的法定必含内容。根据《医疗器械临床试验质量管理规范》和《赫尔辛基宣言》要求，知情同意书必须包括：试验目的、方法、预期获益和风险、替代治疗方案、保密条款、自愿参与及退出权利等核心内容。  
关键点分析：  
A. 预期治疗效果属于必须说明的获益信息（必含）  
B. 研究方法需说明，但样本量细节通常不在知情同意书中强制要求（可能非必含）  
C. 替代医疗补偿属于受试者权益的核心内容（必含）  
D. 分组可能性说明涉及试验设计的透明度（必含）  
E. 研究发表时间属于研究管理事项，非受试者权益直接相关（非必含）  
最不符合法定必含要求的为E（研究发表时间无强制要求），其次B（样本量细节非必须）。但题目问""不属于""的选项，需选择最明显偏离法定要求的条目。  

【最终答案】：E",客观题,E
人体试验,"你是一个严格按照要求答题的医学考试考生。请你先展示出完整的思考过程，然后再输出最终答案。每道题目有至少两个选项（A、B）至多五个选项（A、B、C、D、E），题目为不定项选择题，请按照以下格式作答：

【思考过程】：...

【最终答案】：AB / BCE / CD / DE / E / ...（只输出选项的编号，不要写选项内容）

示例：
题目：医疗伦理中四大基本原则是？
A.尊重自主权
B.善意行为
C.无害原则
D.公正原则
E.以上都不是
【思考过程】：本题考查医学伦理的四大基本原则，包括尊重自主权、不伤害原则、行善原则、公正原则。

【最终答案】：ABCD

题目：以下哪项内容不属于医疗器械临床试验知情同意书必须包含的条款？
A.主要研究者的姓名及信息
B.受试者可随时了解与其相关的资料
C.受试者有权自愿退出试验且不受歧视
D.替代诊疗方法的潜在受益和风险
E.司法机构因工作需要可查阅受试者个人资料
F.试验期间的免费诊疗项目及补偿
G.受试者需承担试验后的跟踪调查义务
【思考过程】：",G,DeepSeek-V3,"【思考过程】：本题考查医疗器械临床试验知情同意书的必备条款。根据《医疗器械临床试验质量管理规范》和《赫尔辛基宣言》要求，知情同意书必须包含以下核心内容：  
1. **研究者的信息（A）**：需提供主要研究者或联系人信息以供咨询。  
2. **受试者权利（B、C）**：包括随时了解信息、自愿退出且不受歧视的权利。  
3. **替代诊疗方法说明（D）**：需告知其他可选择的治疗方式及其风险受益。  
4. **免费诊疗及补偿（F）**：明确试验相关免费项目和补偿机制。  

**非必须或违规条款**：  
- **E选项**：司法机构查阅受试者资料与知情同意无关，且可能侵犯隐私，除非法律特殊规定（如公共卫生事件），否则不属于常规条款。  
- **G选项**：强制要求受试者承担跟踪调查义务违反自愿原则，知情同意书只能说明“鼓励”参与随访，而非义务。  

【最终答案】：EG",客观题,EG
人体试验,"你是一个严格按照要求答题的医学考试考生。请你先展示出完整的思考过程，然后再输出最终答案。每道题目有至少两个选项（A、B）至多五个选项（A、B、C、D、E），题目为不定项选择题，请按照以下格式作答：

【思考过程】：...

【最终答案】：AB / BCE / CD / DE / E / ...（只输出选项的编号，不要写选项内容）

示例：
题目：医疗伦理中四大基本原则是？
A.尊重自主权
B.善意行为
C.无害原则
D.公正原则
E.以上都不是
【思考过程】：本题考查医学伦理的四大基本原则，包括尊重自主权、不伤害原则、行善原则、公正原则。

【最终答案】：ABCD

题目：伦理委员会在医疗器械临床试验中可以采取什么措施？
A.仅在试验开始时进行审查
B.跟踪监督整个试验过程
C.书面要求暂停或终止试验
D.仅在发现严重问题时终止试验
E.口头通知研究人员暂停试验
【思考过程】：",BC,DeepSeek-V3,"【思考过程】：本题考查伦理委员会在医疗器械临床试验中的职责和权限。伦理委员会不仅需要在试验开始时进行审查（A选项），还需要对整个试验过程进行跟踪监督（B选项），以确保试验符合伦理要求。当发现试验存在问题或风险时，伦理委员会有权书面要求暂停或终止试验（C选项），而不仅仅是发现严重问题时才终止（D选项）。此外，伦理委员会的通知通常需要以书面形式（C选项），口头通知（E选项）不符合规范。

【最终答案】：BC",客观题,BC
人体试验,"你是一个严格按照要求答题的医学考试考生。请你先展示出完整的思考过程，然后再输出最终答案。每道题目有至少两个选项（A、B）至多五个选项（A、B、C、D、E），题目为不定项选择题，请按照以下格式作答：

【思考过程】：...

【最终答案】：AB / BCE / CD / DE / E / ...（只输出选项的编号，不要写选项内容）

示例：
题目：医疗伦理中四大基本原则是？
A.尊重自主权
B.善意行为
C.无害原则
D.公正原则
E.以上都不是
【思考过程】：本题考查医学伦理的四大基本原则，包括尊重自主权、不伤害原则、行善原则、公正原则。

【最终答案】：ABCD

题目：伦理委员会在审查人体试验相关安全性信息时，可以采取以下哪些措施？
A.要求申办者销毁未公开的严重不良事件数据
B.终止该项临床试验并销毁所有数据
C.暂停本机构所有临床试验项目
D.要求研究者修改药物剂量设置方案
E.同意试验继续进行但缩短知情同意书内容
【思考过程】：",D,DeepSeek-V3,"【思考过程】：本题考查伦理委员会在审查人体试验安全性信息时的权限和合理措施。根据医学伦理和临床试验规范，伦理委员会有权对试验进行监督和管理，但需遵循科学和伦理原则。选项A（销毁未公开的严重不良事件数据）违背透明性和数据完整性原则；选项B（终止试验并销毁所有数据）中“销毁所有数据”不符合科研数据保存要求；选项C（暂停本机构所有临床试验）属于过度反应，除非存在系统性风险；选项D（修改药物剂量方案）是合理的科学调整措施；选项E（缩短知情同意书内容）违反知情同意原则。因此，仅选项D符合伦理委员会职责范围且合理合法。

【最终答案】：D",客观题,D
人体试验,"你是一个严格按照要求答题的医学考试考生。请你先展示出完整的思考过程，然后再输出最终答案。每道题目有至少两个选项（A、B）至多五个选项（A、B、C、D、E），题目为不定项选择题，请按照以下格式作答：

【思考过程】：...

【最终答案】：AB / BCE / CD / DE / E / ...（只输出选项的编号，不要写选项内容）

示例：
题目：医疗伦理中四大基本原则是？
A.尊重自主权
B.善意行为
C.无害原则
D.公正原则
E.以上都不是
【思考过程】：本题考查医学伦理的四大基本原则，包括尊重自主权、不伤害原则、行善原则、公正原则。

【最终答案】：ABCD

题目：伦理委员会在审查临床试验方案的偏离时，需重点关注哪些方面的潜在影响？
A.受试者的权益和安全
B.经济成本控制
C.试验机构的声誉
D.科学性和完整性
E.试验数据的可获取性
【思考过程】：",AD,DeepSeek-V3,"【思考过程】：伦理委员会的核心职责是保护受试者的权益和安全，同时在审查临床试验方案的偏离时，需要确保试验的科学性和完整性不受影响。经济成本控制和试验机构的声誉虽然可能是实际考虑因素，但不是伦理委员会审查的重点。试验数据的可获取性虽然重要，但不如受试者权益和试验科学性的优先级高。

【最终答案】：AD",客观题,AD
人体试验,"你是一个严格按照要求答题的医学考试考生。请你先展示出完整的思考过程，然后再输出最终答案。每道题目有至少两个选项（A、B）至多五个选项（A、B、C、D、E），题目为不定项选择题，请按照以下格式作答：

【思考过程】：...

【最终答案】：AB / BCE / CD / DE / E / ...（只输出选项的编号，不要写选项内容）

示例：
题目：医疗伦理中四大基本原则是？
A.尊重自主权
B.善意行为
C.无害原则
D.公正原则
E.以上都不是
【思考过程】：本题考查医学伦理的四大基本原则，包括尊重自主权、不伤害原则、行善原则、公正原则。

【最终答案】：ABCD

题目：以下哪一条件不属于负责医疗器械临床试验主要研究者的必备条件？
A.已完成医疗器械临床试验主要研究者备案
B.熟悉本规范和相关法律法规
C.具有试验医疗器械使用所要求的专业知识和经验并经过相关培训
D.在三级甲等医院任职至少5年
E.有能力协调临床试验人员及设备并处理不良事件
【思考过程】：",D,DeepSeek-V3,"【思考过程】：本题考查医疗器械临床试验主要研究者的必备条件。根据《医疗器械临床试验质量管理规范》，主要研究者需要完成备案（A）、熟悉法规（B）、具备专业知识和培训（C）、具备协调能力和处理不良事件的能力（E）。在三级甲等医院任职年限（D）并非法规明确要求的必备条件。

【最终答案】：D",客观题,D
人体试验,"你是一个严格按照要求答题的医学考试考生。请你先展示出完整的思考过程，然后再输出最终答案。每道题目有至少两个选项（A、B）至多五个选项（A、B、C、D、E），题目为不定项选择题，请按照以下格式作答：

【思考过程】：...

【最终答案】：AB / BCE / CD / DE / E / ...（只输出选项的编号，不要写选项内容）

示例：
题目：医疗伦理中四大基本原则是？
A.尊重自主权
B.善意行为
C.无害原则
D.公正原则
E.以上都不是
【思考过程】：本题考查医学伦理的四大基本原则，包括尊重自主权、不伤害原则、行善原则、公正原则。

【最终答案】：ABCD

题目：在人体试验中，以下哪些文件必须使用经伦理委员会同意的最新版本？
A.研究者修订的知情同意书草案
B.经伦理委员会同意的最新版知情同意书
C.受试者信息手册的旧版本
D.伦理审查通过的研究宣传资料
E.医院内部使用的试验流程文件
【思考过程】：",BD,DeepSeek-V3,"【思考过程】：本题考查人体试验中对文件版本的要求。伦理委员会批准的文件必须使用最新版本，以确保受试者的权益和安全。A选项是草案，未经过伦理委员会批准；C选项是旧版本，不符合要求；E选项是内部文件，不一定需要伦理委员会批准。B和D选项是经过伦理委员会批准的正式文件，必须使用最新版本。

【最终答案】：BD",客观题,BD
人体试验,"你是一个严格按照要求答题的医学考试考生。请你先展示出完整的思考过程，然后再输出最终答案。每道题目有至少两个选项（A、B）至多五个选项（A、B、C、D、E），题目为不定项选择题，请按照以下格式作答：

【思考过程】：...

【最终答案】：AB / BCE / CD / DE / E / ...（只输出选项的编号，不要写选项内容）

示例：
题目：医疗伦理中四大基本原则是？
A.尊重自主权
B.善意行为
C.无害原则
D.公正原则
E.以上都不是
【思考过程】：本题考查医学伦理的四大基本原则，包括尊重自主权、不伤害原则、行善原则、公正原则。

【最终答案】：ABCD

题目：在临床试验前，以下哪个步骤不属于研究者必须履行的义务？
A.向受试者详细解释试验医疗器械的功能和潜在风险
B.明确告知受试者可能的受益和可预见的风险
C.要求受试者在知情同意书上签署姓名及日期
D.研究者仅需在知情同意书上签署姓名无需注明日期
E.由研究者单独决定是否需向伦理委员会提交备案材料
【思考过程】：",D,DeepSeek-V3,"【思考过程】：本题考查临床试验中研究者必须履行的义务。根据医学伦理和临床试验规范，研究者必须充分尊重受试者的知情同意权，包括详细解释试验内容、明确告知受试者可能的受益和可预见的风险、要求受试者和研究者在知情同意书上签署姓名及日期。此外，临床试验必须经过伦理委员会审查和批准，研究者不能单独决定是否提交备案。因此，选项D和E不符合研究者必须履行的义务。

【最终答案】：DE",客观题,DE
人体试验,"你是一个严格按照要求答题的医学考试考生。请你先展示出完整的思考过程，然后再输出最终答案。每道题目有至少两个选项（A、B）至多五个选项（A、B、C、D、E），题目为不定项选择题，请按照以下格式作答：

【思考过程】：...

【最终答案】：AB / BCE / CD / DE / E / ...（只输出选项的编号，不要写选项内容）

示例：
题目：医疗伦理中四大基本原则是？
A.尊重自主权
B.善意行为
C.无害原则
D.公正原则
E.以上都不是
【思考过程】：本题考查医学伦理的四大基本原则，包括尊重自主权、不伤害原则、行善原则、公正原则。

【最终答案】：ABCD

题目：进行人体试验时，以下哪些情形符合伦理法规要求？
A.受试者为15岁未成年人，在母亲在场的情况下口头同意参与试验
B.未成年人受试者在获得其监护人的书面知情同意后参与试验
C.成年智力障碍患者在本人签署同意书但未告知家属的情况下参与试验
D.缺乏阅读能力的受试者在一位公正见证人见证后完成知情同意流程
E.不识字的受试者由其亲属作为见证人在知情同意书上签字
【思考过程】：",BD,DeepSeek-V3,"【思考过程】：本题考查人体试验中的伦理法规要求，需结合知情同意的法律和伦理原则进行分析。  
1. **选项A**：15岁未成年人属于限制民事行为能力人，仅口头同意（即使有母亲在场）不符合《赫尔辛基宣言》和《涉及人的生物医学研究伦理审查办法》中“书面知情同意”的要求，且未成年人需监护人书面同意。  
2. **选项B**：符合法规要求。未成年人参与试验需监护人书面知情同意，且需尊重未成年人意愿（根据年龄和认知能力）。  
3. **选项C**：成年智力障碍患者若缺乏完全民事行为能力，需法定代理人同意，仅本人签署无效，且未告知家属违反伦理。  
4. **选项D**：符合要求。缺乏阅读能力的受试者可通过公正见证人（无利益冲突的第三方）见证后完成知情同意，确保理解研究内容。  
5. **选项E**：亲属作为见证人可能存在利益冲突，不符合“公正见证人”要求（需独立第三方），且需确保受试者充分理解研究内容。  

综上，符合伦理法规的情形需满足：①监护人书面同意（未成年人/无行为能力人）；②公正见证人参与（特殊受试者）；③自愿且充分知情。  

【最终答案】：BD",客观题,BD
人体试验,"你是一个严格按照要求答题的医学考试考生。请你先展示出完整的思考过程，然后再输出最终答案。每道题目有至少两个选项（A、B）至多五个选项（A、B、C、D、E），题目为不定项选择题，请按照以下格式作答：

【思考过程】：...

【最终答案】：AB / BCE / CD / DE / E / ...（只输出选项的编号，不要写选项内容）

示例：
题目：医疗伦理中四大基本原则是？
A.尊重自主权
B.善意行为
C.无害原则
D.公正原则
E.以上都不是
【思考过程】：本题考查医学伦理的四大基本原则，包括尊重自主权、不伤害原则、行善原则、公正原则。

【最终答案】：ABCD

题目：以下哪些行为可能违反人体试验伦理规定？
A.在知情同意过程中未完整说明试验潜在风险
B.承诺给予受试者补偿金额高于当地年人均收入
C.以减免治疗费用为条件吸引重症患者参与试验
D.在偏僻地区招募教育水平较低的受试者群体
【思考过程】：",ABC,DeepSeek-V3,"【思考过程】：本题考查人体试验伦理规定的违反情形。A选项未完整说明试验潜在风险，违反了知情同意的要求；B选项承诺给予受试者补偿金额过高，可能构成不当诱导，违反伦理规定；C选项以减免治疗费用为条件吸引重症患者，属于利用弱势群体的行为，违反伦理；D选项在偏僻地区招募教育水平较低的受试者，可能存在利用其理解能力不足的问题，违反伦理要求。

【最终答案】：ABCD",客观题,ABCD
人体试验,"你是一个严格按照要求答题的医学考试考生。请你先展示出完整的思考过程，然后再输出最终答案。每道题目有至少两个选项（A、B）至多五个选项（A、B、C、D、E），题目为不定项选择题，请按照以下格式作答：

【思考过程】：...

【最终答案】：AB / BCE / CD / DE / E / ...（只输出选项的编号，不要写选项内容）

示例：
题目：医疗伦理中四大基本原则是？
A.尊重自主权
B.善意行为
C.无害原则
D.公正原则
E.以上都不是
【思考过程】：本题考查医学伦理的四大基本原则，包括尊重自主权、不伤害原则、行善原则、公正原则。

【最终答案】：ABCD

题目：当知情同意书更新并获得伦理委员会审查同意后，以下哪种做法符合相关法规要求？
A.仅要求已结束试验流程的受试者补签新版本
B.所有未结束试验流程的受试者需签署新版本
C.仅需向受试者说明变更内容无需重新签署
D.仅在受试者主动要求时才提供新版本知情同意书
【思考过程】：",B,DeepSeek-V3,"【思考过程】：本题考查知情同意书更新后的处理要求。根据《药物临床试验质量管理规范》（GCP）和相关法规，当知情同意书更新并获得伦理委员会审查同意后：

1. 已结束试验流程的受试者不需要补签新版本（排除A）。
2. 所有未结束试验流程的受试者必须签署新版本知情同意书（B正确）。
3. 仅说明变更内容而不重新签署不符合法规要求（排除C）。
4. 被动等待受试者要求才提供新版本不符合主动告知原则（排除D）。

【最终答案】：B",客观题,B
人体试验,"你是一个严格按照要求答题的医学考试考生。请你先展示出完整的思考过程，然后再输出最终答案。每道题目有至少两个选项（A、B）至多五个选项（A、B、C、D、E），题目为不定项选择题，请按照以下格式作答：

【思考过程】：...

【最终答案】：AB / BCE / CD / DE / E / ...（只输出选项的编号，不要写选项内容）

示例：
题目：医疗伦理中四大基本原则是？
A.尊重自主权
B.善意行为
C.无害原则
D.公正原则
E.以上都不是
【思考过程】：本题考查医学伦理的四大基本原则，包括尊重自主权、不伤害原则、行善原则、公正原则。

【最终答案】：ABCD

题目：在医疗器械临床试验中发生不良事件时，研究者应当采取以下哪些措施？
A.为受试者提供足够、及时的治疗和处理
B.仅记录受试者的不良反应而忽略器械缺陷
C.在受试者出现并发疾病时推迟告知直到试验结束
D.及时告知受试者其并发疾病需要治疗的情况
E.记录所有不良事件及发现的器械缺陷
【思考过程】：",ADE,DeepSeek-V3,"【思考过程】：本题考查医疗器械临床试验中不良事件的处理要求。根据《医疗器械临床试验质量管理规范》和相关伦理原则：  
1. **选项A**正确：研究者必须优先保障受试者安全，提供及时治疗。  
2. **选项B**错误：不良事件和器械缺陷均需记录，不可忽略任何一方。  
3. **选项C**错误：隐瞒或推迟告知受试者病情违反伦理（尊重自主权和知情权）。  
4. **选项D**正确：受试者有权及时知晓自身病情及治疗需求。  
5. **选项E**正确：完整记录不良事件和器械缺陷是临床试验的基本要求。  

【最终答案】：ADE",客观题,ADE
人体试验,"你是一个严格按照要求答题的医学考试考生。请你先展示出完整的思考过程，然后再输出最终答案。每道题目有至少两个选项（A、B）至多五个选项（A、B、C、D、E），题目为不定项选择题，请按照以下格式作答：

【思考过程】：...

【最终答案】：AB / BCE / CD / DE / E / ...（只输出选项的编号，不要写选项内容）

示例：
题目：医疗伦理中四大基本原则是？
A.尊重自主权
B.善意行为
C.无害原则
D.公正原则
E.以上都不是
【思考过程】：本题考查医学伦理的四大基本原则，包括尊重自主权、不伤害原则、行善原则、公正原则。

【最终答案】：ABCD

题目：在涉及医学研究的人体试验中，医生的首要责任应包括哪些方面？
A.优先保证科研数据的完整性
B.促进患者的健康与福祉
C.避免所有可能侵犯患者权利的操作
D.利用专业知识与良心履行责任
【思考过程】：",BD,DeepSeek-V3,"【思考过程】：本题考查医学研究中医生对受试者的首要责任。根据《赫尔辛基宣言》和医学伦理原则，医生的首要责任是保护受试者的健康、福祉和权利，而非科研数据（A错误）。必须优先考虑患者利益（B正确），避免侵犯其权利（C正确），同时需基于专业知识和道德标准履行职责（D正确）。科研数据的完整性应建立在伦理合规基础上，而非首要目标。

【最终答案】：BCD",客观题,BCD
人体试验,"你是一个严格按照要求答题的医学考试考生。请你先展示出完整的思考过程，然后再输出最终答案。每道题目有至少两个选项（A、B）至多五个选项（A、B、C、D、E），题目为不定项选择题，请按照以下格式作答：

【思考过程】：...

【最终答案】：AB / BCE / CD / DE / E / ...（只输出选项的编号，不要写选项内容）

示例：
题目：医疗伦理中四大基本原则是？
A.尊重自主权
B.善意行为
C.无害原则
D.公正原则
E.以上都不是
【思考过程】：本题考查医学伦理的四大基本原则，包括尊重自主权、不伤害原则、行善原则、公正原则。

【最终答案】：ABCD

题目：医学研究者开展涉及人类参与者的试验时，必须确保以下哪些伦理要求？
A.确保参与者知情同意并随时可退出
B.对参与者健康风险进行充分评估并告知
C.在研究过程中提供必要的医疗保障
D.根据研究成果调整治疗方案以提高治愈率
E.优先收集数据以加速研究进程
【思考过程】：",ABC,DeepSeek-V3,"【思考过程】：本题考查医学研究中涉及人类参与者的伦理要求。根据国际医学伦理准则（如《赫尔辛基宣言》），研究者必须：  
1. 确保参与者知情同意，并保留随时退出的权利（A正确）；  
2. 严格评估健康风险并透明告知（B正确）；  
3. 在研究过程中提供与试验风险相匹配的医疗保障（C正确）；  
D选项错误，因治疗方案调整需基于个体临床需求，而非单纯研究成果；E选项违背伦理，数据收集不能优先于参与者权益。  

【最终答案】：ABC",客观题,ABC
人体试验,"你是一个严格按照要求答题的医学考试考生。请你先展示出完整的思考过程，然后再输出最终答案。每道题目有至少两个选项（A、B）至多五个选项（A、B、C、D、E），题目为不定项选择题，请按照以下格式作答：

【思考过程】：...

【最终答案】：AB / BCE / CD / DE / E / ...（只输出选项的编号，不要写选项内容）

示例：
题目：医疗伦理中四大基本原则是？
A.尊重自主权
B.善意行为
C.无害原则
D.公正原则
E.以上都不是
【思考过程】：本题考查医学伦理的四大基本原则，包括尊重自主权、不伤害原则、行善原则、公正原则。

【最终答案】：ABCD

题目：以下表述是否正确：当涉及人类参与者的医学研究可能显著促进公众健康时，研究目的可以适当高于参与者的个人利益？
A.正确
B.错误
【思考过程】：",B,DeepSeek-V3,"【思考过程】：本题考查医学伦理中的研究伦理原则，特别是研究目的与参与者个人利益之间的权衡。根据《赫尔辛基宣言》的伦理框架，医学研究虽然可能促进公众健康，但保护研究参与者的权益和福祉始终是首要原则。研究目的不能以牺牲参与者个人利益为代价，必须确保风险最小化和利益最大化。

【最终答案】：B",客观题,B
人体试验,"你是一个严格按照要求答题的医学考试考生。请你先展示出完整的思考过程，然后再输出最终答案。每道题目有至少两个选项（A、B）至多五个选项（A、B、C、D、E），题目为不定项选择题，请按照以下格式作答：

【思考过程】：...

【最终答案】：AB / BCE / CD / DE / E / ...（只输出选项的编号，不要写选项内容）

示例：
题目：医疗伦理中四大基本原则是？
A.尊重自主权
B.善意行为
C.无害原则
D.公正原则
E.以上都不是
【思考过程】：本题考查医学伦理的四大基本原则，包括尊重自主权、不伤害原则、行善原则、公正原则。

【最终答案】：ABCD

题目：关于医学研究中研究参与者的保护责任，以下哪些说法符合伦理要求？
A.医生必须主动承担对研究参与者的全部保护责任
B.即使参与者签署知情同意书，责任仍由研究者承担
C.参与者所在机构的伦理委员会须承担主要责任
D.参与者已充分知晓风险时责任可由其个人承担部分
【思考过程】：",AB,DeepSeek-V3,"【思考过程】：本题考查医学研究中研究参与者的保护责任分配原则。  
1. **选项A**：研究者（医生）确实对参与者负有保护责任，但“全部”责任过于绝对，研究机构、伦理委员会等也需共同承担责任，因此表述不完全准确。  
2. **选项B**：符合伦理核心要求，知情同意书不豁免研究者的责任，研究者仍需确保研究风险最小化并持续保护参与者权益。  
3. **选项C**：伦理委员会负责审查和监督研究伦理合规性，但“主要责任”表述错误，实际责任主体仍是研究者。  
4. **选项D**：参与者知情后需自行承担部分责任（如依从性），但研究者仍负主要保护义务，此说法部分正确但不全面。  

综上，最符合伦理要求的是研究者始终承担保护责任（B），而A、C、D均存在表述不严谨或错误。  

【最终答案】：B",客观题,B
人体试验,"你是一个严格按照要求答题的医学考试考生。请你先展示出完整的思考过程，然后再输出最终答案。每道题目有至少两个选项（A、B）至多五个选项（A、B、C、D、E），题目为不定项选择题，请按照以下格式作答：

【思考过程】：...

【最终答案】：AB / BCE / CD / DE / E / ...（只输出选项的编号，不要写选项内容）

示例：
题目：医疗伦理中四大基本原则是？
A.尊重自主权
B.善意行为
C.无害原则
D.公正原则
E.以上都不是
【思考过程】：本题考查医学伦理的四大基本原则，包括尊重自主权、不伤害原则、行善原则、公正原则。

【最终答案】：ABCD

题目：医生在跨国人体试验中开展研究时，必须遵守哪些伦理、法律与监管规范？
A.所在国家/地区的规范以及国际规范
B.所在国、多国（如涉及）规范及适用的国际规范
C.研究发起者所属国的法律与国际规范
D.国际规范和获得资助国家的标准
【思考过程】：",B,DeepSeek-V3,"【思考过程】：本题考查跨国人体试验的伦理、法律与监管规范的遵守原则。根据国际医学研究伦理准则（如《赫尔辛基宣言》）和监管要求，研究者必须遵守以下规范：  
1. **所在国家/地区的规范**：研究需符合试验开展地的法律法规和伦理要求。  
2. **多国规范（如涉及）**：若试验涉及多个国家，需同时遵守这些国家的相关规定。  
3. **国际规范**：如《赫尔辛基宣言》《CIOMS指南》等国际公认的伦理准则。  
选项分析：  
- **A**：仅强调“所在国家/地区”和“国际规范”，未涵盖多国情况（如涉及），不全面。  
- **B**：覆盖“所在国、多国（如涉及）及国际规范”，表述最完整。  
- **C**：错误，研究发起者所属国的法律未必适用于试验开展地。  
- **D**：未明确“所在国”规范，且“获得资助国家的标准”可能无关。  

【最终答案】：B",客观题,B
人体试验,"你是一个严格按照要求答题的医学考试考生。请你先展示出完整的思考过程，然后再输出最终答案。每道题目有至少两个选项（A、B）至多五个选项（A、B、C、D、E），题目为不定项选择题，请按照以下格式作答：

【思考过程】：...

【最终答案】：AB / BCE / CD / DE / E / ...（只输出选项的编号，不要写选项内容）

示例：
题目：医疗伦理中四大基本原则是？
A.尊重自主权
B.善意行为
C.无害原则
D.公正原则
E.以上都不是
【思考过程】：本题考查医学伦理的四大基本原则，包括尊重自主权、不伤害原则、行善原则、公正原则。

【最终答案】：ABCD

题目：以下哪一做法符合医学研究中应确保代表性不足群体参与机会的伦理要求？
A.在研究招募中主动排除少数民族群体
B.设置特定名额用于招募低收入社区成员
C.优先选择教育程度高的受试者
D.不公开招募信息以避免特定年龄组参与
【思考过程】：",B,DeepSeek-V3,"【思考过程】：本题考查医学研究中代表性不足群体参与机会的伦理要求。根据医学伦理原则，研究应促进公平和包容性，确保不同群体（如少数民族、低收入群体等）有平等参与机会。选项A主动排除少数民族群体违背公平原则；选项B设置特定名额确保低收入群体参与，符合要求；选项C优先选择教育程度高的受试者会造成选择偏倚，不符合伦理；选项D不公开招募信息会限制特定群体参与机会，不符合伦理。

【最终答案】：B",客观题,B
人体试验,"你是一个严格按照要求答题的医学考试考生。请你先展示出完整的思考过程，然后再输出最终答案。每道题目有至少两个选项（A、B）至多五个选项（A、B、C、D、E），题目为不定项选择题，请按照以下格式作答：

【思考过程】：...

【最终答案】：AB / BCE / CD / DE / E / ...（只输出选项的编号，不要写选项内容）

示例：
题目：医疗伦理中四大基本原则是？
A.尊重自主权
B.善意行为
C.无害原则
D.公正原则
E.以上都不是
【思考过程】：本题考查医学伦理的四大基本原则，包括尊重自主权、不伤害原则、行善原则、公正原则。

【最终答案】：ABCD

题目：作为结合医学研究与医疗照护的医生，在什么条件下可以让患者参与研究？
A.研究仅具备治疗价值即可
B.研究具有潜在的诊断价值
C.参与研究最多只能引起轻微不适
D.有充分理由相信研究不会对患者健康造成严重风险
E.有充分理由相信参与研究不会产生任何不利影响
【思考过程】：",BE,DeepSeek-V3,"【思考过程】：本题考查医学研究中患者参与研究的伦理条件。根据赫尔辛基宣言和医学研究伦理原则，患者参与研究需满足以下条件：1.研究需具有科学价值（不限于治疗或诊断价值）；2.研究风险需最小化，最多只能引起轻微不适或有限风险（C、D正确）；3.需确保患者健康不受严重威胁（A仅强调治疗价值不全面，B仅强调诊断价值也不全面）；4.绝对无风险（E）在实际研究中难以达到，故不正确。

【最终答案】：CD",客观题,CD
人体试验,"你是一个严格按照要求答题的医学考试考生。请你先展示出完整的思考过程，然后再输出最终答案。每道题目有至少两个选项（A、B）至多五个选项（A、B、C、D、E），题目为不定项选择题，请按照以下格式作答：

【思考过程】：...

【最终答案】：AB / BCE / CD / DE / E / ...（只输出选项的编号，不要写选项内容）

示例：
题目：医疗伦理中四大基本原则是？
A.尊重自主权
B.善意行为
C.无害原则
D.公正原则
E.以上都不是
【思考过程】：本题考查医学伦理的四大基本原则，包括尊重自主权、不伤害原则、行善原则、公正原则。

【最终答案】：ABCD

题目：某药物临床试验中，研究者应当如何履行对受损参与者的义务？
A.提供最高标准的医疗服务
B.给予适当补偿并提供医疗救助
C.赔偿全部损失并支付后续治疗费用
D.仅进行必要的心理疏导
E.进行彻底的健康检查并安排休假
【思考过程】：",B,DeepSeek-V3,"【思考过程】：本题考查药物临床试验中研究者对受损参与者的义务。根据《赫尔辛基宣言》和《药物临床试验质量管理规范》（GCP），研究者应当：1. 提供必要的医疗救助（B选项）；2. 给予适当的经济补偿（B选项）；3. 但不应承诺""赔偿全部损失""（C选项过度承诺）；4. ""最高标准医疗服务""（A选项）在伦理上合理但实际操作中难以强制要求；5. 心理疏导（D选项）和健康检查（E选项）属于可选项而非核心义务。

【最终答案】：B",客观题,B
人体试验,"你是一个严格按照要求答题的医学考试考生。请你先展示出完整的思考过程，然后再输出最终答案。每道题目有至少两个选项（A、B）至多五个选项（A、B、C、D、E），题目为不定项选择题，请按照以下格式作答：

【思考过程】：...

【最终答案】：AB / BCE / CD / DE / E / ...（只输出选项的编号，不要写选项内容）

示例：
题目：医疗伦理中四大基本原则是？
A.尊重自主权
B.善意行为
C.无害原则
D.公正原则
E.以上都不是
【思考过程】：本题考查医学伦理的四大基本原则，包括尊重自主权、不伤害原则、行善原则、公正原则。

【最终答案】：ABCD

题目：以下哪种情况下，涉及人类参与者的医学研究可以开展？
A.研究目的的重要性等于参与者的风险与负担
B.研究重要性尚未明确超过风险但已通过伦理审查
C.参与者自愿签署协议且研究者承诺提供高额补偿
D.研究目的的重要性显著超过参与者的风险与负担
【思考过程】：",D,DeepSeek-V3,"【思考过程】：本题考查医学研究中涉及人类参与者的伦理原则。根据《赫尔辛基宣言》和医学伦理的基本原则，涉及人类参与者的研究必须符合以下条件：1.研究目的的重要性必须显著超过参与者的风险与负担（D选项正确）；2.研究必须通过伦理审查（但仅通过审查不足以证明研究合理性，B选项错误）；3.参与者自愿知情同意是必要条件，但高额补偿可能构成不当诱导（C选项错误）；4.A选项的""等于""不符合伦理要求，必须是""显著超过""。

【最终答案】：D",客观题,D
人体试验,"你是一个严格按照要求答题的医学考试考生。请你先展示出完整的思考过程，然后再输出最终答案。每道题目有至少两个选项（A、B）至多五个选项（A、B、C、D、E），题目为不定项选择题，请按照以下格式作答：

【思考过程】：...

【最终答案】：AB / BCE / CD / DE / E / ...（只输出选项的编号，不要写选项内容）

示例：
题目：医疗伦理中四大基本原则是？
A.尊重自主权
B.善意行为
C.无害原则
D.公正原则
E.以上都不是
【思考过程】：本题考查医学伦理的四大基本原则，包括尊重自主权、不伤害原则、行善原则、公正原则。

【最终答案】：ABCD

题目：在某些涉及人类参与者的医学研究中，以下哪些行为符合伦理规范？
A.在研究开展前详细提交风险与获益的初步评估报告
B.将高血压患者的监测周期从每周调整至每月以降低研究成本
C.采用冗余数据采集系统实现风险最小化
D.在发现入组患者肾功能异常后继续原有用药方案
E.要求第三方独立机构每季度审核风险记录文档
【思考过程】：",ACE,DeepSeek-V3,"【思考过程】：
本题考查医学研究中符合伦理规范的行为。根据医学伦理的四大基本原则（尊重自主权、不伤害原则、行善原则、公正原则）和《赫尔辛基宣言》等国际规范，逐项分析：

A. 正确。研究前提交风险与获益评估是伦理审查的基本要求，符合风险最小化和知情同意原则。  
B. 错误。调整高血压患者监测周期可能增加风险，违背不伤害原则，不能以成本为由降低保护标准。  
C. 正确。冗余数据采集系统可减少误差和风险，符合风险最小化要求。  
D. 错误。发现肾功能异常后应调整方案，继续用药违背不伤害原则和研究者保护义务。  
E. 正确。独立第三方审核能确保风险监控的客观性，符合伦理监督机制要求。  

【最终答案】：ACE",客观题,ACE
人体试验,"你是一个严格按照要求答题的医学考试考生。请你先展示出完整的思考过程，然后再输出最终答案。每道题目有至少两个选项（A、B）至多五个选项（A、B、C、D、E），题目为不定项选择题，请按照以下格式作答：

【思考过程】：...

【最终答案】：AB / BCE / CD / DE / E / ...（只输出选项的编号，不要写选项内容）

示例：
题目：医疗伦理中四大基本原则是？
A.尊重自主权
B.善意行为
C.无害原则
D.公正原则
E.以上都不是
【思考过程】：本题考查医学伦理的四大基本原则，包括尊重自主权、不伤害原则、行善原则、公正原则。

【最终答案】：ABCD

题目：当发现涉及人体试验的风险和负担超过潜在获益时，研究者必须采取何种措施？
A.立即终止研究
B.继续研究但减少参与者数量
C.对是否继续、修正或停止研究进行评估
D.向伦理委员会报告但暂时维持现状
【思考过程】：",C,DeepSeek-V3,"【思考过程】：本题考查人体试验伦理原则中的风险-获益评估。根据《赫尔辛基宣言》和CIOMS指南，当研究风险超过潜在获益时，研究者必须首先进行科学和伦理评估（选项C），根据评估结果决定是否修正或终止研究（选项A），并需向伦理委员会报告（隐含在C的流程中）。直接继续研究（B）或维持现状（D）违背伦理原则。

【最终答案】：AC",客观题,AC
人体试验,"你是一个严格按照要求答题的医学考试考生。请你先展示出完整的思考过程，然后再输出最终答案。每道题目有至少两个选项（A、B）至多五个选项（A、B、C、D、E），题目为不定项选择题，请按照以下格式作答：

【思考过程】：...

【最终答案】：AB / BCE / CD / DE / E / ...（只输出选项的编号，不要写选项内容）

示例：
题目：医疗伦理中四大基本原则是？
A.尊重自主权
B.善意行为
C.无害原则
D.公正原则
E.以上都不是
【思考过程】：本题考查医学伦理的四大基本原则，包括尊重自主权、不伤害原则、行善原则、公正原则。

【最终答案】：ABCD

题目：关于处于脆弱境地的群体参与医学研究，以下哪两项描述符合伦理要求？
A.为避免伤害风险，应直接排除其参与研究
B.权衡排除导致的平等问题与纳入后潜在的伤害风险
C.无论危害程度如何都强制要求纳入研究群体并给予支持
D.仅在研究效益明显超过风险时才考虑纳入
E.对纳入的群体提供充足资源确保安全参与
【思考过程】：",BE,DeepSeek-V3,"【思考过程】：本题考查医学研究中涉及脆弱群体时的伦理要求。根据《赫尔辛基宣言》和CIOMS指南的核心原则：  
1. **排除脆弱群体（A）**过于绝对化，可能剥夺其受益权，不符合公平原则；  
2. **权衡平等与风险（B）**是必要步骤，需评估排除是否加剧不公与纳入后风险是否可控；  
3. **强制纳入（C）**违反自主权，尤其是高风险研究；  
4. **效益明显超过风险时纳入（D）**符合风险-受益比评估的伦理要求；  
5. **提供资源保障安全（E）**是保护脆弱群体的关键措施，如知情同意支持、独立监督等。  

符合伦理要求的是权衡风险与平等（B）及提供资源保障（E），而（D）虽部分合理但未涵盖保护措施，故不优先选。  

【最终答案】：BE",客观题,BE
人体试验,"你是一个严格按照要求答题的医学考试考生。请你先展示出完整的思考过程，然后再输出最终答案。每道题目有至少两个选项（A、B）至多五个选项（A、B、C、D、E），题目为不定项选择题，请按照以下格式作答：

【思考过程】：...

【最终答案】：AB / BCE / CD / DE / E / ...（只输出选项的编号，不要写选项内容）

示例：
题目：医疗伦理中四大基本原则是？
A.尊重自主权
B.善意行为
C.无害原则
D.公正原则
E.以上都不是
【思考过程】：本题考查医学伦理的四大基本原则，包括尊重自主权、不伤害原则、行善原则、公正原则。

【最终答案】：ABCD

题目：以下哪项是开展仅纳特别境况群體的人體研究必须满足的条件？
A. 研究能直接满足该群體當下的健康需求
B. 研究结果對其他非弱视群體有廣泛利益
C. 研究无法在非特别境况群體中实施
D. 研究可避免该群體未来面臨更多不公
E. 该群體已書面表示完全自原参与
【思考过程】：",ACD,DeepSeek-V3,"【思考过程】：本题考查的是涉及特别境况群体（如弱势群体）的人体研究伦理条件。根据《赫尔辛基宣言》和相关伦理准则，这类研究必须满足以下核心条件：  
1. **直接健康需求（A）**：研究必须针对该群体当下的健康需求，避免利用弱势群体谋取无关利益。  
2. **无法替代（C）**：研究必须无法在非弱势群体中开展，以确保研究的必要性。  
3. **避免不公（D）**：研究应减少而非加剧该群体未来的不公平待遇。  
4. **广泛利益（B）**是争议点：仅对其他群体有利的研究可能构成剥削，除非同时满足A和C。  
5. **书面同意（E）**是基本要求，但需注意弱势群体的自主性可能受限，需额外保护措施。  

综上，必须满足的条件是A、C、D，B和E需结合其他条件判断。  

【最终答案】：ACD",客观题,ACD
人体试验,"你是一个严格按照要求答题的医学考试考生。请你先展示出完整的思考过程，然后再输出最终答案。每道题目有至少两个选项（A、B）至多五个选项（A、B、C、D、E），题目为不定项选择题，请按照以下格式作答：

【思考过程】：...

【最终答案】：AB / BCE / CD / DE / E / ...（只输出选项的编号，不要写选项内容）

示例：
题目：医疗伦理中四大基本原则是？
A.尊重自主权
B.善意行为
C.无害原则
D.公正原则
E.以上都不是
【思考过程】：本题考查医学伦理的四大基本原则，包括尊重自主权、不伤害原则、行善原则、公正原则。

【最终答案】：ABCD

题目：以下关于涉及人类参与者的医学研究要求的描述中，哪些是正确的？
A.必须以充分的实验室研究和适当的动物实验为基础
B.必须完全以人类志愿者取代动物实验
C.应当遵守保障研究动物福利的相关规定
D.仅需参考科学文献即可开展人体试验
【思考过程】：",AC,DeepSeek-V3,"【思考过程】：本题考查涉及人类参与者的医学研究的基本伦理要求。根据《赫尔辛基宣言》和医学研究伦理原则：A项正确，人体试验前必须通过实验室和动物实验验证安全性；B项错误，动物实验不能完全被人类志愿者取代（需先通过动物实验阶段）；C项正确，动物实验阶段需遵守动物福利规定；D项错误，仅参考文献不足以开展人体试验（需实证研究基础）。

【最终答案】：AC",客观题,AC
人体试验,"你是一个严格按照要求答题的医学考试考生。请你先展示出完整的思考过程，然后再输出最终答案。每道题目有至少两个选项（A、B）至多五个选项（A、B、C、D、E），题目为不定项选择题，请按照以下格式作答：

【思考过程】：...

【最终答案】：AB / BCE / CD / DE / E / ...（只输出选项的编号，不要写选项内容）

示例：
题目：医疗伦理中四大基本原则是？
A.尊重自主权
B.善意行为
C.无害原则
D.公正原则
E.以上都不是
【思考过程】：本题考查医学伦理的四大基本原则，包括尊重自主权、不伤害原则、行善原则、公正原则。

【最终答案】：ABCD

题目：以下哪一选项不属于研究方案中必须包含的信息？
A.研究的目的和方法
B.数据采集设备的具体品牌
C.研究者的专业资质
D.任何潜在的利益冲突
E.参与者的国籍比例
【思考过程】：",BE,DeepSeek-V3,"【思考过程】：本题考查研究方案中必须包含的信息。研究方案通常需要明确研究的目的和方法（A）、研究者的专业资质（C）以及任何潜在的利益冲突（D）。数据采集设备的具体品牌（B）和参与者的国籍比例（E）通常不是必须包含的信息，除非对研究有特殊要求。

【最终答案】：BE",客观题,BE
人体试验,"你是一个严格按照要求答题的医学考试考生。请你先展示出完整的思考过程，然后再输出最终答案。每道题目有至少两个选项（A、B）至多五个选项（A、B、C、D、E），题目为不定项选择题，请按照以下格式作答：

【思考过程】：...

【最终答案】：AB / BCE / CD / DE / E / ...（只输出选项的编号，不要写选项内容）

示例：
题目：医疗伦理中四大基本原则是？
A.尊重自主权
B.善意行为
C.无害原则
D.公正原则
E.以上都不是
【思考过程】：本题考查医学伦理的四大基本原则，包括尊重自主权、不伤害原则、行善原则、公正原则。

【最终答案】：ABCD

题目：以下哪些行为违反了研究参与者的隐私保护要求？
A.研究结束后销毁敏感纸质档案
B.为降低成本而仅对电子数据采用基础加密
C.要求所有研究人员签署保密协议
D.未经参与者授权将匿名化数据用于其他研究项目
【思考过程】：",BD,DeepSeek-V3,"【思考过程】：本题考查研究参与者隐私保护的相关要求。A选项销毁敏感纸质档案是保护隐私的正确行为；B选项仅对电子数据采用基础加密可能不足以保护数据安全，属于违规行为；C选项签署保密协议是保护隐私的正确行为；D选项未经授权使用匿名化数据同样违反了隐私保护要求。

【最终答案】：BD",客观题,BD
人体试验,"你是一个严格按照要求答题的医学考试考生。请你先展示出完整的思考过程，然后再输出最终答案。每道题目有至少两个选项（A、B）至多五个选项（A、B、C、D、E），题目为不定项选择题，请按照以下格式作答：

【思考过程】：...

【最终答案】：AB / BCE / CD / DE / E / ...（只输出选项的编号，不要写选项内容）

示例：
题目：医疗伦理中四大基本原则是？
A.尊重自主权
B.善意行为
C.无害原则
D.公正原则
E.以上都不是
【思考过程】：本题考查医学伦理的四大基本原则，包括尊重自主权、不伤害原则、行善原则、公正原则。

【最终答案】：ABCD

题目：在涉及存在依赖关系的潜在参与者的人体试验中，关于知情同意的获取方式，以下哪项符合法规要求？
A.由该参与者的主治医生直接获取同意
B.由独立于医疗团队的伦理委员会成员获取同意
C.由研究团队中的护士长代为获取同意
D.在不存在利益冲突的情况下由研究者本人获取同意
E.由医院行政人员通过电话确认同意
【思考过程】：",B,DeepSeek-V3,"【思考过程】：本题考查人体试验中知情同意的获取方式，尤其针对存在依赖关系的参与者（如医患关系、权力不对等）。根据伦理准则和法规要求：  
1. **主治医生直接获取同意（A）**：存在利益冲突风险，可能影响参与者自主决策，不符合要求。  
2. **独立伦理委员会成员获取（B）**：独立第三方可避免利益冲突，保护参与者权益，符合要求。  
3. **护士长代为获取（C）**：护士长仍属于医疗团队，可能存在隐性压力，不符合要求。  
4. **无利益冲突的研究者获取（D）**：若研究者与参与者无直接依赖关系且流程透明，可能符合要求。  
5. **电话确认同意（E）**：知情同意需书面形式或严格规范的流程，电话确认缺乏法律效力，不符合要求。  

综上，B和D在特定条件下符合法规要求。  

【最终答案】：BD",客观题,BD
人体试验,"你是一个严格按照要求答题的医学考试考生。请你先展示出完整的思考过程，然后再输出最终答案。每道题目有至少两个选项（A、B）至多五个选项（A、B、C、D、E），题目为不定项选择题，请按照以下格式作答：

【思考过程】：...

【最终答案】：AB / BCE / CD / DE / E / ...（只输出选项的编号，不要写选项内容）

示例：
题目：医疗伦理中四大基本原则是？
A.尊重自主权
B.善意行为
C.无害原则
D.公正原则
E.以上都不是
【思考过程】：本题考查医学伦理的四大基本原则，包括尊重自主权、不伤害原则、行善原则、公正原则。

【最终答案】：ABCD

题目：在涉及无法自主知情的参与者的人体试验中，以下哪种情况允许将其纳入研究？
A.未获得法定代理人同意但已提前获得伦理委员会批准
B.研究可能改善参与者的自身健康问题
C.研究方案涉及不可逆的生理改变但对科学发展有重大价值
D.研究仅需采集少量指尖血且无持续跟踪检测
E.同时符合个人获益和具备显著社会价值
【思考过程】：",BD,DeepSeek-V3,"【思考过程】：本题考查人体试验伦理原则，核心是遵循《赫尔辛基宣言》和伦理审查要求。  
1. **选项A**：未获得法定代理人同意但伦理委员会批准，违反“知情同意”原则（必须获得法定代理人同意），排除。  
2. **选项B**：研究可能改善参与者自身健康问题，符合“治疗性例外”原则（研究直接有利于受试者健康），可纳入。  
3. **选项C**：涉及不可逆生理改变，即使对科学有价值，也违反“不伤害”原则，排除。  
4. **选项D**：少量指尖血且无跟踪检测属于最小风险，符合“豁免知情同意”条件（如美国联邦法规45 CFR 46.116(d)），可纳入。  
5. **选项E**：同时满足个人获益和社会价值是理想情况，但需具体分析。若“个人获益”明确（如治疗疾病）且社会价值经伦理审查确认，可纳入；但题目未明确“个人获益”是否直接相关，可能存疑。  

综上，**B**（直接获益）、**D**（最小风险）明确符合伦理要求；**E**若严格判断需更多信息，但部分指南允许此类平衡（如紧急医学研究），保守考虑暂不选。  

【最终答案】：BD",客观题,BD
人体试验,"你是一个严格按照要求答题的医学考试考生。请你先展示出完整的思考过程，然后再输出最终答案。每道题目有至少两个选项（A、B）至多五个选项（A、B、C、D、E），题目为不定项选择题，请按照以下格式作答：

【思考过程】：...

【最终答案】：AB / BCE / CD / DE / E / ...（只输出选项的编号，不要写选项内容）

示例：
题目：医疗伦理中四大基本原则是？
A.尊重自主权
B.善意行为
C.无害原则
D.公正原则
E.以上都不是
【思考过程】：本题考查医学伦理的四大基本原则，包括尊重自主权、不伤害原则、行善原则、公正原则。

【最终答案】：ABCD

题目：在一个涉及无法做出自由和充分知情同意的潜在参与者的人体试验中，以下哪项处理措施是符合要求的？
A.仅需获得法定代理人的书面同意即可开展试验
B.必须同时在法定代理人和潜在参与者本人都同意的情况下实施
C.若潜在参与者口头反对但法定代理人同意，应以其法定代理人意见优先
D.医生需征求潜在参与者同意但无需记录其价值观偏好
E.必须征求潜在参与者同意并评估其价值观倾向
【思考过程】：",BE,DeepSeek-V3,"【思考过程】：本题考查人体试验中知情同意的伦理要求，尤其针对无法做出自由和充分知情同意的潜在参与者。根据《赫尔辛基宣言》和医学伦理原则：  
1. **法定代理人同意**是必要的（A部分正确），但**必须尊重潜在参与者本人的意愿**（如反对则不可强制实施，C错误）。  
2. **潜在参与者的同意**需尽可能获取（B符合），且需评估其价值观倾向（E正确，D错误），即使其认知受限也应记录其偏好。  
3. 若潜在参与者明确反对（即使口头），试验不可进行（C错误）。  

综上，符合要求的措施需同时满足代理人同意、尊重本人意愿及评估价值观。  

【最终答案】：BE",客观题,BE
人体试验,"你是一个严格按照要求答题的医学考试考生。请你先展示出完整的思考过程，然后再输出最终答案。每道题目有至少两个选项（A、B）至多五个选项（A、B、C、D、E），题目为不定项选择题，请按照以下格式作答：

【思考过程】：...

【最终答案】：AB / BCE / CD / DE / E / ...（只输出选项的编号，不要写选项内容）

示例：
题目：医疗伦理中四大基本原则是？
A.尊重自主权
B.善意行为
C.无害原则
D.公正原则
E.以上都不是
【思考过程】：本题考查医学伦理的四大基本原则，包括尊重自主权、不伤害原则、行善原则、公正原则。

【最终答案】：ABCD

题目：在涉及无法做出知情同意的参与者的人体试验中，以下哪种情况允许研究在未获同意的情况下进行？
A.研究者认为参与者恢复后可能同意，因此提前开展
B.研究方案未说明纳入此类参与者的理由但伦理委员会已批准
C.妨碍知情同意的状况是研究目标人群的必要特征且伦理委员会批准
D.法定代理人电话口头同意但未签署书面文件
【思考过程】：",C,DeepSeek-V3,"【思考过程】：本题考查人体试验中知情同意的例外情况。根据《赫尔辛基宣言》和医学伦理规范，知情同意的例外必须满足严格条件：  
1. 选项A错误，研究者主观推测""恢复后可能同意""不符合伦理，必须获得实际同意或法定代理人同意。  
2. 选项B错误，研究方案必须明确说明纳入无同意能力参与者的科学和伦理理由，仅伦理委员会批准不充分。  
3. 选项C正确，当无法知情同意是研究人群的必要特征（如昏迷患者研究），且获得伦理委员会特别批准时允许例外。  
4. 选项D错误，法定代理人同意必须留存书面文件，口头同意不满足法律要求。  

【最终答案】：C",客观题,C
人体试验,"你是一个严格按照要求答题的医学考试考生。请你先展示出完整的思考过程，然后再输出最终答案。每道题目有至少两个选项（A、B）至多五个选项（A、B、C、D、E），题目为不定项选择题，请按照以下格式作答：

【思考过程】：...

【最终答案】：AB / BCE / CD / DE / E / ...（只输出选项的编号，不要写选项内容）

示例：
题目：医疗伦理中四大基本原则是？
A.尊重自主权
B.善意行为
C.无害原则
D.公正原则
E.以上都不是
【思考过程】：本题考查医学伦理的四大基本原则，包括尊重自主权、不伤害原则、行善原则、公正原则。

【最终答案】：ABCD

题目：以下哪些行为符合人体试验伦理规范？
A.未主动告知患者哪些医疗操作属于研究范畴，B.在未获得研究伦理委员会批准前对存储的生物材料进行二次研究，C.因患者拒绝参与研究而缩短其标准治疗流程，D.退出研究的患者仍享有与原治疗计划一致的医疗服务，E.仅凭医院主管同意即使用既往数据开展新研究
【思考过程】：",D,DeepSeek-V3,"【思考过程】：本题考查人体试验伦理规范的合规行为。根据《赫尔辛基宣言》和医学伦理原则：
A选项违反知情同意原则，研究者必须主动告知患者研究性质；B选项违反伦理审查要求，二次研究需重新获得伦理委员会批准；C选项违反不伤害原则，患者拒绝参与研究不应影响标准治疗；D选项符合伦理规范，患者退出研究后仍应获得承诺的医疗服务；E选项违反程序正义，研究必须通过正规伦理审查程序，仅凭主管同意无效。

【最终答案】：D",客观题,D
人体试验,"你是一个严格按照要求答题的医学考试考生。请你先展示出完整的思考过程，然后再输出最终答案。每道题目有至少两个选项（A、B）至多五个选项（A、B、C、D、E），题目为不定项选择题，请按照以下格式作答：

【思考过程】：...

【最终答案】：AB / BCE / CD / DE / E / ...（只输出选项的编号，不要写选项内容）

示例：
题目：医疗伦理中四大基本原则是？
A.尊重自主权
B.善意行为
C.无害原则
D.公正原则
E.以上都不是
【思考过程】：本题考查医学伦理的四大基本原则，包括尊重自主权、不伤害原则、行善原则、公正原则。

【最终答案】：ABCD

题目：在评估新干预措施的人体试验中，以下哪些情况允许采用安慰剂或不进行干预作为对照组？
A.当不存在已被证明的最佳干预措施，且安慰剂组的参与者可能面临轻微可逆的头痛
B.存在已证明的最佳干预措施，但研究者认为对照试验会延长研究周期
C.基于高精度统计模型的方法学需求，需要空白对照且参与者不会遭受不可逆的听力损伤
D.为验证新型抗生素的绝对有效性，对照组的糖尿病患儿未接受任何抗菌治疗
【思考过程】：",AC,DeepSeek-V3,"【思考过程】：本题考查临床试验中安慰剂或空白对照的伦理适用条件。根据赫尔辛基宣言和医学伦理原则，安慰剂对照需满足以下条件：1. 不存在公认有效的干预措施（A符合）；2. 使用安慰剂不会使受试者暴露于严重或不可逆伤害风险（A的""轻微可逆头痛""、C的""不可逆听力损伤""未发生）；3. 必须具有科学必要性（C的""方法学需求""合理）。B项因存在已证明的最佳干预措施而被排除；D项违反不伤害原则（糖尿病患儿需抗菌治疗）。

【最终答案】：AC",客观题,AC
