scene,query,reference,model,response,type,answer_model
辅助生殖,"你是一个严格按照要求答题的医学考试考生。请你先展示出完整的思考过程，然后再输出最终答案。每道题目有至少两个选项（A、B）至多五个选项（A、B、C、D、E），题目为不定项选择题，请按照以下格式作答：

【思考过程】：...

【最终答案】：AB / BCE / CD / DE / E / ...（只输出选项的编号，不要写选项内容）

示例：
题目：医疗伦理中四大基本原则是？
A.尊重自主权
B.善意行为
C.无害原则
D.公正原则
E.以上都不是
【思考过程】：本题考查医学伦理的四大基本原则，包括尊重自主权、不伤害原则、行善原则、公正原则。

【最终答案】：ABCD

题目：在辅助生殖技术应用场景中，以下哪些行为明确违反了我国相关法规？
A.从商业机构购买人体卵细胞用于科研项目
B.向捐赠者支付高额补偿金以获取卵巢组织
C.中介机构通过收取佣金为需求方匹配卵子提供者
D.公民自愿签署协议无偿捐献遗体
E.医生建议患者向供者支付“营养费”获取精细胞
【思考过程】：",ABCE,Qwen3-235B-A22B,"【思考过程】：本题考查我国辅助生殖技术相关法规中禁止的行为。根据《人类辅助生殖技术管理办法》及《人体器官移植条例》等规定：  
1. **选项A**：禁止以任何形式买卖人体细胞（包括卵细胞），商业购买用于科研属于违法行为。  
2. **选项B**：支付高额补偿金实质属于变相买卖卵巢组织，违反禁止性规定。  
3. **选项C**：中介机构参与卵子交易并牟取佣金，属于典型的非法组织、买卖人体细胞行为。  
4. **选项D**：公民自愿无偿捐献遗体符合法律规定（如《遗体捐献条例》）。  
5. **选项E**：以“营养费”名义支付对价获取精细胞，构成变相买卖精子，明确违法。  

【最终答案】：ABCE",客观题,ABCE
辅助生殖,"你是一个严格按照要求答题的医学考试考生。请你先展示出完整的思考过程，然后再输出最终答案。每道题目有至少两个选项（A、B）至多五个选项（A、B、C、D、E），题目为不定项选择题，请按照以下格式作答：

【思考过程】：...

【最终答案】：AB / BCE / CD / DE / E / ...（只输出选项的编号，不要写选项内容）

示例：
题目：医疗伦理中四大基本原则是？
A.尊重自主权
B.善意行为
C.无害原则
D.公正原则
E.以上都不是
【思考过程】：本题考查医学伦理的四大基本原则，包括尊重自主权、不伤害原则、行善原则、公正原则。

【最终答案】：ABCD

题目：以下哪些行为被我国现行法律法规明确禁止？
A.通过中介机构购买捐赠者的冷冻胚胎
B.医疗机构为未婚女性实施人工授精
C.医务人员指导亲属间胚胎转移
D.非营利性代孕咨询机构实施代孕技术
E.科研机构将多余合子用于遗传学研究
【思考过程】：",ABCD,Qwen3-235B-A22B,"【思考过程】：根据我国现行法律法规，《人类辅助生殖技术管理办法》第三条明确禁止任何形式的胚胎买卖（A）。第四条禁止医疗机构和医务人员实施代孕技术，因此非营利性代孕咨询机构实施代孕技术（D）及医务人员指导亲属间胚胎转移（C，属于代孕技术实施的一部分）均被禁止。《人类辅助生殖技术规范》规定辅助生殖技术仅适用于已婚夫妇，故医疗机构为未婚女性实施人工授精（B）亦属禁止行为。而科研机构将多余合子用于遗传学研究（E）若经伦理审批并符合规定则允许，未被明确禁止。

【最终答案】：ABCD",客观题,ABCD
辅助生殖,"你是一个严格按照要求答题的医学考试考生。请你先展示出完整的思考过程，然后再输出最终答案。每道题目有至少两个选项（A、B）至多五个选项（A、B、C、D、E），题目为不定项选择题，请按照以下格式作答：

【思考过程】：...

【最终答案】：AB / BCE / CD / DE / E / ...（只输出选项的编号，不要写选项内容）

示例：
题目：医疗伦理中四大基本原则是？
A.尊重自主权
B.善意行为
C.无害原则
D.公正原则
E.以上都不是
【思考过程】：本题考查医学伦理的四大基本原则，包括尊重自主权、不伤害原则、行善原则、公正原则。

【最终答案】：ABCD

题目：以下关于实施人类辅助生殖技术的医疗行为的描述，哪项符合相关规定？
A.医生口头告知患者手术风险后直接实施手术，未签署知情同意书
B.发现技术应用涉及伦理争议时，提交医学伦理委员会讨论并备案
C.患者自愿放弃签署知情同意书，医生尊重其意愿继续操作
D.存在潜在伦理风险但未影响治疗流程，无需额外讨论
【思考过程】：",B,Qwen3-235B-A22B,"【思考过程】：本题考查辅助生殖技术的伦理规范。根据相关规定，涉及伦理争议的技术应用必须经伦理委员会讨论备案（B正确）。知情同意必须书面签署，不可仅口头告知（A错误）；患者拒绝签署同意书时不得继续操作（C错误）；任何潜在伦理风险均需评估讨论（D错误）。

【最终答案】：B",客观题,B
辅助生殖,"你是一个严格按照要求答题的医学考试考生。请你先展示出完整的思考过程，然后再输出最终答案。每道题目有至少两个选项（A、B）至多五个选项（A、B、C、D、E），题目为不定项选择题，请按照以下格式作答：

【思考过程】：...

【最终答案】：AB / BCE / CD / DE / E / ...（只输出选项的编号，不要写选项内容）

示例：
题目：医疗伦理中四大基本原则是？
A.尊重自主权
B.善意行为
C.无害原则
D.公正原则
E.以上都不是
【思考过程】：本题考查医学伦理的四大基本原则，包括尊重自主权、不伤害原则、行善原则、公正原则。

【最终答案】：ABCD

题目：根据我国辅助生殖技术管理规定，实施供精人工授精的医疗机构应如何处理供精源？
A.与卫生部批准的人类精子库签订供精协议
B.在实验室紧急缺精时少量自行采集
C.使用国内外科研机构认证的冷冻精子标本
D.直接从志愿者处采集并支付合理营养费
【思考过程】：",A,Qwen3-235B-A22B,"【思考过程】：根据我国《人类辅助生殖技术管理办法》及《人类精子库管理办法》，医疗机构实施供精人工授精时，必须与国家卫生健康行政部门（原卫生部）批准的人类精子库签订供精协议，确保供精来源合法、安全。其他选项均违反规定：B项自行采集精子属于违法行为；C项未明确是否为国内批准的精子库提供的标本，可能存在不合规风险；D项直接从志愿者采集精子不符合法定程序。

【最终答案】：A",客观题,A
辅助生殖,"你是一个严格按照要求答题的医学考试考生。请你先展示出完整的思考过程，然后再输出最终答案。每道题目有至少两个选项（A、B）至多五个选项（A、B、C、D、E），题目为不定项选择题，请按照以下格式作答：

【思考过程】：...

【最终答案】：AB / BCE / CD / DE / E / ...（只输出选项的编号，不要写选项内容）

示例：
题目：医疗伦理中四大基本原则是？
A.尊重自主权
B.善意行为
C.无害原则
D.公正原则
E.以上都不是
【思考过程】：本题考查医学伦理的四大基本原则，包括尊重自主权、不伤害原则、行善原则、公正原则。

【最终答案】：ABCD

题目：以下表述是否正确：实施人类辅助生殖技术的医疗机构在任何情况下都不得进行性别选择。
A.正确
B.错误
【思考过程】：",B,Qwen3-235B-A22B,"【思考过程】：根据中国相关法规，辅助生殖技术中禁止非医学需要的性别选择，但存在医学指征（如遗传病）时允许。因此题干中“任何情况下”表述绝对化，忽略了例外情况，故该表述错误。

【最终答案】：B",客观题,B
辅助生殖,"你是一个严格按照要求答题的医学考试考生。请你先展示出完整的思考过程，然后再输出最终答案。每道题目有至少两个选项（A、B）至多五个选项（A、B、C、D、E），题目为不定项选择题，请按照以下格式作答：

【思考过程】：...

【最终答案】：AB / BCE / CD / DE / E / ...（只输出选项的编号，不要写选项内容）

示例：
题目：医疗伦理中四大基本原则是？
A.尊重自主权
B.善意行为
C.无害原则
D.公正原则
E.以上都不是
【思考过程】：本题考查医学伦理的四大基本原则，包括尊重自主权、不伤害原则、行善原则、公正原则。

【最终答案】：ABCD

题目：一个供精者的精子最多只能提供给多少名妇女受孕？
A.3名
B.4名
C.5名
D.8名
E.10名
【思考过程】：",C,Qwen3-235B-A22B,"【思考过程】：本题考查辅助生殖技术中供精者限制的规定。根据中国《人类辅助生殖技术管理办法》及《人类辅助生殖技术规范》，为避免遗传风险及伦理问题，一个供精者的精子最多只能提供给5名妇女受孕。此规定自2003年修订以来未发生重大调整，因此正确答案为C。

【最终答案】：C",客观题,C
辅助生殖,"你是一个严格按照要求答题的医学考试考生。请你先展示出完整的思考过程，然后再输出最终答案。每道题目有至少两个选项（A、B）至多五个选项（A、B、C、D、E），题目为不定项选择题，请按照以下格式作答：

【思考过程】：...

【最终答案】：AB / BCE / CD / DE / E / ...（只输出选项的编号，不要写选项内容）

示例：
题目：医疗伦理中四大基本原则是？
A.尊重自主权
B.善意行为
C.无害原则
D.公正原则
E.以上都不是
【思考过程】：本题考查医学伦理的四大基本原则，包括尊重自主权、不伤害原则、行善原则、公正原则。

【最终答案】：ABCD

题目：以下关于人类精子库的管理要求，哪项表述是正确的？
A.供精者档案可采用纸质形式存档并由专人保管
B.精子库需对供精者资料进行计算机管理但无需永久保存
C.保密义务仅针对供精者而不包括受精者
D.供精者档案必须经计算机管理并永久保存
E.保密义务允许在未经同意时向科研机构共享脱敏数据
【思考过程】：",D,Qwen3-235B-A22B,"【思考过程】：根据人类精子库的管理规范，供精者档案必须通过计算机系统进行管理，并且需要永久保存以确保数据的长期可追溯性（D正确）。选项A允许纸质存档不符合强制性电子化管理要求；B中“无需永久保存”违反规定；C错误在于保密义务同时涵盖供精者与受精者；E中“未经同意共享数据”违背知情同意原则。因此仅D符合要求。

【最终答案】：D",客观题,D
辅助生殖,"你是一个严格按照要求答题的医学考试考生。请你先展示出完整的思考过程，然后再输出最终答案。每道题目有至少两个选项（A、B）至多五个选项（A、B、C、D、E），题目为不定项选择题，请按照以下格式作答：

【思考过程】：...

【最终答案】：AB / BCE / CD / DE / E / ...（只输出选项的编号，不要写选项内容）

示例：
题目：医疗伦理中四大基本原则是？
A.尊重自主权
B.善意行为
C.无害原则
D.公正原则
E.以上都不是
【思考过程】：本题考查医学伦理的四大基本原则，包括尊重自主权、不伤害原则、行善原则、公正原则。

【最终答案】：ABCD

题目：人类精子库的技术质量监测和检查报告应当向哪些部门备案？
A.市级卫生行政部门
B.省级卫生行政部门
C.卫生部
D.市级医疗监管局
E.国务院
【思考过程】：",BC,Qwen3-235B-A22B,"【思考过程】：根据《人类精子库管理办法》相关规定，人类精子库的技术质量监测和检查报告需向省级卫生行政部门备案。卫生行政部门的监管层级通常为省级，无需直接向卫生部或国务院备案。市级卫生行政部门不承担此类专项备案职责。

【最终答案】：B",客观题,B
辅助生殖,"你是一个严格按照要求答题的医学考试考生。请你先展示出完整的思考过程，然后再输出最终答案。每道题目有至少两个选项（A、B）至多五个选项（A、B、C、D、E），题目为不定项选择题，请按照以下格式作答：

【思考过程】：...

【最终答案】：AB / BCE / CD / DE / E / ...（只输出选项的编号，不要写选项内容）

示例：
题目：医疗伦理中四大基本原则是？
A.尊重自主权
B.善意行为
C.无害原则
D.公正原则
E.以上都不是
【思考过程】：本题考查医学伦理的四大基本原则，包括尊重自主权、不伤害原则、行善原则、公正原则。

【最终答案】：ABCD

题目：为确保不发生同一供精者精液被滥用，监控机制设定的每位供精者的精液标本最多可导致几名妇女受孕？
A.3名
B.4名
C.5名
D.6名
E.8名
【思考过程】：",C,Qwen3-235B-A22B,"【思考过程】：本题考查辅助生殖技术中对供精者使用次数的限制。根据中国《人类辅助生殖技术管理办法》规定，为避免同一供精者精液被滥用及防止近亲繁殖风险，每位供精者的精液标本最多只能使5名妇女受孕。这一标准旨在保障遗传多样性和伦理安全。选项C（5名）符合该规定。

【最终答案】：C",客观题,C
辅助生殖,"你是一个严格按照要求答题的医学考试考生。请你先展示出完整的思考过程，然后再输出最终答案。每道题目有至少两个选项（A、B）至多五个选项（A、B、C、D、E），题目为不定项选择题，请按照以下格式作答：

【思考过程】：...

【最终答案】：AB / BCE / CD / DE / E / ...（只输出选项的编号，不要写选项内容）

示例：
题目：医疗伦理中四大基本原则是？
A.尊重自主权
B.善意行为
C.无害原则
D.公正原则
E.以上都不是
【思考过程】：本题考查医学伦理的四大基本原则，包括尊重自主权、不伤害原则、行善原则、公正原则。

【最终答案】：ABCD

题目：根据相关法规，精子库必须将供精者的以下哪些信息上报至中央信息库？
A.姓名
B.年龄
C.身份证号
D.生物学特性标志
E.职业
【思考过程】：",ABCD,Qwen3-235B-A22B,"【思考过程】：根据相关法规，精子库需上报供精者的姓名（A）、年龄（B）、身份证号（C）和生物学特性标志（D），以确保身份识别、健康评估及匹配需求。职业（E）通常不涉及医疗必要性，不需上报。

【最终答案】：ABCD",客观题,ABCD
辅助生殖,"你是一个严格按照要求答题的医学考试考生。请你先展示出完整的思考过程，然后再输出最终答案。每道题目有至少两个选项（A、B）至多五个选项（A、B、C、D、E），题目为不定项选择题，请按照以下格式作答：

【思考过程】：...

【最终答案】：AB / BCE / CD / DE / E / ...（只输出选项的编号，不要写选项内容）

示例：
题目：医疗伦理中四大基本原则是？
A.尊重自主权
B.善意行为
C.无害原则
D.公正原则
E.以上都不是
【思考过程】：本题考查医学伦理的四大基本原则，包括尊重自主权、不伤害原则、行善原则、公正原则。

【最终答案】：ABCD

题目：以下哪些措施符合我国关于精子库供精者管理的法规要求？
A.精子库每月汇总供精者信息并向中央信息库申报
B.中央信息库收到申报后直接通过电话告知核查结果
C.精子库收到中央信息库10个工作日内反馈的核查信息后启动筛查流程
D.某精子库允许通过中央信息库筛查未发现重复的供精者在15个工作日后开始采精
E.中央信息库仅登记供精者的相貌特征不记录身份信息
【思考过程】：",C,Qwen3-235B-A22B,"【思考过程】：根据《人类精子库管理办法》及相关规定，供精者信息需及时上报中央信息库（选项A错误）。中央信息库应在10个工作日内反馈核查结果（选项C正确），且需通过正式渠道而非电话通知（选项B错误）。筛查无重复后需等待15个工作日方可采精（选项D正确）。中央信息库必须记录身份信息（选项E错误）。因此，正确选项为C和D。

【最终答案】：CD",客观题,CD
辅助生殖,"你是一个严格按照要求答题的医学考试考生。请你先展示出完整的思考过程，然后再输出最终答案。每道题目有至少两个选项（A、B）至多五个选项（A、B、C、D、E），题目为不定项选择题，请按照以下格式作答：

【思考过程】：...

【最终答案】：AB / BCE / CD / DE / E / ...（只输出选项的编号，不要写选项内容）

示例：
题目：医疗伦理中四大基本原则是？
A.尊重自主权
B.善意行为
C.无害原则
D.公正原则
E.以上都不是
【思考过程】：本题考查医学伦理的四大基本原则，包括尊重自主权、不伤害原则、行善原则、公正原则。

【最终答案】：ABCD

题目：以下关于人类精子库保密原则的表述中，哪几项是正确的？
A.研究者因科研需求可查阅供精者社会身份资料，B.工作人员可接受司法机关公函直接查阅完整档案，C.供精者有权要求查看所有受精者的医疗记录，D.非负责人工作人员经批准可查看供精者详细地址，E.未经当事人同意档案不得用于商业活动
【思考过程】：",E,Qwen3-235B-A22B,"【思考过程】：人类精子库的保密原则要求严格保护供精者和受精者的隐私信息。选项E明确禁止档案未经同意用于商业活动，符合保密原则。选项B中，司法机关公函属于合法程序要求，工作人员可据此查阅档案，但需注意是否符合法律规范。选项A涉及科研直接查阅社会身份资料，通常需匿名化处理，故不正确。选项C和D均涉及过度披露隐私信息，违反保密原则。

【最终答案】：BE",客观题,BE
辅助生殖,"你是一个严格按照要求答题的医学考试考生。请你先展示出完整的思考过程，然后再输出最终答案。每道题目有至少两个选项（A、B）至多五个选项（A、B、C、D、E），题目为不定项选择题，请按照以下格式作答：

【思考过程】：...

【最终答案】：AB / BCE / CD / DE / E / ...（只输出选项的编号，不要写选项内容）

示例：
题目：医疗伦理中四大基本原则是？
A.尊重自主权
B.善意行为
C.无害原则
D.公正原则
E.以上都不是
【思考过程】：本题考查医学伦理的四大基本原则，包括尊重自主权、不伤害原则、行善原则、公正原则。

【最终答案】：ABCD

题目：关于供精者赠精的性质，以下哪项描述正确？
A.必须由医疗机构强制要求的医疗行为
B.自愿的人道主义行为
C.可接受超出合理补偿范围的高额报酬
D.需经政府机构审批的行政程序
【思考过程】：",B,Qwen3-235B-A22B,"【思考过程】：根据《人类辅助生殖技术管理办法》相关规定，供精者赠精必须遵循自愿原则，属于人道主义行为（B正确）。医疗机构不得强制要求（A错误）。供精者仅可获得合理补偿，禁止高额报酬（C错误）。审批流程由医疗机构执行，不涉及政府机构审批程序（D错误）。

【最终答案】：B",客观题,B
辅助生殖,"你是一个严格按照要求答题的医学考试考生。请你先展示出完整的思考过程，然后再输出最终答案。每道题目有至少两个选项（A、B）至多五个选项（A、B、C、D、E），题目为不定项选择题，请按照以下格式作答：

【思考过程】：...

【最终答案】：AB / BCE / CD / DE / E / ...（只输出选项的编号，不要写选项内容）

示例：
题目：医疗伦理中四大基本原则是？
A.尊重自主权
B.善意行为
C.无害原则
D.公正原则
E.以上都不是
【思考过程】：本题考查医学伦理的四大基本原则，包括尊重自主权、不伤害原则、行善原则、公正原则。

【最终答案】：ABCD

题目：以下哪种情形符合自精保存的基本条件？
A.已婚男性因工作繁忙希望提前冷冻精液，B.放疗前需保存精子的癌症患者，C.为子女储备精子的60岁健康男性，D.取精困难的试管婴儿技术需求者，E.未婚男性为保持生育能力提前保存精子
【思考过程】：",BD,Qwen3-235B-A22B,"【思考过程】：自精保存的基本条件通常包括：存在明确的生育需求，或面临可能丧失生育能力的风险（如癌症治疗）、辅助生殖技术需求（如取精困难）、暂时无法自然受孕但需保存生育能力的情形。A选项（已婚男性因工作繁忙保存精子）和E选项（未婚男性为保持生育能力保存精子）均属于为未来生育需求而保存的情况，符合自精保存的目的。B选项（癌症患者放疗前保存精子）是典型适应症，因治疗可能导致不育。D选项（试管婴儿取精困难者）属于辅助生殖技术中的实际需求。C选项（60岁男性为子女储备精子）因年龄过高可能存在伦理或机构年龄限制（通常限制在50岁以下），故不符合基本条件。

【最终答案】：ABDE",客观题,ABDE
辅助生殖,"你是一个严格按照要求答题的医学考试考生。请你先展示出完整的思考过程，然后再输出最终答案。每道题目有至少两个选项（A、B）至多五个选项（A、B、C、D、E），题目为不定项选择题，请按照以下格式作答：

【思考过程】：...

【最终答案】：AB / BCE / CD / DE / E / ...（只输出选项的编号，不要写选项内容）

示例：
题目：医疗伦理中四大基本原则是？
A.尊重自主权
B.善意行为
C.无害原则
D.公正原则
E.以上都不是
【思考过程】：本题考查医学伦理的四大基本原则，包括尊重自主权、不伤害原则、行善原则、公正原则。

【最终答案】：ABCD

题目：人类精子库可以向以下哪类机构合法提供精液？
A.取得省级卫生部门辅助生殖技术备案的私立医院
B.具有国际生殖医学认证的公立机构
C.取得卫生部人类辅助生殖技术批准证书的生殖中心
D.持有三年有效期的生育健康执业许可的诊所
E.未取得任何批准证书的研究院所
【思考过程】：",C,Qwen3-235B-A22B,"【思考过程】：根据《人类精子库管理办法》及《人类辅助生殖技术管理办法》，精子库只能向取得卫生行政部门颁发的“人类辅助生殖技术批准证书”的机构提供精液。选项C明确提到“取得卫生部（现卫健委）人类辅助生殖技术批准证书的生殖中心”，符合法规要求。其他选项中，A的“备案”不等于批准证书，B的国际认证无法律效力，D的“执业许可”非专项批准，E无资质，因此均不符合。

【最终答案】：C",客观题,C
辅助生殖,"你是一个严格按照要求答题的医学考试考生。请你先展示出完整的思考过程，然后再输出最终答案。每道题目有至少两个选项（A、B）至多五个选项（A、B、C、D、E），题目为不定项选择题，请按照以下格式作答：

【思考过程】：...

【最终答案】：AB / BCE / CD / DE / E / ...（只输出选项的编号，不要写选项内容）

示例：
题目：医疗伦理中四大基本原则是？
A.尊重自主权
B.善意行为
C.无害原则
D.公正原则
E.以上都不是
【思考过程】：本题考查医学伦理的四大基本原则，包括尊重自主权、不伤害原则、行善原则、公正原则。

【最终答案】：ABCD

题目：人类精子库在哪些情况下可以合法提供精液？
A.未经检验但家属签署免责协议的精液
B.检验不合格但捐赠者自愿提供的精液
C.已完成检验且质量合格的精液
D.经过初步检验但未完成最终报告的精液
E.检验合格但保存时间超过规定期限的精液
【思考过程】：",C,Qwen3-235B-A22B,"【思考过程】：本题考查人类精子库提供精液的合法性条件。根据相关法规，精子库提供的精液必须完成全部检验且合格（选项C）。未经检验（A）、检验不合格（B）、未完成最终检验（D）或超过保存期限的精液（E）均不符合法定要求。虽然E的精液曾检验合格，但超过规定保存期限后其安全性无法保障，法律禁止使用。

【最终答案】：C",客观题,C
辅助生殖,"你是一个严格按照要求答题的医学考试考生。请你先展示出完整的思考过程，然后再输出最终答案。每道题目有至少两个选项（A、B）至多五个选项（A、B、C、D、E），题目为不定项选择题，请按照以下格式作答：

【思考过程】：...

【最终答案】：AB / BCE / CD / DE / E / ...（只输出选项的编号，不要写选项内容）

示例：
题目：医疗伦理中四大基本原则是？
A.尊重自主权
B.善意行为
C.无害原则
D.公正原则
E.以上都不是
【思考过程】：本题考查医学伦理的四大基本原则，包括尊重自主权、不伤害原则、行善原则、公正原则。

【最终答案】：ABCD

题目：根据我国相关规定，提供供精人工授精的精液必须满足哪些条件？
A.精液冷冻保存3个月后直接使用
B.新鲜精液经实时检测合格后使用
C.精液冷冻保存达半年但未进行复检
D.精液冷冻保存满半年且复检合格
E.精液冷冻保存5个月后复检替代检疫期
【思考过程】：",D,Qwen3-235B-A22B,"【思考过程】：根据中国相关规定，供精人工授精的精液需冷冻保存满半年并进行复检合格后方可使用。选项D符合这一要求，而其他选项或未达到保存时间（如A、E），或未进行复检（如C），或使用新鲜精液（如B），均不符合规定。

【最终答案】：D",客观题,D
辅助生殖,"你是一个严格按照要求答题的医学考试考生。请你先展示出完整的思考过程，然后再输出最终答案。每道题目有至少两个选项（A、B）至多五个选项（A、B、C、D、E），题目为不定项选择题，请按照以下格式作答：

【思考过程】：...

【最终答案】：AB / BCE / CD / DE / E / ...（只输出选项的编号，不要写选项内容）

示例：
题目：医疗伦理中四大基本原则是？
A.尊重自主权
B.善意行为
C.无害原则
D.公正原则
E.以上都不是
【思考过程】：本题考查医学伦理的四大基本原则，包括尊重自主权、不伤害原则、行善原则、公正原则。

【最终答案】：ABCD

题目：在辅助生殖技术中，以下哪种情况允许人类精子库实施精子分离技术？
A.为帮助患者生育双胞胎并确保性别一致
B.为预防性连锁遗传病传递给子代
C.为提高子女特定外貌特征的概率
D.为满足夫妇对子女性别偏好的家庭需求
【思考过程】：",B,Qwen3-235B-A22B,"【思考过程】：根据辅助生殖技术的相关法规，精子分离技术的应用必须严格限制于医学目的。选项B涉及预防性连锁遗传病，属于医学必要情况，符合伦理和法规允许范围。选项A、C、D均涉及非医学目的（双胞胎性别一致、外貌特征、性别偏好），不符合规范。因此仅B正确。

【最终答案】：B",客观题,B
辅助生殖,"你是一个严格按照要求答题的医学考试考生。请你先展示出完整的思考过程，然后再输出最终答案。每道题目有至少两个选项（A、B）至多五个选项（A、B、C、D、E），题目为不定项选择题，请按照以下格式作答：

【思考过程】：...

【最终答案】：AB / BCE / CD / DE / E / ...（只输出选项的编号，不要写选项内容）

示例：
题目：医疗伦理中四大基本原则是？
A.尊重自主权
B.善意行为
C.无害原则
D.公正原则
E.以上都不是
【思考过程】：本题考查医学伦理的四大基本原则，包括尊重自主权、不伤害原则、行善原则、公正原则。

【最终答案】：ABCD

题目：以下表述是否正确：人类精子库在获得伦理委员会批准后，可以将两位供体的精液混合用于辅助生殖。
A.正确
B.错误
【思考过程】：",B,Qwen3-235B-A22B,"【思考过程】：本题考查辅助生殖技术中供体精液使用的伦理和法律规定。根据《人类辅助生殖技术管理办法》及伦理规范，每个辅助生殖周期应使用单一供体的精液，禁止混合多个供体样本，以避免遗传风险、亲子关系混淆及伦理争议。即使获得伦理委员会批准，仍需遵守国家法规，因此该做法不正确。

【最终答案】：B",客观题,B
辅助生殖,"你是一个严格按照要求答题的医学考试考生。请你先展示出完整的思考过程，然后再输出最终答案。每道题目有至少两个选项（A、B）至多五个选项（A、B、C、D、E），题目为不定项选择题，请按照以下格式作答：

【思考过程】：...

【最终答案】：AB / BCE / CD / DE / E / ...（只输出选项的编号，不要写选项内容）

示例：
题目：医疗伦理中四大基本原则是？
A.尊重自主权
B.善意行为
C.无害原则
D.公正原则
E.以上都不是
【思考过程】：本题考查医学伦理的四大基本原则，包括尊重自主权、不伤害原则、行善原则、公正原则。

【最终答案】：ABCD

题目：以下哪种行为可能违反人类精子库的伦理规范？
A.采集一名未签署知情同意书的志愿者精液用于医学研究
B.在供精者临时无法签字时由家属代为签署知情同意书后进行采集
C.因紧急医疗需求使用未签署知情同意书的冷冻精液样本
D.使用三年前已签署知情同意书但未更新签署状态的库存精液
【思考过程】：",ABCD,Qwen3-235B-A22B,"【思考过程】：本题考查人类精子库伦理规范中的知情同意要求。知情同意是医学伦理的核心原则之一，涉及样本的采集、保存和使用均需供者的明确同意。  
A选项未签署知情同意书即采集样本，直接违反伦理原则；  
B选项中家属代签仅在供精者无行为能力时有效，临时无法签字仍需本人签署，否则违规；  
C选项在未获得知情同意的情况下使用样本，即使紧急医疗需求，若未提前获得同意仍属违规；  
D选项若原知情同意书未过期或未被撤销，则使用符合伦理规范，因此不构成违规。

【最终答案】：ABC",客观题,ABC
辅助生殖,"你是一个严格按照要求答题的医学考试考生。请你先展示出完整的思考过程，然后再输出最终答案。每道题目有至少两个选项（A、B）至多五个选项（A、B、C、D、E），题目为不定项选择题，请按照以下格式作答：

【思考过程】：...

【最终答案】：AB / BCE / CD / DE / E / ...（只输出选项的编号，不要写选项内容）

示例：
题目：医疗伦理中四大基本原则是？
A.尊重自主权
B.善意行为
C.无害原则
D.公正原则
E.以上都不是
【思考过程】：本题考查医学伦理的四大基本原则，包括尊重自主权、不伤害原则、行善原则、公正原则。

【最终答案】：ABCD

题目：以下表述是否正确：人类精子库工作人员年满22岁的儿子自愿签署知情同意书后，可作为供精者。
A.正确
B.错误
【思考过程】：",B,Qwen3-235B-A22B,"【思考过程】：根据中国相关法规，供精者需满足年龄、健康等条件，且明确禁止与精子库工作人员存在亲属关系。尽管题目中儿子年满22岁且自愿签署同意书，但其与工作人员的亲属关系违反伦理规范，故不可作为供精者。

【最终答案】：B",客观题,B
辅助生殖,"你是一个严格按照要求答题的医学考试考生。请你先展示出完整的思考过程，然后再输出最终答案。每道题目有至少两个选项（A、B）至多五个选项（A、B、C、D、E），题目为不定项选择题，请按照以下格式作答：

【思考过程】：...

【最终答案】：AB / BCE / CD / DE / E / ...（只输出选项的编号，不要写选项内容）

示例：
题目：医疗伦理中四大基本原则是？
A.尊重自主权
B.善意行为
C.无害原则
D.公正原则
E.以上都不是
【思考过程】：本题考查医学伦理的四大基本原则，包括尊重自主权、不伤害原则、行善原则、公正原则。

【最终答案】：ABCD

题目：以下哪种行为违反了人类精子库相关管理规定？
A.人类精子库所在科室同时开展试管婴儿技术
B.人类精子库专职人员协助生殖中心实施体外受精
C.生殖医学科专职人员进行人工授精操作
D.人类精子库与第三方机构共享供精者基本信息
【思考过程】：",ABD,Qwen3-235B-A22B,"【思考过程】：根据《人类精子库管理办法》及《人类辅助生殖技术管理办法》，人类精子库应独立设置，不得与试管婴儿技术同属一个科室（A违规）。精子库专职人员不得参与辅助生殖技术操作，如体外受精（B违规）。生殖医学科专职人员进行人工授精属于常规职责（C不违规）。供精者信息需严格保密，不得与第三方共享（D违规）。

【最终答案】：ABD",客观题,ABD
辅助生殖,"你是一个严格按照要求答题的医学考试考生。请你先展示出完整的思考过程，然后再输出最终答案。每道题目有至少两个选项（A、B）至多五个选项（A、B、C、D、E），题目为不定项选择题，请按照以下格式作答：

【思考过程】：...

【最终答案】：AB / BCE / CD / DE / E / ...（只输出选项的编号，不要写选项内容）

示例：
题目：医疗伦理中四大基本原则是？
A.尊重自主权
B.善意行为
C.无害原则
D.公正原则
E.以上都不是
【思考过程】：本题考查医学伦理的四大基本原则，包括尊重自主权、不伤害原则、行善原则、公正原则。

【最终答案】：ABCD

题目：下列哪几项是供精者在辅助生殖技术应用中必须满足的法定要求？
A.年龄在20-45周岁之间
B.真实提供本人及家族成员一般病史
C.年龄在22-45周岁之间
D.按要求提供遗传病史说明文件
E.回答医师提出的其他相关问题并提供精液标本
【思考过程】：",BCDE,Qwen3-235B-A22B,"【思考过程】：根据《人类精子库管理办法》及技术规范，供精者需满足以下法定要求：年龄范围为22-45周岁（排除A，选C）；需真实提供本人及家族病史（B正确）；必须提供遗传病史说明文件（D正确）；需回答医师问题并提供精液标本（E正确）。选项C、B、D、E均符合规定，而A的年龄范围错误。

【最终答案】：BCDE",客观题,BCDE
辅助生殖,"你是一个严格按照要求答题的医学考试考生。请你先展示出完整的思考过程，然后再输出最终答案。每道题目有至少两个选项（A、B）至多五个选项（A、B、C、D、E），题目为不定项选择题，请按照以下格式作答：

【思考过程】：...

【最终答案】：AB / BCE / CD / DE / E / ...（只输出选项的编号，不要写选项内容）

示例：
题目：医疗伦理中四大基本原则是？
A.尊重自主权
B.善意行为
C.无害原则
D.公正原则
E.以上都不是
【思考过程】：本题考查医学伦理的四大基本原则，包括尊重自主权、不伤害原则、行善原则、公正原则。

【最终答案】：ABCD

题目：每位供精者的冷冻精液最多可使多少名妇女受孕？
A.3名
B.4名
C.5名
D.6名
E.8名
【思考过程】：",C,Qwen3-235B-A22B,"【思考过程】：本题考查辅助生殖技术中关于供精者冷冻精液使用次数的限制。根据中国《人类辅助生殖技术管理办法》及《人类精子库基本标准和技术规范》，每位供精者的冷冻精液最多只能用于使5名妇女受孕，以避免遗传风险和伦理问题。因此，正确答案为C选项。

【最终答案】：C",客观题,C
辅助生殖,"你是一个严格按照要求答题的医学考试考生。请你先展示出完整的思考过程，然后再输出最终答案。每道题目有至少两个选项（A、B）至多五个选项（A、B、C、D、E），题目为不定项选择题，请按照以下格式作答：

【思考过程】：...

【最终答案】：AB / BCE / CD / DE / E / ...（只输出选项的编号，不要写选项内容）

示例：
题目：医疗伦理中四大基本原则是？
A.尊重自主权
B.善意行为
C.无害原则
D.公正原则
E.以上都不是
【思考过程】：本题考查医学伦理的四大基本原则，包括尊重自主权、不伤害原则、行善原则、公正原则。

【最终答案】：ABCD

题目：以下表述是否正确：医疗机构在实施辅助生殖技术时，只要夫妻双方自愿且符合医学指征，即使未满足当地计划生育政策要求也可开展。
A.正确
B.错误
【思考过程】：",B,Qwen3-235B-A22B,"【思考过程】：根据《人类辅助生殖技术管理办法》及《中华人民共和国人口与计划生育法》，医疗机构实施辅助生殖技术需同时满足医学指征、夫妻双方自愿以及符合国家和地方计划生育政策的要求。即使存在医学指征和夫妻同意，若不符合计划生育政策（如生育数量限制、生育间隔等），医疗机构仍不可开展相关技术。因此题目中“未满足计划生育政策要求也可开展”的表述违反法规。

【最终答案】：B",客观题,B
辅助生殖,"你是一个严格按照要求答题的医学考试考生。请你先展示出完整的思考过程，然后再输出最终答案。每道题目有至少两个选项（A、B）至多五个选项（A、B、C、D、E），题目为不定项选择题，请按照以下格式作答：

【思考过程】：...

【最终答案】：AB / BCE / CD / DE / E / ...（只输出选项的编号，不要写选项内容）

示例：
题目：医疗伦理中四大基本原则是？
A.尊重自主权
B.善意行为
C.无害原则
D.公正原则
E.以上都不是
【思考过程】：本题考查医学伦理的四大基本原则，包括尊重自主权、不伤害原则、行善原则、公正原则。

【最终答案】：ABCD

题目：在辅助生殖治疗中，以下哪些行为违反了医学伦理的自愿原则？
A.要求夫妇在签署同意书时立即决定，否则将失去治疗机会
B.提供详细治疗流程和可能风险后，由夫妇讨论决定
C.若患者不同意治疗，医生暗示可能影响其医保报销
D.隐瞒部分风险以提高患者接受治疗的意愿
E.赠送药物优惠券以鼓励患者选择某种方案
【思考过程】：",ACDE,Qwen3-235B-A22B,"【思考过程】：自愿原则要求患者在充分知情、无强迫或不当压力下自主决定。选项A通过威胁治疗机会剥夺决策时间，违反自愿原则。选项C利用医保报销进行暗示威胁，构成胁迫。选项D隐瞒风险导致知情不全，损害自主决策。选项B符合知情同意要求，选项E属于中立激励且未强制，不违反原则。

【最终答案】：ACD",客观题,ACD
辅助生殖,"你是一个严格按照要求答题的医学考试考生。请你先展示出完整的思考过程，然后再输出最终答案。每道题目有至少两个选项（A、B）至多五个选项（A、B、C、D、E），题目为不定项选择题，请按照以下格式作答：

【思考过程】：...

【最终答案】：AB / BCE / CD / DE / E / ...（只输出选项的编号，不要写选项内容）

示例：
题目：医疗伦理中四大基本原则是？
A.尊重自主权
B.善意行为
C.无害原则
D.公正原则
E.以上都不是
【思考过程】：本题考查医学伦理的四大基本原则，包括尊重自主权、不伤害原则、行善原则、公正原则。

【最终答案】：ABCD

题目：在辅助生殖治疗中，以下哪些行为可能构成对患者隐私权的侵犯？
A.将患者的完整治疗记录匿名化后用于医学研究
B.未经患者书面同意将其不孕病史作为案例在公开会议上讨论
C.医务人员因个人关系向配偶透露某位患者的胚胎冷冻情况
D.未加密存储患者生殖健康信息导致被内部其他部门员工随意查阅
【思考过程】：",BCD,Qwen3-235B-A22B,"【思考过程】：选项A中匿名化处理后用于研究通常不侵犯隐私权。选项B未获书面同意公开讨论患者病史侵犯隐私权。选项C未经授权向配偶透露胚胎信息构成侵权。选项D未加密存储导致信息泄露属于隐私权侵犯。

【最终答案】：BCD",客观题,BCD
辅助生殖,"你是一个严格按照要求答题的医学考试考生。请你先展示出完整的思考过程，然后再输出最终答案。每道题目有至少两个选项（A、B）至多五个选项（A、B、C、D、E），题目为不定项选择题，请按照以下格式作答：

【思考过程】：...

【最终答案】：AB / BCE / CD / DE / E / ...（只输出选项的编号，不要写选项内容）

示例：
题目：医疗伦理中四大基本原则是？
A.尊重自主权
B.善意行为
C.无害原则
D.公正原则
E.以上都不是
【思考过程】：本题考查医学伦理的四大基本原则，包括尊重自主权、不伤害原则、行善原则、公正原则。

【最终答案】：ABCD

题目：在辅助生殖技术应用中，以下哪种情形可以合法进行胎儿性别选择？
A.夫妻双方希望生育男孩以延续家族传统
B.预防性连锁隐性遗传病发生
C.已有两名同性子女的家庭希望生育异性子女
D.宗教原因要求特定性别
E.医学诊断显示与性别无关的发育异常需干预
【思考过程】：",B,Qwen3-235B-A22B,"【思考过程】：我国法律规定，辅助生殖技术中仅允许基于医学需要的胎儿性别选择，如预防性连锁遗传病。选项B符合该情形。选项A、C、D均为非医学原因，选项E的发育异常与性别无关，不构成医学指征。

【最终答案】：B",客观题,B
辅助生殖,"你是一个严格按照要求答题的医学考试考生。请你先展示出完整的思考过程，然后再输出最终答案。每道题目有至少两个选项（A、B）至多五个选项（A、B、C、D、E），题目为不定项选择题，请按照以下格式作答：

【思考过程】：...

【最终答案】：AB / BCE / CD / DE / E / ...（只输出选项的编号，不要写选项内容）

示例：
题目：医疗伦理中四大基本原则是？
A.尊重自主权
B.善意行为
C.无害原则
D.公正原则
E.以上都不是
【思考过程】：本题考查医学伦理的四大基本原则，包括尊重自主权、不伤害原则、行善原则、公正原则。

【最终答案】：ABCD

题目：以下表述是否正确：经医疗机构伦理委员会审批同意后，可为患有严重子宫疾病的夫妇实施代孕技术。
A.正确
B.错误
【思考过程】：",B,Qwen3-235B-A22B,"【思考过程】：中国现行法规明确禁止代孕技术，无论是否存在医学指征。即使经伦理委员会审批，医疗机构仍不得实施代孕。题目中“严重子宫疾病”虽为医学适应症，但法律未开禁代孕，故表述错误。

【最终答案】：B",客观题,B
辅助生殖,"你是一个严格按照要求答题的医学考试考生。请你先展示出完整的思考过程，然后再输出最终答案。每道题目有至少两个选项（A、B）至多五个选项（A、B、C、D、E），题目为不定项选择题，请按照以下格式作答：

【思考过程】：...

【最终答案】：AB / BCE / CD / DE / E / ...（只输出选项的编号，不要写选项内容）

示例：
题目：医疗伦理中四大基本原则是？
A.尊重自主权
B.善意行为
C.无害原则
D.公正原则
E.以上都不是
【思考过程】：本题考查医学伦理的四大基本原则，包括尊重自主权、不伤害原则、行善原则、公正原则。

【最终答案】：ABCD

题目：以下行为是否合法：某夫妇在完成试管婴儿手术后，出于善意，主动将剩余的胚胎赠送给另一对不孕夫妇？
A.合法，B.不合法
【思考过程】：",B,Qwen3-235B-A22B,"【思考过程】：根据《人类辅助生殖技术管理办法》，胚胎的处置需通过合法程序，禁止买卖或私自转让。剩余胚胎的捐赠需经医疗机构审核并符合规定流程，若夫妇自行私下赠送，即使出于善意，仍违反相关法规，属于不合法行为。

【最终答案】：B",客观题,B
辅助生殖,"你是一个严格按照要求答题的医学考试考生。请你先展示出完整的思考过程，然后再输出最终答案。每道题目有至少两个选项（A、B）至多五个选项（A、B、C、D、E），题目为不定项选择题，请按照以下格式作答：

【思考过程】：...

【最终答案】：AB / BCE / CD / DE / E / ...（只输出选项的编号，不要写选项内容）

示例：
题目：医疗伦理中四大基本原则是？
A.尊重自主权
B.善意行为
C.无害原则
D.公正原则
E.以上都不是
【思考过程】：本题考查医学伦理的四大基本原则，包括尊重自主权、不伤害原则、行善原则、公正原则。

【最终答案】：ABCD

题目：以下哪些操作被明确禁止？
A.人类与同种配子的体外结合
B.人类体内移植猴子合子
C.在狒狒体内培育人类胚胎
D.异种体内移植人类肝脏干细胞
E.马卵子与人类精子的人工融合
【思考过程】：",BCE,Qwen3-235B-A22B,"【思考过程】：本题考查对人类胚胎相关操作的禁止规定。根据我国《人类辅助生殖技术管理办法》及伦理准则，禁止的操作包括：1）人配子与异种配子结合（如E项马卵子与人精子）；2）人胚胎或合子植入异种动物体内（如B项猴子合子植入人体、C项人类胚胎植入狒狒体内）；3）异种胚胎与人胚胎结合。而A项“人类与同种配子的体外结合”即常规试管婴儿技术，属于合法操作；D项“异种体内移植人类肝脏干细胞”涉及体细胞但非生殖细胞操作，通常不被明确禁止。因此，B、C、E项均属被明确禁止的操作。

【最终答案】：BCE",客观题,BCE
辅助生殖,"你是一个严格按照要求答题的医学考试考生。请你先展示出完整的思考过程，然后再输出最终答案。每道题目有至少两个选项（A、B）至多五个选项（A、B、C、D、E），题目为不定项选择题，请按照以下格式作答：

【思考过程】：...

【最终答案】：AB / BCE / CD / DE / E / ...（只输出选项的编号，不要写选项内容）

示例：
题目：医疗伦理中四大基本原则是？
A.尊重自主权
B.善意行为
C.无害原则
D.公正原则
E.以上都不是
【思考过程】：本题考查医学伦理的四大基本原则，包括尊重自主权、不伤害原则、行善原则、公正原则。

【最终答案】：ABCD

题目：在辅助生殖技术中，以下哪些供精者与供卵者的组合被明确禁止？
A.表姐弟间
B.亲兄妹间
C.无血缘关系的夫妻间
D.堂姐与堂弟间
E.三代以内旁系血亲间
【思考过程】：",ABDE,Qwen3-235B-A22B,"【思考过程】：本题考查辅助生殖技术中供精者与供卵者的禁止性规定。根据《人类辅助生殖技术管理办法》及伦理准则，禁止直系血亲和三代以内旁系血亲间进行辅助生殖。亲兄妹（B）属于二代旁系血亲，堂姐与堂弟（D）属于三代旁系血亲，均在禁止范围内。选项E（三代以内旁系血亲间）为概括性描述，涵盖B和D的具体情况。表姐弟（A）属于四代旁系血亲，无血缘关系的夫妻间（C）不违反规定。因此，正确选项为B、D、E。

【最终答案】：BDE",客观题,BDE
辅助生殖,"你是一个严格按照要求答题的医学考试考生。请你先展示出完整的思考过程，然后再输出最终答案。每道题目有至少两个选项（A、B）至多五个选项（A、B、C、D、E），题目为不定项选择题，请按照以下格式作答：

【思考过程】：...

【最终答案】：AB / BCE / CD / DE / E / ...（只输出选项的编号，不要写选项内容）

示例：
题目：医疗伦理中四大基本原则是？
A.尊重自主权
B.善意行为
C.无害原则
D.公正原则
E.以上都不是
【思考过程】：本题考查医学伦理的四大基本原则，包括尊重自主权、不伤害原则、行善原则、公正原则。

【最终答案】：ABCD

题目：在同一治疗周期中，配子和合子的来源应满足以下哪项条件？
A.可来自不同男性和同一女性
B.可来自同一男性和不同女性
C.可混合使用多个男性的配子
D.必须来自同一男性和同一女性
E.可以使用之前周期保存的配子
【思考过程】：",D,Qwen3-235B-A22B,"【思考过程】：根据辅助生殖技术的伦理规范，同一治疗周期中配子和合子的来源需确保遗传信息明确且符合夫妇双方的知情同意。配子必须来自同一对夫妇（同一男性和同一女性），以避免第三方介入及伦理争议。选项D明确要求同一对夫妇的配子，符合规范；其他选项（如使用不同来源的配子或保存的配子）均不符合该条件。

【最终答案】：D",客观题,D
辅助生殖,"你是一个严格按照要求答题的医学考试考生。请你先展示出完整的思考过程，然后再输出最终答案。每道题目有至少两个选项（A、B）至多五个选项（A、B、C、D、E），题目为不定项选择题，请按照以下格式作答：

【思考过程】：...

【最终答案】：AB / BCE / CD / DE / E / ...（只输出选项的编号，不要写选项内容）

示例：
题目：医疗伦理中四大基本原则是？
A.尊重自主权
B.善意行为
C.无害原则
D.公正原则
E.以上都不是
【思考过程】：本题考查医学伦理的四大基本原则，包括尊重自主权、不伤害原则、行善原则、公正原则。

【最终答案】：ABCD

题目：根据我国相关规定，以下哪种情况禁止实施人类辅助生殖技术？
A.符合计划生育政策但未持有结婚证的夫妇
B.因健康问题无法自然生育的已婚配偶
C.未履行生育审批程序的再婚夫妇
D.32周岁未签署放弃生育声明的单身女性
E.已完成生育登记的同性伴侣
【思考过程】：",ACDE,Qwen3-235B-A22B,"【思考过程】：根据我国《人类辅助生殖技术管理办法》及《人类辅助生殖技术规范》，实施辅助生殖技术需以合法婚姻关系为前提，且需符合计划生育政策。具体分析如下：
A项：未持有结婚证的夫妇即使符合计划生育政策，因缺乏合法婚姻关系，明确禁止实施辅助生殖技术。
B项：已婚配偶因健康问题无法自然生育属于辅助生殖技术的适用范围，不属于禁止情形。
C项：再婚夫妇未履行生育审批程序违反计划生育政策要求，属于禁止情形。
D项：单身女性（无论年龄）无合法配偶，不符合辅助生殖技术实施条件，属于禁止情形。
E项：同性伴侣不符合我国婚姻法对异性婚姻的要求，属于禁止情形。

【最终答案】：ACDE",客观题,ACDE
辅助生殖,"你是一个严格按照要求答题的医学考试考生。请你先展示出完整的思考过程，然后再输出最终答案。每道题目有至少两个选项（A、B）至多五个选项（A、B、C、D、E），题目为不定项选择题，请按照以下格式作答：

【思考过程】：...

【最终答案】：AB / BCE / CD / DE / E / ...（只输出选项的编号，不要写选项内容）

示例：
题目：医疗伦理中四大基本原则是？
A.尊重自主权
B.善意行为
C.无害原则
D.公正原则
E.以上都不是
【思考过程】：本题考查医学伦理的四大基本原则，包括尊重自主权、不伤害原则、行善原则、公正原则。

【最终答案】：ABCD

题目：以下表述是否正确：某科研机构在获得国家卫健委审批后，可以开展人类嵌合体胚胎试验研究用于治疗血液病？
A.正确
B.错误
【思考过程】：",B,Qwen3-235B-A22B,"【思考过程】：本题考查中国关于人类嵌合体胚胎试验的法规。根据《人类遗传资源管理条例》及生物医学伦理原则，人类嵌合体胚胎研究（如人兽混合胚胎）涉及重大伦理争议，通常被严格禁止。即使获得国家卫健委审批，此类研究仍需符合伦理规范。中国现行法规未明确允许人嵌合体胚胎用于治疗血液病的试验，且国际通行准则亦反对可能破坏人类尊严的研究。因此，题目表述不正确。

【最终答案】：B",客观题,B
辅助生殖,"你是一个严格按照要求答题的医学考试考生。请你先展示出完整的思考过程，然后再输出最终答案。每道题目有至少两个选项（A、B）至多五个选项（A、B、C、D、E），题目为不定项选择题，请按照以下格式作答：

【思考过程】：...

【最终答案】：AB / BCE / CD / DE / E / ...（只输出选项的编号，不要写选项内容）

示例：
题目：医疗伦理中四大基本原则是？
A.尊重自主权
B.善意行为
C.无害原则
D.公正原则
E.以上都不是
【思考过程】：本题考查医学伦理的四大基本原则，包括尊重自主权、不伤害原则、行善原则、公正原则。

【最终答案】：ABCD

题目：根据现行法律法规，以下哪一行为被明确禁止？
A.使用体外受精技术帮助不孕夫妇生育
B.为提高妊娠率对胚胎进行基因编辑
C.通过体细胞核移植技术制造基因完全相同的婴儿
D.在患者自愿前提下实施代孕技术
【思考过程】：",BCD,Qwen3-235B-A22B,"【思考过程】：本题考查中国现行法律对辅助生殖技术的禁止性规定。选项C涉及克隆人技术（体细胞核移植），中国法律明确禁止生殖性克隆；选项D中的代孕技术已被《民法典》及《人类辅助生殖技术管理办法》明令禁止。选项B中对胚胎进行基因编辑用于提高妊娠率，若属于生殖目的的基因编辑，根据《人类遗传资源管理条例》及伦理原则，属于被禁止行为。而选项A的体外受精技术是合法的辅助生殖手段。

【最终答案】：BCD",客观题,BCD
辅助生殖,"你是一个严格按照要求答题的医学考试考生。请你先展示出完整的思考过程，然后再输出最终答案。每道题目有至少两个选项（A、B）至多五个选项（A、B、C、D、E），题目为不定项选择题，请按照以下格式作答：

【思考过程】：...

【最终答案】：AB / BCE / CD / DE / E / ...（只输出选项的编号，不要写选项内容）

示例：
题目：医疗伦理中四大基本原则是？
A.尊重自主权
B.善意行为
C.无害原则
D.公正原则
E.以上都不是
【思考过程】：本题考查医学伦理的四大基本原则，包括尊重自主权、不伤害原则、行善原则、公正原则。

【最终答案】：ABCD

题目：在辅助生殖治疗中，医务人员的义务包括以下哪些内容？
A.告知患者所有可选治疗手段的利弊及风险
B.根据患者的经济状况推荐治疗方案
C.在患者知情后提出最有利于患者的方案
D.仅提供医学指征明确的最佳治疗方案
E.考虑患者的心理及社会因素
【思考过程】：",ACE,Qwen3-235B-A22B,"【思考过程】：医务人员在辅助生殖治疗中的义务应包括：全面告知患者治疗方案的利弊风险（A），在知情同意基础上推荐最合适的方案（C），并综合考虑患者的心理和社会因素（E）。B选项将经济状况作为推荐依据不符合医学伦理，D选项“仅”医学指征过于绝对化，未体现个体化医疗原则。

【最终答案】：ACE",客观题,ACE
辅助生殖,"你是一个严格按照要求答题的医学考试考生。请你先展示出完整的思考过程，然后再输出最终答案。每道题目有至少两个选项（A、B）至多五个选项（A、B、C、D、E），题目为不定项选择题，请按照以下格式作答：

【思考过程】：...

【最终答案】：AB / BCE / CD / DE / E / ...（只输出选项的编号，不要写选项内容）

示例：
题目：医疗伦理中四大基本原则是？
A.尊重自主权
B.善意行为
C.无害原则
D.公正原则
E.以上都不是
【思考过程】：本题考查医学伦理的四大基本原则，包括尊重自主权、不伤害原则、行善原则、公正原则。

【最终答案】：ABCD

题目：在进行促排卵治疗时，以下哪些目的是被明确禁止的？
A.为了提高受孕几率而增加排卵数量
B.为商业利益出售卵子
C.治疗患者的不孕症
D.帮助患者怀上双胞胎
E.自愿捐赠卵子给亲属使用
【思考过程】：",BD,Qwen3-235B-A22B,"【思考过程】：本题考查促排卵治疗的伦理和法规限制。根据中国《人类辅助生殖技术管理办法》及相关伦理原则：  
1. **选项A**：通过增加排卵数量提高受孕几率是促排卵治疗的常规医疗目的，符合规范。  
2. **选项B**：以商业利益出售卵子涉及买卖配子，明确被法规禁止。  
3. **选项C**：治疗不孕症是促排卵的适应症，属于合理医疗行为。  
4. **选项D**：主动帮助患者怀双胞胎可能增加多胎妊娠风险，且不符合“单胎妊娠优先”的医疗伦理，属于被禁止的非医疗必要性干预。  
5. **选项E**：自愿捐赠卵子符合伦理和法规要求，前提是遵循非商业原则。  

【最终答案】：BD",客观题,BD
辅助生殖,"你是一个严格按照要求答题的医学考试考生。请你先展示出完整的思考过程，然后再输出最终答案。每道题目有至少两个选项（A、B）至多五个选项（A、B、C、D、E），题目为不定项选择题，请按照以下格式作答：

【思考过程】：...

【最终答案】：AB / BCE / CD / DE / E / ...（只输出选项的编号，不要写选项内容）

示例：
题目：医疗伦理中四大基本原则是？
A.尊重自主权
B.善意行为
C.无害原则
D.公正原则
E.以上都不是
【思考过程】：本题考查医学伦理的四大基本原则，包括尊重自主权、不伤害原则、行善原则、公正原则。

【最终答案】：ABCD

题目：某辅助生殖技术服务机构在配子处理过程中，需要履行哪些法定义务？
A.为捐献者制定胚胎处理方案
B.建立不育夫妇处置配子的专属档案
C.保留医师口头确认的处置意见
D.要求不育夫妇双方签署知情同意书
E.授权胚胎实验室全权决定冷冻方案
【思考过程】：",BD,Qwen3-235B-A22B,"【思考过程】：根据《人类辅助生殖技术管理办法》及相关法规，辅助生殖机构在处理配子时需履行多项义务。首先，必须要求不育夫妇双方签署知情同意书（D），以确保其对治疗方案的充分知情和自愿选择。其次，机构需建立专属档案以记录配子处置过程（B），这是规范管理和追踪的必要措施。选项E（实验室全权决定冷冻方案）违反患者自主权原则，不符合法规要求。选项C（保留口头确认意见）因缺乏书面记录的法律效力，通常不被认可。选项A（为捐献者制定胚胎处理方案）未明确体现为法定义务，且题干强调“不育夫妇处置配子”的场景，捐献者与患者自身配子处理义务存在区别。因此，正确选项为B和D。

【最终答案】：BD",客观题,BD
辅助生殖,"你是一个严格按照要求答题的医学考试考生。请你先展示出完整的思考过程，然后再输出最终答案。每道题目有至少两个选项（A、B）至多五个选项（A、B、C、D、E），题目为不定项选择题，请按照以下格式作答：

【思考过程】：...

【最终答案】：AB / BCE / CD / DE / E / ...（只输出选项的编号，不要写选项内容）

示例：
题目：医疗伦理中四大基本原则是？
A.尊重自主权
B.善意行为
C.无害原则
D.公正原则
E.以上都不是
【思考过程】：本题考查医学伦理的四大基本原则，包括尊重自主权、不伤害原则、行善原则、公正原则。

【最终答案】：ABCD

题目：在辅助生殖技术中，以下哪种行为违反伦理规定？
A.未经患者同意将胚胎用于科研分析
B.在患者不知情时使用其配子进行病理学研究
C.患者授权后销毁多余胚胎
D.私下将受精卵转让给其他不孕夫妇
E.根据捐赠协议使用冷冻精子
【思考过程】：",ABD,Qwen3-235B-A22B,"【思考过程】：本题考查辅助生殖技术中的伦理规范。伦理规定强调知情同意和尊重患者自主权。A选项未经同意使用胚胎科研，违反知情同意原则；B选项未告知患者使用其配子研究，同样违反知情同意；D选项私下转让受精卵可能绕过法律程序和双方同意，属于违规。C选项患者授权销毁胚胎符合自主权；E选项依据捐赠协议使用冷冻精子是合法合规的。

【最终答案】：ABD",客观题,ABD
辅助生殖,"你是一个严格按照要求答题的医学考试考生。请你先展示出完整的思考过程，然后再输出最终答案。每道题目有至少两个选项（A、B）至多五个选项（A、B、C、D、E），题目为不定项选择题，请按照以下格式作答：

【思考过程】：...

【最终答案】：AB / BCE / CD / DE / E / ...（只输出选项的编号，不要写选项内容）

示例：
题目：医疗伦理中四大基本原则是？
A.尊重自主权
B.善意行为
C.无害原则
D.公正原则
E.以上都不是
【思考过程】：本题考查医学伦理的四大基本原则，包括尊重自主权、不伤害原则、行善原则、公正原则。

【最终答案】：ABCD

题目：在实施人类辅助生殖技术前，以下哪项是必须的条件？
A.仅需女方同意
B.仅需男方同意
C.双方口头同意
D.仅需法定代理人同意
E.夫妇双方自愿同意并签署书面知情同意书
【思考过程】：",E,Qwen3-235B-A22B,"【思考过程】：本题考查辅助生殖技术实施前的法律和伦理要求。根据相关规范，必须确保夫妇双方的知情同意权，且需书面形式明确。仅单方同意（A/B）或口头同意（C）均不符合法定要求。法定代理人同意（D）仅适用于特定情况（如未成年患者），但题目未提及。因此，唯一正确选项为E。

【最终答案】：E",客观题,E
辅助生殖,"你是一个严格按照要求答题的医学考试考生。请你先展示出完整的思考过程，然后再输出最终答案。每道题目有至少两个选项（A、B）至多五个选项（A、B、C、D、E），题目为不定项选择题，请按照以下格式作答：

【思考过程】：...

【最终答案】：AB / BCE / CD / DE / E / ...（只输出选项的编号，不要写选项内容）

示例：
题目：医疗伦理中四大基本原则是？
A.尊重自主权
B.善意行为
C.无害原则
D.公正原则
E.以上都不是
【思考过程】：本题考查医学伦理的四大基本原则，包括尊重自主权、不伤害原则、行善原则、公正原则。

【最终答案】：ABCD

题目：医务人员实施辅助生殖技术时，必须向患者提供哪些实质性信息？（多选题）
A.该技术实施程序的完整说明
B.每周期大致的总费用明细
C.医生的个人历年的成功率统计数据
D.进口与国产药物选择的具体方式
E.医疗机构年度财政营利情况
【思考过程】：",ABD,Qwen3-235B-A22B,"【思考过程】：根据《人类辅助生殖技术管理办法》及伦理规范，医务人员需告知患者技术程序、费用、药物选择等关键信息。A（程序说明）和B（费用明细）直接关系到患者知情权和决策。D（药物选择方式）涉及治疗方案的核心内容，需明确告知。C（医生个人成功率）和E（机构财务情况）与患者治疗无直接关联，非必须披露。

【最终答案】：ABD",客观题,ABD
辅助生殖,"你是一个严格按照要求答题的医学考试考生。请你先展示出完整的思考过程，然后再输出最终答案。每道题目有至少两个选项（A、B）至多五个选项（A、B、C、D、E），题目为不定项选择题，请按照以下格式作答：

【思考过程】：...

【最终答案】：AB / BCE / CD / DE / E / ...（只输出选项的编号，不要写选项内容）

示例：
题目：医疗伦理中四大基本原则是？
A.尊重自主权
B.善意行为
C.无害原则
D.公正原则
E.以上都不是
【思考过程】：本题考查医学伦理的四大基本原则，包括尊重自主权、不伤害原则、行善原则、公正原则。

【最终答案】：ABCD

题目：以下关于人类辅助生殖技术中患者权利的描述，哪一项符合相关法规？
A.在受精卵培养阶段后不可终止技术实施
B.若中途终止，需经伦理委员会批准才能再次治疗
C.需完成当前医疗周期才能行使终止权利
D.可在技术实施任何阶段终止且免于后续治疗阻碍
E.终止必须经主治医生签字同意
【思考过程】：",D,Qwen3-235B-A22B,"【思考过程】：根据中国《人类辅助生殖技术管理办法》及相关伦理准则，患者在辅助生殖技术实施的任何阶段均有权自主终止治疗，且不应受到医疗机构或医务人员的阻碍。选项D明确表述了这一权利，即“可在技术实施任何阶段终止且免于后续治疗阻碍”。其他选项均存在限制条件（如需伦理委员会批准、完成当前周期、医生签字等），不符合法规中对患者自主终止权利的直接保障。例如，选项A错误，因受精卵培养后仍可终止；选项B、C、E均附加了不必要条件，与法规冲突。

【最终答案】：D",客观题,D
辅助生殖,"你是一个严格按照要求答题的医学考试考生。请你先展示出完整的思考过程，然后再输出最终答案。每道题目有至少两个选项（A、B）至多五个选项（A、B、C、D、E），题目为不定项选择题，请按照以下格式作答：

【思考过程】：...

【最终答案】：AB / BCE / CD / DE / E / ...（只输出选项的编号，不要写选项内容）

示例：
题目：医疗伦理中四大基本原则是？
A.尊重自主权
B.善意行为
C.无害原则
D.公正原则
E.以上都不是
【思考过程】：本题考查医学伦理的四大基本原则，包括尊重自主权、不伤害原则、行善原则、公正原则。

【最终答案】：ABCD

题目：医务人员在实施人类辅助生殖技术后，必须告知当事人哪些关键信息？
A.必须告知随访的必要性
B.只需告知医疗费用明细
C.应当告知已出生孩子需要随访问
D.不需要告知未来生育风险
E.必须获得孩子本人的书面同意
【思考过程】：",AC,Qwen3-235B-A22B,"【思考过程】：根据《人类辅助生殖技术管理办法》及伦理准则，医务人员需告知随访必要性（A正确），并强调对已出生孩子的随访要求（C正确）。选项B“仅告知费用”和D“不告知风险”明显违反知情同意原则。E错误，因孩子本人非知情同意主体。

【最终答案】：AC",客观题,AC
辅助生殖,"你是一个严格按照要求答题的医学考试考生。请你先展示出完整的思考过程，然后再输出最终答案。每道题目有至少两个选项（A、B）至多五个选项（A、B、C、D、E），题目为不定项选择题，请按照以下格式作答：

【思考过程】：...

【最终答案】：AB / BCE / CD / DE / E / ...（只输出选项的编号，不要写选项内容）

示例：
题目：医疗伦理中四大基本原则是？
A.尊重自主权
B.善意行为
C.无害原则
D.公正原则
E.以上都不是
【思考过程】：本题考查医学伦理的四大基本原则，包括尊重自主权、不伤害原则、行善原则、公正原则。

【最终答案】：ABCD

题目：医务人员在辅助生殖技术中对待捐赠者时，以下哪种做法符合伦理要求？
A.告知捐赠者健康检查的必要性并取得口头同意
B.告知捐赠者健康检查的必要性并取得书面知情同意
C.在捐赠者自愿的情况下免除健康检查
D.仅记录知情同意但未进行健康检查的必要性告知
【思考过程】：",B,Qwen3-235B-A22B,"【思考过程】：本题考查辅助生殖技术中捐赠者的伦理要求。健康检查是必要的，且必须书面知情同意以确保捐赠者充分理解风险。选项B符合伦理规范，而口头同意（A）或免除检查（C）均不符合。D选项未履行告知义务，因此错误。

【最终答案】：B",客观题,B
辅助生殖,"你是一个严格按照要求答题的医学考试考生。请你先展示出完整的思考过程，然后再输出最终答案。每道题目有至少两个选项（A、B）至多五个选项（A、B、C、D、E），题目为不定项选择题，请按照以下格式作答：

【思考过程】：...

【最终答案】：AB / BCE / CD / DE / E / ...（只输出选项的编号，不要写选项内容）

示例：
题目：医疗伦理中四大基本原则是？
A.尊重自主权
B.善意行为
C.无害原则
D.公正原则
E.以上都不是
【思考过程】：本题考查医学伦理的四大基本原则，包括尊重自主权、不伤害原则、行善原则、公正原则。

【最终答案】：ABCD

题目：告知义务中，以下哪些法律权利应明确属于辅助生殖技术出生的后代？
A.继承权
B.受教育权
C.赡养祖父母的义务
D.父母离异时监护权裁定
E.履行遗产管理义务
【思考过程】：",ABD,Qwen3-235B-A22B,"【思考过程】：辅助生殖技术出生的后代应享有与自然生育子女同等的法律权利。继承权（A）和受教育权（B）属于基本权利，父母离异时监护权裁定（D）也直接涉及其权益。赡养祖父母（C）和遗产管理义务（E）属于义务范畴而非权利。

【最终答案】：ABD",客观题,ABD
辅助生殖,"你是一个严格按照要求答题的医学考试考生。请你先展示出完整的思考过程，然后再输出最终答案。每道题目有至少两个选项（A、B）至多五个选项（A、B、C、D、E），题目为不定项选择题，请按照以下格式作答：

【思考过程】：...

【最终答案】：AB / BCE / CD / DE / E / ...（只输出选项的编号，不要写选项内容）

示例：
题目：医疗伦理中四大基本原则是？
A.尊重自主权
B.善意行为
C.无害原则
D.公正原则
E.以上都不是
【思考过程】：本题考查医学伦理的四大基本原则，包括尊重自主权、不伤害原则、行善原则、公正原则。

【最终答案】：ABCD

题目：医务人员在实施辅助生殖技术前需告知接受治疗的夫妇哪些内容？
A.对辅助生殖出生的孩子负有伦理、道德和法律上的责任
B.对健康新生儿具有法律上监护权但可免除抚养义务
C.仅需承担出生缺陷孩子的经济支持
D.对有出生缺陷的孩子同样负有权利和义务
【思考过程】：",AD,Qwen3-235B-A22B,"【思考过程】：医务人员在实施辅助生殖技术前需明确告知夫妇的法律责任和伦理义务。选项A正确，因父母对辅助生殖出生的孩子需承担伦理、道德和法律责任；选项D正确，因无论孩子是否存在出生缺陷，父母均享有权利并履行义务。选项B错误，因监护权与抚养义务不可分割；选项C错误，因责任范围不限于经济支持。

【最终答案】：AD",客观题,AD
辅助生殖,"你是一个严格按照要求答题的医学考试考生。请你先展示出完整的思考过程，然后再输出最终答案。每道题目有至少两个选项（A、B）至多五个选项（A、B、C、D、E），题目为不定项选择题，请按照以下格式作答：

【思考过程】：...

【最终答案】：AB / BCE / CD / DE / E / ...（只输出选项的编号，不要写选项内容）

示例：
题目：医疗伦理中四大基本原则是？
A.尊重自主权
B.善意行为
C.无害原则
D.公正原则
E.以上都不是
【思考过程】：本题考查医学伦理的四大基本原则，包括尊重自主权、不伤害原则、行善原则、公正原则。

【最终答案】：ABCD

题目：根据医学伦理原则，医务人员实施辅助生殖技术时，哪种情况应当严格禁止？
A. 使用近亲关系的精子
B. 使用匿名捐赠的卵子
C. 使用交换伴侣（未经婚姻关系变动）后的卵子
D. 被法院判决亲子抚养权的单亲人士的精子
【思考过程】：",AC,Qwen3-235B-A22B,"【思考过程】：根据医学伦理原则及《人类辅助生殖技术管理办法》，辅助生殖技术需避免遗传风险和伦理混乱。选项A涉及近亲繁殖，会显著增加遗传疾病风险，违反“不伤害原则”，应严格禁止。选项C涉及未经婚姻变动的伴侣间配子交换，可能导致家庭关系复杂化和伦理冲突，属于伦理禁止范畴。选项B的匿名捐赠在符合规范的情况下可能被允许，选项D的单亲人士若通过法律程序获得抚养权，其使用精子可能不违反伦理。因此，正确答案为A和C。

【最终答案】：AC",客观题,AC
辅助生殖,"你是一个严格按照要求答题的医学考试考生。请你先展示出完整的思考过程，然后再输出最终答案。每道题目有至少两个选项（A、B）至多五个选项（A、B、C、D、E），题目为不定项选择题，请按照以下格式作答：

【思考过程】：...

【最终答案】：AB / BCE / CD / DE / E / ...（只输出选项的编号，不要写选项内容）

示例：
题目：医疗伦理中四大基本原则是？
A.尊重自主权
B.善意行为
C.无害原则
D.公正原则
E.以上都不是
【思考过程】：本题考查医学伦理的四大基本原则，包括尊重自主权、不伤害原则、行善原则、公正原则。

【最终答案】：ABCD

题目：以下关于医务人员实施代孕技术的描述中，正确的是哪一项？
A.经患者自愿申请且签署知情同意书后可实施
B.在不涉及商业利益的情况下允许实施
C.获得省级卫生行政部门授权后可以实施
D.无论何种条件均禁止实施
【思考过程】：",D,Qwen3-235B-A22B,"【思考过程】：本题考查中国关于代孕技术的法律规定。根据《人类辅助生殖技术管理办法》及《人类辅助生殖技术规范》，我国明确禁止任何形式的代孕技术，无论是否涉及商业利益、患者是否自愿或签署知情同意书，均不得实施。省级卫生行政部门无权授权实施代孕技术，因此选项D正确。

【最终答案】：D",客观题,D
辅助生殖,"你是一个严格按照要求答题的医学考试考生。请你先展示出完整的思考过程，然后再输出最终答案。每道题目有至少两个选项（A、B）至多五个选项（A、B、C、D、E），题目为不定项选择题，请按照以下格式作答：

【思考过程】：...

【最终答案】：AB / BCE / CD / DE / E / ...（只输出选项的编号，不要写选项内容）

示例：
题目：医疗伦理中四大基本原则是？
A.尊重自主权
B.善意行为
C.无害原则
D.公正原则
E.以上都不是
【思考过程】：本题考查医学伦理的四大基本原则，包括尊重自主权、不伤害原则、行善原则、公正原则。

【最终答案】：ABCD

题目：以下表述是否正确：医务人员在获得患者知情同意后，可以实施胚胎赠送助孕技术帮助其受孕？
A.正确
B.错误
【思考过程】：",B,Qwen3-235B-A22B,"【思考过程】：根据《人类辅助生殖技术管理办法》及伦理规范，胚胎赠送助孕技术需经严格审批，不能仅凭患者知情同意实施。医务人员需获得相关部门批准并符合伦理要求，因此仅知情同意不符合规定。

【最终答案】：B",客观题,B
辅助生殖,"你是一个严格按照要求答题的医学考试考生。请你先展示出完整的思考过程，然后再输出最终答案。每道题目有至少两个选项（A、B）至多五个选项（A、B、C、D、E），题目为不定项选择题，请按照以下格式作答：

【思考过程】：...

【最终答案】：AB / BCE / CD / DE / E / ...（只输出选项的编号，不要写选项内容）

示例：
题目：医疗伦理中四大基本原则是？
A.尊重自主权
B.善意行为
C.无害原则
D.公正原则
E.以上都不是
【思考过程】：本题考查医学伦理的四大基本原则，包括尊重自主权、不伤害原则、行善原则、公正原则。

【最终答案】：ABCD

题目：在安全性问题尚未解决前，医务人员被禁止将以下哪些技术用于治疗不育？
A.人卵胞浆移植技术
B.人卵核移植技术
C.卵母细胞核质融合技术
D.人卵冷冻复苏技术
E.体外受精-胚胎移植技术
【思考过程】：",AB,Qwen3-235B-A22B,"【思考过程】：题目要求识别在安全性未解决前被禁止用于治疗不育的技术。A（人卵胞浆移植）和B（人卵核移植）均涉及遗传物质的改造，存在线粒体DNA混杂或核移植导致的发育风险，通常被列为禁止项。C（卵母细胞核质融合）可能涉及类似机制，属于实验性技术，安全性未明。D（人卵冷冻复苏）和E（IVF-ET）均为成熟常规技术，安全性已验证，不在禁止范围内。因此，答案应为A、B、C。

【最终答案】：ABC",客观题,ABC
辅助生殖,"你是一个严格按照要求答题的医学考试考生。请你先展示出完整的思考过程，然后再输出最终答案。每道题目有至少两个选项（A、B）至多五个选项（A、B、C、D、E），题目为不定项选择题，请按照以下格式作答：

【思考过程】：...

【最终答案】：AB / BCE / CD / DE / E / ...（只输出选项的编号，不要写选项内容）

示例：
题目：医疗伦理中四大基本原则是？
A.尊重自主权
B.善意行为
C.无害原则
D.公正原则
E.以上都不是
【思考过程】：本题考查医学伦理的四大基本原则，包括尊重自主权、不伤害原则、行善原则、公正原则。

【最终答案】：ABCD

题目：同一供者的精子或卵子最多可以允许使多少名妇女成功受孕？
A.3名
B.4名
C.5名
D.6名
E.8名
【思考过程】：",C,Qwen3-235B-A22B,"【思考过程】：根据中国《人类辅助生殖技术管理办法》的规定，同一供者的精子或卵子最多允许使5名妇女成功受孕，这是为了避免近亲结婚的风险以及保障后代的健康。选项C对应这一规定。

【最终答案】：C",客观题,C
辅助生殖,"你是一个严格按照要求答题的医学考试考生。请你先展示出完整的思考过程，然后再输出最终答案。每道题目有至少两个选项（A、B）至多五个选项（A、B、C、D、E），题目为不定项选择题，请按照以下格式作答：

【思考过程】：...

【最终答案】：AB / BCE / CD / DE / E / ...（只输出选项的编号，不要写选项内容）

示例：
题目：医疗伦理中四大基本原则是？
A.尊重自主权
B.善意行为
C.无害原则
D.公正原则
E.以上都不是
【思考过程】：本题考查医学伦理的四大基本原则，包括尊重自主权、不伤害原则、行善原则、公正原则。

【最终答案】：ABCD

题目：哪种情况下医务人员被允许实施人类辅助生殖技术？
A.已婚且符合计划生育政策的无子女夫妇
B.已生育一个子女但因不孕需辅助生殖的再婚夫妇（符合生育政策）
C.已婚未婚但户籍政策允许其生育的夫妇
D.自愿签署知情同意书的单身女性
【思考过程】：",AB,Qwen3-235B-A22B,"【思考过程】：根据中国《人类辅助生殖技术管理办法》，实施辅助生殖技术需符合以下条件：1. 适用于已婚夫妇；2. 符合国家计划生育政策；3. 需签署知情同意书。选项A为已婚无子女夫妇且符合政策，符合条件。选项B为再婚夫妇符合生育政策（如允许生育第二个子女），符合条件。选项C中“已婚未婚”表述矛盾，且户籍政策允许生育未必满足已婚前提，不符合规范。选项D单身女性不符合已婚要求，且涉及伦理争议，通常被禁止。因此正确选项为A和B。

【最终答案】：AB",客观题,AB
辅助生殖,"你是一个严格按照要求答题的医学考试考生。请你先展示出完整的思考过程，然后再输出最终答案。每道题目有至少两个选项（A、B）至多五个选项（A、B、C、D、E），题目为不定项选择题，请按照以下格式作答：

【思考过程】：...

【最终答案】：AB / BCE / CD / DE / E / ...（只输出选项的编号，不要写选项内容）

示例：
题目：医疗伦理中四大基本原则是？
A.尊重自主权
B.善意行为
C.无害原则
D.公正原则
E.以上都不是
【思考过程】：本题考查医学伦理的四大基本原则，包括尊重自主权、不伤害原则、行善原则、公正原则。

【最终答案】：ABCD

题目：在辅助生殖技术应用中，以下哪些情况允许医务人员实施性别选择？
A.当夫妇有家庭性别平衡需求时
B.进行性别筛查以避免X染色体隐性遗传病
C.经父母请求时实施性别选择以提高生育满意度
D.存在严重性别相关遗传病风险时
【思考过程】：",BD,Qwen3-235B-A22B,"【思考过程】：辅助生殖技术中性别选择的伦理和法律规范通常限于避免遗传病。B选项涉及通过性别筛查预防X染色体隐性遗传病（如母亲携带致病基因时选择女性胚胎），D选项针对存在严重性别相关遗传病风险的情况（如某些性别特异性遗传疾病）。而A（家庭性别平衡）、C（非医学需求）均属于非正当理由，不符合伦理规范。

【最终答案】：BD",客观题,BD
辅助生殖,"你是一个严格按照要求答题的医学考试考生。请你先展示出完整的思考过程，然后再输出最终答案。每道题目有至少两个选项（A、B）至多五个选项（A、B、C、D、E），题目为不定项选择题，请按照以下格式作答：

【思考过程】：...

【最终答案】：AB / BCE / CD / DE / E / ...（只输出选项的编号，不要写选项内容）

示例：
题目：医疗伦理中四大基本原则是？
A.尊重自主权
B.善意行为
C.无害原则
D.公正原则
E.以上都不是
【思考过程】：本题考查医学伦理的四大基本原则，包括尊重自主权、不伤害原则、行善原则、公正原则。

【最终答案】：ABCD

题目：以下关于辅助生殖技术的表述，哪一项符合我国现行法规？
A.医务人员可在伦理审查后开展生殖性克隆研究
B.医务人员不得以任何理由实施生殖性克隆技术
C.医务人员可基于患者需求实施治疗性克隆技术
D.医务人员实施生殖性克隆需获得省级卫生部门批准
【思考过程】：",B,Qwen3-235B-A22B,"【思考过程】：我国《人类辅助生殖技术管理办法》明确规定禁止生殖性克隆技术的临床应用，且无任何例外情况（选项B正确）。治疗性克隆技术虽可能涉及研究，但法规未允许基于患者需求直接实施（选项C错误）。选项A和D均与法规中对生殖性克隆的绝对禁止性规定冲突。

【最终答案】：B",客观题,B
辅助生殖,"你是一个严格按照要求答题的医学考试考生。请你先展示出完整的思考过程，然后再输出最终答案。每道题目有至少两个选项（A、B）至多五个选项（A、B、C、D、E），题目为不定项选择题，请按照以下格式作答：

【思考过程】：...

【最终答案】：AB / BCE / CD / DE / E / ...（只输出选项的编号，不要写选项内容）

示例：
题目：医疗伦理中四大基本原则是？
A.尊重自主权
B.善意行为
C.无害原则
D.公正原则
E.以上都不是
【思考过程】：本题考查医学伦理的四大基本原则，包括尊重自主权、不伤害原则、行善原则、公正原则。

【最终答案】：ABCD

题目：以下哪项行为违反辅助生殖技术相关伦理规范？
A.使用黑猩猩精子为无精症患者实施人工授精
B.将人类卵子与犬科动物精子进行体外结合实验
C.采用新型培养液保存捐赠的人类胚胎
D.利用基因编辑技术筛选胚胎植入前遗传学诊断
【思考过程】：",AB,Qwen3-235B-A22B,"【思考过程】：本题考查辅助生殖技术伦理规范的常见禁忌行为。跨物种生殖（A、B）违反人类生殖伦理，涉及生物安全与社会伦理争议；基因编辑技术用于胚胎植入前筛选（D）涉及可遗传性修改，尚未被广泛接受且存在伦理争议。而使用新型培养液保存胚胎（C）属于技术改进范畴，若符合安全性标准则不违反伦理。

【最终答案】：ABD",客观题,ABD
辅助生殖,"你是一个严格按照要求答题的医学考试考生。请你先展示出完整的思考过程，然后再输出最终答案。每道题目有至少两个选项（A、B）至多五个选项（A、B、C、D、E），题目为不定项选择题，请按照以下格式作答：

【思考过程】：...

【最终答案】：AB / BCE / CD / DE / E / ...（只输出选项的编号，不要写选项内容）

示例：
题目：医疗伦理中四大基本原则是？
A.尊重自主权
B.善意行为
C.无害原则
D.公正原则
E.以上都不是
【思考过程】：本题考查医学伦理的四大基本原则，包括尊重自主权、不伤害原则、行善原则、公正原则。

【最终答案】：ABCD

题目：以下哪种行为违反了医务人员相关的伦理要求？
A.开展未获得伦理委员会批准的人类胚胎基因编辑实验
B.对已签署知情同意书的已婚夫妇实施第三代试管婴儿技术
C.在省级卫生部门备案下进行食蟹猴胚胎干细胞研究
D.未经系统培训直接参与辅助生殖临床工作
【思考过程】：",AD,Qwen3-235B-A22B,"【思考过程】：本题考查医务人员伦理要求的违规行为。A选项涉及人类胚胎基因编辑实验未获伦理委员会批准，违反研究伦理；D选项未经培训直接参与临床工作，违反医疗安全与伦理规范。B选项符合知情同意且未提示违规操作；C选项在省级部门备案可能符合动物实验管理规定。

【最终答案】：AD",客观题,AD
辅助生殖,"你是一个严格按照要求答题的医学考试考生。请你先展示出完整的思考过程，然后再输出最终答案。每道题目有至少两个选项（A、B）至多五个选项（A、B、C、D、E），题目为不定项选择题，请按照以下格式作答：

【思考过程】：...

【最终答案】：AB / BCE / CD / DE / E / ...（只输出选项的编号，不要写选项内容）

示例：
题目：医疗伦理中四大基本原则是？
A.尊重自主权
B.善意行为
C.无害原则
D.公正原则
E.以上都不是
【思考过程】：本题考查医学伦理的四大基本原则，包括尊重自主权、不伤害原则、行善原则、公正原则。

【最终答案】：ABCD

题目：在供精辅助生殖技术中，以下哪几组关系必须遵守互盲原则？
A.供方与受方夫妇
B.供方与实施手术的医务人员
C.受方夫妇与实施手术的医务人员
D.供方与后代的亲属
E.供方与通过该技术诞生的后代
【思考过程】：",ABDE,Qwen3-235B-A22B,"【思考过程】：互盲原则要求在供精辅助生殖技术中，供方与受方夫妇、供方与后代之间保持匿名，互不知晓身份。供方与受方夫妇（A）和供方与后代（E）必须遵守互盲原则。供方与医务人员（B）是否互盲需根据规定，但通常医务人员属于知情方，不适用互盲。受方夫妇与医务人员（C）、供方与后代亲属（D）不涉及互盲要求。

【最终答案】：AE",客观题,AE
辅助生殖,"你是一个严格按照要求答题的医学考试考生。请你先展示出完整的思考过程，然后再输出最终答案。每道题目有至少两个选项（A、B）至多五个选项（A、B、C、D、E），题目为不定项选择题，请按照以下格式作答：

【思考过程】：...

【最终答案】：AB / BCE / CD / DE / E / ...（只输出选项的编号，不要写选项内容）

示例：
题目：医疗伦理中四大基本原则是？
A.尊重自主权
B.善意行为
C.无害原则
D.公正原则
E.以上都不是
【思考过程】：本题考查医学伦理的四大基本原则，包括尊重自主权、不伤害原则、行善原则、公正原则。

【最终答案】：ABCD

题目：根据辅助生殖技术相关规定，以下关于匿名与保密的描述，哪些是正确的？
A.匿名是指藏匿受体参与配子捐赠的事实
B.保密包括对受者个人信息的保护
C.匿名要求不公开供体的身份信息
D.保密涉及隐藏供体的家庭背景
E.医务人员需同时确保捐赠者和受体的匿名性
【思考过程】：",BCD,Qwen3-235B-A22B,"【思考过程】：本题考查辅助生殖技术中匿名与保密的具体定义。匿名主要针对供体身份信息的隐藏，保密则涵盖所有参与方的隐私保护。选项A混淆了匿名对象，E扩大了匿名适用范围；B、C、D符合定义。

【最终答案】：BCD",客观题,BCD
辅助生殖,"你是一个严格按照要求答题的医学考试考生。请你先展示出完整的思考过程，然后再输出最终答案。每道题目有至少两个选项（A、B）至多五个选项（A、B、C、D、E），题目为不定项选择题，请按照以下格式作答：

【思考过程】：...

【最终答案】：AB / BCE / CD / DE / E / ...（只输出选项的编号，不要写选项内容）

示例：
题目：医疗伦理中四大基本原则是？
A.尊重自主权
B.善意行为
C.无害原则
D.公正原则
E.以上都不是
【思考过程】：本题考查医学伦理的四大基本原则，包括尊重自主权、不伤害原则、行善原则、公正原则。

【最终答案】：ABCD

题目：以下哪些行为可能违反辅助生殖技术应用规范？
A.因夫妇强烈要求为无医学适应症者实施助孕
B.根据患者经济状况推荐高利润技术
C.主动指导患者联系境外无资质机构
D.将是否纳入医保报销作为适应证判断依据
E.开展未验证远期安全性的新型技术试点
【思考过程】：",ABCDE,Qwen3-235B-A22B,"【思考过程】：本题考查辅助生殖技术应用规范的违规行为。A选项违反适应症原则，无医学指征仅因患者要求实施助孕；B选项涉及利益冲突，以经济利益为导向选择技术；C选项引导患者至无资质机构，违反医疗安全规范；D选项将医保报销与医学判断混淆，影响公平诊疗；E选项在缺乏远期安全性验证的情况下开展新技术试点，存在伦理和安全风险。以上行为均属于违规。

【最终答案】：ABCDE",客观题,ABCDE
辅助生殖,"你是一个严格按照要求答题的医学考试考生。请你先展示出完整的思考过程，然后再输出最终答案。每道题目有至少两个选项（A、B）至多五个选项（A、B、C、D、E），题目为不定项选择题，请按照以下格式作答：

【思考过程】：...

【最终答案】：AB / BCE / CD / DE / E / ...（只输出选项的编号，不要写选项内容）

示例：
题目：医疗伦理中四大基本原则是？
A.尊重自主权
B.善意行为
C.无害原则
D.公正原则
E.以上都不是
【思考过程】：本题考查医学伦理的四大基本原则，包括尊重自主权、不伤害原则、行善原则、公正原则。

【最终答案】：ABCD

题目：以下哪些属于法律允许给予捐卵者的补偿？
A.误工补偿
B.交通补助
C.医疗检查费用报销
D.营养补助
E.高额酬金
【思考过程】：",ABCD,Qwen3-235B-A22B,"【思考过程】：根据多数国家和地区的法律规定，捐卵者的补偿应遵循非商业化原则，仅允许补偿直接相关的合理费用和损失。例如：误工补偿（A）、交通补助（B）、医疗检查费用报销（C）、营养补助（D）属于合理范围。而高额酬金（E）属于商业性补偿，法律明确禁止。因此正确选项为A、B、C、D。

【最终答案】：ABCD",客观题,ABCD
辅助生殖,"你是一个严格按照要求答题的医学考试考生。请你先展示出完整的思考过程，然后再输出最终答案。每道题目有至少两个选项（A、B）至多五个选项（A、B、C、D、E），题目为不定项选择题，请按照以下格式作答：

【思考过程】：...

【最终答案】：AB / BCE / CD / DE / E / ...（只输出选项的编号，不要写选项内容）

示例：
题目：医疗伦理中四大基本原则是？
A.尊重自主权
B.善意行为
C.无害原则
D.公正原则
E.以上都不是
【思考过程】：本题考查医学伦理的四大基本原则，包括尊重自主权、不伤害原则、行善原则、公正原则。

【最终答案】：ABCD

题目：为确保辅助生殖技术伦理原则的落实，医疗机构应当采取以下哪项措施？
A.设立医疗质量控制委员会
B.建立生殖医学伦理委员会
C.自行制定操作流程并备案
D.接受生殖医学伦理委员会的指导和监督
【思考过程】：",BD,Qwen3-235B-A22B,"【思考过程】：本题考查辅助生殖技术伦理原则的落实措施。根据《人类辅助生殖技术管理办法》和《人类辅助生殖技术伦理原则》，医疗机构必须设立生殖医学伦理委员会，负责审核和监督相关技术操作是否符合伦理规范。选项B“建立生殖医学伦理委员会”是核心要求，而选项D“接受生殖医学伦理委员会的指导和监督”进一步强调委员会的作用。选项A涉及质量控制，与伦理无直接关联；选项C未体现伦理审查机制。

【最终答案】：BD",客观题,BD
辅助生殖,"你是一个严格按照要求答题的医学考试考生。请你先展示出完整的思考过程，然后再输出最终答案。每道题目有至少两个选项（A、B）至多五个选项（A、B、C、D、E），题目为不定项选择题，请按照以下格式作答：

【思考过程】：...

【最终答案】：AB / BCE / CD / DE / E / ...（只输出选项的编号，不要写选项内容）

示例：
题目：医疗伦理中四大基本原则是？
A.尊重自主权
B.善意行为
C.无害原则
D.公正原则
E.以上都不是
【思考过程】：本题考查医学伦理的四大基本原则，包括尊重自主权、不伤害原则、行善原则、公正原则。

【最终答案】：ABCD

题目：以下哪些属于生殖医学伦理委员会在辅助生殖技术中的职责？
A.对伦理问题做出最终决策
B.开展生殖医学伦理宣传教育
C.直接干预治疗方案的制定
D.对伦理问题进行审查、咨询、论证和建议
【思考过程】：",BD,Qwen3-235B-A22B,"【思考过程】：生殖医学伦理委员会的职责主要包括伦理审查、监督、宣传教育及提供咨询建议。选项A“最终决策”通常属于管理机构而非伦理委员会；C“直接干预治疗方案”超出了伦理委员会的职能范围。B和D符合伦理委员会的宣传教育、审查论证等职责。

【最终答案】：BD",客观题,BD
辅助生殖,"你是一个严格按照要求答题的医学考试考生。请你先展示出完整的思考过程，然后再输出最终答案。每道题目有至少两个选项（A、B）至多五个选项（A、B、C、D、E），题目为不定项选择题，请按照以下格式作答：

【思考过程】：...

【最终答案】：AB / BCE / CD / DE / E / ...（只输出选项的编号，不要写选项内容）

示例：
题目：医疗伦理中四大基本原则是？
A.尊重自主权
B.善意行为
C.无害原则
D.公正原则
E.以上都不是
【思考过程】：本题考查医学伦理的四大基本原则，包括尊重自主权、不伤害原则、行善原则、公正原则。

【最终答案】：ABCD

题目：严格对供精者进行筛查和精液检疫的主要目的是预防以下哪些问题？
A.遗传性先天疾病
B.出生缺陷
C.人工受孕成本过高
D.性传播疾病的传播
【思考过程】：",ABD,Qwen3-235B-A22B,"【思考过程】：供精者筛查和精液检疫的核心目的是确保生殖细胞的安全性和受孕后的健康风险最小化。A选项（遗传性先天疾病）是筛查重点，通过家族病史和基因检测排除遗传风险；B选项（出生缺陷）与遗传因素直接相关，如染色体异常（如唐氏综合征）可通过筛查预防；D选项（性传播疾病）需通过血液检测排除HIV、梅毒等传染病。C选项（成本问题）与筛查目的无关，属于医疗经济范畴，非直接预防目标。

【最终答案】：ABD",客观题,ABD
辅助生殖,"你是一个严格按照要求答题的医学考试考生。请你先展示出完整的思考过程，然后再输出最终答案。每道题目有至少两个选项（A、B）至多五个选项（A、B、C、D、E），题目为不定项选择题，请按照以下格式作答：

【思考过程】：...

【最终答案】：AB / BCE / CD / DE / E / ...（只输出选项的编号，不要写选项内容）

示例：
题目：医疗伦理中四大基本原则是？
A.尊重自主权
B.善意行为
C.无害原则
D.公正原则
E.以上都不是
【思考过程】：本题考查医学伦理的四大基本原则，包括尊重自主权、不伤害原则、行善原则、公正原则。

【最终答案】：ABCD

题目：下面哪项是符合规定的供精者募集做法？
A.通过商业广告在社会平台征集供精者；B.在社区健康宣传栏张贴匿名招募海报；C.建立供精者的详细体貌特征表供受者选择；D.仅允许特定遗传特征的供精者参与募集
【思考过程】：",B,Qwen3-235B-A22B,"【思考过程】：根据中国《人类辅助生殖技术和精子库伦理原则》及《人类精子库管理办法》，供精者募集需遵循非商业、保密和伦理原则。A选项涉及商业广告，违反非商业原则；C选项允许受者选择体貌特征，违反保密和非商品化原则；D选项基于遗传特征筛选可能涉及伦理问题；B选项匿名招募海报若在合法场所张贴，可能符合规定。

【最终答案】：B",客观题,B
辅助生殖,"你是一个严格按照要求答题的医学考试考生。请你先展示出完整的思考过程，然后再输出最终答案。每道题目有至少两个选项（A、B）至多五个选项（A、B、C、D、E），题目为不定项选择题，请按照以下格式作答：

【思考过程】：...

【最终答案】：AB / BCE / CD / DE / E / ...（只输出选项的编号，不要写选项内容）

示例：
题目：医疗伦理中四大基本原则是？
A.尊重自主权
B.善意行为
C.无害原则
D.公正原则
E.以上都不是
【思考过程】：本题考查医学伦理的四大基本原则，包括尊重自主权、不伤害原则、行善原则、公正原则。

【最终答案】：ABCD

题目：医疗机构在采集精液标本时应尽到哪些义务？
A.要求捐精者在单次采集时尽可能提供更多标本
B.为捐精者提供隐私保护空间
C.将单次精液采集时间强制缩短至10分钟内
D.必要时为存在焦虑的捐精者提供心理疏导
E.在捐精者出现轻微不适时强行要求继续操作
【思考过程】：",BD,Qwen3-235B-A22B,"【思考过程】：医疗机构在采集精液标本时应遵循伦理和安全规范。选项B强调隐私保护，符合医疗伦理中的尊重原则；选项D体现对捐精者心理健康的关注，属于必要的人文关怀。而选项A可能增加捐精者身体负担，违反安全原则；选项C的强制时间限制可能忽视个体差异；选项E违背医疗安全中避免伤害的基本准则。

【最终答案】：BD",客观题,BD
辅助生殖,"你是一个严格按照要求答题的医学考试考生。请你先展示出完整的思考过程，然后再输出最终答案。每道题目有至少两个选项（A、B）至多五个选项（A、B、C、D、E），题目为不定项选择题，请按照以下格式作答：

【思考过程】：...

【最终答案】：AB / BCE / CD / DE / E / ...（只输出选项的编号，不要写选项内容）

示例：
题目：医疗伦理中四大基本原则是？
A.尊重自主权
B.善意行为
C.无害原则
D.公正原则
E.以上都不是
【思考过程】：本题考查医学伦理的四大基本原则，包括尊重自主权、不伤害原则、行善原则、公正原则。

【最终答案】：ABCD

题目：以下哪些属于供精者在供精时必须保障的合法权利？
A.完全自愿地参加供精
B.口头确认精液用途即可
C.知晓精液用途及供精次数限制的详细说明
D.获得超出医疗费用的经济补偿
E.随时允许撤回并销毁存储精液
【思考过程】：",ACE,Qwen3-235B-A22B,"【思考过程】：本题考查供精者合法权利的相关知识。供精必须遵循自愿原则（A正确）。知情同意要求供精者需书面确认用途（B错误）。供精者有权知晓精液用途及供精次数限制（C正确）。经济补偿应合理覆盖成本而非超额（D错误）。供精者有权随时撤回并销毁样本（E正确）。

【最终答案】：ACE",客观题,ACE
辅助生殖,"你是一个严格按照要求答题的医学考试考生。请你先展示出完整的思考过程，然后再输出最终答案。每道题目有至少两个选项（A、B）至多五个选项（A、B、C、D、E），题目为不定项选择题，请按照以下格式作答：

【思考过程】：...

【最终答案】：AB / BCE / CD / DE / E / ...（只输出选项的编号，不要写选项内容）

示例：
题目：医疗伦理中四大基本原则是？
A.尊重自主权
B.善意行为
C.无害原则
D.公正原则
E.以上都不是
【思考过程】：本题考查医学伦理的四大基本原则，包括尊重自主权、不伤害原则、行善原则、公正原则。

【最终答案】：ABCD

题目：关于供精者终止供精和冷冻精液使用的权利，以下哪些表述正确？
A.供精者需提交书面申请后才有权终止供精
B.供精者因工作压力可单方面终止供精
C.供精者终止冷冻精液使用时需全额赔偿精子库损失
D.供精者在补偿筛查和冷冻费用后可以终止冷冻精液使用
【思考过程】：",ABD,Qwen3-235B-A22B,"【思考过程】：本题考查供精者权利及法律义务。A选项正确，因终止供精需正式书面程序。B选项错误，单方面终止需符合合同约定，工作压力非法定理由。C选项错误，终止冷冻精液使用仅需补偿实际支出费用（如筛查、冷冻费），而非全额赔偿。D选项正确，符合《人类辅助生殖技术管理办法》中关于供精者终止权的规定。

【最终答案】：AD",客观题,AD
辅助生殖,"你是一个严格按照要求答题的医学考试考生。请你先展示出完整的思考过程，然后再输出最终答案。每道题目有至少两个选项（A、B）至多五个选项（A、B、C、D、E），题目为不定项选择题，请按照以下格式作答：

【思考过程】：...

【最终答案】：AB / BCE / CD / DE / E / ...（只输出选项的编号，不要写选项内容）

示例：
题目：医疗伦理中四大基本原则是？
A.尊重自主权
B.善意行为
C.无害原则
D.公正原则
E.以上都不是
【思考过程】：本题考查医学伦理的四大基本原则，包括尊重自主权、不伤害原则、行善原则、公正原则。

【最终答案】：ABCD

题目：根据相关规定，精子库在未获得知情同意书的情况下，不得进行以下哪些行为？
A.采集精液样本
B.检测精液样本
C.保存精液样本
D.使用精液进行辅助生殖
E.向捐赠者支付交通补贴
【思考过程】：",ABCD,Qwen3-235B-A22B,"【思考过程】：根据相关规定，精子库在未获得知情同意书时，不得进行涉及捐赠者权益和样本处理的核心操作。采集（A）、检测（B）、保存（C）及使用（D）均需知情同意，确保捐赠者知晓用途及风险。支付交通补贴（E）属于经济补偿范畴，通常由其他规定规范，不直接依赖知情同意书。

【最终答案】：ABCD",客观题,ABCD
辅助生殖,"你是一个严格按照要求答题的医学考试考生。请你先展示出完整的思考过程，然后再输出最终答案。每道题目有至少两个选项（A、B）至多五个选项（A、B、C、D、E），题目为不定项选择题，请按照以下格式作答：

【思考过程】：...

【最终答案】：AB / BCE / CD / DE / E / ...（只输出选项的编号，不要写选项内容）

示例：
题目：医疗伦理中四大基本原则是？
A.尊重自主权
B.善意行为
C.无害原则
D.公正原则
E.以上都不是
【思考过程】：本题考查医学伦理的四大基本原则，包括尊重自主权、不伤害原则、行善原则、公正原则。

【最终答案】：ABCD

题目：根据我国辅助生殖技术规范，医务人员必须向供精者明确告知以下哪项内容？
A.有义务配合后代身份信息登记
B.需参与后代重大教育决策
C.可优先获得后代的探视权
D.对供精出生的后代无权利和义务
E.需支付后代的必要医疗费用
【思考过程】：",D,Qwen3-235B-A22B,"【思考过程】：根据我国《人类辅助生殖技术管理办法》及《人类精子库管理办法》相关规定，供精者需明确知晓其与通过辅助生殖技术出生的后代之间不存在法律上的亲子关系。因此，供精者不对后代享有权利或承担义务（选项D正确）。选项A、B、C、E涉及的内容（如参与身份登记、教育决策、探视权、支付费用）均未被法规列为供精者的权利或义务，故不选。

【最终答案】：D",客观题,D
辅助生殖,"你是一个严格按照要求答题的医学考试考生。请你先展示出完整的思考过程，然后再输出最终答案。每道题目有至少两个选项（A、B）至多五个选项（A、B、C、D、E），题目为不定项选择题，请按照以下格式作答：

【思考过程】：...

【最终答案】：AB / BCE / CD / DE / E / ...（只输出选项的编号，不要写选项内容）

示例：
题目：医疗伦理中四大基本原则是？
A.尊重自主权
B.善意行为
C.无害原则
D.公正原则
E.以上都不是
【思考过程】：本题考查医学伦理的四大基本原则，包括尊重自主权、不伤害原则、行善原则、公正原则。

【最终答案】：ABCD

题目：关于精子库的义务，以下哪项描述正确？
A.在匿名情况下提供配偶职业背景咨询
B.在实名情况下提供医学信息婚姻咨询
C.在匿名情况下提供医学信息的婚姻咨询服务
D.无义务为后代提供咨询服务
【思考过程】：",C,Qwen3-235B-A22B,"【思考过程】：本题考查精子库的义务。根据医学伦理及《人类精子库管理办法》等相关法规，精子库需在匿名情况下向接受者提供必要的医学信息（如遗传病、传染病等），以支持婚姻或生育决策，因此选项C正确。选项D错误，因部分法规可能要求精子库为后代提供非识别性医学信息。选项A涉及职业背景，超出医学信息范畴；选项B的“实名情况”与匿名原则冲突，故不正确。

【最终答案】：C",客观题,C
辅助生殖,"你是一个严格按照要求答题的医学考试考生。请你先展示出完整的思考过程，然后再输出最终答案。每道题目有至少两个选项（A、B）至多五个选项（A、B、C、D、E），题目为不定项选择题，请按照以下格式作答：

【思考过程】：...

【最终答案】：AB / BCE / CD / DE / E / ...（只输出选项的编号，不要写选项内容）

示例：
题目：医疗伦理中四大基本原则是？
A.尊重自主权
B.善意行为
C.无害原则
D.公正原则
E.以上都不是
【思考过程】：本题考查医学伦理的四大基本原则，包括尊重自主权、不伤害原则、行善原则、公正原则。

【最终答案】：ABCD

题目：某人类精子库在供精者管理时，以下哪种情形违反了伦理规范？
A.同一供精者在不同省市的三家机构各供精1次导致3名妇女受孕
B.同一供精者未跨机构但导致6名妇女受孕
C.同一供精者在两个机构各供精2次导致3名妇女受孕
D.同一供精者在两个机构各供精2次导致6名妇女受孕
【思考过程】：",BD,Qwen3-235B-A22B,"【思考过程】：本题考查人类精子库管理的伦理规范。根据相关规定：1. 供精者不得跨机构供精（如选项A、C、D）；2. 同一供精者导致受孕人数不得超过5人（如选项B、D）。选项A涉及跨省市供精，违反规定；选项B导致6人受孕超过上限；选项C跨两个机构供精；选项D跨机构且导致6人受孕。所有选项均违反伦理规范。

【最终答案】：ABCD",客观题,ABCD
辅助生殖,"你是一个严格按照要求答题的医学考试考生。请你先展示出完整的思考过程，然后再输出最终答案。每道题目有至少两个选项（A、B）至多五个选项（A、B、C、D、E），题目为不定项选择题，请按照以下格式作答：

【思考过程】：...

【最终答案】：AB / BCE / CD / DE / E / ...（只输出选项的编号，不要写选项内容）

示例：
题目：医疗伦理中四大基本原则是？
A.尊重自主权
B.善意行为
C.无害原则
D.公正原则
E.以上都不是
【思考过程】：本题考查医学伦理的四大基本原则，包括尊重自主权、不伤害原则、行善原则、公正原则。

【最终答案】：ABCD

题目：以下哪种情况允许实施X、Y精子筛选？
A.夫妇为X连锁隐性疾病携带者
B.父母希望儿女双全
C.高龄产妇为提高受孕概率
D.已有三个儿子的夫妇希望生育女儿
E.预防子代常染色体显性遗传病
【思考过程】：",A,Qwen3-235B-A22B,"【思考过程】：X、Y精子筛选主要用于预防与性染色体相关的遗传疾病。选项A中，X连锁隐性疾病（如血友病）携带者夫妇选择女性胎儿可避免疾病传递，符合医学伦理。选项E为常染色体显性遗传病（如亨廷顿舞蹈症），其发病与性别无关，无需性别筛选。选项B、D属于非医学需求的性别偏好，C与性别无关，均不符合医学指征。

【最终答案】：A",客观题,A
辅助生殖,"你是一个严格按照要求答题的医学考试考生。请你先展示出完整的思考过程，然后再输出最终答案。每道题目有至少两个选项（A、B）至多五个选项（A、B、C、D、E），题目为不定项选择题，请按照以下格式作答：

【思考过程】：...

【最终答案】：AB / BCE / CD / DE / E / ...（只输出选项的编号，不要写选项内容）

示例：
题目：医疗伦理中四大基本原则是？
A.尊重自主权
B.善意行为
C.无害原则
D.公正原则
E.以上都不是
【思考过程】：本题考查医学伦理的四大基本原则，包括尊重自主权、不伤害原则、行善原则、公正原则。

【最终答案】：ABCD

题目：根据我国相关规定，在辅助生殖技术应用中，必须保持互盲关系的组合包括哪些？
A.供者与精子库管理人员
B.供者与受者夫妇
C.供者与实施辅助生殖技术的医务人员
D.受者夫妇与实施辅助生殖技术的医务人员
E.供者与受者的子女
【思考过程】：",BCE,Qwen3-235B-A22B,"【思考过程】：本题考查我国辅助生殖技术应用中必须保持互盲关系的组合。根据《人类辅助生殖技术管理办法》及伦理准则，供者与受者夫妇必须保持互盲，以避免伦理风险（B正确）。此外，供者与实施技术的医务人员也需互盲，确保医务人员无法追溯供者身份，受者亦无法知晓供者信息（C正确）。其他选项中，供者与精子库管理人员（A）或受者子女（E）无明确互盲要求，受者夫妇与医务人员（D）需明确诊疗信息，故不选。

【最终答案】：BC",客观题,BC
辅助生殖,"你是一个严格按照要求答题的医学考试考生。请你先展示出完整的思考过程，然后再输出最终答案。每道题目有至少两个选项（A、B）至多五个选项（A、B、C、D、E），题目为不定项选择题，请按照以下格式作答：

【思考过程】：...

【最终答案】：AB / BCE / CD / DE / E / ...（只输出选项的编号，不要写选项内容）

示例：
题目：医疗伦理中四大基本原则是？
A.尊重自主权
B.善意行为
C.无害原则
D.公正原则
E.以上都不是
【思考过程】：本题考查医学伦理的四大基本原则，包括尊重自主权、不伤害原则、行善原则、公正原则。

【最终答案】：ABCD

题目：以下哪些措施属于我国精子库保密制度的要求？
A.建立供受者信息公共可查询数据库
B.保存供者真实姓名的独立数据库
C.冷冻精液被使用时用代码表示
D.受者身份对精子库隐匿
E.医生可以获得供受双方完整信息
【思考过程】：",CD,Qwen3-235B-A22B,"【思考过程】：我国精子库保密制度的核心是确保供者与受者之间的身份信息相互保密。根据相关规定：  
1. 供者的真实姓名等信息需保存在独立数据库中（B正确）。  
2. 冷冻精液使用时采用代码标识以保护隐私（C正确）。  
3. 供受者信息需隔离，但精子库本身需记录受者必要信息（D错误）。  
4. 公共数据库（A）和医生获取完整信息（E）均违反保密原则。  

【最终答案】：BC",客观题,BC
辅助生殖,"你是一个严格按照要求答题的医学考试考生。请你先展示出完整的思考过程，然后再输出最终答案。每道题目有至少两个选项（A、B）至多五个选项（A、B、C、D、E），题目为不定项选择题，请按照以下格式作答：

【思考过程】：...

【最终答案】：AB / BCE / CD / DE / E / ...（只输出选项的编号，不要写选项内容）

示例：
题目：医疗伦理中四大基本原则是？
A.尊重自主权
B.善意行为
C.无害原则
D.公正原则
E.以上都不是
【思考过程】：本题考查医学伦理的四大基本原则，包括尊重自主权、不伤害原则、行善原则、公正原则。

【最终答案】：ABCD

题目：关于辅助生殖技术中信息查阅权限的规定，以下哪些说法正确？
A.受者夫妇经申请可查看供精者的详细户籍信息
B.供精者可凭协议书查看受者子女的教育经历
C.医疗机构医务人员可因科研需要调阅供精者身份资料
D.供精者的亲属无权要求知晓受者家庭住址
E.实施机构院长特批时可解密供精者身份信息
【思考过程】：",D,Qwen3-235B-A22B,"【思考过程】：本题考查辅助生殖技术中信息查阅权限的合法范围。根据相关伦理原则和法律规定：  
1. **选项A**：受者夫妇无权查看供精者的详细户籍信息，此类信息属于个人隐私，仅限特定医疗必要情况处理。  
2. **选项B**：供精者无权知晓受者子女的教育经历，这属于受者家庭隐私，与供精者无直接关联。  
3. **选项C**：医务人员因科研需要调阅身份资料需满足严格的匿名化或审批条件（如伦理委员会），仅凭“科研需要”直接调阅身份资料不符合常规保密原则。  
4. **选项D**：供精者的亲属与受者无法律关联，无权要求知晓受者家庭住址，符合隐私保护要求。  
5. **选项E**：解密供精者身份信息需依据法律程序（如司法指令），仅由院长特批不符合法定解密条件。  

【最终答案】：D",客观题,D
辅助生殖,"你是一个严格按照要求答题的医学考试考生。请你先展示出完整的思考过程，然后再输出最终答案。每道题目有至少两个选项（A、B）至多五个选项（A、B、C、D、E），题目为不定项选择题，请按照以下格式作答：

【思考过程】：...

【最终答案】：AB / BCE / CD / DE / E / ...（只输出选项的编号，不要写选项内容）

示例：
题目：医疗伦理中四大基本原则是？
A.尊重自主权
B.善意行为
C.无害原则
D.公正原则
E.以上都不是
【思考过程】：本题考查医学伦理的四大基本原则，包括尊重自主权、不伤害原则、行善原则、公正原则。

【最终答案】：ABCD

题目：下列哪几项补偿属于我国法规允许的精子库对供精者提供的合理补偿？
A.营养费
B.误工费
C.交通费
D.医疗风险补偿
E.感谢费
【思考过程】：",BCD,Qwen3-235B-A22B,"【思考过程】：根据我国相关法规，精子库对供精者的补偿仅限于实际支出和合理补偿，不得提供商业性质的报酬或变相奖励。营养费（A）、误工费（B）和交通费（C）属于供精者可能产生的直接经济支出，符合合理补偿范围。而医疗风险补偿（D）可能涉及对供精者健康风险的补偿，但供精本身风险较低，且法规未明确允许此类补偿。感谢费（E）属于禁止的额外报酬形式。因此，正确选项为A、B、C。

【最终答案】：ABC",客观题,ABC
辅助生殖,"你是一个严格按照要求答题的医学考试考生。请你先展示出完整的思考过程，然后再输出最终答案。每道题目有至少两个选项（A、B）至多五个选项（A、B、C、D、E），题目为不定项选择题，请按照以下格式作答：

【思考过程】：...

【最终答案】：AB / BCE / CD / DE / E / ...（只输出选项的编号，不要写选项内容）

示例：
题目：医疗伦理中四大基本原则是？
A.尊重自主权
B.善意行为
C.无害原则
D.公正原则
E.以上都不是
【思考过程】：本题考查医学伦理的四大基本原则，包括尊重自主权、不伤害原则、行善原则、公正原则。

【最终答案】：ABCD

题目：关于人类精子库提供的冷冻精液，哪种情况符合法规要求？
A.向持有卫生部辅助生殖技术批准证书的机构提供达标冷冻精液
B.向未取得证书的机构提供达标冷冻精液
C.向持有证书的机构提供未达标的新鲜精液
D.向持有证书的机构提供达标的新鲜精液
【思考过程】：",A,Qwen3-235B-A22B,"【思考过程】：根据中国相关法规，人类精子库只能向持有卫生部辅助生殖技术批准证书的机构提供符合质量标准的冷冻精液。未取得证书的机构不得接收精液（排除B）。精子库提供的必须是冷冻精液，而非新鲜精液（排除C、D）。因此，仅A符合要求。

【最终答案】：A",客观题,A
辅助生殖,"你是一个严格按照要求答题的医学考试考生。请你先展示出完整的思考过程，然后再输出最终答案。每道题目有至少两个选项（A、B）至多五个选项（A、B、C、D、E），题目为不定项选择题，请按照以下格式作答：

【思考过程】：...

【最终答案】：AB / BCE / CD / DE / E / ...（只输出选项的编号，不要写选项内容）

示例：
题目：医疗伦理中四大基本原则是？
A.尊重自主权
B.善意行为
C.无害原则
D.公正原则
E.以上都不是
【思考过程】：本题考查医学伦理的四大基本原则，包括尊重自主权、不伤害原则、行善原则、公正原则。

【最终答案】：ABCD

题目：下列哪些行为可能违反我国关于精子管理的法律法规？
A.某机构按精子质量分级定价；B.以“营养补偿费”名义收取精子受让方费用；C.精子库声明捐赠者不得索要额外补偿；D.民营医院参与精子调配并收取管理费；E.医疗机构公开招募志愿者并强调无偿捐赠
【思考过程】：",ABD,Qwen3-235B-A22B,"【思考过程】：根据我国关于精子管理的法律法规，精子不得作为商品进行买卖，仅允许以捐献形式获取，并需遵循严格管理规范。A选项涉及按质量定价，属于商品化行为；B选项以“营养补偿费”名义向受让方收费，涉嫌变相买卖；D选项民营医院无资质参与调配并收费。而C选项符合“不得索取额外补偿”的规定，E选项符合无偿捐赠原则。

【最终答案】：ABD",客观题,ABD
医患关系,"你是一个严格按照要求答题的医学考试考生。请你先展示出完整的思考过程，然后再输出最终答案。每道题目有至少两个选项（A、B）至多五个选项（A、B、C、D、E），题目为不定项选择题，请按照以下格式作答：

【思考过程】：...

【最终答案】：AB / BCE / CD / DE / E / ...（只输出选项的编号，不要写选项内容）

示例：
题目：医疗伦理中四大基本原则是？
A.尊重自主权
B.善意行为
C.无害原则
D.公正原则
E.以上都不是
【思考过程】：本题考查医学伦理的四大基本原则，包括尊重自主权、不伤害原则、行善原则、公正原则。

【最终答案】：ABCD

题目：下列行为中，哪一项不构成侵害患者隐私权？
A.未经同意向媒体公开患者的癌症检查记录
B.私下向护士讨论患者未授权披露的家庭暴力诊疗信息
C.用患者的手术照片制作科室宣传展板且在候诊区展示
D.将患者十年前在社交媒体公开发布的哮喘病史用于论文案例
【思考过程】：",D,Qwen3-235B-A22B,"【思考过程】：本题考查患者隐私权的保护范围。选项D中患者十年前自行在社交媒体公开哮喘病史，属于公开信息，使用该信息不构成隐私权侵害。而A、B、C均涉及未经同意的隐私信息泄露。

【最终答案】：D",客观题,D
医患关系,"你是一个严格按照要求答题的医学考试考生。请你先展示出完整的思考过程，然后再输出最终答案。每道题目有至少两个选项（A、B）至多五个选项（A、B、C、D、E），题目为不定项选择题，请按照以下格式作答：

【思考过程】：...

【最终答案】：AB / BCE / CD / DE / E / ...（只输出选项的编号，不要写选项内容）

示例：
题目：医疗伦理中四大基本原则是？
A.尊重自主权
B.善意行为
C.无害原则
D.公正原则
E.以上都不是
【思考过程】：本题考查医学伦理的四大基本原则，包括尊重自主权、不伤害原则、行善原则、公正原则。

【最终答案】：ABCD

题目：以下哪些信息属于自然人的个人信息，受到法律保护？
A.生物识别信息
B.教育背景
C.健康信息
D.喜欢的颜色
E.电话号码
【思考过程】：",ABCE,Qwen3-235B-A22B,"【思考过程】：根据个人信息保护法，个人信息包括生物识别、健康信息、电话号码及教育背景等可识别自然人的信息。生物识别（A）和健康信息（C）属于敏感个人信息；电话号码（E）是典型的身份信息；教育背景（B）属于个人基本资料，也受保护。喜欢的颜色（D）通常不被视为法律保护的个人信息。

【最终答案】：ABCE",客观题,ABCE
医患关系,"你是一个严格按照要求答题的医学考试考生。请你先展示出完整的思考过程，然后再输出最终答案。每道题目有至少两个选项（A、B）至多五个选项（A、B、C、D、E），题目为不定项选择题，请按照以下格式作答：

【思考过程】：...

【最终答案】：AB / BCE / CD / DE / E / ...（只输出选项的编号，不要写选项内容）

示例：
题目：医疗伦理中四大基本原则是？
A.尊重自主权
B.善意行为
C.无害原则
D.公正原则
E.以上都不是
【思考过程】：本题考查医学伦理的四大基本原则，包括尊重自主权、不伤害原则、行善原则、公正原则。

【最终答案】：ABCD

题目：患者因医务人员的过错在诊疗活动中受到损害，赔偿责任应由谁承担？
A.医疗机构承担
B.相关医务人员个人承担
C.医疗机构与医务人员按比例分担
D.患者自行承担
【思考过程】：",A,Qwen3-235B-A22B,"【思考过程】：根据《中华人民共和国民法典》第1188条，用人单位的工作人员因执行工作任务造成他人损害的，由用人单位承担侵权责任。医务人员的诊疗行为属于职务行为，其过错导致的损害应由医疗机构承担赔偿责任。患者不承担责任，医务人员个人一般不直接对外承担赔偿责任，除非存在故意或重大过失，但题目未提及此类情形。

【最终答案】：A",客观题,A
医患关系,"你是一个严格按照要求答题的医学考试考生。请你先展示出完整的思考过程，然后再输出最终答案。每道题目有至少两个选项（A、B）至多五个选项（A、B、C、D、E），题目为不定项选择题，请按照以下格式作答：

【思考过程】：...

【最终答案】：AB / BCE / CD / DE / E / ...（只输出选项的编号，不要写选项内容）

示例：
题目：医疗伦理中四大基本原则是？
A.尊重自主权
B.善意行为
C.无害原则
D.公正原则
E.以上都不是
【思考过程】：本题考查医学伦理的四大基本原则，包括尊重自主权、不伤害原则、行善原则、公正原则。

【最终答案】：ABCD

题目：以下哪种情形下，医务人员应当向患者的近亲属说明医疗风险并取得其明确同意？
A.患者需要接受门诊输液治疗
B.患者因昏迷无法表达意愿
C.医疗机构无法联系到患者的法定代理人
D.患者拒绝听取关于化疗替代方案的说明
【思考过程】：",B,Qwen3-235B-A22B,"【思考过程】：本题考查医疗风险告知及知情同意权的适用情形。根据《民法典》及医疗伦理规范，医务人员应向患者本人说明医疗风险并取得同意，但在特定情况下需转由近亲属代为行使权利。  
1. **选项A**：门诊输液属于常规治疗，患者意识清醒时无需近亲属介入。  
2. **选项B**：患者因昏迷无法表达意愿时，需向近亲属说明风险并取得同意（《民法典》第1219条）。  
3. **选项C**：无法联系到法定代理人时，医疗机构通常需联系近亲属履行知情同意程序。  
4. **选项D**：患者拒绝听取替代方案仍属于患者自主权范畴，无需近亲属介入。  

【最终答案】：BC",客观题,BC
医患关系,"你是一个严格按照要求答题的医学考试考生。请你先展示出完整的思考过程，然后再输出最终答案。每道题目有至少两个选项（A、B）至多五个选项（A、B、C、D、E），题目为不定项选择题，请按照以下格式作答：

【思考过程】：...

【最终答案】：AB / BCE / CD / DE / E / ...（只输出选项的编号，不要写选项内容）

示例：
题目：医疗伦理中四大基本原则是？
A.尊重自主权
B.善意行为
C.无害原则
D.公正原则
E.以上都不是
【思考过程】：本题考查医学伦理的四大基本原则，包括尊重自主权、不伤害原则、行善原则、公正原则。

【最终答案】：ABCD

题目：在因抢救生命垂危患者无法取得患者及其近亲属意见的情形下，关于医疗措施的实施程序，以下描述正确的是？
A.主治医生可自行决定实施抢救措施
B.需取得属地卫生健康部门书面批准
C.医疗机构负责人或其授权人批准后立即实施
D.经医院伦理委员会表决通过后再实施
E.需获得至少两名副高职称医师的联合签名
【思考过程】：",C,Qwen3-235B-A22B,"【思考过程】：根据《中华人民共和国侵权责任法》第五十六条及《医疗机构管理条例》相关规定，在抢救生命垂危患者且无法取得患者或近亲属意见的情况下，医疗措施的实施需经医疗机构负责人或其授权人批准。选项C符合法律规定。选项A（主治医生自行决定）违反程序要求；选项B（需卫生健康部门书面批准）可能延误抢救；选项D（伦理委员会表决）和E（两名副高职称医师签名）均无明确法律依据。

【最终答案】：C",客观题,C
医患关系,"你是一个严格按照要求答题的医学考试考生。请你先展示出完整的思考过程，然后再输出最终答案。每道题目有至少两个选项（A、B）至多五个选项（A、B、C、D、E），题目为不定项选择题，请按照以下格式作答：

【思考过程】：...

【最终答案】：AB / BCE / CD / DE / E / ...（只输出选项的编号，不要写选项内容）

示例：
题目：医疗伦理中四大基本原则是？
A.尊重自主权
B.善意行为
C.无害原则
D.公正原则
E.以上都不是
【思考过程】：本题考查医学伦理的四大基本原则，包括尊重自主权、不伤害原则、行善原则、公正原则。

【最终答案】：ABCD

题目：在诊疗活动中，若患者受到损害，在哪些情形下会推定医疗机构有过错？
A.遗失病历资料
B.伪造病历资料
C.篡改病历资料
D.合法销毁病历资料
E.违法销毁病历资料
【思考过程】：",ABCE,Qwen3-235B-A22B,"【思考过程】：根据《民法典》相关规定，医疗机构在诊疗活动中遗失、伪造、篡改或违法销毁病历资料时，会被推定存在过错。选项D“合法销毁病历资料”因符合法律规定不构成过错，而选项E“违法销毁病历资料”属于过错情形。选项A、B、C均直接体现医疗机构的过错行为。

【最终答案】：ABCE",客观题,ABCE
医患关系,"你是一个严格按照要求答题的医学考试考生。请你先展示出完整的思考过程，然后再输出最终答案。每道题目有至少两个选项（A、B）至多五个选项（A、B、C、D、E），题目为不定项选择题，请按照以下格式作答：

【思考过程】：...

【最终答案】：AB / BCE / CD / DE / E / ...（只输出选项的编号，不要写选项内容）

示例：
题目：医疗伦理中四大基本原则是？
A.尊重自主权
B.善意行为
C.无害原则
D.公正原则
E.以上都不是
【思考过程】：本题考查医学伦理的四大基本原则，包括尊重自主权、不伤害原则、行善原则、公正原则。

【最终答案】：ABCD

题目：患者在诊疗活动中受到损害时，以下哪种情形医疗机构不承担赔偿责任？
A.患者家属拒绝签署手术同意书导致延误治疗
B.急诊抢救时医务人员已尽到合理诊疗义务
C.医疗机构未提供低收费方案导致患者无力承担
D.某种罕见病现有医学技术无法确诊
E.医生未使用国际最新疗法但符合常规治疗指南
【思考过程】：",ABDE,Qwen3-235B-A22B,"【思考过程】：根据《民法典》相关规定，医疗机构免责情形包括：1）医务人员在抢救中已尽合理诊疗义务（选项B）；2）受医疗水平限制无法诊疗（选项D）；3）患者自身原因导致损害（如选项E中符合常规指南的诊疗行为）。选项A中家属拒绝签字若因未尽告知义务可能导致责任，选项C涉及费用问题与诊疗过错无直接关联。因此，B、D、E符合免责条件。

【最终答案】：BDE",客观题,BDE
医患关系,"你是一个严格按照要求答题的医学考试考生。请你先展示出完整的思考过程，然后再输出最终答案。每道题目有至少两个选项（A、B）至多五个选项（A、B、C、D、E），题目为不定项选择题，请按照以下格式作答：

【思考过程】：...

【最终答案】：AB / BCE / CD / DE / E / ...（只输出选项的编号，不要写选项内容）

示例：
题目：医疗伦理中四大基本原则是？
A.尊重自主权
B.善意行为
C.无害原则
D.公正原则
E.以上都不是
【思考过程】：本题考查医学伦理的四大基本原则，包括尊重自主权、不伤害原则、行善原则、公正原则。

【最终答案】：ABCD

题目：以下哪些情形下，医疗机构对患者在诊疗活动中受到的损害不承担赔偿责任？
A.患者不配合诊疗但医疗机构存在操作过失
B.抢救呼吸衰竭患者时因设备突发故障导致并发症
C.患者家属拒绝签署手术同意书导致延误治疗
D.未向患者充分说明药物过敏风险
E.医生根据全国最新诊疗指南实施手术后仍出现并发症
F.受限于当地医疗条件无法诊断的罕见病
【思考过程】：",CEF,Qwen3-235B-A22B,"【思考过程】：根据《民法典》第一千二百二十四条，医疗机构免责情形包括：患者不配合诊疗且机构无过错、紧急抢救中的不可预见情况、医疗水平限制。  
选项C中家属拒绝签字导致延误，属患方不配合且医方无过错，免责；  
选项E中按最新指南操作后出现并发症，属医疗规范允许的风险，免责；  
选项F中因当地医疗条件无法诊断罕见病，属医疗水平限制，免责；  
选项B设备突发故障若因日常维护不足则属医方过失，题目未明确维护责任，倾向需担责；  
选项A患者不配合但医方存在过失，需共同担责；选项D未充分告知属医方过错。  

【最终答案】：CEF",客观题,CEF
医患关系,"你是一个严格按照要求答题的医学考试考生。请你先展示出完整的思考过程，然后再输出最终答案。每道题目有至少两个选项（A、B）至多五个选项（A、B、C、D、E），题目为不定项选择题，请按照以下格式作答：

【思考过程】：...

【最终答案】：AB / BCE / CD / DE / E / ...（只输出选项的编号，不要写选项内容）

示例：
题目：医疗伦理中四大基本原则是？
A.尊重自主权
B.善意行为
C.无害原则
D.公正原则
E.以上都不是
【思考过程】：本题考查医学伦理的四大基本原则，包括尊重自主权、不伤害原则、行善原则、公正原则。

【最终答案】：ABCD

题目：在下列哪种情形下，医疗机构对患者诊疗活动中受到的损害不承担赔偿责任？
A.医疗机构拒绝向家属提供纸质病历副本
B.患者未按医嘱连续服用降压药物导致病情恶化
C.护士在静脉穿刺时未严格执行无菌操作规范
D.患者近亲属隐瞒其青霉素过敏史
【思考过程】：",BD,Qwen3-235B-A22B,"【思考过程】：本题考查医疗机构免责情形。根据《民法典》第1224条，医疗机构不承担赔偿责任的情形包括：患者不配合诊疗（如B选项患者未按医嘱服药）、患者隐瞒重要信息（如D选项隐瞒过敏史）。而A选项涉及病历提供义务，但拒绝提供副本不直接导致损害免责；C选项属医疗过失，应承担责任。

【最终答案】：BD",客观题,BD
医患关系,"你是一个严格按照要求答题的医学考试考生。请你先展示出完整的思考过程，然后再输出最终答案。每道题目有至少两个选项（A、B）至多五个选项（A、B、C、D、E），题目为不定项选择题，请按照以下格式作答：

【思考过程】：...

【最终答案】：AB / BCE / CD / DE / E / ...（只输出选项的编号，不要写选项内容）

示例：
题目：医疗伦理中四大基本原则是？
A.尊重自主权
B.善意行为
C.无害原则
D.公正原则
E.以上都不是
【思考过程】：本题考查医学伦理的四大基本原则，包括尊重自主权、不伤害原则、行善原则、公正原则。

【最终答案】：ABCD

题目：下列哪项属于医疗机构必须填写并妥善保管的病历资料？
A.门诊诊断书
B.检验报告
C.入院费用明细
D.护理记录
E.门诊预约记录
【思考过程】：",ABD,Qwen3-235B-A22B,"【思考过程】：根据《病历书写基本规范》，医疗机构必须保存的病历资料包括与诊疗直接相关的医疗记录。门诊诊断书（A）是医生对患者病情的正式诊断结论，属于医疗记录的核心内容；检验报告（B）直接反映患者的生理病理状况，是诊疗的重要依据；护理记录（D）详细记载患者住院期间的护理过程，均属于必须保存的病历资料。入院费用明细（C）和门诊预约记录（E）属于医院管理或财务流程，不直接涉及诊疗过程，因此不属于病历资料范畴。

【最终答案】：ABD",客观题,ABD
医患关系,"你是一个严格按照要求答题的医学考试考生。请你先展示出完整的思考过程，然后再输出最终答案。每道题目有至少两个选项（A、B）至多五个选项（A、B、C、D、E），题目为不定项选择题，请按照以下格式作答：

【思考过程】：...

【最终答案】：AB / BCE / CD / DE / E / ...（只输出选项的编号，不要写选项内容）

示例：
题目：医疗伦理中四大基本原则是？
A.尊重自主权
B.善意行为
C.无害原则
D.公正原则
E.以上都不是
【思考过程】：本题考查医学伦理的四大基本原则，包括尊重自主权、不伤害原则、行善原则、公正原则。

【最终答案】：ABCD

题目：以下哪些情形中医疗机构或其医务人员可能需承担侵权责任？
A.医生将患者电话号码泄露给医药代表导致患者被骚扰
B.未经患者同意向家属公开其完整电子病历
C.在学术会议中使用患者匿名病历讨论治疗方案
D.因医院系统漏洞导致患者血型信息在院内公共屏公示
【思考过程】：",ABD,Qwen3-235B-A22B,"【思考过程】：本题考查医疗机构及医务人员侵权责任的适用情形。根据《民法典》相关规定：  
1. **选项A**：医生故意泄露患者个人信息（如电话号码），违反隐私保护义务，直接侵犯患者隐私权，医疗机构需承担侵权责任。  
2. **选项B**：未经患者同意公开完整病历，属于擅自披露患者隐私，构成侵权。  
3. **选项C**：使用匿名化病历进行学术讨论通常不构成侵权，因已去除可识别身份信息，符合学术规范。  
4. **选项D**：医院系统漏洞导致患者血型信息泄露（如公共屏幕公示），属于未采取合理措施保护患者信息，医疗机构存在过错，需承担责任。  

【最终答案】：ABD",客观题,ABD
医患关系,"你是一个严格按照要求答题的医学考试考生。请你先展示出完整的思考过程，然后再输出最终答案。每道题目有至少两个选项（A、B）至多五个选项（A、B、C、D、E），题目为不定项选择题，请按照以下格式作答：

【思考过程】：...

【最终答案】：AB / BCE / CD / DE / E / ...（只输出选项的编号，不要写选项内容）

示例：
题目：医疗伦理中四大基本原则是？
A.尊重自主权
B.善意行为
C.无害原则
D.公正原则
E.以上都不是
【思考过程】：本题考查医学伦理的四大基本原则，包括尊重自主权、不伤害原则、行善原则、公正原则。

【最终答案】：ABCD

题目：下列哪些行为违反了医疗卫生人员职业伦理规范？
A.为增加收入要求患者进行不必要的重复检查
B.经家属多次请求后接受其赠送的购物卡
C.以加快手术排期为条件暗示患者支付额外费用
D.因患者症状轻微仍开具不必要的高价药物
E.根据病程发展调整抗生素使用剂量
【思考过程】：",ABCD,Qwen3-235B-A22B,"【思考过程】：本题考查医疗卫生人员职业伦理规范的违规行为。A选项属于过度医疗牟利，违反不伤害和行善原则；B选项接受患者家属礼物，存在利益冲突，违反职业操守；C选项属于索贿行为，严重违规；D选项为过度用药，违背行善原则；E选项为合理调整治疗方案，符合规范。

【最终答案】：ABCD",客观题,ABCD
医患关系,"你是一个严格按照要求答题的医学考试考生。请你先展示出完整的思考过程，然后再输出最终答案。每道题目有至少两个选项（A、B）至多五个选项（A、B、C、D、E），题目为不定项选择题，请按照以下格式作答：

【思考过程】：...

【最终答案】：AB / BCE / CD / DE / E / ...（只输出选项的编号，不要写选项内容）

示例：
题目：医疗伦理中四大基本原则是？
A.尊重自主权
B.善意行为
C.无害原则
D.公正原则
E.以上都不是
【思考过程】：本题考查医学伦理的四大基本原则，包括尊重自主权、不伤害原则、行善原则、公正原则。

【最终答案】：ABCD

题目：以下哪些属于医疗机构及其医务人员在诊疗活动中依法应当履行的义务？
A.以患者为中心并遵守诊疗规范
B.加强人文关怀
C.优先保障治疗效率最大化
D.定期开展法规培训
E.确保患者投诉优先处理
【思考过程】：",ABD,Qwen3-235B-A22B,"【思考过程】：本题考查医疗机构及医务人员的法定义务。根据《医疗机构管理条例》及相关法规，A项“以患者为中心并遵守诊疗规范”是基本义务；B项“加强人文关怀”属于医德医风建设内容；D项“定期开展法规培训”是明确要求。C项“治疗效率最大化”可能违反合理诊疗原则，E项“投诉优先处理”无明确法律依据。

【最终答案】：ABD",客观题,ABD
医患关系,"你是一个严格按照要求答题的医学考试考生。请你先展示出完整的思考过程，然后再输出最终答案。每道题目有至少两个选项（A、B）至多五个选项（A、B、C、D、E），题目为不定项选择题，请按照以下格式作答：

【思考过程】：...

【最终答案】：AB / BCE / CD / DE / E / ...（只输出选项的编号，不要写选项内容）

示例：
题目：医疗伦理中四大基本原则是？
A.尊重自主权
B.善意行为
C.无害原则
D.公正原则
E.以上都不是
【思考过程】：本题考查医学伦理的四大基本原则，包括尊重自主权、不伤害原则、行善原则、公正原则。

【最终答案】：ABCD

题目：在哪种情况下，医务人员可未经患者或其近亲属书面同意直接实施救治？
A.患者昏迷且无法联系近亲属时的常规手术
B.门诊患者拒绝治疗但情况不危急
C.病情危急无法取得意见且经机构负责人批准
D.患者清醒但不愿听取医疗方案说明
【思考过程】：",C,Qwen3-235B-A22B,"【思考过程】：本题考查医务人员紧急救治权的适用条件。根据《中华人民共和国侵权责任法》第五十六条，当患者病情危急且无法取得其或近亲属意见时，经医疗机构负责人批准，可立即实施救治。选项C明确符合这一条件。选项A中“常规手术”未明确病情危急程度，若非紧急情况则不适用。选项B和D均不符合紧急救治的法定前提。

【最终答案】：C",客观题,C
医患关系,"你是一个严格按照要求答题的医学考试考生。请你先展示出完整的思考过程，然后再输出最终答案。每道题目有至少两个选项（A、B）至多五个选项（A、B、C、D、E），题目为不定项选择题，请按照以下格式作答：

【思考过程】：...

【最终答案】：AB / BCE / CD / DE / E / ...（只输出选项的编号，不要写选项内容）

示例：
题目：医疗伦理中四大基本原则是？
A.尊重自主权
B.善意行为
C.无害原则
D.公正原则
E.以上都不是
【思考过程】：本题考查医学伦理的四大基本原则，包括尊重自主权、不伤害原则、行善原则、公正原则。

【最终答案】：ABCD

题目：以下哪种行为违反了医德廉洁自律要求？
A.不参加药企赞助的学术会议
B.收取患者赠送的贵重礼品
C.推荐患者到指定药店购药以获取提成
D.私自将患者信息出售给第三方机构
【思考过程】：",BCD,Qwen3-235B-A22B,"【思考过程】：医德廉洁自律要求医务人员不得收受贵重礼品（B）、不得因利益诱导患者消费（C）、保护患者隐私（D）。而A选项行为符合规范，不构成违规。

【最终答案】：BCD",客观题,BCD
医患关系,"你是一个严格按照要求答题的医学考试考生。请你先展示出完整的思考过程，然后再输出最终答案。每道题目有至少两个选项（A、B）至多五个选项（A、B、C、D、E），题目为不定项选择题，请按照以下格式作答：

【思考过程】：...

【最终答案】：AB / BCE / CD / DE / E / ...（只输出选项的编号，不要写选项内容）

示例：
题目：医疗伦理中四大基本原则是？
A.尊重自主权
B.善意行为
C.无害原则
D.公正原则
E.以上都不是
【思考过程】：本题考查医学伦理的四大基本原则，包括尊重自主权、不伤害原则、行善原则、公正原则。

【最终答案】：ABCD

题目：护士在履行护理职责时，下列哪项不属于规定必须包含的内容？
A.医学照顾与病情观察
B.健康教育与药物处方开具
C.协助诊疗与健康管理师资格培训
D.心理支持与康复指导
【思考过程】：",BC,Qwen3-235B-A22B,"【思考过程】：本题考查护士职责范围。护士的核心职责包括医学照顾、病情观察（A正确）、协助诊疗（C前半部分正确）、健康教育（B前半部分正确）、心理支持与康复指导（D正确）。药物处方开具属于医师职责，护士无权开具处方（B后半部分错误）。健康管理师资格培训并非护士执业的法定要求，属于额外资格认证，不在护理职责范畴内（C后半部分错误）。因此，B和C中的部分内容不属于护士必须包含的职责。

【最终答案】：BC",客观题,BC
医患关系,"你是一个严格按照要求答题的医学考试考生。请你先展示出完整的思考过程，然后再输出最终答案。每道题目有至少两个选项（A、B）至多五个选项（A、B、C、D、E），题目为不定项选择题，请按照以下格式作答：

【思考过程】：...

【最终答案】：AB / BCE / CD / DE / E / ...（只输出选项的编号，不要写选项内容）

示例：
题目：医疗伦理中四大基本原则是？
A.尊重自主权
B.善意行为
C.无害原则
D.公正原则
E.以上都不是
【思考过程】：本题考查医学伦理的四大基本原则，包括尊重自主权、不伤害原则、行善原则、公正原则。

【最终答案】：ABCD

题目：护士在发现患者病情危急时，以下哪种做法符合相关法律法规？
A.立即通知医师并全程记录病情变化
B.优先联系患者家属说明情况
C.在医师未到达时拒绝实施任何救护措施
D.为抢救生命直接实施心脏电除颤操作
E.立即通知医师并在紧急情况下实施必要救护
【思考过程】：",AE,Qwen3-235B-A22B,"【思考过程】：本题考查护士在患者病情危急时的法律合规操作。根据《护士条例》第二十一条，护士在执业过程中遇紧急情况时，应立即通知医师，并可在紧急情况下实施必要的救护措施（如心肺复苏、使用AED等），并在实施后立即报告医师。  
- **选项A**：立即通知医师并全程记录病情变化，符合法规要求，记录病情是护士的职责。  
- **选项B**：优先联系家属不符合优先救治原则，错误。  
- **选项C**：拒绝实施任何救护措施违反紧急救护义务，错误。  
- **选项D**：心脏电除颤属于必要救护措施（如患者心跳骤停），在紧急情况下护士可实施，符合法规。  
- **选项E**：立即通知医师并在紧急情况下实施必要救护，全面涵盖法规要求。  

综上，选项A、D、E均符合法规。

【最终答案】：ADE",客观题,ADE
医患关系,"你是一个严格按照要求答题的医学考试考生。请你先展示出完整的思考过程，然后再输出最终答案。每道题目有至少两个选项（A、B）至多五个选项（A、B、C、D、E），题目为不定项选择题，请按照以下格式作答：

【思考过程】：...

【最终答案】：AB / BCE / CD / DE / E / ...（只输出选项的编号，不要写选项内容）

示例：
题目：医疗伦理中四大基本原则是？
A.尊重自主权
B.善意行为
C.无害原则
D.公正原则
E.以上都不是
【思考过程】：本题考查医学伦理的四大基本原则，包括尊重自主权、不伤害原则、行善原则、公正原则。

【最终答案】：ABCD

题目：医务人员在协同医师工作时，必须向患者解释说明的内容应包含以下哪些内容？
A.药物使用遴选、适应症、禁忌
B.适应症、禁忌、药品价格
C.适应症、禁忌、不良反应、药品生产厂家
D.药物遴选、适应症、禁忌、不良反应、注意事项、使用方法
E.指导患者调整药物剂量以节省费用
【思考过程】：",D,Qwen3-235B-A22B,"【思考过程】：医务人员必须向患者解释的内容应涵盖治疗方案的关键信息，包括药物选择的依据（遴选）、适应症、禁忌症、不良反应、使用方法及注意事项，以确保患者知情同意。选项D包含所有这些核心要素，而其他选项要么遗漏关键内容（如A缺少不良反应和方法），要么包含不必要信息（如B的药品价格、C的生产厂家）。E指导患者自行调整剂量违反医疗规范。

【最终答案】：D",客观题,D
医患关系,"你是一个严格按照要求答题的医学考试考生。请你先展示出完整的思考过程，然后再输出最终答案。每道题目有至少两个选项（A、B）至多五个选项（A、B、C、D、E），题目为不定项选择题，请按照以下格式作答：

【思考过程】：...

【最终答案】：AB / BCE / CD / DE / E / ...（只输出选项的编号，不要写选项内容）

示例：
题目：医疗伦理中四大基本原则是？
A.尊重自主权
B.善意行为
C.无害原则
D.公正原则
E.以上都不是
【思考过程】：本题考查医学伦理的四大基本原则，包括尊重自主权、不伤害原则、行善原则、公正原则。

【最终答案】：ABCD

题目：以下哪个行为符合医患关系中的伦理要求？
A.主动减少患者家属的担忧
B.积极配合临床诊疗
C.巧妙探问患者隐私用于研究
D.保护患者隐私
E.优先履行医院创收指标
【思考过程】：",ABD,Qwen3-235B-A22B,"【思考过程】：本题考查医患关系中的伦理要求。医学伦理强调尊重患者隐私（D正确）、积极参与诊疗（B正确）。保护患者隐私属于保密原则，符合伦理；积极配合诊疗体现尽职尽责。而探问隐私用于研究（C）违反保密原则；优先创收（E）违背患者利益优先原则；减少家属担忧（A）虽可能体现善意，但题目未明确是否以患者权益为核心，故不选。

【最终答案】：BD",客观题,BD
医患关系,"你是一个严格按照要求答题的医学考试考生。请你先展示出完整的思考过程，然后再输出最终答案。每道题目有至少两个选项（A、B）至多五个选项（A、B、C、D、E），题目为不定项选择题，请按照以下格式作答：

【思考过程】：...

【最终答案】：AB / BCE / CD / DE / E / ...（只输出选项的编号，不要写选项内容）

示例：
题目：医疗伦理中四大基本原则是？
A.尊重自主权
B.善意行为
C.无害原则
D.公正原则
E.以上都不是
【思考过程】：本题考查医学伦理的四大基本原则，包括尊重自主权、不伤害原则、行善原则、公正原则。

【最终答案】：ABCD

题目：在医患关系中，以下哪些是医务人员必须履行的职责？
A.指导患者配合检查
B.对接触放射性物质的人员仅告知风险
C.帮助患者查询检查结果
D.对接触传染性物质的人员不采取任何防护措施
E.对接触传染性物质的人员进行风险告知并给予防护
【思考过程】：",ACE,Qwen3-235B-A22B,"【思考过程】：医务人员的职责包括指导患者配合检查（A），对接触传染性物质的人员进行风险告知和防护（E）。帮助患者查询检查结果（C）也是职责的一部分，因为医务人员需确保患者了解其结果。选项B仅告知风险而未采取防护措施不合规，选项D不采取防护措施明显错误。

【最终答案】：ACE",客观题,ACE
医患关系,"你是一个严格按照要求答题的医学考试考生。请你先展示出完整的思考过程，然后再输出最终答案。每道题目有至少两个选项（A、B）至多五个选项（A、B、C、D、E），题目为不定项选择题，请按照以下格式作答：

【思考过程】：...

【最终答案】：AB / BCE / CD / DE / E / ...（只输出选项的编号，不要写选项内容）

示例：
题目：医疗伦理中四大基本原则是？
A.尊重自主权
B.善意行为
C.无害原则
D.公正原则
E.以上都不是
【思考过程】：本题考查医学伦理的四大基本原则，包括尊重自主权、不伤害原则、行善原则、公正原则。

【最终答案】：ABCD

题目：医疗机构在保障医患关系时可以采取以下哪些措施？
A.建立医疗安全与风险管理体系制度
B.利用医疗责任保险分担风险
C.缩减高风险科室的规模
D.制订医疗纠纷处理预案
E.完善患者投诉管理体系
F.定期公开医疗纠纷详细案件
【思考过程】：",ABDE,Qwen3-235B-A22B,"【思考过程】：医疗机构保障医患关系的核心措施包括风险管理、纠纷处理机制和患者沟通。A选项通过建立安全管理体系预防风险，符合规范；B选项利用保险分担风险是国际通行做法；D选项的纠纷预案能提升应对效率；E选项的投诉管理有助于及时纠正问题。C选项缩减高风险科室可能影响必要医疗服务，且未解决根本风险；F选项公开案件细节可能侵犯隐私，不符合医疗纠纷处理原则。

【最终答案】：ABDE",客观题,ABDE
医患关系,"你是一个严格按照要求答题的医学考试考生。请你先展示出完整的思考过程，然后再输出最终答案。每道题目有至少两个选项（A、B）至多五个选项（A、B、C、D、E），题目为不定项选择题，请按照以下格式作答：

【思考过程】：...

【最终答案】：AB / BCE / CD / DE / E / ...（只输出选项的编号，不要写选项内容）

示例：
题目：医疗伦理中四大基本原则是？
A.尊重自主权
B.善意行为
C.无害原则
D.公正原则
E.以上都不是
【思考过程】：本题考查医学伦理的四大基本原则，包括尊重自主权、不伤害原则、行善原则、公正原则。

【最终答案】：ABCD

题目：以下哪些做法违反了为患者保守秘密的医疗法规？
A.在科室内部会议上对患者病情进行匿名化讨论
B.在患者本人未授权的情况下，将诊疗结果告知其直系亲属
C.未经脱敏处理将患者诊疗数据上传至公共研究平台
D.在医院走廊用患者出生年份代替姓名谈论病情
E.通过医院安全系统调阅分管患者的完整病历
【思考过程】：",BCD,Qwen3-235B-A22B,"【思考过程】：本题考查医疗法规中关于患者隐私保护的规定。根据相关法规，医务人员需对患者隐私信息严格保密，除非获得患者授权或符合法定例外情形。选项分析如下：  
A. 科室内部会议匿名化讨论不涉及患者身份信息，不违反保密规定；  
B. 未经患者授权直接向亲属透露诊疗结果属于违规；  
C. 未脱敏的诊疗数据上传至公共平台导致隐私泄露，违反规定；  
D. 在公共区域使用部分身份信息谈论病情存在泄露风险，属于违规；  
E. 医务人员调阅分管患者病历属于职责范围内的合法行为。  

【最终答案】：BCD",客观题,BCD
医患关系,"你是一个严格按照要求答题的医学考试考生。请你先展示出完整的思考过程，然后再输出最终答案。每道题目有至少两个选项（A、B）至多五个选项（A、B、C、D、E），题目为不定项选择题，请按照以下格式作答：

【思考过程】：...

【最终答案】：AB / BCE / CD / DE / E / ...（只输出选项的编号，不要写选项内容）

示例：
题目：医疗伦理中四大基本原则是？
A.尊重自主权
B.善意行为
C.无害原则
D.公正原则
E.以上都不是
【思考过程】：本题考查医学伦理的四大基本原则，包括尊重自主权、不伤害原则、行善原则、公正原则。

【最终答案】：ABCD

题目：在安宁疗护医疗场景中，以下哪种情况医疗卫生人员必须依法取得患者或其近亲属的知情同意？
A.实施镇痛性脊髓电刺激手术
B.开展每周常规血压监测
C.使用新型镇痛药物开展临床效果研究
D.进行终末期生命体征的特殊检查
E.在患者意识清醒时向近亲属说明替代医疗方案
【思考过程】：",ACD,Qwen3-235B-A22B,"【思考过程】：本题考查安宁疗护中必须取得知情同意的情形。根据《民法典》相关规定，实施手术（A）、特殊检查（D）及临床研究（C）均需取得患者或其近亲属的书面同意。常规血压监测（B）属于低风险操作，无需单独知情同意。E选项中患者清醒时应直接向患者说明方案，而非必须向近亲属说明，因此不属于必须取得知情同意的情形。

【最终答案】：ACD",客观题,ACD
医患关系,"你是一个严格按照要求答题的医学考试考生。请你先展示出完整的思考过程，然后再输出最终答案。每道题目有至少两个选项（A、B）至多五个选项（A、B、C、D、E），题目为不定项选择题，请按照以下格式作答：

【思考过程】：...

【最终答案】：AB / BCE / CD / DE / E / ...（只输出选项的编号，不要写选项内容）

示例：
题目：医疗伦理中四大基本原则是？
A.尊重自主权
B.善意行为
C.无害原则
D.公正原则
E.以上都不是
【思考过程】：本题考查医学伦理的四大基本原则，包括尊重自主权、不伤害原则、行善原则、公正原则。

【最终答案】：ABCD

题目：在安宁疗护中，以下哪两项属于患者的权利义务范畴？
A.医疗机构可以强制要求患者接受特定治疗
B.患者的隐私权和人格尊严应被保护
C.患者需遵守医疗卫生机构制定的诊疗秩序
D.医务人员可未经许可公开患者病情信息
E.患者可拒绝接受所有医疗建议
【思考过程】：",BC,Qwen3-235B-A22B,"【思考过程】：安宁疗护中，患者的权利包括隐私权（B）、人格尊严保护，以及拒绝治疗的权利（E）。义务包括遵守医疗机构秩序（C）。选项A和D明显错误。E选项的“拒绝所有医疗建议”可能存在绝对性争议，但在安宁疗护框架下，患者通常有权拒绝治疗，因此E属于权利范畴。综合来看，B（权利）、C（义务）、E（权利）均符合，但题目要求至少两个选项，需根据常规考题设定判断。若选两项，优先B（隐私权）和C（遵守秩序义务）。

【最终答案】：BC",客观题,BC
医患关系,"你是一个严格按照要求答题的医学考试考生。请你先展示出完整的思考过程，然后再输出最终答案。每道题目有至少两个选项（A、B）至多五个选项（A、B、C、D、E），题目为不定项选择题，请按照以下格式作答：

【思考过程】：...

【最终答案】：AB / BCE / CD / DE / E / ...（只输出选项的编号，不要写选项内容）

示例：
题目：医疗伦理中四大基本原则是？
A.尊重自主权
B.善意行为
C.无害原则
D.公正原则
E.以上都不是
【思考过程】：本题考查医学伦理的四大基本原则，包括尊重自主权、不伤害原则、行善原则、公正原则。

【最终答案】：ABCD

题目：医疗卫生机构开展安宁疗护服务时，需要遵守以下哪些规范性文件？
A.临床诊疗指南
B.医院内部操作惯例
C.临床技术操作规范
D.行业标准
E.家属特殊书面要求
【思考过程】：",ACD,Qwen3-235B-A22B,"【思考过程】：安宁疗护服务需遵循权威性规范文件。临床诊疗指南（A）和技术操作规范（C）由专业机构制定，具有强制性；行业标准（D）同样属于必须遵守的范畴。医院内部惯例（B）和家属要求（E）不具备规范性文件的法律效力。

【最终答案】：ACD",客观题,ACD
医患关系,"你是一个严格按照要求答题的医学考试考生。请你先展示出完整的思考过程，然后再输出最终答案。每道题目有至少两个选项（A、B）至多五个选项（A、B、C、D、E），题目为不定项选择题，请按照以下格式作答：

【思考过程】：...

【最终答案】：AB / BCE / CD / DE / E / ...（只输出选项的编号，不要写选项内容）

示例：
题目：医疗伦理中四大基本原则是？
A.尊重自主权
B.善意行为
C.无害原则
D.公正原则
E.以上都不是
【思考过程】：本题考查医学伦理的四大基本原则，包括尊重自主权、不伤害原则、行善原则、公正原则。

【最终答案】：ABCD

题目：以下哪个处理公民个人健康信息的行为是合法的？
A.未经本人同意收集肿瘤病史信息
B.向保险公司出售患者临终关怀记录
C.将老年痴呆患者的病历传输给商业机构
D.取得授权后用于多中心安宁疗护研究
E.经配偶同意后出售患者健康数据
【思考过程】：",D,Qwen3-235B-A22B,"【思考过程】：根据《个人信息保护法》及《基本医疗卫生与健康促进法》，个人健康信息处理需经本人明确同意或授权。A选项未经本人同意收集信息违法；B选项出售信息给保险公司未经同意违法；C选项未经同意传输病历给商业机构违法；D选项取得授权后用于科研符合规定；E选项配偶同意不等于本人授权，仍违法。

【最终答案】：D",客观题,D
医患关系,"你是一个严格按照要求答题的医学考试考生。请你先展示出完整的思考过程，然后再输出最终答案。每道题目有至少两个选项（A、B）至多五个选项（A、B、C、D、E），题目为不定项选择题，请按照以下格式作答：

【思考过程】：...

【最终答案】：AB / BCE / CD / DE / E / ...（只输出选项的编号，不要写选项内容）

示例：
题目：医疗伦理中四大基本原则是？
A.尊重自主权
B.善意行为
C.无害原则
D.公正原则
E.以上都不是
【思考过程】：本题考查医学伦理的四大基本原则，包括尊重自主权、不伤害原则、行善原则、公正原则。

【最终答案】：ABCD

题目：在安宁疗护服务中，医疗卫生人员的下列哪些行为可能面临行政处罚？
A.向患者家属暗示需要礼品才优先安排护理服务
B.将患者病情细节上传至社交平台
C.开展新型镇痛疗法研究时未向伦理委员会申报
D.擅自将家属签字的手术同意书销毁
E.未取得患者同意即进行高风险生命维持操作
【思考过程】：",ABCDE,Qwen3-235B-A22B,"【思考过程】：本题考查安宁疗护服务中可能面临行政处罚的违规行为。  
A选项涉及索要礼品，违反廉洁从业规定，属违规行为；  
B选项泄露患者隐私，违反隐私保护法规；  
C选项未申报伦理审查，违反科研伦理规范；  
D选项销毁医疗文书，违反病历管理制度；  
E选项未取得知情同意即实施高风险操作，侵犯患者权利。  
上述行为均符合《执业医师法》《医疗机构管理条例》《民法典》等规定的行政处罚情形。  

【最终答案】：ABCDE",客观题,ABCDE
医患关系,"你是一个严格按照要求答题的医学考试考生。请你先展示出完整的思考过程，然后再输出最终答案。每道题目有至少两个选项（A、B）至多五个选项（A、B、C、D、E），题目为不定项选择题，请按照以下格式作答：

【思考过程】：...

【最终答案】：AB / BCE / CD / DE / E / ...（只输出选项的编号，不要写选项内容）

示例：
题目：医疗伦理中四大基本原则是？
A.尊重自主权
B.善意行为
C.无害原则
D.公正原则
E.以上都不是
【思考过程】：本题考查医学伦理的四大基本原则，包括尊重自主权、不伤害原则、行善原则、公正原则。

【最终答案】：ABCD

题目：以下哪些行为违反了""禁止对老年人实施家庭暴力""的规定？
A.未告知患者替老年痴呆症患者签署镇静剂使用同意书
B.要求患有高血压的老年人每日转账才提供饮食
C.三个月未更换失能老人的褥疮护理用品
D.因认知退化频繁指责老人""活着是累赘""
E.监护人限制有走失风险老人单独外出时间
【思考过程】：",BCD,Qwen3-235B-A22B,"【思考过程】：分析各选项是否符合家庭暴力的定义：B（经济及身体虐待）、C（疏忽导致身体伤害）、D（精神虐待）均属于家庭暴力。A涉及医疗代理决策，若未违反患者意愿且符合程序则不构成暴力；E属于合理监护措施。

【最终答案】：BCD",客观题,BCD
医患关系,"你是一个严格按照要求答题的医学考试考生。请你先展示出完整的思考过程，然后再输出最终答案。每道题目有至少两个选项（A、B）至多五个选项（A、B、C、D、E），题目为不定项选择题，请按照以下格式作答：

【思考过程】：...

【最终答案】：AB / BCE / CD / DE / E / ...（只输出选项的编号，不要写选项内容）

示例：
题目：医疗伦理中四大基本原则是？
A.尊重自主权
B.善意行为
C.无害原则
D.公正原则
E.以上都不是
【思考过程】：本题考查医学伦理的四大基本原则，包括尊重自主权、不伤害原则、行善原则、公正原则。

【最终答案】：ABCD

题目：以下哪些服务属于医疗机构应为老年人提供的医疗服务范畴？
A.家庭病床服务
B.专场商业健康讲座
C.巡回医疗和护理
D.付费体检项目
E.社区急救技能培训
【思考过程】：",AC,Qwen3-235B-A22B,"【思考过程】：医疗机构为老年人提供的医疗服务应侧重于医疗护理和健康支持。家庭病床服务（A）和巡回医疗和护理（C）直接满足行动不便老年人的医疗需求；社区急救技能培训（E）提升老年人应对突发状况的能力，属于预防性健康服务。专场商业健康讲座（B）可能带有营销性质，付费体检项目（D）通常属于自费增值服务，并非基础医疗服务范畴。

【最终答案】：ACE",客观题,ACE
医患关系,"你是一个严格按照要求答题的医学考试考生。请你先展示出完整的思考过程，然后再输出最终答案。每道题目有至少两个选项（A、B）至多五个选项（A、B、C、D、E），题目为不定项选择题，请按照以下格式作答：

【思考过程】：...

【最终答案】：AB / BCE / CD / DE / E / ...（只输出选项的编号，不要写选项内容）

示例：
题目：医疗伦理中四大基本原则是？
A.尊重自主权
B.善意行为
C.无害原则
D.公正原则
E.以上都不是
【思考过程】：本题考查医学伦理的四大基本原则，包括尊重自主权、不伤害原则、行善原则、公正原则。

【最终答案】：ABCD

题目：以下哪些属于安宁疗护的核心服务内容？
A.优先治愈终末期疾病
B.提供躯体症状的缓解措施
C.个性化宗教仪式服务
D.患者精神心理辅导
E.协调患者社会支持体系
【思考过程】：",BDE,Qwen3-235B-A22B,"【思考过程】：安宁疗护的核心服务内容包括缓解躯体症状（B）、提供精神心理辅导（D）以及协调社会支持体系（E）。选项A强调治愈疾病，与安宁疗护的缓和目标相悖；选项C虽涉及精神需求，但“个性化宗教仪式”属于具体实施方式而非核心服务本身。

【最终答案】：BDE",客观题,BDE
医患关系,"你是一个严格按照要求答题的医学考试考生。请你先展示出完整的思考过程，然后再输出最终答案。每道题目有至少两个选项（A、B）至多五个选项（A、B、C、D、E），题目为不定项选择题，请按照以下格式作答：

【思考过程】：...

【最终答案】：AB / BCE / CD / DE / E / ...（只输出选项的编号，不要写选项内容）

示例：
题目：医疗伦理中四大基本原则是？
A.尊重自主权
B.善意行为
C.无害原则
D.公正原则
E.以上都不是
【思考过程】：本题考查医学伦理的四大基本原则，包括尊重自主权、不伤害原则、行善原则、公正原则。

【最终答案】：ABCD

题目：以下哪一项不属于老年安宁疗护病区的主要服务内容？
A.症状控制与身体痛苦缓解
B.家属经济援助计划
C.患者家属哀伤辅导
D.积极延长寿​命的医疗干预
E.精神心理支持与社会关怀
【思考过程】：",BD,Qwen3-235B-A22B,"【思考过程】：本题考查老年安宁疗护病区的服务内容。安宁疗护的核心是缓解患者身体痛苦、提供心理社会支持、协助家属应对哀伤，而非延长生命或提供经济援助。选项D“积极延长寿命的医疗干预”违背安宁疗护“不加速也不延缓死亡”的原则，明显不属于服务内容。选项B“家属经济援助计划”虽可能间接存在，但并非主要服务内容，其核心仍聚焦于医疗、心理及社会支持（A、C、E）。因此，不属于的选项为B和D。

【最终答案】：BD",客观题,BD
医患关系,"你是一个严格按照要求答题的医学考试考生。请你先展示出完整的思考过程，然后再输出最终答案。每道题目有至少两个选项（A、B）至多五个选项（A、B、C、D、E），题目为不定项选择题，请按照以下格式作答：

【思考过程】：...

【最终答案】：AB / BCE / CD / DE / E / ...（只输出选项的编号，不要写选项内容）

示例：
题目：医疗伦理中四大基本原则是？
A.尊重自主权
B.善意行为
C.无害原则
D.公正原则
E.以上都不是
【思考过程】：本题考查医学伦理的四大基本原则，包括尊重自主权、不伤害原则、行善原则、公正原则。

【最终答案】：ABCD

题目：根据临终关怀室隐私保护要求，以下哪两项措施符合规定？
A.每床位加装透明玻璃窗方便观察
B.相邻床位之间使用高密度隔音板
C.采用可移动屏风替代物理隔断
D.每个床位区域配备独立呼叫系统
【思考过程】：",BD,Qwen3-235B-A22B,"【思考过程】：临终关怀室隐私保护需兼顾视觉和听觉隐私。A选项透明玻璃窗会暴露患者视觉隐私，不符合要求。B选项高密度隔音板能有效防止声音传播，保护听觉隐私。C选项可移动屏风替代物理隔断可能降低隐私保护效果（如高度不足或易移动），不符合规定。D选项独立呼叫系统避免患者信息通过公共系统泄露，符合隐私保护。

【最终答案】：BD",客观题,BD
医患关系,"你是一个严格按照要求答题的医学考试考生。请你先展示出完整的思考过程，然后再输出最终答案。每道题目有至少两个选项（A、B）至多五个选项（A、B、C、D、E），题目为不定项选择题，请按照以下格式作答：

【思考过程】：...

【最终答案】：AB / BCE / CD / DE / E / ...（只输出选项的编号，不要写选项内容）

示例：
题目：医疗伦理中四大基本原则是？
A.尊重自主权
B.善意行为
C.无害原则
D.公正原则
E.以上都不是
【思考过程】：本题考查医学伦理的四大基本原则，包括尊重自主权、不伤害原则、行善原则、公正原则。

【最终答案】：ABCD

题目：以下哪些做法符合安宁疗护服务中关于维护服务对象权益和尊严的要求？
A. 在多人病房内设置独立隔间保护隐私
B. 强制使用镇静剂以减少患者情绪波动
C. 征得患者同意后再调整镇痛方案
D. 允许家属参与护理决策但忽略患者本人意愿
E. 在走廊讨论病情以便快速协调医疗资源
【思考过程】：",AC,Qwen3-235B-A22B,"【思考过程】：安宁疗护强调尊重患者自主权、隐私权及尊严。A选项通过设置独立隔间保护隐私，符合要求；B选项强制镇静剂违背自主权；C选项调整镇痛方案前征得患者同意体现尊重自主；D选项忽略患者本人意愿不符合尊重原则；E选项在走廊讨论病情泄露隐私。因此，正确选项为A、C。

【最终答案】：AC",客观题,AC
医患关系,"你是一个严格按照要求答题的医学考试考生。请你先展示出完整的思考过程，然后再输出最终答案。每道题目有至少两个选项（A、B）至多五个选项（A、B、C、D、E），题目为不定项选择题，请按照以下格式作答：

【思考过程】：...

【最终答案】：AB / BCE / CD / DE / E / ...（只输出选项的编号，不要写选项内容）

示例：
题目：医疗伦理中四大基本原则是？
A.尊重自主权
B.善意行为
C.无害原则
D.公正原则
E.以上都不是
【思考过程】：本题考查医学伦理的四大基本原则，包括尊重自主权、不伤害原则、行善原则、公正原则。

【最终答案】：ABCD

题目：以下哪项措施属于安宁疗护中医护人员指导下的舒缓不适症状实施内容？
A.手术治疗
B.用药
C.各种专业护理措施
D.心理治疗
E.陪伴交流
【思考过程】：",BCE,Qwen3-235B-A22B,"【思考过程】：安宁疗护的核心在于通过药物、护理、心理干预及人文关怀等手段缓解终末期患者不适症状。A项手术治疗属于侵入性治疗手段，通常用于病因治疗而非症状缓解；B项用药（如镇痛、镇静药物）直接针对症状；C项专业护理措施（如体位调整、皮肤护理）可预防或减轻并发症；D项心理治疗和E项陪伴交流均属于心理社会支持范畴，符合安宁疗护目标。

【最终答案】：BCDE",客观题,BCDE
医患关系,"你是一个严格按照要求答题的医学考试考生。请你先展示出完整的思考过程，然后再输出最终答案。每道题目有至少两个选项（A、B）至多五个选项（A、B、C、D、E），题目为不定项选择题，请按照以下格式作答：

【思考过程】：...

【最终答案】：AB / BCE / CD / DE / E / ...（只输出选项的编号，不要写选项内容）

示例：
题目：医疗伦理中四大基本原则是？
A.尊重自主权
B.善意行为
C.无害原则
D.公正原则
E.以上都不是
【思考过程】：本题考查医学伦理的四大基本原则，包括尊重自主权、不伤害原则、行善原则、公正原则。

【最终答案】：ABCD

题目：在安宁疗护中，以下哪些属于医护人员的核心服务内容？
A.实施手术治愈疾病
B.进行症状控制
C.使用昂贵仪器延长生命
D.缓解服务对象的痛苦
E.提供化疗治疗方案
【思考过程】：",BD,Qwen3-235B-A22B,"【思考过程】：安宁疗护的核心目标是缓解患者痛苦、控制症状，而非以治愈或延长生命为主要目的。选项B（症状控制）和D（缓解痛苦）直接对应其核心服务内容。A（手术治愈）和E（化疗方案）属于积极治疗手段，C（昂贵仪器延长生命）属于生命维持措施，均不符合安宁疗护原则。

【最终答案】：BD",客观题,BD
医患关系,"你是一个严格按照要求答题的医学考试考生。请你先展示出完整的思考过程，然后再输出最终答案。每道题目有至少两个选项（A、B）至多五个选项（A、B、C、D、E），题目为不定项选择题，请按照以下格式作答：

【思考过程】：...

【最终答案】：AB / BCE / CD / DE / E / ...（只输出选项的编号，不要写选项内容）

示例：
题目：医疗伦理中四大基本原则是？
A.尊重自主权
B.善意行为
C.无害原则
D.公正原则
E.以上都不是
【思考过程】：本题考查医学伦理的四大基本原则，包括尊重自主权、不伤害原则、行善原则、公正原则。

【最终答案】：ABCD

题目：下列哪一选项不符合服务对象离世后的处理要求？
A.保持其身体清洁
B.调整其体位至自然状态
C.对其进行基本的外观整理以确保尊严
D.依照家属要求为其化妆以修饰外观
E.清洁其面部并维持温和表情
【思考过程】：",D,Qwen3-235B-A22B,"【思考过程】：本题考查对离世者遗体处理规范的理解。根据医疗护理伦理及殡葬处理原则，遗体处理需以尊重、清洁、维护尊严为基本原则。选项A（保持清洁）、B（调整自然体位）、C（整理外观）和E（清洁面部）均为基础要求，而D（化妆修饰）通常属于殡仪服务的特殊需求，并非基础处理的强制标准，因此不符合基本处理要求。

【最终答案】：D",客观题,D
医患关系,"你是一个严格按照要求答题的医学考试考生。请你先展示出完整的思考过程，然后再输出最终答案。每道题目有至少两个选项（A、B）至多五个选项（A、B、C、D、E），题目为不定项选择题，请按照以下格式作答：

【思考过程】：...

【最终答案】：AB / BCE / CD / DE / E / ...（只输出选项的编号，不要写选项内容）

示例：
题目：医疗伦理中四大基本原则是？
A.尊重自主权
B.善意行为
C.无害原则
D.公正原则
E.以上都不是
【思考过程】：本题考查医学伦理的四大基本原则，包括尊重自主权、不伤害原则、行善原则、公正原则。

【最终答案】：ABCD

题目：以下哪一项属于安宁疗护机构在患者离世后应履行的义务？
A.全权负责葬礼流程设计
B.协助相关第三方完成殡葬事宜
C.为家属提供哀伤心理辅导
D.向家属发放经济援助金
【思考过程】：",BC,Qwen3-235B-A22B,"【思考过程】：安宁疗护机构的核心职责是为临终患者及家属提供医疗、心理和社会支持。选项A“全权负责葬礼流程设计”属于殡葬服务范畴，非医疗机构义务；选项D“发放经济援助金”通常由慈善或政府机构承担。选项B“协助第三方完成殡葬事宜”符合机构可能提供的协调性支持（如联系殡仪馆、提供死亡证明等），选项C“为家属提供哀伤心理辅导”直接对应安宁疗护的心理支持职责。因此，B、C属于机构义务范围。

【最终答案】：BC",客观题,BC
医患关系,"你是一个严格按照要求答题的医学考试考生。请你先展示出完整的思考过程，然后再输出最终答案。每道题目有至少两个选项（A、B）至多五个选项（A、B、C、D、E），题目为不定项选择题，请按照以下格式作答：

【思考过程】：...

【最终答案】：AB / BCE / CD / DE / E / ...（只输出选项的编号，不要写选项内容）

示例：
题目：医疗伦理中四大基本原则是？
A.尊重自主权
B.善意行为
C.无害原则
D.公正原则
E.以上都不是
【思考过程】：本题考查医学伦理的四大基本原则，包括尊重自主权、不伤害原则、行善原则、公正原则。

【最终答案】：ABCD

题目：以下哪项措施最符合“加强评估和观察，防范意外”的要求？
A.在值班护士交班时集中检查体征
B.每天定时进行两次综合评估并记录行为异常风险
C.仅在患者主诉不适时安排专科医师会诊
D.要求家属每12小时提交书面病情报告
E.安装离床报警系统并实时监测睡眠状态
【思考过程】：",BE,Qwen3-235B-A22B,"【思考过程】：题目要求选择符合“加强评估和观察，防范意外”的措施。选项B通过定时综合评估和记录行为异常风险，直接体现了加强评估和观察的主动性和计划性；选项E利用离床报警系统实时监测，能有效实时防范意外（如跌倒）。选项A仅在交班时检查可能不够及时；C为被动应对；D依赖家属报告可能不可靠。因此，B和E最符合要求。

【最终答案】：BE",客观题,BE
医患关系,"你是一个严格按照要求答题的医学考试考生。请你先展示出完整的思考过程，然后再输出最终答案。每道题目有至少两个选项（A、B）至多五个选项（A、B、C、D、E），题目为不定项选择题，请按照以下格式作答：

【思考过程】：...

【最终答案】：AB / BCE / CD / DE / E / ...（只输出选项的编号，不要写选项内容）

示例：
题目：医疗伦理中四大基本原则是？
A.尊重自主权
B.善意行为
C.无害原则
D.公正原则
E.以上都不是
【思考过程】：本题考查医学伦理的四大基本原则，包括尊重自主权、不伤害原则、行善原则、公正原则。

【最终答案】：ABCD

题目：根据相关规定，对有自残、自杀倾向的安宁疗护服务对象应采取哪些措施？
A.早预防
B.早诊断
C.早发现
D.早干预
E.早治疗
【思考过程】：",ACD,Qwen3-235B-A22B,"【思考过程】：本题考查对安宁疗护中自残、自杀倾向患者的管理措施。安宁疗护强调对临终患者的心理社会支持和风险防控。对于存在自残或自杀倾向的患者，应采取预防性措施（A），及时识别风险信号（C），并实施干预（D）。""早诊断""（B）属于临床评估环节，而""早治疗""（E）侧重于疾病治疗，与安宁疗护""以缓和为主""的原则不符。因此，正确措施聚焦于预防、发现和干预三个环节。

【最终答案】：ACD",客观题,ACD
医患关系,"你是一个严格按照要求答题的医学考试考生。请你先展示出完整的思考过程，然后再输出最终答案。每道题目有至少两个选项（A、B）至多五个选项（A、B、C、D、E），题目为不定项选择题，请按照以下格式作答：

【思考过程】：...

【最终答案】：AB / BCE / CD / DE / E / ...（只输出选项的编号，不要写选项内容）

示例：
题目：医疗伦理中四大基本原则是？
A.尊重自主权
B.善意行为
C.无害原则
D.公正原则
E.以上都不是
【思考过程】：本题考查医学伦理的四大基本原则，包括尊重自主权、不伤害原则、行善原则、公正原则。

【最终答案】：ABCD

题目：以下哪些服务属于安宁疗护的规范化服务内容？
A.医疗干预服务
B.日常护理服务
C.心理咨询服务
D.法律纠纷调解服务
E.营养强化补充服务
【思考过程】：",ABC,Qwen3-235B-A22B,"【思考过程】：安宁疗护的核心服务包括医疗干预（如症状控制）、日常护理（如基础生活照护）、心理咨询（患者及家属心理支持）。法律纠纷调解和营养强化补充不属于其规范化服务内容，前者为特殊事务，后者可能违背安宁疗护以舒适为主的原则。

【最终答案】：ABC",客观题,ABC
医患关系,"你是一个严格按照要求答题的医学考试考生。请你先展示出完整的思考过程，然后再输出最终答案。每道题目有至少两个选项（A、B）至多五个选项（A、B、C、D、E），题目为不定项选择题，请按照以下格式作答：

【思考过程】：...

【最终答案】：AB / BCE / CD / DE / E / ...（只输出选项的编号，不要写选项内容）

示例：
题目：医疗伦理中四大基本原则是？
A.尊重自主权
B.善意行为
C.无害原则
D.公正原则
E.以上都不是
【思考过程】：本题考查医学伦理的四大基本原则，包括尊重自主权、不伤害原则、行善原则、公正原则。

【最终答案】：ABCD

题目：以下哪项做法符合安宁疗护的伦理要求？
A. 根据老年患者本人意愿制定护理计划
B. 完全按照老年人家属要求实施治疗
C. 综合老年人与家属意愿提供全面照护以提高临终生活质量
D. 以延长生存时间为目标采取积极抢救措施
E. 在家属反对时根据患者意愿停止心理支持
【思考过程】：",C,Qwen3-235B-A22B,"【思考过程】：安宁疗护的核心原则是尊重患者自主权、提供全面照护并提升临终生活质量。选项A强调患者本人意愿，符合自主权原则；选项C综合患者与家属需求，符合全面照护要求；选项B和D分别违背患者自主权和安宁疗护目标；选项E忽视患者心理支持需求。

【最终答案】：AC",客观题,AC
医患关系,"你是一个严格按照要求答题的医学考试考生。请你先展示出完整的思考过程，然后再输出最终答案。每道题目有至少两个选项（A、B）至多五个选项（A、B、C、D、E），题目为不定项选择题，请按照以下格式作答：

【思考过程】：...

【最终答案】：AB / BCE / CD / DE / E / ...（只输出选项的编号，不要写选项内容）

示例：
题目：医疗伦理中四大基本原则是？
A.尊重自主权
B.善意行为
C.无害原则
D.公正原则
E.以上都不是
【思考过程】：本题考查医学伦理的四大基本原则，包括尊重自主权、不伤害原则、行善原则、公正原则。

【最终答案】：ABCD

题目：在安宁疗护过程中，以下哪些做法符合“尊重老年人人格并维护其个人权益，保护其隐私”的要求？
A.向家属隐瞒老年人的真实病情以回避纠纷，B.在疗护计划制定时征求老年人本人意见，C.允许护工在未取得授权时向社区人员报告患者用药情况，D.在公共区域讨论病情时主动隐去患者姓名，E.因护理需要将老年人约束带固定在床
【思考过程】：",BD,Qwen3-235B-A22B,"【思考过程】：选项B体现了尊重老年人的自主决策权，符合伦理要求；选项D在公共场合隐去患者姓名有效保护了隐私；选项A侵犯患者知情权，不符合要求；选项C未经授权泄露患者信息违反隐私保护原则；选项E使用约束带可能侵犯患者尊严和自主权，除非严格必要，但题目未明确此情境的必要性，故不推荐。

【最终答案】：BD",客观题,BD
医患关系,"你是一个严格按照要求答题的医学考试考生。请你先展示出完整的思考过程，然后再输出最终答案。每道题目有至少两个选项（A、B）至多五个选项（A、B、C、D、E），题目为不定项选择题，请按照以下格式作答：

【思考过程】：...

【最终答案】：AB / BCE / CD / DE / E / ...（只输出选项的编号，不要写选项内容）

示例：
题目：医疗伦理中四大基本原则是？
A.尊重自主权
B.善意行为
C.无害原则
D.公正原则
E.以上都不是
【思考过程】：本题考查医学伦理的四大基本原则，包括尊重自主权、不伤害原则、行善原则、公正原则。

【最终答案】：ABCD

题目：在安宁疗护服务中，以下哪项不属于服务人员应具备的素质和职责要求？
A.尊重老年人隐私
B.定期向家属详细汇报病人每日情况
C.语言亲切、有礼
D.工作耐心、细致
E.富有爱心和同情心
【思考过程】：",B,Qwen3-235B-A22B,"【思考过程】：安宁疗护服务人员需具备尊重隐私、良好沟通、耐心细致及同理心等素质。选项B的“定期详细汇报每日情况”可能超出常规职责范围，而其他选项均为基本职业要求。

【最终答案】：B",客观题,B
医患关系,"你是一个严格按照要求答题的医学考试考生。请你先展示出完整的思考过程，然后再输出最终答案。每道题目有至少两个选项（A、B）至多五个选项（A、B、C、D、E），题目为不定项选择题，请按照以下格式作答：

【思考过程】：...

【最终答案】：AB / BCE / CD / DE / E / ...（只输出选项的编号，不要写选项内容）

示例：
题目：医疗伦理中四大基本原则是？
A.尊重自主权
B.善意行为
C.无害原则
D.公正原则
E.以上都不是
【思考过程】：本题考查医学伦理的四大基本原则，包括尊重自主权、不伤害原则、行善原则、公正原则。

【最终答案】：ABCD

题目：对疼痛老年人进行护理时，需要评估以下哪些内容？
A.疼痛程度
B.疼痛类型
C.患者睡眠质量
D.疼痛部位
E.持续时间
【思考过程】：",ADE,Qwen3-235B-A22B,"【思考过程】：在评估疼痛老年人的护理时，需关注疼痛本身的特征及影响。疼痛评估通常包括疼痛程度（A）、类型（B）、部位（D）和持续时间（E）。睡眠质量（C）虽可能受疼痛影响，但属于间接评估内容，非疼痛核心评估要素。因此，正确选项为A、B、D、E。

【最终答案】：ABDE",客观题,ABDE
医患关系,"你是一个严格按照要求答题的医学考试考生。请你先展示出完整的思考过程，然后再输出最终答案。每道题目有至少两个选项（A、B）至多五个选项（A、B、C、D、E），题目为不定项选择题，请按照以下格式作答：

【思考过程】：...

【最终答案】：AB / BCE / CD / DE / E / ...（只输出选项的编号，不要写选项内容）

示例：
题目：医疗伦理中四大基本原则是？
A.尊重自主权
B.善意行为
C.无害原则
D.公正原则
E.以上都不是
【思考过程】：本题考查医学伦理的四大基本原则，包括尊重自主权、不伤害原则、行善原则、公正原则。

【最终答案】：ABCD

题目：当安宁疗护中的老年患者出现严重心理问题时，以下哪项处理方式符合法律规定？
A.由家属进行心理疏导
B.由护工定期给予情绪支持
C.由护士尝试安慰沟通
D.转介至专业心理治疗师
E.暂不干预并观察两周
【思考过程】：",D,Qwen3-235B-A22B,"【思考过程】：根据法律规定，当患者出现严重心理问题时，应由专业心理治疗师进行干预，而非家属、护工或护士等非专业人员处理。选项D符合法律对专业医疗行为的要求，其他选项均未满足专业性要求或存在不作为风险。

【最终答案】：D",客观题,D
医患关系,"你是一个严格按照要求答题的医学考试考生。请你先展示出完整的思考过程，然后再输出最终答案。每道题目有至少两个选项（A、B）至多五个选项（A、B、C、D、E），题目为不定项选择题，请按照以下格式作答：

【思考过程】：...

【最终答案】：AB / BCE / CD / DE / E / ...（只输出选项的编号，不要写选项内容）

示例：
题目：医疗伦理中四大基本原则是？
A.尊重自主权
B.善意行为
C.无害原则
D.公正原则
E.以上都不是
【思考过程】：本题考查医学伦理的四大基本原则，包括尊重自主权、不伤害原则、行善原则、公正原则。

【最终答案】：ABCD

题目：以下哪种做法符合安宁疗护中对患者后事处理的规定？
A.完全根据医院标准化流程处理后事
B.依据老人的生前遗嘱和当地习俗指导家属
C.主治医生直接决定遗体处理方式
D.要求家属必须达成统一处理意见后实施
【思考过程】：",B,Qwen3-235B-A22B,"【思考过程】：安宁疗护强调尊重患者自主权和个体化关怀。对于后事处理，应优先考虑患者生前遗嘱及家属意愿，并结合当地习俗进行指导，而非强制执行医院流程或由医生单方面决定。选项B符合这一原则，而选项A（忽视个体意愿）、C（越权决策）、D（过度强调家属统一性）均存在伦理或程序问题。

【最终答案】：B",客观题,B
医患关系,"你是一个严格按照要求答题的医学考试考生。请你先展示出完整的思考过程，然后再输出最终答案。每道题目有至少两个选项（A、B）至多五个选项（A、B、C、D、E），题目为不定项选择题，请按照以下格式作答：

【思考过程】：...

【最终答案】：AB / BCE / CD / DE / E / ...（只输出选项的编号，不要写选项内容）

示例：
题目：医疗伦理中四大基本原则是？
A.尊重自主权
B.善意行为
C.无害原则
D.公正原则
E.以上都不是
【思考过程】：本题考查医学伦理的四大基本原则，包括尊重自主权、不伤害原则、行善原则、公正原则。

【最终答案】：ABCD

题目：以下哪项属于允许入住关怀区的老人需满足的条件之一？
A.经医疗机构诊断为癌症中期的患者
B.各种原因导致单器官衰竭的老人
C.预计存活期超过1年的其他疾病失代偿期患者
D.居家老人生命末期无服务需求者
E.器官衰竭治疗有效且存活期超过6个月的老人
【思考过程】：",B,Qwen3-235B-A22B,"【思考过程】：本题考查入住关怀区老人的条件。通常，关怀区针对生命末期患者，需满足不可逆的终末期疾病（如器官衰竭）且预计存活期较短（通常≤6个月）。分析选项：A选项为癌症中期，可能仍有治疗机会，存活期较长；B选项为单器官衰竭，若为不可逆失代偿期则符合条件；C选项存活期超过1年不符合生命末期标准；D选项无服务需求者无需入住；E选项治疗有效且存活期超过6个月，不符合终末期定义。因此，唯一符合条件的为B选项。

【最终答案】：B",客观题,B
医患关系,"你是一个严格按照要求答题的医学考试考生。请你先展示出完整的思考过程，然后再输出最终答案。每道题目有至少两个选项（A、B）至多五个选项（A、B、C、D、E），题目为不定项选择题，请按照以下格式作答：

【思考过程】：...

【最终答案】：AB / BCE / CD / DE / E / ...（只输出选项的编号，不要写选项内容）

示例：
题目：医疗伦理中四大基本原则是？
A.尊重自主权
B.善意行为
C.无害原则
D.公正原则
E.以上都不是
【思考过程】：本题考查医学伦理的四大基本原则，包括尊重自主权、不伤害原则、行善原则、公正原则。

【最终答案】：ABCD

题目：根据安宁疗护关怀科/室设置规范，以下哪些区域必须设置？（多选）
A.临终服务区
B.家属陪伴室
C.宗教信仰活动厅
D.工作服务辅助区（配备临终舒缓医疗物品）
E.重症监护室
【思考过程】：",BD,Qwen3-235B-A22B,"【思考过程】：根据安宁疗护设置规范，临终服务区（A）是患者核心照护区域，必须设置；家属陪伴室（B）为家属提供支持和休息空间，属于必要设施；工作服务辅助区（D）用于存放舒缓医疗物品，保障日常医护工作。重症监护室（E）不符合安宁疗护非治愈性目标，宗教信仰活动厅（C）非强制要求，可能通过其他方式满足需求。

【最终答案】：ABD",客观题,ABD
医患关系,"你是一个严格按照要求答题的医学考试考生。请你先展示出完整的思考过程，然后再输出最终答案。每道题目有至少两个选项（A、B）至多五个选项（A、B、C、D、E），题目为不定项选择题，请按照以下格式作答：

【思考过程】：...

【最终答案】：AB / BCE / CD / DE / E / ...（只输出选项的编号，不要写选项内容）

示例：
题目：医疗伦理中四大基本原则是？
A.尊重自主权
B.善意行为
C.无害原则
D.公正原则
E.以上都不是
【思考过程】：本题考查医学伦理的四大基本原则，包括尊重自主权、不伤害原则、行善原则、公正原则。

【最终答案】：ABCD

题目：以下哪种做法不符合安宁疗护中对老人的首要目标？
A.全程监测疼痛评分并调整药物剂量
B.为呼吸困难患者提供氧疗支持
C.定期评估胃肠不适并给予营养干预
D.制定积极治疗方案以延长生存期
【思考过程】：",D,Qwen3-235B-A22B,"【思考过程】：安宁疗护（姑息治疗）的核心目标是提高终末期患者的生活质量，侧重症状缓解和舒适护理，而非以延长生存期为目的。选项D“制定积极治疗方案以延长生存期”属于根治性治疗的范畴，与安宁疗护的首要目标相悖。而其他选项（A、B、C）均属于症状管理（疼痛、呼吸困难、胃肠不适）和改善患者舒适度的措施，符合安宁疗护的原则。

【最终答案】：D",客观题,D
医患关系,"你是一个严格按照要求答题的医学考试考生。请你先展示出完整的思考过程，然后再输出最终答案。每道题目有至少两个选项（A、B）至多五个选项（A、B、C、D、E），题目为不定项选择题，请按照以下格式作答：

【思考过程】：...

【最终答案】：AB / BCE / CD / DE / E / ...（只输出选项的编号，不要写选项内容）

示例：
题目：医疗伦理中四大基本原则是？
A.尊重自主权
B.善意行为
C.无害原则
D.公正原则
E.以上都不是
【思考过程】：本题考查医学伦理的四大基本原则，包括尊重自主权、不伤害原则、行善原则、公正原则。

【最终答案】：ABCD

题目：以下哪项行为违反了安宁疗护服务人员的伦理要求？
A.将老人的病情细节告知未经其同意的家属
B.要求所有老人按照统一作息时间生活
C.在病历中详细记录老人的生活习惯但不与第三方分享
D.根据家属要求调整老人的镇痛药物剂量
【思考过程】：",AB,Qwen3-235B-A22B,"【思考过程】：选项A违反保密原则，未经患者同意泄露病情；选项B忽视患者个体差异，强制统一作息侵犯自主权；选项D盲从家属调整药物剂量，违背患者最佳利益原则；选项C符合伦理要求。因此，违反伦理要求的行为为A、B、D。

【最终答案】：ABD",客观题,ABD
医患关系,"你是一个严格按照要求答题的医学考试考生。请你先展示出完整的思考过程，然后再输出最终答案。每道题目有至少两个选项（A、B）至多五个选项（A、B、C、D、E），题目为不定项选择题，请按照以下格式作答：

【思考过程】：...

【最终答案】：AB / BCE / CD / DE / E / ...（只输出选项的编号，不要写选项内容）

示例：
题目：医疗伦理中四大基本原则是？
A.尊重自主权
B.善意行为
C.无害原则
D.公正原则
E.以上都不是
【思考过程】：本题考查医学伦理的四大基本原则，包括尊重自主权、不伤害原则、行善原则、公正原则。

【最终答案】：ABCD

题目：下列哪几项符合安宁疗护中对患者后事处理的相关要求？
A.完全按家属意愿处理后事
B.提前按老人遗愿备好衣物
C.参考合理的民风民俗操作
D.要求全体家属到场并签字同意
E.对处理过程进行详细消毒杀菌指导
【思考过程】：",BCE,Qwen3-235B-A22B,"【思考过程】：安宁疗护中处理患者后事应优先遵循患者遗愿（B正确），同时结合合理民俗（C正确）。A错误，因家属意愿不能完全取代患者遗愿；D错误，无需全体家属到场；E的消毒要求非普遍适用。  

【最终答案】：BC",客观题,BC
医患关系,"你是一个严格按照要求答题的医学考试考生。请你先展示出完整的思考过程，然后再输出最终答案。每道题目有至少两个选项（A、B）至多五个选项（A、B、C、D、E），题目为不定项选择题，请按照以下格式作答：

【思考过程】：...

【最终答案】：AB / BCE / CD / DE / E / ...（只输出选项的编号，不要写选项内容）

示例：
题目：医疗伦理中四大基本原则是？
A.尊重自主权
B.善意行为
C.无害原则
D.公正原则
E.以上都不是
【思考过程】：本题考查医学伦理的四大基本原则，包括尊重自主权、不伤害原则、行善原则、公正原则。

【最终答案】：ABCD

题目：下列哪些做法不符合安宁疗护中遗体料理的操作规范？
A.使用医用消毒剂清洁逝者身体表面
B.根据家属要求将逝者头部垫高至45度
C.遗体料理过程中与其他医护轻声讨论下午工作安排
D.为保持自然形态使用软枕支撑逝者腰背部
【思考过程】：",BC,Qwen3-235B-A22B,"【思考过程】：本题考查安宁疗护中遗体料理的操作规范。A选项使用医用消毒剂可能对皮肤有刺激性，不符合温和清洁的要求；B选项将头部垫高45度可能导致遗体面部变形，不符合体位调整的规范；C选项在操作过程中讨论无关工作安排违背了操作时的专注与尊重原则；D选项使用软枕支撑腰背部属于规范操作，旨在维持自然形态。

【最终答案】：ABC",客观题,ABC
医患关系,"你是一个严格按照要求答题的医学考试考生。请你先展示出完整的思考过程，然后再输出最终答案。每道题目有至少两个选项（A、B）至多五个选项（A、B、C、D、E），题目为不定项选择题，请按照以下格式作答：

【思考过程】：...

【最终答案】：AB / BCE / CD / DE / E / ...（只输出选项的编号，不要写选项内容）

示例：
题目：医疗伦理中四大基本原则是？
A.尊重自主权
B.善意行为
C.无害原则
D.公正原则
E.以上都不是
【思考过程】：本题考查医学伦理的四大基本原则，包括尊重自主权、不伤害原则、行善原则、公正原则。

【最终答案】：ABCD

题目：以下哪些内容属于安宁疗护的管理要求？
A.制定安宁疗护操作规程
B.建立绩效考核激励机制
C.明确工作人员岗位职责
D.落实安全管理和感染防控措施
E.制定后勤保障制度
【思考过程】：",ACD,Qwen3-235B-A22B,"【思考过程】：安宁疗护的管理要求涵盖多个方面，包括规范操作、职责明确、安全保障、绩效激励及后勤支持。选项A涉及制定操作规程是基础；B通过绩效考核提升效率；C明确职责确保团队协作；D保障患者安全与感染控制；E提供必要的物资支持。根据常规医疗机构管理要求，所有选项均符合安宁疗护的管理需求。

【最终答案】：ABCDE",客观题,ABCDE
医患关系,"你是一个严格按照要求答题的医学考试考生。请你先展示出完整的思考过程，然后再输出最终答案。每道题目有至少两个选项（A、B）至多五个选项（A、B、C、D、E），题目为不定项选择题，请按照以下格式作答：

【思考过程】：...

【最终答案】：AB / BCE / CD / DE / E / ...（只输出选项的编号，不要写选项内容）

示例：
题目：医疗伦理中四大基本原则是？
A.尊重自主权
B.善意行为
C.无害原则
D.公正原则
E.以上都不是
【思考过程】：本题考查医学伦理的四大基本原则，包括尊重自主权、不伤害原则、行善原则、公正原则。

【最终答案】：ABCD

题目：根据相关规定，建立安宁疗护质量管理体系时需要包括以下哪些要求？
A.落实质量控制措施
B.依托省级安宁疗护服务管理部门执行
C.遵循诊疗护理相关指南
D.以经济效益为核心考核指标
E.体现人文关怀
【思考过程】：",ACE,Qwen3-235B-A22B,"【思考过程】：建立安宁疗护质量管理体系需围绕患者福祉和医疗质量。A选项“落实质量控制措施”是质量管理的基础；C选项“遵循诊疗护理相关指南”确保规范性；E选项“体现人文关怀”是安宁疗护的核心原则。B选项中管理体系通常由机构自身建立而非必须省级部门执行；D选项以经济效益为核心与安宁疗护目标相悖。因此正确选项为A、C、E。

【最终答案】：ACE",客观题,ACE
医患关系,"你是一个严格按照要求答题的医学考试考生。请你先展示出完整的思考过程，然后再输出最终答案。每道题目有至少两个选项（A、B）至多五个选项（A、B、C、D、E），题目为不定项选择题，请按照以下格式作答：

【思考过程】：...

【最终答案】：AB / BCE / CD / DE / E / ...（只输出选项的编号，不要写选项内容）

示例：
题目：医疗伦理中四大基本原则是？
A.尊重自主权
B.善意行为
C.无害原则
D.公正原则
E.以上都不是
【思考过程】：本题考查医学伦理的四大基本原则，包括尊重自主权、不伤害原则、行善原则、公正原则。

【最终答案】：ABCD

题目：以下哪些属于安宁疗护服务原则中明确的导向？
A.以医护人员专业判断为中心
B.患者自愿
C.尊重患者
D.平等公正
E.最大化利用医疗资源
【思考过程】：",BCD,Qwen3-235B-A22B,"【思考过程】：安宁疗护的核心原则包括以患者为中心、尊重患者自主权和尊严、提供舒适护理、注重心理社会支持及家属参与。选项B（患者自愿）和C（尊重患者）直接体现对患者自主权的尊重；D（平等公正）虽为医疗伦理原则，但并非安宁疗护特有的明确导向。A（以医护人员判断为中心）违背患者中心原则，E（最大化利用资源）侧重成本效益，与安宁疗护目标不符。

【最终答案】：BC",客观题,BC
医患关系,"你是一个严格按照要求答题的医学考试考生。请你先展示出完整的思考过程，然后再输出最终答案。每道题目有至少两个选项（A、B）至多五个选项（A、B、C、D、E），题目为不定项选择题，请按照以下格式作答：

【思考过程】：...

【最终答案】：AB / BCE / CD / DE / E / ...（只输出选项的编号，不要写选项内容）

示例：
题目：医疗伦理中四大基本原则是？
A.尊重自主权
B.善意行为
C.无害原则
D.公正原则
E.以上都不是
【思考过程】：本题考查医学伦理的四大基本原则，包括尊重自主权、不伤害原则、行善原则、公正原则。

【最终答案】：ABCD

题目：以下哪项属于安宁疗护的舒适照护内容？
A.三阶梯镇痛服务
B.病室环境管理
C.化疗护理计划
D.静脉导管维护
E.中医药食疗服务
【思考过程】：",BD,Qwen3-235B-A22B,"【思考过程】：安宁疗护的舒适照护旨在缓解患者痛苦、提升舒适度。三阶梯镇痛服务（A）直接针对疼痛管理，属于核心舒适措施；病室环境管理（B）通过优化物理环境改善患者感受；中医药食疗服务（E）可通过调理身体缓解症状，如改善食欲或消化功能。化疗护理计划（C）和静脉导管维护（D）属于治疗或基础护理范畴，非直接针对舒适度。

【最终答案】：ABE",客观题,ABE
医患关系,"你是一个严格按照要求答题的医学考试考生。请你先展示出完整的思考过程，然后再输出最终答案。每道题目有至少两个选项（A、B）至多五个选项（A、B、C、D、E），题目为不定项选择题，请按照以下格式作答：

【思考过程】：...

【最终答案】：AB / BCE / CD / DE / E / ...（只输出选项的编号，不要写选项内容）

示例：
题目：医疗伦理中四大基本原则是？
A.尊重自主权
B.善意行为
C.无害原则
D.公正原则
E.以上都不是
【思考过程】：本题考查医学伦理的四大基本原则，包括尊重自主权、不伤害原则、行善原则、公正原则。

【最终答案】：ABCD

题目：在安宁疗护中，服务协议的签署要求是以下哪一种？
A.只需患者本人签署即可
B.患者意识不清时由家属单独签署
C.患者与家属双方均知情同意并自愿签署
D.无需签署口头承诺即可
【思考过程】：",C,Qwen3-235B-A22B,"【思考过程】：安宁疗护服务协议的签署需确保患者和家属的共同知情同意。选项C强调患者与家属双方均知情同意并自愿签署，符合医疗伦理和法律要求。选项A仅患者签署可能忽视家属参与，选项B仅家属签署可能忽略患者意愿（除非患者无意识），选项D不符合书面签署的规范。

【最终答案】：C",客观题,C
医患关系,"你是一个严格按照要求答题的医学考试考生。请你先展示出完整的思考过程，然后再输出最终答案。每道题目有至少两个选项（A、B）至多五个选项（A、B、C、D、E），题目为不定项选择题，请按照以下格式作答：

【思考过程】：...

【最终答案】：AB / BCE / CD / DE / E / ...（只输出选项的编号，不要写选项内容）

示例：
题目：医疗伦理中四大基本原则是？
A.尊重自主权
B.善意行为
C.无害原则
D.公正原则
E.以上都不是
【思考过程】：本题考查医学伦理的四大基本原则，包括尊重自主权、不伤害原则、行善原则、公正原则。

【最终答案】：ABCD

题目：根据相关法规，哪种情况的患者符合安宁疗护准入条件？
A. 经社区卫生服务中心医师评估为终末期，预计生存期≤6个月  
B. 三级甲等医院主治医师诊断为晚期恶性肿瘤，预计生存期≤1年  
C. 二级医院多学科团队确诊的不可治愈疾病患者，预生存期≤1年  
D. 经三级医院专科医生评估的终末期患者，预生存期≤9个月  
E. 二级及以上医疗机构多学科评估的不可治愈疾病晚期患者，预生存期≤6个月
【思考过程】：",E,Qwen3-235B-A22B,"【思考过程】：本题考查安宁疗护的准入条件。根据相关法规，安宁疗护的服务对象需满足诊断明确、预后不良且预计生存期≤6个月的终末期患者。评估机构资质和生存期判断是关键。选项A（社区卫生服务中心医师评估≤6个月）和E（二级及以上医疗机构多学科评估≤6个月）均符合生存期≤6个月的核心要求，且评估资质符合基层或二级及以上机构的标准。其他选项（B、C、D）中生存期均超过6个月，不符合准入条件。

【最终答案】：AE",客观题,AE
医患关系,"你是一个严格按照要求答题的医学考试考生。请你先展示出完整的思考过程，然后再输出最终答案。每道题目有至少两个选项（A、B）至多五个选项（A、B、C、D、E），题目为不定项选择题，请按照以下格式作答：

【思考过程】：...

【最终答案】：AB / BCE / CD / DE / E / ...（只输出选项的编号，不要写选项内容）

示例：
题目：医疗伦理中四大基本原则是？
A.尊重自主权
B.善意行为
C.无害原则
D.公正原则
E.以上都不是
【思考过程】：本题考查医学伦理的四大基本原则，包括尊重自主权、不伤害原则、行善原则、公正原则。

【最终答案】：ABCD

题目：以下哪几项服务是安宁疗护中针对患者及家属情绪和心理问题必须提供的？（注：“必须提供”为实际规定内容）
A.心理治疗
B.心理咨询
C.心理疏导
D.心理支持
E.社会援助
【思考过程】：",BCD,Qwen3-235B-A22B,"【思考过程】：安宁疗护的核心在于为患者及家属提供全面支持，其中心理支持（D）是基础服务，涵盖情绪安抚和基本心理疏导；社会援助（E）涉及协调资源、解决实际问题，属于规定中的强制内容。心理治疗（A）和心理咨询（B）需根据个体需求选择性提供，而心理疏导（C）可能包含在心理支持中但非独立强制项。

【最终答案】：DE",客观题,DE
医患关系,"你是一个严格按照要求答题的医学考试考生。请你先展示出完整的思考过程，然后再输出最终答案。每道题目有至少两个选项（A、B）至多五个选项（A、B、C、D、E），题目为不定项选择题，请按照以下格式作答：

【思考过程】：...

【最终答案】：AB / BCE / CD / DE / E / ...（只输出选项的编号，不要写选项内容）

示例：
题目：医疗伦理中四大基本原则是？
A.尊重自主权
B.善意行为
C.无害原则
D.公正原则
E.以上都不是
【思考过程】：本题考查医学伦理的四大基本原则，包括尊重自主权、不伤害原则、行善原则、公正原则。

【最终答案】：ABCD

题目：在安宁疗护中，以下哪些做法符合伦理要求？
A.在患者知情同意下，向其配偶如实告知病情详情
B.未经患者许可，向社区志愿者公开患者的治疗过程
C.为所有疗护患者统一安排每周两次的心理健康讲座
D.未经家属授权收集患者抑郁症状数据用于研究
E.与患者沟通后，制定符合其信仰的精神抚慰方案
【思考过程】：",AE,Qwen3-235B-A22B,"【思考过程】：安宁疗护的伦理要求包括尊重患者自主权、隐私保护、个性化关怀及知情同意原则。A选项在患者知情同意下告知配偶，符合信息透明与家属协作原则；B选项未经许可公开治疗过程，侵犯隐私；C选项统一安排心理健康讲座未体现个体化需求；D选项未经授权收集数据违反科研伦理；E选项根据患者信仰制定方案，符合尊重信仰和个性化关怀原则。

【最终答案】：AE",客观题,AE
医患关系,"你是一个严格按照要求答题的医学考试考生。请你先展示出完整的思考过程，然后再输出最终答案。每道题目有至少两个选项（A、B）至多五个选项（A、B、C、D、E），题目为不定项选择题，请按照以下格式作答：

【思考过程】：...

【最终答案】：AB / BCE / CD / DE / E / ...（只输出选项的编号，不要写选项内容）

示例：
题目：医疗伦理中四大基本原则是？
A.尊重自主权
B.善意行为
C.无害原则
D.公正原则
E.以上都不是
【思考过程】：本题考查医学伦理的四大基本原则，包括尊重自主权、不伤害原则、行善原则、公正原则。

【最终答案】：ABCD

题目：在安宁疗护中，为维护患者生命尊严，以下哪些疗法属于可采用的正确方式？
A.人生回顾疗法
B.意义疗法
C.尊严疗法
D.缅怀疗法
E.认知行为疗法
【思考过程】：",ABCD,Qwen3-235B-A22B,"【思考过程】：本题考查安宁疗护中维护患者生命尊严的疗法。人生回顾疗法（A）通过帮助患者回顾生命历程，促进心理整合；意义疗法（B）旨在协助患者寻找生命意义，尤其在终末期阶段；尊严疗法（C）是专为临终患者设计的干预措施，通过记录生命故事维护尊严；缅怀疗法（D）通过回忆积极经历提升情绪价值。认知行为疗法（E）侧重改变负面认知模式，虽可用于心理问题，但非直接维护尊严的核心方式。因此，A、B、C、D均符合安宁疗护中维护尊严的需求，E则不直接相关。

【最终答案】：ABCD",客观题,ABCD
医患关系,"你是一个严格按照要求答题的医学考试考生。请你先展示出完整的思考过程，然后再输出最终答案。每道题目有至少两个选项（A、B）至多五个选项（A、B、C、D、E），题目为不定项选择题，请按照以下格式作答：

【思考过程】：...

【最终答案】：AB / BCE / CD / DE / E / ...（只输出选项的编号，不要写选项内容）

示例：
题目：医疗伦理中四大基本原则是？
A.尊重自主权
B.善意行为
C.无害原则
D.公正原则
E.以上都不是
【思考过程】：本题考查医学伦理的四大基本原则，包括尊重自主权、不伤害原则、行善原则、公正原则。

【最终答案】：ABCD

题目：以下哪种做法符合安宁疗护中对家属支持的法律规定？
A.为家属提供心理督导，B.向家属提供哀伤辅导，C.向患者提供精神支持服务，D.为家属组织丧亲支持小组，E.为家属进行心理健康评估
【思考过程】：",BD,Qwen3-235B-A22B,"【思考过程】：安宁疗护的法律规定要求对家属提供心理支持，包括哀伤辅导（B）、丧亲支持小组（D）等。心理健康评估（E）可能属于支持的一部分，但需结合具体法规。选项C针对患者而非家属，A中的“心理督导”通常指对专业人员的指导，不直接适用于家属支持。因此，正确选项为B、D、E。

【最终答案】：BDE",客观题,BDE
医患关系,"你是一个严格按照要求答题的医学考试考生。请你先展示出完整的思考过程，然后再输出最终答案。每道题目有至少两个选项（A、B）至多五个选项（A、B、C、D、E），题目为不定项选择题，请按照以下格式作答：

【思考过程】：...

【最终答案】：AB / BCE / CD / DE / E / ...（只输出选项的编号，不要写选项内容）

示例：
题目：医疗伦理中四大基本原则是？
A.尊重自主权
B.善意行为
C.无害原则
D.公正原则
E.以上都不是
【思考过程】：本题考查医学伦理的四大基本原则，包括尊重自主权、不伤害原则、行善原则、公正原则。

【最终答案】：ABCD

题目：以下哪种做法最符合关于安宁疗护中患者意愿处理的相关规定？
A.医护人员主动询问并协助患者完成生前愿望和身后事务
B.等待患者主动提出需求后再给予支持
C.仅由家属代为安排患者身后事务
D.记录患者需求但无需提供实质性帮助
【思考过程】：",A,Qwen3-235B-A22B,"【思考过程】：安宁疗护的核心原则是尊重患者自主权，要求医护人员主动关注并协助患者实现其生前愿望和身后事务安排。选项A体现了主动询问和协助，符合伦理要求；选项B被动等待患者提出需求可能遗漏患者未表达的意愿；选项C完全依赖家属可能违背患者真实意愿；选项D仅记录而不提供帮助缺乏实际支持。因此，最符合规定的是选项A。

【最终答案】：A",客观题,A
医患关系,"你是一个严格按照要求答题的医学考试考生。请你先展示出完整的思考过程，然后再输出最终答案。每道题目有至少两个选项（A、B）至多五个选项（A、B、C、D、E），题目为不定项选择题，请按照以下格式作答：

【思考过程】：...

【最终答案】：AB / BCE / CD / DE / E / ...（只输出选项的编号，不要写选项内容）

示例：
题目：医疗伦理中四大基本原则是？
A.尊重自主权
B.善意行为
C.无害原则
D.公正原则
E.以上都不是
【思考过程】：本题考查医学伦理的四大基本原则，包括尊重自主权、不伤害原则、行善原则、公正原则。

【最终答案】：ABCD

题目：患者要求医院提供其病案资料时，以下哪项属于必须提供范围？
A. 护工记录
B. 护理论录
C. 会诊申请单
D. 患者自评表
E. 检查报告
【思考过程】：",BE,Qwen3-235B-A22B,"【思考过程】：根据《医疗机构病历管理规定》，患者有权查阅和复制的病历范围包括：门诊病历、住院志、体温单、医嘱单、化验单（检验报告）、医学影像检查资料、特殊检查（治疗）同意书、手术同意书、手术及麻醉记录单、病理报告、护理记录等。其中，护理论录（B）属于护理记录范畴，检查报告（E）属于化验单及影像资料，均在必须提供范围内。护工记录（A）通常指非专业护士的护理辅助记录，不在法定必须提供范围内；会诊申请单（C）属于内部流程文件，患者自评表（D）非医疗专业记录，二者均不包含在必须提供范围内。

【最终答案】：BE",客观题,BE
医患关系,"你是一个严格按照要求答题的医学考试考生。请你先展示出完整的思考过程，然后再输出最终答案。每道题目有至少两个选项（A、B）至多五个选项（A、B、C、D、E），题目为不定项选择题，请按照以下格式作答：

【思考过程】：...

【最终答案】：AB / BCE / CD / DE / E / ...（只输出选项的编号，不要写选项内容）

示例：
题目：医疗伦理中四大基本原则是？
A.尊重自主权
B.善意行为
C.无害原则
D.公正原则
E.以上都不是
【思考过程】：本题考查医学伦理的四大基本原则，包括尊重自主权、不伤害原则、行善原则、公正原则。

【最终答案】：ABCD

题目：以下哪项关于医疗机构赔偿责任的说法是正确的？
A.只要患者在诊疗活动中受损，医疗机构必须赔偿; B.只有在医务人员故意造成损害时，医疗机构才赔偿; C.医疗机构有过错导致患者受损时必须赔偿; D.医务人员个人有过错时由其自行赔偿; E.即使医疗机构无过错，也应给予患者适当补偿
【思考过程】：",C,Qwen3-235B-A22B,"【思考过程】：本题考查医疗机构赔偿责任的法律依据。根据《民法典》第1218条，医疗机构承担过错责任，即只有在诊疗过程中存在过错导致患者损害时才需赔偿（C正确）。A错误，因损害需与过错相关；B错误，过错不以故意为前提；D错误，医务人员个人过错由医疗机构赔偿；E错误，无过错一般不需赔偿（除非特殊情形）。

【最终答案】：C",客观题,C
医患关系,"你是一个严格按照要求答题的医学考试考生。请你先展示出完整的思考过程，然后再输出最终答案。每道题目有至少两个选项（A、B）至多五个选项（A、B、C、D、E），题目为不定项选择题，请按照以下格式作答：

【思考过程】：...

【最终答案】：AB / BCE / CD / DE / E / ...（只输出选项的编号，不要写选项内容）

示例：
题目：医疗伦理中四大基本原则是？
A.尊重自主权
B.善意行为
C.无害原则
D.公正原则
E.以上都不是
【思考过程】：本题考查医学伦理的四大基本原则，包括尊重自主权、不伤害原则、行善原则、公正原则。

【最终答案】：ABCD

题目：下列哪些行为可能使医疗机构承担侵权责任？
A.护士在社交媒体讨论患者病情但未提及姓名
B.经患者书面同意后公开完整病历用于学术会议
C.未经家属同意公开已故患者的完整就诊记录
D.因系统故障导致患者检查结果被其他病患浏览
E.未经患者同意将部分脱敏处理的化验单用于科室内部培训
【思考过程】：",CD,Qwen3-235B-A22B,"【思考过程】：本题考查医疗机构可能承担侵权责任的情形，涉及患者隐私保护和医疗损害责任。  
A选项：未提及姓名但仍可能通过描述识别患者身份，构成隐私泄露。  
B选项：患者书面同意后公开不构成侵权。  
C选项：已故患者隐私仍受保护，未经家属同意公开属于侵权。  
D选项：系统故障导致信息泄露若因医疗机构未尽安全保障义务，则需担责。  
E选项：脱敏处理后无法识别个人身份，不构成侵权。  

【最终答案】：ACD",客观题,ACD
医患关系,"你是一个严格按照要求答题的医学考试考生。请你先展示出完整的思考过程，然后再输出最终答案。每道题目有至少两个选项（A、B）至多五个选项（A、B、C、D、E），题目为不定项选择题，请按照以下格式作答：

【思考过程】：...

【最终答案】：AB / BCE / CD / DE / E / ...（只输出选项的编号，不要写选项内容）

示例：
题目：医疗伦理中四大基本原则是？
A.尊重自主权
B.善意行为
C.无害原则
D.公正原则
E.以上都不是
【思考过程】：本题考查医学伦理的四大基本原则，包括尊重自主权、不伤害原则、行善原则、公正原则。

【最终答案】：ABCD

题目：以下哪些属于医疗卫生人员应弘扬的崇高职业精神？（多选）
A.敬佑生命
B.救死扶伤
C.甘于奉献
D.大爱无疆
E.追求效率
【思考过程】：",ABCD,Qwen3-235B-A22B,"【思考过程】：本题考查医疗卫生人员的职业精神核心内容。根据相关职业规范和常见宣传，医疗卫生人员应弘扬的精神包括敬佑生命（A）、救死扶伤（B）、甘于奉献（C）、大爱无疆（D）。这些内容体现了对生命的尊重、职责的履行及无私奉献。而“追求效率”（E）属于管理或服务优化目标，并非职业精神的核心内涵。

【最终答案】：ABCD",客观题,ABCD
医患关系,"你是一个严格按照要求答题的医学考试考生。请你先展示出完整的思考过程，然后再输出最终答案。每道题目有至少两个选项（A、B）至多五个选项（A、B、C、D、E），题目为不定项选择题，请按照以下格式作答：

【思考过程】：...

【最终答案】：AB / BCE / CD / DE / E / ...（只输出选项的编号，不要写选项内容）

示例：
题目：医疗伦理中四大基本原则是？
A.尊重自主权
B.善意行为
C.无害原则
D.公正原则
E.以上都不是
【思考过程】：本题考查医学伦理的四大基本原则，包括尊重自主权、不伤害原则、行善原则、公正原则。

【最终答案】：ABCD

题目：以下哪些属于我国法律对医疗卫生人员的强制性要求？
A.每两年参加一次专业技能培训
B.必须持有医疗卫生机构颁发的专业证书
C.通过医德年度考核合格
D.获得主管部门的执业注册
E.依法取得相应职业资格
【思考过程】：",DE,Qwen3-235B-A22B,"【思考过程】：根据《中华人民共和国执业医师法》及《护士条例》等法律法规，医疗卫生人员必须依法取得相应职业资格（E），并通过主管部门的执业注册（D）方可执业。选项B中“医疗卫生机构颁发证书”表述不准确，因职业资格证书由国家统一颁发；选项A和C属于行业管理或单位内部要求，非法律强制性规定。

【最终答案】：DE",客观题,DE
医患关系,"你是一个严格按照要求答题的医学考试考生。请你先展示出完整的思考过程，然后再输出最终答案。每道题目有至少两个选项（A、B）至多五个选项（A、B、C、D、E），题目为不定项选择题，请按照以下格式作答：

【思考过程】：...

【最终答案】：AB / BCE / CD / DE / E / ...（只输出选项的编号，不要写选项内容）

示例：
题目：医疗伦理中四大基本原则是？
A.尊重自主权
B.善意行为
C.无害原则
D.公正原则
E.以上都不是
【思考过程】：本题考查医学伦理的四大基本原则，包括尊重自主权、不伤害原则、行善原则、公正原则。

【最终答案】：ABCD

题目：下列哪项属于医疗卫生人员的法定义务？
A.尊重患者人格尊严
B.遵守诊疗制度和医疗卫生服务秩序
C.平等对待患者并保护隐私
D.要求患者提供既往全部健康信息
【思考过程】：",ABC,Qwen3-235B-A22B,"【思考过程】：根据《中华人民共和国基本医疗卫生与健康促进法》等相关法规，医疗卫生人员的法定义务包括：尊重患者人格尊严（A）、遵守诊疗制度和医疗卫生服务秩序（B）、平等对待患者并保护隐私（C）。选项D中“要求患者提供既往全部健康信息”属于诊疗需要，但患者有权知情并决定是否提供，不属于医疗人员的直接法定义务。

【最终答案】：ABC",客观题,ABC
医患关系,"你是一个严格按照要求答题的医学考试考生。请你先展示出完整的思考过程，然后再输出最终答案。每道题目有至少两个选项（A、B）至多五个选项（A、B、C、D、E），题目为不定项选择题，请按照以下格式作答：

【思考过程】：...

【最终答案】：AB / BCE / CD / DE / E / ...（只输出选项的编号，不要写选项内容）

示例：
题目：医疗伦理中四大基本原则是？
A.尊重自主权
B.善意行为
C.无害原则
D.公正原则
E.以上都不是
【思考过程】：本题考查医学伦理的四大基本原则，包括尊重自主权、不伤害原则、行善原则、公正原则。

【最终答案】：ABCD

题目：在突发公共事件中因参与救治致病致残的医疗人员，可依法获得以下哪些待遇？
A.工伤认定及补偿
B.终身医疗保险优先权
C.烈士褒扬待遇
D.直系亲属就业优先政策
E.抚恤金
【思考过程】：",ACE,Qwen3-235B-A22B,"【思考过程】：本题考查医护人员在突发公共事件中因救治致病致残的法定待遇。根据《工伤保险条例》及相关政策：  
1. **A（工伤认定及补偿）**：无论致残或因工死亡，均属于工伤，依法享受工伤保险待遇。  
2. **C（烈士褒扬待遇）**：若因救治导致死亡且符合烈士评定条件（如感染致死），可评定为烈士并享受相关待遇。  
3. **E（抚恤金）**：工亡情况下，家属可依法获得一次性工亡补助金及供养亲属抚恤金。  
B（终身医疗保险优先权）和D（直系亲属就业优先政策）缺乏明确法律依据，通常不适用。  

【最终答案】：ACE",客观题,ACE
医患关系,"你是一个严格按照要求答题的医学考试考生。请你先展示出完整的思考过程，然后再输出最终答案。每道题目有至少两个选项（A、B）至多五个选项（A、B、C、D、E），题目为不定项选择题，请按照以下格式作答：

【思考过程】：...

【最终答案】：AB / BCE / CD / DE / E / ...（只输出选项的编号，不要写选项内容）

示例：
题目：医疗伦理中四大基本原则是？
A.尊重自主权
B.善意行为
C.无害原则
D.公正原则
E.以上都不是
【思考过程】：本题考查医学伦理的四大基本原则，包括尊重自主权、不伤害原则、行善原则、公正原则。

【最终答案】：ABCD

题目：某护士下列哪些行为违反了《医疗机构工作人员廉洁从业九项准则》？
A.接受出院患者赠送的电子礼品卡
B.强制要求家属购买指定药店的自费药品
C.向患者推荐非备案注册的私人诊所
D.公示收取20元夜间加急护理服务费
E.要求患者家属提供工作单位开具的免费耗材证明
【思考过程】：",ABC,Qwen3-235B-A22B,"【思考过程】：本题考查《医疗机构工作人员廉洁从业九项准则》的禁止性行为。A选项涉及收受患者财物，违反“禁止收受红包”；B选项强制指定药店购药，涉嫌利益输送，违反“不得违规牟利”；C选项推荐未备案诊所属于违规转诊；D选项若收费经批准则不违规，题目未明确其合规性，倾向于不选；E选项要求虚假证明，涉及违规使用耗材，违反准则。

【最终答案】：ABCE",客观题,ABCE
医患关系,"你是一个严格按照要求答题的医学考试考生。请你先展示出完整的思考过程，然后再输出最终答案。每道题目有至少两个选项（A、B）至多五个选项（A、B、C、D、E），题目为不定项选择题，请按照以下格式作答：

【思考过程】：...

【最终答案】：AB / BCE / CD / DE / E / ...（只输出选项的编号，不要写选项内容）

示例：
题目：医疗伦理中四大基本原则是？
A.尊重自主权
B.善意行为
C.无害原则
D.公正原则
E.以上都不是
【思考过程】：本题考查医学伦理的四大基本原则，包括尊重自主权、不伤害原则、行善原则、公正原则。

【最终答案】：ABCD

题目：以下哪些行为被相关法律法规明确禁止？
A.威胁医疗卫生人员人身安全
B.侵犯医疗卫生人员人格尊严
C.患者家属因费用争议拒绝支付医疗账单
D.未经允许查看护士的个人社交媒体账号
E.疫情高峰期患者排队时间超过4小时
【思考过程】：",AB,Qwen3-235B-A22B,"【思考过程】：选项A涉及威胁医疗人员安全，属于刑法和治安处罚法禁止的行为；选项B侵犯人格尊严，同样受治安处罚法和民法典约束；选项C属于民事纠纷，不构成法律明确禁止的违法行为；选项D侵犯隐私权，民法典明确禁止；选项E为医疗资源管理问题，无直接法律禁止。因此正确答案为A、B、D。

【最终答案】：ABD",客观题,ABD
医患关系,"你是一个严格按照要求答题的医学考试考生。请你先展示出完整的思考过程，然后再输出最终答案。每道题目有至少两个选项（A、B）至多五个选项（A、B、C、D、E），题目为不定项选择题，请按照以下格式作答：

【思考过程】：...

【最终答案】：AB / BCE / CD / DE / E / ...（只输出选项的编号，不要写选项内容）

示例：
题目：医疗伦理中四大基本原则是？
A.尊重自主权
B.善意行为
C.无害原则
D.公正原则
E.以上都不是
【思考过程】：本题考查医学伦理的四大基本原则，包括尊重自主权、不伤害原则、行善原则、公正原则。

【最终答案】：ABCD

题目：以下表述是否正确：医院为快速处理医患冲突，允许患者家属对不配合治疗的护士采取短暂人身限制措施。
A.正确
B.错误
【思考过程】：",B,Qwen3-235B-A22B,"【思考过程】：本题考查医疗纠纷处理中的法律问题。根据《中华人民共和国治安管理处罚法》第四十条和《刑法》第二百三十八条，非法限制他人人身自由属于违法行为。医疗机构应依法通过调解、沟通或法律途径解决医患冲突，任何暴力或限制人身自由的行为均违反法律规定，且不符合《医疗纠纷预防和处理条例》要求。

【最终答案】：B",客观题,B
医患关系,"你是一个严格按照要求答题的医学考试考生。请你先展示出完整的思考过程，然后再输出最终答案。每道题目有至少两个选项（A、B）至多五个选项（A、B、C、D、E），题目为不定项选择题，请按照以下格式作答：

【思考过程】：...

【最终答案】：AB / BCE / CD / DE / E / ...（只输出选项的编号，不要写选项内容）

示例：
题目：医疗伦理中四大基本原则是？
A.尊重自主权
B.善意行为
C.无害原则
D.公正原则
E.以上都不是
【思考过程】：本题考查医学伦理的四大基本原则，包括尊重自主权、不伤害原则、行善原则、公正原则。

【最终答案】：ABCD

题目：以下表述是否正确：在紧急抢救场景下，未取得护士执业证书的医疗学院毕业生在患者家属要求下可以执行静脉穿刺操作。
A.正确
B.错误
【思考过程】：",B,Qwen3-235B-A22B,"【思考过程】：根据《护士条例》规定，静脉穿刺属于必须具备护士执业资格的操作。未取得证书者即使在紧急抢救场景下，也不具备执业资质。患者家属的同意不能替代操作者的法定资质要求，因此该表述不符合医疗法规。

【最终答案】：B",客观题,B
医患关系,"你是一个严格按照要求答题的医学考试考生。请你先展示出完整的思考过程，然后再输出最终答案。每道题目有至少两个选项（A、B）至多五个选项（A、B、C、D、E），题目为不定项选择题，请按照以下格式作答：

【思考过程】：...

【最终答案】：AB / BCE / CD / DE / E / ...（只输出选项的编号，不要写选项内容）

示例：
题目：医疗伦理中四大基本原则是？
A.尊重自主权
B.善意行为
C.无害原则
D.公正原则
E.以上都不是
【思考过程】：本题考查医学伦理的四大基本原则，包括尊重自主权、不伤害原则、行善原则、公正原则。

【最终答案】：ABCD

题目：以下哪些属于护士执业时依法享有的权利？
A.获取工资报酬
B.享受年度旅游津贴
C.参加社会保险
D.优先晋升职称
E.医院分配的股权激励
【思考过程】：",AC,Qwen3-235B-A22B,"【思考过程】：根据《护士条例》及相关法律法规，护士执业时依法享有的权利包括获取工资报酬（A）、享受社会保险（C）。年度旅游津贴（B）和股权激励（E）属于单位福利或特殊激励措施，并非法定权利。优先晋升职称（D）需依据工作能力及评审标准，法律未规定护士执业时享有优先晋升的法定权利。

【最终答案】：AC",客观题,AC
医患关系,"你是一个严格按照要求答题的医学考试考生。请你先展示出完整的思考过程，然后再输出最终答案。每道题目有至少两个选项（A、B）至多五个选项（A、B、C、D、E），题目为不定项选择题，请按照以下格式作答：

【思考过程】：...

【最终答案】：AB / BCE / CD / DE / E / ...（只输出选项的编号，不要写选项内容）

示例：
题目：医疗伦理中四大基本原则是？
A.尊重自主权
B.善意行为
C.无害原则
D.公正原则
E.以上都不是
【思考过程】：本题考查医学伦理的四大基本原则，包括尊重自主权、不伤害原则、行善原则、公正原则。

【最终答案】：ABCD

题目：以下关于护士权利的说法中，正确的是？
A.可拒绝任何存在职业暴露风险的工作
B.从事有感染风险工作时应接受职业健康检查
C.有权要求医院提供免费的年度体检
D.患职业病后有权依法获得赔偿
E.享有法定带薪休假权
【思考过程】：",BDE,Qwen3-235B-A22B,"【思考过程】：根据相关法律法规，护士在从事有感染风险的工作时有权接受职业健康检查（B），患职业病后依法获得赔偿（D），以及享有法定带薪休假权（E）。选项A不正确，因为护士不能无条件拒绝所有存在职业暴露风险的工作，需遵守规章制度；选项C中“免费年度体检”并非法定权利，职业健康检查与常规年度体检不同。

【最终答案】：BDE",客观题,BDE
医患关系,"你是一个严格按照要求答题的医学考试考生。请你先展示出完整的思考过程，然后再输出最终答案。每道题目有至少两个选项（A、B）至多五个选项（A、B、C、D、E），题目为不定项选择题，请按照以下格式作答：

【思考过程】：...

【最终答案】：AB / BCE / CD / DE / E / ...（只输出选项的编号，不要写选项内容）

示例：
题目：医疗伦理中四大基本原则是？
A.尊重自主权
B.善意行为
C.无害原则
D.公正原则
E.以上都不是
【思考过程】：本题考查医学伦理的四大基本原则，包括尊重自主权、不伤害原则、行善原则、公正原则。

【最终答案】：ABCD

题目：护士发现医嘱违反诊疗技术规范时，应当采取以下哪些措施？
A.立即停止执行医嘱并销毁相关记录
B.及时向开具医嘱的医师提出
C.暂时隐瞒情况观察后续变化
D.向该医师所在科室负责人报告
E.直接向卫生行政部门投诉
【思考过程】：",BD,Qwen3-235B-A22B,"【思考过程】：根据《护士条例》第十七条，护士发现医嘱违反诊疗技术规范时，应首先向开具医嘱的医师提出异议。若问题未解决，需向该医师所在科室负责人或医疗机构管理层报告。选项A销毁记录违反医疗记录保存规定，错误；选项C隐瞒情况违反及时处理原则；选项E直接投诉至卫生行政部门不符合常规流程。正确措施为B和D。

【最终答案】：BD",客观题,BD
医患关系,"你是一个严格按照要求答题的医学考试考生。请你先展示出完整的思考过程，然后再输出最终答案。每道题目有至少两个选项（A、B）至多五个选项（A、B、C、D、E），题目为不定项选择题，请按照以下格式作答：

【思考过程】：...

【最终答案】：AB / BCE / CD / DE / E / ...（只输出选项的编号，不要写选项内容）

示例：
题目：医疗伦理中四大基本原则是？
A.尊重自主权
B.善意行为
C.无害原则
D.公正原则
E.以上都不是
【思考过程】：本题考查医学伦理的四大基本原则，包括尊重自主权、不伤害原则、行善原则、公正原则。

【最终答案】：ABCD

题目：护士在常规护理中需要履行以下哪些义务？
A.尊重患者的宗教信仰
B.密切监视患者的日常通讯
C.关心患者的治疗进展
D.及时向家属报告所有病情变化
E.保护患者的诊疗记录安全
【思考过程】：",ACE,Qwen3-235B-A22B,"【思考过程】：护士在常规护理中的义务包括尊重患者权益、关注治疗进展及保护患者隐私。A项符合尊重患者宗教信仰的原则；C项属于护士对患者治疗进展的职责；E项涉及患者隐私保护。B项侵犯患者隐私权；D项“所有病情变化”表述过于绝对，通常仅需报告重要变化。

【最终答案】：ACE",客观题,ACE
医患关系,"你是一个严格按照要求答题的医学考试考生。请你先展示出完整的思考过程，然后再输出最终答案。每道题目有至少两个选项（A、B）至多五个选项（A、B、C、D、E），题目为不定项选择题，请按照以下格式作答：

【思考过程】：...

【最终答案】：AB / BCE / CD / DE / E / ...（只输出选项的编号，不要写选项内容）

示例：
题目：医疗伦理中四大基本原则是？
A.尊重自主权
B.善意行为
C.无害原则
D.公正原则
E.以上都不是
【思考过程】：本题考查医学伦理的四大基本原则，包括尊重自主权、不伤害原则、行善原则、公正原则。

【最终答案】：ABCD

题目：在突发公共卫生事件中，护士必须服从以下哪些机构的安排参加医疗救护？
A.县级以上人民政府卫生主管部门
B.省级传染病防治中心
C.乡镇卫生院管理部门
D.所在医疗卫生机构
E.国际非政府救援组织
F.市级人民政府
【思考过程】：",AD,Qwen3-235B-A22B,"【思考过程】：根据《突发公共卫生事件应急条例》和《护士条例》，护士在突发公共卫生事件中必须服从县级以上人民政府卫生行政部门（选项A）及所在医疗卫生机构（选项D）的安排。选项B（省级传染病防治中心）和C（乡镇卫生院管理部门）不属于法定直接调配主体；E（国际非政府救援组织）无法律依据；F（市级人民政府）需通过其卫生主管部门行使职权，而非政府本身。

【最终答案】：AD",客观题,AD
医患关系,"你是一个严格按照要求答题的医学考试考生。请你先展示出完整的思考过程，然后再输出最终答案。每道题目有至少两个选项（A、B）至多五个选项（A、B、C、D、E），题目为不定项选择题，请按照以下格式作答：

【思考过程】：...

【最终答案】：AB / BCE / CD / DE / E / ...（只输出选项的编号，不要写选项内容）

示例：
题目：医疗伦理中四大基本原则是？
A.尊重自主权
B.善意行为
C.无害原则
D.公正原则
E.以上都不是
【思考过程】：本题考查医学伦理的四大基本原则，包括尊重自主权、不伤害原则、行善原则、公正原则。

【最终答案】：ABCD

题目：根据相关规定，以下哪些人员被禁止在医疗卫生机构独立从事诊疗技术规范规定的护理活动？
A.未取得护士执业证书的人员
B.未办理执业地点变更手续的护士
C.护士执业注册有效期届满未延续的护士
D.在护士指导下开展实习的护理学生
E.未通过定期考核的护士
【思考过程】：",ABCD,Qwen3-235B-A22B,"【思考过程】：本题考查医疗卫生机构禁止独立从事护理活动的人员类型。根据《护士条例》第二十一条，未取得护士执业证书（A）、未变更执业地点（B）、注册过期未延续（C）的护士均被禁止独立从事护理活动。实习护理学生（D）需在执业护士指导下工作，不得独立操作，因此也属于禁止范围。未通过定期考核的护士（E）若被暂停执业则受限制，但题目未明确其是否处于暂停期，依据条例原文，E的禁止性规定未直接提及，故暂不纳入。

【最终答案】：ABCD",客观题,ABCD
医患关系,"你是一个严格按照要求答题的医学考试考生。请你先展示出完整的思考过程，然后再输出最终答案。每道题目有至少两个选项（A、B）至多五个选项（A、B、C、D、E），题目为不定项选择题，请按照以下格式作答：

【思考过程】：...

【最终答案】：AB / BCE / CD / DE / E / ...（只输出选项的编号，不要写选项内容）

示例：
题目：医疗伦理中四大基本原则是？
A.尊重自主权
B.善意行为
C.无害原则
D.公正原则
E.以上都不是
【思考过程】：本题考查医学伦理的四大基本原则，包括尊重自主权、不伤害原则、行善原则、公正原则。

【最终答案】：ABCD

题目：根据相关规定，医疗卫生机构必须为护士采取以下哪些措施？（多选）
A.提供卫生防护用品
B.每季度进行一次急救培训
C.落实有效的卫生防护措施
D.完善医疗保健措施
E.每年组织心理健康讲座
【思考过程】：",ACD,Qwen3-235B-A22B,"【思考过程】：根据《护士条例》及相关规定，医疗卫生机构需为护士提供卫生防护用品（A），落实有效的卫生防护措施（C），并完善医疗保健措施（D）。急救培训频率（B）和心理健康讲座（E）未明确列为强制性措施。

【最终答案】：ACD",客观题,ACD
医患关系,"你是一个严格按照要求答题的医学考试考生。请你先展示出完整的思考过程，然后再输出最终答案。每道题目有至少两个选项（A、B）至多五个选项（A、B、C、D、E），题目为不定项选择题，请按照以下格式作答：

【思考过程】：...

【最终答案】：AB / BCE / CD / DE / E / ...（只输出选项的编号，不要写选项内容）

示例：
题目：医疗伦理中四大基本原则是？
A.尊重自主权
B.善意行为
C.无害原则
D.公正原则
E.以上都不是
【思考过程】：本题考查医学伦理的四大基本原则，包括尊重自主权、不伤害原则、行善原则、公正原则。

【最终答案】：ABCD

题目：根据《护士条例》，以下哪种情形下，护士所在医疗卫生机构应当按照国家有关规定给予津贴？
A.参加跨省进修培训的护士， B.在高原边陲乡镇卫生所工作的护士， C.负责医疗废弃物分类处理的护士， D.节假日期间连续值班的护士， E.为老年患者提供居家护理的护士
【思考过程】：",BC,Qwen3-235B-A22B,"【思考过程】：根据《护士条例》第十三条，护士在艰苦边远地区工作或从事直接接触有毒有害物质、有感染传染病危险的工作时，有权获得国家规定的津贴。选项B“高原边陲乡镇卫生所工作的护士”符合艰苦边远地区津贴条件；选项C“负责医疗废弃物分类处理的护士”属于接触有毒有害物质的情形。其他选项中，A（进修培训）、D（节假日值班）涉及的是待遇或加班费，E（居家护理）无明确津贴依据。

【最终答案】：BC",客观题,BC
医患关系,"你是一个严格按照要求答题的医学考试考生。请你先展示出完整的思考过程，然后再输出最终答案。每道题目有至少两个选项（A、B）至多五个选项（A、B、C、D、E），题目为不定项选择题，请按照以下格式作答：

【思考过程】：...

【最终答案】：AB / BCE / CD / DE / E / ...（只输出选项的编号，不要写选项内容）

示例：
题目：医疗伦理中四大基本原则是？
A.尊重自主权
B.善意行为
C.无害原则
D.公正原则
E.以上都不是
【思考过程】：本题考查医学伦理的四大基本原则，包括尊重自主权、不伤害原则、行善原则、公正原则。

【最终答案】：ABCD

题目：根据护士在职培训相关法规，以下哪项是医疗卫生机构在护士培训中必须注重的？
A.提升护士的沟通能力
B.护理文书书写规范
C.新知识、新技术的应用
D.患者隐私保护技能
【思考过程】：",ABCD,Qwen3-235B-A22B,"【思考过程】：根据《护士条例》及《中国护理事业发展规划纲要》，医疗卫生机构在护士培训中需注重护理文书书写规范（B）、新知识新技术的应用（C）、患者隐私保护技能（D）及沟通能力（A）。护理文书规范是基础要求，新技术应用体现继续教育，隐私保护和沟通能力属于职业道德与实践技能核心内容，均为法规明确规定的培训重点。

【最终答案】：ABCD",客观题,ABCD
医患关系,"你是一个严格按照要求答题的医学考试考生。请你先展示出完整的思考过程，然后再输出最终答案。每道题目有至少两个选项（A、B）至多五个选项（A、B、C、D、E），题目为不定项选择题，请按照以下格式作答：

【思考过程】：...

【最终答案】：AB / BCE / CD / DE / E / ...（只输出选项的编号，不要写选项内容）

示例：
题目：医疗伦理中四大基本原则是？
A.尊重自主权
B.善意行为
C.无害原则
D.公正原则
E.以上都不是
【思考过程】：本题考查医学伦理的四大基本原则，包括尊重自主权、不伤害原则、行善原则、公正原则。

【最终答案】：ABCD

题目：当护士因违反职业道德被投诉时，其所在医疗卫生机构的正确处理流程是什么？
A.立即对涉事护士进行降薪处理并在院内通报
B.对投诉内容进行核实后直接向卫健委提交报告
C.调查核实后进行处理但不公开结果
D.调查确认投诉属实后处理护士并告知投诉人
E.暂不处理以观察护士后续表现
【思考过程】：",D,Qwen3-235B-A22B,"【思考过程】：本题考查医疗卫生机构对护士职业道德投诉的处理流程。根据《护士条例》及医疗纠纷处理规范，医疗机构接到投诉后应先调查核实，若属实则依法处理，并需向投诉人反馈结果。选项D符合“调查确认→处理护士→告知投诉人”的法定程序。选项B未明确处理环节且直接上报卫健委，选项A和E违反及时处理原则，选项C未告知投诉人结果，均不符合规范。

【最终答案】：D",客观题,D
医患关系,"你是一个严格按照要求答题的医学考试考生。请你先展示出完整的思考过程，然后再输出最终答案。每道题目有至少两个选项（A、B）至多五个选项（A、B、C、D、E），题目为不定项选择题，请按照以下格式作答：

【思考过程】：...

【最终答案】：AB / BCE / CD / DE / E / ...（只输出选项的编号，不要写选项内容）

示例：
题目：医疗伦理中四大基本原则是？
A.尊重自主权
B.善意行为
C.无害原则
D.公正原则
E.以上都不是
【思考过程】：本题考查医学伦理的四大基本原则，包括尊重自主权、不伤害原则、行善原则、公正原则。

【最终答案】：ABCD

题目：护士在执业活动中出现以下哪些情形可能导致被暂停执业活动？
A.发现患者病情危急未立即通知家属
B.发现医嘱违反诊疗规范仅向同事私下提醒而未正式报告
C.未经允许将患者病历照片上传至个人社交平台
D.因个人行程冲突拒绝参与地震灾区的医疗救援
E.操作失误导致患者服药时间延误1小时
【思考过程】：",BCD,Qwen3-235B-A22B,"【思考过程】：根据《护士条例》及医疗规范，暂停执业通常涉及严重失职或违规。A选项未及时通知家属可能延误救治，属于失职；B选项未正式报告违规医嘱，存在医疗安全隐患，违反护士职责；C选项泄露患者隐私，违反《个人信息保护法》及医疗保密规定。D选项拒绝参与救灾属道德层面问题，通常不直接导致暂停执业；E选项延误用药1小时若未造成严重后果，一般按医疗差错处理，而非暂停执业。

【最终答案】：ABC",客观题,ABC
医患关系,"你是一个严格按照要求答题的医学考试考生。请你先展示出完整的思考过程，然后再输出最终答案。每道题目有至少两个选项（A、B）至多五个选项（A、B、C、D、E），题目为不定项选择题，请按照以下格式作答：

【思考过程】：...

【最终答案】：AB / BCE / CD / DE / E / ...（只输出选项的编号，不要写选项内容）

示例：
题目：医疗伦理中四大基本原则是？
A.尊重自主权
B.善意行为
C.无害原则
D.公正原则
E.以上都不是
【思考过程】：本题考查医学伦理的四大基本原则，包括尊重自主权、不伤害原则、行善原则、公正原则。

【最终答案】：ABCD

题目：下列哪些行为应当依照治安管理处罚法或刑法进行处罚？
A.以暴力手段阻碍护士为患者抽血
B.公开威胁要殴打值班护士
C.护士要求登记信息时拒绝提供联系方式
D.伪造患者医疗记录干扰护理工作
【思考过程】：",ABD,Qwen3-235B-A22B,"【思考过程】：选项A涉及暴力阻碍医疗行为，符合妨害公务或故意伤害的处罚条件；选项B的公开威胁属于治安管理处罚或寻衅滋事的范畴；选项D伪造医疗记录干扰护理工作，涉及伪造证据或破坏医疗秩序。而选项C拒绝提供联系方式通常属于医院管理约束范围，不直接触犯治安或刑法。

【最终答案】：ABD",客观题,ABD
医患关系,"你是一个严格按照要求答题的医学考试考生。请你先展示出完整的思考过程，然后再输出最终答案。每道题目有至少两个选项（A、B）至多五个选项（A、B、C、D、E），题目为不定项选择题，请按照以下格式作答：

【思考过程】：...

【最终答案】：AB / BCE / CD / DE / E / ...（只输出选项的编号，不要写选项内容）

示例：
题目：医疗伦理中四大基本原则是？
A.尊重自主权
B.善意行为
C.无害原则
D.公正原则
E.以上都不是
【思考过程】：本题考查医学伦理的四大基本原则，包括尊重自主权、不伤害原则、行善原则、公正原则。

【最终答案】：ABCD

题目：以下哪些内容符合我国相关法律法规对护士权益的规定？
A.护士的人格尊严不受侵犯
B.护士的人身安全受法律保护
C.护士的职业自由不受限制
D.全社会应当理解护士
E.护士依法履职时享有特殊豁免权
【思考过程】：",AB,Qwen3-235B-A22B,"【思考过程】：本题考查我国《护士条例》中对护士权益的保护。根据《护士条例》第九条，护士的人格尊严和人身安全受法律保护（对应选项A和B）。选项C中“职业自由不受限制”不符合法规，因护士执业需遵守相关规范。选项D“全社会应当理解护士”未在条例中明确提及，而选项E“特殊豁免权”无直接法律依据。因此，正确答案为A和B。

【最终答案】：AB",客观题,AB
医患关系,"你是一个严格按照要求答题的医学考试考生。请你先展示出完整的思考过程，然后再输出最终答案。每道题目有至少两个选项（A、B）至多五个选项（A、B、C、D、E），题目为不定项选择题，请按照以下格式作答：

【思考过程】：...

【最终答案】：AB / BCE / CD / DE / E / ...（只输出选项的编号，不要写选项内容）

示例：
题目：医疗伦理中四大基本原则是？
A.尊重自主权
B.善意行为
C.无害原则
D.公正原则
E.以上都不是
【思考过程】：本题考查医学伦理的四大基本原则，包括尊重自主权、不伤害原则、行善原则、公正原则。

【最终答案】：ABCD

题目：下列哪些奖励或荣誉是由国务院有关部门授予的？
A.全国卫生系统先进工作者荣誉称号
B.白求恩奖章
C.长期从事护理工作的护士荣誉证书
D.省级劳动模范称号由县级政府授予
E.地方政府为优秀护士提供特殊津贴
【思考过程】：",AB,Qwen3-235B-A22B,"【思考过程】：本题考查国务院有关部门授予的奖励或荣誉。A项“全国卫生系统先进工作者”由国家卫生健康委员会（国务院部门）授予；B项“白求恩奖章”由国家卫生健康委员会和人力资源社会保障部（均为国务院部门）联合授予；C项“长期从事护理工作的护士荣誉证书”属于国务院卫生健康主管部门授予的荣誉；D项错误，省级劳动模范应由省级政府授予而非县级政府；E项为地方政府（非国务院部门）提供的津贴。因此，正确答案为A、B、C。

【最终答案】：ABC",客观题,ABC
医患关系,"你是一个严格按照要求答题的医学考试考生。请你先展示出完整的思考过程，然后再输出最终答案。每道题目有至少两个选项（A、B）至多五个选项（A、B、C、D、E），题目为不定项选择题，请按照以下格式作答：

【思考过程】：...

【最终答案】：AB / BCE / CD / DE / E / ...（只输出选项的编号，不要写选项内容）

示例：
题目：医疗伦理中四大基本原则是？
A.尊重自主权
B.善意行为
C.无害原则
D.公正原则
E.以上都不是
【思考过程】：本题考查医学伦理的四大基本原则，包括尊重自主权、不伤害原则、行善原则、公正原则。

【最终答案】：ABCD

题目：以下哪些是申请护士执业注册的必要条件？
A.具备完全民事行为能力
B.通过省教育厅组织的护士执业资格考试
C.完成普通全日制2年护理专业课程学习及6个月临床实习
D.取得本科及以上学历证书
E.通过护士执业资格考试3个月内提出注册申请
【思考过程】：",A,Qwen3-235B-A22B,"【思考过程】：申请护士执业注册的必要条件包括：具备完全民事行为能力（A）。选项B中考试组织部门错误（应为省级卫生行政部门而非教育厅）；选项C要求的2年课程和6个月实习不符合规定的3年课程和8个月实习；选项D学历要求过高（中专及以上即可）；选项E注册时限错误（应为通过考试后3年内而非3个月内）。其他选项均不符合规定。

【最终答案】：A",客观题,A
医患关系,"你是一个严格按照要求答题的医学考试考生。请你先展示出完整的思考过程，然后再输出最终答案。每道题目有至少两个选项（A、B）至多五个选项（A、B、C、D、E），题目为不定项选择题，请按照以下格式作答：

【思考过程】：...

【最终答案】：AB / BCE / CD / DE / E / ...（只输出选项的编号，不要写选项内容）

示例：
题目：医疗伦理中四大基本原则是？
A.尊重自主权
B.善意行为
C.无害原则
D.公正原则
E.以上都不是
【思考过程】：本题考查医学伦理的四大基本原则，包括尊重自主权、不伤害原则、行善原则、公正原则。

【最终答案】：ABCD

题目：护士在考试通过后逾期3年申请执业注册时，除基本条件外还需要满足以下哪项要求？
A.重新通过护士执业资格考试，B.在医疗机构接受6个月临床培训，C.在符合规定的机构接受3个月临床护理培训并合格，D.提交补充学历证明
【思考过程】：",C,Qwen3-235B-A22B,"【思考过程】：根据《护士执业注册管理办法》，护士执业资格考试通过后逾期3年未注册的，除满足基本条件外，需在符合规定的机构接受3个月临床护理培训并考核合格。选项C符合这一规定，而选项B（6个月）和A（重新考试）不符合。选项D与题干无关。

【最终答案】：C",客观题,C
医患关系,"你是一个严格按照要求答题的医学考试考生。请你先展示出完整的思考过程，然后再输出最终答案。每道题目有至少两个选项（A、B）至多五个选项（A、B、C、D、E），题目为不定项选择题，请按照以下格式作答：

【思考过程】：...

【最终答案】：AB / BCE / CD / DE / E / ...（只输出选项的编号，不要写选项内容）

示例：
题目：医疗伦理中四大基本原则是？
A.尊重自主权
B.善意行为
C.无害原则
D.公正原则
E.以上都不是
【思考过程】：本题考查医学伦理的四大基本原则，包括尊重自主权、不伤害原则、行善原则、公正原则。

【最终答案】：ABCD

题目：护士执业注册申请的期限及逾期要求，以下哪项是正确的？
A.申请需在通过考试后2年内提出，逾期需接受6个月培训
B.申请需在通过考试后3年内提出，逾期需接受3个月培训且合格
C.申请无时间限制，但需每年参加考核
D.逾期申请者免除临床培训要求
【思考过程】：",B,Qwen3-235B-A22B,"【思考过程】：根据《护士执业注册管理办法》，通过考试后需在3年内申请注册。逾期者需接受3个月临床培训并考核合格。选项B符合此规定，而选项A的2年和6个月、选项C的无时间限制、选项D的免除培训均不符合规定。

【最终答案】：B",客观题,B
医患关系,"你是一个严格按照要求答题的医学考试考生。请你先展示出完整的思考过程，然后再输出最终答案。每道题目有至少两个选项（A、B）至多五个选项（A、B、C、D、E），题目为不定项选择题，请按照以下格式作答：

【思考过程】：...

【最终答案】：AB / BCE / CD / DE / E / ...（只输出选项的编号，不要写选项内容）

示例：
题目：医疗伦理中四大基本原则是？
A.尊重自主权
B.善意行为
C.无害原则
D.公正原则
E.以上都不是
【思考过程】：本题考查医学伦理的四大基本原则，包括尊重自主权、不伤害原则、行善原则、公正原则。

【最终答案】：ABCD

题目：收到护士执业注册申请的卫生主管部门应当自收到申请之日起多少个工作日内做出决定？
A.15个工作日
B.20个工作日
C.25个自然日
D.30个自然日
E.45个工作日
【思考过程】：",B,Qwen3-235B-A22B,"【思考过程】：根据《护士执业注册管理办法》规定，卫生主管部门收到护士执业注册申请后，应在20个工作日内完成审核并作出决定。选项B明确为“20个工作日”，符合法规要求。其他选项中的“自然日”或不同工作日天数均不符合现行规定。

【最终答案】：B",客观题,B
医患关系,"你是一个严格按照要求答题的医学考试考生。请你先展示出完整的思考过程，然后再输出最终答案。每道题目有至少两个选项（A、B）至多五个选项（A、B、C、D、E），题目为不定项选择题，请按照以下格式作答：

【思考过程】：...

【最终答案】：AB / BCE / CD / DE / E / ...（只输出选项的编号，不要写选项内容）

示例：
题目：医疗伦理中四大基本原则是？
A.尊重自主权
B.善意行为
C.无害原则
D.公正原则
E.以上都不是
【思考过程】：本题考查医学伦理的四大基本原则，包括尊重自主权、不伤害原则、行善原则、公正原则。

【最终答案】：ABCD

题目：关于护士跨省变更执业地点的管理要求，以下哪些说法不符合规定？
A.所在省份卫生主管部门应在收到报告之日起7个工作日内办理变更手续
B.所在省份卫生主管部门应在收到报告之日起10个工作日内办理变更手续
C.跨省变更需由原注册部门直接办理变更登记
D.护士需要同时向原执业地和拟执业地的卫生主管部门提交报告
【思考过程】：",BCD,Qwen3-235B-A22B,"【思考过程】：根据《护士执业注册管理办法》，跨省变更执业地点时，原注册部门（即原执业地卫生主管部门）应在收到报告后7个工作日内办理变更手续（A正确，B错误）。变更登记由原注册部门直接办理（C正确）。护士仅需向原执业地卫生主管部门报告，无需同时向拟执业地提交报告（D错误）。

【最终答案】：BD",客观题,BD
医患关系,"你是一个严格按照要求答题的医学考试考生。请你先展示出完整的思考过程，然后再输出最终答案。每道题目有至少两个选项（A、B）至多五个选项（A、B、C、D、E），题目为不定项选择题，请按照以下格式作答：

【思考过程】：...

【最终答案】：AB / BCE / CD / DE / E / ...（只输出选项的编号，不要写选项内容）

示例：
题目：医疗伦理中四大基本原则是？
A.尊重自主权
B.善意行为
C.无害原则
D.公正原则
E.以上都不是
【思考过程】：本题考查医学伦理的四大基本原则，包括尊重自主权、不伤害原则、行善原则、公正原则。

【最终答案】：ABCD

题目：护士执业注册有效期届满前申请延续注册的最早时间点是什么时候？
A.有效期届满前15日
B.有效期届满前20日
C.有效期届满前30日
D.有效期届满后30日内
【思考过程】：",C,Qwen3-235B-A22B,"【思考过程】：根据《护士执业注册管理办法》规定，护士执业注册有效期为5年，延续注册应在有效期届满前30日申请。选项C符合法规要求，而选项D为届满后时间点，属于错误情形。其他选项A、B的时间早于C，但不符合法规规定的最早时间点。

【最终答案】：C",客观题,C
医患关系,"你是一个严格按照要求答题的医学考试考生。请你先展示出完整的思考过程，然后再输出最终答案。每道题目有至少两个选项（A、B）至多五个选项（A、B、C、D、E），题目为不定项选择题，请按照以下格式作答：

【思考过程】：...

【最终答案】：AB / BCE / CD / DE / E / ...（只输出选项的编号，不要写选项内容）

示例：
题目：医疗伦理中四大基本原则是？
A.尊重自主权
B.善意行为
C.无害原则
D.公正原则
E.以上都不是
【思考过程】：本题考查医学伦理的四大基本原则，包括尊重自主权、不伤害原则、行善原则、公正原则。

【最终答案】：ABCD

题目：以下哪种行为违反了关于护士执业权利的法律规定？
A.某科室将夜班护士的交通补贴纳入绩效考核后发放
B.某医院因护士集体职称考试请假取消其年度体检福利
C.某护理机构对新入职护士暂缓缴纳三个月养老保险
D.某护士长在法定节假日后安排补休代替三倍工资
【思考过程】：",BCD,Qwen3-235B-A22B,"【思考过程】：本题考查护士执业权利的法律规定。根据《护士条例》及《劳动法》相关规定：

A. 交通补贴是否纳入绩效考核需视其性质而定，若属固定补贴则不应与绩效挂钩，但绩效工资制度下部分项目合法，故可能不违规。
B. 年度体检属单位福利，因职称考试请假取消体检违反劳动法关于不得克扣福利的规定。
C. 用人单位须在用工30日内缴纳社保，暂缓三个月明显违法。
D. 法定节假日加班必须支付三倍工资，补休不可替代，护士长单方面安排违法。

B、C、D均违反法律规定，A存在争议但可能不构成明确违规。

【最终答案】：BCD",客观题,BCD
医患关系,"你是一个严格按照要求答题的医学考试考生。请你先展示出完整的思考过程，然后再输出最终答案。每道题目有至少两个选项（A、B）至多五个选项（A、B、C、D、E），题目为不定项选择题，请按照以下格式作答：

【思考过程】：...

【最终答案】：AB / BCE / CD / DE / E / ...（只输出选项的编号，不要写选项内容）

示例：
题目：医疗伦理中四大基本原则是？
A.尊重自主权
B.善意行为
C.无害原则
D.公正原则
E.以上都不是
【思考过程】：本题考查医学伦理的四大基本原则，包括尊重自主权、不伤害原则、行善原则、公正原则。

【最终答案】：ABCD

题目：护士发现某医生的医嘱违反诊疗技术规范，以下哪些属于正确的处理方式？
A.向同事咨询意见，B.立即向开具医嘱的医师提出异议，C.向该医师所在科室负责人报告，D.直接向医院伦理委员会举报，E.将医嘱修改后执行
【思考过程】：",BC,Qwen3-235B-A22B,"【思考过程】：护士发现医嘱违反诊疗规范时，应首先直接与开具医嘱的医师沟通（B），若无法解决则需上报科室负责人（C）。直接修改医嘱（E）违反操作规范，向伦理委员会举报（D）不符合流程，向同事咨询（A）非优先选项。

【最终答案】：BC",客观题,BC
医患关系,"你是一个严格按照要求答题的医学考试考生。请你先展示出完整的思考过程，然后再输出最终答案。每道题目有至少两个选项（A、B）至多五个选项（A、B、C、D、E），题目为不定项选择题，请按照以下格式作答：

【思考过程】：...

【最终答案】：AB / BCE / CD / DE / E / ...（只输出选项的编号，不要写选项内容）

示例：
题目：医疗伦理中四大基本原则是？
A.尊重自主权
B.善意行为
C.无害原则
D.公正原则
E.以上都不是
【思考过程】：本题考查医学伦理的四大基本原则，包括尊重自主权、不伤害原则、行善原则、公正原则。

【最终答案】：ABCD

题目：以下哪些人员不得在医疗卫生机构独立从事诊疗技术规范规定的护理活动？
A.持有护理专业毕业证书但未取得护士执业证书的实习人员
B.已注册但未办理执业地点变更的社区护士
C.执业注册证有效期届满后参与培训的护士
D.在基层医院执业5年但未延续注册的护士
E.有护士执业证书但未完成年度继续教育的学习护士
【思考过程】：",ABCD,Qwen3-235B-A22B,"【思考过程】：根据《护士条例》及执业注册相关规定，未取得护士执业证书（A）、未变更执业地点（B）、注册过期未延续（C、D）均不得独立从事护理活动。E选项中未完成继续教育可能影响延续注册，但现行法规未明确禁止其在注册有效期内执业。

【最终答案】：ABCD",客观题,ABCD
医患关系,"你是一个严格按照要求答题的医学考试考生。请你先展示出完整的思考过程，然后再输出最终答案。每道题目有至少两个选项（A、B）至多五个选项（A、B、C、D、E），题目为不定项选择题，请按照以下格式作答：

【思考过程】：...

【最终答案】：AB / BCE / CD / DE / E / ...（只输出选项的编号，不要写选项内容）

示例：
题目：医疗伦理中四大基本原则是？
A.尊重自主权
B.善意行为
C.无害原则
D.公正原则
E.以上都不是
【思考过程】：本题考查医学伦理的四大基本原则，包括尊重自主权、不伤害原则、行善原则、公正原则。

【最终答案】：ABCD

题目：以下哪种做法符合医疗卫生机构对护士的职业保护要求？
A.每季度组织护士参加综艺团建活动
B.按需发放防护口罩和一次性手套
C.每月监测护士血红蛋白指标
D.建立针刺伤防护操作规范流程
E.定期组织护士职称考试培训
【思考过程】：",BD,Qwen3-235B-A22B,"【思考过程】：本题考查医疗卫生机构对护士的职业保护措施。职业保护主要涉及预防职业暴露风险及保障工作安全。B选项中发放防护口罩和手套属于个人防护装备的必要保障，符合感染控制和职业防护要求；D选项建立针刺伤防护流程直接针对护士常见的职业伤害风险（如针头操作），符合规范操作流程的管理要求。A选项属于团队建设活动，不直接关联职业保护；C选项血红蛋白监测并非护士常规职业防护的必查项目；E选项职称培训属于职业发展范畴，而非直接的职业安全措施。

【最终答案】：BD",客观题,BD
医患关系,"你是一个严格按照要求答题的医学考试考生。请你先展示出完整的思考过程，然后再输出最终答案。每道题目有至少两个选项（A、B）至多五个选项（A、B、C、D、E），题目为不定项选择题，请按照以下格式作答：

【思考过程】：...

【最终答案】：AB / BCE / CD / DE / E / ...（只输出选项的编号，不要写选项内容）

示例：
题目：医疗伦理中四大基本原则是？
A.尊重自主权
B.善意行为
C.无害原则
D.公正原则
E.以上都不是
【思考过程】：本题考查医学伦理的四大基本原则，包括尊重自主权、不伤害原则、行善原则、公正原则。

【最终答案】：ABCD

题目：根据国家规定，以下哪种情形所在医疗卫生机构应给予护士津贴？
A.护士每月完成超过200小时工作量
B.在海拔4500米的高原乡镇卫生所工作
C.参与三甲医院急诊科预检分诊工作
D.长期从事重症监护室夜班工作
E.日常配制肿瘤化疗药物
【思考过程】：",BE,Qwen3-235B-A22B,"【思考过程】：根据《护士条例》相关规定，护士津贴主要针对特殊工作环境或高风险岗位。选项B（高海拔地区）符合艰苦地区津贴政策；选项E（配制化疗药物）涉及接触有毒有害物质，应享受相应津贴。其他选项如急诊科、ICU夜班可能属于岗位补贴或绩效范畴，而非国家统一规定的津贴。高原地区和有害物质接触属于国家明确规定的津贴情形。

【最终答案】：BE",客观题,BE
医患关系,"你是一个严格按照要求答题的医学考试考生。请你先展示出完整的思考过程，然后再输出最终答案。每道题目有至少两个选项（A、B）至多五个选项（A、B、C、D、E），题目为不定项选择题，请按照以下格式作答：

【思考过程】：...

【最终答案】：AB / BCE / CD / DE / E / ...（只输出选项的编号，不要写选项内容）

示例：
题目：医疗伦理中四大基本原则是？
A.尊重自主权
B.善意行为
C.无害原则
D.公正原则
E.以上都不是
【思考过程】：本题考查医学伦理的四大基本原则，包括尊重自主权、不伤害原则、行善原则、公正原则。

【最终答案】：ABCD

题目：根据相关规定，以下哪些内容属于护士在职培训的要求？
A.每季度开展理论考试
B.新知识、新技术的应用
C.岗前见习培训不低于7天
D.根据专科护理岗位需要开展的专科护理培训
E.加强护理人文关怀专项教育
【思考过程】：",BDE,Qwen3-235B-A22B,"【思考过程】：根据护士在职培训相关规定，培训内容主要包括新知识、新技术的应用（B），专科护理岗位所需的专科护理培训（D），以及加强护理人文关怀专项教育（E）。岗前见习培训（C）属于入职前的培训要求，而非在职期间的培训要求。每季度理论考试（A）属于考核机制，并非培训内容本身。因此，正确选项为B、D、E。

【最终答案】：BDE",客观题,BDE
医患关系,"你是一个严格按照要求答题的医学考试考生。请你先展示出完整的思考过程，然后再输出最终答案。每道题目有至少两个选项（A、B）至多五个选项（A、B、C、D、E），题目为不定项选择题，请按照以下格式作答：

【思考过程】：...

【最终答案】：AB / BCE / CD / DE / E / ...（只输出选项的编号，不要写选项内容）

示例：
题目：医疗伦理中四大基本原则是？
A.尊重自主权
B.善意行为
C.无害原则
D.公正原则
E.以上都不是
【思考过程】：本题考查医学伦理的四大基本原则，包括尊重自主权、不伤害原则、行善原则、公正原则。

【最终答案】：ABCD

题目：根据相关规定，关于医疗卫生机构护理管理工作的描述，以下哪项正确？
A.必须同时设置专门机构和专职人员
B.应当配备全职人员负责
C.可设置专门机构或配备专（兼）职人员
D.需按省级卫生部门要求执行
E.无需设立管理机构但需定期检查
【思考过程】：",C,Qwen3-235B-A22B,"【思考过程】：题目考查医疗卫生机构护理管理工作的相关规定。根据相关法规，护理管理工作需结合机构实际情况，省级卫生部门可能有具体要求。选项C的“可设置专门机构或配备专（兼）职人员”体现了灵活性，符合多数法规的表述；选项D的“按省级卫生部门要求执行”也符合地方性规定的可能性。而选项A、B的强制性表述（必须、应当）通常不适用于所有情况，E则与管理规范相悖。

【最终答案】：CD",客观题,CD
医患关系,"你是一个严格按照要求答题的医学考试考生。请你先展示出完整的思考过程，然后再输出最终答案。每道题目有至少两个选项（A、B）至多五个选项（A、B、C、D、E），题目为不定项选择题，请按照以下格式作答：

【思考过程】：...

【最终答案】：AB / BCE / CD / DE / E / ...（只输出选项的编号，不要写选项内容）

示例：
题目：医疗伦理中四大基本原则是？
A.尊重自主权
B.善意行为
C.无害原则
D.公正原则
E.以上都不是
【思考过程】：本题考查医学伦理的四大基本原则，包括尊重自主权、不伤害原则、行善原则、公正原则。

【最终答案】：ABCD

题目：护士因违反职业道德被投诉后，其所在医疗卫生机构应如何处理？
A.展开调查并确认事实后处理护士并告知投诉人
B.无论投诉内容是否属实均需建立档案备查
C.经查证属实时仅将处理情况上报上级卫生部门而未告知投诉人
D.未展开调查而直接对护士进行岗位调整
【思考过程】：",A,Qwen3-235B-A22B,"【思考过程】：根据《护士条例》及医疗投诉处理规范，医疗机构在接到投诉后应首先展开调查并确认事实（选项A正确）。无论投诉是否属实，均需建立档案以备查证（选项B正确）。若查证属实，处理结果必须告知投诉人（选项C错误）。未调查直接调整岗位违反程序公正（选项D错误）。

【最终答案】：AB",客观题,AB
医患关系,"你是一个严格按照要求答题的医学考试考生。请你先展示出完整的思考过程，然后再输出最终答案。每道题目有至少两个选项（A、B）至多五个选项（A、B、C、D、E），题目为不定项选择题，请按照以下格式作答：

【思考过程】：...

【最终答案】：AB / BCE / CD / DE / E / ...（只输出选项的编号，不要写选项内容）

示例：
题目：医疗伦理中四大基本原则是？
A.尊重自主权
B.善意行为
C.无害原则
D.公正原则
E.以上都不是
【思考过程】：本题考查医学伦理的四大基本原则，包括尊重自主权、不伤害原则、行善原则、公正原则。

【最终答案】：ABCD

题目：依据相关法规，以下哪一情形中的卫生主管部门工作人员不需要承担相应法律责任？
A.在护士资质审核中收受贿赂降低标准
B.将亲属安排的轻症患者优先占用护士资源
C.长期未更新护士执业监管档案导致管理混乱
D.非职务行为接受某护士提供的宴请
E.伪造监管记录包庇违规操作护士
【思考过程】：",D,Qwen3-235B-A22B,"【思考过程】：本题考查卫生主管部门工作人员的法律责任免除情形。根据相关法规，工作人员在职务行为中违法需承担责任，但非职务行为可能免责。选项D明确为“非职务行为接受宴请”，若宴请不涉及职权交易且属个人行为，可能不构成职务违法。其他选项均涉及职务违法（受贿、滥用职权、失职、伪造公文），需承担法律责任。

【最终答案】：D",客观题,D
医患关系,"你是一个严格按照要求答题的医学考试考生。请你先展示出完整的思考过程，然后再输出最终答案。每道题目有至少两个选项（A、B）至多五个选项（A、B、C、D、E），题目为不定项选择题，请按照以下格式作答：

【思考过程】：...

【最终答案】：AB / BCE / CD / DE / E / ...（只输出选项的编号，不要写选项内容）

示例：
题目：医疗伦理中四大基本原则是？
A.尊重自主权
B.善意行为
C.无害原则
D.公正原则
E.以上都不是
【思考过程】：本题考查医学伦理的四大基本原则，包括尊重自主权、不伤害原则、行善原则、公正原则。

【最终答案】：ABCD

题目：下列哪些情形会导致医疗卫生机构被卫生主管部门责令整改并处罚？
A.配备护士数为编制标准的80%
B.允许未按时参加继续教育的护士执行静脉穿刺
C.因急诊人力不足临时允许未持证护士处理急救操作
D.未核实护士执业地点变更手续即安排值班
E.护士每周工作时间超过60小时
【思考过程】：",C,Qwen3-235B-A22B,"【思考过程】：根据《护士条例》及医疗机构管理相关法规，分析各选项：  
A. 配备护士数量低于编制标准（80%）违反法定配备要求，应处罚；  
B. 使用未完成继续教育的护士进行操作，违反继续教育规定，应处罚；  
C. 使用未持证护士属非法执业，无论是否急诊均需处罚；  
D. 未核实执业地点变更即安排值班，违反执业注册管理规定，应处罚；  
E. 工作时间超限可能涉及劳动法，但题目未明确是否达到处罚标准，且卫生主管部门更关注执业合规性，故暂不选。  

【最终答案】：ABCD",客观题,ABCD
医患关系,"你是一个严格按照要求答题的医学考试考生。请你先展示出完整的思考过程，然后再输出最终答案。每道题目有至少两个选项（A、B）至多五个选项（A、B、C、D、E），题目为不定项选择题，请按照以下格式作答：

【思考过程】：...

【最终答案】：AB / BCE / CD / DE / E / ...（只输出选项的编号，不要写选项内容）

示例：
题目：医疗伦理中四大基本原则是？
A.尊重自主权
B.善意行为
C.无害原则
D.公正原则
E.以上都不是
【思考过程】：本题考查医学伦理的四大基本原则，包括尊重自主权、不伤害原则、行善原则、公正原则。

【最终答案】：ABCD

题目：以下哪些情形可能导致医疗卫生机构被依法处罚？（多选）
A.护士因工作原因感染传染病但未获得医疗保健措施
B.未为急诊科护士缴纳住房公积金
C.向高原地区护士发放高温津贴而非边远地区津贴
D.将护士基础工资设置为地方政府规定标准的70%
【思考过程】：",ABCD,Qwen3-235B-A22B,"【思考过程】：本题考查医疗卫生机构可能被处罚的违法行为。根据相关法规：
A选项涉及职业防护义务，医疗机构未提供医疗保健措施属违法；
B选项违反住房公积金强制缴纳规定；
C选项未按规定发放边远地区津贴，属于劳动报酬违规；
D选项基础工资低于法定标准，直接违反最低工资规定。
上述行为均明确违反法律法规，应受处罚。

【最终答案】：ABCD",客观题,ABCD
医患关系,"你是一个严格按照要求答题的医学考试考生。请你先展示出完整的思考过程，然后再输出最终答案。每道题目有至少两个选项（A、B）至多五个选项（A、B、C、D、E），题目为不定项选择题，请按照以下格式作答：

【思考过程】：...

【最终答案】：AB / BCE / CD / DE / E / ...（只输出选项的编号，不要写选项内容）

示例：
题目：医疗伦理中四大基本原则是？
A.尊重自主权
B.善意行为
C.无害原则
D.公正原则
E.以上都不是
【思考过程】：本题考查医学伦理的四大基本原则，包括尊重自主权、不伤害原则、行善原则、公正原则。

【最终答案】：ABCD

题目：以下哪些情形可能导致医疗卫生机构被责令改正并警告？
A.未制定护士在职培训计划
B.未能保证护士参与完整的培训课程
C.将护士的单次排班时间延长至12小时
D.护士培训计划未提交上级卫生部门审批
【思考过程】：",AB,Qwen3-235B-A22B,"【思考过程】：根据《护士条例》第三十一条，医疗卫生机构若存在未制定护士在职培训计划（A）或未保证护士接受培训（B）的情形，将被责令改正并警告。选项C涉及排班时间，但《护士条例》未明确规定12小时排班属于违规情形，可能属于其他法规调整范围。选项D未提交培训计划审批不属于《护士条例》的处罚范畴。因此，A和B符合题干要求。

【最终答案】：AB",客观题,AB
医患关系,"你是一个严格按照要求答题的医学考试考生。请你先展示出完整的思考过程，然后再输出最终答案。每道题目有至少两个选项（A、B）至多五个选项（A、B、C、D、E），题目为不定项选择题，请按照以下格式作答：

【思考过程】：...

【最终答案】：AB / BCE / CD / DE / E / ...（只输出选项的编号，不要写选项内容）

示例：
题目：医疗伦理中四大基本原则是？
A.尊重自主权
B.善意行为
C.无害原则
D.公正原则
E.以上都不是
【思考过程】：本题考查医学伦理的四大基本原则，包括尊重自主权、不伤害原则、行善原则、公正原则。

【最终答案】：ABCD

题目：根据《护士条例》，护士在下列哪些情形下可能被暂停执业活动或吊销执业证书？
A.未及时为术后患者更换敷料导致感染
B.发现患者突发室颤但未立即通知值班医师
C.将患者的HIV检测结果告知其同事
D.收到有配伍禁忌的医嘱后未提出异议直接执行
E.因交通管制拒绝参加突发化学泄漏事故的医疗救援
【思考过程】：",BCDE,Qwen3-235B-A22B,"【思考过程】：根据《护士条例》第三十二条，护士在执业活动中出现以下情形可能被暂停执业或吊销证书：  
（一）发现患者病情危急未立即通知医师（对应选项B）；  
（二）发现医嘱违反规定未提出或报告（选项D中配伍禁忌医嘱未异议直接执行符合此情形）；  
（三）泄露患者隐私（选项C）；  
（五）其他严重违反护理操作规范的行为（选项A中未及时更换敷料导致感染可能属于此情形）。  
选项E中“因交通管制拒绝参加医疗救援”属于客观不可抗力，而非主观不服从安排，不符合条例第四项“不服从安排”的处罚条件。

【最终答案】：ABCD",客观题,ABCD
医患关系,"你是一个严格按照要求答题的医学考试考生。请你先展示出完整的思考过程，然后再输出最终答案。每道题目有至少两个选项（A、B）至多五个选项（A、B、C、D、E），题目为不定项选择题，请按照以下格式作答：

【思考过程】：...

【最终答案】：AB / BCE / CD / DE / E / ...（只输出选项的编号，不要写选项内容）

示例：
题目：医疗伦理中四大基本原则是？
A.尊重自主权
B.善意行为
C.无害原则
D.公正原则
E.以上都不是
【思考过程】：本题考查医学伦理的四大基本原则，包括尊重自主权、不伤害原则、行善原则、公正原则。

【最终答案】：ABCD

题目：护士被吊销执业证书后，自吊销之日起多少年内不得申请执业注册？
A.1年
B.2年
C.3年
D.4年
E.5年
【思考过程】：",B,Qwen3-235B-A22B,"【思考过程】：根据《护士条例》第三十二条规定，护士被吊销执业证书的，自吊销之日起2年内不得申请执业注册。此规定与医师执业证书被吊销后的限制年限不同，需特别注意护士相关法规的特殊性。

【最终答案】：B",客观题,B
医患关系,"你是一个严格按照要求答题的医学考试考生。请你先展示出完整的思考过程，然后再输出最终答案。每道题目有至少两个选项（A、B）至多五个选项（A、B、C、D、E），题目为不定项选择题，请按照以下格式作答：

【思考过程】：...

【最终答案】：AB / BCE / CD / DE / E / ...（只输出选项的编号，不要写选项内容）

示例：
题目：医疗伦理中四大基本原则是？
A.尊重自主权
B.善意行为
C.无害原则
D.公正原则
E.以上都不是
【思考过程】：本题考查医学伦理的四大基本原则，包括尊重自主权、不伤害原则、行善原则、公正原则。

【最终答案】：ABCD

题目：以下哪些行为可能违反《护士条例》规定，并可能由公安机关处理？
A. 未按时填写护理记录
B. 辱骂正在执行静脉穿刺的护士
C. 强行闯入治疗室阻碍护士配药
D. 医疗机构内部对护士进行纪律处分
E. 威胁护士不得向患者家属说明用药风险
【思考过程】：",BCE,Qwen3-235B-A22B,"【思考过程】：根据《护士条例》相关规定，违反治安管理行为应由公安机关处理。B选项辱骂护士属于治安处罚范围；C选项阻碍护士执行职务可能构成妨碍公务；E选项威胁护士涉及人身安全。而A选项属工作失职但通常由医院处理，D选项为机构内部管理措施，均不涉及公安机关处理。

【最终答案】：BCE",客观题,BCE
医患关系,"你是一个严格按照要求答题的医学考试考生。请你先展示出完整的思考过程，然后再输出最终答案。每道题目有至少两个选项（A、B）至多五个选项（A、B、C、D、E），题目为不定项选择题，请按照以下格式作答：

【思考过程】：...

【最终答案】：AB / BCE / CD / DE / E / ...（只输出选项的编号，不要写选项内容）

示例：
题目：医疗伦理中四大基本原则是？
A.尊重自主权
B.善意行为
C.无害原则
D.公正原则
E.以上都不是
【思考过程】：本题考查医学伦理的四大基本原则，包括尊重自主权、不伤害原则、行善原则、公正原则。

【最终答案】：ABCD

题目：在医疗机构人事招录和聘任工作中，以下哪些原则属于必须遵循的范畴？
A.公平原则
B.公正原则
C.效率优先原则
D.公开原则
E.保密原则
【思考过程】：",ABD,Qwen3-235B-A22B,"【思考过程】：医疗机构人事招录和聘任需遵循公平（避免歧视）、公正（择优录取）、公开（流程透明）和保密（保护个人信息）原则。效率优先虽重要，但非必须遵循的核心原则。

【最终答案】：ABDE",客观题,ABDE
医患关系,"你是一个严格按照要求答题的医学考试考生。请你先展示出完整的思考过程，然后再输出最终答案。每道题目有至少两个选项（A、B）至多五个选项（A、B、C、D、E），题目为不定项选择题，请按照以下格式作答：

【思考过程】：...

【最终答案】：AB / BCE / CD / DE / E / ...（只输出选项的编号，不要写选项内容）

示例：
题目：医疗伦理中四大基本原则是？
A.尊重自主权
B.善意行为
C.无害原则
D.公正原则
E.以上都不是
【思考过程】：本题考查医学伦理的四大基本原则，包括尊重自主权、不伤害原则、行善原则、公正原则。

【最终答案】：ABCD

题目：下列哪些行为违反了医疗机构内控制度的相关规定？
A.院长在招标会上公开为亲属企业的药品供应商争取投标资格
B.医院专门成立小组对供应商进行市场调研后再开展采购
C.财务负责人口头要求采购部门优先购买其同学公司的医疗器械
D.采购委员会依据国家最新政策调整供应商资质标准
【思考过程】：",AC,Qwen3-235B-A22B,"【思考过程】：本题考查医疗机构内部控制制度中关于采购和利益冲突的规定。选项A涉及院长为亲属企业谋取利益，属于利益输送，违反回避原则；选项C财务负责人干预采购，存在利益关联；而选项B的市场调研和D的政策调整均符合规范流程。

【最终答案】：AC",客观题,AC
医患关系,"你是一个严格按照要求答题的医学考试考生。请你先展示出完整的思考过程，然后再输出最终答案。每道题目有至少两个选项（A、B）至多五个选项（A、B、C、D、E），题目为不定项选择题，请按照以下格式作答：

【思考过程】：...

【最终答案】：AB / BCE / CD / DE / E / ...（只输出选项的编号，不要写选项内容）

示例：
题目：医疗伦理中四大基本原则是？
A.尊重自主权
B.善意行为
C.无害原则
D.公正原则
E.以上都不是
【思考过程】：本题考查医学伦理的四大基本原则，包括尊重自主权、不伤害原则、行善原则、公正原则。

【最终答案】：ABCD

题目：以下哪些行为符合规范行医的要求？
A.为降低患者焦虑故意缩小病情风险
B.优先选择符合指南的基础检查手段
C.对慢性症状患者尽量减少药物使用
D.根据影像学指征明确说明病灶大小
E.为提升疗效推荐试验阶段的新型疗法
【思考过程】：",BD,Qwen3-235B-A22B,"【思考过程】：规范行医要求遵循医学指南、如实告知病情、合理使用检查和治疗手段。选项A隐瞒病情风险违反知情同意原则；B符合遵循指南优先基础检查的要求；C可能忽视患者实际治疗需求，不符合规范；D符合客观报告检查结果的规范；E试验性疗法未经验证不宜常规推荐。

【最终答案】：BD",客观题,BD
医患关系,"你是一个严格按照要求答题的医学考试考生。请你先展示出完整的思考过程，然后再输出最终答案。每道题目有至少两个选项（A、B）至多五个选项（A、B、C、D、E），题目为不定项选择题，请按照以下格式作答：

【思考过程】：...

【最终答案】：AB / BCE / CD / DE / E / ...（只输出选项的编号，不要写选项内容）

示例：
题目：医疗伦理中四大基本原则是？
A.尊重自主权
B.善意行为
C.无害原则
D.公正原则
E.以上都不是
【思考过程】：本题考查医学伦理的四大基本原则，包括尊重自主权、不伤害原则、行善原则、公正原则。

【最终答案】：ABCD

题目：以下哪项行为违反医疗文书管理相关法规？
A.病历材料电子化保存
B.伪造病历材料
C.签署未经亲自检查的医学证明
D.按流程销毁过期的空白处方笺
E.补写遗漏的病程记录并标注补充时间
【思考过程】：",BC,Qwen3-235B-A22B,"【思考过程】：本题考查医疗文书管理法规的违规行为。B选项伪造病历材料直接违反法规；C选项签署未经亲自检查的医学证明属于违规行为；A选项电子化保存符合现代规范；D选项按流程销毁空白处方笺合规；E选项补写遗漏记录并标注时间符合规定。 

【最终答案】：BC",客观题,BC
医患关系,"你是一个严格按照要求答题的医学考试考生。请你先展示出完整的思考过程，然后再输出最终答案。每道题目有至少两个选项（A、B）至多五个选项（A、B、C、D、E），题目为不定项选择题，请按照以下格式作答：

【思考过程】：...

【最终答案】：AB / BCE / CD / DE / E / ...（只输出选项的编号，不要写选项内容）

示例：
题目：医疗伦理中四大基本原则是？
A.尊重自主权
B.善意行为
C.无害原则
D.公正原则
E.以上都不是
【思考过程】：本题考查医学伦理的四大基本原则，包括尊重自主权、不伤害原则、行善原则、公正原则。

【最终答案】：ABCD

题目：以下哪种行为符合医疗技术临床应用管理规范中关于医师执业权限的规定？
A.实习医师在紧急情况下独立应用新获批的护理技术
B.主治医师应用尚未通过单位审查的新技术进行患者救治
C.副主任医师按照单位规定的执业等级权限应用新医疗技术
D.护士长在常规护理中自行尝试未经评估的技术优化
【思考过程】：",C,Qwen3-235B-A22B,"【思考过程】：根据医疗技术临床应用管理规范，医师的执业权限需与其职称及单位审查通过情况相符。实习医师无独立操作新技术权限（A错误）；主治医师应用新技术需经单位审查（B错误）；副主任医师按单位规定权限应用新技术符合规范（C正确）；护士长自行尝试未经评估技术属越权行为（D错误）。

【最终答案】：C",客观题,C
医患关系,"你是一个严格按照要求答题的医学考试考生。请你先展示出完整的思考过程，然后再输出最终答案。每道题目有至少两个选项（A、B）至多五个选项（A、B、C、D、E），题目为不定项选择题，请按照以下格式作答：

【思考过程】：...

【最终答案】：AB / BCE / CD / DE / E / ...（只输出选项的编号，不要写选项内容）

示例：
题目：医疗伦理中四大基本原则是？
A.尊重自主权
B.善意行为
C.无害原则
D.公正原则
E.以上都不是
【思考过程】：本题考查医学伦理的四大基本原则，包括尊重自主权、不伤害原则、行善原则、公正原则。

【最终答案】：ABCD

题目：以下哪项行为违反了常规护理中的病历管理规定？
A.护理人员伪造患者体温监测记录
B.因纠纷故意隐匿抢救过程记录
C.接班后未及时记录患者输液反应
D.妥善保管患者病历以防信息泄露
E.用修正液涂改病历并重新签署姓名和日期
【思考过程】：",ABCE,Qwen3-235B-A22B,"【思考过程】：本题考查常规护理中的病历管理规定。违规行为包括伪造记录（A）、隐匿抢救记录（B）、未及时记录（C）、使用修正液涂改病历（E）。D选项的妥善保管是合规行为，不属于违规。

【最终答案】：ABCE",客观题,ABCE
医患关系,"你是一个严格按照要求答题的医学考试考生。请你先展示出完整的思考过程，然后再输出最终答案。每道题目有至少两个选项（A、B）至多五个选项（A、B、C、D、E），题目为不定项选择题，请按照以下格式作答：

【思考过程】：...

【最终答案】：AB / BCE / CD / DE / E / ...（只输出选项的编号，不要写选项内容）

示例：
题目：医疗伦理中四大基本原则是？
A.尊重自主权
B.善意行为
C.无害原则
D.公正原则
E.以上都不是
【思考过程】：本题考查医学伦理的四大基本原则，包括尊重自主权、不伤害原则、行善原则、公正原则。

【最终答案】：ABCD

题目：在常规护理中，以下哪些行为符合处方调剂职责的规范？
A.因库存不足，将处方中的头孢曲松钠更换为头孢哌酮钠舒巴坦钠
B.对照处方内容检查药物规格与患者年龄是否匹配
C.为减少患者等待时间，擅自在调配时提高注射用青霉素的配制浓度
D.发现处方中药品名称缺字后联系开方医师确认
E.严格遵循""四查十对""流程扫描药品条形码
【思考过程】：",BDE,Qwen3-235B-A22B,"【思考过程】：本题考查处方调剂职责的规范。A选项擅自更换药物，违反规范；B选项核对药物与患者年龄匹配正确；C选项擅自提高浓度错误；D选项联系医师确认缺字正确；E选项遵循四查十对流程正确。

【最终答案】：BDE",客观题,BDE
医患关系,"你是一个严格按照要求答题的医学考试考生。请你先展示出完整的思考过程，然后再输出最终答案。每道题目有至少两个选项（A、B）至多五个选项（A、B、C、D、E），题目为不定项选择题，请按照以下格式作答：

【思考过程】：...

【最终答案】：AB / BCE / CD / DE / E / ...（只输出选项的编号，不要写选项内容）

示例：
题目：医疗伦理中四大基本原则是？
A.尊重自主权
B.善意行为
C.无害原则
D.公正原则
E.以上都不是
【思考过程】：本题考查医学伦理的四大基本原则，包括尊重自主权、不伤害原则、行善原则、公正原则。

【最终答案】：ABCD

题目：以下哪些行为违反了常规护理中的药品管理制度？（多选）
A.护士长根据科室需求调整药品采购计划
B.护士用科室备用药品为患者家属开具处方
C.药房接收供应商直接配送的未经验收的药品
D.护士将处方数据提供给医药代表用于绩效统计
E.护理部统计某季度抗生素使用量用于优化治疗方案
【思考过程】：",BCD,Qwen3-235B-A22B,"【思考过程】：常规药品管理制度要求：采购计划应由药房或采购部门统一制定（A违规）；护士无处方权且不得擅自使用备用药品（B违规）；药品必须经验收合格后方可入库（C违规）；处方数据属于医疗隐私，不得泄露给医药代表（D违规）；统计抗生素使用量用于治疗优化属于合理管理（E合规）。

【最终答案】：ABCD",客观题,ABCD
医患关系,"你是一个严格按照要求答题的医学考试考生。请你先展示出完整的思考过程，然后再输出最终答案。每道题目有至少两个选项（A、B）至多五个选项（A、B、C、D、E），题目为不定项选择题，请按照以下格式作答：

【思考过程】：...

【最终答案】：AB / BCE / CD / DE / E / ...（只输出选项的编号，不要写选项内容）

示例：
题目：医疗伦理中四大基本原则是？
A.尊重自主权
B.善意行为
C.无害原则
D.公正原则
E.以上都不是
【思考过程】：本题考查医学伦理的四大基本原则，包括尊重自主权、不伤害原则、行善原则、公正原则。

【最终答案】：ABCD

题目：以下哪些做法符合医疗机构处理标本的伦理规范？
A.采集标本前签署知情同意书并规范保存
B.护士未经患者同意将剩余标本直接丢弃
C.将脱敏处理后的标本用于医学教育培训
D.医院将剩余标本卖给生物公司但声明用于公益研究
【思考过程】：",AC,Qwen3-235B-A22B,"【思考过程】：选项A强调知情同意和规范保存，符合尊重自主权和规范操作的伦理要求；选项C对剩余标本进行脱敏处理后用于教育，保护了患者隐私权，符合伦理；选项B未经患者同意直接丢弃剩余标本（可能未考虑潜在利用价值）；选项D将标本商业化交易（即使用于公益研究）违反了禁止将人体组织商品化的基本伦理原则。

【最终答案】：AC",客观题,AC
医患关系,"你是一个严格按照要求答题的医学考试考生。请你先展示出完整的思考过程，然后再输出最终答案。每道题目有至少两个选项（A、B）至多五个选项（A、B、C、D、E），题目为不定项选择题，请按照以下格式作答：

【思考过程】：...

【最终答案】：AB / BCE / CD / DE / E / ...（只输出选项的编号，不要写选项内容）

示例：
题目：医疗伦理中四大基本原则是？
A.尊重自主权
B.善意行为
C.无害原则
D.公正原则
E.以上都不是
【思考过程】：本题考查医学伦理的四大基本原则，包括尊重自主权、不伤害原则、行善原则、公正原则。

【最终答案】：ABCD

题目：申请护士执业注册的教育要求中，关于护理专业课程学习和临床实习的时长规定，以下哪些是正确的？
A.普通全日制2年以上的专业课程学习
B.普通全日制3年以上的专业课程学习
C.综合医院完成6个月临床实习
D.综合医院完成8个月临床实习
E.通过省级护理技能考核
【思考过程】：",BD,Qwen3-235B-A22B,"【思考过程】：根据《护士条例》及注册规定，申请护士执业注册需完成普通全日制3年以上的护理专业课程学习（对应选项B），并在综合医院完成8个月临床实习（对应选项D）。选项A的2年不符合中专最低学制要求，选项C的6个月实习时长不足，选项E虽可能涉及考核但题目明确要求课程和实习时长，故排除。

【最终答案】：BD",客观题,BD
医患关系,"你是一个严格按照要求答题的医学考试考生。请你先展示出完整的思考过程，然后再输出最终答案。每道题目有至少两个选项（A、B）至多五个选项（A、B、C、D、E），题目为不定项选择题，请按照以下格式作答：

【思考过程】：...

【最终答案】：AB / BCE / CD / DE / E / ...（只输出选项的编号，不要写选项内容）

示例：
题目：医疗伦理中四大基本原则是？
A.尊重自主权
B.善意行为
C.无害原则
D.公正原则
E.以上都不是
【思考过程】：本题考查医学伦理的四大基本原则，包括尊重自主权、不伤害原则、行善原则、公正原则。

【最终答案】：ABCD

题目：以下哪些情况符合我国护士执业注册的健康标准？
A.存在嗅觉丧失但日常生活正常
B.单耳中度听力损失无辅助器具
C.色弱矫正后达到辨色标准
D.既往焦虑症已临床治愈2年无复发
【思考过程】：",AD,Qwen3-235B-A22B,"【思考过程】：本题考查我国护士执业注册的健康标准。根据相关规定：  
1. **嗅觉丧失**未被列为限制条件，只要不影响日常工作即可，因此选项A正确。  
2. **单耳中度听力损失**可能影响使用听诊器等专业操作，且未提及佩戴助听设备，通常不符合听力要求（需双耳听力正常），因此选项B错误。  
3. **色弱**无论是否矫正均不符合护士注册的辨色要求（需无色盲、色弱），因此选项C错误。  
4. **既往焦虑症**若已临床治愈且无复发，需结合具体规定。若规定明确排除所有精神疾病史（包括神经症），则选项D错误；但若仅排除严重精神疾病，则可能允许注册。根据多数地区标准，焦虑症属于神经症，可能被排除，因此选项D错误。  

综上，仅选项A符合健康标准。

【最终答案】：A",客观题,A
医患关系,"你是一个严格按照要求答题的医学考试考生。请你先展示出完整的思考过程，然后再输出最终答案。每道题目有至少两个选项（A、B）至多五个选项（A、B、C、D、E），题目为不定项选择题，请按照以下格式作答：

【思考过程】：...

【最终答案】：AB / BCE / CD / DE / E / ...（只输出选项的编号，不要写选项内容）

示例：
题目：医疗伦理中四大基本原则是？
A.尊重自主权
B.善意行为
C.无害原则
D.公正原则
E.以上都不是
【思考过程】：本题考查医学伦理的四大基本原则，包括尊重自主权、不伤害原则、行善原则、公正原则。

【最终答案】：ABCD

题目：申请护士执业注册时，以下哪些材料是必须提交的？
A.申请人3个月内健康体检证明
B.护士执业资格考试成绩合格证明
C.医疗卫生机构推荐信
D.申请人学历证书及专业学习中的临床实习证明
E.身份证明复印件（需公证）
【思考过程】：",BD,Qwen3-235B-A22B,"【思考过程】：根据《护士执业注册管理办法》，申请护士执业注册必须提交的材料包括：护士执业资格考试成绩合格证明（B）、学历证书及临床实习证明（D）、以及3个月内健康体检证明（A）。身份证明通常需提供原件或复印件，但题目中选项E的“需公证”可能超出常规要求。医疗卫生机构推荐信（C）并非全国统一要求，故不选。

【最终答案】：ABD",客观题,ABD
医患关系,"你是一个严格按照要求答题的医学考试考生。请你先展示出完整的思考过程，然后再输出最终答案。每道题目有至少两个选项（A、B）至多五个选项（A、B、C、D、E），题目为不定项选择题，请按照以下格式作答：

【思考过程】：...

【最终答案】：AB / BCE / CD / DE / E / ...（只输出选项的编号，不要写选项内容）

示例：
题目：医疗伦理中四大基本原则是？
A.尊重自主权
B.善意行为
C.无害原则
D.公正原则
E.以上都不是
【思考过程】：本题考查医学伦理的四大基本原则，包括尊重自主权、不伤害原则、行善原则、公正原则。

【最终答案】：ABCD

题目：以下哪些材料是申请护士执业注册时必须提交的？（多选）
A.护士执业注册申请审核表
B.身份证复印件及户籍证明
C.专业学习中的临床实习证明
D.3个月内健康体检证明
E.医疗卫生机构拟聘用合同副本
【思考过程】：",AC,Qwen3-235B-A22B,"【思考过程】：根据《护士执业注册管理办法》，申请护士执业注册必须提交的材料包括：护士执业注册申请审核表（A正确）；专业学习中的临床实习证明（C正确）；3个月内健康体检证明（D正确）；医疗卫生机构拟聘用合同副本（E正确）。身份证复印件是身份证明的必要材料，但户籍证明并非必须，因此B不完全正确。

【最终答案】：ACDE",客观题,ACDE
医患关系,"你是一个严格按照要求答题的医学考试考生。请你先展示出完整的思考过程，然后再输出最终答案。每道题目有至少两个选项（A、B）至多五个选项（A、B、C、D、E），题目为不定项选择题，请按照以下格式作答：

【思考过程】：...

【最终答案】：AB / BCE / CD / DE / E / ...（只输出选项的编号，不要写选项内容）

示例：
题目：医疗伦理中四大基本原则是？
A.尊重自主权
B.善意行为
C.无害原则
D.公正原则
E.以上都不是
【思考过程】：本题考查医学伦理的四大基本原则，包括尊重自主权、不伤害原则、行善原则、公正原则。

【最终答案】：ABCD

题目：以下哪项不属于申请护士执业注册必须提交的材料？
A.护士执业注册申请审核表
B.申请人学历证书及专业学习中的临床实习证明
C.申请人理论考试成绩合格证明
D.省人民政府卫生行政部门指定的医疗机构出具的3个月内健康体检证明
E.原工作单位的推荐信
【思考过程】：",CDE,Qwen3-235B-A22B,"【思考过程】：根据《护士条例》及注册相关规定，申请护士执业注册必须提交的材料包括：申请审核表（A）、学历及实习证明（B）、理论考试合格证明（C）、健康体检证明（D）。原工作单位推荐信（E）非必须提交的材料，首次注册或变更注册时通常不涉及原单位推荐。因此，E选项不属于必须提交的材料。

【最终答案】：E",客观题,E
医患关系,"你是一个严格按照要求答题的医学考试考生。请你先展示出完整的思考过程，然后再输出最终答案。每道题目有至少两个选项（A、B）至多五个选项（A、B、C、D、E），题目为不定项选择题，请按照以下格式作答：

【思考过程】：...

【最终答案】：AB / BCE / CD / DE / E / ...（只输出选项的编号，不要写选项内容）

示例：
题目：医疗伦理中四大基本原则是？
A.尊重自主权
B.善意行为
C.无害原则
D.公正原则
E.以上都不是
【思考过程】：本题考查医学伦理的四大基本原则，包括尊重自主权、不伤害原则、行善原则、公正原则。

【最终答案】：ABCD

题目：以下哪项不属于《护士执业证书》必须注明的信息？
A.性别
B.注册有效期
C.执业地点
D.证书编号
E.注册日期
【思考过程】：",B,Qwen3-235B-A22B,"【思考过程】：根据《护士执业注册管理办法》规定，护士执业证书必须注明姓名、性别、出生日期、执业地点、执业类别、执业范围、注册日期、注册有效期、证书编号等信息。性别属于必须注明的内容。注册有效期、执业地点、证书编号、注册日期均为执业资格的核心注册信息，必须明确标注。因此所有选项均为必须注明的信息，但题目要求选择“不属于”，可能存在法规引用错误或题目设置偏差。根据常规考试逻辑，可能将性别视为非必须项。

【最终答案】：A",客观题,A
医患关系,"你是一个严格按照要求答题的医学考试考生。请你先展示出完整的思考过程，然后再输出最终答案。每道题目有至少两个选项（A、B）至多五个选项（A、B、C、D、E），题目为不定项选择题，请按照以下格式作答：

【思考过程】：...

【最终答案】：AB / BCE / CD / DE / E / ...（只输出选项的编号，不要写选项内容）

示例：
题目：医疗伦理中四大基本原则是？
A.尊重自主权
B.善意行为
C.无害原则
D.公正原则
E.以上都不是
【思考过程】：本题考查医学伦理的四大基本原则，包括尊重自主权、不伤害原则、行善原则、公正原则。

【最终答案】：ABCD

题目：护士执业注册申请逾期时，除常规材料外，还必须额外提交以下哪种材料？
A.在省级三甲医院完成2个月培训的证明
B.在省卫生行政部门指定的医院接受3个月临床护理培训并通过考核的证明
C.在社区医院参与6个月实践活动的记录
D.通过国家级护理技能认证的证书
【思考过程】：",B,Qwen3-235B-A22B,"【思考过程】：根据《护士执业注册管理办法》规定，逾期申请护士执业注册者，除常规材料外，需提供在省卫生行政部门指定医院完成3个月临床护理培训并通过考核的证明。选项B明确提及该条件，其他选项的时间、机构或内容不符合规定。

【最终答案】：B",客观题,B
医患关系,"你是一个严格按照要求答题的医学考试考生。请你先展示出完整的思考过程，然后再输出最终答案。每道题目有至少两个选项（A、B）至多五个选项（A、B、C、D、E），题目为不定项选择题，请按照以下格式作答：

【思考过程】：...

【最终答案】：AB / BCE / CD / DE / E / ...（只输出选项的编号，不要写选项内容）

示例：
题目：医疗伦理中四大基本原则是？
A.尊重自主权
B.善意行为
C.无害原则
D.公正原则
E.以上都不是
【思考过程】：本题考查医学伦理的四大基本原则，包括尊重自主权、不伤害原则、行善原则、公正原则。

【最终答案】：ABCD

题目：护士执业注册的有效期及延续注册的时限要求分别是？
A.有效期3年，延续注册需在届满前15日申请
B.有效期5年，延续注册需在届满前30日申请
C.有效期5年，延续注册需在届满前60日申请
D.有效期6年，需在届满后30日内补申请
【思考过程】：",B,Qwen3-235B-A22B,"【思考过程】：本题考查护士执业注册的有效期及延续注册的时限要求。根据《护士执业注册管理办法》，护士执业注册的有效期为5年，延续注册需在届满前30日内申请。选项B符合规定，其他选项的时间要求均不符合。

【最终答案】：B",客观题,B
医患关系,"你是一个严格按照要求答题的医学考试考生。请你先展示出完整的思考过程，然后再输出最终答案。每道题目有至少两个选项（A、B）至多五个选项（A、B、C、D、E），题目为不定项选择题，请按照以下格式作答：

【思考过程】：...

【最终答案】：AB / BCE / CD / DE / E / ...（只输出选项的编号，不要写选项内容）

示例：
题目：医疗伦理中四大基本原则是？
A.尊重自主权
B.善意行为
C.无害原则
D.公正原则
E.以上都不是
【思考过程】：本题考查医学伦理的四大基本原则，包括尊重自主权、不伤害原则、行善原则、公正原则。

【最终答案】：ABCD

题目：护士申请延续注册时需要提交以下哪些材料？
A.护士延续注册申请审核表
B.《护士执业证书》
C.近3个月内的健康体检证明
D.市级医院出具的1年内体检报告
E.继续教育学分证明
F.省卫生行政部门指定医疗机构的6个月内体检证明
【思考过程】：",ABF,Qwen3-235B-A22B,"【思考过程】：护士延续注册需提交材料包括：申请审核表（A）、执业证书（B）、继续教育学分证明（E）以及符合规定的体检报告（F）。根据《护士执业注册管理办法》，体检报告需为6个月内指定医疗机构出具，因此F正确，而C和D的时间范围不符合要求。  

【最终答案】：ABEF",客观题,ABEF
医患关系,"你是一个严格按照要求答题的医学考试考生。请你先展示出完整的思考过程，然后再输出最终答案。每道题目有至少两个选项（A、B）至多五个选项（A、B、C、D、E），题目为不定项选择题，请按照以下格式作答：

【思考过程】：...

【最终答案】：AB / BCE / CD / DE / E / ...（只输出选项的编号，不要写选项内容）

示例：
题目：医疗伦理中四大基本原则是？
A.尊重自主权
B.善意行为
C.无害原则
D.公正原则
E.以上都不是
【思考过程】：本题考查医学伦理的四大基本原则，包括尊重自主权、不伤害原则、行善原则、公正原则。

【最终答案】：ABCD

题目：护士小张因中断护理执业活动超过3年，现计划重新注册。以下哪项材料是其必须额外提交的？
A.中断执业期间的进修证明
B.在省级卫生部门指定医院接受1个月临床护理培训的合格证明
C.在省级卫生部门指定医院接受3个月临床护理培训的考核证明
D.近3年的健康体检报告
【思考过程】：",C,Qwen3-235B-A22B,"【思考过程】：根据《护士条例》及实施细则，中断执业超过3年的护士需提交在省级卫生行政部门指定医院完成3个月临床护理培训并通过考核的证明（选项C）。健康体检报告通常属于常规注册材料，而非额外要求，因此选项D不成立。选项A和B涉及的进修证明及1个月培训不符合规定。

【最终答案】：C",客观题,C
医患关系,"你是一个严格按照要求答题的医学考试考生。请你先展示出完整的思考过程，然后再输出最终答案。每道题目有至少两个选项（A、B）至多五个选项（A、B、C、D、E），题目为不定项选择题，请按照以下格式作答：

【思考过程】：...

【最终答案】：AB / BCE / CD / DE / E / ...（只输出选项的编号，不要写选项内容）

示例：
题目：医疗伦理中四大基本原则是？
A.尊重自主权
B.善意行为
C.无害原则
D.公正原则
E.以上都不是
【思考过程】：本题考查医学伦理的四大基本原则，包括尊重自主权、不伤害原则、行善原则、公正原则。

【最终答案】：ABCD

题目：某护士中断护理执业活动后拟重新注册，以下哪种情形需要提交临床护理培训考核证明？
A.中断执业1年零6个月
B.中断执业2年零9个月
C.中断执业3年整
D.中断执业4年
E.从未中断过执业
【思考过程】：",CD,Qwen3-235B-A22B,"【思考过程】：根据《护士执业注册管理办法》规定，护士中断执业活动超过2年的，重新执业时需提交临床护理培训考核证明。因此需判断中断时间是否超过2年。选项B（2年9个月）、C（3年）、D（4年）均超过2年，符合条件；A（1年6个月）未超过，E无需提交。

【最终答案】：BCD",客观题,BCD
医患关系,"你是一个严格按照要求答题的医学考试考生。请你先展示出完整的思考过程，然后再输出最终答案。每道题目有至少两个选项（A、B）至多五个选项（A、B、C、D、E），题目为不定项选择题，请按照以下格式作答：

【思考过程】：...

【最终答案】：AB / BCE / CD / DE / E / ...（只输出选项的编号，不要写选项内容）

示例：
题目：医疗伦理中四大基本原则是？
A.尊重自主权
B.善意行为
C.无害原则
D.公正原则
E.以上都不是
【思考过程】：本题考查医学伦理的四大基本原则，包括尊重自主权、不伤害原则、行善原则、公正原则。

【最终答案】：ABCD

题目：护士在执业注册有效期内，以下哪些情况应当办理变更注册？
A.变更执业地点至其他城市
B.调整每日工作班次
C.变更执业机构至另一家医院
D.职称晋升为副主任护师
E.从急诊科调至门诊科工作
【思考过程】：",AC,Qwen3-235B-A22B,"【思考过程】：根据《护士执业注册管理办法》相关规定，护士在执业注册有效期内若发生执业地点、执业机构或执业类别变更时需办理变更注册。选项A（跨城市变更执业地点）和C（变更执业机构至另一家医院）均涉及执业地点或机构的实质性变更，必须办理变更注册。而B（调整班次）、D（职称晋升）、E（同机构科室调动）属于单位内部调整或个人职称变化，不涉及注册信息的变更。

【最终答案】：AC",客观题,AC
医患关系,"你是一个严格按照要求答题的医学考试考生。请你先展示出完整的思考过程，然后再输出最终答案。每道题目有至少两个选项（A、B）至多五个选项（A、B、C、D、E），题目为不定项选择题，请按照以下格式作答：

【思考过程】：...

【最终答案】：AB / BCE / CD / DE / E / ...（只输出选项的编号，不要写选项内容）

示例：
题目：医疗伦理中四大基本原则是？
A.尊重自主权
B.善意行为
C.无害原则
D.公正原则
E.以上都不是
【思考过程】：本题考查医学伦理的四大基本原则，包括尊重自主权、不伤害原则、行善原则、公正原则。

【最终答案】：ABCD

题目：护士在其执业注册有效期内变更执业地点时，必须提交以下哪些材料？
A.护士变更注册申请审核表
B.《护士执业证书》
C.身份证原件及复印件
D.原执业医院工作证明
E.健康体检合格证明
【思考过程】：",AB,Qwen3-235B-A22B,"【思考过程】：根据《护士执业注册管理办法》，护士变更执业地点需提交变更注册申请审核表（A）、《护士执业证书》（B）、身份证原件及复印件（C）、新执业机构的聘用证明（题干中未明确列出，但选项D为原执业医院工作证明，不符合要求），以及健康体检合格证明（E）。原执业机构的工作证明（D）并非必要材料，故不选。

【最终答案】：ABCE",客观题,ABCE
医患关系,"你是一个严格按照要求答题的医学考试考生。请你先展示出完整的思考过程，然后再输出最终答案。每道题目有至少两个选项（A、B）至多五个选项（A、B、C、D、E），题目为不定项选择题，请按照以下格式作答：

【思考过程】：...

【最终答案】：AB / BCE / CD / DE / E / ...（只输出选项的编号，不要写选项内容）

示例：
题目：医疗伦理中四大基本原则是？
A.尊重自主权
B.善意行为
C.无害原则
D.公正原则
E.以上都不是
【思考过程】：本题考查医学伦理的四大基本原则，包括尊重自主权、不伤害原则、行善原则、公正原则。

【最终答案】：ABCD

题目：以下哪些情形会导致护士执业注册被注销？
A.注册有效期届满未延续注册
B.被暂停执业活动6个月
C.因重大过失被吊销《护士执业证书》
D.护士退休
E.护士确诊焦虑症无法正常工作
【思考过程】：",AC,Qwen3-235B-A22B,"【思考过程】：本题考查护士执业注册被注销的情形。根据《护士执业注册管理办法》第十八条和第十九条，护士注册被注销的情形包括：1.有效期届满未延续注册（A正确）；2.被吊销护士执业证书（C正确）；3.因健康原因不能胜任工作（E正确，焦虑症若导致无法工作则适用）。选项B“被暂停执业活动6个月”属于暂停执业而非注销；选项D“退休”需结合是否延续注册，但退休本身不直接导致注销。

【最终答案】：ACE",客观题,ACE
医患关系,"你是一个严格按照要求答题的医学考试考生。请你先展示出完整的思考过程，然后再输出最终答案。每道题目有至少两个选项（A、B）至多五个选项（A、B、C、D、E），题目为不定项选择题，请按照以下格式作答：

【思考过程】：...

【最终答案】：AB / BCE / CD / DE / E / ...（只输出选项的编号，不要写选项内容）

示例：
题目：医疗伦理中四大基本原则是？
A.尊重自主权
B.善意行为
C.无害原则
D.公正原则
E.以上都不是
【思考过程】：本题考查医学伦理的四大基本原则，包括尊重自主权、不伤害原则、行善原则、公正原则。

【最终答案】：ABCD

题目：下列哪些情形会导致卫生行政部门直接负责的主管人员被行政处分？
A.向不符合条件的护士发放执业证书
B.要求申请人提交执业注册以外的个人资料
C.对执业考试违纪者延迟注册处理
D.拒绝为符合条件的护士办理执业证书
【思考过程】：",AD,Qwen3-235B-A22B,"【思考过程】：根据《护士条例》第三十二条规定，卫生行政部门工作人员若存在以下行为应受处分：向不符合条件者发放执业证书（A）、索取注册外资料（B）、拒绝为符合条件者办理注册（D）。选项C“延迟注册处理”未明确违反法定程序，可能属于行政效率问题而非处分情形。

【最终答案】：ABD",客观题,ABD
医患关系,"你是一个严格按照要求答题的医学考试考生。请你先展示出完整的思考过程，然后再输出最终答案。每道题目有至少两个选项（A、B）至多五个选项（A、B、C、D、E），题目为不定项选择题，请按照以下格式作答：

【思考过程】：...

【最终答案】：AB / BCE / CD / DE / E / ...（只输出选项的编号，不要写选项内容）

示例：
题目：医疗伦理中四大基本原则是？
A.尊重自主权
B.善意行为
C.无害原则
D.公正原则
E.以上都不是
【思考过程】：本题考查医学伦理的四大基本原则，包括尊重自主权、不伤害原则、行善原则、公正原则。

【最终答案】：ABCD

题目：护士张某在申请执业注册时，隐瞒了其曾因违规被暂停执业的记录。卫生行政部门应采取的措施是？
A. 给予警告但不影响注册
B. 不予受理注册申请并给予警告
C. 批准注册但罚款2000元
D. 撤销其执业注册
【思考过程】：",B,Qwen3-235B-A22B,"【思考过程】：根据《护士条例》第二十条，申请护士执业注册时隐瞒有关情况或提供虚假材料的，卫生行政部门应不予受理或不予注册，并给予警告；若已注册的，则应撤销注册。题目中张某在申请注册时隐瞒被暂停执业的记录，属于申请阶段隐瞒，因此应不予受理注册申请并给予警告（选项B）。若其已注册成功则适用撤销（选项D），但题目未提及已注册，故正确措施为B。

【最终答案】：B",客观题,B
医患关系,"你是一个严格按照要求答题的医学考试考生。请你先展示出完整的思考过程，然后再输出最终答案。每道题目有至少两个选项（A、B）至多五个选项（A、B、C、D、E），题目为不定项选择题，请按照以下格式作答：

【思考过程】：...

【最终答案】：AB / BCE / CD / DE / E / ...（只输出选项的编号，不要写选项内容）

示例：
题目：医疗伦理中四大基本原则是？
A.尊重自主权
B.善意行为
C.无害原则
D.公正原则
E.以上都不是
【思考过程】：本题考查医学伦理的四大基本原则，包括尊重自主权、不伤害原则、行善原则、公正原则。

【最终答案】：ABCD

题目：以下选项中符合护理对象应被尊重的权益是？
A.人身自由权
B.生命权
C.知情同意权
D.身体权
E.原生文化尊重权
【思考过程】：",ABCDE,Qwen3-235B-A22B,"【思考过程】：本题考查护理对象应被尊重的权益。护理伦理要求尊重患者的基本权利，包括人身自由权（A）和生命权（B）；医疗护理中的知情同意权（C）是核心原则；身体权（D）涉及隐私和自主决定；原生文化尊重权（E）属于文化敏感性护理的范畴，均为患者应被尊重的权益。

【最终答案】：ABCDE",客观题,ABCDE
医患关系,"你是一个严格按照要求答题的医学考试考生。请你先展示出完整的思考过程，然后再输出最终答案。每道题目有至少两个选项（A、B）至多五个选项（A、B、C、D、E），题目为不定项选择题，请按照以下格式作答：

【思考过程】：...

【最终答案】：AB / BCE / CD / DE / E / ...（只输出选项的编号，不要写选项内容）

示例：
题目：医疗伦理中四大基本原则是？
A.尊重自主权
B.善意行为
C.无害原则
D.公正原则
E.以上都不是
【思考过程】：本题考查医学伦理的四大基本原则，包括尊重自主权、不伤害原则、行善原则、公正原则。

【最终答案】：ABCD

题目：在卫生资源紧缺或其他极端情况下，护理人员应综合考虑哪些因素进行伦理决策？（多选）
A.国家利益
B.医学标准
C.性别和宗教信仰
D.余年寿命
E.家庭角色
F.护理对象的既往病史
【思考过程】：",ABDF,Qwen3-235B-A22B,"【思考过程】：在资源紧缺情况下，护理伦理决策应基于医学标准（如病情严重程度、存活率）和效用原则（如最大化生命年数）。余年寿命（D）体现效用原则，而医学标准（B）涵盖病情评估。性别、宗教信仰（C）及家庭角色（E）通常不作为伦理决策依据。国家利益（A）和既往病史（F）可能间接影响，但非常规核心因素。

【最终答案】：BD",客观题,BD
医患关系,"你是一个严格按照要求答题的医学考试考生。请你先展示出完整的思考过程，然后再输出最终答案。每道题目有至少两个选项（A、B）至多五个选项（A、B、C、D、E），题目为不定项选择题，请按照以下格式作答：

【思考过程】：...

【最终答案】：AB / BCE / CD / DE / E / ...（只输出选项的编号，不要写选项内容）

示例：
题目：医疗伦理中四大基本原则是？
A.尊重自主权
B.善意行为
C.无害原则
D.公正原则
E.以上都不是
【思考过程】：本题考查医学伦理的四大基本原则，包括尊重自主权、不伤害原则、行善原则、公正原则。

【最终答案】：ABCD

题目：以下哪些行为是护理员被明确禁止从事的？
A.为普通内科患者更换床单
B.协助老年患者完成自主进食
C.记录术后患者的生命体征
D.为新生儿更换尿布并进行脐部消毒
E.为重症监护患者进行静脉注射
【思考过程】：",DE,Qwen3-235B-A22B,"【思考过程】：护理员不得从事侵入性或技术性护理操作，如静脉注射（E）及新生儿脐部消毒（D）。更换床单（A）、协助进食（B）和记录生命体征（C）属于基础护理职责范围。

【最终答案】：DE",客观题,DE
医患关系,"你是一个严格按照要求答题的医学考试考生。请你先展示出完整的思考过程，然后再输出最终答案。每道题目有至少两个选项（A、B）至多五个选项（A、B、C、D、E），题目为不定项选择题，请按照以下格式作答：

【思考过程】：...

【最终答案】：AB / BCE / CD / DE / E / ...（只输出选项的编号，不要写选项内容）

示例：
题目：医疗伦理中四大基本原则是？
A.尊重自主权
B.善意行为
C.无害原则
D.公正原则
E.以上都不是
【思考过程】：本题考查医学伦理的四大基本原则，包括尊重自主权、不伤害原则、行善原则、公正原则。

【最终答案】：ABCD

题目：护士应促进建立以下哪些内容得到承认和尊重的环境？
A.人权
B.价值观
C.宗教信仰
D.服务效率
E.精神信仰
F.经济利益
【思考过程】：",ABCE,Qwen3-235B-A22B,"【思考过程】：护士的职责包括尊重患者的人权、价值观、宗教信仰及精神需求，这符合护理伦理中的尊重原则。服务效率和经济利益属于管理或经济范畴，非护士直接促进的内容。

【最终答案】：ABCE",客观题,ABCE
医患关系,"你是一个严格按照要求答题的医学考试考生。请你先展示出完整的思考过程，然后再输出最终答案。每道题目有至少两个选项（A、B）至多五个选项（A、B、C、D、E），题目为不定项选择题，请按照以下格式作答：

【思考过程】：...

【最终答案】：AB / BCE / CD / DE / E / ...（只输出选项的编号，不要写选项内容）

示例：
题目：医疗伦理中四大基本原则是？
A.尊重自主权
B.善意行为
C.无害原则
D.公正原则
E.以上都不是
【思考过程】：本题考查医学伦理的四大基本原则，包括尊重自主权、不伤害原则、行善原则、公正原则。

【最终答案】：ABCD

题目：根据护理伦理规范，护士在确保信息传递有效性时，**不需要**特别考虑以下哪个因素？
A.患者文化背景
B.家庭宗教信仰
C.患者语言能力
D.家属认知水平
E.患者经济状况
【思考过程】：",E,Qwen3-235B-A22B,"【思考过程】：本题考查护理伦理规范中信息传递有效性的相关因素。护士需确保信息被正确理解，因此需考虑影响理解的因素。患者文化背景（A）和语言能力（C）直接影响信息接收，必须考虑。家属认知水平（D）影响信息传递效果，需调整沟通方式。家庭宗教信仰（B）主要涉及患者决策而非信息理解，患者经济状况（E）影响治疗选择而非信息传递有效性。因此，B和E为不需要特别考虑的因素。

【最终答案】：BE",客观题,BE
医患关系,"你是一个严格按照要求答题的医学考试考生。请你先展示出完整的思考过程，然后再输出最终答案。每道题目有至少两个选项（A、B）至多五个选项（A、B、C、D、E），题目为不定项选择题，请按照以下格式作答：

【思考过程】：...

【最终答案】：AB / BCE / CD / DE / E / ...（只输出选项的编号，不要写选项内容）

示例：
题目：医疗伦理中四大基本原则是？
A.尊重自主权
B.善意行为
C.无害原则
D.公正原则
E.以上都不是
【思考过程】：本题考查医学伦理的四大基本原则，包括尊重自主权、不伤害原则、行善原则、公正原则。

【最终答案】：ABCD

题目：护士在常规护理中处理患者个人信息时，下列哪些行为符合伦理规范？
A.合法收集患者的就诊记录
B.将患者检验结果出售给第三方研究机构
C.在社交媒体讨论未脱敏的病例细节
D.因医疗协作需要传输患者数据至合作医院
E.将患者数据储存在加密医疗系统中
【思考过程】：",ADE,Qwen3-235B-A22B,"【思考过程】：根据医疗伦理中的保密原则和隐私保护法规，合法收集患者信息（A）及为医疗协作传输数据（D）符合规范；加密存储（E）保障数据安全。出售检验结果（B）违反隐私保护，社交媒体讨论未脱敏病例（C）属信息泄露。

【最终答案】：ADE",客观题,ADE
医患关系,"你是一个严格按照要求答题的医学考试考生。请你先展示出完整的思考过程，然后再输出最终答案。每道题目有至少两个选项（A、B）至多五个选项（A、B、C、D、E），题目为不定项选择题，请按照以下格式作答：

【思考过程】：...

【最终答案】：AB / BCE / CD / DE / E / ...（只输出选项的编号，不要写选项内容）

示例：
题目：医疗伦理中四大基本原则是？
A.尊重自主权
B.善意行为
C.无害原则
D.公正原则
E.以上都不是
【思考过程】：本题考查医学伦理的四大基本原则，包括尊重自主权、不伤害原则、行善原则、公正原则。

【最终答案】：ABCD

题目：以下关于护士职业操守的要求中，哪两项是符合相关法规的？
A.避免在社交媒体讨论同事工作失误
B.获得授权后可匿名化展示患者病例
C.向未授权第三方透露被护理者病史
D.通过自媒体发布典型护理案例教学视频
E.默认有权查看同事的患者护理记录
【思考过程】：",AB,Qwen3-235B-A22B,"【思考过程】：选项A符合隐私保护及职业尊重原则；选项B在获得授权及匿名化前提下合法；选项C违反隐私保护法规；选项D若未匿名或未获授权则违规；选项E侵犯患者隐私权。符合法规的应为A和B。

【最终答案】：AB",客观题,AB
医患关系,"你是一个严格按照要求答题的医学考试考生。请你先展示出完整的思考过程，然后再输出最终答案。每道题目有至少两个选项（A、B）至多五个选项（A、B、C、D、E），题目为不定项选择题，请按照以下格式作答：

【思考过程】：...

【最终答案】：AB / BCE / CD / DE / E / ...（只输出选项的编号，不要写选项内容）

示例：
题目：医疗伦理中四大基本原则是？
A.尊重自主权
B.善意行为
C.无害原则
D.公正原则
E.以上都不是
【思考过程】：本题考查医学伦理的四大基本原则，包括尊重自主权、不伤害原则、行善原则、公正原则。

【最终答案】：ABCD

题目：护士在履行伦理责任时，应在以下哪个环节主动倡导社会正义？
A.直接操作医疗资源分配流程
B.对患者经济状况进行分级评估
C.呼吁医疗机构和社会服务部门消除资源分配差异
D.制定不同阶层的医保优惠政策
E.审核其他患者的治疗优先级
【思考过程】：",C,Qwen3-235B-A22B,"【思考过程】：本题考查护士在医学伦理中倡导社会正义的具体实践。社会正义要求消除资源分配不公，护士应通过倡导行动促进公平。选项C中“呼吁消除资源分配差异”直接体现倡导行为，符合伦理责任。而选项A涉及操作分配流程、B进行经济分级、D制定医保政策、E审核治疗优先级均超出护士职责范围或属于执行层面，不体现主动倡导。

【最终答案】：C",客观题,C
医患关系,"你是一个严格按照要求答题的医学考试考生。请你先展示出完整的思考过程，然后再输出最终答案。每道题目有至少两个选项（A、B）至多五个选项（A、B、C、D、E），题目为不定项选择题，请按照以下格式作答：

【思考过程】：...

【最终答案】：AB / BCE / CD / DE / E / ...（只输出选项的编号，不要写选项内容）

示例：
题目：医疗伦理中四大基本原则是？
A.尊重自主权
B.善意行为
C.无害原则
D.公正原则
E.以上都不是
【思考过程】：本题考查医学伦理的四大基本原则，包括尊重自主权、不伤害原则、行善原则、公正原则。

【最终答案】：ABCD

题目：护士在使用人工智能或设备（如护理机器人）时应遵循的基本伦理原则是什么？
A.尽量让人工智能完全取代护理人际关系以提升效率
B.优先采用技术手段降低护理成本
C.确保技术仅作为护理人际关系的辅助工具
D.通过技术手段代替所有重复性护理操作
【思考过程】：",C,Qwen3-235B-A22B,"【思考过程】：本题考查护理伦理中技术应用的原则。护理伦理强调以患者为中心，维护人文关怀。选项C强调技术作为辅助工具，维护护患关系，符合伦理原则。选项A主张完全取代人际关系，违背护理伦理；B以成本优先，可能忽视患者需求；D的“代替所有”过于绝对，可能影响患者安全。

【最终答案】：C",客观题,C
医患关系,"你是一个严格按照要求答题的医学考试考生。请你先展示出完整的思考过程，然后再输出最终答案。每道题目有至少两个选项（A、B）至多五个选项（A、B、C、D、E），题目为不定项选择题，请按照以下格式作答：

【思考过程】：...

【最终答案】：AB / BCE / CD / DE / E / ...（只输出选项的编号，不要写选项内容）

示例：
题目：医疗伦理中四大基本原则是？
A.尊重自主权
B.善意行为
C.无害原则
D.公正原则
E.以上都不是
【思考过程】：本题考查医学伦理的四大基本原则，包括尊重自主权、不伤害原则、行善原则、公正原则。

【最终答案】：ABCD

题目：以下表述是否正确：某医院允许尚未取得护理执业资格的护士在资深护士指导下独立进行静脉输液操作。
A.正确
B.错误
【思考过程】：",B,Qwen3-235B-A22B,"【思考过程】：根据《护士条例》规定，未取得护理执业资格的人员不得独立从事护理工作，尤其如静脉输液等侵入性操作必须在执业护士监督下进行，不能独立操作。题目中医院允许未取得资格的护士独立操作违反法规。

【最终答案】：B",客观题,B
医患关系,"你是一个严格按照要求答题的医学考试考生。请你先展示出完整的思考过程，然后再输出最终答案。每道题目有至少两个选项（A、B）至多五个选项（A、B、C、D、E），题目为不定项选择题，请按照以下格式作答：

【思考过程】：...

【最终答案】：AB / BCE / CD / DE / E / ...（只输出选项的编号，不要写选项内容）

示例：
题目：医疗伦理中四大基本原则是？
A.尊重自主权
B.善意行为
C.无害原则
D.公正原则
E.以上都不是
【思考过程】：本题考查医学伦理的四大基本原则，包括尊重自主权、不伤害原则、行善原则、公正原则。

【最终答案】：ABCD

题目：护士在以下哪项行为中符合执业规范要求？
A.接受超出个人能力但经上级紧急授权的采血任务
B.根据监测规范执行已接受过系统培训的体征记录
C.未评估患者状态直接执行其他科室的临时医嘱
D.拒绝执行未经资质认证的伤口清创操作
【思考过程】：",BD,Qwen3-235B-A22B,"【思考过程】：本题考查护士执业规范要求。选项B中，护士执行已系统培训的体征记录符合规范；选项D中，拒绝未经资质认证的操作符合安全准则。选项A涉及超出能力范围的操作，即使紧急授权也需能力匹配；选项C未评估患者状态直接执行医嘱违反护理安全要求。

【最终答案】：BD",客观题,BD
医患关系,"你是一个严格按照要求答题的医学考试考生。请你先展示出完整的思考过程，然后再输出最终答案。每道题目有至少两个选项（A、B）至多五个选项（A、B、C、D、E），题目为不定项选择题，请按照以下格式作答：

【思考过程】：...

【最终答案】：AB / BCE / CD / DE / E / ...（只输出选项的编号，不要写选项内容）

示例：
题目：医疗伦理中四大基本原则是？
A.尊重自主权
B.善意行为
C.无害原则
D.公正原则
E.以上都不是
【思考过程】：本题考查医学伦理的四大基本原则，包括尊重自主权、不伤害原则、行善原则、公正原则。

【最终答案】：ABCD

题目：以下哪项属于护士积极执业实践环境应具备的特点？
A.专业认可
B.弹性工作时间
C.反思
D.资源充足
E.职业健康与安全
【思考过程】：",ACDE,Qwen3-235B-A22B,"【思考过程】：护士积极执业实践环境应具备的特点包括专业认可（A）、资源充足（D）和职业健康与安全（E）。弹性工作时间（B）和反思（C）虽可能对护士有帮助，但不属于执业环境的核心特征。

【最终答案】：ADE",客观题,ADE
医患关系,"你是一个严格按照要求答题的医学考试考生。请你先展示出完整的思考过程，然后再输出最终答案。每道题目有至少两个选项（A、B）至多五个选项（A、B、C、D、E），题目为不定项选择题，请按照以下格式作答：

【思考过程】：...

【最终答案】：AB / BCE / CD / DE / E / ...（只输出选项的编号，不要写选项内容）

示例：
题目：医疗伦理中四大基本原则是？
A.尊重自主权
B.善意行为
C.无害原则
D.公正原则
E.以上都不是
【思考过程】：本题考查医学伦理的四大基本原则，包括尊重自主权、不伤害原则、行善原则、公正原则。

【最终答案】：ABCD

题目：在常规护理实践中，护士需要负责确保数据的哪一个方面以支持护理伦理标准？
A.完整性
B.准确性
C.及时性
D.保密性
【思考过程】：",ABCD,Qwen3-235B-A22B,"【思考过程】：本题考查护理伦理中护士对数据管理的责任。护理伦理标准强调患者隐私保护，保密性（D）直接对应这一原则。完整性（A）、准确性（B）、及时性（C）虽为数据质量要素，但更侧重临床管理效率，而非伦理核心。保密性是医疗伦理中尊重患者隐私权和自主权的关键体现。

【最终答案】：D",客观题,D
医患关系,"你是一个严格按照要求答题的医学考试考生。请你先展示出完整的思考过程，然后再输出最终答案。每道题目有至少两个选项（A、B）至多五个选项（A、B、C、D、E），题目为不定项选择题，请按照以下格式作答：

【思考过程】：...

【最终答案】：AB / BCE / CD / DE / E / ...（只输出选项的编号，不要写选项内容）

示例：
题目：医疗伦理中四大基本原则是？
A.尊重自主权
B.善意行为
C.无害原则
D.公正原则
E.以上都不是
【思考过程】：本题考查医学伦理的四大基本原则，包括尊重自主权、不伤害原则、行善原则、公正原则。

【最终答案】：ABCD

题目：以下哪些领域护士应发挥主要领导作用？
A.确定循证临床护理实践标准
B.实施护理管理标准
C.推进护理教育标准建设
D.制定医疗设备采购政策
E.建立护理研究伦理标准
【思考过程】：",ABCE,Qwen3-235B-A22B,"【思考过程】：护士的主要领导作用应体现在临床实践、管理、教育及研究伦理等方面。A选项涉及循证护理实践标准的制定，符合护士核心职责；B选项护理管理标准的实施属于护理管理者职能；C选项护理教育标准建设需护理专业主导；E选项护理研究伦理标准需护士参与并推动。而D选项医疗设备采购政策通常由医院管理部门或采购部门主导，非护士主要职责范围。

【最终答案】：ABCE",客观题,ABCE
医患关系,"你是一个严格按照要求答题的医学考试考生。请你先展示出完整的思考过程，然后再输出最终答案。每道题目有至少两个选项（A、B）至多五个选项（A、B、C、D、E），题目为不定项选择题，请按照以下格式作答：

【思考过程】：...

【最终答案】：AB / BCE / CD / DE / E / ...（只输出选项的编号，不要写选项内容）

示例：
题目：医疗伦理中四大基本原则是？
A.尊重自主权
B.善意行为
C.无害原则
D.公正原则
E.以上都不是
【思考过程】：本题考查医学伦理的四大基本原则，包括尊重自主权、不伤害原则、行善原则、公正原则。

【最终答案】：ABCD

题目：根据相关规定，护士应如何拓展最新专业知识？
A.以传统护理经验为基础并结合医生建议
B.以研究为基础并支持循证实践，与护理学者合作
C.围绕患者个体需求调整基础护理方案
D.定期更新医院内部护理手册
【思考过程】：",B,Qwen3-235B-A22B,"【思考过程】：本题考查护士拓展最新专业知识的途径。选项B强调以研究和循证实践为基础，并与护理学者合作，符合现代护理学倡导的循证实践理念及专业发展要求。选项A侧重传统经验与医生建议，可能无法及时获取前沿知识；选项C侧重个体化应用而非知识更新；选项D为机构管理措施，非护士主动学习行为。因此，选项B最符合题意。

【最终答案】：B",客观题,B
医患关系,"你是一个严格按照要求答题的医学考试考生。请你先展示出完整的思考过程，然后再输出最终答案。每道题目有至少两个选项（A、B）至多五个选项（A、B、C、D、E），题目为不定项选择题，请按照以下格式作答：

【思考过程】：...

【最终答案】：AB / BCE / CD / DE / E / ...（只输出选项的编号，不要写选项内容）

示例：
题目：医疗伦理中四大基本原则是？
A.尊重自主权
B.善意行为
C.无害原则
D.公正原则
E.以上都不是
【思考过程】：本题考查医学伦理的四大基本原则，包括尊重自主权、不伤害原则、行善原则、公正原则。

【最终答案】：ABCD

题目：以下哪项属于护士应积极发展和维护的核心专业价值观？
A.提升护理操作的效率
B.尊重患者的自主选择权
C.维护患者的隐私权
D.优先服从医院管理部门的要求
【思考过程】：",BC,Qwen3-235B-A22B,"【思考过程】：本题考查护士核心专业价值观的内容。核心价值观应围绕患者权益和护理伦理。A强调效率，属于技能或管理要求，非核心价值观；B体现尊重患者自主权，符合伦理原则；C维护隐私权，是尊重患者尊严的重要部分；D优先服从管理要求可能与患者利益冲突，不属于核心价值观。因此正确答案为B和C。

【最终答案】：BC",客观题,BC
医患关系,"你是一个严格按照要求答题的医学考试考生。请你先展示出完整的思考过程，然后再输出最终答案。每道题目有至少两个选项（A、B）至多五个选项（A、B、C、D、E），题目为不定项选择题，请按照以下格式作答：

【思考过程】：...

【最终答案】：AB / BCE / CD / DE / E / ...（只输出选项的编号，不要写选项内容）

示例：
题目：医疗伦理中四大基本原则是？
A.尊重自主权
B.善意行为
C.无害原则
D.公正原则
E.以上都不是
【思考过程】：本题考查医学伦理的四大基本原则，包括尊重自主权、不伤害原则、行善原则、公正原则。

【最终答案】：ABCD

题目：护士在开展伦理实践时，应当优先与哪些主体进行合作？
A.社交媒体平台宣传团队
B.护理同仁
C.其他健康相关学科人员
D.患者家属的私人律师
E.相关社区组织
【思考过程】：",BCE,Qwen3-235B-A22B,"【思考过程】：护士在伦理实践中需优先与直接参与患者护理及伦理决策的主体合作。护理同仁（B）和多学科医疗团队（C）是核心协作对象，确保专业护理与跨学科整合。相关社区组织（E）可能在资源支持或公共卫生层面提供帮助，但优先级低于医疗团队内部合作。社交媒体宣传团队（A）和患者家属的律师（D）通常不涉及日常伦理实践的核心协作。

【最终答案】：BC",客观题,BC
医患关系,"你是一个严格按照要求答题的医学考试考生。请你先展示出完整的思考过程，然后再输出最终答案。每道题目有至少两个选项（A、B）至多五个选项（A、B、C、D、E），题目为不定项选择题，请按照以下格式作答：

【思考过程】：...

【最终答案】：AB / BCE / CD / DE / E / ...（只输出选项的编号，不要写选项内容）

示例：
题目：医疗伦理中四大基本原则是？
A.尊重自主权
B.善意行为
C.无害原则
D.公正原则
E.以上都不是
【思考过程】：本题考查医学伦理的四大基本原则，包括尊重自主权、不伤害原则、行善原则、公正原则。

【最终答案】：ABCD

题目：护士在专业实践中应履行哪些与研究相关的职责？
A.执行已确定的护理方案
B.参与设计改进社区健康的临床研究
C.独立发表未经验证的医疗成果
D.将最新循证研究整合进家庭护理服务
E.向公众科普已证实的疾病预防方法
【思考过程】：",BDE,Qwen3-235B-A22B,"【思考过程】：护士在研究中的职责包括参与临床研究设计、应用循证实践成果，但不涉及发表未经验证成果或单纯执行护理方案。选项B涉及参与社区健康研究设计，属于研究职责；选项D体现将研究成果应用于护理实践；选项E属于健康教育范畴，与研究直接关联较弱；选项C违反科研伦理，A为常规护理操作。

【最终答案】：BD",客观题,BD
医患关系,"你是一个严格按照要求答题的医学考试考生。请你先展示出完整的思考过程，然后再输出最终答案。每道题目有至少两个选项（A、B）至多五个选项（A、B、C、D、E），题目为不定项选择题，请按照以下格式作答：

【思考过程】：...

【最终答案】：AB / BCE / CD / DE / E / ...（只输出选项的编号，不要写选项内容）

示例：
题目：医疗伦理中四大基本原则是？
A.尊重自主权
B.善意行为
C.无害原则
D.公正原则
E.以上都不是
【思考过程】：本题考查医学伦理的四大基本原则，包括尊重自主权、不伤害原则、行善原则、公正原则。

【最终答案】：ABCD

题目：以下哪项符合护士在医疗保健中应秉持的伦理原则？
A.仅在患者支付费用时提供必要的护理服务
B.优先为经济状况较好的患者提供高质量的护理
C.支持无论国籍、种族或社会地位，每个人都应获得医疗保健
D.根据医院政策调整护理服务的可及性
【思考过程】：",C,Qwen3-235B-A22B,"【思考过程】：本题考查护士应秉持的伦理原则。医学伦理要求公正、平等对待患者，C选项体现无论国籍、种族或社会地位均应获得医疗保健，符合公正原则。A选项将护理服务与费用挂钩，违背不伤害和公正原则。B选项基于经济状况的优先级违反公正原则。D选项依据医院政策调整服务可及性，可能受非医疗因素影响，不符合伦理原则。

【最终答案】：C",客观题,C
医患关系,"你是一个严格按照要求答题的医学考试考生。请你先展示出完整的思考过程，然后再输出最终答案。每道题目有至少两个选项（A、B）至多五个选项（A、B、C、D、E），题目为不定项选择题，请按照以下格式作答：

【思考过程】：...

【最终答案】：AB / BCE / CD / DE / E / ...（只输出选项的编号，不要写选项内容）

示例：
题目：医疗伦理中四大基本原则是？
A.尊重自主权
B.善意行为
C.无害原则
D.公正原则
E.以上都不是
【思考过程】：本题考查医学伦理的四大基本原则，包括尊重自主权、不伤害原则、行善原则、公正原则。

【最终答案】：ABCD

题目：护士在常规护理伦理实践中应当采取以下哪种措施？
A.仅在患者病例中记录社会因素影响
B.促成保障弱势群体就医公平性的政策
C.优先为高收入患者提供护理资源
D.倡导改善社区健康卫生条件的方案
E.避免参与医院外的公共卫生议题
【思考过程】：",BD,Qwen3-235B-A22B,"【思考过程】：本题考查护士在护理伦理实践中的具体措施。护理伦理要求护士遵循公正原则（B），关注弱势群体；倡导改善社区卫生（D），促进公共健康。而选项A仅记录社会因素但不行动不符合伦理要求；C违背资源公平分配；E忽视护士的社会责任。因此正确答案为B、D。

【最终答案】：BD",客观题,BD
医患关系,"你是一个严格按照要求答题的医学考试考生。请你先展示出完整的思考过程，然后再输出最终答案。每道题目有至少两个选项（A、B）至多五个选项（A、B、C、D、E），题目为不定项选择题，请按照以下格式作答：

【思考过程】：...

【最终答案】：AB / BCE / CD / DE / E / ...（只输出选项的编号，不要写选项内容）

示例：
题目：医疗伦理中四大基本原则是？
A.尊重自主权
B.善意行为
C.无害原则
D.公正原则
E.以上都不是
【思考过程】：本题考查医学伦理的四大基本原则，包括尊重自主权、不伤害原则、行善原则、公正原则。

【最终答案】：ABCD

题目：下列哪些举措属于护士在常规护理中应提倡的伦理职责？
A.推广一次性医疗用品的使用
B.促进无害废弃物处理的流程
C.优先采购可降解包装材料
D.减少有害环境行为的举措
E.禁止所有非必要医疗资源的消耗
【思考过程】：",BCD,Qwen3-235B-A22B,"【思考过程】：本题考查护士在常规护理中的伦理职责。选项B强调无害废弃物处理，符合环境安全要求；选项C提倡可降解材料，符合环保原则；选项D减少有害环境行为，属于可持续发展责任。而选项A推广一次性用品可能增加污染，不符合环保伦理；选项E禁止“所有”非必要资源消耗过于绝对，可能不切实际。因此，正确选项为B、C、D。

【最终答案】：BCD",客观题,BCD
医患关系,"你是一个严格按照要求答题的医学考试考生。请你先展示出完整的思考过程，然后再输出最终答案。每道题目有至少两个选项（A、B）至多五个选项（A、B、C、D、E），题目为不定项选择题，请按照以下格式作答：

【思考过程】：...

【最终答案】：AB / BCE / CD / DE / E / ...（只输出选项的编号，不要写选项内容）

示例：
题目：医疗伦理中四大基本原则是？
A.尊重自主权
B.善意行为
C.无害原则
D.公正原则
E.以上都不是
【思考过程】：本题考查医学伦理的四大基本原则，包括尊重自主权、不伤害原则、行善原则、公正原则。

【最终答案】：ABCD

题目：根据相关法规，护士应承担的跨国合作责任包括以下哪些内容？
A.仅参与国内护理技术培训
B.与他国合作制定全球健康政策
C.为发展中国家提供护理技术支持
D.优先优化本土医疗资源配置
E.参加国际护理伦理原则研讨会
【思考过程】：",BCE,Qwen3-235B-A22B,"【思考过程】：本题考查护士在跨国合作中的责任范围。根据国际护理伦理准则及相关法规，护士的跨国合作责任应体现全球健康协作精神。选项B（参与制定全球健康政策）符合跨国政策协作的要求；选项C（提供技术援助）属于国际发展支持范畴；选项E（参与国际伦理研讨）涉及跨国专业交流与伦理共识构建。而A（仅限国内培训）和D（优先本土资源）均侧重国内利益，与跨国责任相悖。

【最终答案】：BCE",客观题,BCE
医患关系,"你是一个严格按照要求答题的医学考试考生。请你先展示出完整的思考过程，然后再输出最终答案。每道题目有至少两个选项（A、B）至多五个选项（A、B、C、D、E），题目为不定项选择题，请按照以下格式作答：

【思考过程】：...

【最终答案】：AB / BCE / CD / DE / E / ...（只输出选项的编号，不要写选项内容）

示例：
题目：医疗伦理中四大基本原则是？
A.尊重自主权
B.善意行为
C.无害原则
D.公正原则
E.以上都不是
【思考过程】：本题考查医学伦理的四大基本原则，包括尊重自主权、不伤害原则、行善原则、公正原则。

【最终答案】：ABCD

题目：根据法律法规，以下哪些主体应当加强对医疗卫生人员的医德医风教育？
A.医疗卫生行业组织
B.医疗卫生机构
C.患者家属
D.卫生行政机关
E.医学院校
【思考过程】：",ABDE,Qwen3-235B-A22B,"【思考过程】：根据《中华人民共和国基本医疗卫生与健康促进法》及《医疗机构管理条例》等相关法规，医疗卫生机构（B）作为直接管理单位，需落实医德医风教育；医疗卫生行业组织（A）负责制定行业规范并推动实施；卫生行政机关（D）承担政策制定与监管职责；医学院校（E）在医学教育中需强化职业道德培养。患者家属（C）属于服务对象，不具备教育责任主体资格，故排除。

【最终答案】：ABDE",客观题,ABDE
医患关系,"你是一个严格按照要求答题的医学考试考生。请你先展示出完整的思考过程，然后再输出最终答案。每道题目有至少两个选项（A、B）至多五个选项（A、B、C、D、E），题目为不定项选择题，请按照以下格式作答：

【思考过程】：...

【最终答案】：AB / BCE / CD / DE / E / ...（只输出选项的编号，不要写选项内容）

示例：
题目：医疗伦理中四大基本原则是？
A.尊重自主权
B.善意行为
C.无害原则
D.公正原则
E.以上都不是
【思考过程】：本题考查医学伦理的四大基本原则，包括尊重自主权、不伤害原则、行善原则、公正原则。

【最终答案】：ABCD

题目：根据法规，以下哪些行为属于医疗卫生人员的违规行为？
A.根据患者病情合理使用药物
B.接受患者赠送的贵重礼品
C.为了增加收入而进行不必要的检查
D.推荐患者购买高价保健品以获取回扣
【思考过程】：",BCD,Qwen3-235B-A22B,"【思考过程】：根据《医疗卫生行风建设九不准》等相关法规，医疗卫生人员不得收受患者财物（B）、不得因经济利益进行不必要的检查（C）、不得通过推荐保健品获取回扣（D）。而合理用药（A）是合规行为。

【最终答案】：BCD",客观题,BCD
医患关系,"你是一个严格按照要求答题的医学考试考生。请你先展示出完整的思考过程，然后再输出最终答案。每道题目有至少两个选项（A、B）至多五个选项（A、B、C、D、E），题目为不定项选择题，请按照以下格式作答：

【思考过程】：...

【最终答案】：AB / BCE / CD / DE / E / ...（只输出选项的编号，不要写选项内容）

示例：
题目：医疗伦理中四大基本原则是？
A.尊重自主权
B.善意行为
C.无害原则
D.公正原则
E.以上都不是
【思考过程】：本题考查医学伦理的四大基本原则，包括尊重自主权、不伤害原则、行善原则、公正原则。

【最终答案】：ABCD

题目：以下表述是否正确：任何组织或个人不得威胁、危害医疗卫生人员人身安全，侵犯其人格尊严，医疗卫生人员的执业环境由医疗机构自行负责。
A.正确
B.错误
【思考过程】：",B,Qwen3-235B-A22B,"【思考过程】：题目中的表述分为两部分：第一部分“任何组织或个人不得威胁、危害医疗卫生人员人身安全，侵犯其人格尊严”符合《中华人民共和国基本医疗卫生与健康促进法》等法律规定，是正确的；第二部分“医疗卫生人员的执业环境由医疗机构自行负责”存在错误，因为执业环境的保障不仅涉及医疗机构责任，还需政府、监管部门等共同维护，如治安管理、职业安全监管等。因此整体表述错误。

【最终答案】：B",客观题,B
医患关系,"你是一个严格按照要求答题的医学考试考生。请你先展示出完整的思考过程，然后再输出最终答案。每道题目有至少两个选项（A、B）至多五个选项（A、B、C、D、E），题目为不定项选择题，请按照以下格式作答：

【思考过程】：...

【最终答案】：AB / BCE / CD / DE / E / ...（只输出选项的编号，不要写选项内容）

示例：
题目：医疗伦理中四大基本原则是？
A.尊重自主权
B.善意行为
C.无害原则
D.公正原则
E.以上都不是
【思考过程】：本题考查医学伦理的四大基本原则，包括尊重自主权、不伤害原则、行善原则、公正原则。

【最终答案】：ABCD

题目：根据法规，以下哪种行为不属于医疗卫生人员的违规行为？
A. 利用职务之便索要财物
B. 泄露非个人健康信息
C. 违反医学伦理规范但履行了告知义务
D. 在研究中未履行告知义务
E. 泄露公民个人健康信息
【思考过程】：",B,Qwen3-235B-A22B,"【思考过程】：本题考查医疗卫生人员违规行为的界定。根据相关法规，利用职务之便索要财物（A）、泄露公民个人健康信息（E）、未履行研究告知义务（D）均属于明确违规行为。违反医学伦理规范（C）即使履行告知义务，仍可能因违背伦理而违规。而泄露“非个人健康信息”（B）若未涉及个人隐私或机密数据，可能不直接构成违规，需结合具体场景判断。

【最终答案】：B",客观题,B
医患关系,"你是一个严格按照要求答题的医学考试考生。请你先展示出完整的思考过程，然后再输出最终答案。每道题目有至少两个选项（A、B）至多五个选项（A、B、C、D、E），题目为不定项选择题，请按照以下格式作答：

【思考过程】：...

【最终答案】：AB / BCE / CD / DE / E / ...（只输出选项的编号，不要写选项内容）

示例：
题目：医疗伦理中四大基本原则是？
A.尊重自主权
B.善意行为
C.无害原则
D.公正原则
E.以上都不是
【思考过程】：本题考查医学伦理的四大基本原则，包括尊重自主权、不伤害原则、行善原则、公正原则。

【最终答案】：ABCD

题目：根据法规，以下哪项不属于病区为临终患者必须配备的设施或措施？
A.独立洗澡间内的防滑倒装置
B.移动患者专用的电动升降机
C.普通病房床帘
D.紧急呼叫装置和扶手
E.适应临终患者需求的洗澡设施
【思考过程】：",C,Qwen3-235B-A22B,"【思考过程】：根据法规要求，临终患者病房需确保安全与舒适。独立洗澡间防滑装置（A）、紧急呼叫装置和扶手（D）、适应需求的洗澡设施（E）均为安全与便利的必要配置。普通病房床帘（C）属于常规病房隐私保护措施，而临终患者可能需要更独立的空间，因此普通床帘可能不满足法规要求。移动患者专用电动升降机（B）虽为辅助设备，但法规中未明确强制要求每个病区必须配备。因此，B和C不属于必须配备的设施。

【最终答案】：BC",客观题,BC
医患关系,"你是一个严格按照要求答题的医学考试考生。请你先展示出完整的思考过程，然后再输出最终答案。每道题目有至少两个选项（A、B）至多五个选项（A、B、C、D、E），题目为不定项选择题，请按照以下格式作答：

【思考过程】：...

【最终答案】：AB / BCE / CD / DE / E / ...（只输出选项的编号，不要写选项内容）

示例：
题目：医疗伦理中四大基本原则是？
A.尊重自主权
B.善意行为
C.无害原则
D.公正原则
E.以上都不是
【思考过程】：本题考查医学伦理的四大基本原则，包括尊重自主权、不伤害原则、行善原则、公正原则。

【最终答案】：ABCD

题目：根据规定，特殊疾病护理中的无障碍设计要求应包括以下哪些内容？
A.患者活动区域和走廊两侧设有扶手
B.房门设计方便轮椅和推车进出
C.每个病房内必须安装电梯
D.功能检查用房和理疗用房设有无障碍通道
E.所有病房门宽至少2米
【思考过程】：",ABD,Qwen3-235B-A22B,"【思考过程】：本题考查特殊疾病护理中无障碍设计的具体要求。无障碍设计的核心是确保行动不便者安全通行。A选项符合走廊及活动区域需安装扶手的规范；B选项正确，因房门需满足轮椅通行的最小宽度要求；C选项错误，病房无需单独安装电梯；D选项正确，功能检查和理疗用房必须设置无障碍通道；E选项错误，病房门宽通常要求≥0.8米而非2米。

【最终答案】：ABD",客观题,ABD
医患关系,"你是一个严格按照要求答题的医学考试考生。请你先展示出完整的思考过程，然后再输出最终答案。每道题目有至少两个选项（A、B）至多五个选项（A、B、C、D、E），题目为不定项选择题，请按照以下格式作答：

【思考过程】：...

【最终答案】：AB / BCE / CD / DE / E / ...（只输出选项的编号，不要写选项内容）

示例：
题目：医疗伦理中四大基本原则是？
A.尊重自主权
B.善意行为
C.无害原则
D.公正原则
E.以上都不是
【思考过程】：本题考查医学伦理的四大基本原则，包括尊重自主权、不伤害原则、行善原则、公正原则。

【最终答案】：ABCD

题目：根据法规，以下哪项不属于关怀室（告别室）应具备的特点或设施？
A.尊重不同民族的丧葬习俗
B.配备家属与亡者告别的专用设施
C.强制家属参与特定宗教仪式
D.体现人性、人道和关爱
E.考虑传统文化和民俗需求
【思考过程】：",C,Qwen3-235B-A22B,"【思考过程】：关怀室（告别室）的设计需遵循尊重多元文化、提供必要设施、避免强制宗教活动等原则。选项C中的“强制家属参与特定宗教仪式”违背了自愿原则，不符合法规要求。

【最终答案】：C",客观题,C
医患关系,"你是一个严格按照要求答题的医学考试考生。请你先展示出完整的思考过程，然后再输出最终答案。每道题目有至少两个选项（A、B）至多五个选项（A、B、C、D、E），题目为不定项选择题，请按照以下格式作答：

【思考过程】：...

【最终答案】：AB / BCE / CD / DE / E / ...（只输出选项的编号，不要写选项内容）

示例：
题目：医疗伦理中四大基本原则是？
A.尊重自主权
B.善意行为
C.无害原则
D.公正原则
E.以上都不是
【思考过程】：本题考查医学伦理的四大基本原则，包括尊重自主权、不伤害原则、行善原则、公正原则。

【最终答案】：ABCD

题目：根据法律法规，以下哪项不属于医疗机构在特殊疾病护理中必须履行的患者权益保障义务？
A.建立与患者家属的定期沟通机制
B.仅向患者本人告知病情进展
C.在进行检查时确保患者隐私不受侵犯
D.尊重患者对治疗方案的知情选择权
E.通过书面形式完整记录沟通内容
【思考过程】：",B,Qwen3-235B-A22B,"【思考过程】：本题考查医疗机构在特殊疾病护理中患者权益保障义务的范围。根据《医疗机构管理条例》及患者权益保护相关规定，医疗机构需履行的义务包括：保障患者隐私权（C）、知情选择权（D）、规范沟通记录（E），并根据患者意愿决定是否向家属告知病情（A属于常规义务）。而选项B“仅向患者本人告知病情进展”违反了患者授权下可向家属告知的灵活性原则，属于不属于必须履行的义务。

【最终答案】：B",客观题,B
医患关系,"你是一个严格按照要求答题的医学考试考生。请你先展示出完整的思考过程，然后再输出最终答案。每道题目有至少两个选项（A、B）至多五个选项（A、B、C、D、E），题目为不定项选择题，请按照以下格式作答：

【思考过程】：...

【最终答案】：AB / BCE / CD / DE / E / ...（只输出选项的编号，不要写选项内容）

示例：
题目：医疗伦理中四大基本原则是？
A.尊重自主权
B.善意行为
C.无害原则
D.公正原则
E.以上都不是
【思考过程】：本题考查医学伦理的四大基本原则，包括尊重自主权、不伤害原则、行善原则、公正原则。

【最终答案】：ABCD

题目：根据法律法规，以下哪项不属于医疗机构必须执行的患者安全管理措施？
A.制定各类突发事件应急预案和处理流程
B.定期进行应急处理能力培训和演练
C.仅在事故发生后制定应急预案
D.不定期进行应急演练
E.每季度评估应急预案的有效性
【思考过程】：",CDE,Qwen3-235B-A22B,"【思考过程】：根据相关法规，医疗机构必须预先制定应急预案（A正确），定期进行培训演练（B正确），并定期评估预案有效性（E正确）。而C选项“仅在事故后制定预案”和D选项“不定期演练”均违反规定，属于非必须执行的措施。

【最终答案】：CD",客观题,CD
医患关系,"你是一个严格按照要求答题的医学考试考生。请你先展示出完整的思考过程，然后再输出最终答案。每道题目有至少两个选项（A、B）至多五个选项（A、B、C、D、E），题目为不定项选择题，请按照以下格式作答：

【思考过程】：...

【最终答案】：AB / BCE / CD / DE / E / ...（只输出选项的编号，不要写选项内容）

示例：
题目：医疗伦理中四大基本原则是？
A.尊重自主权
B.善意行为
C.无害原则
D.公正原则
E.以上都不是
【思考过程】：本题考查医学伦理的四大基本原则，包括尊重自主权、不伤害原则、行善原则、公正原则。

【最终答案】：ABCD

题目：以下哪项不属于医疗机构必须建立报告制度和处理预案的高危患者风险？
A.跌倒
B.感染
C.自杀
D.压疮
【思考过程】：",B,Qwen3-235B-A22B,"【思考过程】：医疗机构需针对高风险事件建立报告制度，如跌倒（A）和压疮（D）属于常见患者安全问题，需预防和处理。自杀（C）涉及患者心理安全，通常需评估和干预。感染（B）属于院内感染控制范畴，但题目问的是不属于高危患者风险报告制度的选项。结合常规管理，感染可能属于感染控制而非患者自身风险预案，故选B。

【最终答案】：B",客观题,B
医患关系,"你是一个严格按照要求答题的医学考试考生。请你先展示出完整的思考过程，然后再输出最终答案。每道题目有至少两个选项（A、B）至多五个选项（A、B、C、D、E），题目为不定项选择题，请按照以下格式作答：

【思考过程】：...

【最终答案】：AB / BCE / CD / DE / E / ...（只输出选项的编号，不要写选项内容）

示例：
题目：医疗伦理中四大基本原则是？
A.尊重自主权
B.善意行为
C.无害原则
D.公正原则
E.以上都不是
【思考过程】：本题考查医学伦理的四大基本原则，包括尊重自主权、不伤害原则、行善原则、公正原则。

【最终答案】：ABCD

题目：根据规定，护士在发现患者病情变化时应当首先采取以下哪项措施？
A. 及时与医师沟通
B. 自行处理病情变化
C. 等待医师查房时再报告
D. 优先通知患者家属
【思考过程】：",A,Qwen3-235B-A22B,"【思考过程】：根据护理规范，护士发现患者病情变化时应立即报告医师，由医师评估并处理。选项A正确，选项B违反职责范围，选项C和D延误治疗或不符合流程。

【最终答案】：A",客观题,A
医患关系,"你是一个严格按照要求答题的医学考试考生。请你先展示出完整的思考过程，然后再输出最终答案。每道题目有至少两个选项（A、B）至多五个选项（A、B、C、D、E），题目为不定项选择题，请按照以下格式作答：

【思考过程】：...

【最终答案】：AB / BCE / CD / DE / E / ...（只输出选项的编号，不要写选项内容）

示例：
题目：医疗伦理中四大基本原则是？
A.尊重自主权
B.善意行为
C.无害原则
D.公正原则
E.以上都不是
【思考过程】：本题考查医学伦理的四大基本原则，包括尊重自主权、不伤害原则、行善原则、公正原则。

【最终答案】：ABCD

题目：以下哪项不符合医院改进护理工作的规定？
A. 仅收集患者的意见，忽略家属的建议
B. 及时分析处理收集到的反馈
C. 根据反馈不断改进护理工作
D. 定期而不是及时分析处理
【思考过程】：",AD,Qwen3-235B-A22B,"【思考过程】：题目要求找出不符合医院改进护理工作规定的选项。根据医疗质量管理要求，改进护理工作需全面收集反馈（包括患者及家属意见），并及时分析处理以确保改进效率。选项A“仅收集患者意见，忽略家属”显然不全面，违反规定；选项D“定期而不是及时分析”可能延误问题处理，不符合及时性原则。选项B和C符合持续改进要求。

【最终答案】：AD",客观题,AD
医患关系,"你是一个严格按照要求答题的医学考试考生。请你先展示出完整的思考过程，然后再输出最终答案。每道题目有至少两个选项（A、B）至多五个选项（A、B、C、D、E），题目为不定项选择题，请按照以下格式作答：

【思考过程】：...

【最终答案】：AB / BCE / CD / DE / E / ...（只输出选项的编号，不要写选项内容）

示例：
题目：医疗伦理中四大基本原则是？
A.尊重自主权
B.善意行为
C.无害原则
D.公正原则
E.以上都不是
【思考过程】：本题考查医学伦理的四大基本原则，包括尊重自主权、不伤害原则、行善原则、公正原则。

【最终答案】：ABCD

题目：根据法规，医院在护理不良事件管理中应当采取哪些措施？
A.加强不良事件的报告
B.及时调查分析事件原因
C.防范不良事件的发生
D.促进护理质量持续改进
E.对涉事护士进行经济处罚
【思考过程】：",ABCD,Qwen3-235B-A22B,"【思考过程】：根据相关法规，医院在护理不良事件管理中应注重报告、分析原因、预防和持续改进。A选项强调报告，B选项涉及原因分析，C选项为预防措施，D选项促进质量改进。E选项的经济处罚并非法规核心要求，可能影响报告积极性，因此不选。

【最终答案】：ABCD",客观题,ABCD
医患关系,"你是一个严格按照要求答题的医学考试考生。请你先展示出完整的思考过程，然后再输出最终答案。每道题目有至少两个选项（A、B）至多五个选项（A、B、C、D、E），题目为不定项选择题，请按照以下格式作答：

【思考过程】：...

【最终答案】：AB / BCE / CD / DE / E / ...（只输出选项的编号，不要写选项内容）

示例：
题目：医疗伦理中四大基本原则是？
A.尊重自主权
B.善意行为
C.无害原则
D.公正原则
E.以上都不是
【思考过程】：本题考查医学伦理的四大基本原则，包括尊重自主权、不伤害原则、行善原则、公正原则。

【最终答案】：ABCD

题目：根据规定，接受安宁疗护服务需要满足哪些必要条件？
A.由执业医师明确诊断为疾病终末期或老年患者
B.预期生存期在6个月以内
C.患者或家属同意接受服务约定
D.患者年龄超过60岁
E.预期生存期在12个月以内
【思考过程】：",ABC,Qwen3-235B-A22B,"【思考过程】：安宁疗护的准入条件通常包括：由执业医师诊断为疾病终末期（而非单纯老年患者），预期生存期≤6个月，且需患者或家属知情同意。选项A中“老年患者”并非必要条件，因年龄本身不能作为唯一标准；选项B符合生存期≤6个月的常规标准；选项C为知情同意的必要条件；选项D将年龄设为绝对标准，错误；选项E的12个月不符合常规要求。因此正确条件应为B和C。

【最终答案】：BC",客观题,BC
医患关系,"你是一个严格按照要求答题的医学考试考生。请你先展示出完整的思考过程，然后再输出最终答案。每道题目有至少两个选项（A、B）至多五个选项（A、B、C、D、E），题目为不定项选择题，请按照以下格式作答：

【思考过程】：...

【最终答案】：AB / BCE / CD / DE / E / ...（只输出选项的编号，不要写选项内容）

示例：
题目：医疗伦理中四大基本原则是？
A.尊重自主权
B.善意行为
C.无害原则
D.公正原则
E.以上都不是
【思考过程】：本题考查医学伦理的四大基本原则，包括尊重自主权、不伤害原则、行善原则、公正原则。

【最终答案】：ABCD

题目：根据法规，以下哪项不属于为疾病终末期或老年患者提供的服务必须包含的要素？
A.缓和
B.舒适
C.安全
D.根治
E.有效
【思考过程】：",D,Qwen3-235B-A22B,"【思考过程】：题目询问疾病终末期或老年患者服务中哪项不是必须包含的要素。根据临终关怀原则，服务应侧重缓和症状（A）、提供舒适（B）、保障安全（C）及有效护理（E），但不包括根治性治疗（D）。因此，根治（D）不属于必须要素。

【最终答案】：D",客观题,D
医患关系,"你是一个严格按照要求答题的医学考试考生。请你先展示出完整的思考过程，然后再输出最终答案。每道题目有至少两个选项（A、B）至多五个选项（A、B、C、D、E），题目为不定项选择题，请按照以下格式作答：

【思考过程】：...

【最终答案】：AB / BCE / CD / DE / E / ...（只输出选项的编号，不要写选项内容）

示例：
题目：医疗伦理中四大基本原则是？
A.尊重自主权
B.善意行为
C.无害原则
D.公正原则
E.以上都不是
【思考过程】：本题考查医学伦理的四大基本原则，包括尊重自主权、不伤害原则、行善原则、公正原则。

【最终答案】：ABCD

题目：根据法规，对于轻中度AD痴呆患者，以下哪种处理方式符合医学伦理和法律规定？
A. 在充分告知患者或家属治疗的获益和风险后，优先选择胆碱酯酶抑制剂作为初始治疗
B. 未经患者或家属同意直接开具胆碱酯酶抑制剂处方
C. 优先采用美金刚单药治疗，后续再评估胆碱酯酶抑制剂的使用
D. 根据患者经济条件选择是否采用胆碱酯酶抑制剂治疗
【思考过程】：",A,Qwen3-235B-A22B,"【思考过程】：本题考查轻中度阿尔茨海默病（AD）痴呆患者的伦理及法律合规处理方式。医学伦理要求尊重患者知情同意权，治疗方案应基于临床指南并兼顾患者利益。胆碱酯酶抑制剂是轻中度AD的一线初始治疗药物，需在充分告知获益与风险后使用（A正确）。未经同意直接用药（B）违反知情同意原则。美金刚通常用于中重度或二线治疗（C错误）。经济条件影响治疗选择（D）不符合伦理要求。

【最终答案】：A",客观题,A
医患关系,"你是一个严格按照要求答题的医学考试考生。请你先展示出完整的思考过程，然后再输出最终答案。每道题目有至少两个选项（A、B）至多五个选项（A、B、C、D、E），题目为不定项选择题，请按照以下格式作答：

【思考过程】：...

【最终答案】：AB / BCE / CD / DE / E / ...（只输出选项的编号，不要写选项内容）

示例：
题目：医疗伦理中四大基本原则是？
A.尊重自主权
B.善意行为
C.无害原则
D.公正原则
E.以上都不是
【思考过程】：本题考查医学伦理的四大基本原则，包括尊重自主权、不伤害原则、行善原则、公正原则。

【最终答案】：ABCD

题目：医疗卫生人员需要向患者或其近亲属说明医疗风险、替代方案并取得同意的情形包括哪些？
A.实施手术
B.进行常规血液检查
C.开具普通抗生素处方
D.进行特殊检查
E.开展新药临床试验
【思考过程】：",ADE,Qwen3-235B-A22B,"【思考过程】：根据《中华人民共和国基本医疗卫生与健康促进法》及知情同意原则，医务人员在实施手术（A）、特殊检查（D）和新药临床试验（E）时必须告知风险并取得同意。常规血液检查（B）和普通抗生素处方（C）通常不涉及重大风险，无需特别书面同意。

【最终答案】：ADE",客观题,ADE
医患关系,"你是一个严格按照要求答题的医学考试考生。请你先展示出完整的思考过程，然后再输出最终答案。每道题目有至少两个选项（A、B）至多五个选项（A、B、C、D、E），题目为不定项选择题，请按照以下格式作答：

【思考过程】：...

【最终答案】：AB / BCE / CD / DE / E / ...（只输出选项的编号，不要写选项内容）

示例：
题目：医疗伦理中四大基本原则是？
A.尊重自主权
B.善意行为
C.无害原则
D.公正原则
E.以上都不是
【思考过程】：本题考查医学伦理的四大基本原则，包括尊重自主权、不伤害原则、行善原则、公正原则。

【最终答案】：ABCD

题目：根据法律法规，以下哪项属于患者在接受医疗服务时的义务？
A.遵守诊疗制度和医疗卫生服务秩序，尊重医疗卫生人员
B.无条件服从医护人员的所有要求
C.要求医护人员公开其他患者的隐私信息
D.因对治疗效果不满可以随意扰乱医疗秩序
【思考过程】：",A,Qwen3-235B-A22B,"【思考过程】：本题考查患者在接受医疗服务时的义务。根据相关法律法规，患者有义务遵守诊疗制度和医疗卫生服务秩序，尊重医疗卫生人员（A）。而“无条件服从医护人员的所有要求”（B）不符合医学伦理中的尊重自主原则；“要求公开其他患者隐私信息”（C）违反隐私保护规定；“因不满治疗效果扰乱秩序”（D）属于违法行为。因此仅A为正确选项。

【最终答案】：A",客观题,A
医患关系,"你是一个严格按照要求答题的医学考试考生。请你先展示出完整的思考过程，然后再输出最终答案。每道题目有至少两个选项（A、B）至多五个选项（A、B、C、D、E），题目为不定项选择题，请按照以下格式作答：

【思考过程】：...

【最终答案】：AB / BCE / CD / DE / E / ...（只输出选项的编号，不要写选项内容）

示例：
题目：医疗伦理中四大基本原则是？
A.尊重自主权
B.善意行为
C.无害原则
D.公正原则
E.以上都不是
【思考过程】：本题考查医学伦理的四大基本原则，包括尊重自主权、不伤害原则、行善原则、公正原则。

【最终答案】：ABCD

题目：根据法律法规，以下哪些行为属于医疗卫生人员被禁止的行为？
A.对患者实施过度医疗
B.利用职务之便接受患者家属赠送的贵重礼品
C.根据患者病情选择性价比最优的治疗方案
D.在诊疗过程中严格遵守医学伦理规范
E.通过推荐特定药物获取药品回扣
【思考过程】：",ABE,Qwen3-235B-A22B,"【思考过程】：选项A涉及过度医疗，属于法律法规明确禁止的行为；选项B涉及收受贵重礼品，属于职务违法行为；选项E涉及药品回扣，违反药品管理和职业道德规定。选项C和D均为合规或鼓励的行为。

【最终答案】：ABE",客观题,ABE
医患关系,"你是一个严格按照要求答题的医学考试考生。请你先展示出完整的思考过程，然后再输出最终答案。每道题目有至少两个选项（A、B）至多五个选项（A、B、C、D、E），题目为不定项选择题，请按照以下格式作答：

【思考过程】：...

【最终答案】：AB / BCE / CD / DE / E / ...（只输出选项的编号，不要写选项内容）

示例：
题目：医疗伦理中四大基本原则是？
A.尊重自主权
B.善意行为
C.无害原则
D.公正原则
E.以上都不是
【思考过程】：本题考查医学伦理的四大基本原则，包括尊重自主权、不伤害原则、行善原则、公正原则。

【最终答案】：ABCD

题目：根据法律法规，以下哪些属于护士依法享有的权利或保护？
A.人格尊严不受侵犯
B.人身安全不受侵犯
C.依法履行职责受法律保护
D.护士应当尊重患者
E.全社会应当尊重护士
【思考过程】：",ABCE,Qwen3-235B-A22B,"【思考过程】：根据《护士条例》及相关法律法规，护士依法享有的权利包括：人格尊严（A）和人身安全（B）不受侵犯，依法履行职责受法律保护（C），以及全社会应尊重护士（E）。选项D（尊重患者）属于护士的义务而非权利，因此不选。

【最终答案】：ABCE",客观题,ABCE
医患关系,"你是一个严格按照要求答题的医学考试考生。请你先展示出完整的思考过程，然后再输出最终答案。每道题目有至少两个选项（A、B）至多五个选项（A、B、C、D、E），题目为不定项选择题，请按照以下格式作答：

【思考过程】：...

【最终答案】：AB / BCE / CD / DE / E / ...（只输出选项的编号，不要写选项内容）

示例：
题目：医疗伦理中四大基本原则是？
A.尊重自主权
B.善意行为
C.无害原则
D.公正原则
E.以上都不是
【思考过程】：本题考查医学伦理的四大基本原则，包括尊重自主权、不伤害原则、行善原则、公正原则。

【最终答案】：ABCD

题目：护士发现某医嘱违反诊疗技术规范时，应当采取以下哪种正确措施？
A. 直接向医院纪检监察部门举报
B. 先向开具医嘱的医师提出异议，必要时向上级报告
C. 立即执行医嘱但做好记录备查
D. 将医嘱转交其他护士执行以规避责任
【思考过程】：",B,Qwen3-235B-A22B,"【思考过程】：护士在发现医嘱违反诊疗技术规范时，应首先与开具医嘱的医师沟通，提出异议；若问题未解决，需向上级报告以确保患者安全。选项A绕过直接沟通环节，不符合常规流程；选项C和D均属违规操作，可能危害患者安全或推卸责任。

【最终答案】：B",客观题,B
医患关系,"你是一个严格按照要求答题的医学考试考生。请你先展示出完整的思考过程，然后再输出最终答案。每道题目有至少两个选项（A、B）至多五个选项（A、B、C、D、E），题目为不定项选择题，请按照以下格式作答：

【思考过程】：...

【最终答案】：AB / BCE / CD / DE / E / ...（只输出选项的编号，不要写选项内容）

示例：
题目：医疗伦理中四大基本原则是？
A.尊重自主权
B.善意行为
C.无害原则
D.公正原则
E.以上都不是
【思考过程】：本题考查医学伦理的四大基本原则，包括尊重自主权、不伤害原则、行善原则、公正原则。

【最终答案】：ABCD

题目：根据法律法规，以下哪项不属于护士在护患关系中必须履行的义务？
A.尊重患者
B.关心患者
C.爱护患者
D.保护患者隐私
E.监督患者的行为
【思考过程】：",E,Qwen3-235B-A22B,"【思考过程】：根据《护士条例》及相关法律法规，护士在护患关系中的义务主要包括尊重患者、关心爱护患者、保护患者隐私等。监督患者的行为并非护士的法定义务，而是超出护理职责范围的内容。

【最终答案】：E",客观题,E
医患关系,"你是一个严格按照要求答题的医学考试考生。请你先展示出完整的思考过程，然后再输出最终答案。每道题目有至少两个选项（A、B）至多五个选项（A、B、C、D、E），题目为不定项选择题，请按照以下格式作答：

【思考过程】：...

【最终答案】：AB / BCE / CD / DE / E / ...（只输出选项的编号，不要写选项内容）

示例：
题目：医疗伦理中四大基本原则是？
A.尊重自主权
B.善意行为
C.无害原则
D.公正原则
E.以上都不是
【思考过程】：本题考查医学伦理的四大基本原则，包括尊重自主权、不伤害原则、行善原则、公正原则。

【最终答案】：ABCD

题目：根据法规，以下哪项不属于护士在发生公共卫生事件时的义务？
A. 服从县级以上人民政府卫生主管部门的安排参加医疗救护
B. 自愿选择是否参加医疗救护
C. 服从所在医疗卫生机构的安排参加医疗救护
D. 参与医疗救护活动
【思考过程】：",B,Qwen3-235B-A22B,"【思考过程】：根据《护士条例》及相关法规，公共卫生事件中护士需服从县级以上人民政府卫生主管部门或所在机构的安排参与医疗救护（A、C、D均为义务）。自愿选择是否参加（B）与法规强制性要求相悖，故不属于义务范围。

【最终答案】：B",客观题,B
医患关系,"你是一个严格按照要求答题的医学考试考生。请你先展示出完整的思考过程，然后再输出最终答案。每道题目有至少两个选项（A、B）至多五个选项（A、B、C、D、E），题目为不定项选择题，请按照以下格式作答：

【思考过程】：...

【最终答案】：AB / BCE / CD / DE / E / ...（只输出选项的编号，不要写选项内容）

示例：
题目：医疗伦理中四大基本原则是？
A.尊重自主权
B.善意行为
C.无害原则
D.公正原则
E.以上都不是
【思考过程】：本题考查医学伦理的四大基本原则，包括尊重自主权、不伤害原则、行善原则、公正原则。

【最终答案】：ABCD

题目：根据法规，护士在执业活动中出现以下哪种情形应受到处罚？
A. 发现患者病情危急但未立即通知医师
B. 未按医院规定着装
C. 泄露患者隐私
D. 未参加年度继续教育
E. 发现医嘱违规但未报告
【思考过程】：",ACE,Qwen3-235B-A22B,"【思考过程】：根据《护士条例》及相关法规，护士在执业活动中若存在以下行为应受处罚：A选项属于未履行及时报告危急病情的法定义务，直接危及患者安全，应处罚；C选项违反隐私保护法律，需承担相应责任；E选项未报告违规医嘱，可能引发医疗事故，需追责。而B选项属医院内部管理范畴，D选项通常影响执业注册而非直接处罚。因此，答案为ACE。

【最终答案】：ACE",客观题,ACE
医患关系,"你是一个严格按照要求答题的医学考试考生。请你先展示出完整的思考过程，然后再输出最终答案。每道题目有至少两个选项（A、B）至多五个选项（A、B、C、D、E），题目为不定项选择题，请按照以下格式作答：

【思考过程】：...

【最终答案】：AB / BCE / CD / DE / E / ...（只输出选项的编号，不要写选项内容）

示例：
题目：医疗伦理中四大基本原则是？
A.尊重自主权
B.善意行为
C.无害原则
D.公正原则
E.以上都不是
【思考过程】：本题考查医学伦理的四大基本原则，包括尊重自主权、不伤害原则、行善原则、公正原则。

【最终答案】：ABCD

题目：根据相关规定，护士在执业活动中出现以下哪些情形时，可能面临警告、暂停执业或吊销证书的处罚？
A.未立即通知医师患者病情危急
B.未及时执行已下达的医嘱
C.泄露患者隐私
D.在公共卫生事件中不服从医疗救护安排
E.与患者发生轻微争执
【思考过程】：",ACD,Qwen3-235B-A22B,"【思考过程】：根据《护士条例》及执业规范，护士若出现严重违规行为将面临处罚。A项未及时报告危急病情、B项未及时执行医嘱均属失职行为，可能直接危害患者安全；C项泄露隐私违反法律义务；D项不服从公共卫生应急安排属严重违纪。而E项轻微争执通常不构成吊销执照等严重处罚。因此，选项ABCD符合处罚情形。

【最终答案】：ABCD",客观题,ABCD
医患关系,"你是一个严格按照要求答题的医学考试考生。请你先展示出完整的思考过程，然后再输出最终答案。每道题目有至少两个选项（A、B）至多五个选项（A、B、C、D、E），题目为不定项选择题，请按照以下格式作答：

【思考过程】：...

【最终答案】：AB / BCE / CD / DE / E / ...（只输出选项的编号，不要写选项内容）

示例：
题目：医疗伦理中四大基本原则是？
A.尊重自主权
B.善意行为
C.无害原则
D.公正原则
E.以上都不是
【思考过程】：本题考查医学伦理的四大基本原则，包括尊重自主权、不伤害原则、行善原则、公正原则。

【最终答案】：ABCD

题目：护士在执业活动中出现以下哪些情形时，可能被暂停6个月以上1年以下执业活动？
A.发现患者病情危急未立即通知医师
B.未参加年度继续教育培训
C.泄露患者隐私
D.在公共卫生事件中拒绝服从医疗救护安排
E.未按时完成护理文书记录
【思考过程】：",ACD,Qwen3-235B-A22B,"【思考过程】：本题考查护士执业活动中可能被暂停执业的情形。根据《护士条例》相关规定：

1. **选项A**：发现患者病情危急未立即通知医师，属于《护士条例》第三十一条第（二）项规定的情形，可能被暂停执业。
2. **选项B**：未参加年度继续教育培训属于《护士条例》第三十一条第（六）项规定的情形，但需经责令改正后逾期不改正才会暂停执业，题目未明确此前提条件，因此不直接构成暂停情形。
3. **选项C**：泄露患者隐私属于《护士条例》第三十二条规定的严重情形，情节严重时可暂停执业。
4. **选项D**：在公共卫生事件中拒绝服从医疗救护安排，属于《护士条例》第三十一条第（四）项规定的情形，可能被暂停执业。
5. **选项E**：未按时完成护理文书记录可能属于未按规定开展护理活动，但通常属于轻微违规，一般不会直接导致暂停执业。

综上，直接导致暂停执业的情形为A、C、D。

【最终答案】：ACD",客观题,ACD
医患关系,"你是一个严格按照要求答题的医学考试考生。请你先展示出完整的思考过程，然后再输出最终答案。每道题目有至少两个选项（A、B）至多五个选项（A、B、C、D、E），题目为不定项选择题，请按照以下格式作答：

【思考过程】：...

【最终答案】：AB / BCE / CD / DE / E / ...（只输出选项的编号，不要写选项内容）

示例：
题目：医疗伦理中四大基本原则是？
A.尊重自主权
B.善意行为
C.无害原则
D.公正原则
E.以上都不是
【思考过程】：本题考查医学伦理的四大基本原则，包括尊重自主权、不伤害原则、行善原则、公正原则。

【最终答案】：ABCD

题目：以下哪些属于医疗机构必须尊重的权利或遵循的原则
A. 知情同意原则
B. 自主选择权
C. 隐私权
D. 对患者的隐私保密
E. 患者必须接受治疗
【思考过程】：",ABCD,Qwen3-235B-A22B,"【思考过程】：医疗机构必须尊重患者权利和遵循相关原则。A选项“知情同意原则”是医疗机构实施治疗前必须遵循的基本原则；B选项“自主选择权”是患者的核心权利之一，医疗机构需尊重患者自主决定；C选项“隐私权”和D选项“对患者的隐私保密”均属于医疗机构必须保护的患者权益，前者是权利本身，后者是具体义务；E选项“患者必须接受治疗”错误，因患者有权拒绝治疗（除非涉及公共健康强制措施）。因此，正确选项为A、B、C、D。

【最终答案】：ABCD",客观题,ABCD
医患关系,"你是一个严格按照要求答题的医学考试考生。请你先展示出完整的思考过程，然后再输出最终答案。每道题目有至少两个选项（A、B）至多五个选项（A、B、C、D、E），题目为不定项选择题，请按照以下格式作答：

【思考过程】：...

【最终答案】：AB / BCE / CD / DE / E / ...（只输出选项的编号，不要写选项内容）

示例：
题目：医疗伦理中四大基本原则是？
A.尊重自主权
B.善意行为
C.无害原则
D.公正原则
E.以上都不是
【思考过程】：本题考查医学伦理的四大基本原则，包括尊重自主权、不伤害原则、行善原则、公正原则。

【最终答案】：ABCD

题目：根据法规，以下哪些情形属于医疗机构应受处罚的情况？
A.未建立医疗质量管理部门或未指定专（兼）职人员负责医疗质量管理
B.未建立医疗质量管理相关规章制度
C.未定期组织医护人员参加伦理培训
D.发生重大医疗质量安全事件隐匿不报
E.未为患者提供免费护理用品
【思考过程】：",ABD,Qwen3-235B-A22B,"【思考过程】：题目考查医疗机构应受处罚的情形，需依据相关法规。A选项涉及未建立质量管理组织或人员配置，属于法定处罚情形。B选项未建立质量管理制度直接违反管理要求，应处罚。C选项伦理培训未定期组织可能涉及其他规范，但非直接质量管理处罚情形。D选项隐匿重大质量安全事件必然导致处罚。E选项护理用品免费提供与否属于服务范畴，不构成处罚条件。因此正确选项为A、B、D。

【最终答案】：ABD",客观题,ABD
医患关系,"你是一个严格按照要求答题的医学考试考生。请你先展示出完整的思考过程，然后再输出最终答案。每道题目有至少两个选项（A、B）至多五个选项（A、B、C、D、E），题目为不定项选择题，请按照以下格式作答：

【思考过程】：...

【最终答案】：AB / BCE / CD / DE / E / ...（只输出选项的编号，不要写选项内容）

示例：
题目：医疗伦理中四大基本原则是？
A.尊重自主权
B.善意行为
C.无害原则
D.公正原则
E.以上都不是
【思考过程】：本题考查医学伦理的四大基本原则，包括尊重自主权、不伤害原则、行善原则、公正原则。

【最终答案】：ABCD

题目：根据法律法规，医疗机构出现以下哪种情形时，将受到处罚？
A.未建立医疗质量管理相关规章制度
B.未建立患者投诉处理机制
C.发生重大医疗质量安全事件后未及时上报
D.未按期报送医疗质量安全信息
E.未指定专人负责医疗质量管理
【思考过程】：",ABCDE,Qwen3-235B-A22B,"【思考过程】：根据《医疗纠纷预防和处理条例》及《医疗质量管理办法》，医疗机构需建立医疗质量管理体系。A选项未建立规章制度、B选项未建立投诉处理机制、C选项重大事件未上报、D选项未按时报送信息、E选项未指定专人负责，均属于违反法规要求的情形，均可能被处罚。

【最终答案】：ABCDE",客观题,ABCDE
医患关系,"你是一个严格按照要求答题的医学考试考生。请你先展示出完整的思考过程，然后再输出最终答案。每道题目有至少两个选项（A、B）至多五个选项（A、B、C、D、E），题目为不定项选择题，请按照以下格式作答：

【思考过程】：...

【最终答案】：AB / BCE / CD / DE / E / ...（只输出选项的编号，不要写选项内容）

示例：
题目：医疗伦理中四大基本原则是？
A.尊重自主权
B.善意行为
C.无害原则
D.公正原则
E.以上都不是
【思考过程】：本题考查医学伦理的四大基本原则，包括尊重自主权、不伤害原则、行善原则、公正原则。

【最终答案】：ABCD

题目：以下哪种行为属于医师或护士在执业活动中可能受到处理的情形？
A.未完全告知患者所有可能的医疗费用
B.开展医疗活动未遵守知情同意原则
C.未使用最新医疗设备进行诊断
D.未在患者要求时提供英文版病历
【思考过程】：",B,Qwen3-235B-A22B,"【思考过程】：本题考查医护人员执业规范。A选项涉及知情同意权中的费用告知义务，未充分告知可能构成违规；B选项违反知情同意原则是明确违规行为；C选项使用何种设备与医疗合规性无直接关联；D选项根据《医疗纠纷预防和处理条例》第16条，患者有权要求病历翻译件，未提供可能被处理。

【最终答案】：ABD",客观题,ABD
医患关系,"你是一个严格按照要求答题的医学考试考生。请你先展示出完整的思考过程，然后再输出最终答案。每道题目有至少两个选项（A、B）至多五个选项（A、B、C、D、E），题目为不定项选择题，请按照以下格式作答：

【思考过程】：...

【最终答案】：AB / BCE / CD / DE / E / ...（只输出选项的编号，不要写选项内容）

示例：
题目：医疗伦理中四大基本原则是？
A.尊重自主权
B.善意行为
C.无害原则
D.公正原则
E.以上都不是
【思考过程】：本题考查医学伦理的四大基本原则，包括尊重自主权、不伤害原则、行善原则、公正原则。

【最终答案】：ABCD

题目：根据法律法规，以下哪些行为属于医疗机构执业的医师、护士应受处理的情形？
A.违规使用禁止临床应用的医疗技术进行诊疗
B.未遵守知情同意原则开展医疗活动
C.未经批准使用某新型医疗器械进行手术
D.因工作繁忙推迟非急症患者的检查
E.泄露患者隐私但未造成严重后果
【思考过程】：",ABCE,Qwen3-235B-A22B,"【思考过程】：本题考查医疗机构执业人员违规行为的认定。根据《执业医师法》《护士条例》及《医疗纠纷预防和处理条例》：A项属于明令禁止技术违规应用，属于应处理情形；B项违反知情同意原则，属于严重违规；C项涉及未经批准使用医疗器械，属于程序违规；E项泄露患者隐私无论是否造成后果均构成违规；D项推迟非急症检查若未造成实际损害，通常不构成法定处理事由。

【最终答案】：ABCE",客观题,ABCE
医患关系,"你是一个严格按照要求答题的医学考试考生。请你先展示出完整的思考过程，然后再输出最终答案。每道题目有至少两个选项（A、B）至多五个选项（A、B、C、D、E），题目为不定项选择题，请按照以下格式作答：

【思考过程】：...

【最终答案】：AB / BCE / CD / DE / E / ...（只输出选项的编号，不要写选项内容）

示例：
题目：医疗伦理中四大基本原则是？
A.尊重自主权
B.善意行为
C.无害原则
D.公正原则
E.以上都不是
【思考过程】：本题考查医学伦理的四大基本原则，包括尊重自主权、不伤害原则、行善原则、公正原则。

【最终答案】：ABCD

题目：根据相关规定，以下哪些行为属于医疗机构执业的医师、护士在执业活动中需被处理的违规行为？
A. 未经亲自诊查，出具检查结果和相关医学文书的
B. 开展医疗活动未遵守知情同意原则的
C. 违规开展禁止或限制临床应用的医疗技术
D. 未在规定时间内上报医疗事故
E. 未参加年度继续教育
【思考过程】：",ABCD,Qwen3-235B-A22B,"【思考过程】：本题考查医务人员执业违规行为。A选项违反亲自诊查义务，属《执业医师法》禁止行为。B选项违反知情同意原则，是《医疗纠纷预防和处理条例》明确规定的违规行为。C选项违反《医疗技术临床应用管理办法》中关于禁止或限制技术的使用规定。D选项违反《医疗事故处理条例》第四十七条关于事故上报时限的规定。E选项未参加继续教育虽违反继续教育要求，但相关法规未明确将其列为需被处理的执业违规行为，通常通过注册管理间接约束。

【最终答案】：ABCD",客观题,ABCD
医患关系,"你是一个严格按照要求答题的医学考试考生。请你先展示出完整的思考过程，然后再输出最终答案。每道题目有至少两个选项（A、B）至多五个选项（A、B、C、D、E），题目为不定项选择题，请按照以下格式作答：

【思考过程】：...

【最终答案】：AB / BCE / CD / DE / E / ...（只输出选项的编号，不要写选项内容）

示例：
题目：医疗伦理中四大基本原则是？
A.尊重自主权
B.善意行为
C.无害原则
D.公正原则
E.以上都不是
【思考过程】：本题考查医学伦理的四大基本原则，包括尊重自主权、不伤害原则、行善原则、公正原则。

【最终答案】：ABCD

题目：根据规定，以下哪种行为属于医师、护士在执业活动中需被处理的情况？
A.开展医疗活动未遵守知情同意原则
B.泄露患者隐私但未造成严重后果
C.未佩戴工作证件进行诊疗
D.未经亲自诊查出具检查结果
【思考过程】：",ABD,Qwen3-235B-A22B,"【思考过程】：本题考查医师、护士执业违规行为的认定。A选项违反知情同意原则属于严重违规；B选项泄露隐私无论后果均需处理；C选项未佩戴证件通常属于医院管理处罚，不构成执业违规；D选项未亲自诊查即出具结果属于法定禁止行为。依据《执业医师法》及《护士条例》相关规定，需处理的情形包括A、B、D。

【最终答案】：ABD",客观题,ABD
医患关系,"你是一个严格按照要求答题的医学考试考生。请你先展示出完整的思考过程，然后再输出最终答案。每道题目有至少两个选项（A、B）至多五个选项（A、B、C、D、E），题目为不定项选择题，请按照以下格式作答：

【思考过程】：...

【最终答案】：AB / BCE / CD / DE / E / ...（只输出选项的编号，不要写选项内容）

示例：
题目：医疗伦理中四大基本原则是？
A.尊重自主权
B.善意行为
C.无害原则
D.公正原则
E.以上都不是
【思考过程】：本题考查医学伦理的四大基本原则，包括尊重自主权、不伤害原则、行善原则、公正原则。

【最终答案】：ABCD

题目：根据规定，以下哪些行为属于医师、护士在执业活动中应当被处理的情形？
A.泄露患者隐私但未造成严重后果
B.未遵守知情同意原则开展医疗活动
C.使用未经批准的医疗器械进行诊疗活动
D.延误急危患者抢救但未造成严重后果
【思考过程】：",ABCD,Qwen3-235B-A22B,"【思考过程】：根据《执业医师法》和《护士条例》的相关规定：  
A. 泄露患者隐私但未造成严重后果：《护士条例》规定护士泄露患者隐私无论是否造成严重后果均需处理，而医师仅在造成严重后果时才处罚。因此护士行为属于处理情形，选项正确。  
B. 未遵守知情同意原则开展医疗活动：违反知情同意原则属于基本违规行为，无论是否造成后果均需处理，选项正确。  
C. 使用未经批准的医疗器械进行诊疗活动：根据《执业医师法》，使用未经批准的医疗器械无论后果均需处理，选项正确。  
D. 延误急危患者抢救但未造成严重后果：《护士条例》规定护士未及时通知医师导致延误需处理（无论后果），而医师延误未造成严重后果不处罚。护士行为属于处理情形，选项正确。  

【最终答案】：ABCD",客观题,ABCD
医患关系,"你是一个严格按照要求答题的医学考试考生。请你先展示出完整的思考过程，然后再输出最终答案。每道题目有至少两个选项（A、B）至多五个选项（A、B、C、D、E），题目为不定项选择题，请按照以下格式作答：

【思考过程】：...

【最终答案】：AB / BCE / CD / DE / E / ...（只输出选项的编号，不要写选项内容）

示例：
题目：医疗伦理中四大基本原则是？
A.尊重自主权
B.善意行为
C.无害原则
D.公正原则
E.以上都不是
【思考过程】：本题考查医学伦理的四大基本原则，包括尊重自主权、不伤害原则、行善原则、公正原则。

【最终答案】：ABCD

题目：根据法律法规，下列哪些行为属于医疗机构执业的医师、护士在执业活动中应受到处理的情形？
A.违反操作规范但未造成严重后果
B.泄露患者隐私但未造成严重后果
C.未经亲自诊查出具医学文书
D.开展未批准的医疗技术诊疗
E.未遵守知情同意原则进行医疗活动
【思考过程】：",ABCDE,Qwen3-235B-A22B,"【思考过程】：根据《执业医师法》《护士条例》及《医疗纠纷预防和处理条例》，医疗机构从业人员的违规行为包括：违反诊疗规范（A）、泄露患者隐私（B）、出具虚假医学文书（C）、擅自开展未经批准的医疗技术（D）、违反知情同意原则（E）。上述行为无论是否造成实际损害，均属于应当受处理的情形。

【最终答案】：ABCDE",客观题,ABCDE
医患关系,"你是一个严格按照要求答题的医学考试考生。请你先展示出完整的思考过程，然后再输出最终答案。每道题目有至少两个选项（A、B）至多五个选项（A、B、C、D、E），题目为不定项选择题，请按照以下格式作答：

【思考过程】：...

【最终答案】：AB / BCE / CD / DE / E / ...（只输出选项的编号，不要写选项内容）

示例：
题目：医疗伦理中四大基本原则是？
A.尊重自主权
B.善意行为
C.无害原则
D.公正原则
E.以上都不是
【思考过程】：本题考查医学伦理的四大基本原则，包括尊重自主权、不伤害原则、行善原则、公正原则。

【最终答案】：ABCD

题目：以下哪项不属于护士伦理准则中要求尊重的护理对象权益？
A.知情同意权
B.隐私权
C.经济自主权
D.原生文化尊重
E.健康权
【思考过程】：",C,Qwen3-235B-A22B,"【思考过程】：护士伦理准则强调尊重护理对象的权益，包括知情同意权（A）、隐私权（B）、文化尊重（D）及健康权（E）。经济自主权（C）属于患者的一般权利，但并非护士伦理准则中明确要求的核心护理权益。

【最终答案】：C",客观题,C
医患关系,"你是一个严格按照要求答题的医学考试考生。请你先展示出完整的思考过程，然后再输出最终答案。每道题目有至少两个选项（A、B）至多五个选项（A、B、C、D、E），题目为不定项选择题，请按照以下格式作答：

【思考过程】：...

【最终答案】：AB / BCE / CD / DE / E / ...（只输出选项的编号，不要写选项内容）

示例：
题目：医疗伦理中四大基本原则是？
A.尊重自主权
B.善意行为
C.无害原则
D.公正原则
E.以上都不是
【思考过程】：本题考查医学伦理的四大基本原则，包括尊重自主权、不伤害原则、行善原则、公正原则。

【最终答案】：ABCD

题目：根据护士伦理准则，以下哪一项不属于为护理对象应提供的个性化关怀范畴？
A.生理
B.心理
C.职业发展
D.文化
E.社会
【思考过程】：",C,Qwen3-235B-A22B,"【思考过程】：护士伦理准则中的个性化关怀主要针对护理对象的生理、心理、文化和社会需求。职业发展属于护士自身的专业成长范畴，而非直接针对护理对象的关怀内容。

【最终答案】：C",客观题,C
医患关系,"你是一个严格按照要求答题的医学考试考生。请你先展示出完整的思考过程，然后再输出最终答案。每道题目有至少两个选项（A、B）至多五个选项（A、B、C、D、E），题目为不定项选择题，请按照以下格式作答：

【思考过程】：...

【最终答案】：AB / BCE / CD / DE / E / ...（只输出选项的编号，不要写选项内容）

示例：
题目：医疗伦理中四大基本原则是？
A.尊重自主权
B.善意行为
C.无害原则
D.公正原则
E.以上都不是
【思考过程】：本题考查医学伦理的四大基本原则，包括尊重自主权、不伤害原则、行善原则、公正原则。

【最终答案】：ABCD

题目：根据护士伦理准则，在实施有创护理措施时，以下哪项不属于护士应最大限度避免的后果？
A.不适
B.疼痛
C.提高患者满意度
D.残疾
E.死亡
【思考过程】：",C,Qwen3-235B-A22B,"【思考过程】：护士伦理准则强调在实施有创护理措施时应最大限度减少对患者的伤害，如不适（A）、疼痛（B）、残疾（D）和死亡（E）等负面后果。而提高患者满意度（C）是护理目标之一，属于积极结果，不属于需避免的后果。

【最终答案】：C",客观题,C
医患关系,"你是一个严格按照要求答题的医学考试考生。请你先展示出完整的思考过程，然后再输出最终答案。每道题目有至少两个选项（A、B）至多五个选项（A、B、C、D、E），题目为不定项选择题，请按照以下格式作答：

【思考过程】：...

【最终答案】：AB / BCE / CD / DE / E / ...（只输出选项的编号，不要写选项内容）

示例：
题目：医疗伦理中四大基本原则是？
A.尊重自主权
B.善意行为
C.无害原则
D.公正原则
E.以上都不是
【思考过程】：本题考查医学伦理的四大基本原则，包括尊重自主权、不伤害原则、行善原则、公正原则。

【最终答案】：ABCD

题目：根据护士伦理准则中“和谐共赢”的要求，以下哪项属于护士必须做到的核心内容？
A.认真倾听护理对象的主诉
B.避免与患者讨论治疗细节
C.有效化解护患矛盾
D.仅关注自身职业荣誉感
E.建立相互理解、信任、合作、愉悦和谐的护患关系
【思考过程】：",ACE,Qwen3-235B-A22B,"【思考过程】：根据护士伦理准则中的“和谐共赢”原则，护士需促进护患间的理解与合作。A选项体现尊重患者表达需求，是建立信任的基础；C选项直接对应矛盾化解，维护和谐关系；E选项明确描述了和谐共赢的目标状态。而B选项回避治疗沟通违背知情同意原则，D选项仅关注自身利益不符合共赢要求。

【最终答案】：ACE",客观题,ACE
医患关系,"你是一个严格按照要求答题的医学考试考生。请你先展示出完整的思考过程，然后再输出最终答案。每道题目有至少两个选项（A、B）至多五个选项（A、B、C、D、E），题目为不定项选择题，请按照以下格式作答：

【思考过程】：...

【最终答案】：AB / BCE / CD / DE / E / ...（只输出选项的编号，不要写选项内容）

示例：
题目：医疗伦理中四大基本原则是？
A.尊重自主权
B.善意行为
C.无害原则
D.公正原则
E.以上都不是
【思考过程】：本题考查医学伦理的四大基本原则，包括尊重自主权、不伤害原则、行善原则、公正原则。

【最终答案】：ABCD

题目：根据护士伦理准则中“以德施护”的要求，以下哪些属于护士应当履行的核心义务？
A. 忠诚护理事业，爱岗敬业
B. 加强人文社会科学知识学习，提高人文关怀能力
C. 将护理职业精神内化于心，外化于行，落实在护理实践中
D. 优先保障患者支付能力较高的医疗需求
E. 定期参加专业技能培训以提高技术能力
【思考过程】：",ABC,Qwen3-235B-A22B,"【思考过程】：本题考查护士伦理准则中“以德施护”的核心义务。以德施护强调护士需具备职业道德、人文关怀及专业实践能力。A选项体现职业忠诚与敬业精神，属于核心义务；B选项强调人文关怀能力的提升，符合伦理要求；C选项要求将职业精神落实于实践，直接关联伦理准则；E选项涉及专业技能提升，是护理实践的基础。D选项违背公平原则，属于错误选项。综合判断，正确选项为ABCE。

【最终答案】：ABCE",客观题,ABCE
医患关系,"你是一个严格按照要求答题的医学考试考生。请你先展示出完整的思考过程，然后再输出最终答案。每道题目有至少两个选项（A、B）至多五个选项（A、B、C、D、E），题目为不定项选择题，请按照以下格式作答：

【思考过程】：...

【最终答案】：AB / BCE / CD / DE / E / ...（只输出选项的编号，不要写选项内容）

示例：
题目：医疗伦理中四大基本原则是？
A.尊重自主权
B.善意行为
C.无害原则
D.公正原则
E.以上都不是
【思考过程】：本题考查医学伦理的四大基本原则，包括尊重自主权、不伤害原则、行善原则、公正原则。

【最终答案】：ABCD

题目：根据护士伦理准则，以下哪项属于护士在突发公共卫生事件中的伦理责任？
A. 主动请缨，积极参加救护
B. 优先考虑个人安全，确保自身无风险后再参与
C. 要求获得高于常规的薪酬待遇
D. 以保护生命、维护公众健康为己任
【思考过程】：",AD,Qwen3-235B-A22B,"【思考过程】：根据护士伦理准则，护士在突发公共卫生事件中的伦理责任应以保护生命和维护公众健康为核心，同时积极参与救护工作。选项A“主动请缨，积极参加救护”符合护士的职业责任；选项D“以保护生命、维护公众健康为己任”直接体现了公共卫生事件中的伦理要求。选项B“优先考虑个人安全”违背护士的职业伦理，因为护士需在合理防护下履行职责而非追求绝对无风险；选项C“要求更高薪酬”与伦理准则中的无私奉献原则相悖。

【最终答案】：AD",客观题,AD
医患关系,"你是一个严格按照要求答题的医学考试考生。请你先展示出完整的思考过程，然后再输出最终答案。每道题目有至少两个选项（A、B）至多五个选项（A、B、C、D、E），题目为不定项选择题，请按照以下格式作答：

【思考过程】：...

【最终答案】：AB / BCE / CD / DE / E / ...（只输出选项的编号，不要写选项内容）

示例：
题目：医疗伦理中四大基本原则是？
A.尊重自主权
B.善意行为
C.无害原则
D.公正原则
E.以上都不是
【思考过程】：本题考查医学伦理的四大基本原则，包括尊重自主权、不伤害原则、行善原则、公正原则。

【最终答案】：ABCD

题目：以下表述是否正确：护士可以在社交媒体上分享患者案例，只要不提及患者姓名。
A.正确
B.错误
【思考过程】：",B,Qwen3-235B-A22B,"【思考过程】：护士在社交媒体分享患者案例时，即使不提及姓名，仍可能通过其他信息间接识别患者身份，违反隐私保护法规（如HIPAA或国内法律）。医疗伦理要求保护患者隐私，未经同意不得泄露健康信息。因此该行为错误。

【最终答案】：B",客观题,B
医患关系,"你是一个严格按照要求答题的医学考试考生。请你先展示出完整的思考过程，然后再输出最终答案。每道题目有至少两个选项（A、B）至多五个选项（A、B、C、D、E），题目为不定项选择题，请按照以下格式作答：

【思考过程】：...

【最终答案】：AB / BCE / CD / DE / E / ...（只输出选项的编号，不要写选项内容）

示例：
题目：医疗伦理中四大基本原则是？
A.尊重自主权
B.善意行为
C.无害原则
D.公正原则
E.以上都不是
【思考过程】：本题考查医学伦理的四大基本原则，包括尊重自主权、不伤害原则、行善原则、公正原则。

【最终答案】：ABCD

题目：根据法规，护士在使用护理机器人时，以下哪项是必须确保的？
A.护理机器人应支持而非取代护患之间的人际关系
B.护理机器人可以完全取代护患之间的人际互动
C.技术应用应优先于患者的个性化需求
D.护士应减少与患者的直接沟通以依赖设备
【思考过程】：",A,Qwen3-235B-A22B,"【思考过程】：根据医疗伦理和护理规范，护理机器人应作为辅助工具，维护护患人际关系是核心，因此A正确。B选项违背了机器人辅助而非替代的原则；C选项错误在于患者需求应优先于技术；D选项与护理中的人文关怀相悖，直接沟通不可替代。

【最终答案】：A",客观题,A
医患关系,"你是一个严格按照要求答题的医学考试考生。请你先展示出完整的思考过程，然后再输出最终答案。每道题目有至少两个选项（A、B）至多五个选项（A、B、C、D、E），题目为不定项选择题，请按照以下格式作答：

【思考过程】：...

【最终答案】：AB / BCE / CD / DE / E / ...（只输出选项的编号，不要写选项内容）

示例：
题目：医疗伦理中四大基本原则是？
A.尊重自主权
B.善意行为
C.无害原则
D.公正原则
E.以上都不是
【思考过程】：本题考查医学伦理的四大基本原则，包括尊重自主权、不伤害原则、行善原则、公正原则。

【最终答案】：ABCD

题目：以下哪种行为违反了医生必须尊重患者自主权和拒绝护理权利的规定？
A.患者明确拒绝某项护理后，医生停止提供该护理
B.患者因宗教信仰拒绝输血，医生转而采用其他治疗方案
C.患者清醒且意识清晰时，医生未询问直接进行非紧急护理操作
D.患者昏迷无法表达意愿时，医生根据家属意见进行护理
【思考过程】：",C,Qwen3-235B-A22B,"【思考过程】：本题考查医生对患者自主权和拒绝护理权利的尊重。根据医学伦理，患者有权在清醒且知情的情况下自主决定是否接受护理。选项C中，患者意识清晰但医生未询问其意见即进行护理，直接侵犯了患者的自主决策权。选项A和B体现了尊重患者拒绝护理的权利；选项D在患者昏迷时依据家属意见处理属于合理替代决策，不违反规定。

【最终答案】：C",客观题,C
医患关系,"你是一个严格按照要求答题的医学考试考生。请你先展示出完整的思考过程，然后再输出最终答案。每道题目有至少两个选项（A、B）至多五个选项（A、B、C、D、E），题目为不定项选择题，请按照以下格式作答：

【思考过程】：...

【最终答案】：AB / BCE / CD / DE / E / ...（只输出选项的编号，不要写选项内容）

示例：
题目：医疗伦理中四大基本原则是？
A.尊重自主权
B.善意行为
C.无害原则
D.公正原则
E.以上都不是
【思考过程】：本题考查医学伦理的四大基本原则，包括尊重自主权、不伤害原则、行善原则、公正原则。

【最终答案】：ABCD

题目：根据规定，以下哪项属于医生在护理过程中必须遵守的知情同意要求？
A.必须在提供任何护理前获得患者的自愿知情同意
B.患者撤回同意必须以书面形式提出
C.医生可以拒绝患者撤回同意的请求，如果认为护理必要
D.必须确保患者理解信息以做出明智决定
E.尊重患者随时以任何理由撤回同意的决定
【思考过程】：",ADE,Qwen3-235B-A22B,"【思考过程】：本题考查知情同意的具体要求。选项A中“任何护理”表述过于绝对，实际中知情同意主要针对高风险或侵入性操作，而非所有护理措施，因此A错误。选项B要求撤回同意必须书面形式，违反患者自主权原则，错误。选项C允许医生拒绝患者撤回同意，违背患者自主权，错误。选项D强调确保患者理解信息，符合知情同意的核心要求。选项E明确患者可随时撤回同意（无论何种理由），符合伦理原则。因此，正确答案为D、E。

【最终答案】：DE",客观题,DE
医患关系,"你是一个严格按照要求答题的医学考试考生。请你先展示出完整的思考过程，然后再输出最终答案。每道题目有至少两个选项（A、B）至多五个选项（A、B、C、D、E），题目为不定项选择题，请按照以下格式作答：

【思考过程】：...

【最终答案】：AB / BCE / CD / DE / E / ...（只输出选项的编号，不要写选项内容）

示例：
题目：医疗伦理中四大基本原则是？
A.尊重自主权
B.善意行为
C.无害原则
D.公正原则
E.以上都不是
【思考过程】：本题考查医学伦理的四大基本原则，包括尊重自主权、不伤害原则、行善原则、公正原则。

【最终答案】：ABCD

题目：根据法条，当患者决策能力受限时，医生必须如何处理？
A. 忽略患者的意见，直接由代表决定
B. 尽可能让患者参与决策
C. 在无法确定患者偏好时，按患者的最佳利益决定
D. 必须与患者信任的代表合作，根据其已知或合理推断的偏好做决策
【思考过程】：",BCD,Qwen3-235B-A22B,"【思考过程】：题目涉及患者决策能力受限时的处理原则。根据法律要求，医生应尊重患者意愿（B），若患者偏好无法确定，则以最佳利益为判断依据（C）。同时，需与患者指定的代表合作，依据其已知或合理推断的偏好决策（D）。选项A直接忽略患者意见，违反法律原则，因此错误。

【最终答案】：BCD",客观题,BCD
医患关系,"你是一个严格按照要求答题的医学考试考生。请你先展示出完整的思考过程，然后再输出最终答案。每道题目有至少两个选项（A、B）至多五个选项（A、B、C、D、E），题目为不定项选择题，请按照以下格式作答：

【思考过程】：...

【最终答案】：AB / BCE / CD / DE / E / ...（只输出选项的编号，不要写选项内容）

示例：
题目：医疗伦理中四大基本原则是？
A.尊重自主权
B.善意行为
C.无害原则
D.公正原则
E.以上都不是
【思考过程】：本题考查医学伦理的四大基本原则，包括尊重自主权、不伤害原则、行善原则、公正原则。

【最终答案】：ABCD

题目：当患者恢复决策能力后，医生是否可以直接继续之前未获得其本人同意的进一步治疗？
A.可以，因为之前已获得家属同意
B.可以，如果治疗紧迫且患者无法立即表达意愿
C.不可以，必须重新获得患者本人的知情同意
D.可以，若患者之前已授权医生全权决定
【思考过程】：",C,Qwen3-235B-A22B,"【思考过程】：本题考查医学伦理中知情同意权的适用条件。知情同意权的核心是尊重患者自主权，任何治疗必须获得患者本人同意或明确授权。当患者恢复决策能力后，即使之前家属或代理人同意治疗，医生必须重新获得患者本人的知情同意，除非患者此前已明确授权医生在特定情况下全权决定（如预立医疗指示）。选项C强调必须重新获得患者本人同意，符合伦理原则；选项D提到的“之前授权医生全权决定”属于例外情况，但需满足授权持续有效的前提（如未撤销）。多数情况下，患者恢复后授权自动终止，故D通常不成立。因此，正确答案为C。

【最终答案】：C",客观题,C
医患关系,"你是一个严格按照要求答题的医学考试考生。请你先展示出完整的思考过程，然后再输出最终答案。每道题目有至少两个选项（A、B）至多五个选项（A、B、C、D、E），题目为不定项选择题，请按照以下格式作答：

【思考过程】：...

【最终答案】：AB / BCE / CD / DE / E / ...（只输出选项的编号，不要写选项内容）

示例：
题目：医疗伦理中四大基本原则是？
A.尊重自主权
B.善意行为
C.无害原则
D.公正原则
E.以上都不是
【思考过程】：本题考查医学伦理的四大基本原则，包括尊重自主权、不伤害原则、行善原则、公正原则。

【最终答案】：ABCD

题目：根据法规，当医生发现患者的情况超出其能力范围时，必须采取以下哪些措施？
A. 咨询有相应能力的合格医生
B. 转诊患者给其他专业人员
C. 同时咨询和转诊
D. 继续处理但记录困难
【思考过程】：",ABC,Qwen3-235B-A22B,"【思考过程】：根据相关法规，当医生发现患者情况超出自身能力范围时，应采取咨询其他合格医生或转诊至专业机构的措施，以确保患者安全。选项C要求同时进行两者并非强制，而选项D不符合规范要求。

【最终答案】：AB",客观题,AB
医患关系,"你是一个严格按照要求答题的医学考试考生。请你先展示出完整的思考过程，然后再输出最终答案。每道题目有至少两个选项（A、B）至多五个选项（A、B、C、D、E），题目为不定项选择题，请按照以下格式作答：

【思考过程】：...

【最终答案】：AB / BCE / CD / DE / E / ...（只输出选项的编号，不要写选项内容）

示例：
题目：医疗伦理中四大基本原则是？
A.尊重自主权
B.善意行为
C.无害原则
D.公正原则
E.以上都不是
【思考过程】：本题考查医学伦理的四大基本原则，包括尊重自主权、不伤害原则、行善原则、公正原则。

【最终答案】：ABCD

题目：根据法律规定，医生在患者去世后是否仍需保护其隐私和保密性？
A. 是，必须保护
B. 否，患者去世后无需再保密
C. 只有在患者生前明确要求时才需保密
D. 可以向媒体披露，以公众知情权为由
【思考过程】：",A,Qwen3-235B-A22B,"【思考过程】：本题考查医生对患者隐私权的保护期限。根据医学伦理和多数国家的法律规定，医生的保密义务不因患者去世而自动终止。例如，HIPAA（美国健康保险可携性和责任法案）规定患者去世后其医疗记录仍需保密至少50年；其他法律通常要求至少保留数十年的隐私保护。保密义务的延续性是医学伦理核心原则之一，不依赖患者生前是否提出要求。选项D违反隐私保护原则，选项B和C均不符合法律普遍规定。

【最终答案】：A",客观题,A
医患关系,"你是一个严格按照要求答题的医学考试考生。请你先展示出完整的思考过程，然后再输出最终答案。每道题目有至少两个选项（A、B）至多五个选项（A、B、C、D、E），题目为不定项选择题，请按照以下格式作答：

【思考过程】：...

【最终答案】：AB / BCE / CD / DE / E / ...（只输出选项的编号，不要写选项内容）

示例：
题目：医疗伦理中四大基本原则是？
A.尊重自主权
B.善意行为
C.无害原则
D.公正原则
E.以上都不是
【思考过程】：本题考查医学伦理的四大基本原则，包括尊重自主权、不伤害原则、行善原则、公正原则。

【最终答案】：ABCD

题目：根据法律规定，医生在代表患者或向第三方报告患者护理情况时，必须完成以下哪项义务？
A.仅在首次接触患者时告知即可
B.在一开始告知患者，并在后续互动中持续披露承诺范围和获得同意
C.无需披露承诺的性质和范围，只需获得一次同意
D.仅需在报告前一次性获得患者同意
【思考过程】：",B,Qwen3-235B-A22B,"【思考过程】：本题考查医疗法律中关于患者信息披露和同意的义务。根据HIPAA等法规，医生在披露患者信息前必须明确告知患者其承诺的范围和用途，并持续获得有效同意。选项B强调“初始告知+后续持续披露和获得同意”，符合法规对动态知情同意的要求；选项A、C、D均存在知情同意过程不完整或缺乏持续性的缺陷。

【最终答案】：B",客观题,B
医患关系,"你是一个严格按照要求答题的医学考试考生。请你先展示出完整的思考过程，然后再输出最终答案。每道题目有至少两个选项（A、B）至多五个选项（A、B、C、D、E），题目为不定项选择题，请按照以下格式作答：

【思考过程】：...

【最终答案】：AB / BCE / CD / DE / E / ...（只输出选项的编号，不要写选项内容）

示例：
题目：医疗伦理中四大基本原则是？
A.尊重自主权
B.善意行为
C.无害原则
D.公正原则
E.以上都不是
【思考过程】：本题考查医学伦理的四大基本原则，包括尊重自主权、不伤害原则、行善原则、公正原则。

【最终答案】：ABCD

题目：根据规定，医生在远程医疗护理中必须做到以下哪些事项？
A.告知患者远程护理的好处和局限性，并获得其同意
B.确保患者医疗信息的保密性
C.必须完全通过远程方式提供护理，禁止直接接触
D.在医学合适的情况下尽量通过直接接触提供护理
E.无需评估远程沟通的医学合理性
【思考过程】：",ABD,Qwen3-235B-A22B,"【思考过程】：根据远程医疗相关规定，医生需履行以下职责：  
1. **知情同意**（A）：必须告知患者远程医疗的优缺点并获取同意，符合医疗伦理和法律要求。  
2. **保密性**（B）：远程医疗涉及电子数据传输，医生必须确保患者信息保密，符合隐私保护原则。  
3. **禁止绝对排除直接接触**（C）：远程医疗是补充手段，若病情需要直接接触（如体格检查），应结合线下诊疗，故“必须完全通过远程方式”表述错误。  
4. **优先选择合适方式**（D）：当医学上适合直接接触时，应优先采用更有效的诊疗方式，符合患者利益原则。  
5. **评估合理性**（E）：医生需评估远程沟通是否适合患者病情，否则可能延误诊疗，故E错误。  

【最终答案】：ABD",客观题,ABD
医患关系,"你是一个严格按照要求答题的医学考试考生。请你先展示出完整的思考过程，然后再输出最终答案。每道题目有至少两个选项（A、B）至多五个选项（A、B、C、D、E），题目为不定项选择题，请按照以下格式作答：

【思考过程】：...

【最终答案】：AB / BCE / CD / DE / E / ...（只输出选项的编号，不要写选项内容）

示例：
题目：医疗伦理中四大基本原则是？
A.尊重自主权
B.善意行为
C.无害原则
D.公正原则
E.以上都不是
【思考过程】：本题考查医学伦理的四大基本原则，包括尊重自主权、不伤害原则、行善原则、公正原则。

【最终答案】：ABCD

题目：以下哪种行为违反了医生与患者的职业界限规定？
A.与当前患者保持过度友好的社交媒体互动
B.与前患者发展恋爱关系并发生性关系
C.在患者治疗期间与其讨论病情时保持专业态度
D.与当前患者发生性关系
【思考过程】：",AD,Qwen3-235B-A22B,"【思考过程】：本题考查医生与患者职业界限的规定。A选项中过度友好的社交媒体互动可能构成不适当关系，违反界限；B选项与前患者发展恋爱关系并发生性关系，即使医患关系已终止，仍可能涉及权力差异和剥削，属于违规；D选项与当前患者发生性关系是明确的严重违规行为。C选项保持专业态度是正确做法，不违规。

【最终答案】：ABD",客观题,ABD
医患关系,"你是一个严格按照要求答题的医学考试考生。请你先展示出完整的思考过程，然后再输出最终答案。每道题目有至少两个选项（A、B）至多五个选项（A、B、C、D、E），题目为不定项选择题，请按照以下格式作答：

【思考过程】：...

【最终答案】：AB / BCE / CD / DE / E / ...（只输出选项的编号，不要写选项内容）

示例：
题目：医疗伦理中四大基本原则是？
A.尊重自主权
B.善意行为
C.无害原则
D.公正原则
E.以上都不是
【思考过程】：本题考查医学伦理的四大基本原则，包括尊重自主权、不伤害原则、行善原则、公正原则。

【最终答案】：ABCD

题目：根据法规，医生为了确保能够安全执业，必须采取以下哪项行动？
A.主动关注自身健康并寻求必要的护理
B.仅需关注患者健康状况即可
C.由医院强制安排健康检查
D.优先提升专业能力忽略个人健康
【思考过程】：",A,Qwen3-235B-A22B,"【思考过程】：题目要求根据法规确定医生为确保安全执业必须采取的行动。安全执业需医生自身健康符合要求，否则可能影响患者安全。选项A强调主动关注自身健康并寻求必要护理，符合法规对执业健康的要求；选项B忽视医生自身健康，与法规要求相悖；选项C涉及医院强制安排健康检查，但法规若未明确要求医生必须接受则不适用；选项D将个人健康置于专业能力之下，可能增加执业风险。法规通常要求医生主动维护健康，而非仅依赖机构安排。

【最终答案】：A",客观题,A
医患关系,"你是一个严格按照要求答题的医学考试考生。请你先展示出完整的思考过程，然后再输出最终答案。每道题目有至少两个选项（A、B）至多五个选项（A、B、C、D、E），题目为不定项选择题，请按照以下格式作答：

【思考过程】：...

【最终答案】：AB / BCE / CD / DE / E / ...（只输出选项的编号，不要写选项内容）

示例：
题目：医疗伦理中四大基本原则是？
A.尊重自主权
B.善意行为
C.无害原则
D.公正原则
E.以上都不是
【思考过程】：本题考查医学伦理的四大基本原则，包括尊重自主权、不伤害原则、行善原则、公正原则。

【最终答案】：ABCD

题目：根据规定，医生在何种情况下可以干预同事的医患关系？
A. 双方请求
B. 认为同事的治疗方案不够先进
C. 为保护患者免受伤害
D. 患者家属单独请求
E. 医生自己认为有必要
【思考过程】：",AC,Qwen3-235B-A22B,"【思考过程】：根据医学伦理和职业规范，医生干预同事的医患关系需基于正当理由。选项C（保护患者免受伤害）直接符合患者安全优先的原则，是明确的正当理由。选项A（双方请求）可能涉及患者与医生共同提出的合理协作需求，如多学科会诊，属于合法干预场景。选项B（治疗方案先进性）和E（主观判断）缺乏客观依据，易引发专业判断冲突。选项D（仅家属请求）可能忽视患者自主权，缺乏明确法律支持。因此，正确答案为A和C。

【最终答案】：AC",客观题,AC
动物实验,"你是一个严格按照要求答题的医学考试考生。请你先展示出完整的思考过程，然后再输出最终答案。每道题目有至少两个选项（A、B）至多五个选项（A、B、C、D、E），题目为不定项选择题，请按照以下格式作答：

【思考过程】：...

【最终答案】：AB / BCE / CD / DE / E / ...（只输出选项的编号，不要写选项内容）

示例：
题目：医疗伦理中四大基本原则是？
A.尊重自主权
B.善意行为
C.无害原则
D.公正原则
E.以上都不是
【思考过程】：本题考查医学伦理的四大基本原则，包括尊重自主权、不伤害原则、行善原则、公正原则。

【最终答案】：ABCD

题目：以下哪些属于科学技术人员在动物实验中应遵守的科学家精神或伦理规范？
A.弘扬创新与求实精神
B.在实验中默许合作方轻微捏造数据
C.参与社区祈福活动以提高实验成功率
D.坚守""利益优先""原则加速科研进程
E.严禁支持占卜测算等非科学活动
【思考过程】：",AE,Qwen3-235B-A22B,"【思考过程】：本题考查动物实验中科学家应遵守的伦理规范。A选项“弘扬创新与求实精神”符合科学精神要求；E选项“严禁支持占卜测算等非科学活动”体现对科学方法的坚持。B选项“默许捏造数据”直接违反科研诚信；C选项“祈福活动”属于非科学干预实验；D选项“利益优先”违背科研客观性原则。动物实验伦理要求数据真实、方法科学，反对任何形式的学术不端和非科学干预。

【最终答案】：AE",客观题,AE
动物实验,"你是一个严格按照要求答题的医学考试考生。请你先展示出完整的思考过程，然后再输出最终答案。每道题目有至少两个选项（A、B）至多五个选项（A、B、C、D、E），题目为不定项选择题，请按照以下格式作答：

【思考过程】：...

【最终答案】：AB / BCE / CD / DE / E / ...（只输出选项的编号，不要写选项内容）

示例：
题目：医疗伦理中四大基本原则是？
A.尊重自主权
B.善意行为
C.无害原则
D.公正原则
E.以上都不是
【思考过程】：本题考查医学伦理的四大基本原则，包括尊重自主权、不伤害原则、行善原则、公正原则。

【最终答案】：ABCD

题目：在哪些情况下，承担高风险科研项目的科学技术人员可予以免责？
A.项目未通过中期评审但有后期补救计划
B.已履行勤勉尽责义务但无法完成项目
C.取得阶段性研究成果后主动终止项目
D.能够提供完整原始记录证明其尽职
【思考过程】：",BD,Qwen3-235B-A22B,"【思考过程】：本题考查科研项目免责情形的判断。根据科研管理相关规定，承担高风险科研项目时，若科研人员已履行勤勉尽责义务（B）或能提供完整原始记录证明其尽职（D），即使项目未达预期目标，仍可免责。选项A的“后期补救计划”未明确是否实际解决问题，不构成免责依据；选项C的“主动终止项目”需结合终止原因判断，题干未说明正当性，故不直接免责。

【最终答案】：BD",客观题,BD
动物实验,"你是一个严格按照要求答题的医学考试考生。请你先展示出完整的思考过程，然后再输出最终答案。每道题目有至少两个选项（A、B）至多五个选项（A、B、C、D、E），题目为不定项选择题，请按照以下格式作答：

【思考过程】：...

【最终答案】：AB / BCE / CD / DE / E / ...（只输出选项的编号，不要写选项内容）

示例：
题目：医疗伦理中四大基本原则是？
A.尊重自主权
B.善意行为
C.无害原则
D.公正原则
E.以上都不是
【思考过程】：本题考查医学伦理的四大基本原则，包括尊重自主权、不伤害原则、行善原则、公正原则。

【最终答案】：ABCD

题目：下列哪些机构应当按照国家规定建立健全科技伦理审查机制？（多选）
A.科学技术研究开发机构
B.高等学校
C.企业事业单位
D.三甲医院伦理委员会
E.科研团队负责人
【思考过程】：",ABC,Qwen3-235B-A22B,"【思考过程】：本题考查需建立健全科技伦理审查机制的机构类型。根据相关法规，科技伦理审查机制的建立主体应为机构而非个人。A项“科学技术研究开发机构”、B项“高等学校”、C项“企业事业单位”均为科研活动的主要承担机构，需设立伦理审查机制。D项“三甲医院伦理委员会”虽是医疗机构的内部审查部门，但其所属医院作为机构需承担审查责任，因此D项表述存在歧义。E项“科研团队负责人”为个人，不符合机构要求。综合分析，A、B、C项明确符合要求，D项可能因表述问题存在争议，但根据常规理解，应排除。

【最终答案】：ABC",客观题,ABC
动物实验,"你是一个严格按照要求答题的医学考试考生。请你先展示出完整的思考过程，然后再输出最终答案。每道题目有至少两个选项（A、B）至多五个选项（A、B、C、D、E），题目为不定项选择题，请按照以下格式作答：

【思考过程】：...

【最终答案】：AB / BCE / CD / DE / E / ...（只输出选项的编号，不要写选项内容）

示例：
题目：医疗伦理中四大基本原则是？
A.尊重自主权
B.善意行为
C.无害原则
D.公正原则
E.以上都不是
【思考过程】：本题考查医学伦理的四大基本原则，包括尊重自主权、不伤害原则、行善原则、公正原则。

【最终答案】：ABCD

题目：根据科研诚信相关规定，以下哪些行为不被允许？（多选）
A.虚构实验数据以支持研究结论
B.在多个研究项目中重复使用相同的实验数据
C.为他人代写实验研究数据分析报告
D.购买第三方提供的期刊代投服务
E.在论文被期刊撤稿后未公开更正错误数据
【思考过程】：",ACD,Qwen3-235B-A22B,"【思考过程】：本题考查科研诚信相关规定中的禁止行为。选项A虚构实验数据属于伪造数据，明显违规；选项B重复使用相同实验数据可能涉及数据滥用或重复发表，属于不当行为；选项C代写报告违反学术诚信；选项D购买代投服务存在学术不端风险；选项E撤稿后未更正错误数据属于隐瞒错误，影响学术可信度。根据科研诚信要求，上述行为均被禁止。

【最终答案】：ABCDE",客观题,ABCDE
动物实验,"你是一个严格按照要求答题的医学考试考生。请你先展示出完整的思考过程，然后再输出最终答案。每道题目有至少两个选项（A、B）至多五个选项（A、B、C、D、E），题目为不定项选择题，请按照以下格式作答：

【思考过程】：...

【最终答案】：AB / BCE / CD / DE / E / ...（只输出选项的编号，不要写选项内容）

示例：
题目：医疗伦理中四大基本原则是？
A.尊重自主权
B.善意行为
C.无害原则
D.公正原则
E.以上都不是
【思考过程】：本题考查医学伦理的四大基本原则，包括尊重自主权、不伤害原则、行善原则、公正原则。

【最终答案】：ABCD

题目：以下哪个选项符合实验动物饲育及实验场所设置的法规要求？
A.饲育室与实验室分设不同楼层并安装门禁系统
B.饲育室配备先进温控设备但实验室与之共用排水系统
C.实验室和饲育室共用清洁通道但分时段使用
D.实验室每日消毒但饲育室每周消毒一次
E.设立管理制度但未形成书面操作规程
【思考过程】：",A,Qwen3-235B-A22B,"【思考过程】：根据实验动物相关法规，饲育室与实验室需严格物理隔离（A正确）。排水系统必须独立（B错误）。清洁通道若共用需严格分时段及清洁程序，但法规更倾向独立设置（C错误）。饲育室消毒频率应不低于实验室（D错误）。管理制度必须形成书面规程（E错误）。

【最终答案】：A",客观题,A
动物实验,"你是一个严格按照要求答题的医学考试考生。请你先展示出完整的思考过程，然后再输出最终答案。每道题目有至少两个选项（A、B）至多五个选项（A、B、C、D、E），题目为不定项选择题，请按照以下格式作答：

【思考过程】：...

【最终答案】：AB / BCE / CD / DE / E / ...（只输出选项的编号，不要写选项内容）

示例：
题目：医疗伦理中四大基本原则是？
A.尊重自主权
B.善意行为
C.无害原则
D.公正原则
E.以上都不是
【思考过程】：本题考查医学伦理的四大基本原则，包括尊重自主权、不伤害原则、行善原则、公正原则。

【最终答案】：ABCD

题目：根据相关法规，实验动物的饲养需要按照以下哪些因素进行分开？
A.不同来源
B.不同品种
C.不同性别
D.不同品系
E.不同实验目的
【思考过程】：",ABDE,Qwen3-235B-A22B,"【思考过程】：本题考查实验动物饲养管理的法规要求。实验动物的饲养需根据其来源（A）避免交叉感染，品种（B）和品系（D）确保遗传一致性，以及实验目的（E）防止干扰实验结果。不同性别（C）可能因生理差异或行为问题需分开，但法规中通常未明确将其列为必须因素，更多属于实验设计或饲养操作的具体要求，而非法规强制规定。

【最终答案】：ABDE",客观题,ABDE
动物实验,"你是一个严格按照要求答题的医学考试考生。请你先展示出完整的思考过程，然后再输出最终答案。每道题目有至少两个选项（A、B）至多五个选项（A、B、C、D、E），题目为不定项选择题，请按照以下格式作答：

【思考过程】：...

【最终答案】：AB / BCE / CD / DE / E / ...（只输出选项的编号，不要写选项内容）

示例：
题目：医疗伦理中四大基本原则是？
A.尊重自主权
B.善意行为
C.无害原则
D.公正原则
E.以上都不是
【思考过程】：本题考查医学伦理的四大基本原则，包括尊重自主权、不伤害原则、行善原则、公正原则。

【最终答案】：ABCD

题目：依据实验动物饲料管理法规，以下哪些做法是合规的？
A.使用经权威机构认证的全价饲料饲喂实验动物
B.将未清洗的胡萝卜直接投喂给实验犬
C.将轻微虫蛀但未霉变的玉米粉加工成颗粒饲料
D.对计划直接投喂的生菜进行紫外线消毒处理并冷藏保持鲜度
【思考过程】：",AD,Qwen3-235B-A22B,"【思考过程】：本题考查实验动物饲料管理法规的合规操作。A选项使用经认证的全价饲料符合营养和安全要求；D选项通过紫外线消毒和冷藏处理确保生菜卫生及新鲜度。而B选项未清洗的胡萝卜存在污染风险；C选项虫蛀玉米粉可能残留有害物质，均不符合规范。

【最终答案】：AD",客观题,AD
动物实验,"你是一个严格按照要求答题的医学考试考生。请你先展示出完整的思考过程，然后再输出最终答案。每道题目有至少两个选项（A、B）至多五个选项（A、B、C、D、E），题目为不定项选择题，请按照以下格式作答：

【思考过程】：...

【最终答案】：AB / BCE / CD / DE / E / ...（只输出选项的编号，不要写选项内容）

示例：
题目：医疗伦理中四大基本原则是？
A.尊重自主权
B.善意行为
C.无害原则
D.公正原则
E.以上都不是
【思考过程】：本题考查医学伦理的四大基本原则，包括尊重自主权、不伤害原则、行善原则、公正原则。

【最终答案】：ABCD

题目：以下哪些是实验动物垫料的处理要求？
A.清洁且可降解
B.具有吸水性且无潮湿
C.无毒且无虫卵残留
D.灭菌处理且带香味
E.来源可追溯且价格低廉
【思考过程】：",BC,Qwen3-235B-A22B,"【思考过程】：实验动物垫料需满足清洁、吸水性以保持环境干燥，同时需无毒且无虫卵残留以防止疾病。灭菌处理是必要的，但带香味可能引入有害物质。来源可追溯属于采购要求而非处理要求，价格低廉非处理标准。

【最终答案】：ABC",客观题,ABC
动物实验,"你是一个严格按照要求答题的医学考试考生。请你先展示出完整的思考过程，然后再输出最终答案。每道题目有至少两个选项（A、B）至多五个选项（A、B、C、D、E），题目为不定项选择题，请按照以下格式作答：

【思考过程】：...

【最终答案】：AB / BCE / CD / DE / E / ...（只输出选项的编号，不要写选项内容）

示例：
题目：医疗伦理中四大基本原则是？
A.尊重自主权
B.善意行为
C.无害原则
D.公正原则
E.以上都不是
【思考过程】：本题考查医学伦理的四大基本原则，包括尊重自主权、不伤害原则、行善原则、公正原则。

【最终答案】：ABCD

题目：当实验动物患有传染性疾病时，正确的处理措施是？
A.继续实验并监测其病情发展
B.立即销毁无需隔离
C.视情况予以销毁或隔离治疗
D.转移至普通饲养区观察
E.仅记录不采取任何行动
【思考过程】：",C,Qwen3-235B-A22B,"【思考过程】：实验动物感染传染病时需防止传播并合理处理。A选项继续实验会加剧风险，错误；B选项立即销毁且不隔离不符合规范；C选项根据具体情况选择销毁或隔离治疗符合防控原则；D选项转移至普通区将扩大传染，错误；E选项不采取行动违反管理要求。因此正确答案为C。

【最终答案】：C",客观题,C
动物实验,"你是一个严格按照要求答题的医学考试考生。请你先展示出完整的思考过程，然后再输出最终答案。每道题目有至少两个选项（A、B）至多五个选项（A、B、C、D、E），题目为不定项选择题，请按照以下格式作答：

【思考过程】：...

【最终答案】：AB / BCE / CD / DE / E / ...（只输出选项的编号，不要写选项内容）

示例：
题目：医疗伦理中四大基本原则是？
A.尊重自主权
B.善意行为
C.无害原则
D.公正原则
E.以上都不是
【思考过程】：本题考查医学伦理的四大基本原则，包括尊重自主权、不伤害原则、行善原则、公正原则。

【最终答案】：ABCD

题目：根据我国实验动物使用相关法规，应用不合格实验动物取得的下列哪些结果会被视为无效？
A.需延长观测时间后方可使用的安全评价报告
B.药物毒理检测报告
C.疫苗制品的生产许可批件
D.经伦理委员会重新审核的科研数据
【思考过程】：",BC,Qwen3-235B-A22B,"【思考过程】：根据我国《实验动物质量管理办法》及《实验动物管理条例》，使用不合格实验动物的科研成果、检测报告及生产许可等直接关系公共健康与安全的结论将被视为无效。药物毒理检测报告（B）和疫苗制品的生产许可批件（C）属于直接影响公共安全和产品审批的关键环节，若使用不合格实验动物，其结果必然无效。而选项A中“需延长观测时间后方可使用”表明原结果不可靠，但未直接说明无效，可能需重新实验；选项D涉及伦理委员会审核的科研数据，但伦理审核与动物合格性无直接关联，法规中未明确要求此类数据无效。因此，B、C符合法规明确规定的情形。

【最终答案】：BC",客观题,BC
动物实验,"你是一个严格按照要求答题的医学考试考生。请你先展示出完整的思考过程，然后再输出最终答案。每道题目有至少两个选项（A、B）至多五个选项（A、B、C、D、E），题目为不定项选择题，请按照以下格式作答：

【思考过程】：...

【最终答案】：AB / BCE / CD / DE / E / ...（只输出选项的编号，不要写选项内容）

示例：
题目：医疗伦理中四大基本原则是？
A.尊重自主权
B.善意行为
C.无害原则
D.公正原则
E.以上都不是
【思考过程】：本题考查医学伦理的四大基本原则，包括尊重自主权、不伤害原则、行善原则、公正原则。

【最终答案】：ABCD

题目：以下哪项做法符合实验动物运输的规定？
A.由实验室实习生负责运输并使用普通纸箱装载
B.将同一品种不同品系的小鼠装入同一运输笼
C.安排专职人员运输并检查装运工具安全性
D.不同等级的实验动物分装于独立隔间后同车运输
【思考过程】：",CD,Qwen3-235B-A22B,"【思考过程】：选项C符合运输规范，因为专职人员能确保操作安全且检查工具安全性；选项D中不同等级动物分装于独立隔间后同车运输，若隔间能有效隔离污染则符合规定。选项A由实习生操作且使用普通纸箱不符合安全要求；选项B混装同一品种不同品系动物可能引发交叉影响。

【最终答案】：CD",客观题,CD
动物实验,"你是一个严格按照要求答题的医学考试考生。请你先展示出完整的思考过程，然后再输出最终答案。每道题目有至少两个选项（A、B）至多五个选项（A、B、C、D、E），题目为不定项选择题，请按照以下格式作答：

【思考过程】：...

【最终答案】：AB / BCE / CD / DE / E / ...（只输出选项的编号，不要写选项内容）

示例：
题目：医疗伦理中四大基本原则是？
A.尊重自主权
B.善意行为
C.无害原则
D.公正原则
E.以上都不是
【思考过程】：本题考查医学伦理的四大基本原则，包括尊重自主权、不伤害原则、行善原则、公正原则。

【最终答案】：ABCD

题目：以下哪些措施属于实验动物工作单位对直接接触实验动物的工作人员必须采取的义务？
A.定期组织体格检查
B.入职时进行全面体检
C.每两年进行一次心理健康评估
D.对患有传染性疾病者及时调换岗位
E.强制接种传染病疫苗
【思考过程】：",AD,Qwen3-235B-A22B,"【思考过程】：根据《实验动物管理条例》及职业健康管理要求，实验动物工作单位需保障工作人员健康安全。A（定期体格检查）和B（入职体检）是基础健康保障措施；D（调换传染性疾病患者岗位）符合传染病防控原则；E（强制接种疫苗）是预防疾病传播的必要手段。C（心理健康评估）虽重要，但法规中未明确列为强制义务。

【最终答案】：ABDE",客观题,ABDE
动物实验,"你是一个严格按照要求答题的医学考试考生。请你先展示出完整的思考过程，然后再输出最终答案。每道题目有至少两个选项（A、B）至多五个选项（A、B、C、D、E），题目为不定项选择题，请按照以下格式作答：

【思考过程】：...

【最终答案】：AB / BCE / CD / DE / E / ...（只输出选项的编号，不要写选项内容）

示例：
题目：医疗伦理中四大基本原则是？
A.尊重自主权
B.善意行为
C.无害原则
D.公正原则
E.以上都不是
【思考过程】：本题考查医学伦理的四大基本原则，包括尊重自主权、不伤害原则、行善原则、公正原则。

【最终答案】：ABCD

题目：以下哪些行为违反了实验动物工作伦理规范？
A.实验前对动物进行必要麻醉以减轻其痛苦
B.用食物引诱不配合的实验动物完成日常操作
C.对实验结束的动物及时实施安乐死
D.拍摄实验动物痛苦表情制作娱乐短视频
E.在动物挣扎时用器械强行固定其四肢
【思考过程】：",D,Qwen3-235B-A22B,"【思考过程】：实验动物伦理规范要求减少动物痛苦、禁止虐待及不当利用。A选项麻醉减轻痛苦符合伦理；B选项食物引诱若未导致伤害或饥饿，属于合理训练方法；C选项及时安乐死减少痛苦符合伦理；D选项拍摄动物痛苦表情传播娱乐内容，明显违背伦理；E选项强行固定挣扎动物肢体直接造成伤害，违反伦理。因此，违反规范的行为为D和E。

【最终答案】：DE",客观题,DE
动物实验,"你是一个严格按照要求答题的医学考试考生。请你先展示出完整的思考过程，然后再输出最终答案。每道题目有至少两个选项（A、B）至多五个选项（A、B、C、D、E），题目为不定项选择题，请按照以下格式作答：

【思考过程】：...

【最终答案】：AB / BCE / CD / DE / E / ...（只输出选项的编号，不要写选项内容）

示例：
题目：医疗伦理中四大基本原则是？
A.尊重自主权
B.善意行为
C.无害原则
D.公正原则
E.以上都不是
【思考过程】：本题考查医学伦理的四大基本原则，包括尊重自主权、不伤害原则、行善原则、公正原则。

【最终答案】：ABCD

题目：某实验室计划开展动物实验，根据相关法规，实验动物的生产单位应当具备哪些资质证明？
A.实验动物生产许可证
B.实验动物经营许可证
C.省级科学院认证的研发资质
D.其他合法资质认证
E.动物健康内部质检报告
【思考过程】：",AD,Qwen3-235B-A22B,"【思考过程】：本题考查实验动物生产单位的法定资质要求。根据《实验动物管理条例》及配套法规，实验动物生产单位必须取得实验动物生产许可证（选项A）。选项B“实验动物经营许可证”适用于经营单位而非生产单位，故不选。选项C“省级科学院认证的研发资质”并非法规强制要求。选项D“其他合法资质认证”可能涉及动物防疫、环保等必要条件，属于广义资质范畴。选项E“动物健康内部质检报告”是生产过程的质量管理措施，不属于法定资质证明。因此，正确答案为A和D。

【最终答案】：AD",客观题,AD
动物实验,"你是一个严格按照要求答题的医学考试考生。请你先展示出完整的思考过程，然后再输出最终答案。每道题目有至少两个选项（A、B）至多五个选项（A、B、C、D、E），题目为不定项选择题，请按照以下格式作答：

【思考过程】：...

【最终答案】：AB / BCE / CD / DE / E / ...（只输出选项的编号，不要写选项内容）

示例：
题目：医疗伦理中四大基本原则是？
A.尊重自主权
B.善意行为
C.无害原则
D.公正原则
E.以上都不是
【思考过程】：本题考查医学伦理的四大基本原则，包括尊重自主权、不伤害原则、行善原则、公正原则。

【最终答案】：ABCD

题目：在某机构进行稀有动物实验时，若无法从有生产许可的单位获得实验动物，应如何处理？
A.自行采购后向管理部门备案
B.获取管理单位的批准并落实生物安全措施
C.仅确保实验人员佩戴防护面罩
D.向当地卫生部门申请特批
【思考过程】：",B,Qwen3-235B-A22B,"【思考过程】：本题考查实验动物管理的法规要求。根据《实验动物管理条例》，若无法从有生产许可证的单位获取实验动物，必须获得管理单位（如科技部门或实验动物管理委员会）的批准，并落实生物安全措施（选项B）。选项D提到的向卫生部门申请特批不符合法规规定，因管理权限属于科技部门而非卫生部门。选项A的自行采购后备案和选项C的仅佩戴防护面罩均不符合合规要求。

【最终答案】：B",客观题,B
动物实验,"你是一个严格按照要求答题的医学考试考生。请你先展示出完整的思考过程，然后再输出最终答案。每道题目有至少两个选项（A、B）至多五个选项（A、B、C、D、E），题目为不定项选择题，请按照以下格式作答：

【思考过程】：...

【最终答案】：AB / BCE / CD / DE / E / ...（只输出选项的编号，不要写选项内容）

示例：
题目：医疗伦理中四大基本原则是？
A.尊重自主权
B.善意行为
C.无害原则
D.公正原则
E.以上都不是
【思考过程】：本题考查医学伦理的四大基本原则，包括尊重自主权、不伤害原则、行善原则、公正原则。

【最终答案】：ABCD

题目：以下哪两项是进行动物实验的从业人员必须同时满足的资质要求？
A.持有实验动物从业人员岗位证书
B.完成生物安全培训
C.获得相关专业硕士学位
D.持有医疗机构执业许可证
E.在省级科技部门注册登记
【思考过程】：",AB,Qwen3-235B-A22B,"【思考过程】：根据《实验动物管理条例》及相关规定，从事动物实验的从业人员需持有实验动物从业人员岗位证书（A），且生物安全培训是操作动物实验的前提条件（B）。医疗机构执业许可证（D）为机构资质而非个人要求；硕士学位（C）和省级注册（E）无普遍强制性规定。

【最终答案】：AB",客观题,AB
动物实验,"你是一个严格按照要求答题的医学考试考生。请你先展示出完整的思考过程，然后再输出最终答案。每道题目有至少两个选项（A、B）至多五个选项（A、B、C、D、E），题目为不定项选择题，请按照以下格式作答：

【思考过程】：...

【最终答案】：AB / BCE / CD / DE / E / ...（只输出选项的编号，不要写选项内容）

示例：
题目：医疗伦理中四大基本原则是？
A.尊重自主权
B.善意行为
C.无害原则
D.公正原则
E.以上都不是
【思考过程】：本题考查医学伦理的四大基本原则，包括尊重自主权、不伤害原则、行善原则、公正原则。

【最终答案】：ABCD

题目：进行高等级病原动物实验时，以下哪些措施属于法定义务？
A.仅为实验鼠提供一次性使用的纸箱作为遮蔽物
B.对实验用猕猴的攀爬架每季度清洗一次
C.对犬类实验动物使用的橡胶玩具每月高温灭菌
D.使用布料玩具且未规定消毒周期
【思考过程】：",C,Qwen3-235B-A22B,"【思考过程】：本题考查高等级病原动物实验的法定义务。根据生物安全规范，高等级病原实验需严格控制污染风险。选项C中，橡胶玩具每月高温灭菌符合定期灭菌要求，属于法定义务。选项A的一次性纸箱可能增加污染风险，且难以灭菌，不符合规定。选项B的清洗频率（每季度）过低，无法满足高等级实验的灭菌需求。选项D使用布料玩具且无消毒周期，明显违反规定。因此，仅选项C符合法定义务。

【最终答案】：C",客观题,C
动物实验,"你是一个严格按照要求答题的医学考试考生。请你先展示出完整的思考过程，然后再输出最终答案。每道题目有至少两个选项（A、B）至多五个选项（A、B、C、D、E），题目为不定项选择题，请按照以下格式作答：

【思考过程】：...

【最终答案】：AB / BCE / CD / DE / E / ...（只输出选项的编号，不要写选项内容）

示例：
题目：医疗伦理中四大基本原则是？
A.尊重自主权
B.善意行为
C.无害原则
D.公正原则
E.以上都不是
【思考过程】：本题考查医学伦理的四大基本原则，包括尊重自主权、不伤害原则、行善原则、公正原则。

【最终答案】：ABCD

题目：关于病原感染实验中的动物处理，哪项操作符合伦理规范？
A.注射病原体前使用肌肉松弛剂防止躁动
B.通过物理束缚减少麻醉剂副作用后操作
C.确保动物已被麻醉并无痛觉后开始实验
D.部分麻醉动物后立即进行操作
【思考过程】：",C,Qwen3-235B-A22B,"【思考过程】：本题考查动物实验中的伦理规范。根据国际动物实验伦理原则，必须确保动物在实验过程中尽可能减少痛苦和应激。选项C强调在完全麻醉且无痛觉状态下开始实验，符合伦理要求。选项A使用肌肉松弛剂可能掩盖动物痛苦反应；B的物理束缚会造成应激；D部分麻醉可能导致痛觉残留，均不符合伦理。

【最终答案】：C",客观题,C
动物实验,"你是一个严格按照要求答题的医学考试考生。请你先展示出完整的思考过程，然后再输出最终答案。每道题目有至少两个选项（A、B）至多五个选项（A、B、C、D、E），题目为不定项选择题，请按照以下格式作答：

【思考过程】：...

【最终答案】：AB / BCE / CD / DE / E / ...（只输出选项的编号，不要写选项内容）

示例：
题目：医疗伦理中四大基本原则是？
A.尊重自主权
B.善意行为
C.无害原则
D.公正原则
E.以上都不是
【思考过程】：本题考查医学伦理的四大基本原则，包括尊重自主权、不伤害原则、行善原则、公正原则。

【最终答案】：ABCD

题目：对进行过高致病性病原微生物操作的动物尸体及材料的处理流程中，以下哪一环节是必须的？
A.直接由废物处理单位回收
B.先消毒灭菌再由废物处理单位处理
C.由实验室自行无害化焚烧
D.仅需普通消毒即可丢弃
【思考过程】：",B,Qwen3-235B-A22B,"【思考过程】：处理高致病性病原微生物污染的动物尸体及材料时，必须确保病原体被有效灭活以防止传播。选项B强调先消毒灭菌，这是控制感染的关键步骤，符合生物安全规范；而选项C的自行焚烧虽可无害化，但并非唯一方式，且是否必须需结合实验室条件。选项A和D因存在传播风险而错误。因此，必须的环节是B。

【最终答案】：B",客观题,B
动物实验,"你是一个严格按照要求答题的医学考试考生。请你先展示出完整的思考过程，然后再输出最终答案。每道题目有至少两个选项（A、B）至多五个选项（A、B、C、D、E），题目为不定项选择题，请按照以下格式作答：

【思考过程】：...

【最终答案】：AB / BCE / CD / DE / E / ...（只输出选项的编号，不要写选项内容）

示例：
题目：医疗伦理中四大基本原则是？
A.尊重自主权
B.善意行为
C.无害原则
D.公正原则
E.以上都不是
【思考过程】：本题考查医学伦理的四大基本原则，包括尊重自主权、不伤害原则、行善原则、公正原则。

【最终答案】：ABCD

题目：以下哪种情况属于应制止的实验动物使用行为？
A.重复开展无科学意义的肿瘤药物筛选实验
B.使用虐待式操作测试动物应激反应的娱乐性实验
C.为化妆品安全性检测强制增加非必要动物组别
D.解剖10只小鼠以优化新型外科手术缝合技术
E.采用麻醉措施后收集老年猿猴脑衰老数据
【思考过程】：",ABC,Qwen3-235B-A22B,"【思考过程】：根据实验动物伦理的3R原则（替代、减少、优化）及国际伦理标准：  
A选项涉及无科学意义的重复实验，违反“减少”原则，应制止；  
B选项为无科学目的的虐待性娱乐实验，严重违反伦理，必须禁止；  
C选项因非必要增加动物组别导致资源浪费及过度使用动物，违反“减少”原则；  
D选项为优化外科技术使用动物，符合科学目的及“优化”原则；  
E选项使用麻醉并开展基础衰老研究，符合伦理规范。  

【最终答案】：ABC",客观题,ABC
动物实验,"你是一个严格按照要求答题的医学考试考生。请你先展示出完整的思考过程，然后再输出最终答案。每道题目有至少两个选项（A、B）至多五个选项（A、B、C、D、E），题目为不定项选择题，请按照以下格式作答：

【思考过程】：...

【最终答案】：AB / BCE / CD / DE / E / ...（只输出选项的编号，不要写选项内容）

示例：
题目：医疗伦理中四大基本原则是？
A.尊重自主权
B.善意行为
C.无害原则
D.公正原则
E.以上都不是
【思考过程】：本题考查医学伦理的四大基本原则，包括尊重自主权、不伤害原则、行善原则、公正原则。

【最终答案】：ABCD

题目：动物实验福利、伦理审查的基本原则包括以下哪些内容？
A.优先保障实验动物健康
B.兼顾动物福利与实验人员利益
C.综合评估从业人员生物安全风险
D.强制实施每日实验动物健康监测
E.以科研进展为首要目标
【思考过程】：",BC,Qwen3-235B-A22B,"【思考过程】：本题考查动物实验福利与伦理审查的基本原则。根据医学伦理及实验动物福利相关规范，伦理审查的核心是保障实验动物的健康与福利（选项A正确）。选项B中“兼顾实验人员利益”并非基本原则，伦理审查应以动物福利为优先。选项C提到的生物安全风险评估属于实验安全范畴，虽重要但非伦理审查的基本原则。选项D的强制每日监测过于具体，不属于原则层面。选项E将科研进展作为首要目标违背伦理优先级。因此，基本原则应聚焦动物福利优先。

【最终答案】：A",客观题,A
动物实验,"你是一个严格按照要求答题的医学考试考生。请你先展示出完整的思考过程，然后再输出最终答案。每道题目有至少两个选项（A、B）至多五个选项（A、B、C、D、E），题目为不定项选择题，请按照以下格式作答：

【思考过程】：...

【最终答案】：AB / BCE / CD / DE / E / ...（只输出选项的编号，不要写选项内容）

示例：
题目：医疗伦理中四大基本原则是？
A.尊重自主权
B.善意行为
C.无害原则
D.公正原则
E.以上都不是
【思考过程】：本题考查医学伦理的四大基本原则，包括尊重自主权、不伤害原则、行善原则、公正原则。

【最终答案】：ABCD

题目：以下哪个专业的人员不属于必须参与动物实验风险识别和评估的？
A.病原微生物学
B.实验动物医师学
C.生物信息学
D.临床医学
E.卫生工程学
【思考过程】：",C,Qwen3-235B-A22B,"【思考过程】：本题考查动物实验风险识别和评估中各专业人员的参与必要性。病原微生物学（A）直接涉及病原体风险，必须参与；实验动物医师学（B）负责动物健康与福利，必须参与；卫生工程学（E）涉及实验室安全设施，必须参与。生物信息学（C）主要处理数据，通常不直接参与实验操作；临床医学（D）可能根据实验类型需要，但并非所有动物实验均需临床医学专家参与。因此，C和D属于非必须参与的专业。

【最终答案】：CD",客观题,CD
动物实验,"你是一个严格按照要求答题的医学考试考生。请你先展示出完整的思考过程，然后再输出最终答案。每道题目有至少两个选项（A、B）至多五个选项（A、B、C、D、E），题目为不定项选择题，请按照以下格式作答：

【思考过程】：...

【最终答案】：AB / BCE / CD / DE / E / ...（只输出选项的编号，不要写选项内容）

示例：
题目：医疗伦理中四大基本原则是？
A.尊重自主权
B.善意行为
C.无害原则
D.公正原则
E.以上都不是
【思考过程】：本题考查医学伦理的四大基本原则，包括尊重自主权、不伤害原则、行善原则、公正原则。

【最终答案】：ABCD

题目：动物实验室管理人员应履行哪些职责？
A.制定明确的准入制度
B.定期采购实验动物
C.监督实验人员的操作时长
D.主动告知动物实验人员潜在风险
E.要求实验人员自行查阅风险手册
【思考过程】：",AD,Qwen3-235B-A22B,"【思考过程】：动物实验室管理人员的职责包括制定准入制度以确保安全（A），监督动物采购是否符合伦理和法规要求，但定期采购本身通常由采购部门负责（B不准确）。管理人员需监督操作规范而非具体时长（C错误），必须主动告知实验风险以保障知情权（D正确）。要求实验人员自行查阅手册缺乏主动性，管理人员应组织培训而非仅被动要求（E错误）。因此，正确答案为A和D。

【最终答案】：AD",客观题,AD
动物实验,"你是一个严格按照要求答题的医学考试考生。请你先展示出完整的思考过程，然后再输出最终答案。每道题目有至少两个选项（A、B）至多五个选项（A、B、C、D、E），题目为不定项选择题，请按照以下格式作答：

【思考过程】：...

【最终答案】：AB / BCE / CD / DE / E / ...（只输出选项的编号，不要写选项内容）

示例：
题目：医疗伦理中四大基本原则是？
A.尊重自主权
B.善意行为
C.无害原则
D.公正原则
E.以上都不是
【思考过程】：本题考查医学伦理的四大基本原则，包括尊重自主权、不伤害原则、行善原则、公正原则。

【最终答案】：ABCD

题目：以下关于动物实验负责人职责的表述，哪一项不符合规定？
A.必须制定动物实验方案
B.亲自监督实验形成的全部废物处理
C.由实验人员负责制定安全处置预案
D.对该批实验中30只小鼠尸体的合规处置承担最终责任
【思考过程】：",C,Qwen3-235B-A22B,"【思考过程】：根据《实验动物管理条例》及相关伦理规定，动物实验负责人需制定实验方案（A正确），对实验废物处理负监督责任，但无需亲自处理（B错误）；安全处置预案应由负责人制定而非实验人员（C错误）；负责人需对实验动物尸体处置承担最终责任（D正确）。因此，B和C不符合规定。

【最终答案】：BC",客观题,BC
动物实验,"你是一个严格按照要求答题的医学考试考生。请你先展示出完整的思考过程，然后再输出最终答案。每道题目有至少两个选项（A、B）至多五个选项（A、B、C、D、E），题目为不定项选择题，请按照以下格式作答：

【思考过程】：...

【最终答案】：AB / BCE / CD / DE / E / ...（只输出选项的编号，不要写选项内容）

示例：
题目：医疗伦理中四大基本原则是？
A.尊重自主权
B.善意行为
C.无害原则
D.公正原则
E.以上都不是
【思考过程】：本题考查医学伦理的四大基本原则，包括尊重自主权、不伤害原则、行善原则、公正原则。

【最终答案】：ABCD

题目：以下哪些属于动物实验伦理审查的核心原则？
A.合法性
B.必要性
C.替代性
D.经济性
E.利益平衡
【思考过程】：",ABE,Qwen3-235B-A22B,"【思考过程】：动物实验伦理审查的核心原则通常包括必要性（确保实验无法替代且目标明确）、替代性（优先考虑非动物实验方法）和利益平衡（评估科学利益与动物福利）。合法性虽重要，但属于基础要求而非核心伦理原则；经济性不直接关联伦理审查的核心。

【最终答案】：BCE",客观题,BCE
动物实验,"你是一个严格按照要求答题的医学考试考生。请你先展示出完整的思考过程，然后再输出最终答案。每道题目有至少两个选项（A、B）至多五个选项（A、B、C、D、E），题目为不定项选择题，请按照以下格式作答：

【思考过程】：...

【最终答案】：AB / BCE / CD / DE / E / ...（只输出选项的编号，不要写选项内容）

示例：
题目：医疗伦理中四大基本原则是？
A.尊重自主权
B.善意行为
C.无害原则
D.公正原则
E.以上都不是
【思考过程】：本题考查医学伦理的四大基本原则，包括尊重自主权、不伤害原则、行善原则、公正原则。

【最终答案】：ABCD

题目：动物实验伦理审查应当遵循以下哪些基本原则？
A.合规性原则
B.必要性原则
C.动物福利原则
D.利益平衡原则
E.及时性原则
【思考过程】：",BCD,Qwen3-235B-A22B,"【思考过程】：动物实验伦理审查的基本原则通常包括确保实验的必要性（B）、保障动物福利（C）、权衡实验利益与动物损害（D），并需符合相关法律法规（A）。及时性原则（E）更多涉及审查效率，而非伦理基本原则。

【最终答案】：ABCD",客观题,ABCD
动物实验,"你是一个严格按照要求答题的医学考试考生。请你先展示出完整的思考过程，然后再输出最终答案。每道题目有至少两个选项（A、B）至多五个选项（A、B、C、D、E），题目为不定项选择题，请按照以下格式作答：

【思考过程】：...

【最终答案】：AB / BCE / CD / DE / E / ...（只输出选项的编号，不要写选项内容）

示例：
题目：医疗伦理中四大基本原则是？
A.尊重自主权
B.善意行为
C.无害原则
D.公正原则
E.以上都不是
【思考过程】：本题考查医学伦理的四大基本原则，包括尊重自主权、不伤害原则、行善原则、公正原则。

【最终答案】：ABCD

题目：某实验室的技术人员进行动物实验相关工作时存在以下行为，哪个（些）可能违反了相关法律法规？
A.因工作繁忙未参加今年的健康检查
B.2023年健康检查结果显示存在岗位禁忌症但仍继续参与实验
C.每半年进行一次健康检查但未保存档案
D.将不符合岗位要求的检查结果报告给管理部门后被临时调岗
【思考过程】：",AB,Qwen3-235B-A22B,"【思考过程】：本题考查实验室技术人员在健康管理方面的法律责任。根据《病原微生物实验室生物安全条例》及职业健康监护相关规定：  
1. **选项A**：未参加年度健康检查属于违反定期健康监护要求（《职业健康监护管理办法》第15条）。  
2. **选项B**：存在岗位禁忌症仍继续工作直接违反《职业病分类和目录》中关于禁忌症管理的规定。  
3. **选项C**：未保存健康检查档案不符合《用人单位职业健康监护监督管理办法》第20条关于档案保存的要求。  
4. **选项D**：主动报告检查结果并接受调岗属于合规行为，不构成违法。  

【最终答案】：ABC",客观题,ABC
动物实验,"你是一个严格按照要求答题的医学考试考生。请你先展示出完整的思考过程，然后再输出最终答案。每道题目有至少两个选项（A、B）至多五个选项（A、B、C、D、E），题目为不定项选择题，请按照以下格式作答：

【思考过程】：...

【最终答案】：AB / BCE / CD / DE / E / ...（只输出选项的编号，不要写选项内容）

示例：
题目：医疗伦理中四大基本原则是？
A.尊重自主权
B.善意行为
C.无害原则
D.公正原则
E.以上都不是
【思考过程】：本题考查医学伦理的四大基本原则，包括尊重自主权、不伤害原则、行善原则、公正原则。

【最终答案】：ABCD

题目：根据动物实验伦理要求，实验室应当如何配置仪器设备以保障动物福利？
A.所有实验类型统一配备相同的饲育箱
B.根据创伤性实验需求配备生理指标实时监测系统
C.为所有动物研究配备娱乐性转轮设施
D.依据代谢实验特点配置精准温控及营养补给设备
【思考过程】：",BD,Qwen3-235B-A22B,"【思考过程】：题目考查动物实验伦理中设备配置对动物福利的影响。根据3R原则中的优化原则（Refinement），需减少动物痛苦并改善其生存环境。选项A统一饲育箱无法满足不同实验需求，违背优化原则；B选项实时监测系统可及时干预创伤实验中的动物痛苦，符合伦理；C选项“所有研究”配备娱乐设施过于绝对，部分实验可能因设计限制无法提供；D选项精准温控及营养补给设备既保证实验质量又保障动物生理需求，符合伦理。

【最终答案】：BD",客观题,BD
动物实验,"你是一个严格按照要求答题的医学考试考生。请你先展示出完整的思考过程，然后再输出最终答案。每道题目有至少两个选项（A、B）至多五个选项（A、B、C、D、E），题目为不定项选择题，请按照以下格式作答：

【思考过程】：...

【最终答案】：AB / BCE / CD / DE / E / ...（只输出选项的编号，不要写选项内容）

示例：
题目：医疗伦理中四大基本原则是？
A.尊重自主权
B.善意行为
C.无害原则
D.公正原则
E.以上都不是
【思考过程】：本题考查医学伦理的四大基本原则，包括尊重自主权、不伤害原则、行善原则、公正原则。

【最终答案】：ABCD

题目：以下哪些设备属于动物实验室必须配置的专用设备？
A.动物麻醉设备
B.动物心电监护设备
C.动物称重设备
D.动物血压监护设备
E.动物血液透析仪
【思考过程】：",ABC,Qwen3-235B-A22B,"【思考过程】：动物实验室的必须配置设备通常包括麻醉设备（A）以确保实验动物无痛操作；心电监护设备（B）用于监测心脏活动；称重设备（C）是实验基础需求，用于确定剂量或观察变化；血压监护设备（D）用于维持生命体征监测。而血液透析仪（E）属于特殊实验设备，非普遍必须。因此，A、B、C、D均为必须配置的专用设备。

【最终答案】：ABCD",客观题,ABCD
动物实验,"你是一个严格按照要求答题的医学考试考生。请你先展示出完整的思考过程，然后再输出最终答案。每道题目有至少两个选项（A、B）至多五个选项（A、B、C、D、E），题目为不定项选择题，请按照以下格式作答：

【思考过程】：...

【最终答案】：AB / BCE / CD / DE / E / ...（只输出选项的编号，不要写选项内容）

示例：
题目：医疗伦理中四大基本原则是？
A.尊重自主权
B.善意行为
C.无害原则
D.公正原则
E.以上都不是
【思考过程】：本题考查医学伦理的四大基本原则，包括尊重自主权、不伤害原则、行善原则、公正原则。

【最终答案】：ABCD

题目：下列哪些做法符合动物实验中保定装置的使用规范？
A.无需适应性训练直接使用保定装置
B.选用与实验犬体型完全匹配的保定设备
C.允许动物在保定过程中有不受限制的活动空间以避免应激
D.在实验开始前5分钟首次将动物放入保定装置
E.对实验用兔进行为期3天的保定装置适应性训练
【思考过程】：",BE,Qwen3-235B-A22B,"【思考过程】：动物实验中保定装置的使用需遵循减少应激、确保安全的原则。A选项错误，因需适应性训练；B选项正确，设备应匹配体型；C错误，保定需适当限制活动；D错误，5分钟适应时间不足；E正确，3天适应性训练符合规范。

【最终答案】：BE",客观题,BE
动物实验,"你是一个严格按照要求答题的医学考试考生。请你先展示出完整的思考过程，然后再输出最终答案。每道题目有至少两个选项（A、B）至多五个选项（A、B、C、D、E），题目为不定项选择题，请按照以下格式作答：

【思考过程】：...

【最终答案】：AB / BCE / CD / DE / E / ...（只输出选项的编号，不要写选项内容）

示例：
题目：医疗伦理中四大基本原则是？
A.尊重自主权
B.善意行为
C.无害原则
D.公正原则
E.以上都不是
【思考过程】：本题考查医学伦理的四大基本原则，包括尊重自主权、不伤害原则、行善原则、公正原则。

【最终答案】：ABCD

题目：当动物在保定期间出现异常情况时，实验人员应采取什么措施？
A.立即联系兽医后再决定是否释放
B.完成当前实验步骤后释放
C.给予短效镇静剂继续实验
D.尽快从保定装置上释放
E.观察20分钟后再评估是否释放
【思考过程】：",D,Qwen3-235B-A22B,"【思考过程】：当动物在保定期间出现异常时，首要考虑动物福利和减轻其痛苦。选项D（尽快从保定装置上释放）直接针对异常情况，优先停止可能造成进一步伤害的操作。选项E（观察20分钟后再评估）若异常轻微可能适用，但题目未明确情况紧急程度，通常应优先释放。选项A（联系兽医再释放）可能延误处理，B（继续实验）和C（继续用药）均可能加剧问题。因此，最合理的措施是立即释放。

【最终答案】：D",客观题,D
动物实验,"你是一个严格按照要求答题的医学考试考生。请你先展示出完整的思考过程，然后再输出最终答案。每道题目有至少两个选项（A、B）至多五个选项（A、B、C、D、E），题目为不定项选择题，请按照以下格式作答：

【思考过程】：...

【最终答案】：AB / BCE / CD / DE / E / ...（只输出选项的编号，不要写选项内容）

示例：
题目：医疗伦理中四大基本原则是？
A.尊重自主权
B.善意行为
C.无害原则
D.公正原则
E.以上都不是
【思考过程】：本题考查医学伦理的四大基本原则，包括尊重自主权、不伤害原则、行善原则、公正原则。

【最终答案】：ABCD

题目：制定动物实验安死术实施标准时必须考虑以下哪些因素？
A.动物品种
B.实验持续时间
C.动物年龄
D.研究目的
E.动物性别
【思考过程】：",ACD,Qwen3-235B-A22B,"【思考过程】：制定动物实验安死术标准需考虑动物品种（A），因不同物种对方法的适应性不同；动物年龄（C）影响药物代谢和耐受性；研究目的（D）可能要求特定方法以避免干扰实验结果；动物性别（E）在某些情况下可能因生理差异需调整方法。实验持续时间（B）通常不直接影响安死术选择，除非实验设计本身对动物状态有特殊要求，但并非核心因素。

【最终答案】：ACDE",客观题,ACDE
动物实验,"你是一个严格按照要求答题的医学考试考生。请你先展示出完整的思考过程，然后再输出最终答案。每道题目有至少两个选项（A、B）至多五个选项（A、B、C、D、E），题目为不定项选择题，请按照以下格式作答：

【思考过程】：...

【最终答案】：AB / BCE / CD / DE / E / ...（只输出选项的编号，不要写选项内容）

示例：
题目：医疗伦理中四大基本原则是？
A.尊重自主权
B.善意行为
C.无害原则
D.公正原则
E.以上都不是
【思考过程】：本题考查医学伦理的四大基本原则，包括尊重自主权、不伤害原则、行善原则、公正原则。

【最终答案】：ABCD

题目：动物实验中实施安死术的人员需要符合下列哪项要求？
A.具备生物学专业学历即可实施
B.未受过培训的研究人员在指导记录备案后实施
C.通过专门的安死术培训考核
D.持有普通动物护理资格证书的人员也可实施
【思考过程】：",C,Qwen3-235B-A22B,"【思考过程】：动物实验中实施安死术的人员需具备专业资质。根据相关法规，必须通过专门的安死术培训考核（选项C），而不仅仅是生物学学历（A错误）、普通护理证书（D错误）或未受训人员备案后操作（B错误）。

【最终答案】：C",客观题,C
动物实验,"你是一个严格按照要求答题的医学考试考生。请你先展示出完整的思考过程，然后再输出最终答案。每道题目有至少两个选项（A、B）至多五个选项（A、B、C、D、E），题目为不定项选择题，请按照以下格式作答：

【思考过程】：...

【最终答案】：AB / BCE / CD / DE / E / ...（只输出选项的编号，不要写选项内容）

示例：
题目：医疗伦理中四大基本原则是？
A.尊重自主权
B.善意行为
C.无害原则
D.公正原则
E.以上都不是
【思考过程】：本题考查医学伦理的四大基本原则，包括尊重自主权、不伤害原则、行善原则、公正原则。

【最终答案】：ABCD

题目：以下哪些是实施动物安死术的正确做法？
A.操作前随机确认部分动物信息
B.安死术实施时操作区域有其他动物在场
C.确定死亡后对动物进行无害化处理
D.操作前必须确认每只动物信息
E.操作区域没有其他动物在场
【思考过程】：",CDE,Qwen3-235B-A22B,"【思考过程】：实施动物安死术时，必须确保操作的准确性和动物福利。A选项提到“随机确认部分动物信息”存在操作风险，正确的做法是逐一确认每只动物信息（D正确）。B选项描述操作区域有其他动物在场不符合动物福利要求，应排除其他动物（E正确）。安死术完成后，必须确认死亡并进行无害化处理（C正确）。因此，正确做法为C、D、E。

【最终答案】：CDE",客观题,CDE
动物实验,"你是一个严格按照要求答题的医学考试考生。请你先展示出完整的思考过程，然后再输出最终答案。每道题目有至少两个选项（A、B）至多五个选项（A、B、C、D、E），题目为不定项选择题，请按照以下格式作答：

【思考过程】：...

【最终答案】：AB / BCE / CD / DE / E / ...（只输出选项的编号，不要写选项内容）

示例：
题目：医疗伦理中四大基本原则是？
A.尊重自主权
B.善意行为
C.无害原则
D.公正原则
E.以上都不是
【思考过程】：本题考查医学伦理的四大基本原则，包括尊重自主权、不伤害原则、行善原则、公正原则。

【最终答案】：ABCD

题目：以下哪种情况可被视为非人灵长类动物实验中的合理处死事由？
A.在实验结束时处死健康的恒河猴
B.因实验需求重复处死同一组狨猴
C.处死患有人兽共患病的猕猴
D.在野外观察冲突中处死长臂猿
【思考过程】：",C,Qwen3-235B-A22B,"【思考过程】：非人灵长类动物实验中的合理处死事由需符合伦理规范及科学必要性。选项C中，人兽共患病可能对公共健康构成威胁，处死患病动物可防止疾病传播，符合伦理要求。选项D涉及野外观察中的冲突，若长臂猿对人类安全构成直接威胁且无法通过其他手段控制，处死可能为最后手段，但题目未明确具体情境，需谨慎判断。选项A处死健康动物缺乏必要性，选项B重复处死违反“减少动物使用”原则。综合分析，C为明确合理事由，D可能存在争议但未充分说明必要性，故优先选择C。

【最终答案】：C",客观题,C
动物实验,"你是一个严格按照要求答题的医学考试考生。请你先展示出完整的思考过程，然后再输出最终答案。每道题目有至少两个选项（A、B）至多五个选项（A、B、C、D、E），题目为不定项选择题，请按照以下格式作答：

【思考过程】：...

【最终答案】：AB / BCE / CD / DE / E / ...（只输出选项的编号，不要写选项内容）

示例：
题目：医疗伦理中四大基本原则是？
A.尊重自主权
B.善意行为
C.无害原则
D.公正原则
E.以上都不是
【思考过程】：本题考查医学伦理的四大基本原则，包括尊重自主权、不伤害原则、行善原则、公正原则。

【最终答案】：ABCD

题目：人道终点确定中的“权衡性原则”主要强调以下哪一要点？
A.最大化实验的潜在经济利益
B.平衡科学价值与动物所受伤害
C.优先保障实验效率以缩短周期
D.不论条件均以人道主义为最高原则
【思考过程】：",B,Qwen3-235B-A22B,"【思考过程】：本题考查人道终点确定中“权衡性原则”的核心要点。人道终点要求在动物实验中平衡科学目标与动物福利。权衡性原则的关键在于评估科学价值与动物承受伤害之间的合理性，而非单纯追求经济利益、实验效率或绝对化人道主义。选项B强调两者的平衡，符合该原则；选项D的“不论条件”过于绝对，不符合实际伦理决策的灵活性。

【最终答案】：B",客观题,B
动物实验,"你是一个严格按照要求答题的医学考试考生。请你先展示出完整的思考过程，然后再输出最终答案。每道题目有至少两个选项（A、B）至多五个选项（A、B、C、D、E），题目为不定项选择题，请按照以下格式作答：

【思考过程】：...

【最终答案】：AB / BCE / CD / DE / E / ...（只输出选项的编号，不要写选项内容）

示例：
题目：医疗伦理中四大基本原则是？
A.尊重自主权
B.善意行为
C.无害原则
D.公正原则
E.以上都不是
【思考过程】：本题考查医学伦理的四大基本原则，包括尊重自主权、不伤害原则、行善原则、公正原则。

【最终答案】：ABCD

题目：根据人道终点确定原则，以下哪些做法符合伤窖最小化原则？
A.实验前预先评估动物可能经历的疼痛强度
B.在实验达到科学目标后延长动物观察时间
C.将动物濒死状态作为核心实验数据来源
D.优先选择疼痛等级较低的实验方法
E.允许实验动物自然死亡以收集终末指标
【思考过程】：",AD,Qwen3-235B-A22B,"【思考过程】：伤窖最小化原则要求在实验中尽可能减少动物的疼痛和痛苦。A选项通过预先评估疼痛强度有助于提前采取措施减轻痛苦；D选项优先选择疼痛等级较低的方法直接减少动物痛苦。B选项延长观察时间可能导致不必要的痛苦；C选项以濒死状态为数据来源会加剧痛苦；E选项允许自然死亡可能延长痛苦过程。因此符合原则的为A和D。

【最终答案】：AD",客观题,AD
动物实验,"你是一个严格按照要求答题的医学考试考生。请你先展示出完整的思考过程，然后再输出最终答案。每道题目有至少两个选项（A、B）至多五个选项（A、B、C、D、E），题目为不定项选择题，请按照以下格式作答：

【思考过程】：...

【最终答案】：AB / BCE / CD / DE / E / ...（只输出选项的编号，不要写选项内容）

示例：
题目：医疗伦理中四大基本原则是？
A.尊重自主权
B.善意行为
C.无害原则
D.公正原则
E.以上都不是
【思考过程】：本题考查医学伦理的四大基本原则，包括尊重自主权、不伤害原则、行善原则、公正原则。

【最终答案】：ABCD

题目：以下哪项符合人道终点确定原则中的“持续优化原则”要求？
A.实验初期确定人道终点后不再变更
B.仅在遇到伦理审查压力时调整实验终点
C.在确保科学目标的情况下定期评估和减少动物痛苦
D.以实验操作便利性为首要优化方向
【思考过程】：",C,Qwen3-235B-A22B,"【思考过程】：本题考查人道终点确定原则中的“持续优化原则”。持续优化原则要求在实验过程中定期评估动物状况，及时调整实验方案以减少动物痛苦，同时确保科学目标的实现。A选项“不再变更”违背动态调整原则；B选项为被动调整，不符合主动优化要求；C选项明确提及“定期评估”和“减少动物痛苦”，符合持续优化核心要求；D选项以操作便利性为优先，与动物福利优先的优化方向相悖。

【最终答案】：C",客观题,C
动物实验,"你是一个严格按照要求答题的医学考试考生。请你先展示出完整的思考过程，然后再输出最终答案。每道题目有至少两个选项（A、B）至多五个选项（A、B、C、D、E），题目为不定项选择题，请按照以下格式作答：

【思考过程】：...

【最终答案】：AB / BCE / CD / DE / E / ...（只输出选项的编号，不要写选项内容）

示例：
题目：医疗伦理中四大基本原则是？
A.尊重自主权
B.善意行为
C.无害原则
D.公正原则
E.以上都不是
【思考过程】：本题考查医学伦理的四大基本原则，包括尊重自主权、不伤害原则、行善原则、公正原则。

【最终答案】：ABCD

题目：确定人道终点时，以下哪个因素不属于必须关注的范畴？
A.动物可能出现的结果和副作用
B.副作用的持续时间
C.副作用发生的时序过程
D.研究经费来源
E.副作用的早期预测指标
【思考过程】：",BD,Qwen3-235B-A22B,"【思考过程】：确定人道终点时，需关注动物的福利和实验伦理。A、B、C、E均与动物反应及副作用的评估直接相关，而D（研究经费来源）属于经济因素，与人道终点的科学或伦理判断无关。因此，D不属于必须关注的范畴。

【最终答案】：D",客观题,D
动物实验,"你是一个严格按照要求答题的医学考试考生。请你先展示出完整的思考过程，然后再输出最终答案。每道题目有至少两个选项（A、B）至多五个选项（A、B、C、D、E），题目为不定项选择题，请按照以下格式作答：

【思考过程】：...

【最终答案】：AB / BCE / CD / DE / E / ...（只输出选项的编号，不要写选项内容）

示例：
题目：医疗伦理中四大基本原则是？
A.尊重自主权
B.善意行为
C.无害原则
D.公正原则
E.以上都不是
【思考过程】：本题考查医学伦理的四大基本原则，包括尊重自主权、不伤害原则、行善原则、公正原则。

【最终答案】：ABCD

题目：关于动物实验的人道终点原则，以下哪项做法符合伦理规范？
A.终止实验必须经过伦理委员会特别许可
B.在实验目标达成后立即提前终止实验
C.允许实验动物在完成全部数据收集后自然死亡
D.实验全程强制使用镇痛药物后再实施安乐死
【思考过程】：",B,Qwen3-235B-A22B,"【思考过程】：人道终点原则强调在实验目标达成或动物出现严重痛苦时立即终止实验并实施安乐死以减少痛苦。选项B符合该原则，因目标达成后无需继续实验。选项A要求伦理委员会许可可能延误终止，不符合及时减痛的要求。选项C允许自然死亡可能增加动物痛苦，不符合伦理。选项D强制使用镇痛药可能不必要，且安乐死本身即可直接实施。因此，只有选项B正确。

【最终答案】：B",客观题,B
动物实验,"你是一个严格按照要求答题的医学考试考生。请你先展示出完整的思考过程，然后再输出最终答案。每道题目有至少两个选项（A、B）至多五个选项（A、B、C、D、E），题目为不定项选择题，请按照以下格式作答：

【思考过程】：...

【最终答案】：AB / BCE / CD / DE / E / ...（只输出选项的编号，不要写选项内容）

示例：
题目：医疗伦理中四大基本原则是？
A.尊重自主权
B.善意行为
C.无害原则
D.公正原则
E.以上都不是
【思考过程】：本题考查医学伦理的四大基本原则，包括尊重自主权、不伤害原则、行善原则、公正原则。

【最终答案】：ABCD

题目：在人道终点计划中,必须合理解释以下哪些内容？
A.使用濒死/死亡的替代方法; B.允许濒死动物的最低数量依据; C.濒死动物是否采取止痛措施; D.未实施安乐死的濒死期数据采集说明
【思考过程】：",BD,Qwen3-235B-A22B,"【思考过程】：人道终点计划需遵循动物福利原则，合理解释替代濒死/死亡的方法（A），确保使用动物数量最低的科学依据（B）。对于濒死动物必须说明是否采取止痛措施（C），若未实施安乐死需提供濒死期数据采集的合理性说明（D）。以上四点均为核心要求。

【最终答案】：ABCD",客观题,ABCD
动物实验,"你是一个严格按照要求答题的医学考试考生。请你先展示出完整的思考过程，然后再输出最终答案。每道题目有至少两个选项（A、B）至多五个选项（A、B、C、D、E），题目为不定项选择题，请按照以下格式作答：

【思考过程】：...

【最终答案】：AB / BCE / CD / DE / E / ...（只输出选项的编号，不要写选项内容）

示例：
题目：医疗伦理中四大基本原则是？
A.尊重自主权
B.善意行为
C.无害原则
D.公正原则
E.以上都不是
【思考过程】：本题考查医学伦理的四大基本原则，包括尊重自主权、不伤害原则、行善原则、公正原则。

【最终答案】：ABCD

题目：以下哪项做法违反了动物实验中人道终点选择的相关法规要求？
A.在实验中对动物的疼痛、焦虑进行全面评估并于濒死前终止实验
B.仅监测动物的疼痛和痛苦，未关注其抑郁状态但仍在死亡前结束实验
C.在充分满足科研目标的前提下提前终止已出现严重发病症状的动物实验
D.为确保数据完整性，在动物死亡后记录全部病理反应再结束实验
【思考过程】：",BD,Qwen3-235B-A22B,"【思考过程】：本题考查动物实验中人道终点选择的法规要求。人道终点要求在动物遭受不可逆痛苦前主动终止实验，而非死亡后。选项D强调在动物死亡后才结束实验并记录数据，这直接违背了“濒死前终止”的核心原则。选项B虽未全面评估抑郁状态，但若在死亡前终止，可能不构成违规；而选项D明确以死亡为终点，违反法规。选项A和C均符合人道终点要求。

【最终答案】：D",客观题,D
动物实验,"你是一个严格按照要求答题的医学考试考生。请你先展示出完整的思考过程，然后再输出最终答案。每道题目有至少两个选项（A、B）至多五个选项（A、B、C、D、E），题目为不定项选择题，请按照以下格式作答：

【思考过程】：...

【最终答案】：AB / BCE / CD / DE / E / ...（只输出选项的编号，不要写选项内容）

示例：
题目：医疗伦理中四大基本原则是？
A.尊重自主权
B.善意行为
C.无害原则
D.公正原则
E.以上都不是
【思考过程】：本题考查医学伦理的四大基本原则，包括尊重自主权、不伤害原则、行善原则、公正原则。

【最终答案】：ABCD

题目：关于动物实验计划的制定形式，下列描述正确的是？
A.必须独立成文且与实验方案完全分离
B.无需专门制定计划但需口头说明
C.可作为实验方案中的一部分
D.需要定期重新制定但无需原有计划存档
【思考过程】：",C,Qwen3-235B-A22B,"【思考过程】：题目要求判断动物实验计划的制定形式。选项A要求完全分离，但实际中通常作为整体方案的一部分；选项B缺少书面记录不符合规范；选项C符合常规做法，即作为实验方案的一部分；选项D中“无需存档”错误，因存档是必要的。因此正确答案为C。

【最终答案】：C",客观题,C
动物实验,"你是一个严格按照要求答题的医学考试考生。请你先展示出完整的思考过程，然后再输出最终答案。每道题目有至少两个选项（A、B）至多五个选项（A、B、C、D、E），题目为不定项选择题，请按照以下格式作答：

【思考过程】：...

【最终答案】：AB / BCE / CD / DE / E / ...（只输出选项的编号，不要写选项内容）

示例：
题目：医疗伦理中四大基本原则是？
A.尊重自主权
B.善意行为
C.无害原则
D.公正原则
E.以上都不是
【思考过程】：本题考查医学伦理的四大基本原则，包括尊重自主权、不伤害原则、行善原则、公正原则。

【最终答案】：ABCD

题目：在制定动物实验计划时，哪些内容必须明确列出？
A.实验的科学目的
B.试验参与人员的资质证明
C.主要评价指标的时间进程
D.终止动物实验的判定时机
E.超重度疼痛标准的人道终点科学依据
【思考过程】：",ACDE,Qwen3-235B-A22B,"【思考过程】：制定动物实验计划时，需确保科学性与伦理合规。A项“实验的科学目的”是基础，必须明确；C项“主要评价指标的时间进程”是实验设计的核心，直接影响结果评估；D项“终止动物实验的判定时机”涉及动物福利，需提前设定；E项“超重度疼痛标准的人道终点科学依据”是伦理审查的关键依据，需有科学支撑。B项“试验参与人员的资质证明”虽重要，但通常属于机构管理范畴，非实验计划必须列出内容。

【最终答案】：ACDE",客观题,ACDE
动物实验,"你是一个严格按照要求答题的医学考试考生。请你先展示出完整的思考过程，然后再输出最终答案。每道题目有至少两个选项（A、B）至多五个选项（A、B、C、D、E），题目为不定项选择题，请按照以下格式作答：

【思考过程】：...

【最终答案】：AB / BCE / CD / DE / E / ...（只输出选项的编号，不要写选项内容）

示例：
题目：医疗伦理中四大基本原则是？
A.尊重自主权
B.善意行为
C.无害原则
D.公正原则
E.以上都不是
【思考过程】：本题考查医学伦理的四大基本原则，包括尊重自主权、不伤害原则、行善原则、公正原则。

【最终答案】：ABCD

题目：根据相关法规，制定实验动物观察计划时必须考量以下哪项因素？
A.实验所需资金预算
B.实验的具体类型
C.动物的品种及体重
D.实验研究内容的核心步骤
E.动物预期要承受的疼痛影响程度
【思考过程】：",BDE,Qwen3-235B-A22B,"【思考过程】：制定实验动物观察计划时，必须根据实验类型（B）确定观察方法，考虑动物品种及体重（C）的差异性，结合实验核心步骤（D）设计观察节点，并评估动物可能承受的疼痛程度（E）以符合伦理要求。资金预算（A）虽影响实验实施，但非法规强制要求的观察计划制定因素。

【最终答案】：BCDE",客观题,BCDE
动物实验,"你是一个严格按照要求答题的医学考试考生。请你先展示出完整的思考过程，然后再输出最终答案。每道题目有至少两个选项（A、B）至多五个选项（A、B、C、D、E），题目为不定项选择题，请按照以下格式作答：

【思考过程】：...

【最终答案】：AB / BCE / CD / DE / E / ...（只输出选项的编号，不要写选项内容）

示例：
题目：医疗伦理中四大基本原则是？
A.尊重自主权
B.善意行为
C.无害原则
D.公正原则
E.以上都不是
【思考过程】：本题考查医学伦理的四大基本原则，包括尊重自主权、不伤害原则、行善原则、公正原则。

【最终答案】：ABCD

题目：当实验动物达到人道终点时，以下哪种情况必须规定安乐死的时机和方式？
A.动物表现出疼痛但能通过药物有效控制
B.能够通过手术完全解除动物的痛苦
C.无法以任何方式解除动物的疼痛或痛苦
D.实验尚未结束但动物处于轻度不适中
【思考过程】：",C,Qwen3-235B-A22B,"【思考过程】：本题考查实验动物人道终点的判断标准。根据伦理准则，当动物遭受无法缓解的疼痛或痛苦时，必须执行安乐死。选项C描述的是无法通过任何手段解除痛苦的情况，符合必须规定安乐死的条件；而A（可用药控制）、B（可通过手术解决）、D（轻度不适）均不符合必须安乐死的条件。

【最终答案】：C",客观题,C
动物实验,"你是一个严格按照要求答题的医学考试考生。请你先展示出完整的思考过程，然后再输出最终答案。每道题目有至少两个选项（A、B）至多五个选项（A、B、C、D、E），题目为不定项选择题，请按照以下格式作答：

【思考过程】：...

【最终答案】：AB / BCE / CD / DE / E / ...（只输出选项的编号，不要写选项内容）

示例：
题目：医疗伦理中四大基本原则是？
A.尊重自主权
B.善意行为
C.无害原则
D.公正原则
E.以上都不是
【思考过程】：本题考查医学伦理的四大基本原则，包括尊重自主权、不伤害原则、行善原则、公正原则。

【最终答案】：ABCD

题目：以下哪项是IACUC在审批人道终点时需要审核的信息？
A.参与人员的年龄分布
B.制定动物奖励机制
C.观察频率的设定
D.人员分工的安排
E.提供动物娱乐设施
【思考过程】：",CD,Qwen3-235B-A22B,"【思考过程】：IACUC（机构动物照护与使用委员会）在审批人道终点时，需重点审核与动物痛苦监测及干预直接相关的内容。人道终点的核心是及时识别和缓解动物的严重痛苦，因此观察频率（C）是关键，需确保研究人员能及时发现动物的异常状态并采取措施。其他选项如年龄分布（A）、奖励机制（B）、人员分工（D）、娱乐设施（E）与日常管理或福利措施相关，但与“人道终点”审批的直接关联性较弱。

【最终答案】：C",客观题,C
动物实验,"你是一个严格按照要求答题的医学考试考生。请你先展示出完整的思考过程，然后再输出最终答案。每道题目有至少两个选项（A、B）至多五个选项（A、B、C、D、E），题目为不定项选择题，请按照以下格式作答：

【思考过程】：...

【最终答案】：AB / BCE / CD / DE / E / ...（只输出选项的编号，不要写选项内容）

示例：
题目：医疗伦理中四大基本原则是？
A.尊重自主权
B.善意行为
C.无害原则
D.公正原则
E.以上都不是
【思考过程】：本题考查医学伦理的四大基本原则，包括尊重自主权、不伤害原则、行善原则、公正原则。

【最终答案】：ABCD

题目：以下哪项信息是人道终点审批时IACUC必须获取的内容？
A.是否使用镇痛药物的详细记录
B.研究开始前明确的人员分工情况
C.动物遭受痛苦最严重的时间点判断依据
D.动物饲养环境的温湿度标准
E.观察频次在研究周期和痛苦期的具体规定
【思考过程】：",BCE,Qwen3-235B-A22B,"【思考过程】：本题考查IACUC审批人道终点时必须获取的信息。人道终点的核心是避免动物承受不可逆痛苦，需关注与痛苦程度、监测措施直接相关的内容。A选项涉及镇痛药物的使用直接影响痛苦缓解，是必须评估的内容；C选项明确痛苦最严重时间点的判断依据，是设定终点的科学基础；E选项的观察频次决定了能否及时发现动物状态并执行终点，属于必要条件。B选项的人员分工与实验管理相关，但不直接影响终点判断；D选项的环境温湿度属于基础饲养标准，非终点审批的针对性内容。

【最终答案】：ACE",客观题,ACE
动物实验,"你是一个严格按照要求答题的医学考试考生。请你先展示出完整的思考过程，然后再输出最终答案。每道题目有至少两个选项（A、B）至多五个选项（A、B、C、D、E），题目为不定项选择题，请按照以下格式作答：

【思考过程】：...

【最终答案】：AB / BCE / CD / DE / E / ...（只输出选项的编号，不要写选项内容）

示例：
题目：医疗伦理中四大基本原则是？
A.尊重自主权
B.善意行为
C.无害原则
D.公正原则
E.以上都不是
【思考过程】：本题考查医学伦理的四大基本原则，包括尊重自主权、不伤害原则、行善原则、公正原则。

【最终答案】：ABCD

题目：以下哪些属于IACUC审批人道终点时必须获得的信息？
A.研究团队的样本数量统计表
B.观察频率（包括重点时期）
C.饲养环境的温度范围
D.明确的处笠流程预案
E.研究人员的事先分工安排
【思考过程】：",BDE,Qwen3-235B-A22B,"【思考过程】：IACUC审批人道终点时需重点评估动物痛苦程度及终止措施。B选项（观察频率）直接关系到能否及时识别动物痛苦，是必要信息。D选项（明确的处死流程预案）涉及人道终点的具体执行，必须明确。其他选项如样本数量（A）、温度（C）、分工（E）与动物痛苦评估和及时干预无直接关联，因此不属于必须信息。

【最终答案】：BD",客观题,BD
动物实验,"你是一个严格按照要求答题的医学考试考生。请你先展示出完整的思考过程，然后再输出最终答案。每道题目有至少两个选项（A、B）至多五个选项（A、B、C、D、E），题目为不定项选择题，请按照以下格式作答：

【思考过程】：...

【最终答案】：AB / BCE / CD / DE / E / ...（只输出选项的编号，不要写选项内容）

示例：
题目：医疗伦理中四大基本原则是？
A.尊重自主权
B.善意行为
C.无害原则
D.公正原则
E.以上都不是
【思考过程】：本题考查医学伦理的四大基本原则，包括尊重自主权、不伤害原则、行善原则、公正原则。

【最终答案】：ABCD

题目：以下哪些信息属于IACUC审批人道终点时必须获取的科学依据？
A.动物遭受意料之外的痛苦时的血液检测报告
B.预计动物从出现疼痛到死亡的时间
C.观察设备校准记录
D.研究人员分工的书面文件
E.指标列表
【思考过程】：",BDE,Qwen3-235B-A22B,"【思考过程】：IACUC审批人道终点时需关注动物痛苦的科学评估依据。B选项（预计动物从疼痛到死亡的时间）直接影响干预时机，是关键依据。E选项（指标列表）提供判断痛苦的具体标准（如行为、生理指标），也是必须的。A选项（血液检测报告）可能反映动物状态，但属于实验中监测数据，并非审批时必须获取的科学依据。C（设备校准）和D（分工文件）与人道终点无直接关联。

【最终答案】：BE",客观题,BE
动物实验,"你是一个严格按照要求答题的医学考试考生。请你先展示出完整的思考过程，然后再输出最终答案。每道题目有至少两个选项（A、B）至多五个选项（A、B、C、D、E），题目为不定项选择题，请按照以下格式作答：

【思考过程】：...

【最终答案】：AB / BCE / CD / DE / E / ...（只输出选项的编号，不要写选项内容）

示例：
题目：医疗伦理中四大基本原则是？
A.尊重自主权
B.善意行为
C.无害原则
D.公正原则
E.以上都不是
【思考过程】：本题考查医学伦理的四大基本原则，包括尊重自主权、不伤害原则、行善原则、公正原则。

【最终答案】：ABCD

题目：作为人道终点审批的科学依据，IACUC应获取以下哪些信息？
A.研究开展后动物活动区域的环境监测数据
B.动物从出现疼痛或应激到死亡的预计时间
C.动物是否达到每日饮食摄入标准
D.痛苦最严重时间点的预测依据
E.观察结果报告制度的建立情况
【思考过程】：",BDE,Qwen3-235B-A22B,"【思考过程】：人道终点的审批需基于科学依据评估动物疼痛或应激的严重程度及时间节点。选项B（预计疼痛到死亡的时间）和D（痛苦最严重时间点的预测）直接涉及对动物痛苦程度的科学量化评估，是确定合理终点的核心依据。选项A（环境监测数据）和C（饮食摄入标准）更多反映日常饲养管理，与人道终点的直接判断关联较弱。选项E（观察报告制度）属于操作流程，非科学依据本身。因此，正确答案应为B和D。

【最终答案】：BD",客观题,BD
动物实验,"你是一个严格按照要求答题的医学考试考生。请你先展示出完整的思考过程，然后再输出最终答案。每道题目有至少两个选项（A、B）至多五个选项（A、B、C、D、E），题目为不定项选择题，请按照以下格式作答：

【思考过程】：...

【最终答案】：AB / BCE / CD / DE / E / ...（只输出选项的编号，不要写选项内容）

示例：
题目：医疗伦理中四大基本原则是？
A.尊重自主权
B.善意行为
C.无害原则
D.公正原则
E.以上都不是
【思考过程】：本题考查医学伦理的四大基本原则，包括尊重自主权、不伤害原则、行善原则、公正原则。

【最终答案】：ABCD

题目：以下哪项不属于IACUC作为人道终点审批需要获得的科学依据？
A.人道终点的科学合理性
B.动物出现疼痛或应激到死亡的时间预测
C.明确的人员分工
D.确定动物的疼痛阈值
E.观察和记录人员名单
【思考过程】：",D,Qwen3-235B-A22B,"【思考过程】：本题考查IACUC审批人道终点时所需的科学依据。科学依据应围绕实验设计、疼痛评估及伦理判断，而非管理或行政安排。选项C（明确的人员分工）和E（观察和记录人员名单）属于实验执行层面的管理要求，而非科学依据。其他选项（A、B、D）均涉及科学合理性、疼痛预测和疼痛阈值等核心科学评估内容。

【最终答案】：CE",客观题,CE
动物实验,"你是一个严格按照要求答题的医学考试考生。请你先展示出完整的思考过程，然后再输出最终答案。每道题目有至少两个选项（A、B）至多五个选项（A、B、C、D、E），题目为不定项选择题，请按照以下格式作答：

【思考过程】：...

【最终答案】：AB / BCE / CD / DE / E / ...（只输出选项的编号，不要写选项内容）

示例：
题目：医疗伦理中四大基本原则是？
A.尊重自主权
B.善意行为
C.无害原则
D.公正原则
E.以上都不是
【思考过程】：本题考查医学伦理的四大基本原则，包括尊重自主权、不伤害原则、行善原则、公正原则。

【最终答案】：ABCD

题目：下列哪一项不属于IACUC要求人道终点审批时必须评估的内容？
A.人道终点的科学合理性
B.观察和记录人员名单
C.动物遭受意料之外的痛苦时的处理流程
D.研究人员是否具备动物观察能力
E.项目成本效益分析
【思考过程】：",E,Qwen3-235B-A22B,"【思考过程】：本题考查IACUC在人道终点审批中必须评估的内容。IACUC的核心职责是确保动物实验的伦理性和动物福利，包括人道终点的科学合理性（A）、观察人员资质及记录流程（B）、意外痛苦的应对措施（C）、研究人员的观察能力（D）。项目成本效益分析（E）属于科研管理或资金审批范畴，不在IACUC的审查范围内。

【最终答案】：E",客观题,E
动物实验,"你是一个严格按照要求答题的医学考试考生。请你先展示出完整的思考过程，然后再输出最终答案。每道题目有至少两个选项（A、B）至多五个选项（A、B、C、D、E），题目为不定项选择题，请按照以下格式作答：

【思考过程】：...

【最终答案】：AB / BCE / CD / DE / E / ...（只输出选项的编号，不要写选项内容）

示例：
题目：医疗伦理中四大基本原则是？
A.尊重自主权
B.善意行为
C.无害原则
D.公正原则
E.以上都不是
【思考过程】：本题考查医学伦理的四大基本原则，包括尊重自主权、不伤害原则、行善原则、公正原则。

【最终答案】：ABCD

题目：IACUC在审批人道终点时，需要获得以下哪些信息作为科学依据？
A.从实验开始至动物死亡的时间
B.观察和记录人员名单
C.是否定期反馈动物痛苦程度
D.研究开展前的明确人员分工
E.意外痛苦时的安乐死流程
【思考过程】：",BDE,Qwen3-235B-A22B,"【思考过程】：本题考查IACUC审批人道终点时需获取的科学依据。人道终点的核心是避免动物承受非必要痛苦，因此需明确监测痛苦的方法（C）和意外痛苦时的安乐死流程（E）。选项A（时间）与实验设计结果相关，但非直接体现痛苦程度；B（人员名单）和D（分工）属于管理流程，不构成科学依据。因此，正确信息应为C和E。

【最终答案】：CE",客观题,CE
动物实验,"你是一个严格按照要求答题的医学考试考生。请你先展示出完整的思考过程，然后再输出最终答案。每道题目有至少两个选项（A、B）至多五个选项（A、B、C、D、E），题目为不定项选择题，请按照以下格式作答：

【思考过程】：...

【最终答案】：AB / BCE / CD / DE / E / ...（只输出选项的编号，不要写选项内容）

示例：
题目：医疗伦理中四大基本原则是？
A.尊重自主权
B.善意行为
C.无害原则
D.公正原则
E.以上都不是
【思考过程】：本题考查医学伦理的四大基本原则，包括尊重自主权、不伤害原则、行善原则、公正原则。

【最终答案】：ABCD

题目：以下哪些属于IACUC在人道终点审批时必须获得的科学依据信息？
A.预计动物出现疼痛后的人道干预时间
B.动物疼痛缓解药物的标准化使用流程
C.研究人员家属的联系方式
D.若未知动物痛苦持续时间是否需要开展预实验
E.实验中未预期的动物痛苦处置流程
【思考过程】：",DE,Qwen3-235B-A22B,"【思考过程】：IACUC在审批人道终点时需基于科学依据，确保动物福利。选项C与家属联系方式无关，直接排除。A涉及疼痛干预时间评估，属于科学依据；B的标准化药物流程为科学缓解疼痛的基础；D中若痛苦持续时间未知，需预实验验证；E的未预期痛苦处置流程是科学预案。因此，A、B、D、E均为必须的科学依据信息。

【最终答案】：ABDE",客观题,ABDE
动物实验,"你是一个严格按照要求答题的医学考试考生。请你先展示出完整的思考过程，然后再输出最终答案。每道题目有至少两个选项（A、B）至多五个选项（A、B、C、D、E），题目为不定项选择题，请按照以下格式作答：

【思考过程】：...

【最终答案】：AB / BCE / CD / DE / E / ...（只输出选项的编号，不要写选项内容）

示例：
题目：医疗伦理中四大基本原则是？
A.尊重自主权
B.善意行为
C.无害原则
D.公正原则
E.以上都不是
【思考过程】：本题考查医学伦理的四大基本原则，包括尊重自主权、不伤害原则、行善原则、公正原则。

【最终答案】：ABCD

题目：实验负责人需确保参与实验的人员符合以下哪项要求？
A.完成人道终点相关安全操作演练
B.参加人道终点定期讲座
C.签署动物实验知情同意书
D.通过人道终点知识考核
E.接受人道终点知识培训
【思考过程】：",DE,Qwen3-235B-A22B,"【思考过程】：本题考查实验负责人对参与实验人员的资格要求。人道终点相关的安全操作需确保人员具备专业知识和技能。接受知识培训（E）是基础，通过考核（D）验证掌握程度，完成安全操作演练（A）确保实践能力。定期讲座（B）可能属于持续教育而非准入要求，动物实验通常不涉及签署知情同意书（C）。

【最终答案】：ADE",客观题,ADE
动物实验,"你是一个严格按照要求答题的医学考试考生。请你先展示出完整的思考过程，然后再输出最终答案。每道题目有至少两个选项（A、B）至多五个选项（A、B、C、D、E），题目为不定项选择题，请按照以下格式作答：

【思考过程】：...

【最终答案】：AB / BCE / CD / DE / E / ...（只输出选项的编号，不要写选项内容）

示例：
题目：医疗伦理中四大基本原则是？
A.尊重自主权
B.善意行为
C.无害原则
D.公正原则
E.以上都不是
【思考过程】：本题考查医学伦理的四大基本原则，包括尊重自主权、不伤害原则、行善原则、公正原则。

【最终答案】：ABCD

题目：在动物实验中，当出现未曾预料的剧烈疼痛导致痛苦程度明显超过预先评估阈值时，正确的操作流程是什么？
A.立即终止实验并销毁实验数据
B.如实记录疼痛现象但继续实验流程
C.记录现象后未与兽医沟通直接终止实验
D.汇报研究人员并等待会议讨论处理方案
E.详细记录后报告兽医并经评估提前终止实验
【思考过程】：",E,Qwen3-235B-A22B,"【思考过程】：根据动物实验伦理规范，当实验动物出现未预见的剧烈疼痛且超过预设痛苦阈值时，必须立即启动动物福利保护程序。正确的操作流程应包含以下关键步骤：首先需详细记录异常现象，随后必须由具备专业资质的实验兽医进行评估，最终根据兽医的专业判断决定是否提前终止实验。选项E完整体现了这一流程（记录→报告兽医→评估→终止实验），完全符合《实验动物福利伦理审查指南》中关于痛苦分级管理的要求。其他选项均存在明显缺陷：A的销毁数据违反科研诚信，C的未经兽医评估可能误判，D的延迟处理违背及时干预原则，B的继续实验则直接违反动物福利法规。

【最终答案】：E",客观题,E
动物实验,"你是一个严格按照要求答题的医学考试考生。请你先展示出完整的思考过程，然后再输出最终答案。每道题目有至少两个选项（A、B）至多五个选项（A、B、C、D、E），题目为不定项选择题，请按照以下格式作答：

【思考过程】：...

【最终答案】：AB / BCE / CD / DE / E / ...（只输出选项的编号，不要写选项内容）

示例：
题目：医疗伦理中四大基本原则是？
A.尊重自主权
B.善意行为
C.无害原则
D.公正原则
E.以上都不是
【思考过程】：本题考查医学伦理的四大基本原则，包括尊重自主权、不伤害原则、行善原则、公正原则。

【最终答案】：ABCD

题目：在动物实验的审查和监管中，以下哪些属于需要避免的不必要伤害？
A.因实验设计缺陷引发的伤害
B.不可抗力自然因素引发的伤害
C.人员操作不当引发的偶发性伤害
D.实验操作的继发性伤害
E.实验结束后对动物的安乐死处理
【思考过程】：",ACD,Qwen3-235B-A22B,"【思考过程】：本题考查动物实验中需避免的不必要伤害类型。根据伦理原则，不必要伤害指可通过改进设计、操作或管理避免的伤害。A选项（设计缺陷）属于可通过优化设计避免的不必要伤害；C选项（操作不当）属于人为可控的偶发性伤害，应避免。B选项（不可抗力）无法控制，D选项（继发性伤害）可能为实验必然伴随的损伤，E选项（安乐死）为规范操作，均不属不必要伤害。

【最终答案】：AC",客观题,AC
动物实验,"你是一个严格按照要求答题的医学考试考生。请你先展示出完整的思考过程，然后再输出最终答案。每道题目有至少两个选项（A、B）至多五个选项（A、B、C、D、E），题目为不定项选择题，请按照以下格式作答：

【思考过程】：...

【最终答案】：AB / BCE / CD / DE / E / ...（只输出选项的编号，不要写选项内容）

示例：
题目：医疗伦理中四大基本原则是？
A.尊重自主权
B.善意行为
C.无害原则
D.公正原则
E.以上都不是
【思考过程】：本题考查医学伦理的四大基本原则，包括尊重自主权、不伤害原则、行善原则、公正原则。

【最终答案】：ABCD

题目：在采购实验动物时，需要供应商提供的资料应包括以下哪些？
A.动物疫苗接种时间表
B.实验动物合格证明
C.动物的遗传背景或来源信息
D.质量级别检测报告
E.动物历史训练记录
【思考过程】：",BCD,Qwen3-235B-A22B,"【思考过程】：采购实验动物时，供应商需提供动物质量相关证明及背景信息。实验动物合格证明（B）是必须的，遗传背景或来源信息（C）确保实验可靠性，质量级别检测报告（D）验证动物健康与质量等级。动物疫苗接种时间表（A）和历史训练记录（E）通常非采购必备资料，除非实验有特殊需求。

【最终答案】：BCD",客观题,BCD
动物实验,"你是一个严格按照要求答题的医学考试考生。请你先展示出完整的思考过程，然后再输出最终答案。每道题目有至少两个选项（A、B）至多五个选项（A、B、C、D、E），题目为不定项选择题，请按照以下格式作答：

【思考过程】：...

【最终答案】：AB / BCE / CD / DE / E / ...（只输出选项的编号，不要写选项内容）

示例：
题目：医疗伦理中四大基本原则是？
A.尊重自主权
B.善意行为
C.无害原则
D.公正原则
E.以上都不是
【思考过程】：本题考查医学伦理的四大基本原则，包括尊重自主权、不伤害原则、行善原则、公正原则。

【最终答案】：ABCD

题目：以下哪种情形符合实验动物法规要求？
A.动物行为异常，但排除对人类有危害的病原体
B.排除对人类有危害的病原体，但生理指标异常
C.动物外观异常但经检测无致病病原体
D.动物无人类危害病原体，外观正常且生理指标正常
E.排除所有已知病原体但存在未知病毒
【思考过程】：",D,Qwen3-235B-A22B,"【思考过程】：实验动物法规通常要求动物必须排除对人类有害的病原体，同时保持外观和生理指标的正常，以确保实验结果的可靠性和动物福利。选项D明确满足这两个条件，而其他选项均存在异常或潜在风险（如未知病毒、生理/外观异常），不符合法规要求。因此，唯一符合要求的情形是选项D。

【最终答案】：D",客观题,D
动物实验,"你是一个严格按照要求答题的医学考试考生。请你先展示出完整的思考过程，然后再输出最终答案。每道题目有至少两个选项（A、B）至多五个选项（A、B、C、D、E），题目为不定项选择题，请按照以下格式作答：

【思考过程】：...

【最终答案】：AB / BCE / CD / DE / E / ...（只输出选项的编号，不要写选项内容）

示例：
题目：医疗伦理中四大基本原则是？
A.尊重自主权
B.善意行为
C.无害原则
D.公正原则
E.以上都不是
【思考过程】：本题考查医学伦理的四大基本原则，包括尊重自主权、不伤害原则、行善原则、公正原则。

【最终答案】：ABCD

题目：以下做法是否符合规定？实验室对患非传染病的动物未经检查和科学论证就决定将其淘汰。
A.正确
B.错误
【思考过程】：",B,Qwen3-235B-A22B,"【思考过程】：根据实验动物管理规范，淘汰患病动物（无论是否传染病）需经专业检查和科学论证以确保决策合理性及动物福利。未经检查直接淘汰违反规定程序。

【最终答案】：B",客观题,B
动物实验,"你是一个严格按照要求答题的医学考试考生。请你先展示出完整的思考过程，然后再输出最终答案。每道题目有至少两个选项（A、B）至多五个选项（A、B、C、D、E），题目为不定项选择题，请按照以下格式作答：

【思考过程】：...

【最终答案】：AB / BCE / CD / DE / E / ...（只输出选项的编号，不要写选项内容）

示例：
题目：医疗伦理中四大基本原则是？
A.尊重自主权
B.善意行为
C.无害原则
D.公正原则
E.以上都不是
【思考过程】：本题考查医学伦理的四大基本原则，包括尊重自主权、不伤害原则、行善原则、公正原则。

【最终答案】：ABCD

题目：在动物实验中，以下哪些要求必须遵守？（多选）
A.笼具采用PVC材质即可通过验收
B.笼具质检需同时满足GB 14925和GB/T 35892
C.实验中必须使用双层不锈钢笼具以保证硬度
D.在确保实验有效性的情况下为动物提供攀爬玩具
E.长期实验应减少动物饲料以控制笼具清洁度
【思考过程】：",BD,Qwen3-235B-A22B,"【思考过程】：本题考查动物实验的规范要求。A错误，笼具材质需符合GB 14925和GB/T 35892标准（B正确），PVC单独不足够；C错误，未强制要求双层不锈钢材质；D正确，符合动物福利的环境丰富化原则；E错误，减少饲料违背动物营养保障要求。

【最终答案】：BD",客观题,BD
动物实验,"你是一个严格按照要求答题的医学考试考生。请你先展示出完整的思考过程，然后再输出最终答案。每道题目有至少两个选项（A、B）至多五个选项（A、B、C、D、E），题目为不定项选择题，请按照以下格式作答：

【思考过程】：...

【最终答案】：AB / BCE / CD / DE / E / ...（只输出选项的编号，不要写选项内容）

示例：
题目：医疗伦理中四大基本原则是？
A.尊重自主权
B.善意行为
C.无害原则
D.公正原则
E.以上都不是
【思考过程】：本题考查医学伦理的四大基本原则，包括尊重自主权、不伤害原则、行善原则、公正原则。

【最终答案】：ABCD

题目：下列哪项措施属于动物实验中饲养设备及用具的日常管理要求？
A.定时清洁并记录时间
B.根据材料老化周期更换
C.定期使用紫外线消毒
D.每年两次全面检修
E.自主延长使用周期以减少成本
【思考过程】：",ABC,Qwen3-235B-A22B,"【思考过程】：动物实验中饲养设备及用具的日常管理需确保卫生、安全和功能正常。A选项“定时清洁并记录时间”符合日常清洁和记录要求；B选项“根据材料老化周期更换”符合预防性更换原则；C选项“定期紫外线消毒”属于常规消毒措施；D选项“每年两次全面检修”属于定期维护范畴。而E选项“自主延长使用周期”违反设备管理规范，可能影响实验质量或动物安全，因此错误。

【最终答案】：ABCD",客观题,ABCD
动物实验,"你是一个严格按照要求答题的医学考试考生。请你先展示出完整的思考过程，然后再输出最终答案。每道题目有至少两个选项（A、B）至多五个选项（A、B、C、D、E），题目为不定项选择题，请按照以下格式作答：

【思考过程】：...

【最终答案】：AB / BCE / CD / DE / E / ...（只输出选项的编号，不要写选项内容）

示例：
题目：医疗伦理中四大基本原则是？
A.尊重自主权
B.善意行为
C.无害原则
D.公正原则
E.以上都不是
【思考过程】：本题考查医学伦理的四大基本原则，包括尊重自主权、不伤害原则、行善原则、公正原则。

【最终答案】：ABCD

题目：动物饲养用具在实验完成或闲置多久后，需重新清洗消毒方可使用？
A.3周
B.1个月
C.2个月
D.3个月
E.无需处理直接使用
【思考过程】：",C,Qwen3-235B-A22B,"【思考过程】：本题考查实验动物用具的消毒规范。根据《实验动物环境及设施》国家标准（GB 14925-2010），动物饲养用具在实验完成后或闲置超过1个月后需重新清洗消毒方可使用。选项E（无需处理）不符合卫生要求，排除；选项A（3周）时间未达标准，排除；选项C、D时间过长，不符合规范。因此正确答案为B。

【最终答案】：B",客观题,B
动物实验,"你是一个严格按照要求答题的医学考试考生。请你先展示出完整的思考过程，然后再输出最终答案。每道题目有至少两个选项（A、B）至多五个选项（A、B、C、D、E），题目为不定项选择题，请按照以下格式作答：

【思考过程】：...

【最终答案】：AB / BCE / CD / DE / E / ...（只输出选项的编号，不要写选项内容）

示例：
题目：医疗伦理中四大基本原则是？
A.尊重自主权
B.善意行为
C.无害原则
D.公正原则
E.以上都不是
【思考过程】：本题考查医学伦理的四大基本原则，包括尊重自主权、不伤害原则、行善原则、公正原则。

【最终答案】：ABCD

题目：根据北京市相关规定，动物实验中必须进行无害化处理的废弃物包括以下哪些项目？
A.污水
B.污物
C.废气
D.动物尸体
E.实验废液
【思考过程】：",ABCD,Qwen3-235B-A22B,"【思考过程】：根据北京市相关规定，动物实验中产生的废弃物必须进行无害化处理以防止环境污染和生物危害。动物尸体（D）作为生物废弃物需焚烧或灭菌处理；实验废液（E）可能含有化学或生物污染物，必须处理；污水（A）和污物（B）可能携带病原体或有害物质，需消毒或灭菌后处理；废气（C）如麻醉气体或病原体可能通过空气传播，需过滤或净化处理。因此，所有选项均属于需无害化处理的废弃物。

【最终答案】：ABCDE",客观题,ABCDE
动物实验,"你是一个严格按照要求答题的医学考试考生。请你先展示出完整的思考过程，然后再输出最终答案。每道题目有至少两个选项（A、B）至多五个选项（A、B、C、D、E），题目为不定项选择题，请按照以下格式作答：

【思考过程】：...

【最终答案】：AB / BCE / CD / DE / E / ...（只输出选项的编号，不要写选项内容）

示例：
题目：医疗伦理中四大基本原则是？
A.尊重自主权
B.善意行为
C.无害原则
D.公正原则
E.以上都不是
【思考过程】：本题考查医学伦理的四大基本原则，包括尊重自主权、不伤害原则、行善原则、公正原则。

【最终答案】：ABCD

题目：下列哪项不属于使用保定装置时的法定要求？
A.根据动物大小和行为习性配置保定装置
B.提前对动物进行适应性训练
C.采用人员安全防护措施
D.必须超过动物福利的最低标准
E.可忽略保定前的动物行为观察
【思考过程】：",C,Qwen3-235B-A22B,"【思考过程】：本题考查使用保定装置时的法定要求。法定要求通常包括：根据动物情况选择合适装置（A正确），确保人员安全（C正确），遵守最低福利标准而非必须超过（D错误），以及必须进行保定前的行为观察（E错误）。适应性训练（B）通常属于推荐做法而非强制要求。因此，不属于法定要求的选项为B、D、E。

【最终答案】：BDE",客观题,BDE
动物实验,"你是一个严格按照要求答题的医学考试考生。请你先展示出完整的思考过程，然后再输出最终答案。每道题目有至少两个选项（A、B）至多五个选项（A、B、C、D、E），题目为不定项选择题，请按照以下格式作答：

【思考过程】：...

【最终答案】：AB / BCE / CD / DE / E / ...（只输出选项的编号，不要写选项内容）

示例：
题目：医疗伦理中四大基本原则是？
A.尊重自主权
B.善意行为
C.无害原则
D.公正原则
E.以上都不是
【思考过程】：本题考查医学伦理的四大基本原则，包括尊重自主权、不伤害原则、行善原则、公正原则。

【最终答案】：ABCD

题目：以下哪些原则属于动物实验中选择麻醉和镇痛方法时应遵循的要求？
A.麻醉和镇痛效果最好
B.毒副作用最小
C.对实验结果干扰最小
D.更为安全、经济及方便的方法
E.建有相关应急技术预案
F.优先使用成本最低的方案以节约经费
G.无需根据动物种类差异调整方法
【思考过程】：",ABCDE,Qwen3-235B-A22B,"【思考过程】：本题考查动物实验中选择麻醉和镇痛方法应遵循的原则。根据伦理准则和科学要求，需优先确保麻醉和镇痛效果（A），以减轻动物痛苦；同时选择毒副作用最小的药物（B），避免对动物健康造成额外损害；还需考虑对实验结果的干扰最小（C），以保证数据的科学性。此外，方法的安全性、操作便利性及经济性（D）也是实际应用中需权衡的因素。应急预案（E）属于实验风险管理，但非选择方法的直接原则；成本优先（F）违背伦理优先原则；忽略动物种类差异（G）显然错误。

【最终答案】：ABCD",客观题,ABCD
动物实验,"你是一个严格按照要求答题的医学考试考生。请你先展示出完整的思考过程，然后再输出最终答案。每道题目有至少两个选项（A、B）至多五个选项（A、B、C、D、E），题目为不定项选择题，请按照以下格式作答：

【思考过程】：...

【最终答案】：AB / BCE / CD / DE / E / ...（只输出选项的编号，不要写选项内容）

示例：
题目：医疗伦理中四大基本原则是？
A.尊重自主权
B.善意行为
C.无害原则
D.公正原则
E.以上都不是
【思考过程】：本题考查医学伦理的四大基本原则，包括尊重自主权、不伤害原则、行善原则、公正原则。

【最终答案】：ABCD

题目：动物实验伦理审查中，以下哪些措施能够确保符合“麻醉和镇痛效果切实可靠”的要求？
A.实验全程监测动物呼吸和心率以评估镇痛深度
B.选择持续时间覆盖实验全过程的缓释麻醉剂
C.实验后检查动物无挣扎或呜叫痕迹
D.每日调整动物饮食量以匹配麻醉代谢需求
E.使用一种被国际指南推荐的麻醉剂但未核对剂量
【思考过程】：",ABC,Qwen3-235B-A22B,"【思考过程】：选项A通过监测呼吸和心率可实时评估镇痛深度，确保麻醉效果；选项B使用缓释麻醉剂能保证实验全程麻醉有效，符合要求。选项C为事后检查，无法实时确保效果；D与麻醉效果无直接关联；E未核对剂量可能导致麻醉不足或过量，不符合要求。

【最终答案】：AB",客观题,AB
动物实验,"你是一个严格按照要求答题的医学考试考生。请你先展示出完整的思考过程，然后再输出最终答案。每道题目有至少两个选项（A、B）至多五个选项（A、B、C、D、E），题目为不定项选择题，请按照以下格式作答：

【思考过程】：...

【最终答案】：AB / BCE / CD / DE / E / ...（只输出选项的编号，不要写选项内容）

示例：
题目：医疗伦理中四大基本原则是？
A.尊重自主权
B.善意行为
C.无害原则
D.公正原则
E.以上都不是
【思考过程】：本题考查医学伦理的四大基本原则，包括尊重自主权、不伤害原则、行善原则、公正原则。

【最终答案】：ABCD

题目：在动物实验中，哪种情况下应立即实施仁慈终点或停止实验？
A.动物出现中度疼痛但实验预计24小时内完成
B.动物实验已经失败且无法获得有效数据
C.动物出现无法治愈的剧烈疼痛且实验无法继续
D.即将完成实验但需再收集一周数据
E.动物出现间歇性轻微不适但可自行恢复
【思考过程】：",BC,Qwen3-235B-A22B,"【思考过程】：本题考查动物实验中实施仁慈终点的伦理准则。仁慈终点的核心是当动物承受的痛苦或不适达到不可接受的程度，或实验已无科学价值时需立即终止。  
- **A选项**：中度疼痛若无法缓解或已影响动物福利，即使实验即将完成也应终止，但题目未明确是否已采取缓解措施，存在争议。  
- **B选项**：实验失败且无法获得有效数据时，继续实验无意义，符合终止条件。  
- **C选项**：剧烈疼痛且无法治愈属于明确的仁慈终点标准，必须终止。  
- **D选项**：实验接近完成但需延长数据收集，若动物状态稳定且无额外痛苦，通常不需立即终止。  
- **E选项**：轻微不适可自行恢复，未达到仁慈终点标准。  
综合判断，**B**和**C**是明确需立即终止的情况。

【最终答案】：BC",客观题,BC
动物实验,"你是一个严格按照要求答题的医学考试考生。请你先展示出完整的思考过程，然后再输出最终答案。每道题目有至少两个选项（A、B）至多五个选项（A、B、C、D、E），题目为不定项选择题，请按照以下格式作答：

【思考过程】：...

【最终答案】：AB / BCE / CD / DE / E / ...（只输出选项的编号，不要写选项内容）

示例：
题目：医疗伦理中四大基本原则是？
A.尊重自主权
B.善意行为
C.无害原则
D.公正原则
E.以上都不是
【思考过程】：本题考查医学伦理的四大基本原则，包括尊重自主权、不伤害原则、行善原则、公正原则。

【最终答案】：ABCD

题目：在实验动物安乐死流程中，关于死亡确认环节的职责划分，以下哪项正确？
A.操作人员负责直接确认动物不可逆死亡
B.实验动物兽医师独立完成所有死亡确认
C.兽医师仅需指导操作人员进行死亡确认检查
D.未确认死亡时允许暂时存放动物
【思考过程】：",A,Qwen3-235B-A22B,"【思考过程】：实验动物安乐死后的死亡确认需遵循伦理和规范。操作人员需执行初步检查，但兽医师需负责监督和最终确认，确保程序正确。选项C正确，兽医师的角色是指导和监督，而非独立完成所有确认（排除B）。选项A错误，因操作人员无法单独承担不可逆死亡的最终确认责任。选项D错误，未确认死亡时需重新实施安乐死，不可暂时存放。  

【最终答案】：C",客观题,C
动物实验,"你是一个严格按照要求答题的医学考试考生。请你先展示出完整的思考过程，然后再输出最终答案。每道题目有至少两个选项（A、B）至多五个选项（A、B、C、D、E），题目为不定项选择题，请按照以下格式作答：

【思考过程】：...

【最终答案】：AB / BCE / CD / DE / E / ...（只输出选项的编号，不要写选项内容）

示例：
题目：医疗伦理中四大基本原则是？
A.尊重自主权
B.善意行为
C.无害原则
D.公正原则
E.以上都不是
【思考过程】：本题考查医学伦理的四大基本原则，包括尊重自主权、不伤害原则、行善原则、公正原则。

【最终答案】：ABCD

题目：以下哪项行为违反了动物安乐死操作规范？
A.在施工区域隔离区执行安乐死时，实验员独自在场处理实验犬
B.实施安乐死后未彻底消毒器械，导致医疗废物污染养殖区水源
C.让一名医学专业学生在无防护状态下旁观仓鼠安乐死过程
D.其他实验室的未受训人员进入操作室指导记录
【思考过程】：",BCD,Qwen3-235B-A22B,"【思考过程】：选项A违反了需至少两人在场监督的要求；选项B违反了生物安全与器械消毒规范；选项C违反了旁观人员必须采取适当防护措施的规定；选项D违反了仅限受训人员进入操作区域的规定。

【最终答案】：ABCD",客观题,ABCD
动物实验,"你是一个严格按照要求答题的医学考试考生。请你先展示出完整的思考过程，然后再输出最终答案。每道题目有至少两个选项（A、B）至多五个选项（A、B、C、D、E），题目为不定项选择题，请按照以下格式作答：

【思考过程】：...

【最终答案】：AB / BCE / CD / DE / E / ...（只输出选项的编号，不要写选项内容）

示例：
题目：医疗伦理中四大基本原则是？
A.尊重自主权
B.善意行为
C.无害原则
D.公正原则
E.以上都不是
【思考过程】：本题考查医学伦理的四大基本原则，包括尊重自主权、不伤害原则、行善原则、公正原则。

【最终答案】：ABCD

题目：下列哪项要求不属于动物实验数据保存的规范？
A.数据允许经过美工处理以提升可读性
B.保存期限内可重现实验步骤顺序
C.数据记录要求完整且规范
D.允许用日常口语描述关键参数
E.数据应具有可溯源性
【思考过程】：",AD,Qwen3-235B-A22B,"【思考过程】：动物实验数据保存要求包括：数据必须保持原始真实性（A错误，美工处理可能篡改数据呈现）、记录完整规范（C正确）、可复现实验步骤（B正确）、关键参数需专业术语描述（D错误，口语描述不准确）、数据可溯源性（E正确）。因此，不符合规范的是A和D。

【最终答案】：AD",客观题,AD
动物实验,"你是一个严格按照要求答题的医学考试考生。请你先展示出完整的思考过程，然后再输出最终答案。每道题目有至少两个选项（A、B）至多五个选项（A、B、C、D、E），题目为不定项选择题，请按照以下格式作答：

【思考过程】：...

【最终答案】：AB / BCE / CD / DE / E / ...（只输出选项的编号，不要写选项内容）

示例：
题目：医疗伦理中四大基本原则是？
A.尊重自主权
B.善意行为
C.无害原则
D.公正原则
E.以上都不是
【思考过程】：本题考查医学伦理的四大基本原则，包括尊重自主权、不伤害原则、行善原则、公正原则。

【最终答案】：ABCD

题目：以下哪些情况违反了动物实验设施管理的相关规定？
A.使用已过期三个月的实验动物许可证进行实验
B.正在申请许可证但未获得便开展实验
C.实验在许可证有效期内完成，两天后许可证过期
D.许可证有效期剩余一个月时计划下月开始长期实验
E.未取得实验动物使用许可证
【思考过程】：",ABDE,Qwen3-235B-A22B,"【思考过程】：本题考查动物实验设施管理的相关规定。根据《实验动物管理条例》，实验必须在有效期内的许可证下进行。A选项使用过期三个月的许可证，明显违规；B选项在未获得许可证时开展实验，属于无证操作；E选项未取得许可证直接违规。D选项中，许可证剩余一个月时计划下月开始实验，若实验开始时许可证已过期且未续期，则属于无证实验，因此D也违规。C选项实验在有效期内完成，过期发生在实验结束后，不违规。

【最终答案】：ABDE",客观题,ABDE
动物实验,"你是一个严格按照要求答题的医学考试考生。请你先展示出完整的思考过程，然后再输出最终答案。每道题目有至少两个选项（A、B）至多五个选项（A、B、C、D、E），题目为不定项选择题，请按照以下格式作答：

【思考过程】：...

【最终答案】：AB / BCE / CD / DE / E / ...（只输出选项的编号，不要写选项内容）

示例：
题目：医疗伦理中四大基本原则是？
A.尊重自主权
B.善意行为
C.无害原则
D.公正原则
E.以上都不是
【思考过程】：本题考查医学伦理的四大基本原则，包括尊重自主权、不伤害原则、行善原则、公正原则。

【最终答案】：ABCD

题目：哪项做法违反了动物实验的相关法规要求？
A.实验开始前未通过伦理审查但追加提交了申请材料
B.基于科学创新性为由豁免伦理审查流程
C.主动公开审查通过的实验方案摘要
D.实验中途修改方案后重新申请审查
【思考过程】：",B,Qwen3-235B-A22B,"【思考过程】：动物实验的伦理审查必须在实验前完成，不得事后补申请或豁免。选项A未通过审查即开始实验，违反规定；选项B以科学创新为由豁免审查，不符合法规要求。选项C公开方案摘要和D修改方案后重新审查均符合规范。

【最终答案】：AB",客观题,AB
动物实验,"你是一个严格按照要求答题的医学考试考生。请你先展示出完整的思考过程，然后再输出最终答案。每道题目有至少两个选项（A、B）至多五个选项（A、B、C、D、E），题目为不定项选择题，请按照以下格式作答：

【思考过程】：...

【最终答案】：AB / BCE / CD / DE / E / ...（只输出选项的编号，不要写选项内容）

示例：
题目：医疗伦理中四大基本原则是？
A.尊重自主权
B.善意行为
C.无害原则
D.公正原则
E.以上都不是
【思考过程】：本题考查医学伦理的四大基本原则，包括尊重自主权、不伤害原则、行善原则、公正原则。

【最终答案】：ABCD

题目：以下哪些属于动物实验应遵循的伦理原则？
A. 减少使用动物数量
B. 尊重动物自主权
C. 优化实验流程
D. 及时补充实验动物
E. 采用非动物替代方法
【思考过程】：",ACE,Qwen3-235B-A22B,"【思考过程】：本题考查动物实验伦理中的“3R原则”，即替代（Replacement）、减少（Reduction）和优化（Refinement）。A选项对应“减少”原则，E选项对应“替代”原则，C选项对应“优化”原则。B选项“尊重动物自主权”并非动物实验伦理的核心原则；D选项“及时补充实验动物”与减少动物使用的原则相悖。因此，正确答案为ACE。

【最终答案】：ACE",客观题,ACE
动物实验,"你是一个严格按照要求答题的医学考试考生。请你先展示出完整的思考过程，然后再输出最终答案。每道题目有至少两个选项（A、B）至多五个选项（A、B、C、D、E），题目为不定项选择题，请按照以下格式作答：

【思考过程】：...

【最终答案】：AB / BCE / CD / DE / E / ...（只输出选项的编号，不要写选项内容）

示例：
题目：医疗伦理中四大基本原则是？
A.尊重自主权
B.善意行为
C.无害原则
D.公正原则
E.以上都不是
【思考过程】：本题考查医学伦理的四大基本原则，包括尊重自主权、不伤害原则、行善原则、公正原则。

【最终答案】：ABCD

题目：以下哪些信息属于服务机构对委托方的保密义务范围？
A.技术秘密
B.商业秘密
C.研发数据
D.客户名单
E.员工个人信息
【思考过程】：",AB,Qwen3-235B-A22B,"【思考过程】：服务机构对委托方的保密义务通常涵盖所有在业务过程中获知的敏感信息。技术秘密（A）和商业秘密（B）是典型的保密内容，研发数据（C）涉及企业的核心技术进展，客户名单（D）属于商业机密，员工个人信息（E）在涉及人力资源服务时也需保密。因此所有选项均符合保密义务范围。

【最终答案】：ABCDE",客观题,ABCDE
动物实验,"你是一个严格按照要求答题的医学考试考生。请你先展示出完整的思考过程，然后再输出最终答案。每道题目有至少两个选项（A、B）至多五个选项（A、B、C、D、E），题目为不定项选择题，请按照以下格式作答：

【思考过程】：...

【最终答案】：AB / BCE / CD / DE / E / ...（只输出选项的编号，不要写选项内容）

示例：
题目：医疗伦理中四大基本原则是？
A.尊重自主权
B.善意行为
C.无害原则
D.公正原则
E.以上都不是
【思考过程】：本题考查医学伦理的四大基本原则，包括尊重自主权、不伤害原则、行善原则、公正原则。

【最终答案】：ABCD

题目：当动物实验方案需要修改时，以下哪一流程符合法规要求？
A.修改部分经合作单方确认即可实施
B.双方确认修改后直接执行新方案
C.修改后立即报伦理部门审查但无需双方确认
D.经合作双方确认并报伦理部门审查后修改
E.按新方案执行并事后提交报告
【思考过程】：",D,Qwen3-235B-A22B,"【思考过程】：动物实验方案的修改需符合伦理审查要求。任何修改均需伦理部门批准，且涉及合作方时应确保双方确认。选项D强调双方确认并经伦理审查后修改，符合法规流程。其他选项或缺少伦理审查（B、E），或未获双方确认（C），或仅单方确认（A），均不符合规定。

【最终答案】：D",客观题,D
动物实验,"你是一个严格按照要求答题的医学考试考生。请你先展示出完整的思考过程，然后再输出最终答案。每道题目有至少两个选项（A、B）至多五个选项（A、B、C、D、E），题目为不定项选择题，请按照以下格式作答：

【思考过程】：...

【最终答案】：AB / BCE / CD / DE / E / ...（只输出选项的编号，不要写选项内容）

示例：
题目：医疗伦理中四大基本原则是？
A.尊重自主权
B.善意行为
C.无害原则
D.公正原则
E.以上都不是
【思考过程】：本题考查医学伦理的四大基本原则，包括尊重自主权、不伤害原则、行善原则、公正原则。

【最终答案】：ABCD

题目：关于动物实验记录和报告的处理方式，以下哪项符合法规要求？
A.实验记录可公开供其他机构查阅，B.服务机构密封存档实验记录，C.按服务机构内部规定的期限保存，D.无需密封但需永久保存，E.按与委托方约定的期限保存
【思考过程】：",BE,Qwen3-235B-A22B,"【思考过程】：本题考查动物实验记录和报告的处理方式是否符合法规要求。根据相关法规（如《药品非临床研究质量管理规范》），实验记录需确保完整性和保密性，必须密封存档以防止篡改或泄露（选项B正确）。保存期限需符合法规规定的最低年限（如药品获准上市后至少5年），而非仅由服务机构内部规定或与委托方约定。选项C中“按服务机构内部规定的期限保存”若内部规定符合法规最低要求，则属于合规；而选项E的“按与委托方约定的期限保存”可能因约定期限短于法规要求而不合规。选项A（公开查阅）和D（永久保存且无需密封）均不符合法规。因此，正确选项为B和C。

【最终答案】：BC",客观题,BC
动物实验,"你是一个严格按照要求答题的医学考试考生。请你先展示出完整的思考过程，然后再输出最终答案。每道题目有至少两个选项（A、B）至多五个选项（A、B、C、D、E），题目为不定项选择题，请按照以下格式作答：

【思考过程】：...

【最终答案】：AB / BCE / CD / DE / E / ...（只输出选项的编号，不要写选项内容）

示例：
题目：医疗伦理中四大基本原则是？
A.尊重自主权
B.善意行为
C.无害原则
D.公正原则
E.以上都不是
【思考过程】：本题考查医学伦理的四大基本原则，包括尊重自主权、不伤害原则、行善原则、公正原则。

【最终答案】：ABCD

题目：以下哪种情形违反动物实验的必要性原则？
A.为验证新药物有效性设计合理对照组实验
B.为降低研究成本重复开展已得出明确结论的实验
C.因样本量不足需要重新进行验证性实验
D.重复实验多次以提高数据统计学差异
【思考过程】：",BD,Qwen3-235B-A22B,"【思考过程】：动物实验的必要性原则要求仅在无替代方法且科学必要的情况下进行实验。选项B重复已有明确结论的实验属于不必要的动物使用，直接违反该原则。选项D重复以提高统计差异可能涉及减少原则（未尽量减少动物数量），但未必违反必要性原则。选项A和C属于合理实验设计。 

【最终答案】：B",客观题,B
动物实验,"你是一个严格按照要求答题的医学考试考生。请你先展示出完整的思考过程，然后再输出最终答案。每道题目有至少两个选项（A、B）至多五个选项（A、B、C、D、E），题目为不定项选择题，请按照以下格式作答：

【思考过程】：...

【最终答案】：AB / BCE / CD / DE / E / ...（只输出选项的编号，不要写选项内容）

示例：
题目：医疗伦理中四大基本原则是？
A.尊重自主权
B.善意行为
C.无害原则
D.公正原则
E.以上都不是
【思考过程】：本题考查医学伦理的四大基本原则，包括尊重自主权、不伤害原则、行善原则、公正原则。

【最终答案】：ABCD

题目：在动物实验中，下列哪些属于3R原则的核心内容？
A.循环利用（Recycle）
B.替代（Replacement）
C.重复（Repetition）
D.减少（Reduction）
E.优化（Refinement）
【思考过程】：",BDE,Qwen3-235B-A22B,"【思考过程】：3R原则是动物实验伦理的核心，包括替代（Replacement，B）、减少（Reduction，D）和优化（Refinement，E）。选项A（Recycle）和C（Repetition）不属于3R原则内容。

【最终答案】：BDE",客观题,BDE
动物实验,"你是一个严格按照要求答题的医学考试考生。请你先展示出完整的思考过程，然后再输出最终答案。每道题目有至少两个选项（A、B）至多五个选项（A、B、C、D、E），题目为不定项选择题，请按照以下格式作答：

【思考过程】：...

【最终答案】：AB / BCE / CD / DE / E / ...（只输出选项的编号，不要写选项内容）

示例：
题目：医疗伦理中四大基本原则是？
A.尊重自主权
B.善意行为
C.无害原则
D.公正原则
E.以上都不是
【思考过程】：本题考查医学伦理的四大基本原则，包括尊重自主权、不伤害原则、行善原则、公正原则。

【最终答案】：ABCD

题目：以下哪些属于实验动物五项福利自由的范畴？（多选）
A.自由选择实验处理方式
B.能够表达自然行为的自由
C.免受痛苦和疾病的自由
D.免受饥渴的自由
E.免受恐惧和压抑的自由
【思考过程】：",BCDE,Qwen3-235B-A22B,"【思考过程】：实验动物五项福利自由包括：免受饥渴（D）、免受痛苦和疾病（C）、表达自然行为（B）、免受恐惧和压抑（E）。选项A“自由选择实验处理方式”不符合实际，因实验动物无法自主选择处理方式。

【最终答案】：BCDE",客观题,BCDE
动物实验,"你是一个严格按照要求答题的医学考试考生。请你先展示出完整的思考过程，然后再输出最终答案。每道题目有至少两个选项（A、B）至多五个选项（A、B、C、D、E），题目为不定项选择题，请按照以下格式作答：

【思考过程】：...

【最终答案】：AB / BCE / CD / DE / E / ...（只输出选项的编号，不要写选项内容）

示例：
题目：医疗伦理中四大基本原则是？
A.尊重自主权
B.善意行为
C.无害原则
D.公正原则
E.以上都不是
【思考过程】：本题考查医学伦理的四大基本原则，包括尊重自主权、不伤害原则、行善原则、公正原则。

【最终答案】：ABCD

题目：以下哪些表述符合实验动物伦理原则的具体要求？
A.用高速离心机终止实验动物生命以减少痛苦
B.为提升研究效率将同一批实验动物连续使用30个工作日
C.采用符合国际兽医标准的麻醉镇痛方案
D.要求实验人员自行承担全部生物安全风险
E.委托未取得资质的第三方机构处理实验动物尸体
【思考过程】：",AC,Qwen3-235B-A22B,"【思考过程】：本题考查实验动物伦理原则的具体要求。根据3R原则（替代、减少、优化）及人道终点要求：选项C符合国际兽医标准的麻醉镇痛方案，直接体现减轻动物痛苦的原则；选项A使用高速离心机可能不符合公认的处死方法（如CO₂吸入或麻醉剂注射）；选项B连续使用30天违反优化原则；选项D转嫁生物安全风险不符合伦理责任分配；选项E委托无资质机构处理尸体违反生物安全法规。

【最终答案】：C",客观题,C
动物实验,"你是一个严格按照要求答题的医学考试考生。请你先展示出完整的思考过程，然后再输出最终答案。每道题目有至少两个选项（A、B）至多五个选项（A、B、C、D、E），题目为不定项选择题，请按照以下格式作答：

【思考过程】：...

【最终答案】：AB / BCE / CD / DE / E / ...（只输出选项的编号，不要写选项内容）

示例：
题目：医疗伦理中四大基本原则是？
A.尊重自主权
B.善意行为
C.无害原则
D.公正原则
E.以上都不是
【思考过程】：本题考查医学伦理的四大基本原则，包括尊重自主权、不伤害原则、行善原则、公正原则。

【最终答案】：ABCD

题目：以下哪些属于必须遵守的动物实验操作规范？
A.对活体动物手术时进行有效麻醉
B.对活体动物手术时进行适当麻醉
C.动物存活性手术中无菌操作
D.术后恢复期进行镇痛
E.术后恢复期无需调整饮食
【思考过程】：",ACD,Qwen3-235B-A22B,"【思考过程】：动物实验操作规范要求在手术过程中必须使用适当的麻醉（B）以确保动物无痛，存活性手术需进行无菌操作（C），术后恢复期应提供镇痛（D）以减轻痛苦。选项A中的“有效麻醉”可能与“适当麻醉”存在表述差异，但根据权威指南（如《实验动物管理与使用指南》）明确要求“适当麻醉”，因此B更符合规范。选项E错误，术后需调整饮食以促进恢复。因此，正确选项为B、C、D。

【最终答案】：BCD",客观题,BCD
动物实验,"你是一个严格按照要求答题的医学考试考生。请你先展示出完整的思考过程，然后再输出最终答案。每道题目有至少两个选项（A、B）至多五个选项（A、B、C、D、E），题目为不定项选择题，请按照以下格式作答：

【思考过程】：...

【最终答案】：AB / BCE / CD / DE / E / ...（只输出选项的编号，不要写选项内容）

示例：
题目：医疗伦理中四大基本原则是？
A.尊重自主权
B.善意行为
C.无害原则
D.公正原则
E.以上都不是
【思考过程】：本题考查医学伦理的四大基本原则，包括尊重自主权、不伤害原则、行善原则、公正原则。

【最终答案】：ABCD

题目：关于动物实验中的保定要求，下列哪项描述不符合伦理规范？
A.保定器具需符合规格适宜及坚固耐用标准
B.在确保实验目标完成的条件下允许增加强制限制时间
C.保定过程应考虑减少动物的应激反应
D.避免使用可能造成卫生隐患的束缚工具
【思考过程】：",B,Qwen3-235B-A22B,"【思考过程】：动物实验伦理要求保定器具应合适且减少应激（A、C正确）。D正确，因卫生隐患危害动物健康。B允许增加限制时间会加剧动物应激，违反伦理原则。

【最终答案】：B",客观题,B
动物实验,"你是一个严格按照要求答题的医学考试考生。请你先展示出完整的思考过程，然后再输出最终答案。每道题目有至少两个选项（A、B）至多五个选项（A、B、C、D、E），题目为不定项选择题，请按照以下格式作答：

【思考过程】：...

【最终答案】：AB / BCE / CD / DE / E / ...（只输出选项的编号，不要写选项内容）

示例：
题目：医疗伦理中四大基本原则是？
A.尊重自主权
B.善意行为
C.无害原则
D.公正原则
E.以上都不是
【思考过程】：本题考查医学伦理的四大基本原则，包括尊重自主权、不伤害原则、行善原则、公正原则。

【最终答案】：ABCD

题目：以下哪些做法符合动物实验处死动物的伦理要求？
A.使用戊巴比妥钠实施安死术后立即处理尸体
B.在犬类处死过程中允许同笼实验犬旁观
C.确认小鼠心跳停止后焚烧尸体
D.对豚鼠采用颈椎脱臼法处死前疏散其他动物
【思考过程】：",D,Qwen3-235B-A22B,"【思考过程】：本题考查动物实验伦理中处死动物的规范操作。选项A中戊巴比妥钠是推荐的安乐死药物，实施后动物死亡可立即处理尸体，符合伦理；选项B允许同笼动物旁观会增加应激反应，不符合伦理；选项C通过确认心跳停止确保死亡后再处理尸体，符合伦理；选项D未提及麻醉前提下对豚鼠使用颈椎脱臼法，可能造成痛苦，不符合伦理。因此，正确选项为A和C。

【最终答案】：AC",客观题,AC
动物实验,"你是一个严格按照要求答题的医学考试考生。请你先展示出完整的思考过程，然后再输出最终答案。每道题目有至少两个选项（A、B）至多五个选项（A、B、C、D、E），题目为不定项选择题，请按照以下格式作答：

【思考过程】：...

【最终答案】：AB / BCE / CD / DE / E / ...（只输出选项的编号，不要写选项内容）

示例：
题目：医疗伦理中四大基本原则是？
A.尊重自主权
B.善意行为
C.无害原则
D.公正原则
E.以上都不是
【思考过程】：本题考查医学伦理的四大基本原则，包括尊重自主权、不伤害原则、行善原则、公正原则。

【最终答案】：ABCD

题目：以下关于动物实验终点的描述，哪项符合伦理规范？
A.实验中应始终以动物的自然死亡作为观察终点，B.在数据不足的情况下允许将死亡作为计划终点，C.该实验必须的极少数情况下，可允许以死亡为终点，D.若动物继续存活可能严重危及研究人员安全时应以死亡为终点
【思考过程】：",C,Qwen3-235B-A22B,"【思考过程】：动物实验伦理要求尽可能避免以死亡作为实验终点，仅在绝对必要且无替代方法的情况下允许。选项C提到“必须的极少数情况下”符合该原则。选项D涉及研究人员安全风险，但此情况属于实验中的意外处理措施，而非实验设计时的终点规划，因此不符合伦理规范对实验终点的要求。

【最终答案】：C",客观题,C
动物实验,"你是一个严格按照要求答题的医学考试考生。请你先展示出完整的思考过程，然后再输出最终答案。每道题目有至少两个选项（A、B）至多五个选项（A、B、C、D、E），题目为不定项选择题，请按照以下格式作答：

【思考过程】：...

【最终答案】：AB / BCE / CD / DE / E / ...（只输出选项的编号，不要写选项内容）

示例：
题目：医疗伦理中四大基本原则是？
A.尊重自主权
B.善意行为
C.无害原则
D.公正原则
E.以上都不是
【思考过程】：本题考查医学伦理的四大基本原则，包括尊重自主权、不伤害原则、行善原则、公正原则。

【最终答案】：ABCD

题目：某实验室对一批未受实验影响的空白对照组野生动物进行处理时，以下哪项操作符合相关法规要求？
A.直接放归自然栖息地
B.经安全评估后转移到动物园展示
C.经科学检查和安全评估后依法放归栖息地
D.继续用于其他实验项目
E.实施安乐死处理
【思考过程】：",C,Qwen3-235B-A22B,"【思考过程】：题目要求选择符合法规的操作。空白对照组野生动物未受实验影响，需确保其处理不危害生态和健康。选项C强调科学检查和安全评估后依法放归，符合法规要求。选项A未提及评估步骤，存在生态风险。选项B涉及动物园展示，可能不符合自然栖息地要求。选项D和E分别涉及继续实验和安乐死，不符合动物福利和法规要求。

【最终答案】：C",客观题,C
动物实验,"你是一个严格按照要求答题的医学考试考生。请你先展示出完整的思考过程，然后再输出最终答案。每道题目有至少两个选项（A、B）至多五个选项（A、B、C、D、E），题目为不定项选择题，请按照以下格式作答：

【思考过程】：...

【最终答案】：AB / BCE / CD / DE / E / ...（只输出选项的编号，不要写选项内容）

示例：
题目：医疗伦理中四大基本原则是？
A.尊重自主权
B.善意行为
C.无害原则
D.公正原则
E.以上都不是
【思考过程】：本题考查医学伦理的四大基本原则，包括尊重自主权、不伤害原则、行善原则、公正原则。

【最终答案】：ABCD

题目：在动物实验伦理审查中，以下哪项情况会导致项目无法通过审查？
A. 实验方案未包含处死动物的具体操作流程  
B. 实验人员在无专业资质但经实验室内部培训后直接接触实验动物  
C. 提交的实验必要性说明仅列出现有文献结论但无自身项目的验证数据  
D. 基因编辑实验计划将人类神经细胞导入大猩猩胚胎进行脑部发育研究  
E. 动物运输使用常规货车但承诺在运输过程中保持温湿度稳定  
F. 实验方案通过增加重复实验次数来提高统计学效力，但未说明替代动物使用策略
【思考过程】：",BDF,Qwen3-235B-A22B,"【思考过程】：  
动物实验伦理审查的关键在于遵循3R原则（替代、减少、优化）、确保实验必要性、规范操作流程及人员资质。  
- **选项A**：未包含处死动物的具体操作流程可能影响实验优化（Refinement）原则，但通常会被要求补充而非直接拒绝。  
- **选项B**：实验人员无专业资质直接接触动物严重违反操作规范，伦理审查必然不通过。  
- **选项C**：实验必要性仅引用文献而无自身验证数据，无法证明实验的科学合理性，审查通常不会通过。  
- **选项D**：将人类神经细胞导入大猩猩胚胎涉及人类与非人灵长类的伦理敏感研究，可能改变动物认知能力，直接违反伦理红线。  
- **选项E**：运输中温湿度稳定已满足基本动物福利要求，可能通过审查。  
- **选项F**：增加重复次数提高统计效力但未说明替代动物策略，违反“减少（Reduction）”原则，审查不通过。  

【最终答案】：BCDF",客观题,BCDF
动物实验,"你是一个严格按照要求答题的医学考试考生。请你先展示出完整的思考过程，然后再输出最终答案。每道题目有至少两个选项（A、B）至多五个选项（A、B、C、D、E），题目为不定项选择题，请按照以下格式作答：

【思考过程】：...

【最终答案】：AB / BCE / CD / DE / E / ...（只输出选项的编号，不要写选项内容）

示例：
题目：医疗伦理中四大基本原则是？
A.尊重自主权
B.善意行为
C.无害原则
D.公正原则
E.以上都不是
【思考过程】：本题考查医学伦理的四大基本原则，包括尊重自主权、不伤害原则、行善原则、公正原则。

【最终答案】：ABCD

题目：以下哪种情况会导致实验动物伦理审查不通过？
A.将实验猴的干细胞导入小鼠胚胎研究器官再生
B.活体解剖时未使用麻醉但记录疼痛等级
C.使用基因编辑技术减少实验鱼产生杂交品种
D.未在新型纳米药物测试中体现3R原则
E.为药效评估实施国家禁止的灵长类致盲实验
【思考过程】：",DE,Qwen3-235B-A22B,"【思考过程】：本题考查实验动物伦理审查的关键原则。选项B未使用麻醉直接进行活体解剖，违反动物福利基本要求（如3R原则中的“优化”），必然导致审查不通过。选项D未体现3R原则（替代、减少、优化），是伦理审查的核心要求，缺乏则直接不通过。选项E涉及国家明令禁止的灵长类致盲实验，属于法律和伦理双重禁止范畴。选项A的跨物种干细胞导入可能引发伦理争议，但题目未明确是否违反现行法规或3R原则，需进一步证据支持。选项C的基因编辑减少杂交品种属于优化范畴，通常符合伦理要求。因此，明确导致审查不通过的是B、D、E。

【最终答案】：BDE",客观题,BDE
动物实验,"你是一个严格按照要求答题的医学考试考生。请你先展示出完整的思考过程，然后再输出最终答案。每道题目有至少两个选项（A、B）至多五个选项（A、B、C、D、E），题目为不定项选择题，请按照以下格式作答：

【思考过程】：...

【最终答案】：AB / BCE / CD / DE / E / ...（只输出选项的编号，不要写选项内容）

示例：
题目：医疗伦理中四大基本原则是？
A.尊重自主权
B.善意行为
C.无害原则
D.公正原则
E.以上都不是
【思考过程】：本题考查医学伦理的四大基本原则，包括尊重自主权、不伤害原则、行善原则、公正原则。

【最终答案】：ABCD

题目：以下哪种情况会导致动物实验项目无法通过伦理委员会审查？
A.实验动物的运输车辆温度比规定值低1℃
B.未使用基因编辑技术改良实验动物遗传特征
C.对人类及动物均无实际利益且导致实验动物痛苦的实验
D.未在动物实验后24小时内提交手术记录
E.将人类干细胞导入成年猕猴胚胎培育嵌合体
【思考过程】：",CE,Qwen3-235B-A22B,"【思考过程】：动物实验伦理审查的核心是动物福利与实验必要性。A项涉及运输中动物福利，即使温度偏差1℃也可能影响动物健康，符合审查否决条件；B项未使用基因编辑技术并非伦理问题，而是技术选择，不直接导致否决；C项无实际利益且导致动物痛苦直接违反“3R原则”（替代、减少、优化），必然被否决；D项为行政程序问题，通常不会直接否决实验项目；E项涉及人类干细胞与灵长类胚胎的嵌合体研究，可能引发人类细胞在动物敏感组织（如大脑、生殖系统）的伦理风险，若未充分论证其必要性和风险控制，则可能被否决。综合判断，A、C、E符合题干要求。

【最终答案】：ACE",客观题,ACE
动物实验,"你是一个严格按照要求答题的医学考试考生。请你先展示出完整的思考过程，然后再输出最终答案。每道题目有至少两个选项（A、B）至多五个选项（A、B、C、D、E），题目为不定项选择题，请按照以下格式作答：

【思考过程】：...

【最终答案】：AB / BCE / CD / DE / E / ...（只输出选项的编号，不要写选项内容）

示例：
题目：医疗伦理中四大基本原则是？
A.尊重自主权
B.善意行为
C.无害原则
D.公正原则
E.以上都不是
【思考过程】：本题考查医学伦理的四大基本原则，包括尊重自主权、不伤害原则、行善原则、公正原则。

【最终答案】：ABCD

题目：以下哪种情况会导致动物实验项目无法通过伦理审查？
A.实验动物操作人员未定期参加培训
B.实验动物饲料来源不符合国家标准
C.活体解剖时使用物理固定替代麻醉措施
D.开展人类干细胞与动物胚胎嵌合培育研究
【思考过程】：",BCD,Qwen3-235B-A22B,"【思考过程】：动物实验伦理审查关注动物福利、操作规范及研究伦理性。A选项未定期培训可能导致操作不当，影响动物福利；B选项饲料不达标直接威胁动物健康，属于饲养规范问题；C选项使用物理固定替代麻醉违反减少动物痛苦的原则；D选项涉及人兽嵌合体，可能引发重大伦理争议，通常被严格限制或禁止。四者均可能导致伦理审查不通过。

【最终答案】：ABCD",客观题,ABCD
动物实验,"你是一个严格按照要求答题的医学考试考生。请你先展示出完整的思考过程，然后再输出最终答案。每道题目有至少两个选项（A、B）至多五个选项（A、B、C、D、E），题目为不定项选择题，请按照以下格式作答：

【思考过程】：...

【最终答案】：AB / BCE / CD / DE / E / ...（只输出选项的编号，不要写选项内容）

示例：
题目：医疗伦理中四大基本原则是？
A.尊重自主权
B.善意行为
C.无害原则
D.公正原则
E.以上都不是
【思考过程】：本题考查医学伦理的四大基本原则，包括尊重自主权、不伤害原则、行善原则、公正原则。

【最终答案】：ABCD

题目：以下哪些情况可能导致动物实验项目无法通过伦理委员会的审查？（多选）
A. 实验动物项目的设计未体现3R原则  
B. 直接接触实验动物的人员未完成基础培训但具备相关经验  
C. 动物实验方法符合国际惯例但未经过公众听证会讨论  
D. 在活体解剖中未采取任何麻醉措施  
E. 实验动物饲料来源于非认证供应商，但质量达标
【思考过程】：",AD,Qwen3-235B-A22B,"【思考过程】：本题考查动物实验伦理审查的关键要求。3R原则（替代、减少、优化）是动物实验伦理的核心，未体现该原则（A）必然导致审查不通过。实验人员未完成基础培训（B）违反操作规范，即使有经验也不符合伦理要求。活体解剖未使用麻醉（D）直接违背动物福利，属于严重违规。饲料来源（E）若质量达标，伦理审查可能不因供应商认证问题直接否决，但需结合具体标准。国际惯例方法未召开公众听证会（C）通常不构成审查障碍，因伦理委员会本身具备专业判断权。

【最终答案】：ABD",客观题,ABD
动物实验,"你是一个严格按照要求答题的医学考试考生。请你先展示出完整的思考过程，然后再输出最终答案。每道题目有至少两个选项（A、B）至多五个选项（A、B、C、D、E），题目为不定项选择题，请按照以下格式作答：

【思考过程】：...

【最终答案】：AB / BCE / CD / DE / E / ...（只输出选项的编号，不要写选项内容）

示例：
题目：医疗伦理中四大基本原则是？
A.尊重自主权
B.善意行为
C.无害原则
D.公正原则
E.以上都不是
【思考过程】：本题考查医学伦理的四大基本原则，包括尊重自主权、不伤害原则、行善原则、公正原则。

【最终答案】：ABCD

题目：以下哪种情况会导致动物实验项目无法通过伦理委员会的审查？
A.实验人员未参加培训且违反实验动物福利原则
B.将人类干细胞导入小鼠胚胎研究癌症机制
C.饲养环境导致动物轻度应激但未引发疾病
D.因操作失误轻微违反伦理法规但未造严重后果
【思考过程】：",AB,Qwen3-235B-A22B,"【思考过程】：本题考查动物实验伦理审查的关键否决因素。选项A中，实验人员未培训且违反动物福利原则，直接触犯伦理核心要求，必然导致审查不通过。选项B涉及人类干细胞与动物胚胎结合，虽存在伦理争议，但部分研究可能在特定监管下获批，未必直接否决。选项C的轻度应激未致病属于可接受范围，选项D的轻微违规未造成严重后果通常可整改而非直接拒绝。因此，只有选项A明确构成审查否决条件。

【最终答案】：A",客观题,A
动物实验,"你是一个严格按照要求答题的医学考试考生。请你先展示出完整的思考过程，然后再输出最终答案。每道题目有至少两个选项（A、B）至多五个选项（A、B、C、D、E），题目为不定项选择题，请按照以下格式作答：

【思考过程】：...

【最终答案】：AB / BCE / CD / DE / E / ...（只输出选项的编号，不要写选项内容）

示例：
题目：医疗伦理中四大基本原则是？
A.尊重自主权
B.善意行为
C.无害原则
D.公正原则
E.以上都不是
【思考过程】：本题考查医学伦理的四大基本原则，包括尊重自主权、不伤害原则、行善原则、公正原则。

【最终答案】：ABCD

题目：以下哪些情况会导致实验动物伦理审查不通过？
A.未提供实验动物生产环境的湿度记录
B.活体解剖时采用局部麻醉但未实施全身麻醉
C.项目申请书中将对照组数量从50组误写为30组
D.运输实验动物的车辆车厢温度超过品种要求标准2℃
E.未制定突发情况下的动物安乐死预案
【思考过程】：",BDE,Qwen3-235B-A22B,"【思考过程】：选项B涉及未有效减轻动物疼痛，违反伦理原则；选项D运输条件不达标影响动物福利；选项E缺乏安乐死预案导致应急处理缺失。选项A湿度记录缺失可能影响管理评估但未必直接否决；选项C为申请书笔误，通常可修正而非直接否决。

【最终答案】：BDE",客观题,BDE
动物实验,"你是一个严格按照要求答题的医学考试考生。请你先展示出完整的思考过程，然后再输出最终答案。每道题目有至少两个选项（A、B）至多五个选项（A、B、C、D、E），题目为不定项选择题，请按照以下格式作答：

【思考过程】：...

【最终答案】：AB / BCE / CD / DE / E / ...（只输出选项的编号，不要写选项内容）

示例：
题目：医疗伦理中四大基本原则是？
A.尊重自主权
B.善意行为
C.无害原则
D.公正原则
E.以上都不是
【思考过程】：本题考查医学伦理的四大基本原则，包括尊重自主权、不伤害原则、行善原则、公正原则。

【最终答案】：ABCD

题目：以下哪种情况会导致动物实验伦理审查不通过？
A.实验人员在手术中未选择减少痛苦的安死术处死动物，B.未及时更新实验操作手册版本号，C.使用经过认证的SPF级实验小鼠，D.在手术前48小时停止给动物喂食
【思考过程】：",A,Qwen3-235B-A22B,"【思考过程】：本题考查动物实验伦理审查的关键标准。根据国际通用的动物实验伦理原则（如3R原则及动物福利要求）：  
1. 选项A违反“减少痛苦”的伦理要求，安乐死应选择能减轻动物痛苦的方法，否则审查不通过。  
2. 选项B属于行政管理疏漏，但不直接导致伦理问题。  
3. 选项C使用SPF级动物符合伦理规范，不会导致审查不通过。  
4. 选项D术前48小时禁食严重违反动物福利标准（通常禁食时间不超过12-24小时），可能导致动物应激反应，属于伦理审查不通过的情形。  

【最终答案】：AD",客观题,AD
动物实验,"你是一个严格按照要求答题的医学考试考生。请你先展示出完整的思考过程，然后再输出最终答案。每道题目有至少两个选项（A、B）至多五个选项（A、B、C、D、E），题目为不定项选择题，请按照以下格式作答：

【思考过程】：...

【最终答案】：AB / BCE / CD / DE / E / ...（只输出选项的编号，不要写选项内容）

示例：
题目：医疗伦理中四大基本原则是？
A.尊重自主权
B.善意行为
C.无害原则
D.公正原则
E.以上都不是
【思考过程】：本题考查医学伦理的四大基本原则，包括尊重自主权、不伤害原则、行善原则、公正原则。

【最终答案】：ABCD

题目：以下哪种情况会导致动物实验项目无法通过伦理审查？
A.曾使用过期实验动物饲料但已及时更换
B.实验设计中未明确统计动物处死数量
C.缺少动物实验项目实施的必要性证明材料
D.使用转基因斑马鱼研究心血管发育机制
E.未按规定处理实验引发社会伦理争议的杂交动物
【思考过程】：",CE,Qwen3-235B-A22B,"【思考过程】：动物实验伦理审查重点关注必要性证明、动物福利及社会伦理争议。选项C缺少必要性证明材料，直接导致审查不过。选项B未明确统计处死数量，违反实验设计透明度要求。选项E未按规定处理杂交动物，引发社会争议，不符合伦理规范。选项A虽涉及过期饲料但已更换，可能不构成直接否决项；选项D使用转基因斑马鱼属于常规研究范畴，无明确伦理冲突。

【最终答案】：BCE",客观题,BCE
动物实验,"你是一个严格按照要求答题的医学考试考生。请你先展示出完整的思考过程，然后再输出最终答案。每道题目有至少两个选项（A、B）至多五个选项（A、B、C、D、E），题目为不定项选择题，请按照以下格式作答：

【思考过程】：...

【最终答案】：AB / BCE / CD / DE / E / ...（只输出选项的编号，不要写选项内容）

示例：
题目：医疗伦理中四大基本原则是？
A.尊重自主权
B.善意行为
C.无害原则
D.公正原则
E.以上都不是
【思考过程】：本题考查医学伦理的四大基本原则，包括尊重自主权、不伤害原则、行善原则、公正原则。

【最终答案】：ABCD

题目：关于动物实验伦理审查的情况，下列哪些情形不能被通过？
A.实验动物饲料供应商资质不明但未影响饲料质量，B.解剖犬类时使用过期镇静剂导致动物躁动，C.设计基因编辑实验未评估胚胎杂交的伦理争议，D.项目申请书中动物实验必要性论证仅引用两篇非核心期刊文献
【思考过程】：",BCD,Qwen3-235B-A22B,"【思考过程】：本题考查动物实验伦理审查的否决情形。伦理审查需确保动物实验的必要性、减少动物痛苦、符合伦理规范及遵守操作规范。A选项中，饲料供应商资质不明可能影响饲料来源合法性及动物福利，即使质量未受影响，仍可能违反审查要求。B选项使用过期镇静剂导致动物躁动，直接违背减少动物痛苦的原则，必然不通过。C选项未评估基因编辑胚胎杂交的伦理争议，属于伦理风险未充分评估，不符合审查要求。D选项仅引用两篇非核心期刊文献论证必要性，可能因依据不足被拒绝。综上，四个情形均不符合伦理审查标准。

【最终答案】：ABCD",客观题,ABCD
动物实验,"你是一个严格按照要求答题的医学考试考生。请你先展示出完整的思考过程，然后再输出最终答案。每道题目有至少两个选项（A、B）至多五个选项（A、B、C、D、E），题目为不定项选择题，请按照以下格式作答：

【思考过程】：...

【最终答案】：AB / BCE / CD / DE / E / ...（只输出选项的编号，不要写选项内容）

示例：
题目：医疗伦理中四大基本原则是？
A.尊重自主权
B.善意行为
C.无害原则
D.公正原则
E.以上都不是
【思考过程】：本题考查医学伦理的四大基本原则，包括尊重自主权、不伤害原则、行善原则、公正原则。

【最终答案】：ABCD

题目：以下哪些原则属于实验动物使用中的""3R""原则？
A.减少（Reduction）
B.替代（Replacement）
C.替换（Substitution）
D.优化（Refinement）
E.人道主义（Humanitarianism）
【思考过程】：",ABD,Qwen3-235B-A22B,"【思考过程】：本题考查实验动物“3R”原则的具体内容。3R原则指替代（Replacement）、减少（Reduction）、优化（Refinement）。选项中对应关系为：A（减少=Reduction）、B（替代=Replacement）、D（优化=Refinement）。C选项“替换（Substitution）”与“替代（Replacement）”存在翻译差异，但标准术语为Replacement，故C不选。E选项“人道主义”不属于3R范畴。

【最终答案】：ABD",客观题,ABD
动物实验,"你是一个严格按照要求答题的医学考试考生。请你先展示出完整的思考过程，然后再输出最终答案。每道题目有至少两个选项（A、B）至多五个选项（A、B、C、D、E），题目为不定项选择题，请按照以下格式作答：

【思考过程】：...

【最终答案】：AB / BCE / CD / DE / E / ...（只输出选项的编号，不要写选项内容）

示例：
题目：医疗伦理中四大基本原则是？
A.尊重自主权
B.善意行为
C.无害原则
D.公正原则
E.以上都不是
【思考过程】：本题考查医学伦理的四大基本原则，包括尊重自主权、不伤害原则、行善原则、公正原则。

【最终答案】：ABCD

题目：以下哪些做法符合实验动物饲养管理规定？
A.偶尔对动物进行观察
B.在抓取动物时方法得当，动作轻柔
C.允许轻微戏弄动物以缓解其压力
D.发现行为异常后及时查找原因并处理
E.在必要时可让动物短暂忍受剧痛以完成操作
【思考过程】：",BD,Qwen3-235B-A22B,"【思考过程】：实验动物饲养管理规定要求人道对待动物，减少痛苦。B选项正确，因抓取动物应轻柔；D选项正确，因异常需及时处理。A选项观察不充分，C选项戏弄不恰当，E选项剧痛不符合伦理。

【最终答案】：BD",客观题,BD
动物实验,"你是一个严格按照要求答题的医学考试考生。请你先展示出完整的思考过程，然后再输出最终答案。每道题目有至少两个选项（A、B）至多五个选项（A、B、C、D、E），题目为不定项选择题，请按照以下格式作答：

【思考过程】：...

【最终答案】：AB / BCE / CD / DE / E / ...（只输出选项的编号，不要写选项内容）

示例：
题目：医疗伦理中四大基本原则是？
A.尊重自主权
B.善意行为
C.无害原则
D.公正原则
E.以上都不是
【思考过程】：本题考查医学伦理的四大基本原则，包括尊重自主权、不伤害原则、行善原则、公正原则。

【最终答案】：ABCD

题目：以下关于实验动物饲养的描述中，正确的有哪些？
A.可按工作人员经验调整饲料成分配比，B.营养成分指标必须符合国家标准，C.术后恢复期需增加营养配给，D.不需批准即可限制动物饮水，E.限制饮食需经管理委员会批准
【思考过程】：",BCE,Qwen3-235B-A22B,"【思考过程】：实验动物的饲养需严格遵守国家标准，营养成分必须符合国家标准（B正确）。术后恢复期动物需要特殊照顾，通常需调整饲料以促进恢复（C正确）。任何限制动物饮食或饮水的操作均需经过伦理或管理委员会批准（E正确，D错误）。A选项错误，因饲料配比调整需基于科学依据而非个人经验。

【最终答案】：BCE",客观题,BCE
动物实验,"你是一个严格按照要求答题的医学考试考生。请你先展示出完整的思考过程，然后再输出最终答案。每道题目有至少两个选项（A、B）至多五个选项（A、B、C、D、E），题目为不定项选择题，请按照以下格式作答：

【思考过程】：...

【最终答案】：AB / BCE / CD / DE / E / ...（只输出选项的编号，不要写选项内容）

示例：
题目：医疗伦理中四大基本原则是？
A.尊重自主权
B.善意行为
C.无害原则
D.公正原则
E.以上都不是
【思考过程】：本题考查医学伦理的四大基本原则，包括尊重自主权、不伤害原则、行善原则、公正原则。

【最终答案】：ABCD

题目：在实验动物应用中，以下哪些做法符合相关伦理法规？
A. 实验时尽量减少动物的疼痛，但允许适当程度的惊恐发生
B. 向非科研团队成员开放实验区域用于学生观摩
C. 在确保不影响实验结果的前提下研究动物实验替代方法
D. 每周仅安排固定两小时清理实验室无关人员
E. 使用镇静剂将疼痛控制在动物可忍受范围内
【思考过程】：",C,Qwen3-235B-A22B,"【思考过程】：本题考查实验动物伦理法规的应用。根据3R原则（替代、减少、优化），选项C符合""替代""原则；选项E通过使用镇静剂体现""优化""原则。选项A允许惊恐违背优化原则；选项B违反实验区域管控要求；选项D的清理时间规定与动物福利无直接关联。

【最终答案】：CE",客观题,CE
动物实验,"你是一个严格按照要求答题的医学考试考生。请你先展示出完整的思考过程，然后再输出最终答案。每道题目有至少两个选项（A、B）至多五个选项（A、B、C、D、E），题目为不定项选择题，请按照以下格式作答：

【思考过程】：...

【最终答案】：AB / BCE / CD / DE / E / ...（只输出选项的编号，不要写选项内容）

示例：
题目：医疗伦理中四大基本原则是？
A.尊重自主权
B.善意行为
C.无害原则
D.公正原则
E.以上都不是
【思考过程】：本题考查医学伦理的四大基本原则，包括尊重自主权、不伤害原则、行善原则、公正原则。

【最终答案】：ABCD

题目：以下哪些措施是在对实验动物实施外科手术时必须遵守的伦理要求？
A.术前禁食24小时
B.手术过程实施有效麻醉
C.术后提供镇痛剂及护理
D.每天进行两次环境消毒
E.手术结束后立即执行安乐死
【思考过程】：",BC,Qwen3-235B-A22B,"【思考过程】：实验动物外科手术的伦理要求应侧重于减轻痛苦和提供合理护理。B项确保术中无痛，C项保障术后恢复期的镇痛和护理，符合3R原则（减少、替代、优化）。A项禁食时间并非伦理强制要求而是医疗常规，D项环境消毒属于日常管理，E项立即安乐死违背伦理。

【最终答案】：BC",客观题,BC
动物实验,"你是一个严格按照要求答题的医学考试考生。请你先展示出完整的思考过程，然后再输出最终答案。每道题目有至少两个选项（A、B）至多五个选项（A、B、C、D、E），题目为不定项选择题，请按照以下格式作答：

【思考过程】：...

【最终答案】：AB / BCE / CD / DE / E / ...（只输出选项的编号，不要写选项内容）

示例：
题目：医疗伦理中四大基本原则是？
A.尊重自主权
B.善意行为
C.无害原则
D.公正原则
E.以上都不是
【思考过程】：本题考查医学伦理的四大基本原则，包括尊重自主权、不伤害原则、行善原则、公正原则。

【最终答案】：ABCD

题目：以下哪些属于保定实验动物时应遵循的原则？
A.温和保定
B.善良抚慰
C.减少痛苦和应激反应
D.充分限制动物活动
E.坚固耐用的保定器具
【思考过程】：",ABC,Qwen3-235B-A22B,"【思考过程】：保定实验动物的原则应以减少动物痛苦和应激反应为核心，因此C选项正确。温和保定（A）和善良抚慰（B）符合人道操作要求，有助于缓解动物紧张情绪。充分限制活动（D）可能过度约束导致动物应激，不符合福利原则。保定器具的材质要求（E）属于操作工具选择，不属于基本原则。因此正确答案为ABC。

【最终答案】：ABC",客观题,ABC
动物实验,"你是一个严格按照要求答题的医学考试考生。请你先展示出完整的思考过程，然后再输出最终答案。每道题目有至少两个选项（A、B）至多五个选项（A、B、C、D、E），题目为不定项选择题，请按照以下格式作答：

【思考过程】：...

【最终答案】：AB / BCE / CD / DE / E / ...（只输出选项的编号，不要写选项内容）

示例：
题目：医疗伦理中四大基本原则是？
A.尊重自主权
B.善意行为
C.无害原则
D.公正原则
E.以上都不是
【思考过程】：本题考查医学伦理的四大基本原则，包括尊重自主权、不伤害原则、行善原则、公正原则。

【最终答案】：ABCD

题目：处死实验动物时，以下哪种做法符合法规要求？
A.按照人道主义原则实施安死术，但允许其他动物在场进行教学观摩，B.实施安死术时全程录像存档并让其他动物在场，C.实施安死术后立即焚化动物尸体，D.仅按安死术处置却未隔离观察动物反应，E.使用非人道手段处死但确保无其他动物在场
【思考过程】：",C,Qwen3-235B-A22B,"【思考过程】：本题考查实验动物安死术的法规要求。根据国际实验动物伦理准则：1.安死术需使用人道方法（如麻醉后处死），确保动物无痛苦；2.操作环境应避免其他动物在场以减少应激；3.需确认动物死亡后妥善处理尸体（如焚化、深埋）。选项C描述安死术后立即焚化尸体，符合尸体处理规范；其他选项均存在违规（A/B允许其他动物在场，D未确认动物死亡，E使用非人道方法）。故仅C符合法规。

【最终答案】：C",客观题,C
动物实验,"你是一个严格按照要求答题的医学考试考生。请你先展示出完整的思考过程，然后再输出最终答案。每道题目有至少两个选项（A、B）至多五个选项（A、B、C、D、E），题目为不定项选择题，请按照以下格式作答：

【思考过程】：...

【最终答案】：AB / BCE / CD / DE / E / ...（只输出选项的编号，不要写选项内容）

示例：
题目：医疗伦理中四大基本原则是？
A.尊重自主权
B.善意行为
C.无害原则
D.公正原则
E.以上都不是
【思考过程】：本题考查医学伦理的四大基本原则，包括尊重自主权、不伤害原则、行善原则、公正原则。

【最终答案】：ABCD

题目：在动物实验中，“仁慈终点”的正确应用方式是什么？
A.当动物出现轻微不适症状时立即终止实验 B.动物濒死时继续观察24小时以收集数据 C.当动物出现不可逆的痛苦或濒死状态时及时实施安乐死 D.对实验动物实施镇痛措施后继续实验直至自然死亡
【思考过程】：",C,Qwen3-235B-A22B,"【思考过程】：仁慈终点指在动物实验中，当动物出现不可逆的痛苦或濒死状态时，应及时实施安乐死以避免其承受过度痛苦，而不是继续实验或延迟处理。选项C明确符合这一原则。选项A的“轻微不适”未达需安乐死的程度；选项B的“继续观察24小时”违背及时终止痛苦的要求；选项D的“继续实验直至自然死亡”不符合仁慈终点的干预时机。

【最终答案】：C",客观题,C
动物实验,"你是一个严格按照要求答题的医学考试考生。请你先展示出完整的思考过程，然后再输出最终答案。每道题目有至少两个选项（A、B）至多五个选项（A、B、C、D、E），题目为不定项选择题，请按照以下格式作答：

【思考过程】：...

【最终答案】：AB / BCE / CD / DE / E / ...（只输出选项的编号，不要写选项内容）

示例：
题目：医疗伦理中四大基本原则是？
A.尊重自主权
B.善意行为
C.无害原则
D.公正原则
E.以上都不是
【思考过程】：本题考查医学伦理的四大基本原则，包括尊重自主权、不伤害原则、行善原则、公正原则。

【最终答案】：ABCD

题目：以下关于灵长类实验动物处理的做法中，哪一项符合我国相关规定？
A.为节省饲养成本，实验结束后将健康的猿猴处死
B.实验中未出现预期结果的猕猴被主动处死
C.因存在不可治愈的严重伤病，对实验后的黑猩猩实行安乐死
D.为避免人道争议，实验后所有非猿类灵长动物均安乐死
E.减轻动物未来可能的痛苦可直接提前处死衰老个体
【思考过程】：",C,Qwen3-235B-A22B,"【思考过程】：根据我国关于实验动物伦理的相关规定，安乐死应基于减轻动物当前无法缓解的痛苦或严重伤病无法治愈等情况。选项C中因不可治愈的严重伤病对黑猩猩实行安乐死符合这一原则。选项A（节省成本处死健康动物）、B（实验失败主动处死）、D（强制性处死所有非猿类灵长动物）、E（提前处死衰老个体）均不符合伦理规范中的必要性和人道原则。

【最终答案】：C",客观题,C
动物实验,"你是一个严格按照要求答题的医学考试考生。请你先展示出完整的思考过程，然后再输出最终答案。每道题目有至少两个选项（A、B）至多五个选项（A、B、C、D、E），题目为不定项选择题，请按照以下格式作答：

【思考过程】：...

【最终答案】：AB / BCE / CD / DE / E / ...（只输出选项的编号，不要写选项内容）

示例：
题目：医疗伦理中四大基本原则是？
A.尊重自主权
B.善意行为
C.无害原则
D.公正原则
E.以上都不是
【思考过程】：本题考查医学伦理的四大基本原则，包括尊重自主权、不伤害原则、行善原则、公正原则。

【最终答案】：ABCD

题目：关于使用实验动物的科研项目实施流程，哪一情形违反相关法规？
A.研究团队制定方案后经实验动物道德委员会批准启动实验
B.实施方案经实验室安全委员会审核备案半年后开始实施
C.项目负责人修改未通过伦理审查的方案后自行开展预实验
D.实验动物管理委员会附加修改意见后驳回高风险方案
【思考过程】：",C,Qwen3-235B-A22B,"【思考过程】：本题考查实验动物使用法规中的流程合规性。选项C中，未通过伦理审查的方案即使修改后也必须重新提交审查，擅自开展预实验违反规定。选项B中，审核备案后半年实施是否违规需看备案是否等同批准及有效期，但通常伦理审查有效期为1年，半年内实施合规。选项D属于正常流程，选项A正确。因此仅选项C违规。

【最终答案】：C",客观题,C
动物实验,"你是一个严格按照要求答题的医学考试考生。请你先展示出完整的思考过程，然后再输出最终答案。每道题目有至少两个选项（A、B）至多五个选项（A、B、C、D、E），题目为不定项选择题，请按照以下格式作答：

【思考过程】：...

【最终答案】：AB / BCE / CD / DE / E / ...（只输出选项的编号，不要写选项内容）

示例：
题目：医疗伦理中四大基本原则是？
A.尊重自主权
B.善意行为
C.无害原则
D.公正原则
E.以上都不是
【思考过程】：本题考查医学伦理的四大基本原则，包括尊重自主权、不伤害原则、行善原则、公正原则。

【最终答案】：ABCD

题目：以下哪些行为属于虐待实验动物？
A.因实验需要未对动物实施麻醉进行心脏手术
B.在运输过程中违反规定导致大量实验动物死亡
C.未定期清洁动物设施导致环境轻微脏乱
D.非实验需要用刺激性食物喂养动物
【思考过程】：",ABD,Qwen3-235B-A22B,"【思考过程】：虐待实验动物通常指违反伦理和规范，对动物造成不必要的痛苦或死亡的行为。选项A中“因实验需要未使用麻醉”属于科学实验的合理范围（需伦理审批），通常不视为虐待；选项B因运输违规导致动物死亡属于严重失职，属于虐待；选项C的轻微脏乱未达到虐待程度；选项D非实验用刺激性食物喂养属于故意伤害动物，属于虐待。

【最终答案】：BD",客观题,BD
动物实验,"你是一个严格按照要求答题的医学考试考生。请你先展示出完整的思考过程，然后再输出最终答案。每道题目有至少两个选项（A、B）至多五个选项（A、B、C、D、E），题目为不定项选择题，请按照以下格式作答：

【思考过程】：...

【最终答案】：AB / BCE / CD / DE / E / ...（只输出选项的编号，不要写选项内容）

示例：
题目：医疗伦理中四大基本原则是？
A.尊重自主权
B.善意行为
C.无害原则
D.公正原则
E.以上都不是
【思考过程】：本题考查医学伦理的四大基本原则，包括尊重自主权、不伤害原则、行善原则、公正原则。

【最终答案】：ABCD

题目：以下哪些行为符合法规中定义的虐待实验动物情形？
A.实验后未清洁器械造成伤口感染
B.长时间未更换通风系统导致动物呼吸困难死亡
C.进行器官移植手术时未进行局部消毒处理
D.未对猕猴使用异氟烷吸入麻醉进行开颅实验
E.运输箱温度异常导致5%实验鼠死亡
F.未建立生物隔离措施致使实验犬感染狂犬病
【思考过程】：",BDF,Qwen3-235B-A22B,"【思考过程】：本题考查实验动物法规中虐待的定义。虐待通常包括因疏忽或不当操作导致动物不必要的痛苦、伤害或死亡。A选项因器械未清洁导致感染属于术后护理不当；B选项通风系统问题导致死亡属于环境管理疏失；C选项手术未消毒引发感染属于操作失误；D选项未使用适当麻醉直接进行开颅实验属于未缓解痛苦；E选项运输温度异常致死属于运输环境管理不当；F选项未隔离措施导致感染属于生物安全管理疏漏。根据法规，上述行为均因未履行必要护理或规范操作导致动物遭受可避免的伤害，符合虐待定义。

【最终答案】：ABCDEF",客观题,ABCDEF
动物实验,"你是一个严格按照要求答题的医学考试考生。请你先展示出完整的思考过程，然后再输出最终答案。每道题目有至少两个选项（A、B）至多五个选项（A、B、C、D、E），题目为不定项选择题，请按照以下格式作答：

【思考过程】：...

【最终答案】：AB / BCE / CD / DE / E / ...（只输出选项的编号，不要写选项内容）

示例：
题目：医疗伦理中四大基本原则是？
A.尊重自主权
B.善意行为
C.无害原则
D.公正原则
E.以上都不是
【思考过程】：本题考查医学伦理的四大基本原则，包括尊重自主权、不伤害原则、行善原则、公正原则。

【最终答案】：ABCD

题目：以下哪些行为可能被认定为虐待实验动物？
A.实验中未及时为小鼠更换垫料致其感染死亡
B.因运输箱破损导致30只实验犬在运输中窒息
C.未完全麻醉即对猕猴实施腹腔手术
D.因实验需要给大鼠植入不可逆神经抑制装置
E.使用水合氯醛静脉注射对豚鼠实施安乐死
【思考过程】：",ABC,Qwen3-235B-A22B,"【思考过程】：虐待实验动物通常涉及未必要素导致的痛苦或管理疏失。A选项因未更换垫料致感染死亡，属于饲养管理不当；B选项运输箱破损导致窒息，反映运输管理失职；C选项未完全麻醉即手术，直接造成疼痛；E选项水合氯醛静脉注射安乐死可能不符合规范方法。D选项为实验需要且可能经伦理审批，不视为虐待。

【最终答案】：ABCE",客观题,ABCE
动物实验,"你是一个严格按照要求答题的医学考试考生。请你先展示出完整的思考过程，然后再输出最终答案。每道题目有至少两个选项（A、B）至多五个选项（A、B、C、D、E），题目为不定项选择题，请按照以下格式作答：

【思考过程】：...

【最终答案】：AB / BCE / CD / DE / E / ...（只输出选项的编号，不要写选项内容）

示例：
题目：医疗伦理中四大基本原则是？
A.尊重自主权
B.善意行为
C.无害原则
D.公正原则
E.以上都不是
【思考过程】：本题考查医学伦理的四大基本原则，包括尊重自主权、不伤害原则、行善原则、公正原则。

【最终答案】：ABCD

题目：以下哪些行为属于法规定义的虐待实验动物范畴？
A.运输实验动物期间未全程维持25℃恒温环境，B.在脑外科实验中未使用镇痛剂完成开颅手术，C.按规范实施麻醉后进行动物脾脏切除术，D.出于实验需求重复进行基因编辑测试，E.使用过量巴比妥类麻醉剂处理濒死动物
【思考过程】：",BE,Qwen3-235B-A22B,"【思考过程】：本题考查实验动物伦理与法规中虐待行为的界定。虐待实验动物通常包括未合理减轻动物痛苦、违反操作规范导致动物应激或伤害等。  
- **A**：运输中未维持恒温环境可能因温度应激导致动物不适，若规范明确要求恒温，则属于管理疏忽引发的虐待。  
- **B**：未使用镇痛剂进行开颅手术直接造成动物剧烈疼痛，明显违反伦理要求，属于虐待。  
- **C**：规范麻醉后手术符合伦理，不属于虐待。  
- **D**：重复基因编辑测试若经伦理审批且科学必要，不构成虐待。  
- **E**：过量巴比妥类麻醉剂用于安乐死是推荐方法，未造成额外痛苦，不属于虐待。  

【最终答案】：AB",客观题,AB
常规诊疗,"你是一个严格按照要求答题的医学考试考生。请你先展示出完整的思考过程，然后再输出最终答案。每道题目有至少两个选项（A、B）至多五个选项（A、B、C、D、E），题目为不定项选择题，请按照以下格式作答：

【思考过程】：...

【最终答案】：AB / BCE / CD / DE / E / ...（只输出选项的编号，不要写选项内容）

示例：
题目：医疗伦理中四大基本原则是？
A.尊重自主权
B.善意行为
C.无害原则
D.公正原则
E.以上都不是
【思考过程】：本题考查医学伦理的四大基本原则，包括尊重自主权、不伤害原则、行善原则、公正原则。

【最终答案】：ABCD

题目：患者在诊疗活动中受到损害时，医疗机构赔偿责任成立的依据是以下哪一条件？
A.医务人员存在主观故意，B.医疗机构未完全履行合同约定，C.医疗行为与损害后果存在因果关系且存在过错，D.患者未签署全部知情同意书，E.患者在康复期间存在不遵医嘱行为
【思考过程】：",C,Qwen3-235B-A22B,"【思考过程】：根据《民法典》侵权责任编相关规定，医疗机构承担赔偿责任需满足两个核心要件：一是医疗行为存在过错（如违反诊疗规范），二是该过错行为与患者损害后果之间存在直接因果关系。选项C完整涵盖了这两个法律构成要件。A选项主观故意属于故意侵权范畴，但医疗损害通常适用过错责任；B选项涉及合同责任而非侵权责任；D选项未签知情同意书需结合是否因此导致损害才构成责任；E选项属于患者过错，可能减轻机构责任而非构成机构责任的依据。

【最终答案】：C",客观题,C
常规诊疗,"你是一个严格按照要求答题的医学考试考生。请你先展示出完整的思考过程，然后再输出最终答案。每道题目有至少两个选项（A、B）至多五个选项（A、B、C、D、E），题目为不定项选择题，请按照以下格式作答：

【思考过程】：...

【最终答案】：AB / BCE / CD / DE / E / ...（只输出选项的编号，不要写选项内容）

示例：
题目：医疗伦理中四大基本原则是？
A.尊重自主权
B.善意行为
C.无害原则
D.公正原则
E.以上都不是
【思考过程】：本题考查医学伦理的四大基本原则，包括尊重自主权、不伤害原则、行善原则、公正原则。

【最终答案】：ABCD

题目：在常规诊疗中，以下哪些情况需要医务人员向患者详细说明医疗风险及替代方案，并取得明确同意？
A.常规体检
B.实施手术
C.特殊检查
D.特殊治疗
E.日常药物治疗
【思考过程】：",BCD,Qwen3-235B-A22B,"【思考过程】：根据《侵权责任法》及医疗规范，医务人员需对具有较高风险或侵入性的诊疗活动履行充分告知义务。手术（B）、特殊检查（C）和特殊治疗（D）均属于法律明确规定的需取得书面知情同意的情形。常规体检（A）和日常药物治疗（E）通常无需特殊告知，除非涉及特殊风险。

【最终答案】：BCD",客观题,BCD
常规诊疗,"你是一个严格按照要求答题的医学考试考生。请你先展示出完整的思考过程，然后再输出最终答案。每道题目有至少两个选项（A、B）至多五个选项（A、B、C、D、E），题目为不定项选择题，请按照以下格式作答：

【思考过程】：...

【最终答案】：AB / BCE / CD / DE / E / ...（只输出选项的编号，不要写选项内容）

示例：
题目：医疗伦理中四大基本原则是？
A.尊重自主权
B.善意行为
C.无害原则
D.公正原则
E.以上都不是
【思考过程】：本题考查医学伦理的四大基本原则，包括尊重自主权、不伤害原则、行善原则、公正原则。

【最终答案】：ABCD

题目：以下哪种情况下，医师可未经患者或其近亲属同意立即实施医疗措施？
A.患者腹痛但意识清醒时家属不在场，护士长签字批准
B.高空坠落呼吸骤停无法联系家属，科主任未到岗，值班医生执行抢救
C.癌症晚期患者家属拒绝治疗，主管医师请示病区护士长后停止输氧
D.患者昏迷且无家属在场，急诊主治医师经医务处处长批准实施开颅手术
【思考过程】：",D,Qwen3-235B-A22B,"【思考过程】：根据《中华人民共和国执业医师法》及医疗法规，医师在紧急情况下（如患者生命垂危、无法联系近亲属时）可不经同意立即实施抢救措施。选项B中患者高空坠落呼吸骤停且无法联系家属，符合紧急情况，值班医生执行抢救合法。选项D中患者昏迷且无家属在场，经医务处处长批准后实施开颅手术，符合程序要求。选项A中患者意识清醒应由患者本人签字，护士长签字无效；选项C中停止输氧需依据患者意愿或法律文书，护士长无决策权。

【最终答案】：BD",客观题,BD
常规诊疗,"你是一个严格按照要求答题的医学考试考生。请你先展示出完整的思考过程，然后再输出最终答案。每道题目有至少两个选项（A、B）至多五个选项（A、B、C、D、E），题目为不定项选择题，请按照以下格式作答：

【思考过程】：...

【最终答案】：AB / BCE / CD / DE / E / ...（只输出选项的编号，不要写选项内容）

示例：
题目：医疗伦理中四大基本原则是？
A.尊重自主权
B.善意行为
C.无害原则
D.公正原则
E.以上都不是
【思考过程】：本题考查医学伦理的四大基本原则，包括尊重自主权、不伤害原则、行善原则、公正原则。

【最终答案】：ABCD

题目：以下哪些情形应推定医疗机构有过错？
A.拒绝患者复印与纠纷无关的病历资料
B.隐匿与纠纷有关的病历资料
C.未及时更新患者的联系方式
D.伪造患者的血液检测报告
E.手术中违反操作规范
【思考过程】：",BDE,Qwen3-235B-A22B,"【思考过程】：根据《民法典》第一千二百二十二条，医疗机构存在以下情形可推定过错：违反诊疗规范（E）、隐匿病历（B）、伪造病历（D）。选项A拒绝提供无关病历不构成推定过错；选项C未更新联系方式属于管理疏忽，但非法定推定情形。

【最终答案】：BDE",客观题,BDE
常规诊疗,"你是一个严格按照要求答题的医学考试考生。请你先展示出完整的思考过程，然后再输出最终答案。每道题目有至少两个选项（A、B）至多五个选项（A、B、C、D、E），题目为不定项选择题，请按照以下格式作答：

【思考过程】：...

【最终答案】：AB / BCE / CD / DE / E / ...（只输出选项的编号，不要写选项内容）

示例：
题目：医疗伦理中四大基本原则是？
A.尊重自主权
B.善意行为
C.无害原则
D.公正原则
E.以上都不是
【思考过程】：本题考查医学伦理的四大基本原则，包括尊重自主权、不伤害原则、行善原则、公正原则。

【最终答案】：ABCD

题目：以下哪种情形下，医疗机构可能不承担赔偿责任？
A.患者家属阻挠医生实施符合诊疗规范的化疗方案
B.急性心梗患者心脏骤停时，急救人员因优先实施气管插管而延误胸外按压
C.某地方医院受限于医疗条件未能诊断为2018年才被国际确认的罕见病
D.因未及时采购新型显微设备导致误诊
【思考过程】：",ABC,Qwen3-235B-A22B,"【思考过程】：本题考查医疗机构免责情形。根据《民法典》相关规定，医疗机构在以下情形可免责：1.患者或家属不配合诊疗；2.紧急情况下合理医疗措施；3.限于医疗水平难以诊疗。分析各选项：
A项属于患者家属阻挠治疗，符合免责条件；
B项延误胸外按压可能违反诊疗规范，不属于免责；
C项因医疗条件限制无法诊断新发罕见病，符合免责；
D项未及时采购设备属于医疗过错，不能免责。

【最终答案】：AC",客观题,AC
常规诊疗,"你是一个严格按照要求答题的医学考试考生。请你先展示出完整的思考过程，然后再输出最终答案。每道题目有至少两个选项（A、B）至多五个选项（A、B、C、D、E），题目为不定项选择题，请按照以下格式作答：

【思考过程】：...

【最终答案】：AB / BCE / CD / DE / E / ...（只输出选项的编号，不要写选项内容）

示例：
题目：医疗伦理中四大基本原则是？
A.尊重自主权
B.善意行为
C.无害原则
D.公正原则
E.以上都不是
【思考过程】：本题考查医学伦理的四大基本原则，包括尊重自主权、不伤害原则、行善原则、公正原则。

【最终答案】：ABCD

题目：医疗机构及其医务人员在下列哪几种情形下需承担侵权责任？
A.将患者糖尿病史作为教学案例时隐去姓名
B.值班护士误将患者检验单遗留在公共候诊区
C.未经许可向药品推广人员提供患者联系方式
D.为研究目的公开确诊抑郁症患者的完整病历且未获患者书面同意
E.因系统漏洞导致患者就诊记录被黑客窃取但未传播
【思考过程】：",CD,Qwen3-235B-A22B,"【思考过程】：本题考查医疗机构及其医务人员需承担侵权责任的情形。根据《民法典》相关规定，医疗机构及其医务人员需对患者隐私保密，未经同意泄露或公开病历资料的应承担侵权责任。  
- **选项A**：隐去姓名作为教学案例是否侵权需看是否完全匿名。若仅隐去姓名而保留其他可识别信息，仍可能构成侵权，但实务中隐去姓名的教学使用通常视为合理使用，故不选。  
- **选项B**：护士遗失检验单导致患者信息泄露，属于未尽保密义务，构成侵权。  
- **选项C**：未经许可提供患者联系方式，直接泄露隐私，构成侵权。  
- **选项D**：公开完整病历且未获书面同意，涉及重大隐私泄露，构成侵权。  
- **选项E**：因系统漏洞导致患者信息被黑客窃取，医疗机构未尽安全保障义务，需承担责任。  

【最终答案】：BCDE",客观题,BCDE
常规诊疗,"你是一个严格按照要求答题的医学考试考生。请你先展示出完整的思考过程，然后再输出最终答案。每道题目有至少两个选项（A、B）至多五个选项（A、B、C、D、E），题目为不定项选择题，请按照以下格式作答：

【思考过程】：...

【最终答案】：AB / BCE / CD / DE / E / ...（只输出选项的编号，不要写选项内容）

示例：
题目：医疗伦理中四大基本原则是？
A.尊重自主权
B.善意行为
C.无害原则
D.公正原则
E.以上都不是
【思考过程】：本题考查医学伦理的四大基本原则，包括尊重自主权、不伤害原则、行善原则、公正原则。

【最终答案】：ABCD

题目：根据我国《医师法》，下列哪些情形应当注销医师注册并废止医师执业证书？
A.因患病主动辞职离岗满3年
B.因医疗纠纷被吊销医疗机构执业许可证
C.被法院判决构成医疗事故罪
D.中止医师执业活动超过3年
E.累计两次医师定期考核间隔期超过半年未通过
【思考过程】：",C,Qwen3-235B-A22B,"【思考过程】：根据《医师法》第三十七条，医师在以下情形应注销注册并废止执业证书：（一）死亡或被宣告失踪；（二）受刑事处罚；（三）受吊销执业证书行政处罚；（四）定期考核不合格且再次考核仍不合格；（五）中止执业满二年；（六）健康状况不适宜执业。选项C（构成医疗事故罪）对应（二），应选；选项D（中止执业超3年）符合（五）（因超过二年），应选；选项A（患病辞职满3年）未明确健康状况不适宜执业，不符合（六）；选项B涉及机构许可证吊销，与医师个人证书无关；选项E未达再次考核不合格的条件，故不选。

【最终答案】：CD",客观题,CD
常规诊疗,"你是一个严格按照要求答题的医学考试考生。请你先展示出完整的思考过程，然后再输出最终答案。每道题目有至少两个选项（A、B）至多五个选项（A、B、C、D、E），题目为不定项选择题，请按照以下格式作答：

【思考过程】：...

【最终答案】：AB / BCE / CD / DE / E / ...（只输出选项的编号，不要写选项内容）

示例：
题目：医疗伦理中四大基本原则是？
A.尊重自主权
B.善意行为
C.无害原则
D.公正原则
E.以上都不是
【思考过程】：本题考查医学伦理的四大基本原则，包括尊重自主权、不伤害原则、行善原则、公正原则。

【最终答案】：ABCD

题目：医疗机构在发现医师存在哪种情形时，必须在30日内报告卫生健康主管部门？
A.医师因身体原因暂停执业活动满一年
B.医师被患者投诉服务态度恶劣
C.医师中止医师执业活动满两年
D.医师因考核不合格被暂停执业后再次考核仍不合格
E.医师在社交媒体发表不当言论
【思考过程】：",CD,Qwen3-235B-A22B,"【思考过程】：根据《中华人民共和国执业医师法》第三十一条及《医师执业注册管理办法》相关规定，医疗机构发现医师存在以下情形需在30日内报告：医师中止执业活动满两年（C）；医师因考核不合格被暂停执业活动，再次考核仍不合格（D）。A选项暂停执业满一年未达法定报告标准；B选项属内部管理事项；E选项涉及职业道德但未明确列入法定报告情形。

【最终答案】：CD",客观题,CD
常规诊疗,"你是一个严格按照要求答题的医学考试考生。请你先展示出完整的思考过程，然后再输出最终答案。每道题目有至少两个选项（A、B）至多五个选项（A、B、C、D、E），题目为不定项选择题，请按照以下格式作答：

【思考过程】：...

【最终答案】：AB / BCE / CD / DE / E / ...（只输出选项的编号，不要写选项内容）

示例：
题目：医疗伦理中四大基本原则是？
A.尊重自主权
B.善意行为
C.无害原则
D.公正原则
E.以上都不是
【思考过程】：本题考查医学伦理的四大基本原则，包括尊重自主权、不伤害原则、行善原则、公正原则。

【最终答案】：ABCD

题目：医师注册后出现以下哪些情形应当注销注册并废止医师执业证书？
A.医师因受贿罪被判处有期徒刑三年
B.医师连续两年未参加定期考核
C.中止医师执业活动满三年
D.医疗事故导致患者死亡但未被吊销证书
E.医院因编制调整暂停医师执业
【思考过程】：",A,Qwen3-235B-A22B,"【思考过程】：根据《中华人民共和国执业医师法》及其相关规定，医师注册后出现以下情形应当注销注册并废止执业证书：①受刑事处罚（如受贿罪被判刑，选项A）；②连续两年未参加医师定期考核（选项B）；③中止执业活动满两年（选项C中止满三年更应注销）；④死亡或宣告失踪等。选项D中“未被吊销证书”说明未因医疗事故受到行政处罚，若未涉及刑事犯罪，则不符合注销条件。选项E为医院原因暂停执业，非医师自身原因且未达中止执业时限，不构成注销依据。

【最终答案】：ABC",客观题,ABC
常规诊疗,"你是一个严格按照要求答题的医学考试考生。请你先展示出完整的思考过程，然后再输出最终答案。每道题目有至少两个选项（A、B）至多五个选项（A、B、C、D、E），题目为不定项选择题，请按照以下格式作答：

【思考过程】：...

【最终答案】：AB / BCE / CD / DE / E / ...（只输出选项的编号，不要写选项内容）

示例：
题目：医疗伦理中四大基本原则是？
A.尊重自主权
B.善意行为
C.无害原则
D.公正原则
E.以上都不是
【思考过程】：本题考查医学伦理的四大基本原则，包括尊重自主权、不伤害原则、行善原则、公正原则。

【最终答案】：ABCD

题目：以下哪些属于医师在执业活动中必须履行的义务？（多选）
A.遵循临床诊疗指南和医学伦理规范
B.定期更新医学知识并提升专业能力
C.向患者收取药品回扣以提高收入
D.宣传与岗位无关的健康知识
E.泄露患者隐私信息用于医学研究
【思考过程】：",AB,Qwen3-235B-A22B,"【思考过程】：医师的义务包括遵循诊疗指南和伦理规范（A）、持续学习更新知识（B）。收取回扣（C）、宣传无关健康知识（D）、泄露隐私（E）均违反职业道德或法律。  

【最终答案】：AB",客观题,AB
常规诊疗,"你是一个严格按照要求答题的医学考试考生。请你先展示出完整的思考过程，然后再输出最终答案。每道题目有至少两个选项（A、B）至多五个选项（A、B、C、D、E），题目为不定项选择题，请按照以下格式作答：

【思考过程】：...

【最终答案】：AB / BCE / CD / DE / E / ...（只输出选项的编号，不要写选项内容）

示例：
题目：医疗伦理中四大基本原则是？
A.尊重自主权
B.善意行为
C.无害原则
D.公正原则
E.以上都不是
【思考过程】：本题考查医学伦理的四大基本原则，包括尊重自主权、不伤害原则、行善原则、公正原则。

【最终答案】：ABCD

题目：以下哪些属于医师在执业活动中必须履行的义务？
A.在社交媒体平台直播罕见病例诊疗过程
B.未获授权查阅亲属的就诊记录
C.定期参加专业能力提升培训
D.向慢性病患者推荐同业专家专著
E.要求门诊患者签署默认科普告知书
【思考过程】：",C,Qwen3-235B-A22B,"【思考过程】：医师义务包括遵守法规、提升专业能力、健康教育等。选项C符合专业培训义务；选项D若为健康教育的一部分则正确；选项E的“默认签署”可能侵犯知情权，不正确。选项A和B均违反隐私保护规定。

【最终答案】：CD",客观题,CD
常规诊疗,"你是一个严格按照要求答题的医学考试考生。请你先展示出完整的思考过程，然后再输出最终答案。每道题目有至少两个选项（A、B）至多五个选项（A、B、C、D、E），题目为不定项选择题，请按照以下格式作答：

【思考过程】：...

【最终答案】：AB / BCE / CD / DE / E / ...（只输出选项的编号，不要写选项内容）

示例：
题目：医疗伦理中四大基本原则是？
A.尊重自主权
B.善意行为
C.无害原则
D.公正原则
E.以上都不是
【思考过程】：本题考查医学伦理的四大基本原则，包括尊重自主权、不伤害原则、行善原则、公正原则。

【最终答案】：ABCD

题目：以下哪项属于医师在执业活动中必须履行的义务？
A.执行疫情防控等公共卫生措施
B.遵循临床技术操作规范
C.对未成年人进行交通法规科普宣传
D.参与抗癌新药临床试验
E.保护患者隐私和个人信息
【思考过程】：",ABE,Qwen3-235B-A22B,"【思考过程】：医师执业义务包括执行公共卫生措施（A）、遵守临床规范（B）、保护患者隐私（E）。交通法规宣传（C）非医疗职责，参与临床试验（D）属科研非强制义务。

【最终答案】：ABE",客观题,ABE
常规诊疗,"你是一个严格按照要求答题的医学考试考生。请你先展示出完整的思考过程，然后再输出最终答案。每道题目有至少两个选项（A、B）至多五个选项（A、B、C、D、E），题目为不定项选择题，请按照以下格式作答：

【思考过程】：...

【最终答案】：AB / BCE / CD / DE / E / ...（只输出选项的编号，不要写选项内容）

示例：
题目：医疗伦理中四大基本原则是？
A.尊重自主权
B.善意行为
C.无害原则
D.公正原则
E.以上都不是
【思考过程】：本题考查医学伦理的四大基本原则，包括尊重自主权、不伤害原则、行善原则、公正原则。

【最终答案】：ABCD

题目：以下哪些行为违反了上述法规？
A.未亲自诊查即开具慢性病处方
B.按规范程序报废并销毁存储满三年的病历原件
C.篡改患者血脂异常检查结果以匹配诊断结论
D.内科医师为车祸伤者出具完全丧失劳动能力的骨科证明
E.在急诊值班时代签其他医师负责患者的抢救医嘱
【思考过程】：",ACDE,Qwen3-235B-A22B,"【思考过程】：本题考查医疗法规中的违规行为。  
A选项：未亲自诊查患者即开具处方，违反诊疗规范，属于违规。  
B选项：病历保存时间通常要求更长（如门诊15年、住院30年），存储三年即销毁明显违反法规，即使声称“按规范程序”，其程序本身不合规。  
C选项：篡改检查结果属于伪造医疗文书，严重违规。  
D选项：内科医师出具骨科证明属于超范围执业，违反法规。  
E选项：代签其他医师医嘱违反医疗文书签署规定，属于违规行为。  

【最终答案】：ABCDE",客观题,ABCDE
常规诊疗,"你是一个严格按照要求答题的医学考试考生。请你先展示出完整的思考过程，然后再输出最终答案。每道题目有至少两个选项（A、B）至多五个选项（A、B、C、D、E），题目为不定项选择题，请按照以下格式作答：

【思考过程】：...

【最终答案】：AB / BCE / CD / DE / E / ...（只输出选项的编号，不要写选项内容）

示例：
题目：医疗伦理中四大基本原则是？
A.尊重自主权
B.善意行为
C.无害原则
D.公正原则
E.以上都不是
【思考过程】：本题考查医学伦理的四大基本原则，包括尊重自主权、不伤害原则、行善原则、公正原则。

【最终答案】：ABCD

题目：以下哪些情况需医师向患者详细说明医疗风险并取得明确同意？
A.常规实验室检查
B.实施外科手术
C.开展特殊影像学检查
D.使用新型生物治疗技术
E.开具普通抗生素
【思考过程】：",BCD,Qwen3-235B-A22B,"【思考过程】：本题考查医师需向患者详细说明医疗风险并取得明确同意的情形。根据《侵权责任法》第五十五条，涉及手术、特殊检查、特殊治疗时，医疗机构需履行充分告知义务并取得书面同意。外科手术（B）属于常规手术操作，必然涉及显著风险；特殊影像学检查（C）如造影剂注射或高辐射暴露检查，可能具有较高风险；新型生物治疗技术（D）属于试验性或特殊治疗，需明确告知潜在风险。常规实验室检查（A）和普通抗生素（E）风险较低，通常无需单独详细说明。

【最终答案】：BCD",客观题,BCD
常规诊疗,"你是一个严格按照要求答题的医学考试考生。请你先展示出完整的思考过程，然后再输出最终答案。每道题目有至少两个选项（A、B）至多五个选项（A、B、C、D、E），题目为不定项选择题，请按照以下格式作答：

【思考过程】：...

【最终答案】：AB / BCE / CD / DE / E / ...（只输出选项的编号，不要写选项内容）

示例：
题目：医疗伦理中四大基本原则是？
A.尊重自主权
B.善意行为
C.无害原则
D.公正原则
E.以上都不是
【思考过程】：本题考查医学伦理的四大基本原则，包括尊重自主权、不伤害原则、行善原则、公正原则。

【最终答案】：ABCD

题目：医师开展新型血糖仪临床研究时，必须满足以下哪些要求？
A.项目设计符合省级技术标准
B.采用三级医院制定的伦理规范
C.通过机构伦理委员会审查
D.获得患者的口头使用授权
E.在医保备案系统登记项目信息
【思考过程】：",C,Qwen3-235B-A22B,"【思考过程】：医师开展临床研究必须遵守医学伦理规范，核心要求包括通过机构伦理委员会审查（C）。选项A（省级技术标准）非强制性要求；B（三级医院伦理规范）错误，伦理规范由伦理委员会而非医院制定；D（口头授权）不符合知情同意书面要求；E（医保备案）与研究伦理无关。因此仅C符合基本伦理审查要求。

【最终答案】：C",客观题,C
常规诊疗,"你是一个严格按照要求答题的医学考试考生。请你先展示出完整的思考过程，然后再输出最终答案。每道题目有至少两个选项（A、B）至多五个选项（A、B、C、D、E），题目为不定项选择题，请按照以下格式作答：

【思考过程】：...

【最终答案】：AB / BCE / CD / DE / E / ...（只输出选项的编号，不要写选项内容）

示例：
题目：医疗伦理中四大基本原则是？
A.尊重自主权
B.善意行为
C.无害原则
D.公正原则
E.以上都不是
【思考过程】：本题考查医学伦理的四大基本原则，包括尊重自主权、不伤害原则、行善原则、公正原则。

【最终答案】：ABCD

题目：在因抢救生命垂危患者无法取得意见的情况下，实施医疗措施需符合哪些条件？
A.现场所有医护人员表决通过
B.主治医师独立批准即可
C.医疗机构负责人或授权人批准
D.患者直系亲属电话口头同意
E.等待医疗伦理委员会审议后实施
【思考过程】：",C,Qwen3-235B-A22B,"【思考过程】：根据《民法典》第1220条，抢救生命垂危患者且无法取得患者或近亲属意见时，需经医疗机构负责人或授权负责人批准方可实施紧急措施。选项C符合此规定；选项A（全员表决）、B（主治医师独立批准）、D（家属口头同意）、E（等待伦理委员会审议）均不符合紧急救治的法定程序。

【最终答案】：C",客观题,C
常规诊疗,"你是一个严格按照要求答题的医学考试考生。请你先展示出完整的思考过程，然后再输出最终答案。每道题目有至少两个选项（A、B）至多五个选项（A、B、C、D、E），题目为不定项选择题，请按照以下格式作答：

【思考过程】：...

【最终答案】：AB / BCE / CD / DE / E / ...（只输出选项的编号，不要写选项内容）

示例：
题目：医疗伦理中四大基本原则是？
A.尊重自主权
B.善意行为
C.无害原则
D.公正原则
E.以上都不是
【思考过程】：本题考查医学伦理的四大基本原则，包括尊重自主权、不伤害原则、行善原则、公正原则。

【最终答案】：ABCD

题目：除按照规范用于诊断治疗外，医师不得使用以下哪些药品？
A.麻醉药品
B.青霉素类抗生素
C.医疗用毒性药品
D.精神药品
E.放射性药品
【思考过程】：",ACDE,Qwen3-235B-A22B,"【思考过程】：题目涉及医师不得使用的药品类别，除规范用于诊断治疗外。麻醉药品（A）、医疗用毒性药品（C）、精神药品（D）和放射性药品（E）均属于特殊管理的药品，必须严格按规范使用，否则存在滥用或危害风险。青霉素类抗生素（B）虽需注意过敏问题，但未列入此类严格管控范围。

【最终答案】：ACDE",客观题,ACDE
常规诊疗,"你是一个严格按照要求答题的医学考试考生。请你先展示出完整的思考过程，然后再输出最终答案。每道题目有至少两个选项（A、B）至多五个选项（A、B、C、D、E），题目为不定项选择题，请按照以下格式作答：

【思考过程】：...

【最终答案】：AB / BCE / CD / DE / E / ...（只输出选项的编号，不要写选项内容）

示例：
题目：医疗伦理中四大基本原则是？
A.尊重自主权
B.善意行为
C.无害原则
D.公正原则
E.以上都不是
【思考过程】：本题考查医学伦理的四大基本原则，包括尊重自主权、不伤害原则、行善原则、公正原则。

【最终答案】：ABCD

题目：在尚无有效治疗手段的特殊情况下，医师采用药品说明书外的用法需满足哪些条件？
A.获得科室主任签字同意
B.取得患者明确知情同意
C.具备循证医学证据支持
D.经多机构专家会诊认可
E.医疗机构审核处方适宜性
【思考过程】：",BCE,Qwen3-235B-A22B,"【思考过程】：本题考查特殊情况下超说明书用药的法定条件。根据《医疗机构管理条例》《执业医师法》及医学伦理要求：①必须基于循证医学证据（C），确保用药有科学依据；②需取得患者知情同意（B），保障患者知情权和选择权；③需经医疗机构审核处方适宜性（E），确保用药安全及合规性。科室主任签字（A）和多机构专家会诊（D）虽可能作为医院内部流程，但非法律明文规定的必要条件。

【最终答案】：BCE",客观题,BCE
常规诊疗,"你是一个严格按照要求答题的医学考试考生。请你先展示出完整的思考过程，然后再输出最终答案。每道题目有至少两个选项（A、B）至多五个选项（A、B、C、D、E），题目为不定项选择题，请按照以下格式作答：

【思考过程】：...

【最终答案】：AB / BCE / CD / DE / E / ...（只输出选项的编号，不要写选项内容）

示例：
题目：医疗伦理中四大基本原则是？
A.尊重自主权
B.善意行为
C.无害原则
D.公正原则
E.以上都不是
【思考过程】：本题考查医学伦理的四大基本原则，包括尊重自主权、不伤害原则、行善原则、公正原则。

【最终答案】：ABCD

题目：以下哪些行为违反了医师职业伦理与相关法规？
A.医师要求患者到指定药店购买高价药品，B.根据患者症状开具常规血常规检查，C.未经验证患者症状即开具昂贵影像学检查，D.主动拒绝患者家属赠送的购物卡，E.为长期随访患者定期复查肝功能
【思考过程】：",AC,Qwen3-235B-A22B,"【思考过程】：本题考查医师职业伦理与法规。A选项涉及医师指定药店获取利益，属于商业贿赂，违反伦理；B选项为有症状下的常规检查，属合理诊疗；C选项未核实症状即开昂贵检查，属过度医疗；D选项拒收礼品符合规范；E选项定期复查肝功能属病情需要。故违反伦理的是A和C。

【最终答案】：AC",客观题,AC
常规诊疗,"你是一个严格按照要求答题的医学考试考生。请你先展示出完整的思考过程，然后再输出最终答案。每道题目有至少两个选项（A、B）至多五个选项（A、B、C、D、E），题目为不定项选择题，请按照以下格式作答：

【思考过程】：...

【最终答案】：AB / BCE / CD / DE / E / ...（只输出选项的编号，不要写选项内容）

示例：
题目：医疗伦理中四大基本原则是？
A.尊重自主权
B.善意行为
C.无害原则
D.公正原则
E.以上都不是
【思考过程】：本题考查医学伦理的四大基本原则，包括尊重自主权、不伤害原则、行善原则、公正原则。

【最终答案】：ABCD

题目：医师在执业活动中发现以下哪些情形时，应当及时向所在机构或有关部门报告？
A.发现某批次疫苗存在异常过敏反应记录
B.患者因自行服用中药导致肝功能异常
C.某住院患者因误诊导致永久性残疾
D.门诊查获标注有效期篡改的降压药片
E.社区突发多例发热伴皮疹的聚集性病例
【思考过程】：",ACDE,Qwen3-235B-A22B,"【思考过程】：本题考查医师在执业活动中需报告的情形。根据相关法规，医师需报告的情形包括：药品不良反应（A、B）、医疗事故（C）、假劣药品（D）、突发公共卫生事件（E）。A选项涉及疫苗异常反应，属药品不良反应范畴，需报告。B选项患者自行服用中药导致肝损伤，属药品不良反应，医师发现后需报告。C选项误诊致残属医疗事故，必须上报。D选项篡改有效期的药品属劣药，需向药监部门报告。E选项聚集性病例属传染病暴发，应立即报告疾控部门。因此，所有选项均需报告。

【最终答案】：ABCDE",客观题,ABCDE
常规诊疗,"你是一个严格按照要求答题的医学考试考生。请你先展示出完整的思考过程，然后再输出最终答案。每道题目有至少两个选项（A、B）至多五个选项（A、B、C、D、E），题目为不定项选择题，请按照以下格式作答：

【思考过程】：...

【最终答案】：AB / BCE / CD / DE / E / ...（只输出选项的编号，不要写选项内容）

示例：
题目：医疗伦理中四大基本原则是？
A.尊重自主权
B.善意行为
C.无害原则
D.公正原则
E.以上都不是
【思考过程】：本题考查医学伦理的四大基本原则，包括尊重自主权、不伤害原则、行善原则、公正原则。

【最终答案】：ABCD

题目：下列哪种情形下医师无需立即向有关部门报告？
A.发现患者因流感症状就诊，诊断为普通感冒
B.发现一名患者使用某降压药后出现严重皮疹
C.发现某批次药品有效成分不足，怀疑为假药
D.发现患者因家庭纠纷导致的轻微外伤
E.手术过程中因操作失误导致患者器官损伤
【思考过程】：",D,Qwen3-235B-A22B,"【思考过程】：本题考查医师需报告的情形。A选项为普通感冒无需报告；D选项为轻微外伤且属家庭纠纷，通常无需立即上报。其他选项均涉及药品不良反应、假药怀疑、医疗事故或家庭暴力相关伤害，需报告。

【最终答案】：AD",客观题,AD
常规诊疗,"你是一个严格按照要求答题的医学考试考生。请你先展示出完整的思考过程，然后再输出最终答案。每道题目有至少两个选项（A、B）至多五个选项（A、B、C、D、E），题目为不定项选择题，请按照以下格式作答：

【思考过程】：...

【最终答案】：AB / BCE / CD / DE / E / ...（只输出选项的编号，不要写选项内容）

示例：
题目：医疗伦理中四大基本原则是？
A.尊重自主权
B.善意行为
C.无害原则
D.公正原则
E.以上都不是
【思考过程】：本题考查医学伦理的四大基本原则，包括尊重自主权、不伤害原则、行善原则、公正原则。

【最终答案】：ABCD

题目：以下哪些行为属于医师执业中的违规行为？
A.未经患者同意进行手术
B.拒绝紧急救治导致延误
C.未能参加所有专业培训
D.未及时报告传染病疫情
E.诊疗疏忽导致患者残疾
【思考过程】：",ABDE,Qwen3-235B-A22B,"【思考过程】：医师执业违规行为需依据《中华人民共和国执业医师法》及医疗规范判断。A选项违反知情同意原则，属于违规；B选项违反紧急救治义务，导致延误构成违规；C选项“未能参加所有专业培训”需具体分析，但未明确强制要求必须参加全部，通常不构成绝对违规；D选项未报告传染病疫情违反法定报告义务；E选项诊疗疏忽导致患者残疾属于医疗事故，构成违规。因此，A、B、D、E属于违规行为。

【最终答案】：ABDE",客观题,ABDE
常规诊疗,"你是一个严格按照要求答题的医学考试考生。请你先展示出完整的思考过程，然后再输出最终答案。每道题目有至少两个选项（A、B）至多五个选项（A、B、C、D、E），题目为不定项选择题，请按照以下格式作答：

【思考过程】：...

【最终答案】：AB / BCE / CD / DE / E / ...（只输出选项的编号，不要写选项内容）

示例：
题目：医疗伦理中四大基本原则是？
A.尊重自主权
B.善意行为
C.无害原则
D.公正原则
E.以上都不是
【思考过程】：本题考查医学伦理的四大基本原则，包括尊重自主权、不伤害原则、行善原则、公正原则。

【最终答案】：ABCD

题目：根据《医师法》相关规定，医师违反诊疗规范可能面临吊销执业证书的情形包含下列哪些行为？
A.对患者实施不必要的检查造成不良后果
B.利用职务之便索要患者财物
C.为患者合法实施理疗时收取正常劳务报酬
D.未经充分沟通实施必要检查
【思考过程】：",AB,Qwen3-235B-A22B,"【思考过程】：根据《医师法》第三十七条，医师违反诊疗规范并造成严重后果（A）或利用职务之便索要财物（B）属于可吊销执业证书的情形。选项C为合法行为，D中“必要检查”虽存在沟通问题，但未明确是否造成严重后果，通常不直接吊销证书。

【最终答案】：AB",客观题,AB
常规诊疗,"你是一个严格按照要求答题的医学考试考生。请你先展示出完整的思考过程，然后再输出最终答案。每道题目有至少两个选项（A、B）至多五个选项（A、B、C、D、E），题目为不定项选择题，请按照以下格式作答：

【思考过程】：...

【最终答案】：AB / BCE / CD / DE / E / ...（只输出选项的编号，不要写选项内容）

示例：
题目：医疗伦理中四大基本原则是？
A.尊重自主权
B.善意行为
C.无害原则
D.公正原则
E.以上都不是
【思考过程】：本题考查医学伦理的四大基本原则，包括尊重自主权、不伤害原则、行善原则、公正原则。

【最终答案】：ABCD

题目：以下哪些行为符合我国关于患者知情同意权的规定？
A.医生仅在患者主动询问时告知常规检查的风险
B.实施胃肠镜检查前向患者说明可能的出血风险并签署同意书
C.急诊手术前仅取得患者口头同意即进行
D.因保护性医疗未向晚期癌症患者告知病情转为向其朋友说明治疗方案
E.临床试验新型降压药前通过医院伦理审查并向受试者签署知情同意书
【思考过程】：",BE,Qwen3-235B-A22B,"【思考过程】：本题考查我国患者知情同意权的相关规定。根据《侵权责任法》及医疗规范：  
1. **选项A**错误，医生应主动告知常规检查风险，而非被动等待患者询问。  
2. **选项B**正确，胃肠镜属于特殊检查，需书面告知风险并签署同意书。  
3. **选项C**正确，急诊手术若因紧急情况无法取得书面同意，可先口头同意并记录，事后补签。  
4. **选项D**错误，患者有知情权，即使保护性医疗也应优先告知本人，而非直接绕过患者向朋友说明。  
5. **选项E**正确，临床试验必须通过伦理审查并签署书面知情同意书。  

【最终答案】：BCE",客观题,BCE
常规诊疗,"你是一个严格按照要求答题的医学考试考生。请你先展示出完整的思考过程，然后再输出最终答案。每道题目有至少两个选项（A、B）至多五个选项（A、B、C、D、E），题目为不定项选择题，请按照以下格式作答：

【思考过程】：...

【最终答案】：AB / BCE / CD / DE / E / ...（只输出选项的编号，不要写选项内容）

示例：
题目：医疗伦理中四大基本原则是？
A.尊重自主权
B.善意行为
C.无害原则
D.公正原则
E.以上都不是
【思考过程】：本题考查医学伦理的四大基本原则，包括尊重自主权、不伤害原则、行善原则、公正原则。

【最终答案】：ABCD

题目：以下哪些条件是医疗卫生技术被国家严格管理的必要条件？
A.技术难度大
B.医疗风险高
C.对服务能力和人员专业技术水平要求较高
D.技术成本高
E.服务人数多
【思考过程】：",ABC,Qwen3-235B-A22B,"【思考过程】：本题考查医疗卫生技术被国家严格管理的必要条件。必要条件指该技术本身特性必须具备的关键因素。B（医疗风险高）直接关系患者安全，是国家强制规范的核心原因；C（对服务能力及人员专业水平要求高）需通过国家监管确保实施质量。A（技术难度大）可能包含在C中，D（成本高）与管理严格性无必然关联，E（服务人数多）并非管理必要条件。因此，B、C为必要条件。

【最终答案】：BC",客观题,BC
常规诊疗,"你是一个严格按照要求答题的医学考试考生。请你先展示出完整的思考过程，然后再输出最终答案。每道题目有至少两个选项（A、B）至多五个选项（A、B、C、D、E），题目为不定项选择题，请按照以下格式作答：

【思考过程】：...

【最终答案】：AB / BCE / CD / DE / E / ...（只输出选项的编号，不要写选项内容）

示例：
题目：医疗伦理中四大基本原则是？
A.尊重自主权
B.善意行为
C.无害原则
D.公正原则
E.以上都不是
【思考过程】：本题考查医学伦理的四大基本原则，包括尊重自主权、不伤害原则、行善原则、公正原则。

【最终答案】：ABCD

题目：以下哪些行为符合医学伦理规范对医疗卫生人员的要求？
A.优先推荐使用最新昂贵的诊疗技术
B.根据患者病情选择适宜的治疗方案
C.在患者主动要求下增加不必要的检查项目
D.拒绝患者家属以红包形式表示的感谢
【思考过程】：",BD,Qwen3-235B-A22B,"【思考过程】：选项B符合“行善原则”，医生应根据患者病情选择合适的治疗方案；选项D符合“廉洁自律”的要求，拒绝红包是医学伦理规范明确禁止的行为。选项A违背合理诊疗原则，选项C违反合理检查原则。

【最终答案】：BD",客观题,BD
常规诊疗,"你是一个严格按照要求答题的医学考试考生。请你先展示出完整的思考过程，然后再输出最终答案。每道题目有至少两个选项（A、B）至多五个选项（A、B、C、D、E），题目为不定项选择题，请按照以下格式作答：

【思考过程】：...

【最终答案】：AB / BCE / CD / DE / E / ...（只输出选项的编号，不要写选项内容）

示例：
题目：医疗伦理中四大基本原则是？
A.尊重自主权
B.善意行为
C.无害原则
D.公正原则
E.以上都不是
【思考过程】：本题考查医学伦理的四大基本原则，包括尊重自主权、不伤害原则、行善原则、公正原则。

【最终答案】：ABCD

题目：下列哪种行为直接违反公民个人健康信息相关法律法规？
A.因医院内部管理需要共享患者健康信息
B.未经患者允许使用其健康信息进行科研
C.将患者健康信息非法加工后出售给第三方
D.通过非加密网络传输患者电子健康档案
E.将逝者近亲属的遗传性健康信息告知其子女
【思考过程】：",BCDE,Qwen3-235B-A22B,"【思考过程】：本题考查公民个人健康信息相关法律法规的违法行为。根据《个人信息保护法》《民法典》等规定：  
1. **选项A**：医院内部管理需要共享患者信息属于合法处理（如诊疗、管理），不直接违法。  
2. **选项B**：未经患者同意用于科研违反“处理敏感信息需明确同意”的要求，属于违法。  
3. **选项C**：非法加工并出售患者信息属于典型的违法行为，违反禁止性规定。  
4. **选项D**：非加密传输患者信息未采取必要安全措施（如加密），违反信息保护义务。  
5. **选项E**：根据《个人信息保护法》第49条，逝者近亲属为自身合法利益可主张相关权利，医院告知可能合法（如子女为健康权），不直接违法。  

【最终答案】：BCD",客观题,BCD
常规诊疗,"你是一个严格按照要求答题的医学考试考生。请你先展示出完整的思考过程，然后再输出最终答案。每道题目有至少两个选项（A、B）至多五个选项（A、B、C、D、E），题目为不定项选择题，请按照以下格式作答：

【思考过程】：...

【最终答案】：AB / BCE / CD / DE / E / ...（只输出选项的编号，不要写选项内容）

示例：
题目：医疗伦理中四大基本原则是？
A.尊重自主权
B.善意行为
C.无害原则
D.公正原则
E.以上都不是
【思考过程】：本题考查医学伦理的四大基本原则，包括尊重自主权、不伤害原则、行善原则、公正原则。

【最终答案】：ABCD

题目：下列哪些属于医疗机构及其医务人员必须遵循的合理诊疗要求？
A.合理检查
B.合理用药
C.合理治疗
D.合理收费
E.合理护理
【思考过程】：",ABC,Qwen3-235B-A22B,"【思考过程】：本题考查医疗机构及医务人员必须遵循的合理诊疗要求。根据《医疗质量管理办法》相关规定，合理检查、合理用药、合理治疗是规范诊疗行为的核心要求，直接关系医疗质量和患者安全。合理收费属于医疗费用管理范畴，通常由医保或物价政策规定，不属于诊疗技术层面的要求。合理护理虽为诊疗活动的重要组成部分，但其规范性更多体现在护理常规执行中，未被明确列为独立的诊疗要求。因此，正确答案为ABC。

【最终答案】：ABC",客观题,ABC
常规诊疗,"你是一个严格按照要求答题的医学考试考生。请你先展示出完整的思考过程，然后再输出最终答案。每道题目有至少两个选项（A、B）至多五个选项（A、B、C、D、E），题目为不定项选择题，请按照以下格式作答：

【思考过程】：...

【最终答案】：AB / BCE / CD / DE / E / ...（只输出选项的编号，不要写选项内容）

示例：
题目：医疗伦理中四大基本原则是？
A.尊重自主权
B.善意行为
C.无害原则
D.公正原则
E.以上都不是
【思考过程】：本题考查医学伦理的四大基本原则，包括尊重自主权、不伤害原则、行善原则、公正原则。

【最终答案】：ABCD

题目：以下哪项不属于医疗机构合理用药原则的核心内容？
A.安全保障优先
B.患者知情权尊重
C.治疗方案经济性评估
D.成本优先原则
E.快速缓解症状
【思考过程】：",DE,Qwen3-235B-A22B,"【思考过程】：合理用药的核心原则通常包括安全、有效、经济、适当。A选项“安全保障优先”直接对应安全原则；B选项“患者知情权尊重”属于适当原则中的沟通要求；C选项“治疗方案经济性评估”符合经济性原则；D选项“成本优先原则”可能过度强调成本而忽视其他因素，不符合合理用药的综合评估原则；E选项“快速缓解症状”属于有效性原则的一部分（如急性病症需快速起效）。因此，D选项不属于合理用药的核心内容，而E属于有效性范畴，属于核心内容。

【最终答案】：D",客观题,D
常规诊疗,"你是一个严格按照要求答题的医学考试考生。请你先展示出完整的思考过程，然后再输出最终答案。每道题目有至少两个选项（A、B）至多五个选项（A、B、C、D、E），题目为不定项选择题，请按照以下格式作答：

【思考过程】：...

【最终答案】：AB / BCE / CD / DE / E / ...（只输出选项的编号，不要写选项内容）

示例：
题目：医疗伦理中四大基本原则是？
A.尊重自主权
B.善意行为
C.无害原则
D.公正原则
E.以上都不是
【思考过程】：本题考查医学伦理的四大基本原则，包括尊重自主权、不伤害原则、行善原则、公正原则。

【最终答案】：ABCD

题目：以下哪些属于医疗机构及其医务人员在诊疗活动中必须遵循的原则？
A.患者家属全权代理决策的原则
B.知情同意原则
C.可向研究机构分享未匿名病例的原则
D.尊重患者自主选择权原则
E.最小医疗风险原则
【思考过程】：",BD,Qwen3-235B-A22B,"【思考过程】：本题考查医疗机构及医务人员在诊疗中的基本原则。知情同意原则（B）和尊重患者自主选择权原则（D）是核心原则，必须遵守。A选项过度依赖家属决策可能侵犯患者权利；C选项违反隐私保护；E选项的“最小风险”并非独立原则，而是“不伤害原则”的体现，但题目未明确列出。因此，正确答案为B和D。

【最终答案】：BD",客观题,BD
常规诊疗,"你是一个严格按照要求答题的医学考试考生。请你先展示出完整的思考过程，然后再输出最终答案。每道题目有至少两个选项（A、B）至多五个选项（A、B、C、D、E），题目为不定项选择题，请按照以下格式作答：

【思考过程】：...

【最终答案】：AB / BCE / CD / DE / E / ...（只输出选项的编号，不要写选项内容）

示例：
题目：医疗伦理中四大基本原则是？
A.尊重自主权
B.善意行为
C.无害原则
D.公正原则
E.以上都不是
【思考过程】：本题考查医学伦理的四大基本原则，包括尊重自主权、不伤害原则、行善原则、公正原则。

【最终答案】：ABCD

题目：根据我国相关规定，医疗机构必须建立以下哪些事件的监测报告制度？
A.药品不良反应
B.药物滥用事件
C.医疗器械不良事件
D.药品损害事件
E.医疗设备采购违规
【思考过程】：",ACD,Qwen3-235B-A22B,"【思考过程】：根据我国《药品不良反应报告和监测管理办法》及《医疗器械不良事件监测和再评价管理办法》，医疗机构必须建立药品不良反应（A）和医疗器械不良事件（C）的监测报告制度。药物滥用事件（B）可能涉及特殊药品管理，但并非所有医疗机构均需强制监测；药品损害事件（D）可能属于药品不良反应的范畴或质量问题，通常包含在A的监测范围内；医疗设备采购违规（E）属于采购管理问题，与监测报告制度无关。因此，正确选项为A和C。

【最终答案】：AC",客观题,AC
常规诊疗,"你是一个严格按照要求答题的医学考试考生。请你先展示出完整的思考过程，然后再输出最终答案。每道题目有至少两个选项（A、B）至多五个选项（A、B、C、D、E），题目为不定项选择题，请按照以下格式作答：

【思考过程】：...

【最终答案】：AB / BCE / CD / DE / E / ...（只输出选项的编号，不要写选项内容）

示例：
题目：医疗伦理中四大基本原则是？
A.尊重自主权
B.善意行为
C.无害原则
D.公正原则
E.以上都不是
【思考过程】：本题考查医学伦理的四大基本原则，包括尊重自主权、不伤害原则、行善原则、公正原则。

【最终答案】：ABCD

题目：以下哪一项不属于医疗机构及其医务人员在医疗活动中必须严格遵守的内容？
A.部门规章
B.行政法规
C.医疗卫生管理法律
D.所在科室的自定流程
E.诊疗护理规范
【思考过程】：",D,Qwen3-235B-A22B,"【思考过程】：根据《医疗事故处理条例》规定，医疗机构及医务人员必须遵守医疗卫生管理法律（C）、行政法规（B）、部门规章（A）和诊疗护理规范（E）。科室自定流程（D）属于内部管理制度，虽需遵守，但不属于国家强制要求的必须严格遵守内容。

【最终答案】：D",客观题,D
常规诊疗,"你是一个严格按照要求答题的医学考试考生。请你先展示出完整的思考过程，然后再输出最终答案。每道题目有至少两个选项（A、B）至多五个选项（A、B、C、D、E），题目为不定项选择题，请按照以下格式作答：

【思考过程】：...

【最终答案】：AB / BCE / CD / DE / E / ...（只输出选项的编号，不要写选项内容）

示例：
题目：医疗伦理中四大基本原则是？
A.尊重自主权
B.善意行为
C.无害原则
D.公正原则
E.以上都不是
【思考过程】：本题考查医学伦理的四大基本原则，包括尊重自主权、不伤害原则、行善原则、公正原则。

【最终答案】：ABCD

题目：在抢救急危患者时，若未能及时书写病历，医务人员应在抢救结束后多少小时内据实补记？
A.4小时
B.5小时
C.6小时
D.8小时
E.12小时
【思考过程】：",C,Qwen3-235B-A22B,"【思考过程】：根据《病历书写基本规范》第三章第十六条规定，因抢救急危患者未能及时书写的病历，医务人员应在抢救结束后6小时内据实补记。其他选项（如4小时、8小时等）不符合该明确的时间要求。

【最终答案】：C",客观题,C
常规诊疗,"你是一个严格按照要求答题的医学考试考生。请你先展示出完整的思考过程，然后再输出最终答案。每道题目有至少两个选项（A、B）至多五个选项（A、B、C、D、E），题目为不定项选择题，请按照以下格式作答：

【思考过程】：...

【最终答案】：AB / BCE / CD / DE / E / ...（只输出选项的编号，不要写选项内容）

示例：
题目：医疗伦理中四大基本原则是？
A.尊重自主权
B.善意行为
C.无害原则
D.公正原则
E.以上都不是
【思考过程】：本题考查医学伦理的四大基本原则，包括尊重自主权、不伤害原则、行善原则、公正原则。

【最终答案】：ABCD

题目：以下哪些行为违反病历资料管理相关法规？
A.正常修订病历后用蓝签字笔批注签名
B.虚构实验数据后替换原检查报告
C.将涉及医疗纠纷的病历列为""机密""文件保管
D.因存储空间不足销毁过期病历
E.患者要求带走检查资料时强行取走原件
【思考过程】：",BDE,Qwen3-235B-A22B,"【思考过程】：选项B涉及篡改数据，明显违规；选项D未按规定程序销毁病历；选项E违反患者资料管理规定。选项A为规范修改，C为合法保管措施。

【最终答案】：BDE",客观题,BDE
常规诊疗,"你是一个严格按照要求答题的医学考试考生。请你先展示出完整的思考过程，然后再输出最终答案。每道题目有至少两个选项（A、B）至多五个选项（A、B、C、D、E），题目为不定项选择题，请按照以下格式作答：

【思考过程】：...

【最终答案】：AB / BCE / CD / DE / E / ...（只输出选项的编号，不要写选项内容）

示例：
题目：医疗伦理中四大基本原则是？
A.尊重自主权
B.善意行为
C.无害原则
D.公正原则
E.以上都不是
【思考过程】：本题考查医学伦理的四大基本原则，包括尊重自主权、不伤害原则、行善原则、公正原则。

【最终答案】：ABCD

题目：某癌症患者因情绪脆弱多次哭泣，医务人员应当如何处理病情告知？
A.为防止患者崩溃，仅向家属说明病情
B.按患者要求暂不告知直系亲属
C.立即在病房内公开讨论治疗方案细节
D.用渐进方式告知患者实情并评估心理状态
【思考过程】：",D,Qwen3-235B-A22B,"【思考过程】：本题考查医务人员在告知癌症患者病情时的伦理处理方式。选项A违背患者知情权，错误；选项B符合尊重患者自主权的要求；选项C侵犯患者隐私且方式不当；选项D体现了渐进式沟通和心理评估的伦理原则。根据医学伦理中的尊重自主权和行善原则，B和D正确。

【最终答案】：BD",客观题,BD
常规诊疗,"你是一个严格按照要求答题的医学考试考生。请你先展示出完整的思考过程，然后再输出最终答案。每道题目有至少两个选项（A、B）至多五个选项（A、B、C、D、E），题目为不定项选择题，请按照以下格式作答：

【思考过程】：...

【最终答案】：AB / BCE / CD / DE / E / ...（只输出选项的编号，不要写选项内容）

示例：
题目：医疗伦理中四大基本原则是？
A.尊重自主权
B.善意行为
C.无害原则
D.公正原则
E.以上都不是
【思考过程】：本题考查医学伦理的四大基本原则，包括尊重自主权、不伤害原则、行善原则、公正原则。

【最终答案】：ABCD

题目：下列哪些环节符合医疗事故报告处理流程？
A.科室负责人直接向医疗机构负责人报告
B.质控人员接到报告后立即展开调查
C.质控部门在核实后向患者隐瞒情况
D.医务人员发现过失行为后延迟一天报告
E.负责医疗服务质量监控的部门向患者通报调查结果
【思考过程】：",BE,Qwen3-235B-A22B,"【思考过程】：根据《医疗事故处理条例》，医疗事故发生后应遵循以下流程：1. 医务人员发现医疗过失或事故需立即报告科室负责人（D错误）。2. 科室负责人需立即向医疗机构负责人报告（A正确）。3. 医疗机构负责医疗服务质量监控的部门（如质控部门）接到报告后应立即调查核实（B正确）。4. 核实后需向患者或家属通报调查结果（E正确）。选项C提到隐瞒情况，违反法规；选项D的延迟报告不符合及时报告要求。

【最终答案】：ABE",客观题,ABE
常规诊疗,"你是一个严格按照要求答题的医学考试考生。请你先展示出完整的思考过程，然后再输出最终答案。每道题目有至少两个选项（A、B）至多五个选项（A、B、C、D、E），题目为不定项选择题，请按照以下格式作答：

【思考过程】：...

【最终答案】：AB / BCE / CD / DE / E / ...（只输出选项的编号，不要写选项内容）

示例：
题目：医疗伦理中四大基本原则是？
A.尊重自主权
B.善意行为
C.无害原则
D.公正原则
E.以上都不是
【思考过程】：本题考查医学伦理的四大基本原则，包括尊重自主权、不伤害原则、行善原则、公正原则。

【最终答案】：ABCD

题目：下列哪些情况发生时，医疗机构应当在12小时内向所在地卫生行政部门报告？
A.患者因医疗失误导致轻微伤残
B.可能导致二级以上医疗事故
C.发生2人遭受人身损害后果
D.国务院卫生行政部门特别指定的情形
E.医护人员操作失误引发投诉
【思考过程】：",BD,Qwen3-235B-A22B,"【思考过程】：根据《医疗事故处理条例》第十四条，医疗机构需在12小时内报告的情形包括：导致患者死亡或可能为二级以上医疗事故（B）、导致3人以上人身损害后果（C不选，因题干为2人），以及国务院卫生行政部门指定的情形（D）。选项A的轻微伤残属三级医疗事故，无需12小时报告；选项E的投诉未涉及严重后果，故不选。

【最终答案】：BD",客观题,BD
常规诊疗,"你是一个严格按照要求答题的医学考试考生。请你先展示出完整的思考过程，然后再输出最终答案。每道题目有至少两个选项（A、B）至多五个选项（A、B、C、D、E），题目为不定项选择题，请按照以下格式作答：

【思考过程】：...

【最终答案】：AB / BCE / CD / DE / E / ...（只输出选项的编号，不要写选项内容）

示例：
题目：医疗伦理中四大基本原则是？
A.尊重自主权
B.善意行为
C.无害原则
D.公正原则
E.以上都不是
【思考过程】：本题考查医学伦理的四大基本原则，包括尊重自主权、不伤害原则、行善原则、公正原则。

【最终答案】：ABCD

题目：发生医疗事故争议时，以下哪些资料应当在医患双方在场的情况下封存和启封？
A.死亡病例讨论记录
B.疑难病例讨论记录
C.上级医师查房记录
D.会诊意见
E.病程记录
【思考过程】：",ABCDE,Qwen3-235B-A22B,"【思考过程】：本题考查医疗事故争议中需封存的资料范围。根据《医疗纠纷预防和处理条例》，死亡病例讨论记录（A）、疑难病例讨论记录（B）、上级医师查房记录（C）、会诊意见（D）属于讨论性记录，直接影响诊疗分析，需在医患双方在场时封存。病程记录（E）虽属病历内容，但通常不单独列为必须封存的讨论性资料。

【最终答案】：ABCD",客观题,ABCD
常规诊疗,"你是一个严格按照要求答题的医学考试考生。请你先展示出完整的思考过程，然后再输出最终答案。每道题目有至少两个选项（A、B）至多五个选项（A、B、C、D、E），题目为不定项选择题，请按照以下格式作答：

【思考过程】：...

【最终答案】：AB / BCE / CD / DE / E / ...（只输出选项的编号，不要写选项内容）

示例：
题目：医疗伦理中四大基本原则是？
A.尊重自主权
B.善意行为
C.无害原则
D.公正原则
E.以上都不是
【思考过程】：本题考查医学伦理的四大基本原则，包括尊重自主权、不伤害原则、行善原则、公正原则。

【最终答案】：ABCD

题目：患者死亡后因死因异议需进行尸检，以下哪几项符合法律规定？
A.未经近亲属签字认可立即启动尸检程序
B.在死亡后36小时内开始解剖并形成报告
C.由持有省级解剖师资格认证的病理医师主刀
D.患者家属聘请法医专家全程监督冷藏条件下的尸检过程
E.医疗机构以等待外地专家为由推迟尸检至第8天
【思考过程】：",CD,Qwen3-235B-A22B,"【思考过程】：本题考查尸检的法律规定。根据《医疗纠纷预防和处理条例》及相关法规：  
1. **尸检启动**需经近亲属签字同意（A错误）；  
2. 尸检应在死亡后**24小时内**进行，**冷藏条件**下可延长至**7日内**（B为36小时未明确冷藏，可能超限；E为第8天明显超限，均错误）；  
3. 尸检需由**省级认证的病理医师**操作（C正确）；  
4. 家属有权**聘请法医监督**尸检过程（D正确）。  

【最终答案】：CD",客观题,CD
常规诊疗,"你是一个严格按照要求答题的医学考试考生。请你先展示出完整的思考过程，然后再输出最终答案。每道题目有至少两个选项（A、B）至多五个选项（A、B、C、D、E），题目为不定项选择题，请按照以下格式作答：

【思考过程】：...

【最终答案】：AB / BCE / CD / DE / E / ...（只输出选项的编号，不要写选项内容）

示例：
题目：医疗伦理中四大基本原则是？
A.尊重自主权
B.善意行为
C.无害原则
D.公正原则
E.以上都不是
【思考过程】：本题考查医学伦理的四大基本原则，包括尊重自主权、不伤害原则、行善原则、公正原则。

【最终答案】：ABCD

题目：以下哪些情形要求医疗事故专家鉴定组成员必须回避？
A.是当事人的童年邻居但二十年无联系
B.担任医疗事故争议患者的主治医师
C.当事人的配偶在鉴定机构任职
D.与当事人属于同一医疗机构不同科室
E.五年前参与过当事医院的宣传会议
【思考过程】：",BC,Qwen3-235B-A22B,"【思考过程】：根据《医疗事故处理条例》相关规定，专家鉴定组成员需回避的情形包括：1.与当事人存在近亲属关系；2.与争议有利害关系；3.其他可能影响公正的关系。分析各选项：  
B选项中，担任患者主治医师属于直接利害关系，必须回避；  
C选项中，当事人配偶属于近亲属，需回避；  
D选项中，同一医疗机构不同科室可能因工作关联影响公正，需回避；  
A选项的童年邻居且无联系，E选项五年前的宣传会议均不构成直接关联，无需回避。  

【最终答案】：BCD",客观题,BCD
常规诊疗,"你是一个严格按照要求答题的医学考试考生。请你先展示出完整的思考过程，然后再输出最终答案。每道题目有至少两个选项（A、B）至多五个选项（A、B、C、D、E），题目为不定项选择题，请按照以下格式作答：

【思考过程】：...

【最终答案】：AB / BCE / CD / DE / E / ...（只输出选项的编号，不要写选项内容）

示例：
题目：医疗伦理中四大基本原则是？
A.尊重自主权
B.善意行为
C.无害原则
D.公正原则
E.以上都不是
【思考过程】：本题考查医学伦理的四大基本原则，包括尊重自主权、不伤害原则、行善原则、公正原则。

【最终答案】：ABCD

题目：医疗机构以下哪项行为可能被卫生行政部门责令改正？
A.未详细向患者说明药物副作用
B.患者未支付费用时拒绝提供病历复印件
C.使用简化符号而非规范术语书写病历
D.延迟48小时报告重大医疗过失行为
E.未经尸检经家属书面同意后火化尸体
【思考过程】：",CDE,Qwen3-235B-A22B,"【思考过程】：本题考查医疗机构违反相关法规可能被责令改正的行为。A选项违反知情同意原则，医疗机构需充分告知风险；B选项违反患者获取病历的权利；C选项不符合病历书写规范；D选项未按规定时限报告医疗过失；E选项在取得家属书面同意后火化尸体符合《医疗纠纷预防和处理条例》规定，不构成违规。

【最终答案】：ABCD",客观题,ABCD
常规诊疗,"你是一个严格按照要求答题的医学考试考生。请你先展示出完整的思考过程，然后再输出最终答案。每道题目有至少两个选项（A、B）至多五个选项（A、B、C、D、E），题目为不定项选择题，请按照以下格式作答：

【思考过程】：...

【最终答案】：AB / BCE / CD / DE / E / ...（只输出选项的编号，不要写选项内容）

示例：
题目：医疗伦理中四大基本原则是？
A.尊重自主权
B.善意行为
C.无害原则
D.公正原则
E.以上都不是
【思考过程】：本题考查医学伦理的四大基本原则，包括尊重自主权、不伤害原则、行善原则、公正原则。

【最终答案】：ABCD

题目：以下哪些情形可能导致医疗机构被行政部门依法追责？
A.未在24小时内向卫生行政部门报告重大医疗过失行为
B.未按规定封存患者纸质病历但保存了电子档案
C.未设立独立的医疗服务质量投诉接待窗口
D.采用标准化消毒流程但未保存尸体解剖影像
E.因系统故障导致门诊病历缺失但3个工作日内完成补录
【思考过程】：",BC,Qwen3-235B-A22B,"【思考过程】：  
本题考查医疗机构可能被行政部门追责的情形。  
- **选项A**：根据《医疗质量安全事件报告暂行规定》，重大医疗质量安全事件应在12小时内报告，未在24小时内报告已超过法定时限，属于违规行为，应追责。  
- **选项B**：未按规定封存纸质病历，即使保存电子档案，仍违反《医疗纠纷预防和处理条例》关于病历封存的规定，可能影响纠纷处理，需追责。  
- **选项C**：根据《医疗机构投诉管理办法》，医疗机构需设立独立投诉管理部门，未设立独立窗口违反规定，应追责。  
- **选项D**：尸体解剖影像属于病理资料，需按规定保存。未保存可能影响医疗记录完整性，违反相关规定，需追责。  
- **选项E**：因系统故障导致病历缺失但及时补录，属于合理补救措施，未违反病历管理规定，不追责。  

【最终答案】：ABCD",客观题,ABCD
常规诊疗,"你是一个严格按照要求答题的医学考试考生。请你先展示出完整的思考过程，然后再输出最终答案。每道题目有至少两个选项（A、B）至多五个选项（A、B、C、D、E），题目为不定项选择题，请按照以下格式作答：

【思考过程】：...

【最终答案】：AB / BCE / CD / DE / E / ...（只输出选项的编号，不要写选项内容）

示例：
题目：医疗伦理中四大基本原则是？
A.尊重自主权
B.善意行为
C.无害原则
D.公正原则
E.以上都不是
【思考过程】：本题考查医学伦理的四大基本原则，包括尊重自主权、不伤害原则、行善原则、公正原则。

【最终答案】：ABCD

题目：医疗机构出现以下哪几种情形时可能被卫生行政部门处分？（多选题）
A.未如实告知患者手术并发症概率 B.因系统升级延迟提供病历复印服务 C.未在48小时内补记抢救病历内容 D.未成立独立的医疗服务质量监控部门 E.医疗事故未在年度总结报告中提及
【思考过程】：",AD,Qwen3-235B-A22B,"【思考过程】：本题考查医疗机构可能被卫生行政部门处分的情形。根据《医疗机构管理条例》《医疗事故处理条例》及《病历书写基本规范》：  
A. 未如实告知手术并发症概率违反知情同意原则，属于违规；  
B. 系统升级导致的延迟属于客观原因，若及时补救且未影响诊疗，通常不构成处分情形；  
C. 抢救病历需在6小时内补记（非48小时），未在48小时内补记可能已超期，但需结合具体规定，存在争议；  
D. 未成立独立医疗服务质量监控部门违反《医疗机构管理条例》第35条；  
E. 隐瞒医疗事故未在年度报告中提及属于隐瞒行为，应被处分。  

【最终答案】：ACDE",客观题,ACDE
常规诊疗,"你是一个严格按照要求答题的医学考试考生。请你先展示出完整的思考过程，然后再输出最终答案。每道题目有至少两个选项（A、B）至多五个选项（A、B、C、D、E），题目为不定项选择题，请按照以下格式作答：

【思考过程】：...

【最终答案】：AB / BCE / CD / DE / E / ...（只输出选项的编号，不要写选项内容）

示例：
题目：医疗伦理中四大基本原则是？
A.尊重自主权
B.善意行为
C.无害原则
D.公正原则
E.以上都不是
【思考过程】：本题考查医学伦理的四大基本原则，包括尊重自主权、不伤害原则、行善原则、公正原则。

【最终答案】：ABCD

题目：以下哪些属于医疗机构违反《医疗事故处理条例》的情形？
A.未在48小时内补记普通门诊病历内容
B.未按规定书写急诊科患者电子病历
C.未对医疗废弃物进行规范化保存处理
D.未配备专职医疗质量监控专员
E.重大手术并发症未在24小时内上报卫健委
【思考过程】：",BDE,Qwen3-235B-A22B,"【思考过程】：根据《医疗事故处理条例》相关规定，医疗机构违反情形包括：  
1. **A**：未在48小时内补记普通门诊病历内容。根据《病历书写基本规范》，门诊病历应在就诊结束后即时完成，48小时内补记属于违规。  
2. **B**：未按规定书写急诊科患者电子病历，属于未规范书写病历，直接违反条例。  
3. **E**：重大手术并发症未在24小时内上报卫健委。根据条例第十四条，重大医疗过失需在12小时内上报，24小时内未报属于超时，构成违规。  
4. **C**：未对医疗废弃物规范化保存处理，属于违反《医疗废物管理条例》，而非本条例。  
5. **D**：未配备专职医疗质量监控专员。条例第七条允许配备专（兼）职人员，未强制要求专职，因此不构成违反本条例。  

【最终答案】：ABE",客观题,ABE
常规诊疗,"你是一个严格按照要求答题的医学考试考生。请你先展示出完整的思考过程，然后再输出最终答案。每道题目有至少两个选项（A、B）至多五个选项（A、B、C、D、E），题目为不定项选择题，请按照以下格式作答：

【思考过程】：...

【最终答案】：AB / BCE / CD / DE / E / ...（只输出选项的编号，不要写选项内容）

示例：
题目：医疗伦理中四大基本原则是？
A.尊重自主权
B.善意行为
C.无害原则
D.公正原则
E.以上都不是
【思考过程】：本题考查医学伦理的四大基本原则，包括尊重自主权、不伤害原则、行善原则、公正原则。

【最终答案】：ABCD

题目：以下哪些情形属于医疗机构违反《医疗事故处理条例》的情况？
A.未如实告知患者病情、医疗措施和医疗风险的
B.拒绝为患者家属提供病历复印件的
C.未在72小时内向卫生行政部门报告重大医疗过失行为
D.未经批准设置医疗服务质量监控部门
E.医务人员自行保管个人工作笔记不涉及患者信息
【思考过程】：",ABD,Qwen3-235B-A22B,"【思考过程】：本题考查《医疗事故处理条例》中医疗机构的违规情形。A选项违反了如实告知义务，属于违规；B选项拒绝提供病历复印件违反患者知情权；C选项未在12小时内报告重大医疗过失行为，72小时明显超时；D选项中条例仅要求必须设置监控部门，未规定需经批准，因此未经批准设置不构成违规；E选项与患者信息无关，不违规。

【最终答案】：ABC",客观题,ABC
常规诊疗,"你是一个严格按照要求答题的医学考试考生。请你先展示出完整的思考过程，然后再输出最终答案。每道题目有至少两个选项（A、B）至多五个选项（A、B、C、D、E），题目为不定项选择题，请按照以下格式作答：

【思考过程】：...

【最终答案】：AB / BCE / CD / DE / E / ...（只输出选项的编号，不要写选项内容）

示例：
题目：医疗伦理中四大基本原则是？
A.尊重自主权
B.善意行为
C.无害原则
D.公正原则
E.以上都不是
【思考过程】：本题考查医学伦理的四大基本原则，包括尊重自主权、不伤害原则、行善原则、公正原则。

【最终答案】：ABCD

题目：医疗机构出现下列哪些情形可能被卫生行政部门追责？
A.未按患者要求修改病历内容
B.抢救记录未在48小时内补记完整
C.未在72小时内报告重大医疗过失行为
D.拒绝向患者提供病历复印件且无正当理由
E.未设置医疗服务质量监控部门
【思考过程】：",DE,Qwen3-235B-A22B,"【思考过程】：本题考查医疗机构可能被追责的情形。根据相关法规：  
1. **选项A**：患者无权要求修改病历内容，医疗机构拒绝不合理修改属于合法行为，故A错误。  
2. **选项B**：抢救记录应在6小时内补记，未在48小时内补记已远超时限，属于违规，B正确。  
3. **选项C**：重大医疗过失需在12小时内报告，未在72小时内报告明显超时，C正确。  
4. **选项D**：无正当理由拒绝提供病历复印件违反患者知情权，D正确。  
5. **选项E**：二级以上医院必须设置医疗服务质量监控部门，未设置属于违规，E正确。  

【最终答案】：BCDE",客观题,BCDE
常规诊疗,"你是一个严格按照要求答题的医学考试考生。请你先展示出完整的思考过程，然后再输出最终答案。每道题目有至少两个选项（A、B）至多五个选项（A、B、C、D、E），题目为不定项选择题，请按照以下格式作答：

【思考过程】：...

【最终答案】：AB / BCE / CD / DE / E / ...（只输出选项的编号，不要写选项内容）

示例：
题目：医疗伦理中四大基本原则是？
A.尊重自主权
B.善意行为
C.无害原则
D.公正原则
E.以上都不是
【思考过程】：本题考查医学伦理的四大基本原则，包括尊重自主权、不伤害原则、行善原则、公正原则。

【最终答案】：ABCD

题目：下列哪些情形违反了医疗机构管理相关法规？（多选）
A.未在48小时内向卫生行政部门报告医疗事故
B.未设置医疗服务质量监控部门
C.允许患者家属查阅病历但拒绝提供复印件
D.未按照国务院卫生部门要求书写病历
E.未在规定时间内补记抢救病历
【思考过程】：",BDE,Qwen3-235B-A22B,"【思考过程】：根据相关法规，医疗机构发生医疗事故应在12小时内报告（A错误）；必须设置监控部门（B错误）；患者有权复印病历（C错误）；必须按规范书写病历（D错误）；抢救记录需在6小时内补记（E错误）。所有选项均违反规定。

【最终答案】：ABCDE",客观题,ABCDE
常规诊疗,"你是一个严格按照要求答题的医学考试考生。请你先展示出完整的思考过程，然后再输出最终答案。每道题目有至少两个选项（A、B）至多五个选项（A、B、C、D、E），题目为不定项选择题，请按照以下格式作答：

【思考过程】：...

【最终答案】：AB / BCE / CD / DE / E / ...（只输出选项的编号，不要写选项内容）

示例：
题目：医疗伦理中四大基本原则是？
A.尊重自主权
B.善意行为
C.无害原则
D.公正原则
E.以上都不是
【思考过程】：本题考查医学伦理的四大基本原则，包括尊重自主权、不伤害原则、行善原则、公正原则。

【最终答案】：ABCD

题目：某医师参与医疗事故鉴定时收受患者财物并出具虚假鉴定书，导致患者权益严重受损。根据相关法规，以下哪些处理措施是正确的？
A.依照刑法追究受贿罪刑事责任
B.由司法机关直接吊销其执业证书
C.由原发证部门吊销其资格证书
D.适用民法通则进行行政处罚
E.向卫生主管部门申请国家赔偿
【思考过程】：",AC,Qwen3-235B-A22B,"【思考过程】：本题考查医师违法行为的法律责任。医师收受财物并出具虚假鉴定书，构成刑法中的受贿罪（A正确）。吊销执业证书应由卫生行政部门决定，而非司法机关直接吊销（B错误）。资格证书通常由考试获得，吊销资格证书的情况较少，且题目未明确其违法取得资格，故C错误。民法通则适用于民事纠纷，行政处罚属行政法范畴（D错误）。国家赔偿需行政机关违法行使职权导致损害，医师个人行为不适用（E错误）。

【最终答案】：A",客观题,A
常规诊疗,"你是一个严格按照要求答题的医学考试考生。请你先展示出完整的思考过程，然后再输出最终答案。每道题目有至少两个选项（A、B）至多五个选项（A、B、C、D、E），题目为不定项选择题，请按照以下格式作答：

【思考过程】：...

【最终答案】：AB / BCE / CD / DE / E / ...（只输出选项的编号，不要写选项内容）

示例：
题目：医疗伦理中四大基本原则是？
A.尊重自主权
B.善意行为
C.无害原则
D.公正原则
E.以上都不是
【思考过程】：本题考查医学伦理的四大基本原则，包括尊重自主权、不伤害原则、行善原则、公正原则。

【最终答案】：ABCD

题目：医疗机构出现以下哪些行为时，卫生行政部门可依法对其作出吊销执业证书的处罚？
A.未及时更新电子病历系统
B.涂改患者手术知情同意书日期
C.延迟提交传染病报告
D.无正当理由拒绝执行已签订的尸检协议
E.未经家属同意对遗体进行尸检
【思考过程】：",BD,Qwen3-235B-A22B,"【思考过程】：本题考查医疗机构违法行为的行政处罚情形。根据《医疗机构管理条例》及《执业医师法》，涂改医疗文书（B）属于伪造医学资料，可能吊销证书；未经同意尸检（E）侵犯患者家属权益，属于严重违法行为。D项拒绝执行尸检协议可能涉及违约，但卫生行政部门处罚依据不足。延迟提交传染病报告（C）通常处以通报或罚款，未及时更新病历系统（A）属管理疏忽，一般不涉及吊销证书。

【最终答案】：BE",客观题,BE
常规诊疗,"你是一个严格按照要求答题的医学考试考生。请你先展示出完整的思考过程，然后再输出最终答案。每道题目有至少两个选项（A、B）至多五个选项（A、B、C、D、E），题目为不定项选择题，请按照以下格式作答：

【思考过程】：...

【最终答案】：AB / BCE / CD / DE / E / ...（只输出选项的编号，不要写选项内容）

示例：
题目：医疗伦理中四大基本原则是？
A.尊重自主权
B.善意行为
C.无害原则
D.公正原则
E.以上都不是
【思考过程】：本题考查医学伦理的四大基本原则，包括尊重自主权、不伤害原则、行善原则、公正原则。

【最终答案】：ABCD

题目：以下哪些属于药品管理应当坚持的原则？
A.预防为主的原则
B.风险管理的原则
C.全程管控的原则
D.社会共治的原则
E.患者自愿原则
【思考过程】：",BCD,Qwen3-235B-A22B,"【思考过程】：根据《中华人民共和国药品管理法》第三条，药品管理应当坚持风险管理、全程管控、社会共治的原则。预防为主未被明确列为基本原则，而患者自愿原则属于医疗伦理范畴，非药品管理核心原则。

【最终答案】：BCD",客观题,BCD
常规诊疗,"你是一个严格按照要求答题的医学考试考生。请你先展示出完整的思考过程，然后再输出最终答案。每道题目有至少两个选项（A、B）至多五个选项（A、B、C、D、E），题目为不定项选择题，请按照以下格式作答：

【思考过程】：...

【最终答案】：AB / BCE / CD / DE / E / ...（只输出选项的编号，不要写选项内容）

示例：
题目：医疗伦理中四大基本原则是？
A.尊重自主权
B.善意行为
C.无害原则
D.公正原则
E.以上都不是
【思考过程】：本题考查医学伦理的四大基本原则，包括尊重自主权、不伤害原则、行善原则、公正原则。

【最终答案】：ABCD

题目：以下哪几项是药品研制、生产、经营、使用活动中必须确保的信息特性？
A.真实
B.准确
C.完整
D.可追溯
E.公开透明
【思考过程】：",ABCD,Qwen3-235B-A22B,"【思考过程】：本题考查药品全生命周期中信息管理的核心要求。真实性（A）是基础，确保数据无虚假；准确性（B）保证数值和记录无误差；完整性（C）要求信息无缺失；可追溯性（D）是实现药品监管链的关键。公开透明（E）虽是管理目标，但涉及商业秘密和分级管理原则，并非所有信息必须公开。因此前四项为强制性要求。

【最终答案】：ABCD",客观题,ABCD
常规诊疗,"你是一个严格按照要求答题的医学考试考生。请你先展示出完整的思考过程，然后再输出最终答案。每道题目有至少两个选项（A、B）至多五个选项（A、B、C、D、E），题目为不定项选择题，请按照以下格式作答：

【思考过程】：...

【最终答案】：AB / BCE / CD / DE / E / ...（只输出选项的编号，不要写选项内容）

示例：
题目：医疗伦理中四大基本原则是？
A.尊重自主权
B.善意行为
C.无害原则
D.公正原则
E.以上都不是
【思考过程】：本题考查医学伦理的四大基本原则，包括尊重自主权、不伤害原则、行善原则、公正原则。

【最终答案】：ABCD

题目：以下关于药物临床试验的说法中，符合法规要求的有哪几项？
A.临床试验审批的默认同意机制在提交材料后90个自然日生效
B.生物等效性试验需向省级药品监管部门申请批准
C.国务院药监部门与卫生健康部门共同制定临床试验机构管理办法
D.药物临床试验机构实施备案制管理
E.药监部门逾期60个工作日未回复视为批准
【思考过程】：",CDE,Qwen3-235B-A22B,"【思考过程】：本题考查药物临床试验相关法规要求。根据《药品管理法》及《药物临床试验机构管理规定》：  
1. **选项A**错误。临床试验审批时限为60个工作日，而非90个自然日。  
2. **选项B**错误。生物等效性试验实行备案制，无需向省级药监部门申请批准。  
3. **选项C**正确。临床试验机构管理办法由国务院药监部门与卫生健康部门共同制定。  
4. **选项D**正确。药物临床试验机构实行备案制管理。  
5. **选项E**错误。法规规定临床试验申请的审批时限为60个工作日，逾期未通知视为批准，而非“逾期60个工作日未回复”。  

【最终答案】：CD",客观题,CD
常规诊疗,"你是一个严格按照要求答题的医学考试考生。请你先展示出完整的思考过程，然后再输出最终答案。每道题目有至少两个选项（A、B）至多五个选项（A、B、C、D、E），题目为不定项选择题，请按照以下格式作答：

【思考过程】：...

【最终答案】：AB / BCE / CD / DE / E / ...（只输出选项的编号，不要写选项内容）

示例：
题目：医疗伦理中四大基本原则是？
A.尊重自主权
B.善意行为
C.无害原则
D.公正原则
E.以上都不是
【思考过程】：本题考查医学伦理的四大基本原则，包括尊重自主权、不伤害原则、行善原则、公正原则。

【最终答案】：ABCD

题目：以下哪项属于伦理委员会审查过程中必须遵循的原则？
A.独立
B.高效
C.客观
D.公正
E.透明公开
【思考过程】：",ACD,Qwen3-235B-A22B,"【思考过程】：伦理委员会的审查原则需符合独立性（A）、客观性（C）、公正性（D）和透明公开（E）。独立确保无利益冲突，客观要求基于事实，公正保证公平对待，透明公开体现程序正义。高效（B）虽为管理目标，但非伦理审查的核心原则。

【最终答案】：ACDE",客观题,ACDE
常规诊疗,"你是一个严格按照要求答题的医学考试考生。请你先展示出完整的思考过程，然后再输出最终答案。每道题目有至少两个选项（A、B）至多五个选项（A、B、C、D、E），题目为不定项选择题，请按照以下格式作答：

【思考过程】：...

【最终答案】：AB / BCE / CD / DE / E / ...（只输出选项的编号，不要写选项内容）

示例：
题目：医疗伦理中四大基本原则是？
A.尊重自主权
B.善意行为
C.无害原则
D.公正原则
E.以上都不是
【思考过程】：本题考查医学伦理的四大基本原则，包括尊重自主权、不伤害原则、行善原则、公正原则。

【最终答案】：ABCD

题目：在药物临床试验中，以下哪些措施是必须履行的义务？
A.向受试者说明试验目的和风险并取得签字同意书，B.使用通俗语言解释主要试验风险即可，C.仅需取得受试者本人书面签名，D.采取法律允许的最低限度保护措施，E.向受试者监护人解释风险后获取知情同意
【思考过程】：",AE,Qwen3-235B-A22B,"【思考过程】：药物临床试验中，知情同意需全面告知受试者试验目的、风险等信息，并获取书面同意（A正确）。对于无行为能力者，需向监护人说明并获取同意（E正确）。选项B未明确是否覆盖全部风险，存在遗漏；C忽略特殊人群（如未成年人）的监护人同意要求；D违背伦理保护原则。因此，A和E为必须履行的义务。

【最终答案】：AE",客观题,AE
常规诊疗,"你是一个严格按照要求答题的医学考试考生。请你先展示出完整的思考过程，然后再输出最终答案。每道题目有至少两个选项（A、B）至多五个选项（A、B、C、D、E），题目为不定项选择题，请按照以下格式作答：

【思考过程】：...

【最终答案】：AB / BCE / CD / DE / E / ...（只输出选项的编号，不要写选项内容）

示例：
题目：医疗伦理中四大基本原则是？
A.尊重自主权
B.善意行为
C.无害原则
D.公正原则
E.以上都不是
【思考过程】：本题考查医学伦理的四大基本原则，包括尊重自主权、不伤害原则、行善原则、公正原则。

【最终答案】：ABCD

题目：以下哪项是药品标签或说明书中必须注明的内容？
A.药品生产企业的联系方式
B.上市许可持有人的法定代表人姓名
C.药品禁忌
D.适应证或疗效
E.产品批号
【思考过程】：",CE,Qwen3-235B-A22B,"【思考过程】：根据《药品说明书和标签管理规定》，药品标签或说明书必须包含以下内容：1. 药品生产企业的名称、地址及联系方式（A）；2. 禁忌（C）；3. 适应证或功能主治（D）；4. 产品批号（E）。而上市许可持有人的法定代表人姓名（B）通常仅在注册信息中要求，不属于标签或说明书的强制标注内容。

【最终答案】：ACDE",客观题,ACDE
常规诊疗,"你是一个严格按照要求答题的医学考试考生。请你先展示出完整的思考过程，然后再输出最终答案。每道题目有至少两个选项（A、B）至多五个选项（A、B、C、D、E），题目为不定项选择题，请按照以下格式作答：

【思考过程】：...

【最终答案】：AB / BCE / CD / DE / E / ...（只输出选项的编号，不要写选项内容）

示例：
题目：医疗伦理中四大基本原则是？
A.尊重自主权
B.善意行为
C.无害原则
D.公正原则
E.以上都不是
【思考过程】：本题考查医学伦理的四大基本原则，包括尊重自主权、不伤害原则、行善原则、公正原则。

【最终答案】：ABCD

题目：根据我国药品管理制度，以下哪个选项属于法定的药品分类类型？
A.麻醉药品类
B.处方药类
C.非处方药类
D.中成药类
【思考过程】：",BC,Qwen3-235B-A22B,"【思考过程】：根据《中华人民共和国药品管理法》，我国实行处方药与非处方药分类管理制度。处方药需凭医师处方购买（B正确），非处方药可自行购买使用（C正确）。麻醉药品（A）属于特殊管制药品，但不属于基础分类类型；中成药（D）是按成分划分的中药类别，非法定管理分类。因此法定分类类型为处方药和非处方药。

【最终答案】：BC",客观题,BC
常规诊疗,"你是一个严格按照要求答题的医学考试考生。请你先展示出完整的思考过程，然后再输出最终答案。每道题目有至少两个选项（A、B）至多五个选项（A、B、C、D、E），题目为不定项选择题，请按照以下格式作答：

【思考过程】：...

【最终答案】：AB / BCE / CD / DE / E / ...（只输出选项的编号，不要写选项内容）

示例：
题目：医疗伦理中四大基本原则是？
A.尊重自主权
B.善意行为
C.无害原则
D.公正原则
E.以上都不是
【思考过程】：本题考查医学伦理的四大基本原则，包括尊重自主权、不伤害原则、行善原则、公正原则。

【最终答案】：ABCD

题目：根据我国药品管理法规，药品经营企业的购销记录必须包含以下哪些信息？
A.药品通用名称
B.药品商品名
C.产品批号
D.购销单位
E.生产车间编号
【思考过程】：",ACD,Qwen3-235B-A22B,"【思考过程】：根据我国《药品管理法》及《药品经营质量管理规范》（GSP），药品经营企业的购销记录必须包含药品通用名称（A）、产品批号（C）和购销单位（D）。药品通用名称是标准化的药品名称，确保唯一性和可追溯性；产品批号用于追踪药品批次；购销单位明确交易双方信息。药品商品名（B）和生产车间编号（E）未在法规中明确要求必须记录，因此不选。

【最终答案】：ACD",客观题,ACD
常规诊疗,"你是一个严格按照要求答题的医学考试考生。请你先展示出完整的思考过程，然后再输出最终答案。每道题目有至少两个选项（A、B）至多五个选项（A、B、C、D、E），题目为不定项选择题，请按照以下格式作答：

【思考过程】：...

【最终答案】：AB / BCE / CD / DE / E / ...（只输出选项的编号，不要写选项内容）

示例：
题目：医疗伦理中四大基本原则是？
A.尊重自主权
B.善意行为
C.无害原则
D.公正原则
E.以上都不是
【思考过程】：本题考查医学伦理的四大基本原则，包括尊重自主权、不伤害原则、行善原则、公正原则。

【最终答案】：ABCD

题目：某连锁药店在零售药品时需要履行以下哪些法定义务？
A.调配普通降压药处方时用库存较多的同成分缓释片替代速释片
B.中药饮片柜台展示的黄芪标签未标注产地信息
C.处方显示两种抗生素联合使用且有配伍禁忌时仍完成调配
D.向高血压患者详细说明缓释片的每日用药次数及漏服处理方式
E.由持有执业药师资格证的员工负责处方双人核对
【思考过程】：",DE,Qwen3-235B-A22B,"【思考过程】：本题考查药店在零售药品时需履行的法定义务。选项D符合《药品经营质量管理规范》（GSP）中关于用药指导的要求，必须向患者说明用法用量及注意事项。选项E中“双人核对”并非普遍法定义务，仅执业药师审核处方是强制要求，而双人核对通常适用于特殊药品或医院场景。选项A、B、C均涉及违规操作（擅自替换药品、标签信息不全、忽视配伍禁忌），均不符合法定义务要求。

【最终答案】：D",客观题,D
常规诊疗,"你是一个严格按照要求答题的医学考试考生。请你先展示出完整的思考过程，然后再输出最终答案。每道题目有至少两个选项（A、B）至多五个选项（A、B、C、D、E），题目为不定项选择题，请按照以下格式作答：

【思考过程】：...

【最终答案】：AB / BCE / CD / DE / E / ...（只输出选项的编号，不要写选项内容）

示例：
题目：医疗伦理中四大基本原则是？
A.尊重自主权
B.善意行为
C.无害原则
D.公正原则
E.以上都不是
【思考过程】：本题考查医学伦理的四大基本原则，包括尊重自主权、不伤害原则、行善原则、公正原则。

【最终答案】：ABCD

题目：医疗机构在合理用药时应参照下列哪些规范性文件？
A.国际临床诊疗标准
B.药品临床应用指导原则
C.医院内部年度预算报告
D.患者个人偏好调查
E.病原微生物耐药监测数据
【思考过程】：",B,Qwen3-235B-A22B,"【思考过程】：医疗机构合理用药需依据权威规范，如国际临床诊疗标准（A）和药品临床应用指导原则（B），这些文件直接指导用药规范。病原微生物耐药监测数据（E）虽非传统文件，但作为动态调整用药的重要依据，常被纳入规范性要求。医院预算（C）和患者偏好（D）与规范性文件无关。

【最终答案】：ABE",客观题,ABE
常规诊疗,"你是一个严格按照要求答题的医学考试考生。请你先展示出完整的思考过程，然后再输出最终答案。每道题目有至少两个选项（A、B）至多五个选项（A、B、C、D、E），题目为不定项选择题，请按照以下格式作答：

【思考过程】：...

【最终答案】：AB / BCE / CD / DE / E / ...（只输出选项的编号，不要写选项内容）

示例：
题目：医疗伦理中四大基本原则是？
A.尊重自主权
B.善意行为
C.无害原则
D.公正原则
E.以上都不是
【思考过程】：本题考查医学伦理的四大基本原则，包括尊重自主权、不伤害原则、行善原则、公正原则。

【最终答案】：ABCD

题目：根据我国法规，药师在调配处方时，以下哪些做法符合规定？
A.发现处方中阿奇霉素与氨茶碱存在配伍禁忌后继续调配，B.对超剂量处方直接减少剂量后发放药物，C.发现超剂量处方后拒绝调配并要求医师重新签字确认，D.将处方中缺货的阿莫西林替换为头孢克肟，E.未经处方医师同意擅自将胶囊剂改为片剂
【思考过程】：",C,Qwen3-235B-A22B,"【思考过程】：根据《处方管理办法》第三十五条，药师发现处方存在配伍禁忌（A）、超剂量（B）、缺货替换（D）、擅自改剂型（E）等情况时，应拒绝调配并告知医师处理。只有发现超剂量处方时拒绝调配并要求医师重新签字确认（C）符合规定。

【最终答案】：C",客观题,C
常规诊疗,"你是一个严格按照要求答题的医学考试考生。请你先展示出完整的思考过程，然后再输出最终答案。每道题目有至少两个选项（A、B）至多五个选项（A、B、C、D、E），题目为不定项选择题，请按照以下格式作答：

【思考过程】：...

【最终答案】：AB / BCE / CD / DE / E / ...（只输出选项的编号，不要写选项内容）

示例：
题目：医疗伦理中四大基本原则是？
A.尊重自主权
B.善意行为
C.无害原则
D.公正原则
E.以上都不是
【思考过程】：本题考查医学伦理的四大基本原则，包括尊重自主权、不伤害原则、行善原则、公正原则。

【最终答案】：ABCD

题目：根据中国相关法规，药品上市许可持有人必须履行以下哪些职责？
A.开展药品上市后不良反应监测
B.主动收集并跟踪分析疑似药品不良反应信息
C.被动等待医疗机构上报不良反应案例
D.对已识别风险的药品及时采取风险控制措施
E.仅收集严重药品不良反应信息
【思考过程】：",ABD,Qwen3-235B-A22B,"【思考过程】：根据中国《药品管理法》及相关法规，药品上市许可持有人需履行以下职责：  
1. 开展药品上市后不良反应监测（A正确）。  
2. 主动收集并跟踪分析疑似药品不良反应信息（B正确）。  
3. 被动等待上报属于医疗机构的职责，非持有人义务（C错误）。  
4. 对已识别风险的药品及时采取风险控制措施（D正确）。  
5. 需收集所有不良反应信息，而非仅严重案例（E错误）。  

【最终答案】：ABD",客观题,ABD
常规诊疗,"你是一个严格按照要求答题的医学考试考生。请你先展示出完整的思考过程，然后再输出最终答案。每道题目有至少两个选项（A、B）至多五个选项（A、B、C、D、E），题目为不定项选择题，请按照以下格式作答：

【思考过程】：...

【最终答案】：AB / BCE / CD / DE / E / ...（只输出选项的编号，不要写选项内容）

示例：
题目：医疗伦理中四大基本原则是？
A.尊重自主权
B.善意行为
C.无害原则
D.公正原则
E.以上都不是
【思考过程】：本题考查医学伦理的四大基本原则，包括尊重自主权、不伤害原则、行善原则、公正原则。

【最终答案】：ABCD

题目：以下情形中，属于《药品管理法》中“假药”认定的是哪几项？
A.某止咳糖浆中苯丙胺含量低于国家标准
B.某中成药已发生霉变但未标注
C.某降糖药有效期标识被覆盖
D.某退烧药说明书宣称可治疗癌症
【思考过程】：",BD,Qwen3-235B-A22B,"【思考过程】：根据《药品管理法》第九十八条，假药包括成分不符、变质、被污染、冒充或禁用的情况。选项B中的霉变属于变质，应认定为假药；选项D的超适应症宣传属于未经批准的功能主治，也属于假药。选项A为成分含量不足（劣药），选项C为标识问题（劣药）。

【最终答案】：BD",客观题,BD
常规诊疗,"你是一个严格按照要求答题的医学考试考生。请你先展示出完整的思考过程，然后再输出最终答案。每道题目有至少两个选项（A、B）至多五个选项（A、B、C、D、E），题目为不定项选择题，请按照以下格式作答：

【思考过程】：...

【最终答案】：AB / BCE / CD / DE / E / ...（只输出选项的编号，不要写选项内容）

示例：
题目：医疗伦理中四大基本原则是？
A.尊重自主权
B.善意行为
C.无害原则
D.公正原则
E.以上都不是
【思考过程】：本题考查医学伦理的四大基本原则，包括尊重自主权、不伤害原则、行善原则、公正原则。

【最终答案】：ABCD

题目：根据《药品管理法》，以下哪些情形属于假药而非劣药？
A.药品成分的含量不符合国家药品标准
B.以非药品冒充其他种类药品
C.擅自添加防腐剂的药品
D.变质的药品
E.药品标明的适应症超出批准范围
【思考过程】：",BDE,Qwen3-235B-A22B,"【思考过程】：根据《药品管理法》第九十八条，假药包括成分不符、冒充药品、变质药品、污染药品、未经批准原料药生产、超适应症范围等情形；劣药包括成分含量不符、污染、未标明有效期、更改批号、过期、擅自添加防腐剂等。选项B（非药品冒充药品）属于假药（第二条），D（变质药品）属于假药（第三条），E（超适应症）属于假药（第六条）。A（成分含量不符）和C（擅自添加防腐剂）均属劣药范畴。

【最终答案】：BDE",客观题,BDE
常规诊疗,"你是一个严格按照要求答题的医学考试考生。请你先展示出完整的思考过程，然后再输出最终答案。每道题目有至少两个选项（A、B）至多五个选项（A、B、C、D、E），题目为不定项选择题，请按照以下格式作答：

【思考过程】：...

【最终答案】：AB / BCE / CD / DE / E / ...（只输出选项的编号，不要写选项内容）

示例：
题目：医疗伦理中四大基本原则是？
A.尊重自主权
B.善意行为
C.无害原则
D.公正原则
E.以上都不是
【思考过程】：本题考查医学伦理的四大基本原则，包括尊重自主权、不伤害原则、行善原则、公正原则。

【最终答案】：ABCD

题目：根据《药品管理法》，下列哪些情形应被认定为假药？
A.药品成份的含量不符合国家药品标准
B.被污染的药品
C.变质的药品
D.药品所标明的适应症超出规定范围
E.超过有效期的药品
【思考过程】：",CD,Qwen3-235B-A22B,"【思考过程】：根据《药品管理法》第九十八条，假药包括：（三）变质的药品；（四）药品所标明的适应症超出规定范围的情形。而劣药的情形包括A（成分含量不符）、B（被污染）、E（过期）。因此，C和D属于假药。

【最终答案】：CD",客观题,CD
常规诊疗,"你是一个严格按照要求答题的医学考试考生。请你先展示出完整的思考过程，然后再输出最终答案。每道题目有至少两个选项（A、B）至多五个选项（A、B、C、D、E），题目为不定项选择题，请按照以下格式作答：

【思考过程】：...

【最终答案】：AB / BCE / CD / DE / E / ...（只输出选项的编号，不要写选项内容）

示例：
题目：医疗伦理中四大基本原则是？
A.尊重自主权
B.善意行为
C.无害原则
D.公正原则
E.以上都不是
【思考过程】：本题考查医学伦理的四大基本原则，包括尊重自主权、不伤害原则、行善原则、公正原则。

【最终答案】：ABCD

题目：根据《中华人民共和国药品管理法》，以下哪项属于假药的情形而非劣药的情形？
A.药品成分含量低于国家药品标准
B.擅自添加防腐剂的药品
C.未标明生产批号的药品
D.药品所标明的适应症超出规定范围
E.超过有效期的药品
【思考过程】：",D,Qwen3-235B-A22B,"【思考过程】：根据《药品管理法》第九十八条，假药的情形包括“药品所标明的适应症或者功能主治超出规定范围”，而劣药的情形包括成分含量不符（A）、擅自添加辅料（B）、未标明生产批号（C）、超过有效期（E）。因此D属于假药，其余属于劣药。

【最终答案】：D",客观题,D
常规诊疗,"你是一个严格按照要求答题的医学考试考生。请你先展示出完整的思考过程，然后再输出最终答案。每道题目有至少两个选项（A、B）至多五个选项（A、B、C、D、E），题目为不定项选择题，请按照以下格式作答：

【思考过程】：...

【最终答案】：AB / BCE / CD / DE / E / ...（只输出选项的编号，不要写选项内容）

示例：
题目：医疗伦理中四大基本原则是？
A.尊重自主权
B.善意行为
C.无害原则
D.公正原则
E.以上都不是
【思考过程】：本题考查医学伦理的四大基本原则，包括尊重自主权、不伤害原则、行善原则、公正原则。

【最终答案】：ABCD

题目：以下哪些情形属于假药的范畴？
A.药品中添加了未批准使用的防腐剂
B.某抗生素的有效成分含量为标准的80%
C.被污水污染的退烧药
D.以维生素片冒充抗癌药物销售
E.药品标示适应症包含未经审批的疾病
【思考过程】：",DE,Qwen3-235B-A22B,"【思考过程】：本题考查假药的认定标准。根据《药品管理法》第四十八条，假药包括以下情形：（一）成分不符；（二）冒充药品；（三）变质；（四）被污染；（五）适应症超出批准范围。  
A选项：添加未批准的防腐剂属于成分不符（假药）；  
B选项：有效成分含量不足（劣药）；  
C选项：被污染的药品（假药）；  
D选项：冒充抗癌药（假药）；  
E选项：适应症未经审批（假药）。  

【最终答案】：ACDE",客观题,ACDE
常规诊疗,"你是一个严格按照要求答题的医学考试考生。请你先展示出完整的思考过程，然后再输出最终答案。每道题目有至少两个选项（A、B）至多五个选项（A、B、C、D、E），题目为不定项选择题，请按照以下格式作答：

【思考过程】：...

【最终答案】：AB / BCE / CD / DE / E / ...（只输出选项的编号，不要写选项内容）

示例：
题目：医疗伦理中四大基本原则是？
A.尊重自主权
B.善意行为
C.无害原则
D.公正原则
E.以上都不是
【思考过程】：本题考查医学伦理的四大基本原则，包括尊重自主权、不伤害原则、行善原则、公正原则。

【最终答案】：ABCD

题目：根据相关法律法规，以下哪些情形属于假药？（多选）
A.药品成分含量低于国家标准
B.用维生素片冒充消炎药
C.药品在运输过程中被污染
D.某退烧药标注可治疗阿尔茨海默病
E.未取得批准文件生产的降压药
【思考过程】：",BDE,Qwen3-235B-A22B,"【思考过程】：根据《药品管理法》及司法解释，假药的认定情形包括：1.药品所含成分与国家药品标准不符（A属于劣药，成分含量不足为劣药）；2.以非药品冒充药品（B正确）；3.被污染的药品（C正确）；4.所标明适应症超出规定范围（D正确，退烧药标注治疗阿尔茨海默病属超范围）；5.未取得批准证明文件生产的药品（E正确）。A项属于“劣药”范畴，不符合假药定义。

【最终答案】：BCDE",客观题,BCDE
常规诊疗,"你是一个严格按照要求答题的医学考试考生。请你先展示出完整的思考过程，然后再输出最终答案。每道题目有至少两个选项（A、B）至多五个选项（A、B、C、D、E），题目为不定项选择题，请按照以下格式作答：

【思考过程】：...

【最终答案】：AB / BCE / CD / DE / E / ...（只输出选项的编号，不要写选项内容）

示例：
题目：医疗伦理中四大基本原则是？
A.尊重自主权
B.善意行为
C.无害原则
D.公正原则
E.以上都不是
【思考过程】：本题考查医学伦理的四大基本原则，包括尊重自主权、不伤害原则、行善原则、公正原则。

【最终答案】：ABCD

题目：根据《药品管理法》相关规定，以下哪种情形会被判定为劣药？
A.药品擅自添加抗生素作为防腐剂
B.药品成分含量低于国家标准的感冒胶囊
C.被实验试剂污染的退烧药库存
D.有效期已过3个月的降压药
E.未注明产品批号的镇痛贴
【思考过程】：",ABCDE,Qwen3-235B-A22B,"【思考过程】：根据《药品管理法》第四十九条，劣药的情形包括：（一）药品成分含量不符合国家药品标准；（二）被污染的药品；（三）超过有效期；（四）未注明批号或更改批号。选项A属于假药（添加不应有的成分），而B（含量不符）、C（污染）、D（过期）、E（未注明批号）均符合劣药定义。

【最终答案】：BCDE",客观题,BCDE
常规诊疗,"你是一个严格按照要求答题的医学考试考生。请你先展示出完整的思考过程，然后再输出最终答案。每道题目有至少两个选项（A、B）至多五个选项（A、B、C、D、E），题目为不定项选择题，请按照以下格式作答：

【思考过程】：...

【最终答案】：AB / BCE / CD / DE / E / ...（只输出选项的编号，不要写选项内容）

示例：
题目：医疗伦理中四大基本原则是？
A.尊重自主权
B.善意行为
C.无害原则
D.公正原则
E.以上都不是
【思考过程】：本题考查医学伦理的四大基本原则，包括尊重自主权、不伤害原则、行善原则、公正原则。

【最终答案】：ABCD

题目：以下哪些情形属于“劣药”范畴？
A.药品所标明的适应症超出规定范围
B.被污染的药品
C.变质的药品
D.超过有效期的药品
E.擅自添加防腐剂的药品
【思考过程】：",BDE,Qwen3-235B-A22B,"【思考过程】：根据《药品管理法》第九十八条，劣药的情形包括：被污染的药品（B）、超过有效期的药品（D）、擅自添加防腐剂的药品（E）。而变质的药品（C）属于假药范畴（第三项），适应症超出规定范围（A）也属于假药（第四项）。因此，B、D、E属于劣药。

【最终答案】：BDE",客观题,BDE
常规诊疗,"你是一个严格按照要求答题的医学考试考生。请你先展示出完整的思考过程，然后再输出最终答案。每道题目有至少两个选项（A、B）至多五个选项（A、B、C、D、E），题目为不定项选择题，请按照以下格式作答：

【思考过程】：...

【最终答案】：AB / BCE / CD / DE / E / ...（只输出选项的编号，不要写选项内容）

示例：
题目：医疗伦理中四大基本原则是？
A.尊重自主权
B.善意行为
C.无害原则
D.公正原则
E.以上都不是
【思考过程】：本题考查医学伦理的四大基本原则，包括尊重自主权、不伤害原则、行善原则、公正原则。

【最终答案】：ABCD

题目：以下表述是否正确：举报人举报所在单位的，该单位可以解除与举报人的劳动合同作为报复。
A.正确
B.错误
【思考过程】：",B,Qwen3-235B-A22B,"【思考过程】：根据《中华人民共和国劳动合同法》相关规定，举报人因合法举报单位违法行为而遭受解雇的情况属于打击报复，用人单位不得以此为由解除劳动合同。若单位违法解除，举报人可依法申请劳动仲裁。因此题干所述情形不合法，正确选项应为B。

【最终答案】：B",客观题,B
常规诊疗,"你是一个严格按照要求答题的医学考试考生。请你先展示出完整的思考过程，然后再输出最终答案。每道题目有至少两个选项（A、B）至多五个选项（A、B、C、D、E），题目为不定项选择题，请按照以下格式作答：

【思考过程】：...

【最终答案】：AB / BCE / CD / DE / E / ...（只输出选项的编号，不要写选项内容）

示例：
题目：医疗伦理中四大基本原则是？
A.尊重自主权
B.善意行为
C.无害原则
D.公正原则
E.以上都不是
【思考过程】：本题考查医学伦理的四大基本原则，包括尊重自主权、不伤害原则、行善原则、公正原则。

【最终答案】：ABCD

题目：《中华人民共和国药品管理法》规定，应当从重处罚下列哪些情形？
A.生产、销售以老年人群体为主要使用对象的假药
B.伪造药品检验报告但未销毁证据
C.使用放射性药品冒充其他抗生素药品
D.擅自丢弃查封的过期药品
E.使用虚假身份销售药品
【思考过程】：",ACDE,Qwen3-235B-A22B,"【思考过程】：根据《中华人民共和国药品管理法》第137条，生产、销售假药、劣药的从重处罚情形包括：  
1. **特定人群使用对象**（如老年人、孕产妇、婴幼儿等）；  
2. **冒充特殊药品**（如放射性药品、麻醉药品等）；  
3. **伪造、销毁、隐匿证据**或擅自动用查封物品；  
4. **造成人身伤害、再犯、逃避检查**等。  

**选项A**：生产、销售以老年人为主要使用对象的假药，符合“特定人群”情形（第2项），正确。  
**选项B**：伪造药品检验报告属于“伪造证据”（第6项），无论是否销毁证据，均符合从重处罚条件，正确。  
**选项C**：使用放射性药品冒充抗生素属于“冒充特殊药品”情形（第1项），正确。  
**选项D**：擅自丢弃查封的过期药品属于“擅自动用查封物品”（第6项），正确。  
**选项E**：使用虚假身份销售药品未明确列入法定从重情形，错误。  

【最终答案】：ABCD",客观题,ABCD
常规诊疗,"你是一个严格按照要求答题的医学考试考生。请你先展示出完整的思考过程，然后再输出最终答案。每道题目有至少两个选项（A、B）至多五个选项（A、B、C、D、E），题目为不定项选择题，请按照以下格式作答：

【思考过程】：...

【最终答案】：AB / BCE / CD / DE / E / ...（只输出选项的编号，不要写选项内容）

示例：
题目：医疗伦理中四大基本原则是？
A.尊重自主权
B.善意行为
C.无害原则
D.公正原则
E.以上都不是
【思考过程】：本题考查医学伦理的四大基本原则，包括尊重自主权、不伤害原则、行善原则、公正原则。

【最终答案】：ABCD

题目：下列哪些情形应当在药品管理法的处罚幅度内从重处罚？
A.用镇痛类非处方药冒充含麻黄碱类药品
B.生产以老年人为主要使用对象的劣质降压药
C.销售的流感疫苗未达到生物安全标准且被鉴定为假药
D.首次销售过期抗生素导致患者轻微过敏
E.因库存不足暂缓提交质检报告
【思考过程】：",C,Qwen3-235B-A22B,"【思考过程】：根据《药品管理法》第一百三十八条，从重处罚的情形包括：生产销售针对特定人群（如老年人）的假劣药、生物制品假劣药、造成人身伤害、再犯或逃避监管等。选项B涉及生产老年人用劣质降压药（特定人群），选项C涉及销售假生物制品（疫苗），均符合从重处罚条件。选项A虽涉及冒充含麻黄碱药品，但未明确针对特定人群或生物制品；选项D为首次销售过期药且后果轻微，选项E为暂缓提交报告，均不符合从重情形。

【最终答案】：BC",客观题,BC
常规诊疗,"你是一个严格按照要求答题的医学考试考生。请你先展示出完整的思考过程，然后再输出最终答案。每道题目有至少两个选项（A、B）至多五个选项（A、B、C、D、E），题目为不定项选择题，请按照以下格式作答：

【思考过程】：...

【最终答案】：AB / BCE / CD / DE / E / ...（只输出选项的编号，不要写选项内容）

示例：
题目：医疗伦理中四大基本原则是？
A.尊重自主权
B.善意行为
C.无害原则
D.公正原则
E.以上都不是
【思考过程】：本题考查医学伦理的四大基本原则，包括尊重自主权、不伤害原则、行善原则、公正原则。

【最终答案】：ABCD

题目：下列哪种行为应当在本法规定的处罚幅度内从重处罚？
A.向65岁以上老人销售未标明生产日期的保健食品
B.向公立医院销售以儿童为主要使用对象的劣质止咳糖浆
C.生产企业首次抽查中被发现某批次生物制品有效成分不足
D.生产治疗高血压的假药但未造成患者明显伤害
E.擅自转移已被市场监管部门查封的过期医疗器械
【思考过程】：",BE,Qwen3-235B-A22B,"【思考过程】：根据《药品管理法》第一百三十七条，从重处罚的情形包括：（1）生产销售以孕产妇、婴幼儿及儿童为主要使用对象的假药、劣药；（2）生产销售生物制品假药、劣药；（3）造成人员伤害后果；（4）经处理后再次违法；（5）拒绝检查或擅自动用查封物品等。  
选项B中“儿童为主要使用对象的劣质止咳糖浆”符合情形（1），应从重处罚；  
选项E中“擅自转移已被查封的医疗器械”符合情形（5），应从重处罚；  
选项A涉及保健食品（非药品）及标签问题，不适用药品从重条款；  
选项C为首次抽查，不构成“再次违法”；  
选项D虽生产假药，但未造成伤害且未提及生物制品或特殊群体，不符合从重情形。  

【最终答案】：BE",客观题,BE
常规诊疗,"你是一个严格按照要求答题的医学考试考生。请你先展示出完整的思考过程，然后再输出最终答案。每道题目有至少两个选项（A、B）至多五个选项（A、B、C、D、E），题目为不定项选择题，请按照以下格式作答：

【思考过程】：...

【最终答案】：AB / BCE / CD / DE / E / ...（只输出选项的编号，不要写选项内容）

示例：
题目：医疗伦理中四大基本原则是？
A.尊重自主权
B.善意行为
C.无害原则
D.公正原则
E.以上都不是
【思考过程】：本题考查医学伦理的四大基本原则，包括尊重自主权、不伤害原则、行善原则、公正原则。

【最终答案】：ABCD

题目：以下哪种情况允许开展诊疗活动？
A.已取得《医疗机构执业许可证》但未经备案
B.持有营业执照但未获得许可证或备案
C.既无《医疗机构执业许可证》又未经备案
D.凭借地方政府的特殊批准文件开展诊疗
【思考过程】：",A,Qwen3-235B-A22B,"【思考过程】：根据《医疗机构管理条例》，医疗机构必须取得《医疗机构执业许可证》才能开展诊疗活动。选项A中已取得许可证但未经备案的情况，若备案仅为程序性要求而非执业前提，则允许开展；若备案为强制性要求，则不允许。根据常规法规，许可证是核心条件，备案可能属于后续管理步骤，因此选项A允许。选项B和C因缺乏许可证均非法。选项D中地方政府特殊批准文件无法替代许可证，因此无效。综上，仅选项A符合要求。

【最终答案】：A",客观题,A
常规诊疗,"你是一个严格按照要求答题的医学考试考生。请你先展示出完整的思考过程，然后再输出最终答案。每道题目有至少两个选项（A、B）至多五个选项（A、B、C、D、E），题目为不定项选择题，请按照以下格式作答：

【思考过程】：...

【最终答案】：AB / BCE / CD / DE / E / ...（只输出选项的编号，不要写选项内容）

示例：
题目：医疗伦理中四大基本原则是？
A.尊重自主权
B.善意行为
C.无害原则
D.公正原则
E.以上都不是
【思考过程】：本题考查医学伦理的四大基本原则，包括尊重自主权、不伤害原则、行善原则、公正原则。

【最终答案】：ABCD

题目：以下哪些行为符合医疗机构诊疗科目的管理规定？
A.减少原备案的诊疗科目数量
B.常规开展未经核准登记的诊疗项目
C.暂停开展所有已备案的诊疗科目
D.在紧急情况下临时开展未备案的诊疗项目
E.新增诊疗科目后3个月内提交备案材料
【思考过程】：",AC,Qwen3-235B-A22B,"【思考过程】：根据《医疗机构管理条例》，医疗机构需按核准的诊疗科目开展诊疗活动。A选项减少已备案科目需经变更登记，符合规定；D选项在紧急情况下临时开展未备案项目为抢救需要，允许事后补办手续；B选项常规开展未经核准项目违法；C选项暂停所有科目可能涉及机构停业，需注销而非暂停；E选项新增科目应提前备案而非事后提交材料。

【最终答案】：AD",客观题,AD
常规诊疗,"你是一个严格按照要求答题的医学考试考生。请你先展示出完整的思考过程，然后再输出最终答案。每道题目有至少两个选项（A、B）至多五个选项（A、B、C、D、E），题目为不定项选择题，请按照以下格式作答：

【思考过程】：...

【最终答案】：AB / BCE / CD / DE / E / ...（只输出选项的编号，不要写选项内容）

示例：
题目：医疗伦理中四大基本原则是？
A.尊重自主权
B.善意行为
C.无害原则
D.公正原则
E.以上都不是
【思考过程】：本题考查医学伦理的四大基本原则，包括尊重自主权、不伤害原则、行善原则、公正原则。

【最终答案】：ABCD

题目：某医院安排以下人员参与医疗卫生技术工作，其中哪项违反了相关规定？
A.医学检验技师进行常规血液检测
B.护理学院尚未取得执业资格的实习生执行静脉穿刺
C.药学专业毕业生审核处方
D.获急救认证的志愿者操作心电图机
【思考过程】：",BCD,Qwen3-235B-A22B,"【思考过程】：根据《执业医师法》及《护士条例》，医疗卫生技术工作需由具备相应执业资格的人员独立完成。B选项中，未取得执业资格的护理实习生独立执行静脉穿刺属于违规；C选项中药学专业毕业生无执业药师资格，审核处方违反规定；D选项中志愿者即使有急救认证，但无相关执业资格操作心电图机亦违规。A选项符合规定。

【最终答案】：BCD",客观题,BCD
常规诊疗,"你是一个严格按照要求答题的医学考试考生。请你先展示出完整的思考过程，然后再输出最终答案。每道题目有至少两个选项（A、B）至多五个选项（A、B、C、D、E），题目为不定项选择题，请按照以下格式作答：

【思考过程】：...

【最终答案】：AB / BCE / CD / DE / E / ...（只输出选项的编号，不要写选项内容）

示例：
题目：医疗伦理中四大基本原则是？
A.尊重自主权
B.善意行为
C.无害原则
D.公正原则
E.以上都不是
【思考过程】：本题考查医学伦理的四大基本原则，包括尊重自主权、不伤害原则、行善原则、公正原则。

【最终答案】：ABCD

题目：某医院接诊危重患者后发现设备不足，以下做法中符合法规的是？
A.立即抢救并在稳定生命体征后联系转诊
B.因缺乏设备直接建议患者转往其他医院
C.动员全体医护人员尝试治疗后决定是否转诊
D.为减少医疗风险未进行抢救直接转诊
E.检查患者支付能力后决定抢救方案
【思考过程】：",A,Qwen3-235B-A22B,"【思考过程】：根据《医疗机构管理条例》及医疗急救相关规定，医疗机构对急危重患者应先实施必要的抢救措施，待生命体征稳定后及时转诊。A选项符合""先抢救后转诊""的法定要求；B选项违反""不得拒诊""规定；C选项虽体现积极救治态度，但""动员全体医护人员尝试治疗""并非法规强制要求；D选项未抢救直接转诊违背救治义务；E选项将支付能力与抢救方案挂钩，违反《医疗纠纷预防和处理条例》第13条关于""不得因费用问题延误救治""的规定。

【最终答案】：A",客观题,A
常规诊疗,"你是一个严格按照要求答题的医学考试考生。请你先展示出完整的思考过程，然后再输出最终答案。每道题目有至少两个选项（A、B）至多五个选项（A、B、C、D、E），题目为不定项选择题，请按照以下格式作答：

【思考过程】：...

【最终答案】：AB / BCE / CD / DE / E / ...（只输出选项的编号，不要写选项内容）

示例：
题目：医疗伦理中四大基本原则是？
A.尊重自主权
B.善意行为
C.无害原则
D.公正原则
E.以上都不是
【思考过程】：本题考查医学伦理的四大基本原则，包括尊重自主权、不伤害原则、行善原则、公正原则。

【最终答案】：ABCD

题目：医疗机构在下列哪种情况下开具证明文件是符合法律规定的？
A.陈医师未亲自诊查患者，根据病历记录开具健康证明书
B.李医生亲自接产后由护士代为签署出生证明书
C.医院未经诊查为患者开具死亡证明书（医师参与了抢救但未最后检查）
D.产妇由助产工作人员接产后，助产士签署出生证明书
【思考过程】：",D,Qwen3-235B-A22B,"【思考过程】：根据《医疗机构管理条例》及实施细则，医疗机构出具证明文件需基于实际诊查。A选项医师未亲自诊查，仅凭病历开具健康证明违法；B选项护士代签出生证明不符合接产医师本人签署的要求；C选项未最后检查尸体而开具死亡证明违法；D选项助产士作为接产人员可依法签署出生证明。

【最终答案】：D",客观题,D
常规诊疗,"你是一个严格按照要求答题的医学考试考生。请你先展示出完整的思考过程，然后再输出最终答案。每道题目有至少两个选项（A、B）至多五个选项（A、B、C、D、E），题目为不定项选择题，请按照以下格式作答：

【思考过程】：...

【最终答案】：AB / BCE / CD / DE / E / ...（只输出选项的编号，不要写选项内容）

示例：
题目：医疗伦理中四大基本原则是？
A.尊重自主权
B.善意行为
C.无害原则
D.公正原则
E.以上都不是
【思考过程】：本题考查医学伦理的四大基本原则，包括尊重自主权、不伤害原则、行善原则、公正原则。

【最终答案】：ABCD

题目：在下列哪些情形下，医务人员必须及时向患者或近亲属说明医疗风险及替代方案并取得明确同意？
A.调整降压药物剂量
B.实施骨折内固定手术
C.进行胃肠镜检查前的镇静麻醉
D.抽取外周血用于常规化验
E.开具感冒退烧药物
【思考过程】：",BC,Qwen3-235B-A22B,"【思考过程】：根据《民法典》相关规定，医务人员在实施手术、特殊检查、特殊治疗时需取得患者或近亲属明确同意。B选项（骨折内固定手术）属于手术治疗，必须说明风险并取得同意；C选项（胃肠镜镇静麻醉）涉及麻醉风险，属于特殊检查前的准备，需单独告知。A（调整降压药剂量）、D（抽血化验）、E（感冒退烧药）均属常规诊疗行为，风险较低，通常无需单独说明并取得明确同意。

【最终答案】：BC",客观题,BC
常规诊疗,"你是一个严格按照要求答题的医学考试考生。请你先展示出完整的思考过程，然后再输出最终答案。每道题目有至少两个选项（A、B）至多五个选项（A、B、C、D、E），题目为不定项选择题，请按照以下格式作答：

【思考过程】：...

【最终答案】：AB / BCE / CD / DE / E / ...（只输出选项的编号，不要写选项内容）

示例：
题目：医疗伦理中四大基本原则是？
A.尊重自主权
B.善意行为
C.无害原则
D.公正原则
E.以上都不是
【思考过程】：本题考查医学伦理的四大基本原则，包括尊重自主权、不伤害原则、行善原则、公正原则。

【最终答案】：ABCD

题目：以下哪些做法符合医疗机构收取医疗费用的相关法规要求？
A.与患者协商确定检验项目收费标准
B.按照物价部门核定的价格收取诊疗费用
C.收费单据中独立标注静脉注射耗材费与操作费
D.仅向患者提供标注总金额的服务费收据
E.急诊抢救后未缴费患者补缴费用时出具追溯性收据
【思考过程】：",BCE,Qwen3-235B-A22B,"【思考过程】：本题考查医疗机构收费相关法规要求。选项B符合物价部门核定价格的规定；选项C要求收费单据独立标注耗材费与操作费，符合费用明细管理要求；选项A涉及自主定价，违反规定；选项D未提供明细收据，不符合要求；选项E的追溯性收据可能涉及时间不真实，不符合财务规范。

【最终答案】：BC",客观题,BC
常规诊疗,"你是一个严格按照要求答题的医学考试考生。请你先展示出完整的思考过程，然后再输出最终答案。每道题目有至少两个选项（A、B）至多五个选项（A、B、C、D、E），题目为不定项选择题，请按照以下格式作答：

【思考过程】：...

【最终答案】：AB / BCE / CD / DE / E / ...（只输出选项的编号，不要写选项内容）

示例：
题目：医疗伦理中四大基本原则是？
A.尊重自主权
B.善意行为
C.无害原则
D.公正原则
E.以上都不是
【思考过程】：本题考查医学伦理的四大基本原则，包括尊重自主权、不伤害原则、行善原则、公正原则。

【最终答案】：ABCD

题目：医疗机构开展医疗技术临床应用时，必须遵循以下哪些原则？
A.科学、安全、规范
B.有效、高效、经济
C.符合伦理、规范、有效
D.安全、便捷、创新
E.科学、经济、符合伦理
【思考过程】：",AE,Qwen3-235B-A22B,"【思考过程】：根据《医疗技术临床应用管理办法》第八条，医疗机构开展医疗技术临床应用必须遵循科学、安全、规范、有效的原则，并符合伦理准则。选项A包含科学、安全、规范，选项C包含符合伦理、规范、有效，两者共同覆盖所有原则。其他选项未涵盖全部核心要素或包含不相关因素（如经济、高效）。

【最终答案】：AC",客观题,AC
常规诊疗,"你是一个严格按照要求答题的医学考试考生。请你先展示出完整的思考过程，然后再输出最终答案。每道题目有至少两个选项（A、B）至多五个选项（A、B、C、D、E），题目为不定项选择题，请按照以下格式作答：

【思考过程】：...

【最终答案】：AB / BCE / CD / DE / E / ...（只输出选项的编号，不要写选项内容）

示例：
题目：医疗伦理中四大基本原则是？
A.尊重自主权
B.善意行为
C.无害原则
D.公正原则
E.以上都不是
【思考过程】：本题考查医学伦理的四大基本原则，包括尊重自主权、不伤害原则、行善原则、公正原则。

【最终答案】：ABCD

题目：以下哪些情形符合禁止类医疗技术的法定条件？
A.临床应用安全性、有效性尚未充分验证；B.存在一般伦理争议而非重大伦理问题；C.该技术经专家论证已被行业淘汰；D.省级卫生部门登记的常规诊疗技术；E.经伦理委员会初步审核的改良医疗方案
【思考过程】：",ACE,Qwen3-235B-A22B,"【思考过程】：禁止类医疗技术通常指存在重大安全性、有效性或伦理问题需严格管控的技术。A选项“安全性有效性未充分验证”符合禁止条件（潜在风险高）；B选项“一般伦理争议”不符合禁止标准（重大伦理问题才涉及禁止）；C选项“已被行业淘汰”符合禁止条件（技术落后或存在隐患）；D选项“常规诊疗技术”属于已广泛应用技术，不禁止；E选项“经伦理初步审核的改良方案”可能属于限制类而非禁止类。

【最终答案】：AC",客观题,AC
常规诊疗,"你是一个严格按照要求答题的医学考试考生。请你先展示出完整的思考过程，然后再输出最终答案。每道题目有至少两个选项（A、B）至多五个选项（A、B、C、D、E），题目为不定项选择题，请按照以下格式作答：

【思考过程】：...

【最终答案】：AB / BCE / CD / DE / E / ...（只输出选项的编号，不要写选项内容）

示例：
题目：医疗伦理中四大基本原则是？
A.尊重自主权
B.善意行为
C.无害原则
D.公正原则
E.以上都不是
【思考过程】：本题考查医学伦理的四大基本原则，包括尊重自主权、不伤害原则、行善原则、公正原则。

【最终答案】：ABCD

题目：根据相关规定，以下哪种情形应被列为限制类技术管理？
A.涉及一般伦理风险的，B.需要消耗稀缺资源的，C.存在不合理临床应用需要重点管理的，D.医院常规开展的且成本可控的，E.技术难度适中但涉及重大伦理风险的
【思考过程】：",BCE,Qwen3-235B-A22B,"【思考过程】：根据《医疗技术临床应用管理办法》，限制类技术通常指需要消耗稀缺资源（B）、存在不合理临床应用需重点管理（C）、或涉及重大伦理风险（E）的技术。选项A的“一般伦理风险”和D的“常规开展且成本可控”不符合限制类定义。

【最终答案】：BCE",客观题,BCE
常规诊疗,"你是一个严格按照要求答题的医学考试考生。请你先展示出完整的思考过程，然后再输出最终答案。每道题目有至少两个选项（A、B）至多五个选项（A、B、C、D、E），题目为不定项选择题，请按照以下格式作答：

【思考过程】：...

【最终答案】：AB / BCE / CD / DE / E / ...（只输出选项的编号，不要写选项内容）

示例：
题目：医疗伦理中四大基本原则是？
A.尊重自主权
B.善意行为
C.无害原则
D.公正原则
E.以上都不是
【思考过程】：本题考查医学伦理的四大基本原则，包括尊重自主权、不伤害原则、行善原则、公正原则。

【最终答案】：ABCD

题目：某医院拟开展一项限制类医疗技术，以下哪种做法符合法规要求？
A.直接开展临床使用并在后续补交审查材料
B.提请本院伦理委员会审议并通过后使用
C.未经本院伦理委员会审查但咨询了省级专家意见
D.暂缓伦理审查并小范围试用
【思考过程】：",B,Qwen3-235B-A22B,"【思考过程】：根据《医疗技术临床应用管理办法》，医疗机构开展限制类医疗技术必须通过伦理委员会审查，且不可在未审批前开展。选项B明确要求伦理委员会审议并通过，符合法规要求。其他选项均存在未完成审查即开展或绕过伦理审查的情况。

【最终答案】：B",客观题,B
常规诊疗,"你是一个严格按照要求答题的医学考试考生。请你先展示出完整的思考过程，然后再输出最终答案。每道题目有至少两个选项（A、B）至多五个选项（A、B、C、D、E），题目为不定项选择题，请按照以下格式作答：

【思考过程】：...

【最终答案】：AB / BCE / CD / DE / E / ...（只输出选项的编号，不要写选项内容）

示例：
题目：医疗伦理中四大基本原则是？
A.尊重自主权
B.善意行为
C.无害原则
D.公正原则
E.以上都不是
【思考过程】：本题考查医学伦理的四大基本原则，包括尊重自主权、不伤害原则、行善原则、公正原则。

【最终答案】：ABCD

题目：某医院计划首次应用一项已证明安全有效的医疗技术，根据相关规定，该医院必须开展以下哪些论证？
A.本机构技术能力论证
B.患者经济承受能力评估
C.本机构安全保障能力论证
D.该技术在全国的普及率调查
【思考过程】：",AC,Qwen3-235B-A22B,"【思考过程】：根据医疗技术临床应用管理规定，医疗机构首次应用已证明安全有效的医疗技术时，必须进行技术能力和安全保障能力论证，确保具备实施条件。患者经济承受能力评估和全国普及率调查不属于强制性论证内容。

【最终答案】：AC",客观题,AC
常规诊疗,"你是一个严格按照要求答题的医学考试考生。请你先展示出完整的思考过程，然后再输出最终答案。每道题目有至少两个选项（A、B）至多五个选项（A、B、C、D、E），题目为不定项选择题，请按照以下格式作答：

【思考过程】：...

【最终答案】：AB / BCE / CD / DE / E / ...（只输出选项的编号，不要写选项内容）

示例：
题目：医疗伦理中四大基本原则是？
A.尊重自主权
B.善意行为
C.无害原则
D.公正原则
E.以上都不是
【思考过程】：本题考查医学伦理的四大基本原则，包括尊重自主权、不伤害原则、行善原则、公正原则。

【最终答案】：ABCD

题目：根据相关规定，医疗机构应当立即停止某项限制类技术临床应用的情况包括以下哪些？
A.存在轻微质量安全隐患
B.存在严重质量安全问题
C.技术管理人员不足
D.不再符合有关技术管理要求
E.患者投诉数量增加
【思考过程】：",BD,Qwen3-235B-A22B,"【思考过程】：根据《医疗技术临床应用管理办法》第二十八条规定，医疗机构存在严重质量安全问题（B）、不再符合技术管理要求（D）时需立即停止技术应用。选项A的“轻微隐患”和E的“投诉增加”不符合强制停止条件，C的“人员不足”未明确直接关联法规条款。

【最终答案】：BD",客观题,BD
常规诊疗,"你是一个严格按照要求答题的医学考试考生。请你先展示出完整的思考过程，然后再输出最终答案。每道题目有至少两个选项（A、B）至多五个选项（A、B、C、D、E），题目为不定项选择题，请按照以下格式作答：

【思考过程】：...

【最终答案】：AB / BCE / CD / DE / E / ...（只输出选项的编号，不要写选项内容）

示例：
题目：医疗伦理中四大基本原则是？
A.尊重自主权
B.善意行为
C.无害原则
D.公正原则
E.以上都不是
【思考过程】：本题考查医学伦理的四大基本原则，包括尊重自主权、不伤害原则、行善原则、公正原则。

【最终答案】：ABCD

题目：根据医疗技术临床应用管理规范，以下哪些情形应当立即停止该项医疗技术的临床应用？
A.该技术被列为""限制类技术""
B.关键设备维护人员离职影响设备校准
C.应用过程中发生严重术后感染事件
D.发现技术存在伦理缺陷但尚未造成实际损害
E.主要术者因公出国进修三个月
【思考过程】：",CD,Qwen3-235B-A22B,"【思考过程】：题目要求判断哪些情形需立即停止医疗技术临床应用。根据《医疗技术临床应用管理办法》，以下情形应立即停止：1. 发生严重不良事件（C选项符合）；2. 技术支撑条件改变影响安全（B选项设备无法校准属于此类）；3. 存在伦理缺陷需重新评估（D选项符合）。A选项“限制类技术”仅需规范管理而非立即停止；E选项术者暂时离岗不必然导致技术停止，除非无替代人员，但题目未明确此情况。因此，正确选项为B、C、D。

【最终答案】：BCD",客观题,BCD
常规诊疗,"你是一个严格按照要求答题的医学考试考生。请你先展示出完整的思考过程，然后再输出最终答案。每道题目有至少两个选项（A、B）至多五个选项（A、B、C、D、E），题目为不定项选择题，请按照以下格式作答：

【思考过程】：...

【最终答案】：AB / BCE / CD / DE / E / ...（只输出选项的编号，不要写选项内容）

示例：
题目：医疗伦理中四大基本原则是？
A.尊重自主权
B.善意行为
C.无害原则
D.公正原则
E.以上都不是
【思考过程】：本题考查医学伦理的四大基本原则，包括尊重自主权、不伤害原则、行善原则、公正原则。

【最终答案】：ABCD

题目：下列哪种情形可能导致医务人员被追究法律责任？
A.未定期参加医疗技术培训
B.开展临床效果尚未明确的新技术研究
C.开展肿瘤患者诊疗时未签知情同意书
D.化验室人员将患者HIV结果发给患者单位领导
【思考过程】：",BCD,Qwen3-235B-A22B,"【思考过程】：选项C未签知情同意书违反法律强制规定，属于违法行为；选项D泄露HIV结果直接侵犯患者隐私权，属于法律明令禁止的行为。选项B若新技术未获审批或未告知患者风险，可能构成违规，但题目未明确具体违规细节；选项A属内部管理要求，通常不直接导致法律责任。因此，C、D为明确违法情形。

【最终答案】：CD",客观题,CD
常规诊疗,"你是一个严格按照要求答题的医学考试考生。请你先展示出完整的思考过程，然后再输出最终答案。每道题目有至少两个选项（A、B）至多五个选项（A、B、C、D、E），题目为不定项选择题，请按照以下格式作答：

【思考过程】：...

【最终答案】：AB / BCE / CD / DE / E / ...（只输出选项的编号，不要写选项内容）

示例：
题目：医疗伦理中四大基本原则是？
A.尊重自主权
B.善意行为
C.无害原则
D.公正原则
E.以上都不是
【思考过程】：本题考查医学伦理的四大基本原则，包括尊重自主权、不伤害原则、行善原则、公正原则。

【最终答案】：ABCD

题目：在实施非治疗性临床试验（无直接临床获益）且由监护人代行知情同意的情况下，伦理委员会不应当特别关注以下哪项内容？
A.知情同意过程是否符合年龄限制要求
B.试验方案是否包含替代同意机制的法律依据
C.试验组的性别比例设计是否均衡
D.风险最小化措施是否有可操作性
E.是否设置了儿童受试者权益评估工具
【思考过程】：",C,Qwen3-235B-A22B,"【思考过程】：本题考查伦理委员会在非治疗性临床试验中需特别关注的内容。非治疗性试验无直接临床获益，因此伦理委员会需重点关注受试者权益保护、风险最小化、知情同意合法性等。选项C涉及性别比例均衡，属于研究设计科学性问题，而非伦理核心关注点。而选项A（年龄限制合规性）、B（替代同意法律依据）、D（风险最小化措施可行性）、E（儿童权益评估工具）均直接关联受试者权益保护及伦理合规性，属于伦理委员会必须关注的核心内容。

【最终答案】：C",客观题,C
常规诊疗,"你是一个严格按照要求答题的医学考试考生。请你先展示出完整的思考过程，然后再输出最终答案。每道题目有至少两个选项（A、B）至多五个选项（A、B、C、D、E），题目为不定项选择题，请按照以下格式作答：

【思考过程】：...

【最终答案】：AB / BCE / CD / DE / E / ...（只输出选项的编号，不要写选项内容）

示例：
题目：医疗伦理中四大基本原则是？
A.尊重自主权
B.善意行为
C.无害原则
D.公正原则
E.以上都不是
【思考过程】：本题考查医学伦理的四大基本原则，包括尊重自主权、不伤害原则、行善原则、公正原则。

【最终答案】：ABCD

题目：伦理委员会对正在实施的临床试验进行跟踪审查的最低频率是多久？
A.至少一年一次
B.至少半年一次
C.至少两年一次
D.按季度审查
E.每月审查一次
【思考过程】：",A,Qwen3-235B-A22B,"【思考过程】：伦理委员会对临床试验的跟踪审查最低频率通常依据相关法规和指南。根据国际通行的ICH GCP指南，跟踪审查一般要求至少每年进行一次，以确保研究持续符合伦理标准。中国《药物临床试验质量管理规范》也明确规定跟踪审查的最低频率为每年一次。选项中A（至少一年一次）符合这一要求，而其他选项（如半年、两年、季度或每月）均不符合“最低”或实际标准。

【最终答案】：A",客观题,A
常规诊疗,"你是一个严格按照要求答题的医学考试考生。请你先展示出完整的思考过程，然后再输出最终答案。每道题目有至少两个选项（A、B）至多五个选项（A、B、C、D、E），题目为不定项选择题，请按照以下格式作答：

【思考过程】：...

【最终答案】：AB / BCE / CD / DE / E / ...（只输出选项的编号，不要写选项内容）

示例：
题目：医疗伦理中四大基本原则是？
A.尊重自主权
B.善意行为
C.无害原则
D.公正原则
E.以上都不是
【思考过程】：本题考查医学伦理的四大基本原则，包括尊重自主权、不伤害原则、行善原则、公正原则。

【最终答案】：ABCD

题目：伦理委员会对正在实施的临床试验进行跟踪审查的最低频率是？
A.每季度审查一次
B.每半年审查一次
C.最少每年审查一次
D.仅在试验方案变更时审查
【思考过程】：",C,Qwen3-235B-A22B,"【思考过程】：本题考查伦理委员会对临床试验跟踪审查的最低频率要求。根据ICH-GCP和我国相关法规，伦理委员会需根据试验风险程度决定跟踪审查频率，但最低标准为每年至少一次。选项C（最少每年审查一次）符合最低频率要求，而其他选项（如每季度、每半年）适用于高风险试验但非最低标准。

【最终答案】：C",客观题,C
常规诊疗,"你是一个严格按照要求答题的医学考试考生。请你先展示出完整的思考过程，然后再输出最终答案。每道题目有至少两个选项（A、B）至多五个选项（A、B、C、D、E），题目为不定项选择题，请按照以下格式作答：

【思考过程】：...

【最终答案】：AB / BCE / CD / DE / E / ...（只输出选项的编号，不要写选项内容）

示例：
题目：医疗伦理中四大基本原则是？
A.尊重自主权
B.善意行为
C.无害原则
D.公正原则
E.以上都不是
【思考过程】：本题考查医学伦理的四大基本原则，包括尊重自主权、不伤害原则、行善原则、公正原则。

【最终答案】：ABCD

题目：伦理委员会对正在实施的临床试验进行跟踪审查的最低频率是？
A.每年一次
B.每半年一次
C.每两年一次
D.每季度一次
【思考过程】：",A,Qwen3-235B-A22B,"【思考过程】：本题考查伦理委员会对临床试验跟踪审查的频率要求。根据ICH-GCP和中国GCP指南，伦理委员会需定期对临床试验进行跟踪审查，最低频率为每年一次。其他选项如半年、季度等可能适用于特殊情况，但最低标准为每年一次。

【最终答案】：A",客观题,A
常规诊疗,"你是一个严格按照要求答题的医学考试考生。请你先展示出完整的思考过程，然后再输出最终答案。每道题目有至少两个选项（A、B）至多五个选项（A、B、C、D、E），题目为不定项选择题，请按照以下格式作答：

【思考过程】：...

【最终答案】：AB / BCE / CD / DE / E / ...（只输出选项的编号，不要写选项内容）

示例：
题目：医疗伦理中四大基本原则是？
A.尊重自主权
B.善意行为
C.无害原则
D.公正原则
E.以上都不是
【思考过程】：本题考查医学伦理的四大基本原则，包括尊重自主权、不伤害原则、行善原则、公正原则。

【最终答案】：ABCD

题目：以下哪项不属于伦理委员会必须审查的文件？
A.试验方案修订版
B.研究者的资格证明文件
C.研究者手册
D.招募受试者的方式
E.研究机构的财务审计报告
【思考过程】：",E,Qwen3-235B-A22B,"【思考过程】：伦理委员会的主要职责是审查涉及人体的研究方案及其修改、受试者权益保护措施、研究者资质及利益冲突等。A选项（试验方案修订版）直接涉及研究方案的变更，必须审查。B选项（研究者的资格证明文件）是评估研究者是否具备资质的重要依据，通常属于审查范围。C选项（研究者手册）提供研究背景和科学依据，需审查。D选项（招募受试者的方式）直接影响受试者权益保护，需确保公平性和伦理性。E选项（研究机构的财务审计报告）属于机构财务管理范畴，与伦理审查无直接关联，通常不在伦理委员会必须审查的文件范围内。

【最终答案】：E",客观题,E
常规诊疗,"你是一个严格按照要求答题的医学考试考生。请你先展示出完整的思考过程，然后再输出最终答案。每道题目有至少两个选项（A、B）至多五个选项（A、B、C、D、E），题目为不定项选择题，请按照以下格式作答：

【思考过程】：...

【最终答案】：AB / BCE / CD / DE / E / ...（只输出选项的编号，不要写选项内容）

示例：
题目：医疗伦理中四大基本原则是？
A.尊重自主权
B.善意行为
C.无害原则
D.公正原则
E.以上都不是
【思考过程】：本题考查医学伦理的四大基本原则，包括尊重自主权、不伤害原则、行善原则、公正原则。

【最终答案】：ABCD

题目：根据伦理委员会的职责，以下哪些说法正确？
A.有权暂停未按照要求实施的临床试验
B.所有临床试验必须每半年审查一次
C.至少每年对正在实施的试验审查一次
D.须受理受试者关于补偿金额的投诉
E.应审查研究者是否具备执业资格
【思考过程】：",ACE,Qwen3-235B-A22B,"【思考过程】：伦理委员会的核心职责包括监督试验的合规性、定期审查、保障受试者权益及审查研究者资质。选项A正确，伦理委员会有权暂停违规试验以保护受试者。选项B错误，审查频率因试验风险而异，非所有试验均需每半年审查。选项C正确，常规要求至少每年审查一次。选项D错误，补偿金额投诉通常由专门机制处理，而非伦理委员会直接受理。选项E正确，审查研究者资质是伦理委员会的基础职责。

【最终答案】：ACE",客观题,ACE
常规诊疗,"你是一个严格按照要求答题的医学考试考生。请你先展示出完整的思考过程，然后再输出最终答案。每道题目有至少两个选项（A、B）至多五个选项（A、B、C、D、E），题目为不定项选择题，请按照以下格式作答：

【思考过程】：...

【最终答案】：AB / BCE / CD / DE / E / ...（只输出选项的编号，不要写选项内容）

示例：
题目：医疗伦理中四大基本原则是？
A.尊重自主权
B.善意行为
C.无害原则
D.公正原则
E.以上都不是
【思考过程】：本题考查医学伦理的四大基本原则，包括尊重自主权、不伤害原则、行善原则、公正原则。

【最终答案】：ABCD

题目：伦理委员会对正在实施的临床试验进行定期跟踪审查的最低频率为多少？
A.每6个月一次
B.每年一次
C.每18个月一次
D.仅根据受试者风险程度决定审查频率
【思考过程】：",B,Qwen3-235B-A22B,"【思考过程】：本题考查伦理委员会对临床试验的跟踪审查频率。根据ICH GCP指南，伦理委员会必须至少每年对正在进行的临床试验进行一次定期审查，无论风险高低。选项D错误，因为即使风险程度不同，仍需最低频率的审查（每年一次）。因此，最低频率为每年一次。

【最终答案】：B",客观题,B
常规诊疗,"你是一个严格按照要求答题的医学考试考生。请你先展示出完整的思考过程，然后再输出最终答案。每道题目有至少两个选项（A、B）至多五个选项（A、B、C、D、E），题目为不定项选择题，请按照以下格式作答：

【思考过程】：...

【最终答案】：AB / BCE / CD / DE / E / ...（只输出选项的编号，不要写选项内容）

示例：
题目：医疗伦理中四大基本原则是？
A.尊重自主权
B.善意行为
C.无害原则
D.公正原则
E.以上都不是
【思考过程】：本题考查医学伦理的四大基本原则，包括尊重自主权、不伤害原则、行善原则、公正原则。

【最终答案】：ABCD

题目：以下哪些情形属于伦理委员会在常规诊疗中必须履行的职责？
A. 每季度审查一次临床试验的实施情况  
B. 受理并处理受试者的合理诉求  
C. 审核试验方案中的知情同意书和招募广告  
D. 要求研究者提供与受试者补偿无关的额外文件  
E. 在紧急情况下直接修改试验流程以保护受试者
【思考过程】：",BC,Qwen3-235B-A22B,"【思考过程】：伦理委员会的核心职责包括审核研究方案及知情同意书（选项C），保障受试者权益，如受理诉求（选项B）。选项A涉及临床试验的定期审查，但题目限定“常规诊疗”场景，此职责通常不适用；选项D要求额外文件与伦理审查无关；选项E中直接修改试验流程不符合伦理委员会的职能定位。

【最终答案】：BC",客观题,BC
常规诊疗,"你是一个严格按照要求答题的医学考试考生。请你先展示出完整的思考过程，然后再输出最终答案。每道题目有至少两个选项（A、B）至多五个选项（A、B、C、D、E），题目为不定项选择题，请按照以下格式作答：

【思考过程】：...

【最终答案】：AB / BCE / CD / DE / E / ...（只输出选项的编号，不要写选项内容）

示例：
题目：医疗伦理中四大基本原则是？
A.尊重自主权
B.善意行为
C.无害原则
D.公正原则
E.以上都不是
【思考过程】：本题考查医学伦理的四大基本原则，包括尊重自主权、不伤害原则、行善原则、公正原则。

【最终答案】：ABCD

题目：以下哪项属于伦理委员会的职责？
A.监督临床试验资金的合理使用
B.受理并处理受试者的相关诉求
C.审查临床试验的科学性和伦理性
D.要求研究者报告临床试验中的非预期严重不良反应
【思考过程】：",BCD,Qwen3-235B-A22B,"【思考过程】：伦理委员会的职责包括审查临床试验的科学性和伦理性（C），确保受试者权益，因此需受理并处理受试者诉求（B）。同时，伦理委员会需监督试验安全性，要求研究者报告非预期严重不良反应（D）。而监督资金使用（A）属于财务部门职责，非伦理委员会核心职能。

【最终答案】：BCD",客观题,BCD
常规诊疗,"你是一个严格按照要求答题的医学考试考生。请你先展示出完整的思考过程，然后再输出最终答案。每道题目有至少两个选项（A、B）至多五个选项（A、B、C、D、E），题目为不定项选择题，请按照以下格式作答：

【思考过程】：...

【最终答案】：AB / BCE / CD / DE / E / ...（只输出选项的编号，不要写选项内容）

示例：
题目：医疗伦理中四大基本原则是？
A.尊重自主权
B.善意行为
C.无害原则
D.公正原则
E.以上都不是
【思考过程】：本题考查医学伦理的四大基本原则，包括尊重自主权、不伤害原则、行善原则、公正原则。

【最终答案】：ABCD

题目：伦理委员会的审查意见不包括以下哪种类型？
A.同意
B.必要的修改后同意
C.加快审查流程
D.不同意
E.终止或者暂停已同意的研究
【思考过程】：",C,Qwen3-235B-A22B,"【思考过程】：伦理委员会的审查意见通常包括同意、修改后同意、不同意、终止或暂停已同意的研究。加快审查流程属于审查程序而非审查意见的类型，因此不属于审查意见的范畴。

【最终答案】：C",客观题,C
常规诊疗,"你是一个严格按照要求答题的医学考试考生。请你先展示出完整的思考过程，然后再输出最终答案。每道题目有至少两个选项（A、B）至多五个选项（A、B、C、D、E），题目为不定项选择题，请按照以下格式作答：

【思考过程】：...

【最终答案】：AB / BCE / CD / DE / E / ...（只输出选项的编号，不要写选项内容）

示例：
题目：医疗伦理中四大基本原则是？
A.尊重自主权
B.善意行为
C.无害原则
D.公正原则
E.以上都不是
【思考过程】：本题考查医学伦理的四大基本原则，包括尊重自主权、不伤害原则、行善原则、公正原则。

【最终答案】：ABCD

题目：伦理委员会应对正在实施的临床试验进行跟踪审查的最低频率是多久？
A.3个月一次
B.6个月一次
C.1年一次
D.根据研究者要求随时审查
【思考过程】：",C,Qwen3-235B-A22B,"【思考过程】：根据ICH-GCP和中国2020版GCP指南，伦理委员会对正在进行的临床试验的跟踪审查最低频率为每年一次。虽然特殊情况下可能需要更频繁审查，但题目明确询问最低标准，因此选C。

【最终答案】：C",客观题,C
常规诊疗,"你是一个严格按照要求答题的医学考试考生。请你先展示出完整的思考过程，然后再输出最终答案。每道题目有至少两个选项（A、B）至多五个选项（A、B、C、D、E），题目为不定项选择题，请按照以下格式作答：

【思考过程】：...

【最终答案】：AB / BCE / CD / DE / E / ...（只输出选项的编号，不要写选项内容）

示例：
题目：医疗伦理中四大基本原则是？
A.尊重自主权
B.善意行为
C.无害原则
D.公正原则
E.以上都不是
【思考过程】：本题考查医学伦理的四大基本原则，包括尊重自主权、不伤害原则、行善原则、公正原则。

【最终答案】：ABCD

题目：在临床试验中，以下关于研究者职责的描述，哪些是正确的？
A.研究者必须亲自承担临床试验相关的医学决策责任
B.试验期间与试验相关的不良事件必须向受试者如实告知
C.受试者无需说明理由即可随时退出试验
D.发现受试者存在合并疾病时，研究者有权直接调整其治疗方案
E.未经受试者允许不得向其他医生透露其参与试验的情况
【思考过程】：",ABCE,Qwen3-235B-A22B,"【思考过程】：本题考查临床试验中研究者职责的正确描述。A选项正确，研究者需对医学决策负责；B选项正确，不良事件必须如实告知；C选项正确，受试者可无理由退出；D选项错误，调整治疗方案需遵循试验方案或医疗规范，而非直接调整；E选项正确，隐私保护要求未经允许不得透露参与试验的信息。

【最终答案】：ABCE",客观题,ABCE
常规诊疗,"你是一个严格按照要求答题的医学考试考生。请你先展示出完整的思考过程，然后再输出最终答案。每道题目有至少两个选项（A、B）至多五个选项（A、B、C、D、E），题目为不定项选择题，请按照以下格式作答：

【思考过程】：...

【最终答案】：AB / BCE / CD / DE / E / ...（只输出选项的编号，不要写选项内容）

示例：
题目：医疗伦理中四大基本原则是？
A.尊重自主权
B.善意行为
C.无害原则
D.公正原则
E.以上都不是
【思考过程】：本题考查医学伦理的四大基本原则，包括尊重自主权、不伤害原则、行善原则、公正原则。

【最终答案】：ABCD

题目：以下哪些情形违反了研究者实施知情同意的要求？
A.使用未经伦理委员会同意的旧版知情同意书 
B.在发现新药物副作用后7日内补充告知受试者 
C.向文盲受试者提供未盖章的口述说明 
D.强迫受试者承诺不退出试验可领取补贴 
E.对于中途获得决策能力的儿童继续进行试验
【思考过程】：",ACDE,Qwen3-235B-A22B,"【思考过程】：本题考查知情同意的实施要求。A选项使用未经批准的旧版知情同意书违反伦理审查要求；C选项未盖章的口述说明可能未经正式程序批准，违反知情同意书面要求；D选项强迫受试者放弃退出权违反自愿原则；E选项对获得决策能力的儿童未重新获取其同意即继续试验，违反自主权。B选项在7日内补充告知副作用，若未超出合理时间范围则不违规，因此不选。

【最终答案】：ACDE",客观题,ACDE
常规诊疗,"你是一个严格按照要求答题的医学考试考生。请你先展示出完整的思考过程，然后再输出最终答案。每道题目有至少两个选项（A、B）至多五个选项（A、B、C、D、E），题目为不定项选择题，请按照以下格式作答：

【思考过程】：...

【最终答案】：AB / BCE / CD / DE / E / ...（只输出选项的编号，不要写选项内容）

示例：
题目：医疗伦理中四大基本原则是？
A.尊重自主权
B.善意行为
C.无害原则
D.公正原则
E.以上都不是
【思考过程】：本题考查医学伦理的四大基本原则，包括尊重自主权、不伤害原则、行善原则、公正原则。

【最终答案】：ABCD

题目：儿童作为临床试验受试者时，若本人不同意继续参加，以下哪种情况仍可继续试验？
A.该试验为诊断性非治疗性研究且受试风险低
B.试验涉及严重危及生命的疾病治疗，监护人认为退出会危及儿童生命
C.任何治疗性试验中监护人同意继续
D.受试者患有试验药物适用病症且研究人员判断风险可控
【思考过程】：",B,Qwen3-235B-A22B,"【思考过程】：根据临床试验伦理原则，儿童作为受试者时，若本人不同意继续，通常应尊重其意愿。但存在例外情况：当试验涉及严重危及生命的疾病治疗，且退出可能危及生命（选项B），此时监护人和研究者可能基于儿童最佳利益原则继续试验。选项A中低风险非治疗性研究仍需尊重儿童意愿；选项C和D未充分考虑儿童自主权，不符合伦理要求。

【最终答案】：B",客观题,B
常规诊疗,"你是一个严格按照要求答题的医学考试考生。请你先展示出完整的思考过程，然后再输出最终答案。每道题目有至少两个选项（A、B）至多五个选项（A、B、C、D、E），题目为不定项选择题，请按照以下格式作答：

【思考过程】：...

【最终答案】：AB / BCE / CD / DE / E / ...（只输出选项的编号，不要写选项内容）

示例：
题目：医疗伦理中四大基本原则是？
A.尊重自主权
B.善意行为
C.无害原则
D.公正原则
E.以上都不是
【思考过程】：本题考查医学伦理的四大基本原则，包括尊重自主权、不伤害原则、行善原则、公正原则。

【最终答案】：ABCD

题目：在非治疗性临床试验中，以下哪项要求符合知情同意的相关规定？
A.当受试者具有知情同意能力时必须本人签字，B.无需伦理委员会审查即可由监护人代签，C.若试验中出现过度痛苦应立即退出并处置，D.监护人不得代表无知情同意能力者签字，E.试验只能在该类药物适用的患者中实施
【思考过程】：",ACE,Qwen3-235B-A22B,"【思考过程】：本题考查非治疗性临床试验中知情同意的相关规定。A选项正确，受试者具备能力时必须本人签字；B选项错误，试验需经伦理委员会审查；C选项正确，出现过度痛苦应立即退出；D选项错误，监护人可代表无能力者签字；E选项错误，试验对象不限于患者（如健康志愿者也可参与）。  

【最终答案】：AC",客观题,AC
常规诊疗,"你是一个严格按照要求答题的医学考试考生。请你先展示出完整的思考过程，然后再输出最终答案。每道题目有至少两个选项（A、B）至多五个选项（A、B、C、D、E），题目为不定项选择题，请按照以下格式作答：

【思考过程】：...

【最终答案】：AB / BCE / CD / DE / E / ...（只输出选项的编号，不要写选项内容）

示例：
题目：医疗伦理中四大基本原则是？
A.尊重自主权
B.善意行为
C.无害原则
D.公正原则
E.以上都不是
【思考过程】：本题考查医学伦理的四大基本原则，包括尊重自主权、不伤害原则、行善原则、公正原则。

【最终答案】：ABCD

题目：当儿童受试者不同意参加临床试验时，以下哪种情况允许继续参与？
A. 非治疗性疫苗研发试验中监护人已签署知情同意书  
B. 在遗传病筛查试验中，研究者认为试验风险极低  
C. 儿童患糖尿病且具备一定认知能力，监护人签署但本人拒绝  
D. 儿童患晚期白血病且监护人同意继续参与治疗性试验
【思考过程】：",D,Qwen3-235B-A22B,"【思考过程】：本题考查儿童受试者参与临床试验的伦理原则。根据国际准则，儿童若具备认知能力，其拒绝应被尊重，即使监护人同意，也不能强制参与。治疗性试验可能例外，若儿童无决策能力且监护人同意，可继续。选项C明确儿童有认知能力且拒绝，故不允许。选项D未说明儿童是否具备认知能力，但作为治疗性试验且监护人同意，可能允许继续。

【最终答案】：D",客观题,D
常规诊疗,"你是一个严格按照要求答题的医学考试考生。请你先展示出完整的思考过程，然后再输出最终答案。每道题目有至少两个选项（A、B）至多五个选项（A、B、C、D、E），题目为不定项选择题，请按照以下格式作答：

【思考过程】：...

【最终答案】：AB / BCE / CD / DE / E / ...（只输出选项的编号，不要写选项内容）

示例：
题目：医疗伦理中四大基本原则是？
A.尊重自主权
B.善意行为
C.无害原则
D.公正原则
E.以上都不是
【思考过程】：本题考查医学伦理的四大基本原则，包括尊重自主权、不伤害原则、行善原则、公正原则。

【最终答案】：ABCD

题目：关于儿童作为临床试验受试者的知情同意，以下哪项描述正确？
A.所有儿童临床试验都必须同时获得监护人和儿童本人的签字同意
B.当儿童有能力做出同意决定时，只需本人同意即可参加，无需监护人同意
C.若儿童中途决定退出试验，即使监护人同意继续，也必须立即终止其参与
D.在危及生命的治疗性试验中，监护人的同意可继续让儿童参与，即使儿童本人反对
【思考过程】：",D,Qwen3-235B-A22B,"【思考过程】：根据医学伦理原则，儿童作为受试者时，其自主权需得到尊重。当儿童具备理解能力时，其退出试验的决定应优先考虑，即使监护人同意继续，也必须终止参与（选项C正确）。选项A错误，因并非所有儿童试验均需本人签字，仅在具备能力时需其同意。选项B错误，因即使儿童有能力，通常仍需监护人同意。选项D错误，儿童反对参与时应优先尊重其意愿。

【最终答案】：C",客观题,C
常规诊疗,"你是一个严格按照要求答题的医学考试考生。请你先展示出完整的思考过程，然后再输出最终答案。每道题目有至少两个选项（A、B）至多五个选项（A、B、C、D、E），题目为不定项选择题，请按照以下格式作答：

【思考过程】：...

【最终答案】：AB / BCE / CD / DE / E / ...（只输出选项的编号，不要写选项内容）

示例：
题目：医疗伦理中四大基本原则是？
A.尊重自主权
B.善意行为
C.无害原则
D.公正原则
E.以上都不是
【思考过程】：本题考查医学伦理的四大基本原则，包括尊重自主权、不伤害原则、行善原则、公正原则。

【最终答案】：ABCD

题目：某机构进行非治疗性镇痛药物临床试验，根据法规要求，以下哪些属于允许监护人代表无同意能力受试者签署知情同意的必要条件？
A.该试验已通过项目所在医院党委审批
B.受试者可能遭受中度的恶心副作用但可自行缓解
C.试验预期风险等级为低风险
D.伦理委员会已经书面批准该类受试者纳入
E.试验仅在阿尔茨海默病患者中实施
【思考过程】：",CD,Qwen3-235B-A22B,"【思考过程】：本题考查非治疗性临床试验中监护人代签知情同意的法定条件。根据《涉及人的生物医学研究伦理审查办法》及赫尔辛基宣言原则：1.非治疗性研究必须确保受试者风险为最低且有严格保护措施（C正确）；2.必须经伦理委员会审查批准纳入无行为能力受试者（D正确）；3.党委审批（A）属于行政程序非法定必要条件；4.仅说明特定疾病群体（E）不构成法定许可；5.B项的中度副作用已超出""最低风险""范畴，不符合非治疗性研究准入条件。

【最终答案】：CD",客观题,CD
常规诊疗,"你是一个严格按照要求答题的医学考试考生。请你先展示出完整的思考过程，然后再输出最终答案。每道题目有至少两个选项（A、B）至多五个选项（A、B、C、D、E），题目为不定项选择题，请按照以下格式作答：

【思考过程】：...

【最终答案】：AB / BCE / CD / DE / E / ...（只输出选项的编号，不要写选项内容）

示例：
题目：医疗伦理中四大基本原则是？
A.尊重自主权
B.善意行为
C.无害原则
D.公正原则
E.以上都不是
【思考过程】：本题考查医学伦理的四大基本原则，包括尊重自主权、不伤害原则、行善原则、公正原则。

【最终答案】：ABCD

题目：在儿童作为受试者的常规诊疗试验中，以下哪种情况允许研究者继续实施试验？
A.儿童本人同意但监护人不签署同意书
B.监护人在脑肿瘤非治疗性试验中代表无行为能力的儿童签字同意
C.儿童在糖尿病治疗试验中反对参与，但研究者认为试验风险极低
D.儿童在心理学评估试验中拒绝继续，其监护人与伦理委员会协商后同意退出
E.儿童在严重癫痫治疗试验中反对参与，研究者和其监护人均认为退出试验将威胁其生命
【思考过程】：",E,Qwen3-235B-A22B,"【思考过程】：本题考查儿童作为受试者的临床试验伦理规范。根据国际医学伦理准则（如《赫尔辛基宣言》和CIOMS指南），儿童参与试验需同时满足监护人同意和儿童本人知情同意权，但特殊情况下可灵活处理：  
1. **选项A**：儿童本人同意但监护人未签署，因缺乏法定监护人同意，违反基本伦理要求，故不允许。  
2. **选项B**：无行为能力儿童的非治疗性试验（如脑肿瘤研究），若监护人代签且试验符合伦理审查（如潜在科学价值与风险可控），则允许。  
3. **选项C**：儿童明确反对参与治疗性试验（糖尿病治疗），即使风险极低，也应尊重其意愿，故不允许强制继续。  
4. **选项D**：儿童拒绝继续试验，监护人与伦理委员会协商后退出，符合尊重受试者权利原则，属于合理终止而非允许继续。  
5. **选项E**：严重癫痫治疗试验中，若儿童反对但退出将直接威胁生命（如试验是唯一生存希望），且经伦理委员会批准，可优先保障生命权，允许继续试验。  

【最终答案】：BE",客观题,BE
常规诊疗,"你是一个严格按照要求答题的医学考试考生。请你先展示出完整的思考过程，然后再输出最终答案。每道题目有至少两个选项（A、B）至多五个选项（A、B、C、D、E），题目为不定项选择题，请按照以下格式作答：

【思考过程】：...

【最终答案】：AB / BCE / CD / DE / E / ...（只输出选项的编号，不要写选项内容）

示例：
题目：医疗伦理中四大基本原则是？
A.尊重自主权
B.善意行为
C.无害原则
D.公正原则
E.以上都不是
【思考过程】：本题考查医学伦理的四大基本原则，包括尊重自主权、不伤害原则、行善原则、公正原则。

【最终答案】：ABCD

题目：在非治疗性临床试验中，以下哪些情形符合由监护人代表无知情同意能力的受试者签署知情同意的条件？
A.受试者患有试验药物适用的疾病，但监护人不在场
B.受试者无知情能力，且预期风险较低
C.经伦理委员会批准，且负面影响已最小化
D.受试者为未成年人，虽健康状况良好，但需要进行高风险的非治疗性试验
E.监护人同意且受试者在试验后表现出不适时仍强制其继续参加
【思考过程】：",BC,Qwen3-235B-A22B,"【思考过程】：本题考查非治疗性临床试验中监护人代签知情同意的条件。根据伦理规范和法规要求，必须满足以下条件：1. 受试者无知情能力；2. 试验风险较低且负面影响已最小化；3. 经伦理委员会审查批准；4. 监护人自愿同意且不得强制受试者继续参与。选项B和C符合上述条件，而选项A（监护人不在场）、D（高风险非治疗性试验）、E（强制继续参与）均违反伦理原则。

【最终答案】：BC",客观题,BC
常规诊疗,"你是一个严格按照要求答题的医学考试考生。请你先展示出完整的思考过程，然后再输出最终答案。每道题目有至少两个选项（A、B）至多五个选项（A、B、C、D、E），题目为不定项选择题，请按照以下格式作答：

【思考过程】：...

【最终答案】：AB / BCE / CD / DE / E / ...（只输出选项的编号，不要写选项内容）

示例：
题目：医疗伦理中四大基本原则是？
A.尊重自主权
B.善意行为
C.无害原则
D.公正原则
E.以上都不是
【思考过程】：本题考查医学伦理的四大基本原则，包括尊重自主权、不伤害原则、行善原则、公正原则。

【最终答案】：ABCD

题目：以下哪些是允许监护人代表受试者在非治疗性临床试验中签署知情同意的必要条件？
A.受试者无知情同意能力，B.试验药物适用于受试者的疾病，C.伦理委员会以口头形式同意，D.受试者的预期风险高但潜在收益大，E.受法律法规明确禁止
【思考过程】：",AB,Qwen3-235B-A22B,"【思考过程】：本题考查非治疗性临床试验中监护人代理签署知情同意的必要条件。根据ICH GCP指南，无知情同意能力的受试者（A）参与临床试验的前提是监护人代理同意。对于非治疗性试验，必须确保试验药物适用于受试者的疾病（B），以保障受试者群体的相关性及利益。伦理委员会需书面而非口头同意（C错误）。高风险试验需特别伦理审查，但非必要条件（D错误）。E为禁止情形，排除。因此，必要条件为A和B。

【最终答案】：AB",客观题,AB
常规诊疗,"你是一个严格按照要求答题的医学考试考生。请你先展示出完整的思考过程，然后再输出最终答案。每道题目有至少两个选项（A、B）至多五个选项（A、B、C、D、E），题目为不定项选择题，请按照以下格式作答：

【思考过程】：...

【最终答案】：AB / BCE / CD / DE / E / ...（只输出选项的编号，不要写选项内容）

示例：
题目：医疗伦理中四大基本原则是？
A.尊重自主权
B.善意行为
C.无害原则
D.公正原则
E.以上都不是
【思考过程】：本题考查医学伦理的四大基本原则，包括尊重自主权、不伤害原则、行善原则、公正原则。

【最终答案】：ABCD

题目：当儿童受试者本人不同意参加临床试验时，以下哪种情况允许研究继续实施？
A.在非治疗性临床试验中监护人强烈支持
B.儿童患有急性阑尾炎且监护人同意
C.用于轻度皮炎的研究且伦理委员会批准
D.在危及生命的白血病治疗性试验中监护人同意
【思考过程】：",D,Qwen3-235B-A22B,"【思考过程】：根据《药物临床试验质量管理规范》，儿童受试者本人不同意时，若试验属于治疗性且监护人同意，并符合伦理委员会批准的条件，研究可继续实施。治疗性试验需直接针对儿童当前疾病，尤其是危及生命或需紧急处理的情况（如白血病治疗性试验、急性阑尾炎）。非治疗性试验（如选项A）通常需同时获得儿童本人和监护人同意。选项D为危及生命的治疗性试验且监护人同意，选项B为急性疾病需及时治疗且监护人同意，两者符合治疗性试验的伦理要求。选项C为轻度疾病且非紧急，选项A为非治疗性，均不符合条件。

【最终答案】：BD",客观题,BD
常规诊疗,"你是一个严格按照要求答题的医学考试考生。请你先展示出完整的思考过程，然后再输出最终答案。每道题目有至少两个选项（A、B）至多五个选项（A、B、C、D、E），题目为不定项选择题，请按照以下格式作答：

【思考过程】：...

【最终答案】：AB / BCE / CD / DE / E / ...（只输出选项的编号，不要写选项内容）

示例：
题目：医疗伦理中四大基本原则是？
A.尊重自主权
B.善意行为
C.无害原则
D.公正原则
E.以上都不是
【思考过程】：本题考查医学伦理的四大基本原则，包括尊重自主权、不伤害原则、行善原则、公正原则。

【最终答案】：ABCD

题目：以下哪种情况下，非治疗性临床试验的知情同意可以由监护人代替受试者本人签字？
A.受试者年龄不满16周岁且预期风险较低
B.试验仅在无同意能力的受试者中实施且受试者健康状况无负面影响
C.试验方案明确说明受试者需签署书面同意书
D.伦理委员会未明确禁止该试验的分类实施
【思考过程】：",B,Qwen3-235B-A22B,"【思考过程】：本题考查非治疗性临床试验中监护人代签知情同意的适用条件。根据伦理准则和法规，未成年人（如年龄不满16周岁）且试验风险较低时，监护人可代签（A正确）。对于无同意能力的受试者，若试验不对其健康造成负面影响且仅在该群体中实施，监护人也可代签（B正确）。选项C要求受试者本人签署，与题干条件冲突；选项D仅提及伦理委员会未禁止，但未明确代签条件，因此不选。

【最终答案】：AB",客观题,AB
常规诊疗,"你是一个严格按照要求答题的医学考试考生。请你先展示出完整的思考过程，然后再输出最终答案。每道题目有至少两个选项（A、B）至多五个选项（A、B、C、D、E），题目为不定项选择题，请按照以下格式作答：

【思考过程】：...

【最终答案】：AB / BCE / CD / DE / E / ...（只输出选项的编号，不要写选项内容）

示例：
题目：医疗伦理中四大基本原则是？
A.尊重自主权
B.善意行为
C.无害原则
D.公正原则
E.以上都不是
【思考过程】：本题考查医学伦理的四大基本原则，包括尊重自主权、不伤害原则、行善原则、公正原则。

【最终答案】：ABCD

题目：以下哪项内容不属于知情同意书必须包含的法定信息项？
A.临床试验可能影响胚胎、胎儿或哺乳婴儿的风险说明  
B.试验治疗受试者前需保证其直系亲属的书面同意  
C.受试者拒绝参加试验时的医疗权益保障措施  
D.有关试验信息的咨询联系方式会定期强制公布
【思考过程】：",BD,Qwen3-235B-A22B,"【思考过程】：本题考查知情同意书的法定必备信息。根据《涉及人的生物医学研究伦理审查办法》，知情同意书必须包含的内容包括：研究目的、过程、风险与受益、替代治疗、保密承诺、补偿机制、退出权利、联系人信息等。  
- **选项A**：涉及对胚胎/胎儿的风险说明是必须包含的内容（尤其针对可能影响生育能力或孕妇的试验），属于法定要求。  
- **选项B**：常规情况下，仅需受试者本人知情同意，无需直系亲属书面同意（除非受试者无行为能力），因此此项不属于普遍性法定要求。  
- **选项C**：必须说明拒绝参加试验不影响常规医疗权益，属于法定必备条款。  
- **选项D**：需提供咨询联系方式，但“定期强制公布”并非法定要求，仅需在知情同意书中明确联系途径即可。  

【最终答案】：BD",客观题,BD
常规诊疗,"你是一个严格按照要求答题的医学考试考生。请你先展示出完整的思考过程，然后再输出最终答案。每道题目有至少两个选项（A、B）至多五个选项（A、B、C、D、E），题目为不定项选择题，请按照以下格式作答：

【思考过程】：...

【最终答案】：AB / BCE / CD / DE / E / ...（只输出选项的编号，不要写选项内容）

示例：
题目：医疗伦理中四大基本原则是？
A.尊重自主权
B.善意行为
C.无害原则
D.公正原则
E.以上都不是
【思考过程】：本题考查医学伦理的四大基本原则，包括尊重自主权、不伤害原则、行善原则、公正原则。

【最终答案】：ABCD

题目：以下哪些内容必须包含在临床试验知情同意书或提供给受试者的资料中？
A.受试者参加试验将被禁止中途退出的规定
B.受试者发生试验相关损害时的补偿方式
C.创伤性医疗操作的具体细节
D.研究机构从试验中获得的经济收益分配方案
E.试验期间出现新风险时通知受试者的要求
【思考过程】：",BCE,Qwen3-235B-A22B,"【思考过程】：临床试验知情同意书必须包含的关键内容包括：试验风险（如创伤性操作细节C）、损害补偿（B）、新风险告知（E）。受试者有权随时退出（A错误）。研究机构经济收益分配（D）非必须。  
【最终答案】：BCE",客观题,BCE
常规诊疗,"你是一个严格按照要求答题的医学考试考生。请你先展示出完整的思考过程，然后再输出最终答案。每道题目有至少两个选项（A、B）至多五个选项（A、B、C、D、E），题目为不定项选择题，请按照以下格式作答：

【思考过程】：...

【最终答案】：AB / BCE / CD / DE / E / ...（只输出选项的编号，不要写选项内容）

示例：
题目：医疗伦理中四大基本原则是？
A.尊重自主权
B.善意行为
C.无害原则
D.公正原则
E.以上都不是
【思考过程】：本题考查医学伦理的四大基本原则，包括尊重自主权、不伤害原则、行善原则、公正原则。

【最终答案】：ABCD

题目：根据我国常规诊疗中知情同意书规范，以下哪些内容属于必须包含的信息？
A.研究人员必须每日向受试者汇报试验进展
B.试验步骤中涉及的创伤性医疗操作说明
C.定期公开展示试验结果以提升透明度
D.受试者有权获得试验相关损害的补偿及治疗
E.监查人员可查阅原始医学记录核实数据
【思考过程】：",BDE,Qwen3-235B-A22B,"【思考过程】：根据我国《医疗机构管理条例》及《涉及人的生物医学研究伦理审查办法》，知情同意书需包含核心信息：明确告知诊疗过程中可能涉及的创伤性操作（B）、受试者权益（如损害补偿及治疗D）。选项A（每日汇报试验进展）和C（定期公开展示结果）属于临床试验的特殊要求，非常规诊疗必须内容。E（监查人员查阅记录）通常属于临床试验监查范畴，常规诊疗知情同意书一般无需包含。因此，正确答案为B和D。

【最终答案】：BD",客观题,BD
常规诊疗,"你是一个严格按照要求答题的医学考试考生。请你先展示出完整的思考过程，然后再输出最终答案。每道题目有至少两个选项（A、B）至多五个选项（A、B、C、D、E），题目为不定项选择题，请按照以下格式作答：

【思考过程】：...

【最终答案】：AB / BCE / CD / DE / E / ...（只输出选项的编号，不要写选项内容）

示例：
题目：医疗伦理中四大基本原则是？
A.尊重自主权
B.善意行为
C.无害原则
D.公正原则
E.以上都不是
【思考过程】：本题考查医学伦理的四大基本原则，包括尊重自主权、不伤害原则、行善原则、公正原则。

【最终答案】：ABCD

题目：以下哪些内容必须包含在临床试验的知情同意书中？
A. 临床试验可能影响胚胎发育的风险说明  
B. 监查员可不经受试者同意随时查阅原始医学记录  
C. 受试者需完成当前试验阶段方可提交退出申请  
D. 其他可选治疗方法的潜在获益与风险描述  
E. 试验团队有权根据情况公开受试者身份数据  
F. 发生试验相关损害时的补偿获取途径
【思考过程】：",ADF,Qwen3-235B-A22B,"【思考过程】：本题考查临床试验知情同意书的必备内容。根据伦理规范和法规要求，知情同意书必须明确告知受试者的风险（A）、替代治疗方案（D）、试验损害补偿（F）。而监查员查阅记录需符合隐私保护原则（B错误），受试者可随时退出（C错误），身份数据公开需受试者授权（E错误）。

【最终答案】：ADF",客观题,ADF
常规诊疗,"你是一个严格按照要求答题的医学考试考生。请你先展示出完整的思考过程，然后再输出最终答案。每道题目有至少两个选项（A、B）至多五个选项（A、B、C、D、E），题目为不定项选择题，请按照以下格式作答：

【思考过程】：...

【最终答案】：AB / BCE / CD / DE / E / ...（只输出选项的编号，不要写选项内容）

示例：
题目：医疗伦理中四大基本原则是？
A.尊重自主权
B.善意行为
C.无害原则
D.公正原则
E.以上都不是
【思考过程】：本题考查医学伦理的四大基本原则，包括尊重自主权、不伤害原则、行善原则、公正原则。

【最终答案】：ABCD

题目：以下哪一项不属于知情同意书必须包含的内容？
A.监查员有权查阅原始医学记录
B.第三方研究机构可使用受试者身份信息
C.试验数据可能用于商业用途
D.新风险出现时通知受试者
E.终止试验的具体情景说明
【思考过程】：",BC,Qwen3-235B-A22B,"【思考过程】：知情同意书必须包含的内容包括：试验目的、流程、潜在风险与收益、数据使用范围、隐私保护措施、受试者权利（如退出试验的权利）、新风险的告知、试验终止条件等。选项B涉及第三方对身份信息的使用，属于隐私保护范畴，必须明确；选项C涉及数据商业用途的披露，属于必须内容；选项D和E均涉及受试者安全与知情权，必须包含。选项A中监查员查阅原始医学记录属于试验监查的常规操作，通常由法规或机构规定，不强制要求在知情同意书中单独列明。

【最终答案】：A",客观题,A
常规诊疗,"你是一个严格按照要求答题的医学考试考生。请你先展示出完整的思考过程，然后再输出最终答案。每道题目有至少两个选项（A、B）至多五个选项（A、B、C、D、E），题目为不定项选择题，请按照以下格式作答：

【思考过程】：...

【最终答案】：AB / BCE / CD / DE / E / ...（只输出选项的编号，不要写选项内容）

示例：
题目：医疗伦理中四大基本原则是？
A.尊重自主权
B.善意行为
C.无害原则
D.公正原则
E.以上都不是
【思考过程】：本题考查医学伦理的四大基本原则，包括尊重自主权、不伤害原则、行善原则、公正原则。

【最终答案】：ABCD

题目：以下哪些内容不属于知情同意书必须包括的信息？
A.存在影响胚胎、胎儿或哺乳婴儿风险时的说明
B.研究者的义务
C.监查员可核查原始医学记录的说明
D.受试者可能的饮食习惯要求
【思考过程】：",BD,Qwen3-235B-A22B,"【思考过程】：知情同意书必须包括研究目的、流程、风险/益处、保密性、自愿参与及联系人等信息。A选项涉及胚胎/胎儿风险属于必须说明的风险内容；B选项研究者义务（如解答问题）属于知情同意书常规内容；C选项监查员核查记录属于GCP要求的必备条款；D选项饮食习惯要求属于研究具体操作细节，通常不在知情同意书强制要求范围内。

【最终答案】：D",客观题,D
常规诊疗,"你是一个严格按照要求答题的医学考试考生。请你先展示出完整的思考过程，然后再输出最终答案。每道题目有至少两个选项（A、B）至多五个选项（A、B、C、D、E），题目为不定项选择题，请按照以下格式作答：

【思考过程】：...

【最终答案】：AB / BCE / CD / DE / E / ...（只输出选项的编号，不要写选项内容）

示例：
题目：医疗伦理中四大基本原则是？
A.尊重自主权
B.善意行为
C.无害原则
D.公正原则
E.以上都不是
【思考过程】：本题考查医学伦理的四大基本原则，包括尊重自主权、不伤害原则、行善原则、公正原则。

【最终答案】：ABCD

题目：以下哪项内容不属于知情同意书必须包含的信息？
A.研究团队成员可查阅受试者原始医疗记录
B.随机分配至安慰剂组的可能性
C.因预实验数据不足而终止试验的理由
D.试验结果会公开受试者年龄信息
E.受试者在试验期间每周需要的交通费用
【思考过程】：",ACDE,Qwen3-235B-A22B,"【思考过程】：本题考查知情同意书必须包含的信息。知情同意书需涵盖研究目的、程序、风险与益处、保密性、自愿性、终止条件等关键信息。  
- **选项A**：研究团队查阅医疗记录涉及隐私，需明确告知，属于必须内容。  
- **选项B**：随机分配至安慰剂组是研究设计核心，受试者有权知晓，属于必须内容。  
- **选项C**：终止试验的具体原因（如预实验数据不足）通常无需在知情同意书中详细说明，仅需说明可能终止的情况及处理方式，因此不属于必须内容。  
- **选项D**：公开年龄信息涉及隐私保护，需明确告知是否匿名化，属于必须内容。  
- **选项E**：交通费用是否需受试者承担可能影响其参与意愿，需明确说明，属于必须内容。  

综上，**选项C**不属于知情同意书必须包含的信息。

【最终答案】：C",客观题,C
常规诊疗,"你是一个严格按照要求答题的医学考试考生。请你先展示出完整的思考过程，然后再输出最终答案。每道题目有至少两个选项（A、B）至多五个选项（A、B、C、D、E），题目为不定项选择题，请按照以下格式作答：

【思考过程】：...

【最终答案】：AB / BCE / CD / DE / E / ...（只输出选项的编号，不要写选项内容）

示例：
题目：医疗伦理中四大基本原则是？
A.尊重自主权
B.善意行为
C.无害原则
D.公正原则
E.以上都不是
【思考过程】：本题考查医学伦理的四大基本原则，包括尊重自主权、不伤害原则、行善原则、公正原则。

【最终答案】：ABCD

题目：以下哪些内容必须包含在知情同意书和提供给受试者的资料中？
A.试验可能致受试者的风险或者不便，B.受试者可免费获得全程医疗服务，C.监查人员可查阅受试者原始病历以核实数据，D.提前终止试验时无需告知受试者，E.受试者身份信息在发布结果时仍保密
【思考过程】：",ACE,Qwen3-235B-A22B,"【思考过程】：根据ICH GCP和相关法规，知情同意书必须包含试验的风险（A）、监查员查阅病历的权利（C）、数据保密措施（E）。选项B并非所有试验必须包含，可能根据费用安排调整；选项D明显错误，因终止试验需告知受试者。

【最终答案】：ACE",客观题,ACE
常规诊疗,"你是一个严格按照要求答题的医学考试考生。请你先展示出完整的思考过程，然后再输出最终答案。每道题目有至少两个选项（A、B）至多五个选项（A、B、C、D、E），题目为不定项选择题，请按照以下格式作答：

【思考过程】：...

【最终答案】：AB / BCE / CD / DE / E / ...（只输出选项的编号，不要写选项内容）

示例：
题目：医疗伦理中四大基本原则是？
A.尊重自主权
B.善意行为
C.无害原则
D.公正原则
E.以上都不是
【思考过程】：本题考查医学伦理的四大基本原则，包括尊重自主权、不伤害原则、行善原则、公正原则。

【最终答案】：ABCD

题目：以下哪些内容必须包含在知情同意书或提供给受试者的资料中？
A.发生试验相关损害时可获得补偿或治疗
B.受试者参加试验可能获得的补偿
C.监查员可公开受试者身份信息用于科研发表
D.可能被终止试验的情况及理由
E.必须每日向伦理委员会报告试验进度
【思考过程】：",BD,Qwen3-235B-A22B,"【思考过程】：根据临床试验伦理规范，知情同意书必须涵盖受试者权益保障内容。A项涉及试验相关损害的补偿，属必备条款；B项关于参与补偿需明确告知；D项需说明可能终止试验的情形。C项违反隐私保护原则，E项属研究者义务而非受试者知情范畴。

【最终答案】：ABD",客观题,ABD
常规诊疗,"你是一个严格按照要求答题的医学考试考生。请你先展示出完整的思考过程，然后再输出最终答案。每道题目有至少两个选项（A、B）至多五个选项（A、B、C、D、E），题目为不定项选择题，请按照以下格式作答：

【思考过程】：...

【最终答案】：AB / BCE / CD / DE / E / ...（只输出选项的编号，不要写选项内容）

示例：
题目：医疗伦理中四大基本原则是？
A.尊重自主权
B.善意行为
C.无害原则
D.公正原则
E.以上都不是
【思考过程】：本题考查医学伦理的四大基本原则，包括尊重自主权、不伤害原则、行善原则、公正原则。

【最终答案】：ABCD

题目：以下哪项内容不属于知情同意书必须向受试者明确说明的事项？
A.试验期间提供的免费交通安排
B.受试者需要遵守的试验步骤中的常规医疗操作
C.监查员有权查阅受试者原始病历以核实数据
D.受试者可能被终止试验的情况及理由
E.试验涉及胚胎或哺乳婴儿的特殊风险
【思考过程】：",AB,Qwen3-235B-A22B,"【思考过程】：知情同意书必须明确试验目的、步骤、风险、受试者权利及特殊风险等核心内容。A选项“免费交通安排”属于后勤支持，通常不构成必须披露的医疗或伦理关键信息；而B（常规医疗操作）、C（数据核实查阅病历）、D（终止试验情况）、E（特殊风险）均直接涉及受试者权益或安全，属于必须说明事项。

【最终答案】：A",客观题,A
常规诊疗,"你是一个严格按照要求答题的医学考试考生。请你先展示出完整的思考过程，然后再输出最终答案。每道题目有至少两个选项（A、B）至多五个选项（A、B、C、D、E），题目为不定项选择题，请按照以下格式作答：

【思考过程】：...

【最终答案】：AB / BCE / CD / DE / E / ...（只输出选项的编号，不要写选项内容）

示例：
题目：医疗伦理中四大基本原则是？
A.尊重自主权
B.善意行为
C.无害原则
D.公正原则
E.以上都不是
【思考过程】：本题考查医学伦理的四大基本原则，包括尊重自主权、不伤害原则、行善原则、公正原则。

【最终答案】：ABCD

题目：以下哪些内容必须包含在知情同意书和提供给受试者的资料中？
A.第三方机构人员无需授权可任意查阅受试者原始医学记录
B.受试者发生试验相关损害时可获得补偿及治疗
C.受试者参加试验可能获得的补偿内容
D.监查员可在保密前提下查阅受试者原始医学记录
E.试验期间每月向受试者汇报研究进展情况
【思考过程】：",BCD,Qwen3-235B-A22B,"【思考过程】：本题考查知情同意书的必备内容。根据ICH GCP和伦理要求，知情同意书必须明确告知受试者：①试验相关损害的补偿（B）；②可能获得的补偿内容（C）；③监查员在保密前提下查阅原始医学记录的权利（D）。A选项“无需授权任意查阅”违反隐私保护原则；E选项“每月汇报进展”无强制要求。因此，正确选项为B、C、D。

【最终答案】：BCD",客观题,BCD
常规诊疗,"你是一个严格按照要求答题的医学考试考生。请你先展示出完整的思考过程，然后再输出最终答案。每道题目有至少两个选项（A、B）至多五个选项（A、B、C、D、E），题目为不定项选择题，请按照以下格式作答：

【思考过程】：...

【最终答案】：AB / BCE / CD / DE / E / ...（只输出选项的编号，不要写选项内容）

示例：
题目：医疗伦理中四大基本原则是？
A.尊重自主权
B.善意行为
C.无害原则
D.公正原则
E.以上都不是
【思考过程】：本题考查医学伦理的四大基本原则，包括尊重自主权、不伤害原则、行善原则、公正原则。

【最终答案】：ABCD

题目：以下哪些内容不属于知情同意书和提供给受试者的资料必须包含的条目？
A.有新的可能影响受试者继续参加试验的信息时的告知义务
B.试验过程中受试者需承担的膳食费用
C.监查人员查阅原始医学记录的范围说明
D.临床试验方案设计者的学术职称和获奖情况
【思考过程】：",BD,Qwen3-235B-A22B,"【思考过程】：本题考查知情同意书必须包含的内容。根据ICH GCP和相关法规，知情同意书需涵盖试验风险、流程、费用、数据查阅及新信息告知等。选项D（设计者的学术职称和获奖情况）与受试者权益无直接关联，不属于必须条目；而选项B（膳食费用）属于经济负担说明，需明确列出。选项A和C均为必须内容。

【最终答案】：BD",客观题,BD
常规诊疗,"你是一个严格按照要求答题的医学考试考生。请你先展示出完整的思考过程，然后再输出最终答案。每道题目有至少两个选项（A、B）至多五个选项（A、B、C、D、E），题目为不定项选择题，请按照以下格式作答：

【思考过程】：...

【最终答案】：AB / BCE / CD / DE / E / ...（只输出选项的编号，不要写选项内容）

示例：
题目：医疗伦理中四大基本原则是？
A.尊重自主权
B.善意行为
C.无害原则
D.公正原则
E.以上都不是
【思考过程】：本题考查医学伦理的四大基本原则，包括尊重自主权、不伤害原则、行善原则、公正原则。

【最终答案】：ABCD

题目：以下哪项内容不属于知情同意书和提供给受试者的材料必须包含的法定要求？
A.监查员有权直接公开受试者医疗记录以验证数据
B.临床试验结束后向受试者持续提供免费药物
C.临床试验申办方的股东分红机制
D.随机分配至对照组的可能性说明
E.未经受试者同意时家属的医疗决策权
【思考过程】：",BCE,Qwen3-235B-A22B,"【思考过程】：本题考查知情同意书和受试者材料的法定要求。根据ICH GCP和伦理规范，知情同意书必须包含试验目的、随机分组说明（D正确）、风险益处、保密性、自愿参与、退出权、后续医疗安排等。  
- **选项A**：监查员可访问数据但“直接公开”医疗记录不符合保密原则，不属于必须内容。  
- **选项B**：试验结束后是否提供免费药物需根据试验设计说明，若涉及则需包含，但题目未限定试验设计，因此“必须包含”不成立，属于非法定要求。  
- **选项C**：股东分红机制与受试者权益无关，显然不属于法定要求。  
- **选项E**：家属决策权仅在受试者无行为能力时适用，且需经合法授权，不属于普遍必须说明的内容。  
综上，**A、B、C、E**均不属于法定要求。  

【最终答案】：ABCE",客观题,ABCE
常规诊疗,"你是一个严格按照要求答题的医学考试考生。请你先展示出完整的思考过程，然后再输出最终答案。每道题目有至少两个选项（A、B）至多五个选项（A、B、C、D、E），题目为不定项选择题，请按照以下格式作答：

【思考过程】：...

【最终答案】：AB / BCE / CD / DE / E / ...（只输出选项的编号，不要写选项内容）

示例：
题目：医疗伦理中四大基本原则是？
A.尊重自主权
B.善意行为
C.无害原则
D.公正原则
E.以上都不是
【思考过程】：本题考查医学伦理的四大基本原则，包括尊重自主权、不伤害原则、行善原则、公正原则。

【最终答案】：ABCD

题目：以下哪些内容必须包含在知情同意书和提供给受试者的资料中？
A. 试验期间所有相关费用由医院承担
B. 受试者若退出试验需提前一个月提交书面申请
C. 发布试验结果时将匿名处理受试者的身份信息
D. 受试者可联系的研究者及伦理委员会的联系方式
E. 监查员在保密原则下可查阅受试者的原始医学记录
【思考过程】：",CDE,Qwen3-235B-A22B,"【思考过程】：根据GCP和知情同意书规范要求，必须包含的内容包括：数据保密措施（C）、联系人信息（D）、研究方授权查阅医疗记录（E）。选项A中""所有费用由医院承担""需视试验设计而定，非绝对必要；选项B""提前一个月书面申请退出""违反受试者自主退出权，属于无效条款。

【最终答案】：CDE",客观题,CDE
常规诊疗,"你是一个严格按照要求答题的医学考试考生。请你先展示出完整的思考过程，然后再输出最终答案。每道题目有至少两个选项（A、B）至多五个选项（A、B、C、D、E），题目为不定项选择题，请按照以下格式作答：

【思考过程】：...

【最终答案】：AB / BCE / CD / DE / E / ...（只输出选项的编号，不要写选项内容）

示例：
题目：医疗伦理中四大基本原则是？
A.尊重自主权
B.善意行为
C.无害原则
D.公正原则
E.以上都不是
【思考过程】：本题考查医学伦理的四大基本原则，包括尊重自主权、不伤害原则、行善原则、公正原则。

【最终答案】：ABCD

题目：以下哪项内容不属于知情同意书必须包含的要素？
A.监查员可基于病例核查需要直接调取受试者原始诊疗记录，B.参加试验预期的个人花费金额，C.试验治疗存在随机分配到对照组的可能性，D.受试者家属有权申请查阅临床试验相关病历
【思考过程】：",D,Qwen3-235B-A22B,"【思考过程】：根据《药物临床试验质量管理规范》（GCP）要求，知情同意书必须包含试验目的、流程、风险与受益、保密措施、自愿参与及退出权、补偿安排、联系人信息等。选项A涉及数据核查权限，属于GCP要求的监查员职责，需明确告知；选项B直接关联受试者经济利益，必须披露；选项C是随机对照试验的核心设计要素；选项D中“家属申请查阅病历”的权利并非GCP强制要求的必备条款，属于超出常规规定的额外内容。

【最终答案】：D",客观题,D
常规诊疗,"你是一个严格按照要求答题的医学考试考生。请你先展示出完整的思考过程，然后再输出最终答案。每道题目有至少两个选项（A、B）至多五个选项（A、B、C、D、E），题目为不定项选择题，请按照以下格式作答：

【思考过程】：...

【最终答案】：AB / BCE / CD / DE / E / ...（只输出选项的编号，不要写选项内容）

示例：
题目：医疗伦理中四大基本原则是？
A.尊重自主权
B.善意行为
C.无害原则
D.公正原则
E.以上都不是
【思考过程】：本题考查医学伦理的四大基本原则，包括尊重自主权、不伤害原则、行善原则、公正原则。

【最终答案】：ABCD

题目：涉及临床试验中死亡事件的报告时，研究者必须向哪些主体提供尸检报告和最终医学报告？
A.仅申办者
B.仅伦理委员会
C.卫生行政部门
D.申办者和伦理委员会
E.受试者家属
【思考过程】：",D,Qwen3-235B-A22B,"【思考过程】：根据GCP规范，临床试验中发生死亡事件时，研究者需将尸检报告和最终医学报告提交给申办者和伦理委员会，以确保试验的合规性和受试者安全。卫生行政部门可能在特定情况下需要报告，但非常规要求。受试者家属需知情但不直接接收报告。

【最终答案】：D",客观题,D
常规诊疗,"你是一个严格按照要求答题的医学考试考生。请你先展示出完整的思考过程，然后再输出最终答案。每道题目有至少两个选项（A、B）至多五个选项（A、B、C、D、E），题目为不定项选择题，请按照以下格式作答：

【思考过程】：...

【最终答案】：AB / BCE / CD / DE / E / ...（只输出选项的编号，不要写选项内容）

示例：
题目：医疗伦理中四大基本原则是？
A.尊重自主权
B.善意行为
C.无害原则
D.公正原则
E.以上都不是
【思考过程】：本题考查医学伦理的四大基本原则，包括尊重自主权、不伤害原则、行善原则、公正原则。

【最终答案】：ABCD

题目：当申办者终止某一临床试验时，研究者应当立即向哪两个部门报告？
A.临床试验机构、申办者
B.临床试验机构、伦理委员会
C.伦理委员会、卫生健康行政部门
D.申办者、伦理委员会
【思考过程】：",B,Qwen3-235B-A22B,"【思考过程】：根据《药物临床试验质量管理规范》（GCP），当申办者终止临床试验时，研究者需立即向伦理委员会和卫生健康行政部门报告，以确保监管合规性和受试者权益保护。选项C（伦理委员会、卫生健康行政部门）符合这一要求，其他选项涉及申办者或临床试验机构，但申办者已主动终止试验，无需研究者再次报告。

【最终答案】：C",客观题,C
常规诊疗,"你是一个严格按照要求答题的医学考试考生。请你先展示出完整的思考过程，然后再输出最终答案。每道题目有至少两个选项（A、B）至多五个选项（A、B、C、D、E），题目为不定项选择题，请按照以下格式作答：

【思考过程】：...

【最终答案】：AB / BCE / CD / DE / E / ...（只输出选项的编号，不要写选项内容）

示例：
题目：医疗伦理中四大基本原则是？
A.尊重自主权
B.善意行为
C.无害原则
D.公正原则
E.以上都不是
【思考过程】：本题考查医学伦理的四大基本原则，包括尊重自主权、不伤害原则、行善原则、公正原则。

【最终答案】：ABCD

题目：以下哪项内容不属于申办者在使用电子数据管理系统时必须制定的标准操作规程范围？
A.电子数据管理系统的应急方案
B.盲法试验揭盲后的数据处理流程
C.数据备份和恢复的具体周期
D.系统变更后的软件报废处理流程
E.论文发表前的原始数据删除流程
【思考过程】：",E,Qwen3-235B-A22B,"【思考过程】：本题考查申办者在使用电子数据管理系统时必须制定的标准操作规程范围。电子数据管理系统的标准操作规程（SOP）通常涵盖数据管理的核心环节，包括应急方案（A）、盲法试验揭盲后的数据处理（B）、数据备份与恢复（C）等关键流程。然而，系统变更后的软件报废处理（D）更多属于IT资产管理或系统退役的范畴，通常不纳入数据管理SOP的强制要求。而论文发表前的原始数据删除流程（E）与数据长期保存的法规要求相悖，属于不合规操作，因此不在SOP范围内。因此，D和E不属于必须制定的标准操作规程范围。

【最终答案】：DE",客观题,DE
常规诊疗,"你是一个严格按照要求答题的医学考试考生。请你先展示出完整的思考过程，然后再输出最终答案。每道题目有至少两个选项（A、B）至多五个选项（A、B、C、D、E），题目为不定项选择题，请按照以下格式作答：

【思考过程】：...

【最终答案】：AB / BCE / CD / DE / E / ...（只输出选项的编号，不要写选项内容）

示例：
题目：医疗伦理中四大基本原则是？
A.尊重自主权
B.善意行为
C.无害原则
D.公正原则
E.以上都不是
【思考过程】：本题考查医学伦理的四大基本原则，包括尊重自主权、不伤害原则、行善原则、公正原则。

【最终答案】：ABCD

题目：以下哪些选项属于电子数据管理系统标准操作程序必须覆盖的内容？
A.用户年龄限制的设定
B.系统的安装和使用
C.数据备份与恢复流程
D.软件界面的颜色设计
E.系统维护的标准方法
【思考过程】：",BCE,Qwen3-235B-A22B,"【思考过程】：电子数据管理系统的标准操作程序需要确保系统的可靠性、数据完整性及安全性。系统的安装和使用（B）是基础操作流程，必须涵盖。数据备份与恢复流程（C）直接关系到数据安全与灾难恢复，属于核心要求。系统维护的标准方法（E）保障系统长期稳定运行，也是必须内容。而软件界面颜色设计（D）属于用户体验范畴，并非必须。用户年龄限制（A）可能涉及权限管理，但通常不属于EDMS标准操作程序的核心内容。

【最终答案】：BCE",客观题,BCE
常规诊疗,"你是一个严格按照要求答题的医学考试考生。请你先展示出完整的思考过程，然后再输出最终答案。每道题目有至少两个选项（A、B）至多五个选项（A、B、C、D、E），题目为不定项选择题，请按照以下格式作答：

【思考过程】：...

【最终答案】：AB / BCE / CD / DE / E / ...（只输出选项的编号，不要写选项内容）

示例：
题目：医疗伦理中四大基本原则是？
A.尊重自主权
B.善意行为
C.无害原则
D.公正原则
E.以上都不是
【思考过程】：本题考查医学伦理的四大基本原则，包括尊重自主权、不伤害原则、行善原则、公正原则。

【最终答案】：ABCD

题目：根据我国临床试验管理相关法规，以下哪些属于独立数据监查委员会的职责？
A.监督临床试验数据的日常采集工作
B.定期评价临床试验的进展及安全性数据
C.建议申办者停止正在实施的临床试验
D.对受试者病历进行定期审查
E.任命临床试验数据管理员
【思考过程】：",BC,Qwen3-235B-A22B,"【思考过程】：独立数据监查委员会（IDMC）的核心职责是独立评估临床试验的安全性数据和试验进展，确保受试者安全和数据完整性。根据我国《药物临床试验质量管理规范》（GCP）及ICH相关指南，IDMC的职责包括：定期审查安全性数据和试验进展（B），并在必要时建议申办者终止试验（C）。日常数据采集监督（A）和病历审查（D）通常由申办方或监查员负责，而任命数据管理员（E）属于申办方职责范围，与IDMC无关。

【最终答案】：BC",客观题,BC
常规诊疗,"你是一个严格按照要求答题的医学考试考生。请你先展示出完整的思考过程，然后再输出最终答案。每道题目有至少两个选项（A、B）至多五个选项（A、B、C、D、E），题目为不定项选择题，请按照以下格式作答：

【思考过程】：...

【最终答案】：AB / BCE / CD / DE / E / ...（只输出选项的编号，不要写选项内容）

示例：
题目：医疗伦理中四大基本原则是？
A.尊重自主权
B.善意行为
C.无害原则
D.公正原则
E.以上都不是
【思考过程】：本题考查医学伦理的四大基本原则，包括尊重自主权、不伤害原则、行善原则、公正原则。

【最终答案】：ABCD

题目：以下哪项不属于申办者在临床试验数据管理中的要求？
A.电子数据管理系统必须经过可靠性验证并保持验证有效状态
B.允许研究者自行决定数据修改权限
C.盲法试验揭盲后需立即告知研究者受试者用药情况
D.必须每天备份电子数据
E.数据转换时需要保留原数据及转换轨迹
【思考过程】：",BD,Qwen3-235B-A22B,"【思考过程】：本题考查临床试验数据管理中申办者的要求。根据ICH-GCP指南和相关规范：A选项符合系统验证要求；B选项错误，因数据修改权限应由申办者或数据管理员统一管理，而非研究者自行决定；C选项正确，揭盲后需告知用药情况；D选项错误，数据备份需合理频率但非强制每天；E选项正确，数据转换需保留原始记录和轨迹。因此，不属于申办者要求的是B和D。

【最终答案】：BD",客观题,BD
常规诊疗,"你是一个严格按照要求答题的医学考试考生。请你先展示出完整的思考过程，然后再输出最终答案。每道题目有至少两个选项（A、B）至多五个选项（A、B、C、D、E），题目为不定项选择题，请按照以下格式作答：

【思考过程】：...

【最终答案】：AB / BCE / CD / DE / E / ...（只输出选项的编号，不要写选项内容）

示例：
题目：医疗伦理中四大基本原则是？
A.尊重自主权
B.善意行为
C.无害原则
D.公正原则
E.以上都不是
【思考过程】：本题考查医学伦理的四大基本原则，包括尊重自主权、不伤害原则、行善原则、公正原则。

【最终答案】：ABCD

题目：某机构在临床试验中使用独立的数据监查委员会（DMC），以下哪些属于DMC的法定职责？
A.定期评价试验的进展包括安全性和有效性数据  
B.提出继续、修改或停止试验的建议  
C.直接监督临床试验实施人员的数据录入操作  
D.审核临床试验的经费使用情况报告  
E.保存所有相关会议记录并制定书面工作流程
【思考过程】：",ABE,Qwen3-235B-A22B,"【思考过程】：本题考查数据监查委员会（DMC）的法定职责。DMC的核心职责包括：定期评估试验的安全性和有效性数据（A），基于评估结果提出继续/修改/停止试验的建议（B），以及保存会议记录和制定书面流程以确保独立性和规范性（E）。选项C属于试验执行团队的职责，D属于财务监管范畴，均与DMC的法定职能无关。

【最终答案】：ABE",客观题,ABE
常规诊疗,"你是一个严格按照要求答题的医学考试考生。请你先展示出完整的思考过程，然后再输出最终答案。每道题目有至少两个选项（A、B）至多五个选项（A、B、C、D、E），题目为不定项选择题，请按照以下格式作答：

【思考过程】：...

【最终答案】：AB / BCE / CD / DE / E / ...（只输出选项的编号，不要写选项内容）

示例：
题目：医疗伦理中四大基本原则是？
A.尊重自主权
B.善意行为
C.无害原则
D.公正原则
E.以上都不是
【思考过程】：本题考查医学伦理的四大基本原则，包括尊重自主权、不伤害原则、行善原则、公正原则。

【最终答案】：ABCD

题目：申办者暂停或提前终止实施中的临床试验时，必须通知以下哪些机构或个人？
A.伦理委员会
B.所有相关研究者
C.临床试验机构
D.医疗机构负责人
E.药品监督管理部门
【思考过程】：",BCE,Qwen3-235B-A22B,"【思考过程】：根据GCP要求，申办者暂停或终止临床试验时需通知伦理委员会（A）、所有相关研究者（B）及临床试验机构（C），以确保受试者权益和试验合规性。医疗机构负责人（D）通常包含在机构通知范围内，无需单独通知；药品监督管理部门（E）需按程序报告但非即时通知对象。

【最终答案】：ABC",客观题,ABC
常规诊疗,"你是一个严格按照要求答题的医学考试考生。请你先展示出完整的思考过程，然后再输出最终答案。每道题目有至少两个选项（A、B）至多五个选项（A、B、C、D、E），题目为不定项选择题，请按照以下格式作答：

【思考过程】：...

【最终答案】：AB / BCE / CD / DE / E / ...（只输出选项的编号，不要写选项内容）

示例：
题目：医疗伦理中四大基本原则是？
A.尊重自主权
B.善意行为
C.无害原则
D.公正原则
E.以上都不是
【思考过程】：本题考查医学伦理的四大基本原则，包括尊重自主权、不伤害原则、行善原则、公正原则。

【最终答案】：ABCD

题目：以下哪项属于申办者在电子数据管理系统标准操作规程中必须包含的内容？（不定项选择）
A.系统的独立伦理审查流程
B.逻辑备份与物理备份的交替策略
C.数据采集和处理的具体步骤
D.变更控制及应急预案描述
E.数据导出权限的最低操作员级别设定
F.系统报废后的社交媒体信息清理规则
【思考过程】：",CD,Qwen3-235B-A22B,"【思考过程】：根据ICH E6指南，电子数据管理系统的标准操作规程需涵盖数据采集处理、变更控制、应急预案、访问权限管理等核心内容。选项C（数据采集和处理步骤）直接关联数据生命周期管理，属于核心要求；选项D（变更控制及应急预案）是确保系统稳定性和合规性的关键；选项E（数据导出权限的最低操作员级别）涉及访问控制，符合数据安全要求。选项B（逻辑与物理备份交替策略）虽涉及备份，但“交替策略”属于技术细节，非SOP必须明确内容；选项A（伦理审查流程）和F（社交媒体清理）明显无关。

【最终答案】：CDE",客观题,CDE
常规诊疗,"你是一个严格按照要求答题的医学考试考生。请你先展示出完整的思考过程，然后再输出最终答案。每道题目有至少两个选项（A、B）至多五个选项（A、B、C、D、E），题目为不定项选择题，请按照以下格式作答：

【思考过程】：...

【最终答案】：AB / BCE / CD / DE / E / ...（只输出选项的编号，不要写选项内容）

示例：
题目：医疗伦理中四大基本原则是？
A.尊重自主权
B.善意行为
C.无害原则
D.公正原则
E.以上都不是
【思考过程】：本题考查医学伦理的四大基本原则，包括尊重自主权、不伤害原则、行善原则、公正原则。

【最终答案】：ABCD

题目：以下关于申办者在临床试验数据处理中的做法是否存在伦理或法律风险？  
选项D的描述是否合规？
A.为确保数据安全，允许非授权人员在监督下临时访问电子数据管理系统  
B.将盲法试验的数据录入人员与研究分组分配人员设置为同一团队  
C.计算机化系统升级后未重新进行验证，直接保留上次验证记录  
D.盲法试验数据录入和处理时，允许知晓分组信息以“调整分析策略”
【思考过程】：",D,Qwen3-235B-A22B,"【思考过程】：选项A中非授权人员访问数据系统违反数据安全要求；选项B导致盲法破坏，分组信息可能泄露；选项C系统升级未重新验证违反数据管理规范；选项D在盲法试验中知晓分组信息调整分析策略直接破坏盲态，属于严重违规。根据GCP和临床试验伦理原则，以上选项均存在风险，而题目询问选项D是否合规，故D不合规。

【最终答案】：D",客观题,D
常规诊疗,"你是一个严格按照要求答题的医学考试考生。请你先展示出完整的思考过程，然后再输出最终答案。每道题目有至少两个选项（A、B）至多五个选项（A、B、C、D、E），题目为不定项选择题，请按照以下格式作答：

【思考过程】：...

【最终答案】：AB / BCE / CD / DE / E / ...（只输出选项的编号，不要写选项内容）

示例：
题目：医疗伦理中四大基本原则是？
A.尊重自主权
B.善意行为
C.无害原则
D.公正原则
E.以上都不是
【思考过程】：本题考查医学伦理的四大基本原则，包括尊重自主权、不伤害原则、行善原则、公正原则。

【最终答案】：ABCD

题目：以下哪些内容通常属于临床试验方案的必备要素？
A.研究背景资料
B.试验设备清单
C.试验目的
D.患者隐私协议
E.实施方式的具体步骤
【思考过程】：",ACE,Qwen3-235B-A22B,"【思考过程】：临床试验方案通常包括研究背景与理论依据（A）、明确的试验目的（C）以及具体实施的步骤和方法（E）。试验设备清单（B）通常属于操作手册或后勤管理部分，并非常规方案必备要素。患者隐私协议（D）虽涉及伦理要求，但更侧重于知情同意过程，而非方案核心内容。

【最终答案】：ACE",客观题,ACE
常规诊疗,"你是一个严格按照要求答题的医学考试考生。请你先展示出完整的思考过程，然后再输出最终答案。每道题目有至少两个选项（A、B）至多五个选项（A、B、C、D、E），题目为不定项选择题，请按照以下格式作答：

【思考过程】：...

【最终答案】：AB / BCE / CD / DE / E / ...（只输出选项的编号，不要写选项内容）

示例：
题目：医疗伦理中四大基本原则是？
A.尊重自主权
B.善意行为
C.无害原则
D.公正原则
E.以上都不是
【思考过程】：本题考查医学伦理的四大基本原则，包括尊重自主权、不伤害原则、行善原则、公正原则。

【最终答案】：ABCD

题目：以下哪一项通常不属于试验方案的必要组成部分？
A.试验设计
B.研究背景资料
C.实施方式的方法描述
D.参与者的经济补偿计划
E.试验目的
【思考过程】：",D,Qwen3-235B-A22B,"【思考过程】：试验方案的必要组成部分通常包括试验目的、设计、研究背景、实施方法等，用于确保研究的科学性和伦理性。参与者的经济补偿计划通常属于知情同意书的内容，而非试验方案的核心部分。

【最终答案】：D",客观题,D
常规诊疗,"你是一个严格按照要求答题的医学考试考生。请你先展示出完整的思考过程，然后再输出最终答案。每道题目有至少两个选项（A、B）至多五个选项（A、B、C、D、E），题目为不定项选择题，请按照以下格式作答：

【思考过程】：...

【最终答案】：AB / BCE / CD / DE / E / ...（只输出选项的编号，不要写选项内容）

示例：
题目：医疗伦理中四大基本原则是？
A.尊重自主权
B.善意行为
C.无害原则
D.公正原则
E.以上都不是
【思考过程】：本题考查医学伦理的四大基本原则，包括尊重自主权、不伤害原则、行善原则、公正原则。

【最终答案】：ABCD

题目：下列哪项内容必须包含在医学试验方案中？
A.研究经费预算
B.试验目的
C.数据存储规则
D.试验设计
E.受试者年龄上限
【思考过程】：",BD,Qwen3-235B-A22B,"【思考过程】：医学试验方案必须包含核心要素以确保研究的科学性和伦理性。根据ICH GCP指南，试验方案需明确试验目的（B）和试验设计（D），包括研究类型、干预措施及评估方法。数据存储规则（C）通常由数据管理计划详细规定，而非方案必备内容；受试者年龄上限（E）属于纳入/排除标准的一部分，但并非所有试验均需设定；研究经费预算（A）属于项目管理范畴，不直接纳入试验方案。因此，正确答案为B和D。

【最终答案】：BD",客观题,BD
常规诊疗,"你是一个严格按照要求答题的医学考试考生。请你先展示出完整的思考过程，然后再输出最终答案。每道题目有至少两个选项（A、B）至多五个选项（A、B、C、D、E），题目为不定项选择题，请按照以下格式作答：

【思考过程】：...

【最终答案】：AB / BCE / CD / DE / E / ...（只输出选项的编号，不要写选项内容）

示例：
题目：医疗伦理中四大基本原则是？
A.尊重自主权
B.善意行为
C.无害原则
D.公正原则
E.以上都不是
【思考过程】：本题考查医学伦理的四大基本原则，包括尊重自主权、不伤害原则、行善原则、公正原则。

【最终答案】：ABCD

题目：以下哪一项不属于试验方案的必备内容？
A.研究背景资料
B.实验室安全指南
C.试验设计
D.实施步骤
E.预期商业利益分析
【思考过程】：",BE,Qwen3-235B-A22B,"【思考过程】：试验方案的必备内容通常包括研究背景、试验设计、实施步骤和伦理考量。实验室安全指南可能在特定情况下需要，但并非所有试验的必备内容。预期商业利益分析属于商业计划范畴，而非试验方案的核心组成部分。

【最终答案】：E",客观题,E
常规诊疗,"你是一个严格按照要求答题的医学考试考生。请你先展示出完整的思考过程，然后再输出最终答案。每道题目有至少两个选项（A、B）至多五个选项（A、B、C、D、E），题目为不定项选择题，请按照以下格式作答：

【思考过程】：...

【最终答案】：AB / BCE / CD / DE / E / ...（只输出选项的编号，不要写选项内容）

示例：
题目：医疗伦理中四大基本原则是？
A.尊重自主权
B.善意行为
C.无害原则
D.公正原则
E.以上都不是
【思考过程】：本题考查医学伦理的四大基本原则，包括尊重自主权、不伤害原则、行善原则、公正原则。

【最终答案】：ABCD

题目：以下哪些属于试验方案必须包含的内容？（多选）
A.基本信息
B.研究背景资料
C.试验目的
D.参与试验的医疗机构资质证明
E.试验设计的实施方式（方法、内容、步骤）
【思考过程】：",ABCE,Qwen3-235B-A22B,"【思考过程】：试验方案通常需包含基本信息（A）、研究背景（B）、试验目的（C）及试验设计的实施方式（E）。医疗机构资质证明（D）虽重要，但通常作为独立文件提交，而非直接纳入方案文本。

【最终答案】：ABCE",客观题,ABCE
常规诊疗,"你是一个严格按照要求答题的医学考试考生。请你先展示出完整的思考过程，然后再输出最终答案。每道题目有至少两个选项（A、B）至多五个选项（A、B、C、D、E），题目为不定项选择题，请按照以下格式作答：

【思考过程】：...

【最终答案】：AB / BCE / CD / DE / E / ...（只输出选项的编号，不要写选项内容）

示例：
题目：医疗伦理中四大基本原则是？
A.尊重自主权
B.善意行为
C.无害原则
D.公正原则
E.以上都不是
【思考过程】：本题考查医学伦理的四大基本原则，包括尊重自主权、不伤害原则、行善原则、公正原则。

【最终答案】：ABCD

题目：以下哪个不属于试验方案通常包括的内容？
A.研究背景资料
B.试验目的
C.实施方式的具体步骤
D.数据分析方法
E.经费预算
【思考过程】：",DE,Qwen3-235B-A22B,"【思考过程】：本题考查试验方案通常包含的内容。试验方案的核心内容包括研究背景资料（A）、试验目的（B）、实施方式的具体步骤（C）、数据分析方法（D）。经费预算（E）属于项目管理或申报材料的一部分，而非试验方案的常规内容。

【最终答案】：E",客观题,E
常规诊疗,"你是一个严格按照要求答题的医学考试考生。请你先展示出完整的思考过程，然后再输出最终答案。每道题目有至少两个选项（A、B）至多五个选项（A、B、C、D、E），题目为不定项选择题，请按照以下格式作答：

【思考过程】：...

【最终答案】：AB / BCE / CD / DE / E / ...（只输出选项的编号，不要写选项内容）

示例：
题目：医疗伦理中四大基本原则是？
A.尊重自主权
B.善意行为
C.无害原则
D.公正原则
E.以上都不是
【思考过程】：本题考查医学伦理的四大基本原则，包括尊重自主权、不伤害原则、行善原则、公正原则。

【最终答案】：ABCD

题目：以下哪些内容属于临床试验设计的必要要素？
A.明确受试者参与临床试验的动机分析
B.主要终点和次要终点的界定
C.盲底保存和揭盲的程序
D.数据统计模型的数学推导说明
E.随访安排和时间节点说明
【思考过程】：",BCE,Qwen3-235B-A22B,"【思考过程】：临床试验设计的必要要素包括明确研究目标（主要终点和次要终点）、随访安排及时间节点、盲法程序等。主要终点和次要终点的界定（B）是评估疗效和安全性的核心指标；盲底保存和揭盲程序（C）是控制偏倚的关键措施；随访安排和时间节点（E）确保数据采集的规范性。而受试者动机分析（A）属于招募或伦理范畴，统计模型的数学推导（D）属于统计方法细节，非试验设计的必要要素。

【最终答案】：BCE",客观题,BCE
常规诊疗,"你是一个严格按照要求答题的医学考试考生。请你先展示出完整的思考过程，然后再输出最终答案。每道题目有至少两个选项（A、B）至多五个选项（A、B、C、D、E），题目为不定项选择题，请按照以下格式作答：

【思考过程】：...

【最终答案】：AB / BCE / CD / DE / E / ...（只输出选项的编号，不要写选项内容）

示例：
题目：医疗伦理中四大基本原则是？
A.尊重自主权
B.善意行为
C.无害原则
D.公正原则
E.以上都不是
【思考过程】：本题考查医学伦理的四大基本原则，包括尊重自主权、不伤害原则、行善原则、公正原则。

【最终答案】：ABCD

题目：以下哪项属于临床试验设计中必须包含的内容？
A.明确临床试验的主要终点和中期终点
B.盲底保存和揭盲的程序
C.甲类药品与乙类药品对照实验设计
D.试验用药品管理流程
E.试验数据作为源数据直接记录的具体要求
【思考过程】：",BDE,Qwen3-235B-A22B,"【思考过程】：本题考查临床试验设计的必备内容。根据ICH GCP指南，临床试验方案必须包含以下内容：  
1. **主要终点**是评估药物有效性和安全性的核心指标，但**中期终点**（如期中分析）并非所有试验的必需项，因此选项A整体不成立。  
2. **盲底保存和揭盲的程序**是盲法试验的关键环节，属于必须包含的内容（选项B正确）。  
3. **试验用药品管理流程**（如接收、存储、分发）是确保试验药物规范使用的基础（选项D正确）。  
4. **试验数据作为源数据直接记录的具体要求**涉及数据管理规范，需在方案中明确记录方式（如病例报告表），以确保数据准确性（选项E正确）。  
5. 选项C中的“甲类与乙类药品对照”混淆医保分类与试验设计，属于错误描述。  

【最终答案】：BDE",客观题,BDE
常规诊疗,"你是一个严格按照要求答题的医学考试考生。请你先展示出完整的思考过程，然后再输出最终答案。每道题目有至少两个选项（A、B）至多五个选项（A、B、C、D、E），题目为不定项选择题，请按照以下格式作答：

【思考过程】：...

【最终答案】：AB / BCE / CD / DE / E / ...（只输出选项的编号，不要写选项内容）

示例：
题目：医疗伦理中四大基本原则是？
A.尊重自主权
B.善意行为
C.无害原则
D.公正原则
E.以上都不是
【思考过程】：本题考查医学伦理的四大基本原则，包括尊重自主权、不伤害原则、行善原则、公正原则。

【最终答案】：ABCD

题目：以下哪项属于临床试验设计中必须包含的内容？
A.受试者的饮食习惯追踪计划
B.对照组选择理由及试验设计的描述
C.随访的具体安排及受试者参与时长
D.试验用药品的标签规范
E.研究团队的薪资结构说明
【思考过程】：",BCD,Qwen3-235B-A22B,"【思考过程】：临床试验设计必须包含对照组选择理由（B）以确保结果的可比性，以及随访安排和参与时长（C）以评估干预效果。饮食习惯追踪（A）和薪资结构（E）与核心设计无关，药品标签规范（D）属于操作细节而非设计必要内容。

【最终答案】：BC",客观题,BC
常规诊疗,"你是一个严格按照要求答题的医学考试考生。请你先展示出完整的思考过程，然后再输出最终答案。每道题目有至少两个选项（A、B）至多五个选项（A、B、C、D、E），题目为不定项选择题，请按照以下格式作答：

【思考过程】：...

【最终答案】：AB / BCE / CD / DE / E / ...（只输出选项的编号，不要写选项内容）

示例：
题目：医疗伦理中四大基本原则是？
A.尊重自主权
B.善意行为
C.无害原则
D.公正原则
E.以上都不是
【思考过程】：本题考查医学伦理的四大基本原则，包括尊重自主权、不伤害原则、行善原则、公正原则。

【最终答案】：ABCD

题目：以下哪项不属于临床试验设计中必须包含的要素？
A.减少偏倚的措施说明
B.试验用药品的剂量与给药方案
C.盲底保存程序
D.受试者随访安排
E.研究样本量的统计学估算依据
F.生物统计学分析计划
【思考过程】：",EF,Qwen3-235B-A22B,"【思考过程】：临床试验设计必须包含的要素包括：减少偏倚的措施（如随机化、盲法）、试验药物的剂量与给药方案（明确干预细节）、受试者随访安排（数据收集）、样本量计算（统计效能）和生物统计学分析计划（数据分析）。盲底保存程序（C）仅适用于盲法试验，而开放标签试验无需该程序。因此，C不属于所有临床试验设计必须包含的要素。

【最终答案】：C",客观题,C
常规诊疗,"你是一个严格按照要求答题的医学考试考生。请你先展示出完整的思考过程，然后再输出最终答案。每道题目有至少两个选项（A、B）至多五个选项（A、B、C、D、E），题目为不定项选择题，请按照以下格式作答：

【思考过程】：...

【最终答案】：AB / BCE / CD / DE / E / ...（只输出选项的编号，不要写选项内容）

示例：
题目：医疗伦理中四大基本原则是？
A.尊重自主权
B.善意行为
C.无害原则
D.公正原则
E.以上都不是
【思考过程】：本题考查医学伦理的四大基本原则，包括尊重自主权、不伤害原则、行善原则、公正原则。

【最终答案】：ABCD

题目：以下哪些内容属于临床试验设计的核心要素？
A.明确主要终点与次要终点
B.安慰剂采购供应商的筛选流程
C.采用单盲需说明理由及控制偏倚措施
D.初步研究结果的统计学分析方法是否独立
E.试验药品标签颜色设计规范
F.受试者参与时长及暂停试验标准
【思考过程】：",ACF,Qwen3-235B-A22B,"【思考过程】：临床试验设计的核心要素包括明确研究终点（A）、控制偏倚的方法（C）、统计分析方法（D）以及试验执行管理（F）。安慰剂供应商筛选（B）和药品标签颜色（E）属于操作细节，非设计核心。

【最终答案】：ACDF",客观题,ACDF
常规诊疗,"你是一个严格按照要求答题的医学考试考生。请你先展示出完整的思考过程，然后再输出最终答案。每道题目有至少两个选项（A、B）至多五个选项（A、B、C、D、E），题目为不定项选择题，请按照以下格式作答：

【思考过程】：...

【最终答案】：AB / BCE / CD / DE / E / ...（只输出选项的编号，不要写选项内容）

示例：
题目：医疗伦理中四大基本原则是？
A.尊重自主权
B.善意行为
C.无害原则
D.公正原则
E.以上都不是
【思考过程】：本题考查医学伦理的四大基本原则，包括尊重自主权、不伤害原则、行善原则、公正原则。

【最终答案】：ABCD

题目：以下哪项不属于临床试验试验设计必须包含的要素？
A.研究对象的既往病史统计方法
B.研究设计的盲法和流程图展示
C.随机化降低偏倚的具体措施
D.试验用药品生产批号溯源流程
E.受试者随访时长与暂停试验标准
F.病例报告表的源数据录入规范
【思考过程】：",AD,Qwen3-235B-A22B,"【思考过程】：临床试验设计必须包含的核心要素包括研究设计（盲法、流程图）、随机化措施、受试者随访计划、统计分析方法（如既往病史的处理）、暂停试验标准等。而试验用药品生产批号溯源流程（D）属于药品管理操作规范，病例报告表的源数据录入规范（F）属于数据管理执行细节，两者均不属于试验设计必须包含的要素。

【最终答案】：DF",客观题,DF
常规诊疗,"你是一个严格按照要求答题的医学考试考生。请你先展示出完整的思考过程，然后再输出最终答案。每道题目有至少两个选项（A、B）至多五个选项（A、B、C、D、E），题目为不定项选择题，请按照以下格式作答：

【思考过程】：...

【最终答案】：AB / BCE / CD / DE / E / ...（只输出选项的编号，不要写选项内容）

示例：
题目：医疗伦理中四大基本原则是？
A.尊重自主权
B.善意行为
C.无害原则
D.公正原则
E.以上都不是
【思考过程】：本题考查医学伦理的四大基本原则，包括尊重自主权、不伤害原则、行善原则、公正原则。

【最终答案】：ABCD

题目：以下哪项属于临床试验设计必须包含的内容？
A.明确主要终点和次要终点
B.收集受试者遗传信息
C.用文字描述控制偏倚措施
D.药物剂量及给药方案
E.试验数据的备份周期
【思考过程】：",AD,Qwen3-235B-A22B,"【思考过程】：临床试验设计必须包含核心要素：A选项明确主要终点和次要终点是评估疗效的关键；C选项控制偏倚措施（如随机化、盲法）直接影响结果科学性；D选项药物剂量及给药方案是试验实施的基础。B选项遗传信息仅在特定研究（如药物基因组学）中需要，并非普遍必须；E选项数据备份周期属于数据管理细节，非设计核心内容。

【最终答案】：ACD",客观题,ACD
常规诊疗,"你是一个严格按照要求答题的医学考试考生。请你先展示出完整的思考过程，然后再输出最终答案。每道题目有至少两个选项（A、B）至多五个选项（A、B、C、D、E），题目为不定项选择题，请按照以下格式作答：

【思考过程】：...

【最终答案】：AB / BCE / CD / DE / E / ...（只输出选项的编号，不要写选项内容）

示例：
题目：医疗伦理中四大基本原则是？
A.尊重自主权
B.善意行为
C.无害原则
D.公正原则
E.以上都不是
【思考过程】：本题考查医学伦理的四大基本原则，包括尊重自主权、不伤害原则、行善原则、公正原则。

【最终答案】：ABCD

题目：以下哪些内容属于临床试验设计的核心要素？
A.受试者的日常饮食管理
B.临床试验的次要终点确定
C.实验数据的初步分析报告
D.源数据直接录入病例报告的标准
E.控制偏倚的盲法实施过程
【思考过程】：",BDE,Qwen3-235B-A22B,"【思考过程】：临床试验设计的核心要素包括明确的终点指标（B）、控制偏倚的盲法（E）。次要终点是试验设计中预设的评估指标，盲法是减少偏倚的关键方法。饮食管理（A）和数据录入标准（D）属于操作细节，初步分析报告（C）为后期工作，均不直接构成设计核心要素。

【最终答案】：BE",客观题,BE
常规诊疗,"你是一个严格按照要求答题的医学考试考生。请你先展示出完整的思考过程，然后再输出最终答案。每道题目有至少两个选项（A、B）至多五个选项（A、B、C、D、E），题目为不定项选择题，请按照以下格式作答：

【思考过程】：...

【最终答案】：AB / BCE / CD / DE / E / ...（只输出选项的编号，不要写选项内容）

示例：
题目：医疗伦理中四大基本原则是？
A.尊重自主权
B.善意行为
C.无害原则
D.公正原则
E.以上都不是
【思考过程】：本题考查医学伦理的四大基本原则，包括尊重自主权、不伤害原则、行善原则、公正原则。

【最终答案】：ABCD

题目：以下哪些属于受试者选择与退出的相关内容？
A.入选标准
B.排除标准
C.退出临床试验的标准
D.退出后的经济补偿标准
E.受试者的随访计划
【思考过程】：",ABC,Qwen3-235B-A22B,"【思考过程】：题目考查受试者选择与退出的核心内容。入选标准（A）和排除标准（B）是筛选受试者的关键依据；退出临床试验的标准（C）明确了终止参与的条件；受试者随访计划（E）属于退出后的追踪措施。退出后的经济补偿标准（D）通常属于伦理或合同条款，而非临床试验设计本身的核心内容。

【最终答案】：ABCE",客观题,ABCE
常规诊疗,"你是一个严格按照要求答题的医学考试考生。请你先展示出完整的思考过程，然后再输出最终答案。每道题目有至少两个选项（A、B）至多五个选项（A、B、C、D、E），题目为不定项选择题，请按照以下格式作答：

【思考过程】：...

【最终答案】：AB / BCE / CD / DE / E / ...（只输出选项的编号，不要写选项内容）

示例：
题目：医疗伦理中四大基本原则是？
A.尊重自主权
B.善意行为
C.无害原则
D.公正原则
E.以上都不是
【思考过程】：本题考查医学伦理的四大基本原则，包括尊重自主权、不伤害原则、行善原则、公正原则。

【最终答案】：ABCD

题目：在开展医疗器械临床评价时，以下哪种情形应当开展临床试验？
A.首次应用于人体的医疗器械需验证临床效果，B.现有同品种临床文献数据不足以确认产品安全有效，C.临床风险等级为低风险的常规诊疗器械，D.产品技术原理与已上市器械存在显著差异
【思考过程】：",B,Qwen3-235B-A22B,"【思考过程】：根据医疗器械临床试验的监管要求，以下情形需开展临床试验：首次应用于人体的医疗器械需通过试验验证安全性及有效性（A正确）；若现有同品种文献数据不足以证明产品安全有效（B正确），或产品技术原理与已上市器械存在显著差异（D正确），均需通过临床试验补充数据。而低风险常规诊疗器械（C）通常属于临床试验豁免范围，故不选。

【最终答案】：ABD",客观题,ABD
常规诊疗,"你是一个严格按照要求答题的医学考试考生。请你先展示出完整的思考过程，然后再输出最终答案。每道题目有至少两个选项（A、B）至多五个选项（A、B、C、D、E），题目为不定项选择题，请按照以下格式作答：

【思考过程】：...

【最终答案】：AB / BCE / CD / DE / E / ...（只输出选项的编号，不要写选项内容）

示例：
题目：医疗伦理中四大基本原则是？
A.尊重自主权
B.善意行为
C.无害原则
D.公正原则
E.以上都不是
【思考过程】：本题考查医学伦理的四大基本原则，包括尊重自主权、不伤害原则、行善原则、公正原则。

【最终答案】：ABCD

题目：国务院药品监督管理部门审批对人体具有较高风险的第三类医疗器械临床试验申请时，应自受理之日起多少个工作日内作出决定？
A.30个工作日
B.45个工作日
C.60个工作日
D.75个工作日
E.90个工作日
【思考过程】：",C,Qwen3-235B-A22B,"【思考过程】：根据《医疗器械监督管理条例》和《医疗器械注册管理办法》，国务院药品监督管理部门审批第三类医疗器械临床试验申请的时限为受理之日起45个工作日内作出决定。第三类医疗器械风险较高，审批流程需严格把控，但临床试验申请与常规注册申请的时限不同，后者可能为60或90个工作日。本题考查临床试验审批的特定时限，正确答案为B选项。

【最终答案】：B",客观题,B
常规诊疗,"你是一个严格按照要求答题的医学考试考生。请你先展示出完整的思考过程，然后再输出最终答案。每道题目有至少两个选项（A、B）至多五个选项（A、B、C、D、E），题目为不定项选择题，请按照以下格式作答：

【思考过程】：...

【最终答案】：AB / BCE / CD / DE / E / ...（只输出选项的编号，不要写选项内容）

示例：
题目：医疗伦理中四大基本原则是？
A.尊重自主权
B.善意行为
C.无害原则
D.公正原则
E.以上都不是
【思考过程】：本题考查医学伦理的四大基本原则，包括尊重自主权、不伤害原则、行善原则、公正原则。

【最终答案】：ABCD

题目：某医院开展新型血糖仪临床试验时，以下哪项行为违反了相关法规？
A.向所有成年受试者签署了书面知情同意书
B.向10岁受试者仅获取其父亲的口头同意
C.收取每位受试者50元耗材费
D.未在知情环节说明设备可能导致皮肤过敏的风险
【思考过程】：",BCD,Qwen3-235B-A22B,"【思考过程】：本题考查临床试验中的合规行为。选项B中10岁受试者仅获取监护人口头同意不符合法规要求，因未成年人需监护人书面同意且可能需本人同意。选项D未说明皮肤过敏风险违反知情告知义务，必须明确告知潜在风险。选项A符合知情同意流程，选项C是否违规需看法规细节，但通常合理耗材费若经批准且说明可能允许，故不选。

【最终答案】：BD",客观题,BD
常规诊疗,"你是一个严格按照要求答题的医学考试考生。请你先展示出完整的思考过程，然后再输出最终答案。每道题目有至少两个选项（A、B）至多五个选项（A、B、C、D、E），题目为不定项选择题，请按照以下格式作答：

【思考过程】：...

【最终答案】：AB / BCE / CD / DE / E / ...（只输出选项的编号，不要写选项内容）

示例：
题目：医疗伦理中四大基本原则是？
A.尊重自主权
B.善意行为
C.无害原则
D.公正原则
E.以上都不是
【思考过程】：本题考查医学伦理的四大基本原则，包括尊重自主权、不伤害原则、行善原则、公正原则。

【最终答案】：ABCD

题目：根据我国相关法规，关于高风险植入性医疗器械的生产管理，以下说法错误的是？
A. 国务院药品监督管理部门负责制定高风险植入性医疗器械的具体目录
B. 符合条件的企业可申请委托生产该类器械，但需经过严格审核
C. 该条款明确禁止了此类器械的委托生产方式
D. 高风险植入性医疗器械目录的调整由国家市场监督管理总局负责
E. 某一省级医院自行研发的高风险植入器械可临时委托第三方生产应急
【思考过程】：",BDE,Qwen3-235B-A22B,"【思考过程】：根据《医疗器械监督管理条例》及配套法规，A选项正确（国务院药监部门制定目录）；B选项正确（允许符合条件的委托生产并需审核）；C错误（法规未禁止委托生产）；D错误（目录调整由国家药监局负责而非市场监督总局）；E错误（医院不能自行委托生产，必须符合法定程序）。因此错误选项为C、D、E。

【最终答案】：CDE",客观题,CDE
常规诊疗,"你是一个严格按照要求答题的医学考试考生。请你先展示出完整的思考过程，然后再输出最终答案。每道题目有至少两个选项（A、B）至多五个选项（A、B、C、D、E），题目为不定项选择题，请按照以下格式作答：

【思考过程】：...

【最终答案】：AB / BCE / CD / DE / E / ...（只输出选项的编号，不要写选项内容）

示例：
题目：医疗伦理中四大基本原则是？
A.尊重自主权
B.善意行为
C.无害原则
D.公正原则
E.以上都不是
【思考过程】：本题考查医学伦理的四大基本原则，包括尊重自主权、不伤害原则、行善原则、公正原则。

【最终答案】：ABCD

题目：关于一次性使用医疗器械的处理，以下哪种做法符合规定？
A.消毒后再次使用，并详细记录使用情况
B.使用后立即丢弃至普通垃圾桶
C.按医疗废物分类销毁，但未保存销毁记录
D.高温灭菌后重复使用，销毁时登记信息
E.交由专业机构处理并留存销毁证明
【思考过程】：",E,Qwen3-235B-A22B,"【思考过程】：一次性使用医疗器械严禁重复使用，使用后应按医疗废物分类处理，需交由具备资质的医疗废物处置单位进行无害化处理，并留存销毁证明。选项E符合规定。其他选项均存在违规情况：A和D涉及重复使用；B未分类处理；C未保存记录。

【最终答案】：E",客观题,E
常规诊疗,"你是一个严格按照要求答题的医学考试考生。请你先展示出完整的思考过程，然后再输出最终答案。每道题目有至少两个选项（A、B）至多五个选项（A、B、C、D、E），题目为不定项选择题，请按照以下格式作答：

【思考过程】：...

【最终答案】：AB / BCE / CD / DE / E / ...（只输出选项的编号，不要写选项内容）

示例：
题目：医疗伦理中四大基本原则是？
A.尊重自主权
B.善意行为
C.无害原则
D.公正原则
E.以上都不是
【思考过程】：本题考查医学伦理的四大基本原则，包括尊重自主权、不伤害原则、行善原则、公正原则。

【最终答案】：ABCD

题目：根据相关规定，医疗器械使用单位对使用期限长的大型医疗器械必须采取以下哪些措施？
A.逐台建立使用档案
B.记录维护和实际使用时间
C.保存记录至使用终止后3年
D.按批次合并建档
【思考过程】：",AB,Qwen3-235B-A22B,"【思考过程】：本题考查医疗器械使用单位对长期使用大型医疗器械的管理要求。根据《医疗器械监督管理条例》及《医疗器械使用质量监督管理办法》，使用单位需逐台建立使用档案（A正确），记录维护和实际使用时间（B正确）。法规规定保存记录至使用终止后2年，而选项C为3年，因此C错误。按批次建档（D）适用于其他医疗器械，而非逐台管理的大型设备，故D错误。

【最终答案】：AB",客观题,AB
常规诊疗,"你是一个严格按照要求答题的医学考试考生。请你先展示出完整的思考过程，然后再输出最终答案。每道题目有至少两个选项（A、B）至多五个选项（A、B、C、D、E），题目为不定项选择题，请按照以下格式作答：

【思考过程】：...

【最终答案】：AB / BCE / CD / DE / E / ...（只输出选项的编号，不要写选项内容）

示例：
题目：医疗伦理中四大基本原则是？
A.尊重自主权
B.善意行为
C.无害原则
D.公正原则
E.以上都不是
【思考过程】：本题考查医学伦理的四大基本原则，包括尊重自主权、不伤害原则、行善原则、公正原则。

【最终答案】：ABCD

题目：当发现医疗器械存在安全隐患时，以下哪些措施符合法规要求？
A.继续使用但密切监测风险
B.立即停止使用并通知相关机构检修
C.检修后仍未达标则重新评估使用范围
D.检修后仍未达标则彻底停用
E.未检修前仅在紧急情况下使用
【思考过程】：",BD,Qwen3-235B-A22B,"【思考过程】：根据医疗器械安全法规，发现安全隐患时应立即停止使用（B），并确保设备检修后达标。若检修后仍不达标，必须彻底停用（D）。继续使用或仅在紧急情况下使用存在风险，不符合法规要求。重新评估使用范围无法确保安全，故不选C。

【最终答案】：BD",客观题,BD
常规诊疗,"你是一个严格按照要求答题的医学考试考生。请你先展示出完整的思考过程，然后再输出最终答案。每道题目有至少两个选项（A、B）至多五个选项（A、B、C、D、E），题目为不定项选择题，请按照以下格式作答：

【思考过程】：...

【最终答案】：AB / BCE / CD / DE / E / ...（只输出选项的编号，不要写选项内容）

示例：
题目：医疗伦理中四大基本原则是？
A.尊重自主权
B.善意行为
C.无害原则
D.公正原则
E.以上都不是
【思考过程】：本题考查医学伦理的四大基本原则，包括尊重自主权、不伤害原则、行善原则、公正原则。

【最终答案】：ABCD

题目：以下哪一种情形属于医疗器械经营企业或使用单位被禁止的行为？
A.经营未获得国际认证的医疗器械
B.使用未依法备案的医疗器械
C.使用无合格证明文件的医疗器械
D.销售已正式公告淘汰的医疗器械型号
E.销售已注册但超出保修期的医疗器械
【思考过程】：",BCD,Qwen3-235B-A22B,"【思考过程】：根据《医疗器械监督管理条例》，医疗器械使用单位不得使用未依法注册/备案、无合格证明文件以及淘汰的医疗器械。选项B（未依法备案）、C（无合格证明文件）、D（已淘汰）均属于被禁止的行为。选项A和E涉及国际认证、保修期问题，但国际认证并非国内流通的强制要求，保修期与合法性无关，因此不属于禁止范围。

【最终答案】：BCD",客观题,BCD
常规诊疗,"你是一个严格按照要求答题的医学考试考生。请你先展示出完整的思考过程，然后再输出最终答案。每道题目有至少两个选项（A、B）至多五个选项（A、B、C、D、E），题目为不定项选择题，请按照以下格式作答：

【思考过程】：...

【最终答案】：AB / BCE / CD / DE / E / ...（只输出选项的编号，不要写选项内容）

示例：
题目：医疗伦理中四大基本原则是？
A.尊重自主权
B.善意行为
C.无害原则
D.公正原则
E.以上都不是
【思考过程】：本题考查医学伦理的四大基本原则，包括尊重自主权、不伤害原则、行善原则、公正原则。

【最终答案】：ABCD

题目：根据相关法规，医疗器械注册人、备案人应履行以下哪些义务？
A.主动开展不良事件监测
B.向卫生行政部门直接报告产品风险
C.配备与其产品相适应的监测人员
D.向医疗器械不良事件监测技术机构报告评价情况
E.承诺产品治疗效果
【思考过程】：",ACD,Qwen3-235B-A22B,"【思考过程】：根据《医疗器械监督管理条例》及《医疗器械不良事件监测和再评价管理办法》，医疗器械注册人、备案人需履行以下义务：  
1. **主动开展不良事件监测**（A），以持续评估产品安全性；  
2. **配备与其产品相适应的监测人员**（C），确保监测工作有效开展；  
3. **向医疗器械不良事件监测技术机构报告评价情况**（D），如定期提交风险评估报告。  
选项B错误，因报告对象应为药品监督管理部门或监测技术机构，而非卫生行政部门；选项E“承诺治疗效果”不符合法规要求，医疗器械需基于科学证据证明其安全性和有效性，而非单方面承诺效果。  

【最终答案】：ACD",客观题,ACD
常规诊疗,"你是一个严格按照要求答题的医学考试考生。请你先展示出完整的思考过程，然后再输出最终答案。每道题目有至少两个选项（A、B）至多五个选项（A、B、C、D、E），题目为不定项选择题，请按照以下格式作答：

【思考过程】：...

【最终答案】：AB / BCE / CD / DE / E / ...（只输出选项的编号，不要写选项内容）

示例：
题目：医疗伦理中四大基本原则是？
A.尊重自主权
B.善意行为
C.无害原则
D.公正原则
E.以上都不是
【思考过程】：本题考查医学伦理的四大基本原则，包括尊重自主权、不伤害原则、行善原则、公正原则。

【最终答案】：ABCD

题目：卫生主管部门发现某医院使用大型医用设备进行过度治疗时，正确的处理程序是以下哪项？
A.在30个工作日内制定整改方案，B.立即纠正并依法处理，C.仅通报批评医院负责人，D.要求医院自查后提交报告
【思考过程】：",B,Qwen3-235B-A22B,"【思考过程】：根据《医疗机构管理条例》及《医疗器械监督管理条例》，卫生主管部门发现医院违规使用设备进行过度治疗时，应立即责令其停止违法行为（B），并依法进行行政处罚或要求整改（A）。选项A中“30个工作日内制定整改方案”符合法规对整改期限的要求，B选项“立即纠正并依法处理”直接对应责令改正和处罚的程序。选项C仅通报批评负责人，处理不全面；选项D要求医院自查后提交报告，未体现主管部门的主动干预，不符合规范。

【最终答案】：AB",客观题,AB
常规诊疗,"你是一个严格按照要求答题的医学考试考生。请你先展示出完整的思考过程，然后再输出最终答案。每道题目有至少两个选项（A、B）至多五个选项（A、B、C、D、E），题目为不定项选择题，请按照以下格式作答：

【思考过程】：...

【最终答案】：AB / BCE / CD / DE / E / ...（只输出选项的编号，不要写选项内容）

示例：
题目：医疗伦理中四大基本原则是？
A.尊重自主权
B.善意行为
C.无害原则
D.公正原则
E.以上都不是
【思考过程】：本题考查医学伦理的四大基本原则，包括尊重自主权、不伤害原则、行善原则、公正原则。

【最终答案】：ABCD

题目：在进行医疗器械临床试验时，以下哪种情况符合相关伦理法规要求？
A.只需具备明确试验目的即可启动试验
B.当预期风险与获益持平时继续试验
C.获益显著超越风险成为试验前提
D.经伦理审核后忽略风险收益比强行推进
【思考过程】：",C,Qwen3-235B-A22B,"【思考过程】：医疗器械临床试验必须遵循伦理法规中的风险-收益评估原则。根据《赫尔辛基宣言》及国际伦理准则，试验需确保受试者的潜在益处显著超过风险（选项C），而非仅满足明确目的（选项A错误）。若风险与获益持平（选项B），则无法满足伦理要求。伦理审核后仍需持续评估风险收益比，不能强行推进（选项D错误）。因此，仅选项C符合要求。

【最终答案】：C",客观题,C
常规诊疗,"你是一个严格按照要求答题的医学考试考生。请你先展示出完整的思考过程，然后再输出最终答案。每道题目有至少两个选项（A、B）至多五个选项（A、B、C、D、E），题目为不定项选择题，请按照以下格式作答：

【思考过程】：...

【最终答案】：AB / BCE / CD / DE / E / ...（只输出选项的编号，不要写选项内容）

示例：
题目：医疗伦理中四大基本原则是？
A.尊重自主权
B.善意行为
C.无害原则
D.公正原则
E.以上都不是
【思考过程】：本题考查医学伦理的四大基本原则，包括尊重自主权、不伤害原则、行善原则、公正原则。

【最终答案】：ABCD

题目：在进行医疗器械临床试验时，以下哪些条件是必须满足的？
A.获得伦理委员会的同意
B.获得省级药品监督管理局的批准
C.在符合要求的三级乙等医疗机构实施试验
D.若属于需临床试验审批的第三类医疗器械目录需获国家药监局批准
E.试验必须在三级甲等医疗机构进行
【思考过程】：",ADE,Qwen3-235B-A22B,"【思考过程】：医疗器械临床试验需满足以下条件：1. 必须获得伦理委员会批准（A）。2. 第三类医疗器械临床试验需经国家药监局批准（D）。医疗机构资质要求因器械类别而异，第三类通常需三级甲等医院（E），但题目未明确限定第三类，因此E并非普遍必须。省级药监局批准（B）和三级乙等医院（C）仅在特定情况下适用，非普遍必须条件。

【最终答案】：AD",客观题,AD
常规诊疗,"你是一个严格按照要求答题的医学考试考生。请你先展示出完整的思考过程，然后再输出最终答案。每道题目有至少两个选项（A、B）至多五个选项（A、B、C、D、E），题目为不定项选择题，请按照以下格式作答：

【思考过程】：...

【最终答案】：AB / BCE / CD / DE / E / ...（只输出选项的编号，不要写选项内容）

示例：
题目：医疗伦理中四大基本原则是？
A.尊重自主权
B.善意行为
C.无害原则
D.公正原则
E.以上都不是
【思考过程】：本题考查医学伦理的四大基本原则，包括尊重自主权、不伤害原则、行善原则、公正原则。

【最终答案】：ABCD

题目：以下哪些属于伦理委员会的职责？
A.确保研究数据真实准确
B.监督医生执业资格
C.保护受试者合法权益和安全
D.维护受试者尊严
E.促进医学研究快速发展
【思考过程】：",CD,Qwen3-235B-A22B,"【思考过程】：伦理委员会的核心职责是审查涉及人类受试者的研究，确保伦理合规。其主要关注点包括：保护受试者的合法权益和安全（C）、维护受试者尊严（D）。研究数据真实性（A）属于研究者或监管机构责任，医生执业资格监督（B）属于医疗管理部门，促进研究速度（E）并非伦理委员会的职能。

【最终答案】：CD",客观题,CD
常规诊疗,"你是一个严格按照要求答题的医学考试考生。请你先展示出完整的思考过程，然后再输出最终答案。每道题目有至少两个选项（A、B）至多五个选项（A、B、C、D、E），题目为不定项选择题，请按照以下格式作答：

【思考过程】：...

【最终答案】：AB / BCE / CD / DE / E / ...（只输出选项的编号，不要写选项内容）

示例：
题目：医疗伦理中四大基本原则是？
A.尊重自主权
B.善意行为
C.无害原则
D.公正原则
E.以上都不是
【思考过程】：本题考查医学伦理的四大基本原则，包括尊重自主权、不伤害原则、行善原则、公正原则。

【最终答案】：ABCD

题目：伦理委员会审查医疗器械临床试验时，必须重点关注以下哪些事项？
A.研究团队成员的职称评审情况  
B.主要研究者是否有相关学术论文发表  
C.受试者风险与试验预期受益的匹配度  
D.临床试验方案是否包含安慰剂对照组设计  
E.试验数据是否需要第三方统计学机构复核  
F.受试者入选标准是否具有科学性和公平性  
G.供应商提供的器械是否具有专利保护  
H.发生试验相关伤害时的保障措施是否充分
【思考过程】：",CFH,Qwen3-235B-A22B,"【思考过程】：伦理委员会的核心职责是保护受试者权益和安全，审查重点包括风险与受益的合理性（C）、受试者入选标准的公平性（F）、试验相关伤害的保障措施（H）。其他选项如职称（A）、学术论文（B）、专利（G）、数据复核（E）等与伦理审查无直接关联。安慰剂对照组设计（D）属于科学设计范畴，非伦理审查必须重点关注事项。

【最终答案】：CFH",客观题,CFH
常规诊疗,"你是一个严格按照要求答题的医学考试考生。请你先展示出完整的思考过程，然后再输出最终答案。每道题目有至少两个选项（A、B）至多五个选项（A、B、C、D、E），题目为不定项选择题，请按照以下格式作答：

【思考过程】：...

【最终答案】：AB / BCE / CD / DE / E / ...（只输出选项的编号，不要写选项内容）

示例：
题目：医疗伦理中四大基本原则是？
A.尊重自主权
B.善意行为
C.无害原则
D.公正原则
E.以上都不是
【思考过程】：本题考查医学伦理的四大基本原则，包括尊重自主权、不伤害原则、行善原则、公正原则。

【最终答案】：ABCD

题目：伦理委员会审查医疗器械临床试试验时，下列哪几项属于必须重点关注的审查内容？
A.试验分组是否采用双盲随机方法
B.受试者的入选和排除标准是否科学公平
C.对儿童、孕妇等特殊人群的保护措施是否充分
D.是否要求受试者支付合理补偿的费用
E.若发生试验相关的伤害是否有充分的诊治保障
【思考过程】：",BCE,Qwen3-235B-A22B,"【思考过程】：本题考查伦理委员会对医疗器械临床试验的审查重点。伦理委员会的核心职责是保障受试者权益与安全，审查重点包括：受试者选择标准是否公平（B）、特殊人群保护措施（C）、试验相关伤害的诊治保障（E）。选项A（双盲随机方法）属于科学设计范畴，非伦理审查的核心；选项D（要求支付补偿费用）违反伦理原则，受试者补偿应由研究方承担。因此，正确答案为B、C、E。

【最终答案】：BCE",客观题,BCE
常规诊疗,"你是一个严格按照要求答题的医学考试考生。请你先展示出完整的思考过程，然后再输出最终答案。每道题目有至少两个选项（A、B）至多五个选项（A、B、C、D、E），题目为不定项选择题，请按照以下格式作答：

【思考过程】：...

【最终答案】：AB / BCE / CD / DE / E / ...（只输出选项的编号，不要写选项内容）

示例：
题目：医疗伦理中四大基本原则是？
A.尊重自主权
B.善意行为
C.无害原则
D.公正原则
E.以上都不是
【思考过程】：本题考查医学伦理的四大基本原则，包括尊重自主权、不伤害原则、行善原则、公正原则。

【最终答案】：ABCD

题目：伦理委员会在审查医疗器械临床试验时应重点关注哪几项内容？
A.主要研究者是否获得充足的研究资金
B.临床试验方案是否符合伦理原则和科学性
C.向受试者提供的信息资料是否完整告知其权利
D.受试者是否因参加试验获得足额补偿
E.对精神障碍患者等特殊人群的保护措施是否充分
【思考过程】：",BCE,Qwen3-235B-A22B,"【思考过程】：伦理委员会审查医疗器械临床试验时，需重点确保受试者权益与安全。B选项涉及方案是否符合伦理和科学性，是核心审查内容；C选项强调知情同意信息的完整性，保障受试者知情权；E选项针对特殊人群的保护措施，符合伦理对弱势群体的关注。A选项资金问题属于行政管理范畴，非伦理审查重点；D选项“足额补偿”可能隐含诱导风险，但题目未明确合理性，故不选。

【最终答案】：BCE",客观题,BCE
常规诊疗,"你是一个严格按照要求答题的医学考试考生。请你先展示出完整的思考过程，然后再输出最终答案。每道题目有至少两个选项（A、B）至多五个选项（A、B、C、D、E），题目为不定项选择题，请按照以下格式作答：

【思考过程】：...

【最终答案】：AB / BCE / CD / DE / E / ...（只输出选项的编号，不要写选项内容）

示例：
题目：医疗伦理中四大基本原则是？
A.尊重自主权
B.善意行为
C.无害原则
D.公正原则
E.以上都不是
【思考过程】：本题考查医学伦理的四大基本原则，包括尊重自主权、不伤害原则、行善原则、公正原则。

【最终答案】：ABCD

题目：伦理委员会审查医疗器械临床试验时，以下哪些内容属于重点审查要求？
A.主要研究者的学历教育背景是否达到副高职称及以上
B.临床试验方案是否对其他人员可能遭受的风险进行了保护
C.受试者参与试验后所有风险是否已被完全消除
D.受试者的入选过程是否遵循科学和公平原则
E.老年受试者的隐私保护措施是否充分
【思考过程】：",BDE,Qwen3-235B-A22B,"【思考过程】：伦理委员会审查医疗器械临床试验时，核心职责是保障受试者权益与安全，重点审查内容包括：1. 受试者入选过程的科学性和公平性（D）；2. 特殊人群（如老年受试者）的权益保护措施（E）。选项A涉及研究者资质，属于机构管理范畴而非伦理审查重点；选项B偏离受试者保护的核心范围；选项C要求“完全消除风险”不符合临床试验风险管控的现实原则。因此，正确答案为D和E。

【最终答案】：DE",客观题,DE
常规诊疗,"你是一个严格按照要求答题的医学考试考生。请你先展示出完整的思考过程，然后再输出最终答案。每道题目有至少两个选项（A、B）至多五个选项（A、B、C、D、E），题目为不定项选择题，请按照以下格式作答：

【思考过程】：...

【最终答案】：AB / BCE / CD / DE / E / ...（只输出选项的编号，不要写选项内容）

示例：
题目：医疗伦理中四大基本原则是？
A.尊重自主权
B.善意行为
C.无害原则
D.公正原则
E.以上都不是
【思考过程】：本题考查医学伦理的四大基本原则，包括尊重自主权、不伤害原则、行善原则、公正原则。

【最终答案】：ABCD

题目：伦理委员会对医疗器械临床试验的审查重点关注内容包括以下哪几项？
A.受试者的风险程度与预期受益是否相匹配
B.受试者入选标准是否科学和公平
C.受试者损伤是否获得合理补偿和救治
D.是否设立独立的数据安全监查委员会
E.是否向受试者提供最新治疗技术的替代方案
【思考过程】：",ABC,Qwen3-235B-A22B,"【思考过程】：伦理委员会审查医疗器械临床试验时，需重点评估：1.风险与受益的合理性（A）；2.受试者入选标准的科学性和公平性（B）；3.受试者损伤的补偿与救治机制（C）；4.独立数据安全监查委员会的设立（D）。E选项涉及知情同意内容而非审查重点。

【最终答案】：ABCD",客观题,ABCD
常规诊疗,"你是一个严格按照要求答题的医学考试考生。请你先展示出完整的思考过程，然后再输出最终答案。每道题目有至少两个选项（A、B）至多五个选项（A、B、C、D、E），题目为不定项选择题，请按照以下格式作答：

【思考过程】：...

【最终答案】：AB / BCE / CD / DE / E / ...（只输出选项的编号，不要写选项内容）

示例：
题目：医疗伦理中四大基本原则是？
A.尊重自主权
B.善意行为
C.无害原则
D.公正原则
E.以上都不是
【思考过程】：本题考查医学伦理的四大基本原则，包括尊重自主权、不伤害原则、行善原则、公正原则。

【最终答案】：ABCD

题目：伦理委员会的跟踪审查职责包括以下哪些内容？
A. 审核试验器械生产企业的资质证书  
B. 书面要求暂停存在风险的临床试验  
C. 审查研究者报告的严重不良事件  
D. 制定受试者知情同意书的语言模板  
E. 评估方案偏离对试验科学性的潜在影响
【思考过程】：",BCE,Qwen3-235B-A22B,"【思考过程】：伦理委员会的跟踪审查职责主要涉及试验伦理合规性和受试者权益保护。A选项属于企业资质监管，通常非伦理委员会职责；B选项符合其暂停高风险试验的权力；C选项属于对安全性事件的持续审查；D选项涉及文件模板制定，通常由机构或研究者负责；E选项侧重科学性评估，不属于伦理审查核心范围。

【最终答案】：BC",客观题,BC
常规诊疗,"你是一个严格按照要求答题的医学考试考生。请你先展示出完整的思考过程，然后再输出最终答案。每道题目有至少两个选项（A、B）至多五个选项（A、B、C、D、E），题目为不定项选择题，请按照以下格式作答：

【思考过程】：...

【最终答案】：AB / BCE / CD / DE / E / ...（只输出选项的编号，不要写选项内容）

示例：
题目：医疗伦理中四大基本原则是？
A.尊重自主权
B.善意行为
C.无害原则
D.公正原则
E.以上都不是
【思考过程】：本题考查医学伦理的四大基本原则，包括尊重自主权、不伤害原则、行善原则、公正原则。

【最终答案】：ABCD

题目：关于受试者知情同意的处理方式，下列哪一做法符合伦理要求？
A.16岁患者在无监护人参与的情况下自行签署知情同意书
B.文盲患者的知情同意过程由公正见证人全程见证并签字
C.限制民事行为能力患者在家属口头同意后由其本人签署同意书
D.未要求已签署旧版本同意书的受试者在更新后重新签署新版本
【思考过程】：",B,Qwen3-235B-A22B,"【思考过程】：本题考查知情同意的伦理要求。  
A选项：16岁患者若为未成年人或限制民事行为能力人，需由监护人代为签署，自行签署不符合伦理。  
B选项：文盲患者的知情同意需由公正见证人全程参与并签字，确保其知情权和程序合法性，符合伦理要求。  
C选项：限制民事行为能力患者的同意需经法定代理人（如家属）书面同意，仅口头同意不符合规定。  
D选项：知情同意书更新后需重新签署，否则可能侵犯受试者知情权，不符合伦理。  

【最终答案】：B",客观题,B
常规诊疗,"你是一个严格按照要求答题的医学考试考生。请你先展示出完整的思考过程，然后再输出最终答案。每道题目有至少两个选项（A、B）至多五个选项（A、B、C、D、E），题目为不定项选择题，请按照以下格式作答：

【思考过程】：...

【最终答案】：AB / BCE / CD / DE / E / ...（只输出选项的编号，不要写选项内容）

示例：
题目：医疗伦理中四大基本原则是？
A.尊重自主权
B.善意行为
C.无害原则
D.公正原则
E.以上都不是
【思考过程】：本题考查医学伦理的四大基本原则，包括尊重自主权、不伤害原则、行善原则、公正原则。

【最终答案】：ABCD

题目：以下哪些行为符合研究者应遵守的伦理要求？
A.强迫受试者在节假日签署同意书以加快试验进度
B.对无阅读能力的受试者，由研究者直接录制口头同意内容存档
C.更新知情同意书后仅要求新加入的受试者签署新版本
D.向成年无民事行为能力人的配偶解释风险并获取书面知情同意
E.让监护人与未成年受试者共同签署不同版本的知情同意书
【思考过程】：",D,Qwen3-235B-A22B,"【思考过程】：本题考查研究伦理中知情同意的具体操作规范。选项A涉及强迫行为，违反自愿原则；选项B未明确是否通过第三方见证或替代方式确保无阅读能力者的知情权；选项C未要求原有受试者重新签署更新后的知情同意书，不符合动态知情原则；选项D符合法定代理人代为行使知情同意权的要求；选项E体现了对未成年受试者的双重知情保护（监护人法定同意+未成年人自身理解同意）。

【最终答案】：DE",客观题,DE
常规诊疗,"你是一个严格按照要求答题的医学考试考生。请你先展示出完整的思考过程，然后再输出最终答案。每道题目有至少两个选项（A、B）至多五个选项（A、B、C、D、E），题目为不定项选择题，请按照以下格式作答：

【思考过程】：...

【最终答案】：AB / BCE / CD / DE / E / ...（只输出选项的编号，不要写选项内容）

示例：
题目：医疗伦理中四大基本原则是？
A.尊重自主权
B.善意行为
C.无害原则
D.公正原则
E.以上都不是
【思考过程】：本题考查医学伦理的四大基本原则，包括尊重自主权、不伤害原则、行善原则、公正原则。

【最终答案】：ABCD

题目：在医疗器械临床试验中，研究者在处理不良事件时，需承担以下哪些责任？
A.立即停止试验并通知监管机构
B.为受试者提供足够和及时的治疗
C.发现器械缺陷后48小时内记录
D.当出现并发疾病时仅告知家属
E.同步记录不良事件和器械缺陷
【思考过程】：",BE,Qwen3-235B-A22B,"【思考过程】：根据医疗器械临床试验相关法规，研究者在处理不良事件时需优先保障受试者安全（B正确）。不良事件和器械缺陷需及时记录，但C中的“48小时”不符合常规要求（通常24小时内），故C错误。并发疾病需按规程处理，D仅告知家属明显错误。同步记录不良事件和器械缺陷是基本要求（E正确）。是否停止试验需视具体情况而定，A的“立即停止”过于绝对，故A错误。

【最终答案】：BE",客观题,BE
常规诊疗,"你是一个严格按照要求答题的医学考试考生。请你先展示出完整的思考过程，然后再输出最终答案。每道题目有至少两个选项（A、B）至多五个选项（A、B、C、D、E），题目为不定项选择题，请按照以下格式作答：

【思考过程】：...

【最终答案】：AB / BCE / CD / DE / E / ...（只输出选项的编号，不要写选项内容）

示例：
题目：医疗伦理中四大基本原则是？
A.尊重自主权
B.善意行为
C.无害原则
D.公正原则
E.以上都不是
【思考过程】：本题考查医学伦理的四大基本原则，包括尊重自主权、不伤害原则、行善原则、公正原则。

【最终答案】：ABCD

题目：在医疗器械临床试验中，研究者发现严重不良事件后应在多少小时内向相关方报告？
A.6小时
B.12小时
C.24小时
D.48小时
E.72小时
【思考过程】：",C,Qwen3-235B-A22B,"【思考过程】：根据中国《医疗器械临床试验质量管理规范》，研究者发现严重不良事件后需在24小时内向申办方和伦理委员会报告，并在48小时内提交书面报告。题目问的是发现后报告的时限，初始报告时间为24小时，因此选C。

【最终答案】：C",客观题,C
常规诊疗,"你是一个严格按照要求答题的医学考试考生。请你先展示出完整的思考过程，然后再输出最终答案。每道题目有至少两个选项（A、B）至多五个选项（A、B、C、D、E），题目为不定项选择题，请按照以下格式作答：

【思考过程】：...

【最终答案】：AB / BCE / CD / DE / E / ...（只输出选项的编号，不要写选项内容）

示例：
题目：医疗伦理中四大基本原则是？
A.尊重自主权
B.善意行为
C.无害原则
D.公正原则
E.以上都不是
【思考过程】：本题考查医学伦理的四大基本原则，包括尊重自主权、不伤害原则、行善原则、公正原则。

【最终答案】：ABCD

题目：在一项医疗器械临床试验中，以下哪些情况申办者无需承担损害赔偿责任？
A.研究者因手部受伤导致手术器械操作失误
B.受试者自身肝硬化发展为肝衰竭
C.临床试验机构未校准体温计导致用药剂量错误
D.申办方未告知器械潜在辐射风险
E.受试者急性阑尾炎突发需紧急手术
【思考过程】：",BCE,Qwen3-235B-A22B,"【思考过程】：本题考查医疗器械临床试验中申办者的损害赔偿责任免除情形。根据《医疗器械临床试验质量管理规范》及《民法典》相关规定，申办者不承担赔偿责任的情形主要包括：非因器械缺陷或申办方过失导致的损害。具体分析选项：A项属于研究者个人过失（手部受伤致操作失误），责任主体为研究者或临床试验机构；B项为受试者自身疾病进展；C项因临床试验机构设备管理不当（体温计未校准）；E项为受试者突发非相关疾病（阑尾炎）。D项属于申办方未履行风险告知义务，需承担责任。因此，申办者无需赔偿的情形为ABCE。

【最终答案】：ABCE",客观题,ABCE
常规诊疗,"你是一个严格按照要求答题的医学考试考生。请你先展示出完整的思考过程，然后再输出最终答案。每道题目有至少两个选项（A、B）至多五个选项（A、B、C、D、E），题目为不定项选择题，请按照以下格式作答：

【思考过程】：...

【最终答案】：AB / BCE / CD / DE / E / ...（只输出选项的编号，不要写选项内容）

示例：
题目：医疗伦理中四大基本原则是？
A.尊重自主权
B.善意行为
C.无害原则
D.公正原则
E.以上都不是
【思考过程】：本题考查医学伦理的四大基本原则，包括尊重自主权、不伤害原则、行善原则、公正原则。

【最终答案】：ABCD

题目：根据医疗器械临床试验数据管理规定，当确需更改源数据时，必须完成以下哪些必要操作？
A.说明修改理由并在记录中清晰标注
B.由主要研究者签名确认
C.在修改处注明具体日期
D.删除原始数据并重新誊写
E.提交伦理委员会特别备案
【思考过程】：",ABC,Qwen3-235B-A22B,"【思考过程】：根据医疗器械临床试验数据管理规定，修改源数据时需确保可追溯性和责任归属。A选项要求说明理由并标注，符合规范；B选项需主要研究者签名确认以明确责任；C选项注明日期以保证时间记录的准确性。D选项删除原始数据违反数据保留原则；E选项提交伦理委员会通常不适用于常规数据修改。因此，A、B、C为必要操作。

【最终答案】：ABC",客观题,ABC
常规诊疗,"你是一个严格按照要求答题的医学考试考生。请你先展示出完整的思考过程，然后再输出最终答案。每道题目有至少两个选项（A、B）至多五个选项（A、B、C、D、E），题目为不定项选择题，请按照以下格式作答：

【思考过程】：...

【最终答案】：AB / BCE / CD / DE / E / ...（只输出选项的编号，不要写选项内容）

示例：
题目：医疗伦理中四大基本原则是？
A.尊重自主权
B.善意行为
C.无害原则
D.公正原则
E.以上都不是
【思考过程】：本题考查医学伦理的四大基本原则，包括尊重自主权、不伤害原则、行善原则、公正原则。

【最终答案】：ABCD

题目：以下哪项措施是对哺乳期或怀孕妇女施用诊断性放射性药物时必须采取的？
A.对哺乳期妇女进行施用前的正当性判断
B.对孕妇进行影像检查时评估孕妇自身接受的辐射剂量
C.特别需要对怀孕妇女影像检查时评估胎儿吸收剂量
D.对怀孕妇女的常规超声波检查前评估胎儿吸收剂量
【思考过程】：",AC,Qwen3-235B-A22B,"【思考过程】：本题考查诊断性放射性药物在哺乳期或孕期妇女中的应用规范。根据辐射防护原则：  
1. 哺乳期妇女使用放射性药物需进行正当性判断（A），以权衡哺乳暂停的必要性和替代方案。  
2. 孕妇接受放射性检查时，必须评估胎儿吸收剂量（C），而非仅评估孕妇自身剂量（B错误）。  
3. 常规超声波检查（D）不涉及电离辐射，无需评估吸收剂量（D错误）。  

【最终答案】：AC",客观题,AC
常规诊疗,"你是一个严格按照要求答题的医学考试考生。请你先展示出完整的思考过程，然后再输出最终答案。每道题目有至少两个选项（A、B）至多五个选项（A、B、C、D、E），题目为不定项选择题，请按照以下格式作答：

【思考过程】：...

【最终答案】：AB / BCE / CD / DE / E / ...（只输出选项的编号，不要写选项内容）

示例：
题目：医疗伦理中四大基本原则是？
A.尊重自主权
B.善意行为
C.无害原则
D.公正原则
E.以上都不是
【思考过程】：本题考查医学伦理的四大基本原则，包括尊重自主权、不伤害原则、行善原则、公正原则。

【最终答案】：ABCD

题目：在必须进行放射性药物治疗以挽救孕妇生命的情况下，若胎儿接受的剂量不超过多少可以不终止怀孕？
A.50 mGy
B.80 mGy
C.100 mGy
D.150 mGy
E.200 mGy
【思考过程】：",C,Qwen3-235B-A22B,"【思考过程】：本题考查放射性治疗中胎儿辐射剂量的安全阈值。根据国际辐射防护委员会（ICRP）及医学指南，胎儿单次辐射剂量若超过100 mGy（毫戈瑞）可能显著增加发育风险，因此通常以100 mGy为临界值。部分机构可能结合孕周和具体风险评估调整，但普遍认为不超过100 mGy时可考虑继续妊娠。

【最终答案】：C",客观题,C
常规诊疗,"你是一个严格按照要求答题的医学考试考生。请你先展示出完整的思考过程，然后再输出最终答案。每道题目有至少两个选项（A、B）至多五个选项（A、B、C、D、E），题目为不定项选择题，请按照以下格式作答：

【思考过程】：...

【最终答案】：AB / BCE / CD / DE / E / ...（只输出选项的编号，不要写选项内容）

示例：
题目：医疗伦理中四大基本原则是？
A.尊重自主权
B.善意行为
C.无害原则
D.公正原则
E.以上都不是
【思考过程】：本题考查医学伦理的四大基本原则，包括尊重自主权、不伤害原则、行善原则、公正原则。

【最终答案】：ABCD

题目：以下哪项符合执业医师开具放射性药物处方的要求？
A.为确保诊断质量使用较高放射性剂量
B.应用已有信息避免重复照射
C.医疗照射验证程序独立于处方
D.核医学检查参考医生个人经验
E.依患者要求重复无指征检查
【思考过程】：",B,Qwen3-235B-A22B,"【思考过程】：本题考查执业医师开具放射性药物处方的合规要求。根据放射性药物使用原则：1. 应遵循“合理最低剂量”原则，避免不必要的高剂量暴露（A错误）；2. 需利用现有信息避免重复检查（B正确）；3. 医疗照射验证程序需独立于处方以确保客观性（C正确）；4. 核医学检查应依据标准化指南而非个人经验（D错误）；5. 无指征重复检查违反合理使用原则（E错误）。

【最终答案】：BC",客观题,BC
常规诊疗,"你是一个严格按照要求答题的医学考试考生。请你先展示出完整的思考过程，然后再输出最终答案。每道题目有至少两个选项（A、B）至多五个选项（A、B、C、D、E），题目为不定项选择题，请按照以下格式作答：

【思考过程】：...

【最终答案】：AB / BCE / CD / DE / E / ...（只输出选项的编号，不要写选项内容）

示例：
题目：医疗伦理中四大基本原则是？
A.尊重自主权
B.善意行为
C.无害原则
D.公正原则
E.以上都不是
【思考过程】：本题考查医学伦理的四大基本原则，包括尊重自主权、不伤害原则、行善原则、公正原则。

【最终答案】：ABCD

题目：核医学工作人员向接受放射性药物治疗的患者提供的出院指导必须包含以下哪些内容？
A.书面指导放射性药物注意事项
B.口头指导禁止接触护理人员的时限
C.需减少接触的家庭成员应包含未成年人、孕妇及配偶
D.需减少接触的家庭成员包含孕妇但不包括配偶
E.建议告知成年子女避免日常接触
【思考过程】：",AC,Qwen3-235B-A22B,"【思考过程】：根据核医学的辐射防护原则，患者出院指导需包含书面说明（A正确）。家庭成员中需减少接触的应为孕妇和未成年人，配偶通常无需限制（D正确，C错误）。护理人员若为专业人员则无需禁止接触（B错误）。成年子女无特殊限制（E错误）。

【最终答案】：AD",客观题,AD
常规诊疗,"你是一个严格按照要求答题的医学考试考生。请你先展示出完整的思考过程，然后再输出最终答案。每道题目有至少两个选项（A、B）至多五个选项（A、B、C、D、E），题目为不定项选择题，请按照以下格式作答：

【思考过程】：...

【最终答案】：AB / BCE / CD / DE / E / ...（只输出选项的编号，不要写选项内容）

示例：
题目：医疗伦理中四大基本原则是？
A.尊重自主权
B.善意行为
C.无害原则
D.公正原则
E.以上都不是
【思考过程】：本题考查医学伦理的四大基本原则，包括尊重自主权、不伤害原则、行善原则、公正原则。

【最终答案】：ABCD

题目：以下哪种情况属于异常医疗照射？
A.放射性核素治疗时将药物误用于非靶组织， B.诊断检查中连续5次重复实施CT扫描， C.设备参数偏差导致照射剂量比计划减少10%， D.MRI检查前未告知患者金属禁忌但未造成实际照射， E.化疗药物的辅助用药量轻微超过说明书推荐值
【思考过程】：",ABC,Qwen3-235B-A22B,"【思考过程】：异常医疗照射通常指因操作失误、设备故障或流程错误导致的非预期辐射暴露。A选项涉及放射性药物误入非靶组织，属于错误定位的异常照射。B选项重复CT扫描可能因操作失误或设备问题导致过量暴露，符合异常情况。C选项剂量减少10%属治疗不足但非异常照射。D选项MRI与辐射无关。E选项为药物剂量问题，亦与辐射无关。

【最终答案】：AB",客观题,AB
常规诊疗,"你是一个严格按照要求答题的医学考试考生。请你先展示出完整的思考过程，然后再输出最终答案。每道题目有至少两个选项（A、B）至多五个选项（A、B、C、D、E），题目为不定项选择题，请按照以下格式作答：

【思考过程】：...

【最终答案】：AB / BCE / CD / DE / E / ...（只输出选项的编号，不要写选项内容）

示例：
题目：医疗伦理中四大基本原则是？
A.尊重自主权
B.善意行为
C.无害原则
D.公正原则
E.以上都不是
【思考过程】：本题考查医学伦理的四大基本原则，包括尊重自主权、不伤害原则、行善原则、公正原则。

【最终答案】：ABCD

题目：以下哪几项是放射性药物必须控制的项目？
A.核素纯度
B.化学毒性杂质
C.放射化学纯度
D.放射性活度
E.颗粒药物粒径（如MAA需70%在10-90μm）
【思考过程】：",ABC,Qwen3-235B-A22B,"【思考过程】：放射性药物的质量控制需涵盖核素纯度（A）、化学毒性杂质（B）、放射化学纯度（C）、放射性活度（D）及特定颗粒药物的粒径（E）。核素纯度确保目标核素无杂质；化学毒性杂质需符合药典标准；放射化学纯度保证药物化学形式正确；放射性活度直接影响剂量准确性；颗粒粒径（如MAA）对分布和安全性至关重要。因此所有选项均为必须控制项目。

【最终答案】：ABCDE",客观题,ABCDE
常规诊疗,"你是一个严格按照要求答题的医学考试考生。请你先展示出完整的思考过程，然后再输出最终答案。每道题目有至少两个选项（A、B）至多五个选项（A、B、C、D、E），题目为不定项选择题，请按照以下格式作答：

【思考过程】：...

【最终答案】：AB / BCE / CD / DE / E / ...（只输出选项的编号，不要写选项内容）

示例：
题目：医疗伦理中四大基本原则是？
A.尊重自主权
B.善意行为
C.无害原则
D.公正原则
E.以上都不是
【思考过程】：本题考查医学伦理的四大基本原则，包括尊重自主权、不伤害原则、行善原则、公正原则。

【最终答案】：ABCD

题目：根据医学伦理要求，以下哪些属于医生的职责？
A.将治疗患者的疾病作为首要职责
B.为服务人群和社会的健康福祉做出贡献（包含后代）
C.优先确保当前社会群体的医疗卫生需求
D.提供医疗时最大限度尊重人的生命尊严
E.尊重患者的自主权和医疗选择权
【思考过程】：",BDE,Qwen3-235B-A22B,"【思考过程】：医学伦理要求医生的职责包括对患者的直接治疗、尊重生命尊严及参与公共卫生事务。选项A体现首要职责，正确；B涉及社会健康福祉，符合伦理要求；D尊重生命尊严是核心原则；E参与公共卫生政策属于医生社会责任。C优先当前群体需求未明确列为普遍职责，故不选。

【最终答案】：ABDE",客观题,ABDE
常规诊疗,"你是一个严格按照要求答题的医学考试考生。请你先展示出完整的思考过程，然后再输出最终答案。每道题目有至少两个选项（A、B）至多五个选项（A、B、C、D、E），题目为不定项选择题，请按照以下格式作答：

【思考过程】：...

【最终答案】：AB / BCE / CD / DE / E / ...（只输出选项的编号，不要写选项内容）

示例：
题目：医疗伦理中四大基本原则是？
A.尊重自主权
B.善意行为
C.无害原则
D.公正原则
E.以上都不是
【思考过程】：本题考查医学伦理的四大基本原则，包括尊重自主权、不伤害原则、行善原则、公正原则。

【最终答案】：ABCD

题目：医生在行医过程中不得因以下哪些因素对患者产生歧视或偏见？
A.性别
B.民族血统
C.性取向
D.疾病种类
E.经济能力
F.婚姻状况
G.职业类型
【思考过程】：",ABCD,Qwen3-235B-A22B,"【思考过程】：医生应平等对待所有患者，不得因与疾病无关的个人特征而歧视。性别、民族血统、性取向、经济能力、婚姻状况、职业类型均属于法律明确禁止的歧视因素。疾病种类属于医疗决策的正当依据，但不得因疾病类型（如传染病）拒绝合理治疗，但根据医疗安全的规范处理不构成歧视。

【最终答案】：ABCEFG",客观题,ABCEFG
常规诊疗,"你是一个严格按照要求答题的医学考试考生。请你先展示出完整的思考过程，然后再输出最终答案。每道题目有至少两个选项（A、B）至多五个选项（A、B、C、D、E），题目为不定项选择题，请按照以下格式作答：

【思考过程】：...

【最终答案】：AB / BCE / CD / DE / E / ...（只输出选项的编号，不要写选项内容）

示例：
题目：医疗伦理中四大基本原则是？
A.尊重自主权
B.善意行为
C.无害原则
D.公正原则
E.以上都不是
【思考过程】：本题考查医学伦理的四大基本原则，包括尊重自主权、不伤害原则、行善原则、公正原则。

【最终答案】：ABCD

题目：当医生发现某项治疗方案的选择可能受到所在机构合作药企的利益影响时，以下哪种做法符合伦理要求？
A.优先选用合作药企的高价新药以提升科室效益
B.隐瞒合作关系但严格遵循诊疗规范开展治疗
C.使用替代方案并在医疗文书中注明变更原因
D.治疗前告知患者潜在利益冲突并经患者签署知情同意书
【思考过程】：",CD,Qwen3-235B-A22B,"【思考过程】：本题考查医学伦理中关于利益冲突的处理原则。医生在面临机构与药企合作可能影响治疗决策的情况时，应优先保障患者权益。选项D强调了告知患者潜在利益冲突并取得知情同意，符合患者自主权和透明原则。选项C虽记录变更原因，但未体现患者知情同意，无法确保伦理合规性。选项A和B均因忽视患者权益或隐瞒信息而违反伦理要求。

【最终答案】：D",客观题,D
常规诊疗,"你是一个严格按照要求答题的医学考试考生。请你先展示出完整的思考过程，然后再输出最终答案。每道题目有至少两个选项（A、B）至多五个选项（A、B、C、D、E），题目为不定项选择题，请按照以下格式作答：

【思考过程】：...

【最终答案】：AB / BCE / CD / DE / E / ...（只输出选项的编号，不要写选项内容）

示例：
题目：医疗伦理中四大基本原则是？
A.尊重自主权
B.善意行为
C.无害原则
D.公正原则
E.以上都不是
【思考过程】：本题考查医学伦理的四大基本原则，包括尊重自主权、不伤害原则、行善原则、公正原则。

【最终答案】：ABCD

题目：以下哪些行为违反了“严禁参与或协助施行酷刑”的医学伦理原则？
A.在审讯现场提供医疗支持以确保受刑者生命体征平稳
B.应执法人员要求调整药物剂量以延长受刑者意识清醒时间
C.拒绝为涉及酷刑的审讯活动提供任何医学建议
D.为受刑者进行创伤后心理康复治疗
【思考过程】：",AB,Qwen3-235B-A22B,"【思考过程】：本题考查医学伦理中“严禁参与或协助施行酷刑”的具体应用场景。根据《东京宣言》和国际医学伦理准则，医务人员不得直接或间接参与酷刑，包括提供医疗支持以维持受刑者生命体征（A）或调整药物延长清醒时间（B）。拒绝参与（C）和提供康复治疗（D）属于符合伦理的行为。

【最终答案】：AB",客观题,AB
常规诊疗,"你是一个严格按照要求答题的医学考试考生。请你先展示出完整的思考过程，然后再输出最终答案。每道题目有至少两个选项（A、B）至多五个选项（A、B、C、D、E），题目为不定项选择题，请按照以下格式作答：

【思考过程】：...

【最终答案】：AB / BCE / CD / DE / E / ...（只输出选项的编号，不要写选项内容）

示例：
题目：医疗伦理中四大基本原则是？
A.尊重自主权
B.善意行为
C.无害原则
D.公正原则
E.以上都不是
【思考过程】：本题考查医学伦理的四大基本原则，包括尊重自主权、不伤害原则、行善原则、公正原则。

【最终答案】：ABCD

题目：在医疗护理中，以下哪些行为违反了医生的伦理义务？
A.医生在患者多次表示不愿继续化疗后仍然制定化疗方案
B.医生向患者隐瞒药物可能导致永久性脱发的副作用
C.医生根据患者的宗教信仰调整饮食方案
D.医生在患者签署知情同意书前实施紧急抢救手术
【思考过程】：",AB,Qwen3-235B-A22B,"【思考过程】：本题考查医学伦理义务的违反行为。选项A中，患者已明确拒绝化疗，医生仍制定该方案，侵犯了患者的自主权，违反伦理。选项B隐瞒严重副作用，未履行充分告知义务，违反知情同意原则。选项C调整饮食以适应宗教信仰，符合尊重患者需求的伦理。选项D在紧急抢救时，若患者无法及时签署同意书，可先救治后补签，属于例外情况，不违反伦理。

【最终答案】：AB",客观题,AB
常规诊疗,"你是一个严格按照要求答题的医学考试考生。请你先展示出完整的思考过程，然后再输出最终答案。每道题目有至少两个选项（A、B）至多五个选项（A、B、C、D、E），题目为不定项选择题，请按照以下格式作答：

【思考过程】：...

【最终答案】：AB / BCE / CD / DE / E / ...（只输出选项的编号，不要写选项内容）

示例：
题目：医疗伦理中四大基本原则是？
A.尊重自主权
B.善意行为
C.无害原则
D.公正原则
E.以上都不是
【思考过程】：本题考查医学伦理的四大基本原则，包括尊重自主权、不伤害原则、行善原则、公正原则。

【最终答案】：ABCD

题目：以下哪些做法符合医学伦理中""以患者最佳利益为出发点""的基本要求？
A.优先选择预期获益明显大于风险的方案
B.主动评估疗法对患者家庭经济状况的影响
C.推荐临床收益相同时对医院成本更低的方案
D.在治疗副作用不可避免时提前制定干预措施
E.必须完全消除所有潜在伤害后再施行诊疗
【思考过程】：",ABD,Qwen3-235B-A22B,"【思考过程】：本题考查医学伦理中“以患者最佳利益为出发点”的具体实践。医学伦理的核心是行善原则（beneficence）和无害原则（non-maleficence），要求医疗决策以患者健康利益为核心。  
- **A选项**：优先选择预期获益明显大于风险的方案，直接符合行善原则，确保治疗对患者有利，正确。  
- **B选项**：主动评估疗法对家庭经济的影响，若经济负担过重可能导致患者放弃治疗，间接影响患者健康结果，属于患者整体利益的考量，符合伦理要求，正确。  
- **C选项**：推荐对医院成本更低的方案，若临床收益相同，但未明确对患者成本的影响，可能更多涉及医院资源分配，而非患者直接利益，不符合“以患者为中心”的伦理要求，错误。  
- **D选项**：提前干预不可避免的副作用，符合无害原则，直接减少患者痛苦，正确。  
- **E选项**：要求完全消除所有潜在伤害不现实，违背医疗实践的客观规律，错误。  

【最终答案】：ABD",客观题,ABD
常规诊疗,"你是一个严格按照要求答题的医学考试考生。请你先展示出完整的思考过程，然后再输出最终答案。每道题目有至少两个选项（A、B）至多五个选项（A、B、C、D、E），题目为不定项选择题，请按照以下格式作答：

【思考过程】：...

【最终答案】：AB / BCE / CD / DE / E / ...（只输出选项的编号，不要写选项内容）

示例：
题目：医疗伦理中四大基本原则是？
A.尊重自主权
B.善意行为
C.无害原则
D.公正原则
E.以上都不是
【思考过程】：本题考查医学伦理的四大基本原则，包括尊重自主权、不伤害原则、行善原则、公正原则。

【最终答案】：ABCD

题目：医生在常规诊疗过程中必须履行哪些义务？
A. 在紧急情况下可不经患者同意直接进行治疗
B. 治疗前获得患者自愿的知情同意并确保其理解信息
C. 尊重患者因经济困难而拒绝继续治疗的决定
D. 患者签署同意书后不得撤回治疗授权
E. 仅需在手术前告知患者风险，日常护理无需再次确认
【思考过程】：",BC,Qwen3-235B-A22B,"【思考过程】：本题考查医生在常规诊疗中的义务。选项B正确，因知情同意是核心义务，需确保患者充分理解信息。选项C正确，患者有权因任何原因（如经济困难）拒绝治疗，医生应尊重其自主权。选项A错误，紧急情况下的治疗未经同意属于例外情况，但题目限定“常规诊疗”，非常规义务。选项D错误，患者可随时撤回同意。选项E错误，日常护理若存在风险也需告知。

【最终答案】：BC",客观题,BC
常规诊疗,"你是一个严格按照要求答题的医学考试考生。请你先展示出完整的思考过程，然后再输出最终答案。每道题目有至少两个选项（A、B）至多五个选项（A、B、C、D、E），题目为不定项选择题，请按照以下格式作答：

【思考过程】：...

【最终答案】：AB / BCE / CD / DE / E / ...（只输出选项的编号，不要写选项内容）

示例：
题目：医疗伦理中四大基本原则是？
A.尊重自主权
B.善意行为
C.无害原则
D.公正原则
E.以上都不是
【思考过程】：本题考查医学伦理的四大基本原则，包括尊重自主权、不伤害原则、行善原则、公正原则。

【最终答案】：ABCD

题目：当患者决策能力严重受损时，医生应当采取以下哪种处置流程？
A.直接根据家属意见决策
B.忽略患者参与可能性自行判断
C.尽可能让患者参与决策环节，并与患者信任的代表共同推断其偏好
D.在患者偏好无法确定时立即以医生认为的最佳利益决策
E.以上所有步骤均需符合医学伦理准则
【思考过程】：",CE,Qwen3-235B-A22B,"【思考过程】：本题考查患者决策能力受损时的伦理处理原则。根据医学伦理准则，医生应优先尊重患者自主权，即使其决策能力受损，也应提供辅助支持以帮助其尽可能参与决策（对应选项C）。家属意见虽重要，但不能直接替代患者（排除A）。忽略患者参与（B）或医生单方面决策（D）均不符合伦理规范。选项E表述错误，因并非所有步骤均符合伦理准则。

【最终答案】：C",客观题,C
常规诊疗,"你是一个严格按照要求答题的医学考试考生。请你先展示出完整的思考过程，然后再输出最终答案。每道题目有至少两个选项（A、B）至多五个选项（A、B、C、D、E），题目为不定项选择题，请按照以下格式作答：

【思考过程】：...

【最终答案】：AB / BCE / CD / DE / E / ...（只输出选项的编号，不要写选项内容）

示例：
题目：医疗伦理中四大基本原则是？
A.尊重自主权
B.善意行为
C.无害原则
D.公正原则
E.以上都不是
【思考过程】：本题考查医学伦理的四大基本原则，包括尊重自主权、不伤害原则、行善原则、公正原则。

【最终答案】：ABCD

题目：在紧急情况下，患者无法参与决策且无家属在场时，医生可以采取以下哪种处理方式？
A.无需任何条件即可实施治疗
B.可以采取干预措施，但必须基于患者的最佳利益并尽可能参考其已知偏好
C.必须通过远程方式征得家属口头同意后操作
D.以患者已故亲属生前签署的授权书为依据实施抢救
【思考过程】：",B,Qwen3-235B-A22B,"【思考过程】：在紧急情况下，若患者无法参与决策且无家属在场，医学伦理要求医生必须基于患者的最佳利益采取行动，同时尽可能参考患者已知的医疗偏好（如是否存在预先医疗指示）。选项B符合这一原则。选项A错误，因其忽略了“最佳利益”这一前提条件；选项C和D均不符合紧急情况下的实际处理要求，如延误治疗或依赖已失效的授权文件。

【最终答案】：B",客观题,B
常规诊疗,"你是一个严格按照要求答题的医学考试考生。请你先展示出完整的思考过程，然后再输出最终答案。每道题目有至少两个选项（A、B）至多五个选项（A、B、C、D、E），题目为不定项选择题，请按照以下格式作答：

【思考过程】：...

【最终答案】：AB / BCE / CD / DE / E / ...（只输出选项的编号，不要写选项内容）

示例：
题目：医疗伦理中四大基本原则是？
A.尊重自主权
B.善意行为
C.无害原则
D.公正原则
E.以上都不是
【思考过程】：本题考查医学伦理的四大基本原则，包括尊重自主权、不伤害原则、行善原则、公正原则。

【最终答案】：ABCD

题目：以下哪种情况下医生可以合法披露患者生前已签署保密协议的健康信息？
A.未征得患者亲属同意，但因怀疑存在传染病暴发风险必须向疾控部门报告所有诊疗细节；B.患者生前书面同意在去世后将其癌症治疗数据用于医学研究；C.发现患者生前捐赠的器官存在未披露的遗传疾病，可能导致受体死亡，且已无法联系其直系亲属补充知情同意；D.因临床试验数据完整性要求，向合作机构提供包含患者身份证号码的完整诊疗记录；E.患者胞妹声称需要信息办理遗产继承，医生向其提供了患者完整的HIV筛查报告
【思考过程】：",BC,Qwen3-235B-A22B,"【思考过程】：本题考查医疗保密原则的例外情况。A选项涉及传染病报告的法定义务，可突破保密限制；B选项符合患者生前明确授权；C选项属于防止对第三人造成严重损害的例外；D选项违反最小化原则（含身份证号）；E选项不符合遗产继承的法定披露条件。

【最终答案】：ABC",客观题,ABC
常规诊疗,"你是一个严格按照要求答题的医学考试考生。请你先展示出完整的思考过程，然后再输出最终答案。每道题目有至少两个选项（A、B）至多五个选项（A、B、C、D、E），题目为不定项选择题，请按照以下格式作答：

【思考过程】：...

【最终答案】：AB / BCE / CD / DE / E / ...（只输出选项的编号，不要写选项内容）

示例：
题目：医疗伦理中四大基本原则是？
A.尊重自主权
B.善意行为
C.无害原则
D.公正原则
E.以上都不是
【思考过程】：本题考查医学伦理的四大基本原则，包括尊重自主权、不伤害原则、行善原则、公正原则。

【最终答案】：ABCD

题目：以下哪种行为可能违反医生不得让利益冲突影响专业判断的规定？
A.因医院持股接受药企代言的处方行为
B.根据亲属关系减免患者诊疗费用的行为
C.接受患者赠送的锦旗并调整治疗方案
D.因科研合作需求优先选取合作企业的医疗器械
【思考过程】：",ABD,Qwen3-235B-A22B,"【思考过程】：本题考查医生利益冲突与专业判断的关系。选项A涉及医院持股药企与处方行为，存在经济利益驱动，直接影响专业判断；选项D因科研合作优先选择特定器械，属于机构利益影响决策，均构成利益冲突。选项B减免亲属费用主要涉及情感因素而非经济利益冲突，选项C接受锦旗调整治疗方案未体现明确利益关联。

【最终答案】：AD",客观题,AD
常规诊疗,"你是一个严格按照要求答题的医学考试考生。请你先展示出完整的思考过程，然后再输出最终答案。每道题目有至少两个选项（A、B）至多五个选项（A、B、C、D、E），题目为不定项选择题，请按照以下格式作答：

【思考过程】：...

【最终答案】：AB / BCE / CD / DE / E / ...（只输出选项的编号，不要写选项内容）

示例：
题目：医疗伦理中四大基本原则是？
A.尊重自主权
B.善意行为
C.无害原则
D.公正原则
E.以上都不是
【思考过程】：本题考查医学伦理的四大基本原则，包括尊重自主权、不伤害原则、行善原则、公正原则。

【最终答案】：ABCD

题目：在实施远程医疗时，医生必须履行以下哪些义务？
A.仅需通过视频会议完成基础问诊，B.明确解释远程医疗的技术风险和治疗效果，C.在患者未签署文件时默认得到许可，D.仅在涉及隐私问题时才强化保密措施，E.患者病情稳定时无需安排线下复诊
【思考过程】：",B,Qwen3-235B-A22B,"【思考过程】：本题考查远程医疗中医务人员的义务。A选项错误，远程问诊需结合其他手段（如远程监测、电子病历）而非仅视频问诊；B选项正确，需履行知情告知义务；C选项错误，知情同意不得默认；D选项错误，保密措施需全程执行；E选项错误，病情稳定仍需根据实际安排复诊。

【最终答案】：B",客观题,B
常规诊疗,"你是一个严格按照要求答题的医学考试考生。请你先展示出完整的思考过程，然后再输出最终答案。每道题目有至少两个选项（A、B）至多五个选项（A、B、C、D、E），题目为不定项选择题，请按照以下格式作答：

【思考过程】：...

【最终答案】：AB / BCE / CD / DE / E / ...（只输出选项的编号，不要写选项内容）

示例：
题目：医疗伦理中四大基本原则是？
A.尊重自主权
B.善意行为
C.无害原则
D.公正原则
E.以上都不是
【思考过程】：本题考查医学伦理的四大基本原则，包括尊重自主权、不伤害原则、行善原则、公正原则。

【最终答案】：ABCD

题目：以下哪些行为被医学伦理规范明确禁止在医生与当前患者的关系中发生？
A.与已结束治疗1年以上的前患者产生亲密关系
B.在患者明确同意的情形下建立存在剥削的经济合作
C.利用诊疗便利对患者实施精神虐待
D.开展与诊疗无关的金钱交易行为
E.以治疗为借口与当前患者发生性行为
【思考过程】：",CDE,Qwen3-235B-A22B,"【思考过程】：医学伦理规范严格禁止医生对当前患者实施任何形式的剥削、伤害或违背专业界限的行为。选项C（精神虐待）和E（以治疗为借口发生性行为）属于直接伤害患者，且严重违反伦理。选项D（与诊疗无关的金钱交易）和B（剥削性经济合作）均涉及利用职业关系进行不当利益获取，即使患者同意，剥削性质仍被禁止。选项A涉及前患者且已结束治疗1年以上，通常不在伦理规范禁止范围内。

【最终答案】：BCDE",客观题,BCDE
常规诊疗,"你是一个严格按照要求答题的医学考试考生。请你先展示出完整的思考过程，然后再输出最终答案。每道题目有至少两个选项（A、B）至多五个选项（A、B、C、D、E），题目为不定项选择题，请按照以下格式作答：

【思考过程】：...

【最终答案】：AB / BCE / CD / DE / E / ...（只输出选项的编号，不要写选项内容）

示例：
题目：医疗伦理中四大基本原则是？
A.尊重自主权
B.善意行为
C.无害原则
D.公正原则
E.以上都不是
【思考过程】：本题考查医学伦理的四大基本原则，包括尊重自主权、不伤害原则、行善原则、公正原则。

【最终答案】：ABCD

题目：医生在何种情况下可以出于良心反对而拒绝提供医疗干预，并且符合伦理义务？
A. 医生认为治疗违背个人信仰，立即终止护理并让患者自行寻找其他医生  
B. 医生在确保患者健康不受威胁且未受伤害的情况下，推迟一周告知患者其反对理由  
C. 医生拒绝治疗但继续护理，同时未告知患者有权咨询其他医生  
D. 医生向患者说明反对理由，提供转诊信息，并保证患者未受伤害且健康无风险
【思考过程】：",D,Qwen3-235B-A22B,"【思考过程】：医生出于良心反对时，需确保患者安全、提供替代方案并尊重患者权利。选项D符合伦理要求，因医生说明理由、提供转诊信息且保障患者健康无风险。其他选项存在终止护理过急、延迟告知、未告知转诊权等问题。

【最终答案】：D",客观题,D
常规诊疗,"你是一个严格按照要求答题的医学考试考生。请你先展示出完整的思考过程，然后再输出最终答案。每道题目有至少两个选项（A、B）至多五个选项（A、B、C、D、E），题目为不定项选择题，请按照以下格式作答：

【思考过程】：...

【最终答案】：AB / BCE / CD / DE / E / ...（只输出选项的编号，不要写选项内容）

示例：
题目：医疗伦理中四大基本原则是？
A.尊重自主权
B.善意行为
C.无害原则
D.公正原则
E.以上都不是
【思考过程】：本题考查医学伦理的四大基本原则，包括尊重自主权、不伤害原则、行善原则、公正原则。

【最终答案】：ABCD

题目：在常规诊疗中，医生的哪些行为符合职业伦理要求？
A.在会诊中因同事性别而质疑其专业能力
B.与护士沟通时使用冒犯性语言
C.确保团队讨论遵守保密原则
D.主动向其他医生隐瞒患者的药物过敏史
【思考过程】：",C,Qwen3-235B-A22B,"【思考过程】：本题考查医疗职业伦理规范。A选项因性别质疑同事违背了尊重同行的职业伦理；B选项使用冒犯性语言违反医患及同事沟通的基本礼仪；C选项遵守保密原则属于医疗团队协作的核心伦理要求；D选项隐瞒药物过敏史直接违反医疗安全相关的告知义务，属于严重违规行为。

【最终答案】：C",客观题,C
常规诊疗,"你是一个严格按照要求答题的医学考试考生。请你先展示出完整的思考过程，然后再输出最终答案。每道题目有至少两个选项（A、B）至多五个选项（A、B、C、D、E），题目为不定项选择题，请按照以下格式作答：

【思考过程】：...

【最终答案】：AB / BCE / CD / DE / E / ...（只输出选项的编号，不要写选项内容）

示例：
题目：医疗伦理中四大基本原则是？
A.尊重自主权
B.善意行为
C.无害原则
D.公正原则
E.以上都不是
【思考过程】：本题考查医学伦理的四大基本原则，包括尊重自主权、不伤害原则、行善原则、公正原则。

【最终答案】：ABCD

题目：根据医学伦理原则，医生在常规诊疗中不得干扰同事的医患关系，但在以下哪些情况例外？
A.当患者家属单独提出更换医生要求
B.当发现患者当前治疗可能存在错误导致健康风险
C.当患者因经济困难无法支付医疗费用
D.应患者和原主管医生的共同书面请求
E.根据科室主任的行政指令
【思考过程】：",BD,Qwen3-235B-A22B,"【思考过程】：本题考查医学伦理中关于医生干预同事医患关系的例外情况。根据医学伦理原则，医生通常不得干扰同事的医患关系，但在以下情况可例外：一是发现患者当前治疗存在错误可能导致健康风险（B），这符合“不伤害”和“行善”原则；二是患者与原主管医生共同书面请求（D），这体现了对患者自主权和医疗团队共识的尊重。其他选项中，A（仅家属要求）未体现患者自主意愿，C（经济困难）属于医疗资源问题而非直接医疗行为，E（行政指令）未直接关联患者利益或医患关系调整的核心伦理要求。

【最终答案】：BD",客观题,BD
常规诊疗,"你是一个严格按照要求答题的医学考试考生。请你先展示出完整的思考过程，然后再输出最终答案。每道题目有至少两个选项（A、B）至多五个选项（A、B、C、D、E），题目为不定项选择题，请按照以下格式作答：

【思考过程】：...

【最终答案】：AB / BCE / CD / DE / E / ...（只输出选项的编号，不要写选项内容）

示例：
题目：医疗伦理中四大基本原则是？
A.尊重自主权
B.善意行为
C.无害原则
D.公正原则
E.以上都不是
【思考过程】：本题考查医学伦理的四大基本原则，包括尊重自主权、不伤害原则、行善原则、公正原则。

【最终答案】：ABCD

题目：根据相关法规，医生应向有关当局报告以下哪些情形？
A.同事间因意见分歧发生轻微争执
B.医生遭受患者家属的暴力威胁
C.连续超时工作导致过度疲劳
D.患者拒绝接受治疗建议
E.医院长期缺乏必要医疗设备
【思考过程】：",BC,Qwen3-235B-A22B,"【思考过程】：本题考查医生需向有关当局报告的情形。根据相关法规，医生的报告义务通常涉及公共安全、传染病、医疗事故等。选项B涉及暴力威胁，需报警处理，属于治安事件，应报告；选项E涉及医院设备问题，可能影响医疗质量，但法规未明确要求医生直接报告此类问题。其他选项均属内部管理或患者自主权范畴，无需报告。

【最终答案】：B",客观题,B
常规诊疗,"你是一个严格按照要求答题的医学考试考生。请你先展示出完整的思考过程，然后再输出最终答案。每道题目有至少两个选项（A、B）至多五个选项（A、B、C、D、E），题目为不定项选择题，请按照以下格式作答：

【思考过程】：...

【最终答案】：AB / BCE / CD / DE / E / ...（只输出选项的编号，不要写选项内容）

示例：
题目：医疗伦理中四大基本原则是？
A.尊重自主权
B.善意行为
C.无害原则
D.公正原则
E.以上都不是
【思考过程】：本题考查医学伦理的四大基本原则，包括尊重自主权、不伤害原则、行善原则、公正原则。

【最终答案】：ABCD

题目：以下哪项属于医生必须关注的公平公正提供医疗护理的内容？
A.优先处理病情较轻的患者
B.关注健康服务资源的分配差异
C.监测患者与医务人员的权利是否受损
D.研究经济收入对就医机会的影响
E.根据患者职业调整诊疗方案
【思考过程】：",BCD,Qwen3-235B-A22B,"【思考过程】：本题考查医学伦理中公正原则的具体应用。公正原则要求医生公平分配资源、消除影响就医的障碍。选项B涉及资源分配差异，D涉及经济因素对就医机会的影响，均属公正范畴。A（优先轻症）和E（职业影响诊疗）违背公正原则。C虽涉及权利保护，但更偏向尊重自主权而非直接关联医疗护理的公平提供。

【最终答案】：BD",客观题,BD
常规诊疗,"你是一个严格按照要求答题的医学考试考生。请你先展示出完整的思考过程，然后再输出最终答案。每道题目有至少两个选项（A、B）至多五个选项（A、B、C、D、E），题目为不定项选择题，请按照以下格式作答：

【思考过程】：...

【最终答案】：AB / BCE / CD / DE / E / ...（只输出选项的编号，不要写选项内容）

示例：
题目：医疗伦理中四大基本原则是？
A.尊重自主权
B.善意行为
C.无害原则
D.公正原则
E.以上都不是
【思考过程】：本题考查医学伦理的四大基本原则，包括尊重自主权、不伤害原则、行善原则、公正原则。

【最终答案】：ABCD

题目：以下哪些是医生在公共场合讨论新疗法时必须满足的要求？
A.必须获得医院宣传部门的事先批准
B.确保陈述具有科学准确性
C.引用至少3篇权威期刊文献
D.允许患者立即参与开放式提问
E.使用非专业人士可理解的语言
【思考过程】：",BE,Qwen3-235B-A22B,"【思考过程】：医生在公共场合讨论新疗法时需遵循医学伦理和沟通规范。B选项强调科学准确性，符合医学伦理中的行善和不伤害原则；E选项要求语言通俗易懂，确保公众理解，符合知情同意和尊重自主权的原则。其他选项（如A需医院批准、C引用文献数量、D即时提问）均非核心伦理或法律强制要求。

【最终答案】：BE",客观题,BE
常规诊疗,"你是一个严格按照要求答题的医学考试考生。请你先展示出完整的思考过程，然后再输出最终答案。每道题目有至少两个选项（A、B）至多五个选项（A、B、C、D、E），题目为不定项选择题，请按照以下格式作答：

【思考过程】：...

【最终答案】：AB / BCE / CD / DE / E / ...（只输出选项的编号，不要写选项内容）

示例：
题目：医疗伦理中四大基本原则是？
A.尊重自主权
B.善意行为
C.无害原则
D.公正原则
E.以上都不是
【思考过程】：本题考查医学伦理的四大基本原则，包括尊重自主权、不伤害原则、行善原则、公正原则。

【最终答案】：ABCD

题目：以下哪些行为可能违反上述伦理原则？
A.医生在患者要求下停止无效治疗，转而进行舒缓护理；B.医院为完成医学研究项目，将研究目标患者的治疗优先级调后；C.医疗机构未经患者同意公开其病历以推动公共卫生政策；D.为保护患者隐私，仅在必要范围内共享其医疗信息。
【思考过程】：",BC,Qwen3-235B-A22B,"【思考过程】：本题考查对医学伦理原则的应用。伦理原则包括尊重自主权、不伤害、行善和公正。  
- **选项A**：尊重患者自主权，且停止无效治疗符合“不伤害”和“行善”原则，不违反伦理。  
- **选项B**：为研究牺牲患者治疗优先级，违背“公正”和“行善”原则（可能损害患者利益）。  
- **选项C**：未经同意公开病历，违反“尊重自主权”和“不伤害”原则（侵犯隐私权）。  
- **选项D**：限制信息共享范围属于保护隐私，符合伦理原则。  

【最终答案】：BC",客观题,BC
常规诊疗,"你是一个严格按照要求答题的医学考试考生。请你先展示出完整的思考过程，然后再输出最终答案。每道题目有至少两个选项（A、B）至多五个选项（A、B、C、D、E），题目为不定项选择题，请按照以下格式作答：

【思考过程】：...

【最终答案】：AB / BCE / CD / DE / E / ...（只输出选项的编号，不要写选项内容）

示例：
题目：医疗伦理中四大基本原则是？
A.尊重自主权
B.善意行为
C.无害原则
D.公正原则
E.以上都不是
【思考过程】：本题考查医学伦理的四大基本原则，包括尊重自主权、不伤害原则、行善原则、公正原则。

【最终答案】：ABCD

题目：以下哪一表述体现了医学伦理中的双重义务要求？
A.科研人员可自主决定高风险技术的实施范围
B.尽可能使相关个体受益并最大限度减少其损害
C.只需保证患者本人获得直接医疗改善
D.优先保障新技术在学术领域的领先性
【思考过程】：",B,Qwen3-235B-A22B,"【思考过程】：本题考查医学伦理中的双重义务要求。双重义务通常指在特定情境下需同时履行两种相互关联的责任，例如在医疗决策中既要实现患者利益最大化，又要避免对其造成伤害。选项B“尽可能使相关个体受益并最大限度减少其损害”体现了对双重义务的平衡要求，即同时承担“受益”与“减少损害”两个责任。选项A强调单方面自主权，C仅关注单一目标，D侧重学术利益，均未体现双重义务。

【最终答案】：B",客观题,B
常规诊疗,"你是一个严格按照要求答题的医学考试考生。请你先展示出完整的思考过程，然后再输出最终答案。每道题目有至少两个选项（A、B）至多五个选项（A、B、C、D、E），题目为不定项选择题，请按照以下格式作答：

【思考过程】：...

【最终答案】：AB / BCE / CD / DE / E / ...（只输出选项的编号，不要写选项内容）

示例：
题目：医疗伦理中四大基本原则是？
A.尊重自主权
B.善意行为
C.无害原则
D.公正原则
E.以上都不是
【思考过程】：本题考查医学伦理的四大基本原则，包括尊重自主权、不伤害原则、行善原则、公正原则。

【最终答案】：ABCD

题目：关于患者自主权的处理方式，以下哪些做法符合伦理要求？
A. 允许患者在仅考虑自身意愿的情况下自行决定治疗方案
B. 对认知障碍患者采用与普通患者相同的知情同意流程
C. 尊重患者在负责并尊重他人自主权前提下作出的决定
D. 对暂时失去意识的患者推迟治疗直至其恢复清醒
【思考过程】：",C,Qwen3-235B-A22B,"【思考过程】：选项A忽略了知情同意的必要性，仅依自身意愿可能不符合伦理；选项B未区分认知障碍患者的特殊性，需采用替代决策机制；选项C强调在责任和尊重他人前提下行使自主权，符合伦理原则；选项D可能因延误治疗而不符合“不伤害”原则，尤其在紧急情况下。因此，仅选项C符合伦理要求。

【最终答案】：C",客观题,C
常规诊疗,"你是一个严格按照要求答题的医学考试考生。请你先展示出完整的思考过程，然后再输出最终答案。每道题目有至少两个选项（A、B）至多五个选项（A、B、C、D、E），题目为不定项选择题，请按照以下格式作答：

【思考过程】：...

【最终答案】：AB / BCE / CD / DE / E / ...（只输出选项的编号，不要写选项内容）

示例：
题目：医疗伦理中四大基本原则是？
A.尊重自主权
B.善意行为
C.无害原则
D.公正原则
E.以上都不是
【思考过程】：本题考查医学伦理的四大基本原则，包括尊重自主权、不伤害原则、行善原则、公正原则。

【最终答案】：ABCD

题目：在进行以某个社区为对象的医学研究时，以下哪种做法符合相关伦理要求？
A.仅获得社区领导的同意后开展研究
B.同时取得社区代表的同意和个人知情同意
C.在个人不知情的情况下，根据社区集体同意进行研究
D.仅获取个人知情同意后进行，无需社区代表同意
E.经国内伦理委员会特别批准后，无需任何形式的同意即可开展
【思考过程】：",B,Qwen3-235B-A22B,"【思考过程】：医学研究中，涉及社区群体时需兼顾社区集体意愿与个体权利。社区代表的同意可体现群体层面的授权，而个人知情同意则是伦理基石，不可替代。仅依赖社区领导（A）或集体同意（C）均违反个体自主原则；忽略社区层面（D）可能忽视群体利益；伦理委员会批准（E）不能取代知情同意。因此，B选项同时满足双重同意要求，符合伦理规范。

【最终答案】：B",客观题,B
常规诊疗,"你是一个严格按照要求答题的医学考试考生。请你先展示出完整的思考过程，然后再输出最终答案。每道题目有至少两个选项（A、B）至多五个选项（A、B、C、D、E），题目为不定项选择题，请按照以下格式作答：

【思考过程】：...

【最终答案】：AB / BCE / CD / DE / E / ...（只输出选项的编号，不要写选项内容）

示例：
题目：医疗伦理中四大基本原则是？
A.尊重自主权
B.善意行为
C.无害原则
D.公正原则
E.以上都不是
【思考过程】：本题考查医学伦理的四大基本原则，包括尊重自主权、不伤害原则、行善原则、公正原则。

【最终答案】：ABCD

题目：关于患者撤回知情同意的权利，以下描述正确的是？
A.患者只能在医疗措施实施前24小时内撤回同意
B.患者需向医院支付违约金后方可撤回同意
C.患者撤回同意时需要提供书面申请并签字
D.患者可以在医疗措施进行过程中以任何理由撤回同意且不受不利影响
【思考过程】：",D,Qwen3-235B-A22B,"【思考过程】：本题考查患者撤回知情同意的权利范围。根据医学伦理中的自主权原则，患者有权在任何时间点（包括医疗措施实施前或过程中）撤回已签署的知情同意，且无需支付违约金或受其他限制。选项D正确，因为其强调了撤回同意的无条件性和不受不利影响的权利；而选项C错误，因撤回同意无需强制书面形式；选项A和B均违反伦理准则。

【最终答案】：D",客观题,D
常规诊疗,"你是一个严格按照要求答题的医学考试考生。请你先展示出完整的思考过程，然后再输出最终答案。每道题目有至少两个选项（A、B）至多五个选项（A、B、C、D、E），题目为不定项选择题，请按照以下格式作答：

【思考过程】：...

【最终答案】：AB / BCE / CD / DE / E / ...（只输出选项的编号，不要写选项内容）

示例：
题目：医疗伦理中四大基本原则是？
A.尊重自主权
B.善意行为
C.无害原则
D.公正原则
E.以上都不是
【思考过程】：本题考查医学伦理的四大基本原则，包括尊重自主权、不伤害原则、行善原则、公正原则。

【最终答案】：ABCD

题目：关于医学研究中当事人撤回知情同意的权利，下列哪项描述是**错误**的？
A.撤回同意需要向研究者提交书面申请
B.当事人撤回同意后可能需赔偿研究损失
C.当事人可在研究数据初步分析阶段撤回同意
D.撤回同意的理由需经伦理委员会审核
E.研究者有权拒绝部分撤回请求以保障研究完整性
【思考过程】：",ABDE,Qwen3-235B-A22B,"【思考过程】：医学研究中，当事人撤回知情同意的权利是无条件的，无需书面申请（A错误）、不得要求赔偿（B错误）、无需伦理委员会审核理由（D错误）、研究者不得拒绝撤回请求（E错误）。C选项正确（可在任何阶段撤回）。题目要求选错误的描述，故应排除ABDE。

【最终答案】：ABDE",客观题,ABDE
常规诊疗,"你是一个严格按照要求答题的医学考试考生。请你先展示出完整的思考过程，然后再输出最终答案。每道题目有至少两个选项（A、B）至多五个选项（A、B、C、D、E），题目为不定项选择题，请按照以下格式作答：

【思考过程】：...

【最终答案】：AB / BCE / CD / DE / E / ...（只输出选项的编号，不要写选项内容）

示例：
题目：医疗伦理中四大基本原则是？
A.尊重自主权
B.善意行为
C.无害原则
D.公正原则
E.以上都不是
【思考过程】：本题考查医学伦理的四大基本原则，包括尊重自主权、不伤害原则、行善原则、公正原则。

【最终答案】：ABCD

题目：以下哪种说法符合相关法规关于群体性医学研究中知情同意的要求？
A.经政府部门批准后可不获取社区代表的同意
B.获得社区代表的书面认可即可免除所有个体同意
C.社区集体同意不能取代个人的知情同意
D.特殊情况下领导批示可代替个人同意
【思考过程】：",C,Qwen3-235B-A22B,"【思考过程】：根据医学研究伦理法规，群体性研究中，社区集体同意虽重要，但不能取代个体知情同意。选项C正确，因个体自主权必须被尊重。A、B、D均错误，因政府批准、社区代表书面认可或领导批示均不可替代个体知情同意。

【最终答案】：C",客观题,C
常规诊疗,"你是一个严格按照要求答题的医学考试考生。请你先展示出完整的思考过程，然后再输出最终答案。每道题目有至少两个选项（A、B）至多五个选项（A、B、C、D、E），题目为不定项选择题，请按照以下格式作答：

【思考过程】：...

【最终答案】：AB / BCE / CD / DE / E / ...（只输出选项的编号，不要写选项内容）

示例：
题目：医疗伦理中四大基本原则是？
A.尊重自主权
B.善意行为
C.无害原则
D.公正原则
E.以上都不是
【思考过程】：本题考查医学伦理的四大基本原则，包括尊重自主权、不伤害原则、行善原则、公正原则。

【最终答案】：ABCD

题目：以下哪种情况允许对无能力表示同意的当事人开展与其健康无直接益处的研究？
A. 只要研究能明显缩短实验周期  
B. 研究符合法律保护条件，且预期有助于改善同类人群健康，并确保当事人承受最小风险  
C. 经家属强烈要求且医院伦理委员会多数同意  
D. 当事人未明确反对时，经监护人同意即可
【思考过程】：",B,Qwen3-235B-A22B,"【思考过程】：本题考查医学研究中对无行为能力受试者的伦理要求。根据《赫尔辛基宣言》及我国《涉及人的生物医学研究伦理审查办法》，对无能力表示同意的当事人开展无直接健康益处的研究需满足以下条件：①研究目的为改善同类人群健康或获取必要科学知识；②采取最小风险设计；③符合法律程序并经伦理委员会批准；④获得监护人同意。选项B明确指出研究符合法律保护条件、有助于同类人群健康且风险最小，符合上述要求。选项D仅强调监护人同意而未提及伦理审查，不完整；选项C中的“家属强烈要求”非必要条件；选项A仅考虑实验周期，违反伦理原则。

【最终答案】：B",客观题,B
常规诊疗,"你是一个严格按照要求答题的医学考试考生。请你先展示出完整的思考过程，然后再输出最终答案。每道题目有至少两个选项（A、B）至多五个选项（A、B、C、D、E），题目为不定项选择题，请按照以下格式作答：

【思考过程】：...

【最终答案】：AB / BCE / CD / DE / E / ...（只输出选项的编号，不要写选项内容）

示例：
题目：医疗伦理中四大基本原则是？
A.尊重自主权
B.善意行为
C.无害原则
D.公正原则
E.以上都不是
【思考过程】：本题考查医学伦理的四大基本原则，包括尊重自主权、不伤害原则、行善原则、公正原则。

【最终答案】：ABCD

题目：根据患者隐私保护相关法规，医疗机构可以出于以下哪些目的使用患者的个人信息？
A.为开展新型药物临床试验提供数据支持
B.应患者家属请求提供患者用药记录
C.依照法律规定向公共卫生主管部门上报传染病信息
D.用于收集或同意提供时的初始目的以外的研究项目
E.必须仅用于收集或同意的初始目的
【思考过程】：",CE,Qwen3-235B-A22B,"【思考过程】：根据《个人信息保护法》及相关医疗法规，患者个人信息的使用需遵循合法、正当、必要原则。C选项符合法律规定的传染病上报义务；E选项体现数据必须用于初始目的或经患者同意的范围。A、B、D均涉及未经患者明确同意或超出初始目的的使用，属于违规。

【最终答案】：CE",客观题,CE
常规诊疗,"你是一个严格按照要求答题的医学考试考生。请你先展示出完整的思考过程，然后再输出最终答案。每道题目有至少两个选项（A、B）至多五个选项（A、B、C、D、E），题目为不定项选择题，请按照以下格式作答：

【思考过程】：...

【最终答案】：AB / BCE / CD / DE / E / ...（只输出选项的编号，不要写选项内容）

示例：
题目：医疗伦理中四大基本原则是？
A.尊重自主权
B.善意行为
C.无害原则
D.公正原则
E.以上都不是
【思考过程】：本题考查医学伦理的四大基本原则，包括尊重自主权、不伤害原则、行善原则、公正原则。

【最终答案】：ABCD

题目：以下哪项不属于科学技术发展在促进健康权利方面应实现的目标？
A.提供高质量的医疗服务和必要药品
B.保障充分的营养和水源供应
C.改善居民生活条件和环境质量
D.建立基于绩效的医疗人员考核体系
E.增加对高新技术医疗设备的研发投入
【思考过程】：",DE,Qwen3-235B-A22B,"【思考过程】：题目要求找出不属于科学技术发展在促进健康权利目标的选项。A、B、C、E均与科技直接提升医疗质量、资源保障、环境改善及设备研发相关。D选项的绩效考核体系属于管理机制，非科技发展的直接目标。

【最终答案】：D",客观题,D
常规诊疗,"你是一个严格按照要求答题的医学考试考生。请你先展示出完整的思考过程，然后再输出最终答案。每道题目有至少两个选项（A、B）至多五个选项（A、B、C、D、E），题目为不定项选择题，请按照以下格式作答：

【思考过程】：...

【最终答案】：AB / BCE / CD / DE / E / ...（只输出选项的编号，不要写选项内容）

示例：
题目：医疗伦理中四大基本原则是？
A.尊重自主权
B.善意行为
C.无害原则
D.公正原则
E.以上都不是
【思考过程】：本题考查医学伦理的四大基本原则，包括尊重自主权、不伤害原则、行善原则、公正原则。

【最终答案】：ABCD

题目：以下哪项不属于医学伦理中要求对人类与其他形式的生命相互关系给予关注的内容？
A.重视合理获得和利用生物遗传资源
B.尊重传统知识中的生态保护理念
C.保障生物圈和生物多样性的稳定性
D.优先开发新型药物以推进技术进步
E.评估诊疗活动对野生动物栖息地的影响
【思考过程】：",D,Qwen3-235B-A22B,"【思考过程】：本题考查医学伦理中对人类与其他生命关系的关注。选项D强调“优先开发新型药物以推进技术进步”，侧重技术优先和经济发展，可能忽视生态影响，不符合伦理中对生物多样性保护和可持续发展的要求。其他选项均涉及资源合理利用、生态保护或环境评估，属于伦理关注内容。

【最终答案】：D",客观题,D
常规诊疗,"你是一个严格按照要求答题的医学考试考生。请你先展示出完整的思考过程，然后再输出最终答案。每道题目有至少两个选项（A、B）至多五个选项（A、B、C、D、E），题目为不定项选择题，请按照以下格式作答：

【思考过程】：...

【最终答案】：AB / BCE / CD / DE / E / ...（只输出选项的编号，不要写选项内容）

示例：
题目：医疗伦理中四大基本原则是？
A.尊重自主权
B.善意行为
C.无害原则
D.公正原则
E.以上都不是
【思考过程】：本题考查医学伦理的四大基本原则，包括尊重自主权、不伤害原则、行善原则、公正原则。

【最终答案】：ABCD

题目：在涉及人类受试者的医学研究中，下列哪项描述符合伦理法规对权益优先级的界定？
A.科学研究的突破性价值应适度优先于受试者的潜在风险
B.当研究可能显著改善公共健康时，可降低个体安全保障标准
C.在征得受试者同意后，社会利益可优先于其个人权益
D.即使研究结论的验证受到干扰，也必须立即停止损害受试者权益的操作
E.受试者基于自愿的原则下，科学利益和个体福利具有同等地位
【思考过程】：",D,Qwen3-235B-A22B,"【思考过程】：本题考查医学伦理中涉及人类受试者研究的权益优先级原则。根据《赫尔辛基宣言》及国际伦理准则，受试者的安全、权利和福祉始终是首要考虑，科学利益和社会效益不得凌驾于个体权益之上。选项D明确指出当研究可能损害受试者权益时必须立即停止，符合“权益绝对优先”的核心原则。其他选项均存在错误表述：A/B/C/E均将科学价值或社会利益置于个体权益之上，或模糊其优先级，与伦理法规相悖。

【最终答案】：D",客观题,D
常规诊疗,"你是一个严格按照要求答题的医学考试考生。请你先展示出完整的思考过程，然后再输出最终答案。每道题目有至少两个选项（A、B）至多五个选项（A、B、C、D、E），题目为不定项选择题，请按照以下格式作答：

【思考过程】：...

【最终答案】：AB / BCE / CD / DE / E / ...（只输出选项的编号，不要写选项内容）

示例：
题目：医疗伦理中四大基本原则是？
A.尊重自主权
B.善意行为
C.无害原则
D.公正原则
E.以上都不是
【思考过程】：本题考查医学伦理的四大基本原则，包括尊重自主权、不伤害原则、行善原则、公正原则。

【最终答案】：ABCD

题目：在受试者参与临床试验期间，研究者应当履行以下哪些医疗职责？
A.提供与试验相关不良事件的医疗护理
B.及时告知出现需医疗干预的合并症
C.将受试者转诊至其他医疗机构
D.无需处理与研究无关的健康问题
E.监测所有实验室指标变化
【思考过程】：",AB,Qwen3-235B-A22B,"【思考过程】：本题考查临床试验中研究者的医疗职责。根据ICH GCP和伦理要求，研究者需负责处理与试验相关的不良事件（A正确），并及时告知需干预的合并症（B正确）。转诊（C）仅在必要时执行而非常规职责，故不选。与研究无关的健康问题仍需关注（D错误）。实验室监测范围取决于试验方案，并非“所有”指标（E错误）。

【最终答案】：AB",客观题,AB
常规诊疗,"你是一个严格按照要求答题的医学考试考生。请你先展示出完整的思考过程，然后再输出最终答案。每道题目有至少两个选项（A、B）至多五个选项（A、B、C、D、E），题目为不定项选择题，请按照以下格式作答：

【思考过程】：...

【最终答案】：AB / BCE / CD / DE / E / ...（只输出选项的编号，不要写选项内容）

示例：
题目：医疗伦理中四大基本原则是？
A.尊重自主权
B.善意行为
C.无害原则
D.公正原则
E.以上都不是
【思考过程】：本题考查医学伦理的四大基本原则，包括尊重自主权、不伤害原则、行善原则、公正原则。

【最终答案】：ABCD

题目：以下哪项内容不属于知情同意书必须包含的说明？
A.试验中涉及的实验性内容
B.受试者退出试验需提前一周申请
C.监查员可直接查阅受试者原始医疗记录
D.因试验相关损伤可获得的补偿和/或治疗
E.受试者参与试验的交通费用补贴
【思考过程】：",BCE,Qwen3-235B-A22B,"【思考过程】：根据《药物临床试验质量管理规范》（GCP），知情同意书必须包含试验的实验性内容（A）、监查员查阅记录的授权（C）、试验相关损伤的补偿（D）。受试者退出试验的权利是无条件的，无需提前申请（B），因此B不属于必须内容。交通费用补贴（E）属于试验补偿的一部分，但法规未强制要求必须包含，仅在存在时需说明。因此，B和E不属于必须包含的说明。

【最终答案】：BE",客观题,BE
常规诊疗,"你是一个严格按照要求答题的医学考试考生。请你先展示出完整的思考过程，然后再输出最终答案。每道题目有至少两个选项（A、B）至多五个选项（A、B、C、D、E），题目为不定项选择题，请按照以下格式作答：

【思考过程】：...

【最终答案】：AB / BCE / CD / DE / E / ...（只输出选项的编号，不要写选项内容）

示例：
题目：医疗伦理中四大基本原则是？
A.尊重自主权
B.善意行为
C.无害原则
D.公正原则
E.以上都不是
【思考过程】：本题考查医学伦理的四大基本原则，包括尊重自主权、不伤害原则、行善原则、公正原则。

【最终答案】：ABCD

题目：以下哪项不属于知情同意书必须包含的说明内容？
A.试验目的
B.分配至各治疗组的概率
C.受试者随时退出且不丧失权益的权利
D.试验对当前疾病的绝对治愈率
E.研究中可能面临的不便风险
【思考过程】：",D,Qwen3-235B-A22B,"【思考过程】：知情同意书必须包含的内容包括：试验目的（A）、分组概率（B）、退出权利（C）、可能风险（E）。而“试验对当前疾病的绝对治愈率”（D）属于不可预测的承诺，可能不准确，不属于必须内容。

【最终答案】：D",客观题,D
常规诊疗,"你是一个严格按照要求答题的医学考试考生。请你先展示出完整的思考过程，然后再输出最终答案。每道题目有至少两个选项（A、B）至多五个选项（A、B、C、D、E），题目为不定项选择题，请按照以下格式作答：

【思考过程】：...

【最终答案】：AB / BCE / CD / DE / E / ...（只输出选项的编号，不要写选项内容）

示例：
题目：医疗伦理中四大基本原则是？
A.尊重自主权
B.善意行为
C.无害原则
D.公正原则
E.以上都不是
【思考过程】：本题考查医学伦理的四大基本原则，包括尊重自主权、不伤害原则、行善原则、公正原则。

【最终答案】：ABCD

题目：根据知情同意讨论及书面知情同意书要求，以下哪一项不属于必须向受试者说明的内容？
A.受试者可能面临的涉及胚胎的风险说明
B.与监查员有权查阅原始医疗记录相关的授权条款
C.因参与试验可获得的固定报酬金额
D.试验导致费用需由受试者自行承担的情形
【思考过程】：",C,Qwen3-235B-A22B,"【思考过程】：本题考查知情同意书必须包含的内容。根据ICH GCP及中国相关法规，知情同意书需明确告知受试者的风险、监查员查阅记录的授权、报酬金额及费用承担情形。选项A中涉及胚胎的风险仅在试验可能影响胚胎时需说明，若试验不涉及则无需包含，因此不属于普遍必须内容。其他选项（B、C、D）均为所有试验知情同意书的必备条款。

【最终答案】：A",客观题,A
常规诊疗,"你是一个严格按照要求答题的医学考试考生。请你先展示出完整的思考过程，然后再输出最终答案。每道题目有至少两个选项（A、B）至多五个选项（A、B、C、D、E），题目为不定项选择题，请按照以下格式作答：

【思考过程】：...

【最终答案】：AB / BCE / CD / DE / E / ...（只输出选项的编号，不要写选项内容）

示例：
题目：医疗伦理中四大基本原则是？
A.尊重自主权
B.善意行为
C.无害原则
D.公正原则
E.以上都不是
【思考过程】：本题考查医学伦理的四大基本原则，包括尊重自主权、不伤害原则、行善原则、公正原则。

【最终答案】：ABCD

题目：根据知情同意书的相关规定，以下哪些内容必须向受试者明确说明？
A.替代治疗方案的预期费用
B.分配的输注液种类及具体操作流程
C.因试验相关损伤可获得的补偿和/或治疗
D.参与临床试验的每周报酬明细
E.受试者退出试验可能面临的处罚措施
【思考过程】：",C,Qwen3-235B-A22B,"【思考过程】：根据知情同意书的规定，必须向受试者说明的内容包括：试验的具体措施（B）、试验相关损伤的补偿（C）、参与试验的报酬明细（D）。替代治疗方案的预期费用（A）和退出试验的处罚措施（E）不属于强制说明内容。

【最终答案】：BCD",客观题,BCD
常规诊疗,"你是一个严格按照要求答题的医学考试考生。请你先展示出完整的思考过程，然后再输出最终答案。每道题目有至少两个选项（A、B）至多五个选项（A、B、C、D、E），题目为不定项选择题，请按照以下格式作答：

【思考过程】：...

【最终答案】：AB / BCE / CD / DE / E / ...（只输出选项的编号，不要写选项内容）

示例：
题目：医疗伦理中四大基本原则是？
A.尊重自主权
B.善意行为
C.无害原则
D.公正原则
E.以上都不是
【思考过程】：本题考查医学伦理的四大基本原则，包括尊重自主权、不伤害原则、行善原则、公正原则。

【最终答案】：ABCD

题目：以下哪项不属于知情同意书必须向受试者说明的内容？
A.试验中胚胎或哺乳期婴儿可能面临的风险
B.受试者因参与试验可能获得的预期分摊报酬
C.监查员有权直接查阅受试者原始医疗记录
D.试验赞助方的财务收支明细
E.受试者预计参与试验的持续时间
【思考过程】：",D,Qwen3-235B-A22B,"【思考过程】：知情同意书需说明试验风险、收益、持续时间、监查权限及报酬等直接关联内容。试验赞助方的财务收支明细与受试者权益无直接关联，无需披露。

【最终答案】：D",客观题,D
常规诊疗,"你是一个严格按照要求答题的医学考试考生。请你先展示出完整的思考过程，然后再输出最终答案。每道题目有至少两个选项（A、B）至多五个选项（A、B、C、D、E），题目为不定项选择题，请按照以下格式作答：

【思考过程】：...

【最终答案】：AB / BCE / CD / DE / E / ...（只输出选项的编号，不要写选项内容）

示例：
题目：医疗伦理中四大基本原则是？
A.尊重自主权
B.善意行为
C.无害原则
D.公正原则
E.以上都不是
【思考过程】：本题考查医学伦理的四大基本原则，包括尊重自主权、不伤害原则、行善原则、公正原则。

【最终答案】：ABCD

题目：以下哪几项属于向受试者提供的知情同意书必须包含的内容？
A.试验的预期商业收益
B.试验需遵循的流程及所有侵入性操作
C.监查员可直接查阅原始医疗记录的授权说明
D.退出试验需提前书面申请
E.可供选择的替代治疗方案及其潜在风险
【思考过程】：",BCE,Qwen3-235B-A22B,"【思考过程】：本题考查知情同意书的必备内容。根据医学伦理准则（如ICH GCP、赫尔辛基宣言等），知情同意书必须明确告知受试者试验流程（包括侵入性操作，B正确）、替代治疗方案及其风险（E正确），以及监查员等监管人员可能查阅医疗记录的说明（C正确）。选项A涉及商业收益，与受试者权益无直接关联，无需包含；选项D要求退出需书面申请，违背了“退出自由”原则，因此错误。

【最终答案】：BCE",客观题,BCE
常规诊疗,"你是一个严格按照要求答题的医学考试考生。请你先展示出完整的思考过程，然后再输出最终答案。每道题目有至少两个选项（A、B）至多五个选项（A、B、C、D、E），题目为不定项选择题，请按照以下格式作答：

【思考过程】：...

【最终答案】：AB / BCE / CD / DE / E / ...（只输出选项的编号，不要写选项内容）

示例：
题目：医疗伦理中四大基本原则是？
A.尊重自主权
B.善意行为
C.无害原则
D.公正原则
E.以上都不是
【思考过程】：本题考查医学伦理的四大基本原则，包括尊重自主权、不伤害原则、行善原则、公正原则。

【最终答案】：ABCD

题目：以下哪项不属于知情同意书必须包含的说明内容？
A.监查员可在保密前提下查阅受试者医疗记录
B.受试者若退出试验需支付违约金
C.替代治疗方案的具体实施机构信息
D.受试者所有医疗记录的完全公开权限
E.当试验无预期临床获益时无需特别告知
【思考过程】：",CDE,Qwen3-235B-A22B,"【思考过程】：本题考查知情同意书必须包含的内容。根据伦理准则，知情同意书需明确参与者的权利和研究相关信息。选项B（退出需支付违约金）违反伦理原则，因退出应无惩罚；选项D（医疗记录完全公开）侵犯隐私权，不属于必要内容；选项E（无获益无需告知）错误，因必须明确告知无预期临床获益；选项C（替代方案具体机构）可能超出必要范围，通常仅需说明存在替代方案而非具体机构。选项A（监查员查阅记录）属于常规保密性说明，是必要内容。

【最终答案】：BCDE",客观题,BCDE
常规诊疗,"你是一个严格按照要求答题的医学考试考生。请你先展示出完整的思考过程，然后再输出最终答案。每道题目有至少两个选项（A、B）至多五个选项（A、B、C、D、E），题目为不定项选择题，请按照以下格式作答：

【思考过程】：...

【最终答案】：AB / BCE / CD / DE / E / ...（只输出选项的编号，不要写选项内容）

示例：
题目：医疗伦理中四大基本原则是？
A.尊重自主权
B.善意行为
C.无害原则
D.公正原则
E.以上都不是
【思考过程】：本题考查医学伦理的四大基本原则，包括尊重自主权、不伤害原则、行善原则、公正原则。

【最终答案】：ABCD

题目：以下哪项不属于知情同意书必须包含的说明事项？
A.监查员有权直接查阅受试者原始医疗记录
B.发生试验相关损伤时的联系人信息
C.受试者可在任何时间退出试验且不丧失权益
D.参与试验可能产生的预期费用说明
E.试验结束后研究者的私人联系方式
【思考过程】：",E,Qwen3-235B-A22B,"【思考过程】：知情同意书需明确受试者权益、试验风险、退出权利、费用说明及紧急联系人等。监查员查阅记录属于常规条款；试验相关损伤联系人和退出权利是必备项；预期费用说明亦为必要。试验结束后研究者私人联系方式非强制且可能涉及隐私，通常不包含。

【最终答案】：E",客观题,E
常规诊疗,"你是一个严格按照要求答题的医学考试考生。请你先展示出完整的思考过程，然后再输出最终答案。每道题目有至少两个选项（A、B）至多五个选项（A、B、C、D、E），题目为不定项选择题，请按照以下格式作答：

【思考过程】：...

【最终答案】：AB / BCE / CD / DE / E / ...（只输出选项的编号，不要写选项内容）

示例：
题目：医疗伦理中四大基本原则是？
A.尊重自主权
B.善意行为
C.无害原则
D.公正原则
E.以上都不是
【思考过程】：本题考查医学伦理的四大基本原则，包括尊重自主权、不伤害原则、行善原则、公正原则。

【最终答案】：ABCD

题目：以下哪项内容不属于知情同意书必须包含的说明事项？
A.试验结束后研究人员的私人联系方式
B.监查员有权查阅受试者原始医疗记录
C.试验中胚胎相关风险的特别说明
D.受试者预计参与试验的持续时间
E.试验对受试者无预期临床获益的明确告知
【思考过程】：",A,Qwen3-235B-A22B,"【思考过程】：本题考查知情同意书的必备内容。根据ICH GCP和医学伦理要求，知情同意书必须包含：试验目的、流程、持续时间（D）、风险与受益告知（C/E）、保密性说明（B）、自愿参与及退出权利等。研究人员私人联系方式（A）不属于必须内容，通常仅提供研究团队官方联系渠道。

【最终答案】：A",客观题,A
常规诊疗,"你是一个严格按照要求答题的医学考试考生。请你先展示出完整的思考过程，然后再输出最终答案。每道题目有至少两个选项（A、B）至多五个选项（A、B、C、D、E），题目为不定项选择题，请按照以下格式作答：

【思考过程】：...

【最终答案】：AB / BCE / CD / DE / E / ...（只输出选项的编号，不要写选项内容）

示例：
题目：医疗伦理中四大基本原则是？
A.尊重自主权
B.善意行为
C.无害原则
D.公正原则
E.以上都不是
【思考过程】：本题考查医学伦理的四大基本原则，包括尊重自主权、不伤害原则、行善原则、公正原则。

【最终答案】：ABCD

题目：以下哪些内容必须包含在知情同意讨论和书面知情同意书中？
A.药物生产企业可直接查阅受试者原始医疗数据
B.医疗机构行政部门有权随时查阅受试者记录
C.伦理委员会不得查阅受试者的实验数据
D.监查员和伦理委员会在授权下可查阅受试者记录核实数据
E.监管机构无需受试者授权即可调取其医疗档案
【思考过程】：",D,Qwen3-235B-A22B,"【思考过程】：本题考查知情同意书必须包含的内容，尤其是关于数据访问权限的规定。根据ICH GCP指南和临床试验伦理要求：  
1. **选项A**提到药物生产企业可直接查阅受试者原始医疗数据，但GCP规定申办方需通过监查员或授权流程获取数据，而非直接查阅，因此不强制要求包含在知情同意书中。  
2. **选项B**提到医疗机构行政部门有权随时查阅受试者记录，但行政部门的查阅权限通常不涉及研究数据，且非知情同意书的强制性内容。  
3. **选项C**错误，伦理委员会有权在必要时查阅实验数据以保障受试者权益，知情同意书不应限制其权限。  
4. **选项D**符合GCP要求，监查员和伦理委员会可在授权下查阅记录核实数据，属于必须披露的内容。  
5. **选项E**正确，监管机构（如药监部门）在法律授权下可直接调取医疗档案，无需受试者额外授权，需在知情同意书中明确。  

【最终答案】：DE",客观题,DE
常规诊疗,"你是一个严格按照要求答题的医学考试考生。请你先展示出完整的思考过程，然后再输出最终答案。每道题目有至少两个选项（A、B）至多五个选项（A、B、C、D、E），题目为不定项选择题，请按照以下格式作答：

【思考过程】：...

【最终答案】：AB / BCE / CD / DE / E / ...（只输出选项的编号，不要写选项内容）

示例：
题目：医疗伦理中四大基本原则是？
A.尊重自主权
B.善意行为
C.无害原则
D.公正原则
E.以上都不是
【思考过程】：本题考查医学伦理的四大基本原则，包括尊重自主权、不伤害原则、行善原则、公正原则。

【最终答案】：ABCD

题目：在紧急情况下，研究者若无法事先获得受试者同意，以下哪一场景符合法规允许直接将其纳入试验的条件？
A.通过电话告知受试者家属后立即开始试验，B.仅凭研究者判断该试验对受试者有利即可实施，C.通知医院行政管理部门后按预案执行，D.试验方案明确相关应急措施且IRB已书面批准并在实施后立即向受试者说明情况，E.仅需两名主治医师联名签字即可豁免知情同意
【思考过程】：",D,Qwen3-235B-A22B,"【思考过程】：本题考查紧急情况下豁免知情同意的合规条件。根据法规，紧急情况下无法事先获得知情同意时，必须满足：试验方案包含明确的应急措施、IRB（伦理委员会）已书面批准该方案，并在实施后立即向受试者或其法定代理人说明情况。选项D完全符合这一要求。其他选项均存在缺陷：A仅电话告知家属不充分；B仅凭研究者判断缺乏独立审核；C需IRB而非普通行政管理部门批准；E双医师签字无法律依据。

【最终答案】：D",客观题,D
医患关系,"你是一个严格按照要求答题的医学考试考生。请你先展示出完整的思考过程，然后再输出最终答案。每道题目有至少两个选项（A、B）至多五个选项（A、B、C、D、E），题目为不定项选择题，请按照以下格式作答：

【思考过程】：...

【最终答案】：AB / BCE / CD / DE / E / ...（只输出选项的编号，不要写选项内容）

示例：
题目：医疗伦理中四大基本原则是？
A.尊重自主权
B.善意行为
C.无害原则
D.公正原则
E.以上都不是
【思考过程】：本题考查医学伦理的四大基本原则，包括尊重自主权、不伤害原则、行善原则、公正原则。

【最终答案】：ABCD

题目：以下属于法人或非法人组织所享有的权利有哪些？
A.名称权
B.隐私权
C.名誉权
D.健康权
E.荣誉权
【思考过程】：",ACE,Qwen3-235B-A22B,"【思考过程】：根据中国民法典，法人及非法人组织享有名称权（A）、名誉权（C）、荣誉权（E），而隐私权（B）和健康权（D）为自然人专属权利。民法典明确规定隐私权仅适用于自然人（第1032条），健康权仅针对自然人（第1004条）。法人组织的名称、名誉和荣誉受法律保护，但隐私和健康权不在其权利范围内。

【最终答案】：ACE",客观题,ACE
医患关系,"你是一个严格按照要求答题的医学考试考生。请你先展示出完整的思考过程，然后再输出最终答案。每道题目有至少两个选项（A、B）至多五个选项（A、B、C、D、E），题目为不定项选择题，请按照以下格式作答：

【思考过程】：...

【最终答案】：AB / BCE / CD / DE / E / ...（只输出选项的编号，不要写选项内容）

示例：
题目：医疗伦理中四大基本原则是？
A.尊重自主权
B.善意行为
C.无害原则
D.公正原则
E.以上都不是
【思考过程】：本题考查医学伦理的四大基本原则，包括尊重自主权、不伤害原则、行善原则、公正原则。

【最终答案】：ABCD

题目：以下哪种情形属于法定救助义务的适用范围？
A.患者因医疗纠纷向医疗机构提出财产索赔要求
B.路人对因车祸导致多发性骨折的伤者未施救
C.医生在非工作时间发现他人醉酒倒在路边已丧失意识
D.地震中被困废墟的伤员无人援助
E.家属拒绝替已昏迷患者缴纳手术费
【思考过程】：",BCD,Qwen3-235B-A22B,"【思考过程】：本题考查法定救助义务的适用范围。法定救助义务通常指法律明确规定的在特定情形下必须履行的救助责任。  
- **选项A**涉及医疗纠纷的财产索赔，属于民事纠纷，与救助义务无关，排除。  
- **选项B**中路人未施救，普通公民无法律强制救助义务（仅道德义务），排除。  
- **选项C**中医生在非工作时间遇需急救者，根据《医师法》第二十七条，医师必须采取急救措施，属于法定救助义务范围。  
- **选项D**中地震伤员无人援助，属于突发事件下的法定救助情形，医疗机构及医护人员需履行救助义务（《基本医疗卫生与健康促进法》第三十二条），故属于适用范围。  
- **选项E**中家属拒缴手术费，根据《医疗机构管理条例》第三十一条，医疗机构对危重患者必须立即抢救，无论费用是否缴纳，因此属于救助义务范围。  

【最终答案】：CDE",客观题,CDE
医患关系,"你是一个严格按照要求答题的医学考试考生。请你先展示出完整的思考过程，然后再输出最终答案。每道题目有至少两个选项（A、B）至多五个选项（A、B、C、D、E），题目为不定项选择题，请按照以下格式作答：

【思考过程】：...

【最终答案】：AB / BCE / CD / DE / E / ...（只输出选项的编号，不要写选项内容）

示例：
题目：医疗伦理中四大基本原则是？
A.尊重自主权
B.善意行为
C.无害原则
D.公正原则
E.以上都不是
【思考过程】：本题考查医学伦理的四大基本原则，包括尊重自主权、不伤害原则、行善原则、公正原则。

【最终答案】：ABCD

题目：在进行新药临床试验时，以下哪种做法符合我国相关法规要求？
A.因受试者经济困难减免50%试验费用
B.在社区张贴公告后口头通知受试者风险
C.未经伦理委员会审查直接开展试验
D.向主管部门报备后即开始招募受试者
E.提供经监护人签署的知情同意书
【思考过程】：",E,Qwen3-235B-A22B,"【思考过程】：根据我国《药物临床试验质量管理规范》及伦理审查相关规定，临床试验需经伦理委员会审查批准（排除C）。知情同意必须采用书面形式并由受试者或其监护人签署（排除B、D）。对无民事行为能力的受试者，需监护人签署知情同意书（E正确）。减免费用可能影响知情同意的自愿性（排除A）。

【最终答案】：E",客观题,E
医患关系,"你是一个严格按照要求答题的医学考试考生。请你先展示出完整的思考过程，然后再输出最终答案。每道题目有至少两个选项（A、B）至多五个选项（A、B、C、D、E），题目为不定项选择题，请按照以下格式作答：

【思考过程】：...

【最终答案】：AB / BCE / CD / DE / E / ...（只输出选项的编号，不要写选项内容）

示例：
题目：医疗伦理中四大基本原则是？
A.尊重自主权
B.善意行为
C.无害原则
D.公正原则
E.以上都不是
【思考过程】：本题考查医学伦理的四大基本原则，包括尊重自主权、不伤害原则、行善原则、公正原则。

【最终答案】：ABCD

题目：下列行为中，哪一项不构成侵害患者隐私权？
A.未经同意向媒体公开患者的癌症检查记录
B.私下向护士讨论患者未授权披露的家庭暴力诊疗信息
C.用患者的手术照片制作科室宣传展板且在候诊区展示
D.将患者十年前在社交媒体公开发布的哮喘病史用于论文案例
【思考过程】：",D,Qwen3-235B-A22B,"【思考过程】：本题考查患者隐私权的侵害情形。隐私权的核心在于未经患者同意，擅自公开或利用其隐私信息。A选项未经同意向媒体公开医疗记录，侵犯隐私权。B选项讨论未授权的家庭暴力信息，涉及隐私泄露。C选项使用患者手术照片作为宣传，需患者同意，否则侵权。D选项患者十年前在社交媒体公开的信息属于已公开内容，用于论文不构成侵权。

【最终答案】：D",客观题,D
医患关系,"你是一个严格按照要求答题的医学考试考生。请你先展示出完整的思考过程，然后再输出最终答案。每道题目有至少两个选项（A、B）至多五个选项（A、B、C、D、E），题目为不定项选择题，请按照以下格式作答：

【思考过程】：...

【最终答案】：AB / BCE / CD / DE / E / ...（只输出选项的编号，不要写选项内容）

示例：
题目：医疗伦理中四大基本原则是？
A.尊重自主权
B.善意行为
C.无害原则
D.公正原则
E.以上都不是
【思考过程】：本题考查医学伦理的四大基本原则，包括尊重自主权、不伤害原则、行善原则、公正原则。

【最终答案】：ABCD

题目：以下哪些信息属于自然人的个人信息，受到法律保护？
A.生物识别信息
B.教育背景
C.健康信息
D.喜欢的颜色
E.电话号码
【思考过程】：",ACE,Qwen3-235B-A22B,"【思考过程】：根据《个人信息保护法》，个人信息包括能够单独或与其他信息结合识别自然人身份的信息。A（生物识别信息）和C（健康信息）属于敏感个人信息，明确受保护。E（电话号码）直接关联个人身份。B（教育背景）通常包含于个人简历等资料中，属于个人信息。D（喜欢的颜色）作为个人偏好，一般难以单独识别身份，通常不被视为受法律保护的个人信息类型。

【最终答案】：ABCE",客观题,ABCE
医患关系,"你是一个严格按照要求答题的医学考试考生。请你先展示出完整的思考过程，然后再输出最终答案。每道题目有至少两个选项（A、B）至多五个选项（A、B、C、D、E），题目为不定项选择题，请按照以下格式作答：

【思考过程】：...

【最终答案】：AB / BCE / CD / DE / E / ...（只输出选项的编号，不要写选项内容）

示例：
题目：医疗伦理中四大基本原则是？
A.尊重自主权
B.善意行为
C.无害原则
D.公正原则
E.以上都不是
【思考过程】：本题考查医学伦理的四大基本原则，包括尊重自主权、不伤害原则、行善原则、公正原则。

【最终答案】：ABCD

题目：患者因医务人员的过错在诊疗活动中受到损害，赔偿责任应由谁承担？
A.医疗机构承担
B.相关医务人员个人承担
C.医疗机构与医务人员按比例分担
D.患者自行承担
【思考过程】：",A,Qwen3-235B-A22B,"【思考过程】：根据《中华人民共和国侵权责任法》第三十四条，医疗机构及其医务人员在诊疗活动中因过错导致患者损害的，赔偿责任应由医疗机构承担。医务人员有过错的，医疗机构赔偿后可向其追偿，但直接赔偿责任主体为医疗机构。选项B、C、D均不符合法律规定。

【最终答案】：A",客观题,A
医患关系,"你是一个严格按照要求答题的医学考试考生。请你先展示出完整的思考过程，然后再输出最终答案。每道题目有至少两个选项（A、B）至多五个选项（A、B、C、D、E），题目为不定项选择题，请按照以下格式作答：

【思考过程】：...

【最终答案】：AB / BCE / CD / DE / E / ...（只输出选项的编号，不要写选项内容）

示例：
题目：医疗伦理中四大基本原则是？
A.尊重自主权
B.善意行为
C.无害原则
D.公正原则
E.以上都不是
【思考过程】：本题考查医学伦理的四大基本原则，包括尊重自主权、不伤害原则、行善原则、公正原则。

【最终答案】：ABCD

题目：以下哪种情形下，医务人员应当向患者的近亲属说明医疗风险并取得其明确同意？
A.患者需要接受门诊输液治疗
B.患者因昏迷无法表达意愿
C.医疗机构无法联系到患者的法定代理人
D.患者拒绝听取关于化疗替代方案的说明
【思考过程】：",BD,Qwen3-235B-A22B,"【思考过程】：根据《中华人民共和国民法典》第一千二百一十九条，医务人员在诊疗活动中需向患者说明医疗风险并取得明确同意。若患者因昏迷无法表达意愿（选项B），则应向其近亲属说明并取得其明确同意。对于选项C，“医疗机构无法联系到患者的法定代理人”并不必然要求向近亲属说明，只有在患者无法表达且无法联系到近亲属时，才需联系法定代理人，而题目未明确患者是否处于昏迷状态，故选项C不符合题干条件。选项A（门诊输液）和D（患者拒绝听取替代方案）均不涉及患者无法表达意愿的情形，因此无需向近亲属说明。

【最终答案】：B",客观题,B
医患关系,"你是一个严格按照要求答题的医学考试考生。请你先展示出完整的思考过程，然后再输出最终答案。每道题目有至少两个选项（A、B）至多五个选项（A、B、C、D、E），题目为不定项选择题，请按照以下格式作答：

【思考过程】：...

【最终答案】：AB / BCE / CD / DE / E / ...（只输出选项的编号，不要写选项内容）

示例：
题目：医疗伦理中四大基本原则是？
A.尊重自主权
B.善意行为
C.无害原则
D.公正原则
E.以上都不是
【思考过程】：本题考查医学伦理的四大基本原则，包括尊重自主权、不伤害原则、行善原则、公正原则。

【最终答案】：ABCD

题目：在因抢救生命垂危患者无法取得患者及其近亲属意见的情形下，关于医疗措施的实施程序，以下描述正确的是？
A.主治医生可自行决定实施抢救措施
B.需取得属地卫生健康部门书面批准
C.医疗机构负责人或其授权人批准后立即实施
D.经医院伦理委员会表决通过后再实施
E.需获得至少两名副高职称医师的联合签名
【思考过程】：",C,Qwen3-235B-A22B,"【思考过程】：本题考查医疗机构在紧急情况下实施抢救措施的合法程序。根据《中华人民共和国侵权责任法》第56条及《医疗机构管理条例》相关规定，因抢救生命垂危患者且无法取得患者或其近亲属同意时，医疗措施需经医疗机构负责人或其授权的负责人批准后立即实施，以确保程序合法性与救治及时性。选项C符合法律规定。其他选项中，A（主治医生无单独决定权）、B（无需卫生部门审批）、D（伦理委员会非紧急审批主体）、E（非法定必备条件）均不符合现行法规要求。

【最终答案】：C",客观题,C
医患关系,"你是一个严格按照要求答题的医学考试考生。请你先展示出完整的思考过程，然后再输出最终答案。每道题目有至少两个选项（A、B）至多五个选项（A、B、C、D、E），题目为不定项选择题，请按照以下格式作答：

【思考过程】：...

【最终答案】：AB / BCE / CD / DE / E / ...（只输出选项的编号，不要写选项内容）

示例：
题目：医疗伦理中四大基本原则是？
A.尊重自主权
B.善意行为
C.无害原则
D.公正原则
E.以上都不是
【思考过程】：本题考查医学伦理的四大基本原则，包括尊重自主权、不伤害原则、行善原则、公正原则。

【最终答案】：ABCD

题目：某医生在诊疗过程中因疏忽未按照常规诊疗规范操作，导致患者病情加重。以下哪种情况可能被认定为医疗机构需承担赔偿责任？
A.未采用当时国内最新的治疗设备
B.因患者拒绝配合而未执行必要检查
C.未参考最新国际指南调整用药方案
D.遗漏教科书明确规定的常规诊断步骤
【思考过程】：",D,Qwen3-235B-A22B,"【思考过程】：本题考查医疗损害责任的认定。医疗机构承担赔偿责任的关键在于是否存在医疗过失，即是否违反诊疗规范、常规或未尽到注意义务。选项D中遗漏教科书明确规定的常规诊断步骤，属于明确违反诊疗规范的行为，符合医疗过失的构成要件。选项A（未采用最新设备）和C（未参考国际指南）可能属于医疗决策自主权范畴，除非有强制性规范要求；选项B（患者拒绝检查）属于患者自身原因导致的医疗措施受限，通常不认定为医疗机构过错。

【最终答案】：D",客观题,D
医患关系,"你是一个严格按照要求答题的医学考试考生。请你先展示出完整的思考过程，然后再输出最终答案。每道题目有至少两个选项（A、B）至多五个选项（A、B、C、D、E），题目为不定项选择题，请按照以下格式作答：

【思考过程】：...

【最终答案】：AB / BCE / CD / DE / E / ...（只输出选项的编号，不要写选项内容）

示例：
题目：医疗伦理中四大基本原则是？
A.尊重自主权
B.善意行为
C.无害原则
D.公正原则
E.以上都不是
【思考过程】：本题考查医学伦理的四大基本原则，包括尊重自主权、不伤害原则、行善原则、公正原则。

【最终答案】：ABCD

题目：以下哪些情形应推定医疗机构存在过错？
A.诊疗过程中未提供患者要求的药品
B.隐匿与纠纷有关的病历资料
C.未及时更新患者电子档案
D.合法销毁过期的病历资料
E.篡改手术同意书签字日期
【思考过程】：",BE,Qwen3-235B-A22B,"【思考过程】：根据《民法典》第1222条，医疗机构在诊疗过程中存在以下情形应推定过错：违反诊疗规范、隐匿或拒绝提供与纠纷相关的病历资料、伪造/篡改/销毁病历资料。选项B（隐匿病历资料）和E（篡改同意书日期）直接符合法律明文规定的推定过错情形。选项A（未提供患者要求的药品）需判断是否违反诊疗规范，但题目未说明合理性，不必然推定过错；选项C（未更新电子档案）和D（合法销毁病历）不符合推定过错的法定条件。

【最终答案】：BE",客观题,BE
医患关系,"你是一个严格按照要求答题的医学考试考生。请你先展示出完整的思考过程，然后再输出最终答案。每道题目有至少两个选项（A、B）至多五个选项（A、B、C、D、E），题目为不定项选择题，请按照以下格式作答：

【思考过程】：...

【最终答案】：AB / BCE / CD / DE / E / ...（只输出选项的编号，不要写选项内容）

示例：
题目：医疗伦理中四大基本原则是？
A.尊重自主权
B.善意行为
C.无害原则
D.公正原则
E.以上都不是
【思考过程】：本题考查医学伦理的四大基本原则，包括尊重自主权、不伤害原则、行善原则、公正原则。

【最终答案】：ABCD

题目：患者在诊疗活动中受到损害时，下列哪种情形会被推定医疗机构存在过错？
A.未及时更新医疗设备导致误诊
B.拒绝提供与纠纷有关的病历资料
C.因保管不当遗失手术知情同意书
D.伪造患者病程记录
E.未告知患者替代治疗方案
【思考过程】：",BCD,Qwen3-235B-A22B,"【思考过程】：根据《民法典》第1222条，医疗机构存在以下情形推定过错：违反诊疗规范、隐匿/拒绝提供病历、遗失/伪造/篡改病历资料。选项B（拒绝提供病历）符合第二种情形；选项C（遗失手术知情同意书）属于遗失病历资料；选项D（伪造病程记录）属于伪造病历资料。选项A（未更新设备导致误诊）需具体是否违反诊疗规范，但题目未明确该设备更新是否属强制性规范要求，故不直接推定过错。选项E（未告知替代方案）属于未尽说明义务，需患者举证，而非法律推定过错。

【最终答案】：BCD",客观题,BCD
医患关系,"你是一个严格按照要求答题的医学考试考生。请你先展示出完整的思考过程，然后再输出最终答案。每道题目有至少两个选项（A、B）至多五个选项（A、B、C、D、E），题目为不定项选择题，请按照以下格式作答：

【思考过程】：...

【最终答案】：AB / BCE / CD / DE / E / ...（只输出选项的编号，不要写选项内容）

示例：
题目：医疗伦理中四大基本原则是？
A.尊重自主权
B.善意行为
C.无害原则
D.公正原则
E.以上都不是
【思考过程】：本题考查医学伦理的四大基本原则，包括尊重自主权、不伤害原则、行善原则、公正原则。

【最终答案】：ABCD

题目：患者在诊疗活动中受到损害时，以下哪种情形应当推定医疗机构存在过错？
A.医务人员未向患者说明全部替代治疗方案
B.医疗机构未在手术前3小时进行最终病情确认
C.诊疗行为违反了省级卫健委发布的诊疗技术操作规范
D.因设备故障导致检查延迟超过30分钟
【思考过程】：",C,Qwen3-235B-A22B,"【思考过程】：根据《民法典》第1222条，医疗机构存在以下情形可推定过错：违反法律、法规、诊疗规范；隐匿、拒绝提供或伪造病历。选项C明确违反省级卫健委的诊疗技术操作规范（属诊疗规范），符合推定过错条件。选项A涉及知情同意问题，但需具体判断是否违反明确规范；选项B和D属于流程或意外情况，无直接法律依据推定过错。

【最终答案】：C",客观题,C
医患关系,"你是一个严格按照要求答题的医学考试考生。请你先展示出完整的思考过程，然后再输出最终答案。每道题目有至少两个选项（A、B）至多五个选项（A、B、C、D、E），题目为不定项选择题，请按照以下格式作答：

【思考过程】：...

【最终答案】：AB / BCE / CD / DE / E / ...（只输出选项的编号，不要写选项内容）

示例：
题目：医疗伦理中四大基本原则是？
A.尊重自主权
B.善意行为
C.无害原则
D.公正原则
E.以上都不是
【思考过程】：本题考查医学伦理的四大基本原则，包括尊重自主权、不伤害原则、行善原则、公正原则。

【最终答案】：ABCD

题目：患者因手术后并发症起诉医院，以下哪种情形可推定医疗机构存在过错？
A.篡改患者既往病史记录
B.拒绝提供手术知情同意书原件
C.未告知患者替代治疗方案
D.延误处理患者投诉信件
【思考过程】：",B,Qwen3-235B-A22B,"【思考过程】：根据《侵权责任法》第五十八条，医疗机构存在以下情形可推定过错：1.违反诊疗规范；2.隐匿/拒绝提供与纠纷相关的病历资料；3.伪造、篡改或销毁病历资料。选项A（篡改病史记录）符合第3种情形；选项B（拒绝提供知情同意书原件）属于第2种情形。选项C（未告知替代方案）属于未履行告知义务，但需患者举证；选项D（延误处理投诉）与诊疗行为无直接关联，不构成推定过错。

【最终答案】：AB",客观题,AB
医患关系,"你是一个严格按照要求答题的医学考试考生。请你先展示出完整的思考过程，然后再输出最终答案。每道题目有至少两个选项（A、B）至多五个选项（A、B、C、D、E），题目为不定项选择题，请按照以下格式作答：

【思考过程】：...

【最终答案】：AB / BCE / CD / DE / E / ...（只输出选项的编号，不要写选项内容）

示例：
题目：医疗伦理中四大基本原则是？
A.尊重自主权
B.善意行为
C.无害原则
D.公正原则
E.以上都不是
【思考过程】：本题考查医学伦理的四大基本原则，包括尊重自主权、不伤害原则、行善原则、公正原则。

【最终答案】：ABCD

题目：在诊疗活动中，若患者受到损害，在哪些情形下会推定医疗机构有过错？
A.遗失病历资料
B.伪造病历资料
C.篡改病历资料
D.合法销毁病历资料
E.违法销毁病历资料
【思考过程】：",ABCE,Qwen3-235B-A22B,"【思考过程】：根据《民法典》第一千二百二十二条，医疗机构在诊疗活动中存在遗失、伪造、篡改或违法销毁病历资料等情形时，推定其有过错。选项D“合法销毁病历资料”不构成过错推定情形，而E“违法销毁病历资料”符合推定过错条件。其他选项A、B、C均明确属于推定过错情形。

【最终答案】：ABCE",客观题,ABCE
医患关系,"你是一个严格按照要求答题的医学考试考生。请你先展示出完整的思考过程，然后再输出最终答案。每道题目有至少两个选项（A、B）至多五个选项（A、B、C、D、E），题目为不定项选择题，请按照以下格式作答：

【思考过程】：...

【最终答案】：AB / BCE / CD / DE / E / ...（只输出选项的编号，不要写选项内容）

示例：
题目：医疗伦理中四大基本原则是？
A.尊重自主权
B.善意行为
C.无害原则
D.公正原则
E.以上都不是
【思考过程】：本题考查医学伦理的四大基本原则，包括尊重自主权、不伤害原则、行善原则、公正原则。

【最终答案】：ABCD

题目：因输入不合格的血液造成患者损害，患者可以向以下哪些主体请求赔偿？
A.药品运输公司
B.血液提供机构
C.医疗机构
D.药品上市许可持有人
E.医疗机构监管部门
【思考过程】：",BCD,Qwen3-235B-A22B,"【思考过程】：根据《侵权责任法》相关规定，因输入不合格血液造成患者损害的，患者可向医疗机构（C）主张赔偿，因医疗机构对血液的采购、储存、使用负有直接责任。若血液本身存在质量问题，血液提供机构（B）作为血液的提供方亦应承担相应责任。药品运输公司（A）及药品上市许可持有人（D）非直接责任主体，医疗机构监管部门（E）承担行政监管责任而非民事赔偿责任。

【最终答案】：BC",客观题,BC
医患关系,"你是一个严格按照要求答题的医学考试考生。请你先展示出完整的思考过程，然后再输出最终答案。每道题目有至少两个选项（A、B）至多五个选项（A、B、C、D、E），题目为不定项选择题，请按照以下格式作答：

【思考过程】：...

【最终答案】：AB / BCE / CD / DE / E / ...（只输出选项的编号，不要写选项内容）

示例：
题目：医疗伦理中四大基本原则是？
A.尊重自主权
B.善意行为
C.无害原则
D.公正原则
E.以上都不是
【思考过程】：本题考查医学伦理的四大基本原则，包括尊重自主权、不伤害原则、行善原则、公正原则。

【最终答案】：ABCD

题目：患者在诊疗活动中受到损害时，以下哪种情形医疗机构不承担赔偿责任？
A.患者家属拒绝签署手术同意书导致延误治疗
B.急诊抢救时医务人员已尽到合理诊疗义务
C.医疗机构未提供低收费方案导致患者无力承担
D.某种罕见病现有医学技术无法确诊
E.医生未使用国际最新疗法但符合常规治疗指南
【思考过程】：",ABD,Qwen3-235B-A22B,"【思考过程】：本题考查医疗机构不承担赔偿责任的情形。根据《侵权责任法》相关规定，医疗机构免责的情形包括：患者或家属不配合诊疗（A）、医务人员已尽合理诊疗义务（B）、限于医疗水平无法诊疗（D）。此外，若医务人员未使用最新疗法但符合常规指南（E），属于无过错诊疗，亦不承担责任。选项C中，未提供低收费方案导致患者无力承担，若存在可行的低价替代方案且医疗机构未告知，则可能构成过失，故不属于免责情形。

【最终答案】：ABDE",客观题,ABDE
医患关系,"你是一个严格按照要求答题的医学考试考生。请你先展示出完整的思考过程，然后再输出最终答案。每道题目有至少两个选项（A、B）至多五个选项（A、B、C、D、E），题目为不定项选择题，请按照以下格式作答：

【思考过程】：...

【最终答案】：AB / BCE / CD / DE / E / ...（只输出选项的编号，不要写选项内容）

示例：
题目：医疗伦理中四大基本原则是？
A.尊重自主权
B.善意行为
C.无害原则
D.公正原则
E.以上都不是
【思考过程】：本题考查医学伦理的四大基本原则，包括尊重自主权、不伤害原则、行善原则、公正原则。

【最终答案】：ABCD

题目：以下哪些情形下，医疗机构对患者在诊疗活动中受到的损害不承担赔偿责任？
A.患者不配合诊疗但医疗机构存在操作过失
B.抢救呼吸衰竭患者时因设备突发故障导致并发症
C.患者家属拒绝签署手术同意书导致延误治疗
D.未向患者充分说明药物过敏风险
E.医生根据全国最新诊疗指南实施手术后仍出现并发症
F.受限于当地医疗条件无法诊断的罕见病
【思考过程】：",CEF,Qwen3-235B-A22B,"【思考过程】：本题考查医疗机构免责情形的法律规定。根据《民法典》第1224条，医疗机构不承担赔偿责任的情形包括：1.患者或其近亲属不配合符合诊疗规范的诊疗；2.抢救急危患者已尽合理诊疗义务；3.限于当时医疗水平难以诊疗。逐项分析：
A项患者不配合但机构存在过失，因机构有过失需承担相应责任，不符合免责；
B项抢救时设备故障属紧急情况，若机构无过错可免责；
C项家属拒签同意书属患者方原因，机构已履行告知义务可免责；
D项未充分告知过敏风险属未履行告知义务，机构需承担责任；
E项符合诊疗指南导致并发症属医疗规范内风险，可免责；
F项罕见病受当地医疗水平限制属“限于当时医疗水平”情形，可免责。

【最终答案】：BCEF",客观题,BCEF
医患关系,"你是一个严格按照要求答题的医学考试考生。请你先展示出完整的思考过程，然后再输出最终答案。每道题目有至少两个选项（A、B）至多五个选项（A、B、C、D、E），题目为不定项选择题，请按照以下格式作答：

【思考过程】：...

【最终答案】：AB / BCE / CD / DE / E / ...（只输出选项的编号，不要写选项内容）

示例：
题目：医疗伦理中四大基本原则是？
A.尊重自主权
B.善意行为
C.无害原则
D.公正原则
E.以上都不是
【思考过程】：本题考查医学伦理的四大基本原则，包括尊重自主权、不伤害原则、行善原则、公正原则。

【最终答案】：ABCD

题目：在下列哪种情形下，医疗机构对患者诊疗活动中受到的损害不承担赔偿责任？
A.医疗机构拒绝向家属提供纸质病历副本
B.患者未按医嘱连续服用降压药物导致病情恶化
C.护士在静脉穿刺时未严格执行无菌操作规范
D.患者近亲属隐瞒其青霉素过敏史
【思考过程】：",BD,Qwen3-235B-A22B,"【思考过程】：根据《民法典》第1224条，医疗机构不承担赔偿责任的情形包括：患者不配合诊疗（如B选项）、紧急情况下已尽合理诊疗义务、第三人原因（如D选项中近亲属隐瞒过敏史）。A选项涉及病历管理违规需承担责任；C选项属医疗过失。因此，B、D符合免责条件。

【最终答案】：BD",客观题,BD
医患关系,"你是一个严格按照要求答题的医学考试考生。请你先展示出完整的思考过程，然后再输出最终答案。每道题目有至少两个选项（A、B）至多五个选项（A、B、C、D、E），题目为不定项选择题，请按照以下格式作答：

【思考过程】：...

【最终答案】：AB / BCE / CD / DE / E / ...（只输出选项的编号，不要写选项内容）

示例：
题目：医疗伦理中四大基本原则是？
A.尊重自主权
B.善意行为
C.无害原则
D.公正原则
E.以上都不是
【思考过程】：本题考查医学伦理的四大基本原则，包括尊重自主权、不伤害原则、行善原则、公正原则。

【最终答案】：ABCD

题目：以下哪种情况医疗机构不承担赔偿责任？
A.因设备故障导致普通门诊患者发生轻微并发症
B.普通急诊诊疗中存在病历书写疏漏
C.抢救生命垂危患者时限于条件仅采取基本急救措施
D.为挽救患者生命未经家属签字实施高风险手术但存在术后感染
E.新生儿常规接种后出现罕见过敏反应
【思考过程】：",C,Qwen3-235B-A22B,"【思考过程】：根据《侵权责任法》第六十条，医疗机构在特定情况下免责。选项C属于紧急情况下尽到合理诊疗义务；D为抢救生命未经签字实施手术，若操作合规且感染属手术风险则免责；E为不可预见的罕见过敏反应，属正常风险。A若设备故障因医院疏忽则需担责；B病历疏漏属医疗过错。因此CDE符合免责情形。

【最终答案】：CDE",客观题,CDE
医患关系,"你是一个严格按照要求答题的医学考试考生。请你先展示出完整的思考过程，然后再输出最终答案。每道题目有至少两个选项（A、B）至多五个选项（A、B、C、D、E），题目为不定项选择题，请按照以下格式作答：

【思考过程】：...

【最终答案】：AB / BCE / CD / DE / E / ...（只输出选项的编号，不要写选项内容）

示例：
题目：医疗伦理中四大基本原则是？
A.尊重自主权
B.善意行为
C.无害原则
D.公正原则
E.以上都不是
【思考过程】：本题考查医学伦理的四大基本原则，包括尊重自主权、不伤害原则、行善原则、公正原则。

【最终答案】：ABCD

题目：某患者因罕见病治疗无效起诉医院。关于医疗机构免责情形，以下哪项描述正确？
A.采用当时所有技术手段仍无法诊疗的可免责
B.依据十年后的医疗水平判定诊疗缺陷
C.医务人员存在误诊但符合当时水平可免责
D.含有医疗过错的特殊情形仍需担责
【思考过程】：",AD,Qwen3-235B-A22B,"【思考过程】：本题考查医疗机构免责情形的判断。根据《民法典》相关规定，医疗机构免责需满足无过错或符合法定免责情形。选项A描述“采用当时所有技术手段仍无法诊疗”属于“限于当时医疗水平难以诊疗”，符合免责条件。选项C的“误诊符合当时医疗水平”表明无过错，亦可免责。选项B错误，判断诊疗缺陷应基于行为发生时的医疗水平。选项D强调“医疗过错”存在时仍需担责，属于责任情形而非免责情形，故不选。

【最终答案】：AC",客观题,AC
医患关系,"你是一个严格按照要求答题的医学考试考生。请你先展示出完整的思考过程，然后再输出最终答案。每道题目有至少两个选项（A、B）至多五个选项（A、B、C、D、E），题目为不定项选择题，请按照以下格式作答：

【思考过程】：...

【最终答案】：AB / BCE / CD / DE / E / ...（只输出选项的编号，不要写选项内容）

示例：
题目：医疗伦理中四大基本原则是？
A.尊重自主权
B.善意行为
C.无害原则
D.公正原则
E.以上都不是
【思考过程】：本题考查医学伦理的四大基本原则，包括尊重自主权、不伤害原则、行善原则、公正原则。

【最终答案】：ABCD

题目：下列哪项属于医疗机构必须填写并妥善保管的病历资料？
A.门诊诊断书
B.检验报告
C.入院费用明细
D.护理记录
E.门诊预约记录
【思考过程】：",BD,Qwen3-235B-A22B,"【思考过程】：根据《病历书写基本规范》，医疗机构必须保存的病历资料包括门（急）诊病历、住院病历、检验报告、护理记录等。门诊诊断书属于门（急）诊病历的一部分，护理记录属于住院病历内容。检验报告为重要医疗证据，必须保存。入院费用明细属于财务记录，门诊预约记录属于行政管理文件，均不属于病历资料。

【最终答案】：ABD",客观题,ABD
医患关系,"你是一个严格按照要求答题的医学考试考生。请你先展示出完整的思考过程，然后再输出最终答案。每道题目有至少两个选项（A、B）至多五个选项（A、B、C、D、E），题目为不定项选择题，请按照以下格式作答：

【思考过程】：...

【最终答案】：AB / BCE / CD / DE / E / ...（只输出选项的编号，不要写选项内容）

示例：
题目：医疗伦理中四大基本原则是？
A.尊重自主权
B.善意行为
C.无害原则
D.公正原则
E.以上都不是
【思考过程】：本题考查医学伦理的四大基本原则，包括尊重自主权、不伤害原则、行善原则、公正原则。

【最终答案】：ABCD

题目：以下哪些情形中医疗机构或其医务人员可能需承担侵权责任？
A.医生将患者电话号码泄露给医药代表导致患者被骚扰
B.未经患者同意向家属公开其完整电子病历
C.在学术会议中使用患者匿名病历讨论治疗方案
D.因医院系统漏洞导致患者血型信息在院内公共屏公示
【思考过程】：",ABD,Qwen3-235B-A22B,"【思考过程】：本题考查医疗侵权责任的适用情形。根据《民法典》第1219条和第1226条，医疗机构或医务人员因过错泄露患者隐私（A项）、未经同意公开病历资料（B项）、因过失导致患者信息泄露（D项）均可能构成侵权责任。而C项使用匿名病历通常不构成侵权，故不选。

【最终答案】：ABD",客观题,ABD
医患关系,"你是一个严格按照要求答题的医学考试考生。请你先展示出完整的思考过程，然后再输出最终答案。每道题目有至少两个选项（A、B）至多五个选项（A、B、C、D、E），题目为不定项选择题，请按照以下格式作答：

【思考过程】：...

【最终答案】：AB / BCE / CD / DE / E / ...（只输出选项的编号，不要写选项内容）

示例：
题目：医疗伦理中四大基本原则是？
A.尊重自主权
B.善意行为
C.无害原则
D.公正原则
E.以上都不是
【思考过程】：本题考查医学伦理的四大基本原则，包括尊重自主权、不伤害原则、行善原则、公正原则。

【最终答案】：ABCD

题目：以下哪种行为违反了《民法典》关于医疗机构诊疗规范的要求？
A.对多次就诊的慢性胃炎患者再次进行胃镜检查以排除恶性病变
B.为确诊高血压患者开具重复性心电图检查以评估药物副作用
C.根据患者强烈要求为其无指征的健康体检者进行全身PET-CT扫描
D.无症状人群体检时依据指南建议增加低剂量肺癌筛查
【思考过程】：",C,Qwen3-235B-A22B,"【思考过程】：根据《民法典》关于医疗机构诊疗规范的要求，医务人员应遵循临床诊疗规范，避免过度医疗行为。选项C中，对无指征的健康体检者进行全身PET-CT扫描属于过度检查，且PET-CT辐射量高、费用大，不符合诊疗规范。而选项A、B、D均基于临床指征或指南建议，属于合理诊疗行为。

【最终答案】：C",客观题,C
医患关系,"你是一个严格按照要求答题的医学考试考生。请你先展示出完整的思考过程，然后再输出最终答案。每道题目有至少两个选项（A、B）至多五个选项（A、B、C、D、E），题目为不定项选择题，请按照以下格式作答：

【思考过程】：...

【最终答案】：AB / BCE / CD / DE / E / ...（只输出选项的编号，不要写选项内容）

示例：
题目：医疗伦理中四大基本原则是？
A.尊重自主权
B.善意行为
C.无害原则
D.公正原则
E.以上都不是
【思考过程】：本题考查医学伦理的四大基本原则，包括尊重自主权、不伤害原则、行善原则、公正原则。

【最终答案】：ABCD

题目：以下哪些行为可能承担法律责任？
A.患者家属在诊疗室大吵大闹，导致门诊停诊数小时
B.患者强行滞留值班医生至午夜协商赔偿方案
C.患者网络发帖辱骂医院未及时接诊的主治医生
D.患者向医院投诉渠道反馈诊疗方案不满并等待处理
【思考过程】：",ABC,Qwen3-235B-A22B,"【思考过程】：选项A涉及扰乱医疗机构秩序，可能违反治安管理处罚法；选项B涉及非法限制他人人身自由，构成非法拘禁；选项C涉及网络侮辱诽谤，侵犯他人名誉权；选项D属于正常投诉行为。根据法律，A、B、C均可能承担民事或刑事责任，而D不构成违法。

【最终答案】：ABC",客观题,ABC
医患关系,"你是一个严格按照要求答题的医学考试考生。请你先展示出完整的思考过程，然后再输出最终答案。每道题目有至少两个选项（A、B）至多五个选项（A、B、C、D、E），题目为不定项选择题，请按照以下格式作答：

【思考过程】：...

【最终答案】：AB / BCE / CD / DE / E / ...（只输出选项的编号，不要写选项内容）

示例：
题目：医疗伦理中四大基本原则是？
A.尊重自主权
B.善意行为
C.无害原则
D.公正原则
E.以上都不是
【思考过程】：本题考查医学伦理的四大基本原则，包括尊重自主权、不伤害原则、行善原则、公正原则。

【最终答案】：ABCD

题目：以下哪些情况下，医生必须向患者或其近亲属说明医疗风险并取得知情同意？
A.实施肝肾功能常规检测
B.开展全麻下脊柱肿瘤切除术
C.为肺癌患者进行胸腔穿刺活检术
D.参与新型心脏支架的临床试验
E.开具阿莫西林治疗细菌性扁桃体炎
【思考过程】：",BCD,Qwen3-235B-A22B,"【思考过程】：根据《民法典》及医疗法规，医生在实施手术、特殊检查（如胸腔穿刺）、特殊治疗（如全麻手术）或临床试验时，必须明确告知医疗风险并取得书面知情同意。选项B（全麻手术）、C（胸腔穿刺活检）和D（临床试验）均属于需特别告知的情形。A（常规检测）和E（常规用药）通常无需单独书面告知。

【最终答案】：BCD",客观题,BCD
医患关系,"你是一个严格按照要求答题的医学考试考生。请你先展示出完整的思考过程，然后再输出最终答案。每道题目有至少两个选项（A、B）至多五个选项（A、B、C、D、E），题目为不定项选择题，请按照以下格式作答：

【思考过程】：...

【最终答案】：AB / BCE / CD / DE / E / ...（只输出选项的编号，不要写选项内容）

示例：
题目：医疗伦理中四大基本原则是？
A.尊重自主权
B.善意行为
C.无害原则
D.公正原则
E.以上都不是
【思考过程】：本题考查医学伦理的四大基本原则，包括尊重自主权、不伤害原则、行善原则、公正原则。

【最终答案】：ABCD

题目：下列哪项属于患者在医患关系中应当履行的义务？
A.保护个人隐私的权利
B.获取平等医疗服务的权利
C.遵守诊疗制度和医疗卫生服务秩序
D.配合医护人员工作
【思考过程】：",C,Qwen3-235B-A22B,"【思考过程】：本题考查患者在医患关系中的义务。患者在医患关系中的义务主要包括遵守诊疗制度、维护医疗秩序及配合医护人员工作。A和B均为患者的权利（如隐私权、平等医疗权），属于患者自身权益范畴，而非其应履行的责任。C和D则明确要求患者遵守医疗机构规则并配合诊疗，符合义务的定义。

【最终答案】：CD",客观题,CD
医患关系,"你是一个严格按照要求答题的医学考试考生。请你先展示出完整的思考过程，然后再输出最终答案。每道题目有至少两个选项（A、B）至多五个选项（A、B、C、D、E），题目为不定项选择题，请按照以下格式作答：

【思考过程】：...

【最终答案】：AB / BCE / CD / DE / E / ...（只输出选项的编号，不要写选项内容）

示例：
题目：医疗伦理中四大基本原则是？
A.尊重自主权
B.善意行为
C.无害原则
D.公正原则
E.以上都不是
【思考过程】：本题考查医学伦理的四大基本原则，包括尊重自主权、不伤害原则、行善原则、公正原则。

【最终答案】：ABCD

题目：下列哪些行为违反了医疗卫生人员职业伦理规范？
A.为增加收入要求患者进行不必要的重复检查
B.经家属多次请求后接受其赠送的购物卡
C.以加快手术排期为条件暗示患者支付额外费用
D.因患者症状轻微仍开具不必要的高价药物
E.根据病程发展调整抗生素使用剂量
【思考过程】：",ABCD,Qwen3-235B-A22B,"【思考过程】：本题考查医疗卫生人员职业伦理规范。违反行为包括：A（不必要的重复检查涉及过度医疗）、B（收受购物卡属于受贿）、C（暗示额外费用构成索贿）、D（不必要的高价药物属于过度治疗）。E为合理调整剂量属于规范医疗行为。

【最终答案】：ABCD",客观题,ABCD
医患关系,"你是一个严格按照要求答题的医学考试考生。请你先展示出完整的思考过程，然后再输出最终答案。每道题目有至少两个选项（A、B）至多五个选项（A、B、C、D、E），题目为不定项选择题，请按照以下格式作答：

【思考过程】：...

【最终答案】：AB / BCE / CD / DE / E / ...（只输出选项的编号，不要写选项内容）

示例：
题目：医疗伦理中四大基本原则是？
A.尊重自主权
B.善意行为
C.无害原则
D.公正原则
E.以上都不是
【思考过程】：本题考查医学伦理的四大基本原则，包括尊重自主权、不伤害原则、行善原则、公正原则。

【最终答案】：ABCD

题目：以下哪种行为明确被相关法律禁止？
A.因不满治疗效果而辱骂医生
B.在医疗纠纷中隐藏关键病历资料
C.患者家属恶意拖欠医疗费用
D.通过社交媒体公开医务人员家庭住址
【思考过程】：",AD,Qwen3-235B-A22B,"【思考过程】：本题考查法律明确禁止的行为。A选项中，辱骂医生违反《治安管理处罚法》第四十二条，属于被明确禁止的行为。B选项中，隐藏关键病历资料违反《医疗纠纷预防和处理条例》及《基本医疗卫生与健康促进法》，属于明确禁止行为。C选项中，恶意拖欠费用属于民事纠纷范畴，不直接构成刑事或行政违法。D选项中，公开医务人员住址侵犯隐私权，违反《治安管理处罚法》及《刑法》相关条款，属于明确禁止行为。因此，A、B、D均符合题干要求。

【最终答案】：ABD",客观题,ABD
医患关系,"你是一个严格按照要求答题的医学考试考生。请你先展示出完整的思考过程，然后再输出最终答案。每道题目有至少两个选项（A、B）至多五个选项（A、B、C、D、E），题目为不定项选择题，请按照以下格式作答：

【思考过程】：...

【最终答案】：AB / BCE / CD / DE / E / ...（只输出选项的编号，不要写选项内容）

示例：
题目：医疗伦理中四大基本原则是？
A.尊重自主权
B.善意行为
C.无害原则
D.公正原则
E.以上都不是
【思考过程】：本题考查医学伦理的四大基本原则，包括尊重自主权、不伤害原则、行善原则、公正原则。

【最终答案】：ABCD

题目：在紧急救治生命垂危患者时，无法取得患者或其近亲属意见的情况下，医务人员应采取何种措施？
A.立即实施必要医疗措施
B.直接联系医疗伦理委员会
C.经医疗机构负责人批准后实施措施
D.等待近亲属到场再处理
【思考过程】：",C,Qwen3-235B-A22B,"【思考过程】：根据《民法典》第1220条，抢救生命垂危患者且无法取得同意时，必须经医疗机构负责人或授权负责人批准后方可实施措施。选项C符合此规定，而选项A未提及批准环节，不符合法律要求。选项B和D均不符合紧急救治原则。

【最终答案】：C",客观题,C
医患关系,"你是一个严格按照要求答题的医学考试考生。请你先展示出完整的思考过程，然后再输出最终答案。每道题目有至少两个选项（A、B）至多五个选项（A、B、C、D、E），题目为不定项选择题，请按照以下格式作答：

【思考过程】：...

【最终答案】：AB / BCE / CD / DE / E / ...（只输出选项的编号，不要写选项内容）

示例：
题目：医疗伦理中四大基本原则是？
A.尊重自主权
B.善意行为
C.无害原则
D.公正原则
E.以上都不是
【思考过程】：本题考查医学伦理的四大基本原则，包括尊重自主权、不伤害原则、行善原则、公正原则。

【最终答案】：ABCD

题目：以下哪项做法符合医疗机构的收费规定？
A.临时调整收费项目并口头告知患者总费用
B.按物价部门规定收费并附详细清单和收据
C.免除经济困难患者的费用但不提供收据
D.收据仅显示药品费用不列检查费用
【思考过程】：",B,Qwen3-235B-A22B,"【思考过程】：本题考查医疗机构收费规定。根据相关规定，医疗机构应严格按照物价部门核定的项目和标准收费，提供详细清单及收据；调整收费需经审批且公示，不得临时口头告知；免除费用仍需开具收据；收据必须完整列明所有费用项目。选项B符合规范，A违反收费调整程序，C缺失收据，D未完整列明费用。

【最终答案】：B",客观题,B
医患关系,"你是一个严格按照要求答题的医学考试考生。请你先展示出完整的思考过程，然后再输出最终答案。每道题目有至少两个选项（A、B）至多五个选项（A、B、C、D、E），题目为不定项选择题，请按照以下格式作答：

【思考过程】：...

【最终答案】：AB / BCE / CD / DE / E / ...（只输出选项的编号，不要写选项内容）

示例：
题目：医疗伦理中四大基本原则是？
A.尊重自主权
B.善意行为
C.无害原则
D.公正原则
E.以上都不是
【思考过程】：本题考查医学伦理的四大基本原则，包括尊重自主权、不伤害原则、行善原则、公正原则。

【最终答案】：ABCD

题目：以下哪些属于医疗机构依法必须承担的职责？
A.承担预防保健工作
B.接受县级以上卫生部门委托支援农村
C.接受省级卫生部门委托指导基层医疗卫生工作
D.与企业合作开展基层营利性医疗项目
【思考过程】：",AB,Qwen3-235B-A22B,"【思考过程】：本题考查医疗机构的法定职责。根据《医疗机构管理条例》及《基本医疗卫生与健康促进法》，医疗机构需承担预防保健（A）、接受县级以上卫生行政部门委托的农村支援任务（B）、以及指导基层医疗卫生工作（C）。而选项D涉及营利性合作，不属于法定必须承担的职责。

【最终答案】：ABC",客观题,ABC
医患关系,"你是一个严格按照要求答题的医学考试考生。请你先展示出完整的思考过程，然后再输出最终答案。每道题目有至少两个选项（A、B）至多五个选项（A、B、C、D、E），题目为不定项选择题，请按照以下格式作答：

【思考过程】：...

【最终答案】：AB / BCE / CD / DE / E / ...（只输出选项的编号，不要写选项内容）

示例：
题目：医疗伦理中四大基本原则是？
A.尊重自主权
B.善意行为
C.无害原则
D.公正原则
E.以上都不是
【思考过程】：本题考查医学伦理的四大基本原则，包括尊重自主权、不伤害原则、行善原则、公正原则。

【最终答案】：ABCD

题目：在以下哪种情形下，医疗机构及其卫生技术人员必须无条件服从调遣？
A.省级卫生健康委员会因重大疾病流行统一调度医疗资源
B.某市消防局因化工厂爆炸请求医疗队支援
C.县级人民政府因举办大型活动要求医院增派值班人员
D.街道社区服务中心因老年人体检需要临时抽调医生
【思考过程】：",A,Qwen3-235B-A22B,"【思考过程】：根据《医疗机构管理条例》第四十条，发生重大灾害、事故、疾病流行等紧急情况时，医疗机构及其卫生技术人员必须服从县级以上人民政府卫生行政部门的调遣。选项A中省级卫健委因重大疾病流行调度资源属于卫生行政部门的正式调遣指令，符合法律规定，医疗机构必须无条件服从。选项B中市消防局因化工厂爆炸请求支援，虽涉及突发事件，但调遣主体为消防局（非卫生行政部门），需通过卫生行政部门协调后方可执行，因此不属于“无条件服从调遣”的情形。选项C和D均涉及非紧急或非法定调遣情形，无需无条件服从。

【最终答案】：A",客观题,A
医患关系,"你是一个严格按照要求答题的医学考试考生。请你先展示出完整的思考过程，然后再输出最终答案。每道题目有至少两个选项（A、B）至多五个选项（A、B、C、D、E），题目为不定项选择题，请按照以下格式作答：

【思考过程】：...

【最终答案】：AB / BCE / CD / DE / E / ...（只输出选项的编号，不要写选项内容）

示例：
题目：医疗伦理中四大基本原则是？
A.尊重自主权
B.善意行为
C.无害原则
D.公正原则
E.以上都不是
【思考过程】：本题考查医学伦理的四大基本原则，包括尊重自主权、不伤害原则、行善原则、公正原则。

【最终答案】：ABCD

题目：以下哪些属于医师在执业活动中必须履行的义务？
A.签订免责协议确保医院权益
B.遵循临床技术操作规范
C.对患者进行健康教育和指导
D.更新医学知识提升医疗质量
E.公开发表未经验证的医疗方案
【思考过程】：",BCD,Qwen3-235B-A22B,"【思考过程】：医师的义务包括遵循临床技术操作规范（B）、进行健康教育（C）、更新知识提升医疗质量（D）。A涉及免责协议不符合法律义务，E发表未经验证的方案违反医疗规范。

【最终答案】：BCD",客观题,BCD
医患关系,"你是一个严格按照要求答题的医学考试考生。请你先展示出完整的思考过程，然后再输出最终答案。每道题目有至少两个选项（A、B）至多五个选项（A、B、C、D、E），题目为不定项选择题，请按照以下格式作答：

【思考过程】：...

【最终答案】：AB / BCE / CD / DE / E / ...（只输出选项的编号，不要写选项内容）

示例：
题目：医疗伦理中四大基本原则是？
A.尊重自主权
B.善意行为
C.无害原则
D.公正原则
E.以上都不是
【思考过程】：本题考查医学伦理的四大基本原则，包括尊重自主权、不伤害原则、行善原则、公正原则。

【最终答案】：ABCD

题目：以下哪些属于医师在执业活动中应履行的义务？
A.执行疫情防控等公共卫生措施
B.遵守医院内部管理规范
C.提升医学专业技术能力
D.宣传与岗位无关的健康科普知识
E.保护患者个人隐私
【思考过程】：",ACE,Qwen3-235B-A22B,"【思考过程】：医师在执业活动中的义务包括执行公共卫生措施（A）、遵守机构管理规范（B）、提升专业能力（C）、保护患者隐私（E）。D选项中“与岗位无关”的健康科普并非法定义务，因此排除。

【最终答案】：ABCE",客观题,ABCE
医患关系,"你是一个严格按照要求答题的医学考试考生。请你先展示出完整的思考过程，然后再输出最终答案。每道题目有至少两个选项（A、B）至多五个选项（A、B、C、D、E），题目为不定项选择题，请按照以下格式作答：

【思考过程】：...

【最终答案】：AB / BCE / CD / DE / E / ...（只输出选项的编号，不要写选项内容）

示例：
题目：医疗伦理中四大基本原则是？
A.尊重自主权
B.善意行为
C.无害原则
D.公正原则
E.以上都不是
【思考过程】：本题考查医学伦理的四大基本原则，包括尊重自主权、不伤害原则、行善原则、公正原则。

【最终答案】：ABCD

题目：以下属于医师执业义务的是？
A.遵守临床技术操作规范和医学伦理规范
B.依法保护患者隐私和个人信息
C.宣传推广与岗位相适应的健康科普知识
D.无条件执行患者指定的治疗方案
E.优先采用最新实验性医疗技术
【思考过程】：",ABC,Qwen3-235B-A22B,"【思考过程】：医师执业义务包括遵守操作规范及伦理（A）、保护患者隐私（B）、推广健康科普（C）。D错误，因医师应依据医学判断而非无条件执行患者指定方案。E错误，因应根据患者情况选择合适技术而非优先实验性技术。

【最终答案】：ABC",客观题,ABC
医患关系,"你是一个严格按照要求答题的医学考试考生。请你先展示出完整的思考过程，然后再输出最终答案。每道题目有至少两个选项（A、B）至多五个选项（A、B、C、D、E），题目为不定项选择题，请按照以下格式作答：

【思考过程】：...

【最终答案】：AB / BCE / CD / DE / E / ...（只输出选项的编号，不要写选项内容）

示例：
题目：医疗伦理中四大基本原则是？
A.尊重自主权
B.善意行为
C.无害原则
D.公正原则
E.以上都不是
【思考过程】：本题考查医学伦理的四大基本原则，包括尊重自主权、不伤害原则、行善原则、公正原则。

【最终答案】：ABCD

题目：在实施特殊检查前，医师需要向患者或家属说明以下哪些内容？
A.医疗风险
B.替代医疗方案
C.治疗方案的成本
D.医院床位情况
E.主治医师资质
【思考过程】：",AB,Qwen3-235B-A22B,"【思考过程】：根据《中华人民共和国民法典》第一千二百一十九条，医务人员在实施特殊检查前，应当向患者说明医疗风险、替代医疗方案等情况，并取得其明确同意。治疗方案的成本、医院床位情况和主治医师资质虽可能影响患者决策，但不属于法定必须说明的核心内容。

【最终答案】：AB",客观题,AB
医患关系,"你是一个严格按照要求答题的医学考试考生。请你先展示出完整的思考过程，然后再输出最终答案。每道题目有至少两个选项（A、B）至多五个选项（A、B、C、D、E），题目为不定项选择题，请按照以下格式作答：

【思考过程】：...

【最终答案】：AB / BCE / CD / DE / E / ...（只输出选项的编号，不要写选项内容）

示例：
题目：医疗伦理中四大基本原则是？
A.尊重自主权
B.善意行为
C.无害原则
D.公正原则
E.以上都不是
【思考过程】：本题考查医学伦理的四大基本原则，包括尊重自主权、不伤害原则、行善原则、公正原则。

【最终答案】：ABCD

题目：医师在进行医疗器械临床试验时，必须满足以下哪些条件？
A.获得医院内部行政批准
B.遵守医学伦理规范
C.仅需伦理委员会口头认可
D.依法通过书面伦理审查
E.取得患者视频录像同意
【思考过程】：",BD,Qwen3-235B-A22B,"【思考过程】：根据《医疗器械临床试验质量管理规范》，临床试验需依法通过伦理委员会的书面审查（D正确），遵守医学伦理规范（B正确），并获得医疗机构内部的行政批准（A正确）。伦理审查必须为书面形式而非仅口头（C错误），患者同意需书面而非视频录像（E错误）。

【最终答案】：ABD",客观题,ABD
医患关系,"你是一个严格按照要求答题的医学考试考生。请你先展示出完整的思考过程，然后再输出最终答案。每道题目有至少两个选项（A、B）至多五个选项（A、B、C、D、E），题目为不定项选择题，请按照以下格式作答：

【思考过程】：...

【最终答案】：AB / BCE / CD / DE / E / ...（只输出选项的编号，不要写选项内容）

示例：
题目：医疗伦理中四大基本原则是？
A.尊重自主权
B.善意行为
C.无害原则
D.公正原则
E.以上都不是
【思考过程】：本题考查医学伦理的四大基本原则，包括尊重自主权、不伤害原则、行善原则、公正原则。

【最终答案】：ABCD

题目：在抢救生命垂危的患者等紧急情况下，若不能取得患者或其近亲属意见，医师应采取以下哪种措施？
A.直接联系法院申请紧急处置权
B.立即自行实施医疗措施无需审批
C.经医疗机构负责人或授权负责人批准后实施
D.仅提供基础护理并等待家属到场
【思考过程】：",C,Qwen3-235B-A22B,"【思考过程】：本题考查紧急情况下医疗措施的实施流程。根据《医疗机构管理条例》第三十一条，医疗机构在实施紧急救治时，若无法取得患者或其近亲属意见，应由医疗机构负责人或授权负责人批准后实施，以确保程序合法且及时救治。选项C符合此规定；选项A涉及法院介入，不符合紧急情况时效性要求；选项B未经审批可能违反机构内部流程；选项D会延误抢救时机。

【最终答案】：C",客观题,C
医患关系,"你是一个严格按照要求答题的医学考试考生。请你先展示出完整的思考过程，然后再输出最终答案。每道题目有至少两个选项（A、B）至多五个选项（A、B、C、D、E），题目为不定项选择题，请按照以下格式作答：

【思考过程】：...

【最终答案】：AB / BCE / CD / DE / E / ...（只输出选项的编号，不要写选项内容）

示例：
题目：医疗伦理中四大基本原则是？
A.尊重自主权
B.善意行为
C.无害原则
D.公正原则
E.以上都不是
【思考过程】：本题考查医学伦理的四大基本原则，包括尊重自主权、不伤害原则、行善原则、公正原则。

【最终答案】：ABCD

题目：医生在执业过程中，下列哪些行为违反了相关规定？
A.未亲自诊查即签署医学证明文件
B.发现病历错误后补充修正并签名
C.内科医生为患者出具骨科疾病诊断书
D.将病历填写时间延迟一周后补写
E.拒绝为患者开具与病情不符的休假证明
【思考过程】：",ACD,Qwen3-235B-A22B,"【思考过程】：根据相关医学法规，A选项违反亲自诊查规定；B选项符合病历修正规范；C选项超出执业范围；D选项未及时书写病历；E选项合理拒绝不实证明。

【最终答案】：ACD",客观题,ACD
医患关系,"你是一个严格按照要求答题的医学考试考生。请你先展示出完整的思考过程，然后再输出最终答案。每道题目有至少两个选项（A、B）至多五个选项（A、B、C、D、E），题目为不定项选择题，请按照以下格式作答：

【思考过程】：...

【最终答案】：AB / BCE / CD / DE / E / ...（只输出选项的编号，不要写选项内容）

示例：
题目：医疗伦理中四大基本原则是？
A.尊重自主权
B.善意行为
C.无害原则
D.公正原则
E.以上都不是
【思考过程】：本题考查医学伦理的四大基本原则，包括尊重自主权、不伤害原则、行善原则、公正原则。

【最终答案】：ABCD

题目：以下哪些情形需要医师按照有关规定及时报告？
A.发现患者隐瞒家族遗传病史
B.发现父亲用铁链约束有智力障碍的子女
C.收集到药物临床试验阶段的无效数据
D.老年人长期不规律服用过期降压药
E.轻症患者通过社交平台售卖剩余处方药
F.患者手术后出现未预料的肾功能损伤
【思考过程】：",BDF,Qwen3-235B-A22B,"【思考过程】：本题考查医师需报告的情形，主要涉及违法行为、公共健康安全及医疗相关法规。B选项涉及家庭暴力及虐待行为，医师有责任向有关部门报告；E选项涉及非法售卖处方药，属违法行为需报告。其他选项中，A为患者隐私，C为临床试验数据常规处理，D为患者用药不当，F为术后并发症，均不构成必须报告的法定情形。

【最终答案】：BE",客观题,BE
医患关系,"你是一个严格按照要求答题的医学考试考生。请你先展示出完整的思考过程，然后再输出最终答案。每道题目有至少两个选项（A、B）至多五个选项（A、B、C、D、E），题目为不定项选择题，请按照以下格式作答：

【思考过程】：...

【最终答案】：AB / BCE / CD / DE / E / ...（只输出选项的编号，不要写选项内容）

示例：
题目：医疗伦理中四大基本原则是？
A.尊重自主权
B.善意行为
C.无害原则
D.公正原则
E.以上都不是
【思考过程】：本题考查医学伦理的四大基本原则，包括尊重自主权、不伤害原则、行善原则、公正原则。

【最终答案】：ABCD

题目：以下哪些情况发生时，医师必须按照有关规定及时向所在机构或有关部门报告？
A.发现患者慢性疾病自行恶化
B.发现常规使用的医疗器械正常使用案例
C.发现可能与医疗器械有关的不良事件
D.发现患者因纠纷导致的非正常死亡
E.发现法律规定的其他需报告情形
【思考过程】：",CDE,Qwen3-235B-A22B,"【思考过程】：根据相关法规，医师在以下情况下需报告：医疗器械相关不良事件（C）、非正常死亡（D）、法律规定的其他情形（E）。选项A和B属于常规情况，无需特殊报告。

【最终答案】：CDE",客观题,CDE
医患关系,"你是一个严格按照要求答题的医学考试考生。请你先展示出完整的思考过程，然后再输出最终答案。每道题目有至少两个选项（A、B）至多五个选项（A、B、C、D、E），题目为不定项选择题，请按照以下格式作答：

【思考过程】：...

【最终答案】：AB / BCE / CD / DE / E / ...（只输出选项的编号，不要写选项内容）

示例：
题目：医疗伦理中四大基本原则是？
A.尊重自主权
B.善意行为
C.无害原则
D.公正原则
E.以上都不是
【思考过程】：本题考查医学伦理的四大基本原则，包括尊重自主权、不伤害原则、行善原则、公正原则。

【最终答案】：ABCD

题目：医师在执业活动中必须及时报告以下哪些情形？
A.发现传染病患者
B.发生医疗事故
C.发现药品不良反应
D.发现廉价仿制药
E.发现患者涉嫌非正常死亡
【思考过程】：",ABE,Qwen3-235B-A22B,"【思考过程】：根据相关法律法规，医师在执业活动中必须报告的情形包括：发现传染病患者（A）需依据《传染病防治法》报告；发生医疗事故（B）需依据《医疗事故处理条例》上报；发现药品不良反应（C）需按《药品管理法》要求报告；发现患者涉嫌非正常死亡（E）需依据死因调查相关规定报告。而选项D（廉价仿制药）若为合法仿制药则无需报告，题目未明确是否为假药或劣药，故不选。

【最终答案】：ABCE",客观题,ABCE
医患关系,"你是一个严格按照要求答题的医学考试考生。请你先展示出完整的思考过程，然后再输出最终答案。每道题目有至少两个选项（A、B）至多五个选项（A、B、C、D、E），题目为不定项选择题，请按照以下格式作答：

【思考过程】：...

【最终答案】：AB / BCE / CD / DE / E / ...（只输出选项的编号，不要写选项内容）

示例：
题目：医疗伦理中四大基本原则是？
A.尊重自主权
B.善意行为
C.无害原则
D.公正原则
E.以上都不是
【思考过程】：本题考查医学伦理的四大基本原则，包括尊重自主权、不伤害原则、行善原则、公正原则。

【最终答案】：ABCD

题目：以下哪种情况可能被责令暂停执业活动并给予警告，情节严重时可能被吊证？
A.医师在手术时因设备故障导致手术超时
B.对需要紧急救治的患者因无法联系家属而延迟处置
C.未在24小时上报患者的传染病确诊信息
D.发生医疗事故后未向主管部门报告
E.因个人关系拒绝参与非应急的社区健康讲座
【思考过程】：",BD,Qwen3-235B-A22B,"【思考过程】：本题考查医疗法规中关于医师执业处罚的情形。根据《执业医师法》及《医疗纠纷预防和处理条例》：  
1. **选项B**：对急危患者应立即救治，不得因未取得家属同意延误处置，否则可能被责令暂停执业（《执业医师法》第24条）。  
2. **选项C**：未按规定报告传染病确诊信息（如乙类传染病需24小时内上报），可能触发行政处罚（《传染病防治法》第37条）。  
3. **选项D**：发生医疗事故后隐瞒不报，属于法定处罚情形（《医疗纠纷预防和处理条例》第18条）。  
选项A属不可抗力因素（设备故障），选项E涉及职业道德但不构成执业处罚依据。

【最终答案】：BCD",客观题,BCD
医患关系,"你是一个严格按照要求答题的医学考试考生。请你先展示出完整的思考过程，然后再输出最终答案。每道题目有至少两个选项（A、B）至多五个选项（A、B、C、D、E），题目为不定项选择题，请按照以下格式作答：

【思考过程】：...

【最终答案】：AB / BCE / CD / DE / E / ...（只输出选项的编号，不要写选项内容）

示例：
题目：医疗伦理中四大基本原则是？
A.尊重自主权
B.善意行为
C.无害原则
D.公正原则
E.以上都不是
【思考过程】：本题考查医学伦理的四大基本原则，包括尊重自主权、不伤害原则、行善原则、公正原则。

【最终答案】：ABCD

题目：以下哪些行为违反了《医师法》中关于医师执业活动的规定？
A. 在紧急救治中因设备不足放弃对患者施救
B. 未按照消防部门要求参与火灾后伤员分流
C. 地震期间拒绝县卫健委的现场救援调派
D. 隐瞒工作期间发生的重大医疗过失事件
E. 执行与执业规范不符但患者家属强烈要求的治疗方案
【思考过程】：",CDE,Qwen3-235B-A22B,"【思考过程】：根据《中华人民共和国医师法》，医师在执业活动中需履行以下义务：紧急救治患者（第27条）、服从县级以上卫生行政部门调派参与突发事件救援（第28条）、如实报告医疗事故（第37条）、遵循诊疗规范（第29条）。  
A选项违反紧急救治义务，设备不足时应采取力所能及的措施或转诊，直接放弃属违规；  
B选项中消防部门无权直接调派医师参与伤员分流，不违反规定；  
C选项拒绝卫健委调派明显违反法定义务；  
D选项隐瞒重大医疗过失违反报告义务；  
E选项执行违规治疗方案违反诊疗规范。  

【最终答案】：ACDE",客观题,ACDE
医患关系,"你是一个严格按照要求答题的医学考试考生。请你先展示出完整的思考过程，然后再输出最终答案。每道题目有至少两个选项（A、B）至多五个选项（A、B、C、D、E），题目为不定项选择题，请按照以下格式作答：

【思考过程】：...

【最终答案】：AB / BCE / CD / DE / E / ...（只输出选项的编号，不要写选项内容）

示例：
题目：医疗伦理中四大基本原则是？
A.尊重自主权
B.善意行为
C.无害原则
D.公正原则
E.以上都不是
【思考过程】：本题考查医学伦理的四大基本原则，包括尊重自主权、不伤害原则、行善原则、公正原则。

【最终答案】：ABCD

题目：以下哪些属于医疗机构及其医务人员在诊疗活动中依法应当履行的义务？
A.以患者为中心并遵守诊疗规范
B.加强人文关怀
C.优先保障治疗效率最大化
D.定期开展法规培训
E.确保患者投诉优先处理
【思考过程】：",ABD,Qwen3-235B-A22B,"【思考过程】：本题考查医疗机构及医务人员的法定义务。根据《执业医师法》《医疗机构管理条例》及《医疗纠纷预防和处理条例》，医疗机构需以患者为中心、遵守诊疗规范（A正确），加强人文关怀（B正确），定期开展法规培训（D正确）。选项C“优先保障治疗效率最大化”可能违反合理诊疗原则，选项E“优先处理投诉”未明确为法定义务。

【最终答案】：ABD",客观题,ABD
医患关系,"你是一个严格按照要求答题的医学考试考生。请你先展示出完整的思考过程，然后再输出最终答案。每道题目有至少两个选项（A、B）至多五个选项（A、B、C、D、E），题目为不定项选择题，请按照以下格式作答：

【思考过程】：...

【最终答案】：AB / BCE / CD / DE / E / ...（只输出选项的编号，不要写选项内容）

示例：
题目：医疗伦理中四大基本原则是？
A.尊重自主权
B.善意行为
C.无害原则
D.公正原则
E.以上都不是
【思考过程】：本题考查医学伦理的四大基本原则，包括尊重自主权、不伤害原则、行善原则、公正原则。

【最终答案】：ABCD

题目：在哪种情况下，医务人员可未经患者或其近亲属书面同意直接实施救治？
A.患者昏迷且无法联系近亲属时的常规手术
B.门诊患者拒绝治疗但情况不危急
C.病情危急无法取得意见且经机构负责人批准
D.患者清醒但不愿听取医疗方案说明
【思考过程】：",C,Qwen3-235B-A22B,"【思考过程】：根据《医疗机构管理条例》第33条，当患者病情危急无法取得其或家属意见时，经机构负责人批准，医务人员可直接实施救治。选项C符合这一例外情况。其他选项均不符合紧急救治的法定条件。

【最终答案】：C",客观题,C
医患关系,"你是一个严格按照要求答题的医学考试考生。请你先展示出完整的思考过程，然后再输出最终答案。每道题目有至少两个选项（A、B）至多五个选项（A、B、C、D、E），题目为不定项选择题，请按照以下格式作答：

【思考过程】：...

【最终答案】：AB / BCE / CD / DE / E / ...（只输出选项的编号，不要写选项内容）

示例：
题目：医疗伦理中四大基本原则是？
A.尊重自主权
B.善意行为
C.无害原则
D.公正原则
E.以上都不是
【思考过程】：本题考查医学伦理的四大基本原则，包括尊重自主权、不伤害原则、行善原则、公正原则。

【最终答案】：ABCD

题目：根据相关法规，医疗机构在处理患者就诊疗行为提出的疑问时，应当采取以下哪些措施？
A.立即修改诊疗方案并向患者公示
B.在24小时内开展核实和自查
C.由主治医师直接向患者进行书面解释
D.指定专人向患者或其近亲属沟通并如实说明情况
E.将自查结果形成报告备案存档
【思考过程】：",D,Qwen3-235B-A22B,"【思考过程】：根据《医疗纠纷预防和处理条例》相关规定，医疗机构处理患者诊疗疑问时应指定专人沟通（D），并留存自查报告备案（E）。选项B的“24小时内”不符合法规时限要求，选项A的“立即修改诊疗方案”和C的“主治医师书面解释”均无明确法规依据。

【最终答案】：DE",客观题,DE
医患关系,"你是一个严格按照要求答题的医学考试考生。请你先展示出完整的思考过程，然后再输出最终答案。每道题目有至少两个选项（A、B）至多五个选项（A、B、C、D、E），题目为不定项选择题，请按照以下格式作答：

【思考过程】：...

【最终答案】：AB / BCE / CD / DE / E / ...（只输出选项的编号，不要写选项内容）

示例：
题目：医疗伦理中四大基本原则是？
A.尊重自主权
B.善意行为
C.无害原则
D.公正原则
E.以上都不是
【思考过程】：本题考查医学伦理的四大基本原则，包括尊重自主权、不伤害原则、行善原则、公正原则。

【最终答案】：ABCD

题目：发生医疗纠纷后，医疗机构依法应当告知患者或其近亲属的事项包括以下哪些内容？
A.解决纠纷的合法途径
B.医疗纠纷调解委员会的联系方式
C.病历资料封存与启封规定
D.医责保险赔付流程
E.病历资料查阅复制规定
【思考过程】：",ACE,Qwen3-235B-A22B,"【思考过程】：根据《医疗纠纷预防和处理条例》等相关法规，医疗机构在医疗纠纷发生后，应告知患者或其近亲属以下事项：1.解决纠纷的合法途径（A）；2.医疗纠纷调解委员会的联系方式（B）；3.病历资料封存与启封规定（C）；4.病历资料查阅复制规定（E）。而医责保险赔付流程（D）属于医疗机构内部保险操作流程，并非必须直接告知患者的内容。

【最终答案】：ABCE",客观题,ABCE
医患关系,"你是一个严格按照要求答题的医学考试考生。请你先展示出完整的思考过程，然后再输出最终答案。每道题目有至少两个选项（A、B）至多五个选项（A、B、C、D、E），题目为不定项选择题，请按照以下格式作答：

【思考过程】：...

【最终答案】：AB / BCE / CD / DE / E / ...（只输出选项的编号，不要写选项内容）

示例：
题目：医疗伦理中四大基本原则是？
A.尊重自主权
B.善意行为
C.无害原则
D.公正原则
E.以上都不是
【思考过程】：本题考查医学伦理的四大基本原则，包括尊重自主权、不伤害原则、行善原则、公正原则。

【最终答案】：ABCD

题目：当发生医疗纠纷且患者死亡时，医疗机构应当如何处理？
A.立即组织专家委员会进行内部调查
B.主动联系媒体澄清事件过程
C.向近亲属详细说明当前医疗措施的法律依据
D.及时告知患者近亲属关于尸检的相关规定
E.在获得卫生部门批准后启动医疗事故鉴定
【思考过程】：",D,Qwen3-235B-A22B,"【思考过程】：当发生医疗纠纷且患者死亡时，医疗机构的法定处理程序包括：1.必须及时告知患者近亲属关于尸检的相关规定（选项D），以明确死因并保障双方权益；2.根据《医疗纠纷预防和处理条例》，医疗事故鉴定需由医患双方共同申请或卫生行政部门委托，而非必须等待卫生部门批准后启动（选项E错误）。主动联系媒体（选项B）违反隐私保护原则；内部调查（选项A）和说明医疗措施的法律依据（选项C）并非法规明确要求的步骤。

【最终答案】：D",客观题,D
医患关系,"你是一个严格按照要求答题的医学考试考生。请你先展示出完整的思考过程，然后再输出最终答案。每道题目有至少两个选项（A、B）至多五个选项（A、B、C、D、E），题目为不定项选择题，请按照以下格式作答：

【思考过程】：...

【最终答案】：AB / BCE / CD / DE / E / ...（只输出选项的编号，不要写选项内容）

示例：
题目：医疗伦理中四大基本原则是？
A.尊重自主权
B.善意行为
C.无害原则
D.公正原则
E.以上都不是
【思考过程】：本题考查医学伦理的四大基本原则，包括尊重自主权、不伤害原则、行善原则、公正原则。

【最终答案】：ABCD

题目：以下哪些情况下医疗机构可以自行启封封存的病历资料？
A.封存满2年患者未提出解决纠纷要求
B.医疗机构与患者协商一致但未满3年
C.医疗纠纷已经解决
D.封存满3年且患者未再提出解决医疗纠纷要求
【思考过程】：",CD,Qwen3-235B-A22B,"【思考过程】：根据《医疗纠纷预防和处理条例》第二十三条，医疗机构可以自行启封封存病历资料的情形包括：医疗纠纷已经解决（选项C），或封存满3年且患者未再提出解决纠纷要求（选项D）。选项A的“2年”不符合法规规定的3年期限；选项B中“协商一致但未满3年”属于双方共同启封的情形，而非医疗机构“自行启封”的条件。

【最终答案】：CD",客观题,CD
医患关系,"你是一个严格按照要求答题的医学考试考生。请你先展示出完整的思考过程，然后再输出最终答案。每道题目有至少两个选项（A、B）至多五个选项（A、B、C、D、E），题目为不定项选择题，请按照以下格式作答：

【思考过程】：...

【最终答案】：AB / BCE / CD / DE / E / ...（只输出选项的编号，不要写选项内容）

示例：
题目：医疗伦理中四大基本原则是？
A.尊重自主权
B.善意行为
C.无害原则
D.公正原则
E.以上都不是
【思考过程】：本题考查医学伦理的四大基本原则，包括尊重自主权、不伤害原则、行善原则、公正原则。

【最终答案】：ABCD

题目：关于医疗纠纷中现场实物封存的处理，以下哪项描述是正确的？
A.封存现场实物由患者自行保管
B.检验机构可由医疗机构单独委托
C.封存满2年未解决纠纷即可启封
D.输血问题需通知血站派员到场
E.医疗机构与患者共同封存后由卫生部门指定检验机构
【思考过程】：",DE,Qwen3-235B-A22B,"【思考过程】：根据《医疗纠纷预防和处理条例》，封存现场实物应由医患双方共同进行并保管，检验机构需由卫生行政部门指定（排除A、B）。封存期限为3年而非2年（排除C）。输血问题需通知血站派员到场（D正确）。E选项符合共同封存后由卫生部门指定检验机构的规定（E正确）。

【最终答案】：DE",客观题,DE
医患关系,"你是一个严格按照要求答题的医学考试考生。请你先展示出完整的思考过程，然后再输出最终答案。每道题目有至少两个选项（A、B）至多五个选项（A、B、C、D、E），题目为不定项选择题，请按照以下格式作答：

【思考过程】：...

【最终答案】：AB / BCE / CD / DE / E / ...（只输出选项的编号，不要写选项内容）

示例：
题目：医疗伦理中四大基本原则是？
A.尊重自主权
B.善意行为
C.无害原则
D.公正原则
E.以上都不是
【思考过程】：本题考查医学伦理的四大基本原则，包括尊重自主权、不伤害原则、行善原则、公正原则。

【最终答案】：ABCD

题目：患者死亡后，医患双方对死因存在异议。关于尸检程序，以下哪几项描述符合法律规定？
A.在具备尸体冻存条件的情况下，死亡后第5天可进行尸检
B.死者的成年子女明确反对尸检但未签字，医院仍可实施尸检
C.尸检拖延导致超过规定时间引发纠纷的，由拖延方承担不利后果
D.尸检可由医疗机构具备解剖资质的主治医师独自操作
E.患者生前书面同意尸检即可免除近亲属签字流程
【思考过程】：",AC,Qwen3-235B-A22B,"【思考过程】：根据《医疗纠纷预防和处理条例》相关规定，尸检应在死亡后48小时内进行，具备冷冻条件可延长至7日内，因此A正确。近亲属明确反对但未签字时，医院无权单方实施尸检，B错误。因拖延导致无法尸检的，应由拖延方承担责任，C正确。尸检需由取得资质的尸检机构进行，医疗机构主治医师不可独自操作，D错误。患者生前书面同意不能免除近亲属签字程序，E错误。

【最终答案】：AC",客观题,AC
医患关系,"你是一个严格按照要求答题的医学考试考生。请你先展示出完整的思考过程，然后再输出最终答案。每道题目有至少两个选项（A、B）至多五个选项（A、B、C、D、E），题目为不定项选择题，请按照以下格式作答：

【思考过程】：...

【最终答案】：AB / BCE / CD / DE / E / ...（只输出选项的编号，不要写选项内容）

示例：
题目：医疗伦理中四大基本原则是？
A.尊重自主权
B.善意行为
C.无害原则
D.公正原则
E.以上都不是
【思考过程】：本题考查医学伦理的四大基本原则，包括尊重自主权、不伤害原则、行善原则、公正原则。

【最终答案】：ABCD

题目：患者在医疗机构内死亡后，尸体存放的最长期限一般不得超过多少日？
A.7日
B.12日
C.14日
D.30日
E.60日
【思考过程】：",C,Qwen3-235B-A22B,"【思考过程】：本题考查医疗机构内尸体存放的最长期限。根据《医疗机构管理条例》及实际操作规范，尸体存放通常不得超过14日，若超过该期限仍无人处理，医疗机构可依法处置。选项C（14日）符合常规规定。

【最终答案】：C",客观题,C
医患关系,"你是一个严格按照要求答题的医学考试考生。请你先展示出完整的思考过程，然后再输出最终答案。每道题目有至少两个选项（A、B）至多五个选项（A、B、C、D、E），题目为不定项选择题，请按照以下格式作答：

【思考过程】：...

【最终答案】：AB / BCE / CD / DE / E / ...（只输出选项的编号，不要写选项内容）

示例：
题目：医疗伦理中四大基本原则是？
A.尊重自主权
B.善意行为
C.无害原则
D.公正原则
E.以上都不是
【思考过程】：本题考查医学伦理的四大基本原则，包括尊重自主权、不伤害原则、行善原则、公正原则。

【最终答案】：ABCD

题目：医疗机构发生重大医疗纠纷时，应当向哪一级卫生主管部门报告？
A.所在地县级以上地方人民政府卫生主管部门
B.市级以上人民政府卫生主管部门
C.医疗机构内部医疗纠纷处理部门
D.无需报告，自行处理
E.省级政府卫生主管部门
【思考过程】：",A,Qwen3-235B-A22B,"【思考过程】：根据《医疗纠纷预防和处理条例》，医疗机构发生重大医疗纠纷时，应当立即向所在地县级以上地方人民政府卫生主管部门报告。选项A明确对应“县级以上地方人民政府卫生主管部门”，符合法规要求。选项B（市级以上）和E（省级）仅覆盖部分情形，未涵盖所有“县级以上”情形；选项C（内部部门）和D（无需报告）均不符合法规要求。

【最终答案】：A",客观题,A
医患关系,"你是一个严格按照要求答题的医学考试考生。请你先展示出完整的思考过程，然后再输出最终答案。每道题目有至少两个选项（A、B）至多五个选项（A、B、C、D、E），题目为不定项选择题，请按照以下格式作答：

【思考过程】：...

【最终答案】：AB / BCE / CD / DE / E / ...（只输出选项的编号，不要写选项内容）

示例：
题目：医疗伦理中四大基本原则是？
A.尊重自主权
B.善意行为
C.无害原则
D.公正原则
E.以上都不是
【思考过程】：本题考查医学伦理的四大基本原则，包括尊重自主权、不伤害原则、行善原则、公正原则。

【最终答案】：ABCD

题目：医疗纠纷协商解决过程中，以下哪些行为符合法律规定？
A.医患双方在急诊科候诊区开展有12人参与的协商讨论
B.推举4名家属代表与院方5名代表进行协商
C.医院因患方索赔金额过高要求其必须接受人民调解
D.协商过程中主张""以医生职业荣誉作为主要赔付依据""
【思考过程】：",B,Qwen3-235B-A22B,"【思考过程】：本题考查医疗纠纷协商的法律规定。根据《医疗纠纷预防和处理条例》，协商应在医疗机构指定场所进行，且参与人数需合理（A选项在急诊科候诊区且12人参与，违反规定）。协商双方可推举代表，患方代表一般不超过5人，院方代表人数应合理对等（B选项符合）。医疗机构不得强制患方接受人民调解（C错误）。赔偿依据应依法依规，医生职业荣誉不能作为赔付依据（D错误）。

【最终答案】：B",客观题,B
医患关系,"你是一个严格按照要求答题的医学考试考生。请你先展示出完整的思考过程，然后再输出最终答案。每道题目有至少两个选项（A、B）至多五个选项（A、B、C、D、E），题目为不定项选择题，请按照以下格式作答：

【思考过程】：...

【最终答案】：AB / BCE / CD / DE / E / ...（只输出选项的编号，不要写选项内容）

示例：
题目：医疗伦理中四大基本原则是？
A.尊重自主权
B.善意行为
C.无害原则
D.公正原则
E.以上都不是
【思考过程】：本题考查医学伦理的四大基本原则，包括尊重自主权、不伤害原则、行善原则、公正原则。

【最终答案】：ABCD

题目：关于医疗纠纷人民调解委员会委托医疗损害鉴定的流程及要求，以下哪些表述是正确的？
A.调解委员会可直接单方面委托司法鉴定机构进行鉴定
B.医学会有权自行决定是否简化鉴定程序以提高效率
C.司法鉴定机构应对出具的鉴定意见履行法定责任
D.医疗损害鉴定必须经医患双方共同委托才能启动
E.调解委员会经双方同意可代替医患委托鉴定
【思考过程】：",CE,Qwen3-235B-A22B,"【思考过程】：本题考查医疗纠纷人民调解委员会委托医疗损害鉴定的相关规定。  
A错误：调解委员会单方面委托鉴定违反程序公正，需医患双方共同委托或经双方同意由调委会代为委托。  
B错误：医学会作为鉴定机构需严格遵循法定程序，无权自行简化流程。  
C正确：司法鉴定机构作为法定鉴定主体，必须对鉴定意见承担法律责任。  
D错误：法律未规定必须由医患双方直接共同委托，调委会在双方同意下可代为委托。  
E正确：根据《医疗纠纷预防和处理条例》，调委会经医患双方同意可代为委托鉴定。  

【最终答案】：CE",客观题,CE
医患关系,"你是一个严格按照要求答题的医学考试考生。请你先展示出完整的思考过程，然后再输出最终答案。每道题目有至少两个选项（A、B）至多五个选项（A、B、C、D、E），题目为不定项选择题，请按照以下格式作答：

【思考过程】：...

【最终答案】：AB / BCE / CD / DE / E / ...（只输出选项的编号，不要写选项内容）

示例：
题目：医疗伦理中四大基本原则是？
A.尊重自主权
B.善意行为
C.无害原则
D.公正原则
E.以上都不是
【思考过程】：本题考查医学伦理的四大基本原则，包括尊重自主权、不伤害原则、行善原则、公正原则。

【最终答案】：ABCD

题目：以下哪种情形需要咨询专家或鉴定人员回避？（多选）
A.作为医疗纠纷当事人的近亲
B.与纠纷存在经济利益
C.曾发表过相关医学论文
D.与当事人是大学同窗关系
E.上个月刚担任该医院伦理委员
【思考过程】：",ABDE,Qwen3-235B-A22B,"【思考过程】：本题考查专家或鉴定人员需要回避的情形。根据医疗纠纷处理相关规定，应回避的情形包括：1.本人或近亲属与纠纷有关（A正确）；2.与纠纷存在直接利益关系（B正确）；3.曾参与案件处理或存在其他可能影响公正的情况。选项C（发表论文）属于学术行为，不构成利益冲突；选项D（大学同窗）属于普通社会关系，未达到需回避的密切程度；选项E（担任伦理委员）若未直接参与案件则无需回避，题目未明确关联性，故不选。

【最终答案】：AB",客观题,AB
医患关系,"你是一个严格按照要求答题的医学考试考生。请你先展示出完整的思考过程，然后再输出最终答案。每道题目有至少两个选项（A、B）至多五个选项（A、B、C、D、E），题目为不定项选择题，请按照以下格式作答：

【思考过程】：...

【最终答案】：AB / BCE / CD / DE / E / ...（只输出选项的编号，不要写选项内容）

示例：
题目：医疗伦理中四大基本原则是？
A.尊重自主权
B.善意行为
C.无害原则
D.公正原则
E.以上都不是
【思考过程】：本题考查医学伦理的四大基本原则，包括尊重自主权、不伤害原则、行善原则、公正原则。

【最终答案】：ABCD

题目：在下列哪种情形下，卫生主管部门应当不予受理医疗纠纷行政调解申请？
A.当事人申请后卫生主管部门未在5个工作日内作出决定
B.申请材料中缺少身份证复印件
C.已向医疗纠纷人民调解委员会提出申请但未被受理
D.已经向人民法院提起诉讼并被受理
E.医疗纠纷发生地不在本辖区
【思考过程】：",D,Qwen3-235B-A22B,"【思考过程】：根据《医疗纠纷预防和处理条例》相关规定，卫生主管部门不予受理的情形包括：①纠纷发生地不在本辖区（E）；②已向法院提起诉讼并被受理（D）。选项D涉及司法管辖优先原则，法院受理后行政调解程序终止；选项E属于管辖权问题。选项A涉及受理时限，但超期未答复属于程序瑕疵，不构成不予受理的法定理由；选项B材料缺失应要求补正，而非直接拒绝；选项C中“未被医调委受理”不影响卫生部门受理资格。

【最终答案】：DE",客观题,DE
医患关系,"你是一个严格按照要求答题的医学考试考生。请你先展示出完整的思考过程，然后再输出最终答案。每道题目有至少两个选项（A、B）至多五个选项（A、B、C、D、E），题目为不定项选择题，请按照以下格式作答：

【思考过程】：...

【最终答案】：AB / BCE / CD / DE / E / ...（只输出选项的编号，不要写选项内容）

示例：
题目：医疗伦理中四大基本原则是？
A.尊重自主权
B.善意行为
C.无害原则
D.公正原则
E.以上都不是
【思考过程】：本题考查医学伦理的四大基本原则，包括尊重自主权、不伤害原则、行善原则、公正原则。

【最终答案】：ABCD

题目：关于医疗纠纷调解过程的保密要求，以下哪些陈述是正确的？
A.调解委员会可向主管部门提交完整调解记录
B.经过医方单独同意可公开部分调解协议
C.医患双方任一方反对则不得公开调解内容
D.调解员需向第三方公开患者既往病史
E.未经双方同意不得公开调解会议录像
【思考过程】：",AE,Qwen3-235B-A22B,"【思考过程】：医疗纠纷调解的保密要求通常包括：调解内容的公开需双方同意，任一方反对则不得公开（C正确）；调解会议录像的公开同样需经双方同意，未经同意不得公开（E正确）。A选项中调解委员会提交完整记录可能违反保密原则；B选项医方单方同意公开无效；D选项公开患者病史侵犯隐私。因此正确答案为C和E。

【最终答案】：CE",客观题,CE
医患关系,"你是一个严格按照要求答题的医学考试考生。请你先展示出完整的思考过程，然后再输出最终答案。每道题目有至少两个选项（A、B）至多五个选项（A、B、C、D、E），题目为不定项选择题，请按照以下格式作答：

【思考过程】：...

【最终答案】：AB / BCE / CD / DE / E / ...（只输出选项的编号，不要写选项内容）

示例：
题目：医疗伦理中四大基本原则是？
A.尊重自主权
B.善意行为
C.无害原则
D.公正原则
E.以上都不是
【思考过程】：本题考查医学伦理的四大基本原则，包括尊重自主权、不伤害原则、行善原则、公正原则。

【最终答案】：ABCD

题目：某医疗机构被查出篡改病历资料但未造成严重后果，依据相关法规，可能面临的处罚包括哪些？
A.直接主管人员被开除
B.医务人员暂停执业活动8个月
C.主管人员降低岗位等级
D.医务人员被吊销执业证书
E.依法追究刑事责任
【思考过程】：",BC,Qwen3-235B-A22B,"【思考过程】：根据《执业医师法》第三十七条，医务人员篡改病历资料未造成严重后果的，可能面临警告或暂停执业活动（如B选项）。对主管人员的处罚可能根据情节轻重给予降级处分（C选项）。吊销执业证书（D）和刑事责任（E）适用于情节严重的情况，而开除（A）通常对应更严重后果。因此，正确选项为B和C。

【最终答案】：BC",客观题,BC
医患关系,"你是一个严格按照要求答题的医学考试考生。请你先展示出完整的思考过程，然后再输出最终答案。每道题目有至少两个选项（A、B）至多五个选项（A、B、C、D、E），题目为不定项选择题，请按照以下格式作答：

【思考过程】：...

【最终答案】：AB / BCE / CD / DE / E / ...（只输出选项的编号，不要写选项内容）

示例：
题目：医疗伦理中四大基本原则是？
A.尊重自主权
B.善意行为
C.无害原则
D.公正原则
E.以上都不是
【思考过程】：本题考查医学伦理的四大基本原则，包括尊重自主权、不伤害原则、行善原则、公正原则。

【最终答案】：ABCD

题目：以下哪种行为违反了医患关系中的伦理要求？
A.因患者宗教信仰调整沟通方式
B.因患者贫富差异限制医疗资源分配
C.拒绝为残疾患者开具与残疾无关的医疗证明
D.因患者文化程度隐瞒关键治疗风险
E.将患者医疗信息用于非诊疗相关的学术研究
【思考过程】：",BDE,Qwen3-235B-A22B,"【思考过程】：本题考查医患关系中的伦理要求。选项B涉及因贫富差异限制资源分配，违反公正原则；选项D隐瞒治疗风险违反知情同意原则；选项E未经同意使用医疗信息违反保密原则。选项A属于尊重文化背景，选项C若与病情无关则不违反伦理。

【最终答案】：BDE",客观题,BDE
医患关系,"你是一个严格按照要求答题的医学考试考生。请你先展示出完整的思考过程，然后再输出最终答案。每道题目有至少两个选项（A、B）至多五个选项（A、B、C、D、E），题目为不定项选择题，请按照以下格式作答：

【思考过程】：...

【最终答案】：AB / BCE / CD / DE / E / ...（只输出选项的编号，不要写选项内容）

示例：
题目：医疗伦理中四大基本原则是？
A.尊重自主权
B.善意行为
C.无害原则
D.公正原则
E.以上都不是
【思考过程】：本题考查医学伦理的四大基本原则，包括尊重自主权、不伤害原则、行善原则、公正原则。

【最终答案】：ABCD

题目：以下哪种行为违反了医德廉洁自律要求？
A.不参加药企赞助的学术会议
B.收取患者赠送的贵重礼品
C.推荐患者到指定药店购药以获取提成
D.私自将患者信息出售给第三方机构
【思考过程】：",BCD,Qwen3-235B-A22B,"【思考过程】：本题考查医德廉洁自律的具体要求。选项B涉及收受患者财物，C涉及利益输送，D涉及泄露患者信息，均属违规。选项A不参加药企赞助会议属于正确做法，不违规。

【最终答案】：BCD",客观题,BCD
医患关系,"你是一个严格按照要求答题的医学考试考生。请你先展示出完整的思考过程，然后再输出最终答案。每道题目有至少两个选项（A、B）至多五个选项（A、B、C、D、E），题目为不定项选择题，请按照以下格式作答：

【思考过程】：...

【最终答案】：AB / BCE / CD / DE / E / ...（只输出选项的编号，不要写选项内容）

示例：
题目：医疗伦理中四大基本原则是？
A.尊重自主权
B.善意行为
C.无害原则
D.公正原则
E.以上都不是
【思考过程】：本题考查医学伦理的四大基本原则，包括尊重自主权、不伤害原则、行善原则、公正原则。

【最终答案】：ABCD

题目：关于实验性临床医疗的知情同意要求，以下哪项符合法规规定？
A. 必须在患者本人拒绝时强制取得家属同意
B. 只需医疗机构内部伦理委员会批准即可开展
C. 口头告知患者风险后可跳过书面同意流程
D. 必须保障患者本人或其家属的知情同意权
E. 需患者和家属同时在场签署同意书
【思考过程】：",D,Qwen3-235B-A22B,"【思考过程】：根据《民法典》及《医疗机构管理条例》，实验性临床医疗必须保障患者本人的知情同意权，若患者无行为能力或限制行为能力时，才需由法定代理人（如家属）签署。选项D明确要求保障患者本人或其家属的知情同意权，符合法规要求。其他选项均存在错误：A强制家属同意不符合患者自主权；B忽略了患者知情同意的必要性；C书面同意不可省略；E未区分患者自主签署与代理签署的情形。

【最终答案】：D",客观题,D
医患关系,"你是一个严格按照要求答题的医学考试考生。请你先展示出完整的思考过程，然后再输出最终答案。每道题目有至少两个选项（A、B）至多五个选项（A、B、C、D、E），题目为不定项选择题，请按照以下格式作答：

【思考过程】：...

【最终答案】：AB / BCE / CD / DE / E / ...（只输出选项的编号，不要写选项内容）

示例：
题目：医疗伦理中四大基本原则是？
A.尊重自主权
B.善意行为
C.无害原则
D.公正原则
E.以上都不是
【思考过程】：本题考查医学伦理的四大基本原则，包括尊重自主权、不伤害原则、行善原则、公正原则。

【最终答案】：ABCD

题目：护士在履行护理职责时，下列哪项不属于规定必须包含的内容？
A.医学照顾与病情观察
B.健康教育与药物处方开具
C.协助诊疗与健康管理师资格培训
D.心理支持与康复指导
【思考过程】：",BC,Qwen3-235B-A22B,"【思考过程】：护士的职责包括医学照顾、病情观察、协助诊疗、健康教育、心理支持、康复指导等。选项B中的“药物处方开具”通常属于医师职责，护士不具有处方权；选项C中的“健康管理师资格培训”并非护士的核心职责，而是其他专业领域的培训。因此，B和C中包含的内容均不属于护士必须履行的职责。

【最终答案】：BC",客观题,BC
医患关系,"你是一个严格按照要求答题的医学考试考生。请你先展示出完整的思考过程，然后再输出最终答案。每道题目有至少两个选项（A、B）至多五个选项（A、B、C、D、E），题目为不定项选择题，请按照以下格式作答：

【思考过程】：...

【最终答案】：AB / BCE / CD / DE / E / ...（只输出选项的编号，不要写选项内容）

示例：
题目：医疗伦理中四大基本原则是？
A.尊重自主权
B.善意行为
C.无害原则
D.公正原则
E.以上都不是
【思考过程】：本题考查医学伦理的四大基本原则，包括尊重自主权、不伤害原则、行善原则、公正原则。

【最终答案】：ABCD

题目：护士在发现患者病情危急时，以下哪种做法符合相关法律法规？
A.立即通知医师并全程记录病情变化
B.优先联系患者家属说明情况
C.在医师未到达时拒绝实施任何救护措施
D.为抢救生命直接实施心脏电除颤操作
E.立即通知医师并在紧急情况下实施必要救护
【思考过程】：",E,Qwen3-235B-A22B,"【思考过程】：根据《护士条例》及急救规范，护士在患者病情危急时应立即通知医师并记录病情变化（A正确）。同时，在医师未到达前，护士应在职责范围内实施必要救护（E正确）。选项B错误（优先通知家属延误救治），C错误（拒绝救护违反急救义务），D错误（心脏电除颤需遵医嘱或协议，非护士独立操作）。  

【最终答案】：AE",客观题,AE
医患关系,"你是一个严格按照要求答题的医学考试考生。请你先展示出完整的思考过程，然后再输出最终答案。每道题目有至少两个选项（A、B）至多五个选项（A、B、C、D、E），题目为不定项选择题，请按照以下格式作答：

【思考过程】：...

【最终答案】：AB / BCE / CD / DE / E / ...（只输出选项的编号，不要写选项内容）

示例：
题目：医疗伦理中四大基本原则是？
A.尊重自主权
B.善意行为
C.无害原则
D.公正原则
E.以上都不是
【思考过程】：本题考查医学伦理的四大基本原则，包括尊重自主权、不伤害原则、行善原则、公正原则。

【最终答案】：ABCD

题目：医务人员在协同医师工作时，必须向患者解释说明的内容应包含以下哪些内容？
A.药物使用遴选、适应症、禁忌
B.适应症、禁忌、药品价格
C.适应症、禁忌、不良反应、药品生产厂家
D.药物遴选、适应症、禁忌、不良反应、注意事项、使用方法
E.指导患者调整药物剂量以节省费用
【思考过程】：",D,Qwen3-235B-A22B,"【思考过程】：医务人员在协同医师工作时，必须向患者解释说明的内容需涵盖治疗或药物的关键信息，以确保患者知情同意。根据医疗规范，必须包括适应症（治疗目的）、禁忌（禁止使用的情况）、不良反应（潜在风险）、注意事项（如饮食或活动限制）、使用方法（正确用药方式）。选项D包含这些要素，而其他选项或缺少关键内容（如A、B、C），或包含不必要信息（如C的生产厂家、E的错误建议）。因此，D最全面且符合要求。

【最终答案】：D",客观题,D
医患关系,"你是一个严格按照要求答题的医学考试考生。请你先展示出完整的思考过程，然后再输出最终答案。每道题目有至少两个选项（A、B）至多五个选项（A、B、C、D、E），题目为不定项选择题，请按照以下格式作答：

【思考过程】：...

【最终答案】：AB / BCE / CD / DE / E / ...（只输出选项的编号，不要写选项内容）

示例：
题目：医疗伦理中四大基本原则是？
A.尊重自主权
B.善意行为
C.无害原则
D.公正原则
E.以上都不是
【思考过程】：本题考查医学伦理的四大基本原则，包括尊重自主权、不伤害原则、行善原则、公正原则。

【最终答案】：ABCD

题目：以下哪个行为符合医患关系中的伦理要求？
A.主动减少患者家属的担忧
B.积极配合临床诊疗
C.巧妙探问患者隐私用于研究
D.保护患者隐私
E.优先履行医院创收指标
【思考过程】：",BD,Qwen3-235B-A22B,"【思考过程】：本题考查医患关系中的伦理要求。医学伦理基本原则包括尊重自主权、不伤害原则、行善原则和公正原则。具体到医患关系，医护人员应以患者利益为核心，保护患者隐私（D正确），积极配合诊疗（B正确）。选项C侵犯患者隐私且未经同意，违反伦理；E将医院利益置于患者之上，不符合伦理；A虽体现人文关怀，但并非医学伦理直接要求。

【最终答案】：BD",客观题,BD
医患关系,"你是一个严格按照要求答题的医学考试考生。请你先展示出完整的思考过程，然后再输出最终答案。每道题目有至少两个选项（A、B）至多五个选项（A、B、C、D、E），题目为不定项选择题，请按照以下格式作答：

【思考过程】：...

【最终答案】：AB / BCE / CD / DE / E / ...（只输出选项的编号，不要写选项内容）

示例：
题目：医疗伦理中四大基本原则是？
A.尊重自主权
B.善意行为
C.无害原则
D.公正原则
E.以上都不是
【思考过程】：本题考查医学伦理的四大基本原则，包括尊重自主权、不伤害原则、行善原则、公正原则。

【最终答案】：ABCD

题目：在医患关系中，以下哪些是医务人员必须履行的职责？
A.指导患者配合检查
B.对接触放射性物质的人员仅告知风险
C.帮助患者查询检查结果
D.对接触传染性物质的人员不采取任何防护措施
E.对接触传染性物质的人员进行风险告知并给予防护
【思考过程】：",ACE,Qwen3-235B-A22B,"【思考过程】：本题考查医务人员在医患关系中的职责。选项A符合医疗规范，医务人员需指导患者配合检查。选项B仅告知风险不符合安全要求，需采取防护措施。选项C属于患者知情权的保障，医务人员应协助查询结果。选项D违反传染病防护原则。选项E符合传染病管理规范，需告知风险并提供防护。因此正确选项为ACE。

【最终答案】：ACE",客观题,ACE
医患关系,"你是一个严格按照要求答题的医学考试考生。请你先展示出完整的思考过程，然后再输出最终答案。每道题目有至少两个选项（A、B）至多五个选项（A、B、C、D、E），题目为不定项选择题，请按照以下格式作答：

【思考过程】：...

【最终答案】：AB / BCE / CD / DE / E / ...（只输出选项的编号，不要写选项内容）

示例：
题目：医疗伦理中四大基本原则是？
A.尊重自主权
B.善意行为
C.无害原则
D.公正原则
E.以上都不是
【思考过程】：本题考查医学伦理的四大基本原则，包括尊重自主权、不伤害原则、行善原则、公正原则。

【最终答案】：ABCD

题目：下列哪项不属于医疗机构应推行的合理用药管理原则？
A.安全原则
B.有效原则
C.经济原则
D.便捷性原则
E.快速性原则
【思考过程】：",DE,Qwen3-235B-A22B,"【思考过程】：本题考查合理用药管理原则。医疗机构推行的合理用药原则包括安全、有效、经济和适当（如剂量、途径、时间等）。便捷性（D）和快速性（E）并非合理用药的核心原则，属于干扰项。

【最终答案】：DE",客观题,DE
医患关系,"你是一个严格按照要求答题的医学考试考生。请你先展示出完整的思考过程，然后再输出最终答案。每道题目有至少两个选项（A、B）至多五个选项（A、B、C、D、E），题目为不定项选择题，请按照以下格式作答：

【思考过程】：...

【最终答案】：AB / BCE / CD / DE / E / ...（只输出选项的编号，不要写选项内容）

示例：
题目：医疗伦理中四大基本原则是？
A.尊重自主权
B.善意行为
C.无害原则
D.公正原则
E.以上都不是
【思考过程】：本题考查医学伦理的四大基本原则，包括尊重自主权、不伤害原则、行善原则、公正原则。

【最终答案】：ABCD

题目：以下哪些行为符合医疗机构及其医务人员的伦理义务？
A.未经患者同意公开其诊疗方案用于学术交流，B.在监护人在场情况下仅向未成年人解释手术风险，C.为同事亲属提供患者的诊疗记录以方便病情讨论，D.签署知情同意书后实施风险性检查，E.应患者要求销毁电子病历中的隐私数据
【思考过程】：",E,Qwen3-235B-A22B,"【思考过程】：本题考查医疗机构及医务人员的伦理义务。选项D符合知情同意原则，正确；选项A、B、C、E均违反保密义务、知情同意权或病历管理规范。

【最终答案】：D",客观题,D
医患关系,"你是一个严格按照要求答题的医学考试考生。请你先展示出完整的思考过程，然后再输出最终答案。每道题目有至少两个选项（A、B）至多五个选项（A、B、C、D、E），题目为不定项选择题，请按照以下格式作答：

【思考过程】：...

【最终答案】：AB / BCE / CD / DE / E / ...（只输出选项的编号，不要写选项内容）

示例：
题目：医疗伦理中四大基本原则是？
A.尊重自主权
B.善意行为
C.无害原则
D.公正原则
E.以上都不是
【思考过程】：本题考查医学伦理的四大基本原则，包括尊重自主权、不伤害原则、行善原则、公正原则。

【最终答案】：ABCD

题目：医疗机构在保障医患关系时可以采取以下哪些措施？
A.建立医疗安全与风险管理体系制度
B.利用医疗责任保险分担风险
C.缩减高风险科室的规模
D.制订医疗纠纷处理预案
E.完善患者投诉管理体系
F.定期公开医疗纠纷详细案件
【思考过程】：",ABDE,Qwen3-235B-A22B,"【思考过程】：医疗机构保障医患关系的关键措施包括预防风险、有效应对纠纷和优化沟通渠道。A选项通过建立安全与风险管理体系直接预防医疗事故，符合要求。B选项的医疗责任保险可分担经济风险，减少医患对立。D选项的纠纷处理预案能规范应对流程，避免矛盾激化。E选项完善投诉管理，有助于患者合理表达诉求。C选项缩减高风险科室可能影响医疗服务质量，且非根本性解决方案。F选项公开详细案件涉及患者隐私，存在法律风险，不属于常规措施。

【最终答案】：ABDE",客观题,ABDE
医患关系,"你是一个严格按照要求答题的医学考试考生。请你先展示出完整的思考过程，然后再输出最终答案。每道题目有至少两个选项（A、B）至多五个选项（A、B、C、D、E），题目为不定项选择题，请按照以下格式作答：

【思考过程】：...

【最终答案】：AB / BCE / CD / DE / E / ...（只输出选项的编号，不要写选项内容）

示例：
题目：医疗伦理中四大基本原则是？
A.尊重自主权
B.善意行为
C.无害原则
D.公正原则
E.以上都不是
【思考过程】：本题考查医学伦理的四大基本原则，包括尊重自主权、不伤害原则、行善原则、公正原则。

【最终答案】：ABCD

题目：某医院在接诊时，不得以下列哪些因素作为拒绝收治或歧视患者的依据？
A.患者职业等级
B.患者婚姻状况
C.患者宗教信仰
D.患者性取向
E.患者经济地位
【思考过程】：",BCDE,Qwen3-235B-A22B,"【思考过程】：医疗机构不得以职业等级、婚姻状况、宗教信仰、性取向或经济地位作为拒绝收治或歧视患者的依据，这体现了医疗公平性和对患者权利的尊重。相关法律和伦理原则明确禁止基于这些非医疗相关因素的歧视行为。

【最终答案】：ABCDE",客观题,ABCDE
医患关系,"你是一个严格按照要求答题的医学考试考生。请你先展示出完整的思考过程，然后再输出最终答案。每道题目有至少两个选项（A、B）至多五个选项（A、B、C、D、E），题目为不定项选择题，请按照以下格式作答：

【思考过程】：...

【最终答案】：AB / BCE / CD / DE / E / ...（只输出选项的编号，不要写选项内容）

示例：
题目：医疗伦理中四大基本原则是？
A.尊重自主权
B.善意行为
C.无害原则
D.公正原则
E.以上都不是
【思考过程】：本题考查医学伦理的四大基本原则，包括尊重自主权、不伤害原则、行善原则、公正原则。

【最终答案】：ABCD

题目：以下哪种行为违反了关于医患沟通的相关规定？
A.使用通俗语言将病情转化为比喻进行解释
B.向患者详细介绍治疗方案的风险和益处
C.宣传诊疗效果时夸大成功率以提高患者信心
D.开展“推荐亲友享优惠价格”的诊疗推广活动
【思考过程】：",CD,Qwen3-235B-A22B,"【思考过程】：选项C涉及夸大诊疗成功率，属于虚假宣传，违反医患沟通的真实性原则；选项D通过利益诱导患者推荐他人就诊，可能影响医疗行为的公正性，违反相关规定。而选项A和B均符合医患沟通中信息透明化和患者知情权的要求。

【最终答案】：CD",客观题,CD
医患关系,"你是一个严格按照要求答题的医学考试考生。请你先展示出完整的思考过程，然后再输出最终答案。每道题目有至少两个选项（A、B）至多五个选项（A、B、C、D、E），题目为不定项选择题，请按照以下格式作答：

【思考过程】：...

【最终答案】：AB / BCE / CD / DE / E / ...（只输出选项的编号，不要写选项内容）

示例：
题目：医疗伦理中四大基本原则是？
A.尊重自主权
B.善意行为
C.无害原则
D.公正原则
E.以上都不是
【思考过程】：本题考查医学伦理的四大基本原则，包括尊重自主权、不伤害原则、行善原则、公正原则。

【最终答案】：ABCD

题目：下列哪一种行为可能违反医学伦理相关法条？
A.为科研目的擅自增加非必要的放射性检查
B.在可预见的风险范围内调整麻醉方案以缩短手术时间
C.因门诊量大而使用超出说明书最高剂量10%的抗生素加快疗效
D.隐瞒罕见手术并发症风险以减轻患者焦虑
【思考过程】：",ACD,Qwen3-235B-A22B,"【思考过程】：本题考查医学伦理相关法条的违反行为。选项A涉及未经患者同意的非必要检查，违反不伤害原则和知情同意；选项C超剂量用药直接危害患者安全，属于不伤害原则的违背；选项D隐瞒并发症风险侵犯患者知情权，违反尊重自主原则。选项B在风险可控范围内调整方案属于合理医疗行为。

【最终答案】：ACD",客观题,ACD
医患关系,"你是一个严格按照要求答题的医学考试考生。请你先展示出完整的思考过程，然后再输出最终答案。每道题目有至少两个选项（A、B）至多五个选项（A、B、C、D、E），题目为不定项选择题，请按照以下格式作答：

【思考过程】：...

【最终答案】：AB / BCE / CD / DE / E / ...（只输出选项的编号，不要写选项内容）

示例：
题目：医疗伦理中四大基本原则是？
A.尊重自主权
B.善意行为
C.无害原则
D.公正原则
E.以上都不是
【思考过程】：本题考查医学伦理的四大基本原则，包括尊重自主权、不伤害原则、行善原则、公正原则。

【最终答案】：ABCD

题目：根据相关法律法规，以下哪些行为违反了医师在医患关系中的伦理义务？（多选）
A.适当简化知情同意流程以减轻工作负担
B.在患者签署同意书前充分解释医疗风险
C.将书面知情同意书作为避免医患纠纷的唯一依据
D.花费15分钟与患者讨论替代治疗方案
E.仅通过电话回访确认术后恢复情况
【思考过程】：",ACE,Qwen3-235B-A22B,"【思考过程】：本题考查医师在医患关系中的伦理义务。  
A选项违反了知情同意原则，简化流程可能损害患者知情权；  
C选项错误地将书面同意书作为唯一依据，忽视了实际沟通与患者理解的重要性；  
E选项术后仅电话回访可能无法全面评估患者状况，违反医疗安全义务。  
B和D选项体现了充分沟通和尊重患者权益的正确做法，不违反伦理。

【最终答案】：ACE",客观题,ACE
医患关系,"你是一个严格按照要求答题的医学考试考生。请你先展示出完整的思考过程，然后再输出最终答案。每道题目有至少两个选项（A、B）至多五个选项（A、B、C、D、E），题目为不定项选择题，请按照以下格式作答：

【思考过程】：...

【最终答案】：AB / BCE / CD / DE / E / ...（只输出选项的编号，不要写选项内容）

示例：
题目：医疗伦理中四大基本原则是？
A.尊重自主权
B.善意行为
C.无害原则
D.公正原则
E.以上都不是
【思考过程】：本题考查医学伦理的四大基本原则，包括尊重自主权、不伤害原则、行善原则、公正原则。

【最终答案】：ABCD

题目：医生在接诊经济困难患者时，根据伦理规范应当优先采取以下哪种做法？
A.推荐治疗成本最低的方案，B.结合医疗效果选择适宜方案并提供救助线索，C.优先推荐疗效明确但费用高昂的先进方案，D.仅提供治疗方案不参与救助工作，E.建议患者自行寻求社会救助
【思考过程】：",B,Qwen3-235B-A22B,"【思考过程】：本题考查医学伦理中医生对经济困难患者的处理原则。根据伦理规范，医生应综合考虑疗效与患者经济状况，在确保医疗效果的同时提供必要的救助协助。选项B体现了结合疗效选择方案并主动提供救助线索的做法，符合行善原则和公正原则。选项A仅关注成本可能忽视疗效，选项C与D可能加重患者负担或未尽医生责任，选项E未体现医生主动协助。因此，B为最优选择。

【最终答案】：B",客观题,B
医患关系,"你是一个严格按照要求答题的医学考试考生。请你先展示出完整的思考过程，然后再输出最终答案。每道题目有至少两个选项（A、B）至多五个选项（A、B、C、D、E），题目为不定项选择题，请按照以下格式作答：

【思考过程】：...

【最终答案】：AB / BCE / CD / DE / E / ...（只输出选项的编号，不要写选项内容）

示例：
题目：医疗伦理中四大基本原则是？
A.尊重自主权
B.善意行为
C.无害原则
D.公正原则
E.以上都不是
【思考过程】：本题考查医学伦理的四大基本原则，包括尊重自主权、不伤害原则、行善原则、公正原则。

【最终答案】：ABCD

题目：以下表述是否正确：在指导医学生临床诊疗活动时，若取得患者书面同意，则允许其实施可能造成患者短暂焦虑的操作。
A.正确
B.错误
【思考过程】：",B,Qwen3-235B-A22B,"【思考过程】：题目涉及医学伦理中的知情同意原则。患者书面同意意味着其已知情并自愿接受可能的风险或不适，包括短暂焦虑。医学生在监督下进行诊疗活动，若已取得患者书面同意，允许实施相关操作。关键在于操作是否符合医疗规范且必要，而短暂焦虑作为潜在心理影响，通常包含在知情同意范围内。

【最终答案】：A",客观题,A
医患关系,"你是一个严格按照要求答题的医学考试考生。请你先展示出完整的思考过程，然后再输出最终答案。每道题目有至少两个选项（A、B）至多五个选项（A、B、C、D、E），题目为不定项选择题，请按照以下格式作答：

【思考过程】：...

【最终答案】：AB / BCE / CD / DE / E / ...（只输出选项的编号，不要写选项内容）

示例：
题目：医疗伦理中四大基本原则是？
A.尊重自主权
B.善意行为
C.无害原则
D.公正原则
E.以上都不是
【思考过程】：本题考查医学伦理的四大基本原则，包括尊重自主权、不伤害原则、行善原则、公正原则。

【最终答案】：ABCD

题目：当患者丧失决策能力时，以下哪些方式可用于尊重其意愿？（多选）
A. 生前遗嘱
B. 替代同意
C. 家属集体表决
D. 医学专家评估
E. 患者近亲属的口头声明
【思考过程】：",AB,Qwen3-235B-A22B,"【思考过程】：当患者丧失决策能力时，尊重其意愿的合法方式包括生前遗嘱（A）和替代同意（B）。生前遗嘱是患者事先明确表达的医疗意愿，替代同意由法定代理人根据患者最佳利益及已知意愿决策。家属集体表决（C）、医学专家评估（D）和近亲属口头声明（E）均不直接体现患者明确意愿或缺乏法律依据。

【最终答案】：AB",客观题,AB
医患关系,"你是一个严格按照要求答题的医学考试考生。请你先展示出完整的思考过程，然后再输出最终答案。每道题目有至少两个选项（A、B）至多五个选项（A、B、C、D、E），题目为不定项选择题，请按照以下格式作答：

【思考过程】：...

【最终答案】：AB / BCE / CD / DE / E / ...（只输出选项的编号，不要写选项内容）

示例：
题目：医疗伦理中四大基本原则是？
A.尊重自主权
B.善意行为
C.无害原则
D.公正原则
E.以上都不是
【思考过程】：本题考查医学伦理的四大基本原则，包括尊重自主权、不伤害原则、行善原则、公正原则。

【最终答案】：ABCD

题目：以下哪些做法违反了为患者保守秘密的医疗法规？
A.在科室内部会议上对患者病情进行匿名化讨论
B.在患者本人未授权的情况下，将诊疗结果告知其直系亲属
C.未经脱敏处理将患者诊疗数据上传至公共研究平台
D.在医院走廊用患者出生年份代替姓名谈论病情
E.通过医院安全系统调阅分管患者的完整病历
【思考过程】：",BCD,Qwen3-235B-A22B,"【思考过程】：本题考查医疗保密原则的具体应用场景。选项B违反患者知情同意权；C直接泄露未脱敏数据；D使用可间接识别身份的信息在公共场合谈论病情均违反保密原则。A的匿名化讨论和E的正当职务行为属于合规操作。

【最终答案】：BCD",客观题,BCD
医患关系,"你是一个严格按照要求答题的医学考试考生。请你先展示出完整的思考过程，然后再输出最终答案。每道题目有至少两个选项（A、B）至多五个选项（A、B、C、D、E），题目为不定项选择题，请按照以下格式作答：

【思考过程】：...

【最终答案】：AB / BCE / CD / DE / E / ...（只输出选项的编号，不要写选项内容）

示例：
题目：医疗伦理中四大基本原则是？
A.尊重自主权
B.善意行为
C.无害原则
D.公正原则
E.以上都不是
【思考过程】：本题考查医学伦理的四大基本原则，包括尊重自主权、不伤害原则、行善原则、公正原则。

【最终答案】：ABCD

题目：患者李某要求查看自己的完整病历，发现其中包含其兄弟的健康隐私信息。根据相关规定，以下哪项处理方式正确？
A.直接隐瞒该部分信息以防止家庭矛盾
B.无需征求其兄弟同意即可完全公开
C.在判断该信息公开不会对李某造成伤害后仍隐瞒相关信息
D.征得李某兄弟的书面同意后告知该部分信息
【思考过程】：",D,Qwen3-235B-A22B,"【思考过程】：根据《个人信息保护法》及医疗隐私相关规定，患者有权查阅自身病历，但涉及第三方隐私信息时需确保不侵害他人权益。病历中包含李某兄弟的健康隐私，医疗机构应采取以下措施：1. 若能通过去标识化处理消除第三方身份识别信息，可直接向李某提供；2. 若无法去标识化，应征得其兄弟书面同意后方可披露该部分信息。选项D符合上述程序，既保障李某知情权又尊重其兄弟隐私权。选项A/B/C均未依法取得第三方授权或作出合理处理，违反隐私保护原则。

【最终答案】：D",客观题,D
医患关系,"你是一个严格按照要求答题的医学考试考生。请你先展示出完整的思考过程，然后再输出最终答案。每道题目有至少两个选项（A、B）至多五个选项（A、B、C、D、E），题目为不定项选择题，请按照以下格式作答：

【思考过程】：...

【最终答案】：AB / BCE / CD / DE / E / ...（只输出选项的编号，不要写选项内容）

示例：
题目：医疗伦理中四大基本原则是？
A.尊重自主权
B.善意行为
C.无害原则
D.公正原则
E.以上都不是
【思考过程】：本题考查医学伦理的四大基本原则，包括尊重自主权、不伤害原则、行善原则、公正原则。

【最终答案】：ABCD

题目：以下关于患者权利的说法中，符合我国医学伦理相关规范的有哪些？
A.患者有权拒绝医生建议的手术方案
B.医生可以优先满足患者与治疗相关的个人选择
C.患者接受化疗后若反悔，需医生评估专业意见后方可终止
D.患者要求采用替代医疗方案时，需经医院伦理委员会批准
E.患者有权在不违反法律的前提下要求调整止疼药使用剂量
【思考过程】：",AE,Qwen3-235B-A22B,"【思考过程】：本题考查我国医学伦理中患者权利的相关规范。A选项体现患者自主选择权，符合尊重自主原则；C选项强调终止治疗需医生专业评估，符合医疗规范；E选项允许患者在合法范围内调整用药，体现权利与法律的结合。B选项“优先满足”可能违背专业判断；D选项伦理委员会批准并非患者权利常规流程。

【最终答案】：ACE",客观题,ACE
医患关系,"你是一个严格按照要求答题的医学考试考生。请你先展示出完整的思考过程，然后再输出最终答案。每道题目有至少两个选项（A、B）至多五个选项（A、B、C、D、E），题目为不定项选择题，请按照以下格式作答：

【思考过程】：...

【最终答案】：AB / BCE / CD / DE / E / ...（只输出选项的编号，不要写选项内容）

示例：
题目：医疗伦理中四大基本原则是？
A.尊重自主权
B.善意行为
C.无害原则
D.公正原则
E.以上都不是
【思考过程】：本题考查医学伦理的四大基本原则，包括尊重自主权、不伤害原则、行善原则、公正原则。

【最终答案】：ABCD

题目：对于失去意识的急危患者和自杀患者，以下哪些处理符合法定要求？
A. 无法联系法定代理人时，医师可先行实施插管术，术后24小时补报管理者  
B. 对清醒后多次拔除抢救管道的自杀患者，可终止生命维持治疗  
C. 报经科主任批准后，无需等待管理者最终批复即可开展体外循环手术  
D. 医师默认为患者同意后，需经医务处书面批准方可实施开颅减压术  
E. 精神病发作者持刀自残后昏迷，按常规流程联系家属失败后立即手术
【思考过程】：",D,Qwen3-235B-A22B,"【思考过程】：根据《中华人民共和国民法典》第1217条及《医疗机构管理条例》第33条，对于急危患者无法取得患者或法定代理人同意时，医师可立即实施必要抢救措施，后续补报流程。选项A、E符合紧急处置规定。选项C涉及的体外循环手术若在科主任批准下可不等待管理者批复，符合紧急流程。选项D中开颅手术需医务处书面批准，符合重大手术审批要求。选项B中终止生命维持治疗需符合法律特别规定（如脑死亡等），患者清醒后拔管行为不必然构成终止治疗的合法依据。精神病患者紧急手术需依据监护人或法定代理人同意，选项E中“立即手术”可能存疑，但题干描述“联系家属失败”后按常规流程已尽义务，故视为合法。

【最终答案】：ACDE",客观题,ACDE
医患关系,"你是一个严格按照要求答题的医学考试考生。请你先展示出完整的思考过程，然后再输出最终答案。每道题目有至少两个选项（A、B）至多五个选项（A、B、C、D、E），题目为不定项选择题，请按照以下格式作答：

【思考过程】：...

【最终答案】：AB / BCE / CD / DE / E / ...（只输出选项的编号，不要写选项内容）

示例：
题目：医疗伦理中四大基本原则是？
A.尊重自主权
B.善意行为
C.无害原则
D.公正原则
E.以上都不是
【思考过程】：本题考查医学伦理的四大基本原则，包括尊重自主权、不伤害原则、行善原则、公正原则。

【最终答案】：ABCD

题目：关于行为能力受限患者的诊疗决策，以下哪些做法符合伦理规范？
A.用图文并茂的说明书让失语症患者指认同意事项
B.让10岁患儿独立签署全身麻醉知情同意书
C.让轻度阿尔茨海默病老人的个人意愿成为决策首要依据
D.对躁狂症发作期患者直接由近亲属代为决定
E.经专业评估确认患者具备部分决策能力时共同签署文件
【思考过程】：",AE,Qwen3-235B-A22B,"【思考过程】：本题考查行为能力受限患者的诊疗决策伦理规范。  
A选项通过图文说明帮助失语症患者表达意愿，符合尊重自主权原则，正确。  
B选项让10岁患儿独立签署知情同意书违反法律要求，未成年人需由监护人代签，错误。  
C选项未提及是否经过专业评估，直接以轻度阿尔茨海默病老人的意愿为首要依据，可能忽视其能力受限的风险，不符合规范，错误。  
D选项躁狂症发作期患者缺乏决策能力，由近亲属代为决策符合伦理，正确。  
E选项经评估确认部分能力后共同签署文件，体现了共同决策原则，正确。  

【最终答案】：ADE",客观题,ADE
医患关系,"你是一个严格按照要求答题的医学考试考生。请你先展示出完整的思考过程，然后再输出最终答案。每道题目有至少两个选项（A、B）至多五个选项（A、B、C、D、E），题目为不定项选择题，请按照以下格式作答：

【思考过程】：...

【最终答案】：AB / BCE / CD / DE / E / ...（只输出选项的编号，不要写选项内容）

示例：
题目：医疗伦理中四大基本原则是？
A.尊重自主权
B.善意行为
C.无害原则
D.公正原则
E.以上都不是
【思考过程】：本题考查医学伦理的四大基本原则，包括尊重自主权、不伤害原则、行善原则、公正原则。

【最终答案】：ABCD

题目：当患者法定代理人禁止提供必要治疗时，医生正确的做法是？
A.在任何情况下严格遵守代理人决定
B.非危急时提出异议，危急时以患者利益优先实施治疗
C.在非危急情况下强行实施治疗
D.危急时仍需等待伦理委员会批准后再治疗
【思考过程】：",B,Qwen3-235B-A22B,"【思考过程】：当法定代理人禁止必要治疗时，医生需权衡患者权益与代理人决策权。非危急情况下，医生应通过沟通或伦理委员会等途径解决争议，而非直接强制治疗（排除C）；危急情况下，若不立即治疗将导致患者生命危险，医生应优先以患者利益为重实施治疗（排除D）。严格遵循代理人决定（A）可能违背不伤害原则。因此，B选项符合伦理与法律规范。

【最终答案】：B",客观题,B
医患关系,"你是一个严格按照要求答题的医学考试考生。请你先展示出完整的思考过程，然后再输出最终答案。每道题目有至少两个选项（A、B）至多五个选项（A、B、C、D、E），题目为不定项选择题，请按照以下格式作答：

【思考过程】：...

【最终答案】：AB / BCE / CD / DE / E / ...（只输出选项的编号，不要写选项内容）

示例：
题目：医疗伦理中四大基本原则是？
A.尊重自主权
B.善意行为
C.无害原则
D.公正原则
E.以上都不是
【思考过程】：本题考查医学伦理的四大基本原则，包括尊重自主权、不伤害原则、行善原则、公正原则。

【最终答案】：ABCD

题目：发现患者涉嫌非正常死亡时，以下哪个群体不属于医疗机构应特别关注人身保护的？
A.未成年人
B.妇女
C.精神障碍者
D.残疾人
E.老年人
【思考过程】：",DE,Qwen3-235B-A22B,"【思考过程】：本题考查医疗机构在处理非正常死亡时需特别关注的人群。根据相关法规和伦理原则，医疗机构需特别关注弱势群体的人身保护。未成年人（A）、精神障碍者（C）、残疾人（D）、老年人（E）均属于法律明确规定的需特殊保护群体。而妇女（B）虽然在特定情况下（如家庭暴力）需关注，但题目未限定具体情境，因此妇女不属于普遍意义上的特别关注对象。

【最终答案】：B",客观题,B
医患关系,"你是一个严格按照要求答题的医学考试考生。请你先展示出完整的思考过程，然后再输出最终答案。每道题目有至少两个选项（A、B）至多五个选项（A、B、C、D、E），题目为不定项选择题，请按照以下格式作答：

【思考过程】：...

【最终答案】：AB / BCE / CD / DE / E / ...（只输出选项的编号，不要写选项内容）

示例：
题目：医疗伦理中四大基本原则是？
A.尊重自主权
B.善意行为
C.无害原则
D.公正原则
E.以上都不是
【思考过程】：本题考查医学伦理的四大基本原则，包括尊重自主权、不伤害原则、行善原则、公正原则。

【最终答案】：ABCD

题目：医生在提供医疗护理时必须尊重患者的哪些权利？
A.尊严权
B.根据医生建议自行调整治疗方案的义务
C.自主权
D.自由接受或拒绝治疗的权利
E.要求优先治疗的权利
【思考过程】：",ACD,Qwen3-235B-A22B,"【思考过程】：医学伦理要求医生尊重患者尊严权（A）、自主权（C）及接受或拒绝治疗的权利（D）。选项B中的“自行调整治疗方案义务”不符合医疗规范，患者无此义务。优先治疗权（E）取决于病情紧急程度，而非患者权利。因此正确答案为A、C、D。

【最终答案】：ACD",客观题,ACD
医患关系,"你是一个严格按照要求答题的医学考试考生。请你先展示出完整的思考过程，然后再输出最终答案。每道题目有至少两个选项（A、B）至多五个选项（A、B、C、D、E），题目为不定项选择题，请按照以下格式作答：

【思考过程】：...

【最终答案】：AB / BCE / CD / DE / E / ...（只输出选项的编号，不要写选项内容）

示例：
题目：医疗伦理中四大基本原则是？
A.尊重自主权
B.善意行为
C.无害原则
D.公正原则
E.以上都不是
【思考过程】：本题考查医学伦理的四大基本原则，包括尊重自主权、不伤害原则、行善原则、公正原则。

【最终答案】：ABCD

题目：医生在制定患者手术方案时应当以什么为决策核心？
A.优先缩短手术时间以降低感染风险
B.平衡手术的预期生存率提升与术后并发症风险
C.优先选择有利于科研数据收集的方案
D.充分考量患者家属的直接要求
E.优先使用成本最低的耗材
【思考过程】：",B,Qwen3-235B-A22B,"【思考过程】：医学伦理要求临床决策以患者利益为核心，遵循风险与收益平衡原则。选项B强调平衡生存率提升与并发症风险，符合伦理核心。选项A（缩短时间）可能作为风险控制因素，但非决策核心；选项C（科研需求）违背患者中心原则；选项D（家属要求）在患者自主权面前优先级较低；选项E（成本最低）可能影响医疗质量，非决策核心。因此，仅选项B符合医学伦理决策核心。

【最终答案】：B",客观题,B
医患关系,"你是一个严格按照要求答题的医学考试考生。请你先展示出完整的思考过程，然后再输出最终答案。每道题目有至少两个选项（A、B）至多五个选项（A、B、C、D、E），题目为不定项选择题，请按照以下格式作答：

【思考过程】：...

【最终答案】：AB / BCE / CD / DE / E / ...（只输出选项的编号，不要写选项内容）

示例：
题目：医疗伦理中四大基本原则是？
A.尊重自主权
B.善意行为
C.无害原则
D.公正原则
E.以上都不是
【思考过程】：本题考查医学伦理的四大基本原则，包括尊重自主权、不伤害原则、行善原则、公正原则。

【最终答案】：ABCD

题目：下列哪项属于医生在医疗过程中必须遵循的法定职责？
A.在手术前向患者家属提供详细的书面风险解释
B.在实施介入治疗前必须获得患者自愿的知悉同意
C.确保患者理解不同医疗方案的风险和收益后再进行决策
D.在急救情况下实施必要医疗措施可不获取同意
E.必须尊重患者术后改变决定停止治疗的要求
【思考过程】：",BCE,Qwen3-235B-A22B,"【思考过程】：本题考查医疗法律中关于医生法定职责的规定。根据《民法典》和医疗规范：B项属于知情同意原则的核心要求；C项是知情同意实质内容的体现；D项符合紧急避险原则；E项体现患者自主权的延续性。A项错误，因手术同意书需患者本人签署（或法定代理人），家属仅在特定情况下代理，且题干""必须""表述过于绝对。

【最终答案】：BCDE",客观题,BCDE
医患关系,"你是一个严格按照要求答题的医学考试考生。请你先展示出完整的思考过程，然后再输出最终答案。每道题目有至少两个选项（A、B）至多五个选项（A、B、C、D、E），题目为不定项选择题，请按照以下格式作答：

【思考过程】：...

【最终答案】：AB / BCE / CD / DE / E / ...（只输出选项的编号，不要写选项内容）

示例：
题目：医疗伦理中四大基本原则是？
A.尊重自主权
B.善意行为
C.无害原则
D.公正原则
E.以上都不是
【思考过程】：本题考查医学伦理的四大基本原则，包括尊重自主权、不伤害原则、行善原则、公正原则。

【最终答案】：ABCD

题目：当患者决策能力严重受损时，医生应采取的正确措施包括哪些？
A.完全由主治医师独立决定治疗方案
B.优先与患者的法定代理人直接签署同意书
C.在患者偏好不明时按照最优医疗方案执行
D.必须确保决策过程符合医学伦理准则
E.跳过患者直接联系其直系亲属代行决策
【思考过程】：",CD,Qwen3-235B-A22B,"【思考过程】：当患者决策能力严重受损时，医生应优先与法定代理人沟通（B），在患者偏好不明时遵循医疗最佳利益原则（C），同时所有决策必须符合医学伦理准则（D）。选项A错误，医生不能单方面决定；选项E错误，需先联系法定代理人而非直接联系亲属。

【最终答案】：BCD",客观题,BCD
医患关系,"你是一个严格按照要求答题的医学考试考生。请你先展示出完整的思考过程，然后再输出最终答案。每道题目有至少两个选项（A、B）至多五个选项（A、B、C、D、E），题目为不定项选择题，请按照以下格式作答：

【思考过程】：...

【最终答案】：AB / BCE / CD / DE / E / ...（只输出选项的编号，不要写选项内容）

示例：
题目：医疗伦理中四大基本原则是？
A.尊重自主权
B.善意行为
C.无害原则
D.公正原则
E.以上都不是
【思考过程】：本题考查医学伦理的四大基本原则，包括尊重自主权、不伤害原则、行善原则、公正原则。

【最终答案】：ABCD

题目：在紧急情况下，医生未获知情同意即可实施救治的条件应满足哪些要求？
A.患者处于意识清醒状态但拒绝沟通
B.已尝试联系患者法定代理人但未果
C.医疗机构主任单方面签署授权书
D.干预手段符合患者治疗前明确表达的偏好
E.实施创伤性高风险操作以缩短抢救时间
【思考过程】：",BD,Qwen3-235B-A22B,"【思考过程】：本题考查紧急情况下无需知情同意的救治条件。根据医学伦理和法律规定，医生在紧急情况下若无法联系患者或其代理人，且救治符合患者先前明确表达的意愿时可不经同意。A选项患者清醒应尝试沟通；B符合无法联系代理人的情况；C需机构主任授权无法律依据；D符合患者既往意愿；E高风险操作需必要性而非单纯缩短时间。

【最终答案】：BD",客观题,BD
医患关系,"你是一个严格按照要求答题的医学考试考生。请你先展示出完整的思考过程，然后再输出最终答案。每道题目有至少两个选项（A、B）至多五个选项（A、B、C、D、E），题目为不定项选择题，请按照以下格式作答：

【思考过程】：...

【最终答案】：AB / BCE / CD / DE / E / ...（只输出选项的编号，不要写选项内容）

示例：
题目：医疗伦理中四大基本原则是？
A.尊重自主权
B.善意行为
C.无害原则
D.公正原则
E.以上都不是
【思考过程】：本题考查医学伦理的四大基本原则，包括尊重自主权、不伤害原则、行善原则、公正原则。

【最终答案】：ABCD

题目：患者因昏迷由家属代签知情同意书后进行手术，术后患者恢复清醒意识但未主动询问治疗方案。此时医生应如何处理后续治疗？
A.无需再次获取同意，继续按原方案治疗
B.必须重新获取患者本人的知情同意
C.同时获得患者和家属签字后方可继续
D.仅在紧急情况下可免除再次同意
【思考过程】：",B,Qwen3-235B-A22B,"【思考过程】：根据医学伦理中的知情同意原则，当患者从昏迷中清醒后，具备自主决策能力时，后续治疗的知情同意权应回归患者本人。家属代签的同意书仅适用于紧急或患者无行为能力的情况，一旦患者恢复意识，医生必须重新获取患者本人的知情同意，即使患者未主动询问。选项B符合此伦理原则，而A、C、D均存在对患者自主权的忽视或条件错误。

【最终答案】：B",客观题,B
医患关系,"你是一个严格按照要求答题的医学考试考生。请你先展示出完整的思考过程，然后再输出最终答案。每道题目有至少两个选项（A、B）至多五个选项（A、B、C、D、E），题目为不定项选择题，请按照以下格式作答：

【思考过程】：...

【最终答案】：AB / BCE / CD / DE / E / ...（只输出选项的编号，不要写选项内容）

示例：
题目：医疗伦理中四大基本原则是？
A.尊重自主权
B.善意行为
C.无害原则
D.公正原则
E.以上都不是
【思考过程】：本题考查医学伦理的四大基本原则，包括尊重自主权、不伤害原则、行善原则、公正原则。

【最终答案】：ABCD

题目：以下表述是否正确：医生为满足患者的最佳利益，向患者家属详细说明治疗方案时，一并将患者曾隐瞒家属的财务状况和过敏史作为案例分享。
A.正确
B.错误
【思考过程】：",B,Qwen3-235B-A22B,"【思考过程】：本题涉及医学伦理中的隐私保护和保密原则。医生在向家属说明治疗方案时，不应泄露患者未授权披露的隐私信息（如财务状况、过敏史），即使出于“患者最佳利益”原则，也必须尊重患者隐私权。若患者未明确授权或无紧急医疗必要，分享隐私属于伦理错误。因此该行为不符合伦理规范。

【最终答案】：B",客观题,B
医患关系,"你是一个严格按照要求答题的医学考试考生。请你先展示出完整的思考过程，然后再输出最终答案。每道题目有至少两个选项（A、B）至多五个选项（A、B、C、D、E），题目为不定项选择题，请按照以下格式作答：

【思考过程】：...

【最终答案】：AB / BCE / CD / DE / E / ...（只输出选项的编号，不要写选项内容）

示例：
题目：医疗伦理中四大基本原则是？
A.尊重自主权
B.善意行为
C.无害原则
D.公正原则
E.以上都不是
【思考过程】：本题考查医学伦理的四大基本原则，包括尊重自主权、不伤害原则、行善原则、公正原则。

【最终答案】：ABCD

题目：当医生的医疗护理能力无法满足患者需求时，应当如何处理？
A.自行调整治疗方案继续治疗
B.可以继续提供能力范围内的部分治疗
C.患者未要求转诊则无需主动处理
D.只要院领导批准即可维持治疗
E.必须转诊或咨询其他胜任的卫生专业人员
【思考过程】：",E,Qwen3-235B-A22B,"【思考过程】：根据医学伦理和职业责任，当医生的能力无法满足患者需求时，应优先确保患者获得适当治疗。选项E强调必须转诊或咨询其他胜任的专业人员，符合伦理要求。选项B可能允许部分治疗，但若无法满足患者核心需求，仅提供部分治疗可能不足。其他选项（A、C、D）均存在违背职业规范或逻辑缺陷的问题。因此，正确答案为E。

【最终答案】：E",客观题,E
医患关系,"你是一个严格按照要求答题的医学考试考生。请你先展示出完整的思考过程，然后再输出最终答案。每道题目有至少两个选项（A、B）至多五个选项（A、B、C、D、E），题目为不定项选择题，请按照以下格式作答：

【思考过程】：...

【最终答案】：AB / BCE / CD / DE / E / ...（只输出选项的编号，不要写选项内容）

示例：
题目：医疗伦理中四大基本原则是？
A.尊重自主权
B.善意行为
C.无害原则
D.公正原则
E.以上都不是
【思考过程】：本题考查医学伦理的四大基本原则，包括尊重自主权、不伤害原则、行善原则、公正原则。

【最终答案】：ABCD

题目：关于医生医疗记录的要求，以下哪项最符合法规规定？
A.必须优先确保记录的准确性，时间可适当延迟
B.应在治疗后48小时内完成记录
C.允许在紧急情况下暂时不做记录，待情况稳定后补全
D.必须同时保证记录的准确性和及时性
E.患者出院后一周内完成记录即可
【思考过程】：",D,Qwen3-235B-A22B,"【思考过程】：本题考查医疗记录的法规要求。根据《病历书写基本规范》，医疗记录需同时满足准确性和及时性（D正确）。对于紧急情况，法规允许在抢救结束后6小时内补记（C正确）。选项A将时间延迟合理化不符合法规，B和E的时间限制与规范不符。因此，C和D均符合规定。

【最终答案】：CD",客观题,CD
医患关系,"你是一个严格按照要求答题的医学考试考生。请你先展示出完整的思考过程，然后再输出最终答案。每道题目有至少两个选项（A、B）至多五个选项（A、B、C、D、E），题目为不定项选择题，请按照以下格式作答：

【思考过程】：...

【最终答案】：AB / BCE / CD / DE / E / ...（只输出选项的编号，不要写选项内容）

示例：
题目：医疗伦理中四大基本原则是？
A.尊重自主权
B.善意行为
C.无害原则
D.公正原则
E.以上都不是
【思考过程】：本题考查医学伦理的四大基本原则，包括尊重自主权、不伤害原则、行善原则、公正原则。

【最终答案】：ABCD

题目：以下哪种情况下，医生可以披露患者的保密信息？
A.患者家属请求查看已故患者的完整治疗记录
B.患者自愿签署了同意公开患病史的法律文件
C.未经患者同意但可降低社区防疫风险的紧急情况
D.为患者的职业晋升考量而披露部分健康数据
E.为阻止重大公共卫生安全事件且已用尽其他方法时的最小范围披露
【思考过程】：",BE,Qwen3-235B-A22B,"【思考过程】：本题考查医生披露患者保密信息的合法情形。根据医学伦理和隐私保护原则，医生的保密义务存在例外情况，包括：1.患者明确同意（B）；2.公共卫生紧急情况（C、E）；3.法律明确要求等。选项B符合患者知情同意原则，属于合法披露。选项C和E均涉及公共卫生安全，其中E强调“用尽其他方法”和“最小范围”，符合必要性和比例原则；而C中的“紧急情况”属于直接豁免情形。选项A涉及已故患者信息，需符合法律程序或患者生前授权，题目未明确说明，故不选。选项D涉及非医疗目的，违反保密原则。因此，正确答案为B、C、E。

【最终答案】：BCE",客观题,BCE
医患关系,"你是一个严格按照要求答题的医学考试考生。请你先展示出完整的思考过程，然后再输出最终答案。每道题目有至少两个选项（A、B）至多五个选项（A、B、C、D、E），题目为不定项选择题，请按照以下格式作答：

【思考过程】：...

【最终答案】：AB / BCE / CD / DE / E / ...（只输出选项的编号，不要写选项内容）

示例：
题目：医疗伦理中四大基本原则是？
A.尊重自主权
B.善意行为
C.无害原则
D.公正原则
E.以上都不是
【思考过程】：本题考查医学伦理的四大基本原则，包括尊重自主权、不伤害原则、行善原则、公正原则。

【最终答案】：ABCD

题目：医生计划向保险公司提交患者的体检报告时，根据相关规定必须完成哪些步骤？
A.在首次会面时立即向患者说明报告目的
B.在治疗结束后口头告知患者
C.仅获取患者的口头默许
D.详细说明报告的覆盖范围及保密限度
E.取得患者的书面同意
【思考过程】：",ADE,Qwen3-235B-A22B,"【思考过程】：医生提交体检报告前，必须确保患者知情并同意。根据隐私保护法规，需详细说明信息用途及保密范围（D），并取得书面同意（E）以确保法律合规。选项A仅说明目的可能不足，B和C的口头方式不符合正式要求。

【最终答案】：DE",客观题,DE
医患关系,"你是一个严格按照要求答题的医学考试考生。请你先展示出完整的思考过程，然后再输出最终答案。每道题目有至少两个选项（A、B）至多五个选项（A、B、C、D、E），题目为不定项选择题，请按照以下格式作答：

【思考过程】：...

【最终答案】：AB / BCE / CD / DE / E / ...（只输出选项的编号，不要写选项内容）

示例：
题目：医疗伦理中四大基本原则是？
A.尊重自主权
B.善意行为
C.无害原则
D.公正原则
E.以上都不是
【思考过程】：本题考查医学伦理的四大基本原则，包括尊重自主权、不伤害原则、行善原则、公正原则。

【最终答案】：ABCD

题目：以下哪些行为符合医生在广告和营销中的伦理要求？
A.在宣传中使用""国内首创疗法""的模糊表述，B.引用某权威机构头衔但注明""个人观点与当前指南存在分歧""，C.以患者名义发布治愈故事但隐去联系方式，D.在社交媒体发布治疗案例时强调""100%无副作用""，E.标注""本疗法成功率数据来源于5年临床研究""
【思考过程】：",BE,Qwen3-235B-A22B,"【思考过程】：本题考查医生在广告和营销中的伦理要求。选项A使用模糊表述可能误导患者，不符合伦理；选项B引用权威头衔但明确说明观点分歧，符合透明原则；选项C使用患者名义隐去信息仍可能侵犯隐私或诱导患者，不符合伦理；选项D绝对化表述违反科学原则；选项E标注数据来源符合真实性要求。B和E符合伦理规范。

【最终答案】：BE",客观题,BE
医患关系,"你是一个严格按照要求答题的医学考试考生。请你先展示出完整的思考过程，然后再输出最终答案。每道题目有至少两个选项（A、B）至多五个选项（A、B、C、D、E），题目为不定项选择题，请按照以下格式作答：

【思考过程】：...

【最终答案】：AB / BCE / CD / DE / E / ...（只输出选项的编号，不要写选项内容）

示例：
题目：医疗伦理中四大基本原则是？
A.尊重自主权
B.善意行为
C.无害原则
D.公正原则
E.以上都不是
【思考过程】：本题考查医学伦理的四大基本原则，包括尊重自主权、不伤害原则、行善原则、公正原则。

【最终答案】：ABCD

题目：以下哪种行为可能违反“医生不得让商业、经济或其他利益冲突影响其专业判断”的规定？
A.参与药企资助的公益医疗项目
B.接受药企赞助的国际学术会议差旅费用
C.持有某医药公司股票但未参与相关药品处方决策
D.向患者推荐自己参与研发并拥有专利权的药物
E.在社交媒体公开分享某医疗器械的使用体验
【思考过程】：",BCD,Qwen3-235B-A22B,"【思考过程】：本题考查医学职业道德中关于利益冲突的规定。选项B中接受药企赞助的差旅费用直接涉及经济利益，可能影响专业判断；选项D推荐自研药物且拥有专利权，存在直接经济利益驱动；选项C持有股票即使不参与决策，也可能构成潜在利益冲突。而选项A公益项目通常属于合规合作，选项E分享使用体验若无利益交换则不违规。

【最终答案】：BD",客观题,BD
医患关系,"你是一个严格按照要求答题的医学考试考生。请你先展示出完整的思考过程，然后再输出最终答案。每道题目有至少两个选项（A、B）至多五个选项（A、B、C、D、E），题目为不定项选择题，请按照以下格式作答：

【思考过程】：...

【最终答案】：AB / BCE / CD / DE / E / ...（只输出选项的编号，不要写选项内容）

示例：
题目：医疗伦理中四大基本原则是？
A.尊重自主权
B.善意行为
C.无害原则
D.公正原则
E.以上都不是
【思考过程】：本题考查医学伦理的四大基本原则，包括尊重自主权、不伤害原则、行善原则、公正原则。

【最终答案】：ABCD

题目：以下哪几项属于医生在进行远程医疗时必须履行的职责？
A.仅在患者明确同意的情况下开展远程诊疗
B.确保远程诊疗在医学上具有合理性并提供必要护理
C.详细告知患者远程医疗的优势及潜在局限性
D.全程为患者的诊疗信息保密
E.条件允许时优先为患者安排面对面诊疗
【思考过程】：",BCDE,Qwen3-235B-A22B,"【思考过程】：本题考查医生在远程医疗中的职责。A涉及患者知情同意权，B强调医学合理性和护理质量，C确保患者知情权，D维护患者隐私保密义务，均为必须履行的职责。E虽体现优先面对面诊疗的倾向，但非强制性义务，故不选。

【最终答案】：ABCD",客观题,ABCD
医患关系,"你是一个严格按照要求答题的医学考试考生。请你先展示出完整的思考过程，然后再输出最终答案。每道题目有至少两个选项（A、B）至多五个选项（A、B、C、D、E），题目为不定项选择题，请按照以下格式作答：

【思考过程】：...

【最终答案】：AB / BCE / CD / DE / E / ...（只输出选项的编号，不要写选项内容）

示例：
题目：医疗伦理中四大基本原则是？
A.尊重自主权
B.善意行为
C.无害原则
D.公正原则
E.以上都不是
【思考过程】：本题考查医学伦理的四大基本原则，包括尊重自主权、不伤害原则、行善原则、公正原则。

【最终答案】：ABCD

题目：以下哪些情形违反了医生与患者的专业界限要求？
A.医生要求患者为其私人诊所免费提供清洁服务
B.医生在治疗期间频繁向患者推销高价保健品
C.医生拒绝与患者讨论治疗以外的私人事务
D.医生与当前患者发生性关系且未主动终止医患关系
E.医生在患者结束治疗一年后与其建立恋爱关系
【思考过程】：",AD,Qwen3-235B-A22B,"【思考过程】：A选项涉及医生利用患者提供非医疗相关服务，属于越界行为；B选项中推销保健品属于利用职业关系谋取私利，违反专业界限；D选项中与当前患者发生性关系是明确的严重违规。C选项为正确做法，E选项因发生在治疗结束后一年，通常不视为违反专业界限要求。

【最终答案】：ABD",客观题,ABD
医患关系,"你是一个严格按照要求答题的医学考试考生。请你先展示出完整的思考过程，然后再输出最终答案。每道题目有至少两个选项（A、B）至多五个选项（A、B、C、D、E），题目为不定项选择题，请按照以下格式作答：

【思考过程】：...

【最终答案】：AB / BCE / CD / DE / E / ...（只输出选项的编号，不要写选项内容）

示例：
题目：医疗伦理中四大基本原则是？
A.尊重自主权
B.善意行为
C.无害原则
D.公正原则
E.以上都不是
【思考过程】：本题考查医学伦理的四大基本原则，包括尊重自主权、不伤害原则、行善原则、公正原则。

【最终答案】：ABCD

题目：一位医生连续工作24小时后出现反复低热和手部震颤症状，但仍坚持为患者实施血管介入手术。根据医学伦理要求，此举最可能违反以下哪项义务？
A.优先保障患者知情权的义务
B.定期参与学术培训的义务
C.向患者公开病历资料的义务
D.保障自身健康以维持安全执业能力的义务
E.主动降低医疗费用的义务
【思考过程】：",D,Qwen3-235B-A22B,"【思考过程】：题目描述医生在身体状况异常（低热、手部震颤）下仍进行高风险手术，可能危及患者安全。医学伦理要求医生需确保自身健康以维持执业安全，避免因身体或精神状态影响医疗质量。选项D明确对应这一义务。其他选项（知情权、学术培训、公开病历、降低费用）与题干无直接关联。

【最终答案】：D",客观题,D
医患关系,"你是一个严格按照要求答题的医学考试考生。请你先展示出完整的思考过程，然后再输出最终答案。每道题目有至少两个选项（A、B）至多五个选项（A、B、C、D、E），题目为不定项选择题，请按照以下格式作答：

【思考过程】：...

【最终答案】：AB / BCE / CD / DE / E / ...（只输出选项的编号，不要写选项内容）

示例：
题目：医疗伦理中四大基本原则是？
A.尊重自主权
B.善意行为
C.无害原则
D.公正原则
E.以上都不是
【思考过程】：本题考查医学伦理的四大基本原则，包括尊重自主权、不伤害原则、行善原则、公正原则。

【最终答案】：ABCD

题目：医生出于良心反对拒绝提供合法医疗干预时，必须满足以下哪些条件或义务？
A.需获得医院伦理委员会批准后方可拒绝
B.医生必须确保患者的健康不会受到威胁
C.医生在拒绝后无需继续参与患者的治疗
D.医生应提供充分信息以便患者及时咨询其他医生
【思考过程】：",BD,Qwen3-235B-A22B,"【思考过程】：医生基于良心反对拒绝合法医疗干预时，需确保患者健康不受威胁（B），并提供必要信息帮助患者寻求其他治疗途径（D）。A涉及机构内部流程，但并非普遍必须条件。C违反持续医疗义务，错误。

【最终答案】：BD",客观题,BD
器官移植,"你是一个严格按照要求答题的医学考试考生。请你先展示出完整的思考过程，然后再输出最终答案。每道题目有至少两个选项（A、B）至多五个选项（A、B、C、D、E），题目为不定项选择题，请按照以下格式作答：

【思考过程】：...

【最终答案】：AB / BCE / CD / DE / E / ...（只输出选项的编号，不要写选项内容）

示例：
题目：医疗伦理中四大基本原则是？
A.尊重自主权
B.善意行为
C.无害原则
D.公正原则
E.以上都不是
【思考过程】：本题考查医学伦理的四大基本原则，包括尊重自主权、不伤害原则、行善原则、公正原则。

【最终答案】：ABCD

题目：以下哪些行为可能依照“故意伤害罪”或“故意杀人罪”定罪处罚？
A.组织他人出卖人体器官
B.摘取未满18周岁公民的活体器官且未经其同意
C.强迫他人捐献器官
D.违背家属意愿摘取死者尸体器官
【思考过程】：",BC,Qwen3-235B-A22B,"【思考过程】：根据《刑法》第三百三十三条之一规定，未经本人同意摘取其器官，或摘取未满18周岁者器官，或强迫、欺骗他人捐献器官的，依照故意伤害罪、故意杀人罪定罪处罚。选项B（摘取未满18周岁者活体器官且未经同意）和C（强迫他人捐献器官）符合该条款。选项A（组织出卖人体器官）构成独立的“组织出卖人体器官罪”，选项D（违背家属意愿摘取尸体器官）可能涉及侮辱尸体罪而非故意伤害或杀人罪。

【最终答案】：BC",客观题,BC
器官移植,"你是一个严格按照要求答题的医学考试考生。请你先展示出完整的思考过程，然后再输出最终答案。每道题目有至少两个选项（A、B）至多五个选项（A、B、C、D、E），题目为不定项选择题，请按照以下格式作答：

【思考过程】：...

【最终答案】：AB / BCE / CD / DE / E / ...（只输出选项的编号，不要写选项内容）

示例：
题目：医疗伦理中四大基本原则是？
A.尊重自主权
B.善意行为
C.无害原则
D.公正原则
E.以上都不是
【思考过程】：本题考查医学伦理的四大基本原则，包括尊重自主权、不伤害原则、行善原则、公正原则。

【最终答案】：ABCD

题目：以下哪些情况符合人体器官捐献的相关规定？
A.医院口头告知家属后，使用死者器官进行移植
B.死者生前未反对捐献，其父母单独书面同意捐献
C.完全民事行为能力人签署捐献协议后反悔，医院继续推进流程
D.通过承诺高额补偿利诱志愿者捐献部分肝脏
E.配偶、成年子女、父母共同签署书面文件捐献逝者器官
【思考过程】：",E,Qwen3-235B-A22B,"【思考过程】：本题考查人体器官捐献的相关法律规定。根据《人体器官移植条例》：  
1. 器官捐献需书面同意（A错误）。  
2. 死者生前未反对，其配偶、成年子女、父母可单独或共同签署书面同意（B、E正确）。  
3. 捐献者反悔应尊重其意愿（C错误）。  
4. 有偿捐献违反自愿原则（D错误）。  

【最终答案】：BE",客观题,BE
器官移植,"你是一个严格按照要求答题的医学考试考生。请你先展示出完整的思考过程，然后再输出最终答案。每道题目有至少两个选项（A、B）至多五个选项（A、B、C、D、E），题目为不定项选择题，请按照以下格式作答：

【思考过程】：...

【最终答案】：AB / BCE / CD / DE / E / ...（只输出选项的编号，不要写选项内容）

示例：
题目：医疗伦理中四大基本原则是？
A.尊重自主权
B.善意行为
C.无害原则
D.公正原则
E.以上都不是
【思考过程】：本题考查医学伦理的四大基本原则，包括尊重自主权、不伤害原则、行善原则、公正原则。

【最终答案】：ABCD

题目：以下哪项行为属于我国法律法规明确禁止的范畴？
A.医疗机构支付费用获取个人自愿提供的肝脏组织用于移植
B.亲属间无偿提供造血干细胞用于治疗
C.死者生前签署捐赠协议的遗体用于医学研究
D.医学院校通过支付费用获得遗体用于解剖教学
【思考过程】：",AD,Qwen3-235B-A22B,"【思考过程】：本题考查我国关于人体器官、遗体及组织捐献的法律规定。根据《人体器官移植条例》和《民法典》第1006条：  
1. **选项A**：医疗机构支付费用获取肝脏组织属于买卖人体器官行为，违反“自愿、无偿”原则，明确违法（《刑法》第234条之一）。  
2. **选项B**：亲属间无偿捐献造血干细胞符合法律允许的捐献范围，且未涉及交易，合法。  
3. **选项C**：死者生前签署的捐赠协议（无偿）用于医学研究，符合《民法典》规定的遗体处分规范，合法。  
4. **选项D**：支付费用获取遗体用于教学违反遗体捐献的无偿性原则，属于法律明确禁止的买卖遗体行为。  

【最终答案】：AD",客观题,AD
器官移植,"你是一个严格按照要求答题的医学考试考生。请你先展示出完整的思考过程，然后再输出最终答案。每道题目有至少两个选项（A、B）至多五个选项（A、B、C、D、E），题目为不定项选择题，请按照以下格式作答：

【思考过程】：...

【最终答案】：AB / BCE / CD / DE / E / ...（只输出选项的编号，不要写选项内容）

示例：
题目：医疗伦理中四大基本原则是？
A.尊重自主权
B.善意行为
C.无害原则
D.公正原则
E.以上都不是
【思考过程】：本题考查医学伦理的四大基本原则，包括尊重自主权、不伤害原则、行善原则、公正原则。

【最终答案】：ABCD

题目：某医院器官捐献协调员在劝说患者家属时，以下哪些行为违反我国人体器官捐献相关原则？
A.以停止支付后续治疗费用为要挟要求捐献
B.伪造器官分配优先级文件误导家属签署同意书
C.承诺捐献后可给予家属高额奖金
D.全面讲解捐献流程及风险后由其自主选择
【思考过程】：",ABC,Qwen3-235B-A22B,"【思考过程】：本题考查我国人体器官捐献相关原则。根据《人体器官移植条例》，器官捐献需遵循自愿、无偿、知情同意和公平公正原则。A选项通过威胁停止治疗费用胁迫家属，违反自愿原则；B选项伪造分配文件属于欺骗行为，破坏公正原则；C选项承诺奖金违反无偿原则；D选项完整告知并尊重选择符合知情同意原则。因此，ABC均为违规行为。

【最终答案】：ABC",客观题,ABC
器官移植,"你是一个严格按照要求答题的医学考试考生。请你先展示出完整的思考过程，然后再输出最终答案。每道题目有至少两个选项（A、B）至多五个选项（A、B、C、D、E），题目为不定项选择题，请按照以下格式作答：

【思考过程】：...

【最终答案】：AB / BCE / CD / DE / E / ...（只输出选项的编号，不要写选项内容）

示例：
题目：医疗伦理中四大基本原则是？
A.尊重自主权
B.善意行为
C.无害原则
D.公正原则
E.以上都不是
【思考过程】：本题考查医学伦理的四大基本原则，包括尊重自主权、不伤害原则、行善原则、公正原则。

【最终答案】：ABCD

题目：根据我国相关法规，关于公民人体器官捐献意愿的表述，以下哪些选项是正确的？
A.口头声明可以作为有效捐献意愿的表达方式
B.捐献意愿可通过订立遗嘱形式表达
C.已签署的器官捐献书面同意书不可单方面撤销
D.未明确反对捐献的公民去世后，其配偶单独签字即可启动器官捐献程序
E.公民生前明确反对捐献的，配偶子女仍可共同书面决定捐献
【思考过程】：",B,Qwen3-235B-A22B,"【思考过程】：根据我国《人体器官移植条例》及《民法典》相关规定：  
1. **选项A**错误，捐献意愿需书面形式，口头声明不具法律效力；  
2. **选项B**正确，遗嘱可作为捐献意愿的合法表达方式；  
3. **选项C**错误，已签署的书面同意书可单方面撤销；  
4. **选项D**错误，需配偶、子女、父母共同签字，非配偶单独决定；  
5. **选项E**错误，生前明确反对的，家属无权决定捐献。  

【最终答案】：B",客观题,B
器官移植,"你是一个严格按照要求答题的医学考试考生。请你先展示出完整的思考过程，然后再输出最终答案。每道题目有至少两个选项（A、B）至多五个选项（A、B、C、D、E），题目为不定项选择题，请按照以下格式作答：

【思考过程】：...

【最终答案】：AB / BCE / CD / DE / E / ...（只输出选项的编号，不要写选项内容）

示例：
题目：医疗伦理中四大基本原则是？
A.尊重自主权
B.善意行为
C.无害原则
D.公正原则
E.以上都不是
【思考过程】：本题考查医学伦理的四大基本原则，包括尊重自主权、不伤害原则、行善原则、公正原则。

【最终答案】：ABCD

题目：在器官移植中，若父母同意，是否可以捐献其17岁儿子的活体肾脏用于移植？
A.正确
B.错误
【思考过程】：",B,Qwen3-235B-A22B,"【思考过程】：根据器官移植相关法律，活体器官捐献者需具备完全民事行为能力（通常为18岁及以上）。17岁属于未成年人，无法自主决定捐献器官，即使父母同意，其本人因年龄限制无法成为合法捐献者。因此该行为不合法。

【最终答案】：B",客观题,B
器官移植,"你是一个严格按照要求答题的医学考试考生。请你先展示出完整的思考过程，然后再输出最终答案。每道题目有至少两个选项（A、B）至多五个选项（A、B、C、D、E），题目为不定项选择题，请按照以下格式作答：

【思考过程】：...

【最终答案】：AB / BCE / CD / DE / E / ...（只输出选项的编号，不要写选项内容）

示例：
题目：医疗伦理中四大基本原则是？
A.尊重自主权
B.善意行为
C.无害原则
D.公正原则
E.以上都不是
【思考过程】：本题考查医学伦理的四大基本原则，包括尊重自主权、不伤害原则、行善原则、公正原则。

【最终答案】：ABCD

题目：以下哪种关系符合活体器官捐献的接受人条件？
A.配偶
B.同父异母的妹妹（21岁）
C.养母
D.交往十年的好友
E.堂姐（三代以内旁系血亲）
【思考过程】：",ABE,Qwen3-235B-A22B,"【思考过程】：根据《人体器官移植条例》，活体器官捐献的接受人限于配偶、直系血亲（如父母、子女）或三代以内旁系血亲（如兄弟姐妹、堂/表兄弟姐妹）。A选项为配偶，符合；B选项同父异母妹妹属于二代旁系血亲；C选项养母为拟制直系血亲；E选项堂姐为三代旁系血亲，均符合条件。D选项好友无法律亲属关系，不符合。

【最终答案】：ABCE",客观题,ABCE
器官移植,"你是一个严格按照要求答题的医学考试考生。请你先展示出完整的思考过程，然后再输出最终答案。每道题目有至少两个选项（A、B）至多五个选项（A、B、C、D、E），题目为不定项选择题，请按照以下格式作答：

【思考过程】：...

【最终答案】：AB / BCE / CD / DE / E / ...（只输出选项的编号，不要写选项内容）

示例：
题目：医疗伦理中四大基本原则是？
A.尊重自主权
B.善意行为
C.无害原则
D.公正原则
E.以上都不是
【思考过程】：本题考查医学伦理的四大基本原则，包括尊重自主权、不伤害原则、行善原则、公正原则。

【最终答案】：ABCD

题目：国家鼓励的遗体器官捐献意愿登记服务系统由以下哪个机构建立？
A.中国红十字会总会
B.国家卫生健康委员会
C.民政部
D.国务院器官捐献管理机构
【思考过程】：",A,Qwen3-235B-A22B,"【思考过程】：根据《人体器官捐献和移植条例》及国家相关政策文件，国家卫生健康委员会负责全国人体器官捐献和移植的监督管理，并主导建立相关服务系统。中国红十字会总会参与宣传和动员，但系统的建立主体为国家卫健委。

【最终答案】：B",客观题,B
器官移植,"你是一个严格按照要求答题的医学考试考生。请你先展示出完整的思考过程，然后再输出最终答案。每道题目有至少两个选项（A、B）至多五个选项（A、B、C、D、E），题目为不定项选择题，请按照以下格式作答：

【思考过程】：...

【最终答案】：AB / BCE / CD / DE / E / ...（只输出选项的编号，不要写选项内容）

示例：
题目：医疗伦理中四大基本原则是？
A.尊重自主权
B.善意行为
C.无害原则
D.公正原则
E.以上都不是
【思考过程】：本题考查医学伦理的四大基本原则，包括尊重自主权、不伤害原则、行善原则、公正原则。

【最终答案】：ABCD

题目：以下哪些活动属于相关法律法规要求参与和推动的工作？
A.无偿献血
B.遗体和人体器官捐献
C.骨髓捐献
D.造血干细胞捐献
E.皮肤组织捐献
【思考过程】：",ABD,Qwen3-235B-A22B,"【思考过程】：本题考查法律法规要求参与和推动的医学捐献工作。根据《中华人民共和国献血法》，无偿献血（A）是国家强制推行的制度。《人体器官移植条例》明确鼓励遗体和器官捐献（B）。造血干细胞捐献（D）由中华骨髓库推动，属于国家支持的公益项目。骨髓捐献（C）作为造血干细胞捐献的一种方式，但法规中未单独列为强制推动项。皮肤组织捐献（E）未在核心法规中明确提及。

【最终答案】：ABD",客观题,ABD
器官移植,"你是一个严格按照要求答题的医学考试考生。请你先展示出完整的思考过程，然后再输出最终答案。每道题目有至少两个选项（A、B）至多五个选项（A、B、C、D、E），题目为不定项选择题，请按照以下格式作答：

【思考过程】：...

【最终答案】：AB / BCE / CD / DE / E / ...（只输出选项的编号，不要写选项内容）

示例：
题目：医疗伦理中四大基本原则是？
A.尊重自主权
B.善意行为
C.无害原则
D.公正原则
E.以上都不是
【思考过程】：本题考查医学伦理的四大基本原则，包括尊重自主权、不伤害原则、行善原则、公正原则。

【最终答案】：ABCD

题目：OPO在获取捐献器官时，以下哪种做法符合相关法律法规？
A.根据手术团队经验调整器官获取流程以提高效率
B.在捐献者家属强烈要求下多获取1个未在知情同意书列明的器官
C.按照标准流程在捐献者死亡后获取器官，且种类与知情同意书完全一致
D.因紧急移植需求提前30分钟开始器官获取流程
【思考过程】：",C,Qwen3-235B-A22B,"【思考过程】：本题考查OPO（器官获取组织）在获取捐献器官时的法律合规行为。根据《人体器官移植条例》及临床操作规范：  
1. **选项A**错误，器官获取流程必须严格遵循标准化操作规程，不得因团队经验擅自调整；  
2. **选项B**错误，器官获取种类和数量必须完全与知情同意书一致，家属要求不能超越法律文件范围；  
3. **选项C**正确，符合“死亡判定后获取”及“知情同意书一致性”双重要求；  
4. **选项D**错误，紧急需求不能作为提前启动器官获取的合法理由，必须等待正式死亡宣告。  

【最终答案】：C",客观题,C
器官移植,"你是一个严格按照要求答题的医学考试考生。请你先展示出完整的思考过程，然后再输出最终答案。每道题目有至少两个选项（A、B）至多五个选项（A、B、C、D、E），题目为不定项选择题，请按照以下格式作答：

【思考过程】：...

【最终答案】：AB / BCE / CD / DE / E / ...（只输出选项的编号，不要写选项内容）

示例：
题目：医疗伦理中四大基本原则是？
A.尊重自主权
B.善意行为
C.无害原则
D.公正原则
E.以上都不是
【思考过程】：本题考查医学伦理的四大基本原则，包括尊重自主权、不伤害原则、行善原则、公正原则。

【最终答案】：ABCD

题目：以下哪些行为违反了OPO器官获取的相关规定？
A.将潜在捐献者转运至相邻省份的OPO服务区域实施器官获取
B.在本省划定的服务区域内完成器官获取工作
C.因器官匹配紧急需求跨省获取捐献器官
D.向未备案的医疗机构提供跨区域器官转运服务
【思考过程】：",ACD,Qwen3-235B-A22B,"【思考过程】：本题考查OPO器官获取的相关规定。选项A涉及跨省转运潜在捐献者，根据规定OPO应在本服务区域完成器官获取，未经协调机制擅自跨省转运属违规行为；选项B为OPO在本区域正常工作，符合规定；选项C的跨省获取若未通过国家系统分配或违反协调机制则违规，但题目未明确说明是否合规操作，结合题干描述应视为违规；选项D向未备案机构提供跨区域转运服务，直接违反器官转运资质要求。  

【最终答案】：ACD",客观题,ACD
器官移植,"你是一个严格按照要求答题的医学考试考生。请你先展示出完整的思考过程，然后再输出最终答案。每道题目有至少两个选项（A、B）至多五个选项（A、B、C、D、E），题目为不定项选择题，请按照以下格式作答：

【思考过程】：...

【最终答案】：AB / BCE / CD / DE / E / ...（只输出选项的编号，不要写选项内容）

示例：
题目：医疗伦理中四大基本原则是？
A.尊重自主权
B.善意行为
C.无害原则
D.公正原则
E.以上都不是
【思考过程】：本题考查医学伦理的四大基本原则，包括尊重自主权、不伤害原则、行善原则、公正原则。

【最终答案】：ABCD

题目：OPO在对潜在捐献者进行评估时，以下哪一行为符合法规要求？
A.仅通过内部会议记录评估结果
B.将评估情况登记在医院的病例系统中
C.在器官分配系统中登记信息及评估情况
D.评估后3个工作日内补录登记
【思考过程】：",C,Qwen3-235B-A22B,"【思考过程】：根据《人体器官移植条例》及相关规定，OPO对潜在捐献者的评估需在器官分配系统中登记信息及评估情况（选项C），以确保数据的统一性和监管透明度。其他选项中，A仅通过内部会议记录不符合规范要求；B未明确是否在官方系统中登记；D的3个工作日补录时限可能超过法规要求的及时登记原则。

【最终答案】：C",客观题,C
器官移植,"你是一个严格按照要求答题的医学考试考生。请你先展示出完整的思考过程，然后再输出最终答案。每道题目有至少两个选项（A、B）至多五个选项（A、B、C、D、E），题目为不定项选择题，请按照以下格式作答：

【思考过程】：...

【最终答案】：AB / BCE / CD / DE / E / ...（只输出选项的编号，不要写选项内容）

示例：
题目：医疗伦理中四大基本原则是？
A.尊重自主权
B.善意行为
C.无害原则
D.公正原则
E.以上都不是
【思考过程】：本题考查医学伦理的四大基本原则，包括尊重自主权、不伤害原则、行善原则、公正原则。

【最终答案】：ABCD

题目：某医疗机构在进行活体器官移植时，下列哪项操作符合法律规定？
A.委托红十字会工作人员获取捐献人器官
B.仅口头告知术后注意事项未签署知情同意书
C.在手术完成次日通过邮件发送并发症说明
D.获取器官前设立医疗专家评估小组
E.充分告知手术风险后签署书面同意书
【思考过程】：",E,Qwen3-235B-A22B,"【思考过程】：根据《人体器官移植条例》相关规定，活体器官移植需严格遵守以下规定：①必须由执业医师进行器官获取（排除A）；②知情同意必须采用书面形式且在术前完成（排除B/C）；③需设立由医学、法学、伦理学专家组成的评估小组对捐献者进行健康评估及伦理审查（D正确）；④必须充分告知手术风险并签署书面知情同意书（E正确）。

【最终答案】：DE",客观题,DE
器官移植,"你是一个严格按照要求答题的医学考试考生。请你先展示出完整的思考过程，然后再输出最终答案。每道题目有至少两个选项（A、B）至多五个选项（A、B、C、D、E），题目为不定项选择题，请按照以下格式作答：

【思考过程】：...

【最终答案】：AB / BCE / CD / DE / E / ...（只输出选项的编号，不要写选项内容）

示例：
题目：医疗伦理中四大基本原则是？
A.尊重自主权
B.善意行为
C.无害原则
D.公正原则
E.以上都不是
【思考过程】：本题考查医学伦理的四大基本原则，包括尊重自主权、不伤害原则、行善原则、公正原则。

【最终答案】：ABCD

题目：根据相关法规，以下哪些人可以作为活体器官捐献的接受者？
A.配偶
B.侄子
C.表舅
D.外甥女
E.同事
【思考过程】：",ABD,Qwen3-235B-A22B,"【思考过程】：根据《人体器官移植条例》，活体器官捐献的接受者限于配偶、直系血亲（父母、子女、祖孙等）及三代以内旁系血亲（如兄弟姐妹、侄子侄女、外甥外甥女等）。选项中：A（配偶）符合；B（侄子）为兄弟之子，属三代旁系血亲；D（外甥女）为姐妹之女，也在三代内；C（表舅）为母亲的表兄弟，属四亲等；E（同事）无亲属关系。因此，C和E不符合要求。

【最终答案】：ABD",客观题,ABD
器官移植,"你是一个严格按照要求答题的医学考试考生。请你先展示出完整的思考过程，然后再输出最终答案。每道题目有至少两个选项（A、B）至多五个选项（A、B、C、D、E），题目为不定项选择题，请按照以下格式作答：

【思考过程】：...

【最终答案】：AB / BCE / CD / DE / E / ...（只输出选项的编号，不要写选项内容）

示例：
题目：医疗伦理中四大基本原则是？
A.尊重自主权
B.善意行为
C.无害原则
D.公正原则
E.以上都不是
【思考过程】：本题考查医学伦理的四大基本原则，包括尊重自主权、不伤害原则、行善原则、公正原则。

【最终答案】：ABCD

题目：以下表述是否正确：医院在获得未成年患者本人及其法定监护人的书面同意后，可以获取其活体器官用于亲属的移植手术。
A.正确
B.错误
【思考过程】：",B,Qwen3-235B-A22B,"【思考过程】：根据《人体器官移植条例》第六条，活体器官捐献者必须为年满18周岁的完全民事行为能力人。法律明确禁止未成年人作为活体器官捐献者，即使其本人及法定监护人同意，也违反强制性规定，故该表述错误。

【最终答案】：B",客观题,B
器官移植,"你是一个严格按照要求答题的医学考试考生。请你先展示出完整的思考过程，然后再输出最终答案。每道题目有至少两个选项（A、B）至多五个选项（A、B、C、D、E），题目为不定项选择题，请按照以下格式作答：

【思考过程】：...

【最终答案】：AB / BCE / CD / DE / E / ...（只输出选项的编号，不要写选项内容）

示例：
题目：医疗伦理中四大基本原则是？
A.尊重自主权
B.善意行为
C.无害原则
D.公正原则
E.以上都不是
【思考过程】：本题考查医学伦理的四大基本原则，包括尊重自主权、不伤害原则、行善原则、公正原则。

【最终答案】：ABCD

题目：以下表述是否正确：若活体器官捐献者的某器官被摘除后，其相应生理功能严重受损但仍在正常范围内，这种情况符合伦理法规要求。
A.正确
B.错误
【思考过程】：",B,Qwen3-235B-A22B,"【思考过程】：活体器官捐献需确保捐献者健康风险最小化。若摘除器官后生理功能虽在正常范围但严重受损，可能隐含长期风险或实质伤害，违反“不伤害原则”。伦理法规要求捐献过程必须保障捐献者安全，避免不可逆损害。因此该情况不符合伦理要求。

【最终答案】：B",客观题,B
器官移植,"你是一个严格按照要求答题的医学考试考生。请你先展示出完整的思考过程，然后再输出最终答案。每道题目有至少两个选项（A、B）至多五个选项（A、B、C、D、E），题目为不定项选择题，请按照以下格式作答：

【思考过程】：...

【最终答案】：AB / BCE / CD / DE / E / ...（只输出选项的编号，不要写选项内容）

示例：
题目：医疗伦理中四大基本原则是？
A.尊重自主权
B.善意行为
C.无害原则
D.公正原则
E.以上都不是
【思考过程】：本题考查医学伦理的四大基本原则，包括尊重自主权、不伤害原则、行善原则、公正原则。

【最终答案】：ABCD

题目：以下哪项不属于区域均衡布局的目标或措施？
A.提高省外就诊比例较高省份的服务能力
B.扩大人体器官移植医疗服务供给
C.优先增加跨省进行器官移植的患者数量
D.充分释放区域内现有的移植医院服务能力
E.有效降低省外人体器官移植就诊比率
【思考过程】：",C,Qwen3-235B-A22B,"【思考过程】：区域均衡布局旨在减少地区间医疗资源差距，提升本地服务能力以减少跨区域就医。A选项通过提升省外就诊高省份的能力实现本地化治疗，符合均衡目标；B选项扩大器官移植供给可能涉及区域分布优化；C选项优先增加跨省患者数量会加剧区域不平衡，不属于均衡措施；D和E选项通过释放本地能力和降低省外就诊率促进均衡。因此，选项C不符合区域均衡布局的目标或措施。

【最终答案】：C",客观题,C
器官移植,"你是一个严格按照要求答题的医学考试考生。请你先展示出完整的思考过程，然后再输出最终答案。每道题目有至少两个选项（A、B）至多五个选项（A、B、C、D、E），题目为不定项选择题，请按照以下格式作答：

【思考过程】：...

【最终答案】：AB / BCE / CD / DE / E / ...（只输出选项的编号，不要写选项内容）

示例：
题目：医疗伦理中四大基本原则是？
A.尊重自主权
B.善意行为
C.无害原则
D.公正原则
E.以上都不是
【思考过程】：本题考查医学伦理的四大基本原则，包括尊重自主权、不伤害原则、行善原则、公正原则。

【最终答案】：ABCD

题目：协调员在履行器官捐献见证职责时，必须确保以下哪些内容？
A.确保捐献器官的质量符合医学标准
B.贯彻“自愿、无偿”的捐献原则
C.保护捐受双方的个人隐私
D.主动协调捐助双方的后续医疗资源分配
E.公开宣传捐献者的善举以激励社会参与
【思考过程】：",BC,Qwen3-235B-A22B,"【思考过程】：器官捐献协调员的核心职责包括确保捐献流程符合伦理和法律要求。首先，“自愿、无偿”是器官捐献的基本原则（B正确）。其次，保护捐受双方隐私是医疗伦理的基本要求（C正确）。关于A，器官质量评估通常由医疗团队负责，协调员主要确保流程合规而非医学评估。D涉及后续资源分配，超出了协调员职责范围。E可能侵犯隐私，不符合伦理。

【最终答案】：BC",客观题,BC
器官移植,"你是一个严格按照要求答题的医学考试考生。请你先展示出完整的思考过程，然后再输出最终答案。每道题目有至少两个选项（A、B）至多五个选项（A、B、C、D、E），题目为不定项选择题，请按照以下格式作答：

【思考过程】：...

【最终答案】：AB / BCE / CD / DE / E / ...（只输出选项的编号，不要写选项内容）

示例：
题目：医疗伦理中四大基本原则是？
A.尊重自主权
B.善意行为
C.无害原则
D.公正原则
E.以上都不是
【思考过程】：本题考查医学伦理的四大基本原则，包括尊重自主权、不伤害原则、行善原则、公正原则。

【最终答案】：ABCD

题目：以下哪个行为属于违反器官捐献协调员的工作规范？
A.使用摄像设备全程记录见证过程
B.在器官获取阶段中途离开现场15分钟
C.调整捐献者基础数据使记录更""完整""
D.未向第三方披露捐献者隐私信息
E.用电子签名代替现场手写签名
【思考过程】：",BCE,Qwen3-235B-A22B,"【思考过程】：器官捐献协调员需全程在场确保流程合规，B选项中途离开违反规范；C选项篡改捐献者数据直接违背数据真实性原则。A选项全程录像符合透明要求；D选项保护隐私是合规行为；E选项若电子签名符合法律效力则不违规（题目未明确禁止）。因此，违反规范的行为为B、C。

【最终答案】：BC",客观题,BC
器官移植,"你是一个严格按照要求答题的医学考试考生。请你先展示出完整的思考过程，然后再输出最终答案。每道题目有至少两个选项（A、B）至多五个选项（A、B、C、D、E），题目为不定项选择题，请按照以下格式作答：

【思考过程】：...

【最终答案】：AB / BCE / CD / DE / E / ...（只输出选项的编号，不要写选项内容）

示例：
题目：医疗伦理中四大基本原则是？
A.尊重自主权
B.善意行为
C.无害原则
D.公正原则
E.以上都不是
【思考过程】：本题考查医学伦理的四大基本原则，包括尊重自主权、不伤害原则、行善原则、公正原则。

【最终答案】：ABCD

题目：签署《人体器官潜在捐献者登记表》时，依法有权共同作出捐献决定的主要亲属包括以下哪些人员？
A.配偶
B.12岁的子女
C.父母（非监护人）
D.成年子女
E.同胞兄弟姐妹
【思考过程】：",ACD,Qwen3-235B-A22B,"【思考过程】：根据《人体器官移植条例》，当捐献者无法表达意愿时，其近亲属（配偶、父母、成年子女）可共同决定器官捐献。近亲属范围明确包括配偶（A）、父母（C，无论是否为监护人）和成年子女（D）。12岁子女（B）为未成年人，无完全民事行为能力，不能独立作出决定。同胞兄弟姐妹（E）属于旁系血亲，不在法定近亲属范围内。

【最终答案】：ACD",客观题,ACD
器官移植,"你是一个严格按照要求答题的医学考试考生。请你先展示出完整的思考过程，然后再输出最终答案。每道题目有至少两个选项（A、B）至多五个选项（A、B、C、D、E），题目为不定项选择题，请按照以下格式作答：

【思考过程】：...

【最终答案】：AB / BCE / CD / DE / E / ...（只输出选项的编号，不要写选项内容）

示例：
题目：医疗伦理中四大基本原则是？
A.尊重自主权
B.善意行为
C.无害原则
D.公正原则
E.以上都不是
【思考过程】：本题考查医学伦理的四大基本原则，包括尊重自主权、不伤害原则、行善原则、公正原则。

【最终答案】：ABCD

题目：协调员在核实潜在捐献者“住址”栏信息时，应当以什么作为填写依据？
A.身份证或户口簿登记地址
B.现居住地详细门牌号
C.出生地行政区划
D.工作单位注册地址
【思考过程】：",A,Qwen3-235B-A22B,"【思考过程】：在核实住址信息时，应以具有法律效力的官方证件登记地址为准，如身份证或户口簿上的信息。现居住地门牌号可能未及时更新，工作单位地址与实际住址可能存在差异，出生地行政区划与住址无关。

【最终答案】：A",客观题,A
器官移植,"你是一个严格按照要求答题的医学考试考生。请你先展示出完整的思考过程，然后再输出最终答案。每道题目有至少两个选项（A、B）至多五个选项（A、B、C、D、E），题目为不定项选择题，请按照以下格式作答：

【思考过程】：...

【最终答案】：AB / BCE / CD / DE / E / ...（只输出选项的编号，不要写选项内容）

示例：
题目：医疗伦理中四大基本原则是？
A.尊重自主权
B.善意行为
C.无害原则
D.公正原则
E.以上都不是
【思考过程】：本题考查医学伦理的四大基本原则，包括尊重自主权、不伤害原则、行善原则、公正原则。

【最终答案】：ABCD

题目：以下哪项信息属于《人体器官潜在捐献者登记表》必须核实的内容？
A.血型
B.药物过敏史
C.科室
D.婚姻状况
E.传染病情况
【思考过程】：",ACE,Qwen3-235B-A22B,"【思考过程】：本题考查《人体器官潜在捐献者登记表》必须核实的内容。血型（A）是器官匹配的关键指标，必须核实；传染病情况（E）直接影响移植安全性，必须筛查。药物过敏史（B）、科室（C）、婚姻状况（D）与器官捐献的核心要求无直接关联，通常不作为必须核实内容。

【最终答案】：AE",客观题,AE
器官移植,"你是一个严格按照要求答题的医学考试考生。请你先展示出完整的思考过程，然后再输出最终答案。每道题目有至少两个选项（A、B）至多五个选项（A、B、C、D、E），题目为不定项选择题，请按照以下格式作答：

【思考过程】：...

【最终答案】：AB / BCE / CD / DE / E / ...（只输出选项的编号，不要写选项内容）

示例：
题目：医疗伦理中四大基本原则是？
A.尊重自主权
B.善意行为
C.无害原则
D.公正原则
E.以上都不是
【思考过程】：本题考查医学伦理的四大基本原则，包括尊重自主权、不伤害原则、行善原则、公正原则。

【最终答案】：ABCD

题目：核实潜在捐献者捐献意愿时，以下哪些方式是法规要求的？
A.查询中国人体器官捐献志愿登记管理系统
B.与潜在捐献者亲属核实
C.查看其书面意愿材料
D.通过在线平台自主登记
E.医疗机构内部投票表决
【思考过程】：",ABC,Qwen3-235B-A22B,"【思考过程】：根据《人体器官移植条例》及《中国人体器官捐献管理办法》，核实捐献意愿需通过官方登记系统（A）、亲属确认（B）及书面材料核查（C）。在线平台自主登记（D）属于捐献途径而非核实方式，医疗机构投票（E）无法律依据。

【最终答案】：ABC",客观题,ABC
器官移植,"你是一个严格按照要求答题的医学考试考生。请你先展示出完整的思考过程，然后再输出最终答案。每道题目有至少两个选项（A、B）至多五个选项（A、B、C、D、E），题目为不定项选择题，请按照以下格式作答：

【思考过程】：...

【最终答案】：AB / BCE / CD / DE / E / ...（只输出选项的编号，不要写选项内容）

示例：
题目：医疗伦理中四大基本原则是？
A.尊重自主权
B.善意行为
C.无害原则
D.公正原则
E.以上都不是
【思考过程】：本题考查医学伦理的四大基本原则，包括尊重自主权、不伤害原则、行善原则、公正原则。

【最终答案】：ABCD

题目：在器官移植前，协调员核实潜在捐献者主要亲属关系的合法依据包括哪些？
A.护照
B.户口簿
C.结婚证
D.出生证
E.身份证
【思考过程】：",BCDE,Qwen3-235B-A22B,"【思考过程】：核实亲属关系需提供能直接证明亲属关系的法律文件。户口簿（B）记录家庭成员关系，结婚证（C）证明配偶关系，出生证（D）证明亲子关系。护照（A）和身份证（E）仅证明个人身份，不直接体现亲属关系。

【最终答案】：BCD",客观题,BCD
器官移植,"你是一个严格按照要求答题的医学考试考生。请你先展示出完整的思考过程，然后再输出最终答案。每道题目有至少两个选项（A、B）至多五个选项（A、B、C、D、E），题目为不定项选择题，请按照以下格式作答：

【思考过程】：...

【最终答案】：AB / BCE / CD / DE / E / ...（只输出选项的编号，不要写选项内容）

示例：
题目：医疗伦理中四大基本原则是？
A.尊重自主权
B.善意行为
C.无害原则
D.公正原则
E.以上都不是
【思考过程】：本题考查医学伦理的四大基本原则，包括尊重自主权、不伤害原则、行善原则、公正原则。

【最终答案】：ABCD

题目：在器官捐献材料核实时，必须确保以下哪些人员在场？
A.人体器官获取组织工作人员 B.捐献者主要亲属 C.器官移植主刀医生 D.公安部门代表 E.医院行政主任
【思考过程】：",AB,Qwen3-235B-A22B,"【思考过程】：本题考查器官捐献材料核实时的在场人员要求。根据《人体器官移植条例》，器官获取组织（OPO）工作人员（A）负责协调和执行捐献流程，必须在场。捐献者主要亲属（B）需参与确认身份及捐献意愿，签署同意书。主刀医生（C）仅在手术时参与，材料核实阶段无需在场。公安部门代表（D）通常在涉及身份核实或非正常死亡时介入，但非普遍必须。医院行政主任（E）无直接职责要求。因此，必须在场的为A和B。

【最终答案】：AB",客观题,AB
器官移植,"你是一个严格按照要求答题的医学考试考生。请你先展示出完整的思考过程，然后再输出最终答案。每道题目有至少两个选项（A、B）至多五个选项（A、B、C、D、E），题目为不定项选择题，请按照以下格式作答：

【思考过程】：...

【最终答案】：AB / BCE / CD / DE / E / ...（只输出选项的编号，不要写选项内容）

示例：
题目：医疗伦理中四大基本原则是？
A.尊重自主权
B.善意行为
C.无害原则
D.公正原则
E.以上都不是
【思考过程】：本题考查医学伦理的四大基本原则，包括尊重自主权、不伤害原则、行善原则、公正原则。

【最终答案】：ABCD

题目：潜在捐献者信息变更后，下列哪项步骤不属于必须的处理流程？
A.重新填写《人体器官潜在捐献者登记表》
B.经潜在捐献者本人签字确认
C.由主诊医师签字认定
D.重新上传至案例报告系统
【思考过程】：",BC,Qwen3-235B-A22B,"【思考过程】：潜在捐献者信息变更后，必须重新填写登记表（A）以确保信息准确，由本人签字确认（B）以保障其知情同意权，同时需重新上传至系统（D）以同步最新数据。主诊医师签字认定（C）通常针对医疗评估，若信息变更不涉及医疗判断，则可能无需医师签字。因此，选项C不属于必须流程。

【最终答案】：C",客观题,C
器官移植,"你是一个严格按照要求答题的医学考试考生。请你先展示出完整的思考过程，然后再输出最终答案。每道题目有至少两个选项（A、B）至多五个选项（A、B、C、D、E），题目为不定项选择题，请按照以下格式作答：

【思考过程】：...

【最终答案】：AB / BCE / CD / DE / E / ...（只输出选项的编号，不要写选项内容）

示例：
题目：医疗伦理中四大基本原则是？
A.尊重自主权
B.善意行为
C.无害原则
D.公正原则
E.以上都不是
【思考过程】：本题考查医学伦理的四大基本原则，包括尊重自主权、不伤害原则、行善原则、公正原则。

【最终答案】：ABCD

题目：协调员收集的《人体器官潜在捐献者登记表》签字原表及相关材料应交由哪个机构留存归档？
A.市级器官移植管理办公室
B.省级人体器官获取组织管理机构
C.医疗机构档案室
D.国家卫健委器官移植委员会
E.协调员自行存档
【思考过程】：",B,Qwen3-235B-A22B,"【思考过程】：根据《人体器官移植条例》及相关规定，人体器官捐献涉及的登记表及材料应由省级人体器官获取组织管理机构（OPO）负责留存归档。市级机构（A）、医疗机构档案室（C）无直接管理职责，国家卫健委（D）负责宏观监管而非具体归档，协调员个人（E）不得自行保存。因此正确答案为B。

【最终答案】：B",客观题,B
器官移植,"你是一个严格按照要求答题的医学考试考生。请你先展示出完整的思考过程，然后再输出最终答案。每道题目有至少两个选项（A、B）至多五个选项（A、B、C、D、E），题目为不定项选择题，请按照以下格式作答：

【思考过程】：...

【最终答案】：AB / BCE / CD / DE / E / ...（只输出选项的编号，不要写选项内容）

示例：
题目：医疗伦理中四大基本原则是？
A.尊重自主权
B.善意行为
C.无害原则
D.公正原则
E.以上都不是
【思考过程】：本题考查医学伦理的四大基本原则，包括尊重自主权、不伤害原则、行善原则、公正原则。

【最终答案】：ABCD

题目：根据相关规定，协调员在见证《人体器官捐献亲属确认登记表》签署时，正确的流程是？
A.主要亲属签署后，协调员立即签署确认
B.主要亲属和人体器官获取组织负责人无需分先后顺序同时签署
C.主要亲属签署后，人体器官获取组织负责人签署，协调员全程在场见证
D.仅需主要亲属签署即可，负责人无需参与
【思考过程】：",C,Qwen3-235B-A22B,"【思考过程】：根据相关规定，协调员在见证《人体器官捐献亲属确认登记表》时，需确保主要亲属先签署，随后由人体器官获取组织负责人签署，且协调员必须全程在场监督整个流程，以保证程序的合法性和完整性。选项C符合此要求，而选项A、B、D均存在流程缺失或参与方不全的问题。

【最终答案】：C",客观题,C
器官移植,"你是一个严格按照要求答题的医学考试考生。请你先展示出完整的思考过程，然后再输出最终答案。每道题目有至少两个选项（A、B）至多五个选项（A、B、C、D、E），题目为不定项选择题，请按照以下格式作答：

【思考过程】：...

【最终答案】：AB / BCE / CD / DE / E / ...（只输出选项的编号，不要写选项内容）

示例：
题目：医疗伦理中四大基本原则是？
A.尊重自主权
B.善意行为
C.无害原则
D.公正原则
E.以上都不是
【思考过程】：本题考查医学伦理的四大基本原则，包括尊重自主权、不伤害原则、行善原则、公正原则。

【最终答案】：ABCD

题目：张三因器官移植手术需家属签字同意，以下哪种情况无需提供书面授权委托书或相关证明材料？
A.主要亲属因严重烧伤无法发声，同意通过视频口头授权
B.主要亲属因突发中风住院无法到场
C.主要亲属为未成年人且无其他近亲属
D.主要亲属赴国外出差但可通过电子签名平台确认
【思考过程】：",A,Qwen3-235B-A22B,"【思考过程】：本题考查器官移植手术中家属签字的特殊情况处理。根据医疗法规，器官移植需严格知情同意。书面授权委托书或相关证明材料通常用于确保授权有效性。  
- **A选项**：主要亲属因身体原因无法签署，通过视频口头授权。此时口头授权虽需记录（如录音录像），但无需书面委托书，符合“无需提供”条件。  
- **B选项**：主要亲属因住院无法到场，需提供住院证明或书面委托他人，需相关材料。  
- **C选项**：未成年人需法定代理人，需提供年龄证明及法定关系证明，需相关材料。  
- **D选项**：电子签名平台确认具有法律效力，无需纸质书面委托书，符合“无需提供”条件。  

综上，A和D均无需书面授权委托书或额外证明材料。

【最终答案】：AD",客观题,AD
器官移植,"你是一个严格按照要求答题的医学考试考生。请你先展示出完整的思考过程，然后再输出最终答案。每道题目有至少两个选项（A、B）至多五个选项（A、B、C、D、E），题目为不定项选择题，请按照以下格式作答：

【思考过程】：...

【最终答案】：AB / BCE / CD / DE / E / ...（只输出选项的编号，不要写选项内容）

示例：
题目：医疗伦理中四大基本原则是？
A.尊重自主权
B.善意行为
C.无害原则
D.公正原则
E.以上都不是
【思考过程】：本题考查医学伦理的四大基本原则，包括尊重自主权、不伤害原则、行善原则、公正原则。

【最终答案】：ABCD

题目：协凋员在填写器官捐献相关表格时，下列哪项规定不符合操作要求？
A.死亡时间按照死亡判定材料精确到分钟
B.“获取组织”栏填写实际参与器官获取的机构名称
C.“捐献医院”栏填写捐献者首次入院的医疗机构名称
D.“死亡判定医生”信息需要与佐证材料一致
【思考过程】：",C,Qwen3-235B-A22B,"【思考过程】：题目考查器官捐献表格填写的规范要求。选项C中，“捐献医院”应填写实际进行器官捐献手术的医疗机构，而非首次入院的医院，因此不符合操作要求。选项B的“获取组织”填写实际参与机构符合规定，选项A、D的要求均正确。

【最终答案】：C",客观题,C
器官移植,"你是一个严格按照要求答题的医学考试考生。请你先展示出完整的思考过程，然后再输出最终答案。每道题目有至少两个选项（A、B）至多五个选项（A、B、C、D、E），题目为不定项选择题，请按照以下格式作答：

【思考过程】：...

【最终答案】：AB / BCE / CD / DE / E / ...（只输出选项的编号，不要写选项内容）

示例：
题目：医疗伦理中四大基本原则是？
A.尊重自主权
B.善意行为
C.无害原则
D.公正原则
E.以上都不是
【思考过程】：本题考查医学伦理的四大基本原则，包括尊重自主权、不伤害原则、行善原则、公正原则。

【最终答案】：ABCD

题目：以下哪种情况可能导致器官获取时的影像资料不符合伦理规范？
A.影像中仅有主治医师和麻醉师在场
B.协调员未出境但因设备故障导致面容模糊
C.所有参与器官获取的护士均在镜头前
D.影像拍摄地点在手术室外的走廊
E.资料显示协调员单独签署文件而无护士参与
【思考过程】：",AD,Qwen3-235B-A22B,"【思考过程】：器官获取过程需严格遵循伦理规范，确保透明性和多方监督。A选项中仅有主治医师和麻醉师在场，可能缺少护士或协调员等必要人员，违反团队协作要求。B选项因设备故障导致协调员面容模糊，无法确认其身份和在场情况，影像资料不完整。C选项护士均在镜头前，符合过程记录要求。D选项拍摄地点错误，应在手术室而非走廊，无法证明操作合法性。E选项协调员单独签署文件缺乏其他人员监督，违反多方见证原则。

【最终答案】：ABDE",客观题,ABDE
器官移植,"你是一个严格按照要求答题的医学考试考生。请你先展示出完整的思考过程，然后再输出最终答案。每道题目有至少两个选项（A、B）至多五个选项（A、B、C、D、E），题目为不定项选择题，请按照以下格式作答：

【思考过程】：...

【最终答案】：AB / BCE / CD / DE / E / ...（只输出选项的编号，不要写选项内容）

示例：
题目：医疗伦理中四大基本原则是？
A.尊重自主权
B.善意行为
C.无害原则
D.公正原则
E.以上都不是
【思考过程】：本题考查医学伦理的四大基本原则，包括尊重自主权、不伤害原则、行善原则、公正原则。

【最终答案】：ABCD

题目：在器官获取过程中，以下哪些行为违反了相关法规？
A. 协调员因家属情绪不稳短暂离开手术室安抚家属
B. 协调员未查看《人体器官捐献亲属确认登记表》即签署同意获取文件
C. 获取医生在完成指定器官摘取后额外取出角膜组织用于科研
D. 协调员全程在场但未核对捐献者身份信息
【思考过程】：",ABCD,Qwen3-235B-A22B,"【思考过程】：选项B涉及未核实关键文件即签署，违反程序规定；选项C超出授权范围获取器官用于科研，违反捐献者意愿；选项D未核对身份信息导致潜在错误获取风险，均属违规行为。选项A协调员安抚家属属于职责范围。

【最终答案】：BCD",客观题,BCD
器官移植,"你是一个严格按照要求答题的医学考试考生。请你先展示出完整的思考过程，然后再输出最终答案。每道题目有至少两个选项（A、B）至多五个选项（A、B、C、D、E），题目为不定项选择题，请按照以下格式作答：

【思考过程】：...

【最终答案】：AB / BCE / CD / DE / E / ...（只输出选项的编号，不要写选项内容）

示例：
题目：医疗伦理中四大基本原则是？
A.尊重自主权
B.善意行为
C.无害原则
D.公正原则
E.以上都不是
【思考过程】：本题考查医学伦理的四大基本原则，包括尊重自主权、不伤害原则、行善原则、公正原则。

【最终答案】：ABCD

题目：关于器官获取后的遗体处理流程，哪一选项符合相关法律法规要求？
A.协调员无需在场见证，由医务人员自行处理捐献者遗体
B.协调员应亲自主刀进行捐献者遗体的医学处理
C.协调员需见证医务人员对捐献者遗体进行恢复外观的处理（除移植器官外）
D.仅需恢复移植器官部位的外观，其他部位无需处理
【思考过程】：",C,Qwen3-235B-A22B,"【思考过程】：根据《人体器官移植条例》及相关规定，器官获取后需对遗体进行符合伦理的处理，包括恢复外观（除移植器官外），且协调员需在场见证医务人员的处理过程。选项C明确要求协调员见证恢复外观的处理，符合法规要求。其他选项均存在违反规定的情形。

【最终答案】：C",客观题,C
器官移植,"你是一个严格按照要求答题的医学考试考生。请你先展示出完整的思考过程，然后再输出最终答案。每道题目有至少两个选项（A、B）至多五个选项（A、B、C、D、E），题目为不定项选择题，请按照以下格式作答：

【思考过程】：...

【最终答案】：AB / BCE / CD / DE / E / ...（只输出选项的编号，不要写选项内容）

示例：
题目：医疗伦理中四大基本原则是？
A.尊重自主权
B.善意行为
C.无害原则
D.公正原则
E.以上都不是
【思考过程】：本题考查医学伦理的四大基本原则，包括尊重自主权、不伤害原则、行善原则、公正原则。

【最终答案】：ABCD

题目：在器官捐献见证过程中，以下哪种情形无需协调员立即中止捐献见证？
A.捐献者父亲对儿子职业陈述前后矛盾
B.母亲同意捐献但女儿明确反对
C.存在主管部门尚未批准的同类型交通事故案例
D.器官获取在公立三甲医院手术室进行
F.获取了亲属确认范围外的肝脏
【思考过程】：",D,Qwen3-235B-A22B,"【思考过程】：本题考查器官捐献见证的合规性判断。根据器官捐献法规，协调员需确保捐献合法性、自愿性和程序合规。分析各选项：  
A选项涉及身份真实性存疑，需中止以核实身份；  
B选项家属意见冲突可能影响捐献有效性，需进一步确认捐献者生前意愿；  
C选项未结案件可能影响捐献合法性，需主管部门批准；  
D选项公立三甲医院符合器官获取资质，无需中止；  
F选项“亲属确认范围外”可能涉及越权同意，需核查合法性。  

【最终答案】：D",客观题,D
器官移植,"你是一个严格按照要求答题的医学考试考生。请你先展示出完整的思考过程，然后再输出最终答案。每道题目有至少两个选项（A、B）至多五个选项（A、B、C、D、E），题目为不定项选择题，请按照以下格式作答：

【思考过程】：...

【最终答案】：AB / BCE / CD / DE / E / ...（只输出选项的编号，不要写选项内容）

示例：
题目：医疗伦理中四大基本原则是？
A.尊重自主权
B.善意行为
C.无害原则
D.公正原则
E.以上都不是
【思考过程】：本题考查医学伦理的四大基本原则，包括尊重自主权、不伤害原则、行善原则、公正原则。

【最终答案】：ABCD

题目：以下情形中，协调员无需中止捐献见证的是？
A.获取器官程序手续不规范但场所在正规医疗机构内，B.捐献者主要亲属关系证明文件缺失，C.交通事故中受害者家属同意器官捐献但公安机关未明确表态，D.人体器官获取组织未提交伦理审查意见
【思考过程】：",A,Qwen3-235B-A22B,"【思考过程】：本题考查协调员在器官捐献过程中需中止见证的情形。根据《人体器官移植条例》及相关规定，协调员需确保捐献程序的合法性、伦理合规性及文件完整性。  
A选项中，手续不规范即使在正规医疗机构，仍可能违反程序要求，需中止。  
B选项缺少主要亲属关系证明文件，无法确认捐献合法性，必须中止。  
C选项交通事故中家属同意捐献但公安机关未表态：若医疗机构已出具死亡证明且家属同意，公安机关未表态不影响捐献合法性，协调员可继续见证。  
D选项未提交伦理审查意见，违反伦理审查要求，需中止。  
因此，仅C选项情形无需中止。

【最终答案】：C",客观题,C
器官移植,"你是一个严格按照要求答题的医学考试考生。请你先展示出完整的思考过程，然后再输出最终答案。每道题目有至少两个选项（A、B）至多五个选项（A、B、C、D、E），题目为不定项选择题，请按照以下格式作答：

【思考过程】：...

【最终答案】：AB / BCE / CD / DE / E / ...（只输出选项的编号，不要写选项内容）

示例：
题目：医疗伦理中四大基本原则是？
A.尊重自主权
B.善意行为
C.无害原则
D.公正原则
E.以上都不是
【思考过程】：本题考查医学伦理的四大基本原则，包括尊重自主权、不伤害原则、行善原则、公正原则。

【最终答案】：ABCD

题目：协调员在捐献见证过程中遇到以下哪些情形时应中止捐献见证并报告？
A.捐献者主要亲属信息存疑
B.器官获取在正规医疗机构进行但时间过长
C.存在交通事故且交通部门不同意捐献
D.医院尚未获得伦理审查意见
E.器官获取范围符合亲属确认的捐献意愿
【思考过程】：",ACD,Qwen3-235B-A22B,"【思考过程】：协调员在器官捐献见证中需确保程序合法合规。A选项中，主要亲属信息存疑可能导致身份真实性存疑，需中止核实；B选项虽时间过长但仍在正规机构进行，不必然构成中止条件；C选项涉及交通事故且交通部门反对，需遵从法律意见；D选项医院未获伦理审查意见属于严重违规，必须中止；E选项符合捐献意愿属于正常情况，无需中止。

【最终答案】：ACD",客观题,ACD
器官移植,"你是一个严格按照要求答题的医学考试考生。请你先展示出完整的思考过程，然后再输出最终答案。每道题目有至少两个选项（A、B）至多五个选项（A、B、C、D、E），题目为不定项选择题，请按照以下格式作答：

【思考过程】：...

【最终答案】：AB / BCE / CD / DE / E / ...（只输出选项的编号，不要写选项内容）

示例：
题目：医疗伦理中四大基本原则是？
A.尊重自主权
B.善意行为
C.无害原则
D.公正原则
E.以上都不是
【思考过程】：本题考查医学伦理的四大基本原则，包括尊重自主权、不伤害原则、行善原则、公正原则。

【最终答案】：ABCD

题目：协调员在器官捐献见证过程中发现以下哪些情形应当中止捐献见证？
A.捐献者部分直系亲属经沟通后仍不同意的
B.人体器官获取组织无法提供伦理审查意见的
C.捐献者主要亲属信息存在伪造嫌疑的
D.捐献者家属对器官获取时间有疑虑的
E.器官获取手术在民营康复中心开展的
【思考过程】：",BCE,Qwen3-235B-A22B,"【思考过程】：根据《人体器官移植条例》及实施细则，器官捐献需确保程序合法、伦理合规及信息真实。选项A涉及家属同意的必要性，部分直系亲属不同意可能导致捐献无效，应中止；选项B缺乏伦理审查意见违反法规；选项C信息伪造影响捐献合法性；选项E在无资质机构开展违反获取规定。选项D的家属疑虑可通过沟通解决，不必然导致中止。

【最终答案】：ABCE",客观题,ABCE
器官移植,"你是一个严格按照要求答题的医学考试考生。请你先展示出完整的思考过程，然后再输出最终答案。每道题目有至少两个选项（A、B）至多五个选项（A、B、C、D、E），题目为不定项选择题，请按照以下格式作答：

【思考过程】：...

【最终答案】：AB / BCE / CD / DE / E / ...（只输出选项的编号，不要写选项内容）

示例：
题目：医疗伦理中四大基本原则是？
A.尊重自主权
B.善意行为
C.无害原则
D.公正原则
E.以上都不是
【思考过程】：本题考查医学伦理的四大基本原则，包括尊重自主权、不伤害原则、行善原则、公正原则。

【最终答案】：ABCD

题目：以下哪一情形不属于协调员必须中止捐献见证并向省级管理机构报告的情况？
A.捐献者的配偶对器官捐献表示反对
B.器官获取手术在未备案的民营医院进行
C.当地派出所因涉及交通事故案件要求暂停捐献
D.伦理审查意见明确支持捐献但延期3天执行
E.死亡判定材料显示捐献者脑干反射消失但未签字确认
【思考过程】：",D,Qwen3-235B-A22B,"【思考过程】：本题考查器官捐献协调过程中必须中止并上报的情形。选项D中伦理审查已明确支持捐献，仅延期3天执行，属于合理调整执行时间，不违反法规，无需中止。其他选项均涉及违反捐献程序或存在争议的情况：A（配偶反对）、B（非备案医院）、C（执法部门介入）、E（死亡判定不完整）均需中止并上报。

【最终答案】：D",客观题,D
器官移植,"你是一个严格按照要求答题的医学考试考生。请你先展示出完整的思考过程，然后再输出最终答案。每道题目有至少两个选项（A、B）至多五个选项（A、B、C、D、E），题目为不定项选择题，请按照以下格式作答：

【思考过程】：...

【最终答案】：AB / BCE / CD / DE / E / ...（只输出选项的编号，不要写选项内容）

示例：
题目：医疗伦理中四大基本原则是？
A.尊重自主权
B.善意行为
C.无害原则
D.公正原则
E.以上都不是
【思考过程】：本题考查医学伦理的四大基本原则，包括尊重自主权、不伤害原则、行善原则、公正原则。

【最终答案】：ABCD

题目：以下哪些行为一旦被核实，将导致协调员被暂停资格并可能注销证件？
A.协调员未及时更新工作证
B.未到现场或未全程见证捐献过程
C.未参与捐献者的术前评估会议
D.泄露捐献者及家属的个人隐私信息
E.在见证意见中提供不实信息
【思考过程】：",BDE,Qwen3-235B-A22B,"【思考过程】：本题考查协调员严重违规行为及其处罚。协调员若未到现场或未全程见证捐献过程（B），将导致捐献程序合法性缺失，属于重大失职；泄露捐献者及家属隐私信息（D）违反医疗伦理和法律法规；提供不实见证意见（E）直接破坏捐献公正性，均属于严重违规行为，必然导致资格暂停或注销。未更新工作证（A）属行政疏忽，未参与术前评估会议（C）可能影响工作但未达严重程度，通常不会直接导致注销。

【最终答案】：BDE",客观题,BDE
器官移植,"你是一个严格按照要求答题的医学考试考生。请你先展示出完整的思考过程，然后再输出最终答案。每道题目有至少两个选项（A、B）至多五个选项（A、B、C、D、E），题目为不定项选择题，请按照以下格式作答：

【思考过程】：...

【最终答案】：AB / BCE / CD / DE / E / ...（只输出选项的编号，不要写选项内容）

示例：
题目：医疗伦理中四大基本原则是？
A.尊重自主权
B.善意行为
C.无害原则
D.公正原则
E.以上都不是
【思考过程】：本题考查医学伦理的四大基本原则，包括尊重自主权、不伤害原则、行善原则、公正原则。

【最终答案】：ABCD

题目：协调员在器官捐献见证中发现跨区域转运潜在捐献者时，应当向哪些机构报告？
A.市级卫生健康部门和医院的伦理委员会
B.省级管理机构和省级卫生健康行政部门
C.国家卫生健康委员会和司法部门
D.所在医院的医务处和红十字会
【思考过程】：",B,Qwen3-235B-A22B,"【思考过程】：根据《人体器官捐献和移植条例》，协调员在发现跨区域转运潜在捐献者时，需向省级管理机构和省级卫生健康行政部门报告，由省级部门负责协调转运及后续流程。国家卫生健康委员会虽为最高主管部门，但具体报告层级由省级部门执行，无需直接上报。其他选项（如市级部门、红十字会等）不涉及跨区域转运的核心报告流程。

【最终答案】：B",客观题,B
器官移植,"你是一个严格按照要求答题的医学考试考生。请你先展示出完整的思考过程，然后再输出最终答案。每道题目有至少两个选项（A、B）至多五个选项（A、B、C、D、E），题目为不定项选择题，请按照以下格式作答：

【思考过程】：...

【最终答案】：AB / BCE / CD / DE / E / ...（只输出选项的编号，不要写选项内容）

示例：
题目：医疗伦理中四大基本原则是？
A.尊重自主权
B.善意行为
C.无害原则
D.公正原则
E.以上都不是
【思考过程】：本题考查医学伦理的四大基本原则，包括尊重自主权、不伤害原则、行善原则、公正原则。

【最终答案】：ABCD

题目：关于器官捐献协调员的保密义务，以下哪项描述符合法律规定？
A.在职期间需对捐献者隐私保密，B.调离岗位后仍需对家属信息保密，C.仅需保护捐献者本人的隐私，D.保密期限截至协调员离职时
【思考过程】：",B,Qwen3-235B-A22B,"【思考过程】：器官捐献协调员的保密义务应涵盖在职期间及离职后，且包括捐献者及其家属的隐私。根据《人体器官移植条例》及《民法典》隐私权相关规定，A（在职期间保密）和B（调离后仍需保密家属信息）符合持续保密义务的要求。C错误在于“仅保护捐献者本人”，D错误在于“保密期限截至离职时”，法律未规定保密义务随离职终止。

【最终答案】：AB",客观题,AB
器官移植,"你是一个严格按照要求答题的医学考试考生。请你先展示出完整的思考过程，然后再输出最终答案。每道题目有至少两个选项（A、B）至多五个选项（A、B、C、D、E），题目为不定项选择题，请按照以下格式作答：

【思考过程】：...

【最终答案】：AB / BCE / CD / DE / E / ...（只输出选项的编号，不要写选项内容）

示例：
题目：医疗伦理中四大基本原则是？
A.尊重自主权
B.善意行为
C.无害原则
D.公正原则
E.以上都不是
【思考过程】：本题考查医学伦理的四大基本原则，包括尊重自主权、不伤害原则、行善原则、公正原则。

【最终答案】：ABCD

题目：以下选项中，属于人体器官移植伦理审查基本伦理原则的是？
A.自愿无偿原则
B.维护有利原则
C.确保公平公正原则
D.遵循公序良俗原则
E.资源优化配置原则
【思考过程】：",BCD,Qwen3-235B-A22B,"【思考过程】：本题考查人体器官移植伦理审查的基本伦理原则。根据《人体器官移植条例》及伦理准则，核心原则包括：A（自愿无偿，禁止器官买卖）、B（维护患者利益，即行善原则）、C（公平公正分配器官）、E（资源优化配置以提高利用率）。D（公序良俗）虽涉及社会伦理，但并非该领域的核心审查原则。

【最终答案】：ABCE",客观题,ABCE
器官移植,"你是一个严格按照要求答题的医学考试考生。请你先展示出完整的思考过程，然后再输出最终答案。每道题目有至少两个选项（A、B）至多五个选项（A、B、C、D、E），题目为不定项选择题，请按照以下格式作答：

【思考过程】：...

【最终答案】：AB / BCE / CD / DE / E / ...（只输出选项的编号，不要写选项内容）

示例：
题目：医疗伦理中四大基本原则是？
A.尊重自主权
B.善意行为
C.无害原则
D.公正原则
E.以上都不是
【思考过程】：本题考查医学伦理的四大基本原则，包括尊重自主权、不伤害原则、行善原则、公正原则。

【最终答案】：ABCD

题目：以下哪些信息属于人体器官移植伦理委员会委员的保密义务范围？
A.伦理审查工作具体流程
B.捐献人的血型检测报告
C.移植接受人的户籍地址
D.医疗机构消毒技术标准
E.器官分配优先级算法
【思考过程】：",ABC,Qwen3-235B-A22B,"【思考过程】：人体器官移植伦理委员会委员的保密义务涵盖与器官捐献、分配及审查相关的个人隐私和敏感信息。A选项涉及伦理审查的具体流程，属于内部机密以确保审查独立性，需保密。B选项捐献者的血型检测报告属于个人医疗隐私，必须保密。C选项接受人的户籍地址属于个人身份信息，需严格保密。E选项器官分配优先级算法涉及分配公平性与伦理决策，属于敏感数据。而D选项医疗机构消毒技术标准属于常规操作规范，通常不直接涉及伦理保密义务，因此不在保密范围内。

【最终答案】：ABCE",客观题,ABCE
器官移植,"你是一个严格按照要求答题的医学考试考生。请你先展示出完整的思考过程，然后再输出最终答案。每道题目有至少两个选项（A、B）至多五个选项（A、B、C、D、E），题目为不定项选择题，请按照以下格式作答：

【思考过程】：...

【最终答案】：AB / BCE / CD / DE / E / ...（只输出选项的编号，不要写选项内容）

示例：
题目：医疗伦理中四大基本原则是？
A.尊重自主权
B.善意行为
C.无害原则
D.公正原则
E.以上都不是
【思考过程】：本题考查医学伦理的四大基本原则，包括尊重自主权、不伤害原则、行善原则、公正原则。

【最终答案】：ABCD

题目：以下哪项属于人体器官移植伦理审查的控制风险原则内容？
A.确保捐献人手术后3个月内完全恢复健康
B.对捐献人所受风险进行全面经济补偿
C.避免损害捐献人除器官外的其他生理功能
D.允许亲属代未成年捐献人签署知情同意书
E.公开捐献人的医疗数据用于研究
【思考过程】：",C,Qwen3-235B-A22B,"【思考过程】：本题考查人体器官移植伦理审查中的控制风险原则。控制风险原则强调在器官移植过程中最大限度降低对捐献者的伤害。选项C“避免损害捐献人除器官外的其他生理功能”直接体现该原则，确保手术不造成额外生理损伤；而选项A（设定恢复时间）、B（经济补偿）、D（知情同意代理）和E（公开数据）均涉及其他伦理或操作问题，与直接控制手术风险无关。

【最终答案】：C",客观题,C
器官移植,"你是一个严格按照要求答题的医学考试考生。请你先展示出完整的思考过程，然后再输出最终答案。每道题目有至少两个选项（A、B）至多五个选项（A、B、C、D、E），题目为不定项选择题，请按照以下格式作答：

【思考过程】：...

【最终答案】：AB / BCE / CD / DE / E / ...（只输出选项的编号，不要写选项内容）

示例：
题目：医疗伦理中四大基本原则是？
A.尊重自主权
B.善意行为
C.无害原则
D.公正原则
E.以上都不是
【思考过程】：本题考查医学伦理的四大基本原则，包括尊重自主权、不伤害原则、行善原则、公正原则。

【最终答案】：ABCD

题目：下列哪一行为违反了人体器官移植伦理审查原则？
A.允许捐献人在书面同意后随时撤销捐献意愿
B.活体器官捐献手术导致捐献人其他生理功能出现轻微损害
C.伦理委员会因捐献人年龄超过60岁而拒绝其捐献申请
D.使用逝者器官前仅获得其配偶的口头同意
E.将捐献人信息匿名化后提供给医学研究机构
【思考过程】：",BCD,Qwen3-235B-A22B,"【思考过程】：本题考查人体器官移植伦理审查原则。A选项允许捐献人随时撤销意愿符合尊重自主权原则；B选项中的轻微损害若在知情同意范围内则不违反；C选项仅因年龄超过60岁拒绝捐献申请属于不合理限制，违反公正原则；D选项使用逝者器官未获得书面同意（仅口头同意）违反知情同意原则；E选项匿名化处理符合隐私保护原则。违反伦理的选项为C和D。

【最终答案】：CD",客观题,CD
器官移植,"你是一个严格按照要求答题的医学考试考生。请你先展示出完整的思考过程，然后再输出最终答案。每道题目有至少两个选项（A、B）至多五个选项（A、B、C、D、E），题目为不定项选择题，请按照以下格式作答：

【思考过程】：...

【最终答案】：AB / BCE / CD / DE / E / ...（只输出选项的编号，不要写选项内容）

示例：
题目：医疗伦理中四大基本原则是？
A.尊重自主权
B.善意行为
C.无害原则
D.公正原则
E.以上都不是
【思考过程】：本题考查医学伦理的四大基本原则，包括尊重自主权、不伤害原则、行善原则、公正原则。

【最终答案】：ABCD

题目：以下哪些事项属于人体器官移植伦理委员会对遗体器官获取申请的必要审查内容？
A.自愿无偿捐献遗体器官的公证文件合法性
B.是否存在跨服务区转介潜在捐献人情形
C.手术主刀医师的职称资质
D.捐献器官的医学评估报告完整性
E.是否符合医院的年度绩效指标
【思考过程】：",BD,Qwen3-235B-A22B,"【思考过程】：人体器官移植伦理委员会的审查重点在于确保捐献的自愿性、合法性及器官分配的公正性。A项涉及捐献自愿性和公证合法性，属于必要审查内容；B项涉及器官分配的公平性，需审查是否存在违规转介；D项医学评估报告的完整性直接影响移植安全性和伦理合规性。C项医师职称属于医疗质量管理范畴，E项绩效指标与伦理审查无关。

【最终答案】：ABD",客观题,ABD
器官移植,"你是一个严格按照要求答题的医学考试考生。请你先展示出完整的思考过程，然后再输出最终答案。每道题目有至少两个选项（A、B）至多五个选项（A、B、C、D、E），题目为不定项选择题，请按照以下格式作答：

【思考过程】：...

【最终答案】：AB / BCE / CD / DE / E / ...（只输出选项的编号，不要写选项内容）

示例：
题目：医疗伦理中四大基本原则是？
A.尊重自主权
B.善意行为
C.无害原则
D.公正原则
E.以上都不是
【思考过程】：本题考查医学伦理的四大基本原则，包括尊重自主权、不伤害原则、行善原则、公正原则。

【最终答案】：ABCD

题目：人体器官移植伦理委员会的遗体器官审查申请审查事项中，必须包含以下哪项内容？
A.是否有经济补偿的协议文本
B.捐献相关知情同意合法性
C.捐献器官的运输成本核算
D.跨服务区转介捐献人情形审查
E.伦理学原则合规性
【思考过程】：",BDE,Qwen3-235B-A22B,"【思考过程】：人体器官移植伦理委员会的审查重点在于确保捐献过程的合法性与伦理合规性。B选项涉及知情同意的合法性，是核心审查内容，确保捐献者或其家属充分知情并自愿同意。E选项直接关系到整个捐献流程是否符合医学伦理基本原则，如尊重生命、公平性等。D选项（跨服务区转介）可能涉及器官分配的公平性问题，但并非所有申请均需审查此内容，属于特殊情况下的附加审查。A选项（经济补偿）违反器官捐献的无偿原则，属于非法情况，而非审查内容。C选项（运输成本）属于操作层面的经济核算，与伦理审查无直接关联。

【最终答案】：BE",客观题,BE
器官移植,"你是一个严格按照要求答题的医学考试考生。请你先展示出完整的思考过程，然后再输出最终答案。每道题目有至少两个选项（A、B）至多五个选项（A、B、C、D、E），题目为不定项选择题，请按照以下格式作答：

【思考过程】：...

【最终答案】：AB / BCE / CD / DE / E / ...（只输出选项的编号，不要写选项内容）

示例：
题目：医疗伦理中四大基本原则是？
A.尊重自主权
B.善意行为
C.无害原则
D.公正原则
E.以上都不是
【思考过程】：本题考查医学伦理的四大基本原则，包括尊重自主权、不伤害原则、行善原则、公正原则。

【最终答案】：ABCD

题目：以下哪些事项属于人体器官移植伦理委员会对活体器官获取申请的审查内容？
A.器官质量是否符合国家强制标准
B.有无买卖或变相买卖活体器官的情形
C.接受人是否为捐献人的五代以内旁系血亲
D.活体器官捐献人的健康和心理状态是否适宜捐献器官
E.是否符合医学和伦理学原则
【思考过程】：",BDE,Qwen3-235B-A22B,"【思考过程】：根据《人体器官移植条例》及相关伦理准则，伦理委员会审查内容包括：确保无器官买卖（B）、评估捐献者的健康及心理状态（D）、是否符合医学和伦理原则（E）。选项C中“五代以内旁系血亲”不符合条例规定的三代以内范围，故错误。器官质量（A）属于技术标准，非伦理审查重点。

【最终答案】：BDE",客观题,BDE
器官移植,"你是一个严格按照要求答题的医学考试考生。请你先展示出完整的思考过程，然后再输出最终答案。每道题目有至少两个选项（A、B）至多五个选项（A、B、C、D、E），题目为不定项选择题，请按照以下格式作答：

【思考过程】：...

【最终答案】：AB / BCE / CD / DE / E / ...（只输出选项的编号，不要写选项内容）

示例：
题目：医疗伦理中四大基本原则是？
A.尊重自主权
B.善意行为
C.无害原则
D.公正原则
E.以上都不是
【思考过程】：本题考查医学伦理的四大基本原则，包括尊重自主权、不伤害原则、行善原则、公正原则。

【最终答案】：ABCD

题目：人体器官移植伦理委员会审查活体器官移植申请时，以下哪一事项属于必须审查的内容？
A.捐献人是否与接受人存在经济利益关系
B.供体器官的配型是否与接受者匹配及适应证是否合适
C.是否符合医院先进诊疗技术推广原则
D.是否有第三方机构参与器官分配流程
【思考过程】：",B,Qwen3-235B-A22B,"【思考过程】：本题考查人体器官移植伦理委员会对活体器官移植申请的审查重点。活体器官移植的核心伦理要求包括：确保捐献自愿性、排除经济利益关联（A）、医学匹配性及适应证合理性（B）。选项C涉及技术推广原则，与伦理审查无直接关联；选项D的第三方机构参与分配流程主要针对尸体器官分配，活体移植的伦理审查重点不在分配流程。

【最终答案】：AB",客观题,AB
器官移植,"你是一个严格按照要求答题的医学考试考生。请你先展示出完整的思考过程，然后再输出最终答案。每道题目有至少两个选项（A、B）至多五个选项（A、B、C、D、E），题目为不定项选择题，请按照以下格式作答：

【思考过程】：...

【最终答案】：AB / BCE / CD / DE / E / ...（只输出选项的编号，不要写选项内容）

示例：
题目：医疗伦理中四大基本原则是？
A.尊重自主权
B.善意行为
C.无害原则
D.公正原则
E.以上都不是
【思考过程】：本题考查医学伦理的四大基本原则，包括尊重自主权、不伤害原则、行善原则、公正原则。

【最终答案】：ABCD

题目：人体器官移植伦理委员会审查活体器官捐献申请时，以下哪项不属于应当审查的内容？
A.直系亲属代签捐献同意书的情形
B.有无变相买卖活体器官的情形
C.手术费用的具体承担方
D.器官配型与适应证的规范性
E.捐献人术后心理干预措施
F.移植器官细胞活性检测结果
【思考过程】：",ACEF,Qwen3-235B-A22B,"【思考过程】：人体器官移植伦理委员会的职责主要涉及伦理合规性审查，包括捐献自愿性（A）、禁止器官买卖（B）、医学适应证（D）、术后心理支持（E）等。手术费用承担方（C）属于经济管理范畴，器官细胞活性检测（F）属于技术评估，均不属于伦理审查内容。

【最终答案】：CF",客观题,CF
器官移植,"你是一个严格按照要求答题的医学考试考生。请你先展示出完整的思考过程，然后再输出最终答案。每道题目有至少两个选项（A、B）至多五个选项（A、B、C、D、E），题目为不定项选择题，请按照以下格式作答：

【思考过程】：...

【最终答案】：AB / BCE / CD / DE / E / ...（只输出选项的编号，不要写选项内容）

示例：
题目：医疗伦理中四大基本原则是？
A.尊重自主权
B.善意行为
C.无害原则
D.公正原则
E.以上都不是
【思考过程】：本题考查医学伦理的四大基本原则，包括尊重自主权、不伤害原则、行善原则、公正原则。

【最终答案】：ABCD

题目：在器官获取过程中，以下哪些属于规定的伦理操作流程？
A.填写《器官捐献登记表》并由护士签字
B.由至少两名医师全程见证器官获取及遗体复原过程
C.对捐献者遗体进行紫外线消毒处理
D.允许一名家属参与器官获取实施环节
E.在器官获取结束后组织全场人员保持站立默哀五分钟
【思考过程】：",BE,Qwen3-235B-A22B,"【思考过程】：器官获取的伦理操作流程需严格遵守相关规定。选项B中要求至少两名医师全程见证，符合伦理规范中对监督和透明度的要求。选项E的默哀仪式体现了对捐献者的尊重，属于伦理流程。A中的护士签字并非必要步骤；C的紫外线消毒属于技术处理而非伦理要求；D允许家属参与实施环节不符合规定，家属通常仅作为见证者而非参与者。

【最终答案】：BE",客观题,BE
器官移植,"你是一个严格按照要求答题的医学考试考生。请你先展示出完整的思考过程，然后再输出最终答案。每道题目有至少两个选项（A、B）至多五个选项（A、B、C、D、E），题目为不定项选择题，请按照以下格式作答：

【思考过程】：...

【最终答案】：AB / BCE / CD / DE / E / ...（只输出选项的编号，不要写选项内容）

示例：
题目：医疗伦理中四大基本原则是？
A.尊重自主权
B.善意行为
C.无害原则
D.公正原则
E.以上都不是
【思考过程】：本题考查医学伦理的四大基本原则，包括尊重自主权、不伤害原则、行善原则、公正原则。

【最终答案】：ABCD

题目：以下哪些做法符合人体器官捐献的伦理要求？
A.在社交媒体公开发布捐献者家属的感谢信以表彰其善举
B.向捐献者家属详细说明器官使用的医疗方案并获得书面同意
C.向媒体透露捐献者的年龄和性别以提升公众捐献意识
D.拒绝向第三方透露捐献者配偶的联系方式
【思考过程】：",BD,Qwen3-235B-A22B,"【思考过程】：本题考查人体器官捐献的伦理要求。选项B符合知情同意原则，必须向家属详细说明并获得书面同意；选项D体现了保护捐献者隐私的原则，拒绝透露家属联系方式。选项A可能侵犯隐私权（未经明确同意公开家属信息）；选项C泄露捐献者个人敏感信息（年龄、性别），均不符合伦理要求。

【最终答案】：BD",客观题,BD
器官移植,"你是一个严格按照要求答题的医学考试考生。请你先展示出完整的思考过程，然后再输出最终答案。每道题目有至少两个选项（A、B）至多五个选项（A、B、C、D、E），题目为不定项选择题，请按照以下格式作答：

【思考过程】：...

【最终答案】：AB / BCE / CD / DE / E / ...（只输出选项的编号，不要写选项内容）

示例：
题目：医疗伦理中四大基本原则是？
A.尊重自主权
B.善意行为
C.无害原则
D.公正原则
E.以上都不是
【思考过程】：本题考查医学伦理的四大基本原则，包括尊重自主权、不伤害原则、行善原则、公正原则。

【最终答案】：ABCD

题目：以下哪些行为违反了器官移植协调员的伦理规范？
A.劝说潜在捐献者家属在正式拒绝后终止沟通
B.接受器官获取费用回扣
C.诱导捐献者家属接受有偿补偿
D.因户籍差异调整优先级分配名单
【思考过程】：",BC,Qwen3-235B-A22B,"【思考过程】：器官移植协调员必须严格遵守伦理规范。A选项行为符合尊重家属意愿的伦理要求，不违规。B选项涉及利益输送，严重违反伦理。C选项破坏器官捐献的无偿性，属于违规。D选项因非医学因素调整分配优先级，违背公正原则。

【最终答案】：BCD",客观题,BCD
器官移植,"你是一个严格按照要求答题的医学考试考生。请你先展示出完整的思考过程，然后再输出最终答案。每道题目有至少两个选项（A、B）至多五个选项（A、B、C、D、E），题目为不定项选择题，请按照以下格式作答：

【思考过程】：...

【最终答案】：AB / BCE / CD / DE / E / ...（只输出选项的编号，不要写选项内容）

示例：
题目：医疗伦理中四大基本原则是？
A.尊重自主权
B.善意行为
C.无害原则
D.公正原则
E.以上都不是
【思考过程】：本题考查医学伦理的四大基本原则，包括尊重自主权、不伤害原则、行善原则、公正原则。

【最终答案】：ABCD

题目：潜在器官捐献者的必要条件包括以下哪一项？
A.年龄大于18周岁且家属书面同意
B.需要机械通气或循环支持的严重神经损伤
C.必须经过UNOS评估标准认证
D.存在非致命性的慢性疾病并签署生前预嘱
【思考过程】：",B,Qwen3-235B-A22B,"【思考过程】：潜在器官捐献者的必要条件需满足医学和法律标准。选项B描述的“需要机械通气或循环支持的严重神经损伤”符合脑死亡判定标准，是器官捐献的核心医学条件。选项A中的“年龄大于18周岁”可能因地区存在例外（如未成年人活体捐献），但通常作为常规条件；而“家属书面同意”并非绝对必要，若本人已明确捐献意愿则无需家属同意，因此A不完全正确。选项C的UNOS认证仅适用于美国，且属于分配流程而非捐献条件。选项D的“非致命性慢性疾病”不影响捐献资格，但并非必要条件。综上，只有选项B为绝对必要条件。

【最终答案】：B",客观题,B
器官移植,"你是一个严格按照要求答题的医学考试考生。请你先展示出完整的思考过程，然后再输出最终答案。每道题目有至少两个选项（A、B）至多五个选项（A、B、C、D、E），题目为不定项选择题，请按照以下格式作答：

【思考过程】：...

【最终答案】：AB / BCE / CD / DE / E / ...（只输出选项的编号，不要写选项内容）

示例：
题目：医疗伦理中四大基本原则是？
A.尊重自主权
B.善意行为
C.无害原则
D.公正原则
E.以上都不是
【思考过程】：本题考查医学伦理的四大基本原则，包括尊重自主权、不伤害原则、行善原则、公正原则。

【最终答案】：ABCD

题目：以下哪些人属于潜在器官捐献者“家属”的法定定义范围？
A.配偶
B.未成年子女
C.父母
D.通过口头承诺授权的朋友
E.法律途径正式授权的委托人
【思考过程】：",ACE,Qwen3-235B-A22B,"【思考过程】：根据器官捐献相关法规，法定家属通常包括配偶、父母、子女（包括未成年子女）等直系亲属。此外，通过合法程序正式授权的委托人（如签署授权书者）也属于法定家属范围。口头承诺授权的朋友因缺乏法律效力，一般不被认定。

【最终答案】：ABCE",客观题,ABCE
器官移植,"你是一个严格按照要求答题的医学考试考生。请你先展示出完整的思考过程，然后再输出最终答案。每道题目有至少两个选项（A、B）至多五个选项（A、B、C、D、E），题目为不定项选择题，请按照以下格式作答：

【思考过程】：...

【最终答案】：AB / BCE / CD / DE / E / ...（只输出选项的编号，不要写选项内容）

示例：
题目：医疗伦理中四大基本原则是？
A.尊重自主权
B.善意行为
C.无害原则
D.公正原则
E.以上都不是
【思考过程】：本题考查医学伦理的四大基本原则，包括尊重自主权、不伤害原则、行善原则、公正原则。

【最终答案】：ABCD

题目：在决定撤除支持治疗后，关于撤除心肺支持与器官捐献的讨论应当如何处理？
A.同时进行讨论以提高效率
B.先讨论器官捐献再撤除支持治疗
C.撤除后由医生自主决定是否讨论
D.撤除与器官捐献的讨论必须分开
【思考过程】：",D,Qwen3-235B-A22B,"【思考过程】：本题涉及撤除生命支持治疗与器官捐献讨论的伦理顺序。根据医学伦理原则，器官捐献的讨论必须在撤除生命支持治疗的决策完成后进行，以避免利益冲突。撤除治疗应基于患者预后和家属意愿，而器官捐献需在撤除后由家属或患者生前意愿决定。因此，讨论必须分开进行，确保决策独立性。选项D符合该原则，而A、B、C均可能干扰伦理决策。

【最终答案】：D",客观题,D
器官移植,"你是一个严格按照要求答题的医学考试考生。请你先展示出完整的思考过程，然后再输出最终答案。每道题目有至少两个选项（A、B）至多五个选项（A、B、C、D、E），题目为不定项选择题，请按照以下格式作答：

【思考过程】：...

【最终答案】：AB / BCE / CD / DE / E / ...（只输出选项的编号，不要写选项内容）

示例：
题目：医疗伦理中四大基本原则是？
A.尊重自主权
B.善意行为
C.无害原则
D.公正原则
E.以上都不是
【思考过程】：本题考查医学伦理的四大基本原则，包括尊重自主权、不伤害原则、行善原则、公正原则。

【最终答案】：ABCD

题目：根据DCD可行性评估规定，以下哪几项描述符合法定程序？
A.主治医生应在获得家属明确知情同意后开展初步DCD评估
B.撤除心肺支持治疗后预估死亡时间超过90分钟仍可实施DCD
C.必须明确告知家属需要进行的预测性检查并记录沟通内容
D.须优先采用UW评分和Hong-Kong评估系统作为预测工具
E.患者符合DCD标准的判断依据是撤除治疗90分钟内死亡
【思考过程】：",C,Qwen3-235B-A22B,"【思考过程】：本题考查DCD可行性评估的法定程序要求。根据相关规范，DCD评估必须满足以下条件：  
1. 知情同意是前提，需由主治医生在获得家属明确知情同意后启动评估（对应选项A正确）。  
2. 预测性检查需明确告知家属并记录沟通内容（对应选项C正确）。  
3. DCD标准的核心是撤除治疗后90分钟内死亡（对应选项E正确）。  
4. 撤除治疗后预估死亡时间超过90分钟不符合DCD标准（选项B错误）。  
5. 预测工具可结合临床判断，并未强制规定必须优先使用特定评分系统（选项D错误）。

【最终答案】：ACE",客观题,ACE
器官移植,"你是一个严格按照要求答题的医学考试考生。请你先展示出完整的思考过程，然后再输出最终答案。每道题目有至少两个选项（A、B）至多五个选项（A、B、C、D、E），题目为不定项选择题，请按照以下格式作答：

【思考过程】：...

【最终答案】：AB / BCE / CD / DE / E / ...（只输出选项的编号，不要写选项内容）

示例：
题目：医疗伦理中四大基本原则是？
A.尊重自主权
B.善意行为
C.无害原则
D.公正原则
E.以上都不是
【思考过程】：本题考查医学伦理的四大基本原则，包括尊重自主权、不伤害原则、行善原则、公正原则。

【最终答案】：ABCD

题目：关于潜在器官捐献者的处理流程，以下哪项符合法规要求？
A.在获得家属口头知情同意后，协调员需详细讨论DCD相关问题，再获取书面同意
B.协调员可直接根据家属书面同意启动DCD流程，无需事先深入讨论
C.OPO小组负责家属访谈工作
D.主治医生有权独立决定DCD流程并签署书面同意
【思考过程】：",A,Qwen3-235B-A22B,"【思考过程】：根据中国《人体器官移植条例》及《人体器官捐献协调员管理办法》，潜在器官捐献者（DCD）的处理流程需遵循以下规范：  
1. **知情同意流程**：需先通过口头沟通获得家属初步同意，随后由协调员详细解释DCD的具体流程、风险及伦理问题，最终获取书面知情同意（选项A正确，B错误）。  
2. **职责分工**：OPO（器官获取组织）小组负责统筹协调器官捐献相关事宜，包括家属访谈和签署知情同意书（选项C正确）。  
3. **决策权限**：主治医生无权单独决定启动DCD流程，需由OPO协调员主导，避免利益冲突（选项D错误）。  

【最终答案】：AC",客观题,AC
器官移植,"你是一个严格按照要求答题的医学考试考生。请你先展示出完整的思考过程，然后再输出最终答案。每道题目有至少两个选项（A、B）至多五个选项（A、B、C、D、E），题目为不定项选择题，请按照以下格式作答：

【思考过程】：...

【最终答案】：AB / BCE / CD / DE / E / ...（只输出选项的编号，不要写选项内容）

示例：
题目：医疗伦理中四大基本原则是？
A.尊重自主权
B.善意行为
C.无害原则
D.公正原则
E.以上都不是
【思考过程】：本题考查医学伦理的四大基本原则，包括尊重自主权、不伤害原则、行善原则、公正原则。

【最终答案】：ABCD

题目：在家属同意进行器官捐献后，医疗机构应当遵循以下哪些法定程序？（不定项选择）
A.由同一名主治医师解释器官捐献和DCD操作流程
B.在讨论撤除心肺支持前探讨捐献可能性
C.向家属书面说明器官摘取手术的具体时间
D.详细记录患者清醒前表达的捐献意愿
E.必须另组医疗团队实施撤除治疗操作
【思考过程】：",D,Qwen3-235B-A22B,"【思考过程】：根据《人体器官移植条例》及相关规定，医疗机构在器官捐献过程中需遵循特定程序。选项B正确，因应在撤除生命支持前探讨捐献可能性以确保评估机会；选项E正确，因撤除治疗操作需由独立医疗团队执行以避免利益冲突。其他选项中，A涉及利益冲突，C和D不符合常规法定要求。

【最终答案】：BE",客观题,BE
器官移植,"你是一个严格按照要求答题的医学考试考生。请你先展示出完整的思考过程，然后再输出最终答案。每道题目有至少两个选项（A、B）至多五个选项（A、B、C、D、E），题目为不定项选择题，请按照以下格式作答：

【思考过程】：...

【最终答案】：AB / BCE / CD / DE / E / ...（只输出选项的编号，不要写选项内容）

示例：
题目：医疗伦理中四大基本原则是？
A.尊重自主权
B.善意行为
C.无害原则
D.公正原则
E.以上都不是
【思考过程】：本题考查医学伦理的四大基本原则，包括尊重自主权、不伤害原则、行善原则、公正原则。

【最终答案】：ABCD

题目：在器官捐献知情同意过程中，以下哪些做法是符合要求的？
A.由主治医师代替器官捐献协调员与家属签署知情同意书
B.家属反对捐献时仍执行潜在捐献者生前签署的捐献协议
C.仅在紧急情况下口头记录家属同意意见而不写入病历
D.在签署知情同意书后定期向家属重申可以随时撤回决定
【思考过程】：",D,Qwen3-235B-A22B,"【思考过程】：选项A错误，因主治医师可能有利益冲突，应由专业协调员签署。选项B错误，中国目前实践中家属反对可能影响捐献执行。选项C错误，知情同意必须书面记录。选项D正确，因需持续尊重家属撤回决定的权利。

【最终答案】：D",客观题,D
器官移植,"你是一个严格按照要求答题的医学考试考生。请你先展示出完整的思考过程，然后再输出最终答案。每道题目有至少两个选项（A、B）至多五个选项（A、B、C、D、E），题目为不定项选择题，请按照以下格式作答：

【思考过程】：...

【最终答案】：AB / BCE / CD / DE / E / ...（只输出选项的编号，不要写选项内容）

示例：
题目：医疗伦理中四大基本原则是？
A.尊重自主权
B.善意行为
C.无害原则
D.公正原则
E.以上都不是
【思考过程】：本题考查医学伦理的四大基本原则，包括尊重自主权、不伤害原则、行善原则、公正原则。

【最终答案】：ABCD

题目：实施组织器官捐献前的综合评估必须包括以下哪些内容？
A.患者的个人详细信息（如职业、生活习惯等）
B.患者的家族病史
C.患者既往的疾病和治疗史
D.心电图检测报告
E.实验室常规检查数据
【思考过程】：",ACE,Qwen3-235B-A22B,"【思考过程】：实施组织器官捐献前的综合评估需确保捐献者器官适合移植及安全性。家族病史（B）用于排除遗传性疾病；既往疾病和治疗史（C）直接影响器官质量；实验室常规检查（E）评估感染、器官功能等。心电图（D）可能作为心脏评估的一部分，但并非所有情况均需。个人详细信息（A）如职业通常不直接影响评估结果。

【最终答案】：BCE",客观题,BCE
器官移植,"你是一个严格按照要求答题的医学考试考生。请你先展示出完整的思考过程，然后再输出最终答案。每道题目有至少两个选项（A、B）至多五个选项（A、B、C、D、E），题目为不定项选择题，请按照以下格式作答：

【思考过程】：...

【最终答案】：AB / BCE / CD / DE / E / ...（只输出选项的编号，不要写选项内容）

示例：
题目：医疗伦理中四大基本原则是？
A.尊重自主权
B.善意行为
C.无害原则
D.公正原则
E.以上都不是
【思考过程】：本题考查医学伦理的四大基本原则，包括尊重自主权、不伤害原则、行善原则、公正原则。

【最终答案】：ABCD

题目：关于撤除心肺支持治疗后的记录要求，以下哪项不符合规定？
A.每分钟记录患者的血压和血氧饱和度
B.每5分钟记录一次尿量和呼吸频率
C.详细记录热缺血时间的起止节点
D.使用药物加速患者死亡过程以缩短等待时间
【思考过程】：",B,Qwen3-235B-A22B,"【思考过程】：撤除心肺支持治疗后的记录需严格遵循医疗规范及伦理准则。选项D涉及使用药物加速死亡，这直接违背医学伦理和法律对临终关怀及生命尊严的要求，属于违规行为。其余选项中，A（每分钟记录血压和血氧）及B（每5分钟记录尿量和呼吸频率）符合术后监测的常规要求，C（记录热缺血时间）是器官移植中必须准确掌握的关键数据，因此均符合规定。

【最终答案】：D",客观题,D
器官移植,"你是一个严格按照要求答题的医学考试考生。请你先展示出完整的思考过程，然后再输出最终答案。每道题目有至少两个选项（A、B）至多五个选项（A、B、C、D、E），题目为不定项选择题，请按照以下格式作答：

【思考过程】：...

【最终答案】：AB / BCE / CD / DE / E / ...（只输出选项的编号，不要写选项内容）

示例：
题目：医疗伦理中四大基本原则是？
A.尊重自主权
B.善意行为
C.无害原则
D.公正原则
E.以上都不是
【思考过程】：本题考查医学伦理的四大基本原则，包括尊重自主权、不伤害原则、行善原则、公正原则。

【最终答案】：ABCD

题目：在心脏死亡判定过程中，以下哪些做法符合相关标准？
A.观察时间为1分钟后宣布死亡
B.观察时间控制在5分钟内
C.判定死亡时移植医生在场监督
D.由2名副主任医师共同宣布死亡
E.使用有创动脉血压检测确认循环停止
【思考过程】：",E,Qwen3-235B-A22B,"【思考过程】：心脏死亡判定需符合以下标准：观察时间通常为5分钟（B正确）；移植医生在场监督（C）可能在器官捐献时要求；需两名医生共同宣布死亡，但职称不限于副主任（D正确）；临床检查而非有创检测为常规方法（E错误）。部分标准可能存在地区差异，但综合判断B、C、D符合多数规范。

【最终答案】：BCD",客观题,BCD
器官移植,"你是一个严格按照要求答题的医学考试考生。请你先展示出完整的思考过程，然后再输出最终答案。每道题目有至少两个选项（A、B）至多五个选项（A、B、C、D、E），题目为不定项选择题，请按照以下格式作答：

【思考过程】：...

【最终答案】：AB / BCE / CD / DE / E / ...（只输出选项的编号，不要写选项内容）

示例：
题目：医疗伦理中四大基本原则是？
A.尊重自主权
B.善意行为
C.无害原则
D.公正原则
E.以上都不是
【思考过程】：本题考查医学伦理的四大基本原则，包括尊重自主权、不伤害原则、行善原则、公正原则。

【最终答案】：ABCD

题目：医疗机构在摘取死者器官用于移植时，必须同时满足以下哪些条件？
A.获得符合法律规定的同意意见
B.确认死者生前未实名签署器官捐献拒绝声明
C.家属承诺自愿捐献死者器官
D.死者曾公开表达过捐献意愿
E.仅需满足条件a或条件b中的一个即可
【思考过程】：",A,Qwen3-235B-A22B,"【思考过程】：根据《人体器官移植条例》，摘取死者器官需满足：①取得合法同意（A正确）；②确认死者生前未明确反对捐献（B正确）；③家属书面同意（C正确）。D选项""公开表达捐献意愿""无法律效力，需正式登记或书面声明；E选项错误，因A和B为必要条件，不可择一。

【最终答案】：ABC",客观题,ABC
器官移植,"你是一个严格按照要求答题的医学考试考生。请你先展示出完整的思考过程，然后再输出最终答案。每道题目有至少两个选项（A、B）至多五个选项（A、B、C、D、E），题目为不定项选择题，请按照以下格式作答：

【思考过程】：...

【最终答案】：AB / BCE / CD / DE / E / ...（只输出选项的编号，不要写选项内容）

示例：
题目：医疗伦理中四大基本原则是？
A.尊重自主权
B.善意行为
C.无害原则
D.公正原则
E.以上都不是
【思考过程】：本题考查医学伦理的四大基本原则，包括尊重自主权、不伤害原则、行善原则、公正原则。

【最终答案】：ABCD

题目：以下哪些行为违反了器官移植相关法律法规？
A.医生在记录捐献人生命体征后参与移植评估会议
B.宣告捐献人死亡的医师主导肾脏摘取手术
C.参与死亡确认的医生撰写移植术后报告
D.死亡确认医生担任接受人的术后主诊医师
E.护士未参与死亡判定但协助器官保存
【思考过程】：",BD,Qwen3-235B-A22B,"【思考过程】：本题考查器官移植相关法律法规中的利益冲突禁止条款。根据《人体器官移植条例》第十七条，从事死亡判定的医师不得参与器官摘取、植入手术及器官分配协调工作。选项B中宣告死亡的医师主导肾脏摘取手术，直接违反死亡判定与器官摘取分离的规定；选项D中死亡确认医生担任接受人术后主诊医师，属于移植团队职责，违反利益冲突回避原则；选项A中医生记录生命体征（死亡判定环节）后参与移植评估会议（涉及器官分配协调），同样违反法规。选项C中撰写术后报告属于移植团队常规工作，若死亡确认医生未参与移植手术则不违规；选项E中护士仅协助器官保存且未参与死亡判定，符合规定。

【最终答案】：ABD",客观题,ABD
器官移植,"你是一个严格按照要求答题的医学考试考生。请你先展示出完整的思考过程，然后再输出最终答案。每道题目有至少两个选项（A、B）至多五个选项（A、B、C、D、E），题目为不定项选择题，请按照以下格式作答：

【思考过程】：...

【最终答案】：AB / BCE / CD / DE / E / ...（只输出选项的编号，不要写选项内容）

示例：
题目：医疗伦理中四大基本原则是？
A.尊重自主权
B.善意行为
C.无害原则
D.公正原则
E.以上都不是
【思考过程】：本题考查医学伦理的四大基本原则，包括尊重自主权、不伤害原则、行善原则、公正原则。

【最终答案】：ABCD

题目：以下哪些是活体器官捐献必须满足的条件（多选）？
A.捐献人需提供三代内亲属的书面同意
B.捐献人与接受人需存在基因、法律或情感关系
C.捐献人已获得完整可理解的危险性及后果告知
D.捐献人的法定家属需出具支持性声明
E.捐献人必须是接受人直系血亲或配偶
F.捐献人具备法律资格且能自主决策
【思考过程】：",BCF,Qwen3-235B-A22B,"【思考过程】：活体器官捐献的必要条件包括：捐献者必须与接受人存在特定关系（如基因、法律或情感关联，对应选项B），捐献者需充分了解风险并知情同意（选项C），以及捐献者必须具备完全民事行为能力（选项F）。选项A和D涉及家属同意，但并非普遍必要条件；选项E的限定范围过窄，未涵盖旁系血亲或帮扶关系。根据相关法规，选项B更全面。

【最终答案】：BCF",客观题,BCF
器官移植,"你是一个严格按照要求答题的医学考试考生。请你先展示出完整的思考过程，然后再输出最终答案。每道题目有至少两个选项（A、B）至多五个选项（A、B、C、D、E），题目为不定项选择题，请按照以下格式作答：

【思考过程】：...

【最终答案】：AB / BCE / CD / DE / E / ...（只输出选项的编号，不要写选项内容）

示例：
题目：医疗伦理中四大基本原则是？
A.尊重自主权
B.善意行为
C.无害原则
D.公正原则
E.以上都不是
【思考过程】：本题考查医学伦理的四大基本原则，包括尊重自主权、不伤害原则、行善原则、公正原则。

【最终答案】：ABCD

题目：下列关于未成年人器官捐献的表述，哪几项符合法律法规要求？
A.除法定例外情况外禁止从未成年人活体摘取移植材料
B.可能存在需要未成年人本人提前同意的情形
C.经伦理委员会批准的例外情况可突破年龄限制
D.无民事行为能力者的移植规则与未成年人一致
【思考过程】：",ABD,Qwen3-235B-A22B,,客观题,
器官移植,"你是一个严格按照要求答题的医学考试考生。请你先展示出完整的思考过程，然后再输出最终答案。每道题目有至少两个选项（A、B）至多五个选项（A、B、C、D、E），题目为不定项选择题，请按照以下格式作答：

【思考过程】：...

【最终答案】：AB / BCE / CD / DE / E / ...（只输出选项的编号，不要写选项内容）

示例：
题目：医疗伦理中四大基本原则是？
A.尊重自主权
B.善意行为
C.无害原则
D.公正原则
E.以上都不是
【思考过程】：本题考查医学伦理的四大基本原则，包括尊重自主权、不伤害原则、行善原则、公正原则。

【最终答案】：ABCD

题目：在器官捐献中，以下哪些情况符合相关伦理和法律规范？
A.医院向器官捐献者支付术后营养费用
B.家属为获取移植资格向医院缴纳""加速审批金""
C.补偿捐献者因器官摘取导致的三日工资损失
D.器官受赠方私下赠予捐献者家属境外旅游奖励
E.向非法中介机构购买适配的活体肾脏
【思考过程】：",AC,Qwen3-235B-A22B,"【思考过程】：根据《人体器官移植条例》，器官捐献需遵循自愿、无偿原则，禁止任何形式的买卖或权钱交易。A选项中医院支付术后营养费用属于合理医疗补偿，符合法规；C选项补偿工资损失属于对捐献者直接经济损失的合理填补，合法合规。B选项“加速审批金”属于违规交易；D选项私下赠予境外旅游奖励变相涉及利益交换；E选项通过非法中介购买器官属违法行为。因此，符合规范的是A和C。

【最终答案】：AC",客观题,AC
器官移植,"你是一个严格按照要求答题的医学考试考生。请你先展示出完整的思考过程，然后再输出最终答案。每道题目有至少两个选项（A、B）至多五个选项（A、B、C、D、E），题目为不定项选择题，请按照以下格式作答：

【思考过程】：...

【最终答案】：AB / BCE / CD / DE / E / ...（只输出选项的编号，不要写选项内容）

示例：
题目：医疗伦理中四大基本原则是？
A.尊重自主权
B.善意行为
C.无害原则
D.公正原则
E.以上都不是
【思考过程】：本题考查医学伦理的四大基本原则，包括尊重自主权、不伤害原则、行善原则、公正原则。

【最终答案】：ABCD

题目：以下哪些行为符合器官捐献相关法规的规定？
A.通过公益广告宣传器官捐献的社会意义
B.在报纸刊登广告征求肝源并承诺给予营养补助
C.医院在社交媒体发布倡议书征集自愿无偿捐献者
D.第三方中介为匹配成功的捐献者家属报销交通费用
【思考过程】：",AC,Qwen3-235B-A22B,"【思考过程】：根据《人体器官移植条例》及相关法规，器官捐献需遵循自愿、无偿原则，且捐献登记由红十字会等专门机构负责。A选项属于公益宣传，符合鼓励捐献的合法方式；B选项通过承诺营养补助征求肝源违反“无偿”原则，属于变相买卖；C选项中医院擅自发布倡议书征集捐献者不符合法定登记流程；D选项中第三方中介报销交通费用可能涉及利益输送，不符合法规对捐献流程的规范要求。

【最终答案】：A",客观题,A
器官移植,"你是一个严格按照要求答题的医学考试考生。请你先展示出完整的思考过程，然后再输出最终答案。每道题目有至少两个选项（A、B）至多五个选项（A、B、C、D、E），题目为不定项选择题，请按照以下格式作答：

【思考过程】：...

【最终答案】：AB / BCE / CD / DE / E / ...（只输出选项的编号，不要写选项内容）

示例：
题目：医疗伦理中四大基本原则是？
A.尊重自主权
B.善意行为
C.无害原则
D.公正原则
E.以上都不是
【思考过程】：本题考查医学伦理的四大基本原则，包括尊重自主权、不伤害原则、行善原则、公正原则。

【最终答案】：ABCD

题目：医生发现用于移植的器官是通过向捐献者家属支付报酬的方式获得的，下列哪项处理方式符合伦理规范？
A.立即停止手术并将器官移交其他患者
B.拒绝为该患者进行移植手术
C.仅需将该情况上报上级部门备案
D.健康保险机构拒绝为此手术支付费用
E.经评估后若器官安全仍可手术
【思考过程】：",BD,Qwen3-235B-A22B,"【思考过程】：器官移植伦理要求捐献必须自愿且无偿。支付报酬给家属违反了禁止器官买卖的原则，属于不合法来源。此时医生应拒绝使用该器官进行手术，以维护伦理规范。选项B符合这一原则。选项A移交其他患者仍无法解决来源非法的问题，可能继续违反伦理；选项C和D未直接纠正错误；选项E忽略伦理问题，仅考虑安全性，不正确。

【最终答案】：B",客观题,B
器官移植,"你是一个严格按照要求答题的医学考试考生。请你先展示出完整的思考过程，然后再输出最终答案。每道题目有至少两个选项（A、B）至多五个选项（A、B、C、D、E），题目为不定项选择题，请按照以下格式作答：

【思考过程】：...

【最终答案】：AB / BCE / CD / DE / E / ...（只输出选项的编号，不要写选项内容）

示例：
题目：医疗伦理中四大基本原则是？
A.尊重自主权
B.善意行为
C.无害原则
D.公正原则
E.以上都不是
【思考过程】：本题考查医学伦理的四大基本原则，包括尊重自主权、不伤害原则、行善原则、公正原则。

【最终答案】：ABCD

题目：参与器官移植的卫生保健人员可以接受以下哪种方式的支付？
A.接受患者家属以个人名义赠送的答谢金
B.按标准收取器官运输和保存的劳务费
C.收取捐赠方提供的实验仪器设备
D.接受受捐方为医生支付的国际会议差旅费
E.接收某基金会授予的年度突出贡献会员资格
【思考过程】：",B,Qwen3-235B-A22B,"【思考过程】：根据器官移植相关伦理准则及法律规定，卫生保健人员不得因器官移植相关活动接受个人或机构的额外利益，以避免利益冲突和商业化。选项A、C、D均涉及直接或间接的个人利益获取，属于违规行为。选项E若与基金会存在利益关联也可能违规。而选项B中按标准收取器官运输和保存的劳务费属于正常工作范畴的报酬，符合伦理规范。

【最终答案】：B",客观题,B
器官移植,"你是一个严格按照要求答题的医学考试考生。请你先展示出完整的思考过程，然后再输出最终答案。每道题目有至少两个选项（A、B）至多五个选项（A、B、C、D、E），题目为不定项选择题，请按照以下格式作答：

【思考过程】：...

【最终答案】：AB / BCE / CD / DE / E / ...（只输出选项的编号，不要写选项内容）

示例：
题目：医疗伦理中四大基本原则是？
A.尊重自主权
B.善意行为
C.无害原则
D.公正原则
E.以上都不是
【思考过程】：本题考查医学伦理的四大基本原则，包括尊重自主权、不伤害原则、行善原则、公正原则。

【最终答案】：ABCD

题目：以下哪几种行为违反了器官分配法规的相关要求？
A.分配时优先救治多器官衰竭的危重患者
B.根据患者家属捐赠医院资金数额调整分配顺序
C.委员会成员包含捐赠者的商业合作伙伴
D.通过匿名评审确保分配结果不受舆论影响
E.在资源充足时允许患者自费加急获取器官
【思考过程】：",BCE,Qwen3-235B-A22B,"【思考过程】：器官分配法规要求公平、公正，禁止利益交换和不当优先。B选项将捐赠资金与分配顺序挂钩，违反禁止交易原则；C选项存在利益冲突，影响公正性；E选项允许自费加急破坏公平性。A选项若基于医学评估的危重患者优先属于合规（如MELD评分），D选项匿名评审符合规定。因此，违规行为为B、C、E。

【最终答案】：BCE",客观题,BCE
器官移植,"你是一个严格按照要求答题的医学考试考生。请你先展示出完整的思考过程，然后再输出最终答案。每道题目有至少两个选项（A、B）至多五个选项（A、B、C、D、E），题目为不定项选择题，请按照以下格式作答：

【思考过程】：...

【最终答案】：AB / BCE / CD / DE / E / ...（只输出选项的编号，不要写选项内容）

示例：
题目：医疗伦理中四大基本原则是？
A.尊重自主权
B.善意行为
C.无害原则
D.公正原则
E.以上都不是
【思考过程】：本题考查医学伦理的四大基本原则，包括尊重自主权、不伤害原则、行善原则、公正原则。

【最终答案】：ABCD

题目：以下哪种做法符合相关法律法规的要求？
A.将器官移植全流程记录在公共网站实时更新，但未隐匿捐献人身份证号信息；B.仅向伦理委员会秘密报送移植档案，未开展任何外部调查；C.医院通过匿名方式完成移植手术，但拒绝所有卫生部门的质量审查；D.建立可追溯的电子化移植档案系统，供监管机构核验时仅显示捐赠者编号
【思考过程】：",D,Qwen3-235B-A22B,"【思考过程】：本题考查器官移植相关法律法规中关于信息记录与隐私保护的要求。根据《人体器官移植条例》及配套规定：（1）器官移植档案需可追溯且接受监管，但捐献者隐私信息（如身份证号）不得公开；（2）卫生行政部门有权对移植质量进行监督检查；（3）电子化档案系统需兼顾可追溯性与隐私保护。选项D通过捐赠者编号替代个人信息，既满足监管机构核查需求，又避免隐私泄露，符合法规要求。选项A未隐匿身份证号违反隐私保护，选项B和C均排斥外部监管，均不符合法规。

【最终答案】：D",客观题,D
急危重症处置,"你是一个严格按照要求答题的医学考试考生。请你先展示出完整的思考过程，然后再输出最终答案。每道题目有至少两个选项（A、B）至多五个选项（A、B、C、D、E），题目为不定项选择题，请按照以下格式作答：

【思考过程】：...

【最终答案】：AB / BCE / CD / DE / E / ...（只输出选项的编号，不要写选项内容）

示例：
题目：医疗伦理中四大基本原则是？
A.尊重自主权
B.善意行为
C.无害原则
D.公正原则
E.以上都不是
【思考过程】：本题考查医学伦理的四大基本原则，包括尊重自主权、不伤害原则、行善原则、公正原则。

【最终答案】：ABCD

题目：下列哪种情形下相关组织或个人必须履行施救义务？
A.路人对街边中暑的老人的自愿救助
B.医院对未缴费患者的道德性援助
C.警察对交通事故伤者的现场处理
D.泳池救生员对溺水游客的消极观望
E.学校教师对突发癫痫学生的应急处置
【思考过程】：",CDE,Qwen3-235B-A22B,"【思考过程】：本题考查特定情形下法定义务的履行。根据《民法典》相关规定：  
1. **选项B**：医疗机构对急危患者需“先救治后付费”，不得以未缴费为由拒绝施救（《民法典》第1220条）。  
2. **选项C**：警察作为公职人员，对交通事故伤者负有法定现场处置义务（《人民警察法》第21条）。  
3. **选项D**：救生员因职业职责对溺水者必须积极救助，消极观望构成不作为违法。  
4. **选项E**：教师对学生在校突发疾病负有及时救助的看护义务（《学生伤害事故处理办法》第15条）。  
5. **选项A**：普通路人对中暑老人无法律强制救助义务，属于自愿行为。  

【最终答案】：BCDE",客观题,BCDE
急危重症处置,"你是一个严格按照要求答题的医学考试考生。请你先展示出完整的思考过程，然后再输出最终答案。每道题目有至少两个选项（A、B）至多五个选项（A、B、C、D、E），题目为不定项选择题，请按照以下格式作答：

【思考过程】：...

【最终答案】：AB / BCE / CD / DE / E / ...（只输出选项的编号，不要写选项内容）

示例：
题目：医疗伦理中四大基本原则是？
A.尊重自主权
B.善意行为
C.无害原则
D.公正原则
E.以上都不是
【思考过程】：本题考查医学伦理的四大基本原则，包括尊重自主权、不伤害原则、行善原则、公正原则。

【最终答案】：ABCD

题目：以下关于医疗机构损害赔偿责任的说法，哪项符合法律规定？
A.医务人员直接承担赔偿，B.医疗机构有过错时须担责，C.第三方过错导致的可不赔偿，D.患者签署知情同意书则医方免责，E.无论过错均需赔偿
【思考过程】：",B,Qwen3-235B-A22B,"【思考过程】：本题考查《民法典》中关于医疗损害赔偿责任的规定。根据《民法典》第1218条，医疗机构承担赔偿责任需以存在过错为前提，符合选项B。若损害由第三方过错导致（如药品缺陷），且医疗机构无过错，则医疗机构无需赔偿（对应选项C）。选项A错误，因赔偿责任通常由医疗机构先行承担；选项D错误，知情同意书不能免除医疗机构过错责任；选项E错误，医疗损害责任适用过错责任原则。因此，正确答案为B和C。

【最终答案】：BC",客观题,BC
急危重症处置,"你是一个严格按照要求答题的医学考试考生。请你先展示出完整的思考过程，然后再输出最终答案。每道题目有至少两个选项（A、B）至多五个选项（A、B、C、D、E），题目为不定项选择题，请按照以下格式作答：

【思考过程】：...

【最终答案】：AB / BCE / CD / DE / E / ...（只输出选项的编号，不要写选项内容）

示例：
题目：医疗伦理中四大基本原则是？
A.尊重自主权
B.善意行为
C.无害原则
D.公正原则
E.以上都不是
【思考过程】：本题考查医学伦理的四大基本原则，包括尊重自主权、不伤害原则、行善原则、公正原则。

【最终答案】：ABCD

题目：在急危重症患者需要实施特殊治疗时，医务人员必须向患者或近亲属明确说明的内容包括？
A.近期治疗费用
B.医疗风险
C.替代医疗方案
D.可能引发的其他并发症
【思考过程】：",BC,Qwen3-235B-A22B,"【思考过程】：根据医疗知情同意原则，医务人员在实施特殊治疗时必须明确告知患者或其近亲属的内容包括：医疗风险（B）、替代医疗方案（C）、可能引发的其他并发症（D）。治疗费用（A）虽重要，但通常不列为必须明确说明的强制性内容，除非涉及重大费用或患者主动询问。

【最终答案】：BCD",客观题,BCD
急危重症处置,"你是一个严格按照要求答题的医学考试考生。请你先展示出完整的思考过程，然后再输出最终答案。每道题目有至少两个选项（A、B）至多五个选项（A、B、C、D、E），题目为不定项选择题，请按照以下格式作答：

【思考过程】：...

【最终答案】：AB / BCE / CD / DE / E / ...（只输出选项的编号，不要写选项内容）

示例：
题目：医疗伦理中四大基本原则是？
A.尊重自主权
B.善意行为
C.无害原则
D.公正原则
E.以上都不是
【思考过程】：本题考查医学伦理的四大基本原则，包括尊重自主权、不伤害原则、行善原则、公正原则。

【最终答案】：ABCD

题目：在抢救生命垂危的患者且无法取得患者及其近亲属意见时，医疗机构可以采取以下哪种操作流程？
A.主治医生直接实施急救措施
B.科室主任签字后立即实施治疗
C.经医疗机构负责人或授权负责人批准后立即实施措施
D.在2名见证人签字前提下实施措施并事后联系家属
【思考过程】：",C,Qwen3-235B-A22B,"【思考过程】：根据《中华人民共和国民法典》第1220条，抢救生命垂危患者且无法取得同意时，需经医疗机构负责人或授权负责人批准后实施救治。选项C符合该规定，而其他选项未明确提及负责人批准这一法定程序。

【最终答案】：C",客观题,C
急危重症处置,"你是一个严格按照要求答题的医学考试考生。请你先展示出完整的思考过程，然后再输出最终答案。每道题目有至少两个选项（A、B）至多五个选项（A、B、C、D、E），题目为不定项选择题，请按照以下格式作答：

【思考过程】：...

【最终答案】：AB / BCE / CD / DE / E / ...（只输出选项的编号，不要写选项内容）

示例：
题目：医疗伦理中四大基本原则是？
A.尊重自主权
B.善意行为
C.无害原则
D.公正原则
E.以上都不是
【思考过程】：本题考查医学伦理的四大基本原则，包括尊重自主权、不伤害原则、行善原则、公正原则。

【最终答案】：ABCD

题目：根据相关法律法规，判断医疗机构是否需要对患者损害承担赔偿责任的主要依据是？
A. 患者的最终治疗效果是否达到预期
B. 医务人员是否遵循了最新的医疗指南
C. 是否在诊疗活动中未尽到与当时医疗水平相应的诊疗义务
D. 医院是否具备高级医疗设备
E. 医务人员的主观意图是否为善意
【思考过程】：",C,Qwen3-235B-A22B,"【思考过程】：根据《民法典》相关规定，医疗机构承担赔偿责任的核心依据是医务人员在诊疗活动中是否存在过失，即是否未尽到与当时医疗水平相应的诊疗义务（选项C）。选项A（治疗效果）和D（设备）与责任判定无直接关联；选项B（指南）和E（主观意图）虽相关但非决定性因素，法律更注重客观行为而非主观善意或指南遵循。因此，主要依据是选项C。

【最终答案】：C",客观题,C
急危重症处置,"你是一个严格按照要求答题的医学考试考生。请你先展示出完整的思考过程，然后再输出最终答案。每道题目有至少两个选项（A、B）至多五个选项（A、B、C、D、E），题目为不定项选择题，请按照以下格式作答：

【思考过程】：...

【最终答案】：AB / BCE / CD / DE / E / ...（只输出选项的编号，不要写选项内容）

示例：
题目：医疗伦理中四大基本原则是？
A.尊重自主权
B.善意行为
C.无害原则
D.公正原则
E.以上都不是
【思考过程】：本题考查医学伦理的四大基本原则，包括尊重自主权、不伤害原则、行善原则、公正原则。

【最终答案】：ABCD

题目：患者在诊疗活动中受到损害时，以下哪些情形可推定医疗机构有过错？
A.未按规定更新患者电子档案
B.拒绝向家属提供患者的病理切片记录
C.医生术中使用了未被行业指南推荐的技术
D.护士误将输液剂量标注错误但未造成实际后果
E.销毁患者住院档案以提高存储空间利用率
【思考过程】：",BCE,Qwen3-235B-A22B,"【思考过程】：根据《民法典》第一千二百二十二条，推定医疗机构过错的情形包括：违反诊疗规范、隐匿或拒绝提供与纠纷相关的病历资料、销毁病历资料等。选项B（拒绝提供病理切片记录）属于拒绝提供病历资料，E（销毁住院档案）属于销毁病历资料，均符合推定过错的情形。选项C（使用未被行业指南推荐的技术）若该技术属于违反诊疗规范，则属于第一种情形。选项A和D不直接涉及推定过错的法定情形。

【最终答案】：BCE",客观题,BCE
急危重症处置,"你是一个严格按照要求答题的医学考试考生。请你先展示出完整的思考过程，然后再输出最终答案。每道题目有至少两个选项（A、B）至多五个选项（A、B、C、D、E），题目为不定项选择题，请按照以下格式作答：

【思考过程】：...

【最终答案】：AB / BCE / CD / DE / E / ...（只输出选项的编号，不要写选项内容）

示例：
题目：医疗伦理中四大基本原则是？
A.尊重自主权
B.善意行为
C.无害原则
D.公正原则
E.以上都不是
【思考过程】：本题考查医学伦理的四大基本原则，包括尊重自主权、不伤害原则、行善原则、公正原则。

【最终答案】：ABCD

题目：患者因输入不合格血液导致损害，可以向以下哪些主体请求赔偿？
A.药品上市许可持有人
B.血液提供机构
C.医疗器械生产者
D.医疗机构
E.主治医师
【思考过程】：",BD,Qwen3-235B-A22B,"【思考过程】：根据《民法典》第一千二百二十三条，患者因输入不合格血液受到损害的，可以向医疗机构或血液提供机构请求赔偿。医疗机构需承担输血前检测义务，若未规范操作需担责；若血液本身不合格，则由血液提供机构负责。药品上市许可持有人（A）和医疗器械生产者（C）与血液制品无直接关联；主治医师（E）仅在个人过失情形下担责，但题目未提及具体过失行为。

【最终答案】：BD",客观题,BD
急危重症处置,"你是一个严格按照要求答题的医学考试考生。请你先展示出完整的思考过程，然后再输出最终答案。每道题目有至少两个选项（A、B）至多五个选项（A、B、C、D、E），题目为不定项选择题，请按照以下格式作答：

【思考过程】：...

【最终答案】：AB / BCE / CD / DE / E / ...（只输出选项的编号，不要写选项内容）

示例：
题目：医疗伦理中四大基本原则是？
A.尊重自主权
B.善意行为
C.无害原则
D.公正原则
E.以上都不是
【思考过程】：本题考查医学伦理的四大基本原则，包括尊重自主权、不伤害原则、行善原则、公正原则。

【最终答案】：ABCD

题目：下列哪些情形下医疗机构不承担赔偿责任？
A.患者在接受化疗期间擅自服用未经验证的草药导致肝损伤
B.急救医生在心脏骤停患者抢救中因设备故障无法实施电除颤
C.因遗传性罕见病导致误诊而延误治疗时机
D.患者拒绝签署手术同意书后自行离开急诊室
E.医院因节假日导致高级影像检查延迟48小时
【思考过程】：",ABD,Qwen3-235B-A22B,"【思考过程】：本题考查医疗机构免责情形。根据《民法典》第1224条，医疗机构不承担赔偿责任的情形包括：患者不配合诊疗、紧急情况下已尽合理诊疗义务、限于医疗水平难以诊疗。  
A选项中患者擅自服用草药属于自身过错，符合“患者不配合”情形，免责。  
B选项设备故障若为突发且医院无过失（如紧急情况下的意外），可免责。  
C选项中“遗传性罕见病导致误诊”需判断是否因医疗水平限制。若医生未尽注意义务导致误诊，则需担责；题干未明确医生已尽诊疗义务，故不必然免责。  
D选项患者拒绝签字后自行离院，属“患者不配合”，免责。  
E选项节假日检查延迟属于医院管理问题，未尽合理诊疗义务，需担责。  

【最终答案】：ABD",客观题,ABD
急危重症处置,"你是一个严格按照要求答题的医学考试考生。请你先展示出完整的思考过程，然后再输出最终答案。每道题目有至少两个选项（A、B）至多五个选项（A、B、C、D、E），题目为不定项选择题，请按照以下格式作答：

【思考过程】：...

【最终答案】：AB / BCE / CD / DE / E / ...（只输出选项的编号，不要写选项内容）

示例：
题目：医疗伦理中四大基本原则是？
A.尊重自主权
B.善意行为
C.无害原则
D.公正原则
E.以上都不是
【思考过程】：本题考查医学伦理的四大基本原则，包括尊重自主权、不伤害原则、行善原则、公正原则。

【最终答案】：ABCD

题目：根据急危重症处置相关法规，以下哪些机构或组织被明确要求开展急救培训和普及急救知识？
A.卫生健康主管部门
B.民政部门
C.红十字会
D.教育部门
E.市场监督部门
【思考过程】：",AC,Qwen3-235B-A22B,"【思考过程】：根据《中华人民共和国基本医疗卫生与健康促进法》及《院前医疗急救管理办法》，卫生健康主管部门（A）负责组织急救培训和知识普及；红十字会（C）作为法定职责长期开展应急救护培训；教育部门（D）需将急救知识纳入学校教育体系。民政部门（B）和市场监督部门（E）无相关法律明确要求。

【最终答案】：ACD",客观题,ACD
急危重症处置,"你是一个严格按照要求答题的医学考试考生。请你先展示出完整的思考过程，然后再输出最终答案。每道题目有至少两个选项（A、B）至多五个选项（A、B、C、D、E），题目为不定项选择题，请按照以下格式作答：

【思考过程】：...

【最终答案】：AB / BCE / CD / DE / E / ...（只输出选项的编号，不要写选项内容）

示例：
题目：医疗伦理中四大基本原则是？
A.尊重自主权
B.善意行为
C.无害原则
D.公正原则
E.以上都不是
【思考过程】：本题考查医学伦理的四大基本原则，包括尊重自主权、不伤害原则、行善原则、公正原则。

【最终答案】：ABCD

题目：在急危重症诊疗过程中，以下哪种做法完全符合知情同意伦理原则？
A.医生仅告知患者手术费用的预估金额后实施插管抢救
B.在患者意识清醒时，医务人员详细说明血浆置换的风险并取得其签字同意
C.因患者情绪激动，护士直接联系家属签署麻醉风险知情书后实施镇静
D.患者昏迷且无近亲属在场，经医院伦理委员会批准后实施紧急开颅手术
E.医生告知患者化疗的副作用后，未解释可选的靶向药物方案
【思考过程】：",BD,Qwen3-235B-A22B,"【思考过程】：知情同意伦理原则要求医务人员向患者充分告知治疗方案的风险、益处、替代方案及可能后果，并确保患者在充分理解的基础上自愿同意。选项B中虽取得签字，但仅说明风险而未明确是否包含替代方案等必要信息，不完全符合要求。选项D中患者昏迷且无家属在场，经伦理委员会批准实施抢救，属于紧急情况下的合法例外。其他选项均存在未充分告知或越权代签的问题。

【最终答案】：D",客观题,D
急危重症处置,"你是一个严格按照要求答题的医学考试考生。请你先展示出完整的思考过程，然后再输出最终答案。每道题目有至少两个选项（A、B）至多五个选项（A、B、C、D、E），题目为不定项选择题，请按照以下格式作答：

【思考过程】：...

【最终答案】：AB / BCE / CD / DE / E / ...（只输出选项的编号，不要写选项内容）

示例：
题目：医疗伦理中四大基本原则是？
A.尊重自主权
B.善意行为
C.无害原则
D.公正原则
E.以上都不是
【思考过程】：本题考查医学伦理的四大基本原则，包括尊重自主权、不伤害原则、行善原则、公正原则。

【最终答案】：ABCD

题目：关于急危患者的处置，以下哪种说法符合我国相关法规？
A.患者家属未到时可暂缓急救措施
B.在确认患者无支付能力后，医师可拒绝急救
C.医院资源不足时可将危重患者转往他院前拒绝处置
D.医师必须立即采取紧急措施并不得以任何理由拒绝
【思考过程】：",D,Qwen3-235B-A22B,"【思考过程】：根据我国《执业医师法》及《医疗机构管理条例》，医疗机构对急危患者应立即采取急救措施，不得因患者身份、经济状况等因素延误救治。A选项错误，因家属未到不影响急救；B选项错误，支付能力不影响急救义务；C选项错误，转院前需先处理；D选项正确，符合法规要求。

【最终答案】：D",客观题,D
急危重症处置,"你是一个严格按照要求答题的医学考试考生。请你先展示出完整的思考过程，然后再输出最终答案。每道题目有至少两个选项（A、B）至多五个选项（A、B、C、D、E），题目为不定项选择题，请按照以下格式作答：

【思考过程】：...

【最终答案】：AB / BCE / CD / DE / E / ...（只输出选项的编号，不要写选项内容）

示例：
题目：医疗伦理中四大基本原则是？
A.尊重自主权
B.善意行为
C.无害原则
D.公正原则
E.以上都不是
【思考过程】：本题考查医学伦理的四大基本原则，包括尊重自主权、不伤害原则、行善原则、公正原则。

【最终答案】：ABCD

题目：若医师因不负责任延误急危患者抢救且造成严重后果，由卫生行政部门给予的处罚包括以下哪些？
A.警告
B.责令暂停三个月以下执业活动
C.责令暂停六个月以上一年以下执业活动
D.吊销执业证书
【思考过程】：",AC,Qwen3-235B-A22B,"【思考过程】：根据《中华人民共和国执业医师法》第三十七条，医师因不负责任延误急危患者抢救并造成严重后果的，卫生行政部门可给予警告、责令暂停六个月以上一年以下执业活动；情节严重的，吊销执业证书。选项C（责令暂停六个月以上一年以下执业活动）和D（吊销执业证书）符合法律规定，而选项B（三个月以下）不符合法定暂停期限，选项A（警告）适用于较轻情形。

【最终答案】：CD",客观题,CD
急危重症处置,"你是一个严格按照要求答题的医学考试考生。请你先展示出完整的思考过程，然后再输出最终答案。每道题目有至少两个选项（A、B）至多五个选项（A、B、C、D、E），题目为不定项选择题，请按照以下格式作答：

【思考过程】：...

【最终答案】：AB / BCE / CD / DE / E / ...（只输出选项的编号，不要写选项内容）

示例：
题目：医疗伦理中四大基本原则是？
A.尊重自主权
B.善意行为
C.无害原则
D.公正原则
E.以上都不是
【思考过程】：本题考查医学伦理的四大基本原则，包括尊重自主权、不伤害原则、行善原则、公正原则。

【最终答案】：ABCD

题目：以下哪些条件是附条件批准某严重危及生命疾病治疗药物的必要条件？
A.用于治疗严重危及生命且尚无有效治疗手段的疾病，或属于公共卫生方面急需  
B.已完成全部III期临床试验  
C.已有临床试验数据显示疗效并能预测其临床价值  
D.有初步药理实验数据支持安全性
【思考过程】：",AC,Qwen3-235B-A22B,"【思考过程】：附条件批准药物需满足：1）针对严重危及生命且无有效治疗的疾病或公共卫生急需（A正确）；2）已有临床数据显示疗效并可预测临床价值（C正确）。B错误，因附条件批准不要求完成全部III期试验；D错误，因安全性需临床试验数据支持而非仅初步药理实验。

【最终答案】：AC",客观题,AC
急危重症处置,"你是一个严格按照要求答题的医学考试考生。请你先展示出完整的思考过程，然后再输出最终答案。每道题目有至少两个选项（A、B）至多五个选项（A、B、C、D、E），题目为不定项选择题，请按照以下格式作答：

【思考过程】：...

【最终答案】：AB / BCE / CD / DE / E / ...（只输出选项的编号，不要写选项内容）

示例：
题目：医疗伦理中四大基本原则是？
A.尊重自主权
B.善意行为
C.无害原则
D.公正原则
E.以上都不是
【思考过程】：本题考查医学伦理的四大基本原则，包括尊重自主权、不伤害原则、行善原则、公正原则。

【最终答案】：ABCD

题目：医疗机构因临床急需进口少量药品时，以下哪些情况符合我国相关规定？
A.经市级药品监督管理部门批准后进口
B.经国务院授权的省人民政府批准后进口
C.进口药品在多家合作医院内使用
D.进口药品用于科研实验
E.进口药品在指定医疗机构内用于特定医疗目的
【思考过程】：",BE,Qwen3-235B-A22B,"【思考过程】：根据《药品管理法》第六十五条规定，医疗机构因临床急需进口少量药品的，需经国务院授权的省人民政府批准，并且进口药品只能在指定医疗机构内用于特定医疗目的。选项B和E符合该规定。而选项A的市级审批权、C的多家医院使用、D的科研用途均不符合现行法规要求。

【最终答案】：BE",客观题,BE
急危重症处置,"你是一个严格按照要求答题的医学考试考生。请你先展示出完整的思考过程，然后再输出最终答案。每道题目有至少两个选项（A、B）至多五个选项（A、B、C、D、E），题目为不定项选择题，请按照以下格式作答：

【思考过程】：...

【最终答案】：AB / BCE / CD / DE / E / ...（只输出选项的编号，不要写选项内容）

示例：
题目：医疗伦理中四大基本原则是？
A.尊重自主权
B.善意行为
C.无害原则
D.公正原则
E.以上都不是
【思考过程】：本题考查医学伦理的四大基本原则，包括尊重自主权、不伤害原则、行善原则、公正原则。

【最终答案】：ABCD

题目：在应对特别重大突发公共卫生事件时，以下哪些部门有权提出紧急使用医疗器械的建议？
A.省级人民政府
B.国务院卫生主管部门
C.国务院疾病预防控制部门
D.国家药品监督管理局应急办公室
E.市级疫情防控指挥部
【思考过程】：",BC,Qwen3-235B-A22B,"【思考过程】：本题考查应对特别重大突发公共卫生事件时紧急使用医疗器械的建议权归属。根据《医疗器械监督管理条例》及应急使用程序，国务院卫生主管部门（B）和国家药品监督管理局应急办公室（D）负责提出紧急使用的建议。其他选项如省级政府、市级指挥部及疾控部门通常不直接拥有此类建议权。

【最终答案】：BD",客观题,BD
急危重症处置,"你是一个严格按照要求答题的医学考试考生。请你先展示出完整的思考过程，然后再输出最终答案。每道题目有至少两个选项（A、B）至多五个选项（A、B、C、D、E），题目为不定项选择题，请按照以下格式作答：

【思考过程】：...

【最终答案】：AB / BCE / CD / DE / E / ...（只输出选项的编号，不要写选项内容）

示例：
题目：医疗伦理中四大基本原则是？
A.尊重自主权
B.善意行为
C.无害原则
D.公正原则
E.以上都不是
【思考过程】：本题考查医学伦理的四大基本原则，包括尊重自主权、不伤害原则、行善原则、公正原则。

【最终答案】：ABCD

题目：根据我国关于急危重症处置医疗器械临床试验的规定，某机构在何种条件下可将正在试验的器械用于其他患者？
A.经伦理委员会审查同意
B.经患者知情同意
C.仅需患者本人自愿书面申请
D.同一临床试验机构内的病情相同患者
E.仅限参与过该临床试验的患者
【思考过程】：",ABD,Qwen3-235B-A22B,"【思考过程】：根据我国《医疗器械临床试验质量管理规范》，试验用医疗器械通常仅限于临床试验受试者使用。若需用于其他患者，必须满足伦理委员会审查同意（A）和患者知情同意（B）这两个核心条件。选项D中的“同一临床试验机构内的病情相同患者”并非法规明确要求的必要条件，而选项E的限制范围与题干条件无关。选项C仅强调患者申请，缺乏伦理和法规保障，故不成立。

【最终答案】：AB",客观题,AB
急危重症处置,"你是一个严格按照要求答题的医学考试考生。请你先展示出完整的思考过程，然后再输出最终答案。每道题目有至少两个选项（A、B）至多五个选项（A、B、C、D、E），题目为不定项选择题，请按照以下格式作答：

【思考过程】：...

【最终答案】：AB / BCE / CD / DE / E / ...（只输出选项的编号，不要写选项内容）

示例：
题目：医疗伦理中四大基本原则是？
A.尊重自主权
B.善意行为
C.无害原则
D.公正原则
E.以上都不是
【思考过程】：本题考查医学伦理的四大基本原则，包括尊重自主权、不伤害原则、行善原则、公正原则。

【最终答案】：ABCD

题目：急诊科的下列做法中，哪几项违反了相关法规要求？（多选）
A.因患者未携带身份证件，要求其返回家中取回后再接诊
B.接诊意识模糊的流浪患者后，立即实施气管插管并联系家属补办手续
C.首诊医生以""无专科治疗条件""为由将外伤出血患者转至其他科室但未评估生命体征
D.要求急性心梗患者在挂号缴费完成后再进入抢救室
E.对酒精中毒拒不配合治疗的患者，未予约束并等待家属签字
【思考过程】：",ACD,Qwen3-235B-A22B,"【思考过程】：选项A违反了急诊“三先三后”原则，对危重患者应先抢救后挂号，而非因证件问题延误救治。选项C违反首诊负责制，转科前必须评估生命体征并确保患者安全。选项D将缴费作为抢救前提，直接违反《急诊科建设与管理指南》中“先抢救后付费”的规定。选项B为合法抢救行为，选项E中酒精中毒患者若无自伤/伤人风险，可拒绝治疗，医院无需强制约束，因此E不违规。

【最终答案】：ACD",客观题,ACD
急危重症处置,"你是一个严格按照要求答题的医学考试考生。请你先展示出完整的思考过程，然后再输出最终答案。每道题目有至少两个选项（A、B）至多五个选项（A、B、C、D、E），题目为不定项选择题，请按照以下格式作答：

【思考过程】：...

【最终答案】：AB / BCE / CD / DE / E / ...（只输出选项的编号，不要写选项内容）

示例：
题目：医疗伦理中四大基本原则是？
A.尊重自主权
B.善意行为
C.无害原则
D.公正原则
E.以上都不是
【思考过程】：本题考查医学伦理的四大基本原则，包括尊重自主权、不伤害原则、行善原则、公正原则。

【最终答案】：ABCD

题目：下列关于急诊分诊的说法中，符合伦理要求的是哪些？
A.按患者挂号科室的匹配度分配治疗顺序
B.根据病人的疾病危险程度进行分诊
C.等候所有检查结果出具后再启动抢救
D.对可能危及生命安全的患者立即实施抢救
E.安排待产孕妇优先于其他急诊患者救治
【思考过程】：",BD,Qwen3-235B-A22B,"【思考过程】：急诊分诊应遵循病情紧急程度优先的原则。A选项依据挂号科室分配顺序不符合急诊伦理；B选项符合病情危险程度分诊原则；C选项违背急诊立即抢救原则；D选项正确处理危及生命的情况；E选项未明确孕妇是否处于紧急状态，常规情况下不应绝对优先。正确答案为B、D。

【最终答案】：BD",客观题,BD
急危重症处置,"你是一个严格按照要求答题的医学考试考生。请你先展示出完整的思考过程，然后再输出最终答案。每道题目有至少两个选项（A、B）至多五个选项（A、B、C、D、E），题目为不定项选择题，请按照以下格式作答：

【思考过程】：...

【最终答案】：AB / BCE / CD / DE / E / ...（只输出选项的编号，不要写选项内容）

示例：
题目：医疗伦理中四大基本原则是？
A.尊重自主权
B.善意行为
C.无害原则
D.公正原则
E.以上都不是
【思考过程】：本题考查医学伦理的四大基本原则，包括尊重自主权、不伤害原则、行善原则、公正原则。

【最终答案】：ABCD

题目：根据相关规定，急诊科病历必须包含以下哪些内容？
A.患者家属职业
B.诊疗全过程
C.检查费用明细
D.患者去向
E.区县疾控报告记录
【思考过程】：",BD,Qwen3-235B-A22B,"【思考过程】：急诊科病历需包含患者的基本信息、主诉、现病史、体格检查、辅助检查、诊断、处理措施（B选项“诊疗全过程”涵盖）、患者去向（D选项）等核心内容。A选项（家属职业）与诊疗无关，C（检查费用明细）属财务范畴，E（疾控报告）仅针对特定病例，因此非必须项。

【最终答案】：BD",客观题,BD
急危重症处置,"你是一个严格按照要求答题的医学考试考生。请你先展示出完整的思考过程，然后再输出最终答案。每道题目有至少两个选项（A、B）至多五个选项（A、B、C、D、E），题目为不定项选择题，请按照以下格式作答：

【思考过程】：...

【最终答案】：AB / BCE / CD / DE / E / ...（只输出选项的编号，不要写选项内容）

示例：
题目：医疗伦理中四大基本原则是？
A.尊重自主权
B.善意行为
C.无害原则
D.公正原则
E.以上都不是
【思考过程】：本题考查医学伦理的四大基本原则，包括尊重自主权、不伤害原则、行善原则、公正原则。

【最终答案】：ABCD

题目：其他科室接到急诊科会诊申请后，是否允许在情况特殊时延迟进行会诊？
A.可以延迟，但需提前向急诊科说明原因；B.必须按照医院制度规定的时间完成会诊，不得延迟
【思考过程】：",B,Qwen3-235B-A22B,"【思考过程】：根据医疗规范，急诊科会诊需严格遵守医院规定的响应时间（如10分钟内到场），以确保急危患者得到及时救治。即使存在特殊情况，其他科室也应优先协调资源完成会诊，而非自行决定延迟。医院制度通常不允许因科室内部原因（如人力不足）延迟急诊会诊，否则可能构成违规。因此选项B正确。

【最终答案】：B",客观题,B
急危重症处置,"你是一个严格按照要求答题的医学考试考生。请你先展示出完整的思考过程，然后再输出最终答案。每道题目有至少两个选项（A、B）至多五个选项（A、B、C、D、E），题目为不定项选择题，请按照以下格式作答：

【思考过程】：...

【最终答案】：AB / BCE / CD / DE / E / ...（只输出选项的编号，不要写选项内容）

示例：
题目：医疗伦理中四大基本原则是？
A.尊重自主权
B.善意行为
C.无害原则
D.公正原则
E.以上都不是
【思考过程】：本题考查医学伦理的四大基本原则，包括尊重自主权、不伤害原则、行善原则、公正原则。

【最终答案】：ABCD

题目：以下哪种做法违反了关于急诊病人优先住院的规定？
A.将急诊处置后需住院的患者在24小时内转入专科病房
B.按患者挂号时间顺序安排住院床位
C.待患者预缴全部住院费用后再办理入院手续
D.为急诊患者临时调配ICU床位用于过渡
【思考过程】：",BC,Qwen3-235B-A22B,"【思考过程】：根据急诊管理规定，急诊需住院患者应优先安排床位，不得按挂号顺序（B错误），且不得因费用延迟入院（C错误）。选项A符合48小时内转入的常规，D为合理调配资源。

【最终答案】：BC",客观题,BC
急危重症处置,"你是一个严格按照要求答题的医学考试考生。请你先展示出完整的思考过程，然后再输出最终答案。每道题目有至少两个选项（A、B）至多五个选项（A、B、C、D、E），题目为不定项选择题，请按照以下格式作答：

【思考过程】：...

【最终答案】：AB / BCE / CD / DE / E / ...（只输出选项的编号，不要写选项内容）

示例：
题目：医疗伦理中四大基本原则是？
A.尊重自主权
B.善意行为
C.无害原则
D.公正原则
E.以上都不是
【思考过程】：本题考查医学伦理的四大基本原则，包括尊重自主权、不伤害原则、行善原则、公正原则。

【最终答案】：ABCD

题目：以下哪些情形违反了急救中心（站）的院前医疗急救服务规定？
A. 因所有救护车已被派出执行其他任务而未及时调度车辆，导致延误
B. 因患者暂无家属在场而延迟派车
C. 由于急救人员正在进行内部培训，未能及时派出救护车
D. 院前急救费用未提前支付而拒绝出车
【思考过程】：",AC,Qwen3-235B-A22B,"【思考过程】：本题考查院前医疗急救服务规定中的违规情形。根据《院前医疗急救管理办法》相关规定，急救中心必须确保及时调度救护车，不得因非医疗原因（如费用、家属未到场）或内部管理问题（如培训）延迟或拒绝派车。选项B因患者家属未到场延迟派车，违反“先急救”原则；选项C因内部培训未完成导致延误，属于管理失职；选项D以费用未支付为由拒绝出车，明显违反“先救治后收费”规定。选项A中“所有救护车已被派出”属于客观资源限制，若调度合理且无备用资源，则不构成违规，因此不属于违反规定的情形。

【最终答案】：BCD",客观题,BCD
急危重症处置,"你是一个严格按照要求答题的医学考试考生。请你先展示出完整的思考过程，然后再输出最终答案。每道题目有至少两个选项（A、B）至多五个选项（A、B、C、D、E），题目为不定项选择题，请按照以下格式作答：

【思考过程】：...

【最终答案】：AB / BCE / CD / DE / E / ...（只输出选项的编号，不要写选项内容）

示例：
题目：医疗伦理中四大基本原则是？
A.尊重自主权
B.善意行为
C.无害原则
D.公正原则
E.以上都不是
【思考过程】：本题考查医学伦理的四大基本原则，包括尊重自主权、不伤害原则、行善原则、公正原则。

【最终答案】：ABCD

题目：以下哪些属于急危重症患者转运的原则？
A.就近
B.就急
C.满足患者需求
D.完全遵循患者意愿
E.满足专业需要
【思考过程】：",ABE,Qwen3-235B-A22B,"【思考过程】：急危重症患者转运的原则通常包括就近（A）、就急（B）和转送至具备相应救治能力的医疗机构（E）。选项C（满足患者需求）和D（完全遵循患者意愿）不符合医疗转运的核心原则，因为转运决策应基于医疗必要性和专业判断，而非患者主观意愿或非紧急需求。

【最终答案】：ABE",客观题,ABE
急危重症处置,"你是一个严格按照要求答题的医学考试考生。请你先展示出完整的思考过程，然后再输出最终答案。每道题目有至少两个选项（A、B）至多五个选项（A、B、C、D、E），题目为不定项选择题，请按照以下格式作答：

【思考过程】：...

【最终答案】：AB / BCE / CD / DE / E / ...（只输出选项的编号，不要写选项内容）

示例：
题目：医疗伦理中四大基本原则是？
A.尊重自主权
B.善意行为
C.无害原则
D.公正原则
E.以上都不是
【思考过程】：本题考查医学伦理的四大基本原则，包括尊重自主权、不伤害原则、行善原则、公正原则。

【最终答案】：ABCD

题目：以下表述是否正确：急救中心在患者未付清急救费用的情况下，可以暂停转运至其指定的医院。
A.正确
B.错误
【思考过程】：",B,Qwen3-235B-A22B,"【思考过程】：根据《院前医疗急救管理办法》规定，急救中心必须遵循“先救治、后付费”原则，不得因患者未支付费用而延误急救。题目中“暂停转运”的行为违反该原则，因此表述错误。

【最终答案】：B",客观题,B
急危重症处置,"你是一个严格按照要求答题的医学考试考生。请你先展示出完整的思考过程，然后再输出最终答案。每道题目有至少两个选项（A、B）至多五个选项（A、B、C、D、E），题目为不定项选择题，请按照以下格式作答：

【思考过程】：...

【最终答案】：AB / BCE / CD / DE / E / ...（只输出选项的编号，不要写选项内容）

示例：
题目：医疗伦理中四大基本原则是？
A.尊重自主权
B.善意行为
C.无害原则
D.公正原则
E.以上都不是
【思考过程】：本题考查医学伦理的四大基本原则，包括尊重自主权、不伤害原则、行善原则、公正原则。

【最终答案】：ABCD

题目：关于检伤分类标识颜色与处置优先级的描述，哪一项是错误的？
A.红色标患者应第一优先处置和转送
B.黄色标患者应第二优先处置和转送
C.绿色标患者应第二优先处置和转送
D.黑色标患者应在确认死亡后分类
【思考过程】：",C,Qwen3-235B-A22B,"【思考过程】：检伤分类中红色代表第一优先（A正确），黄色为第二优先（B正确），绿色为第三优先（C错误），黑色用于确认死亡后分类（D正确）。因此错误的描述是选项C。

【最终答案】：C",客观题,C
急危重症处置,"你是一个严格按照要求答题的医学考试考生。请你先展示出完整的思考过程，然后再输出最终答案。每道题目有至少两个选项（A、B）至多五个选项（A、B、C、D、E），题目为不定项选择题，请按照以下格式作答：

【思考过程】：...

【最终答案】：AB / BCE / CD / DE / E / ...（只输出选项的编号，不要写选项内容）

示例：
题目：医疗伦理中四大基本原则是？
A.尊重自主权
B.善意行为
C.无害原则
D.公正原则
E.以上都不是
【思考过程】：本题考查医学伦理的四大基本原则，包括尊重自主权、不伤害原则、行善原则、公正原则。

【最终答案】：ABCD

题目：根据急危重症处置的“四集中”原则，以下哪些属于该原则的内容？
A.集中资源
B.集中专家
C.集中分级管理
D.集中伤病员
E.集中救治
【思考过程】：",ABDE,Qwen3-235B-A22B,"【思考过程】：本题考查急危重症处置的“四集中”原则，其核心是集中资源、集中专家、集中伤病员、集中救治，以提升救治效率和资源利用率。选项C“集中分级管理”属于其他管理策略，而非四集中原则的内容。

【最终答案】：ABDE",客观题,ABDE
急危重症处置,"你是一个严格按照要求答题的医学考试考生。请你先展示出完整的思考过程，然后再输出最终答案。每道题目有至少两个选项（A、B）至多五个选项（A、B、C、D、E），题目为不定项选择题，请按照以下格式作答：

【思考过程】：...

【最终答案】：AB / BCE / CD / DE / E / ...（只输出选项的编号，不要写选项内容）

示例：
题目：医疗伦理中四大基本原则是？
A.尊重自主权
B.善意行为
C.无害原则
D.公正原则
E.以上都不是
【思考过程】：本题考查医学伦理的四大基本原则，包括尊重自主权、不伤害原则、行善原则、公正原则。

【最终答案】：ABCD

题目：对于乙肝表面抗体阴性的医护人员，上岗前的正确建议是？
A.必须强制接种乙肝疫苗
B.建议接种乙肝疫苗
C.需隔离观察两周
D.需补种流感疫苗
E.无需采取额外措施
【思考过程】：",B,Qwen3-235B-A22B,"【思考过程】：乙肝表面抗体阴性表明医护人员缺乏对乙肝病毒的免疫力，存在职业暴露风险。根据《疫苗流通和预防接种管理条例》，医疗机构通常建议此类人员接种乙肝疫苗以形成免疫保护，但国家层面并未强制要求接种（强制接种通常针对特定高风险岗位或特殊时期）。选项C（隔离观察）和D（补种流感疫苗）与乙肝抗体阴性无直接关联，选项E（无需措施）违背预防原则。因此，正确答案为B。

【最终答案】：B",客观题,B
急危重症处置,"你是一个严格按照要求答题的医学考试考生。请你先展示出完整的思考过程，然后再输出最终答案。每道题目有至少两个选项（A、B）至多五个选项（A、B、C、D、E），题目为不定项选择题，请按照以下格式作答：

【思考过程】：...

【最终答案】：AB / BCE / CD / DE / E / ...（只输出选项的编号，不要写选项内容）

示例：
题目：医疗伦理中四大基本原则是？
A.尊重自主权
B.善意行为
C.无害原则
D.公正原则
E.以上都不是
【思考过程】：本题考查医学伦理的四大基本原则，包括尊重自主权、不伤害原则、行善原则、公正原则。

【最终答案】：ABCD

题目：以下关于急危重症处置的描述中，哪一项违反了医疗机构诊疗活动的规定？
A.实施保护性医疗时未告知患者家属用药方案
B.未经患者家属签字确认便开展高风险急救手术
C.在实施保护性医疗措施的同时取得患者配偶及同事的配合
D.因联系不上家属而延迟采取保护性医疗措施
【思考过程】：",BD,Qwen3-235B-A22B,"【思考过程】：本题考查医疗机构在急危重症处置中的合规要求。根据《医疗机构管理条例》和《侵权责任法》相关规定：  
1. **选项A**：实施保护性医疗时需履行告知义务，未告知家属用药方案属于未保障知情同意权，违反规定。  
2. **选项B**：高风险急救手术若因紧急情况无法联系家属，经医疗机构负责人批准可立即实施，不必然违规。  
3. **选项C**：配偶作为法定代理人可配合医疗措施，同事的配合不影响合法性，因此不违规。  
4. **选项D**：紧急情况下无法联系家属时，应立即实施保护性措施而非延迟，延迟属于违规。  

【最终答案】：AD",客观题,AD
急危重症处置,"你是一个严格按照要求答题的医学考试考生。请你先展示出完整的思考过程，然后再输出最终答案。每道题目有至少两个选项（A、B）至多五个选项（A、B、C、D、E），题目为不定项选择题，请按照以下格式作答：

【思考过程】：...

【最终答案】：AB / BCE / CD / DE / E / ...（只输出选项的编号，不要写选项内容）

示例：
题目：医疗伦理中四大基本原则是？
A.尊重自主权
B.善意行为
C.无害原则
D.公正原则
E.以上都不是
【思考过程】：本题考查医学伦理的四大基本原则，包括尊重自主权、不伤害原则、行善原则、公正原则。

【最终答案】：ABCD

题目：在急危重症患者意识清醒但情绪极度不稳定的情况下，医疗机构在开展抢救性气管插管前，下列哪项做法符合伦理规定？
A.为避免刺激患者，直接实施操作后补充法律文件
B.由实习医生向患者说明操作风险后即刻实施
C.主治医师未经评估将预后不良信息全盘告知患者
D.因患者情绪不稳定，医生仅向家属详细解释治疗方案，未直接告知患者
【思考过程】：",D,Qwen3-235B-A22B,"【思考过程】：本题考查急危重症抢救中的伦理规范。根据医学伦理的知情同意原则，患者在意识清醒时应直接被告知操作风险并获得其同意。选项A直接操作后补充文件，符合紧急例外原则（抢救生命优先于程序性同意）。选项B由实习医生告知不规范。选项C全盘告知预后信息可能加重患者情绪，违背善意原则。选项D未直接告知患者，侵犯其知情权。因此，选项A符合紧急情况下的伦理例外。

【最终答案】：A",客观题,A
急危重症处置,"你是一个严格按照要求答题的医学考试考生。请你先展示出完整的思考过程，然后再输出最终答案。每道题目有至少两个选项（A、B）至多五个选项（A、B、C、D、E），题目为不定项选择题，请按照以下格式作答：

【思考过程】：...

【最终答案】：AB / BCE / CD / DE / E / ...（只输出选项的编号，不要写选项内容）

示例：
题目：医疗伦理中四大基本原则是？
A.尊重自主权
B.善意行为
C.无害原则
D.公正原则
E.以上都不是
【思考过程】：本题考查医学伦理的四大基本原则，包括尊重自主权、不伤害原则、行善原则、公正原则。

【最终答案】：ABCD

题目：以下哪种情形属于《医疗技术临床应用管理条例》中定义的“特殊检查、特殊治疗”？
A. 需全身麻醉的无痛肠镜检查且有术后感染风险
B. 对青霉素过敏患者家族中有过敏史者使用头孢菌素
C. 新研发的肿瘤靶向药物Ⅲ期临床试验
D. 需自费的基因测序项目预计花费6万元
E. 使用常规剂量抗凝药物后出现的轻微牙龈出血
【思考过程】：",ACD,Qwen3-235B-A22B,"【思考过程】：根据《医疗技术临床应用管理条例》，“特殊检查、特殊治疗”通常指具有较高风险、需患者签署知情同意书的检查或治疗。  
- **A**：需全身麻醉的无痛肠镜检查（有创性且麻醉风险）符合“特殊检查”定义。  
- **B**：头孢菌素与青霉素存在交叉过敏风险，对过敏史患者使用需特别告知，属于“特殊治疗”。  
- **C**：Ⅲ期临床试验属于试验性治疗，风险未知，需患者知情同意，属于“特殊治疗”。  
- **D**：自费项目（如基因测序）费用高但未必高风险，不符合定义。  
- **E**：常规抗凝药后的轻微出血为常见副作用，无需特殊知情同意，不属于。  

【最终答案】：ABC",客观题,ABC
急危重症处置,"你是一个严格按照要求答题的医学考试考生。请你先展示出完整的思考过程，然后再输出最终答案。每道题目有至少两个选项（A、B）至多五个选项（A、B、C、D、E），题目为不定项选择题，请按照以下格式作答：

【思考过程】：...

【最终答案】：AB / BCE / CD / DE / E / ...（只输出选项的编号，不要写选项内容）

示例：
题目：医疗伦理中四大基本原则是？
A.尊重自主权
B.善意行为
C.无害原则
D.公正原则
E.以上都不是
【思考过程】：本题考查医学伦理的四大基本原则，包括尊重自主权、不伤害原则、行善原则、公正原则。

【最终答案】：ABCD

题目：在急危重症处置中，以下哪种情形医务人员可以立即实施相应医疗措施？
A.患者昏迷且家属在场但拒绝签署同意书
B.经主治医师自主判断后认为需要紧急救治时
C.紧急情况下无法取得患者及其近亲属意见，并经医院负责人批准
D.患者意识清醒但拒绝治疗，但医务人员认为有必要时
【思考过程】：",C,Qwen3-235B-A22B,"【思考过程】：根据《侵权责任法》第五十六条，紧急情况下无法取得患者或其近亲属同意时，需经医疗机构负责人批准方可立即实施医疗措施。选项C符合该条件。选项A家属拒绝时需尊重其意见；选项B需医院负责人批准而非仅主治医师判断；选项D患者清醒拒绝治疗时不可强制。

【最终答案】：C",客观题,C
急危重症处置,"你是一个严格按照要求答题的医学考试考生。请你先展示出完整的思考过程，然后再输出最终答案。每道题目有至少两个选项（A、B）至多五个选项（A、B、C、D、E），题目为不定项选择题，请按照以下格式作答：

【思考过程】：...

【最终答案】：AB / BCE / CD / DE / E / ...（只输出选项的编号，不要写选项内容）

示例：
题目：医疗伦理中四大基本原则是？
A.尊重自主权
B.善意行为
C.无害原则
D.公正原则
E.以上都不是
【思考过程】：本题考查医学伦理的四大基本原则，包括尊重自主权、不伤害原则、行善原则、公正原则。

【最终答案】：ABCD

题目：在急危重症处置中，医疗机构开展高风险的诊疗活动时，以下哪项行为属于法律规定的义务？
A.在诊疗结束后对风险进行复盘分析
B.提前制定详细的应急方案
C.未经患者授权直接启动紧急预案
D.主动评估潜在并发症并准备应对措施
E.针对可能延误的情况及时完成替代治疗方案
【思考过程】：",BDE,Qwen3-235B-A22B,"【思考过程】：本题考查医疗机构在高风险诊疗活动中的法定义务。根据《民法典》第1219条，医疗机构需主动评估并发症并告知（对应选项D），同时需说明替代方案（对应选项E中的替代治疗方案准备）。对于选项B，制定应急方案可能属于医疗机构内部管理要求，但《医疗机构管理条例》等法规可能隐含此类要求以确保诊疗安全。选项C属于紧急情况下的特殊处理权限而非义务，选项A为事后流程，非法律强制义务。因此，B、D、E符合法定义务范畴。

【最终答案】：BDE",客观题,BDE
急危重症处置,"你是一个严格按照要求答题的医学考试考生。请你先展示出完整的思考过程，然后再输出最终答案。每道题目有至少两个选项（A、B）至多五个选项（A、B、C、D、E），题目为不定项选择题，请按照以下格式作答：

【思考过程】：...

【最终答案】：AB / BCE / CD / DE / E / ...（只输出选项的编号，不要写选项内容）

示例：
题目：医疗伦理中四大基本原则是？
A.尊重自主权
B.善意行为
C.无害原则
D.公正原则
E.以上都不是
【思考过程】：本题考查医学伦理的四大基本原则，包括尊重自主权、不伤害原则、行善原则、公正原则。

【最终答案】：ABCD

题目：根据《病历书写基本规范》，对于急危重症抢救中未能及时书写病历的情况，以下哪一做法符合规定？
A.抢救结束后24小时内补记并口头说明情况
B.立即补记无需额外注明
C.由护士代为记录抢救过程
D.医务人员在6小时内补记并注明抢救情况
E.使用未完全记录的病历直接存档
【思考过程】：",D,Qwen3-235B-A22B,"【思考过程】：根据《病历书写基本规范》，急危重症抢救未能及时书写病历时，应在抢救结束后6小时内补记并注明抢救情况。选项D符合此规定，其他选项均存在时间不符、未注明或由非医生记录的问题。

【最终答案】：D",客观题,D
急危重症处置,"你是一个严格按照要求答题的医学考试考生。请你先展示出完整的思考过程，然后再输出最终答案。每道题目有至少两个选项（A、B）至多五个选项（A、B、C、D、E），题目为不定项选择题，请按照以下格式作答：

【思考过程】：...

【最终答案】：AB / BCE / CD / DE / E / ...（只输出选项的编号，不要写选项内容）

示例：
题目：医疗伦理中四大基本原则是？
A.尊重自主权
B.善意行为
C.无害原则
D.公正原则
E.以上都不是
【思考过程】：本题考查医学伦理的四大基本原则，包括尊重自主权、不伤害原则、行善原则、公正原则。

【最终答案】：ABCD

题目：患者死亡后，医患双方对死因提出异议且具备尸体冻存条件时，尸检最迟应在死亡后多长时间内进行？
A.48小时
B.5日
C.7日
D.10日
E.14日
【思考过程】：",C,Qwen3-235B-A22B,"【思考过程】：根据《医疗事故处理条例》第十八条规定，患者死亡后，医患双方对死因提出异议且具备尸体冻存条件时，尸检最迟应在死亡后7日内进行。48小时（A）是未冻存条件下的时限，其他选项（B、D、E）不符合法规要求。

【最终答案】：C",客观题,C
急危重症处置,"你是一个严格按照要求答题的医学考试考生。请你先展示出完整的思考过程，然后再输出最终答案。每道题目有至少两个选项（A、B）至多五个选项（A、B、C、D、E），题目为不定项选择题，请按照以下格式作答：

【思考过程】：...

【最终答案】：AB / BCE / CD / DE / E / ...（只输出选项的编号，不要写选项内容）

示例：
题目：医疗伦理中四大基本原则是？
A.尊重自主权
B.善意行为
C.无害原则
D.公正原则
E.以上都不是
【思考过程】：本题考查医学伦理的四大基本原则，包括尊重自主权、不伤害原则、行善原则、公正原则。

【最终答案】：ABCD

题目：关于危重孕产妇救治中心的分娩现场人员配置，以下哪种情况符合规定？
A.由未经培训的助产士独立值守
B.1名持有新生儿复苏资质证明的麻醉科医师在场
C.2名普通儿科住院医师参与分娩
D.产科主任与1名未接受复苏培训的护士共同在场
E.分娩时仅产科医生在场并由其他科室视频会诊支持
【思考过程】：",B,Qwen3-235B-A22B,"【思考过程】：危重孕产妇救治中心的分娩现场需配备具备新生儿复苏能力的医护人员。A选项中未经培训的助产士无法应对危重情况，不符合要求。B选项中麻醉科医师持有新生儿复苏资质，符合现场复苏需求。C选项的普通儿科住院医师可能缺乏足够复苏经验。D选项中未接受复苏培训的护士无法有效配合抢救。E选项依赖视频会诊无法保证紧急处理时效性。

【最终答案】：B",客观题,B
急危重症处置,"你是一个严格按照要求答题的医学考试考生。请你先展示出完整的思考过程，然后再输出最终答案。每道题目有至少两个选项（A、B）至多五个选项（A、B、C、D、E），题目为不定项选择题，请按照以下格式作答：

【思考过程】：...

【最终答案】：AB / BCE / CD / DE / E / ...（只输出选项的编号，不要写选项内容）

示例：
题目：医疗伦理中四大基本原则是？
A.尊重自主权
B.善意行为
C.无害原则
D.公正原则
E.以上都不是
【思考过程】：本题考查医学伦理的四大基本原则，包括尊重自主权、不伤害原则、行善原则、公正原则。

【最终答案】：ABCD

题目：危重孕产妇救治中心应针对以下哪些孕产妇和新生儿主要死因制定应急预案并完善抢救程序？
A.产后出血
B.新生儿窒息
C.胎盘早剥
D.脐带脱垂
E.子痫前期
【思考过程】：",AB,Qwen3-235B-A22B,"【思考过程】：危重孕产妇救治中心需针对常见且高风险的产科急症制定应急预案。产后出血（A）是导致孕产妇死亡的主要原因之一；新生儿窒息（B）是新生儿死亡的关键因素；胎盘早剥（C）和脐带脱垂（D）均为可能导致母婴生命危险的紧急情况；子痫前期（E）作为妊娠期高血压疾病的严重阶段，可能引发子痫、多器官衰竭等致命并发症。因此所有选项均符合要求。

【最终答案】：ABCDE",客观题,ABCDE
急危重症处置,"你是一个严格按照要求答题的医学考试考生。请你先展示出完整的思考过程，然后再输出最终答案。每道题目有至少两个选项（A、B）至多五个选项（A、B、C、D、E），题目为不定项选择题，请按照以下格式作答：

【思考过程】：...

【最终答案】：AB / BCE / CD / DE / E / ...（只输出选项的编号，不要写选项内容）

示例：
题目：医疗伦理中四大基本原则是？
A.尊重自主权
B.善意行为
C.无害原则
D.公正原则
E.以上都不是
【思考过程】：本题考查医学伦理的四大基本原则，包括尊重自主权、不伤害原则、行善原则、公正原则。

【最终答案】：ABCD

题目：以下哪些措施符合危重孕产妇救治中心的能力建设要求？
A.每季度开展2次专项技能培训
B.每季度开展1次急救演练
C.紧急剖宫产DDI时间上限为30分钟
D.每月开展1次专项培训且DDI时间为30分钟
E.允许DDI时间延长至35分钟
【思考过程】：",BC,Qwen3-235B-A22B,"【思考过程】：本题考查危重孕产妇救治中心的能力建设要求。根据相关标准，危重孕产妇救治中心需满足以下条件：1. 每季度至少开展2次专项技能培训（选项A正确）；2. 每季度至少开展1次急救演练（选项B正确）；3. 紧急剖宫产DDI（Decision to Delivery Interval）时间上限为30分钟（选项C正确）。选项D提到“每月开展1次专项培训且DDI时间为30分钟”，其中专项培训频率为每月1次（即每季度3次），超过最低要求的2次/季度，符合标准；DDI时间30分钟也符合要求，因此选项D正确。选项E允许DDI时间延长至35分钟，明显错误。

【最终答案】：ABCD",客观题,ABCD
急危重症处置,"你是一个严格按照要求答题的医学考试考生。请你先展示出完整的思考过程，然后再输出最终答案。每道题目有至少两个选项（A、B）至多五个选项（A、B、C、D、E），题目为不定项选择题，请按照以下格式作答：

【思考过程】：...

【最终答案】：AB / BCE / CD / DE / E / ...（只输出选项的编号，不要写选项内容）

示例：
题目：医疗伦理中四大基本原则是？
A.尊重自主权
B.善意行为
C.无害原则
D.公正原则
E.以上都不是
【思考过程】：本题考查医学伦理的四大基本原则，包括尊重自主权、不伤害原则、行善原则、公正原则。

【最终答案】：ABCD

题目：危重孕产妇救治中心必须建立以下哪些特定制度？
A.高危孕产妇随访制度
B.高危妊娠管理制度
C.孕产妇危重症评审制度
D.孕产妇急救培训制度
E.孕产妇死亡评审制度
【思考过程】：",BCE,Qwen3-235B-A22B,"【思考过程】：根据《危重孕产妇救治中心建设指南》及相关规定，危重孕产妇救治中心需建立的制度包括：高危妊娠管理制度（B）以规范高危孕产妇的分类管理；孕产妇危重症评审制度（C）用于分析抢救案例并优化流程；孕产妇死亡评审制度（E）通过总结死亡病例改进诊疗；孕产妇急救培训制度（D）确保医护人员急救技能的持续提升。高危孕产妇随访制度（A）作为高危妊娠管理的延伸，涵盖孕期及产后随访，属于必须建立的独立制度。上述五项制度均为救治中心规范化管理的核心要求。

【最终答案】：ABCDE",客观题,ABCDE
急危重症处置,"你是一个严格按照要求答题的医学考试考生。请你先展示出完整的思考过程，然后再输出最终答案。每道题目有至少两个选项（A、B）至多五个选项（A、B、C、D、E），题目为不定项选择题，请按照以下格式作答：

【思考过程】：...

【最终答案】：AB / BCE / CD / DE / E / ...（只输出选项的编号，不要写选项内容）

示例：
题目：医疗伦理中四大基本原则是？
A.尊重自主权
B.善意行为
C.无害原则
D.公正原则
E.以上都不是
【思考过程】：本题考查医学伦理的四大基本原则，包括尊重自主权、不伤害原则、行善原则、公正原则。

【最终答案】：ABCD

题目：以下哪种情况一般不属于重症医学科的收治范围？
A.高血压危象伴急性心衰
B.晚期恶性肿瘤合并全身恶液质
C.急性呼吸窘迫综合征需机械通气
D.严重阿尔茨海默病终末期
E.终末期肝硬化伴多器官功能衰竭
【思考过程】：",BDE,Qwen3-235B-A22B,"【思考过程】：本题考查重症医学科（ICU）的收治范围。ICU主要收治急性、可逆性危及生命的疾病或需生命支持的患者。选项A（高血压危象伴急性心衰）和C（ARDS需机械通气）均为典型ICU适应症。选项B（晚期恶性肿瘤合并全身恶液质）属于终末期疾病，预后差且治疗效果有限，通常不属于ICU收治范围。选项D（严重阿尔茨海默病终末期）为不可逆性慢性神经功能损害，若无急性可逆因素，一般不收治。选项E（终末期肝硬化伴多器官衰竭）若存在肝移植可能或需支持治疗，可能收治，但终末期状态通常预后极差，需具体情况分析。综合判断，B和D更符合“一般不属于”的标准。

【最终答案】：BD",客观题,BD
急危重症处置,"你是一个严格按照要求答题的医学考试考生。请你先展示出完整的思考过程，然后再输出最终答案。每道题目有至少两个选项（A、B）至多五个选项（A、B、C、D、E），题目为不定项选择题，请按照以下格式作答：

【思考过程】：...

【最终答案】：AB / BCE / CD / DE / E / ...（只输出选项的编号，不要写选项内容）

示例：
题目：医疗伦理中四大基本原则是？
A.尊重自主权
B.善意行为
C.无害原则
D.公正原则
E.以上都不是
【思考过程】：本题考查医学伦理的四大基本原则，包括尊重自主权、不伤害原则、行善原则、公正原则。

【最终答案】：ABCD

题目：当患者或其家属不同意继续在重症医学科治疗时，医院应当如何处理？
A.需患者和家属双方均明确拒绝才能转出
B.患者或家属中任一主体拒绝即可转出
C.继续采取必要急救措施后再评估转出
D.由伦理委员会审查同意后方可转出
【思考过程】：",B,Qwen3-235B-A22B,"【思考过程】：本题涉及患者自主权及医疗处理流程。根据医学伦理和法律，患者或其合法代理人（如家属）有权拒绝治疗。若患者有行为能力，其决定优先；若无行为能力，则家属的拒绝有效。因此，选项B正确。同时，若患者处于危急状态，医院需先采取必要急救措施稳定病情后再转出，以确保安全，故选项C正确。选项A和D不符合常规处理原则。

【最终答案】：BC",客观题,BC
急危重症处置,"你是一个严格按照要求答题的医学考试考生。请你先展示出完整的思考过程，然后再输出最终答案。每道题目有至少两个选项（A、B）至多五个选项（A、B、C、D、E），题目为不定项选择题，请按照以下格式作答：

【思考过程】：...

【最终答案】：AB / BCE / CD / DE / E / ...（只输出选项的编号，不要写选项内容）

示例：
题目：医疗伦理中四大基本原则是？
A.尊重自主权
B.善意行为
C.无害原则
D.公正原则
E.以上都不是
【思考过程】：本题考查医学伦理的四大基本原则，包括尊重自主权、不伤害原则、行善原则、公正原则。

【最终答案】：ABCD

题目：在急危重症处置中，关于非医务人员访视的规定，以下哪几项属于正确做法？
A.访视前必须经过必要性评估
B.必要时可不限制访视时间
C.访视人数不得超过2人同时进入
D.无需防护用具可接触患者
E.每次访视时长需控制在15分钟内
【思考过程】：",ACE,Qwen3-235B-A22B,"【思考过程】：本题考查急危重症处置中非医务人员访视的规范。A正确，访视前需评估必要性；B错误，访视时间应严格限制；C正确，通常限制人数为2人；D错误，必须使用防护用具；E正确，一般控制在15分钟内。

【最终答案】：ACE",客观题,ACE
急危重症处置,"你是一个严格按照要求答题的医学考试考生。请你先展示出完整的思考过程，然后再输出最终答案。每道题目有至少两个选项（A、B）至多五个选项（A、B、C、D、E），题目为不定项选择题，请按照以下格式作答：

【思考过程】：...

【最终答案】：AB / BCE / CD / DE / E / ...（只输出选项的编号，不要写选项内容）

示例：
题目：医疗伦理中四大基本原则是？
A.尊重自主权
B.善意行为
C.无害原则
D.公正原则
E.以上都不是
【思考过程】：本题考查医学伦理的四大基本原则，包括尊重自主权、不伤害原则、行善原则、公正原则。

【最终答案】：ABCD

题目：在急危重症病人抢救过程中，以下哪些措施是法规明确要求的必要步骤？
A. 允许主治医师暂时离开现场处理其他急诊患者，B. 对于意识模糊患者采用约束带实施强制性体位固定，C. 迅速开放静脉通道并实时进行生命支持，D. 填写病危/病重通知单并告知家属病情
【思考过程】：",CD,Qwen3-235B-A22B,"【思考过程】：选项A中，主治医师在抢救过程中不应擅自离开，否则可能影响抢救效果，不符合法规要求。选项B使用约束带需严格遵循医疗指征和最小必要原则，但并非所有抢救情况均强制要求，因此不属于明确规定的必要步骤。选项C和D均为抢救过程中的核心法规要求：开放静脉通道和生命支持是基础抢救措施，病危通知和家属告知则是法律程序的必要环节。

【最终答案】：CD",客观题,CD
基因干细胞诊疗,"你是一个严格按照要求答题的医学考试考生。请你先展示出完整的思考过程，然后再输出最终答案。每道题目有至少两个选项（A、B）至多五个选项（A、B、C、D、E），题目为不定项选择题，请按照以下格式作答：

【思考过程】：...

【最终答案】：AB / BCE / CD / DE / E / ...（只输出选项的编号，不要写选项内容）

示例：
题目：医疗伦理中四大基本原则是？
A.尊重自主权
B.善意行为
C.无害原则
D.公正原则
E.以上都不是
【思考过程】：本题考查医学伦理的四大基本原则，包括尊重自主权、不伤害原则、行善原则、公正原则。

【最终答案】：ABCD

题目：以下哪种行为违反了完全民事行为能力人关于基因干细胞捐献的相关规定？
A.医生利用职务之便强制患者捐献干细胞
B.机构假冒公益项目名义诱导捐献
C.未经本人同意使用其已捐献的干细胞样本
D.以提供免费旅游机会为条件换取捐献
E.经本人签字确认的无偿捐献协议
【思考过程】：",ABD,Qwen3-235B-A22B,"【思考过程】：本题考查基因干细胞捐献的相关规定，重点在于完全民事行为能力人的权益保护。根据《人体器官移植条例》及《干细胞临床研究管理办法》，捐献必须遵循自愿、知情同意原则，且禁止任何形式的强制、诱导、欺骗或利益交换。  
A选项涉及强制捐献，直接违反自愿原则；  
B选项通过假冒公益项目诱导捐献，属于欺骗行为；  
C选项未经本人同意使用样本，违反知情同意要求；  
D选项以物质利益换取捐献，构成不当诱导；  
E选项符合规范的知情同意流程，不违规。  

【最终答案】：ABCD",客观题,ABCD
基因干细胞诊疗,"你是一个严格按照要求答题的医学考试考生。请你先展示出完整的思考过程，然后再输出最终答案。每道题目有至少两个选项（A、B）至多五个选项（A、B、C、D、E），题目为不定项选择题，请按照以下格式作答：

【思考过程】：...

【最终答案】：AB / BCE / CD / DE / E / ...（只输出选项的编号，不要写选项内容）

示例：
题目：医疗伦理中四大基本原则是？
A.尊重自主权
B.善意行为
C.无害原则
D.公正原则
E.以上都不是
【思考过程】：本题考查医学伦理的四大基本原则，包括尊重自主权、不伤害原则、行善原则、公正原则。

【最终答案】：ABCD

题目：以下哪种情形违反了禁止人体细胞、组织买卖的法律规定？
A.经红十字会批准后进行脐带血交易
B.自愿无偿转让皮肤组织用于科研
C.以公益为目的批量购买骨髓干细胞
D.在遗体捐献登记机构办理器官捐献手续
E.某机构宣称补偿营养费获得病人肿瘤标本
【思考过程】：",E,Qwen3-235B-A22B,"【思考过程】：本题考查禁止人体细胞、组织买卖的法律规定。根据《刑法》第三百一十八条及《人体器官移植条例》，任何形式的人体细胞、组织买卖均被禁止，无论是否经批准或以公益为目的。  
A选项中“脐带血交易”即使经红十字会批准，仍属于非法买卖行为，因法律明确禁止交易；  
B选项“无偿转让皮肤组织”不构成买卖，且用于科研可能符合合法捐献程序；  
C选项“购买骨髓干细胞”直接涉及买卖，无论目的如何均违法；  
D选项“遗体器官捐献手续”属于合法程序，不涉及交易；  
E选项“补偿营养费”实质为变相买卖人体组织，违反法律。  

【最终答案】：ACE",客观题,ACE
基因干细胞诊疗,"你是一个严格按照要求答题的医学考试考生。请你先展示出完整的思考过程，然后再输出最终答案。每道题目有至少两个选项（A、B）至多五个选项（A、B、C、D、E），题目为不定项选择题，请按照以下格式作答：

【思考过程】：...

【最终答案】：AB / BCE / CD / DE / E / ...（只输出选项的编号，不要写选项内容）

示例：
题目：医疗伦理中四大基本原则是？
A.尊重自主权
B.善意行为
C.无害原则
D.公正原则
E.以上都不是
【思考过程】：本题考查医学伦理的四大基本原则，包括尊重自主权、不伤害原则、行善原则、公正原则。

【最终答案】：ABCD

题目：在基因干细胞诊疗中，以下哪种情况下医疗机构需要承担赔偿责任？
A.医务人员在手术中操作失误导致患者损伤
B.患者因自身体质原因出现未预见的排异反应
C.医疗机构未充分告知诊疗风险且患者出现后遗症
D.医疗器械突然故障但医院已定期维护
【思考过程】：",AC,Qwen3-235B-A22B,"【思考过程】：本题考查医疗损害责任的归责情形。根据《民法典》相关规定，医疗机构需承担赔偿责任的情形包括：医务人员存在医疗过失（A选项）、未履行充分告知义务导致患者损害（C选项）。B选项属于不可抗力因素，D选项中医院已尽维护义务可免责。

【最终答案】：AC",客观题,AC
基因干细胞诊疗,"你是一个严格按照要求答题的医学考试考生。请你先展示出完整的思考过程，然后再输出最终答案。每道题目有至少两个选项（A、B）至多五个选项（A、B、C、D、E），题目为不定项选择题，请按照以下格式作答：

【思考过程】：...

【最终答案】：AB / BCE / CD / DE / E / ...（只输出选项的编号，不要写选项内容）

示例：
题目：医疗伦理中四大基本原则是？
A.尊重自主权
B.善意行为
C.无害原则
D.公正原则
E.以上都不是
【思考过程】：本题考查医学伦理的四大基本原则，包括尊重自主权、不伤害原则、行善原则、公正原则。

【最终答案】：ABCD

题目：在基因干细胞诊疗中，以下哪些情况符合医务人员应尽的义务？
A.常规诊疗中向患者说明病情和基础医疗措施
B.在实施基因干细胞移植前，向患者详细说明医疗风险和替代治疗方案
C.在患者拒绝听取说明时，无需进一步沟通直接进行治疗
D.患者因昏迷无法知情同意时，向其近亲属说明并取得明确同意
E.对特殊检查仅进行口头告知并获得患者口头默许
【思考过程】：",ABD,Qwen3-235B-A22B,"【思考过程】：本题考查医务人员在基因干细胞诊疗中的告知义务。根据知情同意原则：A选项符合常规诊疗中的告知义务；B选项涉及高风险治疗的充分告知义务；D选项符合无民事行为能力患者的代理告知要求。而C选项违反患者拒绝时的沟通义务，E选项未达到特殊检查的书面告知标准。

【最终答案】：ABD",客观题,ABD
基因干细胞诊疗,"你是一个严格按照要求答题的医学考试考生。请你先展示出完整的思考过程，然后再输出最终答案。每道题目有至少两个选项（A、B）至多五个选项（A、B、C、D、E），题目为不定项选择题，请按照以下格式作答：

【思考过程】：...

【最终答案】：AB / BCE / CD / DE / E / ...（只输出选项的编号，不要写选项内容）

示例：
题目：医疗伦理中四大基本原则是？
A.尊重自主权
B.善意行为
C.无害原则
D.公正原则
E.以上都不是
【思考过程】：本题考查医学伦理的四大基本原则，包括尊重自主权、不伤害原则、行善原则、公正原则。

【最终答案】：ABCD

题目：在基因干细胞诊疗中，下列哪种情形可能导致医疗机构承担赔偿责任？
A.医务人员因患者无力支付费用而简化诊疗流程
B.医务人员未履行与当时医疗水平相应的诊疗义务
C.诊疗方案与患者宗教信仰冲突但已取得知情同意
D.医疗机构因设备故障导致3小时后才能完成检测
E.医务人员在非紧急情况下采用尚未通过伦理审查的新技术
【思考过程】：",B,Qwen3-235B-A22B,"【思考过程】：根据《民法典》相关规定及医疗规范，医疗机构承担赔偿责任的情形包括：因患者经济原因降低诊疗标准（A）、未履行相应诊疗义务（B）、违规使用未经伦理审查的技术（E）。而知情同意后宗教冲突（C）及非过错设备故障（D）通常不构成赔偿责任。

【最终答案】：ABE",客观题,ABE
基因干细胞诊疗,"你是一个严格按照要求答题的医学考试考生。请你先展示出完整的思考过程，然后再输出最终答案。每道题目有至少两个选项（A、B）至多五个选项（A、B、C、D、E），题目为不定项选择题，请按照以下格式作答：

【思考过程】：...

【最终答案】：AB / BCE / CD / DE / E / ...（只输出选项的编号，不要写选项内容）

示例：
题目：医疗伦理中四大基本原则是？
A.尊重自主权
B.善意行为
C.无害原则
D.公正原则
E.以上都不是
【思考过程】：本题考查医学伦理的四大基本原则，包括尊重自主权、不伤害原则、行善原则、公正原则。

【最终答案】：ABCD

题目：患者在基因干细胞诊疗活动中受损害，出现下列哪些情形应推定医疗机构有过错？
A.医务人员未着工作服进行操作
B.机构拒绝提供药物不良反应报告单
C.修改病历增加患者禁忌症记录
D.按医疗废物管理规定销毁过期病历
E.未按卫生部门要求更新诊疗设备
【思考过程】：",BC,Qwen3-235B-A22B,"【思考过程】：根据《民法典》第一千二百二十二条，医疗机构过错推定情形包括：违反法律、法规、规章或诊疗规范；隐匿/拒绝提供与纠纷相关的病历；伪造、篡改或销毁病历。A项违反诊疗规范（未着工作服操作），B项拒绝提供药物不良反应报告单（属隐匿或拒绝提供病历资料），C项修改病历（伪造病历记录），E项未按卫生部门要求更新设备（违反规章），均符合推定过错情形。D项按规范销毁病历属合法行为，不构成过错。

【最终答案】：ABCE",客观题,ABCE
基因干细胞诊疗,"你是一个严格按照要求答题的医学考试考生。请你先展示出完整的思考过程，然后再输出最终答案。每道题目有至少两个选项（A、B）至多五个选项（A、B、C、D、E），题目为不定项选择题，请按照以下格式作答：

【思考过程】：...

【最终答案】：AB / BCE / CD / DE / E / ...（只输出选项的编号，不要写选项内容）

示例：
题目：医疗伦理中四大基本原则是？
A.尊重自主权
B.善意行为
C.无害原则
D.公正原则
E.以上都不是
【思考过程】：本题考查医学伦理的四大基本原则，包括尊重自主权、不伤害原则、行善原则、公正原则。

【最终答案】：ABCD

题目：在基因干细胞诊疗中，医疗机构在哪些情形下不承担赔偿责任？（多选）
A.医疗机构未告知治疗后可能出现脱发风险
B.医务人员在抢救时实施了合理但并非最佳的诊疗方案
C.患者因宗教信仰拒绝配合标准化治疗流程
D.因医疗设备夜间突发故障导致诊疗失败
E.使用当前未被学术界公认的基因编辑方法导致疗效未达预期
【思考过程】：",BCE,Qwen3-235B-A22B,"【思考过程】：本题考查医疗机构在基因干细胞诊疗中免责的情形。根据《民法典》相关规定及医疗法律知识：
A项属于未履行充分告知义务，医疗机构需承担责任；
B项属于紧急情况下合理诊疗的免责情形；
C项属于患者自身不配合治疗的情形；
D项设备故障若因医疗机构管理不善导致需承担责任，题目未明确说明是否属不可抗力或意外；
E项使用未被公认技术若未充分告知并获同意需承担责任。综合判断，符合免责情形的为B、C项。

【最终答案】：BC",客观题,BC
基因干细胞诊疗,"你是一个严格按照要求答题的医学考试考生。请你先展示出完整的思考过程，然后再输出最终答案。每道题目有至少两个选项（A、B）至多五个选项（A、B、C、D、E），题目为不定项选择题，请按照以下格式作答：

【思考过程】：...

【最终答案】：AB / BCE / CD / DE / E / ...（只输出选项的编号，不要写选项内容）

示例：
题目：医疗伦理中四大基本原则是？
A.尊重自主权
B.善意行为
C.无害原则
D.公正原则
E.以上都不是
【思考过程】：本题考查医学伦理的四大基本原则，包括尊重自主权、不伤害原则、行善原则、公正原则。

【最终答案】：ABCD

题目：在基因干细胞诊疗中，以下哪种行为可能违反""不实施不必要检查""的医疗伦理规定？
A.对患者进行精准药物基因检测以确定最佳剂量方案
B.在常规基因测序结果正常的情况下，强制追加全外显子组测序
C.连续3周要求重复进行相同诱导多能干细胞功能指标检测
D.根据疑似遗传病史开展针对性基因筛查
【思考过程】：",BC,Qwen3-235B-A22B,"【思考过程】：本题考查“不实施不必要检查”原则的应用。选项B在常规基因测序正常的情况下强制追加全外显子组测序，缺乏临床必要性；选项C连续3周重复相同干细胞功能检测，若无病情变化指征则属于过度检查。而选项A和D均基于明确临床需求（个体化用药、疑似遗传病），符合必要性原则。

【最终答案】：BC",客观题,BC
基因干细胞诊疗,"你是一个严格按照要求答题的医学考试考生。请你先展示出完整的思考过程，然后再输出最终答案。每道题目有至少两个选项（A、B）至多五个选项（A、B、C、D、E），题目为不定项选择题，请按照以下格式作答：

【思考过程】：...

【最终答案】：AB / BCE / CD / DE / E / ...（只输出选项的编号，不要写选项内容）

示例：
题目：医疗伦理中四大基本原则是？
A.尊重自主权
B.善意行为
C.无害原则
D.公正原则
E.以上都不是
【思考过程】：本题考查医学伦理的四大基本原则，包括尊重自主权、不伤害原则、行善原则、公正原则。

【最终答案】：ABCD

题目：根据相关法律法规，以下哪种情形需要依法获得批准？
A.境外组织获取我国普通植物种子用于商品贸易
B.境内科研机构利用本地常见动物细胞进行疫苗研发
C.境外个人实际控制的机构采集我国珍贵龟类基因样本
D.我国非政府组织运输大额现金至境外
E.大学实验室保存患者自愿捐赠的普通皮肤细胞
【思考过程】：",C,Qwen3-235B-A22B,"【思考过程】：本题考查需要依法获得批准的情形。根据《生物安全法》《野生动物保护法》《人类遗传资源管理条例》等规定：  
- **选项C**：采集珍贵龟类基因样本涉及国家重点保护野生动物，需经野生动物行政主管部门批准。  
- **选项E**：保存患者捐赠的皮肤细胞若属于人类遗传资源，根据《人类遗传资源管理条例》第十二条，保藏需经国务院科技部门批准。  
- **选项A**：普通植物种子若未列入国家重点保护名录，一般无需批准。  
- **选项B**：境内科研机构利用本地动物细胞研发疫苗，若不涉及保护物种或跨境活动，通常无需特别批准。  
- **选项D**：运输大额现金至境外需申报但无需事前批准。  

【最终答案】：CE",客观题,CE
基因干细胞诊疗,"你是一个严格按照要求答题的医学考试考生。请你先展示出完整的思考过程，然后再输出最终答案。每道题目有至少两个选项（A、B）至多五个选项（A、B、C、D、E），题目为不定项选择题，请按照以下格式作答：

【思考过程】：...

【最终答案】：AB / BCE / CD / DE / E / ...（只输出选项的编号，不要写选项内容）

示例：
题目：医疗伦理中四大基本原则是？
A.尊重自主权
B.善意行为
C.无害原则
D.公正原则
E.以上都不是
【思考过程】：本题考查医学伦理的四大基本原则，包括尊重自主权、不伤害原则、行善原则、公正原则。

【最终答案】：ABCD

题目：以下哪种活动不需要经国务院科学技术主管部门批准？
A.采集我国重要遗传家系的人类遗传资源
B.保藏用于临床诊疗的人类遗传资源
C.与国外机构合作开展人类遗传资源研究
D.将人类遗传资源材料携带出境
E.为采供血服务而采集人类遗传资源
【思考过程】：",BE,Qwen3-235B-A22B,"【思考过程】：本题考查《人类遗传资源管理条例》中对需批准活动的界定。根据条例：  
- **A**：采集重要遗传家系资源需批准（涉及国家安全）。  
- **C**：国际合作研究需批准（涉外合作需监管）。  
- **D**：携带人类遗传资源出境需批准（防止资源流失）。  
- **B**：保藏用于临床诊疗的资源，若属于常规医疗用途（如医院储存血样），通常不需国务院审批（可能需机构内部管理）。  
- **E**：为采供血服务采集资源属于常规医疗行为，无需国务院批准（但需遵守采供血相关法规）。  

【最终答案】：BE",客观题,BE
基因干细胞诊疗,"你是一个严格按照要求答题的医学考试考生。请你先展示出完整的思考过程，然后再输出最终答案。每道题目有至少两个选项（A、B）至多五个选项（A、B、C、D、E），题目为不定项选择题，请按照以下格式作答：

【思考过程】：...

【最终答案】：AB / BCE / CD / DE / E / ...（只输出选项的编号，不要写选项内容）

示例：
题目：医疗伦理中四大基本原则是？
A.尊重自主权
B.善意行为
C.无害原则
D.公正原则
E.以上都不是
【思考过程】：本题考查医学伦理的四大基本原则，包括尊重自主权、不伤害原则、行善原则、公正原则。

【最终答案】：ABCD

题目：在实施基因干细胞诊疗（属于特殊治疗）前，医疗卫生人员必须向患者说明以下哪些内容？
A.医疗风险
B.替代医疗方案
C.医疗费用
D.医生的学术背景
E.治疗的成功率
【思考过程】：",AB,Qwen3-235B-A22B,"【思考过程】：根据《医疗机构管理条例》及《医疗纠纷预防和处理条例》，实施特殊治疗（如基因干细胞诊疗）前，医疗卫生人员需向患者明确说明医疗风险（A）、替代医疗方案（B）、治疗成功率（E）等关键信息，以保障患者的知情权和选择权。医疗费用（C）虽需告知，但并非特殊治疗前的强制性要求；医生学术背景（D）与患者决策无直接关联，无需特别说明。

【最终答案】：ABE",客观题,ABE
基因干细胞诊疗,"你是一个严格按照要求答题的医学考试考生。请你先展示出完整的思考过程，然后再输出最终答案。每道题目有至少两个选项（A、B）至多五个选项（A、B、C、D、E），题目为不定项选择题，请按照以下格式作答：

【思考过程】：...

【最终答案】：AB / BCE / CD / DE / E / ...（只输出选项的编号，不要写选项内容）

示例：
题目：医疗伦理中四大基本原则是？
A.尊重自主权
B.善意行为
C.无害原则
D.公正原则
E.以上都不是
【思考过程】：本题考查医学伦理的四大基本原则，包括尊重自主权、不伤害原则、行善原则、公正原则。

【最终答案】：ABCD

题目：在基因干细胞诊疗过程中，以下哪些行为可能违反相关医学伦理规范？
A.医生根据患者经济条件推荐价格更高的非必要附加治疗项目
B.在未充分告知的情况下对轻度病患实施多次干细胞静脉注射
C.手术结束后收取患者赠送的超市购物卡
D.对术后焦虑患者进行免费心理疏导指导
【思考过程】：",ABC,Qwen3-235B-A22B,"【思考过程】：本题考查基因干细胞诊疗过程中的医学伦理问题。A选项涉及根据经济条件推荐不必要的高价治疗，违反了不伤害原则和公正原则；B选项未充分告知即实施治疗，违反知情同意原则；C选项收受购物卡属于不当利益往来；D选项提供免费心理疏导符合伦理规范，不构成违规。

【最终答案】：ABC",客观题,ABC
基因干细胞诊疗,"你是一个严格按照要求答题的医学考试考生。请你先展示出完整的思考过程，然后再输出最终答案。每道题目有至少两个选项（A、B）至多五个选项（A、B、C、D、E），题目为不定项选择题，请按照以下格式作答：

【思考过程】：...

【最终答案】：AB / BCE / CD / DE / E / ...（只输出选项的编号，不要写选项内容）

示例：
题目：医疗伦理中四大基本原则是？
A.尊重自主权
B.善意行为
C.无害原则
D.公正原则
E.以上都不是
【思考过程】：本题考查医学伦理的四大基本原则，包括尊重自主权、不伤害原则、行善原则、公正原则。

【最终答案】：ABCD

题目：以下哪些行为违反了我国关于人类遗传资源管理的规定？
A.外国机构在我国境内独立采集人类干细胞样本
B.外企在华建立的人类遗传资源数据库未经批准传输至境外服务器
C.境外组织与境内医院合作开展基因突变特征研究
D.境外个人将采购的医用离心机出口至其国籍国
E.外籍研究员向其所属机构发送包含我国人群基因分析数据的论文原稿
【思考过程】：",ABE,Qwen3-235B-A22B,"【思考过程】：本题考查我国《人类遗传资源管理条例》的相关规定。A选项中，外国机构独立采集我国人类遗传资源违反了“外国组织不得在我国境内采集、保藏人类遗传资源”的规定；B选项未经批准将数据库传输至境外服务器，违反了“向境外提供遗传资源信息需经批准”的要求；C选项中，境外组织与境内机构合作开展研究需经批准，未经批准即违规；D选项涉及设备出口，与遗传资源无关，不违规；E选项向境外发送含我国人群基因分析数据的论文原稿，属于向境外提供遗传资源信息，需经批准，否则违规。

【最终答案】：ABCE",客观题,ABCE
基因干细胞诊疗,"你是一个严格按照要求答题的医学考试考生。请你先展示出完整的思考过程，然后再输出最终答案。每道题目有至少两个选项（A、B）至多五个选项（A、B、C、D、E），题目为不定项选择题，请按照以下格式作答：

【思考过程】：...

【最终答案】：AB / BCE / CD / DE / E / ...（只输出选项的编号，不要写选项内容）

示例：
题目：医疗伦理中四大基本原则是？
A.尊重自主权
B.善意行为
C.无害原则
D.公正原则
E.以上都不是
【思考过程】：本题考查医学伦理的四大基本原则，包括尊重自主权、不伤害原则、行善原则、公正原则。

【最终答案】：ABCD

题目：在进行下列哪些活动时，必须取得我国人类遗传资源提供者的知情同意并尊重其隐私权？
A.采集
B.保藏
C.利用
D.对外提供
E.数据匿名化
【思考过程】：",ABCD,Qwen3-235B-A22B,"【思考过程】：本题考查我国人类遗传资源管理相关法规中对知情同意和隐私权的要求。根据《中华人民共和国人类遗传资源管理条例》，采集（A）、保藏（B）、利用（C）、对外提供（D）均需取得提供者知情同意并保护隐私。数据匿名化（E）属于数据处理技术，通常包含在“利用”或“保藏”过程中，无需单独取得知情同意，但需确保匿名化前的合规性。因此，E不单独构成必须取得同意的情形。

【最终答案】：ABCD",客观题,ABCD
基因干细胞诊疗,"你是一个严格按照要求答题的医学考试考生。请你先展示出完整的思考过程，然后再输出最终答案。每道题目有至少两个选项（A、B）至多五个选项（A、B、C、D、E），题目为不定项选择题，请按照以下格式作答：

【思考过程】：...

【最终答案】：AB / BCE / CD / DE / E / ...（只输出选项的编号，不要写选项内容）

示例：
题目：医疗伦理中四大基本原则是？
A.尊重自主权
B.善意行为
C.无害原则
D.公正原则
E.以上都不是
【思考过程】：本题考查医学伦理的四大基本原则，包括尊重自主权、不伤害原则、行善原则、公正原则。

【最终答案】：ABCD

题目：以下哪种行为不视为买卖人类遗传资源？
A.某生物公司购买某家族罕见病基因序列用于开发检测试剂盒
B.某机构为科研合作向国外实验室提供人类遗传资源样本，并收取样本运输和处理的成本费用
C.某医院为患者提供基因诊疗服务时留存其干细胞样本用于后续临床研究
D.某企业将收集的少数民族基因数据以高额利润授权给药企使用
E.个人通过社交媒体平台私下交易自身基因检测数据
【思考过程】：",B,Qwen3-235B-A22B,"【思考过程】：根据《人类遗传资源管理条例》，买卖人类遗传资源指非法交易牟利行为。选项B中机构仅收取样本运输和处理的成本费用，属于科研合作中的合理费用分担，不构成买卖；选项C中医院为患者诊疗留存样本用于研究，未涉及交易且基于医疗目的，不视为买卖。选项A、D、E均涉及商业目的或直接交易，属于买卖行为。

【最终答案】：BC",客观题,BC
基因干细胞诊疗,"你是一个严格按照要求答题的医学考试考生。请你先展示出完整的思考过程，然后再输出最终答案。每道题目有至少两个选项（A、B）至多五个选项（A、B、C、D、E），题目为不定项选择题，请按照以下格式作答：

【思考过程】：...

【最终答案】：AB / BCE / CD / DE / E / ...（只输出选项的编号，不要写选项内容）

示例：
题目：医疗伦理中四大基本原则是？
A.尊重自主权
B.善意行为
C.无害原则
D.公正原则
E.以上都不是
【思考过程】：本题考查医学伦理的四大基本原则，包括尊重自主权、不伤害原则、行善原则、公正原则。

【最终答案】：ABCD

题目：以下哪些属于干细胞临床研究必须遵循的原则？
A.科学原则
B.规范原则
C.适度保护受试者权益原则
D.提高研究效率原则
E.保护研究者知识产权原则
【思考过程】：",AB,Qwen3-235B-A22B,"【思考过程】：本题考查干细胞临床研究必须遵循的原则。根据相关法规和伦理要求，干细胞临床研究需遵循科学性、规范性及保护受试者权益等原则。科学原则（A）确保研究设计合理；规范原则（B）要求研究符合法律法规和标准操作流程。受试者权益保护应为“充分保护”而非“适度保护”（C选项表述错误）。提高效率（D）和保护研究者知识产权（E）属于次要因素，非核心伦理原则。

【最终答案】：AB",客观题,AB
基因干细胞诊疗,"你是一个严格按照要求答题的医学考试考生。请你先展示出完整的思考过程，然后再输出最终答案。每道题目有至少两个选项（A、B）至多五个选项（A、B、C、D、E），题目为不定项选择题，请按照以下格式作答：

【思考过程】：...

【最终答案】：AB / BCE / CD / DE / E / ...（只输出选项的编号，不要写选项内容）

示例：
题目：医疗伦理中四大基本原则是？
A.尊重自主权
B.善意行为
C.无害原则
D.公正原则
E.以上都不是
【思考过程】：本题考查医学伦理的四大基本原则，包括尊重自主权、不伤害原则、行善原则、公正原则。

【最终答案】：ABCD

题目：以下哪项不属于开展干细胞临床研究的医疗机构的职责？
A.立项审查
B.登记备案
C.对医务人员进行干细胞操作培训
D.全过程质量管理和风险管控
E.干细胞制剂制备监督
【思考过程】：",C,Qwen3-235B-A22B,"【思考过程】：根据《干细胞临床研究管理办法（试行）》，医疗机构的职责包括立项审查（A）、登记备案（B）、全过程质量管理和风险管控（D），以及对医务人员进行培训（C）。干细胞制剂制备监督（E）通常由制备单位负责，不属于医疗机构的直接职责。

【最终答案】：E",客观题,E
基因干细胞诊疗,"你是一个严格按照要求答题的医学考试考生。请你先展示出完整的思考过程，然后再输出最终答案。每道题目有至少两个选项（A、B）至多五个选项（A、B、C、D、E），题目为不定项选择题，请按照以下格式作答：

【思考过程】：...

【最终答案】：AB / BCE / CD / DE / E / ...（只输出选项的编号，不要写选项内容）

示例：
题目：医疗伦理中四大基本原则是？
A.尊重自主权
B.善意行为
C.无害原则
D.公正原则
E.以上都不是
【思考过程】：本题考查医学伦理的四大基本原则，包括尊重自主权、不伤害原则、行善原则、公正原则。

【最终答案】：ABCD

题目：以下哪些行为违反了基因干细胞诊疗机构的相关规定？
A.向受试者收取干细胞临床研究费用
B.使用受试者住院期间的数据进行病例分析
C.通过自媒体平台宣传治疗效果
D.要求患者支付药物成本费
E.在机构官网展示成功案例
【思考过程】：",ACE,Qwen3-235B-A22B,"【思考过程】：本题考查基因干细胞诊疗机构的相关规定。选项A违反了临床研究不得向受试者收费的规定；选项C和E涉及宣传治疗效果，属于违规行为；选项D中要求患者支付药物成本费若与研究相关则违规。选项B若在知情同意范围内使用住院数据进行病例分析则不违规，题目未明确说明未经同意，因此默认不违规。

【最终答案】：ACDE",客观题,ACDE
基因干细胞诊疗,"你是一个严格按照要求答题的医学考试考生。请你先展示出完整的思考过程，然后再输出最终答案。每道题目有至少两个选项（A、B）至多五个选项（A、B、C、D、E），题目为不定项选择题，请按照以下格式作答：

【思考过程】：...

【最终答案】：AB / BCE / CD / DE / E / ...（只输出选项的编号，不要写选项内容）

示例：
题目：医疗伦理中四大基本原则是？
A.尊重自主权
B.善意行为
C.无害原则
D.公正原则
E.以上都不是
【思考过程】：本题考查医学伦理的四大基本原则，包括尊重自主权、不伤害原则、行善原则、公正原则。

【最终答案】：ABCD

题目：以下哪项是干细胞临床研究机构必须满足的条件？
A.承担干细胞研究领域重要研究项目
B.具有充足的来源于政府的基础科研经费支持
C.确保干细胞来源合法且多样化
D.具备完整的干细胞质量控制条件和质量管理体系
E.研究负责人需具备副高级专业技术职称
【思考过程】：",D,Qwen3-235B-A22B,"【思考过程】：根据《干细胞临床研究管理办法（试行）》，干细胞临床研究机构必须满足的条件包括：具备完整的干细胞质量控制条件和质量管理体系（D）。选项A中“承担重要研究项目”并非硬性要求；选项B未明确经费来源；选项C中“多样化”并非必要条件，合法来源是核心；选项E中研究负责人需具备更高级职称而非副高级。

【最终答案】：D",客观题,D
基因干细胞诊疗,"你是一个严格按照要求答题的医学考试考生。请你先展示出完整的思考过程，然后再输出最终答案。每道题目有至少两个选项（A、B）至多五个选项（A、B、C、D、E），题目为不定项选择题，请按照以下格式作答：

【思考过程】：...

【最终答案】：AB / BCE / CD / DE / E / ...（只输出选项的编号，不要写选项内容）

示例：
题目：医疗伦理中四大基本原则是？
A.尊重自主权
B.善意行为
C.无害原则
D.公正原则
E.以上都不是
【思考过程】：本题考查医学伦理的四大基本原则，包括尊重自主权、不伤害原则、行善原则、公正原则。

【最终答案】：ABCD

题目：干细胞临床研究机构必须具有以下哪种措施或机制？
A.独立的新药研发实验室
B.防范研究风险的管理机制
C.建立独立的干细胞临床研究随访档案
D.与省级医疗机构建立联合救治流程
【思考过程】：",B,Qwen3-235B-A22B,"【思考过程】：本题考查干细胞临床研究机构的必备措施。根据相关法规，机构需具备风险防范机制（B）以确保受试者安全，并建立独立随访档案（C）以追踪长期效果及数据管理。选项A涉及新药研发实验室，与临床研究无直接关联；选项D虽涉及联合救治，但非强制性要求。

【最终答案】：BC",客观题,BC
基因干细胞诊疗,"你是一个严格按照要求答题的医学考试考生。请你先展示出完整的思考过程，然后再输出最终答案。每道题目有至少两个选项（A、B）至多五个选项（A、B、C、D、E），题目为不定项选择题，请按照以下格式作答：

【思考过程】：...

【最终答案】：AB / BCE / CD / DE / E / ...（只输出选项的编号，不要写选项内容）

示例：
题目：医疗伦理中四大基本原则是？
A.尊重自主权
B.善意行为
C.无害原则
D.公正原则
E.以上都不是
【思考过程】：本题考查医学伦理的四大基本原则，包括尊重自主权、不伤害原则、行善原则、公正原则。

【最终答案】：ABCD

题目：根据法规要求，干细胞临床研究机构必须具备以下哪类委员会？
A.数据安全委员会与医疗技术委员会
B.由高水平专家组成的学术委员会和伦理委员会
C.普通医务委员会和患者权益委员会
D.单独的伦理委员会及后勤保障委员会
【思考过程】：",B,Qwen3-235B-A22B,"【思考过程】：根据干细胞临床研究相关法规（如《干细胞临床研究管理办法》），研究机构必须设立由高水平专家组成的学术委员会和伦理委员会。学术委员会负责研究方案的科学性评估，伦理委员会负责伦理审查及受试者权益保护。其他选项中的委员会（如后勤保障、数据安全等）未被明确列为法规强制要求。

【最终答案】：B",客观题,B
基因干细胞诊疗,"你是一个严格按照要求答题的医学考试考生。请你先展示出完整的思考过程，然后再输出最终答案。每道题目有至少两个选项（A、B）至多五个选项（A、B、C、D、E），题目为不定项选择题，请按照以下格式作答：

【思考过程】：...

【最终答案】：AB / BCE / CD / DE / E / ...（只输出选项的编号，不要写选项内容）

示例：
题目：医疗伦理中四大基本原则是？
A.尊重自主权
B.善意行为
C.无害原则
D.公正原则
E.以上都不是
【思考过程】：本题考查医学伦理的四大基本原则，包括尊重自主权、不伤害原则、行善原则、公正原则。

【最终答案】：ABCD

题目：以下哪些条件是干细胞临床研究机构必须满足的？
A.具备三级乙等医院资质，B.获得医疗器械临床试验机构资格，C.具有住院医师规范化培训基地认证，D.建立干细胞制剂质量受权人制度，E.项目负责人需获得省级以上科研奖励
【思考过程】：",D,Qwen3-235B-A22B,"【思考过程】：根据《干细胞临床研究管理办法（试行）》及相关规定，干细胞临床研究机构需具备特定资质和管理体系。选项D“建立干细胞制剂质量受权人制度”是质量管理的核心要求，符合规定。选项A要求三级乙等医院，但实际需三级甲等资质，故错误。选项B涉及医疗器械临床试验资格，而干细胞制剂属于生物制剂，需药物临床试验资质，故错误。选项C与住院医师培训相关，非必要条件。选项E对项目负责人的科研奖励要求无明确依据。

【最终答案】：D",客观题,D
基因干细胞诊疗,"你是一个严格按照要求答题的医学考试考生。请你先展示出完整的思考过程，然后再输出最终答案。每道题目有至少两个选项（A、B）至多五个选项（A、B、C、D、E），题目为不定项选择题，请按照以下格式作答：

【思考过程】：...

【最终答案】：AB / BCE / CD / DE / E / ...（只输出选项的编号，不要写选项内容）

示例：
题目：医疗伦理中四大基本原则是？
A.尊重自主权
B.善意行为
C.无害原则
D.公正原则
E.以上都不是
【思考过程】：本题考查医学伦理的四大基本原则，包括尊重自主权、不伤害原则、行善原则、公正原则。

【最终答案】：ABCD

题目：机构伦理委员会的组成应当满足以下哪些条件？
A.总人数不少于5位
B.包含来自法学领域的专业人员
C.不包含非专业的社会人士
D.总人数不少于7人
E.包含经济学领域的专家
【思考过程】：",BD,Qwen3-235B-A22B,"【思考过程】：机构伦理委员会的组成需符合以下要求：根据相关法规，伦理委员会的委员人数不得少于7人（D正确，A错误），以确保多元性和决策有效性。成员需涵盖不同领域，包括法学专业人员（B正确），同时必须包含非专业的社会人士（C错误）。经济学专家（E）并非强制要求。

【最终答案】：BD",客观题,BD
基因干细胞诊疗,"你是一个严格按照要求答题的医学考试考生。请你先展示出完整的思考过程，然后再输出最终答案。每道题目有至少两个选项（A、B）至多五个选项（A、B、C、D、E），题目为不定项选择题，请按照以下格式作答：

【思考过程】：...

【最终答案】：AB / BCE / CD / DE / E / ...（只输出选项的编号，不要写选项内容）

示例：
题目：医疗伦理中四大基本原则是？
A.尊重自主权
B.善意行为
C.无害原则
D.公正原则
E.以上都不是
【思考过程】：本题考查医学伦理的四大基本原则，包括尊重自主权、不伤害原则、行善原则、公正原则。

【最终答案】：ABCD

题目：根据相关法律法规，以下哪些机构应当监督干细胞临床研究项目的立项前审查？
A.国家干细胞临床研究专家委员会和伦理专家委员会
B.市级干细胞伦理审查委员会
C.机构内部科研评审组
D.省级疾病预防控制中心
E.省级干细胞临床研究专家委员会和伦理专家委员会
【思考过程】：",AE,Qwen3-235B-A22B,"【思考过程】：根据《干细胞临床研究管理办法（试行）》，干细胞临床研究项目立项前需由国家和省级专家委员会及伦理委员会进行审查和监督。国家层面由国家干细胞临床研究专家委员会和伦理专家委员会负责，省级则由对应的省级委员会监督。市级伦理委员会通常负责后续实施阶段的审查，而非立项前监督。机构内部科研评审组和省级疾控中心不直接参与该阶段监督。

【最终答案】：AE",客观题,AE
基因干细胞诊疗,"你是一个严格按照要求答题的医学考试考生。请你先展示出完整的思考过程，然后再输出最终答案。每道题目有至少两个选项（A、B）至多五个选项（A、B、C、D、E），题目为不定项选择题，请按照以下格式作答：

【思考过程】：...

【最终答案】：AB / BCE / CD / DE / E / ...（只输出选项的编号，不要写选项内容）

示例：
题目：医疗伦理中四大基本原则是？
A.尊重自主权
B.善意行为
C.无害原则
D.公正原则
E.以上都不是
【思考过程】：本题考查医学伦理的四大基本原则，包括尊重自主权、不伤害原则、行善原则、公正原则。

【最终答案】：ABCD

题目：以下哪些措施属于机构在基因干细胞诊疗研究中保障受试者权益的必要环节？
A.研究方案中明确风险预判和双重盲法设计
B.伦理委员会对研究风险进行分级评估
C.为高风险项目建立第三方商业保险机制
D.每月向监管机构提交经费使用报告
E.对高风险项目实施人员资质强化审查
【思考过程】：",BCE,Qwen3-235B-A22B,"【思考过程】：本题考查基因干细胞诊疗研究中保障受试者权益的必要措施。机构需通过伦理审查（B）、风险分担机制（C）和资质管理（E）直接保护受试者权益；而科研设计（A）和财务报告（D）与权益保障无直接关联。

【最终答案】：BCE",客观题,BCE
基因干细胞诊疗,"你是一个严格按照要求答题的医学考试考生。请你先展示出完整的思考过程，然后再输出最终答案。每道题目有至少两个选项（A、B）至多五个选项（A、B、C、D、E），题目为不定项选择题，请按照以下格式作答：

【思考过程】：...

【最终答案】：AB / BCE / CD / DE / E / ...（只输出选项的编号，不要写选项内容）

示例：
题目：医疗伦理中四大基本原则是？
A.尊重自主权
B.善意行为
C.无害原则
D.公正原则
E.以上都不是
【思考过程】：本题考查医学伦理的四大基本原则，包括尊重自主权、不伤害原则、行善原则、公正原则。

【最终答案】：ABCD

题目：以下哪种情况符合干细胞临床研究的适应症要求？
A.治疗效果与现有药物相似但费用较低
B.用于尚无有效治疗方法的重度抑郁症
C.针对普通季节性流感的预防研究
D.早期临床试验中效果尚不明确但可能替代现有手术的方案
E.改善因疾病导致的严重生存质量下降
【思考过程】：",BE,Qwen3-235B-A22B,"【思考过程】：本题考查干细胞临床研究的适应症要求。根据相关规范，干细胞临床研究应优先考虑尚无有效治疗方法的疾病（B）、早期探索性试验中可能带来潜在疗效的情况（D），以及通过改善疾病状态显著提升患者生存质量的情形（E）。而A选项的疗效与现有药物相似，不符合探索性研究的要求；C选项针对普通流感的预防，不属于严重或缺乏治疗手段的疾病范畴。

【最终答案】：BDE",客观题,BDE
基因干细胞诊疗,"你是一个严格按照要求答题的医学考试考生。请你先展示出完整的思考过程，然后再输出最终答案。每道题目有至少两个选项（A、B）至多五个选项（A、B、C、D、E），题目为不定项选择题，请按照以下格式作答：

【思考过程】：...

【最终答案】：AB / BCE / CD / DE / E / ...（只输出选项的编号，不要写选项内容）

示例：
题目：医疗伦理中四大基本原则是？
A.尊重自主权
B.善意行为
C.无害原则
D.公正原则
E.以上都不是
【思考过程】：本题考查医学伦理的四大基本原则，包括尊重自主权、不伤害原则、行善原则、公正原则。

【最终答案】：ABCD

题目：干细胞制剂的制备必须符合以下哪些规范或要求？
A.药品生产质量管理规范（GMP）适用于医疗器械
B.药品生产质量管理规范（GMP）适用于药品生产
C.干细胞制剂质量控制及临床前研究指导原则
D.国际标准化组织质量管理体系（ISO9001）
E.药物临床试验质量管理规范
【思考过程】：",BC,Qwen3-235B-A22B,"【思考过程】：干细胞制剂的制备属于生物药品生产，必须遵循药品生产质量管理规范（GMP），即选项B。同时，干细胞制剂需符合专门的质量控制及临床前研究指导原则（选项C）。选项A混淆了医疗器械与药品的GMP适用范围，选项D（ISO9001）为通用质量管理体系，非强制要求，选项E（GCP）适用于临床试验阶段，与制备无关。

【最终答案】：BC",客观题,BC
基因干细胞诊疗,"你是一个严格按照要求答题的医学考试考生。请你先展示出完整的思考过程，然后再输出最终答案。每道题目有至少两个选项（A、B）至多五个选项（A、B、C、D、E），题目为不定项选择题，请按照以下格式作答：

【思考过程】：...

【最终答案】：AB / BCE / CD / DE / E / ...（只输出选项的编号，不要写选项内容）

示例：
题目：医疗伦理中四大基本原则是？
A.尊重自主权
B.善意行为
C.无害原则
D.公正原则
E.以上都不是
【思考过程】：本题考查医学伦理的四大基本原则，包括尊重自主权、不伤害原则、行善原则、公正原则。

【最终答案】：ABCD

题目：机构伦理委员会对干细胞临床研究项目的伦理审查应当依照以下哪项文件要求执行？
A.《生物样本库伦理审查指南》
B.《药品临床试验质量管理规范》
C.《干细胞临床研究管理办法》
D.《涉及人的生物医学研究伦理审查办法》
【思考过程】：",D,Qwen3-235B-A22B,"【思考过程】：本题考查干细胞临床研究伦理审查的依据文件。《干细胞临床研究管理办法（试行）》（选项C）是国家专门针对干细胞临床研究制定的规范，明确要求伦理审查必须执行。同时，《涉及人的生物医学研究伦理审查办法》（选项D）作为通用伦理审查文件，也适用于包括干细胞研究在内的所有涉及人的生物医学研究。选项A针对生物样本库，B针对药品临床试验，均不直接适用于干细胞临床研究。

【最终答案】：CD",客观题,CD
基因干细胞诊疗,"你是一个严格按照要求答题的医学考试考生。请你先展示出完整的思考过程，然后再输出最终答案。每道题目有至少两个选项（A、B）至多五个选项（A、B、C、D、E），题目为不定项选择题，请按照以下格式作答：

【思考过程】：...

【最终答案】：AB / BCE / CD / DE / E / ...（只输出选项的编号，不要写选项内容）

示例：
题目：医疗伦理中四大基本原则是？
A.尊重自主权
B.善意行为
C.无害原则
D.公正原则
E.以上都不是
【思考过程】：本题考查医学伦理的四大基本原则，包括尊重自主权、不伤害原则、行善原则、公正原则。

【最终答案】：ABCD

题目：在干细胞临床研究中，研究人员必须用通俗、清晰、准确的语言告知供者和受试者哪些内容？
A.研究人员的个人背景
B.研究的目的和意义
C.预期受益和潜在风险
D.其他受试者的治疗结果
E.研究的具体内容
【思考过程】：",BCE,Qwen3-235B-A22B,"【思考过程】：根据《干细胞临床研究管理办法》及知情同意原则，研究人员需告知内容包括：研究目的和意义（B）、预期受益和潜在风险（C）、研究的具体内容（如步骤、方法、时间等核心细节）（E）。选项A（研究人员背景）和D（他人治疗结果）不属于强制性告知范围。

【最终答案】：BCE",客观题,BCE
基因干细胞诊疗,"你是一个严格按照要求答题的医学考试考生。请你先展示出完整的思考过程，然后再输出最终答案。每道题目有至少两个选项（A、B）至多五个选项（A、B、C、D、E），题目为不定项选择题，请按照以下格式作答：

【思考过程】：...

【最终答案】：AB / BCE / CD / DE / E / ...（只输出选项的编号，不要写选项内容）

示例：
题目：医疗伦理中四大基本原则是？
A.尊重自主权
B.善意行为
C.无害原则
D.公正原则
E.以上都不是
【思考过程】：本题考查医学伦理的四大基本原则，包括尊重自主权、不伤害原则、行善原则、公正原则。

【最终答案】：ABCD

题目：处理不合格及剩余的干细胞制剂或捐赠物时，必须确保符合以下哪些核心要求？
A.以最快速度销毁避免污染
B.遵循合法处理程序
C.供者享有经济补偿权
D.根据医疗废物管理条例实施
E.经伦理委员会审核
【思考过程】：",BE,Qwen3-235B-A22B,"【思考过程】：处理不合格及剩余的干细胞制剂或捐赠物时，必须遵循合法性、医疗废物管理规范及伦理审查。合法处理程序（B）和医疗废物管理条例（D）是法律基础；伦理委员会审核（E）确保伦理合规性。选项A强调速度而非规范性，C涉及经济补偿但非核心处理要求。

【最终答案】：BDE",客观题,BDE
基因干细胞诊疗,"你是一个严格按照要求答题的医学考试考生。请你先展示出完整的思考过程，然后再输出最终答案。每道题目有至少两个选项（A、B）至多五个选项（A、B、C、D、E），题目为不定项选择题，请按照以下格式作答：

【思考过程】：...

【最终答案】：AB / BCE / CD / DE / E / ...（只输出选项的编号，不要写选项内容）

示例：
题目：医疗伦理中四大基本原则是？
A.尊重自主权
B.善意行为
C.无害原则
D.公正原则
E.以上都不是
【思考过程】：本题考查医学伦理的四大基本原则，包括尊重自主权、不伤害原则、行善原则、公正原则。

【最终答案】：ABCD

题目：在基因干细胞诊疗的临床研究中，关于资料记录的保存要求，以下哪几项是正确的？
A.保存至研究结束后20年
B.保存至研究结束后30年
C.必须准确且清晰
D.需保留电子备份
E.由研究机构自主决定保存形式
【思考过程】：",BCD,Qwen3-235B-A22B,"【思考过程】：本题考查基因干细胞诊疗临床研究中资料记录的保存要求。根据《涉及人的生物医学研究伦理审查办法》及《人类遗传资源管理条例》，干细胞研究数据的保存期限通常为研究结束后30年（B正确）。记录必须准确清晰（C正确），且电子数据需保留备份以确保可追溯性（D正确）。保存期限和形式由法规强制规定，而非研究机构自主决定（E错误）。A选项的20年不符合干细胞研究的长期保存要求，故错误。

【最终答案】：BCD",客观题,BCD
基因干细胞诊疗,"你是一个严格按照要求答题的医学考试考生。请你先展示出完整的思考过程，然后再输出最终答案。每道题目有至少两个选项（A、B）至多五个选项（A、B、C、D、E），题目为不定项选择题，请按照以下格式作答：

【思考过程】：...

【最终答案】：AB / BCE / CD / DE / E / ...（只输出选项的编号，不要写选项内容）

示例：
题目：医疗伦理中四大基本原则是？
A.尊重自主权
B.善意行为
C.无害原则
D.公正原则
E.以上都不是
【思考过程】：本题考查医学伦理的四大基本原则，包括尊重自主权、不伤害原则、行善原则、公正原则。

【最终答案】：ABCD

题目：干细胞制剂的追踪资料从最后处理之日起必须保存至少多少年？
A.15年
B.25年
C.30年
D.35年
【思考过程】：",C,Qwen3-235B-A22B,"【思考过程】：本题考查干细胞制剂追踪资料的保存期限。根据《干细胞临床研究管理办法（试行）》第四十五条规定，相关资料保存期限不少于30年。结合选项，正确答案为C选项。

【最终答案】：C",客观题,C
基因干细胞诊疗,"你是一个严格按照要求答题的医学考试考生。请你先展示出完整的思考过程，然后再输出最终答案。每道题目有至少两个选项（A、B）至多五个选项（A、B、C、D、E），题目为不定项选择题，请按照以下格式作答：

【思考过程】：...

【最终答案】：AB / BCE / CD / DE / E / ...（只输出选项的编号，不要写选项内容）

示例：
题目：医疗伦理中四大基本原则是？
A.尊重自主权
B.善意行为
C.无害原则
D.公正原则
E.以上都不是
【思考过程】：本题考查医学伦理的四大基本原则，包括尊重自主权、不伤害原则、行善原则、公正原则。

【最终答案】：ABCD

题目：当调查严重不良事件的原因时，以下哪些因素是必须重点考察的？
A.干细胞制剂的制备和质量控制
B.干细胞提供者的筛查记录和测试结果
C.受试者的家族病史
D.任何违背操作规范的事件
E.研究设备的品牌和型号
【思考过程】：",ABD,Qwen3-235B-A22B,"【思考过程】：本题考查严重不良事件调查的关键因素。A选项涉及干细胞制剂的制备和质量控制，直接关系到产品安全性；B选项关注供体筛查，确保无潜在病原体或遗传风险；D选项强调操作规范的执行情况，违规可能导致事故。C选项（家族病史）与事件直接关联性较低；E选项（设备品牌型号）除非存在设备缺陷，否则非核心因素。

【最终答案】：ABD",客观题,ABD
基因干细胞诊疗,"你是一个严格按照要求答题的医学考试考生。请你先展示出完整的思考过程，然后再输出最终答案。每道题目有至少两个选项（A、B）至多五个选项（A、B、C、D、E），题目为不定项选择题，请按照以下格式作答：

【思考过程】：...

【最终答案】：AB / BCE / CD / DE / E / ...（只输出选项的编号，不要写选项内容）

示例：
题目：医疗伦理中四大基本原则是？
A.尊重自主权
B.善意行为
C.无害原则
D.公正原则
E.以上都不是
【思考过程】：本题考查医学伦理的四大基本原则，包括尊重自主权、不伤害原则、行善原则、公正原则。

【最终答案】：ABCD

题目：以下表述是否正确：经伦理委员会批准的干细胞临床研究成果，经备案可直接应用于患者治疗。
A.正确
B.错误
【思考过程】：",B,Qwen3-235B-A22B,"【思考过程】：题目涉及干细胞临床研究成果的应用流程。根据中国相关法规，伦理委员会批准是必要前提，但临床应用通常需经国家卫健委或药监部门审批，包括临床试验阶段及注册。备案仅为程序性要求，不能替代实质性审批。因此，仅备案而未经进一步审批，不可直接用于患者治疗。

【最终答案】：B",客观题,B
基因干细胞诊疗,"你是一个严格按照要求答题的医学考试考生。请你先展示出完整的思考过程，然后再输出最终答案。每道题目有至少两个选项（A、B）至多五个选项（A、B、C、D、E），题目为不定项选择题，请按照以下格式作答：

【思考过程】：...

【最终答案】：AB / BCE / CD / DE / E / ...（只输出选项的编号，不要写选项内容）

示例：
题目：医疗伦理中四大基本原则是？
A.尊重自主权
B.善意行为
C.无害原则
D.公正原则
E.以上都不是
【思考过程】：本题考查医学伦理的四大基本原则，包括尊重自主权、不伤害原则、行善原则、公正原则。

【最终答案】：ABCD

题目：以下哪项属于异体干细胞供者必须满足的条件？
A.需采集供者ABO血型信息
B.证明无HTLV病毒感染
C.家族史中未记录糖尿病史
D.既往史中患有新冠康复的供者可被采用
E.必须收集HLA-I类和II类分型资料
【思考过程】：",B,Qwen3-235B-A22B,"【思考过程】：异体干细胞移植的关键在于供受者匹配及感染筛查。HLA配型（E）是首要条件，必须收集I类和II类分型以确保相容性。HTLV病毒（B）可能引发严重疾病，供者必须排除感染。ABO血型信息（A）需采集以评估相容性，尽管不完全匹配可能可接受，但信息采集是必须步骤。家族糖尿病史（C）不影响干细胞移植，故非必须条件。新冠康复者（D）若无后遗症可能符合条件，但并非必须条件。

【最终答案】：ABE",客观题,ABE
基因干细胞诊疗,"你是一个严格按照要求答题的医学考试考生。请你先展示出完整的思考过程，然后再输出最终答案。每道题目有至少两个选项（A、B）至多五个选项（A、B、C、D、E），题目为不定项选择题，请按照以下格式作答：

【思考过程】：...

【最终答案】：AB / BCE / CD / DE / E / ...（只输出选项的编号，不要写选项内容）

示例：
题目：医疗伦理中四大基本原则是？
A.尊重自主权
B.善意行为
C.无害原则
D.公正原则
E.以上都不是
【思考过程】：本题考查医学伦理的四大基本原则，包括尊重自主权、不伤害原则、行善原则、公正原则。

【最终答案】：ABCD

题目：以下关于异体来源干细胞的检测要求中，错误的是？
A.需进行全面的内外源致病微生物检测
B.需开展细胞纯度分析
C.需检测特定细胞表面标志物群和分化潜能等特性
D.仅需进行基本的干细胞特性检测
E.应检测成活率及生长活性
【思考过程】：",D,Qwen3-235B-A22B,"【思考过程】：本题考查异体干细胞检测要求。异体干细胞需进行全面检测以确保安全性和有效性。A选项正确，需检测内外源致病微生物（如病毒、细菌等）；B选项正确，纯度分析确保细胞功能一致性；C选项正确，表面标志物和分化潜能验证干细胞特性；E正确，成活率及活性直接影响临床效果。D选项错误，仅基本检测无法覆盖安全性（如微生物）和全面特性验证，存在安全隐患。

【最终答案】：D",客观题,D
基因干细胞诊疗,"你是一个严格按照要求答题的医学考试考生。请你先展示出完整的思考过程，然后再输出最终答案。每道题目有至少两个选项（A、B）至多五个选项（A、B、C、D、E），题目为不定项选择题，请按照以下格式作答：

【思考过程】：...

【最终答案】：AB / BCE / CD / DE / E / ...（只输出选项的编号，不要写选项内容）

示例：
题目：医疗伦理中四大基本原则是？
A.尊重自主权
B.善意行为
C.无害原则
D.公正原则
E.以上都不是
【思考过程】：本题考查医学伦理的四大基本原则，包括尊重自主权、不伤害原则、行善原则、公正原则。

【最终答案】：ABCD

题目：根据干细胞制剂临床前研究的要求，以下哪些内容是必须进行的？
A.设计与适应证相关的疾病动物模型
B.使用健康动物进行干细胞初步药理测试
C.建立干细胞有效标记技术
D.开展体外干细胞增殖活性实验
E.制定干细胞制剂安全性评价方案
【思考过程】：",ACE,Qwen3-235B-A22B,"【思考过程】：根据干细胞制剂临床前研究的要求，必须进行的步骤通常包括：1. 使用与适应证相关的疾病动物模型（A）以评估治疗效果；2. 体外实验如干细胞增殖活性检测（D）作为基础评估；3. 安全性评价方案（E）涵盖毒性、免疫反应等。选项B（健康动物药理测试）和C（标记技术）虽可能辅助研究，但并非所有情况下均强制要求。  

【最终答案】：ADE",客观题,ADE
基因干细胞诊疗,"你是一个严格按照要求答题的医学考试考生。请你先展示出完整的思考过程，然后再输出最终答案。每道题目有至少两个选项（A、B）至多五个选项（A、B、C、D、E），题目为不定项选择题，请按照以下格式作答：

【思考过程】：...

【最终答案】：AB / BCE / CD / DE / E / ...（只输出选项的编号，不要写选项内容）

示例：
题目：医疗伦理中四大基本原则是？
A.尊重自主权
B.善意行为
C.无害原则
D.公正原则
E.以上都不是
【思考过程】：本题考查医学伦理的四大基本原则，包括尊重自主权、不伤害原则、行善原则、公正原则。

【最终答案】：ABCD

题目：以下哪些要素属于保持干细胞研究诚实正直的关键程序？
A.政府直接管理研究经费
B.独立的同行评审和监督
C.研究数据的可复制性
D.机构伦理委员会监督
E.研究各阶段明确的责任追究
【思考过程】：",BCDE,Qwen3-235B-A22B,"【思考过程】：本题考查干细胞研究中保持诚信的关键程序。独立的同行评审（B）和数据可重复性（C）是确保科学可靠性的核心。伦理委员会（D）和责任追究（E）分别从伦理和问责角度保障研究诚信。政府直接管理经费（A）虽涉及监管，但非直接关联研究诚实正直的核心程序。

【最终答案】：BCDE",客观题,BCDE
基因干细胞诊疗,"你是一个严格按照要求答题的医学考试考生。请你先展示出完整的思考过程，然后再输出最终答案。每道题目有至少两个选项（A、B）至多五个选项（A、B、C、D、E），题目为不定项选择题，请按照以下格式作答：

【思考过程】：...

【最终答案】：AB / BCE / CD / DE / E / ...（只输出选项的编号，不要写选项内容）

示例：
题目：医疗伦理中四大基本原则是？
A.尊重自主权
B.善意行为
C.无害原则
D.公正原则
E.以上都不是
【思考过程】：本题考查医学伦理的四大基本原则，包括尊重自主权、不伤害原则、行善原则、公正原则。

【最终答案】：ABCD

题目：以下哪些措施是正确应用基于干细胞的干预措施的要求？（多选）
A.产品被监管机构授权并证明安全和有效
B.包含长期病人跟踪和不良事件报告
C.质量安全标准等同于早期临床使用水平
D.由经认证的机构在正式监管框架下实施
E.在独立专家审查前允许小范围营销
【思考过程】：",ABCD,Qwen3-235B-A22B,"【思考过程】：正确应用干细胞干预措施需满足以下要求：  
1. **监管授权**（A）：必须经监管机构批准，确保安全有效；  
2. **长期跟踪与监测**（B）：需持续跟踪患者并报告不良事件；  
3. **规范实施**（D）：需由认证机构在监管框架内执行；  
4. **质量标准**（C）：题目中“等同于早期临床使用水平”表述不严谨，实际要求更严格的质量控制，故不选；  
5. **营销限制**（E）：未经独立审查前禁止任何形式的营销，故错误。

【最终答案】：ABD",客观题,ABD
基因干细胞诊疗,"你是一个严格按照要求答题的医学考试考生。请你先展示出完整的思考过程，然后再输出最终答案。每道题目有至少两个选项（A、B）至多五个选项（A、B、C、D、E），题目为不定项选择题，请按照以下格式作答：

【思考过程】：...

【最终答案】：AB / BCE / CD / DE / E / ...（只输出选项的编号，不要写选项内容）

示例：
题目：医疗伦理中四大基本原则是？
A.尊重自主权
B.善意行为
C.无害原则
D.公正原则
E.以上都不是
【思考过程】：本题考查医学伦理的四大基本原则，包括尊重自主权、不伤害原则、行善原则、公正原则。

【最终答案】：ABCD

题目：某研究团队计划对一名患有神经退行性疾病的患者进行基因干细胞治疗临床试验，但该患者因病情无法理解治疗风险。此时研究者应如何获取知情同意？
A.由患者本人签署同意书，但不需要详细说明风险
B.由其直系亲属直接代替签署同意书
C.获得合法授权代表的代理同意
D.无需获得知情同意
E.仅需口头告知家属部分风险
【思考过程】：",C,Qwen3-235B-A22B,"【思考过程】：根据医学伦理和临床试验规范，当患者因病情无法理解风险时，需通过合法授权的代理人获取知情同意。选项C明确要求合法授权代表的代理同意，符合伦理和法律要求；选项B的直系亲属直接代替签署可能不符合正式授权程序。其他选项（A、D、E）均违反知情同意的基本原则。

【最终答案】：C",客观题,C
基因干细胞诊疗,"你是一个严格按照要求答题的医学考试考生。请你先展示出完整的思考过程，然后再输出最终答案。每道题目有至少两个选项（A、B）至多五个选项（A、B、C、D、E），题目为不定项选择题，请按照以下格式作答：

【思考过程】：...

【最终答案】：AB / BCE / CD / DE / E / ...（只输出选项的编号，不要写选项内容）

示例：
题目：医疗伦理中四大基本原则是？
A.尊重自主权
B.善意行为
C.无害原则
D.公正原则
E.以上都不是
【思考过程】：本题考查医学伦理的四大基本原则，包括尊重自主权、不伤害原则、行善原则、公正原则。

【最终答案】：ABCD

题目：研究人员在基因干细胞诊疗中应履行哪些义务？
A. 仅在有阳性结果时向公众公布数据  
B. 及时与患者群体沟通并回应其合理信息需求  
C. 向公共团体掩盖潜在应用的不确定性  
D. 通过选择性分享部分成果来保护研究机密性  
E. 定期发布研究进展，包含正面和负面结果
【思考过程】：",BE,Qwen3-235B-A22B,"【思考过程】：本题考查基因干细胞诊疗中研究人员应履行的义务。科研伦理要求研究过程需透明、公正，完整公布所有结果（包括正面和负面），并及时与患者沟通。选项B体现了与患者沟通的必要性，E符合全面公布结果的要求。而A（仅公布阳性结果）、C（掩盖不确定性）、D（选择性分享）均违背科学诚信原则。

【最终答案】：BE",客观题,BE
基因干细胞诊疗,"你是一个严格按照要求答题的医学考试考生。请你先展示出完整的思考过程，然后再输出最终答案。每道题目有至少两个选项（A、B）至多五个选项（A、B、C、D、E），题目为不定项选择题，请按照以下格式作答：

【思考过程】：...

【最终答案】：AB / BCE / CD / DE / E / ...（只输出选项的编号，不要写选项内容）

示例：
题目：医疗伦理中四大基本原则是？
A.尊重自主权
B.善意行为
C.无害原则
D.公正原则
E.以上都不是
【思考过程】：本题考查医学伦理的四大基本原则，包括尊重自主权、不伤害原则、行善原则、公正原则。

【最终答案】：ABCD

题目：社会公正方面的医学伦理要求包括以下哪些内容？
A.临床试验应依据性别认同实施差异收费  
B.需招募包含不同种族和年龄的研究对象  
C.将调试人群的诊疗费用转嫁给保险公司  
D.建立基因治疗培训基地进行医学能力建设  
E.让社会经济优势群体承担新技术研发成本
【思考过程】：",BCD,Qwen3-235B-A22B,"【思考过程】：社会公正的医学伦理要求强调公平分配医疗资源、避免歧视、促进健康权益平等。B选项通过招募不同种族和年龄的研究对象体现公平参与，符合公正原则；D选项通过医学能力建设提升医疗水平，有助于缩小健康差距；E选项基于“能力支付”原则，由经济优势群体承担更多研发成本，可减轻弱势群体负担。A选项依据性别认同差异收费违反公平原则；C选项将费用转嫁保险公司可能间接加重社会负担，不属于直接体现公正的要求。

【最终答案】：BDE",客观题,BDE
基因干细胞诊疗,"你是一个严格按照要求答题的医学考试考生。请你先展示出完整的思考过程，然后再输出最终答案。每道题目有至少两个选项（A、B）至多五个选项（A、B、C、D、E），题目为不定项选择题，请按照以下格式作答：

【思考过程】：...

【最终答案】：AB / BCE / CD / DE / E / ...（只输出选项的编号，不要写选项内容）

示例：
题目：医疗伦理中四大基本原则是？
A.尊重自主权
B.善意行为
C.无害原则
D.公正原则
E.以上都不是
【思考过程】：本题考查医学伦理的四大基本原则，包括尊重自主权、不伤害原则、行善原则、公正原则。

【最终答案】：ABCD

题目：当未能说服受试者将遗传信息告知相关家人时，研究人员披露该信息需要同时满足以下哪些条件？
A.潜在的伤害是一般性的
B.不告知对家庭成员的伤害概率高，告知后可能有效避免伤害
C.需要获得伦理审查委员会的前置批准
D.应当仅告知避免伤害所必需的信息
E.该遗传信息的披露可获得研究团队的经济利益
【思考过程】：",BD,Qwen3-235B-A22B,"【思考过程】：本题涉及遗传信息披露的伦理条件。根据医学伦理原则，研究人员在未获受试者同意时披露遗传信息需满足：1）不告知将导致家庭成员面临高概率严重伤害，且告知可有效预防（B）；2）仅披露避免伤害所必需的最小信息（D）。选项A（一般性伤害）不符合“严重可预防”的前提；C（伦理委员会前置批准）并非普遍强制要求；E（经济利益）违反伦理目的。因此，正确答案为B和D。

【最终答案】：BD",客观题,BD
基因干细胞诊疗,"你是一个严格按照要求答题的医学考试考生。请你先展示出完整的思考过程，然后再输出最终答案。每道题目有至少两个选项（A、B）至多五个选项（A、B、C、D、E），题目为不定项选择题，请按照以下格式作答：

【思考过程】：...

【最终答案】：AB / BCE / CD / DE / E / ...（只输出选项的编号，不要写选项内容）

示例：
题目：医疗伦理中四大基本原则是？
A.尊重自主权
B.善意行为
C.无害原则
D.公正原则
E.以上都不是
【思考过程】：本题考查医学伦理的四大基本原则，包括尊重自主权、不伤害原则、行善原则、公正原则。

【最终答案】：ABCD

题目：以下哪种情况下研究人员可以共享受试者的遗传数据？
A.遗传数据已加密但保留姓名等标识
B.经伦理审查委员会批准但未去标识化
C.数据已去标识化且符合研究目的
D.受试者未明确反对数据共享
【思考过程】：",C,Qwen3-235B-A22B,"【思考过程】：题目考查遗传数据共享的伦理要求。选项C符合数据去标识化及符合研究目的的核心条件。选项A保留标识符存在隐私风险；选项B未去标识化不符合匿名化要求；选项D未明确反对不等同于知情同意。伦理审查虽重要，但必须与去标识化结合才能确保合规。

【最终答案】：C",客观题,C
基因干细胞诊疗,"你是一个严格按照要求答题的医学考试考生。请你先展示出完整的思考过程，然后再输出最终答案。每道题目有至少两个选项（A、B）至多五个选项（A、B、C、D、E），题目为不定项选择题，请按照以下格式作答：

【思考过程】：...

【最终答案】：AB / BCE / CD / DE / E / ...（只输出选项的编号，不要写选项内容）

示例：
题目：医疗伦理中四大基本原则是？
A.尊重自主权
B.善意行为
C.无害原则
D.公正原则
E.以上都不是
【思考过程】：本题考查医学伦理的四大基本原则，包括尊重自主权、不伤害原则、行善原则、公正原则。

【最终答案】：ABCD

题目：在基因干细胞诊疗研究中，哪些情况下研究人员可以披露受试者拒绝共享的遗传信息给其亲属？
A.潜在伤害非常严重且告知可有效避免伤害，B.仅在需要告知全部基因序列时，C.当家庭成员患病概率较高且存在临床干预方法，D.仅传递避免伤害所必需的信息，E.获得伦理委员会口头许可后直接披露
【思考过程】：",ACD,Qwen3-235B-A22B,"【思考过程】：本题考查基因研究中披露受试者遗传信息的例外情况。根据医学伦理和隐私保护原则，披露需满足以下条件：1.存在严重潜在伤害且告知能有效避免（A）；2.仅传递必要信息（D）；3.家庭成员患病概率高且存在临床干预方法（C）。B和E不符合伦理规范，如伦理委员会需书面许可而非口头。因此，正确选项为A、C、D。

【最终答案】：ACD",客观题,ACD
基因干细胞诊疗,"你是一个严格按照要求答题的医学考试考生。请你先展示出完整的思考过程，然后再输出最终答案。每道题目有至少两个选项（A、B）至多五个选项（A、B、C、D、E），题目为不定项选择题，请按照以下格式作答：

【思考过程】：...

【最终答案】：AB / BCE / CD / DE / E / ...（只输出选项的编号，不要写选项内容）

示例：
题目：医疗伦理中四大基本原则是？
A.尊重自主权
B.善意行为
C.无害原则
D.公正原则
E.以上都不是
【思考过程】：本题考查医学伦理的四大基本原则，包括尊重自主权、不伤害原则、行善原则、公正原则。

【最终答案】：ABCD

题目：根据遗传学研究的隐私保护条款，当研究人员在未能说服受试者将其遗传信息告知相关家人时，可以披露该信息必须符合以下哪些条件？
A.潜在伤害轻微但告知后可降低家庭矛盾
B.伤害发生的概率高且告知能有效避免
C.研究人员认为这样做有利于科学数据积累
D.仅告知避免伤害所必需的信息
E.需经当地卫生行政部门事先批准
【思考过程】：",BD,Qwen3-235B-A22B,"【思考过程】：本题涉及遗传学研究中隐私保护的例外情况。根据国际伦理准则（如《赫尔辛基宣言》及美国遗传学隐私法案），当受试者的遗传信息对家庭成员健康构成高风险伤害且满足特定条件时，研究人员可突破隐私保护限制。核心条件包括：1）伤害概率高且可预防（B）；2）披露信息范围最小化（D）。选项E中的""卫生行政部门批准""并非普遍适用的必要条件；A（伤害轻微）和C（科学利益）均不符合伦理原则。

【最终答案】：BD",客观题,BD
基因干细胞诊疗,"你是一个严格按照要求答题的医学考试考生。请你先展示出完整的思考过程，然后再输出最终答案。每道题目有至少两个选项（A、B）至多五个选项（A、B、C、D、E），题目为不定项选择题，请按照以下格式作答：

【思考过程】：...

【最终答案】：AB / BCE / CD / DE / E / ...（只输出选项的编号，不要写选项内容）

示例：
题目：医疗伦理中四大基本原则是？
A.尊重自主权
B.善意行为
C.无害原则
D.公正原则
E.以上都不是
【思考过程】：本题考查医学伦理的四大基本原则，包括尊重自主权、不伤害原则、行善原则、公正原则。

【最终答案】：ABCD

题目：当研究人员未能说服受试者将遗传信息告知相关家人时，以下哪种情况不符合信息披露条件？
A.潜在的伤害是严重的
B.如不告知，对家庭成员伤害的概率高
C.仅告知避免伤害所必需的信息
D.必须获得伦理审查委员会批准
【思考过程】：",D,Qwen3-235B-A22B,"【思考过程】：本题考查遗传信息向家庭成员披露的伦理条件。根据医学伦理原则，信息披露需满足以下条件：1）潜在伤害严重（A正确）；2）不告知导致伤害概率高（B正确）；3）仅披露必要信息（C正确）。而伦理审查委员会的批准属于程序性要求，但并非直接构成信息披露的必要条件（D错误）。因此，D不符合信息披露的核心条件。

【最终答案】：D",客观题,D
基因干细胞诊疗,"你是一个严格按照要求答题的医学考试考生。请你先展示出完整的思考过程，然后再输出最终答案。每道题目有至少两个选项（A、B）至多五个选项（A、B、C、D、E），题目为不定项选择题，请按照以下格式作答：

【思考过程】：...

【最终答案】：AB / BCE / CD / DE / E / ...（只输出选项的编号，不要写选项内容）

示例：
题目：医疗伦理中四大基本原则是？
A.尊重自主权
B.善意行为
C.无害原则
D.公正原则
E.以上都不是
【思考过程】：本题考查医学伦理的四大基本原则，包括尊重自主权、不伤害原则、行善原则、公正原则。

【最终答案】：ABCD

题目：在基因干细胞诊疗研究中，以下哪些情况下研究人员可以未经受试者授权向其亲属披露遗传信息？
A. 受试者患有可治愈的普通感冒，但拒绝告知家人
B. 潜在伤害较轻，但家庭成员有60%概率患病且告知能避免伤害时
C. 家庭成员的伤害概率高且严重，告知仅传递必要信息避免伤害
D. 意外发现受试者是严重遗传病先证者，家系风险高且有干预方法，但受试者拒绝告知
【思考过程】：",C,Qwen3-235B-A22B,"【思考过程】：本题考查基因干细胞诊疗研究中遗传信息披露的例外情况。根据医学伦理与遗传学研究的相关规定，研究人员通常需保护受试者隐私，但在特定情况下为防止家庭成员遭受严重可预防的伤害，可能允许未经受试者同意披露必要信息。关键条件包括：家庭成员面临高概率且严重的遗传风险、存在有效干预措施、披露范围仅限必要信息。选项C和D符合上述条件，而A和B未满足“高风险或严重后果”或“干预可行性”的要求。

【最终答案】：CD",客观题,CD
基因干细胞诊疗,"你是一个严格按照要求答题的医学考试考生。请你先展示出完整的思考过程，然后再输出最终答案。每道题目有至少两个选项（A、B）至多五个选项（A、B、C、D、E），题目为不定项选择题，请按照以下格式作答：

【思考过程】：...

【最终答案】：AB / BCE / CD / DE / E / ...（只输出选项的编号，不要写选项内容）

示例：
题目：医疗伦理中四大基本原则是？
A.尊重自主权
B.善意行为
C.无害原则
D.公正原则
E.以上都不是
【思考过程】：本题考查医学伦理的四大基本原则，包括尊重自主权、不伤害原则、行善原则、公正原则。

【最终答案】：ABCD

题目：以下关于遗传学数据的处理，哪两项需要再次获得受试者同意？  
A.使用去标识化数据与新研究机构共享，B.将剩余遗传标本用于最初知情同意告知的研究目的，C.利用剩余标本进行超出知情同意范围的其他研究，D.将遗传学检查结果匿名化后发表至学术期刊，E.向受试者亲属披露意外发现的高风险遗传病结果
A. 需要再次知情同意
B. 不需要再次同意（因属于原同意范围）
C. 需要再次同意
D. 不需要再次同意（因已匿名）
E. 需要再次同意并经伦理批准
【思考过程】：",CE,Qwen3-235B-A22B,"【思考过程】：本题考查遗传学研究中需重新获得知情同意的情形。  
- **选项A**：去标识化数据若已无法关联身份，通常无需再次同意（除非原知情未涵盖共享）。  
- **选项B**：剩余标本用于原研究目的，无需再次同意。  
- **选项C**：超出知情范围的研究需重新同意。  
- **选项D**：匿名化数据发表不涉及个人身份，无需再次同意。  
- **选项E**：向亲属披露高风险结果涉及隐私，需再次同意并伦理审批。  

综合分析，**选项C**（超出原范围的研究）和**选项E**（披露意外结果给亲属）需重新获得同意。

【最终答案】：CE",客观题,CE
基因干细胞诊疗,"你是一个严格按照要求答题的医学考试考生。请你先展示出完整的思考过程，然后再输出最终答案。每道题目有至少两个选项（A、B）至多五个选项（A、B、C、D、E），题目为不定项选择题，请按照以下格式作答：

【思考过程】：...

【最终答案】：AB / BCE / CD / DE / E / ...（只输出选项的编号，不要写选项内容）

示例：
题目：医疗伦理中四大基本原则是？
A.尊重自主权
B.善意行为
C.无害原则
D.公正原则
E.以上都不是
【思考过程】：本题考查医学伦理的四大基本原则，包括尊重自主权、不伤害原则、行善原则、公正原则。

【最终答案】：ABCD

题目：在基因诊疗相关研究过程中，若无法说服受试者告知家人遗传风险信息，研究者可以披露该信息的条件包括以下哪些？
A.潜在伤害仅为轻微不适
B.不告知对家庭成伤害的可能性高
C.仅提供避免伤害所必需的信息
D.披露全部原始基因序列数据
E.伤害概率低但存在干预措施
【思考过程】：",BC,Qwen3-235B-A22B,"【思考过程】：本题考查基因诊疗研究中披露遗传风险信息的伦理条件。需满足：1. 不告知将导致家庭成员面临高风险伤害（B）；2. 披露的信息仅限于避免伤害所必需（C）。A（伤害轻微无需披露）、D（过度披露原始数据）、E（伤害概率低）不符合伦理准则。

【最终答案】：BC",客观题,BC
基因干细胞诊疗,"你是一个严格按照要求答题的医学考试考生。请你先展示出完整的思考过程，然后再输出最终答案。每道题目有至少两个选项（A、B）至多五个选项（A、B、C、D、E），题目为不定项选择题，请按照以下格式作答：

【思考过程】：...

【最终答案】：AB / BCE / CD / DE / E / ...（只输出选项的编号，不要写选项内容）

示例：
题目：医疗伦理中四大基本原则是？
A.尊重自主权
B.善意行为
C.无害原则
D.公正原则
E.以上都不是
【思考过程】：本题考查医学伦理的四大基本原则，包括尊重自主权、不伤害原则、行善原则、公正原则。

【最终答案】：ABCD

题目：根据隐私保护相关规定，当未能说服受试者向亲属披露遗传信息时，研究人员可以披露该信息的必要条件包括以下哪些？
A.潜在的伤害是严重的
B.如不告知对家庭成员的伤害概率高且告知可有效避免
C.仅告知避免伤害必需的信息
D.需获得伦理审查委员会批准
E.受试者签署了书面豁免协议
【思考过程】：",ABC,Qwen3-235B-A22B,"【思考过程】：根据隐私保护相关规定，当受试者拒绝披露遗传信息且无法说服时，研究人员披露信息的必要条件需满足严格条件。A选项“潜在伤害严重”是披露的正当性基础；B选项“不告知将导致高概率严重伤害且告知可有效避免”符合风险预防原则；C选项“仅披露必要信息”遵循最小化披露原则；D选项“需伦理委员会批准”确保程序合规性。E选项“受试者签署豁免协议”与题干矛盾（受试者已拒绝披露），故不成立。

【最终答案】：ABCD",客观题,ABCD
基因干细胞诊疗,"你是一个严格按照要求答题的医学考试考生。请你先展示出完整的思考过程，然后再输出最终答案。每道题目有至少两个选项（A、B）至多五个选项（A、B、C、D、E），题目为不定项选择题，请按照以下格式作答：

【思考过程】：...

【最终答案】：AB / BCE / CD / DE / E / ...（只输出选项的编号，不要写选项内容）

示例：
题目：医疗伦理中四大基本原则是？
A.尊重自主权
B.善意行为
C.无害原则
D.公正原则
E.以上都不是
【思考过程】：本题考查医学伦理的四大基本原则，包括尊重自主权、不伤害原则、行善原则、公正原则。

【最终答案】：ABCD

题目：当研究者未能说服受试者向亲属披露遗传信息时，下列哪个条件不是允许研究人员自行披露的必要条件？
A.潜在伤害的性质是严重的
B.伤害发生概率在未告知时将超过60%
C.仅告知避免伤害所必需的字段信息
D.已获得受试者明确书面同意
E.告知行为可有效避免伤害发生
【思考过程】：",D,Qwen3-235B-A22B,"【思考过程】：本题考查遗传信息强制披露的伦理条件。必要条件通常包括：潜在伤害的严重性（A）、伤害发生的高概率（但无需具体数值如60%）（B）、仅披露必要信息（C）、告知能有效避免伤害（E）。而D选项“已获受试者同意”与题目情境矛盾（受试者未同意），因此D不是必要条件。此外，B选项中的60%概率并非普遍接受的必要条件，仅作为干扰项存在。因此，B和D均不符合必要条件。

【最终答案】：BD",客观题,BD
基因干细胞诊疗,"你是一个严格按照要求答题的医学考试考生。请你先展示出完整的思考过程，然后再输出最终答案。每道题目有至少两个选项（A、B）至多五个选项（A、B、C、D、E），题目为不定项选择题，请按照以下格式作答：

【思考过程】：...

【最终答案】：AB / BCE / CD / DE / E / ...（只输出选项的编号，不要写选项内容）

示例：
题目：医疗伦理中四大基本原则是？
A.尊重自主权
B.善意行为
C.无害原则
D.公正原则
E.以上都不是
【思考过程】：本题考查医学伦理的四大基本原则，包括尊重自主权、不伤害原则、行善原则、公正原则。

【最终答案】：ABCD

题目：下列哪一项不属于研究人员在未获受试者同意时披露遗传信息给亲属的前提条件？
A.潜在伤害具有严重性
B.不告知时家庭成员受伤害概率极高
C.仅提供避免伤害所必需的信息
D.必须获得伦理委员会投票批准
E.告知后可能有效避免伤害
【思考过程】：",D,Qwen3-235B-A22B,"【思考过程】：本题考查研究伦理中披露遗传信息给亲属的前提条件。根据伦理原则，披露需满足以下条件：1.潜在伤害具有严重性（A）；2.不告知时亲属受伤害概率极高（B）；3.仅披露避免伤害所必需的信息（C）；4.告知后可有效避免伤害（E）。而伦理委员会投票批准（D）属于程序要求，并非前提条件本身。

【最终答案】：D",客观题,D
基因干细胞诊疗,"你是一个严格按照要求答题的医学考试考生。请你先展示出完整的思考过程，然后再输出最终答案。每道题目有至少两个选项（A、B）至多五个选项（A、B、C、D、E），题目为不定项选择题，请按照以下格式作答：

【思考过程】：...

【最终答案】：AB / BCE / CD / DE / E / ...（只输出选项的编号，不要写选项内容）

示例：
题目：医疗伦理中四大基本原则是？
A.尊重自主权
B.善意行为
C.无害原则
D.公正原则
E.以上都不是
【思考过程】：本题考查医学伦理的四大基本原则，包括尊重自主权、不伤害原则、行善原则、公正原则。

【最终答案】：ABCD

题目：在遗传学研究中，当研究者意外发现受试者携带严重遗传病且家系发病风险较高时，以下哪些措施符合伦理要求？
A.立即将全部基因序列数据公开发布以寻求全球帮助
B.建议受试者向相关亲属披露信息并接受诊治
C.未经受试者同意即可直接告知其家庭成员所有遗传信息
D.只要潜在伤害严重，无需满足其他条件即可主动披露
E.仅告知亲属避免伤害所必需的信息且确保符合伤害严重性、高概率性、信息最小化三项条件
【思考过程】：",BE,Qwen3-235B-A22B,"【思考过程】：本题考查遗传学研究中处理意外发现的伦理原则。涉及隐私保护与公共利益的平衡：A选项公开全部数据违反隐私保护；B选项尊重受试者自主权并促进家族成员知情；C选项未经同意直接披露违反保密义务；D选项忽略必要程序和条件；E选项符合伦理指南中""必要最小化披露""的条件（如美国生物伦理委员会提出的严重性、高概率性、信息最小化原则）。

【最终答案】：BE",客观题,BE
基因干细胞诊疗,"你是一个严格按照要求答题的医学考试考生。请你先展示出完整的思考过程，然后再输出最终答案。每道题目有至少两个选项（A、B）至多五个选项（A、B、C、D、E），题目为不定项选择题，请按照以下格式作答：

【思考过程】：...

【最终答案】：AB / BCE / CD / DE / E / ...（只输出选项的编号，不要写选项内容）

示例：
题目：医疗伦理中四大基本原则是？
A.尊重自主权
B.善意行为
C.无害原则
D.公正原则
E.以上都不是
【思考过程】：本题考查医学伦理的四大基本原则，包括尊重自主权、不伤害原则、行善原则、公正原则。

【最终答案】：ABCD

题目：以下哪种做法有违医学伦理？
A.仅对受试者家属公示临床研究数据
B.未经严格独立审查就将干细胞疗法投入市场
C.使用未经实验性干预测试的细胞疗法
D.由赞助方承担临床研究责任评估
【思考过程】：",B,Qwen3-235B-A22B,"【思考过程】：本题考查医学伦理的违规行为。选项A未对受试者本人公示数据，违反知情权原则；选项B未经独立审查即上市疗法，违反科学验证和伦理审查要求；选项C直接使用未经测试的疗法，违反风险控制原则；选项D由利益相关方自行评估，存在利益冲突，违背独立监督原则。上述行为均不符合医学伦理的基本原则。

【最终答案】：ABCD",客观题,ABCD
基因干细胞诊疗,"你是一个严格按照要求答题的医学考试考生。请你先展示出完整的思考过程，然后再输出最终答案。每道题目有至少两个选项（A、B）至多五个选项（A、B、C、D、E），题目为不定项选择题，请按照以下格式作答：

【思考过程】：...

【最终答案】：AB / BCE / CD / DE / E / ...（只输出选项的编号，不要写选项内容）

示例：
题目：医疗伦理中四大基本原则是？
A.尊重自主权
B.善意行为
C.无害原则
D.公正原则
E.以上都不是
【思考过程】：本题考查医学伦理的四大基本原则，包括尊重自主权、不伤害原则、行善原则、公正原则。

【最终答案】：ABCD

题目：在法定监护人代理同意的基因干细胞临床研究中，若风险与受益比发生重大改变，研究人员应采取的措施是？
A.继续研究无需重新获取同意
B.暂停研究直到风险降至最低
C.必须重新获得法定监护人知情同意
D.只需通知法定监护人变更内容
【思考过程】：",C,Qwen3-235B-A22B,"【思考过程】：根据临床研究伦理规范，当研究的风险与受益比发生重大变化时，必须重新进行知情同意程序。即使由法定监护人代理同意，任何实质性变更都需再次获得监护人的明确知情同意，以确保其基于最新信息做出自主决策。选项C符合伦理要求，而选项A（不重新同意）、B（过度限制）、D（仅通知）均不符合知情同意的完整程序。

【最终答案】：C",客观题,C
基因干细胞诊疗,"你是一个严格按照要求答题的医学考试考生。请你先展示出完整的思考过程，然后再输出最终答案。每道题目有至少两个选项（A、B）至多五个选项（A、B、C、D、E），题目为不定项选择题，请按照以下格式作答：

【思考过程】：...

【最终答案】：AB / BCE / CD / DE / E / ...（只输出选项的编号，不要写选项内容）

示例：
题目：医疗伦理中四大基本原则是？
A.尊重自主权
B.善意行为
C.无害原则
D.公正原则
E.以上都不是
【思考过程】：本题考查医学伦理的四大基本原则，包括尊重自主权、不伤害原则、行善原则、公正原则。

【最终答案】：ABCD

题目：根据干细胞临床研究的相关法规，下列哪类人群不允许作为受试者被招募？
A.孕妇
B.哺乳期妇女
C.18岁以下的未成年人
D.患有严重基础疾病的患者
E.健康状况良好的老年人
【思考过程】：",A,Qwen3-235B-A22B,"【思考过程】：根据《干细胞临床研究管理办法（试行）》及相关伦理原则，孕妇（A）和哺乳期妇女（B）因可能对胎儿或婴儿造成风险而被禁止招募；18岁以下未成年人（C）因属于无完全民事行为能力人群且需特殊保护，通常也被禁止参与高风险临床研究。患有严重基础疾病的患者（D）可能因健康状况不稳定被排除，但并非法规绝对禁止，而是取决于研究设计；健康老年人（E）无绝对禁忌。

【最终答案】：ABC",客观题,ABC
基因干细胞诊疗,"你是一个严格按照要求答题的医学考试考生。请你先展示出完整的思考过程，然后再输出最终答案。每道题目有至少两个选项（A、B）至多五个选项（A、B、C、D、E），题目为不定项选择题，请按照以下格式作答：

【思考过程】：...

【最终答案】：AB / BCE / CD / DE / E / ...（只输出选项的编号，不要写选项内容）

示例：
题目：医疗伦理中四大基本原则是？
A.尊重自主权
B.善意行为
C.无害原则
D.公正原则
E.以上都不是
【思考过程】：本题考查医学伦理的四大基本原则，包括尊重自主权、不伤害原则、行善原则、公正原则。

【最终答案】：ABCD

题目：以下哪些是临床研究中使用胚胎来源干细胞时必须严格审查的方面？
A.来源的合法合规性
B.治疗的有效性
C.使用的合规性
D.患者的年龄是否适应该诊疗
E.是否通过伦理委员会审批
【思考过程】：",AC,Qwen3-235B-A22B,"【思考过程】：临床研究中使用胚胎来源干细胞时，必须严格审查的方面包括来源的合法性（A）、使用过程中的合规性（C）以及是否通过伦理委员会审批（E）。治疗的有效性（B）和患者年龄（D）虽重要，但不属于必须严格审查的核心伦理或法规要求。

【最终答案】：ACE",客观题,ACE
基因干细胞诊疗,"你是一个严格按照要求答题的医学考试考生。请你先展示出完整的思考过程，然后再输出最终答案。每道题目有至少两个选项（A、B）至多五个选项（A、B、C、D、E），题目为不定项选择题，请按照以下格式作答：

【思考过程】：...

【最终答案】：AB / BCE / CD / DE / E / ...（只输出选项的编号，不要写选项内容）

示例：
题目：医疗伦理中四大基本原则是？
A.尊重自主权
B.善意行为
C.无害原则
D.公正原则
E.以上都不是
【思考过程】：本题考查医学伦理的四大基本原则，包括尊重自主权、不伤害原则、行善原则、公正原则。

【最终答案】：ABCD

题目：以下哪项不属于使用超出常规研究的干细胞干预必须满足的条件？
A.基于大量案例支持的治疗方案
B.受独立专家团队的审查监督
C.以患者的最佳利益为出发点
D.治疗方案具有可重复验证的证据支持
E.提前进行系统评估后再大规模应用
【思考过程】：",A,Qwen3-235B-A22B,"【思考过程】：使用超出常规研究的干细胞干预需满足以下条件：1.基于充分的科学依据（如可重复验证的证据，D正确）；2.需独立专家团队审查监督（B正确）；3.以患者最佳利益为出发点（C正确）；4.系统评估后才能大规模应用（E正确）。选项A提到“基于大量案例支持的治疗方案”，但案例数量多并不等同于科学严谨性，若缺乏可重复验证的证据，则不符合规范要求。因此A不属于必须满足的条件。

【最终答案】：A",客观题,A
数字医疗,"你是一个严格按照要求答题的医学考试考生。请你先展示出完整的思考过程，然后再输出最终答案。每道题目有至少两个选项（A、B）至多五个选项（A、B、C、D、E），题目为不定项选择题，请按照以下格式作答：

【思考过程】：...

【最终答案】：AB / BCE / CD / DE / E / ...（只输出选项的编号，不要写选项内容）

示例：
题目：医疗伦理中四大基本原则是？
A.尊重自主权
B.善意行为
C.无害原则
D.公正原则
E.以上都不是
【思考过程】：本题考查医学伦理的四大基本原则，包括尊重自主权、不伤害原则、行善原则、公正原则。

【最终答案】：ABCD

题目：在数字医疗场景中，根据相关法律法规，下列哪种情形不属于组织或个人承担法定救助义务的情形？
A.患者因远程诊断系统故障导致健康数据中断，突发呼吸困难
B.网络药房错误推送过量用药方案导致用户肝肾功能受损
C.未与患者建立医疗关系的路人在公共场所突发心搏骤停
D.AI医疗设备操作员发现用户上传的数据显示其有急性脑卒中风险
【思考过程】：",C,Qwen3-235B-A22B,"【思考过程】：本题考查数字医疗场景中法定救助义务的适用情形。根据《民法典》相关规定，法定救助义务通常适用于：1）医疗机构已建立医疗合同关系的情形；2）因过错行为导致他人损害的情形；3）特定职责人员的紧急救助义务。选项A中远程诊断系统故障属于服务提供方的技术问题，需承担救助义务；选项B网络药房错误推送用药方案属于过错行为导致损害，需救助；选项D AI操作员发现用户风险属于专业人员的职责范围，需救助；选项C中“未建立医疗关系的路人”在法律上无强制救助义务（见危不救罪仅适用于负有特定职责人员）。因此选项C不属于法定救助义务情形。

【最终答案】：C",客观题,C
数字医疗,"你是一个严格按照要求答题的医学考试考生。请你先展示出完整的思考过程，然后再输出最终答案。每道题目有至少两个选项（A、B）至多五个选项（A、B、C、D、E），题目为不定项选择题，请按照以下格式作答：

【思考过程】：...

【最终答案】：AB / BCE / CD / DE / E / ...（只输出选项的编号，不要写选项内容）

示例：
题目：医疗伦理中四大基本原则是？
A.尊重自主权
B.善意行为
C.无害原则
D.公正原则
E.以上都不是
【思考过程】：本题考查医学伦理的四大基本原则，包括尊重自主权、不伤害原则、行善原则、公正原则。

【最终答案】：ABCD

题目：某自然人生前未反对器官捐献，其去世后，配偶与父母达成一致但无法联系成年子女。以下哪种处理方式符合相关规定？
A.配偶、父母、成年子女共同书面同意捐献
B.配偶和父母书面同意捐献不需联系成年子女
C.配偶、父母、成年子女口头同意捐献
D.医院直接按家属意愿处理无需书面材料
E.医生暗示捐献可获取经济补偿以促成决定
【思考过程】：",A,Qwen3-235B-A22B,"【思考过程】：本题考查《人体器官移植条例》中关于器官捐献的法定程序。根据法规，若自然人生前未明确反对器官捐献，其去世后，配偶、父母及成年子女需共同书面同意方可捐献。选项A要求全体近亲属共同书面同意，符合法规要求；选项B未联系成年子女，违反法定程序；选项C的口头同意不具备法律效力；选项D忽视书面材料的必要性，错误；选项E涉及经济补偿，直接违反禁止有偿器官捐献的规定。因此，只有选项A符合规定。

【最终答案】：A",客观题,A
数字医疗,"你是一个严格按照要求答题的医学考试考生。请你先展示出完整的思考过程，然后再输出最终答案。每道题目有至少两个选项（A、B）至多五个选项（A、B、C、D、E），题目为不定项选择题，请按照以下格式作答：

【思考过程】：...

【最终答案】：AB / BCE / CD / DE / E / ...（只输出选项的编号，不要写选项内容）

示例：
题目：医疗伦理中四大基本原则是？
A.尊重自主权
B.善意行为
C.无害原则
D.公正原则
E.以上都不是
【思考过程】：本题考查医学伦理的四大基本原则，包括尊重自主权、不伤害原则、行善原则、公正原则。

【最终答案】：ABCD

题目：以下哪种行为不属于违反《禁止买卖人体细胞组织器官相关规定》的情形？
A.私自出售个人存储的亲属遗体器官
B.通过合法机构接收科研捐赠的人体组织样本
C.以研究名义收购活体干细胞
D.医院间共享未使用的人造骨骼假体材料
【思考过程】：",BD,Qwen3-235B-A22B,"【思考过程】：本题考查《禁止买卖人体细胞组织器官相关规定》的例外情形。A选项涉及私自出售遗体器官，属于买卖行为，违规。B选项通过合法机构接收科研捐赠的组织样本，符合合法捐赠程序，不违规。C选项以研究名义收购活体干细胞，若涉及购买则违反禁止买卖的规定。D选项医院间共享的人造骨骼假体属于人工材料，不属人体组织器官范畴，因此不违规。

【最终答案】：BD",客观题,BD
数字医疗,"你是一个严格按照要求答题的医学考试考生。请你先展示出完整的思考过程，然后再输出最终答案。每道题目有至少两个选项（A、B）至多五个选项（A、B、C、D、E），题目为不定项选择题，请按照以下格式作答：

【思考过程】：...

【最终答案】：AB / BCE / CD / DE / E / ...（只输出选项的编号，不要写选项内容）

示例：
题目：医疗伦理中四大基本原则是？
A.尊重自主权
B.善意行为
C.无害原则
D.公正原则
E.以上都不是
【思考过程】：本题考查医学伦理的四大基本原则，包括尊重自主权、不伤害原则、行善原则、公正原则。

【最终答案】：ABCD

题目：在数字医疗领域进行新型诊疗算法临床试验时，以下哪些行为符合我国相关法规要求？
A.获得主管部门批文但未完成伦理审查即开展试验
B.向受试者收取设备使用费
C.将试验风险概要告知受试者后仅取得口头同意
D.向受试者监护人说明全部风险并取得书面签字
E.使用获批资金覆盖全部试验成本
【思考过程】：",DE,Qwen3-235B-A22B,"【思考过程】：本题考查我国数字医疗临床试验法规。根据《医疗器械临床试验质量管理规范》及《民法典》相关规定：  
1. 伦理审查与主管部门批文缺一不可（A错误）；  
2. 试验相关费用不得向受试者转嫁（B错误）；  
3. 知情同意必须采用书面形式（C错误）；  
4. 监护人书面知情同意符合特殊人群保护原则（D正确）；  
5. 使用获批资金支付试验成本符合经费管理要求（E正确）。  

【最终答案】：DE",客观题,DE
数字医疗,"你是一个严格按照要求答题的医学考试考生。请你先展示出完整的思考过程，然后再输出最终答案。每道题目有至少两个选项（A、B）至多五个选项（A、B、C、D、E），题目为不定项选择题，请按照以下格式作答：

【思考过程】：...

【最终答案】：AB / BCE / CD / DE / E / ...（只输出选项的编号，不要写选项内容）

示例：
题目：医疗伦理中四大基本原则是？
A.尊重自主权
B.善意行为
C.无害原则
D.公正原则
E.以上都不是
【思考过程】：本题考查医学伦理的四大基本原则，包括尊重自主权、不伤害原则、行善原则、公正原则。

【最终答案】：ABCD

题目：以下哪种情形违反了与人体基因、人体胚胎相关医学活动的法律规定？
A.研究导致实验志愿者肝功能异常
B.将基因编辑数据非法售卖给境外机构
C.公开胚胎来源研究对象的个人隐私
D.未经申请专利直接公开新技术方案
【思考过程】：",ABC,Qwen3-235B-A22B,"【思考过程】：本题考查与人体基因、胚胎相关医学活动的法律规定。根据《人类遗传资源管理条例》及《民法典》相关规定：  
A项，研究导致志愿者肝功能异常可能违反受试者安全保障义务；  
B项非法售卖基因编辑数据至境外违反遗传资源出境限制；  
C项公开胚胎来源对象隐私侵犯个人信息保护权；  
D项未经专利申请公开技术方案属于专利法调整范畴，与基因/胚胎特别规定无直接关联。

【最终答案】：ABC",客观题,ABC
数字医疗,"你是一个严格按照要求答题的医学考试考生。请你先展示出完整的思考过程，然后再输出最终答案。每道题目有至少两个选项（A、B）至多五个选项（A、B、C、D、E），题目为不定项选择题，请按照以下格式作答：

【思考过程】：...

【最终答案】：AB / BCE / CD / DE / E / ...（只输出选项的编号，不要写选项内容）

示例：
题目：医疗伦理中四大基本原则是？
A.尊重自主权
B.善意行为
C.无害原则
D.公正原则
E.以上都不是
【思考过程】：本题考查医学伦理的四大基本原则，包括尊重自主权、不伤害原则、行善原则、公正原则。

【最终答案】：ABCD

题目：在数字医疗诊疗活动中，若因医务人员过错导致患者损害，赔偿责任应如何承担？
A.由涉事医务人员个人承担
B.由医疗机构和涉事医务人员共同承担
C.由医疗机构承担全部责任
D.无需赔偿
【思考过程】：",C,Qwen3-235B-A22B,"【思考过程】：根据《民法典》侵权责任编相关规定，医疗机构作为用人单位，其医务人员在诊疗活动中因过错导致患者损害的，应由医疗机构承担替代责任。医务人员的职务行为后果归属于医疗机构，除非存在重大过失或故意情形，一般不直接追究个人责任。因此，选项C正确，而选项B（共同承担）无法律依据。

【最终答案】：C",客观题,C
数字医疗,"你是一个严格按照要求答题的医学考试考生。请你先展示出完整的思考过程，然后再输出最终答案。每道题目有至少两个选项（A、B）至多五个选项（A、B、C、D、E），题目为不定项选择题，请按照以下格式作答：

【思考过程】：...

【最终答案】：AB / BCE / CD / DE / E / ...（只输出选项的编号，不要写选项内容）

示例：
题目：医疗伦理中四大基本原则是？
A.尊重自主权
B.善意行为
C.无害原则
D.公正原则
E.以上都不是
【思考过程】：本题考查医学伦理的四大基本原则，包括尊重自主权、不伤害原则、行善原则、公正原则。

【最终答案】：ABCD

题目：在数字医疗场景下，医务人员需要实施手术时，以下哪种情况属于其必须向患者说明的内容？
A.病情诊断的基本结论
B.医疗风险的具体细节
C.替代医疗方案的可行性
D.治疗费用的精确预估
E.个人从业经验及手术成功率
【思考过程】：",BC,Qwen3-235B-A22B,"【思考过程】：根据医疗知情同意原则，医务人员必须向患者说明病情诊断（A）、手术风险细节（B）及替代方案可行性（C），以确保患者知情权和自主决策权。治疗费用的精确预估（D）和个人从业经验（E）虽重要，但通常不属于法律强制要求的必须说明内容。

【最终答案】：ABC",客观题,ABC
数字医疗,"你是一个严格按照要求答题的医学考试考生。请你先展示出完整的思考过程，然后再输出最终答案。每道题目有至少两个选项（A、B）至多五个选项（A、B、C、D、E），题目为不定项选择题，请按照以下格式作答：

【思考过程】：...

【最终答案】：AB / BCE / CD / DE / E / ...（只输出选项的编号，不要写选项内容）

示例：
题目：医疗伦理中四大基本原则是？
A.尊重自主权
B.善意行为
C.无害原则
D.公正原则
E.以上都不是
【思考过程】：本题考查医学伦理的四大基本原则，包括尊重自主权、不伤害原则、行善原则、公正原则。

【最终答案】：ABCD

题目：以下哪种情况符合紧急医疗措施实施的法律规定？
A.患者经济困难拒绝付费，未获家属签字即实施手術
B.患者昏迷但未达生命危险，主治医生未经请示使用实验性药物
C.家属拒绝签字但患者意识清醒，医务科主任批准进行介入治疗
D.因爆炸烧伤生命垂危且亲属失联，经院长批准立即实施气管切开
E.患者曾口头同意手术，但近亲属阻止抢救，急诊值班组长当机立断开展救治
【思考过程】：",D,Qwen3-235B-A22B,"【思考过程】：根据《民法典》第1221条，紧急情况下实施医疗措施需满足两个条件：1. 患者生命垂危需立即抢救；2. 无法取得患者或其近亲属同意，且需经医疗机构负责人批准。分析各选项：
- **选项D**：患者生命垂危且亲属失联，符合紧急情况，经院长（负责人）批准后实施气管切开，符合法律规定。
- **选项E**：患者曾口头同意，表明已取得患者同意，即使近亲属阻止，医院仍可实施救治，符合法律规定。
- 其他选项（A、B、C）均不符合“紧急情况”或“无法取得同意”的条件，或未履行合法程序。

【最终答案】：DE",客观题,DE
数字医疗,"你是一个严格按照要求答题的医学考试考生。请你先展示出完整的思考过程，然后再输出最终答案。每道题目有至少两个选项（A、B）至多五个选项（A、B、C、D、E），题目为不定项选择题，请按照以下格式作答：

【思考过程】：...

【最终答案】：AB / BCE / CD / DE / E / ...（只输出选项的编号，不要写选项内容）

示例：
题目：医疗伦理中四大基本原则是？
A.尊重自主权
B.善意行为
C.无害原则
D.公正原则
E.以上都不是
【思考过程】：本题考查医学伦理的四大基本原则，包括尊重自主权、不伤害原则、行善原则、公正原则。

【最终答案】：ABCD

题目：在数字医疗诊疗活动中，以下哪种情形可能被认定为医务人员未尽到与当时医疗水平相应的诊疗义务？
A.按三年前发布的行业标准实施诊疗造成损害
B.因未采纳临床试验阶段的AI预测模型而误诊
C.未接入最新上市的远程监测设备延误治疗
D.未向患者推荐尚未纳入医保目录的数字疗法工具
【思考过程】：",A,Qwen3-235B-A22B,"【思考过程】：本题考查医务人员在数字医疗中未尽诊疗义务的情形。根据医疗过失判定标准，医务人员需遵循当时的诊疗规范和行业标准。选项A中，若三年前的标准已被更新但仍在使用，则未遵循最新标准，构成过失；选项C若远程监测设备已属必要诊疗手段而未接入，则可能延误治疗，但题目未明确其普及程度，需谨慎判断。选项B的AI模型处于临床试验阶段，非标准诊疗手段；选项D未推荐未纳入医保的工具与诊疗义务无直接关联。综合分析，选项A更可能构成未尽义务，而选项C可能因设备新颖性而不成立。

【最终答案】：A",客观题,A
数字医疗,"你是一个严格按照要求答题的医学考试考生。请你先展示出完整的思考过程，然后再输出最终答案。每道题目有至少两个选项（A、B）至多五个选项（A、B、C、D、E），题目为不定项选择题，请按照以下格式作答：

【思考过程】：...

【最终答案】：AB / BCE / CD / DE / E / ...（只输出选项的编号，不要写选项内容）

示例：
题目：医疗伦理中四大基本原则是？
A.尊重自主权
B.善意行为
C.无害原则
D.公正原则
E.以上都不是
【思考过程】：本题考查医学伦理的四大基本原则，包括尊重自主权、不伤害原则、行善原则、公正原则。

【最终答案】：ABCD

题目：患者在数字医疗诊疗活动中出现损害，以下哪种情形可直接推定医疗机构有过错？
A.医疗机构违反诊疗规范的规定
B.隐匿与纠纷有关的病历资料
C.未及时更新5G远程医疗设备
D.销毁病历资料违法
E.未向患者解释手术风险
【思考过程】：",ABD,Qwen3-235B-A22B,"【思考过程】：根据《民法典》相关规定，医疗机构在以下情形可被直接推定有过错：违反诊疗规范（A）、隐匿与纠纷相关的病历资料（B）、违法销毁病历资料（D）。未及时更新设备（C）需结合具体因果关系判断，未解释手术风险（E）属于未履行告知义务情形，但不直接推定过错。

【最终答案】：ABD",客观题,ABD
数字医疗,"你是一个严格按照要求答题的医学考试考生。请你先展示出完整的思考过程，然后再输出最终答案。每道题目有至少两个选项（A、B）至多五个选项（A、B、C、D、E），题目为不定项选择题，请按照以下格式作答：

【思考过程】：...

【最终答案】：AB / BCE / CD / DE / E / ...（只输出选项的编号，不要写选项内容）

示例：
题目：医疗伦理中四大基本原则是？
A.尊重自主权
B.善意行为
C.无害原则
D.公正原则
E.以上都不是
【思考过程】：本题考查医学伦理的四大基本原则，包括尊重自主权、不伤害原则、行善原则、公正原则。

【最终答案】：ABCD

题目：患者因药品缺陷等原因造成损害时，可以向以下哪些机构请求赔偿？
A.药品上市许可持有人
B.药品生产者
C.血液提供机构
D.医疗机构
E.医疗器械销售机构
【思考过程】：",ABCD,Qwen3-235B-A22B,"【思考过程】：根据《中华人民共和国民法典》第一千二百二十三条规定，因药品、消毒产品、医疗器械存在缺陷造成患者损害的，患者可以向药品上市许可持有人、生产者、医疗机构请求赔偿。同时，血液提供机构若存在过错（如血液检测或保存不当），也可能承担赔偿责任。E选项中的医疗器械销售机构与题干中的“药品缺陷”无直接关联，故不选。

【最终答案】：ABCD",客观题,ABCD
数字医疗,"你是一个严格按照要求答题的医学考试考生。请你先展示出完整的思考过程，然后再输出最终答案。每道题目有至少两个选项（A、B）至多五个选项（A、B、C、D、E），题目为不定项选择题，请按照以下格式作答：

【思考过程】：...

【最终答案】：AB / BCE / CD / DE / E / ...（只输出选项的编号，不要写选项内容）

示例：
题目：医疗伦理中四大基本原则是？
A.尊重自主权
B.善意行为
C.无害原则
D.公正原则
E.以上都不是
【思考过程】：本题考查医学伦理的四大基本原则，包括尊重自主权、不伤害原则、行善原则、公正原则。

【最终答案】：ABCD

题目：患者在数字医疗平台接受诊疗受到损害时，医疗机构在下列哪种情形下不承担赔偿责任？
A.患者家属拒绝签署电子知情同意书导致诊疗中断
B.急诊会诊AI系统因网络延迟未能提供最优诊疗方案
C.医务人员通过远程监护设备在抢救心梗患者时误判数据
D.患者基因突变引发的罕见病未被数字诊疗模型识别
E.家属擅自修改患者电子健康档案中的过敏史信息
【思考过程】：",DE,Qwen3-235B-A22B,"【思考过程】：本题考查医疗机构在数字医疗平台中免责的情形。根据《民法典》第1224条及相关法律，医疗机构免责情形包括：患者或家属不配合诊疗、紧急情况下已尽合理诊疗义务、限于诊疗水平难以治疗，以及患者方自身过错导致损害。  
- A选项：家属拒绝签署知情同意书属于患者方不配合，医疗机构免责。  
- B选项：AI系统网络延迟若属医疗机构未尽技术保障义务，需承担责任；若属不可抗力或第三方原因，可能免责，但题目未明确具体原因，倾向于医疗机构需负责。  
- C选项：医务人员误判数据属医疗过失，医疗机构需赔偿。  
- D选项：基因突变导致的罕见病未被识别，属于医学知识局限，符合“限于诊疗水平”情形，免责。  
- E选项：家属篡改病历信息属患者方过错，医疗机构免责。  

【最终答案】：ADE",客观题,ADE
数字医疗,"你是一个严格按照要求答题的医学考试考生。请你先展示出完整的思考过程，然后再输出最终答案。每道题目有至少两个选项（A、B）至多五个选项（A、B、C、D、E），题目为不定项选择题，请按照以下格式作答：

【思考过程】：...

【最终答案】：AB / BCE / CD / DE / E / ...（只输出选项的编号，不要写选项内容）

示例：
题目：医疗伦理中四大基本原则是？
A.尊重自主权
B.善意行为
C.无害原则
D.公正原则
E.以上都不是
【思考过程】：本题考查医学伦理的四大基本原则，包括尊重自主权、不伤害原则、行善原则、公正原则。

【最终答案】：ABCD

题目：以下哪些资料属于医疗机构必须按规定填写并妥善保管的病历资料？
A.住院志
B.护理记录
C.检验报告
D.手术及麻醉记录
E.门诊挂号记录
【思考过程】：",ABCD,Qwen3-235B-A22B,"【思考过程】：根据《医疗机构管理条例》及《病历书写基本规范》，医疗机构必须填写并保存的病历资料包括住院志（患者入院时的基本信息和病情记录）、护理记录（患者护理过程和病情变化）、检验报告（诊断和治疗的关键依据）、手术及麻醉记录（手术操作和麻醉管理的详细记录）。门诊挂号记录属于医院管理流程，不直接属于病历资料。

【最终答案】：ABCD",客观题,ABCD
数字医疗,"你是一个严格按照要求答题的医学考试考生。请你先展示出完整的思考过程，然后再输出最终答案。每道题目有至少两个选项（A、B）至多五个选项（A、B、C、D、E），题目为不定项选择题，请按照以下格式作答：

【思考过程】：...

【最终答案】：AB / BCE / CD / DE / E / ...（只输出选项的编号，不要写选项内容）

示例：
题目：医疗伦理中四大基本原则是？
A.尊重自主权
B.善意行为
C.无害原则
D.公正原则
E.以上都不是
【思考过程】：本题考查医学伦理的四大基本原则，包括尊重自主权、不伤害原则、行善原则、公正原则。

【最终答案】：ABCD

题目：关于医疗机构保护患者隐私的责任，以下哪些情况需承担侵权责任？
A.未经患者书面同意公开其完整病历资料
B.在患者明确同意后向保险公司提供部分诊断信息
C.医务人员因疏忽导致患者家庭住址信息泄露
D.为应对突发公共卫生事件，未经同意公布患者姓名及疾病类型
【思考过程】：",AC,Qwen3-235B-A22B,"【思考过程】：本题考查医疗机构在患者隐私保护中的侵权责任。根据《民法典》相关规定：  
1. 未经患者同意（书面或明确同意）泄露其隐私信息（如完整病历资料），属于侵权（选项A）。  
2. 选项B已获得患者明确同意，不构成侵权。  
3. 因医务人员过失导致患者信息泄露（如住址），医疗机构需承担过错责任（选项C）。  
4. 选项D涉及公共利益（如公共卫生事件），法律允许在必要范围内公开信息，不构成侵权。  

【最终答案】：AC",客观题,AC
数字医疗,"你是一个严格按照要求答题的医学考试考生。请你先展示出完整的思考过程，然后再输出最终答案。每道题目有至少两个选项（A、B）至多五个选项（A、B、C、D、E），题目为不定项选择题，请按照以下格式作答：

【思考过程】：...

【最终答案】：AB / BCE / CD / DE / E / ...（只输出选项的编号，不要写选项内容）

示例：
题目：医疗伦理中四大基本原则是？
A.尊重自主权
B.善意行为
C.无害原则
D.公正原则
E.以上都不是
【思考过程】：本题考查医学伦理的四大基本原则，包括尊重自主权、不伤害原则、行善原则、公正原则。

【最终答案】：ABCD

题目：根据《民法典》相关规定，医疗机构下列哪些行为可能构成违反诊疗规范实施不必要的检查？
A.对疑似肺炎患者同时开具X光和低剂量CT检查
B.应患者主动要求增加无指征的肿瘤标志物检测
C.对首次就诊的头痛患者直接实施MRI检查而无神经系统体征
D.因科室收入考核需要重复开展非必要的凝血功能检查
E.基于十年临床经验判断需开展超范围的血生化组合
【思考过程】：",CD,Qwen3-235B-A22B,"【思考过程】：根据《民法典》相关规定，医疗机构不得违反诊疗规范实施不必要的检查。不必要的检查通常指缺乏医学指征、过度重复或出于非医疗目的（如经济利益）的检查。  
- **选项A**：疑似肺炎患者同时开具X光和CT检查是否属于不必要需结合诊疗规范。若两者均为合理诊断手段且互补，可能不构成违规，但若重复叠加且无明确指征，则可能属于不必要。  
- **选项B**：无指征的肿瘤标志物检测，即使应患者要求，仍属于不必要的检查，因医学决策应基于临床指征而非患者主观意愿。  
- **选项C**：头痛患者无神经系统体征直接实施MRI，缺乏明确指征，属于过度检查，构成违规。  
- **选项D**：因科室收入考核重复非必要检查，直接违反规范，属于典型的经济驱动型不必要检查。  
- **选项E**：基于临床经验判断的超范围检查，若医生合理认为存在指征，则不属于不必要；题目未明确否定其医学依据，故暂不认定违规。  

综合判断，**B、C、D**明确符合“不必要的检查”情形。

【最终答案】：BCD",客观题,BCD
数字医疗,"你是一个严格按照要求答题的医学考试考生。请你先展示出完整的思考过程，然后再输出最终答案。每道题目有至少两个选项（A、B）至多五个选项（A、B、C、D、E），题目为不定项选择题，请按照以下格式作答：

【思考过程】：...

【最终答案】：AB / BCE / CD / DE / E / ...（只输出选项的编号，不要写选项内容）

示例：
题目：医疗伦理中四大基本原则是？
A.尊重自主权
B.善意行为
C.无害原则
D.公正原则
E.以上都不是
【思考过程】：本题考查医学伦理的四大基本原则，包括尊重自主权、不伤害原则、行善原则、公正原则。

【最终答案】：ABCD

题目：以下哪些行为可能违反""医疗机构及其医务人员权益保护""相关法规？
A.患者家属在候诊区轻微争执但未影响诊疗，B.患者辱骂医生导致其无法正常工作，C.家属通过合法途径投诉等候时间长，D.未经许可偷窃并公开患者病历，E.聚众阻拦诊室门阻碍医生夜间下班
【思考过程】：",BDE,Qwen3-235B-A22B,"【思考过程】：选项B中辱骂医生导致其无法工作，直接侵犯医务人员权益；D选项非法获取并公开病历违反患者隐私保护规定；E选项聚众阻碍医生下班属于扰乱医疗秩序的行为，均违反相关法规。而A选项轻微争执未影响诊疗不构成违法，C选项合法投诉符合规定。

【最终答案】：BDE",客观题,BDE
数字医疗,"你是一个严格按照要求答题的医学考试考生。请你先展示出完整的思考过程，然后再输出最终答案。每道题目有至少两个选项（A、B）至多五个选项（A、B、C、D、E），题目为不定项选择题，请按照以下格式作答：

【思考过程】：...

【最终答案】：AB / BCE / CD / DE / E / ...（只输出选项的编号，不要写选项内容）

示例：
题目：医疗伦理中四大基本原则是？
A.尊重自主权
B.善意行为
C.无害原则
D.公正原则
E.以上都不是
【思考过程】：本题考查医学伦理的四大基本原则，包括尊重自主权、不伤害原则、行善原则、公正原则。

【最终答案】：ABCD

题目：根据我国相关法规，建设运营数字医疗服务网络时，需要采取哪些法定措施？（多选）
A.采取技术措施保障网络安全
B.实施必要措施维护数据保密性
C.要求所有用户进行实名认证
D.有效应对网络安全事件
E.防范网络违法犯罪活动
【思考过程】：",ABDE,Qwen3-235B-A22B,"【思考过程】：根据《网络安全法》及相关法规，数字医疗服务网络运营需采取以下措施：  
1. **A**：依据《网络安全法》第十条，需采取技术措施保障网络安全。  
2. **B**：根据《个人信息保护法》及《数据安全法》，需维护数据保密性（如加密、访问控制等）。  
3. **C**：《网络安全法》第二十四条要求用户实名认证，但需结合具体场景（如医疗服务涉及敏感信息，通常需实名）。  
4. **D**：《网络安全法》第二十五条明确需制定预案应对网络安全事件。  
5. **E**：《网络安全法》第十二条要求防范网络违法犯罪活动（如监测异常行为）。  

【最终答案】：ABCDE",客观题,ABCDE
数字医疗,"你是一个严格按照要求答题的医学考试考生。请你先展示出完整的思考过程，然后再输出最终答案。每道题目有至少两个选项（A、B）至多五个选项（A、B、C、D、E），题目为不定项选择题，请按照以下格式作答：

【思考过程】：...

【最终答案】：AB / BCE / CD / DE / E / ...（只输出选项的编号，不要写选项内容）

示例：
题目：医疗伦理中四大基本原则是？
A.尊重自主权
B.善意行为
C.无害原则
D.公正原则
E.以上都不是
【思考过程】：本题考查医学伦理的四大基本原则，包括尊重自主权、不伤害原则、行善原则、公正原则。

【最终答案】：ABCD

题目：根据数字医疗相关网络安全法规，以下哪些行为属于明确禁止的？
A.收集用户健康数据用于匿名医学研究
B.煽动分裂国家、破坏国家统一
C.传播虚假信息扰乱经济秩序
D.泄露患者隐私信息用于商业牟利
E.宣扬地域文化差异影响民族团结
【思考过程】：",BCD,Qwen3-235B-A22B,"【思考过程】：本题考查数字医疗相关网络安全法规中的禁止行为。根据《网络安全法》《个人信息保护法》等法规，明确禁止的行为包括：危害国家安全（B）、扰乱社会经济秩序（C）、非法处理个人信息（D）、破坏民族团结（E）。A选项“匿名医学研究”若符合法定匿名化要求且经合法授权则不被禁止，但题目未明确是否合法，故不选。

【最终答案】：BCDE",客观题,BCDE
数字医疗,"你是一个严格按照要求答题的医学考试考生。请你先展示出完整的思考过程，然后再输出最终答案。每道题目有至少两个选项（A、B）至多五个选项（A、B、C、D、E），题目为不定项选择题，请按照以下格式作答：

【思考过程】：...

【最终答案】：AB / BCE / CD / DE / E / ...（只输出选项的编号，不要写选项内容）

示例：
题目：医疗伦理中四大基本原则是？
A.尊重自主权
B.善意行为
C.无害原则
D.公正原则
E.以上都不是
【思考过程】：本题考查医学伦理的四大基本原则，包括尊重自主权、不伤害原则、行善原则、公正原则。

【最终答案】：ABCD

题目：根据《网络安全法》，以下哪些行为被明确禁止？
A.医疗机构对匿名化的健康数据进行统计分析
B.开发专用于绕过医院防火墙的渗透测试工具
C.为已知入侵医疗数据库的黑客组织提供支付接口
D.未经授权调取患者电子病历进行学术研究
E.优化医院挂号系统的网络响应速度
【思考过程】：",BCD,Qwen3-235B-A22B,"【思考过程】：根据《网络安全法》相关规定：  
1. **选项A**：匿名化健康数据已脱离个人身份识别，且用于统计分析通常属于合法处理（如《网络安全法》第42条关于数据利用的条款），故不禁止。  
2. **选项B**：开发专用于破坏网络防护的工具属于提供专门用于侵入网络的程序，违反第27条及第74条。  
3. **选项C**：为黑客组织提供支付接口属于协助网络犯罪活动，违反第27条及刑法相关规定。  
4. **选项D**：未经授权调取患者电子病历属于非法获取网络数据，违反第44条及第64条。  
5. **选项E**：优化挂号系统响应速度属于正常技术维护，不涉及禁止性规定。  

【最终答案】：BCD",客观题,BCD
数字医疗,"你是一个严格按照要求答题的医学考试考生。请你先展示出完整的思考过程，然后再输出最终答案。每道题目有至少两个选项（A、B）至多五个选项（A、B、C、D、E），题目为不定项选择题，请按照以下格式作答：

【思考过程】：...

【最终答案】：AB / BCE / CD / DE / E / ...（只输出选项的编号，不要写选项内容）

示例：
题目：医疗伦理中四大基本原则是？
A.尊重自主权
B.善意行为
C.无害原则
D.公正原则
E.以上都不是
【思考过程】：本题考查医学伦理的四大基本原则，包括尊重自主权、不伤害原则、行善原则、公正原则。

【最终答案】：ABCD

题目：根据相关法律法规，以下哪些行为属于被禁止的？
A.窃取用户个人信息
B.经合法授权后向第三方提供个人信息
C.未经授权使用技术手段拦截患者健康数据
D.在患者不知情的情况下将匿名化诊疗记录用于医学研究
【思考过程】：",AC,Qwen3-235B-A22B,"【思考过程】：题目考查对个人信息及医疗数据相关禁止行为的判断。A选项“窃取用户个人信息”直接违反《个人信息保护法》关于非法获取个人信息的规定，属于明确禁止行为；B选项“经合法授权后提供信息”符合法律授权要求，不禁止；C选项“未经授权拦截患者数据”属于非法技术手段获取健康信息，被禁止；D选项“匿名化诊疗记录用于研究”若符合匿名化标准且未识别特定个人，根据《民法典》及《个人信息保护法》，可能不强制要求知情同意，因此不属于禁止行为。

【最终答案】：AC",客观题,AC
数字医疗,"你是一个严格按照要求答题的医学考试考生。请你先展示出完整的思考过程，然后再输出最终答案。每道题目有至少两个选项（A、B）至多五个选项（A、B、C、D、E），题目为不定项选择题，请按照以下格式作答：

【思考过程】：...

【最终答案】：AB / BCE / CD / DE / E / ...（只输出选项的编号，不要写选项内容）

示例：
题目：医疗伦理中四大基本原则是？
A.尊重自主权
B.善意行为
C.无害原则
D.公正原则
E.以上都不是
【思考过程】：本题考查医学伦理的四大基本原则，包括尊重自主权、不伤害原则、行善原则、公正原则。

【最终答案】：ABCD

题目：根据相关法律法规，依法负有网络安全监督管理职责的部门及其工作人员不得实施以下哪些行为？
A.未加密存储敏感医疗数据
B.将履职获得的个人信息出售给第三方
C.对公共网络漏洞进行技术修复
D.将患者隐私信息非法提供给商业机构
E.因系统故障导致内部文件泄露
【思考过程】：",BDE,Qwen3-235B-A22B,"【思考过程】：根据《网络安全法》及《个人信息保护法》，负有网络安全监管职责的部门及其工作人员不得泄露履职过程中获取的个人信息，不得将个人信息出售或非法提供给第三方。选项A违反数据加密义务，B和D属于非法处置个人信息，均被明确禁止。选项C是合法修复行为，E若因过失导致泄露需追责，但题目未明确其主观过错，故不选。

【最终答案】：ABD",客观题,ABD
数字医疗,"你是一个严格按照要求答题的医学考试考生。请你先展示出完整的思考过程，然后再输出最终答案。每道题目有至少两个选项（A、B）至多五个选项（A、B、C、D、E），题目为不定项选择题，请按照以下格式作答：

【思考过程】：...

【最终答案】：AB / BCE / CD / DE / E / ...（只输出选项的编号，不要写选项内容）

示例：
题目：医疗伦理中四大基本原则是？
A.尊重自主权
B.善意行为
C.无害原则
D.公正原则
E.以上都不是
【思考过程】：本题考查医学伦理的四大基本原则，包括尊重自主权、不伤害原则、行善原则、公正原则。

【最终答案】：ABCD

题目：根据相关法规，以下哪些网络行为属于被明确禁止的范畴？
A.建立用于销售国家管制的麻醉药品的网站
B.在通讯群组中传授制造爆炸物的方法
C.创建付费参与的健康饮食交流群组
D.虚构抗癌药物疗效实施募捐诈骗网站
E.录制非处方药使用教程视频
【思考过程】：",ABD,Qwen3-235B-A22B,"【思考过程】：根据中国相关法律法规，禁止的网络行为包括：销售国家管制麻醉药品（违反《药品管理法》）、传授制造爆炸物方法（违反《刑法》第114条）、虚构抗癌药效实施诈骗（违反《刑法》诈骗罪及《慈善法》）。而付费健康饮食群组和非处方药教程视频若内容合法则不被禁止。

【最终答案】：ABD",客观题,ABD
数字医疗,"你是一个严格按照要求答题的医学考试考生。请你先展示出完整的思考过程，然后再输出最终答案。每道题目有至少两个选项（A、B）至多五个选项（A、B、C、D、E），题目为不定项选择题，请按照以下格式作答：

【思考过程】：...

【最终答案】：AB / BCE / CD / DE / E / ...（只输出选项的编号，不要写选项内容）

示例：
题目：医疗伦理中四大基本原则是？
A.尊重自主权
B.善意行为
C.无害原则
D.公正原则
E.以上都不是
【思考过程】：本题考查医学伦理的四大基本原则，包括尊重自主权、不伤害原则、行善原则、公正原则。

【最终答案】：ABCD

题目：下列哪些数据被明确列为国家核心数据？
A.国家安全相关数据
B.国民经济命脉数据
C.重要民生数据
D.重大公共利益数据
E.市政公共服务数据
【思考过程】：",ABCD,Qwen3-235B-A22B,"【思考过程】：根据《中华人民共和国数据安全法》第二十一条，国家核心数据包括涉及国家安全、国民经济命脉、重要民生、重大公共利益等领域的数据。选项A（国家安全相关数据）、B（国民经济命脉数据）、C（重要民生数据）、D（重大公共利益数据）均符合上述范围。E（市政公共服务数据）虽涉及公共领域，但未明确列入国家核心数据定义中。

【最终答案】：ABCD",客观题,ABCD
数字医疗,"你是一个严格按照要求答题的医学考试考生。请你先展示出完整的思考过程，然后再输出最终答案。每道题目有至少两个选项（A、B）至多五个选项（A、B、C、D、E），题目为不定项选择题，请按照以下格式作答：

【思考过程】：...

【最终答案】：AB / BCE / CD / DE / E / ...（只输出选项的编号，不要写选项内容）

示例：
题目：医疗伦理中四大基本原则是？
A.尊重自主权
B.善意行为
C.无害原则
D.公正原则
E.以上都不是
【思考过程】：本题考查医学伦理的四大基本原则，包括尊重自主权、不伤害原则、行善原则、公正原则。

【最终答案】：ABCD

题目：以下哪些属于国家针对数字医疗领域建立的数据安全机制？（多选）
A.数据安全风险评估机制
B.数据加密传输机制
C.信息共享机制
D.应急响应演练机制
E.监测预警机制
【思考过程】：",ACE,Qwen3-235B-A22B,"【思考过程】：本题考查国家在数字医疗领域数据安全机制的构建。分析各选项：  
A. 数据安全风险评估机制是国家层面的基础性防护措施，符合《数据安全法》要求；  
B. 数据加密传输机制是保障数据传输安全的技术规范，属于国家强制标准；  
C. 信息共享机制侧重数据流通而非直接安全防护，可能涉及安全要求但本身不构成安全机制；  
D. 应急响应演练机制是应对数据泄露等事件的必要准备，符合《网络安全法》规定；  
E. 监测预警机制通过实时监控风险，属于国家层面的主动防御措施。  
综上，C项与安全机制关联较弱，其余均符合国家数据安全框架要求。

【最终答案】：ABDE",客观题,ABDE
数字医疗,"你是一个严格按照要求答题的医学考试考生。请你先展示出完整的思考过程，然后再输出最终答案。每道题目有至少两个选项（A、B）至多五个选项（A、B、C、D、E），题目为不定项选择题，请按照以下格式作答：

【思考过程】：...

【最终答案】：AB / BCE / CD / DE / E / ...（只输出选项的编号，不要写选项内容）

示例：
题目：医疗伦理中四大基本原则是？
A.尊重自主权
B.善意行为
C.无害原则
D.公正原则
E.以上都不是
【思考过程】：本题考查医学伦理的四大基本原则，包括尊重自主权、不伤害原则、行善原则、公正原则。

【最终答案】：ABCD

题目：在数字医疗场景下，根据国家数据安全法规，发生数据安全事件后主管部门应采取哪些应急处置措施？（多选）
A.要求涉事机构立刻赔偿患者损失
B.启动应急预案采取处置措施
C.重点保障政府机构系统运行而暂缓公共警示
D.实时消除安全隐患并防止危害扩大
E.及时向社会发布与公众相关的警示信息
【思考过程】：",BE,Qwen3-235B-A22B,"【思考过程】：本题考查数据安全事件后的应急处置措施。根据《数据安全法》和《网络安全法》要求，主管部门需启动应急预案（B），消除隐患并防止危害扩大（D），及时发布公众警示信息（E）。选项A要求立刻赔偿不符合法规流程，选项C暂缓公共警示违背及时警示原则。

【最终答案】：BDE",客观题,BDE
数字医疗,"你是一个严格按照要求答题的医学考试考生。请你先展示出完整的思考过程，然后再输出最终答案。每道题目有至少两个选项（A、B）至多五个选项（A、B、C、D、E），题目为不定项选择题，请按照以下格式作答：

【思考过程】：...

【最终答案】：AB / BCE / CD / DE / E / ...（只输出选项的编号，不要写选项内容）

示例：
题目：医疗伦理中四大基本原则是？
A.尊重自主权
B.善意行为
C.无害原则
D.公正原则
E.以上都不是
【思考过程】：本题考查医学伦理的四大基本原则，包括尊重自主权、不伤害原则、行善原则、公正原则。

【最终答案】：ABCD

题目：以下哪些行为违反题干所述法律法规？
A.经患者知情同意后匿名化处理临床数据用于疾病研究
B.窃取医院数据库中患者健康信息并转卖给第三方机构
C.公司依据合法获取的数据开发算法时因技术漏洞意外泄露隐私
D.通过数据抓取技术获取竞争对手运营信息并压低定价排挤其市场
E.未经许可将匿名诊疗数据共享给政府卫生管理部门用于流行病监测
【思考过程】：",BD,Qwen3-235B-A22B,"【思考过程】：本题考查对法律法规的理解，涉及隐私保护、数据安全及市场竞争等方面。  
- **选项A**：患者知情同意后匿名化处理数据用于研究，符合法律要求，不违反。  
- **选项B**：窃取患者健康信息并转卖第三方，属于非法获取和出售个人信息，明显违法。  
- **选项C**：合法获取数据但因技术漏洞泄露隐私，未履行法定的数据安全保护义务（如《个人信息保护法》第51条），构成过失性违法。  
- **选项D**：通过非法技术手段获取竞争对手信息属于侵犯商业秘密，压价排挤市场可能构成不正当竞争，整体行为违法。  
- **选项E**：匿名化信息不适用个人信息保护规则，且用于流行病监测通常为公共利益，未经许可共享匿名数据一般不违法。  

【最终答案】：BCD",客观题,BCD
数字医疗,"你是一个严格按照要求答题的医学考试考生。请你先展示出完整的思考过程，然后再输出最终答案。每道题目有至少两个选项（A、B）至多五个选项（A、B、C、D、E），题目为不定项选择题，请按照以下格式作答：

【思考过程】：...

【最终答案】：AB / BCE / CD / DE / E / ...（只输出选项的编号，不要写选项内容）

示例：
题目：医疗伦理中四大基本原则是？
A.尊重自主权
B.善意行为
C.无害原则
D.公正原则
E.以上都不是
【思考过程】：本题考查医学伦理的四大基本原则，包括尊重自主权、不伤害原则、行善原则、公正原则。

【最终答案】：ABCD

题目：根据我国传染病防控制度，以下哪些属于传染病防治应遵循的原则？（多选）
A.预防为主、防治结合
B.联防联控、群防群控
C.源头防控、综合治理
D.有偿防控、单部门管控
E.重点干预、末端治理
【思考过程】：",ABC,Qwen3-235B-A22B,"【思考过程】：根据《中华人民共和国传染病防治法》，我国传染病防治遵循“预防为主、防治结合”的方针，并强调联防联控机制（如多部门协作和社会参与）。同时，源头防控和综合治理也是重要原则。选项D的“有偿防控”和“单部门管控”违背了政府主导和联防联控原则；选项E的“末端治理”不符合预防为主的核心思想。

【最终答案】：ABC",客观题,ABC
数字医疗,"你是一个严格按照要求答题的医学考试考生。请你先展示出完整的思考过程，然后再输出最终答案。每道题目有至少两个选项（A、B）至多五个选项（A、B、C、D、E），题目为不定项选择题，请按照以下格式作答：

【思考过程】：...

【最终答案】：AB / BCE / CD / DE / E / ...（只输出选项的编号，不要写选项内容）

示例：
题目：医疗伦理中四大基本原则是？
A.尊重自主权
B.善意行为
C.无害原则
D.公正原则
E.以上都不是
【思考过程】：本题考查医学伦理的四大基本原则，包括尊重自主权、不伤害原则、行善原则、公正原则。

【最终答案】：ABCD

题目：根据我国相关法规，以下哪些属于院前急救服务体系的法定要求？
A.教育部门需每年开展中小学校急救技能竞赛
B.卫生健康主管部门及红十字会应当组织开展急救培训
C.商场必须配备AED等急救设备设施
D.急救中心不得因未付费拒绝急危重症患者
E.急救人员需核查患者身份合法性后再施救
【思考过程】：",BCD,Qwen3-235B-A22B,"【思考过程】：根据《中华人民共和国基本医疗卫生与健康促进法》及《院前医疗急救管理办法》，卫生健康主管部门有责任组织急救培训，红十字会作为社会力量参与（B正确）。急救中心必须遵循“先救治后收费”原则，不得因费用问题拒绝救治急危重症患者（D正确）。教育部门开展急救竞赛（A）和商场强制配备AED（C）无全国性法律依据，核查患者身份合法性（E）违背急救伦理。

【最终答案】：BD",客观题,BD
数字医疗,"你是一个严格按照要求答题的医学考试考生。请你先展示出完整的思考过程，然后再输出最终答案。每道题目有至少两个选项（A、B）至多五个选项（A、B、C、D、E），题目为不定项选择题，请按照以下格式作答：

【思考过程】：...

【最终答案】：AB / BCE / CD / DE / E / ...（只输出选项的编号，不要写选项内容）

示例：
题目：医疗伦理中四大基本原则是？
A.尊重自主权
B.善意行为
C.无害原则
D.公正原则
E.以上都不是
【思考过程】：本题考查医学伦理的四大基本原则，包括尊重自主权、不伤害原则、行善原则、公正原则。

【最终答案】：ABCD

题目：在数字医疗场景下，以下哪些情况需依法取得患者或其近亲属的知情同意？
A.实施远程手术操作
B.使用人工智能进行特殊护理
C.开展新型医学影像特殊检查
D.参与新型数字健康监测设备的临床试验
E.调整现有治疗方案以降低费用
【思考过程】：",ACD,Qwen3-235B-A22B,"【思考过程】：本题考查数字医疗场景下必须取得知情同意的情形。根据《民法典》和医疗伦理要求，涉及手术、特殊检查、临床试验等高风险或实验性医疗行为时，必须取得患者或其近亲属的知情同意。  
A. 远程手术属于手术操作，无论是否远程，均需知情同意；  
C. 新型医学影像特殊检查属于特殊检查，需单独知情同意；  
D. 临床试验必须经过知情同意程序；  
B. 使用人工智能进行特殊护理若为常规应用或低风险，通常无需特别知情同意；  
E. 调整治疗方案属于临床决策权范畴，不涉及知情同意。  

【最终答案】：ACD",客观题,ACD
数字医疗,"你是一个严格按照要求答题的医学考试考生。请你先展示出完整的思考过程，然后再输出最终答案。每道题目有至少两个选项（A、B）至多五个选项（A、B、C、D、E），题目为不定项选择题，请按照以下格式作答：

【思考过程】：...

【最终答案】：AB / BCE / CD / DE / E / ...（只输出选项的编号，不要写选项内容）

示例：
题目：医疗伦理中四大基本原则是？
A.尊重自主权
B.善意行为
C.无害原则
D.公正原则
E.以上都不是
【思考过程】：本题考查医学伦理的四大基本原则，包括尊重自主权、不伤害原则、行善原则、公正原则。

【最终答案】：ABCD

题目：在数字医疗场景中，以下哪两项是符合题干中法律法规要求的？
A.向未经授权的第三方出售患者的影像资料
B.要求患者使用非官方平台支付医疗费用
C.在讨论病例时使用化名保护患者隐私
D.因患者信仰而拒绝提供常规治疗
E.确保所有医务人员平等对待不同国籍的患者
【思考过程】：",CE,Qwen3-235B-A22B,"【思考过程】：选项C符合隐私保护原则，使用化名避免泄露患者身份信息，符合《个人信息保护法》。选项E体现平等医疗原则，依据《医疗机构管理条例》及国际医疗伦理要求。选项A涉及非法提供个人信息，B可能违规收费，D违反医疗平等原则，均不符合法规。

【最终答案】：CE",客观题,CE
数字医疗,"你是一个严格按照要求答题的医学考试考生。请你先展示出完整的思考过程，然后再输出最终答案。每道题目有至少两个选项（A、B）至多五个选项（A、B、C、D、E），题目为不定项选择题，请按照以下格式作答：

【思考过程】：...

【最终答案】：AB / BCE / CD / DE / E / ...（只输出选项的编号，不要写选项内容）

示例：
题目：医疗伦理中四大基本原则是？
A.尊重自主权
B.善意行为
C.无害原则
D.公正原则
E.以上都不是
【思考过程】：本题考查医学伦理的四大基本原则，包括尊重自主权、不伤害原则、行善原则、公正原则。

【最终答案】：ABCD

题目：以下哪些服务属于专业公共卫生机构的法定职责范畴？
A.出生缺陷防治
B.建立居民健康档案
C.接收医院转诊患者
D.食品安全风险监测评估
E.职业病治疗
【思考过程】：",AD,Qwen3-235B-A22B,"【思考过程】：专业公共卫生机构的核心职责包括疾病预防、健康监测、风险评估及公共卫生服务管理。A项“出生缺陷防治”属于公共卫生预防范畴，如产前筛查与干预；B项“建立居民健康档案”是国家基本公共卫生服务项目，由基层医疗机构执行但受公共卫生机构指导；D项“食品安全风险监测评估”直接关联公共卫生安全，属于法定职责。C项“接收医院转诊患者”为医疗机构间的诊疗协作，非公共卫生机构职能；E项“职业病治疗”由医疗机构承担，公共卫生机构仅负责监测与预防。综上，ABD符合。

【最终答案】：ABD",客观题,ABD
数字医疗,"你是一个严格按照要求答题的医学考试考生。请你先展示出完整的思考过程，然后再输出最终答案。每道题目有至少两个选项（A、B）至多五个选项（A、B、C、D、E），题目为不定项选择题，请按照以下格式作答：

【思考过程】：...

【最终答案】：AB / BCE / CD / DE / E / ...（只输出选项的编号，不要写选项内容）

示例：
题目：医疗伦理中四大基本原则是？
A.尊重自主权
B.善意行为
C.无害原则
D.公正原则
E.以上都不是
【思考过程】：本题考查医学伦理的四大基本原则，包括尊重自主权、不伤害原则、行善原则、公正原则。

【最终答案】：ABCD

题目：根据相关规定，各级人民政府应支持医疗卫生机构与以下哪些机构或组织建立协作机制以服务老年人和孤残儿童？
A.快递公司
B.养老机构
C.商业机构
D.儿童福利机构
E.社区组织
【思考过程】：",BDE,Qwen3-235B-A22B,"【思考过程】：题目要求选择医疗卫生机构需协作的机构类型，以服务老年人和孤残儿童。根据相关政策，养老机构（B）直接服务老年人，儿童福利机构（D）针对孤残儿童，社区组织（E）提供基层支持，三者符合题意。快递公司（A）和商业机构（C）无直接关联。

【最终答案】：BDE",客观题,BDE
数字医疗,"你是一个严格按照要求答题的医学考试考生。请你先展示出完整的思考过程，然后再输出最终答案。每道题目有至少两个选项（A、B）至多五个选项（A、B、C、D、E），题目为不定项选择题，请按照以下格式作答：

【思考过程】：...

【最终答案】：AB / BCE / CD / DE / E / ...（只输出选项的编号，不要写选项内容）

示例：
题目：医疗伦理中四大基本原则是？
A.尊重自主权
B.善意行为
C.无害原则
D.公正原则
E.以上都不是
【思考过程】：本题考查医学伦理的四大基本原则，包括尊重自主权、不伤害原则、行善原则、公正原则。

【最终答案】：ABCD

题目：以下哪些行为违反了我国医疗卫生机构的管理规定？
A.将影像科外包给第三方科技公司，收取租金；B.允许民营诊所短期租用本院CT设备；C.与技术公司合作开发数字诊疗平台，并按收益分成；D.某非营利医院将年度盈余按出资人贡献分配；E.向社区卫生服务站免费提供AI诊断算法
【思考过程】：",AD,Qwen3-235B-A22B,"【思考过程】：本题考查我国医疗卫生机构管理规定的相关禁止行为。根据《医疗机构管理条例》及配套规定：  
1. **选项A**：医疗机构不得将科室出租、承包给第三方机构，属于违规行为。  
2. **选项B**：允许其他机构租用本院大型设备（如CT）属于变相出租设备，违反规定。  
3. **选项C**：与技术公司合作开发诊疗平台并分利属于合法的技术合作范畴，不违规。  
4. **选项D**：非营利性医疗机构的盈余不得分配给出资人，必须用于发展，此行为违法。  
5. **选项E**：免费提供技术不涉及利益分配或出租承包，属于合法支持基层医疗行为。  

【最终答案】：ABD",客观题,ABD
数字医疗,"你是一个严格按照要求答题的医学考试考生。请你先展示出完整的思考过程，然后再输出最终答案。每道题目有至少两个选项（A、B）至多五个选项（A、B、C、D、E），题目为不定项选择题，请按照以下格式作答：

【思考过程】：...

【最终答案】：AB / BCE / CD / DE / E / ...（只输出选项的编号，不要写选项内容）

示例：
题目：医疗伦理中四大基本原则是？
A.尊重自主权
B.善意行为
C.无害原则
D.公正原则
E.以上都不是
【思考过程】：本题考查医学伦理的四大基本原则，包括尊重自主权、不伤害原则、行善原则、公正原则。

【最终答案】：ABCD

题目：以下哪些因素属于需要实行严格管理的医疗卫生技术临床应用的分类标准？
A.服务规模要求较高
B.医疗风险高
C.设备数量要求较高  
D.人员专业技术水平要求较高
【思考过程】：",BD,Qwen3-235B-A22B,"【思考过程】：本题考查医疗卫生技术临床应用严格管理的分类标准。根据医疗技术管理规范，严格管理的标准通常包括：高风险技术（B）和需要高专业水平人员操作的技术（D）。服务规模（A）和设备数量（C）虽可能影响实施条件，但并非直接决定严格管理的核心标准。

【最终答案】：BD",客观题,BD
数字医疗,"你是一个严格按照要求答题的医学考试考生。请你先展示出完整的思考过程，然后再输出最终答案。每道题目有至少两个选项（A、B）至多五个选项（A、B、C、D、E），题目为不定项选择题，请按照以下格式作答：

【思考过程】：...

【最终答案】：AB / BCE / CD / DE / E / ...（只输出选项的编号，不要写选项内容）

示例：
题目：医疗伦理中四大基本原则是？
A.尊重自主权
B.善意行为
C.无害原则
D.公正原则
E.以上都不是
【思考过程】：本题考查医学伦理的四大基本原则，包括尊重自主权、不伤害原则、行善原则、公正原则。

【最终答案】：ABCD

题目：根据我国相关法律法规，以下关于健康医疗数据应用的说法哪几项是正确的？
A.健康医疗数据技术标准应包含采集、存储、传输三个环节
B.技术标准需覆盖数据采集、存储、分析、应用全流程
C.健康医疗数据不得用于商业广告定向推送
D.医疗信息交流制度应由医疗卫生机构重点建设
E.健康医疗数据可用于重大疾病预防科学研究
F.医疗机构可向第三方有偿提供匿名健康数据分析
【思考过程】：",BCDE,Qwen3-235B-A22B,"【思考过程】：本题考查健康医疗数据相关法规。A选项技术标准仅涵盖三个环节，而B选项明确全流程（采集、存储、分析、应用），更全面，故B正确、A错误。C选项符合《个人信息保护法》对敏感信息禁止用于商业广告的规定。D选项依据《健康医疗数据管理办法》，医疗机构需重点建设信息交流制度。E选项符合《数据安全法》对匿名数据用于公共利益的允许。F选项中匿名数据不属个人信息，有偿提供符合《数据安全法》对数据交易的规范，但需确保安全。

【最终答案】：BCDEF",客观题,BCDEF
数字医疗,"你是一个严格按照要求答题的医学考试考生。请你先展示出完整的思考过程，然后再输出最终答案。每道题目有至少两个选项（A、B）至多五个选项（A、B、C、D、E），题目为不定项选择题，请按照以下格式作答：

【思考过程】：...

【最终答案】：AB / BCE / CD / DE / E / ...（只输出选项的编号，不要写选项内容）

示例：
题目：医疗伦理中四大基本原则是？
A.尊重自主权
B.善意行为
C.无害原则
D.公正原则
E.以上都不是
【思考过程】：本题考查医学伦理的四大基本原则，包括尊重自主权、不伤害原则、行善原则、公正原则。

【最终答案】：ABCD

题目：下列哪些情形中，医疗机构人员应服从政府调遣参与应急处置？
A.社区举办健康义诊活动时突发暴雨
B.化工企业爆炸导致有毒气体泄漏
C.反恐行动中发生大规模人员伤亡
D.家庭急救因家属操作不当引发并发症
【思考过程】：",BC,Qwen3-235B-A22B,"【思考过程】：根据《突发公共卫生事件应急条例》，医疗机构人员需参与应对突发公共卫生事件、自然灾害、事故灾难及社会安全事件。B项化工企业爆炸属于事故灾难，C项反恐行动伤亡属于社会安全事件，均需参与。A项暴雨虽属自然灾害，但题目未明确是否引发公共卫生事件，D项为个体纠纷，不构成公共事件。

【最终答案】：BC",客观题,BC
数字医疗,"你是一个严格按照要求答题的医学考试考生。请你先展示出完整的思考过程，然后再输出最终答案。每道题目有至少两个选项（A、B）至多五个选项（A、B、C、D、E），题目为不定项选择题，请按照以下格式作答：

【思考过程】：...

【最终答案】：AB / BCE / CD / DE / E / ...（只输出选项的编号，不要写选项内容）

示例：
题目：医疗伦理中四大基本原则是？
A.尊重自主权
B.善意行为
C.无害原则
D.公正原则
E.以上都不是
【思考过程】：本题考查医学伦理的四大基本原则，包括尊重自主权、不伤害原则、行善原则、公正原则。

【最终答案】：ABCD

题目：下列哪些属于法律法规要求医疗卫生人员应当弘扬的崇高职业精神？
A.敬佑生命
B.救死扶伤
C.遵守行业规范
D.甘于奉献
E.大爱无疆
【思考过程】：",ABDE,Qwen3-235B-A22B,"【思考过程】：根据《中华人民共和国基本医疗卫生与健康促进法》规定，医疗卫生人员应当弘扬“敬佑生命、救死扶伤、甘于奉献、大爱无疆”的崇高职业精神。选项C“遵守行业规范”属于职业行为要求，但不属于职业精神的核心内容。

【最终答案】：ABDE",客观题,ABDE
数字医疗,"你是一个严格按照要求答题的医学考试考生。请你先展示出完整的思考过程，然后再输出最终答案。每道题目有至少两个选项（A、B）至多五个选项（A、B、C、D、E），题目为不定项选择题，请按照以下格式作答：

【思考过程】：...

【最终答案】：AB / BCE / CD / DE / E / ...（只输出选项的编号，不要写选项内容）

示例：
题目：医疗伦理中四大基本原则是？
A.尊重自主权
B.善意行为
C.无害原则
D.公正原则
E.以上都不是
【思考过程】：本题考查医学伦理的四大基本原则，包括尊重自主权、不伤害原则、行善原则、公正原则。

【最终答案】：ABCD

题目：某数字医疗平台医生在接诊时，下列哪种行为直接违反了医学伦理规范？
A.为慢性病患者开具全身PET-CT检查以排除所有隐匿肿瘤
B.对普通感冒患者开具含抗生素的联合处方
C.根据最新临床指南选择高价但疗效明确的靶向药物
D.接受患者家属通过平台转账的5000元""感谢费""
E.免费提供健康咨询但推荐其购买自己持股的保健品公司的产品
【思考过程】：",ABDE,Qwen3-235B-A22B,"【思考过程】：本题考查医学伦理规范中的具体行为准则。选项D涉及收受患者财物，直接违反廉洁行医原则；选项E涉及利用职务便利谋取私利，违反利益冲突回避原则；选项B属于滥用抗生素，违背合理用药和不伤害原则；选项A虽可能存在过度检查争议，但无明确指征时才构成伦理问题；选项C符合循证医学原则，不直接违反伦理。因此，直接违反医学伦理规范的行为为B、D、E。

【最终答案】：BDE",客观题,BDE
数字医疗,"你是一个严格按照要求答题的医学考试考生。请你先展示出完整的思考过程，然后再输出最终答案。每道题目有至少两个选项（A、B）至多五个选项（A、B、C、D、E），题目为不定项选择题，请按照以下格式作答：

【思考过程】：...

【最终答案】：AB / BCE / CD / DE / E / ...（只输出选项的编号，不要写选项内容）

示例：
题目：医疗伦理中四大基本原则是？
A.尊重自主权
B.善意行为
C.无害原则
D.公正原则
E.以上都不是
【思考过程】：本题考查医学伦理的四大基本原则，包括尊重自主权、不伤害原则、行善原则、公正原则。

【最终答案】：ABCD

题目：以下哪些行为违反了《医疗卫生人员权益保护法》的相关规定？
A. 威胁医疗卫生人员人身安全
B. 患者家属因不满诊断结果在医院静坐抗议
C. 公然贬低医生职业尊严并在社交媒体传播
D. 因医疗纠纷拒绝支付剩余费用
E. 在诊疗室安装未经授权的录音设备
【思考过程】：",AC,Qwen3-235B-A22B,"【思考过程】：本题考查《医疗卫生人员权益保护法》的适用范围。A选项威胁人身安全直接违反法律；B选项静坐抗议若扰乱医疗秩序则违法；C选项侵犯职业尊严；E选项侵犯隐私权。D选项属于民事纠纷，不构成违反该法。

【最终答案】：ABCE",客观题,ABCE
数字医疗,"你是一个严格按照要求答题的医学考试考生。请你先展示出完整的思考过程，然后再输出最终答案。每道题目有至少两个选项（A、B）至多五个选项（A、B、C、D、E），题目为不定项选择题，请按照以下格式作答：

【思考过程】：...

【最终答案】：AB / BCE / CD / DE / E / ...（只输出选项的编号，不要写选项内容）

示例：
题目：医疗伦理中四大基本原则是？
A.尊重自主权
B.善意行为
C.无害原则
D.公正原则
E.以上都不是
【思考过程】：本题考查医学伦理的四大基本原则，包括尊重自主权、不伤害原则、行善原则、公正原则。

【最终答案】：ABCD

题目：在药品采购中，根据国家规定，以下哪些竞标行为是不被允许的？
A.以低于成本的报价竞标
B.串通投标
C.支付额外服务费用以增进合作
D.滥用市场支配地位
E.发动媒体宣传攻势吸引采购方注意
【思考过程】：",ABD,Qwen3-235B-A22B,"【思考过程】：根据《招标投标法》及相关法规，以低于成本报价（A）属于不正当竞争；串通投标（B）直接破坏公平竞争；支付额外服务费若涉及商业贿赂（C）被禁止；滥用市场支配地位（D）属垄断行为违法。媒体宣传（E）若无虚假信息通常不违规。

【最终答案】：ABCD",客观题,ABCD
数字医疗,"你是一个严格按照要求答题的医学考试考生。请你先展示出完整的思考过程，然后再输出最终答案。每道题目有至少两个选项（A、B）至多五个选项（A、B、C、D、E），题目为不定项选择题，请按照以下格式作答：

【思考过程】：...

【最终答案】：AB / BCE / CD / DE / E / ...（只输出选项的编号，不要写选项内容）

示例：
题目：医疗伦理中四大基本原则是？
A.尊重自主权
B.善意行为
C.无害原则
D.公正原则
E.以上都不是
【思考过程】：本题考查医学伦理的四大基本原则，包括尊重自主权、不伤害原则、行善原则、公正原则。

【最终答案】：ABCD

题目：根据相关法律法规，医疗卫生人员的下列哪些行为将受到行政处罚？
A.利用职务之便索要财物或非法收受利益
B.泄露公民个人健康信息
C.未及时更新患者电子病历档案
D.未经批准退出多中心临床研究项目
E.在提供医疗服务时未向患者说明替代治疗方案
【思考过程】：",ABE,Qwen3-235B-A22B,"【思考过程】：根据《中华人民共和国执业医师法》《基本医疗卫生与健康促进法》《个人信息保护法》等相关法规，医疗卫生人员利用职务之便索要财物或非法收受利益（A）属于受贿行为，依法应受行政处罚；泄露公民个人健康信息（B）违反个人信息保护及医疗保密义务，亦属于行政处罚范畴。未及时更新电子病历（C）若未造成严重后果，通常以整改为主；擅自退出临床研究（D）可能涉及科研违规但未必直接行政处罚；未说明替代方案（E）属于医疗告知缺陷，一般通过民事纠纷解决。因此，明确属于行政处罚的行为为A、B。

【最终答案】：AB",客观题,AB
数字医疗,"你是一个严格按照要求答题的医学考试考生。请你先展示出完整的思考过程，然后再输出最终答案。每道题目有至少两个选项（A、B）至多五个选项（A、B、C、D、E），题目为不定项选择题，请按照以下格式作答：

【思考过程】：...

【最终答案】：AB / BCE / CD / DE / E / ...（只输出选项的编号，不要写选项内容）

示例：
题目：医疗伦理中四大基本原则是？
A.尊重自主权
B.善意行为
C.无害原则
D.公正原则
E.以上都不是
【思考过程】：本题考查医学伦理的四大基本原则，包括尊重自主权、不伤害原则、行善原则、公正原则。

【最终答案】：ABCD

题目：以下哪种行为不属于依法应给予治安管理处罚的情形？
A.非法收集患者健康信息制作数据模型
B.未经许可使用医院诊疗室电源为电子设备充电
C.用无人机拍摄医院安全岗分布图后在社交媒体传播
D.经主管部门授权向第三方提供流行病学统计数据
【思考过程】：",BD,Qwen3-235B-A22B,"【思考过程】：本题考查治安管理处罚的适用范围。根据《治安管理处罚法》，需判断行为是否违反相关法律规定。A选项涉及非法收集个人信息，属违法行为；B选项未经许可使用公共设施可能构成违规；C选项拍摄并传播安全岗分布图危及公共安全；D选项经授权提供数据属于合法行为，因此不属于处罚情形。

【最终答案】：D",客观题,D
数字医疗,"你是一个严格按照要求答题的医学考试考生。请你先展示出完整的思考过程，然后再输出最终答案。每道题目有至少两个选项（A、B）至多五个选项（A、B、C、D、E），题目为不定项选择题，请按照以下格式作答：

【思考过程】：...

【最终答案】：AB / BCE / CD / DE / E / ...（只输出选项的编号，不要写选项内容）

示例：
题目：医疗伦理中四大基本原则是？
A.尊重自主权
B.善意行为
C.无害原则
D.公正原则
E.以上都不是
【思考过程】：本题考查医学伦理的四大基本原则，包括尊重自主权、不伤害原则、行善原则、公正原则。

【最终答案】：ABCD

题目：在数字医疗领域，以下哪些情形下电子商务平台经营者需承担连带责任？
A.平台明知某入驻机构销售未经认证的医疗设备但未下架
B.平台发现入驻机构伪造医师资质但未终止合作
C.平台未审核某基因检测服务机构的营业执照导致用户健康受损
D.平台未处理用户关于虚假药品广告的多次举报
E.平台未及时赔偿因医疗器械缺陷导致的用户损失
【思考过程】：",ABD,Qwen3-235B-A22B,"【思考过程】：根据《电子商务法》及相关规定，平台需承担连带责任的情形包括：明知或应知违规未采取必要措施（A、B、D）、未审核资质导致损害（C）。选项E未及时赔偿属于售后责任，不构成连带责任。

【最终答案】：ABCD",客观题,ABCD
数字医疗,"你是一个严格按照要求答题的医学考试考生。请你先展示出完整的思考过程，然后再输出最终答案。每道题目有至少两个选项（A、B）至多五个选项（A、B、C、D、E），题目为不定项选择题，请按照以下格式作答：

【思考过程】：...

【最终答案】：AB / BCE / CD / DE / E / ...（只输出选项的编号，不要写选项内容）

示例：
题目：医疗伦理中四大基本原则是？
A.尊重自主权
B.善意行为
C.无害原则
D.公正原则
E.以上都不是
【思考过程】：本题考查医学伦理的四大基本原则，包括尊重自主权、不伤害原则、行善原则、公正原则。

【最终答案】：ABCD

题目：在进行远程医疗服务时，以下哪种情形符合相关法律规定？
A.因患者情绪激动，医生仅通过视频口头说明费用后实施服务
B.患者家属主动请求不告知患者真实病情后直接签署同意书
C.医生完成前列腺癌方案讲解后，获取患者电子版语音授权录音
D.患者因认知障碍无法理解病情，医生取得其配偶的签字同意函并公证
【思考过程】：",D,Qwen3-235B-A22B,"【思考过程】：选项D中患者因认知障碍无法理解病情，医生取得其配偶的签字同意函并公证，符合患者无行为能力时由法定代理人代为签署知情同意的法律规定。选项C的电子版语音授权录音是否符合书面知情同意要求需视具体情况而定，但通常法律要求书面形式（如电子签名或文本记录），单纯的语音录音可能不符合规范。选项A仅口头说明费用缺乏书面确认，不符合知情同意程序；选项B未经患者知情权直接由家属签署，侵犯患者知情权。

【最终答案】：D",客观题,D
数字医疗,"你是一个严格按照要求答题的医学考试考生。请你先展示出完整的思考过程，然后再输出最终答案。每道题目有至少两个选项（A、B）至多五个选项（A、B、C、D、E），题目为不定项选择题，请按照以下格式作答：

【思考过程】：...

【最终答案】：AB / BCE / CD / DE / E / ...（只输出选项的编号，不要写选项内容）

示例：
题目：医疗伦理中四大基本原则是？
A.尊重自主权
B.善意行为
C.无害原则
D.公正原则
E.以上都不是
【思考过程】：本题考查医学伦理的四大基本原则，包括尊重自主权、不伤害原则、行善原则、公正原则。

【最终答案】：ABCD

题目：以下哪项属于参与远程医疗的机构必须确保的安全措施？
A.系统兼容安全
B.网络安全
C.操作安全
D.数据安全
E.隐私安全
【思考过程】：",BCDE,Qwen3-235B-A22B,"【思考过程】：远程医疗涉及多方数据交互，必须确保多个层面的安全。网络安全（B）是基础，防止外部攻击；数据安全（D）保障信息存储传输安全；隐私安全（E）保护患者敏感信息；操作安全（C）包括访问控制和权限管理，防止内部风险。系统兼容安全（A）属于技术实现问题，非直接安全措施。

【最终答案】：BCDE",客观题,BCDE
数字医疗,"你是一个严格按照要求答题的医学考试考生。请你先展示出完整的思考过程，然后再输出最终答案。每道题目有至少两个选项（A、B）至多五个选项（A、B、C、D、E），题目为不定项选择题，请按照以下格式作答：

【思考过程】：...

【最终答案】：AB / BCE / CD / DE / E / ...（只输出选项的编号，不要写选项内容）

示例：
题目：医疗伦理中四大基本原则是？
A.尊重自主权
B.善意行为
C.无害原则
D.公正原则
E.以上都不是
【思考过程】：本题考查医学伦理的四大基本原则，包括尊重自主权、不伤害原则、行善原则、公正原则。

【最终答案】：ABCD

题目：根据相关规定，以下哪些措施属于医疗机构必须建立的机制以保障患者权益？（多选）
A.建立每月医患交流会制度
B.保障患者知情同意权
C.实施医疗决策民主评审机制
D.维护患者合法权益
E.优先保障医院经济效益
【思考过程】：",ABD,Qwen3-235B-A22B,"【思考过程】：根据《医疗机构管理条例》及患者权益保障相关法规，医疗机构必须建立的机制包括：保障患者知情同意权（B）和维护患者合法权益（D）。选项A属于具体沟通形式但非强制要求，C属于医疗质量控制范畴，E违背患者优先原则。

【最终答案】：BD",客观题,BD
数字医疗,"你是一个严格按照要求答题的医学考试考生。请你先展示出完整的思考过程，然后再输出最终答案。每道题目有至少两个选项（A、B）至多五个选项（A、B、C、D、E），题目为不定项选择题，请按照以下格式作答：

【思考过程】：...

【最终答案】：AB / BCE / CD / DE / E / ...（只输出选项的编号，不要写选项内容）

示例：
题目：医疗伦理中四大基本原则是？
A.尊重自主权
B.善意行为
C.无害原则
D.公正原则
E.以上都不是
【思考过程】：本题考查医学伦理的四大基本原则，包括尊重自主权、不伤害原则、行善原则、公正原则。

【最终答案】：ABCD

题目：在远程医疗服务中，违反以下哪些法律法规可能导致卫生健康行政部门的处理？
A.《执业医师法》
B.《医疗机构管理条例》
C.《医疗事故处理条例》
D.《护士条例》
E.《药品管理法》
【思考过程】：",ABCD,Qwen3-235B-A22B,"【思考过程】：本题考查远程医疗服务中可能违反的法律法规。远程医疗作为医疗服务的一种形式，需遵守相关医疗法规。《执业医师法》（A）规范医师执业行为，远程医疗中若存在无证行医或不当执业，可能违反该法；《医疗机构管理条例》（B）涉及医疗机构的设立与管理，远程医疗服务的提供机构需符合该条例；《医疗事故处理条例》（C）适用于医疗事故的预防与处理，远程医疗中若发生医疗事故需依此条例处理；《护士条例》（D）规范护士执业行为，远程医疗中护士若违规操作可能涉及该条例；《药品管理法》（E）涉及药品使用管理，远程医疗中处方开具或药品配送若违规可能触犯该法。以上法律法规均与卫生健康行政部门的监管职责相关，违反后可能导致其处理。

【最终答案】：ABCDE",客观题,ABCDE
数字医疗,"你是一个严格按照要求答题的医学考试考生。请你先展示出完整的思考过程，然后再输出最终答案。每道题目有至少两个选项（A、B）至多五个选项（A、B、C、D、E），题目为不定项选择题，请按照以下格式作答：

【思考过程】：...

【最终答案】：AB / BCE / CD / DE / E / ...（只输出选项的编号，不要写选项内容）

示例：
题目：医疗伦理中四大基本原则是？
A.尊重自主权
B.善意行为
C.无害原则
D.公正原则
E.以上都不是
【思考过程】：本题考查医学伦理的四大基本原则，包括尊重自主权、不伤害原则、行善原则、公正原则。

【最终答案】：ABCD

题目：关于数字医疗数据存储和出境的规定，以下哪些表述符合法律要求？
A.必须将用户数据储存在中国境内服务器
B.经申请可将用户数据移交境外研究机构
C.用户同意即可自由向境外传输数据
D.数据出境需向国家网信部门申报安全评估
E.可通过签署协议直接传输到境外合作医院
【思考过程】：",AD,Qwen3-235B-A22B,"【思考过程】：根据中国《个人信息保护法》和《数据出境安全评估办法》，医疗数据作为敏感个人信息，存储和出境需满足严格条件。A项正确，因法律规定敏感信息原则上应境内存储；B项正确，特殊情况下经批准可出境；D项正确，数据出境需通过网信部门安全评估。C项错误，用户同意不足以直接传输；E项错误，协议不能替代法定评估程序。

【最终答案】：ABD",客观题,ABD
数字医疗,"你是一个严格按照要求答题的医学考试考生。请你先展示出完整的思考过程，然后再输出最终答案。每道题目有至少两个选项（A、B）至多五个选项（A、B、C、D、E），题目为不定项选择题，请按照以下格式作答：

【思考过程】：...

【最终答案】：AB / BCE / CD / DE / E / ...（只输出选项的编号，不要写选项内容）

示例：
题目：医疗伦理中四大基本原则是？
A.尊重自主权
B.善意行为
C.无害原则
D.公正原则
E.以上都不是
【思考过程】：本题考查医学伦理的四大基本原则，包括尊重自主权、不伤害原则、行善原则、公正原则。

【最终答案】：ABCD

题目：在数字医疗场景中，确保存储过程数据完整性时需覆盖的数据类型包括以下哪些？
A.鉴别数据
B.权限分配记录
C.重要视频数据
D.重要配置数据
E.访问日志
【思考过程】：",ACD,Qwen3-235B-A22B,"【思考过程】：本题考查数字医疗场景中确保存储过程数据完整性需覆盖的数据类型。数据完整性要求数据在存储期间未被篡改或破坏。鉴别数据（A）涉及身份验证，若被篡改会导致身份伪造；权限分配记录（B）影响系统权限管理，篡改可能导致越权访问；重要配置数据（D）若被修改可能破坏系统功能；访问日志（E）用于审计追踪，完整性受损会影响安全分析。重要视频数据（C）如医疗影像若被篡改可能影响诊断准确性，因此也需完整性保护。综上，所有选项均需覆盖。

【最终答案】：ABCDE",客观题,ABCDE
数字医疗,"你是一个严格按照要求答题的医学考试考生。请你先展示出完整的思考过程，然后再输出最终答案。每道题目有至少两个选项（A、B）至多五个选项（A、B、C、D、E），题目为不定项选择题，请按照以下格式作答：

【思考过程】：...

【最终答案】：AB / BCE / CD / DE / E / ...（只输出选项的编号，不要写选项内容）

示例：
题目：医疗伦理中四大基本原则是？
A.尊重自主权
B.善意行为
C.无害原则
D.公正原则
E.以上都不是
【思考过程】：本题考查医学伦理的四大基本原则，包括尊重自主权、不伤害原则、行善原则、公正原则。

【最终答案】：ABCD

题目：下列哪几项符合数字医疗中的个人信息保护要求？
A.收集用户可能感兴趣的个人信息以提高服务质量
B.仅采集业务必需的用户个人信息
C.允许医疗机构内部员工无条件访问用户个人信息
D.未经用户授权不得将个人信息用于其他商业目的
E.用户数据必须保存至少5年以备查验
【思考过程】：",BD,Qwen3-235B-A22B,"【思考过程】：选项B符合最小必要原则；选项D符合用户授权要求；选项A涉及非必要信息收集，不符合原则；选项C违反访问控制；选项E未体现普遍适用的保存期限规定。

【最终答案】：BD",客观题,BD
数字医疗,"你是一个严格按照要求答题的医学考试考生。请你先展示出完整的思考过程，然后再输出最终答案。每道题目有至少两个选项（A、B）至多五个选项（A、B、C、D、E），题目为不定项选择题，请按照以下格式作答：

【思考过程】：...

【最终答案】：AB / BCE / CD / DE / E / ...（只输出选项的编号，不要写选项内容）

示例：
题目：医疗伦理中四大基本原则是？
A.尊重自主权
B.善意行为
C.无害原则
D.公正原则
E.以上都不是
【思考过程】：本题考查医学伦理的四大基本原则，包括尊重自主权、不伤害原则、行善原则、公正原则。

【最终答案】：ABCD

题目：以下哪些要求属于数据完整性和保密性相关法规内容？
A.云服务客户的核心数据存储于中国境外以规避风险，B.未经云服务客户授权时禁止第三方管理相关数据，C.通过数据压缩技术保障虚拟机迁移期间的传输效率，D.支持客户部署独立密钥管理体系实现加解密自主权，E.在检测到重要数据完整性受损后启动恢复预案
【思考过程】：",BDE,Qwen3-235B-A22B,"【思考过程】：本题考查数据完整性和保密性相关法规的要求。选项B体现保密性（禁止未授权第三方管理数据），D涉及加密自主权（保密性），E涉及完整性受损后的恢复预案（完整性）。选项A将数据存储境外可能违反数据本地化法规，但题目问的是完整性/保密性法规内容，而非本地化要求，因此A不属于正确选项。C选项的数据压缩技术仅提升传输效率，与安全无关。

【最终答案】：BDE",客观题,BDE
数字医疗,"你是一个严格按照要求答题的医学考试考生。请你先展示出完整的思考过程，然后再输出最终答案。每道题目有至少两个选项（A、B）至多五个选项（A、B、C、D、E），题目为不定项选择题，请按照以下格式作答：

【思考过程】：...

【最终答案】：AB / BCE / CD / DE / E / ...（只输出选项的编号，不要写选项内容）

示例：
题目：医疗伦理中四大基本原则是？
A.尊重自主权
B.善意行为
C.无害原则
D.公正原则
E.以上都不是
【思考过程】：本题考查医学伦理的四大基本原则，包括尊重自主权、不伤害原则、行善原则、公正原则。

【最终答案】：ABCD

题目：以下哪些属于数字医疗法律和监管基础中明确强调的要素？（不定项选择）
A. 强化网络安全机制
B. 提高医疗资源分配效率
C. 确保数据处理的完整性与可用性
D. 推动商业机构盈利优先
E. 建立伦理审查与公平保障
【思考过程】：",ACE,Qwen3-235B-A22B,"【思考过程】：数字医疗法律和监管基础通常强调网络安全（A）、数据完整性与可用性（C）、伦理审查与公平保障（E）。提高资源分配效率（B）和推动盈利优先（D）不符合监管核心要求。

【最终答案】：ACE",客观题,ACE
数字医疗,"你是一个严格按照要求答题的医学考试考生。请你先展示出完整的思考过程，然后再输出最终答案。每道题目有至少两个选项（A、B）至多五个选项（A、B、C、D、E），题目为不定项选择题，请按照以下格式作答：

【思考过程】：...

【最终答案】：AB / BCE / CD / DE / E / ...（只输出选项的编号，不要写选项内容）

示例：
题目：医疗伦理中四大基本原则是？
A.尊重自主权
B.善意行为
C.无害原则
D.公正原则
E.以上都不是
【思考过程】：本题考查医学伦理的四大基本原则，包括尊重自主权、不伤害原则、行善原则、公正原则。

【最终答案】：ABCD

题目：以下哪些属于数据共享时应遵循的核心原则？
A.以盈利为核心目标
B.以信任为基础
C.保护患者个人信息
D.防范程序代码漏洞
E.鼓励数据自由流通
【思考过程】：",BC,Qwen3-235B-A22B,"【思考过程】：数据共享的核心原则包括保护隐私、确保安全、建立信任及合法合规。选项B强调信任基础，C强调隐私保护，D涉及技术安全措施。而A以盈利为目标可能违背伦理，E的“自由流通”忽视必要的管控和隐私保护。因此，正确选项为B、C、D。

【最终答案】：BCD",客观题,BCD
数字医疗,"你是一个严格按照要求答题的医学考试考生。请你先展示出完整的思考过程，然后再输出最终答案。每道题目有至少两个选项（A、B）至多五个选项（A、B、C、D、E），题目为不定项选择题，请按照以下格式作答：

【思考过程】：...

【最终答案】：AB / BCE / CD / DE / E / ...（只输出选项的编号，不要写选项内容）

示例：
题目：医疗伦理中四大基本原则是？
A.尊重自主权
B.善意行为
C.无害原则
D.公正原则
E.以上都不是
【思考过程】：本题考查医学伦理的四大基本原则，包括尊重自主权、不伤害原则、行善原则、公正原则。

【最终答案】：ABCD

题目：以下哪些属于全球数字医疗战略旨在防范的危害？
A.医疗资源分配不均
B.信息误导（信息疫情）
C.健康数据的不当使用
D.种族主义行为
E.患者隐私权受限
【思考过程】：",BCD,Qwen3-235B-A22B,"【思考过程】：本题考查全球数字医疗战略的防范目标。数字医疗战略主要关注数字技术在医疗应用中的风险，如信息误导（B）会误导患者决策，健康数据不当使用（C）威胁数据安全，患者隐私权受限（E）涉及伦理合规问题。医疗资源分配不均（A）是数字医疗旨在解决的问题而非防范的危害，种族主义行为（D）与数字技术无直接关联。

【最终答案】：BCE",客观题,BCE
数字医疗,"你是一个严格按照要求答题的医学考试考生。请你先展示出完整的思考过程，然后再输出最终答案。每道题目有至少两个选项（A、B）至多五个选项（A、B、C、D、E），题目为不定项选择题，请按照以下格式作答：

【思考过程】：...

【最终答案】：AB / BCE / CD / DE / E / ...（只输出选项的编号，不要写选项内容）

示例：
题目：医疗伦理中四大基本原则是？
A.尊重自主权
B.善意行为
C.无害原则
D.公正原则
E.以上都不是
【思考过程】：本题考查医学伦理的四大基本原则，包括尊重自主权、不伤害原则、行善原则、公正原则。

【最终答案】：ABCD

题目：以下哪些属于数字医疗适当使用需考虑的方面？
A.医疗美容服务标准化
B.患者参与和可负担性
C.远程手术优先原则
D.数据安全的保密性
E.知识产权保护
F.数字垃圾处理
【思考过程】：",BDEF,Qwen3-235B-A22B,"【思考过程】：数字医疗的适当使用需综合考虑多方面因素。患者参与和可负担性（B）是核心，确保技术普惠性；数据安全的保密性（D）是基础，保护患者隐私；知识产权保护（E）涉及技术合法合规应用；数字垃圾处理（F）关注环保与可持续发展。医疗美容标准化（A）属于特定领域规范，远程手术优先原则（C）存在技术与伦理争议，并非普遍适用。

【最终答案】：BDEF",客观题,BDEF
数字医疗,"你是一个严格按照要求答题的医学考试考生。请你先展示出完整的思考过程，然后再输出最终答案。每道题目有至少两个选项（A、B）至多五个选项（A、B、C、D、E），题目为不定项选择题，请按照以下格式作答：

【思考过程】：...

【最终答案】：AB / BCE / CD / DE / E / ...（只输出选项的编号，不要写选项内容）

示例：
题目：医疗伦理中四大基本原则是？
A.尊重自主权
B.善意行为
C.无害原则
D.公正原则
E.以上都不是
【思考过程】：本题考查医学伦理的四大基本原则，包括尊重自主权、不伤害原则、行善原则、公正原则。

【最终答案】：ABCD

题目：以下哪一项属于数字医疗战略目标的相关内容？
A.提高医疗收费标准
B.推行技术专利垄断
C.数字卫生保健知识普及
D.性别平等
E.增强妇女权能
【思考过程】：",CDE,Qwen3-235B-A22B,"【思考过程】：本题考查数字医疗战略目标的相关内容。数字医疗战略通常聚焦于技术应用、健康服务普及和效率提升。选项C“数字卫生保健知识普及”直接涉及技术推广与公众教育，属于核心目标。选项A和B与经济利益或技术垄断相关，不符合战略方向。选项D和E虽为社会重要议题，但未明确体现数字医疗特有的战略目标。

【最终答案】：C",客观题,C
数字医疗,"你是一个严格按照要求答题的医学考试考生。请你先展示出完整的思考过程，然后再输出最终答案。每道题目有至少两个选项（A、B）至多五个选项（A、B、C、D、E），题目为不定项选择题，请按照以下格式作答：

【思考过程】：...

【最终答案】：AB / BCE / CD / DE / E / ...（只输出选项的编号，不要写选项内容）

示例：
题目：医疗伦理中四大基本原则是？
A.尊重自主权
B.善意行为
C.无害原则
D.公正原则
E.以上都不是
【思考过程】：本题考查医学伦理的四大基本原则，包括尊重自主权、不伤害原则、行善原则、公正原则。

【最终答案】：ABCD

题目：根据数字卫生保健的相关伦理原则，以下哪些群体是其重点关注的对象？
A.患者
B.家庭
C.社区
D.卫生工作者
E.医疗机构管理人员
【思考过程】：",ABCD,Qwen3-235B-A22B,"【思考过程】：数字卫生保健的伦理原则强调保护直接相关的群体。患者（A）是核心，因其数据隐私和自主权是重点；家庭（B）和社区（C）作为患者的社会支持网络，其利益和数据关联性常被纳入伦理考量；而卫生工作者（D）和管理人员（E）更多是技术应用的执行者，非伦理原则直接保护的对象。

【最终答案】：ABC",客观题,ABC
安宁疗护,"你是一个严格按照要求答题的医学考试考生。请你先展示出完整的思考过程，然后再输出最终答案。每道题目有至少两个选项（A、B）至多五个选项（A、B、C、D、E），题目为不定项选择题，请按照以下格式作答：

【思考过程】：...

【最终答案】：AB / BCE / CD / DE / E / ...（只输出选项的编号，不要写选项内容）

示例：
题目：医疗伦理中四大基本原则是？
A.尊重自主权
B.善意行为
C.无害原则
D.公正原则
E.以上都不是
【思考过程】：本题考查医学伦理的四大基本原则，包括尊重自主权、不伤害原则、行善原则、公正原则。

【最终答案】：ABCD

题目：在安宁疗护医疗场景中，以下哪种情况医疗卫生人员必须依法取得患者或其近亲属的知情同意？
A.实施镇痛性脊髓电刺激手术
B.开展每周常规血压监测
C.使用新型镇痛药物开展临床效果研究
D.进行终末期生命体征的特殊检查
E.在患者意识清醒时向近亲属说明替代医疗方案
【思考过程】：",ACD,Qwen3-235B-A22B,"【思考过程】：根据《医疗机构管理条例》等法律法规，需重点关注以下情形：  
1. **A选项**（镇痛性脊髓电刺激手术）属于侵入性治疗，涉及手术风险，必须取得知情同意。  
2. **C选项**（新型镇痛药物临床研究）属于临床试验，涉及未知风险，需严格履行知情同意程序。  
3. **D选项**（终末期生命体征的特殊检查）若检查具有创伤性或风险性（如深部组织取样），则需知情同意；但若仅为常规监测（如心电图），则无需。题目未明确检查性质，但结合“特殊检查”表述，倾向需知情同意。  
4. **B选项**（常规血压监测）为无创、低风险操作，通常无需单独知情同意。  
5. **E选项**（患者清醒时向家属说明替代方案）违反知情同意优先原则，应直接告知患者本人，无需家属同意。  

**争议点**：D选项中“特殊检查”是否具有风险性需进一步明确，但结合题干“安宁疗护”场景及“特殊检查”常见定义，倾向于需知情同意。  

【最终答案】：ACD",客观题,ACD
安宁疗护,"你是一个严格按照要求答题的医学考试考生。请你先展示出完整的思考过程，然后再输出最终答案。每道题目有至少两个选项（A、B）至多五个选项（A、B、C、D、E），题目为不定项选择题，请按照以下格式作答：

【思考过程】：...

【最终答案】：AB / BCE / CD / DE / E / ...（只输出选项的编号，不要写选项内容）

示例：
题目：医疗伦理中四大基本原则是？
A.尊重自主权
B.善意行为
C.无害原则
D.公正原则
E.以上都不是
【思考过程】：本题考查医学伦理的四大基本原则，包括尊重自主权、不伤害原则、行善原则、公正原则。

【最终答案】：ABCD

题目：在安宁疗护中，以下哪两项属于患者的权利义务范畴？
A.医疗机构可以强制要求患者接受特定治疗
B.患者的隐私权和人格尊严应被保护
C.患者需遵守医疗卫生机构制定的诊疗秩序
D.医务人员可未经许可公开患者病情信息
E.患者可拒绝接受所有医疗建议
【思考过程】：",BC,Qwen3-235B-A22B,"【思考过程】：本题考查安宁疗护中患者的权利与义务。权利方面，隐私权和人格尊严受保护（B）是患者的基本权利。义务方面，患者需遵守医疗机构的诊疗秩序（C）是其应尽的责任。选项A和D均违反患者权利，选项E虽体现自主权，但""拒绝所有医疗建议""可能超出合理范畴，安宁疗护更强调共同决策而非绝对拒绝。

【最终答案】：BC",客观题,BC
安宁疗护,"你是一个严格按照要求答题的医学考试考生。请你先展示出完整的思考过程，然后再输出最终答案。每道题目有至少两个选项（A、B）至多五个选项（A、B、C、D、E），题目为不定项选择题，请按照以下格式作答：

【思考过程】：...

【最终答案】：AB / BCE / CD / DE / E / ...（只输出选项的编号，不要写选项内容）

示例：
题目：医疗伦理中四大基本原则是？
A.尊重自主权
B.善意行为
C.无害原则
D.公正原则
E.以上都不是
【思考过程】：本题考查医学伦理的四大基本原则，包括尊重自主权、不伤害原则、行善原则、公正原则。

【最终答案】：ABCD

题目：医疗卫生机构开展安宁疗护服务时，需要遵守以下哪些规范性文件？
A.临床诊疗指南
B.医院内部操作惯例
C.临床技术操作规范
D.行业标准
E.家属特殊书面要求
【思考过程】：",ACD,Qwen3-235B-A22B,"【思考过程】：安宁疗护服务属于医疗活动，需遵循权威性规范文件。临床诊疗指南（A）和临床技术操作规范（C）是医疗行为的法定依据；行业标准（D）具有强制约束力。医院内部操作惯例（B）非法定规范性文件；家属特殊书面要求（E）属于个体化需求，不构成规范性文件。

【最终答案】：ACD",客观题,ACD
安宁疗护,"你是一个严格按照要求答题的医学考试考生。请你先展示出完整的思考过程，然后再输出最终答案。每道题目有至少两个选项（A、B）至多五个选项（A、B、C、D、E），题目为不定项选择题，请按照以下格式作答：

【思考过程】：...

【最终答案】：AB / BCE / CD / DE / E / ...（只输出选项的编号，不要写选项内容）

示例：
题目：医疗伦理中四大基本原则是？
A.尊重自主权
B.善意行为
C.无害原则
D.公正原则
E.以上都不是
【思考过程】：本题考查医学伦理的四大基本原则，包括尊重自主权、不伤害原则、行善原则、公正原则。

【最终答案】：ABCD

题目：在安宁疗护中，以下哪些行为属于医疗卫生人员的禁止行为？
A. 对患者实施不必要的检查以增加收入
B. 根据患者病情调整药物剂量以减轻痛苦
C. 在接受患者家属自愿赠与后优先安排诊疗服务
D. 严格按照临床诊疗技术规范制定治疗方案
E. 在患者无法支付费用时拒绝继续提供基本医疗服务
【思考过程】：",AC,Qwen3-235B-A22B,"【思考过程】：本题考查安宁疗护中医疗卫生人员的禁止行为。选项A涉及过度医疗以牟利，属于禁止行为；选项B是合理调整剂量，不属禁止范围；选项C涉及收受礼品后优待，违反廉洁规定；选项D是规范诊疗，符合要求；选项E拒绝提供基本医疗，违反医疗伦理。因此禁止行为为A、C、E。

【最终答案】：ACE",客观题,ACE
安宁疗护,"你是一个严格按照要求答题的医学考试考生。请你先展示出完整的思考过程，然后再输出最终答案。每道题目有至少两个选项（A、B）至多五个选项（A、B、C、D、E），题目为不定项选择题，请按照以下格式作答：

【思考过程】：...

【最终答案】：AB / BCE / CD / DE / E / ...（只输出选项的编号，不要写选项内容）

示例：
题目：医疗伦理中四大基本原则是？
A.尊重自主权
B.善意行为
C.无害原则
D.公正原则
E.以上都不是
【思考过程】：本题考查医学伦理的四大基本原则，包括尊重自主权、不伤害原则、行善原则、公正原则。

【最终答案】：ABCD

题目：以下哪些行为违反了医疗卫生人员权益保护的相关规定？
A.向主治医师发送匿名恐吓邮件
B.多次在工作时间外致电护士站咨询病情
C.以虚假信息在社交媒体上诋毁医师专业声誉
D.要求医师自愿代班完成额外诊疗工作
E.患者家属因不满疗效在候诊区静坐抗议
【思考过程】：",AC,Qwen3-235B-A22B,"【思考过程】：本题考查医疗卫生人员权益保护的相关规定。A选项恐吓邮件属于威胁医务人员人身安全，明显违规；C选项诋毁医师声誉侵犯名誉权，属于违规；E选项家属静坐抗议扰乱医疗秩序，违反规定。B选项非工作时间多次致电可能构成骚扰，但需结合是否合理，若为病情咨询且护士站提供相应服务则可能不违规；D选项“自愿代班”若未超时或符合劳动法规定则不违规，题目未明确强制或超时情况，因此不选。

【最终答案】：ACE",客观题,ACE
安宁疗护,"你是一个严格按照要求答题的医学考试考生。请你先展示出完整的思考过程，然后再输出最终答案。每道题目有至少两个选项（A、B）至多五个选项（A、B、C、D、E），题目为不定项选择题，请按照以下格式作答：

【思考过程】：...

【最终答案】：AB / BCE / CD / DE / E / ...（只输出选项的编号，不要写选项内容）

示例：
题目：医疗伦理中四大基本原则是？
A.尊重自主权
B.善意行为
C.无害原则
D.公正原则
E.以上都不是
【思考过程】：本题考查医学伦理的四大基本原则，包括尊重自主权、不伤害原则、行善原则、公正原则。

【最终答案】：ABCD

题目：以下哪个处理公民个人健康信息的行为是合法的？
A.未经本人同意收集肿瘤病史信息
B.向保险公司出售患者临终关怀记录
C.将老年痴呆患者的病历传输给商业机构
D.取得授权后用于多中心安宁疗护研究
E.经配偶同意后出售患者健康数据
【思考过程】：",D,Qwen3-235B-A22B,"【思考过程】：本题考查个人健康信息处理的合法性。根据《个人信息保护法》及医疗相关法规，处理敏感个人信息需取得个人明确同意。A选项未经同意收集肿瘤病史违反法律；B选项向保险公司出售患者记录属于非法披露；C选项未经同意传输病历给商业机构不合法；D选项取得授权后用于研究符合规定；E选项配偶同意不能替代本人同意，除非特定情形，但题目未说明，故不合法。

【最终答案】：D",客观题,D
安宁疗护,"你是一个严格按照要求答题的医学考试考生。请你先展示出完整的思考过程，然后再输出最终答案。每道题目有至少两个选项（A、B）至多五个选项（A、B、C、D、E），题目为不定项选择题，请按照以下格式作答：

【思考过程】：...

【最终答案】：AB / BCE / CD / DE / E / ...（只输出选项的编号，不要写选项内容）

示例：
题目：医疗伦理中四大基本原则是？
A.尊重自主权
B.善意行为
C.无害原则
D.公正原则
E.以上都不是
【思考过程】：本题考查医学伦理的四大基本原则，包括尊重自主权、不伤害原则、行善原则、公正原则。

【最终答案】：ABCD

题目：以下关于安宁疗护机构违法行为的罚款倍数组合，哪一个是正确的？
A.无证执业处15-20倍罚款；伪造证件处5-15倍罚款
B.无证执业处5-20倍罚款；伪造证件处5-15倍罚款
C.无证执业处5-10倍罚款；伪造证件处10-20倍罚款
D.无证执业处10-25倍罚款；伪造证件处5-10倍罚款
【思考过程】：",B,Qwen3-235B-A22B,"【思考过程】：根据《医疗机构管理条例》（2022修订）第四十三条，未取得《医疗机构执业许可证》擅自执业的，罚款5-20倍违法所得；转让、伪造、涂改许可证的，罚款5-15倍违法所得。题目中“无证执业”对应前者，“伪造证件”对应后者，因此选项B符合法规规定。

【最终答案】：B",客观题,B
安宁疗护,"你是一个严格按照要求答题的医学考试考生。请你先展示出完整的思考过程，然后再输出最终答案。每道题目有至少两个选项（A、B）至多五个选项（A、B、C、D、E），题目为不定项选择题，请按照以下格式作答：

【思考过程】：...

【最终答案】：AB / BCE / CD / DE / E / ...（只输出选项的编号，不要写选项内容）

示例：
题目：医疗伦理中四大基本原则是？
A.尊重自主权
B.善意行为
C.无害原则
D.公正原则
E.以上都不是
【思考过程】：本题考查医学伦理的四大基本原则，包括尊重自主权、不伤害原则、行善原则、公正原则。

【最终答案】：ABCD

题目：以下哪些行为违反了医疗卫生机构的管理规定？
A.公立医院与外资企业共同投资设立独立法人资格的康复中心
B.政府办的医院与民营企业合作设立非独立法人资格的诊所
C.三甲医院将后勤清洁服务外包给第三方公司
D.非营利性医疗机构通过高薪聘请举办者亲属变相分配收益
E.非营利性私立医院将年度盈余分配给投资者
【思考过程】：",BDE,Qwen3-235B-A22B,"【思考过程】：本题考查医疗卫生机构管理规定中的禁止行为。根据《医疗机构管理条例》及国家卫健委相关规定：  
1. **选项A**：公立医院不得与社会资本（含外资）合资设立具有独立法人资格的医疗机构，属于违规合作形式。  
2. **选项B**：政府办医院与民营企业合作设立非独立法人机构（如合作诊所），属于变相科室承包或利益分配，违反“禁止公立医院与社会资本非规范合作”的规定。  
3. **选项C**：三甲医院将后勤服务（如清洁）外包属常规操作，不涉及医疗核心业务，不违规。  
4. **选项D**：非营利性医疗机构通过高薪聘请亲属变相分配收益，实质违反“非营利性机构不得变相分配利润”的规定。  
5. **选项E**：非营利性私立医院分配盈余给投资者，直接违反《企业所得税法》及非营利性机构管理要求。  

【最终答案】：ABDE",客观题,ABDE
安宁疗护,"你是一个严格按照要求答题的医学考试考生。请你先展示出完整的思考过程，然后再输出最终答案。每道题目有至少两个选项（A、B）至多五个选项（A、B、C、D、E），题目为不定项选择题，请按照以下格式作答：

【思考过程】：...

【最终答案】：AB / BCE / CD / DE / E / ...（只输出选项的编号，不要写选项内容）

示例：
题目：医疗伦理中四大基本原则是？
A.尊重自主权
B.善意行为
C.无害原则
D.公正原则
E.以上都不是
【思考过程】：本题考查医学伦理的四大基本原则，包括尊重自主权、不伤害原则、行善原则、公正原则。

【最终答案】：ABCD

题目：某医院因安宁疗护病区医疗信息安全制度不健全导致患者信息泄露，根据相关法规，卫生健康主管部门可对其处以多少金额的罚款？
A.五千元以上三万元以下
B.一万元以上三万元以下
C.一万元以上五万元以下
D.没收违法所得并处十万元以下罚款
E.责令停业整顿
【思考过程】：",C,Qwen3-235B-A22B,"【思考过程】：本题考查《医疗纠纷预防和处理条例》中关于患者信息泄露的处罚规定。根据该条例第四十七条，医疗机构泄露患者隐私或个人信息的，由卫生健康主管部门警告并处1万至5万元罚款；情节严重者处罚更重。题目未提及情节严重，故罚款范围应为1万至5万元。选项C符合此规定，其他选项或金额不符或涉及额外处罚（如没收违法所得、停业整顿），与题干条件不符。

【最终答案】：C",客观题,C
安宁疗护,"你是一个严格按照要求答题的医学考试考生。请你先展示出完整的思考过程，然后再输出最终答案。每道题目有至少两个选项（A、B）至多五个选项（A、B、C、D、E），题目为不定项选择题，请按照以下格式作答：

【思考过程】：...

【最终答案】：AB / BCE / CD / DE / E / ...（只输出选项的编号，不要写选项内容）

示例：
题目：医疗伦理中四大基本原则是？
A.尊重自主权
B.善意行为
C.无害原则
D.公正原则
E.以上都不是
【思考过程】：本题考查医学伦理的四大基本原则，包括尊重自主权、不伤害原则、行善原则、公正原则。

【最终答案】：ABCD

题目：在安宁疗护服务中，医疗卫生人员的下列哪些行为可能面临行政处罚？
A.向患者家属暗示需要礼品才优先安排护理服务
B.将患者病情细节上传至社交平台
C.开展新型镇痛疗法研究时未向伦理委员会申报
D.擅自将家属签字的手术同意书销毁
E.未取得患者同意即进行高风险生命维持操作
【思考过程】：",ABC,Qwen3-235B-A22B,"【思考过程】：本题考查安宁疗护服务中医疗卫生人员可能面临行政处罚的行为。根据《执业医师法》《医疗纠纷预防和处理条例》《涉及人的生物医学研究伦理审查办法》等法规：
A选项涉及索要财物，违反《医疗卫生行风建设九不准》；
B选项泄露患者隐私，违反《个人信息保护法》和《执业医师法》；
C选项未申报伦理审查，违反科研伦理规定；
D选项销毁病历资料，违反《医疗纠纷预防和处理条例》；
E选项侵犯知情同意权，属于严重违规操作。

【最终答案】：ABCDE",客观题,ABCDE
安宁疗护,"你是一个严格按照要求答题的医学考试考生。请你先展示出完整的思考过程，然后再输出最终答案。每道题目有至少两个选项（A、B）至多五个选项（A、B、C、D、E），题目为不定项选择题，请按照以下格式作答：

【思考过程】：...

【最终答案】：AB / BCE / CD / DE / E / ...（只输出选项的编号，不要写选项内容）

示例：
题目：医疗伦理中四大基本原则是？
A.尊重自主权
B.善意行为
C.无害原则
D.公正原则
E.以上都不是
【思考过程】：本题考查医学伦理的四大基本原则，包括尊重自主权、不伤害原则、行善原则、公正原则。

【最终答案】：ABCD

题目：以下哪些行为违反《基本医疗卫生与健康促进法》，应依法给予治安管理处罚？
A.非法买卖公民个人健康信息
B.拒绝为临终患者提供止疼药物
C.在安宁疗护病房内大声喧哗并推搡医护人员
D.未征得家属同意开展输血治疗
E.未按要求报告传染病疑似病例
【思考过程】：",AC,Qwen3-235B-A22B,"【思考过程】：根据《基本医疗卫生与健康促进法》及相关法律：  
A项涉及非法买卖公民个人信息，属于治安处罚范围；  
C项扰乱医疗机构秩序，符合治安处罚条件；  
B、D、E分别涉及医疗伦理、知情同意权和传染病报告义务，通常属于行政处分或刑事责任，而非治安管理处罚。  

【最终答案】：AC",客观题,AC
安宁疗护,"你是一个严格按照要求答题的医学考试考生。请你先展示出完整的思考过程，然后再输出最终答案。每道题目有至少两个选项（A、B）至多五个选项（A、B、C、D、E），题目为不定项选择题，请按照以下格式作答：

【思考过程】：...

【最终答案】：AB / BCE / CD / DE / E / ...（只输出选项的编号，不要写选项内容）

示例：
题目：医疗伦理中四大基本原则是？
A.尊重自主权
B.善意行为
C.无害原则
D.公正原则
E.以上都不是
【思考过程】：本题考查医学伦理的四大基本原则，包括尊重自主权、不伤害原则、行善原则、公正原则。

【最终答案】：ABCD

题目：以下哪些属于赡养人应当履行的法定义务？（多选）
A.监督老年人的财产分配
B.对老年人提供经济上的供养
C.承担老年人全部的医疗决策责任
D.对老年人进行生活上的照料
E.满足老年人的特殊需求
F.定期给予老年人精神慰藉
【思考过程】：",BDEF,Qwen3-235B-A22B,"【思考过程】：根据《中华人民共和国老年人权益保障法》第十四条，赡养人应履行经济供养、生活照料、精神慰藉义务，并照顾老年人的特殊需要。选项B（经济供养）、D（生活照料）符合直接规定；E（满足特殊需求）对应“照顾特殊需要”；F（定期精神慰藉）对应法律中“经常看望或问候”的要求。选项A（监督财产分配）属于监护或继承范畴，非赡养义务；C（全部医疗决策责任）超出赡养范围，仅需经济支持而非全部决策责任。

【最终答案】：BDEF",客观题,BDEF
安宁疗护,"你是一个严格按照要求答题的医学考试考生。请你先展示出完整的思考过程，然后再输出最终答案。每道题目有至少两个选项（A、B）至多五个选项（A、B、C、D、E），题目为不定项选择题，请按照以下格式作答：

【思考过程】：...

【最终答案】：AB / BCE / CD / DE / E / ...（只输出选项的编号，不要写选项内容）

示例：
题目：医疗伦理中四大基本原则是？
A.尊重自主权
B.善意行为
C.无害原则
D.公正原则
E.以上都不是
【思考过程】：本题考查医学伦理的四大基本原则，包括尊重自主权、不伤害原则、行善原则、公正原则。

【最终答案】：ABCD

题目：以下哪些属于赡养人在安宁疗护中对生活不能自理老年人的法定义务？
A.使患病老年人及时得到治疗和护理
B.必须亲自照料生活不能自理的老年人
C.为经济困难老年人提供医疗费用
D.不能照料时可自行委托养老机构
E.承担生活不能自理老年人的照料责任
【思考过程】：",ACE,Qwen3-235B-A22B,"【思考过程】：根据《老年人权益保障法》，赡养人需确保老年人及时获得治疗护理（A正确）。对生活不能自理的老年人，赡养人应承担照料责任（E正确），但非必须亲自照料，可委托他人或机构（B错误，D描述的是权利而非义务）。赡养人还需为经济困难老人支付医疗费用（C正确）。因此，正确选项为A、C、E。

【最终答案】：ACE",客观题,ACE
安宁疗护,"你是一个严格按照要求答题的医学考试考生。请你先展示出完整的思考过程，然后再输出最终答案。每道题目有至少两个选项（A、B）至多五个选项（A、B、C、D、E），题目为不定项选择题，请按照以下格式作答：

【思考过程】：...

【最终答案】：AB / BCE / CD / DE / E / ...（只输出选项的编号，不要写选项内容）

示例：
题目：医疗伦理中四大基本原则是？
A.尊重自主权
B.善意行为
C.无害原则
D.公正原则
E.以上都不是
【思考过程】：本题考查医学伦理的四大基本原则，包括尊重自主权、不伤害原则、行善原则、公正原则。

【最终答案】：ABCD

题目：在安宁疗护中，以下哪些属于家庭成员或用人单位的法定义务？
A.家庭成员应当关心老年人的精神需求
B.家庭成员需优先满足老年人物质需求
C.分开居住的成员每月上门探视一次
D.用人单位应保障老年人的探亲休假权利
E.用人单位需保障赡养人的探亲休假权利
【思考过程】：",AE,Qwen3-235B-A22B,"【思考过程】：根据《中华人民共和国老年人权益保障法》相关规定，家庭成员有义务关心老年人精神需求（A正确）和定期探视（C正确）。用人单位需保障赡养人（职工）的探亲休假权利（E正确），而非老年人本人（D错误）。B选项“优先满足物质需求”不符合法律表述，法律要求物质与精神并重。

【最终答案】：ACE",客观题,ACE
安宁疗护,"你是一个严格按照要求答题的医学考试考生。请你先展示出完整的思考过程，然后再输出最终答案。每道题目有至少两个选项（A、B）至多五个选项（A、B、C、D、E），题目为不定项选择题，请按照以下格式作答：

【思考过程】：...

【最终答案】：AB / BCE / CD / DE / E / ...（只输出选项的编号，不要写选项内容）

示例：
题目：医疗伦理中四大基本原则是？
A.尊重自主权
B.善意行为
C.无害原则
D.公正原则
E.以上都不是
【思考过程】：本题考查医学伦理的四大基本原则，包括尊重自主权、不伤害原则、行善原则、公正原则。

【最终答案】：ABCD

题目：以下哪些行为违反了""禁止对老年人实施家庭暴力""的规定？
A.未告知患者替老年痴呆症患者签署镇静剂使用同意书
B.要求患有高血压的老年人每日转账才提供饮食
C.三个月未更换失能老人的褥疮护理用品
D.因认知退化频繁指责老人""活着是累赘""
E.监护人限制有走失风险老人单独外出时间
【思考过程】：",BCD,Qwen3-235B-A22B,"【思考过程】：本题考查对老年人家庭暴力的界定。家庭暴力包括身体、情感、经济虐待及疏忽照顾。选项B通过经济控制剥夺基本生活需求（饮食）属于经济与身体虐待；C长期未更换护理用品属于疏忽照顾；D频繁辱骂贬低属于心理虐待。选项A涉及医疗知情同意问题，若患者无决策能力则代签合法，不属于暴力；E为防止走失限制外出属于合理监护。因此，B、C、D符合家庭暴力定义。

【最终答案】：BCD",客观题,BCD
安宁疗护,"你是一个严格按照要求答题的医学考试考生。请你先展示出完整的思考过程，然后再输出最终答案。每道题目有至少两个选项（A、B）至多五个选项（A、B、C、D、E），题目为不定项选择题，请按照以下格式作答：

【思考过程】：...

【最终答案】：AB / BCE / CD / DE / E / ...（只输出选项的编号，不要写选项内容）

示例：
题目：医疗伦理中四大基本原则是？
A.尊重自主权
B.善意行为
C.无害原则
D.公正原则
E.以上都不是
【思考过程】：本题考查医学伦理的四大基本原则，包括尊重自主权、不伤害原则、行善原则、公正原则。

【最终答案】：ABCD

题目：以下哪种情形属于地方人民政府应当给予供养或救助的老年人范围？
A.子女有稳定收入但患有慢性病的老年人
B.无赡养人且无生活来源的老年人
C.赡养人因残疾完全丧失劳动能力的老年人
D.流浪乞讨且无户籍的老年人
E.生活无着但未签订遗赠扶养协议的老年人
【思考过程】：",BCDE,Qwen3-235B-A22B,"【思考过程】：本题考查地方人民政府应当给予供养或救助的老年人范围。根据《中华人民共和国老年人权益保障法》第三十一条及《社会救助暂行办法》相关规定：

1. **选项B**：无赡养人且无生活来源的老年人，属于“三无”人员（无劳动能力、无生活来源、无赡养人），符合政府供养条件。
2. **选项C**：赡养人因残疾完全丧失劳动能力，属于赡养人确无赡养能力的情形，政府应给予供养或救助。
3. **选项D**：流浪乞讨且无户籍的老年人，若符合“三无”条件（无赡养人、无劳动能力、无收入），地方政府应依法安置或提供救助。
4. **选项E**：生活无着但未签订遗赠扶养协议的老年人，需结合赡养人是否存在或是否有赡养能力判断。若生活无着是因赡养人不存在或无能力，即使未签订协议，仍属于政府救助范围。但题目未明确赡养人情况，存在歧义。
5. **选项A**：子女有稳定收入但患病，若子女具备赡养能力，政府无需供养。

综合法律条款及选项描述，**选项B、C、D**明确符合政府供养或救助条件，而**选项E**因赡养人情况不明确，可能不符合。  

【最终答案】：BCD",客观题,BCD
安宁疗护,"你是一个严格按照要求答题的医学考试考生。请你先展示出完整的思考过程，然后再输出最终答案。每道题目有至少两个选项（A、B）至多五个选项（A、B、C、D、E），题目为不定项选择题，请按照以下格式作答：

【思考过程】：...

【最终答案】：AB / BCE / CD / DE / E / ...（只输出选项的编号，不要写选项内容）

示例：
题目：医疗伦理中四大基本原则是？
A.尊重自主权
B.善意行为
C.无害原则
D.公正原则
E.以上都不是
【思考过程】：本题考查医学伦理的四大基本原则，包括尊重自主权、不伤害原则、行善原则、公正原则。

【最终答案】：ABCD

题目：以下哪种情况的老年人符合国家规定的救助条件？
A.老年人有退休金但不足以支付医疗费用
B.老年人无生活来源，子女无经济能力
C.老年人无劳动能力但拥有房产
D.赡养人拒绝履行赡养义务，老年人无收入
E.流浪乞讨的老年人
【思考过程】：",BE,Qwen3-235B-A22B,"【思考过程】：本题考查国家对老年人救助条件的认定。根据相关政策，符合救助的情况包括：B（无生活来源且子女无赡养能力）、D（赡养人拒不履行义务致无收入）、E（流浪乞讨）。而A（有退休金但不足）和C（有房产但无劳动能力）可能因财产或收入不达标被排除。

【最终答案】：BDE",客观题,BDE
安宁疗护,"你是一个严格按照要求答题的医学考试考生。请你先展示出完整的思考过程，然后再输出最终答案。每道题目有至少两个选项（A、B）至多五个选项（A、B、C、D、E），题目为不定项选择题，请按照以下格式作答：

【思考过程】：...

【最终答案】：AB / BCE / CD / DE / E / ...（只输出选项的编号，不要写选项内容）

示例：
题目：医疗伦理中四大基本原则是？
A.尊重自主权
B.善意行为
C.无害原则
D.公正原则
E.以上都不是
【思考过程】：本题考查医学伦理的四大基本原则，包括尊重自主权、不伤害原则、行善原则、公正原则。

【最终答案】：ABCD

题目：以下哪些服务属于医疗机构应为老年人提供的医疗服务范畴？
A.家庭病床服务
B.专场商业健康讲座
C.巡回医疗和护理
D.付费体检项目
E.社区急救技能培训
【思考过程】：",AC,Qwen3-235B-A22B,"【思考过程】：根据《老年人权益保障法》及医疗机构服务规范，家庭病床服务（A）和巡回医疗护理（C）属于医疗机构应为老年人提供的必要医疗服务。专场商业健康讲座（B）具有营利性质，付费体检（D）非强制免费项目，社区急救技能培训（E）通常由社会组织承担，故不属于医疗机构必须提供的服务范畴。

【最终答案】：AC",客观题,AC
安宁疗护,"你是一个严格按照要求答题的医学考试考生。请你先展示出完整的思考过程，然后再输出最终答案。每道题目有至少两个选项（A、B）至多五个选项（A、B、C、D、E），题目为不定项选择题，请按照以下格式作答：

【思考过程】：...

【最终答案】：AB / BCE / CD / DE / E / ...（只输出选项的编号，不要写选项内容）

示例：
题目：医疗伦理中四大基本原则是？
A.尊重自主权
B.善意行为
C.无害原则
D.公正原则
E.以上都不是
【思考过程】：本题考查医学伦理的四大基本原则，包括尊重自主权、不伤害原则、行善原则、公正原则。

【最终答案】：ABCD

题目：以下哪些行为可能被依法追究责任？
A. 干涉老年人婚姻自由
B. 拒绝履行赡养义务导致老人营养不良
C. 因教育目的短暂限制老人自由
D. 与老人争执时推搡使其轻微擦伤
E. 未经许可转租老人名下房产
【思考过程】：",ABD,Qwen3-235B-A22B,"【思考过程】：本题考查哪些行为可能被依法追究法律责任。A选项干涉老年人婚姻自由违反《老年人权益保障法》，应追责；B选项拒绝赡养导致老人营养不良构成遗弃罪或民事责任；C选项短暂限制自由即使以教育为目的，仍属非法拘禁，违反《治安管理处罚法》或构成民事侵权；D选项推搡致伤需承担侵权或治安责任；E选项未经许可转租房产侵犯财产权，需民事或刑事追责。根据法律，所有选项均存在被追责的可能性。

【最终答案】：ABCDE",客观题,ABCDE
安宁疗护,"你是一个严格按照要求答题的医学考试考生。请你先展示出完整的思考过程，然后再输出最终答案。每道题目有至少两个选项（A、B）至多五个选项（A、B、C、D、E），题目为不定项选择题，请按照以下格式作答：

【思考过程】：...

【最终答案】：AB / BCE / CD / DE / E / ...（只输出选项的编号，不要写选项内容）

示例：
题目：医疗伦理中四大基本原则是？
A.尊重自主权
B.善意行为
C.无害原则
D.公正原则
E.以上都不是
【思考过程】：本题考查医学伦理的四大基本原则，包括尊重自主权、不伤害原则、行善原则、公正原则。

【最终答案】：ABCD

题目：下列哪项不属于养老机构侵害老年人权益可能承担的法律责任？
A. 依法承担民事责任
B. 有关主管部门依法给予行政处罚
C. 构成犯罪的依法追究刑事责任
D. 被上级管理机构处以纪律处分
E. 接受社会道德谴责
【思考过程】：",DE,Qwen3-235B-A22B,"【思考过程】：题目要求找出不属于法律责任的选项。法律责任通常包括民事责任（A）、行政责任（B、D）和刑事责任（C）。纪律处分（D）属于内部行政处分，仍属行政责任范畴；而社会道德谴责（E）是道德约束，非法律责任。因此，E不属于法律责任，D可能存在争议但通常归类为行政责任。根据题干要求，答案应为E。

【最终答案】：E",客观题,E
安宁疗护,"你是一个严格按照要求答题的医学考试考生。请你先展示出完整的思考过程，然后再输出最终答案。每道题目有至少两个选项（A、B）至多五个选项（A、B、C、D、E），题目为不定项选择题，请按照以下格式作答：

【思考过程】：...

【最终答案】：AB / BCE / CD / DE / E / ...（只输出选项的编号，不要写选项内容）

示例：
题目：医疗伦理中四大基本原则是？
A.尊重自主权
B.善意行为
C.无害原则
D.公正原则
E.以上都不是
【思考过程】：本题考查医学伦理的四大基本原则，包括尊重自主权、不伤害原则、行善原则、公正原则。

【最终答案】：ABCD

题目：以下关于安宁疗护病房配置的规范要求，正确的组合是：
A. 每床净使用面积≥5㎡，部分病房设置为上下铺床位以节省空间
B. 单人病房间距不限，多人病房每床配备紫外线消毒灯
C. 多人病房配备隔帘，每床配置呼叫装置、可调节高度的安全床挡
D. 设置集中呼叫系统，床位间设置可移动隔断
【思考过程】：",C,Qwen3-235B-A22B,"【思考过程】：根据安宁疗护病房的规范要求，每床净使用面积应≥6㎡且不应设置上下铺（排除A）。单人病房需保持合理间距，多人病房通常通过隔帘或固定隔断分隔，而非每床单独紫外线消毒灯（排除B）。选项C中多人病房配备隔帘、每床独立呼叫装置及可调节安全床挡均符合规范。选项D的“集中呼叫系统”与“每床独立呼叫装置”冲突，但床位间可移动隔断符合隐私要求，但整体描述不严谨，故排除D。

【最终答案】：C",客观题,C
安宁疗护,"你是一个严格按照要求答题的医学考试考生。请你先展示出完整的思考过程，然后再输出最终答案。每道题目有至少两个选项（A、B）至多五个选项（A、B、C、D、E），题目为不定项选择题，请按照以下格式作答：

【思考过程】：...

【最终答案】：AB / BCE / CD / DE / E / ...（只输出选项的编号，不要写选项内容）

示例：
题目：医疗伦理中四大基本原则是？
A.尊重自主权
B.善意行为
C.无害原则
D.公正原则
E.以上都不是
【思考过程】：本题考查医学伦理的四大基本原则，包括尊重自主权、不伤害原则、行善原则、公正原则。

【最终答案】：ABCD

题目：以下哪项不属于安宁疗护机构关怀室（告别室）设置应满足的条件？
A.设置民族习惯相关文化器具
B.配置日常家属需求收集系统
C.配备可容纳多人告别的影音设施
D.未经家属同意可简化遗体处理流程
E.安装符合传统祭祀仪式的装饰物
【思考过程】：",D,Qwen3-235B-A22B,"【思考过程】：安宁疗护机构的关怀室设置需符合文化习俗、家属需求及伦理规范。A（民族器具）和E（传统装饰）符合文化需求；C（影音设施）满足实际告别功能。B（需求收集系统）属于服务流程而非物理设置，D（未经同意简化遗体处理）违反伦理原则。因此，B和D不属于设置条件。

【最终答案】：BD",客观题,BD
安宁疗护,"你是一个严格按照要求答题的医学考试考生。请你先展示出完整的思考过程，然后再输出最终答案。每道题目有至少两个选项（A、B）至多五个选项（A、B、C、D、E），题目为不定项选择题，请按照以下格式作答：

【思考过程】：...

【最终答案】：AB / BCE / CD / DE / E / ...（只输出选项的编号，不要写选项内容）

示例：
题目：医疗伦理中四大基本原则是？
A.尊重自主权
B.善意行为
C.无害原则
D.公正原则
E.以上都不是
【思考过程】：本题考查医学伦理的四大基本原则，包括尊重自主权、不伤害原则、行善原则、公正原则。

【最终答案】：ABCD

题目：以下哪项属于安宁疗护中心医疗质量安全管理部门或专职人员的职责？
A.每季度对规章制度落实情况进行一次全面检查
B.对医疗质量、医院感染管理及一次性医疗器具管理进行检查
C.监测重点部门和普通患者安全因素并提出控制措施
D.监督医疗废物的管理并提出质量控制改进意见
E.负责医院年度科研项目拨款预算的审查
【思考过程】：",BD,Qwen3-235B-A22B,"【思考过程】：安宁疗护中心医疗质量安全管理部门的职责主要包括监督医疗质量、规章制度执行、感染控制、医疗废物管理及风险因素监测等。选项A涉及规章制度检查，符合职责；选项B涵盖医疗质量、感染及器具管理，属于核心职责；选项C针对患者安全因素监测，符合安全管理范畴；选项D涉及医疗废物监管，属于感染控制环节；选项E为科研预算审查，与医疗质量安全无直接关联。

【最终答案】：ABCD",客观题,ABCD
安宁疗护,"你是一个严格按照要求答题的医学考试考生。请你先展示出完整的思考过程，然后再输出最终答案。每道题目有至少两个选项（A、B）至多五个选项（A、B、C、D、E），题目为不定项选择题，请按照以下格式作答：

【思考过程】：...

【最终答案】：AB / BCE / CD / DE / E / ...（只输出选项的编号，不要写选项内容）

示例：
题目：医疗伦理中四大基本原则是？
A.尊重自主权
B.善意行为
C.无害原则
D.公正原则
E.以上都不是
【思考过程】：本题考查医学伦理的四大基本原则，包括尊重自主权、不伤害原则、行善原则、公正原则。

【最终答案】：ABCD

题目：安宁疗护过程中，针对医疗器械的使用规范，哪几项要求必须严格执行？
A.接触患者黏膜的器具需达到灭菌水平
B.进入无菌器官的器械必须采用消毒处理
C.一次性器具经高温灭菌后可循环使用
D.遵循《医院感染管理办法》的灭菌/消毒分级制度
E.允许在紧急情况下重复使用全密封包装的无菌器械
【思考过程】：",D,Qwen3-235B-A22B,"【思考过程】：本题考查安宁疗护中医疗器械的使用规范。  
- **选项A**：接触黏膜的器具需达到灭菌水平。根据《医院感染管理办法》及消毒规范，接触黏膜的器械（如内镜）需灭菌处理，而非仅消毒。因此A正确。  
- **选项B**：进入无菌器官的器械必须采用消毒处理。进入无菌器官的器械需达到灭菌水平，仅消毒无法满足要求，因此B错误。  
- **选项C**：一次性器具经高温灭菌后可循环使用。一次性器具设计为单次使用，即使灭菌后也不能循环使用，C错误。  
- **选项D**：遵循《医院感染管理办法》的灭菌/消毒分级制度。这是医疗机构必须遵守的法规要求，D正确。  
- **选项E**：允许在紧急情况下重复使用全密封包装的无菌器械。一次性无菌器械无论是否紧急均不可重复使用，E错误。  

【最终答案】：AD",客观题,AD
安宁疗护,"你是一个严格按照要求答题的医学考试考生。请你先展示出完整的思考过程，然后再输出最终答案。每道题目有至少两个选项（A、B）至多五个选项（A、B、C、D、E），题目为不定项选择题，请按照以下格式作答：

【思考过程】：...

【最终答案】：AB / BCE / CD / DE / E / ...（只输出选项的编号，不要写选项内容）

示例：
题目：医疗伦理中四大基本原则是？
A.尊重自主权
B.善意行为
C.无害原则
D.公正原则
E.以上都不是
【思考过程】：本题考查医学伦理的四大基本原则，包括尊重自主权、不伤害原则、行善原则、公正原则。

【最终答案】：ABCD

题目：在安宁疗护病房中，护士发现一位患者需要紧急使用镇痛药物，下列哪些行为符合特殊管理药品的使用规定？
A.在药品登记表中仅标注药品名称和用量
B.使用后完整登记药品批号及剩余量
C.由两名护士共同核对患者身份信息
D.将未用完的残留药液直接排入水槽
E.因患者意识模糊未向其解释药物风险
【思考过程】：",BC,Qwen3-235B-A22B,"【思考过程】：特殊管理药品（如麻醉药品）的使用需严格遵守双人核对、详细登记及规范处置的要求。选项B强调登记批号及剩余量，符合可追溯性要求；选项C的双人核对身份信息符合安全用药规范；选项A登记内容不完整、D违规处置残留药液、E违反知情同意原则，均不符合规定。

【最终答案】：BC",客观题,BC
安宁疗护,"你是一个严格按照要求答题的医学考试考生。请你先展示出完整的思考过程，然后再输出最终答案。每道题目有至少两个选项（A、B）至多五个选项（A、B、C、D、E），题目为不定项选择题，请按照以下格式作答：

【思考过程】：...

【最终答案】：AB / BCE / CD / DE / E / ...（只输出选项的编号，不要写选项内容）

示例：
题目：医疗伦理中四大基本原则是？
A.尊重自主权
B.善意行为
C.无害原则
D.公正原则
E.以上都不是
【思考过程】：本题考查医学伦理的四大基本原则，包括尊重自主权、不伤害原则、行善原则、公正原则。

【最终答案】：ABCD

题目：以下哪些风险属于医疗机构在安宁疗护中必须评估的高危患者风险？
A.跌倒
B.坠床
C.呛咳
D.自杀
E.压疮
【思考过程】：",ABDE,Qwen3-235B-A22B,"【思考过程】：本题考查安宁疗护中必须评估的高危患者风险。安宁疗护患者因身体虚弱、长期卧床或药物影响，易发生跌倒（A）、坠床（B）等意外事件；压疮（E）是长期卧床患者的常见并发症，需重点评估预防。呛咳（C）多为症状表现，提示吞咽或呼吸功能障碍，但并非直接风险；自杀（D）风险虽存在，但通常针对特定心理状态患者，非所有高危患者的常规评估项。

【最终答案】：ABE",客观题,ABE
安宁疗护,"你是一个严格按照要求答题的医学考试考生。请你先展示出完整的思考过程，然后再输出最终答案。每道题目有至少两个选项（A、B）至多五个选项（A、B、C、D、E），题目为不定项选择题，请按照以下格式作答：

【思考过程】：...

【最终答案】：AB / BCE / CD / DE / E / ...（只输出选项的编号，不要写选项内容）

示例：
题目：医疗伦理中四大基本原则是？
A.尊重自主权
B.善意行为
C.无害原则
D.公正原则
E.以上都不是
【思考过程】：本题考查医学伦理的四大基本原则，包括尊重自主权、不伤害原则、行善原则、公正原则。

【最终答案】：ABCD

题目：安宁疗护中心存在以下哪些情形时，卫生计生行政部门会依法依规从严从重处理？
A.使用未取得执业资格的护士进行临终患者护理
B.因消毒流程疏漏导致患者群体性感染
C.管理制度未备案但未造成实际影响
D.违反医疗广告管理办法发布虚假宣传
E.对非紧急医疗需求响应延迟超过12小时
【思考过程】：",ABD,Qwen3-235B-A22B,"【思考过程】：本题考查安宁疗护中心因违规行为被卫生计生行政部门从严从重处理的情形。  
A选项涉及使用无执业资格护士，违反《护士条例》，属于严重违法行为，直接影响患者安全，应从严处理。  
B选项因消毒疏漏导致群体感染，违反《传染病防治法》和《医院感染管理办法》，属于重大医疗事故，必然从严处理。  
C选项未备案但无实际影响，属于程序性轻微违规，通常不会被从严处理。  
D选项发布虚假广告违反《医疗广告管理办法》，属于明确的违法行为，卫生行政部门有权处理并依法处罚。  
E选项非紧急需求延迟响应，属于服务质量问题，但无明确法规要求必须从严处理。  

【最终答案】：ABD",客观题,ABD
安宁疗护,"你是一个严格按照要求答题的医学考试考生。请你先展示出完整的思考过程，然后再输出最终答案。每道题目有至少两个选项（A、B）至多五个选项（A、B、C、D、E），题目为不定项选择题，请按照以下格式作答：

【思考过程】：...

【最终答案】：AB / BCE / CD / DE / E / ...（只输出选项的编号，不要写选项内容）

示例：
题目：医疗伦理中四大基本原则是？
A.尊重自主权
B.善意行为
C.无害原则
D.公正原则
E.以上都不是
【思考过程】：本题考查医学伦理的四大基本原则，包括尊重自主权、不伤害原则、行善原则、公正原则。

【最终答案】：ABCD

题目：以下哪些属于安宁疗护的核心服务内容？
A.优先治愈终末期疾病
B.提供躯体症状的缓解措施
C.个性化宗教仪式服务
D.患者精神心理辅导
E.协调患者社会支持体系
【思考过程】：",BDE,Qwen3-235B-A22B,"【思考过程】：安宁疗护的核心是为终末期患者提供身心社灵全面照护，以缓解症状、提高生活质量为目标，而非追求治愈（排除A）。躯体症状缓解（B）、心理精神支持（D）及社会支持协调（E）均为其核心内容。宗教仪式服务（C）可能作为个性化需求被考虑，但非核心服务。

【最终答案】：BDE",客观题,BDE
安宁疗护,"你是一个严格按照要求答题的医学考试考生。请你先展示出完整的思考过程，然后再输出最终答案。每道题目有至少两个选项（A、B）至多五个选项（A、B、C、D、E），题目为不定项选择题，请按照以下格式作答：

【思考过程】：...

【最终答案】：AB / BCE / CD / DE / E / ...（只输出选项的编号，不要写选项内容）

示例：
题目：医疗伦理中四大基本原则是？
A.尊重自主权
B.善意行为
C.无害原则
D.公正原则
E.以上都不是
【思考过程】：本题考查医学伦理的四大基本原则，包括尊重自主权、不伤害原则、行善原则、公正原则。

【最终答案】：ABCD

题目：以下哪一项不属于老年安宁疗护病区的主要服务内容？
A.症状控制与身体痛苦缓解
B.家属经济援助计划
C.患者家属哀伤辅导
D.积极延长寿​命的医疗干预
E.精神心理支持与社会关怀
【思考过程】：",D,Qwen3-235B-A22B,"【思考过程】：老年安宁疗护的核心目标是为终末期患者提供全面支持，包括症状控制（A）、心理社会支持（E）、家属哀伤辅导（C），而非积极延长寿命（D）。积极延长寿命的医疗干预（如手术、化疗等）属于常规治疗而非安宁疗护范畴。家属经济援助（B）虽可能间接涉及，但并非其主要服务内容。

【最终答案】：BD",客观题,BD
安宁疗护,"你是一个严格按照要求答题的医学考试考生。请你先展示出完整的思考过程，然后再输出最终答案。每道题目有至少两个选项（A、B）至多五个选项（A、B、C、D、E），题目为不定项选择题，请按照以下格式作答：

【思考过程】：...

【最终答案】：AB / BCE / CD / DE / E / ...（只输出选项的编号，不要写选项内容）

示例：
题目：医疗伦理中四大基本原则是？
A.尊重自主权
B.善意行为
C.无害原则
D.公正原则
E.以上都不是
【思考过程】：本题考查医学伦理的四大基本原则，包括尊重自主权、不伤害原则、行善原则、公正原则。

【最终答案】：ABCD

题目：关于老年安宁疗护病区的环境处理，以下哪项措施是正确的？
A.服务对象离开后立即进行常规清洁
B.每月对病房进行一次终末消毒
C.服务对象离开后必须进行终末消毒处理
D.家属可自行清扫后接收新患者
【思考过程】：",C,Qwen3-235B-A22B,"【思考过程】：老年安宁疗护病区的环境处理需严格遵循感染控制规范。选项A要求服务对象离开后立即进行常规清洁，符合及时维护卫生的要求；选项C强调终末消毒的必要性，属于标准流程。选项B将终末消毒频率设定为每月一次，违背按需执行原则；选项D允许家属自行清扫，存在感染风险。因此正确选项为A、C。

【最终答案】：AC",客观题,AC
安宁疗护,"你是一个严格按照要求答题的医学考试考生。请你先展示出完整的思考过程，然后再输出最终答案。每道题目有至少两个选项（A、B）至多五个选项（A、B、C、D、E），题目为不定项选择题，请按照以下格式作答：

【思考过程】：...

【最终答案】：AB / BCE / CD / DE / E / ...（只输出选项的编号，不要写选项内容）

示例：
题目：医疗伦理中四大基本原则是？
A.尊重自主权
B.善意行为
C.无害原则
D.公正原则
E.以上都不是
【思考过程】：本题考查医学伦理的四大基本原则，包括尊重自主权、不伤害原则、行善原则、公正原则。

【最终答案】：ABCD

题目：安宁疗护无障碍设计的合规标准要求是什么？
A.GB 55019
B.GB 55020
C.WS/T 510
D.WS/T 520
E.ISO 13485
【思考过程】：",AC,Qwen3-235B-A22B,"【思考过程】：本题考查安宁疗护无障碍设计的合规标准。GB 55019《建筑与市政工程无障碍通用规范》是强制性国家标准，适用于各类建筑和市政工程的无障碍设计，符合安宁疗护机构的无障碍要求。其他选项中，GB 55020为建筑给水排水规范，WS/T 510和WS/T 520涉及医院感染管理，ISO 13485为医疗器械质量体系，均与无障碍设计无关。

【最终答案】：A",客观题,A
安宁疗护,"你是一个严格按照要求答题的医学考试考生。请你先展示出完整的思考过程，然后再输出最终答案。每道题目有至少两个选项（A、B）至多五个选项（A、B、C、D、E），题目为不定项选择题，请按照以下格式作答：

【思考过程】：...

【最终答案】：AB / BCE / CD / DE / E / ...（只输出选项的编号，不要写选项内容）

示例：
题目：医疗伦理中四大基本原则是？
A.尊重自主权
B.善意行为
C.无害原则
D.公正原则
E.以上都不是
【思考过程】：本题考查医学伦理的四大基本原则，包括尊重自主权、不伤害原则、行善原则、公正原则。

【最终答案】：ABCD

题目：以下哪些管理制度是安宁疗护机构必须建立的？（多选）
A.财务管理报销制度
B.老年患者档案管理制度
C.设施设备定期校准制度
D.护理人员资质审查制度
E.医疗废弃物分类制度
【思考过程】：",CD,Qwen3-235B-A22B,"【思考过程】：安宁疗护机构作为医疗机构，需遵守相关法规。老年患者档案管理（B）是患者信息管理的基础；设施设备定期校准（C）确保诊疗准确性；护理人员资质审查（D）保障护理质量；医疗废弃物分类（E）是防控感染的基本要求。财务管理报销制度（A）虽普遍适用，但并非医疗专项制度。根据规范要求，B、C、D、E均为必须建立的专项制度。

【最终答案】：BCDE",客观题,BCDE
安宁疗护,"你是一个严格按照要求答题的医学考试考生。请你先展示出完整的思考过程，然后再输出最终答案。每道题目有至少两个选项（A、B）至多五个选项（A、B、C、D、E），题目为不定项选择题，请按照以下格式作答：

【思考过程】：...

【最终答案】：AB / BCE / CD / DE / E / ...（只输出选项的编号，不要写选项内容）

示例：
题目：医疗伦理中四大基本原则是？
A.尊重自主权
B.善意行为
C.无害原则
D.公正原则
E.以上都不是
【思考过程】：本题考查医学伦理的四大基本原则，包括尊重自主权、不伤害原则、行善原则、公正原则。

【最终答案】：ABCD

题目：根据临终关怀室隐私保护要求，以下哪两项措施符合规定？
A.每床位加装透明玻璃窗方便观察
B.相邻床位之间使用高密度隔音板
C.采用可移动屏风替代物理隔断
D.每个床位区域配备独立呼叫系统
【思考过程】：",BD,Qwen3-235B-A22B,"【思考过程】：本题考查临终关怀室隐私保护措施。选项A的透明玻璃窗会暴露患者隐私，不符合要求。选项B的高密度隔音板能有效减少声音传播，保护患者谈话隐私。选项C的可移动屏风可提供视觉隔离，符合隐私保护要求。选项D的独立呼叫系统主要提升护理效率，与隐私保护无直接关联。因此，符合规定的两项为B和C。

【最终答案】：BC",客观题,BC
安宁疗护,"你是一个严格按照要求答题的医学考试考生。请你先展示出完整的思考过程，然后再输出最终答案。每道题目有至少两个选项（A、B）至多五个选项（A、B、C、D、E），题目为不定项选择题，请按照以下格式作答：

【思考过程】：...

【最终答案】：AB / BCE / CD / DE / E / ...（只输出选项的编号，不要写选项内容）

示例：
题目：医疗伦理中四大基本原则是？
A.尊重自主权
B.善意行为
C.无害原则
D.公正原则
E.以上都不是
【思考过程】：本题考查医学伦理的四大基本原则，包括尊重自主权、不伤害原则、行善原则、公正原则。

【最终答案】：ABCD

题目：以下哪些做法符合安宁疗护服务中关于维护服务对象权益和尊严的要求？
A. 在多人病房内设置独立隔间保护隐私
B. 强制使用镇静剂以减少患者情绪波动
C. 征得患者同意后再调整镇痛方案
D. 允许家属参与护理决策但忽略患者本人意愿
E. 在走廊讨论病情以便快速协调医疗资源
【思考过程】：",AC,Qwen3-235B-A22B,"【思考过程】：安宁疗护强调尊重患者权益和尊严，包括保护隐私、尊重自主决策权等。选项A通过设置独立隔间保护患者隐私，符合要求；选项C调整镇痛方案前征得患者同意，体现尊重自主权。选项B强制使用镇静剂侵犯患者自主权；选项D忽略患者本人意愿直接违背尊重原则；选项E在公共区域讨论病情泄露隐私。

【最终答案】：AC",客观题,AC
安宁疗护,"你是一个严格按照要求答题的医学考试考生。请你先展示出完整的思考过程，然后再输出最终答案。每道题目有至少两个选项（A、B）至多五个选项（A、B、C、D、E），题目为不定项选择题，请按照以下格式作答：

【思考过程】：...

【最终答案】：AB / BCE / CD / DE / E / ...（只输出选项的编号，不要写选项内容）

示例：
题目：医疗伦理中四大基本原则是？
A.尊重自主权
B.善意行为
C.无害原则
D.公正原则
E.以上都不是
【思考过程】：本题考查医学伦理的四大基本原则，包括尊重自主权、不伤害原则、行善原则、公正原则。

【最终答案】：ABCD

题目：在安宁疗护中，与老年人及相关第三方确定临终关怀服务时，以下哪些属于必须告知的法定内容？
A.服务接受方的宗教信仰限制
B.服务过程中的权责划分
C.是否允许家属随时终止服务
D.服务的具体内容与流程
E.预期达到的治疗效果
【思考过程】：",BDE,Qwen3-235B-A22B,"【思考过程】：本题考查安宁疗护中必须告知的法定内容。根据《安宁疗护中心基本标准（试行）》及《医疗纠纷预防和处理条例》，服务提供方需明确告知服务内容与流程（D）、权责划分（B）、预期治疗效果（E）以及患者及家属的权利（包括终止服务的权利，C）。而选项A“服务接受方的宗教信仰限制”属于患者自身情况，而非服务提供方的义务，因此不属于必须告知的法定内容。

【最终答案】：BCDE",客观题,BCDE
安宁疗护,"你是一个严格按照要求答题的医学考试考生。请你先展示出完整的思考过程，然后再输出最终答案。每道题目有至少两个选项（A、B）至多五个选项（A、B、C、D、E），题目为不定项选择题，请按照以下格式作答：

【思考过程】：...

【最终答案】：AB / BCE / CD / DE / E / ...（只输出选项的编号，不要写选项内容）

示例：
题目：医疗伦理中四大基本原则是？
A.尊重自主权
B.善意行为
C.无害原则
D.公正原则
E.以上都不是
【思考过程】：本题考查医学伦理的四大基本原则，包括尊重自主权、不伤害原则、行善原则、公正原则。

【最终答案】：ABCD

题目：以下哪项属于安宁疗护中社工服务的内容？
A.提供心理疏导和精神支持
B.多陪伴交流
C.帮助服务对象消除所有负面情绪
D.制定详细的医疗治疗方案
【思考过程】：",AB,Qwen3-235B-A22B,"【思考过程】：安宁疗护中社工服务的主要职责包括心理疏导、情感支持、陪伴交流以及协助患者及家属应对心理社会问题。选项A（提供心理疏导和精神支持）和B（多陪伴交流）符合社工的核心职能。选项C（消除所有负面情绪）过于绝对，社工无法完全消除情绪问题，而是帮助应对。选项D（制定医疗方案）属于医疗团队职责，非社工工作范围。

【最终答案】：AB",客观题,AB
安宁疗护,"你是一个严格按照要求答题的医学考试考生。请你先展示出完整的思考过程，然后再输出最终答案。每道题目有至少两个选项（A、B）至多五个选项（A、B、C、D、E），题目为不定项选择题，请按照以下格式作答：

【思考过程】：...

【最终答案】：AB / BCE / CD / DE / E / ...（只输出选项的编号，不要写选项内容）

示例：
题目：医疗伦理中四大基本原则是？
A.尊重自主权
B.善意行为
C.无害原则
D.公正原则
E.以上都不是
【思考过程】：本题考查医学伦理的四大基本原则，包括尊重自主权、不伤害原则、行善原则、公正原则。

【最终答案】：ABCD

题目：在安宁疗护中，以下哪些属于为服务对象亲属提供的社工服务？
A.引导亲属与服务对象沟通交流
B.为亲属探视创造便利条件
C.代亲属签署医疗同意书
D.限制亲属探视次数以维持秩序
【思考过程】：",AB,Qwen3-235B-A22B,"【思考过程】：安宁疗护中的社工服务主要聚焦于支持亲属的心理社会需求，而非医疗决策或行政限制。A项“引导亲属与服务对象沟通交流”符合社工促进家庭沟通、情感支持的职责；B项“为亲属探视创造便利条件”属于协助安排探视流程、协调资源的范畴。C项“代亲属签署医疗同意书”涉及医疗法律行为，通常由家属自行完成；D项“限制探视次数”属于机构管理措施，非社工服务目标。

【最终答案】：AB",客观题,AB
安宁疗护,"你是一个严格按照要求答题的医学考试考生。请你先展示出完整的思考过程，然后再输出最终答案。每道题目有至少两个选项（A、B）至多五个选项（A、B、C、D、E），题目为不定项选择题，请按照以下格式作答：

【思考过程】：...

【最终答案】：AB / BCE / CD / DE / E / ...（只输出选项的编号，不要写选项内容）

示例：
题目：医疗伦理中四大基本原则是？
A.尊重自主权
B.善意行为
C.无害原则
D.公正原则
E.以上都不是
【思考过程】：本题考查医学伦理的四大基本原则，包括尊重自主权、不伤害原则、行善原则、公正原则。

【最终答案】：ABCD

题目：以下哪项措施属于安宁疗护中医护人员指导下的舒缓不适症状实施内容？
A.手术治疗
B.用药
C.各种专业护理措施
D.心理治疗
E.陪伴交流
【思考过程】：",BCE,Qwen3-235B-A22B,"【思考过程】：安宁疗护的核心是缓解不适症状，提供患者生活质量。用药（B）、专业护理措施（C）直接针对症状进行缓解；心理治疗（D）和陪伴交流（E）则从心理和社会支持层面减轻患者痛苦。手术治疗（A）通常属于根治性治疗，不属于舒缓性措施。

【最终答案】：BCDE",客观题,BCDE
安宁疗护,"你是一个严格按照要求答题的医学考试考生。请你先展示出完整的思考过程，然后再输出最终答案。每道题目有至少两个选项（A、B）至多五个选项（A、B、C、D、E），题目为不定项选择题，请按照以下格式作答：

【思考过程】：...

【最终答案】：AB / BCE / CD / DE / E / ...（只输出选项的编号，不要写选项内容）

示例：
题目：医疗伦理中四大基本原则是？
A.尊重自主权
B.善意行为
C.无害原则
D.公正原则
E.以上都不是
【思考过程】：本题考查医学伦理的四大基本原则，包括尊重自主权、不伤害原则、行善原则、公正原则。

【最终答案】：ABCD

题目：在安宁疗护中，以下哪些属于医护人员的核心服务内容？
A.实施手术治愈疾病
B.进行症状控制
C.使用昂贵仪器延长生命
D.缓解服务对象的痛苦
E.提供化疗治疗方案
【思考过程】：",BD,Qwen3-235B-A22B,"【思考过程】：安宁疗护的核心目标是缓解终末期患者的痛苦并提高其生活质量，而非追求疾病治愈或延长生命。选项B（症状控制）和D（缓解痛苦）直接符合这一原则。A（手术治愈）和E（化疗方案）属于治疗性措施，与安宁疗护的缓和目标相悖。C（昂贵仪器延长生命）违背安宁疗护的伦理原则。因此正确答案为B、D。

【最终答案】：BD",客观题,BD
安宁疗护,"你是一个严格按照要求答题的医学考试考生。请你先展示出完整的思考过程，然后再输出最终答案。每道题目有至少两个选项（A、B）至多五个选项（A、B、C、D、E），题目为不定项选择题，请按照以下格式作答：

【思考过程】：...

【最终答案】：AB / BCE / CD / DE / E / ...（只输出选项的编号，不要写选项内容）

示例：
题目：医疗伦理中四大基本原则是？
A.尊重自主权
B.善意行为
C.无害原则
D.公正原则
E.以上都不是
【思考过程】：本题考查医学伦理的四大基本原则，包括尊重自主权、不伤害原则、行善原则、公正原则。

【最终答案】：ABCD

题目：下列哪一选项不符合服务对象离世后的处理要求？
A.保持其身体清洁
B.调整其体位至自然状态
C.对其进行基本的外观整理以确保尊严
D.依照家属要求为其化妆以修饰外观
E.清洁其面部并维持温和表情
【思考过程】：",D,Qwen3-235B-A22B,"【思考过程】：题目考查对离世者遗体处理规范的理解。标准处理包括保持清洁（A）、调整自然体位（B）、维护尊严的外观整理（C）、清洁面部维持安详状态（E）。而选项D“依照家属要求化妆”可能涉及过度修饰或改变遗容，不符合常规处理原则，属于不当操作。

【最终答案】：D",客观题,D
安宁疗护,"你是一个严格按照要求答题的医学考试考生。请你先展示出完整的思考过程，然后再输出最终答案。每道题目有至少两个选项（A、B）至多五个选项（A、B、C、D、E），题目为不定项选择题，请按照以下格式作答：

【思考过程】：...

【最终答案】：AB / BCE / CD / DE / E / ...（只输出选项的编号，不要写选项内容）

示例：
题目：医疗伦理中四大基本原则是？
A.尊重自主权
B.善意行为
C.无害原则
D.公正原则
E.以上都不是
【思考过程】：本题考查医学伦理的四大基本原则，包括尊重自主权、不伤害原则、行善原则、公正原则。

【最终答案】：ABCD

题目：以下哪一项属于安宁疗护机构在患者离世后应履行的义务？
A.全权负责葬礼流程设计
B.协助相关第三方完成殡葬事宜
C.为家属提供哀伤心理辅导
D.向家属发放经济援助金
【思考过程】：",BC,Qwen3-235B-A22B,"【思考过程】：安宁疗护机构的核心职责是提供医疗护理、心理支持及临终关怀，而非直接处理殡葬或经济援助。选项A“全权负责葬礼流程设计”不符合其职责范围，因殡葬事务通常由家属或殡仪机构主导。选项B“协助相关第三方完成殡葬事宜”符合实际，如提供死亡证明或协调后续流程。选项C“哀伤心理辅导”是安宁疗护的重要组成部分，属于常规服务。选项D“发放经济援助金”并非机构普遍义务，可能涉及其他社会福利机构。因此正确答案为B和C。

【最终答案】：BC",客观题,BC
安宁疗护,"你是一个严格按照要求答题的医学考试考生。请你先展示出完整的思考过程，然后再输出最终答案。每道题目有至少两个选项（A、B）至多五个选项（A、B、C、D、E），题目为不定项选择题，请按照以下格式作答：

【思考过程】：...

【最终答案】：AB / BCE / CD / DE / E / ...（只输出选项的编号，不要写选项内容）

示例：
题目：医疗伦理中四大基本原则是？
A.尊重自主权
B.善意行为
C.无害原则
D.公正原则
E.以上都不是
【思考过程】：本题考查医学伦理的四大基本原则，包括尊重自主权、不伤害原则、行善原则、公正原则。

【最终答案】：ABCD

题目：以下哪项措施最符合“加强评估和观察，防范意外”的要求？
A.在值班护士交班时集中检查体征
B.每天定时进行两次综合评估并记录行为异常风险
C.仅在患者主诉不适时安排专科医师会诊
D.要求家属每12小时提交书面病情报告
E.安装离床报警系统并实时监测睡眠状态
【思考过程】：",BE,Qwen3-235B-A22B,"【思考过程】：题目要求选择符合“加强评估和观察，防范意外”的措施。选项B通过定时综合评估和记录行为异常风险，主动识别潜在风险，符合要求。选项E通过技术手段实时监测患者状态（如离床、睡眠），可及时发现异常并预警，有效防范意外。其他选项中，A仅在交班时检查体征缺乏持续性；C依赖患者主诉，被动且可能遗漏；D依赖家属报告且间隔过长，均不符合主动加强观察的要求。

【最终答案】：BE",客观题,BE
安宁疗护,"你是一个严格按照要求答题的医学考试考生。请你先展示出完整的思考过程，然后再输出最终答案。每道题目有至少两个选项（A、B）至多五个选项（A、B、C、D、E），题目为不定项选择题，请按照以下格式作答：

【思考过程】：...

【最终答案】：AB / BCE / CD / DE / E / ...（只输出选项的编号，不要写选项内容）

示例：
题目：医疗伦理中四大基本原则是？
A.尊重自主权
B.善意行为
C.无害原则
D.公正原则
E.以上都不是
【思考过程】：本题考查医学伦理的四大基本原则，包括尊重自主权、不伤害原则、行善原则、公正原则。

【最终答案】：ABCD

题目：根据相关规定，对有自残、自杀倾向的安宁疗护服务对象应采取哪些措施？
A.早预防
B.早诊断
C.早发现
D.早干预
E.早治疗
【思考过程】：",ACD,Qwen3-235B-A22B,"【思考过程】：本题考查安宁疗护中对自残、自杀倾向患者的处理措施。安宁疗护强调对临终患者的心理支持和风险防控。对于此类患者，应注重预防风险事件的发生（A），通过定期评估早期识别风险（C），并及时采取干预措施（如心理疏导、环境调整、精神科会诊等）（D）。早诊断（B）和早治疗（E）虽可能涉及潜在精神问题的处理，但题目更侧重于针对自残/自杀倾向的直接措施，因此优先选择预防、发现和干预三个环节。

【最终答案】：ACD",客观题,ACD
安宁疗护,"你是一个严格按照要求答题的医学考试考生。请你先展示出完整的思考过程，然后再输出最终答案。每道题目有至少两个选项（A、B）至多五个选项（A、B、C、D、E），题目为不定项选择题，请按照以下格式作答：

【思考过程】：...

【最终答案】：AB / BCE / CD / DE / E / ...（只输出选项的编号，不要写选项内容）

示例：
题目：医疗伦理中四大基本原则是？
A.尊重自主权
B.善意行为
C.无害原则
D.公正原则
E.以上都不是
【思考过程】：本题考查医学伦理的四大基本原则，包括尊重自主权、不伤害原则、行善原则、公正原则。

【最终答案】：ABCD

题目：以下哪些服务属于安宁疗护的规范化服务内容？
A.医疗干预服务
B.日常护理服务
C.心理咨询服务
D.法律纠纷调解服务
E.营养强化补充服务
【思考过程】：",ABC,Qwen3-235B-A22B,"【思考过程】：安宁疗护的核心服务包括医疗干预（如症状控制）、日常护理（基础生活支持）、心理咨询（心理社会支持）及营养支持。法律纠纷调解不属于规范化服务内容。根据国内安宁疗护规范，医疗干预（A）、日常护理（B）、心理咨询（C）和营养强化补充（E）均属于其服务范畴，而法律纠纷调解（D）为干扰项。

【最终答案】：ABCE",客观题,ABCE
安宁疗护,"你是一个严格按照要求答题的医学考试考生。请你先展示出完整的思考过程，然后再输出最终答案。每道题目有至少两个选项（A、B）至多五个选项（A、B、C、D、E），题目为不定项选择题，请按照以下格式作答：

【思考过程】：...

【最终答案】：AB / BCE / CD / DE / E / ...（只输出选项的编号，不要写选项内容）

示例：
题目：医疗伦理中四大基本原则是？
A.尊重自主权
B.善意行为
C.无害原则
D.公正原则
E.以上都不是
【思考过程】：本题考查医学伦理的四大基本原则，包括尊重自主权、不伤害原则、行善原则、公正原则。

【最终答案】：ABCD

题目：以下哪项做法符合安宁疗护的伦理要求？
A. 根据老年患者本人意愿制定护理计划
B. 完全按照老年人家属要求实施治疗
C. 综合老年人与家属意愿提供全面照护以提高临终生活质量
D. 以延长生存时间为目标采取积极抢救措施
E. 在家属反对时根据患者意愿停止心理支持
【思考过程】：",C,Qwen3-235B-A22B,"【思考过程】：安宁疗护的核心在于尊重患者自主权、维护其生活质量及尊严，同时兼顾家属合理需求。选项A强调患者本人意愿，符合伦理要求。选项C体现综合患者与家属意愿提升临终质量，符合“全人护理”理念。选项B过度依赖家属要求，违背患者中心原则；选项D强调延长生命而非改善质量，与安宁疗护目标相悖；选项E中停止心理支持可能损害患者利益，除非患者明确拒绝，但题干未明确患者意愿，故不符合伦理规范。

【最终答案】：AC",客观题,AC
安宁疗护,"你是一个严格按照要求答题的医学考试考生。请你先展示出完整的思考过程，然后再输出最终答案。每道题目有至少两个选项（A、B）至多五个选项（A、B、C、D、E），题目为不定项选择题，请按照以下格式作答：

【思考过程】：...

【最终答案】：AB / BCE / CD / DE / E / ...（只输出选项的编号，不要写选项内容）

示例：
题目：医疗伦理中四大基本原则是？
A.尊重自主权
B.善意行为
C.无害原则
D.公正原则
E.以上都不是
【思考过程】：本题考查医学伦理的四大基本原则，包括尊重自主权、不伤害原则、行善原则、公正原则。

【最终答案】：ABCD

题目：在安宁疗护过程中，以下哪些做法符合“尊重老年人人格并维护其个人权益，保护其隐私”的要求？
A.向家属隐瞒老年人的真实病情以回避纠纷，B.在疗护计划制定时征求老年人本人意见，C.允许护工在未取得授权时向社区人员报告患者用药情况，D.在公共区域讨论病情时主动隐去患者姓名，E.因护理需要将老年人约束带固定在床
【思考过程】：",BD,Qwen3-235B-A22B,"【思考过程】：选项B体现了尊重老年人的自主决策权，符合尊重人格和维护权益的要求。选项D通过隐去姓名保护患者隐私，符合隐私保护原则。选项A侵犯了患者的知情权，不符合要求。选项C未经授权泄露用药情况属于隐私泄露，不符合。选项E使用约束带可能侵犯患者自由权，除非有明确医疗必要性且无法替代，但题目未明确合理性，因此不符合题干要求。

【最终答案】：BD",客观题,BD
安宁疗护,"你是一个严格按照要求答题的医学考试考生。请你先展示出完整的思考过程，然后再输出最终答案。每道题目有至少两个选项（A、B）至多五个选项（A、B、C、D、E），题目为不定项选择题，请按照以下格式作答：

【思考过程】：...

【最终答案】：AB / BCE / CD / DE / E / ...（只输出选项的编号，不要写选项内容）

示例：
题目：医疗伦理中四大基本原则是？
A.尊重自主权
B.善意行为
C.无害原则
D.公正原则
E.以上都不是
【思考过程】：本题考查医学伦理的四大基本原则，包括尊重自主权、不伤害原则、行善原则、公正原则。

【最终答案】：ABCD

题目：在安宁疗护服务中，以下哪项不属于服务人员应具备的素质和职责要求？
A.尊重老年人隐私
B.定期向家属详细汇报病人每日情况
C.语言亲切、有礼
D.工作耐心、细致
E.富有爱心和同情心
【思考过程】：",B,Qwen3-235B-A22B,"【思考过程】：安宁疗护服务人员需具备尊重隐私、沟通技巧、耐心细致及同理心等核心素质。选项B要求定期向家属详细汇报每日情况，可能超出常规职责范围，因沟通频率和内容应视患者及家属需求而定，而非机械式每日详细汇报。其他选项均为基本职业素养。

【最终答案】：B",客观题,B
安宁疗护,"你是一个严格按照要求答题的医学考试考生。请你先展示出完整的思考过程，然后再输出最终答案。每道题目有至少两个选项（A、B）至多五个选项（A、B、C、D、E），题目为不定项选择题，请按照以下格式作答：

【思考过程】：...

【最终答案】：AB / BCE / CD / DE / E / ...（只输出选项的编号，不要写选项内容）

示例：
题目：医疗伦理中四大基本原则是？
A.尊重自主权
B.善意行为
C.无害原则
D.公正原则
E.以上都不是
【思考过程】：本题考查医学伦理的四大基本原则，包括尊重自主权、不伤害原则、行善原则、公正原则。

【最终答案】：ABCD

题目：对疼痛老年人进行护理时，需要评估以下哪些内容？
A.疼痛程度
B.疼痛类型
C.患者睡眠质量
D.疼痛部位
E.持续时间
【思考过程】：",ADE,Qwen3-235B-A22B,"【思考过程】：本题考查对疼痛老年人进行护理时的评估内容。疼痛评估需包括疼痛的直接属性及对生活的影响。疼痛程度（A）、疼痛类型（B）、疼痛部位（D）、持续时间（E）是疼痛评估的核心要素。患者睡眠质量（C）属于疼痛对日常生活影响的评估内容，因此也需要评估。

【最终答案】：ABCDE",客观题,ABCDE
安宁疗护,"你是一个严格按照要求答题的医学考试考生。请你先展示出完整的思考过程，然后再输出最终答案。每道题目有至少两个选项（A、B）至多五个选项（A、B、C、D、E），题目为不定项选择题，请按照以下格式作答：

【思考过程】：...

【最终答案】：AB / BCE / CD / DE / E / ...（只输出选项的编号，不要写选项内容）

示例：
题目：医疗伦理中四大基本原则是？
A.尊重自主权
B.善意行为
C.无害原则
D.公正原则
E.以上都不是
【思考过程】：本题考查医学伦理的四大基本原则，包括尊重自主权、不伤害原则、行善原则、公正原则。

【最终答案】：ABCD

题目：当安宁疗护中的老年患者出现严重心理问题时，以下哪项处理方式符合法律规定？
A.由家属进行心理疏导
B.由护工定期给予情绪支持
C.由护士尝试安慰沟通
D.转介至专业心理治疗师
E.暂不干预并观察两周
【思考过程】：",D,Qwen3-235B-A22B,"【思考过程】：根据《精神卫生法》及相关医疗法规，医疗机构对患者心理问题需采取必要措施。家属、护工或护士的非专业干预可能无法满足法律对专业性的要求，而转介专业心理治疗师符合法律对专业医疗行为的规定。暂不干预或仅提供基础支持可能违反及时治疗义务。

【最终答案】：D",客观题,D
安宁疗护,"你是一个严格按照要求答题的医学考试考生。请你先展示出完整的思考过程，然后再输出最终答案。每道题目有至少两个选项（A、B）至多五个选项（A、B、C、D、E），题目为不定项选择题，请按照以下格式作答：

【思考过程】：...

【最终答案】：AB / BCE / CD / DE / E / ...（只输出选项的编号，不要写选项内容）

示例：
题目：医疗伦理中四大基本原则是？
A.尊重自主权
B.善意行为
C.无害原则
D.公正原则
E.以上都不是
【思考过程】：本题考查医学伦理的四大基本原则，包括尊重自主权、不伤害原则、行善原则、公正原则。

【最终答案】：ABCD

题目：以下哪种做法符合安宁疗护中对患者后事处理的规定？
A.完全根据医院标准化流程处理后事
B.依据老人的生前遗嘱和当地习俗指导家属
C.主治医生直接决定遗体处理方式
D.要求家属必须达成统一处理意见后实施
【思考过程】：",B,Qwen3-235B-A22B,"【思考过程】：安宁疗护强调尊重患者自主权和尊严，处理后事时应优先考虑患者的生前遗嘱，并结合当地习俗以尊重文化背景。选项B符合这一原则。选项A忽视个体意愿，C由医生单方面决定不符合伦理，D可能因家属分歧延误处理，且非核心原则。

【最终答案】：B",客观题,B
安宁疗护,"你是一个严格按照要求答题的医学考试考生。请你先展示出完整的思考过程，然后再输出最终答案。每道题目有至少两个选项（A、B）至多五个选项（A、B、C、D、E），题目为不定项选择题，请按照以下格式作答：

【思考过程】：...

【最终答案】：AB / BCE / CD / DE / E / ...（只输出选项的编号，不要写选项内容）

示例：
题目：医疗伦理中四大基本原则是？
A.尊重自主权
B.善意行为
C.无害原则
D.公正原则
E.以上都不是
【思考过程】：本题考查医学伦理的四大基本原则，包括尊重自主权、不伤害原则、行善原则、公正原则。

【最终答案】：ABCD

题目：以下哪些方式符合安宁疗护法律要求的居丧期随访形式？
A.家庭访问
B.电话沟通
C.纸质信件
D.社交平台私信
E.门诊复查
【思考过程】：",BCD,Qwen3-235B-A22B,"【思考过程】：安宁疗护的居丧期随访需符合法律规范。家庭访问（A）和电话沟通（B）是常见且合法的直接联系方式；门诊复查（E）可能涉及家属后续心理支持或事务处理，属于合法形式。纸质信件（C）虽传统但可能不符合现代法律对时效性的要求；社交平台私信（D）存在隐私泄露风险，通常不被允许。

【最终答案】：ABE",客观题,ABE
安宁疗护,"你是一个严格按照要求答题的医学考试考生。请你先展示出完整的思考过程，然后再输出最终答案。每道题目有至少两个选项（A、B）至多五个选项（A、B、C、D、E），题目为不定项选择题，请按照以下格式作答：

【思考过程】：...

【最终答案】：AB / BCE / CD / DE / E / ...（只输出选项的编号，不要写选项内容）

示例：
题目：医疗伦理中四大基本原则是？
A.尊重自主权
B.善意行为
C.无害原则
D.公正原则
E.以上都不是
【思考过程】：本题考查医学伦理的四大基本原则，包括尊重自主权、不伤害原则、行善原则、公正原则。

【最终答案】：ABCD

题目：以下哪项属于允许入住关怀区的老人需满足的条件之一？
A.经医疗机构诊断为癌症中期的患者
B.各种原因导致单器官衰竭的老人
C.预计存活期超过1年的其他疾病失代偿期患者
D.居家老人生命末期无服务需求者
E.器官衰竭治疗有效且存活期超过6个月的老人
【思考过程】：",B,Qwen3-235B-A22B,"【思考过程】：本题考查入住关怀区的条件。关怀区通常适用于生命末期或疾病终末期患者。选项A为癌症中期，可能仍存在治疗可能，预期存活期较长，不符合；选项B为单器官衰竭，若为终末期不可逆（如终末期肾病、心衰等），则符合条件；选项C预计存活期超过1年，不符合生命末期标准；选项D无服务需求者无需入住；选项E治疗有效且存活期超6个月，不符合临终关怀要求。因此，正确选项为B。

【最终答案】：B",客观题,B
安宁疗护,"你是一个严格按照要求答题的医学考试考生。请你先展示出完整的思考过程，然后再输出最终答案。每道题目有至少两个选项（A、B）至多五个选项（A、B、C、D、E），题目为不定项选择题，请按照以下格式作答：

【思考过程】：...

【最终答案】：AB / BCE / CD / DE / E / ...（只输出选项的编号，不要写选项内容）

示例：
题目：医疗伦理中四大基本原则是？
A.尊重自主权
B.善意行为
C.无害原则
D.公正原则
E.以上都不是
【思考过程】：本题考查医学伦理的四大基本原则，包括尊重自主权、不伤害原则、行善原则、公正原则。

【最终答案】：ABCD

题目：根据安宁疗护关怀科/室设置规范，以下哪些区域必须设置？（多选）
A.临终服务区
B.家属陪伴室
C.宗教信仰活动厅
D.工作服务辅助区（配备临终舒缓医疗物品）
E.重症监护室
【思考过程】：",BD,Qwen3-235B-A22B,"【思考过程】：根据安宁疗护的设置规范，临终服务区（A）是核心区域，用于患者直接照护；家属陪伴室（B）为家属提供陪伴空间；工作服务辅助区（D）用于存放医疗物资。宗教信仰活动厅（C）和重症监护室（E）并非强制要求，前者因患者需求差异可能不设，后者与安宁疗护非抢救性质相悖。

【最终答案】：ABD",客观题,ABD
安宁疗护,"你是一个严格按照要求答题的医学考试考生。请你先展示出完整的思考过程，然后再输出最终答案。每道题目有至少两个选项（A、B）至多五个选项（A、B、C、D、E），题目为不定项选择题，请按照以下格式作答：

【思考过程】：...

【最终答案】：AB / BCE / CD / DE / E / ...（只输出选项的编号，不要写选项内容）

示例：
题目：医疗伦理中四大基本原则是？
A.尊重自主权
B.善意行为
C.无害原则
D.公正原则
E.以上都不是
【思考过程】：本题考查医学伦理的四大基本原则，包括尊重自主权、不伤害原则、行善原则、公正原则。

【最终答案】：ABCD

题目：以下哪种做法不符合安宁疗护中对老人的首要目标？
A.全程监测疼痛评分并调整药物剂量
B.为呼吸困难患者提供氧疗支持
C.定期评估胃肠不适并给予营养干预
D.制定积极治疗方案以延长生存期
【思考过程】：",D,Qwen3-235B-A22B,"【思考过程】：安宁疗护的首要目标是缓解患者症状、提高生活质量，而非积极治疗或延长生存期。选项D强调制定积极治疗方案以延长生存期，与安宁疗护的核心原则不符。其他选项（A、B、C）均属于缓解症状和支持性护理的范畴，符合安宁疗护的目标。

【最终答案】：D",客观题,D
安宁疗护,"你是一个严格按照要求答题的医学考试考生。请你先展示出完整的思考过程，然后再输出最终答案。每道题目有至少两个选项（A、B）至多五个选项（A、B、C、D、E），题目为不定项选择题，请按照以下格式作答：

【思考过程】：...

【最终答案】：AB / BCE / CD / DE / E / ...（只输出选项的编号，不要写选项内容）

示例：
题目：医疗伦理中四大基本原则是？
A.尊重自主权
B.善意行为
C.无害原则
D.公正原则
E.以上都不是
【思考过程】：本题考查医学伦理的四大基本原则，包括尊重自主权、不伤害原则、行善原则、公正原则。

【最终答案】：ABCD

题目：以下哪项行为违反了安宁疗护服务人员的伦理要求？
A.将老人的病情细节告知未经其同意的家属
B.要求所有老人按照统一作息时间生活
C.在病历中详细记录老人的生活习惯但不与第三方分享
D.根据家属要求调整老人的镇痛药物剂量
【思考过程】：",AB,Qwen3-235B-A22B,"【思考过程】：本题考查安宁疗护的伦理要求。安宁疗护的核心原则包括尊重患者自主权、隐私权、保密原则及个性化护理。  
A选项违反保密原则，未经患者同意泄露病情；  
B选项忽视患者个体差异，强制统一作息违背尊重自主权；  
D选项根据家属要求调整药物剂量可能忽视患者自身意愿，违反自主权。  
C选项记录生活习惯且保密符合伦理要求。

【最终答案】：ABD",客观题,ABD
安宁疗护,"你是一个严格按照要求答题的医学考试考生。请你先展示出完整的思考过程，然后再输出最终答案。每道题目有至少两个选项（A、B）至多五个选项（A、B、C、D、E），题目为不定项选择题，请按照以下格式作答：

【思考过程】：...

【最终答案】：AB / BCE / CD / DE / E / ...（只输出选项的编号，不要写选项内容）

示例：
题目：医疗伦理中四大基本原则是？
A.尊重自主权
B.善意行为
C.无害原则
D.公正原则
E.以上都不是
【思考过程】：本题考查医学伦理的四大基本原则，包括尊重自主权、不伤害原则、行善原则、公正原则。

【最终答案】：ABCD

题目：下列哪几项符合安宁疗护中对患者后事处理的相关要求？
A.完全按家属意愿处理后事
B.提前按老人遗愿备好衣物
C.参考合理的民风民俗操作
D.要求全体家属到场并签字同意
E.对处理过程进行详细消毒杀菌指导
【思考过程】：",BC,Qwen3-235B-A22B,"【思考过程】：安宁疗护中患者后事处理需以尊重患者遗愿为核心，同时兼顾合理民俗和感染控制。选项B（按遗愿备衣物）直接体现患者自主权，符合安宁疗护原则。选项C（参考民风民俗）符合文化尊重的要求。选项E（消毒杀菌指导）是医疗后事处理中的标准操作，防止交叉感染。而选项A（完全按家属意愿）可能违背患者遗愿，不符合患者中心原则；选项D（全体家属到场签字）在实际操作中通常无必要，仅需主要亲属或法定代理人同意即可。因此，正确答案为B、C、E。

【最终答案】：BCE",客观题,BCE
安宁疗护,"你是一个严格按照要求答题的医学考试考生。请你先展示出完整的思考过程，然后再输出最终答案。每道题目有至少两个选项（A、B）至多五个选项（A、B、C、D、E），题目为不定项选择题，请按照以下格式作答：

【思考过程】：...

【最终答案】：AB / BCE / CD / DE / E / ...（只输出选项的编号，不要写选项内容）

示例：
题目：医疗伦理中四大基本原则是？
A.尊重自主权
B.善意行为
C.无害原则
D.公正原则
E.以上都不是
【思考过程】：本题考查医学伦理的四大基本原则，包括尊重自主权、不伤害原则、行善原则、公正原则。

【最终答案】：ABCD

题目：下列哪些做法不符合安宁疗护中遗体料理的操作规范？
A.使用医用消毒剂清洁逝者身体表面
B.根据家属要求将逝者头部垫高至45度
C.遗体料理过程中与其他医护轻声讨论下午工作安排
D.为保持自然形态使用软枕支撑逝者腰背部
【思考过程】：",BC,Qwen3-235B-A22B,"【思考过程】：安宁疗护的遗体料理需遵循尊重、清洁、自然的原则。A选项使用医用消毒剂可能刺激皮肤或产生异味，通常采用温和清洁方式；B选项头部垫高45度超出常规标准（一般10-30度），且应以自然体位为主；C选项讨论无关话题违背严肃性；D选项用软枕支撑符合保持自然形态的要求。

【最终答案】：ABC",客观题,ABC
安宁疗护,"你是一个严格按照要求答题的医学考试考生。请你先展示出完整的思考过程，然后再输出最终答案。每道题目有至少两个选项（A、B）至多五个选项（A、B、C、D、E），题目为不定项选择题，请按照以下格式作答：

【思考过程】：...

【最终答案】：AB / BCE / CD / DE / E / ...（只输出选项的编号，不要写选项内容）

示例：
题目：医疗伦理中四大基本原则是？
A.尊重自主权
B.善意行为
C.无害原则
D.公正原则
E.以上都不是
【思考过程】：本题考查医学伦理的四大基本原则，包括尊重自主权、不伤害原则、行善原则、公正原则。

【最终答案】：ABCD

题目：以下哪些设计符合安宁疗护病房的建设标准？
A.病室门宽度设计为105厘米
B.病房走廊净宽固定为0.9米
C.二楼病房楼未设置电梯
D.所有楼梯均采用防滑地板
E.走廊台阶使用非防滑材料的斜坡道
【思考过程】：",AD,Qwen3-235B-A22B,"【思考过程】：安宁疗护病房需符合无障碍设计及安全标准。A选项门宽105cm满足轮椅通行需求，符合规范；B选项走廊净宽0.9米不足（应≥1.2米），不符合；C选项二楼未设电梯违反无障碍要求；D选项楼梯防滑地板符合安全要求；E选项斜坡道使用非防滑材料存在安全隐患。因此正确答案为A、D。

【最终答案】：AD",客观题,AD
安宁疗护,"你是一个严格按照要求答题的医学考试考生。请你先展示出完整的思考过程，然后再输出最终答案。每道题目有至少两个选项（A、B）至多五个选项（A、B、C、D、E），题目为不定项选择题，请按照以下格式作答：

【思考过程】：...

【最终答案】：AB / BCE / CD / DE / E / ...（只输出选项的编号，不要写选项内容）

示例：
题目：医疗伦理中四大基本原则是？
A.尊重自主权
B.善意行为
C.无害原则
D.公正原则
E.以上都不是
【思考过程】：本题考查医学伦理的四大基本原则，包括尊重自主权、不伤害原则、行善原则、公正原则。

【最终答案】：ABCD

题目：以下关于安宁疗护病房设计的描述中，符合相关法规要求的是？
A.配餐室墙面采用难玷污、易清洁的防霉涂料
B.浴室地面使用易安装的拼接式防水地板材料  
C.厕所施工时为防止渗漏，设置了双层排水管
D.蒸汽溢出房间采用自然排风减少异味
E.无性别卫生间设置为遵循传统卫生习惯
【思考过程】：",AC,Qwen3-235B-A22B,"【思考过程】：本题考查安宁疗护病房设计的法规要求。  
1. **选项A**：配餐室墙面采用难玷污、易清洁的防霉涂料。根据《综合医院建筑设计规范》，配餐室墙面应设置防霉涂料以确保卫生安全，符合要求。  
2. **选项B**：浴室地面使用易安装的拼接式防水地板材料。拼接式地板可能存在缝隙，易积水滋生细菌，且医院通常要求整体防水层或无缝材料，因此不符合规范。  
3. **选项C**：厕所设置双层排水管防渗漏。规范中未强制要求双层排水管，且可能增加维护难度，常规做法是通过防水层和排水坡度防渗漏，因此该做法可能不符合规范。  
4. **选项D**：蒸汽溢出房间采用自然排风。蒸汽房间需高效排风，自然排风效率不足，规范要求机械排风以确保除湿除异味，因此错误。  
5. **选项E**：无性别卫生间设置为遵循传统卫生习惯。无性别卫生间是为无障碍设计和包容性需求，而非传统习惯，因此描述错误。  

【最终答案】：A",客观题,A
安宁疗护,"你是一个严格按照要求答题的医学考试考生。请你先展示出完整的思考过程，然后再输出最终答案。每道题目有至少两个选项（A、B）至多五个选项（A、B、C、D、E），题目为不定项选择题，请按照以下格式作答：

【思考过程】：...

【最终答案】：AB / BCE / CD / DE / E / ...（只输出选项的编号，不要写选项内容）

示例：
题目：医疗伦理中四大基本原则是？
A.尊重自主权
B.善意行为
C.无害原则
D.公正原则
E.以上都不是
【思考过程】：本题考查医学伦理的四大基本原则，包括尊重自主权、不伤害原则、行善原则、公正原则。

【最终答案】：ABCD

题目：以下哪项符合告别室建设要求？
A.配置病床和急救心电监护仪
B.设有防蚊虫的密封玻璃窗但未配备床头柜
C.布置可移动沙发、病床及木质床头柜
D.配备防鼠措施及防蛇类侵入装置
E.设置自动体外除颤器(AED)抢救设备
【思考过程】：",C,Qwen3-235B-A22B,"【思考过程】：告别室作为临终关怀或家属告别的场所，需兼顾舒适性、隐私性及基本医疗需求。选项C中布置可移动沙发、病床及木质床头柜，既满足患者需求，又为家属提供便利，符合人性化设计。选项B的防蚊虫密封玻璃窗符合卫生要求，但未配备床头柜可能不符合基本设施规范（床头柜为常见配置）。选项D的防鼠措施合理，但防蛇类装置非普遍需求。选项A和E涉及的急救设备与告别室“舒缓护理”定位不符。因此，仅选项C完全符合要求。

【最终答案】：C",客观题,C
安宁疗护,"你是一个严格按照要求答题的医学考试考生。请你先展示出完整的思考过程，然后再输出最终答案。每道题目有至少两个选项（A、B）至多五个选项（A、B、C、D、E），题目为不定项选择题，请按照以下格式作答：

【思考过程】：...

【最终答案】：AB / BCE / CD / DE / E / ...（只输出选项的编号，不要写选项内容）

示例：
题目：医疗伦理中四大基本原则是？
A.尊重自主权
B.善意行为
C.无害原则
D.公正原则
E.以上都不是
【思考过程】：本题考查医学伦理的四大基本原则，包括尊重自主权、不伤害原则、行善原则、公正原则。

【最终答案】：ABCD

题目：以下哪一项不符合安宁疗护门诊诊室的设置要求？
A.候诊区采用开放式布局方便交流
B.诊室通道宽度仅80厘米未达无障碍标准
C.隔离诊室通过颜色分区分隔保障隐私
D.配备电动升降诊查床体现人性化设计
E.墙面使用抗菌材料符合卫生学要求
【思考过程】：",AB,Qwen3-235B-A22B,"【思考过程】：本题考查安宁疗护门诊诊室的设置规范。选项B中通道宽度仅80厘米，未达到无障碍通行所需的最小90厘米标准，不符合无障碍设计要求。选项C的隔离诊室仅通过颜色分区分隔，缺乏物理屏障（如隔帘、隔墙），无法有效保障患者隐私，不符合隐私保护要求。选项A的开放式候诊区虽方便交流，但安宁疗护强调患者隐私与安静环境，开放式布局易造成干扰，不符合人性化设置原则。选项D和E分别体现无障碍设计和卫生学要求，符合规范。

【最终答案】：ABC",客观题,ABC
安宁疗护,"你是一个严格按照要求答题的医学考试考生。请你先展示出完整的思考过程，然后再输出最终答案。每道题目有至少两个选项（A、B）至多五个选项（A、B、C、D、E），题目为不定项选择题，请按照以下格式作答：

【思考过程】：...

【最终答案】：AB / BCE / CD / DE / E / ...（只输出选项的编号，不要写选项内容）

示例：
题目：医疗伦理中四大基本原则是？
A.尊重自主权
B.善意行为
C.无害原则
D.公正原则
E.以上都不是
【思考过程】：本题考查医学伦理的四大基本原则，包括尊重自主权、不伤害原则、行善原则、公正原则。

【最终答案】：ABCD

题目：以下哪些内容属于安宁疗护的管理要求？
A.制定安宁疗护操作规程
B.建立绩效考核激励机制
C.明确工作人员岗位职责
D.落实安全管理和感染防控措施
E.制定后勤保障制度
【思考过程】：",ACD,Qwen3-235B-A22B,"【思考过程】：安宁疗护的管理要求需涵盖制度建设、人员管理、安全保障及后勤支持等方面。A选项“制定操作规程”是规范服务流程的基础；B选项“绩效考核激励机制”可提升团队积极性；C选项“明确岗位职责”确保分工清晰；D选项“安全管理与感染防控”是医疗安全的核心；E选项“后勤保障制度”为服务提供物质支持。上述内容均属于安宁疗护管理要求的范畴。

【最终答案】：ABCDE",客观题,ABCDE
安宁疗护,"你是一个严格按照要求答题的医学考试考生。请你先展示出完整的思考过程，然后再输出最终答案。每道题目有至少两个选项（A、B）至多五个选项（A、B、C、D、E），题目为不定项选择题，请按照以下格式作答：

【思考过程】：...

【最终答案】：AB / BCE / CD / DE / E / ...（只输出选项的编号，不要写选项内容）

示例：
题目：医疗伦理中四大基本原则是？
A.尊重自主权
B.善意行为
C.无害原则
D.公正原则
E.以上都不是
【思考过程】：本题考查医学伦理的四大基本原则，包括尊重自主权、不伤害原则、行善原则、公正原则。

【最终答案】：ABCD

题目：根据相关规定，建立安宁疗护质量管理体系时需要包括以下哪些要求？
A.落实质量控制措施
B.依托省级安宁疗护服务管理部门执行
C.遵循诊疗护理相关指南
D.以经济效益为核心考核指标
E.体现人文关怀
【思考过程】：",ACE,Qwen3-235B-A22B,"【思考过程】：建立安宁疗护质量管理体系时，需重点关注以下方面：  
1. **质量控制措施**（A）是管理体系的基础，确保服务规范性和安全性。  
2. **遵循诊疗护理指南**（C）是医疗护理服务的基本要求，保障专业性。  
3. **人文关怀**（E）是安宁疗护的核心原则，需贯穿整个服务体系。  
4. **省级部门依托**（B）并非强制要求，管理体系可由机构自身建立，无需依赖省级部门。  
5. **经济效益**（D）与安宁疗护的非营利性目标冲突，不应作为核心考核指标。  

【最终答案】：ACE",客观题,ACE
安宁疗护,"你是一个严格按照要求答题的医学考试考生。请你先展示出完整的思考过程，然后再输出最终答案。每道题目有至少两个选项（A、B）至多五个选项（A、B、C、D、E），题目为不定项选择题，请按照以下格式作答：

【思考过程】：...

【最终答案】：AB / BCE / CD / DE / E / ...（只输出选项的编号，不要写选项内容）

示例：
题目：医疗伦理中四大基本原则是？
A.尊重自主权
B.善意行为
C.无害原则
D.公正原则
E.以上都不是
【思考过程】：本题考查医学伦理的四大基本原则，包括尊重自主权、不伤害原则、行善原则、公正原则。

【最终答案】：ABCD

题目：以下哪些属于安宁疗护服务原则中明确的导向？
A.以医护人员专业判断为中心
B.患者自愿
C.尊重患者
D.平等公正
E.最大化利用医疗资源
【思考过程】：",BCD,Qwen3-235B-A22B,"【思考过程】：安宁疗护的核心原则包括尊重患者自主权（B、C）、平等对待（D），而非以医护人员为主导（A错误）。最大化利用资源（E）不符合安宁疗护的核心目标。

【最终答案】：BCD",客观题,BCD
安宁疗护,"你是一个严格按照要求答题的医学考试考生。请你先展示出完整的思考过程，然后再输出最终答案。每道题目有至少两个选项（A、B）至多五个选项（A、B、C、D、E），题目为不定项选择题，请按照以下格式作答：

【思考过程】：...

【最终答案】：AB / BCE / CD / DE / E / ...（只输出选项的编号，不要写选项内容）

示例：
题目：医疗伦理中四大基本原则是？
A.尊重自主权
B.善意行为
C.无害原则
D.公正原则
E.以上都不是
【思考过程】：本题考查医学伦理的四大基本原则，包括尊重自主权、不伤害原则、行善原则、公正原则。

【最终答案】：ABCD

题目：执业医师确定安宁疗护服务形式时，必须综合评估以下哪些因素？
A.患者术后康复计划
B.患者及其家属需求
C.家庭居住环境
D.经济收入状况
E.医院科室类型
【思考过程】：",BCD,Qwen3-235B-A22B,"【思考过程】：安宁疗护的核心在于关注患者及家属的心理社会需求、家庭支持环境。选项B（患者及家属需求）直接体现服务对象的核心诉求；选项C（家庭居住环境）影响护理实施的可行性；选项D（经济收入状况）虽可能影响资源获取，但非直接决定服务形式的必要评估因素；选项A（术后康复计划）与安宁疗护“非治愈性”的目标相悖；选项E（医院科室类型）与服务形式决策无直接关联。

【最终答案】：BC",客观题,BC
安宁疗护,"你是一个严格按照要求答题的医学考试考生。请你先展示出完整的思考过程，然后再输出最终答案。每道题目有至少两个选项（A、B）至多五个选项（A、B、C、D、E），题目为不定项选择题，请按照以下格式作答：

【思考过程】：...

【最终答案】：AB / BCE / CD / DE / E / ...（只输出选项的编号，不要写选项内容）

示例：
题目：医疗伦理中四大基本原则是？
A.尊重自主权
B.善意行为
C.无害原则
D.公正原则
E.以上都不是
【思考过程】：本题考查医学伦理的四大基本原则，包括尊重自主权、不伤害原则、行善原则、公正原则。

【最终答案】：ABCD

题目：以下哪项属于安宁疗护的舒适照护内容？
A.三阶梯镇痛服务
B.病室环境管理
C.化疗护理计划
D.静脉导管维护
E.中医药食疗服务
【思考过程】：",BD,Qwen3-235B-A22B,"【思考过程】：安宁疗护的核心在于缓解症状、提供舒适照护，而非治疗原发病。三阶梯镇痛（A）直接针对疼痛管理，属于舒适照护。病室环境管理（B）优化患者身心体验，符合舒适理念。中医药食疗服务（E）可通过调理改善食欲、缓解虚弱，属于支持性措施。化疗护理（C）和静脉导管维护（D）更偏向治疗性干预，通常不属于舒适照护范畴。

【最终答案】：ABE",客观题,ABE
安宁疗护,"你是一个严格按照要求答题的医学考试考生。请你先展示出完整的思考过程，然后再输出最终答案。每道题目有至少两个选项（A、B）至多五个选项（A、B、C、D、E），题目为不定项选择题，请按照以下格式作答：

【思考过程】：...

【最终答案】：AB / BCE / CD / DE / E / ...（只输出选项的编号，不要写选项内容）

示例：
题目：医疗伦理中四大基本原则是？
A.尊重自主权
B.善意行为
C.无害原则
D.公正原则
E.以上都不是
【思考过程】：本题考查医学伦理的四大基本原则，包括尊重自主权、不伤害原则、行善原则、公正原则。

【最终答案】：ABCD

题目：在安宁疗护中，服务协议的签署要求是以下哪一种？
A.只需患者本人签署即可
B.患者意识不清时由家属单独签署
C.患者与家属双方均知情同意并自愿签署
D.无需签署口头承诺即可
【思考过程】：",C,Qwen3-235B-A22B,"【思考过程】：安宁疗护中服务协议的签署需确保患者和家属的知情同意权。当患者意识清楚时，应由患者本人签署；若患者意识不清，则由法定代理人（家属）签署。选项C强调患者与家属双方知情同意并自愿签署，符合医疗伦理和法律要求。选项B仅在患者意识不清时适用，但题目问的是常规要求，因此选项C更全面。选项A和D不符合规范流程。

【最终答案】：C",客观题,C
安宁疗护,"你是一个严格按照要求答题的医学考试考生。请你先展示出完整的思考过程，然后再输出最终答案。每道题目有至少两个选项（A、B）至多五个选项（A、B、C、D、E），题目为不定项选择题，请按照以下格式作答：

【思考过程】：...

【最终答案】：AB / BCE / CD / DE / E / ...（只输出选项的编号，不要写选项内容）

示例：
题目：医疗伦理中四大基本原则是？
A.尊重自主权
B.善意行为
C.无害原则
D.公正原则
E.以上都不是
【思考过程】：本题考查医学伦理的四大基本原则，包括尊重自主权、不伤害原则、行善原则、公正原则。

【最终答案】：ABCD

题目：根据相关法规，哪种情况的患者符合安宁疗护准入条件？
A. 经社区卫生服务中心医师评估为终末期，预计生存期≤6个月  
B. 三级甲等医院主治医师诊断为晚期恶性肿瘤，预计生存期≤1年  
C. 二级医院多学科团队确诊的不可治愈疾病患者，预生存期≤1年  
D. 经三级医院专科医生评估的终末期患者，预生存期≤9个月  
E. 二级及以上医疗机构多学科评估的不可治愈疾病晚期患者，预生存期≤6个月
【思考过程】：",E,Qwen3-235B-A22B,"【思考过程】：根据《安宁疗护中心基本标准（试行）》，安宁疗护准入条件需满足两点：一是由二级及以上医疗机构的多学科团队评估确诊为不可治愈的疾病终末期；二是预计生存期≤6个月。选项E完全符合这一标准。其他选项中，A的评估机构为社区卫生服务中心（一级机构），B、C、D的预计生存期均超过6个月或评估机构不符合要求，因此不符合。

【最终答案】：E",客观题,E
安宁疗护,"你是一个严格按照要求答题的医学考试考生。请你先展示出完整的思考过程，然后再输出最终答案。每道题目有至少两个选项（A、B）至多五个选项（A、B、C、D、E），题目为不定项选择题，请按照以下格式作答：

【思考过程】：...

【最终答案】：AB / BCE / CD / DE / E / ...（只输出选项的编号，不要写选项内容）

示例：
题目：医疗伦理中四大基本原则是？
A.尊重自主权
B.善意行为
C.无害原则
D.公正原则
E.以上都不是
【思考过程】：本题考查医学伦理的四大基本原则，包括尊重自主权、不伤害原则、行善原则、公正原则。

【最终答案】：ABCD

题目：以下哪几项服务是安宁疗护中针对患者及家属情绪和心理问题必须提供的？（注：“必须提供”为实际规定内容）
A.心理治疗
B.心理咨询
C.心理疏导
D.心理支持
E.社会援助
【思考过程】：",BCD,Qwen3-235B-A22B,"【思考过程】：安宁疗护的核心在于提供全面的心理社会支持，其中心理支持（D）是基础，涵盖情感陪伴和基本情绪安抚；心理疏导（C）则针对具体的情绪问题进行干预。心理治疗（A）通常由专科医生实施，属于针对性服务而非全员必须提供；心理咨询（B）可能包含在心理支持中，但并非独立必须项；社会援助（E）属于社会工作范畴，不直接针对情绪问题。因此必须项为C、D。

【最终答案】：CD",客观题,CD
安宁疗护,"你是一个严格按照要求答题的医学考试考生。请你先展示出完整的思考过程，然后再输出最终答案。每道题目有至少两个选项（A、B）至多五个选项（A、B、C、D、E），题目为不定项选择题，请按照以下格式作答：

【思考过程】：...

【最终答案】：AB / BCE / CD / DE / E / ...（只输出选项的编号，不要写选项内容）

示例：
题目：医疗伦理中四大基本原则是？
A.尊重自主权
B.善意行为
C.无害原则
D.公正原则
E.以上都不是
【思考过程】：本题考查医学伦理的四大基本原则，包括尊重自主权、不伤害原则、行善原则、公正原则。

【最终答案】：ABCD

题目：在安宁疗护中，以下哪些做法符合伦理要求？
A.在患者知情同意下，向其配偶如实告知病情详情
B.未经患者许可，向社区志愿者公开患者的治疗过程
C.为所有疗护患者统一安排每周两次的心理健康讲座
D.未经家属授权收集患者抑郁症状数据用于研究
E.与患者沟通后，制定符合其信仰的精神抚慰方案
【思考过程】：",AE,Qwen3-235B-A22B,"【思考过程】：安宁疗护的伦理要求包括尊重患者自主权、隐私权和个体化关怀。A选项在患者知情同意下告知配偶病情，符合自主权原则；E选项根据患者信仰制定精神抚慰方案，体现了尊重患者价值观。B选项未经许可公开治疗过程侵犯隐私；C选项统一心理健康讲座忽视个体需求；D选项未获患者同意收集数据用于研究违反研究伦理。

【最终答案】：AE",客观题,AE
安宁疗护,"你是一个严格按照要求答题的医学考试考生。请你先展示出完整的思考过程，然后再输出最终答案。每道题目有至少两个选项（A、B）至多五个选项（A、B、C、D、E），题目为不定项选择题，请按照以下格式作答：

【思考过程】：...

【最终答案】：AB / BCE / CD / DE / E / ...（只输出选项的编号，不要写选项内容）

示例：
题目：医疗伦理中四大基本原则是？
A.尊重自主权
B.善意行为
C.无害原则
D.公正原则
E.以上都不是
【思考过程】：本题考查医学伦理的四大基本原则，包括尊重自主权、不伤害原则、行善原则、公正原则。

【最终答案】：ABCD

题目：在安宁疗护中，为维护患者生命尊严，以下哪些疗法属于可采用的正确方式？
A.人生回顾疗法
B.意义疗法
C.尊严疗法
D.缅怀疗法
E.认知行为疗法
【思考过程】：",ABCD,Qwen3-235B-A22B,"【思考过程】：本题考查安宁疗护中维护患者生命尊严的正确疗法。尊严疗法（C）专为临终患者设计，旨在帮助其维持自我价值；意义疗法（B）通过寻找生命意义缓解心理压力；人生回顾疗法（A）系统性回顾生命历程以整合自我认知；缅怀疗法（D）通过积极回忆增强心理舒适度。认知行为疗法（E）虽用于心理问题，但非安宁疗护中直接针对尊严维护的疗法。因此，A、B、C、D均为正确选项。

【最终答案】：ABCD",客观题,ABCD
安宁疗护,"你是一个严格按照要求答题的医学考试考生。请你先展示出完整的思考过程，然后再输出最终答案。每道题目有至少两个选项（A、B）至多五个选项（A、B、C、D、E），题目为不定项选择题，请按照以下格式作答：

【思考过程】：...

【最终答案】：AB / BCE / CD / DE / E / ...（只输出选项的编号，不要写选项内容）

示例：
题目：医疗伦理中四大基本原则是？
A.尊重自主权
B.善意行为
C.无害原则
D.公正原则
E.以上都不是
【思考过程】：本题考查医学伦理的四大基本原则，包括尊重自主权、不伤害原则、行善原则、公正原则。

【最终答案】：ABCD

题目：以下哪种做法符合安宁疗护中对家属支持的法律规定？
A.为家属提供心理督导，B.向家属提供哀伤辅导，C.向患者提供精神支持服务，D.为家属组织丧亲支持小组，E.为家属进行心理健康评估
【思考过程】：",BD,Qwen3-235B-A22B,"【思考过程】：安宁疗护的法律规定强调对患者及家属提供全面支持，包括心理、精神及社会支持。题目要求选择针对“家属”的支持措施。B选项“哀伤辅导”直接针对家属情绪疏导，符合规定；D选项“丧亲支持小组”通过团体互助形式延续关怀；E选项“心理健康评估”有助于识别家属心理问题并提供干预。A选项“心理督导”通常指对专业人员的指导，而非家属；C选项对象为患者本人，不符合题干要求。

【最终答案】：BDE",客观题,BDE
安宁疗护,"你是一个严格按照要求答题的医学考试考生。请你先展示出完整的思考过程，然后再输出最终答案。每道题目有至少两个选项（A、B）至多五个选项（A、B、C、D、E），题目为不定项选择题，请按照以下格式作答：

【思考过程】：...

【最终答案】：AB / BCE / CD / DE / E / ...（只输出选项的编号，不要写选项内容）

示例：
题目：医疗伦理中四大基本原则是？
A.尊重自主权
B.善意行为
C.无害原则
D.公正原则
E.以上都不是
【思考过程】：本题考查医学伦理的四大基本原则，包括尊重自主权、不伤害原则、行善原则、公正原则。

【最终答案】：ABCD

题目：以下哪种做法最符合关于安宁疗护中患者意愿处理的相关规定？
A.医护人员主动询问并协助患者完成生前愿望和身后事务
B.等待患者主动提出需求后再给予支持
C.仅由家属代为安排患者身后事务
D.记录患者需求但无需提供实质性帮助
【思考过程】：",A,Qwen3-235B-A22B,"【思考过程】：安宁疗护的核心原则是尊重患者自主权和尊严，要求医护人员主动关注并支持患者意愿表达。选项A中，医护人员主动询问并协助患者处理生前愿望和身后事务，符合安宁疗护的主动关怀原则及患者意愿优先的伦理规范。选项B被动等待患者提出需求，可能遗漏患者未明确表达的意愿。选项C将决策权交由家属，违背患者自主原则。选项D仅记录而不提供实质性帮助，未落实对患者意愿的实际支持。因此，最符合规定的是选项A。

【最终答案】：A",客观题,A
安宁疗护,"你是一个严格按照要求答题的医学考试考生。请你先展示出完整的思考过程，然后再输出最终答案。每道题目有至少两个选项（A、B）至多五个选项（A、B、C、D、E），题目为不定项选择题，请按照以下格式作答：

【思考过程】：...

【最终答案】：AB / BCE / CD / DE / E / ...（只输出选项的编号，不要写选项内容）

示例：
题目：医疗伦理中四大基本原则是？
A.尊重自主权
B.善意行为
C.无害原则
D.公正原则
E.以上都不是
【思考过程】：本题考查医学伦理的四大基本原则，包括尊重自主权、不伤害原则、行善原则、公正原则。

【最终答案】：ABCD

题目：根据我国安宁疗护相关法规，截至2020年，要求65岁以上老年人健康管理率至少达到多少？
A.65%以上，B.70%以上，C.75%以上，D.80%以上
【思考过程】：",B,Qwen3-235B-A22B,"【思考过程】：本题考查我国安宁疗护相关法规中关于65岁以上老年人健康管理率的具体要求。根据《“健康中国2030”规划纲要》及国家卫生健康委员会相关政策文件，截至2020年，要求65岁以上老年人健康管理率至少达到80%以上。这一目标旨在提升老年群体的健康服务水平，属于基本公共卫生服务的重要指标。

【最终答案】：D",客观题,D
安宁疗护,"你是一个严格按照要求答题的医学考试考生。请你先展示出完整的思考过程，然后再输出最终答案。每道题目有至少两个选项（A、B）至多五个选项（A、B、C、D、E），题目为不定项选择题，请按照以下格式作答：

【思考过程】：...

【最终答案】：AB / BCE / CD / DE / E / ...（只输出选项的编号，不要写选项内容）

示例：
题目：医疗伦理中四大基本原则是？
A.尊重自主权
B.善意行为
C.无害原则
D.公正原则
E.以上都不是
【思考过程】：本题考查医学伦理的四大基本原则，包括尊重自主权、不伤害原则、行善原则、公正原则。

【最终答案】：ABCD

题目：以下哪些措施属于法律法规所鼓励的医疗卫生机构与养老服务融合发展举措？
A.所有公立医院必须转型为康复和老年护理机构
B.公立医院资源丰富的地区可稳妥将部分公立医院转为接续性医疗机构
C.有条件的二级以上综合医院开设老年病科
D.大力开发中医药与养老服务结合的系列服务产品
E.要求基层医疗卫生机构逐步减少康复床位数量
【思考过程】：",BCD,Qwen3-235B-A22B,"【思考过程】：题目考查医疗卫生与养老服务融合发展的政策鼓励措施。选项A“所有公立医院必须转型”表述过于绝对，实际政策通常为鼓励部分医院转型而非强制。选项B符合政策中资源丰富地区稳妥转为接续性医疗机构的导向。选项C符合二级以上综合医院开设老年病科的要求。选项D符合中医药与养老服务结合的政策方向。选项E减少康复床位与鼓励医养结合方向相悖。因此，正确选项为B、C、D。

【最终答案】：BCD",客观题,BCD
安宁疗护,"你是一个严格按照要求答题的医学考试考生。请你先展示出完整的思考过程，然后再输出最终答案。每道题目有至少两个选项（A、B）至多五个选项（A、B、C、D、E），题目为不定项选择题，请按照以下格式作答：

【思考过程】：...

【最终答案】：AB / BCE / CD / DE / E / ...（只输出选项的编号，不要写选项内容）

示例：
题目：医疗伦理中四大基本原则是？
A.尊重自主权
B.善意行为
C.无害原则
D.公正原则
E.以上都不是
【思考过程】：本题考查医学伦理的四大基本原则，包括尊重自主权、不伤害原则、行善原则、公正原则。

【最终答案】：ABCD

题目：根据药物政策，安宁疗护中阿片类镇痛药主要用于管理以下哪些症状？
A.疼痛
B.呼吸困难
C.呼吸急促
D.剧烈咳嗽
E.恶心
【思考过程】：",AB,Qwen3-235B-A22B,"【思考过程】：阿片类镇痛药在安宁疗护中的核心作用是缓解疼痛（A），这是其最公认的适应症。对于呼吸困难（B），阿片类药物通过中枢镇静作用可改善患者对呼吸困难的感受，尽管需谨慎使用。剧烈咳嗽（D）在某些情况下（如癌性咳嗽）可能使用阿片类药物，因其具有镇咳效果。呼吸急促（C）和恶心（E）通常不作为阿片类药物的直接适应症，前者可能加重症状，后者多采用其他治疗手段。

【最终答案】：ABD",客观题,ABD
安宁疗护,"你是一个严格按照要求答题的医学考试考生。请你先展示出完整的思考过程，然后再输出最终答案。每道题目有至少两个选项（A、B）至多五个选项（A、B、C、D、E），题目为不定项选择题，请按照以下格式作答：

【思考过程】：...

【最终答案】：AB / BCE / CD / DE / E / ...（只输出选项的编号，不要写选项内容）

示例：
题目：医疗伦理中四大基本原则是？
A.尊重自主权
B.善意行为
C.无害原则
D.公正原则
E.以上都不是
【思考过程】：本题考查医学伦理的四大基本原则，包括尊重自主权、不伤害原则、行善原则、公正原则。

【最终答案】：ABCD

题目：根据全民健康覆盖原则，姑息治疗的提供应符合以下哪些要求？
A.可因病种类型不同设置服务限制
B.不得因患者收入水平实施差别准入
C.不得以患者年龄为理由拒绝服务
D.社会保障体系需优先保障穷人的姑息治疗权利
E.服务覆盖范围应包括基本姑息治疗且不得要求预付费用
【思考过程】：",BCDE,Qwen3-235B-A22B,"【思考过程】：本题考查全民健康覆盖（UHC）原则下姑息治疗的提供要求。UHC强调公平性，确保所有人平等获得所需服务，不受经济状况或年龄等因素限制。  
A选项允许因病种设限，这与UHC的普遍覆盖原则矛盾，错误。  
B选项强调不得因收入差异限制准入，符合UHC消除经济障碍的核心要求，正确。  
C选项禁止以年龄为拒绝理由，符合公平性原则，正确。  
D选项要求社会保障体系优先保障穷人权利，这体现了对弱势群体的关注，符合UHC的公平目标，正确。  
E选项要求覆盖基本姑息治疗且不得预付费用，避免患者因费用问题无法获得服务，符合UHC的预付机制和可及性要求，正确。  

【最终答案】：BCDE",客观题,BCDE
公共卫生资源分配,"你是一个严格按照要求答题的医学考试考生。请你先展示出完整的思考过程，然后再输出最终答案。每道题目有至少两个选项（A、B）至多五个选项（A、B、C、D、E），题目为不定项选择题，请按照以下格式作答：

【思考过程】：...

【最终答案】：AB / BCE / CD / DE / E / ...（只输出选项的编号，不要写选项内容）

示例：
题目：医疗伦理中四大基本原则是？
A.尊重自主权
B.善意行为
C.无害原则
D.公正原则
E.以上都不是
【思考过程】：本题考查医学伦理的四大基本原则，包括尊重自主权、不伤害原则、行善原则、公正原则。

【最终答案】：ABCD

题目：在国家采取的公共卫生服务措施中，以下哪些属于法规明确提及的内容？
A.免费提供新生儿基因编辑服务
B.为公民提供婚前保健服务
C.预防新生儿出生缺陷
D.对先天畸形患儿进行免费手术治疗
E.开展儿童学前教育指导
【思考过程】：",BC,Qwen3-235B-A22B,"【思考过程】：本题考查国家公共卫生服务措施中法规明确的内容。根据《中华人民共和国基本医疗卫生与健康促进法》及相关法规，婚前保健服务（B）和预防出生缺陷（C）属于国家明确的公共卫生服务内容。基因编辑涉及伦理问题未被纳入（A错误），先天畸形治疗属于临床医疗（D错误），学前教育指导属教育范畴（E错误）。

【最终答案】：BC",客观题,BC
公共卫生资源分配,"你是一个严格按照要求答题的医学考试考生。请你先展示出完整的思考过程，然后再输出最终答案。每道题目有至少两个选项（A、B）至多五个选项（A、B、C、D、E），题目为不定项选择题，请按照以下格式作答：

【思考过程】：...

【最终答案】：AB / BCE / CD / DE / E / ...（只输出选项的编号，不要写选项内容）

示例：
题目：医疗伦理中四大基本原则是？
A.尊重自主权
B.善意行为
C.无害原则
D.公正原则
E.以上都不是
【思考过程】：本题考查医学伦理的四大基本原则，包括尊重自主权、不伤害原则、行善原则、公正原则。

【最终答案】：ABCD

题目：以下哪些政策被纳入基本公共卫生服务项目中？
A.老年人健康管理
B.老年人常见病预防
C.老年人慢性病治疗
D.老年人体检费用减免
E.老年重症监护服务
【思考过程】：",AB,Qwen3-235B-A22B,"【思考过程】：根据国家基本公共卫生服务项目内容，老年人健康管理（A）和体检费用减免（D）明确属于免费服务项目。老年人常见病预防（B）属于公共卫生服务的预防范畴，通常包含在健康教育和健康管理中。而慢性病治疗（C）和重症监护（E）属于医疗治疗范畴，由医保覆盖。因此，正确选项为A、B、D。

【最终答案】：ABD",客观题,ABD
公共卫生资源分配,"你是一个严格按照要求答题的医学考试考生。请你先展示出完整的思考过程，然后再输出最终答案。每道题目有至少两个选项（A、B）至多五个选项（A、B、C、D、E），题目为不定项选择题，请按照以下格式作答：

【思考过程】：...

【最终答案】：AB / BCE / CD / DE / E / ...（只输出选项的编号，不要写选项内容）

示例：
题目：医疗伦理中四大基本原则是？
A.尊重自主权
B.善意行为
C.无害原则
D.公正原则
E.以上都不是
【思考过程】：本题考查医学伦理的四大基本原则，包括尊重自主权、不伤害原则、行善原则、公正原则。

【最终答案】：ABCD

题目：国家关于残疾人的健康保障措施中，以下哪些属于法律明确规定的责任？（多选）
A.发展残疾预防体系
B.完善无障碍设施建设
C.提供基本康复服务
D.减免残疾人医疗费用
E.建立残疾人康复保障体系
【思考过程】：",ACE,Qwen3-235B-A22B,"【思考过程】：本题考查《中华人民共和国残疾人保障法》中关于健康保障的法律责任。根据法律条文：1. 国家发展残疾预防和残疾人康复事业（A正确）；2. 政府和社会应当采取措施，完善无障碍设施建设（B正确）；3. 建立残疾人康复保障体系，提供基本康复服务（C、E正确）。而D选项""减免医疗费用""属于政策执行层面，法律未明确规定为国家责任。

【最终答案】：ABCE",客观题,ABCE
公共卫生资源分配,"你是一个严格按照要求答题的医学考试考生。请你先展示出完整的思考过程，然后再输出最终答案。每道题目有至少两个选项（A、B）至多五个选项（A、B、C、D、E），题目为不定项选择题，请按照以下格式作答：

【思考过程】：...

【最终答案】：AB / BCE / CD / DE / E / ...（只输出选项的编号，不要写选项内容）

示例：
题目：医疗伦理中四大基本原则是？
A.尊重自主权
B.善意行为
C.无害原则
D.公正原则
E.以上都不是
【思考过程】：本题考查医学伦理的四大基本原则，包括尊重自主权、不伤害原则、行善原则、公正原则。

【最终答案】：ABCD

题目：以下哪些属于政府举办医疗卫生机构时应考虑的因素？
A.本行政区域人口数量
B.公民平均收入水平
C.健康危险因素
D.治愈率
E.紧急救治需求
【思考过程】：",ACE,Qwen3-235B-A22B,"【思考过程】：本题考查政府举办医疗卫生机构时应考虑的因素。医疗机构的设置需基于人口数量（A）以确保覆盖需求，健康危险因素（C）影响疾病预防和诊疗重点，紧急救治需求（E）决定急救资源配置。公民收入水平（B）和治愈率（D）属于经济和结果指标，非直接规划因素。

【最终答案】：ACE",客观题,ACE
公共卫生资源分配,"你是一个严格按照要求答题的医学考试考生。请你先展示出完整的思考过程，然后再输出最终答案。每道题目有至少两个选项（A、B）至多五个选项（A、B、C、D、E），题目为不定项选择题，请按照以下格式作答：

【思考过程】：...

【最终答案】：AB / BCE / CD / DE / E / ...（只输出选项的编号，不要写选项内容）

示例：
题目：医疗伦理中四大基本原则是？
A.尊重自主权
B.善意行为
C.无害原则
D.公正原则
E.以上都不是
【思考过程】：本题考查医学伦理的四大基本原则，包括尊重自主权、不伤害原则、行善原则、公正原则。

【最终答案】：ABCD

题目：以下哪个部门负责制定各级各类医疗卫生机构的具体条件和配置标准？
A.国务院卫生健康主管部门
B.省级卫生健康委员会
C.医疗机构自行制定
D.地方政府卫生行政机构
【思考过程】：",A,Qwen3-235B-A22B,"【思考过程】：根据《医疗机构管理条例》及相关卫生法规，国务院卫生健康主管部门（即国家卫生健康委员会）负责制定全国各级各类医疗卫生机构的具体条件和配置标准，以确保全国医疗资源的统一规划和规范管理。省级及以下卫生行政部门负责执行和监督，但标准的制定权在中央层面。医疗机构自行制定（C）或地方政府部门（D）不符合法规要求。

【最终答案】：A",客观题,A
公共卫生资源分配,"你是一个严格按照要求答题的医学考试考生。请你先展示出完整的思考过程，然后再输出最终答案。每道题目有至少两个选项（A、B）至多五个选项（A、B、C、D、E），题目为不定项选择题，请按照以下格式作答：

【思考过程】：...

【最终答案】：AB / BCE / CD / DE / E / ...（只输出选项的编号，不要写选项内容）

示例：
题目：医疗伦理中四大基本原则是？
A.尊重自主权
B.善意行为
C.无害原则
D.公正原则
E.以上都不是
【思考过程】：本题考查医学伦理的四大基本原则，包括尊重自主权、不伤害原则、行善原则、公正原则。

【最终答案】：ABCD

题目：以下哪些行为被相关法规明确禁止？
A.营利性医院将医疗美容科外包给私立机构
B.非营利性医疗机构向举办者分配收益
C.使用政府资金设立的医院对外承包检验科
D.非营利机构从年度利润中提取分红用于股东分红
【思考过程】：",BCD,Qwen3-235B-A22B,"【思考过程】：本题考查医疗法规中明确禁止的行为。选项A涉及医疗机构科室外包，根据《医疗机构管理条例实施细则》，无论营利与否，医疗机构不得出租或承包科室，故A被禁止。选项B涉及非营利机构分配收益，根据《民法典》非营利法人不得分配利润，B被禁止。选项C涉及公立医院承包检验科，根据《卫生部相关指导意见》，公立医院不得承包科室，C被禁止。选项D涉及非营利机构分红，同样违反非营利法人不得分配利润的规定，D被禁止。

【最终答案】：ABCD",客观题,ABCD
公共卫生资源分配,"你是一个严格按照要求答题的医学考试考生。请你先展示出完整的思考过程，然后再输出最终答案。每道题目有至少两个选项（A、B）至多五个选项（A、B、C、D、E），题目为不定项选择题，请按照以下格式作答：

【思考过程】：...

【最终答案】：AB / BCE / CD / DE / E / ...（只输出选项的编号，不要写选项内容）

示例：
题目：医疗伦理中四大基本原则是？
A.尊重自主权
B.善意行为
C.无害原则
D.公正原则
E.以上都不是
【思考过程】：本题考查医学伦理的四大基本原则，包括尊重自主权、不伤害原则、行善原则、公正原则。

【最终答案】：ABCD

题目：以下哪项做法违背我国现行医疗卫生机构管理规定？
A.与私立学校合作设立独立法人资格的职业健康咨询中心
B.与医疗器械企业共建非独立法人资格的康复中心
C.与社会资本合办高端口腔美容医院（营利性）
D.联合慈善基金会开设非营利性社区诊所
E.与其他公立医院合建区域医疗数据平台
【思考过程】：",BC,Qwen3-235B-A22B,"【思考过程】：本题考查我国医疗卫生机构管理规定中关于合作办医的限制。根据《医疗机构管理条例》及国家卫健委相关规定：  
1. **选项B**涉及与医疗器械企业共建非独立法人康复中心，属于明令禁止的“院中院”或科室承包行为，违反规定。  
2. **选项A**若为独立法人机构且属于医疗机构，则需符合社会办医政策，但与私立学校合作设立独立法人并不直接违规；若仅为咨询中心且不涉及医疗执业，则无需医疗机构资质，亦不违规。  
3. **选项C**允许社会资本与公立医院合办营利性医疗机构，符合现行政策。  
4. **选项D**与慈善基金会合作非营利性诊所符合鼓励社会公益参与医疗的导向。  
5. **选项E**公立医院间合作建设数据平台属于支持的医疗信息化协同范畴。  

综上，仅选项B明确违反现行规定。

【最终答案】：B",客观题,B
公共卫生资源分配,"你是一个严格按照要求答题的医学考试考生。请你先展示出完整的思考过程，然后再输出最终答案。每道题目有至少两个选项（A、B）至多五个选项（A、B、C、D、E），题目为不定项选择题，请按照以下格式作答：

【思考过程】：...

【最终答案】：AB / BCE / CD / DE / E / ...（只输出选项的编号，不要写选项内容）

示例：
题目：医疗伦理中四大基本原则是？
A.尊重自主权
B.善意行为
C.无害原则
D.公正原则
E.以上都不是
【思考过程】：本题考查医学伦理的四大基本原则，包括尊重自主权、不伤害原则、行善原则、公正原则。

【最终答案】：ABCD

题目：医疗卫生机构开展技术临床应用时，以下哪项不属于必须遵循的原则？
A.安全原则
B.高效原则
C.规范原则
D.经济原则
E.伦理原则
【思考过程】：",B,Qwen3-235B-A22B,"【思考过程】：医疗卫生机构开展技术临床应用时，必须遵循的原则包括安全（A）、规范（C）、伦理（E）等基本要求。经济原则（D）涉及资源合理分配，通常也需考虑。高效原则（B）虽重要，但并非所有技术应用的强制性核心原则，可能因情境而异。

【最终答案】：B",客观题,B
公共卫生资源分配,"你是一个严格按照要求答题的医学考试考生。请你先展示出完整的思考过程，然后再输出最终答案。每道题目有至少两个选项（A、B）至多五个选项（A、B、C、D、E），题目为不定项选择题，请按照以下格式作答：

【思考过程】：...

【最终答案】：AB / BCE / CD / DE / E / ...（只输出选项的编号，不要写选项内容）

示例：
题目：医疗伦理中四大基本原则是？
A.尊重自主权
B.善意行为
C.无害原则
D.公正原则
E.以上都不是
【思考过程】：本题考查医学伦理的四大基本原则，包括尊重自主权、不伤害原则、行善原则、公正原则。

【最终答案】：ABCD

题目：在突发事件处置中，对致病、致残、死亡的参与人员，依法可给予哪些待遇？
A.工伤保险补偿
B.抚恤金
C.烈士荣誉称号
D.医疗保险费用全免
E.优先晋升机会
【思考过程】：",AB,Qwen3-235B-A22B,"【思考过程】：根据《工伤保险条例》，参与突发事件处置的人员若致病、致残或死亡，可享受工伤保险补偿（A）。因公死亡或致残的，其家属可领取抚恤金（B）。若符合烈士评定条件（如在抢险救灾中牺牲），可追授烈士荣誉称号（C）。医疗保险费用全免（D）和优先晋升（E）无明确法律依据，故不选。

【最终答案】：ABC",客观题,ABC
公共卫生资源分配,"你是一个严格按照要求答题的医学考试考生。请你先展示出完整的思考过程，然后再输出最终答案。每道题目有至少两个选项（A、B）至多五个选项（A、B、C、D、E），题目为不定项选择题，请按照以下格式作答：

【思考过程】：...

【最终答案】：AB / BCE / CD / DE / E / ...（只输出选项的编号，不要写选项内容）

示例：
题目：医疗伦理中四大基本原则是？
A.尊重自主权
B.善意行为
C.无害原则
D.公正原则
E.以上都不是
【思考过程】：本题考查医学伦理的四大基本原则，包括尊重自主权、不伤害原则、行善原则、公正原则。

【最终答案】：ABCD

题目：在药品采购投标过程中，以下哪种行为是被药械采购法规明确禁止的？
A.以略低于市场价但高于成本的报价竞标，B.与另一投标企业协商共同提高中标机会，C.提交生产许可证复印件时隐去有效期，D.因生产能力过剩而扩大生产规模，E.短期内多次降价以吸引采购方
【思考过程】：",BC,Qwen3-235B-A22B,"【思考过程】：本题考查药械采购法规中的禁止行为。根据《招标投标法》第三十二条，投标人不得相互串通（选项B）。提交生产许可证复印件时隐去有效期（选项C）属于隐瞒重要事实或提供虚假材料，违反诚信原则。选项A的报价行为合法，选项D属于正常经营调整，选项E可能涉及不正当竞争但未明确禁止。

【最终答案】：BC",客观题,BC
公共卫生资源分配,"你是一个严格按照要求答题的医学考试考生。请你先展示出完整的思考过程，然后再输出最终答案。每道题目有至少两个选项（A、B）至多五个选项（A、B、C、D、E），题目为不定项选择题，请按照以下格式作答：

【思考过程】：...

【最终答案】：AB / BCE / CD / DE / E / ...（只输出选项的编号，不要写选项内容）

示例：
题目：医疗伦理中四大基本原则是？
A.尊重自主权
B.善意行为
C.无害原则
D.公正原则
E.以上都不是
【思考过程】：本题考查医学伦理的四大基本原则，包括尊重自主权、不伤害原则、行善原则、公正原则。

【最终答案】：ABCD

题目：国家卫生健康主管部门在编制大型医用设备配置规划时，必须考虑以下哪些因素？
A.技术的先进性
B.适宜性
C.可及性
D.成本效益
E.区域发展均衡
【思考过程】：",ABC,Qwen3-235B-A22B,"【思考过程】：本题考查国家卫生健康主管部门编制大型医用设备配置规划时需考虑的因素。根据《大型医用设备配置与使用管理办法》及相关政策，配置规划需综合考虑设备的适宜性（B）、可及性（C）、成本效益（D）以及区域发展均衡（E）。技术先进性（A）虽重要，但并非规划编制的强制性核心考量，核心是资源合理布局和效率。区域发展均衡（E）直接关联医疗资源公平分配，因此必须纳入考量。

【最终答案】：BCDE",客观题,BCDE
公共卫生资源分配,"你是一个严格按照要求答题的医学考试考生。请你先展示出完整的思考过程，然后再输出最终答案。每道题目有至少两个选项（A、B）至多五个选项（A、B、C、D、E），题目为不定项选择题，请按照以下格式作答：

【思考过程】：...

【最终答案】：AB / BCE / CD / DE / E / ...（只输出选项的编号，不要写选项内容）

示例：
题目：医疗伦理中四大基本原则是？
A.尊重自主权
B.善意行为
C.无害原则
D.公正原则
E.以上都不是
【思考过程】：本题考查医学伦理的四大基本原则，包括尊重自主权、不伤害原则、行善原则、公正原则。

【最终答案】：ABCD

题目：以下哪些属于县级以上政府对参与突发事件应急处理人员的规定措施？
A.给予适当补助和保健津贴
B.给予表彰和奖励
C.对致病、致残、死亡人员给予相应补助和抚恤
D.优先晋升职称
E.分配额外带薪休假
【思考过程】：",ABC,Qwen3-235B-A22B,"【思考过程】：根据《中华人民共和国突发事件应对法》及相关法规，县级以上政府应采取的措施包括：对参与应急处理的人员给予适当补助和保健津贴（A），表彰和奖励（B），以及对因应急处置致病、致残、死亡的人员给予补助和抚恤（C）。优先晋升职称（D）和额外带薪休假（E）未在法律中明确规定，属于用人单位内部政策范畴。

【最终答案】：ABC",客观题,ABC
公共卫生资源分配,"你是一个严格按照要求答题的医学考试考生。请你先展示出完整的思考过程，然后再输出最终答案。每道题目有至少两个选项（A、B）至多五个选项（A、B、C、D、E），题目为不定项选择题，请按照以下格式作答：

【思考过程】：...

【最终答案】：AB / BCE / CD / DE / E / ...（只输出选项的编号，不要写选项内容）

示例：
题目：医疗伦理中四大基本原则是？
A.尊重自主权
B.善意行为
C.无害原则
D.公正原则
E.以上都不是
【思考过程】：本题考查医学伦理的四大基本原则，包括尊重自主权、不伤害原则、行善原则、公正原则。

【最终答案】：ABCD

题目：下列哪些情形发生时，省、自治区、直辖市人民政府应当在接到报告1小时内向国务院卫生行政主管部门报告？
A.某县发生霍乱暴发疫情
B.某市发现不明原因群体性发热病例
C.某实验室丢失鼠疫菌种
D.某工厂发生50人急性苯中毒事件
E.某核电站发生放射性物质泄漏事故
【思考过程】：",ABCD,Qwen3-235B-A22B,"【思考过程】：根据《突发公共卫生事件应急条例》第十九条，省、自治区、直辖市人民政府需在1小时内上报的情形包括：(1)传染病暴发流行（A）；(2)不明原因群体性疾病（B）；(3)传染病菌种丢失（C）；(4)重大食物中毒或职业中毒（D）。选项E（放射性泄漏）未明确列于上述条款中，可能属于其他情形，但题干要求的情形需严格对应法规列举内容，因此E不入选。

【最终答案】：ABCD",客观题,ABCD
公共卫生资源分配,"你是一个严格按照要求答题的医学考试考生。请你先展示出完整的思考过程，然后再输出最终答案。每道题目有至少两个选项（A、B）至多五个选项（A、B、C、D、E），题目为不定项选择题，请按照以下格式作答：

【思考过程】：...

【最终答案】：AB / BCE / CD / DE / E / ...（只输出选项的编号，不要写选项内容）

示例：
题目：医疗伦理中四大基本原则是？
A.尊重自主权
B.善意行为
C.无害原则
D.公正原则
E.以上都不是
【思考过程】：本题考查医学伦理的四大基本原则，包括尊重自主权、不伤害原则、行善原则、公正原则。

【最终答案】：ABCD

题目：以下哪种行为不属于对突发事件的违规处理方式？
A.因压力大延迟上报事件进展两日
B.调整实际数据以减少公众恐慌
C.要求下属部门不报告部分病例
D.及时向主管部门上报所有信息
E.因设备故障未能及时核实数据，三天后补报
【思考过程】：",D,Qwen3-235B-A22B,"【思考过程】：本题考查突发事件处理的合规行为。根据相关法规，突发事件需及时、准确、完整上报。A选项延迟上报属违规；B选项篡改数据属谎报违规；C选项隐瞒病例属违规；D选项及时上报符合规定；E选项因设备故障延迟核实数据后补报，若未及时采取其他方式上报则属迟报违规。因此，仅D为不违规行为。

【最终答案】：D",客观题,D
公共卫生资源分配,"你是一个严格按照要求答题的医学考试考生。请你先展示出完整的思考过程，然后再输出最终答案。每道题目有至少两个选项（A、B）至多五个选项（A、B、C、D、E），题目为不定项选择题，请按照以下格式作答：

【思考过程】：...

【最终答案】：AB / BCE / CD / DE / E / ...（只输出选项的编号，不要写选项内容）

示例：
题目：医疗伦理中四大基本原则是？
A.尊重自主权
B.善意行为
C.无害原则
D.公正原则
E.以上都不是
【思考过程】：本题考查医学伦理的四大基本原则，包括尊重自主权、不伤害原则、行善原则、公正原则。

【最终答案】：ABCD

题目：根据突发公共卫生事件相关法规，应急预案启动后突发事件发生地的相关部门和机构应当采取以下哪些措施？
A.做好应急处理准备并调整预案细节，B.立即到达规定岗位并采取控制措施，C.服从应急处理指挥部统一指挥，D.医疗卫生机构独立加快疫苗研发，E.监测机构与科研机构协作展开研究
【思考过程】：",BCE,Qwen3-235B-A22B,"【思考过程】：根据《突发公共卫生事件应急条例》相关规定，应急预案启动后，相关部门需立即进入岗位并采取控制措施（B），同时接受应急指挥部统一指挥（C）。监测机构与科研机构协作开展流行病学调查、病原检测等研究属于法定职责（E）。医疗卫生机构需配合防控措施而非独立研发疫苗（D错误）。预案启动后以执行为主，调整细节非核心要求（A错误）。

【最终答案】：BCE",客观题,BCE
公共卫生资源分配,"你是一个严格按照要求答题的医学考试考生。请你先展示出完整的思考过程，然后再输出最终答案。每道题目有至少两个选项（A、B）至多五个选项（A、B、C、D、E），题目为不定项选择题，请按照以下格式作答：

【思考过程】：...

【最终答案】：AB / BCE / CD / DE / E / ...（只输出选项的编号，不要写选项内容）

示例：
题目：医疗伦理中四大基本原则是？
A.尊重自主权
B.善意行为
C.无害原则
D.公正原则
E.以上都不是
【思考过程】：本题考查医学伦理的四大基本原则，包括尊重自主权、不伤害原则、行善原则、公正原则。

【最终答案】：ABCD

题目：在突发事件应急处理中，下列哪些部门需履行法规明确规定的职责？
A.国务院有关部门需确保应急医疗物资的生产供应
B.市级人民政府直接负责救治药品的研发
C.铁路和交通行政主管部门保障物资运输时效
D.教育部门统筹医疗人力资源调度
E.民用航空行政主管部门参与国际物资采购
【思考过程】：",AC,Qwen3-235B-A22B,"【思考过程】：根据《突发公共卫生事件应急条例》及相关法规，国务院有关部门负责协调应急医疗物资的生产供应（A正确）。铁路和交通部门需保障运输时效（C正确）。市级政府不直接负责药品研发（B错误）。教育部门不统筹医疗人力资源（D错误）。民航部门负责运输而非国际采购（E错误）。

【最终答案】：AC",客观题,AC
公共卫生资源分配,"你是一个严格按照要求答题的医学考试考生。请你先展示出完整的思考过程，然后再输出最终答案。每道题目有至少两个选项（A、B）至多五个选项（A、B、C、D、E），题目为不定项选择题，请按照以下格式作答：

【思考过程】：...

【最终答案】：AB / BCE / CD / DE / E / ...（只输出选项的编号，不要写选项内容）

示例：
题目：医疗伦理中四大基本原则是？
A.尊重自主权
B.善意行为
C.无害原则
D.公正原则
E.以上都不是
【思考过程】：本题考查医学伦理的四大基本原则，包括尊重自主权、不伤害原则、行善原则、公正原则。

【最终答案】：ABCD

题目：在突发公共卫生事件中，应急处理指挥部依法可采取以下哪些措施？
A.关闭区域内所有公共场所
B.调集储备的医疗物资
C.对密切接触者进行强制隔离
D.征用私人住宅作为隔离点
E.对传染病疫区实施封锁
【思考过程】：",BCE,Qwen3-235B-A22B,"【思考过程】：本题考查突发公共卫生事件中应急处理指挥部依法可采取的措施。根据《突发公共卫生事件应急条例》第三十三条，指挥部有权紧急调集储备的医疗物资（B正确）。第三十四条明确对密切接触者需采取隔离等医学观察措施（C正确）。第三十五条指出，经上级政府批准后，指挥部可对疫区实施封锁（E正确）。关于A选项，“关闭区域内所有公共场所”可能涉及过度限制，法律条文未明确授权全部关闭，仅针对可能造成传播风险的特定场所，因此A不准确。D选项“征用私人住宅”需由政府决定并给予补偿，指挥部无直接征用权，故D错误。

【最终答案】：BCE",客观题,BCE
公共卫生资源分配,"你是一个严格按照要求答题的医学考试考生。请你先展示出完整的思考过程，然后再输出最终答案。每道题目有至少两个选项（A、B）至多五个选项（A、B、C、D、E），题目为不定项选择题，请按照以下格式作答：

【思考过程】：...

【最终答案】：AB / BCE / CD / DE / E / ...（只输出选项的编号，不要写选项内容）

示例：
题目：医疗伦理中四大基本原则是？
A.尊重自主权
B.善意行为
C.无害原则
D.公正原则
E.以上都不是
【思考过程】：本题考查医学伦理的四大基本原则，包括尊重自主权、不伤害原则、行善原则、公正原则。

【最终答案】：ABCD

题目：在突发公共事件中，县级以上地方人民政府卫生行政主管部门应当对易受感染的人群采取哪些措施？
A.应急接种
B.预防性投药
C.启动基因测序溯源
D.群体防护
E.强制转移疫区居民
【思考过程】：",ABD,Qwen3-235B-A22B,"【思考过程】：本题考查突发公共卫生事件中针对易感人群的防护措施。根据《突发公共卫生事件应急条例》及相关法规，卫生行政部门需采取主动干预措施保护易感人群。应急接种（A）通过快速免疫覆盖阻断传播链；预防性投药（B）可直接降低感染风险（如抗疟药、抗病毒药物）；群体防护（D）涵盖健康教育、防护物资发放等群体性干预。而基因测序溯源（C）属于病原学分析，用于追踪疫情来源而非直接防护；强制转移（E）属于极端情况下的管控手段，通常不作为常规防护措施。

【最终答案】：ABD",客观题,ABD
公共卫生资源分配,"你是一个严格按照要求答题的医学考试考生。请你先展示出完整的思考过程，然后再输出最终答案。每道题目有至少两个选项（A、B）至多五个选项（A、B、C、D、E），题目为不定项选择题，请按照以下格式作答：

【思考过程】：...

【最终答案】：AB / BCE / CD / DE / E / ...（只输出选项的编号，不要写选项内容）

示例：
题目：医疗伦理中四大基本原则是？
A.尊重自主权
B.善意行为
C.无害原则
D.公正原则
E.以上都不是
【思考过程】：本题考查医学伦理的四大基本原则，包括尊重自主权、不伤害原则、行善原则、公正原则。

【最终答案】：ABCD

题目：国务院指定的机构在突发公共事件中行使职权时，以下哪些行为属于其法定权限范围？
A.进入现场进行采样
B.对地方应急工作提出技术指导
C.直接关闭场所进行强制消毒
D.要求社会单位配合调查
E.对拒绝配合的个体实施行政拘留
【思考过程】：",ABD,Qwen3-235B-A22B,"【思考过程】：根据《突发公共卫生事件应急条例》及《传染病防治法》，国务院指定机构在应急处置中有权进入现场采样（A）、提供技术指导（B）、要求社会单位配合调查（D）。关闭场所（C）需地方政府依法执行，行政拘留（E）属公安机关职权，非国务院机构直接权限。

【最终答案】：ABD",客观题,ABD
公共卫生资源分配,"你是一个严格按照要求答题的医学考试考生。请你先展示出完整的思考过程，然后再输出最终答案。每道题目有至少两个选项（A、B）至多五个选项（A、B、C、D、E），题目为不定项选择题，请按照以下格式作答：

【思考过程】：...

【最终答案】：AB / BCE / CD / DE / E / ...（只输出选项的编号，不要写选项内容）

示例：
题目：医疗伦理中四大基本原则是？
A.尊重自主权
B.善意行为
C.无害原则
D.公正原则
E.以上都不是
【思考过程】：本题考查医学伦理的四大基本原则，包括尊重自主权、不伤害原则、行善原则、公正原则。

【最终答案】：ABCD

题目：以下哪项属于医疗卫生机构在突发公共卫生事件中的职责？
A.接诊治疗病人并销毁病历记录
B.将转送病人的病历记录原件移交至指定机构
C.对传染病病人密切接触者采取医学观察措施
D.要求疾控机构对可能受危害人员强制隔离
E.报告所在地疾病预防控制机构收治的传染病患者
【思考过程】：",CE,Qwen3-235B-A22B,"【思考过程】：根据《突发公共卫生事件应急条例》及《传染病防治法》，医疗卫生机构的职责包括：接诊治疗病人时需保留病历记录（A错误），转送病人时应移交病历资料至指定机构（B正确），对传染病密切接触者采取医学观察是医疗机构的义务（C正确），强制隔离由卫生行政部门或疾控机构决定，医疗机构无权直接要求（D错误），医疗机构必须向疾控机构报告传染病患者信息（E正确）。

【最终答案】：BCE",客观题,BCE
公共卫生资源分配,"你是一个严格按照要求答题的医学考试考生。请你先展示出完整的思考过程，然后再输出最终答案。每道题目有至少两个选项（A、B）至多五个选项（A、B、C、D、E），题目为不定项选择题，请按照以下格式作答：

【思考过程】：...

【最终答案】：AB / BCE / CD / DE / E / ...（只输出选项的编号，不要写选项内容）

示例：
题目：医疗伦理中四大基本原则是？
A.尊重自主权
B.善意行为
C.无害原则
D.公正原则
E.以上都不是
【思考过程】：本题考查医学伦理的四大基本原则，包括尊重自主权、不伤害原则、行善原则、公正原则。

【最终答案】：ABCD

题目：在传染病暴发流行时，以下哪些职责属于街道、乡镇及居委会、村委会的工作范围？
A.疫情信息的收集和报告
B.人员的分散隔离
C.直接进行传染病患者的医疗救治
D.制定全国防疫政策
E.向居民宣传传染病防治知识
【思考过程】：",ABE,Qwen3-235B-A22B,"【思考过程】：根据《传染病防治法》及基层组织职责，街道、乡镇及居委会、村委会负责疫情信息收集报告（A）、协助实施隔离措施（B），并承担宣传教育职责（E）。医疗救治（C）由医疗机构负责，制定全国政策（D）属国家层面。

【最终答案】：ABE",客观题,ABE
公共卫生资源分配,"你是一个严格按照要求答题的医学考试考生。请你先展示出完整的思考过程，然后再输出最终答案。每道题目有至少两个选项（A、B）至多五个选项（A、B、C、D、E），题目为不定项选择题，请按照以下格式作答：

【思考过程】：...

【最终答案】：AB / BCE / CD / DE / E / ...（只输出选项的编号，不要写选项内容）

示例：
题目：医疗伦理中四大基本原则是？
A.尊重自主权
B.善意行为
C.无害原则
D.公正原则
E.以上都不是
【思考过程】：本题考查医学伦理的四大基本原则，包括尊重自主权、不伤害原则、行善原则、公正原则。

【最终答案】：ABCD

题目：针对传染病暴发流行区域内的病人，以下哪项措施不符合法规要求？
A.就地隔离
B.就地观察
C.就地治疗
D.强制转诊到上一级医院
E.按流程进行必要的转诊
【思考过程】：",D,Qwen3-235B-A22B,"【思考过程】：根据《传染病防治法》，传染病暴发时应采取就地隔离、观察和治疗措施以控制传播。强制转诊若未按规范流程操作（如未做好感染控制或转运条件不足）则违法。选项D“强制转诊到上一级医院”未提及流程合规性，可能违反法规；而选项E强调按流程转诊，符合规定。

【最终答案】：D",客观题,D
公共卫生资源分配,"你是一个严格按照要求答题的医学考试考生。请你先展示出完整的思考过程，然后再输出最终答案。每道题目有至少两个选项（A、B）至多五个选项（A、B、C、D、E），题目为不定项选择题，请按照以下格式作答：

【思考过程】：...

【最终答案】：AB / BCE / CD / DE / E / ...（只输出选项的编号，不要写选项内容）

示例：
题目：医疗伦理中四大基本原则是？
A.尊重自主权
B.善意行为
C.无害原则
D.公正原则
E.以上都不是
【思考过程】：本题考查医学伦理的四大基本原则，包括尊重自主权、不伤害原则、行善原则、公正原则。

【最终答案】：ABCD

题目：以下哪项不属于有关部门、医疗卫生机构对传染病应当采取的“四早”措施？
A.早发现
B.早报告
C.早隔离
D.早治疗
E.早预防
【思考过程】：",E,Qwen3-235B-A22B,"【思考过程】：本题考查传染病防控中的“四早”措施。根据相关知识，“四早”包括早发现、早报告、早隔离、早治疗。选项E“早预防”属于传染病的一般预防措施，但不在“四早”范围内。

【最终答案】：E",客观题,E
公共卫生资源分配,"你是一个严格按照要求答题的医学考试考生。请你先展示出完整的思考过程，然后再输出最终答案。每道题目有至少两个选项（A、B）至多五个选项（A、B、C、D、E），题目为不定项选择题，请按照以下格式作答：

【思考过程】：...

【最终答案】：AB / BCE / CD / DE / E / ...（只输出选项的编号，不要写选项内容）

示例：
题目：医疗伦理中四大基本原则是？
A.尊重自主权
B.善意行为
C.无害原则
D.公正原则
E.以上都不是
【思考过程】：本题考查医学伦理的四大基本原则，包括尊重自主权、不伤害原则、行善原则、公正原则。

【最终答案】：ABCD

题目：以下哪几个部门需联合制定因突发事件致病、致残人员救治的具体资金保障办法？
A.国务院财政部门
B.国家卫生健康委员会
C.应急管理部
D.民政部
E.人力资源和社会保障部
【思考过程】：",ABE,Qwen3-235B-A22B,"【思考过程】：根据《中华人民共和国突发事件应对法》及相关政策，突发事件救治资金保障需多部门协同制定。国务院财政部门（A）负责资金调配，国家卫健委（B）负责医疗救治执行，应急管理部（C）统筹协调突发事件应对，人力资源和社会保障部（E）涉及工伤保险等社会保障资金。民政部（D）主要负责社会救助，与救治直接关联较小。

【最终答案】：ABCE",客观题,ABCE
公共卫生资源分配,"你是一个严格按照要求答题的医学考试考生。请你先展示出完整的思考过程，然后再输出最终答案。每道题目有至少两个选项（A、B）至多五个选项（A、B、C、D、E），题目为不定项选择题，请按照以下格式作答：

【思考过程】：...

【最终答案】：AB / BCE / CD / DE / E / ...（只输出选项的编号，不要写选项内容）

示例：
题目：医疗伦理中四大基本原则是？
A.尊重自主权
B.善意行为
C.无害原则
D.公正原则
E.以上都不是
【思考过程】：本题考查医学伦理的四大基本原则，包括尊重自主权、不伤害原则、行善原则、公正原则。

【最终答案】：ABCD

题目：在突发公共卫生事件中，以下哪些主体应当配合卫生行政主管部门采取的隔离治疗或医学观察措施？
A. 确诊病人
B. 疑似病人
C. 传染病病人的家属
D. 传染病病人的密切接触者
E. 普通市民
【思考过程】：",ABD,Qwen3-235B-A22B,"【思考过程】：根据《中华人民共和国传染病防治法》及突发公共卫生事件相关法规，确诊病人（A）和疑似病人（B）必须接受隔离治疗。密切接触者（D）因存在传播风险，需配合医学观察。传染病病人家属（C）若属于密切接触者则适用D选项，但题目中C的表述未明确其是否为密切接触者，因此不单独列为必须。普通市民（E）无普遍性义务，仅在特定情况下需配合。  

【最终答案】：ABD",客观题,ABD
公共卫生资源分配,"你是一个严格按照要求答题的医学考试考生。请你先展示出完整的思考过程，然后再输出最终答案。每道题目有至少两个选项（A、B）至多五个选项（A、B、C、D、E），题目为不定项选择题，请按照以下格式作答：

【思考过程】：...

【最终答案】：AB / BCE / CD / DE / E / ...（只输出选项的编号，不要写选项内容）

示例：
题目：医疗伦理中四大基本原则是？
A.尊重自主权
B.善意行为
C.无害原则
D.公正原则
E.以上都不是
【思考过程】：本题考查医学伦理的四大基本原则，包括尊重自主权、不伤害原则、行善原则、公正原则。

【最终答案】：ABCD

题目：以下哪种行为属于医疗卫生机构可能被卫生行政主管部门处罚的情形？
A.未履行突发事件监测职责的
B.拒不服从突发公共卫生事件指挥中心临时调度的
C.拒绝接诊普通感冒患者的
D.不配合疾控部门日常消毒指导的
【思考过程】：",ABC,Qwen3-235B-A22B,"【思考过程】：本题考查医疗卫生机构可能被处罚的情形。根据《突发公共卫生事件应急条例》第五十条，未履行突发事件监测职责（A）、拒不服从指挥中心调度（B）属于处罚情形。根据《医疗机构管理条例》第三十二条及实施细则第五十五条，拒绝接诊普通感冒患者（C）属于违规行为。根据《传染病防治法》第六十九条，不配合疾控部门消毒指导（D）也属于处罚情形。

【最终答案】：ABCD",客观题,ABCD
公共卫生资源分配,"你是一个严格按照要求答题的医学考试考生。请你先展示出完整的思考过程，然后再输出最终答案。每道题目有至少两个选项（A、B）至多五个选项（A、B、C、D、E），题目为不定项选择题，请按照以下格式作答：

【思考过程】：...

【最终答案】：AB / BCE / CD / DE / E / ...（只输出选项的编号，不要写选项内容）

示例：
题目：医疗伦理中四大基本原则是？
A.尊重自主权
B.善意行为
C.无害原则
D.公正原则
E.以上都不是
【思考过程】：本题考查医学伦理的四大基本原则，包括尊重自主权、不伤害原则、行善原则、公正原则。

【最终答案】：ABCD

题目：在突发事件应急处理中，以下哪些行为可能被依法处分或处罚？
A.未按时填报个人健康信息日报表
B.隐瞒现场传染病确诊案例数据
C.允许非指定机构先行进入疫区开展消杀
D.拒绝对突发事件现场进行病理样本采集
E.对涉事车辆进行强制交通管制
【思考过程】：",BD,Qwen3-235B-A22B,"【思考过程】：根据《中华人民共和国突发事件应对法》及《传染病防治法》，隐瞒传染病确诊数据（B）属于违法；允许非指定机构进入疫区（C）违反防控规定；拒绝病理样本采集（D）阻碍应急处置，均可能被处分或处罚。未按时填报健康信息（A）通常不构成处分依据，交通管制（E）属合法措施。

【最终答案】：BCD",客观题,BCD
公共卫生资源分配,"你是一个严格按照要求答题的医学考试考生。请你先展示出完整的思考过程，然后再输出最终答案。每道题目有至少两个选项（A、B）至多五个选项（A、B、C、D、E），题目为不定项选择题，请按照以下格式作答：

【思考过程】：...

【最终答案】：AB / BCE / CD / DE / E / ...（只输出选项的编号，不要写选项内容）

示例：
题目：医疗伦理中四大基本原则是？
A.尊重自主权
B.善意行为
C.无害原则
D.公正原则
E.以上都不是
【思考过程】：本题考查医学伦理的四大基本原则，包括尊重自主权、不伤害原则、行善原则、公正原则。

【最终答案】：ABCD

题目：在突发公共卫生事件期间，以下哪些行为可能被依法追究行政或刑事责任？
A.在网络平台编造“某医院床位爆满瘫痪”的虚假视频
B.将普通医用口罩按N95价格提高600%销售
C.销售无法过滤病毒的劣质口罩但宣称符合国标
D.超市要求消费者购买日用品必须搭配高价消毒液
【思考过程】：",ABC,Qwen3-235B-A22B,"【思考过程】：本题考查突发公共卫生事件期间违法行为的法律责任。A选项涉及编造虚假信息扰乱社会秩序，可能构成刑法中的编造、故意传播虚假信息罪；B选项属于哄抬物价牟取暴利，违反价格法可能面临行政处罚或非法经营罪追责；C选项销售伪劣医疗器材危害公共健康，构成生产销售伪劣产品罪；D选项强制搭售高价商品扰乱市场秩序，属于价格违法行为可能被行政处罚。根据相关法律及疫情期间特别规定，四类行为均可能被追究责任。

【最终答案】：ABCD",客观题,ABCD
公共卫生资源分配,"你是一个严格按照要求答题的医学考试考生。请你先展示出完整的思考过程，然后再输出最终答案。每道题目有至少两个选项（A、B）至多五个选项（A、B、C、D、E），题目为不定项选择题，请按照以下格式作答：

【思考过程】：...

【最终答案】：AB / BCE / CD / DE / E / ...（只输出选项的编号，不要写选项内容）

示例：
题目：医疗伦理中四大基本原则是？
A.尊重自主权
B.善意行为
C.无害原则
D.公正原则
E.以上都不是
【思考过程】：本题考查医学伦理的四大基本原则，包括尊重自主权、不伤害原则、行善原则、公正原则。

【最终答案】：ABCD

题目：公共卫生资源分配需遵循公平与效率统一的原则，以下哪几项表述符合该原则要求？
A.优先保障高端医疗服务质量以提升医院声誉
B.促进基本医疗卫生服务的可及性并兼顾公平
C.资源配置时应仅考虑绝对平均分配
D.通过优化管理和协作机制同步提高效率、降低成本
【思考过程】：",BD,Qwen3-235B-A22B,"【思考过程】：本题考查公共卫生资源分配中公平与效率统一的原则。公平要求根据人群需求合理分配资源（如基本医疗服务可及性），而非绝对平均（C错误）；效率要求优化资源配置以降低成本（D正确）。选项A侧重提升医院声誉而非整体公平，不符合原则；B直接体现公平与可及性，符合要求；D通过优化机制实现效率与成本控制，符合原则。

【最终答案】：BD",客观题,BD
公共卫生资源分配,"你是一个严格按照要求答题的医学考试考生。请你先展示出完整的思考过程，然后再输出最终答案。每道题目有至少两个选项（A、B）至多五个选项（A、B、C、D、E），题目为不定项选择题，请按照以下格式作答：

【思考过程】：...

【最终答案】：AB / BCE / CD / DE / E / ...（只输出选项的编号，不要写选项内容）

示例：
题目：医疗伦理中四大基本原则是？
A.尊重自主权
B.善意行为
C.无害原则
D.公正原则
E.以上都不是
【思考过程】：本题考查医学伦理的四大基本原则，包括尊重自主权、不伤害原则、行善原则、公正原则。

【最终答案】：ABCD

题目：以下哪些选项属于我国政府在公共卫生资源分配中应承担的责任？
A.制定医疗卫生服务制度
B.规范医疗领域定价机制
C.保障基本医疗服务筹资
D.审批民营医院运营资质
E.承担医疗机构日常运营
【思考过程】：",AC,Qwen3-235B-A22B,"【思考过程】：题目要求判断政府在公共卫生资源分配中的责任。A选项涉及制度制定，属于政府职能；B选项规范定价是政府调控职责；C选项保障筹资符合政府公共健康责任；D选项审批资质是政府监管职责；E选项医疗机构日常运营通常由机构自行负责，政府不直接承担运营责任。

【最终答案】：ABCD",客观题,ABCD
公共卫生资源分配,"你是一个严格按照要求答题的医学考试考生。请你先展示出完整的思考过程，然后再输出最终答案。每道题目有至少两个选项（A、B）至多五个选项（A、B、C、D、E），题目为不定项选择题，请按照以下格式作答：

【思考过程】：...

【最终答案】：AB / BCE / CD / DE / E / ...（只输出选项的编号，不要写选项内容）

示例：
题目：医疗伦理中四大基本原则是？
A.尊重自主权
B.善意行为
C.无害原则
D.公正原则
E.以上都不是
【思考过程】：本题考查医学伦理的四大基本原则，包括尊重自主权、不伤害原则、行善原则、公正原则。

【最终答案】：ABCD

题目：以下哪几项是公立医院依法应当承担的任务？
A.主导商业医疗保险推广
B.承担人才培养任务
C.承担医学科研任务
D.执行突发事件紧急医疗救援
E.开展国际营利性合作项目
【思考过程】：",BCD,Qwen3-235B-A22B,"【思考过程】：公立医院的法定任务包括教学科研和公共卫生服务。选项B（人才培养）、C（医学科研）、D（突发事件救援）符合《医疗机构管理条例》及《基本医疗卫生法》要求；A（商业保险）和E（国际营利项目）属于市场行为，非强制性职责。

【最终答案】：BCD",客观题,BCD
公共卫生资源分配,"你是一个严格按照要求答题的医学考试考生。请你先展示出完整的思考过程，然后再输出最终答案。每道题目有至少两个选项（A、B）至多五个选项（A、B、C、D、E），题目为不定项选择题，请按照以下格式作答：

【思考过程】：...

【最终答案】：AB / BCE / CD / DE / E / ...（只输出选项的编号，不要写选项内容）

示例：
题目：医疗伦理中四大基本原则是？
A.尊重自主权
B.善意行为
C.无害原则
D.公正原则
E.以上都不是
【思考过程】：本题考查医学伦理的四大基本原则，包括尊重自主权、不伤害原则、行善原则、公正原则。

【最终答案】：ABCD

题目：下列哪些机构属于基层医疗卫生机构？
A. 乡镇卫生院
B. 三甲医院急诊科
C. 私立专科眼科诊所
D. 社区卫生服务中心（站）
E. 省级疾病预防控制中心
【思考过程】：",AD,Qwen3-235B-A22B,"【思考过程】：基层医疗卫生机构主要指在基层（如社区、乡镇）提供基础医疗服务的机构。A选项“乡镇卫生院”和D选项“社区卫生服务中心（站）”属于基层医疗机构，分别服务于农村和城市社区。B选项“三甲医院急诊科”属于高级别医院的科室，C选项“私立专科眼科诊所”为专科医疗机构，E选项“省级疾病预防控制中心”属于公共卫生机构，均不属于基层医疗卫生机构。

【最终答案】：AD",客观题,AD
公共卫生资源分配,"你是一个严格按照要求答题的医学考试考生。请你先展示出完整的思考过程，然后再输出最终答案。每道题目有至少两个选项（A、B）至多五个选项（A、B、C、D、E），题目为不定项选择题，请按照以下格式作答：

【思考过程】：...

【最终答案】：AB / BCE / CD / DE / E / ...（只输出选项的编号，不要写选项内容）

示例：
题目：医疗伦理中四大基本原则是？
A.尊重自主权
B.善意行为
C.无害原则
D.公正原则
E.以上都不是
【思考过程】：本题考查医学伦理的四大基本原则，包括尊重自主权、不伤害原则、行善原则、公正原则。

【最终答案】：ABCD

题目：下列哪项服务不属于专业公共卫生机构提供的服务范围？
A.疾病预防控制
B.精神卫生服务
C.综合监督执法
D.医疗保险筹资管理
E.基础教育健康促进
【思考过程】：",DE,Qwen3-235B-A22B,"【思考过程】：专业公共卫生机构主要负责疾病预防控制、卫生监督、健康促进等。A（疾病预防控制）和C（综合监督执法）属于其职责。B（精神卫生服务）通常由专科防治机构提供，属于公共卫生体系。E（基础教育健康促进）属于健康教育范畴。D（医疗保险筹资管理）属于医疗保障部门职能，非公共卫生机构职责。

【最终答案】：D",客观题,D
公共卫生资源分配,"你是一个严格按照要求答题的医学考试考生。请你先展示出完整的思考过程，然后再输出最终答案。每道题目有至少两个选项（A、B）至多五个选项（A、B、C、D、E），题目为不定项选择题，请按照以下格式作答：

【思考过程】：...

【最终答案】：AB / BCE / CD / DE / E / ...（只输出选项的编号，不要写选项内容）

示例：
题目：医疗伦理中四大基本原则是？
A.尊重自主权
B.善意行为
C.无害原则
D.公正原则
E.以上都不是
【思考过程】：本题考查医学伦理的四大基本原则，包括尊重自主权、不伤害原则、行善原则、公正原则。

【最终答案】：ABCD

题目：以下哪些做法符合我国关于医疗机构与养老机构合作的规定？
A.三甲医院设立包含基础医疗服务的养老床位
B.养老机构内设中医理疗科室
C.社区卫生中心与教育机构合作开展老年健康课程
D.康复疗养院拒绝与二级医院建立双向转诊机制
【思考过程】：",AB,Qwen3-235B-A22B,"【思考过程】：本题考查我国医疗机构与养老机构合作的相关规定。根据《关于深入推进医养结合发展的若干意见》等政策，医养结合鼓励医疗机构与养老机构深度合作。A选项三甲医院设立养老床位符合医养结合模式；B选项养老机构内设中医科室符合中医药参与养老服务的政策；C选项中“教育机构”非养老机构，不符合题干要求；D选项拒绝双向转诊违反分级诊疗要求。

【最终答案】：AB",客观题,AB
公共卫生资源分配,"你是一个严格按照要求答题的医学考试考生。请你先展示出完整的思考过程，然后再输出最终答案。每道题目有至少两个选项（A、B）至多五个选项（A、B、C、D、E），题目为不定项选择题，请按照以下格式作答：

【思考过程】：...

【最终答案】：AB / BCE / CD / DE / E / ...（只输出选项的编号，不要写选项内容）

示例：
题目：医疗伦理中四大基本原则是？
A.尊重自主权
B.善意行为
C.无害原则
D.公正原则
E.以上都不是
【思考过程】：本题考查医学伦理的四大基本原则，包括尊重自主权、不伤害原则、行善原则、公正原则。

【最终答案】：ABCD

题目：以下哪些内容属于医疗资源分配中政府卫生投入机制的核心要点？
A.明确政府在公共卫生和基本医疗服务中的主导地位
B.强化社会资本在基层医疗中的主体地位
C.合理划分中央与地方政府的医疗卫生投入责任
D.全面落实对社会办营利性医疗机构的强制投入政策
E.建立以商业健康保险为主体的医保体系
【思考过程】：",AC,Qwen3-235B-A22B,"【思考过程】：本题考查医疗资源分配中政府卫生投入机制的核心内容。选项A强调政府在公共卫生和基本医疗服务中的主导地位，符合政府投入机制的职责定位；选项C涉及中央与地方投入责任的合理划分，是落实政府投入责任的关键环节。选项B强化社会资本的主体地位与政府投入机制相悖；选项D强制投入营利性机构不符合公共财政原则；选项E以商业保险为主体属于医保体系范畴，非政府投入机制核心。

【最终答案】：AC",客观题,AC
公共卫生资源分配,"你是一个严格按照要求答题的医学考试考生。请你先展示出完整的思考过程，然后再输出最终答案。每道题目有至少两个选项（A、B）至多五个选项（A、B、C、D、E），题目为不定项选择题，请按照以下格式作答：

【思考过程】：...

【最终答案】：AB / BCE / CD / DE / E / ...（只输出选项的编号，不要写选项内容）

示例：
题目：医疗伦理中四大基本原则是？
A.尊重自主权
B.善意行为
C.无害原则
D.公正原则
E.以上都不是
【思考过程】：本题考查医学伦理的四大基本原则，包括尊重自主权、不伤害原则、行善原则、公正原则。

【最终答案】：ABCD

题目：根据公共卫生资源分配要求，以下哪些属于需要重点加强服务能力的薄弱领域？
A.体检中心执业能力建设
B.中医服务能力建设
C.儿科诊疗能力建设
D.心血管专科设备配置
E.临终关怀服务能力建设
F.精神卫生防治能力建设
G.运动康复器材开发
H.传染病防控能力建设
【思考过程】：",BCFH,Qwen3-235B-A22B,"【思考过程】：根据公共卫生资源分配的重点领域，薄弱环节通常包括儿科、精神卫生、临终关怀、中医服务及传染病防控。儿科诊疗能力长期存在资源短缺（C）；临终关怀服务国内发展不足（E）；精神卫生防治体系不完善（F）；中医服务在基层覆盖和能力上仍有欠缺（B）；传染病防控能力在新冠疫情后成为重点（H）。其他选项如心血管设备配置（D）和运动康复器材开发（G）更多涉及专科或产业问题，不属于直接的服务能力薄弱领域。体检中心（A）属于预防体系，但并非当前重点强化的薄弱环节。

【最终答案】：BCEF H",客观题,BCEFH
公共卫生资源分配,"你是一个严格按照要求答题的医学考试考生。请你先展示出完整的思考过程，然后再输出最终答案。每道题目有至少两个选项（A、B）至多五个选项（A、B、C、D、E），题目为不定项选择题，请按照以下格式作答：

【思考过程】：...

【最终答案】：AB / BCE / CD / DE / E / ...（只输出选项的编号，不要写选项内容）

示例：
题目：医疗伦理中四大基本原则是？
A.尊重自主权
B.善意行为
C.无害原则
D.公正原则
E.以上都不是
【思考过程】：本题考查医学伦理的四大基本原则，包括尊重自主权、不伤害原则、行善原则、公正原则。

【最终答案】：ABCD

题目：在区域卫生规划评价过程中，以下哪些手段不属于规范实施的要求？
A.法律手段
B.经济手段
C.行政手段
D.医疗手段
E.行政命令
【思考过程】：",DE,Qwen3-235B-A22B,"【思考过程】：区域卫生规划评价的规范实施通常需要法律、经济、行政等管理手段来确保执行效果。医疗手段（D）指具体医疗服务，而非规范实施的管理手段。行政命令（E）属于行政手段的范畴，属于规范实施要求。因此，不属于规范实施要求的为医疗手段。

【最终答案】：D",客观题,D
公共卫生资源分配,"你是一个严格按照要求答题的医学考试考生。请你先展示出完整的思考过程，然后再输出最终答案。每道题目有至少两个选项（A、B）至多五个选项（A、B、C、D、E），题目为不定项选择题，请按照以下格式作答：

【思考过程】：...

【最终答案】：AB / BCE / CD / DE / E / ...（只输出选项的编号，不要写选项内容）

示例：
题目：医疗伦理中四大基本原则是？
A.尊重自主权
B.善意行为
C.无害原则
D.公正原则
E.以上都不是
【思考过程】：本题考查医学伦理的四大基本原则，包括尊重自主权、不伤害原则、行善原则、公正原则。

【最终答案】：ABCD

题目：以下哪些属于突发公共卫生事件应急工作应当遵循的方针？
A.预防为主
B.防治结合
C.党委统一领导
D.健康优先的方针
E.科学、依法、精准应对
【思考过程】：",ABD,Qwen3-235B-A22B,"【思考过程】：根据《突发公共卫生事件应急条例》第三条，应急工作应遵循“预防为主、常备不懈”的方针，并贯彻“统一领导、分级负责、反应及时、措施果断、依靠科学、依法防治”的原则。题目选项中，“预防为主”（A）和“防治结合”（B）属于方针的核心内容，而“科学、依法、精准应对”（E）对应原则中的“依靠科学、依法防治”。选项C（党委统一领导）和D（健康优先）属于组织保障或实施策略，而非方针本身。因此正确答案为AB。

【最终答案】：AB",客观题,AB
公共卫生资源分配,"你是一个严格按照要求答题的医学考试考生。请你先展示出完整的思考过程，然后再输出最终答案。每道题目有至少两个选项（A、B）至多五个选项（A、B、C、D、E），题目为不定项选择题，请按照以下格式作答：

【思考过程】：...

【最终答案】：AB / BCE / CD / DE / E / ...（只输出选项的编号，不要写选项内容）

示例：
题目：医疗伦理中四大基本原则是？
A.尊重自主权
B.善意行为
C.无害原则
D.公正原则
E.以上都不是
【思考过程】：本题考查医学伦理的四大基本原则，包括尊重自主权、不伤害原则、行善原则、公正原则。

【最终答案】：ABCD

题目：根据相关法规，下列哪些行为违反了突发公共卫生事件应对中的禁止性规定？
A.拒绝让未佩戴口罩的疑似病人进入社区超市
B.某企业解雇因传染病病人密切接触而被隔离的员工
C.社区工作人员在微信群公开某患者的详细住址
D.根据接触史对密切接触者实施居家隔离措施
E.某事业单位因应聘者曾被隔离拒绝其入职
【思考过程】：",BCE,Qwen3-235B-A22B,"【思考过程】：本题考查突发公共卫生事件应对中的禁止性规定。根据《传染病防治法》及《突发公共卫生事件应急条例》：
- 选项B涉及违法解雇被隔离员工，违反不得歧视规定；
- 选项C泄露患者隐私，明确违反个人信息保护条款；
- 选项E拒绝曾被隔离者入职属于就业歧视，均属禁止行为；
- 选项D对密切接触者实施居家隔离是合法防控措施；
- 选项A拒绝疑似病人进入超市属于配合疫情防控的合理要求，不构成禁止性违规。

【最终答案】：BCE",客观题,BCE
公共卫生资源分配,"你是一个严格按照要求答题的医学考试考生。请你先展示出完整的思考过程，然后再输出最终答案。每道题目有至少两个选项（A、B）至多五个选项（A、B、C、D、E），题目为不定项选择题，请按照以下格式作答：

【思考过程】：...

【最终答案】：AB / BCE / CD / DE / E / ...（只输出选项的编号，不要写选项内容）

示例：
题目：医疗伦理中四大基本原则是？
A.尊重自主权
B.善意行为
C.无害原则
D.公正原则
E.以上都不是
【思考过程】：本题考查医学伦理的四大基本原则，包括尊重自主权、不伤害原则、行善原则、公正原则。

【最终答案】：ABCD

题目：市、区卫生健康部门应建立的突发公共卫生事件相关队伍不包括以下哪一项？
A.应急处置队伍
B.医疗救援队伍
C.心理危机干预队伍
D.舆情监测队伍
E.卫生监督执法队伍
【思考过程】：",DE,Qwen3-235B-A22B,"【思考过程】：根据《突发公共卫生事件应急条例》及公共卫生应急管理要求，市、区卫生健康部门需建立应急处置、医疗救援、心理危机干预和卫生监督执法队伍。舆情监测通常属于政府宣传部门或网信办的职责，而非卫生健康部门必须建立的队伍。

【最终答案】：D",客观题,D
公共卫生资源分配,"你是一个严格按照要求答题的医学考试考生。请你先展示出完整的思考过程，然后再输出最终答案。每道题目有至少两个选项（A、B）至多五个选项（A、B、C、D、E），题目为不定项选择题，请按照以下格式作答：

【思考过程】：...

【最终答案】：AB / BCE / CD / DE / E / ...（只输出选项的编号，不要写选项内容）

示例：
题目：医疗伦理中四大基本原则是？
A.尊重自主权
B.善意行为
C.无害原则
D.公正原则
E.以上都不是
【思考过程】：本题考查医学伦理的四大基本原则，包括尊重自主权、不伤害原则、行善原则、公正原则。

【最终答案】：ABCD

题目：根据相关法规，以下哪些主体有责任普及公共卫生健康知识和应急技能？
A.市教育部门
B.机关企业事业单位
C.新闻媒体
D.私营培训机构
E.个人志愿者
【思考过程】：",ABC,Qwen3-235B-A22B,"【思考过程】：根据《中华人民共和国基本医疗卫生与健康促进法》相关规定，公共卫生健康知识普及的责任主体包括政府相关部门（如教育部门）、机关企事业单位、新闻媒体及社会力量（如私营培训机构）。其中，教育部门负责学校健康教育，机关企事业单位需组织员工培训，新闻媒体承担宣传义务，私营培训机构作为社会力量亦有参与责任。个人志愿者虽可自愿参与，但法规未明确将其列为责任主体。

【最终答案】：ABCD",客观题,ABCD
公共卫生资源分配,"你是一个严格按照要求答题的医学考试考生。请你先展示出完整的思考过程，然后再输出最终答案。每道题目有至少两个选项（A、B）至多五个选项（A、B、C、D、E），题目为不定项选择题，请按照以下格式作答：

【思考过程】：...

【最终答案】：AB / BCE / CD / DE / E / ...（只输出选项的编号，不要写选项内容）

示例：
题目：医疗伦理中四大基本原则是？
A.尊重自主权
B.善意行为
C.无害原则
D.公正原则
E.以上都不是
【思考过程】：本题考查医学伦理的四大基本原则，包括尊重自主权、不伤害原则、行善原则、公正原则。

【最终答案】：ABCD

题目：根据相关法规，以下哪些途径属于报告突发公共卫生事件隐患的正确方式？
A.拨打北京12345市民服务热线
B.通过部门电话报告
C.在政府网站提交信息
D.使用政务新媒体平台
E.向当地媒体公开举报
【思考过程】：",ABCD,Qwen3-235B-A22B,"【思考过程】：根据《突发公共卫生事件应急条例》及相关法规，报告突发公共卫生事件隐患应通过官方正式渠道。北京12345市民服务热线是政府设立的综合服务平台（A正确）；部门电话报告（B）和政府网站提交信息（C）均为官方指定途径；政务新媒体平台（D）如官方社交媒体账号也属于现代官方渠道。向媒体公开举报（E）虽可能引起关注，但非法规明确规定的直接报告途径。

【最终答案】：ABCD",客观题,ABCD
公共卫生资源分配,"你是一个严格按照要求答题的医学考试考生。请你先展示出完整的思考过程，然后再输出最终答案。每道题目有至少两个选项（A、B）至多五个选项（A、B、C、D、E），题目为不定项选择题，请按照以下格式作答：

【思考过程】：...

【最终答案】：AB / BCE / CD / DE / E / ...（只输出选项的编号，不要写选项内容）

示例：
题目：医疗伦理中四大基本原则是？
A.尊重自主权
B.善意行为
C.无害原则
D.公正原则
E.以上都不是
【思考过程】：本题考查医学伦理的四大基本原则，包括尊重自主权、不伤害原则、行善原则、公正原则。

【最终答案】：ABCD

题目：关于突发公共卫生事件信息发布的正确做法，下列哪项表述符合法规要求？
A.信息发布应当及时并持续进行
B.政府仅需与社会公众保持单向信息传递
C.信息发布应当保证公开和透明
D.采取无障碍方式确保特殊群体获取信息
E.所有信息应在事发12小时内统一处理
【思考过程】：",ACD,Qwen3-235B-A22B,"【思考过程】：突发公共卫生事件的信息发布需遵循及时性、透明性、可及性原则。A符合及时与持续要求；C强调公开透明，正确；D确保特殊群体获取信息，符合无障碍原则；B错误，因需双向沟通；E错误，因无“所有信息12小时统一处理”的刚性规定。

【最终答案】：ACD",客观题,ACD
公共卫生资源分配,"你是一个严格按照要求答题的医学考试考生。请你先展示出完整的思考过程，然后再输出最终答案。每道题目有至少两个选项（A、B）至多五个选项（A、B、C、D、E），题目为不定项选择题，请按照以下格式作答：

【思考过程】：...

【最终答案】：AB / BCE / CD / DE / E / ...（只输出选项的编号，不要写选项内容）

示例：
题目：医疗伦理中四大基本原则是？
A.尊重自主权
B.善意行为
C.无害原则
D.公正原则
E.以上都不是
【思考过程】：本题考查医学伦理的四大基本原则，包括尊重自主权、不伤害原则、行善原则、公正原则。

【最终答案】：ABCD

题目：以下哪些属于重大传染病疫情和群体性不明原因疾病应对处置的基本原则？
A.早预防、早报告、早隔离、早治疗
B.早发现、早报告、早隔离、早治疗
C.早发现、早响应、早封锁、早治疗
D.早发现、早报告、早转运、早收治
E.早筛查、早预警、早隔离、早康复
【思考过程】：",B,Qwen3-235B-A22B,"【思考过程】：重大传染病疫情和群体性不明原因疾病的应对处置原则需围绕快速控制传染源和传播途径展开。核心措施包括“早发现”（及时识别病例）、“早报告”（迅速启动信息通报）、“早隔离”（阻断传播路径）、“早治疗”（减少重症和死亡）。选项B完全符合这一框架。选项A将“早预防”替换“早发现”，但“预防”更偏向长期防控而非疫情爆发时的应急处置；选项C的“早封锁”和选项D的“早转运”“早收治”虽在特定场景适用，但非通用基本原则；选项E的“早筛查”“早预警”属于监测预警阶段，不属于疫情发生后的处置措施。

【最终答案】：B",客观题,B
公共卫生资源分配,"你是一个严格按照要求答题的医学考试考生。请你先展示出完整的思考过程，然后再输出最终答案。每道题目有至少两个选项（A、B）至多五个选项（A、B、C、D、E），题目为不定项选择题，请按照以下格式作答：

【思考过程】：...

【最终答案】：AB / BCE / CD / DE / E / ...（只输出选项的编号，不要写选项内容）

示例：
题目：医疗伦理中四大基本原则是？
A.尊重自主权
B.善意行为
C.无害原则
D.公正原则
E.以上都不是
【思考过程】：本题考查医学伦理的四大基本原则，包括尊重自主权、不伤害原则、行善原则、公正原则。

【最终答案】：ABCD

题目：在公共卫生资源分配中，医疗卫生机构必须及时采取救治措施的患者类别包括以下哪些？
A.急性心肌梗死患者需紧急手术
B.普通门诊患者的常规复查
C.稳定期糖尿病患者的定期随访
D.需血液透析的肾功能衰竭患者
【思考过程】：",AD,Qwen3-235B-A22B,"【思考过程】：本题考查公共卫生资源分配中必须及时救治的患者类别。选项A（急性心肌梗死需紧急手术）属于危及生命的急症，必须及时处理；选项D（需血液透析的肾功能衰竭患者）虽涉及维持生命的治疗，但血液透析通常为计划性治疗，并非紧急救治范畴。选项B和C均为非紧急的常规管理。因此，仅选项A符合“必须及时救治”的要求。

【最终答案】：A",客观题,A
公共卫生资源分配,"你是一个严格按照要求答题的医学考试考生。请你先展示出完整的思考过程，然后再输出最终答案。每道题目有至少两个选项（A、B）至多五个选项（A、B、C、D、E），题目为不定项选择题，请按照以下格式作答：

【思考过程】：...

【最终答案】：AB / BCE / CD / DE / E / ...（只输出选项的编号，不要写选项内容）

示例：
题目：医疗伦理中四大基本原则是？
A.尊重自主权
B.善意行为
C.无害原则
D.公正原则
E.以上都不是
【思考过程】：本题考查医学伦理的四大基本原则，包括尊重自主权、不伤害原则、行善原则、公正原则。

【最终答案】：ABCD

题目：在突发公共卫生事件中，以下哪些组织应当被市、区相关部门组织参与心理危机干预服务？
A.商业保险公司
B.精神卫生医疗机构
C.高等学校
D.志愿服务组织
E.公证机构
【思考过程】：",BCD,Qwen3-235B-A22B,"【思考过程】：突发公共卫生事件中的心理危机干预需要专业医疗机构（B）、具备心理学背景的高校（C）及志愿组织（D）协作。商业保险公司（A）和公证机构（E）无直接关联。

【最终答案】：BCD",客观题,BCD
公共卫生资源分配,"你是一个严格按照要求答题的医学考试考生。请你先展示出完整的思考过程，然后再输出最终答案。每道题目有至少两个选项（A、B）至多五个选项（A、B、C、D、E），题目为不定项选择题，请按照以下格式作答：

【思考过程】：...

【最终答案】：AB / BCE / CD / DE / E / ...（只输出选项的编号，不要写选项内容）

示例：
题目：医疗伦理中四大基本原则是？
A.尊重自主权
B.善意行为
C.无害原则
D.公正原则
E.以上都不是
【思考过程】：本题考查医学伦理的四大基本原则，包括尊重自主权、不伤害原则、行善原则、公正原则。

【最终答案】：ABCD

题目：根据相关法律法规，以下哪类群体在公共卫生资源分配时应被给予应急救助？
A.老、幼、病、残
B.孤寡人员
C.精神障碍患者
D.外来务工人员
E.青少年学生
【思考过程】：",ABC,Qwen3-235B-A22B,"【思考过程】：根据《突发公共卫生事件应急条例》及相关法律法规，公共卫生资源分配时应优先保障生理或社会脆弱群体。老、幼、病、残群体因身体机能弱、抵抗力低，易受健康威胁，属于法定优先救助对象。精神障碍患者（C）可能因认知障碍需特殊照顾，但法规中未明确列为应急救助优先群体。外来务工人员（D）和青少年学生（E）虽可能存在聚集风险，但未被法规明确归类为必须优先分配资源的群体。孤寡人员（B）虽属弱势，但法规中未单独强调其应急救助优先权。

【最终答案】：A",客观题,A
公共卫生资源分配,"你是一个严格按照要求答题的医学考试考生。请你先展示出完整的思考过程，然后再输出最终答案。每道题目有至少两个选项（A、B）至多五个选项（A、B、C、D、E），题目为不定项选择题，请按照以下格式作答：

【思考过程】：...

【最终答案】：AB / BCE / CD / DE / E / ...（只输出选项的编号，不要写选项内容）

示例：
题目：医疗伦理中四大基本原则是？
A.尊重自主权
B.善意行为
C.无害原则
D.公正原则
E.以上都不是
【思考过程】：本题考查医学伦理的四大基本原则，包括尊重自主权、不伤害原则、行善原则、公正原则。

【最终答案】：ABCD

题目：以下哪项不属于居民委员会、村民委员会在公共卫生事件中的职责？
A.动员组织居民开展群防群治
B.对公共交通工具进行清洁消毒
C.开展出入人员登记排查
D.协助实施人员健康监测
E.为居家观察者提供日常生活保障
【思考过程】：",B,Qwen3-235B-A22B,"【思考过程】：根据《中华人民共和国突发事件应对法》及公共卫生事件处置规范，居民委员会、村民委员会的职责主要包括组织动员居民（A）、社区排查（C）、健康监测协助（D）及生活保障（E）。公共交通工具清洁消毒（B）属于交通运输部门或运营主体的直接责任，非基层自治组织职责。

【最终答案】：B",客观题,B
公共卫生资源分配,"你是一个严格按照要求答题的医学考试考生。请你先展示出完整的思考过程，然后再输出最终答案。每道题目有至少两个选项（A、B）至多五个选项（A、B、C、D、E），题目为不定项选择题，请按照以下格式作答：

【思考过程】：...

【最终答案】：AB / BCE / CD / DE / E / ...（只输出选项的编号，不要写选项内容）

示例：
题目：医疗伦理中四大基本原则是？
A.尊重自主权
B.善意行为
C.无害原则
D.公正原则
E.以上都不是
【思考过程】：本题考查医学伦理的四大基本原则，包括尊重自主权、不伤害原则、行善原则、公正原则。

【最终答案】：ABCD

题目：以下哪项属于突发公共事件中市、区人民政府有关部门的法定义务？
A.交通运输部门指导地铁运营方实施车站封闭措施
B.教育部门负责学校艺术课程改革试点
C.民政部门协调社会力量参与社区宠物救助
D.应急管理部门联合药监机构组织防护服海外代购
E.市场监督管理部门查处食品生产商虚标有机认证
【思考过程】：",AE,Qwen3-235B-A22B,"【思考过程】：根据《中华人民共和国突发事件应对法》，市、区人民政府有关部门在突发公共事件中的职责包括应急处置措施、协调社会力量、保障物资供应等。A项属于交通运输部门在应急期间实施交通管制的职责；C项符合民政部门协调社会力量参与救助的要求；D项涉及应急管理部门和药监机构保障防护物资供应的职责。B项为教育政策调整，E项为日常市场监管，均与突发事件应对无直接关联。

【最终答案】：ACD",客观题,ACD
公共卫生资源分配,"你是一个严格按照要求答题的医学考试考生。请你先展示出完整的思考过程，然后再输出最终答案。每道题目有至少两个选项（A、B）至多五个选项（A、B、C、D、E），题目为不定项选择题，请按照以下格式作答：

【思考过程】：...

【最终答案】：AB / BCE / CD / DE / E / ...（只输出选项的编号，不要写选项内容）

示例：
题目：医疗伦理中四大基本原则是？
A.尊重自主权
B.善意行为
C.无害原则
D.公正原则
E.以上都不是
【思考过程】：本题考查医学伦理的四大基本原则，包括尊重自主权、不伤害原则、行善原则、公正原则。

【最终答案】：ABCD

题目：下列哪些关于公共卫生事件举报和处置程序的描述符合相关规定？
A.有关部门收到公职人员违法线索可直接开展行政处分
B.单位发现某医院虚报疫情数据可向监察机关举报
C.因举报内容涉及公共利益，有关部门可公开举报人职务信息
D.某县卫健局接到漏报事件的举报后应立即核查并保护举报人隐私
E.卫生健康部门发现官员篡改物资分配记录应当将线索移交监察机关
F.接到举报的机构需在24小时内启动调查程序
【思考过程】：",BDE,Qwen3-235B-A22B,"【思考过程】：根据相关法规，接到举报需核查并保护隐私（D正确）；公职人员违法行为线索应移交监察机关（E正确）；单位发现医院虚报疫情涉及公职人员违法时可向监察机关举报（B正确）。其他选项涉及程序违规或无明确依据。

【最终答案】：BDE",客观题,BDE
公共卫生资源分配,"你是一个严格按照要求答题的医学考试考生。请你先展示出完整的思考过程，然后再输出最终答案。每道题目有至少两个选项（A、B）至多五个选项（A、B、C、D、E），题目为不定项选择题，请按照以下格式作答：

【思考过程】：...

【最终答案】：AB / BCE / CD / DE / E / ...（只输出选项的编号，不要写选项内容）

示例：
题目：医疗伦理中四大基本原则是？
A.尊重自主权
B.善意行为
C.无害原则
D.公正原则
E.以上都不是
【思考过程】：本题考查医学伦理的四大基本原则，包括尊重自主权、不伤害原则、行善原则、公正原则。

【最终答案】：ABCD

题目：在突发公共卫生事件应急处置中，以下哪些单位应当对不配合应对措施的行为在劝阻无效后立即向公安机关或有关部门报告？
A.公共场所管理单位
B.高速公路收费站
C.居民委员会
D.教育局
E.公共交通工具运营管理单位
【思考过程】：",ACE,Qwen3-235B-A22B,"【思考过程】：本题考查突发公共卫生事件中相关单位的报告义务。根据《突发公共卫生事件应急条例》及疫情防控实践，公共场所管理单位（A）作为直接管理场所的主体，需对不配合行为进行劝阻并报告；居民委员会（C）作为基层自治组织，承担社区防控职责，符合报告义务；公共交通工具运营管理单位（E）在交通工具上遇到不配合防疫措施时，需履行管理责任。高速公路收费站（B）虽属公共场所，但其管理职责通常由交通执法部门直接行使，不属于题干中独立列明的报告主体；教育局（D）作为行政主管部门，不直接参与现场处置，故不选。

【最终答案】：ACE",客观题,ACE
公共卫生资源分配,"你是一个严格按照要求答题的医学考试考生。请你先展示出完整的思考过程，然后再输出最终答案。每道题目有至少两个选项（A、B）至多五个选项（A、B、C、D、E），题目为不定项选择题，请按照以下格式作答：

【思考过程】：...

【最终答案】：AB / BCE / CD / DE / E / ...（只输出选项的编号，不要写选项内容）

示例：
题目：医疗伦理中四大基本原则是？
A.尊重自主权
B.善意行为
C.无害原则
D.公正原则
E.以上都不是
【思考过程】：本题考查医学伦理的四大基本原则，包括尊重自主权、不伤害原则、行善原则、公正原则。

【最终答案】：ABCD

题目：在突发公共卫生事件应急处置中，本市各有关单位依法应当为相关人员提供哪些保障？
A.发放额外奖金
B.给予补助和补贴
C.提供职业安全防护
D.优先晋升机会
E.对伤亡人员家属进行救助和抚恤
【思考过程】：",BE,Qwen3-235B-A22B,"【思考过程】：根据《突发公共卫生事件应急条例》及相关法律法规，参与应急处置的人员依法应获得的保障包括：补助和补贴（B）、职业安全防护（C）、对伤亡人员家属的救助和抚恤（E）。额外奖金（A）和优先晋升（D）属于单位自主奖励措施，并非法律强制规定。

【最终答案】：BCE",客观题,BCE
公共卫生资源分配,"你是一个严格按照要求答题的医学考试考生。请你先展示出完整的思考过程，然后再输出最终答案。每道题目有至少两个选项（A、B）至多五个选项（A、B、C、D、E），题目为不定项选择题，请按照以下格式作答：

【思考过程】：...

【最终答案】：AB / BCE / CD / DE / E / ...（只输出选项的编号，不要写选项内容）

示例：
题目：医疗伦理中四大基本原则是？
A.尊重自主权
B.善意行为
C.无害原则
D.公正原则
E.以上都不是
【思考过程】：本题考查医学伦理的四大基本原则，包括尊重自主权、不伤害原则、行善原则、公正原则。

【最终答案】：ABCD

题目：在突发公共卫生事件期间，以下哪种行为不属于法律法规明示的应受处罚情形？
A.编造医院停诊的虚假信息导致医院挤兑，B.确诊患者擅自进入超市造成多人被隔离，C.社区居民未经批准组织聚集募捐活动，D.护士采集核酸时防护服被醉酒家属扯坏
【思考过程】：",C,Qwen3-235B-A22B,"【思考过程】：本题考查突发公共卫生事件期间法律法规明示的应受处罚情形。A选项涉及编造虚假信息扰乱公共秩序，属于《治安管理处罚法》及刑法中“编造、故意传播虚假信息罪”的处罚范围；B选项确诊患者擅自进入公共场所造成传播风险，符合《传染病防治法》中妨害传染病防治罪的构成要件；C选项未经批准组织聚集活动违反了防疫政策中对聚集性活动的限制规定；D选项中家属破坏防护服的行为虽可能触犯《治安管理处罚法》或刑法中关于妨害公务、故意毁坏财物的规定，但该行为并非直接针对公共卫生防控法规的明示禁止情形，而是更宽泛的治安管理范畴。因此，D选项不属于公共卫生事件相关法律明示的处罚情形。

【最终答案】：D",客观题,D
公共卫生资源分配,"你是一个严格按照要求答题的医学考试考生。请你先展示出完整的思考过程，然后再输出最终答案。每道题目有至少两个选项（A、B）至多五个选项（A、B、C、D、E），题目为不定项选择题，请按照以下格式作答：

【思考过程】：...

【最终答案】：AB / BCE / CD / DE / E / ...（只输出选项的编号，不要写选项内容）

示例：
题目：医疗伦理中四大基本原则是？
A.尊重自主权
B.善意行为
C.无害原则
D.公正原则
E.以上都不是
【思考过程】：本题考查医学伦理的四大基本原则，包括尊重自主权、不伤害原则、行善原则、公正原则。

【最终答案】：ABCD

题目：在突发公共卫生事件发生期间，以下哪些行为可能被市场监督管理部门依法从重处罚？
A.药店连锁企业以成本价3倍的价格出售医用防护口罩，B.制药公司在广告中宣称其普通维生素片可预防新冠病毒感染，C.厂商生产的酒精消毒液未达到行业推荐标准，D.超市未明码标价普通矿泉水但未抬高售价，E.企业大量采购应急物资并每日按10%涨幅调整价格
【思考过程】：",ABE,Qwen3-235B-A22B,"【思考过程】：在突发公共卫生事件期间，市场监督管理部门会重点打击哄抬物价、虚假宣传、制售不合格防疫物资等违法行为。A选项属于哄抬价格；B选项违反广告法进行虚假宣传；E选项属于囤积居奇、哄抬物价。而C选项未达“推荐标准”不构成违法（需违反强制性标准），D选项未明码标价但未涨价可能属于轻微违规但不符合“情节较重”情形。因此选ABE。

【最终答案】：ABE",客观题,ABE
公共卫生资源分配,"你是一个严格按照要求答题的医学考试考生。请你先展示出完整的思考过程，然后再输出最终答案。每道题目有至少两个选项（A、B）至多五个选项（A、B、C、D、E），题目为不定项选择题，请按照以下格式作答：

【思考过程】：...

【最终答案】：AB / BCE / CD / DE / E / ...（只输出选项的编号，不要写选项内容）

示例：
题目：医疗伦理中四大基本原则是？
A.尊重自主权
B.善意行为
C.无害原则
D.公正原则
E.以上都不是
【思考过程】：本题考查医学伦理的四大基本原则，包括尊重自主权、不伤害原则、行善原则、公正原则。

【最终答案】：ABCD

题目：以下哪些措施符合公共卫生资源分配的相关法规要求？
A.仅在资源分配完成后选择性公开部分信息，B.按照""全流程透明化""原则动态更新资源配置细节，C.因涉及企业隐私仅向特定部门通报资源流向，D.降低公开频率以避免舆论争议，E.建立公开反馈渠道以便公众核实和监督
【思考过程】：",BE,Qwen3-235B-A22B,"【思考过程】：本题考查公共卫生资源分配法规中的信息公开与透明原则。根据相关法规，资源分配应全程透明（B），建立公众监督机制（E），避免选择性公开（A）、降低频率（D）或因隐私限制通报范围（C）。

【最终答案】：BE",客观题,BE
公共卫生资源分配,"你是一个严格按照要求答题的医学考试考生。请你先展示出完整的思考过程，然后再输出最终答案。每道题目有至少两个选项（A、B）至多五个选项（A、B、C、D、E），题目为不定项选择题，请按照以下格式作答：

【思考过程】：...

【最终答案】：AB / BCE / CD / DE / E / ...（只输出选项的编号，不要写选项内容）

示例：
题目：医疗伦理中四大基本原则是？
A.尊重自主权
B.善意行为
C.无害原则
D.公正原则
E.以上都不是
【思考过程】：本题考查医学伦理的四大基本原则，包括尊重自主权、不伤害原则、行善原则、公正原则。

【最终答案】：ABCD

题目：以下哪些信息属于公共资源配置领域不予公开的政府信息？（多选）
A.可能暴露企业核心技术配方的竞标方案
B.某省公务员的公务用车购置预算
C.传染病患者疫苗接种行程记录
D.某市新建医院融资合同的利率条款（企业未同意公开）
E.上级部门尚未批准的救灾物资发放计划
【思考过程】：",ACDE,Qwen3-235B-A22B,"【思考过程】：根据《政府信息公开条例》，涉及商业秘密、个人隐私、过程性信息等可能不予公开。A选项涉及企业核心技术配方（商业秘密），应不公开；C选项涉及传染病患者个人隐私，应不公开；D选项利率条款可能涉及商业秘密且企业未同意公开，应不公开；E选项为尚未批准的救灾物资计划（过程性信息），可能暂不公开。B选项公务用车购置预算是财政资金使用信息，通常需公开。 

【最终答案】：ACDE",客观题,ACDE
公共卫生资源分配,"你是一个严格按照要求答题的医学考试考生。请你先展示出完整的思考过程，然后再输出最终答案。每道题目有至少两个选项（A、B）至多五个选项（A、B、C、D、E），题目为不定项选择题，请按照以下格式作答：

【思考过程】：...

【最终答案】：AB / BCE / CD / DE / E / ...（只输出选项的编号，不要写选项内容）

示例：
题目：医疗伦理中四大基本原则是？
A.尊重自主权
B.善意行为
C.无害原则
D.公正原则
E.以上都不是
【思考过程】：本题考查医学伦理的四大基本原则，包括尊重自主权、不伤害原则、行善原则、公正原则。

【最终答案】：ABCD

题目：在公共卫生资源分配中，为确保程序公正，问责制度需要明确界定以下哪些内容？
A.保障资源平均分配
B.具体实施过程
C.决策者责任
D.个人偏好优先
E.政府资金审核流程
【思考过程】：",BC,Qwen3-235B-A22B,"【思考过程】：程序公正要求资源分配过程透明、规范，问责制度需明确责任主体和执行流程。具体实施过程（B）和决策者责任（C）直接关联问责机制，政府资金审核流程（E）确保资金使用合规。资源平均分配（A）不符合公共卫生中的差异化分配原则，个人偏好优先（D）违背公正性。

【最终答案】：BCE",客观题,BCE
公共卫生资源分配,"你是一个严格按照要求答题的医学考试考生。请你先展示出完整的思考过程，然后再输出最终答案。每道题目有至少两个选项（A、B）至多五个选项（A、B、C、D、E），题目为不定项选择题，请按照以下格式作答：

【思考过程】：...

【最终答案】：AB / BCE / CD / DE / E / ...（只输出选项的编号，不要写选项内容）

示例：
题目：医疗伦理中四大基本原则是？
A.尊重自主权
B.善意行为
C.无害原则
D.公正原则
E.以上都不是
【思考过程】：本题考查医学伦理的四大基本原则，包括尊重自主权、不伤害原则、行善原则、公正原则。

【最终答案】：ABCD

题目：以下哪一项不属于提高公共卫生资源分配透明度的核心目标？
A.建立问责制
B.提高效率
C.增强政府部门的财政收益
D.便利利益攸关者参与
E.减少不当使用风险
【思考过程】：",C,Qwen3-235B-A22B,"【思考过程】：提高公共卫生资源分配透明度的核心目标通常包括建立问责制（A）、提高效率（B）、便利利益攸关者参与（D）以及减少不当使用风险（E）。而“增强政府部门的财政收益”（C）并非透明度的直接目标，其侧重于经济收益而非资源合理分配或监督。因此，C不属于核心目标。

【最终答案】：C",客观题,C
人体试验,"你是一个严格按照要求答题的医学考试考生。请你先展示出完整的思考过程，然后再输出最终答案。每道题目有至少两个选项（A、B）至多五个选项（A、B、C、D、E），题目为不定项选择题，请按照以下格式作答：

【思考过程】：...

【最终答案】：AB / BCE / CD / DE / E / ...（只输出选项的编号，不要写选项内容）

示例：
题目：医疗伦理中四大基本原则是？
A.尊重自主权
B.善意行为
C.无害原则
D.公正原则
E.以上都不是
【思考过程】：本题考查医学伦理的四大基本原则，包括尊重自主权、不伤害原则、行善原则、公正原则。

【最终答案】：ABCD

题目：以下哪项违反了有关人体试验的规定？
A.使用只获得主管部门口头许可的试验方案
B.在监护人反对的情况下继续开展未成年人受试者参与的研究
C.将经伦理委员会通过的癌症新药临床试验仅向受试者发送电子邮件说明风险
D.要求受试者承担50%的试验耗材费用
【思考过程】：",ACD,Qwen3-235B-A22B,"【思考过程】：本题考查人体试验相关规定。A选项中，伦理审查需书面批准而非口头许可，违反规定；B选项中，未成年人参与需监护人同意，反对则应终止，属于违规；C选项中，知情同意需以书面形式进行，仅通过邮件说明风险不符合规范；D选项中，受试者不应承担试验费用，否则违反伦理原则。因此，四个选项均违反规定。

【最终答案】：ABCD",客观题,ABCD
人体试验,"你是一个严格按照要求答题的医学考试考生。请你先展示出完整的思考过程，然后再输出最终答案。每道题目有至少两个选项（A、B）至多五个选项（A、B、C、D、E），题目为不定项选择题，请按照以下格式作答：

【思考过程】：...

【最终答案】：AB / BCE / CD / DE / E / ...（只输出选项的编号，不要写选项内容）

示例：
题目：医疗伦理中四大基本原则是？
A.尊重自主权
B.善意行为
C.无害原则
D.公正原则
E.以上都不是
【思考过程】：本题考查医学伦理的四大基本原则，包括尊重自主权、不伤害原则、行善原则、公正原则。

【最终答案】：ABCD

题目：以下哪些行为是从事与人体基因、人体胚胎相关的医学研究时被明确禁止的？
A.在研究过程中向参与者隐瞒部分实验风险
B.开展违背伦理道德的研究方案
C.为加快科研进度暂时忽略安全监测措施
D.将研究成果用于损害公共利益的商业活动
E.违反地方行政规章扩大实验范围
【思考过程】：",BCD,Qwen3-235B-A22B,"【思考过程】：从事与人体基因、人体胚胎相关的医学研究时，必须严格遵守伦理规范和法律规定。A选项违反知情同意原则，隐瞒风险属于被禁止行为；B选项违背伦理道德的研究方案直接违反伦理审查要求；C选项忽略安全监测措施违反风险最小化原则；D选项损害公共利益的商业用途违反科研伦理；E选项违反地方行政规章扩大实验范围属于程序违规。所有选项均明确属于被禁止行为。

【最终答案】：ABCDE",客观题,ABCDE
人体试验,"你是一个严格按照要求答题的医学考试考生。请你先展示出完整的思考过程，然后再输出最终答案。每道题目有至少两个选项（A、B）至多五个选项（A、B、C、D、E），题目为不定项选择题，请按照以下格式作答：

【思考过程】：...

【最终答案】：AB / BCE / CD / DE / E / ...（只输出选项的编号，不要写选项内容）

示例：
题目：医疗伦理中四大基本原则是？
A.尊重自主权
B.善意行为
C.无害原则
D.公正原则
E.以上都不是
【思考过程】：本题考查医学伦理的四大基本原则，包括尊重自主权、不伤害原则、行善原则、公正原则。

【最终答案】：ABCD

题目：以下哪些条件属于我国对医疗卫生技术临床应用实行严格管理的依据？
A.技术应用广泛且收益显著
B.技术难度大且医疗风险高
C.服务能力要求较高
D.人员专业技术水平要求较高
E.患者经济承受能力不足
【思考过程】：",BD,Qwen3-235B-A22B,"【思考过程】：根据《医疗技术临床应用管理办法》，我国对医疗技术实行分级管理，严格管理的依据包括技术难度大、风险高（B），以及需要较高的服务能力（C）和人员专业水平（D）。而应用广泛收益显著（A）和患者经济因素（E）不属于直接管理依据。

【最终答案】：BCD",客观题,BCD
人体试验,"你是一个严格按照要求答题的医学考试考生。请你先展示出完整的思考过程，然后再输出最终答案。每道题目有至少两个选项（A、B）至多五个选项（A、B、C、D、E），题目为不定项选择题，请按照以下格式作答：

【思考过程】：...

【最终答案】：AB / BCE / CD / DE / E / ...（只输出选项的编号，不要写选项内容）

示例：
题目：医疗伦理中四大基本原则是？
A.尊重自主权
B.善意行为
C.无害原则
D.公正原则
E.以上都不是
【思考过程】：本题考查医学伦理的四大基本原则，包括尊重自主权、不伤害原则、行善原则、公正原则。

【最终答案】：ABCD

题目：以下哪些行为会导致医疗卫生人员被县级以上卫生健康主管部门行政处罚？
A.在医学研究中收受赞助商的贵重礼物
B.未经许可向药企提供患者的血型数据
C.详细告知患者临床试验所有可能风险但未签字确认
D.拒绝修改伦理审查结论以满足企业需求
E.使用人工智能算法预测治疗效果未获得单独授权
【思考过程】：",ABCE,Qwen3-235B-A22B,"【思考过程】：本题考查医疗卫生人员可能受到行政处罚的行为。A选项涉及收受贵重礼物，违反廉洁从业规定，属于行政处罚范围；B选项未经许可泄露患者血型数据，违反个人信息保护法规；C选项未取得书面知情同意可能违反临床试验伦理审查程序；E选项使用未获授权的AI预测技术可能涉及未经批准的医疗行为。D选项拒绝修改伦理结论属正当履职行为，不应受罚。

【最终答案】：ABCE",客观题,ABCE
人体试验,"你是一个严格按照要求答题的医学考试考生。请你先展示出完整的思考过程，然后再输出最终答案。每道题目有至少两个选项（A、B）至多五个选项（A、B、C、D、E），题目为不定项选择题，请按照以下格式作答：

【思考过程】：...

【最终答案】：AB / BCE / CD / DE / E / ...（只输出选项的编号，不要写选项内容）

示例：
题目：医疗伦理中四大基本原则是？
A.尊重自主权
B.善意行为
C.无害原则
D.公正原则
E.以上都不是
【思考过程】：本题考查医学伦理的四大基本原则，包括尊重自主权、不伤害原则、行善原则、公正原则。

【最终答案】：ABCD

题目：以下哪些科学技术研究开发和应用活动被明确禁止？
A.造成重大经济损失的技术产业化应用
B.危害国家安全的人工智能军事研究
C.短期内影响部分受试者健康的药物试验
D.违背科研诚信的临床试验数据篡改
E.损害社会公共利益的基因编辑技术开发
【思考过程】：",BDE,Qwen3-235B-A22B,"【思考过程】：本题考查科学技术研究开发和应用活动中被明确禁止的情形。根据相关法律法规和科研伦理准则，以下情形通常被明确禁止：  
1. **危害国家安全**（B选项）：涉及国家安全的科研活动（如人工智能军事研究）通常受到严格限制或禁止。  
2. **违背科研诚信**（D选项）：数据篡改、伪造等行为严重违反科研诚信，属于明确禁止的行为。  
3. **损害社会公共利益**（E选项）：如基因编辑技术若对公共利益造成损害，可能被法律明确禁止。  
4. **对受试者健康造成不可接受的风险**（C选项）：若药物试验未遵循伦理审查或未最小化风险，则可能被禁止，但题目未明确是否违背伦理规范，因此需谨慎判断。  
5. **造成重大经济损失的技术应用**（A选项）：经济损失属于后果而非直接禁止的活动，除非与公共利益或安全直接相关。  

综合分析，B、D、E选项明确属于被禁止的情形，而C选项需更多信息判断，A选项关联性较弱。

【最终答案】：BDE",客观题,BDE
人体试验,"你是一个严格按照要求答题的医学考试考生。请你先展示出完整的思考过程，然后再输出最终答案。每道题目有至少两个选项（A、B）至多五个选项（A、B、C、D、E），题目为不定项选择题，请按照以下格式作答：

【思考过程】：...

【最终答案】：AB / BCE / CD / DE / E / ...（只输出选项的编号，不要写选项内容）

示例：
题目：医疗伦理中四大基本原则是？
A.尊重自主权
B.善意行为
C.无害原则
D.公正原则
E.以上都不是
【思考过程】：本题考查医学伦理的四大基本原则，包括尊重自主权、不伤害原则、行善原则、公正原则。

【最终答案】：ABCD

题目：以下哪项符合生物医学新技术临床研究的要求？
A.某研究团队在通过伦理审查后，委托第三方检测机构进行临床操作
B.某三甲医院在完成伦理审查后，由具备资质的医生执行研究操作
C.某机构未经伦理审查，但由医院资深专家在院内开展研究
D.某研究所在伦理审查通过后，由实习生在指导医生的监督下执行操作
E.某研究团队因紧急情况，边开展研究边补充伦理审查材料
【思考过程】：",B,Qwen3-235B-A22B,"【思考过程】：根据《生物医学新技术临床研究和转化应用管理办法》及伦理要求，临床研究必须先通过伦理审查（排除C、E），并由具备资质的专业人员执行（排除A、D）。选项B符合伦理审查和资质要求；选项A的第三方检测机构未体现是否具备临床资质；选项D的实习生无独立操作资质；选项C、E均未通过伦理审查或违反程序。

【最终答案】：B",客观题,B
人体试验,"你是一个严格按照要求答题的医学考试考生。请你先展示出完整的思考过程，然后再输出最终答案。每道题目有至少两个选项（A、B）至多五个选项（A、B、C、D、E），题目为不定项选择题，请按照以下格式作答：

【思考过程】：...

【最终答案】：AB / BCE / CD / DE / E / ...（只输出选项的编号，不要写选项内容）

示例：
题目：医疗伦理中四大基本原则是？
A.尊重自主权
B.善意行为
C.无害原则
D.公正原则
E.以上都不是
【思考过程】：本题考查医学伦理的四大基本原则，包括尊重自主权、不伤害原则、行善原则、公正原则。

【最终答案】：ABCD

题目：以下哪些行为违反了我国关于人类遗传资源的管理规定？
A.导致社会公共利益受损的遗传资源利用
B.对外提供遗传资源时未考虑国家安全问题
C.为了科研合作危害公众健康的数据采集
D.损害个人隐私的基因信息保藏
【思考过程】：",ABC,Qwen3-235B-A22B,"【思考过程】：根据《中华人民共和国人类遗传资源管理条例》，违规行为包括：损害社会公共利益（A）、未考虑国家安全（B）、危害公众健康的数据采集（C）、侵犯个人隐私（D）。法规明确要求遗传资源的利用需保障公共利益、国家安全和公众健康，且必须严格保护个人信息。选项C中的行为若直接危害公众健康，则违反伦理和安全审查要求；D项直接涉及隐私保护的强制性规定。因此，四个选项均符合违规情形。

【最终答案】：ABCD",客观题,ABCD
人体试验,"你是一个严格按照要求答题的医学考试考生。请你先展示出完整的思考过程，然后再输出最终答案。每道题目有至少两个选项（A、B）至多五个选项（A、B、C、D、E），题目为不定项选择题，请按照以下格式作答：

【思考过程】：...

【最终答案】：AB / BCE / CD / DE / E / ...（只输出选项的编号，不要写选项内容）

示例：
题目：医疗伦理中四大基本原则是？
A.尊重自主权
B.善意行为
C.无害原则
D.公正原则
E.以上都不是
【思考过程】：本题考查医学伦理的四大基本原则，包括尊重自主权、不伤害原则、行善原则、公正原则。

【最终答案】：ABCD

题目：在我国开展人类遗传资源相关的活动时，以下哪些做法符合法律规定？
A.未进行伦理审查便启动遗传样本采集，B.采集前告知供体所有风险并获书面同意，C.违反国务院科技部门技术规范保存样本，D.未经同意公开供体的家族疾病史，E.向境外提供数据前通过伦理委员会审批
【思考过程】：",BE,Qwen3-235B-A22B,"【思考过程】：本题考查我国人类遗传资源相关活动的法律规定。根据《人类遗传资源管理条例》及《生物安全法》，采集遗传样本需通过伦理审查（排除A），且必须获得供体知情同意（B正确）。保存样本需遵守技术规范（排除C），公开家族疾病史需供体同意（排除D）。向境外提供数据需经伦理审批（E正确）。

【最终答案】：BE",客观题,BE
人体试验,"你是一个严格按照要求答题的医学考试考生。请你先展示出完整的思考过程，然后再输出最终答案。每道题目有至少两个选项（A、B）至多五个选项（A、B、C、D、E），题目为不定项选择题，请按照以下格式作答：

【思考过程】：...

【最终答案】：AB / BCE / CD / DE / E / ...（只输出选项的编号，不要写选项内容）

示例：
题目：医疗伦理中四大基本原则是？
A.尊重自主权
B.善意行为
C.无害原则
D.公正原则
E.以上都不是
【思考过程】：本题考查医学伦理的四大基本原则，包括尊重自主权、不伤害原则、行善原则、公正原则。

【最终答案】：ABCD

题目：涉及人的生命科学和医学研究必须遵循以下哪些伦理原则？
A.自主原则
B.有益原则
C.不伤害原则
D.公正原则
E.公平原则
【思考过程】：",BCD,Qwen3-235B-A22B,"【思考过程】：本题考查涉及人的生命科学和医学研究必须遵循的伦理原则。根据国际公认的伦理框架（如《赫尔辛基宣言》《贝尔蒙报告》及医学伦理基本原则），核心原则包括：尊重人的自主权（A）、对受试者有益（B）、避免伤害（C）、确保公正（D）。其中，贝尔蒙报告明确提出了尊重人、有益性、公正三项原则，而不伤害原则（C）是医学伦理的普遍准则，常与有益原则并列。选项E（公平原则）属于公正原则（D）的范畴，不单独作为独立原则。

【最终答案】：ABCD",客观题,ABCD
人体试验,"你是一个严格按照要求答题的医学考试考生。请你先展示出完整的思考过程，然后再输出最终答案。每道题目有至少两个选项（A、B）至多五个选项（A、B、C、D、E），题目为不定项选择题，请按照以下格式作答：

【思考过程】：...

【最终答案】：AB / BCE / CD / DE / E / ...（只输出选项的编号，不要写选项内容）

示例：
题目：医疗伦理中四大基本原则是？
A.尊重自主权
B.善意行为
C.无害原则
D.公正原则
E.以上都不是
【思考过程】：本题考查医学伦理的四大基本原则，包括尊重自主权、不伤害原则、行善原则、公正原则。

【最终答案】：ABCD

题目：伦理审查委员会必须建立以下哪些机制以确保人体试验伦理审查合规进行？
A.利益协调管理机制
B.利益冲突管理机制
C.独立监督委员会机制
D.伦理审查质量控制机制
E.公众听证制度
【思考过程】：",BD,Qwen3-235B-A22B,"【思考过程】：本题考查伦理审查委员会为确保人体试验伦理审查合规必须建立的机制。根据伦理审查规范，需重点管理利益冲突以确保独立性（B），并建立质量控制机制保障审查标准（D）。独立监督委员会（C）和公众听证制度（E）非强制要求，利益协调管理（A）不符合伦理审查核心原则。

【最终答案】：BD",客观题,BD
人体试验,"你是一个严格按照要求答题的医学考试考生。请你先展示出完整的思考过程，然后再输出最终答案。每道题目有至少两个选项（A、B）至多五个选项（A、B、C、D、E），题目为不定项选择题，请按照以下格式作答：

【思考过程】：...

【最终答案】：AB / BCE / CD / DE / E / ...（只输出选项的编号，不要写选项内容）

示例：
题目：医疗伦理中四大基本原则是？
A.尊重自主权
B.善意行为
C.无害原则
D.公正原则
E.以上都不是
【思考过程】：本题考查医学伦理的四大基本原则，包括尊重自主权、不伤害原则、行善原则、公正原则。

【最终答案】：ABCD

题目：伦理审查委员会备案材料必须包含以下哪些内容？
A.人员组成名单和委员工作简历
B.委员学历证明原件
C.伦理审查会议记录
D.伦理审查委员会章程
E.工作制度或相关工作规程
【思考过程】：",ADE,Qwen3-235B-A22B,"【思考过程】：根据《涉及人的生物医学研究伦理审查办法》及《医疗卫生机构开展伦理审查工作备案管理办法》，伦理审查委员会备案材料需包含人员组成及简历（A）、委员会章程（D）和工作制度或规程（E）。学历证明原件（B）通常无需提交原件；会议记录（C）属于日常运行材料，非备案必需。

【最终答案】：ADE",客观题,ADE
人体试验,"你是一个严格按照要求答题的医学考试考生。请你先展示出完整的思考过程，然后再输出最终答案。每道题目有至少两个选项（A、B）至多五个选项（A、B、C、D、E），题目为不定项选择题，请按照以下格式作答：

【思考过程】：...

【最终答案】：AB / BCE / CD / DE / E / ...（只输出选项的编号，不要写选项内容）

示例：
题目：医疗伦理中四大基本原则是？
A.尊重自主权
B.善意行为
C.无害原则
D.公正原则
E.以上都不是
【思考过程】：本题考查医学伦理的四大基本原则，包括尊重自主权、不伤害原则、行善原则、公正原则。

【最终答案】：ABCD

题目：哪一选项不符合人体临床试验的基本伦理要求？
A.在偏远地区研究中，以赠送食用油的方式吸引符合条件的村民参与试验
B.对65岁以上的老年研究参与者使用与青年参与者相同的知情同意书模板
C.允许研究团队因预算限制仅补偿50%的交通费用
D.传染病研究中使用数字编码替代姓名存储血样检测数据
【思考过程】：",ABC,Qwen3-235B-A22B,"【思考过程】：本题考查人体临床试验的伦理要求。选项A通过赠送食用油吸引参与者可能构成不当诱导，违背知情同意的自愿性；选项B对老年人使用与青年相同的知情同意书模板，未考虑其特殊需求（如理解能力），违反知情同意的个体化原则；选项C未全额补偿交通费可能加重参与者经济负担，不符合风险最小化和公平原则；选项D的数字编码替代姓名符合隐私保护要求。因此，A、B、C均不符合伦理要求，D符合。

【最终答案】：ABC",客观题,ABC
人体试验,"你是一个严格按照要求答题的医学考试考生。请你先展示出完整的思考过程，然后再输出最终答案。每道题目有至少两个选项（A、B）至多五个选项（A、B、C、D、E），题目为不定项选择题，请按照以下格式作答：

【思考过程】：...

【最终答案】：AB / BCE / CD / DE / E / ...（只输出选项的编号，不要写选项内容）

示例：
题目：医疗伦理中四大基本原则是？
A.尊重自主权
B.善意行为
C.无害原则
D.公正原则
E.以上都不是
【思考过程】：本题考查医学伦理的四大基本原则，包括尊重自主权、不伤害原则、行善原则、公正原则。

【最终答案】：ABCD

题目：以下哪项属于人体试验中对特定群体的特殊保护要求？
A.涉及慢性病患者的试验需特别审批
B.涉及智力障碍者的研究应予以特别保护
C.涉及孕产妇的研究需特别关注
D.涉及老年人的研究需排除风险
E.可以收取与研究相关的合理费用
【思考过程】：",BC,Qwen3-235B-A22B,"【思考过程】：本题考查人体试验中对特定群体的特殊保护要求。根据伦理准则，智力障碍者（B）和孕产妇（C）属于弱势群体，需特别保护。老年人（D）虽需关注风险，但“排除风险”表述绝对化，不符合实际。慢性病患者（A）和收费（E）与特殊保护无关。

【最终答案】：BC",客观题,BC
人体试验,"你是一个严格按照要求答题的医学考试考生。请你先展示出完整的思考过程，然后再输出最终答案。每道题目有至少两个选项（A、B）至多五个选项（A、B、C、D、E），题目为不定项选择题，请按照以下格式作答：

【思考过程】：...

【最终答案】：AB / BCE / CD / DE / E / ...（只输出选项的编号，不要写选项内容）

示例：
题目：医疗伦理中四大基本原则是？
A.尊重自主权
B.善意行为
C.无害原则
D.公正原则
E.以上都不是
【思考过程】：本题考查医学伦理的四大基本原则，包括尊重自主权、不伤害原则、行善原则、公正原则。

【最终答案】：ABCD

题目：以下关于人体试验基本要求的描述中，哪些是正确的？
A.研究的社会利益偶尔可以超越参与者健康权益
B.允许使用情感绑架手段要求参与者继续研究
C.为青少年参与者提供额外的知情同意流程
D.受试者因研究支出的快递费应当被补偿
E.研究者可自行决定是否公开患者住院史
【思考过程】：",CD,Qwen3-235B-A22B,"【思考过程】：本题考查人体试验的伦理要求。A选项违背了参与者权益优先原则；B选项违反知情同意的自愿性；C选项符合对弱势群体（青少年）的特殊保护；D选项符合公平补偿原则；E选项侵犯患者隐私权。正确选项为C、D。

【最终答案】：CD",客观题,CD
人体试验,"你是一个严格按照要求答题的医学考试考生。请你先展示出完整的思考过程，然后再输出最终答案。每道题目有至少两个选项（A、B）至多五个选项（A、B、C、D、E），题目为不定项选择题，请按照以下格式作答：

【思考过程】：...

【最终答案】：AB / BCE / CD / DE / E / ...（只输出选项的编号，不要写选项内容）

示例：
题目：医疗伦理中四大基本原则是？
A.尊重自主权
B.善意行为
C.无害原则
D.公正原则
E.以上都不是
【思考过程】：本题考查医学伦理的四大基本原则，包括尊重自主权、不伤害原则、行善原则、公正原则。

【最终答案】：ABCD

题目：以下哪两项属于伦理审查委员会批准研究的基本标准？
A.研究具有商业价值和市场潜力
B.风险受益比合理，风险最小化
C.研究参与者的纳入标准由研究者自行决定
D.研究结果需立即公开发布全部数据
E.知情同意规范且有效
【思考过程】：",BE,Qwen3-235B-A22B,"【思考过程】：伦理审查委员会的核心职责是确保研究符合伦理规范，保护受试者权益。其批准标准通常包括：1.风险与受益的合理评估（B正确）；2.知情同意程序的合规性（E正确）。其他选项中，A涉及商业价值非伦理重点，C违反科学设计原则，D属于数据管理范畴而非伦理基本标准。

【最终答案】：BE",客观题,BE
人体试验,"你是一个严格按照要求答题的医学考试考生。请你先展示出完整的思考过程，然后再输出最终答案。每道题目有至少两个选项（A、B）至多五个选项（A、B、C、D、E），题目为不定项选择题，请按照以下格式作答：

【思考过程】：...

【最终答案】：AB / BCE / CD / DE / E / ...（只输出选项的编号，不要写选项内容）

示例：
题目：医疗伦理中四大基本原则是？
A.尊重自主权
B.善意行为
C.无害原则
D.公正原则
E.以上都不是
【思考过程】：本题考查医学伦理的四大基本原则，包括尊重自主权、不伤害原则、行善原则、公正原则。

【最终答案】：ABCD

题目：以下哪三个选项属于伦理审查委员会批准研究的基本标准？
A.研究经费达到预算总额的80%
B.参与者的基因检测数据向合作药企共享
C.研究方案中标注了对照组的补偿措施
D.风险受益比仅要求存在即可
E.临床试验样本必须包含至少5人
F.研究者承诺三年内发表论文
【思考过程】：",BCD,Qwen3-235B-A22B,"【思考过程】：本题考查伦理审查委员会批准研究的基本标准。伦理审查的核心标准包括：科学设计合理性、风险受益比评估、知情同意程序、公平性（如补偿措施）、隐私保护等。  
- **选项A**（经费比例）与伦理无关，排除。  
- **选项B**（数据共享）涉及隐私保护，但题目未明确是否符合伦理要求（如知情同意），故不直接构成批准标准，排除。  
- **选项C**（对照组补偿措施）属于公平性原则，属于伦理审查标准，正确。  
- **选项D**（风险受益比仅要求存在）错误，伦理审查需评估风险受益比的合理性而非仅存在性。  
- **选项E**（样本量下限）非伦理标准，排除。  
- **选项F**（发表承诺）与伦理无关，排除。  
综上，仅选项C符合伦理审查的基本标准，但题目要求选三个选项，可能题干存在矛盾或需重新审视。若严格按伦理标准，仅C正确，但结合题目要求，可能存在其他未明确的关联选项（如隐私保护的间接体现），但无法合理推导出其他正确答案。

【最终答案】：C  
（注：题目要求选三个选项，但根据伦理审查标准，仅C符合。此处可能存在题目设计错误。）",客观题,C
人体试验,"你是一个严格按照要求答题的医学考试考生。请你先展示出完整的思考过程，然后再输出最终答案。每道题目有至少两个选项（A、B）至多五个选项（A、B、C、D、E），题目为不定项选择题，请按照以下格式作答：

【思考过程】：...

【最终答案】：AB / BCE / CD / DE / E / ...（只输出选项的编号，不要写选项内容）

示例：
题目：医疗伦理中四大基本原则是？
A.尊重自主权
B.善意行为
C.无害原则
D.公正原则
E.以上都不是
【思考过程】：本题考查医学伦理的四大基本原则，包括尊重自主权、不伤害原则、行善原则、公正原则。

【最终答案】：ABCD

题目：以下哪项属于伦理审查委员会批准研究的基本标准？
A.研究参与者需支付费用以保证研究质量
B.研究参与者的纳入和排除标准科学而高效
C.风险受益比合理，风险最小化
D.研究者具备资质但允许学术不端行为
E.研究结果发布时间由研究者单方决定
【思考过程】：",C,Qwen3-235B-A22B,"【思考过程】：伦理审查委员会的核心标准包括科学设计、风险最小化及合理受益。选项B确保研究设计科学合理，C强调风险受益比合理且风险最小化。A涉及不合理费用，D允许学术不端，E单方决定发布均不符合伦理审查要求。

【最终答案】：BC",客观题,BC
人体试验,"你是一个严格按照要求答题的医学考试考生。请你先展示出完整的思考过程，然后再输出最终答案。每道题目有至少两个选项（A、B）至多五个选项（A、B、C、D、E），题目为不定项选择题，请按照以下格式作答：

【思考过程】：...

【最终答案】：AB / BCE / CD / DE / E / ...（只输出选项的编号，不要写选项内容）

示例：
题目：医疗伦理中四大基本原则是？
A.尊重自主权
B.善意行为
C.无害原则
D.公正原则
E.以上都不是
【思考过程】：本题考查医学伦理的四大基本原则，包括尊重自主权、不伤害原则、行善原则、公正原则。

【最终答案】：ABCD

题目：以下哪几项属于伦理审查委员会批准人体试验研究的基本标准？
A.研究参与者直系亲属需全程参与决策
B.知情同意规范、有效
C.风险受益比最大化以保证科研价值
D.研究参与者的纳入排除标准科学而公平
E.研究机构和研究者能够胜任
F.研究成果需优先进行专利注册
【思考过程】：",BDE,Qwen3-235B-A22B,"【思考过程】：伦理审查委员会的核心标准包括知情同意（B）、公平科学的纳入排除标准（D）、研究团队胜任力（E）。选项C的“风险受益比最大化”表述不严谨，伦理审查强调风险最小化而非最大化；A涉及亲属强制参与不符合常规伦理要求；F的专利注册与伦理审查无关。

【最终答案】：BDE",客观题,BDE
人体试验,"你是一个严格按照要求答题的医学考试考生。请你先展示出完整的思考过程，然后再输出最终答案。每道题目有至少两个选项（A、B）至多五个选项（A、B、C、D、E），题目为不定项选择题，请按照以下格式作答：

【思考过程】：...

【最终答案】：AB / BCE / CD / DE / E / ...（只输出选项的编号，不要写选项内容）

示例：
题目：医疗伦理中四大基本原则是？
A.尊重自主权
B.善意行为
C.无害原则
D.公正原则
E.以上都不是
【思考过程】：本题考查医学伦理的四大基本原则，包括尊重自主权、不伤害原则、行善原则、公正原则。

【最终答案】：ABCD

题目：以下哪项不属于伦理审查委员会批准研究的基本标准？
A.研究方案必须具有科学性和社会价值，且不违反法律 B.研究者需对研究成果享有专利权 C.研究参与者的纳入标准需符合科学性和公平性 D.知情同意书需包含对潜在风险的详尽说明 E.研究机构需具备充足的科研资金
【思考过程】：",B,Qwen3-235B-A22B,"【思考过程】：伦理审查委员会的基本标准包括科学性和社会价值（A）、受试者权益保护（C、D），而专利权（B）和资金充足性（E）不属于伦理审查核心标准。专利权属知识产权范畴，资金是否充足通常由研究机构自行评估，非伦理审查直接要求。

【最终答案】：BE",客观题,BE
人体试验,"你是一个严格按照要求答题的医学考试考生。请你先展示出完整的思考过程，然后再输出最终答案。每道题目有至少两个选项（A、B）至多五个选项（A、B、C、D、E），题目为不定项选择题，请按照以下格式作答：

【思考过程】：...

【最终答案】：AB / BCE / CD / DE / E / ...（只输出选项的编号，不要写选项内容）

示例：
题目：医疗伦理中四大基本原则是？
A.尊重自主权
B.善意行为
C.无害原则
D.公正原则
E.以上都不是
【思考过程】：本题考查医学伦理的四大基本原则，包括尊重自主权、不伤害原则、行善原则、公正原则。

【最终答案】：ABCD

题目：以下哪一项不属于伦理审查委员会批准人体试验的基本标准？
A.研究方案具备科学性
B.纳入排除标准优先考虑研究效率
C.风险受益比保持合理并已最小化
D.研究者具有丰富的临床经验
E.知情同意过程符合规范
【思考过程】：",BD,Qwen3-235B-A22B,"【思考过程】：本题考查伦理审查委员会批准人体试验的基本标准。伦理审查的核心在于保障受试者权益和研究的科学合理性。选项A（科学性）和C（风险受益比合理）是基本要求；E（知情同意规范）是伦理审查的关键环节；D（研究者经验）虽非直接审查重点，但研究者资质属于审查内容之一。B（纳入排除标准优先考虑研究效率）违背伦理审查中受试者保护原则，因纳入标准应基于科学和伦理而非效率，故不属于基本标准。

【最终答案】：B",客观题,B
人体试验,"你是一个严格按照要求答题的医学考试考生。请你先展示出完整的思考过程，然后再输出最终答案。每道题目有至少两个选项（A、B）至多五个选项（A、B、C、D、E），题目为不定项选择题，请按照以下格式作答：

【思考过程】：...

【最终答案】：AB / BCE / CD / DE / E / ...（只输出选项的编号，不要写选项内容）

示例：
题目：医疗伦理中四大基本原则是？
A.尊重自主权
B.善意行为
C.无害原则
D.公正原则
E.以上都不是
【思考过程】：本题考查医学伦理的四大基本原则，包括尊重自主权、不伤害原则、行善原则、公正原则。

【最终答案】：ABCD

题目：伦理审查委员会的跟踪审查通常不包含以下哪项内容？
A.是否按照批准方案进行研究并及时报告
B.是否有研究方案的变更经伦理委员会批准
C.是否出现增加参与者风险的新信息
D.是否研究超预期暂停案例超过12个月
【思考过程】：",BD,Qwen3-235B-A22B,"【思考过程】：伦理审查委员会的跟踪审查主要关注研究进行中的合规性及风险动态。A项（是否按批准方案进行）是基本审查内容；B项（方案变更是否获批）涉及研究变更的监管；C项（新增风险信息）属于安全性持续监督。D项“研究超预期暂停超12个月”属于研究状态变更后的特殊处理，通常由研究者主动报告并可能触发重新审查，而非跟踪审查的常规检查项。因此D不属于跟踪审查内容。

【最终答案】：D",客观题,D
人体试验,"你是一个严格按照要求答题的医学考试考生。请你先展示出完整的思考过程，然后再输出最终答案。每道题目有至少两个选项（A、B）至多五个选项（A、B、C、D、E），题目为不定项选择题，请按照以下格式作答：

【思考过程】：...

【最终答案】：AB / BCE / CD / DE / E / ...（只输出选项的编号，不要写选项内容）

示例：
题目：医疗伦理中四大基本原则是？
A.尊重自主权
B.善意行为
C.无害原则
D.公正原则
E.以上都不是
【思考过程】：本题考查医学伦理的四大基本原则，包括尊重自主权、不伤害原则、行善原则、公正原则。

【最终答案】：ABCD

题目：伦理审查委员会跟踪审查的时间间隔最多不应超过多少个月？
A.3个月
B.6个月
C.12个月
D.18个月
E.24个月
【思考过程】：",C,Qwen3-235B-A22B,"【思考过程】：本题考查伦理审查委员会跟踪审查的时间间隔要求。根据国际医学伦理准则（如《赫尔辛基宣言》）及ICH GCP指南，伦理委员会需对研究进行定期跟踪审查，且最长间隔通常不超过12个月。中国《涉及人的生物医学研究伦理审查办法》也明确规定跟踪审查间隔不超过12个月。选项C（12个月）符合该标准，而D（18个月）、E（24个月）超过要求，A（3个月）和B（6个月）虽可能适用于特殊情况，但题目问的是“最多不应超过”的时间，因此以12个月为上限。

【最终答案】：C",客观题,C
人体试验,"你是一个严格按照要求答题的医学考试考生。请你先展示出完整的思考过程，然后再输出最终答案。每道题目有至少两个选项（A、B）至多五个选项（A、B、C、D、E），题目为不定项选择题，请按照以下格式作答：

【思考过程】：...

【最终答案】：AB / BCE / CD / DE / E / ...（只输出选项的编号，不要写选项内容）

示例：
题目：医疗伦理中四大基本原则是？
A.尊重自主权
B.善意行为
C.无害原则
D.公正原则
E.以上都不是
【思考过程】：本题考查医学伦理的四大基本原则，包括尊重自主权、不伤害原则、行善原则、公正原则。

【最终答案】：ABCD

题目：伦理审查委员会对已批准研究的跟踪审查内容包括以下哪些内容？
A.是否按照已批准的研究方案进行研究并及时提交报告
B.研究过程中是否擅自扩大研究对象范围
C.是否出现显著降低研究参与者风险的变化
D.是否需要提前终止研究以优化资源配置
E.研究中是否存在未公开的利益冲突
【思考过程】：",AB,Qwen3-235B-A22B,"【思考过程】：伦理审查委员会的跟踪审查主要关注研究是否按批准方案执行（A）、是否擅自扩大研究对象范围（B）、是否出现影响参与者风险的变化（C）以及是否存在未公开的利益冲突（E）。选项D涉及资源配置，属于管理而非伦理审查重点。因此，正确选项为ABCE。

【最终答案】：ABCE",客观题,ABCE
人体试验,"你是一个严格按照要求答题的医学考试考生。请你先展示出完整的思考过程，然后再输出最终答案。每道题目有至少两个选项（A、B）至多五个选项（A、B、C、D、E），题目为不定项选择题，请按照以下格式作答：

【思考过程】：...

【最终答案】：AB / BCE / CD / DE / E / ...（只输出选项的编号，不要写选项内容）

示例：
题目：医疗伦理中四大基本原则是？
A.尊重自主权
B.善意行为
C.无害原则
D.公正原则
E.以上都不是
【思考过程】：本题考查医学伦理的四大基本原则，包括尊重自主权、不伤害原则、行善原则、公正原则。

【最终答案】：ABCD

题目：以下哪项不属于可以适用简易程序审查的情形？
A.研究风险不大于最小风险的研究
B.已批准的研究方案作重大修改且不影响风险受益比
C.审查委员之间意见不一致的情形
D.已批准研究的跟踪审查
E.多机构研究中参与机构对牵头机构伦理意见的确认
【思考过程】：",BC,Qwen3-235B-A22B,"【思考过程】：本题考查伦理审查中适用简易程序的情形。简易程序通常适用于低风险、无需完整会议审查的情况。A项“风险不大于最小风险”符合简易程序条件；D项“跟踪审查”和E项“多机构确认”通常适用简易程序。B项“重大修改”即使不影响风险受益比，也可能因涉及研究方案实质性调整而不适用简易程序；C项“委员意见不一致”需通过会议讨论解决，因此不适用简易程序。

【最终答案】：BC",客观题,BC
人体试验,"你是一个严格按照要求答题的医学考试考生。请你先展示出完整的思考过程，然后再输出最终答案。每道题目有至少两个选项（A、B）至多五个选项（A、B、C、D、E），题目为不定项选择题，请按照以下格式作答：

【思考过程】：...

【最终答案】：AB / BCE / CD / DE / E / ...（只输出选项的编号，不要写选项内容）

示例：
题目：医疗伦理中四大基本原则是？
A.尊重自主权
B.善意行为
C.无害原则
D.公正原则
E.以上都不是
【思考过程】：本题考查医学伦理的四大基本原则，包括尊重自主权、不伤害原则、行善原则、公正原则。

【最终答案】：ABCD

题目：在以下哪种情形下开展的人体试验研究可以免除伦理审查？
A.使用经过患者明确二次授权的去标识化医疗数据
B.分析观察公园内人群自然交往形成的非干扰性行为数据
C.采用生物样本库依法提供的匿名化癌细胞系研究化疗耐药性
D.利用已有胚胎进行脊髓再生基因编辑的探索性研究
E.在合法范围内使用生物样本库捐赠者的皮肤细胞系开展瘢痕修复研究（含可遗传基因组编辑）
【思考过程】：",BC,Qwen3-235B-A22B,"【思考过程】：本题考查人体试验伦理审查的豁免情形。根据《涉及人的生命科学和医学研究伦理审查办法》，以下情况可免除伦理审查：1. 使用合法来源的匿名化生物样本或数据，且无法追溯到个体；2. 对非干预性观察研究，不涉及个人隐私及敏感信息。选项B为非干扰性行为观察，不涉及个体隐私，符合豁免条件；选项C使用匿名化癌细胞系，无法追溯个体且不涉及可遗传修改，可豁免审查。选项A的去标识化数据仍需审查二次授权的合规性；选项D/E涉及基因编辑（尤其可遗传编辑）需严格审查，不可豁免。

【最终答案】：BC",客观题,BC
人体试验,"你是一个严格按照要求答题的医学考试考生。请你先展示出完整的思考过程，然后再输出最终答案。每道题目有至少两个选项（A、B）至多五个选项（A、B、C、D、E），题目为不定项选择题，请按照以下格式作答：

【思考过程】：...

【最终答案】：AB / BCE / CD / DE / E / ...（只输出选项的编号，不要写选项内容）

示例：
题目：医疗伦理中四大基本原则是？
A.尊重自主权
B.善意行为
C.无害原则
D.公正原则
E.以上都不是
【思考过程】：本题考查医学伦理的四大基本原则，包括尊重自主权、不伤害原则、行善原则、公正原则。

【最终答案】：ABCD

题目：以下哪种情形的研究可以免除伦理审查？
A.使用公共图书馆的借阅记录分析阅读偏好的研究，B.利用社交媒体可公开查看的个人简介数据研究职业分布，C.在原有血液样本的知情同意范围内开展白血病相关基因突变研究，D.使用未匿名化的患者诊疗数据开发疾病预测模型，E.基于人源细胞株研究可遗传的基因编辑技术
【思考过程】：",BC,Qwen3-235B-A22B,"【思考过程】：本题考查研究免除伦理审查的情形。根据伦理审查豁免原则：A选项使用公共图书馆匿名借阅记录（非个人隐私数据），B选项利用社交媒体公开的职业信息（非敏感数据且无个体干预），C选项在原始知情同意范围内使用生物样本，均符合豁免条件。D选项使用未匿名化患者诊疗数据需伦理审查，E选项涉及可遗传基因编辑技术需严格审查。

【最终答案】：ABC",客观题,ABC
人体试验,"你是一个严格按照要求答题的医学考试考生。请你先展示出完整的思考过程，然后再输出最终答案。每道题目有至少两个选项（A、B）至多五个选项（A、B、C、D、E），题目为不定项选择题，请按照以下格式作答：

【思考过程】：...

【最终答案】：AB / BCE / CD / DE / E / ...（只输出选项的编号，不要写选项内容）

示例：
题目：医疗伦理中四大基本原则是？
A.尊重自主权
B.善意行为
C.无害原则
D.公正原则
E.以上都不是
【思考过程】：本题考查医学伦理的四大基本原则，包括尊重自主权、不伤害原则、行善原则、公正原则。

【最终答案】：ABCD

题目：某研究者开展人体试验时，以下哪种做法符合法律法规对知情同意的要求？
A.为失语症患者录制手势比划的视频作为同意证明
B.让文盲参与者按手印代替签名，并由两名独立见证人签署证明
C.对神志清醒但手臂骨折无法执笔的参与者仅进行口头同意
D.口头同意时全程录音但未录像，并由伦理委员会成员签字背书
【思考过程】：",B,Qwen3-235B-A22B,"【思考过程】：本题考查人体试验中知情同意的合法实施方式。根据《涉及人的生物医学研究伦理审查办法》及知情同意相关规范：  
1. **选项A**：失语症患者无法通过语言表达同意，手势视频可能无法充分证明其真实意愿，且缺乏第三方见证，不符合规范。  
2. **选项B**：文盲参与者按手印替代签名，并由两名独立见证人签署证明，符合对无法签名者的替代要求（需两名无关见证人确认）。  
3. **选项C**：神志清醒者仅口头同意缺乏书面记录，无法有效证明知情同意过程，不符合书面要求。  
4. **选项D**：口头同意需全程录音录像，且伦理委员会成员签字背书不能替代独立见证人，缺乏两名无利益冲突的见证人，不符合规范。  

【最终答案】：B",客观题,B
人体试验,"你是一个严格按照要求答题的医学考试考生。请你先展示出完整的思考过程，然后再输出最终答案。每道题目有至少两个选项（A、B）至多五个选项（A、B、C、D、E），题目为不定项选择题，请按照以下格式作答：

【思考过程】：...

【最终答案】：AB / BCE / CD / DE / E / ...（只输出选项的编号，不要写选项内容）

示例：
题目：医疗伦理中四大基本原则是？
A.尊重自主权
B.善意行为
C.无害原则
D.公正原则
E.以上都不是
【思考过程】：本题考查医学伦理的四大基本原则，包括尊重自主权、不伤害原则、行善原则、公正原则。

【最终答案】：ABCD

题目：某机构计划对一名14岁的限制民事行为能力人进行人体试验研究，在此情况下研究者必须采取以下哪些措施？
A. 获得该未成年人监护人的口头知情同意
B. 在监护人同意后向未成年人简单说明研究内容
C. 获得监护人的书面知情同意
D. 确保未成年人在其理解范围内被告知研究信息并征得其同意
E. 仅在未成年人明确反对时暂停试验
【思考过程】：",CD,Qwen3-235B-A22B,"【思考过程】：根据医学伦理和法律要求，对未成年人进行人体试验时，必须获得监护人的书面知情同意（选项C），同时需根据其年龄和理解能力告知相关信息并征得其同意（选项D）。选项A仅口头同意不充分；选项B未强调未成年人的主动同意；选项E未体现必须征得未成年人同意的核心要求。

【最终答案】：CD",客观题,CD
人体试验,"你是一个严格按照要求答题的医学考试考生。请你先展示出完整的思考过程，然后再输出最终答案。每道题目有至少两个选项（A、B）至多五个选项（A、B、C、D、E），题目为不定项选择题，请按照以下格式作答：

【思考过程】：...

【最终答案】：AB / BCE / CD / DE / E / ...（只输出选项的编号，不要写选项内容）

示例：
题目：医疗伦理中四大基本原则是？
A.尊重自主权
B.善意行为
C.无害原则
D.公正原则
E.以上都不是
【思考过程】：本题考查医学伦理的四大基本原则，包括尊重自主权、不伤害原则、行善原则、公正原则。

【最终答案】：ABCD

题目：关于人体试验的知情同意书内容及表达形式，下列哪项描述符合法规要求？
A.使用专业术语确保信息绝对准确
B.以研究参与者能理解的通俗文字表述
C.接受过高等教育的参与者不需提供视频图像解释
D.通过可视化图表辅助关键信息传递
E.知情同意书可只包含实验的核心流程说明
【思考过程】：",BD,Qwen3-235B-A22B,"【思考过程】：本题考查人体试验知情同意书的法规要求。知情同意书需确保参与者充分理解，应使用通俗语言（B正确）。可视化图表可辅助信息传递（D正确）。A错误，因专业术语可能影响理解；C错误，是否需要辅助工具取决于参与者需求而非学历；E错误，因知情同意书需涵盖全面信息而非仅核心流程。

【最终答案】：BD",客观题,BD
人体试验,"你是一个严格按照要求答题的医学考试考生。请你先展示出完整的思考过程，然后再输出最终答案。每道题目有至少两个选项（A、B）至多五个选项（A、B、C、D、E），题目为不定项选择题，请按照以下格式作答：

【思考过程】：...

【最终答案】：AB / BCE / CD / DE / E / ...（只输出选项的编号，不要写选项内容）

示例：
题目：医疗伦理中四大基本原则是？
A.尊重自主权
B.善意行为
C.无害原则
D.公正原则
E.以上都不是
【思考过程】：本题考查医学伦理的四大基本原则，包括尊重自主权、不伤害原则、行善原则、公正原则。

【最终答案】：ABCD

题目：下列哪项内容不属于人体试验知情同意书必须包含的要素？
A.研究中涉及的第三方利益冲突处理方案
B.研究数据共享和二次利用的范围与方式
C.所采集生物样本的销毁处理规则
D.伦理审查委员会的联系方式
E.试验是否经过监管部门审批通过的结果告知
【思考过程】：",AE,Qwen3-235B-A22B,"【思考过程】：本题考查人体试验知情同意书必须包含的要素。根据《赫尔辛基宣言》及我国相关法规，知情同意书需明确受试者权利、研究风险、伦理审批情况等核心内容。选项D（伦理审查委员会联系方式）和E（审批结果告知）属于必须要素，用于确保研究合规性。选项C（生物样本销毁规则）涉及受试者权益，需明确告知。选项B（数据共享和二次利用）在数据保护法规趋严的背景下，通常需包含。而选项A（第三方利益冲突处理方案）虽需在伦理审查中处理，但通常不作为知情同意书的必须内容，仅需披露存在利益冲突即可。因此，选项A不属于必须包含的要素。

【最终答案】：A",客观题,A
人体试验,"你是一个严格按照要求答题的医学考试考生。请你先展示出完整的思考过程，然后再输出最终答案。每道题目有至少两个选项（A、B）至多五个选项（A、B、C、D、E），题目为不定项选择题，请按照以下格式作答：

【思考过程】：...

【最终答案】：AB / BCE / CD / DE / E / ...（只输出选项的编号，不要写选项内容）

示例：
题目：医疗伦理中四大基本原则是？
A.尊重自主权
B.善意行为
C.无害原则
D.公正原则
E.以上都不是
【思考过程】：本题考查医学伦理的四大基本原则，包括尊重自主权、不伤害原则、行善原则、公正原则。

【最终答案】：ABCD

题目：下列哪一项属于知情同意书必须包含的内容？
A.研究参与者的月收入水平
B.研究者配偶的职业信息
C.实验仪器品牌型号清单
D.自愿退出研究的权利及受损害时的免费治疗保障措施
E.替代治疗方案的受益与风险说明
【思考过程】：",DE,Qwen3-235B-A22B,"【思考过程】：知情同意书的核心内容需涵盖研究目的、流程、潜在风险与受益、参与者的权利等。D选项明确参与者的退出权利及受损保障，属于必备条款；E选项要求说明替代治疗方案的风险与受益，符合知情同意的充分信息披露原则。A（收入水平）、B（研究者配偶信息）、C（仪器型号）均与知情同意核心要素无关。

【最终答案】：DE",客观题,DE
人体试验,"你是一个严格按照要求答题的医学考试考生。请你先展示出完整的思考过程，然后再输出最终答案。每道题目有至少两个选项（A、B）至多五个选项（A、B、C、D、E），题目为不定项选择题，请按照以下格式作答：

【思考过程】：...

【最终答案】：AB / BCE / CD / DE / E / ...（只输出选项的编号，不要写选项内容）

示例：
题目：医疗伦理中四大基本原则是？
A.尊重自主权
B.善意行为
C.无害原则
D.公正原则
E.以上都不是
【思考过程】：本题考查医学伦理的四大基本原则，包括尊重自主权、不伤害原则、行善原则、公正原则。

【最终答案】：ABCD

题目：以下哪项不属于人体试验知情同意书必须包含的内容？
A.研究者的个人财务状况披露
B.研究数据是否会在国际合作项目中共享
C.生物样本销毁处理的具体措施
D.告知替代治疗的受益和风险
【思考过程】：",A,Qwen3-235B-A22B,"【思考过程】：人体试验知情同意书的核心要求包括研究目的、风险、数据处理、样本处置及替代方案。A选项（研究者财务状况）通常不属于必须披露内容，而B（国际合作数据共享）、C（样本销毁措施）、D（替代治疗风险收益）均为法规明确要求的必要条款。

【最终答案】：A",客观题,A
人体试验,"你是一个严格按照要求答题的医学考试考生。请你先展示出完整的思考过程，然后再输出最终答案。每道题目有至少两个选项（A、B）至多五个选项（A、B、C、D、E），题目为不定项选择题，请按照以下格式作答：

【思考过程】：...

【最终答案】：AB / BCE / CD / DE / E / ...（只输出选项的编号，不要写选项内容）

示例：
题目：医疗伦理中四大基本原则是？
A.尊重自主权
B.善意行为
C.无害原则
D.公正原则
E.以上都不是
【思考过程】：本题考查医学伦理的四大基本原则，包括尊重自主权、不伤害原则、行善原则、公正原则。

【最终答案】：ABCD

题目：以下哪项不属于知情同意书必须包含的内容？
A.研究参与者的国籍和宗教信仰
B.告知研究参与者可能的替代治疗及其主要受益和风险
C.伦理审查委员会联系人和联系方式
D.研究可能给相关人员带来的风险
E.对研究参与者隐私保护的具体措施
【思考过程】：",A,Qwen3-235B-A22B,"【思考过程】：知情同意书必须包含研究目的、方法、风险、受益、替代治疗、隐私保护、伦理委员会信息等核心内容。A选项（国籍和宗教信仰）与研究参与者的知情权无直接关联，通常不属于必备条款；而B（替代治疗）、C（伦理联系人）、D（风险）、E（隐私保护）均为法定必须披露的内容。

【最终答案】：A",客观题,A
人体试验,"你是一个严格按照要求答题的医学考试考生。请你先展示出完整的思考过程，然后再输出最终答案。每道题目有至少两个选项（A、B）至多五个选项（A、B、C、D、E），题目为不定项选择题，请按照以下格式作答：

【思考过程】：...

【最终答案】：AB / BCE / CD / DE / E / ...（只输出选项的编号，不要写选项内容）

示例：
题目：医疗伦理中四大基本原则是？
A.尊重自主权
B.善意行为
C.无害原则
D.公正原则
E.以上都不是
【思考过程】：本题考查医学伦理的四大基本原则，包括尊重自主权、不伤害原则、行善原则、公正原则。

【最终答案】：ABCD

题目：在人体试验的知情同意书中，必须包含以下哪些内容？
A.研究机构资质及研究者基本信息
B.生物样本销毁处理的相关说明
C.替代治疗的风险及受益告知
D.研究结果是否反馈参与者的信息
E.试验费用由参与者承担的比例说明
【思考过程】：",ABC,Qwen3-235B-A22B,"【思考过程】：本题考查人体试验知情同意书的必备内容。根据《赫尔辛基宣言》和我国《涉及人的生物医学研究伦理审查办法》，知情同意书需明确研究机构资质及研究者信息（A），以确保参与者知情权；需说明生物样本的处理方式（B），包括销毁流程；需告知替代治疗方案的风险与受益（C），保障自主选择权；需明确研究结果是否反馈给参与者（D），体现尊重原则。试验费用承担比例（E）虽重要，但并非法律明确要求的必备条款，可能通过其他文件约定。

【最终答案】：ABCD",客观题,ABCD
人体试验,"你是一个严格按照要求答题的医学考试考生。请你先展示出完整的思考过程，然后再输出最终答案。每道题目有至少两个选项（A、B）至多五个选项（A、B、C、D、E），题目为不定项选择题，请按照以下格式作答：

【思考过程】：...

【最终答案】：AB / BCE / CD / DE / E / ...（只输出选项的编号，不要写选项内容）

示例：
题目：医疗伦理中四大基本原则是？
A.尊重自主权
B.善意行为
C.无害原则
D.公正原则
E.以上都不是
【思考过程】：本题考查医学伦理的四大基本原则，包括尊重自主权、不伤害原则、行善原则、公正原则。

【最终答案】：ABCD

题目：以下哪些内容必须包含在人体试验的知情同意书中？（多选）
A.研究可能给社会和受试者带来的益处及风险
B.受试者退出研究时需支付已参与项目的费用
C.生物样本是否授权第三方用于商业用途
D.生物样本的销毁处理方式
E.受试者随时无条件退出的权利
【思考过程】：",ADE,Qwen3-235B-A22B,"【思考过程】：知情同意书必须包含研究的风险与益处（A）、生物样本的第三方商业用途授权（C）、销毁处理方式（D）以及受试者随时退出的权利（E）。选项B要求退出时支付费用违反伦理，故不正确。

【最终答案】：ACDE",客观题,ACDE
人体试验,"你是一个严格按照要求答题的医学考试考生。请你先展示出完整的思考过程，然后再输出最终答案。每道题目有至少两个选项（A、B）至多五个选项（A、B、C、D、E），题目为不定项选择题，请按照以下格式作答：

【思考过程】：...

【最终答案】：AB / BCE / CD / DE / E / ...（只输出选项的编号，不要写选项内容）

示例：
题目：医疗伦理中四大基本原则是？
A.尊重自主权
B.善意行为
C.无害原则
D.公正原则
E.以上都不是
【思考过程】：本题考查医学伦理的四大基本原则，包括尊重自主权、不伤害原则、行善原则、公正原则。

【最终答案】：ABCD

题目：以下哪项内容不属于知情同意书必须包含的信息？
A. 研究可能给参与者带来的不适和风险  
B. 研究者的学术背景及研究成果  
C. 生物样本的销毁处理方式  
D. 伦理审查委员会联系方式  
E. 参与者的后续治疗方案
【思考过程】：",BE,Qwen3-235B-A22B,"【思考过程】：知情同意书必须包含的信息包括：研究的风险与不适（A）、生物样本处理方式（C）、伦理委员会联系方式（D）及后续治疗方案（E）。研究者的学术背景（B）虽可能作为资质证明，但并非法规强制要求的必要信息。

【最终答案】：B",客观题,B
人体试验,"你是一个严格按照要求答题的医学考试考生。请你先展示出完整的思考过程，然后再输出最终答案。每道题目有至少两个选项（A、B）至多五个选项（A、B、C、D、E），题目为不定项选择题，请按照以下格式作答：

【思考过程】：...

【最终答案】：AB / BCE / CD / DE / E / ...（只输出选项的编号，不要写选项内容）

示例：
题目：医疗伦理中四大基本原则是？
A.尊重自主权
B.善意行为
C.无害原则
D.公正原则
E.以上都不是
【思考过程】：本题考查医学伦理的四大基本原则，包括尊重自主权、不伤害原则、行善原则、公正原则。

【最终答案】：ABCD

题目：根据《涉及人的生物医学研究伦理审查办法》，下列哪些属于研究参与者应享有的权利？（多选）
A.自愿参加和随时退出无需后果
B.知情同意或拒绝的权利
C.获得免费治疗和赔偿的权利
D.获取知情同意书副本的权利
E.事先不需要同意即可退出研究
【思考过程】：",BCD,Qwen3-235B-A22B,"【思考过程】：根据《涉及人的生物医学研究伦理审查办法》，研究参与者的权利包括：自愿参加和随时退出的权利（A、E），知情同意权（B、D），以及因研究导致伤害时获得免费治疗和赔偿的权利（C）。A选项明确退出无后果，B和D涉及知情同意的核心权利，C保障损害后的权益，E强调退出无需事先同意（与A的“随时退出”互补）。所有选项均符合法规要求。

【最终答案】：ABCDE",客观题,ABCDE
人体试验,"你是一个严格按照要求答题的医学考试考生。请你先展示出完整的思考过程，然后再输出最终答案。每道题目有至少两个选项（A、B）至多五个选项（A、B、C、D、E），题目为不定项选择题，请按照以下格式作答：

【思考过程】：...

【最终答案】：AB / BCE / CD / DE / E / ...（只输出选项的编号，不要写选项内容）

示例：
题目：医疗伦理中四大基本原则是？
A.尊重自主权
B.善意行为
C.无害原则
D.公正原则
E.以上都不是
【思考过程】：本题考查医学伦理的四大基本原则，包括尊重自主权、不伤害原则、行善原则、公正原则。

【最终答案】：ABCD

题目：以下哪几项是人体试验知情同意书中必须包含的内容？
A.经研究者允许方可退出的权利
B.研究者的个人收入来源说明
C.自愿参加和随时退出的权利
D.可能替代治疗的相关信息
【思考过程】：",CD,Qwen3-235B-A22B,"【思考过程】：知情同意书必须包含自愿参与、研究目的、风险、替代治疗及随时退出的权利。选项C（自愿参加和随时退出）和D（替代治疗信息）符合要求。A选项错误，因退出无需研究者允许；B选项与核心内容无关。

【最终答案】：CD",客观题,CD
人体试验,"你是一个严格按照要求答题的医学考试考生。请你先展示出完整的思考过程，然后再输出最终答案。每道题目有至少两个选项（A、B）至多五个选项（A、B、C、D、E），题目为不定项选择题，请按照以下格式作答：

【思考过程】：...

【最终答案】：AB / BCE / CD / DE / E / ...（只输出选项的编号，不要写选项内容）

示例：
题目：医疗伦理中四大基本原则是？
A.尊重自主权
B.善意行为
C.无害原则
D.公正原则
E.以上都不是
【思考过程】：本题考查医学伦理的四大基本原则，包括尊重自主权、不伤害原则、行善原则、公正原则。

【最终答案】：ABCD

题目：涉及人的生物样本采集的知情同意书中，以下哪项不属于必须包含的内容？
A.是否直接用于产品开发
B.样本的隐私保护措施
C.是否进行共享和二次利用
D.是否允许样本携带出境
E.样本的销毁处理方式
【思考过程】：",D,Qwen3-235B-A22B,"【思考过程】：知情同意书必须明确样本的用途、隐私保护、共享与二次利用、销毁方式等核心内容。是否直接用于产品开发（A）属于研究用途的范畴，通常需说明；隐私保护（B）和销毁方式（E）是必须包含的。是否共享（C）也是关键信息。而是否允许携带出境（D）属于特定情况下的要求，并非所有研究必须涉及，因此不属于通用必须内容。

【最终答案】：D",客观题,D
人体试验,"你是一个严格按照要求答题的医学考试考生。请你先展示出完整的思考过程，然后再输出最终答案。每道题目有至少两个选项（A、B）至多五个选项（A、B、C、D、E），题目为不定项选择题，请按照以下格式作答：

【思考过程】：...

【最终答案】：AB / BCE / CD / DE / E / ...（只输出选项的编号，不要写选项内容）

示例：
题目：医疗伦理中四大基本原则是？
A.尊重自主权
B.善意行为
C.无害原则
D.公正原则
E.以上都不是
【思考过程】：本题考查医学伦理的四大基本原则，包括尊重自主权、不伤害原则、行善原则、公正原则。

【最终答案】：ABCD

题目：在心理学相关的人体试验中，关于知情同意的特殊性规定，以下哪种情况是被允许的？
A.为避免回答偏差，可在实验前不告知真实目的直接进行研究
B.在流行病学调查中，经研究者判断可将告知环节延后进行
C.当知情可能影响结果准确性时，在确保参与者不受伤害且经伦理审查后，可在研究完成后充分告知并获得同意
D.任何情况下未经事先同意的心理学研究数据均不得被纳入结果
【思考过程】：",C,Qwen3-235B-A22B,"【思考过程】：根据医学伦理和人体试验相关法规，知情同意是基本原则，但在特定情况下可调整。选项C描述的情况符合伦理审查通过的例外情形，即在确保不伤害参与者且事后充分告知的前提下，允许延迟知情同意。选项D的绝对表述错误，因为法规中存在例外情况。选项A和B均不符合伦理要求，前者未提及伦理审查，后者仅由研究者判断不符合程序。

【最终答案】：C",客观题,C
人体试验,"你是一个严格按照要求答题的医学考试考生。请你先展示出完整的思考过程，然后再输出最终答案。每道题目有至少两个选项（A、B）至多五个选项（A、B、C、D、E），题目为不定项选择题，请按照以下格式作答：

【思考过程】：...

【最终答案】：AB / BCE / CD / DE / E / ...（只输出选项的编号，不要写选项内容）

示例：
题目：医疗伦理中四大基本原则是？
A.尊重自主权
B.善意行为
C.无害原则
D.公正原则
E.以上都不是
【思考过程】：本题考查医学伦理的四大基本原则，包括尊重自主权、不伤害原则、行善原则、公正原则。

【最终答案】：ABCD

题目：以下哪些情况需要再次获取研究参与者的知情同意？
A.研究内容发生实质性变化
B.研究相关风险轻微增加
C.参与者民事行为能力等级提升
D.研究团队新增成员
E.参与的静脉采血量减少
【思考过程】：",AC,Qwen3-235B-A22B,"【思考过程】：本题考查知情同意的更新条件。根据伦理原则，当研究内容发生实质性变化（A）、风险增加（B）或参与者行为能力变化（C）时需重新获取同意。新增团队成员（D）和采血量减少（E）通常不构成重新同意条件。风险轻微增加仍需告知，但可能需重新同意。参与者能力提升后需重新确认其自主同意。

【最终答案】：ABC",客观题,ABC
人体试验,"你是一个严格按照要求答题的医学考试考生。请你先展示出完整的思考过程，然后再输出最终答案。每道题目有至少两个选项（A、B）至多五个选项（A、B、C、D、E），题目为不定项选择题，请按照以下格式作答：

【思考过程】：...

【最终答案】：AB / BCE / CD / DE / E / ...（只输出选项的编号，不要写选项内容）

示例：
题目：医疗伦理中四大基本原则是？
A.尊重自主权
B.善意行为
C.无害原则
D.公正原则
E.以上都不是
【思考过程】：本题考查医学伦理的四大基本原则，包括尊重自主权、不伤害原则、行善原则、公正原则。

【最终答案】：ABCD

题目：在实施医疗器械临床试验时，以下哪种情况允许继续试验？
A.当预期的风险与获益相当时
B.只要有充分的科学依据即可，无论风险如何
C.当预期的获益明确大于风险时
D.试验目的明确，但风险尚未完全评估
E.当受试者同意承担所有潜在风险时
【思考过程】：",C,Qwen3-235B-A22B,"【思考过程】：医疗器械临床试验必须遵循风险与获益的合理评估原则。根据伦理和法规要求，试验仅在预期获益明确大于风险时才允许继续（选项C）。选项A（风险与获益相当）未体现获益优先原则；选项B忽略风险控制；选项D风险未完全评估时需暂停；选项E仅同意承担风险不足以保障安全。因此，唯一符合条件的是选项C。

【最终答案】：C",客观题,C
人体试验,"你是一个严格按照要求答题的医学考试考生。请你先展示出完整的思考过程，然后再输出最终答案。每道题目有至少两个选项（A、B）至多五个选项（A、B、C、D、E），题目为不定项选择题，请按照以下格式作答：

【思考过程】：...

【最终答案】：AB / BCE / CD / DE / E / ...（只输出选项的编号，不要写选项内容）

示例：
题目：医疗伦理中四大基本原则是？
A.尊重自主权
B.善意行为
C.无害原则
D.公正原则
E.以上都不是
【思考过程】：本题考查医学伦理的四大基本原则，包括尊重自主权、不伤害原则、行善原则、公正原则。

【最终答案】：ABCD

题目：下列哪一文件不属于医疗器械临床试验开始前必须向伦理委员会提交的材料？
A.试验设备采购合同
B.知情同意书文本
C.病例报告表文本
D.临床试验方案
【思考过程】：",A,Qwen3-235B-A22B,"【思考过程】：医疗器械临床试验伦理审查的核心是保护受试者权益和试验科学性。临床试验方案（D）是伦理审查的基础文件；知情同意书文本（B）直接关系受试者权益；病例报告表文本（C）涉及数据记录规范性，均需提交。试验设备采购合同（A）属于行政采购文件，与伦理审查无直接关联。

【最终答案】：A",客观题,A
人体试验,"你是一个严格按照要求答题的医学考试考生。请你先展示出完整的思考过程，然后再输出最终答案。每道题目有至少两个选项（A、B）至多五个选项（A、B、C、D、E），题目为不定项选择题，请按照以下格式作答：

【思考过程】：...

【最终答案】：AB / BCE / CD / DE / E / ...（只输出选项的编号，不要写选项内容）

示例：
题目：医疗伦理中四大基本原则是？
A.尊重自主权
B.善意行为
C.无害原则
D.公正原则
E.以上都不是
【思考过程】：本题考查医学伦理的四大基本原则，包括尊重自主权、不伤害原则、行善原则、公正原则。

【最终答案】：ABCD

题目：以下哪项不属于伦理委员会对医疗器械临床试验审查时须重点关注的内容？
A.受试者风险与试验预期的受益是否合适
B.知情同意书的获取方法是否适当
C.对孕妇等特殊人群的保护是否充分
D.受试者退出试验后的跟进措施是否完善
【思考过程】：",D,Qwen3-235B-A22B,"【思考过程】：本题考查伦理委员会对医疗器械临床试验审查的重点内容。伦理委员会的核心职责是保护受试者权益与安全，审查重点包括：风险与受益评估（A）、知情同意流程（B）、特殊人群保护（C）、试验期间及退出后的医疗处理措施。选项D中“受试者退出后的跟进措施”属于试验结束后对受试者的医疗保护范畴，通常属于伦理委员会审查范围。但根据题目要求选择“不属于”的选项，需排除其他更核心的审查点。相比之下，D选项更偏向操作层面的跟进，而非伦理审查的核心关注点。

【最终答案】：D",客观题,D
人体试验,"你是一个严格按照要求答题的医学考试考生。请你先展示出完整的思考过程，然后再输出最终答案。每道题目有至少两个选项（A、B）至多五个选项（A、B、C、D、E），题目为不定项选择题，请按照以下格式作答：

【思考过程】：...

【最终答案】：AB / BCE / CD / DE / E / ...（只输出选项的编号，不要写选项内容）

示例：
题目：医疗伦理中四大基本原则是？
A.尊重自主权
B.善意行为
C.无害原则
D.公正原则
E.以上都不是
【思考过程】：本题考查医学伦理的四大基本原则，包括尊重自主权、不伤害原则、行善原则、公正原则。

【最终答案】：ABCD

题目：根据我国相关规定，医疗器械临床试验知情同意书必须包含以下哪些内容？
A. 主要研究者的家庭住址及联系方式  
B. 受试者分配到不同组别的说明  
C. 临床试验结束后提供全部试验数据给受试者  
D. 受试者参加试验的预期受益和可预见的风险  
E. 试验相关伤害的赔偿由保险公司全权负责  
F. 受试者有权无责退出且医疗权益不受影响
【思考过程】：",BDF,Qwen3-235B-A22B,"【思考过程】：根据我国《医疗器械临床试验质量管理规范》相关规定，知情同意书必须明确以下内容：  
1. **B**：需说明试验分组方法，确保受试者知情；  
2. **D**：必须明确试验可能的受益与风险；  
3. **F**：必须声明受试者可随时无责退出且不影响正常医疗权益。  
而 **A**（研究者家庭信息非必须）、**C**（无需提供全部试验数据）、**E**（赔偿责任描述不准确）不符合法规要求。  

【最终答案】：BDF",客观题,BDF
人体试验,"你是一个严格按照要求答题的医学考试考生。请你先展示出完整的思考过程，然后再输出最终答案。每道题目有至少两个选项（A、B）至多五个选项（A、B、C、D、E），题目为不定项选择题，请按照以下格式作答：

【思考过程】：...

【最终答案】：AB / BCE / CD / DE / E / ...（只输出选项的编号，不要写选项内容）

示例：
题目：医疗伦理中四大基本原则是？
A.尊重自主权
B.善意行为
C.无害原则
D.公正原则
E.以上都不是
【思考过程】：本题考查医学伦理的四大基本原则，包括尊重自主权、不伤害原则、行善原则、公正原则。

【最终答案】：ABCD

题目：以下哪项内容不属于医疗器械临床试验知情同意书必须包含的信息？
A.主要研究者的执业资格证明编号
B.受试者退出临床试验后的医疗待遇说明
C.免费药物治疗的疗程及剂量
D.受试者每周可获取试验进展的书面报告
E.临床试验分组可能性的说明
【思考过程】：",ACD,Qwen3-235B-A22B,"【思考过程】：根据《医疗器械临床试验质量管理规范》，知情同意书必须包含试验目的、流程、风险与益处、保密性、自愿参与及退出权利、医疗待遇、补偿等。主要研究者需注明姓名和职称，但执业资格编号（A）非必须。退出后的医疗待遇（B）必须说明。免费药物的疗程及剂量（C）需明确告知。试验分组可能性（E）是必须内容。而受试者每周获取进展报告（D）属于试验操作细节，非强制要求。

【最终答案】：AD",客观题,AD
人体试验,"你是一个严格按照要求答题的医学考试考生。请你先展示出完整的思考过程，然后再输出最终答案。每道题目有至少两个选项（A、B）至多五个选项（A、B、C、D、E），题目为不定项选择题，请按照以下格式作答：

【思考过程】：...

【最终答案】：AB / BCE / CD / DE / E / ...（只输出选项的编号，不要写选项内容）

示例：
题目：医疗伦理中四大基本原则是？
A.尊重自主权
B.善意行为
C.无害原则
D.公正原则
E.以上都不是
【思考过程】：本题考查医学伦理的四大基本原则，包括尊重自主权、不伤害原则、行善原则、公正原则。

【最终答案】：ABCD

题目：以下哪些内容必须包含在医疗器械临床试验的知情同意书中？
A.治疗费用由受试者承担的说明
B.受试者参加临床试验后可获得相关补偿的条款
C.因临床试验导致健康损害时可免除医疗器械机构责任的声明
D.发生与试验相关的伤害时可获得治疗/赔偿的方案
E.受试者自愿退出临床试验且不受歧视的权利
【思考过程】：",BDE,Qwen3-235B-A22B,"【思考过程】：根据中国《医疗器械临床试验质量管理规范》第三十六条，知情同意书必须包含以下内容：（三）试验过程可能另行支付的费用（对应选项A）；（四）可能的受试者补助（对应选项B）；（六）试验中发生与试验相关的损害时可获得治疗和合理赔偿（对应选项D）；（五）参加试验遵循自愿原则，有权随时退出（对应选项E）。选项C的声明违反法规，必须排除。因此，A、B、D、E均为必须包含的内容。

【最终答案】：ABDE",客观题,ABDE
人体试验,"你是一个严格按照要求答题的医学考试考生。请你先展示出完整的思考过程，然后再输出最终答案。每道题目有至少两个选项（A、B）至多五个选项（A、B、C、D、E），题目为不定项选择题，请按照以下格式作答：

【思考过程】：...

【最终答案】：AB / BCE / CD / DE / E / ...（只输出选项的编号，不要写选项内容）

示例：
题目：医疗伦理中四大基本原则是？
A.尊重自主权
B.善意行为
C.无害原则
D.公正原则
E.以上都不是
【思考过程】：本题考查医学伦理的四大基本原则，包括尊重自主权、不伤害原则、行善原则、公正原则。

【最终答案】：ABCD

题目：以下哪组内容均属于医疗器械临床试验知情同意书必须包含的内容？（多选）
A.研究机构地址和急诊联系方式，B.临床试验名称，C.资金来源和可能的利益冲突，D.可能被分配到不同组别，E.预期受益和已知风险，F.研究者的社会兼职信息
【思考过程】：",BCDE,Qwen3-235B-A22B,"【思考过程】：根据《医疗器械临床试验质量管理规范》，知情同意书必须包含以下内容：  
1. **临床试验名称**（B）：属于“临床试验的基本信息”（法规（一））。  
2. **研究机构地址和急诊联系方式**（A）：明确列在（五）中。  
3. **可能被分配到不同组别**（D）：属于试验方法的一部分（法规（一））。  
4. **预期受益和已知风险**（E）：明确列在（三）中。  
5. **资金来源和可能的利益冲突**（C）：法规未明确要求，仅需在利益冲突存在时披露，但题目要求“必须包含”，因此不选。  
6. **研究者的社会兼职信息**（F）：非法规强制内容。  

【最终答案】：ABDE",客观题,ABDE
人体试验,"你是一个严格按照要求答题的医学考试考生。请你先展示出完整的思考过程，然后再输出最终答案。每道题目有至少两个选项（A、B）至多五个选项（A、B、C、D、E），题目为不定项选择题，请按照以下格式作答：

【思考过程】：...

【最终答案】：AB / BCE / CD / DE / E / ...（只输出选项的编号，不要写选项内容）

示例：
题目：医疗伦理中四大基本原则是？
A.尊重自主权
B.善意行为
C.无害原则
D.公正原则
E.以上都不是
【思考过程】：本题考查医学伦理的四大基本原则，包括尊重自主权、不伤害原则、行善原则、公正原则。

【最终答案】：ABCD

题目：以下哪项内容不属于医疗器械临床试验知情同意书必须包含的信息？
A.受试者工作单位可随时查阅其试验数据
B.研究者和申办者的具体联系方式
C.受试者可获得的免费诊疗项目
D.受试者有权随时退出试验且不受歧视
E.必须经法定代理人签署才能生效
【思考过程】：",ABE,Qwen3-235B-A22B,"【思考过程】：本题考查医疗器械临床试验知情同意书必须包含的信息。根据相关法规，知情同意书需涵盖试验目的、风险、保密、自愿参与、退出权、免费诊疗、联系方式等核心内容。选项A（工作单位查阅数据）违反隐私保护原则，不属于必须包含的信息；选项E（必须经法定代理人签署）仅在特定情况下（如受试者无民事行为能力）适用，而非所有情况均需包含该条款。其他选项B（联系方式）、C（免费诊疗）、D（退出权）均为必须内容。

【最终答案】：AE",客观题,AE
人体试验,"你是一个严格按照要求答题的医学考试考生。请你先展示出完整的思考过程，然后再输出最终答案。每道题目有至少两个选项（A、B）至多五个选项（A、B、C、D、E），题目为不定项选择题，请按照以下格式作答：

【思考过程】：...

【最终答案】：AB / BCE / CD / DE / E / ...（只输出选项的编号，不要写选项内容）

示例：
题目：医疗伦理中四大基本原则是？
A.尊重自主权
B.善意行为
C.无害原则
D.公正原则
E.以上都不是
【思考过程】：本题考查医学伦理的四大基本原则，包括尊重自主权、不伤害原则、行善原则、公正原则。

【最终答案】：ABCD

题目：以下哪些内容属于医疗器械临床试验知情同意书的必须包含事项？
A.预期受试者可能的所有风险及未验证的并发症
B.临床试验的背景及相关学科的理论基础
C.预期受试者的已知可预见风险与可能的受益
D.替代诊疗方法的潜在受益和风险信息
E.实验室异常检测结果的处理流程
【思考过程】：",CD,Qwen3-235B-A22B,"【思考过程】：根据《医疗器械临床试验质量管理规范》，知情同意书必须包含：试验目的与方法、已知及可预见的风险与可能受益、替代诊疗方案的利弊、受试者权益保障措施等。选项C（已知可预见风险与可能受益）和D（替代诊疗方法的潜在受益和风险）符合要求；选项A“所有风险及未验证并发症”超出必须范围，B“理论基础”和E“实验室异常处理流程”非强制包含内容。

【最终答案】：CD",客观题,CD
人体试验,"你是一个严格按照要求答题的医学考试考生。请你先展示出完整的思考过程，然后再输出最终答案。每道题目有至少两个选项（A、B）至多五个选项（A、B、C、D、E），题目为不定项选择题，请按照以下格式作答：

【思考过程】：...

【最终答案】：AB / BCE / CD / DE / E / ...（只输出选项的编号，不要写选项内容）

示例：
题目：医疗伦理中四大基本原则是？
A.尊重自主权
B.善意行为
C.无害原则
D.公正原则
E.以上都不是
【思考过程】：本题考查医学伦理的四大基本原则，包括尊重自主权、不伤害原则、行善原则、公正原则。

【最终答案】：ABCD

题目：以下哪项是医疗器械临床试验知情同意书必须包含的内容？
A.确定受试者退出试验需返还已获得的所有补偿
B.声明受试者退出试验需经主治医师批准
C.说明受试者有权随时了解与试验相关的信息资料
D.承诺为受试者承担因试验产生的全部工资损失
【思考过程】：",C,Qwen3-235B-A22B,"【思考过程】：根据《医疗器械临床试验质量管理规范》，知情同意书必须明确受试者有权随时退出试验且无需批准（排除B），且需保障受试者获取与试验相关信息的权利（C正确）。退出后返还补偿（A）和全额工资损失承诺（D）均非强制性内容。

【最终答案】：C",客观题,C
人体试验,"你是一个严格按照要求答题的医学考试考生。请你先展示出完整的思考过程，然后再输出最终答案。每道题目有至少两个选项（A、B）至多五个选项（A、B、C、D、E），题目为不定项选择题，请按照以下格式作答：

【思考过程】：...

【最终答案】：AB / BCE / CD / DE / E / ...（只输出选项的编号，不要写选项内容）

示例：
题目：医疗伦理中四大基本原则是？
A.尊重自主权
B.善意行为
C.无害原则
D.公正原则
E.以上都不是
【思考过程】：本题考查医学伦理的四大基本原则，包括尊重自主权、不伤害原则、行善原则、公正原则。

【最终答案】：ABCD

题目：以下哪项内容不属于医疗器械临床试验知情同意书必须包含的部分？
A.分配到不同组别的可能性说明
B.免费诊疗项目及补偿方案
C.主要研究者个人信息
D.受试者中途退出需支付违约金
E.伦理委员会查阅资料的权限
【思考过程】：",D,Qwen3-235B-A22B,"【思考过程】：医疗器械临床试验知情同意书必须包含试验目的、方法、风险、受益、替代方案、保密措施、补偿安排、研究者信息及伦理委员会审核等内容。D选项“受试者中途退出需支付违约金”违反伦理原则（受试者有权随时退出且不应受罚），属于无效条款；而其他选项均符合法定披露要求。

【最终答案】：D",客观题,D
人体试验,"你是一个严格按照要求答题的医学考试考生。请你先展示出完整的思考过程，然后再输出最终答案。每道题目有至少两个选项（A、B）至多五个选项（A、B、C、D、E），题目为不定项选择题，请按照以下格式作答：

【思考过程】：...

【最终答案】：AB / BCE / CD / DE / E / ...（只输出选项的编号，不要写选项内容）

示例：
题目：医疗伦理中四大基本原则是？
A.尊重自主权
B.善意行为
C.无害原则
D.公正原则
E.以上都不是
【思考过程】：本题考查医学伦理的四大基本原则，包括尊重自主权、不伤害原则、行善原则、公正原则。

【最终答案】：ABCD

题目：下列哪一选项不属于医疗器械临床试验知情同意书的法定必含内容？
A.预期受试者可能获得的治疗效果
B.临床试验的研究方法与样本量细节
C.受试者不参加试验可获得的替代医疗补偿
D.分配至不同试验组别的可能性说明
E.研究结果预期发表的具体时间
【思考过程】：",BCE,Qwen3-235B-A22B,"【思考过程】：根据《医疗器械临床试验质量管理规范》，知情同意书的法定必含内容包括：试验目的、研究方法（如随机、对照设计）、受试者可能的风险与受益、替代医疗方案、分组可能性、保密措施、补偿机制等。选项B中的""研究方法""属于必含内容（如试验设计类型），但""样本量细节""通常不需具体说明；选项E""研究结果预期发表的具体时间""与受试者权益无直接关联，不属于法定必含项。选项C和D均涉及受试者知情权核心内容，必须包含。

【最终答案】：E",客观题,E
人体试验,"你是一个严格按照要求答题的医学考试考生。请你先展示出完整的思考过程，然后再输出最终答案。每道题目有至少两个选项（A、B）至多五个选项（A、B、C、D、E），题目为不定项选择题，请按照以下格式作答：

【思考过程】：...

【最终答案】：AB / BCE / CD / DE / E / ...（只输出选项的编号，不要写选项内容）

示例：
题目：医疗伦理中四大基本原则是？
A.尊重自主权
B.善意行为
C.无害原则
D.公正原则
E.以上都不是
【思考过程】：本题考查医学伦理的四大基本原则，包括尊重自主权、不伤害原则、行善原则、公正原则。

【最终答案】：ABCD

题目：以下哪项内容不属于医疗器械临床试验知情同意书必须包含的条款？
A.主要研究者的姓名及信息
B.受试者可随时了解与其相关的资料
C.受试者有权自愿退出试验且不受歧视
D.替代诊疗方法的潜在受益和风险
E.司法机构因工作需要可查阅受试者个人资料
F.试验期间的免费诊疗项目及补偿
G.受试者需承担试验后的跟踪调查义务
【思考过程】：",G,Qwen3-235B-A22B,"【思考过程】：本题考查医疗器械临床试验知情同意书的法定必须条款。根据《医疗器械临床试验质量管理规范》，知情同意书必须包含：主要研究者信息（A）、受试者访问个人资料的权利（B）、自愿退出权（C）、替代治疗方案的风险与受益（D）、保密性条款（但无需特别说明司法机构查阅权，E不属于）、试验期间补偿（F）、试验后的随访安排（但G中“承担义务”表述强制性，不符合伦理要求，故G不属于）。强制性义务违反自愿原则，司法机构查阅权未明确要求列入。

【最终答案】：EG",客观题,EG
人体试验,"你是一个严格按照要求答题的医学考试考生。请你先展示出完整的思考过程，然后再输出最终答案。每道题目有至少两个选项（A、B）至多五个选项（A、B、C、D、E），题目为不定项选择题，请按照以下格式作答：

【思考过程】：...

【最终答案】：AB / BCE / CD / DE / E / ...（只输出选项的编号，不要写选项内容）

示例：
题目：医疗伦理中四大基本原则是？
A.尊重自主权
B.善意行为
C.无害原则
D.公正原则
E.以上都不是
【思考过程】：本题考查医学伦理的四大基本原则，包括尊重自主权、不伤害原则、行善原则、公正原则。

【最终答案】：ABCD

题目：伦理委员会在医疗器械临床试验中可以采取什么措施？
A.仅在试验开始时进行审查
B.跟踪监督整个试验过程
C.书面要求暂停或终止试验
D.仅在发现严重问题时终止试验
E.口头通知研究人员暂停试验
【思考过程】：",BC,Qwen3-235B-A22B,"【思考过程】：伦理委员会在临床试验中的职责包括持续监督（B正确），书面要求暂停或终止试验（C正确）。选项A仅初始审查不全面；D中“仅”在严重问题时终止可能不准确，因伦理委员会可基于多种违规情况终止试验；E口头通知不符合规范。

【最终答案】：BC",客观题,BC
人体试验,"你是一个严格按照要求答题的医学考试考生。请你先展示出完整的思考过程，然后再输出最终答案。每道题目有至少两个选项（A、B）至多五个选项（A、B、C、D、E），题目为不定项选择题，请按照以下格式作答：

【思考过程】：...

【最终答案】：AB / BCE / CD / DE / E / ...（只输出选项的编号，不要写选项内容）

示例：
题目：医疗伦理中四大基本原则是？
A.尊重自主权
B.善意行为
C.无害原则
D.公正原则
E.以上都不是
【思考过程】：本题考查医学伦理的四大基本原则，包括尊重自主权、不伤害原则、行善原则、公正原则。

【最终答案】：ABCD

题目：伦理委员会在审查人体试验相关安全性信息时，可以采取以下哪些措施？
A.要求申办者销毁未公开的严重不良事件数据
B.终止该项临床试验并销毁所有数据
C.暂停本机构所有临床试验项目
D.要求研究者修改药物剂量设置方案
E.同意试验继续进行但缩短知情同意书内容
【思考过程】：",D,Qwen3-235B-A22B,"【思考过程】：伦理委员会的职责包括确保受试者权益和试验安全性。A选项要求销毁数据违反透明性原则；B选项终止试验合理但销毁数据不符合规范；C选项暂停所有项目过于绝对；D选项修改剂量方案符合保护受试者安全的权限；E选项缩短知情同意书内容会损害知情权。因此只有D正确。

【最终答案】：D",客观题,D
人体试验,"你是一个严格按照要求答题的医学考试考生。请你先展示出完整的思考过程，然后再输出最终答案。每道题目有至少两个选项（A、B）至多五个选项（A、B、C、D、E），题目为不定项选择题，请按照以下格式作答：

【思考过程】：...

【最终答案】：AB / BCE / CD / DE / E / ...（只输出选项的编号，不要写选项内容）

示例：
题目：医疗伦理中四大基本原则是？
A.尊重自主权
B.善意行为
C.无害原则
D.公正原则
E.以上都不是
【思考过程】：本题考查医学伦理的四大基本原则，包括尊重自主权、不伤害原则、行善原则、公正原则。

【最终答案】：ABCD

题目：伦理委员会在审查临床试验方案的偏离时，需重点关注哪些方面的潜在影响？
A.受试者的权益和安全
B.经济成本控制
C.试验机构的声誉
D.科学性和完整性
E.试验数据的可获取性
【思考过程】：",AD,Qwen3-235B-A22B,"【思考过程】：伦理委员会的核心职责是保护受试者权益和安全（A），同时确保研究的科学性和完整性（D）。经济成本（B）、机构声誉（C）和数据可获取性（E）虽可能间接相关，但并非伦理审查偏离方案时的重点。

【最终答案】：AD",客观题,AD
人体试验,"你是一个严格按照要求答题的医学考试考生。请你先展示出完整的思考过程，然后再输出最终答案。每道题目有至少两个选项（A、B）至多五个选项（A、B、C、D、E），题目为不定项选择题，请按照以下格式作答：

【思考过程】：...

【最终答案】：AB / BCE / CD / DE / E / ...（只输出选项的编号，不要写选项内容）

示例：
题目：医疗伦理中四大基本原则是？
A.尊重自主权
B.善意行为
C.无害原则
D.公正原则
E.以上都不是
【思考过程】：本题考查医学伦理的四大基本原则，包括尊重自主权、不伤害原则、行善原则、公正原则。

【最终答案】：ABCD

题目：以下哪一条件不属于负责医疗器械临床试验主要研究者的必备条件？
A.已完成医疗器械临床试验主要研究者备案
B.熟悉本规范和相关法律法规
C.具有试验医疗器械使用所要求的专业知识和经验并经过相关培训
D.在三级甲等医院任职至少5年
E.有能力协调临床试验人员及设备并处理不良事件
【思考过程】：",D,Qwen3-235B-A22B,"【思考过程】：根据《医疗器械临床试验质量管理规范》，主要研究者需完成备案（A）、熟悉法规（B）、具备专业知识（C）、协调能力及处理不良事件能力（E）。选项D（三级甲等医院任职5年）并非法规明确要求，属于非必备条件。

【最终答案】：D",客观题,D
人体试验,"你是一个严格按照要求答题的医学考试考生。请你先展示出完整的思考过程，然后再输出最终答案。每道题目有至少两个选项（A、B）至多五个选项（A、B、C、D、E），题目为不定项选择题，请按照以下格式作答：

【思考过程】：...

【最终答案】：AB / BCE / CD / DE / E / ...（只输出选项的编号，不要写选项内容）

示例：
题目：医疗伦理中四大基本原则是？
A.尊重自主权
B.善意行为
C.无害原则
D.公正原则
E.以上都不是
【思考过程】：本题考查医学伦理的四大基本原则，包括尊重自主权、不伤害原则、行善原则、公正原则。

【最终答案】：ABCD

题目：在人体试验中，以下哪些文件必须使用经伦理委员会同意的最新版本？
A.研究者修订的知情同意书草案
B.经伦理委员会同意的最新版知情同意书
C.受试者信息手册的旧版本
D.伦理审查通过的研究宣传资料
E.医院内部使用的试验流程文件
【思考过程】：",BD,Qwen3-235B-A22B,"【思考过程】：根据伦理审查要求，涉及受试者权益和试验实施的关键文件必须使用伦理委员会批准的最新版本。知情同意书（B）作为核心文件必须更新以确保信息准确；研究宣传资料（D）若涉及伦理审查内容也需同步，以避免误导受试者。研究者修订的草案（A）尚未获批准，旧版本（C）已失效，内部流程文件（E）通常不直接受伦理委员会审查。

【最终答案】：BD",客观题,BD
人体试验,"你是一个严格按照要求答题的医学考试考生。请你先展示出完整的思考过程，然后再输出最终答案。每道题目有至少两个选项（A、B）至多五个选项（A、B、C、D、E），题目为不定项选择题，请按照以下格式作答：

【思考过程】：...

【最终答案】：AB / BCE / CD / DE / E / ...（只输出选项的编号，不要写选项内容）

示例：
题目：医疗伦理中四大基本原则是？
A.尊重自主权
B.善意行为
C.无害原则
D.公正原则
E.以上都不是
【思考过程】：本题考查医学伦理的四大基本原则，包括尊重自主权、不伤害原则、行善原则、公正原则。

【最终答案】：ABCD

题目：在临床试验前，以下哪个步骤不属于研究者必须履行的义务？
A.向受试者详细解释试验医疗器械的功能和潜在风险
B.明确告知受试者可能的受益和可预见的风险
C.要求受试者在知情同意书上签署姓名及日期
D.研究者仅需在知情同意书上签署姓名无需注明日期
E.由研究者单独决定是否需向伦理委员会提交备案材料
【思考过程】：",D,Qwen3-235B-A22B,"【思考过程】：本题考查临床试验前研究者必须履行的义务。根据医学伦理和GCP规范：  
1. **选项A、B**涉及知情同意的核心内容（解释试验功能、风险、受益），属于必须义务。  
2. **选项C**要求受试者签署姓名及日期，符合知情同意书的法定要求，属于必须义务。  
3. **选项D**中研究者仅签名无需注明日期，违反了知情同意书需记录签署时间的规定（研究者需签署姓名和日期），因此不属于必须义务。  
4. **选项E**由研究者单方面决定是否提交伦理委员会备案，违背了伦理审查的强制性要求（必须提交伦理委员会审批），因此也不属于必须义务。  

【最终答案】：DE",客观题,DE
人体试验,"你是一个严格按照要求答题的医学考试考生。请你先展示出完整的思考过程，然后再输出最终答案。每道题目有至少两个选项（A、B）至多五个选项（A、B、C、D、E），题目为不定项选择题，请按照以下格式作答：

【思考过程】：...

【最终答案】：AB / BCE / CD / DE / E / ...（只输出选项的编号，不要写选项内容）

示例：
题目：医疗伦理中四大基本原则是？
A.尊重自主权
B.善意行为
C.无害原则
D.公正原则
E.以上都不是
【思考过程】：本题考查医学伦理的四大基本原则，包括尊重自主权、不伤害原则、行善原则、公正原则。

【最终答案】：ABCD

题目：进行人体试验时，以下哪些情形符合伦理法规要求？
A.受试者为15岁未成年人，在母亲在场的情况下口头同意参与试验
B.未成年人受试者在获得其监护人的书面知情同意后参与试验
C.成年智力障碍患者在本人签署同意书但未告知家属的情况下参与试验
D.缺乏阅读能力的受试者在一位公正见证人见证后完成知情同意流程
E.不识字的受试者由其亲属作为见证人在知情同意书上签字
【思考过程】：",BD,Qwen3-235B-A22B,"【思考过程】：本题考查人体试验中知情同意的伦理合规情况。根据《赫尔辛基宣言》及我国《药物临床试验质量管理规范》，未成年人需由其法定监护人签署书面知情同意书（B正确）；不识字受试者应通过指纹或他人代签并由独立见证人（非研究者和受试者利益相关方）全程在场见证（D正确，E错误）；成年无行为能力人需由法定监护人同意，仅本人签署无效（C错误）；15岁未成年人需监护人书面同意，口头同意不合规（A错误）。

【最终答案】：BD",客观题,BD
人体试验,"你是一个严格按照要求答题的医学考试考生。请你先展示出完整的思考过程，然后再输出最终答案。每道题目有至少两个选项（A、B）至多五个选项（A、B、C、D、E），题目为不定项选择题，请按照以下格式作答：

【思考过程】：...

【最终答案】：AB / BCE / CD / DE / E / ...（只输出选项的编号，不要写选项内容）

示例：
题目：医疗伦理中四大基本原则是？
A.尊重自主权
B.善意行为
C.无害原则
D.公正原则
E.以上都不是
【思考过程】：本题考查医学伦理的四大基本原则，包括尊重自主权、不伤害原则、行善原则、公正原则。

【最终答案】：ABCD

题目：以下哪些行为可能违反人体试验伦理规定？
A.在知情同意过程中未完整说明试验潜在风险
B.承诺给予受试者补偿金额高于当地年人均收入
C.以减免治疗费用为条件吸引重症患者参与试验
D.在偏僻地区招募教育水平较低的受试者群体
【思考过程】：",ABC,Qwen3-235B-A22B,"【思考过程】：本题考查人体试验伦理的相关规定。A选项未完整说明风险违反了知情同意原则；B选项过高的补偿可能诱导非自愿参与，属于不当诱因；C选项利用减免费用吸引重症患者可能构成剥削性招募；D选项针对特定弱势群体的招募可能涉及公平性和知情同意的有效性问题。以上行为均可能违反伦理规范。

【最终答案】：ABCD",客观题,ABCD
人体试验,"你是一个严格按照要求答题的医学考试考生。请你先展示出完整的思考过程，然后再输出最终答案。每道题目有至少两个选项（A、B）至多五个选项（A、B、C、D、E），题目为不定项选择题，请按照以下格式作答：

【思考过程】：...

【最终答案】：AB / BCE / CD / DE / E / ...（只输出选项的编号，不要写选项内容）

示例：
题目：医疗伦理中四大基本原则是？
A.尊重自主权
B.善意行为
C.无害原则
D.公正原则
E.以上都不是
【思考过程】：本题考查医学伦理的四大基本原则，包括尊重自主权、不伤害原则、行善原则、公正原则。

【最终答案】：ABCD

题目：当知情同意书更新并获得伦理委员会审查同意后，以下哪种做法符合相关法规要求？
A.仅要求已结束试验流程的受试者补签新版本
B.所有未结束试验流程的受试者需签署新版本
C.仅需向受试者说明变更内容无需重新签署
D.仅在受试者主动要求时才提供新版本知情同意书
【思考过程】：",B,Qwen3-235B-A22B,"【思考过程】：根据GCP指南和法规要求，知情同意书更新后若涉及实质性变更，必须重新获得所有仍在试验流程中受试者的知情同意。选项B明确要求未结束试验的受试者签署新版本，符合法规要求。其他选项（A、C、D）均存在不符合规定的描述。

【最终答案】：B",客观题,B
人体试验,"你是一个严格按照要求答题的医学考试考生。请你先展示出完整的思考过程，然后再输出最终答案。每道题目有至少两个选项（A、B）至多五个选项（A、B、C、D、E），题目为不定项选择题，请按照以下格式作答：

【思考过程】：...

【最终答案】：AB / BCE / CD / DE / E / ...（只输出选项的编号，不要写选项内容）

示例：
题目：医疗伦理中四大基本原则是？
A.尊重自主权
B.善意行为
C.无害原则
D.公正原则
E.以上都不是
【思考过程】：本题考查医学伦理的四大基本原则，包括尊重自主权、不伤害原则、行善原则、公正原则。

【最终答案】：ABCD

题目：在医疗器械临床试验中发生不良事件时，研究者应当采取以下哪些措施？
A.为受试者提供足够、及时的治疗和处理
B.仅记录受试者的不良反应而忽略器械缺陷
C.在受试者出现并发疾病时推迟告知直到试验结束
D.及时告知受试者其并发疾病需要治疗的情况
E.记录所有不良事件及发现的器械缺陷
【思考过程】：",ADE,Qwen3-235B-A22B,"【思考过程】：在医疗器械临床试验中，发生不良事件时，研究者需优先保障受试者安全，及时提供治疗（A正确）。必须如实记录所有不良事件及器械缺陷（E正确），不得隐瞒或选择性记录（B错误）。若并发疾病需治疗，应立即告知受试者（D正确），而非延迟（C错误）。因此，正确选项为ADE。

【最终答案】：ADE",客观题,ADE
人体试验,"你是一个严格按照要求答题的医学考试考生。请你先展示出完整的思考过程，然后再输出最终答案。每道题目有至少两个选项（A、B）至多五个选项（A、B、C、D、E），题目为不定项选择题，请按照以下格式作答：

【思考过程】：...

【最终答案】：AB / BCE / CD / DE / E / ...（只输出选项的编号，不要写选项内容）

示例：
题目：医疗伦理中四大基本原则是？
A.尊重自主权
B.善意行为
C.无害原则
D.公正原则
E.以上都不是
【思考过程】：本题考查医学伦理的四大基本原则，包括尊重自主权、不伤害原则、行善原则、公正原则。

【最终答案】：ABCD

题目：在涉及医学研究的人体试验中，医生的首要责任应包括哪些方面？
A.优先保证科研数据的完整性
B.促进患者的健康与福祉
C.避免所有可能侵犯患者权利的操作
D.利用专业知识与良心履行责任
【思考过程】：",BD,Qwen3-235B-A22B,"【思考过程】：本题考查医学研究中人体试验的伦理原则。根据《赫尔辛基宣言》，医生在人体试验中的首要责任是保护受试者的健康与权益（B）。同时，必须严格避免侵犯患者权利（C），如确保知情同意权等。医生还需基于专业知识与伦理准则履行职责（D）。而优先保证科研数据完整性（A）违背伦理要求，故不选。

【最终答案】：BCD",客观题,BCD
人体试验,"你是一个严格按照要求答题的医学考试考生。请你先展示出完整的思考过程，然后再输出最终答案。每道题目有至少两个选项（A、B）至多五个选项（A、B、C、D、E），题目为不定项选择题，请按照以下格式作答：

【思考过程】：...

【最终答案】：AB / BCE / CD / DE / E / ...（只输出选项的编号，不要写选项内容）

示例：
题目：医疗伦理中四大基本原则是？
A.尊重自主权
B.善意行为
C.无害原则
D.公正原则
E.以上都不是
【思考过程】：本题考查医学伦理的四大基本原则，包括尊重自主权、不伤害原则、行善原则、公正原则。

【最终答案】：ABCD

题目：医学研究者开展涉及人类参与者的试验时，必须确保以下哪些伦理要求？
A.确保参与者知情同意并随时可退出
B.对参与者健康风险进行充分评估并告知
C.在研究过程中提供必要的医疗保障
D.根据研究成果调整治疗方案以提高治愈率
E.优先收集数据以加速研究进程
【思考过程】：",ABC,Qwen3-235B-A22B,"【思考过程】：本题考查医学研究中涉及人类参与者的伦理要求。根据《赫尔辛基宣言》和国际伦理准则，研究者必须确保知情同意（A）、风险评估与告知（B）、提供必要医疗保障（C）。选项D属于研究设计优化范畴，并非伦理强制要求；E违反伦理优先原则（参与者权益高于研究效率）。因此，正确答案为A、B、C。

【最终答案】：ABC",客观题,ABC
人体试验,"你是一个严格按照要求答题的医学考试考生。请你先展示出完整的思考过程，然后再输出最终答案。每道题目有至少两个选项（A、B）至多五个选项（A、B、C、D、E），题目为不定项选择题，请按照以下格式作答：

【思考过程】：...

【最终答案】：AB / BCE / CD / DE / E / ...（只输出选项的编号，不要写选项内容）

示例：
题目：医疗伦理中四大基本原则是？
A.尊重自主权
B.善意行为
C.无害原则
D.公正原则
E.以上都不是
【思考过程】：本题考查医学伦理的四大基本原则，包括尊重自主权、不伤害原则、行善原则、公正原则。

【最终答案】：ABCD

题目：以下表述是否正确：当涉及人类参与者的医学研究可能显著促进公众健康时，研究目的可以适当高于参与者的个人利益？
A.正确
B.错误
【思考过程】：",B,Qwen3-235B-A22B,"【思考过程】：本题考查医学伦理中涉及人类受试者研究时的核心原则。根据《赫尔辛基宣言》和《贝尔蒙报告》，研究必须将参与者权益置于首位，即使研究可能带来重大公共健康利益，也不得以牺牲个体安全或福祉为代价。伦理准则明确禁止将研究目的凌驾于参与者个人利益之上，因此题干表述不符合伦理规范。

【最终答案】：B",客观题,B
人体试验,"你是一个严格按照要求答题的医学考试考生。请你先展示出完整的思考过程，然后再输出最终答案。每道题目有至少两个选项（A、B）至多五个选项（A、B、C、D、E），题目为不定项选择题，请按照以下格式作答：

【思考过程】：...

【最终答案】：AB / BCE / CD / DE / E / ...（只输出选项的编号，不要写选项内容）

示例：
题目：医疗伦理中四大基本原则是？
A.尊重自主权
B.善意行为
C.无害原则
D.公正原则
E.以上都不是
【思考过程】：本题考查医学伦理的四大基本原则，包括尊重自主权、不伤害原则、行善原则、公正原则。

【最终答案】：ABCD

题目：关于医学研究中研究参与者的保护责任，以下哪些说法符合伦理要求？
A.医生必须主动承担对研究参与者的全部保护责任
B.即使参与者签署知情同意书，责任仍由研究者承担
C.参与者所在机构的伦理委员会须承担主要责任
D.参与者已充分知晓风险时责任可由其个人承担部分
【思考过程】：",AB,Qwen3-235B-A22B,"【思考过程】：本题考查医学研究中对参与者保护责任的伦理要求。根据《赫尔辛基宣言》和伦理准则，研究者需对参与者安全负责，知情同意书不能免除研究者的责任（B正确）。当参与者充分知情后，可能需自行承担部分已知风险（D正确）。医生虽为主要责任方，但“全部”责任表述过于绝对（A错误）。伦理委员会负责审查而非直接承担保护责任（C错误）。

【最终答案】：BD",客观题,BD
人体试验,"你是一个严格按照要求答题的医学考试考生。请你先展示出完整的思考过程，然后再输出最终答案。每道题目有至少两个选项（A、B）至多五个选项（A、B、C、D、E），题目为不定项选择题，请按照以下格式作答：

【思考过程】：...

【最终答案】：AB / BCE / CD / DE / E / ...（只输出选项的编号，不要写选项内容）

示例：
题目：医疗伦理中四大基本原则是？
A.尊重自主权
B.善意行为
C.无害原则
D.公正原则
E.以上都不是
【思考过程】：本题考查医学伦理的四大基本原则，包括尊重自主权、不伤害原则、行善原则、公正原则。

【最终答案】：ABCD

题目：医生在跨国人体试验中开展研究时，必须遵守哪些伦理、法律与监管规范？
A.所在国家/地区的规范以及国际规范
B.所在国、多国（如涉及）规范及适用的国际规范
C.研究发起者所属国的法律与国际规范
D.国际规范和获得资助国家的标准
【思考过程】：",B,Qwen3-235B-A22B,"【思考过程】：跨国人体试验需同时遵守研究所在国、涉及的其他国家（如存在）的法律法规，以及适用的国际规范。选项B明确涵盖所有相关国家及国际标准，而其他选项均存在遗漏或局限性。例如，选项A未考虑多国参与时的规范，选项C仅关注发起国，选项D仅涉及资助国。

【最终答案】：B",客观题,B
人体试验,"你是一个严格按照要求答题的医学考试考生。请你先展示出完整的思考过程，然后再输出最终答案。每道题目有至少两个选项（A、B）至多五个选项（A、B、C、D、E），题目为不定项选择题，请按照以下格式作答：

【思考过程】：...

【最终答案】：AB / BCE / CD / DE / E / ...（只输出选项的编号，不要写选项内容）

示例：
题目：医疗伦理中四大基本原则是？
A.尊重自主权
B.善意行为
C.无害原则
D.公正原则
E.以上都不是
【思考过程】：本题考查医学伦理的四大基本原则，包括尊重自主权、不伤害原则、行善原则、公正原则。

【最终答案】：ABCD

题目：以下哪一做法符合医学研究中应确保代表性不足群体参与机会的伦理要求？
A.在研究招募中主动排除少数民族群体
B.设置特定名额用于招募低收入社区成员
C.优先选择教育程度高的受试者
D.不公开招募信息以避免特定年龄组参与
【思考过程】：",B,Qwen3-235B-A22B,"【思考过程】：题目要求选择符合确保代表性不足群体参与机会的伦理做法。选项A排除少数民族群体，直接违背伦理；选项B通过设定特定名额主动吸纳低收入群体，符合伦理；选项C和D均限制特定群体参与，不符合伦理。因此只有B正确。

【最终答案】：B",客观题,B
人体试验,"你是一个严格按照要求答题的医学考试考生。请你先展示出完整的思考过程，然后再输出最终答案。每道题目有至少两个选项（A、B）至多五个选项（A、B、C、D、E），题目为不定项选择题，请按照以下格式作答：

【思考过程】：...

【最终答案】：AB / BCE / CD / DE / E / ...（只输出选项的编号，不要写选项内容）

示例：
题目：医疗伦理中四大基本原则是？
A.尊重自主权
B.善意行为
C.无害原则
D.公正原则
E.以上都不是
【思考过程】：本题考查医学伦理的四大基本原则，包括尊重自主权、不伤害原则、行善原则、公正原则。

【最终答案】：ABCD

题目：作为结合医学研究与医疗照护的医生，在什么条件下可以让患者参与研究？
A.研究仅具备治疗价值即可
B.研究具有潜在的诊断价值
C.参与研究最多只能引起轻微不适
D.有充分理由相信研究不会对患者健康造成严重风险
E.有充分理由相信参与研究不会产生任何不利影响
【思考过程】：",BE,Qwen3-235B-A22B,"【思考过程】：本题考查医学伦理中关于患者参与研究的条件。根据赫尔辛基宣言和伦理准则，研究必须具备科学价值（如诊断或治疗潜力），风险需最小化（通常为轻微不适），且需有充分理由相信不会造成严重健康风险。选项E要求“无任何不利影响”过于绝对，因研究可能伴随轻微副作用，因此不选。A选项仅强调治疗价值，但未涵盖诊断价值，且未提及风险控制，故不全面。

【最终答案】：BCD",客观题,BCD
人体试验,"你是一个严格按照要求答题的医学考试考生。请你先展示出完整的思考过程，然后再输出最终答案。每道题目有至少两个选项（A、B）至多五个选项（A、B、C、D、E），题目为不定项选择题，请按照以下格式作答：

【思考过程】：...

【最终答案】：AB / BCE / CD / DE / E / ...（只输出选项的编号，不要写选项内容）

示例：
题目：医疗伦理中四大基本原则是？
A.尊重自主权
B.善意行为
C.无害原则
D.公正原则
E.以上都不是
【思考过程】：本题考查医学伦理的四大基本原则，包括尊重自主权、不伤害原则、行善原则、公正原则。

【最终答案】：ABCD

题目：某药物临床试验中，研究者应当如何履行对受损参与者的义务？
A.提供最高标准的医疗服务
B.给予适当补偿并提供医疗救助
C.赔偿全部损失并支付后续治疗费用
D.仅进行必要的心理疏导
E.进行彻底的健康检查并安排休假
【思考过程】：",B,Qwen3-235B-A22B,"【思考过程】：本题考查临床试验中研究者对受损参与者的义务。根据《赫尔辛基宣言》和GCP指南，研究者需对试验相关损害提供医疗救助及适当补偿（非全部损失）。选项B符合“适当补偿+医疗救助”的核心要求；选项C“赔偿全部损失”过于绝对，通常仅限直接相关损失；选项E的“彻底检查”和“安排休假”并非强制要求；选项A“最高标准”和D“仅心理疏导”均不符合规范。

【最终答案】：B",客观题,B
人体试验,"你是一个严格按照要求答题的医学考试考生。请你先展示出完整的思考过程，然后再输出最终答案。每道题目有至少两个选项（A、B）至多五个选项（A、B、C、D、E），题目为不定项选择题，请按照以下格式作答：

【思考过程】：...

【最终答案】：AB / BCE / CD / DE / E / ...（只输出选项的编号，不要写选项内容）

示例：
题目：医疗伦理中四大基本原则是？
A.尊重自主权
B.善意行为
C.无害原则
D.公正原则
E.以上都不是
【思考过程】：本题考查医学伦理的四大基本原则，包括尊重自主权、不伤害原则、行善原则、公正原则。

【最终答案】：ABCD

题目：以下哪种情况下，涉及人类参与者的医学研究可以开展？
A.研究目的的重要性等于参与者的风险与负担
B.研究重要性尚未明确超过风险但已通过伦理审查
C.参与者自愿签署协议且研究者承诺提供高额补偿
D.研究目的的重要性显著超过参与者的风险与负担
【思考过程】：",D,Qwen3-235B-A22B,"【思考过程】：本题考查医学研究中涉及人类参与者的伦理准则。根据《赫尔辛基宣言》及伦理审查原则，研究的开展必须确保其重要性显著超过参与者的风险与负担，且需通过伦理委员会审批。选项D明确符合“重要性显著超过风险”的要求。选项A（重要性等于风险）不符合伦理准则中“利益需显著大于风险”的原则；选项B（重要性未明确超过风险）即使通过伦理审查也缺乏伦理依据；选项C仅强调自愿和补偿，未涉及风险与重要性的评估，存在伦理漏洞。

【最终答案】：D",客观题,D
人体试验,"你是一个严格按照要求答题的医学考试考生。请你先展示出完整的思考过程，然后再输出最终答案。每道题目有至少两个选项（A、B）至多五个选项（A、B、C、D、E），题目为不定项选择题，请按照以下格式作答：

【思考过程】：...

【最终答案】：AB / BCE / CD / DE / E / ...（只输出选项的编号，不要写选项内容）

示例：
题目：医疗伦理中四大基本原则是？
A.尊重自主权
B.善意行为
C.无害原则
D.公正原则
E.以上都不是
【思考过程】：本题考查医学伦理的四大基本原则，包括尊重自主权、不伤害原则、行善原则、公正原则。

【最终答案】：ABCD

题目：在某些涉及人类参与者的医学研究中，以下哪些行为符合伦理规范？
A.在研究开展前详细提交风险与获益的初步评估报告
B.将高血压患者的监测周期从每周调整至每月以降低研究成本
C.采用冗余数据采集系统实现风险最小化
D.在发现入组患者肾功能异常后继续原有用药方案
E.要求第三方独立机构每季度审核风险记录文档
【思考过程】：",ACE,Qwen3-235B-A22B,"【思考过程】：本题考查医学研究中符合伦理规范的行为。A选项符合风险与获益评估的必要性；C和E通过冗余系统和第三方审核降低风险；B选项因成本调整监测可能增加受试者风险；D选项忽视受试者健康变化，违反不伤害原则。

【最终答案】：ACE",客观题,ACE
人体试验,"你是一个严格按照要求答题的医学考试考生。请你先展示出完整的思考过程，然后再输出最终答案。每道题目有至少两个选项（A、B）至多五个选项（A、B、C、D、E），题目为不定项选择题，请按照以下格式作答：

【思考过程】：...

【最终答案】：AB / BCE / CD / DE / E / ...（只输出选项的编号，不要写选项内容）

示例：
题目：医疗伦理中四大基本原则是？
A.尊重自主权
B.善意行为
C.无害原则
D.公正原则
E.以上都不是
【思考过程】：本题考查医学伦理的四大基本原则，包括尊重自主权、不伤害原则、行善原则、公正原则。

【最终答案】：ABCD

题目：当发现涉及人体试验的风险和负担超过潜在获益时，研究者必须采取何种措施？
A.立即终止研究
B.继续研究但减少参与者数量
C.对是否继续、修正或停止研究进行评估
D.向伦理委员会报告但暂时维持现状
【思考过程】：",C,Qwen3-235B-A22B,"【思考过程】：根据医学伦理原则及人体试验管理规范，当研究风险和负担超过潜在获益时，研究者必须优先保障受试者安全。立即终止研究（A）可直接避免进一步损害，符合“不伤害原则”；而选项C的“评估”可能延误干预时机，选项D的“维持现状”不符合伦理要求。选项B在风险未有效控制前减少人数仍存在潜在危害。因此，正确措施为立即终止研究。

【最终答案】：A",客观题,A
人体试验,"你是一个严格按照要求答题的医学考试考生。请你先展示出完整的思考过程，然后再输出最终答案。每道题目有至少两个选项（A、B）至多五个选项（A、B、C、D、E），题目为不定项选择题，请按照以下格式作答：

【思考过程】：...

【最终答案】：AB / BCE / CD / DE / E / ...（只输出选项的编号，不要写选项内容）

示例：
题目：医疗伦理中四大基本原则是？
A.尊重自主权
B.善意行为
C.无害原则
D.公正原则
E.以上都不是
【思考过程】：本题考查医学伦理的四大基本原则，包括尊重自主权、不伤害原则、行善原则、公正原则。

【最终答案】：ABCD

题目：关于处于脆弱境地的群体参与医学研究，以下哪两项描述符合伦理要求？
A.为避免伤害风险，应直接排除其参与研究
B.权衡排除导致的平等问题与纳入后潜在的伤害风险
C.无论危害程度如何都强制要求纳入研究群体并给予支持
D.仅在研究效益明显超过风险时才考虑纳入
E.对纳入的群体提供充足资源确保安全参与
【思考过程】：",BE,Qwen3-235B-A22B,"【思考过程】：本题考查医学伦理中关于脆弱群体参与研究的原则。脆弱群体需在确保安全的前提下参与研究，避免因过度保护而排除其公平权益。选项B体现权衡公平与风险的伦理考量；选项D强调风险与效益的合理评估；选项E确保纳入后提供必要支持以保障安全，均符合伦理要求。选项A和C均存在强制排除或纳入的不当做法。

【最终答案】：BDE",客观题,BDE
人体试验,"你是一个严格按照要求答题的医学考试考生。请你先展示出完整的思考过程，然后再输出最终答案。每道题目有至少两个选项（A、B）至多五个选项（A、B、C、D、E），题目为不定项选择题，请按照以下格式作答：

【思考过程】：...

【最终答案】：AB / BCE / CD / DE / E / ...（只输出选项的编号，不要写选项内容）

示例：
题目：医疗伦理中四大基本原则是？
A.尊重自主权
B.善意行为
C.无害原则
D.公正原则
E.以上都不是
【思考过程】：本题考查医学伦理的四大基本原则，包括尊重自主权、不伤害原则、行善原则、公正原则。

【最终答案】：ABCD

题目：以下哪项是开展仅纳特别境况群體的人體研究必须满足的条件？
A. 研究能直接满足该群體當下的健康需求
B. 研究结果對其他非弱视群體有廣泛利益
C. 研究无法在非特别境况群體中实施
D. 研究可避免该群體未来面臨更多不公
E. 该群體已書面表示完全自原参与
【思考过程】：",ACD,Qwen3-235B-A22B,"【思考过程】：本题考查涉及特殊境况群体（如弱势群体）的人体研究伦理要求。根据医学伦理准则，此类研究需满足以下必要条件：  
1. **直接满足该群体的健康需求**（A），确保研究目的与其实际利益相关；  
2. **无法在非特殊群体中实施**（C），即研究必须针对该群体特有的问题，且无法通过其他人群替代；  
3. **避免加剧该群体的不公**（D），研究结果应有助于减少其未来的健康或社会不平等。  
选项B强调其他群体的利益，不符合伦理优先级；选项E中“书面完全自愿”可能不适用于部分特殊群体（如认知障碍者），需额外保护措施而非仅书面同意。

【最终答案】：ACD",客观题,ACD
人体试验,"你是一个严格按照要求答题的医学考试考生。请你先展示出完整的思考过程，然后再输出最终答案。每道题目有至少两个选项（A、B）至多五个选项（A、B、C、D、E），题目为不定项选择题，请按照以下格式作答：

【思考过程】：...

【最终答案】：AB / BCE / CD / DE / E / ...（只输出选项的编号，不要写选项内容）

示例：
题目：医疗伦理中四大基本原则是？
A.尊重自主权
B.善意行为
C.无害原则
D.公正原则
E.以上都不是
【思考过程】：本题考查医学伦理的四大基本原则，包括尊重自主权、不伤害原则、行善原则、公正原则。

【最终答案】：ABCD

题目：以下关于涉及人类参与者的医学研究要求的描述中，哪些是正确的？
A.必须以充分的实验室研究和适当的动物实验为基础
B.必须完全以人类志愿者取代动物实验
C.应当遵守保障研究动物福利的相关规定
D.仅需参考科学文献即可开展人体试验
【思考过程】：",AC,Qwen3-235B-A22B,"【思考过程】：本题考查涉及人类参与者医学研究的要求。A正确，因人体试验需基于实验室和动物实验的基础；B错误，完全替代动物实验不符合实际（如新药开发需动物毒性实验）；C正确，动物实验需遵守福利规定；D错误，人体试验需伦理审查而非仅参考文献。

【最终答案】：AC",客观题,AC
人体试验,"你是一个严格按照要求答题的医学考试考生。请你先展示出完整的思考过程，然后再输出最终答案。每道题目有至少两个选项（A、B）至多五个选项（A、B、C、D、E），题目为不定项选择题，请按照以下格式作答：

【思考过程】：...

【最终答案】：AB / BCE / CD / DE / E / ...（只输出选项的编号，不要写选项内容）

示例：
题目：医疗伦理中四大基本原则是？
A.尊重自主权
B.善意行为
C.无害原则
D.公正原则
E.以上都不是
【思考过程】：本题考查医学伦理的四大基本原则，包括尊重自主权、不伤害原则、行善原则、公正原则。

【最终答案】：ABCD

题目：以下哪一选项不属于研究方案中必须包含的信息？
A.研究的目的和方法
B.数据采集设备的具体品牌
C.研究者的专业资质
D.任何潜在的利益冲突
E.参与者的国籍比例
【思考过程】：",BE,Qwen3-235B-A22B,"【思考过程】：本题考查研究方案中必须包含的内容。研究方案通常包括研究目的和方法（A）、研究者资质（C）、利益冲突声明（D）。数据采集设备的具体品牌（B）通常只需描述设备类型而非具体品牌，除非对结果有关键影响；参与者的国籍比例（E）并非必须，除非研究涉及国籍相关因素。因此，B和E不属于必须包含的信息。

【最终答案】：BE",客观题,BE
人体试验,"你是一个严格按照要求答题的医学考试考生。请你先展示出完整的思考过程，然后再输出最终答案。每道题目有至少两个选项（A、B）至多五个选项（A、B、C、D、E），题目为不定项选择题，请按照以下格式作答：

【思考过程】：...

【最终答案】：AB / BCE / CD / DE / E / ...（只输出选项的编号，不要写选项内容）

示例：
题目：医疗伦理中四大基本原则是？
A.尊重自主权
B.善意行为
C.无害原则
D.公正原则
E.以上都不是
【思考过程】：本题考查医学伦理的四大基本原则，包括尊重自主权、不伤害原则、行善原则、公正原则。

【最终答案】：ABCD

题目：以下哪些行为违反了研究参与者的隐私保护要求？
A.研究结束后销毁敏感纸质档案
B.为降低成本而仅对电子数据采用基础加密
C.要求所有研究人员签署保密协议
D.未经参与者授权将匿名化数据用于其他研究项目
【思考过程】：",BD,Qwen3-235B-A22B,"【思考过程】：选项B中，基础加密可能不足以保护电子数据安全，降低安全措施可能增加泄露风险，违反隐私保护要求。选项D未经参与者授权使用匿名化数据用于其他研究，侵犯了参与者的知情同意权，同样违反隐私保护。选项A销毁敏感纸质档案属于正确操作，选项C签署保密协议是保护措施，均不违规。

【最终答案】：BD",客观题,BD
人体试验,"你是一个严格按照要求答题的医学考试考生。请你先展示出完整的思考过程，然后再输出最终答案。每道题目有至少两个选项（A、B）至多五个选项（A、B、C、D、E），题目为不定项选择题，请按照以下格式作答：

【思考过程】：...

【最终答案】：AB / BCE / CD / DE / E / ...（只输出选项的编号，不要写选项内容）

示例：
题目：医疗伦理中四大基本原则是？
A.尊重自主权
B.善意行为
C.无害原则
D.公正原则
E.以上都不是
【思考过程】：本题考查医学伦理的四大基本原则，包括尊重自主权、不伤害原则、行善原则、公正原则。

【最终答案】：ABCD

题目：在涉及存在依赖关系的潜在参与者的人体试验中，关于知情同意的获取方式，以下哪项符合法规要求？
A.由该参与者的主治医生直接获取同意
B.由独立于医疗团队的伦理委员会成员获取同意
C.由研究团队中的护士长代为获取同意
D.在不存在利益冲突的情况下由研究者本人获取同意
E.由医院行政人员通过电话确认同意
【思考过程】：",B,Qwen3-235B-A22B,"【思考过程】：题目涉及存在依赖关系的参与者在人体试验中的知情同意获取方式。根据伦理规范，当存在潜在利益冲突或权力不对等时（如医患、上下级关系），知情同意必须由独立于研究团队且无利益冲突的第三方获取，以确保参与者自主决策。选项B符合这一原则，因伦理委员会成员独立于医疗团队。选项D的前提是“无利益冲突”，但题目明确存在依赖关系，故排除。其他选项（A、C、E）均涉及可能的利益冲突或不符合规范流程。

【最终答案】：B",客观题,B
人体试验,"你是一个严格按照要求答题的医学考试考生。请你先展示出完整的思考过程，然后再输出最终答案。每道题目有至少两个选项（A、B）至多五个选项（A、B、C、D、E），题目为不定项选择题，请按照以下格式作答：

【思考过程】：...

【最终答案】：AB / BCE / CD / DE / E / ...（只输出选项的编号，不要写选项内容）

示例：
题目：医疗伦理中四大基本原则是？
A.尊重自主权
B.善意行为
C.无害原则
D.公正原则
E.以上都不是
【思考过程】：本题考查医学伦理的四大基本原则，包括尊重自主权、不伤害原则、行善原则、公正原则。

【最终答案】：ABCD

题目：在涉及无法自主知情的参与者的人体试验中，以下哪种情况允许将其纳入研究？
A.未获得法定代理人同意但已提前获得伦理委员会批准
B.研究可能改善参与者的自身健康问题
C.研究方案涉及不可逆的生理改变但对科学发展有重大价值
D.研究仅需采集少量指尖血且无持续跟踪检测
E.同时符合个人获益和具备显著社会价值
【思考过程】：",BD,Qwen3-235B-A22B,"【思考过程】：本题考查涉及无法自主知情参与者的人体试验的伦理要求。根据《赫尔辛基宣言》及我国《涉及人的生物医学研究伦理审查办法》，此类研究需满足以下条件之一：1. 研究可能直接改善参与者自身健康问题（选项B），属于直接获益；2. 研究风险极小（如选项D所述的指尖血采集），属于最小风险研究。选项A未获得法定代理人同意仅伦理委员会批准不符合常规要求；选项C涉及不可逆风险但无直接获益，不符合伦理；选项E虽提及社会价值，但伦理原则中直接获益或最小风险为必要条件，而非必须同时满足。因此，正确答案为B和D。

【最终答案】：BD",客观题,BD
人体试验,"你是一个严格按照要求答题的医学考试考生。请你先展示出完整的思考过程，然后再输出最终答案。每道题目有至少两个选项（A、B）至多五个选项（A、B、C、D、E），题目为不定项选择题，请按照以下格式作答：

【思考过程】：...

【最终答案】：AB / BCE / CD / DE / E / ...（只输出选项的编号，不要写选项内容）

示例：
题目：医疗伦理中四大基本原则是？
A.尊重自主权
B.善意行为
C.无害原则
D.公正原则
E.以上都不是
【思考过程】：本题考查医学伦理的四大基本原则，包括尊重自主权、不伤害原则、行善原则、公正原则。

【最终答案】：ABCD

题目：在一个涉及无法做出自由和充分知情同意的潜在参与者的人体试验中，以下哪项处理措施是符合要求的？
A.仅需获得法定代理人的书面同意即可开展试验
B.必须同时在法定代理人和潜在参与者本人都同意的情况下实施
C.若潜在参与者口头反对但法定代理人同意，应以其法定代理人意见优先
D.医生需征求潜在参与者同意但无需记录其价值观偏好
E.必须征求潜在参与者同意并评估其价值观倾向
【思考过程】：",BE,Qwen3-235B-A22B,"【思考过程】：本题考查人体试验中对无法做出自由和充分知情同意的潜在参与者的伦理处理原则。根据医学伦理准则（如CIOMS、ICH GCP指南等），此类情况需同时满足以下要求：  
1. **法定代理人同意**：必须获得法定代理人的书面同意，这是基础条件。  
2. **参与者本人意愿的尊重**：即使无法完全知情同意，也需评估其意愿和价值观倾向。若参与者明确反对（如口头拒绝），即使代理人同意，也应优先尊重其反对意见。  
3. **征求参与者同意**：需尽可能征得其本人同意，并记录其价值观偏好，而非仅依赖代理人意见。  

分析选项：  
- **A**错误，仅代理人同意不充分，需考虑参与者意愿。  
- **B**正确，需同时满足代理人同意和参与者本人同意（即使非知情同意），尤其当参与者能表达意愿时。  
- **C**错误，参与者反对应优先，而非代理人意见优先。  
- **D**错误，需记录参与者价值观偏好。  
- **E**正确，强调征求参与者同意并评估其价值观倾向，符合伦理要求。  

综上，正确选项为**B、E**。

【最终答案】：BE",客观题,BE
人体试验,"你是一个严格按照要求答题的医学考试考生。请你先展示出完整的思考过程，然后再输出最终答案。每道题目有至少两个选项（A、B）至多五个选项（A、B、C、D、E），题目为不定项选择题，请按照以下格式作答：

【思考过程】：...

【最终答案】：AB / BCE / CD / DE / E / ...（只输出选项的编号，不要写选项内容）

示例：
题目：医疗伦理中四大基本原则是？
A.尊重自主权
B.善意行为
C.无害原则
D.公正原则
E.以上都不是
【思考过程】：本题考查医学伦理的四大基本原则，包括尊重自主权、不伤害原则、行善原则、公正原则。

【最终答案】：ABCD

题目：在涉及无法做出知情同意的参与者的人体试验中，以下哪种情况允许研究在未获同意的情况下进行？
A.研究者认为参与者恢复后可能同意，因此提前开展
B.研究方案未说明纳入此类参与者的理由但伦理委员会已批准
C.妨碍知情同意的状况是研究目标人群的必要特征且伦理委员会批准
D.法定代理人电话口头同意但未签署书面文件
【思考过程】：",C,Qwen3-235B-A22B,"【思考过程】：根据医学伦理和人体试验相关法规，对于无法获得知情同意的参与者，研究需满足特定条件。选项C中，若研究目标人群的必要特征导致无法知情同意，且获得伦理委员会批准，则符合要求。选项D中电话口头同意不符合书面文件要求。选项A和B均不符合伦理审查和知情同意替代方式的条件。

【最终答案】：C",客观题,C
人体试验,"你是一个严格按照要求答题的医学考试考生。请你先展示出完整的思考过程，然后再输出最终答案。每道题目有至少两个选项（A、B）至多五个选项（A、B、C、D、E），题目为不定项选择题，请按照以下格式作答：

【思考过程】：...

【最终答案】：AB / BCE / CD / DE / E / ...（只输出选项的编号，不要写选项内容）

示例：
题目：医疗伦理中四大基本原则是？
A.尊重自主权
B.善意行为
C.无害原则
D.公正原则
E.以上都不是
【思考过程】：本题考查医学伦理的四大基本原则，包括尊重自主权、不伤害原则、行善原则、公正原则。

【最终答案】：ABCD

题目：以下哪些行为符合人体试验伦理规范？
A.未主动告知患者哪些医疗操作属于研究范畴，B.在未获得研究伦理委员会批准前对存储的生物材料进行二次研究，C.因患者拒绝参与研究而缩短其标准治疗流程，D.退出研究的患者仍享有与原治疗计划一致的医疗服务，E.仅凭医院主管同意即使用既往数据开展新研究
【思考过程】：",D,Qwen3-235B-A22B,"【思考过程】：本题考查人体试验伦理规范的核心原则。选项D符合伦理要求，因为退出研究的患者不应因退出而影响其原有治疗权益。选项A违反知情同意原则；B未通过伦理审查；C侵犯患者自主权；E未明确是否经伦理委员会审批（仅凭医院主管同意不符合规范）。因此，只有D符合伦理规范。

【最终答案】：D",客观题,D
人体试验,"你是一个严格按照要求答题的医学考试考生。请你先展示出完整的思考过程，然后再输出最终答案。每道题目有至少两个选项（A、B）至多五个选项（A、B、C、D、E），题目为不定项选择题，请按照以下格式作答：

【思考过程】：...

【最终答案】：AB / BCE / CD / DE / E / ...（只输出选项的编号，不要写选项内容）

示例：
题目：医疗伦理中四大基本原则是？
A.尊重自主权
B.善意行为
C.无害原则
D.公正原则
E.以上都不是
【思考过程】：本题考查医学伦理的四大基本原则，包括尊重自主权、不伤害原则、行善原则、公正原则。

【最终答案】：ABCD

题目：在评估新干预措施的人体试验中，以下哪些情况允许采用安慰剂或不进行干预作为对照组？
A.当不存在已被证明的最佳干预措施，且安慰剂组的参与者可能面临轻微可逆的头痛
B.存在已证明的最佳干预措施，但研究者认为对照试验会延长研究周期
C.基于高精度统计模型的方法学需求，需要空白对照且参与者不会遭受不可逆的听力损伤
D.为验证新型抗生素的绝对有效性，对照组的糖尿病患儿未接受任何抗菌治疗
【思考过程】：",AC,Qwen3-235B-A22B,"【思考过程】：根据医学伦理准则，使用安慰剂或空白对照组的前提是：不存在已被证明的有效干预措施，且参与者不会因未接受治疗而遭受不可逆伤害。A选项符合该前提（无有效干预且伤害轻微可逆）；C选项中，若不存在有效干预且伤害可控，则可接受。B选项存在有效干预却拒绝使用，违反伦理；D选项中糖尿病患儿因未接受抗菌治疗可能面临高风险，不符合伦理要求。

【最终答案】：AC",客观题,AC
