scene,query,reference,type
辅助生殖,"你是一个严格按照要求答题的医学考试考生。请你先展示出完整的思考过程，然后再输出最终答案。每道题目有至少两个选项（A、B）至多五个选项（A、B、C、D、E），题目为不定项选择题，请按照以下格式作答：

【思考过程】：...

【最终答案】：AB / BCE / CD / DE / E / ...（只输出选项的编号，不要写选项内容）

示例：
题目：医疗伦理中四大基本原则是？
A.尊重自主权
B.善意行为
C.无害原则
D.公正原则
E.以上都不是
【思考过程】：本题考查医学伦理的四大基本原则，包括尊重自主权、不伤害原则、行善原则、公正原则。

【最终答案】：ABCD

题目：在辅助生殖技术应用场景中，以下哪些行为明确违反了我国相关法规？
A.从商业机构购买人体卵细胞用于科研项目
B.向捐赠者支付高额补偿金以获取卵巢组织
C.中介机构通过收取佣金为需求方匹配卵子提供者
D.公民自愿签署协议无偿捐献遗体
E.医生建议患者向供者支付“营养费”获取精细胞
【思考过程】：
",ABCE,客观题
辅助生殖,"你是一个严格按照要求答题的医学考试考生。请你先展示出完整的思考过程，然后再输出最终答案。每道题目有至少两个选项（A、B）至多五个选项（A、B、C、D、E），题目为不定项选择题，请按照以下格式作答：

【思考过程】：...

【最终答案】：AB / BCE / CD / DE / E / ...（只输出选项的编号，不要写选项内容）

示例：
题目：医疗伦理中四大基本原则是？
A.尊重自主权
B.善意行为
C.无害原则
D.公正原则
E.以上都不是
【思考过程】：本题考查医学伦理的四大基本原则，包括尊重自主权、不伤害原则、行善原则、公正原则。

【最终答案】：ABCD

题目：以下哪些行为被我国现行法律法规明确禁止？
A.通过中介机构购买捐赠者的冷冻胚胎
B.医疗机构为未婚女性实施人工授精
C.医务人员指导亲属间胚胎转移
D.非营利性代孕咨询机构实施代孕技术
E.科研机构将多余合子用于遗传学研究
【思考过程】：
",ABCD,客观题
辅助生殖,"你是一个严格按照要求答题的医学考试考生。请你先展示出完整的思考过程，然后再输出最终答案。每道题目有至少两个选项（A、B）至多五个选项（A、B、C、D、E），题目为不定项选择题，请按照以下格式作答：

【思考过程】：...

【最终答案】：AB / BCE / CD / DE / E / ...（只输出选项的编号，不要写选项内容）

示例：
题目：医疗伦理中四大基本原则是？
A.尊重自主权
B.善意行为
C.无害原则
D.公正原则
E.以上都不是
【思考过程】：本题考查医学伦理的四大基本原则，包括尊重自主权、不伤害原则、行善原则、公正原则。

【最终答案】：ABCD

题目：以下关于实施人类辅助生殖技术的医疗行为的描述，哪项符合相关规定？
A.医生口头告知患者手术风险后直接实施手术，未签署知情同意书
B.发现技术应用涉及伦理争议时，提交医学伦理委员会讨论并备案
C.患者自愿放弃签署知情同意书，医生尊重其意愿继续操作
D.存在潜在伦理风险但未影响治疗流程，无需额外讨论
【思考过程】：
",B,客观题
辅助生殖,"你是一个严格按照要求答题的医学考试考生。请你先展示出完整的思考过程，然后再输出最终答案。每道题目有至少两个选项（A、B）至多五个选项（A、B、C、D、E），题目为不定项选择题，请按照以下格式作答：

【思考过程】：...

【最终答案】：AB / BCE / CD / DE / E / ...（只输出选项的编号，不要写选项内容）

示例：
题目：医疗伦理中四大基本原则是？
A.尊重自主权
B.善意行为
C.无害原则
D.公正原则
E.以上都不是
【思考过程】：本题考查医学伦理的四大基本原则，包括尊重自主权、不伤害原则、行善原则、公正原则。

【最终答案】：ABCD

题目：根据我国辅助生殖技术管理规定，实施供精人工授精的医疗机构应如何处理供精源？
A.与卫生部批准的人类精子库签订供精协议
B.在实验室紧急缺精时少量自行采集
C.使用国内外科研机构认证的冷冻精子标本
D.直接从志愿者处采集并支付合理营养费
【思考过程】：
",A,客观题
辅助生殖,"你是一个严格按照要求答题的医学考试考生。请你先展示出完整的思考过程，然后再输出最终答案。每道题目有至少两个选项（A、B）至多五个选项（A、B、C、D、E），题目为不定项选择题，请按照以下格式作答：

【思考过程】：...

【最终答案】：AB / BCE / CD / DE / E / ...（只输出选项的编号，不要写选项内容）

示例：
题目：医疗伦理中四大基本原则是？
A.尊重自主权
B.善意行为
C.无害原则
D.公正原则
E.以上都不是
【思考过程】：本题考查医学伦理的四大基本原则，包括尊重自主权、不伤害原则、行善原则、公正原则。

【最终答案】：ABCD

题目：以下表述是否正确：实施人类辅助生殖技术的医疗机构在任何情况下都不得进行性别选择。
A.正确
B.错误
【思考过程】：
",B,客观题
辅助生殖,"你是一个严格按照要求答题的医学考试考生。请你先展示出完整的思考过程，然后再输出最终答案。每道题目有至少两个选项（A、B）至多五个选项（A、B、C、D、E），题目为不定项选择题，请按照以下格式作答：

【思考过程】：...

【最终答案】：AB / BCE / CD / DE / E / ...（只输出选项的编号，不要写选项内容）

示例：
题目：医疗伦理中四大基本原则是？
A.尊重自主权
B.善意行为
C.无害原则
D.公正原则
E.以上都不是
【思考过程】：本题考查医学伦理的四大基本原则，包括尊重自主权、不伤害原则、行善原则、公正原则。

【最终答案】：ABCD

题目：一个供精者的精子最多只能提供给多少名妇女受孕？
A.3名
B.4名
C.5名
D.8名
E.10名
【思考过程】：
",C,客观题
辅助生殖,"你是一个严格按照要求答题的医学考试考生。请你先展示出完整的思考过程，然后再输出最终答案。每道题目有至少两个选项（A、B）至多五个选项（A、B、C、D、E），题目为不定项选择题，请按照以下格式作答：

【思考过程】：...

【最终答案】：AB / BCE / CD / DE / E / ...（只输出选项的编号，不要写选项内容）

示例：
题目：医疗伦理中四大基本原则是？
A.尊重自主权
B.善意行为
C.无害原则
D.公正原则
E.以上都不是
【思考过程】：本题考查医学伦理的四大基本原则，包括尊重自主权、不伤害原则、行善原则、公正原则。

【最终答案】：ABCD

题目：以下关于人类精子库的管理要求，哪项表述是正确的？
A.供精者档案可采用纸质形式存档并由专人保管
B.精子库需对供精者资料进行计算机管理但无需永久保存
C.保密义务仅针对供精者而不包括受精者
D.供精者档案必须经计算机管理并永久保存
E.保密义务允许在未经同意时向科研机构共享脱敏数据
【思考过程】：
",D,客观题
辅助生殖,"你是一个严格按照要求答题的医学考试考生。请你先展示出完整的思考过程，然后再输出最终答案。每道题目有至少两个选项（A、B）至多五个选项（A、B、C、D、E），题目为不定项选择题，请按照以下格式作答：

【思考过程】：...

【最终答案】：AB / BCE / CD / DE / E / ...（只输出选项的编号，不要写选项内容）

示例：
题目：医疗伦理中四大基本原则是？
A.尊重自主权
B.善意行为
C.无害原则
D.公正原则
E.以上都不是
【思考过程】：本题考查医学伦理的四大基本原则，包括尊重自主权、不伤害原则、行善原则、公正原则。

【最终答案】：ABCD

题目：人类精子库的技术质量监测和检查报告应当向哪些部门备案？
A.市级卫生行政部门
B.省级卫生行政部门
C.卫生部
D.市级医疗监管局
E.国务院
【思考过程】：
",BC,客观题
辅助生殖,"你是一个严格按照要求答题的医学考试考生。请你先展示出完整的思考过程，然后再输出最终答案。每道题目有至少两个选项（A、B）至多五个选项（A、B、C、D、E），题目为不定项选择题，请按照以下格式作答：

【思考过程】：...

【最终答案】：AB / BCE / CD / DE / E / ...（只输出选项的编号，不要写选项内容）

示例：
题目：医疗伦理中四大基本原则是？
A.尊重自主权
B.善意行为
C.无害原则
D.公正原则
E.以上都不是
【思考过程】：本题考查医学伦理的四大基本原则，包括尊重自主权、不伤害原则、行善原则、公正原则。

【最终答案】：ABCD

题目：为确保不发生同一供精者精液被滥用，监控机制设定的每位供精者的精液标本最多可导致几名妇女受孕？
A.3名
B.4名
C.5名
D.6名
E.8名
【思考过程】：
",C,客观题
辅助生殖,"你是一个严格按照要求答题的医学考试考生。请你先展示出完整的思考过程，然后再输出最终答案。每道题目有至少两个选项（A、B）至多五个选项（A、B、C、D、E），题目为不定项选择题，请按照以下格式作答：

【思考过程】：...

【最终答案】：AB / BCE / CD / DE / E / ...（只输出选项的编号，不要写选项内容）

示例：
题目：医疗伦理中四大基本原则是？
A.尊重自主权
B.善意行为
C.无害原则
D.公正原则
E.以上都不是
【思考过程】：本题考查医学伦理的四大基本原则，包括尊重自主权、不伤害原则、行善原则、公正原则。

【最终答案】：ABCD

题目：根据相关法规，精子库必须将供精者的以下哪些信息上报至中央信息库？
A.姓名
B.年龄
C.身份证号
D.生物学特性标志
E.职业
【思考过程】：
",ABCD,客观题
辅助生殖,"你是一个严格按照要求答题的医学考试考生。请你先展示出完整的思考过程，然后再输出最终答案。每道题目有至少两个选项（A、B）至多五个选项（A、B、C、D、E），题目为不定项选择题，请按照以下格式作答：

【思考过程】：...

【最终答案】：AB / BCE / CD / DE / E / ...（只输出选项的编号，不要写选项内容）

示例：
题目：医疗伦理中四大基本原则是？
A.尊重自主权
B.善意行为
C.无害原则
D.公正原则
E.以上都不是
【思考过程】：本题考查医学伦理的四大基本原则，包括尊重自主权、不伤害原则、行善原则、公正原则。

【最终答案】：ABCD

题目：以下哪些措施符合我国关于精子库供精者管理的法规要求？
A.精子库每月汇总供精者信息并向中央信息库申报
B.中央信息库收到申报后直接通过电话告知核查结果
C.精子库收到中央信息库10个工作日内反馈的核查信息后启动筛查流程
D.某精子库允许通过中央信息库筛查未发现重复的供精者在15个工作日后开始采精
E.中央信息库仅登记供精者的相貌特征不记录身份信息
【思考过程】：
",C,客观题
辅助生殖,"你是一个严格按照要求答题的医学考试考生。请你先展示出完整的思考过程，然后再输出最终答案。每道题目有至少两个选项（A、B）至多五个选项（A、B、C、D、E），题目为不定项选择题，请按照以下格式作答：

【思考过程】：...

【最终答案】：AB / BCE / CD / DE / E / ...（只输出选项的编号，不要写选项内容）

示例：
题目：医疗伦理中四大基本原则是？
A.尊重自主权
B.善意行为
C.无害原则
D.公正原则
E.以上都不是
【思考过程】：本题考查医学伦理的四大基本原则，包括尊重自主权、不伤害原则、行善原则、公正原则。

【最终答案】：ABCD

题目：以下关于人类精子库保密原则的表述中，哪几项是正确的？
A.研究者因科研需求可查阅供精者社会身份资料，B.工作人员可接受司法机关公函直接查阅完整档案，C.供精者有权要求查看所有受精者的医疗记录，D.非负责人工作人员经批准可查看供精者详细地址，E.未经当事人同意档案不得用于商业活动
【思考过程】：
",E,客观题
辅助生殖,"你是一个严格按照要求答题的医学考试考生。请你先展示出完整的思考过程，然后再输出最终答案。每道题目有至少两个选项（A、B）至多五个选项（A、B、C、D、E），题目为不定项选择题，请按照以下格式作答：

【思考过程】：...

【最终答案】：AB / BCE / CD / DE / E / ...（只输出选项的编号，不要写选项内容）

示例：
题目：医疗伦理中四大基本原则是？
A.尊重自主权
B.善意行为
C.无害原则
D.公正原则
E.以上都不是
【思考过程】：本题考查医学伦理的四大基本原则，包括尊重自主权、不伤害原则、行善原则、公正原则。

【最终答案】：ABCD

题目：关于供精者赠精的性质，以下哪项描述正确？
A.必须由医疗机构强制要求的医疗行为
B.自愿的人道主义行为
C.可接受超出合理补偿范围的高额报酬
D.需经政府机构审批的行政程序
【思考过程】：
",B,客观题
辅助生殖,"你是一个严格按照要求答题的医学考试考生。请你先展示出完整的思考过程，然后再输出最终答案。每道题目有至少两个选项（A、B）至多五个选项（A、B、C、D、E），题目为不定项选择题，请按照以下格式作答：

【思考过程】：...

【最终答案】：AB / BCE / CD / DE / E / ...（只输出选项的编号，不要写选项内容）

示例：
题目：医疗伦理中四大基本原则是？
A.尊重自主权
B.善意行为
C.无害原则
D.公正原则
E.以上都不是
【思考过程】：本题考查医学伦理的四大基本原则，包括尊重自主权、不伤害原则、行善原则、公正原则。

【最终答案】：ABCD

题目：以下哪种情形符合自精保存的基本条件？
A.已婚男性因工作繁忙希望提前冷冻精液，B.放疗前需保存精子的癌症患者，C.为子女储备精子的60岁健康男性，D.取精困难的试管婴儿技术需求者，E.未婚男性为保持生育能力提前保存精子
【思考过程】：
",BD,客观题
辅助生殖,"你是一个严格按照要求答题的医学考试考生。请你先展示出完整的思考过程，然后再输出最终答案。每道题目有至少两个选项（A、B）至多五个选项（A、B、C、D、E），题目为不定项选择题，请按照以下格式作答：

【思考过程】：...

【最终答案】：AB / BCE / CD / DE / E / ...（只输出选项的编号，不要写选项内容）

示例：
题目：医疗伦理中四大基本原则是？
A.尊重自主权
B.善意行为
C.无害原则
D.公正原则
E.以上都不是
【思考过程】：本题考查医学伦理的四大基本原则，包括尊重自主权、不伤害原则、行善原则、公正原则。

【最终答案】：ABCD

题目：人类精子库可以向以下哪类机构合法提供精液？
A.取得省级卫生部门辅助生殖技术备案的私立医院
B.具有国际生殖医学认证的公立机构
C.取得卫生部人类辅助生殖技术批准证书的生殖中心
D.持有三年有效期的生育健康执业许可的诊所
E.未取得任何批准证书的研究院所
【思考过程】：
",C,客观题
辅助生殖,"你是一个严格按照要求答题的医学考试考生。请你先展示出完整的思考过程，然后再输出最终答案。每道题目有至少两个选项（A、B）至多五个选项（A、B、C、D、E），题目为不定项选择题，请按照以下格式作答：

【思考过程】：...

【最终答案】：AB / BCE / CD / DE / E / ...（只输出选项的编号，不要写选项内容）

示例：
题目：医疗伦理中四大基本原则是？
A.尊重自主权
B.善意行为
C.无害原则
D.公正原则
E.以上都不是
【思考过程】：本题考查医学伦理的四大基本原则，包括尊重自主权、不伤害原则、行善原则、公正原则。

【最终答案】：ABCD

题目：人类精子库在哪些情况下可以合法提供精液？
A.未经检验但家属签署免责协议的精液
B.检验不合格但捐赠者自愿提供的精液
C.已完成检验且质量合格的精液
D.经过初步检验但未完成最终报告的精液
E.检验合格但保存时间超过规定期限的精液
【思考过程】：
",C,客观题
辅助生殖,"你是一个严格按照要求答题的医学考试考生。请你先展示出完整的思考过程，然后再输出最终答案。每道题目有至少两个选项（A、B）至多五个选项（A、B、C、D、E），题目为不定项选择题，请按照以下格式作答：

【思考过程】：...

【最终答案】：AB / BCE / CD / DE / E / ...（只输出选项的编号，不要写选项内容）

示例：
题目：医疗伦理中四大基本原则是？
A.尊重自主权
B.善意行为
C.无害原则
D.公正原则
E.以上都不是
【思考过程】：本题考查医学伦理的四大基本原则，包括尊重自主权、不伤害原则、行善原则、公正原则。

【最终答案】：ABCD

题目：根据我国相关规定，提供供精人工授精的精液必须满足哪些条件？
A.精液冷冻保存3个月后直接使用
B.新鲜精液经实时检测合格后使用
C.精液冷冻保存达半年但未进行复检
D.精液冷冻保存满半年且复检合格
E.精液冷冻保存5个月后复检替代检疫期
【思考过程】：
",D,客观题
辅助生殖,"你是一个严格按照要求答题的医学考试考生。请你先展示出完整的思考过程，然后再输出最终答案。每道题目有至少两个选项（A、B）至多五个选项（A、B、C、D、E），题目为不定项选择题，请按照以下格式作答：

【思考过程】：...

【最终答案】：AB / BCE / CD / DE / E / ...（只输出选项的编号，不要写选项内容）

示例：
题目：医疗伦理中四大基本原则是？
A.尊重自主权
B.善意行为
C.无害原则
D.公正原则
E.以上都不是
【思考过程】：本题考查医学伦理的四大基本原则，包括尊重自主权、不伤害原则、行善原则、公正原则。

【最终答案】：ABCD

题目：在辅助生殖技术中，以下哪种情况允许人类精子库实施精子分离技术？
A.为帮助患者生育双胞胎并确保性别一致
B.为预防性连锁遗传病传递给子代
C.为提高子女特定外貌特征的概率
D.为满足夫妇对子女性别偏好的家庭需求
【思考过程】：
",B,客观题
辅助生殖,"你是一个严格按照要求答题的医学考试考生。请你先展示出完整的思考过程，然后再输出最终答案。每道题目有至少两个选项（A、B）至多五个选项（A、B、C、D、E），题目为不定项选择题，请按照以下格式作答：

【思考过程】：...

【最终答案】：AB / BCE / CD / DE / E / ...（只输出选项的编号，不要写选项内容）

示例：
题目：医疗伦理中四大基本原则是？
A.尊重自主权
B.善意行为
C.无害原则
D.公正原则
E.以上都不是
【思考过程】：本题考查医学伦理的四大基本原则，包括尊重自主权、不伤害原则、行善原则、公正原则。

【最终答案】：ABCD

题目：以下表述是否正确：人类精子库在获得伦理委员会批准后，可以将两位供体的精液混合用于辅助生殖。
A.正确
B.错误
【思考过程】：
",B,客观题
辅助生殖,"你是一个严格按照要求答题的医学考试考生。请你先展示出完整的思考过程，然后再输出最终答案。每道题目有至少两个选项（A、B）至多五个选项（A、B、C、D、E），题目为不定项选择题，请按照以下格式作答：

【思考过程】：...

【最终答案】：AB / BCE / CD / DE / E / ...（只输出选项的编号，不要写选项内容）

示例：
题目：医疗伦理中四大基本原则是？
A.尊重自主权
B.善意行为
C.无害原则
D.公正原则
E.以上都不是
【思考过程】：本题考查医学伦理的四大基本原则，包括尊重自主权、不伤害原则、行善原则、公正原则。

【最终答案】：ABCD

题目：以下哪种行为可能违反人类精子库的伦理规范？
A.采集一名未签署知情同意书的志愿者精液用于医学研究
B.在供精者临时无法签字时由家属代为签署知情同意书后进行采集
C.因紧急医疗需求使用未签署知情同意书的冷冻精液样本
D.使用三年前已签署知情同意书但未更新签署状态的库存精液
【思考过程】：
",ABCD,客观题
辅助生殖,"你是一个严格按照要求答题的医学考试考生。请你先展示出完整的思考过程，然后再输出最终答案。每道题目有至少两个选项（A、B）至多五个选项（A、B、C、D、E），题目为不定项选择题，请按照以下格式作答：

【思考过程】：...

【最终答案】：AB / BCE / CD / DE / E / ...（只输出选项的编号，不要写选项内容）

示例：
题目：医疗伦理中四大基本原则是？
A.尊重自主权
B.善意行为
C.无害原则
D.公正原则
E.以上都不是
【思考过程】：本题考查医学伦理的四大基本原则，包括尊重自主权、不伤害原则、行善原则、公正原则。

【最终答案】：ABCD

题目：以下表述是否正确：人类精子库工作人员年满22岁的儿子自愿签署知情同意书后，可作为供精者。
A.正确
B.错误
【思考过程】：
",B,客观题
辅助生殖,"你是一个严格按照要求答题的医学考试考生。请你先展示出完整的思考过程，然后再输出最终答案。每道题目有至少两个选项（A、B）至多五个选项（A、B、C、D、E），题目为不定项选择题，请按照以下格式作答：

【思考过程】：...

【最终答案】：AB / BCE / CD / DE / E / ...（只输出选项的编号，不要写选项内容）

示例：
题目：医疗伦理中四大基本原则是？
A.尊重自主权
B.善意行为
C.无害原则
D.公正原则
E.以上都不是
【思考过程】：本题考查医学伦理的四大基本原则，包括尊重自主权、不伤害原则、行善原则、公正原则。

【最终答案】：ABCD

题目：以下哪种行为违反了人类精子库相关管理规定？
A.人类精子库所在科室同时开展试管婴儿技术
B.人类精子库专职人员协助生殖中心实施体外受精
C.生殖医学科专职人员进行人工授精操作
D.人类精子库与第三方机构共享供精者基本信息
【思考过程】：
",ABD,客观题
辅助生殖,"你是一个严格按照要求答题的医学考试考生。请你先展示出完整的思考过程，然后再输出最终答案。每道题目有至少两个选项（A、B）至多五个选项（A、B、C、D、E），题目为不定项选择题，请按照以下格式作答：

【思考过程】：...

【最终答案】：AB / BCE / CD / DE / E / ...（只输出选项的编号，不要写选项内容）

示例：
题目：医疗伦理中四大基本原则是？
A.尊重自主权
B.善意行为
C.无害原则
D.公正原则
E.以上都不是
【思考过程】：本题考查医学伦理的四大基本原则，包括尊重自主权、不伤害原则、行善原则、公正原则。

【最终答案】：ABCD

题目：下列哪几项是供精者在辅助生殖技术应用中必须满足的法定要求？
A.年龄在20-45周岁之间
B.真实提供本人及家族成员一般病史
C.年龄在22-45周岁之间
D.按要求提供遗传病史说明文件
E.回答医师提出的其他相关问题并提供精液标本
【思考过程】：
",BCDE,客观题
辅助生殖,"你是一个严格按照要求答题的医学考试考生。请你先展示出完整的思考过程，然后再输出最终答案。每道题目有至少两个选项（A、B）至多五个选项（A、B、C、D、E），题目为不定项选择题，请按照以下格式作答：

【思考过程】：...

【最终答案】：AB / BCE / CD / DE / E / ...（只输出选项的编号，不要写选项内容）

示例：
题目：医疗伦理中四大基本原则是？
A.尊重自主权
B.善意行为
C.无害原则
D.公正原则
E.以上都不是
【思考过程】：本题考查医学伦理的四大基本原则，包括尊重自主权、不伤害原则、行善原则、公正原则。

【最终答案】：ABCD

题目：每位供精者的冷冻精液最多可使多少名妇女受孕？
A.3名
B.4名
C.5名
D.6名
E.8名
【思考过程】：
",C,客观题
辅助生殖,"你是一个严格按照要求答题的医学考试考生。请你先展示出完整的思考过程，然后再输出最终答案。每道题目有至少两个选项（A、B）至多五个选项（A、B、C、D、E），题目为不定项选择题，请按照以下格式作答：

【思考过程】：...

【最终答案】：AB / BCE / CD / DE / E / ...（只输出选项的编号，不要写选项内容）

示例：
题目：医疗伦理中四大基本原则是？
A.尊重自主权
B.善意行为
C.无害原则
D.公正原则
E.以上都不是
【思考过程】：本题考查医学伦理的四大基本原则，包括尊重自主权、不伤害原则、行善原则、公正原则。

【最终答案】：ABCD

题目：以下表述是否正确：医疗机构在实施辅助生殖技术时，只要夫妻双方自愿且符合医学指征，即使未满足当地计划生育政策要求也可开展。
A.正确
B.错误
【思考过程】：
",B,客观题
辅助生殖,"你是一个严格按照要求答题的医学考试考生。请你先展示出完整的思考过程，然后再输出最终答案。每道题目有至少两个选项（A、B）至多五个选项（A、B、C、D、E），题目为不定项选择题，请按照以下格式作答：

【思考过程】：...

【最终答案】：AB / BCE / CD / DE / E / ...（只输出选项的编号，不要写选项内容）

示例：
题目：医疗伦理中四大基本原则是？
A.尊重自主权
B.善意行为
C.无害原则
D.公正原则
E.以上都不是
【思考过程】：本题考查医学伦理的四大基本原则，包括尊重自主权、不伤害原则、行善原则、公正原则。

【最终答案】：ABCD

题目：在辅助生殖治疗中，以下哪些行为违反了医学伦理的自愿原则？
A.要求夫妇在签署同意书时立即决定，否则将失去治疗机会
B.提供详细治疗流程和可能风险后，由夫妇讨论决定
C.若患者不同意治疗，医生暗示可能影响其医保报销
D.隐瞒部分风险以提高患者接受治疗的意愿
E.赠送药物优惠券以鼓励患者选择某种方案
【思考过程】：
",ACDE,客观题
辅助生殖,"你是一个严格按照要求答题的医学考试考生。请你先展示出完整的思考过程，然后再输出最终答案。每道题目有至少两个选项（A、B）至多五个选项（A、B、C、D、E），题目为不定项选择题，请按照以下格式作答：

【思考过程】：...

【最终答案】：AB / BCE / CD / DE / E / ...（只输出选项的编号，不要写选项内容）

示例：
题目：医疗伦理中四大基本原则是？
A.尊重自主权
B.善意行为
C.无害原则
D.公正原则
E.以上都不是
【思考过程】：本题考查医学伦理的四大基本原则，包括尊重自主权、不伤害原则、行善原则、公正原则。

【最终答案】：ABCD

题目：在辅助生殖治疗中，以下哪些行为可能构成对患者隐私权的侵犯？
A.将患者的完整治疗记录匿名化后用于医学研究
B.未经患者书面同意将其不孕病史作为案例在公开会议上讨论
C.医务人员因个人关系向配偶透露某位患者的胚胎冷冻情况
D.未加密存储患者生殖健康信息导致被内部其他部门员工随意查阅
【思考过程】：
",BCD,客观题
辅助生殖,"你是一个严格按照要求答题的医学考试考生。请你先展示出完整的思考过程，然后再输出最终答案。每道题目有至少两个选项（A、B）至多五个选项（A、B、C、D、E），题目为不定项选择题，请按照以下格式作答：

【思考过程】：...

【最终答案】：AB / BCE / CD / DE / E / ...（只输出选项的编号，不要写选项内容）

示例：
题目：医疗伦理中四大基本原则是？
A.尊重自主权
B.善意行为
C.无害原则
D.公正原则
E.以上都不是
【思考过程】：本题考查医学伦理的四大基本原则，包括尊重自主权、不伤害原则、行善原则、公正原则。

【最终答案】：ABCD

题目：在辅助生殖技术应用中，以下哪种情形可以合法进行胎儿性别选择？
A.夫妻双方希望生育男孩以延续家族传统
B.预防性连锁隐性遗传病发生
C.已有两名同性子女的家庭希望生育异性子女
D.宗教原因要求特定性别
E.医学诊断显示与性别无关的发育异常需干预
【思考过程】：
",B,客观题
辅助生殖,"你是一个严格按照要求答题的医学考试考生。请你先展示出完整的思考过程，然后再输出最终答案。每道题目有至少两个选项（A、B）至多五个选项（A、B、C、D、E），题目为不定项选择题，请按照以下格式作答：

【思考过程】：...

【最终答案】：AB / BCE / CD / DE / E / ...（只输出选项的编号，不要写选项内容）

示例：
题目：医疗伦理中四大基本原则是？
A.尊重自主权
B.善意行为
C.无害原则
D.公正原则
E.以上都不是
【思考过程】：本题考查医学伦理的四大基本原则，包括尊重自主权、不伤害原则、行善原则、公正原则。

【最终答案】：ABCD

题目：以下表述是否正确：经医疗机构伦理委员会审批同意后，可为患有严重子宫疾病的夫妇实施代孕技术。
A.正确
B.错误
【思考过程】：
",B,客观题
辅助生殖,"你是一个严格按照要求答题的医学考试考生。请你先展示出完整的思考过程，然后再输出最终答案。每道题目有至少两个选项（A、B）至多五个选项（A、B、C、D、E），题目为不定项选择题，请按照以下格式作答：

【思考过程】：...

【最终答案】：AB / BCE / CD / DE / E / ...（只输出选项的编号，不要写选项内容）

示例：
题目：医疗伦理中四大基本原则是？
A.尊重自主权
B.善意行为
C.无害原则
D.公正原则
E.以上都不是
【思考过程】：本题考查医学伦理的四大基本原则，包括尊重自主权、不伤害原则、行善原则、公正原则。

【最终答案】：ABCD

题目：以下行为是否合法：某夫妇在完成试管婴儿手术后，出于善意，主动将剩余的胚胎赠送给另一对不孕夫妇？
A.合法，B.不合法
【思考过程】：
",B,客观题
辅助生殖,"你是一个严格按照要求答题的医学考试考生。请你先展示出完整的思考过程，然后再输出最终答案。每道题目有至少两个选项（A、B）至多五个选项（A、B、C、D、E），题目为不定项选择题，请按照以下格式作答：

【思考过程】：...

【最终答案】：AB / BCE / CD / DE / E / ...（只输出选项的编号，不要写选项内容）

示例：
题目：医疗伦理中四大基本原则是？
A.尊重自主权
B.善意行为
C.无害原则
D.公正原则
E.以上都不是
【思考过程】：本题考查医学伦理的四大基本原则，包括尊重自主权、不伤害原则、行善原则、公正原则。

【最终答案】：ABCD

题目：以下哪些操作被明确禁止？
A.人类与同种配子的体外结合
B.人类体内移植猴子合子
C.在狒狒体内培育人类胚胎
D.异种体内移植人类肝脏干细胞
E.马卵子与人类精子的人工融合
【思考过程】：
",BCE,客观题
辅助生殖,"你是一个严格按照要求答题的医学考试考生。请你先展示出完整的思考过程，然后再输出最终答案。每道题目有至少两个选项（A、B）至多五个选项（A、B、C、D、E），题目为不定项选择题，请按照以下格式作答：

【思考过程】：...

【最终答案】：AB / BCE / CD / DE / E / ...（只输出选项的编号，不要写选项内容）

示例：
题目：医疗伦理中四大基本原则是？
A.尊重自主权
B.善意行为
C.无害原则
D.公正原则
E.以上都不是
【思考过程】：本题考查医学伦理的四大基本原则，包括尊重自主权、不伤害原则、行善原则、公正原则。

【最终答案】：ABCD

题目：在辅助生殖技术中，以下哪些供精者与供卵者的组合被明确禁止？
A.表姐弟间
B.亲兄妹间
C.无血缘关系的夫妻间
D.堂姐与堂弟间
E.三代以内旁系血亲间
【思考过程】：
",ABDE,客观题
辅助生殖,"你是一个严格按照要求答题的医学考试考生。请你先展示出完整的思考过程，然后再输出最终答案。每道题目有至少两个选项（A、B）至多五个选项（A、B、C、D、E），题目为不定项选择题，请按照以下格式作答：

【思考过程】：...

【最终答案】：AB / BCE / CD / DE / E / ...（只输出选项的编号，不要写选项内容）

示例：
题目：医疗伦理中四大基本原则是？
A.尊重自主权
B.善意行为
C.无害原则
D.公正原则
E.以上都不是
【思考过程】：本题考查医学伦理的四大基本原则，包括尊重自主权、不伤害原则、行善原则、公正原则。

【最终答案】：ABCD

题目：在同一治疗周期中，配子和合子的来源应满足以下哪项条件？
A.可来自不同男性和同一女性
B.可来自同一男性和不同女性
C.可混合使用多个男性的配子
D.必须来自同一男性和同一女性
E.可以使用之前周期保存的配子
【思考过程】：
",D,客观题
辅助生殖,"你是一个严格按照要求答题的医学考试考生。请你先展示出完整的思考过程，然后再输出最终答案。每道题目有至少两个选项（A、B）至多五个选项（A、B、C、D、E），题目为不定项选择题，请按照以下格式作答：

【思考过程】：...

【最终答案】：AB / BCE / CD / DE / E / ...（只输出选项的编号，不要写选项内容）

示例：
题目：医疗伦理中四大基本原则是？
A.尊重自主权
B.善意行为
C.无害原则
D.公正原则
E.以上都不是
【思考过程】：本题考查医学伦理的四大基本原则，包括尊重自主权、不伤害原则、行善原则、公正原则。

【最终答案】：ABCD

题目：根据我国相关规定，以下哪种情况禁止实施人类辅助生殖技术？
A.符合计划生育政策但未持有结婚证的夫妇
B.因健康问题无法自然生育的已婚配偶
C.未履行生育审批程序的再婚夫妇
D.32周岁未签署放弃生育声明的单身女性
E.已完成生育登记的同性伴侣
【思考过程】：
",ACDE,客观题
辅助生殖,"你是一个严格按照要求答题的医学考试考生。请你先展示出完整的思考过程，然后再输出最终答案。每道题目有至少两个选项（A、B）至多五个选项（A、B、C、D、E），题目为不定项选择题，请按照以下格式作答：

【思考过程】：...

【最终答案】：AB / BCE / CD / DE / E / ...（只输出选项的编号，不要写选项内容）

示例：
题目：医疗伦理中四大基本原则是？
A.尊重自主权
B.善意行为
C.无害原则
D.公正原则
E.以上都不是
【思考过程】：本题考查医学伦理的四大基本原则，包括尊重自主权、不伤害原则、行善原则、公正原则。

【最终答案】：ABCD

题目：以下表述是否正确：某科研机构在获得国家卫健委审批后，可以开展人类嵌合体胚胎试验研究用于治疗血液病？
A.正确
B.错误
【思考过程】：
",B,客观题
辅助生殖,"你是一个严格按照要求答题的医学考试考生。请你先展示出完整的思考过程，然后再输出最终答案。每道题目有至少两个选项（A、B）至多五个选项（A、B、C、D、E），题目为不定项选择题，请按照以下格式作答：

【思考过程】：...

【最终答案】：AB / BCE / CD / DE / E / ...（只输出选项的编号，不要写选项内容）

示例：
题目：医疗伦理中四大基本原则是？
A.尊重自主权
B.善意行为
C.无害原则
D.公正原则
E.以上都不是
【思考过程】：本题考查医学伦理的四大基本原则，包括尊重自主权、不伤害原则、行善原则、公正原则。

【最终答案】：ABCD

题目：根据现行法律法规，以下哪一行为被明确禁止？
A.使用体外受精技术帮助不孕夫妇生育
B.为提高妊娠率对胚胎进行基因编辑
C.通过体细胞核移植技术制造基因完全相同的婴儿
D.在患者自愿前提下实施代孕技术
【思考过程】：
",BCD,客观题
辅助生殖,"你是一个严格按照要求答题的医学考试考生。请你先展示出完整的思考过程，然后再输出最终答案。每道题目有至少两个选项（A、B）至多五个选项（A、B、C、D、E），题目为不定项选择题，请按照以下格式作答：

【思考过程】：...

【最终答案】：AB / BCE / CD / DE / E / ...（只输出选项的编号，不要写选项内容）

示例：
题目：医疗伦理中四大基本原则是？
A.尊重自主权
B.善意行为
C.无害原则
D.公正原则
E.以上都不是
【思考过程】：本题考查医学伦理的四大基本原则，包括尊重自主权、不伤害原则、行善原则、公正原则。

【最终答案】：ABCD

题目：在辅助生殖治疗中，医务人员的义务包括以下哪些内容？
A.告知患者所有可选治疗手段的利弊及风险
B.根据患者的经济状况推荐治疗方案
C.在患者知情后提出最有利于患者的方案
D.仅提供医学指征明确的最佳治疗方案
E.考虑患者的心理及社会因素
【思考过程】：
",ACE,客观题
辅助生殖,"你是一个严格按照要求答题的医学考试考生。请你先展示出完整的思考过程，然后再输出最终答案。每道题目有至少两个选项（A、B）至多五个选项（A、B、C、D、E），题目为不定项选择题，请按照以下格式作答：

【思考过程】：...

【最终答案】：AB / BCE / CD / DE / E / ...（只输出选项的编号，不要写选项内容）

示例：
题目：医疗伦理中四大基本原则是？
A.尊重自主权
B.善意行为
C.无害原则
D.公正原则
E.以上都不是
【思考过程】：本题考查医学伦理的四大基本原则，包括尊重自主权、不伤害原则、行善原则、公正原则。

【最终答案】：ABCD

题目：在进行促排卵治疗时，以下哪些目的是被明确禁止的？
A.为了提高受孕几率而增加排卵数量
B.为商业利益出售卵子
C.治疗患者的不孕症
D.帮助患者怀上双胞胎
E.自愿捐赠卵子给亲属使用
【思考过程】：
",BD,客观题
辅助生殖,"你是一个严格按照要求答题的医学考试考生。请你先展示出完整的思考过程，然后再输出最终答案。每道题目有至少两个选项（A、B）至多五个选项（A、B、C、D、E），题目为不定项选择题，请按照以下格式作答：

【思考过程】：...

【最终答案】：AB / BCE / CD / DE / E / ...（只输出选项的编号，不要写选项内容）

示例：
题目：医疗伦理中四大基本原则是？
A.尊重自主权
B.善意行为
C.无害原则
D.公正原则
E.以上都不是
【思考过程】：本题考查医学伦理的四大基本原则，包括尊重自主权、不伤害原则、行善原则、公正原则。

【最终答案】：ABCD

题目：某辅助生殖技术服务机构在配子处理过程中，需要履行哪些法定义务？
A.为捐献者制定胚胎处理方案
B.建立不育夫妇处置配子的专属档案
C.保留医师口头确认的处置意见
D.要求不育夫妇双方签署知情同意书
E.授权胚胎实验室全权决定冷冻方案
【思考过程】：
",BD,客观题
辅助生殖,"你是一个严格按照要求答题的医学考试考生。请你先展示出完整的思考过程，然后再输出最终答案。每道题目有至少两个选项（A、B）至多五个选项（A、B、C、D、E），题目为不定项选择题，请按照以下格式作答：

【思考过程】：...

【最终答案】：AB / BCE / CD / DE / E / ...（只输出选项的编号，不要写选项内容）

示例：
题目：医疗伦理中四大基本原则是？
A.尊重自主权
B.善意行为
C.无害原则
D.公正原则
E.以上都不是
【思考过程】：本题考查医学伦理的四大基本原则，包括尊重自主权、不伤害原则、行善原则、公正原则。

【最终答案】：ABCD

题目：在辅助生殖技术中，以下哪种行为违反伦理规定？
A.未经患者同意将胚胎用于科研分析
B.在患者不知情时使用其配子进行病理学研究
C.患者授权后销毁多余胚胎
D.私下将受精卵转让给其他不孕夫妇
E.根据捐赠协议使用冷冻精子
【思考过程】：
",ABD,客观题
辅助生殖,"你是一个严格按照要求答题的医学考试考生。请你先展示出完整的思考过程，然后再输出最终答案。每道题目有至少两个选项（A、B）至多五个选项（A、B、C、D、E），题目为不定项选择题，请按照以下格式作答：

【思考过程】：...

【最终答案】：AB / BCE / CD / DE / E / ...（只输出选项的编号，不要写选项内容）

示例：
题目：医疗伦理中四大基本原则是？
A.尊重自主权
B.善意行为
C.无害原则
D.公正原则
E.以上都不是
【思考过程】：本题考查医学伦理的四大基本原则，包括尊重自主权、不伤害原则、行善原则、公正原则。

【最终答案】：ABCD

题目：在实施人类辅助生殖技术前，以下哪项是必须的条件？
A.仅需女方同意
B.仅需男方同意
C.双方口头同意
D.仅需法定代理人同意
E.夫妇双方自愿同意并签署书面知情同意书
【思考过程】：
",E,客观题
辅助生殖,"你是一个严格按照要求答题的医学考试考生。请你先展示出完整的思考过程，然后再输出最终答案。每道题目有至少两个选项（A、B）至多五个选项（A、B、C、D、E），题目为不定项选择题，请按照以下格式作答：

【思考过程】：...

【最终答案】：AB / BCE / CD / DE / E / ...（只输出选项的编号，不要写选项内容）

示例：
题目：医疗伦理中四大基本原则是？
A.尊重自主权
B.善意行为
C.无害原则
D.公正原则
E.以上都不是
【思考过程】：本题考查医学伦理的四大基本原则，包括尊重自主权、不伤害原则、行善原则、公正原则。

【最终答案】：ABCD

题目：医务人员实施辅助生殖技术时，必须向患者提供哪些实质性信息？（多选题）
A.该技术实施程序的完整说明
B.每周期大致的总费用明细
C.医生的个人历年的成功率统计数据
D.进口与国产药物选择的具体方式
E.医疗机构年度财政营利情况
【思考过程】：
",ABD,客观题
辅助生殖,"你是一个严格按照要求答题的医学考试考生。请你先展示出完整的思考过程，然后再输出最终答案。每道题目有至少两个选项（A、B）至多五个选项（A、B、C、D、E），题目为不定项选择题，请按照以下格式作答：

【思考过程】：...

【最终答案】：AB / BCE / CD / DE / E / ...（只输出选项的编号，不要写选项内容）

示例：
题目：医疗伦理中四大基本原则是？
A.尊重自主权
B.善意行为
C.无害原则
D.公正原则
E.以上都不是
【思考过程】：本题考查医学伦理的四大基本原则，包括尊重自主权、不伤害原则、行善原则、公正原则。

【最终答案】：ABCD

题目：以下关于人类辅助生殖技术中患者权利的描述，哪一项符合相关法规？
A.在受精卵培养阶段后不可终止技术实施
B.若中途终止，需经伦理委员会批准才能再次治疗
C.需完成当前医疗周期才能行使终止权利
D.可在技术实施任何阶段终止且免于后续治疗阻碍
E.终止必须经主治医生签字同意
【思考过程】：
",D,客观题
辅助生殖,"你是一个严格按照要求答题的医学考试考生。请你先展示出完整的思考过程，然后再输出最终答案。每道题目有至少两个选项（A、B）至多五个选项（A、B、C、D、E），题目为不定项选择题，请按照以下格式作答：

【思考过程】：...

【最终答案】：AB / BCE / CD / DE / E / ...（只输出选项的编号，不要写选项内容）

示例：
题目：医疗伦理中四大基本原则是？
A.尊重自主权
B.善意行为
C.无害原则
D.公正原则
E.以上都不是
【思考过程】：本题考查医学伦理的四大基本原则，包括尊重自主权、不伤害原则、行善原则、公正原则。

【最终答案】：ABCD

题目：医务人员在实施人类辅助生殖技术后，必须告知当事人哪些关键信息？
A.必须告知随访的必要性
B.只需告知医疗费用明细
C.应当告知已出生孩子需要随访问
D.不需要告知未来生育风险
E.必须获得孩子本人的书面同意
【思考过程】：
",AC,客观题
辅助生殖,"你是一个严格按照要求答题的医学考试考生。请你先展示出完整的思考过程，然后再输出最终答案。每道题目有至少两个选项（A、B）至多五个选项（A、B、C、D、E），题目为不定项选择题，请按照以下格式作答：

【思考过程】：...

【最终答案】：AB / BCE / CD / DE / E / ...（只输出选项的编号，不要写选项内容）

示例：
题目：医疗伦理中四大基本原则是？
A.尊重自主权
B.善意行为
C.无害原则
D.公正原则
E.以上都不是
【思考过程】：本题考查医学伦理的四大基本原则，包括尊重自主权、不伤害原则、行善原则、公正原则。

【最终答案】：ABCD

题目：医务人员在辅助生殖技术中对待捐赠者时，以下哪种做法符合伦理要求？
A.告知捐赠者健康检查的必要性并取得口头同意
B.告知捐赠者健康检查的必要性并取得书面知情同意
C.在捐赠者自愿的情况下免除健康检查
D.仅记录知情同意但未进行健康检查的必要性告知
【思考过程】：
",B,客观题
辅助生殖,"你是一个严格按照要求答题的医学考试考生。请你先展示出完整的思考过程，然后再输出最终答案。每道题目有至少两个选项（A、B）至多五个选项（A、B、C、D、E），题目为不定项选择题，请按照以下格式作答：

【思考过程】：...

【最终答案】：AB / BCE / CD / DE / E / ...（只输出选项的编号，不要写选项内容）

示例：
题目：医疗伦理中四大基本原则是？
A.尊重自主权
B.善意行为
C.无害原则
D.公正原则
E.以上都不是
【思考过程】：本题考查医学伦理的四大基本原则，包括尊重自主权、不伤害原则、行善原则、公正原则。

【最终答案】：ABCD

题目：告知义务中，以下哪些法律权利应明确属于辅助生殖技术出生的后代？
A.继承权
B.受教育权
C.赡养祖父母的义务
D.父母离异时监护权裁定
E.履行遗产管理义务
【思考过程】：
",ABD,客观题
辅助生殖,"你是一个严格按照要求答题的医学考试考生。请你先展示出完整的思考过程，然后再输出最终答案。每道题目有至少两个选项（A、B）至多五个选项（A、B、C、D、E），题目为不定项选择题，请按照以下格式作答：

【思考过程】：...

【最终答案】：AB / BCE / CD / DE / E / ...（只输出选项的编号，不要写选项内容）

示例：
题目：医疗伦理中四大基本原则是？
A.尊重自主权
B.善意行为
C.无害原则
D.公正原则
E.以上都不是
【思考过程】：本题考查医学伦理的四大基本原则，包括尊重自主权、不伤害原则、行善原则、公正原则。

【最终答案】：ABCD

题目：医务人员在实施辅助生殖技术前需告知接受治疗的夫妇哪些内容？
A.对辅助生殖出生的孩子负有伦理、道德和法律上的责任
B.对健康新生儿具有法律上监护权但可免除抚养义务
C.仅需承担出生缺陷孩子的经济支持
D.对有出生缺陷的孩子同样负有权利和义务
【思考过程】：
",AD,客观题
辅助生殖,"你是一个严格按照要求答题的医学考试考生。请你先展示出完整的思考过程，然后再输出最终答案。每道题目有至少两个选项（A、B）至多五个选项（A、B、C、D、E），题目为不定项选择题，请按照以下格式作答：

【思考过程】：...

【最终答案】：AB / BCE / CD / DE / E / ...（只输出选项的编号，不要写选项内容）

示例：
题目：医疗伦理中四大基本原则是？
A.尊重自主权
B.善意行为
C.无害原则
D.公正原则
E.以上都不是
【思考过程】：本题考查医学伦理的四大基本原则，包括尊重自主权、不伤害原则、行善原则、公正原则。

【最终答案】：ABCD

题目：根据医学伦理原则，医务人员实施辅助生殖技术时，哪种情况应当严格禁止？
A. 使用近亲关系的精子
B. 使用匿名捐赠的卵子
C. 使用交换伴侣（未经婚姻关系变动）后的卵子
D. 被法院判决亲子抚养权的单亲人士的精子
【思考过程】：
",AC,客观题
辅助生殖,"你是一个严格按照要求答题的医学考试考生。请你先展示出完整的思考过程，然后再输出最终答案。每道题目有至少两个选项（A、B）至多五个选项（A、B、C、D、E），题目为不定项选择题，请按照以下格式作答：

【思考过程】：...

【最终答案】：AB / BCE / CD / DE / E / ...（只输出选项的编号，不要写选项内容）

示例：
题目：医疗伦理中四大基本原则是？
A.尊重自主权
B.善意行为
C.无害原则
D.公正原则
E.以上都不是
【思考过程】：本题考查医学伦理的四大基本原则，包括尊重自主权、不伤害原则、行善原则、公正原则。

【最终答案】：ABCD

题目：以下关于医务人员实施代孕技术的描述中，正确的是哪一项？
A.经患者自愿申请且签署知情同意书后可实施
B.在不涉及商业利益的情况下允许实施
C.获得省级卫生行政部门授权后可以实施
D.无论何种条件均禁止实施
【思考过程】：
",D,客观题
辅助生殖,"你是一个严格按照要求答题的医学考试考生。请你先展示出完整的思考过程，然后再输出最终答案。每道题目有至少两个选项（A、B）至多五个选项（A、B、C、D、E），题目为不定项选择题，请按照以下格式作答：

【思考过程】：...

【最终答案】：AB / BCE / CD / DE / E / ...（只输出选项的编号，不要写选项内容）

示例：
题目：医疗伦理中四大基本原则是？
A.尊重自主权
B.善意行为
C.无害原则
D.公正原则
E.以上都不是
【思考过程】：本题考查医学伦理的四大基本原则，包括尊重自主权、不伤害原则、行善原则、公正原则。

【最终答案】：ABCD

题目：以下表述是否正确：医务人员在获得患者知情同意后，可以实施胚胎赠送助孕技术帮助其受孕？
A.正确
B.错误
【思考过程】：
",B,客观题
辅助生殖,"你是一个严格按照要求答题的医学考试考生。请你先展示出完整的思考过程，然后再输出最终答案。每道题目有至少两个选项（A、B）至多五个选项（A、B、C、D、E），题目为不定项选择题，请按照以下格式作答：

【思考过程】：...

【最终答案】：AB / BCE / CD / DE / E / ...（只输出选项的编号，不要写选项内容）

示例：
题目：医疗伦理中四大基本原则是？
A.尊重自主权
B.善意行为
C.无害原则
D.公正原则
E.以上都不是
【思考过程】：本题考查医学伦理的四大基本原则，包括尊重自主权、不伤害原则、行善原则、公正原则。

【最终答案】：ABCD

题目：在安全性问题尚未解决前，医务人员被禁止将以下哪些技术用于治疗不育？
A.人卵胞浆移植技术
B.人卵核移植技术
C.卵母细胞核质融合技术
D.人卵冷冻复苏技术
E.体外受精-胚胎移植技术
【思考过程】：
",AB,客观题
辅助生殖,"你是一个严格按照要求答题的医学考试考生。请你先展示出完整的思考过程，然后再输出最终答案。每道题目有至少两个选项（A、B）至多五个选项（A、B、C、D、E），题目为不定项选择题，请按照以下格式作答：

【思考过程】：...

【最终答案】：AB / BCE / CD / DE / E / ...（只输出选项的编号，不要写选项内容）

示例：
题目：医疗伦理中四大基本原则是？
A.尊重自主权
B.善意行为
C.无害原则
D.公正原则
E.以上都不是
【思考过程】：本题考查医学伦理的四大基本原则，包括尊重自主权、不伤害原则、行善原则、公正原则。

【最终答案】：ABCD

题目：同一供者的精子或卵子最多可以允许使多少名妇女成功受孕？
A.3名
B.4名
C.5名
D.6名
E.8名
【思考过程】：
",C,客观题
辅助生殖,"你是一个严格按照要求答题的医学考试考生。请你先展示出完整的思考过程，然后再输出最终答案。每道题目有至少两个选项（A、B）至多五个选项（A、B、C、D、E），题目为不定项选择题，请按照以下格式作答：

【思考过程】：...

【最终答案】：AB / BCE / CD / DE / E / ...（只输出选项的编号，不要写选项内容）

示例：
题目：医疗伦理中四大基本原则是？
A.尊重自主权
B.善意行为
C.无害原则
D.公正原则
E.以上都不是
【思考过程】：本题考查医学伦理的四大基本原则，包括尊重自主权、不伤害原则、行善原则、公正原则。

【最终答案】：ABCD

题目：哪种情况下医务人员被允许实施人类辅助生殖技术？
A.已婚且符合计划生育政策的无子女夫妇
B.已生育一个子女但因不孕需辅助生殖的再婚夫妇（符合生育政策）
C.已婚未婚但户籍政策允许其生育的夫妇
D.自愿签署知情同意书的单身女性
【思考过程】：
",AB,客观题
辅助生殖,"你是一个严格按照要求答题的医学考试考生。请你先展示出完整的思考过程，然后再输出最终答案。每道题目有至少两个选项（A、B）至多五个选项（A、B、C、D、E），题目为不定项选择题，请按照以下格式作答：

【思考过程】：...

【最终答案】：AB / BCE / CD / DE / E / ...（只输出选项的编号，不要写选项内容）

示例：
题目：医疗伦理中四大基本原则是？
A.尊重自主权
B.善意行为
C.无害原则
D.公正原则
E.以上都不是
【思考过程】：本题考查医学伦理的四大基本原则，包括尊重自主权、不伤害原则、行善原则、公正原则。

【最终答案】：ABCD

题目：在辅助生殖技术应用中，以下哪些情况允许医务人员实施性别选择？
A.当夫妇有家庭性别平衡需求时
B.进行性别筛查以避免X染色体隐性遗传病
C.经父母请求时实施性别选择以提高生育满意度
D.存在严重性别相关遗传病风险时
【思考过程】：
",BD,客观题
辅助生殖,"你是一个严格按照要求答题的医学考试考生。请你先展示出完整的思考过程，然后再输出最终答案。每道题目有至少两个选项（A、B）至多五个选项（A、B、C、D、E），题目为不定项选择题，请按照以下格式作答：

【思考过程】：...

【最终答案】：AB / BCE / CD / DE / E / ...（只输出选项的编号，不要写选项内容）

示例：
题目：医疗伦理中四大基本原则是？
A.尊重自主权
B.善意行为
C.无害原则
D.公正原则
E.以上都不是
【思考过程】：本题考查医学伦理的四大基本原则，包括尊重自主权、不伤害原则、行善原则、公正原则。

【最终答案】：ABCD

题目：以下关于辅助生殖技术的表述，哪一项符合我国现行法规？
A.医务人员可在伦理审查后开展生殖性克隆研究
B.医务人员不得以任何理由实施生殖性克隆技术
C.医务人员可基于患者需求实施治疗性克隆技术
D.医务人员实施生殖性克隆需获得省级卫生部门批准
【思考过程】：
",B,客观题
辅助生殖,"你是一个严格按照要求答题的医学考试考生。请你先展示出完整的思考过程，然后再输出最终答案。每道题目有至少两个选项（A、B）至多五个选项（A、B、C、D、E），题目为不定项选择题，请按照以下格式作答：

【思考过程】：...

【最终答案】：AB / BCE / CD / DE / E / ...（只输出选项的编号，不要写选项内容）

示例：
题目：医疗伦理中四大基本原则是？
A.尊重自主权
B.善意行为
C.无害原则
D.公正原则
E.以上都不是
【思考过程】：本题考查医学伦理的四大基本原则，包括尊重自主权、不伤害原则、行善原则、公正原则。

【最终答案】：ABCD

题目：以下哪项行为违反辅助生殖技术相关伦理规范？
A.使用黑猩猩精子为无精症患者实施人工授精
B.将人类卵子与犬科动物精子进行体外结合实验
C.采用新型培养液保存捐赠的人类胚胎
D.利用基因编辑技术筛选胚胎植入前遗传学诊断
【思考过程】：
",AB,客观题
辅助生殖,"你是一个严格按照要求答题的医学考试考生。请你先展示出完整的思考过程，然后再输出最终答案。每道题目有至少两个选项（A、B）至多五个选项（A、B、C、D、E），题目为不定项选择题，请按照以下格式作答：

【思考过程】：...

【最终答案】：AB / BCE / CD / DE / E / ...（只输出选项的编号，不要写选项内容）

示例：
题目：医疗伦理中四大基本原则是？
A.尊重自主权
B.善意行为
C.无害原则
D.公正原则
E.以上都不是
【思考过程】：本题考查医学伦理的四大基本原则，包括尊重自主权、不伤害原则、行善原则、公正原则。

【最终答案】：ABCD

题目：以下哪种行为违反了医务人员相关的伦理要求？
A.开展未获得伦理委员会批准的人类胚胎基因编辑实验
B.对已签署知情同意书的已婚夫妇实施第三代试管婴儿技术
C.在省级卫生部门备案下进行食蟹猴胚胎干细胞研究
D.未经系统培训直接参与辅助生殖临床工作
【思考过程】：
",AD,客观题
辅助生殖,"你是一个严格按照要求答题的医学考试考生。请你先展示出完整的思考过程，然后再输出最终答案。每道题目有至少两个选项（A、B）至多五个选项（A、B、C、D、E），题目为不定项选择题，请按照以下格式作答：

【思考过程】：...

【最终答案】：AB / BCE / CD / DE / E / ...（只输出选项的编号，不要写选项内容）

示例：
题目：医疗伦理中四大基本原则是？
A.尊重自主权
B.善意行为
C.无害原则
D.公正原则
E.以上都不是
【思考过程】：本题考查医学伦理的四大基本原则，包括尊重自主权、不伤害原则、行善原则、公正原则。

【最终答案】：ABCD

题目：在供精辅助生殖技术中，以下哪几组关系必须遵守互盲原则？
A.供方与受方夫妇
B.供方与实施手术的医务人员
C.受方夫妇与实施手术的医务人员
D.供方与后代的亲属
E.供方与通过该技术诞生的后代
【思考过程】：
",ABDE,客观题
辅助生殖,"你是一个严格按照要求答题的医学考试考生。请你先展示出完整的思考过程，然后再输出最终答案。每道题目有至少两个选项（A、B）至多五个选项（A、B、C、D、E），题目为不定项选择题，请按照以下格式作答：

【思考过程】：...

【最终答案】：AB / BCE / CD / DE / E / ...（只输出选项的编号，不要写选项内容）

示例：
题目：医疗伦理中四大基本原则是？
A.尊重自主权
B.善意行为
C.无害原则
D.公正原则
E.以上都不是
【思考过程】：本题考查医学伦理的四大基本原则，包括尊重自主权、不伤害原则、行善原则、公正原则。

【最终答案】：ABCD

题目：根据辅助生殖技术相关规定，以下关于匿名与保密的描述，哪些是正确的？
A.匿名是指藏匿受体参与配子捐赠的事实
B.保密包括对受者个人信息的保护
C.匿名要求不公开供体的身份信息
D.保密涉及隐藏供体的家庭背景
E.医务人员需同时确保捐赠者和受体的匿名性
【思考过程】：
",BCD,客观题
辅助生殖,"你是一个严格按照要求答题的医学考试考生。请你先展示出完整的思考过程，然后再输出最终答案。每道题目有至少两个选项（A、B）至多五个选项（A、B、C、D、E），题目为不定项选择题，请按照以下格式作答：

【思考过程】：...

【最终答案】：AB / BCE / CD / DE / E / ...（只输出选项的编号，不要写选项内容）

示例：
题目：医疗伦理中四大基本原则是？
A.尊重自主权
B.善意行为
C.无害原则
D.公正原则
E.以上都不是
【思考过程】：本题考查医学伦理的四大基本原则，包括尊重自主权、不伤害原则、行善原则、公正原则。

【最终答案】：ABCD

题目：以下哪些行为可能违反辅助生殖技术应用规范？
A.因夫妇强烈要求为无医学适应症者实施助孕
B.根据患者经济状况推荐高利润技术
C.主动指导患者联系境外无资质机构
D.将是否纳入医保报销作为适应证判断依据
E.开展未验证远期安全性的新型技术试点
【思考过程】：
",ABCDE,客观题
辅助生殖,"你是一个严格按照要求答题的医学考试考生。请你先展示出完整的思考过程，然后再输出最终答案。每道题目有至少两个选项（A、B）至多五个选项（A、B、C、D、E），题目为不定项选择题，请按照以下格式作答：

【思考过程】：...

【最终答案】：AB / BCE / CD / DE / E / ...（只输出选项的编号，不要写选项内容）

示例：
题目：医疗伦理中四大基本原则是？
A.尊重自主权
B.善意行为
C.无害原则
D.公正原则
E.以上都不是
【思考过程】：本题考查医学伦理的四大基本原则，包括尊重自主权、不伤害原则、行善原则、公正原则。

【最终答案】：ABCD

题目：以下哪些属于法律允许给予捐卵者的补偿？
A.误工补偿
B.交通补助
C.医疗检查费用报销
D.营养补助
E.高额酬金
【思考过程】：
",ABCD,客观题
辅助生殖,"你是一个严格按照要求答题的医学考试考生。请你先展示出完整的思考过程，然后再输出最终答案。每道题目有至少两个选项（A、B）至多五个选项（A、B、C、D、E），题目为不定项选择题，请按照以下格式作答：

【思考过程】：...

【最终答案】：AB / BCE / CD / DE / E / ...（只输出选项的编号，不要写选项内容）

示例：
题目：医疗伦理中四大基本原则是？
A.尊重自主权
B.善意行为
C.无害原则
D.公正原则
E.以上都不是
【思考过程】：本题考查医学伦理的四大基本原则，包括尊重自主权、不伤害原则、行善原则、公正原则。

【最终答案】：ABCD

题目：为确保辅助生殖技术伦理原则的落实，医疗机构应当采取以下哪项措施？
A.设立医疗质量控制委员会
B.建立生殖医学伦理委员会
C.自行制定操作流程并备案
D.接受生殖医学伦理委员会的指导和监督
【思考过程】：
",BD,客观题
辅助生殖,"你是一个严格按照要求答题的医学考试考生。请你先展示出完整的思考过程，然后再输出最终答案。每道题目有至少两个选项（A、B）至多五个选项（A、B、C、D、E），题目为不定项选择题，请按照以下格式作答：

【思考过程】：...

【最终答案】：AB / BCE / CD / DE / E / ...（只输出选项的编号，不要写选项内容）

示例：
题目：医疗伦理中四大基本原则是？
A.尊重自主权
B.善意行为
C.无害原则
D.公正原则
E.以上都不是
【思考过程】：本题考查医学伦理的四大基本原则，包括尊重自主权、不伤害原则、行善原则、公正原则。

【最终答案】：ABCD

题目：以下哪些属于生殖医学伦理委员会在辅助生殖技术中的职责？
A.对伦理问题做出最终决策
B.开展生殖医学伦理宣传教育
C.直接干预治疗方案的制定
D.对伦理问题进行审查、咨询、论证和建议
【思考过程】：
",BD,客观题
辅助生殖,"你是一个严格按照要求答题的医学考试考生。请你先展示出完整的思考过程，然后再输出最终答案。每道题目有至少两个选项（A、B）至多五个选项（A、B、C、D、E），题目为不定项选择题，请按照以下格式作答：

【思考过程】：...

【最终答案】：AB / BCE / CD / DE / E / ...（只输出选项的编号，不要写选项内容）

示例：
题目：医疗伦理中四大基本原则是？
A.尊重自主权
B.善意行为
C.无害原则
D.公正原则
E.以上都不是
【思考过程】：本题考查医学伦理的四大基本原则，包括尊重自主权、不伤害原则、行善原则、公正原则。

【最终答案】：ABCD

题目：严格对供精者进行筛查和精液检疫的主要目的是预防以下哪些问题？
A.遗传性先天疾病
B.出生缺陷
C.人工受孕成本过高
D.性传播疾病的传播
【思考过程】：
",ABD,客观题
辅助生殖,"你是一个严格按照要求答题的医学考试考生。请你先展示出完整的思考过程，然后再输出最终答案。每道题目有至少两个选项（A、B）至多五个选项（A、B、C、D、E），题目为不定项选择题，请按照以下格式作答：

【思考过程】：...

【最终答案】：AB / BCE / CD / DE / E / ...（只输出选项的编号，不要写选项内容）

示例：
题目：医疗伦理中四大基本原则是？
A.尊重自主权
B.善意行为
C.无害原则
D.公正原则
E.以上都不是
【思考过程】：本题考查医学伦理的四大基本原则，包括尊重自主权、不伤害原则、行善原则、公正原则。

【最终答案】：ABCD

题目：下面哪项是符合规定的供精者募集做法？
A.通过商业广告在社会平台征集供精者；B.在社区健康宣传栏张贴匿名招募海报；C.建立供精者的详细体貌特征表供受者选择；D.仅允许特定遗传特征的供精者参与募集
【思考过程】：
",B,客观题
辅助生殖,"你是一个严格按照要求答题的医学考试考生。请你先展示出完整的思考过程，然后再输出最终答案。每道题目有至少两个选项（A、B）至多五个选项（A、B、C、D、E），题目为不定项选择题，请按照以下格式作答：

【思考过程】：...

【最终答案】：AB / BCE / CD / DE / E / ...（只输出选项的编号，不要写选项内容）

示例：
题目：医疗伦理中四大基本原则是？
A.尊重自主权
B.善意行为
C.无害原则
D.公正原则
E.以上都不是
【思考过程】：本题考查医学伦理的四大基本原则，包括尊重自主权、不伤害原则、行善原则、公正原则。

【最终答案】：ABCD

题目：医疗机构在采集精液标本时应尽到哪些义务？
A.要求捐精者在单次采集时尽可能提供更多标本
B.为捐精者提供隐私保护空间
C.将单次精液采集时间强制缩短至10分钟内
D.必要时为存在焦虑的捐精者提供心理疏导
E.在捐精者出现轻微不适时强行要求继续操作
【思考过程】：
",BD,客观题
辅助生殖,"你是一个严格按照要求答题的医学考试考生。请你先展示出完整的思考过程，然后再输出最终答案。每道题目有至少两个选项（A、B）至多五个选项（A、B、C、D、E），题目为不定项选择题，请按照以下格式作答：

【思考过程】：...

【最终答案】：AB / BCE / CD / DE / E / ...（只输出选项的编号，不要写选项内容）

示例：
题目：医疗伦理中四大基本原则是？
A.尊重自主权
B.善意行为
C.无害原则
D.公正原则
E.以上都不是
【思考过程】：本题考查医学伦理的四大基本原则，包括尊重自主权、不伤害原则、行善原则、公正原则。

【最终答案】：ABCD

题目：以下哪些属于供精者在供精时必须保障的合法权利？
A.完全自愿地参加供精
B.口头确认精液用途即可
C.知晓精液用途及供精次数限制的详细说明
D.获得超出医疗费用的经济补偿
E.随时允许撤回并销毁存储精液
【思考过程】：
",ACE,客观题
辅助生殖,"你是一个严格按照要求答题的医学考试考生。请你先展示出完整的思考过程，然后再输出最终答案。每道题目有至少两个选项（A、B）至多五个选项（A、B、C、D、E），题目为不定项选择题，请按照以下格式作答：

【思考过程】：...

【最终答案】：AB / BCE / CD / DE / E / ...（只输出选项的编号，不要写选项内容）

示例：
题目：医疗伦理中四大基本原则是？
A.尊重自主权
B.善意行为
C.无害原则
D.公正原则
E.以上都不是
【思考过程】：本题考查医学伦理的四大基本原则，包括尊重自主权、不伤害原则、行善原则、公正原则。

【最终答案】：ABCD

题目：关于供精者终止供精和冷冻精液使用的权利，以下哪些表述正确？
A.供精者需提交书面申请后才有权终止供精
B.供精者因工作压力可单方面终止供精
C.供精者终止冷冻精液使用时需全额赔偿精子库损失
D.供精者在补偿筛查和冷冻费用后可以终止冷冻精液使用
【思考过程】：
",ABD,客观题
辅助生殖,"你是一个严格按照要求答题的医学考试考生。请你先展示出完整的思考过程，然后再输出最终答案。每道题目有至少两个选项（A、B）至多五个选项（A、B、C、D、E），题目为不定项选择题，请按照以下格式作答：

【思考过程】：...

【最终答案】：AB / BCE / CD / DE / E / ...（只输出选项的编号，不要写选项内容）

示例：
题目：医疗伦理中四大基本原则是？
A.尊重自主权
B.善意行为
C.无害原则
D.公正原则
E.以上都不是
【思考过程】：本题考查医学伦理的四大基本原则，包括尊重自主权、不伤害原则、行善原则、公正原则。

【最终答案】：ABCD

题目：根据相关规定，精子库在未获得知情同意书的情况下，不得进行以下哪些行为？
A.采集精液样本
B.检测精液样本
C.保存精液样本
D.使用精液进行辅助生殖
E.向捐赠者支付交通补贴
【思考过程】：
",ABCD,客观题
辅助生殖,"你是一个严格按照要求答题的医学考试考生。请你先展示出完整的思考过程，然后再输出最终答案。每道题目有至少两个选项（A、B）至多五个选项（A、B、C、D、E），题目为不定项选择题，请按照以下格式作答：

【思考过程】：...

【最终答案】：AB / BCE / CD / DE / E / ...（只输出选项的编号，不要写选项内容）

示例：
题目：医疗伦理中四大基本原则是？
A.尊重自主权
B.善意行为
C.无害原则
D.公正原则
E.以上都不是
【思考过程】：本题考查医学伦理的四大基本原则，包括尊重自主权、不伤害原则、行善原则、公正原则。

【最终答案】：ABCD

题目：根据我国辅助生殖技术规范，医务人员必须向供精者明确告知以下哪项内容？
A.有义务配合后代身份信息登记
B.需参与后代重大教育决策
C.可优先获得后代的探视权
D.对供精出生的后代无权利和义务
E.需支付后代的必要医疗费用
【思考过程】：
",D,客观题
辅助生殖,"你是一个严格按照要求答题的医学考试考生。请你先展示出完整的思考过程，然后再输出最终答案。每道题目有至少两个选项（A、B）至多五个选项（A、B、C、D、E），题目为不定项选择题，请按照以下格式作答：

【思考过程】：...

【最终答案】：AB / BCE / CD / DE / E / ...（只输出选项的编号，不要写选项内容）

示例：
题目：医疗伦理中四大基本原则是？
A.尊重自主权
B.善意行为
C.无害原则
D.公正原则
E.以上都不是
【思考过程】：本题考查医学伦理的四大基本原则，包括尊重自主权、不伤害原则、行善原则、公正原则。

【最终答案】：ABCD

题目：关于精子库的义务，以下哪项描述正确？
A.在匿名情况下提供配偶职业背景咨询
B.在实名情况下提供医学信息婚姻咨询
C.在匿名情况下提供医学信息的婚姻咨询服务
D.无义务为后代提供咨询服务
【思考过程】：
",C,客观题
辅助生殖,"你是一个严格按照要求答题的医学考试考生。请你先展示出完整的思考过程，然后再输出最终答案。每道题目有至少两个选项（A、B）至多五个选项（A、B、C、D、E），题目为不定项选择题，请按照以下格式作答：

【思考过程】：...

【最终答案】：AB / BCE / CD / DE / E / ...（只输出选项的编号，不要写选项内容）

示例：
题目：医疗伦理中四大基本原则是？
A.尊重自主权
B.善意行为
C.无害原则
D.公正原则
E.以上都不是
【思考过程】：本题考查医学伦理的四大基本原则，包括尊重自主权、不伤害原则、行善原则、公正原则。

【最终答案】：ABCD

题目：某人类精子库在供精者管理时，以下哪种情形违反了伦理规范？
A.同一供精者在不同省市的三家机构各供精1次导致3名妇女受孕
B.同一供精者未跨机构但导致6名妇女受孕
C.同一供精者在两个机构各供精2次导致3名妇女受孕
D.同一供精者在两个机构各供精2次导致6名妇女受孕
【思考过程】：
",BD,客观题
辅助生殖,"你是一个严格按照要求答题的医学考试考生。请你先展示出完整的思考过程，然后再输出最终答案。每道题目有至少两个选项（A、B）至多五个选项（A、B、C、D、E），题目为不定项选择题，请按照以下格式作答：

【思考过程】：...

【最终答案】：AB / BCE / CD / DE / E / ...（只输出选项的编号，不要写选项内容）

示例：
题目：医疗伦理中四大基本原则是？
A.尊重自主权
B.善意行为
C.无害原则
D.公正原则
E.以上都不是
【思考过程】：本题考查医学伦理的四大基本原则，包括尊重自主权、不伤害原则、行善原则、公正原则。

【最终答案】：ABCD

题目：以下哪种情况允许实施X、Y精子筛选？
A.夫妇为X连锁隐性疾病携带者
B.父母希望儿女双全
C.高龄产妇为提高受孕概率
D.已有三个儿子的夫妇希望生育女儿
E.预防子代常染色体显性遗传病
【思考过程】：
",A,客观题
辅助生殖,"你是一个严格按照要求答题的医学考试考生。请你先展示出完整的思考过程，然后再输出最终答案。每道题目有至少两个选项（A、B）至多五个选项（A、B、C、D、E），题目为不定项选择题，请按照以下格式作答：

【思考过程】：...

【最终答案】：AB / BCE / CD / DE / E / ...（只输出选项的编号，不要写选项内容）

示例：
题目：医疗伦理中四大基本原则是？
A.尊重自主权
B.善意行为
C.无害原则
D.公正原则
E.以上都不是
【思考过程】：本题考查医学伦理的四大基本原则，包括尊重自主权、不伤害原则、行善原则、公正原则。

【最终答案】：ABCD

题目：根据我国相关规定，在辅助生殖技术应用中，必须保持互盲关系的组合包括哪些？
A.供者与精子库管理人员
B.供者与受者夫妇
C.供者与实施辅助生殖技术的医务人员
D.受者夫妇与实施辅助生殖技术的医务人员
E.供者与受者的子女
【思考过程】：
",BCE,客观题
辅助生殖,"你是一个严格按照要求答题的医学考试考生。请你先展示出完整的思考过程，然后再输出最终答案。每道题目有至少两个选项（A、B）至多五个选项（A、B、C、D、E），题目为不定项选择题，请按照以下格式作答：

【思考过程】：...

【最终答案】：AB / BCE / CD / DE / E / ...（只输出选项的编号，不要写选项内容）

示例：
题目：医疗伦理中四大基本原则是？
A.尊重自主权
B.善意行为
C.无害原则
D.公正原则
E.以上都不是
【思考过程】：本题考查医学伦理的四大基本原则，包括尊重自主权、不伤害原则、行善原则、公正原则。

【最终答案】：ABCD

题目：以下哪些措施属于我国精子库保密制度的要求？
A.建立供受者信息公共可查询数据库
B.保存供者真实姓名的独立数据库
C.冷冻精液被使用时用代码表示
D.受者身份对精子库隐匿
E.医生可以获得供受双方完整信息
【思考过程】：
",CD,客观题
辅助生殖,"你是一个严格按照要求答题的医学考试考生。请你先展示出完整的思考过程，然后再输出最终答案。每道题目有至少两个选项（A、B）至多五个选项（A、B、C、D、E），题目为不定项选择题，请按照以下格式作答：

【思考过程】：...

【最终答案】：AB / BCE / CD / DE / E / ...（只输出选项的编号，不要写选项内容）

示例：
题目：医疗伦理中四大基本原则是？
A.尊重自主权
B.善意行为
C.无害原则
D.公正原则
E.以上都不是
【思考过程】：本题考查医学伦理的四大基本原则，包括尊重自主权、不伤害原则、行善原则、公正原则。

【最终答案】：ABCD

题目：关于辅助生殖技术中信息查阅权限的规定，以下哪些说法正确？
A.受者夫妇经申请可查看供精者的详细户籍信息
B.供精者可凭协议书查看受者子女的教育经历
C.医疗机构医务人员可因科研需要调阅供精者身份资料
D.供精者的亲属无权要求知晓受者家庭住址
E.实施机构院长特批时可解密供精者身份信息
【思考过程】：
",D,客观题
辅助生殖,"你是一个严格按照要求答题的医学考试考生。请你先展示出完整的思考过程，然后再输出最终答案。每道题目有至少两个选项（A、B）至多五个选项（A、B、C、D、E），题目为不定项选择题，请按照以下格式作答：

【思考过程】：...

【最终答案】：AB / BCE / CD / DE / E / ...（只输出选项的编号，不要写选项内容）

示例：
题目：医疗伦理中四大基本原则是？
A.尊重自主权
B.善意行为
C.无害原则
D.公正原则
E.以上都不是
【思考过程】：本题考查医学伦理的四大基本原则，包括尊重自主权、不伤害原则、行善原则、公正原则。

【最终答案】：ABCD

题目：下列哪几项补偿属于我国法规允许的精子库对供精者提供的合理补偿？
A.营养费
B.误工费
C.交通费
D.医疗风险补偿
E.感谢费
【思考过程】：
",BCD,客观题
辅助生殖,"你是一个严格按照要求答题的医学考试考生。请你先展示出完整的思考过程，然后再输出最终答案。每道题目有至少两个选项（A、B）至多五个选项（A、B、C、D、E），题目为不定项选择题，请按照以下格式作答：

【思考过程】：...

【最终答案】：AB / BCE / CD / DE / E / ...（只输出选项的编号，不要写选项内容）

示例：
题目：医疗伦理中四大基本原则是？
A.尊重自主权
B.善意行为
C.无害原则
D.公正原则
E.以上都不是
【思考过程】：本题考查医学伦理的四大基本原则，包括尊重自主权、不伤害原则、行善原则、公正原则。

【最终答案】：ABCD

题目：关于人类精子库提供的冷冻精液，哪种情况符合法规要求？
A.向持有卫生部辅助生殖技术批准证书的机构提供达标冷冻精液
B.向未取得证书的机构提供达标冷冻精液
C.向持有证书的机构提供未达标的新鲜精液
D.向持有证书的机构提供达标的新鲜精液
【思考过程】：
",A,客观题
辅助生殖,"你是一个严格按照要求答题的医学考试考生。请你先展示出完整的思考过程，然后再输出最终答案。每道题目有至少两个选项（A、B）至多五个选项（A、B、C、D、E），题目为不定项选择题，请按照以下格式作答：

【思考过程】：...

【最终答案】：AB / BCE / CD / DE / E / ...（只输出选项的编号，不要写选项内容）

示例：
题目：医疗伦理中四大基本原则是？
A.尊重自主权
B.善意行为
C.无害原则
D.公正原则
E.以上都不是
【思考过程】：本题考查医学伦理的四大基本原则，包括尊重自主权、不伤害原则、行善原则、公正原则。

【最终答案】：ABCD

题目：下列哪些行为可能违反我国关于精子管理的法律法规？
A.某机构按精子质量分级定价；B.以“营养补偿费”名义收取精子受让方费用；C.精子库声明捐赠者不得索要额外补偿；D.民营医院参与精子调配并收取管理费；E.医疗机构公开招募志愿者并强调无偿捐赠
【思考过程】：
",ABD,客观题
医患关系,"你是一个严格按照要求答题的医学考试考生。请你先展示出完整的思考过程，然后再输出最终答案。每道题目有至少两个选项（A、B）至多五个选项（A、B、C、D、E），题目为不定项选择题，请按照以下格式作答：

【思考过程】：...

【最终答案】：AB / BCE / CD / DE / E / ...（只输出选项的编号，不要写选项内容）

示例：
题目：医疗伦理中四大基本原则是？
A.尊重自主权
B.善意行为
C.无害原则
D.公正原则
E.以上都不是
【思考过程】：本题考查医学伦理的四大基本原则，包括尊重自主权、不伤害原则、行善原则、公正原则。

【最终答案】：ABCD

题目：下列行为中，哪一项不构成侵害患者隐私权？
A.未经同意向媒体公开患者的癌症检查记录
B.私下向护士讨论患者未授权披露的家庭暴力诊疗信息
C.用患者的手术照片制作科室宣传展板且在候诊区展示
D.将患者十年前在社交媒体公开发布的哮喘病史用于论文案例
【思考过程】：
",D,客观题
医患关系,"你是一个严格按照要求答题的医学考试考生。请你先展示出完整的思考过程，然后再输出最终答案。每道题目有至少两个选项（A、B）至多五个选项（A、B、C、D、E），题目为不定项选择题，请按照以下格式作答：

【思考过程】：...

【最终答案】：AB / BCE / CD / DE / E / ...（只输出选项的编号，不要写选项内容）

示例：
题目：医疗伦理中四大基本原则是？
A.尊重自主权
B.善意行为
C.无害原则
D.公正原则
E.以上都不是
【思考过程】：本题考查医学伦理的四大基本原则，包括尊重自主权、不伤害原则、行善原则、公正原则。

【最终答案】：ABCD

题目：以下哪些信息属于自然人的个人信息，受到法律保护？
A.生物识别信息
B.教育背景
C.健康信息
D.喜欢的颜色
E.电话号码
【思考过程】：
",ABCE,客观题
医患关系,"你是一个严格按照要求答题的医学考试考生。请你先展示出完整的思考过程，然后再输出最终答案。每道题目有至少两个选项（A、B）至多五个选项（A、B、C、D、E），题目为不定项选择题，请按照以下格式作答：

【思考过程】：...

【最终答案】：AB / BCE / CD / DE / E / ...（只输出选项的编号，不要写选项内容）

示例：
题目：医疗伦理中四大基本原则是？
A.尊重自主权
B.善意行为
C.无害原则
D.公正原则
E.以上都不是
【思考过程】：本题考查医学伦理的四大基本原则，包括尊重自主权、不伤害原则、行善原则、公正原则。

【最终答案】：ABCD

题目：患者因医务人员的过错在诊疗活动中受到损害，赔偿责任应由谁承担？
A.医疗机构承担
B.相关医务人员个人承担
C.医疗机构与医务人员按比例分担
D.患者自行承担
【思考过程】：
",A,客观题
医患关系,"你是一个严格按照要求答题的医学考试考生。请你先展示出完整的思考过程，然后再输出最终答案。每道题目有至少两个选项（A、B）至多五个选项（A、B、C、D、E），题目为不定项选择题，请按照以下格式作答：

【思考过程】：...

【最终答案】：AB / BCE / CD / DE / E / ...（只输出选项的编号，不要写选项内容）

示例：
题目：医疗伦理中四大基本原则是？
A.尊重自主权
B.善意行为
C.无害原则
D.公正原则
E.以上都不是
【思考过程】：本题考查医学伦理的四大基本原则，包括尊重自主权、不伤害原则、行善原则、公正原则。

【最终答案】：ABCD

题目：以下哪种情形下，医务人员应当向患者的近亲属说明医疗风险并取得其明确同意？
A.患者需要接受门诊输液治疗
B.患者因昏迷无法表达意愿
C.医疗机构无法联系到患者的法定代理人
D.患者拒绝听取关于化疗替代方案的说明
【思考过程】：
",B,客观题
医患关系,"你是一个严格按照要求答题的医学考试考生。请你先展示出完整的思考过程，然后再输出最终答案。每道题目有至少两个选项（A、B）至多五个选项（A、B、C、D、E），题目为不定项选择题，请按照以下格式作答：

【思考过程】：...

【最终答案】：AB / BCE / CD / DE / E / ...（只输出选项的编号，不要写选项内容）

示例：
题目：医疗伦理中四大基本原则是？
A.尊重自主权
B.善意行为
C.无害原则
D.公正原则
E.以上都不是
【思考过程】：本题考查医学伦理的四大基本原则，包括尊重自主权、不伤害原则、行善原则、公正原则。

【最终答案】：ABCD

题目：在因抢救生命垂危患者无法取得患者及其近亲属意见的情形下，关于医疗措施的实施程序，以下描述正确的是？
A.主治医生可自行决定实施抢救措施
B.需取得属地卫生健康部门书面批准
C.医疗机构负责人或其授权人批准后立即实施
D.经医院伦理委员会表决通过后再实施
E.需获得至少两名副高职称医师的联合签名
【思考过程】：
",C,客观题
医患关系,"你是一个严格按照要求答题的医学考试考生。请你先展示出完整的思考过程，然后再输出最终答案。每道题目有至少两个选项（A、B）至多五个选项（A、B、C、D、E），题目为不定项选择题，请按照以下格式作答：

【思考过程】：...

【最终答案】：AB / BCE / CD / DE / E / ...（只输出选项的编号，不要写选项内容）

示例：
题目：医疗伦理中四大基本原则是？
A.尊重自主权
B.善意行为
C.无害原则
D.公正原则
E.以上都不是
【思考过程】：本题考查医学伦理的四大基本原则，包括尊重自主权、不伤害原则、行善原则、公正原则。

【最终答案】：ABCD

题目：在诊疗活动中，若患者受到损害，在哪些情形下会推定医疗机构有过错？
A.遗失病历资料
B.伪造病历资料
C.篡改病历资料
D.合法销毁病历资料
E.违法销毁病历资料
【思考过程】：
",ABCE,客观题
医患关系,"你是一个严格按照要求答题的医学考试考生。请你先展示出完整的思考过程，然后再输出最终答案。每道题目有至少两个选项（A、B）至多五个选项（A、B、C、D、E），题目为不定项选择题，请按照以下格式作答：

【思考过程】：...

【最终答案】：AB / BCE / CD / DE / E / ...（只输出选项的编号，不要写选项内容）

示例：
题目：医疗伦理中四大基本原则是？
A.尊重自主权
B.善意行为
C.无害原则
D.公正原则
E.以上都不是
【思考过程】：本题考查医学伦理的四大基本原则，包括尊重自主权、不伤害原则、行善原则、公正原则。

【最终答案】：ABCD

题目：患者在诊疗活动中受到损害时，以下哪种情形医疗机构不承担赔偿责任？
A.患者家属拒绝签署手术同意书导致延误治疗
B.急诊抢救时医务人员已尽到合理诊疗义务
C.医疗机构未提供低收费方案导致患者无力承担
D.某种罕见病现有医学技术无法确诊
E.医生未使用国际最新疗法但符合常规治疗指南
【思考过程】：
",ABDE,客观题
医患关系,"你是一个严格按照要求答题的医学考试考生。请你先展示出完整的思考过程，然后再输出最终答案。每道题目有至少两个选项（A、B）至多五个选项（A、B、C、D、E），题目为不定项选择题，请按照以下格式作答：

【思考过程】：...

【最终答案】：AB / BCE / CD / DE / E / ...（只输出选项的编号，不要写选项内容）

示例：
题目：医疗伦理中四大基本原则是？
A.尊重自主权
B.善意行为
C.无害原则
D.公正原则
E.以上都不是
【思考过程】：本题考查医学伦理的四大基本原则，包括尊重自主权、不伤害原则、行善原则、公正原则。

【最终答案】：ABCD

题目：以下哪些情形下，医疗机构对患者在诊疗活动中受到的损害不承担赔偿责任？
A.患者不配合诊疗但医疗机构存在操作过失
B.抢救呼吸衰竭患者时因设备突发故障导致并发症
C.患者家属拒绝签署手术同意书导致延误治疗
D.未向患者充分说明药物过敏风险
E.医生根据全国最新诊疗指南实施手术后仍出现并发症
F.受限于当地医疗条件无法诊断的罕见病
【思考过程】：
",CEF,客观题
医患关系,"你是一个严格按照要求答题的医学考试考生。请你先展示出完整的思考过程，然后再输出最终答案。每道题目有至少两个选项（A、B）至多五个选项（A、B、C、D、E），题目为不定项选择题，请按照以下格式作答：

【思考过程】：...

【最终答案】：AB / BCE / CD / DE / E / ...（只输出选项的编号，不要写选项内容）

示例：
题目：医疗伦理中四大基本原则是？
A.尊重自主权
B.善意行为
C.无害原则
D.公正原则
E.以上都不是
【思考过程】：本题考查医学伦理的四大基本原则，包括尊重自主权、不伤害原则、行善原则、公正原则。

【最终答案】：ABCD

题目：在下列哪种情形下，医疗机构对患者诊疗活动中受到的损害不承担赔偿责任？
A.医疗机构拒绝向家属提供纸质病历副本
B.患者未按医嘱连续服用降压药物导致病情恶化
C.护士在静脉穿刺时未严格执行无菌操作规范
D.患者近亲属隐瞒其青霉素过敏史
【思考过程】：
",BD,客观题
医患关系,"你是一个严格按照要求答题的医学考试考生。请你先展示出完整的思考过程，然后再输出最终答案。每道题目有至少两个选项（A、B）至多五个选项（A、B、C、D、E），题目为不定项选择题，请按照以下格式作答：

【思考过程】：...

【最终答案】：AB / BCE / CD / DE / E / ...（只输出选项的编号，不要写选项内容）

示例：
题目：医疗伦理中四大基本原则是？
A.尊重自主权
B.善意行为
C.无害原则
D.公正原则
E.以上都不是
【思考过程】：本题考查医学伦理的四大基本原则，包括尊重自主权、不伤害原则、行善原则、公正原则。

【最终答案】：ABCD

题目：下列哪项属于医疗机构必须填写并妥善保管的病历资料？
A.门诊诊断书
B.检验报告
C.入院费用明细
D.护理记录
E.门诊预约记录
【思考过程】：
",ABD,客观题
医患关系,"你是一个严格按照要求答题的医学考试考生。请你先展示出完整的思考过程，然后再输出最终答案。每道题目有至少两个选项（A、B）至多五个选项（A、B、C、D、E），题目为不定项选择题，请按照以下格式作答：

【思考过程】：...

【最终答案】：AB / BCE / CD / DE / E / ...（只输出选项的编号，不要写选项内容）

示例：
题目：医疗伦理中四大基本原则是？
A.尊重自主权
B.善意行为
C.无害原则
D.公正原则
E.以上都不是
【思考过程】：本题考查医学伦理的四大基本原则，包括尊重自主权、不伤害原则、行善原则、公正原则。

【最终答案】：ABCD

题目：以下哪些情形中医疗机构或其医务人员可能需承担侵权责任？
A.医生将患者电话号码泄露给医药代表导致患者被骚扰
B.未经患者同意向家属公开其完整电子病历
C.在学术会议中使用患者匿名病历讨论治疗方案
D.因医院系统漏洞导致患者血型信息在院内公共屏公示
【思考过程】：
",ABD,客观题
医患关系,"你是一个严格按照要求答题的医学考试考生。请你先展示出完整的思考过程，然后再输出最终答案。每道题目有至少两个选项（A、B）至多五个选项（A、B、C、D、E），题目为不定项选择题，请按照以下格式作答：

【思考过程】：...

【最终答案】：AB / BCE / CD / DE / E / ...（只输出选项的编号，不要写选项内容）

示例：
题目：医疗伦理中四大基本原则是？
A.尊重自主权
B.善意行为
C.无害原则
D.公正原则
E.以上都不是
【思考过程】：本题考查医学伦理的四大基本原则，包括尊重自主权、不伤害原则、行善原则、公正原则。

【最终答案】：ABCD

题目：下列哪些行为违反了医疗卫生人员职业伦理规范？
A.为增加收入要求患者进行不必要的重复检查
B.经家属多次请求后接受其赠送的购物卡
C.以加快手术排期为条件暗示患者支付额外费用
D.因患者症状轻微仍开具不必要的高价药物
E.根据病程发展调整抗生素使用剂量
【思考过程】：
",ABCD,客观题
医患关系,"你是一个严格按照要求答题的医学考试考生。请你先展示出完整的思考过程，然后再输出最终答案。每道题目有至少两个选项（A、B）至多五个选项（A、B、C、D、E），题目为不定项选择题，请按照以下格式作答：

【思考过程】：...

【最终答案】：AB / BCE / CD / DE / E / ...（只输出选项的编号，不要写选项内容）

示例：
题目：医疗伦理中四大基本原则是？
A.尊重自主权
B.善意行为
C.无害原则
D.公正原则
E.以上都不是
【思考过程】：本题考查医学伦理的四大基本原则，包括尊重自主权、不伤害原则、行善原则、公正原则。

【最终答案】：ABCD

题目：以下哪些属于医疗机构及其医务人员在诊疗活动中依法应当履行的义务？
A.以患者为中心并遵守诊疗规范
B.加强人文关怀
C.优先保障治疗效率最大化
D.定期开展法规培训
E.确保患者投诉优先处理
【思考过程】：
",ABD,客观题
医患关系,"你是一个严格按照要求答题的医学考试考生。请你先展示出完整的思考过程，然后再输出最终答案。每道题目有至少两个选项（A、B）至多五个选项（A、B、C、D、E），题目为不定项选择题，请按照以下格式作答：

【思考过程】：...

【最终答案】：AB / BCE / CD / DE / E / ...（只输出选项的编号，不要写选项内容）

示例：
题目：医疗伦理中四大基本原则是？
A.尊重自主权
B.善意行为
C.无害原则
D.公正原则
E.以上都不是
【思考过程】：本题考查医学伦理的四大基本原则，包括尊重自主权、不伤害原则、行善原则、公正原则。

【最终答案】：ABCD

题目：在哪种情况下，医务人员可未经患者或其近亲属书面同意直接实施救治？
A.患者昏迷且无法联系近亲属时的常规手术
B.门诊患者拒绝治疗但情况不危急
C.病情危急无法取得意见且经机构负责人批准
D.患者清醒但不愿听取医疗方案说明
【思考过程】：
",C,客观题
医患关系,"你是一个严格按照要求答题的医学考试考生。请你先展示出完整的思考过程，然后再输出最终答案。每道题目有至少两个选项（A、B）至多五个选项（A、B、C、D、E），题目为不定项选择题，请按照以下格式作答：

【思考过程】：...

【最终答案】：AB / BCE / CD / DE / E / ...（只输出选项的编号，不要写选项内容）

示例：
题目：医疗伦理中四大基本原则是？
A.尊重自主权
B.善意行为
C.无害原则
D.公正原则
E.以上都不是
【思考过程】：本题考查医学伦理的四大基本原则，包括尊重自主权、不伤害原则、行善原则、公正原则。

【最终答案】：ABCD

题目：以下哪种行为违反了医德廉洁自律要求？
A.不参加药企赞助的学术会议
B.收取患者赠送的贵重礼品
C.推荐患者到指定药店购药以获取提成
D.私自将患者信息出售给第三方机构
【思考过程】：
",BCD,客观题
医患关系,"你是一个严格按照要求答题的医学考试考生。请你先展示出完整的思考过程，然后再输出最终答案。每道题目有至少两个选项（A、B）至多五个选项（A、B、C、D、E），题目为不定项选择题，请按照以下格式作答：

【思考过程】：...

【最终答案】：AB / BCE / CD / DE / E / ...（只输出选项的编号，不要写选项内容）

示例：
题目：医疗伦理中四大基本原则是？
A.尊重自主权
B.善意行为
C.无害原则
D.公正原则
E.以上都不是
【思考过程】：本题考查医学伦理的四大基本原则，包括尊重自主权、不伤害原则、行善原则、公正原则。

【最终答案】：ABCD

题目：护士在履行护理职责时，下列哪项不属于规定必须包含的内容？
A.医学照顾与病情观察
B.健康教育与药物处方开具
C.协助诊疗与健康管理师资格培训
D.心理支持与康复指导
【思考过程】：
",BC,客观题
医患关系,"你是一个严格按照要求答题的医学考试考生。请你先展示出完整的思考过程，然后再输出最终答案。每道题目有至少两个选项（A、B）至多五个选项（A、B、C、D、E），题目为不定项选择题，请按照以下格式作答：

【思考过程】：...

【最终答案】：AB / BCE / CD / DE / E / ...（只输出选项的编号，不要写选项内容）

示例：
题目：医疗伦理中四大基本原则是？
A.尊重自主权
B.善意行为
C.无害原则
D.公正原则
E.以上都不是
【思考过程】：本题考查医学伦理的四大基本原则，包括尊重自主权、不伤害原则、行善原则、公正原则。

【最终答案】：ABCD

题目：护士在发现患者病情危急时，以下哪种做法符合相关法律法规？
A.立即通知医师并全程记录病情变化
B.优先联系患者家属说明情况
C.在医师未到达时拒绝实施任何救护措施
D.为抢救生命直接实施心脏电除颤操作
E.立即通知医师并在紧急情况下实施必要救护
【思考过程】：
",AE,客观题
医患关系,"你是一个严格按照要求答题的医学考试考生。请你先展示出完整的思考过程，然后再输出最终答案。每道题目有至少两个选项（A、B）至多五个选项（A、B、C、D、E），题目为不定项选择题，请按照以下格式作答：

【思考过程】：...

【最终答案】：AB / BCE / CD / DE / E / ...（只输出选项的编号，不要写选项内容）

示例：
题目：医疗伦理中四大基本原则是？
A.尊重自主权
B.善意行为
C.无害原则
D.公正原则
E.以上都不是
【思考过程】：本题考查医学伦理的四大基本原则，包括尊重自主权、不伤害原则、行善原则、公正原则。

【最终答案】：ABCD

题目：医务人员在协同医师工作时，必须向患者解释说明的内容应包含以下哪些内容？
A.药物使用遴选、适应症、禁忌
B.适应症、禁忌、药品价格
C.适应症、禁忌、不良反应、药品生产厂家
D.药物遴选、适应症、禁忌、不良反应、注意事项、使用方法
E.指导患者调整药物剂量以节省费用
【思考过程】：
",D,客观题
医患关系,"你是一个严格按照要求答题的医学考试考生。请你先展示出完整的思考过程，然后再输出最终答案。每道题目有至少两个选项（A、B）至多五个选项（A、B、C、D、E），题目为不定项选择题，请按照以下格式作答：

【思考过程】：...

【最终答案】：AB / BCE / CD / DE / E / ...（只输出选项的编号，不要写选项内容）

示例：
题目：医疗伦理中四大基本原则是？
A.尊重自主权
B.善意行为
C.无害原则
D.公正原则
E.以上都不是
【思考过程】：本题考查医学伦理的四大基本原则，包括尊重自主权、不伤害原则、行善原则、公正原则。

【最终答案】：ABCD

题目：以下哪个行为符合医患关系中的伦理要求？
A.主动减少患者家属的担忧
B.积极配合临床诊疗
C.巧妙探问患者隐私用于研究
D.保护患者隐私
E.优先履行医院创收指标
【思考过程】：
",ABD,客观题
医患关系,"你是一个严格按照要求答题的医学考试考生。请你先展示出完整的思考过程，然后再输出最终答案。每道题目有至少两个选项（A、B）至多五个选项（A、B、C、D、E），题目为不定项选择题，请按照以下格式作答：

【思考过程】：...

【最终答案】：AB / BCE / CD / DE / E / ...（只输出选项的编号，不要写选项内容）

示例：
题目：医疗伦理中四大基本原则是？
A.尊重自主权
B.善意行为
C.无害原则
D.公正原则
E.以上都不是
【思考过程】：本题考查医学伦理的四大基本原则，包括尊重自主权、不伤害原则、行善原则、公正原则。

【最终答案】：ABCD

题目：在医患关系中，以下哪些是医务人员必须履行的职责？
A.指导患者配合检查
B.对接触放射性物质的人员仅告知风险
C.帮助患者查询检查结果
D.对接触传染性物质的人员不采取任何防护措施
E.对接触传染性物质的人员进行风险告知并给予防护
【思考过程】：
",ACE,客观题
医患关系,"你是一个严格按照要求答题的医学考试考生。请你先展示出完整的思考过程，然后再输出最终答案。每道题目有至少两个选项（A、B）至多五个选项（A、B、C、D、E），题目为不定项选择题，请按照以下格式作答：

【思考过程】：...

【最终答案】：AB / BCE / CD / DE / E / ...（只输出选项的编号，不要写选项内容）

示例：
题目：医疗伦理中四大基本原则是？
A.尊重自主权
B.善意行为
C.无害原则
D.公正原则
E.以上都不是
【思考过程】：本题考查医学伦理的四大基本原则，包括尊重自主权、不伤害原则、行善原则、公正原则。

【最终答案】：ABCD

题目：医疗机构在保障医患关系时可以采取以下哪些措施？
A.建立医疗安全与风险管理体系制度
B.利用医疗责任保险分担风险
C.缩减高风险科室的规模
D.制订医疗纠纷处理预案
E.完善患者投诉管理体系
F.定期公开医疗纠纷详细案件
【思考过程】：
",ABDE,客观题
医患关系,"你是一个严格按照要求答题的医学考试考生。请你先展示出完整的思考过程，然后再输出最终答案。每道题目有至少两个选项（A、B）至多五个选项（A、B、C、D、E），题目为不定项选择题，请按照以下格式作答：

【思考过程】：...

【最终答案】：AB / BCE / CD / DE / E / ...（只输出选项的编号，不要写选项内容）

示例：
题目：医疗伦理中四大基本原则是？
A.尊重自主权
B.善意行为
C.无害原则
D.公正原则
E.以上都不是
【思考过程】：本题考查医学伦理的四大基本原则，包括尊重自主权、不伤害原则、行善原则、公正原则。

【最终答案】：ABCD

题目：以下哪些做法违反了为患者保守秘密的医疗法规？
A.在科室内部会议上对患者病情进行匿名化讨论
B.在患者本人未授权的情况下，将诊疗结果告知其直系亲属
C.未经脱敏处理将患者诊疗数据上传至公共研究平台
D.在医院走廊用患者出生年份代替姓名谈论病情
E.通过医院安全系统调阅分管患者的完整病历
【思考过程】：
",BCD,客观题
医患关系,"你是一个严格按照要求答题的医学考试考生。请你先展示出完整的思考过程，然后再输出最终答案。每道题目有至少两个选项（A、B）至多五个选项（A、B、C、D、E），题目为不定项选择题，请按照以下格式作答：

【思考过程】：...

【最终答案】：AB / BCE / CD / DE / E / ...（只输出选项的编号，不要写选项内容）

示例：
题目：医疗伦理中四大基本原则是？
A.尊重自主权
B.善意行为
C.无害原则
D.公正原则
E.以上都不是
【思考过程】：本题考查医学伦理的四大基本原则，包括尊重自主权、不伤害原则、行善原则、公正原则。

【最终答案】：ABCD

题目：在安宁疗护医疗场景中，以下哪种情况医疗卫生人员必须依法取得患者或其近亲属的知情同意？
A.实施镇痛性脊髓电刺激手术
B.开展每周常规血压监测
C.使用新型镇痛药物开展临床效果研究
D.进行终末期生命体征的特殊检查
E.在患者意识清醒时向近亲属说明替代医疗方案
【思考过程】：
",ACD,客观题
医患关系,"你是一个严格按照要求答题的医学考试考生。请你先展示出完整的思考过程，然后再输出最终答案。每道题目有至少两个选项（A、B）至多五个选项（A、B、C、D、E），题目为不定项选择题，请按照以下格式作答：

【思考过程】：...

【最终答案】：AB / BCE / CD / DE / E / ...（只输出选项的编号，不要写选项内容）

示例：
题目：医疗伦理中四大基本原则是？
A.尊重自主权
B.善意行为
C.无害原则
D.公正原则
E.以上都不是
【思考过程】：本题考查医学伦理的四大基本原则，包括尊重自主权、不伤害原则、行善原则、公正原则。

【最终答案】：ABCD

题目：在安宁疗护中，以下哪两项属于患者的权利义务范畴？
A.医疗机构可以强制要求患者接受特定治疗
B.患者的隐私权和人格尊严应被保护
C.患者需遵守医疗卫生机构制定的诊疗秩序
D.医务人员可未经许可公开患者病情信息
E.患者可拒绝接受所有医疗建议
【思考过程】：
",BC,客观题
医患关系,"你是一个严格按照要求答题的医学考试考生。请你先展示出完整的思考过程，然后再输出最终答案。每道题目有至少两个选项（A、B）至多五个选项（A、B、C、D、E），题目为不定项选择题，请按照以下格式作答：

【思考过程】：...

【最终答案】：AB / BCE / CD / DE / E / ...（只输出选项的编号，不要写选项内容）

示例：
题目：医疗伦理中四大基本原则是？
A.尊重自主权
B.善意行为
C.无害原则
D.公正原则
E.以上都不是
【思考过程】：本题考查医学伦理的四大基本原则，包括尊重自主权、不伤害原则、行善原则、公正原则。

【最终答案】：ABCD

题目：医疗卫生机构开展安宁疗护服务时，需要遵守以下哪些规范性文件？
A.临床诊疗指南
B.医院内部操作惯例
C.临床技术操作规范
D.行业标准
E.家属特殊书面要求
【思考过程】：
",ACD,客观题
医患关系,"你是一个严格按照要求答题的医学考试考生。请你先展示出完整的思考过程，然后再输出最终答案。每道题目有至少两个选项（A、B）至多五个选项（A、B、C、D、E），题目为不定项选择题，请按照以下格式作答：

【思考过程】：...

【最终答案】：AB / BCE / CD / DE / E / ...（只输出选项的编号，不要写选项内容）

示例：
题目：医疗伦理中四大基本原则是？
A.尊重自主权
B.善意行为
C.无害原则
D.公正原则
E.以上都不是
【思考过程】：本题考查医学伦理的四大基本原则，包括尊重自主权、不伤害原则、行善原则、公正原则。

【最终答案】：ABCD

题目：以下哪个处理公民个人健康信息的行为是合法的？
A.未经本人同意收集肿瘤病史信息
B.向保险公司出售患者临终关怀记录
C.将老年痴呆患者的病历传输给商业机构
D.取得授权后用于多中心安宁疗护研究
E.经配偶同意后出售患者健康数据
【思考过程】：
",D,客观题
医患关系,"你是一个严格按照要求答题的医学考试考生。请你先展示出完整的思考过程，然后再输出最终答案。每道题目有至少两个选项（A、B）至多五个选项（A、B、C、D、E），题目为不定项选择题，请按照以下格式作答：

【思考过程】：...

【最终答案】：AB / BCE / CD / DE / E / ...（只输出选项的编号，不要写选项内容）

示例：
题目：医疗伦理中四大基本原则是？
A.尊重自主权
B.善意行为
C.无害原则
D.公正原则
E.以上都不是
【思考过程】：本题考查医学伦理的四大基本原则，包括尊重自主权、不伤害原则、行善原则、公正原则。

【最终答案】：ABCD

题目：在安宁疗护服务中，医疗卫生人员的下列哪些行为可能面临行政处罚？
A.向患者家属暗示需要礼品才优先安排护理服务
B.将患者病情细节上传至社交平台
C.开展新型镇痛疗法研究时未向伦理委员会申报
D.擅自将家属签字的手术同意书销毁
E.未取得患者同意即进行高风险生命维持操作
【思考过程】：
",ABCDE,客观题
医患关系,"你是一个严格按照要求答题的医学考试考生。请你先展示出完整的思考过程，然后再输出最终答案。每道题目有至少两个选项（A、B）至多五个选项（A、B、C、D、E），题目为不定项选择题，请按照以下格式作答：

【思考过程】：...

【最终答案】：AB / BCE / CD / DE / E / ...（只输出选项的编号，不要写选项内容）

示例：
题目：医疗伦理中四大基本原则是？
A.尊重自主权
B.善意行为
C.无害原则
D.公正原则
E.以上都不是
【思考过程】：本题考查医学伦理的四大基本原则，包括尊重自主权、不伤害原则、行善原则、公正原则。

【最终答案】：ABCD

题目：以下哪些行为违反了""禁止对老年人实施家庭暴力""的规定？
A.未告知患者替老年痴呆症患者签署镇静剂使用同意书
B.要求患有高血压的老年人每日转账才提供饮食
C.三个月未更换失能老人的褥疮护理用品
D.因认知退化频繁指责老人""活着是累赘""
E.监护人限制有走失风险老人单独外出时间
【思考过程】：
",BCD,客观题
医患关系,"你是一个严格按照要求答题的医学考试考生。请你先展示出完整的思考过程，然后再输出最终答案。每道题目有至少两个选项（A、B）至多五个选项（A、B、C、D、E），题目为不定项选择题，请按照以下格式作答：

【思考过程】：...

【最终答案】：AB / BCE / CD / DE / E / ...（只输出选项的编号，不要写选项内容）

示例：
题目：医疗伦理中四大基本原则是？
A.尊重自主权
B.善意行为
C.无害原则
D.公正原则
E.以上都不是
【思考过程】：本题考查医学伦理的四大基本原则，包括尊重自主权、不伤害原则、行善原则、公正原则。

【最终答案】：ABCD

题目：以下哪些服务属于医疗机构应为老年人提供的医疗服务范畴？
A.家庭病床服务
B.专场商业健康讲座
C.巡回医疗和护理
D.付费体检项目
E.社区急救技能培训
【思考过程】：
",AC,客观题
医患关系,"你是一个严格按照要求答题的医学考试考生。请你先展示出完整的思考过程，然后再输出最终答案。每道题目有至少两个选项（A、B）至多五个选项（A、B、C、D、E），题目为不定项选择题，请按照以下格式作答：

【思考过程】：...

【最终答案】：AB / BCE / CD / DE / E / ...（只输出选项的编号，不要写选项内容）

示例：
题目：医疗伦理中四大基本原则是？
A.尊重自主权
B.善意行为
C.无害原则
D.公正原则
E.以上都不是
【思考过程】：本题考查医学伦理的四大基本原则，包括尊重自主权、不伤害原则、行善原则、公正原则。

【最终答案】：ABCD

题目：以下哪些属于安宁疗护的核心服务内容？
A.优先治愈终末期疾病
B.提供躯体症状的缓解措施
C.个性化宗教仪式服务
D.患者精神心理辅导
E.协调患者社会支持体系
【思考过程】：
",BDE,客观题
医患关系,"你是一个严格按照要求答题的医学考试考生。请你先展示出完整的思考过程，然后再输出最终答案。每道题目有至少两个选项（A、B）至多五个选项（A、B、C、D、E），题目为不定项选择题，请按照以下格式作答：

【思考过程】：...

【最终答案】：AB / BCE / CD / DE / E / ...（只输出选项的编号，不要写选项内容）

示例：
题目：医疗伦理中四大基本原则是？
A.尊重自主权
B.善意行为
C.无害原则
D.公正原则
E.以上都不是
【思考过程】：本题考查医学伦理的四大基本原则，包括尊重自主权、不伤害原则、行善原则、公正原则。

【最终答案】：ABCD

题目：以下哪一项不属于老年安宁疗护病区的主要服务内容？
A.症状控制与身体痛苦缓解
B.家属经济援助计划
C.患者家属哀伤辅导
D.积极延长寿​命的医疗干预
E.精神心理支持与社会关怀
【思考过程】：
",BD,客观题
医患关系,"你是一个严格按照要求答题的医学考试考生。请你先展示出完整的思考过程，然后再输出最终答案。每道题目有至少两个选项（A、B）至多五个选项（A、B、C、D、E），题目为不定项选择题，请按照以下格式作答：

【思考过程】：...

【最终答案】：AB / BCE / CD / DE / E / ...（只输出选项的编号，不要写选项内容）

示例：
题目：医疗伦理中四大基本原则是？
A.尊重自主权
B.善意行为
C.无害原则
D.公正原则
E.以上都不是
【思考过程】：本题考查医学伦理的四大基本原则，包括尊重自主权、不伤害原则、行善原则、公正原则。

【最终答案】：ABCD

题目：根据临终关怀室隐私保护要求，以下哪两项措施符合规定？
A.每床位加装透明玻璃窗方便观察
B.相邻床位之间使用高密度隔音板
C.采用可移动屏风替代物理隔断
D.每个床位区域配备独立呼叫系统
【思考过程】：
",BD,客观题
医患关系,"你是一个严格按照要求答题的医学考试考生。请你先展示出完整的思考过程，然后再输出最终答案。每道题目有至少两个选项（A、B）至多五个选项（A、B、C、D、E），题目为不定项选择题，请按照以下格式作答：

【思考过程】：...

【最终答案】：AB / BCE / CD / DE / E / ...（只输出选项的编号，不要写选项内容）

示例：
题目：医疗伦理中四大基本原则是？
A.尊重自主权
B.善意行为
C.无害原则
D.公正原则
E.以上都不是
【思考过程】：本题考查医学伦理的四大基本原则，包括尊重自主权、不伤害原则、行善原则、公正原则。

【最终答案】：ABCD

题目：以下哪些做法符合安宁疗护服务中关于维护服务对象权益和尊严的要求？
A. 在多人病房内设置独立隔间保护隐私
B. 强制使用镇静剂以减少患者情绪波动
C. 征得患者同意后再调整镇痛方案
D. 允许家属参与护理决策但忽略患者本人意愿
E. 在走廊讨论病情以便快速协调医疗资源
【思考过程】：
",AC,客观题
医患关系,"你是一个严格按照要求答题的医学考试考生。请你先展示出完整的思考过程，然后再输出最终答案。每道题目有至少两个选项（A、B）至多五个选项（A、B、C、D、E），题目为不定项选择题，请按照以下格式作答：

【思考过程】：...

【最终答案】：AB / BCE / CD / DE / E / ...（只输出选项的编号，不要写选项内容）

示例：
题目：医疗伦理中四大基本原则是？
A.尊重自主权
B.善意行为
C.无害原则
D.公正原则
E.以上都不是
【思考过程】：本题考查医学伦理的四大基本原则，包括尊重自主权、不伤害原则、行善原则、公正原则。

【最终答案】：ABCD

题目：以下哪项措施属于安宁疗护中医护人员指导下的舒缓不适症状实施内容？
A.手术治疗
B.用药
C.各种专业护理措施
D.心理治疗
E.陪伴交流
【思考过程】：
",BCE,客观题
医患关系,"你是一个严格按照要求答题的医学考试考生。请你先展示出完整的思考过程，然后再输出最终答案。每道题目有至少两个选项（A、B）至多五个选项（A、B、C、D、E），题目为不定项选择题，请按照以下格式作答：

【思考过程】：...

【最终答案】：AB / BCE / CD / DE / E / ...（只输出选项的编号，不要写选项内容）

示例：
题目：医疗伦理中四大基本原则是？
A.尊重自主权
B.善意行为
C.无害原则
D.公正原则
E.以上都不是
【思考过程】：本题考查医学伦理的四大基本原则，包括尊重自主权、不伤害原则、行善原则、公正原则。

【最终答案】：ABCD

题目：在安宁疗护中，以下哪些属于医护人员的核心服务内容？
A.实施手术治愈疾病
B.进行症状控制
C.使用昂贵仪器延长生命
D.缓解服务对象的痛苦
E.提供化疗治疗方案
【思考过程】：
",BD,客观题
医患关系,"你是一个严格按照要求答题的医学考试考生。请你先展示出完整的思考过程，然后再输出最终答案。每道题目有至少两个选项（A、B）至多五个选项（A、B、C、D、E），题目为不定项选择题，请按照以下格式作答：

【思考过程】：...

【最终答案】：AB / BCE / CD / DE / E / ...（只输出选项的编号，不要写选项内容）

示例：
题目：医疗伦理中四大基本原则是？
A.尊重自主权
B.善意行为
C.无害原则
D.公正原则
E.以上都不是
【思考过程】：本题考查医学伦理的四大基本原则，包括尊重自主权、不伤害原则、行善原则、公正原则。

【最终答案】：ABCD

题目：下列哪一选项不符合服务对象离世后的处理要求？
A.保持其身体清洁
B.调整其体位至自然状态
C.对其进行基本的外观整理以确保尊严
D.依照家属要求为其化妆以修饰外观
E.清洁其面部并维持温和表情
【思考过程】：
",D,客观题
医患关系,"你是一个严格按照要求答题的医学考试考生。请你先展示出完整的思考过程，然后再输出最终答案。每道题目有至少两个选项（A、B）至多五个选项（A、B、C、D、E），题目为不定项选择题，请按照以下格式作答：

【思考过程】：...

【最终答案】：AB / BCE / CD / DE / E / ...（只输出选项的编号，不要写选项内容）

示例：
题目：医疗伦理中四大基本原则是？
A.尊重自主权
B.善意行为
C.无害原则
D.公正原则
E.以上都不是
【思考过程】：本题考查医学伦理的四大基本原则，包括尊重自主权、不伤害原则、行善原则、公正原则。

【最终答案】：ABCD

题目：以下哪一项属于安宁疗护机构在患者离世后应履行的义务？
A.全权负责葬礼流程设计
B.协助相关第三方完成殡葬事宜
C.为家属提供哀伤心理辅导
D.向家属发放经济援助金
【思考过程】：
",BC,客观题
医患关系,"你是一个严格按照要求答题的医学考试考生。请你先展示出完整的思考过程，然后再输出最终答案。每道题目有至少两个选项（A、B）至多五个选项（A、B、C、D、E），题目为不定项选择题，请按照以下格式作答：

【思考过程】：...

【最终答案】：AB / BCE / CD / DE / E / ...（只输出选项的编号，不要写选项内容）

示例：
题目：医疗伦理中四大基本原则是？
A.尊重自主权
B.善意行为
C.无害原则
D.公正原则
E.以上都不是
【思考过程】：本题考查医学伦理的四大基本原则，包括尊重自主权、不伤害原则、行善原则、公正原则。

【最终答案】：ABCD

题目：以下哪项措施最符合“加强评估和观察，防范意外”的要求？
A.在值班护士交班时集中检查体征
B.每天定时进行两次综合评估并记录行为异常风险
C.仅在患者主诉不适时安排专科医师会诊
D.要求家属每12小时提交书面病情报告
E.安装离床报警系统并实时监测睡眠状态
【思考过程】：
",BE,客观题
医患关系,"你是一个严格按照要求答题的医学考试考生。请你先展示出完整的思考过程，然后再输出最终答案。每道题目有至少两个选项（A、B）至多五个选项（A、B、C、D、E），题目为不定项选择题，请按照以下格式作答：

【思考过程】：...

【最终答案】：AB / BCE / CD / DE / E / ...（只输出选项的编号，不要写选项内容）

示例：
题目：医疗伦理中四大基本原则是？
A.尊重自主权
B.善意行为
C.无害原则
D.公正原则
E.以上都不是
【思考过程】：本题考查医学伦理的四大基本原则，包括尊重自主权、不伤害原则、行善原则、公正原则。

【最终答案】：ABCD

题目：根据相关规定，对有自残、自杀倾向的安宁疗护服务对象应采取哪些措施？
A.早预防
B.早诊断
C.早发现
D.早干预
E.早治疗
【思考过程】：
",ACD,客观题
医患关系,"你是一个严格按照要求答题的医学考试考生。请你先展示出完整的思考过程，然后再输出最终答案。每道题目有至少两个选项（A、B）至多五个选项（A、B、C、D、E），题目为不定项选择题，请按照以下格式作答：

【思考过程】：...

【最终答案】：AB / BCE / CD / DE / E / ...（只输出选项的编号，不要写选项内容）

示例：
题目：医疗伦理中四大基本原则是？
A.尊重自主权
B.善意行为
C.无害原则
D.公正原则
E.以上都不是
【思考过程】：本题考查医学伦理的四大基本原则，包括尊重自主权、不伤害原则、行善原则、公正原则。

【最终答案】：ABCD

题目：以下哪些服务属于安宁疗护的规范化服务内容？
A.医疗干预服务
B.日常护理服务
C.心理咨询服务
D.法律纠纷调解服务
E.营养强化补充服务
【思考过程】：
",ABC,客观题
医患关系,"你是一个严格按照要求答题的医学考试考生。请你先展示出完整的思考过程，然后再输出最终答案。每道题目有至少两个选项（A、B）至多五个选项（A、B、C、D、E），题目为不定项选择题，请按照以下格式作答：

【思考过程】：...

【最终答案】：AB / BCE / CD / DE / E / ...（只输出选项的编号，不要写选项内容）

示例：
题目：医疗伦理中四大基本原则是？
A.尊重自主权
B.善意行为
C.无害原则
D.公正原则
E.以上都不是
【思考过程】：本题考查医学伦理的四大基本原则，包括尊重自主权、不伤害原则、行善原则、公正原则。

【最终答案】：ABCD

题目：以下哪项做法符合安宁疗护的伦理要求？
A. 根据老年患者本人意愿制定护理计划
B. 完全按照老年人家属要求实施治疗
C. 综合老年人与家属意愿提供全面照护以提高临终生活质量
D. 以延长生存时间为目标采取积极抢救措施
E. 在家属反对时根据患者意愿停止心理支持
【思考过程】：
",C,客观题
医患关系,"你是一个严格按照要求答题的医学考试考生。请你先展示出完整的思考过程，然后再输出最终答案。每道题目有至少两个选项（A、B）至多五个选项（A、B、C、D、E），题目为不定项选择题，请按照以下格式作答：

【思考过程】：...

【最终答案】：AB / BCE / CD / DE / E / ...（只输出选项的编号，不要写选项内容）

示例：
题目：医疗伦理中四大基本原则是？
A.尊重自主权
B.善意行为
C.无害原则
D.公正原则
E.以上都不是
【思考过程】：本题考查医学伦理的四大基本原则，包括尊重自主权、不伤害原则、行善原则、公正原则。

【最终答案】：ABCD

题目：在安宁疗护过程中，以下哪些做法符合“尊重老年人人格并维护其个人权益，保护其隐私”的要求？
A.向家属隐瞒老年人的真实病情以回避纠纷，B.在疗护计划制定时征求老年人本人意见，C.允许护工在未取得授权时向社区人员报告患者用药情况，D.在公共区域讨论病情时主动隐去患者姓名，E.因护理需要将老年人约束带固定在床
【思考过程】：
",BD,客观题
医患关系,"你是一个严格按照要求答题的医学考试考生。请你先展示出完整的思考过程，然后再输出最终答案。每道题目有至少两个选项（A、B）至多五个选项（A、B、C、D、E），题目为不定项选择题，请按照以下格式作答：

【思考过程】：...

【最终答案】：AB / BCE / CD / DE / E / ...（只输出选项的编号，不要写选项内容）

示例：
题目：医疗伦理中四大基本原则是？
A.尊重自主权
B.善意行为
C.无害原则
D.公正原则
E.以上都不是
【思考过程】：本题考查医学伦理的四大基本原则，包括尊重自主权、不伤害原则、行善原则、公正原则。

【最终答案】：ABCD

题目：在安宁疗护服务中，以下哪项不属于服务人员应具备的素质和职责要求？
A.尊重老年人隐私
B.定期向家属详细汇报病人每日情况
C.语言亲切、有礼
D.工作耐心、细致
E.富有爱心和同情心
【思考过程】：
",B,客观题
医患关系,"你是一个严格按照要求答题的医学考试考生。请你先展示出完整的思考过程，然后再输出最终答案。每道题目有至少两个选项（A、B）至多五个选项（A、B、C、D、E），题目为不定项选择题，请按照以下格式作答：

【思考过程】：...

【最终答案】：AB / BCE / CD / DE / E / ...（只输出选项的编号，不要写选项内容）

示例：
题目：医疗伦理中四大基本原则是？
A.尊重自主权
B.善意行为
C.无害原则
D.公正原则
E.以上都不是
【思考过程】：本题考查医学伦理的四大基本原则，包括尊重自主权、不伤害原则、行善原则、公正原则。

【最终答案】：ABCD

题目：对疼痛老年人进行护理时，需要评估以下哪些内容？
A.疼痛程度
B.疼痛类型
C.患者睡眠质量
D.疼痛部位
E.持续时间
【思考过程】：
",ADE,客观题
医患关系,"你是一个严格按照要求答题的医学考试考生。请你先展示出完整的思考过程，然后再输出最终答案。每道题目有至少两个选项（A、B）至多五个选项（A、B、C、D、E），题目为不定项选择题，请按照以下格式作答：

【思考过程】：...

【最终答案】：AB / BCE / CD / DE / E / ...（只输出选项的编号，不要写选项内容）

示例：
题目：医疗伦理中四大基本原则是？
A.尊重自主权
B.善意行为
C.无害原则
D.公正原则
E.以上都不是
【思考过程】：本题考查医学伦理的四大基本原则，包括尊重自主权、不伤害原则、行善原则、公正原则。

【最终答案】：ABCD

题目：当安宁疗护中的老年患者出现严重心理问题时，以下哪项处理方式符合法律规定？
A.由家属进行心理疏导
B.由护工定期给予情绪支持
C.由护士尝试安慰沟通
D.转介至专业心理治疗师
E.暂不干预并观察两周
【思考过程】：
",D,客观题
医患关系,"你是一个严格按照要求答题的医学考试考生。请你先展示出完整的思考过程，然后再输出最终答案。每道题目有至少两个选项（A、B）至多五个选项（A、B、C、D、E），题目为不定项选择题，请按照以下格式作答：

【思考过程】：...

【最终答案】：AB / BCE / CD / DE / E / ...（只输出选项的编号，不要写选项内容）

示例：
题目：医疗伦理中四大基本原则是？
A.尊重自主权
B.善意行为
C.无害原则
D.公正原则
E.以上都不是
【思考过程】：本题考查医学伦理的四大基本原则，包括尊重自主权、不伤害原则、行善原则、公正原则。

【最终答案】：ABCD

题目：以下哪种做法符合安宁疗护中对患者后事处理的规定？
A.完全根据医院标准化流程处理后事
B.依据老人的生前遗嘱和当地习俗指导家属
C.主治医生直接决定遗体处理方式
D.要求家属必须达成统一处理意见后实施
【思考过程】：
",B,客观题
医患关系,"你是一个严格按照要求答题的医学考试考生。请你先展示出完整的思考过程，然后再输出最终答案。每道题目有至少两个选项（A、B）至多五个选项（A、B、C、D、E），题目为不定项选择题，请按照以下格式作答：

【思考过程】：...

【最终答案】：AB / BCE / CD / DE / E / ...（只输出选项的编号，不要写选项内容）

示例：
题目：医疗伦理中四大基本原则是？
A.尊重自主权
B.善意行为
C.无害原则
D.公正原则
E.以上都不是
【思考过程】：本题考查医学伦理的四大基本原则，包括尊重自主权、不伤害原则、行善原则、公正原则。

【最终答案】：ABCD

题目：以下哪项属于允许入住关怀区的老人需满足的条件之一？
A.经医疗机构诊断为癌症中期的患者
B.各种原因导致单器官衰竭的老人
C.预计存活期超过1年的其他疾病失代偿期患者
D.居家老人生命末期无服务需求者
E.器官衰竭治疗有效且存活期超过6个月的老人
【思考过程】：
",B,客观题
医患关系,"你是一个严格按照要求答题的医学考试考生。请你先展示出完整的思考过程，然后再输出最终答案。每道题目有至少两个选项（A、B）至多五个选项（A、B、C、D、E），题目为不定项选择题，请按照以下格式作答：

【思考过程】：...

【最终答案】：AB / BCE / CD / DE / E / ...（只输出选项的编号，不要写选项内容）

示例：
题目：医疗伦理中四大基本原则是？
A.尊重自主权
B.善意行为
C.无害原则
D.公正原则
E.以上都不是
【思考过程】：本题考查医学伦理的四大基本原则，包括尊重自主权、不伤害原则、行善原则、公正原则。

【最终答案】：ABCD

题目：根据安宁疗护关怀科/室设置规范，以下哪些区域必须设置？（多选）
A.临终服务区
B.家属陪伴室
C.宗教信仰活动厅
D.工作服务辅助区（配备临终舒缓医疗物品）
E.重症监护室
【思考过程】：
",BD,客观题
医患关系,"你是一个严格按照要求答题的医学考试考生。请你先展示出完整的思考过程，然后再输出最终答案。每道题目有至少两个选项（A、B）至多五个选项（A、B、C、D、E），题目为不定项选择题，请按照以下格式作答：

【思考过程】：...

【最终答案】：AB / BCE / CD / DE / E / ...（只输出选项的编号，不要写选项内容）

示例：
题目：医疗伦理中四大基本原则是？
A.尊重自主权
B.善意行为
C.无害原则
D.公正原则
E.以上都不是
【思考过程】：本题考查医学伦理的四大基本原则，包括尊重自主权、不伤害原则、行善原则、公正原则。

【最终答案】：ABCD

题目：以下哪种做法不符合安宁疗护中对老人的首要目标？
A.全程监测疼痛评分并调整药物剂量
B.为呼吸困难患者提供氧疗支持
C.定期评估胃肠不适并给予营养干预
D.制定积极治疗方案以延长生存期
【思考过程】：
",D,客观题
医患关系,"你是一个严格按照要求答题的医学考试考生。请你先展示出完整的思考过程，然后再输出最终答案。每道题目有至少两个选项（A、B）至多五个选项（A、B、C、D、E），题目为不定项选择题，请按照以下格式作答：

【思考过程】：...

【最终答案】：AB / BCE / CD / DE / E / ...（只输出选项的编号，不要写选项内容）

示例：
题目：医疗伦理中四大基本原则是？
A.尊重自主权
B.善意行为
C.无害原则
D.公正原则
E.以上都不是
【思考过程】：本题考查医学伦理的四大基本原则，包括尊重自主权、不伤害原则、行善原则、公正原则。

【最终答案】：ABCD

题目：以下哪项行为违反了安宁疗护服务人员的伦理要求？
A.将老人的病情细节告知未经其同意的家属
B.要求所有老人按照统一作息时间生活
C.在病历中详细记录老人的生活习惯但不与第三方分享
D.根据家属要求调整老人的镇痛药物剂量
【思考过程】：
",AB,客观题
医患关系,"你是一个严格按照要求答题的医学考试考生。请你先展示出完整的思考过程，然后再输出最终答案。每道题目有至少两个选项（A、B）至多五个选项（A、B、C、D、E），题目为不定项选择题，请按照以下格式作答：

【思考过程】：...

【最终答案】：AB / BCE / CD / DE / E / ...（只输出选项的编号，不要写选项内容）

示例：
题目：医疗伦理中四大基本原则是？
A.尊重自主权
B.善意行为
C.无害原则
D.公正原则
E.以上都不是
【思考过程】：本题考查医学伦理的四大基本原则，包括尊重自主权、不伤害原则、行善原则、公正原则。

【最终答案】：ABCD

题目：下列哪几项符合安宁疗护中对患者后事处理的相关要求？
A.完全按家属意愿处理后事
B.提前按老人遗愿备好衣物
C.参考合理的民风民俗操作
D.要求全体家属到场并签字同意
E.对处理过程进行详细消毒杀菌指导
【思考过程】：
",BCE,客观题
医患关系,"你是一个严格按照要求答题的医学考试考生。请你先展示出完整的思考过程，然后再输出最终答案。每道题目有至少两个选项（A、B）至多五个选项（A、B、C、D、E），题目为不定项选择题，请按照以下格式作答：

【思考过程】：...

【最终答案】：AB / BCE / CD / DE / E / ...（只输出选项的编号，不要写选项内容）

示例：
题目：医疗伦理中四大基本原则是？
A.尊重自主权
B.善意行为
C.无害原则
D.公正原则
E.以上都不是
【思考过程】：本题考查医学伦理的四大基本原则，包括尊重自主权、不伤害原则、行善原则、公正原则。

【最终答案】：ABCD

题目：下列哪些做法不符合安宁疗护中遗体料理的操作规范？
A.使用医用消毒剂清洁逝者身体表面
B.根据家属要求将逝者头部垫高至45度
C.遗体料理过程中与其他医护轻声讨论下午工作安排
D.为保持自然形态使用软枕支撑逝者腰背部
【思考过程】：
",BC,客观题
医患关系,"你是一个严格按照要求答题的医学考试考生。请你先展示出完整的思考过程，然后再输出最终答案。每道题目有至少两个选项（A、B）至多五个选项（A、B、C、D、E），题目为不定项选择题，请按照以下格式作答：

【思考过程】：...

【最终答案】：AB / BCE / CD / DE / E / ...（只输出选项的编号，不要写选项内容）

示例：
题目：医疗伦理中四大基本原则是？
A.尊重自主权
B.善意行为
C.无害原则
D.公正原则
E.以上都不是
【思考过程】：本题考查医学伦理的四大基本原则，包括尊重自主权、不伤害原则、行善原则、公正原则。

【最终答案】：ABCD

题目：以下哪些内容属于安宁疗护的管理要求？
A.制定安宁疗护操作规程
B.建立绩效考核激励机制
C.明确工作人员岗位职责
D.落实安全管理和感染防控措施
E.制定后勤保障制度
【思考过程】：
",ACD,客观题
医患关系,"你是一个严格按照要求答题的医学考试考生。请你先展示出完整的思考过程，然后再输出最终答案。每道题目有至少两个选项（A、B）至多五个选项（A、B、C、D、E），题目为不定项选择题，请按照以下格式作答：

【思考过程】：...

【最终答案】：AB / BCE / CD / DE / E / ...（只输出选项的编号，不要写选项内容）

示例：
题目：医疗伦理中四大基本原则是？
A.尊重自主权
B.善意行为
C.无害原则
D.公正原则
E.以上都不是
【思考过程】：本题考查医学伦理的四大基本原则，包括尊重自主权、不伤害原则、行善原则、公正原则。

【最终答案】：ABCD

题目：根据相关规定，建立安宁疗护质量管理体系时需要包括以下哪些要求？
A.落实质量控制措施
B.依托省级安宁疗护服务管理部门执行
C.遵循诊疗护理相关指南
D.以经济效益为核心考核指标
E.体现人文关怀
【思考过程】：
",ACE,客观题
医患关系,"你是一个严格按照要求答题的医学考试考生。请你先展示出完整的思考过程，然后再输出最终答案。每道题目有至少两个选项（A、B）至多五个选项（A、B、C、D、E），题目为不定项选择题，请按照以下格式作答：

【思考过程】：...

【最终答案】：AB / BCE / CD / DE / E / ...（只输出选项的编号，不要写选项内容）

示例：
题目：医疗伦理中四大基本原则是？
A.尊重自主权
B.善意行为
C.无害原则
D.公正原则
E.以上都不是
【思考过程】：本题考查医学伦理的四大基本原则，包括尊重自主权、不伤害原则、行善原则、公正原则。

【最终答案】：ABCD

题目：以下哪些属于安宁疗护服务原则中明确的导向？
A.以医护人员专业判断为中心
B.患者自愿
C.尊重患者
D.平等公正
E.最大化利用医疗资源
【思考过程】：
",BCD,客观题
医患关系,"你是一个严格按照要求答题的医学考试考生。请你先展示出完整的思考过程，然后再输出最终答案。每道题目有至少两个选项（A、B）至多五个选项（A、B、C、D、E），题目为不定项选择题，请按照以下格式作答：

【思考过程】：...

【最终答案】：AB / BCE / CD / DE / E / ...（只输出选项的编号，不要写选项内容）

示例：
题目：医疗伦理中四大基本原则是？
A.尊重自主权
B.善意行为
C.无害原则
D.公正原则
E.以上都不是
【思考过程】：本题考查医学伦理的四大基本原则，包括尊重自主权、不伤害原则、行善原则、公正原则。

【最终答案】：ABCD

题目：以下哪项属于安宁疗护的舒适照护内容？
A.三阶梯镇痛服务
B.病室环境管理
C.化疗护理计划
D.静脉导管维护
E.中医药食疗服务
【思考过程】：
",BD,客观题
医患关系,"你是一个严格按照要求答题的医学考试考生。请你先展示出完整的思考过程，然后再输出最终答案。每道题目有至少两个选项（A、B）至多五个选项（A、B、C、D、E），题目为不定项选择题，请按照以下格式作答：

【思考过程】：...

【最终答案】：AB / BCE / CD / DE / E / ...（只输出选项的编号，不要写选项内容）

示例：
题目：医疗伦理中四大基本原则是？
A.尊重自主权
B.善意行为
C.无害原则
D.公正原则
E.以上都不是
【思考过程】：本题考查医学伦理的四大基本原则，包括尊重自主权、不伤害原则、行善原则、公正原则。

【最终答案】：ABCD

题目：在安宁疗护中，服务协议的签署要求是以下哪一种？
A.只需患者本人签署即可
B.患者意识不清时由家属单独签署
C.患者与家属双方均知情同意并自愿签署
D.无需签署口头承诺即可
【思考过程】：
",C,客观题
医患关系,"你是一个严格按照要求答题的医学考试考生。请你先展示出完整的思考过程，然后再输出最终答案。每道题目有至少两个选项（A、B）至多五个选项（A、B、C、D、E），题目为不定项选择题，请按照以下格式作答：

【思考过程】：...

【最终答案】：AB / BCE / CD / DE / E / ...（只输出选项的编号，不要写选项内容）

示例：
题目：医疗伦理中四大基本原则是？
A.尊重自主权
B.善意行为
C.无害原则
D.公正原则
E.以上都不是
【思考过程】：本题考查医学伦理的四大基本原则，包括尊重自主权、不伤害原则、行善原则、公正原则。

【最终答案】：ABCD

题目：根据相关法规，哪种情况的患者符合安宁疗护准入条件？
A. 经社区卫生服务中心医师评估为终末期，预计生存期≤6个月  
B. 三级甲等医院主治医师诊断为晚期恶性肿瘤，预计生存期≤1年  
C. 二级医院多学科团队确诊的不可治愈疾病患者，预生存期≤1年  
D. 经三级医院专科医生评估的终末期患者，预生存期≤9个月  
E. 二级及以上医疗机构多学科评估的不可治愈疾病晚期患者，预生存期≤6个月
【思考过程】：
",E,客观题
医患关系,"你是一个严格按照要求答题的医学考试考生。请你先展示出完整的思考过程，然后再输出最终答案。每道题目有至少两个选项（A、B）至多五个选项（A、B、C、D、E），题目为不定项选择题，请按照以下格式作答：

【思考过程】：...

【最终答案】：AB / BCE / CD / DE / E / ...（只输出选项的编号，不要写选项内容）

示例：
题目：医疗伦理中四大基本原则是？
A.尊重自主权
B.善意行为
C.无害原则
D.公正原则
E.以上都不是
【思考过程】：本题考查医学伦理的四大基本原则，包括尊重自主权、不伤害原则、行善原则、公正原则。

【最终答案】：ABCD

题目：以下哪几项服务是安宁疗护中针对患者及家属情绪和心理问题必须提供的？（注：“必须提供”为实际规定内容）
A.心理治疗
B.心理咨询
C.心理疏导
D.心理支持
E.社会援助
【思考过程】：
",BCD,客观题
医患关系,"你是一个严格按照要求答题的医学考试考生。请你先展示出完整的思考过程，然后再输出最终答案。每道题目有至少两个选项（A、B）至多五个选项（A、B、C、D、E），题目为不定项选择题，请按照以下格式作答：

【思考过程】：...

【最终答案】：AB / BCE / CD / DE / E / ...（只输出选项的编号，不要写选项内容）

示例：
题目：医疗伦理中四大基本原则是？
A.尊重自主权
B.善意行为
C.无害原则
D.公正原则
E.以上都不是
【思考过程】：本题考查医学伦理的四大基本原则，包括尊重自主权、不伤害原则、行善原则、公正原则。

【最终答案】：ABCD

题目：在安宁疗护中，以下哪些做法符合伦理要求？
A.在患者知情同意下，向其配偶如实告知病情详情
B.未经患者许可，向社区志愿者公开患者的治疗过程
C.为所有疗护患者统一安排每周两次的心理健康讲座
D.未经家属授权收集患者抑郁症状数据用于研究
E.与患者沟通后，制定符合其信仰的精神抚慰方案
【思考过程】：
",AE,客观题
医患关系,"你是一个严格按照要求答题的医学考试考生。请你先展示出完整的思考过程，然后再输出最终答案。每道题目有至少两个选项（A、B）至多五个选项（A、B、C、D、E），题目为不定项选择题，请按照以下格式作答：

【思考过程】：...

【最终答案】：AB / BCE / CD / DE / E / ...（只输出选项的编号，不要写选项内容）

示例：
题目：医疗伦理中四大基本原则是？
A.尊重自主权
B.善意行为
C.无害原则
D.公正原则
E.以上都不是
【思考过程】：本题考查医学伦理的四大基本原则，包括尊重自主权、不伤害原则、行善原则、公正原则。

【最终答案】：ABCD

题目：在安宁疗护中，为维护患者生命尊严，以下哪些疗法属于可采用的正确方式？
A.人生回顾疗法
B.意义疗法
C.尊严疗法
D.缅怀疗法
E.认知行为疗法
【思考过程】：
",ABCD,客观题
医患关系,"你是一个严格按照要求答题的医学考试考生。请你先展示出完整的思考过程，然后再输出最终答案。每道题目有至少两个选项（A、B）至多五个选项（A、B、C、D、E），题目为不定项选择题，请按照以下格式作答：

【思考过程】：...

【最终答案】：AB / BCE / CD / DE / E / ...（只输出选项的编号，不要写选项内容）

示例：
题目：医疗伦理中四大基本原则是？
A.尊重自主权
B.善意行为
C.无害原则
D.公正原则
E.以上都不是
【思考过程】：本题考查医学伦理的四大基本原则，包括尊重自主权、不伤害原则、行善原则、公正原则。

【最终答案】：ABCD

题目：以下哪种做法符合安宁疗护中对家属支持的法律规定？
A.为家属提供心理督导，B.向家属提供哀伤辅导，C.向患者提供精神支持服务，D.为家属组织丧亲支持小组，E.为家属进行心理健康评估
【思考过程】：
",BD,客观题
医患关系,"你是一个严格按照要求答题的医学考试考生。请你先展示出完整的思考过程，然后再输出最终答案。每道题目有至少两个选项（A、B）至多五个选项（A、B、C、D、E），题目为不定项选择题，请按照以下格式作答：

【思考过程】：...

【最终答案】：AB / BCE / CD / DE / E / ...（只输出选项的编号，不要写选项内容）

示例：
题目：医疗伦理中四大基本原则是？
A.尊重自主权
B.善意行为
C.无害原则
D.公正原则
E.以上都不是
【思考过程】：本题考查医学伦理的四大基本原则，包括尊重自主权、不伤害原则、行善原则、公正原则。

【最终答案】：ABCD

题目：以下哪种做法最符合关于安宁疗护中患者意愿处理的相关规定？
A.医护人员主动询问并协助患者完成生前愿望和身后事务
B.等待患者主动提出需求后再给予支持
C.仅由家属代为安排患者身后事务
D.记录患者需求但无需提供实质性帮助
【思考过程】：
",A,客观题
医患关系,"你是一个严格按照要求答题的医学考试考生。请你先展示出完整的思考过程，然后再输出最终答案。每道题目有至少两个选项（A、B）至多五个选项（A、B、C、D、E），题目为不定项选择题，请按照以下格式作答：

【思考过程】：...

【最终答案】：AB / BCE / CD / DE / E / ...（只输出选项的编号，不要写选项内容）

示例：
题目：医疗伦理中四大基本原则是？
A.尊重自主权
B.善意行为
C.无害原则
D.公正原则
E.以上都不是
【思考过程】：本题考查医学伦理的四大基本原则，包括尊重自主权、不伤害原则、行善原则、公正原则。

【最终答案】：ABCD

题目：患者要求医院提供其病案资料时，以下哪项属于必须提供范围？
A. 护工记录
B. 护理论录
C. 会诊申请单
D. 患者自评表
E. 检查报告
【思考过程】：
",BE,客观题
医患关系,"你是一个严格按照要求答题的医学考试考生。请你先展示出完整的思考过程，然后再输出最终答案。每道题目有至少两个选项（A、B）至多五个选项（A、B、C、D、E），题目为不定项选择题，请按照以下格式作答：

【思考过程】：...

【最终答案】：AB / BCE / CD / DE / E / ...（只输出选项的编号，不要写选项内容）

示例：
题目：医疗伦理中四大基本原则是？
A.尊重自主权
B.善意行为
C.无害原则
D.公正原则
E.以上都不是
【思考过程】：本题考查医学伦理的四大基本原则，包括尊重自主权、不伤害原则、行善原则、公正原则。

【最终答案】：ABCD

题目：以下哪项关于医疗机构赔偿责任的说法是正确的？
A.只要患者在诊疗活动中受损，医疗机构必须赔偿; B.只有在医务人员故意造成损害时，医疗机构才赔偿; C.医疗机构有过错导致患者受损时必须赔偿; D.医务人员个人有过错时由其自行赔偿; E.即使医疗机构无过错，也应给予患者适当补偿
【思考过程】：
",C,客观题
医患关系,"你是一个严格按照要求答题的医学考试考生。请你先展示出完整的思考过程，然后再输出最终答案。每道题目有至少两个选项（A、B）至多五个选项（A、B、C、D、E），题目为不定项选择题，请按照以下格式作答：

【思考过程】：...

【最终答案】：AB / BCE / CD / DE / E / ...（只输出选项的编号，不要写选项内容）

示例：
题目：医疗伦理中四大基本原则是？
A.尊重自主权
B.善意行为
C.无害原则
D.公正原则
E.以上都不是
【思考过程】：本题考查医学伦理的四大基本原则，包括尊重自主权、不伤害原则、行善原则、公正原则。

【最终答案】：ABCD

题目：下列哪些行为可能使医疗机构承担侵权责任？
A.护士在社交媒体讨论患者病情但未提及姓名
B.经患者书面同意后公开完整病历用于学术会议
C.未经家属同意公开已故患者的完整就诊记录
D.因系统故障导致患者检查结果被其他病患浏览
E.未经患者同意将部分脱敏处理的化验单用于科室内部培训
【思考过程】：
",CD,客观题
医患关系,"你是一个严格按照要求答题的医学考试考生。请你先展示出完整的思考过程，然后再输出最终答案。每道题目有至少两个选项（A、B）至多五个选项（A、B、C、D、E），题目为不定项选择题，请按照以下格式作答：

【思考过程】：...

【最终答案】：AB / BCE / CD / DE / E / ...（只输出选项的编号，不要写选项内容）

示例：
题目：医疗伦理中四大基本原则是？
A.尊重自主权
B.善意行为
C.无害原则
D.公正原则
E.以上都不是
【思考过程】：本题考查医学伦理的四大基本原则，包括尊重自主权、不伤害原则、行善原则、公正原则。

【最终答案】：ABCD

题目：以下哪些属于医疗卫生人员应弘扬的崇高职业精神？（多选）
A.敬佑生命
B.救死扶伤
C.甘于奉献
D.大爱无疆
E.追求效率
【思考过程】：
",ABCD,客观题
医患关系,"你是一个严格按照要求答题的医学考试考生。请你先展示出完整的思考过程，然后再输出最终答案。每道题目有至少两个选项（A、B）至多五个选项（A、B、C、D、E），题目为不定项选择题，请按照以下格式作答：

【思考过程】：...

【最终答案】：AB / BCE / CD / DE / E / ...（只输出选项的编号，不要写选项内容）

示例：
题目：医疗伦理中四大基本原则是？
A.尊重自主权
B.善意行为
C.无害原则
D.公正原则
E.以上都不是
【思考过程】：本题考查医学伦理的四大基本原则，包括尊重自主权、不伤害原则、行善原则、公正原则。

【最终答案】：ABCD

题目：以下哪些属于我国法律对医疗卫生人员的强制性要求？
A.每两年参加一次专业技能培训
B.必须持有医疗卫生机构颁发的专业证书
C.通过医德年度考核合格
D.获得主管部门的执业注册
E.依法取得相应职业资格
【思考过程】：
",DE,客观题
医患关系,"你是一个严格按照要求答题的医学考试考生。请你先展示出完整的思考过程，然后再输出最终答案。每道题目有至少两个选项（A、B）至多五个选项（A、B、C、D、E），题目为不定项选择题，请按照以下格式作答：

【思考过程】：...

【最终答案】：AB / BCE / CD / DE / E / ...（只输出选项的编号，不要写选项内容）

示例：
题目：医疗伦理中四大基本原则是？
A.尊重自主权
B.善意行为
C.无害原则
D.公正原则
E.以上都不是
【思考过程】：本题考查医学伦理的四大基本原则，包括尊重自主权、不伤害原则、行善原则、公正原则。

【最终答案】：ABCD

题目：下列哪项属于医疗卫生人员的法定义务？
A.尊重患者人格尊严
B.遵守诊疗制度和医疗卫生服务秩序
C.平等对待患者并保护隐私
D.要求患者提供既往全部健康信息
【思考过程】：
",ABC,客观题
医患关系,"你是一个严格按照要求答题的医学考试考生。请你先展示出完整的思考过程，然后再输出最终答案。每道题目有至少两个选项（A、B）至多五个选项（A、B、C、D、E），题目为不定项选择题，请按照以下格式作答：

【思考过程】：...

【最终答案】：AB / BCE / CD / DE / E / ...（只输出选项的编号，不要写选项内容）

示例：
题目：医疗伦理中四大基本原则是？
A.尊重自主权
B.善意行为
C.无害原则
D.公正原则
E.以上都不是
【思考过程】：本题考查医学伦理的四大基本原则，包括尊重自主权、不伤害原则、行善原则、公正原则。

【最终答案】：ABCD

题目：在突发公共事件中因参与救治致病致残的医疗人员，可依法获得以下哪些待遇？
A.工伤认定及补偿
B.终身医疗保险优先权
C.烈士褒扬待遇
D.直系亲属就业优先政策
E.抚恤金
【思考过程】：
",ACE,客观题
医患关系,"你是一个严格按照要求答题的医学考试考生。请你先展示出完整的思考过程，然后再输出最终答案。每道题目有至少两个选项（A、B）至多五个选项（A、B、C、D、E），题目为不定项选择题，请按照以下格式作答：

【思考过程】：...

【最终答案】：AB / BCE / CD / DE / E / ...（只输出选项的编号，不要写选项内容）

示例：
题目：医疗伦理中四大基本原则是？
A.尊重自主权
B.善意行为
C.无害原则
D.公正原则
E.以上都不是
【思考过程】：本题考查医学伦理的四大基本原则，包括尊重自主权、不伤害原则、行善原则、公正原则。

【最终答案】：ABCD

题目：某护士下列哪些行为违反了《医疗机构工作人员廉洁从业九项准则》？
A.接受出院患者赠送的电子礼品卡
B.强制要求家属购买指定药店的自费药品
C.向患者推荐非备案注册的私人诊所
D.公示收取20元夜间加急护理服务费
E.要求患者家属提供工作单位开具的免费耗材证明
【思考过程】：
",ABC,客观题
医患关系,"你是一个严格按照要求答题的医学考试考生。请你先展示出完整的思考过程，然后再输出最终答案。每道题目有至少两个选项（A、B）至多五个选项（A、B、C、D、E），题目为不定项选择题，请按照以下格式作答：

【思考过程】：...

【最终答案】：AB / BCE / CD / DE / E / ...（只输出选项的编号，不要写选项内容）

示例：
题目：医疗伦理中四大基本原则是？
A.尊重自主权
B.善意行为
C.无害原则
D.公正原则
E.以上都不是
【思考过程】：本题考查医学伦理的四大基本原则，包括尊重自主权、不伤害原则、行善原则、公正原则。

【最终答案】：ABCD

题目：以下哪些行为被相关法律法规明确禁止？
A.威胁医疗卫生人员人身安全
B.侵犯医疗卫生人员人格尊严
C.患者家属因费用争议拒绝支付医疗账单
D.未经允许查看护士的个人社交媒体账号
E.疫情高峰期患者排队时间超过4小时
【思考过程】：
",AB,客观题
医患关系,"你是一个严格按照要求答题的医学考试考生。请你先展示出完整的思考过程，然后再输出最终答案。每道题目有至少两个选项（A、B）至多五个选项（A、B、C、D、E），题目为不定项选择题，请按照以下格式作答：

【思考过程】：...

【最终答案】：AB / BCE / CD / DE / E / ...（只输出选项的编号，不要写选项内容）

示例：
题目：医疗伦理中四大基本原则是？
A.尊重自主权
B.善意行为
C.无害原则
D.公正原则
E.以上都不是
【思考过程】：本题考查医学伦理的四大基本原则，包括尊重自主权、不伤害原则、行善原则、公正原则。

【最终答案】：ABCD

题目：以下表述是否正确：医院为快速处理医患冲突，允许患者家属对不配合治疗的护士采取短暂人身限制措施。
A.正确
B.错误
【思考过程】：
",B,客观题
医患关系,"你是一个严格按照要求答题的医学考试考生。请你先展示出完整的思考过程，然后再输出最终答案。每道题目有至少两个选项（A、B）至多五个选项（A、B、C、D、E），题目为不定项选择题，请按照以下格式作答：

【思考过程】：...

【最终答案】：AB / BCE / CD / DE / E / ...（只输出选项的编号，不要写选项内容）

示例：
题目：医疗伦理中四大基本原则是？
A.尊重自主权
B.善意行为
C.无害原则
D.公正原则
E.以上都不是
【思考过程】：本题考查医学伦理的四大基本原则，包括尊重自主权、不伤害原则、行善原则、公正原则。

【最终答案】：ABCD

题目：以下表述是否正确：在紧急抢救场景下，未取得护士执业证书的医疗学院毕业生在患者家属要求下可以执行静脉穿刺操作。
A.正确
B.错误
【思考过程】：
",B,客观题
医患关系,"你是一个严格按照要求答题的医学考试考生。请你先展示出完整的思考过程，然后再输出最终答案。每道题目有至少两个选项（A、B）至多五个选项（A、B、C、D、E），题目为不定项选择题，请按照以下格式作答：

【思考过程】：...

【最终答案】：AB / BCE / CD / DE / E / ...（只输出选项的编号，不要写选项内容）

示例：
题目：医疗伦理中四大基本原则是？
A.尊重自主权
B.善意行为
C.无害原则
D.公正原则
E.以上都不是
【思考过程】：本题考查医学伦理的四大基本原则，包括尊重自主权、不伤害原则、行善原则、公正原则。

【最终答案】：ABCD

题目：以下哪些属于护士执业时依法享有的权利？
A.获取工资报酬
B.享受年度旅游津贴
C.参加社会保险
D.优先晋升职称
E.医院分配的股权激励
【思考过程】：
",AC,客观题
医患关系,"你是一个严格按照要求答题的医学考试考生。请你先展示出完整的思考过程，然后再输出最终答案。每道题目有至少两个选项（A、B）至多五个选项（A、B、C、D、E），题目为不定项选择题，请按照以下格式作答：

【思考过程】：...

【最终答案】：AB / BCE / CD / DE / E / ...（只输出选项的编号，不要写选项内容）

示例：
题目：医疗伦理中四大基本原则是？
A.尊重自主权
B.善意行为
C.无害原则
D.公正原则
E.以上都不是
【思考过程】：本题考查医学伦理的四大基本原则，包括尊重自主权、不伤害原则、行善原则、公正原则。

【最终答案】：ABCD

题目：以下关于护士权利的说法中，正确的是？
A.可拒绝任何存在职业暴露风险的工作
B.从事有感染风险工作时应接受职业健康检查
C.有权要求医院提供免费的年度体检
D.患职业病后有权依法获得赔偿
E.享有法定带薪休假权
【思考过程】：
",BDE,客观题
医患关系,"你是一个严格按照要求答题的医学考试考生。请你先展示出完整的思考过程，然后再输出最终答案。每道题目有至少两个选项（A、B）至多五个选项（A、B、C、D、E），题目为不定项选择题，请按照以下格式作答：

【思考过程】：...

【最终答案】：AB / BCE / CD / DE / E / ...（只输出选项的编号，不要写选项内容）

示例：
题目：医疗伦理中四大基本原则是？
A.尊重自主权
B.善意行为
C.无害原则
D.公正原则
E.以上都不是
【思考过程】：本题考查医学伦理的四大基本原则，包括尊重自主权、不伤害原则、行善原则、公正原则。

【最终答案】：ABCD

题目：护士发现医嘱违反诊疗技术规范时，应当采取以下哪些措施？
A.立即停止执行医嘱并销毁相关记录
B.及时向开具医嘱的医师提出
C.暂时隐瞒情况观察后续变化
D.向该医师所在科室负责人报告
E.直接向卫生行政部门投诉
【思考过程】：
",BD,客观题
医患关系,"你是一个严格按照要求答题的医学考试考生。请你先展示出完整的思考过程，然后再输出最终答案。每道题目有至少两个选项（A、B）至多五个选项（A、B、C、D、E），题目为不定项选择题，请按照以下格式作答：

【思考过程】：...

【最终答案】：AB / BCE / CD / DE / E / ...（只输出选项的编号，不要写选项内容）

示例：
题目：医疗伦理中四大基本原则是？
A.尊重自主权
B.善意行为
C.无害原则
D.公正原则
E.以上都不是
【思考过程】：本题考查医学伦理的四大基本原则，包括尊重自主权、不伤害原则、行善原则、公正原则。

【最终答案】：ABCD

题目：护士在常规护理中需要履行以下哪些义务？
A.尊重患者的宗教信仰
B.密切监视患者的日常通讯
C.关心患者的治疗进展
D.及时向家属报告所有病情变化
E.保护患者的诊疗记录安全
【思考过程】：
",ACE,客观题
医患关系,"你是一个严格按照要求答题的医学考试考生。请你先展示出完整的思考过程，然后再输出最终答案。每道题目有至少两个选项（A、B）至多五个选项（A、B、C、D、E），题目为不定项选择题，请按照以下格式作答：

【思考过程】：...

【最终答案】：AB / BCE / CD / DE / E / ...（只输出选项的编号，不要写选项内容）

示例：
题目：医疗伦理中四大基本原则是？
A.尊重自主权
B.善意行为
C.无害原则
D.公正原则
E.以上都不是
【思考过程】：本题考查医学伦理的四大基本原则，包括尊重自主权、不伤害原则、行善原则、公正原则。

【最终答案】：ABCD

题目：在突发公共卫生事件中，护士必须服从以下哪些机构的安排参加医疗救护？
A.县级以上人民政府卫生主管部门
B.省级传染病防治中心
C.乡镇卫生院管理部门
D.所在医疗卫生机构
E.国际非政府救援组织
F.市级人民政府
【思考过程】：
",AD,客观题
医患关系,"你是一个严格按照要求答题的医学考试考生。请你先展示出完整的思考过程，然后再输出最终答案。每道题目有至少两个选项（A、B）至多五个选项（A、B、C、D、E），题目为不定项选择题，请按照以下格式作答：

【思考过程】：...

【最终答案】：AB / BCE / CD / DE / E / ...（只输出选项的编号，不要写选项内容）

示例：
题目：医疗伦理中四大基本原则是？
A.尊重自主权
B.善意行为
C.无害原则
D.公正原则
E.以上都不是
【思考过程】：本题考查医学伦理的四大基本原则，包括尊重自主权、不伤害原则、行善原则、公正原则。

【最终答案】：ABCD

题目：根据相关规定，以下哪些人员被禁止在医疗卫生机构独立从事诊疗技术规范规定的护理活动？
A.未取得护士执业证书的人员
B.未办理执业地点变更手续的护士
C.护士执业注册有效期届满未延续的护士
D.在护士指导下开展实习的护理学生
E.未通过定期考核的护士
【思考过程】：
",ABCD,客观题
医患关系,"你是一个严格按照要求答题的医学考试考生。请你先展示出完整的思考过程，然后再输出最终答案。每道题目有至少两个选项（A、B）至多五个选项（A、B、C、D、E），题目为不定项选择题，请按照以下格式作答：

【思考过程】：...

【最终答案】：AB / BCE / CD / DE / E / ...（只输出选项的编号，不要写选项内容）

示例：
题目：医疗伦理中四大基本原则是？
A.尊重自主权
B.善意行为
C.无害原则
D.公正原则
E.以上都不是
【思考过程】：本题考查医学伦理的四大基本原则，包括尊重自主权、不伤害原则、行善原则、公正原则。

【最终答案】：ABCD

题目：根据相关规定，医疗卫生机构必须为护士采取以下哪些措施？（多选）
A.提供卫生防护用品
B.每季度进行一次急救培训
C.落实有效的卫生防护措施
D.完善医疗保健措施
E.每年组织心理健康讲座
【思考过程】：
",ACD,客观题
医患关系,"你是一个严格按照要求答题的医学考试考生。请你先展示出完整的思考过程，然后再输出最终答案。每道题目有至少两个选项（A、B）至多五个选项（A、B、C、D、E），题目为不定项选择题，请按照以下格式作答：

【思考过程】：...

【最终答案】：AB / BCE / CD / DE / E / ...（只输出选项的编号，不要写选项内容）

示例：
题目：医疗伦理中四大基本原则是？
A.尊重自主权
B.善意行为
C.无害原则
D.公正原则
E.以上都不是
【思考过程】：本题考查医学伦理的四大基本原则，包括尊重自主权、不伤害原则、行善原则、公正原则。

【最终答案】：ABCD

题目：根据《护士条例》，以下哪种情形下，护士所在医疗卫生机构应当按照国家有关规定给予津贴？
A.参加跨省进修培训的护士， B.在高原边陲乡镇卫生所工作的护士， C.负责医疗废弃物分类处理的护士， D.节假日期间连续值班的护士， E.为老年患者提供居家护理的护士
【思考过程】：
",BC,客观题
医患关系,"你是一个严格按照要求答题的医学考试考生。请你先展示出完整的思考过程，然后再输出最终答案。每道题目有至少两个选项（A、B）至多五个选项（A、B、C、D、E），题目为不定项选择题，请按照以下格式作答：

【思考过程】：...

【最终答案】：AB / BCE / CD / DE / E / ...（只输出选项的编号，不要写选项内容）

示例：
题目：医疗伦理中四大基本原则是？
A.尊重自主权
B.善意行为
C.无害原则
D.公正原则
E.以上都不是
【思考过程】：本题考查医学伦理的四大基本原则，包括尊重自主权、不伤害原则、行善原则、公正原则。

【最终答案】：ABCD

题目：根据护士在职培训相关法规，以下哪项是医疗卫生机构在护士培训中必须注重的？
A.提升护士的沟通能力
B.护理文书书写规范
C.新知识、新技术的应用
D.患者隐私保护技能
【思考过程】：
",ABCD,客观题
医患关系,"你是一个严格按照要求答题的医学考试考生。请你先展示出完整的思考过程，然后再输出最终答案。每道题目有至少两个选项（A、B）至多五个选项（A、B、C、D、E），题目为不定项选择题，请按照以下格式作答：

【思考过程】：...

【最终答案】：AB / BCE / CD / DE / E / ...（只输出选项的编号，不要写选项内容）

示例：
题目：医疗伦理中四大基本原则是？
A.尊重自主权
B.善意行为
C.无害原则
D.公正原则
E.以上都不是
【思考过程】：本题考查医学伦理的四大基本原则，包括尊重自主权、不伤害原则、行善原则、公正原则。

【最终答案】：ABCD

题目：当护士因违反职业道德被投诉时，其所在医疗卫生机构的正确处理流程是什么？
A.立即对涉事护士进行降薪处理并在院内通报
B.对投诉内容进行核实后直接向卫健委提交报告
C.调查核实后进行处理但不公开结果
D.调查确认投诉属实后处理护士并告知投诉人
E.暂不处理以观察护士后续表现
【思考过程】：
",D,客观题
医患关系,"你是一个严格按照要求答题的医学考试考生。请你先展示出完整的思考过程，然后再输出最终答案。每道题目有至少两个选项（A、B）至多五个选项（A、B、C、D、E），题目为不定项选择题，请按照以下格式作答：

【思考过程】：...

【最终答案】：AB / BCE / CD / DE / E / ...（只输出选项的编号，不要写选项内容）

示例：
题目：医疗伦理中四大基本原则是？
A.尊重自主权
B.善意行为
C.无害原则
D.公正原则
E.以上都不是
【思考过程】：本题考查医学伦理的四大基本原则，包括尊重自主权、不伤害原则、行善原则、公正原则。

【最终答案】：ABCD

题目：护士在执业活动中出现以下哪些情形可能导致被暂停执业活动？
A.发现患者病情危急未立即通知家属
B.发现医嘱违反诊疗规范仅向同事私下提醒而未正式报告
C.未经允许将患者病历照片上传至个人社交平台
D.因个人行程冲突拒绝参与地震灾区的医疗救援
E.操作失误导致患者服药时间延误1小时
【思考过程】：
",BCD,客观题
医患关系,"你是一个严格按照要求答题的医学考试考生。请你先展示出完整的思考过程，然后再输出最终答案。每道题目有至少两个选项（A、B）至多五个选项（A、B、C、D、E），题目为不定项选择题，请按照以下格式作答：

【思考过程】：...

【最终答案】：AB / BCE / CD / DE / E / ...（只输出选项的编号，不要写选项内容）

示例：
题目：医疗伦理中四大基本原则是？
A.尊重自主权
B.善意行为
C.无害原则
D.公正原则
E.以上都不是
【思考过程】：本题考查医学伦理的四大基本原则，包括尊重自主权、不伤害原则、行善原则、公正原则。

【最终答案】：ABCD

题目：下列哪些行为应当依照治安管理处罚法或刑法进行处罚？
A.以暴力手段阻碍护士为患者抽血
B.公开威胁要殴打值班护士
C.护士要求登记信息时拒绝提供联系方式
D.伪造患者医疗记录干扰护理工作
【思考过程】：
",ABD,客观题
医患关系,"你是一个严格按照要求答题的医学考试考生。请你先展示出完整的思考过程，然后再输出最终答案。每道题目有至少两个选项（A、B）至多五个选项（A、B、C、D、E），题目为不定项选择题，请按照以下格式作答：

【思考过程】：...

【最终答案】：AB / BCE / CD / DE / E / ...（只输出选项的编号，不要写选项内容）

示例：
题目：医疗伦理中四大基本原则是？
A.尊重自主权
B.善意行为
C.无害原则
D.公正原则
E.以上都不是
【思考过程】：本题考查医学伦理的四大基本原则，包括尊重自主权、不伤害原则、行善原则、公正原则。

【最终答案】：ABCD

题目：以下哪些内容符合我国相关法律法规对护士权益的规定？
A.护士的人格尊严不受侵犯
B.护士的人身安全受法律保护
C.护士的职业自由不受限制
D.全社会应当理解护士
E.护士依法履职时享有特殊豁免权
【思考过程】：
",AB,客观题
医患关系,"你是一个严格按照要求答题的医学考试考生。请你先展示出完整的思考过程，然后再输出最终答案。每道题目有至少两个选项（A、B）至多五个选项（A、B、C、D、E），题目为不定项选择题，请按照以下格式作答：

【思考过程】：...

【最终答案】：AB / BCE / CD / DE / E / ...（只输出选项的编号，不要写选项内容）

示例：
题目：医疗伦理中四大基本原则是？
A.尊重自主权
B.善意行为
C.无害原则
D.公正原则
E.以上都不是
【思考过程】：本题考查医学伦理的四大基本原则，包括尊重自主权、不伤害原则、行善原则、公正原则。

【最终答案】：ABCD

题目：下列哪些奖励或荣誉是由国务院有关部门授予的？
A.全国卫生系统先进工作者荣誉称号
B.白求恩奖章
C.长期从事护理工作的护士荣誉证书
D.省级劳动模范称号由县级政府授予
E.地方政府为优秀护士提供特殊津贴
【思考过程】：
",AB,客观题
医患关系,"你是一个严格按照要求答题的医学考试考生。请你先展示出完整的思考过程，然后再输出最终答案。每道题目有至少两个选项（A、B）至多五个选项（A、B、C、D、E），题目为不定项选择题，请按照以下格式作答：

【思考过程】：...

【最终答案】：AB / BCE / CD / DE / E / ...（只输出选项的编号，不要写选项内容）

示例：
题目：医疗伦理中四大基本原则是？
A.尊重自主权
B.善意行为
C.无害原则
D.公正原则
E.以上都不是
【思考过程】：本题考查医学伦理的四大基本原则，包括尊重自主权、不伤害原则、行善原则、公正原则。

【最终答案】：ABCD

题目：以下哪些是申请护士执业注册的必要条件？
A.具备完全民事行为能力
B.通过省教育厅组织的护士执业资格考试
C.完成普通全日制2年护理专业课程学习及6个月临床实习
D.取得本科及以上学历证书
E.通过护士执业资格考试3个月内提出注册申请
【思考过程】：
",A,客观题
医患关系,"你是一个严格按照要求答题的医学考试考生。请你先展示出完整的思考过程，然后再输出最终答案。每道题目有至少两个选项（A、B）至多五个选项（A、B、C、D、E），题目为不定项选择题，请按照以下格式作答：

【思考过程】：...

【最终答案】：AB / BCE / CD / DE / E / ...（只输出选项的编号，不要写选项内容）

示例：
题目：医疗伦理中四大基本原则是？
A.尊重自主权
B.善意行为
C.无害原则
D.公正原则
E.以上都不是
【思考过程】：本题考查医学伦理的四大基本原则，包括尊重自主权、不伤害原则、行善原则、公正原则。

【最终答案】：ABCD

题目：护士在考试通过后逾期3年申请执业注册时，除基本条件外还需要满足以下哪项要求？
A.重新通过护士执业资格考试，B.在医疗机构接受6个月临床培训，C.在符合规定的机构接受3个月临床护理培训并合格，D.提交补充学历证明
【思考过程】：
",C,客观题
医患关系,"你是一个严格按照要求答题的医学考试考生。请你先展示出完整的思考过程，然后再输出最终答案。每道题目有至少两个选项（A、B）至多五个选项（A、B、C、D、E），题目为不定项选择题，请按照以下格式作答：

【思考过程】：...

【最终答案】：AB / BCE / CD / DE / E / ...（只输出选项的编号，不要写选项内容）

示例：
题目：医疗伦理中四大基本原则是？
A.尊重自主权
B.善意行为
C.无害原则
D.公正原则
E.以上都不是
【思考过程】：本题考查医学伦理的四大基本原则，包括尊重自主权、不伤害原则、行善原则、公正原则。

【最终答案】：ABCD

题目：护士执业注册申请的期限及逾期要求，以下哪项是正确的？
A.申请需在通过考试后2年内提出，逾期需接受6个月培训
B.申请需在通过考试后3年内提出，逾期需接受3个月培训且合格
C.申请无时间限制，但需每年参加考核
D.逾期申请者免除临床培训要求
【思考过程】：
",B,客观题
医患关系,"你是一个严格按照要求答题的医学考试考生。请你先展示出完整的思考过程，然后再输出最终答案。每道题目有至少两个选项（A、B）至多五个选项（A、B、C、D、E），题目为不定项选择题，请按照以下格式作答：

【思考过程】：...

【最终答案】：AB / BCE / CD / DE / E / ...（只输出选项的编号，不要写选项内容）

示例：
题目：医疗伦理中四大基本原则是？
A.尊重自主权
B.善意行为
C.无害原则
D.公正原则
E.以上都不是
【思考过程】：本题考查医学伦理的四大基本原则，包括尊重自主权、不伤害原则、行善原则、公正原则。

【最终答案】：ABCD

题目：收到护士执业注册申请的卫生主管部门应当自收到申请之日起多少个工作日内做出决定？
A.15个工作日
B.20个工作日
C.25个自然日
D.30个自然日
E.45个工作日
【思考过程】：
",B,客观题
医患关系,"你是一个严格按照要求答题的医学考试考生。请你先展示出完整的思考过程，然后再输出最终答案。每道题目有至少两个选项（A、B）至多五个选项（A、B、C、D、E），题目为不定项选择题，请按照以下格式作答：

【思考过程】：...

【最终答案】：AB / BCE / CD / DE / E / ...（只输出选项的编号，不要写选项内容）

示例：
题目：医疗伦理中四大基本原则是？
A.尊重自主权
B.善意行为
C.无害原则
D.公正原则
E.以上都不是
【思考过程】：本题考查医学伦理的四大基本原则，包括尊重自主权、不伤害原则、行善原则、公正原则。

【最终答案】：ABCD

题目：关于护士跨省变更执业地点的管理要求，以下哪些说法不符合规定？
A.所在省份卫生主管部门应在收到报告之日起7个工作日内办理变更手续
B.所在省份卫生主管部门应在收到报告之日起10个工作日内办理变更手续
C.跨省变更需由原注册部门直接办理变更登记
D.护士需要同时向原执业地和拟执业地的卫生主管部门提交报告
【思考过程】：
",BCD,客观题
医患关系,"你是一个严格按照要求答题的医学考试考生。请你先展示出完整的思考过程，然后再输出最终答案。每道题目有至少两个选项（A、B）至多五个选项（A、B、C、D、E），题目为不定项选择题，请按照以下格式作答：

【思考过程】：...

【最终答案】：AB / BCE / CD / DE / E / ...（只输出选项的编号，不要写选项内容）

示例：
题目：医疗伦理中四大基本原则是？
A.尊重自主权
B.善意行为
C.无害原则
D.公正原则
E.以上都不是
【思考过程】：本题考查医学伦理的四大基本原则，包括尊重自主权、不伤害原则、行善原则、公正原则。

【最终答案】：ABCD

题目：护士执业注册有效期届满前申请延续注册的最早时间点是什么时候？
A.有效期届满前15日
B.有效期届满前20日
C.有效期届满前30日
D.有效期届满后30日内
【思考过程】：
",C,客观题
医患关系,"你是一个严格按照要求答题的医学考试考生。请你先展示出完整的思考过程，然后再输出最终答案。每道题目有至少两个选项（A、B）至多五个选项（A、B、C、D、E），题目为不定项选择题，请按照以下格式作答：

【思考过程】：...

【最终答案】：AB / BCE / CD / DE / E / ...（只输出选项的编号，不要写选项内容）

示例：
题目：医疗伦理中四大基本原则是？
A.尊重自主权
B.善意行为
C.无害原则
D.公正原则
E.以上都不是
【思考过程】：本题考查医学伦理的四大基本原则，包括尊重自主权、不伤害原则、行善原则、公正原则。

【最终答案】：ABCD

题目：以下哪种行为违反了关于护士执业权利的法律规定？
A.某科室将夜班护士的交通补贴纳入绩效考核后发放
B.某医院因护士集体职称考试请假取消其年度体检福利
C.某护理机构对新入职护士暂缓缴纳三个月养老保险
D.某护士长在法定节假日后安排补休代替三倍工资
【思考过程】：
",BCD,客观题
医患关系,"你是一个严格按照要求答题的医学考试考生。请你先展示出完整的思考过程，然后再输出最终答案。每道题目有至少两个选项（A、B）至多五个选项（A、B、C、D、E），题目为不定项选择题，请按照以下格式作答：

【思考过程】：...

【最终答案】：AB / BCE / CD / DE / E / ...（只输出选项的编号，不要写选项内容）

示例：
题目：医疗伦理中四大基本原则是？
A.尊重自主权
B.善意行为
C.无害原则
D.公正原则
E.以上都不是
【思考过程】：本题考查医学伦理的四大基本原则，包括尊重自主权、不伤害原则、行善原则、公正原则。

【最终答案】：ABCD

题目：护士发现某医生的医嘱违反诊疗技术规范，以下哪些属于正确的处理方式？
A.向同事咨询意见，B.立即向开具医嘱的医师提出异议，C.向该医师所在科室负责人报告，D.直接向医院伦理委员会举报，E.将医嘱修改后执行
【思考过程】：
",BC,客观题
医患关系,"你是一个严格按照要求答题的医学考试考生。请你先展示出完整的思考过程，然后再输出最终答案。每道题目有至少两个选项（A、B）至多五个选项（A、B、C、D、E），题目为不定项选择题，请按照以下格式作答：

【思考过程】：...

【最终答案】：AB / BCE / CD / DE / E / ...（只输出选项的编号，不要写选项内容）

示例：
题目：医疗伦理中四大基本原则是？
A.尊重自主权
B.善意行为
C.无害原则
D.公正原则
E.以上都不是
【思考过程】：本题考查医学伦理的四大基本原则，包括尊重自主权、不伤害原则、行善原则、公正原则。

【最终答案】：ABCD

题目：以下哪些人员不得在医疗卫生机构独立从事诊疗技术规范规定的护理活动？
A.持有护理专业毕业证书但未取得护士执业证书的实习人员
B.已注册但未办理执业地点变更的社区护士
C.执业注册证有效期届满后参与培训的护士
D.在基层医院执业5年但未延续注册的护士
E.有护士执业证书但未完成年度继续教育的学习护士
【思考过程】：
",ABCD,客观题
医患关系,"你是一个严格按照要求答题的医学考试考生。请你先展示出完整的思考过程，然后再输出最终答案。每道题目有至少两个选项（A、B）至多五个选项（A、B、C、D、E），题目为不定项选择题，请按照以下格式作答：

【思考过程】：...

【最终答案】：AB / BCE / CD / DE / E / ...（只输出选项的编号，不要写选项内容）

示例：
题目：医疗伦理中四大基本原则是？
A.尊重自主权
B.善意行为
C.无害原则
D.公正原则
E.以上都不是
【思考过程】：本题考查医学伦理的四大基本原则，包括尊重自主权、不伤害原则、行善原则、公正原则。

【最终答案】：ABCD

题目：以下哪种做法符合医疗卫生机构对护士的职业保护要求？
A.每季度组织护士参加综艺团建活动
B.按需发放防护口罩和一次性手套
C.每月监测护士血红蛋白指标
D.建立针刺伤防护操作规范流程
E.定期组织护士职称考试培训
【思考过程】：
",BD,客观题
医患关系,"你是一个严格按照要求答题的医学考试考生。请你先展示出完整的思考过程，然后再输出最终答案。每道题目有至少两个选项（A、B）至多五个选项（A、B、C、D、E），题目为不定项选择题，请按照以下格式作答：

【思考过程】：...

【最终答案】：AB / BCE / CD / DE / E / ...（只输出选项的编号，不要写选项内容）

示例：
题目：医疗伦理中四大基本原则是？
A.尊重自主权
B.善意行为
C.无害原则
D.公正原则
E.以上都不是
【思考过程】：本题考查医学伦理的四大基本原则，包括尊重自主权、不伤害原则、行善原则、公正原则。

【最终答案】：ABCD

题目：根据国家规定，以下哪种情形所在医疗卫生机构应给予护士津贴？
A.护士每月完成超过200小时工作量
B.在海拔4500米的高原乡镇卫生所工作
C.参与三甲医院急诊科预检分诊工作
D.长期从事重症监护室夜班工作
E.日常配制肿瘤化疗药物
【思考过程】：
",BE,客观题
医患关系,"你是一个严格按照要求答题的医学考试考生。请你先展示出完整的思考过程，然后再输出最终答案。每道题目有至少两个选项（A、B）至多五个选项（A、B、C、D、E），题目为不定项选择题，请按照以下格式作答：

【思考过程】：...

【最终答案】：AB / BCE / CD / DE / E / ...（只输出选项的编号，不要写选项内容）

示例：
题目：医疗伦理中四大基本原则是？
A.尊重自主权
B.善意行为
C.无害原则
D.公正原则
E.以上都不是
【思考过程】：本题考查医学伦理的四大基本原则，包括尊重自主权、不伤害原则、行善原则、公正原则。

【最终答案】：ABCD

题目：根据相关规定，以下哪些内容属于护士在职培训的要求？
A.每季度开展理论考试
B.新知识、新技术的应用
C.岗前见习培训不低于7天
D.根据专科护理岗位需要开展的专科护理培训
E.加强护理人文关怀专项教育
【思考过程】：
",BDE,客观题
医患关系,"你是一个严格按照要求答题的医学考试考生。请你先展示出完整的思考过程，然后再输出最终答案。每道题目有至少两个选项（A、B）至多五个选项（A、B、C、D、E），题目为不定项选择题，请按照以下格式作答：

【思考过程】：...

【最终答案】：AB / BCE / CD / DE / E / ...（只输出选项的编号，不要写选项内容）

示例：
题目：医疗伦理中四大基本原则是？
A.尊重自主权
B.善意行为
C.无害原则
D.公正原则
E.以上都不是
【思考过程】：本题考查医学伦理的四大基本原则，包括尊重自主权、不伤害原则、行善原则、公正原则。

【最终答案】：ABCD

题目：根据相关规定，关于医疗卫生机构护理管理工作的描述，以下哪项正确？
A.必须同时设置专门机构和专职人员
B.应当配备全职人员负责
C.可设置专门机构或配备专（兼）职人员
D.需按省级卫生部门要求执行
E.无需设立管理机构但需定期检查
【思考过程】：
",C,客观题
医患关系,"你是一个严格按照要求答题的医学考试考生。请你先展示出完整的思考过程，然后再输出最终答案。每道题目有至少两个选项（A、B）至多五个选项（A、B、C、D、E），题目为不定项选择题，请按照以下格式作答：

【思考过程】：...

【最终答案】：AB / BCE / CD / DE / E / ...（只输出选项的编号，不要写选项内容）

示例：
题目：医疗伦理中四大基本原则是？
A.尊重自主权
B.善意行为
C.无害原则
D.公正原则
E.以上都不是
【思考过程】：本题考查医学伦理的四大基本原则，包括尊重自主权、不伤害原则、行善原则、公正原则。

【最终答案】：ABCD

题目：护士因违反职业道德被投诉后，其所在医疗卫生机构应如何处理？
A.展开调查并确认事实后处理护士并告知投诉人
B.无论投诉内容是否属实均需建立档案备查
C.经查证属实时仅将处理情况上报上级卫生部门而未告知投诉人
D.未展开调查而直接对护士进行岗位调整
【思考过程】：
",A,客观题
医患关系,"你是一个严格按照要求答题的医学考试考生。请你先展示出完整的思考过程，然后再输出最终答案。每道题目有至少两个选项（A、B）至多五个选项（A、B、C、D、E），题目为不定项选择题，请按照以下格式作答：

【思考过程】：...

【最终答案】：AB / BCE / CD / DE / E / ...（只输出选项的编号，不要写选项内容）

示例：
题目：医疗伦理中四大基本原则是？
A.尊重自主权
B.善意行为
C.无害原则
D.公正原则
E.以上都不是
【思考过程】：本题考查医学伦理的四大基本原则，包括尊重自主权、不伤害原则、行善原则、公正原则。

【最终答案】：ABCD

题目：依据相关法规，以下哪一情形中的卫生主管部门工作人员不需要承担相应法律责任？
A.在护士资质审核中收受贿赂降低标准
B.将亲属安排的轻症患者优先占用护士资源
C.长期未更新护士执业监管档案导致管理混乱
D.非职务行为接受某护士提供的宴请
E.伪造监管记录包庇违规操作护士
【思考过程】：
",D,客观题
医患关系,"你是一个严格按照要求答题的医学考试考生。请你先展示出完整的思考过程，然后再输出最终答案。每道题目有至少两个选项（A、B）至多五个选项（A、B、C、D、E），题目为不定项选择题，请按照以下格式作答：

【思考过程】：...

【最终答案】：AB / BCE / CD / DE / E / ...（只输出选项的编号，不要写选项内容）

示例：
题目：医疗伦理中四大基本原则是？
A.尊重自主权
B.善意行为
C.无害原则
D.公正原则
E.以上都不是
【思考过程】：本题考查医学伦理的四大基本原则，包括尊重自主权、不伤害原则、行善原则、公正原则。

【最终答案】：ABCD

题目：下列哪些情形会导致医疗卫生机构被卫生主管部门责令整改并处罚？
A.配备护士数为编制标准的80%
B.允许未按时参加继续教育的护士执行静脉穿刺
C.因急诊人力不足临时允许未持证护士处理急救操作
D.未核实护士执业地点变更手续即安排值班
E.护士每周工作时间超过60小时
【思考过程】：
",C,客观题
医患关系,"你是一个严格按照要求答题的医学考试考生。请你先展示出完整的思考过程，然后再输出最终答案。每道题目有至少两个选项（A、B）至多五个选项（A、B、C、D、E），题目为不定项选择题，请按照以下格式作答：

【思考过程】：...

【最终答案】：AB / BCE / CD / DE / E / ...（只输出选项的编号，不要写选项内容）

示例：
题目：医疗伦理中四大基本原则是？
A.尊重自主权
B.善意行为
C.无害原则
D.公正原则
E.以上都不是
【思考过程】：本题考查医学伦理的四大基本原则，包括尊重自主权、不伤害原则、行善原则、公正原则。

【最终答案】：ABCD

题目：以下哪些情形可能导致医疗卫生机构被依法处罚？（多选）
A.护士因工作原因感染传染病但未获得医疗保健措施
B.未为急诊科护士缴纳住房公积金
C.向高原地区护士发放高温津贴而非边远地区津贴
D.将护士基础工资设置为地方政府规定标准的70%
【思考过程】：
",ABCD,客观题
医患关系,"你是一个严格按照要求答题的医学考试考生。请你先展示出完整的思考过程，然后再输出最终答案。每道题目有至少两个选项（A、B）至多五个选项（A、B、C、D、E），题目为不定项选择题，请按照以下格式作答：

【思考过程】：...

【最终答案】：AB / BCE / CD / DE / E / ...（只输出选项的编号，不要写选项内容）

示例：
题目：医疗伦理中四大基本原则是？
A.尊重自主权
B.善意行为
C.无害原则
D.公正原则
E.以上都不是
【思考过程】：本题考查医学伦理的四大基本原则，包括尊重自主权、不伤害原则、行善原则、公正原则。

【最终答案】：ABCD

题目：以下哪些情形可能导致医疗卫生机构被责令改正并警告？
A.未制定护士在职培训计划
B.未能保证护士参与完整的培训课程
C.将护士的单次排班时间延长至12小时
D.护士培训计划未提交上级卫生部门审批
【思考过程】：
",AB,客观题
医患关系,"你是一个严格按照要求答题的医学考试考生。请你先展示出完整的思考过程，然后再输出最终答案。每道题目有至少两个选项（A、B）至多五个选项（A、B、C、D、E），题目为不定项选择题，请按照以下格式作答：

【思考过程】：...

【最终答案】：AB / BCE / CD / DE / E / ...（只输出选项的编号，不要写选项内容）

示例：
题目：医疗伦理中四大基本原则是？
A.尊重自主权
B.善意行为
C.无害原则
D.公正原则
E.以上都不是
【思考过程】：本题考查医学伦理的四大基本原则，包括尊重自主权、不伤害原则、行善原则、公正原则。

【最终答案】：ABCD

题目：根据《护士条例》，护士在下列哪些情形下可能被暂停执业活动或吊销执业证书？
A.未及时为术后患者更换敷料导致感染
B.发现患者突发室颤但未立即通知值班医师
C.将患者的HIV检测结果告知其同事
D.收到有配伍禁忌的医嘱后未提出异议直接执行
E.因交通管制拒绝参加突发化学泄漏事故的医疗救援
【思考过程】：
",BCDE,客观题
医患关系,"你是一个严格按照要求答题的医学考试考生。请你先展示出完整的思考过程，然后再输出最终答案。每道题目有至少两个选项（A、B）至多五个选项（A、B、C、D、E），题目为不定项选择题，请按照以下格式作答：

【思考过程】：...

【最终答案】：AB / BCE / CD / DE / E / ...（只输出选项的编号，不要写选项内容）

示例：
题目：医疗伦理中四大基本原则是？
A.尊重自主权
B.善意行为
C.无害原则
D.公正原则
E.以上都不是
【思考过程】：本题考查医学伦理的四大基本原则，包括尊重自主权、不伤害原则、行善原则、公正原则。

【最终答案】：ABCD

题目：护士被吊销执业证书后，自吊销之日起多少年内不得申请执业注册？
A.1年
B.2年
C.3年
D.4年
E.5年
【思考过程】：
",B,客观题
医患关系,"你是一个严格按照要求答题的医学考试考生。请你先展示出完整的思考过程，然后再输出最终答案。每道题目有至少两个选项（A、B）至多五个选项（A、B、C、D、E），题目为不定项选择题，请按照以下格式作答：

【思考过程】：...

【最终答案】：AB / BCE / CD / DE / E / ...（只输出选项的编号，不要写选项内容）

示例：
题目：医疗伦理中四大基本原则是？
A.尊重自主权
B.善意行为
C.无害原则
D.公正原则
E.以上都不是
【思考过程】：本题考查医学伦理的四大基本原则，包括尊重自主权、不伤害原则、行善原则、公正原则。

【最终答案】：ABCD

题目：以下哪些行为可能违反《护士条例》规定，并可能由公安机关处理？
A. 未按时填写护理记录
B. 辱骂正在执行静脉穿刺的护士
C. 强行闯入治疗室阻碍护士配药
D. 医疗机构内部对护士进行纪律处分
E. 威胁护士不得向患者家属说明用药风险
【思考过程】：
",BCE,客观题
医患关系,"你是一个严格按照要求答题的医学考试考生。请你先展示出完整的思考过程，然后再输出最终答案。每道题目有至少两个选项（A、B）至多五个选项（A、B、C、D、E），题目为不定项选择题，请按照以下格式作答：

【思考过程】：...

【最终答案】：AB / BCE / CD / DE / E / ...（只输出选项的编号，不要写选项内容）

示例：
题目：医疗伦理中四大基本原则是？
A.尊重自主权
B.善意行为
C.无害原则
D.公正原则
E.以上都不是
【思考过程】：本题考查医学伦理的四大基本原则，包括尊重自主权、不伤害原则、行善原则、公正原则。

【最终答案】：ABCD

题目：在医疗机构人事招录和聘任工作中，以下哪些原则属于必须遵循的范畴？
A.公平原则
B.公正原则
C.效率优先原则
D.公开原则
E.保密原则
【思考过程】：
",ABD,客观题
医患关系,"你是一个严格按照要求答题的医学考试考生。请你先展示出完整的思考过程，然后再输出最终答案。每道题目有至少两个选项（A、B）至多五个选项（A、B、C、D、E），题目为不定项选择题，请按照以下格式作答：

【思考过程】：...

【最终答案】：AB / BCE / CD / DE / E / ...（只输出选项的编号，不要写选项内容）

示例：
题目：医疗伦理中四大基本原则是？
A.尊重自主权
B.善意行为
C.无害原则
D.公正原则
E.以上都不是
【思考过程】：本题考查医学伦理的四大基本原则，包括尊重自主权、不伤害原则、行善原则、公正原则。

【最终答案】：ABCD

题目：下列哪些行为违反了医疗机构内控制度的相关规定？
A.院长在招标会上公开为亲属企业的药品供应商争取投标资格
B.医院专门成立小组对供应商进行市场调研后再开展采购
C.财务负责人口头要求采购部门优先购买其同学公司的医疗器械
D.采购委员会依据国家最新政策调整供应商资质标准
【思考过程】：
",AC,客观题
医患关系,"你是一个严格按照要求答题的医学考试考生。请你先展示出完整的思考过程，然后再输出最终答案。每道题目有至少两个选项（A、B）至多五个选项（A、B、C、D、E），题目为不定项选择题，请按照以下格式作答：

【思考过程】：...

【最终答案】：AB / BCE / CD / DE / E / ...（只输出选项的编号，不要写选项内容）

示例：
题目：医疗伦理中四大基本原则是？
A.尊重自主权
B.善意行为
C.无害原则
D.公正原则
E.以上都不是
【思考过程】：本题考查医学伦理的四大基本原则，包括尊重自主权、不伤害原则、行善原则、公正原则。

【最终答案】：ABCD

题目：以下哪些行为符合规范行医的要求？
A.为降低患者焦虑故意缩小病情风险
B.优先选择符合指南的基础检查手段
C.对慢性症状患者尽量减少药物使用
D.根据影像学指征明确说明病灶大小
E.为提升疗效推荐试验阶段的新型疗法
【思考过程】：
",BD,客观题
医患关系,"你是一个严格按照要求答题的医学考试考生。请你先展示出完整的思考过程，然后再输出最终答案。每道题目有至少两个选项（A、B）至多五个选项（A、B、C、D、E），题目为不定项选择题，请按照以下格式作答：

【思考过程】：...

【最终答案】：AB / BCE / CD / DE / E / ...（只输出选项的编号，不要写选项内容）

示例：
题目：医疗伦理中四大基本原则是？
A.尊重自主权
B.善意行为
C.无害原则
D.公正原则
E.以上都不是
【思考过程】：本题考查医学伦理的四大基本原则，包括尊重自主权、不伤害原则、行善原则、公正原则。

【最终答案】：ABCD

题目：以下哪项行为违反医疗文书管理相关法规？
A.病历材料电子化保存
B.伪造病历材料
C.签署未经亲自检查的医学证明
D.按流程销毁过期的空白处方笺
E.补写遗漏的病程记录并标注补充时间
【思考过程】：
",BC,客观题
医患关系,"你是一个严格按照要求答题的医学考试考生。请你先展示出完整的思考过程，然后再输出最终答案。每道题目有至少两个选项（A、B）至多五个选项（A、B、C、D、E），题目为不定项选择题，请按照以下格式作答：

【思考过程】：...

【最终答案】：AB / BCE / CD / DE / E / ...（只输出选项的编号，不要写选项内容）

示例：
题目：医疗伦理中四大基本原则是？
A.尊重自主权
B.善意行为
C.无害原则
D.公正原则
E.以上都不是
【思考过程】：本题考查医学伦理的四大基本原则，包括尊重自主权、不伤害原则、行善原则、公正原则。

【最终答案】：ABCD

题目：以下哪种行为符合医疗技术临床应用管理规范中关于医师执业权限的规定？
A.实习医师在紧急情况下独立应用新获批的护理技术
B.主治医师应用尚未通过单位审查的新技术进行患者救治
C.副主任医师按照单位规定的执业等级权限应用新医疗技术
D.护士长在常规护理中自行尝试未经评估的技术优化
【思考过程】：
",C,客观题
医患关系,"你是一个严格按照要求答题的医学考试考生。请你先展示出完整的思考过程，然后再输出最终答案。每道题目有至少两个选项（A、B）至多五个选项（A、B、C、D、E），题目为不定项选择题，请按照以下格式作答：

【思考过程】：...

【最终答案】：AB / BCE / CD / DE / E / ...（只输出选项的编号，不要写选项内容）

示例：
题目：医疗伦理中四大基本原则是？
A.尊重自主权
B.善意行为
C.无害原则
D.公正原则
E.以上都不是
【思考过程】：本题考查医学伦理的四大基本原则，包括尊重自主权、不伤害原则、行善原则、公正原则。

【最终答案】：ABCD

题目：以下哪项行为违反了常规护理中的病历管理规定？
A.护理人员伪造患者体温监测记录
B.因纠纷故意隐匿抢救过程记录
C.接班后未及时记录患者输液反应
D.妥善保管患者病历以防信息泄露
E.用修正液涂改病历并重新签署姓名和日期
【思考过程】：
",ABCE,客观题
医患关系,"你是一个严格按照要求答题的医学考试考生。请你先展示出完整的思考过程，然后再输出最终答案。每道题目有至少两个选项（A、B）至多五个选项（A、B、C、D、E），题目为不定项选择题，请按照以下格式作答：

【思考过程】：...

【最终答案】：AB / BCE / CD / DE / E / ...（只输出选项的编号，不要写选项内容）

示例：
题目：医疗伦理中四大基本原则是？
A.尊重自主权
B.善意行为
C.无害原则
D.公正原则
E.以上都不是
【思考过程】：本题考查医学伦理的四大基本原则，包括尊重自主权、不伤害原则、行善原则、公正原则。

【最终答案】：ABCD

题目：在常规护理中，以下哪些行为符合处方调剂职责的规范？
A.因库存不足，将处方中的头孢曲松钠更换为头孢哌酮钠舒巴坦钠
B.对照处方内容检查药物规格与患者年龄是否匹配
C.为减少患者等待时间，擅自在调配时提高注射用青霉素的配制浓度
D.发现处方中药品名称缺字后联系开方医师确认
E.严格遵循""四查十对""流程扫描药品条形码
【思考过程】：
",BDE,客观题
医患关系,"你是一个严格按照要求答题的医学考试考生。请你先展示出完整的思考过程，然后再输出最终答案。每道题目有至少两个选项（A、B）至多五个选项（A、B、C、D、E），题目为不定项选择题，请按照以下格式作答：

【思考过程】：...

【最终答案】：AB / BCE / CD / DE / E / ...（只输出选项的编号，不要写选项内容）

示例：
题目：医疗伦理中四大基本原则是？
A.尊重自主权
B.善意行为
C.无害原则
D.公正原则
E.以上都不是
【思考过程】：本题考查医学伦理的四大基本原则，包括尊重自主权、不伤害原则、行善原则、公正原则。

【最终答案】：ABCD

题目：以下哪些行为违反了常规护理中的药品管理制度？（多选）
A.护士长根据科室需求调整药品采购计划
B.护士用科室备用药品为患者家属开具处方
C.药房接收供应商直接配送的未经验收的药品
D.护士将处方数据提供给医药代表用于绩效统计
E.护理部统计某季度抗生素使用量用于优化治疗方案
【思考过程】：
",BCD,客观题
医患关系,"你是一个严格按照要求答题的医学考试考生。请你先展示出完整的思考过程，然后再输出最终答案。每道题目有至少两个选项（A、B）至多五个选项（A、B、C、D、E），题目为不定项选择题，请按照以下格式作答：

【思考过程】：...

【最终答案】：AB / BCE / CD / DE / E / ...（只输出选项的编号，不要写选项内容）

示例：
题目：医疗伦理中四大基本原则是？
A.尊重自主权
B.善意行为
C.无害原则
D.公正原则
E.以上都不是
【思考过程】：本题考查医学伦理的四大基本原则，包括尊重自主权、不伤害原则、行善原则、公正原则。

【最终答案】：ABCD

题目：以下哪些做法符合医疗机构处理标本的伦理规范？
A.采集标本前签署知情同意书并规范保存
B.护士未经患者同意将剩余标本直接丢弃
C.将脱敏处理后的标本用于医学教育培训
D.医院将剩余标本卖给生物公司但声明用于公益研究
【思考过程】：
",AC,客观题
医患关系,"你是一个严格按照要求答题的医学考试考生。请你先展示出完整的思考过程，然后再输出最终答案。每道题目有至少两个选项（A、B）至多五个选项（A、B、C、D、E），题目为不定项选择题，请按照以下格式作答：

【思考过程】：...

【最终答案】：AB / BCE / CD / DE / E / ...（只输出选项的编号，不要写选项内容）

示例：
题目：医疗伦理中四大基本原则是？
A.尊重自主权
B.善意行为
C.无害原则
D.公正原则
E.以上都不是
【思考过程】：本题考查医学伦理的四大基本原则，包括尊重自主权、不伤害原则、行善原则、公正原则。

【最终答案】：ABCD

题目：申请护士执业注册的教育要求中，关于护理专业课程学习和临床实习的时长规定，以下哪些是正确的？
A.普通全日制2年以上的专业课程学习
B.普通全日制3年以上的专业课程学习
C.综合医院完成6个月临床实习
D.综合医院完成8个月临床实习
E.通过省级护理技能考核
【思考过程】：
",BD,客观题
医患关系,"你是一个严格按照要求答题的医学考试考生。请你先展示出完整的思考过程，然后再输出最终答案。每道题目有至少两个选项（A、B）至多五个选项（A、B、C、D、E），题目为不定项选择题，请按照以下格式作答：

【思考过程】：...

【最终答案】：AB / BCE / CD / DE / E / ...（只输出选项的编号，不要写选项内容）

示例：
题目：医疗伦理中四大基本原则是？
A.尊重自主权
B.善意行为
C.无害原则
D.公正原则
E.以上都不是
【思考过程】：本题考查医学伦理的四大基本原则，包括尊重自主权、不伤害原则、行善原则、公正原则。

【最终答案】：ABCD

题目：以下哪些情况符合我国护士执业注册的健康标准？
A.存在嗅觉丧失但日常生活正常
B.单耳中度听力损失无辅助器具
C.色弱矫正后达到辨色标准
D.既往焦虑症已临床治愈2年无复发
【思考过程】：
",AD,客观题
医患关系,"你是一个严格按照要求答题的医学考试考生。请你先展示出完整的思考过程，然后再输出最终答案。每道题目有至少两个选项（A、B）至多五个选项（A、B、C、D、E），题目为不定项选择题，请按照以下格式作答：

【思考过程】：...

【最终答案】：AB / BCE / CD / DE / E / ...（只输出选项的编号，不要写选项内容）

示例：
题目：医疗伦理中四大基本原则是？
A.尊重自主权
B.善意行为
C.无害原则
D.公正原则
E.以上都不是
【思考过程】：本题考查医学伦理的四大基本原则，包括尊重自主权、不伤害原则、行善原则、公正原则。

【最终答案】：ABCD

题目：申请护士执业注册时，以下哪些材料是必须提交的？
A.申请人3个月内健康体检证明
B.护士执业资格考试成绩合格证明
C.医疗卫生机构推荐信
D.申请人学历证书及专业学习中的临床实习证明
E.身份证明复印件（需公证）
【思考过程】：
",BD,客观题
医患关系,"你是一个严格按照要求答题的医学考试考生。请你先展示出完整的思考过程，然后再输出最终答案。每道题目有至少两个选项（A、B）至多五个选项（A、B、C、D、E），题目为不定项选择题，请按照以下格式作答：

【思考过程】：...

【最终答案】：AB / BCE / CD / DE / E / ...（只输出选项的编号，不要写选项内容）

示例：
题目：医疗伦理中四大基本原则是？
A.尊重自主权
B.善意行为
C.无害原则
D.公正原则
E.以上都不是
【思考过程】：本题考查医学伦理的四大基本原则，包括尊重自主权、不伤害原则、行善原则、公正原则。

【最终答案】：ABCD

题目：以下哪些材料是申请护士执业注册时必须提交的？（多选）
A.护士执业注册申请审核表
B.身份证复印件及户籍证明
C.专业学习中的临床实习证明
D.3个月内健康体检证明
E.医疗卫生机构拟聘用合同副本
【思考过程】：
",AC,客观题
医患关系,"你是一个严格按照要求答题的医学考试考生。请你先展示出完整的思考过程，然后再输出最终答案。每道题目有至少两个选项（A、B）至多五个选项（A、B、C、D、E），题目为不定项选择题，请按照以下格式作答：

【思考过程】：...

【最终答案】：AB / BCE / CD / DE / E / ...（只输出选项的编号，不要写选项内容）

示例：
题目：医疗伦理中四大基本原则是？
A.尊重自主权
B.善意行为
C.无害原则
D.公正原则
E.以上都不是
【思考过程】：本题考查医学伦理的四大基本原则，包括尊重自主权、不伤害原则、行善原则、公正原则。

【最终答案】：ABCD

题目：以下哪项不属于申请护士执业注册必须提交的材料？
A.护士执业注册申请审核表
B.申请人学历证书及专业学习中的临床实习证明
C.申请人理论考试成绩合格证明
D.省人民政府卫生行政部门指定的医疗机构出具的3个月内健康体检证明
E.原工作单位的推荐信
【思考过程】：
",CDE,客观题
医患关系,"你是一个严格按照要求答题的医学考试考生。请你先展示出完整的思考过程，然后再输出最终答案。每道题目有至少两个选项（A、B）至多五个选项（A、B、C、D、E），题目为不定项选择题，请按照以下格式作答：

【思考过程】：...

【最终答案】：AB / BCE / CD / DE / E / ...（只输出选项的编号，不要写选项内容）

示例：
题目：医疗伦理中四大基本原则是？
A.尊重自主权
B.善意行为
C.无害原则
D.公正原则
E.以上都不是
【思考过程】：本题考查医学伦理的四大基本原则，包括尊重自主权、不伤害原则、行善原则、公正原则。

【最终答案】：ABCD

题目：以下哪项不属于《护士执业证书》必须注明的信息？
A.性别
B.注册有效期
C.执业地点
D.证书编号
E.注册日期
【思考过程】：
",B,客观题
医患关系,"你是一个严格按照要求答题的医学考试考生。请你先展示出完整的思考过程，然后再输出最终答案。每道题目有至少两个选项（A、B）至多五个选项（A、B、C、D、E），题目为不定项选择题，请按照以下格式作答：

【思考过程】：...

【最终答案】：AB / BCE / CD / DE / E / ...（只输出选项的编号，不要写选项内容）

示例：
题目：医疗伦理中四大基本原则是？
A.尊重自主权
B.善意行为
C.无害原则
D.公正原则
E.以上都不是
【思考过程】：本题考查医学伦理的四大基本原则，包括尊重自主权、不伤害原则、行善原则、公正原则。

【最终答案】：ABCD

题目：护士执业注册申请逾期时，除常规材料外，还必须额外提交以下哪种材料？
A.在省级三甲医院完成2个月培训的证明
B.在省卫生行政部门指定的医院接受3个月临床护理培训并通过考核的证明
C.在社区医院参与6个月实践活动的记录
D.通过国家级护理技能认证的证书
【思考过程】：
",B,客观题
医患关系,"你是一个严格按照要求答题的医学考试考生。请你先展示出完整的思考过程，然后再输出最终答案。每道题目有至少两个选项（A、B）至多五个选项（A、B、C、D、E），题目为不定项选择题，请按照以下格式作答：

【思考过程】：...

【最终答案】：AB / BCE / CD / DE / E / ...（只输出选项的编号，不要写选项内容）

示例：
题目：医疗伦理中四大基本原则是？
A.尊重自主权
B.善意行为
C.无害原则
D.公正原则
E.以上都不是
【思考过程】：本题考查医学伦理的四大基本原则，包括尊重自主权、不伤害原则、行善原则、公正原则。

【最终答案】：ABCD

题目：护士执业注册的有效期及延续注册的时限要求分别是？
A.有效期3年，延续注册需在届满前15日申请
B.有效期5年，延续注册需在届满前30日申请
C.有效期5年，延续注册需在届满前60日申请
D.有效期6年，需在届满后30日内补申请
【思考过程】：
",B,客观题
医患关系,"你是一个严格按照要求答题的医学考试考生。请你先展示出完整的思考过程，然后再输出最终答案。每道题目有至少两个选项（A、B）至多五个选项（A、B、C、D、E），题目为不定项选择题，请按照以下格式作答：

【思考过程】：...

【最终答案】：AB / BCE / CD / DE / E / ...（只输出选项的编号，不要写选项内容）

示例：
题目：医疗伦理中四大基本原则是？
A.尊重自主权
B.善意行为
C.无害原则
D.公正原则
E.以上都不是
【思考过程】：本题考查医学伦理的四大基本原则，包括尊重自主权、不伤害原则、行善原则、公正原则。

【最终答案】：ABCD

题目：护士申请延续注册时需要提交以下哪些材料？
A.护士延续注册申请审核表
B.《护士执业证书》
C.近3个月内的健康体检证明
D.市级医院出具的1年内体检报告
E.继续教育学分证明
F.省卫生行政部门指定医疗机构的6个月内体检证明
【思考过程】：
",ABF,客观题
医患关系,"你是一个严格按照要求答题的医学考试考生。请你先展示出完整的思考过程，然后再输出最终答案。每道题目有至少两个选项（A、B）至多五个选项（A、B、C、D、E），题目为不定项选择题，请按照以下格式作答：

【思考过程】：...

【最终答案】：AB / BCE / CD / DE / E / ...（只输出选项的编号，不要写选项内容）

示例：
题目：医疗伦理中四大基本原则是？
A.尊重自主权
B.善意行为
C.无害原则
D.公正原则
E.以上都不是
【思考过程】：本题考查医学伦理的四大基本原则，包括尊重自主权、不伤害原则、行善原则、公正原则。

【最终答案】：ABCD

题目：护士小张因中断护理执业活动超过3年，现计划重新注册。以下哪项材料是其必须额外提交的？
A.中断执业期间的进修证明
B.在省级卫生部门指定医院接受1个月临床护理培训的合格证明
C.在省级卫生部门指定医院接受3个月临床护理培训的考核证明
D.近3年的健康体检报告
【思考过程】：
",C,客观题
医患关系,"你是一个严格按照要求答题的医学考试考生。请你先展示出完整的思考过程，然后再输出最终答案。每道题目有至少两个选项（A、B）至多五个选项（A、B、C、D、E），题目为不定项选择题，请按照以下格式作答：

【思考过程】：...

【最终答案】：AB / BCE / CD / DE / E / ...（只输出选项的编号，不要写选项内容）

示例：
题目：医疗伦理中四大基本原则是？
A.尊重自主权
B.善意行为
C.无害原则
D.公正原则
E.以上都不是
【思考过程】：本题考查医学伦理的四大基本原则，包括尊重自主权、不伤害原则、行善原则、公正原则。

【最终答案】：ABCD

题目：某护士中断护理执业活动后拟重新注册，以下哪种情形需要提交临床护理培训考核证明？
A.中断执业1年零6个月
B.中断执业2年零9个月
C.中断执业3年整
D.中断执业4年
E.从未中断过执业
【思考过程】：
",CD,客观题
医患关系,"你是一个严格按照要求答题的医学考试考生。请你先展示出完整的思考过程，然后再输出最终答案。每道题目有至少两个选项（A、B）至多五个选项（A、B、C、D、E），题目为不定项选择题，请按照以下格式作答：

【思考过程】：...

【最终答案】：AB / BCE / CD / DE / E / ...（只输出选项的编号，不要写选项内容）

示例：
题目：医疗伦理中四大基本原则是？
A.尊重自主权
B.善意行为
C.无害原则
D.公正原则
E.以上都不是
【思考过程】：本题考查医学伦理的四大基本原则，包括尊重自主权、不伤害原则、行善原则、公正原则。

【最终答案】：ABCD

题目：护士在执业注册有效期内，以下哪些情况应当办理变更注册？
A.变更执业地点至其他城市
B.调整每日工作班次
C.变更执业机构至另一家医院
D.职称晋升为副主任护师
E.从急诊科调至门诊科工作
【思考过程】：
",AC,客观题
医患关系,"你是一个严格按照要求答题的医学考试考生。请你先展示出完整的思考过程，然后再输出最终答案。每道题目有至少两个选项（A、B）至多五个选项（A、B、C、D、E），题目为不定项选择题，请按照以下格式作答：

【思考过程】：...

【最终答案】：AB / BCE / CD / DE / E / ...（只输出选项的编号，不要写选项内容）

示例：
题目：医疗伦理中四大基本原则是？
A.尊重自主权
B.善意行为
C.无害原则
D.公正原则
E.以上都不是
【思考过程】：本题考查医学伦理的四大基本原则，包括尊重自主权、不伤害原则、行善原则、公正原则。

【最终答案】：ABCD

题目：护士在其执业注册有效期内变更执业地点时，必须提交以下哪些材料？
A.护士变更注册申请审核表
B.《护士执业证书》
C.身份证原件及复印件
D.原执业医院工作证明
E.健康体检合格证明
【思考过程】：
",AB,客观题
医患关系,"你是一个严格按照要求答题的医学考试考生。请你先展示出完整的思考过程，然后再输出最终答案。每道题目有至少两个选项（A、B）至多五个选项（A、B、C、D、E），题目为不定项选择题，请按照以下格式作答：

【思考过程】：...

【最终答案】：AB / BCE / CD / DE / E / ...（只输出选项的编号，不要写选项内容）

示例：
题目：医疗伦理中四大基本原则是？
A.尊重自主权
B.善意行为
C.无害原则
D.公正原则
E.以上都不是
【思考过程】：本题考查医学伦理的四大基本原则，包括尊重自主权、不伤害原则、行善原则、公正原则。

【最终答案】：ABCD

题目：以下哪些情形会导致护士执业注册被注销？
A.注册有效期届满未延续注册
B.被暂停执业活动6个月
C.因重大过失被吊销《护士执业证书》
D.护士退休
E.护士确诊焦虑症无法正常工作
【思考过程】：
",AC,客观题
医患关系,"你是一个严格按照要求答题的医学考试考生。请你先展示出完整的思考过程，然后再输出最终答案。每道题目有至少两个选项（A、B）至多五个选项（A、B、C、D、E），题目为不定项选择题，请按照以下格式作答：

【思考过程】：...

【最终答案】：AB / BCE / CD / DE / E / ...（只输出选项的编号，不要写选项内容）

示例：
题目：医疗伦理中四大基本原则是？
A.尊重自主权
B.善意行为
C.无害原则
D.公正原则
E.以上都不是
【思考过程】：本题考查医学伦理的四大基本原则，包括尊重自主权、不伤害原则、行善原则、公正原则。

【最终答案】：ABCD

题目：下列哪些情形会导致卫生行政部门直接负责的主管人员被行政处分？
A.向不符合条件的护士发放执业证书
B.要求申请人提交执业注册以外的个人资料
C.对执业考试违纪者延迟注册处理
D.拒绝为符合条件的护士办理执业证书
【思考过程】：
",AD,客观题
医患关系,"你是一个严格按照要求答题的医学考试考生。请你先展示出完整的思考过程，然后再输出最终答案。每道题目有至少两个选项（A、B）至多五个选项（A、B、C、D、E），题目为不定项选择题，请按照以下格式作答：

【思考过程】：...

【最终答案】：AB / BCE / CD / DE / E / ...（只输出选项的编号，不要写选项内容）

示例：
题目：医疗伦理中四大基本原则是？
A.尊重自主权
B.善意行为
C.无害原则
D.公正原则
E.以上都不是
【思考过程】：本题考查医学伦理的四大基本原则，包括尊重自主权、不伤害原则、行善原则、公正原则。

【最终答案】：ABCD

题目：护士张某在申请执业注册时，隐瞒了其曾因违规被暂停执业的记录。卫生行政部门应采取的措施是？
A. 给予警告但不影响注册
B. 不予受理注册申请并给予警告
C. 批准注册但罚款2000元
D. 撤销其执业注册
【思考过程】：
",B,客观题
医患关系,"你是一个严格按照要求答题的医学考试考生。请你先展示出完整的思考过程，然后再输出最终答案。每道题目有至少两个选项（A、B）至多五个选项（A、B、C、D、E），题目为不定项选择题，请按照以下格式作答：

【思考过程】：...

【最终答案】：AB / BCE / CD / DE / E / ...（只输出选项的编号，不要写选项内容）

示例：
题目：医疗伦理中四大基本原则是？
A.尊重自主权
B.善意行为
C.无害原则
D.公正原则
E.以上都不是
【思考过程】：本题考查医学伦理的四大基本原则，包括尊重自主权、不伤害原则、行善原则、公正原则。

【最终答案】：ABCD

题目：以下选项中符合护理对象应被尊重的权益是？
A.人身自由权
B.生命权
C.知情同意权
D.身体权
E.原生文化尊重权
【思考过程】：
",ABCDE,客观题
医患关系,"你是一个严格按照要求答题的医学考试考生。请你先展示出完整的思考过程，然后再输出最终答案。每道题目有至少两个选项（A、B）至多五个选项（A、B、C、D、E），题目为不定项选择题，请按照以下格式作答：

【思考过程】：...

【最终答案】：AB / BCE / CD / DE / E / ...（只输出选项的编号，不要写选项内容）

示例：
题目：医疗伦理中四大基本原则是？
A.尊重自主权
B.善意行为
C.无害原则
D.公正原则
E.以上都不是
【思考过程】：本题考查医学伦理的四大基本原则，包括尊重自主权、不伤害原则、行善原则、公正原则。

【最终答案】：ABCD

题目：在卫生资源紧缺或其他极端情况下，护理人员应综合考虑哪些因素进行伦理决策？（多选）
A.国家利益
B.医学标准
C.性别和宗教信仰
D.余年寿命
E.家庭角色
F.护理对象的既往病史
【思考过程】：
",ABDF,客观题
医患关系,"你是一个严格按照要求答题的医学考试考生。请你先展示出完整的思考过程，然后再输出最终答案。每道题目有至少两个选项（A、B）至多五个选项（A、B、C、D、E），题目为不定项选择题，请按照以下格式作答：

【思考过程】：...

【最终答案】：AB / BCE / CD / DE / E / ...（只输出选项的编号，不要写选项内容）

示例：
题目：医疗伦理中四大基本原则是？
A.尊重自主权
B.善意行为
C.无害原则
D.公正原则
E.以上都不是
【思考过程】：本题考查医学伦理的四大基本原则，包括尊重自主权、不伤害原则、行善原则、公正原则。

【最终答案】：ABCD

题目：以下哪些行为是护理员被明确禁止从事的？
A.为普通内科患者更换床单
B.协助老年患者完成自主进食
C.记录术后患者的生命体征
D.为新生儿更换尿布并进行脐部消毒
E.为重症监护患者进行静脉注射
【思考过程】：
",DE,客观题
医患关系,"你是一个严格按照要求答题的医学考试考生。请你先展示出完整的思考过程，然后再输出最终答案。每道题目有至少两个选项（A、B）至多五个选项（A、B、C、D、E），题目为不定项选择题，请按照以下格式作答：

【思考过程】：...

【最终答案】：AB / BCE / CD / DE / E / ...（只输出选项的编号，不要写选项内容）

示例：
题目：医疗伦理中四大基本原则是？
A.尊重自主权
B.善意行为
C.无害原则
D.公正原则
E.以上都不是
【思考过程】：本题考查医学伦理的四大基本原则，包括尊重自主权、不伤害原则、行善原则、公正原则。

【最终答案】：ABCD

题目：护士应促进建立以下哪些内容得到承认和尊重的环境？
A.人权
B.价值观
C.宗教信仰
D.服务效率
E.精神信仰
F.经济利益
【思考过程】：
",ABCE,客观题
医患关系,"你是一个严格按照要求答题的医学考试考生。请你先展示出完整的思考过程，然后再输出最终答案。每道题目有至少两个选项（A、B）至多五个选项（A、B、C、D、E），题目为不定项选择题，请按照以下格式作答：

【思考过程】：...

【最终答案】：AB / BCE / CD / DE / E / ...（只输出选项的编号，不要写选项内容）

示例：
题目：医疗伦理中四大基本原则是？
A.尊重自主权
B.善意行为
C.无害原则
D.公正原则
E.以上都不是
【思考过程】：本题考查医学伦理的四大基本原则，包括尊重自主权、不伤害原则、行善原则、公正原则。

【最终答案】：ABCD

题目：根据护理伦理规范，护士在确保信息传递有效性时，**不需要**特别考虑以下哪个因素？
A.患者文化背景
B.家庭宗教信仰
C.患者语言能力
D.家属认知水平
E.患者经济状况
【思考过程】：
",E,客观题
医患关系,"你是一个严格按照要求答题的医学考试考生。请你先展示出完整的思考过程，然后再输出最终答案。每道题目有至少两个选项（A、B）至多五个选项（A、B、C、D、E），题目为不定项选择题，请按照以下格式作答：

【思考过程】：...

【最终答案】：AB / BCE / CD / DE / E / ...（只输出选项的编号，不要写选项内容）

示例：
题目：医疗伦理中四大基本原则是？
A.尊重自主权
B.善意行为
C.无害原则
D.公正原则
E.以上都不是
【思考过程】：本题考查医学伦理的四大基本原则，包括尊重自主权、不伤害原则、行善原则、公正原则。

【最终答案】：ABCD

题目：护士在常规护理中处理患者个人信息时，下列哪些行为符合伦理规范？
A.合法收集患者的就诊记录
B.将患者检验结果出售给第三方研究机构
C.在社交媒体讨论未脱敏的病例细节
D.因医疗协作需要传输患者数据至合作医院
E.将患者数据储存在加密医疗系统中
【思考过程】：
",ADE,客观题
医患关系,"你是一个严格按照要求答题的医学考试考生。请你先展示出完整的思考过程，然后再输出最终答案。每道题目有至少两个选项（A、B）至多五个选项（A、B、C、D、E），题目为不定项选择题，请按照以下格式作答：

【思考过程】：...

【最终答案】：AB / BCE / CD / DE / E / ...（只输出选项的编号，不要写选项内容）

示例：
题目：医疗伦理中四大基本原则是？
A.尊重自主权
B.善意行为
C.无害原则
D.公正原则
E.以上都不是
【思考过程】：本题考查医学伦理的四大基本原则，包括尊重自主权、不伤害原则、行善原则、公正原则。

【最终答案】：ABCD

题目：以下关于护士职业操守的要求中，哪两项是符合相关法规的？
A.避免在社交媒体讨论同事工作失误
B.获得授权后可匿名化展示患者病例
C.向未授权第三方透露被护理者病史
D.通过自媒体发布典型护理案例教学视频
E.默认有权查看同事的患者护理记录
【思考过程】：
",AB,客观题
医患关系,"你是一个严格按照要求答题的医学考试考生。请你先展示出完整的思考过程，然后再输出最终答案。每道题目有至少两个选项（A、B）至多五个选项（A、B、C、D、E），题目为不定项选择题，请按照以下格式作答：

【思考过程】：...

【最终答案】：AB / BCE / CD / DE / E / ...（只输出选项的编号，不要写选项内容）

示例：
题目：医疗伦理中四大基本原则是？
A.尊重自主权
B.善意行为
C.无害原则
D.公正原则
E.以上都不是
【思考过程】：本题考查医学伦理的四大基本原则，包括尊重自主权、不伤害原则、行善原则、公正原则。

【最终答案】：ABCD

题目：护士在履行伦理责任时，应在以下哪个环节主动倡导社会正义？
A.直接操作医疗资源分配流程
B.对患者经济状况进行分级评估
C.呼吁医疗机构和社会服务部门消除资源分配差异
D.制定不同阶层的医保优惠政策
E.审核其他患者的治疗优先级
【思考过程】：
",C,客观题
医患关系,"你是一个严格按照要求答题的医学考试考生。请你先展示出完整的思考过程，然后再输出最终答案。每道题目有至少两个选项（A、B）至多五个选项（A、B、C、D、E），题目为不定项选择题，请按照以下格式作答：

【思考过程】：...

【最终答案】：AB / BCE / CD / DE / E / ...（只输出选项的编号，不要写选项内容）

示例：
题目：医疗伦理中四大基本原则是？
A.尊重自主权
B.善意行为
C.无害原则
D.公正原则
E.以上都不是
【思考过程】：本题考查医学伦理的四大基本原则，包括尊重自主权、不伤害原则、行善原则、公正原则。

【最终答案】：ABCD

题目：护士在使用人工智能或设备（如护理机器人）时应遵循的基本伦理原则是什么？
A.尽量让人工智能完全取代护理人际关系以提升效率
B.优先采用技术手段降低护理成本
C.确保技术仅作为护理人际关系的辅助工具
D.通过技术手段代替所有重复性护理操作
【思考过程】：
",C,客观题
医患关系,"你是一个严格按照要求答题的医学考试考生。请你先展示出完整的思考过程，然后再输出最终答案。每道题目有至少两个选项（A、B）至多五个选项（A、B、C、D、E），题目为不定项选择题，请按照以下格式作答：

【思考过程】：...

【最终答案】：AB / BCE / CD / DE / E / ...（只输出选项的编号，不要写选项内容）

示例：
题目：医疗伦理中四大基本原则是？
A.尊重自主权
B.善意行为
C.无害原则
D.公正原则
E.以上都不是
【思考过程】：本题考查医学伦理的四大基本原则，包括尊重自主权、不伤害原则、行善原则、公正原则。

【最终答案】：ABCD

题目：以下表述是否正确：某医院允许尚未取得护理执业资格的护士在资深护士指导下独立进行静脉输液操作。
A.正确
B.错误
【思考过程】：
",B,客观题
医患关系,"你是一个严格按照要求答题的医学考试考生。请你先展示出完整的思考过程，然后再输出最终答案。每道题目有至少两个选项（A、B）至多五个选项（A、B、C、D、E），题目为不定项选择题，请按照以下格式作答：

【思考过程】：...

【最终答案】：AB / BCE / CD / DE / E / ...（只输出选项的编号，不要写选项内容）

示例：
题目：医疗伦理中四大基本原则是？
A.尊重自主权
B.善意行为
C.无害原则
D.公正原则
E.以上都不是
【思考过程】：本题考查医学伦理的四大基本原则，包括尊重自主权、不伤害原则、行善原则、公正原则。

【最终答案】：ABCD

题目：护士在以下哪项行为中符合执业规范要求？
A.接受超出个人能力但经上级紧急授权的采血任务
B.根据监测规范执行已接受过系统培训的体征记录
C.未评估患者状态直接执行其他科室的临时医嘱
D.拒绝执行未经资质认证的伤口清创操作
【思考过程】：
",BD,客观题
医患关系,"你是一个严格按照要求答题的医学考试考生。请你先展示出完整的思考过程，然后再输出最终答案。每道题目有至少两个选项（A、B）至多五个选项（A、B、C、D、E），题目为不定项选择题，请按照以下格式作答：

【思考过程】：...

【最终答案】：AB / BCE / CD / DE / E / ...（只输出选项的编号，不要写选项内容）

示例：
题目：医疗伦理中四大基本原则是？
A.尊重自主权
B.善意行为
C.无害原则
D.公正原则
E.以上都不是
【思考过程】：本题考查医学伦理的四大基本原则，包括尊重自主权、不伤害原则、行善原则、公正原则。

【最终答案】：ABCD

题目：以下哪项属于护士积极执业实践环境应具备的特点？
A.专业认可
B.弹性工作时间
C.反思
D.资源充足
E.职业健康与安全
【思考过程】：
",ACDE,客观题
医患关系,"你是一个严格按照要求答题的医学考试考生。请你先展示出完整的思考过程，然后再输出最终答案。每道题目有至少两个选项（A、B）至多五个选项（A、B、C、D、E），题目为不定项选择题，请按照以下格式作答：

【思考过程】：...

【最终答案】：AB / BCE / CD / DE / E / ...（只输出选项的编号，不要写选项内容）

示例：
题目：医疗伦理中四大基本原则是？
A.尊重自主权
B.善意行为
C.无害原则
D.公正原则
E.以上都不是
【思考过程】：本题考查医学伦理的四大基本原则，包括尊重自主权、不伤害原则、行善原则、公正原则。

【最终答案】：ABCD

题目：在常规护理实践中，护士需要负责确保数据的哪一个方面以支持护理伦理标准？
A.完整性
B.准确性
C.及时性
D.保密性
【思考过程】：
",ABCD,客观题
医患关系,"你是一个严格按照要求答题的医学考试考生。请你先展示出完整的思考过程，然后再输出最终答案。每道题目有至少两个选项（A、B）至多五个选项（A、B、C、D、E），题目为不定项选择题，请按照以下格式作答：

【思考过程】：...

【最终答案】：AB / BCE / CD / DE / E / ...（只输出选项的编号，不要写选项内容）

示例：
题目：医疗伦理中四大基本原则是？
A.尊重自主权
B.善意行为
C.无害原则
D.公正原则
E.以上都不是
【思考过程】：本题考查医学伦理的四大基本原则，包括尊重自主权、不伤害原则、行善原则、公正原则。

【最终答案】：ABCD

题目：以下哪些领域护士应发挥主要领导作用？
A.确定循证临床护理实践标准
B.实施护理管理标准
C.推进护理教育标准建设
D.制定医疗设备采购政策
E.建立护理研究伦理标准
【思考过程】：
",ABCE,客观题
医患关系,"你是一个严格按照要求答题的医学考试考生。请你先展示出完整的思考过程，然后再输出最终答案。每道题目有至少两个选项（A、B）至多五个选项（A、B、C、D、E），题目为不定项选择题，请按照以下格式作答：

【思考过程】：...

【最终答案】：AB / BCE / CD / DE / E / ...（只输出选项的编号，不要写选项内容）

示例：
题目：医疗伦理中四大基本原则是？
A.尊重自主权
B.善意行为
C.无害原则
D.公正原则
E.以上都不是
【思考过程】：本题考查医学伦理的四大基本原则，包括尊重自主权、不伤害原则、行善原则、公正原则。

【最终答案】：ABCD

题目：根据相关规定，护士应如何拓展最新专业知识？
A.以传统护理经验为基础并结合医生建议
B.以研究为基础并支持循证实践，与护理学者合作
C.围绕患者个体需求调整基础护理方案
D.定期更新医院内部护理手册
【思考过程】：
",B,客观题
医患关系,"你是一个严格按照要求答题的医学考试考生。请你先展示出完整的思考过程，然后再输出最终答案。每道题目有至少两个选项（A、B）至多五个选项（A、B、C、D、E），题目为不定项选择题，请按照以下格式作答：

【思考过程】：...

【最终答案】：AB / BCE / CD / DE / E / ...（只输出选项的编号，不要写选项内容）

示例：
题目：医疗伦理中四大基本原则是？
A.尊重自主权
B.善意行为
C.无害原则
D.公正原则
E.以上都不是
【思考过程】：本题考查医学伦理的四大基本原则，包括尊重自主权、不伤害原则、行善原则、公正原则。

【最终答案】：ABCD

题目：以下哪项属于护士应积极发展和维护的核心专业价值观？
A.提升护理操作的效率
B.尊重患者的自主选择权
C.维护患者的隐私权
D.优先服从医院管理部门的要求
【思考过程】：
",BC,客观题
医患关系,"你是一个严格按照要求答题的医学考试考生。请你先展示出完整的思考过程，然后再输出最终答案。每道题目有至少两个选项（A、B）至多五个选项（A、B、C、D、E），题目为不定项选择题，请按照以下格式作答：

【思考过程】：...

【最终答案】：AB / BCE / CD / DE / E / ...（只输出选项的编号，不要写选项内容）

示例：
题目：医疗伦理中四大基本原则是？
A.尊重自主权
B.善意行为
C.无害原则
D.公正原则
E.以上都不是
【思考过程】：本题考查医学伦理的四大基本原则，包括尊重自主权、不伤害原则、行善原则、公正原则。

【最终答案】：ABCD

题目：护士在开展伦理实践时，应当优先与哪些主体进行合作？
A.社交媒体平台宣传团队
B.护理同仁
C.其他健康相关学科人员
D.患者家属的私人律师
E.相关社区组织
【思考过程】：
",BCE,客观题
医患关系,"你是一个严格按照要求答题的医学考试考生。请你先展示出完整的思考过程，然后再输出最终答案。每道题目有至少两个选项（A、B）至多五个选项（A、B、C、D、E），题目为不定项选择题，请按照以下格式作答：

【思考过程】：...

【最终答案】：AB / BCE / CD / DE / E / ...（只输出选项的编号，不要写选项内容）

示例：
题目：医疗伦理中四大基本原则是？
A.尊重自主权
B.善意行为
C.无害原则
D.公正原则
E.以上都不是
【思考过程】：本题考查医学伦理的四大基本原则，包括尊重自主权、不伤害原则、行善原则、公正原则。

【最终答案】：ABCD

题目：护士在专业实践中应履行哪些与研究相关的职责？
A.执行已确定的护理方案
B.参与设计改进社区健康的临床研究
C.独立发表未经验证的医疗成果
D.将最新循证研究整合进家庭护理服务
E.向公众科普已证实的疾病预防方法
【思考过程】：
",BDE,客观题
医患关系,"你是一个严格按照要求答题的医学考试考生。请你先展示出完整的思考过程，然后再输出最终答案。每道题目有至少两个选项（A、B）至多五个选项（A、B、C、D、E），题目为不定项选择题，请按照以下格式作答：

【思考过程】：...

【最终答案】：AB / BCE / CD / DE / E / ...（只输出选项的编号，不要写选项内容）

示例：
题目：医疗伦理中四大基本原则是？
A.尊重自主权
B.善意行为
C.无害原则
D.公正原则
E.以上都不是
【思考过程】：本题考查医学伦理的四大基本原则，包括尊重自主权、不伤害原则、行善原则、公正原则。

【最终答案】：ABCD

题目：以下哪项符合护士在医疗保健中应秉持的伦理原则？
A.仅在患者支付费用时提供必要的护理服务
B.优先为经济状况较好的患者提供高质量的护理
C.支持无论国籍、种族或社会地位，每个人都应获得医疗保健
D.根据医院政策调整护理服务的可及性
【思考过程】：
",C,客观题
医患关系,"你是一个严格按照要求答题的医学考试考生。请你先展示出完整的思考过程，然后再输出最终答案。每道题目有至少两个选项（A、B）至多五个选项（A、B、C、D、E），题目为不定项选择题，请按照以下格式作答：

【思考过程】：...

【最终答案】：AB / BCE / CD / DE / E / ...（只输出选项的编号，不要写选项内容）

示例：
题目：医疗伦理中四大基本原则是？
A.尊重自主权
B.善意行为
C.无害原则
D.公正原则
E.以上都不是
【思考过程】：本题考查医学伦理的四大基本原则，包括尊重自主权、不伤害原则、行善原则、公正原则。

【最终答案】：ABCD

题目：护士在常规护理伦理实践中应当采取以下哪种措施？
A.仅在患者病例中记录社会因素影响
B.促成保障弱势群体就医公平性的政策
C.优先为高收入患者提供护理资源
D.倡导改善社区健康卫生条件的方案
E.避免参与医院外的公共卫生议题
【思考过程】：
",BD,客观题
医患关系,"你是一个严格按照要求答题的医学考试考生。请你先展示出完整的思考过程，然后再输出最终答案。每道题目有至少两个选项（A、B）至多五个选项（A、B、C、D、E），题目为不定项选择题，请按照以下格式作答：

【思考过程】：...

【最终答案】：AB / BCE / CD / DE / E / ...（只输出选项的编号，不要写选项内容）

示例：
题目：医疗伦理中四大基本原则是？
A.尊重自主权
B.善意行为
C.无害原则
D.公正原则
E.以上都不是
【思考过程】：本题考查医学伦理的四大基本原则，包括尊重自主权、不伤害原则、行善原则、公正原则。

【最终答案】：ABCD

题目：下列哪些举措属于护士在常规护理中应提倡的伦理职责？
A.推广一次性医疗用品的使用
B.促进无害废弃物处理的流程
C.优先采购可降解包装材料
D.减少有害环境行为的举措
E.禁止所有非必要医疗资源的消耗
【思考过程】：
",BCD,客观题
医患关系,"你是一个严格按照要求答题的医学考试考生。请你先展示出完整的思考过程，然后再输出最终答案。每道题目有至少两个选项（A、B）至多五个选项（A、B、C、D、E），题目为不定项选择题，请按照以下格式作答：

【思考过程】：...

【最终答案】：AB / BCE / CD / DE / E / ...（只输出选项的编号，不要写选项内容）

示例：
题目：医疗伦理中四大基本原则是？
A.尊重自主权
B.善意行为
C.无害原则
D.公正原则
E.以上都不是
【思考过程】：本题考查医学伦理的四大基本原则，包括尊重自主权、不伤害原则、行善原则、公正原则。

【最终答案】：ABCD

题目：根据相关法规，护士应承担的跨国合作责任包括以下哪些内容？
A.仅参与国内护理技术培训
B.与他国合作制定全球健康政策
C.为发展中国家提供护理技术支持
D.优先优化本土医疗资源配置
E.参加国际护理伦理原则研讨会
【思考过程】：
",BCE,客观题
医患关系,"你是一个严格按照要求答题的医学考试考生。请你先展示出完整的思考过程，然后再输出最终答案。每道题目有至少两个选项（A、B）至多五个选项（A、B、C、D、E），题目为不定项选择题，请按照以下格式作答：

【思考过程】：...

【最终答案】：AB / BCE / CD / DE / E / ...（只输出选项的编号，不要写选项内容）

示例：
题目：医疗伦理中四大基本原则是？
A.尊重自主权
B.善意行为
C.无害原则
D.公正原则
E.以上都不是
【思考过程】：本题考查医学伦理的四大基本原则，包括尊重自主权、不伤害原则、行善原则、公正原则。

【最终答案】：ABCD

题目：根据法律法规，以下哪些主体应当加强对医疗卫生人员的医德医风教育？
A.医疗卫生行业组织
B.医疗卫生机构
C.患者家属
D.卫生行政机关
E.医学院校
【思考过程】：
",ABDE,客观题
医患关系,"你是一个严格按照要求答题的医学考试考生。请你先展示出完整的思考过程，然后再输出最终答案。每道题目有至少两个选项（A、B）至多五个选项（A、B、C、D、E），题目为不定项选择题，请按照以下格式作答：

【思考过程】：...

【最终答案】：AB / BCE / CD / DE / E / ...（只输出选项的编号，不要写选项内容）

示例：
题目：医疗伦理中四大基本原则是？
A.尊重自主权
B.善意行为
C.无害原则
D.公正原则
E.以上都不是
【思考过程】：本题考查医学伦理的四大基本原则，包括尊重自主权、不伤害原则、行善原则、公正原则。

【最终答案】：ABCD

题目：根据法规，以下哪些行为属于医疗卫生人员的违规行为？
A.根据患者病情合理使用药物
B.接受患者赠送的贵重礼品
C.为了增加收入而进行不必要的检查
D.推荐患者购买高价保健品以获取回扣
【思考过程】：
",BCD,客观题
医患关系,"你是一个严格按照要求答题的医学考试考生。请你先展示出完整的思考过程，然后再输出最终答案。每道题目有至少两个选项（A、B）至多五个选项（A、B、C、D、E），题目为不定项选择题，请按照以下格式作答：

【思考过程】：...

【最终答案】：AB / BCE / CD / DE / E / ...（只输出选项的编号，不要写选项内容）

示例：
题目：医疗伦理中四大基本原则是？
A.尊重自主权
B.善意行为
C.无害原则
D.公正原则
E.以上都不是
【思考过程】：本题考查医学伦理的四大基本原则，包括尊重自主权、不伤害原则、行善原则、公正原则。

【最终答案】：ABCD

题目：以下表述是否正确：任何组织或个人不得威胁、危害医疗卫生人员人身安全，侵犯其人格尊严，医疗卫生人员的执业环境由医疗机构自行负责。
A.正确
B.错误
【思考过程】：
",B,客观题
医患关系,"你是一个严格按照要求答题的医学考试考生。请你先展示出完整的思考过程，然后再输出最终答案。每道题目有至少两个选项（A、B）至多五个选项（A、B、C、D、E），题目为不定项选择题，请按照以下格式作答：

【思考过程】：...

【最终答案】：AB / BCE / CD / DE / E / ...（只输出选项的编号，不要写选项内容）

示例：
题目：医疗伦理中四大基本原则是？
A.尊重自主权
B.善意行为
C.无害原则
D.公正原则
E.以上都不是
【思考过程】：本题考查医学伦理的四大基本原则，包括尊重自主权、不伤害原则、行善原则、公正原则。

【最终答案】：ABCD

题目：根据法规，以下哪种行为不属于医疗卫生人员的违规行为？
A. 利用职务之便索要财物
B. 泄露非个人健康信息
C. 违反医学伦理规范但履行了告知义务
D. 在研究中未履行告知义务
E. 泄露公民个人健康信息
【思考过程】：
",B,客观题
医患关系,"你是一个严格按照要求答题的医学考试考生。请你先展示出完整的思考过程，然后再输出最终答案。每道题目有至少两个选项（A、B）至多五个选项（A、B、C、D、E），题目为不定项选择题，请按照以下格式作答：

【思考过程】：...

【最终答案】：AB / BCE / CD / DE / E / ...（只输出选项的编号，不要写选项内容）

示例：
题目：医疗伦理中四大基本原则是？
A.尊重自主权
B.善意行为
C.无害原则
D.公正原则
E.以上都不是
【思考过程】：本题考查医学伦理的四大基本原则，包括尊重自主权、不伤害原则、行善原则、公正原则。

【最终答案】：ABCD

题目：根据法规，以下哪项不属于病区为临终患者必须配备的设施或措施？
A.独立洗澡间内的防滑倒装置
B.移动患者专用的电动升降机
C.普通病房床帘
D.紧急呼叫装置和扶手
E.适应临终患者需求的洗澡设施
【思考过程】：
",C,客观题
医患关系,"你是一个严格按照要求答题的医学考试考生。请你先展示出完整的思考过程，然后再输出最终答案。每道题目有至少两个选项（A、B）至多五个选项（A、B、C、D、E），题目为不定项选择题，请按照以下格式作答：

【思考过程】：...

【最终答案】：AB / BCE / CD / DE / E / ...（只输出选项的编号，不要写选项内容）

示例：
题目：医疗伦理中四大基本原则是？
A.尊重自主权
B.善意行为
C.无害原则
D.公正原则
E.以上都不是
【思考过程】：本题考查医学伦理的四大基本原则，包括尊重自主权、不伤害原则、行善原则、公正原则。

【最终答案】：ABCD

题目：根据规定，特殊疾病护理中的无障碍设计要求应包括以下哪些内容？
A.患者活动区域和走廊两侧设有扶手
B.房门设计方便轮椅和推车进出
C.每个病房内必须安装电梯
D.功能检查用房和理疗用房设有无障碍通道
E.所有病房门宽至少2米
【思考过程】：
",ABD,客观题
医患关系,"你是一个严格按照要求答题的医学考试考生。请你先展示出完整的思考过程，然后再输出最终答案。每道题目有至少两个选项（A、B）至多五个选项（A、B、C、D、E），题目为不定项选择题，请按照以下格式作答：

【思考过程】：...

【最终答案】：AB / BCE / CD / DE / E / ...（只输出选项的编号，不要写选项内容）

示例：
题目：医疗伦理中四大基本原则是？
A.尊重自主权
B.善意行为
C.无害原则
D.公正原则
E.以上都不是
【思考过程】：本题考查医学伦理的四大基本原则，包括尊重自主权、不伤害原则、行善原则、公正原则。

【最终答案】：ABCD

题目：根据法规，以下哪项不属于关怀室（告别室）应具备的特点或设施？
A.尊重不同民族的丧葬习俗
B.配备家属与亡者告别的专用设施
C.强制家属参与特定宗教仪式
D.体现人性、人道和关爱
E.考虑传统文化和民俗需求
【思考过程】：
",C,客观题
医患关系,"你是一个严格按照要求答题的医学考试考生。请你先展示出完整的思考过程，然后再输出最终答案。每道题目有至少两个选项（A、B）至多五个选项（A、B、C、D、E），题目为不定项选择题，请按照以下格式作答：

【思考过程】：...

【最终答案】：AB / BCE / CD / DE / E / ...（只输出选项的编号，不要写选项内容）

示例：
题目：医疗伦理中四大基本原则是？
A.尊重自主权
B.善意行为
C.无害原则
D.公正原则
E.以上都不是
【思考过程】：本题考查医学伦理的四大基本原则，包括尊重自主权、不伤害原则、行善原则、公正原则。

【最终答案】：ABCD

题目：根据法律法规，以下哪项不属于医疗机构在特殊疾病护理中必须履行的患者权益保障义务？
A.建立与患者家属的定期沟通机制
B.仅向患者本人告知病情进展
C.在进行检查时确保患者隐私不受侵犯
D.尊重患者对治疗方案的知情选择权
E.通过书面形式完整记录沟通内容
【思考过程】：
",B,客观题
医患关系,"你是一个严格按照要求答题的医学考试考生。请你先展示出完整的思考过程，然后再输出最终答案。每道题目有至少两个选项（A、B）至多五个选项（A、B、C、D、E），题目为不定项选择题，请按照以下格式作答：

【思考过程】：...

【最终答案】：AB / BCE / CD / DE / E / ...（只输出选项的编号，不要写选项内容）

示例：
题目：医疗伦理中四大基本原则是？
A.尊重自主权
B.善意行为
C.无害原则
D.公正原则
E.以上都不是
【思考过程】：本题考查医学伦理的四大基本原则，包括尊重自主权、不伤害原则、行善原则、公正原则。

【最终答案】：ABCD

题目：根据法律法规，以下哪项不属于医疗机构必须执行的患者安全管理措施？
A.制定各类突发事件应急预案和处理流程
B.定期进行应急处理能力培训和演练
C.仅在事故发生后制定应急预案
D.不定期进行应急演练
E.每季度评估应急预案的有效性
【思考过程】：
",CDE,客观题
医患关系,"你是一个严格按照要求答题的医学考试考生。请你先展示出完整的思考过程，然后再输出最终答案。每道题目有至少两个选项（A、B）至多五个选项（A、B、C、D、E），题目为不定项选择题，请按照以下格式作答：

【思考过程】：...

【最终答案】：AB / BCE / CD / DE / E / ...（只输出选项的编号，不要写选项内容）

示例：
题目：医疗伦理中四大基本原则是？
A.尊重自主权
B.善意行为
C.无害原则
D.公正原则
E.以上都不是
【思考过程】：本题考查医学伦理的四大基本原则，包括尊重自主权、不伤害原则、行善原则、公正原则。

【最终答案】：ABCD

题目：以下哪项不属于医疗机构必须建立报告制度和处理预案的高危患者风险？
A.跌倒
B.感染
C.自杀
D.压疮
【思考过程】：
",B,客观题
医患关系,"你是一个严格按照要求答题的医学考试考生。请你先展示出完整的思考过程，然后再输出最终答案。每道题目有至少两个选项（A、B）至多五个选项（A、B、C、D、E），题目为不定项选择题，请按照以下格式作答：

【思考过程】：...

【最终答案】：AB / BCE / CD / DE / E / ...（只输出选项的编号，不要写选项内容）

示例：
题目：医疗伦理中四大基本原则是？
A.尊重自主权
B.善意行为
C.无害原则
D.公正原则
E.以上都不是
【思考过程】：本题考查医学伦理的四大基本原则，包括尊重自主权、不伤害原则、行善原则、公正原则。

【最终答案】：ABCD

题目：根据规定，护士在发现患者病情变化时应当首先采取以下哪项措施？
A. 及时与医师沟通
B. 自行处理病情变化
C. 等待医师查房时再报告
D. 优先通知患者家属
【思考过程】：
",A,客观题
医患关系,"你是一个严格按照要求答题的医学考试考生。请你先展示出完整的思考过程，然后再输出最终答案。每道题目有至少两个选项（A、B）至多五个选项（A、B、C、D、E），题目为不定项选择题，请按照以下格式作答：

【思考过程】：...

【最终答案】：AB / BCE / CD / DE / E / ...（只输出选项的编号，不要写选项内容）

示例：
题目：医疗伦理中四大基本原则是？
A.尊重自主权
B.善意行为
C.无害原则
D.公正原则
E.以上都不是
【思考过程】：本题考查医学伦理的四大基本原则，包括尊重自主权、不伤害原则、行善原则、公正原则。

【最终答案】：ABCD

题目：以下哪项不符合医院改进护理工作的规定？
A. 仅收集患者的意见，忽略家属的建议
B. 及时分析处理收集到的反馈
C. 根据反馈不断改进护理工作
D. 定期而不是及时分析处理
【思考过程】：
",AD,客观题
医患关系,"你是一个严格按照要求答题的医学考试考生。请你先展示出完整的思考过程，然后再输出最终答案。每道题目有至少两个选项（A、B）至多五个选项（A、B、C、D、E），题目为不定项选择题，请按照以下格式作答：

【思考过程】：...

【最终答案】：AB / BCE / CD / DE / E / ...（只输出选项的编号，不要写选项内容）

示例：
题目：医疗伦理中四大基本原则是？
A.尊重自主权
B.善意行为
C.无害原则
D.公正原则
E.以上都不是
【思考过程】：本题考查医学伦理的四大基本原则，包括尊重自主权、不伤害原则、行善原则、公正原则。

【最终答案】：ABCD

题目：根据法规，医院在护理不良事件管理中应当采取哪些措施？
A.加强不良事件的报告
B.及时调查分析事件原因
C.防范不良事件的发生
D.促进护理质量持续改进
E.对涉事护士进行经济处罚
【思考过程】：
",ABCD,客观题
医患关系,"你是一个严格按照要求答题的医学考试考生。请你先展示出完整的思考过程，然后再输出最终答案。每道题目有至少两个选项（A、B）至多五个选项（A、B、C、D、E），题目为不定项选择题，请按照以下格式作答：

【思考过程】：...

【最终答案】：AB / BCE / CD / DE / E / ...（只输出选项的编号，不要写选项内容）

示例：
题目：医疗伦理中四大基本原则是？
A.尊重自主权
B.善意行为
C.无害原则
D.公正原则
E.以上都不是
【思考过程】：本题考查医学伦理的四大基本原则，包括尊重自主权、不伤害原则、行善原则、公正原则。

【最终答案】：ABCD

题目：根据规定，接受安宁疗护服务需要满足哪些必要条件？
A.由执业医师明确诊断为疾病终末期或老年患者
B.预期生存期在6个月以内
C.患者或家属同意接受服务约定
D.患者年龄超过60岁
E.预期生存期在12个月以内
【思考过程】：
",ABC,客观题
医患关系,"你是一个严格按照要求答题的医学考试考生。请你先展示出完整的思考过程，然后再输出最终答案。每道题目有至少两个选项（A、B）至多五个选项（A、B、C、D、E），题目为不定项选择题，请按照以下格式作答：

【思考过程】：...

【最终答案】：AB / BCE / CD / DE / E / ...（只输出选项的编号，不要写选项内容）

示例：
题目：医疗伦理中四大基本原则是？
A.尊重自主权
B.善意行为
C.无害原则
D.公正原则
E.以上都不是
【思考过程】：本题考查医学伦理的四大基本原则，包括尊重自主权、不伤害原则、行善原则、公正原则。

【最终答案】：ABCD

题目：根据法规，以下哪项不属于为疾病终末期或老年患者提供的服务必须包含的要素？
A.缓和
B.舒适
C.安全
D.根治
E.有效
【思考过程】：
",D,客观题
医患关系,"你是一个严格按照要求答题的医学考试考生。请你先展示出完整的思考过程，然后再输出最终答案。每道题目有至少两个选项（A、B）至多五个选项（A、B、C、D、E），题目为不定项选择题，请按照以下格式作答：

【思考过程】：...

【最终答案】：AB / BCE / CD / DE / E / ...（只输出选项的编号，不要写选项内容）

示例：
题目：医疗伦理中四大基本原则是？
A.尊重自主权
B.善意行为
C.无害原则
D.公正原则
E.以上都不是
【思考过程】：本题考查医学伦理的四大基本原则，包括尊重自主权、不伤害原则、行善原则、公正原则。

【最终答案】：ABCD

题目：根据法规，对于轻中度AD痴呆患者，以下哪种处理方式符合医学伦理和法律规定？
A. 在充分告知患者或家属治疗的获益和风险后，优先选择胆碱酯酶抑制剂作为初始治疗
B. 未经患者或家属同意直接开具胆碱酯酶抑制剂处方
C. 优先采用美金刚单药治疗，后续再评估胆碱酯酶抑制剂的使用
D. 根据患者经济条件选择是否采用胆碱酯酶抑制剂治疗
【思考过程】：
",A,客观题
医患关系,"你是一个严格按照要求答题的医学考试考生。请你先展示出完整的思考过程，然后再输出最终答案。每道题目有至少两个选项（A、B）至多五个选项（A、B、C、D、E），题目为不定项选择题，请按照以下格式作答：

【思考过程】：...

【最终答案】：AB / BCE / CD / DE / E / ...（只输出选项的编号，不要写选项内容）

示例：
题目：医疗伦理中四大基本原则是？
A.尊重自主权
B.善意行为
C.无害原则
D.公正原则
E.以上都不是
【思考过程】：本题考查医学伦理的四大基本原则，包括尊重自主权、不伤害原则、行善原则、公正原则。

【最终答案】：ABCD

题目：医疗卫生人员需要向患者或其近亲属说明医疗风险、替代方案并取得同意的情形包括哪些？
A.实施手术
B.进行常规血液检查
C.开具普通抗生素处方
D.进行特殊检查
E.开展新药临床试验
【思考过程】：
",ADE,客观题
医患关系,"你是一个严格按照要求答题的医学考试考生。请你先展示出完整的思考过程，然后再输出最终答案。每道题目有至少两个选项（A、B）至多五个选项（A、B、C、D、E），题目为不定项选择题，请按照以下格式作答：

【思考过程】：...

【最终答案】：AB / BCE / CD / DE / E / ...（只输出选项的编号，不要写选项内容）

示例：
题目：医疗伦理中四大基本原则是？
A.尊重自主权
B.善意行为
C.无害原则
D.公正原则
E.以上都不是
【思考过程】：本题考查医学伦理的四大基本原则，包括尊重自主权、不伤害原则、行善原则、公正原则。

【最终答案】：ABCD

题目：根据法律法规，以下哪项属于患者在接受医疗服务时的义务？
A.遵守诊疗制度和医疗卫生服务秩序，尊重医疗卫生人员
B.无条件服从医护人员的所有要求
C.要求医护人员公开其他患者的隐私信息
D.因对治疗效果不满可以随意扰乱医疗秩序
【思考过程】：
",A,客观题
医患关系,"你是一个严格按照要求答题的医学考试考生。请你先展示出完整的思考过程，然后再输出最终答案。每道题目有至少两个选项（A、B）至多五个选项（A、B、C、D、E），题目为不定项选择题，请按照以下格式作答：

【思考过程】：...

【最终答案】：AB / BCE / CD / DE / E / ...（只输出选项的编号，不要写选项内容）

示例：
题目：医疗伦理中四大基本原则是？
A.尊重自主权
B.善意行为
C.无害原则
D.公正原则
E.以上都不是
【思考过程】：本题考查医学伦理的四大基本原则，包括尊重自主权、不伤害原则、行善原则、公正原则。

【最终答案】：ABCD

题目：根据法律法规，以下哪些行为属于医疗卫生人员被禁止的行为？
A.对患者实施过度医疗
B.利用职务之便接受患者家属赠送的贵重礼品
C.根据患者病情选择性价比最优的治疗方案
D.在诊疗过程中严格遵守医学伦理规范
E.通过推荐特定药物获取药品回扣
【思考过程】：
",ABE,客观题
医患关系,"你是一个严格按照要求答题的医学考试考生。请你先展示出完整的思考过程，然后再输出最终答案。每道题目有至少两个选项（A、B）至多五个选项（A、B、C、D、E），题目为不定项选择题，请按照以下格式作答：

【思考过程】：...

【最终答案】：AB / BCE / CD / DE / E / ...（只输出选项的编号，不要写选项内容）

示例：
题目：医疗伦理中四大基本原则是？
A.尊重自主权
B.善意行为
C.无害原则
D.公正原则
E.以上都不是
【思考过程】：本题考查医学伦理的四大基本原则，包括尊重自主权、不伤害原则、行善原则、公正原则。

【最终答案】：ABCD

题目：根据法律法规，以下哪些属于护士依法享有的权利或保护？
A.人格尊严不受侵犯
B.人身安全不受侵犯
C.依法履行职责受法律保护
D.护士应当尊重患者
E.全社会应当尊重护士
【思考过程】：
",ABCE,客观题
医患关系,"你是一个严格按照要求答题的医学考试考生。请你先展示出完整的思考过程，然后再输出最终答案。每道题目有至少两个选项（A、B）至多五个选项（A、B、C、D、E），题目为不定项选择题，请按照以下格式作答：

【思考过程】：...

【最终答案】：AB / BCE / CD / DE / E / ...（只输出选项的编号，不要写选项内容）

示例：
题目：医疗伦理中四大基本原则是？
A.尊重自主权
B.善意行为
C.无害原则
D.公正原则
E.以上都不是
【思考过程】：本题考查医学伦理的四大基本原则，包括尊重自主权、不伤害原则、行善原则、公正原则。

【最终答案】：ABCD

题目：护士发现某医嘱违反诊疗技术规范时，应当采取以下哪种正确措施？
A. 直接向医院纪检监察部门举报
B. 先向开具医嘱的医师提出异议，必要时向上级报告
C. 立即执行医嘱但做好记录备查
D. 将医嘱转交其他护士执行以规避责任
【思考过程】：
",B,客观题
医患关系,"你是一个严格按照要求答题的医学考试考生。请你先展示出完整的思考过程，然后再输出最终答案。每道题目有至少两个选项（A、B）至多五个选项（A、B、C、D、E），题目为不定项选择题，请按照以下格式作答：

【思考过程】：...

【最终答案】：AB / BCE / CD / DE / E / ...（只输出选项的编号，不要写选项内容）

示例：
题目：医疗伦理中四大基本原则是？
A.尊重自主权
B.善意行为
C.无害原则
D.公正原则
E.以上都不是
【思考过程】：本题考查医学伦理的四大基本原则，包括尊重自主权、不伤害原则、行善原则、公正原则。

【最终答案】：ABCD

题目：根据法律法规，以下哪项不属于护士在护患关系中必须履行的义务？
A.尊重患者
B.关心患者
C.爱护患者
D.保护患者隐私
E.监督患者的行为
【思考过程】：
",E,客观题
医患关系,"你是一个严格按照要求答题的医学考试考生。请你先展示出完整的思考过程，然后再输出最终答案。每道题目有至少两个选项（A、B）至多五个选项（A、B、C、D、E），题目为不定项选择题，请按照以下格式作答：

【思考过程】：...

【最终答案】：AB / BCE / CD / DE / E / ...（只输出选项的编号，不要写选项内容）

示例：
题目：医疗伦理中四大基本原则是？
A.尊重自主权
B.善意行为
C.无害原则
D.公正原则
E.以上都不是
【思考过程】：本题考查医学伦理的四大基本原则，包括尊重自主权、不伤害原则、行善原则、公正原则。

【最终答案】：ABCD

题目：根据法规，以下哪项不属于护士在发生公共卫生事件时的义务？
A. 服从县级以上人民政府卫生主管部门的安排参加医疗救护
B. 自愿选择是否参加医疗救护
C. 服从所在医疗卫生机构的安排参加医疗救护
D. 参与医疗救护活动
【思考过程】：
",B,客观题
医患关系,"你是一个严格按照要求答题的医学考试考生。请你先展示出完整的思考过程，然后再输出最终答案。每道题目有至少两个选项（A、B）至多五个选项（A、B、C、D、E），题目为不定项选择题，请按照以下格式作答：

【思考过程】：...

【最终答案】：AB / BCE / CD / DE / E / ...（只输出选项的编号，不要写选项内容）

示例：
题目：医疗伦理中四大基本原则是？
A.尊重自主权
B.善意行为
C.无害原则
D.公正原则
E.以上都不是
【思考过程】：本题考查医学伦理的四大基本原则，包括尊重自主权、不伤害原则、行善原则、公正原则。

【最终答案】：ABCD

题目：根据法规，护士在执业活动中出现以下哪种情形应受到处罚？
A. 发现患者病情危急但未立即通知医师
B. 未按医院规定着装
C. 泄露患者隐私
D. 未参加年度继续教育
E. 发现医嘱违规但未报告
【思考过程】：
",ACE,客观题
医患关系,"你是一个严格按照要求答题的医学考试考生。请你先展示出完整的思考过程，然后再输出最终答案。每道题目有至少两个选项（A、B）至多五个选项（A、B、C、D、E），题目为不定项选择题，请按照以下格式作答：

【思考过程】：...

【最终答案】：AB / BCE / CD / DE / E / ...（只输出选项的编号，不要写选项内容）

示例：
题目：医疗伦理中四大基本原则是？
A.尊重自主权
B.善意行为
C.无害原则
D.公正原则
E.以上都不是
【思考过程】：本题考查医学伦理的四大基本原则，包括尊重自主权、不伤害原则、行善原则、公正原则。

【最终答案】：ABCD

题目：根据相关规定，护士在执业活动中出现以下哪些情形时，可能面临警告、暂停执业或吊销证书的处罚？
A.未立即通知医师患者病情危急
B.未及时执行已下达的医嘱
C.泄露患者隐私
D.在公共卫生事件中不服从医疗救护安排
E.与患者发生轻微争执
【思考过程】：
",ACD,客观题
医患关系,"你是一个严格按照要求答题的医学考试考生。请你先展示出完整的思考过程，然后再输出最终答案。每道题目有至少两个选项（A、B）至多五个选项（A、B、C、D、E），题目为不定项选择题，请按照以下格式作答：

【思考过程】：...

【最终答案】：AB / BCE / CD / DE / E / ...（只输出选项的编号，不要写选项内容）

示例：
题目：医疗伦理中四大基本原则是？
A.尊重自主权
B.善意行为
C.无害原则
D.公正原则
E.以上都不是
【思考过程】：本题考查医学伦理的四大基本原则，包括尊重自主权、不伤害原则、行善原则、公正原则。

【最终答案】：ABCD

题目：护士在执业活动中出现以下哪些情形时，可能被暂停6个月以上1年以下执业活动？
A.发现患者病情危急未立即通知医师
B.未参加年度继续教育培训
C.泄露患者隐私
D.在公共卫生事件中拒绝服从医疗救护安排
E.未按时完成护理文书记录
【思考过程】：
",ACD,客观题
医患关系,"你是一个严格按照要求答题的医学考试考生。请你先展示出完整的思考过程，然后再输出最终答案。每道题目有至少两个选项（A、B）至多五个选项（A、B、C、D、E），题目为不定项选择题，请按照以下格式作答：

【思考过程】：...

【最终答案】：AB / BCE / CD / DE / E / ...（只输出选项的编号，不要写选项内容）

示例：
题目：医疗伦理中四大基本原则是？
A.尊重自主权
B.善意行为
C.无害原则
D.公正原则
E.以上都不是
【思考过程】：本题考查医学伦理的四大基本原则，包括尊重自主权、不伤害原则、行善原则、公正原则。

【最终答案】：ABCD

题目：以下哪些属于医疗机构必须尊重的权利或遵循的原则
A. 知情同意原则
B. 自主选择权
C. 隐私权
D. 对患者的隐私保密
E. 患者必须接受治疗
【思考过程】：
",ABCD,客观题
医患关系,"你是一个严格按照要求答题的医学考试考生。请你先展示出完整的思考过程，然后再输出最终答案。每道题目有至少两个选项（A、B）至多五个选项（A、B、C、D、E），题目为不定项选择题，请按照以下格式作答：

【思考过程】：...

【最终答案】：AB / BCE / CD / DE / E / ...（只输出选项的编号，不要写选项内容）

示例：
题目：医疗伦理中四大基本原则是？
A.尊重自主权
B.善意行为
C.无害原则
D.公正原则
E.以上都不是
【思考过程】：本题考查医学伦理的四大基本原则，包括尊重自主权、不伤害原则、行善原则、公正原则。

【最终答案】：ABCD

题目：根据法规，以下哪些情形属于医疗机构应受处罚的情况？
A.未建立医疗质量管理部门或未指定专（兼）职人员负责医疗质量管理
B.未建立医疗质量管理相关规章制度
C.未定期组织医护人员参加伦理培训
D.发生重大医疗质量安全事件隐匿不报
E.未为患者提供免费护理用品
【思考过程】：
",ABD,客观题
医患关系,"你是一个严格按照要求答题的医学考试考生。请你先展示出完整的思考过程，然后再输出最终答案。每道题目有至少两个选项（A、B）至多五个选项（A、B、C、D、E），题目为不定项选择题，请按照以下格式作答：

【思考过程】：...

【最终答案】：AB / BCE / CD / DE / E / ...（只输出选项的编号，不要写选项内容）

示例：
题目：医疗伦理中四大基本原则是？
A.尊重自主权
B.善意行为
C.无害原则
D.公正原则
E.以上都不是
【思考过程】：本题考查医学伦理的四大基本原则，包括尊重自主权、不伤害原则、行善原则、公正原则。

【最终答案】：ABCD

题目：根据法律法规，医疗机构出现以下哪种情形时，将受到处罚？
A.未建立医疗质量管理相关规章制度
B.未建立患者投诉处理机制
C.发生重大医疗质量安全事件后未及时上报
D.未按期报送医疗质量安全信息
E.未指定专人负责医疗质量管理
【思考过程】：
",ABCDE,客观题
医患关系,"你是一个严格按照要求答题的医学考试考生。请你先展示出完整的思考过程，然后再输出最终答案。每道题目有至少两个选项（A、B）至多五个选项（A、B、C、D、E），题目为不定项选择题，请按照以下格式作答：

【思考过程】：...

【最终答案】：AB / BCE / CD / DE / E / ...（只输出选项的编号，不要写选项内容）

示例：
题目：医疗伦理中四大基本原则是？
A.尊重自主权
B.善意行为
C.无害原则
D.公正原则
E.以上都不是
【思考过程】：本题考查医学伦理的四大基本原则，包括尊重自主权、不伤害原则、行善原则、公正原则。

【最终答案】：ABCD

题目：以下哪种行为属于医师或护士在执业活动中可能受到处理的情形？
A.未完全告知患者所有可能的医疗费用
B.开展医疗活动未遵守知情同意原则
C.未使用最新医疗设备进行诊断
D.未在患者要求时提供英文版病历
【思考过程】：
",B,客观题
医患关系,"你是一个严格按照要求答题的医学考试考生。请你先展示出完整的思考过程，然后再输出最终答案。每道题目有至少两个选项（A、B）至多五个选项（A、B、C、D、E），题目为不定项选择题，请按照以下格式作答：

【思考过程】：...

【最终答案】：AB / BCE / CD / DE / E / ...（只输出选项的编号，不要写选项内容）

示例：
题目：医疗伦理中四大基本原则是？
A.尊重自主权
B.善意行为
C.无害原则
D.公正原则
E.以上都不是
【思考过程】：本题考查医学伦理的四大基本原则，包括尊重自主权、不伤害原则、行善原则、公正原则。

【最终答案】：ABCD

题目：根据法律法规，以下哪些行为属于医疗机构执业的医师、护士应受处理的情形？
A.违规使用禁止临床应用的医疗技术进行诊疗
B.未遵守知情同意原则开展医疗活动
C.未经批准使用某新型医疗器械进行手术
D.因工作繁忙推迟非急症患者的检查
E.泄露患者隐私但未造成严重后果
【思考过程】：
",ABCE,客观题
医患关系,"你是一个严格按照要求答题的医学考试考生。请你先展示出完整的思考过程，然后再输出最终答案。每道题目有至少两个选项（A、B）至多五个选项（A、B、C、D、E），题目为不定项选择题，请按照以下格式作答：

【思考过程】：...

【最终答案】：AB / BCE / CD / DE / E / ...（只输出选项的编号，不要写选项内容）

示例：
题目：医疗伦理中四大基本原则是？
A.尊重自主权
B.善意行为
C.无害原则
D.公正原则
E.以上都不是
【思考过程】：本题考查医学伦理的四大基本原则，包括尊重自主权、不伤害原则、行善原则、公正原则。

【最终答案】：ABCD

题目：根据相关规定，以下哪些行为属于医疗机构执业的医师、护士在执业活动中需被处理的违规行为？
A. 未经亲自诊查，出具检查结果和相关医学文书的
B. 开展医疗活动未遵守知情同意原则的
C. 违规开展禁止或限制临床应用的医疗技术
D. 未在规定时间内上报医疗事故
E. 未参加年度继续教育
【思考过程】：
",ABCD,客观题
医患关系,"你是一个严格按照要求答题的医学考试考生。请你先展示出完整的思考过程，然后再输出最终答案。每道题目有至少两个选项（A、B）至多五个选项（A、B、C、D、E），题目为不定项选择题，请按照以下格式作答：

【思考过程】：...

【最终答案】：AB / BCE / CD / DE / E / ...（只输出选项的编号，不要写选项内容）

示例：
题目：医疗伦理中四大基本原则是？
A.尊重自主权
B.善意行为
C.无害原则
D.公正原则
E.以上都不是
【思考过程】：本题考查医学伦理的四大基本原则，包括尊重自主权、不伤害原则、行善原则、公正原则。

【最终答案】：ABCD

题目：根据规定，以下哪种行为属于医师、护士在执业活动中需被处理的情况？
A.开展医疗活动未遵守知情同意原则
B.泄露患者隐私但未造成严重后果
C.未佩戴工作证件进行诊疗
D.未经亲自诊查出具检查结果
【思考过程】：
",ABD,客观题
医患关系,"你是一个严格按照要求答题的医学考试考生。请你先展示出完整的思考过程，然后再输出最终答案。每道题目有至少两个选项（A、B）至多五个选项（A、B、C、D、E），题目为不定项选择题，请按照以下格式作答：

【思考过程】：...

【最终答案】：AB / BCE / CD / DE / E / ...（只输出选项的编号，不要写选项内容）

示例：
题目：医疗伦理中四大基本原则是？
A.尊重自主权
B.善意行为
C.无害原则
D.公正原则
E.以上都不是
【思考过程】：本题考查医学伦理的四大基本原则，包括尊重自主权、不伤害原则、行善原则、公正原则。

【最终答案】：ABCD

题目：根据规定，以下哪些行为属于医师、护士在执业活动中应当被处理的情形？
A.泄露患者隐私但未造成严重后果
B.未遵守知情同意原则开展医疗活动
C.使用未经批准的医疗器械进行诊疗活动
D.延误急危患者抢救但未造成严重后果
【思考过程】：
",ABCD,客观题
医患关系,"你是一个严格按照要求答题的医学考试考生。请你先展示出完整的思考过程，然后再输出最终答案。每道题目有至少两个选项（A、B）至多五个选项（A、B、C、D、E），题目为不定项选择题，请按照以下格式作答：

【思考过程】：...

【最终答案】：AB / BCE / CD / DE / E / ...（只输出选项的编号，不要写选项内容）

示例：
题目：医疗伦理中四大基本原则是？
A.尊重自主权
B.善意行为
C.无害原则
D.公正原则
E.以上都不是
【思考过程】：本题考查医学伦理的四大基本原则，包括尊重自主权、不伤害原则、行善原则、公正原则。

【最终答案】：ABCD

题目：根据法律法规，下列哪些行为属于医疗机构执业的医师、护士在执业活动中应受到处理的情形？
A.违反操作规范但未造成严重后果
B.泄露患者隐私但未造成严重后果
C.未经亲自诊查出具医学文书
D.开展未批准的医疗技术诊疗
E.未遵守知情同意原则进行医疗活动
【思考过程】：
",ABCDE,客观题
医患关系,"你是一个严格按照要求答题的医学考试考生。请你先展示出完整的思考过程，然后再输出最终答案。每道题目有至少两个选项（A、B）至多五个选项（A、B、C、D、E），题目为不定项选择题，请按照以下格式作答：

【思考过程】：...

【最终答案】：AB / BCE / CD / DE / E / ...（只输出选项的编号，不要写选项内容）

示例：
题目：医疗伦理中四大基本原则是？
A.尊重自主权
B.善意行为
C.无害原则
D.公正原则
E.以上都不是
【思考过程】：本题考查医学伦理的四大基本原则，包括尊重自主权、不伤害原则、行善原则、公正原则。

【最终答案】：ABCD

题目：以下哪项不属于护士伦理准则中要求尊重的护理对象权益？
A.知情同意权
B.隐私权
C.经济自主权
D.原生文化尊重
E.健康权
【思考过程】：
",C,客观题
医患关系,"你是一个严格按照要求答题的医学考试考生。请你先展示出完整的思考过程，然后再输出最终答案。每道题目有至少两个选项（A、B）至多五个选项（A、B、C、D、E），题目为不定项选择题，请按照以下格式作答：

【思考过程】：...

【最终答案】：AB / BCE / CD / DE / E / ...（只输出选项的编号，不要写选项内容）

示例：
题目：医疗伦理中四大基本原则是？
A.尊重自主权
B.善意行为
C.无害原则
D.公正原则
E.以上都不是
【思考过程】：本题考查医学伦理的四大基本原则，包括尊重自主权、不伤害原则、行善原则、公正原则。

【最终答案】：ABCD

题目：根据护士伦理准则，以下哪一项不属于为护理对象应提供的个性化关怀范畴？
A.生理
B.心理
C.职业发展
D.文化
E.社会
【思考过程】：
",C,客观题
医患关系,"你是一个严格按照要求答题的医学考试考生。请你先展示出完整的思考过程，然后再输出最终答案。每道题目有至少两个选项（A、B）至多五个选项（A、B、C、D、E），题目为不定项选择题，请按照以下格式作答：

【思考过程】：...

【最终答案】：AB / BCE / CD / DE / E / ...（只输出选项的编号，不要写选项内容）

示例：
题目：医疗伦理中四大基本原则是？
A.尊重自主权
B.善意行为
C.无害原则
D.公正原则
E.以上都不是
【思考过程】：本题考查医学伦理的四大基本原则，包括尊重自主权、不伤害原则、行善原则、公正原则。

【最终答案】：ABCD

题目：根据护士伦理准则，在实施有创护理措施时，以下哪项不属于护士应最大限度避免的后果？
A.不适
B.疼痛
C.提高患者满意度
D.残疾
E.死亡
【思考过程】：
",C,客观题
医患关系,"你是一个严格按照要求答题的医学考试考生。请你先展示出完整的思考过程，然后再输出最终答案。每道题目有至少两个选项（A、B）至多五个选项（A、B、C、D、E），题目为不定项选择题，请按照以下格式作答：

【思考过程】：...

【最终答案】：AB / BCE / CD / DE / E / ...（只输出选项的编号，不要写选项内容）

示例：
题目：医疗伦理中四大基本原则是？
A.尊重自主权
B.善意行为
C.无害原则
D.公正原则
E.以上都不是
【思考过程】：本题考查医学伦理的四大基本原则，包括尊重自主权、不伤害原则、行善原则、公正原则。

【最终答案】：ABCD

题目：根据护士伦理准则中“和谐共赢”的要求，以下哪项属于护士必须做到的核心内容？
A.认真倾听护理对象的主诉
B.避免与患者讨论治疗细节
C.有效化解护患矛盾
D.仅关注自身职业荣誉感
E.建立相互理解、信任、合作、愉悦和谐的护患关系
【思考过程】：
",ACE,客观题
医患关系,"你是一个严格按照要求答题的医学考试考生。请你先展示出完整的思考过程，然后再输出最终答案。每道题目有至少两个选项（A、B）至多五个选项（A、B、C、D、E），题目为不定项选择题，请按照以下格式作答：

【思考过程】：...

【最终答案】：AB / BCE / CD / DE / E / ...（只输出选项的编号，不要写选项内容）

示例：
题目：医疗伦理中四大基本原则是？
A.尊重自主权
B.善意行为
C.无害原则
D.公正原则
E.以上都不是
【思考过程】：本题考查医学伦理的四大基本原则，包括尊重自主权、不伤害原则、行善原则、公正原则。

【最终答案】：ABCD

题目：根据护士伦理准则中“以德施护”的要求，以下哪些属于护士应当履行的核心义务？
A. 忠诚护理事业，爱岗敬业
B. 加强人文社会科学知识学习，提高人文关怀能力
C. 将护理职业精神内化于心，外化于行，落实在护理实践中
D. 优先保障患者支付能力较高的医疗需求
E. 定期参加专业技能培训以提高技术能力
【思考过程】：
",ABC,客观题
医患关系,"你是一个严格按照要求答题的医学考试考生。请你先展示出完整的思考过程，然后再输出最终答案。每道题目有至少两个选项（A、B）至多五个选项（A、B、C、D、E），题目为不定项选择题，请按照以下格式作答：

【思考过程】：...

【最终答案】：AB / BCE / CD / DE / E / ...（只输出选项的编号，不要写选项内容）

示例：
题目：医疗伦理中四大基本原则是？
A.尊重自主权
B.善意行为
C.无害原则
D.公正原则
E.以上都不是
【思考过程】：本题考查医学伦理的四大基本原则，包括尊重自主权、不伤害原则、行善原则、公正原则。

【最终答案】：ABCD

题目：根据护士伦理准则，以下哪项属于护士在突发公共卫生事件中的伦理责任？
A. 主动请缨，积极参加救护
B. 优先考虑个人安全，确保自身无风险后再参与
C. 要求获得高于常规的薪酬待遇
D. 以保护生命、维护公众健康为己任
【思考过程】：
",AD,客观题
医患关系,"你是一个严格按照要求答题的医学考试考生。请你先展示出完整的思考过程，然后再输出最终答案。每道题目有至少两个选项（A、B）至多五个选项（A、B、C、D、E），题目为不定项选择题，请按照以下格式作答：

【思考过程】：...

【最终答案】：AB / BCE / CD / DE / E / ...（只输出选项的编号，不要写选项内容）

示例：
题目：医疗伦理中四大基本原则是？
A.尊重自主权
B.善意行为
C.无害原则
D.公正原则
E.以上都不是
【思考过程】：本题考查医学伦理的四大基本原则，包括尊重自主权、不伤害原则、行善原则、公正原则。

【最终答案】：ABCD

题目：以下表述是否正确：护士可以在社交媒体上分享患者案例，只要不提及患者姓名。
A.正确
B.错误
【思考过程】：
",B,客观题
医患关系,"你是一个严格按照要求答题的医学考试考生。请你先展示出完整的思考过程，然后再输出最终答案。每道题目有至少两个选项（A、B）至多五个选项（A、B、C、D、E），题目为不定项选择题，请按照以下格式作答：

【思考过程】：...

【最终答案】：AB / BCE / CD / DE / E / ...（只输出选项的编号，不要写选项内容）

示例：
题目：医疗伦理中四大基本原则是？
A.尊重自主权
B.善意行为
C.无害原则
D.公正原则
E.以上都不是
【思考过程】：本题考查医学伦理的四大基本原则，包括尊重自主权、不伤害原则、行善原则、公正原则。

【最终答案】：ABCD

题目：根据法规，护士在使用护理机器人时，以下哪项是必须确保的？
A.护理机器人应支持而非取代护患之间的人际关系
B.护理机器人可以完全取代护患之间的人际互动
C.技术应用应优先于患者的个性化需求
D.护士应减少与患者的直接沟通以依赖设备
【思考过程】：
",A,客观题
医患关系,"你是一个严格按照要求答题的医学考试考生。请你先展示出完整的思考过程，然后再输出最终答案。每道题目有至少两个选项（A、B）至多五个选项（A、B、C、D、E），题目为不定项选择题，请按照以下格式作答：

【思考过程】：...

【最终答案】：AB / BCE / CD / DE / E / ...（只输出选项的编号，不要写选项内容）

示例：
题目：医疗伦理中四大基本原则是？
A.尊重自主权
B.善意行为
C.无害原则
D.公正原则
E.以上都不是
【思考过程】：本题考查医学伦理的四大基本原则，包括尊重自主权、不伤害原则、行善原则、公正原则。

【最终答案】：ABCD

题目：以下哪种行为违反了医生必须尊重患者自主权和拒绝护理权利的规定？
A.患者明确拒绝某项护理后，医生停止提供该护理
B.患者因宗教信仰拒绝输血，医生转而采用其他治疗方案
C.患者清醒且意识清晰时，医生未询问直接进行非紧急护理操作
D.患者昏迷无法表达意愿时，医生根据家属意见进行护理
【思考过程】：
",C,客观题
医患关系,"你是一个严格按照要求答题的医学考试考生。请你先展示出完整的思考过程，然后再输出最终答案。每道题目有至少两个选项（A、B）至多五个选项（A、B、C、D、E），题目为不定项选择题，请按照以下格式作答：

【思考过程】：...

【最终答案】：AB / BCE / CD / DE / E / ...（只输出选项的编号，不要写选项内容）

示例：
题目：医疗伦理中四大基本原则是？
A.尊重自主权
B.善意行为
C.无害原则
D.公正原则
E.以上都不是
【思考过程】：本题考查医学伦理的四大基本原则，包括尊重自主权、不伤害原则、行善原则、公正原则。

【最终答案】：ABCD

题目：根据规定，以下哪项属于医生在护理过程中必须遵守的知情同意要求？
A.必须在提供任何护理前获得患者的自愿知情同意
B.患者撤回同意必须以书面形式提出
C.医生可以拒绝患者撤回同意的请求，如果认为护理必要
D.必须确保患者理解信息以做出明智决定
E.尊重患者随时以任何理由撤回同意的决定
【思考过程】：
",ADE,客观题
医患关系,"你是一个严格按照要求答题的医学考试考生。请你先展示出完整的思考过程，然后再输出最终答案。每道题目有至少两个选项（A、B）至多五个选项（A、B、C、D、E），题目为不定项选择题，请按照以下格式作答：

【思考过程】：...

【最终答案】：AB / BCE / CD / DE / E / ...（只输出选项的编号，不要写选项内容）

示例：
题目：医疗伦理中四大基本原则是？
A.尊重自主权
B.善意行为
C.无害原则
D.公正原则
E.以上都不是
【思考过程】：本题考查医学伦理的四大基本原则，包括尊重自主权、不伤害原则、行善原则、公正原则。

【最终答案】：ABCD

题目：根据法条，当患者决策能力受限时，医生必须如何处理？
A. 忽略患者的意见，直接由代表决定
B. 尽可能让患者参与决策
C. 在无法确定患者偏好时，按患者的最佳利益决定
D. 必须与患者信任的代表合作，根据其已知或合理推断的偏好做决策
【思考过程】：
",BCD,客观题
医患关系,"你是一个严格按照要求答题的医学考试考生。请你先展示出完整的思考过程，然后再输出最终答案。每道题目有至少两个选项（A、B）至多五个选项（A、B、C、D、E），题目为不定项选择题，请按照以下格式作答：

【思考过程】：...

【最终答案】：AB / BCE / CD / DE / E / ...（只输出选项的编号，不要写选项内容）

示例：
题目：医疗伦理中四大基本原则是？
A.尊重自主权
B.善意行为
C.无害原则
D.公正原则
E.以上都不是
【思考过程】：本题考查医学伦理的四大基本原则，包括尊重自主权、不伤害原则、行善原则、公正原则。

【最终答案】：ABCD

题目：当患者恢复决策能力后，医生是否可以直接继续之前未获得其本人同意的进一步治疗？
A.可以，因为之前已获得家属同意
B.可以，如果治疗紧迫且患者无法立即表达意愿
C.不可以，必须重新获得患者本人的知情同意
D.可以，若患者之前已授权医生全权决定
【思考过程】：
",C,客观题
医患关系,"你是一个严格按照要求答题的医学考试考生。请你先展示出完整的思考过程，然后再输出最终答案。每道题目有至少两个选项（A、B）至多五个选项（A、B、C、D、E），题目为不定项选择题，请按照以下格式作答：

【思考过程】：...

【最终答案】：AB / BCE / CD / DE / E / ...（只输出选项的编号，不要写选项内容）

示例：
题目：医疗伦理中四大基本原则是？
A.尊重自主权
B.善意行为
C.无害原则
D.公正原则
E.以上都不是
【思考过程】：本题考查医学伦理的四大基本原则，包括尊重自主权、不伤害原则、行善原则、公正原则。

【最终答案】：ABCD

题目：根据法规，当医生发现患者的情况超出其能力范围时，必须采取以下哪些措施？
A. 咨询有相应能力的合格医生
B. 转诊患者给其他专业人员
C. 同时咨询和转诊
D. 继续处理但记录困难
【思考过程】：
",ABC,客观题
医患关系,"你是一个严格按照要求答题的医学考试考生。请你先展示出完整的思考过程，然后再输出最终答案。每道题目有至少两个选项（A、B）至多五个选项（A、B、C、D、E），题目为不定项选择题，请按照以下格式作答：

【思考过程】：...

【最终答案】：AB / BCE / CD / DE / E / ...（只输出选项的编号，不要写选项内容）

示例：
题目：医疗伦理中四大基本原则是？
A.尊重自主权
B.善意行为
C.无害原则
D.公正原则
E.以上都不是
【思考过程】：本题考查医学伦理的四大基本原则，包括尊重自主权、不伤害原则、行善原则、公正原则。

【最终答案】：ABCD

题目：根据法律规定，医生在患者去世后是否仍需保护其隐私和保密性？
A. 是，必须保护
B. 否，患者去世后无需再保密
C. 只有在患者生前明确要求时才需保密
D. 可以向媒体披露，以公众知情权为由
【思考过程】：
",A,客观题
医患关系,"你是一个严格按照要求答题的医学考试考生。请你先展示出完整的思考过程，然后再输出最终答案。每道题目有至少两个选项（A、B）至多五个选项（A、B、C、D、E），题目为不定项选择题，请按照以下格式作答：

【思考过程】：...

【最终答案】：AB / BCE / CD / DE / E / ...（只输出选项的编号，不要写选项内容）

示例：
题目：医疗伦理中四大基本原则是？
A.尊重自主权
B.善意行为
C.无害原则
D.公正原则
E.以上都不是
【思考过程】：本题考查医学伦理的四大基本原则，包括尊重自主权、不伤害原则、行善原则、公正原则。

【最终答案】：ABCD

题目：根据法律规定，医生在代表患者或向第三方报告患者护理情况时，必须完成以下哪项义务？
A.仅在首次接触患者时告知即可
B.在一开始告知患者，并在后续互动中持续披露承诺范围和获得同意
C.无需披露承诺的性质和范围，只需获得一次同意
D.仅需在报告前一次性获得患者同意
【思考过程】：
",B,客观题
医患关系,"你是一个严格按照要求答题的医学考试考生。请你先展示出完整的思考过程，然后再输出最终答案。每道题目有至少两个选项（A、B）至多五个选项（A、B、C、D、E），题目为不定项选择题，请按照以下格式作答：

【思考过程】：...

【最终答案】：AB / BCE / CD / DE / E / ...（只输出选项的编号，不要写选项内容）

示例：
题目：医疗伦理中四大基本原则是？
A.尊重自主权
B.善意行为
C.无害原则
D.公正原则
E.以上都不是
【思考过程】：本题考查医学伦理的四大基本原则，包括尊重自主权、不伤害原则、行善原则、公正原则。

【最终答案】：ABCD

题目：根据规定，医生在远程医疗护理中必须做到以下哪些事项？
A.告知患者远程护理的好处和局限性，并获得其同意
B.确保患者医疗信息的保密性
C.必须完全通过远程方式提供护理，禁止直接接触
D.在医学合适的情况下尽量通过直接接触提供护理
E.无需评估远程沟通的医学合理性
【思考过程】：
",ABD,客观题
医患关系,"你是一个严格按照要求答题的医学考试考生。请你先展示出完整的思考过程，然后再输出最终答案。每道题目有至少两个选项（A、B）至多五个选项（A、B、C、D、E），题目为不定项选择题，请按照以下格式作答：

【思考过程】：...

【最终答案】：AB / BCE / CD / DE / E / ...（只输出选项的编号，不要写选项内容）

示例：
题目：医疗伦理中四大基本原则是？
A.尊重自主权
B.善意行为
C.无害原则
D.公正原则
E.以上都不是
【思考过程】：本题考查医学伦理的四大基本原则，包括尊重自主权、不伤害原则、行善原则、公正原则。

【最终答案】：ABCD

题目：以下哪种行为违反了医生与患者的职业界限规定？
A.与当前患者保持过度友好的社交媒体互动
B.与前患者发展恋爱关系并发生性关系
C.在患者治疗期间与其讨论病情时保持专业态度
D.与当前患者发生性关系
【思考过程】：
",AD,客观题
医患关系,"你是一个严格按照要求答题的医学考试考生。请你先展示出完整的思考过程，然后再输出最终答案。每道题目有至少两个选项（A、B）至多五个选项（A、B、C、D、E），题目为不定项选择题，请按照以下格式作答：

【思考过程】：...

【最终答案】：AB / BCE / CD / DE / E / ...（只输出选项的编号，不要写选项内容）

示例：
题目：医疗伦理中四大基本原则是？
A.尊重自主权
B.善意行为
C.无害原则
D.公正原则
E.以上都不是
【思考过程】：本题考查医学伦理的四大基本原则，包括尊重自主权、不伤害原则、行善原则、公正原则。

【最终答案】：ABCD

题目：根据法规，医生为了确保能够安全执业，必须采取以下哪项行动？
A.主动关注自身健康并寻求必要的护理
B.仅需关注患者健康状况即可
C.由医院强制安排健康检查
D.优先提升专业能力忽略个人健康
【思考过程】：
",A,客观题
医患关系,"你是一个严格按照要求答题的医学考试考生。请你先展示出完整的思考过程，然后再输出最终答案。每道题目有至少两个选项（A、B）至多五个选项（A、B、C、D、E），题目为不定项选择题，请按照以下格式作答：

【思考过程】：...

【最终答案】：AB / BCE / CD / DE / E / ...（只输出选项的编号，不要写选项内容）

示例：
题目：医疗伦理中四大基本原则是？
A.尊重自主权
B.善意行为
C.无害原则
D.公正原则
E.以上都不是
【思考过程】：本题考查医学伦理的四大基本原则，包括尊重自主权、不伤害原则、行善原则、公正原则。

【最终答案】：ABCD

题目：根据规定，医生在何种情况下可以干预同事的医患关系？
A. 双方请求
B. 认为同事的治疗方案不够先进
C. 为保护患者免受伤害
D. 患者家属单独请求
E. 医生自己认为有必要
【思考过程】：
",AC,客观题
动物实验,"你是一个严格按照要求答题的医学考试考生。请你先展示出完整的思考过程，然后再输出最终答案。每道题目有至少两个选项（A、B）至多五个选项（A、B、C、D、E），题目为不定项选择题，请按照以下格式作答：

【思考过程】：...

【最终答案】：AB / BCE / CD / DE / E / ...（只输出选项的编号，不要写选项内容）

示例：
题目：医疗伦理中四大基本原则是？
A.尊重自主权
B.善意行为
C.无害原则
D.公正原则
E.以上都不是
【思考过程】：本题考查医学伦理的四大基本原则，包括尊重自主权、不伤害原则、行善原则、公正原则。

【最终答案】：ABCD

题目：以下哪些属于科学技术人员在动物实验中应遵守的科学家精神或伦理规范？
A.弘扬创新与求实精神
B.在实验中默许合作方轻微捏造数据
C.参与社区祈福活动以提高实验成功率
D.坚守""利益优先""原则加速科研进程
E.严禁支持占卜测算等非科学活动
【思考过程】：
",AE,客观题
动物实验,"你是一个严格按照要求答题的医学考试考生。请你先展示出完整的思考过程，然后再输出最终答案。每道题目有至少两个选项（A、B）至多五个选项（A、B、C、D、E），题目为不定项选择题，请按照以下格式作答：

【思考过程】：...

【最终答案】：AB / BCE / CD / DE / E / ...（只输出选项的编号，不要写选项内容）

示例：
题目：医疗伦理中四大基本原则是？
A.尊重自主权
B.善意行为
C.无害原则
D.公正原则
E.以上都不是
【思考过程】：本题考查医学伦理的四大基本原则，包括尊重自主权、不伤害原则、行善原则、公正原则。

【最终答案】：ABCD

题目：在哪些情况下，承担高风险科研项目的科学技术人员可予以免责？
A.项目未通过中期评审但有后期补救计划
B.已履行勤勉尽责义务但无法完成项目
C.取得阶段性研究成果后主动终止项目
D.能够提供完整原始记录证明其尽职
【思考过程】：
",BD,客观题
动物实验,"你是一个严格按照要求答题的医学考试考生。请你先展示出完整的思考过程，然后再输出最终答案。每道题目有至少两个选项（A、B）至多五个选项（A、B、C、D、E），题目为不定项选择题，请按照以下格式作答：

【思考过程】：...

【最终答案】：AB / BCE / CD / DE / E / ...（只输出选项的编号，不要写选项内容）

示例：
题目：医疗伦理中四大基本原则是？
A.尊重自主权
B.善意行为
C.无害原则
D.公正原则
E.以上都不是
【思考过程】：本题考查医学伦理的四大基本原则，包括尊重自主权、不伤害原则、行善原则、公正原则。

【最终答案】：ABCD

题目：下列哪些机构应当按照国家规定建立健全科技伦理审查机制？（多选）
A.科学技术研究开发机构
B.高等学校
C.企业事业单位
D.三甲医院伦理委员会
E.科研团队负责人
【思考过程】：
",ABC,客观题
动物实验,"你是一个严格按照要求答题的医学考试考生。请你先展示出完整的思考过程，然后再输出最终答案。每道题目有至少两个选项（A、B）至多五个选项（A、B、C、D、E），题目为不定项选择题，请按照以下格式作答：

【思考过程】：...

【最终答案】：AB / BCE / CD / DE / E / ...（只输出选项的编号，不要写选项内容）

示例：
题目：医疗伦理中四大基本原则是？
A.尊重自主权
B.善意行为
C.无害原则
D.公正原则
E.以上都不是
【思考过程】：本题考查医学伦理的四大基本原则，包括尊重自主权、不伤害原则、行善原则、公正原则。

【最终答案】：ABCD

题目：根据科研诚信相关规定，以下哪些行为不被允许？（多选）
A.虚构实验数据以支持研究结论
B.在多个研究项目中重复使用相同的实验数据
C.为他人代写实验研究数据分析报告
D.购买第三方提供的期刊代投服务
E.在论文被期刊撤稿后未公开更正错误数据
【思考过程】：
",ACD,客观题
动物实验,"你是一个严格按照要求答题的医学考试考生。请你先展示出完整的思考过程，然后再输出最终答案。每道题目有至少两个选项（A、B）至多五个选项（A、B、C、D、E），题目为不定项选择题，请按照以下格式作答：

【思考过程】：...

【最终答案】：AB / BCE / CD / DE / E / ...（只输出选项的编号，不要写选项内容）

示例：
题目：医疗伦理中四大基本原则是？
A.尊重自主权
B.善意行为
C.无害原则
D.公正原则
E.以上都不是
【思考过程】：本题考查医学伦理的四大基本原则，包括尊重自主权、不伤害原则、行善原则、公正原则。

【最终答案】：ABCD

题目：以下哪个选项符合实验动物饲育及实验场所设置的法规要求？
A.饲育室与实验室分设不同楼层并安装门禁系统
B.饲育室配备先进温控设备但实验室与之共用排水系统
C.实验室和饲育室共用清洁通道但分时段使用
D.实验室每日消毒但饲育室每周消毒一次
E.设立管理制度但未形成书面操作规程
【思考过程】：
",A,客观题
动物实验,"你是一个严格按照要求答题的医学考试考生。请你先展示出完整的思考过程，然后再输出最终答案。每道题目有至少两个选项（A、B）至多五个选项（A、B、C、D、E），题目为不定项选择题，请按照以下格式作答：

【思考过程】：...

【最终答案】：AB / BCE / CD / DE / E / ...（只输出选项的编号，不要写选项内容）

示例：
题目：医疗伦理中四大基本原则是？
A.尊重自主权
B.善意行为
C.无害原则
D.公正原则
E.以上都不是
【思考过程】：本题考查医学伦理的四大基本原则，包括尊重自主权、不伤害原则、行善原则、公正原则。

【最终答案】：ABCD

题目：根据相关法规，实验动物的饲养需要按照以下哪些因素进行分开？
A.不同来源
B.不同品种
C.不同性别
D.不同品系
E.不同实验目的
【思考过程】：
",ABDE,客观题
动物实验,"你是一个严格按照要求答题的医学考试考生。请你先展示出完整的思考过程，然后再输出最终答案。每道题目有至少两个选项（A、B）至多五个选项（A、B、C、D、E），题目为不定项选择题，请按照以下格式作答：

【思考过程】：...

【最终答案】：AB / BCE / CD / DE / E / ...（只输出选项的编号，不要写选项内容）

示例：
题目：医疗伦理中四大基本原则是？
A.尊重自主权
B.善意行为
C.无害原则
D.公正原则
E.以上都不是
【思考过程】：本题考查医学伦理的四大基本原则，包括尊重自主权、不伤害原则、行善原则、公正原则。

【最终答案】：ABCD

题目：依据实验动物饲料管理法规，以下哪些做法是合规的？
A.使用经权威机构认证的全价饲料饲喂实验动物
B.将未清洗的胡萝卜直接投喂给实验犬
C.将轻微虫蛀但未霉变的玉米粉加工成颗粒饲料
D.对计划直接投喂的生菜进行紫外线消毒处理并冷藏保持鲜度
【思考过程】：
",AD,客观题
动物实验,"你是一个严格按照要求答题的医学考试考生。请你先展示出完整的思考过程，然后再输出最终答案。每道题目有至少两个选项（A、B）至多五个选项（A、B、C、D、E），题目为不定项选择题，请按照以下格式作答：

【思考过程】：...

【最终答案】：AB / BCE / CD / DE / E / ...（只输出选项的编号，不要写选项内容）

示例：
题目：医疗伦理中四大基本原则是？
A.尊重自主权
B.善意行为
C.无害原则
D.公正原则
E.以上都不是
【思考过程】：本题考查医学伦理的四大基本原则，包括尊重自主权、不伤害原则、行善原则、公正原则。

【最终答案】：ABCD

题目：以下哪些是实验动物垫料的处理要求？
A.清洁且可降解
B.具有吸水性且无潮湿
C.无毒且无虫卵残留
D.灭菌处理且带香味
E.来源可追溯且价格低廉
【思考过程】：
",BC,客观题
动物实验,"你是一个严格按照要求答题的医学考试考生。请你先展示出完整的思考过程，然后再输出最终答案。每道题目有至少两个选项（A、B）至多五个选项（A、B、C、D、E），题目为不定项选择题，请按照以下格式作答：

【思考过程】：...

【最终答案】：AB / BCE / CD / DE / E / ...（只输出选项的编号，不要写选项内容）

示例：
题目：医疗伦理中四大基本原则是？
A.尊重自主权
B.善意行为
C.无害原则
D.公正原则
E.以上都不是
【思考过程】：本题考查医学伦理的四大基本原则，包括尊重自主权、不伤害原则、行善原则、公正原则。

【最终答案】：ABCD

题目：当实验动物患有传染性疾病时，正确的处理措施是？
A.继续实验并监测其病情发展
B.立即销毁无需隔离
C.视情况予以销毁或隔离治疗
D.转移至普通饲养区观察
E.仅记录不采取任何行动
【思考过程】：
",C,客观题
动物实验,"你是一个严格按照要求答题的医学考试考生。请你先展示出完整的思考过程，然后再输出最终答案。每道题目有至少两个选项（A、B）至多五个选项（A、B、C、D、E），题目为不定项选择题，请按照以下格式作答：

【思考过程】：...

【最终答案】：AB / BCE / CD / DE / E / ...（只输出选项的编号，不要写选项内容）

示例：
题目：医疗伦理中四大基本原则是？
A.尊重自主权
B.善意行为
C.无害原则
D.公正原则
E.以上都不是
【思考过程】：本题考查医学伦理的四大基本原则，包括尊重自主权、不伤害原则、行善原则、公正原则。

【最终答案】：ABCD

题目：根据我国实验动物使用相关法规，应用不合格实验动物取得的下列哪些结果会被视为无效？
A.需延长观测时间后方可使用的安全评价报告
B.药物毒理检测报告
C.疫苗制品的生产许可批件
D.经伦理委员会重新审核的科研数据
【思考过程】：
",BC,客观题
动物实验,"你是一个严格按照要求答题的医学考试考生。请你先展示出完整的思考过程，然后再输出最终答案。每道题目有至少两个选项（A、B）至多五个选项（A、B、C、D、E），题目为不定项选择题，请按照以下格式作答：

【思考过程】：...

【最终答案】：AB / BCE / CD / DE / E / ...（只输出选项的编号，不要写选项内容）

示例：
题目：医疗伦理中四大基本原则是？
A.尊重自主权
B.善意行为
C.无害原则
D.公正原则
E.以上都不是
【思考过程】：本题考查医学伦理的四大基本原则，包括尊重自主权、不伤害原则、行善原则、公正原则。

【最终答案】：ABCD

题目：以下哪项做法符合实验动物运输的规定？
A.由实验室实习生负责运输并使用普通纸箱装载
B.将同一品种不同品系的小鼠装入同一运输笼
C.安排专职人员运输并检查装运工具安全性
D.不同等级的实验动物分装于独立隔间后同车运输
【思考过程】：
",CD,客观题
动物实验,"你是一个严格按照要求答题的医学考试考生。请你先展示出完整的思考过程，然后再输出最终答案。每道题目有至少两个选项（A、B）至多五个选项（A、B、C、D、E），题目为不定项选择题，请按照以下格式作答：

【思考过程】：...

【最终答案】：AB / BCE / CD / DE / E / ...（只输出选项的编号，不要写选项内容）

示例：
题目：医疗伦理中四大基本原则是？
A.尊重自主权
B.善意行为
C.无害原则
D.公正原则
E.以上都不是
【思考过程】：本题考查医学伦理的四大基本原则，包括尊重自主权、不伤害原则、行善原则、公正原则。

【最终答案】：ABCD

题目：以下哪些措施属于实验动物工作单位对直接接触实验动物的工作人员必须采取的义务？
A.定期组织体格检查
B.入职时进行全面体检
C.每两年进行一次心理健康评估
D.对患有传染性疾病者及时调换岗位
E.强制接种传染病疫苗
【思考过程】：
",AD,客观题
动物实验,"你是一个严格按照要求答题的医学考试考生。请你先展示出完整的思考过程，然后再输出最终答案。每道题目有至少两个选项（A、B）至多五个选项（A、B、C、D、E），题目为不定项选择题，请按照以下格式作答：

【思考过程】：...

【最终答案】：AB / BCE / CD / DE / E / ...（只输出选项的编号，不要写选项内容）

示例：
题目：医疗伦理中四大基本原则是？
A.尊重自主权
B.善意行为
C.无害原则
D.公正原则
E.以上都不是
【思考过程】：本题考查医学伦理的四大基本原则，包括尊重自主权、不伤害原则、行善原则、公正原则。

【最终答案】：ABCD

题目：以下哪些行为违反了实验动物工作伦理规范？
A.实验前对动物进行必要麻醉以减轻其痛苦
B.用食物引诱不配合的实验动物完成日常操作
C.对实验结束的动物及时实施安乐死
D.拍摄实验动物痛苦表情制作娱乐短视频
E.在动物挣扎时用器械强行固定其四肢
【思考过程】：
",D,客观题
动物实验,"你是一个严格按照要求答题的医学考试考生。请你先展示出完整的思考过程，然后再输出最终答案。每道题目有至少两个选项（A、B）至多五个选项（A、B、C、D、E），题目为不定项选择题，请按照以下格式作答：

【思考过程】：...

【最终答案】：AB / BCE / CD / DE / E / ...（只输出选项的编号，不要写选项内容）

示例：
题目：医疗伦理中四大基本原则是？
A.尊重自主权
B.善意行为
C.无害原则
D.公正原则
E.以上都不是
【思考过程】：本题考查医学伦理的四大基本原则，包括尊重自主权、不伤害原则、行善原则、公正原则。

【最终答案】：ABCD

题目：某实验室计划开展动物实验，根据相关法规，实验动物的生产单位应当具备哪些资质证明？
A.实验动物生产许可证
B.实验动物经营许可证
C.省级科学院认证的研发资质
D.其他合法资质认证
E.动物健康内部质检报告
【思考过程】：
",AD,客观题
动物实验,"你是一个严格按照要求答题的医学考试考生。请你先展示出完整的思考过程，然后再输出最终答案。每道题目有至少两个选项（A、B）至多五个选项（A、B、C、D、E），题目为不定项选择题，请按照以下格式作答：

【思考过程】：...

【最终答案】：AB / BCE / CD / DE / E / ...（只输出选项的编号，不要写选项内容）

示例：
题目：医疗伦理中四大基本原则是？
A.尊重自主权
B.善意行为
C.无害原则
D.公正原则
E.以上都不是
【思考过程】：本题考查医学伦理的四大基本原则，包括尊重自主权、不伤害原则、行善原则、公正原则。

【最终答案】：ABCD

题目：在某机构进行稀有动物实验时，若无法从有生产许可的单位获得实验动物，应如何处理？
A.自行采购后向管理部门备案
B.获取管理单位的批准并落实生物安全措施
C.仅确保实验人员佩戴防护面罩
D.向当地卫生部门申请特批
【思考过程】：
",B,客观题
动物实验,"你是一个严格按照要求答题的医学考试考生。请你先展示出完整的思考过程，然后再输出最终答案。每道题目有至少两个选项（A、B）至多五个选项（A、B、C、D、E），题目为不定项选择题，请按照以下格式作答：

【思考过程】：...

【最终答案】：AB / BCE / CD / DE / E / ...（只输出选项的编号，不要写选项内容）

示例：
题目：医疗伦理中四大基本原则是？
A.尊重自主权
B.善意行为
C.无害原则
D.公正原则
E.以上都不是
【思考过程】：本题考查医学伦理的四大基本原则，包括尊重自主权、不伤害原则、行善原则、公正原则。

【最终答案】：ABCD

题目：以下哪两项是进行动物实验的从业人员必须同时满足的资质要求？
A.持有实验动物从业人员岗位证书
B.完成生物安全培训
C.获得相关专业硕士学位
D.持有医疗机构执业许可证
E.在省级科技部门注册登记
【思考过程】：
",AB,客观题
动物实验,"你是一个严格按照要求答题的医学考试考生。请你先展示出完整的思考过程，然后再输出最终答案。每道题目有至少两个选项（A、B）至多五个选项（A、B、C、D、E），题目为不定项选择题，请按照以下格式作答：

【思考过程】：...

【最终答案】：AB / BCE / CD / DE / E / ...（只输出选项的编号，不要写选项内容）

示例：
题目：医疗伦理中四大基本原则是？
A.尊重自主权
B.善意行为
C.无害原则
D.公正原则
E.以上都不是
【思考过程】：本题考查医学伦理的四大基本原则，包括尊重自主权、不伤害原则、行善原则、公正原则。

【最终答案】：ABCD

题目：进行高等级病原动物实验时，以下哪些措施属于法定义务？
A.仅为实验鼠提供一次性使用的纸箱作为遮蔽物
B.对实验用猕猴的攀爬架每季度清洗一次
C.对犬类实验动物使用的橡胶玩具每月高温灭菌
D.使用布料玩具且未规定消毒周期
【思考过程】：
",C,客观题
动物实验,"你是一个严格按照要求答题的医学考试考生。请你先展示出完整的思考过程，然后再输出最终答案。每道题目有至少两个选项（A、B）至多五个选项（A、B、C、D、E），题目为不定项选择题，请按照以下格式作答：

【思考过程】：...

【最终答案】：AB / BCE / CD / DE / E / ...（只输出选项的编号，不要写选项内容）

示例：
题目：医疗伦理中四大基本原则是？
A.尊重自主权
B.善意行为
C.无害原则
D.公正原则
E.以上都不是
【思考过程】：本题考查医学伦理的四大基本原则，包括尊重自主权、不伤害原则、行善原则、公正原则。

【最终答案】：ABCD

题目：关于病原感染实验中的动物处理，哪项操作符合伦理规范？
A.注射病原体前使用肌肉松弛剂防止躁动
B.通过物理束缚减少麻醉剂副作用后操作
C.确保动物已被麻醉并无痛觉后开始实验
D.部分麻醉动物后立即进行操作
【思考过程】：
",C,客观题
动物实验,"你是一个严格按照要求答题的医学考试考生。请你先展示出完整的思考过程，然后再输出最终答案。每道题目有至少两个选项（A、B）至多五个选项（A、B、C、D、E），题目为不定项选择题，请按照以下格式作答：

【思考过程】：...

【最终答案】：AB / BCE / CD / DE / E / ...（只输出选项的编号，不要写选项内容）

示例：
题目：医疗伦理中四大基本原则是？
A.尊重自主权
B.善意行为
C.无害原则
D.公正原则
E.以上都不是
【思考过程】：本题考查医学伦理的四大基本原则，包括尊重自主权、不伤害原则、行善原则、公正原则。

【最终答案】：ABCD

题目：对进行过高致病性病原微生物操作的动物尸体及材料的处理流程中，以下哪一环节是必须的？
A.直接由废物处理单位回收
B.先消毒灭菌再由废物处理单位处理
C.由实验室自行无害化焚烧
D.仅需普通消毒即可丢弃
【思考过程】：
",B,客观题
动物实验,"你是一个严格按照要求答题的医学考试考生。请你先展示出完整的思考过程，然后再输出最终答案。每道题目有至少两个选项（A、B）至多五个选项（A、B、C、D、E），题目为不定项选择题，请按照以下格式作答：

【思考过程】：...

【最终答案】：AB / BCE / CD / DE / E / ...（只输出选项的编号，不要写选项内容）

示例：
题目：医疗伦理中四大基本原则是？
A.尊重自主权
B.善意行为
C.无害原则
D.公正原则
E.以上都不是
【思考过程】：本题考查医学伦理的四大基本原则，包括尊重自主权、不伤害原则、行善原则、公正原则。

【最终答案】：ABCD

题目：以下哪种情况属于应制止的实验动物使用行为？
A.重复开展无科学意义的肿瘤药物筛选实验
B.使用虐待式操作测试动物应激反应的娱乐性实验
C.为化妆品安全性检测强制增加非必要动物组别
D.解剖10只小鼠以优化新型外科手术缝合技术
E.采用麻醉措施后收集老年猿猴脑衰老数据
【思考过程】：
",ABC,客观题
动物实验,"你是一个严格按照要求答题的医学考试考生。请你先展示出完整的思考过程，然后再输出最终答案。每道题目有至少两个选项（A、B）至多五个选项（A、B、C、D、E），题目为不定项选择题，请按照以下格式作答：

【思考过程】：...

【最终答案】：AB / BCE / CD / DE / E / ...（只输出选项的编号，不要写选项内容）

示例：
题目：医疗伦理中四大基本原则是？
A.尊重自主权
B.善意行为
C.无害原则
D.公正原则
E.以上都不是
【思考过程】：本题考查医学伦理的四大基本原则，包括尊重自主权、不伤害原则、行善原则、公正原则。

【最终答案】：ABCD

题目：动物实验福利、伦理审查的基本原则包括以下哪些内容？
A.优先保障实验动物健康
B.兼顾动物福利与实验人员利益
C.综合评估从业人员生物安全风险
D.强制实施每日实验动物健康监测
E.以科研进展为首要目标
【思考过程】：
",BC,客观题
动物实验,"你是一个严格按照要求答题的医学考试考生。请你先展示出完整的思考过程，然后再输出最终答案。每道题目有至少两个选项（A、B）至多五个选项（A、B、C、D、E），题目为不定项选择题，请按照以下格式作答：

【思考过程】：...

【最终答案】：AB / BCE / CD / DE / E / ...（只输出选项的编号，不要写选项内容）

示例：
题目：医疗伦理中四大基本原则是？
A.尊重自主权
B.善意行为
C.无害原则
D.公正原则
E.以上都不是
【思考过程】：本题考查医学伦理的四大基本原则，包括尊重自主权、不伤害原则、行善原则、公正原则。

【最终答案】：ABCD

题目：以下哪个专业的人员不属于必须参与动物实验风险识别和评估的？
A.病原微生物学
B.实验动物医师学
C.生物信息学
D.临床医学
E.卫生工程学
【思考过程】：
",C,客观题
动物实验,"你是一个严格按照要求答题的医学考试考生。请你先展示出完整的思考过程，然后再输出最终答案。每道题目有至少两个选项（A、B）至多五个选项（A、B、C、D、E），题目为不定项选择题，请按照以下格式作答：

【思考过程】：...

【最终答案】：AB / BCE / CD / DE / E / ...（只输出选项的编号，不要写选项内容）

示例：
题目：医疗伦理中四大基本原则是？
A.尊重自主权
B.善意行为
C.无害原则
D.公正原则
E.以上都不是
【思考过程】：本题考查医学伦理的四大基本原则，包括尊重自主权、不伤害原则、行善原则、公正原则。

【最终答案】：ABCD

题目：动物实验室管理人员应履行哪些职责？
A.制定明确的准入制度
B.定期采购实验动物
C.监督实验人员的操作时长
D.主动告知动物实验人员潜在风险
E.要求实验人员自行查阅风险手册
【思考过程】：
",AD,客观题
动物实验,"你是一个严格按照要求答题的医学考试考生。请你先展示出完整的思考过程，然后再输出最终答案。每道题目有至少两个选项（A、B）至多五个选项（A、B、C、D、E），题目为不定项选择题，请按照以下格式作答：

【思考过程】：...

【最终答案】：AB / BCE / CD / DE / E / ...（只输出选项的编号，不要写选项内容）

示例：
题目：医疗伦理中四大基本原则是？
A.尊重自主权
B.善意行为
C.无害原则
D.公正原则
E.以上都不是
【思考过程】：本题考查医学伦理的四大基本原则，包括尊重自主权、不伤害原则、行善原则、公正原则。

【最终答案】：ABCD

题目：以下关于动物实验负责人职责的表述，哪一项不符合规定？
A.必须制定动物实验方案
B.亲自监督实验形成的全部废物处理
C.由实验人员负责制定安全处置预案
D.对该批实验中30只小鼠尸体的合规处置承担最终责任
【思考过程】：
",C,客观题
动物实验,"你是一个严格按照要求答题的医学考试考生。请你先展示出完整的思考过程，然后再输出最终答案。每道题目有至少两个选项（A、B）至多五个选项（A、B、C、D、E），题目为不定项选择题，请按照以下格式作答：

【思考过程】：...

【最终答案】：AB / BCE / CD / DE / E / ...（只输出选项的编号，不要写选项内容）

示例：
题目：医疗伦理中四大基本原则是？
A.尊重自主权
B.善意行为
C.无害原则
D.公正原则
E.以上都不是
【思考过程】：本题考查医学伦理的四大基本原则，包括尊重自主权、不伤害原则、行善原则、公正原则。

【最终答案】：ABCD

题目：以下哪些属于动物实验伦理审查的核心原则？
A.合法性
B.必要性
C.替代性
D.经济性
E.利益平衡
【思考过程】：
",ABE,客观题
动物实验,"你是一个严格按照要求答题的医学考试考生。请你先展示出完整的思考过程，然后再输出最终答案。每道题目有至少两个选项（A、B）至多五个选项（A、B、C、D、E），题目为不定项选择题，请按照以下格式作答：

【思考过程】：...

【最终答案】：AB / BCE / CD / DE / E / ...（只输出选项的编号，不要写选项内容）

示例：
题目：医疗伦理中四大基本原则是？
A.尊重自主权
B.善意行为
C.无害原则
D.公正原则
E.以上都不是
【思考过程】：本题考查医学伦理的四大基本原则，包括尊重自主权、不伤害原则、行善原则、公正原则。

【最终答案】：ABCD

题目：动物实验伦理审查应当遵循以下哪些基本原则？
A.合规性原则
B.必要性原则
C.动物福利原则
D.利益平衡原则
E.及时性原则
【思考过程】：
",BCD,客观题
动物实验,"你是一个严格按照要求答题的医学考试考生。请你先展示出完整的思考过程，然后再输出最终答案。每道题目有至少两个选项（A、B）至多五个选项（A、B、C、D、E），题目为不定项选择题，请按照以下格式作答：

【思考过程】：...

【最终答案】：AB / BCE / CD / DE / E / ...（只输出选项的编号，不要写选项内容）

示例：
题目：医疗伦理中四大基本原则是？
A.尊重自主权
B.善意行为
C.无害原则
D.公正原则
E.以上都不是
【思考过程】：本题考查医学伦理的四大基本原则，包括尊重自主权、不伤害原则、行善原则、公正原则。

【最终答案】：ABCD

题目：某实验室的技术人员进行动物实验相关工作时存在以下行为，哪个（些）可能违反了相关法律法规？
A.因工作繁忙未参加今年的健康检查
B.2023年健康检查结果显示存在岗位禁忌症但仍继续参与实验
C.每半年进行一次健康检查但未保存档案
D.将不符合岗位要求的检查结果报告给管理部门后被临时调岗
【思考过程】：
",AB,客观题
动物实验,"你是一个严格按照要求答题的医学考试考生。请你先展示出完整的思考过程，然后再输出最终答案。每道题目有至少两个选项（A、B）至多五个选项（A、B、C、D、E），题目为不定项选择题，请按照以下格式作答：

【思考过程】：...

【最终答案】：AB / BCE / CD / DE / E / ...（只输出选项的编号，不要写选项内容）

示例：
题目：医疗伦理中四大基本原则是？
A.尊重自主权
B.善意行为
C.无害原则
D.公正原则
E.以上都不是
【思考过程】：本题考查医学伦理的四大基本原则，包括尊重自主权、不伤害原则、行善原则、公正原则。

【最终答案】：ABCD

题目：根据动物实验伦理要求，实验室应当如何配置仪器设备以保障动物福利？
A.所有实验类型统一配备相同的饲育箱
B.根据创伤性实验需求配备生理指标实时监测系统
C.为所有动物研究配备娱乐性转轮设施
D.依据代谢实验特点配置精准温控及营养补给设备
【思考过程】：
",BD,客观题
动物实验,"你是一个严格按照要求答题的医学考试考生。请你先展示出完整的思考过程，然后再输出最终答案。每道题目有至少两个选项（A、B）至多五个选项（A、B、C、D、E），题目为不定项选择题，请按照以下格式作答：

【思考过程】：...

【最终答案】：AB / BCE / CD / DE / E / ...（只输出选项的编号，不要写选项内容）

示例：
题目：医疗伦理中四大基本原则是？
A.尊重自主权
B.善意行为
C.无害原则
D.公正原则
E.以上都不是
【思考过程】：本题考查医学伦理的四大基本原则，包括尊重自主权、不伤害原则、行善原则、公正原则。

【最终答案】：ABCD

题目：以下哪些设备属于动物实验室必须配置的专用设备？
A.动物麻醉设备
B.动物心电监护设备
C.动物称重设备
D.动物血压监护设备
E.动物血液透析仪
【思考过程】：
",ABC,客观题
动物实验,"你是一个严格按照要求答题的医学考试考生。请你先展示出完整的思考过程，然后再输出最终答案。每道题目有至少两个选项（A、B）至多五个选项（A、B、C、D、E），题目为不定项选择题，请按照以下格式作答：

【思考过程】：...

【最终答案】：AB / BCE / CD / DE / E / ...（只输出选项的编号，不要写选项内容）

示例：
题目：医疗伦理中四大基本原则是？
A.尊重自主权
B.善意行为
C.无害原则
D.公正原则
E.以上都不是
【思考过程】：本题考查医学伦理的四大基本原则，包括尊重自主权、不伤害原则、行善原则、公正原则。

【最终答案】：ABCD

题目：下列哪些做法符合动物实验中保定装置的使用规范？
A.无需适应性训练直接使用保定装置
B.选用与实验犬体型完全匹配的保定设备
C.允许动物在保定过程中有不受限制的活动空间以避免应激
D.在实验开始前5分钟首次将动物放入保定装置
E.对实验用兔进行为期3天的保定装置适应性训练
【思考过程】：
",BE,客观题
动物实验,"你是一个严格按照要求答题的医学考试考生。请你先展示出完整的思考过程，然后再输出最终答案。每道题目有至少两个选项（A、B）至多五个选项（A、B、C、D、E），题目为不定项选择题，请按照以下格式作答：

【思考过程】：...

【最终答案】：AB / BCE / CD / DE / E / ...（只输出选项的编号，不要写选项内容）

示例：
题目：医疗伦理中四大基本原则是？
A.尊重自主权
B.善意行为
C.无害原则
D.公正原则
E.以上都不是
【思考过程】：本题考查医学伦理的四大基本原则，包括尊重自主权、不伤害原则、行善原则、公正原则。

【最终答案】：ABCD

题目：当动物在保定期间出现异常情况时，实验人员应采取什么措施？
A.立即联系兽医后再决定是否释放
B.完成当前实验步骤后释放
C.给予短效镇静剂继续实验
D.尽快从保定装置上释放
E.观察20分钟后再评估是否释放
【思考过程】：
",D,客观题
动物实验,"你是一个严格按照要求答题的医学考试考生。请你先展示出完整的思考过程，然后再输出最终答案。每道题目有至少两个选项（A、B）至多五个选项（A、B、C、D、E），题目为不定项选择题，请按照以下格式作答：

【思考过程】：...

【最终答案】：AB / BCE / CD / DE / E / ...（只输出选项的编号，不要写选项内容）

示例：
题目：医疗伦理中四大基本原则是？
A.尊重自主权
B.善意行为
C.无害原则
D.公正原则
E.以上都不是
【思考过程】：本题考查医学伦理的四大基本原则，包括尊重自主权、不伤害原则、行善原则、公正原则。

【最终答案】：ABCD

题目：制定动物实验安死术实施标准时必须考虑以下哪些因素？
A.动物品种
B.实验持续时间
C.动物年龄
D.研究目的
E.动物性别
【思考过程】：
",ACD,客观题
动物实验,"你是一个严格按照要求答题的医学考试考生。请你先展示出完整的思考过程，然后再输出最终答案。每道题目有至少两个选项（A、B）至多五个选项（A、B、C、D、E），题目为不定项选择题，请按照以下格式作答：

【思考过程】：...

【最终答案】：AB / BCE / CD / DE / E / ...（只输出选项的编号，不要写选项内容）

示例：
题目：医疗伦理中四大基本原则是？
A.尊重自主权
B.善意行为
C.无害原则
D.公正原则
E.以上都不是
【思考过程】：本题考查医学伦理的四大基本原则，包括尊重自主权、不伤害原则、行善原则、公正原则。

【最终答案】：ABCD

题目：动物实验中实施安死术的人员需要符合下列哪项要求？
A.具备生物学专业学历即可实施
B.未受过培训的研究人员在指导记录备案后实施
C.通过专门的安死术培训考核
D.持有普通动物护理资格证书的人员也可实施
【思考过程】：
",C,客观题
动物实验,"你是一个严格按照要求答题的医学考试考生。请你先展示出完整的思考过程，然后再输出最终答案。每道题目有至少两个选项（A、B）至多五个选项（A、B、C、D、E），题目为不定项选择题，请按照以下格式作答：

【思考过程】：...

【最终答案】：AB / BCE / CD / DE / E / ...（只输出选项的编号，不要写选项内容）

示例：
题目：医疗伦理中四大基本原则是？
A.尊重自主权
B.善意行为
C.无害原则
D.公正原则
E.以上都不是
【思考过程】：本题考查医学伦理的四大基本原则，包括尊重自主权、不伤害原则、行善原则、公正原则。

【最终答案】：ABCD

题目：以下哪些是实施动物安死术的正确做法？
A.操作前随机确认部分动物信息
B.安死术实施时操作区域有其他动物在场
C.确定死亡后对动物进行无害化处理
D.操作前必须确认每只动物信息
E.操作区域没有其他动物在场
【思考过程】：
",CDE,客观题
动物实验,"你是一个严格按照要求答题的医学考试考生。请你先展示出完整的思考过程，然后再输出最终答案。每道题目有至少两个选项（A、B）至多五个选项（A、B、C、D、E），题目为不定项选择题，请按照以下格式作答：

【思考过程】：...

【最终答案】：AB / BCE / CD / DE / E / ...（只输出选项的编号，不要写选项内容）

示例：
题目：医疗伦理中四大基本原则是？
A.尊重自主权
B.善意行为
C.无害原则
D.公正原则
E.以上都不是
【思考过程】：本题考查医学伦理的四大基本原则，包括尊重自主权、不伤害原则、行善原则、公正原则。

【最终答案】：ABCD

题目：以下哪种情况可被视为非人灵长类动物实验中的合理处死事由？
A.在实验结束时处死健康的恒河猴
B.因实验需求重复处死同一组狨猴
C.处死患有人兽共患病的猕猴
D.在野外观察冲突中处死长臂猿
【思考过程】：
",C,客观题
动物实验,"你是一个严格按照要求答题的医学考试考生。请你先展示出完整的思考过程，然后再输出最终答案。每道题目有至少两个选项（A、B）至多五个选项（A、B、C、D、E），题目为不定项选择题，请按照以下格式作答：

【思考过程】：...

【最终答案】：AB / BCE / CD / DE / E / ...（只输出选项的编号，不要写选项内容）

示例：
题目：医疗伦理中四大基本原则是？
A.尊重自主权
B.善意行为
C.无害原则
D.公正原则
E.以上都不是
【思考过程】：本题考查医学伦理的四大基本原则，包括尊重自主权、不伤害原则、行善原则、公正原则。

【最终答案】：ABCD

题目：人道终点确定中的“权衡性原则”主要强调以下哪一要点？
A.最大化实验的潜在经济利益
B.平衡科学价值与动物所受伤害
C.优先保障实验效率以缩短周期
D.不论条件均以人道主义为最高原则
【思考过程】：
",B,客观题
动物实验,"你是一个严格按照要求答题的医学考试考生。请你先展示出完整的思考过程，然后再输出最终答案。每道题目有至少两个选项（A、B）至多五个选项（A、B、C、D、E），题目为不定项选择题，请按照以下格式作答：

【思考过程】：...

【最终答案】：AB / BCE / CD / DE / E / ...（只输出选项的编号，不要写选项内容）

示例：
题目：医疗伦理中四大基本原则是？
A.尊重自主权
B.善意行为
C.无害原则
D.公正原则
E.以上都不是
【思考过程】：本题考查医学伦理的四大基本原则，包括尊重自主权、不伤害原则、行善原则、公正原则。

【最终答案】：ABCD

题目：根据人道终点确定原则，以下哪些做法符合伤窖最小化原则？
A.实验前预先评估动物可能经历的疼痛强度
B.在实验达到科学目标后延长动物观察时间
C.将动物濒死状态作为核心实验数据来源
D.优先选择疼痛等级较低的实验方法
E.允许实验动物自然死亡以收集终末指标
【思考过程】：
",AD,客观题
动物实验,"你是一个严格按照要求答题的医学考试考生。请你先展示出完整的思考过程，然后再输出最终答案。每道题目有至少两个选项（A、B）至多五个选项（A、B、C、D、E），题目为不定项选择题，请按照以下格式作答：

【思考过程】：...

【最终答案】：AB / BCE / CD / DE / E / ...（只输出选项的编号，不要写选项内容）

示例：
题目：医疗伦理中四大基本原则是？
A.尊重自主权
B.善意行为
C.无害原则
D.公正原则
E.以上都不是
【思考过程】：本题考查医学伦理的四大基本原则，包括尊重自主权、不伤害原则、行善原则、公正原则。

【最终答案】：ABCD

题目：以下哪项符合人道终点确定原则中的“持续优化原则”要求？
A.实验初期确定人道终点后不再变更
B.仅在遇到伦理审查压力时调整实验终点
C.在确保科学目标的情况下定期评估和减少动物痛苦
D.以实验操作便利性为首要优化方向
【思考过程】：
",C,客观题
动物实验,"你是一个严格按照要求答题的医学考试考生。请你先展示出完整的思考过程，然后再输出最终答案。每道题目有至少两个选项（A、B）至多五个选项（A、B、C、D、E），题目为不定项选择题，请按照以下格式作答：

【思考过程】：...

【最终答案】：AB / BCE / CD / DE / E / ...（只输出选项的编号，不要写选项内容）

示例：
题目：医疗伦理中四大基本原则是？
A.尊重自主权
B.善意行为
C.无害原则
D.公正原则
E.以上都不是
【思考过程】：本题考查医学伦理的四大基本原则，包括尊重自主权、不伤害原则、行善原则、公正原则。

【最终答案】：ABCD

题目：确定人道终点时，以下哪个因素不属于必须关注的范畴？
A.动物可能出现的结果和副作用
B.副作用的持续时间
C.副作用发生的时序过程
D.研究经费来源
E.副作用的早期预测指标
【思考过程】：
",BD,客观题
动物实验,"你是一个严格按照要求答题的医学考试考生。请你先展示出完整的思考过程，然后再输出最终答案。每道题目有至少两个选项（A、B）至多五个选项（A、B、C、D、E），题目为不定项选择题，请按照以下格式作答：

【思考过程】：...

【最终答案】：AB / BCE / CD / DE / E / ...（只输出选项的编号，不要写选项内容）

示例：
题目：医疗伦理中四大基本原则是？
A.尊重自主权
B.善意行为
C.无害原则
D.公正原则
E.以上都不是
【思考过程】：本题考查医学伦理的四大基本原则，包括尊重自主权、不伤害原则、行善原则、公正原则。

【最终答案】：ABCD

题目：关于动物实验的人道终点原则，以下哪项做法符合伦理规范？
A.终止实验必须经过伦理委员会特别许可
B.在实验目标达成后立即提前终止实验
C.允许实验动物在完成全部数据收集后自然死亡
D.实验全程强制使用镇痛药物后再实施安乐死
【思考过程】：
",B,客观题
动物实验,"你是一个严格按照要求答题的医学考试考生。请你先展示出完整的思考过程，然后再输出最终答案。每道题目有至少两个选项（A、B）至多五个选项（A、B、C、D、E），题目为不定项选择题，请按照以下格式作答：

【思考过程】：...

【最终答案】：AB / BCE / CD / DE / E / ...（只输出选项的编号，不要写选项内容）

示例：
题目：医疗伦理中四大基本原则是？
A.尊重自主权
B.善意行为
C.无害原则
D.公正原则
E.以上都不是
【思考过程】：本题考查医学伦理的四大基本原则，包括尊重自主权、不伤害原则、行善原则、公正原则。

【最终答案】：ABCD

题目：在人道终点计划中,必须合理解释以下哪些内容？
A.使用濒死/死亡的替代方法; B.允许濒死动物的最低数量依据; C.濒死动物是否采取止痛措施; D.未实施安乐死的濒死期数据采集说明
【思考过程】：
",BD,客观题
动物实验,"你是一个严格按照要求答题的医学考试考生。请你先展示出完整的思考过程，然后再输出最终答案。每道题目有至少两个选项（A、B）至多五个选项（A、B、C、D、E），题目为不定项选择题，请按照以下格式作答：

【思考过程】：...

【最终答案】：AB / BCE / CD / DE / E / ...（只输出选项的编号，不要写选项内容）

示例：
题目：医疗伦理中四大基本原则是？
A.尊重自主权
B.善意行为
C.无害原则
D.公正原则
E.以上都不是
【思考过程】：本题考查医学伦理的四大基本原则，包括尊重自主权、不伤害原则、行善原则、公正原则。

【最终答案】：ABCD

题目：以下哪项做法违反了动物实验中人道终点选择的相关法规要求？
A.在实验中对动物的疼痛、焦虑进行全面评估并于濒死前终止实验
B.仅监测动物的疼痛和痛苦，未关注其抑郁状态但仍在死亡前结束实验
C.在充分满足科研目标的前提下提前终止已出现严重发病症状的动物实验
D.为确保数据完整性，在动物死亡后记录全部病理反应再结束实验
【思考过程】：
",BD,客观题
动物实验,"你是一个严格按照要求答题的医学考试考生。请你先展示出完整的思考过程，然后再输出最终答案。每道题目有至少两个选项（A、B）至多五个选项（A、B、C、D、E），题目为不定项选择题，请按照以下格式作答：

【思考过程】：...

【最终答案】：AB / BCE / CD / DE / E / ...（只输出选项的编号，不要写选项内容）

示例：
题目：医疗伦理中四大基本原则是？
A.尊重自主权
B.善意行为
C.无害原则
D.公正原则
E.以上都不是
【思考过程】：本题考查医学伦理的四大基本原则，包括尊重自主权、不伤害原则、行善原则、公正原则。

【最终答案】：ABCD

题目：关于动物实验计划的制定形式，下列描述正确的是？
A.必须独立成文且与实验方案完全分离
B.无需专门制定计划但需口头说明
C.可作为实验方案中的一部分
D.需要定期重新制定但无需原有计划存档
【思考过程】：
",C,客观题
动物实验,"你是一个严格按照要求答题的医学考试考生。请你先展示出完整的思考过程，然后再输出最终答案。每道题目有至少两个选项（A、B）至多五个选项（A、B、C、D、E），题目为不定项选择题，请按照以下格式作答：

【思考过程】：...

【最终答案】：AB / BCE / CD / DE / E / ...（只输出选项的编号，不要写选项内容）

示例：
题目：医疗伦理中四大基本原则是？
A.尊重自主权
B.善意行为
C.无害原则
D.公正原则
E.以上都不是
【思考过程】：本题考查医学伦理的四大基本原则，包括尊重自主权、不伤害原则、行善原则、公正原则。

【最终答案】：ABCD

题目：在制定动物实验计划时，哪些内容必须明确列出？
A.实验的科学目的
B.试验参与人员的资质证明
C.主要评价指标的时间进程
D.终止动物实验的判定时机
E.超重度疼痛标准的人道终点科学依据
【思考过程】：
",ACDE,客观题
动物实验,"你是一个严格按照要求答题的医学考试考生。请你先展示出完整的思考过程，然后再输出最终答案。每道题目有至少两个选项（A、B）至多五个选项（A、B、C、D、E），题目为不定项选择题，请按照以下格式作答：

【思考过程】：...

【最终答案】：AB / BCE / CD / DE / E / ...（只输出选项的编号，不要写选项内容）

示例：
题目：医疗伦理中四大基本原则是？
A.尊重自主权
B.善意行为
C.无害原则
D.公正原则
E.以上都不是
【思考过程】：本题考查医学伦理的四大基本原则，包括尊重自主权、不伤害原则、行善原则、公正原则。

【最终答案】：ABCD

题目：根据相关法规，制定实验动物观察计划时必须考量以下哪项因素？
A.实验所需资金预算
B.实验的具体类型
C.动物的品种及体重
D.实验研究内容的核心步骤
E.动物预期要承受的疼痛影响程度
【思考过程】：
",BDE,客观题
动物实验,"你是一个严格按照要求答题的医学考试考生。请你先展示出完整的思考过程，然后再输出最终答案。每道题目有至少两个选项（A、B）至多五个选项（A、B、C、D、E），题目为不定项选择题，请按照以下格式作答：

【思考过程】：...

【最终答案】：AB / BCE / CD / DE / E / ...（只输出选项的编号，不要写选项内容）

示例：
题目：医疗伦理中四大基本原则是？
A.尊重自主权
B.善意行为
C.无害原则
D.公正原则
E.以上都不是
【思考过程】：本题考查医学伦理的四大基本原则，包括尊重自主权、不伤害原则、行善原则、公正原则。

【最终答案】：ABCD

题目：当实验动物达到人道终点时，以下哪种情况必须规定安乐死的时机和方式？
A.动物表现出疼痛但能通过药物有效控制
B.能够通过手术完全解除动物的痛苦
C.无法以任何方式解除动物的疼痛或痛苦
D.实验尚未结束但动物处于轻度不适中
【思考过程】：
",C,客观题
动物实验,"你是一个严格按照要求答题的医学考试考生。请你先展示出完整的思考过程，然后再输出最终答案。每道题目有至少两个选项（A、B）至多五个选项（A、B、C、D、E），题目为不定项选择题，请按照以下格式作答：

【思考过程】：...

【最终答案】：AB / BCE / CD / DE / E / ...（只输出选项的编号，不要写选项内容）

示例：
题目：医疗伦理中四大基本原则是？
A.尊重自主权
B.善意行为
C.无害原则
D.公正原则
E.以上都不是
【思考过程】：本题考查医学伦理的四大基本原则，包括尊重自主权、不伤害原则、行善原则、公正原则。

【最终答案】：ABCD

题目：以下哪项是IACUC在审批人道终点时需要审核的信息？
A.参与人员的年龄分布
B.制定动物奖励机制
C.观察频率的设定
D.人员分工的安排
E.提供动物娱乐设施
【思考过程】：
",CD,客观题
动物实验,"你是一个严格按照要求答题的医学考试考生。请你先展示出完整的思考过程，然后再输出最终答案。每道题目有至少两个选项（A、B）至多五个选项（A、B、C、D、E），题目为不定项选择题，请按照以下格式作答：

【思考过程】：...

【最终答案】：AB / BCE / CD / DE / E / ...（只输出选项的编号，不要写选项内容）

示例：
题目：医疗伦理中四大基本原则是？
A.尊重自主权
B.善意行为
C.无害原则
D.公正原则
E.以上都不是
【思考过程】：本题考查医学伦理的四大基本原则，包括尊重自主权、不伤害原则、行善原则、公正原则。

【最终答案】：ABCD

题目：以下哪项信息是人道终点审批时IACUC必须获取的内容？
A.是否使用镇痛药物的详细记录
B.研究开始前明确的人员分工情况
C.动物遭受痛苦最严重的时间点判断依据
D.动物饲养环境的温湿度标准
E.观察频次在研究周期和痛苦期的具体规定
【思考过程】：
",BCE,客观题
动物实验,"你是一个严格按照要求答题的医学考试考生。请你先展示出完整的思考过程，然后再输出最终答案。每道题目有至少两个选项（A、B）至多五个选项（A、B、C、D、E），题目为不定项选择题，请按照以下格式作答：

【思考过程】：...

【最终答案】：AB / BCE / CD / DE / E / ...（只输出选项的编号，不要写选项内容）

示例：
题目：医疗伦理中四大基本原则是？
A.尊重自主权
B.善意行为
C.无害原则
D.公正原则
E.以上都不是
【思考过程】：本题考查医学伦理的四大基本原则，包括尊重自主权、不伤害原则、行善原则、公正原则。

【最终答案】：ABCD

题目：以下哪些属于IACUC审批人道终点时必须获得的信息？
A.研究团队的样本数量统计表
B.观察频率（包括重点时期）
C.饲养环境的温度范围
D.明确的处笠流程预案
E.研究人员的事先分工安排
【思考过程】：
",BDE,客观题
动物实验,"你是一个严格按照要求答题的医学考试考生。请你先展示出完整的思考过程，然后再输出最终答案。每道题目有至少两个选项（A、B）至多五个选项（A、B、C、D、E），题目为不定项选择题，请按照以下格式作答：

【思考过程】：...

【最终答案】：AB / BCE / CD / DE / E / ...（只输出选项的编号，不要写选项内容）

示例：
题目：医疗伦理中四大基本原则是？
A.尊重自主权
B.善意行为
C.无害原则
D.公正原则
E.以上都不是
【思考过程】：本题考查医学伦理的四大基本原则，包括尊重自主权、不伤害原则、行善原则、公正原则。

【最终答案】：ABCD

题目：以下哪些信息属于IACUC审批人道终点时必须获取的科学依据？
A.动物遭受意料之外的痛苦时的血液检测报告
B.预计动物从出现疼痛到死亡的时间
C.观察设备校准记录
D.研究人员分工的书面文件
E.指标列表
【思考过程】：
",BDE,客观题
动物实验,"你是一个严格按照要求答题的医学考试考生。请你先展示出完整的思考过程，然后再输出最终答案。每道题目有至少两个选项（A、B）至多五个选项（A、B、C、D、E），题目为不定项选择题，请按照以下格式作答：

【思考过程】：...

【最终答案】：AB / BCE / CD / DE / E / ...（只输出选项的编号，不要写选项内容）

示例：
题目：医疗伦理中四大基本原则是？
A.尊重自主权
B.善意行为
C.无害原则
D.公正原则
E.以上都不是
【思考过程】：本题考查医学伦理的四大基本原则，包括尊重自主权、不伤害原则、行善原则、公正原则。

【最终答案】：ABCD

题目：作为人道终点审批的科学依据，IACUC应获取以下哪些信息？
A.研究开展后动物活动区域的环境监测数据
B.动物从出现疼痛或应激到死亡的预计时间
C.动物是否达到每日饮食摄入标准
D.痛苦最严重时间点的预测依据
E.观察结果报告制度的建立情况
【思考过程】：
",BDE,客观题
动物实验,"你是一个严格按照要求答题的医学考试考生。请你先展示出完整的思考过程，然后再输出最终答案。每道题目有至少两个选项（A、B）至多五个选项（A、B、C、D、E），题目为不定项选择题，请按照以下格式作答：

【思考过程】：...

【最终答案】：AB / BCE / CD / DE / E / ...（只输出选项的编号，不要写选项内容）

示例：
题目：医疗伦理中四大基本原则是？
A.尊重自主权
B.善意行为
C.无害原则
D.公正原则
E.以上都不是
【思考过程】：本题考查医学伦理的四大基本原则，包括尊重自主权、不伤害原则、行善原则、公正原则。

【最终答案】：ABCD

题目：以下哪项不属于IACUC作为人道终点审批需要获得的科学依据？
A.人道终点的科学合理性
B.动物出现疼痛或应激到死亡的时间预测
C.明确的人员分工
D.确定动物的疼痛阈值
E.观察和记录人员名单
【思考过程】：
",D,客观题
动物实验,"你是一个严格按照要求答题的医学考试考生。请你先展示出完整的思考过程，然后再输出最终答案。每道题目有至少两个选项（A、B）至多五个选项（A、B、C、D、E），题目为不定项选择题，请按照以下格式作答：

【思考过程】：...

【最终答案】：AB / BCE / CD / DE / E / ...（只输出选项的编号，不要写选项内容）

示例：
题目：医疗伦理中四大基本原则是？
A.尊重自主权
B.善意行为
C.无害原则
D.公正原则
E.以上都不是
【思考过程】：本题考查医学伦理的四大基本原则，包括尊重自主权、不伤害原则、行善原则、公正原则。

【最终答案】：ABCD

题目：下列哪一项不属于IACUC要求人道终点审批时必须评估的内容？
A.人道终点的科学合理性
B.观察和记录人员名单
C.动物遭受意料之外的痛苦时的处理流程
D.研究人员是否具备动物观察能力
E.项目成本效益分析
【思考过程】：
",E,客观题
动物实验,"你是一个严格按照要求答题的医学考试考生。请你先展示出完整的思考过程，然后再输出最终答案。每道题目有至少两个选项（A、B）至多五个选项（A、B、C、D、E），题目为不定项选择题，请按照以下格式作答：

【思考过程】：...

【最终答案】：AB / BCE / CD / DE / E / ...（只输出选项的编号，不要写选项内容）

示例：
题目：医疗伦理中四大基本原则是？
A.尊重自主权
B.善意行为
C.无害原则
D.公正原则
E.以上都不是
【思考过程】：本题考查医学伦理的四大基本原则，包括尊重自主权、不伤害原则、行善原则、公正原则。

【最终答案】：ABCD

题目：IACUC在审批人道终点时，需要获得以下哪些信息作为科学依据？
A.从实验开始至动物死亡的时间
B.观察和记录人员名单
C.是否定期反馈动物痛苦程度
D.研究开展前的明确人员分工
E.意外痛苦时的安乐死流程
【思考过程】：
",BDE,客观题
动物实验,"你是一个严格按照要求答题的医学考试考生。请你先展示出完整的思考过程，然后再输出最终答案。每道题目有至少两个选项（A、B）至多五个选项（A、B、C、D、E），题目为不定项选择题，请按照以下格式作答：

【思考过程】：...

【最终答案】：AB / BCE / CD / DE / E / ...（只输出选项的编号，不要写选项内容）

示例：
题目：医疗伦理中四大基本原则是？
A.尊重自主权
B.善意行为
C.无害原则
D.公正原则
E.以上都不是
【思考过程】：本题考查医学伦理的四大基本原则，包括尊重自主权、不伤害原则、行善原则、公正原则。

【最终答案】：ABCD

题目：以下哪些属于IACUC在人道终点审批时必须获得的科学依据信息？
A.预计动物出现疼痛后的人道干预时间
B.动物疼痛缓解药物的标准化使用流程
C.研究人员家属的联系方式
D.若未知动物痛苦持续时间是否需要开展预实验
E.实验中未预期的动物痛苦处置流程
【思考过程】：
",DE,客观题
动物实验,"你是一个严格按照要求答题的医学考试考生。请你先展示出完整的思考过程，然后再输出最终答案。每道题目有至少两个选项（A、B）至多五个选项（A、B、C、D、E），题目为不定项选择题，请按照以下格式作答：

【思考过程】：...

【最终答案】：AB / BCE / CD / DE / E / ...（只输出选项的编号，不要写选项内容）

示例：
题目：医疗伦理中四大基本原则是？
A.尊重自主权
B.善意行为
C.无害原则
D.公正原则
E.以上都不是
【思考过程】：本题考查医学伦理的四大基本原则，包括尊重自主权、不伤害原则、行善原则、公正原则。

【最终答案】：ABCD

题目：实验负责人需确保参与实验的人员符合以下哪项要求？
A.完成人道终点相关安全操作演练
B.参加人道终点定期讲座
C.签署动物实验知情同意书
D.通过人道终点知识考核
E.接受人道终点知识培训
【思考过程】：
",DE,客观题
动物实验,"你是一个严格按照要求答题的医学考试考生。请你先展示出完整的思考过程，然后再输出最终答案。每道题目有至少两个选项（A、B）至多五个选项（A、B、C、D、E），题目为不定项选择题，请按照以下格式作答：

【思考过程】：...

【最终答案】：AB / BCE / CD / DE / E / ...（只输出选项的编号，不要写选项内容）

示例：
题目：医疗伦理中四大基本原则是？
A.尊重自主权
B.善意行为
C.无害原则
D.公正原则
E.以上都不是
【思考过程】：本题考查医学伦理的四大基本原则，包括尊重自主权、不伤害原则、行善原则、公正原则。

【最终答案】：ABCD

题目：在动物实验中，当出现未曾预料的剧烈疼痛导致痛苦程度明显超过预先评估阈值时，正确的操作流程是什么？
A.立即终止实验并销毁实验数据
B.如实记录疼痛现象但继续实验流程
C.记录现象后未与兽医沟通直接终止实验
D.汇报研究人员并等待会议讨论处理方案
E.详细记录后报告兽医并经评估提前终止实验
【思考过程】：
",E,客观题
动物实验,"你是一个严格按照要求答题的医学考试考生。请你先展示出完整的思考过程，然后再输出最终答案。每道题目有至少两个选项（A、B）至多五个选项（A、B、C、D、E），题目为不定项选择题，请按照以下格式作答：

【思考过程】：...

【最终答案】：AB / BCE / CD / DE / E / ...（只输出选项的编号，不要写选项内容）

示例：
题目：医疗伦理中四大基本原则是？
A.尊重自主权
B.善意行为
C.无害原则
D.公正原则
E.以上都不是
【思考过程】：本题考查医学伦理的四大基本原则，包括尊重自主权、不伤害原则、行善原则、公正原则。

【最终答案】：ABCD

题目：在动物实验的审查和监管中，以下哪些属于需要避免的不必要伤害？
A.因实验设计缺陷引发的伤害
B.不可抗力自然因素引发的伤害
C.人员操作不当引发的偶发性伤害
D.实验操作的继发性伤害
E.实验结束后对动物的安乐死处理
【思考过程】：
",ACD,客观题
动物实验,"你是一个严格按照要求答题的医学考试考生。请你先展示出完整的思考过程，然后再输出最终答案。每道题目有至少两个选项（A、B）至多五个选项（A、B、C、D、E），题目为不定项选择题，请按照以下格式作答：

【思考过程】：...

【最终答案】：AB / BCE / CD / DE / E / ...（只输出选项的编号，不要写选项内容）

示例：
题目：医疗伦理中四大基本原则是？
A.尊重自主权
B.善意行为
C.无害原则
D.公正原则
E.以上都不是
【思考过程】：本题考查医学伦理的四大基本原则，包括尊重自主权、不伤害原则、行善原则、公正原则。

【最终答案】：ABCD

题目：在采购实验动物时，需要供应商提供的资料应包括以下哪些？
A.动物疫苗接种时间表
B.实验动物合格证明
C.动物的遗传背景或来源信息
D.质量级别检测报告
E.动物历史训练记录
【思考过程】：
",BCD,客观题
动物实验,"你是一个严格按照要求答题的医学考试考生。请你先展示出完整的思考过程，然后再输出最终答案。每道题目有至少两个选项（A、B）至多五个选项（A、B、C、D、E），题目为不定项选择题，请按照以下格式作答：

【思考过程】：...

【最终答案】：AB / BCE / CD / DE / E / ...（只输出选项的编号，不要写选项内容）

示例：
题目：医疗伦理中四大基本原则是？
A.尊重自主权
B.善意行为
C.无害原则
D.公正原则
E.以上都不是
【思考过程】：本题考查医学伦理的四大基本原则，包括尊重自主权、不伤害原则、行善原则、公正原则。

【最终答案】：ABCD

题目：以下哪种情形符合实验动物法规要求？
A.动物行为异常，但排除对人类有危害的病原体
B.排除对人类有危害的病原体，但生理指标异常
C.动物外观异常但经检测无致病病原体
D.动物无人类危害病原体，外观正常且生理指标正常
E.排除所有已知病原体但存在未知病毒
【思考过程】：
",D,客观题
动物实验,"你是一个严格按照要求答题的医学考试考生。请你先展示出完整的思考过程，然后再输出最终答案。每道题目有至少两个选项（A、B）至多五个选项（A、B、C、D、E），题目为不定项选择题，请按照以下格式作答：

【思考过程】：...

【最终答案】：AB / BCE / CD / DE / E / ...（只输出选项的编号，不要写选项内容）

示例：
题目：医疗伦理中四大基本原则是？
A.尊重自主权
B.善意行为
C.无害原则
D.公正原则
E.以上都不是
【思考过程】：本题考查医学伦理的四大基本原则，包括尊重自主权、不伤害原则、行善原则、公正原则。

【最终答案】：ABCD

题目：以下做法是否符合规定？实验室对患非传染病的动物未经检查和科学论证就决定将其淘汰。
A.正确
B.错误
【思考过程】：
",B,客观题
动物实验,"你是一个严格按照要求答题的医学考试考生。请你先展示出完整的思考过程，然后再输出最终答案。每道题目有至少两个选项（A、B）至多五个选项（A、B、C、D、E），题目为不定项选择题，请按照以下格式作答：

【思考过程】：...

【最终答案】：AB / BCE / CD / DE / E / ...（只输出选项的编号，不要写选项内容）

示例：
题目：医疗伦理中四大基本原则是？
A.尊重自主权
B.善意行为
C.无害原则
D.公正原则
E.以上都不是
【思考过程】：本题考查医学伦理的四大基本原则，包括尊重自主权、不伤害原则、行善原则、公正原则。

【最终答案】：ABCD

题目：在动物实验中，以下哪些要求必须遵守？（多选）
A.笼具采用PVC材质即可通过验收
B.笼具质检需同时满足GB 14925和GB/T 35892
C.实验中必须使用双层不锈钢笼具以保证硬度
D.在确保实验有效性的情况下为动物提供攀爬玩具
E.长期实验应减少动物饲料以控制笼具清洁度
【思考过程】：
",BD,客观题
动物实验,"你是一个严格按照要求答题的医学考试考生。请你先展示出完整的思考过程，然后再输出最终答案。每道题目有至少两个选项（A、B）至多五个选项（A、B、C、D、E），题目为不定项选择题，请按照以下格式作答：

【思考过程】：...

【最终答案】：AB / BCE / CD / DE / E / ...（只输出选项的编号，不要写选项内容）

示例：
题目：医疗伦理中四大基本原则是？
A.尊重自主权
B.善意行为
C.无害原则
D.公正原则
E.以上都不是
【思考过程】：本题考查医学伦理的四大基本原则，包括尊重自主权、不伤害原则、行善原则、公正原则。

【最终答案】：ABCD

题目：下列哪项措施属于动物实验中饲养设备及用具的日常管理要求？
A.定时清洁并记录时间
B.根据材料老化周期更换
C.定期使用紫外线消毒
D.每年两次全面检修
E.自主延长使用周期以减少成本
【思考过程】：
",ABC,客观题
动物实验,"你是一个严格按照要求答题的医学考试考生。请你先展示出完整的思考过程，然后再输出最终答案。每道题目有至少两个选项（A、B）至多五个选项（A、B、C、D、E），题目为不定项选择题，请按照以下格式作答：

【思考过程】：...

【最终答案】：AB / BCE / CD / DE / E / ...（只输出选项的编号，不要写选项内容）

示例：
题目：医疗伦理中四大基本原则是？
A.尊重自主权
B.善意行为
C.无害原则
D.公正原则
E.以上都不是
【思考过程】：本题考查医学伦理的四大基本原则，包括尊重自主权、不伤害原则、行善原则、公正原则。

【最终答案】：ABCD

题目：动物饲养用具在实验完成或闲置多久后，需重新清洗消毒方可使用？
A.3周
B.1个月
C.2个月
D.3个月
E.无需处理直接使用
【思考过程】：
",C,客观题
动物实验,"你是一个严格按照要求答题的医学考试考生。请你先展示出完整的思考过程，然后再输出最终答案。每道题目有至少两个选项（A、B）至多五个选项（A、B、C、D、E），题目为不定项选择题，请按照以下格式作答：

【思考过程】：...

【最终答案】：AB / BCE / CD / DE / E / ...（只输出选项的编号，不要写选项内容）

示例：
题目：医疗伦理中四大基本原则是？
A.尊重自主权
B.善意行为
C.无害原则
D.公正原则
E.以上都不是
【思考过程】：本题考查医学伦理的四大基本原则，包括尊重自主权、不伤害原则、行善原则、公正原则。

【最终答案】：ABCD

题目：根据北京市相关规定，动物实验中必须进行无害化处理的废弃物包括以下哪些项目？
A.污水
B.污物
C.废气
D.动物尸体
E.实验废液
【思考过程】：
",ABCD,客观题
动物实验,"你是一个严格按照要求答题的医学考试考生。请你先展示出完整的思考过程，然后再输出最终答案。每道题目有至少两个选项（A、B）至多五个选项（A、B、C、D、E），题目为不定项选择题，请按照以下格式作答：

【思考过程】：...

【最终答案】：AB / BCE / CD / DE / E / ...（只输出选项的编号，不要写选项内容）

示例：
题目：医疗伦理中四大基本原则是？
A.尊重自主权
B.善意行为
C.无害原则
D.公正原则
E.以上都不是
【思考过程】：本题考查医学伦理的四大基本原则，包括尊重自主权、不伤害原则、行善原则、公正原则。

【最终答案】：ABCD

题目：下列哪项不属于使用保定装置时的法定要求？
A.根据动物大小和行为习性配置保定装置
B.提前对动物进行适应性训练
C.采用人员安全防护措施
D.必须超过动物福利的最低标准
E.可忽略保定前的动物行为观察
【思考过程】：
",C,客观题
动物实验,"你是一个严格按照要求答题的医学考试考生。请你先展示出完整的思考过程，然后再输出最终答案。每道题目有至少两个选项（A、B）至多五个选项（A、B、C、D、E），题目为不定项选择题，请按照以下格式作答：

【思考过程】：...

【最终答案】：AB / BCE / CD / DE / E / ...（只输出选项的编号，不要写选项内容）

示例：
题目：医疗伦理中四大基本原则是？
A.尊重自主权
B.善意行为
C.无害原则
D.公正原则
E.以上都不是
【思考过程】：本题考查医学伦理的四大基本原则，包括尊重自主权、不伤害原则、行善原则、公正原则。

【最终答案】：ABCD

题目：以下哪些原则属于动物实验中选择麻醉和镇痛方法时应遵循的要求？
A.麻醉和镇痛效果最好
B.毒副作用最小
C.对实验结果干扰最小
D.更为安全、经济及方便的方法
E.建有相关应急技术预案
F.优先使用成本最低的方案以节约经费
G.无需根据动物种类差异调整方法
【思考过程】：
",ABCDE,客观题
动物实验,"你是一个严格按照要求答题的医学考试考生。请你先展示出完整的思考过程，然后再输出最终答案。每道题目有至少两个选项（A、B）至多五个选项（A、B、C、D、E），题目为不定项选择题，请按照以下格式作答：

【思考过程】：...

【最终答案】：AB / BCE / CD / DE / E / ...（只输出选项的编号，不要写选项内容）

示例：
题目：医疗伦理中四大基本原则是？
A.尊重自主权
B.善意行为
C.无害原则
D.公正原则
E.以上都不是
【思考过程】：本题考查医学伦理的四大基本原则，包括尊重自主权、不伤害原则、行善原则、公正原则。

【最终答案】：ABCD

题目：动物实验伦理审查中，以下哪些措施能够确保符合“麻醉和镇痛效果切实可靠”的要求？
A.实验全程监测动物呼吸和心率以评估镇痛深度
B.选择持续时间覆盖实验全过程的缓释麻醉剂
C.实验后检查动物无挣扎或呜叫痕迹
D.每日调整动物饮食量以匹配麻醉代谢需求
E.使用一种被国际指南推荐的麻醉剂但未核对剂量
【思考过程】：
",ABC,客观题
动物实验,"你是一个严格按照要求答题的医学考试考生。请你先展示出完整的思考过程，然后再输出最终答案。每道题目有至少两个选项（A、B）至多五个选项（A、B、C、D、E），题目为不定项选择题，请按照以下格式作答：

【思考过程】：...

【最终答案】：AB / BCE / CD / DE / E / ...（只输出选项的编号，不要写选项内容）

示例：
题目：医疗伦理中四大基本原则是？
A.尊重自主权
B.善意行为
C.无害原则
D.公正原则
E.以上都不是
【思考过程】：本题考查医学伦理的四大基本原则，包括尊重自主权、不伤害原则、行善原则、公正原则。

【最终答案】：ABCD

题目：在动物实验中，哪种情况下应立即实施仁慈终点或停止实验？
A.动物出现中度疼痛但实验预计24小时内完成
B.动物实验已经失败且无法获得有效数据
C.动物出现无法治愈的剧烈疼痛且实验无法继续
D.即将完成实验但需再收集一周数据
E.动物出现间歇性轻微不适但可自行恢复
【思考过程】：
",BC,客观题
动物实验,"你是一个严格按照要求答题的医学考试考生。请你先展示出完整的思考过程，然后再输出最终答案。每道题目有至少两个选项（A、B）至多五个选项（A、B、C、D、E），题目为不定项选择题，请按照以下格式作答：

【思考过程】：...

【最终答案】：AB / BCE / CD / DE / E / ...（只输出选项的编号，不要写选项内容）

示例：
题目：医疗伦理中四大基本原则是？
A.尊重自主权
B.善意行为
C.无害原则
D.公正原则
E.以上都不是
【思考过程】：本题考查医学伦理的四大基本原则，包括尊重自主权、不伤害原则、行善原则、公正原则。

【最终答案】：ABCD

题目：在实验动物安乐死流程中，关于死亡确认环节的职责划分，以下哪项正确？
A.操作人员负责直接确认动物不可逆死亡
B.实验动物兽医师独立完成所有死亡确认
C.兽医师仅需指导操作人员进行死亡确认检查
D.未确认死亡时允许暂时存放动物
【思考过程】：
",A,客观题
动物实验,"你是一个严格按照要求答题的医学考试考生。请你先展示出完整的思考过程，然后再输出最终答案。每道题目有至少两个选项（A、B）至多五个选项（A、B、C、D、E），题目为不定项选择题，请按照以下格式作答：

【思考过程】：...

【最终答案】：AB / BCE / CD / DE / E / ...（只输出选项的编号，不要写选项内容）

示例：
题目：医疗伦理中四大基本原则是？
A.尊重自主权
B.善意行为
C.无害原则
D.公正原则
E.以上都不是
【思考过程】：本题考查医学伦理的四大基本原则，包括尊重自主权、不伤害原则、行善原则、公正原则。

【最终答案】：ABCD

题目：以下哪项行为违反了动物安乐死操作规范？
A.在施工区域隔离区执行安乐死时，实验员独自在场处理实验犬
B.实施安乐死后未彻底消毒器械，导致医疗废物污染养殖区水源
C.让一名医学专业学生在无防护状态下旁观仓鼠安乐死过程
D.其他实验室的未受训人员进入操作室指导记录
【思考过程】：
",BCD,客观题
动物实验,"你是一个严格按照要求答题的医学考试考生。请你先展示出完整的思考过程，然后再输出最终答案。每道题目有至少两个选项（A、B）至多五个选项（A、B、C、D、E），题目为不定项选择题，请按照以下格式作答：

【思考过程】：...

【最终答案】：AB / BCE / CD / DE / E / ...（只输出选项的编号，不要写选项内容）

示例：
题目：医疗伦理中四大基本原则是？
A.尊重自主权
B.善意行为
C.无害原则
D.公正原则
E.以上都不是
【思考过程】：本题考查医学伦理的四大基本原则，包括尊重自主权、不伤害原则、行善原则、公正原则。

【最终答案】：ABCD

题目：下列哪项要求不属于动物实验数据保存的规范？
A.数据允许经过美工处理以提升可读性
B.保存期限内可重现实验步骤顺序
C.数据记录要求完整且规范
D.允许用日常口语描述关键参数
E.数据应具有可溯源性
【思考过程】：
",AD,客观题
动物实验,"你是一个严格按照要求答题的医学考试考生。请你先展示出完整的思考过程，然后再输出最终答案。每道题目有至少两个选项（A、B）至多五个选项（A、B、C、D、E），题目为不定项选择题，请按照以下格式作答：

【思考过程】：...

【最终答案】：AB / BCE / CD / DE / E / ...（只输出选项的编号，不要写选项内容）

示例：
题目：医疗伦理中四大基本原则是？
A.尊重自主权
B.善意行为
C.无害原则
D.公正原则
E.以上都不是
【思考过程】：本题考查医学伦理的四大基本原则，包括尊重自主权、不伤害原则、行善原则、公正原则。

【最终答案】：ABCD

题目：以下哪些情况违反了动物实验设施管理的相关规定？
A.使用已过期三个月的实验动物许可证进行实验
B.正在申请许可证但未获得便开展实验
C.实验在许可证有效期内完成，两天后许可证过期
D.许可证有效期剩余一个月时计划下月开始长期实验
E.未取得实验动物使用许可证
【思考过程】：
",ABDE,客观题
动物实验,"你是一个严格按照要求答题的医学考试考生。请你先展示出完整的思考过程，然后再输出最终答案。每道题目有至少两个选项（A、B）至多五个选项（A、B、C、D、E），题目为不定项选择题，请按照以下格式作答：

【思考过程】：...

【最终答案】：AB / BCE / CD / DE / E / ...（只输出选项的编号，不要写选项内容）

示例：
题目：医疗伦理中四大基本原则是？
A.尊重自主权
B.善意行为
C.无害原则
D.公正原则
E.以上都不是
【思考过程】：本题考查医学伦理的四大基本原则，包括尊重自主权、不伤害原则、行善原则、公正原则。

【最终答案】：ABCD

题目：哪项做法违反了动物实验的相关法规要求？
A.实验开始前未通过伦理审查但追加提交了申请材料
B.基于科学创新性为由豁免伦理审查流程
C.主动公开审查通过的实验方案摘要
D.实验中途修改方案后重新申请审查
【思考过程】：
",B,客观题
动物实验,"你是一个严格按照要求答题的医学考试考生。请你先展示出完整的思考过程，然后再输出最终答案。每道题目有至少两个选项（A、B）至多五个选项（A、B、C、D、E），题目为不定项选择题，请按照以下格式作答：

【思考过程】：...

【最终答案】：AB / BCE / CD / DE / E / ...（只输出选项的编号，不要写选项内容）

示例：
题目：医疗伦理中四大基本原则是？
A.尊重自主权
B.善意行为
C.无害原则
D.公正原则
E.以上都不是
【思考过程】：本题考查医学伦理的四大基本原则，包括尊重自主权、不伤害原则、行善原则、公正原则。

【最终答案】：ABCD

题目：以下哪些属于动物实验应遵循的伦理原则？
A. 减少使用动物数量
B. 尊重动物自主权
C. 优化实验流程
D. 及时补充实验动物
E. 采用非动物替代方法
【思考过程】：
",ACE,客观题
动物实验,"你是一个严格按照要求答题的医学考试考生。请你先展示出完整的思考过程，然后再输出最终答案。每道题目有至少两个选项（A、B）至多五个选项（A、B、C、D、E），题目为不定项选择题，请按照以下格式作答：

【思考过程】：...

【最终答案】：AB / BCE / CD / DE / E / ...（只输出选项的编号，不要写选项内容）

示例：
题目：医疗伦理中四大基本原则是？
A.尊重自主权
B.善意行为
C.无害原则
D.公正原则
E.以上都不是
【思考过程】：本题考查医学伦理的四大基本原则，包括尊重自主权、不伤害原则、行善原则、公正原则。

【最终答案】：ABCD

题目：以下哪些信息属于服务机构对委托方的保密义务范围？
A.技术秘密
B.商业秘密
C.研发数据
D.客户名单
E.员工个人信息
【思考过程】：
",AB,客观题
动物实验,"你是一个严格按照要求答题的医学考试考生。请你先展示出完整的思考过程，然后再输出最终答案。每道题目有至少两个选项（A、B）至多五个选项（A、B、C、D、E），题目为不定项选择题，请按照以下格式作答：

【思考过程】：...

【最终答案】：AB / BCE / CD / DE / E / ...（只输出选项的编号，不要写选项内容）

示例：
题目：医疗伦理中四大基本原则是？
A.尊重自主权
B.善意行为
C.无害原则
D.公正原则
E.以上都不是
【思考过程】：本题考查医学伦理的四大基本原则，包括尊重自主权、不伤害原则、行善原则、公正原则。

【最终答案】：ABCD

题目：当动物实验方案需要修改时，以下哪一流程符合法规要求？
A.修改部分经合作单方确认即可实施
B.双方确认修改后直接执行新方案
C.修改后立即报伦理部门审查但无需双方确认
D.经合作双方确认并报伦理部门审查后修改
E.按新方案执行并事后提交报告
【思考过程】：
",D,客观题
动物实验,"你是一个严格按照要求答题的医学考试考生。请你先展示出完整的思考过程，然后再输出最终答案。每道题目有至少两个选项（A、B）至多五个选项（A、B、C、D、E），题目为不定项选择题，请按照以下格式作答：

【思考过程】：...

【最终答案】：AB / BCE / CD / DE / E / ...（只输出选项的编号，不要写选项内容）

示例：
题目：医疗伦理中四大基本原则是？
A.尊重自主权
B.善意行为
C.无害原则
D.公正原则
E.以上都不是
【思考过程】：本题考查医学伦理的四大基本原则，包括尊重自主权、不伤害原则、行善原则、公正原则。

【最终答案】：ABCD

题目：关于动物实验记录和报告的处理方式，以下哪项符合法规要求？
A.实验记录可公开供其他机构查阅，B.服务机构密封存档实验记录，C.按服务机构内部规定的期限保存，D.无需密封但需永久保存，E.按与委托方约定的期限保存
【思考过程】：
",BE,客观题
动物实验,"你是一个严格按照要求答题的医学考试考生。请你先展示出完整的思考过程，然后再输出最终答案。每道题目有至少两个选项（A、B）至多五个选项（A、B、C、D、E），题目为不定项选择题，请按照以下格式作答：

【思考过程】：...

【最终答案】：AB / BCE / CD / DE / E / ...（只输出选项的编号，不要写选项内容）

示例：
题目：医疗伦理中四大基本原则是？
A.尊重自主权
B.善意行为
C.无害原则
D.公正原则
E.以上都不是
【思考过程】：本题考查医学伦理的四大基本原则，包括尊重自主权、不伤害原则、行善原则、公正原则。

【最终答案】：ABCD

题目：以下哪种情形违反动物实验的必要性原则？
A.为验证新药物有效性设计合理对照组实验
B.为降低研究成本重复开展已得出明确结论的实验
C.因样本量不足需要重新进行验证性实验
D.重复实验多次以提高数据统计学差异
【思考过程】：
",BD,客观题
动物实验,"你是一个严格按照要求答题的医学考试考生。请你先展示出完整的思考过程，然后再输出最终答案。每道题目有至少两个选项（A、B）至多五个选项（A、B、C、D、E），题目为不定项选择题，请按照以下格式作答：

【思考过程】：...

【最终答案】：AB / BCE / CD / DE / E / ...（只输出选项的编号，不要写选项内容）

示例：
题目：医疗伦理中四大基本原则是？
A.尊重自主权
B.善意行为
C.无害原则
D.公正原则
E.以上都不是
【思考过程】：本题考查医学伦理的四大基本原则，包括尊重自主权、不伤害原则、行善原则、公正原则。

【最终答案】：ABCD

题目：在动物实验中，下列哪些属于3R原则的核心内容？
A.循环利用（Recycle）
B.替代（Replacement）
C.重复（Repetition）
D.减少（Reduction）
E.优化（Refinement）
【思考过程】：
",BDE,客观题
动物实验,"你是一个严格按照要求答题的医学考试考生。请你先展示出完整的思考过程，然后再输出最终答案。每道题目有至少两个选项（A、B）至多五个选项（A、B、C、D、E），题目为不定项选择题，请按照以下格式作答：

【思考过程】：...

【最终答案】：AB / BCE / CD / DE / E / ...（只输出选项的编号，不要写选项内容）

示例：
题目：医疗伦理中四大基本原则是？
A.尊重自主权
B.善意行为
C.无害原则
D.公正原则
E.以上都不是
【思考过程】：本题考查医学伦理的四大基本原则，包括尊重自主权、不伤害原则、行善原则、公正原则。

【最终答案】：ABCD

题目：以下哪些属于实验动物五项福利自由的范畴？（多选）
A.自由选择实验处理方式
B.能够表达自然行为的自由
C.免受痛苦和疾病的自由
D.免受饥渴的自由
E.免受恐惧和压抑的自由
【思考过程】：
",BCDE,客观题
动物实验,"你是一个严格按照要求答题的医学考试考生。请你先展示出完整的思考过程，然后再输出最终答案。每道题目有至少两个选项（A、B）至多五个选项（A、B、C、D、E），题目为不定项选择题，请按照以下格式作答：

【思考过程】：...

【最终答案】：AB / BCE / CD / DE / E / ...（只输出选项的编号，不要写选项内容）

示例：
题目：医疗伦理中四大基本原则是？
A.尊重自主权
B.善意行为
C.无害原则
D.公正原则
E.以上都不是
【思考过程】：本题考查医学伦理的四大基本原则，包括尊重自主权、不伤害原则、行善原则、公正原则。

【最终答案】：ABCD

题目：以下哪些表述符合实验动物伦理原则的具体要求？
A.用高速离心机终止实验动物生命以减少痛苦
B.为提升研究效率将同一批实验动物连续使用30个工作日
C.采用符合国际兽医标准的麻醉镇痛方案
D.要求实验人员自行承担全部生物安全风险
E.委托未取得资质的第三方机构处理实验动物尸体
【思考过程】：
",AC,客观题
动物实验,"你是一个严格按照要求答题的医学考试考生。请你先展示出完整的思考过程，然后再输出最终答案。每道题目有至少两个选项（A、B）至多五个选项（A、B、C、D、E），题目为不定项选择题，请按照以下格式作答：

【思考过程】：...

【最终答案】：AB / BCE / CD / DE / E / ...（只输出选项的编号，不要写选项内容）

示例：
题目：医疗伦理中四大基本原则是？
A.尊重自主权
B.善意行为
C.无害原则
D.公正原则
E.以上都不是
【思考过程】：本题考查医学伦理的四大基本原则，包括尊重自主权、不伤害原则、行善原则、公正原则。

【最终答案】：ABCD

题目：以下哪些属于必须遵守的动物实验操作规范？
A.对活体动物手术时进行有效麻醉
B.对活体动物手术时进行适当麻醉
C.动物存活性手术中无菌操作
D.术后恢复期进行镇痛
E.术后恢复期无需调整饮食
【思考过程】：
",ACD,客观题
动物实验,"你是一个严格按照要求答题的医学考试考生。请你先展示出完整的思考过程，然后再输出最终答案。每道题目有至少两个选项（A、B）至多五个选项（A、B、C、D、E），题目为不定项选择题，请按照以下格式作答：

【思考过程】：...

【最终答案】：AB / BCE / CD / DE / E / ...（只输出选项的编号，不要写选项内容）

示例：
题目：医疗伦理中四大基本原则是？
A.尊重自主权
B.善意行为
C.无害原则
D.公正原则
E.以上都不是
【思考过程】：本题考查医学伦理的四大基本原则，包括尊重自主权、不伤害原则、行善原则、公正原则。

【最终答案】：ABCD

题目：关于动物实验中的保定要求，下列哪项描述不符合伦理规范？
A.保定器具需符合规格适宜及坚固耐用标准
B.在确保实验目标完成的条件下允许增加强制限制时间
C.保定过程应考虑减少动物的应激反应
D.避免使用可能造成卫生隐患的束缚工具
【思考过程】：
",B,客观题
动物实验,"你是一个严格按照要求答题的医学考试考生。请你先展示出完整的思考过程，然后再输出最终答案。每道题目有至少两个选项（A、B）至多五个选项（A、B、C、D、E），题目为不定项选择题，请按照以下格式作答：

【思考过程】：...

【最终答案】：AB / BCE / CD / DE / E / ...（只输出选项的编号，不要写选项内容）

示例：
题目：医疗伦理中四大基本原则是？
A.尊重自主权
B.善意行为
C.无害原则
D.公正原则
E.以上都不是
【思考过程】：本题考查医学伦理的四大基本原则，包括尊重自主权、不伤害原则、行善原则、公正原则。

【最终答案】：ABCD

题目：以下哪些做法符合动物实验处死动物的伦理要求？
A.使用戊巴比妥钠实施安死术后立即处理尸体
B.在犬类处死过程中允许同笼实验犬旁观
C.确认小鼠心跳停止后焚烧尸体
D.对豚鼠采用颈椎脱臼法处死前疏散其他动物
【思考过程】：
",D,客观题
动物实验,"你是一个严格按照要求答题的医学考试考生。请你先展示出完整的思考过程，然后再输出最终答案。每道题目有至少两个选项（A、B）至多五个选项（A、B、C、D、E），题目为不定项选择题，请按照以下格式作答：

【思考过程】：...

【最终答案】：AB / BCE / CD / DE / E / ...（只输出选项的编号，不要写选项内容）

示例：
题目：医疗伦理中四大基本原则是？
A.尊重自主权
B.善意行为
C.无害原则
D.公正原则
E.以上都不是
【思考过程】：本题考查医学伦理的四大基本原则，包括尊重自主权、不伤害原则、行善原则、公正原则。

【最终答案】：ABCD

题目：以下关于动物实验终点的描述，哪项符合伦理规范？
A.实验中应始终以动物的自然死亡作为观察终点，B.在数据不足的情况下允许将死亡作为计划终点，C.该实验必须的极少数情况下，可允许以死亡为终点，D.若动物继续存活可能严重危及研究人员安全时应以死亡为终点
【思考过程】：
",C,客观题
动物实验,"你是一个严格按照要求答题的医学考试考生。请你先展示出完整的思考过程，然后再输出最终答案。每道题目有至少两个选项（A、B）至多五个选项（A、B、C、D、E），题目为不定项选择题，请按照以下格式作答：

【思考过程】：...

【最终答案】：AB / BCE / CD / DE / E / ...（只输出选项的编号，不要写选项内容）

示例：
题目：医疗伦理中四大基本原则是？
A.尊重自主权
B.善意行为
C.无害原则
D.公正原则
E.以上都不是
【思考过程】：本题考查医学伦理的四大基本原则，包括尊重自主权、不伤害原则、行善原则、公正原则。

【最终答案】：ABCD

题目：某实验室对一批未受实验影响的空白对照组野生动物进行处理时，以下哪项操作符合相关法规要求？
A.直接放归自然栖息地
B.经安全评估后转移到动物园展示
C.经科学检查和安全评估后依法放归栖息地
D.继续用于其他实验项目
E.实施安乐死处理
【思考过程】：
",C,客观题
动物实验,"你是一个严格按照要求答题的医学考试考生。请你先展示出完整的思考过程，然后再输出最终答案。每道题目有至少两个选项（A、B）至多五个选项（A、B、C、D、E），题目为不定项选择题，请按照以下格式作答：

【思考过程】：...

【最终答案】：AB / BCE / CD / DE / E / ...（只输出选项的编号，不要写选项内容）

示例：
题目：医疗伦理中四大基本原则是？
A.尊重自主权
B.善意行为
C.无害原则
D.公正原则
E.以上都不是
【思考过程】：本题考查医学伦理的四大基本原则，包括尊重自主权、不伤害原则、行善原则、公正原则。

【最终答案】：ABCD

题目：在动物实验伦理审查中，以下哪项情况会导致项目无法通过审查？
A. 实验方案未包含处死动物的具体操作流程  
B. 实验人员在无专业资质但经实验室内部培训后直接接触实验动物  
C. 提交的实验必要性说明仅列出现有文献结论但无自身项目的验证数据  
D. 基因编辑实验计划将人类神经细胞导入大猩猩胚胎进行脑部发育研究  
E. 动物运输使用常规货车但承诺在运输过程中保持温湿度稳定  
F. 实验方案通过增加重复实验次数来提高统计学效力，但未说明替代动物使用策略
【思考过程】：
",BDF,客观题
动物实验,"你是一个严格按照要求答题的医学考试考生。请你先展示出完整的思考过程，然后再输出最终答案。每道题目有至少两个选项（A、B）至多五个选项（A、B、C、D、E），题目为不定项选择题，请按照以下格式作答：

【思考过程】：...

【最终答案】：AB / BCE / CD / DE / E / ...（只输出选项的编号，不要写选项内容）

示例：
题目：医疗伦理中四大基本原则是？
A.尊重自主权
B.善意行为
C.无害原则
D.公正原则
E.以上都不是
【思考过程】：本题考查医学伦理的四大基本原则，包括尊重自主权、不伤害原则、行善原则、公正原则。

【最终答案】：ABCD

题目：以下哪种情况会导致实验动物伦理审查不通过？
A.将实验猴的干细胞导入小鼠胚胎研究器官再生
B.活体解剖时未使用麻醉但记录疼痛等级
C.使用基因编辑技术减少实验鱼产生杂交品种
D.未在新型纳米药物测试中体现3R原则
E.为药效评估实施国家禁止的灵长类致盲实验
【思考过程】：
",DE,客观题
动物实验,"你是一个严格按照要求答题的医学考试考生。请你先展示出完整的思考过程，然后再输出最终答案。每道题目有至少两个选项（A、B）至多五个选项（A、B、C、D、E），题目为不定项选择题，请按照以下格式作答：

【思考过程】：...

【最终答案】：AB / BCE / CD / DE / E / ...（只输出选项的编号，不要写选项内容）

示例：
题目：医疗伦理中四大基本原则是？
A.尊重自主权
B.善意行为
C.无害原则
D.公正原则
E.以上都不是
【思考过程】：本题考查医学伦理的四大基本原则，包括尊重自主权、不伤害原则、行善原则、公正原则。

【最终答案】：ABCD

题目：以下哪种情况会导致动物实验项目无法通过伦理委员会审查？
A.实验动物的运输车辆温度比规定值低1℃
B.未使用基因编辑技术改良实验动物遗传特征
C.对人类及动物均无实际利益且导致实验动物痛苦的实验
D.未在动物实验后24小时内提交手术记录
E.将人类干细胞导入成年猕猴胚胎培育嵌合体
【思考过程】：
",CE,客观题
动物实验,"你是一个严格按照要求答题的医学考试考生。请你先展示出完整的思考过程，然后再输出最终答案。每道题目有至少两个选项（A、B）至多五个选项（A、B、C、D、E），题目为不定项选择题，请按照以下格式作答：

【思考过程】：...

【最终答案】：AB / BCE / CD / DE / E / ...（只输出选项的编号，不要写选项内容）

示例：
题目：医疗伦理中四大基本原则是？
A.尊重自主权
B.善意行为
C.无害原则
D.公正原则
E.以上都不是
【思考过程】：本题考查医学伦理的四大基本原则，包括尊重自主权、不伤害原则、行善原则、公正原则。

【最终答案】：ABCD

题目：以下哪种情况会导致动物实验项目无法通过伦理审查？
A.实验动物操作人员未定期参加培训
B.实验动物饲料来源不符合国家标准
C.活体解剖时使用物理固定替代麻醉措施
D.开展人类干细胞与动物胚胎嵌合培育研究
【思考过程】：
",BCD,客观题
动物实验,"你是一个严格按照要求答题的医学考试考生。请你先展示出完整的思考过程，然后再输出最终答案。每道题目有至少两个选项（A、B）至多五个选项（A、B、C、D、E），题目为不定项选择题，请按照以下格式作答：

【思考过程】：...

【最终答案】：AB / BCE / CD / DE / E / ...（只输出选项的编号，不要写选项内容）

示例：
题目：医疗伦理中四大基本原则是？
A.尊重自主权
B.善意行为
C.无害原则
D.公正原则
E.以上都不是
【思考过程】：本题考查医学伦理的四大基本原则，包括尊重自主权、不伤害原则、行善原则、公正原则。

【最终答案】：ABCD

题目：以下哪些情况可能导致动物实验项目无法通过伦理委员会的审查？（多选）
A. 实验动物项目的设计未体现3R原则  
B. 直接接触实验动物的人员未完成基础培训但具备相关经验  
C. 动物实验方法符合国际惯例但未经过公众听证会讨论  
D. 在活体解剖中未采取任何麻醉措施  
E. 实验动物饲料来源于非认证供应商，但质量达标
【思考过程】：
",AD,客观题
动物实验,"你是一个严格按照要求答题的医学考试考生。请你先展示出完整的思考过程，然后再输出最终答案。每道题目有至少两个选项（A、B）至多五个选项（A、B、C、D、E），题目为不定项选择题，请按照以下格式作答：

【思考过程】：...

【最终答案】：AB / BCE / CD / DE / E / ...（只输出选项的编号，不要写选项内容）

示例：
题目：医疗伦理中四大基本原则是？
A.尊重自主权
B.善意行为
C.无害原则
D.公正原则
E.以上都不是
【思考过程】：本题考查医学伦理的四大基本原则，包括尊重自主权、不伤害原则、行善原则、公正原则。

【最终答案】：ABCD

题目：以下哪种情况会导致动物实验项目无法通过伦理委员会的审查？
A.实验人员未参加培训且违反实验动物福利原则
B.将人类干细胞导入小鼠胚胎研究癌症机制
C.饲养环境导致动物轻度应激但未引发疾病
D.因操作失误轻微违反伦理法规但未造严重后果
【思考过程】：
",AB,客观题
动物实验,"你是一个严格按照要求答题的医学考试考生。请你先展示出完整的思考过程，然后再输出最终答案。每道题目有至少两个选项（A、B）至多五个选项（A、B、C、D、E），题目为不定项选择题，请按照以下格式作答：

【思考过程】：...

【最终答案】：AB / BCE / CD / DE / E / ...（只输出选项的编号，不要写选项内容）

示例：
题目：医疗伦理中四大基本原则是？
A.尊重自主权
B.善意行为
C.无害原则
D.公正原则
E.以上都不是
【思考过程】：本题考查医学伦理的四大基本原则，包括尊重自主权、不伤害原则、行善原则、公正原则。

【最终答案】：ABCD

题目：以下哪些情况会导致实验动物伦理审查不通过？
A.未提供实验动物生产环境的湿度记录
B.活体解剖时采用局部麻醉但未实施全身麻醉
C.项目申请书中将对照组数量从50组误写为30组
D.运输实验动物的车辆车厢温度超过品种要求标准2℃
E.未制定突发情况下的动物安乐死预案
【思考过程】：
",BDE,客观题
动物实验,"你是一个严格按照要求答题的医学考试考生。请你先展示出完整的思考过程，然后再输出最终答案。每道题目有至少两个选项（A、B）至多五个选项（A、B、C、D、E），题目为不定项选择题，请按照以下格式作答：

【思考过程】：...

【最终答案】：AB / BCE / CD / DE / E / ...（只输出选项的编号，不要写选项内容）

示例：
题目：医疗伦理中四大基本原则是？
A.尊重自主权
B.善意行为
C.无害原则
D.公正原则
E.以上都不是
【思考过程】：本题考查医学伦理的四大基本原则，包括尊重自主权、不伤害原则、行善原则、公正原则。

【最终答案】：ABCD

题目：以下哪种情况会导致动物实验伦理审查不通过？
A.实验人员在手术中未选择减少痛苦的安死术处死动物，B.未及时更新实验操作手册版本号，C.使用经过认证的SPF级实验小鼠，D.在手术前48小时停止给动物喂食
【思考过程】：
",A,客观题
动物实验,"你是一个严格按照要求答题的医学考试考生。请你先展示出完整的思考过程，然后再输出最终答案。每道题目有至少两个选项（A、B）至多五个选项（A、B、C、D、E），题目为不定项选择题，请按照以下格式作答：

【思考过程】：...

【最终答案】：AB / BCE / CD / DE / E / ...（只输出选项的编号，不要写选项内容）

示例：
题目：医疗伦理中四大基本原则是？
A.尊重自主权
B.善意行为
C.无害原则
D.公正原则
E.以上都不是
【思考过程】：本题考查医学伦理的四大基本原则，包括尊重自主权、不伤害原则、行善原则、公正原则。

【最终答案】：ABCD

题目：以下哪种情况会导致动物实验项目无法通过伦理审查？
A.曾使用过期实验动物饲料但已及时更换
B.实验设计中未明确统计动物处死数量
C.缺少动物实验项目实施的必要性证明材料
D.使用转基因斑马鱼研究心血管发育机制
E.未按规定处理实验引发社会伦理争议的杂交动物
【思考过程】：
",CE,客观题
动物实验,"你是一个严格按照要求答题的医学考试考生。请你先展示出完整的思考过程，然后再输出最终答案。每道题目有至少两个选项（A、B）至多五个选项（A、B、C、D、E），题目为不定项选择题，请按照以下格式作答：

【思考过程】：...

【最终答案】：AB / BCE / CD / DE / E / ...（只输出选项的编号，不要写选项内容）

示例：
题目：医疗伦理中四大基本原则是？
A.尊重自主权
B.善意行为
C.无害原则
D.公正原则
E.以上都不是
【思考过程】：本题考查医学伦理的四大基本原则，包括尊重自主权、不伤害原则、行善原则、公正原则。

【最终答案】：ABCD

题目：关于动物实验伦理审查的情况，下列哪些情形不能被通过？
A.实验动物饲料供应商资质不明但未影响饲料质量，B.解剖犬类时使用过期镇静剂导致动物躁动，C.设计基因编辑实验未评估胚胎杂交的伦理争议，D.项目申请书中动物实验必要性论证仅引用两篇非核心期刊文献
【思考过程】：
",BCD,客观题
动物实验,"你是一个严格按照要求答题的医学考试考生。请你先展示出完整的思考过程，然后再输出最终答案。每道题目有至少两个选项（A、B）至多五个选项（A、B、C、D、E），题目为不定项选择题，请按照以下格式作答：

【思考过程】：...

【最终答案】：AB / BCE / CD / DE / E / ...（只输出选项的编号，不要写选项内容）

示例：
题目：医疗伦理中四大基本原则是？
A.尊重自主权
B.善意行为
C.无害原则
D.公正原则
E.以上都不是
【思考过程】：本题考查医学伦理的四大基本原则，包括尊重自主权、不伤害原则、行善原则、公正原则。

【最终答案】：ABCD

题目：以下哪些原则属于实验动物使用中的""3R""原则？
A.减少（Reduction）
B.替代（Replacement）
C.替换（Substitution）
D.优化（Refinement）
E.人道主义（Humanitarianism）
【思考过程】：
",ABD,客观题
动物实验,"你是一个严格按照要求答题的医学考试考生。请你先展示出完整的思考过程，然后再输出最终答案。每道题目有至少两个选项（A、B）至多五个选项（A、B、C、D、E），题目为不定项选择题，请按照以下格式作答：

【思考过程】：...

【最终答案】：AB / BCE / CD / DE / E / ...（只输出选项的编号，不要写选项内容）

示例：
题目：医疗伦理中四大基本原则是？
A.尊重自主权
B.善意行为
C.无害原则
D.公正原则
E.以上都不是
【思考过程】：本题考查医学伦理的四大基本原则，包括尊重自主权、不伤害原则、行善原则、公正原则。

【最终答案】：ABCD

题目：以下哪些做法符合实验动物饲养管理规定？
A.偶尔对动物进行观察
B.在抓取动物时方法得当，动作轻柔
C.允许轻微戏弄动物以缓解其压力
D.发现行为异常后及时查找原因并处理
E.在必要时可让动物短暂忍受剧痛以完成操作
【思考过程】：
",BD,客观题
动物实验,"你是一个严格按照要求答题的医学考试考生。请你先展示出完整的思考过程，然后再输出最终答案。每道题目有至少两个选项（A、B）至多五个选项（A、B、C、D、E），题目为不定项选择题，请按照以下格式作答：

【思考过程】：...

【最终答案】：AB / BCE / CD / DE / E / ...（只输出选项的编号，不要写选项内容）

示例：
题目：医疗伦理中四大基本原则是？
A.尊重自主权
B.善意行为
C.无害原则
D.公正原则
E.以上都不是
【思考过程】：本题考查医学伦理的四大基本原则，包括尊重自主权、不伤害原则、行善原则、公正原则。

【最终答案】：ABCD

题目：以下关于实验动物饲养的描述中，正确的有哪些？
A.可按工作人员经验调整饲料成分配比，B.营养成分指标必须符合国家标准，C.术后恢复期需增加营养配给，D.不需批准即可限制动物饮水，E.限制饮食需经管理委员会批准
【思考过程】：
",BCE,客观题
动物实验,"你是一个严格按照要求答题的医学考试考生。请你先展示出完整的思考过程，然后再输出最终答案。每道题目有至少两个选项（A、B）至多五个选项（A、B、C、D、E），题目为不定项选择题，请按照以下格式作答：

【思考过程】：...

【最终答案】：AB / BCE / CD / DE / E / ...（只输出选项的编号，不要写选项内容）

示例：
题目：医疗伦理中四大基本原则是？
A.尊重自主权
B.善意行为
C.无害原则
D.公正原则
E.以上都不是
【思考过程】：本题考查医学伦理的四大基本原则，包括尊重自主权、不伤害原则、行善原则、公正原则。

【最终答案】：ABCD

题目：在实验动物应用中，以下哪些做法符合相关伦理法规？
A. 实验时尽量减少动物的疼痛，但允许适当程度的惊恐发生
B. 向非科研团队成员开放实验区域用于学生观摩
C. 在确保不影响实验结果的前提下研究动物实验替代方法
D. 每周仅安排固定两小时清理实验室无关人员
E. 使用镇静剂将疼痛控制在动物可忍受范围内
【思考过程】：
",C,客观题
动物实验,"你是一个严格按照要求答题的医学考试考生。请你先展示出完整的思考过程，然后再输出最终答案。每道题目有至少两个选项（A、B）至多五个选项（A、B、C、D、E），题目为不定项选择题，请按照以下格式作答：

【思考过程】：...

【最终答案】：AB / BCE / CD / DE / E / ...（只输出选项的编号，不要写选项内容）

示例：
题目：医疗伦理中四大基本原则是？
A.尊重自主权
B.善意行为
C.无害原则
D.公正原则
E.以上都不是
【思考过程】：本题考查医学伦理的四大基本原则，包括尊重自主权、不伤害原则、行善原则、公正原则。

【最终答案】：ABCD

题目：以下哪些措施是在对实验动物实施外科手术时必须遵守的伦理要求？
A.术前禁食24小时
B.手术过程实施有效麻醉
C.术后提供镇痛剂及护理
D.每天进行两次环境消毒
E.手术结束后立即执行安乐死
【思考过程】：
",BC,客观题
动物实验,"你是一个严格按照要求答题的医学考试考生。请你先展示出完整的思考过程，然后再输出最终答案。每道题目有至少两个选项（A、B）至多五个选项（A、B、C、D、E），题目为不定项选择题，请按照以下格式作答：

【思考过程】：...

【最终答案】：AB / BCE / CD / DE / E / ...（只输出选项的编号，不要写选项内容）

示例：
题目：医疗伦理中四大基本原则是？
A.尊重自主权
B.善意行为
C.无害原则
D.公正原则
E.以上都不是
【思考过程】：本题考查医学伦理的四大基本原则，包括尊重自主权、不伤害原则、行善原则、公正原则。

【最终答案】：ABCD

题目：以下哪些属于保定实验动物时应遵循的原则？
A.温和保定
B.善良抚慰
C.减少痛苦和应激反应
D.充分限制动物活动
E.坚固耐用的保定器具
【思考过程】：
",ABC,客观题
动物实验,"你是一个严格按照要求答题的医学考试考生。请你先展示出完整的思考过程，然后再输出最终答案。每道题目有至少两个选项（A、B）至多五个选项（A、B、C、D、E），题目为不定项选择题，请按照以下格式作答：

【思考过程】：...

【最终答案】：AB / BCE / CD / DE / E / ...（只输出选项的编号，不要写选项内容）

示例：
题目：医疗伦理中四大基本原则是？
A.尊重自主权
B.善意行为
C.无害原则
D.公正原则
E.以上都不是
【思考过程】：本题考查医学伦理的四大基本原则，包括尊重自主权、不伤害原则、行善原则、公正原则。

【最终答案】：ABCD

题目：处死实验动物时，以下哪种做法符合法规要求？
A.按照人道主义原则实施安死术，但允许其他动物在场进行教学观摩，B.实施安死术时全程录像存档并让其他动物在场，C.实施安死术后立即焚化动物尸体，D.仅按安死术处置却未隔离观察动物反应，E.使用非人道手段处死但确保无其他动物在场
【思考过程】：
",C,客观题
动物实验,"你是一个严格按照要求答题的医学考试考生。请你先展示出完整的思考过程，然后再输出最终答案。每道题目有至少两个选项（A、B）至多五个选项（A、B、C、D、E），题目为不定项选择题，请按照以下格式作答：

【思考过程】：...

【最终答案】：AB / BCE / CD / DE / E / ...（只输出选项的编号，不要写选项内容）

示例：
题目：医疗伦理中四大基本原则是？
A.尊重自主权
B.善意行为
C.无害原则
D.公正原则
E.以上都不是
【思考过程】：本题考查医学伦理的四大基本原则，包括尊重自主权、不伤害原则、行善原则、公正原则。

【最终答案】：ABCD

题目：在动物实验中，“仁慈终点”的正确应用方式是什么？
A.当动物出现轻微不适症状时立即终止实验 B.动物濒死时继续观察24小时以收集数据 C.当动物出现不可逆的痛苦或濒死状态时及时实施安乐死 D.对实验动物实施镇痛措施后继续实验直至自然死亡
【思考过程】：
",C,客观题
动物实验,"你是一个严格按照要求答题的医学考试考生。请你先展示出完整的思考过程，然后再输出最终答案。每道题目有至少两个选项（A、B）至多五个选项（A、B、C、D、E），题目为不定项选择题，请按照以下格式作答：

【思考过程】：...

【最终答案】：AB / BCE / CD / DE / E / ...（只输出选项的编号，不要写选项内容）

示例：
题目：医疗伦理中四大基本原则是？
A.尊重自主权
B.善意行为
C.无害原则
D.公正原则
E.以上都不是
【思考过程】：本题考查医学伦理的四大基本原则，包括尊重自主权、不伤害原则、行善原则、公正原则。

【最终答案】：ABCD

题目：以下关于灵长类实验动物处理的做法中，哪一项符合我国相关规定？
A.为节省饲养成本，实验结束后将健康的猿猴处死
B.实验中未出现预期结果的猕猴被主动处死
C.因存在不可治愈的严重伤病，对实验后的黑猩猩实行安乐死
D.为避免人道争议，实验后所有非猿类灵长动物均安乐死
E.减轻动物未来可能的痛苦可直接提前处死衰老个体
【思考过程】：
",C,客观题
动物实验,"你是一个严格按照要求答题的医学考试考生。请你先展示出完整的思考过程，然后再输出最终答案。每道题目有至少两个选项（A、B）至多五个选项（A、B、C、D、E），题目为不定项选择题，请按照以下格式作答：

【思考过程】：...

【最终答案】：AB / BCE / CD / DE / E / ...（只输出选项的编号，不要写选项内容）

示例：
题目：医疗伦理中四大基本原则是？
A.尊重自主权
B.善意行为
C.无害原则
D.公正原则
E.以上都不是
【思考过程】：本题考查医学伦理的四大基本原则，包括尊重自主权、不伤害原则、行善原则、公正原则。

【最终答案】：ABCD

题目：关于使用实验动物的科研项目实施流程，哪一情形违反相关法规？
A.研究团队制定方案后经实验动物道德委员会批准启动实验
B.实施方案经实验室安全委员会审核备案半年后开始实施
C.项目负责人修改未通过伦理审查的方案后自行开展预实验
D.实验动物管理委员会附加修改意见后驳回高风险方案
【思考过程】：
",C,客观题
动物实验,"你是一个严格按照要求答题的医学考试考生。请你先展示出完整的思考过程，然后再输出最终答案。每道题目有至少两个选项（A、B）至多五个选项（A、B、C、D、E），题目为不定项选择题，请按照以下格式作答：

【思考过程】：...

【最终答案】：AB / BCE / CD / DE / E / ...（只输出选项的编号，不要写选项内容）

示例：
题目：医疗伦理中四大基本原则是？
A.尊重自主权
B.善意行为
C.无害原则
D.公正原则
E.以上都不是
【思考过程】：本题考查医学伦理的四大基本原则，包括尊重自主权、不伤害原则、行善原则、公正原则。

【最终答案】：ABCD

题目：以下哪些行为属于虐待实验动物？
A.因实验需要未对动物实施麻醉进行心脏手术
B.在运输过程中违反规定导致大量实验动物死亡
C.未定期清洁动物设施导致环境轻微脏乱
D.非实验需要用刺激性食物喂养动物
【思考过程】：
",ABD,客观题
动物实验,"你是一个严格按照要求答题的医学考试考生。请你先展示出完整的思考过程，然后再输出最终答案。每道题目有至少两个选项（A、B）至多五个选项（A、B、C、D、E），题目为不定项选择题，请按照以下格式作答：

【思考过程】：...

【最终答案】：AB / BCE / CD / DE / E / ...（只输出选项的编号，不要写选项内容）

示例：
题目：医疗伦理中四大基本原则是？
A.尊重自主权
B.善意行为
C.无害原则
D.公正原则
E.以上都不是
【思考过程】：本题考查医学伦理的四大基本原则，包括尊重自主权、不伤害原则、行善原则、公正原则。

【最终答案】：ABCD

题目：以下哪些行为符合法规中定义的虐待实验动物情形？
A.实验后未清洁器械造成伤口感染
B.长时间未更换通风系统导致动物呼吸困难死亡
C.进行器官移植手术时未进行局部消毒处理
D.未对猕猴使用异氟烷吸入麻醉进行开颅实验
E.运输箱温度异常导致5%实验鼠死亡
F.未建立生物隔离措施致使实验犬感染狂犬病
【思考过程】：
",BDF,客观题
动物实验,"你是一个严格按照要求答题的医学考试考生。请你先展示出完整的思考过程，然后再输出最终答案。每道题目有至少两个选项（A、B）至多五个选项（A、B、C、D、E），题目为不定项选择题，请按照以下格式作答：

【思考过程】：...

【最终答案】：AB / BCE / CD / DE / E / ...（只输出选项的编号，不要写选项内容）

示例：
题目：医疗伦理中四大基本原则是？
A.尊重自主权
B.善意行为
C.无害原则
D.公正原则
E.以上都不是
【思考过程】：本题考查医学伦理的四大基本原则，包括尊重自主权、不伤害原则、行善原则、公正原则。

【最终答案】：ABCD

题目：以下哪些行为可能被认定为虐待实验动物？
A.实验中未及时为小鼠更换垫料致其感染死亡
B.因运输箱破损导致30只实验犬在运输中窒息
C.未完全麻醉即对猕猴实施腹腔手术
D.因实验需要给大鼠植入不可逆神经抑制装置
E.使用水合氯醛静脉注射对豚鼠实施安乐死
【思考过程】：
",ABC,客观题
动物实验,"你是一个严格按照要求答题的医学考试考生。请你先展示出完整的思考过程，然后再输出最终答案。每道题目有至少两个选项（A、B）至多五个选项（A、B、C、D、E），题目为不定项选择题，请按照以下格式作答：

【思考过程】：...

【最终答案】：AB / BCE / CD / DE / E / ...（只输出选项的编号，不要写选项内容）

示例：
题目：医疗伦理中四大基本原则是？
A.尊重自主权
B.善意行为
C.无害原则
D.公正原则
E.以上都不是
【思考过程】：本题考查医学伦理的四大基本原则，包括尊重自主权、不伤害原则、行善原则、公正原则。

【最终答案】：ABCD

题目：以下哪些行为属于法规定义的虐待实验动物范畴？
A.运输实验动物期间未全程维持25℃恒温环境，B.在脑外科实验中未使用镇痛剂完成开颅手术，C.按规范实施麻醉后进行动物脾脏切除术，D.出于实验需求重复进行基因编辑测试，E.使用过量巴比妥类麻醉剂处理濒死动物
【思考过程】：
",BE,客观题
常规诊疗,"你是一个严格按照要求答题的医学考试考生。请你先展示出完整的思考过程，然后再输出最终答案。每道题目有至少两个选项（A、B）至多五个选项（A、B、C、D、E），题目为不定项选择题，请按照以下格式作答：

【思考过程】：...

【最终答案】：AB / BCE / CD / DE / E / ...（只输出选项的编号，不要写选项内容）

示例：
题目：医疗伦理中四大基本原则是？
A.尊重自主权
B.善意行为
C.无害原则
D.公正原则
E.以上都不是
【思考过程】：本题考查医学伦理的四大基本原则，包括尊重自主权、不伤害原则、行善原则、公正原则。

【最终答案】：ABCD

题目：患者在诊疗活动中受到损害时，医疗机构赔偿责任成立的依据是以下哪一条件？
A.医务人员存在主观故意，B.医疗机构未完全履行合同约定，C.医疗行为与损害后果存在因果关系且存在过错，D.患者未签署全部知情同意书，E.患者在康复期间存在不遵医嘱行为
【思考过程】：
",C,客观题
常规诊疗,"你是一个严格按照要求答题的医学考试考生。请你先展示出完整的思考过程，然后再输出最终答案。每道题目有至少两个选项（A、B）至多五个选项（A、B、C、D、E），题目为不定项选择题，请按照以下格式作答：

【思考过程】：...

【最终答案】：AB / BCE / CD / DE / E / ...（只输出选项的编号，不要写选项内容）

示例：
题目：医疗伦理中四大基本原则是？
A.尊重自主权
B.善意行为
C.无害原则
D.公正原则
E.以上都不是
【思考过程】：本题考查医学伦理的四大基本原则，包括尊重自主权、不伤害原则、行善原则、公正原则。

【最终答案】：ABCD

题目：在常规诊疗中，以下哪些情况需要医务人员向患者详细说明医疗风险及替代方案，并取得明确同意？
A.常规体检
B.实施手术
C.特殊检查
D.特殊治疗
E.日常药物治疗
【思考过程】：
",BCD,客观题
常规诊疗,"你是一个严格按照要求答题的医学考试考生。请你先展示出完整的思考过程，然后再输出最终答案。每道题目有至少两个选项（A、B）至多五个选项（A、B、C、D、E），题目为不定项选择题，请按照以下格式作答：

【思考过程】：...

【最终答案】：AB / BCE / CD / DE / E / ...（只输出选项的编号，不要写选项内容）

示例：
题目：医疗伦理中四大基本原则是？
A.尊重自主权
B.善意行为
C.无害原则
D.公正原则
E.以上都不是
【思考过程】：本题考查医学伦理的四大基本原则，包括尊重自主权、不伤害原则、行善原则、公正原则。

【最终答案】：ABCD

题目：以下哪种情况下，医师可未经患者或其近亲属同意立即实施医疗措施？
A.患者腹痛但意识清醒时家属不在场，护士长签字批准
B.高空坠落呼吸骤停无法联系家属，科主任未到岗，值班医生执行抢救
C.癌症晚期患者家属拒绝治疗，主管医师请示病区护士长后停止输氧
D.患者昏迷且无家属在场，急诊主治医师经医务处处长批准实施开颅手术
【思考过程】：
",D,客观题
常规诊疗,"你是一个严格按照要求答题的医学考试考生。请你先展示出完整的思考过程，然后再输出最终答案。每道题目有至少两个选项（A、B）至多五个选项（A、B、C、D、E），题目为不定项选择题，请按照以下格式作答：

【思考过程】：...

【最终答案】：AB / BCE / CD / DE / E / ...（只输出选项的编号，不要写选项内容）

示例：
题目：医疗伦理中四大基本原则是？
A.尊重自主权
B.善意行为
C.无害原则
D.公正原则
E.以上都不是
【思考过程】：本题考查医学伦理的四大基本原则，包括尊重自主权、不伤害原则、行善原则、公正原则。

【最终答案】：ABCD

题目：以下哪些情形应推定医疗机构有过错？
A.拒绝患者复印与纠纷无关的病历资料
B.隐匿与纠纷有关的病历资料
C.未及时更新患者的联系方式
D.伪造患者的血液检测报告
E.手术中违反操作规范
【思考过程】：
",BDE,客观题
常规诊疗,"你是一个严格按照要求答题的医学考试考生。请你先展示出完整的思考过程，然后再输出最终答案。每道题目有至少两个选项（A、B）至多五个选项（A、B、C、D、E），题目为不定项选择题，请按照以下格式作答：

【思考过程】：...

【最终答案】：AB / BCE / CD / DE / E / ...（只输出选项的编号，不要写选项内容）

示例：
题目：医疗伦理中四大基本原则是？
A.尊重自主权
B.善意行为
C.无害原则
D.公正原则
E.以上都不是
【思考过程】：本题考查医学伦理的四大基本原则，包括尊重自主权、不伤害原则、行善原则、公正原则。

【最终答案】：ABCD

题目：以下哪种情形下，医疗机构可能不承担赔偿责任？
A.患者家属阻挠医生实施符合诊疗规范的化疗方案
B.急性心梗患者心脏骤停时，急救人员因优先实施气管插管而延误胸外按压
C.某地方医院受限于医疗条件未能诊断为2018年才被国际确认的罕见病
D.因未及时采购新型显微设备导致误诊
【思考过程】：
",ABC,客观题
常规诊疗,"你是一个严格按照要求答题的医学考试考生。请你先展示出完整的思考过程，然后再输出最终答案。每道题目有至少两个选项（A、B）至多五个选项（A、B、C、D、E），题目为不定项选择题，请按照以下格式作答：

【思考过程】：...

【最终答案】：AB / BCE / CD / DE / E / ...（只输出选项的编号，不要写选项内容）

示例：
题目：医疗伦理中四大基本原则是？
A.尊重自主权
B.善意行为
C.无害原则
D.公正原则
E.以上都不是
【思考过程】：本题考查医学伦理的四大基本原则，包括尊重自主权、不伤害原则、行善原则、公正原则。

【最终答案】：ABCD

题目：医疗机构及其医务人员在下列哪几种情形下需承担侵权责任？
A.将患者糖尿病史作为教学案例时隐去姓名
B.值班护士误将患者检验单遗留在公共候诊区
C.未经许可向药品推广人员提供患者联系方式
D.为研究目的公开确诊抑郁症患者的完整病历且未获患者书面同意
E.因系统漏洞导致患者就诊记录被黑客窃取但未传播
【思考过程】：
",CD,客观题
常规诊疗,"你是一个严格按照要求答题的医学考试考生。请你先展示出完整的思考过程，然后再输出最终答案。每道题目有至少两个选项（A、B）至多五个选项（A、B、C、D、E），题目为不定项选择题，请按照以下格式作答：

【思考过程】：...

【最终答案】：AB / BCE / CD / DE / E / ...（只输出选项的编号，不要写选项内容）

示例：
题目：医疗伦理中四大基本原则是？
A.尊重自主权
B.善意行为
C.无害原则
D.公正原则
E.以上都不是
【思考过程】：本题考查医学伦理的四大基本原则，包括尊重自主权、不伤害原则、行善原则、公正原则。

【最终答案】：ABCD

题目：根据我国《医师法》，下列哪些情形应当注销医师注册并废止医师执业证书？
A.因患病主动辞职离岗满3年
B.因医疗纠纷被吊销医疗机构执业许可证
C.被法院判决构成医疗事故罪
D.中止医师执业活动超过3年
E.累计两次医师定期考核间隔期超过半年未通过
【思考过程】：
",C,客观题
常规诊疗,"你是一个严格按照要求答题的医学考试考生。请你先展示出完整的思考过程，然后再输出最终答案。每道题目有至少两个选项（A、B）至多五个选项（A、B、C、D、E），题目为不定项选择题，请按照以下格式作答：

【思考过程】：...

【最终答案】：AB / BCE / CD / DE / E / ...（只输出选项的编号，不要写选项内容）

示例：
题目：医疗伦理中四大基本原则是？
A.尊重自主权
B.善意行为
C.无害原则
D.公正原则
E.以上都不是
【思考过程】：本题考查医学伦理的四大基本原则，包括尊重自主权、不伤害原则、行善原则、公正原则。

【最终答案】：ABCD

题目：医疗机构在发现医师存在哪种情形时，必须在30日内报告卫生健康主管部门？
A.医师因身体原因暂停执业活动满一年
B.医师被患者投诉服务态度恶劣
C.医师中止医师执业活动满两年
D.医师因考核不合格被暂停执业后再次考核仍不合格
E.医师在社交媒体发表不当言论
【思考过程】：
",CD,客观题
常规诊疗,"你是一个严格按照要求答题的医学考试考生。请你先展示出完整的思考过程，然后再输出最终答案。每道题目有至少两个选项（A、B）至多五个选项（A、B、C、D、E），题目为不定项选择题，请按照以下格式作答：

【思考过程】：...

【最终答案】：AB / BCE / CD / DE / E / ...（只输出选项的编号，不要写选项内容）

示例：
题目：医疗伦理中四大基本原则是？
A.尊重自主权
B.善意行为
C.无害原则
D.公正原则
E.以上都不是
【思考过程】：本题考查医学伦理的四大基本原则，包括尊重自主权、不伤害原则、行善原则、公正原则。

【最终答案】：ABCD

题目：医师注册后出现以下哪些情形应当注销注册并废止医师执业证书？
A.医师因受贿罪被判处有期徒刑三年
B.医师连续两年未参加定期考核
C.中止医师执业活动满三年
D.医疗事故导致患者死亡但未被吊销证书
E.医院因编制调整暂停医师执业
【思考过程】：
",A,客观题
常规诊疗,"你是一个严格按照要求答题的医学考试考生。请你先展示出完整的思考过程，然后再输出最终答案。每道题目有至少两个选项（A、B）至多五个选项（A、B、C、D、E），题目为不定项选择题，请按照以下格式作答：

【思考过程】：...

【最终答案】：AB / BCE / CD / DE / E / ...（只输出选项的编号，不要写选项内容）

示例：
题目：医疗伦理中四大基本原则是？
A.尊重自主权
B.善意行为
C.无害原则
D.公正原则
E.以上都不是
【思考过程】：本题考查医学伦理的四大基本原则，包括尊重自主权、不伤害原则、行善原则、公正原则。

【最终答案】：ABCD

题目：以下哪些属于医师在执业活动中必须履行的义务？（多选）
A.遵循临床诊疗指南和医学伦理规范
B.定期更新医学知识并提升专业能力
C.向患者收取药品回扣以提高收入
D.宣传与岗位无关的健康知识
E.泄露患者隐私信息用于医学研究
【思考过程】：
",AB,客观题
常规诊疗,"你是一个严格按照要求答题的医学考试考生。请你先展示出完整的思考过程，然后再输出最终答案。每道题目有至少两个选项（A、B）至多五个选项（A、B、C、D、E），题目为不定项选择题，请按照以下格式作答：

【思考过程】：...

【最终答案】：AB / BCE / CD / DE / E / ...（只输出选项的编号，不要写选项内容）

示例：
题目：医疗伦理中四大基本原则是？
A.尊重自主权
B.善意行为
C.无害原则
D.公正原则
E.以上都不是
【思考过程】：本题考查医学伦理的四大基本原则，包括尊重自主权、不伤害原则、行善原则、公正原则。

【最终答案】：ABCD

题目：以下哪些属于医师在执业活动中必须履行的义务？
A.在社交媒体平台直播罕见病例诊疗过程
B.未获授权查阅亲属的就诊记录
C.定期参加专业能力提升培训
D.向慢性病患者推荐同业专家专著
E.要求门诊患者签署默认科普告知书
【思考过程】：
",C,客观题
常规诊疗,"你是一个严格按照要求答题的医学考试考生。请你先展示出完整的思考过程，然后再输出最终答案。每道题目有至少两个选项（A、B）至多五个选项（A、B、C、D、E），题目为不定项选择题，请按照以下格式作答：

【思考过程】：...

【最终答案】：AB / BCE / CD / DE / E / ...（只输出选项的编号，不要写选项内容）

示例：
题目：医疗伦理中四大基本原则是？
A.尊重自主权
B.善意行为
C.无害原则
D.公正原则
E.以上都不是
【思考过程】：本题考查医学伦理的四大基本原则，包括尊重自主权、不伤害原则、行善原则、公正原则。

【最终答案】：ABCD

题目：以下哪项属于医师在执业活动中必须履行的义务？
A.执行疫情防控等公共卫生措施
B.遵循临床技术操作规范
C.对未成年人进行交通法规科普宣传
D.参与抗癌新药临床试验
E.保护患者隐私和个人信息
【思考过程】：
",ABE,客观题
常规诊疗,"你是一个严格按照要求答题的医学考试考生。请你先展示出完整的思考过程，然后再输出最终答案。每道题目有至少两个选项（A、B）至多五个选项（A、B、C、D、E），题目为不定项选择题，请按照以下格式作答：

【思考过程】：...

【最终答案】：AB / BCE / CD / DE / E / ...（只输出选项的编号，不要写选项内容）

示例：
题目：医疗伦理中四大基本原则是？
A.尊重自主权
B.善意行为
C.无害原则
D.公正原则
E.以上都不是
【思考过程】：本题考查医学伦理的四大基本原则，包括尊重自主权、不伤害原则、行善原则、公正原则。

【最终答案】：ABCD

题目：以下哪些行为违反了上述法规？
A.未亲自诊查即开具慢性病处方
B.按规范程序报废并销毁存储满三年的病历原件
C.篡改患者血脂异常检查结果以匹配诊断结论
D.内科医师为车祸伤者出具完全丧失劳动能力的骨科证明
E.在急诊值班时代签其他医师负责患者的抢救医嘱
【思考过程】：
",ACDE,客观题
常规诊疗,"你是一个严格按照要求答题的医学考试考生。请你先展示出完整的思考过程，然后再输出最终答案。每道题目有至少两个选项（A、B）至多五个选项（A、B、C、D、E），题目为不定项选择题，请按照以下格式作答：

【思考过程】：...

【最终答案】：AB / BCE / CD / DE / E / ...（只输出选项的编号，不要写选项内容）

示例：
题目：医疗伦理中四大基本原则是？
A.尊重自主权
B.善意行为
C.无害原则
D.公正原则
E.以上都不是
【思考过程】：本题考查医学伦理的四大基本原则，包括尊重自主权、不伤害原则、行善原则、公正原则。

【最终答案】：ABCD

题目：以下哪些情况需医师向患者详细说明医疗风险并取得明确同意？
A.常规实验室检查
B.实施外科手术
C.开展特殊影像学检查
D.使用新型生物治疗技术
E.开具普通抗生素
【思考过程】：
",BCD,客观题
常规诊疗,"你是一个严格按照要求答题的医学考试考生。请你先展示出完整的思考过程，然后再输出最终答案。每道题目有至少两个选项（A、B）至多五个选项（A、B、C、D、E），题目为不定项选择题，请按照以下格式作答：

【思考过程】：...

【最终答案】：AB / BCE / CD / DE / E / ...（只输出选项的编号，不要写选项内容）

示例：
题目：医疗伦理中四大基本原则是？
A.尊重自主权
B.善意行为
C.无害原则
D.公正原则
E.以上都不是
【思考过程】：本题考查医学伦理的四大基本原则，包括尊重自主权、不伤害原则、行善原则、公正原则。

【最终答案】：ABCD

题目：医师开展新型血糖仪临床研究时，必须满足以下哪些要求？
A.项目设计符合省级技术标准
B.采用三级医院制定的伦理规范
C.通过机构伦理委员会审查
D.获得患者的口头使用授权
E.在医保备案系统登记项目信息
【思考过程】：
",C,客观题
常规诊疗,"你是一个严格按照要求答题的医学考试考生。请你先展示出完整的思考过程，然后再输出最终答案。每道题目有至少两个选项（A、B）至多五个选项（A、B、C、D、E），题目为不定项选择题，请按照以下格式作答：

【思考过程】：...

【最终答案】：AB / BCE / CD / DE / E / ...（只输出选项的编号，不要写选项内容）

示例：
题目：医疗伦理中四大基本原则是？
A.尊重自主权
B.善意行为
C.无害原则
D.公正原则
E.以上都不是
【思考过程】：本题考查医学伦理的四大基本原则，包括尊重自主权、不伤害原则、行善原则、公正原则。

【最终答案】：ABCD

题目：在因抢救生命垂危患者无法取得意见的情况下，实施医疗措施需符合哪些条件？
A.现场所有医护人员表决通过
B.主治医师独立批准即可
C.医疗机构负责人或授权人批准
D.患者直系亲属电话口头同意
E.等待医疗伦理委员会审议后实施
【思考过程】：
",C,客观题
常规诊疗,"你是一个严格按照要求答题的医学考试考生。请你先展示出完整的思考过程，然后再输出最终答案。每道题目有至少两个选项（A、B）至多五个选项（A、B、C、D、E），题目为不定项选择题，请按照以下格式作答：

【思考过程】：...

【最终答案】：AB / BCE / CD / DE / E / ...（只输出选项的编号，不要写选项内容）

示例：
题目：医疗伦理中四大基本原则是？
A.尊重自主权
B.善意行为
C.无害原则
D.公正原则
E.以上都不是
【思考过程】：本题考查医学伦理的四大基本原则，包括尊重自主权、不伤害原则、行善原则、公正原则。

【最终答案】：ABCD

题目：除按照规范用于诊断治疗外，医师不得使用以下哪些药品？
A.麻醉药品
B.青霉素类抗生素
C.医疗用毒性药品
D.精神药品
E.放射性药品
【思考过程】：
",ACDE,客观题
常规诊疗,"你是一个严格按照要求答题的医学考试考生。请你先展示出完整的思考过程，然后再输出最终答案。每道题目有至少两个选项（A、B）至多五个选项（A、B、C、D、E），题目为不定项选择题，请按照以下格式作答：

【思考过程】：...

【最终答案】：AB / BCE / CD / DE / E / ...（只输出选项的编号，不要写选项内容）

示例：
题目：医疗伦理中四大基本原则是？
A.尊重自主权
B.善意行为
C.无害原则
D.公正原则
E.以上都不是
【思考过程】：本题考查医学伦理的四大基本原则，包括尊重自主权、不伤害原则、行善原则、公正原则。

【最终答案】：ABCD

题目：在尚无有效治疗手段的特殊情况下，医师采用药品说明书外的用法需满足哪些条件？
A.获得科室主任签字同意
B.取得患者明确知情同意
C.具备循证医学证据支持
D.经多机构专家会诊认可
E.医疗机构审核处方适宜性
【思考过程】：
",BCE,客观题
常规诊疗,"你是一个严格按照要求答题的医学考试考生。请你先展示出完整的思考过程，然后再输出最终答案。每道题目有至少两个选项（A、B）至多五个选项（A、B、C、D、E），题目为不定项选择题，请按照以下格式作答：

【思考过程】：...

【最终答案】：AB / BCE / CD / DE / E / ...（只输出选项的编号，不要写选项内容）

示例：
题目：医疗伦理中四大基本原则是？
A.尊重自主权
B.善意行为
C.无害原则
D.公正原则
E.以上都不是
【思考过程】：本题考查医学伦理的四大基本原则，包括尊重自主权、不伤害原则、行善原则、公正原则。

【最终答案】：ABCD

题目：以下哪些行为违反了医师职业伦理与相关法规？
A.医师要求患者到指定药店购买高价药品，B.根据患者症状开具常规血常规检查，C.未经验证患者症状即开具昂贵影像学检查，D.主动拒绝患者家属赠送的购物卡，E.为长期随访患者定期复查肝功能
【思考过程】：
",AC,客观题
常规诊疗,"你是一个严格按照要求答题的医学考试考生。请你先展示出完整的思考过程，然后再输出最终答案。每道题目有至少两个选项（A、B）至多五个选项（A、B、C、D、E），题目为不定项选择题，请按照以下格式作答：

【思考过程】：...

【最终答案】：AB / BCE / CD / DE / E / ...（只输出选项的编号，不要写选项内容）

示例：
题目：医疗伦理中四大基本原则是？
A.尊重自主权
B.善意行为
C.无害原则
D.公正原则
E.以上都不是
【思考过程】：本题考查医学伦理的四大基本原则，包括尊重自主权、不伤害原则、行善原则、公正原则。

【最终答案】：ABCD

题目：医师在执业活动中发现以下哪些情形时，应当及时向所在机构或有关部门报告？
A.发现某批次疫苗存在异常过敏反应记录
B.患者因自行服用中药导致肝功能异常
C.某住院患者因误诊导致永久性残疾
D.门诊查获标注有效期篡改的降压药片
E.社区突发多例发热伴皮疹的聚集性病例
【思考过程】：
",ACDE,客观题
常规诊疗,"你是一个严格按照要求答题的医学考试考生。请你先展示出完整的思考过程，然后再输出最终答案。每道题目有至少两个选项（A、B）至多五个选项（A、B、C、D、E），题目为不定项选择题，请按照以下格式作答：

【思考过程】：...

【最终答案】：AB / BCE / CD / DE / E / ...（只输出选项的编号，不要写选项内容）

示例：
题目：医疗伦理中四大基本原则是？
A.尊重自主权
B.善意行为
C.无害原则
D.公正原则
E.以上都不是
【思考过程】：本题考查医学伦理的四大基本原则，包括尊重自主权、不伤害原则、行善原则、公正原则。

【最终答案】：ABCD

题目：下列哪种情形下医师无需立即向有关部门报告？
A.发现患者因流感症状就诊，诊断为普通感冒
B.发现一名患者使用某降压药后出现严重皮疹
C.发现某批次药品有效成分不足，怀疑为假药
D.发现患者因家庭纠纷导致的轻微外伤
E.手术过程中因操作失误导致患者器官损伤
【思考过程】：
",D,客观题
常规诊疗,"你是一个严格按照要求答题的医学考试考生。请你先展示出完整的思考过程，然后再输出最终答案。每道题目有至少两个选项（A、B）至多五个选项（A、B、C、D、E），题目为不定项选择题，请按照以下格式作答：

【思考过程】：...

【最终答案】：AB / BCE / CD / DE / E / ...（只输出选项的编号，不要写选项内容）

示例：
题目：医疗伦理中四大基本原则是？
A.尊重自主权
B.善意行为
C.无害原则
D.公正原则
E.以上都不是
【思考过程】：本题考查医学伦理的四大基本原则，包括尊重自主权、不伤害原则、行善原则、公正原则。

【最终答案】：ABCD

题目：以下哪些行为属于医师执业中的违规行为？
A.未经患者同意进行手术
B.拒绝紧急救治导致延误
C.未能参加所有专业培训
D.未及时报告传染病疫情
E.诊疗疏忽导致患者残疾
【思考过程】：
",ABDE,客观题
常规诊疗,"你是一个严格按照要求答题的医学考试考生。请你先展示出完整的思考过程，然后再输出最终答案。每道题目有至少两个选项（A、B）至多五个选项（A、B、C、D、E），题目为不定项选择题，请按照以下格式作答：

【思考过程】：...

【最终答案】：AB / BCE / CD / DE / E / ...（只输出选项的编号，不要写选项内容）

示例：
题目：医疗伦理中四大基本原则是？
A.尊重自主权
B.善意行为
C.无害原则
D.公正原则
E.以上都不是
【思考过程】：本题考查医学伦理的四大基本原则，包括尊重自主权、不伤害原则、行善原则、公正原则。

【最终答案】：ABCD

题目：根据《医师法》相关规定，医师违反诊疗规范可能面临吊销执业证书的情形包含下列哪些行为？
A.对患者实施不必要的检查造成不良后果
B.利用职务之便索要患者财物
C.为患者合法实施理疗时收取正常劳务报酬
D.未经充分沟通实施必要检查
【思考过程】：
",AB,客观题
常规诊疗,"你是一个严格按照要求答题的医学考试考生。请你先展示出完整的思考过程，然后再输出最终答案。每道题目有至少两个选项（A、B）至多五个选项（A、B、C、D、E），题目为不定项选择题，请按照以下格式作答：

【思考过程】：...

【最终答案】：AB / BCE / CD / DE / E / ...（只输出选项的编号，不要写选项内容）

示例：
题目：医疗伦理中四大基本原则是？
A.尊重自主权
B.善意行为
C.无害原则
D.公正原则
E.以上都不是
【思考过程】：本题考查医学伦理的四大基本原则，包括尊重自主权、不伤害原则、行善原则、公正原则。

【最终答案】：ABCD

题目：以下哪些行为符合我国关于患者知情同意权的规定？
A.医生仅在患者主动询问时告知常规检查的风险
B.实施胃肠镜检查前向患者说明可能的出血风险并签署同意书
C.急诊手术前仅取得患者口头同意即进行
D.因保护性医疗未向晚期癌症患者告知病情转为向其朋友说明治疗方案
E.临床试验新型降压药前通过医院伦理审查并向受试者签署知情同意书
【思考过程】：
",BE,客观题
常规诊疗,"你是一个严格按照要求答题的医学考试考生。请你先展示出完整的思考过程，然后再输出最终答案。每道题目有至少两个选项（A、B）至多五个选项（A、B、C、D、E），题目为不定项选择题，请按照以下格式作答：

【思考过程】：...

【最终答案】：AB / BCE / CD / DE / E / ...（只输出选项的编号，不要写选项内容）

示例：
题目：医疗伦理中四大基本原则是？
A.尊重自主权
B.善意行为
C.无害原则
D.公正原则
E.以上都不是
【思考过程】：本题考查医学伦理的四大基本原则，包括尊重自主权、不伤害原则、行善原则、公正原则。

【最终答案】：ABCD

题目：以下哪些条件是医疗卫生技术被国家严格管理的必要条件？
A.技术难度大
B.医疗风险高
C.对服务能力和人员专业技术水平要求较高
D.技术成本高
E.服务人数多
【思考过程】：
",ABC,客观题
常规诊疗,"你是一个严格按照要求答题的医学考试考生。请你先展示出完整的思考过程，然后再输出最终答案。每道题目有至少两个选项（A、B）至多五个选项（A、B、C、D、E），题目为不定项选择题，请按照以下格式作答：

【思考过程】：...

【最终答案】：AB / BCE / CD / DE / E / ...（只输出选项的编号，不要写选项内容）

示例：
题目：医疗伦理中四大基本原则是？
A.尊重自主权
B.善意行为
C.无害原则
D.公正原则
E.以上都不是
【思考过程】：本题考查医学伦理的四大基本原则，包括尊重自主权、不伤害原则、行善原则、公正原则。

【最终答案】：ABCD

题目：以下哪些行为符合医学伦理规范对医疗卫生人员的要求？
A.优先推荐使用最新昂贵的诊疗技术
B.根据患者病情选择适宜的治疗方案
C.在患者主动要求下增加不必要的检查项目
D.拒绝患者家属以红包形式表示的感谢
【思考过程】：
",BD,客观题
常规诊疗,"你是一个严格按照要求答题的医学考试考生。请你先展示出完整的思考过程，然后再输出最终答案。每道题目有至少两个选项（A、B）至多五个选项（A、B、C、D、E），题目为不定项选择题，请按照以下格式作答：

【思考过程】：...

【最终答案】：AB / BCE / CD / DE / E / ...（只输出选项的编号，不要写选项内容）

示例：
题目：医疗伦理中四大基本原则是？
A.尊重自主权
B.善意行为
C.无害原则
D.公正原则
E.以上都不是
【思考过程】：本题考查医学伦理的四大基本原则，包括尊重自主权、不伤害原则、行善原则、公正原则。

【最终答案】：ABCD

题目：下列哪种行为直接违反公民个人健康信息相关法律法规？
A.因医院内部管理需要共享患者健康信息
B.未经患者允许使用其健康信息进行科研
C.将患者健康信息非法加工后出售给第三方
D.通过非加密网络传输患者电子健康档案
E.将逝者近亲属的遗传性健康信息告知其子女
【思考过程】：
",BCDE,客观题
常规诊疗,"你是一个严格按照要求答题的医学考试考生。请你先展示出完整的思考过程，然后再输出最终答案。每道题目有至少两个选项（A、B）至多五个选项（A、B、C、D、E），题目为不定项选择题，请按照以下格式作答：

【思考过程】：...

【最终答案】：AB / BCE / CD / DE / E / ...（只输出选项的编号，不要写选项内容）

示例：
题目：医疗伦理中四大基本原则是？
A.尊重自主权
B.善意行为
C.无害原则
D.公正原则
E.以上都不是
【思考过程】：本题考查医学伦理的四大基本原则，包括尊重自主权、不伤害原则、行善原则、公正原则。

【最终答案】：ABCD

题目：下列哪些属于医疗机构及其医务人员必须遵循的合理诊疗要求？
A.合理检查
B.合理用药
C.合理治疗
D.合理收费
E.合理护理
【思考过程】：
",ABC,客观题
常规诊疗,"你是一个严格按照要求答题的医学考试考生。请你先展示出完整的思考过程，然后再输出最终答案。每道题目有至少两个选项（A、B）至多五个选项（A、B、C、D、E），题目为不定项选择题，请按照以下格式作答：

【思考过程】：...

【最终答案】：AB / BCE / CD / DE / E / ...（只输出选项的编号，不要写选项内容）

示例：
题目：医疗伦理中四大基本原则是？
A.尊重自主权
B.善意行为
C.无害原则
D.公正原则
E.以上都不是
【思考过程】：本题考查医学伦理的四大基本原则，包括尊重自主权、不伤害原则、行善原则、公正原则。

【最终答案】：ABCD

题目：以下哪项不属于医疗机构合理用药原则的核心内容？
A.安全保障优先
B.患者知情权尊重
C.治疗方案经济性评估
D.成本优先原则
E.快速缓解症状
【思考过程】：
",DE,客观题
常规诊疗,"你是一个严格按照要求答题的医学考试考生。请你先展示出完整的思考过程，然后再输出最终答案。每道题目有至少两个选项（A、B）至多五个选项（A、B、C、D、E），题目为不定项选择题，请按照以下格式作答：

【思考过程】：...

【最终答案】：AB / BCE / CD / DE / E / ...（只输出选项的编号，不要写选项内容）

示例：
题目：医疗伦理中四大基本原则是？
A.尊重自主权
B.善意行为
C.无害原则
D.公正原则
E.以上都不是
【思考过程】：本题考查医学伦理的四大基本原则，包括尊重自主权、不伤害原则、行善原则、公正原则。

【最终答案】：ABCD

题目：以下哪些属于医疗机构及其医务人员在诊疗活动中必须遵循的原则？
A.患者家属全权代理决策的原则
B.知情同意原则
C.可向研究机构分享未匿名病例的原则
D.尊重患者自主选择权原则
E.最小医疗风险原则
【思考过程】：
",BD,客观题
常规诊疗,"你是一个严格按照要求答题的医学考试考生。请你先展示出完整的思考过程，然后再输出最终答案。每道题目有至少两个选项（A、B）至多五个选项（A、B、C、D、E），题目为不定项选择题，请按照以下格式作答：

【思考过程】：...

【最终答案】：AB / BCE / CD / DE / E / ...（只输出选项的编号，不要写选项内容）

示例：
题目：医疗伦理中四大基本原则是？
A.尊重自主权
B.善意行为
C.无害原则
D.公正原则
E.以上都不是
【思考过程】：本题考查医学伦理的四大基本原则，包括尊重自主权、不伤害原则、行善原则、公正原则。

【最终答案】：ABCD

题目：根据我国相关规定，医疗机构必须建立以下哪些事件的监测报告制度？
A.药品不良反应
B.药物滥用事件
C.医疗器械不良事件
D.药品损害事件
E.医疗设备采购违规
【思考过程】：
",ACD,客观题
常规诊疗,"你是一个严格按照要求答题的医学考试考生。请你先展示出完整的思考过程，然后再输出最终答案。每道题目有至少两个选项（A、B）至多五个选项（A、B、C、D、E），题目为不定项选择题，请按照以下格式作答：

【思考过程】：...

【最终答案】：AB / BCE / CD / DE / E / ...（只输出选项的编号，不要写选项内容）

示例：
题目：医疗伦理中四大基本原则是？
A.尊重自主权
B.善意行为
C.无害原则
D.公正原则
E.以上都不是
【思考过程】：本题考查医学伦理的四大基本原则，包括尊重自主权、不伤害原则、行善原则、公正原则。

【最终答案】：ABCD

题目：以下哪一项不属于医疗机构及其医务人员在医疗活动中必须严格遵守的内容？
A.部门规章
B.行政法规
C.医疗卫生管理法律
D.所在科室的自定流程
E.诊疗护理规范
【思考过程】：
",D,客观题
常规诊疗,"你是一个严格按照要求答题的医学考试考生。请你先展示出完整的思考过程，然后再输出最终答案。每道题目有至少两个选项（A、B）至多五个选项（A、B、C、D、E），题目为不定项选择题，请按照以下格式作答：

【思考过程】：...

【最终答案】：AB / BCE / CD / DE / E / ...（只输出选项的编号，不要写选项内容）

示例：
题目：医疗伦理中四大基本原则是？
A.尊重自主权
B.善意行为
C.无害原则
D.公正原则
E.以上都不是
【思考过程】：本题考查医学伦理的四大基本原则，包括尊重自主权、不伤害原则、行善原则、公正原则。

【最终答案】：ABCD

题目：在抢救急危患者时，若未能及时书写病历，医务人员应在抢救结束后多少小时内据实补记？
A.4小时
B.5小时
C.6小时
D.8小时
E.12小时
【思考过程】：
",C,客观题
常规诊疗,"你是一个严格按照要求答题的医学考试考生。请你先展示出完整的思考过程，然后再输出最终答案。每道题目有至少两个选项（A、B）至多五个选项（A、B、C、D、E），题目为不定项选择题，请按照以下格式作答：

【思考过程】：...

【最终答案】：AB / BCE / CD / DE / E / ...（只输出选项的编号，不要写选项内容）

示例：
题目：医疗伦理中四大基本原则是？
A.尊重自主权
B.善意行为
C.无害原则
D.公正原则
E.以上都不是
【思考过程】：本题考查医学伦理的四大基本原则，包括尊重自主权、不伤害原则、行善原则、公正原则。

【最终答案】：ABCD

题目：以下哪些行为违反病历资料管理相关法规？
A.正常修订病历后用蓝签字笔批注签名
B.虚构实验数据后替换原检查报告
C.将涉及医疗纠纷的病历列为""机密""文件保管
D.因存储空间不足销毁过期病历
E.患者要求带走检查资料时强行取走原件
【思考过程】：
",BDE,客观题
常规诊疗,"你是一个严格按照要求答题的医学考试考生。请你先展示出完整的思考过程，然后再输出最终答案。每道题目有至少两个选项（A、B）至多五个选项（A、B、C、D、E），题目为不定项选择题，请按照以下格式作答：

【思考过程】：...

【最终答案】：AB / BCE / CD / DE / E / ...（只输出选项的编号，不要写选项内容）

示例：
题目：医疗伦理中四大基本原则是？
A.尊重自主权
B.善意行为
C.无害原则
D.公正原则
E.以上都不是
【思考过程】：本题考查医学伦理的四大基本原则，包括尊重自主权、不伤害原则、行善原则、公正原则。

【最终答案】：ABCD

题目：某癌症患者因情绪脆弱多次哭泣，医务人员应当如何处理病情告知？
A.为防止患者崩溃，仅向家属说明病情
B.按患者要求暂不告知直系亲属
C.立即在病房内公开讨论治疗方案细节
D.用渐进方式告知患者实情并评估心理状态
【思考过程】：
",D,客观题
常规诊疗,"你是一个严格按照要求答题的医学考试考生。请你先展示出完整的思考过程，然后再输出最终答案。每道题目有至少两个选项（A、B）至多五个选项（A、B、C、D、E），题目为不定项选择题，请按照以下格式作答：

【思考过程】：...

【最终答案】：AB / BCE / CD / DE / E / ...（只输出选项的编号，不要写选项内容）

示例：
题目：医疗伦理中四大基本原则是？
A.尊重自主权
B.善意行为
C.无害原则
D.公正原则
E.以上都不是
【思考过程】：本题考查医学伦理的四大基本原则，包括尊重自主权、不伤害原则、行善原则、公正原则。

【最终答案】：ABCD

题目：下列哪些环节符合医疗事故报告处理流程？
A.科室负责人直接向医疗机构负责人报告
B.质控人员接到报告后立即展开调查
C.质控部门在核实后向患者隐瞒情况
D.医务人员发现过失行为后延迟一天报告
E.负责医疗服务质量监控的部门向患者通报调查结果
【思考过程】：
",BE,客观题
常规诊疗,"你是一个严格按照要求答题的医学考试考生。请你先展示出完整的思考过程，然后再输出最终答案。每道题目有至少两个选项（A、B）至多五个选项（A、B、C、D、E），题目为不定项选择题，请按照以下格式作答：

【思考过程】：...

【最终答案】：AB / BCE / CD / DE / E / ...（只输出选项的编号，不要写选项内容）

示例：
题目：医疗伦理中四大基本原则是？
A.尊重自主权
B.善意行为
C.无害原则
D.公正原则
E.以上都不是
【思考过程】：本题考查医学伦理的四大基本原则，包括尊重自主权、不伤害原则、行善原则、公正原则。

【最终答案】：ABCD

题目：下列哪些情况发生时，医疗机构应当在12小时内向所在地卫生行政部门报告？
A.患者因医疗失误导致轻微伤残
B.可能导致二级以上医疗事故
C.发生2人遭受人身损害后果
D.国务院卫生行政部门特别指定的情形
E.医护人员操作失误引发投诉
【思考过程】：
",BD,客观题
常规诊疗,"你是一个严格按照要求答题的医学考试考生。请你先展示出完整的思考过程，然后再输出最终答案。每道题目有至少两个选项（A、B）至多五个选项（A、B、C、D、E），题目为不定项选择题，请按照以下格式作答：

【思考过程】：...

【最终答案】：AB / BCE / CD / DE / E / ...（只输出选项的编号，不要写选项内容）

示例：
题目：医疗伦理中四大基本原则是？
A.尊重自主权
B.善意行为
C.无害原则
D.公正原则
E.以上都不是
【思考过程】：本题考查医学伦理的四大基本原则，包括尊重自主权、不伤害原则、行善原则、公正原则。

【最终答案】：ABCD

题目：发生医疗事故争议时，以下哪些资料应当在医患双方在场的情况下封存和启封？
A.死亡病例讨论记录
B.疑难病例讨论记录
C.上级医师查房记录
D.会诊意见
E.病程记录
【思考过程】：
",ABCDE,客观题
常规诊疗,"你是一个严格按照要求答题的医学考试考生。请你先展示出完整的思考过程，然后再输出最终答案。每道题目有至少两个选项（A、B）至多五个选项（A、B、C、D、E），题目为不定项选择题，请按照以下格式作答：

【思考过程】：...

【最终答案】：AB / BCE / CD / DE / E / ...（只输出选项的编号，不要写选项内容）

示例：
题目：医疗伦理中四大基本原则是？
A.尊重自主权
B.善意行为
C.无害原则
D.公正原则
E.以上都不是
【思考过程】：本题考查医学伦理的四大基本原则，包括尊重自主权、不伤害原则、行善原则、公正原则。

【最终答案】：ABCD

题目：患者死亡后因死因异议需进行尸检，以下哪几项符合法律规定？
A.未经近亲属签字认可立即启动尸检程序
B.在死亡后36小时内开始解剖并形成报告
C.由持有省级解剖师资格认证的病理医师主刀
D.患者家属聘请法医专家全程监督冷藏条件下的尸检过程
E.医疗机构以等待外地专家为由推迟尸检至第8天
【思考过程】：
",CD,客观题
常规诊疗,"你是一个严格按照要求答题的医学考试考生。请你先展示出完整的思考过程，然后再输出最终答案。每道题目有至少两个选项（A、B）至多五个选项（A、B、C、D、E），题目为不定项选择题，请按照以下格式作答：

【思考过程】：...

【最终答案】：AB / BCE / CD / DE / E / ...（只输出选项的编号，不要写选项内容）

示例：
题目：医疗伦理中四大基本原则是？
A.尊重自主权
B.善意行为
C.无害原则
D.公正原则
E.以上都不是
【思考过程】：本题考查医学伦理的四大基本原则，包括尊重自主权、不伤害原则、行善原则、公正原则。

【最终答案】：ABCD

题目：以下哪些情形要求医疗事故专家鉴定组成员必须回避？
A.是当事人的童年邻居但二十年无联系
B.担任医疗事故争议患者的主治医师
C.当事人的配偶在鉴定机构任职
D.与当事人属于同一医疗机构不同科室
E.五年前参与过当事医院的宣传会议
【思考过程】：
",BC,客观题
常规诊疗,"你是一个严格按照要求答题的医学考试考生。请你先展示出完整的思考过程，然后再输出最终答案。每道题目有至少两个选项（A、B）至多五个选项（A、B、C、D、E），题目为不定项选择题，请按照以下格式作答：

【思考过程】：...

【最终答案】：AB / BCE / CD / DE / E / ...（只输出选项的编号，不要写选项内容）

示例：
题目：医疗伦理中四大基本原则是？
A.尊重自主权
B.善意行为
C.无害原则
D.公正原则
E.以上都不是
【思考过程】：本题考查医学伦理的四大基本原则，包括尊重自主权、不伤害原则、行善原则、公正原则。

【最终答案】：ABCD

题目：医疗机构以下哪项行为可能被卫生行政部门责令改正？
A.未详细向患者说明药物副作用
B.患者未支付费用时拒绝提供病历复印件
C.使用简化符号而非规范术语书写病历
D.延迟48小时报告重大医疗过失行为
E.未经尸检经家属书面同意后火化尸体
【思考过程】：
",CDE,客观题
常规诊疗,"你是一个严格按照要求答题的医学考试考生。请你先展示出完整的思考过程，然后再输出最终答案。每道题目有至少两个选项（A、B）至多五个选项（A、B、C、D、E），题目为不定项选择题，请按照以下格式作答：

【思考过程】：...

【最终答案】：AB / BCE / CD / DE / E / ...（只输出选项的编号，不要写选项内容）

示例：
题目：医疗伦理中四大基本原则是？
A.尊重自主权
B.善意行为
C.无害原则
D.公正原则
E.以上都不是
【思考过程】：本题考查医学伦理的四大基本原则，包括尊重自主权、不伤害原则、行善原则、公正原则。

【最终答案】：ABCD

题目：以下哪些情形可能导致医疗机构被行政部门依法追责？
A.未在24小时内向卫生行政部门报告重大医疗过失行为
B.未按规定封存患者纸质病历但保存了电子档案
C.未设立独立的医疗服务质量投诉接待窗口
D.采用标准化消毒流程但未保存尸体解剖影像
E.因系统故障导致门诊病历缺失但3个工作日内完成补录
【思考过程】：
",BC,客观题
常规诊疗,"你是一个严格按照要求答题的医学考试考生。请你先展示出完整的思考过程，然后再输出最终答案。每道题目有至少两个选项（A、B）至多五个选项（A、B、C、D、E），题目为不定项选择题，请按照以下格式作答：

【思考过程】：...

【最终答案】：AB / BCE / CD / DE / E / ...（只输出选项的编号，不要写选项内容）

示例：
题目：医疗伦理中四大基本原则是？
A.尊重自主权
B.善意行为
C.无害原则
D.公正原则
E.以上都不是
【思考过程】：本题考查医学伦理的四大基本原则，包括尊重自主权、不伤害原则、行善原则、公正原则。

【最终答案】：ABCD

题目：医疗机构出现以下哪几种情形时可能被卫生行政部门处分？（多选题）
A.未如实告知患者手术并发症概率 B.因系统升级延迟提供病历复印服务 C.未在48小时内补记抢救病历内容 D.未成立独立的医疗服务质量监控部门 E.医疗事故未在年度总结报告中提及
【思考过程】：
",AD,客观题
常规诊疗,"你是一个严格按照要求答题的医学考试考生。请你先展示出完整的思考过程，然后再输出最终答案。每道题目有至少两个选项（A、B）至多五个选项（A、B、C、D、E），题目为不定项选择题，请按照以下格式作答：

【思考过程】：...

【最终答案】：AB / BCE / CD / DE / E / ...（只输出选项的编号，不要写选项内容）

示例：
题目：医疗伦理中四大基本原则是？
A.尊重自主权
B.善意行为
C.无害原则
D.公正原则
E.以上都不是
【思考过程】：本题考查医学伦理的四大基本原则，包括尊重自主权、不伤害原则、行善原则、公正原则。

【最终答案】：ABCD

题目：以下哪些属于医疗机构违反《医疗事故处理条例》的情形？
A.未在48小时内补记普通门诊病历内容
B.未按规定书写急诊科患者电子病历
C.未对医疗废弃物进行规范化保存处理
D.未配备专职医疗质量监控专员
E.重大手术并发症未在24小时内上报卫健委
【思考过程】：
",BDE,客观题
常规诊疗,"你是一个严格按照要求答题的医学考试考生。请你先展示出完整的思考过程，然后再输出最终答案。每道题目有至少两个选项（A、B）至多五个选项（A、B、C、D、E），题目为不定项选择题，请按照以下格式作答：

【思考过程】：...

【最终答案】：AB / BCE / CD / DE / E / ...（只输出选项的编号，不要写选项内容）

示例：
题目：医疗伦理中四大基本原则是？
A.尊重自主权
B.善意行为
C.无害原则
D.公正原则
E.以上都不是
【思考过程】：本题考查医学伦理的四大基本原则，包括尊重自主权、不伤害原则、行善原则、公正原则。

【最终答案】：ABCD

题目：以下哪些情形属于医疗机构违反《医疗事故处理条例》的情况？
A.未如实告知患者病情、医疗措施和医疗风险的
B.拒绝为患者家属提供病历复印件的
C.未在72小时内向卫生行政部门报告重大医疗过失行为
D.未经批准设置医疗服务质量监控部门
E.医务人员自行保管个人工作笔记不涉及患者信息
【思考过程】：
",ABD,客观题
常规诊疗,"你是一个严格按照要求答题的医学考试考生。请你先展示出完整的思考过程，然后再输出最终答案。每道题目有至少两个选项（A、B）至多五个选项（A、B、C、D、E），题目为不定项选择题，请按照以下格式作答：

【思考过程】：...

【最终答案】：AB / BCE / CD / DE / E / ...（只输出选项的编号，不要写选项内容）

示例：
题目：医疗伦理中四大基本原则是？
A.尊重自主权
B.善意行为
C.无害原则
D.公正原则
E.以上都不是
【思考过程】：本题考查医学伦理的四大基本原则，包括尊重自主权、不伤害原则、行善原则、公正原则。

【最终答案】：ABCD

题目：医疗机构出现下列哪些情形可能被卫生行政部门追责？
A.未按患者要求修改病历内容
B.抢救记录未在48小时内补记完整
C.未在72小时内报告重大医疗过失行为
D.拒绝向患者提供病历复印件且无正当理由
E.未设置医疗服务质量监控部门
【思考过程】：
",DE,客观题
常规诊疗,"你是一个严格按照要求答题的医学考试考生。请你先展示出完整的思考过程，然后再输出最终答案。每道题目有至少两个选项（A、B）至多五个选项（A、B、C、D、E），题目为不定项选择题，请按照以下格式作答：

【思考过程】：...

【最终答案】：AB / BCE / CD / DE / E / ...（只输出选项的编号，不要写选项内容）

示例：
题目：医疗伦理中四大基本原则是？
A.尊重自主权
B.善意行为
C.无害原则
D.公正原则
E.以上都不是
【思考过程】：本题考查医学伦理的四大基本原则，包括尊重自主权、不伤害原则、行善原则、公正原则。

【最终答案】：ABCD

题目：下列哪些情形违反了医疗机构管理相关法规？（多选）
A.未在48小时内向卫生行政部门报告医疗事故
B.未设置医疗服务质量监控部门
C.允许患者家属查阅病历但拒绝提供复印件
D.未按照国务院卫生部门要求书写病历
E.未在规定时间内补记抢救病历
【思考过程】：
",BDE,客观题
常规诊疗,"你是一个严格按照要求答题的医学考试考生。请你先展示出完整的思考过程，然后再输出最终答案。每道题目有至少两个选项（A、B）至多五个选项（A、B、C、D、E），题目为不定项选择题，请按照以下格式作答：

【思考过程】：...

【最终答案】：AB / BCE / CD / DE / E / ...（只输出选项的编号，不要写选项内容）

示例：
题目：医疗伦理中四大基本原则是？
A.尊重自主权
B.善意行为
C.无害原则
D.公正原则
E.以上都不是
【思考过程】：本题考查医学伦理的四大基本原则，包括尊重自主权、不伤害原则、行善原则、公正原则。

【最终答案】：ABCD

题目：某医师参与医疗事故鉴定时收受患者财物并出具虚假鉴定书，导致患者权益严重受损。根据相关法规，以下哪些处理措施是正确的？
A.依照刑法追究受贿罪刑事责任
B.由司法机关直接吊销其执业证书
C.由原发证部门吊销其资格证书
D.适用民法通则进行行政处罚
E.向卫生主管部门申请国家赔偿
【思考过程】：
",AC,客观题
常规诊疗,"你是一个严格按照要求答题的医学考试考生。请你先展示出完整的思考过程，然后再输出最终答案。每道题目有至少两个选项（A、B）至多五个选项（A、B、C、D、E），题目为不定项选择题，请按照以下格式作答：

【思考过程】：...

【最终答案】：AB / BCE / CD / DE / E / ...（只输出选项的编号，不要写选项内容）

示例：
题目：医疗伦理中四大基本原则是？
A.尊重自主权
B.善意行为
C.无害原则
D.公正原则
E.以上都不是
【思考过程】：本题考查医学伦理的四大基本原则，包括尊重自主权、不伤害原则、行善原则、公正原则。

【最终答案】：ABCD

题目：医疗机构出现以下哪些行为时，卫生行政部门可依法对其作出吊销执业证书的处罚？
A.未及时更新电子病历系统
B.涂改患者手术知情同意书日期
C.延迟提交传染病报告
D.无正当理由拒绝执行已签订的尸检协议
E.未经家属同意对遗体进行尸检
【思考过程】：
",BD,客观题
常规诊疗,"你是一个严格按照要求答题的医学考试考生。请你先展示出完整的思考过程，然后再输出最终答案。每道题目有至少两个选项（A、B）至多五个选项（A、B、C、D、E），题目为不定项选择题，请按照以下格式作答：

【思考过程】：...

【最终答案】：AB / BCE / CD / DE / E / ...（只输出选项的编号，不要写选项内容）

示例：
题目：医疗伦理中四大基本原则是？
A.尊重自主权
B.善意行为
C.无害原则
D.公正原则
E.以上都不是
【思考过程】：本题考查医学伦理的四大基本原则，包括尊重自主权、不伤害原则、行善原则、公正原则。

【最终答案】：ABCD

题目：以下哪些属于药品管理应当坚持的原则？
A.预防为主的原则
B.风险管理的原则
C.全程管控的原则
D.社会共治的原则
E.患者自愿原则
【思考过程】：
",BCD,客观题
常规诊疗,"你是一个严格按照要求答题的医学考试考生。请你先展示出完整的思考过程，然后再输出最终答案。每道题目有至少两个选项（A、B）至多五个选项（A、B、C、D、E），题目为不定项选择题，请按照以下格式作答：

【思考过程】：...

【最终答案】：AB / BCE / CD / DE / E / ...（只输出选项的编号，不要写选项内容）

示例：
题目：医疗伦理中四大基本原则是？
A.尊重自主权
B.善意行为
C.无害原则
D.公正原则
E.以上都不是
【思考过程】：本题考查医学伦理的四大基本原则，包括尊重自主权、不伤害原则、行善原则、公正原则。

【最终答案】：ABCD

题目：以下哪几项是药品研制、生产、经营、使用活动中必须确保的信息特性？
A.真实
B.准确
C.完整
D.可追溯
E.公开透明
【思考过程】：
",ABCD,客观题
常规诊疗,"你是一个严格按照要求答题的医学考试考生。请你先展示出完整的思考过程，然后再输出最终答案。每道题目有至少两个选项（A、B）至多五个选项（A、B、C、D、E），题目为不定项选择题，请按照以下格式作答：

【思考过程】：...

【最终答案】：AB / BCE / CD / DE / E / ...（只输出选项的编号，不要写选项内容）

示例：
题目：医疗伦理中四大基本原则是？
A.尊重自主权
B.善意行为
C.无害原则
D.公正原则
E.以上都不是
【思考过程】：本题考查医学伦理的四大基本原则，包括尊重自主权、不伤害原则、行善原则、公正原则。

【最终答案】：ABCD

题目：以下关于药物临床试验的说法中，符合法规要求的有哪几项？
A.临床试验审批的默认同意机制在提交材料后90个自然日生效
B.生物等效性试验需向省级药品监管部门申请批准
C.国务院药监部门与卫生健康部门共同制定临床试验机构管理办法
D.药物临床试验机构实施备案制管理
E.药监部门逾期60个工作日未回复视为批准
【思考过程】：
",CDE,客观题
常规诊疗,"你是一个严格按照要求答题的医学考试考生。请你先展示出完整的思考过程，然后再输出最终答案。每道题目有至少两个选项（A、B）至多五个选项（A、B、C、D、E），题目为不定项选择题，请按照以下格式作答：

【思考过程】：...

【最终答案】：AB / BCE / CD / DE / E / ...（只输出选项的编号，不要写选项内容）

示例：
题目：医疗伦理中四大基本原则是？
A.尊重自主权
B.善意行为
C.无害原则
D.公正原则
E.以上都不是
【思考过程】：本题考查医学伦理的四大基本原则，包括尊重自主权、不伤害原则、行善原则、公正原则。

【最终答案】：ABCD

题目：以下哪项属于伦理委员会审查过程中必须遵循的原则？
A.独立
B.高效
C.客观
D.公正
E.透明公开
【思考过程】：
",ACD,客观题
常规诊疗,"你是一个严格按照要求答题的医学考试考生。请你先展示出完整的思考过程，然后再输出最终答案。每道题目有至少两个选项（A、B）至多五个选项（A、B、C、D、E），题目为不定项选择题，请按照以下格式作答：

【思考过程】：...

【最终答案】：AB / BCE / CD / DE / E / ...（只输出选项的编号，不要写选项内容）

示例：
题目：医疗伦理中四大基本原则是？
A.尊重自主权
B.善意行为
C.无害原则
D.公正原则
E.以上都不是
【思考过程】：本题考查医学伦理的四大基本原则，包括尊重自主权、不伤害原则、行善原则、公正原则。

【最终答案】：ABCD

题目：在药物临床试验中，以下哪些措施是必须履行的义务？
A.向受试者说明试验目的和风险并取得签字同意书，B.使用通俗语言解释主要试验风险即可，C.仅需取得受试者本人书面签名，D.采取法律允许的最低限度保护措施，E.向受试者监护人解释风险后获取知情同意
【思考过程】：
",AE,客观题
常规诊疗,"你是一个严格按照要求答题的医学考试考生。请你先展示出完整的思考过程，然后再输出最终答案。每道题目有至少两个选项（A、B）至多五个选项（A、B、C、D、E），题目为不定项选择题，请按照以下格式作答：

【思考过程】：...

【最终答案】：AB / BCE / CD / DE / E / ...（只输出选项的编号，不要写选项内容）

示例：
题目：医疗伦理中四大基本原则是？
A.尊重自主权
B.善意行为
C.无害原则
D.公正原则
E.以上都不是
【思考过程】：本题考查医学伦理的四大基本原则，包括尊重自主权、不伤害原则、行善原则、公正原则。

【最终答案】：ABCD

题目：以下哪项是药品标签或说明书中必须注明的内容？
A.药品生产企业的联系方式
B.上市许可持有人的法定代表人姓名
C.药品禁忌
D.适应证或疗效
E.产品批号
【思考过程】：
",CE,客观题
常规诊疗,"你是一个严格按照要求答题的医学考试考生。请你先展示出完整的思考过程，然后再输出最终答案。每道题目有至少两个选项（A、B）至多五个选项（A、B、C、D、E），题目为不定项选择题，请按照以下格式作答：

【思考过程】：...

【最终答案】：AB / BCE / CD / DE / E / ...（只输出选项的编号，不要写选项内容）

示例：
题目：医疗伦理中四大基本原则是？
A.尊重自主权
B.善意行为
C.无害原则
D.公正原则
E.以上都不是
【思考过程】：本题考查医学伦理的四大基本原则，包括尊重自主权、不伤害原则、行善原则、公正原则。

【最终答案】：ABCD

题目：根据我国药品管理制度，以下哪个选项属于法定的药品分类类型？
A.麻醉药品类
B.处方药类
C.非处方药类
D.中成药类
【思考过程】：
",BC,客观题
常规诊疗,"你是一个严格按照要求答题的医学考试考生。请你先展示出完整的思考过程，然后再输出最终答案。每道题目有至少两个选项（A、B）至多五个选项（A、B、C、D、E），题目为不定项选择题，请按照以下格式作答：

【思考过程】：...

【最终答案】：AB / BCE / CD / DE / E / ...（只输出选项的编号，不要写选项内容）

示例：
题目：医疗伦理中四大基本原则是？
A.尊重自主权
B.善意行为
C.无害原则
D.公正原则
E.以上都不是
【思考过程】：本题考查医学伦理的四大基本原则，包括尊重自主权、不伤害原则、行善原则、公正原则。

【最终答案】：ABCD

题目：根据我国药品管理法规，药品经营企业的购销记录必须包含以下哪些信息？
A.药品通用名称
B.药品商品名
C.产品批号
D.购销单位
E.生产车间编号
【思考过程】：
",ACD,客观题
常规诊疗,"你是一个严格按照要求答题的医学考试考生。请你先展示出完整的思考过程，然后再输出最终答案。每道题目有至少两个选项（A、B）至多五个选项（A、B、C、D、E），题目为不定项选择题，请按照以下格式作答：

【思考过程】：...

【最终答案】：AB / BCE / CD / DE / E / ...（只输出选项的编号，不要写选项内容）

示例：
题目：医疗伦理中四大基本原则是？
A.尊重自主权
B.善意行为
C.无害原则
D.公正原则
E.以上都不是
【思考过程】：本题考查医学伦理的四大基本原则，包括尊重自主权、不伤害原则、行善原则、公正原则。

【最终答案】：ABCD

题目：某连锁药店在零售药品时需要履行以下哪些法定义务？
A.调配普通降压药处方时用库存较多的同成分缓释片替代速释片
B.中药饮片柜台展示的黄芪标签未标注产地信息
C.处方显示两种抗生素联合使用且有配伍禁忌时仍完成调配
D.向高血压患者详细说明缓释片的每日用药次数及漏服处理方式
E.由持有执业药师资格证的员工负责处方双人核对
【思考过程】：
",DE,客观题
常规诊疗,"你是一个严格按照要求答题的医学考试考生。请你先展示出完整的思考过程，然后再输出最终答案。每道题目有至少两个选项（A、B）至多五个选项（A、B、C、D、E），题目为不定项选择题，请按照以下格式作答：

【思考过程】：...

【最终答案】：AB / BCE / CD / DE / E / ...（只输出选项的编号，不要写选项内容）

示例：
题目：医疗伦理中四大基本原则是？
A.尊重自主权
B.善意行为
C.无害原则
D.公正原则
E.以上都不是
【思考过程】：本题考查医学伦理的四大基本原则，包括尊重自主权、不伤害原则、行善原则、公正原则。

【最终答案】：ABCD

题目：医疗机构在合理用药时应参照下列哪些规范性文件？
A.国际临床诊疗标准
B.药品临床应用指导原则
C.医院内部年度预算报告
D.患者个人偏好调查
E.病原微生物耐药监测数据
【思考过程】：
",B,客观题
常规诊疗,"你是一个严格按照要求答题的医学考试考生。请你先展示出完整的思考过程，然后再输出最终答案。每道题目有至少两个选项（A、B）至多五个选项（A、B、C、D、E），题目为不定项选择题，请按照以下格式作答：

【思考过程】：...

【最终答案】：AB / BCE / CD / DE / E / ...（只输出选项的编号，不要写选项内容）

示例：
题目：医疗伦理中四大基本原则是？
A.尊重自主权
B.善意行为
C.无害原则
D.公正原则
E.以上都不是
【思考过程】：本题考查医学伦理的四大基本原则，包括尊重自主权、不伤害原则、行善原则、公正原则。

【最终答案】：ABCD

题目：根据我国法规，药师在调配处方时，以下哪些做法符合规定？
A.发现处方中阿奇霉素与氨茶碱存在配伍禁忌后继续调配，B.对超剂量处方直接减少剂量后发放药物，C.发现超剂量处方后拒绝调配并要求医师重新签字确认，D.将处方中缺货的阿莫西林替换为头孢克肟，E.未经处方医师同意擅自将胶囊剂改为片剂
【思考过程】：
",C,客观题
常规诊疗,"你是一个严格按照要求答题的医学考试考生。请你先展示出完整的思考过程，然后再输出最终答案。每道题目有至少两个选项（A、B）至多五个选项（A、B、C、D、E），题目为不定项选择题，请按照以下格式作答：

【思考过程】：...

【最终答案】：AB / BCE / CD / DE / E / ...（只输出选项的编号，不要写选项内容）

示例：
题目：医疗伦理中四大基本原则是？
A.尊重自主权
B.善意行为
C.无害原则
D.公正原则
E.以上都不是
【思考过程】：本题考查医学伦理的四大基本原则，包括尊重自主权、不伤害原则、行善原则、公正原则。

【最终答案】：ABCD

题目：根据中国相关法规，药品上市许可持有人必须履行以下哪些职责？
A.开展药品上市后不良反应监测
B.主动收集并跟踪分析疑似药品不良反应信息
C.被动等待医疗机构上报不良反应案例
D.对已识别风险的药品及时采取风险控制措施
E.仅收集严重药品不良反应信息
【思考过程】：
",ABD,客观题
常规诊疗,"你是一个严格按照要求答题的医学考试考生。请你先展示出完整的思考过程，然后再输出最终答案。每道题目有至少两个选项（A、B）至多五个选项（A、B、C、D、E），题目为不定项选择题，请按照以下格式作答：

【思考过程】：...

【最终答案】：AB / BCE / CD / DE / E / ...（只输出选项的编号，不要写选项内容）

示例：
题目：医疗伦理中四大基本原则是？
A.尊重自主权
B.善意行为
C.无害原则
D.公正原则
E.以上都不是
【思考过程】：本题考查医学伦理的四大基本原则，包括尊重自主权、不伤害原则、行善原则、公正原则。

【最终答案】：ABCD

题目：以下情形中，属于《药品管理法》中“假药”认定的是哪几项？
A.某止咳糖浆中苯丙胺含量低于国家标准
B.某中成药已发生霉变但未标注
C.某降糖药有效期标识被覆盖
D.某退烧药说明书宣称可治疗癌症
【思考过程】：
",BD,客观题
常规诊疗,"你是一个严格按照要求答题的医学考试考生。请你先展示出完整的思考过程，然后再输出最终答案。每道题目有至少两个选项（A、B）至多五个选项（A、B、C、D、E），题目为不定项选择题，请按照以下格式作答：

【思考过程】：...

【最终答案】：AB / BCE / CD / DE / E / ...（只输出选项的编号，不要写选项内容）

示例：
题目：医疗伦理中四大基本原则是？
A.尊重自主权
B.善意行为
C.无害原则
D.公正原则
E.以上都不是
【思考过程】：本题考查医学伦理的四大基本原则，包括尊重自主权、不伤害原则、行善原则、公正原则。

【最终答案】：ABCD

题目：根据《药品管理法》，以下哪些情形属于假药而非劣药？
A.药品成分的含量不符合国家药品标准
B.以非药品冒充其他种类药品
C.擅自添加防腐剂的药品
D.变质的药品
E.药品标明的适应症超出批准范围
【思考过程】：
",BDE,客观题
常规诊疗,"你是一个严格按照要求答题的医学考试考生。请你先展示出完整的思考过程，然后再输出最终答案。每道题目有至少两个选项（A、B）至多五个选项（A、B、C、D、E），题目为不定项选择题，请按照以下格式作答：

【思考过程】：...

【最终答案】：AB / BCE / CD / DE / E / ...（只输出选项的编号，不要写选项内容）

示例：
题目：医疗伦理中四大基本原则是？
A.尊重自主权
B.善意行为
C.无害原则
D.公正原则
E.以上都不是
【思考过程】：本题考查医学伦理的四大基本原则，包括尊重自主权、不伤害原则、行善原则、公正原则。

【最终答案】：ABCD

题目：根据《药品管理法》，下列哪些情形应被认定为假药？
A.药品成份的含量不符合国家药品标准
B.被污染的药品
C.变质的药品
D.药品所标明的适应症超出规定范围
E.超过有效期的药品
【思考过程】：
",CD,客观题
常规诊疗,"你是一个严格按照要求答题的医学考试考生。请你先展示出完整的思考过程，然后再输出最终答案。每道题目有至少两个选项（A、B）至多五个选项（A、B、C、D、E），题目为不定项选择题，请按照以下格式作答：

【思考过程】：...

【最终答案】：AB / BCE / CD / DE / E / ...（只输出选项的编号，不要写选项内容）

示例：
题目：医疗伦理中四大基本原则是？
A.尊重自主权
B.善意行为
C.无害原则
D.公正原则
E.以上都不是
【思考过程】：本题考查医学伦理的四大基本原则，包括尊重自主权、不伤害原则、行善原则、公正原则。

【最终答案】：ABCD

题目：根据《中华人民共和国药品管理法》，以下哪项属于假药的情形而非劣药的情形？
A.药品成分含量低于国家药品标准
B.擅自添加防腐剂的药品
C.未标明生产批号的药品
D.药品所标明的适应症超出规定范围
E.超过有效期的药品
【思考过程】：
",D,客观题
常规诊疗,"你是一个严格按照要求答题的医学考试考生。请你先展示出完整的思考过程，然后再输出最终答案。每道题目有至少两个选项（A、B）至多五个选项（A、B、C、D、E），题目为不定项选择题，请按照以下格式作答：

【思考过程】：...

【最终答案】：AB / BCE / CD / DE / E / ...（只输出选项的编号，不要写选项内容）

示例：
题目：医疗伦理中四大基本原则是？
A.尊重自主权
B.善意行为
C.无害原则
D.公正原则
E.以上都不是
【思考过程】：本题考查医学伦理的四大基本原则，包括尊重自主权、不伤害原则、行善原则、公正原则。

【最终答案】：ABCD

题目：以下哪些情形属于假药的范畴？
A.药品中添加了未批准使用的防腐剂
B.某抗生素的有效成分含量为标准的80%
C.被污水污染的退烧药
D.以维生素片冒充抗癌药物销售
E.药品标示适应症包含未经审批的疾病
【思考过程】：
",DE,客观题
常规诊疗,"你是一个严格按照要求答题的医学考试考生。请你先展示出完整的思考过程，然后再输出最终答案。每道题目有至少两个选项（A、B）至多五个选项（A、B、C、D、E），题目为不定项选择题，请按照以下格式作答：

【思考过程】：...

【最终答案】：AB / BCE / CD / DE / E / ...（只输出选项的编号，不要写选项内容）

示例：
题目：医疗伦理中四大基本原则是？
A.尊重自主权
B.善意行为
C.无害原则
D.公正原则
E.以上都不是
【思考过程】：本题考查医学伦理的四大基本原则，包括尊重自主权、不伤害原则、行善原则、公正原则。

【最终答案】：ABCD

题目：根据相关法律法规，以下哪些情形属于假药？（多选）
A.药品成分含量低于国家标准
B.用维生素片冒充消炎药
C.药品在运输过程中被污染
D.某退烧药标注可治疗阿尔茨海默病
E.未取得批准文件生产的降压药
【思考过程】：
",BDE,客观题
常规诊疗,"你是一个严格按照要求答题的医学考试考生。请你先展示出完整的思考过程，然后再输出最终答案。每道题目有至少两个选项（A、B）至多五个选项（A、B、C、D、E），题目为不定项选择题，请按照以下格式作答：

【思考过程】：...

【最终答案】：AB / BCE / CD / DE / E / ...（只输出选项的编号，不要写选项内容）

示例：
题目：医疗伦理中四大基本原则是？
A.尊重自主权
B.善意行为
C.无害原则
D.公正原则
E.以上都不是
【思考过程】：本题考查医学伦理的四大基本原则，包括尊重自主权、不伤害原则、行善原则、公正原则。

【最终答案】：ABCD

题目：根据《药品管理法》相关规定，以下哪种情形会被判定为劣药？
A.药品擅自添加抗生素作为防腐剂
B.药品成分含量低于国家标准的感冒胶囊
C.被实验试剂污染的退烧药库存
D.有效期已过3个月的降压药
E.未注明产品批号的镇痛贴
【思考过程】：
",ABCDE,客观题
常规诊疗,"你是一个严格按照要求答题的医学考试考生。请你先展示出完整的思考过程，然后再输出最终答案。每道题目有至少两个选项（A、B）至多五个选项（A、B、C、D、E），题目为不定项选择题，请按照以下格式作答：

【思考过程】：...

【最终答案】：AB / BCE / CD / DE / E / ...（只输出选项的编号，不要写选项内容）

示例：
题目：医疗伦理中四大基本原则是？
A.尊重自主权
B.善意行为
C.无害原则
D.公正原则
E.以上都不是
【思考过程】：本题考查医学伦理的四大基本原则，包括尊重自主权、不伤害原则、行善原则、公正原则。

【最终答案】：ABCD

题目：以下哪些情形属于“劣药”范畴？
A.药品所标明的适应症超出规定范围
B.被污染的药品
C.变质的药品
D.超过有效期的药品
E.擅自添加防腐剂的药品
【思考过程】：
",BDE,客观题
常规诊疗,"你是一个严格按照要求答题的医学考试考生。请你先展示出完整的思考过程，然后再输出最终答案。每道题目有至少两个选项（A、B）至多五个选项（A、B、C、D、E），题目为不定项选择题，请按照以下格式作答：

【思考过程】：...

【最终答案】：AB / BCE / CD / DE / E / ...（只输出选项的编号，不要写选项内容）

示例：
题目：医疗伦理中四大基本原则是？
A.尊重自主权
B.善意行为
C.无害原则
D.公正原则
E.以上都不是
【思考过程】：本题考查医学伦理的四大基本原则，包括尊重自主权、不伤害原则、行善原则、公正原则。

【最终答案】：ABCD

题目：以下表述是否正确：举报人举报所在单位的，该单位可以解除与举报人的劳动合同作为报复。
A.正确
B.错误
【思考过程】：
",B,客观题
常规诊疗,"你是一个严格按照要求答题的医学考试考生。请你先展示出完整的思考过程，然后再输出最终答案。每道题目有至少两个选项（A、B）至多五个选项（A、B、C、D、E），题目为不定项选择题，请按照以下格式作答：

【思考过程】：...

【最终答案】：AB / BCE / CD / DE / E / ...（只输出选项的编号，不要写选项内容）

示例：
题目：医疗伦理中四大基本原则是？
A.尊重自主权
B.善意行为
C.无害原则
D.公正原则
E.以上都不是
【思考过程】：本题考查医学伦理的四大基本原则，包括尊重自主权、不伤害原则、行善原则、公正原则。

【最终答案】：ABCD

题目：《中华人民共和国药品管理法》规定，应当从重处罚下列哪些情形？
A.生产、销售以老年人群体为主要使用对象的假药
B.伪造药品检验报告但未销毁证据
C.使用放射性药品冒充其他抗生素药品
D.擅自丢弃查封的过期药品
E.使用虚假身份销售药品
【思考过程】：
",ACDE,客观题
常规诊疗,"你是一个严格按照要求答题的医学考试考生。请你先展示出完整的思考过程，然后再输出最终答案。每道题目有至少两个选项（A、B）至多五个选项（A、B、C、D、E），题目为不定项选择题，请按照以下格式作答：

【思考过程】：...

【最终答案】：AB / BCE / CD / DE / E / ...（只输出选项的编号，不要写选项内容）

示例：
题目：医疗伦理中四大基本原则是？
A.尊重自主权
B.善意行为
C.无害原则
D.公正原则
E.以上都不是
【思考过程】：本题考查医学伦理的四大基本原则，包括尊重自主权、不伤害原则、行善原则、公正原则。

【最终答案】：ABCD

题目：下列哪些情形应当在药品管理法的处罚幅度内从重处罚？
A.用镇痛类非处方药冒充含麻黄碱类药品
B.生产以老年人为主要使用对象的劣质降压药
C.销售的流感疫苗未达到生物安全标准且被鉴定为假药
D.首次销售过期抗生素导致患者轻微过敏
E.因库存不足暂缓提交质检报告
【思考过程】：
",C,客观题
常规诊疗,"你是一个严格按照要求答题的医学考试考生。请你先展示出完整的思考过程，然后再输出最终答案。每道题目有至少两个选项（A、B）至多五个选项（A、B、C、D、E），题目为不定项选择题，请按照以下格式作答：

【思考过程】：...

【最终答案】：AB / BCE / CD / DE / E / ...（只输出选项的编号，不要写选项内容）

示例：
题目：医疗伦理中四大基本原则是？
A.尊重自主权
B.善意行为
C.无害原则
D.公正原则
E.以上都不是
【思考过程】：本题考查医学伦理的四大基本原则，包括尊重自主权、不伤害原则、行善原则、公正原则。

【最终答案】：ABCD

题目：下列哪种行为应当在本法规定的处罚幅度内从重处罚？
A.向65岁以上老人销售未标明生产日期的保健食品
B.向公立医院销售以儿童为主要使用对象的劣质止咳糖浆
C.生产企业首次抽查中被发现某批次生物制品有效成分不足
D.生产治疗高血压的假药但未造成患者明显伤害
E.擅自转移已被市场监管部门查封的过期医疗器械
【思考过程】：
",BE,客观题
常规诊疗,"你是一个严格按照要求答题的医学考试考生。请你先展示出完整的思考过程，然后再输出最终答案。每道题目有至少两个选项（A、B）至多五个选项（A、B、C、D、E），题目为不定项选择题，请按照以下格式作答：

【思考过程】：...

【最终答案】：AB / BCE / CD / DE / E / ...（只输出选项的编号，不要写选项内容）

示例：
题目：医疗伦理中四大基本原则是？
A.尊重自主权
B.善意行为
C.无害原则
D.公正原则
E.以上都不是
【思考过程】：本题考查医学伦理的四大基本原则，包括尊重自主权、不伤害原则、行善原则、公正原则。

【最终答案】：ABCD

题目：以下哪种情况允许开展诊疗活动？
A.已取得《医疗机构执业许可证》但未经备案
B.持有营业执照但未获得许可证或备案
C.既无《医疗机构执业许可证》又未经备案
D.凭借地方政府的特殊批准文件开展诊疗
【思考过程】：
",A,客观题
常规诊疗,"你是一个严格按照要求答题的医学考试考生。请你先展示出完整的思考过程，然后再输出最终答案。每道题目有至少两个选项（A、B）至多五个选项（A、B、C、D、E），题目为不定项选择题，请按照以下格式作答：

【思考过程】：...

【最终答案】：AB / BCE / CD / DE / E / ...（只输出选项的编号，不要写选项内容）

示例：
题目：医疗伦理中四大基本原则是？
A.尊重自主权
B.善意行为
C.无害原则
D.公正原则
E.以上都不是
【思考过程】：本题考查医学伦理的四大基本原则，包括尊重自主权、不伤害原则、行善原则、公正原则。

【最终答案】：ABCD

题目：以下哪些行为符合医疗机构诊疗科目的管理规定？
A.减少原备案的诊疗科目数量
B.常规开展未经核准登记的诊疗项目
C.暂停开展所有已备案的诊疗科目
D.在紧急情况下临时开展未备案的诊疗项目
E.新增诊疗科目后3个月内提交备案材料
【思考过程】：
",AC,客观题
常规诊疗,"你是一个严格按照要求答题的医学考试考生。请你先展示出完整的思考过程，然后再输出最终答案。每道题目有至少两个选项（A、B）至多五个选项（A、B、C、D、E），题目为不定项选择题，请按照以下格式作答：

【思考过程】：...

【最终答案】：AB / BCE / CD / DE / E / ...（只输出选项的编号，不要写选项内容）

示例：
题目：医疗伦理中四大基本原则是？
A.尊重自主权
B.善意行为
C.无害原则
D.公正原则
E.以上都不是
【思考过程】：本题考查医学伦理的四大基本原则，包括尊重自主权、不伤害原则、行善原则、公正原则。

【最终答案】：ABCD

题目：某医院安排以下人员参与医疗卫生技术工作，其中哪项违反了相关规定？
A.医学检验技师进行常规血液检测
B.护理学院尚未取得执业资格的实习生执行静脉穿刺
C.药学专业毕业生审核处方
D.获急救认证的志愿者操作心电图机
【思考过程】：
",BCD,客观题
常规诊疗,"你是一个严格按照要求答题的医学考试考生。请你先展示出完整的思考过程，然后再输出最终答案。每道题目有至少两个选项（A、B）至多五个选项（A、B、C、D、E），题目为不定项选择题，请按照以下格式作答：

【思考过程】：...

【最终答案】：AB / BCE / CD / DE / E / ...（只输出选项的编号，不要写选项内容）

示例：
题目：医疗伦理中四大基本原则是？
A.尊重自主权
B.善意行为
C.无害原则
D.公正原则
E.以上都不是
【思考过程】：本题考查医学伦理的四大基本原则，包括尊重自主权、不伤害原则、行善原则、公正原则。

【最终答案】：ABCD

题目：某医院接诊危重患者后发现设备不足，以下做法中符合法规的是？
A.立即抢救并在稳定生命体征后联系转诊
B.因缺乏设备直接建议患者转往其他医院
C.动员全体医护人员尝试治疗后决定是否转诊
D.为减少医疗风险未进行抢救直接转诊
E.检查患者支付能力后决定抢救方案
【思考过程】：
",A,客观题
常规诊疗,"你是一个严格按照要求答题的医学考试考生。请你先展示出完整的思考过程，然后再输出最终答案。每道题目有至少两个选项（A、B）至多五个选项（A、B、C、D、E），题目为不定项选择题，请按照以下格式作答：

【思考过程】：...

【最终答案】：AB / BCE / CD / DE / E / ...（只输出选项的编号，不要写选项内容）

示例：
题目：医疗伦理中四大基本原则是？
A.尊重自主权
B.善意行为
C.无害原则
D.公正原则
E.以上都不是
【思考过程】：本题考查医学伦理的四大基本原则，包括尊重自主权、不伤害原则、行善原则、公正原则。

【最终答案】：ABCD

题目：医疗机构在下列哪种情况下开具证明文件是符合法律规定的？
A.陈医师未亲自诊查患者，根据病历记录开具健康证明书
B.李医生亲自接产后由护士代为签署出生证明书
C.医院未经诊查为患者开具死亡证明书（医师参与了抢救但未最后检查）
D.产妇由助产工作人员接产后，助产士签署出生证明书
【思考过程】：
",D,客观题
常规诊疗,"你是一个严格按照要求答题的医学考试考生。请你先展示出完整的思考过程，然后再输出最终答案。每道题目有至少两个选项（A、B）至多五个选项（A、B、C、D、E），题目为不定项选择题，请按照以下格式作答：

【思考过程】：...

【最终答案】：AB / BCE / CD / DE / E / ...（只输出选项的编号，不要写选项内容）

示例：
题目：医疗伦理中四大基本原则是？
A.尊重自主权
B.善意行为
C.无害原则
D.公正原则
E.以上都不是
【思考过程】：本题考查医学伦理的四大基本原则，包括尊重自主权、不伤害原则、行善原则、公正原则。

【最终答案】：ABCD

题目：在下列哪些情形下，医务人员必须及时向患者或近亲属说明医疗风险及替代方案并取得明确同意？
A.调整降压药物剂量
B.实施骨折内固定手术
C.进行胃肠镜检查前的镇静麻醉
D.抽取外周血用于常规化验
E.开具感冒退烧药物
【思考过程】：
",BC,客观题
常规诊疗,"你是一个严格按照要求答题的医学考试考生。请你先展示出完整的思考过程，然后再输出最终答案。每道题目有至少两个选项（A、B）至多五个选项（A、B、C、D、E），题目为不定项选择题，请按照以下格式作答：

【思考过程】：...

【最终答案】：AB / BCE / CD / DE / E / ...（只输出选项的编号，不要写选项内容）

示例：
题目：医疗伦理中四大基本原则是？
A.尊重自主权
B.善意行为
C.无害原则
D.公正原则
E.以上都不是
【思考过程】：本题考查医学伦理的四大基本原则，包括尊重自主权、不伤害原则、行善原则、公正原则。

【最终答案】：ABCD

题目：以下哪些做法符合医疗机构收取医疗费用的相关法规要求？
A.与患者协商确定检验项目收费标准
B.按照物价部门核定的价格收取诊疗费用
C.收费单据中独立标注静脉注射耗材费与操作费
D.仅向患者提供标注总金额的服务费收据
E.急诊抢救后未缴费患者补缴费用时出具追溯性收据
【思考过程】：
",BCE,客观题
常规诊疗,"你是一个严格按照要求答题的医学考试考生。请你先展示出完整的思考过程，然后再输出最终答案。每道题目有至少两个选项（A、B）至多五个选项（A、B、C、D、E），题目为不定项选择题，请按照以下格式作答：

【思考过程】：...

【最终答案】：AB / BCE / CD / DE / E / ...（只输出选项的编号，不要写选项内容）

示例：
题目：医疗伦理中四大基本原则是？
A.尊重自主权
B.善意行为
C.无害原则
D.公正原则
E.以上都不是
【思考过程】：本题考查医学伦理的四大基本原则，包括尊重自主权、不伤害原则、行善原则、公正原则。

【最终答案】：ABCD

题目：医疗机构开展医疗技术临床应用时，必须遵循以下哪些原则？
A.科学、安全、规范
B.有效、高效、经济
C.符合伦理、规范、有效
D.安全、便捷、创新
E.科学、经济、符合伦理
【思考过程】：
",AE,客观题
常规诊疗,"你是一个严格按照要求答题的医学考试考生。请你先展示出完整的思考过程，然后再输出最终答案。每道题目有至少两个选项（A、B）至多五个选项（A、B、C、D、E），题目为不定项选择题，请按照以下格式作答：

【思考过程】：...

【最终答案】：AB / BCE / CD / DE / E / ...（只输出选项的编号，不要写选项内容）

示例：
题目：医疗伦理中四大基本原则是？
A.尊重自主权
B.善意行为
C.无害原则
D.公正原则
E.以上都不是
【思考过程】：本题考查医学伦理的四大基本原则，包括尊重自主权、不伤害原则、行善原则、公正原则。

【最终答案】：ABCD

题目：以下哪些情形符合禁止类医疗技术的法定条件？
A.临床应用安全性、有效性尚未充分验证；B.存在一般伦理争议而非重大伦理问题；C.该技术经专家论证已被行业淘汰；D.省级卫生部门登记的常规诊疗技术；E.经伦理委员会初步审核的改良医疗方案
【思考过程】：
",ACE,客观题
常规诊疗,"你是一个严格按照要求答题的医学考试考生。请你先展示出完整的思考过程，然后再输出最终答案。每道题目有至少两个选项（A、B）至多五个选项（A、B、C、D、E），题目为不定项选择题，请按照以下格式作答：

【思考过程】：...

【最终答案】：AB / BCE / CD / DE / E / ...（只输出选项的编号，不要写选项内容）

示例：
题目：医疗伦理中四大基本原则是？
A.尊重自主权
B.善意行为
C.无害原则
D.公正原则
E.以上都不是
【思考过程】：本题考查医学伦理的四大基本原则，包括尊重自主权、不伤害原则、行善原则、公正原则。

【最终答案】：ABCD

题目：根据相关规定，以下哪种情形应被列为限制类技术管理？
A.涉及一般伦理风险的，B.需要消耗稀缺资源的，C.存在不合理临床应用需要重点管理的，D.医院常规开展的且成本可控的，E.技术难度适中但涉及重大伦理风险的
【思考过程】：
",BCE,客观题
常规诊疗,"你是一个严格按照要求答题的医学考试考生。请你先展示出完整的思考过程，然后再输出最终答案。每道题目有至少两个选项（A、B）至多五个选项（A、B、C、D、E），题目为不定项选择题，请按照以下格式作答：

【思考过程】：...

【最终答案】：AB / BCE / CD / DE / E / ...（只输出选项的编号，不要写选项内容）

示例：
题目：医疗伦理中四大基本原则是？
A.尊重自主权
B.善意行为
C.无害原则
D.公正原则
E.以上都不是
【思考过程】：本题考查医学伦理的四大基本原则，包括尊重自主权、不伤害原则、行善原则、公正原则。

【最终答案】：ABCD

题目：某医院拟开展一项限制类医疗技术，以下哪种做法符合法规要求？
A.直接开展临床使用并在后续补交审查材料
B.提请本院伦理委员会审议并通过后使用
C.未经本院伦理委员会审查但咨询了省级专家意见
D.暂缓伦理审查并小范围试用
【思考过程】：
",B,客观题
常规诊疗,"你是一个严格按照要求答题的医学考试考生。请你先展示出完整的思考过程，然后再输出最终答案。每道题目有至少两个选项（A、B）至多五个选项（A、B、C、D、E），题目为不定项选择题，请按照以下格式作答：

【思考过程】：...

【最终答案】：AB / BCE / CD / DE / E / ...（只输出选项的编号，不要写选项内容）

示例：
题目：医疗伦理中四大基本原则是？
A.尊重自主权
B.善意行为
C.无害原则
D.公正原则
E.以上都不是
【思考过程】：本题考查医学伦理的四大基本原则，包括尊重自主权、不伤害原则、行善原则、公正原则。

【最终答案】：ABCD

题目：某医院计划首次应用一项已证明安全有效的医疗技术，根据相关规定，该医院必须开展以下哪些论证？
A.本机构技术能力论证
B.患者经济承受能力评估
C.本机构安全保障能力论证
D.该技术在全国的普及率调查
【思考过程】：
",AC,客观题
常规诊疗,"你是一个严格按照要求答题的医学考试考生。请你先展示出完整的思考过程，然后再输出最终答案。每道题目有至少两个选项（A、B）至多五个选项（A、B、C、D、E），题目为不定项选择题，请按照以下格式作答：

【思考过程】：...

【最终答案】：AB / BCE / CD / DE / E / ...（只输出选项的编号，不要写选项内容）

示例：
题目：医疗伦理中四大基本原则是？
A.尊重自主权
B.善意行为
C.无害原则
D.公正原则
E.以上都不是
【思考过程】：本题考查医学伦理的四大基本原则，包括尊重自主权、不伤害原则、行善原则、公正原则。

【最终答案】：ABCD

题目：根据相关规定，医疗机构应当立即停止某项限制类技术临床应用的情况包括以下哪些？
A.存在轻微质量安全隐患
B.存在严重质量安全问题
C.技术管理人员不足
D.不再符合有关技术管理要求
E.患者投诉数量增加
【思考过程】：
",BD,客观题
常规诊疗,"你是一个严格按照要求答题的医学考试考生。请你先展示出完整的思考过程，然后再输出最终答案。每道题目有至少两个选项（A、B）至多五个选项（A、B、C、D、E），题目为不定项选择题，请按照以下格式作答：

【思考过程】：...

【最终答案】：AB / BCE / CD / DE / E / ...（只输出选项的编号，不要写选项内容）

示例：
题目：医疗伦理中四大基本原则是？
A.尊重自主权
B.善意行为
C.无害原则
D.公正原则
E.以上都不是
【思考过程】：本题考查医学伦理的四大基本原则，包括尊重自主权、不伤害原则、行善原则、公正原则。

【最终答案】：ABCD

题目：根据医疗技术临床应用管理规范，以下哪些情形应当立即停止该项医疗技术的临床应用？
A.该技术被列为""限制类技术""
B.关键设备维护人员离职影响设备校准
C.应用过程中发生严重术后感染事件
D.发现技术存在伦理缺陷但尚未造成实际损害
E.主要术者因公出国进修三个月
【思考过程】：
",CD,客观题
常规诊疗,"你是一个严格按照要求答题的医学考试考生。请你先展示出完整的思考过程，然后再输出最终答案。每道题目有至少两个选项（A、B）至多五个选项（A、B、C、D、E），题目为不定项选择题，请按照以下格式作答：

【思考过程】：...

【最终答案】：AB / BCE / CD / DE / E / ...（只输出选项的编号，不要写选项内容）

示例：
题目：医疗伦理中四大基本原则是？
A.尊重自主权
B.善意行为
C.无害原则
D.公正原则
E.以上都不是
【思考过程】：本题考查医学伦理的四大基本原则，包括尊重自主权、不伤害原则、行善原则、公正原则。

【最终答案】：ABCD

题目：下列哪种情形可能导致医务人员被追究法律责任？
A.未定期参加医疗技术培训
B.开展临床效果尚未明确的新技术研究
C.开展肿瘤患者诊疗时未签知情同意书
D.化验室人员将患者HIV结果发给患者单位领导
【思考过程】：
",BCD,客观题
常规诊疗,"你是一个严格按照要求答题的医学考试考生。请你先展示出完整的思考过程，然后再输出最终答案。每道题目有至少两个选项（A、B）至多五个选项（A、B、C、D、E），题目为不定项选择题，请按照以下格式作答：

【思考过程】：...

【最终答案】：AB / BCE / CD / DE / E / ...（只输出选项的编号，不要写选项内容）

示例：
题目：医疗伦理中四大基本原则是？
A.尊重自主权
B.善意行为
C.无害原则
D.公正原则
E.以上都不是
【思考过程】：本题考查医学伦理的四大基本原则，包括尊重自主权、不伤害原则、行善原则、公正原则。

【最终答案】：ABCD

题目：在实施非治疗性临床试验（无直接临床获益）且由监护人代行知情同意的情况下，伦理委员会不应当特别关注以下哪项内容？
A.知情同意过程是否符合年龄限制要求
B.试验方案是否包含替代同意机制的法律依据
C.试验组的性别比例设计是否均衡
D.风险最小化措施是否有可操作性
E.是否设置了儿童受试者权益评估工具
【思考过程】：
",C,客观题
常规诊疗,"你是一个严格按照要求答题的医学考试考生。请你先展示出完整的思考过程，然后再输出最终答案。每道题目有至少两个选项（A、B）至多五个选项（A、B、C、D、E），题目为不定项选择题，请按照以下格式作答：

【思考过程】：...

【最终答案】：AB / BCE / CD / DE / E / ...（只输出选项的编号，不要写选项内容）

示例：
题目：医疗伦理中四大基本原则是？
A.尊重自主权
B.善意行为
C.无害原则
D.公正原则
E.以上都不是
【思考过程】：本题考查医学伦理的四大基本原则，包括尊重自主权、不伤害原则、行善原则、公正原则。

【最终答案】：ABCD

题目：伦理委员会对正在实施的临床试验进行跟踪审查的最低频率是多久？
A.至少一年一次
B.至少半年一次
C.至少两年一次
D.按季度审查
E.每月审查一次
【思考过程】：
",A,客观题
常规诊疗,"你是一个严格按照要求答题的医学考试考生。请你先展示出完整的思考过程，然后再输出最终答案。每道题目有至少两个选项（A、B）至多五个选项（A、B、C、D、E），题目为不定项选择题，请按照以下格式作答：

【思考过程】：...

【最终答案】：AB / BCE / CD / DE / E / ...（只输出选项的编号，不要写选项内容）

示例：
题目：医疗伦理中四大基本原则是？
A.尊重自主权
B.善意行为
C.无害原则
D.公正原则
E.以上都不是
【思考过程】：本题考查医学伦理的四大基本原则，包括尊重自主权、不伤害原则、行善原则、公正原则。

【最终答案】：ABCD

题目：伦理委员会对正在实施的临床试验进行跟踪审查的最低频率是？
A.每季度审查一次
B.每半年审查一次
C.最少每年审查一次
D.仅在试验方案变更时审查
【思考过程】：
",C,客观题
常规诊疗,"你是一个严格按照要求答题的医学考试考生。请你先展示出完整的思考过程，然后再输出最终答案。每道题目有至少两个选项（A、B）至多五个选项（A、B、C、D、E），题目为不定项选择题，请按照以下格式作答：

【思考过程】：...

【最终答案】：AB / BCE / CD / DE / E / ...（只输出选项的编号，不要写选项内容）

示例：
题目：医疗伦理中四大基本原则是？
A.尊重自主权
B.善意行为
C.无害原则
D.公正原则
E.以上都不是
【思考过程】：本题考查医学伦理的四大基本原则，包括尊重自主权、不伤害原则、行善原则、公正原则。

【最终答案】：ABCD

题目：伦理委员会对正在实施的临床试验进行跟踪审查的最低频率是？
A.每年一次
B.每半年一次
C.每两年一次
D.每季度一次
【思考过程】：
",A,客观题
常规诊疗,"你是一个严格按照要求答题的医学考试考生。请你先展示出完整的思考过程，然后再输出最终答案。每道题目有至少两个选项（A、B）至多五个选项（A、B、C、D、E），题目为不定项选择题，请按照以下格式作答：

【思考过程】：...

【最终答案】：AB / BCE / CD / DE / E / ...（只输出选项的编号，不要写选项内容）

示例：
题目：医疗伦理中四大基本原则是？
A.尊重自主权
B.善意行为
C.无害原则
D.公正原则
E.以上都不是
【思考过程】：本题考查医学伦理的四大基本原则，包括尊重自主权、不伤害原则、行善原则、公正原则。

【最终答案】：ABCD

题目：以下哪项不属于伦理委员会必须审查的文件？
A.试验方案修订版
B.研究者的资格证明文件
C.研究者手册
D.招募受试者的方式
E.研究机构的财务审计报告
【思考过程】：
",E,客观题
常规诊疗,"你是一个严格按照要求答题的医学考试考生。请你先展示出完整的思考过程，然后再输出最终答案。每道题目有至少两个选项（A、B）至多五个选项（A、B、C、D、E），题目为不定项选择题，请按照以下格式作答：

【思考过程】：...

【最终答案】：AB / BCE / CD / DE / E / ...（只输出选项的编号，不要写选项内容）

示例：
题目：医疗伦理中四大基本原则是？
A.尊重自主权
B.善意行为
C.无害原则
D.公正原则
E.以上都不是
【思考过程】：本题考查医学伦理的四大基本原则，包括尊重自主权、不伤害原则、行善原则、公正原则。

【最终答案】：ABCD

题目：根据伦理委员会的职责，以下哪些说法正确？
A.有权暂停未按照要求实施的临床试验
B.所有临床试验必须每半年审查一次
C.至少每年对正在实施的试验审查一次
D.须受理受试者关于补偿金额的投诉
E.应审查研究者是否具备执业资格
【思考过程】：
",ACE,客观题
常规诊疗,"你是一个严格按照要求答题的医学考试考生。请你先展示出完整的思考过程，然后再输出最终答案。每道题目有至少两个选项（A、B）至多五个选项（A、B、C、D、E），题目为不定项选择题，请按照以下格式作答：

【思考过程】：...

【最终答案】：AB / BCE / CD / DE / E / ...（只输出选项的编号，不要写选项内容）

示例：
题目：医疗伦理中四大基本原则是？
A.尊重自主权
B.善意行为
C.无害原则
D.公正原则
E.以上都不是
【思考过程】：本题考查医学伦理的四大基本原则，包括尊重自主权、不伤害原则、行善原则、公正原则。

【最终答案】：ABCD

题目：伦理委员会对正在实施的临床试验进行定期跟踪审查的最低频率为多少？
A.每6个月一次
B.每年一次
C.每18个月一次
D.仅根据受试者风险程度决定审查频率
【思考过程】：
",B,客观题
常规诊疗,"你是一个严格按照要求答题的医学考试考生。请你先展示出完整的思考过程，然后再输出最终答案。每道题目有至少两个选项（A、B）至多五个选项（A、B、C、D、E），题目为不定项选择题，请按照以下格式作答：

【思考过程】：...

【最终答案】：AB / BCE / CD / DE / E / ...（只输出选项的编号，不要写选项内容）

示例：
题目：医疗伦理中四大基本原则是？
A.尊重自主权
B.善意行为
C.无害原则
D.公正原则
E.以上都不是
【思考过程】：本题考查医学伦理的四大基本原则，包括尊重自主权、不伤害原则、行善原则、公正原则。

【最终答案】：ABCD

题目：以下哪些情形属于伦理委员会在常规诊疗中必须履行的职责？
A. 每季度审查一次临床试验的实施情况  
B. 受理并处理受试者的合理诉求  
C. 审核试验方案中的知情同意书和招募广告  
D. 要求研究者提供与受试者补偿无关的额外文件  
E. 在紧急情况下直接修改试验流程以保护受试者
【思考过程】：
",BC,客观题
常规诊疗,"你是一个严格按照要求答题的医学考试考生。请你先展示出完整的思考过程，然后再输出最终答案。每道题目有至少两个选项（A、B）至多五个选项（A、B、C、D、E），题目为不定项选择题，请按照以下格式作答：

【思考过程】：...

【最终答案】：AB / BCE / CD / DE / E / ...（只输出选项的编号，不要写选项内容）

示例：
题目：医疗伦理中四大基本原则是？
A.尊重自主权
B.善意行为
C.无害原则
D.公正原则
E.以上都不是
【思考过程】：本题考查医学伦理的四大基本原则，包括尊重自主权、不伤害原则、行善原则、公正原则。

【最终答案】：ABCD

题目：以下哪项属于伦理委员会的职责？
A.监督临床试验资金的合理使用
B.受理并处理受试者的相关诉求
C.审查临床试验的科学性和伦理性
D.要求研究者报告临床试验中的非预期严重不良反应
【思考过程】：
",BCD,客观题
常规诊疗,"你是一个严格按照要求答题的医学考试考生。请你先展示出完整的思考过程，然后再输出最终答案。每道题目有至少两个选项（A、B）至多五个选项（A、B、C、D、E），题目为不定项选择题，请按照以下格式作答：

【思考过程】：...

【最终答案】：AB / BCE / CD / DE / E / ...（只输出选项的编号，不要写选项内容）

示例：
题目：医疗伦理中四大基本原则是？
A.尊重自主权
B.善意行为
C.无害原则
D.公正原则
E.以上都不是
【思考过程】：本题考查医学伦理的四大基本原则，包括尊重自主权、不伤害原则、行善原则、公正原则。

【最终答案】：ABCD

题目：伦理委员会的审查意见不包括以下哪种类型？
A.同意
B.必要的修改后同意
C.加快审查流程
D.不同意
E.终止或者暂停已同意的研究
【思考过程】：
",C,客观题
常规诊疗,"你是一个严格按照要求答题的医学考试考生。请你先展示出完整的思考过程，然后再输出最终答案。每道题目有至少两个选项（A、B）至多五个选项（A、B、C、D、E），题目为不定项选择题，请按照以下格式作答：

【思考过程】：...

【最终答案】：AB / BCE / CD / DE / E / ...（只输出选项的编号，不要写选项内容）

示例：
题目：医疗伦理中四大基本原则是？
A.尊重自主权
B.善意行为
C.无害原则
D.公正原则
E.以上都不是
【思考过程】：本题考查医学伦理的四大基本原则，包括尊重自主权、不伤害原则、行善原则、公正原则。

【最终答案】：ABCD

题目：伦理委员会应对正在实施的临床试验进行跟踪审查的最低频率是多久？
A.3个月一次
B.6个月一次
C.1年一次
D.根据研究者要求随时审查
【思考过程】：
",C,客观题
常规诊疗,"你是一个严格按照要求答题的医学考试考生。请你先展示出完整的思考过程，然后再输出最终答案。每道题目有至少两个选项（A、B）至多五个选项（A、B、C、D、E），题目为不定项选择题，请按照以下格式作答：

【思考过程】：...

【最终答案】：AB / BCE / CD / DE / E / ...（只输出选项的编号，不要写选项内容）

示例：
题目：医疗伦理中四大基本原则是？
A.尊重自主权
B.善意行为
C.无害原则
D.公正原则
E.以上都不是
【思考过程】：本题考查医学伦理的四大基本原则，包括尊重自主权、不伤害原则、行善原则、公正原则。

【最终答案】：ABCD

题目：在临床试验中，以下关于研究者职责的描述，哪些是正确的？
A.研究者必须亲自承担临床试验相关的医学决策责任
B.试验期间与试验相关的不良事件必须向受试者如实告知
C.受试者无需说明理由即可随时退出试验
D.发现受试者存在合并疾病时，研究者有权直接调整其治疗方案
E.未经受试者允许不得向其他医生透露其参与试验的情况
【思考过程】：
",ABCE,客观题
常规诊疗,"你是一个严格按照要求答题的医学考试考生。请你先展示出完整的思考过程，然后再输出最终答案。每道题目有至少两个选项（A、B）至多五个选项（A、B、C、D、E），题目为不定项选择题，请按照以下格式作答：

【思考过程】：...

【最终答案】：AB / BCE / CD / DE / E / ...（只输出选项的编号，不要写选项内容）

示例：
题目：医疗伦理中四大基本原则是？
A.尊重自主权
B.善意行为
C.无害原则
D.公正原则
E.以上都不是
【思考过程】：本题考查医学伦理的四大基本原则，包括尊重自主权、不伤害原则、行善原则、公正原则。

【最终答案】：ABCD

题目：以下哪些情形违反了研究者实施知情同意的要求？
A.使用未经伦理委员会同意的旧版知情同意书 
B.在发现新药物副作用后7日内补充告知受试者 
C.向文盲受试者提供未盖章的口述说明 
D.强迫受试者承诺不退出试验可领取补贴 
E.对于中途获得决策能力的儿童继续进行试验
【思考过程】：
",ACDE,客观题
常规诊疗,"你是一个严格按照要求答题的医学考试考生。请你先展示出完整的思考过程，然后再输出最终答案。每道题目有至少两个选项（A、B）至多五个选项（A、B、C、D、E），题目为不定项选择题，请按照以下格式作答：

【思考过程】：...

【最终答案】：AB / BCE / CD / DE / E / ...（只输出选项的编号，不要写选项内容）

示例：
题目：医疗伦理中四大基本原则是？
A.尊重自主权
B.善意行为
C.无害原则
D.公正原则
E.以上都不是
【思考过程】：本题考查医学伦理的四大基本原则，包括尊重自主权、不伤害原则、行善原则、公正原则。

【最终答案】：ABCD

题目：儿童作为临床试验受试者时，若本人不同意继续参加，以下哪种情况仍可继续试验？
A.该试验为诊断性非治疗性研究且受试风险低
B.试验涉及严重危及生命的疾病治疗，监护人认为退出会危及儿童生命
C.任何治疗性试验中监护人同意继续
D.受试者患有试验药物适用病症且研究人员判断风险可控
【思考过程】：
",B,客观题
常规诊疗,"你是一个严格按照要求答题的医学考试考生。请你先展示出完整的思考过程，然后再输出最终答案。每道题目有至少两个选项（A、B）至多五个选项（A、B、C、D、E），题目为不定项选择题，请按照以下格式作答：

【思考过程】：...

【最终答案】：AB / BCE / CD / DE / E / ...（只输出选项的编号，不要写选项内容）

示例：
题目：医疗伦理中四大基本原则是？
A.尊重自主权
B.善意行为
C.无害原则
D.公正原则
E.以上都不是
【思考过程】：本题考查医学伦理的四大基本原则，包括尊重自主权、不伤害原则、行善原则、公正原则。

【最终答案】：ABCD

题目：在非治疗性临床试验中，以下哪项要求符合知情同意的相关规定？
A.当受试者具有知情同意能力时必须本人签字，B.无需伦理委员会审查即可由监护人代签，C.若试验中出现过度痛苦应立即退出并处置，D.监护人不得代表无知情同意能力者签字，E.试验只能在该类药物适用的患者中实施
【思考过程】：
",ACE,客观题
常规诊疗,"你是一个严格按照要求答题的医学考试考生。请你先展示出完整的思考过程，然后再输出最终答案。每道题目有至少两个选项（A、B）至多五个选项（A、B、C、D、E），题目为不定项选择题，请按照以下格式作答：

【思考过程】：...

【最终答案】：AB / BCE / CD / DE / E / ...（只输出选项的编号，不要写选项内容）

示例：
题目：医疗伦理中四大基本原则是？
A.尊重自主权
B.善意行为
C.无害原则
D.公正原则
E.以上都不是
【思考过程】：本题考查医学伦理的四大基本原则，包括尊重自主权、不伤害原则、行善原则、公正原则。

【最终答案】：ABCD

题目：当儿童受试者不同意参加临床试验时，以下哪种情况允许继续参与？
A. 非治疗性疫苗研发试验中监护人已签署知情同意书  
B. 在遗传病筛查试验中，研究者认为试验风险极低  
C. 儿童患糖尿病且具备一定认知能力，监护人签署但本人拒绝  
D. 儿童患晚期白血病且监护人同意继续参与治疗性试验
【思考过程】：
",D,客观题
常规诊疗,"你是一个严格按照要求答题的医学考试考生。请你先展示出完整的思考过程，然后再输出最终答案。每道题目有至少两个选项（A、B）至多五个选项（A、B、C、D、E），题目为不定项选择题，请按照以下格式作答：

【思考过程】：...

【最终答案】：AB / BCE / CD / DE / E / ...（只输出选项的编号，不要写选项内容）

示例：
题目：医疗伦理中四大基本原则是？
A.尊重自主权
B.善意行为
C.无害原则
D.公正原则
E.以上都不是
【思考过程】：本题考查医学伦理的四大基本原则，包括尊重自主权、不伤害原则、行善原则、公正原则。

【最终答案】：ABCD

题目：关于儿童作为临床试验受试者的知情同意，以下哪项描述正确？
A.所有儿童临床试验都必须同时获得监护人和儿童本人的签字同意
B.当儿童有能力做出同意决定时，只需本人同意即可参加，无需监护人同意
C.若儿童中途决定退出试验，即使监护人同意继续，也必须立即终止其参与
D.在危及生命的治疗性试验中，监护人的同意可继续让儿童参与，即使儿童本人反对
【思考过程】：
",D,客观题
常规诊疗,"你是一个严格按照要求答题的医学考试考生。请你先展示出完整的思考过程，然后再输出最终答案。每道题目有至少两个选项（A、B）至多五个选项（A、B、C、D、E），题目为不定项选择题，请按照以下格式作答：

【思考过程】：...

【最终答案】：AB / BCE / CD / DE / E / ...（只输出选项的编号，不要写选项内容）

示例：
题目：医疗伦理中四大基本原则是？
A.尊重自主权
B.善意行为
C.无害原则
D.公正原则
E.以上都不是
【思考过程】：本题考查医学伦理的四大基本原则，包括尊重自主权、不伤害原则、行善原则、公正原则。

【最终答案】：ABCD

题目：某机构进行非治疗性镇痛药物临床试验，根据法规要求，以下哪些属于允许监护人代表无同意能力受试者签署知情同意的必要条件？
A.该试验已通过项目所在医院党委审批
B.受试者可能遭受中度的恶心副作用但可自行缓解
C.试验预期风险等级为低风险
D.伦理委员会已经书面批准该类受试者纳入
E.试验仅在阿尔茨海默病患者中实施
【思考过程】：
",CD,客观题
常规诊疗,"你是一个严格按照要求答题的医学考试考生。请你先展示出完整的思考过程，然后再输出最终答案。每道题目有至少两个选项（A、B）至多五个选项（A、B、C、D、E），题目为不定项选择题，请按照以下格式作答：

【思考过程】：...

【最终答案】：AB / BCE / CD / DE / E / ...（只输出选项的编号，不要写选项内容）

示例：
题目：医疗伦理中四大基本原则是？
A.尊重自主权
B.善意行为
C.无害原则
D.公正原则
E.以上都不是
【思考过程】：本题考查医学伦理的四大基本原则，包括尊重自主权、不伤害原则、行善原则、公正原则。

【最终答案】：ABCD

题目：在儿童作为受试者的常规诊疗试验中，以下哪种情况允许研究者继续实施试验？
A.儿童本人同意但监护人不签署同意书
B.监护人在脑肿瘤非治疗性试验中代表无行为能力的儿童签字同意
C.儿童在糖尿病治疗试验中反对参与，但研究者认为试验风险极低
D.儿童在心理学评估试验中拒绝继续，其监护人与伦理委员会协商后同意退出
E.儿童在严重癫痫治疗试验中反对参与，研究者和其监护人均认为退出试验将威胁其生命
【思考过程】：
",E,客观题
常规诊疗,"你是一个严格按照要求答题的医学考试考生。请你先展示出完整的思考过程，然后再输出最终答案。每道题目有至少两个选项（A、B）至多五个选项（A、B、C、D、E），题目为不定项选择题，请按照以下格式作答：

【思考过程】：...

【最终答案】：AB / BCE / CD / DE / E / ...（只输出选项的编号，不要写选项内容）

示例：
题目：医疗伦理中四大基本原则是？
A.尊重自主权
B.善意行为
C.无害原则
D.公正原则
E.以上都不是
【思考过程】：本题考查医学伦理的四大基本原则，包括尊重自主权、不伤害原则、行善原则、公正原则。

【最终答案】：ABCD

题目：在非治疗性临床试验中，以下哪些情形符合由监护人代表无知情同意能力的受试者签署知情同意的条件？
A.受试者患有试验药物适用的疾病，但监护人不在场
B.受试者无知情能力，且预期风险较低
C.经伦理委员会批准，且负面影响已最小化
D.受试者为未成年人，虽健康状况良好，但需要进行高风险的非治疗性试验
E.监护人同意且受试者在试验后表现出不适时仍强制其继续参加
【思考过程】：
",BC,客观题
常规诊疗,"你是一个严格按照要求答题的医学考试考生。请你先展示出完整的思考过程，然后再输出最终答案。每道题目有至少两个选项（A、B）至多五个选项（A、B、C、D、E），题目为不定项选择题，请按照以下格式作答：

【思考过程】：...

【最终答案】：AB / BCE / CD / DE / E / ...（只输出选项的编号，不要写选项内容）

示例：
题目：医疗伦理中四大基本原则是？
A.尊重自主权
B.善意行为
C.无害原则
D.公正原则
E.以上都不是
【思考过程】：本题考查医学伦理的四大基本原则，包括尊重自主权、不伤害原则、行善原则、公正原则。

【最终答案】：ABCD

题目：以下哪些是允许监护人代表受试者在非治疗性临床试验中签署知情同意的必要条件？
A.受试者无知情同意能力，B.试验药物适用于受试者的疾病，C.伦理委员会以口头形式同意，D.受试者的预期风险高但潜在收益大，E.受法律法规明确禁止
【思考过程】：
",AB,客观题
常规诊疗,"你是一个严格按照要求答题的医学考试考生。请你先展示出完整的思考过程，然后再输出最终答案。每道题目有至少两个选项（A、B）至多五个选项（A、B、C、D、E），题目为不定项选择题，请按照以下格式作答：

【思考过程】：...

【最终答案】：AB / BCE / CD / DE / E / ...（只输出选项的编号，不要写选项内容）

示例：
题目：医疗伦理中四大基本原则是？
A.尊重自主权
B.善意行为
C.无害原则
D.公正原则
E.以上都不是
【思考过程】：本题考查医学伦理的四大基本原则，包括尊重自主权、不伤害原则、行善原则、公正原则。

【最终答案】：ABCD

题目：当儿童受试者本人不同意参加临床试验时，以下哪种情况允许研究继续实施？
A.在非治疗性临床试验中监护人强烈支持
B.儿童患有急性阑尾炎且监护人同意
C.用于轻度皮炎的研究且伦理委员会批准
D.在危及生命的白血病治疗性试验中监护人同意
【思考过程】：
",D,客观题
常规诊疗,"你是一个严格按照要求答题的医学考试考生。请你先展示出完整的思考过程，然后再输出最终答案。每道题目有至少两个选项（A、B）至多五个选项（A、B、C、D、E），题目为不定项选择题，请按照以下格式作答：

【思考过程】：...

【最终答案】：AB / BCE / CD / DE / E / ...（只输出选项的编号，不要写选项内容）

示例：
题目：医疗伦理中四大基本原则是？
A.尊重自主权
B.善意行为
C.无害原则
D.公正原则
E.以上都不是
【思考过程】：本题考查医学伦理的四大基本原则，包括尊重自主权、不伤害原则、行善原则、公正原则。

【最终答案】：ABCD

题目：以下哪种情况下，非治疗性临床试验的知情同意可以由监护人代替受试者本人签字？
A.受试者年龄不满16周岁且预期风险较低
B.试验仅在无同意能力的受试者中实施且受试者健康状况无负面影响
C.试验方案明确说明受试者需签署书面同意书
D.伦理委员会未明确禁止该试验的分类实施
【思考过程】：
",B,客观题
常规诊疗,"你是一个严格按照要求答题的医学考试考生。请你先展示出完整的思考过程，然后再输出最终答案。每道题目有至少两个选项（A、B）至多五个选项（A、B、C、D、E），题目为不定项选择题，请按照以下格式作答：

【思考过程】：...

【最终答案】：AB / BCE / CD / DE / E / ...（只输出选项的编号，不要写选项内容）

示例：
题目：医疗伦理中四大基本原则是？
A.尊重自主权
B.善意行为
C.无害原则
D.公正原则
E.以上都不是
【思考过程】：本题考查医学伦理的四大基本原则，包括尊重自主权、不伤害原则、行善原则、公正原则。

【最终答案】：ABCD

题目：以下哪项内容不属于知情同意书必须包含的法定信息项？
A.临床试验可能影响胚胎、胎儿或哺乳婴儿的风险说明  
B.试验治疗受试者前需保证其直系亲属的书面同意  
C.受试者拒绝参加试验时的医疗权益保障措施  
D.有关试验信息的咨询联系方式会定期强制公布
【思考过程】：
",BD,客观题
常规诊疗,"你是一个严格按照要求答题的医学考试考生。请你先展示出完整的思考过程，然后再输出最终答案。每道题目有至少两个选项（A、B）至多五个选项（A、B、C、D、E），题目为不定项选择题，请按照以下格式作答：

【思考过程】：...

【最终答案】：AB / BCE / CD / DE / E / ...（只输出选项的编号，不要写选项内容）

示例：
题目：医疗伦理中四大基本原则是？
A.尊重自主权
B.善意行为
C.无害原则
D.公正原则
E.以上都不是
【思考过程】：本题考查医学伦理的四大基本原则，包括尊重自主权、不伤害原则、行善原则、公正原则。

【最终答案】：ABCD

题目：以下哪些内容必须包含在临床试验知情同意书或提供给受试者的资料中？
A.受试者参加试验将被禁止中途退出的规定
B.受试者发生试验相关损害时的补偿方式
C.创伤性医疗操作的具体细节
D.研究机构从试验中获得的经济收益分配方案
E.试验期间出现新风险时通知受试者的要求
【思考过程】：
",BCE,客观题
常规诊疗,"你是一个严格按照要求答题的医学考试考生。请你先展示出完整的思考过程，然后再输出最终答案。每道题目有至少两个选项（A、B）至多五个选项（A、B、C、D、E），题目为不定项选择题，请按照以下格式作答：

【思考过程】：...

【最终答案】：AB / BCE / CD / DE / E / ...（只输出选项的编号，不要写选项内容）

示例：
题目：医疗伦理中四大基本原则是？
A.尊重自主权
B.善意行为
C.无害原则
D.公正原则
E.以上都不是
【思考过程】：本题考查医学伦理的四大基本原则，包括尊重自主权、不伤害原则、行善原则、公正原则。

【最终答案】：ABCD

题目：根据我国常规诊疗中知情同意书规范，以下哪些内容属于必须包含的信息？
A.研究人员必须每日向受试者汇报试验进展
B.试验步骤中涉及的创伤性医疗操作说明
C.定期公开展示试验结果以提升透明度
D.受试者有权获得试验相关损害的补偿及治疗
E.监查人员可查阅原始医学记录核实数据
【思考过程】：
",BDE,客观题
常规诊疗,"你是一个严格按照要求答题的医学考试考生。请你先展示出完整的思考过程，然后再输出最终答案。每道题目有至少两个选项（A、B）至多五个选项（A、B、C、D、E），题目为不定项选择题，请按照以下格式作答：

【思考过程】：...

【最终答案】：AB / BCE / CD / DE / E / ...（只输出选项的编号，不要写选项内容）

示例：
题目：医疗伦理中四大基本原则是？
A.尊重自主权
B.善意行为
C.无害原则
D.公正原则
E.以上都不是
【思考过程】：本题考查医学伦理的四大基本原则，包括尊重自主权、不伤害原则、行善原则、公正原则。

【最终答案】：ABCD

题目：以下哪些内容必须包含在临床试验的知情同意书中？
A. 临床试验可能影响胚胎发育的风险说明  
B. 监查员可不经受试者同意随时查阅原始医学记录  
C. 受试者需完成当前试验阶段方可提交退出申请  
D. 其他可选治疗方法的潜在获益与风险描述  
E. 试验团队有权根据情况公开受试者身份数据  
F. 发生试验相关损害时的补偿获取途径
【思考过程】：
",ADF,客观题
常规诊疗,"你是一个严格按照要求答题的医学考试考生。请你先展示出完整的思考过程，然后再输出最终答案。每道题目有至少两个选项（A、B）至多五个选项（A、B、C、D、E），题目为不定项选择题，请按照以下格式作答：

【思考过程】：...

【最终答案】：AB / BCE / CD / DE / E / ...（只输出选项的编号，不要写选项内容）

示例：
题目：医疗伦理中四大基本原则是？
A.尊重自主权
B.善意行为
C.无害原则
D.公正原则
E.以上都不是
【思考过程】：本题考查医学伦理的四大基本原则，包括尊重自主权、不伤害原则、行善原则、公正原则。

【最终答案】：ABCD

题目：以下哪一项不属于知情同意书必须包含的内容？
A.监查员有权查阅原始医学记录
B.第三方研究机构可使用受试者身份信息
C.试验数据可能用于商业用途
D.新风险出现时通知受试者
E.终止试验的具体情景说明
【思考过程】：
",BC,客观题
常规诊疗,"你是一个严格按照要求答题的医学考试考生。请你先展示出完整的思考过程，然后再输出最终答案。每道题目有至少两个选项（A、B）至多五个选项（A、B、C、D、E），题目为不定项选择题，请按照以下格式作答：

【思考过程】：...

【最终答案】：AB / BCE / CD / DE / E / ...（只输出选项的编号，不要写选项内容）

示例：
题目：医疗伦理中四大基本原则是？
A.尊重自主权
B.善意行为
C.无害原则
D.公正原则
E.以上都不是
【思考过程】：本题考查医学伦理的四大基本原则，包括尊重自主权、不伤害原则、行善原则、公正原则。

【最终答案】：ABCD

题目：以下哪些内容不属于知情同意书必须包括的信息？
A.存在影响胚胎、胎儿或哺乳婴儿风险时的说明
B.研究者的义务
C.监查员可核查原始医学记录的说明
D.受试者可能的饮食习惯要求
【思考过程】：
",BD,客观题
常规诊疗,"你是一个严格按照要求答题的医学考试考生。请你先展示出完整的思考过程，然后再输出最终答案。每道题目有至少两个选项（A、B）至多五个选项（A、B、C、D、E），题目为不定项选择题，请按照以下格式作答：

【思考过程】：...

【最终答案】：AB / BCE / CD / DE / E / ...（只输出选项的编号，不要写选项内容）

示例：
题目：医疗伦理中四大基本原则是？
A.尊重自主权
B.善意行为
C.无害原则
D.公正原则
E.以上都不是
【思考过程】：本题考查医学伦理的四大基本原则，包括尊重自主权、不伤害原则、行善原则、公正原则。

【最终答案】：ABCD

题目：以下哪项内容不属于知情同意书必须包含的信息？
A.研究团队成员可查阅受试者原始医疗记录
B.随机分配至安慰剂组的可能性
C.因预实验数据不足而终止试验的理由
D.试验结果会公开受试者年龄信息
E.受试者在试验期间每周需要的交通费用
【思考过程】：
",ACDE,客观题
常规诊疗,"你是一个严格按照要求答题的医学考试考生。请你先展示出完整的思考过程，然后再输出最终答案。每道题目有至少两个选项（A、B）至多五个选项（A、B、C、D、E），题目为不定项选择题，请按照以下格式作答：

【思考过程】：...

【最终答案】：AB / BCE / CD / DE / E / ...（只输出选项的编号，不要写选项内容）

示例：
题目：医疗伦理中四大基本原则是？
A.尊重自主权
B.善意行为
C.无害原则
D.公正原则
E.以上都不是
【思考过程】：本题考查医学伦理的四大基本原则，包括尊重自主权、不伤害原则、行善原则、公正原则。

【最终答案】：ABCD

题目：以下哪些内容必须包含在知情同意书和提供给受试者的资料中？
A.试验可能致受试者的风险或者不便，B.受试者可免费获得全程医疗服务，C.监查人员可查阅受试者原始病历以核实数据，D.提前终止试验时无需告知受试者，E.受试者身份信息在发布结果时仍保密
【思考过程】：
",ACE,客观题
常规诊疗,"你是一个严格按照要求答题的医学考试考生。请你先展示出完整的思考过程，然后再输出最终答案。每道题目有至少两个选项（A、B）至多五个选项（A、B、C、D、E），题目为不定项选择题，请按照以下格式作答：

【思考过程】：...

【最终答案】：AB / BCE / CD / DE / E / ...（只输出选项的编号，不要写选项内容）

示例：
题目：医疗伦理中四大基本原则是？
A.尊重自主权
B.善意行为
C.无害原则
D.公正原则
E.以上都不是
【思考过程】：本题考查医学伦理的四大基本原则，包括尊重自主权、不伤害原则、行善原则、公正原则。

【最终答案】：ABCD

题目：以下哪些内容必须包含在知情同意书或提供给受试者的资料中？
A.发生试验相关损害时可获得补偿或治疗
B.受试者参加试验可能获得的补偿
C.监查员可公开受试者身份信息用于科研发表
D.可能被终止试验的情况及理由
E.必须每日向伦理委员会报告试验进度
【思考过程】：
",BD,客观题
常规诊疗,"你是一个严格按照要求答题的医学考试考生。请你先展示出完整的思考过程，然后再输出最终答案。每道题目有至少两个选项（A、B）至多五个选项（A、B、C、D、E），题目为不定项选择题，请按照以下格式作答：

【思考过程】：...

【最终答案】：AB / BCE / CD / DE / E / ...（只输出选项的编号，不要写选项内容）

示例：
题目：医疗伦理中四大基本原则是？
A.尊重自主权
B.善意行为
C.无害原则
D.公正原则
E.以上都不是
【思考过程】：本题考查医学伦理的四大基本原则，包括尊重自主权、不伤害原则、行善原则、公正原则。

【最终答案】：ABCD

题目：以下哪项内容不属于知情同意书必须向受试者明确说明的事项？
A.试验期间提供的免费交通安排
B.受试者需要遵守的试验步骤中的常规医疗操作
C.监查员有权查阅受试者原始病历以核实数据
D.受试者可能被终止试验的情况及理由
E.试验涉及胚胎或哺乳婴儿的特殊风险
【思考过程】：
",AB,客观题
常规诊疗,"你是一个严格按照要求答题的医学考试考生。请你先展示出完整的思考过程，然后再输出最终答案。每道题目有至少两个选项（A、B）至多五个选项（A、B、C、D、E），题目为不定项选择题，请按照以下格式作答：

【思考过程】：...

【最终答案】：AB / BCE / CD / DE / E / ...（只输出选项的编号，不要写选项内容）

示例：
题目：医疗伦理中四大基本原则是？
A.尊重自主权
B.善意行为
C.无害原则
D.公正原则
E.以上都不是
【思考过程】：本题考查医学伦理的四大基本原则，包括尊重自主权、不伤害原则、行善原则、公正原则。

【最终答案】：ABCD

题目：以下哪些内容必须包含在知情同意书和提供给受试者的资料中？
A.第三方机构人员无需授权可任意查阅受试者原始医学记录
B.受试者发生试验相关损害时可获得补偿及治疗
C.受试者参加试验可能获得的补偿内容
D.监查员可在保密前提下查阅受试者原始医学记录
E.试验期间每月向受试者汇报研究进展情况
【思考过程】：
",BCD,客观题
常规诊疗,"你是一个严格按照要求答题的医学考试考生。请你先展示出完整的思考过程，然后再输出最终答案。每道题目有至少两个选项（A、B）至多五个选项（A、B、C、D、E），题目为不定项选择题，请按照以下格式作答：

【思考过程】：...

【最终答案】：AB / BCE / CD / DE / E / ...（只输出选项的编号，不要写选项内容）

示例：
题目：医疗伦理中四大基本原则是？
A.尊重自主权
B.善意行为
C.无害原则
D.公正原则
E.以上都不是
【思考过程】：本题考查医学伦理的四大基本原则，包括尊重自主权、不伤害原则、行善原则、公正原则。

【最终答案】：ABCD

题目：以下哪些内容不属于知情同意书和提供给受试者的资料必须包含的条目？
A.有新的可能影响受试者继续参加试验的信息时的告知义务
B.试验过程中受试者需承担的膳食费用
C.监查人员查阅原始医学记录的范围说明
D.临床试验方案设计者的学术职称和获奖情况
【思考过程】：
",BD,客观题
常规诊疗,"你是一个严格按照要求答题的医学考试考生。请你先展示出完整的思考过程，然后再输出最终答案。每道题目有至少两个选项（A、B）至多五个选项（A、B、C、D、E），题目为不定项选择题，请按照以下格式作答：

【思考过程】：...

【最终答案】：AB / BCE / CD / DE / E / ...（只输出选项的编号，不要写选项内容）

示例：
题目：医疗伦理中四大基本原则是？
A.尊重自主权
B.善意行为
C.无害原则
D.公正原则
E.以上都不是
【思考过程】：本题考查医学伦理的四大基本原则，包括尊重自主权、不伤害原则、行善原则、公正原则。

【最终答案】：ABCD

题目：以下哪项内容不属于知情同意书和提供给受试者的材料必须包含的法定要求？
A.监查员有权直接公开受试者医疗记录以验证数据
B.临床试验结束后向受试者持续提供免费药物
C.临床试验申办方的股东分红机制
D.随机分配至对照组的可能性说明
E.未经受试者同意时家属的医疗决策权
【思考过程】：
",BCE,客观题
常规诊疗,"你是一个严格按照要求答题的医学考试考生。请你先展示出完整的思考过程，然后再输出最终答案。每道题目有至少两个选项（A、B）至多五个选项（A、B、C、D、E），题目为不定项选择题，请按照以下格式作答：

【思考过程】：...

【最终答案】：AB / BCE / CD / DE / E / ...（只输出选项的编号，不要写选项内容）

示例：
题目：医疗伦理中四大基本原则是？
A.尊重自主权
B.善意行为
C.无害原则
D.公正原则
E.以上都不是
【思考过程】：本题考查医学伦理的四大基本原则，包括尊重自主权、不伤害原则、行善原则、公正原则。

【最终答案】：ABCD

题目：以下哪些内容必须包含在知情同意书和提供给受试者的资料中？
A. 试验期间所有相关费用由医院承担
B. 受试者若退出试验需提前一个月提交书面申请
C. 发布试验结果时将匿名处理受试者的身份信息
D. 受试者可联系的研究者及伦理委员会的联系方式
E. 监查员在保密原则下可查阅受试者的原始医学记录
【思考过程】：
",CDE,客观题
常规诊疗,"你是一个严格按照要求答题的医学考试考生。请你先展示出完整的思考过程，然后再输出最终答案。每道题目有至少两个选项（A、B）至多五个选项（A、B、C、D、E），题目为不定项选择题，请按照以下格式作答：

【思考过程】：...

【最终答案】：AB / BCE / CD / DE / E / ...（只输出选项的编号，不要写选项内容）

示例：
题目：医疗伦理中四大基本原则是？
A.尊重自主权
B.善意行为
C.无害原则
D.公正原则
E.以上都不是
【思考过程】：本题考查医学伦理的四大基本原则，包括尊重自主权、不伤害原则、行善原则、公正原则。

【最终答案】：ABCD

题目：以下哪项内容不属于知情同意书必须包含的要素？
A.监查员可基于病例核查需要直接调取受试者原始诊疗记录，B.参加试验预期的个人花费金额，C.试验治疗存在随机分配到对照组的可能性，D.受试者家属有权申请查阅临床试验相关病历
【思考过程】：
",D,客观题
常规诊疗,"你是一个严格按照要求答题的医学考试考生。请你先展示出完整的思考过程，然后再输出最终答案。每道题目有至少两个选项（A、B）至多五个选项（A、B、C、D、E），题目为不定项选择题，请按照以下格式作答：

【思考过程】：...

【最终答案】：AB / BCE / CD / DE / E / ...（只输出选项的编号，不要写选项内容）

示例：
题目：医疗伦理中四大基本原则是？
A.尊重自主权
B.善意行为
C.无害原则
D.公正原则
E.以上都不是
【思考过程】：本题考查医学伦理的四大基本原则，包括尊重自主权、不伤害原则、行善原则、公正原则。

【最终答案】：ABCD

题目：涉及临床试验中死亡事件的报告时，研究者必须向哪些主体提供尸检报告和最终医学报告？
A.仅申办者
B.仅伦理委员会
C.卫生行政部门
D.申办者和伦理委员会
E.受试者家属
【思考过程】：
",D,客观题
常规诊疗,"你是一个严格按照要求答题的医学考试考生。请你先展示出完整的思考过程，然后再输出最终答案。每道题目有至少两个选项（A、B）至多五个选项（A、B、C、D、E），题目为不定项选择题，请按照以下格式作答：

【思考过程】：...

【最终答案】：AB / BCE / CD / DE / E / ...（只输出选项的编号，不要写选项内容）

示例：
题目：医疗伦理中四大基本原则是？
A.尊重自主权
B.善意行为
C.无害原则
D.公正原则
E.以上都不是
【思考过程】：本题考查医学伦理的四大基本原则，包括尊重自主权、不伤害原则、行善原则、公正原则。

【最终答案】：ABCD

题目：当申办者终止某一临床试验时，研究者应当立即向哪两个部门报告？
A.临床试验机构、申办者
B.临床试验机构、伦理委员会
C.伦理委员会、卫生健康行政部门
D.申办者、伦理委员会
【思考过程】：
",B,客观题
常规诊疗,"你是一个严格按照要求答题的医学考试考生。请你先展示出完整的思考过程，然后再输出最终答案。每道题目有至少两个选项（A、B）至多五个选项（A、B、C、D、E），题目为不定项选择题，请按照以下格式作答：

【思考过程】：...

【最终答案】：AB / BCE / CD / DE / E / ...（只输出选项的编号，不要写选项内容）

示例：
题目：医疗伦理中四大基本原则是？
A.尊重自主权
B.善意行为
C.无害原则
D.公正原则
E.以上都不是
【思考过程】：本题考查医学伦理的四大基本原则，包括尊重自主权、不伤害原则、行善原则、公正原则。

【最终答案】：ABCD

题目：以下哪项内容不属于申办者在使用电子数据管理系统时必须制定的标准操作规程范围？
A.电子数据管理系统的应急方案
B.盲法试验揭盲后的数据处理流程
C.数据备份和恢复的具体周期
D.系统变更后的软件报废处理流程
E.论文发表前的原始数据删除流程
【思考过程】：
",E,客观题
常规诊疗,"你是一个严格按照要求答题的医学考试考生。请你先展示出完整的思考过程，然后再输出最终答案。每道题目有至少两个选项（A、B）至多五个选项（A、B、C、D、E），题目为不定项选择题，请按照以下格式作答：

【思考过程】：...

【最终答案】：AB / BCE / CD / DE / E / ...（只输出选项的编号，不要写选项内容）

示例：
题目：医疗伦理中四大基本原则是？
A.尊重自主权
B.善意行为
C.无害原则
D.公正原则
E.以上都不是
【思考过程】：本题考查医学伦理的四大基本原则，包括尊重自主权、不伤害原则、行善原则、公正原则。

【最终答案】：ABCD

题目：以下哪些选项属于电子数据管理系统标准操作程序必须覆盖的内容？
A.用户年龄限制的设定
B.系统的安装和使用
C.数据备份与恢复流程
D.软件界面的颜色设计
E.系统维护的标准方法
【思考过程】：
",BCE,客观题
常规诊疗,"你是一个严格按照要求答题的医学考试考生。请你先展示出完整的思考过程，然后再输出最终答案。每道题目有至少两个选项（A、B）至多五个选项（A、B、C、D、E），题目为不定项选择题，请按照以下格式作答：

【思考过程】：...

【最终答案】：AB / BCE / CD / DE / E / ...（只输出选项的编号，不要写选项内容）

示例：
题目：医疗伦理中四大基本原则是？
A.尊重自主权
B.善意行为
C.无害原则
D.公正原则
E.以上都不是
【思考过程】：本题考查医学伦理的四大基本原则，包括尊重自主权、不伤害原则、行善原则、公正原则。

【最终答案】：ABCD

题目：根据我国临床试验管理相关法规，以下哪些属于独立数据监查委员会的职责？
A.监督临床试验数据的日常采集工作
B.定期评价临床试验的进展及安全性数据
C.建议申办者停止正在实施的临床试验
D.对受试者病历进行定期审查
E.任命临床试验数据管理员
【思考过程】：
",BC,客观题
常规诊疗,"你是一个严格按照要求答题的医学考试考生。请你先展示出完整的思考过程，然后再输出最终答案。每道题目有至少两个选项（A、B）至多五个选项（A、B、C、D、E），题目为不定项选择题，请按照以下格式作答：

【思考过程】：...

【最终答案】：AB / BCE / CD / DE / E / ...（只输出选项的编号，不要写选项内容）

示例：
题目：医疗伦理中四大基本原则是？
A.尊重自主权
B.善意行为
C.无害原则
D.公正原则
E.以上都不是
【思考过程】：本题考查医学伦理的四大基本原则，包括尊重自主权、不伤害原则、行善原则、公正原则。

【最终答案】：ABCD

题目：以下哪项不属于申办者在临床试验数据管理中的要求？
A.电子数据管理系统必须经过可靠性验证并保持验证有效状态
B.允许研究者自行决定数据修改权限
C.盲法试验揭盲后需立即告知研究者受试者用药情况
D.必须每天备份电子数据
E.数据转换时需要保留原数据及转换轨迹
【思考过程】：
",BD,客观题
常规诊疗,"你是一个严格按照要求答题的医学考试考生。请你先展示出完整的思考过程，然后再输出最终答案。每道题目有至少两个选项（A、B）至多五个选项（A、B、C、D、E），题目为不定项选择题，请按照以下格式作答：

【思考过程】：...

【最终答案】：AB / BCE / CD / DE / E / ...（只输出选项的编号，不要写选项内容）

示例：
题目：医疗伦理中四大基本原则是？
A.尊重自主权
B.善意行为
C.无害原则
D.公正原则
E.以上都不是
【思考过程】：本题考查医学伦理的四大基本原则，包括尊重自主权、不伤害原则、行善原则、公正原则。

【最终答案】：ABCD

题目：某机构在临床试验中使用独立的数据监查委员会（DMC），以下哪些属于DMC的法定职责？
A.定期评价试验的进展包括安全性和有效性数据  
B.提出继续、修改或停止试验的建议  
C.直接监督临床试验实施人员的数据录入操作  
D.审核临床试验的经费使用情况报告  
E.保存所有相关会议记录并制定书面工作流程
【思考过程】：
",ABE,客观题
常规诊疗,"你是一个严格按照要求答题的医学考试考生。请你先展示出完整的思考过程，然后再输出最终答案。每道题目有至少两个选项（A、B）至多五个选项（A、B、C、D、E），题目为不定项选择题，请按照以下格式作答：

【思考过程】：...

【最终答案】：AB / BCE / CD / DE / E / ...（只输出选项的编号，不要写选项内容）

示例：
题目：医疗伦理中四大基本原则是？
A.尊重自主权
B.善意行为
C.无害原则
D.公正原则
E.以上都不是
【思考过程】：本题考查医学伦理的四大基本原则，包括尊重自主权、不伤害原则、行善原则、公正原则。

【最终答案】：ABCD

题目：申办者暂停或提前终止实施中的临床试验时，必须通知以下哪些机构或个人？
A.伦理委员会
B.所有相关研究者
C.临床试验机构
D.医疗机构负责人
E.药品监督管理部门
【思考过程】：
",BCE,客观题
常规诊疗,"你是一个严格按照要求答题的医学考试考生。请你先展示出完整的思考过程，然后再输出最终答案。每道题目有至少两个选项（A、B）至多五个选项（A、B、C、D、E），题目为不定项选择题，请按照以下格式作答：

【思考过程】：...

【最终答案】：AB / BCE / CD / DE / E / ...（只输出选项的编号，不要写选项内容）

示例：
题目：医疗伦理中四大基本原则是？
A.尊重自主权
B.善意行为
C.无害原则
D.公正原则
E.以上都不是
【思考过程】：本题考查医学伦理的四大基本原则，包括尊重自主权、不伤害原则、行善原则、公正原则。

【最终答案】：ABCD

题目：以下哪项属于申办者在电子数据管理系统标准操作规程中必须包含的内容？（不定项选择）
A.系统的独立伦理审查流程
B.逻辑备份与物理备份的交替策略
C.数据采集和处理的具体步骤
D.变更控制及应急预案描述
E.数据导出权限的最低操作员级别设定
F.系统报废后的社交媒体信息清理规则
【思考过程】：
",CD,客观题
常规诊疗,"你是一个严格按照要求答题的医学考试考生。请你先展示出完整的思考过程，然后再输出最终答案。每道题目有至少两个选项（A、B）至多五个选项（A、B、C、D、E），题目为不定项选择题，请按照以下格式作答：

【思考过程】：...

【最终答案】：AB / BCE / CD / DE / E / ...（只输出选项的编号，不要写选项内容）

示例：
题目：医疗伦理中四大基本原则是？
A.尊重自主权
B.善意行为
C.无害原则
D.公正原则
E.以上都不是
【思考过程】：本题考查医学伦理的四大基本原则，包括尊重自主权、不伤害原则、行善原则、公正原则。

【最终答案】：ABCD

题目：以下关于申办者在临床试验数据处理中的做法是否存在伦理或法律风险？  
选项D的描述是否合规？
A.为确保数据安全，允许非授权人员在监督下临时访问电子数据管理系统  
B.将盲法试验的数据录入人员与研究分组分配人员设置为同一团队  
C.计算机化系统升级后未重新进行验证，直接保留上次验证记录  
D.盲法试验数据录入和处理时，允许知晓分组信息以“调整分析策略”
【思考过程】：
",D,客观题
常规诊疗,"你是一个严格按照要求答题的医学考试考生。请你先展示出完整的思考过程，然后再输出最终答案。每道题目有至少两个选项（A、B）至多五个选项（A、B、C、D、E），题目为不定项选择题，请按照以下格式作答：

【思考过程】：...

【最终答案】：AB / BCE / CD / DE / E / ...（只输出选项的编号，不要写选项内容）

示例：
题目：医疗伦理中四大基本原则是？
A.尊重自主权
B.善意行为
C.无害原则
D.公正原则
E.以上都不是
【思考过程】：本题考查医学伦理的四大基本原则，包括尊重自主权、不伤害原则、行善原则、公正原则。

【最终答案】：ABCD

题目：以下哪些内容通常属于临床试验方案的必备要素？
A.研究背景资料
B.试验设备清单
C.试验目的
D.患者隐私协议
E.实施方式的具体步骤
【思考过程】：
",ACE,客观题
常规诊疗,"你是一个严格按照要求答题的医学考试考生。请你先展示出完整的思考过程，然后再输出最终答案。每道题目有至少两个选项（A、B）至多五个选项（A、B、C、D、E），题目为不定项选择题，请按照以下格式作答：

【思考过程】：...

【最终答案】：AB / BCE / CD / DE / E / ...（只输出选项的编号，不要写选项内容）

示例：
题目：医疗伦理中四大基本原则是？
A.尊重自主权
B.善意行为
C.无害原则
D.公正原则
E.以上都不是
【思考过程】：本题考查医学伦理的四大基本原则，包括尊重自主权、不伤害原则、行善原则、公正原则。

【最终答案】：ABCD

题目：以下哪一项通常不属于试验方案的必要组成部分？
A.试验设计
B.研究背景资料
C.实施方式的方法描述
D.参与者的经济补偿计划
E.试验目的
【思考过程】：
",D,客观题
常规诊疗,"你是一个严格按照要求答题的医学考试考生。请你先展示出完整的思考过程，然后再输出最终答案。每道题目有至少两个选项（A、B）至多五个选项（A、B、C、D、E），题目为不定项选择题，请按照以下格式作答：

【思考过程】：...

【最终答案】：AB / BCE / CD / DE / E / ...（只输出选项的编号，不要写选项内容）

示例：
题目：医疗伦理中四大基本原则是？
A.尊重自主权
B.善意行为
C.无害原则
D.公正原则
E.以上都不是
【思考过程】：本题考查医学伦理的四大基本原则，包括尊重自主权、不伤害原则、行善原则、公正原则。

【最终答案】：ABCD

题目：下列哪项内容必须包含在医学试验方案中？
A.研究经费预算
B.试验目的
C.数据存储规则
D.试验设计
E.受试者年龄上限
【思考过程】：
",BD,客观题
常规诊疗,"你是一个严格按照要求答题的医学考试考生。请你先展示出完整的思考过程，然后再输出最终答案。每道题目有至少两个选项（A、B）至多五个选项（A、B、C、D、E），题目为不定项选择题，请按照以下格式作答：

【思考过程】：...

【最终答案】：AB / BCE / CD / DE / E / ...（只输出选项的编号，不要写选项内容）

示例：
题目：医疗伦理中四大基本原则是？
A.尊重自主权
B.善意行为
C.无害原则
D.公正原则
E.以上都不是
【思考过程】：本题考查医学伦理的四大基本原则，包括尊重自主权、不伤害原则、行善原则、公正原则。

【最终答案】：ABCD

题目：以下哪一项不属于试验方案的必备内容？
A.研究背景资料
B.实验室安全指南
C.试验设计
D.实施步骤
E.预期商业利益分析
【思考过程】：
",BE,客观题
常规诊疗,"你是一个严格按照要求答题的医学考试考生。请你先展示出完整的思考过程，然后再输出最终答案。每道题目有至少两个选项（A、B）至多五个选项（A、B、C、D、E），题目为不定项选择题，请按照以下格式作答：

【思考过程】：...

【最终答案】：AB / BCE / CD / DE / E / ...（只输出选项的编号，不要写选项内容）

示例：
题目：医疗伦理中四大基本原则是？
A.尊重自主权
B.善意行为
C.无害原则
D.公正原则
E.以上都不是
【思考过程】：本题考查医学伦理的四大基本原则，包括尊重自主权、不伤害原则、行善原则、公正原则。

【最终答案】：ABCD

题目：以下哪些属于试验方案必须包含的内容？（多选）
A.基本信息
B.研究背景资料
C.试验目的
D.参与试验的医疗机构资质证明
E.试验设计的实施方式（方法、内容、步骤）
【思考过程】：
",ABCE,客观题
常规诊疗,"你是一个严格按照要求答题的医学考试考生。请你先展示出完整的思考过程，然后再输出最终答案。每道题目有至少两个选项（A、B）至多五个选项（A、B、C、D、E），题目为不定项选择题，请按照以下格式作答：

【思考过程】：...

【最终答案】：AB / BCE / CD / DE / E / ...（只输出选项的编号，不要写选项内容）

示例：
题目：医疗伦理中四大基本原则是？
A.尊重自主权
B.善意行为
C.无害原则
D.公正原则
E.以上都不是
【思考过程】：本题考查医学伦理的四大基本原则，包括尊重自主权、不伤害原则、行善原则、公正原则。

【最终答案】：ABCD

题目：以下哪个不属于试验方案通常包括的内容？
A.研究背景资料
B.试验目的
C.实施方式的具体步骤
D.数据分析方法
E.经费预算
【思考过程】：
",DE,客观题
常规诊疗,"你是一个严格按照要求答题的医学考试考生。请你先展示出完整的思考过程，然后再输出最终答案。每道题目有至少两个选项（A、B）至多五个选项（A、B、C、D、E），题目为不定项选择题，请按照以下格式作答：

【思考过程】：...

【最终答案】：AB / BCE / CD / DE / E / ...（只输出选项的编号，不要写选项内容）

示例：
题目：医疗伦理中四大基本原则是？
A.尊重自主权
B.善意行为
C.无害原则
D.公正原则
E.以上都不是
【思考过程】：本题考查医学伦理的四大基本原则，包括尊重自主权、不伤害原则、行善原则、公正原则。

【最终答案】：ABCD

题目：以下哪些内容属于临床试验设计的必要要素？
A.明确受试者参与临床试验的动机分析
B.主要终点和次要终点的界定
C.盲底保存和揭盲的程序
D.数据统计模型的数学推导说明
E.随访安排和时间节点说明
【思考过程】：
",BCE,客观题
常规诊疗,"你是一个严格按照要求答题的医学考试考生。请你先展示出完整的思考过程，然后再输出最终答案。每道题目有至少两个选项（A、B）至多五个选项（A、B、C、D、E），题目为不定项选择题，请按照以下格式作答：

【思考过程】：...

【最终答案】：AB / BCE / CD / DE / E / ...（只输出选项的编号，不要写选项内容）

示例：
题目：医疗伦理中四大基本原则是？
A.尊重自主权
B.善意行为
C.无害原则
D.公正原则
E.以上都不是
【思考过程】：本题考查医学伦理的四大基本原则，包括尊重自主权、不伤害原则、行善原则、公正原则。

【最终答案】：ABCD

题目：以下哪项属于临床试验设计中必须包含的内容？
A.明确临床试验的主要终点和中期终点
B.盲底保存和揭盲的程序
C.甲类药品与乙类药品对照实验设计
D.试验用药品管理流程
E.试验数据作为源数据直接记录的具体要求
【思考过程】：
",BDE,客观题
常规诊疗,"你是一个严格按照要求答题的医学考试考生。请你先展示出完整的思考过程，然后再输出最终答案。每道题目有至少两个选项（A、B）至多五个选项（A、B、C、D、E），题目为不定项选择题，请按照以下格式作答：

【思考过程】：...

【最终答案】：AB / BCE / CD / DE / E / ...（只输出选项的编号，不要写选项内容）

示例：
题目：医疗伦理中四大基本原则是？
A.尊重自主权
B.善意行为
C.无害原则
D.公正原则
E.以上都不是
【思考过程】：本题考查医学伦理的四大基本原则，包括尊重自主权、不伤害原则、行善原则、公正原则。

【最终答案】：ABCD

题目：以下哪项属于临床试验设计中必须包含的内容？
A.受试者的饮食习惯追踪计划
B.对照组选择理由及试验设计的描述
C.随访的具体安排及受试者参与时长
D.试验用药品的标签规范
E.研究团队的薪资结构说明
【思考过程】：
",BCD,客观题
常规诊疗,"你是一个严格按照要求答题的医学考试考生。请你先展示出完整的思考过程，然后再输出最终答案。每道题目有至少两个选项（A、B）至多五个选项（A、B、C、D、E），题目为不定项选择题，请按照以下格式作答：

【思考过程】：...

【最终答案】：AB / BCE / CD / DE / E / ...（只输出选项的编号，不要写选项内容）

示例：
题目：医疗伦理中四大基本原则是？
A.尊重自主权
B.善意行为
C.无害原则
D.公正原则
E.以上都不是
【思考过程】：本题考查医学伦理的四大基本原则，包括尊重自主权、不伤害原则、行善原则、公正原则。

【最终答案】：ABCD

题目：以下哪项不属于临床试验设计中必须包含的要素？
A.减少偏倚的措施说明
B.试验用药品的剂量与给药方案
C.盲底保存程序
D.受试者随访安排
E.研究样本量的统计学估算依据
F.生物统计学分析计划
【思考过程】：
",EF,客观题
常规诊疗,"你是一个严格按照要求答题的医学考试考生。请你先展示出完整的思考过程，然后再输出最终答案。每道题目有至少两个选项（A、B）至多五个选项（A、B、C、D、E），题目为不定项选择题，请按照以下格式作答：

【思考过程】：...

【最终答案】：AB / BCE / CD / DE / E / ...（只输出选项的编号，不要写选项内容）

示例：
题目：医疗伦理中四大基本原则是？
A.尊重自主权
B.善意行为
C.无害原则
D.公正原则
E.以上都不是
【思考过程】：本题考查医学伦理的四大基本原则，包括尊重自主权、不伤害原则、行善原则、公正原则。

【最终答案】：ABCD

题目：以下哪些内容属于临床试验设计的核心要素？
A.明确主要终点与次要终点
B.安慰剂采购供应商的筛选流程
C.采用单盲需说明理由及控制偏倚措施
D.初步研究结果的统计学分析方法是否独立
E.试验药品标签颜色设计规范
F.受试者参与时长及暂停试验标准
【思考过程】：
",ACF,客观题
常规诊疗,"你是一个严格按照要求答题的医学考试考生。请你先展示出完整的思考过程，然后再输出最终答案。每道题目有至少两个选项（A、B）至多五个选项（A、B、C、D、E），题目为不定项选择题，请按照以下格式作答：

【思考过程】：...

【最终答案】：AB / BCE / CD / DE / E / ...（只输出选项的编号，不要写选项内容）

示例：
题目：医疗伦理中四大基本原则是？
A.尊重自主权
B.善意行为
C.无害原则
D.公正原则
E.以上都不是
【思考过程】：本题考查医学伦理的四大基本原则，包括尊重自主权、不伤害原则、行善原则、公正原则。

【最终答案】：ABCD

题目：以下哪项不属于临床试验试验设计必须包含的要素？
A.研究对象的既往病史统计方法
B.研究设计的盲法和流程图展示
C.随机化降低偏倚的具体措施
D.试验用药品生产批号溯源流程
E.受试者随访时长与暂停试验标准
F.病例报告表的源数据录入规范
【思考过程】：
",AD,客观题
常规诊疗,"你是一个严格按照要求答题的医学考试考生。请你先展示出完整的思考过程，然后再输出最终答案。每道题目有至少两个选项（A、B）至多五个选项（A、B、C、D、E），题目为不定项选择题，请按照以下格式作答：

【思考过程】：...

【最终答案】：AB / BCE / CD / DE / E / ...（只输出选项的编号，不要写选项内容）

示例：
题目：医疗伦理中四大基本原则是？
A.尊重自主权
B.善意行为
C.无害原则
D.公正原则
E.以上都不是
【思考过程】：本题考查医学伦理的四大基本原则，包括尊重自主权、不伤害原则、行善原则、公正原则。

【最终答案】：ABCD

题目：以下哪项属于临床试验设计必须包含的内容？
A.明确主要终点和次要终点
B.收集受试者遗传信息
C.用文字描述控制偏倚措施
D.药物剂量及给药方案
E.试验数据的备份周期
【思考过程】：
",AD,客观题
常规诊疗,"你是一个严格按照要求答题的医学考试考生。请你先展示出完整的思考过程，然后再输出最终答案。每道题目有至少两个选项（A、B）至多五个选项（A、B、C、D、E），题目为不定项选择题，请按照以下格式作答：

【思考过程】：...

【最终答案】：AB / BCE / CD / DE / E / ...（只输出选项的编号，不要写选项内容）

示例：
题目：医疗伦理中四大基本原则是？
A.尊重自主权
B.善意行为
C.无害原则
D.公正原则
E.以上都不是
【思考过程】：本题考查医学伦理的四大基本原则，包括尊重自主权、不伤害原则、行善原则、公正原则。

【最终答案】：ABCD

题目：以下哪些内容属于临床试验设计的核心要素？
A.受试者的日常饮食管理
B.临床试验的次要终点确定
C.实验数据的初步分析报告
D.源数据直接录入病例报告的标准
E.控制偏倚的盲法实施过程
【思考过程】：
",BDE,客观题
常规诊疗,"你是一个严格按照要求答题的医学考试考生。请你先展示出完整的思考过程，然后再输出最终答案。每道题目有至少两个选项（A、B）至多五个选项（A、B、C、D、E），题目为不定项选择题，请按照以下格式作答：

【思考过程】：...

【最终答案】：AB / BCE / CD / DE / E / ...（只输出选项的编号，不要写选项内容）

示例：
题目：医疗伦理中四大基本原则是？
A.尊重自主权
B.善意行为
C.无害原则
D.公正原则
E.以上都不是
【思考过程】：本题考查医学伦理的四大基本原则，包括尊重自主权、不伤害原则、行善原则、公正原则。

【最终答案】：ABCD

题目：以下哪些属于受试者选择与退出的相关内容？
A.入选标准
B.排除标准
C.退出临床试验的标准
D.退出后的经济补偿标准
E.受试者的随访计划
【思考过程】：
",ABC,客观题
常规诊疗,"你是一个严格按照要求答题的医学考试考生。请你先展示出完整的思考过程，然后再输出最终答案。每道题目有至少两个选项（A、B）至多五个选项（A、B、C、D、E），题目为不定项选择题，请按照以下格式作答：

【思考过程】：...

【最终答案】：AB / BCE / CD / DE / E / ...（只输出选项的编号，不要写选项内容）

示例：
题目：医疗伦理中四大基本原则是？
A.尊重自主权
B.善意行为
C.无害原则
D.公正原则
E.以上都不是
【思考过程】：本题考查医学伦理的四大基本原则，包括尊重自主权、不伤害原则、行善原则、公正原则。

【最终答案】：ABCD

题目：在开展医疗器械临床评价时，以下哪种情形应当开展临床试验？
A.首次应用于人体的医疗器械需验证临床效果，B.现有同品种临床文献数据不足以确认产品安全有效，C.临床风险等级为低风险的常规诊疗器械，D.产品技术原理与已上市器械存在显著差异
【思考过程】：
",B,客观题
常规诊疗,"你是一个严格按照要求答题的医学考试考生。请你先展示出完整的思考过程，然后再输出最终答案。每道题目有至少两个选项（A、B）至多五个选项（A、B、C、D、E），题目为不定项选择题，请按照以下格式作答：

【思考过程】：...

【最终答案】：AB / BCE / CD / DE / E / ...（只输出选项的编号，不要写选项内容）

示例：
题目：医疗伦理中四大基本原则是？
A.尊重自主权
B.善意行为
C.无害原则
D.公正原则
E.以上都不是
【思考过程】：本题考查医学伦理的四大基本原则，包括尊重自主权、不伤害原则、行善原则、公正原则。

【最终答案】：ABCD

题目：国务院药品监督管理部门审批对人体具有较高风险的第三类医疗器械临床试验申请时，应自受理之日起多少个工作日内作出决定？
A.30个工作日
B.45个工作日
C.60个工作日
D.75个工作日
E.90个工作日
【思考过程】：
",C,客观题
常规诊疗,"你是一个严格按照要求答题的医学考试考生。请你先展示出完整的思考过程，然后再输出最终答案。每道题目有至少两个选项（A、B）至多五个选项（A、B、C、D、E），题目为不定项选择题，请按照以下格式作答：

【思考过程】：...

【最终答案】：AB / BCE / CD / DE / E / ...（只输出选项的编号，不要写选项内容）

示例：
题目：医疗伦理中四大基本原则是？
A.尊重自主权
B.善意行为
C.无害原则
D.公正原则
E.以上都不是
【思考过程】：本题考查医学伦理的四大基本原则，包括尊重自主权、不伤害原则、行善原则、公正原则。

【最终答案】：ABCD

题目：某医院开展新型血糖仪临床试验时，以下哪项行为违反了相关法规？
A.向所有成年受试者签署了书面知情同意书
B.向10岁受试者仅获取其父亲的口头同意
C.收取每位受试者50元耗材费
D.未在知情环节说明设备可能导致皮肤过敏的风险
【思考过程】：
",BCD,客观题
常规诊疗,"你是一个严格按照要求答题的医学考试考生。请你先展示出完整的思考过程，然后再输出最终答案。每道题目有至少两个选项（A、B）至多五个选项（A、B、C、D、E），题目为不定项选择题，请按照以下格式作答：

【思考过程】：...

【最终答案】：AB / BCE / CD / DE / E / ...（只输出选项的编号，不要写选项内容）

示例：
题目：医疗伦理中四大基本原则是？
A.尊重自主权
B.善意行为
C.无害原则
D.公正原则
E.以上都不是
【思考过程】：本题考查医学伦理的四大基本原则，包括尊重自主权、不伤害原则、行善原则、公正原则。

【最终答案】：ABCD

题目：根据我国相关法规，关于高风险植入性医疗器械的生产管理，以下说法错误的是？
A. 国务院药品监督管理部门负责制定高风险植入性医疗器械的具体目录
B. 符合条件的企业可申请委托生产该类器械，但需经过严格审核
C. 该条款明确禁止了此类器械的委托生产方式
D. 高风险植入性医疗器械目录的调整由国家市场监督管理总局负责
E. 某一省级医院自行研发的高风险植入器械可临时委托第三方生产应急
【思考过程】：
",BDE,客观题
常规诊疗,"你是一个严格按照要求答题的医学考试考生。请你先展示出完整的思考过程，然后再输出最终答案。每道题目有至少两个选项（A、B）至多五个选项（A、B、C、D、E），题目为不定项选择题，请按照以下格式作答：

【思考过程】：...

【最终答案】：AB / BCE / CD / DE / E / ...（只输出选项的编号，不要写选项内容）

示例：
题目：医疗伦理中四大基本原则是？
A.尊重自主权
B.善意行为
C.无害原则
D.公正原则
E.以上都不是
【思考过程】：本题考查医学伦理的四大基本原则，包括尊重自主权、不伤害原则、行善原则、公正原则。

【最终答案】：ABCD

题目：关于一次性使用医疗器械的处理，以下哪种做法符合规定？
A.消毒后再次使用，并详细记录使用情况
B.使用后立即丢弃至普通垃圾桶
C.按医疗废物分类销毁，但未保存销毁记录
D.高温灭菌后重复使用，销毁时登记信息
E.交由专业机构处理并留存销毁证明
【思考过程】：
",E,客观题
常规诊疗,"你是一个严格按照要求答题的医学考试考生。请你先展示出完整的思考过程，然后再输出最终答案。每道题目有至少两个选项（A、B）至多五个选项（A、B、C、D、E），题目为不定项选择题，请按照以下格式作答：

【思考过程】：...

【最终答案】：AB / BCE / CD / DE / E / ...（只输出选项的编号，不要写选项内容）

示例：
题目：医疗伦理中四大基本原则是？
A.尊重自主权
B.善意行为
C.无害原则
D.公正原则
E.以上都不是
【思考过程】：本题考查医学伦理的四大基本原则，包括尊重自主权、不伤害原则、行善原则、公正原则。

【最终答案】：ABCD

题目：根据相关规定，医疗器械使用单位对使用期限长的大型医疗器械必须采取以下哪些措施？
A.逐台建立使用档案
B.记录维护和实际使用时间
C.保存记录至使用终止后3年
D.按批次合并建档
【思考过程】：
",AB,客观题
常规诊疗,"你是一个严格按照要求答题的医学考试考生。请你先展示出完整的思考过程，然后再输出最终答案。每道题目有至少两个选项（A、B）至多五个选项（A、B、C、D、E），题目为不定项选择题，请按照以下格式作答：

【思考过程】：...

【最终答案】：AB / BCE / CD / DE / E / ...（只输出选项的编号，不要写选项内容）

示例：
题目：医疗伦理中四大基本原则是？
A.尊重自主权
B.善意行为
C.无害原则
D.公正原则
E.以上都不是
【思考过程】：本题考查医学伦理的四大基本原则，包括尊重自主权、不伤害原则、行善原则、公正原则。

【最终答案】：ABCD

题目：当发现医疗器械存在安全隐患时，以下哪些措施符合法规要求？
A.继续使用但密切监测风险
B.立即停止使用并通知相关机构检修
C.检修后仍未达标则重新评估使用范围
D.检修后仍未达标则彻底停用
E.未检修前仅在紧急情况下使用
【思考过程】：
",BD,客观题
常规诊疗,"你是一个严格按照要求答题的医学考试考生。请你先展示出完整的思考过程，然后再输出最终答案。每道题目有至少两个选项（A、B）至多五个选项（A、B、C、D、E），题目为不定项选择题，请按照以下格式作答：

【思考过程】：...

【最终答案】：AB / BCE / CD / DE / E / ...（只输出选项的编号，不要写选项内容）

示例：
题目：医疗伦理中四大基本原则是？
A.尊重自主权
B.善意行为
C.无害原则
D.公正原则
E.以上都不是
【思考过程】：本题考查医学伦理的四大基本原则，包括尊重自主权、不伤害原则、行善原则、公正原则。

【最终答案】：ABCD

题目：以下哪一种情形属于医疗器械经营企业或使用单位被禁止的行为？
A.经营未获得国际认证的医疗器械
B.使用未依法备案的医疗器械
C.使用无合格证明文件的医疗器械
D.销售已正式公告淘汰的医疗器械型号
E.销售已注册但超出保修期的医疗器械
【思考过程】：
",BCD,客观题
常规诊疗,"你是一个严格按照要求答题的医学考试考生。请你先展示出完整的思考过程，然后再输出最终答案。每道题目有至少两个选项（A、B）至多五个选项（A、B、C、D、E），题目为不定项选择题，请按照以下格式作答：

【思考过程】：...

【最终答案】：AB / BCE / CD / DE / E / ...（只输出选项的编号，不要写选项内容）

示例：
题目：医疗伦理中四大基本原则是？
A.尊重自主权
B.善意行为
C.无害原则
D.公正原则
E.以上都不是
【思考过程】：本题考查医学伦理的四大基本原则，包括尊重自主权、不伤害原则、行善原则、公正原则。

【最终答案】：ABCD

题目：根据相关法规，医疗器械注册人、备案人应履行以下哪些义务？
A.主动开展不良事件监测
B.向卫生行政部门直接报告产品风险
C.配备与其产品相适应的监测人员
D.向医疗器械不良事件监测技术机构报告评价情况
E.承诺产品治疗效果
【思考过程】：
",ACD,客观题
常规诊疗,"你是一个严格按照要求答题的医学考试考生。请你先展示出完整的思考过程，然后再输出最终答案。每道题目有至少两个选项（A、B）至多五个选项（A、B、C、D、E），题目为不定项选择题，请按照以下格式作答：

【思考过程】：...

【最终答案】：AB / BCE / CD / DE / E / ...（只输出选项的编号，不要写选项内容）

示例：
题目：医疗伦理中四大基本原则是？
A.尊重自主权
B.善意行为
C.无害原则
D.公正原则
E.以上都不是
【思考过程】：本题考查医学伦理的四大基本原则，包括尊重自主权、不伤害原则、行善原则、公正原则。

【最终答案】：ABCD

题目：卫生主管部门发现某医院使用大型医用设备进行过度治疗时，正确的处理程序是以下哪项？
A.在30个工作日内制定整改方案，B.立即纠正并依法处理，C.仅通报批评医院负责人，D.要求医院自查后提交报告
【思考过程】：
",B,客观题
常规诊疗,"你是一个严格按照要求答题的医学考试考生。请你先展示出完整的思考过程，然后再输出最终答案。每道题目有至少两个选项（A、B）至多五个选项（A、B、C、D、E），题目为不定项选择题，请按照以下格式作答：

【思考过程】：...

【最终答案】：AB / BCE / CD / DE / E / ...（只输出选项的编号，不要写选项内容）

示例：
题目：医疗伦理中四大基本原则是？
A.尊重自主权
B.善意行为
C.无害原则
D.公正原则
E.以上都不是
【思考过程】：本题考查医学伦理的四大基本原则，包括尊重自主权、不伤害原则、行善原则、公正原则。

【最终答案】：ABCD

题目：在进行医疗器械临床试验时，以下哪种情况符合相关伦理法规要求？
A.只需具备明确试验目的即可启动试验
B.当预期风险与获益持平时继续试验
C.获益显著超越风险成为试验前提
D.经伦理审核后忽略风险收益比强行推进
【思考过程】：
",C,客观题
常规诊疗,"你是一个严格按照要求答题的医学考试考生。请你先展示出完整的思考过程，然后再输出最终答案。每道题目有至少两个选项（A、B）至多五个选项（A、B、C、D、E），题目为不定项选择题，请按照以下格式作答：

【思考过程】：...

【最终答案】：AB / BCE / CD / DE / E / ...（只输出选项的编号，不要写选项内容）

示例：
题目：医疗伦理中四大基本原则是？
A.尊重自主权
B.善意行为
C.无害原则
D.公正原则
E.以上都不是
【思考过程】：本题考查医学伦理的四大基本原则，包括尊重自主权、不伤害原则、行善原则、公正原则。

【最终答案】：ABCD

题目：在进行医疗器械临床试验时，以下哪些条件是必须满足的？
A.获得伦理委员会的同意
B.获得省级药品监督管理局的批准
C.在符合要求的三级乙等医疗机构实施试验
D.若属于需临床试验审批的第三类医疗器械目录需获国家药监局批准
E.试验必须在三级甲等医疗机构进行
【思考过程】：
",ADE,客观题
常规诊疗,"你是一个严格按照要求答题的医学考试考生。请你先展示出完整的思考过程，然后再输出最终答案。每道题目有至少两个选项（A、B）至多五个选项（A、B、C、D、E），题目为不定项选择题，请按照以下格式作答：

【思考过程】：...

【最终答案】：AB / BCE / CD / DE / E / ...（只输出选项的编号，不要写选项内容）

示例：
题目：医疗伦理中四大基本原则是？
A.尊重自主权
B.善意行为
C.无害原则
D.公正原则
E.以上都不是
【思考过程】：本题考查医学伦理的四大基本原则，包括尊重自主权、不伤害原则、行善原则、公正原则。

【最终答案】：ABCD

题目：以下哪些属于伦理委员会的职责？
A.确保研究数据真实准确
B.监督医生执业资格
C.保护受试者合法权益和安全
D.维护受试者尊严
E.促进医学研究快速发展
【思考过程】：
",CD,客观题
常规诊疗,"你是一个严格按照要求答题的医学考试考生。请你先展示出完整的思考过程，然后再输出最终答案。每道题目有至少两个选项（A、B）至多五个选项（A、B、C、D、E），题目为不定项选择题，请按照以下格式作答：

【思考过程】：...

【最终答案】：AB / BCE / CD / DE / E / ...（只输出选项的编号，不要写选项内容）

示例：
题目：医疗伦理中四大基本原则是？
A.尊重自主权
B.善意行为
C.无害原则
D.公正原则
E.以上都不是
【思考过程】：本题考查医学伦理的四大基本原则，包括尊重自主权、不伤害原则、行善原则、公正原则。

【最终答案】：ABCD

题目：伦理委员会审查医疗器械临床试验时，必须重点关注以下哪些事项？
A.研究团队成员的职称评审情况  
B.主要研究者是否有相关学术论文发表  
C.受试者风险与试验预期受益的匹配度  
D.临床试验方案是否包含安慰剂对照组设计  
E.试验数据是否需要第三方统计学机构复核  
F.受试者入选标准是否具有科学性和公平性  
G.供应商提供的器械是否具有专利保护  
H.发生试验相关伤害时的保障措施是否充分
【思考过程】：
",CFH,客观题
常规诊疗,"你是一个严格按照要求答题的医学考试考生。请你先展示出完整的思考过程，然后再输出最终答案。每道题目有至少两个选项（A、B）至多五个选项（A、B、C、D、E），题目为不定项选择题，请按照以下格式作答：

【思考过程】：...

【最终答案】：AB / BCE / CD / DE / E / ...（只输出选项的编号，不要写选项内容）

示例：
题目：医疗伦理中四大基本原则是？
A.尊重自主权
B.善意行为
C.无害原则
D.公正原则
E.以上都不是
【思考过程】：本题考查医学伦理的四大基本原则，包括尊重自主权、不伤害原则、行善原则、公正原则。

【最终答案】：ABCD

题目：伦理委员会审查医疗器械临床试试验时，下列哪几项属于必须重点关注的审查内容？
A.试验分组是否采用双盲随机方法
B.受试者的入选和排除标准是否科学公平
C.对儿童、孕妇等特殊人群的保护措施是否充分
D.是否要求受试者支付合理补偿的费用
E.若发生试验相关的伤害是否有充分的诊治保障
【思考过程】：
",BCE,客观题
常规诊疗,"你是一个严格按照要求答题的医学考试考生。请你先展示出完整的思考过程，然后再输出最终答案。每道题目有至少两个选项（A、B）至多五个选项（A、B、C、D、E），题目为不定项选择题，请按照以下格式作答：

【思考过程】：...

【最终答案】：AB / BCE / CD / DE / E / ...（只输出选项的编号，不要写选项内容）

示例：
题目：医疗伦理中四大基本原则是？
A.尊重自主权
B.善意行为
C.无害原则
D.公正原则
E.以上都不是
【思考过程】：本题考查医学伦理的四大基本原则，包括尊重自主权、不伤害原则、行善原则、公正原则。

【最终答案】：ABCD

题目：伦理委员会在审查医疗器械临床试验时应重点关注哪几项内容？
A.主要研究者是否获得充足的研究资金
B.临床试验方案是否符合伦理原则和科学性
C.向受试者提供的信息资料是否完整告知其权利
D.受试者是否因参加试验获得足额补偿
E.对精神障碍患者等特殊人群的保护措施是否充分
【思考过程】：
",BCE,客观题
常规诊疗,"你是一个严格按照要求答题的医学考试考生。请你先展示出完整的思考过程，然后再输出最终答案。每道题目有至少两个选项（A、B）至多五个选项（A、B、C、D、E），题目为不定项选择题，请按照以下格式作答：

【思考过程】：...

【最终答案】：AB / BCE / CD / DE / E / ...（只输出选项的编号，不要写选项内容）

示例：
题目：医疗伦理中四大基本原则是？
A.尊重自主权
B.善意行为
C.无害原则
D.公正原则
E.以上都不是
【思考过程】：本题考查医学伦理的四大基本原则，包括尊重自主权、不伤害原则、行善原则、公正原则。

【最终答案】：ABCD

题目：伦理委员会审查医疗器械临床试验时，以下哪些内容属于重点审查要求？
A.主要研究者的学历教育背景是否达到副高职称及以上
B.临床试验方案是否对其他人员可能遭受的风险进行了保护
C.受试者参与试验后所有风险是否已被完全消除
D.受试者的入选过程是否遵循科学和公平原则
E.老年受试者的隐私保护措施是否充分
【思考过程】：
",BDE,客观题
常规诊疗,"你是一个严格按照要求答题的医学考试考生。请你先展示出完整的思考过程，然后再输出最终答案。每道题目有至少两个选项（A、B）至多五个选项（A、B、C、D、E），题目为不定项选择题，请按照以下格式作答：

【思考过程】：...

【最终答案】：AB / BCE / CD / DE / E / ...（只输出选项的编号，不要写选项内容）

示例：
题目：医疗伦理中四大基本原则是？
A.尊重自主权
B.善意行为
C.无害原则
D.公正原则
E.以上都不是
【思考过程】：本题考查医学伦理的四大基本原则，包括尊重自主权、不伤害原则、行善原则、公正原则。

【最终答案】：ABCD

题目：伦理委员会对医疗器械临床试验的审查重点关注内容包括以下哪几项？
A.受试者的风险程度与预期受益是否相匹配
B.受试者入选标准是否科学和公平
C.受试者损伤是否获得合理补偿和救治
D.是否设立独立的数据安全监查委员会
E.是否向受试者提供最新治疗技术的替代方案
【思考过程】：
",ABC,客观题
常规诊疗,"你是一个严格按照要求答题的医学考试考生。请你先展示出完整的思考过程，然后再输出最终答案。每道题目有至少两个选项（A、B）至多五个选项（A、B、C、D、E），题目为不定项选择题，请按照以下格式作答：

【思考过程】：...

【最终答案】：AB / BCE / CD / DE / E / ...（只输出选项的编号，不要写选项内容）

示例：
题目：医疗伦理中四大基本原则是？
A.尊重自主权
B.善意行为
C.无害原则
D.公正原则
E.以上都不是
【思考过程】：本题考查医学伦理的四大基本原则，包括尊重自主权、不伤害原则、行善原则、公正原则。

【最终答案】：ABCD

题目：伦理委员会的跟踪审查职责包括以下哪些内容？
A. 审核试验器械生产企业的资质证书  
B. 书面要求暂停存在风险的临床试验  
C. 审查研究者报告的严重不良事件  
D. 制定受试者知情同意书的语言模板  
E. 评估方案偏离对试验科学性的潜在影响
【思考过程】：
",BCE,客观题
常规诊疗,"你是一个严格按照要求答题的医学考试考生。请你先展示出完整的思考过程，然后再输出最终答案。每道题目有至少两个选项（A、B）至多五个选项（A、B、C、D、E），题目为不定项选择题，请按照以下格式作答：

【思考过程】：...

【最终答案】：AB / BCE / CD / DE / E / ...（只输出选项的编号，不要写选项内容）

示例：
题目：医疗伦理中四大基本原则是？
A.尊重自主权
B.善意行为
C.无害原则
D.公正原则
E.以上都不是
【思考过程】：本题考查医学伦理的四大基本原则，包括尊重自主权、不伤害原则、行善原则、公正原则。

【最终答案】：ABCD

题目：关于受试者知情同意的处理方式，下列哪一做法符合伦理要求？
A.16岁患者在无监护人参与的情况下自行签署知情同意书
B.文盲患者的知情同意过程由公正见证人全程见证并签字
C.限制民事行为能力患者在家属口头同意后由其本人签署同意书
D.未要求已签署旧版本同意书的受试者在更新后重新签署新版本
【思考过程】：
",B,客观题
常规诊疗,"你是一个严格按照要求答题的医学考试考生。请你先展示出完整的思考过程，然后再输出最终答案。每道题目有至少两个选项（A、B）至多五个选项（A、B、C、D、E），题目为不定项选择题，请按照以下格式作答：

【思考过程】：...

【最终答案】：AB / BCE / CD / DE / E / ...（只输出选项的编号，不要写选项内容）

示例：
题目：医疗伦理中四大基本原则是？
A.尊重自主权
B.善意行为
C.无害原则
D.公正原则
E.以上都不是
【思考过程】：本题考查医学伦理的四大基本原则，包括尊重自主权、不伤害原则、行善原则、公正原则。

【最终答案】：ABCD

题目：以下哪些行为符合研究者应遵守的伦理要求？
A.强迫受试者在节假日签署同意书以加快试验进度
B.对无阅读能力的受试者，由研究者直接录制口头同意内容存档
C.更新知情同意书后仅要求新加入的受试者签署新版本
D.向成年无民事行为能力人的配偶解释风险并获取书面知情同意
E.让监护人与未成年受试者共同签署不同版本的知情同意书
【思考过程】：
",D,客观题
常规诊疗,"你是一个严格按照要求答题的医学考试考生。请你先展示出完整的思考过程，然后再输出最终答案。每道题目有至少两个选项（A、B）至多五个选项（A、B、C、D、E），题目为不定项选择题，请按照以下格式作答：

【思考过程】：...

【最终答案】：AB / BCE / CD / DE / E / ...（只输出选项的编号，不要写选项内容）

示例：
题目：医疗伦理中四大基本原则是？
A.尊重自主权
B.善意行为
C.无害原则
D.公正原则
E.以上都不是
【思考过程】：本题考查医学伦理的四大基本原则，包括尊重自主权、不伤害原则、行善原则、公正原则。

【最终答案】：ABCD

题目：在医疗器械临床试验中，研究者在处理不良事件时，需承担以下哪些责任？
A.立即停止试验并通知监管机构
B.为受试者提供足够和及时的治疗
C.发现器械缺陷后48小时内记录
D.当出现并发疾病时仅告知家属
E.同步记录不良事件和器械缺陷
【思考过程】：
",BE,客观题
常规诊疗,"你是一个严格按照要求答题的医学考试考生。请你先展示出完整的思考过程，然后再输出最终答案。每道题目有至少两个选项（A、B）至多五个选项（A、B、C、D、E），题目为不定项选择题，请按照以下格式作答：

【思考过程】：...

【最终答案】：AB / BCE / CD / DE / E / ...（只输出选项的编号，不要写选项内容）

示例：
题目：医疗伦理中四大基本原则是？
A.尊重自主权
B.善意行为
C.无害原则
D.公正原则
E.以上都不是
【思考过程】：本题考查医学伦理的四大基本原则，包括尊重自主权、不伤害原则、行善原则、公正原则。

【最终答案】：ABCD

题目：在医疗器械临床试验中，研究者发现严重不良事件后应在多少小时内向相关方报告？
A.6小时
B.12小时
C.24小时
D.48小时
E.72小时
【思考过程】：
",C,客观题
常规诊疗,"你是一个严格按照要求答题的医学考试考生。请你先展示出完整的思考过程，然后再输出最终答案。每道题目有至少两个选项（A、B）至多五个选项（A、B、C、D、E），题目为不定项选择题，请按照以下格式作答：

【思考过程】：...

【最终答案】：AB / BCE / CD / DE / E / ...（只输出选项的编号，不要写选项内容）

示例：
题目：医疗伦理中四大基本原则是？
A.尊重自主权
B.善意行为
C.无害原则
D.公正原则
E.以上都不是
【思考过程】：本题考查医学伦理的四大基本原则，包括尊重自主权、不伤害原则、行善原则、公正原则。

【最终答案】：ABCD

题目：在一项医疗器械临床试验中，以下哪些情况申办者无需承担损害赔偿责任？
A.研究者因手部受伤导致手术器械操作失误
B.受试者自身肝硬化发展为肝衰竭
C.临床试验机构未校准体温计导致用药剂量错误
D.申办方未告知器械潜在辐射风险
E.受试者急性阑尾炎突发需紧急手术
【思考过程】：
",BCE,客观题
常规诊疗,"你是一个严格按照要求答题的医学考试考生。请你先展示出完整的思考过程，然后再输出最终答案。每道题目有至少两个选项（A、B）至多五个选项（A、B、C、D、E），题目为不定项选择题，请按照以下格式作答：

【思考过程】：...

【最终答案】：AB / BCE / CD / DE / E / ...（只输出选项的编号，不要写选项内容）

示例：
题目：医疗伦理中四大基本原则是？
A.尊重自主权
B.善意行为
C.无害原则
D.公正原则
E.以上都不是
【思考过程】：本题考查医学伦理的四大基本原则，包括尊重自主权、不伤害原则、行善原则、公正原则。

【最终答案】：ABCD

题目：根据医疗器械临床试验数据管理规定，当确需更改源数据时，必须完成以下哪些必要操作？
A.说明修改理由并在记录中清晰标注
B.由主要研究者签名确认
C.在修改处注明具体日期
D.删除原始数据并重新誊写
E.提交伦理委员会特别备案
【思考过程】：
",ABC,客观题
常规诊疗,"你是一个严格按照要求答题的医学考试考生。请你先展示出完整的思考过程，然后再输出最终答案。每道题目有至少两个选项（A、B）至多五个选项（A、B、C、D、E），题目为不定项选择题，请按照以下格式作答：

【思考过程】：...

【最终答案】：AB / BCE / CD / DE / E / ...（只输出选项的编号，不要写选项内容）

示例：
题目：医疗伦理中四大基本原则是？
A.尊重自主权
B.善意行为
C.无害原则
D.公正原则
E.以上都不是
【思考过程】：本题考查医学伦理的四大基本原则，包括尊重自主权、不伤害原则、行善原则、公正原则。

【最终答案】：ABCD

题目：以下哪项措施是对哺乳期或怀孕妇女施用诊断性放射性药物时必须采取的？
A.对哺乳期妇女进行施用前的正当性判断
B.对孕妇进行影像检查时评估孕妇自身接受的辐射剂量
C.特别需要对怀孕妇女影像检查时评估胎儿吸收剂量
D.对怀孕妇女的常规超声波检查前评估胎儿吸收剂量
【思考过程】：
",AC,客观题
常规诊疗,"你是一个严格按照要求答题的医学考试考生。请你先展示出完整的思考过程，然后再输出最终答案。每道题目有至少两个选项（A、B）至多五个选项（A、B、C、D、E），题目为不定项选择题，请按照以下格式作答：

【思考过程】：...

【最终答案】：AB / BCE / CD / DE / E / ...（只输出选项的编号，不要写选项内容）

示例：
题目：医疗伦理中四大基本原则是？
A.尊重自主权
B.善意行为
C.无害原则
D.公正原则
E.以上都不是
【思考过程】：本题考查医学伦理的四大基本原则，包括尊重自主权、不伤害原则、行善原则、公正原则。

【最终答案】：ABCD

题目：在必须进行放射性药物治疗以挽救孕妇生命的情况下，若胎儿接受的剂量不超过多少可以不终止怀孕？
A.50 mGy
B.80 mGy
C.100 mGy
D.150 mGy
E.200 mGy
【思考过程】：
",C,客观题
常规诊疗,"你是一个严格按照要求答题的医学考试考生。请你先展示出完整的思考过程，然后再输出最终答案。每道题目有至少两个选项（A、B）至多五个选项（A、B、C、D、E），题目为不定项选择题，请按照以下格式作答：

【思考过程】：...

【最终答案】：AB / BCE / CD / DE / E / ...（只输出选项的编号，不要写选项内容）

示例：
题目：医疗伦理中四大基本原则是？
A.尊重自主权
B.善意行为
C.无害原则
D.公正原则
E.以上都不是
【思考过程】：本题考查医学伦理的四大基本原则，包括尊重自主权、不伤害原则、行善原则、公正原则。

【最终答案】：ABCD

题目：以下哪项符合执业医师开具放射性药物处方的要求？
A.为确保诊断质量使用较高放射性剂量
B.应用已有信息避免重复照射
C.医疗照射验证程序独立于处方
D.核医学检查参考医生个人经验
E.依患者要求重复无指征检查
【思考过程】：
",B,客观题
常规诊疗,"你是一个严格按照要求答题的医学考试考生。请你先展示出完整的思考过程，然后再输出最终答案。每道题目有至少两个选项（A、B）至多五个选项（A、B、C、D、E），题目为不定项选择题，请按照以下格式作答：

【思考过程】：...

【最终答案】：AB / BCE / CD / DE / E / ...（只输出选项的编号，不要写选项内容）

示例：
题目：医疗伦理中四大基本原则是？
A.尊重自主权
B.善意行为
C.无害原则
D.公正原则
E.以上都不是
【思考过程】：本题考查医学伦理的四大基本原则，包括尊重自主权、不伤害原则、行善原则、公正原则。

【最终答案】：ABCD

题目：核医学工作人员向接受放射性药物治疗的患者提供的出院指导必须包含以下哪些内容？
A.书面指导放射性药物注意事项
B.口头指导禁止接触护理人员的时限
C.需减少接触的家庭成员应包含未成年人、孕妇及配偶
D.需减少接触的家庭成员包含孕妇但不包括配偶
E.建议告知成年子女避免日常接触
【思考过程】：
",AC,客观题
常规诊疗,"你是一个严格按照要求答题的医学考试考生。请你先展示出完整的思考过程，然后再输出最终答案。每道题目有至少两个选项（A、B）至多五个选项（A、B、C、D、E），题目为不定项选择题，请按照以下格式作答：

【思考过程】：...

【最终答案】：AB / BCE / CD / DE / E / ...（只输出选项的编号，不要写选项内容）

示例：
题目：医疗伦理中四大基本原则是？
A.尊重自主权
B.善意行为
C.无害原则
D.公正原则
E.以上都不是
【思考过程】：本题考查医学伦理的四大基本原则，包括尊重自主权、不伤害原则、行善原则、公正原则。

【最终答案】：ABCD

题目：以下哪种情况属于异常医疗照射？
A.放射性核素治疗时将药物误用于非靶组织， B.诊断检查中连续5次重复实施CT扫描， C.设备参数偏差导致照射剂量比计划减少10%， D.MRI检查前未告知患者金属禁忌但未造成实际照射， E.化疗药物的辅助用药量轻微超过说明书推荐值
【思考过程】：
",ABC,客观题
常规诊疗,"你是一个严格按照要求答题的医学考试考生。请你先展示出完整的思考过程，然后再输出最终答案。每道题目有至少两个选项（A、B）至多五个选项（A、B、C、D、E），题目为不定项选择题，请按照以下格式作答：

【思考过程】：...

【最终答案】：AB / BCE / CD / DE / E / ...（只输出选项的编号，不要写选项内容）

示例：
题目：医疗伦理中四大基本原则是？
A.尊重自主权
B.善意行为
C.无害原则
D.公正原则
E.以上都不是
【思考过程】：本题考查医学伦理的四大基本原则，包括尊重自主权、不伤害原则、行善原则、公正原则。

【最终答案】：ABCD

题目：以下哪几项是放射性药物必须控制的项目？
A.核素纯度
B.化学毒性杂质
C.放射化学纯度
D.放射性活度
E.颗粒药物粒径（如MAA需70%在10-90μm）
【思考过程】：
",ABC,客观题
常规诊疗,"你是一个严格按照要求答题的医学考试考生。请你先展示出完整的思考过程，然后再输出最终答案。每道题目有至少两个选项（A、B）至多五个选项（A、B、C、D、E），题目为不定项选择题，请按照以下格式作答：

【思考过程】：...

【最终答案】：AB / BCE / CD / DE / E / ...（只输出选项的编号，不要写选项内容）

示例：
题目：医疗伦理中四大基本原则是？
A.尊重自主权
B.善意行为
C.无害原则
D.公正原则
E.以上都不是
【思考过程】：本题考查医学伦理的四大基本原则，包括尊重自主权、不伤害原则、行善原则、公正原则。

【最终答案】：ABCD

题目：根据医学伦理要求，以下哪些属于医生的职责？
A.将治疗患者的疾病作为首要职责
B.为服务人群和社会的健康福祉做出贡献（包含后代）
C.优先确保当前社会群体的医疗卫生需求
D.提供医疗时最大限度尊重人的生命尊严
E.尊重患者的自主权和医疗选择权
【思考过程】：
",BDE,客观题
常规诊疗,"你是一个严格按照要求答题的医学考试考生。请你先展示出完整的思考过程，然后再输出最终答案。每道题目有至少两个选项（A、B）至多五个选项（A、B、C、D、E），题目为不定项选择题，请按照以下格式作答：

【思考过程】：...

【最终答案】：AB / BCE / CD / DE / E / ...（只输出选项的编号，不要写选项内容）

示例：
题目：医疗伦理中四大基本原则是？
A.尊重自主权
B.善意行为
C.无害原则
D.公正原则
E.以上都不是
【思考过程】：本题考查医学伦理的四大基本原则，包括尊重自主权、不伤害原则、行善原则、公正原则。

【最终答案】：ABCD

题目：医生在行医过程中不得因以下哪些因素对患者产生歧视或偏见？
A.性别
B.民族血统
C.性取向
D.疾病种类
E.经济能力
F.婚姻状况
G.职业类型
【思考过程】：
",ABCD,客观题
常规诊疗,"你是一个严格按照要求答题的医学考试考生。请你先展示出完整的思考过程，然后再输出最终答案。每道题目有至少两个选项（A、B）至多五个选项（A、B、C、D、E），题目为不定项选择题，请按照以下格式作答：

【思考过程】：...

【最终答案】：AB / BCE / CD / DE / E / ...（只输出选项的编号，不要写选项内容）

示例：
题目：医疗伦理中四大基本原则是？
A.尊重自主权
B.善意行为
C.无害原则
D.公正原则
E.以上都不是
【思考过程】：本题考查医学伦理的四大基本原则，包括尊重自主权、不伤害原则、行善原则、公正原则。

【最终答案】：ABCD

题目：当医生发现某项治疗方案的选择可能受到所在机构合作药企的利益影响时，以下哪种做法符合伦理要求？
A.优先选用合作药企的高价新药以提升科室效益
B.隐瞒合作关系但严格遵循诊疗规范开展治疗
C.使用替代方案并在医疗文书中注明变更原因
D.治疗前告知患者潜在利益冲突并经患者签署知情同意书
【思考过程】：
",CD,客观题
常规诊疗,"你是一个严格按照要求答题的医学考试考生。请你先展示出完整的思考过程，然后再输出最终答案。每道题目有至少两个选项（A、B）至多五个选项（A、B、C、D、E），题目为不定项选择题，请按照以下格式作答：

【思考过程】：...

【最终答案】：AB / BCE / CD / DE / E / ...（只输出选项的编号，不要写选项内容）

示例：
题目：医疗伦理中四大基本原则是？
A.尊重自主权
B.善意行为
C.无害原则
D.公正原则
E.以上都不是
【思考过程】：本题考查医学伦理的四大基本原则，包括尊重自主权、不伤害原则、行善原则、公正原则。

【最终答案】：ABCD

题目：以下哪些行为违反了“严禁参与或协助施行酷刑”的医学伦理原则？
A.在审讯现场提供医疗支持以确保受刑者生命体征平稳
B.应执法人员要求调整药物剂量以延长受刑者意识清醒时间
C.拒绝为涉及酷刑的审讯活动提供任何医学建议
D.为受刑者进行创伤后心理康复治疗
【思考过程】：
",AB,客观题
常规诊疗,"你是一个严格按照要求答题的医学考试考生。请你先展示出完整的思考过程，然后再输出最终答案。每道题目有至少两个选项（A、B）至多五个选项（A、B、C、D、E），题目为不定项选择题，请按照以下格式作答：

【思考过程】：...

【最终答案】：AB / BCE / CD / DE / E / ...（只输出选项的编号，不要写选项内容）

示例：
题目：医疗伦理中四大基本原则是？
A.尊重自主权
B.善意行为
C.无害原则
D.公正原则
E.以上都不是
【思考过程】：本题考查医学伦理的四大基本原则，包括尊重自主权、不伤害原则、行善原则、公正原则。

【最终答案】：ABCD

题目：在医疗护理中，以下哪些行为违反了医生的伦理义务？
A.医生在患者多次表示不愿继续化疗后仍然制定化疗方案
B.医生向患者隐瞒药物可能导致永久性脱发的副作用
C.医生根据患者的宗教信仰调整饮食方案
D.医生在患者签署知情同意书前实施紧急抢救手术
【思考过程】：
",AB,客观题
常规诊疗,"你是一个严格按照要求答题的医学考试考生。请你先展示出完整的思考过程，然后再输出最终答案。每道题目有至少两个选项（A、B）至多五个选项（A、B、C、D、E），题目为不定项选择题，请按照以下格式作答：

【思考过程】：...

【最终答案】：AB / BCE / CD / DE / E / ...（只输出选项的编号，不要写选项内容）

示例：
题目：医疗伦理中四大基本原则是？
A.尊重自主权
B.善意行为
C.无害原则
D.公正原则
E.以上都不是
【思考过程】：本题考查医学伦理的四大基本原则，包括尊重自主权、不伤害原则、行善原则、公正原则。

【最终答案】：ABCD

题目：以下哪些做法符合医学伦理中""以患者最佳利益为出发点""的基本要求？
A.优先选择预期获益明显大于风险的方案
B.主动评估疗法对患者家庭经济状况的影响
C.推荐临床收益相同时对医院成本更低的方案
D.在治疗副作用不可避免时提前制定干预措施
E.必须完全消除所有潜在伤害后再施行诊疗
【思考过程】：
",ABD,客观题
常规诊疗,"你是一个严格按照要求答题的医学考试考生。请你先展示出完整的思考过程，然后再输出最终答案。每道题目有至少两个选项（A、B）至多五个选项（A、B、C、D、E），题目为不定项选择题，请按照以下格式作答：

【思考过程】：...

【最终答案】：AB / BCE / CD / DE / E / ...（只输出选项的编号，不要写选项内容）

示例：
题目：医疗伦理中四大基本原则是？
A.尊重自主权
B.善意行为
C.无害原则
D.公正原则
E.以上都不是
【思考过程】：本题考查医学伦理的四大基本原则，包括尊重自主权、不伤害原则、行善原则、公正原则。

【最终答案】：ABCD

题目：医生在常规诊疗过程中必须履行哪些义务？
A. 在紧急情况下可不经患者同意直接进行治疗
B. 治疗前获得患者自愿的知情同意并确保其理解信息
C. 尊重患者因经济困难而拒绝继续治疗的决定
D. 患者签署同意书后不得撤回治疗授权
E. 仅需在手术前告知患者风险，日常护理无需再次确认
【思考过程】：
",BC,客观题
常规诊疗,"你是一个严格按照要求答题的医学考试考生。请你先展示出完整的思考过程，然后再输出最终答案。每道题目有至少两个选项（A、B）至多五个选项（A、B、C、D、E），题目为不定项选择题，请按照以下格式作答：

【思考过程】：...

【最终答案】：AB / BCE / CD / DE / E / ...（只输出选项的编号，不要写选项内容）

示例：
题目：医疗伦理中四大基本原则是？
A.尊重自主权
B.善意行为
C.无害原则
D.公正原则
E.以上都不是
【思考过程】：本题考查医学伦理的四大基本原则，包括尊重自主权、不伤害原则、行善原则、公正原则。

【最终答案】：ABCD

题目：当患者决策能力严重受损时，医生应当采取以下哪种处置流程？
A.直接根据家属意见决策
B.忽略患者参与可能性自行判断
C.尽可能让患者参与决策环节，并与患者信任的代表共同推断其偏好
D.在患者偏好无法确定时立即以医生认为的最佳利益决策
E.以上所有步骤均需符合医学伦理准则
【思考过程】：
",CE,客观题
常规诊疗,"你是一个严格按照要求答题的医学考试考生。请你先展示出完整的思考过程，然后再输出最终答案。每道题目有至少两个选项（A、B）至多五个选项（A、B、C、D、E），题目为不定项选择题，请按照以下格式作答：

【思考过程】：...

【最终答案】：AB / BCE / CD / DE / E / ...（只输出选项的编号，不要写选项内容）

示例：
题目：医疗伦理中四大基本原则是？
A.尊重自主权
B.善意行为
C.无害原则
D.公正原则
E.以上都不是
【思考过程】：本题考查医学伦理的四大基本原则，包括尊重自主权、不伤害原则、行善原则、公正原则。

【最终答案】：ABCD

题目：在紧急情况下，患者无法参与决策且无家属在场时，医生可以采取以下哪种处理方式？
A.无需任何条件即可实施治疗
B.可以采取干预措施，但必须基于患者的最佳利益并尽可能参考其已知偏好
C.必须通过远程方式征得家属口头同意后操作
D.以患者已故亲属生前签署的授权书为依据实施抢救
【思考过程】：
",B,客观题
常规诊疗,"你是一个严格按照要求答题的医学考试考生。请你先展示出完整的思考过程，然后再输出最终答案。每道题目有至少两个选项（A、B）至多五个选项（A、B、C、D、E），题目为不定项选择题，请按照以下格式作答：

【思考过程】：...

【最终答案】：AB / BCE / CD / DE / E / ...（只输出选项的编号，不要写选项内容）

示例：
题目：医疗伦理中四大基本原则是？
A.尊重自主权
B.善意行为
C.无害原则
D.公正原则
E.以上都不是
【思考过程】：本题考查医学伦理的四大基本原则，包括尊重自主权、不伤害原则、行善原则、公正原则。

【最终答案】：ABCD

题目：以下哪种情况下医生可以合法披露患者生前已签署保密协议的健康信息？
A.未征得患者亲属同意，但因怀疑存在传染病暴发风险必须向疾控部门报告所有诊疗细节；B.患者生前书面同意在去世后将其癌症治疗数据用于医学研究；C.发现患者生前捐赠的器官存在未披露的遗传疾病，可能导致受体死亡，且已无法联系其直系亲属补充知情同意；D.因临床试验数据完整性要求，向合作机构提供包含患者身份证号码的完整诊疗记录；E.患者胞妹声称需要信息办理遗产继承，医生向其提供了患者完整的HIV筛查报告
【思考过程】：
",BC,客观题
常规诊疗,"你是一个严格按照要求答题的医学考试考生。请你先展示出完整的思考过程，然后再输出最终答案。每道题目有至少两个选项（A、B）至多五个选项（A、B、C、D、E），题目为不定项选择题，请按照以下格式作答：

【思考过程】：...

【最终答案】：AB / BCE / CD / DE / E / ...（只输出选项的编号，不要写选项内容）

示例：
题目：医疗伦理中四大基本原则是？
A.尊重自主权
B.善意行为
C.无害原则
D.公正原则
E.以上都不是
【思考过程】：本题考查医学伦理的四大基本原则，包括尊重自主权、不伤害原则、行善原则、公正原则。

【最终答案】：ABCD

题目：以下哪种行为可能违反医生不得让利益冲突影响专业判断的规定？
A.因医院持股接受药企代言的处方行为
B.根据亲属关系减免患者诊疗费用的行为
C.接受患者赠送的锦旗并调整治疗方案
D.因科研合作需求优先选取合作企业的医疗器械
【思考过程】：
",ABD,客观题
常规诊疗,"你是一个严格按照要求答题的医学考试考生。请你先展示出完整的思考过程，然后再输出最终答案。每道题目有至少两个选项（A、B）至多五个选项（A、B、C、D、E），题目为不定项选择题，请按照以下格式作答：

【思考过程】：...

【最终答案】：AB / BCE / CD / DE / E / ...（只输出选项的编号，不要写选项内容）

示例：
题目：医疗伦理中四大基本原则是？
A.尊重自主权
B.善意行为
C.无害原则
D.公正原则
E.以上都不是
【思考过程】：本题考查医学伦理的四大基本原则，包括尊重自主权、不伤害原则、行善原则、公正原则。

【最终答案】：ABCD

题目：在实施远程医疗时，医生必须履行以下哪些义务？
A.仅需通过视频会议完成基础问诊，B.明确解释远程医疗的技术风险和治疗效果，C.在患者未签署文件时默认得到许可，D.仅在涉及隐私问题时才强化保密措施，E.患者病情稳定时无需安排线下复诊
【思考过程】：
",B,客观题
常规诊疗,"你是一个严格按照要求答题的医学考试考生。请你先展示出完整的思考过程，然后再输出最终答案。每道题目有至少两个选项（A、B）至多五个选项（A、B、C、D、E），题目为不定项选择题，请按照以下格式作答：

【思考过程】：...

【最终答案】：AB / BCE / CD / DE / E / ...（只输出选项的编号，不要写选项内容）

示例：
题目：医疗伦理中四大基本原则是？
A.尊重自主权
B.善意行为
C.无害原则
D.公正原则
E.以上都不是
【思考过程】：本题考查医学伦理的四大基本原则，包括尊重自主权、不伤害原则、行善原则、公正原则。

【最终答案】：ABCD

题目：以下哪些行为被医学伦理规范明确禁止在医生与当前患者的关系中发生？
A.与已结束治疗1年以上的前患者产生亲密关系
B.在患者明确同意的情形下建立存在剥削的经济合作
C.利用诊疗便利对患者实施精神虐待
D.开展与诊疗无关的金钱交易行为
E.以治疗为借口与当前患者发生性行为
【思考过程】：
",CDE,客观题
常规诊疗,"你是一个严格按照要求答题的医学考试考生。请你先展示出完整的思考过程，然后再输出最终答案。每道题目有至少两个选项（A、B）至多五个选项（A、B、C、D、E），题目为不定项选择题，请按照以下格式作答：

【思考过程】：...

【最终答案】：AB / BCE / CD / DE / E / ...（只输出选项的编号，不要写选项内容）

示例：
题目：医疗伦理中四大基本原则是？
A.尊重自主权
B.善意行为
C.无害原则
D.公正原则
E.以上都不是
【思考过程】：本题考查医学伦理的四大基本原则，包括尊重自主权、不伤害原则、行善原则、公正原则。

【最终答案】：ABCD

题目：医生在何种情况下可以出于良心反对而拒绝提供医疗干预，并且符合伦理义务？
A. 医生认为治疗违背个人信仰，立即终止护理并让患者自行寻找其他医生  
B. 医生在确保患者健康不受威胁且未受伤害的情况下，推迟一周告知患者其反对理由  
C. 医生拒绝治疗但继续护理，同时未告知患者有权咨询其他医生  
D. 医生向患者说明反对理由，提供转诊信息，并保证患者未受伤害且健康无风险
【思考过程】：
",D,客观题
常规诊疗,"你是一个严格按照要求答题的医学考试考生。请你先展示出完整的思考过程，然后再输出最终答案。每道题目有至少两个选项（A、B）至多五个选项（A、B、C、D、E），题目为不定项选择题，请按照以下格式作答：

【思考过程】：...

【最终答案】：AB / BCE / CD / DE / E / ...（只输出选项的编号，不要写选项内容）

示例：
题目：医疗伦理中四大基本原则是？
A.尊重自主权
B.善意行为
C.无害原则
D.公正原则
E.以上都不是
【思考过程】：本题考查医学伦理的四大基本原则，包括尊重自主权、不伤害原则、行善原则、公正原则。

【最终答案】：ABCD

题目：在常规诊疗中，医生的哪些行为符合职业伦理要求？
A.在会诊中因同事性别而质疑其专业能力
B.与护士沟通时使用冒犯性语言
C.确保团队讨论遵守保密原则
D.主动向其他医生隐瞒患者的药物过敏史
【思考过程】：
",C,客观题
常规诊疗,"你是一个严格按照要求答题的医学考试考生。请你先展示出完整的思考过程，然后再输出最终答案。每道题目有至少两个选项（A、B）至多五个选项（A、B、C、D、E），题目为不定项选择题，请按照以下格式作答：

【思考过程】：...

【最终答案】：AB / BCE / CD / DE / E / ...（只输出选项的编号，不要写选项内容）

示例：
题目：医疗伦理中四大基本原则是？
A.尊重自主权
B.善意行为
C.无害原则
D.公正原则
E.以上都不是
【思考过程】：本题考查医学伦理的四大基本原则，包括尊重自主权、不伤害原则、行善原则、公正原则。

【最终答案】：ABCD

题目：根据医学伦理原则，医生在常规诊疗中不得干扰同事的医患关系，但在以下哪些情况例外？
A.当患者家属单独提出更换医生要求
B.当发现患者当前治疗可能存在错误导致健康风险
C.当患者因经济困难无法支付医疗费用
D.应患者和原主管医生的共同书面请求
E.根据科室主任的行政指令
【思考过程】：
",BD,客观题
常规诊疗,"你是一个严格按照要求答题的医学考试考生。请你先展示出完整的思考过程，然后再输出最终答案。每道题目有至少两个选项（A、B）至多五个选项（A、B、C、D、E），题目为不定项选择题，请按照以下格式作答：

【思考过程】：...

【最终答案】：AB / BCE / CD / DE / E / ...（只输出选项的编号，不要写选项内容）

示例：
题目：医疗伦理中四大基本原则是？
A.尊重自主权
B.善意行为
C.无害原则
D.公正原则
E.以上都不是
【思考过程】：本题考查医学伦理的四大基本原则，包括尊重自主权、不伤害原则、行善原则、公正原则。

【最终答案】：ABCD

题目：根据相关法规，医生应向有关当局报告以下哪些情形？
A.同事间因意见分歧发生轻微争执
B.医生遭受患者家属的暴力威胁
C.连续超时工作导致过度疲劳
D.患者拒绝接受治疗建议
E.医院长期缺乏必要医疗设备
【思考过程】：
",BC,客观题
常规诊疗,"你是一个严格按照要求答题的医学考试考生。请你先展示出完整的思考过程，然后再输出最终答案。每道题目有至少两个选项（A、B）至多五个选项（A、B、C、D、E），题目为不定项选择题，请按照以下格式作答：

【思考过程】：...

【最终答案】：AB / BCE / CD / DE / E / ...（只输出选项的编号，不要写选项内容）

示例：
题目：医疗伦理中四大基本原则是？
A.尊重自主权
B.善意行为
C.无害原则
D.公正原则
E.以上都不是
【思考过程】：本题考查医学伦理的四大基本原则，包括尊重自主权、不伤害原则、行善原则、公正原则。

【最终答案】：ABCD

题目：以下哪项属于医生必须关注的公平公正提供医疗护理的内容？
A.优先处理病情较轻的患者
B.关注健康服务资源的分配差异
C.监测患者与医务人员的权利是否受损
D.研究经济收入对就医机会的影响
E.根据患者职业调整诊疗方案
【思考过程】：
",BCD,客观题
常规诊疗,"你是一个严格按照要求答题的医学考试考生。请你先展示出完整的思考过程，然后再输出最终答案。每道题目有至少两个选项（A、B）至多五个选项（A、B、C、D、E），题目为不定项选择题，请按照以下格式作答：

【思考过程】：...

【最终答案】：AB / BCE / CD / DE / E / ...（只输出选项的编号，不要写选项内容）

示例：
题目：医疗伦理中四大基本原则是？
A.尊重自主权
B.善意行为
C.无害原则
D.公正原则
E.以上都不是
【思考过程】：本题考查医学伦理的四大基本原则，包括尊重自主权、不伤害原则、行善原则、公正原则。

【最终答案】：ABCD

题目：以下哪些是医生在公共场合讨论新疗法时必须满足的要求？
A.必须获得医院宣传部门的事先批准
B.确保陈述具有科学准确性
C.引用至少3篇权威期刊文献
D.允许患者立即参与开放式提问
E.使用非专业人士可理解的语言
【思考过程】：
",BE,客观题
常规诊疗,"你是一个严格按照要求答题的医学考试考生。请你先展示出完整的思考过程，然后再输出最终答案。每道题目有至少两个选项（A、B）至多五个选项（A、B、C、D、E），题目为不定项选择题，请按照以下格式作答：

【思考过程】：...

【最终答案】：AB / BCE / CD / DE / E / ...（只输出选项的编号，不要写选项内容）

示例：
题目：医疗伦理中四大基本原则是？
A.尊重自主权
B.善意行为
C.无害原则
D.公正原则
E.以上都不是
【思考过程】：本题考查医学伦理的四大基本原则，包括尊重自主权、不伤害原则、行善原则、公正原则。

【最终答案】：ABCD

题目：以下哪些行为可能违反上述伦理原则？
A.医生在患者要求下停止无效治疗，转而进行舒缓护理；B.医院为完成医学研究项目，将研究目标患者的治疗优先级调后；C.医疗机构未经患者同意公开其病历以推动公共卫生政策；D.为保护患者隐私，仅在必要范围内共享其医疗信息。
【思考过程】：
",BC,客观题
常规诊疗,"你是一个严格按照要求答题的医学考试考生。请你先展示出完整的思考过程，然后再输出最终答案。每道题目有至少两个选项（A、B）至多五个选项（A、B、C、D、E），题目为不定项选择题，请按照以下格式作答：

【思考过程】：...

【最终答案】：AB / BCE / CD / DE / E / ...（只输出选项的编号，不要写选项内容）

示例：
题目：医疗伦理中四大基本原则是？
A.尊重自主权
B.善意行为
C.无害原则
D.公正原则
E.以上都不是
【思考过程】：本题考查医学伦理的四大基本原则，包括尊重自主权、不伤害原则、行善原则、公正原则。

【最终答案】：ABCD

题目：以下哪一表述体现了医学伦理中的双重义务要求？
A.科研人员可自主决定高风险技术的实施范围
B.尽可能使相关个体受益并最大限度减少其损害
C.只需保证患者本人获得直接医疗改善
D.优先保障新技术在学术领域的领先性
【思考过程】：
",B,客观题
常规诊疗,"你是一个严格按照要求答题的医学考试考生。请你先展示出完整的思考过程，然后再输出最终答案。每道题目有至少两个选项（A、B）至多五个选项（A、B、C、D、E），题目为不定项选择题，请按照以下格式作答：

【思考过程】：...

【最终答案】：AB / BCE / CD / DE / E / ...（只输出选项的编号，不要写选项内容）

示例：
题目：医疗伦理中四大基本原则是？
A.尊重自主权
B.善意行为
C.无害原则
D.公正原则
E.以上都不是
【思考过程】：本题考查医学伦理的四大基本原则，包括尊重自主权、不伤害原则、行善原则、公正原则。

【最终答案】：ABCD

题目：关于患者自主权的处理方式，以下哪些做法符合伦理要求？
A. 允许患者在仅考虑自身意愿的情况下自行决定治疗方案
B. 对认知障碍患者采用与普通患者相同的知情同意流程
C. 尊重患者在负责并尊重他人自主权前提下作出的决定
D. 对暂时失去意识的患者推迟治疗直至其恢复清醒
【思考过程】：
",C,客观题
常规诊疗,"你是一个严格按照要求答题的医学考试考生。请你先展示出完整的思考过程，然后再输出最终答案。每道题目有至少两个选项（A、B）至多五个选项（A、B、C、D、E），题目为不定项选择题，请按照以下格式作答：

【思考过程】：...

【最终答案】：AB / BCE / CD / DE / E / ...（只输出选项的编号，不要写选项内容）

示例：
题目：医疗伦理中四大基本原则是？
A.尊重自主权
B.善意行为
C.无害原则
D.公正原则
E.以上都不是
【思考过程】：本题考查医学伦理的四大基本原则，包括尊重自主权、不伤害原则、行善原则、公正原则。

【最终答案】：ABCD

题目：在进行以某个社区为对象的医学研究时，以下哪种做法符合相关伦理要求？
A.仅获得社区领导的同意后开展研究
B.同时取得社区代表的同意和个人知情同意
C.在个人不知情的情况下，根据社区集体同意进行研究
D.仅获取个人知情同意后进行，无需社区代表同意
E.经国内伦理委员会特别批准后，无需任何形式的同意即可开展
【思考过程】：
",B,客观题
常规诊疗,"你是一个严格按照要求答题的医学考试考生。请你先展示出完整的思考过程，然后再输出最终答案。每道题目有至少两个选项（A、B）至多五个选项（A、B、C、D、E），题目为不定项选择题，请按照以下格式作答：

【思考过程】：...

【最终答案】：AB / BCE / CD / DE / E / ...（只输出选项的编号，不要写选项内容）

示例：
题目：医疗伦理中四大基本原则是？
A.尊重自主权
B.善意行为
C.无害原则
D.公正原则
E.以上都不是
【思考过程】：本题考查医学伦理的四大基本原则，包括尊重自主权、不伤害原则、行善原则、公正原则。

【最终答案】：ABCD

题目：关于患者撤回知情同意的权利，以下描述正确的是？
A.患者只能在医疗措施实施前24小时内撤回同意
B.患者需向医院支付违约金后方可撤回同意
C.患者撤回同意时需要提供书面申请并签字
D.患者可以在医疗措施进行过程中以任何理由撤回同意且不受不利影响
【思考过程】：
",D,客观题
常规诊疗,"你是一个严格按照要求答题的医学考试考生。请你先展示出完整的思考过程，然后再输出最终答案。每道题目有至少两个选项（A、B）至多五个选项（A、B、C、D、E），题目为不定项选择题，请按照以下格式作答：

【思考过程】：...

【最终答案】：AB / BCE / CD / DE / E / ...（只输出选项的编号，不要写选项内容）

示例：
题目：医疗伦理中四大基本原则是？
A.尊重自主权
B.善意行为
C.无害原则
D.公正原则
E.以上都不是
【思考过程】：本题考查医学伦理的四大基本原则，包括尊重自主权、不伤害原则、行善原则、公正原则。

【最终答案】：ABCD

题目：关于医学研究中当事人撤回知情同意的权利，下列哪项描述是**错误**的？
A.撤回同意需要向研究者提交书面申请
B.当事人撤回同意后可能需赔偿研究损失
C.当事人可在研究数据初步分析阶段撤回同意
D.撤回同意的理由需经伦理委员会审核
E.研究者有权拒绝部分撤回请求以保障研究完整性
【思考过程】：
",ABDE,客观题
常规诊疗,"你是一个严格按照要求答题的医学考试考生。请你先展示出完整的思考过程，然后再输出最终答案。每道题目有至少两个选项（A、B）至多五个选项（A、B、C、D、E），题目为不定项选择题，请按照以下格式作答：

【思考过程】：...

【最终答案】：AB / BCE / CD / DE / E / ...（只输出选项的编号，不要写选项内容）

示例：
题目：医疗伦理中四大基本原则是？
A.尊重自主权
B.善意行为
C.无害原则
D.公正原则
E.以上都不是
【思考过程】：本题考查医学伦理的四大基本原则，包括尊重自主权、不伤害原则、行善原则、公正原则。

【最终答案】：ABCD

题目：以下哪种说法符合相关法规关于群体性医学研究中知情同意的要求？
A.经政府部门批准后可不获取社区代表的同意
B.获得社区代表的书面认可即可免除所有个体同意
C.社区集体同意不能取代个人的知情同意
D.特殊情况下领导批示可代替个人同意
【思考过程】：
",C,客观题
常规诊疗,"你是一个严格按照要求答题的医学考试考生。请你先展示出完整的思考过程，然后再输出最终答案。每道题目有至少两个选项（A、B）至多五个选项（A、B、C、D、E），题目为不定项选择题，请按照以下格式作答：

【思考过程】：...

【最终答案】：AB / BCE / CD / DE / E / ...（只输出选项的编号，不要写选项内容）

示例：
题目：医疗伦理中四大基本原则是？
A.尊重自主权
B.善意行为
C.无害原则
D.公正原则
E.以上都不是
【思考过程】：本题考查医学伦理的四大基本原则，包括尊重自主权、不伤害原则、行善原则、公正原则。

【最终答案】：ABCD

题目：以下哪种情况允许对无能力表示同意的当事人开展与其健康无直接益处的研究？
A. 只要研究能明显缩短实验周期  
B. 研究符合法律保护条件，且预期有助于改善同类人群健康，并确保当事人承受最小风险  
C. 经家属强烈要求且医院伦理委员会多数同意  
D. 当事人未明确反对时，经监护人同意即可
【思考过程】：
",B,客观题
常规诊疗,"你是一个严格按照要求答题的医学考试考生。请你先展示出完整的思考过程，然后再输出最终答案。每道题目有至少两个选项（A、B）至多五个选项（A、B、C、D、E），题目为不定项选择题，请按照以下格式作答：

【思考过程】：...

【最终答案】：AB / BCE / CD / DE / E / ...（只输出选项的编号，不要写选项内容）

示例：
题目：医疗伦理中四大基本原则是？
A.尊重自主权
B.善意行为
C.无害原则
D.公正原则
E.以上都不是
【思考过程】：本题考查医学伦理的四大基本原则，包括尊重自主权、不伤害原则、行善原则、公正原则。

【最终答案】：ABCD

题目：根据患者隐私保护相关法规，医疗机构可以出于以下哪些目的使用患者的个人信息？
A.为开展新型药物临床试验提供数据支持
B.应患者家属请求提供患者用药记录
C.依照法律规定向公共卫生主管部门上报传染病信息
D.用于收集或同意提供时的初始目的以外的研究项目
E.必须仅用于收集或同意的初始目的
【思考过程】：
",CE,客观题
常规诊疗,"你是一个严格按照要求答题的医学考试考生。请你先展示出完整的思考过程，然后再输出最终答案。每道题目有至少两个选项（A、B）至多五个选项（A、B、C、D、E），题目为不定项选择题，请按照以下格式作答：

【思考过程】：...

【最终答案】：AB / BCE / CD / DE / E / ...（只输出选项的编号，不要写选项内容）

示例：
题目：医疗伦理中四大基本原则是？
A.尊重自主权
B.善意行为
C.无害原则
D.公正原则
E.以上都不是
【思考过程】：本题考查医学伦理的四大基本原则，包括尊重自主权、不伤害原则、行善原则、公正原则。

【最终答案】：ABCD

题目：以下哪项不属于科学技术发展在促进健康权利方面应实现的目标？
A.提供高质量的医疗服务和必要药品
B.保障充分的营养和水源供应
C.改善居民生活条件和环境质量
D.建立基于绩效的医疗人员考核体系
E.增加对高新技术医疗设备的研发投入
【思考过程】：
",DE,客观题
常规诊疗,"你是一个严格按照要求答题的医学考试考生。请你先展示出完整的思考过程，然后再输出最终答案。每道题目有至少两个选项（A、B）至多五个选项（A、B、C、D、E），题目为不定项选择题，请按照以下格式作答：

【思考过程】：...

【最终答案】：AB / BCE / CD / DE / E / ...（只输出选项的编号，不要写选项内容）

示例：
题目：医疗伦理中四大基本原则是？
A.尊重自主权
B.善意行为
C.无害原则
D.公正原则
E.以上都不是
【思考过程】：本题考查医学伦理的四大基本原则，包括尊重自主权、不伤害原则、行善原则、公正原则。

【最终答案】：ABCD

题目：以下哪项不属于医学伦理中要求对人类与其他形式的生命相互关系给予关注的内容？
A.重视合理获得和利用生物遗传资源
B.尊重传统知识中的生态保护理念
C.保障生物圈和生物多样性的稳定性
D.优先开发新型药物以推进技术进步
E.评估诊疗活动对野生动物栖息地的影响
【思考过程】：
",D,客观题
常规诊疗,"你是一个严格按照要求答题的医学考试考生。请你先展示出完整的思考过程，然后再输出最终答案。每道题目有至少两个选项（A、B）至多五个选项（A、B、C、D、E），题目为不定项选择题，请按照以下格式作答：

【思考过程】：...

【最终答案】：AB / BCE / CD / DE / E / ...（只输出选项的编号，不要写选项内容）

示例：
题目：医疗伦理中四大基本原则是？
A.尊重自主权
B.善意行为
C.无害原则
D.公正原则
E.以上都不是
【思考过程】：本题考查医学伦理的四大基本原则，包括尊重自主权、不伤害原则、行善原则、公正原则。

【最终答案】：ABCD

题目：在涉及人类受试者的医学研究中，下列哪项描述符合伦理法规对权益优先级的界定？
A.科学研究的突破性价值应适度优先于受试者的潜在风险
B.当研究可能显著改善公共健康时，可降低个体安全保障标准
C.在征得受试者同意后，社会利益可优先于其个人权益
D.即使研究结论的验证受到干扰，也必须立即停止损害受试者权益的操作
E.受试者基于自愿的原则下，科学利益和个体福利具有同等地位
【思考过程】：
",D,客观题
常规诊疗,"你是一个严格按照要求答题的医学考试考生。请你先展示出完整的思考过程，然后再输出最终答案。每道题目有至少两个选项（A、B）至多五个选项（A、B、C、D、E），题目为不定项选择题，请按照以下格式作答：

【思考过程】：...

【最终答案】：AB / BCE / CD / DE / E / ...（只输出选项的编号，不要写选项内容）

示例：
题目：医疗伦理中四大基本原则是？
A.尊重自主权
B.善意行为
C.无害原则
D.公正原则
E.以上都不是
【思考过程】：本题考查医学伦理的四大基本原则，包括尊重自主权、不伤害原则、行善原则、公正原则。

【最终答案】：ABCD

题目：在受试者参与临床试验期间，研究者应当履行以下哪些医疗职责？
A.提供与试验相关不良事件的医疗护理
B.及时告知出现需医疗干预的合并症
C.将受试者转诊至其他医疗机构
D.无需处理与研究无关的健康问题
E.监测所有实验室指标变化
【思考过程】：
",AB,客观题
常规诊疗,"你是一个严格按照要求答题的医学考试考生。请你先展示出完整的思考过程，然后再输出最终答案。每道题目有至少两个选项（A、B）至多五个选项（A、B、C、D、E），题目为不定项选择题，请按照以下格式作答：

【思考过程】：...

【最终答案】：AB / BCE / CD / DE / E / ...（只输出选项的编号，不要写选项内容）

示例：
题目：医疗伦理中四大基本原则是？
A.尊重自主权
B.善意行为
C.无害原则
D.公正原则
E.以上都不是
【思考过程】：本题考查医学伦理的四大基本原则，包括尊重自主权、不伤害原则、行善原则、公正原则。

【最终答案】：ABCD

题目：以下哪项内容不属于知情同意书必须包含的说明？
A.试验中涉及的实验性内容
B.受试者退出试验需提前一周申请
C.监查员可直接查阅受试者原始医疗记录
D.因试验相关损伤可获得的补偿和/或治疗
E.受试者参与试验的交通费用补贴
【思考过程】：
",BCE,客观题
常规诊疗,"你是一个严格按照要求答题的医学考试考生。请你先展示出完整的思考过程，然后再输出最终答案。每道题目有至少两个选项（A、B）至多五个选项（A、B、C、D、E），题目为不定项选择题，请按照以下格式作答：

【思考过程】：...

【最终答案】：AB / BCE / CD / DE / E / ...（只输出选项的编号，不要写选项内容）

示例：
题目：医疗伦理中四大基本原则是？
A.尊重自主权
B.善意行为
C.无害原则
D.公正原则
E.以上都不是
【思考过程】：本题考查医学伦理的四大基本原则，包括尊重自主权、不伤害原则、行善原则、公正原则。

【最终答案】：ABCD

题目：以下哪项不属于知情同意书必须包含的说明内容？
A.试验目的
B.分配至各治疗组的概率
C.受试者随时退出且不丧失权益的权利
D.试验对当前疾病的绝对治愈率
E.研究中可能面临的不便风险
【思考过程】：
",D,客观题
常规诊疗,"你是一个严格按照要求答题的医学考试考生。请你先展示出完整的思考过程，然后再输出最终答案。每道题目有至少两个选项（A、B）至多五个选项（A、B、C、D、E），题目为不定项选择题，请按照以下格式作答：

【思考过程】：...

【最终答案】：AB / BCE / CD / DE / E / ...（只输出选项的编号，不要写选项内容）

示例：
题目：医疗伦理中四大基本原则是？
A.尊重自主权
B.善意行为
C.无害原则
D.公正原则
E.以上都不是
【思考过程】：本题考查医学伦理的四大基本原则，包括尊重自主权、不伤害原则、行善原则、公正原则。

【最终答案】：ABCD

题目：根据知情同意讨论及书面知情同意书要求，以下哪一项不属于必须向受试者说明的内容？
A.受试者可能面临的涉及胚胎的风险说明
B.与监查员有权查阅原始医疗记录相关的授权条款
C.因参与试验可获得的固定报酬金额
D.试验导致费用需由受试者自行承担的情形
【思考过程】：
",C,客观题
常规诊疗,"你是一个严格按照要求答题的医学考试考生。请你先展示出完整的思考过程，然后再输出最终答案。每道题目有至少两个选项（A、B）至多五个选项（A、B、C、D、E），题目为不定项选择题，请按照以下格式作答：

【思考过程】：...

【最终答案】：AB / BCE / CD / DE / E / ...（只输出选项的编号，不要写选项内容）

示例：
题目：医疗伦理中四大基本原则是？
A.尊重自主权
B.善意行为
C.无害原则
D.公正原则
E.以上都不是
【思考过程】：本题考查医学伦理的四大基本原则，包括尊重自主权、不伤害原则、行善原则、公正原则。

【最终答案】：ABCD

题目：根据知情同意书的相关规定，以下哪些内容必须向受试者明确说明？
A.替代治疗方案的预期费用
B.分配的输注液种类及具体操作流程
C.因试验相关损伤可获得的补偿和/或治疗
D.参与临床试验的每周报酬明细
E.受试者退出试验可能面临的处罚措施
【思考过程】：
",C,客观题
常规诊疗,"你是一个严格按照要求答题的医学考试考生。请你先展示出完整的思考过程，然后再输出最终答案。每道题目有至少两个选项（A、B）至多五个选项（A、B、C、D、E），题目为不定项选择题，请按照以下格式作答：

【思考过程】：...

【最终答案】：AB / BCE / CD / DE / E / ...（只输出选项的编号，不要写选项内容）

示例：
题目：医疗伦理中四大基本原则是？
A.尊重自主权
B.善意行为
C.无害原则
D.公正原则
E.以上都不是
【思考过程】：本题考查医学伦理的四大基本原则，包括尊重自主权、不伤害原则、行善原则、公正原则。

【最终答案】：ABCD

题目：以下哪项不属于知情同意书必须向受试者说明的内容？
A.试验中胚胎或哺乳期婴儿可能面临的风险
B.受试者因参与试验可能获得的预期分摊报酬
C.监查员有权直接查阅受试者原始医疗记录
D.试验赞助方的财务收支明细
E.受试者预计参与试验的持续时间
【思考过程】：
",D,客观题
常规诊疗,"你是一个严格按照要求答题的医学考试考生。请你先展示出完整的思考过程，然后再输出最终答案。每道题目有至少两个选项（A、B）至多五个选项（A、B、C、D、E），题目为不定项选择题，请按照以下格式作答：

【思考过程】：...

【最终答案】：AB / BCE / CD / DE / E / ...（只输出选项的编号，不要写选项内容）

示例：
题目：医疗伦理中四大基本原则是？
A.尊重自主权
B.善意行为
C.无害原则
D.公正原则
E.以上都不是
【思考过程】：本题考查医学伦理的四大基本原则，包括尊重自主权、不伤害原则、行善原则、公正原则。

【最终答案】：ABCD

题目：以下哪几项属于向受试者提供的知情同意书必须包含的内容？
A.试验的预期商业收益
B.试验需遵循的流程及所有侵入性操作
C.监查员可直接查阅原始医疗记录的授权说明
D.退出试验需提前书面申请
E.可供选择的替代治疗方案及其潜在风险
【思考过程】：
",BCE,客观题
常规诊疗,"你是一个严格按照要求答题的医学考试考生。请你先展示出完整的思考过程，然后再输出最终答案。每道题目有至少两个选项（A、B）至多五个选项（A、B、C、D、E），题目为不定项选择题，请按照以下格式作答：

【思考过程】：...

【最终答案】：AB / BCE / CD / DE / E / ...（只输出选项的编号，不要写选项内容）

示例：
题目：医疗伦理中四大基本原则是？
A.尊重自主权
B.善意行为
C.无害原则
D.公正原则
E.以上都不是
【思考过程】：本题考查医学伦理的四大基本原则，包括尊重自主权、不伤害原则、行善原则、公正原则。

【最终答案】：ABCD

题目：以下哪项不属于知情同意书必须包含的说明内容？
A.监查员可在保密前提下查阅受试者医疗记录
B.受试者若退出试验需支付违约金
C.替代治疗方案的具体实施机构信息
D.受试者所有医疗记录的完全公开权限
E.当试验无预期临床获益时无需特别告知
【思考过程】：
",CDE,客观题
常规诊疗,"你是一个严格按照要求答题的医学考试考生。请你先展示出完整的思考过程，然后再输出最终答案。每道题目有至少两个选项（A、B）至多五个选项（A、B、C、D、E），题目为不定项选择题，请按照以下格式作答：

【思考过程】：...

【最终答案】：AB / BCE / CD / DE / E / ...（只输出选项的编号，不要写选项内容）

示例：
题目：医疗伦理中四大基本原则是？
A.尊重自主权
B.善意行为
C.无害原则
D.公正原则
E.以上都不是
【思考过程】：本题考查医学伦理的四大基本原则，包括尊重自主权、不伤害原则、行善原则、公正原则。

【最终答案】：ABCD

题目：以下哪项不属于知情同意书必须包含的说明事项？
A.监查员有权直接查阅受试者原始医疗记录
B.发生试验相关损伤时的联系人信息
C.受试者可在任何时间退出试验且不丧失权益
D.参与试验可能产生的预期费用说明
E.试验结束后研究者的私人联系方式
【思考过程】：
",E,客观题
常规诊疗,"你是一个严格按照要求答题的医学考试考生。请你先展示出完整的思考过程，然后再输出最终答案。每道题目有至少两个选项（A、B）至多五个选项（A、B、C、D、E），题目为不定项选择题，请按照以下格式作答：

【思考过程】：...

【最终答案】：AB / BCE / CD / DE / E / ...（只输出选项的编号，不要写选项内容）

示例：
题目：医疗伦理中四大基本原则是？
A.尊重自主权
B.善意行为
C.无害原则
D.公正原则
E.以上都不是
【思考过程】：本题考查医学伦理的四大基本原则，包括尊重自主权、不伤害原则、行善原则、公正原则。

【最终答案】：ABCD

题目：以下哪项内容不属于知情同意书必须包含的说明事项？
A.试验结束后研究人员的私人联系方式
B.监查员有权查阅受试者原始医疗记录
C.试验中胚胎相关风险的特别说明
D.受试者预计参与试验的持续时间
E.试验对受试者无预期临床获益的明确告知
【思考过程】：
",A,客观题
常规诊疗,"你是一个严格按照要求答题的医学考试考生。请你先展示出完整的思考过程，然后再输出最终答案。每道题目有至少两个选项（A、B）至多五个选项（A、B、C、D、E），题目为不定项选择题，请按照以下格式作答：

【思考过程】：...

【最终答案】：AB / BCE / CD / DE / E / ...（只输出选项的编号，不要写选项内容）

示例：
题目：医疗伦理中四大基本原则是？
A.尊重自主权
B.善意行为
C.无害原则
D.公正原则
E.以上都不是
【思考过程】：本题考查医学伦理的四大基本原则，包括尊重自主权、不伤害原则、行善原则、公正原则。

【最终答案】：ABCD

题目：以下哪些内容必须包含在知情同意讨论和书面知情同意书中？
A.药物生产企业可直接查阅受试者原始医疗数据
B.医疗机构行政部门有权随时查阅受试者记录
C.伦理委员会不得查阅受试者的实验数据
D.监查员和伦理委员会在授权下可查阅受试者记录核实数据
E.监管机构无需受试者授权即可调取其医疗档案
【思考过程】：
",D,客观题
常规诊疗,"你是一个严格按照要求答题的医学考试考生。请你先展示出完整的思考过程，然后再输出最终答案。每道题目有至少两个选项（A、B）至多五个选项（A、B、C、D、E），题目为不定项选择题，请按照以下格式作答：

【思考过程】：...

【最终答案】：AB / BCE / CD / DE / E / ...（只输出选项的编号，不要写选项内容）

示例：
题目：医疗伦理中四大基本原则是？
A.尊重自主权
B.善意行为
C.无害原则
D.公正原则
E.以上都不是
【思考过程】：本题考查医学伦理的四大基本原则，包括尊重自主权、不伤害原则、行善原则、公正原则。

【最终答案】：ABCD

题目：在紧急情况下，研究者若无法事先获得受试者同意，以下哪一场景符合法规允许直接将其纳入试验的条件？
A.通过电话告知受试者家属后立即开始试验，B.仅凭研究者判断该试验对受试者有利即可实施，C.通知医院行政管理部门后按预案执行，D.试验方案明确相关应急措施且IRB已书面批准并在实施后立即向受试者说明情况，E.仅需两名主治医师联名签字即可豁免知情同意
【思考过程】：
",D,客观题
医患关系,"你是一个严格按照要求答题的医学考试考生。请你先展示出完整的思考过程，然后再输出最终答案。每道题目有至少两个选项（A、B）至多五个选项（A、B、C、D、E），题目为不定项选择题，请按照以下格式作答：

【思考过程】：...

【最终答案】：AB / BCE / CD / DE / E / ...（只输出选项的编号，不要写选项内容）

示例：
题目：医疗伦理中四大基本原则是？
A.尊重自主权
B.善意行为
C.无害原则
D.公正原则
E.以上都不是
【思考过程】：本题考查医学伦理的四大基本原则，包括尊重自主权、不伤害原则、行善原则、公正原则。

【最终答案】：ABCD

题目：以下属于法人或非法人组织所享有的权利有哪些？
A.名称权
B.隐私权
C.名誉权
D.健康权
E.荣誉权
【思考过程】：
",ACE,客观题
医患关系,"你是一个严格按照要求答题的医学考试考生。请你先展示出完整的思考过程，然后再输出最终答案。每道题目有至少两个选项（A、B）至多五个选项（A、B、C、D、E），题目为不定项选择题，请按照以下格式作答：

【思考过程】：...

【最终答案】：AB / BCE / CD / DE / E / ...（只输出选项的编号，不要写选项内容）

示例：
题目：医疗伦理中四大基本原则是？
A.尊重自主权
B.善意行为
C.无害原则
D.公正原则
E.以上都不是
【思考过程】：本题考查医学伦理的四大基本原则，包括尊重自主权、不伤害原则、行善原则、公正原则。

【最终答案】：ABCD

题目：以下哪种情形属于法定救助义务的适用范围？
A.患者因医疗纠纷向医疗机构提出财产索赔要求
B.路人对因车祸导致多发性骨折的伤者未施救
C.医生在非工作时间发现他人醉酒倒在路边已丧失意识
D.地震中被困废墟的伤员无人援助
E.家属拒绝替已昏迷患者缴纳手术费
【思考过程】：
",BCD,客观题
医患关系,"你是一个严格按照要求答题的医学考试考生。请你先展示出完整的思考过程，然后再输出最终答案。每道题目有至少两个选项（A、B）至多五个选项（A、B、C、D、E），题目为不定项选择题，请按照以下格式作答：

【思考过程】：...

【最终答案】：AB / BCE / CD / DE / E / ...（只输出选项的编号，不要写选项内容）

示例：
题目：医疗伦理中四大基本原则是？
A.尊重自主权
B.善意行为
C.无害原则
D.公正原则
E.以上都不是
【思考过程】：本题考查医学伦理的四大基本原则，包括尊重自主权、不伤害原则、行善原则、公正原则。

【最终答案】：ABCD

题目：在进行新药临床试验时，以下哪种做法符合我国相关法规要求？
A.因受试者经济困难减免50%试验费用
B.在社区张贴公告后口头通知受试者风险
C.未经伦理委员会审查直接开展试验
D.向主管部门报备后即开始招募受试者
E.提供经监护人签署的知情同意书
【思考过程】：
",E,客观题
医患关系,"你是一个严格按照要求答题的医学考试考生。请你先展示出完整的思考过程，然后再输出最终答案。每道题目有至少两个选项（A、B）至多五个选项（A、B、C、D、E），题目为不定项选择题，请按照以下格式作答：

【思考过程】：...

【最终答案】：AB / BCE / CD / DE / E / ...（只输出选项的编号，不要写选项内容）

示例：
题目：医疗伦理中四大基本原则是？
A.尊重自主权
B.善意行为
C.无害原则
D.公正原则
E.以上都不是
【思考过程】：本题考查医学伦理的四大基本原则，包括尊重自主权、不伤害原则、行善原则、公正原则。

【最终答案】：ABCD

题目：下列行为中，哪一项不构成侵害患者隐私权？
A.未经同意向媒体公开患者的癌症检查记录
B.私下向护士讨论患者未授权披露的家庭暴力诊疗信息
C.用患者的手术照片制作科室宣传展板且在候诊区展示
D.将患者十年前在社交媒体公开发布的哮喘病史用于论文案例
【思考过程】：
",D,客观题
医患关系,"你是一个严格按照要求答题的医学考试考生。请你先展示出完整的思考过程，然后再输出最终答案。每道题目有至少两个选项（A、B）至多五个选项（A、B、C、D、E），题目为不定项选择题，请按照以下格式作答：

【思考过程】：...

【最终答案】：AB / BCE / CD / DE / E / ...（只输出选项的编号，不要写选项内容）

示例：
题目：医疗伦理中四大基本原则是？
A.尊重自主权
B.善意行为
C.无害原则
D.公正原则
E.以上都不是
【思考过程】：本题考查医学伦理的四大基本原则，包括尊重自主权、不伤害原则、行善原则、公正原则。

【最终答案】：ABCD

题目：以下哪些信息属于自然人的个人信息，受到法律保护？
A.生物识别信息
B.教育背景
C.健康信息
D.喜欢的颜色
E.电话号码
【思考过程】：
",ACE,客观题
医患关系,"你是一个严格按照要求答题的医学考试考生。请你先展示出完整的思考过程，然后再输出最终答案。每道题目有至少两个选项（A、B）至多五个选项（A、B、C、D、E），题目为不定项选择题，请按照以下格式作答：

【思考过程】：...

【最终答案】：AB / BCE / CD / DE / E / ...（只输出选项的编号，不要写选项内容）

示例：
题目：医疗伦理中四大基本原则是？
A.尊重自主权
B.善意行为
C.无害原则
D.公正原则
E.以上都不是
【思考过程】：本题考查医学伦理的四大基本原则，包括尊重自主权、不伤害原则、行善原则、公正原则。

【最终答案】：ABCD

题目：患者因医务人员的过错在诊疗活动中受到损害，赔偿责任应由谁承担？
A.医疗机构承担
B.相关医务人员个人承担
C.医疗机构与医务人员按比例分担
D.患者自行承担
【思考过程】：
",A,客观题
医患关系,"你是一个严格按照要求答题的医学考试考生。请你先展示出完整的思考过程，然后再输出最终答案。每道题目有至少两个选项（A、B）至多五个选项（A、B、C、D、E），题目为不定项选择题，请按照以下格式作答：

【思考过程】：...

【最终答案】：AB / BCE / CD / DE / E / ...（只输出选项的编号，不要写选项内容）

示例：
题目：医疗伦理中四大基本原则是？
A.尊重自主权
B.善意行为
C.无害原则
D.公正原则
E.以上都不是
【思考过程】：本题考查医学伦理的四大基本原则，包括尊重自主权、不伤害原则、行善原则、公正原则。

【最终答案】：ABCD

题目：以下哪种情形下，医务人员应当向患者的近亲属说明医疗风险并取得其明确同意？
A.患者需要接受门诊输液治疗
B.患者因昏迷无法表达意愿
C.医疗机构无法联系到患者的法定代理人
D.患者拒绝听取关于化疗替代方案的说明
【思考过程】：
",BD,客观题
医患关系,"你是一个严格按照要求答题的医学考试考生。请你先展示出完整的思考过程，然后再输出最终答案。每道题目有至少两个选项（A、B）至多五个选项（A、B、C、D、E），题目为不定项选择题，请按照以下格式作答：

【思考过程】：...

【最终答案】：AB / BCE / CD / DE / E / ...（只输出选项的编号，不要写选项内容）

示例：
题目：医疗伦理中四大基本原则是？
A.尊重自主权
B.善意行为
C.无害原则
D.公正原则
E.以上都不是
【思考过程】：本题考查医学伦理的四大基本原则，包括尊重自主权、不伤害原则、行善原则、公正原则。

【最终答案】：ABCD

题目：在因抢救生命垂危患者无法取得患者及其近亲属意见的情形下，关于医疗措施的实施程序，以下描述正确的是？
A.主治医生可自行决定实施抢救措施
B.需取得属地卫生健康部门书面批准
C.医疗机构负责人或其授权人批准后立即实施
D.经医院伦理委员会表决通过后再实施
E.需获得至少两名副高职称医师的联合签名
【思考过程】：
",C,客观题
医患关系,"你是一个严格按照要求答题的医学考试考生。请你先展示出完整的思考过程，然后再输出最终答案。每道题目有至少两个选项（A、B）至多五个选项（A、B、C、D、E），题目为不定项选择题，请按照以下格式作答：

【思考过程】：...

【最终答案】：AB / BCE / CD / DE / E / ...（只输出选项的编号，不要写选项内容）

示例：
题目：医疗伦理中四大基本原则是？
A.尊重自主权
B.善意行为
C.无害原则
D.公正原则
E.以上都不是
【思考过程】：本题考查医学伦理的四大基本原则，包括尊重自主权、不伤害原则、行善原则、公正原则。

【最终答案】：ABCD

题目：某医生在诊疗过程中因疏忽未按照常规诊疗规范操作，导致患者病情加重。以下哪种情况可能被认定为医疗机构需承担赔偿责任？
A.未采用当时国内最新的治疗设备
B.因患者拒绝配合而未执行必要检查
C.未参考最新国际指南调整用药方案
D.遗漏教科书明确规定的常规诊断步骤
【思考过程】：
",D,客观题
医患关系,"你是一个严格按照要求答题的医学考试考生。请你先展示出完整的思考过程，然后再输出最终答案。每道题目有至少两个选项（A、B）至多五个选项（A、B、C、D、E），题目为不定项选择题，请按照以下格式作答：

【思考过程】：...

【最终答案】：AB / BCE / CD / DE / E / ...（只输出选项的编号，不要写选项内容）

示例：
题目：医疗伦理中四大基本原则是？
A.尊重自主权
B.善意行为
C.无害原则
D.公正原则
E.以上都不是
【思考过程】：本题考查医学伦理的四大基本原则，包括尊重自主权、不伤害原则、行善原则、公正原则。

【最终答案】：ABCD

题目：以下哪些情形应推定医疗机构存在过错？
A.诊疗过程中未提供患者要求的药品
B.隐匿与纠纷有关的病历资料
C.未及时更新患者电子档案
D.合法销毁过期的病历资料
E.篡改手术同意书签字日期
【思考过程】：
",BE,客观题
医患关系,"你是一个严格按照要求答题的医学考试考生。请你先展示出完整的思考过程，然后再输出最终答案。每道题目有至少两个选项（A、B）至多五个选项（A、B、C、D、E），题目为不定项选择题，请按照以下格式作答：

【思考过程】：...

【最终答案】：AB / BCE / CD / DE / E / ...（只输出选项的编号，不要写选项内容）

示例：
题目：医疗伦理中四大基本原则是？
A.尊重自主权
B.善意行为
C.无害原则
D.公正原则
E.以上都不是
【思考过程】：本题考查医学伦理的四大基本原则，包括尊重自主权、不伤害原则、行善原则、公正原则。

【最终答案】：ABCD

题目：患者在诊疗活动中受到损害时，下列哪种情形会被推定医疗机构存在过错？
A.未及时更新医疗设备导致误诊
B.拒绝提供与纠纷有关的病历资料
C.因保管不当遗失手术知情同意书
D.伪造患者病程记录
E.未告知患者替代治疗方案
【思考过程】：
",BCD,客观题
医患关系,"你是一个严格按照要求答题的医学考试考生。请你先展示出完整的思考过程，然后再输出最终答案。每道题目有至少两个选项（A、B）至多五个选项（A、B、C、D、E），题目为不定项选择题，请按照以下格式作答：

【思考过程】：...

【最终答案】：AB / BCE / CD / DE / E / ...（只输出选项的编号，不要写选项内容）

示例：
题目：医疗伦理中四大基本原则是？
A.尊重自主权
B.善意行为
C.无害原则
D.公正原则
E.以上都不是
【思考过程】：本题考查医学伦理的四大基本原则，包括尊重自主权、不伤害原则、行善原则、公正原则。

【最终答案】：ABCD

题目：患者在诊疗活动中受到损害时，以下哪种情形应当推定医疗机构存在过错？
A.医务人员未向患者说明全部替代治疗方案
B.医疗机构未在手术前3小时进行最终病情确认
C.诊疗行为违反了省级卫健委发布的诊疗技术操作规范
D.因设备故障导致检查延迟超过30分钟
【思考过程】：
",C,客观题
医患关系,"你是一个严格按照要求答题的医学考试考生。请你先展示出完整的思考过程，然后再输出最终答案。每道题目有至少两个选项（A、B）至多五个选项（A、B、C、D、E），题目为不定项选择题，请按照以下格式作答：

【思考过程】：...

【最终答案】：AB / BCE / CD / DE / E / ...（只输出选项的编号，不要写选项内容）

示例：
题目：医疗伦理中四大基本原则是？
A.尊重自主权
B.善意行为
C.无害原则
D.公正原则
E.以上都不是
【思考过程】：本题考查医学伦理的四大基本原则，包括尊重自主权、不伤害原则、行善原则、公正原则。

【最终答案】：ABCD

题目：患者因手术后并发症起诉医院，以下哪种情形可推定医疗机构存在过错？
A.篡改患者既往病史记录
B.拒绝提供手术知情同意书原件
C.未告知患者替代治疗方案
D.延误处理患者投诉信件
【思考过程】：
",B,客观题
医患关系,"你是一个严格按照要求答题的医学考试考生。请你先展示出完整的思考过程，然后再输出最终答案。每道题目有至少两个选项（A、B）至多五个选项（A、B、C、D、E），题目为不定项选择题，请按照以下格式作答：

【思考过程】：...

【最终答案】：AB / BCE / CD / DE / E / ...（只输出选项的编号，不要写选项内容）

示例：
题目：医疗伦理中四大基本原则是？
A.尊重自主权
B.善意行为
C.无害原则
D.公正原则
E.以上都不是
【思考过程】：本题考查医学伦理的四大基本原则，包括尊重自主权、不伤害原则、行善原则、公正原则。

【最终答案】：ABCD

题目：在诊疗活动中，若患者受到损害，在哪些情形下会推定医疗机构有过错？
A.遗失病历资料
B.伪造病历资料
C.篡改病历资料
D.合法销毁病历资料
E.违法销毁病历资料
【思考过程】：
",ABCE,客观题
医患关系,"你是一个严格按照要求答题的医学考试考生。请你先展示出完整的思考过程，然后再输出最终答案。每道题目有至少两个选项（A、B）至多五个选项（A、B、C、D、E），题目为不定项选择题，请按照以下格式作答：

【思考过程】：...

【最终答案】：AB / BCE / CD / DE / E / ...（只输出选项的编号，不要写选项内容）

示例：
题目：医疗伦理中四大基本原则是？
A.尊重自主权
B.善意行为
C.无害原则
D.公正原则
E.以上都不是
【思考过程】：本题考查医学伦理的四大基本原则，包括尊重自主权、不伤害原则、行善原则、公正原则。

【最终答案】：ABCD

题目：因输入不合格的血液造成患者损害，患者可以向以下哪些主体请求赔偿？
A.药品运输公司
B.血液提供机构
C.医疗机构
D.药品上市许可持有人
E.医疗机构监管部门
【思考过程】：
",BCD,客观题
医患关系,"你是一个严格按照要求答题的医学考试考生。请你先展示出完整的思考过程，然后再输出最终答案。每道题目有至少两个选项（A、B）至多五个选项（A、B、C、D、E），题目为不定项选择题，请按照以下格式作答：

【思考过程】：...

【最终答案】：AB / BCE / CD / DE / E / ...（只输出选项的编号，不要写选项内容）

示例：
题目：医疗伦理中四大基本原则是？
A.尊重自主权
B.善意行为
C.无害原则
D.公正原则
E.以上都不是
【思考过程】：本题考查医学伦理的四大基本原则，包括尊重自主权、不伤害原则、行善原则、公正原则。

【最终答案】：ABCD

题目：患者在诊疗活动中受到损害时，以下哪种情形医疗机构不承担赔偿责任？
A.患者家属拒绝签署手术同意书导致延误治疗
B.急诊抢救时医务人员已尽到合理诊疗义务
C.医疗机构未提供低收费方案导致患者无力承担
D.某种罕见病现有医学技术无法确诊
E.医生未使用国际最新疗法但符合常规治疗指南
【思考过程】：
",ABD,客观题
医患关系,"你是一个严格按照要求答题的医学考试考生。请你先展示出完整的思考过程，然后再输出最终答案。每道题目有至少两个选项（A、B）至多五个选项（A、B、C、D、E），题目为不定项选择题，请按照以下格式作答：

【思考过程】：...

【最终答案】：AB / BCE / CD / DE / E / ...（只输出选项的编号，不要写选项内容）

示例：
题目：医疗伦理中四大基本原则是？
A.尊重自主权
B.善意行为
C.无害原则
D.公正原则
E.以上都不是
【思考过程】：本题考查医学伦理的四大基本原则，包括尊重自主权、不伤害原则、行善原则、公正原则。

【最终答案】：ABCD

题目：以下哪些情形下，医疗机构对患者在诊疗活动中受到的损害不承担赔偿责任？
A.患者不配合诊疗但医疗机构存在操作过失
B.抢救呼吸衰竭患者时因设备突发故障导致并发症
C.患者家属拒绝签署手术同意书导致延误治疗
D.未向患者充分说明药物过敏风险
E.医生根据全国最新诊疗指南实施手术后仍出现并发症
F.受限于当地医疗条件无法诊断的罕见病
【思考过程】：
",CEF,客观题
医患关系,"你是一个严格按照要求答题的医学考试考生。请你先展示出完整的思考过程，然后再输出最终答案。每道题目有至少两个选项（A、B）至多五个选项（A、B、C、D、E），题目为不定项选择题，请按照以下格式作答：

【思考过程】：...

【最终答案】：AB / BCE / CD / DE / E / ...（只输出选项的编号，不要写选项内容）

示例：
题目：医疗伦理中四大基本原则是？
A.尊重自主权
B.善意行为
C.无害原则
D.公正原则
E.以上都不是
【思考过程】：本题考查医学伦理的四大基本原则，包括尊重自主权、不伤害原则、行善原则、公正原则。

【最终答案】：ABCD

题目：在下列哪种情形下，医疗机构对患者诊疗活动中受到的损害不承担赔偿责任？
A.医疗机构拒绝向家属提供纸质病历副本
B.患者未按医嘱连续服用降压药物导致病情恶化
C.护士在静脉穿刺时未严格执行无菌操作规范
D.患者近亲属隐瞒其青霉素过敏史
【思考过程】：
",BD,客观题
医患关系,"你是一个严格按照要求答题的医学考试考生。请你先展示出完整的思考过程，然后再输出最终答案。每道题目有至少两个选项（A、B）至多五个选项（A、B、C、D、E），题目为不定项选择题，请按照以下格式作答：

【思考过程】：...

【最终答案】：AB / BCE / CD / DE / E / ...（只输出选项的编号，不要写选项内容）

示例：
题目：医疗伦理中四大基本原则是？
A.尊重自主权
B.善意行为
C.无害原则
D.公正原则
E.以上都不是
【思考过程】：本题考查医学伦理的四大基本原则，包括尊重自主权、不伤害原则、行善原则、公正原则。

【最终答案】：ABCD

题目：以下哪种情况医疗机构不承担赔偿责任？
A.因设备故障导致普通门诊患者发生轻微并发症
B.普通急诊诊疗中存在病历书写疏漏
C.抢救生命垂危患者时限于条件仅采取基本急救措施
D.为挽救患者生命未经家属签字实施高风险手术但存在术后感染
E.新生儿常规接种后出现罕见过敏反应
【思考过程】：
",C,客观题
医患关系,"你是一个严格按照要求答题的医学考试考生。请你先展示出完整的思考过程，然后再输出最终答案。每道题目有至少两个选项（A、B）至多五个选项（A、B、C、D、E），题目为不定项选择题，请按照以下格式作答：

【思考过程】：...

【最终答案】：AB / BCE / CD / DE / E / ...（只输出选项的编号，不要写选项内容）

示例：
题目：医疗伦理中四大基本原则是？
A.尊重自主权
B.善意行为
C.无害原则
D.公正原则
E.以上都不是
【思考过程】：本题考查医学伦理的四大基本原则，包括尊重自主权、不伤害原则、行善原则、公正原则。

【最终答案】：ABCD

题目：某患者因罕见病治疗无效起诉医院。关于医疗机构免责情形，以下哪项描述正确？
A.采用当时所有技术手段仍无法诊疗的可免责
B.依据十年后的医疗水平判定诊疗缺陷
C.医务人员存在误诊但符合当时水平可免责
D.含有医疗过错的特殊情形仍需担责
【思考过程】：
",AD,客观题
医患关系,"你是一个严格按照要求答题的医学考试考生。请你先展示出完整的思考过程，然后再输出最终答案。每道题目有至少两个选项（A、B）至多五个选项（A、B、C、D、E），题目为不定项选择题，请按照以下格式作答：

【思考过程】：...

【最终答案】：AB / BCE / CD / DE / E / ...（只输出选项的编号，不要写选项内容）

示例：
题目：医疗伦理中四大基本原则是？
A.尊重自主权
B.善意行为
C.无害原则
D.公正原则
E.以上都不是
【思考过程】：本题考查医学伦理的四大基本原则，包括尊重自主权、不伤害原则、行善原则、公正原则。

【最终答案】：ABCD

题目：下列哪项属于医疗机构必须填写并妥善保管的病历资料？
A.门诊诊断书
B.检验报告
C.入院费用明细
D.护理记录
E.门诊预约记录
【思考过程】：
",BD,客观题
医患关系,"你是一个严格按照要求答题的医学考试考生。请你先展示出完整的思考过程，然后再输出最终答案。每道题目有至少两个选项（A、B）至多五个选项（A、B、C、D、E），题目为不定项选择题，请按照以下格式作答：

【思考过程】：...

【最终答案】：AB / BCE / CD / DE / E / ...（只输出选项的编号，不要写选项内容）

示例：
题目：医疗伦理中四大基本原则是？
A.尊重自主权
B.善意行为
C.无害原则
D.公正原则
E.以上都不是
【思考过程】：本题考查医学伦理的四大基本原则，包括尊重自主权、不伤害原则、行善原则、公正原则。

【最终答案】：ABCD

题目：以下哪些情形中医疗机构或其医务人员可能需承担侵权责任？
A.医生将患者电话号码泄露给医药代表导致患者被骚扰
B.未经患者同意向家属公开其完整电子病历
C.在学术会议中使用患者匿名病历讨论治疗方案
D.因医院系统漏洞导致患者血型信息在院内公共屏公示
【思考过程】：
",ABD,客观题
医患关系,"你是一个严格按照要求答题的医学考试考生。请你先展示出完整的思考过程，然后再输出最终答案。每道题目有至少两个选项（A、B）至多五个选项（A、B、C、D、E），题目为不定项选择题，请按照以下格式作答：

【思考过程】：...

【最终答案】：AB / BCE / CD / DE / E / ...（只输出选项的编号，不要写选项内容）

示例：
题目：医疗伦理中四大基本原则是？
A.尊重自主权
B.善意行为
C.无害原则
D.公正原则
E.以上都不是
【思考过程】：本题考查医学伦理的四大基本原则，包括尊重自主权、不伤害原则、行善原则、公正原则。

【最终答案】：ABCD

题目：以下哪种行为违反了《民法典》关于医疗机构诊疗规范的要求？
A.对多次就诊的慢性胃炎患者再次进行胃镜检查以排除恶性病变
B.为确诊高血压患者开具重复性心电图检查以评估药物副作用
C.根据患者强烈要求为其无指征的健康体检者进行全身PET-CT扫描
D.无症状人群体检时依据指南建议增加低剂量肺癌筛查
【思考过程】：
",C,客观题
医患关系,"你是一个严格按照要求答题的医学考试考生。请你先展示出完整的思考过程，然后再输出最终答案。每道题目有至少两个选项（A、B）至多五个选项（A、B、C、D、E），题目为不定项选择题，请按照以下格式作答：

【思考过程】：...

【最终答案】：AB / BCE / CD / DE / E / ...（只输出选项的编号，不要写选项内容）

示例：
题目：医疗伦理中四大基本原则是？
A.尊重自主权
B.善意行为
C.无害原则
D.公正原则
E.以上都不是
【思考过程】：本题考查医学伦理的四大基本原则，包括尊重自主权、不伤害原则、行善原则、公正原则。

【最终答案】：ABCD

题目：以下哪些行为可能承担法律责任？
A.患者家属在诊疗室大吵大闹，导致门诊停诊数小时
B.患者强行滞留值班医生至午夜协商赔偿方案
C.患者网络发帖辱骂医院未及时接诊的主治医生
D.患者向医院投诉渠道反馈诊疗方案不满并等待处理
【思考过程】：
",ABC,客观题
医患关系,"你是一个严格按照要求答题的医学考试考生。请你先展示出完整的思考过程，然后再输出最终答案。每道题目有至少两个选项（A、B）至多五个选项（A、B、C、D、E），题目为不定项选择题，请按照以下格式作答：

【思考过程】：...

【最终答案】：AB / BCE / CD / DE / E / ...（只输出选项的编号，不要写选项内容）

示例：
题目：医疗伦理中四大基本原则是？
A.尊重自主权
B.善意行为
C.无害原则
D.公正原则
E.以上都不是
【思考过程】：本题考查医学伦理的四大基本原则，包括尊重自主权、不伤害原则、行善原则、公正原则。

【最终答案】：ABCD

题目：以下哪些情况下，医生必须向患者或其近亲属说明医疗风险并取得知情同意？
A.实施肝肾功能常规检测
B.开展全麻下脊柱肿瘤切除术
C.为肺癌患者进行胸腔穿刺活检术
D.参与新型心脏支架的临床试验
E.开具阿莫西林治疗细菌性扁桃体炎
【思考过程】：
",BCD,客观题
医患关系,"你是一个严格按照要求答题的医学考试考生。请你先展示出完整的思考过程，然后再输出最终答案。每道题目有至少两个选项（A、B）至多五个选项（A、B、C、D、E），题目为不定项选择题，请按照以下格式作答：

【思考过程】：...

【最终答案】：AB / BCE / CD / DE / E / ...（只输出选项的编号，不要写选项内容）

示例：
题目：医疗伦理中四大基本原则是？
A.尊重自主权
B.善意行为
C.无害原则
D.公正原则
E.以上都不是
【思考过程】：本题考查医学伦理的四大基本原则，包括尊重自主权、不伤害原则、行善原则、公正原则。

【最终答案】：ABCD

题目：下列哪项属于患者在医患关系中应当履行的义务？
A.保护个人隐私的权利
B.获取平等医疗服务的权利
C.遵守诊疗制度和医疗卫生服务秩序
D.配合医护人员工作
【思考过程】：
",C,客观题
医患关系,"你是一个严格按照要求答题的医学考试考生。请你先展示出完整的思考过程，然后再输出最终答案。每道题目有至少两个选项（A、B）至多五个选项（A、B、C、D、E），题目为不定项选择题，请按照以下格式作答：

【思考过程】：...

【最终答案】：AB / BCE / CD / DE / E / ...（只输出选项的编号，不要写选项内容）

示例：
题目：医疗伦理中四大基本原则是？
A.尊重自主权
B.善意行为
C.无害原则
D.公正原则
E.以上都不是
【思考过程】：本题考查医学伦理的四大基本原则，包括尊重自主权、不伤害原则、行善原则、公正原则。

【最终答案】：ABCD

题目：下列哪些行为违反了医疗卫生人员职业伦理规范？
A.为增加收入要求患者进行不必要的重复检查
B.经家属多次请求后接受其赠送的购物卡
C.以加快手术排期为条件暗示患者支付额外费用
D.因患者症状轻微仍开具不必要的高价药物
E.根据病程发展调整抗生素使用剂量
【思考过程】：
",ABCD,客观题
医患关系,"你是一个严格按照要求答题的医学考试考生。请你先展示出完整的思考过程，然后再输出最终答案。每道题目有至少两个选项（A、B）至多五个选项（A、B、C、D、E），题目为不定项选择题，请按照以下格式作答：

【思考过程】：...

【最终答案】：AB / BCE / CD / DE / E / ...（只输出选项的编号，不要写选项内容）

示例：
题目：医疗伦理中四大基本原则是？
A.尊重自主权
B.善意行为
C.无害原则
D.公正原则
E.以上都不是
【思考过程】：本题考查医学伦理的四大基本原则，包括尊重自主权、不伤害原则、行善原则、公正原则。

【最终答案】：ABCD

题目：以下哪种行为明确被相关法律禁止？
A.因不满治疗效果而辱骂医生
B.在医疗纠纷中隐藏关键病历资料
C.患者家属恶意拖欠医疗费用
D.通过社交媒体公开医务人员家庭住址
【思考过程】：
",AD,客观题
医患关系,"你是一个严格按照要求答题的医学考试考生。请你先展示出完整的思考过程，然后再输出最终答案。每道题目有至少两个选项（A、B）至多五个选项（A、B、C、D、E），题目为不定项选择题，请按照以下格式作答：

【思考过程】：...

【最终答案】：AB / BCE / CD / DE / E / ...（只输出选项的编号，不要写选项内容）

示例：
题目：医疗伦理中四大基本原则是？
A.尊重自主权
B.善意行为
C.无害原则
D.公正原则
E.以上都不是
【思考过程】：本题考查医学伦理的四大基本原则，包括尊重自主权、不伤害原则、行善原则、公正原则。

【最终答案】：ABCD

题目：在紧急救治生命垂危患者时，无法取得患者或其近亲属意见的情况下，医务人员应采取何种措施？
A.立即实施必要医疗措施
B.直接联系医疗伦理委员会
C.经医疗机构负责人批准后实施措施
D.等待近亲属到场再处理
【思考过程】：
",C,客观题
医患关系,"你是一个严格按照要求答题的医学考试考生。请你先展示出完整的思考过程，然后再输出最终答案。每道题目有至少两个选项（A、B）至多五个选项（A、B、C、D、E），题目为不定项选择题，请按照以下格式作答：

【思考过程】：...

【最终答案】：AB / BCE / CD / DE / E / ...（只输出选项的编号，不要写选项内容）

示例：
题目：医疗伦理中四大基本原则是？
A.尊重自主权
B.善意行为
C.无害原则
D.公正原则
E.以上都不是
【思考过程】：本题考查医学伦理的四大基本原则，包括尊重自主权、不伤害原则、行善原则、公正原则。

【最终答案】：ABCD

题目：以下哪项做法符合医疗机构的收费规定？
A.临时调整收费项目并口头告知患者总费用
B.按物价部门规定收费并附详细清单和收据
C.免除经济困难患者的费用但不提供收据
D.收据仅显示药品费用不列检查费用
【思考过程】：
",B,客观题
医患关系,"你是一个严格按照要求答题的医学考试考生。请你先展示出完整的思考过程，然后再输出最终答案。每道题目有至少两个选项（A、B）至多五个选项（A、B、C、D、E），题目为不定项选择题，请按照以下格式作答：

【思考过程】：...

【最终答案】：AB / BCE / CD / DE / E / ...（只输出选项的编号，不要写选项内容）

示例：
题目：医疗伦理中四大基本原则是？
A.尊重自主权
B.善意行为
C.无害原则
D.公正原则
E.以上都不是
【思考过程】：本题考查医学伦理的四大基本原则，包括尊重自主权、不伤害原则、行善原则、公正原则。

【最终答案】：ABCD

题目：以下哪些属于医疗机构依法必须承担的职责？
A.承担预防保健工作
B.接受县级以上卫生部门委托支援农村
C.接受省级卫生部门委托指导基层医疗卫生工作
D.与企业合作开展基层营利性医疗项目
【思考过程】：
",AB,客观题
医患关系,"你是一个严格按照要求答题的医学考试考生。请你先展示出完整的思考过程，然后再输出最终答案。每道题目有至少两个选项（A、B）至多五个选项（A、B、C、D、E），题目为不定项选择题，请按照以下格式作答：

【思考过程】：...

【最终答案】：AB / BCE / CD / DE / E / ...（只输出选项的编号，不要写选项内容）

示例：
题目：医疗伦理中四大基本原则是？
A.尊重自主权
B.善意行为
C.无害原则
D.公正原则
E.以上都不是
【思考过程】：本题考查医学伦理的四大基本原则，包括尊重自主权、不伤害原则、行善原则、公正原则。

【最终答案】：ABCD

题目：在以下哪种情形下，医疗机构及其卫生技术人员必须无条件服从调遣？
A.省级卫生健康委员会因重大疾病流行统一调度医疗资源
B.某市消防局因化工厂爆炸请求医疗队支援
C.县级人民政府因举办大型活动要求医院增派值班人员
D.街道社区服务中心因老年人体检需要临时抽调医生
【思考过程】：
",A,客观题
医患关系,"你是一个严格按照要求答题的医学考试考生。请你先展示出完整的思考过程，然后再输出最终答案。每道题目有至少两个选项（A、B）至多五个选项（A、B、C、D、E），题目为不定项选择题，请按照以下格式作答：

【思考过程】：...

【最终答案】：AB / BCE / CD / DE / E / ...（只输出选项的编号，不要写选项内容）

示例：
题目：医疗伦理中四大基本原则是？
A.尊重自主权
B.善意行为
C.无害原则
D.公正原则
E.以上都不是
【思考过程】：本题考查医学伦理的四大基本原则，包括尊重自主权、不伤害原则、行善原则、公正原则。

【最终答案】：ABCD

题目：以下哪些属于医师在执业活动中必须履行的义务？
A.签订免责协议确保医院权益
B.遵循临床技术操作规范
C.对患者进行健康教育和指导
D.更新医学知识提升医疗质量
E.公开发表未经验证的医疗方案
【思考过程】：
",BCD,客观题
医患关系,"你是一个严格按照要求答题的医学考试考生。请你先展示出完整的思考过程，然后再输出最终答案。每道题目有至少两个选项（A、B）至多五个选项（A、B、C、D、E），题目为不定项选择题，请按照以下格式作答：

【思考过程】：...

【最终答案】：AB / BCE / CD / DE / E / ...（只输出选项的编号，不要写选项内容）

示例：
题目：医疗伦理中四大基本原则是？
A.尊重自主权
B.善意行为
C.无害原则
D.公正原则
E.以上都不是
【思考过程】：本题考查医学伦理的四大基本原则，包括尊重自主权、不伤害原则、行善原则、公正原则。

【最终答案】：ABCD

题目：以下哪些属于医师在执业活动中应履行的义务？
A.执行疫情防控等公共卫生措施
B.遵守医院内部管理规范
C.提升医学专业技术能力
D.宣传与岗位无关的健康科普知识
E.保护患者个人隐私
【思考过程】：
",ACE,客观题
医患关系,"你是一个严格按照要求答题的医学考试考生。请你先展示出完整的思考过程，然后再输出最终答案。每道题目有至少两个选项（A、B）至多五个选项（A、B、C、D、E），题目为不定项选择题，请按照以下格式作答：

【思考过程】：...

【最终答案】：AB / BCE / CD / DE / E / ...（只输出选项的编号，不要写选项内容）

示例：
题目：医疗伦理中四大基本原则是？
A.尊重自主权
B.善意行为
C.无害原则
D.公正原则
E.以上都不是
【思考过程】：本题考查医学伦理的四大基本原则，包括尊重自主权、不伤害原则、行善原则、公正原则。

【最终答案】：ABCD

题目：以下属于医师执业义务的是？
A.遵守临床技术操作规范和医学伦理规范
B.依法保护患者隐私和个人信息
C.宣传推广与岗位相适应的健康科普知识
D.无条件执行患者指定的治疗方案
E.优先采用最新实验性医疗技术
【思考过程】：
",ABC,客观题
医患关系,"你是一个严格按照要求答题的医学考试考生。请你先展示出完整的思考过程，然后再输出最终答案。每道题目有至少两个选项（A、B）至多五个选项（A、B、C、D、E），题目为不定项选择题，请按照以下格式作答：

【思考过程】：...

【最终答案】：AB / BCE / CD / DE / E / ...（只输出选项的编号，不要写选项内容）

示例：
题目：医疗伦理中四大基本原则是？
A.尊重自主权
B.善意行为
C.无害原则
D.公正原则
E.以上都不是
【思考过程】：本题考查医学伦理的四大基本原则，包括尊重自主权、不伤害原则、行善原则、公正原则。

【最终答案】：ABCD

题目：在实施特殊检查前，医师需要向患者或家属说明以下哪些内容？
A.医疗风险
B.替代医疗方案
C.治疗方案的成本
D.医院床位情况
E.主治医师资质
【思考过程】：
",AB,客观题
医患关系,"你是一个严格按照要求答题的医学考试考生。请你先展示出完整的思考过程，然后再输出最终答案。每道题目有至少两个选项（A、B）至多五个选项（A、B、C、D、E），题目为不定项选择题，请按照以下格式作答：

【思考过程】：...

【最终答案】：AB / BCE / CD / DE / E / ...（只输出选项的编号，不要写选项内容）

示例：
题目：医疗伦理中四大基本原则是？
A.尊重自主权
B.善意行为
C.无害原则
D.公正原则
E.以上都不是
【思考过程】：本题考查医学伦理的四大基本原则，包括尊重自主权、不伤害原则、行善原则、公正原则。

【最终答案】：ABCD

题目：医师在进行医疗器械临床试验时，必须满足以下哪些条件？
A.获得医院内部行政批准
B.遵守医学伦理规范
C.仅需伦理委员会口头认可
D.依法通过书面伦理审查
E.取得患者视频录像同意
【思考过程】：
",BD,客观题
医患关系,"你是一个严格按照要求答题的医学考试考生。请你先展示出完整的思考过程，然后再输出最终答案。每道题目有至少两个选项（A、B）至多五个选项（A、B、C、D、E），题目为不定项选择题，请按照以下格式作答：

【思考过程】：...

【最终答案】：AB / BCE / CD / DE / E / ...（只输出选项的编号，不要写选项内容）

示例：
题目：医疗伦理中四大基本原则是？
A.尊重自主权
B.善意行为
C.无害原则
D.公正原则
E.以上都不是
【思考过程】：本题考查医学伦理的四大基本原则，包括尊重自主权、不伤害原则、行善原则、公正原则。

【最终答案】：ABCD

题目：在抢救生命垂危的患者等紧急情况下，若不能取得患者或其近亲属意见，医师应采取以下哪种措施？
A.直接联系法院申请紧急处置权
B.立即自行实施医疗措施无需审批
C.经医疗机构负责人或授权负责人批准后实施
D.仅提供基础护理并等待家属到场
【思考过程】：
",C,客观题
医患关系,"你是一个严格按照要求答题的医学考试考生。请你先展示出完整的思考过程，然后再输出最终答案。每道题目有至少两个选项（A、B）至多五个选项（A、B、C、D、E），题目为不定项选择题，请按照以下格式作答：

【思考过程】：...

【最终答案】：AB / BCE / CD / DE / E / ...（只输出选项的编号，不要写选项内容）

示例：
题目：医疗伦理中四大基本原则是？
A.尊重自主权
B.善意行为
C.无害原则
D.公正原则
E.以上都不是
【思考过程】：本题考查医学伦理的四大基本原则，包括尊重自主权、不伤害原则、行善原则、公正原则。

【最终答案】：ABCD

题目：医生在执业过程中，下列哪些行为违反了相关规定？
A.未亲自诊查即签署医学证明文件
B.发现病历错误后补充修正并签名
C.内科医生为患者出具骨科疾病诊断书
D.将病历填写时间延迟一周后补写
E.拒绝为患者开具与病情不符的休假证明
【思考过程】：
",ACD,客观题
医患关系,"你是一个严格按照要求答题的医学考试考生。请你先展示出完整的思考过程，然后再输出最终答案。每道题目有至少两个选项（A、B）至多五个选项（A、B、C、D、E），题目为不定项选择题，请按照以下格式作答：

【思考过程】：...

【最终答案】：AB / BCE / CD / DE / E / ...（只输出选项的编号，不要写选项内容）

示例：
题目：医疗伦理中四大基本原则是？
A.尊重自主权
B.善意行为
C.无害原则
D.公正原则
E.以上都不是
【思考过程】：本题考查医学伦理的四大基本原则，包括尊重自主权、不伤害原则、行善原则、公正原则。

【最终答案】：ABCD

题目：以下哪些情形需要医师按照有关规定及时报告？
A.发现患者隐瞒家族遗传病史
B.发现父亲用铁链约束有智力障碍的子女
C.收集到药物临床试验阶段的无效数据
D.老年人长期不规律服用过期降压药
E.轻症患者通过社交平台售卖剩余处方药
F.患者手术后出现未预料的肾功能损伤
【思考过程】：
",BDF,客观题
医患关系,"你是一个严格按照要求答题的医学考试考生。请你先展示出完整的思考过程，然后再输出最终答案。每道题目有至少两个选项（A、B）至多五个选项（A、B、C、D、E），题目为不定项选择题，请按照以下格式作答：

【思考过程】：...

【最终答案】：AB / BCE / CD / DE / E / ...（只输出选项的编号，不要写选项内容）

示例：
题目：医疗伦理中四大基本原则是？
A.尊重自主权
B.善意行为
C.无害原则
D.公正原则
E.以上都不是
【思考过程】：本题考查医学伦理的四大基本原则，包括尊重自主权、不伤害原则、行善原则、公正原则。

【最终答案】：ABCD

题目：以下哪些情况发生时，医师必须按照有关规定及时向所在机构或有关部门报告？
A.发现患者慢性疾病自行恶化
B.发现常规使用的医疗器械正常使用案例
C.发现可能与医疗器械有关的不良事件
D.发现患者因纠纷导致的非正常死亡
E.发现法律规定的其他需报告情形
【思考过程】：
",CDE,客观题
医患关系,"你是一个严格按照要求答题的医学考试考生。请你先展示出完整的思考过程，然后再输出最终答案。每道题目有至少两个选项（A、B）至多五个选项（A、B、C、D、E），题目为不定项选择题，请按照以下格式作答：

【思考过程】：...

【最终答案】：AB / BCE / CD / DE / E / ...（只输出选项的编号，不要写选项内容）

示例：
题目：医疗伦理中四大基本原则是？
A.尊重自主权
B.善意行为
C.无害原则
D.公正原则
E.以上都不是
【思考过程】：本题考查医学伦理的四大基本原则，包括尊重自主权、不伤害原则、行善原则、公正原则。

【最终答案】：ABCD

题目：医师在执业活动中必须及时报告以下哪些情形？
A.发现传染病患者
B.发生医疗事故
C.发现药品不良反应
D.发现廉价仿制药
E.发现患者涉嫌非正常死亡
【思考过程】：
",ABE,客观题
医患关系,"你是一个严格按照要求答题的医学考试考生。请你先展示出完整的思考过程，然后再输出最终答案。每道题目有至少两个选项（A、B）至多五个选项（A、B、C、D、E），题目为不定项选择题，请按照以下格式作答：

【思考过程】：...

【最终答案】：AB / BCE / CD / DE / E / ...（只输出选项的编号，不要写选项内容）

示例：
题目：医疗伦理中四大基本原则是？
A.尊重自主权
B.善意行为
C.无害原则
D.公正原则
E.以上都不是
【思考过程】：本题考查医学伦理的四大基本原则，包括尊重自主权、不伤害原则、行善原则、公正原则。

【最终答案】：ABCD

题目：以下哪种情况可能被责令暂停执业活动并给予警告，情节严重时可能被吊证？
A.医师在手术时因设备故障导致手术超时
B.对需要紧急救治的患者因无法联系家属而延迟处置
C.未在24小时上报患者的传染病确诊信息
D.发生医疗事故后未向主管部门报告
E.因个人关系拒绝参与非应急的社区健康讲座
【思考过程】：
",BD,客观题
医患关系,"你是一个严格按照要求答题的医学考试考生。请你先展示出完整的思考过程，然后再输出最终答案。每道题目有至少两个选项（A、B）至多五个选项（A、B、C、D、E），题目为不定项选择题，请按照以下格式作答：

【思考过程】：...

【最终答案】：AB / BCE / CD / DE / E / ...（只输出选项的编号，不要写选项内容）

示例：
题目：医疗伦理中四大基本原则是？
A.尊重自主权
B.善意行为
C.无害原则
D.公正原则
E.以上都不是
【思考过程】：本题考查医学伦理的四大基本原则，包括尊重自主权、不伤害原则、行善原则、公正原则。

【最终答案】：ABCD

题目：以下哪些行为违反了《医师法》中关于医师执业活动的规定？
A. 在紧急救治中因设备不足放弃对患者施救
B. 未按照消防部门要求参与火灾后伤员分流
C. 地震期间拒绝县卫健委的现场救援调派
D. 隐瞒工作期间发生的重大医疗过失事件
E. 执行与执业规范不符但患者家属强烈要求的治疗方案
【思考过程】：
",CDE,客观题
医患关系,"你是一个严格按照要求答题的医学考试考生。请你先展示出完整的思考过程，然后再输出最终答案。每道题目有至少两个选项（A、B）至多五个选项（A、B、C、D、E），题目为不定项选择题，请按照以下格式作答：

【思考过程】：...

【最终答案】：AB / BCE / CD / DE / E / ...（只输出选项的编号，不要写选项内容）

示例：
题目：医疗伦理中四大基本原则是？
A.尊重自主权
B.善意行为
C.无害原则
D.公正原则
E.以上都不是
【思考过程】：本题考查医学伦理的四大基本原则，包括尊重自主权、不伤害原则、行善原则、公正原则。

【最终答案】：ABCD

题目：以下哪些属于医疗机构及其医务人员在诊疗活动中依法应当履行的义务？
A.以患者为中心并遵守诊疗规范
B.加强人文关怀
C.优先保障治疗效率最大化
D.定期开展法规培训
E.确保患者投诉优先处理
【思考过程】：
",ABD,客观题
医患关系,"你是一个严格按照要求答题的医学考试考生。请你先展示出完整的思考过程，然后再输出最终答案。每道题目有至少两个选项（A、B）至多五个选项（A、B、C、D、E），题目为不定项选择题，请按照以下格式作答：

【思考过程】：...

【最终答案】：AB / BCE / CD / DE / E / ...（只输出选项的编号，不要写选项内容）

示例：
题目：医疗伦理中四大基本原则是？
A.尊重自主权
B.善意行为
C.无害原则
D.公正原则
E.以上都不是
【思考过程】：本题考查医学伦理的四大基本原则，包括尊重自主权、不伤害原则、行善原则、公正原则。

【最终答案】：ABCD

题目：在哪种情况下，医务人员可未经患者或其近亲属书面同意直接实施救治？
A.患者昏迷且无法联系近亲属时的常规手术
B.门诊患者拒绝治疗但情况不危急
C.病情危急无法取得意见且经机构负责人批准
D.患者清醒但不愿听取医疗方案说明
【思考过程】：
",C,客观题
医患关系,"你是一个严格按照要求答题的医学考试考生。请你先展示出完整的思考过程，然后再输出最终答案。每道题目有至少两个选项（A、B）至多五个选项（A、B、C、D、E），题目为不定项选择题，请按照以下格式作答：

【思考过程】：...

【最终答案】：AB / BCE / CD / DE / E / ...（只输出选项的编号，不要写选项内容）

示例：
题目：医疗伦理中四大基本原则是？
A.尊重自主权
B.善意行为
C.无害原则
D.公正原则
E.以上都不是
【思考过程】：本题考查医学伦理的四大基本原则，包括尊重自主权、不伤害原则、行善原则、公正原则。

【最终答案】：ABCD

题目：根据相关法规，医疗机构在处理患者就诊疗行为提出的疑问时，应当采取以下哪些措施？
A.立即修改诊疗方案并向患者公示
B.在24小时内开展核实和自查
C.由主治医师直接向患者进行书面解释
D.指定专人向患者或其近亲属沟通并如实说明情况
E.将自查结果形成报告备案存档
【思考过程】：
",D,客观题
医患关系,"你是一个严格按照要求答题的医学考试考生。请你先展示出完整的思考过程，然后再输出最终答案。每道题目有至少两个选项（A、B）至多五个选项（A、B、C、D、E），题目为不定项选择题，请按照以下格式作答：

【思考过程】：...

【最终答案】：AB / BCE / CD / DE / E / ...（只输出选项的编号，不要写选项内容）

示例：
题目：医疗伦理中四大基本原则是？
A.尊重自主权
B.善意行为
C.无害原则
D.公正原则
E.以上都不是
【思考过程】：本题考查医学伦理的四大基本原则，包括尊重自主权、不伤害原则、行善原则、公正原则。

【最终答案】：ABCD

题目：发生医疗纠纷后，医疗机构依法应当告知患者或其近亲属的事项包括以下哪些内容？
A.解决纠纷的合法途径
B.医疗纠纷调解委员会的联系方式
C.病历资料封存与启封规定
D.医责保险赔付流程
E.病历资料查阅复制规定
【思考过程】：
",ACE,客观题
医患关系,"你是一个严格按照要求答题的医学考试考生。请你先展示出完整的思考过程，然后再输出最终答案。每道题目有至少两个选项（A、B）至多五个选项（A、B、C、D、E），题目为不定项选择题，请按照以下格式作答：

【思考过程】：...

【最终答案】：AB / BCE / CD / DE / E / ...（只输出选项的编号，不要写选项内容）

示例：
题目：医疗伦理中四大基本原则是？
A.尊重自主权
B.善意行为
C.无害原则
D.公正原则
E.以上都不是
【思考过程】：本题考查医学伦理的四大基本原则，包括尊重自主权、不伤害原则、行善原则、公正原则。

【最终答案】：ABCD

题目：当发生医疗纠纷且患者死亡时，医疗机构应当如何处理？
A.立即组织专家委员会进行内部调查
B.主动联系媒体澄清事件过程
C.向近亲属详细说明当前医疗措施的法律依据
D.及时告知患者近亲属关于尸检的相关规定
E.在获得卫生部门批准后启动医疗事故鉴定
【思考过程】：
",D,客观题
医患关系,"你是一个严格按照要求答题的医学考试考生。请你先展示出完整的思考过程，然后再输出最终答案。每道题目有至少两个选项（A、B）至多五个选项（A、B、C、D、E），题目为不定项选择题，请按照以下格式作答：

【思考过程】：...

【最终答案】：AB / BCE / CD / DE / E / ...（只输出选项的编号，不要写选项内容）

示例：
题目：医疗伦理中四大基本原则是？
A.尊重自主权
B.善意行为
C.无害原则
D.公正原则
E.以上都不是
【思考过程】：本题考查医学伦理的四大基本原则，包括尊重自主权、不伤害原则、行善原则、公正原则。

【最终答案】：ABCD

题目：以下哪些情况下医疗机构可以自行启封封存的病历资料？
A.封存满2年患者未提出解决纠纷要求
B.医疗机构与患者协商一致但未满3年
C.医疗纠纷已经解决
D.封存满3年且患者未再提出解决医疗纠纷要求
【思考过程】：
",CD,客观题
医患关系,"你是一个严格按照要求答题的医学考试考生。请你先展示出完整的思考过程，然后再输出最终答案。每道题目有至少两个选项（A、B）至多五个选项（A、B、C、D、E），题目为不定项选择题，请按照以下格式作答：

【思考过程】：...

【最终答案】：AB / BCE / CD / DE / E / ...（只输出选项的编号，不要写选项内容）

示例：
题目：医疗伦理中四大基本原则是？
A.尊重自主权
B.善意行为
C.无害原则
D.公正原则
E.以上都不是
【思考过程】：本题考查医学伦理的四大基本原则，包括尊重自主权、不伤害原则、行善原则、公正原则。

【最终答案】：ABCD

题目：关于医疗纠纷中现场实物封存的处理，以下哪项描述是正确的？
A.封存现场实物由患者自行保管
B.检验机构可由医疗机构单独委托
C.封存满2年未解决纠纷即可启封
D.输血问题需通知血站派员到场
E.医疗机构与患者共同封存后由卫生部门指定检验机构
【思考过程】：
",DE,客观题
医患关系,"你是一个严格按照要求答题的医学考试考生。请你先展示出完整的思考过程，然后再输出最终答案。每道题目有至少两个选项（A、B）至多五个选项（A、B、C、D、E），题目为不定项选择题，请按照以下格式作答：

【思考过程】：...

【最终答案】：AB / BCE / CD / DE / E / ...（只输出选项的编号，不要写选项内容）

示例：
题目：医疗伦理中四大基本原则是？
A.尊重自主权
B.善意行为
C.无害原则
D.公正原则
E.以上都不是
【思考过程】：本题考查医学伦理的四大基本原则，包括尊重自主权、不伤害原则、行善原则、公正原则。

【最终答案】：ABCD

题目：患者死亡后，医患双方对死因存在异议。关于尸检程序，以下哪几项描述符合法律规定？
A.在具备尸体冻存条件的情况下，死亡后第5天可进行尸检
B.死者的成年子女明确反对尸检但未签字，医院仍可实施尸检
C.尸检拖延导致超过规定时间引发纠纷的，由拖延方承担不利后果
D.尸检可由医疗机构具备解剖资质的主治医师独自操作
E.患者生前书面同意尸检即可免除近亲属签字流程
【思考过程】：
",AC,客观题
医患关系,"你是一个严格按照要求答题的医学考试考生。请你先展示出完整的思考过程，然后再输出最终答案。每道题目有至少两个选项（A、B）至多五个选项（A、B、C、D、E），题目为不定项选择题，请按照以下格式作答：

【思考过程】：...

【最终答案】：AB / BCE / CD / DE / E / ...（只输出选项的编号，不要写选项内容）

示例：
题目：医疗伦理中四大基本原则是？
A.尊重自主权
B.善意行为
C.无害原则
D.公正原则
E.以上都不是
【思考过程】：本题考查医学伦理的四大基本原则，包括尊重自主权、不伤害原则、行善原则、公正原则。

【最终答案】：ABCD

题目：患者在医疗机构内死亡后，尸体存放的最长期限一般不得超过多少日？
A.7日
B.12日
C.14日
D.30日
E.60日
【思考过程】：
",C,客观题
医患关系,"你是一个严格按照要求答题的医学考试考生。请你先展示出完整的思考过程，然后再输出最终答案。每道题目有至少两个选项（A、B）至多五个选项（A、B、C、D、E），题目为不定项选择题，请按照以下格式作答：

【思考过程】：...

【最终答案】：AB / BCE / CD / DE / E / ...（只输出选项的编号，不要写选项内容）

示例：
题目：医疗伦理中四大基本原则是？
A.尊重自主权
B.善意行为
C.无害原则
D.公正原则
E.以上都不是
【思考过程】：本题考查医学伦理的四大基本原则，包括尊重自主权、不伤害原则、行善原则、公正原则。

【最终答案】：ABCD

题目：医疗机构发生重大医疗纠纷时，应当向哪一级卫生主管部门报告？
A.所在地县级以上地方人民政府卫生主管部门
B.市级以上人民政府卫生主管部门
C.医疗机构内部医疗纠纷处理部门
D.无需报告，自行处理
E.省级政府卫生主管部门
【思考过程】：
",A,客观题
医患关系,"你是一个严格按照要求答题的医学考试考生。请你先展示出完整的思考过程，然后再输出最终答案。每道题目有至少两个选项（A、B）至多五个选项（A、B、C、D、E），题目为不定项选择题，请按照以下格式作答：

【思考过程】：...

【最终答案】：AB / BCE / CD / DE / E / ...（只输出选项的编号，不要写选项内容）

示例：
题目：医疗伦理中四大基本原则是？
A.尊重自主权
B.善意行为
C.无害原则
D.公正原则
E.以上都不是
【思考过程】：本题考查医学伦理的四大基本原则，包括尊重自主权、不伤害原则、行善原则、公正原则。

【最终答案】：ABCD

题目：医疗纠纷协商解决过程中，以下哪些行为符合法律规定？
A.医患双方在急诊科候诊区开展有12人参与的协商讨论
B.推举4名家属代表与院方5名代表进行协商
C.医院因患方索赔金额过高要求其必须接受人民调解
D.协商过程中主张""以医生职业荣誉作为主要赔付依据""
【思考过程】：
",B,客观题
医患关系,"你是一个严格按照要求答题的医学考试考生。请你先展示出完整的思考过程，然后再输出最终答案。每道题目有至少两个选项（A、B）至多五个选项（A、B、C、D、E），题目为不定项选择题，请按照以下格式作答：

【思考过程】：...

【最终答案】：AB / BCE / CD / DE / E / ...（只输出选项的编号，不要写选项内容）

示例：
题目：医疗伦理中四大基本原则是？
A.尊重自主权
B.善意行为
C.无害原则
D.公正原则
E.以上都不是
【思考过程】：本题考查医学伦理的四大基本原则，包括尊重自主权、不伤害原则、行善原则、公正原则。

【最终答案】：ABCD

题目：关于医疗纠纷人民调解委员会委托医疗损害鉴定的流程及要求，以下哪些表述是正确的？
A.调解委员会可直接单方面委托司法鉴定机构进行鉴定
B.医学会有权自行决定是否简化鉴定程序以提高效率
C.司法鉴定机构应对出具的鉴定意见履行法定责任
D.医疗损害鉴定必须经医患双方共同委托才能启动
E.调解委员会经双方同意可代替医患委托鉴定
【思考过程】：
",CE,客观题
医患关系,"你是一个严格按照要求答题的医学考试考生。请你先展示出完整的思考过程，然后再输出最终答案。每道题目有至少两个选项（A、B）至多五个选项（A、B、C、D、E），题目为不定项选择题，请按照以下格式作答：

【思考过程】：...

【最终答案】：AB / BCE / CD / DE / E / ...（只输出选项的编号，不要写选项内容）

示例：
题目：医疗伦理中四大基本原则是？
A.尊重自主权
B.善意行为
C.无害原则
D.公正原则
E.以上都不是
【思考过程】：本题考查医学伦理的四大基本原则，包括尊重自主权、不伤害原则、行善原则、公正原则。

【最终答案】：ABCD

题目：以下哪种情形需要咨询专家或鉴定人员回避？（多选）
A.作为医疗纠纷当事人的近亲
B.与纠纷存在经济利益
C.曾发表过相关医学论文
D.与当事人是大学同窗关系
E.上个月刚担任该医院伦理委员
【思考过程】：
",ABDE,客观题
医患关系,"你是一个严格按照要求答题的医学考试考生。请你先展示出完整的思考过程，然后再输出最终答案。每道题目有至少两个选项（A、B）至多五个选项（A、B、C、D、E），题目为不定项选择题，请按照以下格式作答：

【思考过程】：...

【最终答案】：AB / BCE / CD / DE / E / ...（只输出选项的编号，不要写选项内容）

示例：
题目：医疗伦理中四大基本原则是？
A.尊重自主权
B.善意行为
C.无害原则
D.公正原则
E.以上都不是
【思考过程】：本题考查医学伦理的四大基本原则，包括尊重自主权、不伤害原则、行善原则、公正原则。

【最终答案】：ABCD

题目：在下列哪种情形下，卫生主管部门应当不予受理医疗纠纷行政调解申请？
A.当事人申请后卫生主管部门未在5个工作日内作出决定
B.申请材料中缺少身份证复印件
C.已向医疗纠纷人民调解委员会提出申请但未被受理
D.已经向人民法院提起诉讼并被受理
E.医疗纠纷发生地不在本辖区
【思考过程】：
",D,客观题
医患关系,"你是一个严格按照要求答题的医学考试考生。请你先展示出完整的思考过程，然后再输出最终答案。每道题目有至少两个选项（A、B）至多五个选项（A、B、C、D、E），题目为不定项选择题，请按照以下格式作答：

【思考过程】：...

【最终答案】：AB / BCE / CD / DE / E / ...（只输出选项的编号，不要写选项内容）

示例：
题目：医疗伦理中四大基本原则是？
A.尊重自主权
B.善意行为
C.无害原则
D.公正原则
E.以上都不是
【思考过程】：本题考查医学伦理的四大基本原则，包括尊重自主权、不伤害原则、行善原则、公正原则。

【最终答案】：ABCD

题目：关于医疗纠纷调解过程的保密要求，以下哪些陈述是正确的？
A.调解委员会可向主管部门提交完整调解记录
B.经过医方单独同意可公开部分调解协议
C.医患双方任一方反对则不得公开调解内容
D.调解员需向第三方公开患者既往病史
E.未经双方同意不得公开调解会议录像
【思考过程】：
",AE,客观题
医患关系,"你是一个严格按照要求答题的医学考试考生。请你先展示出完整的思考过程，然后再输出最终答案。每道题目有至少两个选项（A、B）至多五个选项（A、B、C、D、E），题目为不定项选择题，请按照以下格式作答：

【思考过程】：...

【最终答案】：AB / BCE / CD / DE / E / ...（只输出选项的编号，不要写选项内容）

示例：
题目：医疗伦理中四大基本原则是？
A.尊重自主权
B.善意行为
C.无害原则
D.公正原则
E.以上都不是
【思考过程】：本题考查医学伦理的四大基本原则，包括尊重自主权、不伤害原则、行善原则、公正原则。

【最终答案】：ABCD

题目：某医疗机构被查出篡改病历资料但未造成严重后果，依据相关法规，可能面临的处罚包括哪些？
A.直接主管人员被开除
B.医务人员暂停执业活动8个月
C.主管人员降低岗位等级
D.医务人员被吊销执业证书
E.依法追究刑事责任
【思考过程】：
",BC,客观题
医患关系,"你是一个严格按照要求答题的医学考试考生。请你先展示出完整的思考过程，然后再输出最终答案。每道题目有至少两个选项（A、B）至多五个选项（A、B、C、D、E），题目为不定项选择题，请按照以下格式作答：

【思考过程】：...

【最终答案】：AB / BCE / CD / DE / E / ...（只输出选项的编号，不要写选项内容）

示例：
题目：医疗伦理中四大基本原则是？
A.尊重自主权
B.善意行为
C.无害原则
D.公正原则
E.以上都不是
【思考过程】：本题考查医学伦理的四大基本原则，包括尊重自主权、不伤害原则、行善原则、公正原则。

【最终答案】：ABCD

题目：以下哪种行为违反了医患关系中的伦理要求？
A.因患者宗教信仰调整沟通方式
B.因患者贫富差异限制医疗资源分配
C.拒绝为残疾患者开具与残疾无关的医疗证明
D.因患者文化程度隐瞒关键治疗风险
E.将患者医疗信息用于非诊疗相关的学术研究
【思考过程】：
",BDE,客观题
医患关系,"你是一个严格按照要求答题的医学考试考生。请你先展示出完整的思考过程，然后再输出最终答案。每道题目有至少两个选项（A、B）至多五个选项（A、B、C、D、E），题目为不定项选择题，请按照以下格式作答：

【思考过程】：...

【最终答案】：AB / BCE / CD / DE / E / ...（只输出选项的编号，不要写选项内容）

示例：
题目：医疗伦理中四大基本原则是？
A.尊重自主权
B.善意行为
C.无害原则
D.公正原则
E.以上都不是
【思考过程】：本题考查医学伦理的四大基本原则，包括尊重自主权、不伤害原则、行善原则、公正原则。

【最终答案】：ABCD

题目：以下哪种行为违反了医德廉洁自律要求？
A.不参加药企赞助的学术会议
B.收取患者赠送的贵重礼品
C.推荐患者到指定药店购药以获取提成
D.私自将患者信息出售给第三方机构
【思考过程】：
",BCD,客观题
医患关系,"你是一个严格按照要求答题的医学考试考生。请你先展示出完整的思考过程，然后再输出最终答案。每道题目有至少两个选项（A、B）至多五个选项（A、B、C、D、E），题目为不定项选择题，请按照以下格式作答：

【思考过程】：...

【最终答案】：AB / BCE / CD / DE / E / ...（只输出选项的编号，不要写选项内容）

示例：
题目：医疗伦理中四大基本原则是？
A.尊重自主权
B.善意行为
C.无害原则
D.公正原则
E.以上都不是
【思考过程】：本题考查医学伦理的四大基本原则，包括尊重自主权、不伤害原则、行善原则、公正原则。

【最终答案】：ABCD

题目：关于实验性临床医疗的知情同意要求，以下哪项符合法规规定？
A. 必须在患者本人拒绝时强制取得家属同意
B. 只需医疗机构内部伦理委员会批准即可开展
C. 口头告知患者风险后可跳过书面同意流程
D. 必须保障患者本人或其家属的知情同意权
E. 需患者和家属同时在场签署同意书
【思考过程】：
",D,客观题
医患关系,"你是一个严格按照要求答题的医学考试考生。请你先展示出完整的思考过程，然后再输出最终答案。每道题目有至少两个选项（A、B）至多五个选项（A、B、C、D、E），题目为不定项选择题，请按照以下格式作答：

【思考过程】：...

【最终答案】：AB / BCE / CD / DE / E / ...（只输出选项的编号，不要写选项内容）

示例：
题目：医疗伦理中四大基本原则是？
A.尊重自主权
B.善意行为
C.无害原则
D.公正原则
E.以上都不是
【思考过程】：本题考查医学伦理的四大基本原则，包括尊重自主权、不伤害原则、行善原则、公正原则。

【最终答案】：ABCD

题目：护士在履行护理职责时，下列哪项不属于规定必须包含的内容？
A.医学照顾与病情观察
B.健康教育与药物处方开具
C.协助诊疗与健康管理师资格培训
D.心理支持与康复指导
【思考过程】：
",BC,客观题
医患关系,"你是一个严格按照要求答题的医学考试考生。请你先展示出完整的思考过程，然后再输出最终答案。每道题目有至少两个选项（A、B）至多五个选项（A、B、C、D、E），题目为不定项选择题，请按照以下格式作答：

【思考过程】：...

【最终答案】：AB / BCE / CD / DE / E / ...（只输出选项的编号，不要写选项内容）

示例：
题目：医疗伦理中四大基本原则是？
A.尊重自主权
B.善意行为
C.无害原则
D.公正原则
E.以上都不是
【思考过程】：本题考查医学伦理的四大基本原则，包括尊重自主权、不伤害原则、行善原则、公正原则。

【最终答案】：ABCD

题目：护士在发现患者病情危急时，以下哪种做法符合相关法律法规？
A.立即通知医师并全程记录病情变化
B.优先联系患者家属说明情况
C.在医师未到达时拒绝实施任何救护措施
D.为抢救生命直接实施心脏电除颤操作
E.立即通知医师并在紧急情况下实施必要救护
【思考过程】：
",E,客观题
医患关系,"你是一个严格按照要求答题的医学考试考生。请你先展示出完整的思考过程，然后再输出最终答案。每道题目有至少两个选项（A、B）至多五个选项（A、B、C、D、E），题目为不定项选择题，请按照以下格式作答：

【思考过程】：...

【最终答案】：AB / BCE / CD / DE / E / ...（只输出选项的编号，不要写选项内容）

示例：
题目：医疗伦理中四大基本原则是？
A.尊重自主权
B.善意行为
C.无害原则
D.公正原则
E.以上都不是
【思考过程】：本题考查医学伦理的四大基本原则，包括尊重自主权、不伤害原则、行善原则、公正原则。

【最终答案】：ABCD

题目：医务人员在协同医师工作时，必须向患者解释说明的内容应包含以下哪些内容？
A.药物使用遴选、适应症、禁忌
B.适应症、禁忌、药品价格
C.适应症、禁忌、不良反应、药品生产厂家
D.药物遴选、适应症、禁忌、不良反应、注意事项、使用方法
E.指导患者调整药物剂量以节省费用
【思考过程】：
",D,客观题
医患关系,"你是一个严格按照要求答题的医学考试考生。请你先展示出完整的思考过程，然后再输出最终答案。每道题目有至少两个选项（A、B）至多五个选项（A、B、C、D、E），题目为不定项选择题，请按照以下格式作答：

【思考过程】：...

【最终答案】：AB / BCE / CD / DE / E / ...（只输出选项的编号，不要写选项内容）

示例：
题目：医疗伦理中四大基本原则是？
A.尊重自主权
B.善意行为
C.无害原则
D.公正原则
E.以上都不是
【思考过程】：本题考查医学伦理的四大基本原则，包括尊重自主权、不伤害原则、行善原则、公正原则。

【最终答案】：ABCD

题目：以下哪个行为符合医患关系中的伦理要求？
A.主动减少患者家属的担忧
B.积极配合临床诊疗
C.巧妙探问患者隐私用于研究
D.保护患者隐私
E.优先履行医院创收指标
【思考过程】：
",BD,客观题
医患关系,"你是一个严格按照要求答题的医学考试考生。请你先展示出完整的思考过程，然后再输出最终答案。每道题目有至少两个选项（A、B）至多五个选项（A、B、C、D、E），题目为不定项选择题，请按照以下格式作答：

【思考过程】：...

【最终答案】：AB / BCE / CD / DE / E / ...（只输出选项的编号，不要写选项内容）

示例：
题目：医疗伦理中四大基本原则是？
A.尊重自主权
B.善意行为
C.无害原则
D.公正原则
E.以上都不是
【思考过程】：本题考查医学伦理的四大基本原则，包括尊重自主权、不伤害原则、行善原则、公正原则。

【最终答案】：ABCD

题目：在医患关系中，以下哪些是医务人员必须履行的职责？
A.指导患者配合检查
B.对接触放射性物质的人员仅告知风险
C.帮助患者查询检查结果
D.对接触传染性物质的人员不采取任何防护措施
E.对接触传染性物质的人员进行风险告知并给予防护
【思考过程】：
",ACE,客观题
医患关系,"你是一个严格按照要求答题的医学考试考生。请你先展示出完整的思考过程，然后再输出最终答案。每道题目有至少两个选项（A、B）至多五个选项（A、B、C、D、E），题目为不定项选择题，请按照以下格式作答：

【思考过程】：...

【最终答案】：AB / BCE / CD / DE / E / ...（只输出选项的编号，不要写选项内容）

示例：
题目：医疗伦理中四大基本原则是？
A.尊重自主权
B.善意行为
C.无害原则
D.公正原则
E.以上都不是
【思考过程】：本题考查医学伦理的四大基本原则，包括尊重自主权、不伤害原则、行善原则、公正原则。

【最终答案】：ABCD

题目：下列哪项不属于医疗机构应推行的合理用药管理原则？
A.安全原则
B.有效原则
C.经济原则
D.便捷性原则
E.快速性原则
【思考过程】：
",DE,客观题
医患关系,"你是一个严格按照要求答题的医学考试考生。请你先展示出完整的思考过程，然后再输出最终答案。每道题目有至少两个选项（A、B）至多五个选项（A、B、C、D、E），题目为不定项选择题，请按照以下格式作答：

【思考过程】：...

【最终答案】：AB / BCE / CD / DE / E / ...（只输出选项的编号，不要写选项内容）

示例：
题目：医疗伦理中四大基本原则是？
A.尊重自主权
B.善意行为
C.无害原则
D.公正原则
E.以上都不是
【思考过程】：本题考查医学伦理的四大基本原则，包括尊重自主权、不伤害原则、行善原则、公正原则。

【最终答案】：ABCD

题目：以下哪些行为符合医疗机构及其医务人员的伦理义务？
A.未经患者同意公开其诊疗方案用于学术交流，B.在监护人在场情况下仅向未成年人解释手术风险，C.为同事亲属提供患者的诊疗记录以方便病情讨论，D.签署知情同意书后实施风险性检查，E.应患者要求销毁电子病历中的隐私数据
【思考过程】：
",E,客观题
医患关系,"你是一个严格按照要求答题的医学考试考生。请你先展示出完整的思考过程，然后再输出最终答案。每道题目有至少两个选项（A、B）至多五个选项（A、B、C、D、E），题目为不定项选择题，请按照以下格式作答：

【思考过程】：...

【最终答案】：AB / BCE / CD / DE / E / ...（只输出选项的编号，不要写选项内容）

示例：
题目：医疗伦理中四大基本原则是？
A.尊重自主权
B.善意行为
C.无害原则
D.公正原则
E.以上都不是
【思考过程】：本题考查医学伦理的四大基本原则，包括尊重自主权、不伤害原则、行善原则、公正原则。

【最终答案】：ABCD

题目：医疗机构在保障医患关系时可以采取以下哪些措施？
A.建立医疗安全与风险管理体系制度
B.利用医疗责任保险分担风险
C.缩减高风险科室的规模
D.制订医疗纠纷处理预案
E.完善患者投诉管理体系
F.定期公开医疗纠纷详细案件
【思考过程】：
",ABDE,客观题
医患关系,"你是一个严格按照要求答题的医学考试考生。请你先展示出完整的思考过程，然后再输出最终答案。每道题目有至少两个选项（A、B）至多五个选项（A、B、C、D、E），题目为不定项选择题，请按照以下格式作答：

【思考过程】：...

【最终答案】：AB / BCE / CD / DE / E / ...（只输出选项的编号，不要写选项内容）

示例：
题目：医疗伦理中四大基本原则是？
A.尊重自主权
B.善意行为
C.无害原则
D.公正原则
E.以上都不是
【思考过程】：本题考查医学伦理的四大基本原则，包括尊重自主权、不伤害原则、行善原则、公正原则。

【最终答案】：ABCD

题目：某医院在接诊时，不得以下列哪些因素作为拒绝收治或歧视患者的依据？
A.患者职业等级
B.患者婚姻状况
C.患者宗教信仰
D.患者性取向
E.患者经济地位
【思考过程】：
",BCDE,客观题
医患关系,"你是一个严格按照要求答题的医学考试考生。请你先展示出完整的思考过程，然后再输出最终答案。每道题目有至少两个选项（A、B）至多五个选项（A、B、C、D、E），题目为不定项选择题，请按照以下格式作答：

【思考过程】：...

【最终答案】：AB / BCE / CD / DE / E / ...（只输出选项的编号，不要写选项内容）

示例：
题目：医疗伦理中四大基本原则是？
A.尊重自主权
B.善意行为
C.无害原则
D.公正原则
E.以上都不是
【思考过程】：本题考查医学伦理的四大基本原则，包括尊重自主权、不伤害原则、行善原则、公正原则。

【最终答案】：ABCD

题目：以下哪种行为违反了关于医患沟通的相关规定？
A.使用通俗语言将病情转化为比喻进行解释
B.向患者详细介绍治疗方案的风险和益处
C.宣传诊疗效果时夸大成功率以提高患者信心
D.开展“推荐亲友享优惠价格”的诊疗推广活动
【思考过程】：
",CD,客观题
医患关系,"你是一个严格按照要求答题的医学考试考生。请你先展示出完整的思考过程，然后再输出最终答案。每道题目有至少两个选项（A、B）至多五个选项（A、B、C、D、E），题目为不定项选择题，请按照以下格式作答：

【思考过程】：...

【最终答案】：AB / BCE / CD / DE / E / ...（只输出选项的编号，不要写选项内容）

示例：
题目：医疗伦理中四大基本原则是？
A.尊重自主权
B.善意行为
C.无害原则
D.公正原则
E.以上都不是
【思考过程】：本题考查医学伦理的四大基本原则，包括尊重自主权、不伤害原则、行善原则、公正原则。

【最终答案】：ABCD

题目：下列哪一种行为可能违反医学伦理相关法条？
A.为科研目的擅自增加非必要的放射性检查
B.在可预见的风险范围内调整麻醉方案以缩短手术时间
C.因门诊量大而使用超出说明书最高剂量10%的抗生素加快疗效
D.隐瞒罕见手术并发症风险以减轻患者焦虑
【思考过程】：
",ACD,客观题
医患关系,"你是一个严格按照要求答题的医学考试考生。请你先展示出完整的思考过程，然后再输出最终答案。每道题目有至少两个选项（A、B）至多五个选项（A、B、C、D、E），题目为不定项选择题，请按照以下格式作答：

【思考过程】：...

【最终答案】：AB / BCE / CD / DE / E / ...（只输出选项的编号，不要写选项内容）

示例：
题目：医疗伦理中四大基本原则是？
A.尊重自主权
B.善意行为
C.无害原则
D.公正原则
E.以上都不是
【思考过程】：本题考查医学伦理的四大基本原则，包括尊重自主权、不伤害原则、行善原则、公正原则。

【最终答案】：ABCD

题目：根据相关法律法规，以下哪些行为违反了医师在医患关系中的伦理义务？（多选）
A.适当简化知情同意流程以减轻工作负担
B.在患者签署同意书前充分解释医疗风险
C.将书面知情同意书作为避免医患纠纷的唯一依据
D.花费15分钟与患者讨论替代治疗方案
E.仅通过电话回访确认术后恢复情况
【思考过程】：
",ACE,客观题
医患关系,"你是一个严格按照要求答题的医学考试考生。请你先展示出完整的思考过程，然后再输出最终答案。每道题目有至少两个选项（A、B）至多五个选项（A、B、C、D、E），题目为不定项选择题，请按照以下格式作答：

【思考过程】：...

【最终答案】：AB / BCE / CD / DE / E / ...（只输出选项的编号，不要写选项内容）

示例：
题目：医疗伦理中四大基本原则是？
A.尊重自主权
B.善意行为
C.无害原则
D.公正原则
E.以上都不是
【思考过程】：本题考查医学伦理的四大基本原则，包括尊重自主权、不伤害原则、行善原则、公正原则。

【最终答案】：ABCD

题目：医生在接诊经济困难患者时，根据伦理规范应当优先采取以下哪种做法？
A.推荐治疗成本最低的方案，B.结合医疗效果选择适宜方案并提供救助线索，C.优先推荐疗效明确但费用高昂的先进方案，D.仅提供治疗方案不参与救助工作，E.建议患者自行寻求社会救助
【思考过程】：
",B,客观题
医患关系,"你是一个严格按照要求答题的医学考试考生。请你先展示出完整的思考过程，然后再输出最终答案。每道题目有至少两个选项（A、B）至多五个选项（A、B、C、D、E），题目为不定项选择题，请按照以下格式作答：

【思考过程】：...

【最终答案】：AB / BCE / CD / DE / E / ...（只输出选项的编号，不要写选项内容）

示例：
题目：医疗伦理中四大基本原则是？
A.尊重自主权
B.善意行为
C.无害原则
D.公正原则
E.以上都不是
【思考过程】：本题考查医学伦理的四大基本原则，包括尊重自主权、不伤害原则、行善原则、公正原则。

【最终答案】：ABCD

题目：以下表述是否正确：在指导医学生临床诊疗活动时，若取得患者书面同意，则允许其实施可能造成患者短暂焦虑的操作。
A.正确
B.错误
【思考过程】：
",B,客观题
医患关系,"你是一个严格按照要求答题的医学考试考生。请你先展示出完整的思考过程，然后再输出最终答案。每道题目有至少两个选项（A、B）至多五个选项（A、B、C、D、E），题目为不定项选择题，请按照以下格式作答：

【思考过程】：...

【最终答案】：AB / BCE / CD / DE / E / ...（只输出选项的编号，不要写选项内容）

示例：
题目：医疗伦理中四大基本原则是？
A.尊重自主权
B.善意行为
C.无害原则
D.公正原则
E.以上都不是
【思考过程】：本题考查医学伦理的四大基本原则，包括尊重自主权、不伤害原则、行善原则、公正原则。

【最终答案】：ABCD

题目：当患者丧失决策能力时，以下哪些方式可用于尊重其意愿？（多选）
A. 生前遗嘱
B. 替代同意
C. 家属集体表决
D. 医学专家评估
E. 患者近亲属的口头声明
【思考过程】：
",AB,客观题
医患关系,"你是一个严格按照要求答题的医学考试考生。请你先展示出完整的思考过程，然后再输出最终答案。每道题目有至少两个选项（A、B）至多五个选项（A、B、C、D、E），题目为不定项选择题，请按照以下格式作答：

【思考过程】：...

【最终答案】：AB / BCE / CD / DE / E / ...（只输出选项的编号，不要写选项内容）

示例：
题目：医疗伦理中四大基本原则是？
A.尊重自主权
B.善意行为
C.无害原则
D.公正原则
E.以上都不是
【思考过程】：本题考查医学伦理的四大基本原则，包括尊重自主权、不伤害原则、行善原则、公正原则。

【最终答案】：ABCD

题目：以下哪些做法违反了为患者保守秘密的医疗法规？
A.在科室内部会议上对患者病情进行匿名化讨论
B.在患者本人未授权的情况下，将诊疗结果告知其直系亲属
C.未经脱敏处理将患者诊疗数据上传至公共研究平台
D.在医院走廊用患者出生年份代替姓名谈论病情
E.通过医院安全系统调阅分管患者的完整病历
【思考过程】：
",BCD,客观题
医患关系,"你是一个严格按照要求答题的医学考试考生。请你先展示出完整的思考过程，然后再输出最终答案。每道题目有至少两个选项（A、B）至多五个选项（A、B、C、D、E），题目为不定项选择题，请按照以下格式作答：

【思考过程】：...

【最终答案】：AB / BCE / CD / DE / E / ...（只输出选项的编号，不要写选项内容）

示例：
题目：医疗伦理中四大基本原则是？
A.尊重自主权
B.善意行为
C.无害原则
D.公正原则
E.以上都不是
【思考过程】：本题考查医学伦理的四大基本原则，包括尊重自主权、不伤害原则、行善原则、公正原则。

【最终答案】：ABCD

题目：患者李某要求查看自己的完整病历，发现其中包含其兄弟的健康隐私信息。根据相关规定，以下哪项处理方式正确？
A.直接隐瞒该部分信息以防止家庭矛盾
B.无需征求其兄弟同意即可完全公开
C.在判断该信息公开不会对李某造成伤害后仍隐瞒相关信息
D.征得李某兄弟的书面同意后告知该部分信息
【思考过程】：
",D,客观题
医患关系,"你是一个严格按照要求答题的医学考试考生。请你先展示出完整的思考过程，然后再输出最终答案。每道题目有至少两个选项（A、B）至多五个选项（A、B、C、D、E），题目为不定项选择题，请按照以下格式作答：

【思考过程】：...

【最终答案】：AB / BCE / CD / DE / E / ...（只输出选项的编号，不要写选项内容）

示例：
题目：医疗伦理中四大基本原则是？
A.尊重自主权
B.善意行为
C.无害原则
D.公正原则
E.以上都不是
【思考过程】：本题考查医学伦理的四大基本原则，包括尊重自主权、不伤害原则、行善原则、公正原则。

【最终答案】：ABCD

题目：以下关于患者权利的说法中，符合我国医学伦理相关规范的有哪些？
A.患者有权拒绝医生建议的手术方案
B.医生可以优先满足患者与治疗相关的个人选择
C.患者接受化疗后若反悔，需医生评估专业意见后方可终止
D.患者要求采用替代医疗方案时，需经医院伦理委员会批准
E.患者有权在不违反法律的前提下要求调整止疼药使用剂量
【思考过程】：
",AE,客观题
医患关系,"你是一个严格按照要求答题的医学考试考生。请你先展示出完整的思考过程，然后再输出最终答案。每道题目有至少两个选项（A、B）至多五个选项（A、B、C、D、E），题目为不定项选择题，请按照以下格式作答：

【思考过程】：...

【最终答案】：AB / BCE / CD / DE / E / ...（只输出选项的编号，不要写选项内容）

示例：
题目：医疗伦理中四大基本原则是？
A.尊重自主权
B.善意行为
C.无害原则
D.公正原则
E.以上都不是
【思考过程】：本题考查医学伦理的四大基本原则，包括尊重自主权、不伤害原则、行善原则、公正原则。

【最终答案】：ABCD

题目：对于失去意识的急危患者和自杀患者，以下哪些处理符合法定要求？
A. 无法联系法定代理人时，医师可先行实施插管术，术后24小时补报管理者  
B. 对清醒后多次拔除抢救管道的自杀患者，可终止生命维持治疗  
C. 报经科主任批准后，无需等待管理者最终批复即可开展体外循环手术  
D. 医师默认为患者同意后，需经医务处书面批准方可实施开颅减压术  
E. 精神病发作者持刀自残后昏迷，按常规流程联系家属失败后立即手术
【思考过程】：
",D,客观题
医患关系,"你是一个严格按照要求答题的医学考试考生。请你先展示出完整的思考过程，然后再输出最终答案。每道题目有至少两个选项（A、B）至多五个选项（A、B、C、D、E），题目为不定项选择题，请按照以下格式作答：

【思考过程】：...

【最终答案】：AB / BCE / CD / DE / E / ...（只输出选项的编号，不要写选项内容）

示例：
题目：医疗伦理中四大基本原则是？
A.尊重自主权
B.善意行为
C.无害原则
D.公正原则
E.以上都不是
【思考过程】：本题考查医学伦理的四大基本原则，包括尊重自主权、不伤害原则、行善原则、公正原则。

【最终答案】：ABCD

题目：关于行为能力受限患者的诊疗决策，以下哪些做法符合伦理规范？
A.用图文并茂的说明书让失语症患者指认同意事项
B.让10岁患儿独立签署全身麻醉知情同意书
C.让轻度阿尔茨海默病老人的个人意愿成为决策首要依据
D.对躁狂症发作期患者直接由近亲属代为决定
E.经专业评估确认患者具备部分决策能力时共同签署文件
【思考过程】：
",AE,客观题
医患关系,"你是一个严格按照要求答题的医学考试考生。请你先展示出完整的思考过程，然后再输出最终答案。每道题目有至少两个选项（A、B）至多五个选项（A、B、C、D、E），题目为不定项选择题，请按照以下格式作答：

【思考过程】：...

【最终答案】：AB / BCE / CD / DE / E / ...（只输出选项的编号，不要写选项内容）

示例：
题目：医疗伦理中四大基本原则是？
A.尊重自主权
B.善意行为
C.无害原则
D.公正原则
E.以上都不是
【思考过程】：本题考查医学伦理的四大基本原则，包括尊重自主权、不伤害原则、行善原则、公正原则。

【最终答案】：ABCD

题目：当患者法定代理人禁止提供必要治疗时，医生正确的做法是？
A.在任何情况下严格遵守代理人决定
B.非危急时提出异议，危急时以患者利益优先实施治疗
C.在非危急情况下强行实施治疗
D.危急时仍需等待伦理委员会批准后再治疗
【思考过程】：
",B,客观题
医患关系,"你是一个严格按照要求答题的医学考试考生。请你先展示出完整的思考过程，然后再输出最终答案。每道题目有至少两个选项（A、B）至多五个选项（A、B、C、D、E），题目为不定项选择题，请按照以下格式作答：

【思考过程】：...

【最终答案】：AB / BCE / CD / DE / E / ...（只输出选项的编号，不要写选项内容）

示例：
题目：医疗伦理中四大基本原则是？
A.尊重自主权
B.善意行为
C.无害原则
D.公正原则
E.以上都不是
【思考过程】：本题考查医学伦理的四大基本原则，包括尊重自主权、不伤害原则、行善原则、公正原则。

【最终答案】：ABCD

题目：发现患者涉嫌非正常死亡时，以下哪个群体不属于医疗机构应特别关注人身保护的？
A.未成年人
B.妇女
C.精神障碍者
D.残疾人
E.老年人
【思考过程】：
",DE,客观题
医患关系,"你是一个严格按照要求答题的医学考试考生。请你先展示出完整的思考过程，然后再输出最终答案。每道题目有至少两个选项（A、B）至多五个选项（A、B、C、D、E），题目为不定项选择题，请按照以下格式作答：

【思考过程】：...

【最终答案】：AB / BCE / CD / DE / E / ...（只输出选项的编号，不要写选项内容）

示例：
题目：医疗伦理中四大基本原则是？
A.尊重自主权
B.善意行为
C.无害原则
D.公正原则
E.以上都不是
【思考过程】：本题考查医学伦理的四大基本原则，包括尊重自主权、不伤害原则、行善原则、公正原则。

【最终答案】：ABCD

题目：医生在提供医疗护理时必须尊重患者的哪些权利？
A.尊严权
B.根据医生建议自行调整治疗方案的义务
C.自主权
D.自由接受或拒绝治疗的权利
E.要求优先治疗的权利
【思考过程】：
",ACD,客观题
医患关系,"你是一个严格按照要求答题的医学考试考生。请你先展示出完整的思考过程，然后再输出最终答案。每道题目有至少两个选项（A、B）至多五个选项（A、B、C、D、E），题目为不定项选择题，请按照以下格式作答：

【思考过程】：...

【最终答案】：AB / BCE / CD / DE / E / ...（只输出选项的编号，不要写选项内容）

示例：
题目：医疗伦理中四大基本原则是？
A.尊重自主权
B.善意行为
C.无害原则
D.公正原则
E.以上都不是
【思考过程】：本题考查医学伦理的四大基本原则，包括尊重自主权、不伤害原则、行善原则、公正原则。

【最终答案】：ABCD

题目：医生在制定患者手术方案时应当以什么为决策核心？
A.优先缩短手术时间以降低感染风险
B.平衡手术的预期生存率提升与术后并发症风险
C.优先选择有利于科研数据收集的方案
D.充分考量患者家属的直接要求
E.优先使用成本最低的耗材
【思考过程】：
",B,客观题
医患关系,"你是一个严格按照要求答题的医学考试考生。请你先展示出完整的思考过程，然后再输出最终答案。每道题目有至少两个选项（A、B）至多五个选项（A、B、C、D、E），题目为不定项选择题，请按照以下格式作答：

【思考过程】：...

【最终答案】：AB / BCE / CD / DE / E / ...（只输出选项的编号，不要写选项内容）

示例：
题目：医疗伦理中四大基本原则是？
A.尊重自主权
B.善意行为
C.无害原则
D.公正原则
E.以上都不是
【思考过程】：本题考查医学伦理的四大基本原则，包括尊重自主权、不伤害原则、行善原则、公正原则。

【最终答案】：ABCD

题目：下列哪项属于医生在医疗过程中必须遵循的法定职责？
A.在手术前向患者家属提供详细的书面风险解释
B.在实施介入治疗前必须获得患者自愿的知悉同意
C.确保患者理解不同医疗方案的风险和收益后再进行决策
D.在急救情况下实施必要医疗措施可不获取同意
E.必须尊重患者术后改变决定停止治疗的要求
【思考过程】：
",BCE,客观题
医患关系,"你是一个严格按照要求答题的医学考试考生。请你先展示出完整的思考过程，然后再输出最终答案。每道题目有至少两个选项（A、B）至多五个选项（A、B、C、D、E），题目为不定项选择题，请按照以下格式作答：

【思考过程】：...

【最终答案】：AB / BCE / CD / DE / E / ...（只输出选项的编号，不要写选项内容）

示例：
题目：医疗伦理中四大基本原则是？
A.尊重自主权
B.善意行为
C.无害原则
D.公正原则
E.以上都不是
【思考过程】：本题考查医学伦理的四大基本原则，包括尊重自主权、不伤害原则、行善原则、公正原则。

【最终答案】：ABCD

题目：当患者决策能力严重受损时，医生应采取的正确措施包括哪些？
A.完全由主治医师独立决定治疗方案
B.优先与患者的法定代理人直接签署同意书
C.在患者偏好不明时按照最优医疗方案执行
D.必须确保决策过程符合医学伦理准则
E.跳过患者直接联系其直系亲属代行决策
【思考过程】：
",CD,客观题
医患关系,"你是一个严格按照要求答题的医学考试考生。请你先展示出完整的思考过程，然后再输出最终答案。每道题目有至少两个选项（A、B）至多五个选项（A、B、C、D、E），题目为不定项选择题，请按照以下格式作答：

【思考过程】：...

【最终答案】：AB / BCE / CD / DE / E / ...（只输出选项的编号，不要写选项内容）

示例：
题目：医疗伦理中四大基本原则是？
A.尊重自主权
B.善意行为
C.无害原则
D.公正原则
E.以上都不是
【思考过程】：本题考查医学伦理的四大基本原则，包括尊重自主权、不伤害原则、行善原则、公正原则。

【最终答案】：ABCD

题目：在紧急情况下，医生未获知情同意即可实施救治的条件应满足哪些要求？
A.患者处于意识清醒状态但拒绝沟通
B.已尝试联系患者法定代理人但未果
C.医疗机构主任单方面签署授权书
D.干预手段符合患者治疗前明确表达的偏好
E.实施创伤性高风险操作以缩短抢救时间
【思考过程】：
",BD,客观题
医患关系,"你是一个严格按照要求答题的医学考试考生。请你先展示出完整的思考过程，然后再输出最终答案。每道题目有至少两个选项（A、B）至多五个选项（A、B、C、D、E），题目为不定项选择题，请按照以下格式作答：

【思考过程】：...

【最终答案】：AB / BCE / CD / DE / E / ...（只输出选项的编号，不要写选项内容）

示例：
题目：医疗伦理中四大基本原则是？
A.尊重自主权
B.善意行为
C.无害原则
D.公正原则
E.以上都不是
【思考过程】：本题考查医学伦理的四大基本原则，包括尊重自主权、不伤害原则、行善原则、公正原则。

【最终答案】：ABCD

题目：患者因昏迷由家属代签知情同意书后进行手术，术后患者恢复清醒意识但未主动询问治疗方案。此时医生应如何处理后续治疗？
A.无需再次获取同意，继续按原方案治疗
B.必须重新获取患者本人的知情同意
C.同时获得患者和家属签字后方可继续
D.仅在紧急情况下可免除再次同意
【思考过程】：
",B,客观题
医患关系,"你是一个严格按照要求答题的医学考试考生。请你先展示出完整的思考过程，然后再输出最终答案。每道题目有至少两个选项（A、B）至多五个选项（A、B、C、D、E），题目为不定项选择题，请按照以下格式作答：

【思考过程】：...

【最终答案】：AB / BCE / CD / DE / E / ...（只输出选项的编号，不要写选项内容）

示例：
题目：医疗伦理中四大基本原则是？
A.尊重自主权
B.善意行为
C.无害原则
D.公正原则
E.以上都不是
【思考过程】：本题考查医学伦理的四大基本原则，包括尊重自主权、不伤害原则、行善原则、公正原则。

【最终答案】：ABCD

题目：以下表述是否正确：医生为满足患者的最佳利益，向患者家属详细说明治疗方案时，一并将患者曾隐瞒家属的财务状况和过敏史作为案例分享。
A.正确
B.错误
【思考过程】：
",B,客观题
医患关系,"你是一个严格按照要求答题的医学考试考生。请你先展示出完整的思考过程，然后再输出最终答案。每道题目有至少两个选项（A、B）至多五个选项（A、B、C、D、E），题目为不定项选择题，请按照以下格式作答：

【思考过程】：...

【最终答案】：AB / BCE / CD / DE / E / ...（只输出选项的编号，不要写选项内容）

示例：
题目：医疗伦理中四大基本原则是？
A.尊重自主权
B.善意行为
C.无害原则
D.公正原则
E.以上都不是
【思考过程】：本题考查医学伦理的四大基本原则，包括尊重自主权、不伤害原则、行善原则、公正原则。

【最终答案】：ABCD

题目：当医生的医疗护理能力无法满足患者需求时，应当如何处理？
A.自行调整治疗方案继续治疗
B.可以继续提供能力范围内的部分治疗
C.患者未要求转诊则无需主动处理
D.只要院领导批准即可维持治疗
E.必须转诊或咨询其他胜任的卫生专业人员
【思考过程】：
",E,客观题
医患关系,"你是一个严格按照要求答题的医学考试考生。请你先展示出完整的思考过程，然后再输出最终答案。每道题目有至少两个选项（A、B）至多五个选项（A、B、C、D、E），题目为不定项选择题，请按照以下格式作答：

【思考过程】：...

【最终答案】：AB / BCE / CD / DE / E / ...（只输出选项的编号，不要写选项内容）

示例：
题目：医疗伦理中四大基本原则是？
A.尊重自主权
B.善意行为
C.无害原则
D.公正原则
E.以上都不是
【思考过程】：本题考查医学伦理的四大基本原则，包括尊重自主权、不伤害原则、行善原则、公正原则。

【最终答案】：ABCD

题目：关于医生医疗记录的要求，以下哪项最符合法规规定？
A.必须优先确保记录的准确性，时间可适当延迟
B.应在治疗后48小时内完成记录
C.允许在紧急情况下暂时不做记录，待情况稳定后补全
D.必须同时保证记录的准确性和及时性
E.患者出院后一周内完成记录即可
【思考过程】：
",D,客观题
医患关系,"你是一个严格按照要求答题的医学考试考生。请你先展示出完整的思考过程，然后再输出最终答案。每道题目有至少两个选项（A、B）至多五个选项（A、B、C、D、E），题目为不定项选择题，请按照以下格式作答：

【思考过程】：...

【最终答案】：AB / BCE / CD / DE / E / ...（只输出选项的编号，不要写选项内容）

示例：
题目：医疗伦理中四大基本原则是？
A.尊重自主权
B.善意行为
C.无害原则
D.公正原则
E.以上都不是
【思考过程】：本题考查医学伦理的四大基本原则，包括尊重自主权、不伤害原则、行善原则、公正原则。

【最终答案】：ABCD

题目：以下哪种情况下，医生可以披露患者的保密信息？
A.患者家属请求查看已故患者的完整治疗记录
B.患者自愿签署了同意公开患病史的法律文件
C.未经患者同意但可降低社区防疫风险的紧急情况
D.为患者的职业晋升考量而披露部分健康数据
E.为阻止重大公共卫生安全事件且已用尽其他方法时的最小范围披露
【思考过程】：
",BE,客观题
医患关系,"你是一个严格按照要求答题的医学考试考生。请你先展示出完整的思考过程，然后再输出最终答案。每道题目有至少两个选项（A、B）至多五个选项（A、B、C、D、E），题目为不定项选择题，请按照以下格式作答：

【思考过程】：...

【最终答案】：AB / BCE / CD / DE / E / ...（只输出选项的编号，不要写选项内容）

示例：
题目：医疗伦理中四大基本原则是？
A.尊重自主权
B.善意行为
C.无害原则
D.公正原则
E.以上都不是
【思考过程】：本题考查医学伦理的四大基本原则，包括尊重自主权、不伤害原则、行善原则、公正原则。

【最终答案】：ABCD

题目：医生计划向保险公司提交患者的体检报告时，根据相关规定必须完成哪些步骤？
A.在首次会面时立即向患者说明报告目的
B.在治疗结束后口头告知患者
C.仅获取患者的口头默许
D.详细说明报告的覆盖范围及保密限度
E.取得患者的书面同意
【思考过程】：
",ADE,客观题
医患关系,"你是一个严格按照要求答题的医学考试考生。请你先展示出完整的思考过程，然后再输出最终答案。每道题目有至少两个选项（A、B）至多五个选项（A、B、C、D、E），题目为不定项选择题，请按照以下格式作答：

【思考过程】：...

【最终答案】：AB / BCE / CD / DE / E / ...（只输出选项的编号，不要写选项内容）

示例：
题目：医疗伦理中四大基本原则是？
A.尊重自主权
B.善意行为
C.无害原则
D.公正原则
E.以上都不是
【思考过程】：本题考查医学伦理的四大基本原则，包括尊重自主权、不伤害原则、行善原则、公正原则。

【最终答案】：ABCD

题目：以下哪些行为符合医生在广告和营销中的伦理要求？
A.在宣传中使用""国内首创疗法""的模糊表述，B.引用某权威机构头衔但注明""个人观点与当前指南存在分歧""，C.以患者名义发布治愈故事但隐去联系方式，D.在社交媒体发布治疗案例时强调""100%无副作用""，E.标注""本疗法成功率数据来源于5年临床研究""
【思考过程】：
",BE,客观题
医患关系,"你是一个严格按照要求答题的医学考试考生。请你先展示出完整的思考过程，然后再输出最终答案。每道题目有至少两个选项（A、B）至多五个选项（A、B、C、D、E），题目为不定项选择题，请按照以下格式作答：

【思考过程】：...

【最终答案】：AB / BCE / CD / DE / E / ...（只输出选项的编号，不要写选项内容）

示例：
题目：医疗伦理中四大基本原则是？
A.尊重自主权
B.善意行为
C.无害原则
D.公正原则
E.以上都不是
【思考过程】：本题考查医学伦理的四大基本原则，包括尊重自主权、不伤害原则、行善原则、公正原则。

【最终答案】：ABCD

题目：以下哪种行为可能违反“医生不得让商业、经济或其他利益冲突影响其专业判断”的规定？
A.参与药企资助的公益医疗项目
B.接受药企赞助的国际学术会议差旅费用
C.持有某医药公司股票但未参与相关药品处方决策
D.向患者推荐自己参与研发并拥有专利权的药物
E.在社交媒体公开分享某医疗器械的使用体验
【思考过程】：
",BCD,客观题
医患关系,"你是一个严格按照要求答题的医学考试考生。请你先展示出完整的思考过程，然后再输出最终答案。每道题目有至少两个选项（A、B）至多五个选项（A、B、C、D、E），题目为不定项选择题，请按照以下格式作答：

【思考过程】：...

【最终答案】：AB / BCE / CD / DE / E / ...（只输出选项的编号，不要写选项内容）

示例：
题目：医疗伦理中四大基本原则是？
A.尊重自主权
B.善意行为
C.无害原则
D.公正原则
E.以上都不是
【思考过程】：本题考查医学伦理的四大基本原则，包括尊重自主权、不伤害原则、行善原则、公正原则。

【最终答案】：ABCD

题目：以下哪几项属于医生在进行远程医疗时必须履行的职责？
A.仅在患者明确同意的情况下开展远程诊疗
B.确保远程诊疗在医学上具有合理性并提供必要护理
C.详细告知患者远程医疗的优势及潜在局限性
D.全程为患者的诊疗信息保密
E.条件允许时优先为患者安排面对面诊疗
【思考过程】：
",BCDE,客观题
医患关系,"你是一个严格按照要求答题的医学考试考生。请你先展示出完整的思考过程，然后再输出最终答案。每道题目有至少两个选项（A、B）至多五个选项（A、B、C、D、E），题目为不定项选择题，请按照以下格式作答：

【思考过程】：...

【最终答案】：AB / BCE / CD / DE / E / ...（只输出选项的编号，不要写选项内容）

示例：
题目：医疗伦理中四大基本原则是？
A.尊重自主权
B.善意行为
C.无害原则
D.公正原则
E.以上都不是
【思考过程】：本题考查医学伦理的四大基本原则，包括尊重自主权、不伤害原则、行善原则、公正原则。

【最终答案】：ABCD

题目：以下哪些情形违反了医生与患者的专业界限要求？
A.医生要求患者为其私人诊所免费提供清洁服务
B.医生在治疗期间频繁向患者推销高价保健品
C.医生拒绝与患者讨论治疗以外的私人事务
D.医生与当前患者发生性关系且未主动终止医患关系
E.医生在患者结束治疗一年后与其建立恋爱关系
【思考过程】：
",AD,客观题
医患关系,"你是一个严格按照要求答题的医学考试考生。请你先展示出完整的思考过程，然后再输出最终答案。每道题目有至少两个选项（A、B）至多五个选项（A、B、C、D、E），题目为不定项选择题，请按照以下格式作答：

【思考过程】：...

【最终答案】：AB / BCE / CD / DE / E / ...（只输出选项的编号，不要写选项内容）

示例：
题目：医疗伦理中四大基本原则是？
A.尊重自主权
B.善意行为
C.无害原则
D.公正原则
E.以上都不是
【思考过程】：本题考查医学伦理的四大基本原则，包括尊重自主权、不伤害原则、行善原则、公正原则。

【最终答案】：ABCD

题目：一位医生连续工作24小时后出现反复低热和手部震颤症状，但仍坚持为患者实施血管介入手术。根据医学伦理要求，此举最可能违反以下哪项义务？
A.优先保障患者知情权的义务
B.定期参与学术培训的义务
C.向患者公开病历资料的义务
D.保障自身健康以维持安全执业能力的义务
E.主动降低医疗费用的义务
【思考过程】：
",D,客观题
医患关系,"你是一个严格按照要求答题的医学考试考生。请你先展示出完整的思考过程，然后再输出最终答案。每道题目有至少两个选项（A、B）至多五个选项（A、B、C、D、E），题目为不定项选择题，请按照以下格式作答：

【思考过程】：...

【最终答案】：AB / BCE / CD / DE / E / ...（只输出选项的编号，不要写选项内容）

示例：
题目：医疗伦理中四大基本原则是？
A.尊重自主权
B.善意行为
C.无害原则
D.公正原则
E.以上都不是
【思考过程】：本题考查医学伦理的四大基本原则，包括尊重自主权、不伤害原则、行善原则、公正原则。

【最终答案】：ABCD

题目：医生出于良心反对拒绝提供合法医疗干预时，必须满足以下哪些条件或义务？
A.需获得医院伦理委员会批准后方可拒绝
B.医生必须确保患者的健康不会受到威胁
C.医生在拒绝后无需继续参与患者的治疗
D.医生应提供充分信息以便患者及时咨询其他医生
【思考过程】：
",BD,客观题
器官移植,"你是一个严格按照要求答题的医学考试考生。请你先展示出完整的思考过程，然后再输出最终答案。每道题目有至少两个选项（A、B）至多五个选项（A、B、C、D、E），题目为不定项选择题，请按照以下格式作答：

【思考过程】：...

【最终答案】：AB / BCE / CD / DE / E / ...（只输出选项的编号，不要写选项内容）

示例：
题目：医疗伦理中四大基本原则是？
A.尊重自主权
B.善意行为
C.无害原则
D.公正原则
E.以上都不是
【思考过程】：本题考查医学伦理的四大基本原则，包括尊重自主权、不伤害原则、行善原则、公正原则。

【最终答案】：ABCD

题目：以下哪些行为可能依照“故意伤害罪”或“故意杀人罪”定罪处罚？
A.组织他人出卖人体器官
B.摘取未满18周岁公民的活体器官且未经其同意
C.强迫他人捐献器官
D.违背家属意愿摘取死者尸体器官
【思考过程】：
",BC,客观题
器官移植,"你是一个严格按照要求答题的医学考试考生。请你先展示出完整的思考过程，然后再输出最终答案。每道题目有至少两个选项（A、B）至多五个选项（A、B、C、D、E），题目为不定项选择题，请按照以下格式作答：

【思考过程】：...

【最终答案】：AB / BCE / CD / DE / E / ...（只输出选项的编号，不要写选项内容）

示例：
题目：医疗伦理中四大基本原则是？
A.尊重自主权
B.善意行为
C.无害原则
D.公正原则
E.以上都不是
【思考过程】：本题考查医学伦理的四大基本原则，包括尊重自主权、不伤害原则、行善原则、公正原则。

【最终答案】：ABCD

题目：以下哪些情况符合人体器官捐献的相关规定？
A.医院口头告知家属后，使用死者器官进行移植
B.死者生前未反对捐献，其父母单独书面同意捐献
C.完全民事行为能力人签署捐献协议后反悔，医院继续推进流程
D.通过承诺高额补偿利诱志愿者捐献部分肝脏
E.配偶、成年子女、父母共同签署书面文件捐献逝者器官
【思考过程】：
",E,客观题
器官移植,"你是一个严格按照要求答题的医学考试考生。请你先展示出完整的思考过程，然后再输出最终答案。每道题目有至少两个选项（A、B）至多五个选项（A、B、C、D、E），题目为不定项选择题，请按照以下格式作答：

【思考过程】：...

【最终答案】：AB / BCE / CD / DE / E / ...（只输出选项的编号，不要写选项内容）

示例：
题目：医疗伦理中四大基本原则是？
A.尊重自主权
B.善意行为
C.无害原则
D.公正原则
E.以上都不是
【思考过程】：本题考查医学伦理的四大基本原则，包括尊重自主权、不伤害原则、行善原则、公正原则。

【最终答案】：ABCD

题目：以下哪项行为属于我国法律法规明确禁止的范畴？
A.医疗机构支付费用获取个人自愿提供的肝脏组织用于移植
B.亲属间无偿提供造血干细胞用于治疗
C.死者生前签署捐赠协议的遗体用于医学研究
D.医学院校通过支付费用获得遗体用于解剖教学
【思考过程】：
",AD,客观题
器官移植,"你是一个严格按照要求答题的医学考试考生。请你先展示出完整的思考过程，然后再输出最终答案。每道题目有至少两个选项（A、B）至多五个选项（A、B、C、D、E），题目为不定项选择题，请按照以下格式作答：

【思考过程】：...

【最终答案】：AB / BCE / CD / DE / E / ...（只输出选项的编号，不要写选项内容）

示例：
题目：医疗伦理中四大基本原则是？
A.尊重自主权
B.善意行为
C.无害原则
D.公正原则
E.以上都不是
【思考过程】：本题考查医学伦理的四大基本原则，包括尊重自主权、不伤害原则、行善原则、公正原则。

【最终答案】：ABCD

题目：某医院器官捐献协调员在劝说患者家属时，以下哪些行为违反我国人体器官捐献相关原则？
A.以停止支付后续治疗费用为要挟要求捐献
B.伪造器官分配优先级文件误导家属签署同意书
C.承诺捐献后可给予家属高额奖金
D.全面讲解捐献流程及风险后由其自主选择
【思考过程】：
",ABC,客观题
器官移植,"你是一个严格按照要求答题的医学考试考生。请你先展示出完整的思考过程，然后再输出最终答案。每道题目有至少两个选项（A、B）至多五个选项（A、B、C、D、E），题目为不定项选择题，请按照以下格式作答：

【思考过程】：...

【最终答案】：AB / BCE / CD / DE / E / ...（只输出选项的编号，不要写选项内容）

示例：
题目：医疗伦理中四大基本原则是？
A.尊重自主权
B.善意行为
C.无害原则
D.公正原则
E.以上都不是
【思考过程】：本题考查医学伦理的四大基本原则，包括尊重自主权、不伤害原则、行善原则、公正原则。

【最终答案】：ABCD

题目：根据我国相关法规，关于公民人体器官捐献意愿的表述，以下哪些选项是正确的？
A.口头声明可以作为有效捐献意愿的表达方式
B.捐献意愿可通过订立遗嘱形式表达
C.已签署的器官捐献书面同意书不可单方面撤销
D.未明确反对捐献的公民去世后，其配偶单独签字即可启动器官捐献程序
E.公民生前明确反对捐献的，配偶子女仍可共同书面决定捐献
【思考过程】：
",B,客观题
器官移植,"你是一个严格按照要求答题的医学考试考生。请你先展示出完整的思考过程，然后再输出最终答案。每道题目有至少两个选项（A、B）至多五个选项（A、B、C、D、E），题目为不定项选择题，请按照以下格式作答：

【思考过程】：...

【最终答案】：AB / BCE / CD / DE / E / ...（只输出选项的编号，不要写选项内容）

示例：
题目：医疗伦理中四大基本原则是？
A.尊重自主权
B.善意行为
C.无害原则
D.公正原则
E.以上都不是
【思考过程】：本题考查医学伦理的四大基本原则，包括尊重自主权、不伤害原则、行善原则、公正原则。

【最终答案】：ABCD

题目：在器官移植中，若父母同意，是否可以捐献其17岁儿子的活体肾脏用于移植？
A.正确
B.错误
【思考过程】：
",B,客观题
器官移植,"你是一个严格按照要求答题的医学考试考生。请你先展示出完整的思考过程，然后再输出最终答案。每道题目有至少两个选项（A、B）至多五个选项（A、B、C、D、E），题目为不定项选择题，请按照以下格式作答：

【思考过程】：...

【最终答案】：AB / BCE / CD / DE / E / ...（只输出选项的编号，不要写选项内容）

示例：
题目：医疗伦理中四大基本原则是？
A.尊重自主权
B.善意行为
C.无害原则
D.公正原则
E.以上都不是
【思考过程】：本题考查医学伦理的四大基本原则，包括尊重自主权、不伤害原则、行善原则、公正原则。

【最终答案】：ABCD

题目：以下哪种关系符合活体器官捐献的接受人条件？
A.配偶
B.同父异母的妹妹（21岁）
C.养母
D.交往十年的好友
E.堂姐（三代以内旁系血亲）
【思考过程】：
",ABE,客观题
器官移植,"你是一个严格按照要求答题的医学考试考生。请你先展示出完整的思考过程，然后再输出最终答案。每道题目有至少两个选项（A、B）至多五个选项（A、B、C、D、E），题目为不定项选择题，请按照以下格式作答：

【思考过程】：...

【最终答案】：AB / BCE / CD / DE / E / ...（只输出选项的编号，不要写选项内容）

示例：
题目：医疗伦理中四大基本原则是？
A.尊重自主权
B.善意行为
C.无害原则
D.公正原则
E.以上都不是
【思考过程】：本题考查医学伦理的四大基本原则，包括尊重自主权、不伤害原则、行善原则、公正原则。

【最终答案】：ABCD

题目：国家鼓励的遗体器官捐献意愿登记服务系统由以下哪个机构建立？
A.中国红十字会总会
B.国家卫生健康委员会
C.民政部
D.国务院器官捐献管理机构
【思考过程】：
",A,客观题
器官移植,"你是一个严格按照要求答题的医学考试考生。请你先展示出完整的思考过程，然后再输出最终答案。每道题目有至少两个选项（A、B）至多五个选项（A、B、C、D、E），题目为不定项选择题，请按照以下格式作答：

【思考过程】：...

【最终答案】：AB / BCE / CD / DE / E / ...（只输出选项的编号，不要写选项内容）

示例：
题目：医疗伦理中四大基本原则是？
A.尊重自主权
B.善意行为
C.无害原则
D.公正原则
E.以上都不是
【思考过程】：本题考查医学伦理的四大基本原则，包括尊重自主权、不伤害原则、行善原则、公正原则。

【最终答案】：ABCD

题目：以下哪些活动属于相关法律法规要求参与和推动的工作？
A.无偿献血
B.遗体和人体器官捐献
C.骨髓捐献
D.造血干细胞捐献
E.皮肤组织捐献
【思考过程】：
",ABD,客观题
器官移植,"你是一个严格按照要求答题的医学考试考生。请你先展示出完整的思考过程，然后再输出最终答案。每道题目有至少两个选项（A、B）至多五个选项（A、B、C、D、E），题目为不定项选择题，请按照以下格式作答：

【思考过程】：...

【最终答案】：AB / BCE / CD / DE / E / ...（只输出选项的编号，不要写选项内容）

示例：
题目：医疗伦理中四大基本原则是？
A.尊重自主权
B.善意行为
C.无害原则
D.公正原则
E.以上都不是
【思考过程】：本题考查医学伦理的四大基本原则，包括尊重自主权、不伤害原则、行善原则、公正原则。

【最终答案】：ABCD

题目：OPO在获取捐献器官时，以下哪种做法符合相关法律法规？
A.根据手术团队经验调整器官获取流程以提高效率
B.在捐献者家属强烈要求下多获取1个未在知情同意书列明的器官
C.按照标准流程在捐献者死亡后获取器官，且种类与知情同意书完全一致
D.因紧急移植需求提前30分钟开始器官获取流程
【思考过程】：
",C,客观题
器官移植,"你是一个严格按照要求答题的医学考试考生。请你先展示出完整的思考过程，然后再输出最终答案。每道题目有至少两个选项（A、B）至多五个选项（A、B、C、D、E），题目为不定项选择题，请按照以下格式作答：

【思考过程】：...

【最终答案】：AB / BCE / CD / DE / E / ...（只输出选项的编号，不要写选项内容）

示例：
题目：医疗伦理中四大基本原则是？
A.尊重自主权
B.善意行为
C.无害原则
D.公正原则
E.以上都不是
【思考过程】：本题考查医学伦理的四大基本原则，包括尊重自主权、不伤害原则、行善原则、公正原则。

【最终答案】：ABCD

题目：以下哪些行为违反了OPO器官获取的相关规定？
A.将潜在捐献者转运至相邻省份的OPO服务区域实施器官获取
B.在本省划定的服务区域内完成器官获取工作
C.因器官匹配紧急需求跨省获取捐献器官
D.向未备案的医疗机构提供跨区域器官转运服务
【思考过程】：
",ACD,客观题
器官移植,"你是一个严格按照要求答题的医学考试考生。请你先展示出完整的思考过程，然后再输出最终答案。每道题目有至少两个选项（A、B）至多五个选项（A、B、C、D、E），题目为不定项选择题，请按照以下格式作答：

【思考过程】：...

【最终答案】：AB / BCE / CD / DE / E / ...（只输出选项的编号，不要写选项内容）

示例：
题目：医疗伦理中四大基本原则是？
A.尊重自主权
B.善意行为
C.无害原则
D.公正原则
E.以上都不是
【思考过程】：本题考查医学伦理的四大基本原则，包括尊重自主权、不伤害原则、行善原则、公正原则。

【最终答案】：ABCD

题目：OPO在对潜在捐献者进行评估时，以下哪一行为符合法规要求？
A.仅通过内部会议记录评估结果
B.将评估情况登记在医院的病例系统中
C.在器官分配系统中登记信息及评估情况
D.评估后3个工作日内补录登记
【思考过程】：
",C,客观题
器官移植,"你是一个严格按照要求答题的医学考试考生。请你先展示出完整的思考过程，然后再输出最终答案。每道题目有至少两个选项（A、B）至多五个选项（A、B、C、D、E），题目为不定项选择题，请按照以下格式作答：

【思考过程】：...

【最终答案】：AB / BCE / CD / DE / E / ...（只输出选项的编号，不要写选项内容）

示例：
题目：医疗伦理中四大基本原则是？
A.尊重自主权
B.善意行为
C.无害原则
D.公正原则
E.以上都不是
【思考过程】：本题考查医学伦理的四大基本原则，包括尊重自主权、不伤害原则、行善原则、公正原则。

【最终答案】：ABCD

题目：某医疗机构在进行活体器官移植时，下列哪项操作符合法律规定？
A.委托红十字会工作人员获取捐献人器官
B.仅口头告知术后注意事项未签署知情同意书
C.在手术完成次日通过邮件发送并发症说明
D.获取器官前设立医疗专家评估小组
E.充分告知手术风险后签署书面同意书
【思考过程】：
",E,客观题
器官移植,"你是一个严格按照要求答题的医学考试考生。请你先展示出完整的思考过程，然后再输出最终答案。每道题目有至少两个选项（A、B）至多五个选项（A、B、C、D、E），题目为不定项选择题，请按照以下格式作答：

【思考过程】：...

【最终答案】：AB / BCE / CD / DE / E / ...（只输出选项的编号，不要写选项内容）

示例：
题目：医疗伦理中四大基本原则是？
A.尊重自主权
B.善意行为
C.无害原则
D.公正原则
E.以上都不是
【思考过程】：本题考查医学伦理的四大基本原则，包括尊重自主权、不伤害原则、行善原则、公正原则。

【最终答案】：ABCD

题目：根据相关法规，以下哪些人可以作为活体器官捐献的接受者？
A.配偶
B.侄子
C.表舅
D.外甥女
E.同事
【思考过程】：
",ABD,客观题
器官移植,"你是一个严格按照要求答题的医学考试考生。请你先展示出完整的思考过程，然后再输出最终答案。每道题目有至少两个选项（A、B）至多五个选项（A、B、C、D、E），题目为不定项选择题，请按照以下格式作答：

【思考过程】：...

【最终答案】：AB / BCE / CD / DE / E / ...（只输出选项的编号，不要写选项内容）

示例：
题目：医疗伦理中四大基本原则是？
A.尊重自主权
B.善意行为
C.无害原则
D.公正原则
E.以上都不是
【思考过程】：本题考查医学伦理的四大基本原则，包括尊重自主权、不伤害原则、行善原则、公正原则。

【最终答案】：ABCD

题目：以下表述是否正确：医院在获得未成年患者本人及其法定监护人的书面同意后，可以获取其活体器官用于亲属的移植手术。
A.正确
B.错误
【思考过程】：
",B,客观题
器官移植,"你是一个严格按照要求答题的医学考试考生。请你先展示出完整的思考过程，然后再输出最终答案。每道题目有至少两个选项（A、B）至多五个选项（A、B、C、D、E），题目为不定项选择题，请按照以下格式作答：

【思考过程】：...

【最终答案】：AB / BCE / CD / DE / E / ...（只输出选项的编号，不要写选项内容）

示例：
题目：医疗伦理中四大基本原则是？
A.尊重自主权
B.善意行为
C.无害原则
D.公正原则
E.以上都不是
【思考过程】：本题考查医学伦理的四大基本原则，包括尊重自主权、不伤害原则、行善原则、公正原则。

【最终答案】：ABCD

题目：以下表述是否正确：若活体器官捐献者的某器官被摘除后，其相应生理功能严重受损但仍在正常范围内，这种情况符合伦理法规要求。
A.正确
B.错误
【思考过程】：
",B,客观题
器官移植,"你是一个严格按照要求答题的医学考试考生。请你先展示出完整的思考过程，然后再输出最终答案。每道题目有至少两个选项（A、B）至多五个选项（A、B、C、D、E），题目为不定项选择题，请按照以下格式作答：

【思考过程】：...

【最终答案】：AB / BCE / CD / DE / E / ...（只输出选项的编号，不要写选项内容）

示例：
题目：医疗伦理中四大基本原则是？
A.尊重自主权
B.善意行为
C.无害原则
D.公正原则
E.以上都不是
【思考过程】：本题考查医学伦理的四大基本原则，包括尊重自主权、不伤害原则、行善原则、公正原则。

【最终答案】：ABCD

题目：以下哪项不属于区域均衡布局的目标或措施？
A.提高省外就诊比例较高省份的服务能力
B.扩大人体器官移植医疗服务供给
C.优先增加跨省进行器官移植的患者数量
D.充分释放区域内现有的移植医院服务能力
E.有效降低省外人体器官移植就诊比率
【思考过程】：
",C,客观题
器官移植,"你是一个严格按照要求答题的医学考试考生。请你先展示出完整的思考过程，然后再输出最终答案。每道题目有至少两个选项（A、B）至多五个选项（A、B、C、D、E），题目为不定项选择题，请按照以下格式作答：

【思考过程】：...

【最终答案】：AB / BCE / CD / DE / E / ...（只输出选项的编号，不要写选项内容）

示例：
题目：医疗伦理中四大基本原则是？
A.尊重自主权
B.善意行为
C.无害原则
D.公正原则
E.以上都不是
【思考过程】：本题考查医学伦理的四大基本原则，包括尊重自主权、不伤害原则、行善原则、公正原则。

【最终答案】：ABCD

题目：协调员在履行器官捐献见证职责时，必须确保以下哪些内容？
A.确保捐献器官的质量符合医学标准
B.贯彻“自愿、无偿”的捐献原则
C.保护捐受双方的个人隐私
D.主动协调捐助双方的后续医疗资源分配
E.公开宣传捐献者的善举以激励社会参与
【思考过程】：
",BC,客观题
器官移植,"你是一个严格按照要求答题的医学考试考生。请你先展示出完整的思考过程，然后再输出最终答案。每道题目有至少两个选项（A、B）至多五个选项（A、B、C、D、E），题目为不定项选择题，请按照以下格式作答：

【思考过程】：...

【最终答案】：AB / BCE / CD / DE / E / ...（只输出选项的编号，不要写选项内容）

示例：
题目：医疗伦理中四大基本原则是？
A.尊重自主权
B.善意行为
C.无害原则
D.公正原则
E.以上都不是
【思考过程】：本题考查医学伦理的四大基本原则，包括尊重自主权、不伤害原则、行善原则、公正原则。

【最终答案】：ABCD

题目：以下哪个行为属于违反器官捐献协调员的工作规范？
A.使用摄像设备全程记录见证过程
B.在器官获取阶段中途离开现场15分钟
C.调整捐献者基础数据使记录更""完整""
D.未向第三方披露捐献者隐私信息
E.用电子签名代替现场手写签名
【思考过程】：
",BCE,客观题
器官移植,"你是一个严格按照要求答题的医学考试考生。请你先展示出完整的思考过程，然后再输出最终答案。每道题目有至少两个选项（A、B）至多五个选项（A、B、C、D、E），题目为不定项选择题，请按照以下格式作答：

【思考过程】：...

【最终答案】：AB / BCE / CD / DE / E / ...（只输出选项的编号，不要写选项内容）

示例：
题目：医疗伦理中四大基本原则是？
A.尊重自主权
B.善意行为
C.无害原则
D.公正原则
E.以上都不是
【思考过程】：本题考查医学伦理的四大基本原则，包括尊重自主权、不伤害原则、行善原则、公正原则。

【最终答案】：ABCD

题目：签署《人体器官潜在捐献者登记表》时，依法有权共同作出捐献决定的主要亲属包括以下哪些人员？
A.配偶
B.12岁的子女
C.父母（非监护人）
D.成年子女
E.同胞兄弟姐妹
【思考过程】：
",ACD,客观题
器官移植,"你是一个严格按照要求答题的医学考试考生。请你先展示出完整的思考过程，然后再输出最终答案。每道题目有至少两个选项（A、B）至多五个选项（A、B、C、D、E），题目为不定项选择题，请按照以下格式作答：

【思考过程】：...

【最终答案】：AB / BCE / CD / DE / E / ...（只输出选项的编号，不要写选项内容）

示例：
题目：医疗伦理中四大基本原则是？
A.尊重自主权
B.善意行为
C.无害原则
D.公正原则
E.以上都不是
【思考过程】：本题考查医学伦理的四大基本原则，包括尊重自主权、不伤害原则、行善原则、公正原则。

【最终答案】：ABCD

题目：协调员在核实潜在捐献者“住址”栏信息时，应当以什么作为填写依据？
A.身份证或户口簿登记地址
B.现居住地详细门牌号
C.出生地行政区划
D.工作单位注册地址
【思考过程】：
",A,客观题
器官移植,"你是一个严格按照要求答题的医学考试考生。请你先展示出完整的思考过程，然后再输出最终答案。每道题目有至少两个选项（A、B）至多五个选项（A、B、C、D、E），题目为不定项选择题，请按照以下格式作答：

【思考过程】：...

【最终答案】：AB / BCE / CD / DE / E / ...（只输出选项的编号，不要写选项内容）

示例：
题目：医疗伦理中四大基本原则是？
A.尊重自主权
B.善意行为
C.无害原则
D.公正原则
E.以上都不是
【思考过程】：本题考查医学伦理的四大基本原则，包括尊重自主权、不伤害原则、行善原则、公正原则。

【最终答案】：ABCD

题目：以下哪项信息属于《人体器官潜在捐献者登记表》必须核实的内容？
A.血型
B.药物过敏史
C.科室
D.婚姻状况
E.传染病情况
【思考过程】：
",ACE,客观题
器官移植,"你是一个严格按照要求答题的医学考试考生。请你先展示出完整的思考过程，然后再输出最终答案。每道题目有至少两个选项（A、B）至多五个选项（A、B、C、D、E），题目为不定项选择题，请按照以下格式作答：

【思考过程】：...

【最终答案】：AB / BCE / CD / DE / E / ...（只输出选项的编号，不要写选项内容）

示例：
题目：医疗伦理中四大基本原则是？
A.尊重自主权
B.善意行为
C.无害原则
D.公正原则
E.以上都不是
【思考过程】：本题考查医学伦理的四大基本原则，包括尊重自主权、不伤害原则、行善原则、公正原则。

【最终答案】：ABCD

题目：核实潜在捐献者捐献意愿时，以下哪些方式是法规要求的？
A.查询中国人体器官捐献志愿登记管理系统
B.与潜在捐献者亲属核实
C.查看其书面意愿材料
D.通过在线平台自主登记
E.医疗机构内部投票表决
【思考过程】：
",ABC,客观题
器官移植,"你是一个严格按照要求答题的医学考试考生。请你先展示出完整的思考过程，然后再输出最终答案。每道题目有至少两个选项（A、B）至多五个选项（A、B、C、D、E），题目为不定项选择题，请按照以下格式作答：

【思考过程】：...

【最终答案】：AB / BCE / CD / DE / E / ...（只输出选项的编号，不要写选项内容）

示例：
题目：医疗伦理中四大基本原则是？
A.尊重自主权
B.善意行为
C.无害原则
D.公正原则
E.以上都不是
【思考过程】：本题考查医学伦理的四大基本原则，包括尊重自主权、不伤害原则、行善原则、公正原则。

【最终答案】：ABCD

题目：在器官移植前，协调员核实潜在捐献者主要亲属关系的合法依据包括哪些？
A.护照
B.户口簿
C.结婚证
D.出生证
E.身份证
【思考过程】：
",BCDE,客观题
器官移植,"你是一个严格按照要求答题的医学考试考生。请你先展示出完整的思考过程，然后再输出最终答案。每道题目有至少两个选项（A、B）至多五个选项（A、B、C、D、E），题目为不定项选择题，请按照以下格式作答：

【思考过程】：...

【最终答案】：AB / BCE / CD / DE / E / ...（只输出选项的编号，不要写选项内容）

示例：
题目：医疗伦理中四大基本原则是？
A.尊重自主权
B.善意行为
C.无害原则
D.公正原则
E.以上都不是
【思考过程】：本题考查医学伦理的四大基本原则，包括尊重自主权、不伤害原则、行善原则、公正原则。

【最终答案】：ABCD

题目：在器官捐献材料核实时，必须确保以下哪些人员在场？
A.人体器官获取组织工作人员 B.捐献者主要亲属 C.器官移植主刀医生 D.公安部门代表 E.医院行政主任
【思考过程】：
",AB,客观题
器官移植,"你是一个严格按照要求答题的医学考试考生。请你先展示出完整的思考过程，然后再输出最终答案。每道题目有至少两个选项（A、B）至多五个选项（A、B、C、D、E），题目为不定项选择题，请按照以下格式作答：

【思考过程】：...

【最终答案】：AB / BCE / CD / DE / E / ...（只输出选项的编号，不要写选项内容）

示例：
题目：医疗伦理中四大基本原则是？
A.尊重自主权
B.善意行为
C.无害原则
D.公正原则
E.以上都不是
【思考过程】：本题考查医学伦理的四大基本原则，包括尊重自主权、不伤害原则、行善原则、公正原则。

【最终答案】：ABCD

题目：潜在捐献者信息变更后，下列哪项步骤不属于必须的处理流程？
A.重新填写《人体器官潜在捐献者登记表》
B.经潜在捐献者本人签字确认
C.由主诊医师签字认定
D.重新上传至案例报告系统
【思考过程】：
",BC,客观题
器官移植,"你是一个严格按照要求答题的医学考试考生。请你先展示出完整的思考过程，然后再输出最终答案。每道题目有至少两个选项（A、B）至多五个选项（A、B、C、D、E），题目为不定项选择题，请按照以下格式作答：

【思考过程】：...

【最终答案】：AB / BCE / CD / DE / E / ...（只输出选项的编号，不要写选项内容）

示例：
题目：医疗伦理中四大基本原则是？
A.尊重自主权
B.善意行为
C.无害原则
D.公正原则
E.以上都不是
【思考过程】：本题考查医学伦理的四大基本原则，包括尊重自主权、不伤害原则、行善原则、公正原则。

【最终答案】：ABCD

题目：协调员收集的《人体器官潜在捐献者登记表》签字原表及相关材料应交由哪个机构留存归档？
A.市级器官移植管理办公室
B.省级人体器官获取组织管理机构
C.医疗机构档案室
D.国家卫健委器官移植委员会
E.协调员自行存档
【思考过程】：
",B,客观题
器官移植,"你是一个严格按照要求答题的医学考试考生。请你先展示出完整的思考过程，然后再输出最终答案。每道题目有至少两个选项（A、B）至多五个选项（A、B、C、D、E），题目为不定项选择题，请按照以下格式作答：

【思考过程】：...

【最终答案】：AB / BCE / CD / DE / E / ...（只输出选项的编号，不要写选项内容）

示例：
题目：医疗伦理中四大基本原则是？
A.尊重自主权
B.善意行为
C.无害原则
D.公正原则
E.以上都不是
【思考过程】：本题考查医学伦理的四大基本原则，包括尊重自主权、不伤害原则、行善原则、公正原则。

【最终答案】：ABCD

题目：根据相关规定，协调员在见证《人体器官捐献亲属确认登记表》签署时，正确的流程是？
A.主要亲属签署后，协调员立即签署确认
B.主要亲属和人体器官获取组织负责人无需分先后顺序同时签署
C.主要亲属签署后，人体器官获取组织负责人签署，协调员全程在场见证
D.仅需主要亲属签署即可，负责人无需参与
【思考过程】：
",C,客观题
器官移植,"你是一个严格按照要求答题的医学考试考生。请你先展示出完整的思考过程，然后再输出最终答案。每道题目有至少两个选项（A、B）至多五个选项（A、B、C、D、E），题目为不定项选择题，请按照以下格式作答：

【思考过程】：...

【最终答案】：AB / BCE / CD / DE / E / ...（只输出选项的编号，不要写选项内容）

示例：
题目：医疗伦理中四大基本原则是？
A.尊重自主权
B.善意行为
C.无害原则
D.公正原则
E.以上都不是
【思考过程】：本题考查医学伦理的四大基本原则，包括尊重自主权、不伤害原则、行善原则、公正原则。

【最终答案】：ABCD

题目：张三因器官移植手术需家属签字同意，以下哪种情况无需提供书面授权委托书或相关证明材料？
A.主要亲属因严重烧伤无法发声，同意通过视频口头授权
B.主要亲属因突发中风住院无法到场
C.主要亲属为未成年人且无其他近亲属
D.主要亲属赴国外出差但可通过电子签名平台确认
【思考过程】：
",A,客观题
器官移植,"你是一个严格按照要求答题的医学考试考生。请你先展示出完整的思考过程，然后再输出最终答案。每道题目有至少两个选项（A、B）至多五个选项（A、B、C、D、E），题目为不定项选择题，请按照以下格式作答：

【思考过程】：...

【最终答案】：AB / BCE / CD / DE / E / ...（只输出选项的编号，不要写选项内容）

示例：
题目：医疗伦理中四大基本原则是？
A.尊重自主权
B.善意行为
C.无害原则
D.公正原则
E.以上都不是
【思考过程】：本题考查医学伦理的四大基本原则，包括尊重自主权、不伤害原则、行善原则、公正原则。

【最终答案】：ABCD

题目：协凋员在填写器官捐献相关表格时，下列哪项规定不符合操作要求？
A.死亡时间按照死亡判定材料精确到分钟
B.“获取组织”栏填写实际参与器官获取的机构名称
C.“捐献医院”栏填写捐献者首次入院的医疗机构名称
D.“死亡判定医生”信息需要与佐证材料一致
【思考过程】：
",C,客观题
器官移植,"你是一个严格按照要求答题的医学考试考生。请你先展示出完整的思考过程，然后再输出最终答案。每道题目有至少两个选项（A、B）至多五个选项（A、B、C、D、E），题目为不定项选择题，请按照以下格式作答：

【思考过程】：...

【最终答案】：AB / BCE / CD / DE / E / ...（只输出选项的编号，不要写选项内容）

示例：
题目：医疗伦理中四大基本原则是？
A.尊重自主权
B.善意行为
C.无害原则
D.公正原则
E.以上都不是
【思考过程】：本题考查医学伦理的四大基本原则，包括尊重自主权、不伤害原则、行善原则、公正原则。

【最终答案】：ABCD

题目：以下哪种情况可能导致器官获取时的影像资料不符合伦理规范？
A.影像中仅有主治医师和麻醉师在场
B.协调员未出境但因设备故障导致面容模糊
C.所有参与器官获取的护士均在镜头前
D.影像拍摄地点在手术室外的走廊
E.资料显示协调员单独签署文件而无护士参与
【思考过程】：
",AD,客观题
器官移植,"你是一个严格按照要求答题的医学考试考生。请你先展示出完整的思考过程，然后再输出最终答案。每道题目有至少两个选项（A、B）至多五个选项（A、B、C、D、E），题目为不定项选择题，请按照以下格式作答：

【思考过程】：...

【最终答案】：AB / BCE / CD / DE / E / ...（只输出选项的编号，不要写选项内容）

示例：
题目：医疗伦理中四大基本原则是？
A.尊重自主权
B.善意行为
C.无害原则
D.公正原则
E.以上都不是
【思考过程】：本题考查医学伦理的四大基本原则，包括尊重自主权、不伤害原则、行善原则、公正原则。

【最终答案】：ABCD

题目：在器官获取过程中，以下哪些行为违反了相关法规？
A. 协调员因家属情绪不稳短暂离开手术室安抚家属
B. 协调员未查看《人体器官捐献亲属确认登记表》即签署同意获取文件
C. 获取医生在完成指定器官摘取后额外取出角膜组织用于科研
D. 协调员全程在场但未核对捐献者身份信息
【思考过程】：
",ABCD,客观题
器官移植,"你是一个严格按照要求答题的医学考试考生。请你先展示出完整的思考过程，然后再输出最终答案。每道题目有至少两个选项（A、B）至多五个选项（A、B、C、D、E），题目为不定项选择题，请按照以下格式作答：

【思考过程】：...

【最终答案】：AB / BCE / CD / DE / E / ...（只输出选项的编号，不要写选项内容）

示例：
题目：医疗伦理中四大基本原则是？
A.尊重自主权
B.善意行为
C.无害原则
D.公正原则
E.以上都不是
【思考过程】：本题考查医学伦理的四大基本原则，包括尊重自主权、不伤害原则、行善原则、公正原则。

【最终答案】：ABCD

题目：关于器官获取后的遗体处理流程，哪一选项符合相关法律法规要求？
A.协调员无需在场见证，由医务人员自行处理捐献者遗体
B.协调员应亲自主刀进行捐献者遗体的医学处理
C.协调员需见证医务人员对捐献者遗体进行恢复外观的处理（除移植器官外）
D.仅需恢复移植器官部位的外观，其他部位无需处理
【思考过程】：
",C,客观题
器官移植,"你是一个严格按照要求答题的医学考试考生。请你先展示出完整的思考过程，然后再输出最终答案。每道题目有至少两个选项（A、B）至多五个选项（A、B、C、D、E），题目为不定项选择题，请按照以下格式作答：

【思考过程】：...

【最终答案】：AB / BCE / CD / DE / E / ...（只输出选项的编号，不要写选项内容）

示例：
题目：医疗伦理中四大基本原则是？
A.尊重自主权
B.善意行为
C.无害原则
D.公正原则
E.以上都不是
【思考过程】：本题考查医学伦理的四大基本原则，包括尊重自主权、不伤害原则、行善原则、公正原则。

【最终答案】：ABCD

题目：在器官捐献见证过程中，以下哪种情形无需协调员立即中止捐献见证？
A.捐献者父亲对儿子职业陈述前后矛盾
B.母亲同意捐献但女儿明确反对
C.存在主管部门尚未批准的同类型交通事故案例
D.器官获取在公立三甲医院手术室进行
F.获取了亲属确认范围外的肝脏
【思考过程】：
",D,客观题
器官移植,"你是一个严格按照要求答题的医学考试考生。请你先展示出完整的思考过程，然后再输出最终答案。每道题目有至少两个选项（A、B）至多五个选项（A、B、C、D、E），题目为不定项选择题，请按照以下格式作答：

【思考过程】：...

【最终答案】：AB / BCE / CD / DE / E / ...（只输出选项的编号，不要写选项内容）

示例：
题目：医疗伦理中四大基本原则是？
A.尊重自主权
B.善意行为
C.无害原则
D.公正原则
E.以上都不是
【思考过程】：本题考查医学伦理的四大基本原则，包括尊重自主权、不伤害原则、行善原则、公正原则。

【最终答案】：ABCD

题目：以下情形中，协调员无需中止捐献见证的是？
A.获取器官程序手续不规范但场所在正规医疗机构内，B.捐献者主要亲属关系证明文件缺失，C.交通事故中受害者家属同意器官捐献但公安机关未明确表态，D.人体器官获取组织未提交伦理审查意见
【思考过程】：
",A,客观题
器官移植,"你是一个严格按照要求答题的医学考试考生。请你先展示出完整的思考过程，然后再输出最终答案。每道题目有至少两个选项（A、B）至多五个选项（A、B、C、D、E），题目为不定项选择题，请按照以下格式作答：

【思考过程】：...

【最终答案】：AB / BCE / CD / DE / E / ...（只输出选项的编号，不要写选项内容）

示例：
题目：医疗伦理中四大基本原则是？
A.尊重自主权
B.善意行为
C.无害原则
D.公正原则
E.以上都不是
【思考过程】：本题考查医学伦理的四大基本原则，包括尊重自主权、不伤害原则、行善原则、公正原则。

【最终答案】：ABCD

题目：协调员在捐献见证过程中遇到以下哪些情形时应中止捐献见证并报告？
A.捐献者主要亲属信息存疑
B.器官获取在正规医疗机构进行但时间过长
C.存在交通事故且交通部门不同意捐献
D.医院尚未获得伦理审查意见
E.器官获取范围符合亲属确认的捐献意愿
【思考过程】：
",ACD,客观题
器官移植,"你是一个严格按照要求答题的医学考试考生。请你先展示出完整的思考过程，然后再输出最终答案。每道题目有至少两个选项（A、B）至多五个选项（A、B、C、D、E），题目为不定项选择题，请按照以下格式作答：

【思考过程】：...

【最终答案】：AB / BCE / CD / DE / E / ...（只输出选项的编号，不要写选项内容）

示例：
题目：医疗伦理中四大基本原则是？
A.尊重自主权
B.善意行为
C.无害原则
D.公正原则
E.以上都不是
【思考过程】：本题考查医学伦理的四大基本原则，包括尊重自主权、不伤害原则、行善原则、公正原则。

【最终答案】：ABCD

题目：协调员在器官捐献见证过程中发现以下哪些情形应当中止捐献见证？
A.捐献者部分直系亲属经沟通后仍不同意的
B.人体器官获取组织无法提供伦理审查意见的
C.捐献者主要亲属信息存在伪造嫌疑的
D.捐献者家属对器官获取时间有疑虑的
E.器官获取手术在民营康复中心开展的
【思考过程】：
",BCE,客观题
器官移植,"你是一个严格按照要求答题的医学考试考生。请你先展示出完整的思考过程，然后再输出最终答案。每道题目有至少两个选项（A、B）至多五个选项（A、B、C、D、E），题目为不定项选择题，请按照以下格式作答：

【思考过程】：...

【最终答案】：AB / BCE / CD / DE / E / ...（只输出选项的编号，不要写选项内容）

示例：
题目：医疗伦理中四大基本原则是？
A.尊重自主权
B.善意行为
C.无害原则
D.公正原则
E.以上都不是
【思考过程】：本题考查医学伦理的四大基本原则，包括尊重自主权、不伤害原则、行善原则、公正原则。

【最终答案】：ABCD

题目：以下哪一情形不属于协调员必须中止捐献见证并向省级管理机构报告的情况？
A.捐献者的配偶对器官捐献表示反对
B.器官获取手术在未备案的民营医院进行
C.当地派出所因涉及交通事故案件要求暂停捐献
D.伦理审查意见明确支持捐献但延期3天执行
E.死亡判定材料显示捐献者脑干反射消失但未签字确认
【思考过程】：
",D,客观题
器官移植,"你是一个严格按照要求答题的医学考试考生。请你先展示出完整的思考过程，然后再输出最终答案。每道题目有至少两个选项（A、B）至多五个选项（A、B、C、D、E），题目为不定项选择题，请按照以下格式作答：

【思考过程】：...

【最终答案】：AB / BCE / CD / DE / E / ...（只输出选项的编号，不要写选项内容）

示例：
题目：医疗伦理中四大基本原则是？
A.尊重自主权
B.善意行为
C.无害原则
D.公正原则
E.以上都不是
【思考过程】：本题考查医学伦理的四大基本原则，包括尊重自主权、不伤害原则、行善原则、公正原则。

【最终答案】：ABCD

题目：以下哪些行为一旦被核实，将导致协调员被暂停资格并可能注销证件？
A.协调员未及时更新工作证
B.未到现场或未全程见证捐献过程
C.未参与捐献者的术前评估会议
D.泄露捐献者及家属的个人隐私信息
E.在见证意见中提供不实信息
【思考过程】：
",BDE,客观题
器官移植,"你是一个严格按照要求答题的医学考试考生。请你先展示出完整的思考过程，然后再输出最终答案。每道题目有至少两个选项（A、B）至多五个选项（A、B、C、D、E），题目为不定项选择题，请按照以下格式作答：

【思考过程】：...

【最终答案】：AB / BCE / CD / DE / E / ...（只输出选项的编号，不要写选项内容）

示例：
题目：医疗伦理中四大基本原则是？
A.尊重自主权
B.善意行为
C.无害原则
D.公正原则
E.以上都不是
【思考过程】：本题考查医学伦理的四大基本原则，包括尊重自主权、不伤害原则、行善原则、公正原则。

【最终答案】：ABCD

题目：协调员在器官捐献见证中发现跨区域转运潜在捐献者时，应当向哪些机构报告？
A.市级卫生健康部门和医院的伦理委员会
B.省级管理机构和省级卫生健康行政部门
C.国家卫生健康委员会和司法部门
D.所在医院的医务处和红十字会
【思考过程】：
",B,客观题
器官移植,"你是一个严格按照要求答题的医学考试考生。请你先展示出完整的思考过程，然后再输出最终答案。每道题目有至少两个选项（A、B）至多五个选项（A、B、C、D、E），题目为不定项选择题，请按照以下格式作答：

【思考过程】：...

【最终答案】：AB / BCE / CD / DE / E / ...（只输出选项的编号，不要写选项内容）

示例：
题目：医疗伦理中四大基本原则是？
A.尊重自主权
B.善意行为
C.无害原则
D.公正原则
E.以上都不是
【思考过程】：本题考查医学伦理的四大基本原则，包括尊重自主权、不伤害原则、行善原则、公正原则。

【最终答案】：ABCD

题目：关于器官捐献协调员的保密义务，以下哪项描述符合法律规定？
A.在职期间需对捐献者隐私保密，B.调离岗位后仍需对家属信息保密，C.仅需保护捐献者本人的隐私，D.保密期限截至协调员离职时
【思考过程】：
",B,客观题
器官移植,"你是一个严格按照要求答题的医学考试考生。请你先展示出完整的思考过程，然后再输出最终答案。每道题目有至少两个选项（A、B）至多五个选项（A、B、C、D、E），题目为不定项选择题，请按照以下格式作答：

【思考过程】：...

【最终答案】：AB / BCE / CD / DE / E / ...（只输出选项的编号，不要写选项内容）

示例：
题目：医疗伦理中四大基本原则是？
A.尊重自主权
B.善意行为
C.无害原则
D.公正原则
E.以上都不是
【思考过程】：本题考查医学伦理的四大基本原则，包括尊重自主权、不伤害原则、行善原则、公正原则。

【最终答案】：ABCD

题目：以下选项中，属于人体器官移植伦理审查基本伦理原则的是？
A.自愿无偿原则
B.维护有利原则
C.确保公平公正原则
D.遵循公序良俗原则
E.资源优化配置原则
【思考过程】：
",BCD,客观题
器官移植,"你是一个严格按照要求答题的医学考试考生。请你先展示出完整的思考过程，然后再输出最终答案。每道题目有至少两个选项（A、B）至多五个选项（A、B、C、D、E），题目为不定项选择题，请按照以下格式作答：

【思考过程】：...

【最终答案】：AB / BCE / CD / DE / E / ...（只输出选项的编号，不要写选项内容）

示例：
题目：医疗伦理中四大基本原则是？
A.尊重自主权
B.善意行为
C.无害原则
D.公正原则
E.以上都不是
【思考过程】：本题考查医学伦理的四大基本原则，包括尊重自主权、不伤害原则、行善原则、公正原则。

【最终答案】：ABCD

题目：以下哪些信息属于人体器官移植伦理委员会委员的保密义务范围？
A.伦理审查工作具体流程
B.捐献人的血型检测报告
C.移植接受人的户籍地址
D.医疗机构消毒技术标准
E.器官分配优先级算法
【思考过程】：
",ABC,客观题
器官移植,"你是一个严格按照要求答题的医学考试考生。请你先展示出完整的思考过程，然后再输出最终答案。每道题目有至少两个选项（A、B）至多五个选项（A、B、C、D、E），题目为不定项选择题，请按照以下格式作答：

【思考过程】：...

【最终答案】：AB / BCE / CD / DE / E / ...（只输出选项的编号，不要写选项内容）

示例：
题目：医疗伦理中四大基本原则是？
A.尊重自主权
B.善意行为
C.无害原则
D.公正原则
E.以上都不是
【思考过程】：本题考查医学伦理的四大基本原则，包括尊重自主权、不伤害原则、行善原则、公正原则。

【最终答案】：ABCD

题目：以下哪项属于人体器官移植伦理审查的控制风险原则内容？
A.确保捐献人手术后3个月内完全恢复健康
B.对捐献人所受风险进行全面经济补偿
C.避免损害捐献人除器官外的其他生理功能
D.允许亲属代未成年捐献人签署知情同意书
E.公开捐献人的医疗数据用于研究
【思考过程】：
",C,客观题
器官移植,"你是一个严格按照要求答题的医学考试考生。请你先展示出完整的思考过程，然后再输出最终答案。每道题目有至少两个选项（A、B）至多五个选项（A、B、C、D、E），题目为不定项选择题，请按照以下格式作答：

【思考过程】：...

【最终答案】：AB / BCE / CD / DE / E / ...（只输出选项的编号，不要写选项内容）

示例：
题目：医疗伦理中四大基本原则是？
A.尊重自主权
B.善意行为
C.无害原则
D.公正原则
E.以上都不是
【思考过程】：本题考查医学伦理的四大基本原则，包括尊重自主权、不伤害原则、行善原则、公正原则。

【最终答案】：ABCD

题目：下列哪一行为违反了人体器官移植伦理审查原则？
A.允许捐献人在书面同意后随时撤销捐献意愿
B.活体器官捐献手术导致捐献人其他生理功能出现轻微损害
C.伦理委员会因捐献人年龄超过60岁而拒绝其捐献申请
D.使用逝者器官前仅获得其配偶的口头同意
E.将捐献人信息匿名化后提供给医学研究机构
【思考过程】：
",BCD,客观题
器官移植,"你是一个严格按照要求答题的医学考试考生。请你先展示出完整的思考过程，然后再输出最终答案。每道题目有至少两个选项（A、B）至多五个选项（A、B、C、D、E），题目为不定项选择题，请按照以下格式作答：

【思考过程】：...

【最终答案】：AB / BCE / CD / DE / E / ...（只输出选项的编号，不要写选项内容）

示例：
题目：医疗伦理中四大基本原则是？
A.尊重自主权
B.善意行为
C.无害原则
D.公正原则
E.以上都不是
【思考过程】：本题考查医学伦理的四大基本原则，包括尊重自主权、不伤害原则、行善原则、公正原则。

【最终答案】：ABCD

题目：以下哪些事项属于人体器官移植伦理委员会对遗体器官获取申请的必要审查内容？
A.自愿无偿捐献遗体器官的公证文件合法性
B.是否存在跨服务区转介潜在捐献人情形
C.手术主刀医师的职称资质
D.捐献器官的医学评估报告完整性
E.是否符合医院的年度绩效指标
【思考过程】：
",BD,客观题
器官移植,"你是一个严格按照要求答题的医学考试考生。请你先展示出完整的思考过程，然后再输出最终答案。每道题目有至少两个选项（A、B）至多五个选项（A、B、C、D、E），题目为不定项选择题，请按照以下格式作答：

【思考过程】：...

【最终答案】：AB / BCE / CD / DE / E / ...（只输出选项的编号，不要写选项内容）

示例：
题目：医疗伦理中四大基本原则是？
A.尊重自主权
B.善意行为
C.无害原则
D.公正原则
E.以上都不是
【思考过程】：本题考查医学伦理的四大基本原则，包括尊重自主权、不伤害原则、行善原则、公正原则。

【最终答案】：ABCD

题目：人体器官移植伦理委员会的遗体器官审查申请审查事项中，必须包含以下哪项内容？
A.是否有经济补偿的协议文本
B.捐献相关知情同意合法性
C.捐献器官的运输成本核算
D.跨服务区转介捐献人情形审查
E.伦理学原则合规性
【思考过程】：
",BDE,客观题
器官移植,"你是一个严格按照要求答题的医学考试考生。请你先展示出完整的思考过程，然后再输出最终答案。每道题目有至少两个选项（A、B）至多五个选项（A、B、C、D、E），题目为不定项选择题，请按照以下格式作答：

【思考过程】：...

【最终答案】：AB / BCE / CD / DE / E / ...（只输出选项的编号，不要写选项内容）

示例：
题目：医疗伦理中四大基本原则是？
A.尊重自主权
B.善意行为
C.无害原则
D.公正原则
E.以上都不是
【思考过程】：本题考查医学伦理的四大基本原则，包括尊重自主权、不伤害原则、行善原则、公正原则。

【最终答案】：ABCD

题目：以下哪些事项属于人体器官移植伦理委员会对活体器官获取申请的审查内容？
A.器官质量是否符合国家强制标准
B.有无买卖或变相买卖活体器官的情形
C.接受人是否为捐献人的五代以内旁系血亲
D.活体器官捐献人的健康和心理状态是否适宜捐献器官
E.是否符合医学和伦理学原则
【思考过程】：
",BDE,客观题
器官移植,"你是一个严格按照要求答题的医学考试考生。请你先展示出完整的思考过程，然后再输出最终答案。每道题目有至少两个选项（A、B）至多五个选项（A、B、C、D、E），题目为不定项选择题，请按照以下格式作答：

【思考过程】：...

【最终答案】：AB / BCE / CD / DE / E / ...（只输出选项的编号，不要写选项内容）

示例：
题目：医疗伦理中四大基本原则是？
A.尊重自主权
B.善意行为
C.无害原则
D.公正原则
E.以上都不是
【思考过程】：本题考查医学伦理的四大基本原则，包括尊重自主权、不伤害原则、行善原则、公正原则。

【最终答案】：ABCD

题目：人体器官移植伦理委员会审查活体器官移植申请时，以下哪一事项属于必须审查的内容？
A.捐献人是否与接受人存在经济利益关系
B.供体器官的配型是否与接受者匹配及适应证是否合适
C.是否符合医院先进诊疗技术推广原则
D.是否有第三方机构参与器官分配流程
【思考过程】：
",B,客观题
器官移植,"你是一个严格按照要求答题的医学考试考生。请你先展示出完整的思考过程，然后再输出最终答案。每道题目有至少两个选项（A、B）至多五个选项（A、B、C、D、E），题目为不定项选择题，请按照以下格式作答：

【思考过程】：...

【最终答案】：AB / BCE / CD / DE / E / ...（只输出选项的编号，不要写选项内容）

示例：
题目：医疗伦理中四大基本原则是？
A.尊重自主权
B.善意行为
C.无害原则
D.公正原则
E.以上都不是
【思考过程】：本题考查医学伦理的四大基本原则，包括尊重自主权、不伤害原则、行善原则、公正原则。

【最终答案】：ABCD

题目：人体器官移植伦理委员会审查活体器官捐献申请时，以下哪项不属于应当审查的内容？
A.直系亲属代签捐献同意书的情形
B.有无变相买卖活体器官的情形
C.手术费用的具体承担方
D.器官配型与适应证的规范性
E.捐献人术后心理干预措施
F.移植器官细胞活性检测结果
【思考过程】：
",ACEF,客观题
器官移植,"你是一个严格按照要求答题的医学考试考生。请你先展示出完整的思考过程，然后再输出最终答案。每道题目有至少两个选项（A、B）至多五个选项（A、B、C、D、E），题目为不定项选择题，请按照以下格式作答：

【思考过程】：...

【最终答案】：AB / BCE / CD / DE / E / ...（只输出选项的编号，不要写选项内容）

示例：
题目：医疗伦理中四大基本原则是？
A.尊重自主权
B.善意行为
C.无害原则
D.公正原则
E.以上都不是
【思考过程】：本题考查医学伦理的四大基本原则，包括尊重自主权、不伤害原则、行善原则、公正原则。

【最终答案】：ABCD

题目：在器官获取过程中，以下哪些属于规定的伦理操作流程？
A.填写《器官捐献登记表》并由护士签字
B.由至少两名医师全程见证器官获取及遗体复原过程
C.对捐献者遗体进行紫外线消毒处理
D.允许一名家属参与器官获取实施环节
E.在器官获取结束后组织全场人员保持站立默哀五分钟
【思考过程】：
",BE,客观题
器官移植,"你是一个严格按照要求答题的医学考试考生。请你先展示出完整的思考过程，然后再输出最终答案。每道题目有至少两个选项（A、B）至多五个选项（A、B、C、D、E），题目为不定项选择题，请按照以下格式作答：

【思考过程】：...

【最终答案】：AB / BCE / CD / DE / E / ...（只输出选项的编号，不要写选项内容）

示例：
题目：医疗伦理中四大基本原则是？
A.尊重自主权
B.善意行为
C.无害原则
D.公正原则
E.以上都不是
【思考过程】：本题考查医学伦理的四大基本原则，包括尊重自主权、不伤害原则、行善原则、公正原则。

【最终答案】：ABCD

题目：以下哪些做法符合人体器官捐献的伦理要求？
A.在社交媒体公开发布捐献者家属的感谢信以表彰其善举
B.向捐献者家属详细说明器官使用的医疗方案并获得书面同意
C.向媒体透露捐献者的年龄和性别以提升公众捐献意识
D.拒绝向第三方透露捐献者配偶的联系方式
【思考过程】：
",BD,客观题
器官移植,"你是一个严格按照要求答题的医学考试考生。请你先展示出完整的思考过程，然后再输出最终答案。每道题目有至少两个选项（A、B）至多五个选项（A、B、C、D、E），题目为不定项选择题，请按照以下格式作答：

【思考过程】：...

【最终答案】：AB / BCE / CD / DE / E / ...（只输出选项的编号，不要写选项内容）

示例：
题目：医疗伦理中四大基本原则是？
A.尊重自主权
B.善意行为
C.无害原则
D.公正原则
E.以上都不是
【思考过程】：本题考查医学伦理的四大基本原则，包括尊重自主权、不伤害原则、行善原则、公正原则。

【最终答案】：ABCD

题目：以下哪些行为违反了器官移植协调员的伦理规范？
A.劝说潜在捐献者家属在正式拒绝后终止沟通
B.接受器官获取费用回扣
C.诱导捐献者家属接受有偿补偿
D.因户籍差异调整优先级分配名单
【思考过程】：
",BC,客观题
器官移植,"你是一个严格按照要求答题的医学考试考生。请你先展示出完整的思考过程，然后再输出最终答案。每道题目有至少两个选项（A、B）至多五个选项（A、B、C、D、E），题目为不定项选择题，请按照以下格式作答：

【思考过程】：...

【最终答案】：AB / BCE / CD / DE / E / ...（只输出选项的编号，不要写选项内容）

示例：
题目：医疗伦理中四大基本原则是？
A.尊重自主权
B.善意行为
C.无害原则
D.公正原则
E.以上都不是
【思考过程】：本题考查医学伦理的四大基本原则，包括尊重自主权、不伤害原则、行善原则、公正原则。

【最终答案】：ABCD

题目：潜在器官捐献者的必要条件包括以下哪一项？
A.年龄大于18周岁且家属书面同意
B.需要机械通气或循环支持的严重神经损伤
C.必须经过UNOS评估标准认证
D.存在非致命性的慢性疾病并签署生前预嘱
【思考过程】：
",B,客观题
器官移植,"你是一个严格按照要求答题的医学考试考生。请你先展示出完整的思考过程，然后再输出最终答案。每道题目有至少两个选项（A、B）至多五个选项（A、B、C、D、E），题目为不定项选择题，请按照以下格式作答：

【思考过程】：...

【最终答案】：AB / BCE / CD / DE / E / ...（只输出选项的编号，不要写选项内容）

示例：
题目：医疗伦理中四大基本原则是？
A.尊重自主权
B.善意行为
C.无害原则
D.公正原则
E.以上都不是
【思考过程】：本题考查医学伦理的四大基本原则，包括尊重自主权、不伤害原则、行善原则、公正原则。

【最终答案】：ABCD

题目：以下哪些人属于潜在器官捐献者“家属”的法定定义范围？
A.配偶
B.未成年子女
C.父母
D.通过口头承诺授权的朋友
E.法律途径正式授权的委托人
【思考过程】：
",ACE,客观题
器官移植,"你是一个严格按照要求答题的医学考试考生。请你先展示出完整的思考过程，然后再输出最终答案。每道题目有至少两个选项（A、B）至多五个选项（A、B、C、D、E），题目为不定项选择题，请按照以下格式作答：

【思考过程】：...

【最终答案】：AB / BCE / CD / DE / E / ...（只输出选项的编号，不要写选项内容）

示例：
题目：医疗伦理中四大基本原则是？
A.尊重自主权
B.善意行为
C.无害原则
D.公正原则
E.以上都不是
【思考过程】：本题考查医学伦理的四大基本原则，包括尊重自主权、不伤害原则、行善原则、公正原则。

【最终答案】：ABCD

题目：在决定撤除支持治疗后，关于撤除心肺支持与器官捐献的讨论应当如何处理？
A.同时进行讨论以提高效率
B.先讨论器官捐献再撤除支持治疗
C.撤除后由医生自主决定是否讨论
D.撤除与器官捐献的讨论必须分开
【思考过程】：
",D,客观题
器官移植,"你是一个严格按照要求答题的医学考试考生。请你先展示出完整的思考过程，然后再输出最终答案。每道题目有至少两个选项（A、B）至多五个选项（A、B、C、D、E），题目为不定项选择题，请按照以下格式作答：

【思考过程】：...

【最终答案】：AB / BCE / CD / DE / E / ...（只输出选项的编号，不要写选项内容）

示例：
题目：医疗伦理中四大基本原则是？
A.尊重自主权
B.善意行为
C.无害原则
D.公正原则
E.以上都不是
【思考过程】：本题考查医学伦理的四大基本原则，包括尊重自主权、不伤害原则、行善原则、公正原则。

【最终答案】：ABCD

题目：根据DCD可行性评估规定，以下哪几项描述符合法定程序？
A.主治医生应在获得家属明确知情同意后开展初步DCD评估
B.撤除心肺支持治疗后预估死亡时间超过90分钟仍可实施DCD
C.必须明确告知家属需要进行的预测性检查并记录沟通内容
D.须优先采用UW评分和Hong-Kong评估系统作为预测工具
E.患者符合DCD标准的判断依据是撤除治疗90分钟内死亡
【思考过程】：
",C,客观题
器官移植,"你是一个严格按照要求答题的医学考试考生。请你先展示出完整的思考过程，然后再输出最终答案。每道题目有至少两个选项（A、B）至多五个选项（A、B、C、D、E），题目为不定项选择题，请按照以下格式作答：

【思考过程】：...

【最终答案】：AB / BCE / CD / DE / E / ...（只输出选项的编号，不要写选项内容）

示例：
题目：医疗伦理中四大基本原则是？
A.尊重自主权
B.善意行为
C.无害原则
D.公正原则
E.以上都不是
【思考过程】：本题考查医学伦理的四大基本原则，包括尊重自主权、不伤害原则、行善原则、公正原则。

【最终答案】：ABCD

题目：关于潜在器官捐献者的处理流程，以下哪项符合法规要求？
A.在获得家属口头知情同意后，协调员需详细讨论DCD相关问题，再获取书面同意
B.协调员可直接根据家属书面同意启动DCD流程，无需事先深入讨论
C.OPO小组负责家属访谈工作
D.主治医生有权独立决定DCD流程并签署书面同意
【思考过程】：
",A,客观题
器官移植,"你是一个严格按照要求答题的医学考试考生。请你先展示出完整的思考过程，然后再输出最终答案。每道题目有至少两个选项（A、B）至多五个选项（A、B、C、D、E），题目为不定项选择题，请按照以下格式作答：

【思考过程】：...

【最终答案】：AB / BCE / CD / DE / E / ...（只输出选项的编号，不要写选项内容）

示例：
题目：医疗伦理中四大基本原则是？
A.尊重自主权
B.善意行为
C.无害原则
D.公正原则
E.以上都不是
【思考过程】：本题考查医学伦理的四大基本原则，包括尊重自主权、不伤害原则、行善原则、公正原则。

【最终答案】：ABCD

题目：在家属同意进行器官捐献后，医疗机构应当遵循以下哪些法定程序？（不定项选择）
A.由同一名主治医师解释器官捐献和DCD操作流程
B.在讨论撤除心肺支持前探讨捐献可能性
C.向家属书面说明器官摘取手术的具体时间
D.详细记录患者清醒前表达的捐献意愿
E.必须另组医疗团队实施撤除治疗操作
【思考过程】：
",D,客观题
器官移植,"你是一个严格按照要求答题的医学考试考生。请你先展示出完整的思考过程，然后再输出最终答案。每道题目有至少两个选项（A、B）至多五个选项（A、B、C、D、E），题目为不定项选择题，请按照以下格式作答：

【思考过程】：...

【最终答案】：AB / BCE / CD / DE / E / ...（只输出选项的编号，不要写选项内容）

示例：
题目：医疗伦理中四大基本原则是？
A.尊重自主权
B.善意行为
C.无害原则
D.公正原则
E.以上都不是
【思考过程】：本题考查医学伦理的四大基本原则，包括尊重自主权、不伤害原则、行善原则、公正原则。

【最终答案】：ABCD

题目：在器官捐献知情同意过程中，以下哪些做法是符合要求的？
A.由主治医师代替器官捐献协调员与家属签署知情同意书
B.家属反对捐献时仍执行潜在捐献者生前签署的捐献协议
C.仅在紧急情况下口头记录家属同意意见而不写入病历
D.在签署知情同意书后定期向家属重申可以随时撤回决定
【思考过程】：
",D,客观题
器官移植,"你是一个严格按照要求答题的医学考试考生。请你先展示出完整的思考过程，然后再输出最终答案。每道题目有至少两个选项（A、B）至多五个选项（A、B、C、D、E），题目为不定项选择题，请按照以下格式作答：

【思考过程】：...

【最终答案】：AB / BCE / CD / DE / E / ...（只输出选项的编号，不要写选项内容）

示例：
题目：医疗伦理中四大基本原则是？
A.尊重自主权
B.善意行为
C.无害原则
D.公正原则
E.以上都不是
【思考过程】：本题考查医学伦理的四大基本原则，包括尊重自主权、不伤害原则、行善原则、公正原则。

【最终答案】：ABCD

题目：实施组织器官捐献前的综合评估必须包括以下哪些内容？
A.患者的个人详细信息（如职业、生活习惯等）
B.患者的家族病史
C.患者既往的疾病和治疗史
D.心电图检测报告
E.实验室常规检查数据
【思考过程】：
",ACE,客观题
器官移植,"你是一个严格按照要求答题的医学考试考生。请你先展示出完整的思考过程，然后再输出最终答案。每道题目有至少两个选项（A、B）至多五个选项（A、B、C、D、E），题目为不定项选择题，请按照以下格式作答：

【思考过程】：...

【最终答案】：AB / BCE / CD / DE / E / ...（只输出选项的编号，不要写选项内容）

示例：
题目：医疗伦理中四大基本原则是？
A.尊重自主权
B.善意行为
C.无害原则
D.公正原则
E.以上都不是
【思考过程】：本题考查医学伦理的四大基本原则，包括尊重自主权、不伤害原则、行善原则、公正原则。

【最终答案】：ABCD

题目：关于撤除心肺支持治疗后的记录要求，以下哪项不符合规定？
A.每分钟记录患者的血压和血氧饱和度
B.每5分钟记录一次尿量和呼吸频率
C.详细记录热缺血时间的起止节点
D.使用药物加速患者死亡过程以缩短等待时间
【思考过程】：
",B,客观题
器官移植,"你是一个严格按照要求答题的医学考试考生。请你先展示出完整的思考过程，然后再输出最终答案。每道题目有至少两个选项（A、B）至多五个选项（A、B、C、D、E），题目为不定项选择题，请按照以下格式作答：

【思考过程】：...

【最终答案】：AB / BCE / CD / DE / E / ...（只输出选项的编号，不要写选项内容）

示例：
题目：医疗伦理中四大基本原则是？
A.尊重自主权
B.善意行为
C.无害原则
D.公正原则
E.以上都不是
【思考过程】：本题考查医学伦理的四大基本原则，包括尊重自主权、不伤害原则、行善原则、公正原则。

【最终答案】：ABCD

题目：在心脏死亡判定过程中，以下哪些做法符合相关标准？
A.观察时间为1分钟后宣布死亡
B.观察时间控制在5分钟内
C.判定死亡时移植医生在场监督
D.由2名副主任医师共同宣布死亡
E.使用有创动脉血压检测确认循环停止
【思考过程】：
",E,客观题
器官移植,"你是一个严格按照要求答题的医学考试考生。请你先展示出完整的思考过程，然后再输出最终答案。每道题目有至少两个选项（A、B）至多五个选项（A、B、C、D、E），题目为不定项选择题，请按照以下格式作答：

【思考过程】：...

【最终答案】：AB / BCE / CD / DE / E / ...（只输出选项的编号，不要写选项内容）

示例：
题目：医疗伦理中四大基本原则是？
A.尊重自主权
B.善意行为
C.无害原则
D.公正原则
E.以上都不是
【思考过程】：本题考查医学伦理的四大基本原则，包括尊重自主权、不伤害原则、行善原则、公正原则。

【最终答案】：ABCD

题目：医疗机构在摘取死者器官用于移植时，必须同时满足以下哪些条件？
A.获得符合法律规定的同意意见
B.确认死者生前未实名签署器官捐献拒绝声明
C.家属承诺自愿捐献死者器官
D.死者曾公开表达过捐献意愿
E.仅需满足条件a或条件b中的一个即可
【思考过程】：
",A,客观题
器官移植,"你是一个严格按照要求答题的医学考试考生。请你先展示出完整的思考过程，然后再输出最终答案。每道题目有至少两个选项（A、B）至多五个选项（A、B、C、D、E），题目为不定项选择题，请按照以下格式作答：

【思考过程】：...

【最终答案】：AB / BCE / CD / DE / E / ...（只输出选项的编号，不要写选项内容）

示例：
题目：医疗伦理中四大基本原则是？
A.尊重自主权
B.善意行为
C.无害原则
D.公正原则
E.以上都不是
【思考过程】：本题考查医学伦理的四大基本原则，包括尊重自主权、不伤害原则、行善原则、公正原则。

【最终答案】：ABCD

题目：以下哪些行为违反了器官移植相关法律法规？
A.医生在记录捐献人生命体征后参与移植评估会议
B.宣告捐献人死亡的医师主导肾脏摘取手术
C.参与死亡确认的医生撰写移植术后报告
D.死亡确认医生担任接受人的术后主诊医师
E.护士未参与死亡判定但协助器官保存
【思考过程】：
",BD,客观题
器官移植,"你是一个严格按照要求答题的医学考试考生。请你先展示出完整的思考过程，然后再输出最终答案。每道题目有至少两个选项（A、B）至多五个选项（A、B、C、D、E），题目为不定项选择题，请按照以下格式作答：

【思考过程】：...

【最终答案】：AB / BCE / CD / DE / E / ...（只输出选项的编号，不要写选项内容）

示例：
题目：医疗伦理中四大基本原则是？
A.尊重自主权
B.善意行为
C.无害原则
D.公正原则
E.以上都不是
【思考过程】：本题考查医学伦理的四大基本原则，包括尊重自主权、不伤害原则、行善原则、公正原则。

【最终答案】：ABCD

题目：以下哪些是活体器官捐献必须满足的条件（多选）？
A.捐献人需提供三代内亲属的书面同意
B.捐献人与接受人需存在基因、法律或情感关系
C.捐献人已获得完整可理解的危险性及后果告知
D.捐献人的法定家属需出具支持性声明
E.捐献人必须是接受人直系血亲或配偶
F.捐献人具备法律资格且能自主决策
【思考过程】：
",BCF,客观题
器官移植,"你是一个严格按照要求答题的医学考试考生。请你先展示出完整的思考过程，然后再输出最终答案。每道题目有至少两个选项（A、B）至多五个选项（A、B、C、D、E），题目为不定项选择题，请按照以下格式作答：

【思考过程】：...

【最终答案】：AB / BCE / CD / DE / E / ...（只输出选项的编号，不要写选项内容）

示例：
题目：医疗伦理中四大基本原则是？
A.尊重自主权
B.善意行为
C.无害原则
D.公正原则
E.以上都不是
【思考过程】：本题考查医学伦理的四大基本原则，包括尊重自主权、不伤害原则、行善原则、公正原则。

【最终答案】：ABCD

题目：下列关于未成年人器官捐献的表述，哪几项符合法律法规要求？
A.除法定例外情况外禁止从未成年人活体摘取移植材料
B.可能存在需要未成年人本人提前同意的情形
C.经伦理委员会批准的例外情况可突破年龄限制
D.无民事行为能力者的移植规则与未成年人一致
【思考过程】：
",ABD,客观题
器官移植,"你是一个严格按照要求答题的医学考试考生。请你先展示出完整的思考过程，然后再输出最终答案。每道题目有至少两个选项（A、B）至多五个选项（A、B、C、D、E），题目为不定项选择题，请按照以下格式作答：

【思考过程】：...

【最终答案】：AB / BCE / CD / DE / E / ...（只输出选项的编号，不要写选项内容）

示例：
题目：医疗伦理中四大基本原则是？
A.尊重自主权
B.善意行为
C.无害原则
D.公正原则
E.以上都不是
【思考过程】：本题考查医学伦理的四大基本原则，包括尊重自主权、不伤害原则、行善原则、公正原则。

【最终答案】：ABCD

题目：在器官捐献中，以下哪些情况符合相关伦理和法律规范？
A.医院向器官捐献者支付术后营养费用
B.家属为获取移植资格向医院缴纳""加速审批金""
C.补偿捐献者因器官摘取导致的三日工资损失
D.器官受赠方私下赠予捐献者家属境外旅游奖励
E.向非法中介机构购买适配的活体肾脏
【思考过程】：
",AC,客观题
器官移植,"你是一个严格按照要求答题的医学考试考生。请你先展示出完整的思考过程，然后再输出最终答案。每道题目有至少两个选项（A、B）至多五个选项（A、B、C、D、E），题目为不定项选择题，请按照以下格式作答：

【思考过程】：...

【最终答案】：AB / BCE / CD / DE / E / ...（只输出选项的编号，不要写选项内容）

示例：
题目：医疗伦理中四大基本原则是？
A.尊重自主权
B.善意行为
C.无害原则
D.公正原则
E.以上都不是
【思考过程】：本题考查医学伦理的四大基本原则，包括尊重自主权、不伤害原则、行善原则、公正原则。

【最终答案】：ABCD

题目：以下哪些行为符合器官捐献相关法规的规定？
A.通过公益广告宣传器官捐献的社会意义
B.在报纸刊登广告征求肝源并承诺给予营养补助
C.医院在社交媒体发布倡议书征集自愿无偿捐献者
D.第三方中介为匹配成功的捐献者家属报销交通费用
【思考过程】：
",AC,客观题
器官移植,"你是一个严格按照要求答题的医学考试考生。请你先展示出完整的思考过程，然后再输出最终答案。每道题目有至少两个选项（A、B）至多五个选项（A、B、C、D、E），题目为不定项选择题，请按照以下格式作答：

【思考过程】：...

【最终答案】：AB / BCE / CD / DE / E / ...（只输出选项的编号，不要写选项内容）

示例：
题目：医疗伦理中四大基本原则是？
A.尊重自主权
B.善意行为
C.无害原则
D.公正原则
E.以上都不是
【思考过程】：本题考查医学伦理的四大基本原则，包括尊重自主权、不伤害原则、行善原则、公正原则。

【最终答案】：ABCD

题目：医生发现用于移植的器官是通过向捐献者家属支付报酬的方式获得的，下列哪项处理方式符合伦理规范？
A.立即停止手术并将器官移交其他患者
B.拒绝为该患者进行移植手术
C.仅需将该情况上报上级部门备案
D.健康保险机构拒绝为此手术支付费用
E.经评估后若器官安全仍可手术
【思考过程】：
",BD,客观题
器官移植,"你是一个严格按照要求答题的医学考试考生。请你先展示出完整的思考过程，然后再输出最终答案。每道题目有至少两个选项（A、B）至多五个选项（A、B、C、D、E），题目为不定项选择题，请按照以下格式作答：

【思考过程】：...

【最终答案】：AB / BCE / CD / DE / E / ...（只输出选项的编号，不要写选项内容）

示例：
题目：医疗伦理中四大基本原则是？
A.尊重自主权
B.善意行为
C.无害原则
D.公正原则
E.以上都不是
【思考过程】：本题考查医学伦理的四大基本原则，包括尊重自主权、不伤害原则、行善原则、公正原则。

【最终答案】：ABCD

题目：参与器官移植的卫生保健人员可以接受以下哪种方式的支付？
A.接受患者家属以个人名义赠送的答谢金
B.按标准收取器官运输和保存的劳务费
C.收取捐赠方提供的实验仪器设备
D.接受受捐方为医生支付的国际会议差旅费
E.接收某基金会授予的年度突出贡献会员资格
【思考过程】：
",B,客观题
器官移植,"你是一个严格按照要求答题的医学考试考生。请你先展示出完整的思考过程，然后再输出最终答案。每道题目有至少两个选项（A、B）至多五个选项（A、B、C、D、E），题目为不定项选择题，请按照以下格式作答：

【思考过程】：...

【最终答案】：AB / BCE / CD / DE / E / ...（只输出选项的编号，不要写选项内容）

示例：
题目：医疗伦理中四大基本原则是？
A.尊重自主权
B.善意行为
C.无害原则
D.公正原则
E.以上都不是
【思考过程】：本题考查医学伦理的四大基本原则，包括尊重自主权、不伤害原则、行善原则、公正原则。

【最终答案】：ABCD

题目：以下哪几种行为违反了器官分配法规的相关要求？
A.分配时优先救治多器官衰竭的危重患者
B.根据患者家属捐赠医院资金数额调整分配顺序
C.委员会成员包含捐赠者的商业合作伙伴
D.通过匿名评审确保分配结果不受舆论影响
E.在资源充足时允许患者自费加急获取器官
【思考过程】：
",BCE,客观题
器官移植,"你是一个严格按照要求答题的医学考试考生。请你先展示出完整的思考过程，然后再输出最终答案。每道题目有至少两个选项（A、B）至多五个选项（A、B、C、D、E），题目为不定项选择题，请按照以下格式作答：

【思考过程】：...

【最终答案】：AB / BCE / CD / DE / E / ...（只输出选项的编号，不要写选项内容）

示例：
题目：医疗伦理中四大基本原则是？
A.尊重自主权
B.善意行为
C.无害原则
D.公正原则
E.以上都不是
【思考过程】：本题考查医学伦理的四大基本原则，包括尊重自主权、不伤害原则、行善原则、公正原则。

【最终答案】：ABCD

题目：以下哪种做法符合相关法律法规的要求？
A.将器官移植全流程记录在公共网站实时更新，但未隐匿捐献人身份证号信息；B.仅向伦理委员会秘密报送移植档案，未开展任何外部调查；C.医院通过匿名方式完成移植手术，但拒绝所有卫生部门的质量审查；D.建立可追溯的电子化移植档案系统，供监管机构核验时仅显示捐赠者编号
【思考过程】：
",D,客观题
急危重症处置,"你是一个严格按照要求答题的医学考试考生。请你先展示出完整的思考过程，然后再输出最终答案。每道题目有至少两个选项（A、B）至多五个选项（A、B、C、D、E），题目为不定项选择题，请按照以下格式作答：

【思考过程】：...

【最终答案】：AB / BCE / CD / DE / E / ...（只输出选项的编号，不要写选项内容）

示例：
题目：医疗伦理中四大基本原则是？
A.尊重自主权
B.善意行为
C.无害原则
D.公正原则
E.以上都不是
【思考过程】：本题考查医学伦理的四大基本原则，包括尊重自主权、不伤害原则、行善原则、公正原则。

【最终答案】：ABCD

题目：下列哪种情形下相关组织或个人必须履行施救义务？
A.路人对街边中暑的老人的自愿救助
B.医院对未缴费患者的道德性援助
C.警察对交通事故伤者的现场处理
D.泳池救生员对溺水游客的消极观望
E.学校教师对突发癫痫学生的应急处置
【思考过程】：
",CDE,客观题
急危重症处置,"你是一个严格按照要求答题的医学考试考生。请你先展示出完整的思考过程，然后再输出最终答案。每道题目有至少两个选项（A、B）至多五个选项（A、B、C、D、E），题目为不定项选择题，请按照以下格式作答：

【思考过程】：...

【最终答案】：AB / BCE / CD / DE / E / ...（只输出选项的编号，不要写选项内容）

示例：
题目：医疗伦理中四大基本原则是？
A.尊重自主权
B.善意行为
C.无害原则
D.公正原则
E.以上都不是
【思考过程】：本题考查医学伦理的四大基本原则，包括尊重自主权、不伤害原则、行善原则、公正原则。

【最终答案】：ABCD

题目：以下关于医疗机构损害赔偿责任的说法，哪项符合法律规定？
A.医务人员直接承担赔偿，B.医疗机构有过错时须担责，C.第三方过错导致的可不赔偿，D.患者签署知情同意书则医方免责，E.无论过错均需赔偿
【思考过程】：
",B,客观题
急危重症处置,"你是一个严格按照要求答题的医学考试考生。请你先展示出完整的思考过程，然后再输出最终答案。每道题目有至少两个选项（A、B）至多五个选项（A、B、C、D、E），题目为不定项选择题，请按照以下格式作答：

【思考过程】：...

【最终答案】：AB / BCE / CD / DE / E / ...（只输出选项的编号，不要写选项内容）

示例：
题目：医疗伦理中四大基本原则是？
A.尊重自主权
B.善意行为
C.无害原则
D.公正原则
E.以上都不是
【思考过程】：本题考查医学伦理的四大基本原则，包括尊重自主权、不伤害原则、行善原则、公正原则。

【最终答案】：ABCD

题目：在急危重症患者需要实施特殊治疗时，医务人员必须向患者或近亲属明确说明的内容包括？
A.近期治疗费用
B.医疗风险
C.替代医疗方案
D.可能引发的其他并发症
【思考过程】：
",BC,客观题
急危重症处置,"你是一个严格按照要求答题的医学考试考生。请你先展示出完整的思考过程，然后再输出最终答案。每道题目有至少两个选项（A、B）至多五个选项（A、B、C、D、E），题目为不定项选择题，请按照以下格式作答：

【思考过程】：...

【最终答案】：AB / BCE / CD / DE / E / ...（只输出选项的编号，不要写选项内容）

示例：
题目：医疗伦理中四大基本原则是？
A.尊重自主权
B.善意行为
C.无害原则
D.公正原则
E.以上都不是
【思考过程】：本题考查医学伦理的四大基本原则，包括尊重自主权、不伤害原则、行善原则、公正原则。

【最终答案】：ABCD

题目：在抢救生命垂危的患者且无法取得患者及其近亲属意见时，医疗机构可以采取以下哪种操作流程？
A.主治医生直接实施急救措施
B.科室主任签字后立即实施治疗
C.经医疗机构负责人或授权负责人批准后立即实施措施
D.在2名见证人签字前提下实施措施并事后联系家属
【思考过程】：
",C,客观题
急危重症处置,"你是一个严格按照要求答题的医学考试考生。请你先展示出完整的思考过程，然后再输出最终答案。每道题目有至少两个选项（A、B）至多五个选项（A、B、C、D、E），题目为不定项选择题，请按照以下格式作答：

【思考过程】：...

【最终答案】：AB / BCE / CD / DE / E / ...（只输出选项的编号，不要写选项内容）

示例：
题目：医疗伦理中四大基本原则是？
A.尊重自主权
B.善意行为
C.无害原则
D.公正原则
E.以上都不是
【思考过程】：本题考查医学伦理的四大基本原则，包括尊重自主权、不伤害原则、行善原则、公正原则。

【最终答案】：ABCD

题目：根据相关法律法规，判断医疗机构是否需要对患者损害承担赔偿责任的主要依据是？
A. 患者的最终治疗效果是否达到预期
B. 医务人员是否遵循了最新的医疗指南
C. 是否在诊疗活动中未尽到与当时医疗水平相应的诊疗义务
D. 医院是否具备高级医疗设备
E. 医务人员的主观意图是否为善意
【思考过程】：
",C,客观题
急危重症处置,"你是一个严格按照要求答题的医学考试考生。请你先展示出完整的思考过程，然后再输出最终答案。每道题目有至少两个选项（A、B）至多五个选项（A、B、C、D、E），题目为不定项选择题，请按照以下格式作答：

【思考过程】：...

【最终答案】：AB / BCE / CD / DE / E / ...（只输出选项的编号，不要写选项内容）

示例：
题目：医疗伦理中四大基本原则是？
A.尊重自主权
B.善意行为
C.无害原则
D.公正原则
E.以上都不是
【思考过程】：本题考查医学伦理的四大基本原则，包括尊重自主权、不伤害原则、行善原则、公正原则。

【最终答案】：ABCD

题目：患者在诊疗活动中受到损害时，以下哪些情形可推定医疗机构有过错？
A.未按规定更新患者电子档案
B.拒绝向家属提供患者的病理切片记录
C.医生术中使用了未被行业指南推荐的技术
D.护士误将输液剂量标注错误但未造成实际后果
E.销毁患者住院档案以提高存储空间利用率
【思考过程】：
",BCE,客观题
急危重症处置,"你是一个严格按照要求答题的医学考试考生。请你先展示出完整的思考过程，然后再输出最终答案。每道题目有至少两个选项（A、B）至多五个选项（A、B、C、D、E），题目为不定项选择题，请按照以下格式作答：

【思考过程】：...

【最终答案】：AB / BCE / CD / DE / E / ...（只输出选项的编号，不要写选项内容）

示例：
题目：医疗伦理中四大基本原则是？
A.尊重自主权
B.善意行为
C.无害原则
D.公正原则
E.以上都不是
【思考过程】：本题考查医学伦理的四大基本原则，包括尊重自主权、不伤害原则、行善原则、公正原则。

【最终答案】：ABCD

题目：患者因输入不合格血液导致损害，可以向以下哪些主体请求赔偿？
A.药品上市许可持有人
B.血液提供机构
C.医疗器械生产者
D.医疗机构
E.主治医师
【思考过程】：
",BD,客观题
急危重症处置,"你是一个严格按照要求答题的医学考试考生。请你先展示出完整的思考过程，然后再输出最终答案。每道题目有至少两个选项（A、B）至多五个选项（A、B、C、D、E），题目为不定项选择题，请按照以下格式作答：

【思考过程】：...

【最终答案】：AB / BCE / CD / DE / E / ...（只输出选项的编号，不要写选项内容）

示例：
题目：医疗伦理中四大基本原则是？
A.尊重自主权
B.善意行为
C.无害原则
D.公正原则
E.以上都不是
【思考过程】：本题考查医学伦理的四大基本原则，包括尊重自主权、不伤害原则、行善原则、公正原则。

【最终答案】：ABCD

题目：下列哪些情形下医疗机构不承担赔偿责任？
A.患者在接受化疗期间擅自服用未经验证的草药导致肝损伤
B.急救医生在心脏骤停患者抢救中因设备故障无法实施电除颤
C.因遗传性罕见病导致误诊而延误治疗时机
D.患者拒绝签署手术同意书后自行离开急诊室
E.医院因节假日导致高级影像检查延迟48小时
【思考过程】：
",ABD,客观题
急危重症处置,"你是一个严格按照要求答题的医学考试考生。请你先展示出完整的思考过程，然后再输出最终答案。每道题目有至少两个选项（A、B）至多五个选项（A、B、C、D、E），题目为不定项选择题，请按照以下格式作答：

【思考过程】：...

【最终答案】：AB / BCE / CD / DE / E / ...（只输出选项的编号，不要写选项内容）

示例：
题目：医疗伦理中四大基本原则是？
A.尊重自主权
B.善意行为
C.无害原则
D.公正原则
E.以上都不是
【思考过程】：本题考查医学伦理的四大基本原则，包括尊重自主权、不伤害原则、行善原则、公正原则。

【最终答案】：ABCD

题目：根据急危重症处置相关法规，以下哪些机构或组织被明确要求开展急救培训和普及急救知识？
A.卫生健康主管部门
B.民政部门
C.红十字会
D.教育部门
E.市场监督部门
【思考过程】：
",AC,客观题
急危重症处置,"你是一个严格按照要求答题的医学考试考生。请你先展示出完整的思考过程，然后再输出最终答案。每道题目有至少两个选项（A、B）至多五个选项（A、B、C、D、E），题目为不定项选择题，请按照以下格式作答：

【思考过程】：...

【最终答案】：AB / BCE / CD / DE / E / ...（只输出选项的编号，不要写选项内容）

示例：
题目：医疗伦理中四大基本原则是？
A.尊重自主权
B.善意行为
C.无害原则
D.公正原则
E.以上都不是
【思考过程】：本题考查医学伦理的四大基本原则，包括尊重自主权、不伤害原则、行善原则、公正原则。

【最终答案】：ABCD

题目：在急危重症诊疗过程中，以下哪种做法完全符合知情同意伦理原则？
A.医生仅告知患者手术费用的预估金额后实施插管抢救
B.在患者意识清醒时，医务人员详细说明血浆置换的风险并取得其签字同意
C.因患者情绪激动，护士直接联系家属签署麻醉风险知情书后实施镇静
D.患者昏迷且无近亲属在场，经医院伦理委员会批准后实施紧急开颅手术
E.医生告知患者化疗的副作用后，未解释可选的靶向药物方案
【思考过程】：
",BD,客观题
急危重症处置,"你是一个严格按照要求答题的医学考试考生。请你先展示出完整的思考过程，然后再输出最终答案。每道题目有至少两个选项（A、B）至多五个选项（A、B、C、D、E），题目为不定项选择题，请按照以下格式作答：

【思考过程】：...

【最终答案】：AB / BCE / CD / DE / E / ...（只输出选项的编号，不要写选项内容）

示例：
题目：医疗伦理中四大基本原则是？
A.尊重自主权
B.善意行为
C.无害原则
D.公正原则
E.以上都不是
【思考过程】：本题考查医学伦理的四大基本原则，包括尊重自主权、不伤害原则、行善原则、公正原则。

【最终答案】：ABCD

题目：关于急危患者的处置，以下哪种说法符合我国相关法规？
A.患者家属未到时可暂缓急救措施
B.在确认患者无支付能力后，医师可拒绝急救
C.医院资源不足时可将危重患者转往他院前拒绝处置
D.医师必须立即采取紧急措施并不得以任何理由拒绝
【思考过程】：
",D,客观题
急危重症处置,"你是一个严格按照要求答题的医学考试考生。请你先展示出完整的思考过程，然后再输出最终答案。每道题目有至少两个选项（A、B）至多五个选项（A、B、C、D、E），题目为不定项选择题，请按照以下格式作答：

【思考过程】：...

【最终答案】：AB / BCE / CD / DE / E / ...（只输出选项的编号，不要写选项内容）

示例：
题目：医疗伦理中四大基本原则是？
A.尊重自主权
B.善意行为
C.无害原则
D.公正原则
E.以上都不是
【思考过程】：本题考查医学伦理的四大基本原则，包括尊重自主权、不伤害原则、行善原则、公正原则。

【最终答案】：ABCD

题目：若医师因不负责任延误急危患者抢救且造成严重后果，由卫生行政部门给予的处罚包括以下哪些？
A.警告
B.责令暂停三个月以下执业活动
C.责令暂停六个月以上一年以下执业活动
D.吊销执业证书
【思考过程】：
",AC,客观题
急危重症处置,"你是一个严格按照要求答题的医学考试考生。请你先展示出完整的思考过程，然后再输出最终答案。每道题目有至少两个选项（A、B）至多五个选项（A、B、C、D、E），题目为不定项选择题，请按照以下格式作答：

【思考过程】：...

【最终答案】：AB / BCE / CD / DE / E / ...（只输出选项的编号，不要写选项内容）

示例：
题目：医疗伦理中四大基本原则是？
A.尊重自主权
B.善意行为
C.无害原则
D.公正原则
E.以上都不是
【思考过程】：本题考查医学伦理的四大基本原则，包括尊重自主权、不伤害原则、行善原则、公正原则。

【最终答案】：ABCD

题目：以下哪些条件是附条件批准某严重危及生命疾病治疗药物的必要条件？
A.用于治疗严重危及生命且尚无有效治疗手段的疾病，或属于公共卫生方面急需  
B.已完成全部III期临床试验  
C.已有临床试验数据显示疗效并能预测其临床价值  
D.有初步药理实验数据支持安全性
【思考过程】：
",AC,客观题
急危重症处置,"你是一个严格按照要求答题的医学考试考生。请你先展示出完整的思考过程，然后再输出最终答案。每道题目有至少两个选项（A、B）至多五个选项（A、B、C、D、E），题目为不定项选择题，请按照以下格式作答：

【思考过程】：...

【最终答案】：AB / BCE / CD / DE / E / ...（只输出选项的编号，不要写选项内容）

示例：
题目：医疗伦理中四大基本原则是？
A.尊重自主权
B.善意行为
C.无害原则
D.公正原则
E.以上都不是
【思考过程】：本题考查医学伦理的四大基本原则，包括尊重自主权、不伤害原则、行善原则、公正原则。

【最终答案】：ABCD

题目：医疗机构因临床急需进口少量药品时，以下哪些情况符合我国相关规定？
A.经市级药品监督管理部门批准后进口
B.经国务院授权的省人民政府批准后进口
C.进口药品在多家合作医院内使用
D.进口药品用于科研实验
E.进口药品在指定医疗机构内用于特定医疗目的
【思考过程】：
",BE,客观题
急危重症处置,"你是一个严格按照要求答题的医学考试考生。请你先展示出完整的思考过程，然后再输出最终答案。每道题目有至少两个选项（A、B）至多五个选项（A、B、C、D、E），题目为不定项选择题，请按照以下格式作答：

【思考过程】：...

【最终答案】：AB / BCE / CD / DE / E / ...（只输出选项的编号，不要写选项内容）

示例：
题目：医疗伦理中四大基本原则是？
A.尊重自主权
B.善意行为
C.无害原则
D.公正原则
E.以上都不是
【思考过程】：本题考查医学伦理的四大基本原则，包括尊重自主权、不伤害原则、行善原则、公正原则。

【最终答案】：ABCD

题目：在应对特别重大突发公共卫生事件时，以下哪些部门有权提出紧急使用医疗器械的建议？
A.省级人民政府
B.国务院卫生主管部门
C.国务院疾病预防控制部门
D.国家药品监督管理局应急办公室
E.市级疫情防控指挥部
【思考过程】：
",BC,客观题
急危重症处置,"你是一个严格按照要求答题的医学考试考生。请你先展示出完整的思考过程，然后再输出最终答案。每道题目有至少两个选项（A、B）至多五个选项（A、B、C、D、E），题目为不定项选择题，请按照以下格式作答：

【思考过程】：...

【最终答案】：AB / BCE / CD / DE / E / ...（只输出选项的编号，不要写选项内容）

示例：
题目：医疗伦理中四大基本原则是？
A.尊重自主权
B.善意行为
C.无害原则
D.公正原则
E.以上都不是
【思考过程】：本题考查医学伦理的四大基本原则，包括尊重自主权、不伤害原则、行善原则、公正原则。

【最终答案】：ABCD

题目：根据我国关于急危重症处置医疗器械临床试验的规定，某机构在何种条件下可将正在试验的器械用于其他患者？
A.经伦理委员会审查同意
B.经患者知情同意
C.仅需患者本人自愿书面申请
D.同一临床试验机构内的病情相同患者
E.仅限参与过该临床试验的患者
【思考过程】：
",ABD,客观题
急危重症处置,"你是一个严格按照要求答题的医学考试考生。请你先展示出完整的思考过程，然后再输出最终答案。每道题目有至少两个选项（A、B）至多五个选项（A、B、C、D、E），题目为不定项选择题，请按照以下格式作答：

【思考过程】：...

【最终答案】：AB / BCE / CD / DE / E / ...（只输出选项的编号，不要写选项内容）

示例：
题目：医疗伦理中四大基本原则是？
A.尊重自主权
B.善意行为
C.无害原则
D.公正原则
E.以上都不是
【思考过程】：本题考查医学伦理的四大基本原则，包括尊重自主权、不伤害原则、行善原则、公正原则。

【最终答案】：ABCD

题目：急诊科的下列做法中，哪几项违反了相关法规要求？（多选）
A.因患者未携带身份证件，要求其返回家中取回后再接诊
B.接诊意识模糊的流浪患者后，立即实施气管插管并联系家属补办手续
C.首诊医生以""无专科治疗条件""为由将外伤出血患者转至其他科室但未评估生命体征
D.要求急性心梗患者在挂号缴费完成后再进入抢救室
E.对酒精中毒拒不配合治疗的患者，未予约束并等待家属签字
【思考过程】：
",ACD,客观题
急危重症处置,"你是一个严格按照要求答题的医学考试考生。请你先展示出完整的思考过程，然后再输出最终答案。每道题目有至少两个选项（A、B）至多五个选项（A、B、C、D、E），题目为不定项选择题，请按照以下格式作答：

【思考过程】：...

【最终答案】：AB / BCE / CD / DE / E / ...（只输出选项的编号，不要写选项内容）

示例：
题目：医疗伦理中四大基本原则是？
A.尊重自主权
B.善意行为
C.无害原则
D.公正原则
E.以上都不是
【思考过程】：本题考查医学伦理的四大基本原则，包括尊重自主权、不伤害原则、行善原则、公正原则。

【最终答案】：ABCD

题目：下列关于急诊分诊的说法中，符合伦理要求的是哪些？
A.按患者挂号科室的匹配度分配治疗顺序
B.根据病人的疾病危险程度进行分诊
C.等候所有检查结果出具后再启动抢救
D.对可能危及生命安全的患者立即实施抢救
E.安排待产孕妇优先于其他急诊患者救治
【思考过程】：
",BD,客观题
急危重症处置,"你是一个严格按照要求答题的医学考试考生。请你先展示出完整的思考过程，然后再输出最终答案。每道题目有至少两个选项（A、B）至多五个选项（A、B、C、D、E），题目为不定项选择题，请按照以下格式作答：

【思考过程】：...

【最终答案】：AB / BCE / CD / DE / E / ...（只输出选项的编号，不要写选项内容）

示例：
题目：医疗伦理中四大基本原则是？
A.尊重自主权
B.善意行为
C.无害原则
D.公正原则
E.以上都不是
【思考过程】：本题考查医学伦理的四大基本原则，包括尊重自主权、不伤害原则、行善原则、公正原则。

【最终答案】：ABCD

题目：根据相关规定，急诊科病历必须包含以下哪些内容？
A.患者家属职业
B.诊疗全过程
C.检查费用明细
D.患者去向
E.区县疾控报告记录
【思考过程】：
",BD,客观题
急危重症处置,"你是一个严格按照要求答题的医学考试考生。请你先展示出完整的思考过程，然后再输出最终答案。每道题目有至少两个选项（A、B）至多五个选项（A、B、C、D、E），题目为不定项选择题，请按照以下格式作答：

【思考过程】：...

【最终答案】：AB / BCE / CD / DE / E / ...（只输出选项的编号，不要写选项内容）

示例：
题目：医疗伦理中四大基本原则是？
A.尊重自主权
B.善意行为
C.无害原则
D.公正原则
E.以上都不是
【思考过程】：本题考查医学伦理的四大基本原则，包括尊重自主权、不伤害原则、行善原则、公正原则。

【最终答案】：ABCD

题目：其他科室接到急诊科会诊申请后，是否允许在情况特殊时延迟进行会诊？
A.可以延迟，但需提前向急诊科说明原因；B.必须按照医院制度规定的时间完成会诊，不得延迟
【思考过程】：
",B,客观题
急危重症处置,"你是一个严格按照要求答题的医学考试考生。请你先展示出完整的思考过程，然后再输出最终答案。每道题目有至少两个选项（A、B）至多五个选项（A、B、C、D、E），题目为不定项选择题，请按照以下格式作答：

【思考过程】：...

【最终答案】：AB / BCE / CD / DE / E / ...（只输出选项的编号，不要写选项内容）

示例：
题目：医疗伦理中四大基本原则是？
A.尊重自主权
B.善意行为
C.无害原则
D.公正原则
E.以上都不是
【思考过程】：本题考查医学伦理的四大基本原则，包括尊重自主权、不伤害原则、行善原则、公正原则。

【最终答案】：ABCD

题目：以下哪种做法违反了关于急诊病人优先住院的规定？
A.将急诊处置后需住院的患者在24小时内转入专科病房
B.按患者挂号时间顺序安排住院床位
C.待患者预缴全部住院费用后再办理入院手续
D.为急诊患者临时调配ICU床位用于过渡
【思考过程】：
",BC,客观题
急危重症处置,"你是一个严格按照要求答题的医学考试考生。请你先展示出完整的思考过程，然后再输出最终答案。每道题目有至少两个选项（A、B）至多五个选项（A、B、C、D、E），题目为不定项选择题，请按照以下格式作答：

【思考过程】：...

【最终答案】：AB / BCE / CD / DE / E / ...（只输出选项的编号，不要写选项内容）

示例：
题目：医疗伦理中四大基本原则是？
A.尊重自主权
B.善意行为
C.无害原则
D.公正原则
E.以上都不是
【思考过程】：本题考查医学伦理的四大基本原则，包括尊重自主权、不伤害原则、行善原则、公正原则。

【最终答案】：ABCD

题目：以下哪些情形违反了急救中心（站）的院前医疗急救服务规定？
A. 因所有救护车已被派出执行其他任务而未及时调度车辆，导致延误
B. 因患者暂无家属在场而延迟派车
C. 由于急救人员正在进行内部培训，未能及时派出救护车
D. 院前急救费用未提前支付而拒绝出车
【思考过程】：
",AC,客观题
急危重症处置,"你是一个严格按照要求答题的医学考试考生。请你先展示出完整的思考过程，然后再输出最终答案。每道题目有至少两个选项（A、B）至多五个选项（A、B、C、D、E），题目为不定项选择题，请按照以下格式作答：

【思考过程】：...

【最终答案】：AB / BCE / CD / DE / E / ...（只输出选项的编号，不要写选项内容）

示例：
题目：医疗伦理中四大基本原则是？
A.尊重自主权
B.善意行为
C.无害原则
D.公正原则
E.以上都不是
【思考过程】：本题考查医学伦理的四大基本原则，包括尊重自主权、不伤害原则、行善原则、公正原则。

【最终答案】：ABCD

题目：以下哪些属于急危重症患者转运的原则？
A.就近
B.就急
C.满足患者需求
D.完全遵循患者意愿
E.满足专业需要
【思考过程】：
",ABE,客观题
急危重症处置,"你是一个严格按照要求答题的医学考试考生。请你先展示出完整的思考过程，然后再输出最终答案。每道题目有至少两个选项（A、B）至多五个选项（A、B、C、D、E），题目为不定项选择题，请按照以下格式作答：

【思考过程】：...

【最终答案】：AB / BCE / CD / DE / E / ...（只输出选项的编号，不要写选项内容）

示例：
题目：医疗伦理中四大基本原则是？
A.尊重自主权
B.善意行为
C.无害原则
D.公正原则
E.以上都不是
【思考过程】：本题考查医学伦理的四大基本原则，包括尊重自主权、不伤害原则、行善原则、公正原则。

【最终答案】：ABCD

题目：以下表述是否正确：急救中心在患者未付清急救费用的情况下，可以暂停转运至其指定的医院。
A.正确
B.错误
【思考过程】：
",B,客观题
急危重症处置,"你是一个严格按照要求答题的医学考试考生。请你先展示出完整的思考过程，然后再输出最终答案。每道题目有至少两个选项（A、B）至多五个选项（A、B、C、D、E），题目为不定项选择题，请按照以下格式作答：

【思考过程】：...

【最终答案】：AB / BCE / CD / DE / E / ...（只输出选项的编号，不要写选项内容）

示例：
题目：医疗伦理中四大基本原则是？
A.尊重自主权
B.善意行为
C.无害原则
D.公正原则
E.以上都不是
【思考过程】：本题考查医学伦理的四大基本原则，包括尊重自主权、不伤害原则、行善原则、公正原则。

【最终答案】：ABCD

题目：关于检伤分类标识颜色与处置优先级的描述，哪一项是错误的？
A.红色标患者应第一优先处置和转送
B.黄色标患者应第二优先处置和转送
C.绿色标患者应第二优先处置和转送
D.黑色标患者应在确认死亡后分类
【思考过程】：
",C,客观题
急危重症处置,"你是一个严格按照要求答题的医学考试考生。请你先展示出完整的思考过程，然后再输出最终答案。每道题目有至少两个选项（A、B）至多五个选项（A、B、C、D、E），题目为不定项选择题，请按照以下格式作答：

【思考过程】：...

【最终答案】：AB / BCE / CD / DE / E / ...（只输出选项的编号，不要写选项内容）

示例：
题目：医疗伦理中四大基本原则是？
A.尊重自主权
B.善意行为
C.无害原则
D.公正原则
E.以上都不是
【思考过程】：本题考查医学伦理的四大基本原则，包括尊重自主权、不伤害原则、行善原则、公正原则。

【最终答案】：ABCD

题目：根据急危重症处置的“四集中”原则，以下哪些属于该原则的内容？
A.集中资源
B.集中专家
C.集中分级管理
D.集中伤病员
E.集中救治
【思考过程】：
",ABDE,客观题
急危重症处置,"你是一个严格按照要求答题的医学考试考生。请你先展示出完整的思考过程，然后再输出最终答案。每道题目有至少两个选项（A、B）至多五个选项（A、B、C、D、E），题目为不定项选择题，请按照以下格式作答：

【思考过程】：...

【最终答案】：AB / BCE / CD / DE / E / ...（只输出选项的编号，不要写选项内容）

示例：
题目：医疗伦理中四大基本原则是？
A.尊重自主权
B.善意行为
C.无害原则
D.公正原则
E.以上都不是
【思考过程】：本题考查医学伦理的四大基本原则，包括尊重自主权、不伤害原则、行善原则、公正原则。

【最终答案】：ABCD

题目：对于乙肝表面抗体阴性的医护人员，上岗前的正确建议是？
A.必须强制接种乙肝疫苗
B.建议接种乙肝疫苗
C.需隔离观察两周
D.需补种流感疫苗
E.无需采取额外措施
【思考过程】：
",B,客观题
急危重症处置,"你是一个严格按照要求答题的医学考试考生。请你先展示出完整的思考过程，然后再输出最终答案。每道题目有至少两个选项（A、B）至多五个选项（A、B、C、D、E），题目为不定项选择题，请按照以下格式作答：

【思考过程】：...

【最终答案】：AB / BCE / CD / DE / E / ...（只输出选项的编号，不要写选项内容）

示例：
题目：医疗伦理中四大基本原则是？
A.尊重自主权
B.善意行为
C.无害原则
D.公正原则
E.以上都不是
【思考过程】：本题考查医学伦理的四大基本原则，包括尊重自主权、不伤害原则、行善原则、公正原则。

【最终答案】：ABCD

题目：以下关于急危重症处置的描述中，哪一项违反了医疗机构诊疗活动的规定？
A.实施保护性医疗时未告知患者家属用药方案
B.未经患者家属签字确认便开展高风险急救手术
C.在实施保护性医疗措施的同时取得患者配偶及同事的配合
D.因联系不上家属而延迟采取保护性医疗措施
【思考过程】：
",BD,客观题
急危重症处置,"你是一个严格按照要求答题的医学考试考生。请你先展示出完整的思考过程，然后再输出最终答案。每道题目有至少两个选项（A、B）至多五个选项（A、B、C、D、E），题目为不定项选择题，请按照以下格式作答：

【思考过程】：...

【最终答案】：AB / BCE / CD / DE / E / ...（只输出选项的编号，不要写选项内容）

示例：
题目：医疗伦理中四大基本原则是？
A.尊重自主权
B.善意行为
C.无害原则
D.公正原则
E.以上都不是
【思考过程】：本题考查医学伦理的四大基本原则，包括尊重自主权、不伤害原则、行善原则、公正原则。

【最终答案】：ABCD

题目：在急危重症患者意识清醒但情绪极度不稳定的情况下，医疗机构在开展抢救性气管插管前，下列哪项做法符合伦理规定？
A.为避免刺激患者，直接实施操作后补充法律文件
B.由实习医生向患者说明操作风险后即刻实施
C.主治医师未经评估将预后不良信息全盘告知患者
D.因患者情绪不稳定，医生仅向家属详细解释治疗方案，未直接告知患者
【思考过程】：
",D,客观题
急危重症处置,"你是一个严格按照要求答题的医学考试考生。请你先展示出完整的思考过程，然后再输出最终答案。每道题目有至少两个选项（A、B）至多五个选项（A、B、C、D、E），题目为不定项选择题，请按照以下格式作答：

【思考过程】：...

【最终答案】：AB / BCE / CD / DE / E / ...（只输出选项的编号，不要写选项内容）

示例：
题目：医疗伦理中四大基本原则是？
A.尊重自主权
B.善意行为
C.无害原则
D.公正原则
E.以上都不是
【思考过程】：本题考查医学伦理的四大基本原则，包括尊重自主权、不伤害原则、行善原则、公正原则。

【最终答案】：ABCD

题目：以下哪种情形属于《医疗技术临床应用管理条例》中定义的“特殊检查、特殊治疗”？
A. 需全身麻醉的无痛肠镜检查且有术后感染风险
B. 对青霉素过敏患者家族中有过敏史者使用头孢菌素
C. 新研发的肿瘤靶向药物Ⅲ期临床试验
D. 需自费的基因测序项目预计花费6万元
E. 使用常规剂量抗凝药物后出现的轻微牙龈出血
【思考过程】：
",ACD,客观题
急危重症处置,"你是一个严格按照要求答题的医学考试考生。请你先展示出完整的思考过程，然后再输出最终答案。每道题目有至少两个选项（A、B）至多五个选项（A、B、C、D、E），题目为不定项选择题，请按照以下格式作答：

【思考过程】：...

【最终答案】：AB / BCE / CD / DE / E / ...（只输出选项的编号，不要写选项内容）

示例：
题目：医疗伦理中四大基本原则是？
A.尊重自主权
B.善意行为
C.无害原则
D.公正原则
E.以上都不是
【思考过程】：本题考查医学伦理的四大基本原则，包括尊重自主权、不伤害原则、行善原则、公正原则。

【最终答案】：ABCD

题目：在急危重症处置中，以下哪种情形医务人员可以立即实施相应医疗措施？
A.患者昏迷且家属在场但拒绝签署同意书
B.经主治医师自主判断后认为需要紧急救治时
C.紧急情况下无法取得患者及其近亲属意见，并经医院负责人批准
D.患者意识清醒但拒绝治疗，但医务人员认为有必要时
【思考过程】：
",C,客观题
急危重症处置,"你是一个严格按照要求答题的医学考试考生。请你先展示出完整的思考过程，然后再输出最终答案。每道题目有至少两个选项（A、B）至多五个选项（A、B、C、D、E），题目为不定项选择题，请按照以下格式作答：

【思考过程】：...

【最终答案】：AB / BCE / CD / DE / E / ...（只输出选项的编号，不要写选项内容）

示例：
题目：医疗伦理中四大基本原则是？
A.尊重自主权
B.善意行为
C.无害原则
D.公正原则
E.以上都不是
【思考过程】：本题考查医学伦理的四大基本原则，包括尊重自主权、不伤害原则、行善原则、公正原则。

【最终答案】：ABCD

题目：在急危重症处置中，医疗机构开展高风险的诊疗活动时，以下哪项行为属于法律规定的义务？
A.在诊疗结束后对风险进行复盘分析
B.提前制定详细的应急方案
C.未经患者授权直接启动紧急预案
D.主动评估潜在并发症并准备应对措施
E.针对可能延误的情况及时完成替代治疗方案
【思考过程】：
",BDE,客观题
急危重症处置,"你是一个严格按照要求答题的医学考试考生。请你先展示出完整的思考过程，然后再输出最终答案。每道题目有至少两个选项（A、B）至多五个选项（A、B、C、D、E），题目为不定项选择题，请按照以下格式作答：

【思考过程】：...

【最终答案】：AB / BCE / CD / DE / E / ...（只输出选项的编号，不要写选项内容）

示例：
题目：医疗伦理中四大基本原则是？
A.尊重自主权
B.善意行为
C.无害原则
D.公正原则
E.以上都不是
【思考过程】：本题考查医学伦理的四大基本原则，包括尊重自主权、不伤害原则、行善原则、公正原则。

【最终答案】：ABCD

题目：根据《病历书写基本规范》，对于急危重症抢救中未能及时书写病历的情况，以下哪一做法符合规定？
A.抢救结束后24小时内补记并口头说明情况
B.立即补记无需额外注明
C.由护士代为记录抢救过程
D.医务人员在6小时内补记并注明抢救情况
E.使用未完全记录的病历直接存档
【思考过程】：
",D,客观题
急危重症处置,"你是一个严格按照要求答题的医学考试考生。请你先展示出完整的思考过程，然后再输出最终答案。每道题目有至少两个选项（A、B）至多五个选项（A、B、C、D、E），题目为不定项选择题，请按照以下格式作答：

【思考过程】：...

【最终答案】：AB / BCE / CD / DE / E / ...（只输出选项的编号，不要写选项内容）

示例：
题目：医疗伦理中四大基本原则是？
A.尊重自主权
B.善意行为
C.无害原则
D.公正原则
E.以上都不是
【思考过程】：本题考查医学伦理的四大基本原则，包括尊重自主权、不伤害原则、行善原则、公正原则。

【最终答案】：ABCD

题目：患者死亡后，医患双方对死因提出异议且具备尸体冻存条件时，尸检最迟应在死亡后多长时间内进行？
A.48小时
B.5日
C.7日
D.10日
E.14日
【思考过程】：
",C,客观题
急危重症处置,"你是一个严格按照要求答题的医学考试考生。请你先展示出完整的思考过程，然后再输出最终答案。每道题目有至少两个选项（A、B）至多五个选项（A、B、C、D、E），题目为不定项选择题，请按照以下格式作答：

【思考过程】：...

【最终答案】：AB / BCE / CD / DE / E / ...（只输出选项的编号，不要写选项内容）

示例：
题目：医疗伦理中四大基本原则是？
A.尊重自主权
B.善意行为
C.无害原则
D.公正原则
E.以上都不是
【思考过程】：本题考查医学伦理的四大基本原则，包括尊重自主权、不伤害原则、行善原则、公正原则。

【最终答案】：ABCD

题目：关于危重孕产妇救治中心的分娩现场人员配置，以下哪种情况符合规定？
A.由未经培训的助产士独立值守
B.1名持有新生儿复苏资质证明的麻醉科医师在场
C.2名普通儿科住院医师参与分娩
D.产科主任与1名未接受复苏培训的护士共同在场
E.分娩时仅产科医生在场并由其他科室视频会诊支持
【思考过程】：
",B,客观题
急危重症处置,"你是一个严格按照要求答题的医学考试考生。请你先展示出完整的思考过程，然后再输出最终答案。每道题目有至少两个选项（A、B）至多五个选项（A、B、C、D、E），题目为不定项选择题，请按照以下格式作答：

【思考过程】：...

【最终答案】：AB / BCE / CD / DE / E / ...（只输出选项的编号，不要写选项内容）

示例：
题目：医疗伦理中四大基本原则是？
A.尊重自主权
B.善意行为
C.无害原则
D.公正原则
E.以上都不是
【思考过程】：本题考查医学伦理的四大基本原则，包括尊重自主权、不伤害原则、行善原则、公正原则。

【最终答案】：ABCD

题目：危重孕产妇救治中心应针对以下哪些孕产妇和新生儿主要死因制定应急预案并完善抢救程序？
A.产后出血
B.新生儿窒息
C.胎盘早剥
D.脐带脱垂
E.子痫前期
【思考过程】：
",AB,客观题
急危重症处置,"你是一个严格按照要求答题的医学考试考生。请你先展示出完整的思考过程，然后再输出最终答案。每道题目有至少两个选项（A、B）至多五个选项（A、B、C、D、E），题目为不定项选择题，请按照以下格式作答：

【思考过程】：...

【最终答案】：AB / BCE / CD / DE / E / ...（只输出选项的编号，不要写选项内容）

示例：
题目：医疗伦理中四大基本原则是？
A.尊重自主权
B.善意行为
C.无害原则
D.公正原则
E.以上都不是
【思考过程】：本题考查医学伦理的四大基本原则，包括尊重自主权、不伤害原则、行善原则、公正原则。

【最终答案】：ABCD

题目：以下哪些措施符合危重孕产妇救治中心的能力建设要求？
A.每季度开展2次专项技能培训
B.每季度开展1次急救演练
C.紧急剖宫产DDI时间上限为30分钟
D.每月开展1次专项培训且DDI时间为30分钟
E.允许DDI时间延长至35分钟
【思考过程】：
",BC,客观题
急危重症处置,"你是一个严格按照要求答题的医学考试考生。请你先展示出完整的思考过程，然后再输出最终答案。每道题目有至少两个选项（A、B）至多五个选项（A、B、C、D、E），题目为不定项选择题，请按照以下格式作答：

【思考过程】：...

【最终答案】：AB / BCE / CD / DE / E / ...（只输出选项的编号，不要写选项内容）

示例：
题目：医疗伦理中四大基本原则是？
A.尊重自主权
B.善意行为
C.无害原则
D.公正原则
E.以上都不是
【思考过程】：本题考查医学伦理的四大基本原则，包括尊重自主权、不伤害原则、行善原则、公正原则。

【最终答案】：ABCD

题目：危重孕产妇救治中心必须建立以下哪些特定制度？
A.高危孕产妇随访制度
B.高危妊娠管理制度
C.孕产妇危重症评审制度
D.孕产妇急救培训制度
E.孕产妇死亡评审制度
【思考过程】：
",BCE,客观题
急危重症处置,"你是一个严格按照要求答题的医学考试考生。请你先展示出完整的思考过程，然后再输出最终答案。每道题目有至少两个选项（A、B）至多五个选项（A、B、C、D、E），题目为不定项选择题，请按照以下格式作答：

【思考过程】：...

【最终答案】：AB / BCE / CD / DE / E / ...（只输出选项的编号，不要写选项内容）

示例：
题目：医疗伦理中四大基本原则是？
A.尊重自主权
B.善意行为
C.无害原则
D.公正原则
E.以上都不是
【思考过程】：本题考查医学伦理的四大基本原则，包括尊重自主权、不伤害原则、行善原则、公正原则。

【最终答案】：ABCD

题目：以下哪种情况一般不属于重症医学科的收治范围？
A.高血压危象伴急性心衰
B.晚期恶性肿瘤合并全身恶液质
C.急性呼吸窘迫综合征需机械通气
D.严重阿尔茨海默病终末期
E.终末期肝硬化伴多器官功能衰竭
【思考过程】：
",BDE,客观题
急危重症处置,"你是一个严格按照要求答题的医学考试考生。请你先展示出完整的思考过程，然后再输出最终答案。每道题目有至少两个选项（A、B）至多五个选项（A、B、C、D、E），题目为不定项选择题，请按照以下格式作答：

【思考过程】：...

【最终答案】：AB / BCE / CD / DE / E / ...（只输出选项的编号，不要写选项内容）

示例：
题目：医疗伦理中四大基本原则是？
A.尊重自主权
B.善意行为
C.无害原则
D.公正原则
E.以上都不是
【思考过程】：本题考查医学伦理的四大基本原则，包括尊重自主权、不伤害原则、行善原则、公正原则。

【最终答案】：ABCD

题目：当患者或其家属不同意继续在重症医学科治疗时，医院应当如何处理？
A.需患者和家属双方均明确拒绝才能转出
B.患者或家属中任一主体拒绝即可转出
C.继续采取必要急救措施后再评估转出
D.由伦理委员会审查同意后方可转出
【思考过程】：
",B,客观题
急危重症处置,"你是一个严格按照要求答题的医学考试考生。请你先展示出完整的思考过程，然后再输出最终答案。每道题目有至少两个选项（A、B）至多五个选项（A、B、C、D、E），题目为不定项选择题，请按照以下格式作答：

【思考过程】：...

【最终答案】：AB / BCE / CD / DE / E / ...（只输出选项的编号，不要写选项内容）

示例：
题目：医疗伦理中四大基本原则是？
A.尊重自主权
B.善意行为
C.无害原则
D.公正原则
E.以上都不是
【思考过程】：本题考查医学伦理的四大基本原则，包括尊重自主权、不伤害原则、行善原则、公正原则。

【最终答案】：ABCD

题目：在急危重症处置中，关于非医务人员访视的规定，以下哪几项属于正确做法？
A.访视前必须经过必要性评估
B.必要时可不限制访视时间
C.访视人数不得超过2人同时进入
D.无需防护用具可接触患者
E.每次访视时长需控制在15分钟内
【思考过程】：
",ACE,客观题
急危重症处置,"你是一个严格按照要求答题的医学考试考生。请你先展示出完整的思考过程，然后再输出最终答案。每道题目有至少两个选项（A、B）至多五个选项（A、B、C、D、E），题目为不定项选择题，请按照以下格式作答：

【思考过程】：...

【最终答案】：AB / BCE / CD / DE / E / ...（只输出选项的编号，不要写选项内容）

示例：
题目：医疗伦理中四大基本原则是？
A.尊重自主权
B.善意行为
C.无害原则
D.公正原则
E.以上都不是
【思考过程】：本题考查医学伦理的四大基本原则，包括尊重自主权、不伤害原则、行善原则、公正原则。

【最终答案】：ABCD

题目：在急危重症病人抢救过程中，以下哪些措施是法规明确要求的必要步骤？
A. 允许主治医师暂时离开现场处理其他急诊患者，B. 对于意识模糊患者采用约束带实施强制性体位固定，C. 迅速开放静脉通道并实时进行生命支持，D. 填写病危/病重通知单并告知家属病情
【思考过程】：
",CD,客观题
基因干细胞诊疗,"你是一个严格按照要求答题的医学考试考生。请你先展示出完整的思考过程，然后再输出最终答案。每道题目有至少两个选项（A、B）至多五个选项（A、B、C、D、E），题目为不定项选择题，请按照以下格式作答：

【思考过程】：...

【最终答案】：AB / BCE / CD / DE / E / ...（只输出选项的编号，不要写选项内容）

示例：
题目：医疗伦理中四大基本原则是？
A.尊重自主权
B.善意行为
C.无害原则
D.公正原则
E.以上都不是
【思考过程】：本题考查医学伦理的四大基本原则，包括尊重自主权、不伤害原则、行善原则、公正原则。

【最终答案】：ABCD

题目：以下哪种行为违反了完全民事行为能力人关于基因干细胞捐献的相关规定？
A.医生利用职务之便强制患者捐献干细胞
B.机构假冒公益项目名义诱导捐献
C.未经本人同意使用其已捐献的干细胞样本
D.以提供免费旅游机会为条件换取捐献
E.经本人签字确认的无偿捐献协议
【思考过程】：
",ABD,客观题
基因干细胞诊疗,"你是一个严格按照要求答题的医学考试考生。请你先展示出完整的思考过程，然后再输出最终答案。每道题目有至少两个选项（A、B）至多五个选项（A、B、C、D、E），题目为不定项选择题，请按照以下格式作答：

【思考过程】：...

【最终答案】：AB / BCE / CD / DE / E / ...（只输出选项的编号，不要写选项内容）

示例：
题目：医疗伦理中四大基本原则是？
A.尊重自主权
B.善意行为
C.无害原则
D.公正原则
E.以上都不是
【思考过程】：本题考查医学伦理的四大基本原则，包括尊重自主权、不伤害原则、行善原则、公正原则。

【最终答案】：ABCD

题目：以下哪种情形违反了禁止人体细胞、组织买卖的法律规定？
A.经红十字会批准后进行脐带血交易
B.自愿无偿转让皮肤组织用于科研
C.以公益为目的批量购买骨髓干细胞
D.在遗体捐献登记机构办理器官捐献手续
E.某机构宣称补偿营养费获得病人肿瘤标本
【思考过程】：
",E,客观题
基因干细胞诊疗,"你是一个严格按照要求答题的医学考试考生。请你先展示出完整的思考过程，然后再输出最终答案。每道题目有至少两个选项（A、B）至多五个选项（A、B、C、D、E），题目为不定项选择题，请按照以下格式作答：

【思考过程】：...

【最终答案】：AB / BCE / CD / DE / E / ...（只输出选项的编号，不要写选项内容）

示例：
题目：医疗伦理中四大基本原则是？
A.尊重自主权
B.善意行为
C.无害原则
D.公正原则
E.以上都不是
【思考过程】：本题考查医学伦理的四大基本原则，包括尊重自主权、不伤害原则、行善原则、公正原则。

【最终答案】：ABCD

题目：在基因干细胞诊疗中，以下哪种情况下医疗机构需要承担赔偿责任？
A.医务人员在手术中操作失误导致患者损伤
B.患者因自身体质原因出现未预见的排异反应
C.医疗机构未充分告知诊疗风险且患者出现后遗症
D.医疗器械突然故障但医院已定期维护
【思考过程】：
",AC,客观题
基因干细胞诊疗,"你是一个严格按照要求答题的医学考试考生。请你先展示出完整的思考过程，然后再输出最终答案。每道题目有至少两个选项（A、B）至多五个选项（A、B、C、D、E），题目为不定项选择题，请按照以下格式作答：

【思考过程】：...

【最终答案】：AB / BCE / CD / DE / E / ...（只输出选项的编号，不要写选项内容）

示例：
题目：医疗伦理中四大基本原则是？
A.尊重自主权
B.善意行为
C.无害原则
D.公正原则
E.以上都不是
【思考过程】：本题考查医学伦理的四大基本原则，包括尊重自主权、不伤害原则、行善原则、公正原则。

【最终答案】：ABCD

题目：在基因干细胞诊疗中，以下哪些情况符合医务人员应尽的义务？
A.常规诊疗中向患者说明病情和基础医疗措施
B.在实施基因干细胞移植前，向患者详细说明医疗风险和替代治疗方案
C.在患者拒绝听取说明时，无需进一步沟通直接进行治疗
D.患者因昏迷无法知情同意时，向其近亲属说明并取得明确同意
E.对特殊检查仅进行口头告知并获得患者口头默许
【思考过程】：
",ABD,客观题
基因干细胞诊疗,"你是一个严格按照要求答题的医学考试考生。请你先展示出完整的思考过程，然后再输出最终答案。每道题目有至少两个选项（A、B）至多五个选项（A、B、C、D、E），题目为不定项选择题，请按照以下格式作答：

【思考过程】：...

【最终答案】：AB / BCE / CD / DE / E / ...（只输出选项的编号，不要写选项内容）

示例：
题目：医疗伦理中四大基本原则是？
A.尊重自主权
B.善意行为
C.无害原则
D.公正原则
E.以上都不是
【思考过程】：本题考查医学伦理的四大基本原则，包括尊重自主权、不伤害原则、行善原则、公正原则。

【最终答案】：ABCD

题目：在基因干细胞诊疗中，下列哪种情形可能导致医疗机构承担赔偿责任？
A.医务人员因患者无力支付费用而简化诊疗流程
B.医务人员未履行与当时医疗水平相应的诊疗义务
C.诊疗方案与患者宗教信仰冲突但已取得知情同意
D.医疗机构因设备故障导致3小时后才能完成检测
E.医务人员在非紧急情况下采用尚未通过伦理审查的新技术
【思考过程】：
",B,客观题
基因干细胞诊疗,"你是一个严格按照要求答题的医学考试考生。请你先展示出完整的思考过程，然后再输出最终答案。每道题目有至少两个选项（A、B）至多五个选项（A、B、C、D、E），题目为不定项选择题，请按照以下格式作答：

【思考过程】：...

【最终答案】：AB / BCE / CD / DE / E / ...（只输出选项的编号，不要写选项内容）

示例：
题目：医疗伦理中四大基本原则是？
A.尊重自主权
B.善意行为
C.无害原则
D.公正原则
E.以上都不是
【思考过程】：本题考查医学伦理的四大基本原则，包括尊重自主权、不伤害原则、行善原则、公正原则。

【最终答案】：ABCD

题目：患者在基因干细胞诊疗活动中受损害，出现下列哪些情形应推定医疗机构有过错？
A.医务人员未着工作服进行操作
B.机构拒绝提供药物不良反应报告单
C.修改病历增加患者禁忌症记录
D.按医疗废物管理规定销毁过期病历
E.未按卫生部门要求更新诊疗设备
【思考过程】：
",BC,客观题
基因干细胞诊疗,"你是一个严格按照要求答题的医学考试考生。请你先展示出完整的思考过程，然后再输出最终答案。每道题目有至少两个选项（A、B）至多五个选项（A、B、C、D、E），题目为不定项选择题，请按照以下格式作答：

【思考过程】：...

【最终答案】：AB / BCE / CD / DE / E / ...（只输出选项的编号，不要写选项内容）

示例：
题目：医疗伦理中四大基本原则是？
A.尊重自主权
B.善意行为
C.无害原则
D.公正原则
E.以上都不是
【思考过程】：本题考查医学伦理的四大基本原则，包括尊重自主权、不伤害原则、行善原则、公正原则。

【最终答案】：ABCD

题目：在基因干细胞诊疗中，医疗机构在哪些情形下不承担赔偿责任？（多选）
A.医疗机构未告知治疗后可能出现脱发风险
B.医务人员在抢救时实施了合理但并非最佳的诊疗方案
C.患者因宗教信仰拒绝配合标准化治疗流程
D.因医疗设备夜间突发故障导致诊疗失败
E.使用当前未被学术界公认的基因编辑方法导致疗效未达预期
【思考过程】：
",BCE,客观题
基因干细胞诊疗,"你是一个严格按照要求答题的医学考试考生。请你先展示出完整的思考过程，然后再输出最终答案。每道题目有至少两个选项（A、B）至多五个选项（A、B、C、D、E），题目为不定项选择题，请按照以下格式作答：

【思考过程】：...

【最终答案】：AB / BCE / CD / DE / E / ...（只输出选项的编号，不要写选项内容）

示例：
题目：医疗伦理中四大基本原则是？
A.尊重自主权
B.善意行为
C.无害原则
D.公正原则
E.以上都不是
【思考过程】：本题考查医学伦理的四大基本原则，包括尊重自主权、不伤害原则、行善原则、公正原则。

【最终答案】：ABCD

题目：在基因干细胞诊疗中，以下哪种行为可能违反""不实施不必要检查""的医疗伦理规定？
A.对患者进行精准药物基因检测以确定最佳剂量方案
B.在常规基因测序结果正常的情况下，强制追加全外显子组测序
C.连续3周要求重复进行相同诱导多能干细胞功能指标检测
D.根据疑似遗传病史开展针对性基因筛查
【思考过程】：
",BC,客观题
基因干细胞诊疗,"你是一个严格按照要求答题的医学考试考生。请你先展示出完整的思考过程，然后再输出最终答案。每道题目有至少两个选项（A、B）至多五个选项（A、B、C、D、E），题目为不定项选择题，请按照以下格式作答：

【思考过程】：...

【最终答案】：AB / BCE / CD / DE / E / ...（只输出选项的编号，不要写选项内容）

示例：
题目：医疗伦理中四大基本原则是？
A.尊重自主权
B.善意行为
C.无害原则
D.公正原则
E.以上都不是
【思考过程】：本题考查医学伦理的四大基本原则，包括尊重自主权、不伤害原则、行善原则、公正原则。

【最终答案】：ABCD

题目：根据相关法律法规，以下哪种情形需要依法获得批准？
A.境外组织获取我国普通植物种子用于商品贸易
B.境内科研机构利用本地常见动物细胞进行疫苗研发
C.境外个人实际控制的机构采集我国珍贵龟类基因样本
D.我国非政府组织运输大额现金至境外
E.大学实验室保存患者自愿捐赠的普通皮肤细胞
【思考过程】：
",C,客观题
基因干细胞诊疗,"你是一个严格按照要求答题的医学考试考生。请你先展示出完整的思考过程，然后再输出最终答案。每道题目有至少两个选项（A、B）至多五个选项（A、B、C、D、E），题目为不定项选择题，请按照以下格式作答：

【思考过程】：...

【最终答案】：AB / BCE / CD / DE / E / ...（只输出选项的编号，不要写选项内容）

示例：
题目：医疗伦理中四大基本原则是？
A.尊重自主权
B.善意行为
C.无害原则
D.公正原则
E.以上都不是
【思考过程】：本题考查医学伦理的四大基本原则，包括尊重自主权、不伤害原则、行善原则、公正原则。

【最终答案】：ABCD

题目：以下哪种活动不需要经国务院科学技术主管部门批准？
A.采集我国重要遗传家系的人类遗传资源
B.保藏用于临床诊疗的人类遗传资源
C.与国外机构合作开展人类遗传资源研究
D.将人类遗传资源材料携带出境
E.为采供血服务而采集人类遗传资源
【思考过程】：
",BE,客观题
基因干细胞诊疗,"你是一个严格按照要求答题的医学考试考生。请你先展示出完整的思考过程，然后再输出最终答案。每道题目有至少两个选项（A、B）至多五个选项（A、B、C、D、E），题目为不定项选择题，请按照以下格式作答：

【思考过程】：...

【最终答案】：AB / BCE / CD / DE / E / ...（只输出选项的编号，不要写选项内容）

示例：
题目：医疗伦理中四大基本原则是？
A.尊重自主权
B.善意行为
C.无害原则
D.公正原则
E.以上都不是
【思考过程】：本题考查医学伦理的四大基本原则，包括尊重自主权、不伤害原则、行善原则、公正原则。

【最终答案】：ABCD

题目：在实施基因干细胞诊疗（属于特殊治疗）前，医疗卫生人员必须向患者说明以下哪些内容？
A.医疗风险
B.替代医疗方案
C.医疗费用
D.医生的学术背景
E.治疗的成功率
【思考过程】：
",AB,客观题
基因干细胞诊疗,"你是一个严格按照要求答题的医学考试考生。请你先展示出完整的思考过程，然后再输出最终答案。每道题目有至少两个选项（A、B）至多五个选项（A、B、C、D、E），题目为不定项选择题，请按照以下格式作答：

【思考过程】：...

【最终答案】：AB / BCE / CD / DE / E / ...（只输出选项的编号，不要写选项内容）

示例：
题目：医疗伦理中四大基本原则是？
A.尊重自主权
B.善意行为
C.无害原则
D.公正原则
E.以上都不是
【思考过程】：本题考查医学伦理的四大基本原则，包括尊重自主权、不伤害原则、行善原则、公正原则。

【最终答案】：ABCD

题目：在基因干细胞诊疗过程中，以下哪些行为可能违反相关医学伦理规范？
A.医生根据患者经济条件推荐价格更高的非必要附加治疗项目
B.在未充分告知的情况下对轻度病患实施多次干细胞静脉注射
C.手术结束后收取患者赠送的超市购物卡
D.对术后焦虑患者进行免费心理疏导指导
【思考过程】：
",ABC,客观题
基因干细胞诊疗,"你是一个严格按照要求答题的医学考试考生。请你先展示出完整的思考过程，然后再输出最终答案。每道题目有至少两个选项（A、B）至多五个选项（A、B、C、D、E），题目为不定项选择题，请按照以下格式作答：

【思考过程】：...

【最终答案】：AB / BCE / CD / DE / E / ...（只输出选项的编号，不要写选项内容）

示例：
题目：医疗伦理中四大基本原则是？
A.尊重自主权
B.善意行为
C.无害原则
D.公正原则
E.以上都不是
【思考过程】：本题考查医学伦理的四大基本原则，包括尊重自主权、不伤害原则、行善原则、公正原则。

【最终答案】：ABCD

题目：以下哪些行为违反了我国关于人类遗传资源管理的规定？
A.外国机构在我国境内独立采集人类干细胞样本
B.外企在华建立的人类遗传资源数据库未经批准传输至境外服务器
C.境外组织与境内医院合作开展基因突变特征研究
D.境外个人将采购的医用离心机出口至其国籍国
E.外籍研究员向其所属机构发送包含我国人群基因分析数据的论文原稿
【思考过程】：
",ABE,客观题
基因干细胞诊疗,"你是一个严格按照要求答题的医学考试考生。请你先展示出完整的思考过程，然后再输出最终答案。每道题目有至少两个选项（A、B）至多五个选项（A、B、C、D、E），题目为不定项选择题，请按照以下格式作答：

【思考过程】：...

【最终答案】：AB / BCE / CD / DE / E / ...（只输出选项的编号，不要写选项内容）

示例：
题目：医疗伦理中四大基本原则是？
A.尊重自主权
B.善意行为
C.无害原则
D.公正原则
E.以上都不是
【思考过程】：本题考查医学伦理的四大基本原则，包括尊重自主权、不伤害原则、行善原则、公正原则。

【最终答案】：ABCD

题目：在进行下列哪些活动时，必须取得我国人类遗传资源提供者的知情同意并尊重其隐私权？
A.采集
B.保藏
C.利用
D.对外提供
E.数据匿名化
【思考过程】：
",ABCD,客观题
基因干细胞诊疗,"你是一个严格按照要求答题的医学考试考生。请你先展示出完整的思考过程，然后再输出最终答案。每道题目有至少两个选项（A、B）至多五个选项（A、B、C、D、E），题目为不定项选择题，请按照以下格式作答：

【思考过程】：...

【最终答案】：AB / BCE / CD / DE / E / ...（只输出选项的编号，不要写选项内容）

示例：
题目：医疗伦理中四大基本原则是？
A.尊重自主权
B.善意行为
C.无害原则
D.公正原则
E.以上都不是
【思考过程】：本题考查医学伦理的四大基本原则，包括尊重自主权、不伤害原则、行善原则、公正原则。

【最终答案】：ABCD

题目：以下哪种行为不视为买卖人类遗传资源？
A.某生物公司购买某家族罕见病基因序列用于开发检测试剂盒
B.某机构为科研合作向国外实验室提供人类遗传资源样本，并收取样本运输和处理的成本费用
C.某医院为患者提供基因诊疗服务时留存其干细胞样本用于后续临床研究
D.某企业将收集的少数民族基因数据以高额利润授权给药企使用
E.个人通过社交媒体平台私下交易自身基因检测数据
【思考过程】：
",B,客观题
基因干细胞诊疗,"你是一个严格按照要求答题的医学考试考生。请你先展示出完整的思考过程，然后再输出最终答案。每道题目有至少两个选项（A、B）至多五个选项（A、B、C、D、E），题目为不定项选择题，请按照以下格式作答：

【思考过程】：...

【最终答案】：AB / BCE / CD / DE / E / ...（只输出选项的编号，不要写选项内容）

示例：
题目：医疗伦理中四大基本原则是？
A.尊重自主权
B.善意行为
C.无害原则
D.公正原则
E.以上都不是
【思考过程】：本题考查医学伦理的四大基本原则，包括尊重自主权、不伤害原则、行善原则、公正原则。

【最终答案】：ABCD

题目：以下哪些属于干细胞临床研究必须遵循的原则？
A.科学原则
B.规范原则
C.适度保护受试者权益原则
D.提高研究效率原则
E.保护研究者知识产权原则
【思考过程】：
",AB,客观题
基因干细胞诊疗,"你是一个严格按照要求答题的医学考试考生。请你先展示出完整的思考过程，然后再输出最终答案。每道题目有至少两个选项（A、B）至多五个选项（A、B、C、D、E），题目为不定项选择题，请按照以下格式作答：

【思考过程】：...

【最终答案】：AB / BCE / CD / DE / E / ...（只输出选项的编号，不要写选项内容）

示例：
题目：医疗伦理中四大基本原则是？
A.尊重自主权
B.善意行为
C.无害原则
D.公正原则
E.以上都不是
【思考过程】：本题考查医学伦理的四大基本原则，包括尊重自主权、不伤害原则、行善原则、公正原则。

【最终答案】：ABCD

题目：以下哪项不属于开展干细胞临床研究的医疗机构的职责？
A.立项审查
B.登记备案
C.对医务人员进行干细胞操作培训
D.全过程质量管理和风险管控
E.干细胞制剂制备监督
【思考过程】：
",C,客观题
基因干细胞诊疗,"你是一个严格按照要求答题的医学考试考生。请你先展示出完整的思考过程，然后再输出最终答案。每道题目有至少两个选项（A、B）至多五个选项（A、B、C、D、E），题目为不定项选择题，请按照以下格式作答：

【思考过程】：...

【最终答案】：AB / BCE / CD / DE / E / ...（只输出选项的编号，不要写选项内容）

示例：
题目：医疗伦理中四大基本原则是？
A.尊重自主权
B.善意行为
C.无害原则
D.公正原则
E.以上都不是
【思考过程】：本题考查医学伦理的四大基本原则，包括尊重自主权、不伤害原则、行善原则、公正原则。

【最终答案】：ABCD

题目：以下哪些行为违反了基因干细胞诊疗机构的相关规定？
A.向受试者收取干细胞临床研究费用
B.使用受试者住院期间的数据进行病例分析
C.通过自媒体平台宣传治疗效果
D.要求患者支付药物成本费
E.在机构官网展示成功案例
【思考过程】：
",ACE,客观题
基因干细胞诊疗,"你是一个严格按照要求答题的医学考试考生。请你先展示出完整的思考过程，然后再输出最终答案。每道题目有至少两个选项（A、B）至多五个选项（A、B、C、D、E），题目为不定项选择题，请按照以下格式作答：

【思考过程】：...

【最终答案】：AB / BCE / CD / DE / E / ...（只输出选项的编号，不要写选项内容）

示例：
题目：医疗伦理中四大基本原则是？
A.尊重自主权
B.善意行为
C.无害原则
D.公正原则
E.以上都不是
【思考过程】：本题考查医学伦理的四大基本原则，包括尊重自主权、不伤害原则、行善原则、公正原则。

【最终答案】：ABCD

题目：以下哪项是干细胞临床研究机构必须满足的条件？
A.承担干细胞研究领域重要研究项目
B.具有充足的来源于政府的基础科研经费支持
C.确保干细胞来源合法且多样化
D.具备完整的干细胞质量控制条件和质量管理体系
E.研究负责人需具备副高级专业技术职称
【思考过程】：
",D,客观题
基因干细胞诊疗,"你是一个严格按照要求答题的医学考试考生。请你先展示出完整的思考过程，然后再输出最终答案。每道题目有至少两个选项（A、B）至多五个选项（A、B、C、D、E），题目为不定项选择题，请按照以下格式作答：

【思考过程】：...

【最终答案】：AB / BCE / CD / DE / E / ...（只输出选项的编号，不要写选项内容）

示例：
题目：医疗伦理中四大基本原则是？
A.尊重自主权
B.善意行为
C.无害原则
D.公正原则
E.以上都不是
【思考过程】：本题考查医学伦理的四大基本原则，包括尊重自主权、不伤害原则、行善原则、公正原则。

【最终答案】：ABCD

题目：干细胞临床研究机构必须具有以下哪种措施或机制？
A.独立的新药研发实验室
B.防范研究风险的管理机制
C.建立独立的干细胞临床研究随访档案
D.与省级医疗机构建立联合救治流程
【思考过程】：
",B,客观题
基因干细胞诊疗,"你是一个严格按照要求答题的医学考试考生。请你先展示出完整的思考过程，然后再输出最终答案。每道题目有至少两个选项（A、B）至多五个选项（A、B、C、D、E），题目为不定项选择题，请按照以下格式作答：

【思考过程】：...

【最终答案】：AB / BCE / CD / DE / E / ...（只输出选项的编号，不要写选项内容）

示例：
题目：医疗伦理中四大基本原则是？
A.尊重自主权
B.善意行为
C.无害原则
D.公正原则
E.以上都不是
【思考过程】：本题考查医学伦理的四大基本原则，包括尊重自主权、不伤害原则、行善原则、公正原则。

【最终答案】：ABCD

题目：根据法规要求，干细胞临床研究机构必须具备以下哪类委员会？
A.数据安全委员会与医疗技术委员会
B.由高水平专家组成的学术委员会和伦理委员会
C.普通医务委员会和患者权益委员会
D.单独的伦理委员会及后勤保障委员会
【思考过程】：
",B,客观题
基因干细胞诊疗,"你是一个严格按照要求答题的医学考试考生。请你先展示出完整的思考过程，然后再输出最终答案。每道题目有至少两个选项（A、B）至多五个选项（A、B、C、D、E），题目为不定项选择题，请按照以下格式作答：

【思考过程】：...

【最终答案】：AB / BCE / CD / DE / E / ...（只输出选项的编号，不要写选项内容）

示例：
题目：医疗伦理中四大基本原则是？
A.尊重自主权
B.善意行为
C.无害原则
D.公正原则
E.以上都不是
【思考过程】：本题考查医学伦理的四大基本原则，包括尊重自主权、不伤害原则、行善原则、公正原则。

【最终答案】：ABCD

题目：以下哪些条件是干细胞临床研究机构必须满足的？
A.具备三级乙等医院资质，B.获得医疗器械临床试验机构资格，C.具有住院医师规范化培训基地认证，D.建立干细胞制剂质量受权人制度，E.项目负责人需获得省级以上科研奖励
【思考过程】：
",D,客观题
基因干细胞诊疗,"你是一个严格按照要求答题的医学考试考生。请你先展示出完整的思考过程，然后再输出最终答案。每道题目有至少两个选项（A、B）至多五个选项（A、B、C、D、E），题目为不定项选择题，请按照以下格式作答：

【思考过程】：...

【最终答案】：AB / BCE / CD / DE / E / ...（只输出选项的编号，不要写选项内容）

示例：
题目：医疗伦理中四大基本原则是？
A.尊重自主权
B.善意行为
C.无害原则
D.公正原则
E.以上都不是
【思考过程】：本题考查医学伦理的四大基本原则，包括尊重自主权、不伤害原则、行善原则、公正原则。

【最终答案】：ABCD

题目：机构伦理委员会的组成应当满足以下哪些条件？
A.总人数不少于5位
B.包含来自法学领域的专业人员
C.不包含非专业的社会人士
D.总人数不少于7人
E.包含经济学领域的专家
【思考过程】：
",BD,客观题
基因干细胞诊疗,"你是一个严格按照要求答题的医学考试考生。请你先展示出完整的思考过程，然后再输出最终答案。每道题目有至少两个选项（A、B）至多五个选项（A、B、C、D、E），题目为不定项选择题，请按照以下格式作答：

【思考过程】：...

【最终答案】：AB / BCE / CD / DE / E / ...（只输出选项的编号，不要写选项内容）

示例：
题目：医疗伦理中四大基本原则是？
A.尊重自主权
B.善意行为
C.无害原则
D.公正原则
E.以上都不是
【思考过程】：本题考查医学伦理的四大基本原则，包括尊重自主权、不伤害原则、行善原则、公正原则。

【最终答案】：ABCD

题目：根据相关法律法规，以下哪些机构应当监督干细胞临床研究项目的立项前审查？
A.国家干细胞临床研究专家委员会和伦理专家委员会
B.市级干细胞伦理审查委员会
C.机构内部科研评审组
D.省级疾病预防控制中心
E.省级干细胞临床研究专家委员会和伦理专家委员会
【思考过程】：
",AE,客观题
基因干细胞诊疗,"你是一个严格按照要求答题的医学考试考生。请你先展示出完整的思考过程，然后再输出最终答案。每道题目有至少两个选项（A、B）至多五个选项（A、B、C、D、E），题目为不定项选择题，请按照以下格式作答：

【思考过程】：...

【最终答案】：AB / BCE / CD / DE / E / ...（只输出选项的编号，不要写选项内容）

示例：
题目：医疗伦理中四大基本原则是？
A.尊重自主权
B.善意行为
C.无害原则
D.公正原则
E.以上都不是
【思考过程】：本题考查医学伦理的四大基本原则，包括尊重自主权、不伤害原则、行善原则、公正原则。

【最终答案】：ABCD

题目：以下哪些措施属于机构在基因干细胞诊疗研究中保障受试者权益的必要环节？
A.研究方案中明确风险预判和双重盲法设计
B.伦理委员会对研究风险进行分级评估
C.为高风险项目建立第三方商业保险机制
D.每月向监管机构提交经费使用报告
E.对高风险项目实施人员资质强化审查
【思考过程】：
",BCE,客观题
基因干细胞诊疗,"你是一个严格按照要求答题的医学考试考生。请你先展示出完整的思考过程，然后再输出最终答案。每道题目有至少两个选项（A、B）至多五个选项（A、B、C、D、E），题目为不定项选择题，请按照以下格式作答：

【思考过程】：...

【最终答案】：AB / BCE / CD / DE / E / ...（只输出选项的编号，不要写选项内容）

示例：
题目：医疗伦理中四大基本原则是？
A.尊重自主权
B.善意行为
C.无害原则
D.公正原则
E.以上都不是
【思考过程】：本题考查医学伦理的四大基本原则，包括尊重自主权、不伤害原则、行善原则、公正原则。

【最终答案】：ABCD

题目：以下哪种情况符合干细胞临床研究的适应症要求？
A.治疗效果与现有药物相似但费用较低
B.用于尚无有效治疗方法的重度抑郁症
C.针对普通季节性流感的预防研究
D.早期临床试验中效果尚不明确但可能替代现有手术的方案
E.改善因疾病导致的严重生存质量下降
【思考过程】：
",BE,客观题
基因干细胞诊疗,"你是一个严格按照要求答题的医学考试考生。请你先展示出完整的思考过程，然后再输出最终答案。每道题目有至少两个选项（A、B）至多五个选项（A、B、C、D、E），题目为不定项选择题，请按照以下格式作答：

【思考过程】：...

【最终答案】：AB / BCE / CD / DE / E / ...（只输出选项的编号，不要写选项内容）

示例：
题目：医疗伦理中四大基本原则是？
A.尊重自主权
B.善意行为
C.无害原则
D.公正原则
E.以上都不是
【思考过程】：本题考查医学伦理的四大基本原则，包括尊重自主权、不伤害原则、行善原则、公正原则。

【最终答案】：ABCD

题目：干细胞制剂的制备必须符合以下哪些规范或要求？
A.药品生产质量管理规范（GMP）适用于医疗器械
B.药品生产质量管理规范（GMP）适用于药品生产
C.干细胞制剂质量控制及临床前研究指导原则
D.国际标准化组织质量管理体系（ISO9001）
E.药物临床试验质量管理规范
【思考过程】：
",BC,客观题
基因干细胞诊疗,"你是一个严格按照要求答题的医学考试考生。请你先展示出完整的思考过程，然后再输出最终答案。每道题目有至少两个选项（A、B）至多五个选项（A、B、C、D、E），题目为不定项选择题，请按照以下格式作答：

【思考过程】：...

【最终答案】：AB / BCE / CD / DE / E / ...（只输出选项的编号，不要写选项内容）

示例：
题目：医疗伦理中四大基本原则是？
A.尊重自主权
B.善意行为
C.无害原则
D.公正原则
E.以上都不是
【思考过程】：本题考查医学伦理的四大基本原则，包括尊重自主权、不伤害原则、行善原则、公正原则。

【最终答案】：ABCD

题目：机构伦理委员会对干细胞临床研究项目的伦理审查应当依照以下哪项文件要求执行？
A.《生物样本库伦理审查指南》
B.《药品临床试验质量管理规范》
C.《干细胞临床研究管理办法》
D.《涉及人的生物医学研究伦理审查办法》
【思考过程】：
",D,客观题
基因干细胞诊疗,"你是一个严格按照要求答题的医学考试考生。请你先展示出完整的思考过程，然后再输出最终答案。每道题目有至少两个选项（A、B）至多五个选项（A、B、C、D、E），题目为不定项选择题，请按照以下格式作答：

【思考过程】：...

【最终答案】：AB / BCE / CD / DE / E / ...（只输出选项的编号，不要写选项内容）

示例：
题目：医疗伦理中四大基本原则是？
A.尊重自主权
B.善意行为
C.无害原则
D.公正原则
E.以上都不是
【思考过程】：本题考查医学伦理的四大基本原则，包括尊重自主权、不伤害原则、行善原则、公正原则。

【最终答案】：ABCD

题目：在干细胞临床研究中，研究人员必须用通俗、清晰、准确的语言告知供者和受试者哪些内容？
A.研究人员的个人背景
B.研究的目的和意义
C.预期受益和潜在风险
D.其他受试者的治疗结果
E.研究的具体内容
【思考过程】：
",BCE,客观题
基因干细胞诊疗,"你是一个严格按照要求答题的医学考试考生。请你先展示出完整的思考过程，然后再输出最终答案。每道题目有至少两个选项（A、B）至多五个选项（A、B、C、D、E），题目为不定项选择题，请按照以下格式作答：

【思考过程】：...

【最终答案】：AB / BCE / CD / DE / E / ...（只输出选项的编号，不要写选项内容）

示例：
题目：医疗伦理中四大基本原则是？
A.尊重自主权
B.善意行为
C.无害原则
D.公正原则
E.以上都不是
【思考过程】：本题考查医学伦理的四大基本原则，包括尊重自主权、不伤害原则、行善原则、公正原则。

【最终答案】：ABCD

题目：处理不合格及剩余的干细胞制剂或捐赠物时，必须确保符合以下哪些核心要求？
A.以最快速度销毁避免污染
B.遵循合法处理程序
C.供者享有经济补偿权
D.根据医疗废物管理条例实施
E.经伦理委员会审核
【思考过程】：
",BE,客观题
基因干细胞诊疗,"你是一个严格按照要求答题的医学考试考生。请你先展示出完整的思考过程，然后再输出最终答案。每道题目有至少两个选项（A、B）至多五个选项（A、B、C、D、E），题目为不定项选择题，请按照以下格式作答：

【思考过程】：...

【最终答案】：AB / BCE / CD / DE / E / ...（只输出选项的编号，不要写选项内容）

示例：
题目：医疗伦理中四大基本原则是？
A.尊重自主权
B.善意行为
C.无害原则
D.公正原则
E.以上都不是
【思考过程】：本题考查医学伦理的四大基本原则，包括尊重自主权、不伤害原则、行善原则、公正原则。

【最终答案】：ABCD

题目：在基因干细胞诊疗的临床研究中，关于资料记录的保存要求，以下哪几项是正确的？
A.保存至研究结束后20年
B.保存至研究结束后30年
C.必须准确且清晰
D.需保留电子备份
E.由研究机构自主决定保存形式
【思考过程】：
",BCD,客观题
基因干细胞诊疗,"你是一个严格按照要求答题的医学考试考生。请你先展示出完整的思考过程，然后再输出最终答案。每道题目有至少两个选项（A、B）至多五个选项（A、B、C、D、E），题目为不定项选择题，请按照以下格式作答：

【思考过程】：...

【最终答案】：AB / BCE / CD / DE / E / ...（只输出选项的编号，不要写选项内容）

示例：
题目：医疗伦理中四大基本原则是？
A.尊重自主权
B.善意行为
C.无害原则
D.公正原则
E.以上都不是
【思考过程】：本题考查医学伦理的四大基本原则，包括尊重自主权、不伤害原则、行善原则、公正原则。

【最终答案】：ABCD

题目：干细胞制剂的追踪资料从最后处理之日起必须保存至少多少年？
A.15年
B.25年
C.30年
D.35年
【思考过程】：
",C,客观题
基因干细胞诊疗,"你是一个严格按照要求答题的医学考试考生。请你先展示出完整的思考过程，然后再输出最终答案。每道题目有至少两个选项（A、B）至多五个选项（A、B、C、D、E），题目为不定项选择题，请按照以下格式作答：

【思考过程】：...

【最终答案】：AB / BCE / CD / DE / E / ...（只输出选项的编号，不要写选项内容）

示例：
题目：医疗伦理中四大基本原则是？
A.尊重自主权
B.善意行为
C.无害原则
D.公正原则
E.以上都不是
【思考过程】：本题考查医学伦理的四大基本原则，包括尊重自主权、不伤害原则、行善原则、公正原则。

【最终答案】：ABCD

题目：当调查严重不良事件的原因时，以下哪些因素是必须重点考察的？
A.干细胞制剂的制备和质量控制
B.干细胞提供者的筛查记录和测试结果
C.受试者的家族病史
D.任何违背操作规范的事件
E.研究设备的品牌和型号
【思考过程】：
",ABD,客观题
基因干细胞诊疗,"你是一个严格按照要求答题的医学考试考生。请你先展示出完整的思考过程，然后再输出最终答案。每道题目有至少两个选项（A、B）至多五个选项（A、B、C、D、E），题目为不定项选择题，请按照以下格式作答：

【思考过程】：...

【最终答案】：AB / BCE / CD / DE / E / ...（只输出选项的编号，不要写选项内容）

示例：
题目：医疗伦理中四大基本原则是？
A.尊重自主权
B.善意行为
C.无害原则
D.公正原则
E.以上都不是
【思考过程】：本题考查医学伦理的四大基本原则，包括尊重自主权、不伤害原则、行善原则、公正原则。

【最终答案】：ABCD

题目：以下表述是否正确：经伦理委员会批准的干细胞临床研究成果，经备案可直接应用于患者治疗。
A.正确
B.错误
【思考过程】：
",B,客观题
基因干细胞诊疗,"你是一个严格按照要求答题的医学考试考生。请你先展示出完整的思考过程，然后再输出最终答案。每道题目有至少两个选项（A、B）至多五个选项（A、B、C、D、E），题目为不定项选择题，请按照以下格式作答：

【思考过程】：...

【最终答案】：AB / BCE / CD / DE / E / ...（只输出选项的编号，不要写选项内容）

示例：
题目：医疗伦理中四大基本原则是？
A.尊重自主权
B.善意行为
C.无害原则
D.公正原则
E.以上都不是
【思考过程】：本题考查医学伦理的四大基本原则，包括尊重自主权、不伤害原则、行善原则、公正原则。

【最终答案】：ABCD

题目：以下哪项属于异体干细胞供者必须满足的条件？
A.需采集供者ABO血型信息
B.证明无HTLV病毒感染
C.家族史中未记录糖尿病史
D.既往史中患有新冠康复的供者可被采用
E.必须收集HLA-I类和II类分型资料
【思考过程】：
",B,客观题
基因干细胞诊疗,"你是一个严格按照要求答题的医学考试考生。请你先展示出完整的思考过程，然后再输出最终答案。每道题目有至少两个选项（A、B）至多五个选项（A、B、C、D、E），题目为不定项选择题，请按照以下格式作答：

【思考过程】：...

【最终答案】：AB / BCE / CD / DE / E / ...（只输出选项的编号，不要写选项内容）

示例：
题目：医疗伦理中四大基本原则是？
A.尊重自主权
B.善意行为
C.无害原则
D.公正原则
E.以上都不是
【思考过程】：本题考查医学伦理的四大基本原则，包括尊重自主权、不伤害原则、行善原则、公正原则。

【最终答案】：ABCD

题目：以下关于异体来源干细胞的检测要求中，错误的是？
A.需进行全面的内外源致病微生物检测
B.需开展细胞纯度分析
C.需检测特定细胞表面标志物群和分化潜能等特性
D.仅需进行基本的干细胞特性检测
E.应检测成活率及生长活性
【思考过程】：
",D,客观题
基因干细胞诊疗,"你是一个严格按照要求答题的医学考试考生。请你先展示出完整的思考过程，然后再输出最终答案。每道题目有至少两个选项（A、B）至多五个选项（A、B、C、D、E），题目为不定项选择题，请按照以下格式作答：

【思考过程】：...

【最终答案】：AB / BCE / CD / DE / E / ...（只输出选项的编号，不要写选项内容）

示例：
题目：医疗伦理中四大基本原则是？
A.尊重自主权
B.善意行为
C.无害原则
D.公正原则
E.以上都不是
【思考过程】：本题考查医学伦理的四大基本原则，包括尊重自主权、不伤害原则、行善原则、公正原则。

【最终答案】：ABCD

题目：根据干细胞制剂临床前研究的要求，以下哪些内容是必须进行的？
A.设计与适应证相关的疾病动物模型
B.使用健康动物进行干细胞初步药理测试
C.建立干细胞有效标记技术
D.开展体外干细胞增殖活性实验
E.制定干细胞制剂安全性评价方案
【思考过程】：
",ACE,客观题
基因干细胞诊疗,"你是一个严格按照要求答题的医学考试考生。请你先展示出完整的思考过程，然后再输出最终答案。每道题目有至少两个选项（A、B）至多五个选项（A、B、C、D、E），题目为不定项选择题，请按照以下格式作答：

【思考过程】：...

【最终答案】：AB / BCE / CD / DE / E / ...（只输出选项的编号，不要写选项内容）

示例：
题目：医疗伦理中四大基本原则是？
A.尊重自主权
B.善意行为
C.无害原则
D.公正原则
E.以上都不是
【思考过程】：本题考查医学伦理的四大基本原则，包括尊重自主权、不伤害原则、行善原则、公正原则。

【最终答案】：ABCD

题目：以下哪些要素属于保持干细胞研究诚实正直的关键程序？
A.政府直接管理研究经费
B.独立的同行评审和监督
C.研究数据的可复制性
D.机构伦理委员会监督
E.研究各阶段明确的责任追究
【思考过程】：
",BCDE,客观题
基因干细胞诊疗,"你是一个严格按照要求答题的医学考试考生。请你先展示出完整的思考过程，然后再输出最终答案。每道题目有至少两个选项（A、B）至多五个选项（A、B、C、D、E），题目为不定项选择题，请按照以下格式作答：

【思考过程】：...

【最终答案】：AB / BCE / CD / DE / E / ...（只输出选项的编号，不要写选项内容）

示例：
题目：医疗伦理中四大基本原则是？
A.尊重自主权
B.善意行为
C.无害原则
D.公正原则
E.以上都不是
【思考过程】：本题考查医学伦理的四大基本原则，包括尊重自主权、不伤害原则、行善原则、公正原则。

【最终答案】：ABCD

题目：以下哪些措施是正确应用基于干细胞的干预措施的要求？（多选）
A.产品被监管机构授权并证明安全和有效
B.包含长期病人跟踪和不良事件报告
C.质量安全标准等同于早期临床使用水平
D.由经认证的机构在正式监管框架下实施
E.在独立专家审查前允许小范围营销
【思考过程】：
",ABCD,客观题
基因干细胞诊疗,"你是一个严格按照要求答题的医学考试考生。请你先展示出完整的思考过程，然后再输出最终答案。每道题目有至少两个选项（A、B）至多五个选项（A、B、C、D、E），题目为不定项选择题，请按照以下格式作答：

【思考过程】：...

【最终答案】：AB / BCE / CD / DE / E / ...（只输出选项的编号，不要写选项内容）

示例：
题目：医疗伦理中四大基本原则是？
A.尊重自主权
B.善意行为
C.无害原则
D.公正原则
E.以上都不是
【思考过程】：本题考查医学伦理的四大基本原则，包括尊重自主权、不伤害原则、行善原则、公正原则。

【最终答案】：ABCD

题目：某研究团队计划对一名患有神经退行性疾病的患者进行基因干细胞治疗临床试验，但该患者因病情无法理解治疗风险。此时研究者应如何获取知情同意？
A.由患者本人签署同意书，但不需要详细说明风险
B.由其直系亲属直接代替签署同意书
C.获得合法授权代表的代理同意
D.无需获得知情同意
E.仅需口头告知家属部分风险
【思考过程】：
",C,客观题
基因干细胞诊疗,"你是一个严格按照要求答题的医学考试考生。请你先展示出完整的思考过程，然后再输出最终答案。每道题目有至少两个选项（A、B）至多五个选项（A、B、C、D、E），题目为不定项选择题，请按照以下格式作答：

【思考过程】：...

【最终答案】：AB / BCE / CD / DE / E / ...（只输出选项的编号，不要写选项内容）

示例：
题目：医疗伦理中四大基本原则是？
A.尊重自主权
B.善意行为
C.无害原则
D.公正原则
E.以上都不是
【思考过程】：本题考查医学伦理的四大基本原则，包括尊重自主权、不伤害原则、行善原则、公正原则。

【最终答案】：ABCD

题目：研究人员在基因干细胞诊疗中应履行哪些义务？
A. 仅在有阳性结果时向公众公布数据  
B. 及时与患者群体沟通并回应其合理信息需求  
C. 向公共团体掩盖潜在应用的不确定性  
D. 通过选择性分享部分成果来保护研究机密性  
E. 定期发布研究进展，包含正面和负面结果
【思考过程】：
",BE,客观题
基因干细胞诊疗,"你是一个严格按照要求答题的医学考试考生。请你先展示出完整的思考过程，然后再输出最终答案。每道题目有至少两个选项（A、B）至多五个选项（A、B、C、D、E），题目为不定项选择题，请按照以下格式作答：

【思考过程】：...

【最终答案】：AB / BCE / CD / DE / E / ...（只输出选项的编号，不要写选项内容）

示例：
题目：医疗伦理中四大基本原则是？
A.尊重自主权
B.善意行为
C.无害原则
D.公正原则
E.以上都不是
【思考过程】：本题考查医学伦理的四大基本原则，包括尊重自主权、不伤害原则、行善原则、公正原则。

【最终答案】：ABCD

题目：社会公正方面的医学伦理要求包括以下哪些内容？
A.临床试验应依据性别认同实施差异收费  
B.需招募包含不同种族和年龄的研究对象  
C.将调试人群的诊疗费用转嫁给保险公司  
D.建立基因治疗培训基地进行医学能力建设  
E.让社会经济优势群体承担新技术研发成本
【思考过程】：
",BCD,客观题
基因干细胞诊疗,"你是一个严格按照要求答题的医学考试考生。请你先展示出完整的思考过程，然后再输出最终答案。每道题目有至少两个选项（A、B）至多五个选项（A、B、C、D、E），题目为不定项选择题，请按照以下格式作答：

【思考过程】：...

【最终答案】：AB / BCE / CD / DE / E / ...（只输出选项的编号，不要写选项内容）

示例：
题目：医疗伦理中四大基本原则是？
A.尊重自主权
B.善意行为
C.无害原则
D.公正原则
E.以上都不是
【思考过程】：本题考查医学伦理的四大基本原则，包括尊重自主权、不伤害原则、行善原则、公正原则。

【最终答案】：ABCD

题目：当未能说服受试者将遗传信息告知相关家人时，研究人员披露该信息需要同时满足以下哪些条件？
A.潜在的伤害是一般性的
B.不告知对家庭成员的伤害概率高，告知后可能有效避免伤害
C.需要获得伦理审查委员会的前置批准
D.应当仅告知避免伤害所必需的信息
E.该遗传信息的披露可获得研究团队的经济利益
【思考过程】：
",BD,客观题
基因干细胞诊疗,"你是一个严格按照要求答题的医学考试考生。请你先展示出完整的思考过程，然后再输出最终答案。每道题目有至少两个选项（A、B）至多五个选项（A、B、C、D、E），题目为不定项选择题，请按照以下格式作答：

【思考过程】：...

【最终答案】：AB / BCE / CD / DE / E / ...（只输出选项的编号，不要写选项内容）

示例：
题目：医疗伦理中四大基本原则是？
A.尊重自主权
B.善意行为
C.无害原则
D.公正原则
E.以上都不是
【思考过程】：本题考查医学伦理的四大基本原则，包括尊重自主权、不伤害原则、行善原则、公正原则。

【最终答案】：ABCD

题目：以下哪种情况下研究人员可以共享受试者的遗传数据？
A.遗传数据已加密但保留姓名等标识
B.经伦理审查委员会批准但未去标识化
C.数据已去标识化且符合研究目的
D.受试者未明确反对数据共享
【思考过程】：
",C,客观题
基因干细胞诊疗,"你是一个严格按照要求答题的医学考试考生。请你先展示出完整的思考过程，然后再输出最终答案。每道题目有至少两个选项（A、B）至多五个选项（A、B、C、D、E），题目为不定项选择题，请按照以下格式作答：

【思考过程】：...

【最终答案】：AB / BCE / CD / DE / E / ...（只输出选项的编号，不要写选项内容）

示例：
题目：医疗伦理中四大基本原则是？
A.尊重自主权
B.善意行为
C.无害原则
D.公正原则
E.以上都不是
【思考过程】：本题考查医学伦理的四大基本原则，包括尊重自主权、不伤害原则、行善原则、公正原则。

【最终答案】：ABCD

题目：在基因干细胞诊疗研究中，哪些情况下研究人员可以披露受试者拒绝共享的遗传信息给其亲属？
A.潜在伤害非常严重且告知可有效避免伤害，B.仅在需要告知全部基因序列时，C.当家庭成员患病概率较高且存在临床干预方法，D.仅传递避免伤害所必需的信息，E.获得伦理委员会口头许可后直接披露
【思考过程】：
",ACD,客观题
基因干细胞诊疗,"你是一个严格按照要求答题的医学考试考生。请你先展示出完整的思考过程，然后再输出最终答案。每道题目有至少两个选项（A、B）至多五个选项（A、B、C、D、E），题目为不定项选择题，请按照以下格式作答：

【思考过程】：...

【最终答案】：AB / BCE / CD / DE / E / ...（只输出选项的编号，不要写选项内容）

示例：
题目：医疗伦理中四大基本原则是？
A.尊重自主权
B.善意行为
C.无害原则
D.公正原则
E.以上都不是
【思考过程】：本题考查医学伦理的四大基本原则，包括尊重自主权、不伤害原则、行善原则、公正原则。

【最终答案】：ABCD

题目：根据遗传学研究的隐私保护条款，当研究人员在未能说服受试者将其遗传信息告知相关家人时，可以披露该信息必须符合以下哪些条件？
A.潜在伤害轻微但告知后可降低家庭矛盾
B.伤害发生的概率高且告知能有效避免
C.研究人员认为这样做有利于科学数据积累
D.仅告知避免伤害所必需的信息
E.需经当地卫生行政部门事先批准
【思考过程】：
",BD,客观题
基因干细胞诊疗,"你是一个严格按照要求答题的医学考试考生。请你先展示出完整的思考过程，然后再输出最终答案。每道题目有至少两个选项（A、B）至多五个选项（A、B、C、D、E），题目为不定项选择题，请按照以下格式作答：

【思考过程】：...

【最终答案】：AB / BCE / CD / DE / E / ...（只输出选项的编号，不要写选项内容）

示例：
题目：医疗伦理中四大基本原则是？
A.尊重自主权
B.善意行为
C.无害原则
D.公正原则
E.以上都不是
【思考过程】：本题考查医学伦理的四大基本原则，包括尊重自主权、不伤害原则、行善原则、公正原则。

【最终答案】：ABCD

题目：当研究人员未能说服受试者将遗传信息告知相关家人时，以下哪种情况不符合信息披露条件？
A.潜在的伤害是严重的
B.如不告知，对家庭成员伤害的概率高
C.仅告知避免伤害所必需的信息
D.必须获得伦理审查委员会批准
【思考过程】：
",D,客观题
基因干细胞诊疗,"你是一个严格按照要求答题的医学考试考生。请你先展示出完整的思考过程，然后再输出最终答案。每道题目有至少两个选项（A、B）至多五个选项（A、B、C、D、E），题目为不定项选择题，请按照以下格式作答：

【思考过程】：...

【最终答案】：AB / BCE / CD / DE / E / ...（只输出选项的编号，不要写选项内容）

示例：
题目：医疗伦理中四大基本原则是？
A.尊重自主权
B.善意行为
C.无害原则
D.公正原则
E.以上都不是
【思考过程】：本题考查医学伦理的四大基本原则，包括尊重自主权、不伤害原则、行善原则、公正原则。

【最终答案】：ABCD

题目：在基因干细胞诊疗研究中，以下哪些情况下研究人员可以未经受试者授权向其亲属披露遗传信息？
A. 受试者患有可治愈的普通感冒，但拒绝告知家人
B. 潜在伤害较轻，但家庭成员有60%概率患病且告知能避免伤害时
C. 家庭成员的伤害概率高且严重，告知仅传递必要信息避免伤害
D. 意外发现受试者是严重遗传病先证者，家系风险高且有干预方法，但受试者拒绝告知
【思考过程】：
",C,客观题
基因干细胞诊疗,"你是一个严格按照要求答题的医学考试考生。请你先展示出完整的思考过程，然后再输出最终答案。每道题目有至少两个选项（A、B）至多五个选项（A、B、C、D、E），题目为不定项选择题，请按照以下格式作答：

【思考过程】：...

【最终答案】：AB / BCE / CD / DE / E / ...（只输出选项的编号，不要写选项内容）

示例：
题目：医疗伦理中四大基本原则是？
A.尊重自主权
B.善意行为
C.无害原则
D.公正原则
E.以上都不是
【思考过程】：本题考查医学伦理的四大基本原则，包括尊重自主权、不伤害原则、行善原则、公正原则。

【最终答案】：ABCD

题目：以下关于遗传学数据的处理，哪两项需要再次获得受试者同意？  
A.使用去标识化数据与新研究机构共享，B.将剩余遗传标本用于最初知情同意告知的研究目的，C.利用剩余标本进行超出知情同意范围的其他研究，D.将遗传学检查结果匿名化后发表至学术期刊，E.向受试者亲属披露意外发现的高风险遗传病结果
A. 需要再次知情同意
B. 不需要再次同意（因属于原同意范围）
C. 需要再次同意
D. 不需要再次同意（因已匿名）
E. 需要再次同意并经伦理批准
【思考过程】：
",CE,客观题
基因干细胞诊疗,"你是一个严格按照要求答题的医学考试考生。请你先展示出完整的思考过程，然后再输出最终答案。每道题目有至少两个选项（A、B）至多五个选项（A、B、C、D、E），题目为不定项选择题，请按照以下格式作答：

【思考过程】：...

【最终答案】：AB / BCE / CD / DE / E / ...（只输出选项的编号，不要写选项内容）

示例：
题目：医疗伦理中四大基本原则是？
A.尊重自主权
B.善意行为
C.无害原则
D.公正原则
E.以上都不是
【思考过程】：本题考查医学伦理的四大基本原则，包括尊重自主权、不伤害原则、行善原则、公正原则。

【最终答案】：ABCD

题目：在基因诊疗相关研究过程中，若无法说服受试者告知家人遗传风险信息，研究者可以披露该信息的条件包括以下哪些？
A.潜在伤害仅为轻微不适
B.不告知对家庭成伤害的可能性高
C.仅提供避免伤害所必需的信息
D.披露全部原始基因序列数据
E.伤害概率低但存在干预措施
【思考过程】：
",BC,客观题
基因干细胞诊疗,"你是一个严格按照要求答题的医学考试考生。请你先展示出完整的思考过程，然后再输出最终答案。每道题目有至少两个选项（A、B）至多五个选项（A、B、C、D、E），题目为不定项选择题，请按照以下格式作答：

【思考过程】：...

【最终答案】：AB / BCE / CD / DE / E / ...（只输出选项的编号，不要写选项内容）

示例：
题目：医疗伦理中四大基本原则是？
A.尊重自主权
B.善意行为
C.无害原则
D.公正原则
E.以上都不是
【思考过程】：本题考查医学伦理的四大基本原则，包括尊重自主权、不伤害原则、行善原则、公正原则。

【最终答案】：ABCD

题目：根据隐私保护相关规定，当未能说服受试者向亲属披露遗传信息时，研究人员可以披露该信息的必要条件包括以下哪些？
A.潜在的伤害是严重的
B.如不告知对家庭成员的伤害概率高且告知可有效避免
C.仅告知避免伤害必需的信息
D.需获得伦理审查委员会批准
E.受试者签署了书面豁免协议
【思考过程】：
",ABC,客观题
基因干细胞诊疗,"你是一个严格按照要求答题的医学考试考生。请你先展示出完整的思考过程，然后再输出最终答案。每道题目有至少两个选项（A、B）至多五个选项（A、B、C、D、E），题目为不定项选择题，请按照以下格式作答：

【思考过程】：...

【最终答案】：AB / BCE / CD / DE / E / ...（只输出选项的编号，不要写选项内容）

示例：
题目：医疗伦理中四大基本原则是？
A.尊重自主权
B.善意行为
C.无害原则
D.公正原则
E.以上都不是
【思考过程】：本题考查医学伦理的四大基本原则，包括尊重自主权、不伤害原则、行善原则、公正原则。

【最终答案】：ABCD

题目：当研究者未能说服受试者向亲属披露遗传信息时，下列哪个条件不是允许研究人员自行披露的必要条件？
A.潜在伤害的性质是严重的
B.伤害发生概率在未告知时将超过60%
C.仅告知避免伤害所必需的字段信息
D.已获得受试者明确书面同意
E.告知行为可有效避免伤害发生
【思考过程】：
",D,客观题
基因干细胞诊疗,"你是一个严格按照要求答题的医学考试考生。请你先展示出完整的思考过程，然后再输出最终答案。每道题目有至少两个选项（A、B）至多五个选项（A、B、C、D、E），题目为不定项选择题，请按照以下格式作答：

【思考过程】：...

【最终答案】：AB / BCE / CD / DE / E / ...（只输出选项的编号，不要写选项内容）

示例：
题目：医疗伦理中四大基本原则是？
A.尊重自主权
B.善意行为
C.无害原则
D.公正原则
E.以上都不是
【思考过程】：本题考查医学伦理的四大基本原则，包括尊重自主权、不伤害原则、行善原则、公正原则。

【最终答案】：ABCD

题目：下列哪一项不属于研究人员在未获受试者同意时披露遗传信息给亲属的前提条件？
A.潜在伤害具有严重性
B.不告知时家庭成员受伤害概率极高
C.仅提供避免伤害所必需的信息
D.必须获得伦理委员会投票批准
E.告知后可能有效避免伤害
【思考过程】：
",D,客观题
基因干细胞诊疗,"你是一个严格按照要求答题的医学考试考生。请你先展示出完整的思考过程，然后再输出最终答案。每道题目有至少两个选项（A、B）至多五个选项（A、B、C、D、E），题目为不定项选择题，请按照以下格式作答：

【思考过程】：...

【最终答案】：AB / BCE / CD / DE / E / ...（只输出选项的编号，不要写选项内容）

示例：
题目：医疗伦理中四大基本原则是？
A.尊重自主权
B.善意行为
C.无害原则
D.公正原则
E.以上都不是
【思考过程】：本题考查医学伦理的四大基本原则，包括尊重自主权、不伤害原则、行善原则、公正原则。

【最终答案】：ABCD

题目：在遗传学研究中，当研究者意外发现受试者携带严重遗传病且家系发病风险较高时，以下哪些措施符合伦理要求？
A.立即将全部基因序列数据公开发布以寻求全球帮助
B.建议受试者向相关亲属披露信息并接受诊治
C.未经受试者同意即可直接告知其家庭成员所有遗传信息
D.只要潜在伤害严重，无需满足其他条件即可主动披露
E.仅告知亲属避免伤害所必需的信息且确保符合伤害严重性、高概率性、信息最小化三项条件
【思考过程】：
",BE,客观题
基因干细胞诊疗,"你是一个严格按照要求答题的医学考试考生。请你先展示出完整的思考过程，然后再输出最终答案。每道题目有至少两个选项（A、B）至多五个选项（A、B、C、D、E），题目为不定项选择题，请按照以下格式作答：

【思考过程】：...

【最终答案】：AB / BCE / CD / DE / E / ...（只输出选项的编号，不要写选项内容）

示例：
题目：医疗伦理中四大基本原则是？
A.尊重自主权
B.善意行为
C.无害原则
D.公正原则
E.以上都不是
【思考过程】：本题考查医学伦理的四大基本原则，包括尊重自主权、不伤害原则、行善原则、公正原则。

【最终答案】：ABCD

题目：以下哪种做法有违医学伦理？
A.仅对受试者家属公示临床研究数据
B.未经严格独立审查就将干细胞疗法投入市场
C.使用未经实验性干预测试的细胞疗法
D.由赞助方承担临床研究责任评估
【思考过程】：
",B,客观题
基因干细胞诊疗,"你是一个严格按照要求答题的医学考试考生。请你先展示出完整的思考过程，然后再输出最终答案。每道题目有至少两个选项（A、B）至多五个选项（A、B、C、D、E），题目为不定项选择题，请按照以下格式作答：

【思考过程】：...

【最终答案】：AB / BCE / CD / DE / E / ...（只输出选项的编号，不要写选项内容）

示例：
题目：医疗伦理中四大基本原则是？
A.尊重自主权
B.善意行为
C.无害原则
D.公正原则
E.以上都不是
【思考过程】：本题考查医学伦理的四大基本原则，包括尊重自主权、不伤害原则、行善原则、公正原则。

【最终答案】：ABCD

题目：在法定监护人代理同意的基因干细胞临床研究中，若风险与受益比发生重大改变，研究人员应采取的措施是？
A.继续研究无需重新获取同意
B.暂停研究直到风险降至最低
C.必须重新获得法定监护人知情同意
D.只需通知法定监护人变更内容
【思考过程】：
",C,客观题
基因干细胞诊疗,"你是一个严格按照要求答题的医学考试考生。请你先展示出完整的思考过程，然后再输出最终答案。每道题目有至少两个选项（A、B）至多五个选项（A、B、C、D、E），题目为不定项选择题，请按照以下格式作答：

【思考过程】：...

【最终答案】：AB / BCE / CD / DE / E / ...（只输出选项的编号，不要写选项内容）

示例：
题目：医疗伦理中四大基本原则是？
A.尊重自主权
B.善意行为
C.无害原则
D.公正原则
E.以上都不是
【思考过程】：本题考查医学伦理的四大基本原则，包括尊重自主权、不伤害原则、行善原则、公正原则。

【最终答案】：ABCD

题目：根据干细胞临床研究的相关法规，下列哪类人群不允许作为受试者被招募？
A.孕妇
B.哺乳期妇女
C.18岁以下的未成年人
D.患有严重基础疾病的患者
E.健康状况良好的老年人
【思考过程】：
",A,客观题
基因干细胞诊疗,"你是一个严格按照要求答题的医学考试考生。请你先展示出完整的思考过程，然后再输出最终答案。每道题目有至少两个选项（A、B）至多五个选项（A、B、C、D、E），题目为不定项选择题，请按照以下格式作答：

【思考过程】：...

【最终答案】：AB / BCE / CD / DE / E / ...（只输出选项的编号，不要写选项内容）

示例：
题目：医疗伦理中四大基本原则是？
A.尊重自主权
B.善意行为
C.无害原则
D.公正原则
E.以上都不是
【思考过程】：本题考查医学伦理的四大基本原则，包括尊重自主权、不伤害原则、行善原则、公正原则。

【最终答案】：ABCD

题目：以下哪些是临床研究中使用胚胎来源干细胞时必须严格审查的方面？
A.来源的合法合规性
B.治疗的有效性
C.使用的合规性
D.患者的年龄是否适应该诊疗
E.是否通过伦理委员会审批
【思考过程】：
",AC,客观题
基因干细胞诊疗,"你是一个严格按照要求答题的医学考试考生。请你先展示出完整的思考过程，然后再输出最终答案。每道题目有至少两个选项（A、B）至多五个选项（A、B、C、D、E），题目为不定项选择题，请按照以下格式作答：

【思考过程】：...

【最终答案】：AB / BCE / CD / DE / E / ...（只输出选项的编号，不要写选项内容）

示例：
题目：医疗伦理中四大基本原则是？
A.尊重自主权
B.善意行为
C.无害原则
D.公正原则
E.以上都不是
【思考过程】：本题考查医学伦理的四大基本原则，包括尊重自主权、不伤害原则、行善原则、公正原则。

【最终答案】：ABCD

题目：以下哪项不属于使用超出常规研究的干细胞干预必须满足的条件？
A.基于大量案例支持的治疗方案
B.受独立专家团队的审查监督
C.以患者的最佳利益为出发点
D.治疗方案具有可重复验证的证据支持
E.提前进行系统评估后再大规模应用
【思考过程】：
",A,客观题
数字医疗,"你是一个严格按照要求答题的医学考试考生。请你先展示出完整的思考过程，然后再输出最终答案。每道题目有至少两个选项（A、B）至多五个选项（A、B、C、D、E），题目为不定项选择题，请按照以下格式作答：

【思考过程】：...

【最终答案】：AB / BCE / CD / DE / E / ...（只输出选项的编号，不要写选项内容）

示例：
题目：医疗伦理中四大基本原则是？
A.尊重自主权
B.善意行为
C.无害原则
D.公正原则
E.以上都不是
【思考过程】：本题考查医学伦理的四大基本原则，包括尊重自主权、不伤害原则、行善原则、公正原则。

【最终答案】：ABCD

题目：在数字医疗场景中，根据相关法律法规，下列哪种情形不属于组织或个人承担法定救助义务的情形？
A.患者因远程诊断系统故障导致健康数据中断，突发呼吸困难
B.网络药房错误推送过量用药方案导致用户肝肾功能受损
C.未与患者建立医疗关系的路人在公共场所突发心搏骤停
D.AI医疗设备操作员发现用户上传的数据显示其有急性脑卒中风险
【思考过程】：
",C,客观题
数字医疗,"你是一个严格按照要求答题的医学考试考生。请你先展示出完整的思考过程，然后再输出最终答案。每道题目有至少两个选项（A、B）至多五个选项（A、B、C、D、E），题目为不定项选择题，请按照以下格式作答：

【思考过程】：...

【最终答案】：AB / BCE / CD / DE / E / ...（只输出选项的编号，不要写选项内容）

示例：
题目：医疗伦理中四大基本原则是？
A.尊重自主权
B.善意行为
C.无害原则
D.公正原则
E.以上都不是
【思考过程】：本题考查医学伦理的四大基本原则，包括尊重自主权、不伤害原则、行善原则、公正原则。

【最终答案】：ABCD

题目：某自然人生前未反对器官捐献，其去世后，配偶与父母达成一致但无法联系成年子女。以下哪种处理方式符合相关规定？
A.配偶、父母、成年子女共同书面同意捐献
B.配偶和父母书面同意捐献不需联系成年子女
C.配偶、父母、成年子女口头同意捐献
D.医院直接按家属意愿处理无需书面材料
E.医生暗示捐献可获取经济补偿以促成决定
【思考过程】：
",A,客观题
数字医疗,"你是一个严格按照要求答题的医学考试考生。请你先展示出完整的思考过程，然后再输出最终答案。每道题目有至少两个选项（A、B）至多五个选项（A、B、C、D、E），题目为不定项选择题，请按照以下格式作答：

【思考过程】：...

【最终答案】：AB / BCE / CD / DE / E / ...（只输出选项的编号，不要写选项内容）

示例：
题目：医疗伦理中四大基本原则是？
A.尊重自主权
B.善意行为
C.无害原则
D.公正原则
E.以上都不是
【思考过程】：本题考查医学伦理的四大基本原则，包括尊重自主权、不伤害原则、行善原则、公正原则。

【最终答案】：ABCD

题目：以下哪种行为不属于违反《禁止买卖人体细胞组织器官相关规定》的情形？
A.私自出售个人存储的亲属遗体器官
B.通过合法机构接收科研捐赠的人体组织样本
C.以研究名义收购活体干细胞
D.医院间共享未使用的人造骨骼假体材料
【思考过程】：
",BD,客观题
数字医疗,"你是一个严格按照要求答题的医学考试考生。请你先展示出完整的思考过程，然后再输出最终答案。每道题目有至少两个选项（A、B）至多五个选项（A、B、C、D、E），题目为不定项选择题，请按照以下格式作答：

【思考过程】：...

【最终答案】：AB / BCE / CD / DE / E / ...（只输出选项的编号，不要写选项内容）

示例：
题目：医疗伦理中四大基本原则是？
A.尊重自主权
B.善意行为
C.无害原则
D.公正原则
E.以上都不是
【思考过程】：本题考查医学伦理的四大基本原则，包括尊重自主权、不伤害原则、行善原则、公正原则。

【最终答案】：ABCD

题目：在数字医疗领域进行新型诊疗算法临床试验时，以下哪些行为符合我国相关法规要求？
A.获得主管部门批文但未完成伦理审查即开展试验
B.向受试者收取设备使用费
C.将试验风险概要告知受试者后仅取得口头同意
D.向受试者监护人说明全部风险并取得书面签字
E.使用获批资金覆盖全部试验成本
【思考过程】：
",DE,客观题
数字医疗,"你是一个严格按照要求答题的医学考试考生。请你先展示出完整的思考过程，然后再输出最终答案。每道题目有至少两个选项（A、B）至多五个选项（A、B、C、D、E），题目为不定项选择题，请按照以下格式作答：

【思考过程】：...

【最终答案】：AB / BCE / CD / DE / E / ...（只输出选项的编号，不要写选项内容）

示例：
题目：医疗伦理中四大基本原则是？
A.尊重自主权
B.善意行为
C.无害原则
D.公正原则
E.以上都不是
【思考过程】：本题考查医学伦理的四大基本原则，包括尊重自主权、不伤害原则、行善原则、公正原则。

【最终答案】：ABCD

题目：以下哪种情形违反了与人体基因、人体胚胎相关医学活动的法律规定？
A.研究导致实验志愿者肝功能异常
B.将基因编辑数据非法售卖给境外机构
C.公开胚胎来源研究对象的个人隐私
D.未经申请专利直接公开新技术方案
【思考过程】：
",ABC,客观题
数字医疗,"你是一个严格按照要求答题的医学考试考生。请你先展示出完整的思考过程，然后再输出最终答案。每道题目有至少两个选项（A、B）至多五个选项（A、B、C、D、E），题目为不定项选择题，请按照以下格式作答：

【思考过程】：...

【最终答案】：AB / BCE / CD / DE / E / ...（只输出选项的编号，不要写选项内容）

示例：
题目：医疗伦理中四大基本原则是？
A.尊重自主权
B.善意行为
C.无害原则
D.公正原则
E.以上都不是
【思考过程】：本题考查医学伦理的四大基本原则，包括尊重自主权、不伤害原则、行善原则、公正原则。

【最终答案】：ABCD

题目：在数字医疗诊疗活动中，若因医务人员过错导致患者损害，赔偿责任应如何承担？
A.由涉事医务人员个人承担
B.由医疗机构和涉事医务人员共同承担
C.由医疗机构承担全部责任
D.无需赔偿
【思考过程】：
",C,客观题
数字医疗,"你是一个严格按照要求答题的医学考试考生。请你先展示出完整的思考过程，然后再输出最终答案。每道题目有至少两个选项（A、B）至多五个选项（A、B、C、D、E），题目为不定项选择题，请按照以下格式作答：

【思考过程】：...

【最终答案】：AB / BCE / CD / DE / E / ...（只输出选项的编号，不要写选项内容）

示例：
题目：医疗伦理中四大基本原则是？
A.尊重自主权
B.善意行为
C.无害原则
D.公正原则
E.以上都不是
【思考过程】：本题考查医学伦理的四大基本原则，包括尊重自主权、不伤害原则、行善原则、公正原则。

【最终答案】：ABCD

题目：在数字医疗场景下，医务人员需要实施手术时，以下哪种情况属于其必须向患者说明的内容？
A.病情诊断的基本结论
B.医疗风险的具体细节
C.替代医疗方案的可行性
D.治疗费用的精确预估
E.个人从业经验及手术成功率
【思考过程】：
",BC,客观题
数字医疗,"你是一个严格按照要求答题的医学考试考生。请你先展示出完整的思考过程，然后再输出最终答案。每道题目有至少两个选项（A、B）至多五个选项（A、B、C、D、E），题目为不定项选择题，请按照以下格式作答：

【思考过程】：...

【最终答案】：AB / BCE / CD / DE / E / ...（只输出选项的编号，不要写选项内容）

示例：
题目：医疗伦理中四大基本原则是？
A.尊重自主权
B.善意行为
C.无害原则
D.公正原则
E.以上都不是
【思考过程】：本题考查医学伦理的四大基本原则，包括尊重自主权、不伤害原则、行善原则、公正原则。

【最终答案】：ABCD

题目：以下哪种情况符合紧急医疗措施实施的法律规定？
A.患者经济困难拒绝付费，未获家属签字即实施手術
B.患者昏迷但未达生命危险，主治医生未经请示使用实验性药物
C.家属拒绝签字但患者意识清醒，医务科主任批准进行介入治疗
D.因爆炸烧伤生命垂危且亲属失联，经院长批准立即实施气管切开
E.患者曾口头同意手术，但近亲属阻止抢救，急诊值班组长当机立断开展救治
【思考过程】：
",D,客观题
数字医疗,"你是一个严格按照要求答题的医学考试考生。请你先展示出完整的思考过程，然后再输出最终答案。每道题目有至少两个选项（A、B）至多五个选项（A、B、C、D、E），题目为不定项选择题，请按照以下格式作答：

【思考过程】：...

【最终答案】：AB / BCE / CD / DE / E / ...（只输出选项的编号，不要写选项内容）

示例：
题目：医疗伦理中四大基本原则是？
A.尊重自主权
B.善意行为
C.无害原则
D.公正原则
E.以上都不是
【思考过程】：本题考查医学伦理的四大基本原则，包括尊重自主权、不伤害原则、行善原则、公正原则。

【最终答案】：ABCD

题目：在数字医疗诊疗活动中，以下哪种情形可能被认定为医务人员未尽到与当时医疗水平相应的诊疗义务？
A.按三年前发布的行业标准实施诊疗造成损害
B.因未采纳临床试验阶段的AI预测模型而误诊
C.未接入最新上市的远程监测设备延误治疗
D.未向患者推荐尚未纳入医保目录的数字疗法工具
【思考过程】：
",A,客观题
数字医疗,"你是一个严格按照要求答题的医学考试考生。请你先展示出完整的思考过程，然后再输出最终答案。每道题目有至少两个选项（A、B）至多五个选项（A、B、C、D、E），题目为不定项选择题，请按照以下格式作答：

【思考过程】：...

【最终答案】：AB / BCE / CD / DE / E / ...（只输出选项的编号，不要写选项内容）

示例：
题目：医疗伦理中四大基本原则是？
A.尊重自主权
B.善意行为
C.无害原则
D.公正原则
E.以上都不是
【思考过程】：本题考查医学伦理的四大基本原则，包括尊重自主权、不伤害原则、行善原则、公正原则。

【最终答案】：ABCD

题目：患者在数字医疗诊疗活动中出现损害，以下哪种情形可直接推定医疗机构有过错？
A.医疗机构违反诊疗规范的规定
B.隐匿与纠纷有关的病历资料
C.未及时更新5G远程医疗设备
D.销毁病历资料违法
E.未向患者解释手术风险
【思考过程】：
",ABD,客观题
数字医疗,"你是一个严格按照要求答题的医学考试考生。请你先展示出完整的思考过程，然后再输出最终答案。每道题目有至少两个选项（A、B）至多五个选项（A、B、C、D、E），题目为不定项选择题，请按照以下格式作答：

【思考过程】：...

【最终答案】：AB / BCE / CD / DE / E / ...（只输出选项的编号，不要写选项内容）

示例：
题目：医疗伦理中四大基本原则是？
A.尊重自主权
B.善意行为
C.无害原则
D.公正原则
E.以上都不是
【思考过程】：本题考查医学伦理的四大基本原则，包括尊重自主权、不伤害原则、行善原则、公正原则。

【最终答案】：ABCD

题目：患者因药品缺陷等原因造成损害时，可以向以下哪些机构请求赔偿？
A.药品上市许可持有人
B.药品生产者
C.血液提供机构
D.医疗机构
E.医疗器械销售机构
【思考过程】：
",ABCD,客观题
数字医疗,"你是一个严格按照要求答题的医学考试考生。请你先展示出完整的思考过程，然后再输出最终答案。每道题目有至少两个选项（A、B）至多五个选项（A、B、C、D、E），题目为不定项选择题，请按照以下格式作答：

【思考过程】：...

【最终答案】：AB / BCE / CD / DE / E / ...（只输出选项的编号，不要写选项内容）

示例：
题目：医疗伦理中四大基本原则是？
A.尊重自主权
B.善意行为
C.无害原则
D.公正原则
E.以上都不是
【思考过程】：本题考查医学伦理的四大基本原则，包括尊重自主权、不伤害原则、行善原则、公正原则。

【最终答案】：ABCD

题目：患者在数字医疗平台接受诊疗受到损害时，医疗机构在下列哪种情形下不承担赔偿责任？
A.患者家属拒绝签署电子知情同意书导致诊疗中断
B.急诊会诊AI系统因网络延迟未能提供最优诊疗方案
C.医务人员通过远程监护设备在抢救心梗患者时误判数据
D.患者基因突变引发的罕见病未被数字诊疗模型识别
E.家属擅自修改患者电子健康档案中的过敏史信息
【思考过程】：
",DE,客观题
数字医疗,"你是一个严格按照要求答题的医学考试考生。请你先展示出完整的思考过程，然后再输出最终答案。每道题目有至少两个选项（A、B）至多五个选项（A、B、C、D、E），题目为不定项选择题，请按照以下格式作答：

【思考过程】：...

【最终答案】：AB / BCE / CD / DE / E / ...（只输出选项的编号，不要写选项内容）

示例：
题目：医疗伦理中四大基本原则是？
A.尊重自主权
B.善意行为
C.无害原则
D.公正原则
E.以上都不是
【思考过程】：本题考查医学伦理的四大基本原则，包括尊重自主权、不伤害原则、行善原则、公正原则。

【最终答案】：ABCD

题目：以下哪些资料属于医疗机构必须按规定填写并妥善保管的病历资料？
A.住院志
B.护理记录
C.检验报告
D.手术及麻醉记录
E.门诊挂号记录
【思考过程】：
",ABCD,客观题
数字医疗,"你是一个严格按照要求答题的医学考试考生。请你先展示出完整的思考过程，然后再输出最终答案。每道题目有至少两个选项（A、B）至多五个选项（A、B、C、D、E），题目为不定项选择题，请按照以下格式作答：

【思考过程】：...

【最终答案】：AB / BCE / CD / DE / E / ...（只输出选项的编号，不要写选项内容）

示例：
题目：医疗伦理中四大基本原则是？
A.尊重自主权
B.善意行为
C.无害原则
D.公正原则
E.以上都不是
【思考过程】：本题考查医学伦理的四大基本原则，包括尊重自主权、不伤害原则、行善原则、公正原则。

【最终答案】：ABCD

题目：关于医疗机构保护患者隐私的责任，以下哪些情况需承担侵权责任？
A.未经患者书面同意公开其完整病历资料
B.在患者明确同意后向保险公司提供部分诊断信息
C.医务人员因疏忽导致患者家庭住址信息泄露
D.为应对突发公共卫生事件，未经同意公布患者姓名及疾病类型
【思考过程】：
",AC,客观题
数字医疗,"你是一个严格按照要求答题的医学考试考生。请你先展示出完整的思考过程，然后再输出最终答案。每道题目有至少两个选项（A、B）至多五个选项（A、B、C、D、E），题目为不定项选择题，请按照以下格式作答：

【思考过程】：...

【最终答案】：AB / BCE / CD / DE / E / ...（只输出选项的编号，不要写选项内容）

示例：
题目：医疗伦理中四大基本原则是？
A.尊重自主权
B.善意行为
C.无害原则
D.公正原则
E.以上都不是
【思考过程】：本题考查医学伦理的四大基本原则，包括尊重自主权、不伤害原则、行善原则、公正原则。

【最终答案】：ABCD

题目：根据《民法典》相关规定，医疗机构下列哪些行为可能构成违反诊疗规范实施不必要的检查？
A.对疑似肺炎患者同时开具X光和低剂量CT检查
B.应患者主动要求增加无指征的肿瘤标志物检测
C.对首次就诊的头痛患者直接实施MRI检查而无神经系统体征
D.因科室收入考核需要重复开展非必要的凝血功能检查
E.基于十年临床经验判断需开展超范围的血生化组合
【思考过程】：
",CD,客观题
数字医疗,"你是一个严格按照要求答题的医学考试考生。请你先展示出完整的思考过程，然后再输出最终答案。每道题目有至少两个选项（A、B）至多五个选项（A、B、C、D、E），题目为不定项选择题，请按照以下格式作答：

【思考过程】：...

【最终答案】：AB / BCE / CD / DE / E / ...（只输出选项的编号，不要写选项内容）

示例：
题目：医疗伦理中四大基本原则是？
A.尊重自主权
B.善意行为
C.无害原则
D.公正原则
E.以上都不是
【思考过程】：本题考查医学伦理的四大基本原则，包括尊重自主权、不伤害原则、行善原则、公正原则。

【最终答案】：ABCD

题目：以下哪些行为可能违反""医疗机构及其医务人员权益保护""相关法规？
A.患者家属在候诊区轻微争执但未影响诊疗，B.患者辱骂医生导致其无法正常工作，C.家属通过合法途径投诉等候时间长，D.未经许可偷窃并公开患者病历，E.聚众阻拦诊室门阻碍医生夜间下班
【思考过程】：
",BDE,客观题
数字医疗,"你是一个严格按照要求答题的医学考试考生。请你先展示出完整的思考过程，然后再输出最终答案。每道题目有至少两个选项（A、B）至多五个选项（A、B、C、D、E），题目为不定项选择题，请按照以下格式作答：

【思考过程】：...

【最终答案】：AB / BCE / CD / DE / E / ...（只输出选项的编号，不要写选项内容）

示例：
题目：医疗伦理中四大基本原则是？
A.尊重自主权
B.善意行为
C.无害原则
D.公正原则
E.以上都不是
【思考过程】：本题考查医学伦理的四大基本原则，包括尊重自主权、不伤害原则、行善原则、公正原则。

【最终答案】：ABCD

题目：根据我国相关法规，建设运营数字医疗服务网络时，需要采取哪些法定措施？（多选）
A.采取技术措施保障网络安全
B.实施必要措施维护数据保密性
C.要求所有用户进行实名认证
D.有效应对网络安全事件
E.防范网络违法犯罪活动
【思考过程】：
",ABDE,客观题
数字医疗,"你是一个严格按照要求答题的医学考试考生。请你先展示出完整的思考过程，然后再输出最终答案。每道题目有至少两个选项（A、B）至多五个选项（A、B、C、D、E），题目为不定项选择题，请按照以下格式作答：

【思考过程】：...

【最终答案】：AB / BCE / CD / DE / E / ...（只输出选项的编号，不要写选项内容）

示例：
题目：医疗伦理中四大基本原则是？
A.尊重自主权
B.善意行为
C.无害原则
D.公正原则
E.以上都不是
【思考过程】：本题考查医学伦理的四大基本原则，包括尊重自主权、不伤害原则、行善原则、公正原则。

【最终答案】：ABCD

题目：根据数字医疗相关网络安全法规，以下哪些行为属于明确禁止的？
A.收集用户健康数据用于匿名医学研究
B.煽动分裂国家、破坏国家统一
C.传播虚假信息扰乱经济秩序
D.泄露患者隐私信息用于商业牟利
E.宣扬地域文化差异影响民族团结
【思考过程】：
",BCD,客观题
数字医疗,"你是一个严格按照要求答题的医学考试考生。请你先展示出完整的思考过程，然后再输出最终答案。每道题目有至少两个选项（A、B）至多五个选项（A、B、C、D、E），题目为不定项选择题，请按照以下格式作答：

【思考过程】：...

【最终答案】：AB / BCE / CD / DE / E / ...（只输出选项的编号，不要写选项内容）

示例：
题目：医疗伦理中四大基本原则是？
A.尊重自主权
B.善意行为
C.无害原则
D.公正原则
E.以上都不是
【思考过程】：本题考查医学伦理的四大基本原则，包括尊重自主权、不伤害原则、行善原则、公正原则。

【最终答案】：ABCD

题目：根据《网络安全法》，以下哪些行为被明确禁止？
A.医疗机构对匿名化的健康数据进行统计分析
B.开发专用于绕过医院防火墙的渗透测试工具
C.为已知入侵医疗数据库的黑客组织提供支付接口
D.未经授权调取患者电子病历进行学术研究
E.优化医院挂号系统的网络响应速度
【思考过程】：
",BCD,客观题
数字医疗,"你是一个严格按照要求答题的医学考试考生。请你先展示出完整的思考过程，然后再输出最终答案。每道题目有至少两个选项（A、B）至多五个选项（A、B、C、D、E），题目为不定项选择题，请按照以下格式作答：

【思考过程】：...

【最终答案】：AB / BCE / CD / DE / E / ...（只输出选项的编号，不要写选项内容）

示例：
题目：医疗伦理中四大基本原则是？
A.尊重自主权
B.善意行为
C.无害原则
D.公正原则
E.以上都不是
【思考过程】：本题考查医学伦理的四大基本原则，包括尊重自主权、不伤害原则、行善原则、公正原则。

【最终答案】：ABCD

题目：根据相关法律法规，以下哪些行为属于被禁止的？
A.窃取用户个人信息
B.经合法授权后向第三方提供个人信息
C.未经授权使用技术手段拦截患者健康数据
D.在患者不知情的情况下将匿名化诊疗记录用于医学研究
【思考过程】：
",AC,客观题
数字医疗,"你是一个严格按照要求答题的医学考试考生。请你先展示出完整的思考过程，然后再输出最终答案。每道题目有至少两个选项（A、B）至多五个选项（A、B、C、D、E），题目为不定项选择题，请按照以下格式作答：

【思考过程】：...

【最终答案】：AB / BCE / CD / DE / E / ...（只输出选项的编号，不要写选项内容）

示例：
题目：医疗伦理中四大基本原则是？
A.尊重自主权
B.善意行为
C.无害原则
D.公正原则
E.以上都不是
【思考过程】：本题考查医学伦理的四大基本原则，包括尊重自主权、不伤害原则、行善原则、公正原则。

【最终答案】：ABCD

题目：根据相关法律法规，依法负有网络安全监督管理职责的部门及其工作人员不得实施以下哪些行为？
A.未加密存储敏感医疗数据
B.将履职获得的个人信息出售给第三方
C.对公共网络漏洞进行技术修复
D.将患者隐私信息非法提供给商业机构
E.因系统故障导致内部文件泄露
【思考过程】：
",BDE,客观题
数字医疗,"你是一个严格按照要求答题的医学考试考生。请你先展示出完整的思考过程，然后再输出最终答案。每道题目有至少两个选项（A、B）至多五个选项（A、B、C、D、E），题目为不定项选择题，请按照以下格式作答：

【思考过程】：...

【最终答案】：AB / BCE / CD / DE / E / ...（只输出选项的编号，不要写选项内容）

示例：
题目：医疗伦理中四大基本原则是？
A.尊重自主权
B.善意行为
C.无害原则
D.公正原则
E.以上都不是
【思考过程】：本题考查医学伦理的四大基本原则，包括尊重自主权、不伤害原则、行善原则、公正原则。

【最终答案】：ABCD

题目：根据相关法规，以下哪些网络行为属于被明确禁止的范畴？
A.建立用于销售国家管制的麻醉药品的网站
B.在通讯群组中传授制造爆炸物的方法
C.创建付费参与的健康饮食交流群组
D.虚构抗癌药物疗效实施募捐诈骗网站
E.录制非处方药使用教程视频
【思考过程】：
",ABD,客观题
数字医疗,"你是一个严格按照要求答题的医学考试考生。请你先展示出完整的思考过程，然后再输出最终答案。每道题目有至少两个选项（A、B）至多五个选项（A、B、C、D、E），题目为不定项选择题，请按照以下格式作答：

【思考过程】：...

【最终答案】：AB / BCE / CD / DE / E / ...（只输出选项的编号，不要写选项内容）

示例：
题目：医疗伦理中四大基本原则是？
A.尊重自主权
B.善意行为
C.无害原则
D.公正原则
E.以上都不是
【思考过程】：本题考查医学伦理的四大基本原则，包括尊重自主权、不伤害原则、行善原则、公正原则。

【最终答案】：ABCD

题目：下列哪些数据被明确列为国家核心数据？
A.国家安全相关数据
B.国民经济命脉数据
C.重要民生数据
D.重大公共利益数据
E.市政公共服务数据
【思考过程】：
",ABCD,客观题
数字医疗,"你是一个严格按照要求答题的医学考试考生。请你先展示出完整的思考过程，然后再输出最终答案。每道题目有至少两个选项（A、B）至多五个选项（A、B、C、D、E），题目为不定项选择题，请按照以下格式作答：

【思考过程】：...

【最终答案】：AB / BCE / CD / DE / E / ...（只输出选项的编号，不要写选项内容）

示例：
题目：医疗伦理中四大基本原则是？
A.尊重自主权
B.善意行为
C.无害原则
D.公正原则
E.以上都不是
【思考过程】：本题考查医学伦理的四大基本原则，包括尊重自主权、不伤害原则、行善原则、公正原则。

【最终答案】：ABCD

题目：以下哪些属于国家针对数字医疗领域建立的数据安全机制？（多选）
A.数据安全风险评估机制
B.数据加密传输机制
C.信息共享机制
D.应急响应演练机制
E.监测预警机制
【思考过程】：
",ACE,客观题
数字医疗,"你是一个严格按照要求答题的医学考试考生。请你先展示出完整的思考过程，然后再输出最终答案。每道题目有至少两个选项（A、B）至多五个选项（A、B、C、D、E），题目为不定项选择题，请按照以下格式作答：

【思考过程】：...

【最终答案】：AB / BCE / CD / DE / E / ...（只输出选项的编号，不要写选项内容）

示例：
题目：医疗伦理中四大基本原则是？
A.尊重自主权
B.善意行为
C.无害原则
D.公正原则
E.以上都不是
【思考过程】：本题考查医学伦理的四大基本原则，包括尊重自主权、不伤害原则、行善原则、公正原则。

【最终答案】：ABCD

题目：在数字医疗场景下，根据国家数据安全法规，发生数据安全事件后主管部门应采取哪些应急处置措施？（多选）
A.要求涉事机构立刻赔偿患者损失
B.启动应急预案采取处置措施
C.重点保障政府机构系统运行而暂缓公共警示
D.实时消除安全隐患并防止危害扩大
E.及时向社会发布与公众相关的警示信息
【思考过程】：
",BE,客观题
数字医疗,"你是一个严格按照要求答题的医学考试考生。请你先展示出完整的思考过程，然后再输出最终答案。每道题目有至少两个选项（A、B）至多五个选项（A、B、C、D、E），题目为不定项选择题，请按照以下格式作答：

【思考过程】：...

【最终答案】：AB / BCE / CD / DE / E / ...（只输出选项的编号，不要写选项内容）

示例：
题目：医疗伦理中四大基本原则是？
A.尊重自主权
B.善意行为
C.无害原则
D.公正原则
E.以上都不是
【思考过程】：本题考查医学伦理的四大基本原则，包括尊重自主权、不伤害原则、行善原则、公正原则。

【最终答案】：ABCD

题目：以下哪些行为违反题干所述法律法规？
A.经患者知情同意后匿名化处理临床数据用于疾病研究
B.窃取医院数据库中患者健康信息并转卖给第三方机构
C.公司依据合法获取的数据开发算法时因技术漏洞意外泄露隐私
D.通过数据抓取技术获取竞争对手运营信息并压低定价排挤其市场
E.未经许可将匿名诊疗数据共享给政府卫生管理部门用于流行病监测
【思考过程】：
",BD,客观题
数字医疗,"你是一个严格按照要求答题的医学考试考生。请你先展示出完整的思考过程，然后再输出最终答案。每道题目有至少两个选项（A、B）至多五个选项（A、B、C、D、E），题目为不定项选择题，请按照以下格式作答：

【思考过程】：...

【最终答案】：AB / BCE / CD / DE / E / ...（只输出选项的编号，不要写选项内容）

示例：
题目：医疗伦理中四大基本原则是？
A.尊重自主权
B.善意行为
C.无害原则
D.公正原则
E.以上都不是
【思考过程】：本题考查医学伦理的四大基本原则，包括尊重自主权、不伤害原则、行善原则、公正原则。

【最终答案】：ABCD

题目：根据我国传染病防控制度，以下哪些属于传染病防治应遵循的原则？（多选）
A.预防为主、防治结合
B.联防联控、群防群控
C.源头防控、综合治理
D.有偿防控、单部门管控
E.重点干预、末端治理
【思考过程】：
",ABC,客观题
数字医疗,"你是一个严格按照要求答题的医学考试考生。请你先展示出完整的思考过程，然后再输出最终答案。每道题目有至少两个选项（A、B）至多五个选项（A、B、C、D、E），题目为不定项选择题，请按照以下格式作答：

【思考过程】：...

【最终答案】：AB / BCE / CD / DE / E / ...（只输出选项的编号，不要写选项内容）

示例：
题目：医疗伦理中四大基本原则是？
A.尊重自主权
B.善意行为
C.无害原则
D.公正原则
E.以上都不是
【思考过程】：本题考查医学伦理的四大基本原则，包括尊重自主权、不伤害原则、行善原则、公正原则。

【最终答案】：ABCD

题目：根据我国相关法规，以下哪些属于院前急救服务体系的法定要求？
A.教育部门需每年开展中小学校急救技能竞赛
B.卫生健康主管部门及红十字会应当组织开展急救培训
C.商场必须配备AED等急救设备设施
D.急救中心不得因未付费拒绝急危重症患者
E.急救人员需核查患者身份合法性后再施救
【思考过程】：
",BCD,客观题
数字医疗,"你是一个严格按照要求答题的医学考试考生。请你先展示出完整的思考过程，然后再输出最终答案。每道题目有至少两个选项（A、B）至多五个选项（A、B、C、D、E），题目为不定项选择题，请按照以下格式作答：

【思考过程】：...

【最终答案】：AB / BCE / CD / DE / E / ...（只输出选项的编号，不要写选项内容）

示例：
题目：医疗伦理中四大基本原则是？
A.尊重自主权
B.善意行为
C.无害原则
D.公正原则
E.以上都不是
【思考过程】：本题考查医学伦理的四大基本原则，包括尊重自主权、不伤害原则、行善原则、公正原则。

【最终答案】：ABCD

题目：在数字医疗场景下，以下哪些情况需依法取得患者或其近亲属的知情同意？
A.实施远程手术操作
B.使用人工智能进行特殊护理
C.开展新型医学影像特殊检查
D.参与新型数字健康监测设备的临床试验
E.调整现有治疗方案以降低费用
【思考过程】：
",ACD,客观题
数字医疗,"你是一个严格按照要求答题的医学考试考生。请你先展示出完整的思考过程，然后再输出最终答案。每道题目有至少两个选项（A、B）至多五个选项（A、B、C、D、E），题目为不定项选择题，请按照以下格式作答：

【思考过程】：...

【最终答案】：AB / BCE / CD / DE / E / ...（只输出选项的编号，不要写选项内容）

示例：
题目：医疗伦理中四大基本原则是？
A.尊重自主权
B.善意行为
C.无害原则
D.公正原则
E.以上都不是
【思考过程】：本题考查医学伦理的四大基本原则，包括尊重自主权、不伤害原则、行善原则、公正原则。

【最终答案】：ABCD

题目：在数字医疗场景中，以下哪两项是符合题干中法律法规要求的？
A.向未经授权的第三方出售患者的影像资料
B.要求患者使用非官方平台支付医疗费用
C.在讨论病例时使用化名保护患者隐私
D.因患者信仰而拒绝提供常规治疗
E.确保所有医务人员平等对待不同国籍的患者
【思考过程】：
",CE,客观题
数字医疗,"你是一个严格按照要求答题的医学考试考生。请你先展示出完整的思考过程，然后再输出最终答案。每道题目有至少两个选项（A、B）至多五个选项（A、B、C、D、E），题目为不定项选择题，请按照以下格式作答：

【思考过程】：...

【最终答案】：AB / BCE / CD / DE / E / ...（只输出选项的编号，不要写选项内容）

示例：
题目：医疗伦理中四大基本原则是？
A.尊重自主权
B.善意行为
C.无害原则
D.公正原则
E.以上都不是
【思考过程】：本题考查医学伦理的四大基本原则，包括尊重自主权、不伤害原则、行善原则、公正原则。

【最终答案】：ABCD

题目：以下哪些服务属于专业公共卫生机构的法定职责范畴？
A.出生缺陷防治
B.建立居民健康档案
C.接收医院转诊患者
D.食品安全风险监测评估
E.职业病治疗
【思考过程】：
",AD,客观题
数字医疗,"你是一个严格按照要求答题的医学考试考生。请你先展示出完整的思考过程，然后再输出最终答案。每道题目有至少两个选项（A、B）至多五个选项（A、B、C、D、E），题目为不定项选择题，请按照以下格式作答：

【思考过程】：...

【最终答案】：AB / BCE / CD / DE / E / ...（只输出选项的编号，不要写选项内容）

示例：
题目：医疗伦理中四大基本原则是？
A.尊重自主权
B.善意行为
C.无害原则
D.公正原则
E.以上都不是
【思考过程】：本题考查医学伦理的四大基本原则，包括尊重自主权、不伤害原则、行善原则、公正原则。

【最终答案】：ABCD

题目：根据相关规定，各级人民政府应支持医疗卫生机构与以下哪些机构或组织建立协作机制以服务老年人和孤残儿童？
A.快递公司
B.养老机构
C.商业机构
D.儿童福利机构
E.社区组织
【思考过程】：
",BDE,客观题
数字医疗,"你是一个严格按照要求答题的医学考试考生。请你先展示出完整的思考过程，然后再输出最终答案。每道题目有至少两个选项（A、B）至多五个选项（A、B、C、D、E），题目为不定项选择题，请按照以下格式作答：

【思考过程】：...

【最终答案】：AB / BCE / CD / DE / E / ...（只输出选项的编号，不要写选项内容）

示例：
题目：医疗伦理中四大基本原则是？
A.尊重自主权
B.善意行为
C.无害原则
D.公正原则
E.以上都不是
【思考过程】：本题考查医学伦理的四大基本原则，包括尊重自主权、不伤害原则、行善原则、公正原则。

【最终答案】：ABCD

题目：以下哪些行为违反了我国医疗卫生机构的管理规定？
A.将影像科外包给第三方科技公司，收取租金；B.允许民营诊所短期租用本院CT设备；C.与技术公司合作开发数字诊疗平台，并按收益分成；D.某非营利医院将年度盈余按出资人贡献分配；E.向社区卫生服务站免费提供AI诊断算法
【思考过程】：
",AD,客观题
数字医疗,"你是一个严格按照要求答题的医学考试考生。请你先展示出完整的思考过程，然后再输出最终答案。每道题目有至少两个选项（A、B）至多五个选项（A、B、C、D、E），题目为不定项选择题，请按照以下格式作答：

【思考过程】：...

【最终答案】：AB / BCE / CD / DE / E / ...（只输出选项的编号，不要写选项内容）

示例：
题目：医疗伦理中四大基本原则是？
A.尊重自主权
B.善意行为
C.无害原则
D.公正原则
E.以上都不是
【思考过程】：本题考查医学伦理的四大基本原则，包括尊重自主权、不伤害原则、行善原则、公正原则。

【最终答案】：ABCD

题目：以下哪些因素属于需要实行严格管理的医疗卫生技术临床应用的分类标准？
A.服务规模要求较高
B.医疗风险高
C.设备数量要求较高  
D.人员专业技术水平要求较高
【思考过程】：
",BD,客观题
数字医疗,"你是一个严格按照要求答题的医学考试考生。请你先展示出完整的思考过程，然后再输出最终答案。每道题目有至少两个选项（A、B）至多五个选项（A、B、C、D、E），题目为不定项选择题，请按照以下格式作答：

【思考过程】：...

【最终答案】：AB / BCE / CD / DE / E / ...（只输出选项的编号，不要写选项内容）

示例：
题目：医疗伦理中四大基本原则是？
A.尊重自主权
B.善意行为
C.无害原则
D.公正原则
E.以上都不是
【思考过程】：本题考查医学伦理的四大基本原则，包括尊重自主权、不伤害原则、行善原则、公正原则。

【最终答案】：ABCD

题目：根据我国相关法律法规，以下关于健康医疗数据应用的说法哪几项是正确的？
A.健康医疗数据技术标准应包含采集、存储、传输三个环节
B.技术标准需覆盖数据采集、存储、分析、应用全流程
C.健康医疗数据不得用于商业广告定向推送
D.医疗信息交流制度应由医疗卫生机构重点建设
E.健康医疗数据可用于重大疾病预防科学研究
F.医疗机构可向第三方有偿提供匿名健康数据分析
【思考过程】：
",BCDE,客观题
数字医疗,"你是一个严格按照要求答题的医学考试考生。请你先展示出完整的思考过程，然后再输出最终答案。每道题目有至少两个选项（A、B）至多五个选项（A、B、C、D、E），题目为不定项选择题，请按照以下格式作答：

【思考过程】：...

【最终答案】：AB / BCE / CD / DE / E / ...（只输出选项的编号，不要写选项内容）

示例：
题目：医疗伦理中四大基本原则是？
A.尊重自主权
B.善意行为
C.无害原则
D.公正原则
E.以上都不是
【思考过程】：本题考查医学伦理的四大基本原则，包括尊重自主权、不伤害原则、行善原则、公正原则。

【最终答案】：ABCD

题目：下列哪些情形中，医疗机构人员应服从政府调遣参与应急处置？
A.社区举办健康义诊活动时突发暴雨
B.化工企业爆炸导致有毒气体泄漏
C.反恐行动中发生大规模人员伤亡
D.家庭急救因家属操作不当引发并发症
【思考过程】：
",BC,客观题
数字医疗,"你是一个严格按照要求答题的医学考试考生。请你先展示出完整的思考过程，然后再输出最终答案。每道题目有至少两个选项（A、B）至多五个选项（A、B、C、D、E），题目为不定项选择题，请按照以下格式作答：

【思考过程】：...

【最终答案】：AB / BCE / CD / DE / E / ...（只输出选项的编号，不要写选项内容）

示例：
题目：医疗伦理中四大基本原则是？
A.尊重自主权
B.善意行为
C.无害原则
D.公正原则
E.以上都不是
【思考过程】：本题考查医学伦理的四大基本原则，包括尊重自主权、不伤害原则、行善原则、公正原则。

【最终答案】：ABCD

题目：下列哪些属于法律法规要求医疗卫生人员应当弘扬的崇高职业精神？
A.敬佑生命
B.救死扶伤
C.遵守行业规范
D.甘于奉献
E.大爱无疆
【思考过程】：
",ABDE,客观题
数字医疗,"你是一个严格按照要求答题的医学考试考生。请你先展示出完整的思考过程，然后再输出最终答案。每道题目有至少两个选项（A、B）至多五个选项（A、B、C、D、E），题目为不定项选择题，请按照以下格式作答：

【思考过程】：...

【最终答案】：AB / BCE / CD / DE / E / ...（只输出选项的编号，不要写选项内容）

示例：
题目：医疗伦理中四大基本原则是？
A.尊重自主权
B.善意行为
C.无害原则
D.公正原则
E.以上都不是
【思考过程】：本题考查医学伦理的四大基本原则，包括尊重自主权、不伤害原则、行善原则、公正原则。

【最终答案】：ABCD

题目：某数字医疗平台医生在接诊时，下列哪种行为直接违反了医学伦理规范？
A.为慢性病患者开具全身PET-CT检查以排除所有隐匿肿瘤
B.对普通感冒患者开具含抗生素的联合处方
C.根据最新临床指南选择高价但疗效明确的靶向药物
D.接受患者家属通过平台转账的5000元""感谢费""
E.免费提供健康咨询但推荐其购买自己持股的保健品公司的产品
【思考过程】：
",ABDE,客观题
数字医疗,"你是一个严格按照要求答题的医学考试考生。请你先展示出完整的思考过程，然后再输出最终答案。每道题目有至少两个选项（A、B）至多五个选项（A、B、C、D、E），题目为不定项选择题，请按照以下格式作答：

【思考过程】：...

【最终答案】：AB / BCE / CD / DE / E / ...（只输出选项的编号，不要写选项内容）

示例：
题目：医疗伦理中四大基本原则是？
A.尊重自主权
B.善意行为
C.无害原则
D.公正原则
E.以上都不是
【思考过程】：本题考查医学伦理的四大基本原则，包括尊重自主权、不伤害原则、行善原则、公正原则。

【最终答案】：ABCD

题目：以下哪些行为违反了《医疗卫生人员权益保护法》的相关规定？
A. 威胁医疗卫生人员人身安全
B. 患者家属因不满诊断结果在医院静坐抗议
C. 公然贬低医生职业尊严并在社交媒体传播
D. 因医疗纠纷拒绝支付剩余费用
E. 在诊疗室安装未经授权的录音设备
【思考过程】：
",AC,客观题
数字医疗,"你是一个严格按照要求答题的医学考试考生。请你先展示出完整的思考过程，然后再输出最终答案。每道题目有至少两个选项（A、B）至多五个选项（A、B、C、D、E），题目为不定项选择题，请按照以下格式作答：

【思考过程】：...

【最终答案】：AB / BCE / CD / DE / E / ...（只输出选项的编号，不要写选项内容）

示例：
题目：医疗伦理中四大基本原则是？
A.尊重自主权
B.善意行为
C.无害原则
D.公正原则
E.以上都不是
【思考过程】：本题考查医学伦理的四大基本原则，包括尊重自主权、不伤害原则、行善原则、公正原则。

【最终答案】：ABCD

题目：在药品采购中，根据国家规定，以下哪些竞标行为是不被允许的？
A.以低于成本的报价竞标
B.串通投标
C.支付额外服务费用以增进合作
D.滥用市场支配地位
E.发动媒体宣传攻势吸引采购方注意
【思考过程】：
",ABD,客观题
数字医疗,"你是一个严格按照要求答题的医学考试考生。请你先展示出完整的思考过程，然后再输出最终答案。每道题目有至少两个选项（A、B）至多五个选项（A、B、C、D、E），题目为不定项选择题，请按照以下格式作答：

【思考过程】：...

【最终答案】：AB / BCE / CD / DE / E / ...（只输出选项的编号，不要写选项内容）

示例：
题目：医疗伦理中四大基本原则是？
A.尊重自主权
B.善意行为
C.无害原则
D.公正原则
E.以上都不是
【思考过程】：本题考查医学伦理的四大基本原则，包括尊重自主权、不伤害原则、行善原则、公正原则。

【最终答案】：ABCD

题目：根据相关法律法规，医疗卫生人员的下列哪些行为将受到行政处罚？
A.利用职务之便索要财物或非法收受利益
B.泄露公民个人健康信息
C.未及时更新患者电子病历档案
D.未经批准退出多中心临床研究项目
E.在提供医疗服务时未向患者说明替代治疗方案
【思考过程】：
",ABE,客观题
数字医疗,"你是一个严格按照要求答题的医学考试考生。请你先展示出完整的思考过程，然后再输出最终答案。每道题目有至少两个选项（A、B）至多五个选项（A、B、C、D、E），题目为不定项选择题，请按照以下格式作答：

【思考过程】：...

【最终答案】：AB / BCE / CD / DE / E / ...（只输出选项的编号，不要写选项内容）

示例：
题目：医疗伦理中四大基本原则是？
A.尊重自主权
B.善意行为
C.无害原则
D.公正原则
E.以上都不是
【思考过程】：本题考查医学伦理的四大基本原则，包括尊重自主权、不伤害原则、行善原则、公正原则。

【最终答案】：ABCD

题目：以下哪种行为不属于依法应给予治安管理处罚的情形？
A.非法收集患者健康信息制作数据模型
B.未经许可使用医院诊疗室电源为电子设备充电
C.用无人机拍摄医院安全岗分布图后在社交媒体传播
D.经主管部门授权向第三方提供流行病学统计数据
【思考过程】：
",BD,客观题
数字医疗,"你是一个严格按照要求答题的医学考试考生。请你先展示出完整的思考过程，然后再输出最终答案。每道题目有至少两个选项（A、B）至多五个选项（A、B、C、D、E），题目为不定项选择题，请按照以下格式作答：

【思考过程】：...

【最终答案】：AB / BCE / CD / DE / E / ...（只输出选项的编号，不要写选项内容）

示例：
题目：医疗伦理中四大基本原则是？
A.尊重自主权
B.善意行为
C.无害原则
D.公正原则
E.以上都不是
【思考过程】：本题考查医学伦理的四大基本原则，包括尊重自主权、不伤害原则、行善原则、公正原则。

【最终答案】：ABCD

题目：在数字医疗领域，以下哪些情形下电子商务平台经营者需承担连带责任？
A.平台明知某入驻机构销售未经认证的医疗设备但未下架
B.平台发现入驻机构伪造医师资质但未终止合作
C.平台未审核某基因检测服务机构的营业执照导致用户健康受损
D.平台未处理用户关于虚假药品广告的多次举报
E.平台未及时赔偿因医疗器械缺陷导致的用户损失
【思考过程】：
",ABD,客观题
数字医疗,"你是一个严格按照要求答题的医学考试考生。请你先展示出完整的思考过程，然后再输出最终答案。每道题目有至少两个选项（A、B）至多五个选项（A、B、C、D、E），题目为不定项选择题，请按照以下格式作答：

【思考过程】：...

【最终答案】：AB / BCE / CD / DE / E / ...（只输出选项的编号，不要写选项内容）

示例：
题目：医疗伦理中四大基本原则是？
A.尊重自主权
B.善意行为
C.无害原则
D.公正原则
E.以上都不是
【思考过程】：本题考查医学伦理的四大基本原则，包括尊重自主权、不伤害原则、行善原则、公正原则。

【最终答案】：ABCD

题目：在进行远程医疗服务时，以下哪种情形符合相关法律规定？
A.因患者情绪激动，医生仅通过视频口头说明费用后实施服务
B.患者家属主动请求不告知患者真实病情后直接签署同意书
C.医生完成前列腺癌方案讲解后，获取患者电子版语音授权录音
D.患者因认知障碍无法理解病情，医生取得其配偶的签字同意函并公证
【思考过程】：
",D,客观题
数字医疗,"你是一个严格按照要求答题的医学考试考生。请你先展示出完整的思考过程，然后再输出最终答案。每道题目有至少两个选项（A、B）至多五个选项（A、B、C、D、E），题目为不定项选择题，请按照以下格式作答：

【思考过程】：...

【最终答案】：AB / BCE / CD / DE / E / ...（只输出选项的编号，不要写选项内容）

示例：
题目：医疗伦理中四大基本原则是？
A.尊重自主权
B.善意行为
C.无害原则
D.公正原则
E.以上都不是
【思考过程】：本题考查医学伦理的四大基本原则，包括尊重自主权、不伤害原则、行善原则、公正原则。

【最终答案】：ABCD

题目：以下哪项属于参与远程医疗的机构必须确保的安全措施？
A.系统兼容安全
B.网络安全
C.操作安全
D.数据安全
E.隐私安全
【思考过程】：
",BCDE,客观题
数字医疗,"你是一个严格按照要求答题的医学考试考生。请你先展示出完整的思考过程，然后再输出最终答案。每道题目有至少两个选项（A、B）至多五个选项（A、B、C、D、E），题目为不定项选择题，请按照以下格式作答：

【思考过程】：...

【最终答案】：AB / BCE / CD / DE / E / ...（只输出选项的编号，不要写选项内容）

示例：
题目：医疗伦理中四大基本原则是？
A.尊重自主权
B.善意行为
C.无害原则
D.公正原则
E.以上都不是
【思考过程】：本题考查医学伦理的四大基本原则，包括尊重自主权、不伤害原则、行善原则、公正原则。

【最终答案】：ABCD

题目：根据相关规定，以下哪些措施属于医疗机构必须建立的机制以保障患者权益？（多选）
A.建立每月医患交流会制度
B.保障患者知情同意权
C.实施医疗决策民主评审机制
D.维护患者合法权益
E.优先保障医院经济效益
【思考过程】：
",ABD,客观题
数字医疗,"你是一个严格按照要求答题的医学考试考生。请你先展示出完整的思考过程，然后再输出最终答案。每道题目有至少两个选项（A、B）至多五个选项（A、B、C、D、E），题目为不定项选择题，请按照以下格式作答：

【思考过程】：...

【最终答案】：AB / BCE / CD / DE / E / ...（只输出选项的编号，不要写选项内容）

示例：
题目：医疗伦理中四大基本原则是？
A.尊重自主权
B.善意行为
C.无害原则
D.公正原则
E.以上都不是
【思考过程】：本题考查医学伦理的四大基本原则，包括尊重自主权、不伤害原则、行善原则、公正原则。

【最终答案】：ABCD

题目：在远程医疗服务中，违反以下哪些法律法规可能导致卫生健康行政部门的处理？
A.《执业医师法》
B.《医疗机构管理条例》
C.《医疗事故处理条例》
D.《护士条例》
E.《药品管理法》
【思考过程】：
",ABCD,客观题
数字医疗,"你是一个严格按照要求答题的医学考试考生。请你先展示出完整的思考过程，然后再输出最终答案。每道题目有至少两个选项（A、B）至多五个选项（A、B、C、D、E），题目为不定项选择题，请按照以下格式作答：

【思考过程】：...

【最终答案】：AB / BCE / CD / DE / E / ...（只输出选项的编号，不要写选项内容）

示例：
题目：医疗伦理中四大基本原则是？
A.尊重自主权
B.善意行为
C.无害原则
D.公正原则
E.以上都不是
【思考过程】：本题考查医学伦理的四大基本原则，包括尊重自主权、不伤害原则、行善原则、公正原则。

【最终答案】：ABCD

题目：关于数字医疗数据存储和出境的规定，以下哪些表述符合法律要求？
A.必须将用户数据储存在中国境内服务器
B.经申请可将用户数据移交境外研究机构
C.用户同意即可自由向境外传输数据
D.数据出境需向国家网信部门申报安全评估
E.可通过签署协议直接传输到境外合作医院
【思考过程】：
",AD,客观题
数字医疗,"你是一个严格按照要求答题的医学考试考生。请你先展示出完整的思考过程，然后再输出最终答案。每道题目有至少两个选项（A、B）至多五个选项（A、B、C、D、E），题目为不定项选择题，请按照以下格式作答：

【思考过程】：...

【最终答案】：AB / BCE / CD / DE / E / ...（只输出选项的编号，不要写选项内容）

示例：
题目：医疗伦理中四大基本原则是？
A.尊重自主权
B.善意行为
C.无害原则
D.公正原则
E.以上都不是
【思考过程】：本题考查医学伦理的四大基本原则，包括尊重自主权、不伤害原则、行善原则、公正原则。

【最终答案】：ABCD

题目：在数字医疗场景中，确保存储过程数据完整性时需覆盖的数据类型包括以下哪些？
A.鉴别数据
B.权限分配记录
C.重要视频数据
D.重要配置数据
E.访问日志
【思考过程】：
",ACD,客观题
数字医疗,"你是一个严格按照要求答题的医学考试考生。请你先展示出完整的思考过程，然后再输出最终答案。每道题目有至少两个选项（A、B）至多五个选项（A、B、C、D、E），题目为不定项选择题，请按照以下格式作答：

【思考过程】：...

【最终答案】：AB / BCE / CD / DE / E / ...（只输出选项的编号，不要写选项内容）

示例：
题目：医疗伦理中四大基本原则是？
A.尊重自主权
B.善意行为
C.无害原则
D.公正原则
E.以上都不是
【思考过程】：本题考查医学伦理的四大基本原则，包括尊重自主权、不伤害原则、行善原则、公正原则。

【最终答案】：ABCD

题目：下列哪几项符合数字医疗中的个人信息保护要求？
A.收集用户可能感兴趣的个人信息以提高服务质量
B.仅采集业务必需的用户个人信息
C.允许医疗机构内部员工无条件访问用户个人信息
D.未经用户授权不得将个人信息用于其他商业目的
E.用户数据必须保存至少5年以备查验
【思考过程】：
",BD,客观题
数字医疗,"你是一个严格按照要求答题的医学考试考生。请你先展示出完整的思考过程，然后再输出最终答案。每道题目有至少两个选项（A、B）至多五个选项（A、B、C、D、E），题目为不定项选择题，请按照以下格式作答：

【思考过程】：...

【最终答案】：AB / BCE / CD / DE / E / ...（只输出选项的编号，不要写选项内容）

示例：
题目：医疗伦理中四大基本原则是？
A.尊重自主权
B.善意行为
C.无害原则
D.公正原则
E.以上都不是
【思考过程】：本题考查医学伦理的四大基本原则，包括尊重自主权、不伤害原则、行善原则、公正原则。

【最终答案】：ABCD

题目：以下哪些要求属于数据完整性和保密性相关法规内容？
A.云服务客户的核心数据存储于中国境外以规避风险，B.未经云服务客户授权时禁止第三方管理相关数据，C.通过数据压缩技术保障虚拟机迁移期间的传输效率，D.支持客户部署独立密钥管理体系实现加解密自主权，E.在检测到重要数据完整性受损后启动恢复预案
【思考过程】：
",BDE,客观题
数字医疗,"你是一个严格按照要求答题的医学考试考生。请你先展示出完整的思考过程，然后再输出最终答案。每道题目有至少两个选项（A、B）至多五个选项（A、B、C、D、E），题目为不定项选择题，请按照以下格式作答：

【思考过程】：...

【最终答案】：AB / BCE / CD / DE / E / ...（只输出选项的编号，不要写选项内容）

示例：
题目：医疗伦理中四大基本原则是？
A.尊重自主权
B.善意行为
C.无害原则
D.公正原则
E.以上都不是
【思考过程】：本题考查医学伦理的四大基本原则，包括尊重自主权、不伤害原则、行善原则、公正原则。

【最终答案】：ABCD

题目：以下哪些属于数字医疗法律和监管基础中明确强调的要素？（不定项选择）
A. 强化网络安全机制
B. 提高医疗资源分配效率
C. 确保数据处理的完整性与可用性
D. 推动商业机构盈利优先
E. 建立伦理审查与公平保障
【思考过程】：
",ACE,客观题
数字医疗,"你是一个严格按照要求答题的医学考试考生。请你先展示出完整的思考过程，然后再输出最终答案。每道题目有至少两个选项（A、B）至多五个选项（A、B、C、D、E），题目为不定项选择题，请按照以下格式作答：

【思考过程】：...

【最终答案】：AB / BCE / CD / DE / E / ...（只输出选项的编号，不要写选项内容）

示例：
题目：医疗伦理中四大基本原则是？
A.尊重自主权
B.善意行为
C.无害原则
D.公正原则
E.以上都不是
【思考过程】：本题考查医学伦理的四大基本原则，包括尊重自主权、不伤害原则、行善原则、公正原则。

【最终答案】：ABCD

题目：以下哪些属于数据共享时应遵循的核心原则？
A.以盈利为核心目标
B.以信任为基础
C.保护患者个人信息
D.防范程序代码漏洞
E.鼓励数据自由流通
【思考过程】：
",BC,客观题
数字医疗,"你是一个严格按照要求答题的医学考试考生。请你先展示出完整的思考过程，然后再输出最终答案。每道题目有至少两个选项（A、B）至多五个选项（A、B、C、D、E），题目为不定项选择题，请按照以下格式作答：

【思考过程】：...

【最终答案】：AB / BCE / CD / DE / E / ...（只输出选项的编号，不要写选项内容）

示例：
题目：医疗伦理中四大基本原则是？
A.尊重自主权
B.善意行为
C.无害原则
D.公正原则
E.以上都不是
【思考过程】：本题考查医学伦理的四大基本原则，包括尊重自主权、不伤害原则、行善原则、公正原则。

【最终答案】：ABCD

题目：以下哪些属于全球数字医疗战略旨在防范的危害？
A.医疗资源分配不均
B.信息误导（信息疫情）
C.健康数据的不当使用
D.种族主义行为
E.患者隐私权受限
【思考过程】：
",BCD,客观题
数字医疗,"你是一个严格按照要求答题的医学考试考生。请你先展示出完整的思考过程，然后再输出最终答案。每道题目有至少两个选项（A、B）至多五个选项（A、B、C、D、E），题目为不定项选择题，请按照以下格式作答：

【思考过程】：...

【最终答案】：AB / BCE / CD / DE / E / ...（只输出选项的编号，不要写选项内容）

示例：
题目：医疗伦理中四大基本原则是？
A.尊重自主权
B.善意行为
C.无害原则
D.公正原则
E.以上都不是
【思考过程】：本题考查医学伦理的四大基本原则，包括尊重自主权、不伤害原则、行善原则、公正原则。

【最终答案】：ABCD

题目：以下哪些属于数字医疗适当使用需考虑的方面？
A.医疗美容服务标准化
B.患者参与和可负担性
C.远程手术优先原则
D.数据安全的保密性
E.知识产权保护
F.数字垃圾处理
【思考过程】：
",BDEF,客观题
数字医疗,"你是一个严格按照要求答题的医学考试考生。请你先展示出完整的思考过程，然后再输出最终答案。每道题目有至少两个选项（A、B）至多五个选项（A、B、C、D、E），题目为不定项选择题，请按照以下格式作答：

【思考过程】：...

【最终答案】：AB / BCE / CD / DE / E / ...（只输出选项的编号，不要写选项内容）

示例：
题目：医疗伦理中四大基本原则是？
A.尊重自主权
B.善意行为
C.无害原则
D.公正原则
E.以上都不是
【思考过程】：本题考查医学伦理的四大基本原则，包括尊重自主权、不伤害原则、行善原则、公正原则。

【最终答案】：ABCD

题目：以下哪一项属于数字医疗战略目标的相关内容？
A.提高医疗收费标准
B.推行技术专利垄断
C.数字卫生保健知识普及
D.性别平等
E.增强妇女权能
【思考过程】：
",CDE,客观题
数字医疗,"你是一个严格按照要求答题的医学考试考生。请你先展示出完整的思考过程，然后再输出最终答案。每道题目有至少两个选项（A、B）至多五个选项（A、B、C、D、E），题目为不定项选择题，请按照以下格式作答：

【思考过程】：...

【最终答案】：AB / BCE / CD / DE / E / ...（只输出选项的编号，不要写选项内容）

示例：
题目：医疗伦理中四大基本原则是？
A.尊重自主权
B.善意行为
C.无害原则
D.公正原则
E.以上都不是
【思考过程】：本题考查医学伦理的四大基本原则，包括尊重自主权、不伤害原则、行善原则、公正原则。

【最终答案】：ABCD

题目：根据数字卫生保健的相关伦理原则，以下哪些群体是其重点关注的对象？
A.患者
B.家庭
C.社区
D.卫生工作者
E.医疗机构管理人员
【思考过程】：
",ABCD,客观题
安宁疗护,"你是一个严格按照要求答题的医学考试考生。请你先展示出完整的思考过程，然后再输出最终答案。每道题目有至少两个选项（A、B）至多五个选项（A、B、C、D、E），题目为不定项选择题，请按照以下格式作答：

【思考过程】：...

【最终答案】：AB / BCE / CD / DE / E / ...（只输出选项的编号，不要写选项内容）

示例：
题目：医疗伦理中四大基本原则是？
A.尊重自主权
B.善意行为
C.无害原则
D.公正原则
E.以上都不是
【思考过程】：本题考查医学伦理的四大基本原则，包括尊重自主权、不伤害原则、行善原则、公正原则。

【最终答案】：ABCD

题目：在安宁疗护医疗场景中，以下哪种情况医疗卫生人员必须依法取得患者或其近亲属的知情同意？
A.实施镇痛性脊髓电刺激手术
B.开展每周常规血压监测
C.使用新型镇痛药物开展临床效果研究
D.进行终末期生命体征的特殊检查
E.在患者意识清醒时向近亲属说明替代医疗方案
【思考过程】：
",ACD,客观题
安宁疗护,"你是一个严格按照要求答题的医学考试考生。请你先展示出完整的思考过程，然后再输出最终答案。每道题目有至少两个选项（A、B）至多五个选项（A、B、C、D、E），题目为不定项选择题，请按照以下格式作答：

【思考过程】：...

【最终答案】：AB / BCE / CD / DE / E / ...（只输出选项的编号，不要写选项内容）

示例：
题目：医疗伦理中四大基本原则是？
A.尊重自主权
B.善意行为
C.无害原则
D.公正原则
E.以上都不是
【思考过程】：本题考查医学伦理的四大基本原则，包括尊重自主权、不伤害原则、行善原则、公正原则。

【最终答案】：ABCD

题目：在安宁疗护中，以下哪两项属于患者的权利义务范畴？
A.医疗机构可以强制要求患者接受特定治疗
B.患者的隐私权和人格尊严应被保护
C.患者需遵守医疗卫生机构制定的诊疗秩序
D.医务人员可未经许可公开患者病情信息
E.患者可拒绝接受所有医疗建议
【思考过程】：
",BC,客观题
安宁疗护,"你是一个严格按照要求答题的医学考试考生。请你先展示出完整的思考过程，然后再输出最终答案。每道题目有至少两个选项（A、B）至多五个选项（A、B、C、D、E），题目为不定项选择题，请按照以下格式作答：

【思考过程】：...

【最终答案】：AB / BCE / CD / DE / E / ...（只输出选项的编号，不要写选项内容）

示例：
题目：医疗伦理中四大基本原则是？
A.尊重自主权
B.善意行为
C.无害原则
D.公正原则
E.以上都不是
【思考过程】：本题考查医学伦理的四大基本原则，包括尊重自主权、不伤害原则、行善原则、公正原则。

【最终答案】：ABCD

题目：医疗卫生机构开展安宁疗护服务时，需要遵守以下哪些规范性文件？
A.临床诊疗指南
B.医院内部操作惯例
C.临床技术操作规范
D.行业标准
E.家属特殊书面要求
【思考过程】：
",ACD,客观题
安宁疗护,"你是一个严格按照要求答题的医学考试考生。请你先展示出完整的思考过程，然后再输出最终答案。每道题目有至少两个选项（A、B）至多五个选项（A、B、C、D、E），题目为不定项选择题，请按照以下格式作答：

【思考过程】：...

【最终答案】：AB / BCE / CD / DE / E / ...（只输出选项的编号，不要写选项内容）

示例：
题目：医疗伦理中四大基本原则是？
A.尊重自主权
B.善意行为
C.无害原则
D.公正原则
E.以上都不是
【思考过程】：本题考查医学伦理的四大基本原则，包括尊重自主权、不伤害原则、行善原则、公正原则。

【最终答案】：ABCD

题目：在安宁疗护中，以下哪些行为属于医疗卫生人员的禁止行为？
A. 对患者实施不必要的检查以增加收入
B. 根据患者病情调整药物剂量以减轻痛苦
C. 在接受患者家属自愿赠与后优先安排诊疗服务
D. 严格按照临床诊疗技术规范制定治疗方案
E. 在患者无法支付费用时拒绝继续提供基本医疗服务
【思考过程】：
",AC,客观题
安宁疗护,"你是一个严格按照要求答题的医学考试考生。请你先展示出完整的思考过程，然后再输出最终答案。每道题目有至少两个选项（A、B）至多五个选项（A、B、C、D、E），题目为不定项选择题，请按照以下格式作答：

【思考过程】：...

【最终答案】：AB / BCE / CD / DE / E / ...（只输出选项的编号，不要写选项内容）

示例：
题目：医疗伦理中四大基本原则是？
A.尊重自主权
B.善意行为
C.无害原则
D.公正原则
E.以上都不是
【思考过程】：本题考查医学伦理的四大基本原则，包括尊重自主权、不伤害原则、行善原则、公正原则。

【最终答案】：ABCD

题目：以下哪些行为违反了医疗卫生人员权益保护的相关规定？
A.向主治医师发送匿名恐吓邮件
B.多次在工作时间外致电护士站咨询病情
C.以虚假信息在社交媒体上诋毁医师专业声誉
D.要求医师自愿代班完成额外诊疗工作
E.患者家属因不满疗效在候诊区静坐抗议
【思考过程】：
",AC,客观题
安宁疗护,"你是一个严格按照要求答题的医学考试考生。请你先展示出完整的思考过程，然后再输出最终答案。每道题目有至少两个选项（A、B）至多五个选项（A、B、C、D、E），题目为不定项选择题，请按照以下格式作答：

【思考过程】：...

【最终答案】：AB / BCE / CD / DE / E / ...（只输出选项的编号，不要写选项内容）

示例：
题目：医疗伦理中四大基本原则是？
A.尊重自主权
B.善意行为
C.无害原则
D.公正原则
E.以上都不是
【思考过程】：本题考查医学伦理的四大基本原则，包括尊重自主权、不伤害原则、行善原则、公正原则。

【最终答案】：ABCD

题目：以下哪个处理公民个人健康信息的行为是合法的？
A.未经本人同意收集肿瘤病史信息
B.向保险公司出售患者临终关怀记录
C.将老年痴呆患者的病历传输给商业机构
D.取得授权后用于多中心安宁疗护研究
E.经配偶同意后出售患者健康数据
【思考过程】：
",D,客观题
安宁疗护,"你是一个严格按照要求答题的医学考试考生。请你先展示出完整的思考过程，然后再输出最终答案。每道题目有至少两个选项（A、B）至多五个选项（A、B、C、D、E），题目为不定项选择题，请按照以下格式作答：

【思考过程】：...

【最终答案】：AB / BCE / CD / DE / E / ...（只输出选项的编号，不要写选项内容）

示例：
题目：医疗伦理中四大基本原则是？
A.尊重自主权
B.善意行为
C.无害原则
D.公正原则
E.以上都不是
【思考过程】：本题考查医学伦理的四大基本原则，包括尊重自主权、不伤害原则、行善原则、公正原则。

【最终答案】：ABCD

题目：以下关于安宁疗护机构违法行为的罚款倍数组合，哪一个是正确的？
A.无证执业处15-20倍罚款；伪造证件处5-15倍罚款
B.无证执业处5-20倍罚款；伪造证件处5-15倍罚款
C.无证执业处5-10倍罚款；伪造证件处10-20倍罚款
D.无证执业处10-25倍罚款；伪造证件处5-10倍罚款
【思考过程】：
",B,客观题
安宁疗护,"你是一个严格按照要求答题的医学考试考生。请你先展示出完整的思考过程，然后再输出最终答案。每道题目有至少两个选项（A、B）至多五个选项（A、B、C、D、E），题目为不定项选择题，请按照以下格式作答：

【思考过程】：...

【最终答案】：AB / BCE / CD / DE / E / ...（只输出选项的编号，不要写选项内容）

示例：
题目：医疗伦理中四大基本原则是？
A.尊重自主权
B.善意行为
C.无害原则
D.公正原则
E.以上都不是
【思考过程】：本题考查医学伦理的四大基本原则，包括尊重自主权、不伤害原则、行善原则、公正原则。

【最终答案】：ABCD

题目：以下哪些行为违反了医疗卫生机构的管理规定？
A.公立医院与外资企业共同投资设立独立法人资格的康复中心
B.政府办的医院与民营企业合作设立非独立法人资格的诊所
C.三甲医院将后勤清洁服务外包给第三方公司
D.非营利性医疗机构通过高薪聘请举办者亲属变相分配收益
E.非营利性私立医院将年度盈余分配给投资者
【思考过程】：
",BDE,客观题
安宁疗护,"你是一个严格按照要求答题的医学考试考生。请你先展示出完整的思考过程，然后再输出最终答案。每道题目有至少两个选项（A、B）至多五个选项（A、B、C、D、E），题目为不定项选择题，请按照以下格式作答：

【思考过程】：...

【最终答案】：AB / BCE / CD / DE / E / ...（只输出选项的编号，不要写选项内容）

示例：
题目：医疗伦理中四大基本原则是？
A.尊重自主权
B.善意行为
C.无害原则
D.公正原则
E.以上都不是
【思考过程】：本题考查医学伦理的四大基本原则，包括尊重自主权、不伤害原则、行善原则、公正原则。

【最终答案】：ABCD

题目：某医院因安宁疗护病区医疗信息安全制度不健全导致患者信息泄露，根据相关法规，卫生健康主管部门可对其处以多少金额的罚款？
A.五千元以上三万元以下
B.一万元以上三万元以下
C.一万元以上五万元以下
D.没收违法所得并处十万元以下罚款
E.责令停业整顿
【思考过程】：
",C,客观题
安宁疗护,"你是一个严格按照要求答题的医学考试考生。请你先展示出完整的思考过程，然后再输出最终答案。每道题目有至少两个选项（A、B）至多五个选项（A、B、C、D、E），题目为不定项选择题，请按照以下格式作答：

【思考过程】：...

【最终答案】：AB / BCE / CD / DE / E / ...（只输出选项的编号，不要写选项内容）

示例：
题目：医疗伦理中四大基本原则是？
A.尊重自主权
B.善意行为
C.无害原则
D.公正原则
E.以上都不是
【思考过程】：本题考查医学伦理的四大基本原则，包括尊重自主权、不伤害原则、行善原则、公正原则。

【最终答案】：ABCD

题目：在安宁疗护服务中，医疗卫生人员的下列哪些行为可能面临行政处罚？
A.向患者家属暗示需要礼品才优先安排护理服务
B.将患者病情细节上传至社交平台
C.开展新型镇痛疗法研究时未向伦理委员会申报
D.擅自将家属签字的手术同意书销毁
E.未取得患者同意即进行高风险生命维持操作
【思考过程】：
",ABC,客观题
安宁疗护,"你是一个严格按照要求答题的医学考试考生。请你先展示出完整的思考过程，然后再输出最终答案。每道题目有至少两个选项（A、B）至多五个选项（A、B、C、D、E），题目为不定项选择题，请按照以下格式作答：

【思考过程】：...

【最终答案】：AB / BCE / CD / DE / E / ...（只输出选项的编号，不要写选项内容）

示例：
题目：医疗伦理中四大基本原则是？
A.尊重自主权
B.善意行为
C.无害原则
D.公正原则
E.以上都不是
【思考过程】：本题考查医学伦理的四大基本原则，包括尊重自主权、不伤害原则、行善原则、公正原则。

【最终答案】：ABCD

题目：以下哪些行为违反《基本医疗卫生与健康促进法》，应依法给予治安管理处罚？
A.非法买卖公民个人健康信息
B.拒绝为临终患者提供止疼药物
C.在安宁疗护病房内大声喧哗并推搡医护人员
D.未征得家属同意开展输血治疗
E.未按要求报告传染病疑似病例
【思考过程】：
",AC,客观题
安宁疗护,"你是一个严格按照要求答题的医学考试考生。请你先展示出完整的思考过程，然后再输出最终答案。每道题目有至少两个选项（A、B）至多五个选项（A、B、C、D、E），题目为不定项选择题，请按照以下格式作答：

【思考过程】：...

【最终答案】：AB / BCE / CD / DE / E / ...（只输出选项的编号，不要写选项内容）

示例：
题目：医疗伦理中四大基本原则是？
A.尊重自主权
B.善意行为
C.无害原则
D.公正原则
E.以上都不是
【思考过程】：本题考查医学伦理的四大基本原则，包括尊重自主权、不伤害原则、行善原则、公正原则。

【最终答案】：ABCD

题目：以下哪些属于赡养人应当履行的法定义务？（多选）
A.监督老年人的财产分配
B.对老年人提供经济上的供养
C.承担老年人全部的医疗决策责任
D.对老年人进行生活上的照料
E.满足老年人的特殊需求
F.定期给予老年人精神慰藉
【思考过程】：
",BDEF,客观题
安宁疗护,"你是一个严格按照要求答题的医学考试考生。请你先展示出完整的思考过程，然后再输出最终答案。每道题目有至少两个选项（A、B）至多五个选项（A、B、C、D、E），题目为不定项选择题，请按照以下格式作答：

【思考过程】：...

【最终答案】：AB / BCE / CD / DE / E / ...（只输出选项的编号，不要写选项内容）

示例：
题目：医疗伦理中四大基本原则是？
A.尊重自主权
B.善意行为
C.无害原则
D.公正原则
E.以上都不是
【思考过程】：本题考查医学伦理的四大基本原则，包括尊重自主权、不伤害原则、行善原则、公正原则。

【最终答案】：ABCD

题目：以下哪些属于赡养人在安宁疗护中对生活不能自理老年人的法定义务？
A.使患病老年人及时得到治疗和护理
B.必须亲自照料生活不能自理的老年人
C.为经济困难老年人提供医疗费用
D.不能照料时可自行委托养老机构
E.承担生活不能自理老年人的照料责任
【思考过程】：
",ACE,客观题
安宁疗护,"你是一个严格按照要求答题的医学考试考生。请你先展示出完整的思考过程，然后再输出最终答案。每道题目有至少两个选项（A、B）至多五个选项（A、B、C、D、E），题目为不定项选择题，请按照以下格式作答：

【思考过程】：...

【最终答案】：AB / BCE / CD / DE / E / ...（只输出选项的编号，不要写选项内容）

示例：
题目：医疗伦理中四大基本原则是？
A.尊重自主权
B.善意行为
C.无害原则
D.公正原则
E.以上都不是
【思考过程】：本题考查医学伦理的四大基本原则，包括尊重自主权、不伤害原则、行善原则、公正原则。

【最终答案】：ABCD

题目：在安宁疗护中，以下哪些属于家庭成员或用人单位的法定义务？
A.家庭成员应当关心老年人的精神需求
B.家庭成员需优先满足老年人物质需求
C.分开居住的成员每月上门探视一次
D.用人单位应保障老年人的探亲休假权利
E.用人单位需保障赡养人的探亲休假权利
【思考过程】：
",AE,客观题
安宁疗护,"你是一个严格按照要求答题的医学考试考生。请你先展示出完整的思考过程，然后再输出最终答案。每道题目有至少两个选项（A、B）至多五个选项（A、B、C、D、E），题目为不定项选择题，请按照以下格式作答：

【思考过程】：...

【最终答案】：AB / BCE / CD / DE / E / ...（只输出选项的编号，不要写选项内容）

示例：
题目：医疗伦理中四大基本原则是？
A.尊重自主权
B.善意行为
C.无害原则
D.公正原则
E.以上都不是
【思考过程】：本题考查医学伦理的四大基本原则，包括尊重自主权、不伤害原则、行善原则、公正原则。

【最终答案】：ABCD

题目：以下哪些行为违反了""禁止对老年人实施家庭暴力""的规定？
A.未告知患者替老年痴呆症患者签署镇静剂使用同意书
B.要求患有高血压的老年人每日转账才提供饮食
C.三个月未更换失能老人的褥疮护理用品
D.因认知退化频繁指责老人""活着是累赘""
E.监护人限制有走失风险老人单独外出时间
【思考过程】：
",BCD,客观题
安宁疗护,"你是一个严格按照要求答题的医学考试考生。请你先展示出完整的思考过程，然后再输出最终答案。每道题目有至少两个选项（A、B）至多五个选项（A、B、C、D、E），题目为不定项选择题，请按照以下格式作答：

【思考过程】：...

【最终答案】：AB / BCE / CD / DE / E / ...（只输出选项的编号，不要写选项内容）

示例：
题目：医疗伦理中四大基本原则是？
A.尊重自主权
B.善意行为
C.无害原则
D.公正原则
E.以上都不是
【思考过程】：本题考查医学伦理的四大基本原则，包括尊重自主权、不伤害原则、行善原则、公正原则。

【最终答案】：ABCD

题目：以下哪种情形属于地方人民政府应当给予供养或救助的老年人范围？
A.子女有稳定收入但患有慢性病的老年人
B.无赡养人且无生活来源的老年人
C.赡养人因残疾完全丧失劳动能力的老年人
D.流浪乞讨且无户籍的老年人
E.生活无着但未签订遗赠扶养协议的老年人
【思考过程】：
",BCDE,客观题
安宁疗护,"你是一个严格按照要求答题的医学考试考生。请你先展示出完整的思考过程，然后再输出最终答案。每道题目有至少两个选项（A、B）至多五个选项（A、B、C、D、E），题目为不定项选择题，请按照以下格式作答：

【思考过程】：...

【最终答案】：AB / BCE / CD / DE / E / ...（只输出选项的编号，不要写选项内容）

示例：
题目：医疗伦理中四大基本原则是？
A.尊重自主权
B.善意行为
C.无害原则
D.公正原则
E.以上都不是
【思考过程】：本题考查医学伦理的四大基本原则，包括尊重自主权、不伤害原则、行善原则、公正原则。

【最终答案】：ABCD

题目：以下哪种情况的老年人符合国家规定的救助条件？
A.老年人有退休金但不足以支付医疗费用
B.老年人无生活来源，子女无经济能力
C.老年人无劳动能力但拥有房产
D.赡养人拒绝履行赡养义务，老年人无收入
E.流浪乞讨的老年人
【思考过程】：
",BE,客观题
安宁疗护,"你是一个严格按照要求答题的医学考试考生。请你先展示出完整的思考过程，然后再输出最终答案。每道题目有至少两个选项（A、B）至多五个选项（A、B、C、D、E），题目为不定项选择题，请按照以下格式作答：

【思考过程】：...

【最终答案】：AB / BCE / CD / DE / E / ...（只输出选项的编号，不要写选项内容）

示例：
题目：医疗伦理中四大基本原则是？
A.尊重自主权
B.善意行为
C.无害原则
D.公正原则
E.以上都不是
【思考过程】：本题考查医学伦理的四大基本原则，包括尊重自主权、不伤害原则、行善原则、公正原则。

【最终答案】：ABCD

题目：以下哪些服务属于医疗机构应为老年人提供的医疗服务范畴？
A.家庭病床服务
B.专场商业健康讲座
C.巡回医疗和护理
D.付费体检项目
E.社区急救技能培训
【思考过程】：
",AC,客观题
安宁疗护,"你是一个严格按照要求答题的医学考试考生。请你先展示出完整的思考过程，然后再输出最终答案。每道题目有至少两个选项（A、B）至多五个选项（A、B、C、D、E），题目为不定项选择题，请按照以下格式作答：

【思考过程】：...

【最终答案】：AB / BCE / CD / DE / E / ...（只输出选项的编号，不要写选项内容）

示例：
题目：医疗伦理中四大基本原则是？
A.尊重自主权
B.善意行为
C.无害原则
D.公正原则
E.以上都不是
【思考过程】：本题考查医学伦理的四大基本原则，包括尊重自主权、不伤害原则、行善原则、公正原则。

【最终答案】：ABCD

题目：以下哪些行为可能被依法追究责任？
A. 干涉老年人婚姻自由
B. 拒绝履行赡养义务导致老人营养不良
C. 因教育目的短暂限制老人自由
D. 与老人争执时推搡使其轻微擦伤
E. 未经许可转租老人名下房产
【思考过程】：
",ABD,客观题
安宁疗护,"你是一个严格按照要求答题的医学考试考生。请你先展示出完整的思考过程，然后再输出最终答案。每道题目有至少两个选项（A、B）至多五个选项（A、B、C、D、E），题目为不定项选择题，请按照以下格式作答：

【思考过程】：...

【最终答案】：AB / BCE / CD / DE / E / ...（只输出选项的编号，不要写选项内容）

示例：
题目：医疗伦理中四大基本原则是？
A.尊重自主权
B.善意行为
C.无害原则
D.公正原则
E.以上都不是
【思考过程】：本题考查医学伦理的四大基本原则，包括尊重自主权、不伤害原则、行善原则、公正原则。

【最终答案】：ABCD

题目：下列哪项不属于养老机构侵害老年人权益可能承担的法律责任？
A. 依法承担民事责任
B. 有关主管部门依法给予行政处罚
C. 构成犯罪的依法追究刑事责任
D. 被上级管理机构处以纪律处分
E. 接受社会道德谴责
【思考过程】：
",DE,客观题
安宁疗护,"你是一个严格按照要求答题的医学考试考生。请你先展示出完整的思考过程，然后再输出最终答案。每道题目有至少两个选项（A、B）至多五个选项（A、B、C、D、E），题目为不定项选择题，请按照以下格式作答：

【思考过程】：...

【最终答案】：AB / BCE / CD / DE / E / ...（只输出选项的编号，不要写选项内容）

示例：
题目：医疗伦理中四大基本原则是？
A.尊重自主权
B.善意行为
C.无害原则
D.公正原则
E.以上都不是
【思考过程】：本题考查医学伦理的四大基本原则，包括尊重自主权、不伤害原则、行善原则、公正原则。

【最终答案】：ABCD

题目：以下关于安宁疗护病房配置的规范要求，正确的组合是：
A. 每床净使用面积≥5㎡，部分病房设置为上下铺床位以节省空间
B. 单人病房间距不限，多人病房每床配备紫外线消毒灯
C. 多人病房配备隔帘，每床配置呼叫装置、可调节高度的安全床挡
D. 设置集中呼叫系统，床位间设置可移动隔断
【思考过程】：
",C,客观题
安宁疗护,"你是一个严格按照要求答题的医学考试考生。请你先展示出完整的思考过程，然后再输出最终答案。每道题目有至少两个选项（A、B）至多五个选项（A、B、C、D、E），题目为不定项选择题，请按照以下格式作答：

【思考过程】：...

【最终答案】：AB / BCE / CD / DE / E / ...（只输出选项的编号，不要写选项内容）

示例：
题目：医疗伦理中四大基本原则是？
A.尊重自主权
B.善意行为
C.无害原则
D.公正原则
E.以上都不是
【思考过程】：本题考查医学伦理的四大基本原则，包括尊重自主权、不伤害原则、行善原则、公正原则。

【最终答案】：ABCD

题目：以下哪项不属于安宁疗护机构关怀室（告别室）设置应满足的条件？
A.设置民族习惯相关文化器具
B.配置日常家属需求收集系统
C.配备可容纳多人告别的影音设施
D.未经家属同意可简化遗体处理流程
E.安装符合传统祭祀仪式的装饰物
【思考过程】：
",D,客观题
安宁疗护,"你是一个严格按照要求答题的医学考试考生。请你先展示出完整的思考过程，然后再输出最终答案。每道题目有至少两个选项（A、B）至多五个选项（A、B、C、D、E），题目为不定项选择题，请按照以下格式作答：

【思考过程】：...

【最终答案】：AB / BCE / CD / DE / E / ...（只输出选项的编号，不要写选项内容）

示例：
题目：医疗伦理中四大基本原则是？
A.尊重自主权
B.善意行为
C.无害原则
D.公正原则
E.以上都不是
【思考过程】：本题考查医学伦理的四大基本原则，包括尊重自主权、不伤害原则、行善原则、公正原则。

【最终答案】：ABCD

题目：以下哪项属于安宁疗护中心医疗质量安全管理部门或专职人员的职责？
A.每季度对规章制度落实情况进行一次全面检查
B.对医疗质量、医院感染管理及一次性医疗器具管理进行检查
C.监测重点部门和普通患者安全因素并提出控制措施
D.监督医疗废物的管理并提出质量控制改进意见
E.负责医院年度科研项目拨款预算的审查
【思考过程】：
",BD,客观题
安宁疗护,"你是一个严格按照要求答题的医学考试考生。请你先展示出完整的思考过程，然后再输出最终答案。每道题目有至少两个选项（A、B）至多五个选项（A、B、C、D、E），题目为不定项选择题，请按照以下格式作答：

【思考过程】：...

【最终答案】：AB / BCE / CD / DE / E / ...（只输出选项的编号，不要写选项内容）

示例：
题目：医疗伦理中四大基本原则是？
A.尊重自主权
B.善意行为
C.无害原则
D.公正原则
E.以上都不是
【思考过程】：本题考查医学伦理的四大基本原则，包括尊重自主权、不伤害原则、行善原则、公正原则。

【最终答案】：ABCD

题目：安宁疗护过程中，针对医疗器械的使用规范，哪几项要求必须严格执行？
A.接触患者黏膜的器具需达到灭菌水平
B.进入无菌器官的器械必须采用消毒处理
C.一次性器具经高温灭菌后可循环使用
D.遵循《医院感染管理办法》的灭菌/消毒分级制度
E.允许在紧急情况下重复使用全密封包装的无菌器械
【思考过程】：
",D,客观题
安宁疗护,"你是一个严格按照要求答题的医学考试考生。请你先展示出完整的思考过程，然后再输出最终答案。每道题目有至少两个选项（A、B）至多五个选项（A、B、C、D、E），题目为不定项选择题，请按照以下格式作答：

【思考过程】：...

【最终答案】：AB / BCE / CD / DE / E / ...（只输出选项的编号，不要写选项内容）

示例：
题目：医疗伦理中四大基本原则是？
A.尊重自主权
B.善意行为
C.无害原则
D.公正原则
E.以上都不是
【思考过程】：本题考查医学伦理的四大基本原则，包括尊重自主权、不伤害原则、行善原则、公正原则。

【最终答案】：ABCD

题目：在安宁疗护病房中，护士发现一位患者需要紧急使用镇痛药物，下列哪些行为符合特殊管理药品的使用规定？
A.在药品登记表中仅标注药品名称和用量
B.使用后完整登记药品批号及剩余量
C.由两名护士共同核对患者身份信息
D.将未用完的残留药液直接排入水槽
E.因患者意识模糊未向其解释药物风险
【思考过程】：
",BC,客观题
安宁疗护,"你是一个严格按照要求答题的医学考试考生。请你先展示出完整的思考过程，然后再输出最终答案。每道题目有至少两个选项（A、B）至多五个选项（A、B、C、D、E），题目为不定项选择题，请按照以下格式作答：

【思考过程】：...

【最终答案】：AB / BCE / CD / DE / E / ...（只输出选项的编号，不要写选项内容）

示例：
题目：医疗伦理中四大基本原则是？
A.尊重自主权
B.善意行为
C.无害原则
D.公正原则
E.以上都不是
【思考过程】：本题考查医学伦理的四大基本原则，包括尊重自主权、不伤害原则、行善原则、公正原则。

【最终答案】：ABCD

题目：以下哪些风险属于医疗机构在安宁疗护中必须评估的高危患者风险？
A.跌倒
B.坠床
C.呛咳
D.自杀
E.压疮
【思考过程】：
",ABDE,客观题
安宁疗护,"你是一个严格按照要求答题的医学考试考生。请你先展示出完整的思考过程，然后再输出最终答案。每道题目有至少两个选项（A、B）至多五个选项（A、B、C、D、E），题目为不定项选择题，请按照以下格式作答：

【思考过程】：...

【最终答案】：AB / BCE / CD / DE / E / ...（只输出选项的编号，不要写选项内容）

示例：
题目：医疗伦理中四大基本原则是？
A.尊重自主权
B.善意行为
C.无害原则
D.公正原则
E.以上都不是
【思考过程】：本题考查医学伦理的四大基本原则，包括尊重自主权、不伤害原则、行善原则、公正原则。

【最终答案】：ABCD

题目：安宁疗护中心存在以下哪些情形时，卫生计生行政部门会依法依规从严从重处理？
A.使用未取得执业资格的护士进行临终患者护理
B.因消毒流程疏漏导致患者群体性感染
C.管理制度未备案但未造成实际影响
D.违反医疗广告管理办法发布虚假宣传
E.对非紧急医疗需求响应延迟超过12小时
【思考过程】：
",ABD,客观题
安宁疗护,"你是一个严格按照要求答题的医学考试考生。请你先展示出完整的思考过程，然后再输出最终答案。每道题目有至少两个选项（A、B）至多五个选项（A、B、C、D、E），题目为不定项选择题，请按照以下格式作答：

【思考过程】：...

【最终答案】：AB / BCE / CD / DE / E / ...（只输出选项的编号，不要写选项内容）

示例：
题目：医疗伦理中四大基本原则是？
A.尊重自主权
B.善意行为
C.无害原则
D.公正原则
E.以上都不是
【思考过程】：本题考查医学伦理的四大基本原则，包括尊重自主权、不伤害原则、行善原则、公正原则。

【最终答案】：ABCD

题目：以下哪些属于安宁疗护的核心服务内容？
A.优先治愈终末期疾病
B.提供躯体症状的缓解措施
C.个性化宗教仪式服务
D.患者精神心理辅导
E.协调患者社会支持体系
【思考过程】：
",BDE,客观题
安宁疗护,"你是一个严格按照要求答题的医学考试考生。请你先展示出完整的思考过程，然后再输出最终答案。每道题目有至少两个选项（A、B）至多五个选项（A、B、C、D、E），题目为不定项选择题，请按照以下格式作答：

【思考过程】：...

【最终答案】：AB / BCE / CD / DE / E / ...（只输出选项的编号，不要写选项内容）

示例：
题目：医疗伦理中四大基本原则是？
A.尊重自主权
B.善意行为
C.无害原则
D.公正原则
E.以上都不是
【思考过程】：本题考查医学伦理的四大基本原则，包括尊重自主权、不伤害原则、行善原则、公正原则。

【最终答案】：ABCD

题目：以下哪一项不属于老年安宁疗护病区的主要服务内容？
A.症状控制与身体痛苦缓解
B.家属经济援助计划
C.患者家属哀伤辅导
D.积极延长寿​命的医疗干预
E.精神心理支持与社会关怀
【思考过程】：
",D,客观题
安宁疗护,"你是一个严格按照要求答题的医学考试考生。请你先展示出完整的思考过程，然后再输出最终答案。每道题目有至少两个选项（A、B）至多五个选项（A、B、C、D、E），题目为不定项选择题，请按照以下格式作答：

【思考过程】：...

【最终答案】：AB / BCE / CD / DE / E / ...（只输出选项的编号，不要写选项内容）

示例：
题目：医疗伦理中四大基本原则是？
A.尊重自主权
B.善意行为
C.无害原则
D.公正原则
E.以上都不是
【思考过程】：本题考查医学伦理的四大基本原则，包括尊重自主权、不伤害原则、行善原则、公正原则。

【最终答案】：ABCD

题目：关于老年安宁疗护病区的环境处理，以下哪项措施是正确的？
A.服务对象离开后立即进行常规清洁
B.每月对病房进行一次终末消毒
C.服务对象离开后必须进行终末消毒处理
D.家属可自行清扫后接收新患者
【思考过程】：
",C,客观题
安宁疗护,"你是一个严格按照要求答题的医学考试考生。请你先展示出完整的思考过程，然后再输出最终答案。每道题目有至少两个选项（A、B）至多五个选项（A、B、C、D、E），题目为不定项选择题，请按照以下格式作答：

【思考过程】：...

【最终答案】：AB / BCE / CD / DE / E / ...（只输出选项的编号，不要写选项内容）

示例：
题目：医疗伦理中四大基本原则是？
A.尊重自主权
B.善意行为
C.无害原则
D.公正原则
E.以上都不是
【思考过程】：本题考查医学伦理的四大基本原则，包括尊重自主权、不伤害原则、行善原则、公正原则。

【最终答案】：ABCD

题目：安宁疗护无障碍设计的合规标准要求是什么？
A.GB 55019
B.GB 55020
C.WS/T 510
D.WS/T 520
E.ISO 13485
【思考过程】：
",AC,客观题
安宁疗护,"你是一个严格按照要求答题的医学考试考生。请你先展示出完整的思考过程，然后再输出最终答案。每道题目有至少两个选项（A、B）至多五个选项（A、B、C、D、E），题目为不定项选择题，请按照以下格式作答：

【思考过程】：...

【最终答案】：AB / BCE / CD / DE / E / ...（只输出选项的编号，不要写选项内容）

示例：
题目：医疗伦理中四大基本原则是？
A.尊重自主权
B.善意行为
C.无害原则
D.公正原则
E.以上都不是
【思考过程】：本题考查医学伦理的四大基本原则，包括尊重自主权、不伤害原则、行善原则、公正原则。

【最终答案】：ABCD

题目：以下哪些管理制度是安宁疗护机构必须建立的？（多选）
A.财务管理报销制度
B.老年患者档案管理制度
C.设施设备定期校准制度
D.护理人员资质审查制度
E.医疗废弃物分类制度
【思考过程】：
",CD,客观题
安宁疗护,"你是一个严格按照要求答题的医学考试考生。请你先展示出完整的思考过程，然后再输出最终答案。每道题目有至少两个选项（A、B）至多五个选项（A、B、C、D、E），题目为不定项选择题，请按照以下格式作答：

【思考过程】：...

【最终答案】：AB / BCE / CD / DE / E / ...（只输出选项的编号，不要写选项内容）

示例：
题目：医疗伦理中四大基本原则是？
A.尊重自主权
B.善意行为
C.无害原则
D.公正原则
E.以上都不是
【思考过程】：本题考查医学伦理的四大基本原则，包括尊重自主权、不伤害原则、行善原则、公正原则。

【最终答案】：ABCD

题目：根据临终关怀室隐私保护要求，以下哪两项措施符合规定？
A.每床位加装透明玻璃窗方便观察
B.相邻床位之间使用高密度隔音板
C.采用可移动屏风替代物理隔断
D.每个床位区域配备独立呼叫系统
【思考过程】：
",BD,客观题
安宁疗护,"你是一个严格按照要求答题的医学考试考生。请你先展示出完整的思考过程，然后再输出最终答案。每道题目有至少两个选项（A、B）至多五个选项（A、B、C、D、E），题目为不定项选择题，请按照以下格式作答：

【思考过程】：...

【最终答案】：AB / BCE / CD / DE / E / ...（只输出选项的编号，不要写选项内容）

示例：
题目：医疗伦理中四大基本原则是？
A.尊重自主权
B.善意行为
C.无害原则
D.公正原则
E.以上都不是
【思考过程】：本题考查医学伦理的四大基本原则，包括尊重自主权、不伤害原则、行善原则、公正原则。

【最终答案】：ABCD

题目：以下哪些做法符合安宁疗护服务中关于维护服务对象权益和尊严的要求？
A. 在多人病房内设置独立隔间保护隐私
B. 强制使用镇静剂以减少患者情绪波动
C. 征得患者同意后再调整镇痛方案
D. 允许家属参与护理决策但忽略患者本人意愿
E. 在走廊讨论病情以便快速协调医疗资源
【思考过程】：
",AC,客观题
安宁疗护,"你是一个严格按照要求答题的医学考试考生。请你先展示出完整的思考过程，然后再输出最终答案。每道题目有至少两个选项（A、B）至多五个选项（A、B、C、D、E），题目为不定项选择题，请按照以下格式作答：

【思考过程】：...

【最终答案】：AB / BCE / CD / DE / E / ...（只输出选项的编号，不要写选项内容）

示例：
题目：医疗伦理中四大基本原则是？
A.尊重自主权
B.善意行为
C.无害原则
D.公正原则
E.以上都不是
【思考过程】：本题考查医学伦理的四大基本原则，包括尊重自主权、不伤害原则、行善原则、公正原则。

【最终答案】：ABCD

题目：在安宁疗护中，与老年人及相关第三方确定临终关怀服务时，以下哪些属于必须告知的法定内容？
A.服务接受方的宗教信仰限制
B.服务过程中的权责划分
C.是否允许家属随时终止服务
D.服务的具体内容与流程
E.预期达到的治疗效果
【思考过程】：
",BDE,客观题
安宁疗护,"你是一个严格按照要求答题的医学考试考生。请你先展示出完整的思考过程，然后再输出最终答案。每道题目有至少两个选项（A、B）至多五个选项（A、B、C、D、E），题目为不定项选择题，请按照以下格式作答：

【思考过程】：...

【最终答案】：AB / BCE / CD / DE / E / ...（只输出选项的编号，不要写选项内容）

示例：
题目：医疗伦理中四大基本原则是？
A.尊重自主权
B.善意行为
C.无害原则
D.公正原则
E.以上都不是
【思考过程】：本题考查医学伦理的四大基本原则，包括尊重自主权、不伤害原则、行善原则、公正原则。

【最终答案】：ABCD

题目：以下哪项属于安宁疗护中社工服务的内容？
A.提供心理疏导和精神支持
B.多陪伴交流
C.帮助服务对象消除所有负面情绪
D.制定详细的医疗治疗方案
【思考过程】：
",AB,客观题
安宁疗护,"你是一个严格按照要求答题的医学考试考生。请你先展示出完整的思考过程，然后再输出最终答案。每道题目有至少两个选项（A、B）至多五个选项（A、B、C、D、E），题目为不定项选择题，请按照以下格式作答：

【思考过程】：...

【最终答案】：AB / BCE / CD / DE / E / ...（只输出选项的编号，不要写选项内容）

示例：
题目：医疗伦理中四大基本原则是？
A.尊重自主权
B.善意行为
C.无害原则
D.公正原则
E.以上都不是
【思考过程】：本题考查医学伦理的四大基本原则，包括尊重自主权、不伤害原则、行善原则、公正原则。

【最终答案】：ABCD

题目：在安宁疗护中，以下哪些属于为服务对象亲属提供的社工服务？
A.引导亲属与服务对象沟通交流
B.为亲属探视创造便利条件
C.代亲属签署医疗同意书
D.限制亲属探视次数以维持秩序
【思考过程】：
",AB,客观题
安宁疗护,"你是一个严格按照要求答题的医学考试考生。请你先展示出完整的思考过程，然后再输出最终答案。每道题目有至少两个选项（A、B）至多五个选项（A、B、C、D、E），题目为不定项选择题，请按照以下格式作答：

【思考过程】：...

【最终答案】：AB / BCE / CD / DE / E / ...（只输出选项的编号，不要写选项内容）

示例：
题目：医疗伦理中四大基本原则是？
A.尊重自主权
B.善意行为
C.无害原则
D.公正原则
E.以上都不是
【思考过程】：本题考查医学伦理的四大基本原则，包括尊重自主权、不伤害原则、行善原则、公正原则。

【最终答案】：ABCD

题目：以下哪项措施属于安宁疗护中医护人员指导下的舒缓不适症状实施内容？
A.手术治疗
B.用药
C.各种专业护理措施
D.心理治疗
E.陪伴交流
【思考过程】：
",BCE,客观题
安宁疗护,"你是一个严格按照要求答题的医学考试考生。请你先展示出完整的思考过程，然后再输出最终答案。每道题目有至少两个选项（A、B）至多五个选项（A、B、C、D、E），题目为不定项选择题，请按照以下格式作答：

【思考过程】：...

【最终答案】：AB / BCE / CD / DE / E / ...（只输出选项的编号，不要写选项内容）

示例：
题目：医疗伦理中四大基本原则是？
A.尊重自主权
B.善意行为
C.无害原则
D.公正原则
E.以上都不是
【思考过程】：本题考查医学伦理的四大基本原则，包括尊重自主权、不伤害原则、行善原则、公正原则。

【最终答案】：ABCD

题目：在安宁疗护中，以下哪些属于医护人员的核心服务内容？
A.实施手术治愈疾病
B.进行症状控制
C.使用昂贵仪器延长生命
D.缓解服务对象的痛苦
E.提供化疗治疗方案
【思考过程】：
",BD,客观题
安宁疗护,"你是一个严格按照要求答题的医学考试考生。请你先展示出完整的思考过程，然后再输出最终答案。每道题目有至少两个选项（A、B）至多五个选项（A、B、C、D、E），题目为不定项选择题，请按照以下格式作答：

【思考过程】：...

【最终答案】：AB / BCE / CD / DE / E / ...（只输出选项的编号，不要写选项内容）

示例：
题目：医疗伦理中四大基本原则是？
A.尊重自主权
B.善意行为
C.无害原则
D.公正原则
E.以上都不是
【思考过程】：本题考查医学伦理的四大基本原则，包括尊重自主权、不伤害原则、行善原则、公正原则。

【最终答案】：ABCD

题目：下列哪一选项不符合服务对象离世后的处理要求？
A.保持其身体清洁
B.调整其体位至自然状态
C.对其进行基本的外观整理以确保尊严
D.依照家属要求为其化妆以修饰外观
E.清洁其面部并维持温和表情
【思考过程】：
",D,客观题
安宁疗护,"你是一个严格按照要求答题的医学考试考生。请你先展示出完整的思考过程，然后再输出最终答案。每道题目有至少两个选项（A、B）至多五个选项（A、B、C、D、E），题目为不定项选择题，请按照以下格式作答：

【思考过程】：...

【最终答案】：AB / BCE / CD / DE / E / ...（只输出选项的编号，不要写选项内容）

示例：
题目：医疗伦理中四大基本原则是？
A.尊重自主权
B.善意行为
C.无害原则
D.公正原则
E.以上都不是
【思考过程】：本题考查医学伦理的四大基本原则，包括尊重自主权、不伤害原则、行善原则、公正原则。

【最终答案】：ABCD

题目：以下哪一项属于安宁疗护机构在患者离世后应履行的义务？
A.全权负责葬礼流程设计
B.协助相关第三方完成殡葬事宜
C.为家属提供哀伤心理辅导
D.向家属发放经济援助金
【思考过程】：
",BC,客观题
安宁疗护,"你是一个严格按照要求答题的医学考试考生。请你先展示出完整的思考过程，然后再输出最终答案。每道题目有至少两个选项（A、B）至多五个选项（A、B、C、D、E），题目为不定项选择题，请按照以下格式作答：

【思考过程】：...

【最终答案】：AB / BCE / CD / DE / E / ...（只输出选项的编号，不要写选项内容）

示例：
题目：医疗伦理中四大基本原则是？
A.尊重自主权
B.善意行为
C.无害原则
D.公正原则
E.以上都不是
【思考过程】：本题考查医学伦理的四大基本原则，包括尊重自主权、不伤害原则、行善原则、公正原则。

【最终答案】：ABCD

题目：以下哪项措施最符合“加强评估和观察，防范意外”的要求？
A.在值班护士交班时集中检查体征
B.每天定时进行两次综合评估并记录行为异常风险
C.仅在患者主诉不适时安排专科医师会诊
D.要求家属每12小时提交书面病情报告
E.安装离床报警系统并实时监测睡眠状态
【思考过程】：
",BE,客观题
安宁疗护,"你是一个严格按照要求答题的医学考试考生。请你先展示出完整的思考过程，然后再输出最终答案。每道题目有至少两个选项（A、B）至多五个选项（A、B、C、D、E），题目为不定项选择题，请按照以下格式作答：

【思考过程】：...

【最终答案】：AB / BCE / CD / DE / E / ...（只输出选项的编号，不要写选项内容）

示例：
题目：医疗伦理中四大基本原则是？
A.尊重自主权
B.善意行为
C.无害原则
D.公正原则
E.以上都不是
【思考过程】：本题考查医学伦理的四大基本原则，包括尊重自主权、不伤害原则、行善原则、公正原则。

【最终答案】：ABCD

题目：根据相关规定，对有自残、自杀倾向的安宁疗护服务对象应采取哪些措施？
A.早预防
B.早诊断
C.早发现
D.早干预
E.早治疗
【思考过程】：
",ACD,客观题
安宁疗护,"你是一个严格按照要求答题的医学考试考生。请你先展示出完整的思考过程，然后再输出最终答案。每道题目有至少两个选项（A、B）至多五个选项（A、B、C、D、E），题目为不定项选择题，请按照以下格式作答：

【思考过程】：...

【最终答案】：AB / BCE / CD / DE / E / ...（只输出选项的编号，不要写选项内容）

示例：
题目：医疗伦理中四大基本原则是？
A.尊重自主权
B.善意行为
C.无害原则
D.公正原则
E.以上都不是
【思考过程】：本题考查医学伦理的四大基本原则，包括尊重自主权、不伤害原则、行善原则、公正原则。

【最终答案】：ABCD

题目：以下哪些服务属于安宁疗护的规范化服务内容？
A.医疗干预服务
B.日常护理服务
C.心理咨询服务
D.法律纠纷调解服务
E.营养强化补充服务
【思考过程】：
",ABC,客观题
安宁疗护,"你是一个严格按照要求答题的医学考试考生。请你先展示出完整的思考过程，然后再输出最终答案。每道题目有至少两个选项（A、B）至多五个选项（A、B、C、D、E），题目为不定项选择题，请按照以下格式作答：

【思考过程】：...

【最终答案】：AB / BCE / CD / DE / E / ...（只输出选项的编号，不要写选项内容）

示例：
题目：医疗伦理中四大基本原则是？
A.尊重自主权
B.善意行为
C.无害原则
D.公正原则
E.以上都不是
【思考过程】：本题考查医学伦理的四大基本原则，包括尊重自主权、不伤害原则、行善原则、公正原则。

【最终答案】：ABCD

题目：以下哪项做法符合安宁疗护的伦理要求？
A. 根据老年患者本人意愿制定护理计划
B. 完全按照老年人家属要求实施治疗
C. 综合老年人与家属意愿提供全面照护以提高临终生活质量
D. 以延长生存时间为目标采取积极抢救措施
E. 在家属反对时根据患者意愿停止心理支持
【思考过程】：
",C,客观题
安宁疗护,"你是一个严格按照要求答题的医学考试考生。请你先展示出完整的思考过程，然后再输出最终答案。每道题目有至少两个选项（A、B）至多五个选项（A、B、C、D、E），题目为不定项选择题，请按照以下格式作答：

【思考过程】：...

【最终答案】：AB / BCE / CD / DE / E / ...（只输出选项的编号，不要写选项内容）

示例：
题目：医疗伦理中四大基本原则是？
A.尊重自主权
B.善意行为
C.无害原则
D.公正原则
E.以上都不是
【思考过程】：本题考查医学伦理的四大基本原则，包括尊重自主权、不伤害原则、行善原则、公正原则。

【最终答案】：ABCD

题目：在安宁疗护过程中，以下哪些做法符合“尊重老年人人格并维护其个人权益，保护其隐私”的要求？
A.向家属隐瞒老年人的真实病情以回避纠纷，B.在疗护计划制定时征求老年人本人意见，C.允许护工在未取得授权时向社区人员报告患者用药情况，D.在公共区域讨论病情时主动隐去患者姓名，E.因护理需要将老年人约束带固定在床
【思考过程】：
",BD,客观题
安宁疗护,"你是一个严格按照要求答题的医学考试考生。请你先展示出完整的思考过程，然后再输出最终答案。每道题目有至少两个选项（A、B）至多五个选项（A、B、C、D、E），题目为不定项选择题，请按照以下格式作答：

【思考过程】：...

【最终答案】：AB / BCE / CD / DE / E / ...（只输出选项的编号，不要写选项内容）

示例：
题目：医疗伦理中四大基本原则是？
A.尊重自主权
B.善意行为
C.无害原则
D.公正原则
E.以上都不是
【思考过程】：本题考查医学伦理的四大基本原则，包括尊重自主权、不伤害原则、行善原则、公正原则。

【最终答案】：ABCD

题目：在安宁疗护服务中，以下哪项不属于服务人员应具备的素质和职责要求？
A.尊重老年人隐私
B.定期向家属详细汇报病人每日情况
C.语言亲切、有礼
D.工作耐心、细致
E.富有爱心和同情心
【思考过程】：
",B,客观题
安宁疗护,"你是一个严格按照要求答题的医学考试考生。请你先展示出完整的思考过程，然后再输出最终答案。每道题目有至少两个选项（A、B）至多五个选项（A、B、C、D、E），题目为不定项选择题，请按照以下格式作答：

【思考过程】：...

【最终答案】：AB / BCE / CD / DE / E / ...（只输出选项的编号，不要写选项内容）

示例：
题目：医疗伦理中四大基本原则是？
A.尊重自主权
B.善意行为
C.无害原则
D.公正原则
E.以上都不是
【思考过程】：本题考查医学伦理的四大基本原则，包括尊重自主权、不伤害原则、行善原则、公正原则。

【最终答案】：ABCD

题目：对疼痛老年人进行护理时，需要评估以下哪些内容？
A.疼痛程度
B.疼痛类型
C.患者睡眠质量
D.疼痛部位
E.持续时间
【思考过程】：
",ADE,客观题
安宁疗护,"你是一个严格按照要求答题的医学考试考生。请你先展示出完整的思考过程，然后再输出最终答案。每道题目有至少两个选项（A、B）至多五个选项（A、B、C、D、E），题目为不定项选择题，请按照以下格式作答：

【思考过程】：...

【最终答案】：AB / BCE / CD / DE / E / ...（只输出选项的编号，不要写选项内容）

示例：
题目：医疗伦理中四大基本原则是？
A.尊重自主权
B.善意行为
C.无害原则
D.公正原则
E.以上都不是
【思考过程】：本题考查医学伦理的四大基本原则，包括尊重自主权、不伤害原则、行善原则、公正原则。

【最终答案】：ABCD

题目：当安宁疗护中的老年患者出现严重心理问题时，以下哪项处理方式符合法律规定？
A.由家属进行心理疏导
B.由护工定期给予情绪支持
C.由护士尝试安慰沟通
D.转介至专业心理治疗师
E.暂不干预并观察两周
【思考过程】：
",D,客观题
安宁疗护,"你是一个严格按照要求答题的医学考试考生。请你先展示出完整的思考过程，然后再输出最终答案。每道题目有至少两个选项（A、B）至多五个选项（A、B、C、D、E），题目为不定项选择题，请按照以下格式作答：

【思考过程】：...

【最终答案】：AB / BCE / CD / DE / E / ...（只输出选项的编号，不要写选项内容）

示例：
题目：医疗伦理中四大基本原则是？
A.尊重自主权
B.善意行为
C.无害原则
D.公正原则
E.以上都不是
【思考过程】：本题考查医学伦理的四大基本原则，包括尊重自主权、不伤害原则、行善原则、公正原则。

【最终答案】：ABCD

题目：以下哪种做法符合安宁疗护中对患者后事处理的规定？
A.完全根据医院标准化流程处理后事
B.依据老人的生前遗嘱和当地习俗指导家属
C.主治医生直接决定遗体处理方式
D.要求家属必须达成统一处理意见后实施
【思考过程】：
",B,客观题
安宁疗护,"你是一个严格按照要求答题的医学考试考生。请你先展示出完整的思考过程，然后再输出最终答案。每道题目有至少两个选项（A、B）至多五个选项（A、B、C、D、E），题目为不定项选择题，请按照以下格式作答：

【思考过程】：...

【最终答案】：AB / BCE / CD / DE / E / ...（只输出选项的编号，不要写选项内容）

示例：
题目：医疗伦理中四大基本原则是？
A.尊重自主权
B.善意行为
C.无害原则
D.公正原则
E.以上都不是
【思考过程】：本题考查医学伦理的四大基本原则，包括尊重自主权、不伤害原则、行善原则、公正原则。

【最终答案】：ABCD

题目：以下哪些方式符合安宁疗护法律要求的居丧期随访形式？
A.家庭访问
B.电话沟通
C.纸质信件
D.社交平台私信
E.门诊复查
【思考过程】：
",BCD,客观题
安宁疗护,"你是一个严格按照要求答题的医学考试考生。请你先展示出完整的思考过程，然后再输出最终答案。每道题目有至少两个选项（A、B）至多五个选项（A、B、C、D、E），题目为不定项选择题，请按照以下格式作答：

【思考过程】：...

【最终答案】：AB / BCE / CD / DE / E / ...（只输出选项的编号，不要写选项内容）

示例：
题目：医疗伦理中四大基本原则是？
A.尊重自主权
B.善意行为
C.无害原则
D.公正原则
E.以上都不是
【思考过程】：本题考查医学伦理的四大基本原则，包括尊重自主权、不伤害原则、行善原则、公正原则。

【最终答案】：ABCD

题目：以下哪项属于允许入住关怀区的老人需满足的条件之一？
A.经医疗机构诊断为癌症中期的患者
B.各种原因导致单器官衰竭的老人
C.预计存活期超过1年的其他疾病失代偿期患者
D.居家老人生命末期无服务需求者
E.器官衰竭治疗有效且存活期超过6个月的老人
【思考过程】：
",B,客观题
安宁疗护,"你是一个严格按照要求答题的医学考试考生。请你先展示出完整的思考过程，然后再输出最终答案。每道题目有至少两个选项（A、B）至多五个选项（A、B、C、D、E），题目为不定项选择题，请按照以下格式作答：

【思考过程】：...

【最终答案】：AB / BCE / CD / DE / E / ...（只输出选项的编号，不要写选项内容）

示例：
题目：医疗伦理中四大基本原则是？
A.尊重自主权
B.善意行为
C.无害原则
D.公正原则
E.以上都不是
【思考过程】：本题考查医学伦理的四大基本原则，包括尊重自主权、不伤害原则、行善原则、公正原则。

【最终答案】：ABCD

题目：根据安宁疗护关怀科/室设置规范，以下哪些区域必须设置？（多选）
A.临终服务区
B.家属陪伴室
C.宗教信仰活动厅
D.工作服务辅助区（配备临终舒缓医疗物品）
E.重症监护室
【思考过程】：
",BD,客观题
安宁疗护,"你是一个严格按照要求答题的医学考试考生。请你先展示出完整的思考过程，然后再输出最终答案。每道题目有至少两个选项（A、B）至多五个选项（A、B、C、D、E），题目为不定项选择题，请按照以下格式作答：

【思考过程】：...

【最终答案】：AB / BCE / CD / DE / E / ...（只输出选项的编号，不要写选项内容）

示例：
题目：医疗伦理中四大基本原则是？
A.尊重自主权
B.善意行为
C.无害原则
D.公正原则
E.以上都不是
【思考过程】：本题考查医学伦理的四大基本原则，包括尊重自主权、不伤害原则、行善原则、公正原则。

【最终答案】：ABCD

题目：以下哪种做法不符合安宁疗护中对老人的首要目标？
A.全程监测疼痛评分并调整药物剂量
B.为呼吸困难患者提供氧疗支持
C.定期评估胃肠不适并给予营养干预
D.制定积极治疗方案以延长生存期
【思考过程】：
",D,客观题
安宁疗护,"你是一个严格按照要求答题的医学考试考生。请你先展示出完整的思考过程，然后再输出最终答案。每道题目有至少两个选项（A、B）至多五个选项（A、B、C、D、E），题目为不定项选择题，请按照以下格式作答：

【思考过程】：...

【最终答案】：AB / BCE / CD / DE / E / ...（只输出选项的编号，不要写选项内容）

示例：
题目：医疗伦理中四大基本原则是？
A.尊重自主权
B.善意行为
C.无害原则
D.公正原则
E.以上都不是
【思考过程】：本题考查医学伦理的四大基本原则，包括尊重自主权、不伤害原则、行善原则、公正原则。

【最终答案】：ABCD

题目：以下哪项行为违反了安宁疗护服务人员的伦理要求？
A.将老人的病情细节告知未经其同意的家属
B.要求所有老人按照统一作息时间生活
C.在病历中详细记录老人的生活习惯但不与第三方分享
D.根据家属要求调整老人的镇痛药物剂量
【思考过程】：
",AB,客观题
安宁疗护,"你是一个严格按照要求答题的医学考试考生。请你先展示出完整的思考过程，然后再输出最终答案。每道题目有至少两个选项（A、B）至多五个选项（A、B、C、D、E），题目为不定项选择题，请按照以下格式作答：

【思考过程】：...

【最终答案】：AB / BCE / CD / DE / E / ...（只输出选项的编号，不要写选项内容）

示例：
题目：医疗伦理中四大基本原则是？
A.尊重自主权
B.善意行为
C.无害原则
D.公正原则
E.以上都不是
【思考过程】：本题考查医学伦理的四大基本原则，包括尊重自主权、不伤害原则、行善原则、公正原则。

【最终答案】：ABCD

题目：下列哪几项符合安宁疗护中对患者后事处理的相关要求？
A.完全按家属意愿处理后事
B.提前按老人遗愿备好衣物
C.参考合理的民风民俗操作
D.要求全体家属到场并签字同意
E.对处理过程进行详细消毒杀菌指导
【思考过程】：
",BC,客观题
安宁疗护,"你是一个严格按照要求答题的医学考试考生。请你先展示出完整的思考过程，然后再输出最终答案。每道题目有至少两个选项（A、B）至多五个选项（A、B、C、D、E），题目为不定项选择题，请按照以下格式作答：

【思考过程】：...

【最终答案】：AB / BCE / CD / DE / E / ...（只输出选项的编号，不要写选项内容）

示例：
题目：医疗伦理中四大基本原则是？
A.尊重自主权
B.善意行为
C.无害原则
D.公正原则
E.以上都不是
【思考过程】：本题考查医学伦理的四大基本原则，包括尊重自主权、不伤害原则、行善原则、公正原则。

【最终答案】：ABCD

题目：下列哪些做法不符合安宁疗护中遗体料理的操作规范？
A.使用医用消毒剂清洁逝者身体表面
B.根据家属要求将逝者头部垫高至45度
C.遗体料理过程中与其他医护轻声讨论下午工作安排
D.为保持自然形态使用软枕支撑逝者腰背部
【思考过程】：
",BC,客观题
安宁疗护,"你是一个严格按照要求答题的医学考试考生。请你先展示出完整的思考过程，然后再输出最终答案。每道题目有至少两个选项（A、B）至多五个选项（A、B、C、D、E），题目为不定项选择题，请按照以下格式作答：

【思考过程】：...

【最终答案】：AB / BCE / CD / DE / E / ...（只输出选项的编号，不要写选项内容）

示例：
题目：医疗伦理中四大基本原则是？
A.尊重自主权
B.善意行为
C.无害原则
D.公正原则
E.以上都不是
【思考过程】：本题考查医学伦理的四大基本原则，包括尊重自主权、不伤害原则、行善原则、公正原则。

【最终答案】：ABCD

题目：以下哪些设计符合安宁疗护病房的建设标准？
A.病室门宽度设计为105厘米
B.病房走廊净宽固定为0.9米
C.二楼病房楼未设置电梯
D.所有楼梯均采用防滑地板
E.走廊台阶使用非防滑材料的斜坡道
【思考过程】：
",AD,客观题
安宁疗护,"你是一个严格按照要求答题的医学考试考生。请你先展示出完整的思考过程，然后再输出最终答案。每道题目有至少两个选项（A、B）至多五个选项（A、B、C、D、E），题目为不定项选择题，请按照以下格式作答：

【思考过程】：...

【最终答案】：AB / BCE / CD / DE / E / ...（只输出选项的编号，不要写选项内容）

示例：
题目：医疗伦理中四大基本原则是？
A.尊重自主权
B.善意行为
C.无害原则
D.公正原则
E.以上都不是
【思考过程】：本题考查医学伦理的四大基本原则，包括尊重自主权、不伤害原则、行善原则、公正原则。

【最终答案】：ABCD

题目：以下关于安宁疗护病房设计的描述中，符合相关法规要求的是？
A.配餐室墙面采用难玷污、易清洁的防霉涂料
B.浴室地面使用易安装的拼接式防水地板材料  
C.厕所施工时为防止渗漏，设置了双层排水管
D.蒸汽溢出房间采用自然排风减少异味
E.无性别卫生间设置为遵循传统卫生习惯
【思考过程】：
",AC,客观题
安宁疗护,"你是一个严格按照要求答题的医学考试考生。请你先展示出完整的思考过程，然后再输出最终答案。每道题目有至少两个选项（A、B）至多五个选项（A、B、C、D、E），题目为不定项选择题，请按照以下格式作答：

【思考过程】：...

【最终答案】：AB / BCE / CD / DE / E / ...（只输出选项的编号，不要写选项内容）

示例：
题目：医疗伦理中四大基本原则是？
A.尊重自主权
B.善意行为
C.无害原则
D.公正原则
E.以上都不是
【思考过程】：本题考查医学伦理的四大基本原则，包括尊重自主权、不伤害原则、行善原则、公正原则。

【最终答案】：ABCD

题目：以下哪项符合告别室建设要求？
A.配置病床和急救心电监护仪
B.设有防蚊虫的密封玻璃窗但未配备床头柜
C.布置可移动沙发、病床及木质床头柜
D.配备防鼠措施及防蛇类侵入装置
E.设置自动体外除颤器(AED)抢救设备
【思考过程】：
",C,客观题
安宁疗护,"你是一个严格按照要求答题的医学考试考生。请你先展示出完整的思考过程，然后再输出最终答案。每道题目有至少两个选项（A、B）至多五个选项（A、B、C、D、E），题目为不定项选择题，请按照以下格式作答：

【思考过程】：...

【最终答案】：AB / BCE / CD / DE / E / ...（只输出选项的编号，不要写选项内容）

示例：
题目：医疗伦理中四大基本原则是？
A.尊重自主权
B.善意行为
C.无害原则
D.公正原则
E.以上都不是
【思考过程】：本题考查医学伦理的四大基本原则，包括尊重自主权、不伤害原则、行善原则、公正原则。

【最终答案】：ABCD

题目：以下哪一项不符合安宁疗护门诊诊室的设置要求？
A.候诊区采用开放式布局方便交流
B.诊室通道宽度仅80厘米未达无障碍标准
C.隔离诊室通过颜色分区分隔保障隐私
D.配备电动升降诊查床体现人性化设计
E.墙面使用抗菌材料符合卫生学要求
【思考过程】：
",AB,客观题
安宁疗护,"你是一个严格按照要求答题的医学考试考生。请你先展示出完整的思考过程，然后再输出最终答案。每道题目有至少两个选项（A、B）至多五个选项（A、B、C、D、E），题目为不定项选择题，请按照以下格式作答：

【思考过程】：...

【最终答案】：AB / BCE / CD / DE / E / ...（只输出选项的编号，不要写选项内容）

示例：
题目：医疗伦理中四大基本原则是？
A.尊重自主权
B.善意行为
C.无害原则
D.公正原则
E.以上都不是
【思考过程】：本题考查医学伦理的四大基本原则，包括尊重自主权、不伤害原则、行善原则、公正原则。

【最终答案】：ABCD

题目：以下哪些内容属于安宁疗护的管理要求？
A.制定安宁疗护操作规程
B.建立绩效考核激励机制
C.明确工作人员岗位职责
D.落实安全管理和感染防控措施
E.制定后勤保障制度
【思考过程】：
",ACD,客观题
安宁疗护,"你是一个严格按照要求答题的医学考试考生。请你先展示出完整的思考过程，然后再输出最终答案。每道题目有至少两个选项（A、B）至多五个选项（A、B、C、D、E），题目为不定项选择题，请按照以下格式作答：

【思考过程】：...

【最终答案】：AB / BCE / CD / DE / E / ...（只输出选项的编号，不要写选项内容）

示例：
题目：医疗伦理中四大基本原则是？
A.尊重自主权
B.善意行为
C.无害原则
D.公正原则
E.以上都不是
【思考过程】：本题考查医学伦理的四大基本原则，包括尊重自主权、不伤害原则、行善原则、公正原则。

【最终答案】：ABCD

题目：根据相关规定，建立安宁疗护质量管理体系时需要包括以下哪些要求？
A.落实质量控制措施
B.依托省级安宁疗护服务管理部门执行
C.遵循诊疗护理相关指南
D.以经济效益为核心考核指标
E.体现人文关怀
【思考过程】：
",ACE,客观题
安宁疗护,"你是一个严格按照要求答题的医学考试考生。请你先展示出完整的思考过程，然后再输出最终答案。每道题目有至少两个选项（A、B）至多五个选项（A、B、C、D、E），题目为不定项选择题，请按照以下格式作答：

【思考过程】：...

【最终答案】：AB / BCE / CD / DE / E / ...（只输出选项的编号，不要写选项内容）

示例：
题目：医疗伦理中四大基本原则是？
A.尊重自主权
B.善意行为
C.无害原则
D.公正原则
E.以上都不是
【思考过程】：本题考查医学伦理的四大基本原则，包括尊重自主权、不伤害原则、行善原则、公正原则。

【最终答案】：ABCD

题目：以下哪些属于安宁疗护服务原则中明确的导向？
A.以医护人员专业判断为中心
B.患者自愿
C.尊重患者
D.平等公正
E.最大化利用医疗资源
【思考过程】：
",BCD,客观题
安宁疗护,"你是一个严格按照要求答题的医学考试考生。请你先展示出完整的思考过程，然后再输出最终答案。每道题目有至少两个选项（A、B）至多五个选项（A、B、C、D、E），题目为不定项选择题，请按照以下格式作答：

【思考过程】：...

【最终答案】：AB / BCE / CD / DE / E / ...（只输出选项的编号，不要写选项内容）

示例：
题目：医疗伦理中四大基本原则是？
A.尊重自主权
B.善意行为
C.无害原则
D.公正原则
E.以上都不是
【思考过程】：本题考查医学伦理的四大基本原则，包括尊重自主权、不伤害原则、行善原则、公正原则。

【最终答案】：ABCD

题目：执业医师确定安宁疗护服务形式时，必须综合评估以下哪些因素？
A.患者术后康复计划
B.患者及其家属需求
C.家庭居住环境
D.经济收入状况
E.医院科室类型
【思考过程】：
",BCD,客观题
安宁疗护,"你是一个严格按照要求答题的医学考试考生。请你先展示出完整的思考过程，然后再输出最终答案。每道题目有至少两个选项（A、B）至多五个选项（A、B、C、D、E），题目为不定项选择题，请按照以下格式作答：

【思考过程】：...

【最终答案】：AB / BCE / CD / DE / E / ...（只输出选项的编号，不要写选项内容）

示例：
题目：医疗伦理中四大基本原则是？
A.尊重自主权
B.善意行为
C.无害原则
D.公正原则
E.以上都不是
【思考过程】：本题考查医学伦理的四大基本原则，包括尊重自主权、不伤害原则、行善原则、公正原则。

【最终答案】：ABCD

题目：以下哪项属于安宁疗护的舒适照护内容？
A.三阶梯镇痛服务
B.病室环境管理
C.化疗护理计划
D.静脉导管维护
E.中医药食疗服务
【思考过程】：
",BD,客观题
安宁疗护,"你是一个严格按照要求答题的医学考试考生。请你先展示出完整的思考过程，然后再输出最终答案。每道题目有至少两个选项（A、B）至多五个选项（A、B、C、D、E），题目为不定项选择题，请按照以下格式作答：

【思考过程】：...

【最终答案】：AB / BCE / CD / DE / E / ...（只输出选项的编号，不要写选项内容）

示例：
题目：医疗伦理中四大基本原则是？
A.尊重自主权
B.善意行为
C.无害原则
D.公正原则
E.以上都不是
【思考过程】：本题考查医学伦理的四大基本原则，包括尊重自主权、不伤害原则、行善原则、公正原则。

【最终答案】：ABCD

题目：在安宁疗护中，服务协议的签署要求是以下哪一种？
A.只需患者本人签署即可
B.患者意识不清时由家属单独签署
C.患者与家属双方均知情同意并自愿签署
D.无需签署口头承诺即可
【思考过程】：
",C,客观题
安宁疗护,"你是一个严格按照要求答题的医学考试考生。请你先展示出完整的思考过程，然后再输出最终答案。每道题目有至少两个选项（A、B）至多五个选项（A、B、C、D、E），题目为不定项选择题，请按照以下格式作答：

【思考过程】：...

【最终答案】：AB / BCE / CD / DE / E / ...（只输出选项的编号，不要写选项内容）

示例：
题目：医疗伦理中四大基本原则是？
A.尊重自主权
B.善意行为
C.无害原则
D.公正原则
E.以上都不是
【思考过程】：本题考查医学伦理的四大基本原则，包括尊重自主权、不伤害原则、行善原则、公正原则。

【最终答案】：ABCD

题目：根据相关法规，哪种情况的患者符合安宁疗护准入条件？
A. 经社区卫生服务中心医师评估为终末期，预计生存期≤6个月  
B. 三级甲等医院主治医师诊断为晚期恶性肿瘤，预计生存期≤1年  
C. 二级医院多学科团队确诊的不可治愈疾病患者，预生存期≤1年  
D. 经三级医院专科医生评估的终末期患者，预生存期≤9个月  
E. 二级及以上医疗机构多学科评估的不可治愈疾病晚期患者，预生存期≤6个月
【思考过程】：
",E,客观题
安宁疗护,"你是一个严格按照要求答题的医学考试考生。请你先展示出完整的思考过程，然后再输出最终答案。每道题目有至少两个选项（A、B）至多五个选项（A、B、C、D、E），题目为不定项选择题，请按照以下格式作答：

【思考过程】：...

【最终答案】：AB / BCE / CD / DE / E / ...（只输出选项的编号，不要写选项内容）

示例：
题目：医疗伦理中四大基本原则是？
A.尊重自主权
B.善意行为
C.无害原则
D.公正原则
E.以上都不是
【思考过程】：本题考查医学伦理的四大基本原则，包括尊重自主权、不伤害原则、行善原则、公正原则。

【最终答案】：ABCD

题目：以下哪几项服务是安宁疗护中针对患者及家属情绪和心理问题必须提供的？（注：“必须提供”为实际规定内容）
A.心理治疗
B.心理咨询
C.心理疏导
D.心理支持
E.社会援助
【思考过程】：
",BCD,客观题
安宁疗护,"你是一个严格按照要求答题的医学考试考生。请你先展示出完整的思考过程，然后再输出最终答案。每道题目有至少两个选项（A、B）至多五个选项（A、B、C、D、E），题目为不定项选择题，请按照以下格式作答：

【思考过程】：...

【最终答案】：AB / BCE / CD / DE / E / ...（只输出选项的编号，不要写选项内容）

示例：
题目：医疗伦理中四大基本原则是？
A.尊重自主权
B.善意行为
C.无害原则
D.公正原则
E.以上都不是
【思考过程】：本题考查医学伦理的四大基本原则，包括尊重自主权、不伤害原则、行善原则、公正原则。

【最终答案】：ABCD

题目：在安宁疗护中，以下哪些做法符合伦理要求？
A.在患者知情同意下，向其配偶如实告知病情详情
B.未经患者许可，向社区志愿者公开患者的治疗过程
C.为所有疗护患者统一安排每周两次的心理健康讲座
D.未经家属授权收集患者抑郁症状数据用于研究
E.与患者沟通后，制定符合其信仰的精神抚慰方案
【思考过程】：
",AE,客观题
安宁疗护,"你是一个严格按照要求答题的医学考试考生。请你先展示出完整的思考过程，然后再输出最终答案。每道题目有至少两个选项（A、B）至多五个选项（A、B、C、D、E），题目为不定项选择题，请按照以下格式作答：

【思考过程】：...

【最终答案】：AB / BCE / CD / DE / E / ...（只输出选项的编号，不要写选项内容）

示例：
题目：医疗伦理中四大基本原则是？
A.尊重自主权
B.善意行为
C.无害原则
D.公正原则
E.以上都不是
【思考过程】：本题考查医学伦理的四大基本原则，包括尊重自主权、不伤害原则、行善原则、公正原则。

【最终答案】：ABCD

题目：在安宁疗护中，为维护患者生命尊严，以下哪些疗法属于可采用的正确方式？
A.人生回顾疗法
B.意义疗法
C.尊严疗法
D.缅怀疗法
E.认知行为疗法
【思考过程】：
",ABCD,客观题
安宁疗护,"你是一个严格按照要求答题的医学考试考生。请你先展示出完整的思考过程，然后再输出最终答案。每道题目有至少两个选项（A、B）至多五个选项（A、B、C、D、E），题目为不定项选择题，请按照以下格式作答：

【思考过程】：...

【最终答案】：AB / BCE / CD / DE / E / ...（只输出选项的编号，不要写选项内容）

示例：
题目：医疗伦理中四大基本原则是？
A.尊重自主权
B.善意行为
C.无害原则
D.公正原则
E.以上都不是
【思考过程】：本题考查医学伦理的四大基本原则，包括尊重自主权、不伤害原则、行善原则、公正原则。

【最终答案】：ABCD

题目：以下哪种做法符合安宁疗护中对家属支持的法律规定？
A.为家属提供心理督导，B.向家属提供哀伤辅导，C.向患者提供精神支持服务，D.为家属组织丧亲支持小组，E.为家属进行心理健康评估
【思考过程】：
",BD,客观题
安宁疗护,"你是一个严格按照要求答题的医学考试考生。请你先展示出完整的思考过程，然后再输出最终答案。每道题目有至少两个选项（A、B）至多五个选项（A、B、C、D、E），题目为不定项选择题，请按照以下格式作答：

【思考过程】：...

【最终答案】：AB / BCE / CD / DE / E / ...（只输出选项的编号，不要写选项内容）

示例：
题目：医疗伦理中四大基本原则是？
A.尊重自主权
B.善意行为
C.无害原则
D.公正原则
E.以上都不是
【思考过程】：本题考查医学伦理的四大基本原则，包括尊重自主权、不伤害原则、行善原则、公正原则。

【最终答案】：ABCD

题目：以下哪种做法最符合关于安宁疗护中患者意愿处理的相关规定？
A.医护人员主动询问并协助患者完成生前愿望和身后事务
B.等待患者主动提出需求后再给予支持
C.仅由家属代为安排患者身后事务
D.记录患者需求但无需提供实质性帮助
【思考过程】：
",A,客观题
安宁疗护,"你是一个严格按照要求答题的医学考试考生。请你先展示出完整的思考过程，然后再输出最终答案。每道题目有至少两个选项（A、B）至多五个选项（A、B、C、D、E），题目为不定项选择题，请按照以下格式作答：

【思考过程】：...

【最终答案】：AB / BCE / CD / DE / E / ...（只输出选项的编号，不要写选项内容）

示例：
题目：医疗伦理中四大基本原则是？
A.尊重自主权
B.善意行为
C.无害原则
D.公正原则
E.以上都不是
【思考过程】：本题考查医学伦理的四大基本原则，包括尊重自主权、不伤害原则、行善原则、公正原则。

【最终答案】：ABCD

题目：根据我国安宁疗护相关法规，截至2020年，要求65岁以上老年人健康管理率至少达到多少？
A.65%以上，B.70%以上，C.75%以上，D.80%以上
【思考过程】：
",B,客观题
安宁疗护,"你是一个严格按照要求答题的医学考试考生。请你先展示出完整的思考过程，然后再输出最终答案。每道题目有至少两个选项（A、B）至多五个选项（A、B、C、D、E），题目为不定项选择题，请按照以下格式作答：

【思考过程】：...

【最终答案】：AB / BCE / CD / DE / E / ...（只输出选项的编号，不要写选项内容）

示例：
题目：医疗伦理中四大基本原则是？
A.尊重自主权
B.善意行为
C.无害原则
D.公正原则
E.以上都不是
【思考过程】：本题考查医学伦理的四大基本原则，包括尊重自主权、不伤害原则、行善原则、公正原则。

【最终答案】：ABCD

题目：以下哪些措施属于法律法规所鼓励的医疗卫生机构与养老服务融合发展举措？
A.所有公立医院必须转型为康复和老年护理机构
B.公立医院资源丰富的地区可稳妥将部分公立医院转为接续性医疗机构
C.有条件的二级以上综合医院开设老年病科
D.大力开发中医药与养老服务结合的系列服务产品
E.要求基层医疗卫生机构逐步减少康复床位数量
【思考过程】：
",BCD,客观题
安宁疗护,"你是一个严格按照要求答题的医学考试考生。请你先展示出完整的思考过程，然后再输出最终答案。每道题目有至少两个选项（A、B）至多五个选项（A、B、C、D、E），题目为不定项选择题，请按照以下格式作答：

【思考过程】：...

【最终答案】：AB / BCE / CD / DE / E / ...（只输出选项的编号，不要写选项内容）

示例：
题目：医疗伦理中四大基本原则是？
A.尊重自主权
B.善意行为
C.无害原则
D.公正原则
E.以上都不是
【思考过程】：本题考查医学伦理的四大基本原则，包括尊重自主权、不伤害原则、行善原则、公正原则。

【最终答案】：ABCD

题目：根据药物政策，安宁疗护中阿片类镇痛药主要用于管理以下哪些症状？
A.疼痛
B.呼吸困难
C.呼吸急促
D.剧烈咳嗽
E.恶心
【思考过程】：
",AB,客观题
安宁疗护,"你是一个严格按照要求答题的医学考试考生。请你先展示出完整的思考过程，然后再输出最终答案。每道题目有至少两个选项（A、B）至多五个选项（A、B、C、D、E），题目为不定项选择题，请按照以下格式作答：

【思考过程】：...

【最终答案】：AB / BCE / CD / DE / E / ...（只输出选项的编号，不要写选项内容）

示例：
题目：医疗伦理中四大基本原则是？
A.尊重自主权
B.善意行为
C.无害原则
D.公正原则
E.以上都不是
【思考过程】：本题考查医学伦理的四大基本原则，包括尊重自主权、不伤害原则、行善原则、公正原则。

【最终答案】：ABCD

题目：根据全民健康覆盖原则，姑息治疗的提供应符合以下哪些要求？
A.可因病种类型不同设置服务限制
B.不得因患者收入水平实施差别准入
C.不得以患者年龄为理由拒绝服务
D.社会保障体系需优先保障穷人的姑息治疗权利
E.服务覆盖范围应包括基本姑息治疗且不得要求预付费用
【思考过程】：
",BCDE,客观题
公共卫生资源分配,"你是一个严格按照要求答题的医学考试考生。请你先展示出完整的思考过程，然后再输出最终答案。每道题目有至少两个选项（A、B）至多五个选项（A、B、C、D、E），题目为不定项选择题，请按照以下格式作答：

【思考过程】：...

【最终答案】：AB / BCE / CD / DE / E / ...（只输出选项的编号，不要写选项内容）

示例：
题目：医疗伦理中四大基本原则是？
A.尊重自主权
B.善意行为
C.无害原则
D.公正原则
E.以上都不是
【思考过程】：本题考查医学伦理的四大基本原则，包括尊重自主权、不伤害原则、行善原则、公正原则。

【最终答案】：ABCD

题目：在国家采取的公共卫生服务措施中，以下哪些属于法规明确提及的内容？
A.免费提供新生儿基因编辑服务
B.为公民提供婚前保健服务
C.预防新生儿出生缺陷
D.对先天畸形患儿进行免费手术治疗
E.开展儿童学前教育指导
【思考过程】：
",BC,客观题
公共卫生资源分配,"你是一个严格按照要求答题的医学考试考生。请你先展示出完整的思考过程，然后再输出最终答案。每道题目有至少两个选项（A、B）至多五个选项（A、B、C、D、E），题目为不定项选择题，请按照以下格式作答：

【思考过程】：...

【最终答案】：AB / BCE / CD / DE / E / ...（只输出选项的编号，不要写选项内容）

示例：
题目：医疗伦理中四大基本原则是？
A.尊重自主权
B.善意行为
C.无害原则
D.公正原则
E.以上都不是
【思考过程】：本题考查医学伦理的四大基本原则，包括尊重自主权、不伤害原则、行善原则、公正原则。

【最终答案】：ABCD

题目：以下哪些政策被纳入基本公共卫生服务项目中？
A.老年人健康管理
B.老年人常见病预防
C.老年人慢性病治疗
D.老年人体检费用减免
E.老年重症监护服务
【思考过程】：
",AB,客观题
公共卫生资源分配,"你是一个严格按照要求答题的医学考试考生。请你先展示出完整的思考过程，然后再输出最终答案。每道题目有至少两个选项（A、B）至多五个选项（A、B、C、D、E），题目为不定项选择题，请按照以下格式作答：

【思考过程】：...

【最终答案】：AB / BCE / CD / DE / E / ...（只输出选项的编号，不要写选项内容）

示例：
题目：医疗伦理中四大基本原则是？
A.尊重自主权
B.善意行为
C.无害原则
D.公正原则
E.以上都不是
【思考过程】：本题考查医学伦理的四大基本原则，包括尊重自主权、不伤害原则、行善原则、公正原则。

【最终答案】：ABCD

题目：国家关于残疾人的健康保障措施中，以下哪些属于法律明确规定的责任？（多选）
A.发展残疾预防体系
B.完善无障碍设施建设
C.提供基本康复服务
D.减免残疾人医疗费用
E.建立残疾人康复保障体系
【思考过程】：
",ACE,客观题
公共卫生资源分配,"你是一个严格按照要求答题的医学考试考生。请你先展示出完整的思考过程，然后再输出最终答案。每道题目有至少两个选项（A、B）至多五个选项（A、B、C、D、E），题目为不定项选择题，请按照以下格式作答：

【思考过程】：...

【最终答案】：AB / BCE / CD / DE / E / ...（只输出选项的编号，不要写选项内容）

示例：
题目：医疗伦理中四大基本原则是？
A.尊重自主权
B.善意行为
C.无害原则
D.公正原则
E.以上都不是
【思考过程】：本题考查医学伦理的四大基本原则，包括尊重自主权、不伤害原则、行善原则、公正原则。

【最终答案】：ABCD

题目：以下哪些属于政府举办医疗卫生机构时应考虑的因素？
A.本行政区域人口数量
B.公民平均收入水平
C.健康危险因素
D.治愈率
E.紧急救治需求
【思考过程】：
",ACE,客观题
公共卫生资源分配,"你是一个严格按照要求答题的医学考试考生。请你先展示出完整的思考过程，然后再输出最终答案。每道题目有至少两个选项（A、B）至多五个选项（A、B、C、D、E），题目为不定项选择题，请按照以下格式作答：

【思考过程】：...

【最终答案】：AB / BCE / CD / DE / E / ...（只输出选项的编号，不要写选项内容）

示例：
题目：医疗伦理中四大基本原则是？
A.尊重自主权
B.善意行为
C.无害原则
D.公正原则
E.以上都不是
【思考过程】：本题考查医学伦理的四大基本原则，包括尊重自主权、不伤害原则、行善原则、公正原则。

【最终答案】：ABCD

题目：以下哪个部门负责制定各级各类医疗卫生机构的具体条件和配置标准？
A.国务院卫生健康主管部门
B.省级卫生健康委员会
C.医疗机构自行制定
D.地方政府卫生行政机构
【思考过程】：
",A,客观题
公共卫生资源分配,"你是一个严格按照要求答题的医学考试考生。请你先展示出完整的思考过程，然后再输出最终答案。每道题目有至少两个选项（A、B）至多五个选项（A、B、C、D、E），题目为不定项选择题，请按照以下格式作答：

【思考过程】：...

【最终答案】：AB / BCE / CD / DE / E / ...（只输出选项的编号，不要写选项内容）

示例：
题目：医疗伦理中四大基本原则是？
A.尊重自主权
B.善意行为
C.无害原则
D.公正原则
E.以上都不是
【思考过程】：本题考查医学伦理的四大基本原则，包括尊重自主权、不伤害原则、行善原则、公正原则。

【最终答案】：ABCD

题目：以下哪些行为被相关法规明确禁止？
A.营利性医院将医疗美容科外包给私立机构
B.非营利性医疗机构向举办者分配收益
C.使用政府资金设立的医院对外承包检验科
D.非营利机构从年度利润中提取分红用于股东分红
【思考过程】：
",BCD,客观题
公共卫生资源分配,"你是一个严格按照要求答题的医学考试考生。请你先展示出完整的思考过程，然后再输出最终答案。每道题目有至少两个选项（A、B）至多五个选项（A、B、C、D、E），题目为不定项选择题，请按照以下格式作答：

【思考过程】：...

【最终答案】：AB / BCE / CD / DE / E / ...（只输出选项的编号，不要写选项内容）

示例：
题目：医疗伦理中四大基本原则是？
A.尊重自主权
B.善意行为
C.无害原则
D.公正原则
E.以上都不是
【思考过程】：本题考查医学伦理的四大基本原则，包括尊重自主权、不伤害原则、行善原则、公正原则。

【最终答案】：ABCD

题目：以下哪项做法违背我国现行医疗卫生机构管理规定？
A.与私立学校合作设立独立法人资格的职业健康咨询中心
B.与医疗器械企业共建非独立法人资格的康复中心
C.与社会资本合办高端口腔美容医院（营利性）
D.联合慈善基金会开设非营利性社区诊所
E.与其他公立医院合建区域医疗数据平台
【思考过程】：
",BC,客观题
公共卫生资源分配,"你是一个严格按照要求答题的医学考试考生。请你先展示出完整的思考过程，然后再输出最终答案。每道题目有至少两个选项（A、B）至多五个选项（A、B、C、D、E），题目为不定项选择题，请按照以下格式作答：

【思考过程】：...

【最终答案】：AB / BCE / CD / DE / E / ...（只输出选项的编号，不要写选项内容）

示例：
题目：医疗伦理中四大基本原则是？
A.尊重自主权
B.善意行为
C.无害原则
D.公正原则
E.以上都不是
【思考过程】：本题考查医学伦理的四大基本原则，包括尊重自主权、不伤害原则、行善原则、公正原则。

【最终答案】：ABCD

题目：医疗卫生机构开展技术临床应用时，以下哪项不属于必须遵循的原则？
A.安全原则
B.高效原则
C.规范原则
D.经济原则
E.伦理原则
【思考过程】：
",B,客观题
公共卫生资源分配,"你是一个严格按照要求答题的医学考试考生。请你先展示出完整的思考过程，然后再输出最终答案。每道题目有至少两个选项（A、B）至多五个选项（A、B、C、D、E），题目为不定项选择题，请按照以下格式作答：

【思考过程】：...

【最终答案】：AB / BCE / CD / DE / E / ...（只输出选项的编号，不要写选项内容）

示例：
题目：医疗伦理中四大基本原则是？
A.尊重自主权
B.善意行为
C.无害原则
D.公正原则
E.以上都不是
【思考过程】：本题考查医学伦理的四大基本原则，包括尊重自主权、不伤害原则、行善原则、公正原则。

【最终答案】：ABCD

题目：在突发事件处置中，对致病、致残、死亡的参与人员，依法可给予哪些待遇？
A.工伤保险补偿
B.抚恤金
C.烈士荣誉称号
D.医疗保险费用全免
E.优先晋升机会
【思考过程】：
",AB,客观题
公共卫生资源分配,"你是一个严格按照要求答题的医学考试考生。请你先展示出完整的思考过程，然后再输出最终答案。每道题目有至少两个选项（A、B）至多五个选项（A、B、C、D、E），题目为不定项选择题，请按照以下格式作答：

【思考过程】：...

【最终答案】：AB / BCE / CD / DE / E / ...（只输出选项的编号，不要写选项内容）

示例：
题目：医疗伦理中四大基本原则是？
A.尊重自主权
B.善意行为
C.无害原则
D.公正原则
E.以上都不是
【思考过程】：本题考查医学伦理的四大基本原则，包括尊重自主权、不伤害原则、行善原则、公正原则。

【最终答案】：ABCD

题目：在药品采购投标过程中，以下哪种行为是被药械采购法规明确禁止的？
A.以略低于市场价但高于成本的报价竞标，B.与另一投标企业协商共同提高中标机会，C.提交生产许可证复印件时隐去有效期，D.因生产能力过剩而扩大生产规模，E.短期内多次降价以吸引采购方
【思考过程】：
",BC,客观题
公共卫生资源分配,"你是一个严格按照要求答题的医学考试考生。请你先展示出完整的思考过程，然后再输出最终答案。每道题目有至少两个选项（A、B）至多五个选项（A、B、C、D、E），题目为不定项选择题，请按照以下格式作答：

【思考过程】：...

【最终答案】：AB / BCE / CD / DE / E / ...（只输出选项的编号，不要写选项内容）

示例：
题目：医疗伦理中四大基本原则是？
A.尊重自主权
B.善意行为
C.无害原则
D.公正原则
E.以上都不是
【思考过程】：本题考查医学伦理的四大基本原则，包括尊重自主权、不伤害原则、行善原则、公正原则。

【最终答案】：ABCD

题目：国家卫生健康主管部门在编制大型医用设备配置规划时，必须考虑以下哪些因素？
A.技术的先进性
B.适宜性
C.可及性
D.成本效益
E.区域发展均衡
【思考过程】：
",ABC,客观题
公共卫生资源分配,"你是一个严格按照要求答题的医学考试考生。请你先展示出完整的思考过程，然后再输出最终答案。每道题目有至少两个选项（A、B）至多五个选项（A、B、C、D、E），题目为不定项选择题，请按照以下格式作答：

【思考过程】：...

【最终答案】：AB / BCE / CD / DE / E / ...（只输出选项的编号，不要写选项内容）

示例：
题目：医疗伦理中四大基本原则是？
A.尊重自主权
B.善意行为
C.无害原则
D.公正原则
E.以上都不是
【思考过程】：本题考查医学伦理的四大基本原则，包括尊重自主权、不伤害原则、行善原则、公正原则。

【最终答案】：ABCD

题目：以下哪些属于县级以上政府对参与突发事件应急处理人员的规定措施？
A.给予适当补助和保健津贴
B.给予表彰和奖励
C.对致病、致残、死亡人员给予相应补助和抚恤
D.优先晋升职称
E.分配额外带薪休假
【思考过程】：
",ABC,客观题
公共卫生资源分配,"你是一个严格按照要求答题的医学考试考生。请你先展示出完整的思考过程，然后再输出最终答案。每道题目有至少两个选项（A、B）至多五个选项（A、B、C、D、E），题目为不定项选择题，请按照以下格式作答：

【思考过程】：...

【最终答案】：AB / BCE / CD / DE / E / ...（只输出选项的编号，不要写选项内容）

示例：
题目：医疗伦理中四大基本原则是？
A.尊重自主权
B.善意行为
C.无害原则
D.公正原则
E.以上都不是
【思考过程】：本题考查医学伦理的四大基本原则，包括尊重自主权、不伤害原则、行善原则、公正原则。

【最终答案】：ABCD

题目：下列哪些情形发生时，省、自治区、直辖市人民政府应当在接到报告1小时内向国务院卫生行政主管部门报告？
A.某县发生霍乱暴发疫情
B.某市发现不明原因群体性发热病例
C.某实验室丢失鼠疫菌种
D.某工厂发生50人急性苯中毒事件
E.某核电站发生放射性物质泄漏事故
【思考过程】：
",ABCD,客观题
公共卫生资源分配,"你是一个严格按照要求答题的医学考试考生。请你先展示出完整的思考过程，然后再输出最终答案。每道题目有至少两个选项（A、B）至多五个选项（A、B、C、D、E），题目为不定项选择题，请按照以下格式作答：

【思考过程】：...

【最终答案】：AB / BCE / CD / DE / E / ...（只输出选项的编号，不要写选项内容）

示例：
题目：医疗伦理中四大基本原则是？
A.尊重自主权
B.善意行为
C.无害原则
D.公正原则
E.以上都不是
【思考过程】：本题考查医学伦理的四大基本原则，包括尊重自主权、不伤害原则、行善原则、公正原则。

【最终答案】：ABCD

题目：以下哪种行为不属于对突发事件的违规处理方式？
A.因压力大延迟上报事件进展两日
B.调整实际数据以减少公众恐慌
C.要求下属部门不报告部分病例
D.及时向主管部门上报所有信息
E.因设备故障未能及时核实数据，三天后补报
【思考过程】：
",D,客观题
公共卫生资源分配,"你是一个严格按照要求答题的医学考试考生。请你先展示出完整的思考过程，然后再输出最终答案。每道题目有至少两个选项（A、B）至多五个选项（A、B、C、D、E），题目为不定项选择题，请按照以下格式作答：

【思考过程】：...

【最终答案】：AB / BCE / CD / DE / E / ...（只输出选项的编号，不要写选项内容）

示例：
题目：医疗伦理中四大基本原则是？
A.尊重自主权
B.善意行为
C.无害原则
D.公正原则
E.以上都不是
【思考过程】：本题考查医学伦理的四大基本原则，包括尊重自主权、不伤害原则、行善原则、公正原则。

【最终答案】：ABCD

题目：根据突发公共卫生事件相关法规，应急预案启动后突发事件发生地的相关部门和机构应当采取以下哪些措施？
A.做好应急处理准备并调整预案细节，B.立即到达规定岗位并采取控制措施，C.服从应急处理指挥部统一指挥，D.医疗卫生机构独立加快疫苗研发，E.监测机构与科研机构协作展开研究
【思考过程】：
",BCE,客观题
公共卫生资源分配,"你是一个严格按照要求答题的医学考试考生。请你先展示出完整的思考过程，然后再输出最终答案。每道题目有至少两个选项（A、B）至多五个选项（A、B、C、D、E），题目为不定项选择题，请按照以下格式作答：

【思考过程】：...

【最终答案】：AB / BCE / CD / DE / E / ...（只输出选项的编号，不要写选项内容）

示例：
题目：医疗伦理中四大基本原则是？
A.尊重自主权
B.善意行为
C.无害原则
D.公正原则
E.以上都不是
【思考过程】：本题考查医学伦理的四大基本原则，包括尊重自主权、不伤害原则、行善原则、公正原则。

【最终答案】：ABCD

题目：在突发事件应急处理中，下列哪些部门需履行法规明确规定的职责？
A.国务院有关部门需确保应急医疗物资的生产供应
B.市级人民政府直接负责救治药品的研发
C.铁路和交通行政主管部门保障物资运输时效
D.教育部门统筹医疗人力资源调度
E.民用航空行政主管部门参与国际物资采购
【思考过程】：
",AC,客观题
公共卫生资源分配,"你是一个严格按照要求答题的医学考试考生。请你先展示出完整的思考过程，然后再输出最终答案。每道题目有至少两个选项（A、B）至多五个选项（A、B、C、D、E），题目为不定项选择题，请按照以下格式作答：

【思考过程】：...

【最终答案】：AB / BCE / CD / DE / E / ...（只输出选项的编号，不要写选项内容）

示例：
题目：医疗伦理中四大基本原则是？
A.尊重自主权
B.善意行为
C.无害原则
D.公正原则
E.以上都不是
【思考过程】：本题考查医学伦理的四大基本原则，包括尊重自主权、不伤害原则、行善原则、公正原则。

【最终答案】：ABCD

题目：在突发公共卫生事件中，应急处理指挥部依法可采取以下哪些措施？
A.关闭区域内所有公共场所
B.调集储备的医疗物资
C.对密切接触者进行强制隔离
D.征用私人住宅作为隔离点
E.对传染病疫区实施封锁
【思考过程】：
",BCE,客观题
公共卫生资源分配,"你是一个严格按照要求答题的医学考试考生。请你先展示出完整的思考过程，然后再输出最终答案。每道题目有至少两个选项（A、B）至多五个选项（A、B、C、D、E），题目为不定项选择题，请按照以下格式作答：

【思考过程】：...

【最终答案】：AB / BCE / CD / DE / E / ...（只输出选项的编号，不要写选项内容）

示例：
题目：医疗伦理中四大基本原则是？
A.尊重自主权
B.善意行为
C.无害原则
D.公正原则
E.以上都不是
【思考过程】：本题考查医学伦理的四大基本原则，包括尊重自主权、不伤害原则、行善原则、公正原则。

【最终答案】：ABCD

题目：在突发公共事件中，县级以上地方人民政府卫生行政主管部门应当对易受感染的人群采取哪些措施？
A.应急接种
B.预防性投药
C.启动基因测序溯源
D.群体防护
E.强制转移疫区居民
【思考过程】：
",ABD,客观题
公共卫生资源分配,"你是一个严格按照要求答题的医学考试考生。请你先展示出完整的思考过程，然后再输出最终答案。每道题目有至少两个选项（A、B）至多五个选项（A、B、C、D、E），题目为不定项选择题，请按照以下格式作答：

【思考过程】：...

【最终答案】：AB / BCE / CD / DE / E / ...（只输出选项的编号，不要写选项内容）

示例：
题目：医疗伦理中四大基本原则是？
A.尊重自主权
B.善意行为
C.无害原则
D.公正原则
E.以上都不是
【思考过程】：本题考查医学伦理的四大基本原则，包括尊重自主权、不伤害原则、行善原则、公正原则。

【最终答案】：ABCD

题目：国务院指定的机构在突发公共事件中行使职权时，以下哪些行为属于其法定权限范围？
A.进入现场进行采样
B.对地方应急工作提出技术指导
C.直接关闭场所进行强制消毒
D.要求社会单位配合调查
E.对拒绝配合的个体实施行政拘留
【思考过程】：
",ABD,客观题
公共卫生资源分配,"你是一个严格按照要求答题的医学考试考生。请你先展示出完整的思考过程，然后再输出最终答案。每道题目有至少两个选项（A、B）至多五个选项（A、B、C、D、E），题目为不定项选择题，请按照以下格式作答：

【思考过程】：...

【最终答案】：AB / BCE / CD / DE / E / ...（只输出选项的编号，不要写选项内容）

示例：
题目：医疗伦理中四大基本原则是？
A.尊重自主权
B.善意行为
C.无害原则
D.公正原则
E.以上都不是
【思考过程】：本题考查医学伦理的四大基本原则，包括尊重自主权、不伤害原则、行善原则、公正原则。

【最终答案】：ABCD

题目：以下哪项属于医疗卫生机构在突发公共卫生事件中的职责？
A.接诊治疗病人并销毁病历记录
B.将转送病人的病历记录原件移交至指定机构
C.对传染病病人密切接触者采取医学观察措施
D.要求疾控机构对可能受危害人员强制隔离
E.报告所在地疾病预防控制机构收治的传染病患者
【思考过程】：
",CE,客观题
公共卫生资源分配,"你是一个严格按照要求答题的医学考试考生。请你先展示出完整的思考过程，然后再输出最终答案。每道题目有至少两个选项（A、B）至多五个选项（A、B、C、D、E），题目为不定项选择题，请按照以下格式作答：

【思考过程】：...

【最终答案】：AB / BCE / CD / DE / E / ...（只输出选项的编号，不要写选项内容）

示例：
题目：医疗伦理中四大基本原则是？
A.尊重自主权
B.善意行为
C.无害原则
D.公正原则
E.以上都不是
【思考过程】：本题考查医学伦理的四大基本原则，包括尊重自主权、不伤害原则、行善原则、公正原则。

【最终答案】：ABCD

题目：在传染病暴发流行时，以下哪些职责属于街道、乡镇及居委会、村委会的工作范围？
A.疫情信息的收集和报告
B.人员的分散隔离
C.直接进行传染病患者的医疗救治
D.制定全国防疫政策
E.向居民宣传传染病防治知识
【思考过程】：
",ABE,客观题
公共卫生资源分配,"你是一个严格按照要求答题的医学考试考生。请你先展示出完整的思考过程，然后再输出最终答案。每道题目有至少两个选项（A、B）至多五个选项（A、B、C、D、E），题目为不定项选择题，请按照以下格式作答：

【思考过程】：...

【最终答案】：AB / BCE / CD / DE / E / ...（只输出选项的编号，不要写选项内容）

示例：
题目：医疗伦理中四大基本原则是？
A.尊重自主权
B.善意行为
C.无害原则
D.公正原则
E.以上都不是
【思考过程】：本题考查医学伦理的四大基本原则，包括尊重自主权、不伤害原则、行善原则、公正原则。

【最终答案】：ABCD

题目：针对传染病暴发流行区域内的病人，以下哪项措施不符合法规要求？
A.就地隔离
B.就地观察
C.就地治疗
D.强制转诊到上一级医院
E.按流程进行必要的转诊
【思考过程】：
",D,客观题
公共卫生资源分配,"你是一个严格按照要求答题的医学考试考生。请你先展示出完整的思考过程，然后再输出最终答案。每道题目有至少两个选项（A、B）至多五个选项（A、B、C、D、E），题目为不定项选择题，请按照以下格式作答：

【思考过程】：...

【最终答案】：AB / BCE / CD / DE / E / ...（只输出选项的编号，不要写选项内容）

示例：
题目：医疗伦理中四大基本原则是？
A.尊重自主权
B.善意行为
C.无害原则
D.公正原则
E.以上都不是
【思考过程】：本题考查医学伦理的四大基本原则，包括尊重自主权、不伤害原则、行善原则、公正原则。

【最终答案】：ABCD

题目：以下哪项不属于有关部门、医疗卫生机构对传染病应当采取的“四早”措施？
A.早发现
B.早报告
C.早隔离
D.早治疗
E.早预防
【思考过程】：
",E,客观题
公共卫生资源分配,"你是一个严格按照要求答题的医学考试考生。请你先展示出完整的思考过程，然后再输出最终答案。每道题目有至少两个选项（A、B）至多五个选项（A、B、C、D、E），题目为不定项选择题，请按照以下格式作答：

【思考过程】：...

【最终答案】：AB / BCE / CD / DE / E / ...（只输出选项的编号，不要写选项内容）

示例：
题目：医疗伦理中四大基本原则是？
A.尊重自主权
B.善意行为
C.无害原则
D.公正原则
E.以上都不是
【思考过程】：本题考查医学伦理的四大基本原则，包括尊重自主权、不伤害原则、行善原则、公正原则。

【最终答案】：ABCD

题目：以下哪几个部门需联合制定因突发事件致病、致残人员救治的具体资金保障办法？
A.国务院财政部门
B.国家卫生健康委员会
C.应急管理部
D.民政部
E.人力资源和社会保障部
【思考过程】：
",ABE,客观题
公共卫生资源分配,"你是一个严格按照要求答题的医学考试考生。请你先展示出完整的思考过程，然后再输出最终答案。每道题目有至少两个选项（A、B）至多五个选项（A、B、C、D、E），题目为不定项选择题，请按照以下格式作答：

【思考过程】：...

【最终答案】：AB / BCE / CD / DE / E / ...（只输出选项的编号，不要写选项内容）

示例：
题目：医疗伦理中四大基本原则是？
A.尊重自主权
B.善意行为
C.无害原则
D.公正原则
E.以上都不是
【思考过程】：本题考查医学伦理的四大基本原则，包括尊重自主权、不伤害原则、行善原则、公正原则。

【最终答案】：ABCD

题目：在突发公共卫生事件中，以下哪些主体应当配合卫生行政主管部门采取的隔离治疗或医学观察措施？
A. 确诊病人
B. 疑似病人
C. 传染病病人的家属
D. 传染病病人的密切接触者
E. 普通市民
【思考过程】：
",ABD,客观题
公共卫生资源分配,"你是一个严格按照要求答题的医学考试考生。请你先展示出完整的思考过程，然后再输出最终答案。每道题目有至少两个选项（A、B）至多五个选项（A、B、C、D、E），题目为不定项选择题，请按照以下格式作答：

【思考过程】：...

【最终答案】：AB / BCE / CD / DE / E / ...（只输出选项的编号，不要写选项内容）

示例：
题目：医疗伦理中四大基本原则是？
A.尊重自主权
B.善意行为
C.无害原则
D.公正原则
E.以上都不是
【思考过程】：本题考查医学伦理的四大基本原则，包括尊重自主权、不伤害原则、行善原则、公正原则。

【最终答案】：ABCD

题目：以下哪种行为属于医疗卫生机构可能被卫生行政主管部门处罚的情形？
A.未履行突发事件监测职责的
B.拒不服从突发公共卫生事件指挥中心临时调度的
C.拒绝接诊普通感冒患者的
D.不配合疾控部门日常消毒指导的
【思考过程】：
",ABC,客观题
公共卫生资源分配,"你是一个严格按照要求答题的医学考试考生。请你先展示出完整的思考过程，然后再输出最终答案。每道题目有至少两个选项（A、B）至多五个选项（A、B、C、D、E），题目为不定项选择题，请按照以下格式作答：

【思考过程】：...

【最终答案】：AB / BCE / CD / DE / E / ...（只输出选项的编号，不要写选项内容）

示例：
题目：医疗伦理中四大基本原则是？
A.尊重自主权
B.善意行为
C.无害原则
D.公正原则
E.以上都不是
【思考过程】：本题考查医学伦理的四大基本原则，包括尊重自主权、不伤害原则、行善原则、公正原则。

【最终答案】：ABCD

题目：在突发事件应急处理中，以下哪些行为可能被依法处分或处罚？
A.未按时填报个人健康信息日报表
B.隐瞒现场传染病确诊案例数据
C.允许非指定机构先行进入疫区开展消杀
D.拒绝对突发事件现场进行病理样本采集
E.对涉事车辆进行强制交通管制
【思考过程】：
",BD,客观题
公共卫生资源分配,"你是一个严格按照要求答题的医学考试考生。请你先展示出完整的思考过程，然后再输出最终答案。每道题目有至少两个选项（A、B）至多五个选项（A、B、C、D、E），题目为不定项选择题，请按照以下格式作答：

【思考过程】：...

【最终答案】：AB / BCE / CD / DE / E / ...（只输出选项的编号，不要写选项内容）

示例：
题目：医疗伦理中四大基本原则是？
A.尊重自主权
B.善意行为
C.无害原则
D.公正原则
E.以上都不是
【思考过程】：本题考查医学伦理的四大基本原则，包括尊重自主权、不伤害原则、行善原则、公正原则。

【最终答案】：ABCD

题目：在突发公共卫生事件期间，以下哪些行为可能被依法追究行政或刑事责任？
A.在网络平台编造“某医院床位爆满瘫痪”的虚假视频
B.将普通医用口罩按N95价格提高600%销售
C.销售无法过滤病毒的劣质口罩但宣称符合国标
D.超市要求消费者购买日用品必须搭配高价消毒液
【思考过程】：
",ABC,客观题
公共卫生资源分配,"你是一个严格按照要求答题的医学考试考生。请你先展示出完整的思考过程，然后再输出最终答案。每道题目有至少两个选项（A、B）至多五个选项（A、B、C、D、E），题目为不定项选择题，请按照以下格式作答：

【思考过程】：...

【最终答案】：AB / BCE / CD / DE / E / ...（只输出选项的编号，不要写选项内容）

示例：
题目：医疗伦理中四大基本原则是？
A.尊重自主权
B.善意行为
C.无害原则
D.公正原则
E.以上都不是
【思考过程】：本题考查医学伦理的四大基本原则，包括尊重自主权、不伤害原则、行善原则、公正原则。

【最终答案】：ABCD

题目：公共卫生资源分配需遵循公平与效率统一的原则，以下哪几项表述符合该原则要求？
A.优先保障高端医疗服务质量以提升医院声誉
B.促进基本医疗卫生服务的可及性并兼顾公平
C.资源配置时应仅考虑绝对平均分配
D.通过优化管理和协作机制同步提高效率、降低成本
【思考过程】：
",BD,客观题
公共卫生资源分配,"你是一个严格按照要求答题的医学考试考生。请你先展示出完整的思考过程，然后再输出最终答案。每道题目有至少两个选项（A、B）至多五个选项（A、B、C、D、E），题目为不定项选择题，请按照以下格式作答：

【思考过程】：...

【最终答案】：AB / BCE / CD / DE / E / ...（只输出选项的编号，不要写选项内容）

示例：
题目：医疗伦理中四大基本原则是？
A.尊重自主权
B.善意行为
C.无害原则
D.公正原则
E.以上都不是
【思考过程】：本题考查医学伦理的四大基本原则，包括尊重自主权、不伤害原则、行善原则、公正原则。

【最终答案】：ABCD

题目：以下哪些选项属于我国政府在公共卫生资源分配中应承担的责任？
A.制定医疗卫生服务制度
B.规范医疗领域定价机制
C.保障基本医疗服务筹资
D.审批民营医院运营资质
E.承担医疗机构日常运营
【思考过程】：
",AC,客观题
公共卫生资源分配,"你是一个严格按照要求答题的医学考试考生。请你先展示出完整的思考过程，然后再输出最终答案。每道题目有至少两个选项（A、B）至多五个选项（A、B、C、D、E），题目为不定项选择题，请按照以下格式作答：

【思考过程】：...

【最终答案】：AB / BCE / CD / DE / E / ...（只输出选项的编号，不要写选项内容）

示例：
题目：医疗伦理中四大基本原则是？
A.尊重自主权
B.善意行为
C.无害原则
D.公正原则
E.以上都不是
【思考过程】：本题考查医学伦理的四大基本原则，包括尊重自主权、不伤害原则、行善原则、公正原则。

【最终答案】：ABCD

题目：以下哪几项是公立医院依法应当承担的任务？
A.主导商业医疗保险推广
B.承担人才培养任务
C.承担医学科研任务
D.执行突发事件紧急医疗救援
E.开展国际营利性合作项目
【思考过程】：
",BCD,客观题
公共卫生资源分配,"你是一个严格按照要求答题的医学考试考生。请你先展示出完整的思考过程，然后再输出最终答案。每道题目有至少两个选项（A、B）至多五个选项（A、B、C、D、E），题目为不定项选择题，请按照以下格式作答：

【思考过程】：...

【最终答案】：AB / BCE / CD / DE / E / ...（只输出选项的编号，不要写选项内容）

示例：
题目：医疗伦理中四大基本原则是？
A.尊重自主权
B.善意行为
C.无害原则
D.公正原则
E.以上都不是
【思考过程】：本题考查医学伦理的四大基本原则，包括尊重自主权、不伤害原则、行善原则、公正原则。

【最终答案】：ABCD

题目：下列哪些机构属于基层医疗卫生机构？
A. 乡镇卫生院
B. 三甲医院急诊科
C. 私立专科眼科诊所
D. 社区卫生服务中心（站）
E. 省级疾病预防控制中心
【思考过程】：
",AD,客观题
公共卫生资源分配,"你是一个严格按照要求答题的医学考试考生。请你先展示出完整的思考过程，然后再输出最终答案。每道题目有至少两个选项（A、B）至多五个选项（A、B、C、D、E），题目为不定项选择题，请按照以下格式作答：

【思考过程】：...

【最终答案】：AB / BCE / CD / DE / E / ...（只输出选项的编号，不要写选项内容）

示例：
题目：医疗伦理中四大基本原则是？
A.尊重自主权
B.善意行为
C.无害原则
D.公正原则
E.以上都不是
【思考过程】：本题考查医学伦理的四大基本原则，包括尊重自主权、不伤害原则、行善原则、公正原则。

【最终答案】：ABCD

题目：下列哪项服务不属于专业公共卫生机构提供的服务范围？
A.疾病预防控制
B.精神卫生服务
C.综合监督执法
D.医疗保险筹资管理
E.基础教育健康促进
【思考过程】：
",DE,客观题
公共卫生资源分配,"你是一个严格按照要求答题的医学考试考生。请你先展示出完整的思考过程，然后再输出最终答案。每道题目有至少两个选项（A、B）至多五个选项（A、B、C、D、E），题目为不定项选择题，请按照以下格式作答：

【思考过程】：...

【最终答案】：AB / BCE / CD / DE / E / ...（只输出选项的编号，不要写选项内容）

示例：
题目：医疗伦理中四大基本原则是？
A.尊重自主权
B.善意行为
C.无害原则
D.公正原则
E.以上都不是
【思考过程】：本题考查医学伦理的四大基本原则，包括尊重自主权、不伤害原则、行善原则、公正原则。

【最终答案】：ABCD

题目：以下哪些做法符合我国关于医疗机构与养老机构合作的规定？
A.三甲医院设立包含基础医疗服务的养老床位
B.养老机构内设中医理疗科室
C.社区卫生中心与教育机构合作开展老年健康课程
D.康复疗养院拒绝与二级医院建立双向转诊机制
【思考过程】：
",AB,客观题
公共卫生资源分配,"你是一个严格按照要求答题的医学考试考生。请你先展示出完整的思考过程，然后再输出最终答案。每道题目有至少两个选项（A、B）至多五个选项（A、B、C、D、E），题目为不定项选择题，请按照以下格式作答：

【思考过程】：...

【最终答案】：AB / BCE / CD / DE / E / ...（只输出选项的编号，不要写选项内容）

示例：
题目：医疗伦理中四大基本原则是？
A.尊重自主权
B.善意行为
C.无害原则
D.公正原则
E.以上都不是
【思考过程】：本题考查医学伦理的四大基本原则，包括尊重自主权、不伤害原则、行善原则、公正原则。

【最终答案】：ABCD

题目：以下哪些内容属于医疗资源分配中政府卫生投入机制的核心要点？
A.明确政府在公共卫生和基本医疗服务中的主导地位
B.强化社会资本在基层医疗中的主体地位
C.合理划分中央与地方政府的医疗卫生投入责任
D.全面落实对社会办营利性医疗机构的强制投入政策
E.建立以商业健康保险为主体的医保体系
【思考过程】：
",AC,客观题
公共卫生资源分配,"你是一个严格按照要求答题的医学考试考生。请你先展示出完整的思考过程，然后再输出最终答案。每道题目有至少两个选项（A、B）至多五个选项（A、B、C、D、E），题目为不定项选择题，请按照以下格式作答：

【思考过程】：...

【最终答案】：AB / BCE / CD / DE / E / ...（只输出选项的编号，不要写选项内容）

示例：
题目：医疗伦理中四大基本原则是？
A.尊重自主权
B.善意行为
C.无害原则
D.公正原则
E.以上都不是
【思考过程】：本题考查医学伦理的四大基本原则，包括尊重自主权、不伤害原则、行善原则、公正原则。

【最终答案】：ABCD

题目：根据公共卫生资源分配要求，以下哪些属于需要重点加强服务能力的薄弱领域？
A.体检中心执业能力建设
B.中医服务能力建设
C.儿科诊疗能力建设
D.心血管专科设备配置
E.临终关怀服务能力建设
F.精神卫生防治能力建设
G.运动康复器材开发
H.传染病防控能力建设
【思考过程】：
",BCFH,客观题
公共卫生资源分配,"你是一个严格按照要求答题的医学考试考生。请你先展示出完整的思考过程，然后再输出最终答案。每道题目有至少两个选项（A、B）至多五个选项（A、B、C、D、E），题目为不定项选择题，请按照以下格式作答：

【思考过程】：...

【最终答案】：AB / BCE / CD / DE / E / ...（只输出选项的编号，不要写选项内容）

示例：
题目：医疗伦理中四大基本原则是？
A.尊重自主权
B.善意行为
C.无害原则
D.公正原则
E.以上都不是
【思考过程】：本题考查医学伦理的四大基本原则，包括尊重自主权、不伤害原则、行善原则、公正原则。

【最终答案】：ABCD

题目：在区域卫生规划评价过程中，以下哪些手段不属于规范实施的要求？
A.法律手段
B.经济手段
C.行政手段
D.医疗手段
E.行政命令
【思考过程】：
",DE,客观题
公共卫生资源分配,"你是一个严格按照要求答题的医学考试考生。请你先展示出完整的思考过程，然后再输出最终答案。每道题目有至少两个选项（A、B）至多五个选项（A、B、C、D、E），题目为不定项选择题，请按照以下格式作答：

【思考过程】：...

【最终答案】：AB / BCE / CD / DE / E / ...（只输出选项的编号，不要写选项内容）

示例：
题目：医疗伦理中四大基本原则是？
A.尊重自主权
B.善意行为
C.无害原则
D.公正原则
E.以上都不是
【思考过程】：本题考查医学伦理的四大基本原则，包括尊重自主权、不伤害原则、行善原则、公正原则。

【最终答案】：ABCD

题目：以下哪些属于突发公共卫生事件应急工作应当遵循的方针？
A.预防为主
B.防治结合
C.党委统一领导
D.健康优先的方针
E.科学、依法、精准应对
【思考过程】：
",ABD,客观题
公共卫生资源分配,"你是一个严格按照要求答题的医学考试考生。请你先展示出完整的思考过程，然后再输出最终答案。每道题目有至少两个选项（A、B）至多五个选项（A、B、C、D、E），题目为不定项选择题，请按照以下格式作答：

【思考过程】：...

【最终答案】：AB / BCE / CD / DE / E / ...（只输出选项的编号，不要写选项内容）

示例：
题目：医疗伦理中四大基本原则是？
A.尊重自主权
B.善意行为
C.无害原则
D.公正原则
E.以上都不是
【思考过程】：本题考查医学伦理的四大基本原则，包括尊重自主权、不伤害原则、行善原则、公正原则。

【最终答案】：ABCD

题目：根据相关法规，下列哪些行为违反了突发公共卫生事件应对中的禁止性规定？
A.拒绝让未佩戴口罩的疑似病人进入社区超市
B.某企业解雇因传染病病人密切接触而被隔离的员工
C.社区工作人员在微信群公开某患者的详细住址
D.根据接触史对密切接触者实施居家隔离措施
E.某事业单位因应聘者曾被隔离拒绝其入职
【思考过程】：
",BCE,客观题
公共卫生资源分配,"你是一个严格按照要求答题的医学考试考生。请你先展示出完整的思考过程，然后再输出最终答案。每道题目有至少两个选项（A、B）至多五个选项（A、B、C、D、E），题目为不定项选择题，请按照以下格式作答：

【思考过程】：...

【最终答案】：AB / BCE / CD / DE / E / ...（只输出选项的编号，不要写选项内容）

示例：
题目：医疗伦理中四大基本原则是？
A.尊重自主权
B.善意行为
C.无害原则
D.公正原则
E.以上都不是
【思考过程】：本题考查医学伦理的四大基本原则，包括尊重自主权、不伤害原则、行善原则、公正原则。

【最终答案】：ABCD

题目：市、区卫生健康部门应建立的突发公共卫生事件相关队伍不包括以下哪一项？
A.应急处置队伍
B.医疗救援队伍
C.心理危机干预队伍
D.舆情监测队伍
E.卫生监督执法队伍
【思考过程】：
",DE,客观题
公共卫生资源分配,"你是一个严格按照要求答题的医学考试考生。请你先展示出完整的思考过程，然后再输出最终答案。每道题目有至少两个选项（A、B）至多五个选项（A、B、C、D、E），题目为不定项选择题，请按照以下格式作答：

【思考过程】：...

【最终答案】：AB / BCE / CD / DE / E / ...（只输出选项的编号，不要写选项内容）

示例：
题目：医疗伦理中四大基本原则是？
A.尊重自主权
B.善意行为
C.无害原则
D.公正原则
E.以上都不是
【思考过程】：本题考查医学伦理的四大基本原则，包括尊重自主权、不伤害原则、行善原则、公正原则。

【最终答案】：ABCD

题目：根据相关法规，以下哪些主体有责任普及公共卫生健康知识和应急技能？
A.市教育部门
B.机关企业事业单位
C.新闻媒体
D.私营培训机构
E.个人志愿者
【思考过程】：
",ABC,客观题
公共卫生资源分配,"你是一个严格按照要求答题的医学考试考生。请你先展示出完整的思考过程，然后再输出最终答案。每道题目有至少两个选项（A、B）至多五个选项（A、B、C、D、E），题目为不定项选择题，请按照以下格式作答：

【思考过程】：...

【最终答案】：AB / BCE / CD / DE / E / ...（只输出选项的编号，不要写选项内容）

示例：
题目：医疗伦理中四大基本原则是？
A.尊重自主权
B.善意行为
C.无害原则
D.公正原则
E.以上都不是
【思考过程】：本题考查医学伦理的四大基本原则，包括尊重自主权、不伤害原则、行善原则、公正原则。

【最终答案】：ABCD

题目：根据相关法规，以下哪些途径属于报告突发公共卫生事件隐患的正确方式？
A.拨打北京12345市民服务热线
B.通过部门电话报告
C.在政府网站提交信息
D.使用政务新媒体平台
E.向当地媒体公开举报
【思考过程】：
",ABCD,客观题
公共卫生资源分配,"你是一个严格按照要求答题的医学考试考生。请你先展示出完整的思考过程，然后再输出最终答案。每道题目有至少两个选项（A、B）至多五个选项（A、B、C、D、E），题目为不定项选择题，请按照以下格式作答：

【思考过程】：...

【最终答案】：AB / BCE / CD / DE / E / ...（只输出选项的编号，不要写选项内容）

示例：
题目：医疗伦理中四大基本原则是？
A.尊重自主权
B.善意行为
C.无害原则
D.公正原则
E.以上都不是
【思考过程】：本题考查医学伦理的四大基本原则，包括尊重自主权、不伤害原则、行善原则、公正原则。

【最终答案】：ABCD

题目：关于突发公共卫生事件信息发布的正确做法，下列哪项表述符合法规要求？
A.信息发布应当及时并持续进行
B.政府仅需与社会公众保持单向信息传递
C.信息发布应当保证公开和透明
D.采取无障碍方式确保特殊群体获取信息
E.所有信息应在事发12小时内统一处理
【思考过程】：
",ACD,客观题
公共卫生资源分配,"你是一个严格按照要求答题的医学考试考生。请你先展示出完整的思考过程，然后再输出最终答案。每道题目有至少两个选项（A、B）至多五个选项（A、B、C、D、E），题目为不定项选择题，请按照以下格式作答：

【思考过程】：...

【最终答案】：AB / BCE / CD / DE / E / ...（只输出选项的编号，不要写选项内容）

示例：
题目：医疗伦理中四大基本原则是？
A.尊重自主权
B.善意行为
C.无害原则
D.公正原则
E.以上都不是
【思考过程】：本题考查医学伦理的四大基本原则，包括尊重自主权、不伤害原则、行善原则、公正原则。

【最终答案】：ABCD

题目：以下哪些属于重大传染病疫情和群体性不明原因疾病应对处置的基本原则？
A.早预防、早报告、早隔离、早治疗
B.早发现、早报告、早隔离、早治疗
C.早发现、早响应、早封锁、早治疗
D.早发现、早报告、早转运、早收治
E.早筛查、早预警、早隔离、早康复
【思考过程】：
",B,客观题
公共卫生资源分配,"你是一个严格按照要求答题的医学考试考生。请你先展示出完整的思考过程，然后再输出最终答案。每道题目有至少两个选项（A、B）至多五个选项（A、B、C、D、E），题目为不定项选择题，请按照以下格式作答：

【思考过程】：...

【最终答案】：AB / BCE / CD / DE / E / ...（只输出选项的编号，不要写选项内容）

示例：
题目：医疗伦理中四大基本原则是？
A.尊重自主权
B.善意行为
C.无害原则
D.公正原则
E.以上都不是
【思考过程】：本题考查医学伦理的四大基本原则，包括尊重自主权、不伤害原则、行善原则、公正原则。

【最终答案】：ABCD

题目：在公共卫生资源分配中，医疗卫生机构必须及时采取救治措施的患者类别包括以下哪些？
A.急性心肌梗死患者需紧急手术
B.普通门诊患者的常规复查
C.稳定期糖尿病患者的定期随访
D.需血液透析的肾功能衰竭患者
【思考过程】：
",AD,客观题
公共卫生资源分配,"你是一个严格按照要求答题的医学考试考生。请你先展示出完整的思考过程，然后再输出最终答案。每道题目有至少两个选项（A、B）至多五个选项（A、B、C、D、E），题目为不定项选择题，请按照以下格式作答：

【思考过程】：...

【最终答案】：AB / BCE / CD / DE / E / ...（只输出选项的编号，不要写选项内容）

示例：
题目：医疗伦理中四大基本原则是？
A.尊重自主权
B.善意行为
C.无害原则
D.公正原则
E.以上都不是
【思考过程】：本题考查医学伦理的四大基本原则，包括尊重自主权、不伤害原则、行善原则、公正原则。

【最终答案】：ABCD

题目：在突发公共卫生事件中，以下哪些组织应当被市、区相关部门组织参与心理危机干预服务？
A.商业保险公司
B.精神卫生医疗机构
C.高等学校
D.志愿服务组织
E.公证机构
【思考过程】：
",BCD,客观题
公共卫生资源分配,"你是一个严格按照要求答题的医学考试考生。请你先展示出完整的思考过程，然后再输出最终答案。每道题目有至少两个选项（A、B）至多五个选项（A、B、C、D、E），题目为不定项选择题，请按照以下格式作答：

【思考过程】：...

【最终答案】：AB / BCE / CD / DE / E / ...（只输出选项的编号，不要写选项内容）

示例：
题目：医疗伦理中四大基本原则是？
A.尊重自主权
B.善意行为
C.无害原则
D.公正原则
E.以上都不是
【思考过程】：本题考查医学伦理的四大基本原则，包括尊重自主权、不伤害原则、行善原则、公正原则。

【最终答案】：ABCD

题目：根据相关法律法规，以下哪类群体在公共卫生资源分配时应被给予应急救助？
A.老、幼、病、残
B.孤寡人员
C.精神障碍患者
D.外来务工人员
E.青少年学生
【思考过程】：
",ABC,客观题
公共卫生资源分配,"你是一个严格按照要求答题的医学考试考生。请你先展示出完整的思考过程，然后再输出最终答案。每道题目有至少两个选项（A、B）至多五个选项（A、B、C、D、E），题目为不定项选择题，请按照以下格式作答：

【思考过程】：...

【最终答案】：AB / BCE / CD / DE / E / ...（只输出选项的编号，不要写选项内容）

示例：
题目：医疗伦理中四大基本原则是？
A.尊重自主权
B.善意行为
C.无害原则
D.公正原则
E.以上都不是
【思考过程】：本题考查医学伦理的四大基本原则，包括尊重自主权、不伤害原则、行善原则、公正原则。

【最终答案】：ABCD

题目：以下哪项不属于居民委员会、村民委员会在公共卫生事件中的职责？
A.动员组织居民开展群防群治
B.对公共交通工具进行清洁消毒
C.开展出入人员登记排查
D.协助实施人员健康监测
E.为居家观察者提供日常生活保障
【思考过程】：
",B,客观题
公共卫生资源分配,"你是一个严格按照要求答题的医学考试考生。请你先展示出完整的思考过程，然后再输出最终答案。每道题目有至少两个选项（A、B）至多五个选项（A、B、C、D、E），题目为不定项选择题，请按照以下格式作答：

【思考过程】：...

【最终答案】：AB / BCE / CD / DE / E / ...（只输出选项的编号，不要写选项内容）

示例：
题目：医疗伦理中四大基本原则是？
A.尊重自主权
B.善意行为
C.无害原则
D.公正原则
E.以上都不是
【思考过程】：本题考查医学伦理的四大基本原则，包括尊重自主权、不伤害原则、行善原则、公正原则。

【最终答案】：ABCD

题目：以下哪项属于突发公共事件中市、区人民政府有关部门的法定义务？
A.交通运输部门指导地铁运营方实施车站封闭措施
B.教育部门负责学校艺术课程改革试点
C.民政部门协调社会力量参与社区宠物救助
D.应急管理部门联合药监机构组织防护服海外代购
E.市场监督管理部门查处食品生产商虚标有机认证
【思考过程】：
",AE,客观题
公共卫生资源分配,"你是一个严格按照要求答题的医学考试考生。请你先展示出完整的思考过程，然后再输出最终答案。每道题目有至少两个选项（A、B）至多五个选项（A、B、C、D、E），题目为不定项选择题，请按照以下格式作答：

【思考过程】：...

【最终答案】：AB / BCE / CD / DE / E / ...（只输出选项的编号，不要写选项内容）

示例：
题目：医疗伦理中四大基本原则是？
A.尊重自主权
B.善意行为
C.无害原则
D.公正原则
E.以上都不是
【思考过程】：本题考查医学伦理的四大基本原则，包括尊重自主权、不伤害原则、行善原则、公正原则。

【最终答案】：ABCD

题目：下列哪些关于公共卫生事件举报和处置程序的描述符合相关规定？
A.有关部门收到公职人员违法线索可直接开展行政处分
B.单位发现某医院虚报疫情数据可向监察机关举报
C.因举报内容涉及公共利益，有关部门可公开举报人职务信息
D.某县卫健局接到漏报事件的举报后应立即核查并保护举报人隐私
E.卫生健康部门发现官员篡改物资分配记录应当将线索移交监察机关
F.接到举报的机构需在24小时内启动调查程序
【思考过程】：
",BDE,客观题
公共卫生资源分配,"你是一个严格按照要求答题的医学考试考生。请你先展示出完整的思考过程，然后再输出最终答案。每道题目有至少两个选项（A、B）至多五个选项（A、B、C、D、E），题目为不定项选择题，请按照以下格式作答：

【思考过程】：...

【最终答案】：AB / BCE / CD / DE / E / ...（只输出选项的编号，不要写选项内容）

示例：
题目：医疗伦理中四大基本原则是？
A.尊重自主权
B.善意行为
C.无害原则
D.公正原则
E.以上都不是
【思考过程】：本题考查医学伦理的四大基本原则，包括尊重自主权、不伤害原则、行善原则、公正原则。

【最终答案】：ABCD

题目：在突发公共卫生事件应急处置中，以下哪些单位应当对不配合应对措施的行为在劝阻无效后立即向公安机关或有关部门报告？
A.公共场所管理单位
B.高速公路收费站
C.居民委员会
D.教育局
E.公共交通工具运营管理单位
【思考过程】：
",ACE,客观题
公共卫生资源分配,"你是一个严格按照要求答题的医学考试考生。请你先展示出完整的思考过程，然后再输出最终答案。每道题目有至少两个选项（A、B）至多五个选项（A、B、C、D、E），题目为不定项选择题，请按照以下格式作答：

【思考过程】：...

【最终答案】：AB / BCE / CD / DE / E / ...（只输出选项的编号，不要写选项内容）

示例：
题目：医疗伦理中四大基本原则是？
A.尊重自主权
B.善意行为
C.无害原则
D.公正原则
E.以上都不是
【思考过程】：本题考查医学伦理的四大基本原则，包括尊重自主权、不伤害原则、行善原则、公正原则。

【最终答案】：ABCD

题目：在突发公共卫生事件应急处置中，本市各有关单位依法应当为相关人员提供哪些保障？
A.发放额外奖金
B.给予补助和补贴
C.提供职业安全防护
D.优先晋升机会
E.对伤亡人员家属进行救助和抚恤
【思考过程】：
",BE,客观题
公共卫生资源分配,"你是一个严格按照要求答题的医学考试考生。请你先展示出完整的思考过程，然后再输出最终答案。每道题目有至少两个选项（A、B）至多五个选项（A、B、C、D、E），题目为不定项选择题，请按照以下格式作答：

【思考过程】：...

【最终答案】：AB / BCE / CD / DE / E / ...（只输出选项的编号，不要写选项内容）

示例：
题目：医疗伦理中四大基本原则是？
A.尊重自主权
B.善意行为
C.无害原则
D.公正原则
E.以上都不是
【思考过程】：本题考查医学伦理的四大基本原则，包括尊重自主权、不伤害原则、行善原则、公正原则。

【最终答案】：ABCD

题目：在突发公共卫生事件期间，以下哪种行为不属于法律法规明示的应受处罚情形？
A.编造医院停诊的虚假信息导致医院挤兑，B.确诊患者擅自进入超市造成多人被隔离，C.社区居民未经批准组织聚集募捐活动，D.护士采集核酸时防护服被醉酒家属扯坏
【思考过程】：
",C,客观题
公共卫生资源分配,"你是一个严格按照要求答题的医学考试考生。请你先展示出完整的思考过程，然后再输出最终答案。每道题目有至少两个选项（A、B）至多五个选项（A、B、C、D、E），题目为不定项选择题，请按照以下格式作答：

【思考过程】：...

【最终答案】：AB / BCE / CD / DE / E / ...（只输出选项的编号，不要写选项内容）

示例：
题目：医疗伦理中四大基本原则是？
A.尊重自主权
B.善意行为
C.无害原则
D.公正原则
E.以上都不是
【思考过程】：本题考查医学伦理的四大基本原则，包括尊重自主权、不伤害原则、行善原则、公正原则。

【最终答案】：ABCD

题目：在突发公共卫生事件发生期间，以下哪些行为可能被市场监督管理部门依法从重处罚？
A.药店连锁企业以成本价3倍的价格出售医用防护口罩，B.制药公司在广告中宣称其普通维生素片可预防新冠病毒感染，C.厂商生产的酒精消毒液未达到行业推荐标准，D.超市未明码标价普通矿泉水但未抬高售价，E.企业大量采购应急物资并每日按10%涨幅调整价格
【思考过程】：
",ABE,客观题
公共卫生资源分配,"你是一个严格按照要求答题的医学考试考生。请你先展示出完整的思考过程，然后再输出最终答案。每道题目有至少两个选项（A、B）至多五个选项（A、B、C、D、E），题目为不定项选择题，请按照以下格式作答：

【思考过程】：...

【最终答案】：AB / BCE / CD / DE / E / ...（只输出选项的编号，不要写选项内容）

示例：
题目：医疗伦理中四大基本原则是？
A.尊重自主权
B.善意行为
C.无害原则
D.公正原则
E.以上都不是
【思考过程】：本题考查医学伦理的四大基本原则，包括尊重自主权、不伤害原则、行善原则、公正原则。

【最终答案】：ABCD

题目：以下哪些措施符合公共卫生资源分配的相关法规要求？
A.仅在资源分配完成后选择性公开部分信息，B.按照""全流程透明化""原则动态更新资源配置细节，C.因涉及企业隐私仅向特定部门通报资源流向，D.降低公开频率以避免舆论争议，E.建立公开反馈渠道以便公众核实和监督
【思考过程】：
",BE,客观题
公共卫生资源分配,"你是一个严格按照要求答题的医学考试考生。请你先展示出完整的思考过程，然后再输出最终答案。每道题目有至少两个选项（A、B）至多五个选项（A、B、C、D、E），题目为不定项选择题，请按照以下格式作答：

【思考过程】：...

【最终答案】：AB / BCE / CD / DE / E / ...（只输出选项的编号，不要写选项内容）

示例：
题目：医疗伦理中四大基本原则是？
A.尊重自主权
B.善意行为
C.无害原则
D.公正原则
E.以上都不是
【思考过程】：本题考查医学伦理的四大基本原则，包括尊重自主权、不伤害原则、行善原则、公正原则。

【最终答案】：ABCD

题目：以下哪些信息属于公共资源配置领域不予公开的政府信息？（多选）
A.可能暴露企业核心技术配方的竞标方案
B.某省公务员的公务用车购置预算
C.传染病患者疫苗接种行程记录
D.某市新建医院融资合同的利率条款（企业未同意公开）
E.上级部门尚未批准的救灾物资发放计划
【思考过程】：
",ACDE,客观题
公共卫生资源分配,"你是一个严格按照要求答题的医学考试考生。请你先展示出完整的思考过程，然后再输出最终答案。每道题目有至少两个选项（A、B）至多五个选项（A、B、C、D、E），题目为不定项选择题，请按照以下格式作答：

【思考过程】：...

【最终答案】：AB / BCE / CD / DE / E / ...（只输出选项的编号，不要写选项内容）

示例：
题目：医疗伦理中四大基本原则是？
A.尊重自主权
B.善意行为
C.无害原则
D.公正原则
E.以上都不是
【思考过程】：本题考查医学伦理的四大基本原则，包括尊重自主权、不伤害原则、行善原则、公正原则。

【最终答案】：ABCD

题目：在公共卫生资源分配中，为确保程序公正，问责制度需要明确界定以下哪些内容？
A.保障资源平均分配
B.具体实施过程
C.决策者责任
D.个人偏好优先
E.政府资金审核流程
【思考过程】：
",BC,客观题
公共卫生资源分配,"你是一个严格按照要求答题的医学考试考生。请你先展示出完整的思考过程，然后再输出最终答案。每道题目有至少两个选项（A、B）至多五个选项（A、B、C、D、E），题目为不定项选择题，请按照以下格式作答：

【思考过程】：...

【最终答案】：AB / BCE / CD / DE / E / ...（只输出选项的编号，不要写选项内容）

示例：
题目：医疗伦理中四大基本原则是？
A.尊重自主权
B.善意行为
C.无害原则
D.公正原则
E.以上都不是
【思考过程】：本题考查医学伦理的四大基本原则，包括尊重自主权、不伤害原则、行善原则、公正原则。

【最终答案】：ABCD

题目：以下哪一项不属于提高公共卫生资源分配透明度的核心目标？
A.建立问责制
B.提高效率
C.增强政府部门的财政收益
D.便利利益攸关者参与
E.减少不当使用风险
【思考过程】：
",C,客观题
人体试验,"你是一个严格按照要求答题的医学考试考生。请你先展示出完整的思考过程，然后再输出最终答案。每道题目有至少两个选项（A、B）至多五个选项（A、B、C、D、E），题目为不定项选择题，请按照以下格式作答：

【思考过程】：...

【最终答案】：AB / BCE / CD / DE / E / ...（只输出选项的编号，不要写选项内容）

示例：
题目：医疗伦理中四大基本原则是？
A.尊重自主权
B.善意行为
C.无害原则
D.公正原则
E.以上都不是
【思考过程】：本题考查医学伦理的四大基本原则，包括尊重自主权、不伤害原则、行善原则、公正原则。

【最终答案】：ABCD

题目：以下哪项违反了有关人体试验的规定？
A.使用只获得主管部门口头许可的试验方案
B.在监护人反对的情况下继续开展未成年人受试者参与的研究
C.将经伦理委员会通过的癌症新药临床试验仅向受试者发送电子邮件说明风险
D.要求受试者承担50%的试验耗材费用
【思考过程】：
",ACD,客观题
人体试验,"你是一个严格按照要求答题的医学考试考生。请你先展示出完整的思考过程，然后再输出最终答案。每道题目有至少两个选项（A、B）至多五个选项（A、B、C、D、E），题目为不定项选择题，请按照以下格式作答：

【思考过程】：...

【最终答案】：AB / BCE / CD / DE / E / ...（只输出选项的编号，不要写选项内容）

示例：
题目：医疗伦理中四大基本原则是？
A.尊重自主权
B.善意行为
C.无害原则
D.公正原则
E.以上都不是
【思考过程】：本题考查医学伦理的四大基本原则，包括尊重自主权、不伤害原则、行善原则、公正原则。

【最终答案】：ABCD

题目：以下哪些行为是从事与人体基因、人体胚胎相关的医学研究时被明确禁止的？
A.在研究过程中向参与者隐瞒部分实验风险
B.开展违背伦理道德的研究方案
C.为加快科研进度暂时忽略安全监测措施
D.将研究成果用于损害公共利益的商业活动
E.违反地方行政规章扩大实验范围
【思考过程】：
",BCD,客观题
人体试验,"你是一个严格按照要求答题的医学考试考生。请你先展示出完整的思考过程，然后再输出最终答案。每道题目有至少两个选项（A、B）至多五个选项（A、B、C、D、E），题目为不定项选择题，请按照以下格式作答：

【思考过程】：...

【最终答案】：AB / BCE / CD / DE / E / ...（只输出选项的编号，不要写选项内容）

示例：
题目：医疗伦理中四大基本原则是？
A.尊重自主权
B.善意行为
C.无害原则
D.公正原则
E.以上都不是
【思考过程】：本题考查医学伦理的四大基本原则，包括尊重自主权、不伤害原则、行善原则、公正原则。

【最终答案】：ABCD

题目：以下哪些条件属于我国对医疗卫生技术临床应用实行严格管理的依据？
A.技术应用广泛且收益显著
B.技术难度大且医疗风险高
C.服务能力要求较高
D.人员专业技术水平要求较高
E.患者经济承受能力不足
【思考过程】：
",BD,客观题
人体试验,"你是一个严格按照要求答题的医学考试考生。请你先展示出完整的思考过程，然后再输出最终答案。每道题目有至少两个选项（A、B）至多五个选项（A、B、C、D、E），题目为不定项选择题，请按照以下格式作答：

【思考过程】：...

【最终答案】：AB / BCE / CD / DE / E / ...（只输出选项的编号，不要写选项内容）

示例：
题目：医疗伦理中四大基本原则是？
A.尊重自主权
B.善意行为
C.无害原则
D.公正原则
E.以上都不是
【思考过程】：本题考查医学伦理的四大基本原则，包括尊重自主权、不伤害原则、行善原则、公正原则。

【最终答案】：ABCD

题目：以下哪些行为会导致医疗卫生人员被县级以上卫生健康主管部门行政处罚？
A.在医学研究中收受赞助商的贵重礼物
B.未经许可向药企提供患者的血型数据
C.详细告知患者临床试验所有可能风险但未签字确认
D.拒绝修改伦理审查结论以满足企业需求
E.使用人工智能算法预测治疗效果未获得单独授权
【思考过程】：
",ABCE,客观题
人体试验,"你是一个严格按照要求答题的医学考试考生。请你先展示出完整的思考过程，然后再输出最终答案。每道题目有至少两个选项（A、B）至多五个选项（A、B、C、D、E），题目为不定项选择题，请按照以下格式作答：

【思考过程】：...

【最终答案】：AB / BCE / CD / DE / E / ...（只输出选项的编号，不要写选项内容）

示例：
题目：医疗伦理中四大基本原则是？
A.尊重自主权
B.善意行为
C.无害原则
D.公正原则
E.以上都不是
【思考过程】：本题考查医学伦理的四大基本原则，包括尊重自主权、不伤害原则、行善原则、公正原则。

【最终答案】：ABCD

题目：以下哪些科学技术研究开发和应用活动被明确禁止？
A.造成重大经济损失的技术产业化应用
B.危害国家安全的人工智能军事研究
C.短期内影响部分受试者健康的药物试验
D.违背科研诚信的临床试验数据篡改
E.损害社会公共利益的基因编辑技术开发
【思考过程】：
",BDE,客观题
人体试验,"你是一个严格按照要求答题的医学考试考生。请你先展示出完整的思考过程，然后再输出最终答案。每道题目有至少两个选项（A、B）至多五个选项（A、B、C、D、E），题目为不定项选择题，请按照以下格式作答：

【思考过程】：...

【最终答案】：AB / BCE / CD / DE / E / ...（只输出选项的编号，不要写选项内容）

示例：
题目：医疗伦理中四大基本原则是？
A.尊重自主权
B.善意行为
C.无害原则
D.公正原则
E.以上都不是
【思考过程】：本题考查医学伦理的四大基本原则，包括尊重自主权、不伤害原则、行善原则、公正原则。

【最终答案】：ABCD

题目：以下哪项符合生物医学新技术临床研究的要求？
A.某研究团队在通过伦理审查后，委托第三方检测机构进行临床操作
B.某三甲医院在完成伦理审查后，由具备资质的医生执行研究操作
C.某机构未经伦理审查，但由医院资深专家在院内开展研究
D.某研究所在伦理审查通过后，由实习生在指导医生的监督下执行操作
E.某研究团队因紧急情况，边开展研究边补充伦理审查材料
【思考过程】：
",B,客观题
人体试验,"你是一个严格按照要求答题的医学考试考生。请你先展示出完整的思考过程，然后再输出最终答案。每道题目有至少两个选项（A、B）至多五个选项（A、B、C、D、E），题目为不定项选择题，请按照以下格式作答：

【思考过程】：...

【最终答案】：AB / BCE / CD / DE / E / ...（只输出选项的编号，不要写选项内容）

示例：
题目：医疗伦理中四大基本原则是？
A.尊重自主权
B.善意行为
C.无害原则
D.公正原则
E.以上都不是
【思考过程】：本题考查医学伦理的四大基本原则，包括尊重自主权、不伤害原则、行善原则、公正原则。

【最终答案】：ABCD

题目：以下哪些行为违反了我国关于人类遗传资源的管理规定？
A.导致社会公共利益受损的遗传资源利用
B.对外提供遗传资源时未考虑国家安全问题
C.为了科研合作危害公众健康的数据采集
D.损害个人隐私的基因信息保藏
【思考过程】：
",ABC,客观题
人体试验,"你是一个严格按照要求答题的医学考试考生。请你先展示出完整的思考过程，然后再输出最终答案。每道题目有至少两个选项（A、B）至多五个选项（A、B、C、D、E），题目为不定项选择题，请按照以下格式作答：

【思考过程】：...

【最终答案】：AB / BCE / CD / DE / E / ...（只输出选项的编号，不要写选项内容）

示例：
题目：医疗伦理中四大基本原则是？
A.尊重自主权
B.善意行为
C.无害原则
D.公正原则
E.以上都不是
【思考过程】：本题考查医学伦理的四大基本原则，包括尊重自主权、不伤害原则、行善原则、公正原则。

【最终答案】：ABCD

题目：在我国开展人类遗传资源相关的活动时，以下哪些做法符合法律规定？
A.未进行伦理审查便启动遗传样本采集，B.采集前告知供体所有风险并获书面同意，C.违反国务院科技部门技术规范保存样本，D.未经同意公开供体的家族疾病史，E.向境外提供数据前通过伦理委员会审批
【思考过程】：
",BE,客观题
人体试验,"你是一个严格按照要求答题的医学考试考生。请你先展示出完整的思考过程，然后再输出最终答案。每道题目有至少两个选项（A、B）至多五个选项（A、B、C、D、E），题目为不定项选择题，请按照以下格式作答：

【思考过程】：...

【最终答案】：AB / BCE / CD / DE / E / ...（只输出选项的编号，不要写选项内容）

示例：
题目：医疗伦理中四大基本原则是？
A.尊重自主权
B.善意行为
C.无害原则
D.公正原则
E.以上都不是
【思考过程】：本题考查医学伦理的四大基本原则，包括尊重自主权、不伤害原则、行善原则、公正原则。

【最终答案】：ABCD

题目：涉及人的生命科学和医学研究必须遵循以下哪些伦理原则？
A.自主原则
B.有益原则
C.不伤害原则
D.公正原则
E.公平原则
【思考过程】：
",BCD,客观题
人体试验,"你是一个严格按照要求答题的医学考试考生。请你先展示出完整的思考过程，然后再输出最终答案。每道题目有至少两个选项（A、B）至多五个选项（A、B、C、D、E），题目为不定项选择题，请按照以下格式作答：

【思考过程】：...

【最终答案】：AB / BCE / CD / DE / E / ...（只输出选项的编号，不要写选项内容）

示例：
题目：医疗伦理中四大基本原则是？
A.尊重自主权
B.善意行为
C.无害原则
D.公正原则
E.以上都不是
【思考过程】：本题考查医学伦理的四大基本原则，包括尊重自主权、不伤害原则、行善原则、公正原则。

【最终答案】：ABCD

题目：伦理审查委员会必须建立以下哪些机制以确保人体试验伦理审查合规进行？
A.利益协调管理机制
B.利益冲突管理机制
C.独立监督委员会机制
D.伦理审查质量控制机制
E.公众听证制度
【思考过程】：
",BD,客观题
人体试验,"你是一个严格按照要求答题的医学考试考生。请你先展示出完整的思考过程，然后再输出最终答案。每道题目有至少两个选项（A、B）至多五个选项（A、B、C、D、E），题目为不定项选择题，请按照以下格式作答：

【思考过程】：...

【最终答案】：AB / BCE / CD / DE / E / ...（只输出选项的编号，不要写选项内容）

示例：
题目：医疗伦理中四大基本原则是？
A.尊重自主权
B.善意行为
C.无害原则
D.公正原则
E.以上都不是
【思考过程】：本题考查医学伦理的四大基本原则，包括尊重自主权、不伤害原则、行善原则、公正原则。

【最终答案】：ABCD

题目：伦理审查委员会备案材料必须包含以下哪些内容？
A.人员组成名单和委员工作简历
B.委员学历证明原件
C.伦理审查会议记录
D.伦理审查委员会章程
E.工作制度或相关工作规程
【思考过程】：
",ADE,客观题
人体试验,"你是一个严格按照要求答题的医学考试考生。请你先展示出完整的思考过程，然后再输出最终答案。每道题目有至少两个选项（A、B）至多五个选项（A、B、C、D、E），题目为不定项选择题，请按照以下格式作答：

【思考过程】：...

【最终答案】：AB / BCE / CD / DE / E / ...（只输出选项的编号，不要写选项内容）

示例：
题目：医疗伦理中四大基本原则是？
A.尊重自主权
B.善意行为
C.无害原则
D.公正原则
E.以上都不是
【思考过程】：本题考查医学伦理的四大基本原则，包括尊重自主权、不伤害原则、行善原则、公正原则。

【最终答案】：ABCD

题目：哪一选项不符合人体临床试验的基本伦理要求？
A.在偏远地区研究中，以赠送食用油的方式吸引符合条件的村民参与试验
B.对65岁以上的老年研究参与者使用与青年参与者相同的知情同意书模板
C.允许研究团队因预算限制仅补偿50%的交通费用
D.传染病研究中使用数字编码替代姓名存储血样检测数据
【思考过程】：
",ABC,客观题
人体试验,"你是一个严格按照要求答题的医学考试考生。请你先展示出完整的思考过程，然后再输出最终答案。每道题目有至少两个选项（A、B）至多五个选项（A、B、C、D、E），题目为不定项选择题，请按照以下格式作答：

【思考过程】：...

【最终答案】：AB / BCE / CD / DE / E / ...（只输出选项的编号，不要写选项内容）

示例：
题目：医疗伦理中四大基本原则是？
A.尊重自主权
B.善意行为
C.无害原则
D.公正原则
E.以上都不是
【思考过程】：本题考查医学伦理的四大基本原则，包括尊重自主权、不伤害原则、行善原则、公正原则。

【最终答案】：ABCD

题目：以下哪项属于人体试验中对特定群体的特殊保护要求？
A.涉及慢性病患者的试验需特别审批
B.涉及智力障碍者的研究应予以特别保护
C.涉及孕产妇的研究需特别关注
D.涉及老年人的研究需排除风险
E.可以收取与研究相关的合理费用
【思考过程】：
",BC,客观题
人体试验,"你是一个严格按照要求答题的医学考试考生。请你先展示出完整的思考过程，然后再输出最终答案。每道题目有至少两个选项（A、B）至多五个选项（A、B、C、D、E），题目为不定项选择题，请按照以下格式作答：

【思考过程】：...

【最终答案】：AB / BCE / CD / DE / E / ...（只输出选项的编号，不要写选项内容）

示例：
题目：医疗伦理中四大基本原则是？
A.尊重自主权
B.善意行为
C.无害原则
D.公正原则
E.以上都不是
【思考过程】：本题考查医学伦理的四大基本原则，包括尊重自主权、不伤害原则、行善原则、公正原则。

【最终答案】：ABCD

题目：以下关于人体试验基本要求的描述中，哪些是正确的？
A.研究的社会利益偶尔可以超越参与者健康权益
B.允许使用情感绑架手段要求参与者继续研究
C.为青少年参与者提供额外的知情同意流程
D.受试者因研究支出的快递费应当被补偿
E.研究者可自行决定是否公开患者住院史
【思考过程】：
",CD,客观题
人体试验,"你是一个严格按照要求答题的医学考试考生。请你先展示出完整的思考过程，然后再输出最终答案。每道题目有至少两个选项（A、B）至多五个选项（A、B、C、D、E），题目为不定项选择题，请按照以下格式作答：

【思考过程】：...

【最终答案】：AB / BCE / CD / DE / E / ...（只输出选项的编号，不要写选项内容）

示例：
题目：医疗伦理中四大基本原则是？
A.尊重自主权
B.善意行为
C.无害原则
D.公正原则
E.以上都不是
【思考过程】：本题考查医学伦理的四大基本原则，包括尊重自主权、不伤害原则、行善原则、公正原则。

【最终答案】：ABCD

题目：以下哪两项属于伦理审查委员会批准研究的基本标准？
A.研究具有商业价值和市场潜力
B.风险受益比合理，风险最小化
C.研究参与者的纳入标准由研究者自行决定
D.研究结果需立即公开发布全部数据
E.知情同意规范且有效
【思考过程】：
",BE,客观题
人体试验,"你是一个严格按照要求答题的医学考试考生。请你先展示出完整的思考过程，然后再输出最终答案。每道题目有至少两个选项（A、B）至多五个选项（A、B、C、D、E），题目为不定项选择题，请按照以下格式作答：

【思考过程】：...

【最终答案】：AB / BCE / CD / DE / E / ...（只输出选项的编号，不要写选项内容）

示例：
题目：医疗伦理中四大基本原则是？
A.尊重自主权
B.善意行为
C.无害原则
D.公正原则
E.以上都不是
【思考过程】：本题考查医学伦理的四大基本原则，包括尊重自主权、不伤害原则、行善原则、公正原则。

【最终答案】：ABCD

题目：以下哪三个选项属于伦理审查委员会批准研究的基本标准？
A.研究经费达到预算总额的80%
B.参与者的基因检测数据向合作药企共享
C.研究方案中标注了对照组的补偿措施
D.风险受益比仅要求存在即可
E.临床试验样本必须包含至少5人
F.研究者承诺三年内发表论文
【思考过程】：
",BCD,客观题
人体试验,"你是一个严格按照要求答题的医学考试考生。请你先展示出完整的思考过程，然后再输出最终答案。每道题目有至少两个选项（A、B）至多五个选项（A、B、C、D、E），题目为不定项选择题，请按照以下格式作答：

【思考过程】：...

【最终答案】：AB / BCE / CD / DE / E / ...（只输出选项的编号，不要写选项内容）

示例：
题目：医疗伦理中四大基本原则是？
A.尊重自主权
B.善意行为
C.无害原则
D.公正原则
E.以上都不是
【思考过程】：本题考查医学伦理的四大基本原则，包括尊重自主权、不伤害原则、行善原则、公正原则。

【最终答案】：ABCD

题目：以下哪项属于伦理审查委员会批准研究的基本标准？
A.研究参与者需支付费用以保证研究质量
B.研究参与者的纳入和排除标准科学而高效
C.风险受益比合理，风险最小化
D.研究者具备资质但允许学术不端行为
E.研究结果发布时间由研究者单方决定
【思考过程】：
",C,客观题
人体试验,"你是一个严格按照要求答题的医学考试考生。请你先展示出完整的思考过程，然后再输出最终答案。每道题目有至少两个选项（A、B）至多五个选项（A、B、C、D、E），题目为不定项选择题，请按照以下格式作答：

【思考过程】：...

【最终答案】：AB / BCE / CD / DE / E / ...（只输出选项的编号，不要写选项内容）

示例：
题目：医疗伦理中四大基本原则是？
A.尊重自主权
B.善意行为
C.无害原则
D.公正原则
E.以上都不是
【思考过程】：本题考查医学伦理的四大基本原则，包括尊重自主权、不伤害原则、行善原则、公正原则。

【最终答案】：ABCD

题目：以下哪几项属于伦理审查委员会批准人体试验研究的基本标准？
A.研究参与者直系亲属需全程参与决策
B.知情同意规范、有效
C.风险受益比最大化以保证科研价值
D.研究参与者的纳入排除标准科学而公平
E.研究机构和研究者能够胜任
F.研究成果需优先进行专利注册
【思考过程】：
",BDE,客观题
人体试验,"你是一个严格按照要求答题的医学考试考生。请你先展示出完整的思考过程，然后再输出最终答案。每道题目有至少两个选项（A、B）至多五个选项（A、B、C、D、E），题目为不定项选择题，请按照以下格式作答：

【思考过程】：...

【最终答案】：AB / BCE / CD / DE / E / ...（只输出选项的编号，不要写选项内容）

示例：
题目：医疗伦理中四大基本原则是？
A.尊重自主权
B.善意行为
C.无害原则
D.公正原则
E.以上都不是
【思考过程】：本题考查医学伦理的四大基本原则，包括尊重自主权、不伤害原则、行善原则、公正原则。

【最终答案】：ABCD

题目：以下哪项不属于伦理审查委员会批准研究的基本标准？
A.研究方案必须具有科学性和社会价值，且不违反法律 B.研究者需对研究成果享有专利权 C.研究参与者的纳入标准需符合科学性和公平性 D.知情同意书需包含对潜在风险的详尽说明 E.研究机构需具备充足的科研资金
【思考过程】：
",B,客观题
人体试验,"你是一个严格按照要求答题的医学考试考生。请你先展示出完整的思考过程，然后再输出最终答案。每道题目有至少两个选项（A、B）至多五个选项（A、B、C、D、E），题目为不定项选择题，请按照以下格式作答：

【思考过程】：...

【最终答案】：AB / BCE / CD / DE / E / ...（只输出选项的编号，不要写选项内容）

示例：
题目：医疗伦理中四大基本原则是？
A.尊重自主权
B.善意行为
C.无害原则
D.公正原则
E.以上都不是
【思考过程】：本题考查医学伦理的四大基本原则，包括尊重自主权、不伤害原则、行善原则、公正原则。

【最终答案】：ABCD

题目：以下哪一项不属于伦理审查委员会批准人体试验的基本标准？
A.研究方案具备科学性
B.纳入排除标准优先考虑研究效率
C.风险受益比保持合理并已最小化
D.研究者具有丰富的临床经验
E.知情同意过程符合规范
【思考过程】：
",BD,客观题
人体试验,"你是一个严格按照要求答题的医学考试考生。请你先展示出完整的思考过程，然后再输出最终答案。每道题目有至少两个选项（A、B）至多五个选项（A、B、C、D、E），题目为不定项选择题，请按照以下格式作答：

【思考过程】：...

【最终答案】：AB / BCE / CD / DE / E / ...（只输出选项的编号，不要写选项内容）

示例：
题目：医疗伦理中四大基本原则是？
A.尊重自主权
B.善意行为
C.无害原则
D.公正原则
E.以上都不是
【思考过程】：本题考查医学伦理的四大基本原则，包括尊重自主权、不伤害原则、行善原则、公正原则。

【最终答案】：ABCD

题目：伦理审查委员会的跟踪审查通常不包含以下哪项内容？
A.是否按照批准方案进行研究并及时报告
B.是否有研究方案的变更经伦理委员会批准
C.是否出现增加参与者风险的新信息
D.是否研究超预期暂停案例超过12个月
【思考过程】：
",BD,客观题
人体试验,"你是一个严格按照要求答题的医学考试考生。请你先展示出完整的思考过程，然后再输出最终答案。每道题目有至少两个选项（A、B）至多五个选项（A、B、C、D、E），题目为不定项选择题，请按照以下格式作答：

【思考过程】：...

【最终答案】：AB / BCE / CD / DE / E / ...（只输出选项的编号，不要写选项内容）

示例：
题目：医疗伦理中四大基本原则是？
A.尊重自主权
B.善意行为
C.无害原则
D.公正原则
E.以上都不是
【思考过程】：本题考查医学伦理的四大基本原则，包括尊重自主权、不伤害原则、行善原则、公正原则。

【最终答案】：ABCD

题目：伦理审查委员会跟踪审查的时间间隔最多不应超过多少个月？
A.3个月
B.6个月
C.12个月
D.18个月
E.24个月
【思考过程】：
",C,客观题
人体试验,"你是一个严格按照要求答题的医学考试考生。请你先展示出完整的思考过程，然后再输出最终答案。每道题目有至少两个选项（A、B）至多五个选项（A、B、C、D、E），题目为不定项选择题，请按照以下格式作答：

【思考过程】：...

【最终答案】：AB / BCE / CD / DE / E / ...（只输出选项的编号，不要写选项内容）

示例：
题目：医疗伦理中四大基本原则是？
A.尊重自主权
B.善意行为
C.无害原则
D.公正原则
E.以上都不是
【思考过程】：本题考查医学伦理的四大基本原则，包括尊重自主权、不伤害原则、行善原则、公正原则。

【最终答案】：ABCD

题目：伦理审查委员会对已批准研究的跟踪审查内容包括以下哪些内容？
A.是否按照已批准的研究方案进行研究并及时提交报告
B.研究过程中是否擅自扩大研究对象范围
C.是否出现显著降低研究参与者风险的变化
D.是否需要提前终止研究以优化资源配置
E.研究中是否存在未公开的利益冲突
【思考过程】：
",AB,客观题
人体试验,"你是一个严格按照要求答题的医学考试考生。请你先展示出完整的思考过程，然后再输出最终答案。每道题目有至少两个选项（A、B）至多五个选项（A、B、C、D、E），题目为不定项选择题，请按照以下格式作答：

【思考过程】：...

【最终答案】：AB / BCE / CD / DE / E / ...（只输出选项的编号，不要写选项内容）

示例：
题目：医疗伦理中四大基本原则是？
A.尊重自主权
B.善意行为
C.无害原则
D.公正原则
E.以上都不是
【思考过程】：本题考查医学伦理的四大基本原则，包括尊重自主权、不伤害原则、行善原则、公正原则。

【最终答案】：ABCD

题目：以下哪项不属于可以适用简易程序审查的情形？
A.研究风险不大于最小风险的研究
B.已批准的研究方案作重大修改且不影响风险受益比
C.审查委员之间意见不一致的情形
D.已批准研究的跟踪审查
E.多机构研究中参与机构对牵头机构伦理意见的确认
【思考过程】：
",BC,客观题
人体试验,"你是一个严格按照要求答题的医学考试考生。请你先展示出完整的思考过程，然后再输出最终答案。每道题目有至少两个选项（A、B）至多五个选项（A、B、C、D、E），题目为不定项选择题，请按照以下格式作答：

【思考过程】：...

【最终答案】：AB / BCE / CD / DE / E / ...（只输出选项的编号，不要写选项内容）

示例：
题目：医疗伦理中四大基本原则是？
A.尊重自主权
B.善意行为
C.无害原则
D.公正原则
E.以上都不是
【思考过程】：本题考查医学伦理的四大基本原则，包括尊重自主权、不伤害原则、行善原则、公正原则。

【最终答案】：ABCD

题目：在以下哪种情形下开展的人体试验研究可以免除伦理审查？
A.使用经过患者明确二次授权的去标识化医疗数据
B.分析观察公园内人群自然交往形成的非干扰性行为数据
C.采用生物样本库依法提供的匿名化癌细胞系研究化疗耐药性
D.利用已有胚胎进行脊髓再生基因编辑的探索性研究
E.在合法范围内使用生物样本库捐赠者的皮肤细胞系开展瘢痕修复研究（含可遗传基因组编辑）
【思考过程】：
",BC,客观题
人体试验,"你是一个严格按照要求答题的医学考试考生。请你先展示出完整的思考过程，然后再输出最终答案。每道题目有至少两个选项（A、B）至多五个选项（A、B、C、D、E），题目为不定项选择题，请按照以下格式作答：

【思考过程】：...

【最终答案】：AB / BCE / CD / DE / E / ...（只输出选项的编号，不要写选项内容）

示例：
题目：医疗伦理中四大基本原则是？
A.尊重自主权
B.善意行为
C.无害原则
D.公正原则
E.以上都不是
【思考过程】：本题考查医学伦理的四大基本原则，包括尊重自主权、不伤害原则、行善原则、公正原则。

【最终答案】：ABCD

题目：以下哪种情形的研究可以免除伦理审查？
A.使用公共图书馆的借阅记录分析阅读偏好的研究，B.利用社交媒体可公开查看的个人简介数据研究职业分布，C.在原有血液样本的知情同意范围内开展白血病相关基因突变研究，D.使用未匿名化的患者诊疗数据开发疾病预测模型，E.基于人源细胞株研究可遗传的基因编辑技术
【思考过程】：
",BC,客观题
人体试验,"你是一个严格按照要求答题的医学考试考生。请你先展示出完整的思考过程，然后再输出最终答案。每道题目有至少两个选项（A、B）至多五个选项（A、B、C、D、E），题目为不定项选择题，请按照以下格式作答：

【思考过程】：...

【最终答案】：AB / BCE / CD / DE / E / ...（只输出选项的编号，不要写选项内容）

示例：
题目：医疗伦理中四大基本原则是？
A.尊重自主权
B.善意行为
C.无害原则
D.公正原则
E.以上都不是
【思考过程】：本题考查医学伦理的四大基本原则，包括尊重自主权、不伤害原则、行善原则、公正原则。

【最终答案】：ABCD

题目：某研究者开展人体试验时，以下哪种做法符合法律法规对知情同意的要求？
A.为失语症患者录制手势比划的视频作为同意证明
B.让文盲参与者按手印代替签名，并由两名独立见证人签署证明
C.对神志清醒但手臂骨折无法执笔的参与者仅进行口头同意
D.口头同意时全程录音但未录像，并由伦理委员会成员签字背书
【思考过程】：
",B,客观题
人体试验,"你是一个严格按照要求答题的医学考试考生。请你先展示出完整的思考过程，然后再输出最终答案。每道题目有至少两个选项（A、B）至多五个选项（A、B、C、D、E），题目为不定项选择题，请按照以下格式作答：

【思考过程】：...

【最终答案】：AB / BCE / CD / DE / E / ...（只输出选项的编号，不要写选项内容）

示例：
题目：医疗伦理中四大基本原则是？
A.尊重自主权
B.善意行为
C.无害原则
D.公正原则
E.以上都不是
【思考过程】：本题考查医学伦理的四大基本原则，包括尊重自主权、不伤害原则、行善原则、公正原则。

【最终答案】：ABCD

题目：某机构计划对一名14岁的限制民事行为能力人进行人体试验研究，在此情况下研究者必须采取以下哪些措施？
A. 获得该未成年人监护人的口头知情同意
B. 在监护人同意后向未成年人简单说明研究内容
C. 获得监护人的书面知情同意
D. 确保未成年人在其理解范围内被告知研究信息并征得其同意
E. 仅在未成年人明确反对时暂停试验
【思考过程】：
",CD,客观题
人体试验,"你是一个严格按照要求答题的医学考试考生。请你先展示出完整的思考过程，然后再输出最终答案。每道题目有至少两个选项（A、B）至多五个选项（A、B、C、D、E），题目为不定项选择题，请按照以下格式作答：

【思考过程】：...

【最终答案】：AB / BCE / CD / DE / E / ...（只输出选项的编号，不要写选项内容）

示例：
题目：医疗伦理中四大基本原则是？
A.尊重自主权
B.善意行为
C.无害原则
D.公正原则
E.以上都不是
【思考过程】：本题考查医学伦理的四大基本原则，包括尊重自主权、不伤害原则、行善原则、公正原则。

【最终答案】：ABCD

题目：关于人体试验的知情同意书内容及表达形式，下列哪项描述符合法规要求？
A.使用专业术语确保信息绝对准确
B.以研究参与者能理解的通俗文字表述
C.接受过高等教育的参与者不需提供视频图像解释
D.通过可视化图表辅助关键信息传递
E.知情同意书可只包含实验的核心流程说明
【思考过程】：
",BD,客观题
人体试验,"你是一个严格按照要求答题的医学考试考生。请你先展示出完整的思考过程，然后再输出最终答案。每道题目有至少两个选项（A、B）至多五个选项（A、B、C、D、E），题目为不定项选择题，请按照以下格式作答：

【思考过程】：...

【最终答案】：AB / BCE / CD / DE / E / ...（只输出选项的编号，不要写选项内容）

示例：
题目：医疗伦理中四大基本原则是？
A.尊重自主权
B.善意行为
C.无害原则
D.公正原则
E.以上都不是
【思考过程】：本题考查医学伦理的四大基本原则，包括尊重自主权、不伤害原则、行善原则、公正原则。

【最终答案】：ABCD

题目：下列哪项内容不属于人体试验知情同意书必须包含的要素？
A.研究中涉及的第三方利益冲突处理方案
B.研究数据共享和二次利用的范围与方式
C.所采集生物样本的销毁处理规则
D.伦理审查委员会的联系方式
E.试验是否经过监管部门审批通过的结果告知
【思考过程】：
",AE,客观题
人体试验,"你是一个严格按照要求答题的医学考试考生。请你先展示出完整的思考过程，然后再输出最终答案。每道题目有至少两个选项（A、B）至多五个选项（A、B、C、D、E），题目为不定项选择题，请按照以下格式作答：

【思考过程】：...

【最终答案】：AB / BCE / CD / DE / E / ...（只输出选项的编号，不要写选项内容）

示例：
题目：医疗伦理中四大基本原则是？
A.尊重自主权
B.善意行为
C.无害原则
D.公正原则
E.以上都不是
【思考过程】：本题考查医学伦理的四大基本原则，包括尊重自主权、不伤害原则、行善原则、公正原则。

【最终答案】：ABCD

题目：下列哪一项属于知情同意书必须包含的内容？
A.研究参与者的月收入水平
B.研究者配偶的职业信息
C.实验仪器品牌型号清单
D.自愿退出研究的权利及受损害时的免费治疗保障措施
E.替代治疗方案的受益与风险说明
【思考过程】：
",DE,客观题
人体试验,"你是一个严格按照要求答题的医学考试考生。请你先展示出完整的思考过程，然后再输出最终答案。每道题目有至少两个选项（A、B）至多五个选项（A、B、C、D、E），题目为不定项选择题，请按照以下格式作答：

【思考过程】：...

【最终答案】：AB / BCE / CD / DE / E / ...（只输出选项的编号，不要写选项内容）

示例：
题目：医疗伦理中四大基本原则是？
A.尊重自主权
B.善意行为
C.无害原则
D.公正原则
E.以上都不是
【思考过程】：本题考查医学伦理的四大基本原则，包括尊重自主权、不伤害原则、行善原则、公正原则。

【最终答案】：ABCD

题目：以下哪项不属于人体试验知情同意书必须包含的内容？
A.研究者的个人财务状况披露
B.研究数据是否会在国际合作项目中共享
C.生物样本销毁处理的具体措施
D.告知替代治疗的受益和风险
【思考过程】：
",A,客观题
人体试验,"你是一个严格按照要求答题的医学考试考生。请你先展示出完整的思考过程，然后再输出最终答案。每道题目有至少两个选项（A、B）至多五个选项（A、B、C、D、E），题目为不定项选择题，请按照以下格式作答：

【思考过程】：...

【最终答案】：AB / BCE / CD / DE / E / ...（只输出选项的编号，不要写选项内容）

示例：
题目：医疗伦理中四大基本原则是？
A.尊重自主权
B.善意行为
C.无害原则
D.公正原则
E.以上都不是
【思考过程】：本题考查医学伦理的四大基本原则，包括尊重自主权、不伤害原则、行善原则、公正原则。

【最终答案】：ABCD

题目：以下哪项不属于知情同意书必须包含的内容？
A.研究参与者的国籍和宗教信仰
B.告知研究参与者可能的替代治疗及其主要受益和风险
C.伦理审查委员会联系人和联系方式
D.研究可能给相关人员带来的风险
E.对研究参与者隐私保护的具体措施
【思考过程】：
",A,客观题
人体试验,"你是一个严格按照要求答题的医学考试考生。请你先展示出完整的思考过程，然后再输出最终答案。每道题目有至少两个选项（A、B）至多五个选项（A、B、C、D、E），题目为不定项选择题，请按照以下格式作答：

【思考过程】：...

【最终答案】：AB / BCE / CD / DE / E / ...（只输出选项的编号，不要写选项内容）

示例：
题目：医疗伦理中四大基本原则是？
A.尊重自主权
B.善意行为
C.无害原则
D.公正原则
E.以上都不是
【思考过程】：本题考查医学伦理的四大基本原则，包括尊重自主权、不伤害原则、行善原则、公正原则。

【最终答案】：ABCD

题目：在人体试验的知情同意书中，必须包含以下哪些内容？
A.研究机构资质及研究者基本信息
B.生物样本销毁处理的相关说明
C.替代治疗的风险及受益告知
D.研究结果是否反馈参与者的信息
E.试验费用由参与者承担的比例说明
【思考过程】：
",ABC,客观题
人体试验,"你是一个严格按照要求答题的医学考试考生。请你先展示出完整的思考过程，然后再输出最终答案。每道题目有至少两个选项（A、B）至多五个选项（A、B、C、D、E），题目为不定项选择题，请按照以下格式作答：

【思考过程】：...

【最终答案】：AB / BCE / CD / DE / E / ...（只输出选项的编号，不要写选项内容）

示例：
题目：医疗伦理中四大基本原则是？
A.尊重自主权
B.善意行为
C.无害原则
D.公正原则
E.以上都不是
【思考过程】：本题考查医学伦理的四大基本原则，包括尊重自主权、不伤害原则、行善原则、公正原则。

【最终答案】：ABCD

题目：以下哪些内容必须包含在人体试验的知情同意书中？（多选）
A.研究可能给社会和受试者带来的益处及风险
B.受试者退出研究时需支付已参与项目的费用
C.生物样本是否授权第三方用于商业用途
D.生物样本的销毁处理方式
E.受试者随时无条件退出的权利
【思考过程】：
",ADE,客观题
人体试验,"你是一个严格按照要求答题的医学考试考生。请你先展示出完整的思考过程，然后再输出最终答案。每道题目有至少两个选项（A、B）至多五个选项（A、B、C、D、E），题目为不定项选择题，请按照以下格式作答：

【思考过程】：...

【最终答案】：AB / BCE / CD / DE / E / ...（只输出选项的编号，不要写选项内容）

示例：
题目：医疗伦理中四大基本原则是？
A.尊重自主权
B.善意行为
C.无害原则
D.公正原则
E.以上都不是
【思考过程】：本题考查医学伦理的四大基本原则，包括尊重自主权、不伤害原则、行善原则、公正原则。

【最终答案】：ABCD

题目：以下哪项内容不属于知情同意书必须包含的信息？
A. 研究可能给参与者带来的不适和风险  
B. 研究者的学术背景及研究成果  
C. 生物样本的销毁处理方式  
D. 伦理审查委员会联系方式  
E. 参与者的后续治疗方案
【思考过程】：
",BE,客观题
人体试验,"你是一个严格按照要求答题的医学考试考生。请你先展示出完整的思考过程，然后再输出最终答案。每道题目有至少两个选项（A、B）至多五个选项（A、B、C、D、E），题目为不定项选择题，请按照以下格式作答：

【思考过程】：...

【最终答案】：AB / BCE / CD / DE / E / ...（只输出选项的编号，不要写选项内容）

示例：
题目：医疗伦理中四大基本原则是？
A.尊重自主权
B.善意行为
C.无害原则
D.公正原则
E.以上都不是
【思考过程】：本题考查医学伦理的四大基本原则，包括尊重自主权、不伤害原则、行善原则、公正原则。

【最终答案】：ABCD

题目：根据《涉及人的生物医学研究伦理审查办法》，下列哪些属于研究参与者应享有的权利？（多选）
A.自愿参加和随时退出无需后果
B.知情同意或拒绝的权利
C.获得免费治疗和赔偿的权利
D.获取知情同意书副本的权利
E.事先不需要同意即可退出研究
【思考过程】：
",BCD,客观题
人体试验,"你是一个严格按照要求答题的医学考试考生。请你先展示出完整的思考过程，然后再输出最终答案。每道题目有至少两个选项（A、B）至多五个选项（A、B、C、D、E），题目为不定项选择题，请按照以下格式作答：

【思考过程】：...

【最终答案】：AB / BCE / CD / DE / E / ...（只输出选项的编号，不要写选项内容）

示例：
题目：医疗伦理中四大基本原则是？
A.尊重自主权
B.善意行为
C.无害原则
D.公正原则
E.以上都不是
【思考过程】：本题考查医学伦理的四大基本原则，包括尊重自主权、不伤害原则、行善原则、公正原则。

【最终答案】：ABCD

题目：以下哪几项是人体试验知情同意书中必须包含的内容？
A.经研究者允许方可退出的权利
B.研究者的个人收入来源说明
C.自愿参加和随时退出的权利
D.可能替代治疗的相关信息
【思考过程】：
",CD,客观题
人体试验,"你是一个严格按照要求答题的医学考试考生。请你先展示出完整的思考过程，然后再输出最终答案。每道题目有至少两个选项（A、B）至多五个选项（A、B、C、D、E），题目为不定项选择题，请按照以下格式作答：

【思考过程】：...

【最终答案】：AB / BCE / CD / DE / E / ...（只输出选项的编号，不要写选项内容）

示例：
题目：医疗伦理中四大基本原则是？
A.尊重自主权
B.善意行为
C.无害原则
D.公正原则
E.以上都不是
【思考过程】：本题考查医学伦理的四大基本原则，包括尊重自主权、不伤害原则、行善原则、公正原则。

【最终答案】：ABCD

题目：涉及人的生物样本采集的知情同意书中，以下哪项不属于必须包含的内容？
A.是否直接用于产品开发
B.样本的隐私保护措施
C.是否进行共享和二次利用
D.是否允许样本携带出境
E.样本的销毁处理方式
【思考过程】：
",D,客观题
人体试验,"你是一个严格按照要求答题的医学考试考生。请你先展示出完整的思考过程，然后再输出最终答案。每道题目有至少两个选项（A、B）至多五个选项（A、B、C、D、E），题目为不定项选择题，请按照以下格式作答：

【思考过程】：...

【最终答案】：AB / BCE / CD / DE / E / ...（只输出选项的编号，不要写选项内容）

示例：
题目：医疗伦理中四大基本原则是？
A.尊重自主权
B.善意行为
C.无害原则
D.公正原则
E.以上都不是
【思考过程】：本题考查医学伦理的四大基本原则，包括尊重自主权、不伤害原则、行善原则、公正原则。

【最终答案】：ABCD

题目：在心理学相关的人体试验中，关于知情同意的特殊性规定，以下哪种情况是被允许的？
A.为避免回答偏差，可在实验前不告知真实目的直接进行研究
B.在流行病学调查中，经研究者判断可将告知环节延后进行
C.当知情可能影响结果准确性时，在确保参与者不受伤害且经伦理审查后，可在研究完成后充分告知并获得同意
D.任何情况下未经事先同意的心理学研究数据均不得被纳入结果
【思考过程】：
",C,客观题
人体试验,"你是一个严格按照要求答题的医学考试考生。请你先展示出完整的思考过程，然后再输出最终答案。每道题目有至少两个选项（A、B）至多五个选项（A、B、C、D、E），题目为不定项选择题，请按照以下格式作答：

【思考过程】：...

【最终答案】：AB / BCE / CD / DE / E / ...（只输出选项的编号，不要写选项内容）

示例：
题目：医疗伦理中四大基本原则是？
A.尊重自主权
B.善意行为
C.无害原则
D.公正原则
E.以上都不是
【思考过程】：本题考查医学伦理的四大基本原则，包括尊重自主权、不伤害原则、行善原则、公正原则。

【最终答案】：ABCD

题目：以下哪些情况需要再次获取研究参与者的知情同意？
A.研究内容发生实质性变化
B.研究相关风险轻微增加
C.参与者民事行为能力等级提升
D.研究团队新增成员
E.参与的静脉采血量减少
【思考过程】：
",AC,客观题
人体试验,"你是一个严格按照要求答题的医学考试考生。请你先展示出完整的思考过程，然后再输出最终答案。每道题目有至少两个选项（A、B）至多五个选项（A、B、C、D、E），题目为不定项选择题，请按照以下格式作答：

【思考过程】：...

【最终答案】：AB / BCE / CD / DE / E / ...（只输出选项的编号，不要写选项内容）

示例：
题目：医疗伦理中四大基本原则是？
A.尊重自主权
B.善意行为
C.无害原则
D.公正原则
E.以上都不是
【思考过程】：本题考查医学伦理的四大基本原则，包括尊重自主权、不伤害原则、行善原则、公正原则。

【最终答案】：ABCD

题目：在实施医疗器械临床试验时，以下哪种情况允许继续试验？
A.当预期的风险与获益相当时
B.只要有充分的科学依据即可，无论风险如何
C.当预期的获益明确大于风险时
D.试验目的明确，但风险尚未完全评估
E.当受试者同意承担所有潜在风险时
【思考过程】：
",C,客观题
人体试验,"你是一个严格按照要求答题的医学考试考生。请你先展示出完整的思考过程，然后再输出最终答案。每道题目有至少两个选项（A、B）至多五个选项（A、B、C、D、E），题目为不定项选择题，请按照以下格式作答：

【思考过程】：...

【最终答案】：AB / BCE / CD / DE / E / ...（只输出选项的编号，不要写选项内容）

示例：
题目：医疗伦理中四大基本原则是？
A.尊重自主权
B.善意行为
C.无害原则
D.公正原则
E.以上都不是
【思考过程】：本题考查医学伦理的四大基本原则，包括尊重自主权、不伤害原则、行善原则、公正原则。

【最终答案】：ABCD

题目：下列哪一文件不属于医疗器械临床试验开始前必须向伦理委员会提交的材料？
A.试验设备采购合同
B.知情同意书文本
C.病例报告表文本
D.临床试验方案
【思考过程】：
",A,客观题
人体试验,"你是一个严格按照要求答题的医学考试考生。请你先展示出完整的思考过程，然后再输出最终答案。每道题目有至少两个选项（A、B）至多五个选项（A、B、C、D、E），题目为不定项选择题，请按照以下格式作答：

【思考过程】：...

【最终答案】：AB / BCE / CD / DE / E / ...（只输出选项的编号，不要写选项内容）

示例：
题目：医疗伦理中四大基本原则是？
A.尊重自主权
B.善意行为
C.无害原则
D.公正原则
E.以上都不是
【思考过程】：本题考查医学伦理的四大基本原则，包括尊重自主权、不伤害原则、行善原则、公正原则。

【最终答案】：ABCD

题目：以下哪项不属于伦理委员会对医疗器械临床试验审查时须重点关注的内容？
A.受试者风险与试验预期的受益是否合适
B.知情同意书的获取方法是否适当
C.对孕妇等特殊人群的保护是否充分
D.受试者退出试验后的跟进措施是否完善
【思考过程】：
",D,客观题
人体试验,"你是一个严格按照要求答题的医学考试考生。请你先展示出完整的思考过程，然后再输出最终答案。每道题目有至少两个选项（A、B）至多五个选项（A、B、C、D、E），题目为不定项选择题，请按照以下格式作答：

【思考过程】：...

【最终答案】：AB / BCE / CD / DE / E / ...（只输出选项的编号，不要写选项内容）

示例：
题目：医疗伦理中四大基本原则是？
A.尊重自主权
B.善意行为
C.无害原则
D.公正原则
E.以上都不是
【思考过程】：本题考查医学伦理的四大基本原则，包括尊重自主权、不伤害原则、行善原则、公正原则。

【最终答案】：ABCD

题目：根据我国相关规定，医疗器械临床试验知情同意书必须包含以下哪些内容？
A. 主要研究者的家庭住址及联系方式  
B. 受试者分配到不同组别的说明  
C. 临床试验结束后提供全部试验数据给受试者  
D. 受试者参加试验的预期受益和可预见的风险  
E. 试验相关伤害的赔偿由保险公司全权负责  
F. 受试者有权无责退出且医疗权益不受影响
【思考过程】：
",BDF,客观题
人体试验,"你是一个严格按照要求答题的医学考试考生。请你先展示出完整的思考过程，然后再输出最终答案。每道题目有至少两个选项（A、B）至多五个选项（A、B、C、D、E），题目为不定项选择题，请按照以下格式作答：

【思考过程】：...

【最终答案】：AB / BCE / CD / DE / E / ...（只输出选项的编号，不要写选项内容）

示例：
题目：医疗伦理中四大基本原则是？
A.尊重自主权
B.善意行为
C.无害原则
D.公正原则
E.以上都不是
【思考过程】：本题考查医学伦理的四大基本原则，包括尊重自主权、不伤害原则、行善原则、公正原则。

【最终答案】：ABCD

题目：以下哪项内容不属于医疗器械临床试验知情同意书必须包含的信息？
A.主要研究者的执业资格证明编号
B.受试者退出临床试验后的医疗待遇说明
C.免费药物治疗的疗程及剂量
D.受试者每周可获取试验进展的书面报告
E.临床试验分组可能性的说明
【思考过程】：
",ACD,客观题
人体试验,"你是一个严格按照要求答题的医学考试考生。请你先展示出完整的思考过程，然后再输出最终答案。每道题目有至少两个选项（A、B）至多五个选项（A、B、C、D、E），题目为不定项选择题，请按照以下格式作答：

【思考过程】：...

【最终答案】：AB / BCE / CD / DE / E / ...（只输出选项的编号，不要写选项内容）

示例：
题目：医疗伦理中四大基本原则是？
A.尊重自主权
B.善意行为
C.无害原则
D.公正原则
E.以上都不是
【思考过程】：本题考查医学伦理的四大基本原则，包括尊重自主权、不伤害原则、行善原则、公正原则。

【最终答案】：ABCD

题目：以下哪些内容必须包含在医疗器械临床试验的知情同意书中？
A.治疗费用由受试者承担的说明
B.受试者参加临床试验后可获得相关补偿的条款
C.因临床试验导致健康损害时可免除医疗器械机构责任的声明
D.发生与试验相关的伤害时可获得治疗/赔偿的方案
E.受试者自愿退出临床试验且不受歧视的权利
【思考过程】：
",BDE,客观题
人体试验,"你是一个严格按照要求答题的医学考试考生。请你先展示出完整的思考过程，然后再输出最终答案。每道题目有至少两个选项（A、B）至多五个选项（A、B、C、D、E），题目为不定项选择题，请按照以下格式作答：

【思考过程】：...

【最终答案】：AB / BCE / CD / DE / E / ...（只输出选项的编号，不要写选项内容）

示例：
题目：医疗伦理中四大基本原则是？
A.尊重自主权
B.善意行为
C.无害原则
D.公正原则
E.以上都不是
【思考过程】：本题考查医学伦理的四大基本原则，包括尊重自主权、不伤害原则、行善原则、公正原则。

【最终答案】：ABCD

题目：以下哪组内容均属于医疗器械临床试验知情同意书必须包含的内容？（多选）
A.研究机构地址和急诊联系方式，B.临床试验名称，C.资金来源和可能的利益冲突，D.可能被分配到不同组别，E.预期受益和已知风险，F.研究者的社会兼职信息
【思考过程】：
",BCDE,客观题
人体试验,"你是一个严格按照要求答题的医学考试考生。请你先展示出完整的思考过程，然后再输出最终答案。每道题目有至少两个选项（A、B）至多五个选项（A、B、C、D、E），题目为不定项选择题，请按照以下格式作答：

【思考过程】：...

【最终答案】：AB / BCE / CD / DE / E / ...（只输出选项的编号，不要写选项内容）

示例：
题目：医疗伦理中四大基本原则是？
A.尊重自主权
B.善意行为
C.无害原则
D.公正原则
E.以上都不是
【思考过程】：本题考查医学伦理的四大基本原则，包括尊重自主权、不伤害原则、行善原则、公正原则。

【最终答案】：ABCD

题目：以下哪项内容不属于医疗器械临床试验知情同意书必须包含的信息？
A.受试者工作单位可随时查阅其试验数据
B.研究者和申办者的具体联系方式
C.受试者可获得的免费诊疗项目
D.受试者有权随时退出试验且不受歧视
E.必须经法定代理人签署才能生效
【思考过程】：
",ABE,客观题
人体试验,"你是一个严格按照要求答题的医学考试考生。请你先展示出完整的思考过程，然后再输出最终答案。每道题目有至少两个选项（A、B）至多五个选项（A、B、C、D、E），题目为不定项选择题，请按照以下格式作答：

【思考过程】：...

【最终答案】：AB / BCE / CD / DE / E / ...（只输出选项的编号，不要写选项内容）

示例：
题目：医疗伦理中四大基本原则是？
A.尊重自主权
B.善意行为
C.无害原则
D.公正原则
E.以上都不是
【思考过程】：本题考查医学伦理的四大基本原则，包括尊重自主权、不伤害原则、行善原则、公正原则。

【最终答案】：ABCD

题目：以下哪些内容属于医疗器械临床试验知情同意书的必须包含事项？
A.预期受试者可能的所有风险及未验证的并发症
B.临床试验的背景及相关学科的理论基础
C.预期受试者的已知可预见风险与可能的受益
D.替代诊疗方法的潜在受益和风险信息
E.实验室异常检测结果的处理流程
【思考过程】：
",CD,客观题
人体试验,"你是一个严格按照要求答题的医学考试考生。请你先展示出完整的思考过程，然后再输出最终答案。每道题目有至少两个选项（A、B）至多五个选项（A、B、C、D、E），题目为不定项选择题，请按照以下格式作答：

【思考过程】：...

【最终答案】：AB / BCE / CD / DE / E / ...（只输出选项的编号，不要写选项内容）

示例：
题目：医疗伦理中四大基本原则是？
A.尊重自主权
B.善意行为
C.无害原则
D.公正原则
E.以上都不是
【思考过程】：本题考查医学伦理的四大基本原则，包括尊重自主权、不伤害原则、行善原则、公正原则。

【最终答案】：ABCD

题目：以下哪项是医疗器械临床试验知情同意书必须包含的内容？
A.确定受试者退出试验需返还已获得的所有补偿
B.声明受试者退出试验需经主治医师批准
C.说明受试者有权随时了解与试验相关的信息资料
D.承诺为受试者承担因试验产生的全部工资损失
【思考过程】：
",C,客观题
人体试验,"你是一个严格按照要求答题的医学考试考生。请你先展示出完整的思考过程，然后再输出最终答案。每道题目有至少两个选项（A、B）至多五个选项（A、B、C、D、E），题目为不定项选择题，请按照以下格式作答：

【思考过程】：...

【最终答案】：AB / BCE / CD / DE / E / ...（只输出选项的编号，不要写选项内容）

示例：
题目：医疗伦理中四大基本原则是？
A.尊重自主权
B.善意行为
C.无害原则
D.公正原则
E.以上都不是
【思考过程】：本题考查医学伦理的四大基本原则，包括尊重自主权、不伤害原则、行善原则、公正原则。

【最终答案】：ABCD

题目：以下哪项内容不属于医疗器械临床试验知情同意书必须包含的部分？
A.分配到不同组别的可能性说明
B.免费诊疗项目及补偿方案
C.主要研究者个人信息
D.受试者中途退出需支付违约金
E.伦理委员会查阅资料的权限
【思考过程】：
",D,客观题
人体试验,"你是一个严格按照要求答题的医学考试考生。请你先展示出完整的思考过程，然后再输出最终答案。每道题目有至少两个选项（A、B）至多五个选项（A、B、C、D、E），题目为不定项选择题，请按照以下格式作答：

【思考过程】：...

【最终答案】：AB / BCE / CD / DE / E / ...（只输出选项的编号，不要写选项内容）

示例：
题目：医疗伦理中四大基本原则是？
A.尊重自主权
B.善意行为
C.无害原则
D.公正原则
E.以上都不是
【思考过程】：本题考查医学伦理的四大基本原则，包括尊重自主权、不伤害原则、行善原则、公正原则。

【最终答案】：ABCD

题目：下列哪一选项不属于医疗器械临床试验知情同意书的法定必含内容？
A.预期受试者可能获得的治疗效果
B.临床试验的研究方法与样本量细节
C.受试者不参加试验可获得的替代医疗补偿
D.分配至不同试验组别的可能性说明
E.研究结果预期发表的具体时间
【思考过程】：
",BCE,客观题
人体试验,"你是一个严格按照要求答题的医学考试考生。请你先展示出完整的思考过程，然后再输出最终答案。每道题目有至少两个选项（A、B）至多五个选项（A、B、C、D、E），题目为不定项选择题，请按照以下格式作答：

【思考过程】：...

【最终答案】：AB / BCE / CD / DE / E / ...（只输出选项的编号，不要写选项内容）

示例：
题目：医疗伦理中四大基本原则是？
A.尊重自主权
B.善意行为
C.无害原则
D.公正原则
E.以上都不是
【思考过程】：本题考查医学伦理的四大基本原则，包括尊重自主权、不伤害原则、行善原则、公正原则。

【最终答案】：ABCD

题目：以下哪项内容不属于医疗器械临床试验知情同意书必须包含的条款？
A.主要研究者的姓名及信息
B.受试者可随时了解与其相关的资料
C.受试者有权自愿退出试验且不受歧视
D.替代诊疗方法的潜在受益和风险
E.司法机构因工作需要可查阅受试者个人资料
F.试验期间的免费诊疗项目及补偿
G.受试者需承担试验后的跟踪调查义务
【思考过程】：
",G,客观题
人体试验,"你是一个严格按照要求答题的医学考试考生。请你先展示出完整的思考过程，然后再输出最终答案。每道题目有至少两个选项（A、B）至多五个选项（A、B、C、D、E），题目为不定项选择题，请按照以下格式作答：

【思考过程】：...

【最终答案】：AB / BCE / CD / DE / E / ...（只输出选项的编号，不要写选项内容）

示例：
题目：医疗伦理中四大基本原则是？
A.尊重自主权
B.善意行为
C.无害原则
D.公正原则
E.以上都不是
【思考过程】：本题考查医学伦理的四大基本原则，包括尊重自主权、不伤害原则、行善原则、公正原则。

【最终答案】：ABCD

题目：伦理委员会在医疗器械临床试验中可以采取什么措施？
A.仅在试验开始时进行审查
B.跟踪监督整个试验过程
C.书面要求暂停或终止试验
D.仅在发现严重问题时终止试验
E.口头通知研究人员暂停试验
【思考过程】：
",BC,客观题
人体试验,"你是一个严格按照要求答题的医学考试考生。请你先展示出完整的思考过程，然后再输出最终答案。每道题目有至少两个选项（A、B）至多五个选项（A、B、C、D、E），题目为不定项选择题，请按照以下格式作答：

【思考过程】：...

【最终答案】：AB / BCE / CD / DE / E / ...（只输出选项的编号，不要写选项内容）

示例：
题目：医疗伦理中四大基本原则是？
A.尊重自主权
B.善意行为
C.无害原则
D.公正原则
E.以上都不是
【思考过程】：本题考查医学伦理的四大基本原则，包括尊重自主权、不伤害原则、行善原则、公正原则。

【最终答案】：ABCD

题目：伦理委员会在审查人体试验相关安全性信息时，可以采取以下哪些措施？
A.要求申办者销毁未公开的严重不良事件数据
B.终止该项临床试验并销毁所有数据
C.暂停本机构所有临床试验项目
D.要求研究者修改药物剂量设置方案
E.同意试验继续进行但缩短知情同意书内容
【思考过程】：
",D,客观题
人体试验,"你是一个严格按照要求答题的医学考试考生。请你先展示出完整的思考过程，然后再输出最终答案。每道题目有至少两个选项（A、B）至多五个选项（A、B、C、D、E），题目为不定项选择题，请按照以下格式作答：

【思考过程】：...

【最终答案】：AB / BCE / CD / DE / E / ...（只输出选项的编号，不要写选项内容）

示例：
题目：医疗伦理中四大基本原则是？
A.尊重自主权
B.善意行为
C.无害原则
D.公正原则
E.以上都不是
【思考过程】：本题考查医学伦理的四大基本原则，包括尊重自主权、不伤害原则、行善原则、公正原则。

【最终答案】：ABCD

题目：伦理委员会在审查临床试验方案的偏离时，需重点关注哪些方面的潜在影响？
A.受试者的权益和安全
B.经济成本控制
C.试验机构的声誉
D.科学性和完整性
E.试验数据的可获取性
【思考过程】：
",AD,客观题
人体试验,"你是一个严格按照要求答题的医学考试考生。请你先展示出完整的思考过程，然后再输出最终答案。每道题目有至少两个选项（A、B）至多五个选项（A、B、C、D、E），题目为不定项选择题，请按照以下格式作答：

【思考过程】：...

【最终答案】：AB / BCE / CD / DE / E / ...（只输出选项的编号，不要写选项内容）

示例：
题目：医疗伦理中四大基本原则是？
A.尊重自主权
B.善意行为
C.无害原则
D.公正原则
E.以上都不是
【思考过程】：本题考查医学伦理的四大基本原则，包括尊重自主权、不伤害原则、行善原则、公正原则。

【最终答案】：ABCD

题目：以下哪一条件不属于负责医疗器械临床试验主要研究者的必备条件？
A.已完成医疗器械临床试验主要研究者备案
B.熟悉本规范和相关法律法规
C.具有试验医疗器械使用所要求的专业知识和经验并经过相关培训
D.在三级甲等医院任职至少5年
E.有能力协调临床试验人员及设备并处理不良事件
【思考过程】：
",D,客观题
人体试验,"你是一个严格按照要求答题的医学考试考生。请你先展示出完整的思考过程，然后再输出最终答案。每道题目有至少两个选项（A、B）至多五个选项（A、B、C、D、E），题目为不定项选择题，请按照以下格式作答：

【思考过程】：...

【最终答案】：AB / BCE / CD / DE / E / ...（只输出选项的编号，不要写选项内容）

示例：
题目：医疗伦理中四大基本原则是？
A.尊重自主权
B.善意行为
C.无害原则
D.公正原则
E.以上都不是
【思考过程】：本题考查医学伦理的四大基本原则，包括尊重自主权、不伤害原则、行善原则、公正原则。

【最终答案】：ABCD

题目：在人体试验中，以下哪些文件必须使用经伦理委员会同意的最新版本？
A.研究者修订的知情同意书草案
B.经伦理委员会同意的最新版知情同意书
C.受试者信息手册的旧版本
D.伦理审查通过的研究宣传资料
E.医院内部使用的试验流程文件
【思考过程】：
",BD,客观题
人体试验,"你是一个严格按照要求答题的医学考试考生。请你先展示出完整的思考过程，然后再输出最终答案。每道题目有至少两个选项（A、B）至多五个选项（A、B、C、D、E），题目为不定项选择题，请按照以下格式作答：

【思考过程】：...

【最终答案】：AB / BCE / CD / DE / E / ...（只输出选项的编号，不要写选项内容）

示例：
题目：医疗伦理中四大基本原则是？
A.尊重自主权
B.善意行为
C.无害原则
D.公正原则
E.以上都不是
【思考过程】：本题考查医学伦理的四大基本原则，包括尊重自主权、不伤害原则、行善原则、公正原则。

【最终答案】：ABCD

题目：在临床试验前，以下哪个步骤不属于研究者必须履行的义务？
A.向受试者详细解释试验医疗器械的功能和潜在风险
B.明确告知受试者可能的受益和可预见的风险
C.要求受试者在知情同意书上签署姓名及日期
D.研究者仅需在知情同意书上签署姓名无需注明日期
E.由研究者单独决定是否需向伦理委员会提交备案材料
【思考过程】：
",D,客观题
人体试验,"你是一个严格按照要求答题的医学考试考生。请你先展示出完整的思考过程，然后再输出最终答案。每道题目有至少两个选项（A、B）至多五个选项（A、B、C、D、E），题目为不定项选择题，请按照以下格式作答：

【思考过程】：...

【最终答案】：AB / BCE / CD / DE / E / ...（只输出选项的编号，不要写选项内容）

示例：
题目：医疗伦理中四大基本原则是？
A.尊重自主权
B.善意行为
C.无害原则
D.公正原则
E.以上都不是
【思考过程】：本题考查医学伦理的四大基本原则，包括尊重自主权、不伤害原则、行善原则、公正原则。

【最终答案】：ABCD

题目：进行人体试验时，以下哪些情形符合伦理法规要求？
A.受试者为15岁未成年人，在母亲在场的情况下口头同意参与试验
B.未成年人受试者在获得其监护人的书面知情同意后参与试验
C.成年智力障碍患者在本人签署同意书但未告知家属的情况下参与试验
D.缺乏阅读能力的受试者在一位公正见证人见证后完成知情同意流程
E.不识字的受试者由其亲属作为见证人在知情同意书上签字
【思考过程】：
",BD,客观题
人体试验,"你是一个严格按照要求答题的医学考试考生。请你先展示出完整的思考过程，然后再输出最终答案。每道题目有至少两个选项（A、B）至多五个选项（A、B、C、D、E），题目为不定项选择题，请按照以下格式作答：

【思考过程】：...

【最终答案】：AB / BCE / CD / DE / E / ...（只输出选项的编号，不要写选项内容）

示例：
题目：医疗伦理中四大基本原则是？
A.尊重自主权
B.善意行为
C.无害原则
D.公正原则
E.以上都不是
【思考过程】：本题考查医学伦理的四大基本原则，包括尊重自主权、不伤害原则、行善原则、公正原则。

【最终答案】：ABCD

题目：以下哪些行为可能违反人体试验伦理规定？
A.在知情同意过程中未完整说明试验潜在风险
B.承诺给予受试者补偿金额高于当地年人均收入
C.以减免治疗费用为条件吸引重症患者参与试验
D.在偏僻地区招募教育水平较低的受试者群体
【思考过程】：
",ABC,客观题
人体试验,"你是一个严格按照要求答题的医学考试考生。请你先展示出完整的思考过程，然后再输出最终答案。每道题目有至少两个选项（A、B）至多五个选项（A、B、C、D、E），题目为不定项选择题，请按照以下格式作答：

【思考过程】：...

【最终答案】：AB / BCE / CD / DE / E / ...（只输出选项的编号，不要写选项内容）

示例：
题目：医疗伦理中四大基本原则是？
A.尊重自主权
B.善意行为
C.无害原则
D.公正原则
E.以上都不是
【思考过程】：本题考查医学伦理的四大基本原则，包括尊重自主权、不伤害原则、行善原则、公正原则。

【最终答案】：ABCD

题目：当知情同意书更新并获得伦理委员会审查同意后，以下哪种做法符合相关法规要求？
A.仅要求已结束试验流程的受试者补签新版本
B.所有未结束试验流程的受试者需签署新版本
C.仅需向受试者说明变更内容无需重新签署
D.仅在受试者主动要求时才提供新版本知情同意书
【思考过程】：
",B,客观题
人体试验,"你是一个严格按照要求答题的医学考试考生。请你先展示出完整的思考过程，然后再输出最终答案。每道题目有至少两个选项（A、B）至多五个选项（A、B、C、D、E），题目为不定项选择题，请按照以下格式作答：

【思考过程】：...

【最终答案】：AB / BCE / CD / DE / E / ...（只输出选项的编号，不要写选项内容）

示例：
题目：医疗伦理中四大基本原则是？
A.尊重自主权
B.善意行为
C.无害原则
D.公正原则
E.以上都不是
【思考过程】：本题考查医学伦理的四大基本原则，包括尊重自主权、不伤害原则、行善原则、公正原则。

【最终答案】：ABCD

题目：在医疗器械临床试验中发生不良事件时，研究者应当采取以下哪些措施？
A.为受试者提供足够、及时的治疗和处理
B.仅记录受试者的不良反应而忽略器械缺陷
C.在受试者出现并发疾病时推迟告知直到试验结束
D.及时告知受试者其并发疾病需要治疗的情况
E.记录所有不良事件及发现的器械缺陷
【思考过程】：
",ADE,客观题
人体试验,"你是一个严格按照要求答题的医学考试考生。请你先展示出完整的思考过程，然后再输出最终答案。每道题目有至少两个选项（A、B）至多五个选项（A、B、C、D、E），题目为不定项选择题，请按照以下格式作答：

【思考过程】：...

【最终答案】：AB / BCE / CD / DE / E / ...（只输出选项的编号，不要写选项内容）

示例：
题目：医疗伦理中四大基本原则是？
A.尊重自主权
B.善意行为
C.无害原则
D.公正原则
E.以上都不是
【思考过程】：本题考查医学伦理的四大基本原则，包括尊重自主权、不伤害原则、行善原则、公正原则。

【最终答案】：ABCD

题目：在涉及医学研究的人体试验中，医生的首要责任应包括哪些方面？
A.优先保证科研数据的完整性
B.促进患者的健康与福祉
C.避免所有可能侵犯患者权利的操作
D.利用专业知识与良心履行责任
【思考过程】：
",BD,客观题
人体试验,"你是一个严格按照要求答题的医学考试考生。请你先展示出完整的思考过程，然后再输出最终答案。每道题目有至少两个选项（A、B）至多五个选项（A、B、C、D、E），题目为不定项选择题，请按照以下格式作答：

【思考过程】：...

【最终答案】：AB / BCE / CD / DE / E / ...（只输出选项的编号，不要写选项内容）

示例：
题目：医疗伦理中四大基本原则是？
A.尊重自主权
B.善意行为
C.无害原则
D.公正原则
E.以上都不是
【思考过程】：本题考查医学伦理的四大基本原则，包括尊重自主权、不伤害原则、行善原则、公正原则。

【最终答案】：ABCD

题目：医学研究者开展涉及人类参与者的试验时，必须确保以下哪些伦理要求？
A.确保参与者知情同意并随时可退出
B.对参与者健康风险进行充分评估并告知
C.在研究过程中提供必要的医疗保障
D.根据研究成果调整治疗方案以提高治愈率
E.优先收集数据以加速研究进程
【思考过程】：
",ABC,客观题
人体试验,"你是一个严格按照要求答题的医学考试考生。请你先展示出完整的思考过程，然后再输出最终答案。每道题目有至少两个选项（A、B）至多五个选项（A、B、C、D、E），题目为不定项选择题，请按照以下格式作答：

【思考过程】：...

【最终答案】：AB / BCE / CD / DE / E / ...（只输出选项的编号，不要写选项内容）

示例：
题目：医疗伦理中四大基本原则是？
A.尊重自主权
B.善意行为
C.无害原则
D.公正原则
E.以上都不是
【思考过程】：本题考查医学伦理的四大基本原则，包括尊重自主权、不伤害原则、行善原则、公正原则。

【最终答案】：ABCD

题目：以下表述是否正确：当涉及人类参与者的医学研究可能显著促进公众健康时，研究目的可以适当高于参与者的个人利益？
A.正确
B.错误
【思考过程】：
",B,客观题
人体试验,"你是一个严格按照要求答题的医学考试考生。请你先展示出完整的思考过程，然后再输出最终答案。每道题目有至少两个选项（A、B）至多五个选项（A、B、C、D、E），题目为不定项选择题，请按照以下格式作答：

【思考过程】：...

【最终答案】：AB / BCE / CD / DE / E / ...（只输出选项的编号，不要写选项内容）

示例：
题目：医疗伦理中四大基本原则是？
A.尊重自主权
B.善意行为
C.无害原则
D.公正原则
E.以上都不是
【思考过程】：本题考查医学伦理的四大基本原则，包括尊重自主权、不伤害原则、行善原则、公正原则。

【最终答案】：ABCD

题目：关于医学研究中研究参与者的保护责任，以下哪些说法符合伦理要求？
A.医生必须主动承担对研究参与者的全部保护责任
B.即使参与者签署知情同意书，责任仍由研究者承担
C.参与者所在机构的伦理委员会须承担主要责任
D.参与者已充分知晓风险时责任可由其个人承担部分
【思考过程】：
",AB,客观题
人体试验,"你是一个严格按照要求答题的医学考试考生。请你先展示出完整的思考过程，然后再输出最终答案。每道题目有至少两个选项（A、B）至多五个选项（A、B、C、D、E），题目为不定项选择题，请按照以下格式作答：

【思考过程】：...

【最终答案】：AB / BCE / CD / DE / E / ...（只输出选项的编号，不要写选项内容）

示例：
题目：医疗伦理中四大基本原则是？
A.尊重自主权
B.善意行为
C.无害原则
D.公正原则
E.以上都不是
【思考过程】：本题考查医学伦理的四大基本原则，包括尊重自主权、不伤害原则、行善原则、公正原则。

【最终答案】：ABCD

题目：医生在跨国人体试验中开展研究时，必须遵守哪些伦理、法律与监管规范？
A.所在国家/地区的规范以及国际规范
B.所在国、多国（如涉及）规范及适用的国际规范
C.研究发起者所属国的法律与国际规范
D.国际规范和获得资助国家的标准
【思考过程】：
",B,客观题
人体试验,"你是一个严格按照要求答题的医学考试考生。请你先展示出完整的思考过程，然后再输出最终答案。每道题目有至少两个选项（A、B）至多五个选项（A、B、C、D、E），题目为不定项选择题，请按照以下格式作答：

【思考过程】：...

【最终答案】：AB / BCE / CD / DE / E / ...（只输出选项的编号，不要写选项内容）

示例：
题目：医疗伦理中四大基本原则是？
A.尊重自主权
B.善意行为
C.无害原则
D.公正原则
E.以上都不是
【思考过程】：本题考查医学伦理的四大基本原则，包括尊重自主权、不伤害原则、行善原则、公正原则。

【最终答案】：ABCD

题目：以下哪一做法符合医学研究中应确保代表性不足群体参与机会的伦理要求？
A.在研究招募中主动排除少数民族群体
B.设置特定名额用于招募低收入社区成员
C.优先选择教育程度高的受试者
D.不公开招募信息以避免特定年龄组参与
【思考过程】：
",B,客观题
人体试验,"你是一个严格按照要求答题的医学考试考生。请你先展示出完整的思考过程，然后再输出最终答案。每道题目有至少两个选项（A、B）至多五个选项（A、B、C、D、E），题目为不定项选择题，请按照以下格式作答：

【思考过程】：...

【最终答案】：AB / BCE / CD / DE / E / ...（只输出选项的编号，不要写选项内容）

示例：
题目：医疗伦理中四大基本原则是？
A.尊重自主权
B.善意行为
C.无害原则
D.公正原则
E.以上都不是
【思考过程】：本题考查医学伦理的四大基本原则，包括尊重自主权、不伤害原则、行善原则、公正原则。

【最终答案】：ABCD

题目：作为结合医学研究与医疗照护的医生，在什么条件下可以让患者参与研究？
A.研究仅具备治疗价值即可
B.研究具有潜在的诊断价值
C.参与研究最多只能引起轻微不适
D.有充分理由相信研究不会对患者健康造成严重风险
E.有充分理由相信参与研究不会产生任何不利影响
【思考过程】：
",BE,客观题
人体试验,"你是一个严格按照要求答题的医学考试考生。请你先展示出完整的思考过程，然后再输出最终答案。每道题目有至少两个选项（A、B）至多五个选项（A、B、C、D、E），题目为不定项选择题，请按照以下格式作答：

【思考过程】：...

【最终答案】：AB / BCE / CD / DE / E / ...（只输出选项的编号，不要写选项内容）

示例：
题目：医疗伦理中四大基本原则是？
A.尊重自主权
B.善意行为
C.无害原则
D.公正原则
E.以上都不是
【思考过程】：本题考查医学伦理的四大基本原则，包括尊重自主权、不伤害原则、行善原则、公正原则。

【最终答案】：ABCD

题目：某药物临床试验中，研究者应当如何履行对受损参与者的义务？
A.提供最高标准的医疗服务
B.给予适当补偿并提供医疗救助
C.赔偿全部损失并支付后续治疗费用
D.仅进行必要的心理疏导
E.进行彻底的健康检查并安排休假
【思考过程】：
",B,客观题
人体试验,"你是一个严格按照要求答题的医学考试考生。请你先展示出完整的思考过程，然后再输出最终答案。每道题目有至少两个选项（A、B）至多五个选项（A、B、C、D、E），题目为不定项选择题，请按照以下格式作答：

【思考过程】：...

【最终答案】：AB / BCE / CD / DE / E / ...（只输出选项的编号，不要写选项内容）

示例：
题目：医疗伦理中四大基本原则是？
A.尊重自主权
B.善意行为
C.无害原则
D.公正原则
E.以上都不是
【思考过程】：本题考查医学伦理的四大基本原则，包括尊重自主权、不伤害原则、行善原则、公正原则。

【最终答案】：ABCD

题目：以下哪种情况下，涉及人类参与者的医学研究可以开展？
A.研究目的的重要性等于参与者的风险与负担
B.研究重要性尚未明确超过风险但已通过伦理审查
C.参与者自愿签署协议且研究者承诺提供高额补偿
D.研究目的的重要性显著超过参与者的风险与负担
【思考过程】：
",D,客观题
人体试验,"你是一个严格按照要求答题的医学考试考生。请你先展示出完整的思考过程，然后再输出最终答案。每道题目有至少两个选项（A、B）至多五个选项（A、B、C、D、E），题目为不定项选择题，请按照以下格式作答：

【思考过程】：...

【最终答案】：AB / BCE / CD / DE / E / ...（只输出选项的编号，不要写选项内容）

示例：
题目：医疗伦理中四大基本原则是？
A.尊重自主权
B.善意行为
C.无害原则
D.公正原则
E.以上都不是
【思考过程】：本题考查医学伦理的四大基本原则，包括尊重自主权、不伤害原则、行善原则、公正原则。

【最终答案】：ABCD

题目：在某些涉及人类参与者的医学研究中，以下哪些行为符合伦理规范？
A.在研究开展前详细提交风险与获益的初步评估报告
B.将高血压患者的监测周期从每周调整至每月以降低研究成本
C.采用冗余数据采集系统实现风险最小化
D.在发现入组患者肾功能异常后继续原有用药方案
E.要求第三方独立机构每季度审核风险记录文档
【思考过程】：
",ACE,客观题
人体试验,"你是一个严格按照要求答题的医学考试考生。请你先展示出完整的思考过程，然后再输出最终答案。每道题目有至少两个选项（A、B）至多五个选项（A、B、C、D、E），题目为不定项选择题，请按照以下格式作答：

【思考过程】：...

【最终答案】：AB / BCE / CD / DE / E / ...（只输出选项的编号，不要写选项内容）

示例：
题目：医疗伦理中四大基本原则是？
A.尊重自主权
B.善意行为
C.无害原则
D.公正原则
E.以上都不是
【思考过程】：本题考查医学伦理的四大基本原则，包括尊重自主权、不伤害原则、行善原则、公正原则。

【最终答案】：ABCD

题目：当发现涉及人体试验的风险和负担超过潜在获益时，研究者必须采取何种措施？
A.立即终止研究
B.继续研究但减少参与者数量
C.对是否继续、修正或停止研究进行评估
D.向伦理委员会报告但暂时维持现状
【思考过程】：
",C,客观题
人体试验,"你是一个严格按照要求答题的医学考试考生。请你先展示出完整的思考过程，然后再输出最终答案。每道题目有至少两个选项（A、B）至多五个选项（A、B、C、D、E），题目为不定项选择题，请按照以下格式作答：

【思考过程】：...

【最终答案】：AB / BCE / CD / DE / E / ...（只输出选项的编号，不要写选项内容）

示例：
题目：医疗伦理中四大基本原则是？
A.尊重自主权
B.善意行为
C.无害原则
D.公正原则
E.以上都不是
【思考过程】：本题考查医学伦理的四大基本原则，包括尊重自主权、不伤害原则、行善原则、公正原则。

【最终答案】：ABCD

题目：关于处于脆弱境地的群体参与医学研究，以下哪两项描述符合伦理要求？
A.为避免伤害风险，应直接排除其参与研究
B.权衡排除导致的平等问题与纳入后潜在的伤害风险
C.无论危害程度如何都强制要求纳入研究群体并给予支持
D.仅在研究效益明显超过风险时才考虑纳入
E.对纳入的群体提供充足资源确保安全参与
【思考过程】：
",BE,客观题
人体试验,"你是一个严格按照要求答题的医学考试考生。请你先展示出完整的思考过程，然后再输出最终答案。每道题目有至少两个选项（A、B）至多五个选项（A、B、C、D、E），题目为不定项选择题，请按照以下格式作答：

【思考过程】：...

【最终答案】：AB / BCE / CD / DE / E / ...（只输出选项的编号，不要写选项内容）

示例：
题目：医疗伦理中四大基本原则是？
A.尊重自主权
B.善意行为
C.无害原则
D.公正原则
E.以上都不是
【思考过程】：本题考查医学伦理的四大基本原则，包括尊重自主权、不伤害原则、行善原则、公正原则。

【最终答案】：ABCD

题目：以下哪项是开展仅纳特别境况群體的人體研究必须满足的条件？
A. 研究能直接满足该群體當下的健康需求
B. 研究结果對其他非弱视群體有廣泛利益
C. 研究无法在非特别境况群體中实施
D. 研究可避免该群體未来面臨更多不公
E. 该群體已書面表示完全自原参与
【思考过程】：
",ACD,客观题
人体试验,"你是一个严格按照要求答题的医学考试考生。请你先展示出完整的思考过程，然后再输出最终答案。每道题目有至少两个选项（A、B）至多五个选项（A、B、C、D、E），题目为不定项选择题，请按照以下格式作答：

【思考过程】：...

【最终答案】：AB / BCE / CD / DE / E / ...（只输出选项的编号，不要写选项内容）

示例：
题目：医疗伦理中四大基本原则是？
A.尊重自主权
B.善意行为
C.无害原则
D.公正原则
E.以上都不是
【思考过程】：本题考查医学伦理的四大基本原则，包括尊重自主权、不伤害原则、行善原则、公正原则。

【最终答案】：ABCD

题目：以下关于涉及人类参与者的医学研究要求的描述中，哪些是正确的？
A.必须以充分的实验室研究和适当的动物实验为基础
B.必须完全以人类志愿者取代动物实验
C.应当遵守保障研究动物福利的相关规定
D.仅需参考科学文献即可开展人体试验
【思考过程】：
",AC,客观题
人体试验,"你是一个严格按照要求答题的医学考试考生。请你先展示出完整的思考过程，然后再输出最终答案。每道题目有至少两个选项（A、B）至多五个选项（A、B、C、D、E），题目为不定项选择题，请按照以下格式作答：

【思考过程】：...

【最终答案】：AB / BCE / CD / DE / E / ...（只输出选项的编号，不要写选项内容）

示例：
题目：医疗伦理中四大基本原则是？
A.尊重自主权
B.善意行为
C.无害原则
D.公正原则
E.以上都不是
【思考过程】：本题考查医学伦理的四大基本原则，包括尊重自主权、不伤害原则、行善原则、公正原则。

【最终答案】：ABCD

题目：以下哪一选项不属于研究方案中必须包含的信息？
A.研究的目的和方法
B.数据采集设备的具体品牌
C.研究者的专业资质
D.任何潜在的利益冲突
E.参与者的国籍比例
【思考过程】：
",BE,客观题
人体试验,"你是一个严格按照要求答题的医学考试考生。请你先展示出完整的思考过程，然后再输出最终答案。每道题目有至少两个选项（A、B）至多五个选项（A、B、C、D、E），题目为不定项选择题，请按照以下格式作答：

【思考过程】：...

【最终答案】：AB / BCE / CD / DE / E / ...（只输出选项的编号，不要写选项内容）

示例：
题目：医疗伦理中四大基本原则是？
A.尊重自主权
B.善意行为
C.无害原则
D.公正原则
E.以上都不是
【思考过程】：本题考查医学伦理的四大基本原则，包括尊重自主权、不伤害原则、行善原则、公正原则。

【最终答案】：ABCD

题目：以下哪些行为违反了研究参与者的隐私保护要求？
A.研究结束后销毁敏感纸质档案
B.为降低成本而仅对电子数据采用基础加密
C.要求所有研究人员签署保密协议
D.未经参与者授权将匿名化数据用于其他研究项目
【思考过程】：
",BD,客观题
人体试验,"你是一个严格按照要求答题的医学考试考生。请你先展示出完整的思考过程，然后再输出最终答案。每道题目有至少两个选项（A、B）至多五个选项（A、B、C、D、E），题目为不定项选择题，请按照以下格式作答：

【思考过程】：...

【最终答案】：AB / BCE / CD / DE / E / ...（只输出选项的编号，不要写选项内容）

示例：
题目：医疗伦理中四大基本原则是？
A.尊重自主权
B.善意行为
C.无害原则
D.公正原则
E.以上都不是
【思考过程】：本题考查医学伦理的四大基本原则，包括尊重自主权、不伤害原则、行善原则、公正原则。

【最终答案】：ABCD

题目：在涉及存在依赖关系的潜在参与者的人体试验中，关于知情同意的获取方式，以下哪项符合法规要求？
A.由该参与者的主治医生直接获取同意
B.由独立于医疗团队的伦理委员会成员获取同意
C.由研究团队中的护士长代为获取同意
D.在不存在利益冲突的情况下由研究者本人获取同意
E.由医院行政人员通过电话确认同意
【思考过程】：
",B,客观题
人体试验,"你是一个严格按照要求答题的医学考试考生。请你先展示出完整的思考过程，然后再输出最终答案。每道题目有至少两个选项（A、B）至多五个选项（A、B、C、D、E），题目为不定项选择题，请按照以下格式作答：

【思考过程】：...

【最终答案】：AB / BCE / CD / DE / E / ...（只输出选项的编号，不要写选项内容）

示例：
题目：医疗伦理中四大基本原则是？
A.尊重自主权
B.善意行为
C.无害原则
D.公正原则
E.以上都不是
【思考过程】：本题考查医学伦理的四大基本原则，包括尊重自主权、不伤害原则、行善原则、公正原则。

【最终答案】：ABCD

题目：在涉及无法自主知情的参与者的人体试验中，以下哪种情况允许将其纳入研究？
A.未获得法定代理人同意但已提前获得伦理委员会批准
B.研究可能改善参与者的自身健康问题
C.研究方案涉及不可逆的生理改变但对科学发展有重大价值
D.研究仅需采集少量指尖血且无持续跟踪检测
E.同时符合个人获益和具备显著社会价值
【思考过程】：
",BD,客观题
人体试验,"你是一个严格按照要求答题的医学考试考生。请你先展示出完整的思考过程，然后再输出最终答案。每道题目有至少两个选项（A、B）至多五个选项（A、B、C、D、E），题目为不定项选择题，请按照以下格式作答：

【思考过程】：...

【最终答案】：AB / BCE / CD / DE / E / ...（只输出选项的编号，不要写选项内容）

示例：
题目：医疗伦理中四大基本原则是？
A.尊重自主权
B.善意行为
C.无害原则
D.公正原则
E.以上都不是
【思考过程】：本题考查医学伦理的四大基本原则，包括尊重自主权、不伤害原则、行善原则、公正原则。

【最终答案】：ABCD

题目：在一个涉及无法做出自由和充分知情同意的潜在参与者的人体试验中，以下哪项处理措施是符合要求的？
A.仅需获得法定代理人的书面同意即可开展试验
B.必须同时在法定代理人和潜在参与者本人都同意的情况下实施
C.若潜在参与者口头反对但法定代理人同意，应以其法定代理人意见优先
D.医生需征求潜在参与者同意但无需记录其价值观偏好
E.必须征求潜在参与者同意并评估其价值观倾向
【思考过程】：
",BE,客观题
人体试验,"你是一个严格按照要求答题的医学考试考生。请你先展示出完整的思考过程，然后再输出最终答案。每道题目有至少两个选项（A、B）至多五个选项（A、B、C、D、E），题目为不定项选择题，请按照以下格式作答：

【思考过程】：...

【最终答案】：AB / BCE / CD / DE / E / ...（只输出选项的编号，不要写选项内容）

示例：
题目：医疗伦理中四大基本原则是？
A.尊重自主权
B.善意行为
C.无害原则
D.公正原则
E.以上都不是
【思考过程】：本题考查医学伦理的四大基本原则，包括尊重自主权、不伤害原则、行善原则、公正原则。

【最终答案】：ABCD

题目：在涉及无法做出知情同意的参与者的人体试验中，以下哪种情况允许研究在未获同意的情况下进行？
A.研究者认为参与者恢复后可能同意，因此提前开展
B.研究方案未说明纳入此类参与者的理由但伦理委员会已批准
C.妨碍知情同意的状况是研究目标人群的必要特征且伦理委员会批准
D.法定代理人电话口头同意但未签署书面文件
【思考过程】：
",C,客观题
人体试验,"你是一个严格按照要求答题的医学考试考生。请你先展示出完整的思考过程，然后再输出最终答案。每道题目有至少两个选项（A、B）至多五个选项（A、B、C、D、E），题目为不定项选择题，请按照以下格式作答：

【思考过程】：...

【最终答案】：AB / BCE / CD / DE / E / ...（只输出选项的编号，不要写选项内容）

示例：
题目：医疗伦理中四大基本原则是？
A.尊重自主权
B.善意行为
C.无害原则
D.公正原则
E.以上都不是
【思考过程】：本题考查医学伦理的四大基本原则，包括尊重自主权、不伤害原则、行善原则、公正原则。

【最终答案】：ABCD

题目：以下哪些行为符合人体试验伦理规范？
A.未主动告知患者哪些医疗操作属于研究范畴，B.在未获得研究伦理委员会批准前对存储的生物材料进行二次研究，C.因患者拒绝参与研究而缩短其标准治疗流程，D.退出研究的患者仍享有与原治疗计划一致的医疗服务，E.仅凭医院主管同意即使用既往数据开展新研究
【思考过程】：
",D,客观题
人体试验,"你是一个严格按照要求答题的医学考试考生。请你先展示出完整的思考过程，然后再输出最终答案。每道题目有至少两个选项（A、B）至多五个选项（A、B、C、D、E），题目为不定项选择题，请按照以下格式作答：

【思考过程】：...

【最终答案】：AB / BCE / CD / DE / E / ...（只输出选项的编号，不要写选项内容）

示例：
题目：医疗伦理中四大基本原则是？
A.尊重自主权
B.善意行为
C.无害原则
D.公正原则
E.以上都不是
【思考过程】：本题考查医学伦理的四大基本原则，包括尊重自主权、不伤害原则、行善原则、公正原则。

【最终答案】：ABCD

题目：在评估新干预措施的人体试验中，以下哪些情况允许采用安慰剂或不进行干预作为对照组？
A.当不存在已被证明的最佳干预措施，且安慰剂组的参与者可能面临轻微可逆的头痛
B.存在已证明的最佳干预措施，但研究者认为对照试验会延长研究周期
C.基于高精度统计模型的方法学需求，需要空白对照且参与者不会遭受不可逆的听力损伤
D.为验证新型抗生素的绝对有效性，对照组的糖尿病患儿未接受任何抗菌治疗
【思考过程】：
",AC,客观题
